---------------------------------------
Begin Slurm Prolog: Jun-02-2026 17:38:30
Job ID:    9381306
User ID:   hjiang420
Account:   gts-aivanova7-lab
Job name:  job2.sh
Partition: gpu-a100
QOS:       inferno
---------------------------------------
Warning: You are sending unauthenticated requests to the HF Hub. Please set a HF_TOKEN to enable higher rate limits and faster downloads.
Loading EleutherAI/pythia-160m ...
Params: 171,773,954 total, 171,773,954 trainable
Layer split: Pre=2, Loop=8, Coda=2
mu_rec=8, mu_bwd=4 (= ceil(8/2))
Effective batch: 32768 tokens = 16 seqs x 2048 tok
Grad accum: 4 | World size: 1
Max steps: 15,258 | Warmup: 152 | Cooldown: 1525
Curriculum: mu_rec ramps 1->8 over 3800 steps
`trust_remote_code` is not supported anymore.
Please check that the Hugging Face dataset 'EleutherAI/the_pile_deduplicated' isn't based on a loading script and remove `trust_remote_code`.
If the dataset is based on a loading script, please ask the dataset author to remove it and convert it to a standard format like Parquet.
`trust_remote_code` is not supported anymore.
Please check that the Hugging Face dataset 'EleutherAI/the_pile_deduplicated' isn't based on a loading script and remove `trust_remote_code`.
If the dataset is based on a loading script, please ask the dataset author to remove it and convert it to a standard format like Parquet.
wandb: [wandb.login()] Loaded credentials for https://api.wandb.ai from /storage/home/hcoda1/3/hjiang420/.netrc.
wandb: Currently logged in as: henryyjiang42 (henryyjiang42-georgia-institute-of-technology) to https://api.wandb.ai. Use `wandb login --relogin` to force relogin
wandb: setting up run iwhvemli
wandb: Tracking run with wandb version 0.27.0
wandb: Run data is saved locally in runs/cortex-verify-k4/wandb/run-20260602_173850-iwhvemli
wandb: Run `wandb offline` to turn off syncing.
wandb: Syncing run cortex-verify-k4
wandb: ⭐️ View project at https://wandb.ai/henryyjiang42-georgia-institute-of-technology/cortex-gpt
wandb: 🚀 View run at https://wandb.ai/henryyjiang42-georgia-institute-of-technology/cortex-gpt/runs/iwhvemli
step=    10 | loss=10.9523 | lr=1.78e-05 | wd=0.0999 | mom=0.8530 | T=1.5 k=1.0 (mu_rec=1 mu_bwd=1) | grad=3.359 | tok/s=10,134 | tokens=0.00B
step=    20 | loss=10.8641 | lr=3.75e-05 | wd=0.0999 | mom=0.8563 | T=1.5 k=1.0 (mu_rec=1 mu_bwd=1) | grad=3.109 | tok/s=59,535 | tokens=0.00B
step=    30 | loss=10.6623 | lr=5.72e-05 | wd=0.0998 | mom=0.8597 | T=2.0 k=1.0 (mu_rec=1 mu_bwd=1) | grad=2.859 | tok/s=59,542 | tokens=0.00B
step=    40 | loss=10.3571 | lr=7.70e-05 | wd=0.0997 | mom=0.8630 | T=1.2 k=1.0 (mu_rec=1 mu_bwd=1) | grad=2.828 | tok/s=61,816 | tokens=0.00B
step=    50 | loss=9.8782 | lr=9.67e-05 | wd=0.0997 | mom=0.8663 | T=1.8 k=1.0 (mu_rec=1 mu_bwd=1) | grad=2.641 | tok/s=59,400 | tokens=0.00B
step=    60 | loss=9.2466 | lr=1.16e-04 | wd=0.0996 | mom=0.8697 | T=1.2 k=1.0 (mu_rec=1 mu_bwd=1) | grad=2.797 | tok/s=59,325 | tokens=0.00B
step=    70 | loss=8.4295 | lr=1.36e-04 | wd=0.0995 | mom=0.8730 | T=1.0 k=1.0 (mu_rec=1 mu_bwd=1) | grad=2.422 | tok/s=58,691 | tokens=0.00B
step=    80 | loss=7.9058 | lr=1.56e-04 | wd=0.0995 | mom=0.8763 | T=1.0 k=1.0 (mu_rec=1 mu_bwd=1) | grad=1.719 | tok/s=55,672 | tokens=0.00B
step=    90 | loss=7.6281 | lr=1.76e-04 | wd=0.0994 | mom=0.8797 | T=1.5 k=1.0 (mu_rec=1 mu_bwd=1) | grad=1.109 | tok/s=58,435 | tokens=0.00B
step=   100 | loss=7.8016 | lr=1.95e-04 | wd=0.0994 | mom=0.8830 | T=1.2 k=1.0 (mu_rec=1 mu_bwd=1) | grad=1.336 | tok/s=57,251 | tokens=0.00B
step=   110 | loss=7.6760 | lr=2.15e-04 | wd=0.0993 | mom=0.8863 | T=1.2 k=1.0 (mu_rec=1 mu_bwd=1) | grad=1.242 | tok/s=57,767 | tokens=0.00B
step=   120 | loss=7.8024 | lr=2.35e-04 | wd=0.0992 | mom=0.8897 | T=1.8 k=1.0 (mu_rec=1 mu_bwd=1) | grad=2.219 | tok/s=57,686 | tokens=0.00B
step=   130 | loss=7.7376 | lr=2.55e-04 | wd=0.0992 | mom=0.8930 | T=2.0 k=1.0 (mu_rec=1 mu_bwd=1) | grad=1.289 | tok/s=58,059 | tokens=0.00B
step=   140 | loss=7.8335 | lr=2.74e-04 | wd=0.0991 | mom=0.8963 | T=1.5 k=1.0 (mu_rec=1 mu_bwd=1) | grad=6.094 | tok/s=59,857 | tokens=0.00B
step=   150 | loss=8.0297 | lr=2.94e-04 | wd=0.0990 | mom=0.8997 | T=2.0 k=1.0 (mu_rec=1 mu_bwd=1) | grad=1.695 | tok/s=55,963 | tokens=0.00B
step=   160 | loss=7.3720 | lr=3.00e-04 | wd=0.0990 | mom=0.9030 | T=1.5 k=1.0 (mu_rec=1 mu_bwd=1) | grad=0.898 | tok/s=59,517 | tokens=0.01B
step=   170 | loss=7.1879 | lr=3.00e-04 | wd=0.0989 | mom=0.9063 | T=1.5 k=1.0 (mu_rec=1 mu_bwd=1) | grad=2.797 | tok/s=58,106 | tokens=0.01B
step=   180 | loss=7.0737 | lr=3.00e-04 | wd=0.0988 | mom=0.9097 | T=1.2 k=1.0 (mu_rec=1 mu_bwd=1) | grad=0.844 | tok/s=56,539 | tokens=0.01B
step=   190 | loss=6.9713 | lr=3.00e-04 | wd=0.0988 | mom=0.9130 | T=1.0 k=1.0 (mu_rec=1 mu_bwd=1) | grad=1.211 | tok/s=59,680 | tokens=0.01B
step=   200 | loss=6.8245 | lr=3.00e-04 | wd=0.0987 | mom=0.9163 | T=1.2 k=1.0 (mu_rec=1 mu_bwd=1) | grad=1.031 | tok/s=60,417 | tokens=0.01B
step=   210 | loss=6.7922 | lr=3.00e-04 | wd=0.0986 | mom=0.9197 | T=1.0 k=1.0 (mu_rec=1 mu_bwd=1) | grad=2.344 | tok/s=60,397 | tokens=0.01B
step=   220 | loss=6.7234 | lr=3.00e-04 | wd=0.0986 | mom=0.9230 | T=1.8 k=1.0 (mu_rec=1 mu_bwd=1) | grad=0.801 | tok/s=60,322 | tokens=0.01B
step=   230 | loss=6.7776 | lr=3.00e-04 | wd=0.0985 | mom=0.9263 | T=1.8 k=1.0 (mu_rec=1 mu_bwd=1) | grad=1.594 | tok/s=58,289 | tokens=0.01B
step=   240 | loss=6.7515 | lr=3.00e-04 | wd=0.0984 | mom=0.9297 | T=2.0 k=1.0 (mu_rec=1 mu_bwd=1) | grad=0.777 | tok/s=60,740 | tokens=0.01B
step=   250 | loss=6.6555 | lr=3.00e-04 | wd=0.0984 | mom=0.9330 | T=1.5 k=1.0 (mu_rec=1 mu_bwd=1) | grad=1.906 | tok/s=56,274 | tokens=0.01B
step=   260 | loss=6.4652 | lr=3.00e-04 | wd=0.0983 | mom=0.9363 | T=1.8 k=1.0 (mu_rec=1 mu_bwd=1) | grad=1.094 | tok/s=57,977 | tokens=0.01B
step=   270 | loss=6.6556 | lr=3.00e-04 | wd=0.0982 | mom=0.9397 | T=1.8 k=1.0 (mu_rec=1 mu_bwd=1) | grad=1.375 | tok/s=57,774 | tokens=0.01B
step=   280 | loss=6.6579 | lr=3.00e-04 | wd=0.0982 | mom=0.9430 | T=1.2 k=1.0 (mu_rec=2 mu_bwd=1) | grad=0.984 | tok/s=53,340 | tokens=0.01B
step=   290 | loss=6.6913 | lr=3.00e-04 | wd=0.0981 | mom=0.9463 | T=2.2 k=1.0 (mu_rec=2 mu_bwd=1) | grad=1.836 | tok/s=51,843 | tokens=0.01B
step=   300 | loss=6.6136 | lr=3.00e-04 | wd=0.0980 | mom=0.9497 | T=1.2 k=1.0 (mu_rec=2 mu_bwd=1) | grad=1.844 | tok/s=53,822 | tokens=0.01B
step=   310 | loss=6.4565 | lr=3.00e-04 | wd=0.0980 | mom=0.9500 | T=1.5 k=1.0 (mu_rec=2 mu_bwd=1) | grad=1.109 | tok/s=49,854 | tokens=0.01B
step=   320 | loss=5.9266 | lr=3.00e-04 | wd=0.0979 | mom=0.9500 | T=1.5 k=1.0 (mu_rec=2 mu_bwd=1) | grad=1.117 | tok/s=55,703 | tokens=0.01B
step=   330 | loss=6.4366 | lr=3.00e-04 | wd=0.0978 | mom=0.9500 | T=2.5 k=1.0 (mu_rec=2 mu_bwd=1) | grad=1.461 | tok/s=54,555 | tokens=0.01B
step=   340 | loss=6.4106 | lr=3.00e-04 | wd=0.0978 | mom=0.9500 | T=1.2 k=1.0 (mu_rec=2 mu_bwd=1) | grad=0.879 | tok/s=49,935 | tokens=0.01B
step=   350 | loss=6.4793 | lr=3.00e-04 | wd=0.0977 | mom=0.9500 | T=1.2 k=1.0 (mu_rec=2 mu_bwd=1) | grad=2.344 | tok/s=54,570 | tokens=0.01B
step=   360 | loss=6.5392 | lr=3.00e-04 | wd=0.0976 | mom=0.9500 | T=1.5 k=1.0 (mu_rec=2 mu_bwd=1) | grad=0.875 | tok/s=51,331 | tokens=0.01B
step=   370 | loss=6.6583 | lr=3.00e-04 | wd=0.0976 | mom=0.9500 | T=2.2 k=1.0 (mu_rec=2 mu_bwd=1) | grad=1.078 | tok/s=50,969 | tokens=0.01B
step=   380 | loss=6.5940 | lr=3.00e-04 | wd=0.0975 | mom=0.9500 | T=1.2 k=1.0 (mu_rec=2 mu_bwd=1) | grad=1.375 | tok/s=51,524 | tokens=0.01B
step=   390 | loss=6.8448 | lr=3.00e-04 | wd=0.0975 | mom=0.9500 | T=3.5 k=1.0 (mu_rec=2 mu_bwd=1) | grad=1.500 | tok/s=50,093 | tokens=0.01B
step=   400 | loss=6.3934 | lr=3.00e-04 | wd=0.0974 | mom=0.9500 | T=1.2 k=1.0 (mu_rec=2 mu_bwd=1) | grad=1.219 | tok/s=53,374 | tokens=0.01B
step=   410 | loss=6.5246 | lr=3.00e-04 | wd=0.0973 | mom=0.9500 | T=1.8 k=1.0 (mu_rec=2 mu_bwd=1) | grad=1.227 | tok/s=50,790 | tokens=0.01B
step=   420 | loss=6.3709 | lr=3.00e-04 | wd=0.0973 | mom=0.9500 | T=1.5 k=1.0 (mu_rec=2 mu_bwd=1) | grad=2.219 | tok/s=53,341 | tokens=0.01B
step=   430 | loss=6.3705 | lr=3.00e-04 | wd=0.0972 | mom=0.9500 | T=2.2 k=1.0 (mu_rec=2 mu_bwd=1) | grad=2.266 | tok/s=53,918 | tokens=0.01B
step=   440 | loss=6.3330 | lr=3.00e-04 | wd=0.0971 | mom=0.9500 | T=1.2 k=1.0 (mu_rec=2 mu_bwd=1) | grad=1.305 | tok/s=51,118 | tokens=0.01B
step=   450 | loss=6.3325 | lr=3.00e-04 | wd=0.0971 | mom=0.9500 | T=1.2 k=1.0 (mu_rec=2 mu_bwd=1) | grad=1.055 | tok/s=51,362 | tokens=0.01B
step=   460 | loss=6.3617 | lr=3.00e-04 | wd=0.0970 | mom=0.9500 | T=2.2 k=1.0 (mu_rec=2 mu_bwd=1) | grad=0.703 | tok/s=53,671 | tokens=0.02B
step=   470 | loss=6.4672 | lr=3.00e-04 | wd=0.0969 | mom=0.9500 | T=1.5 k=1.0 (mu_rec=2 mu_bwd=1) | grad=2.656 | tok/s=48,432 | tokens=0.02B
step=   480 | loss=6.2007 | lr=3.00e-04 | wd=0.0969 | mom=0.9500 | T=3.0 k=1.0 (mu_rec=2 mu_bwd=1) | grad=0.871 | tok/s=51,055 | tokens=0.02B
step=   490 | loss=6.3930 | lr=3.00e-04 | wd=0.0968 | mom=0.9500 | T=3.8 k=1.0 (mu_rec=2 mu_bwd=1) | grad=0.871 | tok/s=52,256 | tokens=0.02B
step=   500 | loss=6.2538 | lr=3.00e-04 | wd=0.0967 | mom=0.9500 | T=2.2 k=1.0 (mu_rec=2 mu_bwd=1) | grad=1.227 | tok/s=51,827 | tokens=0.02B
step=   510 | loss=6.0444 | lr=3.00e-04 | wd=0.0967 | mom=0.9500 | T=1.5 k=1.0 (mu_rec=2 mu_bwd=1) | grad=0.930 | tok/s=52,859 | tokens=0.02B
step=   520 | loss=6.6367 | lr=3.00e-04 | wd=0.0966 | mom=0.9500 | T=1.5 k=1.0 (mu_rec=2 mu_bwd=1) | grad=1.109 | tok/s=51,150 | tokens=0.02B
step=   530 | loss=6.6742 | lr=3.00e-04 | wd=0.0965 | mom=0.9500 | T=1.5 k=1.0 (mu_rec=2 mu_bwd=1) | grad=0.930 | tok/s=56,101 | tokens=0.02B
step=   540 | loss=6.1202 | lr=3.00e-04 | wd=0.0965 | mom=0.9500 | T=2.2 k=1.0 (mu_rec=2 mu_bwd=1) | grad=0.934 | tok/s=52,171 | tokens=0.02B
step=   550 | loss=5.9561 | lr=3.00e-04 | wd=0.0964 | mom=0.9500 | T=2.0 k=1.0 (mu_rec=2 mu_bwd=1) | grad=0.883 | tok/s=51,595 | tokens=0.02B
step=   560 | loss=5.9930 | lr=3.00e-04 | wd=0.0963 | mom=0.9500 | T=3.0 k=1.0 (mu_rec=2 mu_bwd=1) | grad=1.352 | tok/s=50,828 | tokens=0.02B
step=   570 | loss=6.2153 | lr=3.00e-04 | wd=0.0963 | mom=0.9500 | T=1.8 k=1.0 (mu_rec=2 mu_bwd=1) | grad=1.102 | tok/s=52,712 | tokens=0.02B
step=   580 | loss=6.3169 | lr=3.00e-04 | wd=0.0962 | mom=0.9500 | T=2.8 k=1.0 (mu_rec=2 mu_bwd=1) | grad=1.094 | tok/s=51,519 | tokens=0.02B
step=   590 | loss=6.4979 | lr=3.00e-04 | wd=0.0961 | mom=0.9500 | T=1.5 k=1.0 (mu_rec=2 mu_bwd=1) | grad=1.336 | tok/s=49,955 | tokens=0.02B
step=   600 | loss=6.2132 | lr=3.00e-04 | wd=0.0961 | mom=0.9500 | T=3.0 k=1.0 (mu_rec=2 mu_bwd=1) | grad=1.469 | tok/s=49,798 | tokens=0.02B
step=   610 | loss=6.3895 | lr=3.00e-04 | wd=0.0960 | mom=0.9500 | T=2.5 k=1.0 (mu_rec=2 mu_bwd=1) | grad=1.500 | tok/s=51,876 | tokens=0.02B
step=   620 | loss=6.0824 | lr=3.00e-04 | wd=0.0959 | mom=0.9500 | T=2.0 k=1.0 (mu_rec=2 mu_bwd=1) | grad=1.453 | tok/s=50,553 | tokens=0.02B
step=   630 | loss=6.1603 | lr=3.00e-04 | wd=0.0959 | mom=0.9500 | T=2.2 k=1.0 (mu_rec=2 mu_bwd=1) | grad=1.250 | tok/s=53,275 | tokens=0.02B
step=   640 | loss=6.2106 | lr=3.00e-04 | wd=0.0958 | mom=0.9500 | T=2.0 k=1.0 (mu_rec=2 mu_bwd=1) | grad=4.062 | tok/s=51,968 | tokens=0.02B
step=   650 | loss=6.1281 | lr=3.00e-04 | wd=0.0957 | mom=0.9500 | T=5.5 k=1.0 (mu_rec=2 mu_bwd=1) | grad=1.367 | tok/s=52,581 | tokens=0.02B
step=   660 | loss=6.2403 | lr=3.00e-04 | wd=0.0957 | mom=0.9500 | T=1.2 k=1.0 (mu_rec=2 mu_bwd=1) | grad=1.234 | tok/s=52,407 | tokens=0.02B
step=   670 | loss=6.0862 | lr=3.00e-04 | wd=0.0956 | mom=0.9500 | T=1.5 k=1.0 (mu_rec=2 mu_bwd=1) | grad=1.273 | tok/s=54,462 | tokens=0.02B
step=   680 | loss=6.3142 | lr=3.00e-04 | wd=0.0955 | mom=0.9500 | T=3.0 k=1.0 (mu_rec=2 mu_bwd=1) | grad=1.406 | tok/s=52,084 | tokens=0.02B
step=   690 | loss=6.2709 | lr=3.00e-04 | wd=0.0955 | mom=0.9500 | T=1.2 k=1.0 (mu_rec=2 mu_bwd=1) | grad=1.273 | tok/s=56,377 | tokens=0.02B
step=   700 | loss=6.0361 | lr=3.00e-04 | wd=0.0954 | mom=0.9500 | T=2.5 k=1.0 (mu_rec=2 mu_bwd=1) | grad=0.863 | tok/s=54,228 | tokens=0.02B
step=   710 | loss=6.1870 | lr=3.00e-04 | wd=0.0954 | mom=0.9500 | T=4.0 k=1.0 (mu_rec=2 mu_bwd=1) | grad=1.508 | tok/s=50,807 | tokens=0.02B
step=   720 | loss=6.0874 | lr=3.00e-04 | wd=0.0953 | mom=0.9500 | T=1.8 k=1.0 (mu_rec=2 mu_bwd=1) | grad=1.211 | tok/s=53,272 | tokens=0.02B
step=   730 | loss=6.1221 | lr=3.00e-04 | wd=0.0952 | mom=0.9500 | T=3.0 k=1.0 (mu_rec=2 mu_bwd=1) | grad=0.703 | tok/s=47,889 | tokens=0.02B
step=   740 | loss=6.0573 | lr=3.00e-04 | wd=0.0952 | mom=0.9500 | T=1.5 k=1.0 (mu_rec=2 mu_bwd=1) | grad=1.039 | tok/s=52,116 | tokens=0.02B
step=   750 | loss=6.0588 | lr=3.00e-04 | wd=0.0951 | mom=0.9500 | T=1.0 k=1.0 (mu_rec=2 mu_bwd=1) | grad=1.383 | tok/s=52,112 | tokens=0.02B
step=   760 | loss=6.0170 | lr=3.00e-04 | wd=0.0950 | mom=0.9500 | T=3.5 k=1.0 (mu_rec=2 mu_bwd=1) | grad=0.688 | tok/s=50,897 | tokens=0.02B
step=   770 | loss=6.1071 | lr=3.00e-04 | wd=0.0950 | mom=0.9500 | T=4.5 k=1.0 (mu_rec=2 mu_bwd=1) | grad=0.754 | tok/s=48,756 | tokens=0.03B
step=   780 | loss=6.1471 | lr=3.00e-04 | wd=0.0949 | mom=0.9500 | T=2.5 k=1.0 (mu_rec=2 mu_bwd=1) | grad=2.391 | tok/s=52,995 | tokens=0.03B
step=   790 | loss=5.8811 | lr=3.00e-04 | wd=0.0948 | mom=0.9500 | T=1.8 k=1.0 (mu_rec=2 mu_bwd=1) | grad=1.016 | tok/s=50,677 | tokens=0.03B
step=   800 | loss=6.3079 | lr=3.00e-04 | wd=0.0948 | mom=0.9500 | T=2.8 k=1.0 (mu_rec=2 mu_bwd=1) | grad=1.414 | tok/s=51,216 | tokens=0.03B
step=   810 | loss=6.0697 | lr=3.00e-04 | wd=0.0947 | mom=0.9500 | T=1.0 k=1.0 (mu_rec=2 mu_bwd=1) | grad=2.047 | tok/s=57,405 | tokens=0.03B
step=   820 | loss=6.1784 | lr=3.00e-04 | wd=0.0946 | mom=0.9500 | T=3.0 k=1.8 (mu_rec=3 mu_bwd=2) | grad=1.156 | tok/s=10,616 | tokens=0.03B
step=   830 | loss=6.0137 | lr=3.00e-04 | wd=0.0946 | mom=0.9500 | T=3.0 k=1.2 (mu_rec=3 mu_bwd=2) | grad=1.344 | tok/s=37,791 | tokens=0.03B
step=   840 | loss=6.1433 | lr=3.00e-04 | wd=0.0945 | mom=0.9500 | T=1.5 k=1.5 (mu_rec=3 mu_bwd=2) | grad=2.219 | tok/s=41,217 | tokens=0.03B
step=   850 | loss=5.9822 | lr=3.00e-04 | wd=0.0944 | mom=0.9500 | T=4.2 k=2.0 (mu_rec=3 mu_bwd=2) | grad=1.000 | tok/s=38,442 | tokens=0.03B
step=   860 | loss=5.9719 | lr=3.00e-04 | wd=0.0944 | mom=0.9500 | T=2.5 k=1.5 (mu_rec=3 mu_bwd=2) | grad=1.047 | tok/s=40,561 | tokens=0.03B
step=   870 | loss=6.0221 | lr=3.00e-04 | wd=0.0943 | mom=0.9500 | T=3.2 k=1.8 (mu_rec=3 mu_bwd=2) | grad=1.273 | tok/s=37,003 | tokens=0.03B
step=   880 | loss=6.1675 | lr=3.00e-04 | wd=0.0942 | mom=0.9500 | T=2.5 k=1.5 (mu_rec=3 mu_bwd=2) | grad=1.031 | tok/s=36,825 | tokens=0.03B
step=   890 | loss=6.0157 | lr=3.00e-04 | wd=0.0942 | mom=0.9500 | T=3.2 k=1.5 (mu_rec=3 mu_bwd=2) | grad=0.910 | tok/s=38,256 | tokens=0.03B
step=   900 | loss=5.9618 | lr=3.00e-04 | wd=0.0941 | mom=0.9500 | T=3.2 k=2.0 (mu_rec=3 mu_bwd=2) | grad=1.070 | tok/s=37,197 | tokens=0.03B
step=   910 | loss=5.8854 | lr=3.00e-04 | wd=0.0940 | mom=0.9500 | T=3.2 k=2.0 (mu_rec=3 mu_bwd=2) | grad=0.973 | tok/s=10,549 | tokens=0.03B
step=   920 | loss=5.9462 | lr=3.00e-04 | wd=0.0940 | mom=0.9500 | T=4.5 k=2.0 (mu_rec=3 mu_bwd=2) | grad=1.227 | tok/s=39,970 | tokens=0.03B
step=   930 | loss=6.0589 | lr=3.00e-04 | wd=0.0939 | mom=0.9500 | T=2.8 k=1.5 (mu_rec=3 mu_bwd=2) | grad=1.500 | tok/s=39,650 | tokens=0.03B
step=   940 | loss=6.1077 | lr=3.00e-04 | wd=0.0938 | mom=0.9500 | T=2.5 k=2.0 (mu_rec=3 mu_bwd=2) | grad=0.895 | tok/s=37,623 | tokens=0.03B
step=   950 | loss=6.0408 | lr=3.00e-04 | wd=0.0938 | mom=0.9500 | T=1.8 k=1.5 (mu_rec=3 mu_bwd=2) | grad=1.680 | tok/s=38,625 | tokens=0.03B
step=   960 | loss=5.9775 | lr=3.00e-04 | wd=0.0937 | mom=0.9500 | T=3.8 k=1.8 (mu_rec=3 mu_bwd=2) | grad=0.824 | tok/s=37,017 | tokens=0.03B
step=   970 | loss=6.0564 | lr=3.00e-04 | wd=0.0936 | mom=0.9500 | T=1.5 k=1.2 (mu_rec=3 mu_bwd=2) | grad=1.703 | tok/s=40,068 | tokens=0.03B
step=   980 | loss=5.9153 | lr=3.00e-04 | wd=0.0936 | mom=0.9500 | T=1.8 k=1.8 (mu_rec=3 mu_bwd=2) | grad=3.672 | tok/s=39,758 | tokens=0.03B
step=   990 | loss=6.0551 | lr=3.00e-04 | wd=0.0935 | mom=0.9500 | T=2.2 k=1.8 (mu_rec=3 mu_bwd=2) | grad=1.773 | tok/s=38,140 | tokens=0.03B
step=  1000 | loss=5.9673 | lr=3.00e-04 | wd=0.0935 | mom=0.9500 | T=3.8 k=2.0 (mu_rec=3 mu_bwd=2) | grad=1.102 | tok/s=35,334 | tokens=0.03B
step=  1010 | loss=5.7409 | lr=3.00e-04 | wd=0.0934 | mom=0.9500 | T=1.5 k=1.5 (mu_rec=3 mu_bwd=2) | grad=1.039 | tok/s=36,828 | tokens=0.03B
step=  1020 | loss=5.8152 | lr=3.00e-04 | wd=0.0933 | mom=0.9500 | T=2.2 k=1.8 (mu_rec=3 mu_bwd=2) | grad=1.344 | tok/s=36,174 | tokens=0.03B
step=  1030 | loss=5.9867 | lr=3.00e-04 | wd=0.0933 | mom=0.9500 | T=2.8 k=2.0 (mu_rec=3 mu_bwd=2) | grad=3.359 | tok/s=39,202 | tokens=0.03B
step=  1040 | loss=6.0106 | lr=3.00e-04 | wd=0.0932 | mom=0.9500 | T=2.2 k=1.8 (mu_rec=3 mu_bwd=2) | grad=1.172 | tok/s=41,698 | tokens=0.03B
step=  1050 | loss=5.9305 | lr=3.00e-04 | wd=0.0931 | mom=0.9500 | T=4.0 k=1.8 (mu_rec=3 mu_bwd=2) | grad=1.203 | tok/s=38,543 | tokens=0.03B
step=  1060 | loss=6.0667 | lr=3.00e-04 | wd=0.0931 | mom=0.9500 | T=2.0 k=1.8 (mu_rec=3 mu_bwd=2) | grad=1.398 | tok/s=38,702 | tokens=0.03B
step=  1070 | loss=5.9622 | lr=3.00e-04 | wd=0.0930 | mom=0.9500 | T=2.8 k=2.0 (mu_rec=3 mu_bwd=2) | grad=1.328 | tok/s=36,410 | tokens=0.04B
step=  1080 | loss=6.0989 | lr=3.00e-04 | wd=0.0929 | mom=0.9500 | T=3.2 k=1.8 (mu_rec=3 mu_bwd=2) | grad=1.211 | tok/s=35,074 | tokens=0.04B
step=  1090 | loss=6.1907 | lr=3.00e-04 | wd=0.0929 | mom=0.9500 | T=3.0 k=1.5 (mu_rec=3 mu_bwd=2) | grad=1.492 | tok/s=38,090 | tokens=0.04B
step=  1100 | loss=5.9846 | lr=3.00e-04 | wd=0.0928 | mom=0.9500 | T=2.2 k=1.5 (mu_rec=3 mu_bwd=2) | grad=1.664 | tok/s=39,587 | tokens=0.04B
step=  1110 | loss=5.9424 | lr=3.00e-04 | wd=0.0927 | mom=0.9500 | T=3.2 k=1.2 (mu_rec=3 mu_bwd=2) | grad=3.047 | tok/s=43,151 | tokens=0.04B
step=  1120 | loss=6.0087 | lr=3.00e-04 | wd=0.0927 | mom=0.9500 | T=3.5 k=2.0 (mu_rec=3 mu_bwd=2) | grad=0.922 | tok/s=36,910 | tokens=0.04B
step=  1130 | loss=6.0119 | lr=3.00e-04 | wd=0.0926 | mom=0.9500 | T=2.5 k=1.8 (mu_rec=3 mu_bwd=2) | grad=0.945 | tok/s=37,498 | tokens=0.04B
step=  1140 | loss=5.8660 | lr=3.00e-04 | wd=0.0925 | mom=0.9500 | T=2.0 k=1.8 (mu_rec=3 mu_bwd=2) | grad=1.414 | tok/s=40,513 | tokens=0.04B
step=  1150 | loss=6.1916 | lr=3.00e-04 | wd=0.0925 | mom=0.9500 | T=2.0 k=1.5 (mu_rec=3 mu_bwd=2) | grad=9.875 | tok/s=38,549 | tokens=0.04B
step=  1160 | loss=6.1829 | lr=3.00e-04 | wd=0.0924 | mom=0.9500 | T=3.8 k=1.8 (mu_rec=3 mu_bwd=2) | grad=1.102 | tok/s=39,333 | tokens=0.04B
step=  1170 | loss=5.9713 | lr=3.00e-04 | wd=0.0923 | mom=0.9500 | T=2.8 k=1.5 (mu_rec=3 mu_bwd=2) | grad=1.633 | tok/s=37,757 | tokens=0.04B
step=  1180 | loss=5.6191 | lr=3.00e-04 | wd=0.0923 | mom=0.9500 | T=5.2 k=1.8 (mu_rec=3 mu_bwd=2) | grad=1.211 | tok/s=39,099 | tokens=0.04B
step=  1190 | loss=5.7981 | lr=3.00e-04 | wd=0.0922 | mom=0.9500 | T=4.0 k=1.5 (mu_rec=3 mu_bwd=2) | grad=1.109 | tok/s=38,425 | tokens=0.04B
step=  1200 | loss=6.0369 | lr=3.00e-04 | wd=0.0921 | mom=0.9500 | T=2.8 k=2.0 (mu_rec=3 mu_bwd=2) | grad=1.375 | tok/s=40,879 | tokens=0.04B
step=  1210 | loss=5.8191 | lr=3.00e-04 | wd=0.0921 | mom=0.9500 | T=4.2 k=2.0 (mu_rec=3 mu_bwd=2) | grad=0.977 | tok/s=36,588 | tokens=0.04B
step=  1220 | loss=6.0906 | lr=3.00e-04 | wd=0.0920 | mom=0.9500 | T=2.0 k=1.2 (mu_rec=3 mu_bwd=2) | grad=1.430 | tok/s=38,027 | tokens=0.04B
step=  1230 | loss=5.9668 | lr=3.00e-04 | wd=0.0919 | mom=0.9500 | T=2.5 k=1.8 (mu_rec=3 mu_bwd=2) | grad=0.875 | tok/s=38,440 | tokens=0.04B
step=  1240 | loss=5.8999 | lr=3.00e-04 | wd=0.0919 | mom=0.9500 | T=4.2 k=1.8 (mu_rec=3 mu_bwd=2) | grad=2.500 | tok/s=37,358 | tokens=0.04B
step=  1250 | loss=5.9315 | lr=3.00e-04 | wd=0.0918 | mom=0.9500 | T=3.2 k=1.8 (mu_rec=3 mu_bwd=2) | grad=1.609 | tok/s=37,600 | tokens=0.04B
step=  1260 | loss=5.9470 | lr=3.00e-04 | wd=0.0917 | mom=0.9500 | T=2.5 k=1.5 (mu_rec=3 mu_bwd=2) | grad=1.367 | tok/s=41,597 | tokens=0.04B
step=  1270 | loss=7.0243 | lr=3.00e-04 | wd=0.0917 | mom=0.9500 | T=3.0 k=1.5 (mu_rec=3 mu_bwd=2) | grad=1.844 | tok/s=37,851 | tokens=0.04B
step=  1280 | loss=6.6079 | lr=3.00e-04 | wd=0.0916 | mom=0.9500 | T=5.0 k=1.8 (mu_rec=3 mu_bwd=2) | grad=1.578 | tok/s=37,824 | tokens=0.04B
step=  1290 | loss=5.7765 | lr=3.00e-04 | wd=0.0916 | mom=0.9500 | T=2.5 k=1.8 (mu_rec=3 mu_bwd=2) | grad=1.453 | tok/s=40,129 | tokens=0.04B
step=  1300 | loss=6.0991 | lr=3.00e-04 | wd=0.0915 | mom=0.9500 | T=2.8 k=2.0 (mu_rec=3 mu_bwd=2) | grad=1.305 | tok/s=39,175 | tokens=0.04B
step=  1310 | loss=5.8634 | lr=3.00e-04 | wd=0.0914 | mom=0.9500 | T=2.2 k=1.5 (mu_rec=3 mu_bwd=2) | grad=1.414 | tok/s=39,566 | tokens=0.04B
step=  1320 | loss=5.9176 | lr=3.00e-04 | wd=0.0914 | mom=0.9500 | T=1.5 k=1.2 (mu_rec=3 mu_bwd=2) | grad=2.719 | tok/s=41,665 | tokens=0.04B
step=  1330 | loss=5.8078 | lr=3.00e-04 | wd=0.0913 | mom=0.9500 | T=2.0 k=1.5 (mu_rec=3 mu_bwd=2) | grad=4.812 | tok/s=37,867 | tokens=0.04B
step=  1340 | loss=5.8066 | lr=3.00e-04 | wd=0.0912 | mom=0.9500 | T=2.5 k=1.5 (mu_rec=3 mu_bwd=2) | grad=2.703 | tok/s=39,190 | tokens=0.04B
step=  1350 | loss=5.8365 | lr=3.00e-04 | wd=0.0912 | mom=0.9500 | T=3.2 k=2.0 (mu_rec=3 mu_bwd=2) | grad=0.930 | tok/s=39,029 | tokens=0.04B
step=  1360 | loss=5.9894 | lr=3.00e-04 | wd=0.0911 | mom=0.9500 | T=4.8 k=2.0 (mu_rec=4 mu_bwd=2) | grad=2.672 | tok/s=37,432 | tokens=0.04B
step=  1370 | loss=5.9822 | lr=3.00e-04 | wd=0.0910 | mom=0.9500 | T=6.0 k=2.0 (mu_rec=4 mu_bwd=2) | grad=0.918 | tok/s=32,288 | tokens=0.04B
step=  1380 | loss=6.0496 | lr=3.00e-04 | wd=0.0910 | mom=0.9500 | T=2.2 k=1.8 (mu_rec=4 mu_bwd=2) | grad=0.855 | tok/s=36,030 | tokens=0.05B
step=  1390 | loss=6.0002 | lr=3.00e-04 | wd=0.0909 | mom=0.9500 | T=3.2 k=1.8 (mu_rec=4 mu_bwd=2) | grad=1.156 | tok/s=35,722 | tokens=0.05B
step=  1400 | loss=5.9323 | lr=3.00e-04 | wd=0.0908 | mom=0.9500 | T=2.8 k=1.2 (mu_rec=4 mu_bwd=2) | grad=1.227 | tok/s=35,971 | tokens=0.05B
step=  1410 | loss=5.7315 | lr=3.00e-04 | wd=0.0908 | mom=0.9500 | T=3.0 k=2.0 (mu_rec=4 mu_bwd=2) | grad=4.406 | tok/s=33,993 | tokens=0.05B
step=  1420 | loss=5.8363 | lr=3.00e-04 | wd=0.0907 | mom=0.9500 | T=5.5 k=1.8 (mu_rec=4 mu_bwd=2) | grad=1.375 | tok/s=35,126 | tokens=0.05B
step=  1430 | loss=5.6994 | lr=3.00e-04 | wd=0.0906 | mom=0.9500 | T=2.2 k=1.5 (mu_rec=4 mu_bwd=2) | grad=4.438 | tok/s=32,644 | tokens=0.05B
step=  1440 | loss=5.4515 | lr=3.00e-04 | wd=0.0906 | mom=0.9500 | T=4.8 k=1.8 (mu_rec=4 mu_bwd=2) | grad=1.406 | tok/s=32,763 | tokens=0.05B
step=  1450 | loss=6.1015 | lr=3.00e-04 | wd=0.0905 | mom=0.9500 | T=5.5 k=2.0 (mu_rec=4 mu_bwd=2) | grad=2.266 | tok/s=34,328 | tokens=0.05B
step=  1460 | loss=5.8801 | lr=3.00e-04 | wd=0.0904 | mom=0.9500 | T=2.8 k=1.5 (mu_rec=4 mu_bwd=2) | grad=2.594 | tok/s=36,138 | tokens=0.05B
step=  1470 | loss=5.9115 | lr=3.00e-04 | wd=0.0904 | mom=0.9500 | T=5.0 k=2.0 (mu_rec=4 mu_bwd=2) | grad=3.312 | tok/s=33,668 | tokens=0.05B
step=  1480 | loss=5.7868 | lr=3.00e-04 | wd=0.0903 | mom=0.9500 | T=1.2 k=1.2 (mu_rec=4 mu_bwd=2) | grad=1.820 | tok/s=38,732 | tokens=0.05B
step=  1490 | loss=6.0584 | lr=3.00e-04 | wd=0.0902 | mom=0.9500 | T=3.5 k=2.0 (mu_rec=4 mu_bwd=2) | grad=1.367 | tok/s=35,369 | tokens=0.05B
step=  1500 | loss=5.7739 | lr=3.00e-04 | wd=0.0902 | mom=0.9500 | T=7.2 k=2.0 (mu_rec=4 mu_bwd=2) | grad=0.965 | tok/s=34,174 | tokens=0.05B
step=  1510 | loss=5.8596 | lr=3.00e-04 | wd=0.0901 | mom=0.9500 | T=2.8 k=1.8 (mu_rec=4 mu_bwd=2) | grad=1.508 | tok/s=36,327 | tokens=0.05B
step=  1520 | loss=6.5715 | lr=3.00e-04 | wd=0.0900 | mom=0.9500 | T=2.8 k=1.5 (mu_rec=4 mu_bwd=2) | grad=0.852 | tok/s=34,886 | tokens=0.05B
step=  1530 | loss=5.8780 | lr=3.00e-04 | wd=0.0900 | mom=0.9500 | T=5.8 k=2.0 (mu_rec=4 mu_bwd=2) | grad=1.328 | tok/s=35,772 | tokens=0.05B
step=  1540 | loss=5.4703 | lr=3.00e-04 | wd=0.0899 | mom=0.9500 | T=5.0 k=2.0 (mu_rec=4 mu_bwd=2) | grad=0.895 | tok/s=34,558 | tokens=0.05B
step=  1550 | loss=5.4802 | lr=3.00e-04 | wd=0.0898 | mom=0.9500 | T=5.5 k=2.0 (mu_rec=4 mu_bwd=2) | grad=1.062 | tok/s=32,679 | tokens=0.05B
step=  1560 | loss=5.8729 | lr=3.00e-04 | wd=0.0898 | mom=0.9500 | T=3.0 k=1.8 (mu_rec=4 mu_bwd=2) | grad=1.141 | tok/s=35,958 | tokens=0.05B
step=  1570 | loss=5.9763 | lr=3.00e-04 | wd=0.0897 | mom=0.9500 | T=2.8 k=1.8 (mu_rec=4 mu_bwd=2) | grad=0.996 | tok/s=33,950 | tokens=0.05B
step=  1580 | loss=5.7968 | lr=3.00e-04 | wd=0.0897 | mom=0.9500 | T=1.0 k=1.0 (mu_rec=4 mu_bwd=2) | grad=1.219 | tok/s=35,010 | tokens=0.05B
step=  1590 | loss=5.7789 | lr=3.00e-04 | wd=0.0896 | mom=0.9500 | T=4.0 k=1.8 (mu_rec=4 mu_bwd=2) | grad=1.016 | tok/s=32,402 | tokens=0.05B
step=  1600 | loss=5.8717 | lr=3.00e-04 | wd=0.0895 | mom=0.9500 | T=4.2 k=2.0 (mu_rec=4 mu_bwd=2) | grad=0.801 | tok/s=33,645 | tokens=0.05B
step=  1610 | loss=5.6507 | lr=3.00e-04 | wd=0.0895 | mom=0.9500 | T=4.0 k=2.0 (mu_rec=4 mu_bwd=2) | grad=0.965 | tok/s=34,880 | tokens=0.05B
step=  1620 | loss=5.8488 | lr=3.00e-04 | wd=0.0894 | mom=0.9500 | T=4.2 k=1.8 (mu_rec=4 mu_bwd=2) | grad=1.773 | tok/s=35,938 | tokens=0.05B
step=  1630 | loss=5.7155 | lr=3.00e-04 | wd=0.0893 | mom=0.9500 | T=4.2 k=1.8 (mu_rec=4 mu_bwd=2) | grad=1.023 | tok/s=36,624 | tokens=0.05B
step=  1640 | loss=5.7125 | lr=3.00e-04 | wd=0.0893 | mom=0.9500 | T=2.5 k=1.8 (mu_rec=4 mu_bwd=2) | grad=1.156 | tok/s=36,098 | tokens=0.05B
step=  1650 | loss=6.0660 | lr=3.00e-04 | wd=0.0892 | mom=0.9500 | T=4.0 k=2.0 (mu_rec=4 mu_bwd=2) | grad=9.250 | tok/s=34,093 | tokens=0.05B
step=  1660 | loss=5.5840 | lr=3.00e-04 | wd=0.0891 | mom=0.9500 | T=4.0 k=2.0 (mu_rec=4 mu_bwd=2) | grad=1.023 | tok/s=34,722 | tokens=0.05B
step=  1670 | loss=5.9512 | lr=3.00e-04 | wd=0.0891 | mom=0.9500 | T=3.0 k=1.8 (mu_rec=4 mu_bwd=2) | grad=1.078 | tok/s=36,550 | tokens=0.05B
step=  1680 | loss=5.9172 | lr=3.00e-04 | wd=0.0890 | mom=0.9500 | T=3.5 k=2.0 (mu_rec=4 mu_bwd=2) | grad=1.688 | tok/s=32,857 | tokens=0.06B
step=  1690 | loss=5.7996 | lr=3.00e-04 | wd=0.0889 | mom=0.9500 | T=2.2 k=1.5 (mu_rec=4 mu_bwd=2) | grad=1.469 | tok/s=34,089 | tokens=0.06B
step=  1700 | loss=5.8221 | lr=3.00e-04 | wd=0.0889 | mom=0.9500 | T=3.0 k=1.8 (mu_rec=4 mu_bwd=2) | grad=1.875 | tok/s=10,263 | tokens=0.06B
step=  1710 | loss=5.8328 | lr=3.00e-04 | wd=0.0888 | mom=0.9500 | T=4.2 k=2.0 (mu_rec=4 mu_bwd=2) | grad=0.938 | tok/s=35,256 | tokens=0.06B
step=  1720 | loss=5.7299 | lr=3.00e-04 | wd=0.0887 | mom=0.9500 | T=5.0 k=2.0 (mu_rec=4 mu_bwd=2) | grad=1.078 | tok/s=33,827 | tokens=0.06B
step=  1730 | loss=5.8808 | lr=3.00e-04 | wd=0.0887 | mom=0.9500 | T=4.0 k=1.8 (mu_rec=4 mu_bwd=2) | grad=3.688 | tok/s=32,758 | tokens=0.06B
step=  1740 | loss=5.7210 | lr=3.00e-04 | wd=0.0886 | mom=0.9500 | T=6.8 k=1.8 (mu_rec=4 mu_bwd=2) | grad=2.062 | tok/s=35,628 | tokens=0.06B
step=  1750 | loss=5.8800 | lr=3.00e-04 | wd=0.0885 | mom=0.9500 | T=9.5 k=1.8 (mu_rec=4 mu_bwd=2) | grad=0.926 | tok/s=10,197 | tokens=0.06B
step=  1760 | loss=6.0747 | lr=3.00e-04 | wd=0.0885 | mom=0.9500 | T=3.5 k=2.0 (mu_rec=4 mu_bwd=2) | grad=1.336 | tok/s=36,720 | tokens=0.06B
step=  1770 | loss=5.7987 | lr=3.00e-04 | wd=0.0884 | mom=0.9500 | T=5.2 k=1.8 (mu_rec=4 mu_bwd=2) | grad=0.840 | tok/s=36,031 | tokens=0.06B
step=  1780 | loss=5.8879 | lr=3.00e-04 | wd=0.0883 | mom=0.9500 | T=2.5 k=1.8 (mu_rec=4 mu_bwd=2) | grad=0.996 | tok/s=32,956 | tokens=0.06B
step=  1790 | loss=5.7732 | lr=3.00e-04 | wd=0.0883 | mom=0.9500 | T=4.0 k=1.8 (mu_rec=4 mu_bwd=2) | grad=1.133 | tok/s=33,000 | tokens=0.06B
step=  1800 | loss=5.8690 | lr=3.00e-04 | wd=0.0882 | mom=0.9500 | T=2.2 k=1.8 (mu_rec=4 mu_bwd=2) | grad=1.211 | tok/s=35,749 | tokens=0.06B
step=  1810 | loss=5.8287 | lr=3.00e-04 | wd=0.0881 | mom=0.9500 | T=5.0 k=2.0 (mu_rec=4 mu_bwd=2) | grad=1.109 | tok/s=32,248 | tokens=0.06B
step=  1820 | loss=5.7797 | lr=3.00e-04 | wd=0.0881 | mom=0.9500 | T=5.8 k=2.0 (mu_rec=4 mu_bwd=2) | grad=1.469 | tok/s=33,326 | tokens=0.06B
step=  1830 | loss=5.7748 | lr=3.00e-04 | wd=0.0880 | mom=0.9500 | T=5.8 k=2.0 (mu_rec=4 mu_bwd=2) | grad=1.375 | tok/s=34,233 | tokens=0.06B
step=  1840 | loss=6.0321 | lr=3.00e-04 | wd=0.0879 | mom=0.9500 | T=5.0 k=2.0 (mu_rec=4 mu_bwd=2) | grad=1.883 | tok/s=31,833 | tokens=0.06B
step=  1850 | loss=5.7944 | lr=3.00e-04 | wd=0.0879 | mom=0.9500 | T=3.0 k=1.8 (mu_rec=4 mu_bwd=2) | grad=1.227 | tok/s=36,257 | tokens=0.06B
step=  1860 | loss=5.8087 | lr=3.00e-04 | wd=0.0878 | mom=0.9500 | T=4.8 k=1.8 (mu_rec=4 mu_bwd=2) | grad=2.109 | tok/s=33,364 | tokens=0.06B
step=  1870 | loss=5.8624 | lr=3.00e-04 | wd=0.0878 | mom=0.9500 | T=3.8 k=1.8 (mu_rec=4 mu_bwd=2) | grad=1.039 | tok/s=34,469 | tokens=0.06B
step=  1880 | loss=6.1244 | lr=3.00e-04 | wd=0.0877 | mom=0.9500 | T=3.2 k=1.5 (mu_rec=4 mu_bwd=2) | grad=6.219 | tok/s=36,853 | tokens=0.06B
step=  1890 | loss=5.4600 | lr=3.00e-04 | wd=0.0876 | mom=0.9500 | T=3.0 k=1.8 (mu_rec=4 mu_bwd=2) | grad=4.125 | tok/s=34,586 | tokens=0.06B
step=  1900 | loss=5.0494 | lr=3.00e-04 | wd=0.0876 | mom=0.9500 | T=3.2 k=2.0 (mu_rec=4 mu_bwd=2) | grad=3.766 | tok/s=32,543 | tokens=0.06B
step=  1910 | loss=5.4695 | lr=3.00e-04 | wd=0.0875 | mom=0.9500 | T=3.8 k=2.5 (mu_rec=5 mu_bwd=3) | grad=1.359 | tok/s=28,506 | tokens=0.06B
step=  1920 | loss=5.7802 | lr=3.00e-04 | wd=0.0874 | mom=0.9500 | T=4.0 k=2.8 (mu_rec=5 mu_bwd=3) | grad=1.211 | tok/s=30,297 | tokens=0.06B
step=  1930 | loss=5.7707 | lr=3.00e-04 | wd=0.0874 | mom=0.9500 | T=6.0 k=3.0 (mu_rec=5 mu_bwd=3) | grad=0.918 | tok/s=28,863 | tokens=0.06B
step=  1940 | loss=5.8017 | lr=3.00e-04 | wd=0.0873 | mom=0.9500 | T=5.2 k=3.0 (mu_rec=5 mu_bwd=3) | grad=2.312 | tok/s=27,195 | tokens=0.06B
step=  1950 | loss=5.8483 | lr=3.00e-04 | wd=0.0872 | mom=0.9500 | T=3.2 k=2.5 (mu_rec=5 mu_bwd=3) | grad=2.172 | tok/s=29,242 | tokens=0.06B
step=  1960 | loss=5.6162 | lr=3.00e-04 | wd=0.0872 | mom=0.9500 | T=4.2 k=2.5 (mu_rec=5 mu_bwd=3) | grad=1.117 | tok/s=28,499 | tokens=0.06B
step=  1970 | loss=5.7656 | lr=3.00e-04 | wd=0.0871 | mom=0.9500 | T=7.0 k=2.5 (mu_rec=5 mu_bwd=3) | grad=1.672 | tok/s=25,951 | tokens=0.06B
step=  1980 | loss=5.7231 | lr=3.00e-04 | wd=0.0870 | mom=0.9500 | T=4.8 k=2.5 (mu_rec=5 mu_bwd=3) | grad=4.156 | tok/s=27,965 | tokens=0.06B
step=  1990 | loss=5.7014 | lr=3.00e-04 | wd=0.0870 | mom=0.9500 | T=5.2 k=2.8 (mu_rec=5 mu_bwd=3) | grad=1.906 | tok/s=27,751 | tokens=0.07B
step=  2000 | loss=5.9483 | lr=3.00e-04 | wd=0.0869 | mom=0.9500 | T=4.2 k=2.2 (mu_rec=5 mu_bwd=3) | grad=1.227 | tok/s=26,414 | tokens=0.07B
[step 2000] Saved -> runs/cortex-verify-k4/checkpoint_0002000
step=  2010 | loss=5.9669 | lr=3.00e-04 | wd=0.0868 | mom=0.9500 | T=6.2 k=2.5 (mu_rec=5 mu_bwd=3) | grad=0.980 | tok/s=23,873 | tokens=0.07B
step=  2020 | loss=5.8087 | lr=3.00e-04 | wd=0.0868 | mom=0.9500 | T=6.8 k=3.0 (mu_rec=5 mu_bwd=3) | grad=2.047 | tok/s=29,068 | tokens=0.07B
step=  2030 | loss=6.2138 | lr=3.00e-04 | wd=0.0867 | mom=0.9500 | T=5.0 k=2.5 (mu_rec=5 mu_bwd=3) | grad=1.078 | tok/s=29,516 | tokens=0.07B
step=  2040 | loss=5.7629 | lr=3.00e-04 | wd=0.0866 | mom=0.9500 | T=5.2 k=3.0 (mu_rec=5 mu_bwd=3) | grad=1.383 | tok/s=28,149 | tokens=0.07B
step=  2050 | loss=5.7836 | lr=3.00e-04 | wd=0.0866 | mom=0.9500 | T=5.0 k=3.0 (mu_rec=5 mu_bwd=3) | grad=0.930 | tok/s=27,459 | tokens=0.07B
step=  2060 | loss=5.9192 | lr=3.00e-04 | wd=0.0865 | mom=0.9500 | T=3.5 k=2.0 (mu_rec=5 mu_bwd=3) | grad=0.984 | tok/s=26,781 | tokens=0.07B
step=  2070 | loss=5.9072 | lr=3.00e-04 | wd=0.0864 | mom=0.9500 | T=2.8 k=2.0 (mu_rec=5 mu_bwd=3) | grad=2.047 | tok/s=28,754 | tokens=0.07B
step=  2080 | loss=5.8770 | lr=3.00e-04 | wd=0.0864 | mom=0.9500 | T=6.0 k=2.5 (mu_rec=5 mu_bwd=3) | grad=1.531 | tok/s=27,952 | tokens=0.07B
step=  2090 | loss=5.8126 | lr=3.00e-04 | wd=0.0863 | mom=0.9500 | T=4.2 k=2.5 (mu_rec=5 mu_bwd=3) | grad=1.227 | tok/s=26,396 | tokens=0.07B
step=  2100 | loss=5.8767 | lr=3.00e-04 | wd=0.0862 | mom=0.9500 | T=1.8 k=1.8 (mu_rec=5 mu_bwd=3) | grad=1.383 | tok/s=27,431 | tokens=0.07B
step=  2110 | loss=5.7593 | lr=3.00e-04 | wd=0.0862 | mom=0.9500 | T=7.8 k=3.0 (mu_rec=5 mu_bwd=3) | grad=1.109 | tok/s=26,224 | tokens=0.07B
step=  2120 | loss=5.7521 | lr=3.00e-04 | wd=0.0861 | mom=0.9500 | T=4.8 k=2.8 (mu_rec=5 mu_bwd=3) | grad=1.234 | tok/s=28,538 | tokens=0.07B
step=  2130 | loss=5.7474 | lr=3.00e-04 | wd=0.0860 | mom=0.9500 | T=3.8 k=3.0 (mu_rec=5 mu_bwd=3) | grad=1.586 | tok/s=27,045 | tokens=0.07B
step=  2140 | loss=5.7515 | lr=3.00e-04 | wd=0.0860 | mom=0.9500 | T=6.0 k=3.0 (mu_rec=5 mu_bwd=3) | grad=1.938 | tok/s=26,841 | tokens=0.07B
step=  2150 | loss=5.7606 | lr=3.00e-04 | wd=0.0859 | mom=0.9500 | T=5.8 k=2.5 (mu_rec=5 mu_bwd=3) | grad=2.250 | tok/s=28,607 | tokens=0.07B
step=  2160 | loss=5.9234 | lr=3.00e-04 | wd=0.0859 | mom=0.9500 | T=5.2 k=3.0 (mu_rec=5 mu_bwd=3) | grad=1.078 | tok/s=27,489 | tokens=0.07B
step=  2170 | loss=5.8059 | lr=3.00e-04 | wd=0.0858 | mom=0.9500 | T=4.0 k=2.5 (mu_rec=5 mu_bwd=3) | grad=2.500 | tok/s=27,966 | tokens=0.07B
step=  2180 | loss=5.8538 | lr=3.00e-04 | wd=0.0857 | mom=0.9500 | T=3.8 k=2.8 (mu_rec=5 mu_bwd=3) | grad=1.102 | tok/s=25,865 | tokens=0.07B
step=  2190 | loss=5.8067 | lr=3.00e-04 | wd=0.0857 | mom=0.9500 | T=4.5 k=2.5 (mu_rec=5 mu_bwd=3) | grad=1.812 | tok/s=26,639 | tokens=0.07B
step=  2200 | loss=5.7170 | lr=3.00e-04 | wd=0.0856 | mom=0.9500 | T=3.5 k=2.8 (mu_rec=5 mu_bwd=3) | grad=1.039 | tok/s=29,824 | tokens=0.07B
step=  2210 | loss=5.9914 | lr=3.00e-04 | wd=0.0855 | mom=0.9500 | T=3.5 k=2.8 (mu_rec=5 mu_bwd=3) | grad=1.203 | tok/s=29,644 | tokens=0.07B
step=  2220 | loss=5.4587 | lr=3.00e-04 | wd=0.0855 | mom=0.9500 | T=4.5 k=2.2 (mu_rec=5 mu_bwd=3) | grad=1.172 | tok/s=26,261 | tokens=0.07B
step=  2230 | loss=5.7338 | lr=3.00e-04 | wd=0.0854 | mom=0.9500 | T=7.8 k=3.0 (mu_rec=5 mu_bwd=3) | grad=1.406 | tok/s=26,514 | tokens=0.07B
step=  2240 | loss=5.6694 | lr=3.00e-04 | wd=0.0853 | mom=0.9500 | T=5.2 k=2.5 (mu_rec=5 mu_bwd=3) | grad=1.219 | tok/s=29,007 | tokens=0.07B
step=  2250 | loss=5.7248 | lr=3.00e-04 | wd=0.0853 | mom=0.9500 | T=2.8 k=2.5 (mu_rec=5 mu_bwd=3) | grad=1.047 | tok/s=28,834 | tokens=0.07B
step=  2260 | loss=5.7295 | lr=3.00e-04 | wd=0.0852 | mom=0.9500 | T=1.5 k=1.5 (mu_rec=5 mu_bwd=3) | grad=1.242 | tok/s=28,205 | tokens=0.07B
step=  2270 | loss=5.6690 | lr=3.00e-04 | wd=0.0851 | mom=0.9500 | T=9.2 k=3.0 (mu_rec=5 mu_bwd=3) | grad=1.367 | tok/s=27,738 | tokens=0.07B
step=  2280 | loss=5.8579 | lr=3.00e-04 | wd=0.0851 | mom=0.9500 | T=4.5 k=2.8 (mu_rec=5 mu_bwd=3) | grad=1.984 | tok/s=27,435 | tokens=0.07B
step=  2290 | loss=5.8915 | lr=3.00e-04 | wd=0.0850 | mom=0.9500 | T=3.2 k=2.0 (mu_rec=5 mu_bwd=3) | grad=1.492 | tok/s=28,739 | tokens=0.08B
step=  2300 | loss=5.8303 | lr=3.00e-04 | wd=0.0849 | mom=0.9500 | T=9.8 k=3.0 (mu_rec=5 mu_bwd=3) | grad=1.031 | tok/s=28,602 | tokens=0.08B
step=  2310 | loss=5.7866 | lr=3.00e-04 | wd=0.0849 | mom=0.9500 | T=4.8 k=2.8 (mu_rec=5 mu_bwd=3) | grad=1.422 | tok/s=27,878 | tokens=0.08B
step=  2320 | loss=5.7016 | lr=3.00e-04 | wd=0.0848 | mom=0.9500 | T=6.5 k=3.0 (mu_rec=5 mu_bwd=3) | grad=1.000 | tok/s=26,392 | tokens=0.08B
step=  2330 | loss=5.7109 | lr=3.00e-04 | wd=0.0847 | mom=0.9500 | T=5.5 k=2.2 (mu_rec=5 mu_bwd=3) | grad=1.578 | tok/s=27,392 | tokens=0.08B
step=  2340 | loss=5.8878 | lr=3.00e-04 | wd=0.0847 | mom=0.9500 | T=6.8 k=3.0 (mu_rec=5 mu_bwd=3) | grad=1.195 | tok/s=26,293 | tokens=0.08B
step=  2350 | loss=5.7255 | lr=3.00e-04 | wd=0.0846 | mom=0.9500 | T=5.0 k=3.0 (mu_rec=5 mu_bwd=3) | grad=1.211 | tok/s=28,615 | tokens=0.08B
step=  2360 | loss=5.7252 | lr=3.00e-04 | wd=0.0845 | mom=0.9500 | T=4.2 k=2.5 (mu_rec=5 mu_bwd=3) | grad=1.539 | tok/s=26,567 | tokens=0.08B
step=  2370 | loss=5.7306 | lr=3.00e-04 | wd=0.0845 | mom=0.9500 | T=6.5 k=3.0 (mu_rec=5 mu_bwd=3) | grad=1.281 | tok/s=27,076 | tokens=0.08B
step=  2380 | loss=5.7272 | lr=3.00e-04 | wd=0.0844 | mom=0.9500 | T=3.0 k=2.2 (mu_rec=5 mu_bwd=3) | grad=3.125 | tok/s=26,312 | tokens=0.08B
step=  2390 | loss=5.4640 | lr=3.00e-04 | wd=0.0843 | mom=0.9500 | T=4.0 k=2.5 (mu_rec=5 mu_bwd=3) | grad=1.297 | tok/s=28,485 | tokens=0.08B
step=  2400 | loss=5.7407 | lr=3.00e-04 | wd=0.0843 | mom=0.9500 | T=3.0 k=2.0 (mu_rec=5 mu_bwd=3) | grad=1.367 | tok/s=26,963 | tokens=0.08B
step=  2410 | loss=5.5021 | lr=3.00e-04 | wd=0.0842 | mom=0.9500 | T=10.8 k=3.0 (mu_rec=5 mu_bwd=3) | grad=1.070 | tok/s=25,289 | tokens=0.08B
step=  2420 | loss=5.8373 | lr=3.00e-04 | wd=0.0841 | mom=0.9500 | T=4.5 k=2.0 (mu_rec=5 mu_bwd=3) | grad=1.031 | tok/s=29,231 | tokens=0.08B
step=  2430 | loss=5.7329 | lr=3.00e-04 | wd=0.0841 | mom=0.9500 | T=3.0 k=2.2 (mu_rec=5 mu_bwd=3) | grad=1.711 | tok/s=31,414 | tokens=0.08B
step=  2440 | loss=5.8822 | lr=3.00e-04 | wd=0.0840 | mom=0.9500 | T=3.0 k=2.5 (mu_rec=5 mu_bwd=3) | grad=1.102 | tok/s=27,676 | tokens=0.08B
step=  2450 | loss=5.7650 | lr=3.00e-04 | wd=0.0839 | mom=0.9500 | T=4.5 k=2.5 (mu_rec=6 mu_bwd=3) | grad=1.562 | tok/s=25,599 | tokens=0.08B
step=  2460 | loss=5.7621 | lr=3.00e-04 | wd=0.0839 | mom=0.9500 | T=6.5 k=2.5 (mu_rec=6 mu_bwd=3) | grad=1.273 | tok/s=23,479 | tokens=0.08B
step=  2470 | loss=5.7640 | lr=3.00e-04 | wd=0.0838 | mom=0.9500 | T=4.8 k=2.5 (mu_rec=6 mu_bwd=3) | grad=1.570 | tok/s=26,075 | tokens=0.08B
step=  2480 | loss=5.6476 | lr=3.00e-04 | wd=0.0838 | mom=0.9500 | T=5.5 k=2.8 (mu_rec=6 mu_bwd=3) | grad=1.047 | tok/s=25,121 | tokens=0.08B
step=  2490 | loss=5.7394 | lr=3.00e-04 | wd=0.0837 | mom=0.9500 | T=7.2 k=2.8 (mu_rec=6 mu_bwd=3) | grad=1.133 | tok/s=24,997 | tokens=0.08B
step=  2500 | loss=5.8180 | lr=3.00e-04 | wd=0.0836 | mom=0.9500 | T=5.8 k=3.0 (mu_rec=6 mu_bwd=3) | grad=1.359 | tok/s=25,338 | tokens=0.08B
step=  2510 | loss=5.7822 | lr=3.00e-04 | wd=0.0836 | mom=0.9500 | T=7.8 k=3.0 (mu_rec=6 mu_bwd=3) | grad=0.938 | tok/s=26,596 | tokens=0.08B
step=  2520 | loss=5.6957 | lr=3.00e-04 | wd=0.0835 | mom=0.9500 | T=4.8 k=2.5 (mu_rec=6 mu_bwd=3) | grad=1.273 | tok/s=23,720 | tokens=0.08B
step=  2530 | loss=5.4185 | lr=3.00e-04 | wd=0.0834 | mom=0.9500 | T=7.2 k=2.8 (mu_rec=6 mu_bwd=3) | grad=11.938 | tok/s=25,368 | tokens=0.08B
step=  2540 | loss=5.7740 | lr=3.00e-04 | wd=0.0834 | mom=0.9500 | T=8.8 k=3.0 (mu_rec=6 mu_bwd=3) | grad=1.102 | tok/s=26,285 | tokens=0.08B
step=  2550 | loss=5.6702 | lr=3.00e-04 | wd=0.0833 | mom=0.9500 | T=4.2 k=2.5 (mu_rec=6 mu_bwd=3) | grad=1.312 | tok/s=26,462 | tokens=0.08B
step=  2560 | loss=5.7144 | lr=3.00e-04 | wd=0.0832 | mom=0.9500 | T=4.0 k=2.8 (mu_rec=6 mu_bwd=3) | grad=0.855 | tok/s=9,461 | tokens=0.08B
step=  2570 | loss=5.9330 | lr=3.00e-04 | wd=0.0832 | mom=0.9500 | T=4.2 k=2.0 (mu_rec=6 mu_bwd=3) | grad=1.547 | tok/s=23,219 | tokens=0.08B
step=  2580 | loss=5.8885 | lr=3.00e-04 | wd=0.0831 | mom=0.9500 | T=6.5 k=2.5 (mu_rec=6 mu_bwd=3) | grad=1.266 | tok/s=27,205 | tokens=0.08B
step=  2590 | loss=5.9475 | lr=3.00e-04 | wd=0.0830 | mom=0.9500 | T=4.5 k=3.0 (mu_rec=6 mu_bwd=3) | grad=2.938 | tok/s=24,749 | tokens=0.08B
step=  2600 | loss=5.8754 | lr=3.00e-04 | wd=0.0830 | mom=0.9500 | T=4.8 k=2.8 (mu_rec=6 mu_bwd=3) | grad=1.531 | tok/s=27,035 | tokens=0.09B
step=  2610 | loss=5.8808 | lr=3.00e-04 | wd=0.0829 | mom=0.9500 | T=4.8 k=3.0 (mu_rec=6 mu_bwd=3) | grad=2.141 | tok/s=25,416 | tokens=0.09B
step=  2620 | loss=5.7529 | lr=3.00e-04 | wd=0.0828 | mom=0.9500 | T=9.5 k=3.0 (mu_rec=6 mu_bwd=3) | grad=1.094 | tok/s=25,972 | tokens=0.09B
step=  2630 | loss=5.7923 | lr=3.00e-04 | wd=0.0828 | mom=0.9500 | T=11.8 k=2.8 (mu_rec=6 mu_bwd=3) | grad=2.312 | tok/s=23,698 | tokens=0.09B
step=  2640 | loss=5.7702 | lr=3.00e-04 | wd=0.0827 | mom=0.9500 | T=4.2 k=3.0 (mu_rec=6 mu_bwd=3) | grad=2.078 | tok/s=24,178 | tokens=0.09B
step=  2650 | loss=5.7779 | lr=3.00e-04 | wd=0.0826 | mom=0.9500 | T=9.5 k=3.0 (mu_rec=6 mu_bwd=3) | grad=1.289 | tok/s=23,461 | tokens=0.09B
step=  2660 | loss=5.5477 | lr=3.00e-04 | wd=0.0826 | mom=0.9500 | T=6.8 k=2.5 (mu_rec=6 mu_bwd=3) | grad=1.180 | tok/s=25,829 | tokens=0.09B
step=  2670 | loss=5.7539 | lr=3.00e-04 | wd=0.0825 | mom=0.9500 | T=6.2 k=2.5 (mu_rec=6 mu_bwd=3) | grad=1.258 | tok/s=25,943 | tokens=0.09B
step=  2680 | loss=5.7971 | lr=3.00e-04 | wd=0.0824 | mom=0.9500 | T=6.5 k=3.0 (mu_rec=6 mu_bwd=3) | grad=1.133 | tok/s=25,131 | tokens=0.09B
step=  2690 | loss=5.8169 | lr=3.00e-04 | wd=0.0824 | mom=0.9500 | T=3.5 k=2.0 (mu_rec=6 mu_bwd=3) | grad=1.258 | tok/s=25,019 | tokens=0.09B
step=  2700 | loss=5.8019 | lr=3.00e-04 | wd=0.0823 | mom=0.9500 | T=5.2 k=3.0 (mu_rec=6 mu_bwd=3) | grad=2.438 | tok/s=23,979 | tokens=0.09B
step=  2710 | loss=5.6759 | lr=3.00e-04 | wd=0.0822 | mom=0.9500 | T=6.5 k=3.0 (mu_rec=6 mu_bwd=3) | grad=0.992 | tok/s=24,824 | tokens=0.09B
step=  2720 | loss=5.8405 | lr=3.00e-04 | wd=0.0822 | mom=0.9500 | T=5.5 k=3.0 (mu_rec=6 mu_bwd=3) | grad=0.844 | tok/s=24,467 | tokens=0.09B
step=  2730 | loss=5.8144 | lr=3.00e-04 | wd=0.0821 | mom=0.9500 | T=6.2 k=2.8 (mu_rec=6 mu_bwd=3) | grad=1.016 | tok/s=24,489 | tokens=0.09B
step=  2740 | loss=5.5072 | lr=3.00e-04 | wd=0.0820 | mom=0.9500 | T=7.2 k=2.8 (mu_rec=6 mu_bwd=3) | grad=3.219 | tok/s=24,290 | tokens=0.09B
step=  2750 | loss=5.6481 | lr=3.00e-04 | wd=0.0820 | mom=0.9500 | T=5.0 k=2.8 (mu_rec=6 mu_bwd=3) | grad=1.227 | tok/s=26,582 | tokens=0.09B
step=  2760 | loss=5.8076 | lr=3.00e-04 | wd=0.0819 | mom=0.9500 | T=4.8 k=2.5 (mu_rec=6 mu_bwd=3) | grad=2.000 | tok/s=27,987 | tokens=0.09B
step=  2770 | loss=5.7249 | lr=3.00e-04 | wd=0.0819 | mom=0.9500 | T=6.2 k=2.5 (mu_rec=6 mu_bwd=3) | grad=1.172 | tok/s=25,018 | tokens=0.09B
step=  2780 | loss=5.7304 | lr=3.00e-04 | wd=0.0818 | mom=0.9500 | T=4.5 k=2.5 (mu_rec=6 mu_bwd=3) | grad=1.664 | tok/s=22,935 | tokens=0.09B
step=  2790 | loss=5.8281 | lr=3.00e-04 | wd=0.0817 | mom=0.9500 | T=5.0 k=2.2 (mu_rec=6 mu_bwd=3) | grad=1.422 | tok/s=26,493 | tokens=0.09B
step=  2800 | loss=5.6339 | lr=3.00e-04 | wd=0.0817 | mom=0.9500 | T=4.8 k=2.5 (mu_rec=6 mu_bwd=3) | grad=1.320 | tok/s=25,494 | tokens=0.09B
step=  2810 | loss=5.6910 | lr=3.00e-04 | wd=0.0816 | mom=0.9500 | T=6.5 k=3.0 (mu_rec=6 mu_bwd=3) | grad=1.359 | tok/s=24,940 | tokens=0.09B
step=  2820 | loss=5.6534 | lr=3.00e-04 | wd=0.0815 | mom=0.9500 | T=5.5 k=3.0 (mu_rec=6 mu_bwd=3) | grad=1.133 | tok/s=27,417 | tokens=0.09B
step=  2830 | loss=5.7619 | lr=3.00e-04 | wd=0.0815 | mom=0.9500 | T=6.5 k=2.8 (mu_rec=6 mu_bwd=3) | grad=1.258 | tok/s=23,490 | tokens=0.09B
step=  2840 | loss=5.6800 | lr=3.00e-04 | wd=0.0814 | mom=0.9500 | T=5.2 k=2.8 (mu_rec=6 mu_bwd=3) | grad=2.000 | tok/s=25,880 | tokens=0.09B
step=  2850 | loss=5.7691 | lr=3.00e-04 | wd=0.0813 | mom=0.9500 | T=5.2 k=2.5 (mu_rec=6 mu_bwd=3) | grad=1.273 | tok/s=24,721 | tokens=0.09B
step=  2860 | loss=6.2710 | lr=3.00e-04 | wd=0.0813 | mom=0.9500 | T=6.0 k=2.8 (mu_rec=6 mu_bwd=3) | grad=1.750 | tok/s=25,981 | tokens=0.09B
step=  2870 | loss=6.5025 | lr=3.00e-04 | wd=0.0812 | mom=0.9500 | T=6.8 k=3.0 (mu_rec=6 mu_bwd=3) | grad=1.227 | tok/s=24,754 | tokens=0.09B
step=  2880 | loss=5.8906 | lr=3.00e-04 | wd=0.0811 | mom=0.9500 | T=6.0 k=3.0 (mu_rec=6 mu_bwd=3) | grad=1.000 | tok/s=25,522 | tokens=0.09B
step=  2890 | loss=5.5546 | lr=3.00e-04 | wd=0.0811 | mom=0.9500 | T=8.0 k=3.0 (mu_rec=6 mu_bwd=3) | grad=1.164 | tok/s=24,560 | tokens=0.09B
step=  2900 | loss=5.3368 | lr=3.00e-04 | wd=0.0810 | mom=0.9500 | T=8.5 k=3.0 (mu_rec=6 mu_bwd=3) | grad=1.031 | tok/s=23,655 | tokens=0.10B
step=  2910 | loss=5.5427 | lr=3.00e-04 | wd=0.0809 | mom=0.9500 | T=5.8 k=3.0 (mu_rec=6 mu_bwd=3) | grad=1.562 | tok/s=23,747 | tokens=0.10B
step=  2920 | loss=5.8979 | lr=3.00e-04 | wd=0.0809 | mom=0.9500 | T=7.0 k=2.8 (mu_rec=6 mu_bwd=3) | grad=1.359 | tok/s=24,232 | tokens=0.10B
step=  2930 | loss=5.7170 | lr=3.00e-04 | wd=0.0808 | mom=0.9500 | T=9.0 k=3.0 (mu_rec=6 mu_bwd=3) | grad=2.562 | tok/s=25,482 | tokens=0.10B
step=  2940 | loss=5.7149 | lr=3.00e-04 | wd=0.0807 | mom=0.9500 | T=7.2 k=3.0 (mu_rec=6 mu_bwd=3) | grad=1.109 | tok/s=22,613 | tokens=0.10B
step=  2950 | loss=5.8273 | lr=3.00e-04 | wd=0.0807 | mom=0.9500 | T=6.2 k=2.5 (mu_rec=6 mu_bwd=3) | grad=1.172 | tok/s=26,324 | tokens=0.10B
step=  2960 | loss=5.3962 | lr=3.00e-04 | wd=0.0806 | mom=0.9500 | T=5.2 k=2.5 (mu_rec=6 mu_bwd=3) | grad=1.086 | tok/s=23,587 | tokens=0.10B
step=  2970 | loss=5.6795 | lr=3.00e-04 | wd=0.0805 | mom=0.9500 | T=8.5 k=3.0 (mu_rec=6 mu_bwd=3) | grad=1.570 | tok/s=22,492 | tokens=0.10B
step=  2980 | loss=5.8443 | lr=3.00e-04 | wd=0.0805 | mom=0.9500 | T=8.0 k=2.5 (mu_rec=6 mu_bwd=3) | grad=2.188 | tok/s=23,132 | tokens=0.10B
step=  2990 | loss=5.8502 | lr=3.00e-04 | wd=0.0804 | mom=0.9500 | T=10.0 k=4.0 (mu_rec=7 mu_bwd=4) | grad=1.430 | tok/s=20,481 | tokens=0.10B
step=  3000 | loss=5.7447 | lr=3.00e-04 | wd=0.0803 | mom=0.9500 | T=6.0 k=3.0 (mu_rec=7 mu_bwd=4) | grad=1.914 | tok/s=20,176 | tokens=0.10B
step=  3010 | loss=5.7189 | lr=3.00e-04 | wd=0.0803 | mom=0.9500 | T=8.5 k=4.0 (mu_rec=7 mu_bwd=4) | grad=1.344 | tok/s=19,799 | tokens=0.10B
step=  3020 | loss=5.5753 | lr=3.00e-04 | wd=0.0802 | mom=0.9500 | T=6.5 k=4.0 (mu_rec=7 mu_bwd=4) | grad=1.047 | tok/s=21,902 | tokens=0.10B
step=  3030 | loss=5.7402 | lr=3.00e-04 | wd=0.0801 | mom=0.9500 | T=7.0 k=4.0 (mu_rec=7 mu_bwd=4) | grad=0.996 | tok/s=21,430 | tokens=0.10B
step=  3040 | loss=5.4599 | lr=3.00e-04 | wd=0.0801 | mom=0.9500 | T=8.8 k=4.0 (mu_rec=7 mu_bwd=4) | grad=1.469 | tok/s=21,704 | tokens=0.10B
step=  3050 | loss=5.8239 | lr=3.00e-04 | wd=0.0800 | mom=0.9500 | T=7.0 k=3.5 (mu_rec=7 mu_bwd=4) | grad=1.930 | tok/s=22,744 | tokens=0.10B
step=  3060 | loss=5.7942 | lr=3.00e-04 | wd=0.0800 | mom=0.9500 | T=7.8 k=4.0 (mu_rec=7 mu_bwd=4) | grad=1.102 | tok/s=20,487 | tokens=0.10B
step=  3070 | loss=5.8058 | lr=3.00e-04 | wd=0.0799 | mom=0.9500 | T=5.5 k=3.8 (mu_rec=7 mu_bwd=4) | grad=1.430 | tok/s=21,396 | tokens=0.10B
step=  3080 | loss=5.6837 | lr=3.00e-04 | wd=0.0798 | mom=0.9500 | T=5.8 k=3.5 (mu_rec=7 mu_bwd=4) | grad=0.965 | tok/s=22,284 | tokens=0.10B
step=  3090 | loss=5.7532 | lr=3.00e-04 | wd=0.0798 | mom=0.9500 | T=6.0 k=3.8 (mu_rec=7 mu_bwd=4) | grad=1.352 | tok/s=20,827 | tokens=0.10B
step=  3100 | loss=5.9019 | lr=3.00e-04 | wd=0.0797 | mom=0.9500 | T=8.2 k=3.5 (mu_rec=7 mu_bwd=4) | grad=1.227 | tok/s=20,305 | tokens=0.10B
step=  3110 | loss=5.7275 | lr=3.00e-04 | wd=0.0796 | mom=0.9500 | T=8.0 k=4.0 (mu_rec=7 mu_bwd=4) | grad=3.516 | tok/s=20,276 | tokens=0.10B
step=  3120 | loss=5.6367 | lr=3.00e-04 | wd=0.0796 | mom=0.9500 | T=7.2 k=4.0 (mu_rec=7 mu_bwd=4) | grad=1.406 | tok/s=20,250 | tokens=0.10B
step=  3130 | loss=5.4872 | lr=3.00e-04 | wd=0.0795 | mom=0.9500 | T=6.5 k=4.0 (mu_rec=7 mu_bwd=4) | grad=1.734 | tok/s=21,110 | tokens=0.10B
step=  3140 | loss=5.5754 | lr=3.00e-04 | wd=0.0794 | mom=0.9500 | T=9.8 k=4.0 (mu_rec=7 mu_bwd=4) | grad=1.359 | tok/s=20,137 | tokens=0.10B
step=  3150 | loss=5.8703 | lr=3.00e-04 | wd=0.0794 | mom=0.9500 | T=6.2 k=4.0 (mu_rec=7 mu_bwd=4) | grad=1.422 | tok/s=20,953 | tokens=0.10B
step=  3160 | loss=5.6045 | lr=3.00e-04 | wd=0.0793 | mom=0.9500 | T=7.0 k=4.0 (mu_rec=7 mu_bwd=4) | grad=1.680 | tok/s=20,032 | tokens=0.10B
step=  3170 | loss=5.6738 | lr=3.00e-04 | wd=0.0792 | mom=0.9500 | T=5.5 k=4.0 (mu_rec=7 mu_bwd=4) | grad=1.281 | tok/s=21,421 | tokens=0.10B
step=  3180 | loss=5.4081 | lr=3.00e-04 | wd=0.0792 | mom=0.9500 | T=6.8 k=3.5 (mu_rec=7 mu_bwd=4) | grad=1.109 | tok/s=22,074 | tokens=0.10B
step=  3190 | loss=5.5631 | lr=3.00e-04 | wd=0.0791 | mom=0.9500 | T=5.5 k=3.5 (mu_rec=7 mu_bwd=4) | grad=0.961 | tok/s=20,686 | tokens=0.10B
step=  3200 | loss=5.6108 | lr=3.00e-04 | wd=0.0790 | mom=0.9500 | T=5.5 k=3.2 (mu_rec=7 mu_bwd=4) | grad=3.250 | tok/s=20,334 | tokens=0.10B
step=  3210 | loss=5.5270 | lr=3.00e-04 | wd=0.0790 | mom=0.9500 | T=8.0 k=3.8 (mu_rec=7 mu_bwd=4) | grad=1.102 | tok/s=21,139 | tokens=0.11B
step=  3220 | loss=5.8169 | lr=3.00e-04 | wd=0.0789 | mom=0.9500 | T=7.0 k=4.0 (mu_rec=7 mu_bwd=4) | grad=1.188 | tok/s=19,365 | tokens=0.11B
step=  3230 | loss=5.6303 | lr=3.00e-04 | wd=0.0788 | mom=0.9500 | T=4.8 k=3.0 (mu_rec=7 mu_bwd=4) | grad=1.305 | tok/s=20,753 | tokens=0.11B
step=  3240 | loss=5.5713 | lr=3.00e-04 | wd=0.0788 | mom=0.9500 | T=3.2 k=2.8 (mu_rec=7 mu_bwd=4) | grad=1.102 | tok/s=22,005 | tokens=0.11B
step=  3250 | loss=5.6944 | lr=3.00e-04 | wd=0.0787 | mom=0.9500 | T=5.2 k=3.2 (mu_rec=7 mu_bwd=4) | grad=1.227 | tok/s=22,823 | tokens=0.11B
step=  3260 | loss=5.7021 | lr=3.00e-04 | wd=0.0786 | mom=0.9500 | T=7.8 k=4.0 (mu_rec=7 mu_bwd=4) | grad=2.156 | tok/s=20,010 | tokens=0.11B
step=  3270 | loss=5.6352 | lr=3.00e-04 | wd=0.0786 | mom=0.9500 | T=5.8 k=4.0 (mu_rec=7 mu_bwd=4) | grad=1.453 | tok/s=23,540 | tokens=0.11B
step=  3280 | loss=5.4940 | lr=3.00e-04 | wd=0.0785 | mom=0.9500 | T=5.5 k=3.8 (mu_rec=7 mu_bwd=4) | grad=1.484 | tok/s=20,372 | tokens=0.11B
step=  3290 | loss=5.7459 | lr=3.00e-04 | wd=0.0784 | mom=0.9500 | T=8.8 k=4.0 (mu_rec=7 mu_bwd=4) | grad=1.211 | tok/s=20,899 | tokens=0.11B
step=  3300 | loss=5.6925 | lr=3.00e-04 | wd=0.0784 | mom=0.9500 | T=5.5 k=3.8 (mu_rec=7 mu_bwd=4) | grad=2.234 | tok/s=22,412 | tokens=0.11B
step=  3310 | loss=5.6130 | lr=3.00e-04 | wd=0.0783 | mom=0.9500 | T=5.2 k=2.5 (mu_rec=7 mu_bwd=4) | grad=1.102 | tok/s=21,666 | tokens=0.11B
step=  3320 | loss=5.6326 | lr=3.00e-04 | wd=0.0782 | mom=0.9500 | T=8.0 k=3.8 (mu_rec=7 mu_bwd=4) | grad=1.078 | tok/s=21,436 | tokens=0.11B
step=  3330 | loss=5.6621 | lr=3.00e-04 | wd=0.0782 | mom=0.9500 | T=7.0 k=4.0 (mu_rec=7 mu_bwd=4) | grad=1.172 | tok/s=21,368 | tokens=0.11B
step=  3340 | loss=5.6618 | lr=3.00e-04 | wd=0.0781 | mom=0.9500 | T=11.8 k=3.5 (mu_rec=7 mu_bwd=4) | grad=2.078 | tok/s=21,963 | tokens=0.11B
step=  3350 | loss=5.7410 | lr=3.00e-04 | wd=0.0781 | mom=0.9500 | T=11.0 k=3.5 (mu_rec=7 mu_bwd=4) | grad=1.586 | tok/s=19,630 | tokens=0.11B
step=  3360 | loss=6.1472 | lr=3.00e-04 | wd=0.0780 | mom=0.9500 | T=7.0 k=3.2 (mu_rec=7 mu_bwd=4) | grad=1.875 | tok/s=22,168 | tokens=0.11B
step=  3370 | loss=5.5388 | lr=3.00e-04 | wd=0.0779 | mom=0.9500 | T=10.0 k=4.0 (mu_rec=7 mu_bwd=4) | grad=3.078 | tok/s=8,234 | tokens=0.11B
step=  3380 | loss=5.6632 | lr=3.00e-04 | wd=0.0779 | mom=0.9500 | T=9.0 k=4.0 (mu_rec=7 mu_bwd=4) | grad=1.477 | tok/s=21,166 | tokens=0.11B
step=  3390 | loss=5.5723 | lr=3.00e-04 | wd=0.0778 | mom=0.9500 | T=6.8 k=3.8 (mu_rec=7 mu_bwd=4) | grad=1.734 | tok/s=8,537 | tokens=0.11B
step=  3400 | loss=5.7090 | lr=3.00e-04 | wd=0.0777 | mom=0.9500 | T=6.8 k=3.5 (mu_rec=7 mu_bwd=4) | grad=2.266 | tok/s=21,798 | tokens=0.11B
step=  3410 | loss=5.5619 | lr=3.00e-04 | wd=0.0777 | mom=0.9500 | T=5.8 k=3.2 (mu_rec=7 mu_bwd=4) | grad=1.516 | tok/s=21,457 | tokens=0.11B
step=  3420 | loss=5.4467 | lr=3.00e-04 | wd=0.0776 | mom=0.9500 | T=7.2 k=3.5 (mu_rec=7 mu_bwd=4) | grad=2.453 | tok/s=21,673 | tokens=0.11B
step=  3430 | loss=5.4107 | lr=3.00e-04 | wd=0.0775 | mom=0.9500 | T=8.2 k=4.0 (mu_rec=7 mu_bwd=4) | grad=1.195 | tok/s=21,733 | tokens=0.11B
step=  3440 | loss=5.7761 | lr=3.00e-04 | wd=0.0775 | mom=0.9500 | T=6.0 k=3.0 (mu_rec=7 mu_bwd=4) | grad=1.789 | tok/s=21,214 | tokens=0.11B
step=  3450 | loss=5.7046 | lr=3.00e-04 | wd=0.0774 | mom=0.9500 | T=5.8 k=4.0 (mu_rec=7 mu_bwd=4) | grad=1.586 | tok/s=21,736 | tokens=0.11B
step=  3460 | loss=5.7728 | lr=3.00e-04 | wd=0.0773 | mom=0.9500 | T=6.8 k=3.2 (mu_rec=7 mu_bwd=4) | grad=1.719 | tok/s=21,339 | tokens=0.11B
step=  3470 | loss=5.7905 | lr=3.00e-04 | wd=0.0773 | mom=0.9500 | T=8.2 k=4.0 (mu_rec=7 mu_bwd=4) | grad=2.125 | tok/s=20,099 | tokens=0.11B
step=  3480 | loss=5.7765 | lr=3.00e-04 | wd=0.0772 | mom=0.9500 | T=6.0 k=3.5 (mu_rec=7 mu_bwd=4) | grad=1.430 | tok/s=20,619 | tokens=0.11B
step=  3490 | loss=5.6247 | lr=3.00e-04 | wd=0.0771 | mom=0.9500 | T=4.2 k=3.0 (mu_rec=7 mu_bwd=4) | grad=1.797 | tok/s=21,340 | tokens=0.11B
step=  3500 | loss=5.7515 | lr=3.00e-04 | wd=0.0771 | mom=0.9500 | T=6.2 k=3.2 (mu_rec=7 mu_bwd=4) | grad=1.438 | tok/s=23,020 | tokens=0.11B
step=  3510 | loss=5.5791 | lr=3.00e-04 | wd=0.0770 | mom=0.9500 | T=6.5 k=3.5 (mu_rec=7 mu_bwd=4) | grad=1.320 | tok/s=21,881 | tokens=0.12B
step=  3520 | loss=5.7939 | lr=3.00e-04 | wd=0.0769 | mom=0.9500 | T=8.0 k=3.8 (mu_rec=7 mu_bwd=4) | grad=0.984 | tok/s=21,611 | tokens=0.12B
step=  3530 | loss=5.6621 | lr=3.00e-04 | wd=0.0769 | mom=0.9500 | T=9.2 k=4.0 (mu_rec=8 mu_bwd=4) | grad=1.609 | tok/s=21,304 | tokens=0.12B
step=  3540 | loss=5.7377 | lr=3.00e-04 | wd=0.0768 | mom=0.9500 | T=12.2 k=4.0 (mu_rec=8 mu_bwd=4) | grad=1.383 | tok/s=19,804 | tokens=0.12B
step=  3550 | loss=5.6060 | lr=3.00e-04 | wd=0.0767 | mom=0.9500 | T=5.0 k=3.8 (mu_rec=8 mu_bwd=4) | grad=1.969 | tok/s=20,512 | tokens=0.12B
step=  3560 | loss=5.6430 | lr=3.00e-04 | wd=0.0767 | mom=0.9500 | T=5.0 k=3.2 (mu_rec=8 mu_bwd=4) | grad=1.312 | tok/s=19,663 | tokens=0.12B
step=  3570 | loss=5.6824 | lr=3.00e-04 | wd=0.0766 | mom=0.9500 | T=6.8 k=4.0 (mu_rec=8 mu_bwd=4) | grad=0.953 | tok/s=18,177 | tokens=0.12B
step=  3580 | loss=5.7098 | lr=3.00e-04 | wd=0.0765 | mom=0.9500 | T=11.0 k=3.5 (mu_rec=8 mu_bwd=4) | grad=1.172 | tok/s=19,804 | tokens=0.12B
step=  3590 | loss=5.9152 | lr=3.00e-04 | wd=0.0765 | mom=0.9500 | T=13.5 k=4.0 (mu_rec=8 mu_bwd=4) | grad=1.234 | tok/s=19,091 | tokens=0.12B
step=  3600 | loss=5.5573 | lr=3.00e-04 | wd=0.0764 | mom=0.9500 | T=10.2 k=4.0 (mu_rec=8 mu_bwd=4) | grad=1.359 | tok/s=19,553 | tokens=0.12B
step=  3610 | loss=5.6477 | lr=3.00e-04 | wd=0.0763 | mom=0.9500 | T=7.0 k=4.0 (mu_rec=8 mu_bwd=4) | grad=2.359 | tok/s=21,402 | tokens=0.12B
step=  3620 | loss=5.5097 | lr=3.00e-04 | wd=0.0763 | mom=0.9500 | T=7.2 k=3.8 (mu_rec=8 mu_bwd=4) | grad=1.094 | tok/s=21,756 | tokens=0.12B
step=  3630 | loss=5.6862 | lr=3.00e-04 | wd=0.0762 | mom=0.9500 | T=10.8 k=4.0 (mu_rec=8 mu_bwd=4) | grad=1.219 | tok/s=18,771 | tokens=0.12B
step=  3640 | loss=5.8891 | lr=3.00e-04 | wd=0.0762 | mom=0.9500 | T=13.5 k=4.0 (mu_rec=8 mu_bwd=4) | grad=2.625 | tok/s=18,285 | tokens=0.12B
step=  3650 | loss=5.5376 | lr=3.00e-04 | wd=0.0761 | mom=0.9500 | T=9.0 k=3.2 (mu_rec=8 mu_bwd=4) | grad=1.977 | tok/s=20,506 | tokens=0.12B
step=  3660 | loss=5.7105 | lr=3.00e-04 | wd=0.0760 | mom=0.9500 | T=5.0 k=3.5 (mu_rec=8 mu_bwd=4) | grad=1.453 | tok/s=20,341 | tokens=0.12B
step=  3670 | loss=5.6073 | lr=3.00e-04 | wd=0.0760 | mom=0.9500 | T=4.2 k=3.0 (mu_rec=8 mu_bwd=4) | grad=2.188 | tok/s=20,218 | tokens=0.12B
step=  3680 | loss=5.6021 | lr=3.00e-04 | wd=0.0759 | mom=0.9500 | T=10.2 k=4.0 (mu_rec=8 mu_bwd=4) | grad=1.180 | tok/s=19,171 | tokens=0.12B
step=  3690 | loss=5.4754 | lr=3.00e-04 | wd=0.0758 | mom=0.9500 | T=10.0 k=4.0 (mu_rec=8 mu_bwd=4) | grad=1.602 | tok/s=19,662 | tokens=0.12B
step=  3700 | loss=5.6377 | lr=3.00e-04 | wd=0.0758 | mom=0.9500 | T=6.8 k=3.5 (mu_rec=8 mu_bwd=4) | grad=1.594 | tok/s=19,531 | tokens=0.12B
step=  3710 | loss=5.5242 | lr=3.00e-04 | wd=0.0757 | mom=0.9500 | T=8.0 k=4.0 (mu_rec=8 mu_bwd=4) | grad=2.156 | tok/s=19,139 | tokens=0.12B
step=  3720 | loss=5.9884 | lr=3.00e-04 | wd=0.0756 | mom=0.9500 | T=5.2 k=4.0 (mu_rec=8 mu_bwd=4) | grad=1.125 | tok/s=20,577 | tokens=0.12B
step=  3730 | loss=5.6472 | lr=3.00e-04 | wd=0.0756 | mom=0.9500 | T=3.5 k=3.0 (mu_rec=8 mu_bwd=4) | grad=1.633 | tok/s=19,748 | tokens=0.12B
step=  3740 | loss=5.6986 | lr=3.00e-04 | wd=0.0755 | mom=0.9500 | T=8.8 k=4.0 (mu_rec=8 mu_bwd=4) | grad=1.555 | tok/s=18,205 | tokens=0.12B
step=  3750 | loss=5.6015 | lr=3.00e-04 | wd=0.0754 | mom=0.9500 | T=5.5 k=3.5 (mu_rec=8 mu_bwd=4) | grad=1.727 | tok/s=21,755 | tokens=0.12B
step=  3760 | loss=5.5956 | lr=3.00e-04 | wd=0.0754 | mom=0.9500 | T=4.8 k=3.2 (mu_rec=8 mu_bwd=4) | grad=2.016 | tok/s=19,791 | tokens=0.12B
step=  3770 | loss=5.7044 | lr=3.00e-04 | wd=0.0753 | mom=0.9500 | T=8.5 k=4.0 (mu_rec=8 mu_bwd=4) | grad=2.125 | tok/s=19,204 | tokens=0.12B
step=  3780 | loss=5.6891 | lr=3.00e-04 | wd=0.0752 | mom=0.9500 | T=9.0 k=4.0 (mu_rec=8 mu_bwd=4) | grad=1.453 | tok/s=20,686 | tokens=0.12B
step=  3790 | loss=5.5539 | lr=3.00e-04 | wd=0.0752 | mom=0.9500 | T=8.5 k=3.8 (mu_rec=8 mu_bwd=4) | grad=3.734 | tok/s=18,784 | tokens=0.12B
step=  3800 | loss=5.3872 | lr=3.00e-04 | wd=0.0751 | mom=0.9500 | T=5.0 k=3.2 (mu_rec=8 mu_bwd=4) | grad=1.086 | tok/s=19,291 | tokens=0.12B
step=  3810 | loss=5.6274 | lr=3.00e-04 | wd=0.0750 | mom=0.9500 | T=7.0 k=3.8 (mu_rec=8 mu_bwd=4) | grad=1.055 | tok/s=20,503 | tokens=0.12B
step=  3820 | loss=5.6429 | lr=3.00e-04 | wd=0.0750 | mom=0.9500 | T=10.8 k=3.5 (mu_rec=8 mu_bwd=4) | grad=0.992 | tok/s=19,650 | tokens=0.13B
step=  3830 | loss=5.5806 | lr=3.00e-04 | wd=0.0749 | mom=0.9500 | T=6.0 k=3.2 (mu_rec=8 mu_bwd=4) | grad=0.949 | tok/s=18,805 | tokens=0.13B
step=  3840 | loss=5.4227 | lr=3.00e-04 | wd=0.0748 | mom=0.9500 | T=7.0 k=3.8 (mu_rec=8 mu_bwd=4) | grad=1.156 | tok/s=19,933 | tokens=0.13B
step=  3850 | loss=5.6154 | lr=3.00e-04 | wd=0.0748 | mom=0.9500 | T=9.8 k=4.0 (mu_rec=8 mu_bwd=4) | grad=1.383 | tok/s=19,762 | tokens=0.13B
step=  3860 | loss=5.6836 | lr=3.00e-04 | wd=0.0747 | mom=0.9500 | T=8.8 k=4.0 (mu_rec=8 mu_bwd=4) | grad=1.008 | tok/s=20,562 | tokens=0.13B
step=  3870 | loss=5.6665 | lr=3.00e-04 | wd=0.0746 | mom=0.9500 | T=5.2 k=3.2 (mu_rec=8 mu_bwd=4) | grad=1.242 | tok/s=20,165 | tokens=0.13B
step=  3880 | loss=5.6654 | lr=3.00e-04 | wd=0.0746 | mom=0.9500 | T=14.5 k=3.8 (mu_rec=8 mu_bwd=4) | grad=1.086 | tok/s=19,065 | tokens=0.13B
step=  3890 | loss=5.8570 | lr=3.00e-04 | wd=0.0745 | mom=0.9500 | T=9.8 k=4.0 (mu_rec=8 mu_bwd=4) | grad=1.328 | tok/s=19,522 | tokens=0.13B
step=  3900 | loss=5.5635 | lr=3.00e-04 | wd=0.0744 | mom=0.9500 | T=8.8 k=3.8 (mu_rec=8 mu_bwd=4) | grad=2.859 | tok/s=17,983 | tokens=0.13B
step=  3910 | loss=5.7775 | lr=3.00e-04 | wd=0.0744 | mom=0.9500 | T=6.2 k=3.5 (mu_rec=8 mu_bwd=4) | grad=1.500 | tok/s=19,456 | tokens=0.13B
step=  3920 | loss=5.6281 | lr=3.00e-04 | wd=0.0743 | mom=0.9500 | T=5.0 k=3.2 (mu_rec=8 mu_bwd=4) | grad=1.336 | tok/s=20,499 | tokens=0.13B
step=  3930 | loss=5.5967 | lr=3.00e-04 | wd=0.0742 | mom=0.9500 | T=5.0 k=3.2 (mu_rec=8 mu_bwd=4) | grad=4.000 | tok/s=21,341 | tokens=0.13B
step=  3940 | loss=5.6844 | lr=3.00e-04 | wd=0.0742 | mom=0.9500 | T=7.5 k=3.5 (mu_rec=8 mu_bwd=4) | grad=1.008 | tok/s=19,744 | tokens=0.13B
step=  3950 | loss=5.7675 | lr=3.00e-04 | wd=0.0741 | mom=0.9500 | T=7.0 k=3.5 (mu_rec=8 mu_bwd=4) | grad=2.016 | tok/s=19,865 | tokens=0.13B
step=  3960 | loss=5.6725 | lr=3.00e-04 | wd=0.0741 | mom=0.9500 | T=8.2 k=4.0 (mu_rec=8 mu_bwd=4) | grad=1.625 | tok/s=18,826 | tokens=0.13B
step=  3970 | loss=5.7083 | lr=3.00e-04 | wd=0.0740 | mom=0.9500 | T=7.5 k=4.0 (mu_rec=8 mu_bwd=4) | grad=1.234 | tok/s=19,569 | tokens=0.13B
step=  3980 | loss=5.6218 | lr=3.00e-04 | wd=0.0739 | mom=0.9500 | T=9.5 k=4.0 (mu_rec=8 mu_bwd=4) | grad=1.516 | tok/s=20,238 | tokens=0.13B
step=  3990 | loss=5.4943 | lr=3.00e-04 | wd=0.0739 | mom=0.9500 | T=6.8 k=3.0 (mu_rec=8 mu_bwd=4) | grad=1.391 | tok/s=21,355 | tokens=0.13B
step=  4000 | loss=5.7002 | lr=3.00e-04 | wd=0.0738 | mom=0.9500 | T=5.0 k=3.8 (mu_rec=8 mu_bwd=4) | grad=0.965 | tok/s=19,599 | tokens=0.13B
[step 4000] Saved -> runs/cortex-verify-k4/checkpoint_0004000
step=  4010 | loss=5.6036 | lr=3.00e-04 | wd=0.0737 | mom=0.9500 | T=9.8 k=3.2 (mu_rec=8 mu_bwd=4) | grad=1.289 | tok/s=17,836 | tokens=0.13B
step=  4020 | loss=5.7712 | lr=3.00e-04 | wd=0.0737 | mom=0.9500 | T=8.2 k=3.8 (mu_rec=8 mu_bwd=4) | grad=1.906 | tok/s=20,024 | tokens=0.13B
step=  4030 | loss=5.6542 | lr=3.00e-04 | wd=0.0736 | mom=0.9500 | T=9.5 k=4.0 (mu_rec=8 mu_bwd=4) | grad=1.023 | tok/s=20,971 | tokens=0.13B
step=  4040 | loss=5.6224 | lr=3.00e-04 | wd=0.0735 | mom=0.9500 | T=4.5 k=3.8 (mu_rec=8 mu_bwd=4) | grad=1.883 | tok/s=21,654 | tokens=0.13B
step=  4050 | loss=5.5150 | lr=3.00e-04 | wd=0.0735 | mom=0.9500 | T=6.0 k=3.8 (mu_rec=8 mu_bwd=4) | grad=1.883 | tok/s=19,450 | tokens=0.13B
step=  4060 | loss=5.5444 | lr=3.00e-04 | wd=0.0734 | mom=0.9500 | T=6.5 k=4.0 (mu_rec=8 mu_bwd=4) | grad=3.062 | tok/s=20,932 | tokens=0.13B
step=  4070 | loss=5.5884 | lr=3.00e-04 | wd=0.0733 | mom=0.9500 | T=7.8 k=4.0 (mu_rec=8 mu_bwd=4) | grad=1.312 | tok/s=19,921 | tokens=0.13B
step=  4080 | loss=5.5607 | lr=3.00e-04 | wd=0.0733 | mom=0.9500 | T=6.8 k=3.5 (mu_rec=8 mu_bwd=4) | grad=1.945 | tok/s=19,932 | tokens=0.13B
step=  4090 | loss=5.2781 | lr=3.00e-04 | wd=0.0732 | mom=0.9500 | T=7.2 k=4.0 (mu_rec=8 mu_bwd=4) | grad=2.281 | tok/s=20,785 | tokens=0.13B
step=  4100 | loss=5.3450 | lr=3.00e-04 | wd=0.0731 | mom=0.9500 | T=7.5 k=3.8 (mu_rec=8 mu_bwd=4) | grad=1.438 | tok/s=19,965 | tokens=0.13B
step=  4110 | loss=5.7734 | lr=3.00e-04 | wd=0.0731 | mom=0.9500 | T=6.8 k=3.2 (mu_rec=8 mu_bwd=4) | grad=1.398 | tok/s=20,805 | tokens=0.13B
step=  4120 | loss=5.7202 | lr=3.00e-04 | wd=0.0730 | mom=0.9500 | T=5.8 k=3.5 (mu_rec=8 mu_bwd=4) | grad=1.086 | tok/s=19,888 | tokens=0.14B
step=  4130 | loss=5.7131 | lr=3.00e-04 | wd=0.0729 | mom=0.9500 | T=7.0 k=4.0 (mu_rec=8 mu_bwd=4) | grad=1.234 | tok/s=20,966 | tokens=0.14B
step=  4140 | loss=5.5882 | lr=3.00e-04 | wd=0.0729 | mom=0.9500 | T=6.8 k=3.8 (mu_rec=8 mu_bwd=4) | grad=1.711 | tok/s=20,367 | tokens=0.14B
step=  4150 | loss=5.6045 | lr=3.00e-04 | wd=0.0728 | mom=0.9500 | T=10.2 k=3.5 (mu_rec=8 mu_bwd=4) | grad=2.422 | tok/s=21,134 | tokens=0.14B
step=  4160 | loss=5.8599 | lr=3.00e-04 | wd=0.0727 | mom=0.9500 | T=8.8 k=4.0 (mu_rec=8 mu_bwd=4) | grad=4.219 | tok/s=19,906 | tokens=0.14B
step=  4170 | loss=5.5845 | lr=3.00e-04 | wd=0.0727 | mom=0.9500 | T=5.2 k=3.5 (mu_rec=8 mu_bwd=4) | grad=1.344 | tok/s=19,334 | tokens=0.14B
step=  4180 | loss=5.7216 | lr=3.00e-04 | wd=0.0726 | mom=0.9500 | T=5.0 k=3.2 (mu_rec=8 mu_bwd=4) | grad=1.391 | tok/s=21,570 | tokens=0.14B
step=  4190 | loss=5.5476 | lr=3.00e-04 | wd=0.0725 | mom=0.9500 | T=12.2 k=3.8 (mu_rec=8 mu_bwd=4) | grad=1.453 | tok/s=20,561 | tokens=0.14B
step=  4200 | loss=5.5696 | lr=3.00e-04 | wd=0.0725 | mom=0.9500 | T=13.8 k=4.0 (mu_rec=8 mu_bwd=4) | grad=1.156 | tok/s=20,900 | tokens=0.14B
step=  4210 | loss=5.6378 | lr=3.00e-04 | wd=0.0724 | mom=0.9500 | T=8.0 k=4.0 (mu_rec=8 mu_bwd=4) | grad=1.258 | tok/s=20,475 | tokens=0.14B
step=  4220 | loss=5.7099 | lr=3.00e-04 | wd=0.0723 | mom=0.9500 | T=11.0 k=3.8 (mu_rec=8 mu_bwd=4) | grad=1.203 | tok/s=21,198 | tokens=0.14B
step=  4230 | loss=5.5673 | lr=3.00e-04 | wd=0.0723 | mom=0.9500 | T=8.2 k=4.0 (mu_rec=8 mu_bwd=4) | grad=1.281 | tok/s=20,393 | tokens=0.14B
step=  4240 | loss=5.6393 | lr=3.00e-04 | wd=0.0722 | mom=0.9500 | T=11.0 k=3.5 (mu_rec=8 mu_bwd=4) | grad=1.227 | tok/s=9,197 | tokens=0.14B
step=  4250 | loss=5.6683 | lr=3.00e-04 | wd=0.0722 | mom=0.9500 | T=7.2 k=3.5 (mu_rec=8 mu_bwd=4) | grad=1.883 | tok/s=19,372 | tokens=0.14B
step=  4260 | loss=5.6138 | lr=3.00e-04 | wd=0.0721 | mom=0.9500 | T=9.8 k=4.0 (mu_rec=8 mu_bwd=4) | grad=2.969 | tok/s=19,939 | tokens=0.14B
step=  4270 | loss=5.8643 | lr=3.00e-04 | wd=0.0720 | mom=0.9500 | T=7.2 k=3.8 (mu_rec=8 mu_bwd=4) | grad=1.742 | tok/s=8,312 | tokens=0.14B
step=  4280 | loss=5.9824 | lr=3.00e-04 | wd=0.0720 | mom=0.9500 | T=4.8 k=3.8 (mu_rec=8 mu_bwd=4) | grad=1.391 | tok/s=21,495 | tokens=0.14B
step=  4290 | loss=5.7877 | lr=3.00e-04 | wd=0.0719 | mom=0.9500 | T=5.2 k=3.8 (mu_rec=8 mu_bwd=4) | grad=2.172 | tok/s=21,395 | tokens=0.14B
step=  4300 | loss=5.6401 | lr=3.00e-04 | wd=0.0718 | mom=0.9500 | T=9.8 k=4.0 (mu_rec=8 mu_bwd=4) | grad=1.367 | tok/s=19,806 | tokens=0.14B
step=  4310 | loss=5.8033 | lr=3.00e-04 | wd=0.0718 | mom=0.9500 | T=5.5 k=3.2 (mu_rec=8 mu_bwd=4) | grad=2.141 | tok/s=20,521 | tokens=0.14B
step=  4320 | loss=5.6236 | lr=3.00e-04 | wd=0.0717 | mom=0.9500 | T=11.8 k=4.0 (mu_rec=8 mu_bwd=4) | grad=1.195 | tok/s=19,487 | tokens=0.14B
step=  4330 | loss=5.2186 | lr=3.00e-04 | wd=0.0716 | mom=0.9500 | T=4.8 k=3.0 (mu_rec=8 mu_bwd=4) | grad=1.180 | tok/s=20,956 | tokens=0.14B
step=  4340 | loss=5.6783 | lr=3.00e-04 | wd=0.0716 | mom=0.9500 | T=17.5 k=4.0 (mu_rec=8 mu_bwd=4) | grad=1.531 | tok/s=18,345 | tokens=0.14B
step=  4350 | loss=5.6250 | lr=3.00e-04 | wd=0.0715 | mom=0.9500 | T=4.5 k=3.2 (mu_rec=8 mu_bwd=4) | grad=1.008 | tok/s=20,609 | tokens=0.14B
step=  4360 | loss=5.7329 | lr=3.00e-04 | wd=0.0714 | mom=0.9500 | T=7.0 k=4.0 (mu_rec=8 mu_bwd=4) | grad=2.312 | tok/s=19,872 | tokens=0.14B
step=  4370 | loss=5.7748 | lr=3.00e-04 | wd=0.0714 | mom=0.9500 | T=8.2 k=4.0 (mu_rec=8 mu_bwd=4) | grad=1.203 | tok/s=19,391 | tokens=0.14B
step=  4380 | loss=5.6997 | lr=3.00e-04 | wd=0.0713 | mom=0.9500 | T=4.2 k=3.5 (mu_rec=8 mu_bwd=4) | grad=1.141 | tok/s=19,597 | tokens=0.14B
step=  4390 | loss=5.7761 | lr=3.00e-04 | wd=0.0712 | mom=0.9500 | T=7.0 k=3.8 (mu_rec=8 mu_bwd=4) | grad=1.219 | tok/s=20,677 | tokens=0.14B
step=  4400 | loss=5.5697 | lr=3.00e-04 | wd=0.0712 | mom=0.9500 | T=7.2 k=4.0 (mu_rec=8 mu_bwd=4) | grad=1.633 | tok/s=21,217 | tokens=0.14B
step=  4410 | loss=5.7738 | lr=3.00e-04 | wd=0.0711 | mom=0.9500 | T=4.8 k=3.5 (mu_rec=8 mu_bwd=4) | grad=4.438 | tok/s=20,226 | tokens=0.14B
step=  4420 | loss=5.4800 | lr=3.00e-04 | wd=0.0710 | mom=0.9500 | T=4.2 k=3.5 (mu_rec=8 mu_bwd=4) | grad=1.070 | tok/s=18,489 | tokens=0.14B
step=  4430 | loss=5.6493 | lr=3.00e-04 | wd=0.0710 | mom=0.9500 | T=7.5 k=3.2 (mu_rec=8 mu_bwd=4) | grad=1.023 | tok/s=19,221 | tokens=0.15B
step=  4440 | loss=5.5722 | lr=3.00e-04 | wd=0.0709 | mom=0.9500 | T=8.8 k=3.8 (mu_rec=8 mu_bwd=4) | grad=2.391 | tok/s=19,923 | tokens=0.15B
step=  4450 | loss=5.6731 | lr=3.00e-04 | wd=0.0708 | mom=0.9500 | T=4.5 k=3.0 (mu_rec=8 mu_bwd=4) | grad=1.906 | tok/s=19,967 | tokens=0.15B
step=  4460 | loss=5.5817 | lr=3.00e-04 | wd=0.0708 | mom=0.9500 | T=11.2 k=4.0 (mu_rec=8 mu_bwd=4) | grad=1.258 | tok/s=19,450 | tokens=0.15B
step=  4470 | loss=5.6209 | lr=3.00e-04 | wd=0.0707 | mom=0.9500 | T=7.5 k=4.0 (mu_rec=8 mu_bwd=4) | grad=2.297 | tok/s=20,879 | tokens=0.15B
step=  4480 | loss=5.6612 | lr=3.00e-04 | wd=0.0706 | mom=0.9500 | T=7.8 k=4.0 (mu_rec=8 mu_bwd=4) | grad=1.148 | tok/s=19,091 | tokens=0.15B
step=  4490 | loss=5.6762 | lr=3.00e-04 | wd=0.0706 | mom=0.9500 | T=8.0 k=4.0 (mu_rec=8 mu_bwd=4) | grad=1.172 | tok/s=19,935 | tokens=0.15B
step=  4500 | loss=5.3898 | lr=3.00e-04 | wd=0.0705 | mom=0.9500 | T=11.8 k=3.8 (mu_rec=8 mu_bwd=4) | grad=1.344 | tok/s=20,076 | tokens=0.15B
step=  4510 | loss=5.5570 | lr=3.00e-04 | wd=0.0704 | mom=0.9500 | T=7.8 k=3.5 (mu_rec=8 mu_bwd=4) | grad=2.062 | tok/s=20,916 | tokens=0.15B
step=  4520 | loss=5.4163 | lr=3.00e-04 | wd=0.0704 | mom=0.9500 | T=8.0 k=3.5 (mu_rec=8 mu_bwd=4) | grad=5.188 | tok/s=20,070 | tokens=0.15B
step=  4530 | loss=5.5193 | lr=3.00e-04 | wd=0.0703 | mom=0.9500 | T=6.8 k=4.0 (mu_rec=8 mu_bwd=4) | grad=1.977 | tok/s=19,376 | tokens=0.15B
step=  4540 | loss=5.5548 | lr=3.00e-04 | wd=0.0703 | mom=0.9500 | T=5.2 k=3.5 (mu_rec=8 mu_bwd=4) | grad=1.164 | tok/s=21,580 | tokens=0.15B
step=  4550 | loss=5.5853 | lr=3.00e-04 | wd=0.0702 | mom=0.9500 | T=7.8 k=4.0 (mu_rec=8 mu_bwd=4) | grad=1.289 | tok/s=20,704 | tokens=0.15B
step=  4560 | loss=5.5242 | lr=3.00e-04 | wd=0.0701 | mom=0.9500 | T=9.0 k=4.0 (mu_rec=8 mu_bwd=4) | grad=1.586 | tok/s=21,761 | tokens=0.15B
step=  4570 | loss=5.7762 | lr=3.00e-04 | wd=0.0701 | mom=0.9500 | T=4.5 k=3.2 (mu_rec=8 mu_bwd=4) | grad=1.508 | tok/s=20,805 | tokens=0.15B
step=  4580 | loss=5.6372 | lr=3.00e-04 | wd=0.0700 | mom=0.9500 | T=6.5 k=3.8 (mu_rec=8 mu_bwd=4) | grad=3.266 | tok/s=19,347 | tokens=0.15B
step=  4590 | loss=5.6330 | lr=3.00e-04 | wd=0.0699 | mom=0.9500 | T=7.5 k=4.0 (mu_rec=8 mu_bwd=4) | grad=4.344 | tok/s=20,177 | tokens=0.15B
step=  4600 | loss=5.6034 | lr=3.00e-04 | wd=0.0699 | mom=0.9500 | T=5.8 k=3.5 (mu_rec=8 mu_bwd=4) | grad=1.438 | tok/s=18,754 | tokens=0.15B
step=  4610 | loss=5.7751 | lr=3.00e-04 | wd=0.0698 | mom=0.9500 | T=8.2 k=3.8 (mu_rec=8 mu_bwd=4) | grad=1.641 | tok/s=20,558 | tokens=0.15B
step=  4620 | loss=5.6678 | lr=3.00e-04 | wd=0.0697 | mom=0.9500 | T=7.5 k=3.2 (mu_rec=8 mu_bwd=4) | grad=1.414 | tok/s=20,638 | tokens=0.15B
step=  4630 | loss=5.6070 | lr=3.00e-04 | wd=0.0697 | mom=0.9500 | T=5.8 k=3.8 (mu_rec=8 mu_bwd=4) | grad=1.664 | tok/s=19,493 | tokens=0.15B
step=  4640 | loss=5.4788 | lr=3.00e-04 | wd=0.0696 | mom=0.9500 | T=3.2 k=2.8 (mu_rec=8 mu_bwd=4) | grad=1.711 | tok/s=23,442 | tokens=0.15B
step=  4650 | loss=5.4111 | lr=3.00e-04 | wd=0.0695 | mom=0.9500 | T=7.0 k=3.8 (mu_rec=8 mu_bwd=4) | grad=1.406 | tok/s=19,139 | tokens=0.15B
step=  4660 | loss=5.3324 | lr=3.00e-04 | wd=0.0695 | mom=0.9500 | T=13.0 k=4.0 (mu_rec=8 mu_bwd=4) | grad=1.328 | tok/s=20,148 | tokens=0.15B
step=  4670 | loss=5.6662 | lr=3.00e-04 | wd=0.0694 | mom=0.9500 | T=4.8 k=3.8 (mu_rec=8 mu_bwd=4) | grad=1.305 | tok/s=19,574 | tokens=0.15B
step=  4680 | loss=5.7070 | lr=3.00e-04 | wd=0.0693 | mom=0.9500 | T=5.8 k=4.0 (mu_rec=8 mu_bwd=4) | grad=1.312 | tok/s=20,781 | tokens=0.15B
step=  4690 | loss=5.5488 | lr=3.00e-04 | wd=0.0693 | mom=0.9500 | T=7.8 k=4.0 (mu_rec=8 mu_bwd=4) | grad=1.047 | tok/s=19,314 | tokens=0.15B
step=  4700 | loss=5.4693 | lr=3.00e-04 | wd=0.0692 | mom=0.9500 | T=6.5 k=4.0 (mu_rec=8 mu_bwd=4) | grad=1.859 | tok/s=19,809 | tokens=0.15B
step=  4710 | loss=5.6445 | lr=3.00e-04 | wd=0.0691 | mom=0.9500 | T=12.2 k=3.8 (mu_rec=8 mu_bwd=4) | grad=2.531 | tok/s=19,874 | tokens=0.15B
step=  4720 | loss=5.6781 | lr=3.00e-04 | wd=0.0691 | mom=0.9500 | T=3.5 k=3.0 (mu_rec=8 mu_bwd=4) | grad=0.957 | tok/s=20,543 | tokens=0.15B
step=  4730 | loss=5.6475 | lr=3.00e-04 | wd=0.0690 | mom=0.9500 | T=10.0 k=4.0 (mu_rec=8 mu_bwd=4) | grad=1.125 | tok/s=20,336 | tokens=0.15B
step=  4740 | loss=5.4823 | lr=3.00e-04 | wd=0.0689 | mom=0.9500 | T=11.0 k=3.2 (mu_rec=8 mu_bwd=4) | grad=1.812 | tok/s=21,235 | tokens=0.16B
step=  4750 | loss=5.5257 | lr=3.00e-04 | wd=0.0689 | mom=0.9500 | T=15.8 k=4.0 (mu_rec=8 mu_bwd=4) | grad=1.156 | tok/s=19,926 | tokens=0.16B
step=  4760 | loss=5.5466 | lr=3.00e-04 | wd=0.0688 | mom=0.9500 | T=6.2 k=4.0 (mu_rec=8 mu_bwd=4) | grad=1.133 | tok/s=19,125 | tokens=0.16B
step=  4770 | loss=5.3076 | lr=3.00e-04 | wd=0.0687 | mom=0.9500 | T=10.5 k=4.0 (mu_rec=8 mu_bwd=4) | grad=2.531 | tok/s=19,382 | tokens=0.16B
step=  4780 | loss=5.6786 | lr=3.00e-04 | wd=0.0687 | mom=0.9500 | T=5.5 k=3.2 (mu_rec=8 mu_bwd=4) | grad=1.297 | tok/s=18,739 | tokens=0.16B
step=  4790 | loss=5.6020 | lr=3.00e-04 | wd=0.0686 | mom=0.9500 | T=8.8 k=3.8 (mu_rec=8 mu_bwd=4) | grad=1.188 | tok/s=21,201 | tokens=0.16B
step=  4800 | loss=5.6209 | lr=3.00e-04 | wd=0.0685 | mom=0.9500 | T=11.5 k=4.0 (mu_rec=8 mu_bwd=4) | grad=1.172 | tok/s=17,559 | tokens=0.16B
step=  4810 | loss=5.5461 | lr=3.00e-04 | wd=0.0685 | mom=0.9500 | T=8.5 k=4.0 (mu_rec=8 mu_bwd=4) | grad=1.266 | tok/s=18,403 | tokens=0.16B
step=  4820 | loss=5.5427 | lr=3.00e-04 | wd=0.0684 | mom=0.9500 | T=5.8 k=3.2 (mu_rec=8 mu_bwd=4) | grad=1.242 | tok/s=19,923 | tokens=0.16B
step=  4830 | loss=5.6466 | lr=3.00e-04 | wd=0.0684 | mom=0.9500 | T=5.5 k=3.2 (mu_rec=8 mu_bwd=4) | grad=2.281 | tok/s=19,934 | tokens=0.16B
step=  4840 | loss=5.5626 | lr=3.00e-04 | wd=0.0683 | mom=0.9500 | T=10.0 k=4.0 (mu_rec=8 mu_bwd=4) | grad=1.688 | tok/s=17,402 | tokens=0.16B
step=  4850 | loss=5.6129 | lr=3.00e-04 | wd=0.0682 | mom=0.9500 | T=10.5 k=4.0 (mu_rec=8 mu_bwd=4) | grad=1.297 | tok/s=19,216 | tokens=0.16B
step=  4860 | loss=5.7078 | lr=3.00e-04 | wd=0.0682 | mom=0.9500 | T=4.0 k=3.5 (mu_rec=8 mu_bwd=4) | grad=1.672 | tok/s=19,231 | tokens=0.16B
step=  4870 | loss=5.5602 | lr=3.00e-04 | wd=0.0681 | mom=0.9500 | T=3.8 k=3.2 (mu_rec=8 mu_bwd=4) | grad=2.094 | tok/s=19,469 | tokens=0.16B
step=  4880 | loss=5.6165 | lr=3.00e-04 | wd=0.0680 | mom=0.9500 | T=7.0 k=2.8 (mu_rec=8 mu_bwd=4) | grad=1.281 | tok/s=20,133 | tokens=0.16B
step=  4890 | loss=5.7910 | lr=3.00e-04 | wd=0.0680 | mom=0.9500 | T=10.5 k=3.5 (mu_rec=8 mu_bwd=4) | grad=1.469 | tok/s=18,861 | tokens=0.16B
step=  4900 | loss=5.6427 | lr=3.00e-04 | wd=0.0679 | mom=0.9500 | T=8.0 k=3.5 (mu_rec=8 mu_bwd=4) | grad=1.250 | tok/s=21,809 | tokens=0.16B
step=  4910 | loss=5.5757 | lr=3.00e-04 | wd=0.0678 | mom=0.9500 | T=7.5 k=3.5 (mu_rec=8 mu_bwd=4) | grad=1.133 | tok/s=19,289 | tokens=0.16B
step=  4920 | loss=5.4326 | lr=3.00e-04 | wd=0.0678 | mom=0.9500 | T=10.2 k=4.0 (mu_rec=8 mu_bwd=4) | grad=1.344 | tok/s=19,104 | tokens=0.16B
step=  4930 | loss=5.4435 | lr=3.00e-04 | wd=0.0677 | mom=0.9500 | T=9.2 k=3.8 (mu_rec=8 mu_bwd=4) | grad=1.812 | tok/s=20,357 | tokens=0.16B
step=  4940 | loss=5.5574 | lr=3.00e-04 | wd=0.0676 | mom=0.9500 | T=9.5 k=3.5 (mu_rec=8 mu_bwd=4) | grad=1.062 | tok/s=19,861 | tokens=0.16B
step=  4950 | loss=5.6376 | lr=3.00e-04 | wd=0.0676 | mom=0.9500 | T=11.8 k=4.0 (mu_rec=8 mu_bwd=4) | grad=1.203 | tok/s=19,089 | tokens=0.16B
step=  4960 | loss=5.7763 | lr=3.00e-04 | wd=0.0675 | mom=0.9500 | T=8.8 k=3.8 (mu_rec=8 mu_bwd=4) | grad=3.297 | tok/s=18,945 | tokens=0.16B
step=  4970 | loss=5.7796 | lr=3.00e-04 | wd=0.0674 | mom=0.9500 | T=4.5 k=3.2 (mu_rec=8 mu_bwd=4) | grad=1.234 | tok/s=20,747 | tokens=0.16B
step=  4980 | loss=5.6090 | lr=3.00e-04 | wd=0.0674 | mom=0.9500 | T=2.5 k=2.5 (mu_rec=8 mu_bwd=4) | grad=1.328 | tok/s=21,719 | tokens=0.16B
step=  4990 | loss=5.6548 | lr=3.00e-04 | wd=0.0673 | mom=0.9500 | T=11.0 k=4.0 (mu_rec=8 mu_bwd=4) | grad=1.703 | tok/s=19,604 | tokens=0.16B
step=  5000 | loss=6.6635 | lr=3.00e-04 | wd=0.0672 | mom=0.9500 | T=8.0 k=4.0 (mu_rec=8 mu_bwd=4) | grad=2.156 | tok/s=20,472 | tokens=0.16B
step=  5010 | loss=5.5661 | lr=3.00e-04 | wd=0.0672 | mom=0.9500 | T=10.5 k=4.0 (mu_rec=8 mu_bwd=4) | grad=2.828 | tok/s=19,014 | tokens=0.16B
step=  5020 | loss=5.5855 | lr=3.00e-04 | wd=0.0671 | mom=0.9500 | T=10.8 k=3.8 (mu_rec=8 mu_bwd=4) | grad=1.617 | tok/s=8,525 | tokens=0.16B
step=  5030 | loss=5.6211 | lr=3.00e-04 | wd=0.0670 | mom=0.9500 | T=9.2 k=3.2 (mu_rec=8 mu_bwd=4) | grad=1.148 | tok/s=18,689 | tokens=0.16B
step=  5040 | loss=5.3794 | lr=3.00e-04 | wd=0.0670 | mom=0.9500 | T=5.0 k=3.5 (mu_rec=8 mu_bwd=4) | grad=1.695 | tok/s=20,445 | tokens=0.17B
step=  5050 | loss=5.6730 | lr=3.00e-04 | wd=0.0669 | mom=0.9500 | T=4.5 k=3.8 (mu_rec=8 mu_bwd=4) | grad=1.438 | tok/s=20,821 | tokens=0.17B
step=  5060 | loss=5.5953 | lr=3.00e-04 | wd=0.0668 | mom=0.9500 | T=10.0 k=3.8 (mu_rec=8 mu_bwd=4) | grad=1.898 | tok/s=20,107 | tokens=0.17B
step=  5070 | loss=5.5704 | lr=3.00e-04 | wd=0.0668 | mom=0.9500 | T=4.2 k=3.2 (mu_rec=8 mu_bwd=4) | grad=1.227 | tok/s=19,725 | tokens=0.17B
step=  5080 | loss=5.7601 | lr=3.00e-04 | wd=0.0667 | mom=0.9500 | T=7.2 k=4.0 (mu_rec=8 mu_bwd=4) | grad=1.930 | tok/s=18,646 | tokens=0.17B
step=  5090 | loss=5.6015 | lr=3.00e-04 | wd=0.0666 | mom=0.9500 | T=12.2 k=4.0 (mu_rec=8 mu_bwd=4) | grad=1.195 | tok/s=19,447 | tokens=0.17B
step=  5100 | loss=5.4188 | lr=3.00e-04 | wd=0.0666 | mom=0.9500 | T=8.2 k=4.0 (mu_rec=8 mu_bwd=4) | grad=1.312 | tok/s=21,181 | tokens=0.17B
step=  5110 | loss=5.5974 | lr=3.00e-04 | wd=0.0665 | mom=0.9500 | T=10.5 k=3.5 (mu_rec=8 mu_bwd=4) | grad=1.703 | tok/s=21,483 | tokens=0.17B
step=  5120 | loss=5.5427 | lr=3.00e-04 | wd=0.0665 | mom=0.9500 | T=10.0 k=4.0 (mu_rec=8 mu_bwd=4) | grad=2.234 | tok/s=21,354 | tokens=0.17B
step=  5130 | loss=5.7231 | lr=3.00e-04 | wd=0.0664 | mom=0.9500 | T=4.8 k=4.0 (mu_rec=8 mu_bwd=4) | grad=1.562 | tok/s=20,584 | tokens=0.17B
step=  5140 | loss=5.6675 | lr=3.00e-04 | wd=0.0663 | mom=0.9500 | T=9.8 k=4.0 (mu_rec=8 mu_bwd=4) | grad=1.758 | tok/s=20,393 | tokens=0.17B
step=  5150 | loss=5.7277 | lr=3.00e-04 | wd=0.0663 | mom=0.9500 | T=5.5 k=3.0 (mu_rec=8 mu_bwd=4) | grad=1.906 | tok/s=20,183 | tokens=0.17B
step=  5160 | loss=5.7360 | lr=3.00e-04 | wd=0.0662 | mom=0.9500 | T=8.5 k=4.0 (mu_rec=8 mu_bwd=4) | grad=2.422 | tok/s=8,284 | tokens=0.17B
step=  5170 | loss=5.5767 | lr=3.00e-04 | wd=0.0661 | mom=0.9500 | T=7.8 k=4.0 (mu_rec=8 mu_bwd=4) | grad=3.672 | tok/s=20,907 | tokens=0.17B
step=  5180 | loss=5.6243 | lr=3.00e-04 | wd=0.0661 | mom=0.9500 | T=7.5 k=4.0 (mu_rec=8 mu_bwd=4) | grad=1.258 | tok/s=20,161 | tokens=0.17B
step=  5190 | loss=5.4695 | lr=3.00e-04 | wd=0.0660 | mom=0.9500 | T=10.0 k=3.8 (mu_rec=8 mu_bwd=4) | grad=1.430 | tok/s=21,186 | tokens=0.17B
step=  5200 | loss=5.6516 | lr=3.00e-04 | wd=0.0659 | mom=0.9500 | T=4.8 k=3.2 (mu_rec=8 mu_bwd=4) | grad=2.438 | tok/s=20,831 | tokens=0.17B
step=  5210 | loss=5.4838 | lr=3.00e-04 | wd=0.0659 | mom=0.9500 | T=5.2 k=3.8 (mu_rec=8 mu_bwd=4) | grad=3.922 | tok/s=19,725 | tokens=0.17B
step=  5220 | loss=5.5587 | lr=3.00e-04 | wd=0.0658 | mom=0.9500 | T=6.8 k=3.5 (mu_rec=8 mu_bwd=4) | grad=1.992 | tok/s=20,295 | tokens=0.17B
step=  5230 | loss=5.7654 | lr=3.00e-04 | wd=0.0657 | mom=0.9500 | T=7.8 k=3.8 (mu_rec=8 mu_bwd=4) | grad=3.047 | tok/s=20,290 | tokens=0.17B
step=  5240 | loss=5.8072 | lr=3.00e-04 | wd=0.0657 | mom=0.9500 | T=7.2 k=4.0 (mu_rec=8 mu_bwd=4) | grad=2.859 | tok/s=19,780 | tokens=0.17B
step=  5250 | loss=5.5300 | lr=3.00e-04 | wd=0.0656 | mom=0.9500 | T=6.0 k=4.0 (mu_rec=8 mu_bwd=4) | grad=1.906 | tok/s=20,474 | tokens=0.17B
step=  5260 | loss=5.5893 | lr=3.00e-04 | wd=0.0655 | mom=0.9500 | T=9.8 k=3.8 (mu_rec=8 mu_bwd=4) | grad=1.250 | tok/s=19,504 | tokens=0.17B
step=  5270 | loss=5.7819 | lr=3.00e-04 | wd=0.0655 | mom=0.9500 | T=5.0 k=3.5 (mu_rec=8 mu_bwd=4) | grad=2.656 | tok/s=21,252 | tokens=0.17B
step=  5280 | loss=6.0037 | lr=3.00e-04 | wd=0.0654 | mom=0.9500 | T=6.0 k=4.0 (mu_rec=8 mu_bwd=4) | grad=1.883 | tok/s=22,986 | tokens=0.17B
step=  5290 | loss=5.5970 | lr=3.00e-04 | wd=0.0653 | mom=0.9500 | T=11.8 k=4.0 (mu_rec=8 mu_bwd=4) | grad=1.609 | tok/s=20,760 | tokens=0.17B
step=  5300 | loss=5.6066 | lr=3.00e-04 | wd=0.0653 | mom=0.9500 | T=7.5 k=3.8 (mu_rec=8 mu_bwd=4) | grad=1.375 | tok/s=20,357 | tokens=0.17B
step=  5310 | loss=5.4260 | lr=3.00e-04 | wd=0.0652 | mom=0.9500 | T=6.2 k=3.8 (mu_rec=8 mu_bwd=4) | grad=1.586 | tok/s=20,707 | tokens=0.17B
step=  5320 | loss=5.6176 | lr=3.00e-04 | wd=0.0651 | mom=0.9500 | T=7.5 k=4.0 (mu_rec=8 mu_bwd=4) | grad=3.594 | tok/s=20,245 | tokens=0.17B
step=  5330 | loss=5.6370 | lr=3.00e-04 | wd=0.0651 | mom=0.9500 | T=6.8 k=3.5 (mu_rec=8 mu_bwd=4) | grad=1.750 | tok/s=21,209 | tokens=0.17B
step=  5340 | loss=5.6438 | lr=3.00e-04 | wd=0.0650 | mom=0.9500 | T=12.2 k=4.0 (mu_rec=8 mu_bwd=4) | grad=1.367 | tok/s=18,714 | tokens=0.17B
step=  5350 | loss=5.7131 | lr=3.00e-04 | wd=0.0649 | mom=0.9500 | T=9.0 k=3.2 (mu_rec=8 mu_bwd=4) | grad=3.484 | tok/s=19,480 | tokens=0.18B
step=  5360 | loss=5.5672 | lr=3.00e-04 | wd=0.0649 | mom=0.9500 | T=4.2 k=3.5 (mu_rec=8 mu_bwd=4) | grad=3.125 | tok/s=20,632 | tokens=0.18B
step=  5370 | loss=5.5924 | lr=3.00e-04 | wd=0.0648 | mom=0.9500 | T=12.2 k=4.0 (mu_rec=8 mu_bwd=4) | grad=2.641 | tok/s=18,556 | tokens=0.18B
step=  5380 | loss=5.7000 | lr=3.00e-04 | wd=0.0647 | mom=0.9500 | T=7.0 k=3.2 (mu_rec=8 mu_bwd=4) | grad=1.656 | tok/s=21,445 | tokens=0.18B
step=  5390 | loss=5.5975 | lr=3.00e-04 | wd=0.0647 | mom=0.9500 | T=5.5 k=3.8 (mu_rec=8 mu_bwd=4) | grad=1.617 | tok/s=19,912 | tokens=0.18B
step=  5400 | loss=5.7396 | lr=3.00e-04 | wd=0.0646 | mom=0.9500 | T=4.5 k=2.8 (mu_rec=8 mu_bwd=4) | grad=1.266 | tok/s=21,123 | tokens=0.18B
step=  5410 | loss=5.5452 | lr=3.00e-04 | wd=0.0645 | mom=0.9500 | T=8.5 k=4.0 (mu_rec=8 mu_bwd=4) | grad=1.703 | tok/s=20,121 | tokens=0.18B
step=  5420 | loss=5.4581 | lr=3.00e-04 | wd=0.0645 | mom=0.9500 | T=7.2 k=4.0 (mu_rec=8 mu_bwd=4) | grad=1.281 | tok/s=18,472 | tokens=0.18B
step=  5430 | loss=5.6740 | lr=3.00e-04 | wd=0.0644 | mom=0.9500 | T=7.2 k=4.0 (mu_rec=8 mu_bwd=4) | grad=2.469 | tok/s=19,705 | tokens=0.18B
step=  5440 | loss=6.6781 | lr=3.00e-04 | wd=0.0644 | mom=0.9500 | T=7.8 k=3.2 (mu_rec=8 mu_bwd=4) | grad=2.438 | tok/s=19,091 | tokens=0.18B
step=  5450 | loss=6.3332 | lr=3.00e-04 | wd=0.0643 | mom=0.9500 | T=9.0 k=3.5 (mu_rec=8 mu_bwd=4) | grad=1.648 | tok/s=20,037 | tokens=0.18B
step=  5460 | loss=5.6975 | lr=3.00e-04 | wd=0.0642 | mom=0.9500 | T=8.8 k=4.0 (mu_rec=8 mu_bwd=4) | grad=1.906 | tok/s=20,757 | tokens=0.18B
step=  5470 | loss=5.5419 | lr=3.00e-04 | wd=0.0642 | mom=0.9500 | T=2.8 k=2.5 (mu_rec=8 mu_bwd=4) | grad=1.555 | tok/s=20,185 | tokens=0.18B
step=  5480 | loss=5.7463 | lr=3.00e-04 | wd=0.0641 | mom=0.9500 | T=8.2 k=3.8 (mu_rec=8 mu_bwd=4) | grad=1.898 | tok/s=20,970 | tokens=0.18B
step=  5490 | loss=5.7147 | lr=3.00e-04 | wd=0.0640 | mom=0.9500 | T=9.2 k=3.8 (mu_rec=8 mu_bwd=4) | grad=1.609 | tok/s=18,927 | tokens=0.18B
step=  5500 | loss=6.6935 | lr=3.00e-04 | wd=0.0640 | mom=0.9500 | T=7.0 k=4.0 (mu_rec=8 mu_bwd=4) | grad=2.875 | tok/s=19,284 | tokens=0.18B
step=  5510 | loss=5.7902 | lr=3.00e-04 | wd=0.0639 | mom=0.9500 | T=7.2 k=4.0 (mu_rec=8 mu_bwd=4) | grad=1.352 | tok/s=21,108 | tokens=0.18B
step=  5520 | loss=5.5431 | lr=3.00e-04 | wd=0.0638 | mom=0.9500 | T=8.2 k=4.0 (mu_rec=8 mu_bwd=4) | grad=1.141 | tok/s=17,826 | tokens=0.18B
step=  5530 | loss=5.5425 | lr=3.00e-04 | wd=0.0638 | mom=0.9500 | T=9.0 k=3.8 (mu_rec=8 mu_bwd=4) | grad=1.195 | tok/s=20,272 | tokens=0.18B
step=  5540 | loss=5.5951 | lr=3.00e-04 | wd=0.0637 | mom=0.9500 | T=9.5 k=4.0 (mu_rec=8 mu_bwd=4) | grad=1.117 | tok/s=19,472 | tokens=0.18B
step=  5550 | loss=5.5825 | lr=3.00e-04 | wd=0.0636 | mom=0.9500 | T=11.8 k=4.0 (mu_rec=8 mu_bwd=4) | grad=1.633 | tok/s=18,891 | tokens=0.18B
step=  5560 | loss=5.2848 | lr=3.00e-04 | wd=0.0636 | mom=0.9500 | T=6.0 k=4.0 (mu_rec=8 mu_bwd=4) | grad=1.609 | tok/s=19,116 | tokens=0.18B
step=  5570 | loss=5.4371 | lr=3.00e-04 | wd=0.0635 | mom=0.9500 | T=8.5 k=4.0 (mu_rec=8 mu_bwd=4) | grad=4.625 | tok/s=19,495 | tokens=0.18B
step=  5580 | loss=5.5502 | lr=3.00e-04 | wd=0.0634 | mom=0.9500 | T=4.0 k=3.5 (mu_rec=8 mu_bwd=4) | grad=1.266 | tok/s=23,352 | tokens=0.18B
step=  5590 | loss=5.5669 | lr=3.00e-04 | wd=0.0634 | mom=0.9500 | T=10.0 k=4.0 (mu_rec=8 mu_bwd=4) | grad=1.234 | tok/s=19,210 | tokens=0.18B
step=  5600 | loss=5.6553 | lr=3.00e-04 | wd=0.0633 | mom=0.9500 | T=9.5 k=3.2 (mu_rec=8 mu_bwd=4) | grad=1.219 | tok/s=20,564 | tokens=0.18B
step=  5610 | loss=5.5971 | lr=3.00e-04 | wd=0.0632 | mom=0.9500 | T=9.8 k=4.0 (mu_rec=8 mu_bwd=4) | grad=1.656 | tok/s=19,508 | tokens=0.18B
step=  5620 | loss=5.5060 | lr=3.00e-04 | wd=0.0632 | mom=0.9500 | T=7.2 k=3.2 (mu_rec=8 mu_bwd=4) | grad=1.383 | tok/s=20,091 | tokens=0.18B
step=  5630 | loss=6.1931 | lr=3.00e-04 | wd=0.0631 | mom=0.9500 | T=8.0 k=3.5 (mu_rec=8 mu_bwd=4) | grad=1.336 | tok/s=18,704 | tokens=0.18B
step=  5640 | loss=5.5865 | lr=3.00e-04 | wd=0.0630 | mom=0.9500 | T=7.2 k=3.5 (mu_rec=8 mu_bwd=4) | grad=1.430 | tok/s=20,268 | tokens=0.18B
step=  5650 | loss=5.5950 | lr=3.00e-04 | wd=0.0630 | mom=0.9500 | T=6.8 k=3.5 (mu_rec=8 mu_bwd=4) | grad=1.695 | tok/s=19,962 | tokens=0.19B
step=  5660 | loss=5.5847 | lr=3.00e-04 | wd=0.0629 | mom=0.9500 | T=8.0 k=4.0 (mu_rec=8 mu_bwd=4) | grad=1.836 | tok/s=20,440 | tokens=0.19B
step=  5670 | loss=5.7170 | lr=3.00e-04 | wd=0.0628 | mom=0.9500 | T=11.5 k=4.0 (mu_rec=8 mu_bwd=4) | grad=0.992 | tok/s=19,292 | tokens=0.19B
step=  5680 | loss=5.6502 | lr=3.00e-04 | wd=0.0628 | mom=0.9500 | T=5.5 k=4.0 (mu_rec=8 mu_bwd=4) | grad=1.547 | tok/s=19,822 | tokens=0.19B
step=  5690 | loss=6.0800 | lr=3.00e-04 | wd=0.0627 | mom=0.9500 | T=5.8 k=3.5 (mu_rec=8 mu_bwd=4) | grad=1.648 | tok/s=20,692 | tokens=0.19B
step=  5700 | loss=5.3577 | lr=3.00e-04 | wd=0.0626 | mom=0.9500 | T=6.0 k=3.2 (mu_rec=8 mu_bwd=4) | grad=1.352 | tok/s=20,927 | tokens=0.19B
step=  5710 | loss=5.7347 | lr=3.00e-04 | wd=0.0626 | mom=0.9500 | T=9.5 k=4.0 (mu_rec=8 mu_bwd=4) | grad=1.742 | tok/s=18,880 | tokens=0.19B
step=  5720 | loss=5.6530 | lr=3.00e-04 | wd=0.0625 | mom=0.9500 | T=9.5 k=3.8 (mu_rec=8 mu_bwd=4) | grad=1.773 | tok/s=19,227 | tokens=0.19B
step=  5730 | loss=5.9139 | lr=3.00e-04 | wd=0.0625 | mom=0.9500 | T=6.5 k=3.5 (mu_rec=8 mu_bwd=4) | grad=6.812 | tok/s=19,862 | tokens=0.19B
step=  5740 | loss=5.7438 | lr=3.00e-04 | wd=0.0624 | mom=0.9500 | T=8.5 k=4.0 (mu_rec=8 mu_bwd=4) | grad=1.062 | tok/s=20,130 | tokens=0.19B
step=  5750 | loss=6.2402 | lr=3.00e-04 | wd=0.0623 | mom=0.9500 | T=4.0 k=3.5 (mu_rec=8 mu_bwd=4) | grad=1.984 | tok/s=19,470 | tokens=0.19B
step=  5760 | loss=5.7067 | lr=3.00e-04 | wd=0.0623 | mom=0.9500 | T=10.5 k=4.0 (mu_rec=8 mu_bwd=4) | grad=5.344 | tok/s=18,276 | tokens=0.19B
step=  5770 | loss=6.3026 | lr=3.00e-04 | wd=0.0622 | mom=0.9500 | T=8.5 k=3.8 (mu_rec=8 mu_bwd=4) | grad=1.461 | tok/s=18,175 | tokens=0.19B
step=  5780 | loss=5.5509 | lr=3.00e-04 | wd=0.0621 | mom=0.9500 | T=6.8 k=4.0 (mu_rec=8 mu_bwd=4) | grad=2.188 | tok/s=20,689 | tokens=0.19B
step=  5790 | loss=5.4344 | lr=3.00e-04 | wd=0.0621 | mom=0.9500 | T=7.2 k=3.5 (mu_rec=8 mu_bwd=4) | grad=1.477 | tok/s=19,704 | tokens=0.19B
step=  5800 | loss=5.5199 | lr=3.00e-04 | wd=0.0620 | mom=0.9500 | T=7.5 k=4.0 (mu_rec=8 mu_bwd=4) | grad=1.398 | tok/s=20,216 | tokens=0.19B
step=  5810 | loss=5.4894 | lr=3.00e-04 | wd=0.0619 | mom=0.9500 | T=5.5 k=3.2 (mu_rec=8 mu_bwd=4) | grad=1.516 | tok/s=18,391 | tokens=0.19B
step=  5820 | loss=5.5903 | lr=3.00e-04 | wd=0.0619 | mom=0.9500 | T=7.5 k=4.0 (mu_rec=8 mu_bwd=4) | grad=1.297 | tok/s=19,827 | tokens=0.19B
step=  5830 | loss=5.6577 | lr=3.00e-04 | wd=0.0618 | mom=0.9500 | T=5.5 k=3.5 (mu_rec=8 mu_bwd=4) | grad=1.289 | tok/s=21,191 | tokens=0.19B
step=  5840 | loss=5.5614 | lr=3.00e-04 | wd=0.0617 | mom=0.9500 | T=5.8 k=4.0 (mu_rec=8 mu_bwd=4) | grad=1.359 | tok/s=22,818 | tokens=0.19B
step=  5850 | loss=5.5484 | lr=3.00e-04 | wd=0.0617 | mom=0.9500 | T=7.8 k=4.0 (mu_rec=8 mu_bwd=4) | grad=1.453 | tok/s=18,535 | tokens=0.19B
step=  5860 | loss=5.6643 | lr=3.00e-04 | wd=0.0616 | mom=0.9500 | T=7.8 k=4.0 (mu_rec=8 mu_bwd=4) | grad=1.383 | tok/s=20,830 | tokens=0.19B
step=  5870 | loss=5.6549 | lr=3.00e-04 | wd=0.0615 | mom=0.9500 | T=9.0 k=3.8 (mu_rec=8 mu_bwd=4) | grad=0.992 | tok/s=18,206 | tokens=0.19B
step=  5880 | loss=5.4731 | lr=3.00e-04 | wd=0.0615 | mom=0.9500 | T=8.5 k=4.0 (mu_rec=8 mu_bwd=4) | grad=1.602 | tok/s=21,300 | tokens=0.19B
step=  5890 | loss=5.4432 | lr=3.00e-04 | wd=0.0614 | mom=0.9500 | T=6.2 k=2.5 (mu_rec=8 mu_bwd=4) | grad=1.398 | tok/s=19,698 | tokens=0.19B
step=  5900 | loss=5.7375 | lr=3.00e-04 | wd=0.0613 | mom=0.9500 | T=3.8 k=3.2 (mu_rec=8 mu_bwd=4) | grad=1.438 | tok/s=8,988 | tokens=0.19B
step=  5910 | loss=5.5527 | lr=3.00e-04 | wd=0.0613 | mom=0.9500 | T=8.8 k=4.0 (mu_rec=8 mu_bwd=4) | grad=1.328 | tok/s=19,969 | tokens=0.19B
step=  5920 | loss=5.5710 | lr=3.00e-04 | wd=0.0612 | mom=0.9500 | T=10.2 k=4.0 (mu_rec=8 mu_bwd=4) | grad=1.383 | tok/s=19,684 | tokens=0.19B
step=  5930 | loss=5.6767 | lr=3.00e-04 | wd=0.0611 | mom=0.9500 | T=10.0 k=3.2 (mu_rec=8 mu_bwd=4) | grad=1.383 | tok/s=20,229 | tokens=0.19B
step=  5940 | loss=5.6225 | lr=3.00e-04 | wd=0.0611 | mom=0.9500 | T=11.2 k=4.0 (mu_rec=8 mu_bwd=4) | grad=1.695 | tok/s=20,151 | tokens=0.19B
step=  5950 | loss=5.7807 | lr=3.00e-04 | wd=0.0610 | mom=0.9500 | T=7.5 k=4.0 (mu_rec=8 mu_bwd=4) | grad=1.164 | tok/s=19,173 | tokens=0.19B
step=  5960 | loss=5.5445 | lr=3.00e-04 | wd=0.0609 | mom=0.9500 | T=10.8 k=4.0 (mu_rec=8 mu_bwd=4) | grad=1.172 | tok/s=18,329 | tokens=0.20B
step=  5970 | loss=5.5206 | lr=3.00e-04 | wd=0.0609 | mom=0.9500 | T=5.0 k=3.8 (mu_rec=8 mu_bwd=4) | grad=4.688 | tok/s=18,345 | tokens=0.20B
step=  5980 | loss=5.5733 | lr=3.00e-04 | wd=0.0608 | mom=0.9500 | T=8.0 k=3.5 (mu_rec=8 mu_bwd=4) | grad=1.289 | tok/s=20,490 | tokens=0.20B
step=  5990 | loss=5.5277 | lr=3.00e-04 | wd=0.0607 | mom=0.9500 | T=10.2 k=4.0 (mu_rec=8 mu_bwd=4) | grad=1.094 | tok/s=19,693 | tokens=0.20B
step=  6000 | loss=5.6648 | lr=3.00e-04 | wd=0.0607 | mom=0.9500 | T=11.0 k=3.5 (mu_rec=8 mu_bwd=4) | grad=1.289 | tok/s=19,068 | tokens=0.20B
[step 6000] Saved -> runs/cortex-verify-k4/checkpoint_0006000
step=  6010 | loss=5.6819 | lr=3.00e-04 | wd=0.0606 | mom=0.9500 | T=6.2 k=4.0 (mu_rec=8 mu_bwd=4) | grad=0.914 | tok/s=17,608 | tokens=0.20B
step=  6020 | loss=5.4449 | lr=3.00e-04 | wd=0.0606 | mom=0.9500 | T=9.0 k=4.0 (mu_rec=8 mu_bwd=4) | grad=2.188 | tok/s=19,720 | tokens=0.20B
step=  6030 | loss=5.5392 | lr=3.00e-04 | wd=0.0605 | mom=0.9500 | T=5.5 k=3.5 (mu_rec=8 mu_bwd=4) | grad=1.266 | tok/s=20,821 | tokens=0.20B
step=  6040 | loss=5.7542 | lr=3.00e-04 | wd=0.0604 | mom=0.9500 | T=10.5 k=4.0 (mu_rec=8 mu_bwd=4) | grad=1.125 | tok/s=18,382 | tokens=0.20B
step=  6050 | loss=5.5517 | lr=3.00e-04 | wd=0.0604 | mom=0.9500 | T=9.8 k=4.0 (mu_rec=8 mu_bwd=4) | grad=2.953 | tok/s=7,565 | tokens=0.20B
step=  6060 | loss=5.6445 | lr=3.00e-04 | wd=0.0603 | mom=0.9500 | T=7.0 k=4.0 (mu_rec=8 mu_bwd=4) | grad=2.266 | tok/s=20,552 | tokens=0.20B
step=  6070 | loss=5.5159 | lr=3.00e-04 | wd=0.0602 | mom=0.9500 | T=9.2 k=3.2 (mu_rec=8 mu_bwd=4) | grad=1.281 | tok/s=20,448 | tokens=0.20B
step=  6080 | loss=5.5277 | lr=3.00e-04 | wd=0.0602 | mom=0.9500 | T=5.2 k=3.2 (mu_rec=8 mu_bwd=4) | grad=10.000 | tok/s=19,365 | tokens=0.20B
step=  6090 | loss=5.4527 | lr=3.00e-04 | wd=0.0601 | mom=0.9500 | T=9.0 k=4.0 (mu_rec=8 mu_bwd=4) | grad=1.844 | tok/s=20,968 | tokens=0.20B
step=  6100 | loss=5.4996 | lr=3.00e-04 | wd=0.0600 | mom=0.9500 | T=7.8 k=4.0 (mu_rec=8 mu_bwd=4) | grad=2.406 | tok/s=18,215 | tokens=0.20B
step=  6110 | loss=5.6346 | lr=3.00e-04 | wd=0.0600 | mom=0.9500 | T=5.0 k=3.5 (mu_rec=8 mu_bwd=4) | grad=1.617 | tok/s=20,767 | tokens=0.20B
step=  6120 | loss=5.6738 | lr=3.00e-04 | wd=0.0599 | mom=0.9500 | T=5.5 k=4.0 (mu_rec=8 mu_bwd=4) | grad=3.344 | tok/s=19,112 | tokens=0.20B
step=  6130 | loss=5.5434 | lr=3.00e-04 | wd=0.0598 | mom=0.9500 | T=11.5 k=4.0 (mu_rec=8 mu_bwd=4) | grad=6.375 | tok/s=17,800 | tokens=0.20B
step=  6140 | loss=5.5284 | lr=3.00e-04 | wd=0.0598 | mom=0.9500 | T=5.8 k=4.0 (mu_rec=8 mu_bwd=4) | grad=2.016 | tok/s=20,124 | tokens=0.20B
step=  6150 | loss=5.6616 | lr=3.00e-04 | wd=0.0597 | mom=0.9500 | T=8.8 k=4.0 (mu_rec=8 mu_bwd=4) | grad=1.516 | tok/s=19,986 | tokens=0.20B
step=  6160 | loss=5.5177 | lr=3.00e-04 | wd=0.0596 | mom=0.9500 | T=9.2 k=3.8 (mu_rec=8 mu_bwd=4) | grad=1.492 | tok/s=20,489 | tokens=0.20B
step=  6170 | loss=5.5151 | lr=3.00e-04 | wd=0.0596 | mom=0.9500 | T=7.5 k=3.2 (mu_rec=8 mu_bwd=4) | grad=1.953 | tok/s=19,799 | tokens=0.20B
step=  6180 | loss=5.3593 | lr=3.00e-04 | wd=0.0595 | mom=0.9500 | T=6.2 k=4.0 (mu_rec=8 mu_bwd=4) | grad=1.484 | tok/s=19,768 | tokens=0.20B
step=  6190 | loss=5.5431 | lr=3.00e-04 | wd=0.0594 | mom=0.9500 | T=8.5 k=4.0 (mu_rec=8 mu_bwd=4) | grad=2.812 | tok/s=19,989 | tokens=0.20B
step=  6200 | loss=5.4085 | lr=3.00e-04 | wd=0.0594 | mom=0.9500 | T=4.8 k=3.2 (mu_rec=8 mu_bwd=4) | grad=1.445 | tok/s=20,127 | tokens=0.20B
step=  6210 | loss=5.4027 | lr=3.00e-04 | wd=0.0593 | mom=0.9500 | T=7.0 k=3.5 (mu_rec=8 mu_bwd=4) | grad=1.188 | tok/s=18,842 | tokens=0.20B
step=  6220 | loss=5.5042 | lr=3.00e-04 | wd=0.0592 | mom=0.9500 | T=13.5 k=4.0 (mu_rec=8 mu_bwd=4) | grad=1.055 | tok/s=19,163 | tokens=0.20B
step=  6230 | loss=5.0551 | lr=3.00e-04 | wd=0.0592 | mom=0.9500 | T=5.8 k=4.0 (mu_rec=8 mu_bwd=4) | grad=1.500 | tok/s=20,604 | tokens=0.20B
step=  6240 | loss=5.2219 | lr=3.00e-04 | wd=0.0591 | mom=0.9500 | T=14.2 k=4.0 (mu_rec=8 mu_bwd=4) | grad=1.617 | tok/s=19,959 | tokens=0.20B
step=  6250 | loss=5.6825 | lr=3.00e-04 | wd=0.0590 | mom=0.9500 | T=13.5 k=4.0 (mu_rec=8 mu_bwd=4) | grad=2.484 | tok/s=18,676 | tokens=0.20B
step=  6260 | loss=5.4775 | lr=3.00e-04 | wd=0.0590 | mom=0.9500 | T=11.2 k=4.0 (mu_rec=8 mu_bwd=4) | grad=2.125 | tok/s=18,185 | tokens=0.21B
step=  6270 | loss=5.5335 | lr=3.00e-04 | wd=0.0589 | mom=0.9500 | T=7.2 k=3.8 (mu_rec=8 mu_bwd=4) | grad=1.758 | tok/s=20,335 | tokens=0.21B
step=  6280 | loss=5.5542 | lr=3.00e-04 | wd=0.0588 | mom=0.9500 | T=9.0 k=4.0 (mu_rec=8 mu_bwd=4) | grad=1.438 | tok/s=18,739 | tokens=0.21B
step=  6290 | loss=5.5227 | lr=3.00e-04 | wd=0.0588 | mom=0.9500 | T=6.8 k=3.5 (mu_rec=8 mu_bwd=4) | grad=3.000 | tok/s=19,220 | tokens=0.21B
step=  6300 | loss=5.5459 | lr=3.00e-04 | wd=0.0587 | mom=0.9500 | T=6.5 k=4.0 (mu_rec=8 mu_bwd=4) | grad=1.406 | tok/s=19,287 | tokens=0.21B
step=  6310 | loss=5.7752 | lr=3.00e-04 | wd=0.0587 | mom=0.9500 | T=5.8 k=3.2 (mu_rec=8 mu_bwd=4) | grad=1.203 | tok/s=21,283 | tokens=0.21B
step=  6320 | loss=5.5864 | lr=3.00e-04 | wd=0.0586 | mom=0.9500 | T=9.2 k=3.2 (mu_rec=8 mu_bwd=4) | grad=1.703 | tok/s=19,715 | tokens=0.21B
step=  6330 | loss=5.6372 | lr=3.00e-04 | wd=0.0585 | mom=0.9500 | T=10.2 k=4.0 (mu_rec=8 mu_bwd=4) | grad=1.469 | tok/s=19,103 | tokens=0.21B
step=  6340 | loss=5.4890 | lr=3.00e-04 | wd=0.0585 | mom=0.9500 | T=9.5 k=4.0 (mu_rec=8 mu_bwd=4) | grad=1.414 | tok/s=18,785 | tokens=0.21B
step=  6350 | loss=5.4156 | lr=3.00e-04 | wd=0.0584 | mom=0.9500 | T=6.2 k=3.2 (mu_rec=8 mu_bwd=4) | grad=1.414 | tok/s=20,327 | tokens=0.21B
step=  6360 | loss=5.4747 | lr=3.00e-04 | wd=0.0583 | mom=0.9500 | T=6.8 k=4.0 (mu_rec=8 mu_bwd=4) | grad=3.078 | tok/s=19,771 | tokens=0.21B
step=  6370 | loss=5.7014 | lr=3.00e-04 | wd=0.0583 | mom=0.9500 | T=11.8 k=4.0 (mu_rec=8 mu_bwd=4) | grad=1.516 | tok/s=20,248 | tokens=0.21B
step=  6380 | loss=5.5289 | lr=3.00e-04 | wd=0.0582 | mom=0.9500 | T=12.2 k=4.0 (mu_rec=8 mu_bwd=4) | grad=1.383 | tok/s=19,939 | tokens=0.21B
step=  6390 | loss=5.5962 | lr=3.00e-04 | wd=0.0581 | mom=0.9500 | T=5.0 k=3.5 (mu_rec=8 mu_bwd=4) | grad=1.141 | tok/s=20,226 | tokens=0.21B
step=  6400 | loss=5.5663 | lr=3.00e-04 | wd=0.0581 | mom=0.9500 | T=8.8 k=3.2 (mu_rec=8 mu_bwd=4) | grad=1.586 | tok/s=19,567 | tokens=0.21B
step=  6410 | loss=5.6171 | lr=3.00e-04 | wd=0.0580 | mom=0.9500 | T=5.5 k=4.0 (mu_rec=8 mu_bwd=4) | grad=1.773 | tok/s=20,533 | tokens=0.21B
step=  6420 | loss=5.8219 | lr=3.00e-04 | wd=0.0579 | mom=0.9500 | T=7.2 k=4.0 (mu_rec=8 mu_bwd=4) | grad=2.000 | tok/s=19,217 | tokens=0.21B
step=  6430 | loss=6.7218 | lr=3.00e-04 | wd=0.0579 | mom=0.9500 | T=7.2 k=4.0 (mu_rec=8 mu_bwd=4) | grad=4.031 | tok/s=20,487 | tokens=0.21B
step=  6440 | loss=5.6687 | lr=3.00e-04 | wd=0.0578 | mom=0.9500 | T=8.0 k=3.5 (mu_rec=8 mu_bwd=4) | grad=3.344 | tok/s=20,222 | tokens=0.21B
step=  6450 | loss=6.1693 | lr=3.00e-04 | wd=0.0577 | mom=0.9500 | T=7.2 k=4.0 (mu_rec=8 mu_bwd=4) | grad=2.500 | tok/s=19,875 | tokens=0.21B
step=  6460 | loss=5.5616 | lr=3.00e-04 | wd=0.0577 | mom=0.9500 | T=7.0 k=4.0 (mu_rec=8 mu_bwd=4) | grad=1.961 | tok/s=20,014 | tokens=0.21B
step=  6470 | loss=5.5937 | lr=3.00e-04 | wd=0.0576 | mom=0.9500 | T=6.0 k=4.0 (mu_rec=8 mu_bwd=4) | grad=1.625 | tok/s=19,097 | tokens=0.21B
step=  6480 | loss=5.4175 | lr=3.00e-04 | wd=0.0575 | mom=0.9500 | T=6.2 k=4.0 (mu_rec=8 mu_bwd=4) | grad=4.250 | tok/s=20,055 | tokens=0.21B
step=  6490 | loss=5.0887 | lr=3.00e-04 | wd=0.0575 | mom=0.9500 | T=5.2 k=3.8 (mu_rec=8 mu_bwd=4) | grad=1.672 | tok/s=20,332 | tokens=0.21B
step=  6500 | loss=5.6230 | lr=3.00e-04 | wd=0.0574 | mom=0.9500 | T=4.2 k=3.0 (mu_rec=8 mu_bwd=4) | grad=1.359 | tok/s=19,300 | tokens=0.21B
step=  6510 | loss=5.6507 | lr=3.00e-04 | wd=0.0573 | mom=0.9500 | T=12.0 k=4.0 (mu_rec=8 mu_bwd=4) | grad=1.812 | tok/s=19,613 | tokens=0.21B
step=  6520 | loss=5.6029 | lr=3.00e-04 | wd=0.0573 | mom=0.9500 | T=5.2 k=3.5 (mu_rec=8 mu_bwd=4) | grad=1.344 | tok/s=20,567 | tokens=0.21B
step=  6530 | loss=5.6152 | lr=3.00e-04 | wd=0.0572 | mom=0.9500 | T=7.0 k=3.8 (mu_rec=8 mu_bwd=4) | grad=1.289 | tok/s=20,579 | tokens=0.21B
step=  6540 | loss=5.5388 | lr=3.00e-04 | wd=0.0571 | mom=0.9500 | T=6.0 k=3.0 (mu_rec=8 mu_bwd=4) | grad=1.906 | tok/s=20,053 | tokens=0.21B
step=  6550 | loss=5.6115 | lr=3.00e-04 | wd=0.0571 | mom=0.9500 | T=4.5 k=3.2 (mu_rec=8 mu_bwd=4) | grad=1.852 | tok/s=19,682 | tokens=0.21B
step=  6560 | loss=5.4851 | lr=3.00e-04 | wd=0.0570 | mom=0.9500 | T=9.5 k=4.0 (mu_rec=8 mu_bwd=4) | grad=1.172 | tok/s=18,622 | tokens=0.21B
step=  6570 | loss=5.5549 | lr=3.00e-04 | wd=0.0569 | mom=0.9500 | T=6.2 k=3.0 (mu_rec=8 mu_bwd=4) | grad=1.141 | tok/s=20,044 | tokens=0.22B
step=  6580 | loss=5.4892 | lr=3.00e-04 | wd=0.0569 | mom=0.9500 | T=6.8 k=3.8 (mu_rec=8 mu_bwd=4) | grad=1.617 | tok/s=19,861 | tokens=0.22B
step=  6590 | loss=5.5885 | lr=3.00e-04 | wd=0.0568 | mom=0.9500 | T=7.2 k=3.8 (mu_rec=8 mu_bwd=4) | grad=1.289 | tok/s=21,144 | tokens=0.22B
step=  6600 | loss=5.6363 | lr=3.00e-04 | wd=0.0568 | mom=0.9500 | T=9.8 k=4.0 (mu_rec=8 mu_bwd=4) | grad=1.805 | tok/s=20,011 | tokens=0.22B
step=  6610 | loss=5.6460 | lr=3.00e-04 | wd=0.0567 | mom=0.9500 | T=10.8 k=4.0 (mu_rec=8 mu_bwd=4) | grad=1.758 | tok/s=20,545 | tokens=0.22B
step=  6620 | loss=5.5204 | lr=3.00e-04 | wd=0.0566 | mom=0.9500 | T=11.0 k=4.0 (mu_rec=8 mu_bwd=4) | grad=1.797 | tok/s=19,931 | tokens=0.22B
step=  6630 | loss=5.4687 | lr=3.00e-04 | wd=0.0566 | mom=0.9500 | T=6.5 k=3.2 (mu_rec=8 mu_bwd=4) | grad=1.664 | tok/s=20,592 | tokens=0.22B
step=  6640 | loss=5.5257 | lr=3.00e-04 | wd=0.0565 | mom=0.9500 | T=9.8 k=4.0 (mu_rec=8 mu_bwd=4) | grad=1.070 | tok/s=20,284 | tokens=0.22B
step=  6650 | loss=5.5002 | lr=3.00e-04 | wd=0.0564 | mom=0.9500 | T=12.8 k=4.0 (mu_rec=8 mu_bwd=4) | grad=1.469 | tok/s=19,642 | tokens=0.22B
step=  6660 | loss=5.3899 | lr=3.00e-04 | wd=0.0564 | mom=0.9500 | T=11.8 k=4.0 (mu_rec=8 mu_bwd=4) | grad=2.250 | tok/s=19,816 | tokens=0.22B
step=  6670 | loss=5.4272 | lr=3.00e-04 | wd=0.0563 | mom=0.9500 | T=8.2 k=4.0 (mu_rec=8 mu_bwd=4) | grad=1.258 | tok/s=22,474 | tokens=0.22B
step=  6680 | loss=5.8548 | lr=3.00e-04 | wd=0.0562 | mom=0.9500 | T=10.8 k=4.0 (mu_rec=8 mu_bwd=4) | grad=1.203 | tok/s=19,854 | tokens=0.22B
step=  6690 | loss=5.5459 | lr=3.00e-04 | wd=0.0562 | mom=0.9500 | T=11.0 k=3.5 (mu_rec=8 mu_bwd=4) | grad=1.766 | tok/s=19,118 | tokens=0.22B
step=  6700 | loss=5.8761 | lr=3.00e-04 | wd=0.0561 | mom=0.9500 | T=15.0 k=4.0 (mu_rec=8 mu_bwd=4) | grad=1.758 | tok/s=18,546 | tokens=0.22B
step=  6710 | loss=5.8502 | lr=3.00e-04 | wd=0.0560 | mom=0.9500 | T=11.0 k=4.0 (mu_rec=8 mu_bwd=4) | grad=1.398 | tok/s=18,615 | tokens=0.22B
step=  6720 | loss=5.6166 | lr=3.00e-04 | wd=0.0560 | mom=0.9500 | T=8.5 k=4.0 (mu_rec=8 mu_bwd=4) | grad=1.625 | tok/s=18,695 | tokens=0.22B
step=  6730 | loss=5.4771 | lr=3.00e-04 | wd=0.0559 | mom=0.9500 | T=6.0 k=4.0 (mu_rec=8 mu_bwd=4) | grad=1.391 | tok/s=20,829 | tokens=0.22B
step=  6740 | loss=5.6439 | lr=3.00e-04 | wd=0.0558 | mom=0.9500 | T=6.8 k=3.8 (mu_rec=8 mu_bwd=4) | grad=1.367 | tok/s=20,673 | tokens=0.22B
step=  6750 | loss=5.4478 | lr=3.00e-04 | wd=0.0558 | mom=0.9500 | T=3.8 k=3.5 (mu_rec=8 mu_bwd=4) | grad=2.312 | tok/s=8,123 | tokens=0.22B
step=  6760 | loss=5.4946 | lr=3.00e-04 | wd=0.0557 | mom=0.9500 | T=6.2 k=3.0 (mu_rec=8 mu_bwd=4) | grad=1.664 | tok/s=20,359 | tokens=0.22B
step=  6770 | loss=5.3859 | lr=3.00e-04 | wd=0.0556 | mom=0.9500 | T=7.5 k=3.5 (mu_rec=8 mu_bwd=4) | grad=1.562 | tok/s=20,317 | tokens=0.22B
step=  6780 | loss=5.2664 | lr=3.00e-04 | wd=0.0556 | mom=0.9500 | T=10.8 k=4.0 (mu_rec=8 mu_bwd=4) | grad=1.711 | tok/s=18,900 | tokens=0.22B
step=  6790 | loss=5.5758 | lr=3.00e-04 | wd=0.0555 | mom=0.9500 | T=8.2 k=4.0 (mu_rec=8 mu_bwd=4) | grad=2.234 | tok/s=20,583 | tokens=0.22B
step=  6800 | loss=5.5229 | lr=3.00e-04 | wd=0.0554 | mom=0.9500 | T=6.0 k=3.8 (mu_rec=8 mu_bwd=4) | grad=1.344 | tok/s=20,841 | tokens=0.22B
step=  6810 | loss=5.4790 | lr=3.00e-04 | wd=0.0554 | mom=0.9500 | T=6.5 k=3.8 (mu_rec=8 mu_bwd=4) | grad=1.781 | tok/s=20,980 | tokens=0.22B
step=  6820 | loss=5.6330 | lr=3.00e-04 | wd=0.0553 | mom=0.9500 | T=6.0 k=4.0 (mu_rec=8 mu_bwd=4) | grad=2.250 | tok/s=20,224 | tokens=0.22B
step=  6830 | loss=5.5699 | lr=3.00e-04 | wd=0.0552 | mom=0.9500 | T=10.0 k=4.0 (mu_rec=8 mu_bwd=4) | grad=1.516 | tok/s=18,418 | tokens=0.22B
step=  6840 | loss=5.4397 | lr=3.00e-04 | wd=0.0552 | mom=0.9500 | T=12.5 k=4.0 (mu_rec=8 mu_bwd=4) | grad=3.203 | tok/s=19,668 | tokens=0.22B
step=  6850 | loss=5.3563 | lr=3.00e-04 | wd=0.0551 | mom=0.9500 | T=8.2 k=3.5 (mu_rec=8 mu_bwd=4) | grad=1.672 | tok/s=20,205 | tokens=0.22B
step=  6860 | loss=5.4060 | lr=3.00e-04 | wd=0.0550 | mom=0.9500 | T=7.8 k=4.0 (mu_rec=8 mu_bwd=4) | grad=1.711 | tok/s=20,763 | tokens=0.22B
step=  6870 | loss=5.5924 | lr=3.00e-04 | wd=0.0550 | mom=0.9500 | T=7.0 k=4.0 (mu_rec=8 mu_bwd=4) | grad=1.367 | tok/s=19,876 | tokens=0.23B
step=  6880 | loss=5.5061 | lr=3.00e-04 | wd=0.0549 | mom=0.9500 | T=9.5 k=4.0 (mu_rec=8 mu_bwd=4) | grad=1.352 | tok/s=18,820 | tokens=0.23B
step=  6890 | loss=5.5929 | lr=3.00e-04 | wd=0.0548 | mom=0.9500 | T=9.5 k=4.0 (mu_rec=8 mu_bwd=4) | grad=1.508 | tok/s=20,116 | tokens=0.23B
step=  6900 | loss=5.5235 | lr=3.00e-04 | wd=0.0548 | mom=0.9500 | T=7.0 k=3.5 (mu_rec=8 mu_bwd=4) | grad=2.594 | tok/s=19,783 | tokens=0.23B
step=  6910 | loss=5.4359 | lr=3.00e-04 | wd=0.0547 | mom=0.9500 | T=7.0 k=3.5 (mu_rec=8 mu_bwd=4) | grad=1.711 | tok/s=19,440 | tokens=0.23B
step=  6920 | loss=5.3784 | lr=3.00e-04 | wd=0.0547 | mom=0.9500 | T=9.8 k=4.0 (mu_rec=8 mu_bwd=4) | grad=1.578 | tok/s=18,979 | tokens=0.23B
step=  6930 | loss=5.5174 | lr=3.00e-04 | wd=0.0546 | mom=0.9500 | T=3.8 k=2.8 (mu_rec=8 mu_bwd=4) | grad=1.383 | tok/s=21,436 | tokens=0.23B
step=  6940 | loss=5.4949 | lr=3.00e-04 | wd=0.0545 | mom=0.9500 | T=7.2 k=4.0 (mu_rec=8 mu_bwd=4) | grad=1.484 | tok/s=19,905 | tokens=0.23B
step=  6950 | loss=5.4474 | lr=3.00e-04 | wd=0.0545 | mom=0.9500 | T=9.5 k=4.0 (mu_rec=8 mu_bwd=4) | grad=1.984 | tok/s=20,349 | tokens=0.23B
step=  6960 | loss=5.6595 | lr=3.00e-04 | wd=0.0544 | mom=0.9500 | T=5.2 k=3.5 (mu_rec=8 mu_bwd=4) | grad=1.648 | tok/s=20,510 | tokens=0.23B
step=  6970 | loss=6.4304 | lr=3.00e-04 | wd=0.0543 | mom=0.9500 | T=4.8 k=3.2 (mu_rec=8 mu_bwd=4) | grad=2.031 | tok/s=20,112 | tokens=0.23B
step=  6980 | loss=6.0262 | lr=3.00e-04 | wd=0.0543 | mom=0.9500 | T=6.0 k=3.8 (mu_rec=8 mu_bwd=4) | grad=2.828 | tok/s=19,867 | tokens=0.23B
step=  6990 | loss=5.5680 | lr=3.00e-04 | wd=0.0542 | mom=0.9500 | T=11.5 k=4.0 (mu_rec=8 mu_bwd=4) | grad=1.688 | tok/s=18,342 | tokens=0.23B
step=  7000 | loss=5.4678 | lr=3.00e-04 | wd=0.0541 | mom=0.9500 | T=9.2 k=4.0 (mu_rec=8 mu_bwd=4) | grad=1.531 | tok/s=19,720 | tokens=0.23B
step=  7010 | loss=5.4245 | lr=3.00e-04 | wd=0.0541 | mom=0.9500 | T=11.0 k=3.8 (mu_rec=8 mu_bwd=4) | grad=1.031 | tok/s=19,769 | tokens=0.23B
step=  7020 | loss=5.4393 | lr=3.00e-04 | wd=0.0540 | mom=0.9500 | T=5.2 k=3.2 (mu_rec=8 mu_bwd=4) | grad=3.469 | tok/s=18,898 | tokens=0.23B
step=  7030 | loss=5.5411 | lr=3.00e-04 | wd=0.0539 | mom=0.9500 | T=8.5 k=4.0 (mu_rec=8 mu_bwd=4) | grad=1.648 | tok/s=19,287 | tokens=0.23B
step=  7040 | loss=5.3848 | lr=3.00e-04 | wd=0.0539 | mom=0.9500 | T=6.0 k=3.5 (mu_rec=8 mu_bwd=4) | grad=2.078 | tok/s=8,746 | tokens=0.23B
step=  7050 | loss=5.7519 | lr=3.00e-04 | wd=0.0538 | mom=0.9500 | T=13.8 k=4.0 (mu_rec=8 mu_bwd=4) | grad=2.047 | tok/s=18,918 | tokens=0.23B
step=  7060 | loss=5.7431 | lr=3.00e-04 | wd=0.0537 | mom=0.9500 | T=13.2 k=3.8 (mu_rec=8 mu_bwd=4) | grad=2.250 | tok/s=17,883 | tokens=0.23B
step=  7070 | loss=5.4444 | lr=3.00e-04 | wd=0.0537 | mom=0.9500 | T=6.0 k=4.0 (mu_rec=8 mu_bwd=4) | grad=1.414 | tok/s=19,767 | tokens=0.23B
step=  7080 | loss=5.5679 | lr=3.00e-04 | wd=0.0536 | mom=0.9500 | T=6.8 k=4.0 (mu_rec=8 mu_bwd=4) | grad=2.297 | tok/s=20,099 | tokens=0.23B
step=  7090 | loss=5.8404 | lr=3.00e-04 | wd=0.0535 | mom=0.9500 | T=10.8 k=2.5 (mu_rec=8 mu_bwd=4) | grad=2.047 | tok/s=20,041 | tokens=0.23B
step=  7100 | loss=5.9055 | lr=3.00e-04 | wd=0.0535 | mom=0.9500 | T=4.0 k=3.0 (mu_rec=8 mu_bwd=4) | grad=1.539 | tok/s=19,686 | tokens=0.23B
step=  7110 | loss=5.5324 | lr=3.00e-04 | wd=0.0534 | mom=0.9500 | T=9.0 k=4.0 (mu_rec=8 mu_bwd=4) | grad=4.219 | tok/s=18,906 | tokens=0.23B
step=  7120 | loss=5.4275 | lr=3.00e-04 | wd=0.0533 | mom=0.9500 | T=6.2 k=3.8 (mu_rec=8 mu_bwd=4) | grad=1.383 | tok/s=20,547 | tokens=0.23B
step=  7130 | loss=5.5816 | lr=3.00e-04 | wd=0.0533 | mom=0.9500 | T=8.0 k=4.0 (mu_rec=8 mu_bwd=4) | grad=3.391 | tok/s=23,304 | tokens=0.23B
step=  7140 | loss=5.4425 | lr=3.00e-04 | wd=0.0532 | mom=0.9500 | T=7.0 k=3.8 (mu_rec=8 mu_bwd=4) | grad=2.703 | tok/s=20,460 | tokens=0.23B
step=  7150 | loss=5.3633 | lr=3.00e-04 | wd=0.0531 | mom=0.9500 | T=8.5 k=4.0 (mu_rec=8 mu_bwd=4) | grad=2.109 | tok/s=19,884 | tokens=0.23B
step=  7160 | loss=5.6804 | lr=3.00e-04 | wd=0.0531 | mom=0.9500 | T=10.5 k=4.0 (mu_rec=8 mu_bwd=4) | grad=2.141 | tok/s=19,295 | tokens=0.23B
step=  7170 | loss=5.4869 | lr=3.00e-04 | wd=0.0530 | mom=0.9500 | T=10.2 k=3.5 (mu_rec=8 mu_bwd=4) | grad=1.234 | tok/s=17,701 | tokens=0.23B
step=  7180 | loss=5.7252 | lr=3.00e-04 | wd=0.0529 | mom=0.9500 | T=5.8 k=3.8 (mu_rec=8 mu_bwd=4) | grad=1.125 | tok/s=21,697 | tokens=0.24B
step=  7190 | loss=5.5884 | lr=3.00e-04 | wd=0.0529 | mom=0.9500 | T=4.5 k=3.8 (mu_rec=8 mu_bwd=4) | grad=1.148 | tok/s=19,167 | tokens=0.24B
step=  7200 | loss=5.6715 | lr=3.00e-04 | wd=0.0528 | mom=0.9500 | T=6.5 k=3.2 (mu_rec=8 mu_bwd=4) | grad=1.273 | tok/s=19,422 | tokens=0.24B
step=  7210 | loss=5.5997 | lr=3.00e-04 | wd=0.0528 | mom=0.9500 | T=7.0 k=3.8 (mu_rec=8 mu_bwd=4) | grad=1.078 | tok/s=18,976 | tokens=0.24B
step=  7220 | loss=5.4706 | lr=3.00e-04 | wd=0.0527 | mom=0.9500 | T=10.2 k=4.0 (mu_rec=8 mu_bwd=4) | grad=1.383 | tok/s=18,850 | tokens=0.24B
step=  7230 | loss=5.5363 | lr=3.00e-04 | wd=0.0526 | mom=0.9500 | T=10.5 k=4.0 (mu_rec=8 mu_bwd=4) | grad=3.500 | tok/s=20,739 | tokens=0.24B
step=  7240 | loss=5.5713 | lr=3.00e-04 | wd=0.0526 | mom=0.9500 | T=8.0 k=4.0 (mu_rec=8 mu_bwd=4) | grad=6.344 | tok/s=20,272 | tokens=0.24B
step=  7250 | loss=5.6423 | lr=3.00e-04 | wd=0.0525 | mom=0.9500 | T=5.0 k=3.8 (mu_rec=8 mu_bwd=4) | grad=4.531 | tok/s=20,152 | tokens=0.24B
step=  7260 | loss=5.5618 | lr=3.00e-04 | wd=0.0524 | mom=0.9500 | T=9.5 k=4.0 (mu_rec=8 mu_bwd=4) | grad=1.172 | tok/s=20,031 | tokens=0.24B
step=  7270 | loss=6.1375 | lr=3.00e-04 | wd=0.0524 | mom=0.9500 | T=8.5 k=4.0 (mu_rec=8 mu_bwd=4) | grad=3.688 | tok/s=19,120 | tokens=0.24B
step=  7280 | loss=5.7542 | lr=3.00e-04 | wd=0.0523 | mom=0.9500 | T=9.8 k=4.0 (mu_rec=8 mu_bwd=4) | grad=1.422 | tok/s=18,139 | tokens=0.24B
step=  7290 | loss=5.5359 | lr=3.00e-04 | wd=0.0522 | mom=0.9500 | T=7.8 k=4.0 (mu_rec=8 mu_bwd=4) | grad=1.148 | tok/s=19,126 | tokens=0.24B
step=  7300 | loss=5.5216 | lr=3.00e-04 | wd=0.0522 | mom=0.9500 | T=14.0 k=4.0 (mu_rec=8 mu_bwd=4) | grad=1.352 | tok/s=19,270 | tokens=0.24B
step=  7310 | loss=5.3586 | lr=3.00e-04 | wd=0.0521 | mom=0.9500 | T=10.8 k=4.0 (mu_rec=8 mu_bwd=4) | grad=2.281 | tok/s=19,763 | tokens=0.24B
step=  7320 | loss=5.5812 | lr=3.00e-04 | wd=0.0520 | mom=0.9500 | T=5.2 k=3.5 (mu_rec=8 mu_bwd=4) | grad=1.633 | tok/s=19,423 | tokens=0.24B
step=  7330 | loss=5.5986 | lr=3.00e-04 | wd=0.0520 | mom=0.9500 | T=7.0 k=3.0 (mu_rec=8 mu_bwd=4) | grad=1.172 | tok/s=20,099 | tokens=0.24B
step=  7340 | loss=5.5761 | lr=3.00e-04 | wd=0.0519 | mom=0.9500 | T=11.0 k=3.8 (mu_rec=8 mu_bwd=4) | grad=2.281 | tok/s=19,625 | tokens=0.24B
step=  7350 | loss=5.5441 | lr=3.00e-04 | wd=0.0518 | mom=0.9500 | T=5.8 k=3.5 (mu_rec=8 mu_bwd=4) | grad=1.195 | tok/s=19,761 | tokens=0.24B
step=  7360 | loss=5.5241 | lr=3.00e-04 | wd=0.0518 | mom=0.9500 | T=5.5 k=4.0 (mu_rec=8 mu_bwd=4) | grad=1.539 | tok/s=19,194 | tokens=0.24B
step=  7370 | loss=5.4766 | lr=3.00e-04 | wd=0.0517 | mom=0.9500 | T=4.8 k=2.8 (mu_rec=8 mu_bwd=4) | grad=1.398 | tok/s=21,775 | tokens=0.24B
step=  7380 | loss=5.5156 | lr=3.00e-04 | wd=0.0516 | mom=0.9500 | T=11.8 k=4.0 (mu_rec=8 mu_bwd=4) | grad=1.266 | tok/s=18,157 | tokens=0.24B
step=  7390 | loss=5.3646 | lr=3.00e-04 | wd=0.0516 | mom=0.9500 | T=5.8 k=3.8 (mu_rec=8 mu_bwd=4) | grad=1.570 | tok/s=19,727 | tokens=0.24B
step=  7400 | loss=5.4464 | lr=3.00e-04 | wd=0.0515 | mom=0.9500 | T=9.2 k=3.8 (mu_rec=8 mu_bwd=4) | grad=1.453 | tok/s=18,908 | tokens=0.24B
step=  7410 | loss=5.5078 | lr=3.00e-04 | wd=0.0514 | mom=0.9500 | T=9.8 k=3.8 (mu_rec=8 mu_bwd=4) | grad=1.336 | tok/s=20,414 | tokens=0.24B
step=  7420 | loss=5.6736 | lr=3.00e-04 | wd=0.0514 | mom=0.9500 | T=7.0 k=4.0 (mu_rec=8 mu_bwd=4) | grad=1.609 | tok/s=20,471 | tokens=0.24B
step=  7430 | loss=5.6248 | lr=3.00e-04 | wd=0.0513 | mom=0.9500 | T=8.0 k=3.2 (mu_rec=8 mu_bwd=4) | grad=1.938 | tok/s=19,694 | tokens=0.24B
step=  7440 | loss=5.3421 | lr=3.00e-04 | wd=0.0512 | mom=0.9500 | T=10.0 k=3.8 (mu_rec=8 mu_bwd=4) | grad=1.328 | tok/s=19,984 | tokens=0.24B
step=  7450 | loss=5.5015 | lr=3.00e-04 | wd=0.0512 | mom=0.9500 | T=4.5 k=3.5 (mu_rec=8 mu_bwd=4) | grad=1.469 | tok/s=20,872 | tokens=0.24B
step=  7460 | loss=5.5540 | lr=3.00e-04 | wd=0.0511 | mom=0.9500 | T=7.5 k=3.5 (mu_rec=8 mu_bwd=4) | grad=1.797 | tok/s=19,559 | tokens=0.24B
step=  7470 | loss=5.4639 | lr=3.00e-04 | wd=0.0510 | mom=0.9500 | T=6.8 k=4.0 (mu_rec=8 mu_bwd=4) | grad=1.914 | tok/s=21,576 | tokens=0.24B
step=  7480 | loss=5.4582 | lr=3.00e-04 | wd=0.0510 | mom=0.9500 | T=9.5 k=3.2 (mu_rec=8 mu_bwd=4) | grad=1.414 | tok/s=17,593 | tokens=0.25B
step=  7490 | loss=5.3292 | lr=3.00e-04 | wd=0.0509 | mom=0.9500 | T=9.0 k=4.0 (mu_rec=8 mu_bwd=4) | grad=1.664 | tok/s=19,044 | tokens=0.25B
step=  7500 | loss=5.6036 | lr=3.00e-04 | wd=0.0509 | mom=0.9500 | T=3.2 k=3.0 (mu_rec=8 mu_bwd=4) | grad=2.594 | tok/s=20,061 | tokens=0.25B
step=  7510 | loss=5.4933 | lr=3.00e-04 | wd=0.0508 | mom=0.9500 | T=9.0 k=4.0 (mu_rec=8 mu_bwd=4) | grad=1.641 | tok/s=19,698 | tokens=0.25B
step=  7520 | loss=5.5302 | lr=3.00e-04 | wd=0.0507 | mom=0.9500 | T=12.0 k=4.0 (mu_rec=8 mu_bwd=4) | grad=3.156 | tok/s=21,018 | tokens=0.25B
step=  7530 | loss=5.4911 | lr=3.00e-04 | wd=0.0507 | mom=0.9500 | T=15.5 k=3.8 (mu_rec=8 mu_bwd=4) | grad=1.242 | tok/s=18,499 | tokens=0.25B
step=  7540 | loss=5.5128 | lr=3.00e-04 | wd=0.0506 | mom=0.9500 | T=6.0 k=3.8 (mu_rec=8 mu_bwd=4) | grad=1.570 | tok/s=21,130 | tokens=0.25B
step=  7550 | loss=5.5605 | lr=3.00e-04 | wd=0.0505 | mom=0.9500 | T=5.5 k=3.5 (mu_rec=8 mu_bwd=4) | grad=3.109 | tok/s=20,707 | tokens=0.25B
step=  7560 | loss=5.6201 | lr=3.00e-04 | wd=0.0505 | mom=0.9500 | T=7.2 k=3.8 (mu_rec=8 mu_bwd=4) | grad=1.250 | tok/s=20,218 | tokens=0.25B
step=  7570 | loss=5.4224 | lr=3.00e-04 | wd=0.0504 | mom=0.9500 | T=7.2 k=4.0 (mu_rec=8 mu_bwd=4) | grad=1.617 | tok/s=20,386 | tokens=0.25B
step=  7580 | loss=5.4145 | lr=3.00e-04 | wd=0.0503 | mom=0.9500 | T=9.0 k=3.5 (mu_rec=8 mu_bwd=4) | grad=1.695 | tok/s=19,098 | tokens=0.25B
step=  7590 | loss=5.4357 | lr=3.00e-04 | wd=0.0503 | mom=0.9500 | T=8.8 k=3.5 (mu_rec=8 mu_bwd=4) | grad=1.133 | tok/s=18,570 | tokens=0.25B
step=  7600 | loss=5.3469 | lr=3.00e-04 | wd=0.0502 | mom=0.9500 | T=6.5 k=4.0 (mu_rec=8 mu_bwd=4) | grad=1.047 | tok/s=19,745 | tokens=0.25B
step=  7610 | loss=5.3986 | lr=3.00e-04 | wd=0.0501 | mom=0.9500 | T=11.2 k=4.0 (mu_rec=8 mu_bwd=4) | grad=1.062 | tok/s=19,633 | tokens=0.25B
step=  7620 | loss=5.5551 | lr=3.00e-04 | wd=0.0501 | mom=0.9500 | T=18.5 k=4.0 (mu_rec=8 mu_bwd=4) | grad=1.273 | tok/s=18,148 | tokens=0.25B
step=  7630 | loss=5.3803 | lr=3.00e-04 | wd=0.0500 | mom=0.9500 | T=6.0 k=3.8 (mu_rec=8 mu_bwd=4) | grad=8.688 | tok/s=19,215 | tokens=0.25B
step=  7640 | loss=5.3756 | lr=3.00e-04 | wd=0.0499 | mom=0.9500 | T=11.0 k=4.0 (mu_rec=8 mu_bwd=4) | grad=2.109 | tok/s=19,314 | tokens=0.25B
step=  7650 | loss=5.5092 | lr=3.00e-04 | wd=0.0499 | mom=0.9500 | T=9.5 k=3.8 (mu_rec=8 mu_bwd=4) | grad=1.375 | tok/s=20,264 | tokens=0.25B
step=  7660 | loss=5.6265 | lr=3.00e-04 | wd=0.0498 | mom=0.9500 | T=8.0 k=4.0 (mu_rec=8 mu_bwd=4) | grad=1.211 | tok/s=19,799 | tokens=0.25B
step=  7670 | loss=5.5264 | lr=3.00e-04 | wd=0.0497 | mom=0.9500 | T=11.0 k=4.0 (mu_rec=8 mu_bwd=4) | grad=1.547 | tok/s=17,647 | tokens=0.25B
step=  7680 | loss=5.5056 | lr=3.00e-04 | wd=0.0497 | mom=0.9500 | T=6.8 k=3.2 (mu_rec=8 mu_bwd=4) | grad=1.219 | tok/s=8,204 | tokens=0.25B
step=  7690 | loss=5.3280 | lr=3.00e-04 | wd=0.0496 | mom=0.9500 | T=8.2 k=4.0 (mu_rec=8 mu_bwd=4) | grad=1.227 | tok/s=18,644 | tokens=0.25B
step=  7700 | loss=5.3542 | lr=3.00e-04 | wd=0.0495 | mom=0.9500 | T=6.5 k=3.5 (mu_rec=8 mu_bwd=4) | grad=4.625 | tok/s=19,671 | tokens=0.25B
step=  7710 | loss=5.5012 | lr=3.00e-04 | wd=0.0495 | mom=0.9500 | T=10.0 k=4.0 (mu_rec=8 mu_bwd=4) | grad=2.797 | tok/s=19,339 | tokens=0.25B
step=  7720 | loss=5.5317 | lr=3.00e-04 | wd=0.0494 | mom=0.9500 | T=9.0 k=3.8 (mu_rec=8 mu_bwd=4) | grad=1.148 | tok/s=19,752 | tokens=0.25B
step=  7730 | loss=5.3400 | lr=3.00e-04 | wd=0.0493 | mom=0.9500 | T=4.2 k=2.8 (mu_rec=8 mu_bwd=4) | grad=1.758 | tok/s=20,778 | tokens=0.25B
step=  7740 | loss=5.3328 | lr=3.00e-04 | wd=0.0493 | mom=0.9500 | T=6.5 k=4.0 (mu_rec=8 mu_bwd=4) | grad=1.477 | tok/s=21,098 | tokens=0.25B
step=  7750 | loss=5.4994 | lr=3.00e-04 | wd=0.0492 | mom=0.9500 | T=9.2 k=3.8 (mu_rec=8 mu_bwd=4) | grad=2.266 | tok/s=19,746 | tokens=0.25B
step=  7760 | loss=5.5246 | lr=3.00e-04 | wd=0.0491 | mom=0.9500 | T=6.5 k=3.5 (mu_rec=8 mu_bwd=4) | grad=1.422 | tok/s=19,317 | tokens=0.25B
step=  7770 | loss=5.3230 | lr=3.00e-04 | wd=0.0491 | mom=0.9500 | T=8.2 k=4.0 (mu_rec=8 mu_bwd=4) | grad=1.602 | tok/s=21,680 | tokens=0.25B
step=  7780 | loss=5.1745 | lr=3.00e-04 | wd=0.0490 | mom=0.9500 | T=8.2 k=3.5 (mu_rec=8 mu_bwd=4) | grad=1.625 | tok/s=20,448 | tokens=0.25B
step=  7790 | loss=5.3878 | lr=3.00e-04 | wd=0.0490 | mom=0.9500 | T=5.5 k=4.0 (mu_rec=8 mu_bwd=4) | grad=1.445 | tok/s=18,759 | tokens=0.26B
step=  7800 | loss=5.4048 | lr=3.00e-04 | wd=0.0489 | mom=0.9500 | T=9.0 k=4.0 (mu_rec=8 mu_bwd=4) | grad=1.336 | tok/s=19,701 | tokens=0.26B
step=  7810 | loss=5.4623 | lr=3.00e-04 | wd=0.0488 | mom=0.9500 | T=6.2 k=2.5 (mu_rec=8 mu_bwd=4) | grad=1.203 | tok/s=20,854 | tokens=0.26B
step=  7820 | loss=5.3487 | lr=3.00e-04 | wd=0.0488 | mom=0.9500 | T=9.0 k=4.0 (mu_rec=8 mu_bwd=4) | grad=1.578 | tok/s=19,789 | tokens=0.26B
step=  7830 | loss=5.1948 | lr=3.00e-04 | wd=0.0487 | mom=0.9500 | T=8.0 k=4.0 (mu_rec=8 mu_bwd=4) | grad=3.297 | tok/s=21,888 | tokens=0.26B
step=  7840 | loss=5.3965 | lr=3.00e-04 | wd=0.0486 | mom=0.9500 | T=6.5 k=4.0 (mu_rec=8 mu_bwd=4) | grad=1.492 | tok/s=20,291 | tokens=0.26B
step=  7850 | loss=5.6350 | lr=3.00e-04 | wd=0.0486 | mom=0.9500 | T=8.2 k=4.0 (mu_rec=8 mu_bwd=4) | grad=2.422 | tok/s=20,595 | tokens=0.26B
step=  7860 | loss=5.5458 | lr=3.00e-04 | wd=0.0485 | mom=0.9500 | T=7.0 k=4.0 (mu_rec=8 mu_bwd=4) | grad=1.281 | tok/s=18,526 | tokens=0.26B
step=  7870 | loss=5.4365 | lr=3.00e-04 | wd=0.0484 | mom=0.9500 | T=5.8 k=3.5 (mu_rec=8 mu_bwd=4) | grad=1.039 | tok/s=21,547 | tokens=0.26B
step=  7880 | loss=5.4625 | lr=3.00e-04 | wd=0.0484 | mom=0.9500 | T=7.8 k=3.5 (mu_rec=8 mu_bwd=4) | grad=1.250 | tok/s=18,116 | tokens=0.26B
step=  7890 | loss=5.4113 | lr=3.00e-04 | wd=0.0483 | mom=0.9500 | T=8.0 k=4.0 (mu_rec=8 mu_bwd=4) | grad=2.172 | tok/s=19,380 | tokens=0.26B
step=  7900 | loss=5.6062 | lr=3.00e-04 | wd=0.0482 | mom=0.9500 | T=6.8 k=3.8 (mu_rec=8 mu_bwd=4) | grad=2.047 | tok/s=19,037 | tokens=0.26B
step=  7910 | loss=5.5537 | lr=3.00e-04 | wd=0.0482 | mom=0.9500 | T=9.0 k=4.0 (mu_rec=8 mu_bwd=4) | grad=2.359 | tok/s=8,514 | tokens=0.26B
step=  7920 | loss=5.5977 | lr=3.00e-04 | wd=0.0481 | mom=0.9500 | T=9.2 k=4.0 (mu_rec=8 mu_bwd=4) | grad=1.898 | tok/s=19,818 | tokens=0.26B
step=  7930 | loss=5.3256 | lr=3.00e-04 | wd=0.0480 | mom=0.9500 | T=8.0 k=3.2 (mu_rec=8 mu_bwd=4) | grad=1.492 | tok/s=18,818 | tokens=0.26B
step=  7940 | loss=5.2212 | lr=3.00e-04 | wd=0.0480 | mom=0.9500 | T=9.8 k=4.0 (mu_rec=8 mu_bwd=4) | grad=1.875 | tok/s=19,912 | tokens=0.26B
step=  7950 | loss=5.6974 | lr=3.00e-04 | wd=0.0479 | mom=0.9500 | T=7.5 k=3.2 (mu_rec=8 mu_bwd=4) | grad=6.531 | tok/s=19,666 | tokens=0.26B
step=  7960 | loss=5.2714 | lr=3.00e-04 | wd=0.0478 | mom=0.9500 | T=10.0 k=4.0 (mu_rec=8 mu_bwd=4) | grad=1.875 | tok/s=20,031 | tokens=0.26B
step=  7970 | loss=6.0416 | lr=3.00e-04 | wd=0.0478 | mom=0.9500 | T=7.8 k=4.0 (mu_rec=8 mu_bwd=4) | grad=2.406 | tok/s=20,839 | tokens=0.26B
step=  7980 | loss=5.5885 | lr=3.00e-04 | wd=0.0477 | mom=0.9500 | T=7.0 k=3.8 (mu_rec=8 mu_bwd=4) | grad=1.336 | tok/s=20,104 | tokens=0.26B
step=  7990 | loss=5.5978 | lr=3.00e-04 | wd=0.0476 | mom=0.9500 | T=4.5 k=3.5 (mu_rec=8 mu_bwd=4) | grad=1.258 | tok/s=20,918 | tokens=0.26B
step=  8000 | loss=5.2166 | lr=3.00e-04 | wd=0.0476 | mom=0.9500 | T=8.0 k=4.0 (mu_rec=8 mu_bwd=4) | grad=1.453 | tok/s=19,158 | tokens=0.26B
[step 8000] Saved -> runs/cortex-verify-k4/checkpoint_0008000
step=  8010 | loss=5.4671 | lr=3.00e-04 | wd=0.0475 | mom=0.9500 | T=8.0 k=3.5 (mu_rec=8 mu_bwd=4) | grad=1.469 | tok/s=19,392 | tokens=0.26B
step=  8020 | loss=5.5521 | lr=3.00e-04 | wd=0.0474 | mom=0.9500 | T=5.2 k=3.2 (mu_rec=8 mu_bwd=4) | grad=1.758 | tok/s=20,837 | tokens=0.26B
step=  8030 | loss=5.4515 | lr=3.00e-04 | wd=0.0474 | mom=0.9500 | T=5.8 k=3.0 (mu_rec=8 mu_bwd=4) | grad=2.188 | tok/s=19,782 | tokens=0.26B
step=  8040 | loss=5.4819 | lr=3.00e-04 | wd=0.0473 | mom=0.9500 | T=5.8 k=4.0 (mu_rec=8 mu_bwd=4) | grad=1.289 | tok/s=19,206 | tokens=0.26B
step=  8050 | loss=5.4053 | lr=3.00e-04 | wd=0.0472 | mom=0.9500 | T=11.5 k=4.0 (mu_rec=8 mu_bwd=4) | grad=1.375 | tok/s=19,157 | tokens=0.26B
step=  8060 | loss=5.6240 | lr=3.00e-04 | wd=0.0472 | mom=0.9500 | T=8.5 k=3.5 (mu_rec=8 mu_bwd=4) | grad=1.445 | tok/s=20,696 | tokens=0.26B
step=  8070 | loss=5.5125 | lr=3.00e-04 | wd=0.0471 | mom=0.9500 | T=11.8 k=4.0 (mu_rec=8 mu_bwd=4) | grad=1.586 | tok/s=20,359 | tokens=0.26B
step=  8080 | loss=5.4610 | lr=3.00e-04 | wd=0.0471 | mom=0.9500 | T=7.8 k=4.0 (mu_rec=8 mu_bwd=4) | grad=4.312 | tok/s=19,078 | tokens=0.26B
step=  8090 | loss=5.2947 | lr=3.00e-04 | wd=0.0470 | mom=0.9500 | T=12.2 k=3.2 (mu_rec=8 mu_bwd=4) | grad=1.609 | tok/s=19,315 | tokens=0.27B
step=  8100 | loss=5.3749 | lr=3.00e-04 | wd=0.0469 | mom=0.9500 | T=8.5 k=4.0 (mu_rec=8 mu_bwd=4) | grad=2.031 | tok/s=20,667 | tokens=0.27B
step=  8110 | loss=5.7819 | lr=3.00e-04 | wd=0.0469 | mom=0.9500 | T=10.0 k=3.8 (mu_rec=8 mu_bwd=4) | grad=2.844 | tok/s=19,130 | tokens=0.27B
step=  8120 | loss=5.4004 | lr=3.00e-04 | wd=0.0468 | mom=0.9500 | T=5.2 k=3.5 (mu_rec=8 mu_bwd=4) | grad=3.078 | tok/s=20,147 | tokens=0.27B
step=  8130 | loss=5.3483 | lr=3.00e-04 | wd=0.0467 | mom=0.9500 | T=6.8 k=4.0 (mu_rec=8 mu_bwd=4) | grad=1.367 | tok/s=20,605 | tokens=0.27B
step=  8140 | loss=5.4238 | lr=3.00e-04 | wd=0.0467 | mom=0.9500 | T=6.5 k=4.0 (mu_rec=8 mu_bwd=4) | grad=2.203 | tok/s=19,983 | tokens=0.27B
step=  8150 | loss=5.6432 | lr=3.00e-04 | wd=0.0466 | mom=0.9500 | T=6.2 k=3.5 (mu_rec=8 mu_bwd=4) | grad=1.547 | tok/s=19,156 | tokens=0.27B
step=  8160 | loss=5.4077 | lr=3.00e-04 | wd=0.0465 | mom=0.9500 | T=9.0 k=4.0 (mu_rec=8 mu_bwd=4) | grad=1.562 | tok/s=19,975 | tokens=0.27B
step=  8170 | loss=5.5402 | lr=3.00e-04 | wd=0.0465 | mom=0.9500 | T=7.0 k=3.8 (mu_rec=8 mu_bwd=4) | grad=1.688 | tok/s=19,413 | tokens=0.27B
step=  8180 | loss=5.4080 | lr=3.00e-04 | wd=0.0464 | mom=0.9500 | T=11.5 k=4.0 (mu_rec=8 mu_bwd=4) | grad=1.633 | tok/s=19,162 | tokens=0.27B
step=  8190 | loss=5.4918 | lr=3.00e-04 | wd=0.0463 | mom=0.9500 | T=5.8 k=3.2 (mu_rec=8 mu_bwd=4) | grad=2.844 | tok/s=20,217 | tokens=0.27B
step=  8200 | loss=5.2964 | lr=3.00e-04 | wd=0.0463 | mom=0.9500 | T=5.8 k=3.5 (mu_rec=8 mu_bwd=4) | grad=2.281 | tok/s=21,330 | tokens=0.27B
step=  8210 | loss=5.3532 | lr=3.00e-04 | wd=0.0462 | mom=0.9500 | T=8.5 k=3.5 (mu_rec=8 mu_bwd=4) | grad=1.141 | tok/s=20,541 | tokens=0.27B
step=  8220 | loss=5.3923 | lr=3.00e-04 | wd=0.0461 | mom=0.9500 | T=5.2 k=3.5 (mu_rec=8 mu_bwd=4) | grad=1.352 | tok/s=21,799 | tokens=0.27B
step=  8230 | loss=5.6401 | lr=3.00e-04 | wd=0.0461 | mom=0.9500 | T=8.2 k=4.0 (mu_rec=8 mu_bwd=4) | grad=1.367 | tok/s=21,415 | tokens=0.27B
step=  8240 | loss=5.4171 | lr=3.00e-04 | wd=0.0460 | mom=0.9500 | T=6.2 k=3.8 (mu_rec=8 mu_bwd=4) | grad=1.117 | tok/s=20,186 | tokens=0.27B
step=  8250 | loss=5.2868 | lr=3.00e-04 | wd=0.0459 | mom=0.9500 | T=6.0 k=4.0 (mu_rec=8 mu_bwd=4) | grad=1.477 | tok/s=19,928 | tokens=0.27B
step=  8260 | loss=5.2354 | lr=3.00e-04 | wd=0.0459 | mom=0.9500 | T=10.5 k=3.5 (mu_rec=8 mu_bwd=4) | grad=1.547 | tok/s=19,144 | tokens=0.27B
step=  8270 | loss=5.2839 | lr=3.00e-04 | wd=0.0458 | mom=0.9500 | T=4.5 k=3.0 (mu_rec=8 mu_bwd=4) | grad=1.266 | tok/s=19,868 | tokens=0.27B
step=  8280 | loss=5.2936 | lr=3.00e-04 | wd=0.0457 | mom=0.9500 | T=4.5 k=3.0 (mu_rec=8 mu_bwd=4) | grad=2.219 | tok/s=21,220 | tokens=0.27B
step=  8290 | loss=5.4917 | lr=3.00e-04 | wd=0.0457 | mom=0.9500 | T=6.8 k=4.0 (mu_rec=8 mu_bwd=4) | grad=1.617 | tok/s=19,390 | tokens=0.27B
step=  8300 | loss=5.4691 | lr=3.00e-04 | wd=0.0456 | mom=0.9500 | T=6.8 k=3.5 (mu_rec=8 mu_bwd=4) | grad=2.062 | tok/s=18,657 | tokens=0.27B
step=  8310 | loss=5.4463 | lr=3.00e-04 | wd=0.0455 | mom=0.9500 | T=10.2 k=3.8 (mu_rec=8 mu_bwd=4) | grad=3.281 | tok/s=21,270 | tokens=0.27B
step=  8320 | loss=5.4662 | lr=3.00e-04 | wd=0.0455 | mom=0.9500 | T=7.0 k=3.5 (mu_rec=8 mu_bwd=4) | grad=3.688 | tok/s=19,749 | tokens=0.27B
step=  8330 | loss=5.4425 | lr=3.00e-04 | wd=0.0454 | mom=0.9500 | T=4.8 k=3.5 (mu_rec=8 mu_bwd=4) | grad=2.625 | tok/s=19,052 | tokens=0.27B
step=  8340 | loss=5.3960 | lr=3.00e-04 | wd=0.0453 | mom=0.9500 | T=12.2 k=4.0 (mu_rec=8 mu_bwd=4) | grad=2.750 | tok/s=19,390 | tokens=0.27B
step=  8350 | loss=5.4635 | lr=3.00e-04 | wd=0.0453 | mom=0.9500 | T=6.5 k=4.0 (mu_rec=8 mu_bwd=4) | grad=2.047 | tok/s=22,320 | tokens=0.27B
step=  8360 | loss=5.5449 | lr=3.00e-04 | wd=0.0452 | mom=0.9500 | T=7.8 k=3.2 (mu_rec=8 mu_bwd=4) | grad=3.688 | tok/s=20,251 | tokens=0.27B
step=  8370 | loss=5.3754 | lr=3.00e-04 | wd=0.0452 | mom=0.9500 | T=10.0 k=3.2 (mu_rec=8 mu_bwd=4) | grad=1.680 | tok/s=19,556 | tokens=0.27B
step=  8380 | loss=5.4548 | lr=3.00e-04 | wd=0.0451 | mom=0.9500 | T=9.2 k=4.0 (mu_rec=8 mu_bwd=4) | grad=1.273 | tok/s=19,565 | tokens=0.27B
step=  8390 | loss=5.5700 | lr=3.00e-04 | wd=0.0450 | mom=0.9500 | T=5.5 k=3.5 (mu_rec=8 mu_bwd=4) | grad=1.977 | tok/s=19,823 | tokens=0.27B
step=  8400 | loss=5.4464 | lr=3.00e-04 | wd=0.0450 | mom=0.9500 | T=6.2 k=4.0 (mu_rec=8 mu_bwd=4) | grad=6.344 | tok/s=19,137 | tokens=0.28B
step=  8410 | loss=5.7723 | lr=3.00e-04 | wd=0.0449 | mom=0.9500 | T=13.0 k=4.0 (mu_rec=8 mu_bwd=4) | grad=1.672 | tok/s=19,173 | tokens=0.28B
step=  8420 | loss=5.6137 | lr=3.00e-04 | wd=0.0448 | mom=0.9500 | T=11.5 k=4.0 (mu_rec=8 mu_bwd=4) | grad=2.328 | tok/s=20,151 | tokens=0.28B
step=  8430 | loss=5.4013 | lr=3.00e-04 | wd=0.0448 | mom=0.9500 | T=7.0 k=4.0 (mu_rec=8 mu_bwd=4) | grad=2.031 | tok/s=19,925 | tokens=0.28B
step=  8440 | loss=5.4497 | lr=3.00e-04 | wd=0.0447 | mom=0.9500 | T=7.0 k=3.8 (mu_rec=8 mu_bwd=4) | grad=1.672 | tok/s=20,486 | tokens=0.28B
step=  8450 | loss=5.5381 | lr=3.00e-04 | wd=0.0446 | mom=0.9500 | T=6.8 k=3.5 (mu_rec=8 mu_bwd=4) | grad=1.398 | tok/s=20,493 | tokens=0.28B
step=  8460 | loss=5.4222 | lr=3.00e-04 | wd=0.0446 | mom=0.9500 | T=7.5 k=4.0 (mu_rec=8 mu_bwd=4) | grad=1.336 | tok/s=19,655 | tokens=0.28B
step=  8470 | loss=5.3223 | lr=3.00e-04 | wd=0.0445 | mom=0.9500 | T=5.8 k=3.8 (mu_rec=8 mu_bwd=4) | grad=1.148 | tok/s=19,403 | tokens=0.28B
step=  8480 | loss=5.3722 | lr=3.00e-04 | wd=0.0444 | mom=0.9500 | T=8.0 k=4.0 (mu_rec=8 mu_bwd=4) | grad=2.172 | tok/s=19,502 | tokens=0.28B
step=  8490 | loss=5.3638 | lr=3.00e-04 | wd=0.0444 | mom=0.9500 | T=4.5 k=3.8 (mu_rec=8 mu_bwd=4) | grad=1.336 | tok/s=18,685 | tokens=0.28B
step=  8500 | loss=5.3673 | lr=3.00e-04 | wd=0.0443 | mom=0.9500 | T=16.0 k=4.0 (mu_rec=8 mu_bwd=4) | grad=2.531 | tok/s=20,559 | tokens=0.28B
step=  8510 | loss=5.1919 | lr=3.00e-04 | wd=0.0442 | mom=0.9500 | T=11.0 k=3.5 (mu_rec=8 mu_bwd=4) | grad=1.844 | tok/s=19,872 | tokens=0.28B
step=  8520 | loss=5.4116 | lr=3.00e-04 | wd=0.0442 | mom=0.9500 | T=6.8 k=4.0 (mu_rec=8 mu_bwd=4) | grad=1.609 | tok/s=20,042 | tokens=0.28B
step=  8530 | loss=5.4945 | lr=3.00e-04 | wd=0.0441 | mom=0.9500 | T=8.2 k=4.0 (mu_rec=8 mu_bwd=4) | grad=1.617 | tok/s=19,463 | tokens=0.28B
step=  8540 | loss=5.3861 | lr=3.00e-04 | wd=0.0440 | mom=0.9500 | T=11.8 k=4.0 (mu_rec=8 mu_bwd=4) | grad=2.172 | tok/s=19,078 | tokens=0.28B
step=  8550 | loss=5.5338 | lr=3.00e-04 | wd=0.0440 | mom=0.9500 | T=8.0 k=3.5 (mu_rec=8 mu_bwd=4) | grad=1.219 | tok/s=20,270 | tokens=0.28B
step=  8560 | loss=5.4714 | lr=3.00e-04 | wd=0.0439 | mom=0.9500 | T=6.5 k=3.2 (mu_rec=8 mu_bwd=4) | grad=1.812 | tok/s=21,293 | tokens=0.28B
step=  8570 | loss=5.5008 | lr=3.00e-04 | wd=0.0438 | mom=0.9500 | T=6.8 k=3.0 (mu_rec=8 mu_bwd=4) | grad=1.383 | tok/s=19,258 | tokens=0.28B
step=  8580 | loss=5.4811 | lr=3.00e-04 | wd=0.0438 | mom=0.9500 | T=7.2 k=4.0 (mu_rec=8 mu_bwd=4) | grad=1.242 | tok/s=19,010 | tokens=0.28B
step=  8590 | loss=5.4660 | lr=3.00e-04 | wd=0.0437 | mom=0.9500 | T=10.0 k=4.0 (mu_rec=8 mu_bwd=4) | grad=2.656 | tok/s=20,395 | tokens=0.28B
step=  8600 | loss=5.3762 | lr=3.00e-04 | wd=0.0436 | mom=0.9500 | T=11.0 k=3.2 (mu_rec=8 mu_bwd=4) | grad=1.578 | tok/s=18,818 | tokens=0.28B
step=  8610 | loss=5.4519 | lr=3.00e-04 | wd=0.0436 | mom=0.9500 | T=9.0 k=3.5 (mu_rec=8 mu_bwd=4) | grad=1.336 | tok/s=18,826 | tokens=0.28B
step=  8620 | loss=5.4704 | lr=3.00e-04 | wd=0.0435 | mom=0.9500 | T=6.0 k=3.8 (mu_rec=8 mu_bwd=4) | grad=1.797 | tok/s=19,590 | tokens=0.28B
step=  8630 | loss=5.3349 | lr=3.00e-04 | wd=0.0434 | mom=0.9500 | T=9.5 k=3.5 (mu_rec=8 mu_bwd=4) | grad=1.531 | tok/s=18,375 | tokens=0.28B
step=  8640 | loss=5.3250 | lr=3.00e-04 | wd=0.0434 | mom=0.9500 | T=5.5 k=3.0 (mu_rec=8 mu_bwd=4) | grad=7.812 | tok/s=19,720 | tokens=0.28B
step=  8650 | loss=5.2642 | lr=3.00e-04 | wd=0.0433 | mom=0.9500 | T=4.8 k=3.8 (mu_rec=8 mu_bwd=4) | grad=6.000 | tok/s=20,751 | tokens=0.28B
step=  8660 | loss=5.4243 | lr=3.00e-04 | wd=0.0432 | mom=0.9500 | T=7.8 k=3.8 (mu_rec=8 mu_bwd=4) | grad=2.062 | tok/s=18,444 | tokens=0.28B
step=  8670 | loss=5.3010 | lr=3.00e-04 | wd=0.0432 | mom=0.9500 | T=7.0 k=3.8 (mu_rec=8 mu_bwd=4) | grad=2.250 | tok/s=8,904 | tokens=0.28B
step=  8680 | loss=5.4359 | lr=3.00e-04 | wd=0.0431 | mom=0.9500 | T=7.2 k=3.0 (mu_rec=8 mu_bwd=4) | grad=1.266 | tok/s=20,434 | tokens=0.28B
step=  8690 | loss=5.6611 | lr=3.00e-04 | wd=0.0431 | mom=0.9500 | T=6.8 k=3.0 (mu_rec=8 mu_bwd=4) | grad=1.445 | tok/s=20,295 | tokens=0.28B
step=  8700 | loss=5.3367 | lr=3.00e-04 | wd=0.0430 | mom=0.9500 | T=8.2 k=4.0 (mu_rec=8 mu_bwd=4) | grad=3.766 | tok/s=20,279 | tokens=0.29B
step=  8710 | loss=5.2946 | lr=3.00e-04 | wd=0.0429 | mom=0.9500 | T=5.8 k=3.8 (mu_rec=8 mu_bwd=4) | grad=1.594 | tok/s=20,048 | tokens=0.29B
step=  8720 | loss=5.4037 | lr=3.00e-04 | wd=0.0429 | mom=0.9500 | T=10.0 k=4.0 (mu_rec=8 mu_bwd=4) | grad=2.062 | tok/s=19,140 | tokens=0.29B
step=  8730 | loss=5.3081 | lr=3.00e-04 | wd=0.0428 | mom=0.9500 | T=15.2 k=4.0 (mu_rec=8 mu_bwd=4) | grad=1.672 | tok/s=18,725 | tokens=0.29B
step=  8740 | loss=5.3303 | lr=3.00e-04 | wd=0.0427 | mom=0.9500 | T=14.2 k=4.0 (mu_rec=8 mu_bwd=4) | grad=1.258 | tok/s=17,516 | tokens=0.29B
step=  8750 | loss=5.4268 | lr=3.00e-04 | wd=0.0427 | mom=0.9500 | T=15.5 k=4.0 (mu_rec=8 mu_bwd=4) | grad=1.344 | tok/s=20,129 | tokens=0.29B
step=  8760 | loss=5.3947 | lr=3.00e-04 | wd=0.0426 | mom=0.9500 | T=5.8 k=3.5 (mu_rec=8 mu_bwd=4) | grad=1.578 | tok/s=19,454 | tokens=0.29B
step=  8770 | loss=5.4492 | lr=3.00e-04 | wd=0.0425 | mom=0.9500 | T=7.8 k=3.8 (mu_rec=8 mu_bwd=4) | grad=1.398 | tok/s=19,371 | tokens=0.29B
step=  8780 | loss=5.4515 | lr=3.00e-04 | wd=0.0425 | mom=0.9500 | T=14.5 k=3.5 (mu_rec=8 mu_bwd=4) | grad=1.406 | tok/s=8,156 | tokens=0.29B
step=  8790 | loss=5.3279 | lr=3.00e-04 | wd=0.0424 | mom=0.9500 | T=7.0 k=2.8 (mu_rec=8 mu_bwd=4) | grad=1.711 | tok/s=20,937 | tokens=0.29B
step=  8800 | loss=5.3281 | lr=3.00e-04 | wd=0.0423 | mom=0.9500 | T=9.5 k=4.0 (mu_rec=8 mu_bwd=4) | grad=1.422 | tok/s=19,436 | tokens=0.29B
step=  8810 | loss=5.4170 | lr=3.00e-04 | wd=0.0423 | mom=0.9500 | T=11.0 k=4.0 (mu_rec=8 mu_bwd=4) | grad=2.969 | tok/s=19,894 | tokens=0.29B
step=  8820 | loss=5.3400 | lr=3.00e-04 | wd=0.0422 | mom=0.9500 | T=6.2 k=4.0 (mu_rec=8 mu_bwd=4) | grad=1.258 | tok/s=18,408 | tokens=0.29B
step=  8830 | loss=5.4258 | lr=3.00e-04 | wd=0.0421 | mom=0.9500 | T=8.5 k=3.5 (mu_rec=8 mu_bwd=4) | grad=1.234 | tok/s=21,030 | tokens=0.29B
step=  8840 | loss=5.3089 | lr=3.00e-04 | wd=0.0421 | mom=0.9500 | T=10.2 k=4.0 (mu_rec=8 mu_bwd=4) | grad=3.672 | tok/s=19,218 | tokens=0.29B
step=  8850 | loss=5.3337 | lr=3.00e-04 | wd=0.0420 | mom=0.9500 | T=12.8 k=3.8 (mu_rec=8 mu_bwd=4) | grad=1.484 | tok/s=19,068 | tokens=0.29B
step=  8860 | loss=5.4414 | lr=3.00e-04 | wd=0.0419 | mom=0.9500 | T=9.5 k=3.5 (mu_rec=8 mu_bwd=4) | grad=1.242 | tok/s=18,965 | tokens=0.29B
step=  8870 | loss=5.4894 | lr=3.00e-04 | wd=0.0419 | mom=0.9500 | T=8.2 k=3.8 (mu_rec=8 mu_bwd=4) | grad=1.414 | tok/s=19,777 | tokens=0.29B
step=  8880 | loss=5.2745 | lr=3.00e-04 | wd=0.0418 | mom=0.9500 | T=7.5 k=4.0 (mu_rec=8 mu_bwd=4) | grad=4.000 | tok/s=20,000 | tokens=0.29B
step=  8890 | loss=5.4011 | lr=3.00e-04 | wd=0.0417 | mom=0.9500 | T=3.5 k=3.0 (mu_rec=8 mu_bwd=4) | grad=1.477 | tok/s=20,499 | tokens=0.29B
step=  8900 | loss=5.4317 | lr=3.00e-04 | wd=0.0417 | mom=0.9500 | T=13.2 k=4.0 (mu_rec=8 mu_bwd=4) | grad=1.297 | tok/s=18,916 | tokens=0.29B
step=  8910 | loss=5.4655 | lr=3.00e-04 | wd=0.0416 | mom=0.9500 | T=16.8 k=4.0 (mu_rec=8 mu_bwd=4) | grad=3.359 | tok/s=19,121 | tokens=0.29B
step=  8920 | loss=5.4515 | lr=3.00e-04 | wd=0.0415 | mom=0.9500 | T=6.0 k=4.0 (mu_rec=8 mu_bwd=4) | grad=1.969 | tok/s=19,205 | tokens=0.29B
step=  8930 | loss=5.4321 | lr=3.00e-04 | wd=0.0415 | mom=0.9500 | T=6.0 k=3.2 (mu_rec=8 mu_bwd=4) | grad=1.250 | tok/s=21,309 | tokens=0.29B
step=  8940 | loss=5.4407 | lr=3.00e-04 | wd=0.0414 | mom=0.9500 | T=5.8 k=2.8 (mu_rec=8 mu_bwd=4) | grad=2.016 | tok/s=21,610 | tokens=0.29B
step=  8950 | loss=5.4660 | lr=3.00e-04 | wd=0.0413 | mom=0.9500 | T=9.8 k=4.0 (mu_rec=8 mu_bwd=4) | grad=1.961 | tok/s=19,529 | tokens=0.29B
step=  8960 | loss=5.3594 | lr=3.00e-04 | wd=0.0413 | mom=0.9500 | T=7.2 k=4.0 (mu_rec=8 mu_bwd=4) | grad=2.016 | tok/s=21,839 | tokens=0.29B
step=  8970 | loss=5.7977 | lr=3.00e-04 | wd=0.0412 | mom=0.9500 | T=10.5 k=4.0 (mu_rec=8 mu_bwd=4) | grad=2.250 | tok/s=19,477 | tokens=0.29B
step=  8980 | loss=5.8426 | lr=3.00e-04 | wd=0.0412 | mom=0.9500 | T=6.8 k=4.0 (mu_rec=8 mu_bwd=4) | grad=1.680 | tok/s=18,260 | tokens=0.29B
step=  8990 | loss=5.4371 | lr=3.00e-04 | wd=0.0411 | mom=0.9500 | T=9.2 k=4.0 (mu_rec=8 mu_bwd=4) | grad=1.391 | tok/s=19,956 | tokens=0.29B
step=  9000 | loss=5.3673 | lr=3.00e-04 | wd=0.0410 | mom=0.9500 | T=8.8 k=3.8 (mu_rec=8 mu_bwd=4) | grad=1.750 | tok/s=19,705 | tokens=0.29B
step=  9010 | loss=5.1187 | lr=3.00e-04 | wd=0.0410 | mom=0.9500 | T=15.5 k=4.0 (mu_rec=8 mu_bwd=4) | grad=1.414 | tok/s=18,781 | tokens=0.30B
step=  9020 | loss=5.3689 | lr=3.00e-04 | wd=0.0409 | mom=0.9500 | T=6.8 k=4.0 (mu_rec=8 mu_bwd=4) | grad=1.516 | tok/s=18,250 | tokens=0.30B
step=  9030 | loss=5.3231 | lr=3.00e-04 | wd=0.0408 | mom=0.9500 | T=6.5 k=3.2 (mu_rec=8 mu_bwd=4) | grad=1.711 | tok/s=19,693 | tokens=0.30B
step=  9040 | loss=5.3241 | lr=3.00e-04 | wd=0.0408 | mom=0.9500 | T=12.8 k=4.0 (mu_rec=8 mu_bwd=4) | grad=2.578 | tok/s=19,261 | tokens=0.30B
step=  9050 | loss=5.3702 | lr=3.00e-04 | wd=0.0407 | mom=0.9500 | T=7.8 k=3.8 (mu_rec=8 mu_bwd=4) | grad=2.016 | tok/s=19,756 | tokens=0.30B
step=  9060 | loss=5.5213 | lr=3.00e-04 | wd=0.0406 | mom=0.9500 | T=6.0 k=3.5 (mu_rec=8 mu_bwd=4) | grad=2.656 | tok/s=19,461 | tokens=0.30B
step=  9070 | loss=5.3615 | lr=3.00e-04 | wd=0.0406 | mom=0.9500 | T=10.0 k=3.8 (mu_rec=8 mu_bwd=4) | grad=1.531 | tok/s=20,239 | tokens=0.30B
step=  9080 | loss=5.3494 | lr=3.00e-04 | wd=0.0405 | mom=0.9500 | T=10.8 k=4.0 (mu_rec=8 mu_bwd=4) | grad=1.375 | tok/s=18,422 | tokens=0.30B
step=  9090 | loss=5.8369 | lr=3.00e-04 | wd=0.0404 | mom=0.9500 | T=6.5 k=3.8 (mu_rec=8 mu_bwd=4) | grad=1.367 | tok/s=20,014 | tokens=0.30B
step=  9100 | loss=5.3646 | lr=3.00e-04 | wd=0.0404 | mom=0.9500 | T=8.0 k=2.8 (mu_rec=8 mu_bwd=4) | grad=1.945 | tok/s=19,035 | tokens=0.30B
step=  9110 | loss=5.4881 | lr=3.00e-04 | wd=0.0403 | mom=0.9500 | T=10.0 k=4.0 (mu_rec=8 mu_bwd=4) | grad=1.289 | tok/s=17,977 | tokens=0.30B
step=  9120 | loss=5.4515 | lr=3.00e-04 | wd=0.0402 | mom=0.9500 | T=11.5 k=4.0 (mu_rec=8 mu_bwd=4) | grad=2.250 | tok/s=18,497 | tokens=0.30B
step=  9130 | loss=5.3005 | lr=3.00e-04 | wd=0.0402 | mom=0.9500 | T=7.0 k=3.8 (mu_rec=8 mu_bwd=4) | grad=1.695 | tok/s=19,024 | tokens=0.30B
step=  9140 | loss=5.2093 | lr=3.00e-04 | wd=0.0401 | mom=0.9500 | T=9.5 k=3.5 (mu_rec=8 mu_bwd=4) | grad=1.547 | tok/s=18,206 | tokens=0.30B
step=  9150 | loss=5.4513 | lr=3.00e-04 | wd=0.0400 | mom=0.9500 | T=5.2 k=3.0 (mu_rec=8 mu_bwd=4) | grad=2.500 | tok/s=20,317 | tokens=0.30B
step=  9160 | loss=5.4126 | lr=3.00e-04 | wd=0.0400 | mom=0.9500 | T=7.2 k=4.0 (mu_rec=8 mu_bwd=4) | grad=2.984 | tok/s=18,323 | tokens=0.30B
step=  9170 | loss=5.7217 | lr=3.00e-04 | wd=0.0399 | mom=0.9500 | T=9.5 k=4.0 (mu_rec=8 mu_bwd=4) | grad=2.297 | tok/s=19,020 | tokens=0.30B
step=  9180 | loss=6.6344 | lr=3.00e-04 | wd=0.0398 | mom=0.9500 | T=7.0 k=4.0 (mu_rec=8 mu_bwd=4) | grad=1.641 | tok/s=20,276 | tokens=0.30B
step=  9190 | loss=6.2539 | lr=3.00e-04 | wd=0.0398 | mom=0.9500 | T=14.5 k=4.0 (mu_rec=8 mu_bwd=4) | grad=1.453 | tok/s=19,380 | tokens=0.30B
step=  9200 | loss=5.6243 | lr=3.00e-04 | wd=0.0397 | mom=0.9500 | T=8.2 k=3.2 (mu_rec=8 mu_bwd=4) | grad=1.461 | tok/s=20,227 | tokens=0.30B
step=  9210 | loss=5.4456 | lr=3.00e-04 | wd=0.0396 | mom=0.9500 | T=8.0 k=4.0 (mu_rec=8 mu_bwd=4) | grad=1.609 | tok/s=18,385 | tokens=0.30B
step=  9220 | loss=5.5152 | lr=3.00e-04 | wd=0.0396 | mom=0.9500 | T=6.2 k=3.5 (mu_rec=8 mu_bwd=4) | grad=2.000 | tok/s=21,969 | tokens=0.30B
step=  9230 | loss=5.4008 | lr=3.00e-04 | wd=0.0395 | mom=0.9500 | T=5.5 k=3.5 (mu_rec=8 mu_bwd=4) | grad=2.047 | tok/s=19,081 | tokens=0.30B
step=  9240 | loss=5.7507 | lr=3.00e-04 | wd=0.0394 | mom=0.9500 | T=6.0 k=3.2 (mu_rec=8 mu_bwd=4) | grad=1.820 | tok/s=21,135 | tokens=0.30B
step=  9250 | loss=5.4350 | lr=3.00e-04 | wd=0.0394 | mom=0.9500 | T=6.5 k=3.0 (mu_rec=8 mu_bwd=4) | grad=1.391 | tok/s=19,767 | tokens=0.30B
step=  9260 | loss=5.3697 | lr=3.00e-04 | wd=0.0393 | mom=0.9500 | T=4.8 k=4.0 (mu_rec=8 mu_bwd=4) | grad=2.578 | tok/s=19,736 | tokens=0.30B
step=  9270 | loss=5.4726 | lr=3.00e-04 | wd=0.0393 | mom=0.9500 | T=4.5 k=3.2 (mu_rec=8 mu_bwd=4) | grad=1.148 | tok/s=20,751 | tokens=0.30B
step=  9280 | loss=5.3306 | lr=3.00e-04 | wd=0.0392 | mom=0.9500 | T=8.8 k=3.2 (mu_rec=8 mu_bwd=4) | grad=2.016 | tok/s=20,141 | tokens=0.30B
step=  9290 | loss=5.4138 | lr=3.00e-04 | wd=0.0391 | mom=0.9500 | T=9.2 k=3.5 (mu_rec=8 mu_bwd=4) | grad=1.484 | tok/s=19,699 | tokens=0.30B
step=  9300 | loss=5.4794 | lr=3.00e-04 | wd=0.0391 | mom=0.9500 | T=3.8 k=3.2 (mu_rec=8 mu_bwd=4) | grad=2.672 | tok/s=20,856 | tokens=0.30B
step=  9310 | loss=5.5890 | lr=3.00e-04 | wd=0.0390 | mom=0.9500 | T=6.8 k=3.8 (mu_rec=8 mu_bwd=4) | grad=1.500 | tok/s=18,386 | tokens=0.31B
step=  9320 | loss=5.4194 | lr=3.00e-04 | wd=0.0389 | mom=0.9500 | T=6.0 k=3.8 (mu_rec=8 mu_bwd=4) | grad=1.211 | tok/s=19,025 | tokens=0.31B
step=  9330 | loss=5.4805 | lr=3.00e-04 | wd=0.0389 | mom=0.9500 | T=7.5 k=3.5 (mu_rec=8 mu_bwd=4) | grad=1.422 | tok/s=19,086 | tokens=0.31B
step=  9340 | loss=5.5258 | lr=3.00e-04 | wd=0.0388 | mom=0.9500 | T=8.8 k=4.0 (mu_rec=8 mu_bwd=4) | grad=3.500 | tok/s=19,772 | tokens=0.31B
step=  9350 | loss=5.3365 | lr=3.00e-04 | wd=0.0387 | mom=0.9500 | T=7.2 k=4.0 (mu_rec=8 mu_bwd=4) | grad=1.125 | tok/s=19,791 | tokens=0.31B
step=  9360 | loss=5.3294 | lr=3.00e-04 | wd=0.0387 | mom=0.9500 | T=6.8 k=3.8 (mu_rec=8 mu_bwd=4) | grad=1.273 | tok/s=20,290 | tokens=0.31B
step=  9370 | loss=5.3978 | lr=3.00e-04 | wd=0.0386 | mom=0.9500 | T=5.0 k=3.5 (mu_rec=8 mu_bwd=4) | grad=1.594 | tok/s=18,519 | tokens=0.31B
step=  9380 | loss=5.5567 | lr=3.00e-04 | wd=0.0385 | mom=0.9500 | T=8.8 k=4.0 (mu_rec=8 mu_bwd=4) | grad=2.375 | tok/s=19,295 | tokens=0.31B
step=  9390 | loss=5.3989 | lr=3.00e-04 | wd=0.0385 | mom=0.9500 | T=6.0 k=3.0 (mu_rec=8 mu_bwd=4) | grad=1.594 | tok/s=22,102 | tokens=0.31B
step=  9400 | loss=5.3586 | lr=3.00e-04 | wd=0.0384 | mom=0.9500 | T=8.0 k=3.8 (mu_rec=8 mu_bwd=4) | grad=1.438 | tok/s=20,314 | tokens=0.31B
step=  9410 | loss=5.4284 | lr=3.00e-04 | wd=0.0383 | mom=0.9500 | T=7.2 k=4.0 (mu_rec=8 mu_bwd=4) | grad=1.992 | tok/s=19,674 | tokens=0.31B
step=  9420 | loss=5.4694 | lr=3.00e-04 | wd=0.0383 | mom=0.9500 | T=8.8 k=4.0 (mu_rec=8 mu_bwd=4) | grad=1.984 | tok/s=21,391 | tokens=0.31B
step=  9430 | loss=5.3496 | lr=3.00e-04 | wd=0.0382 | mom=0.9500 | T=7.5 k=4.0 (mu_rec=8 mu_bwd=4) | grad=1.742 | tok/s=20,074 | tokens=0.31B
step=  9440 | loss=5.5147 | lr=3.00e-04 | wd=0.0381 | mom=0.9500 | T=10.2 k=4.0 (mu_rec=8 mu_bwd=4) | grad=3.484 | tok/s=19,979 | tokens=0.31B
step=  9450 | loss=5.2732 | lr=3.00e-04 | wd=0.0381 | mom=0.9500 | T=8.2 k=3.0 (mu_rec=8 mu_bwd=4) | grad=2.156 | tok/s=19,258 | tokens=0.31B
step=  9460 | loss=5.3873 | lr=3.00e-04 | wd=0.0380 | mom=0.9500 | T=4.5 k=3.8 (mu_rec=8 mu_bwd=4) | grad=3.859 | tok/s=19,387 | tokens=0.31B
step=  9470 | loss=5.3958 | lr=3.00e-04 | wd=0.0379 | mom=0.9500 | T=9.0 k=4.0 (mu_rec=8 mu_bwd=4) | grad=1.703 | tok/s=19,800 | tokens=0.31B
step=  9480 | loss=5.4088 | lr=3.00e-04 | wd=0.0379 | mom=0.9500 | T=5.2 k=4.0 (mu_rec=8 mu_bwd=4) | grad=1.320 | tok/s=19,796 | tokens=0.31B
step=  9490 | loss=5.2921 | lr=3.00e-04 | wd=0.0378 | mom=0.9500 | T=7.5 k=4.0 (mu_rec=8 mu_bwd=4) | grad=1.453 | tok/s=20,139 | tokens=0.31B
step=  9500 | loss=5.5095 | lr=3.00e-04 | wd=0.0377 | mom=0.9500 | T=7.0 k=4.0 (mu_rec=8 mu_bwd=4) | grad=2.750 | tok/s=9,322 | tokens=0.31B
step=  9510 | loss=5.4017 | lr=3.00e-04 | wd=0.0377 | mom=0.9500 | T=4.5 k=3.8 (mu_rec=8 mu_bwd=4) | grad=1.930 | tok/s=19,681 | tokens=0.31B
step=  9520 | loss=5.4648 | lr=3.00e-04 | wd=0.0376 | mom=0.9500 | T=7.5 k=4.0 (mu_rec=8 mu_bwd=4) | grad=1.562 | tok/s=18,433 | tokens=0.31B
step=  9530 | loss=5.2816 | lr=3.00e-04 | wd=0.0375 | mom=0.9500 | T=5.2 k=3.5 (mu_rec=8 mu_bwd=4) | grad=1.727 | tok/s=19,216 | tokens=0.31B
step=  9540 | loss=5.3306 | lr=3.00e-04 | wd=0.0375 | mom=0.9500 | T=4.5 k=3.2 (mu_rec=8 mu_bwd=4) | grad=1.422 | tok/s=19,622 | tokens=0.31B
step=  9550 | loss=5.2469 | lr=3.00e-04 | wd=0.0374 | mom=0.9500 | T=12.8 k=4.0 (mu_rec=8 mu_bwd=4) | grad=1.328 | tok/s=19,082 | tokens=0.31B
step=  9560 | loss=5.3203 | lr=3.00e-04 | wd=0.0374 | mom=0.9500 | T=4.5 k=3.2 (mu_rec=8 mu_bwd=4) | grad=1.453 | tok/s=19,882 | tokens=0.31B
step=  9570 | loss=5.3997 | lr=3.00e-04 | wd=0.0373 | mom=0.9500 | T=5.8 k=2.8 (mu_rec=8 mu_bwd=4) | grad=1.641 | tok/s=21,576 | tokens=0.31B
step=  9580 | loss=5.3278 | lr=3.00e-04 | wd=0.0372 | mom=0.9500 | T=6.0 k=3.0 (mu_rec=8 mu_bwd=4) | grad=1.586 | tok/s=21,701 | tokens=0.31B
step=  9590 | loss=5.3601 | lr=3.00e-04 | wd=0.0372 | mom=0.9500 | T=6.0 k=3.5 (mu_rec=8 mu_bwd=4) | grad=2.922 | tok/s=21,675 | tokens=0.31B
step=  9600 | loss=5.3801 | lr=3.00e-04 | wd=0.0371 | mom=0.9500 | T=8.5 k=4.0 (mu_rec=8 mu_bwd=4) | grad=1.531 | tok/s=20,960 | tokens=0.31B
step=  9610 | loss=5.3978 | lr=3.00e-04 | wd=0.0370 | mom=0.9500 | T=7.2 k=3.8 (mu_rec=8 mu_bwd=4) | grad=1.461 | tok/s=20,762 | tokens=0.31B
step=  9620 | loss=5.5568 | lr=3.00e-04 | wd=0.0370 | mom=0.9500 | T=6.2 k=3.2 (mu_rec=8 mu_bwd=4) | grad=1.359 | tok/s=20,624 | tokens=0.32B
step=  9630 | loss=5.4127 | lr=3.00e-04 | wd=0.0369 | mom=0.9500 | T=10.0 k=3.8 (mu_rec=8 mu_bwd=4) | grad=1.203 | tok/s=20,342 | tokens=0.32B
step=  9640 | loss=5.3274 | lr=3.00e-04 | wd=0.0368 | mom=0.9500 | T=5.8 k=3.2 (mu_rec=8 mu_bwd=4) | grad=2.750 | tok/s=20,608 | tokens=0.32B
step=  9650 | loss=5.4265 | lr=3.00e-04 | wd=0.0368 | mom=0.9500 | T=7.0 k=4.0 (mu_rec=8 mu_bwd=4) | grad=1.797 | tok/s=20,831 | tokens=0.32B
step=  9660 | loss=5.1702 | lr=3.00e-04 | wd=0.0367 | mom=0.9500 | T=5.0 k=3.5 (mu_rec=8 mu_bwd=4) | grad=1.422 | tok/s=20,379 | tokens=0.32B
step=  9670 | loss=5.3993 | lr=3.00e-04 | wd=0.0366 | mom=0.9500 | T=5.0 k=2.2 (mu_rec=8 mu_bwd=4) | grad=3.359 | tok/s=8,967 | tokens=0.32B
step=  9680 | loss=5.3955 | lr=3.00e-04 | wd=0.0366 | mom=0.9500 | T=8.5 k=4.0 (mu_rec=8 mu_bwd=4) | grad=1.312 | tok/s=21,525 | tokens=0.32B
step=  9690 | loss=5.3808 | lr=3.00e-04 | wd=0.0365 | mom=0.9500 | T=5.8 k=4.0 (mu_rec=8 mu_bwd=4) | grad=2.609 | tok/s=19,610 | tokens=0.32B
step=  9700 | loss=5.2592 | lr=3.00e-04 | wd=0.0364 | mom=0.9500 | T=4.5 k=3.0 (mu_rec=8 mu_bwd=4) | grad=1.445 | tok/s=21,226 | tokens=0.32B
step=  9710 | loss=5.2537 | lr=3.00e-04 | wd=0.0364 | mom=0.9500 | T=5.8 k=4.0 (mu_rec=8 mu_bwd=4) | grad=1.414 | tok/s=20,048 | tokens=0.32B
step=  9720 | loss=5.4573 | lr=3.00e-04 | wd=0.0363 | mom=0.9500 | T=6.2 k=3.8 (mu_rec=8 mu_bwd=4) | grad=1.484 | tok/s=20,389 | tokens=0.32B
step=  9730 | loss=5.3005 | lr=3.00e-04 | wd=0.0362 | mom=0.9500 | T=4.2 k=3.5 (mu_rec=8 mu_bwd=4) | grad=5.500 | tok/s=21,087 | tokens=0.32B
step=  9740 | loss=5.3145 | lr=3.00e-04 | wd=0.0362 | mom=0.9500 | T=5.8 k=3.5 (mu_rec=8 mu_bwd=4) | grad=3.344 | tok/s=18,163 | tokens=0.32B
step=  9750 | loss=5.3300 | lr=3.00e-04 | wd=0.0361 | mom=0.9500 | T=5.0 k=3.8 (mu_rec=8 mu_bwd=4) | grad=1.977 | tok/s=19,487 | tokens=0.32B
step=  9760 | loss=5.4469 | lr=3.00e-04 | wd=0.0360 | mom=0.9500 | T=11.0 k=4.0 (mu_rec=8 mu_bwd=4) | grad=1.422 | tok/s=19,156 | tokens=0.32B
step=  9770 | loss=5.3936 | lr=3.00e-04 | wd=0.0360 | mom=0.9500 | T=9.5 k=3.8 (mu_rec=8 mu_bwd=4) | grad=1.430 | tok/s=20,389 | tokens=0.32B
step=  9780 | loss=5.2221 | lr=3.00e-04 | wd=0.0359 | mom=0.9500 | T=7.0 k=3.8 (mu_rec=8 mu_bwd=4) | grad=1.656 | tok/s=20,901 | tokens=0.32B
step=  9790 | loss=5.1965 | lr=3.00e-04 | wd=0.0358 | mom=0.9500 | T=2.0 k=1.8 (mu_rec=8 mu_bwd=4) | grad=2.469 | tok/s=20,393 | tokens=0.32B
step=  9800 | loss=5.3213 | lr=3.00e-04 | wd=0.0358 | mom=0.9500 | T=10.2 k=4.0 (mu_rec=8 mu_bwd=4) | grad=1.469 | tok/s=19,178 | tokens=0.32B
step=  9810 | loss=5.4059 | lr=3.00e-04 | wd=0.0357 | mom=0.9500 | T=8.5 k=4.0 (mu_rec=8 mu_bwd=4) | grad=1.531 | tok/s=20,108 | tokens=0.32B
step=  9820 | loss=5.2139 | lr=3.00e-04 | wd=0.0356 | mom=0.9500 | T=7.2 k=3.2 (mu_rec=8 mu_bwd=4) | grad=2.125 | tok/s=19,933 | tokens=0.32B
step=  9830 | loss=5.1091 | lr=3.00e-04 | wd=0.0356 | mom=0.9500 | T=8.0 k=3.8 (mu_rec=8 mu_bwd=4) | grad=1.539 | tok/s=19,581 | tokens=0.32B
step=  9840 | loss=5.3388 | lr=3.00e-04 | wd=0.0355 | mom=0.9500 | T=7.8 k=4.0 (mu_rec=8 mu_bwd=4) | grad=1.305 | tok/s=19,801 | tokens=0.32B
step=  9850 | loss=5.3048 | lr=3.00e-04 | wd=0.0355 | mom=0.9500 | T=8.0 k=4.0 (mu_rec=8 mu_bwd=4) | grad=1.555 | tok/s=20,474 | tokens=0.32B
step=  9860 | loss=5.1498 | lr=3.00e-04 | wd=0.0354 | mom=0.9500 | T=4.0 k=3.2 (mu_rec=8 mu_bwd=4) | grad=1.883 | tok/s=20,806 | tokens=0.32B
step=  9870 | loss=5.1981 | lr=3.00e-04 | wd=0.0353 | mom=0.9500 | T=7.2 k=3.8 (mu_rec=8 mu_bwd=4) | grad=1.562 | tok/s=20,984 | tokens=0.32B
step=  9880 | loss=5.4058 | lr=3.00e-04 | wd=0.0353 | mom=0.9500 | T=7.8 k=4.0 (mu_rec=8 mu_bwd=4) | grad=1.328 | tok/s=20,769 | tokens=0.32B
step=  9890 | loss=5.3728 | lr=3.00e-04 | wd=0.0352 | mom=0.9500 | T=5.0 k=3.5 (mu_rec=8 mu_bwd=4) | grad=1.492 | tok/s=18,728 | tokens=0.32B
step=  9900 | loss=5.3555 | lr=3.00e-04 | wd=0.0351 | mom=0.9500 | T=8.2 k=4.0 (mu_rec=8 mu_bwd=4) | grad=1.492 | tok/s=19,241 | tokens=0.32B
step=  9910 | loss=5.3556 | lr=3.00e-04 | wd=0.0351 | mom=0.9500 | T=5.0 k=3.2 (mu_rec=8 mu_bwd=4) | grad=1.203 | tok/s=20,191 | tokens=0.32B
step=  9920 | loss=5.3419 | lr=3.00e-04 | wd=0.0350 | mom=0.9500 | T=4.0 k=2.8 (mu_rec=8 mu_bwd=4) | grad=3.984 | tok/s=20,095 | tokens=0.33B
step=  9930 | loss=5.4121 | lr=3.00e-04 | wd=0.0349 | mom=0.9500 | T=6.0 k=4.0 (mu_rec=8 mu_bwd=4) | grad=1.578 | tok/s=20,447 | tokens=0.33B
step=  9940 | loss=5.3700 | lr=3.00e-04 | wd=0.0349 | mom=0.9500 | T=8.8 k=3.8 (mu_rec=8 mu_bwd=4) | grad=2.203 | tok/s=19,765 | tokens=0.33B
step=  9950 | loss=5.2093 | lr=3.00e-04 | wd=0.0348 | mom=0.9500 | T=10.5 k=4.0 (mu_rec=8 mu_bwd=4) | grad=1.523 | tok/s=19,358 | tokens=0.33B
step=  9960 | loss=5.3704 | lr=3.00e-04 | wd=0.0347 | mom=0.9500 | T=5.0 k=3.5 (mu_rec=8 mu_bwd=4) | grad=1.703 | tok/s=19,717 | tokens=0.33B
step=  9970 | loss=5.4784 | lr=3.00e-04 | wd=0.0347 | mom=0.9500 | T=11.5 k=4.0 (mu_rec=8 mu_bwd=4) | grad=2.453 | tok/s=19,502 | tokens=0.33B
step=  9980 | loss=5.3220 | lr=3.00e-04 | wd=0.0346 | mom=0.9500 | T=11.8 k=4.0 (mu_rec=8 mu_bwd=4) | grad=1.906 | tok/s=20,306 | tokens=0.33B
step=  9990 | loss=5.1270 | lr=3.00e-04 | wd=0.0345 | mom=0.9500 | T=4.5 k=3.5 (mu_rec=8 mu_bwd=4) | grad=1.531 | tok/s=21,214 | tokens=0.33B
step= 10000 | loss=5.3470 | lr=3.00e-04 | wd=0.0345 | mom=0.9500 | T=6.5 k=4.0 (mu_rec=8 mu_bwd=4) | grad=1.578 | tok/s=18,767 | tokens=0.33B
[step 10000] Saved -> runs/cortex-verify-k4/checkpoint_0010000
step= 10010 | loss=5.3576 | lr=3.00e-04 | wd=0.0344 | mom=0.9500 | T=12.8 k=4.0 (mu_rec=8 mu_bwd=4) | grad=1.461 | tok/s=18,272 | tokens=0.33B
step= 10020 | loss=5.3218 | lr=3.00e-04 | wd=0.0343 | mom=0.9500 | T=9.0 k=3.8 (mu_rec=8 mu_bwd=4) | grad=1.297 | tok/s=19,325 | tokens=0.33B
step= 10030 | loss=5.2237 | lr=3.00e-04 | wd=0.0343 | mom=0.9500 | T=8.8 k=4.0 (mu_rec=8 mu_bwd=4) | grad=1.531 | tok/s=20,047 | tokens=0.33B
step= 10040 | loss=5.6706 | lr=3.00e-04 | wd=0.0342 | mom=0.9500 | T=10.0 k=4.0 (mu_rec=8 mu_bwd=4) | grad=1.664 | tok/s=19,341 | tokens=0.33B
step= 10050 | loss=5.4177 | lr=3.00e-04 | wd=0.0341 | mom=0.9500 | T=8.5 k=4.0 (mu_rec=8 mu_bwd=4) | grad=1.797 | tok/s=18,693 | tokens=0.33B
step= 10060 | loss=5.3019 | lr=3.00e-04 | wd=0.0341 | mom=0.9500 | T=3.8 k=3.2 (mu_rec=8 mu_bwd=4) | grad=1.547 | tok/s=19,493 | tokens=0.33B
step= 10070 | loss=5.3661 | lr=3.00e-04 | wd=0.0340 | mom=0.9500 | T=11.2 k=4.0 (mu_rec=8 mu_bwd=4) | grad=2.516 | tok/s=19,689 | tokens=0.33B
step= 10080 | loss=5.4427 | lr=3.00e-04 | wd=0.0339 | mom=0.9500 | T=6.0 k=3.0 (mu_rec=8 mu_bwd=4) | grad=2.109 | tok/s=19,895 | tokens=0.33B
step= 10090 | loss=5.3563 | lr=3.00e-04 | wd=0.0339 | mom=0.9500 | T=8.5 k=3.2 (mu_rec=8 mu_bwd=4) | grad=1.312 | tok/s=18,386 | tokens=0.33B
step= 10100 | loss=5.3380 | lr=3.00e-04 | wd=0.0338 | mom=0.9500 | T=6.0 k=3.0 (mu_rec=8 mu_bwd=4) | grad=2.438 | tok/s=19,481 | tokens=0.33B
step= 10110 | loss=5.2744 | lr=3.00e-04 | wd=0.0337 | mom=0.9500 | T=6.2 k=3.5 (mu_rec=8 mu_bwd=4) | grad=1.719 | tok/s=20,365 | tokens=0.33B
step= 10120 | loss=5.1537 | lr=3.00e-04 | wd=0.0337 | mom=0.9500 | T=7.5 k=4.0 (mu_rec=8 mu_bwd=4) | grad=2.031 | tok/s=18,517 | tokens=0.33B
step= 10130 | loss=5.2509 | lr=3.00e-04 | wd=0.0336 | mom=0.9500 | T=9.8 k=4.0 (mu_rec=8 mu_bwd=4) | grad=4.281 | tok/s=18,249 | tokens=0.33B
step= 10140 | loss=5.3358 | lr=3.00e-04 | wd=0.0335 | mom=0.9500 | T=9.0 k=3.8 (mu_rec=8 mu_bwd=4) | grad=1.383 | tok/s=19,749 | tokens=0.33B
step= 10150 | loss=5.2509 | lr=3.00e-04 | wd=0.0335 | mom=0.9500 | T=6.0 k=2.8 (mu_rec=8 mu_bwd=4) | grad=1.469 | tok/s=21,133 | tokens=0.33B
step= 10160 | loss=5.3614 | lr=3.00e-04 | wd=0.0334 | mom=0.9500 | T=8.8 k=3.5 (mu_rec=8 mu_bwd=4) | grad=2.328 | tok/s=18,487 | tokens=0.33B
step= 10170 | loss=5.2290 | lr=3.00e-04 | wd=0.0334 | mom=0.9500 | T=9.5 k=4.0 (mu_rec=8 mu_bwd=4) | grad=1.398 | tok/s=19,110 | tokens=0.33B
step= 10180 | loss=5.3653 | lr=3.00e-04 | wd=0.0333 | mom=0.9500 | T=5.2 k=3.8 (mu_rec=8 mu_bwd=4) | grad=2.812 | tok/s=20,706 | tokens=0.33B
step= 10190 | loss=5.3296 | lr=3.00e-04 | wd=0.0332 | mom=0.9500 | T=11.0 k=4.0 (mu_rec=8 mu_bwd=4) | grad=1.523 | tok/s=19,373 | tokens=0.33B
step= 10200 | loss=5.2906 | lr=3.00e-04 | wd=0.0332 | mom=0.9500 | T=6.2 k=3.5 (mu_rec=8 mu_bwd=4) | grad=2.219 | tok/s=20,244 | tokens=0.33B
step= 10210 | loss=5.3262 | lr=3.00e-04 | wd=0.0331 | mom=0.9500 | T=6.5 k=3.2 (mu_rec=8 mu_bwd=4) | grad=1.227 | tok/s=18,721 | tokens=0.33B
step= 10220 | loss=5.1423 | lr=3.00e-04 | wd=0.0330 | mom=0.9500 | T=10.8 k=4.0 (mu_rec=8 mu_bwd=4) | grad=2.266 | tok/s=19,602 | tokens=0.33B
step= 10230 | loss=5.2342 | lr=3.00e-04 | wd=0.0330 | mom=0.9500 | T=5.2 k=3.5 (mu_rec=8 mu_bwd=4) | grad=1.594 | tok/s=18,778 | tokens=0.34B
step= 10240 | loss=5.2979 | lr=3.00e-04 | wd=0.0329 | mom=0.9500 | T=7.8 k=4.0 (mu_rec=8 mu_bwd=4) | grad=1.680 | tok/s=18,950 | tokens=0.34B
step= 10250 | loss=5.1938 | lr=3.00e-04 | wd=0.0328 | mom=0.9500 | T=6.0 k=3.5 (mu_rec=8 mu_bwd=4) | grad=6.969 | tok/s=21,088 | tokens=0.34B
step= 10260 | loss=5.0990 | lr=3.00e-04 | wd=0.0328 | mom=0.9500 | T=17.8 k=4.0 (mu_rec=8 mu_bwd=4) | grad=1.672 | tok/s=8,697 | tokens=0.34B
step= 10270 | loss=5.1880 | lr=3.00e-04 | wd=0.0327 | mom=0.9500 | T=9.5 k=4.0 (mu_rec=8 mu_bwd=4) | grad=1.836 | tok/s=21,011 | tokens=0.34B
step= 10280 | loss=5.2341 | lr=3.00e-04 | wd=0.0326 | mom=0.9500 | T=7.8 k=3.8 (mu_rec=8 mu_bwd=4) | grad=2.281 | tok/s=20,847 | tokens=0.34B
step= 10290 | loss=5.3940 | lr=3.00e-04 | wd=0.0326 | mom=0.9500 | T=8.0 k=4.0 (mu_rec=8 mu_bwd=4) | grad=1.633 | tok/s=18,708 | tokens=0.34B
step= 10300 | loss=5.1737 | lr=3.00e-04 | wd=0.0325 | mom=0.9500 | T=5.8 k=4.0 (mu_rec=8 mu_bwd=4) | grad=1.961 | tok/s=19,125 | tokens=0.34B
step= 10310 | loss=5.5328 | lr=3.00e-04 | wd=0.0324 | mom=0.9500 | T=7.8 k=4.0 (mu_rec=8 mu_bwd=4) | grad=1.508 | tok/s=21,119 | tokens=0.34B
step= 10320 | loss=5.3879 | lr=3.00e-04 | wd=0.0324 | mom=0.9500 | T=7.2 k=3.5 (mu_rec=8 mu_bwd=4) | grad=1.891 | tok/s=18,162 | tokens=0.34B
step= 10330 | loss=5.2297 | lr=3.00e-04 | wd=0.0323 | mom=0.9500 | T=13.8 k=3.8 (mu_rec=8 mu_bwd=4) | grad=1.430 | tok/s=19,104 | tokens=0.34B
step= 10340 | loss=5.3337 | lr=3.00e-04 | wd=0.0322 | mom=0.9500 | T=6.8 k=4.0 (mu_rec=8 mu_bwd=4) | grad=1.562 | tok/s=19,991 | tokens=0.34B
step= 10350 | loss=5.5125 | lr=3.00e-04 | wd=0.0322 | mom=0.9500 | T=7.5 k=3.8 (mu_rec=8 mu_bwd=4) | grad=2.422 | tok/s=19,899 | tokens=0.34B
step= 10360 | loss=5.4482 | lr=3.00e-04 | wd=0.0321 | mom=0.9500 | T=4.2 k=3.5 (mu_rec=8 mu_bwd=4) | grad=2.188 | tok/s=19,812 | tokens=0.34B
step= 10370 | loss=5.6430 | lr=3.00e-04 | wd=0.0320 | mom=0.9500 | T=6.5 k=3.8 (mu_rec=8 mu_bwd=4) | grad=1.906 | tok/s=19,082 | tokens=0.34B
step= 10380 | loss=5.5051 | lr=3.00e-04 | wd=0.0320 | mom=0.9500 | T=11.0 k=4.0 (mu_rec=8 mu_bwd=4) | grad=1.969 | tok/s=19,841 | tokens=0.34B
step= 10390 | loss=5.2390 | lr=3.00e-04 | wd=0.0319 | mom=0.9500 | T=10.5 k=4.0 (mu_rec=8 mu_bwd=4) | grad=1.383 | tok/s=20,316 | tokens=0.34B
step= 10400 | loss=5.2168 | lr=3.00e-04 | wd=0.0318 | mom=0.9500 | T=5.8 k=3.0 (mu_rec=8 mu_bwd=4) | grad=2.344 | tok/s=21,292 | tokens=0.34B
step= 10410 | loss=5.1900 | lr=3.00e-04 | wd=0.0318 | mom=0.9500 | T=9.2 k=4.0 (mu_rec=8 mu_bwd=4) | grad=1.914 | tok/s=18,808 | tokens=0.34B
step= 10420 | loss=5.3200 | lr=3.00e-04 | wd=0.0317 | mom=0.9500 | T=8.8 k=3.8 (mu_rec=8 mu_bwd=4) | grad=1.516 | tok/s=20,290 | tokens=0.34B
step= 10430 | loss=5.4445 | lr=3.00e-04 | wd=0.0316 | mom=0.9500 | T=9.8 k=3.8 (mu_rec=8 mu_bwd=4) | grad=1.430 | tok/s=19,218 | tokens=0.34B
step= 10440 | loss=5.3272 | lr=3.00e-04 | wd=0.0316 | mom=0.9500 | T=7.2 k=3.5 (mu_rec=8 mu_bwd=4) | grad=4.094 | tok/s=20,203 | tokens=0.34B
step= 10450 | loss=5.2963 | lr=3.00e-04 | wd=0.0315 | mom=0.9500 | T=10.8 k=4.0 (mu_rec=8 mu_bwd=4) | grad=1.562 | tok/s=18,289 | tokens=0.34B
step= 10460 | loss=5.3320 | lr=3.00e-04 | wd=0.0315 | mom=0.9500 | T=8.5 k=4.0 (mu_rec=8 mu_bwd=4) | grad=1.617 | tok/s=19,649 | tokens=0.34B
step= 10470 | loss=5.2641 | lr=3.00e-04 | wd=0.0314 | mom=0.9500 | T=5.0 k=3.0 (mu_rec=8 mu_bwd=4) | grad=1.539 | tok/s=21,598 | tokens=0.34B
step= 10480 | loss=5.2997 | lr=3.00e-04 | wd=0.0313 | mom=0.9500 | T=6.0 k=4.0 (mu_rec=8 mu_bwd=4) | grad=1.539 | tok/s=19,092 | tokens=0.34B
step= 10490 | loss=5.2213 | lr=3.00e-04 | wd=0.0313 | mom=0.9500 | T=4.5 k=3.2 (mu_rec=8 mu_bwd=4) | grad=2.047 | tok/s=19,530 | tokens=0.34B
step= 10500 | loss=5.1575 | lr=3.00e-04 | wd=0.0312 | mom=0.9500 | T=6.0 k=4.0 (mu_rec=8 mu_bwd=4) | grad=1.773 | tok/s=20,170 | tokens=0.34B
step= 10510 | loss=5.4137 | lr=3.00e-04 | wd=0.0311 | mom=0.9500 | T=11.0 k=4.0 (mu_rec=8 mu_bwd=4) | grad=1.305 | tok/s=8,145 | tokens=0.34B
step= 10520 | loss=5.3346 | lr=3.00e-04 | wd=0.0311 | mom=0.9500 | T=5.0 k=3.8 (mu_rec=8 mu_bwd=4) | grad=1.742 | tok/s=19,841 | tokens=0.34B
step= 10530 | loss=5.3607 | lr=3.00e-04 | wd=0.0310 | mom=0.9500 | T=13.0 k=4.0 (mu_rec=8 mu_bwd=4) | grad=3.062 | tok/s=19,960 | tokens=0.35B
step= 10540 | loss=5.2700 | lr=3.00e-04 | wd=0.0309 | mom=0.9500 | T=8.2 k=4.0 (mu_rec=8 mu_bwd=4) | grad=2.922 | tok/s=20,014 | tokens=0.35B
step= 10550 | loss=5.4068 | lr=3.00e-04 | wd=0.0309 | mom=0.9500 | T=6.5 k=4.0 (mu_rec=8 mu_bwd=4) | grad=2.438 | tok/s=18,243 | tokens=0.35B
step= 10560 | loss=5.2657 | lr=3.00e-04 | wd=0.0308 | mom=0.9500 | T=5.5 k=3.5 (mu_rec=8 mu_bwd=4) | grad=1.844 | tok/s=20,811 | tokens=0.35B
step= 10570 | loss=5.3499 | lr=3.00e-04 | wd=0.0307 | mom=0.9500 | T=6.8 k=3.2 (mu_rec=8 mu_bwd=4) | grad=1.617 | tok/s=19,611 | tokens=0.35B
step= 10580 | loss=5.3116 | lr=3.00e-04 | wd=0.0307 | mom=0.9500 | T=9.2 k=4.0 (mu_rec=8 mu_bwd=4) | grad=2.172 | tok/s=20,003 | tokens=0.35B
step= 10590 | loss=5.3392 | lr=3.00e-04 | wd=0.0306 | mom=0.9500 | T=9.2 k=4.0 (mu_rec=8 mu_bwd=4) | grad=3.391 | tok/s=18,889 | tokens=0.35B
step= 10600 | loss=5.2717 | lr=3.00e-04 | wd=0.0305 | mom=0.9500 | T=8.5 k=4.0 (mu_rec=8 mu_bwd=4) | grad=2.953 | tok/s=18,722 | tokens=0.35B
step= 10610 | loss=5.2227 | lr=3.00e-04 | wd=0.0305 | mom=0.9500 | T=8.0 k=3.2 (mu_rec=8 mu_bwd=4) | grad=1.203 | tok/s=19,586 | tokens=0.35B
step= 10620 | loss=5.1916 | lr=3.00e-04 | wd=0.0304 | mom=0.9500 | T=4.2 k=3.8 (mu_rec=8 mu_bwd=4) | grad=1.461 | tok/s=20,346 | tokens=0.35B
step= 10630 | loss=5.2416 | lr=3.00e-04 | wd=0.0303 | mom=0.9500 | T=7.2 k=4.0 (mu_rec=8 mu_bwd=4) | grad=1.250 | tok/s=19,039 | tokens=0.35B
step= 10640 | loss=5.3781 | lr=3.00e-04 | wd=0.0303 | mom=0.9500 | T=7.8 k=4.0 (mu_rec=8 mu_bwd=4) | grad=1.953 | tok/s=19,491 | tokens=0.35B
step= 10650 | loss=5.1858 | lr=3.00e-04 | wd=0.0302 | mom=0.9500 | T=5.5 k=3.0 (mu_rec=8 mu_bwd=4) | grad=1.688 | tok/s=21,122 | tokens=0.35B
step= 10660 | loss=5.2919 | lr=3.00e-04 | wd=0.0301 | mom=0.9500 | T=7.0 k=3.2 (mu_rec=8 mu_bwd=4) | grad=1.547 | tok/s=20,069 | tokens=0.35B
step= 10670 | loss=5.2621 | lr=3.00e-04 | wd=0.0301 | mom=0.9500 | T=8.8 k=3.8 (mu_rec=8 mu_bwd=4) | grad=1.531 | tok/s=20,584 | tokens=0.35B
step= 10680 | loss=6.1805 | lr=3.00e-04 | wd=0.0300 | mom=0.9500 | T=7.2 k=4.0 (mu_rec=8 mu_bwd=4) | grad=2.047 | tok/s=21,092 | tokens=0.35B
step= 10690 | loss=5.3719 | lr=3.00e-04 | wd=0.0299 | mom=0.9500 | T=5.8 k=3.5 (mu_rec=8 mu_bwd=4) | grad=2.375 | tok/s=19,619 | tokens=0.35B
step= 10700 | loss=5.3539 | lr=3.00e-04 | wd=0.0299 | mom=0.9500 | T=6.8 k=3.8 (mu_rec=8 mu_bwd=4) | grad=2.266 | tok/s=20,285 | tokens=0.35B
step= 10710 | loss=5.5570 | lr=3.00e-04 | wd=0.0298 | mom=0.9500 | T=4.2 k=3.5 (mu_rec=8 mu_bwd=4) | grad=2.656 | tok/s=19,306 | tokens=0.35B
step= 10720 | loss=5.3882 | lr=3.00e-04 | wd=0.0297 | mom=0.9500 | T=5.0 k=3.0 (mu_rec=8 mu_bwd=4) | grad=1.617 | tok/s=20,336 | tokens=0.35B
step= 10730 | loss=5.2575 | lr=3.00e-04 | wd=0.0297 | mom=0.9500 | T=9.2 k=4.0 (mu_rec=8 mu_bwd=4) | grad=2.219 | tok/s=20,149 | tokens=0.35B
step= 10740 | loss=5.2415 | lr=3.00e-04 | wd=0.0296 | mom=0.9500 | T=9.5 k=4.0 (mu_rec=8 mu_bwd=4) | grad=2.031 | tok/s=19,116 | tokens=0.35B
step= 10750 | loss=5.1319 | lr=3.00e-04 | wd=0.0296 | mom=0.9500 | T=5.8 k=4.0 (mu_rec=8 mu_bwd=4) | grad=2.984 | tok/s=20,206 | tokens=0.35B
step= 10760 | loss=5.3932 | lr=3.00e-04 | wd=0.0295 | mom=0.9500 | T=5.8 k=3.2 (mu_rec=8 mu_bwd=4) | grad=2.156 | tok/s=20,704 | tokens=0.35B
step= 10770 | loss=5.1509 | lr=3.00e-04 | wd=0.0294 | mom=0.9500 | T=3.0 k=2.8 (mu_rec=8 mu_bwd=4) | grad=2.531 | tok/s=21,609 | tokens=0.35B
step= 10780 | loss=5.3354 | lr=3.00e-04 | wd=0.0294 | mom=0.9500 | T=11.8 k=4.0 (mu_rec=8 mu_bwd=4) | grad=1.828 | tok/s=20,197 | tokens=0.35B
step= 10790 | loss=5.3093 | lr=3.00e-04 | wd=0.0293 | mom=0.9500 | T=8.0 k=4.0 (mu_rec=8 mu_bwd=4) | grad=1.516 | tok/s=20,837 | tokens=0.35B
step= 10800 | loss=5.2240 | lr=3.00e-04 | wd=0.0292 | mom=0.9500 | T=3.2 k=3.0 (mu_rec=8 mu_bwd=4) | grad=1.430 | tok/s=20,402 | tokens=0.35B
step= 10810 | loss=5.2829 | lr=3.00e-04 | wd=0.0292 | mom=0.9500 | T=5.8 k=3.8 (mu_rec=8 mu_bwd=4) | grad=2.750 | tok/s=20,391 | tokens=0.35B
step= 10820 | loss=5.3156 | lr=3.00e-04 | wd=0.0291 | mom=0.9500 | T=9.2 k=4.0 (mu_rec=8 mu_bwd=4) | grad=2.891 | tok/s=18,392 | tokens=0.35B
step= 10830 | loss=5.4483 | lr=3.00e-04 | wd=0.0290 | mom=0.9500 | T=7.2 k=4.0 (mu_rec=8 mu_bwd=4) | grad=2.375 | tok/s=19,595 | tokens=0.35B
step= 10840 | loss=5.3490 | lr=3.00e-04 | wd=0.0290 | mom=0.9500 | T=5.0 k=3.2 (mu_rec=8 mu_bwd=4) | grad=1.812 | tok/s=20,878 | tokens=0.36B
step= 10850 | loss=5.1723 | lr=3.00e-04 | wd=0.0289 | mom=0.9500 | T=6.2 k=3.2 (mu_rec=8 mu_bwd=4) | grad=1.547 | tok/s=18,917 | tokens=0.36B
step= 10860 | loss=5.4022 | lr=3.00e-04 | wd=0.0288 | mom=0.9500 | T=5.8 k=3.0 (mu_rec=8 mu_bwd=4) | grad=2.297 | tok/s=20,059 | tokens=0.36B
step= 10870 | loss=5.2852 | lr=3.00e-04 | wd=0.0288 | mom=0.9500 | T=5.8 k=4.0 (mu_rec=8 mu_bwd=4) | grad=1.766 | tok/s=19,632 | tokens=0.36B
step= 10880 | loss=5.2756 | lr=3.00e-04 | wd=0.0287 | mom=0.9500 | T=9.8 k=4.0 (mu_rec=8 mu_bwd=4) | grad=1.227 | tok/s=19,607 | tokens=0.36B
step= 10890 | loss=5.1514 | lr=3.00e-04 | wd=0.0286 | mom=0.9500 | T=6.0 k=3.8 (mu_rec=8 mu_bwd=4) | grad=2.047 | tok/s=18,775 | tokens=0.36B
step= 10900 | loss=5.2269 | lr=3.00e-04 | wd=0.0286 | mom=0.9500 | T=10.8 k=3.2 (mu_rec=8 mu_bwd=4) | grad=1.648 | tok/s=19,366 | tokens=0.36B
step= 10910 | loss=5.1479 | lr=3.00e-04 | wd=0.0285 | mom=0.9500 | T=9.5 k=3.8 (mu_rec=8 mu_bwd=4) | grad=1.516 | tok/s=18,142 | tokens=0.36B
step= 10920 | loss=5.3797 | lr=3.00e-04 | wd=0.0284 | mom=0.9500 | T=5.8 k=3.5 (mu_rec=8 mu_bwd=4) | grad=5.844 | tok/s=19,875 | tokens=0.36B
step= 10930 | loss=5.3234 | lr=3.00e-04 | wd=0.0284 | mom=0.9500 | T=9.8 k=3.2 (mu_rec=8 mu_bwd=4) | grad=2.047 | tok/s=21,609 | tokens=0.36B
step= 10940 | loss=5.1531 | lr=3.00e-04 | wd=0.0283 | mom=0.9500 | T=3.5 k=2.5 (mu_rec=8 mu_bwd=4) | grad=1.828 | tok/s=20,823 | tokens=0.36B
step= 10950 | loss=5.2752 | lr=3.00e-04 | wd=0.0282 | mom=0.9500 | T=7.8 k=3.2 (mu_rec=8 mu_bwd=4) | grad=2.453 | tok/s=20,977 | tokens=0.36B
step= 10960 | loss=5.0268 | lr=3.00e-04 | wd=0.0282 | mom=0.9500 | T=8.8 k=3.2 (mu_rec=8 mu_bwd=4) | grad=7.938 | tok/s=19,798 | tokens=0.36B
step= 10970 | loss=5.3802 | lr=3.00e-04 | wd=0.0281 | mom=0.9500 | T=7.0 k=3.5 (mu_rec=8 mu_bwd=4) | grad=1.844 | tok/s=19,806 | tokens=0.36B
step= 10980 | loss=5.1966 | lr=3.00e-04 | wd=0.0280 | mom=0.9500 | T=5.5 k=3.2 (mu_rec=8 mu_bwd=4) | grad=2.000 | tok/s=18,039 | tokens=0.36B
step= 10990 | loss=5.1679 | lr=3.00e-04 | wd=0.0280 | mom=0.9500 | T=4.8 k=3.8 (mu_rec=8 mu_bwd=4) | grad=1.477 | tok/s=18,963 | tokens=0.36B
step= 11000 | loss=5.2659 | lr=3.00e-04 | wd=0.0279 | mom=0.9500 | T=10.8 k=3.5 (mu_rec=8 mu_bwd=4) | grad=2.516 | tok/s=20,542 | tokens=0.36B
step= 11010 | loss=5.2853 | lr=3.00e-04 | wd=0.0278 | mom=0.9500 | T=9.2 k=3.8 (mu_rec=8 mu_bwd=4) | grad=1.602 | tok/s=19,157 | tokens=0.36B
step= 11020 | loss=5.2780 | lr=3.00e-04 | wd=0.0278 | mom=0.9500 | T=8.0 k=4.0 (mu_rec=8 mu_bwd=4) | grad=1.914 | tok/s=19,337 | tokens=0.36B
step= 11030 | loss=5.2509 | lr=3.00e-04 | wd=0.0277 | mom=0.9500 | T=6.2 k=4.0 (mu_rec=8 mu_bwd=4) | grad=1.562 | tok/s=18,708 | tokens=0.36B
step= 11040 | loss=5.2828 | lr=3.00e-04 | wd=0.0277 | mom=0.9500 | T=6.2 k=3.2 (mu_rec=8 mu_bwd=4) | grad=1.219 | tok/s=19,319 | tokens=0.36B
step= 11050 | loss=5.1978 | lr=3.00e-04 | wd=0.0276 | mom=0.9500 | T=10.2 k=4.0 (mu_rec=8 mu_bwd=4) | grad=1.992 | tok/s=20,100 | tokens=0.36B
step= 11060 | loss=5.2394 | lr=3.00e-04 | wd=0.0275 | mom=0.9500 | T=8.5 k=3.8 (mu_rec=8 mu_bwd=4) | grad=1.523 | tok/s=18,882 | tokens=0.36B
step= 11070 | loss=5.2897 | lr=3.00e-04 | wd=0.0275 | mom=0.9500 | T=6.0 k=2.8 (mu_rec=8 mu_bwd=4) | grad=1.391 | tok/s=8,821 | tokens=0.36B
step= 11080 | loss=5.1712 | lr=3.00e-04 | wd=0.0274 | mom=0.9500 | T=7.8 k=4.0 (mu_rec=8 mu_bwd=4) | grad=2.969 | tok/s=21,689 | tokens=0.36B
step= 11090 | loss=5.3721 | lr=3.00e-04 | wd=0.0273 | mom=0.9500 | T=7.5 k=4.0 (mu_rec=8 mu_bwd=4) | grad=1.422 | tok/s=19,052 | tokens=0.36B
step= 11100 | loss=5.2188 | lr=3.00e-04 | wd=0.0273 | mom=0.9500 | T=7.8 k=4.0 (mu_rec=8 mu_bwd=4) | grad=1.773 | tok/s=20,293 | tokens=0.36B
step= 11110 | loss=5.4512 | lr=3.00e-04 | wd=0.0272 | mom=0.9500 | T=11.5 k=4.0 (mu_rec=8 mu_bwd=4) | grad=1.766 | tok/s=18,979 | tokens=0.36B
step= 11120 | loss=5.4300 | lr=3.00e-04 | wd=0.0271 | mom=0.9500 | T=8.8 k=3.8 (mu_rec=8 mu_bwd=4) | grad=1.539 | tok/s=19,120 | tokens=0.36B
step= 11130 | loss=5.2631 | lr=3.00e-04 | wd=0.0271 | mom=0.9500 | T=5.5 k=2.8 (mu_rec=8 mu_bwd=4) | grad=1.758 | tok/s=21,580 | tokens=0.36B
step= 11140 | loss=5.0654 | lr=3.00e-04 | wd=0.0270 | mom=0.9500 | T=9.0 k=3.8 (mu_rec=8 mu_bwd=4) | grad=1.609 | tok/s=19,565 | tokens=0.37B
step= 11150 | loss=5.1184 | lr=3.00e-04 | wd=0.0269 | mom=0.9500 | T=5.8 k=4.0 (mu_rec=8 mu_bwd=4) | grad=1.922 | tok/s=21,794 | tokens=0.37B
step= 11160 | loss=5.2046 | lr=3.00e-04 | wd=0.0269 | mom=0.9500 | T=6.5 k=3.2 (mu_rec=8 mu_bwd=4) | grad=1.656 | tok/s=20,554 | tokens=0.37B
step= 11170 | loss=5.3531 | lr=3.00e-04 | wd=0.0268 | mom=0.9500 | T=5.0 k=3.0 (mu_rec=8 mu_bwd=4) | grad=1.562 | tok/s=19,836 | tokens=0.37B
step= 11180 | loss=5.1692 | lr=3.00e-04 | wd=0.0267 | mom=0.9500 | T=10.0 k=4.0 (mu_rec=8 mu_bwd=4) | grad=2.562 | tok/s=19,778 | tokens=0.37B
step= 11190 | loss=5.1480 | lr=3.00e-04 | wd=0.0267 | mom=0.9500 | T=6.8 k=4.0 (mu_rec=8 mu_bwd=4) | grad=1.609 | tok/s=19,448 | tokens=0.37B
step= 11200 | loss=5.2315 | lr=3.00e-04 | wd=0.0266 | mom=0.9500 | T=8.8 k=3.2 (mu_rec=8 mu_bwd=4) | grad=2.500 | tok/s=20,112 | tokens=0.37B
step= 11210 | loss=5.9444 | lr=3.00e-04 | wd=0.0265 | mom=0.9500 | T=6.8 k=3.8 (mu_rec=8 mu_bwd=4) | grad=2.250 | tok/s=19,208 | tokens=0.37B
step= 11220 | loss=5.3632 | lr=3.00e-04 | wd=0.0265 | mom=0.9500 | T=7.8 k=3.5 (mu_rec=8 mu_bwd=4) | grad=1.477 | tok/s=19,010 | tokens=0.37B
step= 11230 | loss=5.4942 | lr=3.00e-04 | wd=0.0264 | mom=0.9500 | T=7.5 k=4.0 (mu_rec=8 mu_bwd=4) | grad=2.469 | tok/s=19,227 | tokens=0.37B
step= 11240 | loss=5.5319 | lr=3.00e-04 | wd=0.0263 | mom=0.9500 | T=6.8 k=4.0 (mu_rec=8 mu_bwd=4) | grad=2.469 | tok/s=19,404 | tokens=0.37B
step= 11250 | loss=5.3313 | lr=3.00e-04 | wd=0.0263 | mom=0.9500 | T=5.2 k=3.2 (mu_rec=8 mu_bwd=4) | grad=3.188 | tok/s=20,044 | tokens=0.37B
step= 11260 | loss=5.2145 | lr=3.00e-04 | wd=0.0262 | mom=0.9500 | T=9.2 k=4.0 (mu_rec=8 mu_bwd=4) | grad=1.414 | tok/s=18,596 | tokens=0.37B
step= 11270 | loss=5.2444 | lr=3.00e-04 | wd=0.0261 | mom=0.9500 | T=8.0 k=3.2 (mu_rec=8 mu_bwd=4) | grad=1.469 | tok/s=19,432 | tokens=0.37B
step= 11280 | loss=5.4829 | lr=3.00e-04 | wd=0.0261 | mom=0.9500 | T=6.8 k=3.0 (mu_rec=8 mu_bwd=4) | grad=6.719 | tok/s=20,331 | tokens=0.37B
step= 11290 | loss=5.5322 | lr=3.00e-04 | wd=0.0260 | mom=0.9500 | T=10.2 k=3.5 (mu_rec=8 mu_bwd=4) | grad=1.516 | tok/s=18,876 | tokens=0.37B
step= 11300 | loss=5.3481 | lr=3.00e-04 | wd=0.0259 | mom=0.9500 | T=5.5 k=4.0 (mu_rec=8 mu_bwd=4) | grad=1.367 | tok/s=22,032 | tokens=0.37B
step= 11310 | loss=5.2401 | lr=3.00e-04 | wd=0.0259 | mom=0.9500 | T=9.5 k=4.0 (mu_rec=8 mu_bwd=4) | grad=1.312 | tok/s=19,386 | tokens=0.37B
step= 11320 | loss=5.4176 | lr=3.00e-04 | wd=0.0258 | mom=0.9500 | T=7.2 k=4.0 (mu_rec=8 mu_bwd=4) | grad=1.500 | tok/s=20,179 | tokens=0.37B
step= 11330 | loss=5.5126 | lr=3.00e-04 | wd=0.0258 | mom=0.9500 | T=9.2 k=4.0 (mu_rec=8 mu_bwd=4) | grad=1.859 | tok/s=20,665 | tokens=0.37B
step= 11340 | loss=5.3495 | lr=3.00e-04 | wd=0.0257 | mom=0.9500 | T=7.5 k=3.5 (mu_rec=8 mu_bwd=4) | grad=1.492 | tok/s=19,508 | tokens=0.37B
step= 11350 | loss=5.2932 | lr=3.00e-04 | wd=0.0256 | mom=0.9500 | T=5.5 k=3.8 (mu_rec=8 mu_bwd=4) | grad=1.641 | tok/s=20,830 | tokens=0.37B
step= 11360 | loss=5.3485 | lr=3.00e-04 | wd=0.0256 | mom=0.9500 | T=7.0 k=3.8 (mu_rec=8 mu_bwd=4) | grad=2.094 | tok/s=20,538 | tokens=0.37B
step= 11370 | loss=5.1942 | lr=3.00e-04 | wd=0.0255 | mom=0.9500 | T=9.0 k=4.0 (mu_rec=8 mu_bwd=4) | grad=4.625 | tok/s=20,029 | tokens=0.37B
step= 11380 | loss=5.1518 | lr=3.00e-04 | wd=0.0254 | mom=0.9500 | T=13.2 k=4.0 (mu_rec=8 mu_bwd=4) | grad=1.953 | tok/s=19,212 | tokens=0.37B
step= 11390 | loss=5.1683 | lr=3.00e-04 | wd=0.0254 | mom=0.9500 | T=7.8 k=4.0 (mu_rec=8 mu_bwd=4) | grad=2.984 | tok/s=18,850 | tokens=0.37B
step= 11400 | loss=5.2546 | lr=3.00e-04 | wd=0.0253 | mom=0.9500 | T=6.2 k=3.8 (mu_rec=8 mu_bwd=4) | grad=1.812 | tok/s=8,246 | tokens=0.37B
step= 11410 | loss=5.3171 | lr=3.00e-04 | wd=0.0252 | mom=0.9500 | T=5.8 k=3.5 (mu_rec=8 mu_bwd=4) | grad=2.094 | tok/s=19,168 | tokens=0.37B
step= 11420 | loss=5.3077 | lr=3.00e-04 | wd=0.0252 | mom=0.9500 | T=10.8 k=4.0 (mu_rec=8 mu_bwd=4) | grad=2.312 | tok/s=20,529 | tokens=0.37B
step= 11430 | loss=5.1769 | lr=3.00e-04 | wd=0.0251 | mom=0.9500 | T=5.5 k=2.5 (mu_rec=8 mu_bwd=4) | grad=1.422 | tok/s=23,021 | tokens=0.37B
step= 11440 | loss=5.3305 | lr=3.00e-04 | wd=0.0250 | mom=0.9500 | T=7.5 k=3.8 (mu_rec=8 mu_bwd=4) | grad=1.984 | tok/s=18,347 | tokens=0.37B
step= 11450 | loss=5.1956 | lr=3.00e-04 | wd=0.0250 | mom=0.9500 | T=5.5 k=3.2 (mu_rec=8 mu_bwd=4) | grad=1.734 | tok/s=21,420 | tokens=0.38B
step= 11460 | loss=5.1534 | lr=3.00e-04 | wd=0.0249 | mom=0.9500 | T=8.0 k=3.2 (mu_rec=8 mu_bwd=4) | grad=2.953 | tok/s=20,473 | tokens=0.38B
step= 11470 | loss=5.3050 | lr=3.00e-04 | wd=0.0248 | mom=0.9500 | T=8.2 k=4.0 (mu_rec=8 mu_bwd=4) | grad=2.359 | tok/s=20,520 | tokens=0.38B
step= 11480 | loss=5.2064 | lr=3.00e-04 | wd=0.0248 | mom=0.9500 | T=7.8 k=3.8 (mu_rec=8 mu_bwd=4) | grad=1.930 | tok/s=20,108 | tokens=0.38B
step= 11490 | loss=5.3669 | lr=3.00e-04 | wd=0.0247 | mom=0.9500 | T=10.0 k=4.0 (mu_rec=8 mu_bwd=4) | grad=2.250 | tok/s=19,216 | tokens=0.38B
step= 11500 | loss=5.0786 | lr=3.00e-04 | wd=0.0246 | mom=0.9500 | T=10.8 k=4.0 (mu_rec=8 mu_bwd=4) | grad=1.922 | tok/s=19,180 | tokens=0.38B
step= 11510 | loss=5.2165 | lr=3.00e-04 | wd=0.0246 | mom=0.9500 | T=8.2 k=3.2 (mu_rec=8 mu_bwd=4) | grad=1.977 | tok/s=17,925 | tokens=0.38B
step= 11520 | loss=5.2030 | lr=3.00e-04 | wd=0.0245 | mom=0.9500 | T=7.0 k=3.5 (mu_rec=8 mu_bwd=4) | grad=1.984 | tok/s=19,962 | tokens=0.38B
step= 11530 | loss=5.3071 | lr=3.00e-04 | wd=0.0244 | mom=0.9500 | T=8.5 k=4.0 (mu_rec=8 mu_bwd=4) | grad=4.938 | tok/s=19,313 | tokens=0.38B
step= 11540 | loss=5.2578 | lr=3.00e-04 | wd=0.0244 | mom=0.9500 | T=10.5 k=4.0 (mu_rec=8 mu_bwd=4) | grad=1.766 | tok/s=18,759 | tokens=0.38B
step= 11550 | loss=5.2435 | lr=3.00e-04 | wd=0.0243 | mom=0.9500 | T=8.0 k=4.0 (mu_rec=8 mu_bwd=4) | grad=1.680 | tok/s=20,671 | tokens=0.38B
step= 11560 | loss=5.3016 | lr=3.00e-04 | wd=0.0242 | mom=0.9500 | T=7.0 k=4.0 (mu_rec=8 mu_bwd=4) | grad=2.219 | tok/s=20,410 | tokens=0.38B
step= 11570 | loss=5.2644 | lr=3.00e-04 | wd=0.0242 | mom=0.9500 | T=10.5 k=4.0 (mu_rec=8 mu_bwd=4) | grad=2.125 | tok/s=21,573 | tokens=0.38B
step= 11580 | loss=5.2981 | lr=3.00e-04 | wd=0.0241 | mom=0.9500 | T=6.0 k=4.0 (mu_rec=8 mu_bwd=4) | grad=1.984 | tok/s=19,167 | tokens=0.38B
step= 11590 | loss=5.2246 | lr=3.00e-04 | wd=0.0240 | mom=0.9500 | T=5.2 k=3.5 (mu_rec=8 mu_bwd=4) | grad=1.719 | tok/s=20,854 | tokens=0.38B
step= 11600 | loss=5.2395 | lr=3.00e-04 | wd=0.0240 | mom=0.9500 | T=8.8 k=4.0 (mu_rec=8 mu_bwd=4) | grad=1.727 | tok/s=20,220 | tokens=0.38B
step= 11610 | loss=5.1947 | lr=3.00e-04 | wd=0.0239 | mom=0.9500 | T=5.8 k=3.2 (mu_rec=8 mu_bwd=4) | grad=1.984 | tok/s=19,611 | tokens=0.38B
step= 11620 | loss=5.1794 | lr=3.00e-04 | wd=0.0238 | mom=0.9500 | T=8.8 k=4.0 (mu_rec=8 mu_bwd=4) | grad=1.914 | tok/s=18,590 | tokens=0.38B
step= 11630 | loss=5.2740 | lr=3.00e-04 | wd=0.0238 | mom=0.9500 | T=7.5 k=3.5 (mu_rec=8 mu_bwd=4) | grad=2.125 | tok/s=19,385 | tokens=0.38B
step= 11640 | loss=5.0162 | lr=3.00e-04 | wd=0.0237 | mom=0.9500 | T=7.2 k=3.5 (mu_rec=8 mu_bwd=4) | grad=1.438 | tok/s=21,048 | tokens=0.38B
step= 11650 | loss=5.1974 | lr=3.00e-04 | wd=0.0237 | mom=0.9500 | T=10.0 k=3.5 (mu_rec=8 mu_bwd=4) | grad=3.172 | tok/s=18,931 | tokens=0.38B
step= 11660 | loss=5.1800 | lr=3.00e-04 | wd=0.0236 | mom=0.9500 | T=7.2 k=3.2 (mu_rec=8 mu_bwd=4) | grad=1.992 | tok/s=19,321 | tokens=0.38B
step= 11670 | loss=5.2222 | lr=3.00e-04 | wd=0.0235 | mom=0.9500 | T=9.2 k=3.5 (mu_rec=8 mu_bwd=4) | grad=4.469 | tok/s=18,975 | tokens=0.38B
step= 11680 | loss=5.2688 | lr=3.00e-04 | wd=0.0235 | mom=0.9500 | T=9.5 k=4.0 (mu_rec=8 mu_bwd=4) | grad=2.078 | tok/s=19,415 | tokens=0.38B
step= 11690 | loss=5.0009 | lr=3.00e-04 | wd=0.0234 | mom=0.9500 | T=5.2 k=3.8 (mu_rec=8 mu_bwd=4) | grad=1.914 | tok/s=20,052 | tokens=0.38B
step= 11700 | loss=5.2128 | lr=3.00e-04 | wd=0.0233 | mom=0.9500 | T=4.5 k=2.5 (mu_rec=8 mu_bwd=4) | grad=2.391 | tok/s=21,064 | tokens=0.38B
step= 11710 | loss=5.1980 | lr=3.00e-04 | wd=0.0233 | mom=0.9500 | T=9.8 k=4.0 (mu_rec=8 mu_bwd=4) | grad=1.320 | tok/s=19,919 | tokens=0.38B
step= 11720 | loss=5.3174 | lr=3.00e-04 | wd=0.0232 | mom=0.9500 | T=7.5 k=3.2 (mu_rec=8 mu_bwd=4) | grad=2.094 | tok/s=19,402 | tokens=0.38B
step= 11730 | loss=5.3084 | lr=3.00e-04 | wd=0.0231 | mom=0.9500 | T=9.0 k=4.0 (mu_rec=8 mu_bwd=4) | grad=1.938 | tok/s=21,297 | tokens=0.38B
step= 11740 | loss=5.2063 | lr=3.00e-04 | wd=0.0231 | mom=0.9500 | T=6.8 k=4.0 (mu_rec=8 mu_bwd=4) | grad=1.875 | tok/s=20,738 | tokens=0.38B
step= 11750 | loss=5.1255 | lr=3.00e-04 | wd=0.0230 | mom=0.9500 | T=8.8 k=4.0 (mu_rec=8 mu_bwd=4) | grad=2.406 | tok/s=19,848 | tokens=0.39B
step= 11760 | loss=5.0650 | lr=3.00e-04 | wd=0.0229 | mom=0.9500 | T=7.2 k=4.0 (mu_rec=8 mu_bwd=4) | grad=2.875 | tok/s=18,631 | tokens=0.39B
step= 11770 | loss=4.9277 | lr=3.00e-04 | wd=0.0229 | mom=0.9500 | T=8.8 k=3.5 (mu_rec=8 mu_bwd=4) | grad=1.883 | tok/s=20,585 | tokens=0.39B
step= 11780 | loss=5.1019 | lr=3.00e-04 | wd=0.0228 | mom=0.9500 | T=10.8 k=4.0 (mu_rec=8 mu_bwd=4) | grad=1.898 | tok/s=19,623 | tokens=0.39B
step= 11790 | loss=4.9044 | lr=3.00e-04 | wd=0.0227 | mom=0.9500 | T=11.8 k=4.0 (mu_rec=8 mu_bwd=4) | grad=2.141 | tok/s=21,230 | tokens=0.39B
step= 11800 | loss=5.1656 | lr=3.00e-04 | wd=0.0227 | mom=0.9500 | T=6.2 k=3.2 (mu_rec=8 mu_bwd=4) | grad=2.828 | tok/s=20,181 | tokens=0.39B
step= 11810 | loss=5.1724 | lr=3.00e-04 | wd=0.0226 | mom=0.9500 | T=6.5 k=3.2 (mu_rec=8 mu_bwd=4) | grad=2.406 | tok/s=18,899 | tokens=0.39B
step= 11820 | loss=5.2305 | lr=3.00e-04 | wd=0.0225 | mom=0.9500 | T=10.8 k=4.0 (mu_rec=8 mu_bwd=4) | grad=1.766 | tok/s=18,814 | tokens=0.39B
step= 11830 | loss=5.3081 | lr=3.00e-04 | wd=0.0225 | mom=0.9500 | T=4.8 k=3.5 (mu_rec=8 mu_bwd=4) | grad=3.062 | tok/s=19,411 | tokens=0.39B
step= 11840 | loss=5.3069 | lr=3.00e-04 | wd=0.0224 | mom=0.9500 | T=5.8 k=3.8 (mu_rec=8 mu_bwd=4) | grad=2.391 | tok/s=21,984 | tokens=0.39B
step= 11850 | loss=5.3270 | lr=3.00e-04 | wd=0.0223 | mom=0.9500 | T=6.5 k=4.0 (mu_rec=8 mu_bwd=4) | grad=2.141 | tok/s=18,434 | tokens=0.39B
step= 11860 | loss=5.1844 | lr=3.00e-04 | wd=0.0223 | mom=0.9500 | T=9.0 k=4.0 (mu_rec=8 mu_bwd=4) | grad=1.547 | tok/s=21,010 | tokens=0.39B
step= 11870 | loss=5.1673 | lr=3.00e-04 | wd=0.0222 | mom=0.9500 | T=9.0 k=3.8 (mu_rec=8 mu_bwd=4) | grad=2.391 | tok/s=19,159 | tokens=0.39B
step= 11880 | loss=4.9407 | lr=3.00e-04 | wd=0.0221 | mom=0.9500 | T=6.5 k=2.8 (mu_rec=8 mu_bwd=4) | grad=2.297 | tok/s=20,689 | tokens=0.39B
step= 11890 | loss=5.1513 | lr=3.00e-04 | wd=0.0221 | mom=0.9500 | T=6.8 k=4.0 (mu_rec=8 mu_bwd=4) | grad=1.484 | tok/s=19,449 | tokens=0.39B
step= 11900 | loss=5.1788 | lr=3.00e-04 | wd=0.0220 | mom=0.9500 | T=11.0 k=3.2 (mu_rec=8 mu_bwd=4) | grad=1.938 | tok/s=19,352 | tokens=0.39B
step= 11910 | loss=5.1166 | lr=3.00e-04 | wd=0.0219 | mom=0.9500 | T=10.0 k=4.0 (mu_rec=8 mu_bwd=4) | grad=1.562 | tok/s=20,774 | tokens=0.39B
step= 11920 | loss=5.2146 | lr=3.00e-04 | wd=0.0219 | mom=0.9500 | T=8.2 k=3.8 (mu_rec=8 mu_bwd=4) | grad=2.875 | tok/s=19,572 | tokens=0.39B
step= 11930 | loss=5.1538 | lr=3.00e-04 | wd=0.0218 | mom=0.9500 | T=6.2 k=3.2 (mu_rec=8 mu_bwd=4) | grad=2.031 | tok/s=8,414 | tokens=0.39B
step= 11940 | loss=5.1946 | lr=3.00e-04 | wd=0.0218 | mom=0.9500 | T=8.0 k=3.2 (mu_rec=8 mu_bwd=4) | grad=1.570 | tok/s=20,457 | tokens=0.39B
step= 11950 | loss=5.2261 | lr=3.00e-04 | wd=0.0217 | mom=0.9500 | T=5.8 k=4.0 (mu_rec=8 mu_bwd=4) | grad=2.469 | tok/s=20,998 | tokens=0.39B
step= 11960 | loss=5.2369 | lr=3.00e-04 | wd=0.0216 | mom=0.9500 | T=9.5 k=4.0 (mu_rec=8 mu_bwd=4) | grad=1.875 | tok/s=19,586 | tokens=0.39B
step= 11970 | loss=5.3016 | lr=3.00e-04 | wd=0.0216 | mom=0.9500 | T=9.0 k=3.5 (mu_rec=8 mu_bwd=4) | grad=1.922 | tok/s=19,616 | tokens=0.39B
step= 11980 | loss=5.2072 | lr=3.00e-04 | wd=0.0215 | mom=0.9500 | T=8.0 k=4.0 (mu_rec=8 mu_bwd=4) | grad=2.484 | tok/s=20,085 | tokens=0.39B
step= 11990 | loss=5.5392 | lr=3.00e-04 | wd=0.0214 | mom=0.9500 | T=11.2 k=4.0 (mu_rec=8 mu_bwd=4) | grad=3.641 | tok/s=19,678 | tokens=0.39B
step= 12000 | loss=6.5585 | lr=3.00e-04 | wd=0.0214 | mom=0.9500 | T=9.0 k=3.8 (mu_rec=8 mu_bwd=4) | grad=3.016 | tok/s=21,306 | tokens=0.39B
[step 12000] Saved -> runs/cortex-verify-k4/checkpoint_0012000
step= 12010 | loss=6.0135 | lr=3.00e-04 | wd=0.0213 | mom=0.9500 | T=3.8 k=3.2 (mu_rec=8 mu_bwd=4) | grad=3.031 | tok/s=18,562 | tokens=0.39B
step= 12020 | loss=5.2797 | lr=3.00e-04 | wd=0.0212 | mom=0.9500 | T=9.0 k=4.0 (mu_rec=8 mu_bwd=4) | grad=1.875 | tok/s=23,332 | tokens=0.39B
step= 12030 | loss=4.8761 | lr=3.00e-04 | wd=0.0212 | mom=0.9500 | T=10.0 k=3.5 (mu_rec=8 mu_bwd=4) | grad=6.844 | tok/s=21,622 | tokens=0.39B
step= 12040 | loss=5.3112 | lr=3.00e-04 | wd=0.0211 | mom=0.9500 | T=9.2 k=4.0 (mu_rec=8 mu_bwd=4) | grad=1.625 | tok/s=21,796 | tokens=0.39B
step= 12050 | loss=5.3189 | lr=3.00e-04 | wd=0.0210 | mom=0.9500 | T=5.5 k=3.2 (mu_rec=8 mu_bwd=4) | grad=5.875 | tok/s=20,872 | tokens=0.39B
step= 12060 | loss=5.3023 | lr=3.00e-04 | wd=0.0210 | mom=0.9500 | T=5.2 k=3.0 (mu_rec=8 mu_bwd=4) | grad=2.625 | tok/s=20,544 | tokens=0.40B
step= 12070 | loss=5.2749 | lr=3.00e-04 | wd=0.0209 | mom=0.9500 | T=3.5 k=3.2 (mu_rec=8 mu_bwd=4) | grad=2.297 | tok/s=22,714 | tokens=0.40B
step= 12080 | loss=5.6462 | lr=3.00e-04 | wd=0.0208 | mom=0.9500 | T=9.8 k=3.5 (mu_rec=8 mu_bwd=4) | grad=3.594 | tok/s=19,439 | tokens=0.40B
step= 12090 | loss=5.1664 | lr=3.00e-04 | wd=0.0208 | mom=0.9500 | T=6.2 k=3.2 (mu_rec=8 mu_bwd=4) | grad=2.188 | tok/s=20,153 | tokens=0.40B
step= 12100 | loss=5.1487 | lr=3.00e-04 | wd=0.0207 | mom=0.9500 | T=7.2 k=3.0 (mu_rec=8 mu_bwd=4) | grad=1.672 | tok/s=20,613 | tokens=0.40B
step= 12110 | loss=5.3828 | lr=3.00e-04 | wd=0.0206 | mom=0.9500 | T=7.0 k=2.8 (mu_rec=8 mu_bwd=4) | grad=3.578 | tok/s=19,188 | tokens=0.40B
step= 12120 | loss=5.0760 | lr=3.00e-04 | wd=0.0206 | mom=0.9500 | T=3.2 k=3.0 (mu_rec=8 mu_bwd=4) | grad=1.836 | tok/s=22,048 | tokens=0.40B
step= 12130 | loss=5.0874 | lr=3.00e-04 | wd=0.0205 | mom=0.9500 | T=5.5 k=3.5 (mu_rec=8 mu_bwd=4) | grad=3.141 | tok/s=20,798 | tokens=0.40B
step= 12140 | loss=5.3674 | lr=3.00e-04 | wd=0.0204 | mom=0.9500 | T=10.0 k=3.2 (mu_rec=8 mu_bwd=4) | grad=1.359 | tok/s=19,763 | tokens=0.40B
step= 12150 | loss=5.4432 | lr=3.00e-04 | wd=0.0204 | mom=0.9500 | T=10.0 k=3.0 (mu_rec=8 mu_bwd=4) | grad=2.000 | tok/s=19,294 | tokens=0.40B
step= 12160 | loss=5.2265 | lr=3.00e-04 | wd=0.0203 | mom=0.9500 | T=4.2 k=2.5 (mu_rec=8 mu_bwd=4) | grad=2.969 | tok/s=20,828 | tokens=0.40B
step= 12170 | loss=5.1420 | lr=3.00e-04 | wd=0.0202 | mom=0.9500 | T=9.2 k=4.0 (mu_rec=8 mu_bwd=4) | grad=1.992 | tok/s=18,373 | tokens=0.40B
step= 12180 | loss=5.1076 | lr=3.00e-04 | wd=0.0202 | mom=0.9500 | T=8.2 k=4.0 (mu_rec=8 mu_bwd=4) | grad=9.625 | tok/s=20,465 | tokens=0.40B
step= 12190 | loss=5.3979 | lr=3.00e-04 | wd=0.0201 | mom=0.9500 | T=7.5 k=3.2 (mu_rec=8 mu_bwd=4) | grad=2.703 | tok/s=18,506 | tokens=0.40B
step= 12200 | loss=5.2232 | lr=3.00e-04 | wd=0.0200 | mom=0.9500 | T=6.8 k=4.0 (mu_rec=8 mu_bwd=4) | grad=1.789 | tok/s=20,311 | tokens=0.40B
step= 12210 | loss=5.1179 | lr=3.00e-04 | wd=0.0200 | mom=0.9500 | T=7.2 k=3.5 (mu_rec=8 mu_bwd=4) | grad=2.891 | tok/s=20,655 | tokens=0.40B
step= 12220 | loss=5.2002 | lr=3.00e-04 | wd=0.0199 | mom=0.9500 | T=7.5 k=4.0 (mu_rec=8 mu_bwd=4) | grad=4.312 | tok/s=19,063 | tokens=0.40B
step= 12230 | loss=5.1288 | lr=3.00e-04 | wd=0.0199 | mom=0.9500 | T=10.0 k=3.8 (mu_rec=8 mu_bwd=4) | grad=1.625 | tok/s=18,503 | tokens=0.40B
step= 12240 | loss=5.0931 | lr=3.00e-04 | wd=0.0198 | mom=0.9500 | T=14.8 k=4.0 (mu_rec=8 mu_bwd=4) | grad=1.789 | tok/s=18,247 | tokens=0.40B
step= 12250 | loss=5.5326 | lr=3.00e-04 | wd=0.0197 | mom=0.9500 | T=6.2 k=3.8 (mu_rec=8 mu_bwd=4) | grad=1.820 | tok/s=20,649 | tokens=0.40B
step= 12260 | loss=5.1500 | lr=3.00e-04 | wd=0.0197 | mom=0.9500 | T=13.5 k=4.0 (mu_rec=8 mu_bwd=4) | grad=1.781 | tok/s=20,123 | tokens=0.40B
step= 12270 | loss=5.1055 | lr=3.00e-04 | wd=0.0196 | mom=0.9500 | T=5.5 k=3.2 (mu_rec=8 mu_bwd=4) | grad=1.711 | tok/s=21,236 | tokens=0.40B
step= 12280 | loss=5.2300 | lr=3.00e-04 | wd=0.0195 | mom=0.9500 | T=11.8 k=4.0 (mu_rec=8 mu_bwd=4) | grad=1.414 | tok/s=19,830 | tokens=0.40B
step= 12290 | loss=5.3449 | lr=3.00e-04 | wd=0.0195 | mom=0.9500 | T=9.5 k=3.8 (mu_rec=8 mu_bwd=4) | grad=2.484 | tok/s=20,004 | tokens=0.40B
step= 12300 | loss=5.4185 | lr=3.00e-04 | wd=0.0194 | mom=0.9500 | T=9.0 k=4.0 (mu_rec=8 mu_bwd=4) | grad=2.812 | tok/s=21,509 | tokens=0.40B
step= 12310 | loss=4.9755 | lr=3.00e-04 | wd=0.0193 | mom=0.9500 | T=7.2 k=3.8 (mu_rec=8 mu_bwd=4) | grad=2.703 | tok/s=20,444 | tokens=0.40B
step= 12320 | loss=5.2559 | lr=3.00e-04 | wd=0.0193 | mom=0.9500 | T=8.2 k=4.0 (mu_rec=8 mu_bwd=4) | grad=2.078 | tok/s=21,931 | tokens=0.40B
step= 12330 | loss=5.1881 | lr=3.00e-04 | wd=0.0192 | mom=0.9500 | T=10.0 k=4.0 (mu_rec=8 mu_bwd=4) | grad=1.555 | tok/s=19,379 | tokens=0.40B
step= 12340 | loss=5.2451 | lr=3.00e-04 | wd=0.0191 | mom=0.9500 | T=5.8 k=3.8 (mu_rec=8 mu_bwd=4) | grad=1.289 | tok/s=19,717 | tokens=0.40B
step= 12350 | loss=5.2397 | lr=3.00e-04 | wd=0.0191 | mom=0.9500 | T=4.0 k=3.2 (mu_rec=8 mu_bwd=4) | grad=2.312 | tok/s=8,928 | tokens=0.40B
step= 12360 | loss=5.2727 | lr=3.00e-04 | wd=0.0190 | mom=0.9500 | T=10.0 k=4.0 (mu_rec=8 mu_bwd=4) | grad=1.820 | tok/s=20,148 | tokens=0.41B
step= 12370 | loss=5.1641 | lr=3.00e-04 | wd=0.0189 | mom=0.9500 | T=8.2 k=3.8 (mu_rec=8 mu_bwd=4) | grad=1.969 | tok/s=19,556 | tokens=0.41B
step= 12380 | loss=5.0423 | lr=3.00e-04 | wd=0.0189 | mom=0.9500 | T=5.0 k=2.8 (mu_rec=8 mu_bwd=4) | grad=1.562 | tok/s=19,936 | tokens=0.41B
step= 12390 | loss=5.2398 | lr=3.00e-04 | wd=0.0188 | mom=0.9500 | T=8.8 k=3.5 (mu_rec=8 mu_bwd=4) | grad=1.914 | tok/s=19,668 | tokens=0.41B
step= 12400 | loss=5.1999 | lr=3.00e-04 | wd=0.0187 | mom=0.9500 | T=4.5 k=3.0 (mu_rec=8 mu_bwd=4) | grad=1.891 | tok/s=20,226 | tokens=0.41B
step= 12410 | loss=5.2832 | lr=3.00e-04 | wd=0.0187 | mom=0.9500 | T=5.2 k=3.8 (mu_rec=8 mu_bwd=4) | grad=1.859 | tok/s=18,607 | tokens=0.41B
step= 12420 | loss=5.0909 | lr=3.00e-04 | wd=0.0186 | mom=0.9500 | T=5.8 k=3.5 (mu_rec=8 mu_bwd=4) | grad=2.391 | tok/s=19,317 | tokens=0.41B
step= 12430 | loss=4.8832 | lr=3.00e-04 | wd=0.0185 | mom=0.9500 | T=4.0 k=3.2 (mu_rec=8 mu_bwd=4) | grad=2.047 | tok/s=23,018 | tokens=0.41B
step= 12440 | loss=5.0938 | lr=3.00e-04 | wd=0.0185 | mom=0.9500 | T=10.0 k=3.8 (mu_rec=8 mu_bwd=4) | grad=1.797 | tok/s=20,973 | tokens=0.41B
step= 12450 | loss=5.2254 | lr=3.00e-04 | wd=0.0184 | mom=0.9500 | T=8.2 k=4.0 (mu_rec=8 mu_bwd=4) | grad=3.203 | tok/s=20,073 | tokens=0.41B
step= 12460 | loss=5.3626 | lr=3.00e-04 | wd=0.0183 | mom=0.9500 | T=3.2 k=2.8 (mu_rec=8 mu_bwd=4) | grad=1.828 | tok/s=21,728 | tokens=0.41B
step= 12470 | loss=5.0757 | lr=3.00e-04 | wd=0.0183 | mom=0.9500 | T=12.2 k=4.0 (mu_rec=8 mu_bwd=4) | grad=1.570 | tok/s=19,551 | tokens=0.41B
step= 12480 | loss=5.1443 | lr=3.00e-04 | wd=0.0182 | mom=0.9500 | T=13.5 k=4.0 (mu_rec=8 mu_bwd=4) | grad=1.633 | tok/s=20,915 | tokens=0.41B
step= 12490 | loss=5.2739 | lr=3.00e-04 | wd=0.0181 | mom=0.9500 | T=5.2 k=4.0 (mu_rec=8 mu_bwd=4) | grad=1.938 | tok/s=19,902 | tokens=0.41B
step= 12500 | loss=5.1849 | lr=3.00e-04 | wd=0.0181 | mom=0.9500 | T=8.2 k=3.5 (mu_rec=8 mu_bwd=4) | grad=2.109 | tok/s=19,726 | tokens=0.41B
step= 12510 | loss=5.3076 | lr=3.00e-04 | wd=0.0180 | mom=0.9500 | T=3.8 k=3.0 (mu_rec=8 mu_bwd=4) | grad=2.375 | tok/s=20,980 | tokens=0.41B
step= 12520 | loss=5.2868 | lr=3.00e-04 | wd=0.0180 | mom=0.9500 | T=7.2 k=4.0 (mu_rec=8 mu_bwd=4) | grad=2.078 | tok/s=21,193 | tokens=0.41B
step= 12530 | loss=5.2721 | lr=3.00e-04 | wd=0.0179 | mom=0.9500 | T=4.5 k=3.0 (mu_rec=8 mu_bwd=4) | grad=1.977 | tok/s=20,050 | tokens=0.41B
step= 12540 | loss=5.1686 | lr=3.00e-04 | wd=0.0178 | mom=0.9500 | T=7.5 k=4.0 (mu_rec=8 mu_bwd=4) | grad=1.688 | tok/s=19,635 | tokens=0.41B
step= 12550 | loss=5.2225 | lr=3.00e-04 | wd=0.0178 | mom=0.9500 | T=8.5 k=4.0 (mu_rec=8 mu_bwd=4) | grad=1.461 | tok/s=19,703 | tokens=0.41B
step= 12560 | loss=5.1199 | lr=3.00e-04 | wd=0.0177 | mom=0.9500 | T=4.0 k=2.8 (mu_rec=8 mu_bwd=4) | grad=1.930 | tok/s=19,778 | tokens=0.41B
step= 12570 | loss=5.3262 | lr=3.00e-04 | wd=0.0176 | mom=0.9500 | T=5.2 k=3.2 (mu_rec=8 mu_bwd=4) | grad=1.711 | tok/s=20,723 | tokens=0.41B
step= 12580 | loss=5.1694 | lr=3.00e-04 | wd=0.0176 | mom=0.9500 | T=7.5 k=3.5 (mu_rec=8 mu_bwd=4) | grad=3.312 | tok/s=20,268 | tokens=0.41B
step= 12590 | loss=5.8271 | lr=3.00e-04 | wd=0.0175 | mom=0.9500 | T=5.8 k=3.5 (mu_rec=8 mu_bwd=4) | grad=2.219 | tok/s=21,092 | tokens=0.41B
step= 12600 | loss=5.2461 | lr=3.00e-04 | wd=0.0174 | mom=0.9500 | T=8.0 k=4.0 (mu_rec=8 mu_bwd=4) | grad=2.531 | tok/s=19,461 | tokens=0.41B
step= 12610 | loss=5.0644 | lr=3.00e-04 | wd=0.0174 | mom=0.9500 | T=8.2 k=3.8 (mu_rec=8 mu_bwd=4) | grad=3.125 | tok/s=18,878 | tokens=0.41B
step= 12620 | loss=5.0529 | lr=3.00e-04 | wd=0.0173 | mom=0.9500 | T=8.8 k=4.0 (mu_rec=8 mu_bwd=4) | grad=1.930 | tok/s=19,425 | tokens=0.41B
step= 12630 | loss=5.1324 | lr=3.00e-04 | wd=0.0172 | mom=0.9500 | T=5.8 k=3.0 (mu_rec=8 mu_bwd=4) | grad=1.828 | tok/s=19,618 | tokens=0.41B
step= 12640 | loss=5.2581 | lr=3.00e-04 | wd=0.0172 | mom=0.9500 | T=5.8 k=3.2 (mu_rec=8 mu_bwd=4) | grad=2.656 | tok/s=21,954 | tokens=0.41B
step= 12650 | loss=5.0693 | lr=3.00e-04 | wd=0.0171 | mom=0.9500 | T=4.0 k=3.8 (mu_rec=8 mu_bwd=4) | grad=1.977 | tok/s=20,037 | tokens=0.41B
step= 12660 | loss=5.1700 | lr=3.00e-04 | wd=0.0170 | mom=0.9500 | T=7.5 k=4.0 (mu_rec=8 mu_bwd=4) | grad=7.156 | tok/s=20,959 | tokens=0.41B
step= 12670 | loss=5.1205 | lr=3.00e-04 | wd=0.0170 | mom=0.9500 | T=8.8 k=4.0 (mu_rec=8 mu_bwd=4) | grad=1.781 | tok/s=18,058 | tokens=0.42B
step= 12680 | loss=5.1234 | lr=3.00e-04 | wd=0.0169 | mom=0.9500 | T=14.0 k=4.0 (mu_rec=8 mu_bwd=4) | grad=1.883 | tok/s=18,572 | tokens=0.42B
step= 12690 | loss=5.2667 | lr=3.00e-04 | wd=0.0168 | mom=0.9500 | T=3.2 k=3.2 (mu_rec=8 mu_bwd=4) | grad=2.125 | tok/s=21,797 | tokens=0.42B
step= 12700 | loss=5.2700 | lr=3.00e-04 | wd=0.0168 | mom=0.9500 | T=4.8 k=3.5 (mu_rec=8 mu_bwd=4) | grad=4.844 | tok/s=21,257 | tokens=0.42B
step= 12710 | loss=5.2382 | lr=3.00e-04 | wd=0.0167 | mom=0.9500 | T=9.2 k=4.0 (mu_rec=8 mu_bwd=4) | grad=2.250 | tok/s=20,899 | tokens=0.42B
step= 12720 | loss=5.1223 | lr=3.00e-04 | wd=0.0166 | mom=0.9500 | T=8.8 k=3.5 (mu_rec=8 mu_bwd=4) | grad=2.453 | tok/s=19,365 | tokens=0.42B
step= 12730 | loss=5.0940 | lr=3.00e-04 | wd=0.0166 | mom=0.9500 | T=7.5 k=4.0 (mu_rec=8 mu_bwd=4) | grad=2.562 | tok/s=19,205 | tokens=0.42B
step= 12740 | loss=5.2404 | lr=3.00e-04 | wd=0.0165 | mom=0.9500 | T=9.0 k=4.0 (mu_rec=8 mu_bwd=4) | grad=1.805 | tok/s=17,058 | tokens=0.42B
step= 12750 | loss=5.1887 | lr=3.00e-04 | wd=0.0164 | mom=0.9500 | T=14.8 k=4.0 (mu_rec=8 mu_bwd=4) | grad=1.422 | tok/s=17,751 | tokens=0.42B
step= 12760 | loss=5.0271 | lr=3.00e-04 | wd=0.0164 | mom=0.9500 | T=12.2 k=4.0 (mu_rec=8 mu_bwd=4) | grad=2.062 | tok/s=18,521 | tokens=0.42B
step= 12770 | loss=5.1069 | lr=3.00e-04 | wd=0.0163 | mom=0.9500 | T=9.8 k=4.0 (mu_rec=8 mu_bwd=4) | grad=2.016 | tok/s=19,794 | tokens=0.42B
step= 12780 | loss=5.3256 | lr=3.00e-04 | wd=0.0162 | mom=0.9500 | T=13.2 k=3.8 (mu_rec=8 mu_bwd=4) | grad=4.500 | tok/s=19,173 | tokens=0.42B
step= 12790 | loss=5.1057 | lr=3.00e-04 | wd=0.0162 | mom=0.9500 | T=11.8 k=3.2 (mu_rec=8 mu_bwd=4) | grad=1.734 | tok/s=20,024 | tokens=0.42B
step= 12800 | loss=5.1628 | lr=3.00e-04 | wd=0.0161 | mom=0.9500 | T=7.0 k=3.5 (mu_rec=8 mu_bwd=4) | grad=5.625 | tok/s=21,323 | tokens=0.42B
step= 12810 | loss=5.0974 | lr=3.00e-04 | wd=0.0161 | mom=0.9500 | T=5.8 k=3.5 (mu_rec=8 mu_bwd=4) | grad=3.578 | tok/s=8,552 | tokens=0.42B
step= 12820 | loss=5.0529 | lr=3.00e-04 | wd=0.0160 | mom=0.9500 | T=7.5 k=3.8 (mu_rec=8 mu_bwd=4) | grad=2.656 | tok/s=19,567 | tokens=0.42B
step= 12830 | loss=5.1692 | lr=3.00e-04 | wd=0.0159 | mom=0.9500 | T=10.0 k=4.0 (mu_rec=8 mu_bwd=4) | grad=3.781 | tok/s=18,030 | tokens=0.42B
step= 12840 | loss=5.1231 | lr=3.00e-04 | wd=0.0159 | mom=0.9500 | T=6.0 k=4.0 (mu_rec=8 mu_bwd=4) | grad=3.141 | tok/s=20,859 | tokens=0.42B
step= 12850 | loss=5.1475 | lr=3.00e-04 | wd=0.0158 | mom=0.9500 | T=10.5 k=4.0 (mu_rec=8 mu_bwd=4) | grad=5.625 | tok/s=18,334 | tokens=0.42B
step= 12860 | loss=4.8704 | lr=3.00e-04 | wd=0.0157 | mom=0.9500 | T=4.5 k=2.8 (mu_rec=8 mu_bwd=4) | grad=1.703 | tok/s=19,817 | tokens=0.42B
step= 12870 | loss=5.2187 | lr=3.00e-04 | wd=0.0157 | mom=0.9500 | T=7.5 k=4.0 (mu_rec=8 mu_bwd=4) | grad=1.719 | tok/s=19,012 | tokens=0.42B
step= 12880 | loss=5.2313 | lr=3.00e-04 | wd=0.0156 | mom=0.9500 | T=14.0 k=4.0 (mu_rec=8 mu_bwd=4) | grad=1.844 | tok/s=18,743 | tokens=0.42B
step= 12890 | loss=5.2952 | lr=3.00e-04 | wd=0.0155 | mom=0.9500 | T=5.5 k=3.8 (mu_rec=8 mu_bwd=4) | grad=1.828 | tok/s=19,119 | tokens=0.42B
step= 12900 | loss=5.1027 | lr=3.00e-04 | wd=0.0155 | mom=0.9500 | T=6.5 k=4.0 (mu_rec=8 mu_bwd=4) | grad=2.844 | tok/s=19,390 | tokens=0.42B
step= 12910 | loss=5.1998 | lr=3.00e-04 | wd=0.0154 | mom=0.9500 | T=11.8 k=4.0 (mu_rec=8 mu_bwd=4) | grad=11.250 | tok/s=17,728 | tokens=0.42B
step= 12920 | loss=5.0682 | lr=3.00e-04 | wd=0.0153 | mom=0.9500 | T=8.5 k=3.5 (mu_rec=8 mu_bwd=4) | grad=1.977 | tok/s=21,106 | tokens=0.42B
step= 12930 | loss=5.2205 | lr=3.00e-04 | wd=0.0153 | mom=0.9500 | T=8.8 k=4.0 (mu_rec=8 mu_bwd=4) | grad=2.188 | tok/s=19,791 | tokens=0.42B
step= 12940 | loss=5.1565 | lr=3.00e-04 | wd=0.0152 | mom=0.9500 | T=8.0 k=3.2 (mu_rec=8 mu_bwd=4) | grad=2.234 | tok/s=20,153 | tokens=0.42B
step= 12950 | loss=5.1463 | lr=3.00e-04 | wd=0.0151 | mom=0.9500 | T=5.5 k=3.8 (mu_rec=8 mu_bwd=4) | grad=1.836 | tok/s=19,975 | tokens=0.42B
step= 12960 | loss=5.2747 | lr=3.00e-04 | wd=0.0151 | mom=0.9500 | T=6.5 k=3.8 (mu_rec=8 mu_bwd=4) | grad=1.727 | tok/s=20,470 | tokens=0.42B
step= 12970 | loss=5.3685 | lr=3.00e-04 | wd=0.0150 | mom=0.9500 | T=13.8 k=3.8 (mu_rec=8 mu_bwd=4) | grad=2.703 | tok/s=18,003 | tokens=0.43B
step= 12980 | loss=5.3039 | lr=3.00e-04 | wd=0.0149 | mom=0.9500 | T=8.0 k=4.0 (mu_rec=8 mu_bwd=4) | grad=5.969 | tok/s=18,141 | tokens=0.43B
step= 12990 | loss=5.1967 | lr=3.00e-04 | wd=0.0149 | mom=0.9500 | T=13.5 k=4.0 (mu_rec=8 mu_bwd=4) | grad=2.062 | tok/s=18,979 | tokens=0.43B
step= 13000 | loss=5.2980 | lr=3.00e-04 | wd=0.0148 | mom=0.9500 | T=10.0 k=4.0 (mu_rec=8 mu_bwd=4) | grad=1.992 | tok/s=19,283 | tokens=0.43B
step= 13010 | loss=5.1319 | lr=3.00e-04 | wd=0.0147 | mom=0.9500 | T=9.0 k=4.0 (mu_rec=8 mu_bwd=4) | grad=1.594 | tok/s=20,322 | tokens=0.43B
step= 13020 | loss=5.1848 | lr=3.00e-04 | wd=0.0147 | mom=0.9500 | T=8.2 k=4.0 (mu_rec=8 mu_bwd=4) | grad=4.156 | tok/s=18,759 | tokens=0.43B
step= 13030 | loss=5.0326 | lr=3.00e-04 | wd=0.0146 | mom=0.9500 | T=7.0 k=3.5 (mu_rec=8 mu_bwd=4) | grad=2.484 | tok/s=20,507 | tokens=0.43B
step= 13040 | loss=5.3182 | lr=3.00e-04 | wd=0.0145 | mom=0.9500 | T=9.5 k=4.0 (mu_rec=8 mu_bwd=4) | grad=2.797 | tok/s=19,351 | tokens=0.43B
step= 13050 | loss=5.2817 | lr=3.00e-04 | wd=0.0145 | mom=0.9500 | T=8.8 k=4.0 (mu_rec=8 mu_bwd=4) | grad=3.797 | tok/s=20,169 | tokens=0.43B
step= 13060 | loss=5.1979 | lr=3.00e-04 | wd=0.0144 | mom=0.9500 | T=12.8 k=4.0 (mu_rec=8 mu_bwd=4) | grad=1.773 | tok/s=17,478 | tokens=0.43B
step= 13070 | loss=5.1754 | lr=3.00e-04 | wd=0.0143 | mom=0.9500 | T=6.0 k=3.5 (mu_rec=8 mu_bwd=4) | grad=1.953 | tok/s=19,374 | tokens=0.43B
step= 13080 | loss=5.0551 | lr=3.00e-04 | wd=0.0143 | mom=0.9500 | T=9.2 k=3.2 (mu_rec=8 mu_bwd=4) | grad=2.844 | tok/s=20,631 | tokens=0.43B
step= 13090 | loss=5.1705 | lr=3.00e-04 | wd=0.0142 | mom=0.9500 | T=5.2 k=3.0 (mu_rec=8 mu_bwd=4) | grad=2.922 | tok/s=20,170 | tokens=0.43B
step= 13100 | loss=5.1599 | lr=3.00e-04 | wd=0.0141 | mom=0.9500 | T=4.5 k=3.0 (mu_rec=8 mu_bwd=4) | grad=1.961 | tok/s=19,862 | tokens=0.43B
step= 13110 | loss=5.1168 | lr=3.00e-04 | wd=0.0141 | mom=0.9500 | T=6.0 k=3.0 (mu_rec=8 mu_bwd=4) | grad=1.883 | tok/s=20,389 | tokens=0.43B
step= 13120 | loss=5.1920 | lr=3.00e-04 | wd=0.0140 | mom=0.9500 | T=6.5 k=4.0 (mu_rec=8 mu_bwd=4) | grad=2.172 | tok/s=19,444 | tokens=0.43B
step= 13130 | loss=5.2312 | lr=3.00e-04 | wd=0.0140 | mom=0.9500 | T=15.2 k=3.5 (mu_rec=8 mu_bwd=4) | grad=1.578 | tok/s=19,198 | tokens=0.43B
step= 13140 | loss=5.1938 | lr=3.00e-04 | wd=0.0139 | mom=0.9500 | T=5.8 k=3.2 (mu_rec=8 mu_bwd=4) | grad=2.531 | tok/s=21,240 | tokens=0.43B
step= 13150 | loss=5.1677 | lr=3.00e-04 | wd=0.0138 | mom=0.9500 | T=8.0 k=4.0 (mu_rec=8 mu_bwd=4) | grad=2.703 | tok/s=18,897 | tokens=0.43B
step= 13160 | loss=5.0792 | lr=3.00e-04 | wd=0.0138 | mom=0.9500 | T=8.8 k=3.8 (mu_rec=8 mu_bwd=4) | grad=1.844 | tok/s=19,648 | tokens=0.43B
step= 13170 | loss=5.1435 | lr=3.00e-04 | wd=0.0137 | mom=0.9500 | T=7.8 k=3.5 (mu_rec=8 mu_bwd=4) | grad=1.625 | tok/s=8,431 | tokens=0.43B
step= 13180 | loss=5.0372 | lr=3.00e-04 | wd=0.0136 | mom=0.9500 | T=8.2 k=3.5 (mu_rec=8 mu_bwd=4) | grad=1.617 | tok/s=19,086 | tokens=0.43B
step= 13190 | loss=5.2625 | lr=3.00e-04 | wd=0.0136 | mom=0.9500 | T=13.2 k=2.5 (mu_rec=8 mu_bwd=4) | grad=4.719 | tok/s=20,583 | tokens=0.43B
step= 13200 | loss=5.1212 | lr=3.00e-04 | wd=0.0135 | mom=0.9500 | T=6.8 k=4.0 (mu_rec=8 mu_bwd=4) | grad=1.953 | tok/s=19,475 | tokens=0.43B
step= 13210 | loss=5.0913 | lr=3.00e-04 | wd=0.0134 | mom=0.9500 | T=4.0 k=3.5 (mu_rec=8 mu_bwd=4) | grad=2.672 | tok/s=19,542 | tokens=0.43B
step= 13220 | loss=4.9736 | lr=3.00e-04 | wd=0.0134 | mom=0.9500 | T=6.2 k=3.8 (mu_rec=8 mu_bwd=4) | grad=2.312 | tok/s=20,062 | tokens=0.43B
step= 13230 | loss=5.1064 | lr=3.00e-04 | wd=0.0133 | mom=0.9500 | T=11.5 k=4.0 (mu_rec=8 mu_bwd=4) | grad=2.125 | tok/s=19,394 | tokens=0.43B
step= 13240 | loss=5.1008 | lr=3.00e-04 | wd=0.0132 | mom=0.9500 | T=8.5 k=3.8 (mu_rec=8 mu_bwd=4) | grad=3.641 | tok/s=18,960 | tokens=0.43B
step= 13250 | loss=5.1974 | lr=3.00e-04 | wd=0.0132 | mom=0.9500 | T=10.5 k=4.0 (mu_rec=8 mu_bwd=4) | grad=2.234 | tok/s=20,027 | tokens=0.43B
step= 13260 | loss=5.2243 | lr=3.00e-04 | wd=0.0131 | mom=0.9500 | T=7.5 k=3.8 (mu_rec=8 mu_bwd=4) | grad=3.312 | tok/s=19,662 | tokens=0.43B
step= 13270 | loss=5.2086 | lr=3.00e-04 | wd=0.0130 | mom=0.9500 | T=4.5 k=3.2 (mu_rec=8 mu_bwd=4) | grad=1.766 | tok/s=21,891 | tokens=0.43B
step= 13280 | loss=5.0848 | lr=3.00e-04 | wd=0.0130 | mom=0.9500 | T=9.5 k=3.8 (mu_rec=8 mu_bwd=4) | grad=1.641 | tok/s=20,653 | tokens=0.44B
step= 13290 | loss=5.3463 | lr=3.00e-04 | wd=0.0129 | mom=0.9500 | T=8.8 k=4.0 (mu_rec=8 mu_bwd=4) | grad=2.172 | tok/s=20,412 | tokens=0.44B
step= 13300 | loss=5.8192 | lr=3.00e-04 | wd=0.0128 | mom=0.9500 | T=3.5 k=3.2 (mu_rec=8 mu_bwd=4) | grad=1.734 | tok/s=19,966 | tokens=0.44B
step= 13310 | loss=5.6503 | lr=3.00e-04 | wd=0.0128 | mom=0.9500 | T=6.2 k=3.2 (mu_rec=8 mu_bwd=4) | grad=2.406 | tok/s=20,937 | tokens=0.44B
step= 13320 | loss=5.2701 | lr=3.00e-04 | wd=0.0127 | mom=0.9500 | T=9.8 k=3.8 (mu_rec=8 mu_bwd=4) | grad=1.516 | tok/s=19,959 | tokens=0.44B
step= 13330 | loss=5.2734 | lr=3.00e-04 | wd=0.0126 | mom=0.9500 | T=7.8 k=3.8 (mu_rec=8 mu_bwd=4) | grad=2.500 | tok/s=20,719 | tokens=0.44B
step= 13340 | loss=5.0045 | lr=3.00e-04 | wd=0.0126 | mom=0.9500 | T=3.0 k=2.8 (mu_rec=8 mu_bwd=4) | grad=3.578 | tok/s=21,305 | tokens=0.44B
step= 13350 | loss=5.2946 | lr=3.00e-04 | wd=0.0125 | mom=0.9500 | T=14.0 k=4.0 (mu_rec=8 mu_bwd=4) | grad=2.406 | tok/s=18,935 | tokens=0.44B
step= 13360 | loss=5.2489 | lr=3.00e-04 | wd=0.0124 | mom=0.9500 | T=4.8 k=3.2 (mu_rec=8 mu_bwd=4) | grad=2.672 | tok/s=20,908 | tokens=0.44B
step= 13370 | loss=5.1329 | lr=3.00e-04 | wd=0.0124 | mom=0.9500 | T=7.5 k=3.5 (mu_rec=8 mu_bwd=4) | grad=2.406 | tok/s=19,688 | tokens=0.44B
step= 13380 | loss=5.0733 | lr=3.00e-04 | wd=0.0123 | mom=0.9500 | T=7.8 k=4.0 (mu_rec=8 mu_bwd=4) | grad=1.688 | tok/s=20,584 | tokens=0.44B
step= 13390 | loss=5.3236 | lr=3.00e-04 | wd=0.0122 | mom=0.9500 | T=5.8 k=3.5 (mu_rec=8 mu_bwd=4) | grad=2.469 | tok/s=19,358 | tokens=0.44B
step= 13400 | loss=5.2991 | lr=3.00e-04 | wd=0.0122 | mom=0.9500 | T=7.8 k=3.8 (mu_rec=8 mu_bwd=4) | grad=2.062 | tok/s=21,116 | tokens=0.44B
step= 13410 | loss=5.1359 | lr=3.00e-04 | wd=0.0121 | mom=0.9500 | T=3.8 k=2.5 (mu_rec=8 mu_bwd=4) | grad=2.000 | tok/s=19,560 | tokens=0.44B
step= 13420 | loss=5.2266 | lr=3.00e-04 | wd=0.0121 | mom=0.9500 | T=9.2 k=3.5 (mu_rec=8 mu_bwd=4) | grad=2.094 | tok/s=20,331 | tokens=0.44B
step= 13430 | loss=5.2104 | lr=3.00e-04 | wd=0.0120 | mom=0.9500 | T=8.8 k=3.8 (mu_rec=8 mu_bwd=4) | grad=2.297 | tok/s=19,538 | tokens=0.44B
step= 13440 | loss=5.0749 | lr=3.00e-04 | wd=0.0119 | mom=0.9500 | T=13.5 k=3.5 (mu_rec=8 mu_bwd=4) | grad=1.648 | tok/s=18,384 | tokens=0.44B
step= 13450 | loss=5.0567 | lr=3.00e-04 | wd=0.0119 | mom=0.9500 | T=5.0 k=3.8 (mu_rec=8 mu_bwd=4) | grad=3.328 | tok/s=20,149 | tokens=0.44B
step= 13460 | loss=5.1782 | lr=3.00e-04 | wd=0.0118 | mom=0.9500 | T=6.5 k=3.2 (mu_rec=8 mu_bwd=4) | grad=2.000 | tok/s=21,189 | tokens=0.44B
step= 13470 | loss=5.2617 | lr=3.00e-04 | wd=0.0117 | mom=0.9500 | T=12.8 k=4.0 (mu_rec=8 mu_bwd=4) | grad=1.617 | tok/s=19,001 | tokens=0.44B
step= 13480 | loss=5.1866 | lr=3.00e-04 | wd=0.0117 | mom=0.9500 | T=13.8 k=4.0 (mu_rec=8 mu_bwd=4) | grad=1.883 | tok/s=19,783 | tokens=0.44B
step= 13490 | loss=5.1163 | lr=3.00e-04 | wd=0.0116 | mom=0.9500 | T=9.2 k=4.0 (mu_rec=8 mu_bwd=4) | grad=2.312 | tok/s=19,645 | tokens=0.44B
step= 13500 | loss=5.2737 | lr=3.00e-04 | wd=0.0115 | mom=0.9500 | T=10.5 k=4.0 (mu_rec=8 mu_bwd=4) | grad=1.875 | tok/s=19,012 | tokens=0.44B
step= 13510 | loss=5.3261 | lr=3.00e-04 | wd=0.0115 | mom=0.9500 | T=6.5 k=4.0 (mu_rec=8 mu_bwd=4) | grad=3.609 | tok/s=20,171 | tokens=0.44B
step= 13520 | loss=5.1990 | lr=3.00e-04 | wd=0.0114 | mom=0.9500 | T=3.0 k=3.0 (mu_rec=8 mu_bwd=4) | grad=1.750 | tok/s=21,063 | tokens=0.44B
step= 13530 | loss=5.1613 | lr=3.00e-04 | wd=0.0113 | mom=0.9500 | T=11.2 k=3.5 (mu_rec=8 mu_bwd=4) | grad=1.703 | tok/s=20,287 | tokens=0.44B
step= 13540 | loss=5.1234 | lr=3.00e-04 | wd=0.0113 | mom=0.9500 | T=11.2 k=4.0 (mu_rec=8 mu_bwd=4) | grad=1.719 | tok/s=19,642 | tokens=0.44B
step= 13550 | loss=4.9786 | lr=3.00e-04 | wd=0.0112 | mom=0.9500 | T=8.5 k=3.8 (mu_rec=8 mu_bwd=4) | grad=2.047 | tok/s=20,636 | tokens=0.44B
step= 13560 | loss=5.1952 | lr=3.00e-04 | wd=0.0111 | mom=0.9500 | T=5.2 k=3.5 (mu_rec=8 mu_bwd=4) | grad=3.422 | tok/s=21,895 | tokens=0.44B
step= 13570 | loss=5.4302 | lr=3.00e-04 | wd=0.0111 | mom=0.9500 | T=6.2 k=4.0 (mu_rec=8 mu_bwd=4) | grad=2.000 | tok/s=19,520 | tokens=0.44B
step= 13580 | loss=5.3393 | lr=3.00e-04 | wd=0.0110 | mom=0.9500 | T=9.0 k=3.5 (mu_rec=8 mu_bwd=4) | grad=1.523 | tok/s=19,803 | tokens=0.44B
step= 13590 | loss=5.2776 | lr=3.00e-04 | wd=0.0109 | mom=0.9500 | T=3.5 k=3.5 (mu_rec=8 mu_bwd=4) | grad=2.359 | tok/s=19,704 | tokens=0.45B
step= 13600 | loss=5.4832 | lr=3.00e-04 | wd=0.0109 | mom=0.9500 | T=7.5 k=3.5 (mu_rec=8 mu_bwd=4) | grad=2.109 | tok/s=18,998 | tokens=0.45B
step= 13610 | loss=5.3060 | lr=3.00e-04 | wd=0.0108 | mom=0.9500 | T=6.5 k=4.0 (mu_rec=8 mu_bwd=4) | grad=2.359 | tok/s=20,574 | tokens=0.45B
step= 13620 | loss=5.0697 | lr=3.00e-04 | wd=0.0107 | mom=0.9500 | T=10.2 k=4.0 (mu_rec=8 mu_bwd=4) | grad=1.938 | tok/s=20,660 | tokens=0.45B
step= 13630 | loss=5.0698 | lr=3.00e-04 | wd=0.0107 | mom=0.9500 | T=9.5 k=4.0 (mu_rec=8 mu_bwd=4) | grad=2.750 | tok/s=20,431 | tokens=0.45B
step= 13640 | loss=5.2525 | lr=3.00e-04 | wd=0.0106 | mom=0.9500 | T=5.8 k=3.2 (mu_rec=8 mu_bwd=4) | grad=2.719 | tok/s=19,445 | tokens=0.45B
step= 13650 | loss=5.2062 | lr=3.00e-04 | wd=0.0105 | mom=0.9500 | T=10.0 k=4.0 (mu_rec=8 mu_bwd=4) | grad=1.555 | tok/s=20,079 | tokens=0.45B
step= 13660 | loss=5.2914 | lr=3.00e-04 | wd=0.0105 | mom=0.9500 | T=6.5 k=3.2 (mu_rec=8 mu_bwd=4) | grad=5.094 | tok/s=20,491 | tokens=0.45B
step= 13670 | loss=4.9204 | lr=3.00e-04 | wd=0.0104 | mom=0.9500 | T=7.8 k=3.5 (mu_rec=8 mu_bwd=4) | grad=1.648 | tok/s=20,733 | tokens=0.45B
step= 13680 | loss=4.9811 | lr=3.00e-04 | wd=0.0103 | mom=0.9500 | T=8.5 k=3.2 (mu_rec=8 mu_bwd=4) | grad=1.836 | tok/s=18,987 | tokens=0.45B
step= 13690 | loss=5.1001 | lr=3.00e-04 | wd=0.0103 | mom=0.9500 | T=6.5 k=4.0 (mu_rec=8 mu_bwd=4) | grad=2.172 | tok/s=8,754 | tokens=0.45B
step= 13700 | loss=5.1415 | lr=3.00e-04 | wd=0.0102 | mom=0.9500 | T=8.5 k=3.5 (mu_rec=8 mu_bwd=4) | grad=3.719 | tok/s=21,092 | tokens=0.45B
step= 13710 | loss=5.1400 | lr=3.00e-04 | wd=0.0102 | mom=0.9500 | T=7.8 k=3.8 (mu_rec=8 mu_bwd=4) | grad=2.203 | tok/s=19,045 | tokens=0.45B
step= 13720 | loss=5.0986 | lr=3.00e-04 | wd=0.0101 | mom=0.9500 | T=11.2 k=4.0 (mu_rec=8 mu_bwd=4) | grad=2.797 | tok/s=20,733 | tokens=0.45B
step= 13730 | loss=5.0100 | lr=3.00e-04 | wd=0.0100 | mom=0.9500 | T=10.8 k=3.8 (mu_rec=8 mu_bwd=4) | grad=1.750 | tok/s=19,262 | tokens=0.45B
step= 13740 | loss=5.1158 | lr=3.00e-04 | wd=0.0100 | mom=0.9500 | T=10.8 k=4.0 (mu_rec=8 mu_bwd=4) | grad=1.578 | tok/s=19,445 | tokens=0.45B
step= 13750 | loss=4.8850 | lr=3.00e-04 | wd=0.0099 | mom=0.9500 | T=14.2 k=4.0 (mu_rec=8 mu_bwd=4) | grad=1.859 | tok/s=17,980 | tokens=0.45B
step= 13760 | loss=5.0288 | lr=3.00e-04 | wd=0.0098 | mom=0.9500 | T=6.5 k=3.2 (mu_rec=8 mu_bwd=4) | grad=7.938 | tok/s=19,810 | tokens=0.45B
step= 13770 | loss=5.2165 | lr=3.00e-04 | wd=0.0098 | mom=0.9500 | T=5.5 k=3.8 (mu_rec=8 mu_bwd=4) | grad=1.820 | tok/s=19,486 | tokens=0.45B
step= 13780 | loss=5.0929 | lr=2.99e-04 | wd=0.0097 | mom=0.9500 | T=6.2 k=3.8 (mu_rec=8 mu_bwd=4) | grad=1.820 | tok/s=20,003 | tokens=0.45B
step= 13790 | loss=5.2122 | lr=2.99e-04 | wd=0.0096 | mom=0.9500 | T=7.8 k=3.8 (mu_rec=8 mu_bwd=4) | grad=2.125 | tok/s=20,748 | tokens=0.45B
step= 13800 | loss=5.1443 | lr=2.99e-04 | wd=0.0096 | mom=0.9500 | T=8.5 k=4.0 (mu_rec=8 mu_bwd=4) | grad=1.523 | tok/s=19,746 | tokens=0.45B
step= 13810 | loss=5.1602 | lr=2.98e-04 | wd=0.0095 | mom=0.9500 | T=6.2 k=2.5 (mu_rec=8 mu_bwd=4) | grad=1.812 | tok/s=20,073 | tokens=0.45B
step= 13820 | loss=5.0734 | lr=2.98e-04 | wd=0.0094 | mom=0.9500 | T=7.8 k=3.8 (mu_rec=8 mu_bwd=4) | grad=3.438 | tok/s=19,340 | tokens=0.45B
step= 13830 | loss=4.9945 | lr=2.97e-04 | wd=0.0094 | mom=0.9500 | T=8.0 k=4.0 (mu_rec=8 mu_bwd=4) | grad=2.047 | tok/s=20,175 | tokens=0.45B
step= 13840 | loss=5.1674 | lr=2.97e-04 | wd=0.0093 | mom=0.9500 | T=9.0 k=4.0 (mu_rec=8 mu_bwd=4) | grad=5.062 | tok/s=21,085 | tokens=0.45B
step= 13850 | loss=4.9821 | lr=2.96e-04 | wd=0.0092 | mom=0.9500 | T=6.5 k=4.0 (mu_rec=8 mu_bwd=4) | grad=1.477 | tok/s=20,121 | tokens=0.45B
step= 13860 | loss=4.8871 | lr=2.95e-04 | wd=0.0092 | mom=0.9500 | T=8.5 k=4.0 (mu_rec=8 mu_bwd=4) | grad=2.000 | tok/s=19,042 | tokens=0.45B
step= 13870 | loss=5.1208 | lr=2.95e-04 | wd=0.0091 | mom=0.9500 | T=7.5 k=3.5 (mu_rec=8 mu_bwd=4) | grad=16.375 | tok/s=18,944 | tokens=0.45B
step= 13880 | loss=5.5163 | lr=2.94e-04 | wd=0.0090 | mom=0.9500 | T=6.8 k=4.0 (mu_rec=8 mu_bwd=4) | grad=2.062 | tok/s=18,800 | tokens=0.45B
step= 13890 | loss=5.1084 | lr=2.93e-04 | wd=0.0090 | mom=0.9500 | T=7.0 k=3.8 (mu_rec=8 mu_bwd=4) | grad=2.531 | tok/s=20,120 | tokens=0.46B
step= 13900 | loss=5.2074 | lr=2.92e-04 | wd=0.0089 | mom=0.9500 | T=6.5 k=4.0 (mu_rec=8 mu_bwd=4) | grad=3.469 | tok/s=17,852 | tokens=0.46B
step= 13910 | loss=5.1048 | lr=2.91e-04 | wd=0.0088 | mom=0.9500 | T=7.0 k=4.0 (mu_rec=8 mu_bwd=4) | grad=1.719 | tok/s=19,099 | tokens=0.46B
step= 13920 | loss=4.9431 | lr=2.90e-04 | wd=0.0088 | mom=0.9500 | T=8.2 k=4.0 (mu_rec=8 mu_bwd=4) | grad=2.453 | tok/s=19,697 | tokens=0.46Bwandb: updating run metadata
wandb: uploading output.log; uploading wandb-summary.json; uploading config.yaml
wandb: 
wandb: Run history:
wandb: lti/contraction_factor ██▆▆▆▆▆▅▅▅▅▅▅▅▅▃▃▃▃▃▃▃▃▃▃▃▃▃▃▃▃▃▃▃▁▁▁▁▁▁
wandb:      lti/spectral_norm ▁▄▅▅▅▆▆▆▆▆▆▆▆▆▆█▇███████████████████████
wandb:        train/grad_norm ▃▁▁▁▁▃▆▁▁▁▂▁▁▁▁▂▁▂▂▂▁▂▃▆▃▅█▂▂▂▂▂▂▂▅▇▂▃▂▁
wandb:             train/loss █▃▂▂▂▁▂▂▂▂▂▂▂▂▂▂▂▂▂▂▂▂▂▂▂▁▁▃▂▂▁▁▁▁▁▁▁▁▁▁
wandb:               train/lr █████████████████████████████████████▃▂▁
wandb:           train/mean_T ▁▁▂▁▂▂▄▂▂▃▄▇▆▂█▇▄▄▃▄▃█▄▇▅▃▅▃▄▃▄▅▄▃▃▄▄▅▅▆
wandb:           train/mean_k ▁▁▁▃▂▆▆▅▆▅▆█▆▆█▆█▇▇█████▇███████▆▇▇▅▇█▇▇
wandb:         train/momentum ▁███████████████████████████████████████
wandb:           train/mu_bwd ▁▁▃▃▃▆▆█████████████████████████████████
wandb:           train/mu_rec ▁▁▂▂▅▅▆▇▇███████████████████████████████
wandb:                     +5 ...
wandb: 
wandb: Run summary:
wandb: lti/contraction_factor 0.4375
wandb:      lti/spectral_norm 0.4707
wandb:        train/grad_norm 2.89062
wandb:             train/loss 5.19578
wandb:               train/lr 3e-05
wandb:           train/mean_T 10.75
wandb:           train/mean_k 4
wandb:         train/momentum 0.95
wandb:           train/mu_bwd 4
wandb:           train/mu_rec 8
wandb:                     +5 ...
wandb: 
wandb: 🚀 View run cortex-verify-k4 at: https://wandb.ai/henryyjiang42-georgia-institute-of-technology/cortex-gpt/runs/iwhvemli
wandb: ⭐️ View project at: https://wandb.ai/henryyjiang42-georgia-institute-of-technology/cortex-gpt
wandb: Synced 5 W&B file(s), 0 media file(s), 0 artifact file(s) and 0 other file(s)
wandb: Find logs at: runs/cortex-verify-k4/wandb/run-20260602_173850-iwhvemli/logs

step= 13930 | loss=5.0114 | lr=2.89e-04 | wd=0.0087 | mom=0.9500 | T=7.5 k=3.8 (mu_rec=8 mu_bwd=4) | grad=1.711 | tok/s=21,422 | tokens=0.46B
step= 13940 | loss=5.1218 | lr=2.88e-04 | wd=0.0086 | mom=0.9500 | T=9.2 k=3.8 (mu_rec=8 mu_bwd=4) | grad=1.578 | tok/s=19,721 | tokens=0.46B
step= 13950 | loss=4.9126 | lr=2.87e-04 | wd=0.0086 | mom=0.9500 | T=7.2 k=3.5 (mu_rec=8 mu_bwd=4) | grad=3.641 | tok/s=19,764 | tokens=0.46B
step= 13960 | loss=5.0759 | lr=2.86e-04 | wd=0.0085 | mom=0.9500 | T=8.8 k=3.5 (mu_rec=8 mu_bwd=4) | grad=2.094 | tok/s=19,403 | tokens=0.46B
step= 13970 | loss=5.1609 | lr=2.84e-04 | wd=0.0084 | mom=0.9500 | T=7.8 k=3.5 (mu_rec=8 mu_bwd=4) | grad=1.727 | tok/s=19,714 | tokens=0.46B
step= 13980 | loss=5.2791 | lr=2.83e-04 | wd=0.0084 | mom=0.9500 | T=7.0 k=3.2 (mu_rec=8 mu_bwd=4) | grad=2.719 | tok/s=20,853 | tokens=0.46B
step= 13990 | loss=5.4738 | lr=2.82e-04 | wd=0.0083 | mom=0.9500 | T=10.0 k=4.0 (mu_rec=8 mu_bwd=4) | grad=3.906 | tok/s=20,122 | tokens=0.46B
step= 14000 | loss=5.1666 | lr=2.80e-04 | wd=0.0083 | mom=0.9500 | T=6.5 k=3.5 (mu_rec=8 mu_bwd=4) | grad=2.344 | tok/s=20,249 | tokens=0.46B
[step 14000] Saved -> runs/cortex-verify-k4/checkpoint_0014000
step= 14010 | loss=5.2037 | lr=2.79e-04 | wd=0.0082 | mom=0.9500 | T=9.8 k=2.8 (mu_rec=8 mu_bwd=4) | grad=2.031 | tok/s=19,060 | tokens=0.46B
step= 14020 | loss=5.1427 | lr=2.77e-04 | wd=0.0081 | mom=0.9500 | T=9.8 k=3.8 (mu_rec=8 mu_bwd=4) | grad=1.953 | tok/s=20,561 | tokens=0.46B
step= 14030 | loss=5.0762 | lr=2.76e-04 | wd=0.0081 | mom=0.9500 | T=12.5 k=4.0 (mu_rec=8 mu_bwd=4) | grad=1.586 | tok/s=20,583 | tokens=0.46B
step= 14040 | loss=5.1557 | lr=2.74e-04 | wd=0.0080 | mom=0.9500 | T=6.5 k=3.8 (mu_rec=8 mu_bwd=4) | grad=1.688 | tok/s=18,941 | tokens=0.46B
step= 14050 | loss=5.1723 | lr=2.72e-04 | wd=0.0079 | mom=0.9500 | T=8.2 k=4.0 (mu_rec=8 mu_bwd=4) | grad=1.461 | tok/s=8,107 | tokens=0.46B
step= 14060 | loss=5.1277 | lr=2.71e-04 | wd=0.0079 | mom=0.9500 | T=9.0 k=4.0 (mu_rec=8 mu_bwd=4) | grad=2.094 | tok/s=19,318 | tokens=0.46B
step= 14070 | loss=5.1618 | lr=2.69e-04 | wd=0.0078 | mom=0.9500 | T=11.2 k=3.8 (mu_rec=8 mu_bwd=4) | grad=2.031 | tok/s=19,223 | tokens=0.46B
step= 14080 | loss=5.0880 | lr=2.67e-04 | wd=0.0077 | mom=0.9500 | T=17.0 k=4.0 (mu_rec=8 mu_bwd=4) | grad=2.312 | tok/s=19,357 | tokens=0.46B
step= 14090 | loss=5.0831 | lr=2.65e-04 | wd=0.0077 | mom=0.9500 | T=4.8 k=3.8 (mu_rec=8 mu_bwd=4) | grad=1.797 | tok/s=19,189 | tokens=0.46B
step= 14100 | loss=5.1022 | lr=2.63e-04 | wd=0.0076 | mom=0.9500 | T=7.5 k=4.0 (mu_rec=8 mu_bwd=4) | grad=1.578 | tok/s=19,342 | tokens=0.46B
step= 14110 | loss=5.4163 | lr=2.61e-04 | wd=0.0075 | mom=0.9500 | T=6.0 k=3.2 (mu_rec=8 mu_bwd=4) | grad=1.891 | tok/s=19,913 | tokens=0.46B
step= 14120 | loss=5.2285 | lr=2.60e-04 | wd=0.0075 | mom=0.9500 | T=9.0 k=3.2 (mu_rec=8 mu_bwd=4) | grad=3.219 | tok/s=22,034 | tokens=0.46B
step= 14130 | loss=5.1296 | lr=2.58e-04 | wd=0.0074 | mom=0.9500 | T=14.0 k=4.0 (mu_rec=8 mu_bwd=4) | grad=1.758 | tok/s=20,230 | tokens=0.46B
step= 14140 | loss=5.2044 | lr=2.55e-04 | wd=0.0073 | mom=0.9500 | T=10.5 k=4.0 (mu_rec=8 mu_bwd=4) | grad=2.500 | tok/s=19,177 | tokens=0.46B
step= 14150 | loss=5.1420 | lr=2.53e-04 | wd=0.0073 | mom=0.9500 | T=4.8 k=3.0 (mu_rec=8 mu_bwd=4) | grad=1.984 | tok/s=19,491 | tokens=0.46B
step= 14160 | loss=5.0180 | lr=2.51e-04 | wd=0.0072 | mom=0.9500 | T=6.2 k=3.2 (mu_rec=8 mu_bwd=4) | grad=3.859 | tok/s=20,139 | tokens=0.46B
step= 14170 | loss=5.0830 | lr=2.49e-04 | wd=0.0071 | mom=0.9500 | T=4.8 k=3.8 (mu_rec=8 mu_bwd=4) | grad=1.609 | tok/s=21,757 | tokens=0.46B
step= 14180 | loss=5.0850 | lr=2.47e-04 | wd=0.0071 | mom=0.9500 | T=5.0 k=3.8 (mu_rec=8 mu_bwd=4) | grad=1.461 | tok/s=18,669 | tokens=0.46B
step= 14190 | loss=5.1752 | lr=2.45e-04 | wd=0.0070 | mom=0.9500 | T=10.5 k=4.0 (mu_rec=8 mu_bwd=4) | grad=1.266 | tok/s=17,636 | tokens=0.46B
step= 14200 | loss=5.1496 | lr=2.42e-04 | wd=0.0069 | mom=0.9500 | T=4.5 k=2.2 (mu_rec=8 mu_bwd=4) | grad=2.828 | tok/s=23,662 | tokens=0.47B
step= 14210 | loss=5.1488 | lr=2.40e-04 | wd=0.0069 | mom=0.9500 | T=8.0 k=4.0 (mu_rec=8 mu_bwd=4) | grad=1.695 | tok/s=20,608 | tokens=0.47B
step= 14220 | loss=4.9522 | lr=2.38e-04 | wd=0.0068 | mom=0.9500 | T=3.5 k=2.8 (mu_rec=8 mu_bwd=4) | grad=2.234 | tok/s=22,152 | tokens=0.47B
step= 14230 | loss=5.1223 | lr=2.35e-04 | wd=0.0067 | mom=0.9500 | T=10.0 k=4.0 (mu_rec=8 mu_bwd=4) | grad=1.867 | tok/s=20,054 | tokens=0.47B
step= 14240 | loss=5.1540 | lr=2.33e-04 | wd=0.0067 | mom=0.9500 | T=3.5 k=3.2 (mu_rec=8 mu_bwd=4) | grad=2.078 | tok/s=19,029 | tokens=0.47B
step= 14250 | loss=5.1058 | lr=2.31e-04 | wd=0.0066 | mom=0.9500 | T=6.2 k=3.8 (mu_rec=8 mu_bwd=4) | grad=3.406 | tok/s=20,215 | tokens=0.47B
step= 14260 | loss=5.1016 | lr=2.28e-04 | wd=0.0065 | mom=0.9500 | T=6.0 k=3.5 (mu_rec=8 mu_bwd=4) | grad=2.031 | tok/s=21,078 | tokens=0.47B
step= 14270 | loss=5.0359 | lr=2.26e-04 | wd=0.0065 | mom=0.9500 | T=3.2 k=2.8 (mu_rec=8 mu_bwd=4) | grad=4.812 | tok/s=21,400 | tokens=0.47B
step= 14280 | loss=5.0146 | lr=2.23e-04 | wd=0.0064 | mom=0.9500 | T=9.8 k=4.0 (mu_rec=8 mu_bwd=4) | grad=1.648 | tok/s=19,127 | tokens=0.47B
step= 14290 | loss=5.0440 | lr=2.21e-04 | wd=0.0064 | mom=0.9500 | T=5.8 k=2.8 (mu_rec=8 mu_bwd=4) | grad=1.922 | tok/s=22,186 | tokens=0.47B
step= 14300 | loss=5.0908 | lr=2.18e-04 | wd=0.0063 | mom=0.9500 | T=12.0 k=4.0 (mu_rec=8 mu_bwd=4) | grad=3.078 | tok/s=19,682 | tokens=0.47B
step= 14310 | loss=5.0036 | lr=2.16e-04 | wd=0.0062 | mom=0.9500 | T=7.0 k=3.2 (mu_rec=8 mu_bwd=4) | grad=1.750 | tok/s=19,504 | tokens=0.47B
step= 14320 | loss=5.1469 | lr=2.13e-04 | wd=0.0062 | mom=0.9500 | T=8.5 k=4.0 (mu_rec=8 mu_bwd=4) | grad=1.750 | tok/s=19,589 | tokens=0.47B
step= 14330 | loss=5.1123 | lr=2.10e-04 | wd=0.0061 | mom=0.9500 | T=5.2 k=3.2 (mu_rec=8 mu_bwd=4) | grad=1.531 | tok/s=19,123 | tokens=0.47B
step= 14340 | loss=5.1051 | lr=2.08e-04 | wd=0.0060 | mom=0.9500 | T=5.8 k=4.0 (mu_rec=8 mu_bwd=4) | grad=1.727 | tok/s=18,213 | tokens=0.47B
step= 14350 | loss=5.0849 | lr=2.05e-04 | wd=0.0060 | mom=0.9500 | T=13.8 k=4.0 (mu_rec=8 mu_bwd=4) | grad=1.594 | tok/s=19,950 | tokens=0.47B
step= 14360 | loss=4.9076 | lr=2.02e-04 | wd=0.0059 | mom=0.9500 | T=4.8 k=3.2 (mu_rec=8 mu_bwd=4) | grad=2.250 | tok/s=21,372 | tokens=0.47B
step= 14370 | loss=5.0964 | lr=2.00e-04 | wd=0.0058 | mom=0.9500 | T=8.2 k=3.8 (mu_rec=8 mu_bwd=4) | grad=3.406 | tok/s=20,490 | tokens=0.47B
step= 14380 | loss=4.9941 | lr=1.97e-04 | wd=0.0058 | mom=0.9500 | T=8.8 k=4.0 (mu_rec=8 mu_bwd=4) | grad=1.609 | tok/s=20,988 | tokens=0.47B
step= 14390 | loss=4.9689 | lr=1.94e-04 | wd=0.0057 | mom=0.9500 | T=6.2 k=3.8 (mu_rec=8 mu_bwd=4) | grad=2.359 | tok/s=18,869 | tokens=0.47B
step= 14400 | loss=5.1870 | lr=1.92e-04 | wd=0.0056 | mom=0.9500 | T=10.5 k=3.8 (mu_rec=8 mu_bwd=4) | grad=2.781 | tok/s=19,105 | tokens=0.47B
step= 14410 | loss=5.0892 | lr=1.89e-04 | wd=0.0056 | mom=0.9500 | T=11.5 k=3.8 (mu_rec=8 mu_bwd=4) | grad=2.156 | tok/s=18,056 | tokens=0.47B
step= 14420 | loss=5.2679 | lr=1.86e-04 | wd=0.0055 | mom=0.9500 | T=9.2 k=4.0 (mu_rec=8 mu_bwd=4) | grad=2.297 | tok/s=19,690 | tokens=0.47B
step= 14430 | loss=5.2038 | lr=1.83e-04 | wd=0.0054 | mom=0.9500 | T=9.5 k=3.2 (mu_rec=8 mu_bwd=4) | grad=4.500 | tok/s=20,932 | tokens=0.47B
step= 14440 | loss=4.7586 | lr=1.81e-04 | wd=0.0054 | mom=0.9500 | T=9.2 k=4.0 (mu_rec=8 mu_bwd=4) | grad=2.531 | tok/s=21,434 | tokens=0.47B
step= 14450 | loss=4.7048 | lr=1.78e-04 | wd=0.0053 | mom=0.9500 | T=8.8 k=4.0 (mu_rec=8 mu_bwd=4) | grad=2.250 | tok/s=19,567 | tokens=0.47B
step= 14460 | loss=4.8760 | lr=1.75e-04 | wd=0.0052 | mom=0.9500 | T=7.0 k=3.2 (mu_rec=8 mu_bwd=4) | grad=2.625 | tok/s=18,759 | tokens=0.47B
step= 14470 | loss=5.1210 | lr=1.72e-04 | wd=0.0052 | mom=0.9500 | T=4.5 k=3.0 (mu_rec=8 mu_bwd=4) | grad=1.820 | tok/s=22,416 | tokens=0.47B
step= 14480 | loss=4.9477 | lr=1.70e-04 | wd=0.0051 | mom=0.9500 | T=5.5 k=3.2 (mu_rec=8 mu_bwd=4) | grad=1.688 | tok/s=8,366 | tokens=0.47B
step= 14490 | loss=4.9695 | lr=1.67e-04 | wd=0.0050 | mom=0.9500 | T=5.5 k=3.5 (mu_rec=8 mu_bwd=4) | grad=2.344 | tok/s=19,960 | tokens=0.47B
step= 14500 | loss=5.4285 | lr=1.64e-04 | wd=0.0050 | mom=0.9500 | T=8.8 k=3.5 (mu_rec=8 mu_bwd=4) | grad=3.062 | tok/s=20,965 | tokens=0.48B
step= 14510 | loss=4.8831 | lr=1.61e-04 | wd=0.0049 | mom=0.9500 | T=7.5 k=4.0 (mu_rec=8 mu_bwd=4) | grad=1.750 | tok/s=19,305 | tokens=0.48B
step= 14520 | loss=5.0443 | lr=1.58e-04 | wd=0.0048 | mom=0.9500 | T=8.0 k=4.0 (mu_rec=8 mu_bwd=4) | grad=1.906 | tok/s=18,928 | tokens=0.48B
step= 14530 | loss=5.1114 | lr=1.56e-04 | wd=0.0048 | mom=0.9500 | T=6.2 k=3.5 (mu_rec=8 mu_bwd=4) | grad=2.812 | tok/s=20,371 | tokens=0.48B
step= 14540 | loss=5.1678 | lr=1.53e-04 | wd=0.0047 | mom=0.9500 | T=9.5 k=3.2 (mu_rec=8 mu_bwd=4) | grad=3.359 | tok/s=20,599 | tokens=0.48B
step= 14550 | loss=4.9535 | lr=1.50e-04 | wd=0.0046 | mom=0.9500 | T=11.0 k=4.0 (mu_rec=8 mu_bwd=4) | grad=2.453 | tok/s=19,020 | tokens=0.48B
step= 14560 | loss=4.9430 | lr=1.47e-04 | wd=0.0046 | mom=0.9500 | T=10.2 k=4.0 (mu_rec=8 mu_bwd=4) | grad=1.406 | tok/s=20,636 | tokens=0.48B
step= 14570 | loss=5.0468 | lr=1.45e-04 | wd=0.0045 | mom=0.9500 | T=6.8 k=3.2 (mu_rec=8 mu_bwd=4) | grad=1.562 | tok/s=20,432 | tokens=0.48B
step= 14580 | loss=5.0979 | lr=1.42e-04 | wd=0.0045 | mom=0.9500 | T=8.5 k=4.0 (mu_rec=8 mu_bwd=4) | grad=3.797 | tok/s=19,667 | tokens=0.48B
step= 14590 | loss=5.2465 | lr=1.39e-04 | wd=0.0044 | mom=0.9500 | T=6.0 k=4.0 (mu_rec=8 mu_bwd=4) | grad=1.711 | tok/s=19,334 | tokens=0.48B
step= 14600 | loss=5.0602 | lr=1.36e-04 | wd=0.0043 | mom=0.9500 | T=10.8 k=4.0 (mu_rec=8 mu_bwd=4) | grad=1.898 | tok/s=19,484 | tokens=0.48B
step= 14610 | loss=4.9250 | lr=1.34e-04 | wd=0.0043 | mom=0.9500 | T=4.2 k=3.5 (mu_rec=8 mu_bwd=4) | grad=1.719 | tok/s=19,873 | tokens=0.48B
step= 14620 | loss=5.0041 | lr=1.31e-04 | wd=0.0042 | mom=0.9500 | T=11.5 k=4.0 (mu_rec=8 mu_bwd=4) | grad=2.328 | tok/s=19,046 | tokens=0.48B
step= 14630 | loss=5.0066 | lr=1.28e-04 | wd=0.0041 | mom=0.9500 | T=7.8 k=4.0 (mu_rec=8 mu_bwd=4) | grad=1.625 | tok/s=18,967 | tokens=0.48B
step= 14640 | loss=5.0938 | lr=1.26e-04 | wd=0.0041 | mom=0.9500 | T=3.8 k=3.5 (mu_rec=8 mu_bwd=4) | grad=2.781 | tok/s=18,788 | tokens=0.48B
step= 14650 | loss=4.9946 | lr=1.23e-04 | wd=0.0040 | mom=0.9500 | T=8.8 k=3.8 (mu_rec=8 mu_bwd=4) | grad=1.656 | tok/s=20,813 | tokens=0.48B
step= 14660 | loss=5.1409 | lr=1.20e-04 | wd=0.0039 | mom=0.9500 | T=9.8 k=3.8 (mu_rec=8 mu_bwd=4) | grad=2.641 | tok/s=19,646 | tokens=0.48B
step= 14670 | loss=4.9351 | lr=1.18e-04 | wd=0.0039 | mom=0.9500 | T=13.5 k=4.0 (mu_rec=8 mu_bwd=4) | grad=1.805 | tok/s=17,480 | tokens=0.48B
step= 14680 | loss=5.0311 | lr=1.15e-04 | wd=0.0038 | mom=0.9500 | T=7.5 k=2.5 (mu_rec=8 mu_bwd=4) | grad=2.562 | tok/s=19,316 | tokens=0.48B
step= 14690 | loss=5.0853 | lr=1.13e-04 | wd=0.0037 | mom=0.9500 | T=6.2 k=3.5 (mu_rec=8 mu_bwd=4) | grad=1.570 | tok/s=20,959 | tokens=0.48B
step= 14700 | loss=5.0049 | lr=1.10e-04 | wd=0.0037 | mom=0.9500 | T=6.5 k=4.0 (mu_rec=8 mu_bwd=4) | grad=2.391 | tok/s=20,249 | tokens=0.48B
step= 14710 | loss=4.9487 | lr=1.08e-04 | wd=0.0036 | mom=0.9500 | T=9.5 k=3.5 (mu_rec=8 mu_bwd=4) | grad=2.328 | tok/s=18,921 | tokens=0.48B
step= 14720 | loss=4.9248 | lr=1.05e-04 | wd=0.0035 | mom=0.9500 | T=7.5 k=3.5 (mu_rec=8 mu_bwd=4) | grad=1.461 | tok/s=20,061 | tokens=0.48B
step= 14730 | loss=4.9345 | lr=1.03e-04 | wd=0.0035 | mom=0.9500 | T=9.0 k=3.8 (mu_rec=8 mu_bwd=4) | grad=1.453 | tok/s=19,911 | tokens=0.48B
step= 14740 | loss=4.8541 | lr=1.00e-04 | wd=0.0034 | mom=0.9500 | T=6.5 k=3.5 (mu_rec=8 mu_bwd=4) | grad=1.539 | tok/s=20,546 | tokens=0.48B
step= 14750 | loss=5.1272 | lr=9.77e-05 | wd=0.0033 | mom=0.9500 | T=6.8 k=3.5 (mu_rec=8 mu_bwd=4) | grad=4.344 | tok/s=20,347 | tokens=0.48B
step= 14760 | loss=5.1273 | lr=9.53e-05 | wd=0.0033 | mom=0.9500 | T=5.8 k=3.8 (mu_rec=8 mu_bwd=4) | grad=1.789 | tok/s=20,649 | tokens=0.48B
step= 14770 | loss=5.1449 | lr=9.29e-05 | wd=0.0032 | mom=0.9500 | T=11.5 k=4.0 (mu_rec=8 mu_bwd=4) | grad=1.664 | tok/s=19,490 | tokens=0.48B
step= 14780 | loss=5.1340 | lr=9.06e-05 | wd=0.0031 | mom=0.9500 | T=6.5 k=4.0 (mu_rec=8 mu_bwd=4) | grad=1.914 | tok/s=20,500 | tokens=0.48B
step= 14790 | loss=5.0585 | lr=8.83e-05 | wd=0.0031 | mom=0.9500 | T=6.2 k=3.5 (mu_rec=8 mu_bwd=4) | grad=1.820 | tok/s=20,901 | tokens=0.48B
step= 14800 | loss=5.2464 | lr=8.60e-05 | wd=0.0030 | mom=0.9500 | T=5.5 k=3.8 (mu_rec=8 mu_bwd=4) | grad=1.945 | tok/s=19,241 | tokens=0.48B
step= 14810 | loss=5.2320 | lr=8.37e-05 | wd=0.0029 | mom=0.9500 | T=5.2 k=2.8 (mu_rec=8 mu_bwd=4) | grad=3.297 | tok/s=19,016 | tokens=0.49B
step= 14820 | loss=4.9499 | lr=8.15e-05 | wd=0.0029 | mom=0.9500 | T=12.2 k=4.0 (mu_rec=8 mu_bwd=4) | grad=1.867 | tok/s=17,976 | tokens=0.49B
step= 14830 | loss=5.1723 | lr=7.94e-05 | wd=0.0028 | mom=0.9500 | T=7.5 k=3.5 (mu_rec=8 mu_bwd=4) | grad=2.094 | tok/s=19,528 | tokens=0.49B
step= 14840 | loss=5.0755 | lr=7.72e-05 | wd=0.0027 | mom=0.9500 | T=7.5 k=3.2 (mu_rec=8 mu_bwd=4) | grad=3.438 | tok/s=20,513 | tokens=0.49B
step= 14850 | loss=5.0260 | lr=7.52e-05 | wd=0.0027 | mom=0.9500 | T=10.8 k=3.2 (mu_rec=8 mu_bwd=4) | grad=2.016 | tok/s=20,589 | tokens=0.49B
step= 14860 | loss=4.8352 | lr=7.31e-05 | wd=0.0026 | mom=0.9500 | T=8.0 k=4.0 (mu_rec=8 mu_bwd=4) | grad=2.609 | tok/s=20,001 | tokens=0.49B
step= 14870 | loss=4.8512 | lr=7.11e-05 | wd=0.0025 | mom=0.9500 | T=6.5 k=4.0 (mu_rec=8 mu_bwd=4) | grad=1.734 | tok/s=21,877 | tokens=0.49B
step= 14880 | loss=5.2083 | lr=6.91e-05 | wd=0.0025 | mom=0.9500 | T=4.8 k=3.5 (mu_rec=8 mu_bwd=4) | grad=2.000 | tok/s=19,086 | tokens=0.49B
step= 14890 | loss=5.0597 | lr=6.72e-05 | wd=0.0024 | mom=0.9500 | T=9.5 k=4.0 (mu_rec=8 mu_bwd=4) | grad=1.734 | tok/s=19,670 | tokens=0.49B
step= 14900 | loss=4.9578 | lr=6.53e-05 | wd=0.0024 | mom=0.9500 | T=9.0 k=3.5 (mu_rec=8 mu_bwd=4) | grad=1.719 | tok/s=20,784 | tokens=0.49B
step= 14910 | loss=5.0522 | lr=6.34e-05 | wd=0.0023 | mom=0.9500 | T=8.0 k=4.0 (mu_rec=8 mu_bwd=4) | grad=1.734 | tok/s=20,491 | tokens=0.49B
step= 14920 | loss=5.1118 | lr=6.16e-05 | wd=0.0022 | mom=0.9500 | T=8.8 k=4.0 (mu_rec=8 mu_bwd=4) | grad=1.391 | tok/s=20,260 | tokens=0.49B
step= 14930 | loss=5.3294 | lr=5.98e-05 | wd=0.0022 | mom=0.9500 | T=6.0 k=4.0 (mu_rec=8 mu_bwd=4) | grad=1.492 | tok/s=20,551 | tokens=0.49B
step= 14940 | loss=4.8604 | lr=5.81e-05 | wd=0.0021 | mom=0.9500 | T=6.8 k=3.2 (mu_rec=8 mu_bwd=4) | grad=4.438 | tok/s=8,609 | tokens=0.49B
step= 14950 | loss=5.0582 | lr=5.64e-05 | wd=0.0020 | mom=0.9500 | T=10.0 k=4.0 (mu_rec=8 mu_bwd=4) | grad=1.578 | tok/s=21,145 | tokens=0.49B
step= 14960 | loss=5.0431 | lr=5.48e-05 | wd=0.0020 | mom=0.9500 | T=12.5 k=3.8 (mu_rec=8 mu_bwd=4) | grad=2.203 | tok/s=18,547 | tokens=0.49B
step= 14970 | loss=5.0294 | lr=5.32e-05 | wd=0.0019 | mom=0.9500 | T=8.5 k=4.0 (mu_rec=8 mu_bwd=4) | grad=3.281 | tok/s=20,214 | tokens=0.49B
step= 14980 | loss=5.1253 | lr=5.17e-05 | wd=0.0018 | mom=0.9500 | T=6.2 k=3.8 (mu_rec=8 mu_bwd=4) | grad=1.758 | tok/s=19,922 | tokens=0.49B
step= 14990 | loss=5.0102 | lr=5.02e-05 | wd=0.0018 | mom=0.9500 | T=7.5 k=4.0 (mu_rec=8 mu_bwd=4) | grad=2.609 | tok/s=18,441 | tokens=0.49B
step= 15000 | loss=5.0231 | lr=4.88e-05 | wd=0.0017 | mom=0.9500 | T=8.5 k=4.0 (mu_rec=8 mu_bwd=4) | grad=2.516 | tok/s=19,921 | tokens=0.49B
step= 15010 | loss=5.0612 | lr=4.74e-05 | wd=0.0016 | mom=0.9500 | T=4.0 k=3.2 (mu_rec=8 mu_bwd=4) | grad=1.875 | tok/s=20,112 | tokens=0.49B
step= 15020 | loss=4.9889 | lr=4.60e-05 | wd=0.0016 | mom=0.9500 | T=8.5 k=3.2 (mu_rec=8 mu_bwd=4) | grad=1.734 | tok/s=21,118 | tokens=0.49B
step= 15030 | loss=5.0394 | lr=4.47e-05 | wd=0.0015 | mom=0.9500 | T=7.5 k=3.2 (mu_rec=8 mu_bwd=4) | grad=2.078 | tok/s=19,206 | tokens=0.49B
step= 15040 | loss=5.1600 | lr=4.35e-05 | wd=0.0014 | mom=0.9500 | T=5.0 k=3.8 (mu_rec=8 mu_bwd=4) | grad=2.156 | tok/s=19,339 | tokens=0.49B
step= 15050 | loss=4.9561 | lr=4.23e-05 | wd=0.0014 | mom=0.9500 | T=4.2 k=3.2 (mu_rec=8 mu_bwd=4) | grad=2.125 | tok/s=19,817 | tokens=0.49B
step= 15060 | loss=5.1912 | lr=4.12e-05 | wd=0.0013 | mom=0.9500 | T=8.0 k=4.0 (mu_rec=8 mu_bwd=4) | grad=1.805 | tok/s=20,806 | tokens=0.49B
step= 15070 | loss=5.1849 | lr=4.01e-05 | wd=0.0012 | mom=0.9500 | T=8.0 k=4.0 (mu_rec=8 mu_bwd=4) | grad=3.203 | tok/s=20,099 | tokens=0.49B
step= 15080 | loss=5.0259 | lr=3.91e-05 | wd=0.0012 | mom=0.9500 | T=8.2 k=4.0 (mu_rec=8 mu_bwd=4) | grad=1.680 | tok/s=19,903 | tokens=0.49B
step= 15090 | loss=4.8521 | lr=3.81e-05 | wd=0.0011 | mom=0.9500 | T=5.8 k=3.0 (mu_rec=8 mu_bwd=4) | grad=2.625 | tok/s=20,770 | tokens=0.49B
step= 15100 | loss=5.0381 | lr=3.72e-05 | wd=0.0010 | mom=0.9500 | T=6.5 k=3.5 (mu_rec=8 mu_bwd=4) | grad=2.734 | tok/s=19,100 | tokens=0.49B
step= 15110 | loss=5.0951 | lr=3.63e-05 | wd=0.0010 | mom=0.9500 | T=10.8 k=4.0 (mu_rec=8 mu_bwd=4) | grad=2.000 | tok/s=19,898 | tokens=0.50B
step= 15120 | loss=5.0508 | lr=3.55e-05 | wd=0.0009 | mom=0.9500 | T=6.8 k=4.0 (mu_rec=8 mu_bwd=4) | grad=1.531 | tok/s=18,889 | tokens=0.50B
step= 15130 | loss=5.0356 | lr=3.47e-05 | wd=0.0008 | mom=0.9500 | T=6.8 k=3.8 (mu_rec=8 mu_bwd=4) | grad=1.648 | tok/s=19,467 | tokens=0.50B
step= 15140 | loss=5.1522 | lr=3.40e-05 | wd=0.0008 | mom=0.9500 | T=6.8 k=3.5 (mu_rec=8 mu_bwd=4) | grad=1.906 | tok/s=21,271 | tokens=0.50B
step= 15150 | loss=5.1077 | lr=3.34e-05 | wd=0.0007 | mom=0.9500 | T=9.5 k=4.0 (mu_rec=8 mu_bwd=4) | grad=1.562 | tok/s=18,787 | tokens=0.50B
step= 15160 | loss=5.0279 | lr=3.28e-05 | wd=0.0006 | mom=0.9500 | T=10.2 k=4.0 (mu_rec=8 mu_bwd=4) | grad=1.945 | tok/s=18,786 | tokens=0.50B
step= 15170 | loss=5.4858 | lr=3.23e-05 | wd=0.0006 | mom=0.9500 | T=10.2 k=4.0 (mu_rec=8 mu_bwd=4) | grad=2.281 | tok/s=20,530 | tokens=0.50B
step= 15180 | loss=5.4148 | lr=3.18e-05 | wd=0.0005 | mom=0.9500 | T=10.0 k=3.8 (mu_rec=8 mu_bwd=4) | grad=1.750 | tok/s=21,123 | tokens=0.50B
step= 15190 | loss=5.2343 | lr=3.14e-05 | wd=0.0005 | mom=0.9500 | T=9.8 k=4.0 (mu_rec=8 mu_bwd=4) | grad=2.078 | tok/s=21,190 | tokens=0.50B
step= 15200 | loss=5.0308 | lr=3.10e-05 | wd=0.0004 | mom=0.9500 | T=7.5 k=4.0 (mu_rec=8 mu_bwd=4) | grad=2.344 | tok/s=19,516 | tokens=0.50B
step= 15210 | loss=5.0665 | lr=3.07e-05 | wd=0.0003 | mom=0.9500 | T=11.2 k=4.0 (mu_rec=8 mu_bwd=4) | grad=1.734 | tok/s=20,403 | tokens=0.50B
step= 15220 | loss=5.1324 | lr=3.04e-05 | wd=0.0003 | mom=0.9500 | T=6.0 k=3.2 (mu_rec=8 mu_bwd=4) | grad=3.406 | tok/s=18,445 | tokens=0.50B
step= 15230 | loss=5.0242 | lr=3.02e-05 | wd=0.0002 | mom=0.9500 | T=9.8 k=4.0 (mu_rec=8 mu_bwd=4) | grad=2.922 | tok/s=20,274 | tokens=0.50B
step= 15240 | loss=4.9919 | lr=3.01e-05 | wd=0.0001 | mom=0.9500 | T=7.5 k=4.0 (mu_rec=8 mu_bwd=4) | grad=1.641 | tok/s=20,190 | tokens=0.50B
step= 15250 | loss=5.1958 | lr=3.00e-05 | wd=0.0001 | mom=0.9500 | T=10.8 k=4.0 (mu_rec=8 mu_bwd=4) | grad=2.891 | tok/s=19,639 | tokens=0.50B
[step 15258] Saved -> runs/cortex-verify-k4/checkpoint_0015258
Training complete. 0.50B tokens, 15258 steps.
---------------------------------------
Begin Slurm Epilog: Jun-03-2026 00:15:52
Job ID:        9381306
User ID:       hjiang420
Account:       gts-aivanova7-lab
Job name:      job2.sh
Resources:     cpu=8,gres/gpu:a100=1,mem=64G,node=1
Rsrc Used:     cput=2-04:59:04,vmem=0,walltime=06:37:23,mem=12154292K,energy_used=0
Partition:     gpu-a100
QOS:           inferno
Nodes:         atl1-1-01-006-11-0
---------------------------------------
