---------------------------------------
Begin Slurm Prolog: May-28-2026 12:53:37
Job ID:    9252318
User ID:   hjiang420
Account:   gts-aivanova7-lab
Job name:  job.sh
Partition: gpu-a100
QOS:       inferno
---------------------------------------
[transformers] `torch_dtype` is deprecated! Use `dtype` instead!
Loading EleutherAI/pythia-160m ...
Loading weights:   0%|          | 0/148 [00:00<?, ?it/s]Loading weights:   1%|          | 1/148 [00:00<00:52,  2.78it/s]Loading weights:  34%|███▍      | 50/148 [00:00<00:00, 130.18it/s]Loading weights:  61%|██████    | 90/148 [00:00<00:00, 202.08it/s]Loading weights:  81%|████████  | 120/148 [00:00<00:00, 215.50it/s]Loading weights: 100%|██████████| 148/148 [00:00<00:00, 223.74it/s]Loading weights: 100%|██████████| 148/148 [00:00<00:00, 178.05it/s]
Warning: You are sending unauthenticated requests to the HF Hub. Please set a HF_TOKEN to enable higher rate limits and faster downloads.
Params: 134,562,816 total, 134,562,816 trainable
Layer split: Pre=2, Loop=8, Coda=2
mu_rec=8, mu_bwd=4 (= ceil(8/2))
Effective batch: 32768 tokens = 16 seqs x 2048 tok
Grad accum: 4 | World size: 1
Max steps: 15,258 | Warmup: 152 | Cooldown: 1525
Curriculum: mu_rec ramps 1->8 over 3800 steps
wandb: [wandb.login()] Loaded credentials for https://api.wandb.ai from /storage/home/hcoda1/3/hjiang420/.netrc.
wandb: Currently logged in as: henryyjiang42 (henryyjiang42-georgia-institute-of-technology) to https://api.wandb.ai. Use `wandb login --relogin` to force relogin
`trust_remote_code` is not supported anymore.
Please check that the Hugging Face dataset 'EleutherAI/the_pile_deduplicated' isn't based on a loading script and remove `trust_remote_code`.
If the dataset is based on a loading script, please ask the dataset author to remove it and convert it to a standard format like Parquet.
`trust_remote_code` is not supported anymore.
Please check that the Hugging Face dataset 'EleutherAI/the_pile_deduplicated' isn't based on a loading script and remove `trust_remote_code`.
If the dataset is based on a loading script, please ask the dataset author to remove it and convert it to a standard format like Parquet.
wandb: setting up run s3t7obvn
wandb: Tracking run with wandb version 0.27.0
wandb: Run data is saved locally in runs/retrofit-verify/wandb/run-20260528_125447-s3t7obvn
wandb: Run `wandb offline` to turn off syncing.
wandb: Syncing run retrofit-verify
wandb: ⭐️ View project at https://wandb.ai/henryyjiang42-georgia-institute-of-technology/cortex-gpt
wandb: 🚀 View run at https://wandb.ai/henryyjiang42-georgia-institute-of-technology/cortex-gpt/runs/s3t7obvn
step=    10 | loss=7.0244 | lr=1.78e-05 | wd=0.0999 | mom=0.8530 | T=1.5 k=1.0 (mu_rec=1 mu_bwd=1) | grad=1648.000 | tok/s=7,556 | tokens=0.00B
step=    20 | loss=6.9830 | lr=3.75e-05 | wd=0.0999 | mom=0.8563 | T=1.5 k=1.0 (mu_rec=1 mu_bwd=1) | grad=1004.000 | tok/s=86,326 | tokens=0.00B
step=    30 | loss=6.8040 | lr=5.72e-05 | wd=0.0998 | mom=0.8597 | T=2.0 k=1.0 (mu_rec=1 mu_bwd=1) | grad=812.000 | tok/s=86,329 | tokens=0.00B
step=    40 | loss=6.7281 | lr=7.70e-05 | wd=0.0997 | mom=0.8630 | T=1.2 k=1.0 (mu_rec=1 mu_bwd=1) | grad=2688.000 | tok/s=89,094 | tokens=0.00B
step=    50 | loss=6.6879 | lr=9.67e-05 | wd=0.0997 | mom=0.8663 | T=1.8 k=1.0 (mu_rec=1 mu_bwd=1) | grad=904.000 | tok/s=86,301 | tokens=0.00B
step=    60 | loss=6.6725 | lr=1.16e-04 | wd=0.0996 | mom=0.8697 | T=1.2 k=1.0 (mu_rec=1 mu_bwd=1) | grad=844.000 | tok/s=86,117 | tokens=0.00B
step=    70 | loss=6.4180 | lr=1.36e-04 | wd=0.0995 | mom=0.8730 | T=1.0 k=1.0 (mu_rec=1 mu_bwd=1) | grad=556.000 | tok/s=85,531 | tokens=0.00B
step=    80 | loss=6.4196 | lr=1.56e-04 | wd=0.0995 | mom=0.8763 | T=1.0 k=1.0 (mu_rec=1 mu_bwd=1) | grad=508.000 | tok/s=82,163 | tokens=0.00B
step=    90 | loss=6.4197 | lr=1.76e-04 | wd=0.0994 | mom=0.8797 | T=1.5 k=1.0 (mu_rec=1 mu_bwd=1) | grad=406.000 | tok/s=85,382 | tokens=0.00B
step=   100 | loss=6.4646 | lr=1.95e-04 | wd=0.0994 | mom=0.8830 | T=1.2 k=1.0 (mu_rec=1 mu_bwd=1) | grad=756.000 | tok/s=84,224 | tokens=0.00B
step=   110 | loss=6.3949 | lr=2.15e-04 | wd=0.0993 | mom=0.8863 | T=1.2 k=1.0 (mu_rec=1 mu_bwd=1) | grad=358.000 | tok/s=84,679 | tokens=0.00B
step=   120 | loss=6.4268 | lr=2.35e-04 | wd=0.0992 | mom=0.8897 | T=1.8 k=1.0 (mu_rec=1 mu_bwd=1) | grad=322.000 | tok/s=84,545 | tokens=0.00B
step=   130 | loss=6.4563 | lr=2.55e-04 | wd=0.0992 | mom=0.8930 | T=2.0 k=1.0 (mu_rec=1 mu_bwd=1) | grad=248.000 | tok/s=84,911 | tokens=0.00B
step=   140 | loss=6.4579 | lr=2.74e-04 | wd=0.0991 | mom=0.8963 | T=1.5 k=1.0 (mu_rec=1 mu_bwd=1) | grad=2256.000 | tok/s=86,622 | tokens=0.00B
step=   150 | loss=6.2835 | lr=2.94e-04 | wd=0.0990 | mom=0.8997 | T=2.0 k=1.0 (mu_rec=1 mu_bwd=1) | grad=234.000 | tok/s=81,964 | tokens=0.00B
step=   160 | loss=6.5160 | lr=3.00e-04 | wd=0.0990 | mom=0.9030 | T=1.5 k=1.0 (mu_rec=1 mu_bwd=1) | grad=237.000 | tok/s=85,956 | tokens=0.01B
step=   170 | loss=6.1413 | lr=3.00e-04 | wd=0.0989 | mom=0.9063 | T=1.5 k=1.0 (mu_rec=1 mu_bwd=1) | grad=308.000 | tok/s=84,235 | tokens=0.01B
step=   180 | loss=6.2159 | lr=3.00e-04 | wd=0.0988 | mom=0.9097 | T=1.2 k=1.0 (mu_rec=1 mu_bwd=1) | grad=204.000 | tok/s=82,395 | tokens=0.01B
step=   190 | loss=6.1975 | lr=3.00e-04 | wd=0.0988 | mom=0.9130 | T=1.0 k=1.0 (mu_rec=1 mu_bwd=1) | grad=358.000 | tok/s=85,834 | tokens=0.01B
step=   200 | loss=6.0935 | lr=3.00e-04 | wd=0.0987 | mom=0.9163 | T=1.2 k=1.0 (mu_rec=1 mu_bwd=1) | grad=280.000 | tok/s=86,692 | tokens=0.01B
step=   210 | loss=6.0708 | lr=3.00e-04 | wd=0.0986 | mom=0.9197 | T=1.0 k=1.0 (mu_rec=1 mu_bwd=1) | grad=270.000 | tok/s=86,479 | tokens=0.01B
step=   220 | loss=6.0984 | lr=3.00e-04 | wd=0.0986 | mom=0.9230 | T=1.8 k=1.0 (mu_rec=1 mu_bwd=1) | grad=242.000 | tok/s=86,177 | tokens=0.01B
step=   230 | loss=6.1285 | lr=3.00e-04 | wd=0.0985 | mom=0.9263 | T=1.8 k=1.0 (mu_rec=1 mu_bwd=1) | grad=136.000 | tok/s=84,135 | tokens=0.01B
step=   240 | loss=6.2580 | lr=3.00e-04 | wd=0.0984 | mom=0.9297 | T=2.0 k=1.0 (mu_rec=1 mu_bwd=1) | grad=146.000 | tok/s=86,689 | tokens=0.01B
step=   250 | loss=5.8437 | lr=3.00e-04 | wd=0.0984 | mom=0.9330 | T=1.5 k=1.0 (mu_rec=1 mu_bwd=1) | grad=183.000 | tok/s=81,515 | tokens=0.01B
step=   260 | loss=5.7667 | lr=3.00e-04 | wd=0.0983 | mom=0.9363 | T=1.8 k=1.0 (mu_rec=1 mu_bwd=1) | grad=135.000 | tok/s=83,463 | tokens=0.01B
step=   270 | loss=5.7489 | lr=3.00e-04 | wd=0.0982 | mom=0.9397 | T=1.8 k=1.0 (mu_rec=1 mu_bwd=1) | grad=114.000 | tok/s=83,318 | tokens=0.01B
step=   280 | loss=5.8178 | lr=3.00e-04 | wd=0.0982 | mom=0.9430 | T=1.2 k=1.0 (mu_rec=2 mu_bwd=1) | grad=128.000 | tok/s=78,401 | tokens=0.01B
step=   290 | loss=5.9370 | lr=3.00e-04 | wd=0.0981 | mom=0.9463 | T=2.2 k=1.0 (mu_rec=2 mu_bwd=1) | grad=117.000 | tok/s=76,692 | tokens=0.01B
step=   300 | loss=6.0116 | lr=3.00e-04 | wd=0.0980 | mom=0.9497 | T=1.2 k=1.0 (mu_rec=2 mu_bwd=1) | grad=119.000 | tok/s=78,916 | tokens=0.01B
step=   310 | loss=5.9622 | lr=3.00e-04 | wd=0.0980 | mom=0.9500 | T=1.5 k=1.0 (mu_rec=2 mu_bwd=1) | grad=123.000 | tok/s=74,409 | tokens=0.01B
step=   320 | loss=5.5482 | lr=3.00e-04 | wd=0.0979 | mom=0.9500 | T=1.5 k=1.0 (mu_rec=2 mu_bwd=1) | grad=79.000 | tok/s=81,286 | tokens=0.01B
step=   330 | loss=5.8635 | lr=3.00e-04 | wd=0.0978 | mom=0.9500 | T=2.5 k=1.0 (mu_rec=2 mu_bwd=1) | grad=52.750 | tok/s=79,859 | tokens=0.01B
step=   340 | loss=5.9338 | lr=3.00e-04 | wd=0.0978 | mom=0.9500 | T=1.2 k=1.0 (mu_rec=2 mu_bwd=1) | grad=110.000 | tok/s=74,488 | tokens=0.01B
step=   350 | loss=5.5722 | lr=3.00e-04 | wd=0.0977 | mom=0.9500 | T=1.2 k=1.0 (mu_rec=2 mu_bwd=1) | grad=149.000 | tok/s=80,014 | tokens=0.01B
step=   360 | loss=5.9451 | lr=3.00e-04 | wd=0.0976 | mom=0.9500 | T=1.5 k=1.0 (mu_rec=2 mu_bwd=1) | grad=104.000 | tok/s=76,167 | tokens=0.01B
step=   370 | loss=6.0004 | lr=3.00e-04 | wd=0.0976 | mom=0.9500 | T=2.2 k=1.0 (mu_rec=2 mu_bwd=1) | grad=35.750 | tok/s=75,726 | tokens=0.01B
step=   380 | loss=5.9144 | lr=3.00e-04 | wd=0.0975 | mom=0.9500 | T=1.2 k=1.0 (mu_rec=2 mu_bwd=1) | grad=166.000 | tok/s=76,434 | tokens=0.01B
step=   390 | loss=6.0278 | lr=3.00e-04 | wd=0.0975 | mom=0.9500 | T=3.5 k=1.0 (mu_rec=2 mu_bwd=1) | grad=71.000 | tok/s=74,612 | tokens=0.01B
step=   400 | loss=5.7496 | lr=3.00e-04 | wd=0.0974 | mom=0.9500 | T=1.2 k=1.0 (mu_rec=2 mu_bwd=1) | grad=76.000 | tok/s=78,834 | tokens=0.01B
step=   410 | loss=5.8119 | lr=3.00e-04 | wd=0.0973 | mom=0.9500 | T=1.8 k=1.0 (mu_rec=2 mu_bwd=1) | grad=124.000 | tok/s=75,494 | tokens=0.01B
step=   420 | loss=5.6324 | lr=3.00e-04 | wd=0.0973 | mom=0.9500 | T=1.5 k=1.0 (mu_rec=2 mu_bwd=1) | grad=52.000 | tok/s=78,645 | tokens=0.01B
step=   430 | loss=5.7454 | lr=3.00e-04 | wd=0.0972 | mom=0.9500 | T=2.2 k=1.0 (mu_rec=2 mu_bwd=1) | grad=57.250 | tok/s=79,261 | tokens=0.01B
step=   440 | loss=5.7002 | lr=3.00e-04 | wd=0.0971 | mom=0.9500 | T=1.2 k=1.0 (mu_rec=2 mu_bwd=1) | grad=63.750 | tok/s=75,862 | tokens=0.01B
step=   450 | loss=5.6260 | lr=3.00e-04 | wd=0.0971 | mom=0.9500 | T=1.2 k=1.0 (mu_rec=2 mu_bwd=1) | grad=76.000 | tok/s=76,219 | tokens=0.01B
step=   460 | loss=5.5632 | lr=3.00e-04 | wd=0.0970 | mom=0.9500 | T=2.2 k=1.0 (mu_rec=2 mu_bwd=1) | grad=45.750 | tok/s=78,924 | tokens=0.02B
step=   470 | loss=5.6072 | lr=3.00e-04 | wd=0.0969 | mom=0.9500 | T=1.5 k=1.0 (mu_rec=2 mu_bwd=1) | grad=58.500 | tok/s=72,529 | tokens=0.02B
step=   480 | loss=5.4608 | lr=3.00e-04 | wd=0.0969 | mom=0.9500 | T=3.0 k=1.0 (mu_rec=2 mu_bwd=1) | grad=42.750 | tok/s=75,791 | tokens=0.02B
step=   490 | loss=5.5986 | lr=3.00e-04 | wd=0.0968 | mom=0.9500 | T=3.8 k=1.0 (mu_rec=2 mu_bwd=1) | grad=29.875 | tok/s=77,310 | tokens=0.02B
step=   500 | loss=5.5032 | lr=3.00e-04 | wd=0.0967 | mom=0.9500 | T=2.2 k=1.0 (mu_rec=2 mu_bwd=1) | grad=41.750 | tok/s=76,790 | tokens=0.02B
step=   510 | loss=5.3427 | lr=3.00e-04 | wd=0.0967 | mom=0.9500 | T=1.5 k=1.0 (mu_rec=2 mu_bwd=1) | grad=47.750 | tok/s=78,018 | tokens=0.02B
step=   520 | loss=5.6652 | lr=3.00e-04 | wd=0.0966 | mom=0.9500 | T=1.5 k=1.0 (mu_rec=2 mu_bwd=1) | grad=53.500 | tok/s=75,411 | tokens=0.02B
step=   530 | loss=5.5436 | lr=3.00e-04 | wd=0.0965 | mom=0.9500 | T=1.5 k=1.0 (mu_rec=2 mu_bwd=1) | grad=79.500 | tok/s=81,391 | tokens=0.02B
step=   540 | loss=5.4914 | lr=3.00e-04 | wd=0.0965 | mom=0.9500 | T=2.2 k=1.0 (mu_rec=2 mu_bwd=1) | grad=38.250 | tok/s=76,728 | tokens=0.02B
step=   550 | loss=5.3213 | lr=3.00e-04 | wd=0.0964 | mom=0.9500 | T=2.0 k=1.0 (mu_rec=2 mu_bwd=1) | grad=53.250 | tok/s=76,384 | tokens=0.02B
step=   560 | loss=5.3772 | lr=3.00e-04 | wd=0.0963 | mom=0.9500 | T=3.0 k=1.0 (mu_rec=2 mu_bwd=1) | grad=55.000 | tok/s=75,555 | tokens=0.02B
step=   570 | loss=5.9046 | lr=3.00e-04 | wd=0.0963 | mom=0.9500 | T=1.8 k=1.0 (mu_rec=2 mu_bwd=1) | grad=42.500 | tok/s=77,832 | tokens=0.02B
step=   580 | loss=5.3969 | lr=3.00e-04 | wd=0.0962 | mom=0.9500 | T=2.8 k=1.0 (mu_rec=2 mu_bwd=1) | grad=43.500 | tok/s=76,496 | tokens=0.02B
step=   590 | loss=5.4660 | lr=3.00e-04 | wd=0.0961 | mom=0.9500 | T=1.5 k=1.0 (mu_rec=2 mu_bwd=1) | grad=55.250 | tok/s=74,595 | tokens=0.02B
step=   600 | loss=5.2452 | lr=3.00e-04 | wd=0.0961 | mom=0.9500 | T=3.0 k=1.0 (mu_rec=2 mu_bwd=1) | grad=57.000 | tok/s=74,403 | tokens=0.02B
step=   610 | loss=5.4147 | lr=3.00e-04 | wd=0.0960 | mom=0.9500 | T=2.5 k=1.0 (mu_rec=2 mu_bwd=1) | grad=50.500 | tok/s=76,969 | tokens=0.02B
step=   620 | loss=5.2434 | lr=3.00e-04 | wd=0.0959 | mom=0.9500 | T=2.0 k=1.0 (mu_rec=2 mu_bwd=1) | grad=83.500 | tok/s=75,320 | tokens=0.02B
step=   630 | loss=4.9894 | lr=3.00e-04 | wd=0.0959 | mom=0.9500 | T=2.2 k=1.0 (mu_rec=2 mu_bwd=1) | grad=49.500 | tok/s=78,515 | tokens=0.02B
step=   640 | loss=5.2817 | lr=3.00e-04 | wd=0.0958 | mom=0.9500 | T=2.0 k=1.0 (mu_rec=2 mu_bwd=1) | grad=60.750 | tok/s=77,061 | tokens=0.02B
step=   650 | loss=5.3075 | lr=3.00e-04 | wd=0.0957 | mom=0.9500 | T=5.5 k=1.0 (mu_rec=2 mu_bwd=1) | grad=33.500 | tok/s=77,786 | tokens=0.02B
step=   660 | loss=5.3818 | lr=3.00e-04 | wd=0.0957 | mom=0.9500 | T=1.2 k=1.0 (mu_rec=2 mu_bwd=1) | grad=93.500 | tok/s=77,566 | tokens=0.02B
step=   670 | loss=5.1860 | lr=3.00e-04 | wd=0.0956 | mom=0.9500 | T=1.5 k=1.0 (mu_rec=2 mu_bwd=1) | grad=68.000 | tok/s=80,093 | tokens=0.02B
step=   680 | loss=5.7297 | lr=3.00e-04 | wd=0.0955 | mom=0.9500 | T=3.0 k=1.0 (mu_rec=2 mu_bwd=1) | grad=37.750 | tok/s=77,031 | tokens=0.02B
step=   690 | loss=5.4333 | lr=3.00e-04 | wd=0.0955 | mom=0.9500 | T=1.2 k=1.0 (mu_rec=2 mu_bwd=1) | grad=52.750 | tok/s=82,131 | tokens=0.02B
step=   700 | loss=5.2019 | lr=3.00e-04 | wd=0.0954 | mom=0.9500 | T=2.5 k=1.0 (mu_rec=2 mu_bwd=1) | grad=29.625 | tok/s=79,737 | tokens=0.02B
step=   710 | loss=5.2954 | lr=3.00e-04 | wd=0.0954 | mom=0.9500 | T=4.0 k=1.0 (mu_rec=2 mu_bwd=1) | grad=35.750 | tok/s=75,649 | tokens=0.02B
step=   720 | loss=5.1497 | lr=3.00e-04 | wd=0.0953 | mom=0.9500 | T=1.8 k=1.0 (mu_rec=2 mu_bwd=1) | grad=28.500 | tok/s=78,533 | tokens=0.02B
step=   730 | loss=5.2742 | lr=3.00e-04 | wd=0.0952 | mom=0.9500 | T=3.0 k=1.0 (mu_rec=2 mu_bwd=1) | grad=34.500 | tok/s=72,061 | tokens=0.02B
step=   740 | loss=5.2793 | lr=3.00e-04 | wd=0.0952 | mom=0.9500 | T=1.5 k=1.0 (mu_rec=2 mu_bwd=1) | grad=45.250 | tok/s=77,123 | tokens=0.02B
step=   750 | loss=5.2427 | lr=3.00e-04 | wd=0.0951 | mom=0.9500 | T=1.0 k=1.0 (mu_rec=2 mu_bwd=1) | grad=78.000 | tok/s=77,246 | tokens=0.02B
step=   760 | loss=5.2094 | lr=3.00e-04 | wd=0.0950 | mom=0.9500 | T=3.5 k=1.0 (mu_rec=2 mu_bwd=1) | grad=56.000 | tok/s=75,758 | tokens=0.02B
step=   770 | loss=5.3161 | lr=3.00e-04 | wd=0.0950 | mom=0.9500 | T=4.5 k=1.0 (mu_rec=2 mu_bwd=1) | grad=45.750 | tok/s=73,085 | tokens=0.03B
step=   780 | loss=5.1942 | lr=3.00e-04 | wd=0.0949 | mom=0.9500 | T=2.5 k=1.0 (mu_rec=2 mu_bwd=1) | grad=69.000 | tok/s=78,264 | tokens=0.03B
step=   790 | loss=5.1064 | lr=3.00e-04 | wd=0.0948 | mom=0.9500 | T=1.8 k=1.0 (mu_rec=2 mu_bwd=1) | grad=58.250 | tok/s=75,489 | tokens=0.03B
step=   800 | loss=5.2568 | lr=3.00e-04 | wd=0.0948 | mom=0.9500 | T=2.8 k=1.0 (mu_rec=2 mu_bwd=1) | grad=81.500 | tok/s=76,131 | tokens=0.03B
step=   810 | loss=4.8136 | lr=3.00e-04 | wd=0.0947 | mom=0.9500 | T=1.0 k=1.0 (mu_rec=2 mu_bwd=1) | grad=84.500 | tok/s=83,288 | tokens=0.03B
step=   820 | loss=5.1801 | lr=3.00e-04 | wd=0.0946 | mom=0.9500 | T=3.0 k=1.8 (mu_rec=3 mu_bwd=2) | grad=170.000 | tok/s=8,881 | tokens=0.03B
step=   830 | loss=5.2739 | lr=3.00e-04 | wd=0.0946 | mom=0.9500 | T=3.0 k=1.2 (mu_rec=3 mu_bwd=2) | grad=130.000 | tok/s=59,295 | tokens=0.03B
step=   840 | loss=5.3423 | lr=3.00e-04 | wd=0.0945 | mom=0.9500 | T=1.5 k=1.5 (mu_rec=3 mu_bwd=2) | grad=932.000 | tok/s=63,892 | tokens=0.03B
step=   850 | loss=5.2207 | lr=3.00e-04 | wd=0.0944 | mom=0.9500 | T=4.2 k=2.0 (mu_rec=3 mu_bwd=2) | grad=190.000 | tok/s=60,170 | tokens=0.03B
step=   860 | loss=5.1977 | lr=3.00e-04 | wd=0.0944 | mom=0.9500 | T=2.5 k=1.5 (mu_rec=3 mu_bwd=2) | grad=217.000 | tok/s=62,975 | tokens=0.03B
step=   870 | loss=5.1701 | lr=3.00e-04 | wd=0.0943 | mom=0.9500 | T=3.2 k=1.8 (mu_rec=3 mu_bwd=2) | grad=243.000 | tok/s=58,321 | tokens=0.03B
step=   880 | loss=5.3452 | lr=3.00e-04 | wd=0.0942 | mom=0.9500 | T=2.5 k=1.5 (mu_rec=3 mu_bwd=2) | grad=178.000 | tok/s=58,019 | tokens=0.03B
step=   890 | loss=5.2001 | lr=3.00e-04 | wd=0.0942 | mom=0.9500 | T=3.2 k=1.5 (mu_rec=3 mu_bwd=2) | grad=74.500 | tok/s=60,008 | tokens=0.03B
step=   900 | loss=5.2094 | lr=3.00e-04 | wd=0.0941 | mom=0.9500 | T=3.2 k=2.0 (mu_rec=3 mu_bwd=2) | grad=162.000 | tok/s=59,110 | tokens=0.03B
step=   910 | loss=5.0123 | lr=3.00e-04 | wd=0.0940 | mom=0.9500 | T=3.2 k=2.0 (mu_rec=3 mu_bwd=2) | grad=153.000 | tok/s=8,925 | tokens=0.03B
step=   920 | loss=5.1599 | lr=3.00e-04 | wd=0.0940 | mom=0.9500 | T=4.5 k=2.0 (mu_rec=3 mu_bwd=2) | grad=95.000 | tok/s=62,253 | tokens=0.03B
step=   930 | loss=5.2052 | lr=3.00e-04 | wd=0.0939 | mom=0.9500 | T=2.8 k=1.5 (mu_rec=3 mu_bwd=2) | grad=66.500 | tok/s=61,841 | tokens=0.03B
step=   940 | loss=5.2639 | lr=3.00e-04 | wd=0.0938 | mom=0.9500 | T=2.5 k=2.0 (mu_rec=3 mu_bwd=2) | grad=116.000 | tok/s=59,186 | tokens=0.03B
step=   950 | loss=5.2408 | lr=3.00e-04 | wd=0.0938 | mom=0.9500 | T=1.8 k=1.5 (mu_rec=3 mu_bwd=2) | grad=334.000 | tok/s=60,516 | tokens=0.03B
step=   960 | loss=5.2203 | lr=3.00e-04 | wd=0.0937 | mom=0.9500 | T=3.8 k=1.8 (mu_rec=3 mu_bwd=2) | grad=53.750 | tok/s=58,367 | tokens=0.03B
step=   970 | loss=5.2629 | lr=3.00e-04 | wd=0.0936 | mom=0.9500 | T=1.5 k=1.2 (mu_rec=3 mu_bwd=2) | grad=121.500 | tok/s=62,378 | tokens=0.03B
step=   980 | loss=5.0007 | lr=3.00e-04 | wd=0.0936 | mom=0.9500 | T=1.8 k=1.8 (mu_rec=3 mu_bwd=2) | grad=242.000 | tok/s=62,116 | tokens=0.03B
step=   990 | loss=5.3689 | lr=3.00e-04 | wd=0.0935 | mom=0.9500 | T=2.2 k=1.8 (mu_rec=3 mu_bwd=2) | grad=121.000 | tok/s=59,838 | tokens=0.03B
step=  1000 | loss=5.1404 | lr=3.00e-04 | wd=0.0935 | mom=0.9500 | T=3.8 k=2.0 (mu_rec=3 mu_bwd=2) | grad=107.500 | tok/s=56,128 | tokens=0.03B
step=  1010 | loss=5.0954 | lr=3.00e-04 | wd=0.0934 | mom=0.9500 | T=1.5 k=1.5 (mu_rec=3 mu_bwd=2) | grad=126.500 | tok/s=58,149 | tokens=0.03B
step=  1020 | loss=4.9967 | lr=3.00e-04 | wd=0.0933 | mom=0.9500 | T=2.2 k=1.8 (mu_rec=3 mu_bwd=2) | grad=107.500 | tok/s=57,316 | tokens=0.03B
step=  1030 | loss=5.1771 | lr=3.00e-04 | wd=0.0933 | mom=0.9500 | T=2.8 k=2.0 (mu_rec=3 mu_bwd=2) | grad=370.000 | tok/s=61,438 | tokens=0.03B
step=  1040 | loss=5.0307 | lr=3.00e-04 | wd=0.0932 | mom=0.9500 | T=2.2 k=1.8 (mu_rec=3 mu_bwd=2) | grad=211.000 | tok/s=64,800 | tokens=0.03B
step=  1050 | loss=5.0629 | lr=3.00e-04 | wd=0.0931 | mom=0.9500 | T=4.0 k=1.8 (mu_rec=3 mu_bwd=2) | grad=196.000 | tok/s=60,634 | tokens=0.03B
step=  1060 | loss=5.3313 | lr=3.00e-04 | wd=0.0931 | mom=0.9500 | T=2.0 k=1.8 (mu_rec=3 mu_bwd=2) | grad=314.000 | tok/s=60,747 | tokens=0.03B
step=  1070 | loss=5.3088 | lr=3.00e-04 | wd=0.0930 | mom=0.9500 | T=2.8 k=2.0 (mu_rec=3 mu_bwd=2) | grad=226.000 | tok/s=57,494 | tokens=0.04B
step=  1080 | loss=5.4818 | lr=3.00e-04 | wd=0.0929 | mom=0.9500 | T=3.2 k=1.8 (mu_rec=3 mu_bwd=2) | grad=141.000 | tok/s=55,631 | tokens=0.04B
step=  1090 | loss=5.3588 | lr=3.00e-04 | wd=0.0929 | mom=0.9500 | T=3.0 k=1.5 (mu_rec=3 mu_bwd=2) | grad=79.000 | tok/s=59,629 | tokens=0.04B
step=  1100 | loss=5.2461 | lr=3.00e-04 | wd=0.0928 | mom=0.9500 | T=2.2 k=1.5 (mu_rec=3 mu_bwd=2) | grad=127.000 | tok/s=61,530 | tokens=0.04B
step=  1110 | loss=4.9392 | lr=3.00e-04 | wd=0.0927 | mom=0.9500 | T=3.2 k=1.2 (mu_rec=3 mu_bwd=2) | grad=84.500 | tok/s=66,106 | tokens=0.04B
step=  1120 | loss=5.0170 | lr=3.00e-04 | wd=0.0927 | mom=0.9500 | T=3.5 k=2.0 (mu_rec=3 mu_bwd=2) | grad=163.000 | tok/s=58,019 | tokens=0.04B
step=  1130 | loss=5.1326 | lr=3.00e-04 | wd=0.0926 | mom=0.9500 | T=2.5 k=1.8 (mu_rec=3 mu_bwd=2) | grad=130.000 | tok/s=58,805 | tokens=0.04B
step=  1140 | loss=4.9742 | lr=3.00e-04 | wd=0.0925 | mom=0.9500 | T=2.0 k=1.8 (mu_rec=3 mu_bwd=2) | grad=310.000 | tok/s=62,662 | tokens=0.04B
step=  1150 | loss=5.3640 | lr=3.00e-04 | wd=0.0925 | mom=0.9500 | T=2.0 k=1.5 (mu_rec=3 mu_bwd=2) | grad=1080.000 | tok/s=60,070 | tokens=0.04B
step=  1160 | loss=5.4732 | lr=3.00e-04 | wd=0.0924 | mom=0.9500 | T=3.8 k=1.8 (mu_rec=3 mu_bwd=2) | grad=209.000 | tok/s=61,154 | tokens=0.04B
step=  1170 | loss=5.1884 | lr=3.00e-04 | wd=0.0923 | mom=0.9500 | T=2.8 k=1.5 (mu_rec=3 mu_bwd=2) | grad=324.000 | tok/s=59,093 | tokens=0.04B
step=  1180 | loss=5.0731 | lr=3.00e-04 | wd=0.0923 | mom=0.9500 | T=5.2 k=1.8 (mu_rec=3 mu_bwd=2) | grad=135.000 | tok/s=60,882 | tokens=0.04B
step=  1190 | loss=5.1583 | lr=3.00e-04 | wd=0.0922 | mom=0.9500 | T=4.0 k=1.5 (mu_rec=3 mu_bwd=2) | grad=93.500 | tok/s=60,037 | tokens=0.04B
step=  1200 | loss=5.2808 | lr=3.00e-04 | wd=0.0921 | mom=0.9500 | T=2.8 k=2.0 (mu_rec=3 mu_bwd=2) | grad=382.000 | tok/s=63,158 | tokens=0.04B
step=  1210 | loss=5.1110 | lr=3.00e-04 | wd=0.0921 | mom=0.9500 | T=4.2 k=2.0 (mu_rec=3 mu_bwd=2) | grad=174.000 | tok/s=57,569 | tokens=0.04B
step=  1220 | loss=5.3372 | lr=3.00e-04 | wd=0.0920 | mom=0.9500 | T=2.0 k=1.2 (mu_rec=3 mu_bwd=2) | grad=95.000 | tok/s=59,341 | tokens=0.04B
step=  1230 | loss=5.2500 | lr=3.00e-04 | wd=0.0919 | mom=0.9500 | T=2.5 k=1.8 (mu_rec=3 mu_bwd=2) | grad=108.000 | tok/s=59,933 | tokens=0.04B
step=  1240 | loss=5.2818 | lr=3.00e-04 | wd=0.0919 | mom=0.9500 | T=4.2 k=1.8 (mu_rec=3 mu_bwd=2) | grad=308.000 | tok/s=58,471 | tokens=0.04B
step=  1250 | loss=5.1713 | lr=3.00e-04 | wd=0.0918 | mom=0.9500 | T=3.2 k=1.8 (mu_rec=3 mu_bwd=2) | grad=135.000 | tok/s=58,849 | tokens=0.04B
step=  1260 | loss=5.1822 | lr=3.00e-04 | wd=0.0917 | mom=0.9500 | T=2.5 k=1.5 (mu_rec=3 mu_bwd=2) | grad=76.500 | tok/s=64,104 | tokens=0.04B
step=  1270 | loss=5.6250 | lr=3.00e-04 | wd=0.0917 | mom=0.9500 | T=3.0 k=1.5 (mu_rec=3 mu_bwd=2) | grad=118.500 | tok/s=59,586 | tokens=0.04B
step=  1280 | loss=5.6807 | lr=3.00e-04 | wd=0.0916 | mom=0.9500 | T=5.0 k=1.8 (mu_rec=3 mu_bwd=2) | grad=54.000 | tok/s=59,214 | tokens=0.04B
step=  1290 | loss=5.2160 | lr=3.00e-04 | wd=0.0916 | mom=0.9500 | T=2.5 k=1.8 (mu_rec=3 mu_bwd=2) | grad=187.000 | tok/s=62,218 | tokens=0.04B
step=  1300 | loss=5.2544 | lr=3.00e-04 | wd=0.0915 | mom=0.9500 | T=2.8 k=2.0 (mu_rec=3 mu_bwd=2) | grad=122.000 | tok/s=61,033 | tokens=0.04B
step=  1310 | loss=5.0866 | lr=3.00e-04 | wd=0.0914 | mom=0.9500 | T=2.2 k=1.5 (mu_rec=3 mu_bwd=2) | grad=98.500 | tok/s=61,560 | tokens=0.04B
step=  1320 | loss=5.0678 | lr=3.00e-04 | wd=0.0914 | mom=0.9500 | T=1.5 k=1.2 (mu_rec=3 mu_bwd=2) | grad=92.000 | tok/s=64,257 | tokens=0.04B
step=  1330 | loss=5.0733 | lr=3.00e-04 | wd=0.0913 | mom=0.9500 | T=2.0 k=1.5 (mu_rec=3 mu_bwd=2) | grad=121.000 | tok/s=59,335 | tokens=0.04B
step=  1340 | loss=5.1294 | lr=3.00e-04 | wd=0.0912 | mom=0.9500 | T=2.5 k=1.5 (mu_rec=3 mu_bwd=2) | grad=129.000 | tok/s=60,944 | tokens=0.04B
step=  1350 | loss=5.1195 | lr=3.00e-04 | wd=0.0912 | mom=0.9500 | T=3.2 k=2.0 (mu_rec=3 mu_bwd=2) | grad=238.000 | tok/s=60,754 | tokens=0.04B
step=  1360 | loss=5.2642 | lr=3.00e-04 | wd=0.0911 | mom=0.9500 | T=4.8 k=2.0 (mu_rec=4 mu_bwd=2) | grad=368.000 | tok/s=58,721 | tokens=0.04B
step=  1370 | loss=5.2567 | lr=3.00e-04 | wd=0.0910 | mom=0.9500 | T=6.0 k=2.0 (mu_rec=4 mu_bwd=2) | grad=75.500 | tok/s=51,664 | tokens=0.04B
step=  1380 | loss=5.4961 | lr=3.00e-04 | wd=0.0910 | mom=0.9500 | T=2.2 k=1.8 (mu_rec=4 mu_bwd=2) | grad=71.500 | tok/s=56,787 | tokens=0.05B
step=  1390 | loss=5.3834 | lr=3.00e-04 | wd=0.0909 | mom=0.9500 | T=3.2 k=1.8 (mu_rec=4 mu_bwd=2) | grad=59.750 | tok/s=56,267 | tokens=0.05B
step=  1400 | loss=5.3946 | lr=3.00e-04 | wd=0.0908 | mom=0.9500 | T=2.8 k=1.2 (mu_rec=4 mu_bwd=2) | grad=68.500 | tok/s=56,711 | tokens=0.05B
step=  1410 | loss=5.1486 | lr=3.00e-04 | wd=0.0908 | mom=0.9500 | T=3.0 k=2.0 (mu_rec=4 mu_bwd=2) | grad=161.000 | tok/s=54,073 | tokens=0.05B
step=  1420 | loss=5.0467 | lr=3.00e-04 | wd=0.0907 | mom=0.9500 | T=5.5 k=1.8 (mu_rec=4 mu_bwd=2) | grad=73.500 | tok/s=55,648 | tokens=0.05B
step=  1430 | loss=5.0221 | lr=3.00e-04 | wd=0.0906 | mom=0.9500 | T=2.2 k=1.5 (mu_rec=4 mu_bwd=2) | grad=134.000 | tok/s=52,301 | tokens=0.05B
step=  1440 | loss=4.8450 | lr=3.00e-04 | wd=0.0906 | mom=0.9500 | T=4.8 k=1.8 (mu_rec=4 mu_bwd=2) | grad=131.000 | tok/s=52,430 | tokens=0.05B
step=  1450 | loss=5.4475 | lr=3.00e-04 | wd=0.0905 | mom=0.9500 | T=5.5 k=2.0 (mu_rec=4 mu_bwd=2) | grad=143.000 | tok/s=54,566 | tokens=0.05B
step=  1460 | loss=5.1437 | lr=3.00e-04 | wd=0.0904 | mom=0.9500 | T=2.8 k=1.5 (mu_rec=4 mu_bwd=2) | grad=139.000 | tok/s=56,978 | tokens=0.05B
step=  1470 | loss=5.1538 | lr=3.00e-04 | wd=0.0904 | mom=0.9500 | T=5.0 k=2.0 (mu_rec=4 mu_bwd=2) | grad=280.000 | tok/s=53,581 | tokens=0.05B
step=  1480 | loss=5.1233 | lr=3.00e-04 | wd=0.0903 | mom=0.9500 | T=1.2 k=1.2 (mu_rec=4 mu_bwd=2) | grad=159.000 | tok/s=60,430 | tokens=0.05B
step=  1490 | loss=5.3109 | lr=3.00e-04 | wd=0.0902 | mom=0.9500 | T=3.5 k=2.0 (mu_rec=4 mu_bwd=2) | grad=90.500 | tok/s=55,920 | tokens=0.05B
step=  1500 | loss=5.0603 | lr=3.00e-04 | wd=0.0902 | mom=0.9500 | T=7.2 k=2.0 (mu_rec=4 mu_bwd=2) | grad=105.000 | tok/s=54,534 | tokens=0.05B
step=  1510 | loss=5.1358 | lr=3.00e-04 | wd=0.0901 | mom=0.9500 | T=2.8 k=1.8 (mu_rec=4 mu_bwd=2) | grad=157.000 | tok/s=57,461 | tokens=0.05B
step=  1520 | loss=5.4723 | lr=3.00e-04 | wd=0.0900 | mom=0.9500 | T=2.8 k=1.5 (mu_rec=4 mu_bwd=2) | grad=185.000 | tok/s=55,564 | tokens=0.05B
step=  1530 | loss=5.1834 | lr=3.00e-04 | wd=0.0900 | mom=0.9500 | T=5.8 k=2.0 (mu_rec=4 mu_bwd=2) | grad=99.500 | tok/s=56,685 | tokens=0.05B
step=  1540 | loss=4.9943 | lr=3.00e-04 | wd=0.0899 | mom=0.9500 | T=5.0 k=2.0 (mu_rec=4 mu_bwd=2) | grad=69.000 | tok/s=55,038 | tokens=0.05B
step=  1550 | loss=4.9793 | lr=3.00e-04 | wd=0.0898 | mom=0.9500 | T=5.5 k=2.0 (mu_rec=4 mu_bwd=2) | grad=116.000 | tok/s=52,380 | tokens=0.05B
step=  1560 | loss=5.2143 | lr=3.00e-04 | wd=0.0898 | mom=0.9500 | T=3.0 k=1.8 (mu_rec=4 mu_bwd=2) | grad=138.000 | tok/s=56,988 | tokens=0.05B
step=  1570 | loss=5.3220 | lr=3.00e-04 | wd=0.0897 | mom=0.9500 | T=2.8 k=1.8 (mu_rec=4 mu_bwd=2) | grad=255.000 | tok/s=54,252 | tokens=0.05B
step=  1580 | loss=5.2501 | lr=3.00e-04 | wd=0.0897 | mom=0.9500 | T=1.0 k=1.0 (mu_rec=4 mu_bwd=2) | grad=122.000 | tok/s=55,643 | tokens=0.05B
step=  1590 | loss=5.0998 | lr=3.00e-04 | wd=0.0896 | mom=0.9500 | T=4.0 k=1.8 (mu_rec=4 mu_bwd=2) | grad=97.500 | tok/s=52,059 | tokens=0.05B
step=  1600 | loss=5.4205 | lr=3.00e-04 | wd=0.0895 | mom=0.9500 | T=4.2 k=2.0 (mu_rec=4 mu_bwd=2) | grad=66.500 | tok/s=53,681 | tokens=0.05B
step=  1610 | loss=5.2699 | lr=3.00e-04 | wd=0.0895 | mom=0.9500 | T=4.0 k=2.0 (mu_rec=4 mu_bwd=2) | grad=74.000 | tok/s=55,764 | tokens=0.05B
step=  1620 | loss=5.2988 | lr=3.00e-04 | wd=0.0894 | mom=0.9500 | T=4.2 k=1.8 (mu_rec=4 mu_bwd=2) | grad=104.500 | tok/s=57,186 | tokens=0.05B
step=  1630 | loss=5.2945 | lr=3.00e-04 | wd=0.0893 | mom=0.9500 | T=4.2 k=1.8 (mu_rec=4 mu_bwd=2) | grad=276.000 | tok/s=57,898 | tokens=0.05B
step=  1640 | loss=5.3094 | lr=3.00e-04 | wd=0.0893 | mom=0.9500 | T=2.5 k=1.8 (mu_rec=4 mu_bwd=2) | grad=116.500 | tok/s=57,197 | tokens=0.05B
step=  1650 | loss=5.3395 | lr=3.00e-04 | wd=0.0892 | mom=0.9500 | T=4.0 k=2.0 (mu_rec=4 mu_bwd=2) | grad=868.000 | tok/s=54,455 | tokens=0.05B
step=  1660 | loss=5.0298 | lr=3.00e-04 | wd=0.0891 | mom=0.9500 | T=4.0 k=2.0 (mu_rec=4 mu_bwd=2) | grad=54.750 | tok/s=55,251 | tokens=0.05B
step=  1670 | loss=5.3316 | lr=3.00e-04 | wd=0.0891 | mom=0.9500 | T=3.0 k=1.8 (mu_rec=4 mu_bwd=2) | grad=113.000 | tok/s=57,725 | tokens=0.05B
step=  1680 | loss=5.3025 | lr=3.00e-04 | wd=0.0890 | mom=0.9500 | T=3.5 k=2.0 (mu_rec=4 mu_bwd=2) | grad=356.000 | tok/s=52,742 | tokens=0.06B
step=  1690 | loss=5.1872 | lr=3.00e-04 | wd=0.0889 | mom=0.9500 | T=2.2 k=1.5 (mu_rec=4 mu_bwd=2) | grad=153.000 | tok/s=54,427 | tokens=0.06B
step=  1700 | loss=5.2780 | lr=3.00e-04 | wd=0.0889 | mom=0.9500 | T=3.0 k=1.8 (mu_rec=4 mu_bwd=2) | grad=106.000 | tok/s=8,906 | tokens=0.06B
step=  1710 | loss=5.2087 | lr=3.00e-04 | wd=0.0888 | mom=0.9500 | T=4.2 k=2.0 (mu_rec=4 mu_bwd=2) | grad=174.000 | tok/s=56,036 | tokens=0.06B
step=  1720 | loss=5.1321 | lr=3.00e-04 | wd=0.0887 | mom=0.9500 | T=5.0 k=2.0 (mu_rec=4 mu_bwd=2) | grad=130.000 | tok/s=54,149 | tokens=0.06B
step=  1730 | loss=4.9616 | lr=3.00e-04 | wd=0.0887 | mom=0.9500 | T=4.0 k=1.8 (mu_rec=4 mu_bwd=2) | grad=292.000 | tok/s=52,555 | tokens=0.06B
step=  1740 | loss=5.1284 | lr=3.00e-04 | wd=0.0886 | mom=0.9500 | T=6.8 k=1.8 (mu_rec=4 mu_bwd=2) | grad=135.000 | tok/s=56,653 | tokens=0.06B
step=  1750 | loss=5.2327 | lr=3.00e-04 | wd=0.0885 | mom=0.9500 | T=9.5 k=1.8 (mu_rec=4 mu_bwd=2) | grad=141.000 | tok/s=8,980 | tokens=0.06B
step=  1760 | loss=5.2892 | lr=3.00e-04 | wd=0.0885 | mom=0.9500 | T=3.5 k=2.0 (mu_rec=4 mu_bwd=2) | grad=146.000 | tok/s=58,026 | tokens=0.06B
step=  1770 | loss=5.3228 | lr=3.00e-04 | wd=0.0884 | mom=0.9500 | T=5.2 k=1.8 (mu_rec=4 mu_bwd=2) | grad=111.500 | tok/s=57,102 | tokens=0.06B
step=  1780 | loss=5.4770 | lr=3.00e-04 | wd=0.0883 | mom=0.9500 | T=2.5 k=1.8 (mu_rec=4 mu_bwd=2) | grad=178.000 | tok/s=52,938 | tokens=0.06B
step=  1790 | loss=5.3045 | lr=3.00e-04 | wd=0.0883 | mom=0.9500 | T=4.0 k=1.8 (mu_rec=4 mu_bwd=2) | grad=92.000 | tok/s=53,119 | tokens=0.06B
step=  1800 | loss=5.2698 | lr=3.00e-04 | wd=0.0882 | mom=0.9500 | T=2.2 k=1.8 (mu_rec=4 mu_bwd=2) | grad=312.000 | tok/s=56,832 | tokens=0.06B
step=  1810 | loss=5.1259 | lr=3.00e-04 | wd=0.0881 | mom=0.9500 | T=5.0 k=2.0 (mu_rec=4 mu_bwd=2) | grad=84.000 | tok/s=51,977 | tokens=0.06B
step=  1820 | loss=5.4009 | lr=3.00e-04 | wd=0.0881 | mom=0.9500 | T=5.8 k=2.0 (mu_rec=4 mu_bwd=2) | grad=205.000 | tok/s=53,446 | tokens=0.06B
step=  1830 | loss=5.3219 | lr=3.00e-04 | wd=0.0880 | mom=0.9500 | T=5.8 k=2.0 (mu_rec=4 mu_bwd=2) | grad=208.000 | tok/s=54,745 | tokens=0.06B
step=  1840 | loss=5.6014 | lr=3.00e-04 | wd=0.0879 | mom=0.9500 | T=5.0 k=2.0 (mu_rec=4 mu_bwd=2) | grad=464.000 | tok/s=51,557 | tokens=0.06B
step=  1850 | loss=5.3418 | lr=3.00e-04 | wd=0.0879 | mom=0.9500 | T=3.0 k=1.8 (mu_rec=4 mu_bwd=2) | grad=123.000 | tok/s=57,650 | tokens=0.06B
step=  1860 | loss=5.2788 | lr=3.00e-04 | wd=0.0878 | mom=0.9500 | T=4.8 k=1.8 (mu_rec=4 mu_bwd=2) | grad=200.000 | tok/s=53,709 | tokens=0.06B
step=  1870 | loss=5.3944 | lr=3.00e-04 | wd=0.0878 | mom=0.9500 | T=3.8 k=1.8 (mu_rec=4 mu_bwd=2) | grad=90.500 | tok/s=55,155 | tokens=0.06B
step=  1880 | loss=5.3874 | lr=3.00e-04 | wd=0.0877 | mom=0.9500 | T=3.2 k=1.5 (mu_rec=4 mu_bwd=2) | grad=164.000 | tok/s=58,236 | tokens=0.06B
step=  1890 | loss=4.6439 | lr=3.00e-04 | wd=0.0876 | mom=0.9500 | T=3.0 k=1.8 (mu_rec=4 mu_bwd=2) | grad=119.500 | tok/s=55,156 | tokens=0.06B
step=  1900 | loss=4.8134 | lr=3.00e-04 | wd=0.0876 | mom=0.9500 | T=3.2 k=2.0 (mu_rec=4 mu_bwd=2) | grad=294.000 | tok/s=52,434 | tokens=0.06B
step=  1910 | loss=5.2856 | lr=3.00e-04 | wd=0.0875 | mom=0.9500 | T=3.8 k=2.5 (mu_rec=5 mu_bwd=3) | grad=312.000 | tok/s=46,708 | tokens=0.06B
step=  1920 | loss=5.5358 | lr=3.00e-04 | wd=0.0874 | mom=0.9500 | T=4.0 k=2.8 (mu_rec=5 mu_bwd=3) | grad=600.000 | tok/s=49,326 | tokens=0.06B
step=  1930 | loss=5.3872 | lr=3.00e-04 | wd=0.0874 | mom=0.9500 | T=6.0 k=3.0 (mu_rec=5 mu_bwd=3) | grad=1072.000 | tok/s=47,247 | tokens=0.06B
step=  1940 | loss=5.2997 | lr=3.00e-04 | wd=0.0873 | mom=0.9500 | T=5.2 k=3.0 (mu_rec=5 mu_bwd=3) | grad=2080.000 | tok/s=45,116 | tokens=0.06B
step=  1950 | loss=5.4705 | lr=3.00e-04 | wd=0.0872 | mom=0.9500 | T=3.2 k=2.5 (mu_rec=5 mu_bwd=3) | grad=1024.000 | tok/s=47,811 | tokens=0.06B
step=  1960 | loss=5.4768 | lr=3.00e-04 | wd=0.0872 | mom=0.9500 | T=4.2 k=2.5 (mu_rec=5 mu_bwd=3) | grad=484.000 | tok/s=46,756 | tokens=0.06B
step=  1970 | loss=5.7330 | lr=3.00e-04 | wd=0.0871 | mom=0.9500 | T=7.0 k=2.5 (mu_rec=5 mu_bwd=3) | grad=656.000 | tok/s=43,031 | tokens=0.06B
step=  1980 | loss=5.5763 | lr=3.00e-04 | wd=0.0870 | mom=0.9500 | T=4.8 k=2.5 (mu_rec=5 mu_bwd=3) | grad=1144.000 | tok/s=46,040 | tokens=0.06B
step=  1990 | loss=5.6703 | lr=3.00e-04 | wd=0.0870 | mom=0.9500 | T=5.2 k=2.8 (mu_rec=5 mu_bwd=3) | grad=1216.000 | tok/s=45,693 | tokens=0.07B
step=  2000 | loss=5.7768 | lr=3.00e-04 | wd=0.0869 | mom=0.9500 | T=4.2 k=2.2 (mu_rec=5 mu_bwd=3) | grad=548.000 | tok/s=43,787 | tokens=0.07B
[step 2000] Saved -> runs/retrofit-verify/checkpoint_0002000
step=  2010 | loss=5.8113 | lr=3.00e-04 | wd=0.0868 | mom=0.9500 | T=6.2 k=2.5 (mu_rec=5 mu_bwd=3) | grad=476.000 | tok/s=38,102 | tokens=0.07B
step=  2020 | loss=5.6636 | lr=3.00e-04 | wd=0.0868 | mom=0.9500 | T=6.8 k=3.0 (mu_rec=5 mu_bwd=3) | grad=1408.000 | tok/s=47,515 | tokens=0.07B
step=  2030 | loss=6.1350 | lr=3.00e-04 | wd=0.0867 | mom=0.9500 | T=5.0 k=2.5 (mu_rec=5 mu_bwd=3) | grad=324.000 | tok/s=48,194 | tokens=0.07B
step=  2040 | loss=5.6665 | lr=3.00e-04 | wd=0.0866 | mom=0.9500 | T=5.2 k=3.0 (mu_rec=5 mu_bwd=3) | grad=1408.000 | tok/s=46,218 | tokens=0.07B
step=  2050 | loss=5.8409 | lr=3.00e-04 | wd=0.0866 | mom=0.9500 | T=5.0 k=3.0 (mu_rec=5 mu_bwd=3) | grad=528.000 | tok/s=44,634 | tokens=0.07B
step=  2060 | loss=5.8577 | lr=3.00e-04 | wd=0.0865 | mom=0.9500 | T=3.5 k=2.0 (mu_rec=5 mu_bwd=3) | grad=394.000 | tok/s=44,303 | tokens=0.07B
step=  2070 | loss=5.9098 | lr=3.00e-04 | wd=0.0864 | mom=0.9500 | T=2.8 k=2.0 (mu_rec=5 mu_bwd=3) | grad=274.000 | tok/s=47,130 | tokens=0.07B
step=  2080 | loss=5.7783 | lr=3.00e-04 | wd=0.0864 | mom=0.9500 | T=6.0 k=2.5 (mu_rec=5 mu_bwd=3) | grad=376.000 | tok/s=45,975 | tokens=0.07B
step=  2090 | loss=5.6413 | lr=3.00e-04 | wd=0.0863 | mom=0.9500 | T=4.2 k=2.5 (mu_rec=5 mu_bwd=3) | grad=344.000 | tok/s=43,678 | tokens=0.07B
step=  2100 | loss=5.8166 | lr=3.00e-04 | wd=0.0862 | mom=0.9500 | T=1.8 k=1.8 (mu_rec=5 mu_bwd=3) | grad=282.000 | tok/s=45,188 | tokens=0.07B
step=  2110 | loss=5.5838 | lr=3.00e-04 | wd=0.0862 | mom=0.9500 | T=7.8 k=3.0 (mu_rec=5 mu_bwd=3) | grad=210.000 | tok/s=43,399 | tokens=0.07B
step=  2120 | loss=5.5052 | lr=3.00e-04 | wd=0.0861 | mom=0.9500 | T=4.8 k=2.8 (mu_rec=5 mu_bwd=3) | grad=440.000 | tok/s=46,755 | tokens=0.07B
step=  2130 | loss=5.5935 | lr=3.00e-04 | wd=0.0860 | mom=0.9500 | T=3.8 k=3.0 (mu_rec=5 mu_bwd=3) | grad=350.000 | tok/s=44,548 | tokens=0.07B
step=  2140 | loss=5.5247 | lr=3.00e-04 | wd=0.0860 | mom=0.9500 | T=6.0 k=3.0 (mu_rec=5 mu_bwd=3) | grad=612.000 | tok/s=44,327 | tokens=0.07B
step=  2150 | loss=5.7084 | lr=3.00e-04 | wd=0.0859 | mom=0.9500 | T=5.8 k=2.5 (mu_rec=5 mu_bwd=3) | grad=2032.000 | tok/s=46,830 | tokens=0.07B
step=  2160 | loss=5.6013 | lr=3.00e-04 | wd=0.0859 | mom=0.9500 | T=5.2 k=3.0 (mu_rec=5 mu_bwd=3) | grad=744.000 | tok/s=45,232 | tokens=0.07B
step=  2170 | loss=5.5077 | lr=3.00e-04 | wd=0.0858 | mom=0.9500 | T=4.0 k=2.5 (mu_rec=5 mu_bwd=3) | grad=332.000 | tok/s=45,912 | tokens=0.07B
step=  2180 | loss=5.6815 | lr=3.00e-04 | wd=0.0857 | mom=0.9500 | T=3.8 k=2.8 (mu_rec=5 mu_bwd=3) | grad=640.000 | tok/s=42,840 | tokens=0.07B
step=  2190 | loss=5.6720 | lr=3.00e-04 | wd=0.0857 | mom=0.9500 | T=4.5 k=2.5 (mu_rec=5 mu_bwd=3) | grad=980.000 | tok/s=43,959 | tokens=0.07B
step=  2200 | loss=5.5716 | lr=3.00e-04 | wd=0.0856 | mom=0.9500 | T=3.5 k=2.8 (mu_rec=5 mu_bwd=3) | grad=524.000 | tok/s=48,577 | tokens=0.07B
step=  2210 | loss=5.7594 | lr=3.00e-04 | wd=0.0855 | mom=0.9500 | T=3.5 k=2.8 (mu_rec=5 mu_bwd=3) | grad=502.000 | tok/s=48,291 | tokens=0.07B
step=  2220 | loss=5.2452 | lr=3.00e-04 | wd=0.0855 | mom=0.9500 | T=4.5 k=2.2 (mu_rec=5 mu_bwd=3) | grad=278.000 | tok/s=43,376 | tokens=0.07B
step=  2230 | loss=5.4957 | lr=3.00e-04 | wd=0.0854 | mom=0.9500 | T=7.8 k=3.0 (mu_rec=5 mu_bwd=3) | grad=588.000 | tok/s=43,724 | tokens=0.07B
step=  2240 | loss=5.5546 | lr=3.00e-04 | wd=0.0853 | mom=0.9500 | T=5.2 k=2.5 (mu_rec=5 mu_bwd=3) | grad=396.000 | tok/s=47,368 | tokens=0.07B
step=  2250 | loss=5.7186 | lr=3.00e-04 | wd=0.0853 | mom=0.9500 | T=2.8 k=2.5 (mu_rec=5 mu_bwd=3) | grad=608.000 | tok/s=47,156 | tokens=0.07B
step=  2260 | loss=5.8046 | lr=3.00e-04 | wd=0.0852 | mom=0.9500 | T=1.5 k=1.5 (mu_rec=5 mu_bwd=3) | grad=310.000 | tok/s=46,487 | tokens=0.07B
step=  2270 | loss=5.7019 | lr=3.00e-04 | wd=0.0851 | mom=0.9500 | T=9.2 k=3.0 (mu_rec=5 mu_bwd=3) | grad=784.000 | tok/s=45,448 | tokens=0.07B
step=  2280 | loss=5.8531 | lr=3.00e-04 | wd=0.0851 | mom=0.9500 | T=4.5 k=2.8 (mu_rec=5 mu_bwd=3) | grad=876.000 | tok/s=45,201 | tokens=0.07B
step=  2290 | loss=5.7968 | lr=3.00e-04 | wd=0.0850 | mom=0.9500 | T=3.2 k=2.0 (mu_rec=5 mu_bwd=3) | grad=430.000 | tok/s=47,032 | tokens=0.08B
step=  2300 | loss=5.9314 | lr=3.00e-04 | wd=0.0849 | mom=0.9500 | T=9.8 k=3.0 (mu_rec=5 mu_bwd=3) | grad=584.000 | tok/s=46,847 | tokens=0.08B
step=  2310 | loss=5.8059 | lr=3.00e-04 | wd=0.0849 | mom=0.9500 | T=4.8 k=2.8 (mu_rec=5 mu_bwd=3) | grad=258.000 | tok/s=45,861 | tokens=0.08B
step=  2320 | loss=5.6988 | lr=3.00e-04 | wd=0.0848 | mom=0.9500 | T=6.5 k=3.0 (mu_rec=5 mu_bwd=3) | grad=230.000 | tok/s=43,708 | tokens=0.08B
step=  2330 | loss=5.6891 | lr=3.00e-04 | wd=0.0847 | mom=0.9500 | T=5.5 k=2.2 (mu_rec=5 mu_bwd=3) | grad=224.000 | tok/s=45,138 | tokens=0.08B
step=  2340 | loss=5.7461 | lr=3.00e-04 | wd=0.0847 | mom=0.9500 | T=6.8 k=3.0 (mu_rec=5 mu_bwd=3) | grad=676.000 | tok/s=43,567 | tokens=0.08B
step=  2350 | loss=5.6612 | lr=3.00e-04 | wd=0.0846 | mom=0.9500 | T=5.0 k=3.0 (mu_rec=5 mu_bwd=3) | grad=185.000 | tok/s=46,847 | tokens=0.08B
step=  2360 | loss=5.5272 | lr=3.00e-04 | wd=0.0845 | mom=0.9500 | T=4.2 k=2.5 (mu_rec=5 mu_bwd=3) | grad=137.000 | tok/s=43,930 | tokens=0.08B
step=  2370 | loss=5.5741 | lr=3.00e-04 | wd=0.0845 | mom=0.9500 | T=6.5 k=3.0 (mu_rec=5 mu_bwd=3) | grad=117.500 | tok/s=44,699 | tokens=0.08B
step=  2380 | loss=5.5302 | lr=3.00e-04 | wd=0.0844 | mom=0.9500 | T=3.0 k=2.2 (mu_rec=5 mu_bwd=3) | grad=308.000 | tok/s=43,575 | tokens=0.08B
step=  2390 | loss=5.3698 | lr=3.00e-04 | wd=0.0843 | mom=0.9500 | T=4.0 k=2.5 (mu_rec=5 mu_bwd=3) | grad=217.000 | tok/s=46,726 | tokens=0.08B
step=  2400 | loss=5.5925 | lr=3.00e-04 | wd=0.0843 | mom=0.9500 | T=3.0 k=2.0 (mu_rec=5 mu_bwd=3) | grad=147.000 | tok/s=44,516 | tokens=0.08B
step=  2410 | loss=5.4669 | lr=3.00e-04 | wd=0.0842 | mom=0.9500 | T=10.8 k=3.0 (mu_rec=5 mu_bwd=3) | grad=696.000 | tok/s=42,056 | tokens=0.08B
step=  2420 | loss=5.8172 | lr=3.00e-04 | wd=0.0841 | mom=0.9500 | T=4.5 k=2.0 (mu_rec=5 mu_bwd=3) | grad=384.000 | tok/s=47,838 | tokens=0.08B
step=  2430 | loss=5.6258 | lr=3.00e-04 | wd=0.0841 | mom=0.9500 | T=3.0 k=2.2 (mu_rec=5 mu_bwd=3) | grad=936.000 | tok/s=50,793 | tokens=0.08B
step=  2440 | loss=5.7193 | lr=3.00e-04 | wd=0.0840 | mom=0.9500 | T=3.0 k=2.5 (mu_rec=5 mu_bwd=3) | grad=912.000 | tok/s=45,585 | tokens=0.08B
step=  2450 | loss=5.6729 | lr=3.00e-04 | wd=0.0839 | mom=0.9500 | T=4.5 k=2.5 (mu_rec=6 mu_bwd=3) | grad=494.000 | tok/s=42,474 | tokens=0.08B
step=  2460 | loss=5.6095 | lr=3.00e-04 | wd=0.0839 | mom=0.9500 | T=6.5 k=2.5 (mu_rec=6 mu_bwd=3) | grad=588.000 | tok/s=39,292 | tokens=0.08B
step=  2470 | loss=5.5564 | lr=3.00e-04 | wd=0.0838 | mom=0.9500 | T=4.8 k=2.5 (mu_rec=6 mu_bwd=3) | grad=700.000 | tok/s=43,166 | tokens=0.08B
step=  2480 | loss=5.5630 | lr=3.00e-04 | wd=0.0838 | mom=0.9500 | T=5.5 k=2.8 (mu_rec=6 mu_bwd=3) | grad=580.000 | tok/s=41,832 | tokens=0.08B
step=  2490 | loss=5.5588 | lr=3.00e-04 | wd=0.0837 | mom=0.9500 | T=7.2 k=2.8 (mu_rec=6 mu_bwd=3) | grad=600.000 | tok/s=41,587 | tokens=0.08B
step=  2500 | loss=5.5732 | lr=3.00e-04 | wd=0.0836 | mom=0.9500 | T=5.8 k=3.0 (mu_rec=6 mu_bwd=3) | grad=3120.000 | tok/s=42,114 | tokens=0.08B
step=  2510 | loss=5.6768 | lr=3.00e-04 | wd=0.0836 | mom=0.9500 | T=7.8 k=3.0 (mu_rec=6 mu_bwd=3) | grad=250.000 | tok/s=44,040 | tokens=0.08B
step=  2520 | loss=5.5295 | lr=3.00e-04 | wd=0.0835 | mom=0.9500 | T=4.8 k=2.5 (mu_rec=6 mu_bwd=3) | grad=604.000 | tok/s=39,667 | tokens=0.08B
step=  2530 | loss=5.3777 | lr=3.00e-04 | wd=0.0834 | mom=0.9500 | T=7.2 k=2.8 (mu_rec=6 mu_bwd=3) | grad=2720.000 | tok/s=42,121 | tokens=0.08B
step=  2540 | loss=5.6438 | lr=3.00e-04 | wd=0.0834 | mom=0.9500 | T=8.8 k=3.0 (mu_rec=6 mu_bwd=3) | grad=406.000 | tok/s=43,539 | tokens=0.08B
step=  2550 | loss=5.6535 | lr=3.00e-04 | wd=0.0833 | mom=0.9500 | T=4.2 k=2.5 (mu_rec=6 mu_bwd=3) | grad=251.000 | tok/s=43,768 | tokens=0.08B
step=  2560 | loss=5.7801 | lr=3.00e-04 | wd=0.0832 | mom=0.9500 | T=4.0 k=2.8 (mu_rec=6 mu_bwd=3) | grad=298.000 | tok/s=8,617 | tokens=0.08B
step=  2570 | loss=6.1582 | lr=3.00e-04 | wd=0.0832 | mom=0.9500 | T=4.2 k=2.0 (mu_rec=6 mu_bwd=3) | grad=219.000 | tok/s=38,910 | tokens=0.08B
step=  2580 | loss=5.9298 | lr=3.00e-04 | wd=0.0831 | mom=0.9500 | T=6.5 k=2.5 (mu_rec=6 mu_bwd=3) | grad=248.000 | tok/s=44,649 | tokens=0.08B
step=  2590 | loss=6.0918 | lr=3.00e-04 | wd=0.0830 | mom=0.9500 | T=4.5 k=3.0 (mu_rec=6 mu_bwd=3) | grad=6176.000 | tok/s=41,108 | tokens=0.08B
step=  2600 | loss=5.8514 | lr=3.00e-04 | wd=0.0830 | mom=0.9500 | T=4.8 k=2.8 (mu_rec=6 mu_bwd=3) | grad=414.000 | tok/s=44,474 | tokens=0.09B
step=  2610 | loss=5.8610 | lr=3.00e-04 | wd=0.0829 | mom=0.9500 | T=4.8 k=3.0 (mu_rec=6 mu_bwd=3) | grad=1808.000 | tok/s=42,108 | tokens=0.09B
step=  2620 | loss=5.8509 | lr=3.00e-04 | wd=0.0828 | mom=0.9500 | T=9.5 k=3.0 (mu_rec=6 mu_bwd=3) | grad=272.000 | tok/s=42,951 | tokens=0.09B
step=  2630 | loss=5.8910 | lr=3.00e-04 | wd=0.0828 | mom=0.9500 | T=11.8 k=2.8 (mu_rec=6 mu_bwd=3) | grad=280.000 | tok/s=39,534 | tokens=0.09B
step=  2640 | loss=5.8321 | lr=3.00e-04 | wd=0.0827 | mom=0.9500 | T=4.2 k=3.0 (mu_rec=6 mu_bwd=3) | grad=382.000 | tok/s=40,254 | tokens=0.09B
step=  2650 | loss=5.8636 | lr=3.00e-04 | wd=0.0826 | mom=0.9500 | T=9.5 k=3.0 (mu_rec=6 mu_bwd=3) | grad=232.000 | tok/s=39,198 | tokens=0.09B
step=  2660 | loss=5.6070 | lr=3.00e-04 | wd=0.0826 | mom=0.9500 | T=6.8 k=2.5 (mu_rec=6 mu_bwd=3) | grad=145.000 | tok/s=42,728 | tokens=0.09B
step=  2670 | loss=5.9166 | lr=3.00e-04 | wd=0.0825 | mom=0.9500 | T=6.2 k=2.5 (mu_rec=6 mu_bwd=3) | grad=190.000 | tok/s=42,878 | tokens=0.09B
step=  2680 | loss=5.7891 | lr=3.00e-04 | wd=0.0824 | mom=0.9500 | T=6.5 k=3.0 (mu_rec=6 mu_bwd=3) | grad=207.000 | tok/s=41,766 | tokens=0.09B
step=  2690 | loss=5.7533 | lr=3.00e-04 | wd=0.0824 | mom=0.9500 | T=3.5 k=2.0 (mu_rec=6 mu_bwd=3) | grad=152.000 | tok/s=41,603 | tokens=0.09B
step=  2700 | loss=5.6323 | lr=3.00e-04 | wd=0.0823 | mom=0.9500 | T=5.2 k=3.0 (mu_rec=6 mu_bwd=3) | grad=544.000 | tok/s=40,044 | tokens=0.09B
step=  2710 | loss=5.6429 | lr=3.00e-04 | wd=0.0822 | mom=0.9500 | T=6.5 k=3.0 (mu_rec=6 mu_bwd=3) | grad=360.000 | tok/s=41,246 | tokens=0.09B
step=  2720 | loss=5.7496 | lr=3.00e-04 | wd=0.0822 | mom=0.9500 | T=5.5 k=3.0 (mu_rec=6 mu_bwd=3) | grad=426.000 | tok/s=40,757 | tokens=0.09B
step=  2730 | loss=5.6869 | lr=3.00e-04 | wd=0.0821 | mom=0.9500 | T=6.2 k=2.8 (mu_rec=6 mu_bwd=3) | grad=692.000 | tok/s=40,805 | tokens=0.09B
step=  2740 | loss=5.5707 | lr=3.00e-04 | wd=0.0820 | mom=0.9500 | T=7.2 k=2.8 (mu_rec=6 mu_bwd=3) | grad=394.000 | tok/s=40,547 | tokens=0.09B
step=  2750 | loss=5.5759 | lr=3.00e-04 | wd=0.0820 | mom=0.9500 | T=5.0 k=2.8 (mu_rec=6 mu_bwd=3) | grad=676.000 | tok/s=43,907 | tokens=0.09B
step=  2760 | loss=5.8072 | lr=3.00e-04 | wd=0.0819 | mom=0.9500 | T=4.8 k=2.5 (mu_rec=6 mu_bwd=3) | grad=1872.000 | tok/s=45,942 | tokens=0.09B
step=  2770 | loss=5.7122 | lr=3.00e-04 | wd=0.0819 | mom=0.9500 | T=6.2 k=2.5 (mu_rec=6 mu_bwd=3) | grad=472.000 | tok/s=41,597 | tokens=0.09B
step=  2780 | loss=5.7132 | lr=3.00e-04 | wd=0.0818 | mom=0.9500 | T=4.5 k=2.5 (mu_rec=6 mu_bwd=3) | grad=314.000 | tok/s=38,467 | tokens=0.09B
step=  2790 | loss=5.9304 | lr=3.00e-04 | wd=0.0817 | mom=0.9500 | T=5.0 k=2.2 (mu_rec=6 mu_bwd=3) | grad=9920.000 | tok/s=43,883 | tokens=0.09B
step=  2800 | loss=5.8667 | lr=3.00e-04 | wd=0.0817 | mom=0.9500 | T=4.8 k=2.5 (mu_rec=6 mu_bwd=3) | grad=1112.000 | tok/s=42,242 | tokens=0.09B
step=  2810 | loss=5.6505 | lr=3.00e-04 | wd=0.0816 | mom=0.9500 | T=6.5 k=3.0 (mu_rec=6 mu_bwd=3) | grad=972.000 | tok/s=41,438 | tokens=0.09B
step=  2820 | loss=5.7213 | lr=3.00e-04 | wd=0.0815 | mom=0.9500 | T=5.5 k=3.0 (mu_rec=6 mu_bwd=3) | grad=272.000 | tok/s=44,488 | tokens=0.09B
step=  2830 | loss=5.7051 | lr=3.00e-04 | wd=0.0815 | mom=0.9500 | T=6.5 k=2.8 (mu_rec=6 mu_bwd=3) | grad=712.000 | tok/s=39,253 | tokens=0.09B
step=  2840 | loss=5.7022 | lr=3.00e-04 | wd=0.0814 | mom=0.9500 | T=5.2 k=2.8 (mu_rec=6 mu_bwd=3) | grad=444.000 | tok/s=42,856 | tokens=0.09B
step=  2850 | loss=5.7469 | lr=3.00e-04 | wd=0.0813 | mom=0.9500 | T=5.2 k=2.5 (mu_rec=6 mu_bwd=3) | grad=206.000 | tok/s=41,089 | tokens=0.09B
step=  2860 | loss=5.9613 | lr=3.00e-04 | wd=0.0813 | mom=0.9500 | T=6.0 k=2.8 (mu_rec=6 mu_bwd=3) | grad=248.000 | tok/s=42,936 | tokens=0.09B
step=  2870 | loss=6.1011 | lr=3.00e-04 | wd=0.0812 | mom=0.9500 | T=6.8 k=3.0 (mu_rec=6 mu_bwd=3) | grad=426.000 | tok/s=41,190 | tokens=0.09B
step=  2880 | loss=5.8749 | lr=3.00e-04 | wd=0.0811 | mom=0.9500 | T=6.0 k=3.0 (mu_rec=6 mu_bwd=3) | grad=8704.000 | tok/s=42,545 | tokens=0.09B
step=  2890 | loss=5.6412 | lr=3.00e-04 | wd=0.0811 | mom=0.9500 | T=8.0 k=3.0 (mu_rec=6 mu_bwd=3) | grad=133.000 | tok/s=40,875 | tokens=0.09B
step=  2900 | loss=5.4654 | lr=3.00e-04 | wd=0.0810 | mom=0.9500 | T=8.5 k=3.0 (mu_rec=6 mu_bwd=3) | grad=97.500 | tok/s=39,537 | tokens=0.10B
step=  2910 | loss=5.6415 | lr=3.00e-04 | wd=0.0809 | mom=0.9500 | T=5.8 k=3.0 (mu_rec=6 mu_bwd=3) | grad=576.000 | tok/s=39,705 | tokens=0.10B
step=  2920 | loss=6.0261 | lr=3.00e-04 | wd=0.0809 | mom=0.9500 | T=7.0 k=2.8 (mu_rec=6 mu_bwd=3) | grad=2848.000 | tok/s=40,455 | tokens=0.10B
step=  2930 | loss=5.9517 | lr=3.00e-04 | wd=0.0808 | mom=0.9500 | T=9.0 k=3.0 (mu_rec=6 mu_bwd=3) | grad=908.000 | tok/s=42,347 | tokens=0.10B
step=  2940 | loss=5.8359 | lr=3.00e-04 | wd=0.0807 | mom=0.9500 | T=7.2 k=3.0 (mu_rec=6 mu_bwd=3) | grad=516.000 | tok/s=38,039 | tokens=0.10B
step=  2950 | loss=5.8598 | lr=3.00e-04 | wd=0.0807 | mom=0.9500 | T=6.2 k=2.5 (mu_rec=6 mu_bwd=3) | grad=1528.000 | tok/s=43,568 | tokens=0.10B
step=  2960 | loss=5.6586 | lr=3.00e-04 | wd=0.0806 | mom=0.9500 | T=5.2 k=2.5 (mu_rec=6 mu_bwd=3) | grad=378.000 | tok/s=39,502 | tokens=0.10B
step=  2970 | loss=6.0155 | lr=3.00e-04 | wd=0.0805 | mom=0.9500 | T=8.5 k=3.0 (mu_rec=6 mu_bwd=3) | grad=1160.000 | tok/s=37,927 | tokens=0.10B
step=  2980 | loss=6.0011 | lr=3.00e-04 | wd=0.0805 | mom=0.9500 | T=8.0 k=2.5 (mu_rec=6 mu_bwd=3) | grad=392.000 | tok/s=38,858 | tokens=0.10B
step=  2990 | loss=5.9839 | lr=3.00e-04 | wd=0.0804 | mom=0.9500 | T=10.0 k=4.0 (mu_rec=7 mu_bwd=4) | grad=1112.000 | tok/s=34,788 | tokens=0.10B
step=  3000 | loss=6.0242 | lr=3.00e-04 | wd=0.0803 | mom=0.9500 | T=6.0 k=3.0 (mu_rec=7 mu_bwd=4) | grad=3584.000 | tok/s=34,324 | tokens=0.10B
step=  3010 | loss=6.0229 | lr=3.00e-04 | wd=0.0803 | mom=0.9500 | T=8.5 k=4.0 (mu_rec=7 mu_bwd=4) | grad=3328.000 | tok/s=33,779 | tokens=0.10B
step=  3020 | loss=5.9791 | lr=3.00e-04 | wd=0.0802 | mom=0.9500 | T=6.5 k=4.0 (mu_rec=7 mu_bwd=4) | grad=628.000 | tok/s=36,923 | tokens=0.10B
step=  3030 | loss=6.2011 | lr=3.00e-04 | wd=0.0801 | mom=0.9500 | T=7.0 k=4.0 (mu_rec=7 mu_bwd=4) | grad=3888.000 | tok/s=36,266 | tokens=0.10B
step=  3040 | loss=5.7395 | lr=3.00e-04 | wd=0.0801 | mom=0.9500 | T=8.8 k=4.0 (mu_rec=7 mu_bwd=4) | grad=2224.000 | tok/s=36,619 | tokens=0.10B
step=  3050 | loss=6.1433 | lr=3.00e-04 | wd=0.0800 | mom=0.9500 | T=7.0 k=3.5 (mu_rec=7 mu_bwd=4) | grad=3088.000 | tok/s=38,247 | tokens=0.10B
step=  3060 | loss=6.0164 | lr=3.00e-04 | wd=0.0800 | mom=0.9500 | T=7.8 k=4.0 (mu_rec=7 mu_bwd=4) | grad=1296.000 | tok/s=34,772 | tokens=0.10B
step=  3070 | loss=6.0723 | lr=3.00e-04 | wd=0.0799 | mom=0.9500 | T=5.5 k=3.8 (mu_rec=7 mu_bwd=4) | grad=3232.000 | tok/s=36,380 | tokens=0.10B
step=  3080 | loss=5.9963 | lr=3.00e-04 | wd=0.0798 | mom=0.9500 | T=5.8 k=3.5 (mu_rec=7 mu_bwd=4) | grad=1960.000 | tok/s=37,466 | tokens=0.10B
step=  3090 | loss=5.9437 | lr=3.00e-04 | wd=0.0798 | mom=0.9500 | T=6.0 k=3.8 (mu_rec=7 mu_bwd=4) | grad=5696.000 | tok/s=35,298 | tokens=0.10B
step=  3100 | loss=6.1504 | lr=3.00e-04 | wd=0.0797 | mom=0.9500 | T=8.2 k=3.5 (mu_rec=7 mu_bwd=4) | grad=3440.000 | tok/s=34,492 | tokens=0.10B
step=  3110 | loss=6.1287 | lr=3.00e-04 | wd=0.0796 | mom=0.9500 | T=8.0 k=4.0 (mu_rec=7 mu_bwd=4) | grad=13120.000 | tok/s=34,464 | tokens=0.10B
step=  3120 | loss=5.9112 | lr=3.00e-04 | wd=0.0796 | mom=0.9500 | T=7.2 k=4.0 (mu_rec=7 mu_bwd=4) | grad=3520.000 | tok/s=34,294 | tokens=0.10B
step=  3130 | loss=5.7960 | lr=3.00e-04 | wd=0.0795 | mom=0.9500 | T=6.5 k=4.0 (mu_rec=7 mu_bwd=4) | grad=2448.000 | tok/s=35,666 | tokens=0.10B
step=  3140 | loss=5.9808 | lr=3.00e-04 | wd=0.0794 | mom=0.9500 | T=9.8 k=4.0 (mu_rec=7 mu_bwd=4) | grad=3696.000 | tok/s=34,139 | tokens=0.10B
step=  3150 | loss=6.3610 | lr=3.00e-04 | wd=0.0794 | mom=0.9500 | T=6.2 k=4.0 (mu_rec=7 mu_bwd=4) | grad=6080.000 | tok/s=35,429 | tokens=0.10B
step=  3160 | loss=6.1261 | lr=3.00e-04 | wd=0.0793 | mom=0.9500 | T=7.0 k=4.0 (mu_rec=7 mu_bwd=4) | grad=9024.000 | tok/s=34,009 | tokens=0.10B
step=  3170 | loss=6.2524 | lr=3.00e-04 | wd=0.0792 | mom=0.9500 | T=5.5 k=4.0 (mu_rec=7 mu_bwd=4) | grad=9280.000 | tok/s=36,141 | tokens=0.10B
step=  3180 | loss=6.0541 | lr=3.00e-04 | wd=0.0792 | mom=0.9500 | T=6.8 k=3.5 (mu_rec=7 mu_bwd=4) | grad=1104.000 | tok/s=37,190 | tokens=0.10B
step=  3190 | loss=6.3035 | lr=3.00e-04 | wd=0.0791 | mom=0.9500 | T=5.5 k=3.5 (mu_rec=7 mu_bwd=4) | grad=3184.000 | tok/s=35,215 | tokens=0.10B
step=  3200 | loss=6.2563 | lr=3.00e-04 | wd=0.0790 | mom=0.9500 | T=5.5 k=3.2 (mu_rec=7 mu_bwd=4) | grad=6624.000 | tok/s=34,546 | tokens=0.10B
step=  3210 | loss=6.2128 | lr=3.00e-04 | wd=0.0790 | mom=0.9500 | T=8.0 k=3.8 (mu_rec=7 mu_bwd=4) | grad=3024.000 | tok/s=35,782 | tokens=0.11B
step=  3220 | loss=6.5365 | lr=3.00e-04 | wd=0.0789 | mom=0.9500 | T=7.0 k=4.0 (mu_rec=7 mu_bwd=4) | grad=1720.000 | tok/s=33,030 | tokens=0.11B
step=  3230 | loss=6.3555 | lr=3.00e-04 | wd=0.0788 | mom=0.9500 | T=4.8 k=3.0 (mu_rec=7 mu_bwd=4) | grad=1312.000 | tok/s=35,119 | tokens=0.11B
step=  3240 | loss=6.2983 | lr=3.00e-04 | wd=0.0788 | mom=0.9500 | T=3.2 k=2.8 (mu_rec=7 mu_bwd=4) | grad=3360.000 | tok/s=36,643 | tokens=0.11B
step=  3250 | loss=6.3511 | lr=3.00e-04 | wd=0.0787 | mom=0.9500 | T=5.2 k=3.2 (mu_rec=7 mu_bwd=4) | grad=1832.000 | tok/s=38,329 | tokens=0.11B
step=  3260 | loss=6.5635 | lr=3.00e-04 | wd=0.0786 | mom=0.9500 | T=7.8 k=4.0 (mu_rec=7 mu_bwd=4) | grad=2848.000 | tok/s=33,963 | tokens=0.11B
step=  3270 | loss=6.4233 | lr=3.00e-04 | wd=0.0786 | mom=0.9500 | T=5.8 k=4.0 (mu_rec=7 mu_bwd=4) | grad=4800.000 | tok/s=39,356 | tokens=0.11B
step=  3280 | loss=6.2336 | lr=3.00e-04 | wd=0.0785 | mom=0.9500 | T=5.5 k=3.8 (mu_rec=7 mu_bwd=4) | grad=2160.000 | tok/s=34,528 | tokens=0.11B
step=  3290 | loss=6.4704 | lr=3.00e-04 | wd=0.0784 | mom=0.9500 | T=8.8 k=4.0 (mu_rec=7 mu_bwd=4) | grad=920.000 | tok/s=35,334 | tokens=0.11B
step=  3300 | loss=6.4908 | lr=3.00e-04 | wd=0.0784 | mom=0.9500 | T=5.5 k=3.8 (mu_rec=7 mu_bwd=4) | grad=2432.000 | tok/s=37,674 | tokens=0.11B
step=  3310 | loss=6.6588 | lr=3.00e-04 | wd=0.0783 | mom=0.9500 | T=5.2 k=2.5 (mu_rec=7 mu_bwd=4) | grad=896.000 | tok/s=36,515 | tokens=0.11B
step=  3320 | loss=6.3915 | lr=3.00e-04 | wd=0.0782 | mom=0.9500 | T=8.0 k=3.8 (mu_rec=7 mu_bwd=4) | grad=2608.000 | tok/s=36,313 | tokens=0.11B
step=  3330 | loss=6.5309 | lr=3.00e-04 | wd=0.0782 | mom=0.9500 | T=7.0 k=4.0 (mu_rec=7 mu_bwd=4) | grad=1688.000 | tok/s=36,064 | tokens=0.11B
step=  3340 | loss=6.4820 | lr=3.00e-04 | wd=0.0781 | mom=0.9500 | T=11.8 k=3.5 (mu_rec=7 mu_bwd=4) | grad=3232.000 | tok/s=36,914 | tokens=0.11B
step=  3350 | loss=6.4915 | lr=3.00e-04 | wd=0.0781 | mom=0.9500 | T=11.0 k=3.5 (mu_rec=7 mu_bwd=4) | grad=992.000 | tok/s=33,370 | tokens=0.11B
step=  3360 | loss=6.9822 | lr=3.00e-04 | wd=0.0780 | mom=0.9500 | T=7.0 k=3.2 (mu_rec=7 mu_bwd=4) | grad=472.000 | tok/s=37,251 | tokens=0.11B
step=  3370 | loss=6.2443 | lr=3.00e-04 | wd=0.0779 | mom=0.9500 | T=10.0 k=4.0 (mu_rec=7 mu_bwd=4) | grad=1216.000 | tok/s=7,761 | tokens=0.11B
step=  3380 | loss=6.5130 | lr=3.00e-04 | wd=0.0779 | mom=0.9500 | T=9.0 k=4.0 (mu_rec=7 mu_bwd=4) | grad=644.000 | tok/s=35,742 | tokens=0.11B
step=  3390 | loss=7.4112 | lr=3.00e-04 | wd=0.0778 | mom=0.9500 | T=6.8 k=3.8 (mu_rec=7 mu_bwd=4) | grad=15104.000 | tok/s=7,934 | tokens=0.11B
step=  3400 | loss=6.5190 | lr=3.00e-04 | wd=0.0777 | mom=0.9500 | T=6.8 k=3.5 (mu_rec=7 mu_bwd=4) | grad=372.000 | tok/s=36,759 | tokens=0.11B
step=  3410 | loss=6.2648 | lr=3.00e-04 | wd=0.0777 | mom=0.9500 | T=5.8 k=3.2 (mu_rec=7 mu_bwd=4) | grad=426.000 | tok/s=36,176 | tokens=0.11B
step=  3420 | loss=6.2589 | lr=3.00e-04 | wd=0.0776 | mom=0.9500 | T=7.2 k=3.5 (mu_rec=7 mu_bwd=4) | grad=332.000 | tok/s=36,479 | tokens=0.11B
step=  3430 | loss=6.3109 | lr=3.00e-04 | wd=0.0775 | mom=0.9500 | T=8.2 k=4.0 (mu_rec=7 mu_bwd=4) | grad=524.000 | tok/s=36,665 | tokens=0.11B
step=  3440 | loss=6.6863 | lr=3.00e-04 | wd=0.0775 | mom=0.9500 | T=6.0 k=3.0 (mu_rec=7 mu_bwd=4) | grad=588.000 | tok/s=35,866 | tokens=0.11B
step=  3450 | loss=6.5846 | lr=3.00e-04 | wd=0.0774 | mom=0.9500 | T=5.8 k=4.0 (mu_rec=7 mu_bwd=4) | grad=616.000 | tok/s=36,746 | tokens=0.11B
step=  3460 | loss=6.5102 | lr=3.00e-04 | wd=0.0773 | mom=0.9500 | T=6.8 k=3.2 (mu_rec=7 mu_bwd=4) | grad=402.000 | tok/s=36,279 | tokens=0.11B
step=  3470 | loss=6.4416 | lr=3.00e-04 | wd=0.0773 | mom=0.9500 | T=8.2 k=4.0 (mu_rec=7 mu_bwd=4) | grad=3136.000 | tok/s=34,185 | tokens=0.11B
step=  3480 | loss=6.3977 | lr=3.00e-04 | wd=0.0772 | mom=0.9500 | T=6.0 k=3.5 (mu_rec=7 mu_bwd=4) | grad=1056.000 | tok/s=34,981 | tokens=0.11B
step=  3490 | loss=6.3917 | lr=3.00e-04 | wd=0.0771 | mom=0.9500 | T=4.2 k=3.0 (mu_rec=7 mu_bwd=4) | grad=1440.000 | tok/s=36,115 | tokens=0.11B
step=  3500 | loss=6.4783 | lr=3.00e-04 | wd=0.0771 | mom=0.9500 | T=6.2 k=3.2 (mu_rec=7 mu_bwd=4) | grad=288.000 | tok/s=38,694 | tokens=0.11B
step=  3510 | loss=6.2922 | lr=3.00e-04 | wd=0.0770 | mom=0.9500 | T=6.5 k=3.5 (mu_rec=7 mu_bwd=4) | grad=382.000 | tok/s=36,965 | tokens=0.12B
step=  3520 | loss=6.4487 | lr=3.00e-04 | wd=0.0769 | mom=0.9500 | T=8.0 k=3.8 (mu_rec=7 mu_bwd=4) | grad=338.000 | tok/s=36,486 | tokens=0.12B
step=  3530 | loss=6.5536 | lr=3.00e-04 | wd=0.0769 | mom=0.9500 | T=9.2 k=4.0 (mu_rec=8 mu_bwd=4) | grad=209.000 | tok/s=36,073 | tokens=0.12B
step=  3540 | loss=6.7480 | lr=3.00e-04 | wd=0.0768 | mom=0.9500 | T=12.2 k=4.0 (mu_rec=8 mu_bwd=4) | grad=496.000 | tok/s=33,752 | tokens=0.12B
step=  3550 | loss=6.8957 | lr=3.00e-04 | wd=0.0767 | mom=0.9500 | T=5.0 k=3.8 (mu_rec=8 mu_bwd=4) | grad=648.000 | tok/s=34,907 | tokens=0.12B
step=  3560 | loss=6.3768 | lr=3.00e-04 | wd=0.0767 | mom=0.9500 | T=5.0 k=3.2 (mu_rec=8 mu_bwd=4) | grad=326.000 | tok/s=33,551 | tokens=0.12B
step=  3570 | loss=6.3012 | lr=3.00e-04 | wd=0.0766 | mom=0.9500 | T=6.8 k=4.0 (mu_rec=8 mu_bwd=4) | grad=153.000 | tok/s=31,213 | tokens=0.12B
step=  3580 | loss=6.5090 | lr=3.00e-04 | wd=0.0765 | mom=0.9500 | T=11.0 k=3.5 (mu_rec=8 mu_bwd=4) | grad=164.000 | tok/s=33,807 | tokens=0.12B
step=  3590 | loss=6.5866 | lr=3.00e-04 | wd=0.0765 | mom=0.9500 | T=13.5 k=4.0 (mu_rec=8 mu_bwd=4) | grad=256.000 | tok/s=32,355 | tokens=0.12B
step=  3600 | loss=6.2504 | lr=3.00e-04 | wd=0.0764 | mom=0.9500 | T=10.2 k=4.0 (mu_rec=8 mu_bwd=4) | grad=308.000 | tok/s=33,523 | tokens=0.12B
step=  3610 | loss=6.2790 | lr=3.00e-04 | wd=0.0763 | mom=0.9500 | T=7.0 k=4.0 (mu_rec=8 mu_bwd=4) | grad=588.000 | tok/s=36,234 | tokens=0.12B
step=  3620 | loss=6.3100 | lr=3.00e-04 | wd=0.0763 | mom=0.9500 | T=7.2 k=3.8 (mu_rec=8 mu_bwd=4) | grad=202.000 | tok/s=36,779 | tokens=0.12B
step=  3630 | loss=6.4916 | lr=3.00e-04 | wd=0.0762 | mom=0.9500 | T=10.8 k=4.0 (mu_rec=8 mu_bwd=4) | grad=252.000 | tok/s=32,175 | tokens=0.12B
step=  3640 | loss=6.6855 | lr=3.00e-04 | wd=0.0762 | mom=0.9500 | T=13.5 k=4.0 (mu_rec=8 mu_bwd=4) | grad=556.000 | tok/s=31,412 | tokens=0.12B
step=  3650 | loss=6.2012 | lr=3.00e-04 | wd=0.0761 | mom=0.9500 | T=9.0 k=3.2 (mu_rec=8 mu_bwd=4) | grad=233.000 | tok/s=34,871 | tokens=0.12B
step=  3660 | loss=6.3356 | lr=3.00e-04 | wd=0.0760 | mom=0.9500 | T=5.0 k=3.5 (mu_rec=8 mu_bwd=4) | grad=227.000 | tok/s=34,641 | tokens=0.12B
step=  3670 | loss=6.2178 | lr=3.00e-04 | wd=0.0760 | mom=0.9500 | T=4.2 k=3.0 (mu_rec=8 mu_bwd=4) | grad=170.000 | tok/s=34,462 | tokens=0.12B
step=  3680 | loss=6.2041 | lr=3.00e-04 | wd=0.0759 | mom=0.9500 | T=10.2 k=4.0 (mu_rec=8 mu_bwd=4) | grad=249.000 | tok/s=32,793 | tokens=0.12B
step=  3690 | loss=6.2527 | lr=3.00e-04 | wd=0.0758 | mom=0.9500 | T=10.0 k=4.0 (mu_rec=8 mu_bwd=4) | grad=412.000 | tok/s=33,560 | tokens=0.12B
step=  3700 | loss=6.2252 | lr=3.00e-04 | wd=0.0758 | mom=0.9500 | T=6.8 k=3.5 (mu_rec=8 mu_bwd=4) | grad=284.000 | tok/s=33,347 | tokens=0.12B
step=  3710 | loss=6.0655 | lr=3.00e-04 | wd=0.0757 | mom=0.9500 | T=8.0 k=4.0 (mu_rec=8 mu_bwd=4) | grad=470.000 | tok/s=32,759 | tokens=0.12B
step=  3720 | loss=6.4002 | lr=3.00e-04 | wd=0.0756 | mom=0.9500 | T=5.2 k=4.0 (mu_rec=8 mu_bwd=4) | grad=1568.000 | tok/s=34,998 | tokens=0.12B
step=  3730 | loss=6.2852 | lr=3.00e-04 | wd=0.0756 | mom=0.9500 | T=3.5 k=3.0 (mu_rec=8 mu_bwd=4) | grad=510.000 | tok/s=33,684 | tokens=0.12B
step=  3740 | loss=6.2848 | lr=3.00e-04 | wd=0.0755 | mom=0.9500 | T=8.8 k=4.0 (mu_rec=8 mu_bwd=4) | grad=1064.000 | tok/s=31,383 | tokens=0.12B
step=  3750 | loss=6.1099 | lr=3.00e-04 | wd=0.0754 | mom=0.9500 | T=5.5 k=3.5 (mu_rec=8 mu_bwd=4) | grad=364.000 | tok/s=36,826 | tokens=0.12B
step=  3760 | loss=6.0896 | lr=3.00e-04 | wd=0.0754 | mom=0.9500 | T=4.8 k=3.2 (mu_rec=8 mu_bwd=4) | grad=1224.000 | tok/s=33,767 | tokens=0.12B
step=  3770 | loss=6.1562 | lr=3.00e-04 | wd=0.0753 | mom=0.9500 | T=8.5 k=4.0 (mu_rec=8 mu_bwd=4) | grad=856.000 | tok/s=32,800 | tokens=0.12B
step=  3780 | loss=6.1595 | lr=3.00e-04 | wd=0.0752 | mom=0.9500 | T=9.0 k=4.0 (mu_rec=8 mu_bwd=4) | grad=1040.000 | tok/s=35,123 | tokens=0.12B
step=  3790 | loss=6.0762 | lr=3.00e-04 | wd=0.0752 | mom=0.9500 | T=8.5 k=3.8 (mu_rec=8 mu_bwd=4) | grad=1560.000 | tok/s=32,159 | tokens=0.12B
step=  3800 | loss=5.9936 | lr=3.00e-04 | wd=0.0751 | mom=0.9500 | T=5.0 k=3.2 (mu_rec=8 mu_bwd=4) | grad=976.000 | tok/s=32,999 | tokens=0.12B
step=  3810 | loss=6.1444 | lr=3.00e-04 | wd=0.0750 | mom=0.9500 | T=7.0 k=3.8 (mu_rec=8 mu_bwd=4) | grad=2848.000 | tok/s=34,859 | tokens=0.12B
step=  3820 | loss=6.1544 | lr=3.00e-04 | wd=0.0750 | mom=0.9500 | T=10.8 k=3.5 (mu_rec=8 mu_bwd=4) | grad=1496.000 | tok/s=33,548 | tokens=0.13B
step=  3830 | loss=6.0743 | lr=3.00e-04 | wd=0.0749 | mom=0.9500 | T=6.0 k=3.2 (mu_rec=8 mu_bwd=4) | grad=568.000 | tok/s=32,246 | tokens=0.13B
step=  3840 | loss=5.9156 | lr=3.00e-04 | wd=0.0748 | mom=0.9500 | T=7.0 k=3.8 (mu_rec=8 mu_bwd=4) | grad=402.000 | tok/s=33,971 | tokens=0.13B
step=  3850 | loss=6.0890 | lr=3.00e-04 | wd=0.0748 | mom=0.9500 | T=9.8 k=4.0 (mu_rec=8 mu_bwd=4) | grad=724.000 | tok/s=33,748 | tokens=0.13B
step=  3860 | loss=6.2753 | lr=3.00e-04 | wd=0.0747 | mom=0.9500 | T=8.8 k=4.0 (mu_rec=8 mu_bwd=4) | grad=504.000 | tok/s=34,988 | tokens=0.13B
step=  3870 | loss=6.3566 | lr=3.00e-04 | wd=0.0746 | mom=0.9500 | T=5.2 k=3.2 (mu_rec=8 mu_bwd=4) | grad=378.000 | tok/s=34,555 | tokens=0.13B
step=  3880 | loss=6.2004 | lr=3.00e-04 | wd=0.0746 | mom=0.9500 | T=14.5 k=3.8 (mu_rec=8 mu_bwd=4) | grad=608.000 | tok/s=32,593 | tokens=0.13B
step=  3890 | loss=6.3589 | lr=3.00e-04 | wd=0.0745 | mom=0.9500 | T=9.8 k=4.0 (mu_rec=8 mu_bwd=4) | grad=2144.000 | tok/s=33,391 | tokens=0.13B
step=  3900 | loss=6.0035 | lr=3.00e-04 | wd=0.0744 | mom=0.9500 | T=8.8 k=3.8 (mu_rec=8 mu_bwd=4) | grad=414.000 | tok/s=30,897 | tokens=0.13B
step=  3910 | loss=6.2336 | lr=3.00e-04 | wd=0.0744 | mom=0.9500 | T=6.2 k=3.5 (mu_rec=8 mu_bwd=4) | grad=512.000 | tok/s=33,244 | tokens=0.13B
step=  3920 | loss=6.1547 | lr=3.00e-04 | wd=0.0743 | mom=0.9500 | T=5.0 k=3.2 (mu_rec=8 mu_bwd=4) | grad=258.000 | tok/s=34,454 | tokens=0.13B
step=  3930 | loss=6.1857 | lr=3.00e-04 | wd=0.0742 | mom=0.9500 | T=5.0 k=3.2 (mu_rec=8 mu_bwd=4) | grad=840.000 | tok/s=36,169 | tokens=0.13B
step=  3940 | loss=6.4172 | lr=3.00e-04 | wd=0.0742 | mom=0.9500 | T=7.5 k=3.5 (mu_rec=8 mu_bwd=4) | grad=552.000 | tok/s=33,702 | tokens=0.13B
step=  3950 | loss=6.3056 | lr=3.00e-04 | wd=0.0741 | mom=0.9500 | T=7.0 k=3.5 (mu_rec=8 mu_bwd=4) | grad=800.000 | tok/s=33,887 | tokens=0.13B
step=  3960 | loss=6.2076 | lr=3.00e-04 | wd=0.0741 | mom=0.9500 | T=8.2 k=4.0 (mu_rec=8 mu_bwd=4) | grad=824.000 | tok/s=32,262 | tokens=0.13B
step=  3970 | loss=6.1816 | lr=3.00e-04 | wd=0.0740 | mom=0.9500 | T=7.5 k=4.0 (mu_rec=8 mu_bwd=4) | grad=302.000 | tok/s=33,418 | tokens=0.13B
step=  3980 | loss=6.1409 | lr=3.00e-04 | wd=0.0739 | mom=0.9500 | T=9.5 k=4.0 (mu_rec=8 mu_bwd=4) | grad=298.000 | tok/s=34,441 | tokens=0.13B
step=  3990 | loss=6.0606 | lr=3.00e-04 | wd=0.0739 | mom=0.9500 | T=6.8 k=3.0 (mu_rec=8 mu_bwd=4) | grad=168.000 | tok/s=36,180 | tokens=0.13B
step=  4000 | loss=6.1344 | lr=3.00e-04 | wd=0.0738 | mom=0.9500 | T=5.0 k=3.8 (mu_rec=8 mu_bwd=4) | grad=450.000 | tok/s=33,653 | tokens=0.13B
[step 4000] Saved -> runs/retrofit-verify/checkpoint_0004000
step=  4010 | loss=6.0206 | lr=3.00e-04 | wd=0.0737 | mom=0.9500 | T=9.8 k=3.2 (mu_rec=8 mu_bwd=4) | grad=188.000 | tok/s=28,864 | tokens=0.13B
step=  4020 | loss=6.1801 | lr=3.00e-04 | wd=0.0737 | mom=0.9500 | T=8.2 k=3.8 (mu_rec=8 mu_bwd=4) | grad=388.000 | tok/s=34,064 | tokens=0.13B
step=  4030 | loss=6.1644 | lr=3.00e-04 | wd=0.0736 | mom=0.9500 | T=9.5 k=4.0 (mu_rec=8 mu_bwd=4) | grad=494.000 | tok/s=35,519 | tokens=0.13B
step=  4040 | loss=6.1605 | lr=3.00e-04 | wd=0.0735 | mom=0.9500 | T=4.5 k=3.8 (mu_rec=8 mu_bwd=4) | grad=464.000 | tok/s=36,555 | tokens=0.13B
step=  4050 | loss=5.9974 | lr=3.00e-04 | wd=0.0735 | mom=0.9500 | T=6.0 k=3.8 (mu_rec=8 mu_bwd=4) | grad=334.000 | tok/s=33,161 | tokens=0.13B
step=  4060 | loss=6.5372 | lr=3.00e-04 | wd=0.0734 | mom=0.9500 | T=6.5 k=4.0 (mu_rec=8 mu_bwd=4) | grad=1576.000 | tok/s=35,469 | tokens=0.13B
step=  4070 | loss=6.1667 | lr=3.00e-04 | wd=0.0733 | mom=0.9500 | T=7.8 k=4.0 (mu_rec=8 mu_bwd=4) | grad=120.000 | tok/s=33,901 | tokens=0.13B
step=  4080 | loss=6.1508 | lr=3.00e-04 | wd=0.0733 | mom=0.9500 | T=6.8 k=3.5 (mu_rec=8 mu_bwd=4) | grad=155.000 | tok/s=33,915 | tokens=0.13B
step=  4090 | loss=5.7396 | lr=3.00e-04 | wd=0.0732 | mom=0.9500 | T=7.2 k=4.0 (mu_rec=8 mu_bwd=4) | grad=253.000 | tok/s=35,208 | tokens=0.13B
step=  4100 | loss=5.8234 | lr=3.00e-04 | wd=0.0731 | mom=0.9500 | T=7.5 k=3.8 (mu_rec=8 mu_bwd=4) | grad=186.000 | tok/s=33,960 | tokens=0.13B
step=  4110 | loss=6.5714 | lr=3.00e-04 | wd=0.0731 | mom=0.9500 | T=6.8 k=3.2 (mu_rec=8 mu_bwd=4) | grad=197.000 | tok/s=35,254 | tokens=0.13B
step=  4120 | loss=6.2001 | lr=3.00e-04 | wd=0.0730 | mom=0.9500 | T=5.8 k=3.5 (mu_rec=8 mu_bwd=4) | grad=141.000 | tok/s=33,978 | tokens=0.14B
step=  4130 | loss=6.2012 | lr=3.00e-04 | wd=0.0729 | mom=0.9500 | T=7.0 k=4.0 (mu_rec=8 mu_bwd=4) | grad=137.000 | tok/s=35,520 | tokens=0.14B
step=  4140 | loss=6.1227 | lr=3.00e-04 | wd=0.0729 | mom=0.9500 | T=6.8 k=3.8 (mu_rec=8 mu_bwd=4) | grad=151.000 | tok/s=34,580 | tokens=0.14B
step=  4150 | loss=6.2224 | lr=3.00e-04 | wd=0.0728 | mom=0.9500 | T=10.2 k=3.5 (mu_rec=8 mu_bwd=4) | grad=356.000 | tok/s=35,772 | tokens=0.14B
step=  4160 | loss=6.2581 | lr=3.00e-04 | wd=0.0727 | mom=0.9500 | T=8.8 k=4.0 (mu_rec=8 mu_bwd=4) | grad=239.000 | tok/s=33,825 | tokens=0.14B
step=  4170 | loss=5.9024 | lr=3.00e-04 | wd=0.0727 | mom=0.9500 | T=5.2 k=3.5 (mu_rec=8 mu_bwd=4) | grad=156.000 | tok/s=33,005 | tokens=0.14B
step=  4180 | loss=6.1976 | lr=3.00e-04 | wd=0.0726 | mom=0.9500 | T=5.0 k=3.2 (mu_rec=8 mu_bwd=4) | grad=192.000 | tok/s=36,468 | tokens=0.14B
step=  4190 | loss=5.9814 | lr=3.00e-04 | wd=0.0725 | mom=0.9500 | T=12.2 k=3.8 (mu_rec=8 mu_bwd=4) | grad=82.000 | tok/s=34,846 | tokens=0.14B
step=  4200 | loss=6.0591 | lr=3.00e-04 | wd=0.0725 | mom=0.9500 | T=13.8 k=4.0 (mu_rec=8 mu_bwd=4) | grad=112.500 | tok/s=35,437 | tokens=0.14B
step=  4210 | loss=6.0902 | lr=3.00e-04 | wd=0.0724 | mom=0.9500 | T=8.0 k=4.0 (mu_rec=8 mu_bwd=4) | grad=150.000 | tok/s=34,734 | tokens=0.14B
step=  4220 | loss=6.2051 | lr=3.00e-04 | wd=0.0723 | mom=0.9500 | T=11.0 k=3.8 (mu_rec=8 mu_bwd=4) | grad=100.500 | tok/s=35,867 | tokens=0.14B
step=  4230 | loss=6.0312 | lr=3.00e-04 | wd=0.0723 | mom=0.9500 | T=8.2 k=4.0 (mu_rec=8 mu_bwd=4) | grad=340.000 | tok/s=34,615 | tokens=0.14B
step=  4240 | loss=6.0091 | lr=3.00e-04 | wd=0.0722 | mom=0.9500 | T=11.0 k=3.5 (mu_rec=8 mu_bwd=4) | grad=620.000 | tok/s=8,587 | tokens=0.14B
step=  4250 | loss=5.9895 | lr=3.00e-04 | wd=0.0722 | mom=0.9500 | T=7.2 k=3.5 (mu_rec=8 mu_bwd=4) | grad=144.000 | tok/s=32,770 | tokens=0.14B
step=  4260 | loss=6.0387 | lr=3.00e-04 | wd=0.0721 | mom=0.9500 | T=9.8 k=4.0 (mu_rec=8 mu_bwd=4) | grad=258.000 | tok/s=33,910 | tokens=0.14B
step=  4270 | loss=6.0937 | lr=3.00e-04 | wd=0.0720 | mom=0.9500 | T=7.2 k=3.8 (mu_rec=8 mu_bwd=4) | grad=209.000 | tok/s=7,788 | tokens=0.14B
step=  4280 | loss=6.2445 | lr=3.00e-04 | wd=0.0720 | mom=0.9500 | T=4.8 k=3.8 (mu_rec=8 mu_bwd=4) | grad=268.000 | tok/s=36,213 | tokens=0.14B
step=  4290 | loss=6.0023 | lr=3.00e-04 | wd=0.0719 | mom=0.9500 | T=5.2 k=3.8 (mu_rec=8 mu_bwd=4) | grad=238.000 | tok/s=36,076 | tokens=0.14B
step=  4300 | loss=6.0145 | lr=3.00e-04 | wd=0.0718 | mom=0.9500 | T=9.8 k=4.0 (mu_rec=8 mu_bwd=4) | grad=206.000 | tok/s=33,674 | tokens=0.14B
step=  4310 | loss=6.3044 | lr=3.00e-04 | wd=0.0718 | mom=0.9500 | T=5.5 k=3.2 (mu_rec=8 mu_bwd=4) | grad=210.000 | tok/s=34,752 | tokens=0.14B
step=  4320 | loss=5.9240 | lr=3.00e-04 | wd=0.0717 | mom=0.9500 | T=11.8 k=4.0 (mu_rec=8 mu_bwd=4) | grad=139.000 | tok/s=33,139 | tokens=0.14B
step=  4330 | loss=5.5594 | lr=3.00e-04 | wd=0.0716 | mom=0.9500 | T=4.8 k=3.0 (mu_rec=8 mu_bwd=4) | grad=328.000 | tok/s=35,422 | tokens=0.14B
step=  4340 | loss=5.9947 | lr=3.00e-04 | wd=0.0716 | mom=0.9500 | T=17.5 k=4.0 (mu_rec=8 mu_bwd=4) | grad=338.000 | tok/s=31,296 | tokens=0.14B
step=  4350 | loss=5.9769 | lr=3.00e-04 | wd=0.0715 | mom=0.9500 | T=4.5 k=3.2 (mu_rec=8 mu_bwd=4) | grad=258.000 | tok/s=34,874 | tokens=0.14B
step=  4360 | loss=6.1544 | lr=3.00e-04 | wd=0.0714 | mom=0.9500 | T=7.0 k=4.0 (mu_rec=8 mu_bwd=4) | grad=668.000 | tok/s=33,776 | tokens=0.14B
step=  4370 | loss=6.1174 | lr=3.00e-04 | wd=0.0714 | mom=0.9500 | T=8.2 k=4.0 (mu_rec=8 mu_bwd=4) | grad=432.000 | tok/s=33,175 | tokens=0.14B
step=  4380 | loss=6.0925 | lr=3.00e-04 | wd=0.0713 | mom=0.9500 | T=4.2 k=3.5 (mu_rec=8 mu_bwd=4) | grad=576.000 | tok/s=33,300 | tokens=0.14B
step=  4390 | loss=6.2537 | lr=3.00e-04 | wd=0.0712 | mom=0.9500 | T=7.0 k=3.8 (mu_rec=8 mu_bwd=4) | grad=708.000 | tok/s=34,983 | tokens=0.14B
step=  4400 | loss=6.0529 | lr=3.00e-04 | wd=0.0712 | mom=0.9500 | T=7.2 k=4.0 (mu_rec=8 mu_bwd=4) | grad=332.000 | tok/s=35,860 | tokens=0.14B
step=  4410 | loss=6.1880 | lr=3.00e-04 | wd=0.0711 | mom=0.9500 | T=4.8 k=3.5 (mu_rec=8 mu_bwd=4) | grad=2304.000 | tok/s=34,441 | tokens=0.14B
step=  4420 | loss=5.8211 | lr=3.00e-04 | wd=0.0710 | mom=0.9500 | T=4.2 k=3.5 (mu_rec=8 mu_bwd=4) | grad=296.000 | tok/s=31,707 | tokens=0.14B
step=  4430 | loss=6.0433 | lr=3.00e-04 | wd=0.0710 | mom=0.9500 | T=7.5 k=3.2 (mu_rec=8 mu_bwd=4) | grad=2128.000 | tok/s=32,861 | tokens=0.15B
step=  4440 | loss=5.9400 | lr=3.00e-04 | wd=0.0709 | mom=0.9500 | T=8.8 k=3.8 (mu_rec=8 mu_bwd=4) | grad=462.000 | tok/s=33,963 | tokens=0.15B
step=  4450 | loss=6.0569 | lr=3.00e-04 | wd=0.0708 | mom=0.9500 | T=4.5 k=3.0 (mu_rec=8 mu_bwd=4) | grad=474.000 | tok/s=34,041 | tokens=0.15B
step=  4460 | loss=5.9623 | lr=3.00e-04 | wd=0.0708 | mom=0.9500 | T=11.2 k=4.0 (mu_rec=8 mu_bwd=4) | grad=564.000 | tok/s=33,256 | tokens=0.15B
step=  4470 | loss=6.0326 | lr=3.00e-04 | wd=0.0707 | mom=0.9500 | T=7.5 k=4.0 (mu_rec=8 mu_bwd=4) | grad=1224.000 | tok/s=35,438 | tokens=0.15B
step=  4480 | loss=6.0799 | lr=3.00e-04 | wd=0.0706 | mom=0.9500 | T=7.8 k=4.0 (mu_rec=8 mu_bwd=4) | grad=1328.000 | tok/s=32,810 | tokens=0.15B
step=  4490 | loss=6.1157 | lr=3.00e-04 | wd=0.0706 | mom=0.9500 | T=8.0 k=4.0 (mu_rec=8 mu_bwd=4) | grad=1632.000 | tok/s=34,018 | tokens=0.15B
step=  4500 | loss=5.8438 | lr=3.00e-04 | wd=0.0705 | mom=0.9500 | T=11.8 k=3.8 (mu_rec=8 mu_bwd=4) | grad=2288.000 | tok/s=34,242 | tokens=0.15B
step=  4510 | loss=6.0523 | lr=3.00e-04 | wd=0.0704 | mom=0.9500 | T=7.8 k=3.5 (mu_rec=8 mu_bwd=4) | grad=4416.000 | tok/s=35,513 | tokens=0.15B
step=  4520 | loss=5.9746 | lr=3.00e-04 | wd=0.0704 | mom=0.9500 | T=8.0 k=3.5 (mu_rec=8 mu_bwd=4) | grad=3728.000 | tok/s=34,266 | tokens=0.15B
step=  4530 | loss=6.5195 | lr=3.00e-04 | wd=0.0703 | mom=0.9500 | T=6.8 k=4.0 (mu_rec=8 mu_bwd=4) | grad=10944.000 | tok/s=33,129 | tokens=0.15B
step=  4540 | loss=6.1939 | lr=3.00e-04 | wd=0.0703 | mom=0.9500 | T=5.2 k=3.5 (mu_rec=8 mu_bwd=4) | grad=2176.000 | tok/s=36,544 | tokens=0.15B
step=  4550 | loss=6.2652 | lr=3.00e-04 | wd=0.0702 | mom=0.9500 | T=7.8 k=4.0 (mu_rec=8 mu_bwd=4) | grad=1920.000 | tok/s=35,153 | tokens=0.15B
step=  4560 | loss=6.2783 | lr=3.00e-04 | wd=0.0701 | mom=0.9500 | T=9.0 k=4.0 (mu_rec=8 mu_bwd=4) | grad=9408.000 | tok/s=36,816 | tokens=0.15B
step=  4570 | loss=6.6887 | lr=3.00e-04 | wd=0.0701 | mom=0.9500 | T=4.5 k=3.2 (mu_rec=8 mu_bwd=4) | grad=5408.000 | tok/s=35,315 | tokens=0.15B
step=  4580 | loss=6.3946 | lr=3.00e-04 | wd=0.0700 | mom=0.9500 | T=6.5 k=3.8 (mu_rec=8 mu_bwd=4) | grad=11904.000 | tok/s=33,075 | tokens=0.15B
step=  4590 | loss=6.3552 | lr=3.00e-04 | wd=0.0699 | mom=0.9500 | T=7.5 k=4.0 (mu_rec=8 mu_bwd=4) | grad=3984.000 | tok/s=33,984 | tokens=0.15B
step=  4600 | loss=6.4625 | lr=3.00e-04 | wd=0.0699 | mom=0.9500 | T=5.8 k=3.5 (mu_rec=8 mu_bwd=4) | grad=16768.000 | tok/s=32,167 | tokens=0.15B
step=  4610 | loss=6.4759 | lr=3.00e-04 | wd=0.0698 | mom=0.9500 | T=8.2 k=3.8 (mu_rec=8 mu_bwd=4) | grad=3696.000 | tok/s=35,086 | tokens=0.15B
step=  4620 | loss=6.3575 | lr=3.00e-04 | wd=0.0697 | mom=0.9500 | T=7.5 k=3.2 (mu_rec=8 mu_bwd=4) | grad=1584.000 | tok/s=35,076 | tokens=0.15B
step=  4630 | loss=6.2733 | lr=3.00e-04 | wd=0.0697 | mom=0.9500 | T=5.8 k=3.8 (mu_rec=8 mu_bwd=4) | grad=4512.000 | tok/s=33,304 | tokens=0.15B
step=  4640 | loss=6.1611 | lr=3.00e-04 | wd=0.0696 | mom=0.9500 | T=3.2 k=2.8 (mu_rec=8 mu_bwd=4) | grad=1304.000 | tok/s=39,376 | tokens=0.15B
step=  4650 | loss=6.1880 | lr=3.00e-04 | wd=0.0695 | mom=0.9500 | T=7.0 k=3.8 (mu_rec=8 mu_bwd=4) | grad=916.000 | tok/s=32,762 | tokens=0.15B
step=  4660 | loss=6.1221 | lr=3.00e-04 | wd=0.0695 | mom=0.9500 | T=13.0 k=4.0 (mu_rec=8 mu_bwd=4) | grad=1952.000 | tok/s=34,285 | tokens=0.15B
step=  4670 | loss=6.4397 | lr=3.00e-04 | wd=0.0694 | mom=0.9500 | T=4.8 k=3.8 (mu_rec=8 mu_bwd=4) | grad=2240.000 | tok/s=33,422 | tokens=0.15B
step=  4680 | loss=6.4765 | lr=3.00e-04 | wd=0.0693 | mom=0.9500 | T=5.8 k=4.0 (mu_rec=8 mu_bwd=4) | grad=4640.000 | tok/s=35,328 | tokens=0.15B
step=  4690 | loss=6.4733 | lr=3.00e-04 | wd=0.0693 | mom=0.9500 | T=7.8 k=4.0 (mu_rec=8 mu_bwd=4) | grad=3024.000 | tok/s=33,053 | tokens=0.15B
step=  4700 | loss=6.4594 | lr=3.00e-04 | wd=0.0692 | mom=0.9500 | T=6.5 k=4.0 (mu_rec=8 mu_bwd=4) | grad=1760.000 | tok/s=33,795 | tokens=0.15B
step=  4710 | loss=6.4464 | lr=3.00e-04 | wd=0.0691 | mom=0.9500 | T=12.2 k=3.8 (mu_rec=8 mu_bwd=4) | grad=2096.000 | tok/s=33,977 | tokens=0.15B
step=  4720 | loss=6.6688 | lr=3.00e-04 | wd=0.0691 | mom=0.9500 | T=3.5 k=3.0 (mu_rec=8 mu_bwd=4) | grad=808.000 | tok/s=34,944 | tokens=0.15B
step=  4730 | loss=6.4705 | lr=3.00e-04 | wd=0.0690 | mom=0.9500 | T=10.0 k=4.0 (mu_rec=8 mu_bwd=4) | grad=1048.000 | tok/s=34,631 | tokens=0.15B
step=  4740 | loss=6.2623 | lr=3.00e-04 | wd=0.0689 | mom=0.9500 | T=11.0 k=3.2 (mu_rec=8 mu_bwd=4) | grad=3936.000 | tok/s=35,995 | tokens=0.16B
step=  4750 | loss=6.5029 | lr=3.00e-04 | wd=0.0689 | mom=0.9500 | T=15.8 k=4.0 (mu_rec=8 mu_bwd=4) | grad=344.000 | tok/s=34,142 | tokens=0.16B
step=  4760 | loss=6.3252 | lr=3.00e-04 | wd=0.0688 | mom=0.9500 | T=6.2 k=4.0 (mu_rec=8 mu_bwd=4) | grad=596.000 | tok/s=32,750 | tokens=0.16B
step=  4770 | loss=6.0823 | lr=3.00e-04 | wd=0.0687 | mom=0.9500 | T=10.5 k=4.0 (mu_rec=8 mu_bwd=4) | grad=350.000 | tok/s=33,061 | tokens=0.16B
step=  4780 | loss=6.5027 | lr=3.00e-04 | wd=0.0687 | mom=0.9500 | T=5.5 k=3.2 (mu_rec=8 mu_bwd=4) | grad=728.000 | tok/s=32,030 | tokens=0.16B
step=  4790 | loss=6.4815 | lr=3.00e-04 | wd=0.0686 | mom=0.9500 | T=8.8 k=3.8 (mu_rec=8 mu_bwd=4) | grad=1192.000 | tok/s=35,822 | tokens=0.16B
step=  4800 | loss=6.3602 | lr=3.00e-04 | wd=0.0685 | mom=0.9500 | T=11.5 k=4.0 (mu_rec=8 mu_bwd=4) | grad=1880.000 | tok/s=30,126 | tokens=0.16B
step=  4810 | loss=6.3259 | lr=3.00e-04 | wd=0.0685 | mom=0.9500 | T=8.5 k=4.0 (mu_rec=8 mu_bwd=4) | grad=1536.000 | tok/s=31,494 | tokens=0.16B
step=  4820 | loss=6.4370 | lr=3.00e-04 | wd=0.0684 | mom=0.9500 | T=5.8 k=3.2 (mu_rec=8 mu_bwd=4) | grad=2064.000 | tok/s=33,883 | tokens=0.16B
step=  4830 | loss=6.4711 | lr=3.00e-04 | wd=0.0684 | mom=0.9500 | T=5.5 k=3.2 (mu_rec=8 mu_bwd=4) | grad=784.000 | tok/s=33,930 | tokens=0.16B
step=  4840 | loss=6.2950 | lr=3.00e-04 | wd=0.0683 | mom=0.9500 | T=10.0 k=4.0 (mu_rec=8 mu_bwd=4) | grad=1152.000 | tok/s=29,949 | tokens=0.16B
step=  4850 | loss=6.4063 | lr=3.00e-04 | wd=0.0682 | mom=0.9500 | T=10.5 k=4.0 (mu_rec=8 mu_bwd=4) | grad=462.000 | tok/s=32,758 | tokens=0.16B
step=  4860 | loss=6.4286 | lr=3.00e-04 | wd=0.0682 | mom=0.9500 | T=4.0 k=3.5 (mu_rec=8 mu_bwd=4) | grad=1528.000 | tok/s=32,787 | tokens=0.16B
step=  4870 | loss=6.4329 | lr=3.00e-04 | wd=0.0681 | mom=0.9500 | T=3.8 k=3.2 (mu_rec=8 mu_bwd=4) | grad=1000.000 | tok/s=33,333 | tokens=0.16B
step=  4880 | loss=6.3476 | lr=3.00e-04 | wd=0.0680 | mom=0.9500 | T=7.0 k=2.8 (mu_rec=8 mu_bwd=4) | grad=197.000 | tok/s=34,160 | tokens=0.16B
step=  4890 | loss=6.4710 | lr=3.00e-04 | wd=0.0680 | mom=0.9500 | T=10.5 k=3.5 (mu_rec=8 mu_bwd=4) | grad=612.000 | tok/s=32,235 | tokens=0.16B
step=  4900 | loss=6.3419 | lr=3.00e-04 | wd=0.0679 | mom=0.9500 | T=8.0 k=3.5 (mu_rec=8 mu_bwd=4) | grad=171.000 | tok/s=36,711 | tokens=0.16B
step=  4910 | loss=6.1877 | lr=3.00e-04 | wd=0.0678 | mom=0.9500 | T=7.5 k=3.5 (mu_rec=8 mu_bwd=4) | grad=143.000 | tok/s=33,063 | tokens=0.16B
step=  4920 | loss=6.4155 | lr=3.00e-04 | wd=0.0678 | mom=0.9500 | T=10.2 k=4.0 (mu_rec=8 mu_bwd=4) | grad=300.000 | tok/s=32,398 | tokens=0.16B
step=  4930 | loss=6.1044 | lr=3.00e-04 | wd=0.0677 | mom=0.9500 | T=9.2 k=3.8 (mu_rec=8 mu_bwd=4) | grad=206.000 | tok/s=34,704 | tokens=0.16B
step=  4940 | loss=6.2449 | lr=3.00e-04 | wd=0.0676 | mom=0.9500 | T=9.5 k=3.5 (mu_rec=8 mu_bwd=4) | grad=284.000 | tok/s=33,901 | tokens=0.16B
step=  4950 | loss=6.2876 | lr=3.00e-04 | wd=0.0676 | mom=0.9500 | T=11.8 k=4.0 (mu_rec=8 mu_bwd=4) | grad=204.000 | tok/s=32,700 | tokens=0.16B
step=  4960 | loss=6.4042 | lr=3.00e-04 | wd=0.0675 | mom=0.9500 | T=8.8 k=3.8 (mu_rec=8 mu_bwd=4) | grad=568.000 | tok/s=32,466 | tokens=0.16B
step=  4970 | loss=6.4086 | lr=3.00e-04 | wd=0.0674 | mom=0.9500 | T=4.5 k=3.2 (mu_rec=8 mu_bwd=4) | grad=324.000 | tok/s=35,334 | tokens=0.16B
step=  4980 | loss=6.2839 | lr=3.00e-04 | wd=0.0674 | mom=0.9500 | T=2.5 k=2.5 (mu_rec=8 mu_bwd=4) | grad=286.000 | tok/s=36,836 | tokens=0.16B
step=  4990 | loss=6.3259 | lr=3.00e-04 | wd=0.0673 | mom=0.9500 | T=11.0 k=4.0 (mu_rec=8 mu_bwd=4) | grad=304.000 | tok/s=33,516 | tokens=0.16B
step=  5000 | loss=6.9379 | lr=3.00e-04 | wd=0.0672 | mom=0.9500 | T=8.0 k=4.0 (mu_rec=8 mu_bwd=4) | grad=336.000 | tok/s=34,893 | tokens=0.16B
step=  5010 | loss=6.2295 | lr=3.00e-04 | wd=0.0672 | mom=0.9500 | T=10.5 k=4.0 (mu_rec=8 mu_bwd=4) | grad=660.000 | tok/s=32,721 | tokens=0.16B
step=  5020 | loss=6.2182 | lr=3.00e-04 | wd=0.0671 | mom=0.9500 | T=10.8 k=3.8 (mu_rec=8 mu_bwd=4) | grad=296.000 | tok/s=7,829 | tokens=0.16B
step=  5030 | loss=6.2227 | lr=3.00e-04 | wd=0.0670 | mom=0.9500 | T=9.2 k=3.2 (mu_rec=8 mu_bwd=4) | grad=131.000 | tok/s=31,917 | tokens=0.16B
step=  5040 | loss=5.9690 | lr=3.00e-04 | wd=0.0670 | mom=0.9500 | T=5.0 k=3.5 (mu_rec=8 mu_bwd=4) | grad=142.000 | tok/s=34,700 | tokens=0.17B
step=  5050 | loss=6.2227 | lr=3.00e-04 | wd=0.0669 | mom=0.9500 | T=4.5 k=3.8 (mu_rec=8 mu_bwd=4) | grad=2064.000 | tok/s=35,263 | tokens=0.17B
step=  5060 | loss=6.0820 | lr=3.00e-04 | wd=0.0668 | mom=0.9500 | T=10.0 k=3.8 (mu_rec=8 mu_bwd=4) | grad=240.000 | tok/s=34,123 | tokens=0.17B
step=  5070 | loss=6.1857 | lr=3.00e-04 | wd=0.0668 | mom=0.9500 | T=4.2 k=3.2 (mu_rec=8 mu_bwd=4) | grad=3424.000 | tok/s=33,563 | tokens=0.17B
step=  5080 | loss=6.2902 | lr=3.00e-04 | wd=0.0667 | mom=0.9500 | T=7.2 k=4.0 (mu_rec=8 mu_bwd=4) | grad=134.000 | tok/s=31,854 | tokens=0.17B
step=  5090 | loss=6.0915 | lr=3.00e-04 | wd=0.0666 | mom=0.9500 | T=12.2 k=4.0 (mu_rec=8 mu_bwd=4) | grad=175.000 | tok/s=33,149 | tokens=0.17B
step=  5100 | loss=6.0007 | lr=3.00e-04 | wd=0.0666 | mom=0.9500 | T=8.2 k=4.0 (mu_rec=8 mu_bwd=4) | grad=386.000 | tok/s=35,823 | tokens=0.17B
step=  5110 | loss=6.1018 | lr=3.00e-04 | wd=0.0665 | mom=0.9500 | T=10.5 k=3.5 (mu_rec=8 mu_bwd=4) | grad=298.000 | tok/s=36,323 | tokens=0.17B
step=  5120 | loss=6.0698 | lr=3.00e-04 | wd=0.0665 | mom=0.9500 | T=10.0 k=4.0 (mu_rec=8 mu_bwd=4) | grad=252.000 | tok/s=36,221 | tokens=0.17B
step=  5130 | loss=6.2468 | lr=3.00e-04 | wd=0.0664 | mom=0.9500 | T=4.8 k=4.0 (mu_rec=8 mu_bwd=4) | grad=262.000 | tok/s=35,153 | tokens=0.17B
step=  5140 | loss=6.1142 | lr=3.00e-04 | wd=0.0663 | mom=0.9500 | T=9.8 k=4.0 (mu_rec=8 mu_bwd=4) | grad=264.000 | tok/s=34,717 | tokens=0.17B
step=  5150 | loss=6.1373 | lr=3.00e-04 | wd=0.0663 | mom=0.9500 | T=5.5 k=3.0 (mu_rec=8 mu_bwd=4) | grad=294.000 | tok/s=34,371 | tokens=0.17B
step=  5160 | loss=6.2806 | lr=3.00e-04 | wd=0.0662 | mom=0.9500 | T=8.5 k=4.0 (mu_rec=8 mu_bwd=4) | grad=1608.000 | tok/s=7,797 | tokens=0.17B
step=  5170 | loss=6.0573 | lr=3.00e-04 | wd=0.0661 | mom=0.9500 | T=7.8 k=4.0 (mu_rec=8 mu_bwd=4) | grad=458.000 | tok/s=35,255 | tokens=0.17B
step=  5180 | loss=6.2470 | lr=3.00e-04 | wd=0.0661 | mom=0.9500 | T=7.5 k=4.0 (mu_rec=8 mu_bwd=4) | grad=118.500 | tok/s=34,209 | tokens=0.17B
step=  5190 | loss=5.9311 | lr=3.00e-04 | wd=0.0660 | mom=0.9500 | T=10.0 k=3.8 (mu_rec=8 mu_bwd=4) | grad=247.000 | tok/s=35,821 | tokens=0.17B
step=  5200 | loss=6.2365 | lr=3.00e-04 | wd=0.0659 | mom=0.9500 | T=4.8 k=3.2 (mu_rec=8 mu_bwd=4) | grad=1064.000 | tok/s=35,293 | tokens=0.17B
step=  5210 | loss=6.0114 | lr=3.00e-04 | wd=0.0659 | mom=0.9500 | T=5.2 k=3.8 (mu_rec=8 mu_bwd=4) | grad=892.000 | tok/s=33,574 | tokens=0.17B
step=  5220 | loss=6.0392 | lr=3.00e-04 | wd=0.0658 | mom=0.9500 | T=6.8 k=3.5 (mu_rec=8 mu_bwd=4) | grad=192.000 | tok/s=34,486 | tokens=0.17B
step=  5230 | loss=6.4029 | lr=3.00e-04 | wd=0.0657 | mom=0.9500 | T=7.8 k=3.8 (mu_rec=8 mu_bwd=4) | grad=476.000 | tok/s=34,375 | tokens=0.17B
step=  5240 | loss=6.3005 | lr=3.00e-04 | wd=0.0657 | mom=0.9500 | T=7.2 k=4.0 (mu_rec=8 mu_bwd=4) | grad=572.000 | tok/s=33,643 | tokens=0.17B
step=  5250 | loss=5.9994 | lr=3.00e-04 | wd=0.0656 | mom=0.9500 | T=6.0 k=4.0 (mu_rec=8 mu_bwd=4) | grad=272.000 | tok/s=34,475 | tokens=0.17B
step=  5260 | loss=6.0298 | lr=3.00e-04 | wd=0.0655 | mom=0.9500 | T=9.8 k=3.8 (mu_rec=8 mu_bwd=4) | grad=252.000 | tok/s=33,230 | tokens=0.17B
step=  5270 | loss=6.2433 | lr=3.00e-04 | wd=0.0655 | mom=0.9500 | T=5.0 k=3.5 (mu_rec=8 mu_bwd=4) | grad=2256.000 | tok/s=35,987 | tokens=0.17B
step=  5280 | loss=6.5572 | lr=3.00e-04 | wd=0.0654 | mom=0.9500 | T=6.0 k=4.0 (mu_rec=8 mu_bwd=4) | grad=1128.000 | tok/s=38,587 | tokens=0.17B
step=  5290 | loss=6.1985 | lr=3.00e-04 | wd=0.0653 | mom=0.9500 | T=11.8 k=4.0 (mu_rec=8 mu_bwd=4) | grad=896.000 | tok/s=35,176 | tokens=0.17B
step=  5300 | loss=6.0861 | lr=3.00e-04 | wd=0.0653 | mom=0.9500 | T=7.5 k=3.8 (mu_rec=8 mu_bwd=4) | grad=254.000 | tok/s=34,559 | tokens=0.17B
step=  5310 | loss=5.9287 | lr=3.00e-04 | wd=0.0652 | mom=0.9500 | T=6.2 k=3.8 (mu_rec=8 mu_bwd=4) | grad=452.000 | tok/s=35,129 | tokens=0.17B
step=  5320 | loss=6.0772 | lr=3.00e-04 | wd=0.0651 | mom=0.9500 | T=7.5 k=4.0 (mu_rec=8 mu_bwd=4) | grad=1176.000 | tok/s=34,408 | tokens=0.17B
step=  5330 | loss=6.0766 | lr=3.00e-04 | wd=0.0651 | mom=0.9500 | T=6.8 k=3.5 (mu_rec=8 mu_bwd=4) | grad=270.000 | tok/s=35,926 | tokens=0.17B
step=  5340 | loss=6.1038 | lr=3.00e-04 | wd=0.0650 | mom=0.9500 | T=12.2 k=4.0 (mu_rec=8 mu_bwd=4) | grad=210.000 | tok/s=32,017 | tokens=0.17B
step=  5350 | loss=6.4145 | lr=3.00e-04 | wd=0.0649 | mom=0.9500 | T=9.0 k=3.2 (mu_rec=8 mu_bwd=4) | grad=212.000 | tok/s=33,220 | tokens=0.18B
step=  5360 | loss=6.1770 | lr=3.00e-04 | wd=0.0649 | mom=0.9500 | T=4.2 k=3.5 (mu_rec=8 mu_bwd=4) | grad=616.000 | tok/s=35,067 | tokens=0.18B
step=  5370 | loss=6.1481 | lr=3.00e-04 | wd=0.0648 | mom=0.9500 | T=12.2 k=4.0 (mu_rec=8 mu_bwd=4) | grad=163.000 | tok/s=31,813 | tokens=0.18B
step=  5380 | loss=6.3062 | lr=3.00e-04 | wd=0.0647 | mom=0.9500 | T=7.0 k=3.2 (mu_rec=8 mu_bwd=4) | grad=199.000 | tok/s=36,510 | tokens=0.18B
step=  5390 | loss=6.1343 | lr=3.00e-04 | wd=0.0647 | mom=0.9500 | T=5.5 k=3.8 (mu_rec=8 mu_bwd=4) | grad=350.000 | tok/s=33,953 | tokens=0.18B
step=  5400 | loss=6.1982 | lr=3.00e-04 | wd=0.0646 | mom=0.9500 | T=4.5 k=2.8 (mu_rec=8 mu_bwd=4) | grad=246.000 | tok/s=35,797 | tokens=0.18B
step=  5410 | loss=6.1464 | lr=3.00e-04 | wd=0.0645 | mom=0.9500 | T=8.5 k=4.0 (mu_rec=8 mu_bwd=4) | grad=318.000 | tok/s=34,243 | tokens=0.18B
step=  5420 | loss=6.0313 | lr=3.00e-04 | wd=0.0645 | mom=0.9500 | T=7.2 k=4.0 (mu_rec=8 mu_bwd=4) | grad=288.000 | tok/s=31,506 | tokens=0.18B
step=  5430 | loss=6.1972 | lr=3.00e-04 | wd=0.0644 | mom=0.9500 | T=7.2 k=4.0 (mu_rec=8 mu_bwd=4) | grad=1096.000 | tok/s=33,475 | tokens=0.18B
step=  5440 | loss=6.8356 | lr=3.00e-04 | wd=0.0644 | mom=0.9500 | T=7.8 k=3.2 (mu_rec=8 mu_bwd=4) | grad=1608.000 | tok/s=32,607 | tokens=0.18B
step=  5450 | loss=6.8970 | lr=3.00e-04 | wd=0.0643 | mom=0.9500 | T=9.0 k=3.5 (mu_rec=8 mu_bwd=4) | grad=676.000 | tok/s=33,952 | tokens=0.18B
step=  5460 | loss=6.4013 | lr=3.00e-04 | wd=0.0642 | mom=0.9500 | T=8.8 k=4.0 (mu_rec=8 mu_bwd=4) | grad=394.000 | tok/s=35,083 | tokens=0.18B
step=  5470 | loss=6.1237 | lr=3.00e-04 | wd=0.0642 | mom=0.9500 | T=2.8 k=2.5 (mu_rec=8 mu_bwd=4) | grad=232.000 | tok/s=34,163 | tokens=0.18B
step=  5480 | loss=6.4738 | lr=3.00e-04 | wd=0.0641 | mom=0.9500 | T=8.2 k=3.8 (mu_rec=8 mu_bwd=4) | grad=1384.000 | tok/s=35,623 | tokens=0.18B
step=  5490 | loss=6.3648 | lr=3.00e-04 | wd=0.0640 | mom=0.9500 | T=9.2 k=3.8 (mu_rec=8 mu_bwd=4) | grad=1012.000 | tok/s=32,400 | tokens=0.18B
step=  5500 | loss=6.9304 | lr=3.00e-04 | wd=0.0640 | mom=0.9500 | T=7.0 k=4.0 (mu_rec=8 mu_bwd=4) | grad=780.000 | tok/s=32,822 | tokens=0.18B
step=  5510 | loss=6.3098 | lr=3.00e-04 | wd=0.0639 | mom=0.9500 | T=7.2 k=4.0 (mu_rec=8 mu_bwd=4) | grad=1520.000 | tok/s=35,683 | tokens=0.18B
step=  5520 | loss=6.1750 | lr=3.00e-04 | wd=0.0638 | mom=0.9500 | T=8.2 k=4.0 (mu_rec=8 mu_bwd=4) | grad=3600.000 | tok/s=30,646 | tokens=0.18B
step=  5530 | loss=6.1168 | lr=3.00e-04 | wd=0.0638 | mom=0.9500 | T=9.0 k=3.8 (mu_rec=8 mu_bwd=4) | grad=215.000 | tok/s=34,381 | tokens=0.18B
step=  5540 | loss=6.2305 | lr=3.00e-04 | wd=0.0637 | mom=0.9500 | T=9.5 k=4.0 (mu_rec=8 mu_bwd=4) | grad=354.000 | tok/s=33,170 | tokens=0.18B
step=  5550 | loss=6.2521 | lr=3.00e-04 | wd=0.0636 | mom=0.9500 | T=11.8 k=4.0 (mu_rec=8 mu_bwd=4) | grad=464.000 | tok/s=32,164 | tokens=0.18B
step=  5560 | loss=5.9138 | lr=3.00e-04 | wd=0.0636 | mom=0.9500 | T=6.0 k=4.0 (mu_rec=8 mu_bwd=4) | grad=560.000 | tok/s=32,578 | tokens=0.18B
step=  5570 | loss=6.0601 | lr=3.00e-04 | wd=0.0635 | mom=0.9500 | T=8.5 k=4.0 (mu_rec=8 mu_bwd=4) | grad=444.000 | tok/s=33,170 | tokens=0.18B
step=  5580 | loss=6.1804 | lr=3.00e-04 | wd=0.0634 | mom=0.9500 | T=4.0 k=3.5 (mu_rec=8 mu_bwd=4) | grad=247.000 | tok/s=38,565 | tokens=0.18B
step=  5590 | loss=6.2221 | lr=3.00e-04 | wd=0.0634 | mom=0.9500 | T=10.0 k=4.0 (mu_rec=8 mu_bwd=4) | grad=126.500 | tok/s=32,712 | tokens=0.18B
step=  5600 | loss=6.3471 | lr=3.00e-04 | wd=0.0633 | mom=0.9500 | T=9.5 k=3.2 (mu_rec=8 mu_bwd=4) | grad=133.000 | tok/s=34,839 | tokens=0.18B
step=  5610 | loss=6.2424 | lr=3.00e-04 | wd=0.0632 | mom=0.9500 | T=9.8 k=4.0 (mu_rec=8 mu_bwd=4) | grad=1004.000 | tok/s=33,227 | tokens=0.18B
step=  5620 | loss=6.1937 | lr=3.00e-04 | wd=0.0632 | mom=0.9500 | T=7.2 k=3.2 (mu_rec=8 mu_bwd=4) | grad=344.000 | tok/s=34,146 | tokens=0.18B
step=  5630 | loss=6.7007 | lr=3.00e-04 | wd=0.0631 | mom=0.9500 | T=8.0 k=3.5 (mu_rec=8 mu_bwd=4) | grad=360.000 | tok/s=31,940 | tokens=0.18B
step=  5640 | loss=6.2220 | lr=3.00e-04 | wd=0.0630 | mom=0.9500 | T=7.2 k=3.5 (mu_rec=8 mu_bwd=4) | grad=664.000 | tok/s=34,546 | tokens=0.18B
step=  5650 | loss=6.1964 | lr=3.00e-04 | wd=0.0630 | mom=0.9500 | T=6.8 k=3.5 (mu_rec=8 mu_bwd=4) | grad=346.000 | tok/s=33,908 | tokens=0.19B
step=  5660 | loss=6.2774 | lr=3.00e-04 | wd=0.0629 | mom=0.9500 | T=8.0 k=4.0 (mu_rec=8 mu_bwd=4) | grad=1272.000 | tok/s=34,660 | tokens=0.19B
step=  5670 | loss=6.3184 | lr=3.00e-04 | wd=0.0628 | mom=0.9500 | T=11.5 k=4.0 (mu_rec=8 mu_bwd=4) | grad=2384.000 | tok/s=32,806 | tokens=0.19B
step=  5680 | loss=6.3475 | lr=3.00e-04 | wd=0.0628 | mom=0.9500 | T=5.5 k=4.0 (mu_rec=8 mu_bwd=4) | grad=1992.000 | tok/s=33,692 | tokens=0.19B
step=  5690 | loss=6.8159 | lr=3.00e-04 | wd=0.0627 | mom=0.9500 | T=5.8 k=3.5 (mu_rec=8 mu_bwd=4) | grad=14080.000 | tok/s=35,021 | tokens=0.19B
step=  5700 | loss=5.9447 | lr=3.00e-04 | wd=0.0626 | mom=0.9500 | T=6.0 k=3.2 (mu_rec=8 mu_bwd=4) | grad=224.000 | tok/s=35,379 | tokens=0.19B
step=  5710 | loss=6.2884 | lr=3.00e-04 | wd=0.0626 | mom=0.9500 | T=9.5 k=4.0 (mu_rec=8 mu_bwd=4) | grad=214.000 | tok/s=32,226 | tokens=0.19B
step=  5720 | loss=6.1846 | lr=3.00e-04 | wd=0.0625 | mom=0.9500 | T=9.5 k=3.8 (mu_rec=8 mu_bwd=4) | grad=346.000 | tok/s=32,754 | tokens=0.19B
step=  5730 | loss=6.5184 | lr=3.00e-04 | wd=0.0625 | mom=0.9500 | T=6.5 k=3.5 (mu_rec=8 mu_bwd=4) | grad=456.000 | tok/s=33,753 | tokens=0.19B
step=  5740 | loss=6.3451 | lr=3.00e-04 | wd=0.0624 | mom=0.9500 | T=8.5 k=4.0 (mu_rec=8 mu_bwd=4) | grad=195.000 | tok/s=34,269 | tokens=0.19B
step=  5750 | loss=6.6239 | lr=3.00e-04 | wd=0.0623 | mom=0.9500 | T=4.0 k=3.5 (mu_rec=8 mu_bwd=4) | grad=536.000 | tok/s=33,259 | tokens=0.19B
step=  5760 | loss=6.1803 | lr=3.00e-04 | wd=0.0623 | mom=0.9500 | T=10.5 k=4.0 (mu_rec=8 mu_bwd=4) | grad=360.000 | tok/s=31,535 | tokens=0.19B
step=  5770 | loss=6.9637 | lr=3.00e-04 | wd=0.0622 | mom=0.9500 | T=8.5 k=3.8 (mu_rec=8 mu_bwd=4) | grad=336.000 | tok/s=31,175 | tokens=0.19B
step=  5780 | loss=6.4718 | lr=3.00e-04 | wd=0.0621 | mom=0.9500 | T=6.8 k=4.0 (mu_rec=8 mu_bwd=4) | grad=656.000 | tok/s=35,147 | tokens=0.19B
step=  5790 | loss=5.9805 | lr=3.00e-04 | wd=0.0621 | mom=0.9500 | T=7.2 k=3.5 (mu_rec=8 mu_bwd=4) | grad=1256.000 | tok/s=33,659 | tokens=0.19B
step=  5800 | loss=6.0701 | lr=3.00e-04 | wd=0.0620 | mom=0.9500 | T=7.5 k=4.0 (mu_rec=8 mu_bwd=4) | grad=1480.000 | tok/s=34,278 | tokens=0.19B
step=  5810 | loss=6.0588 | lr=3.00e-04 | wd=0.0619 | mom=0.9500 | T=5.5 k=3.2 (mu_rec=8 mu_bwd=4) | grad=2040.000 | tok/s=31,405 | tokens=0.19B
step=  5820 | loss=6.1303 | lr=3.00e-04 | wd=0.0619 | mom=0.9500 | T=7.5 k=4.0 (mu_rec=8 mu_bwd=4) | grad=260.000 | tok/s=33,696 | tokens=0.19B
step=  5830 | loss=6.2306 | lr=3.00e-04 | wd=0.0618 | mom=0.9500 | T=5.5 k=3.5 (mu_rec=8 mu_bwd=4) | grad=824.000 | tok/s=35,791 | tokens=0.19B
step=  5840 | loss=6.1085 | lr=3.00e-04 | wd=0.0617 | mom=0.9500 | T=5.8 k=4.0 (mu_rec=8 mu_bwd=4) | grad=864.000 | tok/s=38,268 | tokens=0.19B
step=  5850 | loss=6.1538 | lr=3.00e-04 | wd=0.0617 | mom=0.9500 | T=7.8 k=4.0 (mu_rec=8 mu_bwd=4) | grad=292.000 | tok/s=31,644 | tokens=0.19B
step=  5860 | loss=6.1886 | lr=3.00e-04 | wd=0.0616 | mom=0.9500 | T=7.8 k=4.0 (mu_rec=8 mu_bwd=4) | grad=580.000 | tok/s=35,227 | tokens=0.19B
step=  5870 | loss=6.1938 | lr=3.00e-04 | wd=0.0615 | mom=0.9500 | T=9.0 k=3.8 (mu_rec=8 mu_bwd=4) | grad=1744.000 | tok/s=31,139 | tokens=0.19B
step=  5880 | loss=6.0154 | lr=3.00e-04 | wd=0.0615 | mom=0.9500 | T=8.5 k=4.0 (mu_rec=8 mu_bwd=4) | grad=800.000 | tok/s=35,922 | tokens=0.19B
step=  5890 | loss=6.0381 | lr=3.00e-04 | wd=0.0614 | mom=0.9500 | T=6.2 k=2.5 (mu_rec=8 mu_bwd=4) | grad=756.000 | tok/s=33,781 | tokens=0.19B
step=  5900 | loss=6.7780 | lr=3.00e-04 | wd=0.0613 | mom=0.9500 | T=3.8 k=3.2 (mu_rec=8 mu_bwd=4) | grad=3952.000 | tok/s=8,120 | tokens=0.19B
step=  5910 | loss=6.3687 | lr=3.00e-04 | wd=0.0613 | mom=0.9500 | T=8.8 k=4.0 (mu_rec=8 mu_bwd=4) | grad=396.000 | tok/s=33,890 | tokens=0.19B
step=  5920 | loss=6.2549 | lr=3.00e-04 | wd=0.0612 | mom=0.9500 | T=10.2 k=4.0 (mu_rec=8 mu_bwd=4) | grad=800.000 | tok/s=33,185 | tokens=0.19B
step=  5930 | loss=6.3762 | lr=3.00e-04 | wd=0.0611 | mom=0.9500 | T=10.0 k=3.2 (mu_rec=8 mu_bwd=4) | grad=282.000 | tok/s=34,378 | tokens=0.19B
step=  5940 | loss=6.6578 | lr=3.00e-04 | wd=0.0611 | mom=0.9500 | T=11.2 k=4.0 (mu_rec=8 mu_bwd=4) | grad=332.000 | tok/s=34,249 | tokens=0.19B
step=  5950 | loss=6.5042 | lr=3.00e-04 | wd=0.0610 | mom=0.9500 | T=7.5 k=4.0 (mu_rec=8 mu_bwd=4) | grad=15808.000 | tok/s=32,700 | tokens=0.19B
step=  5960 | loss=6.2798 | lr=3.00e-04 | wd=0.0609 | mom=0.9500 | T=10.8 k=4.0 (mu_rec=8 mu_bwd=4) | grad=6400.000 | tok/s=31,391 | tokens=0.20B
step=  5970 | loss=6.1876 | lr=3.00e-04 | wd=0.0609 | mom=0.9500 | T=5.0 k=3.8 (mu_rec=8 mu_bwd=4) | grad=4896.000 | tok/s=31,467 | tokens=0.20B
step=  5980 | loss=6.2384 | lr=3.00e-04 | wd=0.0608 | mom=0.9500 | T=8.0 k=3.5 (mu_rec=8 mu_bwd=4) | grad=1012.000 | tok/s=34,914 | tokens=0.20B
step=  5990 | loss=6.2825 | lr=3.00e-04 | wd=0.0607 | mom=0.9500 | T=10.2 k=4.0 (mu_rec=8 mu_bwd=4) | grad=1012.000 | tok/s=33,640 | tokens=0.20B
step=  6000 | loss=6.3527 | lr=3.00e-04 | wd=0.0607 | mom=0.9500 | T=11.0 k=3.5 (mu_rec=8 mu_bwd=4) | grad=2416.000 | tok/s=32,572 | tokens=0.20B
[step 6000] Saved -> runs/retrofit-verify/checkpoint_0006000
step=  6010 | loss=6.4091 | lr=3.00e-04 | wd=0.0606 | mom=0.9500 | T=6.2 k=4.0 (mu_rec=8 mu_bwd=4) | grad=7776.000 | tok/s=29,033 | tokens=0.20B
step=  6020 | loss=6.2560 | lr=3.00e-04 | wd=0.0606 | mom=0.9500 | T=9.0 k=4.0 (mu_rec=8 mu_bwd=4) | grad=2528.000 | tok/s=33,815 | tokens=0.20B
step=  6030 | loss=6.3502 | lr=3.00e-04 | wd=0.0605 | mom=0.9500 | T=5.5 k=3.5 (mu_rec=8 mu_bwd=4) | grad=12480.000 | tok/s=35,378 | tokens=0.20B
step=  6040 | loss=6.5244 | lr=3.00e-04 | wd=0.0604 | mom=0.9500 | T=10.5 k=4.0 (mu_rec=8 mu_bwd=4) | grad=11904.000 | tok/s=31,562 | tokens=0.20B
step=  6050 | loss=6.4235 | lr=3.00e-04 | wd=0.0604 | mom=0.9500 | T=9.8 k=4.0 (mu_rec=8 mu_bwd=4) | grad=452608.000 | tok/s=7,078 | tokens=0.20B
step=  6060 | loss=6.4113 | lr=3.00e-04 | wd=0.0603 | mom=0.9500 | T=7.0 k=4.0 (mu_rec=8 mu_bwd=4) | grad=9856.000 | tok/s=34,847 | tokens=0.20B
step=  6070 | loss=6.3053 | lr=3.00e-04 | wd=0.0602 | mom=0.9500 | T=9.2 k=3.2 (mu_rec=8 mu_bwd=4) | grad=1504.000 | tok/s=34,668 | tokens=0.20B
step=  6080 | loss=6.3313 | lr=3.00e-04 | wd=0.0602 | mom=0.9500 | T=5.2 k=3.2 (mu_rec=8 mu_bwd=4) | grad=8832.000 | tok/s=33,023 | tokens=0.20B
step=  6090 | loss=6.3159 | lr=3.00e-04 | wd=0.0601 | mom=0.9500 | T=9.0 k=4.0 (mu_rec=8 mu_bwd=4) | grad=8128.000 | tok/s=35,472 | tokens=0.20B
step=  6100 | loss=6.3495 | lr=3.00e-04 | wd=0.0600 | mom=0.9500 | T=7.8 k=4.0 (mu_rec=8 mu_bwd=4) | grad=9600.000 | tok/s=31,153 | tokens=0.20B
step=  6110 | loss=6.6309 | lr=3.00e-04 | wd=0.0600 | mom=0.9500 | T=5.0 k=3.5 (mu_rec=8 mu_bwd=4) | grad=1864.000 | tok/s=35,169 | tokens=0.20B
step=  6120 | loss=6.5735 | lr=3.00e-04 | wd=0.0599 | mom=0.9500 | T=5.5 k=4.0 (mu_rec=8 mu_bwd=4) | grad=1000.000 | tok/s=32,565 | tokens=0.20B
step=  6130 | loss=6.4258 | lr=3.00e-04 | wd=0.0598 | mom=0.9500 | T=11.5 k=4.0 (mu_rec=8 mu_bwd=4) | grad=556.000 | tok/s=30,610 | tokens=0.20B
step=  6140 | loss=6.3800 | lr=3.00e-04 | wd=0.0598 | mom=0.9500 | T=5.8 k=4.0 (mu_rec=8 mu_bwd=4) | grad=656.000 | tok/s=34,237 | tokens=0.20B
step=  6150 | loss=6.5893 | lr=3.00e-04 | wd=0.0597 | mom=0.9500 | T=8.8 k=4.0 (mu_rec=8 mu_bwd=4) | grad=912.000 | tok/s=34,048 | tokens=0.20B
step=  6160 | loss=6.7159 | lr=3.00e-04 | wd=0.0596 | mom=0.9500 | T=9.2 k=3.8 (mu_rec=8 mu_bwd=4) | grad=312.000 | tok/s=34,968 | tokens=0.20B
step=  6170 | loss=6.3944 | lr=3.00e-04 | wd=0.0596 | mom=0.9500 | T=7.5 k=3.2 (mu_rec=8 mu_bwd=4) | grad=176.000 | tok/s=33,757 | tokens=0.20B
step=  6180 | loss=6.1721 | lr=3.00e-04 | wd=0.0595 | mom=0.9500 | T=6.2 k=4.0 (mu_rec=8 mu_bwd=4) | grad=424.000 | tok/s=33,662 | tokens=0.20B
step=  6190 | loss=6.4131 | lr=3.00e-04 | wd=0.0594 | mom=0.9500 | T=8.5 k=4.0 (mu_rec=8 mu_bwd=4) | grad=440.000 | tok/s=34,077 | tokens=0.20B
step=  6200 | loss=6.2711 | lr=3.00e-04 | wd=0.0594 | mom=0.9500 | T=4.8 k=3.2 (mu_rec=8 mu_bwd=4) | grad=1856.000 | tok/s=34,272 | tokens=0.20B
step=  6210 | loss=6.4181 | lr=3.00e-04 | wd=0.0593 | mom=0.9500 | T=7.0 k=3.5 (mu_rec=8 mu_bwd=4) | grad=144.000 | tok/s=32,243 | tokens=0.20B
step=  6220 | loss=6.3765 | lr=3.00e-04 | wd=0.0592 | mom=0.9500 | T=13.5 k=4.0 (mu_rec=8 mu_bwd=4) | grad=100.500 | tok/s=32,793 | tokens=0.20B
step=  6230 | loss=5.9485 | lr=3.00e-04 | wd=0.0592 | mom=0.9500 | T=5.8 k=4.0 (mu_rec=8 mu_bwd=4) | grad=245.000 | tok/s=34,962 | tokens=0.20B
step=  6240 | loss=6.1087 | lr=3.00e-04 | wd=0.0591 | mom=0.9500 | T=14.2 k=4.0 (mu_rec=8 mu_bwd=4) | grad=1040.000 | tok/s=34,007 | tokens=0.20B
step=  6250 | loss=6.5540 | lr=3.00e-04 | wd=0.0590 | mom=0.9500 | T=13.5 k=4.0 (mu_rec=8 mu_bwd=4) | grad=217.000 | tok/s=31,681 | tokens=0.20B
step=  6260 | loss=6.3400 | lr=3.00e-04 | wd=0.0590 | mom=0.9500 | T=11.2 k=4.0 (mu_rec=8 mu_bwd=4) | grad=179.000 | tok/s=31,231 | tokens=0.21B
step=  6270 | loss=6.3890 | lr=3.00e-04 | wd=0.0589 | mom=0.9500 | T=7.2 k=3.8 (mu_rec=8 mu_bwd=4) | grad=316.000 | tok/s=34,634 | tokens=0.21B
step=  6280 | loss=6.3761 | lr=3.00e-04 | wd=0.0588 | mom=0.9500 | T=9.0 k=4.0 (mu_rec=8 mu_bwd=4) | grad=134.000 | tok/s=32,212 | tokens=0.21B
step=  6290 | loss=6.3812 | lr=3.00e-04 | wd=0.0588 | mom=0.9500 | T=6.8 k=3.5 (mu_rec=8 mu_bwd=4) | grad=87.000 | tok/s=32,866 | tokens=0.21B
step=  6300 | loss=6.3617 | lr=3.00e-04 | wd=0.0587 | mom=0.9500 | T=6.5 k=4.0 (mu_rec=8 mu_bwd=4) | grad=616.000 | tok/s=33,012 | tokens=0.21B
step=  6310 | loss=8.1321 | lr=3.00e-04 | wd=0.0587 | mom=0.9500 | T=5.8 k=3.2 (mu_rec=8 mu_bwd=4) | grad=222.000 | tok/s=36,113 | tokens=0.21B
step=  6320 | loss=6.3935 | lr=3.00e-04 | wd=0.0586 | mom=0.9500 | T=9.2 k=3.2 (mu_rec=8 mu_bwd=4) | grad=544.000 | tok/s=33,662 | tokens=0.21B
step=  6330 | loss=6.5027 | lr=3.00e-04 | wd=0.0585 | mom=0.9500 | T=10.2 k=4.0 (mu_rec=8 mu_bwd=4) | grad=276.000 | tok/s=32,700 | tokens=0.21B
step=  6340 | loss=6.3423 | lr=3.00e-04 | wd=0.0585 | mom=0.9500 | T=9.5 k=4.0 (mu_rec=8 mu_bwd=4) | grad=195.000 | tok/s=32,186 | tokens=0.21B
step=  6350 | loss=6.3045 | lr=3.00e-04 | wd=0.0584 | mom=0.9500 | T=6.2 k=3.2 (mu_rec=8 mu_bwd=4) | grad=143.000 | tok/s=34,576 | tokens=0.21B
step=  6360 | loss=6.4392 | lr=3.00e-04 | wd=0.0583 | mom=0.9500 | T=6.8 k=4.0 (mu_rec=8 mu_bwd=4) | grad=233.000 | tok/s=33,776 | tokens=0.21B
step=  6370 | loss=6.5190 | lr=3.00e-04 | wd=0.0583 | mom=0.9500 | T=11.8 k=4.0 (mu_rec=8 mu_bwd=4) | grad=121.000 | tok/s=34,288 | tokens=0.21B
step=  6380 | loss=6.4771 | lr=3.00e-04 | wd=0.0582 | mom=0.9500 | T=12.2 k=4.0 (mu_rec=8 mu_bwd=4) | grad=152.000 | tok/s=33,793 | tokens=0.21B
step=  6390 | loss=6.4658 | lr=3.00e-04 | wd=0.0581 | mom=0.9500 | T=5.0 k=3.5 (mu_rec=8 mu_bwd=4) | grad=137.000 | tok/s=34,340 | tokens=0.21B
step=  6400 | loss=6.3480 | lr=3.00e-04 | wd=0.0581 | mom=0.9500 | T=8.8 k=3.2 (mu_rec=8 mu_bwd=4) | grad=156.000 | tok/s=33,285 | tokens=0.21B
step=  6410 | loss=6.4185 | lr=3.00e-04 | wd=0.0580 | mom=0.9500 | T=5.5 k=4.0 (mu_rec=8 mu_bwd=4) | grad=604.000 | tok/s=34,778 | tokens=0.21B
step=  6420 | loss=6.5739 | lr=3.00e-04 | wd=0.0579 | mom=0.9500 | T=7.2 k=4.0 (mu_rec=8 mu_bwd=4) | grad=640.000 | tok/s=32,855 | tokens=0.21B
step=  6430 | loss=7.1944 | lr=3.00e-04 | wd=0.0579 | mom=0.9500 | T=7.2 k=4.0 (mu_rec=8 mu_bwd=4) | grad=394.000 | tok/s=34,693 | tokens=0.21B
step=  6440 | loss=6.6819 | lr=3.00e-04 | wd=0.0578 | mom=0.9500 | T=8.0 k=3.5 (mu_rec=8 mu_bwd=4) | grad=440.000 | tok/s=34,296 | tokens=0.21B
step=  6450 | loss=6.8995 | lr=3.00e-04 | wd=0.0577 | mom=0.9500 | T=7.2 k=4.0 (mu_rec=8 mu_bwd=4) | grad=292.000 | tok/s=33,741 | tokens=0.21B
step=  6460 | loss=6.3433 | lr=3.00e-04 | wd=0.0577 | mom=0.9500 | T=7.0 k=4.0 (mu_rec=8 mu_bwd=4) | grad=486.000 | tok/s=33,970 | tokens=0.21B
step=  6470 | loss=6.4033 | lr=3.00e-04 | wd=0.0576 | mom=0.9500 | T=6.0 k=4.0 (mu_rec=8 mu_bwd=4) | grad=352.000 | tok/s=32,544 | tokens=0.21B
step=  6480 | loss=6.8011 | lr=3.00e-04 | wd=0.0575 | mom=0.9500 | T=6.2 k=4.0 (mu_rec=8 mu_bwd=4) | grad=1088.000 | tok/s=34,049 | tokens=0.21B
step=  6490 | loss=5.9931 | lr=3.00e-04 | wd=0.0575 | mom=0.9500 | T=5.2 k=3.8 (mu_rec=8 mu_bwd=4) | grad=280.000 | tok/s=34,450 | tokens=0.21B
step=  6500 | loss=6.5053 | lr=3.00e-04 | wd=0.0574 | mom=0.9500 | T=4.2 k=3.0 (mu_rec=8 mu_bwd=4) | grad=300.000 | tok/s=32,969 | tokens=0.21B
step=  6510 | loss=6.3568 | lr=3.00e-04 | wd=0.0573 | mom=0.9500 | T=12.0 k=4.0 (mu_rec=8 mu_bwd=4) | grad=432.000 | tok/s=33,443 | tokens=0.21B
step=  6520 | loss=6.3152 | lr=3.00e-04 | wd=0.0573 | mom=0.9500 | T=5.2 k=3.5 (mu_rec=8 mu_bwd=4) | grad=254.000 | tok/s=34,807 | tokens=0.21B
step=  6530 | loss=6.4280 | lr=3.00e-04 | wd=0.0572 | mom=0.9500 | T=7.0 k=3.8 (mu_rec=8 mu_bwd=4) | grad=278.000 | tok/s=34,913 | tokens=0.21B
step=  6540 | loss=6.2775 | lr=3.00e-04 | wd=0.0571 | mom=0.9500 | T=6.0 k=3.0 (mu_rec=8 mu_bwd=4) | grad=350.000 | tok/s=34,245 | tokens=0.21B
step=  6550 | loss=6.3314 | lr=3.00e-04 | wd=0.0571 | mom=0.9500 | T=4.5 k=3.2 (mu_rec=8 mu_bwd=4) | grad=157.000 | tok/s=33,503 | tokens=0.21B
step=  6560 | loss=6.2546 | lr=3.00e-04 | wd=0.0570 | mom=0.9500 | T=9.5 k=4.0 (mu_rec=8 mu_bwd=4) | grad=212.000 | tok/s=31,800 | tokens=0.21B
step=  6570 | loss=6.3787 | lr=3.00e-04 | wd=0.0569 | mom=0.9500 | T=6.2 k=3.0 (mu_rec=8 mu_bwd=4) | grad=340.000 | tok/s=34,002 | tokens=0.22B
step=  6580 | loss=6.2595 | lr=3.00e-04 | wd=0.0569 | mom=0.9500 | T=6.8 k=3.8 (mu_rec=8 mu_bwd=4) | grad=502.000 | tok/s=33,322 | tokens=0.22B
step=  6590 | loss=6.3524 | lr=3.00e-04 | wd=0.0568 | mom=0.9500 | T=7.2 k=3.8 (mu_rec=8 mu_bwd=4) | grad=768.000 | tok/s=35,692 | tokens=0.22B
step=  6600 | loss=6.4383 | lr=3.00e-04 | wd=0.0568 | mom=0.9500 | T=9.8 k=4.0 (mu_rec=8 mu_bwd=4) | grad=1168.000 | tok/s=33,935 | tokens=0.22B
step=  6610 | loss=6.5215 | lr=3.00e-04 | wd=0.0567 | mom=0.9500 | T=10.8 k=4.0 (mu_rec=8 mu_bwd=4) | grad=760.000 | tok/s=34,776 | tokens=0.22B
step=  6620 | loss=6.3582 | lr=3.00e-04 | wd=0.0566 | mom=0.9500 | T=11.0 k=4.0 (mu_rec=8 mu_bwd=4) | grad=7456.000 | tok/s=33,862 | tokens=0.22B
step=  6630 | loss=6.3310 | lr=3.00e-04 | wd=0.0566 | mom=0.9500 | T=6.5 k=3.2 (mu_rec=8 mu_bwd=4) | grad=980.000 | tok/s=34,849 | tokens=0.22B
step=  6640 | loss=6.3096 | lr=3.00e-04 | wd=0.0565 | mom=0.9500 | T=9.8 k=4.0 (mu_rec=8 mu_bwd=4) | grad=5376.000 | tok/s=34,423 | tokens=0.22B
step=  6650 | loss=6.2915 | lr=3.00e-04 | wd=0.0564 | mom=0.9500 | T=12.8 k=4.0 (mu_rec=8 mu_bwd=4) | grad=41728.000 | tok/s=33,426 | tokens=0.22B
step=  6660 | loss=6.2334 | lr=3.00e-04 | wd=0.0564 | mom=0.9500 | T=11.8 k=4.0 (mu_rec=8 mu_bwd=4) | grad=10560.000 | tok/s=33,676 | tokens=0.22B
step=  6670 | loss=6.3112 | lr=3.00e-04 | wd=0.0563 | mom=0.9500 | T=8.2 k=4.0 (mu_rec=8 mu_bwd=4) | grad=17024.000 | tok/s=37,954 | tokens=0.22B
step=  6680 | loss=6.6582 | lr=3.00e-04 | wd=0.0562 | mom=0.9500 | T=10.8 k=4.0 (mu_rec=8 mu_bwd=4) | grad=33024.000 | tok/s=33,769 | tokens=0.22B
step=  6690 | loss=6.3388 | lr=3.00e-04 | wd=0.0562 | mom=0.9500 | T=11.0 k=3.5 (mu_rec=8 mu_bwd=4) | grad=4256.000 | tok/s=32,524 | tokens=0.22B
step=  6700 | loss=6.6016 | lr=3.00e-04 | wd=0.0561 | mom=0.9500 | T=15.0 k=4.0 (mu_rec=8 mu_bwd=4) | grad=7520.000 | tok/s=31,618 | tokens=0.22B
step=  6710 | loss=6.7021 | lr=3.00e-04 | wd=0.0560 | mom=0.9500 | T=11.0 k=4.0 (mu_rec=8 mu_bwd=4) | grad=13632.000 | tok/s=31,764 | tokens=0.22B
step=  6720 | loss=6.3561 | lr=3.00e-04 | wd=0.0560 | mom=0.9500 | T=8.5 k=4.0 (mu_rec=8 mu_bwd=4) | grad=1840.000 | tok/s=31,933 | tokens=0.22B
step=  6730 | loss=6.3052 | lr=3.00e-04 | wd=0.0559 | mom=0.9500 | T=6.0 k=4.0 (mu_rec=8 mu_bwd=4) | grad=11392.000 | tok/s=35,258 | tokens=0.22B
step=  6740 | loss=6.4498 | lr=3.00e-04 | wd=0.0558 | mom=0.9500 | T=6.8 k=3.8 (mu_rec=8 mu_bwd=4) | grad=11456.000 | tok/s=35,043 | tokens=0.22B
step=  6750 | loss=6.2545 | lr=3.00e-04 | wd=0.0558 | mom=0.9500 | T=3.8 k=3.5 (mu_rec=8 mu_bwd=4) | grad=5248.000 | tok/s=7,355 | tokens=0.22B
step=  6760 | loss=6.3448 | lr=3.00e-04 | wd=0.0557 | mom=0.9500 | T=6.2 k=3.0 (mu_rec=8 mu_bwd=4) | grad=19840.000 | tok/s=34,386 | tokens=0.22B
step=  6770 | loss=6.2214 | lr=3.00e-04 | wd=0.0556 | mom=0.9500 | T=7.5 k=3.5 (mu_rec=8 mu_bwd=4) | grad=69120.000 | tok/s=34,374 | tokens=0.22B
step=  6780 | loss=6.0718 | lr=3.00e-04 | wd=0.0556 | mom=0.9500 | T=10.8 k=4.0 (mu_rec=8 mu_bwd=4) | grad=37376.000 | tok/s=32,313 | tokens=0.22B
step=  6790 | loss=6.5676 | lr=3.00e-04 | wd=0.0555 | mom=0.9500 | T=8.2 k=4.0 (mu_rec=8 mu_bwd=4) | grad=24704.000 | tok/s=34,810 | tokens=0.22B
step=  6800 | loss=6.3891 | lr=3.00e-04 | wd=0.0554 | mom=0.9500 | T=6.0 k=3.8 (mu_rec=8 mu_bwd=4) | grad=8192.000 | tok/s=35,209 | tokens=0.22B
step=  6810 | loss=6.3844 | lr=3.00e-04 | wd=0.0554 | mom=0.9500 | T=6.5 k=3.8 (mu_rec=8 mu_bwd=4) | grad=1784.000 | tok/s=35,366 | tokens=0.22B
step=  6820 | loss=6.4859 | lr=3.00e-04 | wd=0.0553 | mom=0.9500 | T=6.0 k=4.0 (mu_rec=8 mu_bwd=4) | grad=2976.000 | tok/s=34,256 | tokens=0.22B
step=  6830 | loss=6.6597 | lr=3.00e-04 | wd=0.0552 | mom=0.9500 | T=10.0 k=4.0 (mu_rec=8 mu_bwd=4) | grad=2416.000 | tok/s=31,423 | tokens=0.22B
step=  6840 | loss=6.3445 | lr=3.00e-04 | wd=0.0552 | mom=0.9500 | T=12.5 k=4.0 (mu_rec=8 mu_bwd=4) | grad=3216.000 | tok/s=33,435 | tokens=0.22B
step=  6850 | loss=6.3736 | lr=3.00e-04 | wd=0.0551 | mom=0.9500 | T=8.2 k=3.5 (mu_rec=8 mu_bwd=4) | grad=422.000 | tok/s=34,255 | tokens=0.22B
step=  6860 | loss=6.4562 | lr=3.00e-04 | wd=0.0550 | mom=0.9500 | T=7.8 k=4.0 (mu_rec=8 mu_bwd=4) | grad=480.000 | tok/s=35,112 | tokens=0.22B
step=  6870 | loss=6.6585 | lr=3.00e-04 | wd=0.0550 | mom=0.9500 | T=7.0 k=4.0 (mu_rec=8 mu_bwd=4) | grad=696.000 | tok/s=33,737 | tokens=0.23B
step=  6880 | loss=6.5804 | lr=3.00e-04 | wd=0.0549 | mom=0.9500 | T=9.5 k=4.0 (mu_rec=8 mu_bwd=4) | grad=2080.000 | tok/s=32,092 | tokens=0.23B
step=  6890 | loss=6.6033 | lr=3.00e-04 | wd=0.0548 | mom=0.9500 | T=9.5 k=4.0 (mu_rec=8 mu_bwd=4) | grad=354.000 | tok/s=34,059 | tokens=0.23B
step=  6900 | loss=6.4460 | lr=3.00e-04 | wd=0.0548 | mom=0.9500 | T=7.0 k=3.5 (mu_rec=8 mu_bwd=4) | grad=1032.000 | tok/s=33,619 | tokens=0.23B
step=  6910 | loss=6.7055 | lr=3.00e-04 | wd=0.0547 | mom=0.9500 | T=7.0 k=3.5 (mu_rec=8 mu_bwd=4) | grad=4128.000 | tok/s=33,191 | tokens=0.23B
step=  6920 | loss=6.3645 | lr=3.00e-04 | wd=0.0547 | mom=0.9500 | T=9.8 k=4.0 (mu_rec=8 mu_bwd=4) | grad=588.000 | tok/s=31,940 | tokens=0.23B
step=  6930 | loss=6.4972 | lr=3.00e-04 | wd=0.0546 | mom=0.9500 | T=3.8 k=2.8 (mu_rec=8 mu_bwd=4) | grad=233.000 | tok/s=36,213 | tokens=0.23B
step=  6940 | loss=6.4360 | lr=3.00e-04 | wd=0.0545 | mom=0.9500 | T=7.2 k=4.0 (mu_rec=8 mu_bwd=4) | grad=468.000 | tok/s=33,834 | tokens=0.23B
step=  6950 | loss=6.4348 | lr=3.00e-04 | wd=0.0545 | mom=0.9500 | T=9.5 k=4.0 (mu_rec=8 mu_bwd=4) | grad=392.000 | tok/s=34,494 | tokens=0.23B
step=  6960 | loss=6.5778 | lr=3.00e-04 | wd=0.0544 | mom=0.9500 | T=5.2 k=3.5 (mu_rec=8 mu_bwd=4) | grad=892.000 | tok/s=34,745 | tokens=0.23B
step=  6970 | loss=7.1916 | lr=3.00e-04 | wd=0.0543 | mom=0.9500 | T=4.8 k=3.2 (mu_rec=8 mu_bwd=4) | grad=4016.000 | tok/s=33,925 | tokens=0.23B
step=  6980 | loss=7.0883 | lr=3.00e-04 | wd=0.0543 | mom=0.9500 | T=6.0 k=3.8 (mu_rec=8 mu_bwd=4) | grad=6464.000 | tok/s=33,591 | tokens=0.23B
step=  6990 | loss=6.7812 | lr=3.00e-04 | wd=0.0542 | mom=0.9500 | T=11.5 k=4.0 (mu_rec=8 mu_bwd=4) | grad=3536.000 | tok/s=31,259 | tokens=0.23B
step=  7000 | loss=6.8364 | lr=3.00e-04 | wd=0.0541 | mom=0.9500 | T=9.2 k=4.0 (mu_rec=8 mu_bwd=4) | grad=2832.000 | tok/s=33,445 | tokens=0.23B
step=  7010 | loss=6.8701 | lr=3.00e-04 | wd=0.0541 | mom=0.9500 | T=11.0 k=3.8 (mu_rec=8 mu_bwd=4) | grad=1632.000 | tok/s=33,548 | tokens=0.23B
step=  7020 | loss=6.9788 | lr=3.00e-04 | wd=0.0540 | mom=0.9500 | T=5.2 k=3.2 (mu_rec=8 mu_bwd=4) | grad=4048.000 | tok/s=32,233 | tokens=0.23B
step=  7030 | loss=6.4647 | lr=3.00e-04 | wd=0.0539 | mom=0.9500 | T=8.5 k=4.0 (mu_rec=8 mu_bwd=4) | grad=1768.000 | tok/s=32,847 | tokens=0.23B
step=  7040 | loss=6.2098 | lr=3.00e-04 | wd=0.0539 | mom=0.9500 | T=6.0 k=3.5 (mu_rec=8 mu_bwd=4) | grad=192.000 | tok/s=8,029 | tokens=0.23B
step=  7050 | loss=6.5629 | lr=3.00e-04 | wd=0.0538 | mom=0.9500 | T=13.8 k=4.0 (mu_rec=8 mu_bwd=4) | grad=336.000 | tok/s=32,131 | tokens=0.23B
step=  7060 | loss=6.6178 | lr=3.00e-04 | wd=0.0537 | mom=0.9500 | T=13.2 k=3.8 (mu_rec=8 mu_bwd=4) | grad=1312.000 | tok/s=30,541 | tokens=0.23B
step=  7070 | loss=6.3455 | lr=3.00e-04 | wd=0.0537 | mom=0.9500 | T=6.0 k=4.0 (mu_rec=8 mu_bwd=4) | grad=1792.000 | tok/s=33,534 | tokens=0.23B
step=  7080 | loss=6.3615 | lr=3.00e-04 | wd=0.0536 | mom=0.9500 | T=6.8 k=4.0 (mu_rec=8 mu_bwd=4) | grad=358.000 | tok/s=34,045 | tokens=0.23B
step=  7090 | loss=6.5916 | lr=3.00e-04 | wd=0.0535 | mom=0.9500 | T=10.8 k=2.5 (mu_rec=8 mu_bwd=4) | grad=516.000 | tok/s=33,818 | tokens=0.23B
step=  7100 | loss=6.6653 | lr=3.00e-04 | wd=0.0535 | mom=0.9500 | T=4.0 k=3.0 (mu_rec=8 mu_bwd=4) | grad=482.000 | tok/s=33,214 | tokens=0.23B
step=  7110 | loss=6.4246 | lr=3.00e-04 | wd=0.0534 | mom=0.9500 | T=9.0 k=4.0 (mu_rec=8 mu_bwd=4) | grad=884.000 | tok/s=32,132 | tokens=0.23B
step=  7120 | loss=6.4238 | lr=3.00e-04 | wd=0.0533 | mom=0.9500 | T=6.2 k=3.8 (mu_rec=8 mu_bwd=4) | grad=6400.000 | tok/s=34,689 | tokens=0.23B
step=  7130 | loss=6.5556 | lr=3.00e-04 | wd=0.0533 | mom=0.9500 | T=8.0 k=4.0 (mu_rec=8 mu_bwd=4) | grad=876.000 | tok/s=38,955 | tokens=0.23B
step=  7140 | loss=6.4541 | lr=3.00e-04 | wd=0.0532 | mom=0.9500 | T=7.0 k=3.8 (mu_rec=8 mu_bwd=4) | grad=258.000 | tok/s=34,612 | tokens=0.23B
step=  7150 | loss=6.6591 | lr=3.00e-04 | wd=0.0531 | mom=0.9500 | T=8.5 k=4.0 (mu_rec=8 mu_bwd=4) | grad=956.000 | tok/s=33,885 | tokens=0.23B
step=  7160 | loss=6.5185 | lr=3.00e-04 | wd=0.0531 | mom=0.9500 | T=10.5 k=4.0 (mu_rec=8 mu_bwd=4) | grad=237.000 | tok/s=32,843 | tokens=0.23B
step=  7170 | loss=6.4796 | lr=3.00e-04 | wd=0.0530 | mom=0.9500 | T=10.2 k=3.5 (mu_rec=8 mu_bwd=4) | grad=336.000 | tok/s=30,326 | tokens=0.23B
step=  7180 | loss=6.5104 | lr=3.00e-04 | wd=0.0529 | mom=0.9500 | T=5.8 k=3.8 (mu_rec=8 mu_bwd=4) | grad=239.000 | tok/s=36,584 | tokens=0.24B
step=  7190 | loss=6.4460 | lr=3.00e-04 | wd=0.0529 | mom=0.9500 | T=4.5 k=3.8 (mu_rec=8 mu_bwd=4) | grad=300.000 | tok/s=32,641 | tokens=0.24B
step=  7200 | loss=6.5626 | lr=3.00e-04 | wd=0.0528 | mom=0.9500 | T=6.5 k=3.2 (mu_rec=8 mu_bwd=4) | grad=249.000 | tok/s=33,087 | tokens=0.24B
step=  7210 | loss=6.3863 | lr=3.00e-04 | wd=0.0528 | mom=0.9500 | T=7.0 k=3.8 (mu_rec=8 mu_bwd=4) | grad=8000.000 | tok/s=32,335 | tokens=0.24B
step=  7220 | loss=6.3412 | lr=3.00e-04 | wd=0.0527 | mom=0.9500 | T=10.2 k=4.0 (mu_rec=8 mu_bwd=4) | grad=320.000 | tok/s=32,083 | tokens=0.24B
step=  7230 | loss=6.3581 | lr=3.00e-04 | wd=0.0526 | mom=0.9500 | T=10.5 k=4.0 (mu_rec=8 mu_bwd=4) | grad=1408.000 | tok/s=35,046 | tokens=0.24B
step=  7240 | loss=6.5543 | lr=3.00e-04 | wd=0.0526 | mom=0.9500 | T=8.0 k=4.0 (mu_rec=8 mu_bwd=4) | grad=9344.000 | tok/s=34,365 | tokens=0.24B
step=  7250 | loss=6.8344 | lr=3.00e-04 | wd=0.0525 | mom=0.9500 | T=5.0 k=3.8 (mu_rec=8 mu_bwd=4) | grad=752.000 | tok/s=33,729 | tokens=0.24B
step=  7260 | loss=6.4191 | lr=3.00e-04 | wd=0.0524 | mom=0.9500 | T=9.5 k=4.0 (mu_rec=8 mu_bwd=4) | grad=8640.000 | tok/s=34,103 | tokens=0.24B
step=  7270 | loss=6.8652 | lr=3.00e-04 | wd=0.0524 | mom=0.9500 | T=8.5 k=4.0 (mu_rec=8 mu_bwd=4) | grad=2000.000 | tok/s=32,475 | tokens=0.24B
step=  7280 | loss=6.7077 | lr=3.00e-04 | wd=0.0523 | mom=0.9500 | T=9.8 k=4.0 (mu_rec=8 mu_bwd=4) | grad=300.000 | tok/s=30,992 | tokens=0.24B
step=  7290 | loss=6.4328 | lr=3.00e-04 | wd=0.0522 | mom=0.9500 | T=7.8 k=4.0 (mu_rec=8 mu_bwd=4) | grad=912.000 | tok/s=32,523 | tokens=0.24B
step=  7300 | loss=6.3983 | lr=3.00e-04 | wd=0.0522 | mom=0.9500 | T=14.0 k=4.0 (mu_rec=8 mu_bwd=4) | grad=524.000 | tok/s=32,760 | tokens=0.24B
step=  7310 | loss=6.2525 | lr=3.00e-04 | wd=0.0521 | mom=0.9500 | T=10.8 k=4.0 (mu_rec=8 mu_bwd=4) | grad=1824.000 | tok/s=33,551 | tokens=0.24B
step=  7320 | loss=6.5450 | lr=3.00e-04 | wd=0.0520 | mom=0.9500 | T=5.2 k=3.5 (mu_rec=8 mu_bwd=4) | grad=392.000 | tok/s=33,014 | tokens=0.24B
step=  7330 | loss=6.5406 | lr=3.00e-04 | wd=0.0520 | mom=0.9500 | T=7.0 k=3.0 (mu_rec=8 mu_bwd=4) | grad=288.000 | tok/s=34,089 | tokens=0.24B
step=  7340 | loss=6.5065 | lr=3.00e-04 | wd=0.0519 | mom=0.9500 | T=11.0 k=3.8 (mu_rec=8 mu_bwd=4) | grad=236.000 | tok/s=33,288 | tokens=0.24B
step=  7350 | loss=6.5572 | lr=3.00e-04 | wd=0.0518 | mom=0.9500 | T=5.8 k=3.5 (mu_rec=8 mu_bwd=4) | grad=720.000 | tok/s=33,570 | tokens=0.24B
step=  7360 | loss=6.4842 | lr=3.00e-04 | wd=0.0518 | mom=0.9500 | T=5.5 k=4.0 (mu_rec=8 mu_bwd=4) | grad=278.000 | tok/s=32,698 | tokens=0.24B
step=  7370 | loss=6.3752 | lr=3.00e-04 | wd=0.0517 | mom=0.9500 | T=4.8 k=2.8 (mu_rec=8 mu_bwd=4) | grad=129.000 | tok/s=36,590 | tokens=0.24B
step=  7380 | loss=6.3503 | lr=3.00e-04 | wd=0.0516 | mom=0.9500 | T=11.8 k=4.0 (mu_rec=8 mu_bwd=4) | grad=322.000 | tok/s=31,157 | tokens=0.24B
step=  7390 | loss=6.6662 | lr=3.00e-04 | wd=0.0516 | mom=0.9500 | T=5.8 k=3.8 (mu_rec=8 mu_bwd=4) | grad=660.000 | tok/s=33,467 | tokens=0.24B
step=  7400 | loss=6.4427 | lr=3.00e-04 | wd=0.0515 | mom=0.9500 | T=9.2 k=3.8 (mu_rec=8 mu_bwd=4) | grad=1048.000 | tok/s=32,212 | tokens=0.24B
step=  7410 | loss=6.5511 | lr=3.00e-04 | wd=0.0514 | mom=0.9500 | T=9.8 k=3.8 (mu_rec=8 mu_bwd=4) | grad=2352.000 | tok/s=34,518 | tokens=0.24B
step=  7420 | loss=6.8107 | lr=3.00e-04 | wd=0.0514 | mom=0.9500 | T=7.0 k=4.0 (mu_rec=8 mu_bwd=4) | grad=2416.000 | tok/s=34,646 | tokens=0.24B
step=  7430 | loss=6.5680 | lr=3.00e-04 | wd=0.0513 | mom=0.9500 | T=8.0 k=3.2 (mu_rec=8 mu_bwd=4) | grad=12608.000 | tok/s=33,458 | tokens=0.24B
step=  7440 | loss=6.3329 | lr=3.00e-04 | wd=0.0512 | mom=0.9500 | T=10.0 k=3.8 (mu_rec=8 mu_bwd=4) | grad=648.000 | tok/s=33,880 | tokens=0.24B
step=  7450 | loss=6.8439 | lr=3.00e-04 | wd=0.0512 | mom=0.9500 | T=4.5 k=3.5 (mu_rec=8 mu_bwd=4) | grad=1072.000 | tok/s=35,330 | tokens=0.24B
step=  7460 | loss=6.6055 | lr=3.00e-04 | wd=0.0511 | mom=0.9500 | T=7.5 k=3.5 (mu_rec=8 mu_bwd=4) | grad=346.000 | tok/s=33,270 | tokens=0.24B
step=  7470 | loss=6.4512 | lr=3.00e-04 | wd=0.0510 | mom=0.9500 | T=6.8 k=4.0 (mu_rec=8 mu_bwd=4) | grad=380.000 | tok/s=36,325 | tokens=0.24B
step=  7480 | loss=6.4054 | lr=3.00e-04 | wd=0.0510 | mom=0.9500 | T=9.5 k=3.2 (mu_rec=8 mu_bwd=4) | grad=1576.000 | tok/s=30,079 | tokens=0.25B
step=  7490 | loss=6.4035 | lr=3.00e-04 | wd=0.0509 | mom=0.9500 | T=9.0 k=4.0 (mu_rec=8 mu_bwd=4) | grad=6752.000 | tok/s=32,389 | tokens=0.25B
step=  7500 | loss=6.5509 | lr=3.00e-04 | wd=0.0509 | mom=0.9500 | T=3.2 k=3.0 (mu_rec=8 mu_bwd=4) | grad=348.000 | tok/s=34,026 | tokens=0.25B
step=  7510 | loss=6.4824 | lr=3.00e-04 | wd=0.0508 | mom=0.9500 | T=9.0 k=4.0 (mu_rec=8 mu_bwd=4) | grad=2256.000 | tok/s=33,600 | tokens=0.25B
step=  7520 | loss=6.4995 | lr=3.00e-04 | wd=0.0507 | mom=0.9500 | T=12.0 k=4.0 (mu_rec=8 mu_bwd=4) | grad=187.000 | tok/s=35,491 | tokens=0.25B
step=  7530 | loss=6.4784 | lr=3.00e-04 | wd=0.0507 | mom=0.9500 | T=15.5 k=3.8 (mu_rec=8 mu_bwd=4) | grad=424.000 | tok/s=31,612 | tokens=0.25B
step=  7540 | loss=6.4580 | lr=3.00e-04 | wd=0.0506 | mom=0.9500 | T=6.0 k=3.8 (mu_rec=8 mu_bwd=4) | grad=231.000 | tok/s=35,643 | tokens=0.25B
step=  7550 | loss=7.0210 | lr=3.00e-04 | wd=0.0505 | mom=0.9500 | T=5.5 k=3.5 (mu_rec=8 mu_bwd=4) | grad=432.000 | tok/s=35,004 | tokens=0.25B
step=  7560 | loss=6.7155 | lr=3.00e-04 | wd=0.0505 | mom=0.9500 | T=7.2 k=3.8 (mu_rec=8 mu_bwd=4) | grad=170.000 | tok/s=34,297 | tokens=0.25B
step=  7570 | loss=6.4696 | lr=3.00e-04 | wd=0.0504 | mom=0.9500 | T=7.2 k=4.0 (mu_rec=8 mu_bwd=4) | grad=1288.000 | tok/s=34,180 | tokens=0.25B
step=  7580 | loss=6.3431 | lr=3.00e-04 | wd=0.0503 | mom=0.9500 | T=9.0 k=3.5 (mu_rec=8 mu_bwd=4) | grad=187.000 | tok/s=32,483 | tokens=0.25B
step=  7590 | loss=6.3729 | lr=3.00e-04 | wd=0.0503 | mom=0.9500 | T=8.8 k=3.5 (mu_rec=8 mu_bwd=4) | grad=344.000 | tok/s=31,672 | tokens=0.25B
step=  7600 | loss=6.2250 | lr=3.00e-04 | wd=0.0502 | mom=0.9500 | T=6.5 k=4.0 (mu_rec=8 mu_bwd=4) | grad=55.750 | tok/s=33,532 | tokens=0.25B
step=  7610 | loss=6.2799 | lr=3.00e-04 | wd=0.0501 | mom=0.9500 | T=11.2 k=4.0 (mu_rec=8 mu_bwd=4) | grad=158.000 | tok/s=33,371 | tokens=0.25B
step=  7620 | loss=6.5275 | lr=3.00e-04 | wd=0.0501 | mom=0.9500 | T=18.5 k=4.0 (mu_rec=8 mu_bwd=4) | grad=134.000 | tok/s=31,022 | tokens=0.25B
step=  7630 | loss=6.3515 | lr=3.00e-04 | wd=0.0500 | mom=0.9500 | T=6.0 k=3.8 (mu_rec=8 mu_bwd=4) | grad=1004.000 | tok/s=32,856 | tokens=0.25B
step=  7640 | loss=6.3110 | lr=3.00e-04 | wd=0.0499 | mom=0.9500 | T=11.0 k=4.0 (mu_rec=8 mu_bwd=4) | grad=7072.000 | tok/s=32,883 | tokens=0.25B
step=  7650 | loss=6.4651 | lr=3.00e-04 | wd=0.0499 | mom=0.9500 | T=9.5 k=3.8 (mu_rec=8 mu_bwd=4) | grad=171.000 | tok/s=34,394 | tokens=0.25B
step=  7660 | loss=6.5442 | lr=3.00e-04 | wd=0.0498 | mom=0.9500 | T=8.0 k=4.0 (mu_rec=8 mu_bwd=4) | grad=234.000 | tok/s=33,746 | tokens=0.25B
step=  7670 | loss=6.4894 | lr=3.00e-04 | wd=0.0497 | mom=0.9500 | T=11.0 k=4.0 (mu_rec=8 mu_bwd=4) | grad=564.000 | tok/s=30,391 | tokens=0.25B
step=  7680 | loss=6.4627 | lr=3.00e-04 | wd=0.0497 | mom=0.9500 | T=6.8 k=3.2 (mu_rec=8 mu_bwd=4) | grad=306.000 | tok/s=7,212 | tokens=0.25B
step=  7690 | loss=6.1931 | lr=3.00e-04 | wd=0.0496 | mom=0.9500 | T=8.2 k=4.0 (mu_rec=8 mu_bwd=4) | grad=169.000 | tok/s=31,815 | tokens=0.25B
step=  7700 | loss=6.1299 | lr=3.00e-04 | wd=0.0495 | mom=0.9500 | T=6.5 k=3.5 (mu_rec=8 mu_bwd=4) | grad=270.000 | tok/s=33,483 | tokens=0.25B
step=  7710 | loss=6.4255 | lr=3.00e-04 | wd=0.0495 | mom=0.9500 | T=10.0 k=4.0 (mu_rec=8 mu_bwd=4) | grad=8384.000 | tok/s=32,953 | tokens=0.25B
step=  7720 | loss=6.3365 | lr=3.00e-04 | wd=0.0494 | mom=0.9500 | T=9.0 k=3.8 (mu_rec=8 mu_bwd=4) | grad=199.000 | tok/s=33,654 | tokens=0.25B
step=  7730 | loss=6.2526 | lr=3.00e-04 | wd=0.0493 | mom=0.9500 | T=4.2 k=2.8 (mu_rec=8 mu_bwd=4) | grad=376.000 | tok/s=35,257 | tokens=0.25B
step=  7740 | loss=6.2349 | lr=3.00e-04 | wd=0.0493 | mom=0.9500 | T=6.5 k=4.0 (mu_rec=8 mu_bwd=4) | grad=320.000 | tok/s=35,704 | tokens=0.25B
step=  7750 | loss=6.3166 | lr=3.00e-04 | wd=0.0492 | mom=0.9500 | T=9.2 k=3.8 (mu_rec=8 mu_bwd=4) | grad=356.000 | tok/s=33,579 | tokens=0.25B
step=  7760 | loss=6.4193 | lr=3.00e-04 | wd=0.0491 | mom=0.9500 | T=6.5 k=3.5 (mu_rec=8 mu_bwd=4) | grad=206.000 | tok/s=32,946 | tokens=0.25B
step=  7770 | loss=6.1179 | lr=3.00e-04 | wd=0.0491 | mom=0.9500 | T=8.2 k=4.0 (mu_rec=8 mu_bwd=4) | grad=185.000 | tok/s=36,501 | tokens=0.25B
step=  7780 | loss=5.9126 | lr=3.00e-04 | wd=0.0490 | mom=0.9500 | T=8.2 k=3.5 (mu_rec=8 mu_bwd=4) | grad=112.000 | tok/s=34,758 | tokens=0.25B
step=  7790 | loss=6.1675 | lr=3.00e-04 | wd=0.0490 | mom=0.9500 | T=5.5 k=4.0 (mu_rec=8 mu_bwd=4) | grad=204.000 | tok/s=31,949 | tokens=0.26B
step=  7800 | loss=6.3078 | lr=3.00e-04 | wd=0.0489 | mom=0.9500 | T=9.0 k=4.0 (mu_rec=8 mu_bwd=4) | grad=127.500 | tok/s=33,453 | tokens=0.26B
step=  7810 | loss=6.2264 | lr=3.00e-04 | wd=0.0488 | mom=0.9500 | T=6.2 k=2.5 (mu_rec=8 mu_bwd=4) | grad=87.500 | tok/s=35,241 | tokens=0.26B
step=  7820 | loss=6.1745 | lr=3.00e-04 | wd=0.0488 | mom=0.9500 | T=9.0 k=4.0 (mu_rec=8 mu_bwd=4) | grad=262.000 | tok/s=33,594 | tokens=0.26B
step=  7830 | loss=6.0421 | lr=3.00e-04 | wd=0.0487 | mom=0.9500 | T=8.0 k=4.0 (mu_rec=8 mu_bwd=4) | grad=500.000 | tok/s=36,865 | tokens=0.26B
step=  7840 | loss=6.3100 | lr=3.00e-04 | wd=0.0486 | mom=0.9500 | T=6.5 k=4.0 (mu_rec=8 mu_bwd=4) | grad=165.000 | tok/s=34,411 | tokens=0.26B
step=  7850 | loss=6.4338 | lr=3.00e-04 | wd=0.0486 | mom=0.9500 | T=8.2 k=4.0 (mu_rec=8 mu_bwd=4) | grad=4096.000 | tok/s=34,861 | tokens=0.26B
step=  7860 | loss=6.3644 | lr=3.00e-04 | wd=0.0485 | mom=0.9500 | T=7.0 k=4.0 (mu_rec=8 mu_bwd=4) | grad=396.000 | tok/s=31,614 | tokens=0.26B
step=  7870 | loss=6.3357 | lr=3.00e-04 | wd=0.0484 | mom=0.9500 | T=5.8 k=3.5 (mu_rec=8 mu_bwd=4) | grad=696.000 | tok/s=36,352 | tokens=0.26B
step=  7880 | loss=6.3116 | lr=3.00e-04 | wd=0.0484 | mom=0.9500 | T=7.8 k=3.5 (mu_rec=8 mu_bwd=4) | grad=220.000 | tok/s=31,034 | tokens=0.26B
step=  7890 | loss=6.3141 | lr=3.00e-04 | wd=0.0483 | mom=0.9500 | T=8.0 k=4.0 (mu_rec=8 mu_bwd=4) | grad=3136.000 | tok/s=33,001 | tokens=0.26B
step=  7900 | loss=6.3983 | lr=3.00e-04 | wd=0.0482 | mom=0.9500 | T=6.8 k=3.8 (mu_rec=8 mu_bwd=4) | grad=1064.000 | tok/s=32,428 | tokens=0.26B
step=  7910 | loss=6.3400 | lr=3.00e-04 | wd=0.0482 | mom=0.9500 | T=9.0 k=4.0 (mu_rec=8 mu_bwd=4) | grad=872.000 | tok/s=7,969 | tokens=0.26B
step=  7920 | loss=6.3040 | lr=3.00e-04 | wd=0.0481 | mom=0.9500 | T=9.2 k=4.0 (mu_rec=8 mu_bwd=4) | grad=167.000 | tok/s=33,538 | tokens=0.26B
step=  7930 | loss=6.1079 | lr=3.00e-04 | wd=0.0480 | mom=0.9500 | T=8.0 k=3.2 (mu_rec=8 mu_bwd=4) | grad=9024.000 | tok/s=32,014 | tokens=0.26B
step=  7940 | loss=6.1335 | lr=3.00e-04 | wd=0.0480 | mom=0.9500 | T=9.8 k=4.0 (mu_rec=8 mu_bwd=4) | grad=12288.000 | tok/s=33,710 | tokens=0.26B
step=  7950 | loss=7.2202 | lr=3.00e-04 | wd=0.0479 | mom=0.9500 | T=7.5 k=3.2 (mu_rec=8 mu_bwd=4) | grad=2320.000 | tok/s=33,303 | tokens=0.26B
step=  7960 | loss=6.4646 | lr=3.00e-04 | wd=0.0478 | mom=0.9500 | T=10.0 k=4.0 (mu_rec=8 mu_bwd=4) | grad=1296.000 | tok/s=33,937 | tokens=0.26B
step=  7970 | loss=6.9443 | lr=3.00e-04 | wd=0.0478 | mom=0.9500 | T=7.8 k=4.0 (mu_rec=8 mu_bwd=4) | grad=2944.000 | tok/s=35,263 | tokens=0.26B
step=  7980 | loss=6.5495 | lr=3.00e-04 | wd=0.0477 | mom=0.9500 | T=7.0 k=3.8 (mu_rec=8 mu_bwd=4) | grad=1464.000 | tok/s=34,173 | tokens=0.26B
step=  7990 | loss=6.4746 | lr=3.00e-04 | wd=0.0476 | mom=0.9500 | T=4.5 k=3.5 (mu_rec=8 mu_bwd=4) | grad=12032.000 | tok/s=35,401 | tokens=0.26B
step=  8000 | loss=6.0930 | lr=3.00e-04 | wd=0.0476 | mom=0.9500 | T=8.0 k=4.0 (mu_rec=8 mu_bwd=4) | grad=772.000 | tok/s=32,665 | tokens=0.26B
[step 8000] Saved -> runs/retrofit-verify/checkpoint_0008000
step=  8010 | loss=6.3060 | lr=3.00e-04 | wd=0.0475 | mom=0.9500 | T=8.0 k=3.5 (mu_rec=8 mu_bwd=4) | grad=125.500 | tok/s=31,385 | tokens=0.26B
step=  8020 | loss=6.4595 | lr=3.00e-04 | wd=0.0474 | mom=0.9500 | T=5.2 k=3.2 (mu_rec=8 mu_bwd=4) | grad=8640.000 | tok/s=35,334 | tokens=0.26B
step=  8030 | loss=6.3877 | lr=3.00e-04 | wd=0.0474 | mom=0.9500 | T=5.8 k=3.0 (mu_rec=8 mu_bwd=4) | grad=214.000 | tok/s=33,703 | tokens=0.26B
step=  8040 | loss=6.3844 | lr=3.00e-04 | wd=0.0473 | mom=0.9500 | T=5.8 k=4.0 (mu_rec=8 mu_bwd=4) | grad=160.000 | tok/s=32,850 | tokens=0.26B
step=  8050 | loss=6.2655 | lr=3.00e-04 | wd=0.0472 | mom=0.9500 | T=11.5 k=4.0 (mu_rec=8 mu_bwd=4) | grad=87.000 | tok/s=32,625 | tokens=0.26B
step=  8060 | loss=6.4615 | lr=3.00e-04 | wd=0.0472 | mom=0.9500 | T=8.5 k=3.5 (mu_rec=8 mu_bwd=4) | grad=260.000 | tok/s=35,110 | tokens=0.26B
step=  8070 | loss=6.3751 | lr=3.00e-04 | wd=0.0471 | mom=0.9500 | T=11.8 k=4.0 (mu_rec=8 mu_bwd=4) | grad=163.000 | tok/s=34,554 | tokens=0.26B
step=  8080 | loss=6.3516 | lr=3.00e-04 | wd=0.0471 | mom=0.9500 | T=7.8 k=4.0 (mu_rec=8 mu_bwd=4) | grad=1696.000 | tok/s=32,535 | tokens=0.26B
step=  8090 | loss=6.0796 | lr=3.00e-04 | wd=0.0470 | mom=0.9500 | T=12.2 k=3.2 (mu_rec=8 mu_bwd=4) | grad=84.500 | tok/s=32,896 | tokens=0.27B
step=  8100 | loss=6.1735 | lr=3.00e-04 | wd=0.0469 | mom=0.9500 | T=8.5 k=4.0 (mu_rec=8 mu_bwd=4) | grad=113.000 | tok/s=34,991 | tokens=0.27B
step=  8110 | loss=6.6578 | lr=3.00e-04 | wd=0.0469 | mom=0.9500 | T=10.0 k=3.8 (mu_rec=8 mu_bwd=4) | grad=840.000 | tok/s=32,599 | tokens=0.27B
step=  8120 | loss=6.2483 | lr=3.00e-04 | wd=0.0468 | mom=0.9500 | T=5.2 k=3.5 (mu_rec=8 mu_bwd=4) | grad=386.000 | tok/s=34,240 | tokens=0.27B
step=  8130 | loss=6.1508 | lr=3.00e-04 | wd=0.0467 | mom=0.9500 | T=6.8 k=4.0 (mu_rec=8 mu_bwd=4) | grad=99.000 | tok/s=34,948 | tokens=0.27B
step=  8140 | loss=6.2579 | lr=3.00e-04 | wd=0.0467 | mom=0.9500 | T=6.5 k=4.0 (mu_rec=8 mu_bwd=4) | grad=552.000 | tok/s=33,946 | tokens=0.27B
step=  8150 | loss=6.5248 | lr=3.00e-04 | wd=0.0466 | mom=0.9500 | T=6.2 k=3.5 (mu_rec=8 mu_bwd=4) | grad=158.000 | tok/s=32,694 | tokens=0.27B
step=  8160 | loss=6.2476 | lr=3.00e-04 | wd=0.0465 | mom=0.9500 | T=9.0 k=4.0 (mu_rec=8 mu_bwd=4) | grad=99.500 | tok/s=33,951 | tokens=0.27B
step=  8170 | loss=6.2699 | lr=3.00e-04 | wd=0.0465 | mom=0.9500 | T=7.0 k=3.8 (mu_rec=8 mu_bwd=4) | grad=249.000 | tok/s=33,216 | tokens=0.27B
step=  8180 | loss=6.2543 | lr=3.00e-04 | wd=0.0464 | mom=0.9500 | T=11.5 k=4.0 (mu_rec=8 mu_bwd=4) | grad=216.000 | tok/s=32,660 | tokens=0.27B
step=  8190 | loss=6.2663 | lr=3.00e-04 | wd=0.0463 | mom=0.9500 | T=5.8 k=3.2 (mu_rec=8 mu_bwd=4) | grad=2864.000 | tok/s=34,321 | tokens=0.27B
step=  8200 | loss=6.1439 | lr=3.00e-04 | wd=0.0463 | mom=0.9500 | T=5.8 k=3.5 (mu_rec=8 mu_bwd=4) | grad=428.000 | tok/s=36,027 | tokens=0.27B
step=  8210 | loss=6.2162 | lr=3.00e-04 | wd=0.0462 | mom=0.9500 | T=8.5 k=3.5 (mu_rec=8 mu_bwd=4) | grad=1384.000 | tok/s=34,796 | tokens=0.27B
step=  8220 | loss=6.2547 | lr=3.00e-04 | wd=0.0461 | mom=0.9500 | T=5.2 k=3.5 (mu_rec=8 mu_bwd=4) | grad=222.000 | tok/s=36,775 | tokens=0.27B
step=  8230 | loss=6.5083 | lr=3.00e-04 | wd=0.0461 | mom=0.9500 | T=8.2 k=4.0 (mu_rec=8 mu_bwd=4) | grad=228.000 | tok/s=36,192 | tokens=0.27B
step=  8240 | loss=6.3219 | lr=3.00e-04 | wd=0.0460 | mom=0.9500 | T=6.2 k=3.8 (mu_rec=8 mu_bwd=4) | grad=107.500 | tok/s=33,871 | tokens=0.27B
step=  8250 | loss=6.2112 | lr=3.00e-04 | wd=0.0459 | mom=0.9500 | T=6.0 k=4.0 (mu_rec=8 mu_bwd=4) | grad=226.000 | tok/s=33,811 | tokens=0.27B
step=  8260 | loss=6.0314 | lr=3.00e-04 | wd=0.0459 | mom=0.9500 | T=10.5 k=3.5 (mu_rec=8 mu_bwd=4) | grad=174.000 | tok/s=32,632 | tokens=0.27B
step=  8270 | loss=6.0888 | lr=3.00e-04 | wd=0.0458 | mom=0.9500 | T=4.5 k=3.0 (mu_rec=8 mu_bwd=4) | grad=137.000 | tok/s=33,689 | tokens=0.27B
step=  8280 | loss=6.1188 | lr=3.00e-04 | wd=0.0457 | mom=0.9500 | T=4.5 k=3.0 (mu_rec=8 mu_bwd=4) | grad=300.000 | tok/s=35,885 | tokens=0.27B
step=  8290 | loss=6.4016 | lr=3.00e-04 | wd=0.0457 | mom=0.9500 | T=6.8 k=4.0 (mu_rec=8 mu_bwd=4) | grad=454.000 | tok/s=33,172 | tokens=0.27B
step=  8300 | loss=6.2913 | lr=3.00e-04 | wd=0.0456 | mom=0.9500 | T=6.8 k=3.5 (mu_rec=8 mu_bwd=4) | grad=572.000 | tok/s=31,878 | tokens=0.27B
step=  8310 | loss=6.3422 | lr=3.00e-04 | wd=0.0455 | mom=0.9500 | T=10.2 k=3.8 (mu_rec=8 mu_bwd=4) | grad=234.000 | tok/s=35,929 | tokens=0.27B
step=  8320 | loss=6.3937 | lr=3.00e-04 | wd=0.0455 | mom=0.9500 | T=7.0 k=3.5 (mu_rec=8 mu_bwd=4) | grad=237.000 | tok/s=33,562 | tokens=0.27B
step=  8330 | loss=6.3045 | lr=3.00e-04 | wd=0.0454 | mom=0.9500 | T=4.8 k=3.5 (mu_rec=8 mu_bwd=4) | grad=144.000 | tok/s=32,519 | tokens=0.27B
step=  8340 | loss=6.3415 | lr=3.00e-04 | wd=0.0453 | mom=0.9500 | T=12.2 k=4.0 (mu_rec=8 mu_bwd=4) | grad=804.000 | tok/s=33,069 | tokens=0.27B
step=  8350 | loss=6.3416 | lr=3.00e-04 | wd=0.0453 | mom=0.9500 | T=6.5 k=4.0 (mu_rec=8 mu_bwd=4) | grad=278.000 | tok/s=37,446 | tokens=0.27B
step=  8360 | loss=6.4197 | lr=3.00e-04 | wd=0.0452 | mom=0.9500 | T=7.8 k=3.2 (mu_rec=8 mu_bwd=4) | grad=294.000 | tok/s=34,299 | tokens=0.27B
step=  8370 | loss=6.2125 | lr=3.00e-04 | wd=0.0452 | mom=0.9500 | T=10.0 k=3.2 (mu_rec=8 mu_bwd=4) | grad=292.000 | tok/s=33,283 | tokens=0.27B
step=  8380 | loss=6.2551 | lr=3.00e-04 | wd=0.0451 | mom=0.9500 | T=9.2 k=4.0 (mu_rec=8 mu_bwd=4) | grad=356.000 | tok/s=33,286 | tokens=0.27B
step=  8390 | loss=6.4353 | lr=3.00e-04 | wd=0.0450 | mom=0.9500 | T=5.5 k=3.5 (mu_rec=8 mu_bwd=4) | grad=177.000 | tok/s=33,694 | tokens=0.27B
step=  8400 | loss=6.2976 | lr=3.00e-04 | wd=0.0450 | mom=0.9500 | T=6.2 k=4.0 (mu_rec=8 mu_bwd=4) | grad=484.000 | tok/s=32,560 | tokens=0.28B
step=  8410 | loss=6.7017 | lr=3.00e-04 | wd=0.0449 | mom=0.9500 | T=13.0 k=4.0 (mu_rec=8 mu_bwd=4) | grad=245.000 | tok/s=32,606 | tokens=0.28B
step=  8420 | loss=6.4065 | lr=3.00e-04 | wd=0.0448 | mom=0.9500 | T=11.5 k=4.0 (mu_rec=8 mu_bwd=4) | grad=262.000 | tok/s=34,206 | tokens=0.28B
step=  8430 | loss=6.1912 | lr=3.00e-04 | wd=0.0448 | mom=0.9500 | T=7.0 k=4.0 (mu_rec=8 mu_bwd=4) | grad=103.000 | tok/s=33,795 | tokens=0.28B
step=  8440 | loss=6.3063 | lr=3.00e-04 | wd=0.0447 | mom=0.9500 | T=7.0 k=3.8 (mu_rec=8 mu_bwd=4) | grad=117.000 | tok/s=34,742 | tokens=0.28B
step=  8450 | loss=6.3689 | lr=3.00e-04 | wd=0.0446 | mom=0.9500 | T=6.8 k=3.5 (mu_rec=8 mu_bwd=4) | grad=69.000 | tok/s=34,706 | tokens=0.28B
step=  8460 | loss=6.2283 | lr=3.00e-04 | wd=0.0446 | mom=0.9500 | T=7.5 k=4.0 (mu_rec=8 mu_bwd=4) | grad=88.000 | tok/s=33,455 | tokens=0.28B
step=  8470 | loss=6.1462 | lr=3.00e-04 | wd=0.0445 | mom=0.9500 | T=5.8 k=3.8 (mu_rec=8 mu_bwd=4) | grad=123.000 | tok/s=33,113 | tokens=0.28B
step=  8480 | loss=6.1492 | lr=3.00e-04 | wd=0.0444 | mom=0.9500 | T=8.0 k=4.0 (mu_rec=8 mu_bwd=4) | grad=103.500 | tok/s=33,274 | tokens=0.28B
step=  8490 | loss=6.1690 | lr=3.00e-04 | wd=0.0444 | mom=0.9500 | T=4.5 k=3.8 (mu_rec=8 mu_bwd=4) | grad=107.500 | tok/s=31,981 | tokens=0.28B
step=  8500 | loss=6.1229 | lr=3.00e-04 | wd=0.0443 | mom=0.9500 | T=16.0 k=4.0 (mu_rec=8 mu_bwd=4) | grad=96.500 | tok/s=34,794 | tokens=0.28B
step=  8510 | loss=6.0226 | lr=3.00e-04 | wd=0.0442 | mom=0.9500 | T=11.0 k=3.5 (mu_rec=8 mu_bwd=4) | grad=114.500 | tok/s=33,762 | tokens=0.28B
step=  8520 | loss=6.1593 | lr=3.00e-04 | wd=0.0442 | mom=0.9500 | T=6.8 k=4.0 (mu_rec=8 mu_bwd=4) | grad=122.500 | tok/s=34,037 | tokens=0.28B
step=  8530 | loss=6.2965 | lr=3.00e-04 | wd=0.0441 | mom=0.9500 | T=8.2 k=4.0 (mu_rec=8 mu_bwd=4) | grad=187.000 | tok/s=33,108 | tokens=0.28B
step=  8540 | loss=6.1535 | lr=3.00e-04 | wd=0.0440 | mom=0.9500 | T=11.8 k=4.0 (mu_rec=8 mu_bwd=4) | grad=324.000 | tok/s=32,681 | tokens=0.28B
step=  8550 | loss=6.2996 | lr=3.00e-04 | wd=0.0440 | mom=0.9500 | T=8.0 k=3.5 (mu_rec=8 mu_bwd=4) | grad=93.500 | tok/s=34,380 | tokens=0.28B
step=  8560 | loss=6.2021 | lr=3.00e-04 | wd=0.0439 | mom=0.9500 | T=6.5 k=3.2 (mu_rec=8 mu_bwd=4) | grad=84.000 | tok/s=35,877 | tokens=0.28B
step=  8570 | loss=6.1983 | lr=3.00e-04 | wd=0.0438 | mom=0.9500 | T=6.8 k=3.0 (mu_rec=8 mu_bwd=4) | grad=512.000 | tok/s=32,807 | tokens=0.28B
step=  8580 | loss=6.2637 | lr=3.00e-04 | wd=0.0438 | mom=0.9500 | T=7.2 k=4.0 (mu_rec=8 mu_bwd=4) | grad=253.000 | tok/s=32,050 | tokens=0.28B
step=  8590 | loss=6.2486 | lr=3.00e-04 | wd=0.0437 | mom=0.9500 | T=10.0 k=4.0 (mu_rec=8 mu_bwd=4) | grad=812.000 | tok/s=34,570 | tokens=0.28B
step=  8600 | loss=6.1786 | lr=3.00e-04 | wd=0.0436 | mom=0.9500 | T=11.0 k=3.2 (mu_rec=8 mu_bwd=4) | grad=166.000 | tok/s=32,103 | tokens=0.28B
step=  8610 | loss=6.1757 | lr=3.00e-04 | wd=0.0436 | mom=0.9500 | T=9.0 k=3.5 (mu_rec=8 mu_bwd=4) | grad=168.000 | tok/s=32,024 | tokens=0.28B
step=  8620 | loss=6.2510 | lr=3.00e-04 | wd=0.0435 | mom=0.9500 | T=6.0 k=3.8 (mu_rec=8 mu_bwd=4) | grad=336.000 | tok/s=33,292 | tokens=0.28B
step=  8630 | loss=6.0682 | lr=3.00e-04 | wd=0.0434 | mom=0.9500 | T=9.5 k=3.5 (mu_rec=8 mu_bwd=4) | grad=286.000 | tok/s=31,391 | tokens=0.28B
step=  8640 | loss=6.1380 | lr=3.00e-04 | wd=0.0434 | mom=0.9500 | T=5.5 k=3.0 (mu_rec=8 mu_bwd=4) | grad=500.000 | tok/s=33,447 | tokens=0.28B
step=  8650 | loss=5.9753 | lr=3.00e-04 | wd=0.0433 | mom=0.9500 | T=4.8 k=3.8 (mu_rec=8 mu_bwd=4) | grad=252.000 | tok/s=35,056 | tokens=0.28B
step=  8660 | loss=6.1856 | lr=3.00e-04 | wd=0.0432 | mom=0.9500 | T=7.8 k=3.8 (mu_rec=8 mu_bwd=4) | grad=2040.000 | tok/s=31,557 | tokens=0.28B
step=  8670 | loss=6.1209 | lr=3.00e-04 | wd=0.0432 | mom=0.9500 | T=7.0 k=3.8 (mu_rec=8 mu_bwd=4) | grad=1792.000 | tok/s=8,130 | tokens=0.28B
step=  8680 | loss=6.1816 | lr=3.00e-04 | wd=0.0431 | mom=0.9500 | T=7.2 k=3.0 (mu_rec=8 mu_bwd=4) | grad=110.000 | tok/s=34,432 | tokens=0.28B
step=  8690 | loss=6.3252 | lr=3.00e-04 | wd=0.0431 | mom=0.9500 | T=6.8 k=3.0 (mu_rec=8 mu_bwd=4) | grad=314.000 | tok/s=34,320 | tokens=0.28B
step=  8700 | loss=6.2249 | lr=3.00e-04 | wd=0.0430 | mom=0.9500 | T=8.2 k=4.0 (mu_rec=8 mu_bwd=4) | grad=2320.000 | tok/s=34,291 | tokens=0.29B
step=  8710 | loss=6.1311 | lr=3.00e-04 | wd=0.0429 | mom=0.9500 | T=5.8 k=3.8 (mu_rec=8 mu_bwd=4) | grad=164.000 | tok/s=33,977 | tokens=0.29B
step=  8720 | loss=6.2683 | lr=3.00e-04 | wd=0.0429 | mom=0.9500 | T=10.0 k=4.0 (mu_rec=8 mu_bwd=4) | grad=398.000 | tok/s=32,633 | tokens=0.29B
step=  8730 | loss=6.1435 | lr=3.00e-04 | wd=0.0428 | mom=0.9500 | T=15.2 k=4.0 (mu_rec=8 mu_bwd=4) | grad=142.000 | tok/s=31,957 | tokens=0.29B
step=  8740 | loss=6.1909 | lr=3.00e-04 | wd=0.0427 | mom=0.9500 | T=14.2 k=4.0 (mu_rec=8 mu_bwd=4) | grad=196.000 | tok/s=30,036 | tokens=0.29B
step=  8750 | loss=6.2869 | lr=3.00e-04 | wd=0.0427 | mom=0.9500 | T=15.5 k=4.0 (mu_rec=8 mu_bwd=4) | grad=162.000 | tok/s=34,152 | tokens=0.29B
step=  8760 | loss=6.2197 | lr=3.00e-04 | wd=0.0426 | mom=0.9500 | T=5.8 k=3.5 (mu_rec=8 mu_bwd=4) | grad=924.000 | tok/s=33,081 | tokens=0.29B
step=  8770 | loss=6.2132 | lr=3.00e-04 | wd=0.0425 | mom=0.9500 | T=7.8 k=3.8 (mu_rec=8 mu_bwd=4) | grad=324.000 | tok/s=32,949 | tokens=0.29B
step=  8780 | loss=6.2809 | lr=3.00e-04 | wd=0.0425 | mom=0.9500 | T=14.5 k=3.5 (mu_rec=8 mu_bwd=4) | grad=190.000 | tok/s=7,641 | tokens=0.29B
step=  8790 | loss=6.1486 | lr=3.00e-04 | wd=0.0424 | mom=0.9500 | T=7.0 k=2.8 (mu_rec=8 mu_bwd=4) | grad=434.000 | tok/s=35,376 | tokens=0.29B
step=  8800 | loss=6.1562 | lr=3.00e-04 | wd=0.0423 | mom=0.9500 | T=9.5 k=4.0 (mu_rec=8 mu_bwd=4) | grad=318.000 | tok/s=32,928 | tokens=0.29B
step=  8810 | loss=6.1605 | lr=3.00e-04 | wd=0.0423 | mom=0.9500 | T=11.0 k=4.0 (mu_rec=8 mu_bwd=4) | grad=560.000 | tok/s=33,654 | tokens=0.29B
step=  8820 | loss=6.1564 | lr=3.00e-04 | wd=0.0422 | mom=0.9500 | T=6.2 k=4.0 (mu_rec=8 mu_bwd=4) | grad=380.000 | tok/s=31,333 | tokens=0.29B
step=  8830 | loss=6.2358 | lr=3.00e-04 | wd=0.0421 | mom=0.9500 | T=8.5 k=3.5 (mu_rec=8 mu_bwd=4) | grad=125.000 | tok/s=35,467 | tokens=0.29B
step=  8840 | loss=6.1115 | lr=3.00e-04 | wd=0.0421 | mom=0.9500 | T=10.2 k=4.0 (mu_rec=8 mu_bwd=4) | grad=304.000 | tok/s=32,562 | tokens=0.29B
step=  8850 | loss=6.1797 | lr=3.00e-04 | wd=0.0420 | mom=0.9500 | T=12.8 k=3.8 (mu_rec=8 mu_bwd=4) | grad=394.000 | tok/s=32,361 | tokens=0.29B
step=  8860 | loss=6.2605 | lr=3.00e-04 | wd=0.0419 | mom=0.9500 | T=9.5 k=3.5 (mu_rec=8 mu_bwd=4) | grad=172.000 | tok/s=32,169 | tokens=0.29B
step=  8870 | loss=6.2988 | lr=3.00e-04 | wd=0.0419 | mom=0.9500 | T=8.2 k=3.8 (mu_rec=8 mu_bwd=4) | grad=488.000 | tok/s=33,440 | tokens=0.29B
step=  8880 | loss=6.0551 | lr=3.00e-04 | wd=0.0418 | mom=0.9500 | T=7.5 k=4.0 (mu_rec=8 mu_bwd=4) | grad=220.000 | tok/s=33,839 | tokens=0.29B
step=  8890 | loss=6.4477 | lr=3.00e-04 | wd=0.0417 | mom=0.9500 | T=3.5 k=3.0 (mu_rec=8 mu_bwd=4) | grad=104.000 | tok/s=34,589 | tokens=0.29B
step=  8900 | loss=6.1867 | lr=3.00e-04 | wd=0.0417 | mom=0.9500 | T=13.2 k=4.0 (mu_rec=8 mu_bwd=4) | grad=318.000 | tok/s=32,194 | tokens=0.29B
step=  8910 | loss=6.2403 | lr=3.00e-04 | wd=0.0416 | mom=0.9500 | T=16.8 k=4.0 (mu_rec=8 mu_bwd=4) | grad=344.000 | tok/s=32,016 | tokens=0.29B
step=  8920 | loss=6.2287 | lr=3.00e-04 | wd=0.0415 | mom=0.9500 | T=6.0 k=4.0 (mu_rec=8 mu_bwd=4) | grad=368.000 | tok/s=32,563 | tokens=0.29B
step=  8930 | loss=6.1745 | lr=3.00e-04 | wd=0.0415 | mom=0.9500 | T=6.0 k=3.2 (mu_rec=8 mu_bwd=4) | grad=189.000 | tok/s=35,856 | tokens=0.29B
step=  8940 | loss=6.2804 | lr=3.00e-04 | wd=0.0414 | mom=0.9500 | T=5.8 k=2.8 (mu_rec=8 mu_bwd=4) | grad=346.000 | tok/s=36,431 | tokens=0.29B
step=  8950 | loss=6.2161 | lr=3.00e-04 | wd=0.0413 | mom=0.9500 | T=9.8 k=4.0 (mu_rec=8 mu_bwd=4) | grad=354.000 | tok/s=33,077 | tokens=0.29B
step=  8960 | loss=6.0144 | lr=3.00e-04 | wd=0.0413 | mom=0.9500 | T=7.2 k=4.0 (mu_rec=8 mu_bwd=4) | grad=294.000 | tok/s=36,676 | tokens=0.29B
step=  8970 | loss=6.5297 | lr=3.00e-04 | wd=0.0412 | mom=0.9500 | T=10.5 k=4.0 (mu_rec=8 mu_bwd=4) | grad=1680.000 | tok/s=32,980 | tokens=0.29B
step=  8980 | loss=6.5851 | lr=3.00e-04 | wd=0.0412 | mom=0.9500 | T=6.8 k=4.0 (mu_rec=8 mu_bwd=4) | grad=516.000 | tok/s=31,123 | tokens=0.29B
step=  8990 | loss=6.2116 | lr=3.00e-04 | wd=0.0411 | mom=0.9500 | T=9.2 k=4.0 (mu_rec=8 mu_bwd=4) | grad=498.000 | tok/s=33,825 | tokens=0.29B
step=  9000 | loss=6.1602 | lr=3.00e-04 | wd=0.0410 | mom=0.9500 | T=8.8 k=3.8 (mu_rec=8 mu_bwd=4) | grad=1416.000 | tok/s=33,448 | tokens=0.29B
step=  9010 | loss=5.8608 | lr=3.00e-04 | wd=0.0410 | mom=0.9500 | T=15.5 k=4.0 (mu_rec=8 mu_bwd=4) | grad=1264.000 | tok/s=31,999 | tokens=0.30B
step=  9020 | loss=6.1090 | lr=3.00e-04 | wd=0.0409 | mom=0.9500 | T=6.8 k=4.0 (mu_rec=8 mu_bwd=4) | grad=932.000 | tok/s=31,238 | tokens=0.30B
step=  9030 | loss=6.0733 | lr=3.00e-04 | wd=0.0408 | mom=0.9500 | T=6.5 k=3.2 (mu_rec=8 mu_bwd=4) | grad=1920.000 | tok/s=33,555 | tokens=0.30B
step=  9040 | loss=6.1546 | lr=3.00e-04 | wd=0.0408 | mom=0.9500 | T=12.8 k=4.0 (mu_rec=8 mu_bwd=4) | grad=7680.000 | tok/s=32,808 | tokens=0.30B
step=  9050 | loss=6.2089 | lr=3.00e-04 | wd=0.0407 | mom=0.9500 | T=7.8 k=3.8 (mu_rec=8 mu_bwd=4) | grad=2448.000 | tok/s=33,579 | tokens=0.30B
step=  9060 | loss=6.2932 | lr=3.00e-04 | wd=0.0406 | mom=0.9500 | T=6.0 k=3.5 (mu_rec=8 mu_bwd=4) | grad=1904.000 | tok/s=33,105 | tokens=0.30B
step=  9070 | loss=6.0982 | lr=3.00e-04 | wd=0.0406 | mom=0.9500 | T=10.0 k=3.8 (mu_rec=8 mu_bwd=4) | grad=3872.000 | tok/s=34,354 | tokens=0.30B
step=  9080 | loss=6.2272 | lr=3.00e-04 | wd=0.0405 | mom=0.9500 | T=10.8 k=4.0 (mu_rec=8 mu_bwd=4) | grad=7840.000 | tok/s=31,476 | tokens=0.30B
step=  9090 | loss=6.6758 | lr=3.00e-04 | wd=0.0404 | mom=0.9500 | T=6.5 k=3.8 (mu_rec=8 mu_bwd=4) | grad=4768.000 | tok/s=33,965 | tokens=0.30B
step=  9100 | loss=6.1659 | lr=3.00e-04 | wd=0.0404 | mom=0.9500 | T=8.0 k=2.8 (mu_rec=8 mu_bwd=4) | grad=3008.000 | tok/s=32,506 | tokens=0.30B
step=  9110 | loss=6.2807 | lr=3.00e-04 | wd=0.0403 | mom=0.9500 | T=10.0 k=4.0 (mu_rec=8 mu_bwd=4) | grad=6912.000 | tok/s=30,786 | tokens=0.30B
step=  9120 | loss=6.2353 | lr=3.00e-04 | wd=0.0402 | mom=0.9500 | T=11.5 k=4.0 (mu_rec=8 mu_bwd=4) | grad=10944.000 | tok/s=31,608 | tokens=0.30B
step=  9130 | loss=6.1513 | lr=3.00e-04 | wd=0.0402 | mom=0.9500 | T=7.0 k=3.8 (mu_rec=8 mu_bwd=4) | grad=7776.000 | tok/s=32,482 | tokens=0.30B
step=  9140 | loss=6.0301 | lr=3.00e-04 | wd=0.0401 | mom=0.9500 | T=9.5 k=3.5 (mu_rec=8 mu_bwd=4) | grad=40960.000 | tok/s=31,218 | tokens=0.30B
step=  9150 | loss=6.3317 | lr=3.00e-04 | wd=0.0400 | mom=0.9500 | T=5.2 k=3.0 (mu_rec=8 mu_bwd=4) | grad=11456.000 | tok/s=34,617 | tokens=0.30B
step=  9160 | loss=6.2854 | lr=3.00e-04 | wd=0.0400 | mom=0.9500 | T=7.2 k=4.0 (mu_rec=8 mu_bwd=4) | grad=15424.000 | tok/s=31,402 | tokens=0.30B
step=  9170 | loss=6.5498 | lr=3.00e-04 | wd=0.0399 | mom=0.9500 | T=9.5 k=4.0 (mu_rec=8 mu_bwd=4) | grad=12416.000 | tok/s=32,490 | tokens=0.30B
step=  9180 | loss=7.1537 | lr=3.00e-04 | wd=0.0398 | mom=0.9500 | T=7.0 k=4.0 (mu_rec=8 mu_bwd=4) | grad=6848.000 | tok/s=34,397 | tokens=0.30B
step=  9190 | loss=6.9956 | lr=3.00e-04 | wd=0.0398 | mom=0.9500 | T=14.5 k=4.0 (mu_rec=8 mu_bwd=4) | grad=5536.000 | tok/s=33,040 | tokens=0.30B
step=  9200 | loss=6.6051 | lr=3.00e-04 | wd=0.0397 | mom=0.9500 | T=8.2 k=3.2 (mu_rec=8 mu_bwd=4) | grad=2192.000 | tok/s=34,376 | tokens=0.30B
step=  9210 | loss=6.4161 | lr=3.00e-04 | wd=0.0396 | mom=0.9500 | T=8.0 k=4.0 (mu_rec=8 mu_bwd=4) | grad=3760.000 | tok/s=31,449 | tokens=0.30B
step=  9220 | loss=6.5602 | lr=3.00e-04 | wd=0.0396 | mom=0.9500 | T=6.2 k=3.5 (mu_rec=8 mu_bwd=4) | grad=12864.000 | tok/s=37,079 | tokens=0.30B
step=  9230 | loss=6.3566 | lr=3.00e-04 | wd=0.0395 | mom=0.9500 | T=5.5 k=3.5 (mu_rec=8 mu_bwd=4) | grad=5984.000 | tok/s=32,616 | tokens=0.30B
step=  9240 | loss=6.7795 | lr=3.00e-04 | wd=0.0394 | mom=0.9500 | T=6.0 k=3.2 (mu_rec=8 mu_bwd=4) | grad=5376.000 | tok/s=35,354 | tokens=0.30B
step=  9250 | loss=6.3606 | lr=3.00e-04 | wd=0.0394 | mom=0.9500 | T=6.5 k=3.0 (mu_rec=8 mu_bwd=4) | grad=2784.000 | tok/s=33,715 | tokens=0.30B
step=  9260 | loss=6.3528 | lr=3.00e-04 | wd=0.0393 | mom=0.9500 | T=4.8 k=4.0 (mu_rec=8 mu_bwd=4) | grad=5248.000 | tok/s=33,663 | tokens=0.30B
step=  9270 | loss=6.4374 | lr=3.00e-04 | wd=0.0393 | mom=0.9500 | T=4.5 k=3.2 (mu_rec=8 mu_bwd=4) | grad=6304.000 | tok/s=35,223 | tokens=0.30B
step=  9280 | loss=6.3653 | lr=3.00e-04 | wd=0.0392 | mom=0.9500 | T=8.8 k=3.2 (mu_rec=8 mu_bwd=4) | grad=2288.000 | tok/s=34,439 | tokens=0.30B
step=  9290 | loss=6.2940 | lr=3.00e-04 | wd=0.0391 | mom=0.9500 | T=9.2 k=3.5 (mu_rec=8 mu_bwd=4) | grad=4768.000 | tok/s=33,575 | tokens=0.30B
step=  9300 | loss=6.5183 | lr=3.00e-04 | wd=0.0391 | mom=0.9500 | T=3.8 k=3.2 (mu_rec=8 mu_bwd=4) | grad=12096.000 | tok/s=35,410 | tokens=0.30B
step=  9310 | loss=6.6729 | lr=3.00e-04 | wd=0.0390 | mom=0.9500 | T=6.8 k=3.8 (mu_rec=8 mu_bwd=4) | grad=5696.000 | tok/s=31,543 | tokens=0.31B
step=  9320 | loss=6.5541 | lr=3.00e-04 | wd=0.0389 | mom=0.9500 | T=6.0 k=3.8 (mu_rec=8 mu_bwd=4) | grad=8960.000 | tok/s=32,554 | tokens=0.31B
step=  9330 | loss=6.7449 | lr=3.00e-04 | wd=0.0389 | mom=0.9500 | T=7.5 k=3.5 (mu_rec=8 mu_bwd=4) | grad=7904.000 | tok/s=32,628 | tokens=0.31B
step=  9340 | loss=6.9256 | lr=3.00e-04 | wd=0.0388 | mom=0.9500 | T=8.8 k=4.0 (mu_rec=8 mu_bwd=4) | grad=5440.000 | tok/s=33,685 | tokens=0.31B
step=  9350 | loss=6.4071 | lr=3.00e-04 | wd=0.0387 | mom=0.9500 | T=7.2 k=4.0 (mu_rec=8 mu_bwd=4) | grad=5984.000 | tok/s=33,766 | tokens=0.31B
step=  9360 | loss=6.3948 | lr=3.00e-04 | wd=0.0387 | mom=0.9500 | T=6.8 k=3.8 (mu_rec=8 mu_bwd=4) | grad=9280.000 | tok/s=34,546 | tokens=0.31B
step=  9370 | loss=6.4400 | lr=3.00e-04 | wd=0.0386 | mom=0.9500 | T=5.0 k=3.5 (mu_rec=8 mu_bwd=4) | grad=4928.000 | tok/s=31,747 | tokens=0.31B
step=  9380 | loss=6.5146 | lr=3.00e-04 | wd=0.0385 | mom=0.9500 | T=8.8 k=4.0 (mu_rec=8 mu_bwd=4) | grad=3072.000 | tok/s=32,909 | tokens=0.31B
step=  9390 | loss=6.4412 | lr=3.00e-04 | wd=0.0385 | mom=0.9500 | T=6.0 k=3.0 (mu_rec=8 mu_bwd=4) | grad=16128.000 | tok/s=37,473 | tokens=0.31B
step=  9400 | loss=6.4005 | lr=3.00e-04 | wd=0.0384 | mom=0.9500 | T=8.0 k=3.8 (mu_rec=8 mu_bwd=4) | grad=5280.000 | tok/s=34,561 | tokens=0.31B
step=  9410 | loss=6.5869 | lr=3.00e-04 | wd=0.0383 | mom=0.9500 | T=7.2 k=4.0 (mu_rec=8 mu_bwd=4) | grad=3632.000 | tok/s=33,543 | tokens=0.31B
step=  9420 | loss=6.5307 | lr=3.00e-04 | wd=0.0383 | mom=0.9500 | T=8.8 k=4.0 (mu_rec=8 mu_bwd=4) | grad=3104.000 | tok/s=36,222 | tokens=0.31B
step=  9430 | loss=6.3974 | lr=3.00e-04 | wd=0.0382 | mom=0.9500 | T=7.5 k=4.0 (mu_rec=8 mu_bwd=4) | grad=1808.000 | tok/s=34,146 | tokens=0.31B
step=  9440 | loss=6.5720 | lr=3.00e-04 | wd=0.0381 | mom=0.9500 | T=10.2 k=4.0 (mu_rec=8 mu_bwd=4) | grad=6048.000 | tok/s=34,046 | tokens=0.31B
step=  9450 | loss=6.3617 | lr=3.00e-04 | wd=0.0381 | mom=0.9500 | T=8.2 k=3.0 (mu_rec=8 mu_bwd=4) | grad=3040.000 | tok/s=32,962 | tokens=0.31B
step=  9460 | loss=6.4839 | lr=3.00e-04 | wd=0.0380 | mom=0.9500 | T=4.5 k=3.8 (mu_rec=8 mu_bwd=4) | grad=2464.000 | tok/s=33,106 | tokens=0.31B
step=  9470 | loss=6.4437 | lr=3.00e-04 | wd=0.0379 | mom=0.9500 | T=9.0 k=4.0 (mu_rec=8 mu_bwd=4) | grad=3888.000 | tok/s=33,749 | tokens=0.31B
step=  9480 | loss=6.4462 | lr=3.00e-04 | wd=0.0379 | mom=0.9500 | T=5.2 k=4.0 (mu_rec=8 mu_bwd=4) | grad=110592.000 | tok/s=33,771 | tokens=0.31B
step=  9490 | loss=6.3718 | lr=3.00e-04 | wd=0.0378 | mom=0.9500 | T=7.5 k=4.0 (mu_rec=8 mu_bwd=4) | grad=15872.000 | tok/s=34,316 | tokens=0.31B
step=  9500 | loss=6.5337 | lr=3.00e-04 | wd=0.0377 | mom=0.9500 | T=7.0 k=4.0 (mu_rec=8 mu_bwd=4) | grad=6016.000 | tok/s=8,734 | tokens=0.31B
step=  9510 | loss=6.5558 | lr=3.00e-04 | wd=0.0377 | mom=0.9500 | T=4.5 k=3.8 (mu_rec=8 mu_bwd=4) | grad=6272.000 | tok/s=33,415 | tokens=0.31B
step=  9520 | loss=6.7092 | lr=3.00e-04 | wd=0.0376 | mom=0.9500 | T=7.5 k=4.0 (mu_rec=8 mu_bwd=4) | grad=5824.000 | tok/s=31,538 | tokens=0.31B
step=  9530 | loss=6.5264 | lr=3.00e-04 | wd=0.0375 | mom=0.9500 | T=5.2 k=3.5 (mu_rec=8 mu_bwd=4) | grad=1800.000 | tok/s=32,864 | tokens=0.31B
step=  9540 | loss=6.5505 | lr=3.00e-04 | wd=0.0375 | mom=0.9500 | T=4.5 k=3.2 (mu_rec=8 mu_bwd=4) | grad=1504.000 | tok/s=33,506 | tokens=0.31B
step=  9550 | loss=6.5443 | lr=3.00e-04 | wd=0.0374 | mom=0.9500 | T=12.8 k=4.0 (mu_rec=8 mu_bwd=4) | grad=1696.000 | tok/s=32,717 | tokens=0.31B
step=  9560 | loss=6.6853 | lr=3.00e-04 | wd=0.0374 | mom=0.9500 | T=4.5 k=3.2 (mu_rec=8 mu_bwd=4) | grad=3536.000 | tok/s=33,663 | tokens=0.31B
step=  9570 | loss=6.7066 | lr=3.00e-04 | wd=0.0373 | mom=0.9500 | T=5.8 k=2.8 (mu_rec=8 mu_bwd=4) | grad=1240.000 | tok/s=36,750 | tokens=0.31B
step=  9580 | loss=6.6321 | lr=3.00e-04 | wd=0.0372 | mom=0.9500 | T=6.0 k=3.0 (mu_rec=8 mu_bwd=4) | grad=1000.000 | tok/s=36,937 | tokens=0.31B
step=  9590 | loss=6.7483 | lr=3.00e-04 | wd=0.0372 | mom=0.9500 | T=6.0 k=3.5 (mu_rec=8 mu_bwd=4) | grad=5120.000 | tok/s=36,896 | tokens=0.31B
step=  9600 | loss=6.8755 | lr=3.00e-04 | wd=0.0371 | mom=0.9500 | T=8.5 k=4.0 (mu_rec=8 mu_bwd=4) | grad=940.000 | tok/s=35,795 | tokens=0.31B
step=  9610 | loss=6.8160 | lr=3.00e-04 | wd=0.0370 | mom=0.9500 | T=7.2 k=3.8 (mu_rec=8 mu_bwd=4) | grad=1736.000 | tok/s=35,476 | tokens=0.31B
step=  9620 | loss=7.0481 | lr=3.00e-04 | wd=0.0370 | mom=0.9500 | T=6.2 k=3.2 (mu_rec=8 mu_bwd=4) | grad=2992.000 | tok/s=35,293 | tokens=0.32B
step=  9630 | loss=6.6527 | lr=3.00e-04 | wd=0.0369 | mom=0.9500 | T=10.0 k=3.8 (mu_rec=8 mu_bwd=4) | grad=8448.000 | tok/s=34,883 | tokens=0.32B
step=  9640 | loss=6.6958 | lr=3.00e-04 | wd=0.0368 | mom=0.9500 | T=5.8 k=3.2 (mu_rec=8 mu_bwd=4) | grad=1856.000 | tok/s=35,404 | tokens=0.32B
step=  9650 | loss=6.6490 | lr=3.00e-04 | wd=0.0368 | mom=0.9500 | T=7.0 k=4.0 (mu_rec=8 mu_bwd=4) | grad=1752.000 | tok/s=35,525 | tokens=0.32B
step=  9660 | loss=6.3181 | lr=3.00e-04 | wd=0.0367 | mom=0.9500 | T=5.0 k=3.5 (mu_rec=8 mu_bwd=4) | grad=904.000 | tok/s=34,877 | tokens=0.32B
step=  9670 | loss=6.6228 | lr=3.00e-04 | wd=0.0366 | mom=0.9500 | T=5.0 k=2.2 (mu_rec=8 mu_bwd=4) | grad=1120.000 | tok/s=8,293 | tokens=0.32B
step=  9680 | loss=6.6078 | lr=3.00e-04 | wd=0.0366 | mom=0.9500 | T=8.5 k=4.0 (mu_rec=8 mu_bwd=4) | grad=1872.000 | tok/s=36,504 | tokens=0.32B
step=  9690 | loss=6.6004 | lr=3.00e-04 | wd=0.0365 | mom=0.9500 | T=5.8 k=4.0 (mu_rec=8 mu_bwd=4) | grad=2368.000 | tok/s=33,587 | tokens=0.32B
step=  9700 | loss=6.5719 | lr=3.00e-04 | wd=0.0364 | mom=0.9500 | T=4.5 k=3.0 (mu_rec=8 mu_bwd=4) | grad=620.000 | tok/s=36,122 | tokens=0.32B
step=  9710 | loss=6.5096 | lr=3.00e-04 | wd=0.0364 | mom=0.9500 | T=5.8 k=4.0 (mu_rec=8 mu_bwd=4) | grad=2928.000 | tok/s=34,289 | tokens=0.32B
step=  9720 | loss=6.6755 | lr=3.00e-04 | wd=0.0363 | mom=0.9500 | T=6.2 k=3.8 (mu_rec=8 mu_bwd=4) | grad=604.000 | tok/s=34,808 | tokens=0.32B
step=  9730 | loss=6.5680 | lr=3.00e-04 | wd=0.0362 | mom=0.9500 | T=4.2 k=3.5 (mu_rec=8 mu_bwd=4) | grad=3216.000 | tok/s=35,894 | tokens=0.32B
step=  9740 | loss=6.4803 | lr=3.00e-04 | wd=0.0362 | mom=0.9500 | T=5.8 k=3.5 (mu_rec=8 mu_bwd=4) | grad=608.000 | tok/s=31,281 | tokens=0.32B
step=  9750 | loss=6.6302 | lr=3.00e-04 | wd=0.0361 | mom=0.9500 | T=5.0 k=3.8 (mu_rec=8 mu_bwd=4) | grad=3872.000 | tok/s=33,375 | tokens=0.32B
step=  9760 | loss=6.6620 | lr=3.00e-04 | wd=0.0360 | mom=0.9500 | T=11.0 k=4.0 (mu_rec=8 mu_bwd=4) | grad=648.000 | tok/s=32,769 | tokens=0.32B
step=  9770 | loss=6.6024 | lr=3.00e-04 | wd=0.0360 | mom=0.9500 | T=9.5 k=3.8 (mu_rec=8 mu_bwd=4) | grad=426.000 | tok/s=34,874 | tokens=0.32B
step=  9780 | loss=6.4771 | lr=3.00e-04 | wd=0.0359 | mom=0.9500 | T=7.0 k=3.8 (mu_rec=8 mu_bwd=4) | grad=314.000 | tok/s=35,498 | tokens=0.32B
step=  9790 | loss=6.3552 | lr=3.00e-04 | wd=0.0358 | mom=0.9500 | T=2.0 k=1.8 (mu_rec=8 mu_bwd=4) | grad=332.000 | tok/s=34,598 | tokens=0.32B
step=  9800 | loss=6.5226 | lr=3.00e-04 | wd=0.0358 | mom=0.9500 | T=10.2 k=4.0 (mu_rec=8 mu_bwd=4) | grad=276.000 | tok/s=32,713 | tokens=0.32B
step=  9810 | loss=6.7632 | lr=3.00e-04 | wd=0.0357 | mom=0.9500 | T=8.5 k=4.0 (mu_rec=8 mu_bwd=4) | grad=620.000 | tok/s=34,335 | tokens=0.32B
step=  9820 | loss=6.3954 | lr=3.00e-04 | wd=0.0356 | mom=0.9500 | T=7.2 k=3.2 (mu_rec=8 mu_bwd=4) | grad=1344.000 | tok/s=33,953 | tokens=0.32B
step=  9830 | loss=6.2165 | lr=3.00e-04 | wd=0.0356 | mom=0.9500 | T=8.0 k=3.8 (mu_rec=8 mu_bwd=4) | grad=668.000 | tok/s=33,403 | tokens=0.32B
step=  9840 | loss=6.5819 | lr=3.00e-04 | wd=0.0355 | mom=0.9500 | T=7.8 k=4.0 (mu_rec=8 mu_bwd=4) | grad=1224.000 | tok/s=33,749 | tokens=0.32B
step=  9850 | loss=6.4229 | lr=3.00e-04 | wd=0.0355 | mom=0.9500 | T=8.0 k=4.0 (mu_rec=8 mu_bwd=4) | grad=1728.000 | tok/s=34,828 | tokens=0.32B
step=  9860 | loss=6.3013 | lr=3.00e-04 | wd=0.0354 | mom=0.9500 | T=4.0 k=3.2 (mu_rec=8 mu_bwd=4) | grad=2040.000 | tok/s=35,267 | tokens=0.32B
step=  9870 | loss=6.3457 | lr=3.00e-04 | wd=0.0353 | mom=0.9500 | T=7.2 k=3.8 (mu_rec=8 mu_bwd=4) | grad=368.000 | tok/s=35,556 | tokens=0.32B
step=  9880 | loss=6.5975 | lr=3.00e-04 | wd=0.0353 | mom=0.9500 | T=7.8 k=4.0 (mu_rec=8 mu_bwd=4) | grad=664.000 | tok/s=35,209 | tokens=0.32B
step=  9890 | loss=6.5128 | lr=3.00e-04 | wd=0.0352 | mom=0.9500 | T=5.0 k=3.5 (mu_rec=8 mu_bwd=4) | grad=478.000 | tok/s=32,191 | tokens=0.32B
step=  9900 | loss=6.5533 | lr=3.00e-04 | wd=0.0351 | mom=0.9500 | T=8.2 k=4.0 (mu_rec=8 mu_bwd=4) | grad=704.000 | tok/s=32,515 | tokens=0.32B
step=  9910 | loss=6.5427 | lr=3.00e-04 | wd=0.0351 | mom=0.9500 | T=5.0 k=3.2 (mu_rec=8 mu_bwd=4) | grad=209.000 | tok/s=34,341 | tokens=0.32B
step=  9920 | loss=6.7654 | lr=3.00e-04 | wd=0.0350 | mom=0.9500 | T=4.0 k=2.8 (mu_rec=8 mu_bwd=4) | grad=1048.000 | tok/s=34,189 | tokens=0.33B
step=  9930 | loss=6.6476 | lr=3.00e-04 | wd=0.0349 | mom=0.9500 | T=6.0 k=4.0 (mu_rec=8 mu_bwd=4) | grad=3776.000 | tok/s=34,738 | tokens=0.33B
step=  9940 | loss=6.5991 | lr=3.00e-04 | wd=0.0349 | mom=0.9500 | T=8.8 k=3.8 (mu_rec=8 mu_bwd=4) | grad=314.000 | tok/s=33,712 | tokens=0.33B
step=  9950 | loss=6.4446 | lr=3.00e-04 | wd=0.0348 | mom=0.9500 | T=10.5 k=4.0 (mu_rec=8 mu_bwd=4) | grad=540.000 | tok/s=33,027 | tokens=0.33B
step=  9960 | loss=6.4938 | lr=3.00e-04 | wd=0.0347 | mom=0.9500 | T=5.0 k=3.5 (mu_rec=8 mu_bwd=4) | grad=213.000 | tok/s=33,710 | tokens=0.33B
step=  9970 | loss=6.5474 | lr=3.00e-04 | wd=0.0347 | mom=0.9500 | T=11.5 k=4.0 (mu_rec=8 mu_bwd=4) | grad=166.000 | tok/s=33,291 | tokens=0.33B
step=  9980 | loss=6.4140 | lr=3.00e-04 | wd=0.0346 | mom=0.9500 | T=11.8 k=4.0 (mu_rec=8 mu_bwd=4) | grad=179.000 | tok/s=34,664 | tokens=0.33B
step=  9990 | loss=6.2437 | lr=3.00e-04 | wd=0.0345 | mom=0.9500 | T=4.5 k=3.5 (mu_rec=8 mu_bwd=4) | grad=424.000 | tok/s=36,054 | tokens=0.33B
step= 10000 | loss=6.6065 | lr=3.00e-04 | wd=0.0345 | mom=0.9500 | T=6.5 k=4.0 (mu_rec=8 mu_bwd=4) | grad=748.000 | tok/s=32,156 | tokens=0.33B
[step 10000] Saved -> runs/retrofit-verify/checkpoint_0010000
step= 10010 | loss=6.4594 | lr=3.00e-04 | wd=0.0344 | mom=0.9500 | T=12.8 k=4.0 (mu_rec=8 mu_bwd=4) | grad=274.000 | tok/s=29,830 | tokens=0.33B
step= 10020 | loss=6.3727 | lr=3.00e-04 | wd=0.0343 | mom=0.9500 | T=9.0 k=3.8 (mu_rec=8 mu_bwd=4) | grad=320.000 | tok/s=33,204 | tokens=0.33B
step= 10030 | loss=6.3550 | lr=3.00e-04 | wd=0.0343 | mom=0.9500 | T=8.8 k=4.0 (mu_rec=8 mu_bwd=4) | grad=187.000 | tok/s=34,169 | tokens=0.33B
step= 10040 | loss=6.6764 | lr=3.00e-04 | wd=0.0342 | mom=0.9500 | T=10.0 k=4.0 (mu_rec=8 mu_bwd=4) | grad=212.000 | tok/s=33,073 | tokens=0.33B
step= 10050 | loss=6.4369 | lr=3.00e-04 | wd=0.0341 | mom=0.9500 | T=8.5 k=4.0 (mu_rec=8 mu_bwd=4) | grad=133.000 | tok/s=32,094 | tokens=0.33B
step= 10060 | loss=6.3031 | lr=3.00e-04 | wd=0.0341 | mom=0.9500 | T=3.8 k=3.2 (mu_rec=8 mu_bwd=4) | grad=394.000 | tok/s=33,385 | tokens=0.33B
step= 10070 | loss=6.3434 | lr=3.00e-04 | wd=0.0340 | mom=0.9500 | T=11.2 k=4.0 (mu_rec=8 mu_bwd=4) | grad=354.000 | tok/s=33,798 | tokens=0.33B
step= 10080 | loss=6.4834 | lr=3.00e-04 | wd=0.0339 | mom=0.9500 | T=6.0 k=3.0 (mu_rec=8 mu_bwd=4) | grad=157.000 | tok/s=34,043 | tokens=0.33B
step= 10090 | loss=6.4751 | lr=3.00e-04 | wd=0.0339 | mom=0.9500 | T=8.5 k=3.2 (mu_rec=8 mu_bwd=4) | grad=139.000 | tok/s=31,675 | tokens=0.33B
step= 10100 | loss=6.4534 | lr=3.00e-04 | wd=0.0338 | mom=0.9500 | T=6.0 k=3.0 (mu_rec=8 mu_bwd=4) | grad=112.500 | tok/s=33,381 | tokens=0.33B
step= 10110 | loss=6.3622 | lr=3.00e-04 | wd=0.0337 | mom=0.9500 | T=6.2 k=3.5 (mu_rec=8 mu_bwd=4) | grad=230.000 | tok/s=34,702 | tokens=0.33B
step= 10120 | loss=6.1812 | lr=3.00e-04 | wd=0.0337 | mom=0.9500 | T=7.5 k=4.0 (mu_rec=8 mu_bwd=4) | grad=184.000 | tok/s=31,878 | tokens=0.33B
step= 10130 | loss=6.5132 | lr=3.00e-04 | wd=0.0336 | mom=0.9500 | T=9.8 k=4.0 (mu_rec=8 mu_bwd=4) | grad=155.000 | tok/s=31,483 | tokens=0.33B
step= 10140 | loss=6.4069 | lr=3.00e-04 | wd=0.0335 | mom=0.9500 | T=9.0 k=3.8 (mu_rec=8 mu_bwd=4) | grad=164.000 | tok/s=33,775 | tokens=0.33B
step= 10150 | loss=6.2739 | lr=3.00e-04 | wd=0.0335 | mom=0.9500 | T=6.0 k=2.8 (mu_rec=8 mu_bwd=4) | grad=87.000 | tok/s=36,056 | tokens=0.33B
step= 10160 | loss=6.3582 | lr=3.00e-04 | wd=0.0334 | mom=0.9500 | T=8.8 k=3.5 (mu_rec=8 mu_bwd=4) | grad=243.000 | tok/s=31,724 | tokens=0.33B
step= 10170 | loss=6.1951 | lr=3.00e-04 | wd=0.0334 | mom=0.9500 | T=9.5 k=4.0 (mu_rec=8 mu_bwd=4) | grad=224.000 | tok/s=32,769 | tokens=0.33B
step= 10180 | loss=6.3995 | lr=3.00e-04 | wd=0.0333 | mom=0.9500 | T=5.2 k=3.8 (mu_rec=8 mu_bwd=4) | grad=192.000 | tok/s=35,182 | tokens=0.33B
step= 10190 | loss=6.3313 | lr=3.00e-04 | wd=0.0332 | mom=0.9500 | T=11.0 k=4.0 (mu_rec=8 mu_bwd=4) | grad=266.000 | tok/s=33,090 | tokens=0.33B
step= 10200 | loss=6.2959 | lr=3.00e-04 | wd=0.0332 | mom=0.9500 | T=6.2 k=3.5 (mu_rec=8 mu_bwd=4) | grad=398.000 | tok/s=34,459 | tokens=0.33B
step= 10210 | loss=6.3540 | lr=3.00e-04 | wd=0.0331 | mom=0.9500 | T=6.5 k=3.2 (mu_rec=8 mu_bwd=4) | grad=780.000 | tok/s=32,071 | tokens=0.33B
step= 10220 | loss=6.1875 | lr=3.00e-04 | wd=0.0330 | mom=0.9500 | T=10.8 k=4.0 (mu_rec=8 mu_bwd=4) | grad=230.000 | tok/s=33,367 | tokens=0.33B
step= 10230 | loss=6.2349 | lr=3.00e-04 | wd=0.0330 | mom=0.9500 | T=5.2 k=3.5 (mu_rec=8 mu_bwd=4) | grad=712.000 | tok/s=31,877 | tokens=0.34B
step= 10240 | loss=6.3023 | lr=3.00e-04 | wd=0.0329 | mom=0.9500 | T=7.8 k=4.0 (mu_rec=8 mu_bwd=4) | grad=422.000 | tok/s=32,574 | tokens=0.34B
step= 10250 | loss=6.2300 | lr=3.00e-04 | wd=0.0328 | mom=0.9500 | T=6.0 k=3.5 (mu_rec=8 mu_bwd=4) | grad=532.000 | tok/s=35,905 | tokens=0.34B
step= 10260 | loss=6.1163 | lr=3.00e-04 | wd=0.0328 | mom=0.9500 | T=17.8 k=4.0 (mu_rec=8 mu_bwd=4) | grad=256.000 | tok/s=8,180 | tokens=0.34B
step= 10270 | loss=6.1335 | lr=3.00e-04 | wd=0.0327 | mom=0.9500 | T=9.5 k=4.0 (mu_rec=8 mu_bwd=4) | grad=174.000 | tok/s=35,563 | tokens=0.34B
step= 10280 | loss=6.2396 | lr=3.00e-04 | wd=0.0326 | mom=0.9500 | T=7.8 k=3.8 (mu_rec=8 mu_bwd=4) | grad=524.000 | tok/s=35,309 | tokens=0.34B
step= 10290 | loss=6.3706 | lr=3.00e-04 | wd=0.0326 | mom=0.9500 | T=8.0 k=4.0 (mu_rec=8 mu_bwd=4) | grad=432.000 | tok/s=32,018 | tokens=0.34B
step= 10300 | loss=6.1753 | lr=3.00e-04 | wd=0.0325 | mom=0.9500 | T=5.8 k=4.0 (mu_rec=8 mu_bwd=4) | grad=462.000 | tok/s=32,676 | tokens=0.34B
step= 10310 | loss=6.5805 | lr=3.00e-04 | wd=0.0324 | mom=0.9500 | T=7.8 k=4.0 (mu_rec=8 mu_bwd=4) | grad=2272.000 | tok/s=35,747 | tokens=0.34B
step= 10320 | loss=6.4140 | lr=3.00e-04 | wd=0.0324 | mom=0.9500 | T=7.2 k=3.5 (mu_rec=8 mu_bwd=4) | grad=506.000 | tok/s=31,165 | tokens=0.34B
step= 10330 | loss=6.2156 | lr=3.00e-04 | wd=0.0323 | mom=0.9500 | T=13.8 k=3.8 (mu_rec=8 mu_bwd=4) | grad=308.000 | tok/s=32,631 | tokens=0.34B
step= 10340 | loss=6.4491 | lr=3.00e-04 | wd=0.0322 | mom=0.9500 | T=6.8 k=4.0 (mu_rec=8 mu_bwd=4) | grad=852.000 | tok/s=34,017 | tokens=0.34B
step= 10350 | loss=6.5418 | lr=3.00e-04 | wd=0.0322 | mom=0.9500 | T=7.5 k=3.8 (mu_rec=8 mu_bwd=4) | grad=1056.000 | tok/s=33,839 | tokens=0.34B
step= 10360 | loss=6.5119 | lr=3.00e-04 | wd=0.0321 | mom=0.9500 | T=4.2 k=3.5 (mu_rec=8 mu_bwd=4) | grad=928.000 | tok/s=33,742 | tokens=0.34B
step= 10370 | loss=6.7015 | lr=3.00e-04 | wd=0.0320 | mom=0.9500 | T=6.5 k=3.8 (mu_rec=8 mu_bwd=4) | grad=464.000 | tok/s=32,602 | tokens=0.34B
step= 10380 | loss=6.6047 | lr=3.00e-04 | wd=0.0320 | mom=0.9500 | T=11.0 k=4.0 (mu_rec=8 mu_bwd=4) | grad=808.000 | tok/s=33,849 | tokens=0.34B
step= 10390 | loss=6.3133 | lr=3.00e-04 | wd=0.0319 | mom=0.9500 | T=10.5 k=4.0 (mu_rec=8 mu_bwd=4) | grad=396.000 | tok/s=34,562 | tokens=0.34B
step= 10400 | loss=6.3077 | lr=3.00e-04 | wd=0.0318 | mom=0.9500 | T=5.8 k=3.0 (mu_rec=8 mu_bwd=4) | grad=320.000 | tok/s=36,260 | tokens=0.34B
step= 10410 | loss=6.3033 | lr=3.00e-04 | wd=0.0318 | mom=0.9500 | T=9.2 k=4.0 (mu_rec=8 mu_bwd=4) | grad=760.000 | tok/s=32,186 | tokens=0.34B
step= 10420 | loss=6.3838 | lr=3.00e-04 | wd=0.0317 | mom=0.9500 | T=8.8 k=3.8 (mu_rec=8 mu_bwd=4) | grad=588.000 | tok/s=34,545 | tokens=0.34B
step= 10430 | loss=6.4540 | lr=3.00e-04 | wd=0.0316 | mom=0.9500 | T=9.8 k=3.8 (mu_rec=8 mu_bwd=4) | grad=800.000 | tok/s=32,892 | tokens=0.34B
step= 10440 | loss=6.6904 | lr=3.00e-04 | wd=0.0316 | mom=0.9500 | T=7.2 k=3.5 (mu_rec=8 mu_bwd=4) | grad=3264.000 | tok/s=34,416 | tokens=0.34B
step= 10450 | loss=6.4182 | lr=3.00e-04 | wd=0.0315 | mom=0.9500 | T=10.8 k=4.0 (mu_rec=8 mu_bwd=4) | grad=430.000 | tok/s=31,384 | tokens=0.34B
step= 10460 | loss=6.3648 | lr=3.00e-04 | wd=0.0315 | mom=0.9500 | T=8.5 k=4.0 (mu_rec=8 mu_bwd=4) | grad=264.000 | tok/s=33,529 | tokens=0.34B
step= 10470 | loss=6.3968 | lr=3.00e-04 | wd=0.0314 | mom=0.9500 | T=5.0 k=3.0 (mu_rec=8 mu_bwd=4) | grad=249.000 | tok/s=36,578 | tokens=0.34B
step= 10480 | loss=6.3928 | lr=3.00e-04 | wd=0.0313 | mom=0.9500 | T=6.0 k=4.0 (mu_rec=8 mu_bwd=4) | grad=390.000 | tok/s=32,662 | tokens=0.34B
step= 10490 | loss=6.3507 | lr=3.00e-04 | wd=0.0313 | mom=0.9500 | T=4.5 k=3.2 (mu_rec=8 mu_bwd=4) | grad=264.000 | tok/s=33,388 | tokens=0.34B
step= 10500 | loss=6.2731 | lr=3.00e-04 | wd=0.0312 | mom=0.9500 | T=6.0 k=4.0 (mu_rec=8 mu_bwd=4) | grad=370.000 | tok/s=34,326 | tokens=0.34B
step= 10510 | loss=6.5926 | lr=3.00e-04 | wd=0.0311 | mom=0.9500 | T=11.0 k=4.0 (mu_rec=8 mu_bwd=4) | grad=224.000 | tok/s=7,730 | tokens=0.34B
step= 10520 | loss=6.4605 | lr=3.00e-04 | wd=0.0311 | mom=0.9500 | T=5.0 k=3.8 (mu_rec=8 mu_bwd=4) | grad=708.000 | tok/s=33,922 | tokens=0.34B
step= 10530 | loss=6.3958 | lr=3.00e-04 | wd=0.0310 | mom=0.9500 | T=13.0 k=4.0 (mu_rec=8 mu_bwd=4) | grad=496.000 | tok/s=34,006 | tokens=0.35B
step= 10540 | loss=6.3519 | lr=3.00e-04 | wd=0.0309 | mom=0.9500 | T=8.2 k=4.0 (mu_rec=8 mu_bwd=4) | grad=308.000 | tok/s=34,085 | tokens=0.35B
step= 10550 | loss=6.3804 | lr=3.00e-04 | wd=0.0309 | mom=0.9500 | T=6.5 k=4.0 (mu_rec=8 mu_bwd=4) | grad=458.000 | tok/s=31,368 | tokens=0.35B
step= 10560 | loss=6.3364 | lr=3.00e-04 | wd=0.0308 | mom=0.9500 | T=5.5 k=3.5 (mu_rec=8 mu_bwd=4) | grad=378.000 | tok/s=34,966 | tokens=0.35B
step= 10570 | loss=6.4223 | lr=3.00e-04 | wd=0.0307 | mom=0.9500 | T=6.8 k=3.2 (mu_rec=8 mu_bwd=4) | grad=458.000 | tok/s=33,618 | tokens=0.35B
step= 10580 | loss=6.4443 | lr=3.00e-04 | wd=0.0307 | mom=0.9500 | T=9.2 k=4.0 (mu_rec=8 mu_bwd=4) | grad=370.000 | tok/s=34,194 | tokens=0.35B
step= 10590 | loss=7.1769 | lr=3.00e-04 | wd=0.0306 | mom=0.9500 | T=9.2 k=4.0 (mu_rec=8 mu_bwd=4) | grad=716.000 | tok/s=32,392 | tokens=0.35B
step= 10600 | loss=6.3383 | lr=3.00e-04 | wd=0.0305 | mom=0.9500 | T=8.5 k=4.0 (mu_rec=8 mu_bwd=4) | grad=912.000 | tok/s=32,222 | tokens=0.35B
step= 10610 | loss=6.3704 | lr=3.00e-04 | wd=0.0305 | mom=0.9500 | T=8.0 k=3.2 (mu_rec=8 mu_bwd=4) | grad=358.000 | tok/s=33,580 | tokens=0.35B
step= 10620 | loss=6.3646 | lr=3.00e-04 | wd=0.0304 | mom=0.9500 | T=4.2 k=3.8 (mu_rec=8 mu_bwd=4) | grad=358.000 | tok/s=34,709 | tokens=0.35B
step= 10630 | loss=6.3434 | lr=3.00e-04 | wd=0.0303 | mom=0.9500 | T=7.2 k=4.0 (mu_rec=8 mu_bwd=4) | grad=348.000 | tok/s=32,806 | tokens=0.35B
step= 10640 | loss=6.5084 | lr=3.00e-04 | wd=0.0303 | mom=0.9500 | T=7.8 k=4.0 (mu_rec=8 mu_bwd=4) | grad=342.000 | tok/s=33,385 | tokens=0.35B
step= 10650 | loss=6.2007 | lr=3.00e-04 | wd=0.0302 | mom=0.9500 | T=5.5 k=3.0 (mu_rec=8 mu_bwd=4) | grad=225.000 | tok/s=35,918 | tokens=0.35B
step= 10660 | loss=6.3862 | lr=3.00e-04 | wd=0.0301 | mom=0.9500 | T=7.0 k=3.2 (mu_rec=8 mu_bwd=4) | grad=366.000 | tok/s=34,231 | tokens=0.35B
step= 10670 | loss=6.4157 | lr=3.00e-04 | wd=0.0301 | mom=0.9500 | T=8.8 k=3.8 (mu_rec=8 mu_bwd=4) | grad=219.000 | tok/s=35,047 | tokens=0.35B
step= 10680 | loss=7.1652 | lr=3.00e-04 | wd=0.0300 | mom=0.9500 | T=7.2 k=4.0 (mu_rec=8 mu_bwd=4) | grad=498.000 | tok/s=35,803 | tokens=0.35B
step= 10690 | loss=6.3960 | lr=3.00e-04 | wd=0.0299 | mom=0.9500 | T=5.8 k=3.5 (mu_rec=8 mu_bwd=4) | grad=145.000 | tok/s=33,570 | tokens=0.35B
step= 10700 | loss=6.4653 | lr=3.00e-04 | wd=0.0299 | mom=0.9500 | T=6.8 k=3.8 (mu_rec=8 mu_bwd=4) | grad=231.000 | tok/s=34,604 | tokens=0.35B
step= 10710 | loss=6.8490 | lr=3.00e-04 | wd=0.0298 | mom=0.9500 | T=4.2 k=3.5 (mu_rec=8 mu_bwd=4) | grad=384.000 | tok/s=33,071 | tokens=0.35B
step= 10720 | loss=6.4355 | lr=3.00e-04 | wd=0.0297 | mom=0.9500 | T=5.0 k=3.0 (mu_rec=8 mu_bwd=4) | grad=210.000 | tok/s=34,710 | tokens=0.35B
step= 10730 | loss=6.2376 | lr=3.00e-04 | wd=0.0297 | mom=0.9500 | T=9.2 k=4.0 (mu_rec=8 mu_bwd=4) | grad=398.000 | tok/s=34,441 | tokens=0.35B
step= 10740 | loss=6.2840 | lr=3.00e-04 | wd=0.0296 | mom=0.9500 | T=9.5 k=4.0 (mu_rec=8 mu_bwd=4) | grad=464.000 | tok/s=32,790 | tokens=0.35B
step= 10750 | loss=6.1385 | lr=3.00e-04 | wd=0.0296 | mom=0.9500 | T=5.8 k=4.0 (mu_rec=8 mu_bwd=4) | grad=328.000 | tok/s=34,533 | tokens=0.35B
step= 10760 | loss=6.5283 | lr=3.00e-04 | wd=0.0295 | mom=0.9500 | T=5.8 k=3.2 (mu_rec=8 mu_bwd=4) | grad=252.000 | tok/s=35,591 | tokens=0.35B
step= 10770 | loss=6.3238 | lr=3.00e-04 | wd=0.0294 | mom=0.9500 | T=3.0 k=2.8 (mu_rec=8 mu_bwd=4) | grad=394.000 | tok/s=36,746 | tokens=0.35B
step= 10780 | loss=6.4008 | lr=3.00e-04 | wd=0.0294 | mom=0.9500 | T=11.8 k=4.0 (mu_rec=8 mu_bwd=4) | grad=240.000 | tok/s=34,582 | tokens=0.35B
step= 10790 | loss=6.4221 | lr=3.00e-04 | wd=0.0293 | mom=0.9500 | T=8.0 k=4.0 (mu_rec=8 mu_bwd=4) | grad=274.000 | tok/s=35,505 | tokens=0.35B
step= 10800 | loss=6.2883 | lr=3.00e-04 | wd=0.0292 | mom=0.9500 | T=3.2 k=3.0 (mu_rec=8 mu_bwd=4) | grad=274.000 | tok/s=34,789 | tokens=0.35B
step= 10810 | loss=6.2814 | lr=3.00e-04 | wd=0.0292 | mom=0.9500 | T=5.8 k=3.8 (mu_rec=8 mu_bwd=4) | grad=316.000 | tok/s=34,869 | tokens=0.35B
step= 10820 | loss=6.3794 | lr=3.00e-04 | wd=0.0291 | mom=0.9500 | T=9.2 k=4.0 (mu_rec=8 mu_bwd=4) | grad=260.000 | tok/s=31,766 | tokens=0.35B
step= 10830 | loss=6.5022 | lr=3.00e-04 | wd=0.0290 | mom=0.9500 | T=7.2 k=4.0 (mu_rec=8 mu_bwd=4) | grad=175.000 | tok/s=33,616 | tokens=0.35B
step= 10840 | loss=6.5106 | lr=3.00e-04 | wd=0.0290 | mom=0.9500 | T=5.0 k=3.2 (mu_rec=8 mu_bwd=4) | grad=234.000 | tok/s=35,668 | tokens=0.36B
step= 10850 | loss=6.2311 | lr=3.00e-04 | wd=0.0289 | mom=0.9500 | T=6.2 k=3.2 (mu_rec=8 mu_bwd=4) | grad=183.000 | tok/s=32,567 | tokens=0.36B
step= 10860 | loss=6.4229 | lr=3.00e-04 | wd=0.0288 | mom=0.9500 | T=5.8 k=3.0 (mu_rec=8 mu_bwd=4) | grad=156.000 | tok/s=34,370 | tokens=0.36B
step= 10870 | loss=6.3745 | lr=3.00e-04 | wd=0.0288 | mom=0.9500 | T=5.8 k=4.0 (mu_rec=8 mu_bwd=4) | grad=848.000 | tok/s=33,665 | tokens=0.36B
step= 10880 | loss=6.3971 | lr=3.00e-04 | wd=0.0287 | mom=0.9500 | T=9.8 k=4.0 (mu_rec=8 mu_bwd=4) | grad=460.000 | tok/s=33,663 | tokens=0.36B
step= 10890 | loss=6.1394 | lr=3.00e-04 | wd=0.0286 | mom=0.9500 | T=6.0 k=3.8 (mu_rec=8 mu_bwd=4) | grad=520.000 | tok/s=31,962 | tokens=0.36B
step= 10900 | loss=6.3454 | lr=3.00e-04 | wd=0.0286 | mom=0.9500 | T=10.8 k=3.2 (mu_rec=8 mu_bwd=4) | grad=136.000 | tok/s=33,386 | tokens=0.36B
step= 10910 | loss=6.1692 | lr=3.00e-04 | wd=0.0285 | mom=0.9500 | T=9.5 k=3.8 (mu_rec=8 mu_bwd=4) | grad=136.000 | tok/s=31,305 | tokens=0.36B
step= 10920 | loss=6.4005 | lr=3.00e-04 | wd=0.0284 | mom=0.9500 | T=5.8 k=3.5 (mu_rec=8 mu_bwd=4) | grad=160.000 | tok/s=34,117 | tokens=0.36B
step= 10930 | loss=6.4396 | lr=3.00e-04 | wd=0.0284 | mom=0.9500 | T=9.8 k=3.2 (mu_rec=8 mu_bwd=4) | grad=125.000 | tok/s=36,784 | tokens=0.36B
step= 10940 | loss=6.4327 | lr=3.00e-04 | wd=0.0283 | mom=0.9500 | T=3.5 k=2.5 (mu_rec=8 mu_bwd=4) | grad=159.000 | tok/s=35,592 | tokens=0.36B
step= 10950 | loss=6.2936 | lr=3.00e-04 | wd=0.0282 | mom=0.9500 | T=7.8 k=3.2 (mu_rec=8 mu_bwd=4) | grad=231.000 | tok/s=35,853 | tokens=0.36B
step= 10960 | loss=6.1419 | lr=3.00e-04 | wd=0.0282 | mom=0.9500 | T=8.8 k=3.2 (mu_rec=8 mu_bwd=4) | grad=306.000 | tok/s=34,026 | tokens=0.36B
step= 10970 | loss=6.3654 | lr=3.00e-04 | wd=0.0281 | mom=0.9500 | T=7.0 k=3.5 (mu_rec=8 mu_bwd=4) | grad=163.000 | tok/s=34,009 | tokens=0.36B
step= 10980 | loss=6.2709 | lr=3.00e-04 | wd=0.0280 | mom=0.9500 | T=5.5 k=3.2 (mu_rec=8 mu_bwd=4) | grad=278.000 | tok/s=31,245 | tokens=0.36B
step= 10990 | loss=6.4049 | lr=3.00e-04 | wd=0.0280 | mom=0.9500 | T=4.8 k=3.8 (mu_rec=8 mu_bwd=4) | grad=192.000 | tok/s=32,737 | tokens=0.36B
step= 11000 | loss=6.3358 | lr=3.00e-04 | wd=0.0279 | mom=0.9500 | T=10.8 k=3.5 (mu_rec=8 mu_bwd=4) | grad=151.000 | tok/s=35,143 | tokens=0.36B
step= 11010 | loss=6.3112 | lr=3.00e-04 | wd=0.0278 | mom=0.9500 | T=9.2 k=3.8 (mu_rec=8 mu_bwd=4) | grad=114.500 | tok/s=32,970 | tokens=0.36B
step= 11020 | loss=6.7723 | lr=3.00e-04 | wd=0.0278 | mom=0.9500 | T=8.0 k=4.0 (mu_rec=8 mu_bwd=4) | grad=142.000 | tok/s=33,303 | tokens=0.36B
step= 11030 | loss=6.2446 | lr=3.00e-04 | wd=0.0277 | mom=0.9500 | T=6.2 k=4.0 (mu_rec=8 mu_bwd=4) | grad=122.500 | tok/s=32,238 | tokens=0.36B
step= 11040 | loss=6.7581 | lr=3.00e-04 | wd=0.0277 | mom=0.9500 | T=6.2 k=3.2 (mu_rec=8 mu_bwd=4) | grad=111.500 | tok/s=33,342 | tokens=0.36B
step= 11050 | loss=6.3187 | lr=3.00e-04 | wd=0.0276 | mom=0.9500 | T=10.2 k=4.0 (mu_rec=8 mu_bwd=4) | grad=104.000 | tok/s=34,482 | tokens=0.36B
step= 11060 | loss=6.3480 | lr=3.00e-04 | wd=0.0275 | mom=0.9500 | T=8.5 k=3.8 (mu_rec=8 mu_bwd=4) | grad=148.000 | tok/s=32,577 | tokens=0.36B
step= 11070 | loss=6.3566 | lr=3.00e-04 | wd=0.0275 | mom=0.9500 | T=6.0 k=2.8 (mu_rec=8 mu_bwd=4) | grad=81.500 | tok/s=8,213 | tokens=0.36B
step= 11080 | loss=6.2695 | lr=3.00e-04 | wd=0.0274 | mom=0.9500 | T=7.8 k=4.0 (mu_rec=8 mu_bwd=4) | grad=94.500 | tok/s=36,749 | tokens=0.36B
step= 11090 | loss=6.4513 | lr=3.00e-04 | wd=0.0273 | mom=0.9500 | T=7.5 k=4.0 (mu_rec=8 mu_bwd=4) | grad=66.000 | tok/s=32,717 | tokens=0.36B
step= 11100 | loss=6.2339 | lr=3.00e-04 | wd=0.0273 | mom=0.9500 | T=7.8 k=4.0 (mu_rec=8 mu_bwd=4) | grad=103.500 | tok/s=34,716 | tokens=0.36B
step= 11110 | loss=6.4332 | lr=3.00e-04 | wd=0.0272 | mom=0.9500 | T=11.5 k=4.0 (mu_rec=8 mu_bwd=4) | grad=85.500 | tok/s=32,624 | tokens=0.36B
step= 11120 | loss=6.4207 | lr=3.00e-04 | wd=0.0271 | mom=0.9500 | T=8.8 k=3.8 (mu_rec=8 mu_bwd=4) | grad=104.500 | tok/s=32,834 | tokens=0.36B
step= 11130 | loss=6.3015 | lr=3.00e-04 | wd=0.0271 | mom=0.9500 | T=5.5 k=2.8 (mu_rec=8 mu_bwd=4) | grad=123.500 | tok/s=36,751 | tokens=0.36B
step= 11140 | loss=6.3488 | lr=3.00e-04 | wd=0.0270 | mom=0.9500 | T=9.0 k=3.8 (mu_rec=8 mu_bwd=4) | grad=97.000 | tok/s=33,506 | tokens=0.37B
step= 11150 | loss=6.2187 | lr=3.00e-04 | wd=0.0269 | mom=0.9500 | T=5.8 k=4.0 (mu_rec=8 mu_bwd=4) | grad=255.000 | tok/s=36,932 | tokens=0.37B
step= 11160 | loss=6.2558 | lr=3.00e-04 | wd=0.0269 | mom=0.9500 | T=6.5 k=3.2 (mu_rec=8 mu_bwd=4) | grad=160.000 | tok/s=35,293 | tokens=0.37B
step= 11170 | loss=6.4548 | lr=3.00e-04 | wd=0.0268 | mom=0.9500 | T=5.0 k=3.0 (mu_rec=8 mu_bwd=4) | grad=125.500 | tok/s=33,970 | tokens=0.37B
step= 11180 | loss=6.1945 | lr=3.00e-04 | wd=0.0267 | mom=0.9500 | T=10.0 k=4.0 (mu_rec=8 mu_bwd=4) | grad=101.000 | tok/s=33,894 | tokens=0.37B
step= 11190 | loss=6.1787 | lr=3.00e-04 | wd=0.0267 | mom=0.9500 | T=6.8 k=4.0 (mu_rec=8 mu_bwd=4) | grad=98.500 | tok/s=33,358 | tokens=0.37B
step= 11200 | loss=6.2359 | lr=3.00e-04 | wd=0.0266 | mom=0.9500 | T=8.8 k=3.2 (mu_rec=8 mu_bwd=4) | grad=123.500 | tok/s=34,423 | tokens=0.37B
step= 11210 | loss=6.8944 | lr=3.00e-04 | wd=0.0265 | mom=0.9500 | T=6.8 k=3.8 (mu_rec=8 mu_bwd=4) | grad=290.000 | tok/s=32,936 | tokens=0.37B
step= 11220 | loss=6.3838 | lr=3.00e-04 | wd=0.0265 | mom=0.9500 | T=7.8 k=3.5 (mu_rec=8 mu_bwd=4) | grad=113.000 | tok/s=32,688 | tokens=0.37B
step= 11230 | loss=6.4833 | lr=3.00e-04 | wd=0.0264 | mom=0.9500 | T=7.5 k=4.0 (mu_rec=8 mu_bwd=4) | grad=167.000 | tok/s=32,607 | tokens=0.37B
step= 11240 | loss=6.6360 | lr=3.00e-04 | wd=0.0263 | mom=0.9500 | T=6.8 k=4.0 (mu_rec=8 mu_bwd=4) | grad=166.000 | tok/s=33,283 | tokens=0.37B
step= 11250 | loss=6.6328 | lr=3.00e-04 | wd=0.0263 | mom=0.9500 | T=5.2 k=3.2 (mu_rec=8 mu_bwd=4) | grad=240.000 | tok/s=34,307 | tokens=0.37B
step= 11260 | loss=6.1905 | lr=3.00e-04 | wd=0.0262 | mom=0.9500 | T=9.2 k=4.0 (mu_rec=8 mu_bwd=4) | grad=87.000 | tok/s=31,989 | tokens=0.37B
step= 11270 | loss=6.2263 | lr=3.00e-04 | wd=0.0261 | mom=0.9500 | T=8.0 k=3.2 (mu_rec=8 mu_bwd=4) | grad=115.500 | tok/s=33,341 | tokens=0.37B
step= 11280 | loss=6.3704 | lr=3.00e-04 | wd=0.0261 | mom=0.9500 | T=6.8 k=3.0 (mu_rec=8 mu_bwd=4) | grad=290.000 | tok/s=34,804 | tokens=0.37B
step= 11290 | loss=6.5557 | lr=3.00e-04 | wd=0.0260 | mom=0.9500 | T=10.2 k=3.5 (mu_rec=8 mu_bwd=4) | grad=148.000 | tok/s=32,291 | tokens=0.37B
step= 11300 | loss=6.2841 | lr=3.00e-04 | wd=0.0259 | mom=0.9500 | T=5.5 k=4.0 (mu_rec=8 mu_bwd=4) | grad=111.500 | tok/s=37,265 | tokens=0.37B
step= 11310 | loss=6.1656 | lr=3.00e-04 | wd=0.0259 | mom=0.9500 | T=9.5 k=4.0 (mu_rec=8 mu_bwd=4) | grad=128.000 | tok/s=33,155 | tokens=0.37B
step= 11320 | loss=6.3641 | lr=3.00e-04 | wd=0.0258 | mom=0.9500 | T=7.2 k=4.0 (mu_rec=8 mu_bwd=4) | grad=214.000 | tok/s=34,475 | tokens=0.37B
step= 11330 | loss=6.4713 | lr=3.00e-04 | wd=0.0258 | mom=0.9500 | T=9.2 k=4.0 (mu_rec=8 mu_bwd=4) | grad=136.000 | tok/s=35,169 | tokens=0.37B
step= 11340 | loss=6.3149 | lr=3.00e-04 | wd=0.0257 | mom=0.9500 | T=7.5 k=3.5 (mu_rec=8 mu_bwd=4) | grad=179.000 | tok/s=33,372 | tokens=0.37B
step= 11350 | loss=6.2216 | lr=3.00e-04 | wd=0.0256 | mom=0.9500 | T=5.5 k=3.8 (mu_rec=8 mu_bwd=4) | grad=255.000 | tok/s=35,444 | tokens=0.37B
step= 11360 | loss=6.3502 | lr=3.00e-04 | wd=0.0256 | mom=0.9500 | T=7.0 k=3.8 (mu_rec=8 mu_bwd=4) | grad=286.000 | tok/s=34,986 | tokens=0.37B
step= 11370 | loss=6.2545 | lr=3.00e-04 | wd=0.0255 | mom=0.9500 | T=9.0 k=4.0 (mu_rec=8 mu_bwd=4) | grad=416.000 | tok/s=34,200 | tokens=0.37B
step= 11380 | loss=6.2409 | lr=3.00e-04 | wd=0.0254 | mom=0.9500 | T=13.2 k=4.0 (mu_rec=8 mu_bwd=4) | grad=125.000 | tok/s=32,967 | tokens=0.37B
step= 11390 | loss=6.1517 | lr=3.00e-04 | wd=0.0254 | mom=0.9500 | T=7.8 k=4.0 (mu_rec=8 mu_bwd=4) | grad=203.000 | tok/s=32,520 | tokens=0.37B
step= 11400 | loss=6.2793 | lr=3.00e-04 | wd=0.0253 | mom=0.9500 | T=6.2 k=3.8 (mu_rec=8 mu_bwd=4) | grad=167.000 | tok/s=7,451 | tokens=0.37B
step= 11410 | loss=6.2167 | lr=3.00e-04 | wd=0.0252 | mom=0.9500 | T=5.8 k=3.5 (mu_rec=8 mu_bwd=4) | grad=270.000 | tok/s=32,647 | tokens=0.37B
step= 11420 | loss=6.3164 | lr=3.00e-04 | wd=0.0252 | mom=0.9500 | T=10.8 k=4.0 (mu_rec=8 mu_bwd=4) | grad=137.000 | tok/s=34,863 | tokens=0.37B
step= 11430 | loss=6.2780 | lr=3.00e-04 | wd=0.0251 | mom=0.9500 | T=5.5 k=2.5 (mu_rec=8 mu_bwd=4) | grad=1136.000 | tok/s=38,668 | tokens=0.37B
step= 11440 | loss=6.2392 | lr=3.00e-04 | wd=0.0250 | mom=0.9500 | T=7.5 k=3.8 (mu_rec=8 mu_bwd=4) | grad=158.000 | tok/s=31,413 | tokens=0.37B
step= 11450 | loss=6.1866 | lr=3.00e-04 | wd=0.0250 | mom=0.9500 | T=5.5 k=3.2 (mu_rec=8 mu_bwd=4) | grad=556.000 | tok/s=36,245 | tokens=0.38B
step= 11460 | loss=6.1963 | lr=3.00e-04 | wd=0.0249 | mom=0.9500 | T=8.0 k=3.2 (mu_rec=8 mu_bwd=4) | grad=156.000 | tok/s=34,792 | tokens=0.38B
step= 11470 | loss=6.3052 | lr=3.00e-04 | wd=0.0248 | mom=0.9500 | T=8.2 k=4.0 (mu_rec=8 mu_bwd=4) | grad=164.000 | tok/s=34,874 | tokens=0.38B
step= 11480 | loss=6.1930 | lr=3.00e-04 | wd=0.0248 | mom=0.9500 | T=7.8 k=3.8 (mu_rec=8 mu_bwd=4) | grad=227.000 | tok/s=34,213 | tokens=0.38B
step= 11490 | loss=6.3607 | lr=3.00e-04 | wd=0.0247 | mom=0.9500 | T=10.0 k=4.0 (mu_rec=8 mu_bwd=4) | grad=140.000 | tok/s=32,767 | tokens=0.38B
step= 11500 | loss=6.2168 | lr=3.00e-04 | wd=0.0246 | mom=0.9500 | T=10.8 k=4.0 (mu_rec=8 mu_bwd=4) | grad=402.000 | tok/s=32,817 | tokens=0.38B
step= 11510 | loss=6.2123 | lr=3.00e-04 | wd=0.0246 | mom=0.9500 | T=8.2 k=3.2 (mu_rec=8 mu_bwd=4) | grad=231.000 | tok/s=30,983 | tokens=0.38B
step= 11520 | loss=6.1791 | lr=3.00e-04 | wd=0.0245 | mom=0.9500 | T=7.0 k=3.5 (mu_rec=8 mu_bwd=4) | grad=444.000 | tok/s=34,068 | tokens=0.38B
step= 11530 | loss=6.3597 | lr=3.00e-04 | wd=0.0244 | mom=0.9500 | T=8.5 k=4.0 (mu_rec=8 mu_bwd=4) | grad=274.000 | tok/s=33,042 | tokens=0.38B
step= 11540 | loss=6.2421 | lr=3.00e-04 | wd=0.0244 | mom=0.9500 | T=10.5 k=4.0 (mu_rec=8 mu_bwd=4) | grad=71.500 | tok/s=32,151 | tokens=0.38B
step= 11550 | loss=6.2163 | lr=3.00e-04 | wd=0.0243 | mom=0.9500 | T=8.0 k=4.0 (mu_rec=8 mu_bwd=4) | grad=137.000 | tok/s=35,174 | tokens=0.38B
step= 11560 | loss=6.2454 | lr=3.00e-04 | wd=0.0242 | mom=0.9500 | T=7.0 k=4.0 (mu_rec=8 mu_bwd=4) | grad=153.000 | tok/s=34,380 | tokens=0.38B
step= 11570 | loss=6.5798 | lr=3.00e-04 | wd=0.0242 | mom=0.9500 | T=10.5 k=4.0 (mu_rec=8 mu_bwd=4) | grad=66.500 | tok/s=36,549 | tokens=0.38B
step= 11580 | loss=6.2448 | lr=3.00e-04 | wd=0.0241 | mom=0.9500 | T=6.0 k=4.0 (mu_rec=8 mu_bwd=4) | grad=362.000 | tok/s=32,789 | tokens=0.38B
step= 11590 | loss=6.2298 | lr=3.00e-04 | wd=0.0240 | mom=0.9500 | T=5.2 k=3.5 (mu_rec=8 mu_bwd=4) | grad=175.000 | tok/s=35,451 | tokens=0.38B
step= 11600 | loss=6.2689 | lr=3.00e-04 | wd=0.0240 | mom=0.9500 | T=8.8 k=4.0 (mu_rec=8 mu_bwd=4) | grad=55.000 | tok/s=34,427 | tokens=0.38B
step= 11610 | loss=6.2007 | lr=3.00e-04 | wd=0.0239 | mom=0.9500 | T=5.8 k=3.2 (mu_rec=8 mu_bwd=4) | grad=78.000 | tok/s=33,497 | tokens=0.38B
step= 11620 | loss=6.2013 | lr=3.00e-04 | wd=0.0238 | mom=0.9500 | T=8.8 k=4.0 (mu_rec=8 mu_bwd=4) | grad=93.000 | tok/s=31,902 | tokens=0.38B
step= 11630 | loss=6.4184 | lr=3.00e-04 | wd=0.0238 | mom=0.9500 | T=7.5 k=3.5 (mu_rec=8 mu_bwd=4) | grad=119.500 | tok/s=33,279 | tokens=0.38B
step= 11640 | loss=5.9746 | lr=3.00e-04 | wd=0.0237 | mom=0.9500 | T=7.2 k=3.5 (mu_rec=8 mu_bwd=4) | grad=222.000 | tok/s=35,713 | tokens=0.38B
step= 11650 | loss=6.3738 | lr=3.00e-04 | wd=0.0237 | mom=0.9500 | T=10.0 k=3.5 (mu_rec=8 mu_bwd=4) | grad=324.000 | tok/s=32,528 | tokens=0.38B
step= 11660 | loss=6.2135 | lr=3.00e-04 | wd=0.0236 | mom=0.9500 | T=7.2 k=3.2 (mu_rec=8 mu_bwd=4) | grad=113.500 | tok/s=33,144 | tokens=0.38B
step= 11670 | loss=6.2306 | lr=3.00e-04 | wd=0.0235 | mom=0.9500 | T=9.2 k=3.5 (mu_rec=8 mu_bwd=4) | grad=177.000 | tok/s=32,556 | tokens=0.38B
step= 11680 | loss=6.1930 | lr=3.00e-04 | wd=0.0235 | mom=0.9500 | T=9.5 k=4.0 (mu_rec=8 mu_bwd=4) | grad=696.000 | tok/s=33,220 | tokens=0.38B
step= 11690 | loss=6.0099 | lr=3.00e-04 | wd=0.0234 | mom=0.9500 | T=5.2 k=3.8 (mu_rec=8 mu_bwd=4) | grad=338.000 | tok/s=34,261 | tokens=0.38B
step= 11700 | loss=6.2264 | lr=3.00e-04 | wd=0.0233 | mom=0.9500 | T=4.5 k=2.5 (mu_rec=8 mu_bwd=4) | grad=179.000 | tok/s=35,818 | tokens=0.38B
step= 11710 | loss=6.2013 | lr=3.00e-04 | wd=0.0233 | mom=0.9500 | T=9.8 k=4.0 (mu_rec=8 mu_bwd=4) | grad=544.000 | tok/s=34,011 | tokens=0.38B
step= 11720 | loss=6.1784 | lr=3.00e-04 | wd=0.0232 | mom=0.9500 | T=7.5 k=3.2 (mu_rec=8 mu_bwd=4) | grad=308.000 | tok/s=33,183 | tokens=0.38B
step= 11730 | loss=6.2058 | lr=3.00e-04 | wd=0.0231 | mom=0.9500 | T=9.0 k=4.0 (mu_rec=8 mu_bwd=4) | grad=226.000 | tok/s=36,238 | tokens=0.38B
step= 11740 | loss=6.0853 | lr=3.00e-04 | wd=0.0231 | mom=0.9500 | T=6.8 k=4.0 (mu_rec=8 mu_bwd=4) | grad=194.000 | tok/s=35,222 | tokens=0.38B
step= 11750 | loss=6.0691 | lr=3.00e-04 | wd=0.0230 | mom=0.9500 | T=8.8 k=4.0 (mu_rec=8 mu_bwd=4) | grad=237.000 | tok/s=33,901 | tokens=0.39B
step= 11760 | loss=6.0172 | lr=3.00e-04 | wd=0.0229 | mom=0.9500 | T=7.2 k=4.0 (mu_rec=8 mu_bwd=4) | grad=652.000 | tok/s=32,033 | tokens=0.39B
step= 11770 | loss=5.9025 | lr=3.00e-04 | wd=0.0229 | mom=0.9500 | T=8.8 k=3.5 (mu_rec=8 mu_bwd=4) | grad=356.000 | tok/s=35,132 | tokens=0.39B
step= 11780 | loss=6.2037 | lr=3.00e-04 | wd=0.0228 | mom=0.9500 | T=10.8 k=4.0 (mu_rec=8 mu_bwd=4) | grad=294.000 | tok/s=33,770 | tokens=0.39B
step= 11790 | loss=6.0027 | lr=3.00e-04 | wd=0.0227 | mom=0.9500 | T=11.8 k=4.0 (mu_rec=8 mu_bwd=4) | grad=548.000 | tok/s=36,071 | tokens=0.39B
step= 11800 | loss=6.1972 | lr=3.00e-04 | wd=0.0227 | mom=0.9500 | T=6.2 k=3.2 (mu_rec=8 mu_bwd=4) | grad=215.000 | tok/s=34,453 | tokens=0.39B
step= 11810 | loss=6.2296 | lr=3.00e-04 | wd=0.0226 | mom=0.9500 | T=6.5 k=3.2 (mu_rec=8 mu_bwd=4) | grad=2640.000 | tok/s=32,363 | tokens=0.39B
step= 11820 | loss=6.2123 | lr=3.00e-04 | wd=0.0225 | mom=0.9500 | T=10.8 k=4.0 (mu_rec=8 mu_bwd=4) | grad=396.000 | tok/s=32,246 | tokens=0.39B
step= 11830 | loss=6.2629 | lr=3.00e-04 | wd=0.0225 | mom=0.9500 | T=4.8 k=3.5 (mu_rec=8 mu_bwd=4) | grad=430.000 | tok/s=33,194 | tokens=0.39B
step= 11840 | loss=6.2718 | lr=3.00e-04 | wd=0.0224 | mom=0.9500 | T=5.8 k=3.8 (mu_rec=8 mu_bwd=4) | grad=270.000 | tok/s=37,130 | tokens=0.39B
step= 11850 | loss=6.5059 | lr=3.00e-04 | wd=0.0223 | mom=0.9500 | T=6.5 k=4.0 (mu_rec=8 mu_bwd=4) | grad=227.000 | tok/s=31,691 | tokens=0.39B
step= 11860 | loss=6.3015 | lr=3.00e-04 | wd=0.0223 | mom=0.9500 | T=9.0 k=4.0 (mu_rec=8 mu_bwd=4) | grad=816.000 | tok/s=35,724 | tokens=0.39B
step= 11870 | loss=6.2637 | lr=3.00e-04 | wd=0.0222 | mom=0.9500 | T=9.0 k=3.8 (mu_rec=8 mu_bwd=4) | grad=324.000 | tok/s=32,802 | tokens=0.39B
step= 11880 | loss=5.9448 | lr=3.00e-04 | wd=0.0221 | mom=0.9500 | T=6.5 k=2.8 (mu_rec=8 mu_bwd=4) | grad=151.000 | tok/s=35,185 | tokens=0.39B
step= 11890 | loss=6.2076 | lr=3.00e-04 | wd=0.0221 | mom=0.9500 | T=6.8 k=4.0 (mu_rec=8 mu_bwd=4) | grad=102.500 | tok/s=33,220 | tokens=0.39B
step= 11900 | loss=6.1886 | lr=3.00e-04 | wd=0.0220 | mom=0.9500 | T=11.0 k=3.2 (mu_rec=8 mu_bwd=4) | grad=205.000 | tok/s=32,782 | tokens=0.39B
step= 11910 | loss=6.1572 | lr=3.00e-04 | wd=0.0219 | mom=0.9500 | T=10.0 k=4.0 (mu_rec=8 mu_bwd=4) | grad=164.000 | tok/s=35,243 | tokens=0.39B
step= 11920 | loss=6.2255 | lr=3.00e-04 | wd=0.0219 | mom=0.9500 | T=8.2 k=3.8 (mu_rec=8 mu_bwd=4) | grad=472.000 | tok/s=33,392 | tokens=0.39B
step= 11930 | loss=6.1896 | lr=3.00e-04 | wd=0.0218 | mom=0.9500 | T=6.2 k=3.2 (mu_rec=8 mu_bwd=4) | grad=166.000 | tok/s=8,030 | tokens=0.39B
step= 11940 | loss=6.2449 | lr=3.00e-04 | wd=0.0218 | mom=0.9500 | T=8.0 k=3.2 (mu_rec=8 mu_bwd=4) | grad=214.000 | tok/s=34,631 | tokens=0.39B
step= 11950 | loss=6.2654 | lr=3.00e-04 | wd=0.0217 | mom=0.9500 | T=5.8 k=4.0 (mu_rec=8 mu_bwd=4) | grad=442.000 | tok/s=35,671 | tokens=0.39B
step= 11960 | loss=6.2688 | lr=3.00e-04 | wd=0.0216 | mom=0.9500 | T=9.5 k=4.0 (mu_rec=8 mu_bwd=4) | grad=145.000 | tok/s=33,411 | tokens=0.39B
step= 11970 | loss=6.3807 | lr=3.00e-04 | wd=0.0216 | mom=0.9500 | T=9.0 k=3.5 (mu_rec=8 mu_bwd=4) | grad=199.000 | tok/s=33,593 | tokens=0.39B
step= 11980 | loss=6.2576 | lr=3.00e-04 | wd=0.0215 | mom=0.9500 | T=8.0 k=4.0 (mu_rec=8 mu_bwd=4) | grad=202.000 | tok/s=34,277 | tokens=0.39B
step= 11990 | loss=6.6317 | lr=3.00e-04 | wd=0.0214 | mom=0.9500 | T=11.2 k=4.0 (mu_rec=8 mu_bwd=4) | grad=4928.000 | tok/s=33,629 | tokens=0.39B
step= 12000 | loss=7.6948 | lr=3.00e-04 | wd=0.0214 | mom=0.9500 | T=9.0 k=3.8 (mu_rec=8 mu_bwd=4) | grad=632.000 | tok/s=36,146 | tokens=0.39B
[step 12000] Saved -> runs/retrofit-verify/checkpoint_0012000
step= 12010 | loss=7.0815 | lr=3.00e-04 | wd=0.0213 | mom=0.9500 | T=3.8 k=3.2 (mu_rec=8 mu_bwd=4) | grad=181.000 | tok/s=30,377 | tokens=0.39B
step= 12020 | loss=6.3610 | lr=3.00e-04 | wd=0.0212 | mom=0.9500 | T=9.0 k=4.0 (mu_rec=8 mu_bwd=4) | grad=167.000 | tok/s=39,480 | tokens=0.39B
step= 12030 | loss=5.8968 | lr=3.00e-04 | wd=0.0212 | mom=0.9500 | T=10.0 k=3.5 (mu_rec=8 mu_bwd=4) | grad=221.000 | tok/s=36,650 | tokens=0.39B
step= 12040 | loss=6.3940 | lr=3.00e-04 | wd=0.0211 | mom=0.9500 | T=9.2 k=4.0 (mu_rec=8 mu_bwd=4) | grad=167.000 | tok/s=36,937 | tokens=0.39B
step= 12050 | loss=6.3723 | lr=3.00e-04 | wd=0.0210 | mom=0.9500 | T=5.5 k=3.2 (mu_rec=8 mu_bwd=4) | grad=209.000 | tok/s=35,492 | tokens=0.39B
step= 12060 | loss=6.3039 | lr=3.00e-04 | wd=0.0210 | mom=0.9500 | T=5.2 k=3.0 (mu_rec=8 mu_bwd=4) | grad=196.000 | tok/s=35,020 | tokens=0.40B
step= 12070 | loss=6.2924 | lr=3.00e-04 | wd=0.0209 | mom=0.9500 | T=3.5 k=3.2 (mu_rec=8 mu_bwd=4) | grad=544.000 | tok/s=38,354 | tokens=0.40B
step= 12080 | loss=6.6320 | lr=3.00e-04 | wd=0.0208 | mom=0.9500 | T=9.8 k=3.5 (mu_rec=8 mu_bwd=4) | grad=174.000 | tok/s=33,284 | tokens=0.40B
step= 12090 | loss=6.1172 | lr=3.00e-04 | wd=0.0208 | mom=0.9500 | T=6.2 k=3.2 (mu_rec=8 mu_bwd=4) | grad=216.000 | tok/s=34,459 | tokens=0.40B
step= 12100 | loss=6.1717 | lr=3.00e-04 | wd=0.0207 | mom=0.9500 | T=7.2 k=3.0 (mu_rec=8 mu_bwd=4) | grad=204.000 | tok/s=35,201 | tokens=0.40B
step= 12110 | loss=6.3244 | lr=3.00e-04 | wd=0.0206 | mom=0.9500 | T=7.0 k=2.8 (mu_rec=8 mu_bwd=4) | grad=167.000 | tok/s=32,900 | tokens=0.40B
step= 12120 | loss=6.0556 | lr=3.00e-04 | wd=0.0206 | mom=0.9500 | T=3.2 k=3.0 (mu_rec=8 mu_bwd=4) | grad=204.000 | tok/s=37,322 | tokens=0.40B
step= 12130 | loss=6.2111 | lr=3.00e-04 | wd=0.0205 | mom=0.9500 | T=5.5 k=3.5 (mu_rec=8 mu_bwd=4) | grad=225.000 | tok/s=35,461 | tokens=0.40B
step= 12140 | loss=6.4691 | lr=3.00e-04 | wd=0.0204 | mom=0.9500 | T=10.0 k=3.2 (mu_rec=8 mu_bwd=4) | grad=127.000 | tok/s=33,967 | tokens=0.40B
step= 12150 | loss=6.3973 | lr=3.00e-04 | wd=0.0204 | mom=0.9500 | T=10.0 k=3.0 (mu_rec=8 mu_bwd=4) | grad=113.000 | tok/s=33,104 | tokens=0.40B
step= 12160 | loss=6.1357 | lr=3.00e-04 | wd=0.0203 | mom=0.9500 | T=4.2 k=2.5 (mu_rec=8 mu_bwd=4) | grad=217.000 | tok/s=35,474 | tokens=0.40B
step= 12170 | loss=6.0910 | lr=3.00e-04 | wd=0.0202 | mom=0.9500 | T=9.2 k=4.0 (mu_rec=8 mu_bwd=4) | grad=113.000 | tok/s=31,688 | tokens=0.40B
step= 12180 | loss=6.1291 | lr=3.00e-04 | wd=0.0202 | mom=0.9500 | T=8.2 k=4.0 (mu_rec=8 mu_bwd=4) | grad=164.000 | tok/s=34,962 | tokens=0.40B
step= 12190 | loss=6.4090 | lr=3.00e-04 | wd=0.0201 | mom=0.9500 | T=7.5 k=3.2 (mu_rec=8 mu_bwd=4) | grad=242.000 | tok/s=31,907 | tokens=0.40B
step= 12200 | loss=6.2071 | lr=3.00e-04 | wd=0.0200 | mom=0.9500 | T=6.8 k=4.0 (mu_rec=8 mu_bwd=4) | grad=127.500 | tok/s=34,734 | tokens=0.40B
step= 12210 | loss=6.1600 | lr=3.00e-04 | wd=0.0200 | mom=0.9500 | T=7.2 k=3.5 (mu_rec=8 mu_bwd=4) | grad=200.000 | tok/s=35,291 | tokens=0.40B
step= 12220 | loss=6.1115 | lr=3.00e-04 | wd=0.0199 | mom=0.9500 | T=7.5 k=4.0 (mu_rec=8 mu_bwd=4) | grad=240.000 | tok/s=32,618 | tokens=0.40B
step= 12230 | loss=6.0519 | lr=3.00e-04 | wd=0.0199 | mom=0.9500 | T=10.0 k=3.8 (mu_rec=8 mu_bwd=4) | grad=616.000 | tok/s=31,431 | tokens=0.40B
step= 12240 | loss=6.0351 | lr=3.00e-04 | wd=0.0198 | mom=0.9500 | T=14.8 k=4.0 (mu_rec=8 mu_bwd=4) | grad=121.000 | tok/s=31,312 | tokens=0.40B
step= 12250 | loss=6.4726 | lr=3.00e-04 | wd=0.0197 | mom=0.9500 | T=6.2 k=3.8 (mu_rec=8 mu_bwd=4) | grad=170.000 | tok/s=35,076 | tokens=0.40B
step= 12260 | loss=6.2716 | lr=3.00e-04 | wd=0.0197 | mom=0.9500 | T=13.5 k=4.0 (mu_rec=8 mu_bwd=4) | grad=145.000 | tok/s=34,285 | tokens=0.40B
step= 12270 | loss=6.1218 | lr=3.00e-04 | wd=0.0196 | mom=0.9500 | T=5.5 k=3.2 (mu_rec=8 mu_bwd=4) | grad=122.500 | tok/s=36,229 | tokens=0.40B
step= 12280 | loss=6.2579 | lr=3.00e-04 | wd=0.0195 | mom=0.9500 | T=11.8 k=4.0 (mu_rec=8 mu_bwd=4) | grad=167.000 | tok/s=33,934 | tokens=0.40B
step= 12290 | loss=6.2928 | lr=3.00e-04 | wd=0.0195 | mom=0.9500 | T=9.5 k=3.8 (mu_rec=8 mu_bwd=4) | grad=390.000 | tok/s=34,193 | tokens=0.40B
step= 12300 | loss=6.3578 | lr=3.00e-04 | wd=0.0194 | mom=0.9500 | T=9.0 k=4.0 (mu_rec=8 mu_bwd=4) | grad=96.500 | tok/s=36,507 | tokens=0.40B
step= 12310 | loss=5.9454 | lr=3.00e-04 | wd=0.0193 | mom=0.9500 | T=7.2 k=3.8 (mu_rec=8 mu_bwd=4) | grad=258.000 | tok/s=34,879 | tokens=0.40B
step= 12320 | loss=6.2635 | lr=3.00e-04 | wd=0.0193 | mom=0.9500 | T=8.2 k=4.0 (mu_rec=8 mu_bwd=4) | grad=124.500 | tok/s=37,154 | tokens=0.40B
step= 12330 | loss=6.1802 | lr=3.00e-04 | wd=0.0192 | mom=0.9500 | T=10.0 k=4.0 (mu_rec=8 mu_bwd=4) | grad=97.000 | tok/s=33,237 | tokens=0.40B
step= 12340 | loss=6.2363 | lr=3.00e-04 | wd=0.0191 | mom=0.9500 | T=5.8 k=3.8 (mu_rec=8 mu_bwd=4) | grad=98.000 | tok/s=33,773 | tokens=0.40B
step= 12350 | loss=6.2746 | lr=3.00e-04 | wd=0.0191 | mom=0.9500 | T=4.0 k=3.2 (mu_rec=8 mu_bwd=4) | grad=250.000 | tok/s=8,410 | tokens=0.40B
step= 12360 | loss=6.3214 | lr=3.00e-04 | wd=0.0190 | mom=0.9500 | T=10.0 k=4.0 (mu_rec=8 mu_bwd=4) | grad=77.000 | tok/s=34,296 | tokens=0.41B
step= 12370 | loss=6.2009 | lr=3.00e-04 | wd=0.0189 | mom=0.9500 | T=8.2 k=3.8 (mu_rec=8 mu_bwd=4) | grad=220.000 | tok/s=33,440 | tokens=0.41B
step= 12380 | loss=6.0369 | lr=3.00e-04 | wd=0.0189 | mom=0.9500 | T=5.0 k=2.8 (mu_rec=8 mu_bwd=4) | grad=112.500 | tok/s=34,092 | tokens=0.41B
step= 12390 | loss=6.2163 | lr=3.00e-04 | wd=0.0188 | mom=0.9500 | T=8.8 k=3.5 (mu_rec=8 mu_bwd=4) | grad=120.500 | tok/s=33,630 | tokens=0.41B
step= 12400 | loss=6.1885 | lr=3.00e-04 | wd=0.0187 | mom=0.9500 | T=4.5 k=3.0 (mu_rec=8 mu_bwd=4) | grad=157.000 | tok/s=34,613 | tokens=0.41B
step= 12410 | loss=6.2308 | lr=3.00e-04 | wd=0.0187 | mom=0.9500 | T=5.2 k=3.8 (mu_rec=8 mu_bwd=4) | grad=280.000 | tok/s=31,971 | tokens=0.41B
step= 12420 | loss=6.0393 | lr=3.00e-04 | wd=0.0186 | mom=0.9500 | T=5.8 k=3.5 (mu_rec=8 mu_bwd=4) | grad=111.500 | tok/s=33,101 | tokens=0.41B
step= 12430 | loss=5.8905 | lr=3.00e-04 | wd=0.0185 | mom=0.9500 | T=4.0 k=3.2 (mu_rec=8 mu_bwd=4) | grad=330.000 | tok/s=38,764 | tokens=0.41B
step= 12440 | loss=6.0115 | lr=3.00e-04 | wd=0.0185 | mom=0.9500 | T=10.0 k=3.8 (mu_rec=8 mu_bwd=4) | grad=218.000 | tok/s=35,646 | tokens=0.41B
step= 12450 | loss=6.1676 | lr=3.00e-04 | wd=0.0184 | mom=0.9500 | T=8.2 k=4.0 (mu_rec=8 mu_bwd=4) | grad=434.000 | tok/s=34,235 | tokens=0.41B
step= 12460 | loss=6.4050 | lr=3.00e-04 | wd=0.0183 | mom=0.9500 | T=3.2 k=2.8 (mu_rec=8 mu_bwd=4) | grad=460.000 | tok/s=36,826 | tokens=0.41B
step= 12470 | loss=6.0277 | lr=3.00e-04 | wd=0.0183 | mom=0.9500 | T=12.2 k=4.0 (mu_rec=8 mu_bwd=4) | grad=482.000 | tok/s=33,468 | tokens=0.41B
step= 12480 | loss=6.1923 | lr=3.00e-04 | wd=0.0182 | mom=0.9500 | T=13.5 k=4.0 (mu_rec=8 mu_bwd=4) | grad=888.000 | tok/s=35,660 | tokens=0.41B
step= 12490 | loss=6.2581 | lr=3.00e-04 | wd=0.0181 | mom=0.9500 | T=5.2 k=4.0 (mu_rec=8 mu_bwd=4) | grad=1568.000 | tok/s=34,055 | tokens=0.41B
step= 12500 | loss=6.1223 | lr=3.00e-04 | wd=0.0181 | mom=0.9500 | T=8.2 k=3.5 (mu_rec=8 mu_bwd=4) | grad=6112.000 | tok/s=33,794 | tokens=0.41B
step= 12510 | loss=6.3922 | lr=3.00e-04 | wd=0.0180 | mom=0.9500 | T=3.8 k=3.0 (mu_rec=8 mu_bwd=4) | grad=2416.000 | tok/s=35,717 | tokens=0.41B
step= 12520 | loss=6.3170 | lr=3.00e-04 | wd=0.0180 | mom=0.9500 | T=7.2 k=4.0 (mu_rec=8 mu_bwd=4) | grad=1608.000 | tok/s=36,118 | tokens=0.41B
step= 12530 | loss=6.2597 | lr=3.00e-04 | wd=0.0179 | mom=0.9500 | T=4.5 k=3.0 (mu_rec=8 mu_bwd=4) | grad=498.000 | tok/s=34,459 | tokens=0.41B
step= 12540 | loss=6.2142 | lr=3.00e-04 | wd=0.0178 | mom=0.9500 | T=7.5 k=4.0 (mu_rec=8 mu_bwd=4) | grad=1200.000 | tok/s=33,646 | tokens=0.41B
step= 12550 | loss=6.1610 | lr=3.00e-04 | wd=0.0178 | mom=0.9500 | T=8.5 k=4.0 (mu_rec=8 mu_bwd=4) | grad=592.000 | tok/s=33,803 | tokens=0.41B
step= 12560 | loss=6.1298 | lr=3.00e-04 | wd=0.0177 | mom=0.9500 | T=4.0 k=2.8 (mu_rec=8 mu_bwd=4) | grad=456.000 | tok/s=33,963 | tokens=0.41B
step= 12570 | loss=6.2927 | lr=3.00e-04 | wd=0.0176 | mom=0.9500 | T=5.2 k=3.2 (mu_rec=8 mu_bwd=4) | grad=756.000 | tok/s=35,039 | tokens=0.41B
step= 12580 | loss=6.1964 | lr=3.00e-04 | wd=0.0176 | mom=0.9500 | T=7.5 k=3.5 (mu_rec=8 mu_bwd=4) | grad=1240.000 | tok/s=34,658 | tokens=0.41B
step= 12590 | loss=6.9508 | lr=3.00e-04 | wd=0.0175 | mom=0.9500 | T=5.8 k=3.5 (mu_rec=8 mu_bwd=4) | grad=856.000 | tok/s=35,875 | tokens=0.41B
step= 12600 | loss=6.2818 | lr=3.00e-04 | wd=0.0174 | mom=0.9500 | T=8.0 k=4.0 (mu_rec=8 mu_bwd=4) | grad=952.000 | tok/s=33,362 | tokens=0.41B
step= 12610 | loss=6.0206 | lr=3.00e-04 | wd=0.0174 | mom=0.9500 | T=8.2 k=3.8 (mu_rec=8 mu_bwd=4) | grad=628.000 | tok/s=32,443 | tokens=0.41B
step= 12620 | loss=6.0345 | lr=3.00e-04 | wd=0.0173 | mom=0.9500 | T=8.8 k=4.0 (mu_rec=8 mu_bwd=4) | grad=572.000 | tok/s=33,321 | tokens=0.41B
step= 12630 | loss=6.1830 | lr=3.00e-04 | wd=0.0172 | mom=0.9500 | T=5.8 k=3.0 (mu_rec=8 mu_bwd=4) | grad=760.000 | tok/s=33,616 | tokens=0.41B
step= 12640 | loss=6.2725 | lr=3.00e-04 | wd=0.0172 | mom=0.9500 | T=5.8 k=3.2 (mu_rec=8 mu_bwd=4) | grad=564.000 | tok/s=37,267 | tokens=0.41B
step= 12650 | loss=6.1524 | lr=3.00e-04 | wd=0.0171 | mom=0.9500 | T=4.0 k=3.8 (mu_rec=8 mu_bwd=4) | grad=3296.000 | tok/s=34,384 | tokens=0.41B
step= 12660 | loss=6.1832 | lr=3.00e-04 | wd=0.0170 | mom=0.9500 | T=7.5 k=4.0 (mu_rec=8 mu_bwd=4) | grad=516.000 | tok/s=35,687 | tokens=0.41B
step= 12670 | loss=6.0914 | lr=3.00e-04 | wd=0.0170 | mom=0.9500 | T=8.8 k=4.0 (mu_rec=8 mu_bwd=4) | grad=426.000 | tok/s=31,130 | tokens=0.42B
step= 12680 | loss=6.1439 | lr=3.00e-04 | wd=0.0169 | mom=0.9500 | T=14.0 k=4.0 (mu_rec=8 mu_bwd=4) | grad=1520.000 | tok/s=31,947 | tokens=0.42B
step= 12690 | loss=6.3341 | lr=3.00e-04 | wd=0.0168 | mom=0.9500 | T=3.2 k=3.2 (mu_rec=8 mu_bwd=4) | grad=1528.000 | tok/s=37,039 | tokens=0.42B
step= 12700 | loss=6.3867 | lr=3.00e-04 | wd=0.0168 | mom=0.9500 | T=4.8 k=3.5 (mu_rec=8 mu_bwd=4) | grad=376.000 | tok/s=36,130 | tokens=0.42B
step= 12710 | loss=6.3260 | lr=3.00e-04 | wd=0.0167 | mom=0.9500 | T=9.2 k=4.0 (mu_rec=8 mu_bwd=4) | grad=772.000 | tok/s=35,603 | tokens=0.42B
step= 12720 | loss=6.2360 | lr=3.00e-04 | wd=0.0166 | mom=0.9500 | T=8.8 k=3.5 (mu_rec=8 mu_bwd=4) | grad=280.000 | tok/s=33,172 | tokens=0.42B
step= 12730 | loss=6.2414 | lr=3.00e-04 | wd=0.0166 | mom=0.9500 | T=7.5 k=4.0 (mu_rec=8 mu_bwd=4) | grad=506.000 | tok/s=32,949 | tokens=0.42B
step= 12740 | loss=6.3761 | lr=3.00e-04 | wd=0.0165 | mom=0.9500 | T=9.0 k=4.0 (mu_rec=8 mu_bwd=4) | grad=354.000 | tok/s=29,565 | tokens=0.42B
step= 12750 | loss=6.3097 | lr=3.00e-04 | wd=0.0164 | mom=0.9500 | T=14.8 k=4.0 (mu_rec=8 mu_bwd=4) | grad=504.000 | tok/s=30,658 | tokens=0.42B
step= 12760 | loss=6.2103 | lr=3.00e-04 | wd=0.0164 | mom=0.9500 | T=12.2 k=4.0 (mu_rec=8 mu_bwd=4) | grad=736.000 | tok/s=31,970 | tokens=0.42B
step= 12770 | loss=6.1509 | lr=3.00e-04 | wd=0.0163 | mom=0.9500 | T=9.8 k=4.0 (mu_rec=8 mu_bwd=4) | grad=760.000 | tok/s=33,852 | tokens=0.42B
step= 12780 | loss=6.3965 | lr=3.00e-04 | wd=0.0162 | mom=0.9500 | T=13.2 k=3.8 (mu_rec=8 mu_bwd=4) | grad=1040.000 | tok/s=32,939 | tokens=0.42B
step= 12790 | loss=6.2157 | lr=3.00e-04 | wd=0.0162 | mom=0.9500 | T=11.8 k=3.2 (mu_rec=8 mu_bwd=4) | grad=612.000 | tok/s=34,286 | tokens=0.42B
step= 12800 | loss=6.2364 | lr=3.00e-04 | wd=0.0161 | mom=0.9500 | T=7.0 k=3.5 (mu_rec=8 mu_bwd=4) | grad=780.000 | tok/s=36,295 | tokens=0.42B
step= 12810 | loss=6.1717 | lr=3.00e-04 | wd=0.0161 | mom=0.9500 | T=5.8 k=3.5 (mu_rec=8 mu_bwd=4) | grad=1096.000 | tok/s=7,979 | tokens=0.42B
step= 12820 | loss=6.0943 | lr=3.00e-04 | wd=0.0160 | mom=0.9500 | T=7.5 k=3.8 (mu_rec=8 mu_bwd=4) | grad=1872.000 | tok/s=33,436 | tokens=0.42B
step= 12830 | loss=6.3597 | lr=3.00e-04 | wd=0.0159 | mom=0.9500 | T=10.0 k=4.0 (mu_rec=8 mu_bwd=4) | grad=1328.000 | tok/s=31,090 | tokens=0.42B
step= 12840 | loss=6.2583 | lr=3.00e-04 | wd=0.0159 | mom=0.9500 | T=6.0 k=4.0 (mu_rec=8 mu_bwd=4) | grad=1024.000 | tok/s=35,548 | tokens=0.42B
step= 12850 | loss=6.2730 | lr=3.00e-04 | wd=0.0158 | mom=0.9500 | T=10.5 k=4.0 (mu_rec=8 mu_bwd=4) | grad=880.000 | tok/s=31,555 | tokens=0.42B
step= 12860 | loss=5.9818 | lr=3.00e-04 | wd=0.0157 | mom=0.9500 | T=4.5 k=2.8 (mu_rec=8 mu_bwd=4) | grad=374.000 | tok/s=33,880 | tokens=0.42B
step= 12870 | loss=6.3041 | lr=3.00e-04 | wd=0.0157 | mom=0.9500 | T=7.5 k=4.0 (mu_rec=8 mu_bwd=4) | grad=728.000 | tok/s=32,645 | tokens=0.42B
step= 12880 | loss=6.3736 | lr=3.00e-04 | wd=0.0156 | mom=0.9500 | T=14.0 k=4.0 (mu_rec=8 mu_bwd=4) | grad=1656.000 | tok/s=32,392 | tokens=0.42B
step= 12890 | loss=6.3879 | lr=3.00e-04 | wd=0.0155 | mom=0.9500 | T=5.5 k=3.8 (mu_rec=8 mu_bwd=4) | grad=700.000 | tok/s=32,889 | tokens=0.42B
step= 12900 | loss=6.2478 | lr=3.00e-04 | wd=0.0155 | mom=0.9500 | T=6.5 k=4.0 (mu_rec=8 mu_bwd=4) | grad=1424.000 | tok/s=33,039 | tokens=0.42B
step= 12910 | loss=6.5834 | lr=3.00e-04 | wd=0.0154 | mom=0.9500 | T=11.8 k=4.0 (mu_rec=8 mu_bwd=4) | grad=1088.000 | tok/s=30,692 | tokens=0.42B
step= 12920 | loss=6.2211 | lr=3.00e-04 | wd=0.0153 | mom=0.9500 | T=8.5 k=3.5 (mu_rec=8 mu_bwd=4) | grad=716.000 | tok/s=35,980 | tokens=0.42B
step= 12930 | loss=6.3075 | lr=3.00e-04 | wd=0.0153 | mom=0.9500 | T=8.8 k=4.0 (mu_rec=8 mu_bwd=4) | grad=856.000 | tok/s=33,990 | tokens=0.42B
step= 12940 | loss=6.3194 | lr=3.00e-04 | wd=0.0152 | mom=0.9500 | T=8.0 k=3.2 (mu_rec=8 mu_bwd=4) | grad=1600.000 | tok/s=34,571 | tokens=0.42B
step= 12950 | loss=6.2645 | lr=3.00e-04 | wd=0.0151 | mom=0.9500 | T=5.5 k=3.8 (mu_rec=8 mu_bwd=4) | grad=1056.000 | tok/s=34,232 | tokens=0.42B
step= 12960 | loss=6.3717 | lr=3.00e-04 | wd=0.0151 | mom=0.9500 | T=6.5 k=3.8 (mu_rec=8 mu_bwd=4) | grad=3952.000 | tok/s=35,012 | tokens=0.42B
step= 12970 | loss=6.4945 | lr=3.00e-04 | wd=0.0150 | mom=0.9500 | T=13.8 k=3.8 (mu_rec=8 mu_bwd=4) | grad=1504.000 | tok/s=31,138 | tokens=0.43B
step= 12980 | loss=6.3009 | lr=3.00e-04 | wd=0.0149 | mom=0.9500 | T=8.0 k=4.0 (mu_rec=8 mu_bwd=4) | grad=992.000 | tok/s=31,336 | tokens=0.43B
step= 12990 | loss=6.3130 | lr=3.00e-04 | wd=0.0149 | mom=0.9500 | T=13.5 k=4.0 (mu_rec=8 mu_bwd=4) | grad=1656.000 | tok/s=32,705 | tokens=0.43B
step= 13000 | loss=6.5341 | lr=3.00e-04 | wd=0.0148 | mom=0.9500 | T=10.0 k=4.0 (mu_rec=8 mu_bwd=4) | grad=844.000 | tok/s=33,119 | tokens=0.43B
step= 13010 | loss=6.3384 | lr=3.00e-04 | wd=0.0147 | mom=0.9500 | T=9.0 k=4.0 (mu_rec=8 mu_bwd=4) | grad=1152.000 | tok/s=34,968 | tokens=0.43B
step= 13020 | loss=6.3422 | lr=3.00e-04 | wd=0.0147 | mom=0.9500 | T=8.2 k=4.0 (mu_rec=8 mu_bwd=4) | grad=612.000 | tok/s=32,270 | tokens=0.43B
step= 13030 | loss=6.2165 | lr=3.00e-04 | wd=0.0146 | mom=0.9500 | T=7.0 k=3.5 (mu_rec=8 mu_bwd=4) | grad=2400.000 | tok/s=35,021 | tokens=0.43B
step= 13040 | loss=6.4822 | lr=3.00e-04 | wd=0.0145 | mom=0.9500 | T=9.5 k=4.0 (mu_rec=8 mu_bwd=4) | grad=704.000 | tok/s=33,240 | tokens=0.43B
step= 13050 | loss=6.4060 | lr=3.00e-04 | wd=0.0145 | mom=0.9500 | T=8.8 k=4.0 (mu_rec=8 mu_bwd=4) | grad=1456.000 | tok/s=34,511 | tokens=0.43B
step= 13060 | loss=6.4329 | lr=3.00e-04 | wd=0.0144 | mom=0.9500 | T=12.8 k=4.0 (mu_rec=8 mu_bwd=4) | grad=932.000 | tok/s=30,264 | tokens=0.43B
step= 13070 | loss=6.3492 | lr=3.00e-04 | wd=0.0143 | mom=0.9500 | T=6.0 k=3.5 (mu_rec=8 mu_bwd=4) | grad=604.000 | tok/s=33,262 | tokens=0.43B
step= 13080 | loss=6.4114 | lr=3.00e-04 | wd=0.0143 | mom=0.9500 | T=9.2 k=3.2 (mu_rec=8 mu_bwd=4) | grad=536.000 | tok/s=35,259 | tokens=0.43B
step= 13090 | loss=6.4058 | lr=3.00e-04 | wd=0.0142 | mom=0.9500 | T=5.2 k=3.0 (mu_rec=8 mu_bwd=4) | grad=1888.000 | tok/s=34,511 | tokens=0.43B
step= 13100 | loss=6.3466 | lr=3.00e-04 | wd=0.0141 | mom=0.9500 | T=4.5 k=3.0 (mu_rec=8 mu_bwd=4) | grad=1960.000 | tok/s=34,045 | tokens=0.43B
step= 13110 | loss=6.3768 | lr=3.00e-04 | wd=0.0141 | mom=0.9500 | T=6.0 k=3.0 (mu_rec=8 mu_bwd=4) | grad=1664.000 | tok/s=34,839 | tokens=0.43B
step= 13120 | loss=6.4140 | lr=3.00e-04 | wd=0.0140 | mom=0.9500 | T=6.5 k=4.0 (mu_rec=8 mu_bwd=4) | grad=2544.000 | tok/s=33,366 | tokens=0.43B
step= 13130 | loss=6.4478 | lr=3.00e-04 | wd=0.0140 | mom=0.9500 | T=15.2 k=3.5 (mu_rec=8 mu_bwd=4) | grad=996.000 | tok/s=32,975 | tokens=0.43B
step= 13140 | loss=6.4240 | lr=3.00e-04 | wd=0.0139 | mom=0.9500 | T=5.8 k=3.2 (mu_rec=8 mu_bwd=4) | grad=2096.000 | tok/s=36,141 | tokens=0.43B
step= 13150 | loss=6.3686 | lr=3.00e-04 | wd=0.0138 | mom=0.9500 | T=8.0 k=4.0 (mu_rec=8 mu_bwd=4) | grad=2736.000 | tok/s=32,592 | tokens=0.43B
step= 13160 | loss=6.3446 | lr=3.00e-04 | wd=0.0138 | mom=0.9500 | T=8.8 k=3.8 (mu_rec=8 mu_bwd=4) | grad=3088.000 | tok/s=33,640 | tokens=0.43B
step= 13170 | loss=6.4293 | lr=3.00e-04 | wd=0.0137 | mom=0.9500 | T=7.8 k=3.5 (mu_rec=8 mu_bwd=4) | grad=1424.000 | tok/s=7,812 | tokens=0.43B
step= 13180 | loss=6.1973 | lr=3.00e-04 | wd=0.0136 | mom=0.9500 | T=8.2 k=3.5 (mu_rec=8 mu_bwd=4) | grad=960.000 | tok/s=32,622 | tokens=0.43B
step= 13190 | loss=6.5481 | lr=3.00e-04 | wd=0.0136 | mom=0.9500 | T=13.2 k=2.5 (mu_rec=8 mu_bwd=4) | grad=1568.000 | tok/s=34,994 | tokens=0.43B
step= 13200 | loss=6.4465 | lr=3.00e-04 | wd=0.0135 | mom=0.9500 | T=6.8 k=4.0 (mu_rec=8 mu_bwd=4) | grad=772.000 | tok/s=33,250 | tokens=0.43B
step= 13210 | loss=6.4564 | lr=3.00e-04 | wd=0.0134 | mom=0.9500 | T=4.0 k=3.5 (mu_rec=8 mu_bwd=4) | grad=4096.000 | tok/s=33,384 | tokens=0.43B
step= 13220 | loss=6.3402 | lr=3.00e-04 | wd=0.0134 | mom=0.9500 | T=6.2 k=3.8 (mu_rec=8 mu_bwd=4) | grad=2400.000 | tok/s=34,214 | tokens=0.43B
step= 13230 | loss=6.4199 | lr=3.00e-04 | wd=0.0133 | mom=0.9500 | T=11.5 k=4.0 (mu_rec=8 mu_bwd=4) | grad=6688.000 | tok/s=32,774 | tokens=0.43B
step= 13240 | loss=6.4026 | lr=3.00e-04 | wd=0.0132 | mom=0.9500 | T=8.5 k=3.8 (mu_rec=8 mu_bwd=4) | grad=1248.000 | tok/s=32,512 | tokens=0.43B
step= 13250 | loss=6.5092 | lr=3.00e-04 | wd=0.0132 | mom=0.9500 | T=10.5 k=4.0 (mu_rec=8 mu_bwd=4) | grad=1600.000 | tok/s=34,172 | tokens=0.43B
step= 13260 | loss=6.5430 | lr=3.00e-04 | wd=0.0131 | mom=0.9500 | T=7.5 k=3.8 (mu_rec=8 mu_bwd=4) | grad=1968.000 | tok/s=33,604 | tokens=0.43B
step= 13270 | loss=6.5495 | lr=3.00e-04 | wd=0.0130 | mom=0.9500 | T=4.5 k=3.2 (mu_rec=8 mu_bwd=4) | grad=3312.000 | tok/s=37,166 | tokens=0.43B
step= 13280 | loss=6.4774 | lr=3.00e-04 | wd=0.0130 | mom=0.9500 | T=9.5 k=3.8 (mu_rec=8 mu_bwd=4) | grad=7392.000 | tok/s=35,069 | tokens=0.44B
step= 13290 | loss=6.5721 | lr=3.00e-04 | wd=0.0129 | mom=0.9500 | T=8.8 k=4.0 (mu_rec=8 mu_bwd=4) | grad=3712.000 | tok/s=34,606 | tokens=0.44B
step= 13300 | loss=7.1270 | lr=3.00e-04 | wd=0.0128 | mom=0.9500 | T=3.5 k=3.2 (mu_rec=8 mu_bwd=4) | grad=10944.000 | tok/s=33,935 | tokens=0.44B
step= 13310 | loss=7.1406 | lr=3.00e-04 | wd=0.0128 | mom=0.9500 | T=6.2 k=3.2 (mu_rec=8 mu_bwd=4) | grad=900.000 | tok/s=35,535 | tokens=0.44B
step= 13320 | loss=6.6040 | lr=3.00e-04 | wd=0.0127 | mom=0.9500 | T=9.8 k=3.8 (mu_rec=8 mu_bwd=4) | grad=1528.000 | tok/s=34,086 | tokens=0.44B
step= 13330 | loss=6.6211 | lr=3.00e-04 | wd=0.0126 | mom=0.9500 | T=7.8 k=3.8 (mu_rec=8 mu_bwd=4) | grad=1904.000 | tok/s=35,254 | tokens=0.44B
step= 13340 | loss=6.2640 | lr=3.00e-04 | wd=0.0126 | mom=0.9500 | T=3.0 k=2.8 (mu_rec=8 mu_bwd=4) | grad=852.000 | tok/s=36,130 | tokens=0.44B
step= 13350 | loss=6.6167 | lr=3.00e-04 | wd=0.0125 | mom=0.9500 | T=14.0 k=4.0 (mu_rec=8 mu_bwd=4) | grad=3360.000 | tok/s=32,532 | tokens=0.44B
step= 13360 | loss=6.5913 | lr=3.00e-04 | wd=0.0124 | mom=0.9500 | T=4.8 k=3.2 (mu_rec=8 mu_bwd=4) | grad=1360.000 | tok/s=35,633 | tokens=0.44B
step= 13370 | loss=6.4147 | lr=3.00e-04 | wd=0.0124 | mom=0.9500 | T=7.5 k=3.5 (mu_rec=8 mu_bwd=4) | grad=1984.000 | tok/s=33,671 | tokens=0.44B
step= 13380 | loss=6.3741 | lr=3.00e-04 | wd=0.0123 | mom=0.9500 | T=7.8 k=4.0 (mu_rec=8 mu_bwd=4) | grad=3008.000 | tok/s=35,079 | tokens=0.44B
step= 13390 | loss=6.4990 | lr=3.00e-04 | wd=0.0122 | mom=0.9500 | T=5.8 k=3.5 (mu_rec=8 mu_bwd=4) | grad=3952.000 | tok/s=33,193 | tokens=0.44B
step= 13400 | loss=6.5362 | lr=3.00e-04 | wd=0.0122 | mom=0.9500 | T=7.8 k=3.8 (mu_rec=8 mu_bwd=4) | grad=1296.000 | tok/s=35,885 | tokens=0.44B
step= 13410 | loss=6.4125 | lr=3.00e-04 | wd=0.0121 | mom=0.9500 | T=3.8 k=2.5 (mu_rec=8 mu_bwd=4) | grad=9472.000 | tok/s=33,636 | tokens=0.44B
step= 13420 | loss=6.5238 | lr=3.00e-04 | wd=0.0121 | mom=0.9500 | T=9.2 k=3.5 (mu_rec=8 mu_bwd=4) | grad=1152.000 | tok/s=34,671 | tokens=0.44B
step= 13430 | loss=6.5447 | lr=3.00e-04 | wd=0.0120 | mom=0.9500 | T=8.8 k=3.8 (mu_rec=8 mu_bwd=4) | grad=4640.000 | tok/s=33,452 | tokens=0.44B
step= 13440 | loss=6.3534 | lr=3.00e-04 | wd=0.0119 | mom=0.9500 | T=13.5 k=3.5 (mu_rec=8 mu_bwd=4) | grad=1328.000 | tok/s=31,645 | tokens=0.44B
step= 13450 | loss=6.3582 | lr=3.00e-04 | wd=0.0119 | mom=0.9500 | T=5.0 k=3.8 (mu_rec=8 mu_bwd=4) | grad=3456.000 | tok/s=34,417 | tokens=0.44B
step= 13460 | loss=6.4299 | lr=3.00e-04 | wd=0.0118 | mom=0.9500 | T=6.5 k=3.2 (mu_rec=8 mu_bwd=4) | grad=4256.000 | tok/s=35,938 | tokens=0.44B
step= 13470 | loss=6.7207 | lr=3.00e-04 | wd=0.0117 | mom=0.9500 | T=12.8 k=4.0 (mu_rec=8 mu_bwd=4) | grad=5792.000 | tok/s=32,594 | tokens=0.44B
step= 13480 | loss=6.5146 | lr=3.00e-04 | wd=0.0117 | mom=0.9500 | T=13.8 k=4.0 (mu_rec=8 mu_bwd=4) | grad=1240.000 | tok/s=33,811 | tokens=0.44B
step= 13490 | loss=6.3890 | lr=3.00e-04 | wd=0.0116 | mom=0.9500 | T=9.2 k=4.0 (mu_rec=8 mu_bwd=4) | grad=2192.000 | tok/s=33,628 | tokens=0.44B
step= 13500 | loss=6.7603 | lr=3.00e-04 | wd=0.0115 | mom=0.9500 | T=10.5 k=4.0 (mu_rec=8 mu_bwd=4) | grad=444.000 | tok/s=32,545 | tokens=0.44B
step= 13510 | loss=6.6170 | lr=3.00e-04 | wd=0.0115 | mom=0.9500 | T=6.5 k=4.0 (mu_rec=8 mu_bwd=4) | grad=576.000 | tok/s=34,434 | tokens=0.44B
step= 13520 | loss=6.5844 | lr=3.00e-04 | wd=0.0114 | mom=0.9500 | T=3.0 k=3.0 (mu_rec=8 mu_bwd=4) | grad=824.000 | tok/s=35,850 | tokens=0.44B
step= 13530 | loss=6.4654 | lr=3.00e-04 | wd=0.0113 | mom=0.9500 | T=11.2 k=3.5 (mu_rec=8 mu_bwd=4) | grad=228.000 | tok/s=34,716 | tokens=0.44B
step= 13540 | loss=6.4412 | lr=3.00e-04 | wd=0.0113 | mom=0.9500 | T=11.2 k=4.0 (mu_rec=8 mu_bwd=4) | grad=136.000 | tok/s=33,619 | tokens=0.44B
step= 13550 | loss=6.2716 | lr=3.00e-04 | wd=0.0112 | mom=0.9500 | T=8.5 k=3.8 (mu_rec=8 mu_bwd=4) | grad=972.000 | tok/s=35,119 | tokens=0.44B
step= 13560 | loss=6.4212 | lr=3.00e-04 | wd=0.0111 | mom=0.9500 | T=5.2 k=3.5 (mu_rec=8 mu_bwd=4) | grad=221.000 | tok/s=37,066 | tokens=0.44B
step= 13570 | loss=6.6665 | lr=3.00e-04 | wd=0.0111 | mom=0.9500 | T=6.2 k=4.0 (mu_rec=8 mu_bwd=4) | grad=596.000 | tok/s=32,898 | tokens=0.44B
step= 13580 | loss=6.5091 | lr=3.00e-04 | wd=0.0110 | mom=0.9500 | T=9.0 k=3.5 (mu_rec=8 mu_bwd=4) | grad=186.000 | tok/s=33,700 | tokens=0.44B
step= 13590 | loss=6.4730 | lr=3.00e-04 | wd=0.0109 | mom=0.9500 | T=3.5 k=3.5 (mu_rec=8 mu_bwd=4) | grad=720.000 | tok/s=33,667 | tokens=0.45B
step= 13600 | loss=6.7634 | lr=3.00e-04 | wd=0.0109 | mom=0.9500 | T=7.5 k=3.5 (mu_rec=8 mu_bwd=4) | grad=572.000 | tok/s=32,578 | tokens=0.45B
step= 13610 | loss=6.5762 | lr=3.00e-04 | wd=0.0108 | mom=0.9500 | T=6.5 k=4.0 (mu_rec=8 mu_bwd=4) | grad=1736.000 | tok/s=35,071 | tokens=0.45B
step= 13620 | loss=6.3866 | lr=3.00e-04 | wd=0.0107 | mom=0.9500 | T=10.2 k=4.0 (mu_rec=8 mu_bwd=4) | grad=436.000 | tok/s=35,153 | tokens=0.45B
step= 13630 | loss=6.7939 | lr=3.00e-04 | wd=0.0107 | mom=0.9500 | T=9.5 k=4.0 (mu_rec=8 mu_bwd=4) | grad=238.000 | tok/s=34,810 | tokens=0.45B
step= 13640 | loss=6.4296 | lr=3.00e-04 | wd=0.0106 | mom=0.9500 | T=5.8 k=3.2 (mu_rec=8 mu_bwd=4) | grad=486.000 | tok/s=33,299 | tokens=0.45B
step= 13650 | loss=6.4626 | lr=3.00e-04 | wd=0.0105 | mom=0.9500 | T=10.0 k=4.0 (mu_rec=8 mu_bwd=4) | grad=520.000 | tok/s=34,238 | tokens=0.45B
step= 13660 | loss=6.5415 | lr=3.00e-04 | wd=0.0105 | mom=0.9500 | T=6.5 k=3.2 (mu_rec=8 mu_bwd=4) | grad=1280.000 | tok/s=34,992 | tokens=0.45B
step= 13670 | loss=6.1521 | lr=3.00e-04 | wd=0.0104 | mom=0.9500 | T=7.8 k=3.5 (mu_rec=8 mu_bwd=4) | grad=392.000 | tok/s=35,245 | tokens=0.45B
step= 13680 | loss=6.2010 | lr=3.00e-04 | wd=0.0103 | mom=0.9500 | T=8.5 k=3.2 (mu_rec=8 mu_bwd=4) | grad=239.000 | tok/s=32,602 | tokens=0.45B
step= 13690 | loss=6.3211 | lr=3.00e-04 | wd=0.0103 | mom=0.9500 | T=6.5 k=4.0 (mu_rec=8 mu_bwd=4) | grad=812.000 | tok/s=8,558 | tokens=0.45B
step= 13700 | loss=6.4070 | lr=3.00e-04 | wd=0.0102 | mom=0.9500 | T=8.5 k=3.5 (mu_rec=8 mu_bwd=4) | grad=428.000 | tok/s=35,762 | tokens=0.45B
step= 13710 | loss=6.4480 | lr=3.00e-04 | wd=0.0102 | mom=0.9500 | T=7.8 k=3.8 (mu_rec=8 mu_bwd=4) | grad=5472.000 | tok/s=32,603 | tokens=0.45Bwandb: updating run metadata
wandb: uploading config.yaml; uploading output.log; uploading wandb-summary.json
wandb: 
wandb: Run history:
wandb: lti/contraction_factor █████████▁▁██▁▁▁▁▁▁▁▁▁▁▁▁▁▁▁▁▁▁▁▁▁▁▁▁▁▁▁
wandb:      lti/spectral_norm ▁▅▅▅▅██▇▇▇██████████████████████████████
wandb:        train/grad_norm ▁▁▁▁▁▁▁▁▁▁▁▅▁▃█▁▁▁▁▁▁▁▁▃▂▁▇▁▂▄▁▁▁▁▂▁▁▁▁▁
wandb:             train/loss ▇▂▂▁▁▃▅▇▇▅▆▆▇█▇▇▇▆▆▆▆▅▆▆█▆▆▆▆▆▆▆▆▆▇▆▆▆▆▅
wandb:               train/lr ███████████████████████████████████▆▄▃▁▁
wandb:           train/mean_T ▁▁▂▂▃▂▃▂▄▂▃▃▂▄▃▆▅▅▅▃▃▃█▄▄▆█▃▃▃▆▃▃▅▂▅▅▂▄▅
wandb:           train/mean_k ▁▁▁▁▁▃▃▃▄▅▆▅██████▇▇█▇▆▇████▇███▆▇▆██▇▇▆
wandb:         train/momentum ▁▁▁▁▁▁▁▁▁▁▁▁▁▁▁▁▁▁▁▁▁▁▁▁▁▁▁▁▁▁▁▁▁▁▁▁▁▁▁▁
wandb:           train/mu_bwd ▁▁▁▁▁▃▃▃▃▃██████████████████████████████
wandb:           train/mu_rec ▁▁▁▂▂▄▄▄▅▅▆▇████████████████████████████
wandb:                     +5 ...
wandb: 
wandb: Run summary:
wandb: lti/contraction_factor 0.44531
wandb:      lti/spectral_norm 0.46484
wandb:        train/grad_norm 123
wandb:             train/loss 6.21878
wandb:               train/lr 3e-05
wandb:           train/mean_T 10.75
wandb:           train/mean_k 4
wandb:         train/momentum 0.95
wandb:           train/mu_bwd 4
wandb:           train/mu_rec 8
wandb:                     +5 ...
wandb: 
wandb: 🚀 View run retrofit-verify at: https://wandb.ai/henryyjiang42-georgia-institute-of-technology/cortex-gpt/runs/s3t7obvn
wandb: ⭐️ View project at: https://wandb.ai/henryyjiang42-georgia-institute-of-technology/cortex-gpt
wandb: Synced 5 W&B file(s), 0 media file(s), 0 artifact file(s) and 0 other file(s)
wandb: Find logs at: runs/retrofit-verify/wandb/run-20260528_125447-s3t7obvn/logs

step= 13720 | loss=6.3732 | lr=3.00e-04 | wd=0.0101 | mom=0.9500 | T=11.2 k=4.0 (mu_rec=8 mu_bwd=4) | grad=676.000 | tok/s=35,242 | tokens=0.45B
step= 13730 | loss=6.4061 | lr=3.00e-04 | wd=0.0100 | mom=0.9500 | T=10.8 k=3.8 (mu_rec=8 mu_bwd=4) | grad=312.000 | tok/s=32,965 | tokens=0.45B
step= 13740 | loss=6.3455 | lr=3.00e-04 | wd=0.0100 | mom=0.9500 | T=10.8 k=4.0 (mu_rec=8 mu_bwd=4) | grad=306.000 | tok/s=33,254 | tokens=0.45B
step= 13750 | loss=6.1587 | lr=3.00e-04 | wd=0.0099 | mom=0.9500 | T=14.2 k=4.0 (mu_rec=8 mu_bwd=4) | grad=360.000 | tok/s=31,061 | tokens=0.45B
step= 13760 | loss=6.2667 | lr=3.00e-04 | wd=0.0098 | mom=0.9500 | T=6.5 k=3.2 (mu_rec=8 mu_bwd=4) | grad=640.000 | tok/s=33,908 | tokens=0.45B
step= 13770 | loss=6.3711 | lr=3.00e-04 | wd=0.0098 | mom=0.9500 | T=5.5 k=3.8 (mu_rec=8 mu_bwd=4) | grad=296.000 | tok/s=33,481 | tokens=0.45B
step= 13780 | loss=6.3108 | lr=2.99e-04 | wd=0.0097 | mom=0.9500 | T=6.2 k=3.8 (mu_rec=8 mu_bwd=4) | grad=490.000 | tok/s=34,250 | tokens=0.45B
step= 13790 | loss=6.4358 | lr=2.99e-04 | wd=0.0096 | mom=0.9500 | T=7.8 k=3.8 (mu_rec=8 mu_bwd=4) | grad=398.000 | tok/s=35,564 | tokens=0.45B
step= 13800 | loss=6.3885 | lr=2.99e-04 | wd=0.0096 | mom=0.9500 | T=8.5 k=4.0 (mu_rec=8 mu_bwd=4) | grad=576.000 | tok/s=33,824 | tokens=0.45B
step= 13810 | loss=6.3946 | lr=2.98e-04 | wd=0.0095 | mom=0.9500 | T=6.2 k=2.5 (mu_rec=8 mu_bwd=4) | grad=322.000 | tok/s=34,314 | tokens=0.45B
step= 13820 | loss=6.3391 | lr=2.98e-04 | wd=0.0094 | mom=0.9500 | T=7.8 k=3.8 (mu_rec=8 mu_bwd=4) | grad=788.000 | tok/s=33,086 | tokens=0.45B
step= 13830 | loss=6.2501 | lr=2.97e-04 | wd=0.0094 | mom=0.9500 | T=8.0 k=4.0 (mu_rec=8 mu_bwd=4) | grad=916.000 | tok/s=34,396 | tokens=0.45B
step= 13840 | loss=6.3794 | lr=2.97e-04 | wd=0.0093 | mom=0.9500 | T=9.0 k=4.0 (mu_rec=8 mu_bwd=4) | grad=1440.000 | tok/s=35,837 | tokens=0.45B
step= 13850 | loss=6.2190 | lr=2.96e-04 | wd=0.0092 | mom=0.9500 | T=6.5 k=4.0 (mu_rec=8 mu_bwd=4) | grad=472.000 | tok/s=34,344 | tokens=0.45B
step= 13860 | loss=6.0944 | lr=2.95e-04 | wd=0.0092 | mom=0.9500 | T=8.5 k=4.0 (mu_rec=8 mu_bwd=4) | grad=1144.000 | tok/s=32,667 | tokens=0.45B
step= 13870 | loss=6.4655 | lr=2.95e-04 | wd=0.0091 | mom=0.9500 | T=7.5 k=3.5 (mu_rec=8 mu_bwd=4) | grad=5728.000 | tok/s=32,493 | tokens=0.45B
step= 13880 | loss=7.0973 | lr=2.94e-04 | wd=0.0090 | mom=0.9500 | T=6.8 k=4.0 (mu_rec=8 mu_bwd=4) | grad=624.000 | tok/s=32,273 | tokens=0.45B
step= 13890 | loss=6.3225 | lr=2.93e-04 | wd=0.0090 | mom=0.9500 | T=7.0 k=3.8 (mu_rec=8 mu_bwd=4) | grad=484.000 | tok/s=34,331 | tokens=0.46B
step= 13900 | loss=6.4299 | lr=2.92e-04 | wd=0.0089 | mom=0.9500 | T=6.5 k=4.0 (mu_rec=8 mu_bwd=4) | grad=472.000 | tok/s=30,441 | tokens=0.46B
step= 13910 | loss=6.3846 | lr=2.91e-04 | wd=0.0088 | mom=0.9500 | T=7.0 k=4.0 (mu_rec=8 mu_bwd=4) | grad=296.000 | tok/s=32,706 | tokens=0.46B
step= 13920 | loss=6.1309 | lr=2.90e-04 | wd=0.0088 | mom=0.9500 | T=8.2 k=4.0 (mu_rec=8 mu_bwd=4) | grad=208.000 | tok/s=33,679 | tokens=0.46B
step= 13930 | loss=6.2463 | lr=2.89e-04 | wd=0.0087 | mom=0.9500 | T=7.5 k=3.8 (mu_rec=8 mu_bwd=4) | grad=185.000 | tok/s=36,520 | tokens=0.46B
step= 13940 | loss=6.3333 | lr=2.88e-04 | wd=0.0086 | mom=0.9500 | T=9.2 k=3.8 (mu_rec=8 mu_bwd=4) | grad=191.000 | tok/s=33,713 | tokens=0.46B
step= 13950 | loss=6.1465 | lr=2.87e-04 | wd=0.0086 | mom=0.9500 | T=7.2 k=3.5 (mu_rec=8 mu_bwd=4) | grad=2752.000 | tok/s=33,774 | tokens=0.46B
step= 13960 | loss=6.3048 | lr=2.86e-04 | wd=0.0085 | mom=0.9500 | T=8.8 k=3.5 (mu_rec=8 mu_bwd=4) | grad=340.000 | tok/s=33,185 | tokens=0.46B
step= 13970 | loss=6.3866 | lr=2.84e-04 | wd=0.0084 | mom=0.9500 | T=7.8 k=3.5 (mu_rec=8 mu_bwd=4) | grad=126.000 | tok/s=33,733 | tokens=0.46B
step= 13980 | loss=6.5530 | lr=2.83e-04 | wd=0.0084 | mom=0.9500 | T=7.0 k=3.2 (mu_rec=8 mu_bwd=4) | grad=378.000 | tok/s=35,458 | tokens=0.46B
step= 13990 | loss=6.9180 | lr=2.82e-04 | wd=0.0083 | mom=0.9500 | T=10.0 k=4.0 (mu_rec=8 mu_bwd=4) | grad=302.000 | tok/s=34,291 | tokens=0.46B
step= 14000 | loss=6.4111 | lr=2.80e-04 | wd=0.0083 | mom=0.9500 | T=6.5 k=3.5 (mu_rec=8 mu_bwd=4) | grad=129.000 | tok/s=34,543 | tokens=0.46B
[step 14000] Saved -> runs/retrofit-verify/checkpoint_0014000
step= 14010 | loss=6.4731 | lr=2.79e-04 | wd=0.0082 | mom=0.9500 | T=9.8 k=2.8 (mu_rec=8 mu_bwd=4) | grad=119.500 | tok/s=31,056 | tokens=0.46B
step= 14020 | loss=6.4117 | lr=2.77e-04 | wd=0.0081 | mom=0.9500 | T=9.8 k=3.8 (mu_rec=8 mu_bwd=4) | grad=202.000 | tok/s=34,945 | tokens=0.46B
step= 14030 | loss=6.3184 | lr=2.76e-04 | wd=0.0081 | mom=0.9500 | T=12.5 k=4.0 (mu_rec=8 mu_bwd=4) | grad=86.000 | tok/s=34,946 | tokens=0.46B
step= 14040 | loss=6.3646 | lr=2.74e-04 | wd=0.0080 | mom=0.9500 | T=6.5 k=3.8 (mu_rec=8 mu_bwd=4) | grad=98.500 | tok/s=32,452 | tokens=0.46B
step= 14050 | loss=6.3938 | lr=2.72e-04 | wd=0.0079 | mom=0.9500 | T=8.2 k=4.0 (mu_rec=8 mu_bwd=4) | grad=94.000 | tok/s=7,802 | tokens=0.46B
step= 14060 | loss=6.3404 | lr=2.71e-04 | wd=0.0079 | mom=0.9500 | T=9.0 k=4.0 (mu_rec=8 mu_bwd=4) | grad=262.000 | tok/s=32,971 | tokens=0.46B
step= 14070 | loss=6.3719 | lr=2.69e-04 | wd=0.0078 | mom=0.9500 | T=11.2 k=3.8 (mu_rec=8 mu_bwd=4) | grad=96.000 | tok/s=32,866 | tokens=0.46B
step= 14080 | loss=6.3248 | lr=2.67e-04 | wd=0.0077 | mom=0.9500 | T=17.0 k=4.0 (mu_rec=8 mu_bwd=4) | grad=366.000 | tok/s=33,068 | tokens=0.46B
step= 14090 | loss=6.3838 | lr=2.65e-04 | wd=0.0077 | mom=0.9500 | T=4.8 k=3.8 (mu_rec=8 mu_bwd=4) | grad=137.000 | tok/s=32,836 | tokens=0.46B
step= 14100 | loss=6.3300 | lr=2.63e-04 | wd=0.0076 | mom=0.9500 | T=7.5 k=4.0 (mu_rec=8 mu_bwd=4) | grad=67.500 | tok/s=33,038 | tokens=0.46B
step= 14110 | loss=6.6287 | lr=2.61e-04 | wd=0.0075 | mom=0.9500 | T=6.0 k=3.2 (mu_rec=8 mu_bwd=4) | grad=450.000 | tok/s=33,878 | tokens=0.46B
step= 14120 | loss=6.4031 | lr=2.60e-04 | wd=0.0075 | mom=0.9500 | T=9.0 k=3.2 (mu_rec=8 mu_bwd=4) | grad=426.000 | tok/s=37,220 | tokens=0.46B
step= 14130 | loss=6.4067 | lr=2.58e-04 | wd=0.0074 | mom=0.9500 | T=14.0 k=4.0 (mu_rec=8 mu_bwd=4) | grad=644.000 | tok/s=34,393 | tokens=0.46B
step= 14140 | loss=6.3784 | lr=2.55e-04 | wd=0.0073 | mom=0.9500 | T=10.5 k=4.0 (mu_rec=8 mu_bwd=4) | grad=145.000 | tok/s=32,791 | tokens=0.46B
step= 14150 | loss=6.2882 | lr=2.53e-04 | wd=0.0073 | mom=0.9500 | T=4.8 k=3.0 (mu_rec=8 mu_bwd=4) | grad=144.000 | tok/s=33,246 | tokens=0.46B
step= 14160 | loss=6.2191 | lr=2.51e-04 | wd=0.0072 | mom=0.9500 | T=6.2 k=3.2 (mu_rec=8 mu_bwd=4) | grad=884.000 | tok/s=34,263 | tokens=0.46B
step= 14170 | loss=6.2763 | lr=2.49e-04 | wd=0.0071 | mom=0.9500 | T=4.8 k=3.8 (mu_rec=8 mu_bwd=4) | grad=153.000 | tok/s=36,739 | tokens=0.46B
step= 14180 | loss=6.2447 | lr=2.47e-04 | wd=0.0071 | mom=0.9500 | T=5.0 k=3.8 (mu_rec=8 mu_bwd=4) | grad=143.000 | tok/s=32,081 | tokens=0.46B
step= 14190 | loss=6.3375 | lr=2.45e-04 | wd=0.0070 | mom=0.9500 | T=10.5 k=4.0 (mu_rec=8 mu_bwd=4) | grad=108.000 | tok/s=30,311 | tokens=0.46B
step= 14200 | loss=6.4151 | lr=2.42e-04 | wd=0.0069 | mom=0.9500 | T=4.5 k=2.2 (mu_rec=8 mu_bwd=4) | grad=128.000 | tok/s=39,594 | tokens=0.47B
step= 14210 | loss=6.3566 | lr=2.40e-04 | wd=0.0069 | mom=0.9500 | T=8.0 k=4.0 (mu_rec=8 mu_bwd=4) | grad=176.000 | tok/s=34,997 | tokens=0.47B
step= 14220 | loss=6.1675 | lr=2.38e-04 | wd=0.0068 | mom=0.9500 | T=3.5 k=2.8 (mu_rec=8 mu_bwd=4) | grad=300.000 | tok/s=37,408 | tokens=0.47B
step= 14230 | loss=6.4770 | lr=2.35e-04 | wd=0.0067 | mom=0.9500 | T=10.0 k=4.0 (mu_rec=8 mu_bwd=4) | grad=128.000 | tok/s=34,181 | tokens=0.47B
step= 14240 | loss=6.3244 | lr=2.33e-04 | wd=0.0067 | mom=0.9500 | T=3.5 k=3.2 (mu_rec=8 mu_bwd=4) | grad=141.000 | tok/s=32,228 | tokens=0.47B
step= 14250 | loss=6.3222 | lr=2.31e-04 | wd=0.0066 | mom=0.9500 | T=6.2 k=3.8 (mu_rec=8 mu_bwd=4) | grad=165.000 | tok/s=34,485 | tokens=0.47B
step= 14260 | loss=6.2925 | lr=2.28e-04 | wd=0.0065 | mom=0.9500 | T=6.0 k=3.5 (mu_rec=8 mu_bwd=4) | grad=178.000 | tok/s=35,702 | tokens=0.47B
step= 14270 | loss=6.1918 | lr=2.26e-04 | wd=0.0065 | mom=0.9500 | T=3.2 k=2.8 (mu_rec=8 mu_bwd=4) | grad=155.000 | tok/s=36,231 | tokens=0.47B
step= 14280 | loss=6.1843 | lr=2.23e-04 | wd=0.0064 | mom=0.9500 | T=9.8 k=4.0 (mu_rec=8 mu_bwd=4) | grad=125.000 | tok/s=32,752 | tokens=0.47B
step= 14290 | loss=6.2403 | lr=2.21e-04 | wd=0.0064 | mom=0.9500 | T=5.8 k=2.8 (mu_rec=8 mu_bwd=4) | grad=147.000 | tok/s=37,494 | tokens=0.47B
step= 14300 | loss=6.3010 | lr=2.18e-04 | wd=0.0063 | mom=0.9500 | T=12.0 k=4.0 (mu_rec=8 mu_bwd=4) | grad=76.000 | tok/s=33,609 | tokens=0.47B
step= 14310 | loss=6.1627 | lr=2.16e-04 | wd=0.0062 | mom=0.9500 | T=7.0 k=3.2 (mu_rec=8 mu_bwd=4) | grad=108.500 | tok/s=33,461 | tokens=0.47B
step= 14320 | loss=6.3118 | lr=2.13e-04 | wd=0.0062 | mom=0.9500 | T=8.5 k=4.0 (mu_rec=8 mu_bwd=4) | grad=108.000 | tok/s=33,499 | tokens=0.47B
step= 14330 | loss=6.2407 | lr=2.10e-04 | wd=0.0061 | mom=0.9500 | T=5.2 k=3.2 (mu_rec=8 mu_bwd=4) | grad=97.500 | tok/s=32,765 | tokens=0.47B
step= 14340 | loss=6.2158 | lr=2.08e-04 | wd=0.0060 | mom=0.9500 | T=5.8 k=4.0 (mu_rec=8 mu_bwd=4) | grad=174.000 | tok/s=31,316 | tokens=0.47B
step= 14350 | loss=6.2248 | lr=2.05e-04 | wd=0.0060 | mom=0.9500 | T=13.8 k=4.0 (mu_rec=8 mu_bwd=4) | grad=99.000 | tok/s=34,033 | tokens=0.47B
step= 14360 | loss=6.0124 | lr=2.02e-04 | wd=0.0059 | mom=0.9500 | T=4.8 k=3.2 (mu_rec=8 mu_bwd=4) | grad=88.500 | tok/s=36,222 | tokens=0.47B
step= 14370 | loss=7.0137 | lr=2.00e-04 | wd=0.0058 | mom=0.9500 | T=8.2 k=3.8 (mu_rec=8 mu_bwd=4) | grad=177.000 | tok/s=34,857 | tokens=0.47B
step= 14380 | loss=6.1708 | lr=1.97e-04 | wd=0.0058 | mom=0.9500 | T=8.8 k=4.0 (mu_rec=8 mu_bwd=4) | grad=75.500 | tok/s=35,626 | tokens=0.47B
step= 14390 | loss=6.2017 | lr=1.94e-04 | wd=0.0057 | mom=0.9500 | T=6.2 k=3.8 (mu_rec=8 mu_bwd=4) | grad=90.500 | tok/s=32,319 | tokens=0.47B
step= 14400 | loss=6.2769 | lr=1.92e-04 | wd=0.0056 | mom=0.9500 | T=10.5 k=3.8 (mu_rec=8 mu_bwd=4) | grad=318.000 | tok/s=32,690 | tokens=0.47B
step= 14410 | loss=6.2254 | lr=1.89e-04 | wd=0.0056 | mom=0.9500 | T=11.5 k=3.8 (mu_rec=8 mu_bwd=4) | grad=93.000 | tok/s=31,081 | tokens=0.47B
step= 14420 | loss=6.3826 | lr=1.86e-04 | wd=0.0055 | mom=0.9500 | T=9.2 k=4.0 (mu_rec=8 mu_bwd=4) | grad=73.500 | tok/s=33,656 | tokens=0.47B
step= 14430 | loss=6.3635 | lr=1.83e-04 | wd=0.0054 | mom=0.9500 | T=9.5 k=3.2 (mu_rec=8 mu_bwd=4) | grad=111.500 | tok/s=35,553 | tokens=0.47B
step= 14440 | loss=6.2485 | lr=1.81e-04 | wd=0.0054 | mom=0.9500 | T=9.2 k=4.0 (mu_rec=8 mu_bwd=4) | grad=221.000 | tok/s=36,456 | tokens=0.47B
step= 14450 | loss=6.0414 | lr=1.78e-04 | wd=0.0053 | mom=0.9500 | T=8.8 k=4.0 (mu_rec=8 mu_bwd=4) | grad=195.000 | tok/s=33,438 | tokens=0.47B
step= 14460 | loss=6.0283 | lr=1.75e-04 | wd=0.0052 | mom=0.9500 | T=7.0 k=3.2 (mu_rec=8 mu_bwd=4) | grad=134.000 | tok/s=32,222 | tokens=0.47B
step= 14470 | loss=6.2498 | lr=1.72e-04 | wd=0.0052 | mom=0.9500 | T=4.5 k=3.0 (mu_rec=8 mu_bwd=4) | grad=45.500 | tok/s=37,854 | tokens=0.47B
step= 14480 | loss=6.0252 | lr=1.70e-04 | wd=0.0051 | mom=0.9500 | T=5.5 k=3.2 (mu_rec=8 mu_bwd=4) | grad=62.500 | tok/s=7,830 | tokens=0.47B
step= 14490 | loss=6.0908 | lr=1.67e-04 | wd=0.0050 | mom=0.9500 | T=5.5 k=3.5 (mu_rec=8 mu_bwd=4) | grad=88.500 | tok/s=33,877 | tokens=0.47B
step= 14500 | loss=6.5223 | lr=1.64e-04 | wd=0.0050 | mom=0.9500 | T=8.8 k=3.5 (mu_rec=8 mu_bwd=4) | grad=110.000 | tok/s=35,469 | tokens=0.48B
step= 14510 | loss=6.0157 | lr=1.61e-04 | wd=0.0049 | mom=0.9500 | T=7.5 k=4.0 (mu_rec=8 mu_bwd=4) | grad=51.000 | tok/s=32,924 | tokens=0.48B
step= 14520 | loss=6.1295 | lr=1.58e-04 | wd=0.0048 | mom=0.9500 | T=8.0 k=4.0 (mu_rec=8 mu_bwd=4) | grad=185.000 | tok/s=32,312 | tokens=0.48B
step= 14530 | loss=6.2305 | lr=1.56e-04 | wd=0.0048 | mom=0.9500 | T=6.2 k=3.5 (mu_rec=8 mu_bwd=4) | grad=108.000 | tok/s=34,614 | tokens=0.48B
step= 14540 | loss=6.3100 | lr=1.53e-04 | wd=0.0047 | mom=0.9500 | T=9.5 k=3.2 (mu_rec=8 mu_bwd=4) | grad=105.000 | tok/s=34,934 | tokens=0.48B
step= 14550 | loss=6.0210 | lr=1.50e-04 | wd=0.0046 | mom=0.9500 | T=11.0 k=4.0 (mu_rec=8 mu_bwd=4) | grad=129.000 | tok/s=32,492 | tokens=0.48B
step= 14560 | loss=6.0745 | lr=1.47e-04 | wd=0.0046 | mom=0.9500 | T=10.2 k=4.0 (mu_rec=8 mu_bwd=4) | grad=119.500 | tok/s=35,027 | tokens=0.48B
step= 14570 | loss=6.1911 | lr=1.45e-04 | wd=0.0045 | mom=0.9500 | T=6.8 k=3.2 (mu_rec=8 mu_bwd=4) | grad=67.500 | tok/s=34,683 | tokens=0.48B
step= 14580 | loss=6.1955 | lr=1.42e-04 | wd=0.0045 | mom=0.9500 | T=8.5 k=4.0 (mu_rec=8 mu_bwd=4) | grad=119.000 | tok/s=33,241 | tokens=0.48B
step= 14590 | loss=6.3719 | lr=1.39e-04 | wd=0.0044 | mom=0.9500 | T=6.0 k=4.0 (mu_rec=8 mu_bwd=4) | grad=57.250 | tok/s=32,965 | tokens=0.48B
step= 14600 | loss=6.1632 | lr=1.36e-04 | wd=0.0043 | mom=0.9500 | T=10.8 k=4.0 (mu_rec=8 mu_bwd=4) | grad=100.000 | tok/s=33,203 | tokens=0.48B
step= 14610 | loss=6.0597 | lr=1.34e-04 | wd=0.0043 | mom=0.9500 | T=4.2 k=3.5 (mu_rec=8 mu_bwd=4) | grad=163.000 | tok/s=33,797 | tokens=0.48B
step= 14620 | loss=6.1746 | lr=1.31e-04 | wd=0.0042 | mom=0.9500 | T=11.5 k=4.0 (mu_rec=8 mu_bwd=4) | grad=112.500 | tok/s=32,580 | tokens=0.48B
step= 14630 | loss=6.2168 | lr=1.28e-04 | wd=0.0041 | mom=0.9500 | T=7.8 k=4.0 (mu_rec=8 mu_bwd=4) | grad=103.000 | tok/s=32,446 | tokens=0.48B
step= 14640 | loss=6.2068 | lr=1.26e-04 | wd=0.0041 | mom=0.9500 | T=3.8 k=3.5 (mu_rec=8 mu_bwd=4) | grad=193.000 | tok/s=32,200 | tokens=0.48B
step= 14650 | loss=6.1042 | lr=1.23e-04 | wd=0.0040 | mom=0.9500 | T=8.8 k=3.8 (mu_rec=8 mu_bwd=4) | grad=73.000 | tok/s=35,357 | tokens=0.48B
step= 14660 | loss=6.0875 | lr=1.20e-04 | wd=0.0039 | mom=0.9500 | T=9.8 k=3.8 (mu_rec=8 mu_bwd=4) | grad=146.000 | tok/s=33,483 | tokens=0.48B
step= 14670 | loss=6.0044 | lr=1.18e-04 | wd=0.0039 | mom=0.9500 | T=13.5 k=4.0 (mu_rec=8 mu_bwd=4) | grad=145.000 | tok/s=30,108 | tokens=0.48B
step= 14680 | loss=6.1387 | lr=1.15e-04 | wd=0.0038 | mom=0.9500 | T=7.5 k=2.5 (mu_rec=8 mu_bwd=4) | grad=107.000 | tok/s=33,031 | tokens=0.48B
step= 14690 | loss=6.2580 | lr=1.13e-04 | wd=0.0037 | mom=0.9500 | T=6.2 k=3.5 (mu_rec=8 mu_bwd=4) | grad=193.000 | tok/s=35,588 | tokens=0.48B
step= 14700 | loss=6.0852 | lr=1.10e-04 | wd=0.0037 | mom=0.9500 | T=6.5 k=4.0 (mu_rec=8 mu_bwd=4) | grad=115.500 | tok/s=34,456 | tokens=0.48B
step= 14710 | loss=6.0835 | lr=1.08e-04 | wd=0.0036 | mom=0.9500 | T=9.5 k=3.5 (mu_rec=8 mu_bwd=4) | grad=189.000 | tok/s=32,540 | tokens=0.48B
step= 14720 | loss=6.1042 | lr=1.05e-04 | wd=0.0035 | mom=0.9500 | T=7.5 k=3.5 (mu_rec=8 mu_bwd=4) | grad=76.000 | tok/s=34,172 | tokens=0.48B
step= 14730 | loss=6.0916 | lr=1.03e-04 | wd=0.0035 | mom=0.9500 | T=9.0 k=3.8 (mu_rec=8 mu_bwd=4) | grad=260.000 | tok/s=33,961 | tokens=0.48B
step= 14740 | loss=6.0292 | lr=1.00e-04 | wd=0.0034 | mom=0.9500 | T=6.5 k=3.5 (mu_rec=8 mu_bwd=4) | grad=230.000 | tok/s=34,944 | tokens=0.48B
step= 14750 | loss=6.1995 | lr=9.77e-05 | wd=0.0033 | mom=0.9500 | T=6.8 k=3.5 (mu_rec=8 mu_bwd=4) | grad=247.000 | tok/s=34,539 | tokens=0.48B
step= 14760 | loss=6.2071 | lr=9.53e-05 | wd=0.0033 | mom=0.9500 | T=5.8 k=3.8 (mu_rec=8 mu_bwd=4) | grad=172.000 | tok/s=35,014 | tokens=0.48B
step= 14770 | loss=6.1932 | lr=9.29e-05 | wd=0.0032 | mom=0.9500 | T=11.5 k=4.0 (mu_rec=8 mu_bwd=4) | grad=98.000 | tok/s=33,259 | tokens=0.48B
step= 14780 | loss=6.2377 | lr=9.06e-05 | wd=0.0031 | mom=0.9500 | T=6.5 k=4.0 (mu_rec=8 mu_bwd=4) | grad=109.500 | tok/s=34,864 | tokens=0.48B
step= 14790 | loss=6.2104 | lr=8.83e-05 | wd=0.0031 | mom=0.9500 | T=6.2 k=3.5 (mu_rec=8 mu_bwd=4) | grad=146.000 | tok/s=35,396 | tokens=0.48B
step= 14800 | loss=6.3157 | lr=8.60e-05 | wd=0.0030 | mom=0.9500 | T=5.5 k=3.8 (mu_rec=8 mu_bwd=4) | grad=149.000 | tok/s=32,771 | tokens=0.48B
step= 14810 | loss=6.3139 | lr=8.37e-05 | wd=0.0029 | mom=0.9500 | T=5.2 k=2.8 (mu_rec=8 mu_bwd=4) | grad=207.000 | tok/s=32,546 | tokens=0.49B
step= 14820 | loss=6.0541 | lr=8.15e-05 | wd=0.0029 | mom=0.9500 | T=12.2 k=4.0 (mu_rec=8 mu_bwd=4) | grad=106.500 | tok/s=30,813 | tokens=0.49B
step= 14830 | loss=6.2430 | lr=7.94e-05 | wd=0.0028 | mom=0.9500 | T=7.5 k=3.5 (mu_rec=8 mu_bwd=4) | grad=2320.000 | tok/s=33,300 | tokens=0.49B
step= 14840 | loss=6.2359 | lr=7.72e-05 | wd=0.0027 | mom=0.9500 | T=7.5 k=3.2 (mu_rec=8 mu_bwd=4) | grad=101.000 | tok/s=35,068 | tokens=0.49B
step= 14850 | loss=6.1316 | lr=7.52e-05 | wd=0.0027 | mom=0.9500 | T=10.8 k=3.2 (mu_rec=8 mu_bwd=4) | grad=181.000 | tok/s=34,983 | tokens=0.49B
step= 14860 | loss=6.7023 | lr=7.31e-05 | wd=0.0026 | mom=0.9500 | T=8.0 k=4.0 (mu_rec=8 mu_bwd=4) | grad=2496.000 | tok/s=34,027 | tokens=0.49B
step= 14870 | loss=6.2970 | lr=7.11e-05 | wd=0.0025 | mom=0.9500 | T=6.5 k=4.0 (mu_rec=8 mu_bwd=4) | grad=111.500 | tok/s=37,003 | tokens=0.49B
step= 14880 | loss=6.2535 | lr=6.91e-05 | wd=0.0025 | mom=0.9500 | T=4.8 k=3.5 (mu_rec=8 mu_bwd=4) | grad=145.000 | tok/s=32,619 | tokens=0.49B
step= 14890 | loss=6.2715 | lr=6.72e-05 | wd=0.0024 | mom=0.9500 | T=9.5 k=4.0 (mu_rec=8 mu_bwd=4) | grad=162.000 | tok/s=33,552 | tokens=0.49B
step= 14900 | loss=6.0859 | lr=6.53e-05 | wd=0.0024 | mom=0.9500 | T=9.0 k=3.5 (mu_rec=8 mu_bwd=4) | grad=636.000 | tok/s=35,314 | tokens=0.49B
step= 14910 | loss=6.2348 | lr=6.34e-05 | wd=0.0023 | mom=0.9500 | T=8.0 k=4.0 (mu_rec=8 mu_bwd=4) | grad=81.000 | tok/s=34,468 | tokens=0.49B
step= 14920 | loss=6.2826 | lr=6.16e-05 | wd=0.0022 | mom=0.9500 | T=8.8 k=4.0 (mu_rec=8 mu_bwd=4) | grad=107.500 | tok/s=34,478 | tokens=0.49B
step= 14930 | loss=6.3558 | lr=5.98e-05 | wd=0.0022 | mom=0.9500 | T=6.0 k=4.0 (mu_rec=8 mu_bwd=4) | grad=139.000 | tok/s=34,967 | tokens=0.49B
step= 14940 | loss=6.0135 | lr=5.81e-05 | wd=0.0021 | mom=0.9500 | T=6.8 k=3.2 (mu_rec=8 mu_bwd=4) | grad=209.000 | tok/s=8,226 | tokens=0.49B
step= 14950 | loss=6.1532 | lr=5.64e-05 | wd=0.0020 | mom=0.9500 | T=10.0 k=4.0 (mu_rec=8 mu_bwd=4) | grad=185.000 | tok/s=35,803 | tokens=0.49B
step= 14960 | loss=6.1609 | lr=5.48e-05 | wd=0.0020 | mom=0.9500 | T=12.5 k=3.8 (mu_rec=8 mu_bwd=4) | grad=103.500 | tok/s=31,723 | tokens=0.49B
step= 14970 | loss=6.1837 | lr=5.32e-05 | wd=0.0019 | mom=0.9500 | T=8.5 k=4.0 (mu_rec=8 mu_bwd=4) | grad=128.000 | tok/s=34,454 | tokens=0.49B
step= 14980 | loss=6.2676 | lr=5.17e-05 | wd=0.0018 | mom=0.9500 | T=6.2 k=3.8 (mu_rec=8 mu_bwd=4) | grad=236.000 | tok/s=33,899 | tokens=0.49B
step= 14990 | loss=6.0802 | lr=5.02e-05 | wd=0.0018 | mom=0.9500 | T=7.5 k=4.0 (mu_rec=8 mu_bwd=4) | grad=132.000 | tok/s=31,562 | tokens=0.49B
step= 15000 | loss=6.1233 | lr=4.88e-05 | wd=0.0017 | mom=0.9500 | T=8.5 k=4.0 (mu_rec=8 mu_bwd=4) | grad=138.000 | tok/s=33,933 | tokens=0.49B
step= 15010 | loss=6.1306 | lr=4.74e-05 | wd=0.0016 | mom=0.9500 | T=4.0 k=3.2 (mu_rec=8 mu_bwd=4) | grad=167.000 | tok/s=34,226 | tokens=0.49B
step= 15020 | loss=6.0946 | lr=4.60e-05 | wd=0.0016 | mom=0.9500 | T=8.5 k=3.2 (mu_rec=8 mu_bwd=4) | grad=215.000 | tok/s=35,807 | tokens=0.49B
step= 15030 | loss=6.1454 | lr=4.47e-05 | wd=0.0015 | mom=0.9500 | T=7.5 k=3.2 (mu_rec=8 mu_bwd=4) | grad=215.000 | tok/s=32,741 | tokens=0.49B
step= 15040 | loss=6.3278 | lr=4.35e-05 | wd=0.0014 | mom=0.9500 | T=5.0 k=3.8 (mu_rec=8 mu_bwd=4) | grad=520.000 | tok/s=32,998 | tokens=0.49B
step= 15050 | loss=6.1429 | lr=4.23e-05 | wd=0.0014 | mom=0.9500 | T=4.2 k=3.2 (mu_rec=8 mu_bwd=4) | grad=218.000 | tok/s=33,742 | tokens=0.49B
step= 15060 | loss=6.3010 | lr=4.12e-05 | wd=0.0013 | mom=0.9500 | T=8.0 k=4.0 (mu_rec=8 mu_bwd=4) | grad=118.000 | tok/s=35,308 | tokens=0.49B
step= 15070 | loss=6.2617 | lr=4.01e-05 | wd=0.0012 | mom=0.9500 | T=8.0 k=4.0 (mu_rec=8 mu_bwd=4) | grad=145.000 | tok/s=34,229 | tokens=0.49B
step= 15080 | loss=6.1391 | lr=3.91e-05 | wd=0.0012 | mom=0.9500 | T=8.2 k=4.0 (mu_rec=8 mu_bwd=4) | grad=195.000 | tok/s=33,908 | tokens=0.49B
step= 15090 | loss=5.8519 | lr=3.81e-05 | wd=0.0011 | mom=0.9500 | T=5.8 k=3.0 (mu_rec=8 mu_bwd=4) | grad=92.500 | tok/s=35,260 | tokens=0.49B
step= 15100 | loss=6.1096 | lr=3.72e-05 | wd=0.0010 | mom=0.9500 | T=6.5 k=3.5 (mu_rec=8 mu_bwd=4) | grad=266.000 | tok/s=32,620 | tokens=0.49B
step= 15110 | loss=6.0213 | lr=3.63e-05 | wd=0.0010 | mom=0.9500 | T=10.8 k=4.0 (mu_rec=8 mu_bwd=4) | grad=128.000 | tok/s=34,065 | tokens=0.50B
step= 15120 | loss=6.2301 | lr=3.55e-05 | wd=0.0009 | mom=0.9500 | T=6.8 k=4.0 (mu_rec=8 mu_bwd=4) | grad=122.500 | tok/s=32,288 | tokens=0.50B
step= 15130 | loss=6.1535 | lr=3.47e-05 | wd=0.0008 | mom=0.9500 | T=6.8 k=3.8 (mu_rec=8 mu_bwd=4) | grad=98.500 | tok/s=33,215 | tokens=0.50B
step= 15140 | loss=6.3635 | lr=3.40e-05 | wd=0.0008 | mom=0.9500 | T=6.8 k=3.5 (mu_rec=8 mu_bwd=4) | grad=110.000 | tok/s=36,033 | tokens=0.50B
step= 15150 | loss=6.1755 | lr=3.34e-05 | wd=0.0007 | mom=0.9500 | T=9.5 k=4.0 (mu_rec=8 mu_bwd=4) | grad=129.000 | tok/s=32,144 | tokens=0.50B
step= 15160 | loss=6.1165 | lr=3.28e-05 | wd=0.0006 | mom=0.9500 | T=10.2 k=4.0 (mu_rec=8 mu_bwd=4) | grad=868.000 | tok/s=32,133 | tokens=0.50B
step= 15170 | loss=6.5971 | lr=3.23e-05 | wd=0.0006 | mom=0.9500 | T=10.2 k=4.0 (mu_rec=8 mu_bwd=4) | grad=358.000 | tok/s=34,762 | tokens=0.50B
step= 15180 | loss=6.4674 | lr=3.18e-05 | wd=0.0005 | mom=0.9500 | T=10.0 k=3.8 (mu_rec=8 mu_bwd=4) | grad=143.000 | tok/s=35,726 | tokens=0.50B
step= 15190 | loss=6.3157 | lr=3.14e-05 | wd=0.0005 | mom=0.9500 | T=9.8 k=4.0 (mu_rec=8 mu_bwd=4) | grad=151.000 | tok/s=35,851 | tokens=0.50B
step= 15200 | loss=6.1494 | lr=3.10e-05 | wd=0.0004 | mom=0.9500 | T=7.5 k=4.0 (mu_rec=8 mu_bwd=4) | grad=144.000 | tok/s=33,321 | tokens=0.50B
step= 15210 | loss=6.2075 | lr=3.07e-05 | wd=0.0003 | mom=0.9500 | T=11.2 k=4.0 (mu_rec=8 mu_bwd=4) | grad=144.000 | tok/s=34,712 | tokens=0.50B
step= 15220 | loss=6.2284 | lr=3.04e-05 | wd=0.0003 | mom=0.9500 | T=6.0 k=3.2 (mu_rec=8 mu_bwd=4) | grad=272.000 | tok/s=31,740 | tokens=0.50B
step= 15230 | loss=6.1829 | lr=3.02e-05 | wd=0.0002 | mom=0.9500 | T=9.8 k=4.0 (mu_rec=8 mu_bwd=4) | grad=142.000 | tok/s=34,466 | tokens=0.50B
step= 15240 | loss=6.3051 | lr=3.01e-05 | wd=0.0001 | mom=0.9500 | T=7.5 k=4.0 (mu_rec=8 mu_bwd=4) | grad=262.000 | tok/s=33,946 | tokens=0.50B
step= 15250 | loss=6.2188 | lr=3.00e-05 | wd=0.0001 | mom=0.9500 | T=10.8 k=4.0 (mu_rec=8 mu_bwd=4) | grad=123.000 | tok/s=33,483 | tokens=0.50B
[step 15258] Saved -> runs/retrofit-verify/checkpoint_0015258
Training complete. 0.50B tokens, 15258 steps.
---------------------------------------
Begin Slurm Epilog: May-28-2026 17:00:37
Job ID:        9252318
User ID:       hjiang420
Account:       gts-aivanova7-lab
Job name:      job.sh
Resources:     cpu=8,gres/gpu:a100=1,mem=64G,node=1
Rsrc Used:     cput=1-08:56:08,vmem=0,walltime=04:07:01,mem=12791172K,energy_used=0
Partition:     gpu-a100
QOS:           inferno
Nodes:         atl1-1-01-006-5-0
---------------------------------------
