---------------------------------------
Begin Slurm Prolog: Jul-01-2026 00:25:59
Job ID:    10647563
User ID:   hjiang420
Account:   gts-aivanova7-lab
Job name:  job5b2_resume.sh
Partition: gpu-a100
QOS:       inferno
---------------------------------------
Resuming from: runs/cortex-5b-k4/checkpoint_0076292
Tokens so far: 2499936256 | Training until: 3749936256
Warning: You are sending unauthenticated requests to the HF Hub. Please set a HF_TOKEN to enable higher rate limits and faster downloads.
Loading EleutherAI/pythia-160m ...
Params: 171,184,130 total, 171,184,130 trainable
Arch: cortex (training_mode=cortex)
Grad checkpointing: False
Layer split: Pre=3, Loop=6, Coda=3
mu_rec=8, mu_bwd=4 (= ceil(8/2))
Effective batch: 32768 tokens = 16 seqs x 2048 tok
Grad accum: 1 | Cross-chunks: 4 | World size: 1
Stop at step: 114,438 | Schedule horizon: 152,587 | Warmup: 1525 | Cooldown: 15258
Curriculum: mu_rec ramps 1->8 over 3800 steps
Resumed from step 76292, 2,499,936,256 tokens
`trust_remote_code` is not supported anymore.
Please check that the Hugging Face dataset 'EleutherAI/the_pile_deduplicated' isn't based on a loading script and remove `trust_remote_code`.
If the dataset is based on a loading script, please ask the dataset author to remove it and convert it to a standard format like Parquet.
`trust_remote_code` is not supported anymore.
Please check that the Hugging Face dataset 'EleutherAI/the_pile_deduplicated' isn't based on a loading script and remove `trust_remote_code`.
If the dataset is based on a loading script, please ask the dataset author to remove it and convert it to a standard format like Parquet.
wandb: [wandb.login()] Loaded credentials for https://api.wandb.ai from /storage/home/hcoda1/3/hjiang420/.netrc.
wandb: Currently logged in as: henryyjiang42 (henryyjiang42-georgia-institute-of-technology) to https://api.wandb.ai. Use `wandb login --relogin` to force relogin
wandb: setting up run 6m1xqnno
wandb: Tracking run with wandb version 0.27.0
wandb: Run data is saved locally in runs/cortex-5b-k4/wandb/run-20260701_002638-6m1xqnno
wandb: Run `wandb offline` to turn off syncing.
wandb: Resuming run cortex-5b-k4
wandb: ⭐️ View project at https://wandb.ai/henryyjiang42-georgia-institute-of-technology/cortex-gpt-v2
wandb: 🚀 View run at https://wandb.ai/henryyjiang42-georgia-institute-of-technology/cortex-gpt-v2/runs/6m1xqnno
step= 76300 | loss=2.4851 | lr=3.00e-04 | wd=0.0500 | mom=0.9500 | T=6.5 k=3.8 (mu_rec=8 mu_bwd=4) | grad=1.471 | tok/s=8,714 | tokens=2.50B
step= 76310 | loss=3.2334 | lr=3.00e-04 | wd=0.0500 | mom=0.9500 | T=13.0 k=4.0 (mu_rec=8 mu_bwd=4) | grad=1.055 | tok/s=23,952 | tokens=2.50B
step= 76320 | loss=3.3077 | lr=3.00e-04 | wd=0.0500 | mom=0.9500 | T=11.2 k=4.0 (mu_rec=8 mu_bwd=4) | grad=1.467 | tok/s=23,430 | tokens=2.50B
step= 76330 | loss=3.3016 | lr=3.00e-04 | wd=0.0500 | mom=0.9500 | T=10.0 k=3.2 (mu_rec=8 mu_bwd=4) | grad=1.224 | tok/s=25,017 | tokens=2.50B
step= 76340 | loss=3.1456 | lr=3.00e-04 | wd=0.0500 | mom=0.9500 | T=5.2 k=4.0 (mu_rec=8 mu_bwd=4) | grad=1.176 | tok/s=23,687 | tokens=2.50B
step= 76350 | loss=2.9628 | lr=3.00e-04 | wd=0.0500 | mom=0.9500 | T=7.2 k=4.0 (mu_rec=8 mu_bwd=4) | grad=1.029 | tok/s=23,192 | tokens=2.50B
step= 76360 | loss=2.9754 | lr=3.00e-04 | wd=0.0500 | mom=0.9500 | T=5.2 k=3.2 (mu_rec=8 mu_bwd=4) | grad=1.036 | tok/s=24,287 | tokens=2.50B
step= 76370 | loss=3.2062 | lr=3.00e-04 | wd=0.0500 | mom=0.9500 | T=8.5 k=3.5 (mu_rec=8 mu_bwd=4) | grad=1.029 | tok/s=22,237 | tokens=2.50B
step= 76380 | loss=3.1831 | lr=3.00e-04 | wd=0.0499 | mom=0.9500 | T=13.0 k=3.2 (mu_rec=8 mu_bwd=4) | grad=1.369 | tok/s=23,637 | tokens=2.50B
step= 76390 | loss=3.2607 | lr=3.00e-04 | wd=0.0499 | mom=0.9500 | T=6.0 k=3.8 (mu_rec=8 mu_bwd=4) | grad=1.079 | tok/s=22,767 | tokens=2.50B
step= 76400 | loss=3.0883 | lr=3.00e-04 | wd=0.0499 | mom=0.9500 | T=10.2 k=4.0 (mu_rec=8 mu_bwd=4) | grad=0.945 | tok/s=24,117 | tokens=2.50B
step= 76410 | loss=3.2684 | lr=3.00e-04 | wd=0.0499 | mom=0.9500 | T=8.8 k=4.0 (mu_rec=8 mu_bwd=4) | grad=1.133 | tok/s=24,257 | tokens=2.50B
step= 76420 | loss=3.1524 | lr=3.00e-04 | wd=0.0499 | mom=0.9500 | T=5.8 k=3.8 (mu_rec=8 mu_bwd=4) | grad=1.431 | tok/s=22,955 | tokens=2.50B
step= 76430 | loss=2.8580 | lr=3.00e-04 | wd=0.0499 | mom=0.9500 | T=4.8 k=3.5 (mu_rec=8 mu_bwd=4) | grad=1.056 | tok/s=23,453 | tokens=2.50B
step= 76440 | loss=3.1135 | lr=3.00e-04 | wd=0.0499 | mom=0.9500 | T=11.0 k=4.0 (mu_rec=8 mu_bwd=4) | grad=1.053 | tok/s=22,605 | tokens=2.50B
step= 76450 | loss=3.0721 | lr=3.00e-04 | wd=0.0499 | mom=0.9500 | T=11.0 k=3.8 (mu_rec=8 mu_bwd=4) | grad=1.635 | tok/s=22,982 | tokens=2.51B
step= 76460 | loss=3.1653 | lr=3.00e-04 | wd=0.0499 | mom=0.9500 | T=6.0 k=4.0 (mu_rec=8 mu_bwd=4) | grad=0.892 | tok/s=24,128 | tokens=2.51B
step= 76470 | loss=3.1575 | lr=3.00e-04 | wd=0.0499 | mom=0.9500 | T=6.2 k=3.5 (mu_rec=8 mu_bwd=4) | grad=2.315 | tok/s=23,677 | tokens=2.51B
step= 76480 | loss=3.2025 | lr=3.00e-04 | wd=0.0499 | mom=0.9500 | T=5.0 k=3.5 (mu_rec=8 mu_bwd=4) | grad=0.992 | tok/s=24,360 | tokens=2.51B
step= 76490 | loss=3.1914 | lr=3.00e-04 | wd=0.0499 | mom=0.9500 | T=4.8 k=3.2 (mu_rec=8 mu_bwd=4) | grad=1.136 | tok/s=23,055 | tokens=2.51B
step= 76500 | loss=3.1037 | lr=3.00e-04 | wd=0.0499 | mom=0.9500 | T=11.5 k=4.0 (mu_rec=8 mu_bwd=4) | grad=0.988 | tok/s=23,733 | tokens=2.51B
step= 76510 | loss=3.1668 | lr=3.00e-04 | wd=0.0499 | mom=0.9500 | T=5.8 k=3.5 (mu_rec=8 mu_bwd=4) | grad=0.866 | tok/s=24,074 | tokens=2.51B
step= 76520 | loss=3.1296 | lr=3.00e-04 | wd=0.0499 | mom=0.9500 | T=7.8 k=3.5 (mu_rec=8 mu_bwd=4) | grad=1.030 | tok/s=21,417 | tokens=2.51B
step= 76530 | loss=2.8567 | lr=3.00e-04 | wd=0.0498 | mom=0.9500 | T=8.0 k=4.0 (mu_rec=8 mu_bwd=4) | grad=1.031 | tok/s=24,754 | tokens=2.51B
step= 76540 | loss=2.9710 | lr=3.00e-04 | wd=0.0498 | mom=0.9500 | T=9.0 k=4.0 (mu_rec=8 mu_bwd=4) | grad=0.902 | tok/s=25,101 | tokens=2.51B
step= 76550 | loss=3.3397 | lr=3.00e-04 | wd=0.0498 | mom=0.9500 | T=7.0 k=3.2 (mu_rec=8 mu_bwd=4) | grad=2.700 | tok/s=23,424 | tokens=2.51B
step= 76560 | loss=3.4000 | lr=3.00e-04 | wd=0.0498 | mom=0.9500 | T=6.0 k=3.2 (mu_rec=8 mu_bwd=4) | grad=0.935 | tok/s=22,962 | tokens=2.51B
step= 76570 | loss=3.4195 | lr=3.00e-04 | wd=0.0498 | mom=0.9500 | T=9.2 k=4.0 (mu_rec=8 mu_bwd=4) | grad=0.991 | tok/s=22,781 | tokens=2.51B
step= 76580 | loss=3.1110 | lr=3.00e-04 | wd=0.0498 | mom=0.9500 | T=9.2 k=4.0 (mu_rec=8 mu_bwd=4) | grad=0.867 | tok/s=24,043 | tokens=2.51B
step= 76590 | loss=2.9954 | lr=3.00e-04 | wd=0.0498 | mom=0.9500 | T=6.8 k=4.0 (mu_rec=8 mu_bwd=4) | grad=0.858 | tok/s=22,237 | tokens=2.51B
step= 76600 | loss=3.1931 | lr=3.00e-04 | wd=0.0498 | mom=0.9500 | T=9.8 k=4.0 (mu_rec=8 mu_bwd=4) | grad=0.905 | tok/s=22,571 | tokens=2.51B
step= 76610 | loss=3.4174 | lr=3.00e-04 | wd=0.0498 | mom=0.9500 | T=8.0 k=4.0 (mu_rec=8 mu_bwd=4) | grad=1.054 | tok/s=24,124 | tokens=2.51B
step= 76620 | loss=3.2712 | lr=3.00e-04 | wd=0.0498 | mom=0.9500 | T=9.5 k=4.0 (mu_rec=8 mu_bwd=4) | grad=1.506 | tok/s=23,474 | tokens=2.51B
step= 76630 | loss=3.2273 | lr=3.00e-04 | wd=0.0498 | mom=0.9500 | T=4.5 k=3.0 (mu_rec=8 mu_bwd=4) | grad=1.678 | tok/s=23,321 | tokens=2.51B
step= 76640 | loss=3.4974 | lr=3.00e-04 | wd=0.0498 | mom=0.9500 | T=9.5 k=4.0 (mu_rec=8 mu_bwd=4) | grad=1.239 | tok/s=23,579 | tokens=2.51B
step= 76650 | loss=3.4827 | lr=3.00e-04 | wd=0.0498 | mom=0.9500 | T=10.5 k=4.0 (mu_rec=8 mu_bwd=4) | grad=1.044 | tok/s=23,933 | tokens=2.51B
step= 76660 | loss=3.4862 | lr=3.00e-04 | wd=0.0498 | mom=0.9500 | T=5.0 k=3.5 (mu_rec=8 mu_bwd=4) | grad=2.017 | tok/s=23,735 | tokens=2.51B
step= 76670 | loss=3.4893 | lr=3.00e-04 | wd=0.0498 | mom=0.9500 | T=5.2 k=3.8 (mu_rec=8 mu_bwd=4) | grad=3.019 | tok/s=25,132 | tokens=2.51B
step= 76680 | loss=3.2792 | lr=3.00e-04 | wd=0.0497 | mom=0.9500 | T=12.8 k=4.0 (mu_rec=8 mu_bwd=4) | grad=1.157 | tok/s=24,867 | tokens=2.51B
step= 76690 | loss=3.3574 | lr=3.00e-04 | wd=0.0497 | mom=0.9500 | T=7.8 k=3.5 (mu_rec=8 mu_bwd=4) | grad=0.997 | tok/s=23,935 | tokens=2.51B
step= 76700 | loss=3.2681 | lr=3.00e-04 | wd=0.0497 | mom=0.9500 | T=5.0 k=2.5 (mu_rec=8 mu_bwd=4) | grad=1.175 | tok/s=26,062 | tokens=2.51B
step= 76710 | loss=3.0268 | lr=3.00e-04 | wd=0.0497 | mom=0.9500 | T=11.8 k=3.5 (mu_rec=8 mu_bwd=4) | grad=1.188 | tok/s=22,381 | tokens=2.51B
step= 76720 | loss=3.3792 | lr=3.00e-04 | wd=0.0497 | mom=0.9500 | T=10.2 k=4.0 (mu_rec=8 mu_bwd=4) | grad=1.022 | tok/s=22,838 | tokens=2.51B
step= 76730 | loss=3.0336 | lr=3.00e-04 | wd=0.0497 | mom=0.9500 | T=10.0 k=2.8 (mu_rec=8 mu_bwd=4) | grad=1.104 | tok/s=22,927 | tokens=2.51B
step= 76740 | loss=3.4628 | lr=3.00e-04 | wd=0.0497 | mom=0.9500 | T=7.0 k=3.8 (mu_rec=8 mu_bwd=4) | grad=1.683 | tok/s=23,797 | tokens=2.51B
step= 76750 | loss=3.2472 | lr=3.00e-04 | wd=0.0497 | mom=0.9500 | T=9.5 k=4.0 (mu_rec=8 mu_bwd=4) | grad=0.913 | tok/s=21,810 | tokens=2.51B
step= 76760 | loss=3.0573 | lr=3.00e-04 | wd=0.0497 | mom=0.9500 | T=4.2 k=3.2 (mu_rec=8 mu_bwd=4) | grad=3.048 | tok/s=25,441 | tokens=2.52B
step= 76770 | loss=3.3810 | lr=3.00e-04 | wd=0.0497 | mom=0.9500 | T=11.2 k=4.0 (mu_rec=8 mu_bwd=4) | grad=9.988 | tok/s=23,319 | tokens=2.52B
step= 76780 | loss=3.3102 | lr=3.00e-04 | wd=0.0497 | mom=0.9500 | T=6.8 k=4.0 (mu_rec=8 mu_bwd=4) | grad=1.643 | tok/s=24,754 | tokens=2.52B
step= 76790 | loss=3.2360 | lr=3.00e-04 | wd=0.0497 | mom=0.9500 | T=5.8 k=3.2 (mu_rec=8 mu_bwd=4) | grad=1.603 | tok/s=25,021 | tokens=2.52B
step= 76800 | loss=3.2862 | lr=3.00e-04 | wd=0.0497 | mom=0.9500 | T=5.0 k=3.5 (mu_rec=8 mu_bwd=4) | grad=0.951 | tok/s=24,304 | tokens=2.52B
step= 76810 | loss=3.3225 | lr=3.00e-04 | wd=0.0497 | mom=0.9500 | T=9.5 k=3.8 (mu_rec=8 mu_bwd=4) | grad=0.882 | tok/s=23,724 | tokens=2.52B
step= 76820 | loss=3.2842 | lr=3.00e-04 | wd=0.0497 | mom=0.9500 | T=7.8 k=4.0 (mu_rec=8 mu_bwd=4) | grad=1.253 | tok/s=24,138 | tokens=2.52B
step= 76830 | loss=2.7981 | lr=3.00e-04 | wd=0.0496 | mom=0.9500 | T=9.2 k=4.0 (mu_rec=8 mu_bwd=4) | grad=1.177 | tok/s=22,134 | tokens=2.52B
step= 76840 | loss=3.1815 | lr=3.00e-04 | wd=0.0496 | mom=0.9500 | T=8.2 k=3.8 (mu_rec=8 mu_bwd=4) | grad=1.069 | tok/s=23,766 | tokens=2.52B
step= 76850 | loss=3.6245 | lr=3.00e-04 | wd=0.0496 | mom=0.9500 | T=10.0 k=4.0 (mu_rec=8 mu_bwd=4) | grad=1.470 | tok/s=22,655 | tokens=2.52B
step= 76860 | loss=3.8443 | lr=3.00e-04 | wd=0.0496 | mom=0.9500 | T=8.2 k=3.8 (mu_rec=8 mu_bwd=4) | grad=1.101 | tok/s=21,877 | tokens=2.52B
step= 76870 | loss=3.2952 | lr=3.00e-04 | wd=0.0496 | mom=0.9500 | T=12.8 k=4.0 (mu_rec=8 mu_bwd=4) | grad=0.984 | tok/s=24,159 | tokens=2.52B
step= 76880 | loss=3.0238 | lr=3.00e-04 | wd=0.0496 | mom=0.9500 | T=8.5 k=4.0 (mu_rec=8 mu_bwd=4) | grad=1.398 | tok/s=24,716 | tokens=2.52B
step= 76890 | loss=2.9885 | lr=3.00e-04 | wd=0.0496 | mom=0.9500 | T=12.8 k=4.0 (mu_rec=8 mu_bwd=4) | grad=1.451 | tok/s=23,291 | tokens=2.52B
step= 76900 | loss=3.0839 | lr=3.00e-04 | wd=0.0496 | mom=0.9500 | T=6.8 k=4.0 (mu_rec=8 mu_bwd=4) | grad=0.940 | tok/s=23,396 | tokens=2.52B
step= 76910 | loss=2.9233 | lr=3.00e-04 | wd=0.0496 | mom=0.9500 | T=12.0 k=3.5 (mu_rec=8 mu_bwd=4) | grad=1.135 | tok/s=22,212 | tokens=2.52B
step= 76920 | loss=3.1428 | lr=3.00e-04 | wd=0.0496 | mom=0.9500 | T=9.0 k=3.5 (mu_rec=8 mu_bwd=4) | grad=1.174 | tok/s=22,322 | tokens=2.52B
step= 76930 | loss=3.3276 | lr=3.00e-04 | wd=0.0496 | mom=0.9500 | T=8.8 k=3.5 (mu_rec=8 mu_bwd=4) | grad=1.019 | tok/s=26,213 | tokens=2.52B
step= 76940 | loss=3.3549 | lr=3.00e-04 | wd=0.0496 | mom=0.9500 | T=9.0 k=4.0 (mu_rec=8 mu_bwd=4) | grad=1.023 | tok/s=24,134 | tokens=2.52B
step= 76950 | loss=3.4525 | lr=3.00e-04 | wd=0.0496 | mom=0.9500 | T=8.8 k=4.0 (mu_rec=8 mu_bwd=4) | grad=1.284 | tok/s=21,965 | tokens=2.52B
step= 76960 | loss=3.5681 | lr=3.00e-04 | wd=0.0496 | mom=0.9500 | T=9.0 k=4.0 (mu_rec=8 mu_bwd=4) | grad=1.253 | tok/s=24,056 | tokens=2.52B
step= 76970 | loss=3.1654 | lr=3.00e-04 | wd=0.0496 | mom=0.9500 | T=11.5 k=4.0 (mu_rec=8 mu_bwd=4) | grad=0.940 | tok/s=22,180 | tokens=2.52B
step= 76980 | loss=3.3302 | lr=3.00e-04 | wd=0.0496 | mom=0.9500 | T=6.0 k=3.5 (mu_rec=8 mu_bwd=4) | grad=1.041 | tok/s=22,626 | tokens=2.52B
step= 76990 | loss=3.1499 | lr=3.00e-04 | wd=0.0495 | mom=0.9500 | T=6.2 k=3.8 (mu_rec=8 mu_bwd=4) | grad=0.915 | tok/s=25,421 | tokens=2.52B
step= 77000 | loss=3.1795 | lr=3.00e-04 | wd=0.0495 | mom=0.9500 | T=7.5 k=3.2 (mu_rec=8 mu_bwd=4) | grad=1.943 | tok/s=24,624 | tokens=2.52B
step= 77010 | loss=3.2412 | lr=3.00e-04 | wd=0.0495 | mom=0.9500 | T=5.2 k=3.0 (mu_rec=8 mu_bwd=4) | grad=1.015 | tok/s=23,968 | tokens=2.52B
step= 77020 | loss=3.1672 | lr=3.00e-04 | wd=0.0495 | mom=0.9500 | T=5.8 k=3.8 (mu_rec=8 mu_bwd=4) | grad=1.676 | tok/s=21,895 | tokens=2.52B
step= 77030 | loss=3.2704 | lr=3.00e-04 | wd=0.0495 | mom=0.9500 | T=8.0 k=3.5 (mu_rec=8 mu_bwd=4) | grad=1.084 | tok/s=22,976 | tokens=2.52B
step= 77040 | loss=3.2803 | lr=3.00e-04 | wd=0.0495 | mom=0.9500 | T=11.5 k=3.2 (mu_rec=8 mu_bwd=4) | grad=0.914 | tok/s=23,959 | tokens=2.52B
step= 77050 | loss=3.2634 | lr=3.00e-04 | wd=0.0495 | mom=0.9500 | T=7.0 k=3.0 (mu_rec=8 mu_bwd=4) | grad=1.018 | tok/s=23,513 | tokens=2.52B
step= 77060 | loss=3.2623 | lr=3.00e-04 | wd=0.0495 | mom=0.9500 | T=7.0 k=3.8 (mu_rec=8 mu_bwd=4) | grad=1.342 | tok/s=23,488 | tokens=2.53B
step= 77070 | loss=3.2074 | lr=3.00e-04 | wd=0.0495 | mom=0.9500 | T=9.8 k=4.0 (mu_rec=8 mu_bwd=4) | grad=0.912 | tok/s=23,353 | tokens=2.53B
step= 77080 | loss=3.2515 | lr=3.00e-04 | wd=0.0495 | mom=0.9500 | T=6.2 k=3.5 (mu_rec=8 mu_bwd=4) | grad=1.013 | tok/s=24,891 | tokens=2.53B
step= 77090 | loss=2.9548 | lr=3.00e-04 | wd=0.0495 | mom=0.9500 | T=10.2 k=4.0 (mu_rec=8 mu_bwd=4) | grad=3.068 | tok/s=22,924 | tokens=2.53B
step= 77100 | loss=2.9728 | lr=3.00e-04 | wd=0.0495 | mom=0.9500 | T=8.0 k=4.0 (mu_rec=8 mu_bwd=4) | grad=1.080 | tok/s=22,511 | tokens=2.53B
step= 77110 | loss=3.2385 | lr=3.00e-04 | wd=0.0495 | mom=0.9500 | T=11.0 k=3.2 (mu_rec=8 mu_bwd=4) | grad=1.155 | tok/s=24,122 | tokens=2.53B
step= 77120 | loss=3.1566 | lr=3.00e-04 | wd=0.0495 | mom=0.9500 | T=6.2 k=3.8 (mu_rec=8 mu_bwd=4) | grad=1.037 | tok/s=24,184 | tokens=2.53B
step= 77130 | loss=3.0294 | lr=3.00e-04 | wd=0.0495 | mom=0.9500 | T=6.0 k=3.8 (mu_rec=8 mu_bwd=4) | grad=2.248 | tok/s=6,575 | tokens=2.53B
step= 77140 | loss=3.0642 | lr=3.00e-04 | wd=0.0494 | mom=0.9500 | T=7.5 k=3.0 (mu_rec=8 mu_bwd=4) | grad=1.293 | tok/s=24,146 | tokens=2.53B
step= 77150 | loss=3.1200 | lr=3.00e-04 | wd=0.0494 | mom=0.9500 | T=19.0 k=3.5 (mu_rec=8 mu_bwd=4) | grad=1.478 | tok/s=22,578 | tokens=2.53B
step= 77160 | loss=3.1185 | lr=3.00e-04 | wd=0.0494 | mom=0.9500 | T=9.5 k=4.0 (mu_rec=8 mu_bwd=4) | grad=3.095 | tok/s=23,180 | tokens=2.53B
step= 77170 | loss=3.2497 | lr=3.00e-04 | wd=0.0494 | mom=0.9500 | T=8.8 k=4.0 (mu_rec=8 mu_bwd=4) | grad=1.494 | tok/s=22,738 | tokens=2.53B
step= 77180 | loss=2.9714 | lr=3.00e-04 | wd=0.0494 | mom=0.9500 | T=11.5 k=4.0 (mu_rec=8 mu_bwd=4) | grad=1.201 | tok/s=23,102 | tokens=2.53B
step= 77190 | loss=2.9770 | lr=3.00e-04 | wd=0.0494 | mom=0.9500 | T=11.0 k=4.0 (mu_rec=8 mu_bwd=4) | grad=0.859 | tok/s=21,628 | tokens=2.53B
step= 77200 | loss=3.2682 | lr=3.00e-04 | wd=0.0494 | mom=0.9500 | T=5.0 k=3.0 (mu_rec=8 mu_bwd=4) | grad=1.025 | tok/s=25,170 | tokens=2.53B
step= 77210 | loss=3.4996 | lr=3.00e-04 | wd=0.0494 | mom=0.9500 | T=8.0 k=3.2 (mu_rec=8 mu_bwd=4) | grad=1.350 | tok/s=24,411 | tokens=2.53B
step= 77220 | loss=3.4828 | lr=3.00e-04 | wd=0.0494 | mom=0.9500 | T=7.0 k=3.2 (mu_rec=8 mu_bwd=4) | grad=1.477 | tok/s=22,703 | tokens=2.53B
step= 77230 | loss=3.5094 | lr=3.00e-04 | wd=0.0494 | mom=0.9500 | T=10.5 k=3.5 (mu_rec=8 mu_bwd=4) | grad=1.042 | tok/s=21,947 | tokens=2.53B
step= 77240 | loss=3.4035 | lr=3.00e-04 | wd=0.0494 | mom=0.9500 | T=7.0 k=4.0 (mu_rec=8 mu_bwd=4) | grad=1.401 | tok/s=24,251 | tokens=2.53B
step= 77250 | loss=3.3010 | lr=3.00e-04 | wd=0.0494 | mom=0.9500 | T=12.8 k=4.0 (mu_rec=8 mu_bwd=4) | grad=1.157 | tok/s=21,965 | tokens=2.53B
step= 77260 | loss=3.1761 | lr=3.00e-04 | wd=0.0494 | mom=0.9500 | T=6.8 k=3.8 (mu_rec=8 mu_bwd=4) | grad=1.102 | tok/s=22,716 | tokens=2.53B
step= 77270 | loss=2.9470 | lr=3.00e-04 | wd=0.0494 | mom=0.9500 | T=10.2 k=4.0 (mu_rec=8 mu_bwd=4) | grad=1.253 | tok/s=21,925 | tokens=2.53B
step= 77280 | loss=3.1048 | lr=3.00e-04 | wd=0.0494 | mom=0.9500 | T=14.2 k=4.0 (mu_rec=8 mu_bwd=4) | grad=1.244 | tok/s=21,816 | tokens=2.53B
step= 77290 | loss=2.9874 | lr=3.00e-04 | wd=0.0493 | mom=0.9500 | T=11.0 k=3.5 (mu_rec=8 mu_bwd=4) | grad=1.539 | tok/s=23,825 | tokens=2.53B
step= 77300 | loss=2.9724 | lr=3.00e-04 | wd=0.0493 | mom=0.9500 | T=7.0 k=3.8 (mu_rec=8 mu_bwd=4) | grad=1.029 | tok/s=23,579 | tokens=2.53B
step= 77310 | loss=2.8278 | lr=3.00e-04 | wd=0.0493 | mom=0.9500 | T=6.8 k=3.2 (mu_rec=8 mu_bwd=4) | grad=2.331 | tok/s=25,089 | tokens=2.53B
step= 77320 | loss=3.0060 | lr=3.00e-04 | wd=0.0493 | mom=0.9500 | T=5.5 k=3.0 (mu_rec=8 mu_bwd=4) | grad=1.375 | tok/s=23,346 | tokens=2.53B
step= 77330 | loss=3.2299 | lr=3.00e-04 | wd=0.0493 | mom=0.9500 | T=9.0 k=4.0 (mu_rec=8 mu_bwd=4) | grad=1.406 | tok/s=24,584 | tokens=2.53B
step= 77340 | loss=3.2801 | lr=3.00e-04 | wd=0.0493 | mom=0.9500 | T=9.2 k=3.5 (mu_rec=8 mu_bwd=4) | grad=1.128 | tok/s=21,785 | tokens=2.53B
step= 77350 | loss=3.1120 | lr=3.00e-04 | wd=0.0493 | mom=0.9500 | T=11.2 k=4.0 (mu_rec=8 mu_bwd=4) | grad=1.212 | tok/s=23,178 | tokens=2.53B
step= 77360 | loss=3.3872 | lr=3.00e-04 | wd=0.0493 | mom=0.9500 | T=12.0 k=4.0 (mu_rec=8 mu_bwd=4) | grad=1.267 | tok/s=22,844 | tokens=2.53B
step= 77370 | loss=2.9523 | lr=3.00e-04 | wd=0.0493 | mom=0.9500 | T=6.2 k=4.0 (mu_rec=8 mu_bwd=4) | grad=0.917 | tok/s=21,914 | tokens=2.54B
step= 77380 | loss=2.9276 | lr=3.00e-04 | wd=0.0493 | mom=0.9500 | T=10.8 k=4.0 (mu_rec=8 mu_bwd=4) | grad=1.231 | tok/s=22,476 | tokens=2.54B
step= 77390 | loss=3.2008 | lr=3.00e-04 | wd=0.0493 | mom=0.9500 | T=8.0 k=4.0 (mu_rec=8 mu_bwd=4) | grad=0.899 | tok/s=23,601 | tokens=2.54B
step= 77400 | loss=3.4601 | lr=3.00e-04 | wd=0.0493 | mom=0.9500 | T=4.8 k=3.8 (mu_rec=8 mu_bwd=4) | grad=1.235 | tok/s=23,899 | tokens=2.54B
step= 77410 | loss=3.2569 | lr=3.00e-04 | wd=0.0493 | mom=0.9500 | T=14.2 k=4.0 (mu_rec=8 mu_bwd=4) | grad=0.927 | tok/s=22,671 | tokens=2.54B
step= 77420 | loss=3.4429 | lr=3.00e-04 | wd=0.0493 | mom=0.9500 | T=7.0 k=4.0 (mu_rec=8 mu_bwd=4) | grad=1.125 | tok/s=22,728 | tokens=2.54B
step= 77430 | loss=3.2242 | lr=3.00e-04 | wd=0.0493 | mom=0.9500 | T=9.0 k=3.5 (mu_rec=8 mu_bwd=4) | grad=1.075 | tok/s=21,913 | tokens=2.54B
step= 77440 | loss=3.6415 | lr=3.00e-04 | wd=0.0492 | mom=0.9500 | T=11.5 k=3.8 (mu_rec=8 mu_bwd=4) | grad=1.197 | tok/s=22,689 | tokens=2.54B
step= 77450 | loss=3.2032 | lr=3.00e-04 | wd=0.0492 | mom=0.9500 | T=9.5 k=3.2 (mu_rec=8 mu_bwd=4) | grad=1.038 | tok/s=24,908 | tokens=2.54B
step= 77460 | loss=2.8681 | lr=3.00e-04 | wd=0.0492 | mom=0.9500 | T=8.0 k=4.0 (mu_rec=8 mu_bwd=4) | grad=1.942 | tok/s=23,728 | tokens=2.54B
step= 77470 | loss=3.1669 | lr=3.00e-04 | wd=0.0492 | mom=0.9500 | T=10.2 k=4.0 (mu_rec=8 mu_bwd=4) | grad=1.015 | tok/s=23,624 | tokens=2.54B
step= 77480 | loss=3.2957 | lr=3.00e-04 | wd=0.0492 | mom=0.9500 | T=5.0 k=3.2 (mu_rec=8 mu_bwd=4) | grad=1.107 | tok/s=23,105 | tokens=2.54B
step= 77490 | loss=3.1223 | lr=3.00e-04 | wd=0.0492 | mom=0.9500 | T=6.5 k=4.0 (mu_rec=8 mu_bwd=4) | grad=0.910 | tok/s=24,531 | tokens=2.54B
step= 77500 | loss=3.1979 | lr=3.00e-04 | wd=0.0492 | mom=0.9500 | T=5.5 k=3.8 (mu_rec=8 mu_bwd=4) | grad=1.000 | tok/s=23,588 | tokens=2.54B
step= 77510 | loss=3.1838 | lr=3.00e-04 | wd=0.0492 | mom=0.9500 | T=6.8 k=3.2 (mu_rec=8 mu_bwd=4) | grad=1.221 | tok/s=23,210 | tokens=2.54B
step= 77520 | loss=3.1437 | lr=3.00e-04 | wd=0.0492 | mom=0.9500 | T=8.5 k=4.0 (mu_rec=8 mu_bwd=4) | grad=0.955 | tok/s=23,858 | tokens=2.54B
step= 77530 | loss=3.3676 | lr=3.00e-04 | wd=0.0492 | mom=0.9500 | T=5.2 k=3.2 (mu_rec=8 mu_bwd=4) | grad=1.025 | tok/s=22,835 | tokens=2.54B
step= 77540 | loss=3.2589 | lr=3.00e-04 | wd=0.0492 | mom=0.9500 | T=6.8 k=4.0 (mu_rec=8 mu_bwd=4) | grad=1.033 | tok/s=24,161 | tokens=2.54B
step= 77550 | loss=2.9749 | lr=3.00e-04 | wd=0.0492 | mom=0.9500 | T=10.8 k=4.0 (mu_rec=8 mu_bwd=4) | grad=0.854 | tok/s=24,281 | tokens=2.54B
step= 77560 | loss=3.1182 | lr=3.00e-04 | wd=0.0492 | mom=0.9500 | T=13.2 k=4.0 (mu_rec=8 mu_bwd=4) | grad=1.048 | tok/s=23,191 | tokens=2.54B
step= 77570 | loss=3.1575 | lr=3.00e-04 | wd=0.0492 | mom=0.9500 | T=11.0 k=3.2 (mu_rec=8 mu_bwd=4) | grad=1.134 | tok/s=24,417 | tokens=2.54B
step= 77580 | loss=2.9030 | lr=3.00e-04 | wd=0.0492 | mom=0.9500 | T=6.2 k=3.5 (mu_rec=8 mu_bwd=4) | grad=2.722 | tok/s=24,043 | tokens=2.54B
step= 77590 | loss=3.4295 | lr=3.00e-04 | wd=0.0492 | mom=0.9500 | T=8.2 k=3.8 (mu_rec=8 mu_bwd=4) | grad=1.163 | tok/s=23,750 | tokens=2.54B
step= 77600 | loss=3.2419 | lr=3.00e-04 | wd=0.0491 | mom=0.9500 | T=15.2 k=4.0 (mu_rec=8 mu_bwd=4) | grad=2.415 | tok/s=23,320 | tokens=2.54B
step= 77610 | loss=3.1159 | lr=3.00e-04 | wd=0.0491 | mom=0.9500 | T=5.2 k=4.0 (mu_rec=8 mu_bwd=4) | grad=0.916 | tok/s=24,227 | tokens=2.54B
step= 77620 | loss=3.2677 | lr=3.00e-04 | wd=0.0491 | mom=0.9500 | T=13.2 k=3.8 (mu_rec=8 mu_bwd=4) | grad=1.587 | tok/s=21,815 | tokens=2.54B
step= 77630 | loss=3.1105 | lr=3.00e-04 | wd=0.0491 | mom=0.9500 | T=7.2 k=4.0 (mu_rec=8 mu_bwd=4) | grad=1.004 | tok/s=22,864 | tokens=2.54B
step= 77640 | loss=3.2112 | lr=3.00e-04 | wd=0.0491 | mom=0.9500 | T=3.5 k=3.2 (mu_rec=8 mu_bwd=4) | grad=1.077 | tok/s=23,381 | tokens=2.54B
step= 77650 | loss=3.1862 | lr=3.00e-04 | wd=0.0491 | mom=0.9500 | T=3.5 k=3.0 (mu_rec=8 mu_bwd=4) | grad=1.810 | tok/s=23,440 | tokens=2.54B
step= 77660 | loss=3.2466 | lr=3.00e-04 | wd=0.0491 | mom=0.9500 | T=8.0 k=4.0 (mu_rec=8 mu_bwd=4) | grad=1.687 | tok/s=23,713 | tokens=2.54B
step= 77670 | loss=2.9946 | lr=3.00e-04 | wd=0.0491 | mom=0.9500 | T=9.5 k=4.0 (mu_rec=8 mu_bwd=4) | grad=0.940 | tok/s=24,559 | tokens=2.55B
step= 77680 | loss=3.0575 | lr=3.00e-04 | wd=0.0491 | mom=0.9500 | T=8.0 k=3.5 (mu_rec=8 mu_bwd=4) | grad=1.116 | tok/s=22,719 | tokens=2.55B
step= 77690 | loss=3.4399 | lr=3.00e-04 | wd=0.0491 | mom=0.9500 | T=6.8 k=4.0 (mu_rec=8 mu_bwd=4) | grad=7.990 | tok/s=23,425 | tokens=2.55B
step= 77700 | loss=3.5273 | lr=3.00e-04 | wd=0.0491 | mom=0.9500 | T=7.2 k=3.2 (mu_rec=8 mu_bwd=4) | grad=1.189 | tok/s=23,566 | tokens=2.55B
step= 77710 | loss=3.0636 | lr=3.00e-04 | wd=0.0491 | mom=0.9500 | T=6.0 k=3.8 (mu_rec=8 mu_bwd=4) | grad=1.345 | tok/s=23,970 | tokens=2.55B
step= 77720 | loss=3.1738 | lr=3.00e-04 | wd=0.0491 | mom=0.9500 | T=8.2 k=3.8 (mu_rec=8 mu_bwd=4) | grad=1.712 | tok/s=23,438 | tokens=2.55B
step= 77730 | loss=3.0211 | lr=3.00e-04 | wd=0.0491 | mom=0.9500 | T=5.5 k=3.8 (mu_rec=8 mu_bwd=4) | grad=0.914 | tok/s=24,389 | tokens=2.55B
step= 77740 | loss=3.5368 | lr=3.00e-04 | wd=0.0491 | mom=0.9500 | T=8.5 k=3.5 (mu_rec=8 mu_bwd=4) | grad=1.072 | tok/s=23,381 | tokens=2.55B
step= 77750 | loss=3.2535 | lr=3.00e-04 | wd=0.0490 | mom=0.9500 | T=9.0 k=3.5 (mu_rec=8 mu_bwd=4) | grad=0.933 | tok/s=24,901 | tokens=2.55B
step= 77760 | loss=3.3502 | lr=3.00e-04 | wd=0.0490 | mom=0.9500 | T=11.0 k=3.2 (mu_rec=8 mu_bwd=4) | grad=1.008 | tok/s=25,232 | tokens=2.55B
step= 77770 | loss=3.0037 | lr=3.00e-04 | wd=0.0490 | mom=0.9500 | T=12.5 k=4.0 (mu_rec=8 mu_bwd=4) | grad=1.107 | tok/s=22,122 | tokens=2.55B
step= 77780 | loss=3.1001 | lr=3.00e-04 | wd=0.0490 | mom=0.9500 | T=2.8 k=2.8 (mu_rec=8 mu_bwd=4) | grad=1.158 | tok/s=23,676 | tokens=2.55B
step= 77790 | loss=3.5924 | lr=3.00e-04 | wd=0.0490 | mom=0.9500 | T=12.5 k=4.0 (mu_rec=8 mu_bwd=4) | grad=1.822 | tok/s=23,884 | tokens=2.55B
step= 77800 | loss=3.2254 | lr=3.00e-04 | wd=0.0490 | mom=0.9500 | T=11.2 k=4.0 (mu_rec=8 mu_bwd=4) | grad=1.001 | tok/s=23,436 | tokens=2.55B
step= 77810 | loss=3.3066 | lr=3.00e-04 | wd=0.0490 | mom=0.9500 | T=12.2 k=4.0 (mu_rec=8 mu_bwd=4) | grad=1.470 | tok/s=20,836 | tokens=2.55B
step= 77820 | loss=3.1014 | lr=3.00e-04 | wd=0.0490 | mom=0.9500 | T=8.8 k=4.0 (mu_rec=8 mu_bwd=4) | grad=1.174 | tok/s=23,179 | tokens=2.55B
step= 77830 | loss=3.7573 | lr=3.00e-04 | wd=0.0490 | mom=0.9500 | T=7.5 k=3.5 (mu_rec=8 mu_bwd=4) | grad=1.815 | tok/s=22,768 | tokens=2.55B
step= 77840 | loss=3.4988 | lr=3.00e-04 | wd=0.0490 | mom=0.9500 | T=11.2 k=4.0 (mu_rec=8 mu_bwd=4) | grad=1.541 | tok/s=24,337 | tokens=2.55B
step= 77850 | loss=2.9500 | lr=3.00e-04 | wd=0.0490 | mom=0.9500 | T=9.2 k=4.0 (mu_rec=8 mu_bwd=4) | grad=1.824 | tok/s=23,715 | tokens=2.55B
step= 77860 | loss=3.1187 | lr=3.00e-04 | wd=0.0490 | mom=0.9500 | T=5.2 k=4.0 (mu_rec=8 mu_bwd=4) | grad=1.035 | tok/s=23,678 | tokens=2.55B
step= 77870 | loss=3.1485 | lr=3.00e-04 | wd=0.0490 | mom=0.9500 | T=12.5 k=4.0 (mu_rec=8 mu_bwd=4) | grad=1.238 | tok/s=22,882 | tokens=2.55B
step= 77880 | loss=3.1953 | lr=3.00e-04 | wd=0.0490 | mom=0.9500 | T=6.8 k=4.0 (mu_rec=8 mu_bwd=4) | grad=1.230 | tok/s=23,076 | tokens=2.55B
step= 77890 | loss=3.2168 | lr=3.00e-04 | wd=0.0490 | mom=0.9500 | T=9.5 k=4.0 (mu_rec=8 mu_bwd=4) | grad=1.393 | tok/s=23,626 | tokens=2.55B
step= 77900 | loss=3.2366 | lr=3.00e-04 | wd=0.0489 | mom=0.9500 | T=8.5 k=4.0 (mu_rec=8 mu_bwd=4) | grad=1.048 | tok/s=22,286 | tokens=2.55B
step= 77910 | loss=3.1151 | lr=3.00e-04 | wd=0.0489 | mom=0.9500 | T=8.0 k=4.0 (mu_rec=8 mu_bwd=4) | grad=1.550 | tok/s=22,992 | tokens=2.55B
step= 77920 | loss=2.9254 | lr=3.00e-04 | wd=0.0489 | mom=0.9500 | T=7.2 k=3.5 (mu_rec=8 mu_bwd=4) | grad=1.215 | tok/s=26,435 | tokens=2.55B
step= 77930 | loss=3.3621 | lr=3.00e-04 | wd=0.0489 | mom=0.9500 | T=8.2 k=3.8 (mu_rec=8 mu_bwd=4) | grad=2.669 | tok/s=23,299 | tokens=2.55B
step= 77940 | loss=3.2265 | lr=3.00e-04 | wd=0.0489 | mom=0.9500 | T=14.5 k=4.0 (mu_rec=8 mu_bwd=4) | grad=0.878 | tok/s=21,929 | tokens=2.55B
step= 77950 | loss=3.2975 | lr=3.00e-04 | wd=0.0489 | mom=0.9500 | T=7.2 k=4.0 (mu_rec=8 mu_bwd=4) | grad=0.966 | tok/s=23,420 | tokens=2.55B
step= 77960 | loss=3.2325 | lr=3.00e-04 | wd=0.0489 | mom=0.9500 | T=8.2 k=4.0 (mu_rec=8 mu_bwd=4) | grad=1.109 | tok/s=23,069 | tokens=2.55B
step= 77970 | loss=3.1194 | lr=3.00e-04 | wd=0.0489 | mom=0.9500 | T=6.2 k=4.0 (mu_rec=8 mu_bwd=4) | grad=1.019 | tok/s=10,928 | tokens=2.55B
step= 77980 | loss=3.1741 | lr=3.00e-04 | wd=0.0489 | mom=0.9500 | T=9.8 k=4.0 (mu_rec=8 mu_bwd=4) | grad=2.368 | tok/s=9,853 | tokens=2.56B
step= 77990 | loss=3.5582 | lr=3.00e-04 | wd=0.0489 | mom=0.9500 | T=5.0 k=3.8 (mu_rec=8 mu_bwd=4) | grad=1.903 | tok/s=23,876 | tokens=2.56B
step= 78000 | loss=3.6091 | lr=3.00e-04 | wd=0.0489 | mom=0.9500 | T=12.0 k=4.0 (mu_rec=8 mu_bwd=4) | grad=1.831 | tok/s=23,012 | tokens=2.56B
[step 78000] Saved -> runs/cortex-5b-k4/checkpoint_0078000
[step 78000] Pruned -> runs/cortex-5b-k4/checkpoint_0074000
step= 78010 | loss=3.5855 | lr=3.00e-04 | wd=0.0489 | mom=0.9500 | T=9.5 k=3.8 (mu_rec=8 mu_bwd=4) | grad=1.992 | tok/s=15,079 | tokens=2.56B
step= 78020 | loss=3.2905 | lr=3.00e-04 | wd=0.0489 | mom=0.9500 | T=8.8 k=3.8 (mu_rec=8 mu_bwd=4) | grad=1.021 | tok/s=23,320 | tokens=2.56B
step= 78030 | loss=3.4759 | lr=3.00e-04 | wd=0.0489 | mom=0.9500 | T=9.0 k=4.0 (mu_rec=8 mu_bwd=4) | grad=0.877 | tok/s=23,091 | tokens=2.56B
step= 78040 | loss=3.2041 | lr=3.00e-04 | wd=0.0489 | mom=0.9500 | T=7.5 k=4.0 (mu_rec=8 mu_bwd=4) | grad=1.560 | tok/s=24,035 | tokens=2.56B
step= 78050 | loss=3.2691 | lr=3.00e-04 | wd=0.0488 | mom=0.9500 | T=3.0 k=2.8 (mu_rec=8 mu_bwd=4) | grad=1.040 | tok/s=24,547 | tokens=2.56B
step= 78060 | loss=3.2608 | lr=3.00e-04 | wd=0.0488 | mom=0.9500 | T=5.0 k=3.5 (mu_rec=8 mu_bwd=4) | grad=1.021 | tok/s=22,686 | tokens=2.56B
step= 78070 | loss=3.1905 | lr=3.00e-04 | wd=0.0488 | mom=0.9500 | T=9.8 k=4.0 (mu_rec=8 mu_bwd=4) | grad=0.982 | tok/s=22,830 | tokens=2.56B
step= 78080 | loss=3.1738 | lr=3.00e-04 | wd=0.0488 | mom=0.9500 | T=5.2 k=3.5 (mu_rec=8 mu_bwd=4) | grad=0.928 | tok/s=24,267 | tokens=2.56B
step= 78090 | loss=3.9537 | lr=3.00e-04 | wd=0.0488 | mom=0.9500 | T=6.8 k=3.8 (mu_rec=8 mu_bwd=4) | grad=1.202 | tok/s=22,942 | tokens=2.56B
step= 78100 | loss=3.3717 | lr=3.00e-04 | wd=0.0488 | mom=0.9500 | T=7.0 k=3.8 (mu_rec=8 mu_bwd=4) | grad=0.925 | tok/s=21,838 | tokens=2.56B
step= 78110 | loss=3.7160 | lr=3.00e-04 | wd=0.0488 | mom=0.9500 | T=6.8 k=3.2 (mu_rec=8 mu_bwd=4) | grad=4.998 | tok/s=22,719 | tokens=2.56B
step= 78120 | loss=3.1854 | lr=3.00e-04 | wd=0.0488 | mom=0.9500 | T=7.5 k=2.8 (mu_rec=8 mu_bwd=4) | grad=1.046 | tok/s=23,692 | tokens=2.56B
step= 78130 | loss=3.3046 | lr=3.00e-04 | wd=0.0488 | mom=0.9500 | T=18.2 k=4.0 (mu_rec=8 mu_bwd=4) | grad=1.437 | tok/s=21,333 | tokens=2.56B
step= 78140 | loss=3.3478 | lr=3.00e-04 | wd=0.0488 | mom=0.9500 | T=5.5 k=3.0 (mu_rec=8 mu_bwd=4) | grad=0.955 | tok/s=25,517 | tokens=2.56B
step= 78150 | loss=3.2500 | lr=3.00e-04 | wd=0.0488 | mom=0.9500 | T=6.8 k=3.8 (mu_rec=8 mu_bwd=4) | grad=2.257 | tok/s=22,998 | tokens=2.56B
step= 78160 | loss=3.0494 | lr=3.00e-04 | wd=0.0488 | mom=0.9500 | T=7.0 k=4.0 (mu_rec=8 mu_bwd=4) | grad=0.895 | tok/s=22,614 | tokens=2.56B
step= 78170 | loss=3.2412 | lr=3.00e-04 | wd=0.0488 | mom=0.9500 | T=9.2 k=4.0 (mu_rec=8 mu_bwd=4) | grad=1.004 | tok/s=24,830 | tokens=2.56B
step= 78180 | loss=3.0996 | lr=3.00e-04 | wd=0.0488 | mom=0.9500 | T=6.0 k=3.8 (mu_rec=8 mu_bwd=4) | grad=1.193 | tok/s=23,943 | tokens=2.56B
step= 78190 | loss=3.0002 | lr=3.00e-04 | wd=0.0488 | mom=0.9500 | T=10.2 k=4.0 (mu_rec=8 mu_bwd=4) | grad=0.883 | tok/s=22,771 | tokens=2.56B
step= 78200 | loss=3.0063 | lr=3.00e-04 | wd=0.0488 | mom=0.9500 | T=9.2 k=3.8 (mu_rec=8 mu_bwd=4) | grad=1.034 | tok/s=23,181 | tokens=2.56B
step= 78210 | loss=2.9714 | lr=3.00e-04 | wd=0.0487 | mom=0.9500 | T=6.0 k=3.5 (mu_rec=8 mu_bwd=4) | grad=1.531 | tok/s=24,911 | tokens=2.56B
step= 78220 | loss=3.0183 | lr=3.00e-04 | wd=0.0487 | mom=0.9500 | T=11.0 k=4.0 (mu_rec=8 mu_bwd=4) | grad=1.043 | tok/s=23,192 | tokens=2.56B
step= 78230 | loss=2.9493 | lr=3.00e-04 | wd=0.0487 | mom=0.9500 | T=3.2 k=2.5 (mu_rec=8 mu_bwd=4) | grad=1.383 | tok/s=23,565 | tokens=2.56B
step= 78240 | loss=2.8496 | lr=3.00e-04 | wd=0.0487 | mom=0.9500 | T=7.5 k=3.8 (mu_rec=8 mu_bwd=4) | grad=1.036 | tok/s=23,462 | tokens=2.56B
step= 78250 | loss=3.3798 | lr=3.00e-04 | wd=0.0487 | mom=0.9500 | T=6.8 k=3.8 (mu_rec=8 mu_bwd=4) | grad=1.124 | tok/s=23,197 | tokens=2.56B
step= 78260 | loss=3.0883 | lr=3.00e-04 | wd=0.0487 | mom=0.9500 | T=8.0 k=4.0 (mu_rec=8 mu_bwd=4) | grad=1.098 | tok/s=24,887 | tokens=2.56B
step= 78270 | loss=3.0390 | lr=3.00e-04 | wd=0.0487 | mom=0.9500 | T=6.8 k=3.8 (mu_rec=8 mu_bwd=4) | grad=0.921 | tok/s=22,256 | tokens=2.56B
step= 78280 | loss=3.3942 | lr=3.00e-04 | wd=0.0487 | mom=0.9500 | T=8.2 k=4.0 (mu_rec=8 mu_bwd=4) | grad=1.205 | tok/s=24,232 | tokens=2.57B
step= 78290 | loss=3.0599 | lr=3.00e-04 | wd=0.0487 | mom=0.9500 | T=6.2 k=4.0 (mu_rec=8 mu_bwd=4) | grad=0.932 | tok/s=24,226 | tokens=2.57B
step= 78300 | loss=3.2241 | lr=3.00e-04 | wd=0.0487 | mom=0.9500 | T=12.5 k=4.0 (mu_rec=8 mu_bwd=4) | grad=1.283 | tok/s=20,858 | tokens=2.57B
step= 78310 | loss=3.2531 | lr=3.00e-04 | wd=0.0487 | mom=0.9500 | T=6.2 k=3.2 (mu_rec=8 mu_bwd=4) | grad=0.951 | tok/s=23,810 | tokens=2.57B
step= 78320 | loss=3.5033 | lr=3.00e-04 | wd=0.0487 | mom=0.9500 | T=8.2 k=3.5 (mu_rec=8 mu_bwd=4) | grad=1.605 | tok/s=23,877 | tokens=2.57B
step= 78330 | loss=3.5350 | lr=3.00e-04 | wd=0.0487 | mom=0.9500 | T=8.2 k=4.0 (mu_rec=8 mu_bwd=4) | grad=0.946 | tok/s=24,748 | tokens=2.57B
step= 78340 | loss=3.2990 | lr=3.00e-04 | wd=0.0487 | mom=0.9500 | T=5.5 k=3.5 (mu_rec=8 mu_bwd=4) | grad=1.692 | tok/s=24,395 | tokens=2.57B
step= 78350 | loss=3.3448 | lr=3.00e-04 | wd=0.0487 | mom=0.9500 | T=4.8 k=3.8 (mu_rec=8 mu_bwd=4) | grad=1.241 | tok/s=24,733 | tokens=2.57B
step= 78360 | loss=3.5623 | lr=3.00e-04 | wd=0.0486 | mom=0.9500 | T=13.5 k=3.8 (mu_rec=8 mu_bwd=4) | grad=1.069 | tok/s=22,328 | tokens=2.57B
step= 78370 | loss=2.9212 | lr=3.00e-04 | wd=0.0486 | mom=0.9500 | T=10.5 k=4.0 (mu_rec=8 mu_bwd=4) | grad=1.993 | tok/s=25,009 | tokens=2.57B
step= 78380 | loss=3.1667 | lr=3.00e-04 | wd=0.0486 | mom=0.9500 | T=11.5 k=4.0 (mu_rec=8 mu_bwd=4) | grad=0.912 | tok/s=24,102 | tokens=2.57B
step= 78390 | loss=3.1482 | lr=3.00e-04 | wd=0.0486 | mom=0.9500 | T=5.5 k=3.2 (mu_rec=8 mu_bwd=4) | grad=1.025 | tok/s=22,834 | tokens=2.57B
step= 78400 | loss=3.1552 | lr=3.00e-04 | wd=0.0486 | mom=0.9500 | T=3.5 k=2.8 (mu_rec=8 mu_bwd=4) | grad=1.166 | tok/s=23,052 | tokens=2.57B
step= 78410 | loss=3.0731 | lr=3.00e-04 | wd=0.0486 | mom=0.9500 | T=9.5 k=4.0 (mu_rec=8 mu_bwd=4) | grad=0.926 | tok/s=23,448 | tokens=2.57B
step= 78420 | loss=3.1932 | lr=3.00e-04 | wd=0.0486 | mom=0.9500 | T=6.8 k=3.5 (mu_rec=8 mu_bwd=4) | grad=0.988 | tok/s=24,276 | tokens=2.57B
step= 78430 | loss=3.2244 | lr=3.00e-04 | wd=0.0486 | mom=0.9500 | T=6.2 k=3.8 (mu_rec=8 mu_bwd=4) | grad=0.953 | tok/s=23,151 | tokens=2.57B
step= 78440 | loss=2.9859 | lr=3.00e-04 | wd=0.0486 | mom=0.9500 | T=7.8 k=3.5 (mu_rec=8 mu_bwd=4) | grad=1.848 | tok/s=24,248 | tokens=2.57B
step= 78450 | loss=3.0316 | lr=3.00e-04 | wd=0.0486 | mom=0.9500 | T=10.8 k=3.8 (mu_rec=8 mu_bwd=4) | grad=1.064 | tok/s=24,530 | tokens=2.57B
step= 78460 | loss=3.1446 | lr=3.00e-04 | wd=0.0486 | mom=0.9500 | T=6.5 k=4.0 (mu_rec=8 mu_bwd=4) | grad=1.697 | tok/s=25,059 | tokens=2.57B
step= 78470 | loss=3.1130 | lr=3.00e-04 | wd=0.0486 | mom=0.9500 | T=6.2 k=3.8 (mu_rec=8 mu_bwd=4) | grad=1.276 | tok/s=23,627 | tokens=2.57B
step= 78480 | loss=2.8589 | lr=3.00e-04 | wd=0.0486 | mom=0.9500 | T=7.5 k=4.0 (mu_rec=8 mu_bwd=4) | grad=1.059 | tok/s=24,445 | tokens=2.57B
step= 78490 | loss=2.9015 | lr=3.00e-04 | wd=0.0486 | mom=0.9500 | T=8.0 k=4.0 (mu_rec=8 mu_bwd=4) | grad=1.097 | tok/s=24,295 | tokens=2.57B
step= 78500 | loss=3.0546 | lr=3.00e-04 | wd=0.0486 | mom=0.9500 | T=8.5 k=4.0 (mu_rec=8 mu_bwd=4) | grad=1.023 | tok/s=23,489 | tokens=2.57B
step= 78510 | loss=3.3553 | lr=3.00e-04 | wd=0.0485 | mom=0.9500 | T=5.8 k=3.8 (mu_rec=8 mu_bwd=4) | grad=1.024 | tok/s=22,406 | tokens=2.57B
step= 78520 | loss=2.8716 | lr=3.00e-04 | wd=0.0485 | mom=0.9500 | T=10.0 k=4.0 (mu_rec=8 mu_bwd=4) | grad=1.233 | tok/s=23,233 | tokens=2.57B
step= 78530 | loss=3.5121 | lr=3.00e-04 | wd=0.0485 | mom=0.9500 | T=6.0 k=4.0 (mu_rec=8 mu_bwd=4) | grad=1.132 | tok/s=22,671 | tokens=2.57B
step= 78540 | loss=3.1508 | lr=3.00e-04 | wd=0.0485 | mom=0.9500 | T=8.5 k=4.0 (mu_rec=8 mu_bwd=4) | grad=0.883 | tok/s=23,418 | tokens=2.57B
step= 78550 | loss=3.1020 | lr=3.00e-04 | wd=0.0485 | mom=0.9500 | T=10.0 k=4.0 (mu_rec=8 mu_bwd=4) | grad=1.642 | tok/s=22,918 | tokens=2.57B
step= 78560 | loss=3.4499 | lr=3.00e-04 | wd=0.0485 | mom=0.9500 | T=4.8 k=3.2 (mu_rec=8 mu_bwd=4) | grad=1.318 | tok/s=22,702 | tokens=2.57B
step= 78570 | loss=2.9757 | lr=3.00e-04 | wd=0.0485 | mom=0.9500 | T=9.8 k=4.0 (mu_rec=8 mu_bwd=4) | grad=1.106 | tok/s=22,822 | tokens=2.57B
step= 78580 | loss=3.3342 | lr=3.00e-04 | wd=0.0485 | mom=0.9500 | T=7.5 k=3.5 (mu_rec=8 mu_bwd=4) | grad=0.919 | tok/s=24,706 | tokens=2.57B
step= 78590 | loss=3.2811 | lr=3.00e-04 | wd=0.0485 | mom=0.9500 | T=7.5 k=4.0 (mu_rec=8 mu_bwd=4) | grad=1.258 | tok/s=24,057 | tokens=2.58B
step= 78600 | loss=3.3246 | lr=3.00e-04 | wd=0.0485 | mom=0.9500 | T=8.8 k=3.8 (mu_rec=8 mu_bwd=4) | grad=1.771 | tok/s=24,794 | tokens=2.58B
step= 78610 | loss=3.2861 | lr=3.00e-04 | wd=0.0485 | mom=0.9500 | T=10.2 k=4.0 (mu_rec=8 mu_bwd=4) | grad=1.178 | tok/s=23,303 | tokens=2.58B
step= 78620 | loss=3.1011 | lr=3.00e-04 | wd=0.0485 | mom=0.9500 | T=9.2 k=4.0 (mu_rec=8 mu_bwd=4) | grad=1.805 | tok/s=24,830 | tokens=2.58B
step= 78630 | loss=3.1181 | lr=3.00e-04 | wd=0.0485 | mom=0.9500 | T=12.8 k=3.5 (mu_rec=8 mu_bwd=4) | grad=0.948 | tok/s=23,542 | tokens=2.58B
step= 78640 | loss=3.2374 | lr=3.00e-04 | wd=0.0485 | mom=0.9500 | T=9.5 k=4.0 (mu_rec=8 mu_bwd=4) | grad=0.886 | tok/s=22,525 | tokens=2.58B
step= 78650 | loss=3.1165 | lr=3.00e-04 | wd=0.0485 | mom=0.9500 | T=7.0 k=3.8 (mu_rec=8 mu_bwd=4) | grad=1.563 | tok/s=24,118 | tokens=2.58B
step= 78660 | loss=3.2402 | lr=3.00e-04 | wd=0.0484 | mom=0.9500 | T=4.8 k=3.5 (mu_rec=8 mu_bwd=4) | grad=1.120 | tok/s=23,448 | tokens=2.58B
step= 78670 | loss=2.9499 | lr=3.00e-04 | wd=0.0484 | mom=0.9500 | T=4.2 k=3.0 (mu_rec=8 mu_bwd=4) | grad=0.950 | tok/s=24,619 | tokens=2.58B
step= 78680 | loss=3.3773 | lr=3.00e-04 | wd=0.0484 | mom=0.9500 | T=7.5 k=3.8 (mu_rec=8 mu_bwd=4) | grad=1.084 | tok/s=23,840 | tokens=2.58B
step= 78690 | loss=3.0175 | lr=3.00e-04 | wd=0.0484 | mom=0.9500 | T=2.2 k=2.2 (mu_rec=8 mu_bwd=4) | grad=1.201 | tok/s=23,553 | tokens=2.58B
step= 78700 | loss=3.0995 | lr=3.00e-04 | wd=0.0484 | mom=0.9500 | T=8.5 k=4.0 (mu_rec=8 mu_bwd=4) | grad=1.130 | tok/s=22,290 | tokens=2.58B
step= 78710 | loss=3.1657 | lr=3.00e-04 | wd=0.0484 | mom=0.9500 | T=6.5 k=3.2 (mu_rec=8 mu_bwd=4) | grad=0.934 | tok/s=23,055 | tokens=2.58B
step= 78720 | loss=3.0067 | lr=3.00e-04 | wd=0.0484 | mom=0.9500 | T=10.0 k=4.0 (mu_rec=8 mu_bwd=4) | grad=1.707 | tok/s=23,555 | tokens=2.58B
step= 78730 | loss=3.2917 | lr=3.00e-04 | wd=0.0484 | mom=0.9500 | T=10.0 k=3.5 (mu_rec=8 mu_bwd=4) | grad=1.297 | tok/s=24,059 | tokens=2.58B
step= 78740 | loss=2.8675 | lr=3.00e-04 | wd=0.0484 | mom=0.9500 | T=9.5 k=4.0 (mu_rec=8 mu_bwd=4) | grad=1.027 | tok/s=23,963 | tokens=2.58B
step= 78750 | loss=3.0462 | lr=3.00e-04 | wd=0.0484 | mom=0.9500 | T=3.0 k=2.5 (mu_rec=8 mu_bwd=4) | grad=1.169 | tok/s=24,031 | tokens=2.58B
step= 78760 | loss=3.0050 | lr=3.00e-04 | wd=0.0484 | mom=0.9500 | T=10.2 k=4.0 (mu_rec=8 mu_bwd=4) | grad=1.021 | tok/s=21,886 | tokens=2.58B
step= 78770 | loss=2.9756 | lr=3.00e-04 | wd=0.0484 | mom=0.9500 | T=8.5 k=4.0 (mu_rec=8 mu_bwd=4) | grad=1.308 | tok/s=22,392 | tokens=2.58B
step= 78780 | loss=2.9911 | lr=3.00e-04 | wd=0.0484 | mom=0.9500 | T=5.5 k=3.5 (mu_rec=8 mu_bwd=4) | grad=1.186 | tok/s=9,946 | tokens=2.58B
step= 78790 | loss=3.2642 | lr=3.00e-04 | wd=0.0484 | mom=0.9500 | T=8.2 k=3.8 (mu_rec=8 mu_bwd=4) | grad=1.167 | tok/s=22,848 | tokens=2.58B
step= 78800 | loss=3.2731 | lr=3.00e-04 | wd=0.0484 | mom=0.9500 | T=6.2 k=2.8 (mu_rec=8 mu_bwd=4) | grad=0.979 | tok/s=23,984 | tokens=2.58B
step= 78810 | loss=3.2388 | lr=3.00e-04 | wd=0.0484 | mom=0.9500 | T=7.5 k=4.0 (mu_rec=8 mu_bwd=4) | grad=1.172 | tok/s=22,550 | tokens=2.58B
step= 78820 | loss=3.1620 | lr=3.00e-04 | wd=0.0483 | mom=0.9500 | T=8.2 k=4.0 (mu_rec=8 mu_bwd=4) | grad=0.930 | tok/s=23,365 | tokens=2.58B
step= 78830 | loss=3.0818 | lr=3.00e-04 | wd=0.0483 | mom=0.9500 | T=8.8 k=3.8 (mu_rec=8 mu_bwd=4) | grad=1.108 | tok/s=23,109 | tokens=2.58B
step= 78840 | loss=3.1615 | lr=3.00e-04 | wd=0.0483 | mom=0.9500 | T=9.0 k=4.0 (mu_rec=8 mu_bwd=4) | grad=1.349 | tok/s=22,623 | tokens=2.58B
step= 78850 | loss=2.8921 | lr=3.00e-04 | wd=0.0483 | mom=0.9500 | T=7.8 k=4.0 (mu_rec=8 mu_bwd=4) | grad=1.051 | tok/s=9,121 | tokens=2.58B
step= 78860 | loss=3.2212 | lr=3.00e-04 | wd=0.0483 | mom=0.9500 | T=8.5 k=3.8 (mu_rec=8 mu_bwd=4) | grad=1.873 | tok/s=24,030 | tokens=2.58B
step= 78870 | loss=3.1527 | lr=3.00e-04 | wd=0.0483 | mom=0.9500 | T=7.5 k=4.0 (mu_rec=8 mu_bwd=4) | grad=0.909 | tok/s=24,197 | tokens=2.58B
step= 78880 | loss=3.0774 | lr=3.00e-04 | wd=0.0483 | mom=0.9500 | T=5.8 k=3.2 (mu_rec=8 mu_bwd=4) | grad=0.945 | tok/s=23,051 | tokens=2.58B
step= 78890 | loss=3.3659 | lr=3.00e-04 | wd=0.0483 | mom=0.9500 | T=9.8 k=3.2 (mu_rec=8 mu_bwd=4) | grad=4.023 | tok/s=24,321 | tokens=2.59B
step= 78900 | loss=3.4469 | lr=3.00e-04 | wd=0.0483 | mom=0.9500 | T=13.5 k=4.0 (mu_rec=8 mu_bwd=4) | grad=1.499 | tok/s=23,116 | tokens=2.59B
step= 78910 | loss=3.1466 | lr=3.00e-04 | wd=0.0483 | mom=0.9500 | T=6.8 k=3.8 (mu_rec=8 mu_bwd=4) | grad=0.950 | tok/s=22,391 | tokens=2.59B
step= 78920 | loss=3.1186 | lr=3.00e-04 | wd=0.0483 | mom=0.9500 | T=4.5 k=3.0 (mu_rec=8 mu_bwd=4) | grad=1.694 | tok/s=23,831 | tokens=2.59B
step= 78930 | loss=3.2498 | lr=3.00e-04 | wd=0.0483 | mom=0.9500 | T=8.2 k=4.0 (mu_rec=8 mu_bwd=4) | grad=1.508 | tok/s=24,080 | tokens=2.59B
step= 78940 | loss=2.7014 | lr=3.00e-04 | wd=0.0483 | mom=0.9500 | T=6.5 k=3.5 (mu_rec=8 mu_bwd=4) | grad=2.429 | tok/s=24,181 | tokens=2.59B
step= 78950 | loss=3.2026 | lr=3.00e-04 | wd=0.0483 | mom=0.9500 | T=8.5 k=3.8 (mu_rec=8 mu_bwd=4) | grad=1.279 | tok/s=22,631 | tokens=2.59B
step= 78960 | loss=3.4583 | lr=3.00e-04 | wd=0.0483 | mom=0.9500 | T=9.8 k=3.8 (mu_rec=8 mu_bwd=4) | grad=1.839 | tok/s=24,350 | tokens=2.59B
step= 78970 | loss=3.1947 | lr=3.00e-04 | wd=0.0482 | mom=0.9500 | T=5.5 k=3.8 (mu_rec=8 mu_bwd=4) | grad=1.190 | tok/s=25,361 | tokens=2.59B
step= 78980 | loss=3.1089 | lr=3.00e-04 | wd=0.0482 | mom=0.9500 | T=5.8 k=3.2 (mu_rec=8 mu_bwd=4) | grad=0.966 | tok/s=23,580 | tokens=2.59B
step= 78990 | loss=3.3787 | lr=3.00e-04 | wd=0.0482 | mom=0.9500 | T=6.2 k=3.5 (mu_rec=8 mu_bwd=4) | grad=0.910 | tok/s=22,673 | tokens=2.59B
step= 79000 | loss=3.5550 | lr=3.00e-04 | wd=0.0482 | mom=0.9500 | T=17.0 k=4.0 (mu_rec=8 mu_bwd=4) | grad=1.564 | tok/s=21,925 | tokens=2.59B
step= 79010 | loss=3.3794 | lr=3.00e-04 | wd=0.0482 | mom=0.9500 | T=13.5 k=4.0 (mu_rec=8 mu_bwd=4) | grad=1.631 | tok/s=22,319 | tokens=2.59B
step= 79020 | loss=3.3447 | lr=3.00e-04 | wd=0.0482 | mom=0.9500 | T=9.2 k=3.5 (mu_rec=8 mu_bwd=4) | grad=1.052 | tok/s=22,776 | tokens=2.59B
step= 79030 | loss=3.3298 | lr=3.00e-04 | wd=0.0482 | mom=0.9500 | T=11.8 k=2.8 (mu_rec=8 mu_bwd=4) | grad=1.580 | tok/s=24,919 | tokens=2.59B
step= 79040 | loss=3.4549 | lr=3.00e-04 | wd=0.0482 | mom=0.9500 | T=7.0 k=3.0 (mu_rec=8 mu_bwd=4) | grad=1.225 | tok/s=22,977 | tokens=2.59B
step= 79050 | loss=3.2360 | lr=3.00e-04 | wd=0.0482 | mom=0.9500 | T=6.2 k=3.8 (mu_rec=8 mu_bwd=4) | grad=0.956 | tok/s=25,307 | tokens=2.59B
step= 79060 | loss=2.9281 | lr=3.00e-04 | wd=0.0482 | mom=0.9500 | T=6.2 k=3.8 (mu_rec=8 mu_bwd=4) | grad=1.744 | tok/s=23,788 | tokens=2.59B
step= 79070 | loss=2.9157 | lr=3.00e-04 | wd=0.0482 | mom=0.9500 | T=8.5 k=3.5 (mu_rec=8 mu_bwd=4) | grad=0.940 | tok/s=24,009 | tokens=2.59B
step= 79080 | loss=3.1985 | lr=3.00e-04 | wd=0.0482 | mom=0.9500 | T=6.2 k=3.5 (mu_rec=8 mu_bwd=4) | grad=1.078 | tok/s=24,517 | tokens=2.59B
step= 79090 | loss=3.0556 | lr=3.00e-04 | wd=0.0482 | mom=0.9500 | T=7.8 k=3.8 (mu_rec=8 mu_bwd=4) | grad=1.170 | tok/s=23,733 | tokens=2.59B
step= 79100 | loss=4.2229 | lr=3.00e-04 | wd=0.0482 | mom=0.9500 | T=5.8 k=4.0 (mu_rec=8 mu_bwd=4) | grad=3.505 | tok/s=24,691 | tokens=2.59B
step= 79110 | loss=3.7248 | lr=3.00e-04 | wd=0.0482 | mom=0.9500 | T=5.8 k=4.0 (mu_rec=8 mu_bwd=4) | grad=0.930 | tok/s=24,310 | tokens=2.59B
step= 79120 | loss=3.4681 | lr=3.00e-04 | wd=0.0481 | mom=0.9500 | T=8.5 k=3.8 (mu_rec=8 mu_bwd=4) | grad=1.024 | tok/s=22,792 | tokens=2.59B
step= 79130 | loss=3.4692 | lr=3.00e-04 | wd=0.0481 | mom=0.9500 | T=9.2 k=4.0 (mu_rec=8 mu_bwd=4) | grad=2.794 | tok/s=22,819 | tokens=2.59B
step= 79140 | loss=3.6852 | lr=3.00e-04 | wd=0.0481 | mom=0.9500 | T=7.8 k=4.0 (mu_rec=8 mu_bwd=4) | grad=3.231 | tok/s=22,516 | tokens=2.59B
step= 79150 | loss=3.5023 | lr=3.00e-04 | wd=0.0481 | mom=0.9500 | T=6.5 k=3.2 (mu_rec=8 mu_bwd=4) | grad=2.567 | tok/s=24,443 | tokens=2.59B
step= 79160 | loss=3.5464 | lr=3.00e-04 | wd=0.0481 | mom=0.9500 | T=11.5 k=3.2 (mu_rec=8 mu_bwd=4) | grad=3.023 | tok/s=23,055 | tokens=2.59B
step= 79170 | loss=3.7631 | lr=3.00e-04 | wd=0.0481 | mom=0.9500 | T=5.0 k=3.8 (mu_rec=8 mu_bwd=4) | grad=2.050 | tok/s=23,614 | tokens=2.59B
step= 79180 | loss=3.7309 | lr=3.00e-04 | wd=0.0481 | mom=0.9500 | T=4.8 k=3.0 (mu_rec=8 mu_bwd=4) | grad=3.850 | tok/s=25,315 | tokens=2.59B
step= 79190 | loss=3.3865 | lr=3.00e-04 | wd=0.0481 | mom=0.9500 | T=11.8 k=3.8 (mu_rec=8 mu_bwd=4) | grad=0.980 | tok/s=22,762 | tokens=2.59B
step= 79200 | loss=3.5324 | lr=3.00e-04 | wd=0.0481 | mom=0.9500 | T=9.2 k=4.0 (mu_rec=8 mu_bwd=4) | grad=1.537 | tok/s=23,274 | tokens=2.60B
step= 79210 | loss=3.2515 | lr=3.00e-04 | wd=0.0481 | mom=0.9500 | T=7.2 k=3.5 (mu_rec=8 mu_bwd=4) | grad=1.485 | tok/s=21,696 | tokens=2.60B
step= 79220 | loss=3.0881 | lr=3.00e-04 | wd=0.0481 | mom=0.9500 | T=5.8 k=2.8 (mu_rec=8 mu_bwd=4) | grad=11.497 | tok/s=24,294 | tokens=2.60B
step= 79230 | loss=3.1464 | lr=3.00e-04 | wd=0.0481 | mom=0.9500 | T=7.0 k=3.5 (mu_rec=8 mu_bwd=4) | grad=1.458 | tok/s=22,774 | tokens=2.60B
step= 79240 | loss=3.2544 | lr=3.00e-04 | wd=0.0481 | mom=0.9500 | T=9.0 k=4.0 (mu_rec=8 mu_bwd=4) | grad=2.454 | tok/s=22,646 | tokens=2.60B
step= 79250 | loss=3.2412 | lr=3.00e-04 | wd=0.0481 | mom=0.9500 | T=8.5 k=3.8 (mu_rec=8 mu_bwd=4) | grad=0.958 | tok/s=23,037 | tokens=2.60B
step= 79260 | loss=3.1022 | lr=3.00e-04 | wd=0.0481 | mom=0.9500 | T=6.0 k=4.0 (mu_rec=8 mu_bwd=4) | grad=1.563 | tok/s=23,542 | tokens=2.60B
step= 79270 | loss=3.1572 | lr=3.00e-04 | wd=0.0480 | mom=0.9500 | T=8.2 k=4.0 (mu_rec=8 mu_bwd=4) | grad=0.942 | tok/s=23,908 | tokens=2.60B
step= 79280 | loss=3.2743 | lr=3.00e-04 | wd=0.0480 | mom=0.9500 | T=10.2 k=3.5 (mu_rec=8 mu_bwd=4) | grad=1.018 | tok/s=21,835 | tokens=2.60B
step= 79290 | loss=3.2315 | lr=3.00e-04 | wd=0.0480 | mom=0.9500 | T=5.8 k=3.8 (mu_rec=8 mu_bwd=4) | grad=0.983 | tok/s=24,062 | tokens=2.60B
step= 79300 | loss=3.0564 | lr=3.00e-04 | wd=0.0480 | mom=0.9500 | T=6.8 k=4.0 (mu_rec=8 mu_bwd=4) | grad=1.372 | tok/s=22,226 | tokens=2.60B
step= 79310 | loss=3.2571 | lr=3.00e-04 | wd=0.0480 | mom=0.9500 | T=5.0 k=3.0 (mu_rec=8 mu_bwd=4) | grad=1.809 | tok/s=24,401 | tokens=2.60B
step= 79320 | loss=3.0890 | lr=3.00e-04 | wd=0.0480 | mom=0.9500 | T=6.8 k=3.5 (mu_rec=8 mu_bwd=4) | grad=1.091 | tok/s=23,727 | tokens=2.60B
step= 79330 | loss=3.1578 | lr=3.00e-04 | wd=0.0480 | mom=0.9500 | T=10.2 k=4.0 (mu_rec=8 mu_bwd=4) | grad=1.060 | tok/s=25,524 | tokens=2.60B
step= 79340 | loss=3.1464 | lr=3.00e-04 | wd=0.0480 | mom=0.9500 | T=5.2 k=3.5 (mu_rec=8 mu_bwd=4) | grad=1.764 | tok/s=25,431 | tokens=2.60B
step= 79350 | loss=3.1569 | lr=3.00e-04 | wd=0.0480 | mom=0.9500 | T=5.2 k=3.5 (mu_rec=8 mu_bwd=4) | grad=0.874 | tok/s=23,402 | tokens=2.60B
step= 79360 | loss=3.1332 | lr=3.00e-04 | wd=0.0480 | mom=0.9500 | T=7.2 k=4.0 (mu_rec=8 mu_bwd=4) | grad=2.566 | tok/s=24,908 | tokens=2.60B
step= 79370 | loss=3.2955 | lr=3.00e-04 | wd=0.0480 | mom=0.9500 | T=6.5 k=4.0 (mu_rec=8 mu_bwd=4) | grad=1.623 | tok/s=22,737 | tokens=2.60B
step= 79380 | loss=3.7011 | lr=3.00e-04 | wd=0.0480 | mom=0.9500 | T=10.8 k=4.0 (mu_rec=8 mu_bwd=4) | grad=2.013 | tok/s=22,953 | tokens=2.60B
step= 79390 | loss=3.6185 | lr=3.00e-04 | wd=0.0480 | mom=0.9500 | T=8.2 k=4.0 (mu_rec=8 mu_bwd=4) | grad=1.350 | tok/s=24,485 | tokens=2.60B
step= 79400 | loss=3.2379 | lr=3.00e-04 | wd=0.0480 | mom=0.9500 | T=5.0 k=4.0 (mu_rec=8 mu_bwd=4) | grad=1.031 | tok/s=24,515 | tokens=2.60B
step= 79410 | loss=3.4687 | lr=3.00e-04 | wd=0.0480 | mom=0.9500 | T=14.5 k=4.0 (mu_rec=8 mu_bwd=4) | grad=1.103 | tok/s=23,479 | tokens=2.60B
step= 79420 | loss=3.2251 | lr=3.00e-04 | wd=0.0480 | mom=0.9500 | T=7.0 k=4.0 (mu_rec=8 mu_bwd=4) | grad=0.958 | tok/s=24,373 | tokens=2.60B
step= 79430 | loss=3.0164 | lr=3.00e-04 | wd=0.0479 | mom=0.9500 | T=8.2 k=4.0 (mu_rec=8 mu_bwd=4) | grad=1.403 | tok/s=23,175 | tokens=2.60B
step= 79440 | loss=3.1835 | lr=3.00e-04 | wd=0.0479 | mom=0.9500 | T=7.8 k=3.8 (mu_rec=8 mu_bwd=4) | grad=0.920 | tok/s=22,407 | tokens=2.60B
step= 79450 | loss=3.1241 | lr=3.00e-04 | wd=0.0479 | mom=0.9500 | T=3.2 k=3.2 (mu_rec=8 mu_bwd=4) | grad=1.198 | tok/s=25,193 | tokens=2.60B
step= 79460 | loss=3.1742 | lr=3.00e-04 | wd=0.0479 | mom=0.9500 | T=7.8 k=4.0 (mu_rec=8 mu_bwd=4) | grad=2.087 | tok/s=24,800 | tokens=2.60B
step= 79470 | loss=3.2103 | lr=3.00e-04 | wd=0.0479 | mom=0.9500 | T=5.2 k=3.2 (mu_rec=8 mu_bwd=4) | grad=1.593 | tok/s=22,099 | tokens=2.60B
step= 79480 | loss=3.0429 | lr=3.00e-04 | wd=0.0479 | mom=0.9500 | T=8.0 k=3.5 (mu_rec=8 mu_bwd=4) | grad=1.156 | tok/s=23,616 | tokens=2.60B
step= 79490 | loss=3.1615 | lr=3.00e-04 | wd=0.0479 | mom=0.9500 | T=4.2 k=2.8 (mu_rec=8 mu_bwd=4) | grad=1.144 | tok/s=24,051 | tokens=2.60B
step= 79500 | loss=2.8525 | lr=3.00e-04 | wd=0.0479 | mom=0.9500 | T=13.2 k=4.0 (mu_rec=8 mu_bwd=4) | grad=1.049 | tok/s=21,488 | tokens=2.61B
step= 79510 | loss=3.3656 | lr=3.00e-04 | wd=0.0479 | mom=0.9500 | T=11.0 k=3.2 (mu_rec=8 mu_bwd=4) | grad=1.483 | tok/s=22,975 | tokens=2.61B
step= 79520 | loss=3.3740 | lr=3.00e-04 | wd=0.0479 | mom=0.9500 | T=11.2 k=4.0 (mu_rec=8 mu_bwd=4) | grad=1.745 | tok/s=22,446 | tokens=2.61B
step= 79530 | loss=3.1195 | lr=3.00e-04 | wd=0.0479 | mom=0.9500 | T=3.8 k=3.2 (mu_rec=8 mu_bwd=4) | grad=1.075 | tok/s=25,884 | tokens=2.61B
step= 79540 | loss=3.1587 | lr=3.00e-04 | wd=0.0479 | mom=0.9500 | T=9.2 k=3.8 (mu_rec=8 mu_bwd=4) | grad=0.926 | tok/s=23,387 | tokens=2.61B
step= 79550 | loss=2.7836 | lr=3.00e-04 | wd=0.0479 | mom=0.9500 | T=6.5 k=3.5 (mu_rec=8 mu_bwd=4) | grad=0.899 | tok/s=24,108 | tokens=2.61B
step= 79560 | loss=3.1833 | lr=3.00e-04 | wd=0.0479 | mom=0.9500 | T=10.2 k=3.5 (mu_rec=8 mu_bwd=4) | grad=1.105 | tok/s=23,961 | tokens=2.61B
step= 79570 | loss=3.0359 | lr=3.00e-04 | wd=0.0479 | mom=0.9500 | T=5.5 k=3.2 (mu_rec=8 mu_bwd=4) | grad=1.448 | tok/s=22,065 | tokens=2.61B
step= 79580 | loss=3.4577 | lr=3.00e-04 | wd=0.0478 | mom=0.9500 | T=7.5 k=4.0 (mu_rec=8 mu_bwd=4) | grad=0.917 | tok/s=24,513 | tokens=2.61B
step= 79590 | loss=2.9964 | lr=3.00e-04 | wd=0.0478 | mom=0.9500 | T=4.0 k=3.2 (mu_rec=8 mu_bwd=4) | grad=1.059 | tok/s=23,078 | tokens=2.61B
step= 79600 | loss=3.3356 | lr=3.00e-04 | wd=0.0478 | mom=0.9500 | T=5.8 k=3.8 (mu_rec=8 mu_bwd=4) | grad=1.026 | tok/s=22,671 | tokens=2.61B
step= 79610 | loss=2.9711 | lr=3.00e-04 | wd=0.0478 | mom=0.9500 | T=4.0 k=3.0 (mu_rec=8 mu_bwd=4) | grad=1.130 | tok/s=24,394 | tokens=2.61B
step= 79620 | loss=3.1276 | lr=3.00e-04 | wd=0.0478 | mom=0.9500 | T=11.0 k=4.0 (mu_rec=8 mu_bwd=4) | grad=0.965 | tok/s=23,794 | tokens=2.61B
step= 79630 | loss=3.8496 | lr=3.00e-04 | wd=0.0478 | mom=0.9500 | T=4.5 k=3.5 (mu_rec=8 mu_bwd=4) | grad=1.120 | tok/s=25,713 | tokens=2.61B
step= 79640 | loss=3.0874 | lr=3.00e-04 | wd=0.0478 | mom=0.9500 | T=8.2 k=3.8 (mu_rec=8 mu_bwd=4) | grad=2.120 | tok/s=8,828 | tokens=2.61B
step= 79650 | loss=3.6391 | lr=3.00e-04 | wd=0.0478 | mom=0.9500 | T=9.8 k=4.0 (mu_rec=8 mu_bwd=4) | grad=1.399 | tok/s=23,264 | tokens=2.61B
step= 79660 | loss=3.4099 | lr=3.00e-04 | wd=0.0478 | mom=0.9500 | T=10.5 k=4.0 (mu_rec=8 mu_bwd=4) | grad=0.904 | tok/s=23,763 | tokens=2.61B
step= 79670 | loss=3.2291 | lr=3.00e-04 | wd=0.0478 | mom=0.9500 | T=6.8 k=3.8 (mu_rec=8 mu_bwd=4) | grad=0.994 | tok/s=23,051 | tokens=2.61B
step= 79680 | loss=3.3672 | lr=3.00e-04 | wd=0.0478 | mom=0.9500 | T=5.5 k=3.2 (mu_rec=8 mu_bwd=4) | grad=1.033 | tok/s=22,876 | tokens=2.61B
step= 79690 | loss=3.2711 | lr=3.00e-04 | wd=0.0478 | mom=0.9500 | T=7.0 k=4.0 (mu_rec=8 mu_bwd=4) | grad=1.190 | tok/s=22,929 | tokens=2.61B
step= 79700 | loss=3.0070 | lr=3.00e-04 | wd=0.0478 | mom=0.9500 | T=6.5 k=4.0 (mu_rec=8 mu_bwd=4) | grad=0.947 | tok/s=23,794 | tokens=2.61B
step= 79710 | loss=3.1884 | lr=3.00e-04 | wd=0.0478 | mom=0.9500 | T=6.5 k=3.2 (mu_rec=8 mu_bwd=4) | grad=1.256 | tok/s=24,542 | tokens=2.61B
step= 79720 | loss=3.1136 | lr=3.00e-04 | wd=0.0478 | mom=0.9500 | T=4.0 k=3.5 (mu_rec=8 mu_bwd=4) | grad=0.963 | tok/s=24,948 | tokens=2.61B
step= 79730 | loss=3.2725 | lr=3.00e-04 | wd=0.0477 | mom=0.9500 | T=9.5 k=3.5 (mu_rec=8 mu_bwd=4) | grad=2.633 | tok/s=23,447 | tokens=2.61B
step= 79740 | loss=3.2467 | lr=3.00e-04 | wd=0.0477 | mom=0.9500 | T=9.2 k=4.0 (mu_rec=8 mu_bwd=4) | grad=1.526 | tok/s=22,928 | tokens=2.61B
step= 79750 | loss=3.4860 | lr=3.00e-04 | wd=0.0477 | mom=0.9500 | T=8.0 k=4.0 (mu_rec=8 mu_bwd=4) | grad=1.918 | tok/s=23,162 | tokens=2.61B
step= 79760 | loss=3.0623 | lr=3.00e-04 | wd=0.0477 | mom=0.9500 | T=9.0 k=4.0 (mu_rec=8 mu_bwd=4) | grad=0.953 | tok/s=24,064 | tokens=2.61B
step= 79770 | loss=3.1996 | lr=3.00e-04 | wd=0.0477 | mom=0.9500 | T=7.0 k=3.8 (mu_rec=8 mu_bwd=4) | grad=1.277 | tok/s=25,178 | tokens=2.61B
step= 79780 | loss=3.3618 | lr=3.00e-04 | wd=0.0477 | mom=0.9500 | T=6.2 k=4.0 (mu_rec=8 mu_bwd=4) | grad=0.994 | tok/s=23,821 | tokens=2.61B
step= 79790 | loss=3.6102 | lr=3.00e-04 | wd=0.0477 | mom=0.9500 | T=4.5 k=3.2 (mu_rec=8 mu_bwd=4) | grad=1.463 | tok/s=23,217 | tokens=2.61B
step= 79800 | loss=3.3770 | lr=3.00e-04 | wd=0.0477 | mom=0.9500 | T=8.5 k=3.8 (mu_rec=8 mu_bwd=4) | grad=0.870 | tok/s=22,999 | tokens=2.61B
step= 79810 | loss=3.4216 | lr=3.00e-04 | wd=0.0477 | mom=0.9500 | T=10.5 k=3.8 (mu_rec=8 mu_bwd=4) | grad=1.122 | tok/s=23,640 | tokens=2.62B
step= 79820 | loss=3.3323 | lr=3.00e-04 | wd=0.0477 | mom=0.9500 | T=4.2 k=3.8 (mu_rec=8 mu_bwd=4) | grad=1.135 | tok/s=25,154 | tokens=2.62B
step= 79830 | loss=3.3740 | lr=3.00e-04 | wd=0.0477 | mom=0.9500 | T=6.0 k=3.5 (mu_rec=8 mu_bwd=4) | grad=1.082 | tok/s=23,313 | tokens=2.62B
step= 79840 | loss=2.9330 | lr=3.00e-04 | wd=0.0477 | mom=0.9500 | T=12.2 k=4.0 (mu_rec=8 mu_bwd=4) | grad=1.609 | tok/s=9,585 | tokens=2.62B
step= 79850 | loss=3.4071 | lr=3.00e-04 | wd=0.0477 | mom=0.9500 | T=7.5 k=3.5 (mu_rec=8 mu_bwd=4) | grad=1.240 | tok/s=21,782 | tokens=2.62B
step= 79860 | loss=3.1235 | lr=3.00e-04 | wd=0.0477 | mom=0.9500 | T=7.2 k=4.0 (mu_rec=8 mu_bwd=4) | grad=0.985 | tok/s=23,391 | tokens=2.62B
step= 79870 | loss=3.1410 | lr=3.00e-04 | wd=0.0477 | mom=0.9500 | T=6.8 k=4.0 (mu_rec=8 mu_bwd=4) | grad=1.013 | tok/s=23,075 | tokens=2.62B
step= 79880 | loss=3.3221 | lr=3.00e-04 | wd=0.0477 | mom=0.9500 | T=10.0 k=3.5 (mu_rec=8 mu_bwd=4) | grad=1.648 | tok/s=22,741 | tokens=2.62B
step= 79890 | loss=3.3087 | lr=3.00e-04 | wd=0.0476 | mom=0.9500 | T=8.5 k=3.5 (mu_rec=8 mu_bwd=4) | grad=1.520 | tok/s=23,636 | tokens=2.62B
step= 79900 | loss=3.3949 | lr=3.00e-04 | wd=0.0476 | mom=0.9500 | T=6.0 k=4.0 (mu_rec=8 mu_bwd=4) | grad=1.133 | tok/s=23,584 | tokens=2.62B
step= 79910 | loss=3.5135 | lr=3.00e-04 | wd=0.0476 | mom=0.9500 | T=7.2 k=4.0 (mu_rec=8 mu_bwd=4) | grad=1.728 | tok/s=23,444 | tokens=2.62B
step= 79920 | loss=3.2387 | lr=3.00e-04 | wd=0.0476 | mom=0.9500 | T=8.2 k=4.0 (mu_rec=8 mu_bwd=4) | grad=1.499 | tok/s=24,075 | tokens=2.62B
step= 79930 | loss=2.9605 | lr=3.00e-04 | wd=0.0476 | mom=0.9500 | T=7.0 k=4.0 (mu_rec=8 mu_bwd=4) | grad=1.203 | tok/s=24,303 | tokens=2.62B
step= 79940 | loss=3.1140 | lr=3.00e-04 | wd=0.0476 | mom=0.9500 | T=9.5 k=3.0 (mu_rec=8 mu_bwd=4) | grad=0.828 | tok/s=23,279 | tokens=2.62B
step= 79950 | loss=3.4615 | lr=3.00e-04 | wd=0.0476 | mom=0.9500 | T=7.5 k=3.8 (mu_rec=8 mu_bwd=4) | grad=1.435 | tok/s=22,892 | tokens=2.62B
step= 79960 | loss=3.3053 | lr=3.00e-04 | wd=0.0476 | mom=0.9500 | T=8.0 k=3.8 (mu_rec=8 mu_bwd=4) | grad=0.950 | tok/s=22,206 | tokens=2.62B
step= 79970 | loss=3.0749 | lr=3.00e-04 | wd=0.0476 | mom=0.9500 | T=9.2 k=3.2 (mu_rec=8 mu_bwd=4) | grad=1.026 | tok/s=24,359 | tokens=2.62B
step= 79980 | loss=3.1778 | lr=3.00e-04 | wd=0.0476 | mom=0.9500 | T=5.8 k=3.5 (mu_rec=8 mu_bwd=4) | grad=1.084 | tok/s=23,437 | tokens=2.62B
step= 79990 | loss=3.4327 | lr=3.00e-04 | wd=0.0476 | mom=0.9500 | T=8.8 k=4.0 (mu_rec=8 mu_bwd=4) | grad=1.086 | tok/s=24,442 | tokens=2.62B
step= 80000 | loss=3.1053 | lr=3.00e-04 | wd=0.0476 | mom=0.9500 | T=10.0 k=4.0 (mu_rec=8 mu_bwd=4) | grad=1.114 | tok/s=23,536 | tokens=2.62B
[step 80000] Saved -> runs/cortex-5b-k4/checkpoint_0080000
[step 80000] Pruned -> runs/cortex-5b-k4/checkpoint_0076000
step= 80010 | loss=3.3788 | lr=3.00e-04 | wd=0.0476 | mom=0.9500 | T=4.0 k=3.2 (mu_rec=8 mu_bwd=4) | grad=1.205 | tok/s=6,531 | tokens=2.62B
step= 80020 | loss=3.3112 | lr=3.00e-04 | wd=0.0476 | mom=0.9500 | T=13.8 k=4.0 (mu_rec=8 mu_bwd=4) | grad=1.274 | tok/s=22,265 | tokens=2.62B
step= 80030 | loss=3.0140 | lr=3.00e-04 | wd=0.0476 | mom=0.9500 | T=6.0 k=3.5 (mu_rec=8 mu_bwd=4) | grad=0.912 | tok/s=23,319 | tokens=2.62B
step= 80040 | loss=2.8262 | lr=3.00e-04 | wd=0.0475 | mom=0.9500 | T=6.0 k=3.2 (mu_rec=8 mu_bwd=4) | grad=1.602 | tok/s=22,428 | tokens=2.62B
step= 80050 | loss=3.0681 | lr=3.00e-04 | wd=0.0475 | mom=0.9500 | T=9.2 k=4.0 (mu_rec=8 mu_bwd=4) | grad=1.534 | tok/s=23,174 | tokens=2.62B
step= 80060 | loss=3.4618 | lr=3.00e-04 | wd=0.0475 | mom=0.9500 | T=8.8 k=4.0 (mu_rec=8 mu_bwd=4) | grad=1.181 | tok/s=22,861 | tokens=2.62B
step= 80070 | loss=2.9590 | lr=3.00e-04 | wd=0.0475 | mom=0.9500 | T=7.8 k=4.0 (mu_rec=8 mu_bwd=4) | grad=1.162 | tok/s=23,822 | tokens=2.62B
step= 80080 | loss=3.1194 | lr=3.00e-04 | wd=0.0475 | mom=0.9500 | T=5.0 k=4.0 (mu_rec=8 mu_bwd=4) | grad=1.198 | tok/s=24,238 | tokens=2.62B
step= 80090 | loss=3.3573 | lr=3.00e-04 | wd=0.0475 | mom=0.9500 | T=4.5 k=2.8 (mu_rec=8 mu_bwd=4) | grad=1.170 | tok/s=25,325 | tokens=2.62B
step= 80100 | loss=3.3530 | lr=3.00e-04 | wd=0.0475 | mom=0.9500 | T=7.5 k=3.2 (mu_rec=8 mu_bwd=4) | grad=1.459 | tok/s=23,698 | tokens=2.62B
step= 80110 | loss=3.3222 | lr=3.00e-04 | wd=0.0475 | mom=0.9500 | T=7.5 k=4.0 (mu_rec=8 mu_bwd=4) | grad=0.986 | tok/s=22,636 | tokens=2.63B
step= 80120 | loss=2.9083 | lr=3.00e-04 | wd=0.0475 | mom=0.9500 | T=5.8 k=3.0 (mu_rec=8 mu_bwd=4) | grad=1.446 | tok/s=23,998 | tokens=2.63B
step= 80130 | loss=3.4791 | lr=3.00e-04 | wd=0.0475 | mom=0.9500 | T=15.5 k=4.0 (mu_rec=8 mu_bwd=4) | grad=3.042 | tok/s=23,165 | tokens=2.63B
step= 80140 | loss=3.3312 | lr=3.00e-04 | wd=0.0475 | mom=0.9500 | T=8.8 k=3.8 (mu_rec=8 mu_bwd=4) | grad=1.650 | tok/s=24,034 | tokens=2.63B
step= 80150 | loss=3.2367 | lr=3.00e-04 | wd=0.0475 | mom=0.9500 | T=9.0 k=4.0 (mu_rec=8 mu_bwd=4) | grad=1.131 | tok/s=23,831 | tokens=2.63B
step= 80160 | loss=3.3068 | lr=3.00e-04 | wd=0.0475 | mom=0.9500 | T=5.2 k=3.2 (mu_rec=8 mu_bwd=4) | grad=1.037 | tok/s=23,578 | tokens=2.63B
step= 80170 | loss=3.2546 | lr=3.00e-04 | wd=0.0475 | mom=0.9500 | T=4.8 k=3.0 (mu_rec=8 mu_bwd=4) | grad=1.324 | tok/s=22,929 | tokens=2.63B
step= 80180 | loss=3.2727 | lr=3.00e-04 | wd=0.0475 | mom=0.9500 | T=8.8 k=4.0 (mu_rec=8 mu_bwd=4) | grad=0.931 | tok/s=22,279 | tokens=2.63B
step= 80190 | loss=2.9592 | lr=3.00e-04 | wd=0.0474 | mom=0.9500 | T=5.8 k=3.2 (mu_rec=8 mu_bwd=4) | grad=1.142 | tok/s=22,338 | tokens=2.63B
step= 80200 | loss=3.3739 | lr=3.00e-04 | wd=0.0474 | mom=0.9500 | T=9.5 k=4.0 (mu_rec=8 mu_bwd=4) | grad=1.042 | tok/s=23,551 | tokens=2.63B
step= 80210 | loss=3.4259 | lr=3.00e-04 | wd=0.0474 | mom=0.9500 | T=11.0 k=4.0 (mu_rec=8 mu_bwd=4) | grad=1.771 | tok/s=22,574 | tokens=2.63B
step= 80220 | loss=3.1460 | lr=3.00e-04 | wd=0.0474 | mom=0.9500 | T=10.0 k=4.0 (mu_rec=8 mu_bwd=4) | grad=1.044 | tok/s=23,226 | tokens=2.63B
step= 80230 | loss=3.1771 | lr=3.00e-04 | wd=0.0474 | mom=0.9500 | T=8.5 k=4.0 (mu_rec=8 mu_bwd=4) | grad=1.303 | tok/s=22,162 | tokens=2.63B
step= 80240 | loss=2.9987 | lr=3.00e-04 | wd=0.0474 | mom=0.9500 | T=14.8 k=4.0 (mu_rec=8 mu_bwd=4) | grad=0.977 | tok/s=22,224 | tokens=2.63B
step= 80250 | loss=3.3598 | lr=3.00e-04 | wd=0.0474 | mom=0.9500 | T=8.0 k=3.5 (mu_rec=8 mu_bwd=4) | grad=0.916 | tok/s=24,062 | tokens=2.63B
step= 80260 | loss=3.0935 | lr=3.00e-04 | wd=0.0474 | mom=0.9500 | T=11.2 k=4.0 (mu_rec=8 mu_bwd=4) | grad=1.070 | tok/s=21,691 | tokens=2.63B
step= 80270 | loss=3.1302 | lr=3.00e-04 | wd=0.0474 | mom=0.9500 | T=8.2 k=4.0 (mu_rec=8 mu_bwd=4) | grad=0.883 | tok/s=25,185 | tokens=2.63B
step= 80280 | loss=3.0911 | lr=3.00e-04 | wd=0.0474 | mom=0.9500 | T=8.8 k=4.0 (mu_rec=8 mu_bwd=4) | grad=0.886 | tok/s=22,108 | tokens=2.63B
step= 80290 | loss=3.0748 | lr=3.00e-04 | wd=0.0474 | mom=0.9500 | T=15.8 k=3.8 (mu_rec=8 mu_bwd=4) | grad=1.015 | tok/s=21,981 | tokens=2.63B
step= 80300 | loss=3.7072 | lr=3.00e-04 | wd=0.0474 | mom=0.9500 | T=7.2 k=3.8 (mu_rec=8 mu_bwd=4) | grad=1.325 | tok/s=23,278 | tokens=2.63B
step= 80310 | loss=3.6525 | lr=3.00e-04 | wd=0.0474 | mom=0.9500 | T=7.8 k=3.5 (mu_rec=8 mu_bwd=4) | grad=1.181 | tok/s=23,111 | tokens=2.63B
step= 80320 | loss=3.1378 | lr=3.00e-04 | wd=0.0474 | mom=0.9500 | T=9.8 k=3.8 (mu_rec=8 mu_bwd=4) | grad=1.522 | tok/s=21,693 | tokens=2.63B
step= 80330 | loss=3.0975 | lr=3.00e-04 | wd=0.0474 | mom=0.9500 | T=12.0 k=4.0 (mu_rec=8 mu_bwd=4) | grad=2.921 | tok/s=21,172 | tokens=2.63B
step= 80340 | loss=3.3874 | lr=3.00e-04 | wd=0.0473 | mom=0.9500 | T=6.0 k=4.0 (mu_rec=8 mu_bwd=4) | grad=1.396 | tok/s=22,951 | tokens=2.63B
step= 80350 | loss=3.1584 | lr=3.00e-04 | wd=0.0473 | mom=0.9500 | T=9.2 k=3.5 (mu_rec=8 mu_bwd=4) | grad=1.254 | tok/s=23,801 | tokens=2.63B
step= 80360 | loss=3.3671 | lr=3.00e-04 | wd=0.0473 | mom=0.9500 | T=5.2 k=3.5 (mu_rec=8 mu_bwd=4) | grad=1.010 | tok/s=23,314 | tokens=2.63B
step= 80370 | loss=3.0448 | lr=3.00e-04 | wd=0.0473 | mom=0.9500 | T=13.2 k=4.0 (mu_rec=8 mu_bwd=4) | grad=1.012 | tok/s=23,611 | tokens=2.63B
step= 80380 | loss=3.1412 | lr=3.00e-04 | wd=0.0473 | mom=0.9500 | T=9.2 k=4.0 (mu_rec=8 mu_bwd=4) | grad=1.958 | tok/s=23,320 | tokens=2.63B
step= 80390 | loss=3.5402 | lr=3.00e-04 | wd=0.0473 | mom=0.9500 | T=6.5 k=3.5 (mu_rec=8 mu_bwd=4) | grad=1.556 | tok/s=23,950 | tokens=2.63B
step= 80400 | loss=3.3692 | lr=3.00e-04 | wd=0.0473 | mom=0.9500 | T=7.2 k=4.0 (mu_rec=8 mu_bwd=4) | grad=0.966 | tok/s=22,715 | tokens=2.63B
step= 80410 | loss=3.0308 | lr=3.00e-04 | wd=0.0473 | mom=0.9500 | T=12.5 k=4.0 (mu_rec=8 mu_bwd=4) | grad=1.236 | tok/s=23,818 | tokens=2.63B
step= 80420 | loss=3.2845 | lr=3.00e-04 | wd=0.0473 | mom=0.9500 | T=8.2 k=3.8 (mu_rec=8 mu_bwd=4) | grad=0.969 | tok/s=24,113 | tokens=2.64B
step= 80430 | loss=2.8449 | lr=3.00e-04 | wd=0.0473 | mom=0.9500 | T=5.5 k=3.8 (mu_rec=8 mu_bwd=4) | grad=1.256 | tok/s=22,073 | tokens=2.64B
step= 80440 | loss=3.2961 | lr=3.00e-04 | wd=0.0473 | mom=0.9500 | T=5.8 k=4.0 (mu_rec=8 mu_bwd=4) | grad=1.316 | tok/s=23,200 | tokens=2.64B
step= 80450 | loss=3.1351 | lr=3.00e-04 | wd=0.0473 | mom=0.9500 | T=7.0 k=4.0 (mu_rec=8 mu_bwd=4) | grad=1.396 | tok/s=22,756 | tokens=2.64B
step= 80460 | loss=3.1420 | lr=3.00e-04 | wd=0.0473 | mom=0.9500 | T=9.8 k=4.0 (mu_rec=8 mu_bwd=4) | grad=3.176 | tok/s=23,276 | tokens=2.64B
step= 80470 | loss=3.1025 | lr=3.00e-04 | wd=0.0473 | mom=0.9500 | T=10.0 k=4.0 (mu_rec=8 mu_bwd=4) | grad=1.222 | tok/s=23,012 | tokens=2.64B
step= 80480 | loss=3.1417 | lr=3.00e-04 | wd=0.0473 | mom=0.9500 | T=8.2 k=3.5 (mu_rec=8 mu_bwd=4) | grad=1.015 | tok/s=25,567 | tokens=2.64B
step= 80490 | loss=3.0140 | lr=3.00e-04 | wd=0.0473 | mom=0.9500 | T=9.8 k=4.0 (mu_rec=8 mu_bwd=4) | grad=1.918 | tok/s=21,654 | tokens=2.64B
step= 80500 | loss=3.0389 | lr=3.00e-04 | wd=0.0472 | mom=0.9500 | T=11.8 k=4.0 (mu_rec=8 mu_bwd=4) | grad=1.871 | tok/s=24,596 | tokens=2.64B
step= 80510 | loss=3.4483 | lr=3.00e-04 | wd=0.0472 | mom=0.9500 | T=10.0 k=3.5 (mu_rec=8 mu_bwd=4) | grad=1.795 | tok/s=23,433 | tokens=2.64B
step= 80520 | loss=3.3686 | lr=3.00e-04 | wd=0.0472 | mom=0.9500 | T=13.2 k=4.0 (mu_rec=8 mu_bwd=4) | grad=0.877 | tok/s=24,393 | tokens=2.64B
step= 80530 | loss=3.0044 | lr=3.00e-04 | wd=0.0472 | mom=0.9500 | T=5.2 k=2.8 (mu_rec=8 mu_bwd=4) | grad=1.394 | tok/s=24,709 | tokens=2.64B
step= 80540 | loss=3.2387 | lr=3.00e-04 | wd=0.0472 | mom=0.9500 | T=7.0 k=4.0 (mu_rec=8 mu_bwd=4) | grad=0.948 | tok/s=22,168 | tokens=2.64B
step= 80550 | loss=3.2567 | lr=3.00e-04 | wd=0.0472 | mom=0.9500 | T=9.8 k=4.0 (mu_rec=8 mu_bwd=4) | grad=1.028 | tok/s=22,526 | tokens=2.64B
step= 80560 | loss=3.4228 | lr=3.00e-04 | wd=0.0472 | mom=0.9500 | T=5.0 k=3.2 (mu_rec=8 mu_bwd=4) | grad=0.899 | tok/s=22,926 | tokens=2.64B
step= 80570 | loss=3.1789 | lr=3.00e-04 | wd=0.0472 | mom=0.9500 | T=7.5 k=4.0 (mu_rec=8 mu_bwd=4) | grad=0.915 | tok/s=22,599 | tokens=2.64B
step= 80580 | loss=2.9935 | lr=3.00e-04 | wd=0.0472 | mom=0.9500 | T=5.0 k=2.8 (mu_rec=8 mu_bwd=4) | grad=1.469 | tok/s=22,331 | tokens=2.64B
step= 80590 | loss=3.4485 | lr=3.00e-04 | wd=0.0472 | mom=0.9500 | T=8.5 k=3.8 (mu_rec=8 mu_bwd=4) | grad=0.865 | tok/s=22,358 | tokens=2.64B
step= 80600 | loss=3.0774 | lr=3.00e-04 | wd=0.0472 | mom=0.9500 | T=7.5 k=4.0 (mu_rec=8 mu_bwd=4) | grad=1.758 | tok/s=22,622 | tokens=2.64B
step= 80610 | loss=3.1898 | lr=3.00e-04 | wd=0.0472 | mom=0.9500 | T=6.5 k=2.8 (mu_rec=8 mu_bwd=4) | grad=1.080 | tok/s=24,010 | tokens=2.64B
step= 80620 | loss=3.1109 | lr=3.00e-04 | wd=0.0472 | mom=0.9500 | T=7.2 k=4.0 (mu_rec=8 mu_bwd=4) | grad=0.919 | tok/s=11,282 | tokens=2.64B
step= 80630 | loss=2.9739 | lr=3.00e-04 | wd=0.0472 | mom=0.9500 | T=7.2 k=4.0 (mu_rec=8 mu_bwd=4) | grad=1.596 | tok/s=23,807 | tokens=2.64B
step= 80640 | loss=3.2246 | lr=3.00e-04 | wd=0.0472 | mom=0.9500 | T=10.5 k=4.0 (mu_rec=8 mu_bwd=4) | grad=1.194 | tok/s=25,161 | tokens=2.64B
step= 80650 | loss=3.1966 | lr=3.00e-04 | wd=0.0471 | mom=0.9500 | T=15.0 k=3.5 (mu_rec=8 mu_bwd=4) | grad=1.287 | tok/s=22,418 | tokens=2.64B
step= 80660 | loss=3.0576 | lr=3.00e-04 | wd=0.0471 | mom=0.9500 | T=6.2 k=3.8 (mu_rec=8 mu_bwd=4) | grad=1.679 | tok/s=21,971 | tokens=2.64B
step= 80670 | loss=3.0579 | lr=3.00e-04 | wd=0.0471 | mom=0.9500 | T=7.8 k=3.5 (mu_rec=8 mu_bwd=4) | grad=1.047 | tok/s=25,879 | tokens=2.64B
step= 80680 | loss=3.3869 | lr=3.00e-04 | wd=0.0471 | mom=0.9500 | T=5.8 k=3.8 (mu_rec=8 mu_bwd=4) | grad=1.037 | tok/s=23,723 | tokens=2.64B
step= 80690 | loss=3.2335 | lr=3.00e-04 | wd=0.0471 | mom=0.9500 | T=6.2 k=3.5 (mu_rec=8 mu_bwd=4) | grad=0.977 | tok/s=10,269 | tokens=2.64B
step= 80700 | loss=2.9343 | lr=3.00e-04 | wd=0.0471 | mom=0.9500 | T=7.0 k=3.8 (mu_rec=8 mu_bwd=4) | grad=1.433 | tok/s=22,825 | tokens=2.64B
step= 80710 | loss=3.1458 | lr=3.00e-04 | wd=0.0471 | mom=0.9500 | T=10.0 k=4.0 (mu_rec=8 mu_bwd=4) | grad=1.266 | tok/s=25,051 | tokens=2.64B
step= 80720 | loss=2.9471 | lr=3.00e-04 | wd=0.0471 | mom=0.9500 | T=6.2 k=3.2 (mu_rec=8 mu_bwd=4) | grad=1.430 | tok/s=23,774 | tokens=2.65B
step= 80730 | loss=3.1498 | lr=3.00e-04 | wd=0.0471 | mom=0.9500 | T=6.8 k=3.5 (mu_rec=8 mu_bwd=4) | grad=1.690 | tok/s=23,518 | tokens=2.65B
step= 80740 | loss=3.2710 | lr=3.00e-04 | wd=0.0471 | mom=0.9500 | T=5.0 k=3.2 (mu_rec=8 mu_bwd=4) | grad=1.170 | tok/s=23,748 | tokens=2.65B
step= 80750 | loss=3.1158 | lr=3.00e-04 | wd=0.0471 | mom=0.9500 | T=7.2 k=4.0 (mu_rec=8 mu_bwd=4) | grad=0.830 | tok/s=23,900 | tokens=2.65B
step= 80760 | loss=3.4288 | lr=3.00e-04 | wd=0.0471 | mom=0.9500 | T=5.5 k=3.5 (mu_rec=8 mu_bwd=4) | grad=1.575 | tok/s=24,305 | tokens=2.65B
step= 80770 | loss=3.3269 | lr=3.00e-04 | wd=0.0471 | mom=0.9500 | T=6.5 k=3.5 (mu_rec=8 mu_bwd=4) | grad=0.947 | tok/s=21,796 | tokens=2.65B
step= 80780 | loss=3.2403 | lr=3.00e-04 | wd=0.0471 | mom=0.9500 | T=6.8 k=4.0 (mu_rec=8 mu_bwd=4) | grad=1.001 | tok/s=22,935 | tokens=2.65B
step= 80790 | loss=3.3442 | lr=3.00e-04 | wd=0.0471 | mom=0.9500 | T=8.0 k=4.0 (mu_rec=8 mu_bwd=4) | grad=0.916 | tok/s=28,153 | tokens=2.65B
step= 80800 | loss=3.2245 | lr=3.00e-04 | wd=0.0470 | mom=0.9500 | T=7.2 k=3.8 (mu_rec=8 mu_bwd=4) | grad=1.067 | tok/s=24,898 | tokens=2.65B
step= 80810 | loss=3.3509 | lr=3.00e-04 | wd=0.0470 | mom=0.9500 | T=4.5 k=3.2 (mu_rec=8 mu_bwd=4) | grad=1.394 | tok/s=24,512 | tokens=2.65B
step= 80820 | loss=3.0451 | lr=3.00e-04 | wd=0.0470 | mom=0.9500 | T=7.8 k=4.0 (mu_rec=8 mu_bwd=4) | grad=1.026 | tok/s=23,439 | tokens=2.65B
step= 80830 | loss=2.9318 | lr=3.00e-04 | wd=0.0470 | mom=0.9500 | T=10.2 k=4.0 (mu_rec=8 mu_bwd=4) | grad=1.174 | tok/s=24,103 | tokens=2.65B
step= 80840 | loss=3.2769 | lr=3.00e-04 | wd=0.0470 | mom=0.9500 | T=10.2 k=4.0 (mu_rec=8 mu_bwd=4) | grad=1.126 | tok/s=25,302 | tokens=2.65B
step= 80850 | loss=3.2477 | lr=3.00e-04 | wd=0.0470 | mom=0.9500 | T=8.0 k=4.0 (mu_rec=8 mu_bwd=4) | grad=1.051 | tok/s=23,740 | tokens=2.65B
step= 80860 | loss=2.8840 | lr=3.00e-04 | wd=0.0470 | mom=0.9500 | T=7.8 k=4.0 (mu_rec=8 mu_bwd=4) | grad=1.255 | tok/s=23,771 | tokens=2.65B
step= 80870 | loss=2.9922 | lr=3.00e-04 | wd=0.0470 | mom=0.9500 | T=8.5 k=4.0 (mu_rec=8 mu_bwd=4) | grad=1.712 | tok/s=25,156 | tokens=2.65B
step= 80880 | loss=3.2780 | lr=3.00e-04 | wd=0.0470 | mom=0.9500 | T=10.0 k=4.0 (mu_rec=8 mu_bwd=4) | grad=2.710 | tok/s=22,051 | tokens=2.65B
step= 80890 | loss=3.1309 | lr=3.00e-04 | wd=0.0470 | mom=0.9500 | T=10.0 k=4.0 (mu_rec=8 mu_bwd=4) | grad=0.989 | tok/s=22,580 | tokens=2.65B
step= 80900 | loss=2.9062 | lr=3.00e-04 | wd=0.0470 | mom=0.9500 | T=6.2 k=3.8 (mu_rec=8 mu_bwd=4) | grad=1.055 | tok/s=25,787 | tokens=2.65B
step= 80910 | loss=3.3623 | lr=3.00e-04 | wd=0.0470 | mom=0.9500 | T=7.8 k=3.2 (mu_rec=8 mu_bwd=4) | grad=1.020 | tok/s=23,274 | tokens=2.65B
step= 80920 | loss=3.1788 | lr=3.00e-04 | wd=0.0470 | mom=0.9500 | T=9.0 k=4.0 (mu_rec=8 mu_bwd=4) | grad=1.015 | tok/s=24,639 | tokens=2.65B
step= 80930 | loss=2.8637 | lr=3.00e-04 | wd=0.0470 | mom=0.9500 | T=4.0 k=2.5 (mu_rec=8 mu_bwd=4) | grad=1.013 | tok/s=25,264 | tokens=2.65B
step= 80940 | loss=3.2639 | lr=3.00e-04 | wd=0.0470 | mom=0.9500 | T=6.0 k=3.0 (mu_rec=8 mu_bwd=4) | grad=0.871 | tok/s=23,952 | tokens=2.65B
step= 80950 | loss=3.3389 | lr=3.00e-04 | wd=0.0469 | mom=0.9500 | T=9.0 k=4.0 (mu_rec=8 mu_bwd=4) | grad=1.113 | tok/s=23,260 | tokens=2.65B
step= 80960 | loss=2.9897 | lr=3.00e-04 | wd=0.0469 | mom=0.9500 | T=8.0 k=4.0 (mu_rec=8 mu_bwd=4) | grad=1.145 | tok/s=23,657 | tokens=2.65B
step= 80970 | loss=3.0845 | lr=3.00e-04 | wd=0.0469 | mom=0.9500 | T=4.5 k=3.8 (mu_rec=8 mu_bwd=4) | grad=1.543 | tok/s=25,869 | tokens=2.65B
step= 80980 | loss=3.5238 | lr=3.00e-04 | wd=0.0469 | mom=0.9500 | T=5.8 k=4.0 (mu_rec=8 mu_bwd=4) | grad=1.187 | tok/s=27,123 | tokens=2.65B
step= 80990 | loss=3.3117 | lr=3.00e-04 | wd=0.0469 | mom=0.9500 | T=8.2 k=4.0 (mu_rec=8 mu_bwd=4) | grad=1.567 | tok/s=22,660 | tokens=2.65B
step= 81000 | loss=3.1353 | lr=3.00e-04 | wd=0.0469 | mom=0.9500 | T=8.2 k=4.0 (mu_rec=8 mu_bwd=4) | grad=0.934 | tok/s=23,378 | tokens=2.65B
step= 81010 | loss=3.3505 | lr=3.00e-04 | wd=0.0469 | mom=0.9500 | T=5.0 k=3.2 (mu_rec=8 mu_bwd=4) | grad=1.060 | tok/s=22,892 | tokens=2.65B
step= 81020 | loss=2.8573 | lr=3.00e-04 | wd=0.0469 | mom=0.9500 | T=11.5 k=4.0 (mu_rec=8 mu_bwd=4) | grad=0.883 | tok/s=21,758 | tokens=2.65B
step= 81030 | loss=3.1742 | lr=3.00e-04 | wd=0.0469 | mom=0.9500 | T=8.8 k=4.0 (mu_rec=8 mu_bwd=4) | grad=0.920 | tok/s=22,005 | tokens=2.66B
step= 81040 | loss=3.0596 | lr=3.00e-04 | wd=0.0469 | mom=0.9500 | T=12.2 k=3.8 (mu_rec=8 mu_bwd=4) | grad=1.113 | tok/s=22,824 | tokens=2.66B
step= 81050 | loss=3.4961 | lr=3.00e-04 | wd=0.0469 | mom=0.9500 | T=12.8 k=4.0 (mu_rec=8 mu_bwd=4) | grad=1.484 | tok/s=23,338 | tokens=2.66B
step= 81060 | loss=3.3716 | lr=3.00e-04 | wd=0.0469 | mom=0.9500 | T=10.2 k=4.0 (mu_rec=8 mu_bwd=4) | grad=1.255 | tok/s=23,151 | tokens=2.66B
step= 81070 | loss=3.2180 | lr=3.00e-04 | wd=0.0469 | mom=0.9500 | T=7.0 k=3.8 (mu_rec=8 mu_bwd=4) | grad=1.071 | tok/s=24,282 | tokens=2.66B
step= 81080 | loss=3.4137 | lr=3.00e-04 | wd=0.0469 | mom=0.9500 | T=6.5 k=3.8 (mu_rec=8 mu_bwd=4) | grad=1.183 | tok/s=22,878 | tokens=2.66B
step= 81090 | loss=3.1860 | lr=3.00e-04 | wd=0.0469 | mom=0.9500 | T=6.0 k=4.0 (mu_rec=8 mu_bwd=4) | grad=1.533 | tok/s=22,736 | tokens=2.66B
step= 81100 | loss=2.9104 | lr=3.00e-04 | wd=0.0469 | mom=0.9500 | T=6.5 k=3.5 (mu_rec=8 mu_bwd=4) | grad=1.380 | tok/s=23,838 | tokens=2.66B
step= 81110 | loss=3.0192 | lr=3.00e-04 | wd=0.0468 | mom=0.9500 | T=7.8 k=3.8 (mu_rec=8 mu_bwd=4) | grad=1.460 | tok/s=22,686 | tokens=2.66B
step= 81120 | loss=3.1213 | lr=3.00e-04 | wd=0.0468 | mom=0.9500 | T=4.0 k=2.2 (mu_rec=8 mu_bwd=4) | grad=1.151 | tok/s=24,542 | tokens=2.66B
step= 81130 | loss=3.3138 | lr=3.00e-04 | wd=0.0468 | mom=0.9500 | T=7.5 k=4.0 (mu_rec=8 mu_bwd=4) | grad=1.417 | tok/s=24,380 | tokens=2.66B
step= 81140 | loss=3.1228 | lr=3.00e-04 | wd=0.0468 | mom=0.9500 | T=6.0 k=4.0 (mu_rec=8 mu_bwd=4) | grad=1.504 | tok/s=24,139 | tokens=2.66B
step= 81150 | loss=2.9674 | lr=3.00e-04 | wd=0.0468 | mom=0.9500 | T=3.8 k=3.0 (mu_rec=8 mu_bwd=4) | grad=0.941 | tok/s=25,244 | tokens=2.66B
step= 81160 | loss=3.1694 | lr=3.00e-04 | wd=0.0468 | mom=0.9500 | T=6.0 k=3.8 (mu_rec=8 mu_bwd=4) | grad=1.177 | tok/s=23,836 | tokens=2.66B
step= 81170 | loss=3.0526 | lr=3.00e-04 | wd=0.0468 | mom=0.9500 | T=6.5 k=4.0 (mu_rec=8 mu_bwd=4) | grad=1.472 | tok/s=24,460 | tokens=2.66B
step= 81180 | loss=2.6540 | lr=3.00e-04 | wd=0.0468 | mom=0.9500 | T=5.5 k=3.8 (mu_rec=8 mu_bwd=4) | grad=3.902 | tok/s=24,272 | tokens=2.66B
step= 81190 | loss=2.7699 | lr=3.00e-04 | wd=0.0468 | mom=0.9500 | T=5.2 k=3.8 (mu_rec=8 mu_bwd=4) | grad=1.844 | tok/s=24,005 | tokens=2.66B
step= 81200 | loss=3.0688 | lr=3.00e-04 | wd=0.0468 | mom=0.9500 | T=9.0 k=3.5 (mu_rec=8 mu_bwd=4) | grad=1.582 | tok/s=24,511 | tokens=2.66B
step= 81210 | loss=3.2949 | lr=3.00e-04 | wd=0.0468 | mom=0.9500 | T=6.5 k=3.8 (mu_rec=8 mu_bwd=4) | grad=1.057 | tok/s=23,431 | tokens=2.66B
step= 81220 | loss=3.2630 | lr=3.00e-04 | wd=0.0468 | mom=0.9500 | T=15.0 k=4.0 (mu_rec=8 mu_bwd=4) | grad=1.192 | tok/s=22,859 | tokens=2.66B
step= 81230 | loss=3.1814 | lr=3.00e-04 | wd=0.0468 | mom=0.9500 | T=9.5 k=3.8 (mu_rec=8 mu_bwd=4) | grad=1.368 | tok/s=23,315 | tokens=2.66B
step= 81240 | loss=3.2111 | lr=3.00e-04 | wd=0.0468 | mom=0.9500 | T=6.0 k=3.2 (mu_rec=8 mu_bwd=4) | grad=1.017 | tok/s=24,177 | tokens=2.66B
step= 81250 | loss=2.8759 | lr=3.00e-04 | wd=0.0468 | mom=0.9500 | T=5.2 k=3.5 (mu_rec=8 mu_bwd=4) | grad=1.255 | tok/s=24,704 | tokens=2.66B
step= 81260 | loss=3.2460 | lr=3.00e-04 | wd=0.0467 | mom=0.9500 | T=11.2 k=3.0 (mu_rec=8 mu_bwd=4) | grad=1.010 | tok/s=23,651 | tokens=2.66B
step= 81270 | loss=3.2983 | lr=3.00e-04 | wd=0.0467 | mom=0.9500 | T=11.0 k=4.0 (mu_rec=8 mu_bwd=4) | grad=1.638 | tok/s=23,553 | tokens=2.66B
step= 81280 | loss=3.0993 | lr=3.00e-04 | wd=0.0467 | mom=0.9500 | T=6.0 k=3.5 (mu_rec=8 mu_bwd=4) | grad=0.854 | tok/s=24,303 | tokens=2.66B
step= 81290 | loss=3.0600 | lr=3.00e-04 | wd=0.0467 | mom=0.9500 | T=6.0 k=4.0 (mu_rec=8 mu_bwd=4) | grad=1.138 | tok/s=23,839 | tokens=2.66B
step= 81300 | loss=3.4962 | lr=3.00e-04 | wd=0.0467 | mom=0.9500 | T=10.2 k=4.0 (mu_rec=8 mu_bwd=4) | grad=1.017 | tok/s=25,076 | tokens=2.66B
step= 81310 | loss=3.1194 | lr=3.00e-04 | wd=0.0467 | mom=0.9500 | T=5.0 k=3.5 (mu_rec=8 mu_bwd=4) | grad=2.009 | tok/s=23,165 | tokens=2.66B
step= 81320 | loss=3.5142 | lr=3.00e-04 | wd=0.0467 | mom=0.9500 | T=6.8 k=4.0 (mu_rec=8 mu_bwd=4) | grad=1.167 | tok/s=24,301 | tokens=2.66B
step= 81330 | loss=3.0969 | lr=3.00e-04 | wd=0.0467 | mom=0.9500 | T=4.2 k=3.2 (mu_rec=8 mu_bwd=4) | grad=1.197 | tok/s=23,627 | tokens=2.67B
step= 81340 | loss=3.3605 | lr=3.00e-04 | wd=0.0467 | mom=0.9500 | T=5.5 k=3.8 (mu_rec=8 mu_bwd=4) | grad=1.128 | tok/s=23,967 | tokens=2.67B
step= 81350 | loss=3.1352 | lr=3.00e-04 | wd=0.0467 | mom=0.9500 | T=8.8 k=4.0 (mu_rec=8 mu_bwd=4) | grad=0.908 | tok/s=23,019 | tokens=2.67B
step= 81360 | loss=3.0655 | lr=3.00e-04 | wd=0.0467 | mom=0.9500 | T=6.2 k=3.8 (mu_rec=8 mu_bwd=4) | grad=1.076 | tok/s=23,209 | tokens=2.67B
step= 81370 | loss=3.2388 | lr=3.00e-04 | wd=0.0467 | mom=0.9500 | T=11.5 k=4.0 (mu_rec=8 mu_bwd=4) | grad=1.030 | tok/s=22,574 | tokens=2.67B
step= 81380 | loss=3.3456 | lr=3.00e-04 | wd=0.0467 | mom=0.9500 | T=8.0 k=3.8 (mu_rec=8 mu_bwd=4) | grad=1.286 | tok/s=24,663 | tokens=2.67B
step= 81390 | loss=3.1064 | lr=3.00e-04 | wd=0.0467 | mom=0.9500 | T=3.8 k=3.0 (mu_rec=8 mu_bwd=4) | grad=1.170 | tok/s=24,498 | tokens=2.67B
step= 81400 | loss=2.9695 | lr=3.00e-04 | wd=0.0467 | mom=0.9500 | T=8.0 k=4.0 (mu_rec=8 mu_bwd=4) | grad=2.079 | tok/s=10,608 | tokens=2.67B
step= 81410 | loss=3.1452 | lr=3.00e-04 | wd=0.0466 | mom=0.9500 | T=5.5 k=3.8 (mu_rec=8 mu_bwd=4) | grad=3.548 | tok/s=23,644 | tokens=2.67B
step= 81420 | loss=3.4034 | lr=3.00e-04 | wd=0.0466 | mom=0.9500 | T=7.0 k=4.0 (mu_rec=8 mu_bwd=4) | grad=1.098 | tok/s=21,494 | tokens=2.67B
step= 81430 | loss=3.3624 | lr=3.00e-04 | wd=0.0466 | mom=0.9500 | T=11.8 k=4.0 (mu_rec=8 mu_bwd=4) | grad=1.032 | tok/s=24,985 | tokens=2.67B
step= 81440 | loss=2.9900 | lr=3.00e-04 | wd=0.0466 | mom=0.9500 | T=4.2 k=3.5 (mu_rec=8 mu_bwd=4) | grad=1.164 | tok/s=23,642 | tokens=2.67B
step= 81450 | loss=3.2970 | lr=3.00e-04 | wd=0.0466 | mom=0.9500 | T=15.2 k=4.0 (mu_rec=8 mu_bwd=4) | grad=1.296 | tok/s=22,396 | tokens=2.67B
step= 81460 | loss=3.3184 | lr=3.00e-04 | wd=0.0466 | mom=0.9500 | T=6.2 k=4.0 (mu_rec=8 mu_bwd=4) | grad=1.406 | tok/s=23,106 | tokens=2.67B
step= 81470 | loss=3.1089 | lr=3.00e-04 | wd=0.0466 | mom=0.9500 | T=9.5 k=4.0 (mu_rec=8 mu_bwd=4) | grad=0.934 | tok/s=23,595 | tokens=2.67B
step= 81480 | loss=3.2562 | lr=3.00e-04 | wd=0.0466 | mom=0.9500 | T=5.5 k=3.2 (mu_rec=8 mu_bwd=4) | grad=1.227 | tok/s=24,532 | tokens=2.67B
step= 81490 | loss=3.2059 | lr=3.00e-04 | wd=0.0466 | mom=0.9500 | T=4.8 k=3.5 (mu_rec=8 mu_bwd=4) | grad=0.883 | tok/s=24,327 | tokens=2.67B
step= 81500 | loss=2.8307 | lr=3.00e-04 | wd=0.0466 | mom=0.9500 | T=9.5 k=4.0 (mu_rec=8 mu_bwd=4) | grad=1.013 | tok/s=23,517 | tokens=2.67B
step= 81510 | loss=3.2679 | lr=3.00e-04 | wd=0.0466 | mom=0.9500 | T=8.8 k=3.8 (mu_rec=8 mu_bwd=4) | grad=1.153 | tok/s=25,982 | tokens=2.67B
step= 81520 | loss=2.9360 | lr=3.00e-04 | wd=0.0466 | mom=0.9500 | T=8.5 k=3.2 (mu_rec=8 mu_bwd=4) | grad=1.406 | tok/s=23,397 | tokens=2.67B
step= 81530 | loss=3.0460 | lr=3.00e-04 | wd=0.0466 | mom=0.9500 | T=10.5 k=4.0 (mu_rec=8 mu_bwd=4) | grad=0.943 | tok/s=23,725 | tokens=2.67B
step= 81540 | loss=3.2326 | lr=3.00e-04 | wd=0.0466 | mom=0.9500 | T=7.0 k=4.0 (mu_rec=8 mu_bwd=4) | grad=0.959 | tok/s=9,823 | tokens=2.67B
step= 81550 | loss=3.1153 | lr=3.00e-04 | wd=0.0466 | mom=0.9500 | T=6.0 k=3.0 (mu_rec=8 mu_bwd=4) | grad=1.122 | tok/s=24,051 | tokens=2.67B
step= 81560 | loss=3.2169 | lr=3.00e-04 | wd=0.0465 | mom=0.9500 | T=6.5 k=4.0 (mu_rec=8 mu_bwd=4) | grad=0.878 | tok/s=24,254 | tokens=2.67B
step= 81570 | loss=3.6777 | lr=3.00e-04 | wd=0.0465 | mom=0.9500 | T=7.2 k=4.0 (mu_rec=8 mu_bwd=4) | grad=1.829 | tok/s=21,438 | tokens=2.67B
step= 81580 | loss=3.5545 | lr=3.00e-04 | wd=0.0465 | mom=0.9500 | T=8.8 k=4.0 (mu_rec=8 mu_bwd=4) | grad=1.607 | tok/s=23,296 | tokens=2.67B
step= 81590 | loss=3.2131 | lr=3.00e-04 | wd=0.0465 | mom=0.9500 | T=12.2 k=4.0 (mu_rec=8 mu_bwd=4) | grad=1.035 | tok/s=23,952 | tokens=2.67B
step= 81600 | loss=3.3131 | lr=3.00e-04 | wd=0.0465 | mom=0.9500 | T=6.5 k=4.0 (mu_rec=8 mu_bwd=4) | grad=0.961 | tok/s=25,154 | tokens=2.67B
step= 81610 | loss=3.0312 | lr=3.00e-04 | wd=0.0465 | mom=0.9500 | T=12.5 k=3.8 (mu_rec=8 mu_bwd=4) | grad=0.836 | tok/s=22,911 | tokens=2.67B
step= 81620 | loss=3.2477 | lr=3.00e-04 | wd=0.0465 | mom=0.9500 | T=9.5 k=4.0 (mu_rec=8 mu_bwd=4) | grad=1.049 | tok/s=25,213 | tokens=2.67B
step= 81630 | loss=3.5681 | lr=3.00e-04 | wd=0.0465 | mom=0.9500 | T=6.5 k=3.5 (mu_rec=8 mu_bwd=4) | grad=0.910 | tok/s=23,830 | tokens=2.67B
step= 81640 | loss=3.0356 | lr=3.00e-04 | wd=0.0465 | mom=0.9500 | T=6.5 k=4.0 (mu_rec=8 mu_bwd=4) | grad=1.453 | tok/s=24,559 | tokens=2.68B
step= 81650 | loss=3.2231 | lr=3.00e-04 | wd=0.0465 | mom=0.9500 | T=8.2 k=3.8 (mu_rec=8 mu_bwd=4) | grad=1.208 | tok/s=24,347 | tokens=2.68B
step= 81660 | loss=3.4725 | lr=3.00e-04 | wd=0.0465 | mom=0.9500 | T=12.5 k=4.0 (mu_rec=8 mu_bwd=4) | grad=1.115 | tok/s=22,877 | tokens=2.68B
step= 81670 | loss=2.9210 | lr=3.00e-04 | wd=0.0465 | mom=0.9500 | T=3.2 k=3.0 (mu_rec=8 mu_bwd=4) | grad=1.102 | tok/s=23,055 | tokens=2.68B
step= 81680 | loss=3.2059 | lr=3.00e-04 | wd=0.0465 | mom=0.9500 | T=10.8 k=4.0 (mu_rec=8 mu_bwd=4) | grad=0.917 | tok/s=21,994 | tokens=2.68B
step= 81690 | loss=3.1039 | lr=3.00e-04 | wd=0.0465 | mom=0.9500 | T=5.5 k=4.0 (mu_rec=8 mu_bwd=4) | grad=1.062 | tok/s=24,366 | tokens=2.68B
step= 81700 | loss=2.8589 | lr=3.00e-04 | wd=0.0465 | mom=0.9500 | T=8.2 k=4.0 (mu_rec=8 mu_bwd=4) | grad=2.257 | tok/s=24,305 | tokens=2.68B
step= 81710 | loss=3.3922 | lr=3.00e-04 | wd=0.0465 | mom=0.9500 | T=8.0 k=3.5 (mu_rec=8 mu_bwd=4) | grad=1.243 | tok/s=23,519 | tokens=2.68B
step= 81720 | loss=3.2805 | lr=3.00e-04 | wd=0.0464 | mom=0.9500 | T=14.2 k=4.0 (mu_rec=8 mu_bwd=4) | grad=5.898 | tok/s=22,630 | tokens=2.68B
step= 81730 | loss=3.1404 | lr=3.00e-04 | wd=0.0464 | mom=0.9500 | T=9.2 k=4.0 (mu_rec=8 mu_bwd=4) | grad=1.045 | tok/s=22,209 | tokens=2.68B
step= 81740 | loss=2.8283 | lr=3.00e-04 | wd=0.0464 | mom=0.9500 | T=7.0 k=4.0 (mu_rec=8 mu_bwd=4) | grad=1.219 | tok/s=23,924 | tokens=2.68B
step= 81750 | loss=3.4124 | lr=3.00e-04 | wd=0.0464 | mom=0.9500 | T=8.5 k=4.0 (mu_rec=8 mu_bwd=4) | grad=1.239 | tok/s=22,310 | tokens=2.68B
step= 81760 | loss=3.0443 | lr=3.00e-04 | wd=0.0464 | mom=0.9500 | T=4.8 k=3.5 (mu_rec=8 mu_bwd=4) | grad=1.057 | tok/s=24,335 | tokens=2.68B
step= 81770 | loss=2.5598 | lr=3.00e-04 | wd=0.0464 | mom=0.9500 | T=13.2 k=4.0 (mu_rec=8 mu_bwd=4) | grad=0.988 | tok/s=22,423 | tokens=2.68B
step= 81780 | loss=3.1092 | lr=3.00e-04 | wd=0.0464 | mom=0.9500 | T=6.2 k=3.5 (mu_rec=8 mu_bwd=4) | grad=1.059 | tok/s=24,900 | tokens=2.68B
step= 81790 | loss=3.2549 | lr=3.00e-04 | wd=0.0464 | mom=0.9500 | T=4.8 k=3.0 (mu_rec=8 mu_bwd=4) | grad=0.946 | tok/s=24,101 | tokens=2.68B
step= 81800 | loss=3.1111 | lr=3.00e-04 | wd=0.0464 | mom=0.9500 | T=6.5 k=3.5 (mu_rec=8 mu_bwd=4) | grad=0.902 | tok/s=24,411 | tokens=2.68B
step= 81810 | loss=3.2683 | lr=3.00e-04 | wd=0.0464 | mom=0.9500 | T=9.0 k=3.8 (mu_rec=8 mu_bwd=4) | grad=1.017 | tok/s=24,359 | tokens=2.68B
step= 81820 | loss=3.0941 | lr=3.00e-04 | wd=0.0464 | mom=0.9500 | T=4.8 k=3.8 (mu_rec=8 mu_bwd=4) | grad=0.973 | tok/s=24,700 | tokens=2.68B
step= 81830 | loss=3.1145 | lr=3.00e-04 | wd=0.0464 | mom=0.9500 | T=6.0 k=4.0 (mu_rec=8 mu_bwd=4) | grad=0.933 | tok/s=23,445 | tokens=2.68B
step= 81840 | loss=3.2964 | lr=3.00e-04 | wd=0.0464 | mom=0.9500 | T=6.0 k=3.0 (mu_rec=8 mu_bwd=4) | grad=0.927 | tok/s=23,432 | tokens=2.68B
step= 81850 | loss=3.1606 | lr=3.00e-04 | wd=0.0464 | mom=0.9500 | T=5.0 k=4.0 (mu_rec=8 mu_bwd=4) | grad=0.885 | tok/s=22,934 | tokens=2.68B
step= 81860 | loss=3.6183 | lr=3.00e-04 | wd=0.0464 | mom=0.9500 | T=7.2 k=3.2 (mu_rec=8 mu_bwd=4) | grad=1.815 | tok/s=23,690 | tokens=2.68B
step= 81870 | loss=3.6699 | lr=3.00e-04 | wd=0.0463 | mom=0.9500 | T=9.5 k=4.0 (mu_rec=8 mu_bwd=4) | grad=1.219 | tok/s=24,351 | tokens=2.68B
step= 81880 | loss=3.4721 | lr=3.00e-04 | wd=0.0463 | mom=0.9500 | T=8.5 k=3.2 (mu_rec=8 mu_bwd=4) | grad=1.364 | tok/s=23,872 | tokens=2.68B
step= 81890 | loss=3.7179 | lr=3.00e-04 | wd=0.0463 | mom=0.9500 | T=5.0 k=3.0 (mu_rec=8 mu_bwd=4) | grad=1.349 | tok/s=25,319 | tokens=2.68B
step= 81900 | loss=3.5581 | lr=3.00e-04 | wd=0.0463 | mom=0.9500 | T=6.2 k=3.5 (mu_rec=8 mu_bwd=4) | grad=1.283 | tok/s=24,113 | tokens=2.68B
step= 81910 | loss=3.5460 | lr=3.00e-04 | wd=0.0463 | mom=0.9500 | T=10.0 k=4.0 (mu_rec=8 mu_bwd=4) | grad=2.218 | tok/s=22,784 | tokens=2.68B
step= 81920 | loss=3.6086 | lr=3.00e-04 | wd=0.0463 | mom=0.9500 | T=7.0 k=4.0 (mu_rec=8 mu_bwd=4) | grad=1.120 | tok/s=23,545 | tokens=2.68B
step= 81930 | loss=3.0001 | lr=3.00e-04 | wd=0.0463 | mom=0.9500 | T=6.0 k=3.8 (mu_rec=8 mu_bwd=4) | grad=0.997 | tok/s=23,592 | tokens=2.68B
step= 81940 | loss=3.0596 | lr=3.00e-04 | wd=0.0463 | mom=0.9500 | T=7.5 k=4.0 (mu_rec=8 mu_bwd=4) | grad=1.029 | tok/s=24,296 | tokens=2.69B
step= 81950 | loss=3.1393 | lr=3.00e-04 | wd=0.0463 | mom=0.9500 | T=7.0 k=3.8 (mu_rec=8 mu_bwd=4) | grad=0.955 | tok/s=22,224 | tokens=2.69B
step= 81960 | loss=3.0875 | lr=3.00e-04 | wd=0.0463 | mom=0.9500 | T=8.8 k=3.5 (mu_rec=8 mu_bwd=4) | grad=0.912 | tok/s=23,631 | tokens=2.69B
step= 81970 | loss=3.2159 | lr=3.00e-04 | wd=0.0463 | mom=0.9500 | T=8.8 k=3.2 (mu_rec=8 mu_bwd=4) | grad=1.571 | tok/s=22,009 | tokens=2.69B
step= 81980 | loss=3.1300 | lr=3.00e-04 | wd=0.0463 | mom=0.9500 | T=5.5 k=3.0 (mu_rec=8 mu_bwd=4) | grad=0.916 | tok/s=25,008 | tokens=2.69B
step= 81990 | loss=3.1024 | lr=3.00e-04 | wd=0.0463 | mom=0.9500 | T=10.0 k=4.0 (mu_rec=8 mu_bwd=4) | grad=2.796 | tok/s=24,325 | tokens=2.69B
step= 82000 | loss=3.7518 | lr=3.00e-04 | wd=0.0463 | mom=0.9500 | T=11.5 k=4.0 (mu_rec=8 mu_bwd=4) | grad=2.794 | tok/s=22,709 | tokens=2.69B
[step 82000] Saved -> runs/cortex-5b-k4/checkpoint_0082000
[step 82000] Pruned -> runs/cortex-5b-k4/checkpoint_0076292
step= 82010 | loss=3.2765 | lr=3.00e-04 | wd=0.0463 | mom=0.9500 | T=4.5 k=3.5 (mu_rec=8 mu_bwd=4) | grad=1.701 | tok/s=6,927 | tokens=2.69B
step= 82020 | loss=3.4943 | lr=3.00e-04 | wd=0.0462 | mom=0.9500 | T=3.2 k=2.5 (mu_rec=8 mu_bwd=4) | grad=9.213 | tok/s=23,534 | tokens=2.69B
step= 82030 | loss=2.7599 | lr=3.00e-04 | wd=0.0462 | mom=0.9500 | T=9.0 k=4.0 (mu_rec=8 mu_bwd=4) | grad=1.112 | tok/s=23,385 | tokens=2.69B
step= 82040 | loss=3.0595 | lr=3.00e-04 | wd=0.0462 | mom=0.9500 | T=6.0 k=3.5 (mu_rec=8 mu_bwd=4) | grad=1.701 | tok/s=24,488 | tokens=2.69B
step= 82050 | loss=3.1357 | lr=3.00e-04 | wd=0.0462 | mom=0.9500 | T=6.5 k=3.0 (mu_rec=8 mu_bwd=4) | grad=1.090 | tok/s=24,255 | tokens=2.69B
step= 82060 | loss=3.1898 | lr=3.00e-04 | wd=0.0462 | mom=0.9500 | T=11.2 k=4.0 (mu_rec=8 mu_bwd=4) | grad=1.705 | tok/s=22,326 | tokens=2.69B
step= 82070 | loss=3.2553 | lr=3.00e-04 | wd=0.0462 | mom=0.9500 | T=5.5 k=3.5 (mu_rec=8 mu_bwd=4) | grad=0.940 | tok/s=24,028 | tokens=2.69B
step= 82080 | loss=3.1680 | lr=3.00e-04 | wd=0.0462 | mom=0.9500 | T=7.0 k=3.8 (mu_rec=8 mu_bwd=4) | grad=1.652 | tok/s=24,887 | tokens=2.69B
step= 82090 | loss=3.3757 | lr=3.00e-04 | wd=0.0462 | mom=0.9500 | T=7.8 k=3.5 (mu_rec=8 mu_bwd=4) | grad=3.123 | tok/s=23,291 | tokens=2.69B
step= 82100 | loss=3.1171 | lr=3.00e-04 | wd=0.0462 | mom=0.9500 | T=7.2 k=3.8 (mu_rec=8 mu_bwd=4) | grad=4.692 | tok/s=25,334 | tokens=2.69B
step= 82110 | loss=3.2831 | lr=3.00e-04 | wd=0.0462 | mom=0.9500 | T=5.0 k=3.8 (mu_rec=8 mu_bwd=4) | grad=1.072 | tok/s=22,275 | tokens=2.69B
step= 82120 | loss=3.3628 | lr=3.00e-04 | wd=0.0462 | mom=0.9500 | T=8.2 k=4.0 (mu_rec=8 mu_bwd=4) | grad=0.905 | tok/s=24,194 | tokens=2.69B
step= 82130 | loss=3.3117 | lr=3.00e-04 | wd=0.0462 | mom=0.9500 | T=8.8 k=3.8 (mu_rec=8 mu_bwd=4) | grad=1.169 | tok/s=23,598 | tokens=2.69B
step= 82140 | loss=3.1563 | lr=3.00e-04 | wd=0.0462 | mom=0.9500 | T=9.0 k=3.5 (mu_rec=8 mu_bwd=4) | grad=0.829 | tok/s=23,046 | tokens=2.69B
step= 82150 | loss=3.0407 | lr=3.00e-04 | wd=0.0462 | mom=0.9500 | T=4.8 k=2.8 (mu_rec=8 mu_bwd=4) | grad=1.438 | tok/s=24,503 | tokens=2.69B
step= 82160 | loss=3.4461 | lr=3.00e-04 | wd=0.0462 | mom=0.9500 | T=7.5 k=4.0 (mu_rec=8 mu_bwd=4) | grad=0.931 | tok/s=21,969 | tokens=2.69B
step= 82170 | loss=3.2646 | lr=3.00e-04 | wd=0.0461 | mom=0.9500 | T=11.2 k=4.0 (mu_rec=8 mu_bwd=4) | grad=0.857 | tok/s=23,231 | tokens=2.69B
step= 82180 | loss=3.2498 | lr=3.00e-04 | wd=0.0461 | mom=0.9500 | T=8.8 k=3.8 (mu_rec=8 mu_bwd=4) | grad=4.324 | tok/s=24,381 | tokens=2.69B
step= 82190 | loss=3.3531 | lr=3.00e-04 | wd=0.0461 | mom=0.9500 | T=8.2 k=3.8 (mu_rec=8 mu_bwd=4) | grad=0.879 | tok/s=22,700 | tokens=2.69B
step= 82200 | loss=3.2470 | lr=3.00e-04 | wd=0.0461 | mom=0.9500 | T=6.8 k=4.0 (mu_rec=8 mu_bwd=4) | grad=1.559 | tok/s=24,321 | tokens=2.69B
step= 82210 | loss=3.3806 | lr=3.00e-04 | wd=0.0461 | mom=0.9500 | T=7.0 k=3.5 (mu_rec=8 mu_bwd=4) | grad=1.452 | tok/s=23,326 | tokens=2.69B
step= 82220 | loss=3.2224 | lr=3.00e-04 | wd=0.0461 | mom=0.9500 | T=6.5 k=3.2 (mu_rec=8 mu_bwd=4) | grad=0.995 | tok/s=24,578 | tokens=2.69B
step= 82230 | loss=3.1941 | lr=3.00e-04 | wd=0.0461 | mom=0.9500 | T=10.5 k=4.0 (mu_rec=8 mu_bwd=4) | grad=1.098 | tok/s=20,744 | tokens=2.69B
step= 82240 | loss=3.5367 | lr=3.00e-04 | wd=0.0461 | mom=0.9500 | T=12.0 k=4.0 (mu_rec=8 mu_bwd=4) | grad=0.960 | tok/s=23,137 | tokens=2.69B
step= 82250 | loss=3.1506 | lr=3.00e-04 | wd=0.0461 | mom=0.9500 | T=10.0 k=4.0 (mu_rec=8 mu_bwd=4) | grad=1.081 | tok/s=9,494 | tokens=2.70B
step= 82260 | loss=3.1690 | lr=3.00e-04 | wd=0.0461 | mom=0.9500 | T=7.0 k=3.8 (mu_rec=8 mu_bwd=4) | grad=1.744 | tok/s=24,871 | tokens=2.70B
step= 82270 | loss=3.3704 | lr=3.00e-04 | wd=0.0461 | mom=0.9500 | T=5.8 k=4.0 (mu_rec=8 mu_bwd=4) | grad=1.205 | tok/s=25,262 | tokens=2.70B
step= 82280 | loss=3.1575 | lr=3.00e-04 | wd=0.0461 | mom=0.9500 | T=9.8 k=4.0 (mu_rec=8 mu_bwd=4) | grad=2.119 | tok/s=22,533 | tokens=2.70B
step= 82290 | loss=3.1952 | lr=3.00e-04 | wd=0.0461 | mom=0.9500 | T=9.8 k=3.8 (mu_rec=8 mu_bwd=4) | grad=0.871 | tok/s=24,507 | tokens=2.70B
step= 82300 | loss=3.0618 | lr=3.00e-04 | wd=0.0461 | mom=0.9500 | T=9.8 k=4.0 (mu_rec=8 mu_bwd=4) | grad=1.320 | tok/s=22,385 | tokens=2.70B
step= 82310 | loss=3.3589 | lr=3.00e-04 | wd=0.0461 | mom=0.9500 | T=5.8 k=4.0 (mu_rec=8 mu_bwd=4) | grad=1.432 | tok/s=22,406 | tokens=2.70B
step= 82320 | loss=3.4524 | lr=3.00e-04 | wd=0.0461 | mom=0.9500 | T=12.2 k=4.0 (mu_rec=8 mu_bwd=4) | grad=1.235 | tok/s=22,667 | tokens=2.70B
step= 82330 | loss=3.4866 | lr=3.00e-04 | wd=0.0460 | mom=0.9500 | T=7.5 k=3.8 (mu_rec=8 mu_bwd=4) | grad=0.996 | tok/s=23,988 | tokens=2.70B
step= 82340 | loss=3.1938 | lr=3.00e-04 | wd=0.0460 | mom=0.9500 | T=7.8 k=4.0 (mu_rec=8 mu_bwd=4) | grad=0.942 | tok/s=23,728 | tokens=2.70B
step= 82350 | loss=3.2699 | lr=3.00e-04 | wd=0.0460 | mom=0.9500 | T=10.2 k=3.5 (mu_rec=8 mu_bwd=4) | grad=1.509 | tok/s=22,971 | tokens=2.70B
step= 82360 | loss=3.2957 | lr=3.00e-04 | wd=0.0460 | mom=0.9500 | T=8.2 k=4.0 (mu_rec=8 mu_bwd=4) | grad=1.530 | tok/s=24,195 | tokens=2.70B
step= 82370 | loss=3.1426 | lr=3.00e-04 | wd=0.0460 | mom=0.9500 | T=9.2 k=3.8 (mu_rec=8 mu_bwd=4) | grad=1.077 | tok/s=23,971 | tokens=2.70B
step= 82380 | loss=3.1068 | lr=3.00e-04 | wd=0.0460 | mom=0.9500 | T=6.5 k=4.0 (mu_rec=8 mu_bwd=4) | grad=1.101 | tok/s=21,650 | tokens=2.70B
step= 82390 | loss=3.3502 | lr=3.00e-04 | wd=0.0460 | mom=0.9500 | T=10.0 k=3.8 (mu_rec=8 mu_bwd=4) | grad=1.333 | tok/s=23,143 | tokens=2.70B
step= 82400 | loss=3.0742 | lr=3.00e-04 | wd=0.0460 | mom=0.9500 | T=5.0 k=3.5 (mu_rec=8 mu_bwd=4) | grad=1.916 | tok/s=23,425 | tokens=2.70B
step= 82410 | loss=3.3194 | lr=3.00e-04 | wd=0.0460 | mom=0.9500 | T=8.2 k=4.0 (mu_rec=8 mu_bwd=4) | grad=0.897 | tok/s=21,972 | tokens=2.70B
step= 82420 | loss=3.3889 | lr=3.00e-04 | wd=0.0460 | mom=0.9500 | T=7.2 k=3.5 (mu_rec=8 mu_bwd=4) | grad=1.038 | tok/s=21,389 | tokens=2.70B
step= 82430 | loss=3.2695 | lr=3.00e-04 | wd=0.0460 | mom=0.9500 | T=4.0 k=3.2 (mu_rec=8 mu_bwd=4) | grad=1.050 | tok/s=26,203 | tokens=2.70B
step= 82440 | loss=3.2305 | lr=3.00e-04 | wd=0.0460 | mom=0.9500 | T=7.8 k=3.8 (mu_rec=8 mu_bwd=4) | grad=1.128 | tok/s=24,319 | tokens=2.70B
step= 82450 | loss=3.3745 | lr=3.00e-04 | wd=0.0460 | mom=0.9500 | T=4.0 k=3.0 (mu_rec=8 mu_bwd=4) | grad=1.243 | tok/s=23,534 | tokens=2.70B
step= 82460 | loss=3.9669 | lr=3.00e-04 | wd=0.0460 | mom=0.9500 | T=8.0 k=4.0 (mu_rec=8 mu_bwd=4) | grad=1.216 | tok/s=23,225 | tokens=2.70B
step= 82470 | loss=3.9851 | lr=3.00e-04 | wd=0.0460 | mom=0.9500 | T=6.0 k=3.5 (mu_rec=8 mu_bwd=4) | grad=1.195 | tok/s=11,394 | tokens=2.70B
step= 82480 | loss=3.3468 | lr=3.00e-04 | wd=0.0459 | mom=0.9500 | T=8.2 k=4.0 (mu_rec=8 mu_bwd=4) | grad=0.897 | tok/s=22,785 | tokens=2.70B
step= 82490 | loss=3.2512 | lr=3.00e-04 | wd=0.0459 | mom=0.9500 | T=6.5 k=3.2 (mu_rec=8 mu_bwd=4) | grad=1.054 | tok/s=22,284 | tokens=2.70B
step= 82500 | loss=3.3983 | lr=3.00e-04 | wd=0.0459 | mom=0.9500 | T=12.0 k=4.0 (mu_rec=8 mu_bwd=4) | grad=1.115 | tok/s=21,567 | tokens=2.70B
step= 82510 | loss=3.5359 | lr=3.00e-04 | wd=0.0459 | mom=0.9500 | T=5.2 k=3.5 (mu_rec=8 mu_bwd=4) | grad=1.095 | tok/s=23,551 | tokens=2.70B
step= 82520 | loss=3.5238 | lr=3.00e-04 | wd=0.0459 | mom=0.9500 | T=5.2 k=3.5 (mu_rec=8 mu_bwd=4) | grad=1.136 | tok/s=24,979 | tokens=2.70B
step= 82530 | loss=3.3808 | lr=3.00e-04 | wd=0.0459 | mom=0.9500 | T=10.0 k=4.0 (mu_rec=8 mu_bwd=4) | grad=0.940 | tok/s=22,497 | tokens=2.70B
step= 82540 | loss=3.0431 | lr=3.00e-04 | wd=0.0459 | mom=0.9500 | T=9.0 k=3.5 (mu_rec=8 mu_bwd=4) | grad=1.893 | tok/s=22,997 | tokens=2.70B
step= 82550 | loss=3.1712 | lr=3.00e-04 | wd=0.0459 | mom=0.9500 | T=8.2 k=3.8 (mu_rec=8 mu_bwd=4) | grad=1.127 | tok/s=24,377 | tokens=2.70B
step= 82560 | loss=3.2652 | lr=3.00e-04 | wd=0.0459 | mom=0.9500 | T=7.0 k=4.0 (mu_rec=8 mu_bwd=4) | grad=1.076 | tok/s=24,067 | tokens=2.71B
step= 82570 | loss=2.8126 | lr=3.00e-04 | wd=0.0459 | mom=0.9500 | T=7.0 k=3.8 (mu_rec=8 mu_bwd=4) | grad=2.665 | tok/s=21,939 | tokens=2.71B
step= 82580 | loss=3.0073 | lr=3.00e-04 | wd=0.0459 | mom=0.9500 | T=13.5 k=4.0 (mu_rec=8 mu_bwd=4) | grad=0.884 | tok/s=21,575 | tokens=2.71B
step= 82590 | loss=3.3249 | lr=3.00e-04 | wd=0.0459 | mom=0.9500 | T=6.0 k=3.0 (mu_rec=8 mu_bwd=4) | grad=1.578 | tok/s=23,899 | tokens=2.71B
step= 82600 | loss=3.3438 | lr=3.00e-04 | wd=0.0459 | mom=0.9500 | T=11.0 k=4.0 (mu_rec=8 mu_bwd=4) | grad=1.267 | tok/s=23,950 | tokens=2.71B
step= 82610 | loss=3.2615 | lr=3.00e-04 | wd=0.0459 | mom=0.9500 | T=10.2 k=4.0 (mu_rec=8 mu_bwd=4) | grad=1.257 | tok/s=21,800 | tokens=2.71B
step= 82620 | loss=3.6245 | lr=3.00e-04 | wd=0.0459 | mom=0.9500 | T=8.5 k=4.0 (mu_rec=8 mu_bwd=4) | grad=1.151 | tok/s=23,180 | tokens=2.71B
step= 82630 | loss=3.7846 | lr=3.00e-04 | wd=0.0458 | mom=0.9500 | T=10.0 k=4.0 (mu_rec=8 mu_bwd=4) | grad=1.596 | tok/s=22,586 | tokens=2.71B
step= 82640 | loss=3.6833 | lr=3.00e-04 | wd=0.0458 | mom=0.9500 | T=6.0 k=3.5 (mu_rec=8 mu_bwd=4) | grad=1.411 | tok/s=25,865 | tokens=2.71B
step= 82650 | loss=3.4730 | lr=3.00e-04 | wd=0.0458 | mom=0.9500 | T=7.2 k=3.5 (mu_rec=8 mu_bwd=4) | grad=1.196 | tok/s=22,387 | tokens=2.71B
step= 82660 | loss=3.0119 | lr=3.00e-04 | wd=0.0458 | mom=0.9500 | T=9.2 k=3.8 (mu_rec=8 mu_bwd=4) | grad=1.074 | tok/s=24,809 | tokens=2.71B
step= 82670 | loss=3.0953 | lr=3.00e-04 | wd=0.0458 | mom=0.9500 | T=7.0 k=3.2 (mu_rec=8 mu_bwd=4) | grad=1.798 | tok/s=24,023 | tokens=2.71B
step= 82680 | loss=3.5935 | lr=3.00e-04 | wd=0.0458 | mom=0.9500 | T=10.2 k=4.0 (mu_rec=8 mu_bwd=4) | grad=1.785 | tok/s=23,140 | tokens=2.71B
step= 82690 | loss=3.1597 | lr=3.00e-04 | wd=0.0458 | mom=0.9500 | T=9.5 k=4.0 (mu_rec=8 mu_bwd=4) | grad=1.052 | tok/s=22,142 | tokens=2.71B
step= 82700 | loss=3.2055 | lr=3.00e-04 | wd=0.0458 | mom=0.9500 | T=3.5 k=3.0 (mu_rec=8 mu_bwd=4) | grad=1.303 | tok/s=23,426 | tokens=2.71B
step= 82710 | loss=2.8187 | lr=3.00e-04 | wd=0.0458 | mom=0.9500 | T=5.0 k=3.8 (mu_rec=8 mu_bwd=4) | grad=1.596 | tok/s=23,262 | tokens=2.71B
step= 82720 | loss=3.2306 | lr=3.00e-04 | wd=0.0458 | mom=0.9500 | T=8.2 k=4.0 (mu_rec=8 mu_bwd=4) | grad=1.242 | tok/s=22,736 | tokens=2.71B
step= 82730 | loss=3.2360 | lr=3.00e-04 | wd=0.0458 | mom=0.9500 | T=5.2 k=3.2 (mu_rec=8 mu_bwd=4) | grad=1.319 | tok/s=22,355 | tokens=2.71B
step= 82740 | loss=3.2122 | lr=3.00e-04 | wd=0.0458 | mom=0.9500 | T=6.5 k=4.0 (mu_rec=8 mu_bwd=4) | grad=0.971 | tok/s=23,223 | tokens=2.71B
step= 82750 | loss=3.1898 | lr=3.00e-04 | wd=0.0458 | mom=0.9500 | T=8.5 k=4.0 (mu_rec=8 mu_bwd=4) | grad=0.879 | tok/s=23,771 | tokens=2.71B
step= 82760 | loss=3.1029 | lr=3.00e-04 | wd=0.0458 | mom=0.9500 | T=15.2 k=4.0 (mu_rec=8 mu_bwd=4) | grad=0.994 | tok/s=23,288 | tokens=2.71B
step= 82770 | loss=3.0631 | lr=3.00e-04 | wd=0.0458 | mom=0.9500 | T=10.2 k=4.0 (mu_rec=8 mu_bwd=4) | grad=1.256 | tok/s=21,926 | tokens=2.71B
step= 82780 | loss=3.2280 | lr=3.00e-04 | wd=0.0457 | mom=0.9500 | T=9.8 k=3.5 (mu_rec=8 mu_bwd=4) | grad=0.947 | tok/s=23,186 | tokens=2.71B
step= 82790 | loss=3.2484 | lr=3.00e-04 | wd=0.0457 | mom=0.9500 | T=6.5 k=3.0 (mu_rec=8 mu_bwd=4) | grad=1.676 | tok/s=23,423 | tokens=2.71B
step= 82800 | loss=3.0012 | lr=3.00e-04 | wd=0.0457 | mom=0.9500 | T=7.2 k=3.5 (mu_rec=8 mu_bwd=4) | grad=1.150 | tok/s=22,590 | tokens=2.71B
step= 82810 | loss=3.1945 | lr=3.00e-04 | wd=0.0457 | mom=0.9500 | T=6.5 k=3.8 (mu_rec=8 mu_bwd=4) | grad=1.333 | tok/s=23,744 | tokens=2.71B
step= 82820 | loss=3.3665 | lr=3.00e-04 | wd=0.0457 | mom=0.9500 | T=13.5 k=4.0 (mu_rec=8 mu_bwd=4) | grad=1.143 | tok/s=22,933 | tokens=2.71B
step= 82830 | loss=3.2470 | lr=3.00e-04 | wd=0.0457 | mom=0.9500 | T=8.0 k=4.0 (mu_rec=8 mu_bwd=4) | grad=0.849 | tok/s=23,672 | tokens=2.71B
step= 82840 | loss=3.3386 | lr=3.00e-04 | wd=0.0457 | mom=0.9500 | T=9.2 k=2.8 (mu_rec=8 mu_bwd=4) | grad=1.382 | tok/s=23,103 | tokens=2.71B
step= 82850 | loss=3.2166 | lr=3.00e-04 | wd=0.0457 | mom=0.9500 | T=3.8 k=3.0 (mu_rec=8 mu_bwd=4) | grad=0.855 | tok/s=25,358 | tokens=2.71B
step= 82860 | loss=3.3207 | lr=3.00e-04 | wd=0.0457 | mom=0.9500 | T=7.5 k=4.0 (mu_rec=8 mu_bwd=4) | grad=1.302 | tok/s=23,116 | tokens=2.72B
step= 82870 | loss=3.2606 | lr=3.00e-04 | wd=0.0457 | mom=0.9500 | T=10.5 k=4.0 (mu_rec=8 mu_bwd=4) | grad=1.247 | tok/s=23,835 | tokens=2.72B
step= 82880 | loss=3.1326 | lr=3.00e-04 | wd=0.0457 | mom=0.9500 | T=6.2 k=3.5 (mu_rec=8 mu_bwd=4) | grad=0.976 | tok/s=23,117 | tokens=2.72B
step= 82890 | loss=3.2901 | lr=3.00e-04 | wd=0.0457 | mom=0.9500 | T=7.8 k=4.0 (mu_rec=8 mu_bwd=4) | grad=0.938 | tok/s=23,380 | tokens=2.72B
step= 82900 | loss=3.3358 | lr=3.00e-04 | wd=0.0457 | mom=0.9500 | T=8.2 k=4.0 (mu_rec=8 mu_bwd=4) | grad=1.771 | tok/s=23,634 | tokens=2.72B
step= 82910 | loss=3.0557 | lr=3.00e-04 | wd=0.0457 | mom=0.9500 | T=6.8 k=3.5 (mu_rec=8 mu_bwd=4) | grad=1.404 | tok/s=24,245 | tokens=2.72B
step= 82920 | loss=3.1670 | lr=3.00e-04 | wd=0.0457 | mom=0.9500 | T=10.0 k=4.0 (mu_rec=8 mu_bwd=4) | grad=0.990 | tok/s=23,410 | tokens=2.72B
step= 82930 | loss=2.8758 | lr=3.00e-04 | wd=0.0457 | mom=0.9500 | T=6.5 k=4.0 (mu_rec=8 mu_bwd=4) | grad=0.986 | tok/s=24,873 | tokens=2.72B
step= 82940 | loss=3.2582 | lr=3.00e-04 | wd=0.0456 | mom=0.9500 | T=8.5 k=4.0 (mu_rec=8 mu_bwd=4) | grad=1.045 | tok/s=23,956 | tokens=2.72B
step= 82950 | loss=3.2459 | lr=3.00e-04 | wd=0.0456 | mom=0.9500 | T=14.0 k=4.0 (mu_rec=8 mu_bwd=4) | grad=1.044 | tok/s=22,692 | tokens=2.72B
step= 82960 | loss=3.0723 | lr=3.00e-04 | wd=0.0456 | mom=0.9500 | T=11.8 k=4.0 (mu_rec=8 mu_bwd=4) | grad=1.464 | tok/s=23,461 | tokens=2.72B
step= 82970 | loss=3.0890 | lr=3.00e-04 | wd=0.0456 | mom=0.9500 | T=5.0 k=3.5 (mu_rec=8 mu_bwd=4) | grad=0.931 | tok/s=22,173 | tokens=2.72B
step= 82980 | loss=3.1349 | lr=3.00e-04 | wd=0.0456 | mom=0.9500 | T=8.8 k=3.8 (mu_rec=8 mu_bwd=4) | grad=1.307 | tok/s=22,885 | tokens=2.72B
step= 82990 | loss=3.1707 | lr=3.00e-04 | wd=0.0456 | mom=0.9500 | T=6.0 k=3.5 (mu_rec=8 mu_bwd=4) | grad=0.841 | tok/s=23,977 | tokens=2.72B
step= 83000 | loss=3.1510 | lr=3.00e-04 | wd=0.0456 | mom=0.9500 | T=7.2 k=3.8 (mu_rec=8 mu_bwd=4) | grad=1.520 | tok/s=23,546 | tokens=2.72B
step= 83010 | loss=3.0032 | lr=3.00e-04 | wd=0.0456 | mom=0.9500 | T=13.0 k=4.0 (mu_rec=8 mu_bwd=4) | grad=0.944 | tok/s=22,102 | tokens=2.72B
step= 83020 | loss=3.1715 | lr=3.00e-04 | wd=0.0456 | mom=0.9500 | T=7.8 k=3.8 (mu_rec=8 mu_bwd=4) | grad=0.908 | tok/s=22,348 | tokens=2.72B
step= 83030 | loss=3.3843 | lr=3.00e-04 | wd=0.0456 | mom=0.9500 | T=7.2 k=4.0 (mu_rec=8 mu_bwd=4) | grad=1.609 | tok/s=24,000 | tokens=2.72B
step= 83040 | loss=3.2470 | lr=3.00e-04 | wd=0.0456 | mom=0.9500 | T=12.0 k=3.5 (mu_rec=8 mu_bwd=4) | grad=1.989 | tok/s=23,667 | tokens=2.72B
step= 83050 | loss=3.3028 | lr=3.00e-04 | wd=0.0456 | mom=0.9500 | T=13.5 k=4.0 (mu_rec=8 mu_bwd=4) | grad=1.094 | tok/s=21,922 | tokens=2.72B
step= 83060 | loss=3.1696 | lr=3.00e-04 | wd=0.0456 | mom=0.9500 | T=5.5 k=3.5 (mu_rec=8 mu_bwd=4) | grad=1.788 | tok/s=24,972 | tokens=2.72B
step= 83070 | loss=2.9011 | lr=3.00e-04 | wd=0.0456 | mom=0.9500 | T=7.5 k=4.0 (mu_rec=8 mu_bwd=4) | grad=0.984 | tok/s=23,935 | tokens=2.72B
step= 83080 | loss=3.0680 | lr=3.00e-04 | wd=0.0456 | mom=0.9500 | T=9.5 k=3.8 (mu_rec=8 mu_bwd=4) | grad=1.593 | tok/s=23,697 | tokens=2.72B
step= 83090 | loss=3.1747 | lr=3.00e-04 | wd=0.0455 | mom=0.9500 | T=8.0 k=4.0 (mu_rec=8 mu_bwd=4) | grad=0.847 | tok/s=24,615 | tokens=2.72B
step= 83100 | loss=3.3397 | lr=3.00e-04 | wd=0.0455 | mom=0.9500 | T=13.8 k=4.0 (mu_rec=8 mu_bwd=4) | grad=1.425 | tok/s=24,309 | tokens=2.72B
step= 83110 | loss=3.0270 | lr=3.00e-04 | wd=0.0455 | mom=0.9500 | T=7.8 k=3.8 (mu_rec=8 mu_bwd=4) | grad=1.047 | tok/s=24,339 | tokens=2.72B
step= 83120 | loss=3.0597 | lr=3.00e-04 | wd=0.0455 | mom=0.9500 | T=9.5 k=4.0 (mu_rec=8 mu_bwd=4) | grad=0.866 | tok/s=22,575 | tokens=2.72B
step= 83130 | loss=3.0476 | lr=3.00e-04 | wd=0.0455 | mom=0.9500 | T=7.5 k=4.0 (mu_rec=8 mu_bwd=4) | grad=0.988 | tok/s=22,309 | tokens=2.72B
step= 83140 | loss=3.4754 | lr=3.00e-04 | wd=0.0455 | mom=0.9500 | T=8.0 k=3.8 (mu_rec=8 mu_bwd=4) | grad=1.345 | tok/s=22,749 | tokens=2.72B
step= 83150 | loss=3.5967 | lr=3.00e-04 | wd=0.0455 | mom=0.9500 | T=13.0 k=4.0 (mu_rec=8 mu_bwd=4) | grad=2.100 | tok/s=22,859 | tokens=2.72B
step= 83160 | loss=3.3025 | lr=3.00e-04 | wd=0.0455 | mom=0.9500 | T=9.0 k=4.0 (mu_rec=8 mu_bwd=4) | grad=1.142 | tok/s=22,427 | tokens=2.72B
step= 83170 | loss=3.0352 | lr=3.00e-04 | wd=0.0455 | mom=0.9500 | T=3.8 k=2.5 (mu_rec=8 mu_bwd=4) | grad=0.988 | tok/s=24,600 | tokens=2.73B
step= 83180 | loss=2.7751 | lr=3.00e-04 | wd=0.0455 | mom=0.9500 | T=6.8 k=4.0 (mu_rec=8 mu_bwd=4) | grad=1.297 | tok/s=25,022 | tokens=2.73B
step= 83190 | loss=3.3007 | lr=3.00e-04 | wd=0.0455 | mom=0.9500 | T=5.0 k=3.0 (mu_rec=8 mu_bwd=4) | grad=0.921 | tok/s=25,765 | tokens=2.73B
step= 83200 | loss=3.2731 | lr=3.00e-04 | wd=0.0455 | mom=0.9500 | T=9.2 k=3.8 (mu_rec=8 mu_bwd=4) | grad=1.440 | tok/s=9,815 | tokens=2.73B
step= 83210 | loss=3.2446 | lr=3.00e-04 | wd=0.0455 | mom=0.9500 | T=7.0 k=4.0 (mu_rec=8 mu_bwd=4) | grad=1.010 | tok/s=21,374 | tokens=2.73B
step= 83220 | loss=3.2183 | lr=3.00e-04 | wd=0.0455 | mom=0.9500 | T=8.5 k=4.0 (mu_rec=8 mu_bwd=4) | grad=1.197 | tok/s=23,582 | tokens=2.73B
step= 83230 | loss=3.1680 | lr=3.00e-04 | wd=0.0455 | mom=0.9500 | T=8.8 k=3.8 (mu_rec=8 mu_bwd=4) | grad=0.902 | tok/s=25,001 | tokens=2.73B
step= 83240 | loss=3.1966 | lr=3.00e-04 | wd=0.0454 | mom=0.9500 | T=4.5 k=2.8 (mu_rec=8 mu_bwd=4) | grad=1.008 | tok/s=24,140 | tokens=2.73B
step= 83250 | loss=3.5170 | lr=3.00e-04 | wd=0.0454 | mom=0.9500 | T=5.2 k=3.8 (mu_rec=8 mu_bwd=4) | grad=1.584 | tok/s=23,376 | tokens=2.73B
step= 83260 | loss=3.3891 | lr=3.00e-04 | wd=0.0454 | mom=0.9500 | T=6.5 k=3.5 (mu_rec=8 mu_bwd=4) | grad=1.212 | tok/s=23,736 | tokens=2.73B
step= 83270 | loss=3.4339 | lr=3.00e-04 | wd=0.0454 | mom=0.9500 | T=3.0 k=2.8 (mu_rec=8 mu_bwd=4) | grad=1.785 | tok/s=26,562 | tokens=2.73B
step= 83280 | loss=3.2362 | lr=3.00e-04 | wd=0.0454 | mom=0.9500 | T=7.8 k=3.5 (mu_rec=8 mu_bwd=4) | grad=1.635 | tok/s=9,417 | tokens=2.73B
step= 83290 | loss=2.9698 | lr=3.00e-04 | wd=0.0454 | mom=0.9500 | T=8.2 k=3.8 (mu_rec=8 mu_bwd=4) | grad=1.174 | tok/s=23,697 | tokens=2.73B
step= 83300 | loss=3.1984 | lr=3.00e-04 | wd=0.0454 | mom=0.9500 | T=10.5 k=3.8 (mu_rec=8 mu_bwd=4) | grad=0.987 | tok/s=22,310 | tokens=2.73B
step= 83310 | loss=3.0859 | lr=3.00e-04 | wd=0.0454 | mom=0.9500 | T=6.5 k=4.0 (mu_rec=8 mu_bwd=4) | grad=1.332 | tok/s=22,795 | tokens=2.73B
step= 83320 | loss=3.2875 | lr=3.00e-04 | wd=0.0454 | mom=0.9500 | T=10.8 k=3.8 (mu_rec=8 mu_bwd=4) | grad=0.969 | tok/s=22,426 | tokens=2.73B
step= 83330 | loss=3.0284 | lr=3.00e-04 | wd=0.0454 | mom=0.9500 | T=13.5 k=4.0 (mu_rec=8 mu_bwd=4) | grad=0.862 | tok/s=23,528 | tokens=2.73B
step= 83340 | loss=3.1157 | lr=3.00e-04 | wd=0.0454 | mom=0.9500 | T=10.2 k=4.0 (mu_rec=8 mu_bwd=4) | grad=2.625 | tok/s=23,818 | tokens=2.73B
step= 83350 | loss=3.1905 | lr=3.00e-04 | wd=0.0454 | mom=0.9500 | T=6.8 k=4.0 (mu_rec=8 mu_bwd=4) | grad=2.195 | tok/s=21,786 | tokens=2.73B
step= 83360 | loss=3.1722 | lr=3.00e-04 | wd=0.0454 | mom=0.9500 | T=12.5 k=4.0 (mu_rec=8 mu_bwd=4) | grad=1.323 | tok/s=23,758 | tokens=2.73B
step= 83370 | loss=2.9330 | lr=3.00e-04 | wd=0.0454 | mom=0.9500 | T=14.8 k=4.0 (mu_rec=8 mu_bwd=4) | grad=1.910 | tok/s=23,181 | tokens=2.73B
step= 83380 | loss=3.0974 | lr=3.00e-04 | wd=0.0454 | mom=0.9500 | T=7.0 k=3.0 (mu_rec=8 mu_bwd=4) | grad=1.079 | tok/s=24,645 | tokens=2.73B
step= 83390 | loss=2.9812 | lr=3.00e-04 | wd=0.0453 | mom=0.9500 | T=7.0 k=3.2 (mu_rec=8 mu_bwd=4) | grad=1.850 | tok/s=24,977 | tokens=2.73B
step= 83400 | loss=3.3117 | lr=3.00e-04 | wd=0.0453 | mom=0.9500 | T=6.2 k=3.8 (mu_rec=8 mu_bwd=4) | grad=1.077 | tok/s=23,957 | tokens=2.73B
step= 83410 | loss=3.3231 | lr=3.00e-04 | wd=0.0453 | mom=0.9500 | T=10.2 k=3.8 (mu_rec=8 mu_bwd=4) | grad=0.894 | tok/s=23,128 | tokens=2.73B
step= 83420 | loss=3.0726 | lr=3.00e-04 | wd=0.0453 | mom=0.9500 | T=6.5 k=4.0 (mu_rec=8 mu_bwd=4) | grad=1.647 | tok/s=22,973 | tokens=2.73B
step= 83430 | loss=3.4618 | lr=3.00e-04 | wd=0.0453 | mom=0.9500 | T=6.5 k=4.0 (mu_rec=8 mu_bwd=4) | grad=1.410 | tok/s=25,209 | tokens=2.73B
step= 83440 | loss=2.9499 | lr=3.00e-04 | wd=0.0453 | mom=0.9500 | T=7.0 k=4.0 (mu_rec=8 mu_bwd=4) | grad=1.081 | tok/s=22,281 | tokens=2.73B
step= 83450 | loss=3.0970 | lr=3.00e-04 | wd=0.0453 | mom=0.9500 | T=11.2 k=4.0 (mu_rec=8 mu_bwd=4) | grad=0.873 | tok/s=23,194 | tokens=2.73B
step= 83460 | loss=3.4836 | lr=3.00e-04 | wd=0.0453 | mom=0.9500 | T=11.5 k=4.0 (mu_rec=8 mu_bwd=4) | grad=1.125 | tok/s=24,631 | tokens=2.73B
step= 83470 | loss=3.1555 | lr=3.00e-04 | wd=0.0453 | mom=0.9500 | T=6.5 k=3.2 (mu_rec=8 mu_bwd=4) | grad=1.091 | tok/s=23,471 | tokens=2.74B
step= 83480 | loss=3.3602 | lr=3.00e-04 | wd=0.0453 | mom=0.9500 | T=10.2 k=4.0 (mu_rec=8 mu_bwd=4) | grad=1.295 | tok/s=23,435 | tokens=2.74B
step= 83490 | loss=3.1045 | lr=3.00e-04 | wd=0.0453 | mom=0.9500 | T=12.0 k=4.0 (mu_rec=8 mu_bwd=4) | grad=1.971 | tok/s=22,429 | tokens=2.74B
step= 83500 | loss=3.0989 | lr=3.00e-04 | wd=0.0453 | mom=0.9500 | T=9.5 k=3.8 (mu_rec=8 mu_bwd=4) | grad=1.449 | tok/s=23,728 | tokens=2.74B
step= 83510 | loss=2.8940 | lr=3.00e-04 | wd=0.0453 | mom=0.9500 | T=8.0 k=4.0 (mu_rec=8 mu_bwd=4) | grad=1.227 | tok/s=23,730 | tokens=2.74B
step= 83520 | loss=3.0903 | lr=3.00e-04 | wd=0.0453 | mom=0.9500 | T=14.8 k=4.0 (mu_rec=8 mu_bwd=4) | grad=1.059 | tok/s=25,732 | tokens=2.74B
step= 83530 | loss=3.4950 | lr=3.00e-04 | wd=0.0453 | mom=0.9500 | T=6.2 k=3.5 (mu_rec=8 mu_bwd=4) | grad=1.022 | tok/s=23,842 | tokens=2.74B
step= 83540 | loss=3.7300 | lr=3.00e-04 | wd=0.0453 | mom=0.9500 | T=8.5 k=3.8 (mu_rec=8 mu_bwd=4) | grad=1.052 | tok/s=23,413 | tokens=2.74B
step= 83550 | loss=3.3756 | lr=3.00e-04 | wd=0.0452 | mom=0.9500 | T=4.5 k=3.5 (mu_rec=8 mu_bwd=4) | grad=1.182 | tok/s=23,399 | tokens=2.74B
step= 83560 | loss=3.0026 | lr=3.00e-04 | wd=0.0452 | mom=0.9500 | T=8.5 k=3.2 (mu_rec=8 mu_bwd=4) | grad=1.261 | tok/s=22,455 | tokens=2.74B
step= 83570 | loss=2.9573 | lr=3.00e-04 | wd=0.0452 | mom=0.9500 | T=7.5 k=3.5 (mu_rec=8 mu_bwd=4) | grad=2.456 | tok/s=23,836 | tokens=2.74B
step= 83580 | loss=3.2459 | lr=3.00e-04 | wd=0.0452 | mom=0.9500 | T=8.8 k=3.5 (mu_rec=8 mu_bwd=4) | grad=1.868 | tok/s=23,951 | tokens=2.74B
step= 83590 | loss=3.3628 | lr=3.00e-04 | wd=0.0452 | mom=0.9500 | T=9.0 k=3.5 (mu_rec=8 mu_bwd=4) | grad=0.894 | tok/s=24,044 | tokens=2.74B
step= 83600 | loss=3.2344 | lr=3.00e-04 | wd=0.0452 | mom=0.9500 | T=8.0 k=3.2 (mu_rec=8 mu_bwd=4) | grad=1.458 | tok/s=25,206 | tokens=2.74B
step= 83610 | loss=3.1140 | lr=3.00e-04 | wd=0.0452 | mom=0.9500 | T=9.8 k=4.0 (mu_rec=8 mu_bwd=4) | grad=1.190 | tok/s=23,144 | tokens=2.74B
step= 83620 | loss=3.1936 | lr=3.00e-04 | wd=0.0452 | mom=0.9500 | T=6.5 k=4.0 (mu_rec=8 mu_bwd=4) | grad=1.134 | tok/s=22,888 | tokens=2.74B
step= 83630 | loss=2.9902 | lr=3.00e-04 | wd=0.0452 | mom=0.9500 | T=6.8 k=3.8 (mu_rec=8 mu_bwd=4) | grad=1.268 | tok/s=20,601 | tokens=2.74B
step= 83640 | loss=3.0958 | lr=3.00e-04 | wd=0.0452 | mom=0.9500 | T=8.5 k=4.0 (mu_rec=8 mu_bwd=4) | grad=1.135 | tok/s=23,852 | tokens=2.74B
step= 83650 | loss=3.1671 | lr=3.00e-04 | wd=0.0452 | mom=0.9500 | T=6.2 k=4.0 (mu_rec=8 mu_bwd=4) | grad=1.012 | tok/s=22,191 | tokens=2.74B
step= 83660 | loss=3.2583 | lr=3.00e-04 | wd=0.0452 | mom=0.9500 | T=6.8 k=3.0 (mu_rec=8 mu_bwd=4) | grad=3.271 | tok/s=22,398 | tokens=2.74B
step= 83670 | loss=3.2245 | lr=3.00e-04 | wd=0.0452 | mom=0.9500 | T=7.0 k=3.2 (mu_rec=8 mu_bwd=4) | grad=0.949 | tok/s=23,353 | tokens=2.74B
step= 83680 | loss=3.2222 | lr=3.00e-04 | wd=0.0452 | mom=0.9500 | T=6.5 k=3.2 (mu_rec=8 mu_bwd=4) | grad=1.065 | tok/s=22,855 | tokens=2.74B
step= 83690 | loss=3.2320 | lr=3.00e-04 | wd=0.0452 | mom=0.9500 | T=7.8 k=4.0 (mu_rec=8 mu_bwd=4) | grad=0.950 | tok/s=23,524 | tokens=2.74B
step= 83700 | loss=3.0527 | lr=3.00e-04 | wd=0.0451 | mom=0.9500 | T=10.0 k=4.0 (mu_rec=8 mu_bwd=4) | grad=0.822 | tok/s=22,912 | tokens=2.74B
step= 83710 | loss=3.0870 | lr=3.00e-04 | wd=0.0451 | mom=0.9500 | T=11.2 k=4.0 (mu_rec=8 mu_bwd=4) | grad=1.650 | tok/s=24,409 | tokens=2.74B
step= 83720 | loss=3.2161 | lr=3.00e-04 | wd=0.0451 | mom=0.9500 | T=5.5 k=3.8 (mu_rec=8 mu_bwd=4) | grad=1.142 | tok/s=22,608 | tokens=2.74B
step= 83730 | loss=3.0570 | lr=3.00e-04 | wd=0.0451 | mom=0.9500 | T=5.8 k=3.8 (mu_rec=8 mu_bwd=4) | grad=1.494 | tok/s=23,642 | tokens=2.74B
step= 83740 | loss=3.1361 | lr=3.00e-04 | wd=0.0451 | mom=0.9500 | T=12.8 k=4.0 (mu_rec=8 mu_bwd=4) | grad=1.107 | tok/s=23,003 | tokens=2.74B
step= 83750 | loss=3.2465 | lr=3.00e-04 | wd=0.0451 | mom=0.9500 | T=6.2 k=4.0 (mu_rec=8 mu_bwd=4) | grad=0.886 | tok/s=23,097 | tokens=2.74B
step= 83760 | loss=3.1333 | lr=3.00e-04 | wd=0.0451 | mom=0.9500 | T=1.8 k=1.8 (mu_rec=8 mu_bwd=4) | grad=3.153 | tok/s=23,774 | tokens=2.74B
step= 83770 | loss=2.6007 | lr=3.00e-04 | wd=0.0451 | mom=0.9500 | T=8.2 k=3.8 (mu_rec=8 mu_bwd=4) | grad=3.275 | tok/s=24,320 | tokens=2.74B
step= 83780 | loss=3.1677 | lr=3.00e-04 | wd=0.0451 | mom=0.9500 | T=8.2 k=4.0 (mu_rec=8 mu_bwd=4) | grad=1.138 | tok/s=23,512 | tokens=2.75B
step= 83790 | loss=3.6427 | lr=3.00e-04 | wd=0.0451 | mom=0.9500 | T=11.8 k=4.0 (mu_rec=8 mu_bwd=4) | grad=1.183 | tok/s=22,353 | tokens=2.75B
step= 83800 | loss=3.3762 | lr=3.00e-04 | wd=0.0451 | mom=0.9500 | T=6.0 k=3.5 (mu_rec=8 mu_bwd=4) | grad=0.943 | tok/s=24,726 | tokens=2.75B
step= 83810 | loss=3.3360 | lr=3.00e-04 | wd=0.0451 | mom=0.9500 | T=9.8 k=4.0 (mu_rec=8 mu_bwd=4) | grad=1.277 | tok/s=23,079 | tokens=2.75B
step= 83820 | loss=3.0104 | lr=3.00e-04 | wd=0.0451 | mom=0.9500 | T=8.2 k=3.8 (mu_rec=8 mu_bwd=4) | grad=1.093 | tok/s=23,462 | tokens=2.75B
step= 83830 | loss=3.5018 | lr=3.00e-04 | wd=0.0451 | mom=0.9500 | T=10.0 k=3.8 (mu_rec=8 mu_bwd=4) | grad=1.377 | tok/s=24,621 | tokens=2.75B
step= 83840 | loss=3.4640 | lr=3.00e-04 | wd=0.0451 | mom=0.9500 | T=13.2 k=4.0 (mu_rec=8 mu_bwd=4) | grad=1.131 | tok/s=21,287 | tokens=2.75B
step= 83850 | loss=3.1681 | lr=3.00e-04 | wd=0.0450 | mom=0.9500 | T=6.0 k=3.5 (mu_rec=8 mu_bwd=4) | grad=0.954 | tok/s=26,380 | tokens=2.75B
step= 83860 | loss=3.1382 | lr=3.00e-04 | wd=0.0450 | mom=0.9500 | T=10.5 k=3.2 (mu_rec=8 mu_bwd=4) | grad=1.090 | tok/s=23,812 | tokens=2.75B
step= 83870 | loss=3.2660 | lr=3.00e-04 | wd=0.0450 | mom=0.9500 | T=10.8 k=4.0 (mu_rec=8 mu_bwd=4) | grad=1.218 | tok/s=23,521 | tokens=2.75B
step= 83880 | loss=3.4133 | lr=3.00e-04 | wd=0.0450 | mom=0.9500 | T=7.2 k=4.0 (mu_rec=8 mu_bwd=4) | grad=1.229 | tok/s=24,678 | tokens=2.75B
step= 83890 | loss=3.0678 | lr=3.00e-04 | wd=0.0450 | mom=0.9500 | T=5.5 k=3.5 (mu_rec=8 mu_bwd=4) | grad=1.502 | tok/s=23,858 | tokens=2.75B
step= 83900 | loss=3.0305 | lr=3.00e-04 | wd=0.0450 | mom=0.9500 | T=13.0 k=3.5 (mu_rec=8 mu_bwd=4) | grad=0.862 | tok/s=22,997 | tokens=2.75B
step= 83910 | loss=3.2615 | lr=3.00e-04 | wd=0.0450 | mom=0.9500 | T=12.0 k=3.5 (mu_rec=8 mu_bwd=4) | grad=1.006 | tok/s=23,950 | tokens=2.75B
step= 83920 | loss=3.3419 | lr=3.00e-04 | wd=0.0450 | mom=0.9500 | T=7.2 k=3.8 (mu_rec=8 mu_bwd=4) | grad=1.127 | tok/s=23,073 | tokens=2.75B
step= 83930 | loss=3.3117 | lr=3.00e-04 | wd=0.0450 | mom=0.9500 | T=4.5 k=3.2 (mu_rec=8 mu_bwd=4) | grad=0.989 | tok/s=22,933 | tokens=2.75B
step= 83940 | loss=3.3404 | lr=3.00e-04 | wd=0.0450 | mom=0.9500 | T=5.0 k=3.5 (mu_rec=8 mu_bwd=4) | grad=0.964 | tok/s=22,832 | tokens=2.75B
step= 83950 | loss=3.2830 | lr=3.00e-04 | wd=0.0450 | mom=0.9500 | T=8.5 k=4.0 (mu_rec=8 mu_bwd=4) | grad=0.909 | tok/s=24,709 | tokens=2.75B
step= 83960 | loss=3.1135 | lr=3.00e-04 | wd=0.0450 | mom=0.9500 | T=6.5 k=4.0 (mu_rec=8 mu_bwd=4) | grad=0.956 | tok/s=22,764 | tokens=2.75B
step= 83970 | loss=3.5930 | lr=3.00e-04 | wd=0.0450 | mom=0.9500 | T=10.8 k=4.0 (mu_rec=8 mu_bwd=4) | grad=1.042 | tok/s=24,348 | tokens=2.75B
step= 83980 | loss=3.2028 | lr=3.00e-04 | wd=0.0450 | mom=0.9500 | T=11.2 k=4.0 (mu_rec=8 mu_bwd=4) | grad=1.207 | tok/s=24,114 | tokens=2.75B
step= 83990 | loss=3.4381 | lr=3.00e-04 | wd=0.0450 | mom=0.9500 | T=5.5 k=3.0 (mu_rec=8 mu_bwd=4) | grad=0.946 | tok/s=25,111 | tokens=2.75B
step= 84000 | loss=3.0238 | lr=3.00e-04 | wd=0.0450 | mom=0.9500 | T=7.2 k=4.0 (mu_rec=8 mu_bwd=4) | grad=0.899 | tok/s=22,106 | tokens=2.75B
[step 84000] Saved -> runs/cortex-5b-k4/checkpoint_0084000
[step 84000] Pruned -> runs/cortex-5b-k4/checkpoint_0078000
step= 84010 | loss=2.9917 | lr=3.00e-04 | wd=0.0449 | mom=0.9500 | T=11.2 k=4.0 (mu_rec=8 mu_bwd=4) | grad=1.163 | tok/s=7,161 | tokens=2.75B
step= 84020 | loss=3.0096 | lr=3.00e-04 | wd=0.0449 | mom=0.9500 | T=5.0 k=3.2 (mu_rec=8 mu_bwd=4) | grad=1.057 | tok/s=22,935 | tokens=2.75B
step= 84030 | loss=3.5979 | lr=3.00e-04 | wd=0.0449 | mom=0.9500 | T=11.2 k=4.0 (mu_rec=8 mu_bwd=4) | grad=0.991 | tok/s=22,240 | tokens=2.75B
step= 84040 | loss=3.3482 | lr=3.00e-04 | wd=0.0449 | mom=0.9500 | T=8.2 k=4.0 (mu_rec=8 mu_bwd=4) | grad=1.148 | tok/s=23,048 | tokens=2.75B
step= 84050 | loss=3.2785 | lr=3.00e-04 | wd=0.0449 | mom=0.9500 | T=9.5 k=3.8 (mu_rec=8 mu_bwd=4) | grad=1.110 | tok/s=24,298 | tokens=2.75B
step= 84060 | loss=3.3133 | lr=3.00e-04 | wd=0.0449 | mom=0.9500 | T=10.2 k=3.5 (mu_rec=8 mu_bwd=4) | grad=0.996 | tok/s=24,091 | tokens=2.75B
step= 84070 | loss=3.8088 | lr=3.00e-04 | wd=0.0449 | mom=0.9500 | T=7.5 k=4.0 (mu_rec=8 mu_bwd=4) | grad=1.133 | tok/s=25,019 | tokens=2.75B
step= 84080 | loss=3.3612 | lr=3.00e-04 | wd=0.0449 | mom=0.9500 | T=4.5 k=3.5 (mu_rec=8 mu_bwd=4) | grad=1.194 | tok/s=24,353 | tokens=2.76B
step= 84090 | loss=3.0042 | lr=3.00e-04 | wd=0.0449 | mom=0.9500 | T=5.8 k=4.0 (mu_rec=8 mu_bwd=4) | grad=1.730 | tok/s=23,979 | tokens=2.76B
step= 84100 | loss=3.3875 | lr=3.00e-04 | wd=0.0449 | mom=0.9500 | T=10.8 k=3.8 (mu_rec=8 mu_bwd=4) | grad=1.138 | tok/s=24,372 | tokens=2.76B
step= 84110 | loss=3.2161 | lr=3.00e-04 | wd=0.0449 | mom=0.9500 | T=6.8 k=3.5 (mu_rec=8 mu_bwd=4) | grad=1.231 | tok/s=23,161 | tokens=2.76B
step= 84120 | loss=3.2251 | lr=3.00e-04 | wd=0.0449 | mom=0.9500 | T=10.8 k=4.0 (mu_rec=8 mu_bwd=4) | grad=1.123 | tok/s=9,732 | tokens=2.76B
step= 84130 | loss=3.0878 | lr=3.00e-04 | wd=0.0449 | mom=0.9500 | T=4.5 k=3.5 (mu_rec=8 mu_bwd=4) | grad=0.887 | tok/s=24,139 | tokens=2.76B
step= 84140 | loss=3.3622 | lr=3.00e-04 | wd=0.0449 | mom=0.9500 | T=7.8 k=3.5 (mu_rec=8 mu_bwd=4) | grad=1.508 | tok/s=22,806 | tokens=2.76B
step= 84150 | loss=3.1985 | lr=3.00e-04 | wd=0.0449 | mom=0.9500 | T=4.5 k=4.0 (mu_rec=8 mu_bwd=4) | grad=1.103 | tok/s=23,089 | tokens=2.76B
step= 84160 | loss=3.0441 | lr=3.00e-04 | wd=0.0448 | mom=0.9500 | T=8.5 k=4.0 (mu_rec=8 mu_bwd=4) | grad=0.966 | tok/s=24,308 | tokens=2.76B
step= 84170 | loss=3.3863 | lr=3.00e-04 | wd=0.0448 | mom=0.9500 | T=12.2 k=4.0 (mu_rec=8 mu_bwd=4) | grad=1.027 | tok/s=23,312 | tokens=2.76B
step= 84180 | loss=3.3025 | lr=3.00e-04 | wd=0.0448 | mom=0.9500 | T=15.5 k=3.8 (mu_rec=8 mu_bwd=4) | grad=1.098 | tok/s=23,947 | tokens=2.76B
step= 84190 | loss=3.1176 | lr=3.00e-04 | wd=0.0448 | mom=0.9500 | T=8.2 k=4.0 (mu_rec=8 mu_bwd=4) | grad=1.087 | tok/s=24,304 | tokens=2.76B
step= 84200 | loss=3.1120 | lr=3.00e-04 | wd=0.0448 | mom=0.9500 | T=6.0 k=3.5 (mu_rec=8 mu_bwd=4) | grad=1.299 | tok/s=23,295 | tokens=2.76B
step= 84210 | loss=3.1153 | lr=3.00e-04 | wd=0.0448 | mom=0.9500 | T=5.8 k=4.0 (mu_rec=8 mu_bwd=4) | grad=0.957 | tok/s=22,947 | tokens=2.76B
step= 84220 | loss=3.4860 | lr=3.00e-04 | wd=0.0448 | mom=0.9500 | T=10.0 k=4.0 (mu_rec=8 mu_bwd=4) | grad=0.960 | tok/s=21,981 | tokens=2.76B
step= 84230 | loss=3.3347 | lr=3.00e-04 | wd=0.0448 | mom=0.9500 | T=6.0 k=3.5 (mu_rec=8 mu_bwd=4) | grad=1.176 | tok/s=23,197 | tokens=2.76B
step= 84240 | loss=3.3399 | lr=3.00e-04 | wd=0.0448 | mom=0.9500 | T=4.5 k=3.2 (mu_rec=8 mu_bwd=4) | grad=1.104 | tok/s=24,347 | tokens=2.76B
step= 84250 | loss=3.4897 | lr=3.00e-04 | wd=0.0448 | mom=0.9500 | T=8.8 k=4.0 (mu_rec=8 mu_bwd=4) | grad=0.924 | tok/s=24,897 | tokens=2.76B
step= 84260 | loss=3.4304 | lr=3.00e-04 | wd=0.0448 | mom=0.9500 | T=8.8 k=3.2 (mu_rec=8 mu_bwd=4) | grad=1.312 | tok/s=21,713 | tokens=2.76B
step= 84270 | loss=3.1548 | lr=3.00e-04 | wd=0.0448 | mom=0.9500 | T=10.2 k=4.0 (mu_rec=8 mu_bwd=4) | grad=1.007 | tok/s=23,125 | tokens=2.76B
step= 84280 | loss=3.1927 | lr=3.00e-04 | wd=0.0448 | mom=0.9500 | T=8.2 k=4.0 (mu_rec=8 mu_bwd=4) | grad=1.128 | tok/s=22,275 | tokens=2.76B
step= 84290 | loss=3.0990 | lr=3.00e-04 | wd=0.0448 | mom=0.9500 | T=6.8 k=4.0 (mu_rec=8 mu_bwd=4) | grad=1.212 | tok/s=23,869 | tokens=2.76B
step= 84300 | loss=3.0528 | lr=3.00e-04 | wd=0.0448 | mom=0.9500 | T=6.2 k=4.0 (mu_rec=8 mu_bwd=4) | grad=1.186 | tok/s=22,619 | tokens=2.76B
step= 84310 | loss=3.5121 | lr=3.00e-04 | wd=0.0447 | mom=0.9500 | T=6.8 k=4.0 (mu_rec=8 mu_bwd=4) | grad=1.436 | tok/s=23,584 | tokens=2.76B
step= 84320 | loss=3.4453 | lr=3.00e-04 | wd=0.0447 | mom=0.9500 | T=8.5 k=4.0 (mu_rec=8 mu_bwd=4) | grad=0.942 | tok/s=24,975 | tokens=2.76B
step= 84330 | loss=2.9134 | lr=3.00e-04 | wd=0.0447 | mom=0.9500 | T=7.0 k=3.5 (mu_rec=8 mu_bwd=4) | grad=1.235 | tok/s=22,270 | tokens=2.76B
step= 84340 | loss=3.1780 | lr=3.00e-04 | wd=0.0447 | mom=0.9500 | T=7.2 k=4.0 (mu_rec=8 mu_bwd=4) | grad=2.164 | tok/s=24,184 | tokens=2.76B
step= 84350 | loss=3.0824 | lr=3.00e-04 | wd=0.0447 | mom=0.9500 | T=4.8 k=2.8 (mu_rec=8 mu_bwd=4) | grad=1.447 | tok/s=24,810 | tokens=2.76B
step= 84360 | loss=3.0641 | lr=3.00e-04 | wd=0.0447 | mom=0.9500 | T=6.2 k=3.5 (mu_rec=8 mu_bwd=4) | grad=1.003 | tok/s=23,825 | tokens=2.76B
step= 84370 | loss=3.2260 | lr=3.00e-04 | wd=0.0447 | mom=0.9500 | T=5.2 k=3.8 (mu_rec=8 mu_bwd=4) | grad=0.950 | tok/s=23,890 | tokens=2.76B
step= 84380 | loss=3.3968 | lr=3.00e-04 | wd=0.0447 | mom=0.9500 | T=10.2 k=4.0 (mu_rec=8 mu_bwd=4) | grad=0.960 | tok/s=23,533 | tokens=2.76B
step= 84390 | loss=3.3982 | lr=3.00e-04 | wd=0.0447 | mom=0.9500 | T=2.5 k=2.0 (mu_rec=8 mu_bwd=4) | grad=1.330 | tok/s=22,309 | tokens=2.77B
step= 84400 | loss=3.5695 | lr=3.00e-04 | wd=0.0447 | mom=0.9500 | T=6.5 k=4.0 (mu_rec=8 mu_bwd=4) | grad=1.238 | tok/s=23,657 | tokens=2.77B
step= 84410 | loss=3.2096 | lr=3.00e-04 | wd=0.0447 | mom=0.9500 | T=9.8 k=3.5 (mu_rec=8 mu_bwd=4) | grad=1.088 | tok/s=23,168 | tokens=2.77B
step= 84420 | loss=3.4582 | lr=3.00e-04 | wd=0.0447 | mom=0.9500 | T=10.8 k=4.0 (mu_rec=8 mu_bwd=4) | grad=1.107 | tok/s=23,107 | tokens=2.77B
step= 84430 | loss=3.2282 | lr=3.00e-04 | wd=0.0447 | mom=0.9500 | T=10.8 k=4.0 (mu_rec=8 mu_bwd=4) | grad=0.934 | tok/s=21,923 | tokens=2.77B
step= 84440 | loss=3.2719 | lr=3.00e-04 | wd=0.0447 | mom=0.9500 | T=11.2 k=4.0 (mu_rec=8 mu_bwd=4) | grad=1.016 | tok/s=23,105 | tokens=2.77B
step= 84450 | loss=2.6987 | lr=3.00e-04 | wd=0.0447 | mom=0.9500 | T=8.0 k=3.5 (mu_rec=8 mu_bwd=4) | grad=1.056 | tok/s=23,065 | tokens=2.77B
step= 84460 | loss=3.2303 | lr=3.00e-04 | wd=0.0446 | mom=0.9500 | T=5.8 k=3.2 (mu_rec=8 mu_bwd=4) | grad=1.317 | tok/s=23,049 | tokens=2.77B
step= 84470 | loss=3.4342 | lr=3.00e-04 | wd=0.0446 | mom=0.9500 | T=5.8 k=3.8 (mu_rec=8 mu_bwd=4) | grad=1.171 | tok/s=23,664 | tokens=2.77B
step= 84480 | loss=3.2170 | lr=3.00e-04 | wd=0.0446 | mom=0.9500 | T=10.5 k=3.8 (mu_rec=8 mu_bwd=4) | grad=1.146 | tok/s=23,543 | tokens=2.77B
step= 84490 | loss=2.9625 | lr=3.00e-04 | wd=0.0446 | mom=0.9500 | T=3.5 k=3.2 (mu_rec=8 mu_bwd=4) | grad=1.064 | tok/s=24,522 | tokens=2.77B
step= 84500 | loss=3.4220 | lr=3.00e-04 | wd=0.0446 | mom=0.9500 | T=9.2 k=4.0 (mu_rec=8 mu_bwd=4) | grad=2.974 | tok/s=23,705 | tokens=2.77B
step= 84510 | loss=3.2044 | lr=3.00e-04 | wd=0.0446 | mom=0.9500 | T=11.2 k=4.0 (mu_rec=8 mu_bwd=4) | grad=1.381 | tok/s=22,098 | tokens=2.77B
step= 84520 | loss=3.2441 | lr=3.00e-04 | wd=0.0446 | mom=0.9500 | T=6.8 k=4.0 (mu_rec=8 mu_bwd=4) | grad=1.370 | tok/s=22,432 | tokens=2.77B
step= 84530 | loss=3.2220 | lr=3.00e-04 | wd=0.0446 | mom=0.9500 | T=9.0 k=4.0 (mu_rec=8 mu_bwd=4) | grad=1.174 | tok/s=22,902 | tokens=2.77B
step= 84540 | loss=3.2739 | lr=3.00e-04 | wd=0.0446 | mom=0.9500 | T=14.2 k=4.0 (mu_rec=8 mu_bwd=4) | grad=0.979 | tok/s=24,036 | tokens=2.77B
step= 84550 | loss=3.0311 | lr=3.00e-04 | wd=0.0446 | mom=0.9500 | T=6.5 k=3.2 (mu_rec=8 mu_bwd=4) | grad=1.076 | tok/s=23,625 | tokens=2.77B
step= 84560 | loss=3.2709 | lr=3.00e-04 | wd=0.0446 | mom=0.9500 | T=9.5 k=4.0 (mu_rec=8 mu_bwd=4) | grad=0.892 | tok/s=26,057 | tokens=2.77B
step= 84570 | loss=3.0787 | lr=3.00e-04 | wd=0.0446 | mom=0.9500 | T=8.0 k=4.0 (mu_rec=8 mu_bwd=4) | grad=1.242 | tok/s=23,999 | tokens=2.77B
step= 84580 | loss=3.4853 | lr=3.00e-04 | wd=0.0446 | mom=0.9500 | T=7.8 k=4.0 (mu_rec=8 mu_bwd=4) | grad=1.979 | tok/s=23,452 | tokens=2.77B
step= 84590 | loss=3.2732 | lr=3.00e-04 | wd=0.0446 | mom=0.9500 | T=9.0 k=3.2 (mu_rec=8 mu_bwd=4) | grad=0.881 | tok/s=22,778 | tokens=2.77B
step= 84600 | loss=3.1960 | lr=3.00e-04 | wd=0.0446 | mom=0.9500 | T=8.5 k=4.0 (mu_rec=8 mu_bwd=4) | grad=1.341 | tok/s=23,804 | tokens=2.77B
step= 84610 | loss=3.3807 | lr=3.00e-04 | wd=0.0446 | mom=0.9500 | T=8.5 k=4.0 (mu_rec=8 mu_bwd=4) | grad=2.326 | tok/s=22,902 | tokens=2.77B
step= 84620 | loss=2.8468 | lr=3.00e-04 | wd=0.0445 | mom=0.9500 | T=10.0 k=3.8 (mu_rec=8 mu_bwd=4) | grad=1.087 | tok/s=24,174 | tokens=2.77B
step= 84630 | loss=3.0083 | lr=3.00e-04 | wd=0.0445 | mom=0.9500 | T=6.0 k=3.2 (mu_rec=8 mu_bwd=4) | grad=1.609 | tok/s=24,266 | tokens=2.77B
step= 84640 | loss=3.1371 | lr=3.00e-04 | wd=0.0445 | mom=0.9500 | T=10.8 k=3.8 (mu_rec=8 mu_bwd=4) | grad=1.413 | tok/s=22,829 | tokens=2.77B
step= 84650 | loss=3.3277 | lr=3.00e-04 | wd=0.0445 | mom=0.9500 | T=5.2 k=3.2 (mu_rec=8 mu_bwd=4) | grad=1.121 | tok/s=26,609 | tokens=2.77B
step= 84660 | loss=3.0693 | lr=3.00e-04 | wd=0.0445 | mom=0.9500 | T=11.0 k=3.2 (mu_rec=8 mu_bwd=4) | grad=1.844 | tok/s=24,149 | tokens=2.77B
step= 84670 | loss=3.2422 | lr=3.00e-04 | wd=0.0445 | mom=0.9500 | T=7.5 k=3.5 (mu_rec=8 mu_bwd=4) | grad=1.054 | tok/s=23,583 | tokens=2.77B
step= 84680 | loss=3.3162 | lr=3.00e-04 | wd=0.0445 | mom=0.9500 | T=7.8 k=4.0 (mu_rec=8 mu_bwd=4) | grad=1.003 | tok/s=23,487 | tokens=2.77B
step= 84690 | loss=3.4245 | lr=3.00e-04 | wd=0.0445 | mom=0.9500 | T=7.5 k=2.5 (mu_rec=8 mu_bwd=4) | grad=2.322 | tok/s=25,509 | tokens=2.78B
step= 84700 | loss=3.7013 | lr=3.00e-04 | wd=0.0445 | mom=0.9500 | T=7.8 k=3.5 (mu_rec=8 mu_bwd=4) | grad=1.225 | tok/s=24,292 | tokens=2.78B
step= 84710 | loss=3.2568 | lr=3.00e-04 | wd=0.0445 | mom=0.9500 | T=10.0 k=4.0 (mu_rec=8 mu_bwd=4) | grad=0.961 | tok/s=21,225 | tokens=2.78B
step= 84720 | loss=3.2687 | lr=3.00e-04 | wd=0.0445 | mom=0.9500 | T=7.8 k=3.8 (mu_rec=8 mu_bwd=4) | grad=1.104 | tok/s=22,353 | tokens=2.78B
step= 84730 | loss=3.0098 | lr=3.00e-04 | wd=0.0445 | mom=0.9500 | T=7.2 k=3.2 (mu_rec=8 mu_bwd=4) | grad=1.207 | tok/s=25,147 | tokens=2.78B
step= 84740 | loss=3.7376 | lr=3.00e-04 | wd=0.0445 | mom=0.9500 | T=5.5 k=3.2 (mu_rec=8 mu_bwd=4) | grad=1.218 | tok/s=22,814 | tokens=2.78B
step= 84750 | loss=3.5988 | lr=3.00e-04 | wd=0.0445 | mom=0.9500 | T=8.5 k=4.0 (mu_rec=8 mu_bwd=4) | grad=1.070 | tok/s=24,611 | tokens=2.78B
step= 84760 | loss=3.3830 | lr=3.00e-04 | wd=0.0445 | mom=0.9500 | T=8.2 k=3.8 (mu_rec=8 mu_bwd=4) | grad=1.229 | tok/s=24,689 | tokens=2.78B
step= 84770 | loss=3.2350 | lr=3.00e-04 | wd=0.0444 | mom=0.9500 | T=14.2 k=3.2 (mu_rec=8 mu_bwd=4) | grad=1.103 | tok/s=22,477 | tokens=2.78B
step= 84780 | loss=3.3729 | lr=3.00e-04 | wd=0.0444 | mom=0.9500 | T=6.0 k=4.0 (mu_rec=8 mu_bwd=4) | grad=1.386 | tok/s=23,925 | tokens=2.78B
step= 84790 | loss=3.2015 | lr=3.00e-04 | wd=0.0444 | mom=0.9500 | T=5.5 k=3.5 (mu_rec=8 mu_bwd=4) | grad=1.262 | tok/s=28,111 | tokens=2.78B
step= 84800 | loss=3.1158 | lr=3.00e-04 | wd=0.0444 | mom=0.9500 | T=6.5 k=3.8 (mu_rec=8 mu_bwd=4) | grad=0.917 | tok/s=23,210 | tokens=2.78B
step= 84810 | loss=3.1675 | lr=3.00e-04 | wd=0.0444 | mom=0.9500 | T=6.2 k=3.2 (mu_rec=8 mu_bwd=4) | grad=1.229 | tok/s=23,745 | tokens=2.78B
step= 84820 | loss=3.2179 | lr=3.00e-04 | wd=0.0444 | mom=0.9500 | T=13.2 k=3.8 (mu_rec=8 mu_bwd=4) | grad=1.171 | tok/s=23,738 | tokens=2.78B
step= 84830 | loss=3.2561 | lr=3.00e-04 | wd=0.0444 | mom=0.9500 | T=13.5 k=4.0 (mu_rec=8 mu_bwd=4) | grad=1.197 | tok/s=23,563 | tokens=2.78B
step= 84840 | loss=3.2044 | lr=3.00e-04 | wd=0.0444 | mom=0.9500 | T=5.5 k=4.0 (mu_rec=8 mu_bwd=4) | grad=1.030 | tok/s=24,013 | tokens=2.78B
step= 84850 | loss=3.4117 | lr=3.00e-04 | wd=0.0444 | mom=0.9500 | T=10.8 k=4.0 (mu_rec=8 mu_bwd=4) | grad=0.881 | tok/s=21,295 | tokens=2.78B
step= 84860 | loss=3.4108 | lr=3.00e-04 | wd=0.0444 | mom=0.9500 | T=10.5 k=4.0 (mu_rec=8 mu_bwd=4) | grad=0.922 | tok/s=25,614 | tokens=2.78B
step= 84870 | loss=3.2292 | lr=3.00e-04 | wd=0.0444 | mom=0.9500 | T=9.5 k=4.0 (mu_rec=8 mu_bwd=4) | grad=1.474 | tok/s=23,249 | tokens=2.78B
step= 84880 | loss=3.1784 | lr=3.00e-04 | wd=0.0444 | mom=0.9500 | T=6.8 k=4.0 (mu_rec=8 mu_bwd=4) | grad=0.993 | tok/s=23,409 | tokens=2.78B
step= 84890 | loss=3.2410 | lr=3.00e-04 | wd=0.0444 | mom=0.9500 | T=5.0 k=3.5 (mu_rec=8 mu_bwd=4) | grad=1.760 | tok/s=22,913 | tokens=2.78B
step= 84900 | loss=3.3745 | lr=3.00e-04 | wd=0.0444 | mom=0.9500 | T=12.5 k=4.0 (mu_rec=8 mu_bwd=4) | grad=0.883 | tok/s=22,110 | tokens=2.78B
step= 84910 | loss=3.0330 | lr=3.00e-04 | wd=0.0444 | mom=0.9500 | T=8.5 k=4.0 (mu_rec=8 mu_bwd=4) | grad=0.934 | tok/s=22,752 | tokens=2.78B
step= 84920 | loss=3.0178 | lr=3.00e-04 | wd=0.0443 | mom=0.9500 | T=10.2 k=3.5 (mu_rec=8 mu_bwd=4) | grad=1.019 | tok/s=10,509 | tokens=2.78B
step= 84930 | loss=3.2678 | lr=3.00e-04 | wd=0.0443 | mom=0.9500 | T=13.2 k=3.5 (mu_rec=8 mu_bwd=4) | grad=0.905 | tok/s=22,831 | tokens=2.78B
step= 84940 | loss=3.1682 | lr=3.00e-04 | wd=0.0443 | mom=0.9500 | T=8.5 k=3.8 (mu_rec=8 mu_bwd=4) | grad=1.570 | tok/s=23,095 | tokens=2.78B
step= 84950 | loss=3.0497 | lr=3.00e-04 | wd=0.0443 | mom=0.9500 | T=10.0 k=4.0 (mu_rec=8 mu_bwd=4) | grad=1.456 | tok/s=23,288 | tokens=2.78B
step= 84960 | loss=3.2826 | lr=3.00e-04 | wd=0.0443 | mom=0.9500 | T=8.8 k=4.0 (mu_rec=8 mu_bwd=4) | grad=1.576 | tok/s=24,099 | tokens=2.78B
step= 84970 | loss=3.2078 | lr=3.00e-04 | wd=0.0443 | mom=0.9500 | T=6.2 k=4.0 (mu_rec=8 mu_bwd=4) | grad=3.590 | tok/s=23,793 | tokens=2.78B
step= 84980 | loss=3.2334 | lr=3.00e-04 | wd=0.0443 | mom=0.9500 | T=5.2 k=3.8 (mu_rec=8 mu_bwd=4) | grad=1.086 | tok/s=23,787 | tokens=2.78B
step= 84990 | loss=3.2813 | lr=3.00e-04 | wd=0.0443 | mom=0.9500 | T=2.5 k=2.5 (mu_rec=8 mu_bwd=4) | grad=1.001 | tok/s=23,976 | tokens=2.78B
step= 85000 | loss=3.6146 | lr=3.00e-04 | wd=0.0443 | mom=0.9500 | T=11.0 k=4.0 (mu_rec=8 mu_bwd=4) | grad=1.084 | tok/s=24,181 | tokens=2.79B
step= 85010 | loss=3.1909 | lr=3.00e-04 | wd=0.0443 | mom=0.9500 | T=12.5 k=4.0 (mu_rec=8 mu_bwd=4) | grad=0.997 | tok/s=21,954 | tokens=2.79B
step= 85020 | loss=3.3850 | lr=3.00e-04 | wd=0.0443 | mom=0.9500 | T=4.8 k=3.8 (mu_rec=8 mu_bwd=4) | grad=0.952 | tok/s=22,361 | tokens=2.79B
step= 85030 | loss=2.7795 | lr=3.00e-04 | wd=0.0443 | mom=0.9500 | T=12.5 k=4.0 (mu_rec=8 mu_bwd=4) | grad=1.024 | tok/s=24,084 | tokens=2.79B
step= 85040 | loss=2.9308 | lr=3.00e-04 | wd=0.0443 | mom=0.9500 | T=5.0 k=3.5 (mu_rec=8 mu_bwd=4) | grad=1.408 | tok/s=24,139 | tokens=2.79B
step= 85050 | loss=3.2328 | lr=3.00e-04 | wd=0.0443 | mom=0.9500 | T=10.0 k=3.8 (mu_rec=8 mu_bwd=4) | grad=1.330 | tok/s=22,531 | tokens=2.79B
step= 85060 | loss=2.9206 | lr=3.00e-04 | wd=0.0443 | mom=0.9500 | T=9.0 k=3.8 (mu_rec=8 mu_bwd=4) | grad=1.547 | tok/s=23,315 | tokens=2.79B
step= 85070 | loss=3.0634 | lr=3.00e-04 | wd=0.0442 | mom=0.9500 | T=9.8 k=4.0 (mu_rec=8 mu_bwd=4) | grad=1.242 | tok/s=10,529 | tokens=2.79B
step= 85080 | loss=3.3023 | lr=3.00e-04 | wd=0.0442 | mom=0.9500 | T=14.8 k=3.8 (mu_rec=8 mu_bwd=4) | grad=1.248 | tok/s=24,477 | tokens=2.79B
step= 85090 | loss=3.2286 | lr=3.00e-04 | wd=0.0442 | mom=0.9500 | T=7.5 k=4.0 (mu_rec=8 mu_bwd=4) | grad=0.844 | tok/s=24,131 | tokens=2.79B
step= 85100 | loss=3.3058 | lr=3.00e-04 | wd=0.0442 | mom=0.9500 | T=7.8 k=3.2 (mu_rec=8 mu_bwd=4) | grad=1.156 | tok/s=23,270 | tokens=2.79B
step= 85110 | loss=3.4102 | lr=3.00e-04 | wd=0.0442 | mom=0.9500 | T=6.0 k=4.0 (mu_rec=8 mu_bwd=4) | grad=1.099 | tok/s=23,680 | tokens=2.79B
step= 85120 | loss=3.0063 | lr=3.00e-04 | wd=0.0442 | mom=0.9500 | T=4.2 k=3.5 (mu_rec=8 mu_bwd=4) | grad=1.059 | tok/s=23,921 | tokens=2.79B
step= 85130 | loss=2.7482 | lr=3.00e-04 | wd=0.0442 | mom=0.9500 | T=6.2 k=4.0 (mu_rec=8 mu_bwd=4) | grad=1.075 | tok/s=23,621 | tokens=2.79B
step= 85140 | loss=3.0821 | lr=3.00e-04 | wd=0.0442 | mom=0.9500 | T=9.2 k=4.0 (mu_rec=8 mu_bwd=4) | grad=1.227 | tok/s=23,340 | tokens=2.79B
step= 85150 | loss=3.0510 | lr=3.00e-04 | wd=0.0442 | mom=0.9500 | T=6.0 k=3.2 (mu_rec=8 mu_bwd=4) | grad=1.109 | tok/s=23,903 | tokens=2.79B
step= 85160 | loss=3.0724 | lr=3.00e-04 | wd=0.0442 | mom=0.9500 | T=10.0 k=4.0 (mu_rec=8 mu_bwd=4) | grad=0.867 | tok/s=23,571 | tokens=2.79B
step= 85170 | loss=3.2565 | lr=3.00e-04 | wd=0.0442 | mom=0.9500 | T=8.5 k=4.0 (mu_rec=8 mu_bwd=4) | grad=1.239 | tok/s=21,584 | tokens=2.79B
step= 85180 | loss=3.1167 | lr=3.00e-04 | wd=0.0442 | mom=0.9500 | T=7.2 k=3.2 (mu_rec=8 mu_bwd=4) | grad=1.268 | tok/s=23,469 | tokens=2.79B
step= 85190 | loss=3.3060 | lr=3.00e-04 | wd=0.0442 | mom=0.9500 | T=12.5 k=3.8 (mu_rec=8 mu_bwd=4) | grad=1.071 | tok/s=24,215 | tokens=2.79B
step= 85200 | loss=3.1730 | lr=3.00e-04 | wd=0.0442 | mom=0.9500 | T=6.0 k=3.2 (mu_rec=8 mu_bwd=4) | grad=1.055 | tok/s=23,413 | tokens=2.79B
step= 85210 | loss=3.3638 | lr=3.00e-04 | wd=0.0442 | mom=0.9500 | T=3.2 k=3.0 (mu_rec=8 mu_bwd=4) | grad=1.888 | tok/s=25,241 | tokens=2.79B
step= 85220 | loss=2.9898 | lr=3.00e-04 | wd=0.0442 | mom=0.9500 | T=8.5 k=4.0 (mu_rec=8 mu_bwd=4) | grad=1.602 | tok/s=25,138 | tokens=2.79B
step= 85230 | loss=3.1040 | lr=3.00e-04 | wd=0.0441 | mom=0.9500 | T=6.0 k=3.2 (mu_rec=8 mu_bwd=4) | grad=0.959 | tok/s=24,012 | tokens=2.79B
step= 85240 | loss=3.1561 | lr=3.00e-04 | wd=0.0441 | mom=0.9500 | T=11.8 k=4.0 (mu_rec=8 mu_bwd=4) | grad=1.050 | tok/s=24,046 | tokens=2.79B
step= 85250 | loss=3.2310 | lr=3.00e-04 | wd=0.0441 | mom=0.9500 | T=8.2 k=3.8 (mu_rec=8 mu_bwd=4) | grad=1.797 | tok/s=22,849 | tokens=2.79B
step= 85260 | loss=3.0220 | lr=3.00e-04 | wd=0.0441 | mom=0.9500 | T=12.2 k=4.0 (mu_rec=8 mu_bwd=4) | grad=0.870 | tok/s=22,156 | tokens=2.79B
step= 85270 | loss=3.1923 | lr=3.00e-04 | wd=0.0441 | mom=0.9500 | T=9.2 k=4.0 (mu_rec=8 mu_bwd=4) | grad=0.937 | tok/s=22,681 | tokens=2.79B
step= 85280 | loss=3.2381 | lr=3.00e-04 | wd=0.0441 | mom=0.9500 | T=4.2 k=3.0 (mu_rec=8 mu_bwd=4) | grad=1.072 | tok/s=23,641 | tokens=2.79B
step= 85290 | loss=3.1502 | lr=3.00e-04 | wd=0.0441 | mom=0.9500 | T=7.0 k=3.0 (mu_rec=8 mu_bwd=4) | grad=2.162 | tok/s=23,803 | tokens=2.79B
step= 85300 | loss=3.5362 | lr=3.00e-04 | wd=0.0441 | mom=0.9500 | T=7.0 k=4.0 (mu_rec=8 mu_bwd=4) | grad=2.222 | tok/s=23,197 | tokens=2.80B
step= 85310 | loss=3.8477 | lr=3.00e-04 | wd=0.0441 | mom=0.9500 | T=7.0 k=4.0 (mu_rec=8 mu_bwd=4) | grad=1.726 | tok/s=24,702 | tokens=2.80B
step= 85320 | loss=3.2725 | lr=3.00e-04 | wd=0.0441 | mom=0.9500 | T=8.5 k=4.0 (mu_rec=8 mu_bwd=4) | grad=0.897 | tok/s=22,288 | tokens=2.80B
step= 85330 | loss=3.2086 | lr=3.00e-04 | wd=0.0441 | mom=0.9500 | T=10.5 k=4.0 (mu_rec=8 mu_bwd=4) | grad=0.876 | tok/s=23,691 | tokens=2.80B
step= 85340 | loss=2.8772 | lr=3.00e-04 | wd=0.0441 | mom=0.9500 | T=6.8 k=4.0 (mu_rec=8 mu_bwd=4) | grad=1.021 | tok/s=23,905 | tokens=2.80B
step= 85350 | loss=3.1573 | lr=3.00e-04 | wd=0.0441 | mom=0.9500 | T=4.0 k=3.0 (mu_rec=8 mu_bwd=4) | grad=1.133 | tok/s=26,829 | tokens=2.80B
step= 85360 | loss=3.1169 | lr=3.00e-04 | wd=0.0441 | mom=0.9500 | T=9.2 k=4.0 (mu_rec=8 mu_bwd=4) | grad=0.960 | tok/s=22,412 | tokens=2.80B
step= 85370 | loss=3.1039 | lr=3.00e-04 | wd=0.0441 | mom=0.9500 | T=5.0 k=3.5 (mu_rec=8 mu_bwd=4) | grad=1.092 | tok/s=24,956 | tokens=2.80B
step= 85380 | loss=3.0377 | lr=3.00e-04 | wd=0.0440 | mom=0.9500 | T=9.5 k=4.0 (mu_rec=8 mu_bwd=4) | grad=1.040 | tok/s=22,834 | tokens=2.80B
step= 85390 | loss=3.2675 | lr=3.00e-04 | wd=0.0440 | mom=0.9500 | T=10.0 k=3.5 (mu_rec=8 mu_bwd=4) | grad=5.701 | tok/s=23,697 | tokens=2.80B
step= 85400 | loss=3.1596 | lr=3.00e-04 | wd=0.0440 | mom=0.9500 | T=9.2 k=4.0 (mu_rec=8 mu_bwd=4) | grad=0.862 | tok/s=21,416 | tokens=2.80B
step= 85410 | loss=3.3580 | lr=3.00e-04 | wd=0.0440 | mom=0.9500 | T=9.8 k=4.0 (mu_rec=8 mu_bwd=4) | grad=1.217 | tok/s=23,697 | tokens=2.80B
step= 85420 | loss=3.3972 | lr=3.00e-04 | wd=0.0440 | mom=0.9500 | T=6.8 k=4.0 (mu_rec=8 mu_bwd=4) | grad=0.939 | tok/s=23,991 | tokens=2.80B
step= 85430 | loss=2.9074 | lr=3.00e-04 | wd=0.0440 | mom=0.9500 | T=7.0 k=3.2 (mu_rec=8 mu_bwd=4) | grad=0.926 | tok/s=23,928 | tokens=2.80B
step= 85440 | loss=3.3117 | lr=3.00e-04 | wd=0.0440 | mom=0.9500 | T=21.8 k=4.0 (mu_rec=8 mu_bwd=4) | grad=0.944 | tok/s=21,586 | tokens=2.80B
step= 85450 | loss=3.3012 | lr=3.00e-04 | wd=0.0440 | mom=0.9500 | T=11.0 k=4.0 (mu_rec=8 mu_bwd=4) | grad=1.337 | tok/s=22,942 | tokens=2.80B
step= 85460 | loss=3.1504 | lr=3.00e-04 | wd=0.0440 | mom=0.9500 | T=7.2 k=4.0 (mu_rec=8 mu_bwd=4) | grad=0.811 | tok/s=22,515 | tokens=2.80B
step= 85470 | loss=3.1524 | lr=3.00e-04 | wd=0.0440 | mom=0.9500 | T=9.5 k=4.0 (mu_rec=8 mu_bwd=4) | grad=1.191 | tok/s=23,126 | tokens=2.80B
step= 85480 | loss=3.1561 | lr=3.00e-04 | wd=0.0440 | mom=0.9500 | T=7.0 k=3.2 (mu_rec=8 mu_bwd=4) | grad=1.065 | tok/s=24,559 | tokens=2.80B
step= 85490 | loss=3.7037 | lr=3.00e-04 | wd=0.0440 | mom=0.9500 | T=14.2 k=4.0 (mu_rec=8 mu_bwd=4) | grad=1.373 | tok/s=23,524 | tokens=2.80B
step= 85500 | loss=3.8194 | lr=3.00e-04 | wd=0.0440 | mom=0.9500 | T=11.0 k=4.0 (mu_rec=8 mu_bwd=4) | grad=1.104 | tok/s=23,322 | tokens=2.80B
step= 85510 | loss=3.3735 | lr=3.00e-04 | wd=0.0440 | mom=0.9500 | T=8.8 k=4.0 (mu_rec=8 mu_bwd=4) | grad=1.028 | tok/s=21,983 | tokens=2.80B
step= 85520 | loss=3.1358 | lr=3.00e-04 | wd=0.0440 | mom=0.9500 | T=6.2 k=3.8 (mu_rec=8 mu_bwd=4) | grad=0.889 | tok/s=23,804 | tokens=2.80B
step= 85530 | loss=3.1274 | lr=3.00e-04 | wd=0.0439 | mom=0.9500 | T=7.0 k=3.2 (mu_rec=8 mu_bwd=4) | grad=1.545 | tok/s=22,952 | tokens=2.80B
step= 85540 | loss=3.3015 | lr=3.00e-04 | wd=0.0439 | mom=0.9500 | T=11.5 k=4.0 (mu_rec=8 mu_bwd=4) | grad=1.763 | tok/s=21,867 | tokens=2.80B
step= 85550 | loss=3.1291 | lr=3.00e-04 | wd=0.0439 | mom=0.9500 | T=5.0 k=3.8 (mu_rec=8 mu_bwd=4) | grad=1.602 | tok/s=23,532 | tokens=2.80B
step= 85560 | loss=3.5495 | lr=3.00e-04 | wd=0.0439 | mom=0.9500 | T=5.0 k=3.8 (mu_rec=8 mu_bwd=4) | grad=1.230 | tok/s=22,306 | tokens=2.80B
step= 85570 | loss=3.1337 | lr=3.00e-04 | wd=0.0439 | mom=0.9500 | T=5.8 k=4.0 (mu_rec=8 mu_bwd=4) | grad=1.010 | tok/s=23,930 | tokens=2.80B
step= 85580 | loss=3.1083 | lr=3.00e-04 | wd=0.0439 | mom=0.9500 | T=8.5 k=4.0 (mu_rec=8 mu_bwd=4) | grad=0.877 | tok/s=24,421 | tokens=2.80B
step= 85590 | loss=3.0583 | lr=3.00e-04 | wd=0.0439 | mom=0.9500 | T=3.5 k=2.8 (mu_rec=8 mu_bwd=4) | grad=0.959 | tok/s=25,210 | tokens=2.80B
step= 85600 | loss=3.4375 | lr=3.00e-04 | wd=0.0439 | mom=0.9500 | T=5.2 k=3.5 (mu_rec=8 mu_bwd=4) | grad=1.463 | tok/s=25,010 | tokens=2.80B
step= 85610 | loss=3.3768 | lr=3.00e-04 | wd=0.0439 | mom=0.9500 | T=7.8 k=4.0 (mu_rec=8 mu_bwd=4) | grad=1.045 | tok/s=24,509 | tokens=2.81B
step= 85620 | loss=3.0869 | lr=3.00e-04 | wd=0.0439 | mom=0.9500 | T=10.0 k=4.0 (mu_rec=8 mu_bwd=4) | grad=1.028 | tok/s=23,048 | tokens=2.81B
step= 85630 | loss=3.3526 | lr=3.00e-04 | wd=0.0439 | mom=0.9500 | T=7.5 k=3.8 (mu_rec=8 mu_bwd=4) | grad=1.283 | tok/s=24,494 | tokens=2.81B
step= 85640 | loss=3.2180 | lr=3.00e-04 | wd=0.0439 | mom=0.9500 | T=5.2 k=3.5 (mu_rec=8 mu_bwd=4) | grad=0.971 | tok/s=24,493 | tokens=2.81B
step= 85650 | loss=3.1922 | lr=3.00e-04 | wd=0.0439 | mom=0.9500 | T=8.0 k=3.5 (mu_rec=8 mu_bwd=4) | grad=0.891 | tok/s=22,363 | tokens=2.81B
step= 85660 | loss=3.0021 | lr=3.00e-04 | wd=0.0439 | mom=0.9500 | T=5.2 k=3.8 (mu_rec=8 mu_bwd=4) | grad=1.351 | tok/s=23,596 | tokens=2.81B
step= 85670 | loss=3.1461 | lr=3.00e-04 | wd=0.0439 | mom=0.9500 | T=5.2 k=3.0 (mu_rec=8 mu_bwd=4) | grad=0.968 | tok/s=23,506 | tokens=2.81B
step= 85680 | loss=3.2683 | lr=3.00e-04 | wd=0.0438 | mom=0.9500 | T=6.0 k=4.0 (mu_rec=8 mu_bwd=4) | grad=3.630 | tok/s=23,402 | tokens=2.81B
step= 85690 | loss=3.9031 | lr=3.00e-04 | wd=0.0438 | mom=0.9500 | T=6.8 k=3.8 (mu_rec=8 mu_bwd=4) | grad=2.636 | tok/s=23,655 | tokens=2.81B
step= 85700 | loss=3.0187 | lr=3.00e-04 | wd=0.0438 | mom=0.9500 | T=9.0 k=4.0 (mu_rec=8 mu_bwd=4) | grad=1.123 | tok/s=23,446 | tokens=2.81B
step= 85710 | loss=3.0533 | lr=3.00e-04 | wd=0.0438 | mom=0.9500 | T=5.2 k=3.2 (mu_rec=8 mu_bwd=4) | grad=0.977 | tok/s=24,784 | tokens=2.81B
step= 85720 | loss=3.1292 | lr=3.00e-04 | wd=0.0438 | mom=0.9500 | T=5.2 k=2.8 (mu_rec=8 mu_bwd=4) | grad=1.178 | tok/s=23,534 | tokens=2.81B
step= 85730 | loss=3.2431 | lr=3.00e-04 | wd=0.0438 | mom=0.9500 | T=9.5 k=3.8 (mu_rec=8 mu_bwd=4) | grad=0.783 | tok/s=25,934 | tokens=2.81B
step= 85740 | loss=3.1667 | lr=3.00e-04 | wd=0.0438 | mom=0.9500 | T=8.5 k=4.0 (mu_rec=8 mu_bwd=4) | grad=0.776 | tok/s=24,183 | tokens=2.81B
step= 85750 | loss=3.2956 | lr=3.00e-04 | wd=0.0438 | mom=0.9500 | T=4.2 k=3.8 (mu_rec=8 mu_bwd=4) | grad=1.053 | tok/s=23,187 | tokens=2.81B
step= 85760 | loss=3.2709 | lr=3.00e-04 | wd=0.0438 | mom=0.9500 | T=12.5 k=4.0 (mu_rec=8 mu_bwd=4) | grad=0.909 | tok/s=22,668 | tokens=2.81B
step= 85770 | loss=2.9718 | lr=3.00e-04 | wd=0.0438 | mom=0.9500 | T=8.8 k=4.0 (mu_rec=8 mu_bwd=4) | grad=1.128 | tok/s=10,322 | tokens=2.81B
step= 85780 | loss=2.8830 | lr=3.00e-04 | wd=0.0438 | mom=0.9500 | T=7.2 k=3.8 (mu_rec=8 mu_bwd=4) | grad=1.038 | tok/s=24,234 | tokens=2.81B
step= 85790 | loss=2.9220 | lr=3.00e-04 | wd=0.0438 | mom=0.9500 | T=5.0 k=3.0 (mu_rec=8 mu_bwd=4) | grad=0.988 | tok/s=23,239 | tokens=2.81B
step= 85800 | loss=2.9305 | lr=3.00e-04 | wd=0.0438 | mom=0.9500 | T=8.2 k=3.8 (mu_rec=8 mu_bwd=4) | grad=1.574 | tok/s=23,025 | tokens=2.81B
step= 85810 | loss=3.1030 | lr=3.00e-04 | wd=0.0438 | mom=0.9500 | T=6.0 k=3.5 (mu_rec=8 mu_bwd=4) | grad=0.789 | tok/s=25,229 | tokens=2.81B
step= 85820 | loss=3.1398 | lr=3.00e-04 | wd=0.0438 | mom=0.9500 | T=7.8 k=4.0 (mu_rec=8 mu_bwd=4) | grad=1.046 | tok/s=25,530 | tokens=2.81B
step= 85830 | loss=3.1220 | lr=3.00e-04 | wd=0.0438 | mom=0.9500 | T=11.8 k=4.0 (mu_rec=8 mu_bwd=4) | grad=1.431 | tok/s=22,912 | tokens=2.81B
step= 85840 | loss=3.2312 | lr=3.00e-04 | wd=0.0437 | mom=0.9500 | T=10.2 k=3.2 (mu_rec=8 mu_bwd=4) | grad=1.099 | tok/s=22,559 | tokens=2.81B
step= 85850 | loss=3.1037 | lr=3.00e-04 | wd=0.0437 | mom=0.9500 | T=9.0 k=4.0 (mu_rec=8 mu_bwd=4) | grad=1.565 | tok/s=24,128 | tokens=2.81B
step= 85860 | loss=3.2583 | lr=3.00e-04 | wd=0.0437 | mom=0.9500 | T=8.0 k=4.0 (mu_rec=8 mu_bwd=4) | grad=0.950 | tok/s=22,947 | tokens=2.81B
step= 85870 | loss=3.2118 | lr=3.00e-04 | wd=0.0437 | mom=0.9500 | T=6.5 k=4.0 (mu_rec=8 mu_bwd=4) | grad=2.418 | tok/s=22,911 | tokens=2.81B
step= 85880 | loss=3.2082 | lr=3.00e-04 | wd=0.0437 | mom=0.9500 | T=6.8 k=3.5 (mu_rec=8 mu_bwd=4) | grad=1.155 | tok/s=10,462 | tokens=2.81B
step= 85890 | loss=3.5080 | lr=3.00e-04 | wd=0.0437 | mom=0.9500 | T=6.5 k=4.0 (mu_rec=8 mu_bwd=4) | grad=1.165 | tok/s=23,777 | tokens=2.81B
step= 85900 | loss=3.1281 | lr=3.00e-04 | wd=0.0437 | mom=0.9500 | T=5.8 k=3.2 (mu_rec=8 mu_bwd=4) | grad=1.384 | tok/s=25,126 | tokens=2.81B
step= 85910 | loss=3.3646 | lr=3.00e-04 | wd=0.0437 | mom=0.9500 | T=5.0 k=3.5 (mu_rec=8 mu_bwd=4) | grad=1.642 | tok/s=24,656 | tokens=2.82B
step= 85920 | loss=3.2958 | lr=3.00e-04 | wd=0.0437 | mom=0.9500 | T=10.2 k=4.0 (mu_rec=8 mu_bwd=4) | grad=0.984 | tok/s=22,928 | tokens=2.82B
step= 85930 | loss=3.2173 | lr=3.00e-04 | wd=0.0437 | mom=0.9500 | T=3.8 k=2.8 (mu_rec=8 mu_bwd=4) | grad=0.936 | tok/s=23,596 | tokens=2.82B
step= 85940 | loss=3.1629 | lr=3.00e-04 | wd=0.0437 | mom=0.9500 | T=6.2 k=3.5 (mu_rec=8 mu_bwd=4) | grad=1.514 | tok/s=23,002 | tokens=2.82B
step= 85950 | loss=3.2727 | lr=3.00e-04 | wd=0.0437 | mom=0.9500 | T=7.5 k=4.0 (mu_rec=8 mu_bwd=4) | grad=0.955 | tok/s=24,489 | tokens=2.82B
step= 85960 | loss=3.2749 | lr=3.00e-04 | wd=0.0437 | mom=0.9500 | T=8.2 k=4.0 (mu_rec=8 mu_bwd=4) | grad=0.969 | tok/s=24,207 | tokens=2.82B
step= 85970 | loss=3.0615 | lr=3.00e-04 | wd=0.0437 | mom=0.9500 | T=7.5 k=4.0 (mu_rec=8 mu_bwd=4) | grad=1.608 | tok/s=23,476 | tokens=2.82B
step= 85980 | loss=2.9311 | lr=3.00e-04 | wd=0.0437 | mom=0.9500 | T=8.5 k=3.8 (mu_rec=8 mu_bwd=4) | grad=0.867 | tok/s=23,839 | tokens=2.82B
step= 85990 | loss=3.2961 | lr=3.00e-04 | wd=0.0436 | mom=0.9500 | T=11.2 k=4.0 (mu_rec=8 mu_bwd=4) | grad=0.861 | tok/s=24,682 | tokens=2.82B
step= 86000 | loss=3.0621 | lr=3.00e-04 | wd=0.0436 | mom=0.9500 | T=10.2 k=4.0 (mu_rec=8 mu_bwd=4) | grad=0.907 | tok/s=21,664 | tokens=2.82B
[step 86000] Saved -> runs/cortex-5b-k4/checkpoint_0086000
[step 86000] Pruned -> runs/cortex-5b-k4/checkpoint_0080000
step= 86010 | loss=2.9606 | lr=3.00e-04 | wd=0.0436 | mom=0.9500 | T=11.5 k=3.2 (mu_rec=8 mu_bwd=4) | grad=1.462 | tok/s=14,615 | tokens=2.82B
step= 86020 | loss=3.1475 | lr=3.00e-04 | wd=0.0436 | mom=0.9500 | T=9.5 k=4.0 (mu_rec=8 mu_bwd=4) | grad=0.790 | tok/s=21,692 | tokens=2.82B
step= 86030 | loss=3.1403 | lr=3.00e-04 | wd=0.0436 | mom=0.9500 | T=4.8 k=3.5 (mu_rec=8 mu_bwd=4) | grad=1.029 | tok/s=22,076 | tokens=2.82B
step= 86040 | loss=2.8918 | lr=3.00e-04 | wd=0.0436 | mom=0.9500 | T=5.8 k=3.8 (mu_rec=8 mu_bwd=4) | grad=0.942 | tok/s=23,267 | tokens=2.82B
step= 86050 | loss=3.2194 | lr=3.00e-04 | wd=0.0436 | mom=0.9500 | T=9.5 k=4.0 (mu_rec=8 mu_bwd=4) | grad=2.971 | tok/s=25,294 | tokens=2.82B
step= 86060 | loss=4.0604 | lr=3.00e-04 | wd=0.0436 | mom=0.9500 | T=8.0 k=3.8 (mu_rec=8 mu_bwd=4) | grad=2.407 | tok/s=21,845 | tokens=2.82B
step= 86070 | loss=3.2881 | lr=3.00e-04 | wd=0.0436 | mom=0.9500 | T=8.5 k=3.8 (mu_rec=8 mu_bwd=4) | grad=1.478 | tok/s=23,156 | tokens=2.82B
step= 86080 | loss=3.1346 | lr=3.00e-04 | wd=0.0436 | mom=0.9500 | T=9.0 k=4.0 (mu_rec=8 mu_bwd=4) | grad=2.510 | tok/s=23,412 | tokens=2.82B
step= 86090 | loss=3.1752 | lr=3.00e-04 | wd=0.0436 | mom=0.9500 | T=14.0 k=4.0 (mu_rec=8 mu_bwd=4) | grad=1.901 | tok/s=22,828 | tokens=2.82B
step= 86100 | loss=2.7270 | lr=3.00e-04 | wd=0.0436 | mom=0.9500 | T=5.2 k=3.8 (mu_rec=8 mu_bwd=4) | grad=1.604 | tok/s=23,101 | tokens=2.82B
step= 86110 | loss=3.5021 | lr=3.00e-04 | wd=0.0436 | mom=0.9500 | T=6.2 k=3.2 (mu_rec=8 mu_bwd=4) | grad=7.779 | tok/s=23,454 | tokens=2.82B
step= 86120 | loss=4.6301 | lr=3.00e-04 | wd=0.0436 | mom=0.9500 | T=3.5 k=2.8 (mu_rec=8 mu_bwd=4) | grad=2.515 | tok/s=23,343 | tokens=2.82B
step= 86130 | loss=3.2882 | lr=3.00e-04 | wd=0.0436 | mom=0.9500 | T=8.0 k=3.0 (mu_rec=8 mu_bwd=4) | grad=1.209 | tok/s=22,392 | tokens=2.82B
step= 86140 | loss=3.1058 | lr=3.00e-04 | wd=0.0435 | mom=0.9500 | T=8.0 k=4.0 (mu_rec=8 mu_bwd=4) | grad=2.392 | tok/s=23,701 | tokens=2.82B
step= 86150 | loss=3.0289 | lr=3.00e-04 | wd=0.0435 | mom=0.9500 | T=10.2 k=4.0 (mu_rec=8 mu_bwd=4) | grad=0.945 | tok/s=22,670 | tokens=2.82B
step= 86160 | loss=3.2098 | lr=3.00e-04 | wd=0.0435 | mom=0.9500 | T=3.2 k=3.0 (mu_rec=8 mu_bwd=4) | grad=0.931 | tok/s=21,958 | tokens=2.82B
step= 86170 | loss=4.3639 | lr=3.00e-04 | wd=0.0435 | mom=0.9500 | T=12.2 k=4.0 (mu_rec=8 mu_bwd=4) | grad=1.364 | tok/s=23,506 | tokens=2.82B
step= 86180 | loss=3.1993 | lr=3.00e-04 | wd=0.0435 | mom=0.9500 | T=5.0 k=3.5 (mu_rec=8 mu_bwd=4) | grad=1.339 | tok/s=23,533 | tokens=2.82B
step= 86190 | loss=2.9511 | lr=3.00e-04 | wd=0.0435 | mom=0.9500 | T=10.8 k=4.0 (mu_rec=8 mu_bwd=4) | grad=2.112 | tok/s=23,644 | tokens=2.82B
step= 86200 | loss=3.1836 | lr=3.00e-04 | wd=0.0435 | mom=0.9500 | T=6.8 k=3.8 (mu_rec=8 mu_bwd=4) | grad=0.895 | tok/s=22,616 | tokens=2.82B
step= 86210 | loss=3.2041 | lr=3.00e-04 | wd=0.0435 | mom=0.9500 | T=6.8 k=3.2 (mu_rec=8 mu_bwd=4) | grad=1.602 | tok/s=26,034 | tokens=2.82B
step= 86220 | loss=3.3274 | lr=3.00e-04 | wd=0.0435 | mom=0.9500 | T=8.2 k=3.2 (mu_rec=8 mu_bwd=4) | grad=0.976 | tok/s=25,179 | tokens=2.83B
step= 86230 | loss=3.2677 | lr=3.00e-04 | wd=0.0435 | mom=0.9500 | T=10.8 k=4.0 (mu_rec=8 mu_bwd=4) | grad=0.967 | tok/s=22,935 | tokens=2.83B
step= 86240 | loss=2.8811 | lr=3.00e-04 | wd=0.0435 | mom=0.9500 | T=6.2 k=3.8 (mu_rec=8 mu_bwd=4) | grad=1.335 | tok/s=24,998 | tokens=2.83B
step= 86250 | loss=3.0529 | lr=3.00e-04 | wd=0.0435 | mom=0.9500 | T=6.2 k=3.0 (mu_rec=8 mu_bwd=4) | grad=1.024 | tok/s=22,558 | tokens=2.83B
step= 86260 | loss=3.1923 | lr=3.00e-04 | wd=0.0435 | mom=0.9500 | T=11.8 k=4.0 (mu_rec=8 mu_bwd=4) | grad=1.367 | tok/s=22,405 | tokens=2.83B
step= 86270 | loss=3.4871 | lr=3.00e-04 | wd=0.0435 | mom=0.9500 | T=11.8 k=4.0 (mu_rec=8 mu_bwd=4) | grad=0.834 | tok/s=22,306 | tokens=2.83B
step= 86280 | loss=3.0519 | lr=3.00e-04 | wd=0.0435 | mom=0.9500 | T=7.0 k=3.5 (mu_rec=8 mu_bwd=4) | grad=1.310 | tok/s=24,095 | tokens=2.83B
step= 86290 | loss=3.3534 | lr=3.00e-04 | wd=0.0434 | mom=0.9500 | T=9.8 k=4.0 (mu_rec=8 mu_bwd=4) | grad=1.027 | tok/s=22,973 | tokens=2.83B
step= 86300 | loss=3.0066 | lr=3.00e-04 | wd=0.0434 | mom=0.9500 | T=8.5 k=4.0 (mu_rec=8 mu_bwd=4) | grad=2.484 | tok/s=24,559 | tokens=2.83B
step= 86310 | loss=3.0483 | lr=3.00e-04 | wd=0.0434 | mom=0.9500 | T=7.2 k=4.0 (mu_rec=8 mu_bwd=4) | grad=1.112 | tok/s=24,540 | tokens=2.83B
step= 86320 | loss=3.2114 | lr=3.00e-04 | wd=0.0434 | mom=0.9500 | T=9.8 k=3.5 (mu_rec=8 mu_bwd=4) | grad=0.946 | tok/s=23,497 | tokens=2.83B
step= 86330 | loss=2.9382 | lr=3.00e-04 | wd=0.0434 | mom=0.9500 | T=7.0 k=3.8 (mu_rec=8 mu_bwd=4) | grad=1.388 | tok/s=22,643 | tokens=2.83B
step= 86340 | loss=3.1265 | lr=3.00e-04 | wd=0.0434 | mom=0.9500 | T=8.8 k=4.0 (mu_rec=8 mu_bwd=4) | grad=1.124 | tok/s=22,723 | tokens=2.83B
step= 86350 | loss=3.2214 | lr=3.00e-04 | wd=0.0434 | mom=0.9500 | T=6.5 k=3.5 (mu_rec=8 mu_bwd=4) | grad=1.095 | tok/s=24,471 | tokens=2.83B
step= 86360 | loss=3.1885 | lr=3.00e-04 | wd=0.0434 | mom=0.9500 | T=6.0 k=3.8 (mu_rec=8 mu_bwd=4) | grad=0.983 | tok/s=25,143 | tokens=2.83B
step= 86370 | loss=2.9868 | lr=3.00e-04 | wd=0.0434 | mom=0.9500 | T=7.5 k=4.0 (mu_rec=8 mu_bwd=4) | grad=0.910 | tok/s=22,901 | tokens=2.83B
step= 86380 | loss=3.2397 | lr=3.00e-04 | wd=0.0434 | mom=0.9500 | T=8.5 k=4.0 (mu_rec=8 mu_bwd=4) | grad=0.819 | tok/s=22,784 | tokens=2.83B
step= 86390 | loss=3.1884 | lr=3.00e-04 | wd=0.0434 | mom=0.9500 | T=4.0 k=3.2 (mu_rec=8 mu_bwd=4) | grad=1.697 | tok/s=26,324 | tokens=2.83B
step= 86400 | loss=3.2614 | lr=3.00e-04 | wd=0.0434 | mom=0.9500 | T=13.2 k=3.5 (mu_rec=8 mu_bwd=4) | grad=0.926 | tok/s=23,914 | tokens=2.83B
step= 86410 | loss=3.3036 | lr=3.00e-04 | wd=0.0434 | mom=0.9500 | T=8.8 k=4.0 (mu_rec=8 mu_bwd=4) | grad=0.863 | tok/s=23,252 | tokens=2.83B
step= 86420 | loss=3.2573 | lr=3.00e-04 | wd=0.0434 | mom=0.9500 | T=6.0 k=3.5 (mu_rec=8 mu_bwd=4) | grad=1.203 | tok/s=23,634 | tokens=2.83B
step= 86430 | loss=2.9325 | lr=3.00e-04 | wd=0.0434 | mom=0.9500 | T=7.0 k=3.2 (mu_rec=8 mu_bwd=4) | grad=1.554 | tok/s=23,753 | tokens=2.83B
step= 86440 | loss=2.8797 | lr=3.00e-04 | wd=0.0434 | mom=0.9500 | T=8.0 k=3.5 (mu_rec=8 mu_bwd=4) | grad=1.477 | tok/s=23,543 | tokens=2.83B
step= 86450 | loss=3.3032 | lr=3.00e-04 | wd=0.0433 | mom=0.9500 | T=6.2 k=3.5 (mu_rec=8 mu_bwd=4) | grad=0.942 | tok/s=22,504 | tokens=2.83B
step= 86460 | loss=3.4315 | lr=3.00e-04 | wd=0.0433 | mom=0.9500 | T=6.2 k=3.8 (mu_rec=8 mu_bwd=4) | grad=1.231 | tok/s=23,492 | tokens=2.83B
step= 86470 | loss=3.4123 | lr=3.00e-04 | wd=0.0433 | mom=0.9500 | T=7.0 k=4.0 (mu_rec=8 mu_bwd=4) | grad=1.303 | tok/s=24,630 | tokens=2.83B
step= 86480 | loss=3.1503 | lr=3.00e-04 | wd=0.0433 | mom=0.9500 | T=11.2 k=4.0 (mu_rec=8 mu_bwd=4) | grad=0.887 | tok/s=24,613 | tokens=2.83B
step= 86490 | loss=3.0449 | lr=3.00e-04 | wd=0.0433 | mom=0.9500 | T=13.0 k=4.0 (mu_rec=8 mu_bwd=4) | grad=1.937 | tok/s=23,723 | tokens=2.83B
step= 86500 | loss=3.3117 | lr=3.00e-04 | wd=0.0433 | mom=0.9500 | T=7.0 k=3.5 (mu_rec=8 mu_bwd=4) | grad=1.481 | tok/s=22,572 | tokens=2.83B
step= 86510 | loss=3.1727 | lr=3.00e-04 | wd=0.0433 | mom=0.9500 | T=6.2 k=4.0 (mu_rec=8 mu_bwd=4) | grad=1.004 | tok/s=23,568 | tokens=2.83B
step= 86520 | loss=3.2588 | lr=3.00e-04 | wd=0.0433 | mom=0.9500 | T=11.8 k=4.0 (mu_rec=8 mu_bwd=4) | grad=1.139 | tok/s=23,941 | tokens=2.84B
step= 86530 | loss=3.1387 | lr=3.00e-04 | wd=0.0433 | mom=0.9500 | T=10.5 k=4.0 (mu_rec=8 mu_bwd=4) | grad=1.533 | tok/s=22,266 | tokens=2.84B
step= 86540 | loss=3.1353 | lr=3.00e-04 | wd=0.0433 | mom=0.9500 | T=7.0 k=3.8 (mu_rec=8 mu_bwd=4) | grad=1.533 | tok/s=21,501 | tokens=2.84B
step= 86550 | loss=3.1809 | lr=3.00e-04 | wd=0.0433 | mom=0.9500 | T=11.8 k=4.0 (mu_rec=8 mu_bwd=4) | grad=1.238 | tok/s=21,942 | tokens=2.84B
step= 86560 | loss=2.9663 | lr=3.00e-04 | wd=0.0433 | mom=0.9500 | T=10.2 k=4.0 (mu_rec=8 mu_bwd=4) | grad=1.027 | tok/s=23,476 | tokens=2.84B
step= 86570 | loss=3.1150 | lr=3.00e-04 | wd=0.0433 | mom=0.9500 | T=8.0 k=4.0 (mu_rec=8 mu_bwd=4) | grad=1.078 | tok/s=23,442 | tokens=2.84B
step= 86580 | loss=3.3000 | lr=3.00e-04 | wd=0.0433 | mom=0.9500 | T=4.8 k=3.5 (mu_rec=8 mu_bwd=4) | grad=0.917 | tok/s=21,930 | tokens=2.84B
step= 86590 | loss=3.1101 | lr=3.00e-04 | wd=0.0433 | mom=0.9500 | T=10.5 k=3.5 (mu_rec=8 mu_bwd=4) | grad=0.904 | tok/s=22,428 | tokens=2.84B
step= 86600 | loss=3.3170 | lr=3.00e-04 | wd=0.0432 | mom=0.9500 | T=8.0 k=4.0 (mu_rec=8 mu_bwd=4) | grad=1.112 | tok/s=22,795 | tokens=2.84B
step= 86610 | loss=3.1788 | lr=3.00e-04 | wd=0.0432 | mom=0.9500 | T=7.0 k=3.8 (mu_rec=8 mu_bwd=4) | grad=0.842 | tok/s=22,585 | tokens=2.84B
step= 86620 | loss=3.1653 | lr=3.00e-04 | wd=0.0432 | mom=0.9500 | T=7.2 k=4.0 (mu_rec=8 mu_bwd=4) | grad=1.057 | tok/s=23,390 | tokens=2.84B
step= 86630 | loss=3.3287 | lr=3.00e-04 | wd=0.0432 | mom=0.9500 | T=13.5 k=4.0 (mu_rec=8 mu_bwd=4) | grad=1.129 | tok/s=9,047 | tokens=2.84B
step= 86640 | loss=3.4943 | lr=3.00e-04 | wd=0.0432 | mom=0.9500 | T=7.8 k=3.8 (mu_rec=8 mu_bwd=4) | grad=0.872 | tok/s=21,183 | tokens=2.84B
step= 86650 | loss=3.0792 | lr=3.00e-04 | wd=0.0432 | mom=0.9500 | T=8.5 k=4.0 (mu_rec=8 mu_bwd=4) | grad=1.707 | tok/s=22,639 | tokens=2.84B
step= 86660 | loss=3.2779 | lr=3.00e-04 | wd=0.0432 | mom=0.9500 | T=6.5 k=4.0 (mu_rec=8 mu_bwd=4) | grad=0.922 | tok/s=23,009 | tokens=2.84B
step= 86670 | loss=2.9410 | lr=3.00e-04 | wd=0.0432 | mom=0.9500 | T=11.5 k=4.0 (mu_rec=8 mu_bwd=4) | grad=1.711 | tok/s=22,982 | tokens=2.84B
step= 86680 | loss=3.3977 | lr=3.00e-04 | wd=0.0432 | mom=0.9500 | T=7.0 k=4.0 (mu_rec=8 mu_bwd=4) | grad=4.653 | tok/s=24,045 | tokens=2.84B
step= 86690 | loss=3.1581 | lr=3.00e-04 | wd=0.0432 | mom=0.9500 | T=6.8 k=3.5 (mu_rec=8 mu_bwd=4) | grad=1.514 | tok/s=24,247 | tokens=2.84B
step= 86700 | loss=3.2265 | lr=3.00e-04 | wd=0.0432 | mom=0.9500 | T=8.0 k=4.0 (mu_rec=8 mu_bwd=4) | grad=1.021 | tok/s=23,588 | tokens=2.84B
step= 86710 | loss=3.2574 | lr=3.00e-04 | wd=0.0432 | mom=0.9500 | T=7.5 k=3.8 (mu_rec=8 mu_bwd=4) | grad=1.761 | tok/s=23,750 | tokens=2.84B
step= 86720 | loss=3.1423 | lr=3.00e-04 | wd=0.0432 | mom=0.9500 | T=10.8 k=3.5 (mu_rec=8 mu_bwd=4) | grad=1.038 | tok/s=24,360 | tokens=2.84B
step= 86730 | loss=3.0418 | lr=3.00e-04 | wd=0.0432 | mom=0.9500 | T=8.5 k=3.8 (mu_rec=8 mu_bwd=4) | grad=1.281 | tok/s=26,316 | tokens=2.84B
step= 86740 | loss=3.0409 | lr=3.00e-04 | wd=0.0432 | mom=0.9500 | T=6.5 k=3.5 (mu_rec=8 mu_bwd=4) | grad=3.032 | tok/s=10,084 | tokens=2.84B
step= 86750 | loss=3.2679 | lr=3.00e-04 | wd=0.0431 | mom=0.9500 | T=6.8 k=3.2 (mu_rec=8 mu_bwd=4) | grad=1.079 | tok/s=23,879 | tokens=2.84B
step= 86760 | loss=3.1500 | lr=3.00e-04 | wd=0.0431 | mom=0.9500 | T=8.5 k=4.0 (mu_rec=8 mu_bwd=4) | grad=0.897 | tok/s=22,716 | tokens=2.84B
step= 86770 | loss=3.4530 | lr=3.00e-04 | wd=0.0431 | mom=0.9500 | T=13.2 k=4.0 (mu_rec=8 mu_bwd=4) | grad=0.999 | tok/s=23,616 | tokens=2.84B
step= 86780 | loss=3.4289 | lr=3.00e-04 | wd=0.0431 | mom=0.9500 | T=5.5 k=2.5 (mu_rec=8 mu_bwd=4) | grad=1.608 | tok/s=25,167 | tokens=2.84B
step= 86790 | loss=3.1984 | lr=3.00e-04 | wd=0.0431 | mom=0.9500 | T=10.0 k=4.0 (mu_rec=8 mu_bwd=4) | grad=0.876 | tok/s=24,098 | tokens=2.84B
step= 86800 | loss=3.2997 | lr=3.00e-04 | wd=0.0431 | mom=0.9500 | T=13.0 k=4.0 (mu_rec=8 mu_bwd=4) | grad=1.325 | tok/s=22,132 | tokens=2.84B
step= 86810 | loss=3.5468 | lr=3.00e-04 | wd=0.0431 | mom=0.9500 | T=5.0 k=3.5 (mu_rec=8 mu_bwd=4) | grad=0.954 | tok/s=23,145 | tokens=2.84B
step= 86820 | loss=3.5474 | lr=3.00e-04 | wd=0.0431 | mom=0.9500 | T=9.0 k=3.8 (mu_rec=8 mu_bwd=4) | grad=0.998 | tok/s=23,806 | tokens=2.84B
step= 86830 | loss=3.2668 | lr=3.00e-04 | wd=0.0431 | mom=0.9500 | T=10.0 k=4.0 (mu_rec=8 mu_bwd=4) | grad=0.863 | tok/s=23,297 | tokens=2.85B
step= 86840 | loss=2.9613 | lr=3.00e-04 | wd=0.0431 | mom=0.9500 | T=6.2 k=4.0 (mu_rec=8 mu_bwd=4) | grad=0.987 | tok/s=23,621 | tokens=2.85B
step= 86850 | loss=3.0738 | lr=3.00e-04 | wd=0.0431 | mom=0.9500 | T=7.0 k=3.2 (mu_rec=8 mu_bwd=4) | grad=1.222 | tok/s=23,820 | tokens=2.85B
step= 86860 | loss=3.2847 | lr=3.00e-04 | wd=0.0431 | mom=0.9500 | T=6.2 k=3.8 (mu_rec=8 mu_bwd=4) | grad=1.427 | tok/s=25,685 | tokens=2.85B
step= 86870 | loss=3.1756 | lr=3.00e-04 | wd=0.0431 | mom=0.9500 | T=8.0 k=4.0 (mu_rec=8 mu_bwd=4) | grad=1.046 | tok/s=22,667 | tokens=2.85B
step= 86880 | loss=2.9601 | lr=3.00e-04 | wd=0.0431 | mom=0.9500 | T=4.8 k=3.2 (mu_rec=8 mu_bwd=4) | grad=1.548 | tok/s=22,979 | tokens=2.85B
step= 86890 | loss=3.1222 | lr=3.00e-04 | wd=0.0431 | mom=0.9500 | T=13.2 k=4.0 (mu_rec=8 mu_bwd=4) | grad=0.920 | tok/s=23,963 | tokens=2.85B
step= 86900 | loss=3.0100 | lr=3.00e-04 | wd=0.0430 | mom=0.9500 | T=5.2 k=4.0 (mu_rec=8 mu_bwd=4) | grad=1.184 | tok/s=24,273 | tokens=2.85B
step= 86910 | loss=3.2042 | lr=3.00e-04 | wd=0.0430 | mom=0.9500 | T=7.5 k=3.5 (mu_rec=8 mu_bwd=4) | grad=1.119 | tok/s=23,712 | tokens=2.85B
step= 86920 | loss=3.3537 | lr=3.00e-04 | wd=0.0430 | mom=0.9500 | T=15.8 k=4.0 (mu_rec=8 mu_bwd=4) | grad=0.858 | tok/s=23,591 | tokens=2.85B
step= 86930 | loss=2.9814 | lr=3.00e-04 | wd=0.0430 | mom=0.9500 | T=12.8 k=3.8 (mu_rec=8 mu_bwd=4) | grad=0.796 | tok/s=23,611 | tokens=2.85B
step= 86940 | loss=3.0402 | lr=3.00e-04 | wd=0.0430 | mom=0.9500 | T=8.2 k=4.0 (mu_rec=8 mu_bwd=4) | grad=1.385 | tok/s=22,255 | tokens=2.85B
step= 86950 | loss=3.0130 | lr=3.00e-04 | wd=0.0430 | mom=0.9500 | T=7.0 k=3.8 (mu_rec=8 mu_bwd=4) | grad=1.361 | tok/s=23,158 | tokens=2.85B
step= 86960 | loss=3.9569 | lr=3.00e-04 | wd=0.0430 | mom=0.9500 | T=5.8 k=3.8 (mu_rec=8 mu_bwd=4) | grad=0.999 | tok/s=23,751 | tokens=2.85B
step= 86970 | loss=3.3442 | lr=3.00e-04 | wd=0.0430 | mom=0.9500 | T=12.2 k=4.0 (mu_rec=8 mu_bwd=4) | grad=1.161 | tok/s=22,357 | tokens=2.85B
step= 86980 | loss=3.1624 | lr=3.00e-04 | wd=0.0430 | mom=0.9500 | T=6.8 k=3.8 (mu_rec=8 mu_bwd=4) | grad=0.992 | tok/s=23,991 | tokens=2.85B
step= 86990 | loss=2.9994 | lr=3.00e-04 | wd=0.0430 | mom=0.9500 | T=9.8 k=4.0 (mu_rec=8 mu_bwd=4) | grad=0.902 | tok/s=23,321 | tokens=2.85B
step= 87000 | loss=2.9285 | lr=3.00e-04 | wd=0.0430 | mom=0.9500 | T=8.0 k=4.0 (mu_rec=8 mu_bwd=4) | grad=0.843 | tok/s=24,411 | tokens=2.85B
step= 87010 | loss=2.9955 | lr=3.00e-04 | wd=0.0430 | mom=0.9500 | T=6.2 k=3.2 (mu_rec=8 mu_bwd=4) | grad=2.048 | tok/s=24,139 | tokens=2.85B
step= 87020 | loss=2.9159 | lr=3.00e-04 | wd=0.0430 | mom=0.9500 | T=9.8 k=3.8 (mu_rec=8 mu_bwd=4) | grad=1.274 | tok/s=22,390 | tokens=2.85B
step= 87030 | loss=3.1853 | lr=3.00e-04 | wd=0.0430 | mom=0.9500 | T=7.5 k=3.2 (mu_rec=8 mu_bwd=4) | grad=0.891 | tok/s=24,363 | tokens=2.85B
step= 87040 | loss=2.9483 | lr=3.00e-04 | wd=0.0430 | mom=0.9500 | T=5.8 k=3.2 (mu_rec=8 mu_bwd=4) | grad=1.090 | tok/s=24,766 | tokens=2.85B
step= 87050 | loss=3.1123 | lr=3.00e-04 | wd=0.0430 | mom=0.9500 | T=20.0 k=4.0 (mu_rec=8 mu_bwd=4) | grad=1.084 | tok/s=23,126 | tokens=2.85B
step= 87060 | loss=2.8682 | lr=3.00e-04 | wd=0.0429 | mom=0.9500 | T=10.5 k=3.8 (mu_rec=8 mu_bwd=4) | grad=1.065 | tok/s=23,477 | tokens=2.85B
step= 87070 | loss=3.1931 | lr=3.00e-04 | wd=0.0429 | mom=0.9500 | T=9.5 k=3.8 (mu_rec=8 mu_bwd=4) | grad=1.359 | tok/s=24,278 | tokens=2.85B
step= 87080 | loss=3.0655 | lr=3.00e-04 | wd=0.0429 | mom=0.9500 | T=7.2 k=3.2 (mu_rec=8 mu_bwd=4) | grad=1.147 | tok/s=23,148 | tokens=2.85B
step= 87090 | loss=3.0548 | lr=3.00e-04 | wd=0.0429 | mom=0.9500 | T=10.0 k=3.8 (mu_rec=8 mu_bwd=4) | grad=0.935 | tok/s=23,649 | tokens=2.85B
step= 87100 | loss=3.4887 | lr=3.00e-04 | wd=0.0429 | mom=0.9500 | T=10.0 k=4.0 (mu_rec=8 mu_bwd=4) | grad=1.069 | tok/s=22,618 | tokens=2.85B
step= 87110 | loss=3.2794 | lr=3.00e-04 | wd=0.0429 | mom=0.9500 | T=5.8 k=3.5 (mu_rec=8 mu_bwd=4) | grad=0.887 | tok/s=24,612 | tokens=2.85B
step= 87120 | loss=3.0913 | lr=3.00e-04 | wd=0.0429 | mom=0.9500 | T=9.0 k=4.0 (mu_rec=8 mu_bwd=4) | grad=0.949 | tok/s=23,902 | tokens=2.85B
step= 87130 | loss=3.0050 | lr=3.00e-04 | wd=0.0429 | mom=0.9500 | T=13.5 k=3.8 (mu_rec=8 mu_bwd=4) | grad=0.927 | tok/s=22,853 | tokens=2.86B
step= 87140 | loss=3.3160 | lr=3.00e-04 | wd=0.0429 | mom=0.9500 | T=7.2 k=3.5 (mu_rec=8 mu_bwd=4) | grad=1.789 | tok/s=22,623 | tokens=2.86B
step= 87150 | loss=3.2048 | lr=3.00e-04 | wd=0.0429 | mom=0.9500 | T=5.2 k=3.5 (mu_rec=8 mu_bwd=4) | grad=0.957 | tok/s=22,750 | tokens=2.86B
step= 87160 | loss=3.3797 | lr=3.00e-04 | wd=0.0429 | mom=0.9500 | T=7.5 k=4.0 (mu_rec=8 mu_bwd=4) | grad=0.991 | tok/s=22,207 | tokens=2.86B
step= 87170 | loss=3.2813 | lr=3.00e-04 | wd=0.0429 | mom=0.9500 | T=7.2 k=3.8 (mu_rec=8 mu_bwd=4) | grad=0.899 | tok/s=22,548 | tokens=2.86B
step= 87180 | loss=3.0149 | lr=3.00e-04 | wd=0.0429 | mom=0.9500 | T=7.5 k=4.0 (mu_rec=8 mu_bwd=4) | grad=1.174 | tok/s=24,944 | tokens=2.86B
step= 87190 | loss=3.2845 | lr=3.00e-04 | wd=0.0429 | mom=0.9500 | T=5.2 k=3.2 (mu_rec=8 mu_bwd=4) | grad=1.019 | tok/s=23,875 | tokens=2.86B
step= 87200 | loss=3.2002 | lr=3.00e-04 | wd=0.0429 | mom=0.9500 | T=7.2 k=3.5 (mu_rec=8 mu_bwd=4) | grad=1.166 | tok/s=22,868 | tokens=2.86B
step= 87210 | loss=3.2055 | lr=3.00e-04 | wd=0.0428 | mom=0.9500 | T=10.0 k=4.0 (mu_rec=8 mu_bwd=4) | grad=1.676 | tok/s=23,201 | tokens=2.86B
step= 87220 | loss=2.9166 | lr=3.00e-04 | wd=0.0428 | mom=0.9500 | T=8.0 k=3.8 (mu_rec=8 mu_bwd=4) | grad=0.940 | tok/s=22,705 | tokens=2.86B
step= 87230 | loss=2.9525 | lr=3.00e-04 | wd=0.0428 | mom=0.9500 | T=10.5 k=4.0 (mu_rec=8 mu_bwd=4) | grad=1.934 | tok/s=23,675 | tokens=2.86B
step= 87240 | loss=3.2547 | lr=3.00e-04 | wd=0.0428 | mom=0.9500 | T=5.2 k=3.5 (mu_rec=8 mu_bwd=4) | grad=1.259 | tok/s=23,326 | tokens=2.86B
step= 87250 | loss=3.2327 | lr=3.00e-04 | wd=0.0428 | mom=0.9500 | T=8.5 k=3.8 (mu_rec=8 mu_bwd=4) | grad=1.022 | tok/s=23,196 | tokens=2.86B
step= 87260 | loss=3.2560 | lr=3.00e-04 | wd=0.0428 | mom=0.9500 | T=7.0 k=4.0 (mu_rec=8 mu_bwd=4) | grad=0.928 | tok/s=24,156 | tokens=2.86B
step= 87270 | loss=2.8205 | lr=3.00e-04 | wd=0.0428 | mom=0.9500 | T=4.0 k=3.2 (mu_rec=8 mu_bwd=4) | grad=1.809 | tok/s=22,736 | tokens=2.86B
step= 87280 | loss=3.1092 | lr=3.00e-04 | wd=0.0428 | mom=0.9500 | T=6.0 k=3.8 (mu_rec=8 mu_bwd=4) | grad=1.057 | tok/s=24,473 | tokens=2.86B
step= 87290 | loss=3.3146 | lr=3.00e-04 | wd=0.0428 | mom=0.9500 | T=8.0 k=4.0 (mu_rec=8 mu_bwd=4) | grad=0.843 | tok/s=22,026 | tokens=2.86B
step= 87300 | loss=3.2801 | lr=3.00e-04 | wd=0.0428 | mom=0.9500 | T=7.0 k=3.2 (mu_rec=8 mu_bwd=4) | grad=1.181 | tok/s=23,530 | tokens=2.86B
step= 87310 | loss=3.3503 | lr=3.00e-04 | wd=0.0428 | mom=0.9500 | T=7.2 k=4.0 (mu_rec=8 mu_bwd=4) | grad=1.391 | tok/s=23,635 | tokens=2.86B
step= 87320 | loss=2.9832 | lr=3.00e-04 | wd=0.0428 | mom=0.9500 | T=9.5 k=4.0 (mu_rec=8 mu_bwd=4) | grad=1.150 | tok/s=24,580 | tokens=2.86B
step= 87330 | loss=3.1757 | lr=3.00e-04 | wd=0.0428 | mom=0.9500 | T=4.8 k=3.5 (mu_rec=8 mu_bwd=4) | grad=1.963 | tok/s=24,361 | tokens=2.86B
step= 87340 | loss=3.1859 | lr=3.00e-04 | wd=0.0428 | mom=0.9500 | T=4.5 k=3.0 (mu_rec=8 mu_bwd=4) | grad=1.739 | tok/s=24,576 | tokens=2.86B
step= 87350 | loss=3.2419 | lr=3.00e-04 | wd=0.0428 | mom=0.9500 | T=7.5 k=4.0 (mu_rec=8 mu_bwd=4) | grad=1.172 | tok/s=23,422 | tokens=2.86B
step= 87360 | loss=3.0833 | lr=3.00e-04 | wd=0.0427 | mom=0.9500 | T=6.8 k=4.0 (mu_rec=8 mu_bwd=4) | grad=1.040 | tok/s=22,372 | tokens=2.86B
step= 87370 | loss=3.3482 | lr=3.00e-04 | wd=0.0427 | mom=0.9500 | T=7.2 k=4.0 (mu_rec=8 mu_bwd=4) | grad=1.388 | tok/s=23,855 | tokens=2.86B
step= 87380 | loss=3.1782 | lr=3.00e-04 | wd=0.0427 | mom=0.9500 | T=8.2 k=3.5 (mu_rec=8 mu_bwd=4) | grad=1.015 | tok/s=24,150 | tokens=2.86B
step= 87390 | loss=3.3286 | lr=3.00e-04 | wd=0.0427 | mom=0.9500 | T=8.5 k=4.0 (mu_rec=8 mu_bwd=4) | grad=1.431 | tok/s=24,348 | tokens=2.86B
step= 87400 | loss=3.0853 | lr=3.00e-04 | wd=0.0427 | mom=0.9500 | T=6.2 k=4.0 (mu_rec=8 mu_bwd=4) | grad=1.211 | tok/s=23,278 | tokens=2.86B
step= 87410 | loss=3.0279 | lr=3.00e-04 | wd=0.0427 | mom=0.9500 | T=5.0 k=3.0 (mu_rec=8 mu_bwd=4) | grad=0.939 | tok/s=24,269 | tokens=2.86B
step= 87420 | loss=3.3535 | lr=3.00e-04 | wd=0.0427 | mom=0.9500 | T=7.0 k=3.5 (mu_rec=8 mu_bwd=4) | grad=1.050 | tok/s=22,260 | tokens=2.86B
step= 87430 | loss=3.2824 | lr=3.00e-04 | wd=0.0427 | mom=0.9500 | T=10.5 k=4.0 (mu_rec=8 mu_bwd=4) | grad=1.099 | tok/s=23,928 | tokens=2.86B
step= 87440 | loss=3.1932 | lr=3.00e-04 | wd=0.0427 | mom=0.9500 | T=10.8 k=4.0 (mu_rec=8 mu_bwd=4) | grad=1.083 | tok/s=24,461 | tokens=2.87B
step= 87450 | loss=3.1070 | lr=3.00e-04 | wd=0.0427 | mom=0.9500 | T=5.2 k=4.0 (mu_rec=8 mu_bwd=4) | grad=1.283 | tok/s=25,837 | tokens=2.87B
step= 87460 | loss=2.9473 | lr=3.00e-04 | wd=0.0427 | mom=0.9500 | T=9.2 k=4.0 (mu_rec=8 mu_bwd=4) | grad=1.119 | tok/s=22,378 | tokens=2.87B
step= 87470 | loss=3.3118 | lr=3.00e-04 | wd=0.0427 | mom=0.9500 | T=5.0 k=3.2 (mu_rec=8 mu_bwd=4) | grad=1.219 | tok/s=23,320 | tokens=2.87B
step= 87480 | loss=3.2982 | lr=3.00e-04 | wd=0.0427 | mom=0.9500 | T=10.2 k=4.0 (mu_rec=8 mu_bwd=4) | grad=0.961 | tok/s=20,444 | tokens=2.87B
step= 87490 | loss=3.4262 | lr=3.00e-04 | wd=0.0427 | mom=0.9500 | T=5.2 k=4.0 (mu_rec=8 mu_bwd=4) | grad=0.920 | tok/s=21,831 | tokens=2.87B
step= 87500 | loss=3.2219 | lr=3.00e-04 | wd=0.0427 | mom=0.9500 | T=6.0 k=3.2 (mu_rec=8 mu_bwd=4) | grad=1.239 | tok/s=25,382 | tokens=2.87B
step= 87510 | loss=3.4268 | lr=3.00e-04 | wd=0.0426 | mom=0.9500 | T=7.5 k=3.8 (mu_rec=8 mu_bwd=4) | grad=1.102 | tok/s=22,379 | tokens=2.87B
step= 87520 | loss=3.0314 | lr=3.00e-04 | wd=0.0426 | mom=0.9500 | T=6.0 k=3.8 (mu_rec=8 mu_bwd=4) | grad=1.019 | tok/s=23,401 | tokens=2.87B
step= 87530 | loss=3.1451 | lr=3.00e-04 | wd=0.0426 | mom=0.9500 | T=9.8 k=3.8 (mu_rec=8 mu_bwd=4) | grad=0.875 | tok/s=23,657 | tokens=2.87B
step= 87540 | loss=3.2016 | lr=3.00e-04 | wd=0.0426 | mom=0.9500 | T=8.2 k=3.2 (mu_rec=8 mu_bwd=4) | grad=1.281 | tok/s=24,270 | tokens=2.87B
step= 87550 | loss=3.1498 | lr=3.00e-04 | wd=0.0426 | mom=0.9500 | T=8.5 k=4.0 (mu_rec=8 mu_bwd=4) | grad=0.880 | tok/s=24,361 | tokens=2.87B
step= 87560 | loss=2.9544 | lr=3.00e-04 | wd=0.0426 | mom=0.9500 | T=10.2 k=4.0 (mu_rec=8 mu_bwd=4) | grad=0.918 | tok/s=10,684 | tokens=2.87B
step= 87570 | loss=3.1408 | lr=3.00e-04 | wd=0.0426 | mom=0.9500 | T=6.2 k=4.0 (mu_rec=8 mu_bwd=4) | grad=1.447 | tok/s=9,802 | tokens=2.87B
step= 87580 | loss=3.1928 | lr=3.00e-04 | wd=0.0426 | mom=0.9500 | T=5.8 k=4.0 (mu_rec=8 mu_bwd=4) | grad=1.147 | tok/s=24,351 | tokens=2.87B
step= 87590 | loss=3.1792 | lr=3.00e-04 | wd=0.0426 | mom=0.9500 | T=14.5 k=4.0 (mu_rec=8 mu_bwd=4) | grad=1.607 | tok/s=23,170 | tokens=2.87B
step= 87600 | loss=3.3111 | lr=3.00e-04 | wd=0.0426 | mom=0.9500 | T=7.5 k=3.8 (mu_rec=8 mu_bwd=4) | grad=0.865 | tok/s=22,032 | tokens=2.87B
step= 87610 | loss=2.9834 | lr=3.00e-04 | wd=0.0426 | mom=0.9500 | T=6.5 k=4.0 (mu_rec=8 mu_bwd=4) | grad=0.920 | tok/s=24,648 | tokens=2.87B
step= 87620 | loss=3.2382 | lr=3.00e-04 | wd=0.0426 | mom=0.9500 | T=5.8 k=3.8 (mu_rec=8 mu_bwd=4) | grad=1.071 | tok/s=23,873 | tokens=2.87B
step= 87630 | loss=3.2082 | lr=3.00e-04 | wd=0.0426 | mom=0.9500 | T=9.5 k=4.0 (mu_rec=8 mu_bwd=4) | grad=0.789 | tok/s=24,699 | tokens=2.87B
step= 87640 | loss=2.9762 | lr=3.00e-04 | wd=0.0426 | mom=0.9500 | T=7.2 k=3.5 (mu_rec=8 mu_bwd=4) | grad=0.948 | tok/s=23,428 | tokens=2.87B
step= 87650 | loss=3.0149 | lr=3.00e-04 | wd=0.0426 | mom=0.9500 | T=4.8 k=3.5 (mu_rec=8 mu_bwd=4) | grad=1.214 | tok/s=22,828 | tokens=2.87B
step= 87660 | loss=3.1811 | lr=3.00e-04 | wd=0.0426 | mom=0.9500 | T=9.8 k=3.8 (mu_rec=8 mu_bwd=4) | grad=1.585 | tok/s=24,297 | tokens=2.87B
step= 87670 | loss=3.2165 | lr=3.00e-04 | wd=0.0425 | mom=0.9500 | T=6.2 k=4.0 (mu_rec=8 mu_bwd=4) | grad=1.779 | tok/s=23,927 | tokens=2.87B
step= 87680 | loss=3.0601 | lr=3.00e-04 | wd=0.0425 | mom=0.9500 | T=6.5 k=3.2 (mu_rec=8 mu_bwd=4) | grad=0.920 | tok/s=24,396 | tokens=2.87B
step= 87690 | loss=3.1576 | lr=3.00e-04 | wd=0.0425 | mom=0.9500 | T=8.0 k=3.5 (mu_rec=8 mu_bwd=4) | grad=0.892 | tok/s=23,349 | tokens=2.87B
step= 87700 | loss=3.3300 | lr=3.00e-04 | wd=0.0425 | mom=0.9500 | T=8.2 k=3.2 (mu_rec=8 mu_bwd=4) | grad=1.007 | tok/s=23,551 | tokens=2.87B
step= 87710 | loss=3.5167 | lr=3.00e-04 | wd=0.0425 | mom=0.9500 | T=8.8 k=4.0 (mu_rec=8 mu_bwd=4) | grad=0.870 | tok/s=24,633 | tokens=2.87B
step= 87720 | loss=3.1624 | lr=3.00e-04 | wd=0.0425 | mom=0.9500 | T=5.8 k=4.0 (mu_rec=8 mu_bwd=4) | grad=1.166 | tok/s=24,053 | tokens=2.87B
step= 87730 | loss=3.2328 | lr=3.00e-04 | wd=0.0425 | mom=0.9500 | T=7.2 k=3.5 (mu_rec=8 mu_bwd=4) | grad=1.074 | tok/s=22,548 | tokens=2.87B
step= 87740 | loss=3.1516 | lr=3.00e-04 | wd=0.0425 | mom=0.9500 | T=8.5 k=4.0 (mu_rec=8 mu_bwd=4) | grad=0.889 | tok/s=22,980 | tokens=2.88B
step= 87750 | loss=3.3912 | lr=3.00e-04 | wd=0.0425 | mom=0.9500 | T=7.8 k=4.0 (mu_rec=8 mu_bwd=4) | grad=1.086 | tok/s=23,639 | tokens=2.88B
step= 87760 | loss=3.5186 | lr=3.00e-04 | wd=0.0425 | mom=0.9500 | T=11.8 k=4.0 (mu_rec=8 mu_bwd=4) | grad=1.436 | tok/s=24,630 | tokens=2.88B
step= 87770 | loss=3.3741 | lr=3.00e-04 | wd=0.0425 | mom=0.9500 | T=7.5 k=4.0 (mu_rec=8 mu_bwd=4) | grad=1.017 | tok/s=22,986 | tokens=2.88B
step= 87780 | loss=3.0143 | lr=3.00e-04 | wd=0.0425 | mom=0.9500 | T=6.8 k=4.0 (mu_rec=8 mu_bwd=4) | grad=0.989 | tok/s=24,751 | tokens=2.88B
step= 87790 | loss=3.6020 | lr=3.00e-04 | wd=0.0425 | mom=0.9500 | T=6.5 k=3.5 (mu_rec=8 mu_bwd=4) | grad=1.122 | tok/s=22,647 | tokens=2.88B
step= 87800 | loss=3.0993 | lr=3.00e-04 | wd=0.0425 | mom=0.9500 | T=6.8 k=3.8 (mu_rec=8 mu_bwd=4) | grad=0.921 | tok/s=24,026 | tokens=2.88B
step= 87810 | loss=3.0974 | lr=3.00e-04 | wd=0.0425 | mom=0.9500 | T=3.8 k=2.8 (mu_rec=8 mu_bwd=4) | grad=0.960 | tok/s=21,802 | tokens=2.88B
step= 87820 | loss=3.0226 | lr=3.00e-04 | wd=0.0424 | mom=0.9500 | T=6.5 k=4.0 (mu_rec=8 mu_bwd=4) | grad=1.275 | tok/s=23,851 | tokens=2.88B
step= 87830 | loss=3.1262 | lr=3.00e-04 | wd=0.0424 | mom=0.9500 | T=8.2 k=3.2 (mu_rec=8 mu_bwd=4) | grad=1.016 | tok/s=21,736 | tokens=2.88B
step= 87840 | loss=3.1244 | lr=3.00e-04 | wd=0.0424 | mom=0.9500 | T=9.0 k=4.0 (mu_rec=8 mu_bwd=4) | grad=1.018 | tok/s=23,430 | tokens=2.88B
step= 87850 | loss=3.4606 | lr=3.00e-04 | wd=0.0424 | mom=0.9500 | T=5.2 k=3.8 (mu_rec=8 mu_bwd=4) | grad=1.297 | tok/s=21,769 | tokens=2.88B
step= 87860 | loss=3.1954 | lr=3.00e-04 | wd=0.0424 | mom=0.9500 | T=5.5 k=3.2 (mu_rec=8 mu_bwd=4) | grad=1.075 | tok/s=24,732 | tokens=2.88B
step= 87870 | loss=3.3646 | lr=3.00e-04 | wd=0.0424 | mom=0.9500 | T=4.5 k=3.0 (mu_rec=8 mu_bwd=4) | grad=1.218 | tok/s=24,551 | tokens=2.88B
step= 87880 | loss=3.2966 | lr=3.00e-04 | wd=0.0424 | mom=0.9500 | T=10.5 k=4.0 (mu_rec=8 mu_bwd=4) | grad=0.945 | tok/s=23,665 | tokens=2.88B
step= 87890 | loss=3.2091 | lr=3.00e-04 | wd=0.0424 | mom=0.9500 | T=6.2 k=4.0 (mu_rec=8 mu_bwd=4) | grad=0.900 | tok/s=23,706 | tokens=2.88B
step= 87900 | loss=3.2908 | lr=3.00e-04 | wd=0.0424 | mom=0.9500 | T=7.0 k=4.0 (mu_rec=8 mu_bwd=4) | grad=0.954 | tok/s=22,416 | tokens=2.88B
step= 87910 | loss=3.2537 | lr=3.00e-04 | wd=0.0424 | mom=0.9500 | T=9.0 k=4.0 (mu_rec=8 mu_bwd=4) | grad=0.914 | tok/s=23,970 | tokens=2.88B
step= 87920 | loss=3.2758 | lr=3.00e-04 | wd=0.0424 | mom=0.9500 | T=5.2 k=3.2 (mu_rec=8 mu_bwd=4) | grad=0.806 | tok/s=25,150 | tokens=2.88B
step= 87930 | loss=3.0559 | lr=3.00e-04 | wd=0.0424 | mom=0.9500 | T=5.5 k=2.8 (mu_rec=8 mu_bwd=4) | grad=1.344 | tok/s=22,819 | tokens=2.88B
step= 87940 | loss=3.0131 | lr=3.00e-04 | wd=0.0424 | mom=0.9500 | T=5.2 k=3.2 (mu_rec=8 mu_bwd=4) | grad=0.823 | tok/s=25,292 | tokens=2.88B
step= 87950 | loss=2.9487 | lr=3.00e-04 | wd=0.0424 | mom=0.9500 | T=6.5 k=3.2 (mu_rec=8 mu_bwd=4) | grad=1.600 | tok/s=24,144 | tokens=2.88B
step= 87960 | loss=3.1161 | lr=3.00e-04 | wd=0.0424 | mom=0.9500 | T=7.0 k=4.0 (mu_rec=8 mu_bwd=4) | grad=0.973 | tok/s=23,690 | tokens=2.88B
step= 87970 | loss=3.2487 | lr=3.00e-04 | wd=0.0423 | mom=0.9500 | T=4.8 k=3.5 (mu_rec=8 mu_bwd=4) | grad=1.104 | tok/s=23,684 | tokens=2.88B
step= 87980 | loss=3.3225 | lr=3.00e-04 | wd=0.0423 | mom=0.9500 | T=5.5 k=3.5 (mu_rec=8 mu_bwd=4) | grad=1.086 | tok/s=22,200 | tokens=2.88B
step= 87990 | loss=3.3421 | lr=3.00e-04 | wd=0.0423 | mom=0.9500 | T=6.0 k=4.0 (mu_rec=8 mu_bwd=4) | grad=0.928 | tok/s=23,881 | tokens=2.88B
step= 88000 | loss=3.0896 | lr=3.00e-04 | wd=0.0423 | mom=0.9500 | T=10.5 k=4.0 (mu_rec=8 mu_bwd=4) | grad=2.158 | tok/s=22,687 | tokens=2.88B
[step 88000] Saved -> runs/cortex-5b-k4/checkpoint_0088000
[step 88000] Pruned -> runs/cortex-5b-k4/checkpoint_0082000
step= 88010 | loss=3.2429 | lr=3.00e-04 | wd=0.0423 | mom=0.9500 | T=7.8 k=4.0 (mu_rec=8 mu_bwd=4) | grad=0.873 | tok/s=16,984 | tokens=2.88B
step= 88020 | loss=3.0953 | lr=3.00e-04 | wd=0.0423 | mom=0.9500 | T=12.8 k=4.0 (mu_rec=8 mu_bwd=4) | grad=1.460 | tok/s=22,797 | tokens=2.88B
step= 88030 | loss=3.2029 | lr=3.00e-04 | wd=0.0423 | mom=0.9500 | T=7.0 k=3.2 (mu_rec=8 mu_bwd=4) | grad=1.443 | tok/s=24,605 | tokens=2.88B
step= 88040 | loss=3.0456 | lr=3.00e-04 | wd=0.0423 | mom=0.9500 | T=10.0 k=4.0 (mu_rec=8 mu_bwd=4) | grad=0.970 | tok/s=23,579 | tokens=2.88B
step= 88050 | loss=3.2747 | lr=3.00e-04 | wd=0.0423 | mom=0.9500 | T=9.5 k=3.8 (mu_rec=8 mu_bwd=4) | grad=2.481 | tok/s=23,647 | tokens=2.89B
step= 88060 | loss=3.2003 | lr=3.00e-04 | wd=0.0423 | mom=0.9500 | T=8.0 k=4.0 (mu_rec=8 mu_bwd=4) | grad=0.977 | tok/s=24,055 | tokens=2.89B
step= 88070 | loss=3.1749 | lr=3.00e-04 | wd=0.0423 | mom=0.9500 | T=8.8 k=4.0 (mu_rec=8 mu_bwd=4) | grad=0.853 | tok/s=24,278 | tokens=2.89B
step= 88080 | loss=3.1433 | lr=3.00e-04 | wd=0.0423 | mom=0.9500 | T=7.0 k=3.2 (mu_rec=8 mu_bwd=4) | grad=1.349 | tok/s=24,159 | tokens=2.89B
step= 88090 | loss=3.1448 | lr=3.00e-04 | wd=0.0423 | mom=0.9500 | T=3.8 k=2.8 (mu_rec=8 mu_bwd=4) | grad=1.391 | tok/s=24,512 | tokens=2.89B
step= 88100 | loss=3.1663 | lr=3.00e-04 | wd=0.0423 | mom=0.9500 | T=9.5 k=4.0 (mu_rec=8 mu_bwd=4) | grad=0.930 | tok/s=23,386 | tokens=2.89B
step= 88110 | loss=3.3091 | lr=3.00e-04 | wd=0.0423 | mom=0.9500 | T=7.0 k=3.2 (mu_rec=8 mu_bwd=4) | grad=0.992 | tok/s=23,217 | tokens=2.89B
step= 88120 | loss=3.0623 | lr=3.00e-04 | wd=0.0422 | mom=0.9500 | T=4.0 k=3.2 (mu_rec=8 mu_bwd=4) | grad=2.930 | tok/s=24,441 | tokens=2.89B
step= 88130 | loss=3.1534 | lr=3.00e-04 | wd=0.0422 | mom=0.9500 | T=10.5 k=4.0 (mu_rec=8 mu_bwd=4) | grad=1.000 | tok/s=24,827 | tokens=2.89B
step= 88140 | loss=3.0130 | lr=3.00e-04 | wd=0.0422 | mom=0.9500 | T=9.5 k=4.0 (mu_rec=8 mu_bwd=4) | grad=1.195 | tok/s=24,218 | tokens=2.89B
step= 88150 | loss=3.1862 | lr=3.00e-04 | wd=0.0422 | mom=0.9500 | T=9.5 k=4.0 (mu_rec=8 mu_bwd=4) | grad=1.079 | tok/s=23,153 | tokens=2.89B
step= 88160 | loss=3.3001 | lr=3.00e-04 | wd=0.0422 | mom=0.9500 | T=8.8 k=4.0 (mu_rec=8 mu_bwd=4) | grad=0.879 | tok/s=22,352 | tokens=2.89B
step= 88170 | loss=3.3161 | lr=3.00e-04 | wd=0.0422 | mom=0.9500 | T=2.8 k=2.2 (mu_rec=8 mu_bwd=4) | grad=1.191 | tok/s=24,087 | tokens=2.89B
step= 88180 | loss=3.2119 | lr=3.00e-04 | wd=0.0422 | mom=0.9500 | T=8.0 k=4.0 (mu_rec=8 mu_bwd=4) | grad=0.900 | tok/s=25,898 | tokens=2.89B
step= 88190 | loss=3.1304 | lr=3.00e-04 | wd=0.0422 | mom=0.9500 | T=12.2 k=4.0 (mu_rec=8 mu_bwd=4) | grad=1.231 | tok/s=24,662 | tokens=2.89B
step= 88200 | loss=3.2543 | lr=3.00e-04 | wd=0.0422 | mom=0.9500 | T=12.0 k=4.0 (mu_rec=8 mu_bwd=4) | grad=1.102 | tok/s=21,397 | tokens=2.89B
step= 88210 | loss=3.3621 | lr=3.00e-04 | wd=0.0422 | mom=0.9500 | T=7.8 k=4.0 (mu_rec=8 mu_bwd=4) | grad=1.965 | tok/s=23,444 | tokens=2.89B
step= 88220 | loss=3.2937 | lr=3.00e-04 | wd=0.0422 | mom=0.9500 | T=8.8 k=4.0 (mu_rec=8 mu_bwd=4) | grad=1.052 | tok/s=24,344 | tokens=2.89B
step= 88230 | loss=3.4297 | lr=3.00e-04 | wd=0.0422 | mom=0.9500 | T=7.0 k=3.8 (mu_rec=8 mu_bwd=4) | grad=0.928 | tok/s=23,905 | tokens=2.89B
step= 88240 | loss=3.2038 | lr=3.00e-04 | wd=0.0422 | mom=0.9500 | T=3.5 k=3.2 (mu_rec=8 mu_bwd=4) | grad=1.207 | tok/s=24,011 | tokens=2.89B
step= 88250 | loss=3.1703 | lr=3.00e-04 | wd=0.0422 | mom=0.9500 | T=9.0 k=3.2 (mu_rec=8 mu_bwd=4) | grad=1.544 | tok/s=22,343 | tokens=2.89B
step= 88260 | loss=3.2701 | lr=3.00e-04 | wd=0.0422 | mom=0.9500 | T=11.0 k=4.0 (mu_rec=8 mu_bwd=4) | grad=2.645 | tok/s=22,907 | tokens=2.89B
step= 88270 | loss=3.1432 | lr=3.00e-04 | wd=0.0422 | mom=0.9500 | T=7.5 k=3.5 (mu_rec=8 mu_bwd=4) | grad=1.051 | tok/s=24,897 | tokens=2.89B
step= 88280 | loss=2.7694 | lr=3.00e-04 | wd=0.0421 | mom=0.9500 | T=5.5 k=3.5 (mu_rec=8 mu_bwd=4) | grad=1.172 | tok/s=22,614 | tokens=2.89B
step= 88290 | loss=3.0529 | lr=3.00e-04 | wd=0.0421 | mom=0.9500 | T=11.8 k=3.2 (mu_rec=8 mu_bwd=4) | grad=0.982 | tok/s=22,179 | tokens=2.89B
step= 88300 | loss=3.4795 | lr=3.00e-04 | wd=0.0421 | mom=0.9500 | T=12.0 k=4.0 (mu_rec=8 mu_bwd=4) | grad=0.951 | tok/s=22,392 | tokens=2.89B
step= 88310 | loss=3.4460 | lr=3.00e-04 | wd=0.0421 | mom=0.9500 | T=9.0 k=3.8 (mu_rec=8 mu_bwd=4) | grad=1.086 | tok/s=24,021 | tokens=2.89B
step= 88320 | loss=2.9111 | lr=3.00e-04 | wd=0.0421 | mom=0.9500 | T=9.2 k=4.0 (mu_rec=8 mu_bwd=4) | grad=9.058 | tok/s=21,993 | tokens=2.89B
step= 88330 | loss=3.0738 | lr=3.00e-04 | wd=0.0421 | mom=0.9500 | T=5.5 k=3.2 (mu_rec=8 mu_bwd=4) | grad=1.166 | tok/s=24,427 | tokens=2.89B
step= 88340 | loss=3.3588 | lr=3.00e-04 | wd=0.0421 | mom=0.9500 | T=8.8 k=4.0 (mu_rec=8 mu_bwd=4) | grad=1.047 | tok/s=24,575 | tokens=2.89B
step= 88350 | loss=3.3461 | lr=3.00e-04 | wd=0.0421 | mom=0.9500 | T=6.8 k=3.5 (mu_rec=8 mu_bwd=4) | grad=1.106 | tok/s=23,230 | tokens=2.90B
step= 88360 | loss=3.1821 | lr=3.00e-04 | wd=0.0421 | mom=0.9500 | T=11.0 k=4.0 (mu_rec=8 mu_bwd=4) | grad=1.151 | tok/s=23,162 | tokens=2.90B
step= 88370 | loss=3.1221 | lr=3.00e-04 | wd=0.0421 | mom=0.9500 | T=6.5 k=3.2 (mu_rec=8 mu_bwd=4) | grad=1.008 | tok/s=10,329 | tokens=2.90B
step= 88380 | loss=3.2214 | lr=3.00e-04 | wd=0.0421 | mom=0.9500 | T=8.0 k=4.0 (mu_rec=8 mu_bwd=4) | grad=0.952 | tok/s=23,610 | tokens=2.90B
step= 88390 | loss=3.1273 | lr=3.00e-04 | wd=0.0421 | mom=0.9500 | T=5.5 k=3.8 (mu_rec=8 mu_bwd=4) | grad=1.071 | tok/s=25,159 | tokens=2.90B
step= 88400 | loss=3.2871 | lr=3.00e-04 | wd=0.0421 | mom=0.9500 | T=7.5 k=3.2 (mu_rec=8 mu_bwd=4) | grad=1.615 | tok/s=22,752 | tokens=2.90B
step= 88410 | loss=2.8694 | lr=3.00e-04 | wd=0.0421 | mom=0.9500 | T=6.0 k=3.8 (mu_rec=8 mu_bwd=4) | grad=0.930 | tok/s=23,032 | tokens=2.90B
step= 88420 | loss=3.4080 | lr=3.00e-04 | wd=0.0421 | mom=0.9500 | T=6.5 k=3.2 (mu_rec=8 mu_bwd=4) | grad=1.215 | tok/s=23,240 | tokens=2.90B
step= 88430 | loss=3.4683 | lr=3.00e-04 | wd=0.0420 | mom=0.9500 | T=9.8 k=4.0 (mu_rec=8 mu_bwd=4) | grad=1.097 | tok/s=22,836 | tokens=2.90B
step= 88440 | loss=3.5270 | lr=3.00e-04 | wd=0.0420 | mom=0.9500 | T=7.8 k=4.0 (mu_rec=8 mu_bwd=4) | grad=1.040 | tok/s=23,274 | tokens=2.90B
step= 88450 | loss=3.3232 | lr=3.00e-04 | wd=0.0420 | mom=0.9500 | T=5.8 k=3.2 (mu_rec=8 mu_bwd=4) | grad=1.050 | tok/s=26,859 | tokens=2.90B
step= 88460 | loss=3.1997 | lr=3.00e-04 | wd=0.0420 | mom=0.9500 | T=4.5 k=3.5 (mu_rec=8 mu_bwd=4) | grad=1.665 | tok/s=24,432 | tokens=2.90B
step= 88470 | loss=2.9156 | lr=3.00e-04 | wd=0.0420 | mom=0.9500 | T=11.2 k=3.8 (mu_rec=8 mu_bwd=4) | grad=1.717 | tok/s=21,825 | tokens=2.90B
step= 88480 | loss=3.2231 | lr=3.00e-04 | wd=0.0420 | mom=0.9500 | T=14.0 k=4.0 (mu_rec=8 mu_bwd=4) | grad=1.071 | tok/s=23,051 | tokens=2.90B
step= 88490 | loss=3.0690 | lr=3.00e-04 | wd=0.0420 | mom=0.9500 | T=8.8 k=4.0 (mu_rec=8 mu_bwd=4) | grad=1.272 | tok/s=11,028 | tokens=2.90B
step= 88500 | loss=3.2315 | lr=3.00e-04 | wd=0.0420 | mom=0.9500 | T=9.0 k=4.0 (mu_rec=8 mu_bwd=4) | grad=0.846 | tok/s=23,658 | tokens=2.90B
step= 88510 | loss=3.7501 | lr=3.00e-04 | wd=0.0420 | mom=0.9500 | T=7.0 k=3.5 (mu_rec=8 mu_bwd=4) | grad=1.901 | tok/s=25,227 | tokens=2.90B
step= 88520 | loss=3.3931 | lr=3.00e-04 | wd=0.0420 | mom=0.9500 | T=9.2 k=4.0 (mu_rec=8 mu_bwd=4) | grad=2.630 | tok/s=23,102 | tokens=2.90B
step= 88530 | loss=3.1126 | lr=3.00e-04 | wd=0.0420 | mom=0.9500 | T=11.2 k=3.5 (mu_rec=8 mu_bwd=4) | grad=1.193 | tok/s=23,274 | tokens=2.90B
step= 88540 | loss=3.3354 | lr=3.00e-04 | wd=0.0420 | mom=0.9500 | T=7.0 k=4.0 (mu_rec=8 mu_bwd=4) | grad=1.710 | tok/s=21,885 | tokens=2.90B
step= 88550 | loss=3.1947 | lr=3.00e-04 | wd=0.0420 | mom=0.9500 | T=9.2 k=4.0 (mu_rec=8 mu_bwd=4) | grad=1.007 | tok/s=24,154 | tokens=2.90B
step= 88560 | loss=3.5476 | lr=3.00e-04 | wd=0.0420 | mom=0.9500 | T=6.2 k=3.8 (mu_rec=8 mu_bwd=4) | grad=0.948 | tok/s=23,291 | tokens=2.90B
step= 88570 | loss=3.5038 | lr=3.00e-04 | wd=0.0420 | mom=0.9500 | T=8.8 k=3.2 (mu_rec=8 mu_bwd=4) | grad=2.785 | tok/s=24,345 | tokens=2.90B
step= 88580 | loss=3.1415 | lr=3.00e-04 | wd=0.0419 | mom=0.9500 | T=7.8 k=3.8 (mu_rec=8 mu_bwd=4) | grad=0.849 | tok/s=23,631 | tokens=2.90B
step= 88590 | loss=3.2432 | lr=3.00e-04 | wd=0.0419 | mom=0.9500 | T=5.2 k=3.8 (mu_rec=8 mu_bwd=4) | grad=0.972 | tok/s=24,232 | tokens=2.90B
step= 88600 | loss=2.9283 | lr=3.00e-04 | wd=0.0419 | mom=0.9500 | T=6.2 k=3.5 (mu_rec=8 mu_bwd=4) | grad=1.112 | tok/s=23,618 | tokens=2.90B
step= 88610 | loss=3.2144 | lr=3.00e-04 | wd=0.0419 | mom=0.9500 | T=5.5 k=3.5 (mu_rec=8 mu_bwd=4) | grad=0.825 | tok/s=24,554 | tokens=2.90B
step= 88620 | loss=3.0172 | lr=3.00e-04 | wd=0.0419 | mom=0.9500 | T=8.8 k=4.0 (mu_rec=8 mu_bwd=4) | grad=0.909 | tok/s=23,595 | tokens=2.90B
step= 88630 | loss=3.3781 | lr=3.00e-04 | wd=0.0419 | mom=0.9500 | T=8.2 k=3.8 (mu_rec=8 mu_bwd=4) | grad=0.916 | tok/s=23,042 | tokens=2.90B
step= 88640 | loss=2.8771 | lr=3.00e-04 | wd=0.0419 | mom=0.9500 | T=5.5 k=4.0 (mu_rec=8 mu_bwd=4) | grad=0.911 | tok/s=24,531 | tokens=2.90B
step= 88650 | loss=3.1432 | lr=3.00e-04 | wd=0.0419 | mom=0.9500 | T=10.5 k=4.0 (mu_rec=8 mu_bwd=4) | grad=0.780 | tok/s=23,733 | tokens=2.90B
step= 88660 | loss=3.0482 | lr=3.00e-04 | wd=0.0419 | mom=0.9500 | T=9.2 k=4.0 (mu_rec=8 mu_bwd=4) | grad=0.935 | tok/s=22,756 | tokens=2.91B
step= 88670 | loss=3.3169 | lr=3.00e-04 | wd=0.0419 | mom=0.9500 | T=6.8 k=4.0 (mu_rec=8 mu_bwd=4) | grad=0.989 | tok/s=23,559 | tokens=2.91B
step= 88680 | loss=3.0268 | lr=3.00e-04 | wd=0.0419 | mom=0.9500 | T=8.5 k=4.0 (mu_rec=8 mu_bwd=4) | grad=1.057 | tok/s=22,613 | tokens=2.91B
step= 88690 | loss=3.1414 | lr=3.00e-04 | wd=0.0419 | mom=0.9500 | T=6.8 k=3.8 (mu_rec=8 mu_bwd=4) | grad=0.834 | tok/s=22,662 | tokens=2.91B
step= 88700 | loss=2.9142 | lr=3.00e-04 | wd=0.0419 | mom=0.9500 | T=9.5 k=4.0 (mu_rec=8 mu_bwd=4) | grad=0.908 | tok/s=25,190 | tokens=2.91B
step= 88710 | loss=3.2451 | lr=3.00e-04 | wd=0.0419 | mom=0.9500 | T=9.8 k=4.0 (mu_rec=8 mu_bwd=4) | grad=0.848 | tok/s=22,490 | tokens=2.91B
step= 88720 | loss=3.2057 | lr=3.00e-04 | wd=0.0419 | mom=0.9500 | T=7.8 k=4.0 (mu_rec=8 mu_bwd=4) | grad=1.049 | tok/s=22,955 | tokens=2.91B
step= 88730 | loss=3.4548 | lr=3.00e-04 | wd=0.0419 | mom=0.9500 | T=7.8 k=4.0 (mu_rec=8 mu_bwd=4) | grad=1.265 | tok/s=23,669 | tokens=2.91B
step= 88740 | loss=3.0229 | lr=3.00e-04 | wd=0.0418 | mom=0.9500 | T=8.8 k=3.2 (mu_rec=8 mu_bwd=4) | grad=1.059 | tok/s=24,430 | tokens=2.91B
step= 88750 | loss=3.0915 | lr=3.00e-04 | wd=0.0418 | mom=0.9500 | T=8.0 k=4.0 (mu_rec=8 mu_bwd=4) | grad=1.511 | tok/s=23,590 | tokens=2.91B
step= 88760 | loss=3.2424 | lr=3.00e-04 | wd=0.0418 | mom=0.9500 | T=6.0 k=3.2 (mu_rec=8 mu_bwd=4) | grad=2.786 | tok/s=23,305 | tokens=2.91B
step= 88770 | loss=3.2141 | lr=3.00e-04 | wd=0.0418 | mom=0.9500 | T=9.5 k=3.8 (mu_rec=8 mu_bwd=4) | grad=0.771 | tok/s=23,303 | tokens=2.91B
step= 88780 | loss=3.2710 | lr=3.00e-04 | wd=0.0418 | mom=0.9500 | T=9.2 k=3.8 (mu_rec=8 mu_bwd=4) | grad=2.044 | tok/s=22,823 | tokens=2.91B
step= 88790 | loss=3.0785 | lr=3.00e-04 | wd=0.0418 | mom=0.9500 | T=10.2 k=4.0 (mu_rec=8 mu_bwd=4) | grad=0.987 | tok/s=24,055 | tokens=2.91B
step= 88800 | loss=3.1873 | lr=3.00e-04 | wd=0.0418 | mom=0.9500 | T=7.2 k=4.0 (mu_rec=8 mu_bwd=4) | grad=2.387 | tok/s=22,934 | tokens=2.91B
step= 88810 | loss=3.2130 | lr=3.00e-04 | wd=0.0418 | mom=0.9500 | T=4.8 k=3.2 (mu_rec=8 mu_bwd=4) | grad=1.015 | tok/s=23,493 | tokens=2.91B
step= 88820 | loss=3.0693 | lr=3.00e-04 | wd=0.0418 | mom=0.9500 | T=9.2 k=3.8 (mu_rec=8 mu_bwd=4) | grad=0.788 | tok/s=23,014 | tokens=2.91B
step= 88830 | loss=3.1123 | lr=3.00e-04 | wd=0.0418 | mom=0.9500 | T=9.5 k=4.0 (mu_rec=8 mu_bwd=4) | grad=0.969 | tok/s=22,790 | tokens=2.91B
step= 88840 | loss=3.5225 | lr=3.00e-04 | wd=0.0418 | mom=0.9500 | T=8.2 k=3.8 (mu_rec=8 mu_bwd=4) | grad=1.100 | tok/s=24,368 | tokens=2.91B
step= 88850 | loss=3.3454 | lr=3.00e-04 | wd=0.0418 | mom=0.9500 | T=7.8 k=3.8 (mu_rec=8 mu_bwd=4) | grad=2.082 | tok/s=25,225 | tokens=2.91B
step= 88860 | loss=3.1196 | lr=3.00e-04 | wd=0.0418 | mom=0.9500 | T=12.8 k=3.2 (mu_rec=8 mu_bwd=4) | grad=0.956 | tok/s=23,495 | tokens=2.91B
step= 88870 | loss=3.3787 | lr=3.00e-04 | wd=0.0418 | mom=0.9500 | T=7.5 k=4.0 (mu_rec=8 mu_bwd=4) | grad=0.963 | tok/s=23,758 | tokens=2.91B
step= 88880 | loss=3.1540 | lr=3.00e-04 | wd=0.0418 | mom=0.9500 | T=6.5 k=3.2 (mu_rec=8 mu_bwd=4) | grad=1.056 | tok/s=24,525 | tokens=2.91B
step= 88890 | loss=2.7818 | lr=3.00e-04 | wd=0.0417 | mom=0.9500 | T=7.8 k=3.2 (mu_rec=8 mu_bwd=4) | grad=1.387 | tok/s=22,802 | tokens=2.91B
step= 88900 | loss=3.1718 | lr=3.00e-04 | wd=0.0417 | mom=0.9500 | T=8.8 k=4.0 (mu_rec=8 mu_bwd=4) | grad=1.191 | tok/s=22,042 | tokens=2.91B
step= 88910 | loss=2.8663 | lr=3.00e-04 | wd=0.0417 | mom=0.9500 | T=10.2 k=4.0 (mu_rec=8 mu_bwd=4) | grad=0.950 | tok/s=22,979 | tokens=2.91B
step= 88920 | loss=3.3165 | lr=3.00e-04 | wd=0.0417 | mom=0.9500 | T=14.5 k=4.0 (mu_rec=8 mu_bwd=4) | grad=1.165 | tok/s=23,987 | tokens=2.91B
step= 88930 | loss=2.9559 | lr=3.00e-04 | wd=0.0417 | mom=0.9500 | T=8.8 k=4.0 (mu_rec=8 mu_bwd=4) | grad=0.936 | tok/s=24,518 | tokens=2.91B
step= 88940 | loss=3.1854 | lr=3.00e-04 | wd=0.0417 | mom=0.9500 | T=4.8 k=3.8 (mu_rec=8 mu_bwd=4) | grad=1.038 | tok/s=24,724 | tokens=2.91B
step= 88950 | loss=3.4014 | lr=3.00e-04 | wd=0.0417 | mom=0.9500 | T=10.2 k=4.0 (mu_rec=8 mu_bwd=4) | grad=1.125 | tok/s=22,858 | tokens=2.91B
step= 88960 | loss=2.9241 | lr=3.00e-04 | wd=0.0417 | mom=0.9500 | T=8.8 k=4.0 (mu_rec=8 mu_bwd=4) | grad=0.790 | tok/s=23,849 | tokens=2.92B
step= 88970 | loss=3.1204 | lr=3.00e-04 | wd=0.0417 | mom=0.9500 | T=10.0 k=3.5 (mu_rec=8 mu_bwd=4) | grad=1.564 | tok/s=23,447 | tokens=2.92B
step= 88980 | loss=3.1265 | lr=3.00e-04 | wd=0.0417 | mom=0.9500 | T=7.2 k=4.0 (mu_rec=8 mu_bwd=4) | grad=1.250 | tok/s=23,379 | tokens=2.92B
step= 88990 | loss=2.6398 | lr=3.00e-04 | wd=0.0417 | mom=0.9500 | T=5.5 k=3.8 (mu_rec=8 mu_bwd=4) | grad=0.989 | tok/s=23,427 | tokens=2.92B
step= 89000 | loss=3.3530 | lr=3.00e-04 | wd=0.0417 | mom=0.9500 | T=7.8 k=3.5 (mu_rec=8 mu_bwd=4) | grad=1.293 | tok/s=21,994 | tokens=2.92B
step= 89010 | loss=3.3435 | lr=3.00e-04 | wd=0.0417 | mom=0.9500 | T=7.5 k=3.8 (mu_rec=8 mu_bwd=4) | grad=1.519 | tok/s=23,621 | tokens=2.92B
step= 89020 | loss=2.9852 | lr=3.00e-04 | wd=0.0417 | mom=0.9500 | T=3.2 k=2.2 (mu_rec=8 mu_bwd=4) | grad=1.255 | tok/s=23,010 | tokens=2.92B
step= 89030 | loss=3.3400 | lr=3.00e-04 | wd=0.0417 | mom=0.9500 | T=7.2 k=4.0 (mu_rec=8 mu_bwd=4) | grad=1.131 | tok/s=23,594 | tokens=2.92B
step= 89040 | loss=3.2746 | lr=3.00e-04 | wd=0.0416 | mom=0.9500 | T=4.5 k=3.2 (mu_rec=8 mu_bwd=4) | grad=1.112 | tok/s=24,468 | tokens=2.92B
step= 89050 | loss=3.2548 | lr=3.00e-04 | wd=0.0416 | mom=0.9500 | T=9.5 k=4.0 (mu_rec=8 mu_bwd=4) | grad=0.937 | tok/s=21,757 | tokens=2.92B
step= 89060 | loss=3.1414 | lr=3.00e-04 | wd=0.0416 | mom=0.9500 | T=7.0 k=3.8 (mu_rec=8 mu_bwd=4) | grad=0.825 | tok/s=22,658 | tokens=2.92B
step= 89070 | loss=2.6909 | lr=3.00e-04 | wd=0.0416 | mom=0.9500 | T=6.8 k=3.8 (mu_rec=8 mu_bwd=4) | grad=1.101 | tok/s=25,443 | tokens=2.92B
step= 89080 | loss=3.1507 | lr=3.00e-04 | wd=0.0416 | mom=0.9500 | T=6.2 k=3.8 (mu_rec=8 mu_bwd=4) | grad=1.001 | tok/s=23,838 | tokens=2.92B
step= 89090 | loss=3.2000 | lr=3.00e-04 | wd=0.0416 | mom=0.9500 | T=8.2 k=4.0 (mu_rec=8 mu_bwd=4) | grad=0.904 | tok/s=23,258 | tokens=2.92B
step= 89100 | loss=3.2362 | lr=3.00e-04 | wd=0.0416 | mom=0.9500 | T=6.0 k=3.8 (mu_rec=8 mu_bwd=4) | grad=1.102 | tok/s=24,138 | tokens=2.92B
step= 89110 | loss=3.0612 | lr=3.00e-04 | wd=0.0416 | mom=0.9500 | T=9.5 k=3.8 (mu_rec=8 mu_bwd=4) | grad=1.384 | tok/s=22,624 | tokens=2.92B
step= 89120 | loss=3.1901 | lr=3.00e-04 | wd=0.0416 | mom=0.9500 | T=9.2 k=4.0 (mu_rec=8 mu_bwd=4) | grad=0.903 | tok/s=22,385 | tokens=2.92B
step= 89130 | loss=3.3877 | lr=3.00e-04 | wd=0.0416 | mom=0.9500 | T=7.5 k=4.0 (mu_rec=8 mu_bwd=4) | grad=0.874 | tok/s=22,769 | tokens=2.92B
step= 89140 | loss=3.3880 | lr=3.00e-04 | wd=0.0416 | mom=0.9500 | T=11.2 k=4.0 (mu_rec=8 mu_bwd=4) | grad=0.944 | tok/s=23,848 | tokens=2.92B
step= 89150 | loss=3.2672 | lr=3.00e-04 | wd=0.0416 | mom=0.9500 | T=11.2 k=4.0 (mu_rec=8 mu_bwd=4) | grad=1.146 | tok/s=23,493 | tokens=2.92B
step= 89160 | loss=3.2633 | lr=3.00e-04 | wd=0.0416 | mom=0.9500 | T=16.0 k=4.0 (mu_rec=8 mu_bwd=4) | grad=0.952 | tok/s=22,852 | tokens=2.92B
step= 89170 | loss=3.8784 | lr=3.00e-04 | wd=0.0416 | mom=0.9500 | T=6.2 k=4.0 (mu_rec=8 mu_bwd=4) | grad=1.524 | tok/s=23,394 | tokens=2.92B
step= 89180 | loss=3.3260 | lr=3.00e-04 | wd=0.0416 | mom=0.9500 | T=6.8 k=3.8 (mu_rec=8 mu_bwd=4) | grad=1.221 | tok/s=24,166 | tokens=2.92B
step= 89190 | loss=3.2798 | lr=3.00e-04 | wd=0.0415 | mom=0.9500 | T=9.0 k=4.0 (mu_rec=8 mu_bwd=4) | grad=0.938 | tok/s=23,304 | tokens=2.92B
step= 89200 | loss=3.4587 | lr=3.00e-04 | wd=0.0415 | mom=0.9500 | T=6.8 k=4.0 (mu_rec=8 mu_bwd=4) | grad=1.071 | tok/s=24,602 | tokens=2.92B
step= 89210 | loss=3.2537 | lr=3.00e-04 | wd=0.0415 | mom=0.9500 | T=10.0 k=3.2 (mu_rec=8 mu_bwd=4) | grad=1.288 | tok/s=23,005 | tokens=2.92B
step= 89220 | loss=3.1439 | lr=3.00e-04 | wd=0.0415 | mom=0.9500 | T=8.2 k=4.0 (mu_rec=8 mu_bwd=4) | grad=0.962 | tok/s=23,649 | tokens=2.92B
step= 89230 | loss=2.6737 | lr=3.00e-04 | wd=0.0415 | mom=0.9500 | T=12.0 k=4.0 (mu_rec=8 mu_bwd=4) | grad=0.782 | tok/s=22,292 | tokens=2.92B
step= 89240 | loss=3.3886 | lr=3.00e-04 | wd=0.0415 | mom=0.9500 | T=6.5 k=3.0 (mu_rec=8 mu_bwd=4) | grad=0.850 | tok/s=10,282 | tokens=2.92B
step= 89250 | loss=3.1888 | lr=3.00e-04 | wd=0.0415 | mom=0.9500 | T=9.8 k=4.0 (mu_rec=8 mu_bwd=4) | grad=0.988 | tok/s=22,712 | tokens=2.92B
step= 89260 | loss=2.7264 | lr=3.00e-04 | wd=0.0415 | mom=0.9500 | T=5.5 k=3.5 (mu_rec=8 mu_bwd=4) | grad=0.976 | tok/s=22,927 | tokens=2.92B
step= 89270 | loss=2.8260 | lr=3.00e-04 | wd=0.0415 | mom=0.9500 | T=7.5 k=4.0 (mu_rec=8 mu_bwd=4) | grad=2.248 | tok/s=23,564 | tokens=2.93B
step= 89280 | loss=3.0228 | lr=3.00e-04 | wd=0.0415 | mom=0.9500 | T=16.5 k=4.0 (mu_rec=8 mu_bwd=4) | grad=0.844 | tok/s=22,937 | tokens=2.93B
step= 89290 | loss=3.4303 | lr=3.00e-04 | wd=0.0415 | mom=0.9500 | T=5.0 k=3.2 (mu_rec=8 mu_bwd=4) | grad=1.028 | tok/s=23,860 | tokens=2.93B
step= 89300 | loss=3.1838 | lr=3.00e-04 | wd=0.0415 | mom=0.9500 | T=5.2 k=3.8 (mu_rec=8 mu_bwd=4) | grad=1.498 | tok/s=23,818 | tokens=2.93B
step= 89310 | loss=3.1421 | lr=3.00e-04 | wd=0.0415 | mom=0.9500 | T=9.0 k=3.8 (mu_rec=8 mu_bwd=4) | grad=1.217 | tok/s=22,967 | tokens=2.93B
step= 89320 | loss=3.0542 | lr=3.00e-04 | wd=0.0415 | mom=0.9500 | T=14.5 k=4.0 (mu_rec=8 mu_bwd=4) | grad=0.966 | tok/s=9,807 | tokens=2.93B
step= 89330 | loss=2.9676 | lr=3.00e-04 | wd=0.0415 | mom=0.9500 | T=2.8 k=2.5 (mu_rec=8 mu_bwd=4) | grad=0.962 | tok/s=25,156 | tokens=2.93B
step= 89340 | loss=3.0745 | lr=3.00e-04 | wd=0.0415 | mom=0.9500 | T=8.0 k=4.0 (mu_rec=8 mu_bwd=4) | grad=0.907 | tok/s=24,338 | tokens=2.93B
step= 89350 | loss=3.0678 | lr=3.00e-04 | wd=0.0414 | mom=0.9500 | T=8.2 k=3.2 (mu_rec=8 mu_bwd=4) | grad=0.997 | tok/s=22,937 | tokens=2.93B
step= 89360 | loss=3.1649 | lr=3.00e-04 | wd=0.0414 | mom=0.9500 | T=4.2 k=2.5 (mu_rec=8 mu_bwd=4) | grad=1.065 | tok/s=24,141 | tokens=2.93B
step= 89370 | loss=3.1798 | lr=3.00e-04 | wd=0.0414 | mom=0.9500 | T=16.8 k=4.0 (mu_rec=8 mu_bwd=4) | grad=0.829 | tok/s=22,434 | tokens=2.93B
step= 89380 | loss=3.2243 | lr=3.00e-04 | wd=0.0414 | mom=0.9500 | T=5.8 k=3.2 (mu_rec=8 mu_bwd=4) | grad=1.363 | tok/s=23,243 | tokens=2.93B
step= 89390 | loss=3.2101 | lr=3.00e-04 | wd=0.0414 | mom=0.9500 | T=6.2 k=3.2 (mu_rec=8 mu_bwd=4) | grad=2.106 | tok/s=25,306 | tokens=2.93B
step= 89400 | loss=3.1883 | lr=3.00e-04 | wd=0.0414 | mom=0.9500 | T=7.5 k=3.8 (mu_rec=8 mu_bwd=4) | grad=0.917 | tok/s=23,305 | tokens=2.93B
step= 89410 | loss=3.3595 | lr=3.00e-04 | wd=0.0414 | mom=0.9500 | T=6.2 k=3.8 (mu_rec=8 mu_bwd=4) | grad=1.340 | tok/s=24,584 | tokens=2.93B
step= 89420 | loss=3.3126 | lr=3.00e-04 | wd=0.0414 | mom=0.9500 | T=7.8 k=4.0 (mu_rec=8 mu_bwd=4) | grad=1.755 | tok/s=23,826 | tokens=2.93B
step= 89430 | loss=3.4438 | lr=3.00e-04 | wd=0.0414 | mom=0.9500 | T=11.2 k=4.0 (mu_rec=8 mu_bwd=4) | grad=1.050 | tok/s=21,722 | tokens=2.93B
step= 89440 | loss=3.0706 | lr=3.00e-04 | wd=0.0414 | mom=0.9500 | T=7.2 k=3.5 (mu_rec=8 mu_bwd=4) | grad=1.057 | tok/s=23,219 | tokens=2.93B
step= 89450 | loss=3.2091 | lr=3.00e-04 | wd=0.0414 | mom=0.9500 | T=6.2 k=3.5 (mu_rec=8 mu_bwd=4) | grad=0.884 | tok/s=24,185 | tokens=2.93B
step= 89460 | loss=3.5406 | lr=3.00e-04 | wd=0.0414 | mom=0.9500 | T=11.0 k=4.0 (mu_rec=8 mu_bwd=4) | grad=1.277 | tok/s=23,037 | tokens=2.93B
step= 89470 | loss=3.3200 | lr=3.00e-04 | wd=0.0414 | mom=0.9500 | T=4.8 k=3.8 (mu_rec=8 mu_bwd=4) | grad=1.375 | tok/s=23,114 | tokens=2.93B
step= 89480 | loss=3.0733 | lr=3.00e-04 | wd=0.0414 | mom=0.9500 | T=8.0 k=3.8 (mu_rec=8 mu_bwd=4) | grad=1.083 | tok/s=23,736 | tokens=2.93B
step= 89490 | loss=3.3060 | lr=3.00e-04 | wd=0.0414 | mom=0.9500 | T=7.2 k=3.8 (mu_rec=8 mu_bwd=4) | grad=1.998 | tok/s=24,951 | tokens=2.93B
step= 89500 | loss=3.1488 | lr=3.00e-04 | wd=0.0413 | mom=0.9500 | T=8.2 k=4.0 (mu_rec=8 mu_bwd=4) | grad=1.013 | tok/s=22,556 | tokens=2.93B
step= 89510 | loss=3.5019 | lr=3.00e-04 | wd=0.0413 | mom=0.9500 | T=6.8 k=4.0 (mu_rec=8 mu_bwd=4) | grad=1.656 | tok/s=25,109 | tokens=2.93B
step= 89520 | loss=3.3113 | lr=3.00e-04 | wd=0.0413 | mom=0.9500 | T=8.2 k=3.0 (mu_rec=8 mu_bwd=4) | grad=1.267 | tok/s=22,674 | tokens=2.93B
step= 89530 | loss=3.2206 | lr=3.00e-04 | wd=0.0413 | mom=0.9500 | T=5.2 k=3.5 (mu_rec=8 mu_bwd=4) | grad=1.031 | tok/s=24,496 | tokens=2.93B
step= 89540 | loss=3.2949 | lr=3.00e-04 | wd=0.0413 | mom=0.9500 | T=5.5 k=3.8 (mu_rec=8 mu_bwd=4) | grad=1.080 | tok/s=23,581 | tokens=2.93B
step= 89550 | loss=3.1425 | lr=3.00e-04 | wd=0.0413 | mom=0.9500 | T=8.2 k=4.0 (mu_rec=8 mu_bwd=4) | grad=0.960 | tok/s=23,406 | tokens=2.93B
step= 89560 | loss=3.3013 | lr=3.00e-04 | wd=0.0413 | mom=0.9500 | T=9.0 k=4.0 (mu_rec=8 mu_bwd=4) | grad=0.961 | tok/s=21,436 | tokens=2.93B
step= 89570 | loss=3.3461 | lr=3.00e-04 | wd=0.0413 | mom=0.9500 | T=8.8 k=4.0 (mu_rec=8 mu_bwd=4) | grad=1.288 | tok/s=24,431 | tokens=2.94B
step= 89580 | loss=3.4275 | lr=3.00e-04 | wd=0.0413 | mom=0.9500 | T=8.8 k=3.2 (mu_rec=8 mu_bwd=4) | grad=1.251 | tok/s=22,218 | tokens=2.94B
step= 89590 | loss=2.8550 | lr=3.00e-04 | wd=0.0413 | mom=0.9500 | T=5.8 k=3.8 (mu_rec=8 mu_bwd=4) | grad=2.127 | tok/s=24,646 | tokens=2.94B
step= 89600 | loss=3.1949 | lr=3.00e-04 | wd=0.0413 | mom=0.9500 | T=6.2 k=4.0 (mu_rec=8 mu_bwd=4) | grad=1.100 | tok/s=23,525 | tokens=2.94B
step= 89610 | loss=3.4163 | lr=3.00e-04 | wd=0.0413 | mom=0.9500 | T=5.2 k=3.0 (mu_rec=8 mu_bwd=4) | grad=1.265 | tok/s=21,656 | tokens=2.94B
step= 89620 | loss=3.2509 | lr=3.00e-04 | wd=0.0413 | mom=0.9500 | T=10.0 k=4.0 (mu_rec=8 mu_bwd=4) | grad=0.910 | tok/s=24,413 | tokens=2.94B
step= 89630 | loss=3.3085 | lr=3.00e-04 | wd=0.0413 | mom=0.9500 | T=6.2 k=3.5 (mu_rec=8 mu_bwd=4) | grad=1.339 | tok/s=24,275 | tokens=2.94B
step= 89640 | loss=3.1403 | lr=3.00e-04 | wd=0.0413 | mom=0.9500 | T=10.2 k=3.8 (mu_rec=8 mu_bwd=4) | grad=0.935 | tok/s=24,411 | tokens=2.94B
step= 89650 | loss=3.1055 | lr=3.00e-04 | wd=0.0412 | mom=0.9500 | T=9.5 k=3.5 (mu_rec=8 mu_bwd=4) | grad=1.525 | tok/s=24,773 | tokens=2.94B
step= 89660 | loss=3.3029 | lr=3.00e-04 | wd=0.0412 | mom=0.9500 | T=7.8 k=3.0 (mu_rec=8 mu_bwd=4) | grad=0.967 | tok/s=22,754 | tokens=2.94B
step= 89670 | loss=2.9967 | lr=3.00e-04 | wd=0.0412 | mom=0.9500 | T=10.0 k=4.0 (mu_rec=8 mu_bwd=4) | grad=0.809 | tok/s=22,642 | tokens=2.94B
step= 89680 | loss=3.5780 | lr=3.00e-04 | wd=0.0412 | mom=0.9500 | T=8.0 k=4.0 (mu_rec=8 mu_bwd=4) | grad=1.292 | tok/s=24,547 | tokens=2.94B
step= 89690 | loss=3.3125 | lr=3.00e-04 | wd=0.0412 | mom=0.9500 | T=8.0 k=4.0 (mu_rec=8 mu_bwd=4) | grad=1.012 | tok/s=22,902 | tokens=2.94B
step= 89700 | loss=3.1823 | lr=3.00e-04 | wd=0.0412 | mom=0.9500 | T=6.0 k=4.0 (mu_rec=8 mu_bwd=4) | grad=0.904 | tok/s=22,822 | tokens=2.94B
step= 89710 | loss=3.0971 | lr=3.00e-04 | wd=0.0412 | mom=0.9500 | T=8.5 k=4.0 (mu_rec=8 mu_bwd=4) | grad=1.289 | tok/s=23,387 | tokens=2.94B
step= 89720 | loss=3.3628 | lr=3.00e-04 | wd=0.0412 | mom=0.9500 | T=8.5 k=3.5 (mu_rec=8 mu_bwd=4) | grad=1.435 | tok/s=24,751 | tokens=2.94B
step= 89730 | loss=3.2893 | lr=3.00e-04 | wd=0.0412 | mom=0.9500 | T=12.8 k=4.0 (mu_rec=8 mu_bwd=4) | grad=1.234 | tok/s=22,747 | tokens=2.94B
step= 89740 | loss=3.0238 | lr=3.00e-04 | wd=0.0412 | mom=0.9500 | T=3.5 k=3.5 (mu_rec=8 mu_bwd=4) | grad=0.994 | tok/s=22,557 | tokens=2.94B
step= 89750 | loss=3.1724 | lr=3.00e-04 | wd=0.0412 | mom=0.9500 | T=9.2 k=3.8 (mu_rec=8 mu_bwd=4) | grad=0.835 | tok/s=23,308 | tokens=2.94B
step= 89760 | loss=2.9948 | lr=3.00e-04 | wd=0.0412 | mom=0.9500 | T=5.5 k=3.2 (mu_rec=8 mu_bwd=4) | grad=0.861 | tok/s=22,965 | tokens=2.94B
step= 89770 | loss=3.4427 | lr=3.00e-04 | wd=0.0412 | mom=0.9500 | T=10.2 k=4.0 (mu_rec=8 mu_bwd=4) | grad=1.361 | tok/s=22,112 | tokens=2.94B
step= 89780 | loss=3.2676 | lr=3.00e-04 | wd=0.0412 | mom=0.9500 | T=6.8 k=3.2 (mu_rec=8 mu_bwd=4) | grad=0.928 | tok/s=24,268 | tokens=2.94B
step= 89790 | loss=3.0224 | lr=3.00e-04 | wd=0.0412 | mom=0.9500 | T=13.0 k=4.0 (mu_rec=8 mu_bwd=4) | grad=1.284 | tok/s=21,281 | tokens=2.94B
step= 89800 | loss=3.1265 | lr=3.00e-04 | wd=0.0411 | mom=0.9500 | T=6.8 k=4.0 (mu_rec=8 mu_bwd=4) | grad=3.393 | tok/s=23,129 | tokens=2.94B
step= 89810 | loss=3.3846 | lr=3.00e-04 | wd=0.0411 | mom=0.9500 | T=7.8 k=3.2 (mu_rec=8 mu_bwd=4) | grad=1.153 | tok/s=25,713 | tokens=2.94B
step= 89820 | loss=3.2055 | lr=3.00e-04 | wd=0.0411 | mom=0.9500 | T=11.2 k=3.8 (mu_rec=8 mu_bwd=4) | grad=1.169 | tok/s=24,539 | tokens=2.94B
step= 89830 | loss=3.1523 | lr=3.00e-04 | wd=0.0411 | mom=0.9500 | T=7.8 k=4.0 (mu_rec=8 mu_bwd=4) | grad=0.870 | tok/s=21,912 | tokens=2.94B
step= 89840 | loss=3.3411 | lr=3.00e-04 | wd=0.0411 | mom=0.9500 | T=6.8 k=3.2 (mu_rec=8 mu_bwd=4) | grad=0.993 | tok/s=25,064 | tokens=2.94B
step= 89850 | loss=3.3141 | lr=3.00e-04 | wd=0.0411 | mom=0.9500 | T=12.5 k=4.0 (mu_rec=8 mu_bwd=4) | grad=0.931 | tok/s=23,707 | tokens=2.94B
step= 89860 | loss=3.2534 | lr=3.00e-04 | wd=0.0411 | mom=0.9500 | T=6.8 k=3.2 (mu_rec=8 mu_bwd=4) | grad=0.868 | tok/s=24,683 | tokens=2.94B
step= 89870 | loss=3.1674 | lr=3.00e-04 | wd=0.0411 | mom=0.9500 | T=5.0 k=3.8 (mu_rec=8 mu_bwd=4) | grad=0.998 | tok/s=24,786 | tokens=2.94B
step= 89880 | loss=2.6844 | lr=3.00e-04 | wd=0.0411 | mom=0.9500 | T=7.0 k=3.0 (mu_rec=8 mu_bwd=4) | grad=1.065 | tok/s=23,517 | tokens=2.95B
step= 89890 | loss=3.4230 | lr=3.00e-04 | wd=0.0411 | mom=0.9500 | T=14.5 k=4.0 (mu_rec=8 mu_bwd=4) | grad=1.273 | tok/s=21,641 | tokens=2.95B
step= 89900 | loss=3.2809 | lr=3.00e-04 | wd=0.0411 | mom=0.9500 | T=7.0 k=3.8 (mu_rec=8 mu_bwd=4) | grad=0.827 | tok/s=23,216 | tokens=2.95B
step= 89910 | loss=3.0554 | lr=3.00e-04 | wd=0.0411 | mom=0.9500 | T=5.0 k=3.8 (mu_rec=8 mu_bwd=4) | grad=1.002 | tok/s=24,091 | tokens=2.95B
step= 89920 | loss=3.3174 | lr=3.00e-04 | wd=0.0411 | mom=0.9500 | T=10.0 k=3.5 (mu_rec=8 mu_bwd=4) | grad=1.063 | tok/s=25,094 | tokens=2.95B
step= 89930 | loss=3.0321 | lr=3.00e-04 | wd=0.0411 | mom=0.9500 | T=10.2 k=4.0 (mu_rec=8 mu_bwd=4) | grad=1.167 | tok/s=23,626 | tokens=2.95B
step= 89940 | loss=3.1980 | lr=3.00e-04 | wd=0.0411 | mom=0.9500 | T=7.5 k=3.5 (mu_rec=8 mu_bwd=4) | grad=2.227 | tok/s=25,341 | tokens=2.95B
step= 89950 | loss=3.0294 | lr=3.00e-04 | wd=0.0411 | mom=0.9500 | T=5.2 k=3.8 (mu_rec=8 mu_bwd=4) | grad=1.009 | tok/s=24,604 | tokens=2.95B
step= 89960 | loss=2.9976 | lr=3.00e-04 | wd=0.0410 | mom=0.9500 | T=8.0 k=4.0 (mu_rec=8 mu_bwd=4) | grad=0.946 | tok/s=21,696 | tokens=2.95B
step= 89970 | loss=3.0901 | lr=3.00e-04 | wd=0.0410 | mom=0.9500 | T=6.8 k=3.8 (mu_rec=8 mu_bwd=4) | grad=1.496 | tok/s=22,323 | tokens=2.95B
step= 89980 | loss=3.5018 | lr=3.00e-04 | wd=0.0410 | mom=0.9500 | T=9.5 k=3.5 (mu_rec=8 mu_bwd=4) | grad=1.089 | tok/s=23,875 | tokens=2.95B
step= 89990 | loss=3.1454 | lr=3.00e-04 | wd=0.0410 | mom=0.9500 | T=6.8 k=3.2 (mu_rec=8 mu_bwd=4) | grad=0.985 | tok/s=22,157 | tokens=2.95B
step= 90000 | loss=3.5187 | lr=3.00e-04 | wd=0.0410 | mom=0.9500 | T=7.0 k=4.0 (mu_rec=8 mu_bwd=4) | grad=1.918 | tok/s=22,054 | tokens=2.95B
[step 90000] Saved -> runs/cortex-5b-k4/checkpoint_0090000
[step 90000] Pruned -> runs/cortex-5b-k4/checkpoint_0084000
step= 90010 | loss=3.3822 | lr=3.00e-04 | wd=0.0410 | mom=0.9500 | T=6.2 k=4.0 (mu_rec=8 mu_bwd=4) | grad=1.396 | tok/s=7,908 | tokens=2.95B
step= 90020 | loss=3.3207 | lr=3.00e-04 | wd=0.0410 | mom=0.9500 | T=2.8 k=2.8 (mu_rec=8 mu_bwd=4) | grad=1.052 | tok/s=24,113 | tokens=2.95B
step= 90030 | loss=3.2064 | lr=3.00e-04 | wd=0.0410 | mom=0.9500 | T=9.0 k=3.5 (mu_rec=8 mu_bwd=4) | grad=0.905 | tok/s=22,477 | tokens=2.95B
step= 90040 | loss=3.0790 | lr=3.00e-04 | wd=0.0410 | mom=0.9500 | T=4.0 k=3.2 (mu_rec=8 mu_bwd=4) | grad=1.259 | tok/s=24,810 | tokens=2.95B
step= 90050 | loss=3.3820 | lr=3.00e-04 | wd=0.0410 | mom=0.9500 | T=6.2 k=3.8 (mu_rec=8 mu_bwd=4) | grad=0.906 | tok/s=23,325 | tokens=2.95B
step= 90060 | loss=3.3580 | lr=3.00e-04 | wd=0.0410 | mom=0.9500 | T=4.8 k=3.5 (mu_rec=8 mu_bwd=4) | grad=3.001 | tok/s=23,471 | tokens=2.95B
step= 90070 | loss=3.4885 | lr=3.00e-04 | wd=0.0410 | mom=0.9500 | T=9.2 k=3.8 (mu_rec=8 mu_bwd=4) | grad=1.283 | tok/s=22,397 | tokens=2.95B
step= 90080 | loss=3.1919 | lr=3.00e-04 | wd=0.0410 | mom=0.9500 | T=9.0 k=4.0 (mu_rec=8 mu_bwd=4) | grad=0.982 | tok/s=24,173 | tokens=2.95B
step= 90090 | loss=3.1701 | lr=3.00e-04 | wd=0.0410 | mom=0.9500 | T=6.0 k=3.5 (mu_rec=8 mu_bwd=4) | grad=0.979 | tok/s=23,586 | tokens=2.95B
step= 90100 | loss=3.2004 | lr=3.00e-04 | wd=0.0410 | mom=0.9500 | T=5.8 k=3.8 (mu_rec=8 mu_bwd=4) | grad=1.106 | tok/s=21,983 | tokens=2.95B
step= 90110 | loss=3.4667 | lr=3.00e-04 | wd=0.0409 | mom=0.9500 | T=7.8 k=3.8 (mu_rec=8 mu_bwd=4) | grad=1.070 | tok/s=24,056 | tokens=2.95B
step= 90120 | loss=3.0357 | lr=3.00e-04 | wd=0.0409 | mom=0.9500 | T=6.5 k=4.0 (mu_rec=8 mu_bwd=4) | grad=1.310 | tok/s=22,989 | tokens=2.95B
step= 90130 | loss=3.3746 | lr=3.00e-04 | wd=0.0409 | mom=0.9500 | T=7.5 k=4.0 (mu_rec=8 mu_bwd=4) | grad=0.882 | tok/s=9,302 | tokens=2.95B
step= 90140 | loss=3.0502 | lr=3.00e-04 | wd=0.0409 | mom=0.9500 | T=9.5 k=4.0 (mu_rec=8 mu_bwd=4) | grad=0.969 | tok/s=24,429 | tokens=2.95B
step= 90150 | loss=2.6887 | lr=3.00e-04 | wd=0.0409 | mom=0.9500 | T=8.2 k=3.5 (mu_rec=8 mu_bwd=4) | grad=0.926 | tok/s=23,881 | tokens=2.95B
step= 90160 | loss=3.3495 | lr=3.00e-04 | wd=0.0409 | mom=0.9500 | T=5.8 k=3.8 (mu_rec=8 mu_bwd=4) | grad=1.077 | tok/s=23,051 | tokens=2.95B
step= 90170 | loss=2.9185 | lr=3.00e-04 | wd=0.0409 | mom=0.9500 | T=14.2 k=4.0 (mu_rec=8 mu_bwd=4) | grad=1.278 | tok/s=21,540 | tokens=2.95B
step= 90180 | loss=3.0286 | lr=3.00e-04 | wd=0.0409 | mom=0.9500 | T=6.0 k=3.8 (mu_rec=8 mu_bwd=4) | grad=0.761 | tok/s=24,130 | tokens=2.96B
step= 90190 | loss=3.2664 | lr=3.00e-04 | wd=0.0409 | mom=0.9500 | T=9.5 k=3.8 (mu_rec=8 mu_bwd=4) | grad=1.064 | tok/s=25,042 | tokens=2.96B
step= 90200 | loss=3.2478 | lr=3.00e-04 | wd=0.0409 | mom=0.9500 | T=8.2 k=4.0 (mu_rec=8 mu_bwd=4) | grad=0.829 | tok/s=22,167 | tokens=2.96B
step= 90210 | loss=3.0329 | lr=3.00e-04 | wd=0.0409 | mom=0.9500 | T=6.8 k=3.5 (mu_rec=8 mu_bwd=4) | grad=1.068 | tok/s=24,531 | tokens=2.96B
step= 90220 | loss=3.1364 | lr=3.00e-04 | wd=0.0409 | mom=0.9500 | T=11.8 k=4.0 (mu_rec=8 mu_bwd=4) | grad=0.941 | tok/s=22,687 | tokens=2.96B
step= 90230 | loss=3.2107 | lr=3.00e-04 | wd=0.0409 | mom=0.9500 | T=7.5 k=3.8 (mu_rec=8 mu_bwd=4) | grad=0.937 | tok/s=23,410 | tokens=2.96B
step= 90240 | loss=3.1701 | lr=3.00e-04 | wd=0.0409 | mom=0.9500 | T=6.8 k=3.0 (mu_rec=8 mu_bwd=4) | grad=0.920 | tok/s=23,026 | tokens=2.96B
step= 90250 | loss=3.3124 | lr=3.00e-04 | wd=0.0409 | mom=0.9500 | T=8.5 k=3.5 (mu_rec=8 mu_bwd=4) | grad=1.206 | tok/s=22,916 | tokens=2.96B
step= 90260 | loss=3.1036 | lr=3.00e-04 | wd=0.0408 | mom=0.9500 | T=4.5 k=3.0 (mu_rec=8 mu_bwd=4) | grad=1.428 | tok/s=24,252 | tokens=2.96B
step= 90270 | loss=3.2186 | lr=3.00e-04 | wd=0.0408 | mom=0.9500 | T=6.0 k=3.5 (mu_rec=8 mu_bwd=4) | grad=1.135 | tok/s=8,955 | tokens=2.96B
step= 90280 | loss=3.3229 | lr=3.00e-04 | wd=0.0408 | mom=0.9500 | T=8.8 k=4.0 (mu_rec=8 mu_bwd=4) | grad=1.438 | tok/s=24,328 | tokens=2.96B
step= 90290 | loss=3.1401 | lr=3.00e-04 | wd=0.0408 | mom=0.9500 | T=8.0 k=4.0 (mu_rec=8 mu_bwd=4) | grad=0.950 | tok/s=23,646 | tokens=2.96B
step= 90300 | loss=3.5231 | lr=3.00e-04 | wd=0.0408 | mom=0.9500 | T=5.0 k=3.2 (mu_rec=8 mu_bwd=4) | grad=0.889 | tok/s=23,660 | tokens=2.96B
step= 90310 | loss=3.0387 | lr=3.00e-04 | wd=0.0408 | mom=0.9500 | T=6.8 k=4.0 (mu_rec=8 mu_bwd=4) | grad=1.089 | tok/s=24,319 | tokens=2.96B
step= 90320 | loss=3.1544 | lr=3.00e-04 | wd=0.0408 | mom=0.9500 | T=9.8 k=4.0 (mu_rec=8 mu_bwd=4) | grad=1.287 | tok/s=23,220 | tokens=2.96B
step= 90330 | loss=3.1476 | lr=3.00e-04 | wd=0.0408 | mom=0.9500 | T=8.8 k=4.0 (mu_rec=8 mu_bwd=4) | grad=1.139 | tok/s=23,093 | tokens=2.96B
step= 90340 | loss=3.1086 | lr=3.00e-04 | wd=0.0408 | mom=0.9500 | T=9.2 k=4.0 (mu_rec=8 mu_bwd=4) | grad=0.977 | tok/s=22,154 | tokens=2.96B
step= 90350 | loss=3.0549 | lr=3.00e-04 | wd=0.0408 | mom=0.9500 | T=9.0 k=3.8 (mu_rec=8 mu_bwd=4) | grad=0.838 | tok/s=23,633 | tokens=2.96B
step= 90360 | loss=3.0845 | lr=3.00e-04 | wd=0.0408 | mom=0.9500 | T=6.8 k=3.8 (mu_rec=8 mu_bwd=4) | grad=1.180 | tok/s=23,175 | tokens=2.96B
step= 90370 | loss=3.3864 | lr=3.00e-04 | wd=0.0408 | mom=0.9500 | T=3.0 k=2.8 (mu_rec=8 mu_bwd=4) | grad=1.240 | tok/s=24,117 | tokens=2.96B
step= 90380 | loss=2.8176 | lr=3.00e-04 | wd=0.0408 | mom=0.9500 | T=8.5 k=4.0 (mu_rec=8 mu_bwd=4) | grad=0.814 | tok/s=24,080 | tokens=2.96B
step= 90390 | loss=3.1870 | lr=3.00e-04 | wd=0.0408 | mom=0.9500 | T=9.2 k=4.0 (mu_rec=8 mu_bwd=4) | grad=0.840 | tok/s=24,158 | tokens=2.96B
step= 90400 | loss=4.0582 | lr=3.00e-04 | wd=0.0408 | mom=0.9500 | T=8.0 k=4.0 (mu_rec=8 mu_bwd=4) | grad=0.942 | tok/s=20,632 | tokens=2.96B
step= 90410 | loss=3.5278 | lr=3.00e-04 | wd=0.0407 | mom=0.9500 | T=7.5 k=4.0 (mu_rec=8 mu_bwd=4) | grad=1.090 | tok/s=21,879 | tokens=2.96B
step= 90420 | loss=3.3401 | lr=3.00e-04 | wd=0.0407 | mom=0.9500 | T=9.2 k=4.0 (mu_rec=8 mu_bwd=4) | grad=0.982 | tok/s=23,678 | tokens=2.96B
step= 90430 | loss=3.1429 | lr=3.00e-04 | wd=0.0407 | mom=0.9500 | T=7.8 k=4.0 (mu_rec=8 mu_bwd=4) | grad=1.700 | tok/s=23,890 | tokens=2.96B
step= 90440 | loss=3.1713 | lr=3.00e-04 | wd=0.0407 | mom=0.9500 | T=6.5 k=4.0 (mu_rec=8 mu_bwd=4) | grad=1.893 | tok/s=23,228 | tokens=2.96B
step= 90450 | loss=3.6094 | lr=3.00e-04 | wd=0.0407 | mom=0.9500 | T=5.8 k=3.0 (mu_rec=8 mu_bwd=4) | grad=5.322 | tok/s=25,743 | tokens=2.96B
step= 90460 | loss=3.3427 | lr=3.00e-04 | wd=0.0407 | mom=0.9500 | T=10.2 k=4.0 (mu_rec=8 mu_bwd=4) | grad=2.539 | tok/s=23,127 | tokens=2.96B
step= 90470 | loss=3.0900 | lr=3.00e-04 | wd=0.0407 | mom=0.9500 | T=5.8 k=3.2 (mu_rec=8 mu_bwd=4) | grad=1.019 | tok/s=25,884 | tokens=2.96B
step= 90480 | loss=3.0055 | lr=3.00e-04 | wd=0.0407 | mom=0.9500 | T=11.0 k=3.8 (mu_rec=8 mu_bwd=4) | grad=1.478 | tok/s=22,433 | tokens=2.96B
step= 90490 | loss=3.3352 | lr=3.00e-04 | wd=0.0407 | mom=0.9500 | T=9.0 k=4.0 (mu_rec=8 mu_bwd=4) | grad=5.189 | tok/s=23,010 | tokens=2.97B
step= 90500 | loss=3.6224 | lr=3.00e-04 | wd=0.0407 | mom=0.9500 | T=6.5 k=3.8 (mu_rec=8 mu_bwd=4) | grad=1.090 | tok/s=21,992 | tokens=2.97B
step= 90510 | loss=3.2996 | lr=3.00e-04 | wd=0.0407 | mom=0.9500 | T=8.2 k=3.8 (mu_rec=8 mu_bwd=4) | grad=1.361 | tok/s=23,228 | tokens=2.97B
step= 90520 | loss=3.4319 | lr=3.00e-04 | wd=0.0407 | mom=0.9500 | T=10.5 k=3.8 (mu_rec=8 mu_bwd=4) | grad=1.043 | tok/s=22,680 | tokens=2.97B
step= 90530 | loss=3.5663 | lr=3.00e-04 | wd=0.0407 | mom=0.9500 | T=7.0 k=4.0 (mu_rec=8 mu_bwd=4) | grad=1.297 | tok/s=23,732 | tokens=2.97B
step= 90540 | loss=3.4250 | lr=3.00e-04 | wd=0.0407 | mom=0.9500 | T=6.5 k=3.0 (mu_rec=8 mu_bwd=4) | grad=1.037 | tok/s=21,753 | tokens=2.97B
step= 90550 | loss=3.1483 | lr=3.00e-04 | wd=0.0407 | mom=0.9500 | T=7.5 k=3.8 (mu_rec=8 mu_bwd=4) | grad=1.960 | tok/s=22,575 | tokens=2.97B
step= 90560 | loss=3.1419 | lr=3.00e-04 | wd=0.0407 | mom=0.9500 | T=6.8 k=3.8 (mu_rec=8 mu_bwd=4) | grad=1.122 | tok/s=24,288 | tokens=2.97B
step= 90570 | loss=3.1025 | lr=3.00e-04 | wd=0.0406 | mom=0.9500 | T=15.5 k=4.0 (mu_rec=8 mu_bwd=4) | grad=1.244 | tok/s=22,850 | tokens=2.97B
step= 90580 | loss=3.2035 | lr=3.00e-04 | wd=0.0406 | mom=0.9500 | T=3.8 k=3.2 (mu_rec=8 mu_bwd=4) | grad=1.214 | tok/s=23,904 | tokens=2.97B
step= 90590 | loss=3.1515 | lr=3.00e-04 | wd=0.0406 | mom=0.9500 | T=11.8 k=3.2 (mu_rec=8 mu_bwd=4) | grad=1.203 | tok/s=22,958 | tokens=2.97B
step= 90600 | loss=3.1001 | lr=3.00e-04 | wd=0.0406 | mom=0.9500 | T=6.8 k=3.8 (mu_rec=8 mu_bwd=4) | grad=0.906 | tok/s=24,298 | tokens=2.97B
step= 90610 | loss=3.2297 | lr=3.00e-04 | wd=0.0406 | mom=0.9500 | T=6.2 k=2.8 (mu_rec=8 mu_bwd=4) | grad=1.077 | tok/s=24,167 | tokens=2.97B
step= 90620 | loss=3.4366 | lr=3.00e-04 | wd=0.0406 | mom=0.9500 | T=4.8 k=3.2 (mu_rec=8 mu_bwd=4) | grad=3.090 | tok/s=22,378 | tokens=2.97B
step= 90630 | loss=3.6041 | lr=3.00e-04 | wd=0.0406 | mom=0.9500 | T=10.0 k=4.0 (mu_rec=8 mu_bwd=4) | grad=1.491 | tok/s=24,077 | tokens=2.97B
step= 90640 | loss=3.0876 | lr=3.00e-04 | wd=0.0406 | mom=0.9500 | T=8.0 k=3.8 (mu_rec=8 mu_bwd=4) | grad=1.303 | tok/s=22,064 | tokens=2.97B
step= 90650 | loss=3.3273 | lr=3.00e-04 | wd=0.0406 | mom=0.9500 | T=4.8 k=3.5 (mu_rec=8 mu_bwd=4) | grad=1.287 | tok/s=23,130 | tokens=2.97B
step= 90660 | loss=2.7982 | lr=3.00e-04 | wd=0.0406 | mom=0.9500 | T=6.5 k=3.5 (mu_rec=8 mu_bwd=4) | grad=1.217 | tok/s=23,799 | tokens=2.97B
step= 90670 | loss=3.1553 | lr=3.00e-04 | wd=0.0406 | mom=0.9500 | T=10.2 k=4.0 (mu_rec=8 mu_bwd=4) | grad=1.173 | tok/s=22,398 | tokens=2.97B
step= 90680 | loss=3.0893 | lr=3.00e-04 | wd=0.0406 | mom=0.9500 | T=4.2 k=3.0 (mu_rec=8 mu_bwd=4) | grad=1.596 | tok/s=23,779 | tokens=2.97B
step= 90690 | loss=3.0004 | lr=3.00e-04 | wd=0.0406 | mom=0.9500 | T=8.5 k=3.5 (mu_rec=8 mu_bwd=4) | grad=0.968 | tok/s=25,314 | tokens=2.97B
step= 90700 | loss=3.2216 | lr=3.00e-04 | wd=0.0406 | mom=0.9500 | T=6.0 k=3.5 (mu_rec=8 mu_bwd=4) | grad=0.988 | tok/s=24,797 | tokens=2.97B
step= 90710 | loss=2.8841 | lr=3.00e-04 | wd=0.0406 | mom=0.9500 | T=9.0 k=4.0 (mu_rec=8 mu_bwd=4) | grad=1.005 | tok/s=24,477 | tokens=2.97B
step= 90720 | loss=3.4797 | lr=3.00e-04 | wd=0.0405 | mom=0.9500 | T=11.2 k=4.0 (mu_rec=8 mu_bwd=4) | grad=1.382 | tok/s=23,552 | tokens=2.97B
step= 90730 | loss=3.3588 | lr=3.00e-04 | wd=0.0405 | mom=0.9500 | T=8.0 k=3.5 (mu_rec=8 mu_bwd=4) | grad=1.131 | tok/s=25,070 | tokens=2.97B
step= 90740 | loss=3.0743 | lr=3.00e-04 | wd=0.0405 | mom=0.9500 | T=11.0 k=4.0 (mu_rec=8 mu_bwd=4) | grad=1.341 | tok/s=23,057 | tokens=2.97B
step= 90750 | loss=3.2232 | lr=3.00e-04 | wd=0.0405 | mom=0.9500 | T=6.2 k=3.5 (mu_rec=8 mu_bwd=4) | grad=1.099 | tok/s=24,862 | tokens=2.97B
step= 90760 | loss=3.1945 | lr=3.00e-04 | wd=0.0405 | mom=0.9500 | T=7.0 k=3.8 (mu_rec=8 mu_bwd=4) | grad=0.843 | tok/s=23,302 | tokens=2.97B
step= 90770 | loss=3.3011 | lr=3.00e-04 | wd=0.0405 | mom=0.9500 | T=10.0 k=4.0 (mu_rec=8 mu_bwd=4) | grad=0.960 | tok/s=22,873 | tokens=2.97B
step= 90780 | loss=3.2371 | lr=3.00e-04 | wd=0.0405 | mom=0.9500 | T=7.2 k=4.0 (mu_rec=8 mu_bwd=4) | grad=1.711 | tok/s=22,992 | tokens=2.97B
step= 90790 | loss=3.3893 | lr=3.00e-04 | wd=0.0405 | mom=0.9500 | T=6.0 k=3.8 (mu_rec=8 mu_bwd=4) | grad=2.057 | tok/s=26,958 | tokens=2.98B
step= 90800 | loss=3.0886 | lr=3.00e-04 | wd=0.0405 | mom=0.9500 | T=9.2 k=4.0 (mu_rec=8 mu_bwd=4) | grad=0.949 | tok/s=23,135 | tokens=2.98B
step= 90810 | loss=3.1477 | lr=3.00e-04 | wd=0.0405 | mom=0.9500 | T=4.8 k=3.2 (mu_rec=8 mu_bwd=4) | grad=1.123 | tok/s=23,309 | tokens=2.98B
step= 90820 | loss=3.0248 | lr=3.00e-04 | wd=0.0405 | mom=0.9500 | T=15.8 k=4.0 (mu_rec=8 mu_bwd=4) | grad=0.939 | tok/s=23,377 | tokens=2.98B
step= 90830 | loss=3.2281 | lr=3.00e-04 | wd=0.0405 | mom=0.9500 | T=4.0 k=3.5 (mu_rec=8 mu_bwd=4) | grad=1.171 | tok/s=22,174 | tokens=2.98B
step= 90840 | loss=3.0971 | lr=3.00e-04 | wd=0.0405 | mom=0.9500 | T=7.8 k=4.0 (mu_rec=8 mu_bwd=4) | grad=1.346 | tok/s=21,879 | tokens=2.98B
step= 90850 | loss=3.3394 | lr=3.00e-04 | wd=0.0405 | mom=0.9500 | T=6.5 k=3.8 (mu_rec=8 mu_bwd=4) | grad=0.921 | tok/s=25,961 | tokens=2.98B
step= 90860 | loss=3.0222 | lr=3.00e-04 | wd=0.0405 | mom=0.9500 | T=5.5 k=3.8 (mu_rec=8 mu_bwd=4) | grad=1.236 | tok/s=22,484 | tokens=2.98B
step= 90870 | loss=3.2430 | lr=3.00e-04 | wd=0.0404 | mom=0.9500 | T=7.2 k=4.0 (mu_rec=8 mu_bwd=4) | grad=1.614 | tok/s=24,633 | tokens=2.98B
step= 90880 | loss=3.2848 | lr=3.00e-04 | wd=0.0404 | mom=0.9500 | T=9.8 k=4.0 (mu_rec=8 mu_bwd=4) | grad=1.088 | tok/s=22,596 | tokens=2.98B
step= 90890 | loss=3.2794 | lr=3.00e-04 | wd=0.0404 | mom=0.9500 | T=9.2 k=4.0 (mu_rec=8 mu_bwd=4) | grad=0.886 | tok/s=23,191 | tokens=2.98B
step= 90900 | loss=3.1474 | lr=3.00e-04 | wd=0.0404 | mom=0.9500 | T=7.2 k=4.0 (mu_rec=8 mu_bwd=4) | grad=2.425 | tok/s=25,291 | tokens=2.98B
step= 90910 | loss=3.5688 | lr=3.00e-04 | wd=0.0404 | mom=0.9500 | T=8.5 k=4.0 (mu_rec=8 mu_bwd=4) | grad=0.936 | tok/s=25,039 | tokens=2.98B
step= 90920 | loss=2.7638 | lr=3.00e-04 | wd=0.0404 | mom=0.9500 | T=4.8 k=3.5 (mu_rec=8 mu_bwd=4) | grad=0.810 | tok/s=25,572 | tokens=2.98B
step= 90930 | loss=3.4139 | lr=3.00e-04 | wd=0.0404 | mom=0.9500 | T=8.8 k=3.5 (mu_rec=8 mu_bwd=4) | grad=3.338 | tok/s=24,766 | tokens=2.98B
step= 90940 | loss=3.2518 | lr=3.00e-04 | wd=0.0404 | mom=0.9500 | T=8.2 k=3.5 (mu_rec=8 mu_bwd=4) | grad=1.219 | tok/s=23,635 | tokens=2.98B
step= 90950 | loss=3.1292 | lr=3.00e-04 | wd=0.0404 | mom=0.9500 | T=7.2 k=4.0 (mu_rec=8 mu_bwd=4) | grad=0.901 | tok/s=24,794 | tokens=2.98B
step= 90960 | loss=2.6535 | lr=3.00e-04 | wd=0.0404 | mom=0.9500 | T=3.8 k=3.0 (mu_rec=8 mu_bwd=4) | grad=1.114 | tok/s=22,732 | tokens=2.98B
step= 90970 | loss=3.3087 | lr=3.00e-04 | wd=0.0404 | mom=0.9500 | T=6.2 k=4.0 (mu_rec=8 mu_bwd=4) | grad=0.947 | tok/s=23,629 | tokens=2.98B
step= 90980 | loss=3.3949 | lr=3.00e-04 | wd=0.0404 | mom=0.9500 | T=7.8 k=4.0 (mu_rec=8 mu_bwd=4) | grad=1.051 | tok/s=23,014 | tokens=2.98B
step= 90990 | loss=3.0725 | lr=3.00e-04 | wd=0.0404 | mom=0.9500 | T=6.5 k=3.5 (mu_rec=8 mu_bwd=4) | grad=1.628 | tok/s=22,197 | tokens=2.98B
step= 91000 | loss=3.2745 | lr=3.00e-04 | wd=0.0404 | mom=0.9500 | T=8.2 k=3.2 (mu_rec=8 mu_bwd=4) | grad=1.224 | tok/s=10,156 | tokens=2.98B
step= 91010 | loss=3.3288 | lr=3.00e-04 | wd=0.0404 | mom=0.9500 | T=8.0 k=4.0 (mu_rec=8 mu_bwd=4) | grad=1.609 | tok/s=23,729 | tokens=2.98B
step= 91020 | loss=2.8421 | lr=3.00e-04 | wd=0.0403 | mom=0.9500 | T=8.0 k=3.5 (mu_rec=8 mu_bwd=4) | grad=1.176 | tok/s=23,483 | tokens=2.98B
step= 91030 | loss=3.2369 | lr=3.00e-04 | wd=0.0403 | mom=0.9500 | T=12.5 k=4.0 (mu_rec=8 mu_bwd=4) | grad=1.652 | tok/s=23,470 | tokens=2.98B
step= 91040 | loss=3.2914 | lr=3.00e-04 | wd=0.0403 | mom=0.9500 | T=8.2 k=4.0 (mu_rec=8 mu_bwd=4) | grad=0.901 | tok/s=22,869 | tokens=2.98B
step= 91050 | loss=2.9365 | lr=3.00e-04 | wd=0.0403 | mom=0.9500 | T=8.2 k=3.5 (mu_rec=8 mu_bwd=4) | grad=1.713 | tok/s=25,250 | tokens=2.98B
step= 91060 | loss=2.9663 | lr=3.00e-04 | wd=0.0403 | mom=0.9500 | T=6.8 k=3.8 (mu_rec=8 mu_bwd=4) | grad=1.143 | tok/s=23,839 | tokens=2.98B
step= 91070 | loss=3.1444 | lr=3.00e-04 | wd=0.0403 | mom=0.9500 | T=8.0 k=3.5 (mu_rec=8 mu_bwd=4) | grad=0.903 | tok/s=25,135 | tokens=2.98B
step= 91080 | loss=2.7927 | lr=3.00e-04 | wd=0.0403 | mom=0.9500 | T=5.8 k=3.8 (mu_rec=8 mu_bwd=4) | grad=1.036 | tok/s=22,233 | tokens=2.98B
step= 91090 | loss=2.3757 | lr=3.00e-04 | wd=0.0403 | mom=0.9500 | T=7.8 k=4.0 (mu_rec=8 mu_bwd=4) | grad=1.263 | tok/s=22,938 | tokens=2.98B
step= 91100 | loss=3.0821 | lr=3.00e-04 | wd=0.0403 | mom=0.9500 | T=5.0 k=3.2 (mu_rec=8 mu_bwd=4) | grad=1.039 | tok/s=23,553 | tokens=2.99B
step= 91110 | loss=3.1930 | lr=3.00e-04 | wd=0.0403 | mom=0.9500 | T=7.5 k=4.0 (mu_rec=8 mu_bwd=4) | grad=1.187 | tok/s=22,995 | tokens=2.99B
step= 91120 | loss=3.2916 | lr=3.00e-04 | wd=0.0403 | mom=0.9500 | T=7.5 k=4.0 (mu_rec=8 mu_bwd=4) | grad=1.119 | tok/s=24,250 | tokens=2.99B
step= 91130 | loss=3.2757 | lr=3.00e-04 | wd=0.0403 | mom=0.9500 | T=6.2 k=3.8 (mu_rec=8 mu_bwd=4) | grad=0.908 | tok/s=23,708 | tokens=2.99B
step= 91140 | loss=2.9356 | lr=3.00e-04 | wd=0.0403 | mom=0.9500 | T=7.5 k=4.0 (mu_rec=8 mu_bwd=4) | grad=1.983 | tok/s=23,343 | tokens=2.99B
step= 91150 | loss=3.3656 | lr=3.00e-04 | wd=0.0403 | mom=0.9500 | T=7.5 k=3.5 (mu_rec=8 mu_bwd=4) | grad=0.920 | tok/s=24,038 | tokens=2.99B
step= 91160 | loss=2.8717 | lr=3.00e-04 | wd=0.0403 | mom=0.9500 | T=9.5 k=3.2 (mu_rec=8 mu_bwd=4) | grad=0.887 | tok/s=24,479 | tokens=2.99B
step= 91170 | loss=3.0374 | lr=3.00e-04 | wd=0.0403 | mom=0.9500 | T=7.8 k=4.0 (mu_rec=8 mu_bwd=4) | grad=0.853 | tok/s=23,757 | tokens=2.99B
step= 91180 | loss=3.0332 | lr=3.00e-04 | wd=0.0402 | mom=0.9500 | T=10.5 k=4.0 (mu_rec=8 mu_bwd=4) | grad=1.555 | tok/s=23,269 | tokens=2.99B
step= 91190 | loss=3.3821 | lr=3.00e-04 | wd=0.0402 | mom=0.9500 | T=6.0 k=4.0 (mu_rec=8 mu_bwd=4) | grad=1.403 | tok/s=10,345 | tokens=2.99B
step= 91200 | loss=3.3650 | lr=3.00e-04 | wd=0.0402 | mom=0.9500 | T=6.5 k=3.2 (mu_rec=8 mu_bwd=4) | grad=0.946 | tok/s=24,413 | tokens=2.99B
step= 91210 | loss=3.5286 | lr=3.00e-04 | wd=0.0402 | mom=0.9500 | T=11.2 k=2.8 (mu_rec=8 mu_bwd=4) | grad=36.377 | tok/s=23,084 | tokens=2.99B
step= 91220 | loss=2.2573 | lr=3.00e-04 | wd=0.0402 | mom=0.9500 | T=10.0 k=3.8 (mu_rec=8 mu_bwd=4) | grad=9.626 | tok/s=22,024 | tokens=2.99B
step= 91230 | loss=2.9539 | lr=3.00e-04 | wd=0.0402 | mom=0.9500 | T=8.5 k=4.0 (mu_rec=8 mu_bwd=4) | grad=1.115 | tok/s=22,314 | tokens=2.99B
step= 91240 | loss=3.4985 | lr=3.00e-04 | wd=0.0402 | mom=0.9500 | T=9.8 k=3.8 (mu_rec=8 mu_bwd=4) | grad=1.127 | tok/s=23,126 | tokens=2.99B
step= 91250 | loss=3.3504 | lr=3.00e-04 | wd=0.0402 | mom=0.9500 | T=7.8 k=4.0 (mu_rec=8 mu_bwd=4) | grad=1.067 | tok/s=22,998 | tokens=2.99B
step= 91260 | loss=3.3718 | lr=3.00e-04 | wd=0.0402 | mom=0.9500 | T=11.0 k=4.0 (mu_rec=8 mu_bwd=4) | grad=1.015 | tok/s=22,421 | tokens=2.99B
step= 91270 | loss=2.8534 | lr=3.00e-04 | wd=0.0402 | mom=0.9500 | T=5.5 k=3.0 (mu_rec=8 mu_bwd=4) | grad=1.006 | tok/s=22,743 | tokens=2.99B
step= 91280 | loss=3.2344 | lr=3.00e-04 | wd=0.0402 | mom=0.9500 | T=7.8 k=4.0 (mu_rec=8 mu_bwd=4) | grad=1.125 | tok/s=23,452 | tokens=2.99B
step= 91290 | loss=2.8663 | lr=3.00e-04 | wd=0.0402 | mom=0.9500 | T=10.2 k=3.8 (mu_rec=8 mu_bwd=4) | grad=1.607 | tok/s=24,225 | tokens=2.99B
step= 91300 | loss=2.9382 | lr=3.00e-04 | wd=0.0402 | mom=0.9500 | T=4.0 k=3.0 (mu_rec=8 mu_bwd=4) | grad=0.966 | tok/s=22,531 | tokens=2.99B
step= 91310 | loss=2.9737 | lr=3.00e-04 | wd=0.0402 | mom=0.9500 | T=7.0 k=3.8 (mu_rec=8 mu_bwd=4) | grad=0.956 | tok/s=23,736 | tokens=2.99B
step= 91320 | loss=2.8619 | lr=3.00e-04 | wd=0.0402 | mom=0.9500 | T=10.0 k=4.0 (mu_rec=8 mu_bwd=4) | grad=2.673 | tok/s=22,423 | tokens=2.99B
step= 91330 | loss=3.0166 | lr=3.00e-04 | wd=0.0401 | mom=0.9500 | T=6.8 k=4.0 (mu_rec=8 mu_bwd=4) | grad=1.241 | tok/s=23,082 | tokens=2.99B
step= 91340 | loss=3.0588 | lr=3.00e-04 | wd=0.0401 | mom=0.9500 | T=8.0 k=4.0 (mu_rec=8 mu_bwd=4) | grad=2.038 | tok/s=23,364 | tokens=2.99B
step= 91350 | loss=3.2135 | lr=3.00e-04 | wd=0.0401 | mom=0.9500 | T=4.8 k=3.5 (mu_rec=8 mu_bwd=4) | grad=1.540 | tok/s=24,426 | tokens=2.99B
step= 91360 | loss=3.3612 | lr=3.00e-04 | wd=0.0401 | mom=0.9500 | T=7.8 k=3.2 (mu_rec=8 mu_bwd=4) | grad=0.951 | tok/s=22,842 | tokens=2.99B
step= 91370 | loss=3.2446 | lr=3.00e-04 | wd=0.0401 | mom=0.9500 | T=7.0 k=3.5 (mu_rec=8 mu_bwd=4) | grad=0.910 | tok/s=22,154 | tokens=2.99B
step= 91380 | loss=3.1657 | lr=3.00e-04 | wd=0.0401 | mom=0.9500 | T=7.0 k=3.5 (mu_rec=8 mu_bwd=4) | grad=1.148 | tok/s=23,477 | tokens=2.99B
step= 91390 | loss=3.0311 | lr=3.00e-04 | wd=0.0401 | mom=0.9500 | T=6.0 k=3.8 (mu_rec=8 mu_bwd=4) | grad=1.508 | tok/s=25,004 | tokens=2.99B
step= 91400 | loss=3.1358 | lr=3.00e-04 | wd=0.0401 | mom=0.9500 | T=7.8 k=4.0 (mu_rec=8 mu_bwd=4) | grad=1.044 | tok/s=22,454 | tokens=2.99B
step= 91410 | loss=3.2512 | lr=3.00e-04 | wd=0.0401 | mom=0.9500 | T=10.2 k=4.0 (mu_rec=8 mu_bwd=4) | grad=1.156 | tok/s=24,066 | tokens=3.00B
step= 91420 | loss=3.2395 | lr=3.00e-04 | wd=0.0401 | mom=0.9500 | T=6.5 k=2.5 (mu_rec=8 mu_bwd=4) | grad=1.434 | tok/s=23,375 | tokens=3.00B
step= 91430 | loss=3.3944 | lr=3.00e-04 | wd=0.0401 | mom=0.9500 | T=5.2 k=3.2 (mu_rec=8 mu_bwd=4) | grad=0.988 | tok/s=26,093 | tokens=3.00B
step= 91440 | loss=3.1435 | lr=3.00e-04 | wd=0.0401 | mom=0.9500 | T=10.0 k=4.0 (mu_rec=8 mu_bwd=4) | grad=0.798 | tok/s=22,918 | tokens=3.00B
step= 91450 | loss=3.4564 | lr=3.00e-04 | wd=0.0401 | mom=0.9500 | T=11.0 k=4.0 (mu_rec=8 mu_bwd=4) | grad=1.133 | tok/s=21,843 | tokens=3.00B
step= 91460 | loss=3.3424 | lr=3.00e-04 | wd=0.0401 | mom=0.9500 | T=6.2 k=4.0 (mu_rec=8 mu_bwd=4) | grad=1.156 | tok/s=23,294 | tokens=3.00B
step= 91470 | loss=3.5592 | lr=3.00e-04 | wd=0.0401 | mom=0.9500 | T=5.8 k=3.2 (mu_rec=8 mu_bwd=4) | grad=2.774 | tok/s=25,640 | tokens=3.00B
step= 91480 | loss=3.3311 | lr=3.00e-04 | wd=0.0400 | mom=0.9500 | T=7.2 k=3.5 (mu_rec=8 mu_bwd=4) | grad=0.908 | tok/s=24,637 | tokens=3.00B
step= 91490 | loss=3.1119 | lr=3.00e-04 | wd=0.0400 | mom=0.9500 | T=8.2 k=4.0 (mu_rec=8 mu_bwd=4) | grad=1.308 | tok/s=24,193 | tokens=3.00B
step= 91500 | loss=2.9049 | lr=3.00e-04 | wd=0.0400 | mom=0.9500 | T=8.5 k=4.0 (mu_rec=8 mu_bwd=4) | grad=1.722 | tok/s=23,078 | tokens=3.00B
step= 91510 | loss=3.4244 | lr=3.00e-04 | wd=0.0400 | mom=0.9500 | T=6.8 k=3.5 (mu_rec=8 mu_bwd=4) | grad=1.704 | tok/s=24,996 | tokens=3.00B
step= 91520 | loss=3.2283 | lr=3.00e-04 | wd=0.0400 | mom=0.9500 | T=5.8 k=3.8 (mu_rec=8 mu_bwd=4) | grad=1.344 | tok/s=23,950 | tokens=3.00B
step= 91530 | loss=3.2066 | lr=3.00e-04 | wd=0.0400 | mom=0.9500 | T=8.8 k=4.0 (mu_rec=8 mu_bwd=4) | grad=1.038 | tok/s=23,684 | tokens=3.00B
step= 91540 | loss=3.0054 | lr=3.00e-04 | wd=0.0400 | mom=0.9500 | T=14.5 k=4.0 (mu_rec=8 mu_bwd=4) | grad=0.928 | tok/s=24,009 | tokens=3.00B
step= 91550 | loss=3.3934 | lr=3.00e-04 | wd=0.0400 | mom=0.9500 | T=6.0 k=3.5 (mu_rec=8 mu_bwd=4) | grad=1.497 | tok/s=25,133 | tokens=3.00B
step= 91560 | loss=3.1641 | lr=3.00e-04 | wd=0.0400 | mom=0.9500 | T=8.0 k=4.0 (mu_rec=8 mu_bwd=4) | grad=0.963 | tok/s=23,617 | tokens=3.00B
step= 91570 | loss=3.1774 | lr=3.00e-04 | wd=0.0400 | mom=0.9500 | T=11.8 k=3.2 (mu_rec=8 mu_bwd=4) | grad=1.109 | tok/s=22,410 | tokens=3.00B
step= 91580 | loss=3.2777 | lr=3.00e-04 | wd=0.0400 | mom=0.9500 | T=8.8 k=3.8 (mu_rec=8 mu_bwd=4) | grad=1.213 | tok/s=24,437 | tokens=3.00B
step= 91590 | loss=3.1389 | lr=3.00e-04 | wd=0.0400 | mom=0.9500 | T=10.8 k=4.0 (mu_rec=8 mu_bwd=4) | grad=1.337 | tok/s=22,614 | tokens=3.00B
step= 91600 | loss=3.1479 | lr=3.00e-04 | wd=0.0400 | mom=0.9500 | T=7.5 k=4.0 (mu_rec=8 mu_bwd=4) | grad=1.128 | tok/s=23,199 | tokens=3.00B
step= 91610 | loss=3.1185 | lr=3.00e-04 | wd=0.0400 | mom=0.9500 | T=6.8 k=4.0 (mu_rec=8 mu_bwd=4) | grad=0.842 | tok/s=24,036 | tokens=3.00B
step= 91620 | loss=3.0738 | lr=3.00e-04 | wd=0.0400 | mom=0.9500 | T=11.8 k=4.0 (mu_rec=8 mu_bwd=4) | grad=0.888 | tok/s=23,123 | tokens=3.00B
step= 91630 | loss=3.2062 | lr=3.00e-04 | wd=0.0399 | mom=0.9500 | T=8.5 k=4.0 (mu_rec=8 mu_bwd=4) | grad=2.051 | tok/s=25,184 | tokens=3.00B
step= 91640 | loss=3.1972 | lr=3.00e-04 | wd=0.0399 | mom=0.9500 | T=6.5 k=4.0 (mu_rec=8 mu_bwd=4) | grad=1.819 | tok/s=23,884 | tokens=3.00B
step= 91650 | loss=3.5045 | lr=3.00e-04 | wd=0.0399 | mom=0.9500 | T=11.0 k=2.8 (mu_rec=8 mu_bwd=4) | grad=0.938 | tok/s=22,073 | tokens=3.00B
step= 91660 | loss=2.9341 | lr=3.00e-04 | wd=0.0399 | mom=0.9500 | T=8.2 k=4.0 (mu_rec=8 mu_bwd=4) | grad=0.985 | tok/s=24,400 | tokens=3.00B
step= 91670 | loss=3.1139 | lr=3.00e-04 | wd=0.0399 | mom=0.9500 | T=11.5 k=4.0 (mu_rec=8 mu_bwd=4) | grad=1.236 | tok/s=21,291 | tokens=3.00B
step= 91680 | loss=3.4512 | lr=3.00e-04 | wd=0.0399 | mom=0.9500 | T=8.8 k=4.0 (mu_rec=8 mu_bwd=4) | grad=1.102 | tok/s=23,276 | tokens=3.00B
step= 91690 | loss=3.0183 | lr=3.00e-04 | wd=0.0399 | mom=0.9500 | T=9.0 k=3.5 (mu_rec=8 mu_bwd=4) | grad=0.888 | tok/s=23,779 | tokens=3.00B
step= 91700 | loss=3.2537 | lr=3.00e-04 | wd=0.0399 | mom=0.9500 | T=11.2 k=3.8 (mu_rec=8 mu_bwd=4) | grad=1.041 | tok/s=21,935 | tokens=3.00B
step= 91710 | loss=3.0536 | lr=3.00e-04 | wd=0.0399 | mom=0.9500 | T=9.0 k=4.0 (mu_rec=8 mu_bwd=4) | grad=1.144 | tok/s=22,690 | tokens=3.01B
step= 91720 | loss=3.2135 | lr=3.00e-04 | wd=0.0399 | mom=0.9500 | T=9.2 k=4.0 (mu_rec=8 mu_bwd=4) | grad=1.164 | tok/s=24,985 | tokens=3.01B
step= 91730 | loss=3.0219 | lr=3.00e-04 | wd=0.0399 | mom=0.9500 | T=4.0 k=3.2 (mu_rec=8 mu_bwd=4) | grad=1.020 | tok/s=24,819 | tokens=3.01B
step= 91740 | loss=3.0242 | lr=3.00e-04 | wd=0.0399 | mom=0.9500 | T=2.8 k=2.8 (mu_rec=8 mu_bwd=4) | grad=1.047 | tok/s=24,882 | tokens=3.01B
step= 91750 | loss=3.3909 | lr=3.00e-04 | wd=0.0399 | mom=0.9500 | T=8.0 k=4.0 (mu_rec=8 mu_bwd=4) | grad=1.393 | tok/s=22,622 | tokens=3.01B
step= 91760 | loss=3.0895 | lr=3.00e-04 | wd=0.0399 | mom=0.9500 | T=12.2 k=4.0 (mu_rec=8 mu_bwd=4) | grad=0.872 | tok/s=24,196 | tokens=3.01B
step= 91770 | loss=2.8865 | lr=3.00e-04 | wd=0.0399 | mom=0.9500 | T=11.2 k=4.0 (mu_rec=8 mu_bwd=4) | grad=1.043 | tok/s=23,595 | tokens=3.01B
step= 91780 | loss=2.9864 | lr=3.00e-04 | wd=0.0399 | mom=0.9500 | T=12.0 k=4.0 (mu_rec=8 mu_bwd=4) | grad=0.981 | tok/s=23,657 | tokens=3.01B
step= 91790 | loss=3.0171 | lr=3.00e-04 | wd=0.0398 | mom=0.9500 | T=5.2 k=3.8 (mu_rec=8 mu_bwd=4) | grad=1.523 | tok/s=23,927 | tokens=3.01B
step= 91800 | loss=3.2620 | lr=3.00e-04 | wd=0.0398 | mom=0.9500 | T=7.5 k=3.0 (mu_rec=8 mu_bwd=4) | grad=1.094 | tok/s=22,036 | tokens=3.01B
step= 91810 | loss=2.9169 | lr=3.00e-04 | wd=0.0398 | mom=0.9500 | T=6.2 k=3.5 (mu_rec=8 mu_bwd=4) | grad=1.289 | tok/s=24,480 | tokens=3.01B
step= 91820 | loss=2.9192 | lr=3.00e-04 | wd=0.0398 | mom=0.9500 | T=12.0 k=4.0 (mu_rec=8 mu_bwd=4) | grad=1.116 | tok/s=20,989 | tokens=3.01B
step= 91830 | loss=3.1832 | lr=3.00e-04 | wd=0.0398 | mom=0.9500 | T=4.2 k=3.2 (mu_rec=8 mu_bwd=4) | grad=1.254 | tok/s=22,458 | tokens=3.01B
step= 91840 | loss=3.4976 | lr=3.00e-04 | wd=0.0398 | mom=0.9500 | T=6.5 k=4.0 (mu_rec=8 mu_bwd=4) | grad=0.861 | tok/s=25,169 | tokens=3.01B
step= 91850 | loss=3.1813 | lr=3.00e-04 | wd=0.0398 | mom=0.9500 | T=10.0 k=4.0 (mu_rec=8 mu_bwd=4) | grad=1.182 | tok/s=24,773 | tokens=3.01B
step= 91860 | loss=3.0955 | lr=3.00e-04 | wd=0.0398 | mom=0.9500 | T=5.8 k=4.0 (mu_rec=8 mu_bwd=4) | grad=0.820 | tok/s=24,887 | tokens=3.01B
step= 91870 | loss=3.2754 | lr=3.00e-04 | wd=0.0398 | mom=0.9500 | T=10.0 k=4.0 (mu_rec=8 mu_bwd=4) | grad=0.993 | tok/s=23,865 | tokens=3.01B
step= 91880 | loss=2.9741 | lr=3.00e-04 | wd=0.0398 | mom=0.9500 | T=9.0 k=4.0 (mu_rec=8 mu_bwd=4) | grad=1.020 | tok/s=24,164 | tokens=3.01B
step= 91890 | loss=3.2450 | lr=3.00e-04 | wd=0.0398 | mom=0.9500 | T=8.8 k=3.8 (mu_rec=8 mu_bwd=4) | grad=0.872 | tok/s=24,439 | tokens=3.01B
step= 91900 | loss=3.0788 | lr=3.00e-04 | wd=0.0398 | mom=0.9500 | T=11.0 k=4.0 (mu_rec=8 mu_bwd=4) | grad=0.890 | tok/s=21,325 | tokens=3.01B
step= 91910 | loss=3.2162 | lr=3.00e-04 | wd=0.0398 | mom=0.9500 | T=7.8 k=3.5 (mu_rec=8 mu_bwd=4) | grad=0.830 | tok/s=9,578 | tokens=3.01B
step= 91920 | loss=3.3737 | lr=3.00e-04 | wd=0.0398 | mom=0.9500 | T=10.0 k=3.5 (mu_rec=8 mu_bwd=4) | grad=1.142 | tok/s=22,144 | tokens=3.01B
step= 91930 | loss=3.1392 | lr=3.00e-04 | wd=0.0398 | mom=0.9500 | T=8.5 k=2.8 (mu_rec=8 mu_bwd=4) | grad=0.879 | tok/s=22,619 | tokens=3.01B
step= 91940 | loss=3.3014 | lr=3.00e-04 | wd=0.0397 | mom=0.9500 | T=6.5 k=4.0 (mu_rec=8 mu_bwd=4) | grad=1.411 | tok/s=23,510 | tokens=3.01B
step= 91950 | loss=3.2051 | lr=3.00e-04 | wd=0.0397 | mom=0.9500 | T=9.0 k=3.8 (mu_rec=8 mu_bwd=4) | grad=0.901 | tok/s=22,742 | tokens=3.01B
step= 91960 | loss=3.1512 | lr=3.00e-04 | wd=0.0397 | mom=0.9500 | T=7.2 k=3.8 (mu_rec=8 mu_bwd=4) | grad=1.577 | tok/s=22,840 | tokens=3.01B
step= 91970 | loss=3.2578 | lr=3.00e-04 | wd=0.0397 | mom=0.9500 | T=9.0 k=4.0 (mu_rec=8 mu_bwd=4) | grad=1.455 | tok/s=23,104 | tokens=3.01B
step= 91980 | loss=3.0351 | lr=3.00e-04 | wd=0.0397 | mom=0.9500 | T=9.0 k=4.0 (mu_rec=8 mu_bwd=4) | grad=1.249 | tok/s=23,795 | tokens=3.01B
step= 91990 | loss=3.3131 | lr=3.00e-04 | wd=0.0397 | mom=0.9500 | T=13.0 k=4.0 (mu_rec=8 mu_bwd=4) | grad=0.884 | tok/s=24,027 | tokens=3.01B
step= 92000 | loss=3.1684 | lr=3.00e-04 | wd=0.0397 | mom=0.9500 | T=5.2 k=4.0 (mu_rec=8 mu_bwd=4) | grad=1.447 | tok/s=22,724 | tokens=3.01B
[step 92000] Saved -> runs/cortex-5b-k4/checkpoint_0092000
[step 92000] Pruned -> runs/cortex-5b-k4/checkpoint_0086000
step= 92010 | loss=3.1283 | lr=3.00e-04 | wd=0.0397 | mom=0.9500 | T=15.2 k=4.0 (mu_rec=8 mu_bwd=4) | grad=1.126 | tok/s=12,818 | tokens=3.01B
step= 92020 | loss=3.2432 | lr=3.00e-04 | wd=0.0397 | mom=0.9500 | T=8.2 k=3.8 (mu_rec=8 mu_bwd=4) | grad=1.280 | tok/s=21,973 | tokens=3.02B
step= 92030 | loss=3.1959 | lr=3.00e-04 | wd=0.0397 | mom=0.9500 | T=8.2 k=3.8 (mu_rec=8 mu_bwd=4) | grad=0.906 | tok/s=22,627 | tokens=3.02B
step= 92040 | loss=3.1723 | lr=3.00e-04 | wd=0.0397 | mom=0.9500 | T=6.2 k=4.0 (mu_rec=8 mu_bwd=4) | grad=1.148 | tok/s=10,834 | tokens=3.02B
step= 92050 | loss=3.1601 | lr=3.00e-04 | wd=0.0397 | mom=0.9500 | T=11.0 k=3.8 (mu_rec=8 mu_bwd=4) | grad=1.103 | tok/s=23,092 | tokens=3.02B
step= 92060 | loss=3.0936 | lr=3.00e-04 | wd=0.0397 | mom=0.9500 | T=8.5 k=4.0 (mu_rec=8 mu_bwd=4) | grad=1.624 | tok/s=22,023 | tokens=3.02B
step= 92070 | loss=3.0556 | lr=3.00e-04 | wd=0.0397 | mom=0.9500 | T=8.2 k=3.5 (mu_rec=8 mu_bwd=4) | grad=0.993 | tok/s=22,157 | tokens=3.02B
step= 92080 | loss=3.1465 | lr=3.00e-04 | wd=0.0397 | mom=0.9500 | T=7.5 k=4.0 (mu_rec=8 mu_bwd=4) | grad=0.904 | tok/s=23,787 | tokens=3.02B
step= 92090 | loss=3.2430 | lr=3.00e-04 | wd=0.0396 | mom=0.9500 | T=5.8 k=3.8 (mu_rec=8 mu_bwd=4) | grad=0.978 | tok/s=23,134 | tokens=3.02B
step= 92100 | loss=3.2764 | lr=3.00e-04 | wd=0.0396 | mom=0.9500 | T=12.0 k=4.0 (mu_rec=8 mu_bwd=4) | grad=1.345 | tok/s=23,995 | tokens=3.02B
step= 92110 | loss=3.1413 | lr=3.00e-04 | wd=0.0396 | mom=0.9500 | T=8.8 k=4.0 (mu_rec=8 mu_bwd=4) | grad=1.052 | tok/s=22,498 | tokens=3.02B
step= 92120 | loss=2.9427 | lr=3.00e-04 | wd=0.0396 | mom=0.9500 | T=13.2 k=4.0 (mu_rec=8 mu_bwd=4) | grad=0.871 | tok/s=22,933 | tokens=3.02B
step= 92130 | loss=3.2780 | lr=3.00e-04 | wd=0.0396 | mom=0.9500 | T=3.5 k=3.2 (mu_rec=8 mu_bwd=4) | grad=1.307 | tok/s=24,473 | tokens=3.02B
step= 92140 | loss=3.3490 | lr=3.00e-04 | wd=0.0396 | mom=0.9500 | T=4.8 k=2.8 (mu_rec=8 mu_bwd=4) | grad=1.334 | tok/s=24,331 | tokens=3.02B
step= 92150 | loss=3.4010 | lr=3.00e-04 | wd=0.0396 | mom=0.9500 | T=9.5 k=4.0 (mu_rec=8 mu_bwd=4) | grad=0.899 | tok/s=24,152 | tokens=3.02B
step= 92160 | loss=3.3450 | lr=3.00e-04 | wd=0.0396 | mom=0.9500 | T=7.8 k=4.0 (mu_rec=8 mu_bwd=4) | grad=1.064 | tok/s=22,682 | tokens=3.02B
step= 92170 | loss=3.3369 | lr=3.00e-04 | wd=0.0396 | mom=0.9500 | T=7.0 k=3.8 (mu_rec=8 mu_bwd=4) | grad=0.873 | tok/s=23,475 | tokens=3.02B
step= 92180 | loss=3.0806 | lr=3.00e-04 | wd=0.0396 | mom=0.9500 | T=7.0 k=4.0 (mu_rec=8 mu_bwd=4) | grad=0.870 | tok/s=25,175 | tokens=3.02B
step= 92190 | loss=3.1434 | lr=3.00e-04 | wd=0.0396 | mom=0.9500 | T=5.0 k=3.8 (mu_rec=8 mu_bwd=4) | grad=1.419 | tok/s=23,325 | tokens=3.02B
step= 92200 | loss=2.8656 | lr=3.00e-04 | wd=0.0396 | mom=0.9500 | T=6.8 k=3.2 (mu_rec=8 mu_bwd=4) | grad=1.898 | tok/s=26,060 | tokens=3.02B
step= 92210 | loss=3.0697 | lr=3.00e-04 | wd=0.0396 | mom=0.9500 | T=7.0 k=4.0 (mu_rec=8 mu_bwd=4) | grad=1.967 | tok/s=24,308 | tokens=3.02B
step= 92220 | loss=3.0556 | lr=3.00e-04 | wd=0.0396 | mom=0.9500 | T=11.5 k=4.0 (mu_rec=8 mu_bwd=4) | grad=0.989 | tok/s=23,299 | tokens=3.02B
step= 92230 | loss=3.1547 | lr=3.00e-04 | wd=0.0396 | mom=0.9500 | T=7.2 k=3.5 (mu_rec=8 mu_bwd=4) | grad=1.094 | tok/s=23,490 | tokens=3.02B
step= 92240 | loss=3.3432 | lr=3.00e-04 | wd=0.0395 | mom=0.9500 | T=9.8 k=4.0 (mu_rec=8 mu_bwd=4) | grad=0.909 | tok/s=24,940 | tokens=3.02B
step= 92250 | loss=3.1040 | lr=3.00e-04 | wd=0.0395 | mom=0.9500 | T=12.2 k=3.5 (mu_rec=8 mu_bwd=4) | grad=0.938 | tok/s=24,138 | tokens=3.02B
step= 92260 | loss=2.9642 | lr=3.00e-04 | wd=0.0395 | mom=0.9500 | T=8.5 k=4.0 (mu_rec=8 mu_bwd=4) | grad=0.820 | tok/s=23,445 | tokens=3.02B
step= 92270 | loss=3.1365 | lr=3.00e-04 | wd=0.0395 | mom=0.9500 | T=6.5 k=4.0 (mu_rec=8 mu_bwd=4) | grad=1.206 | tok/s=22,658 | tokens=3.02B
step= 92280 | loss=3.1660 | lr=3.00e-04 | wd=0.0395 | mom=0.9500 | T=8.5 k=4.0 (mu_rec=8 mu_bwd=4) | grad=1.419 | tok/s=24,942 | tokens=3.02B
step= 92290 | loss=3.1945 | lr=3.00e-04 | wd=0.0395 | mom=0.9500 | T=6.8 k=3.0 (mu_rec=8 mu_bwd=4) | grad=0.956 | tok/s=24,505 | tokens=3.02B
step= 92300 | loss=3.1763 | lr=3.00e-04 | wd=0.0395 | mom=0.9500 | T=3.5 k=2.5 (mu_rec=8 mu_bwd=4) | grad=10.800 | tok/s=23,976 | tokens=3.02B
step= 92310 | loss=3.2710 | lr=3.00e-04 | wd=0.0395 | mom=0.9500 | T=3.2 k=2.2 (mu_rec=8 mu_bwd=4) | grad=0.869 | tok/s=24,301 | tokens=3.02B
step= 92320 | loss=3.3506 | lr=3.00e-04 | wd=0.0395 | mom=0.9500 | T=8.0 k=4.0 (mu_rec=8 mu_bwd=4) | grad=1.259 | tok/s=23,127 | tokens=3.03B
step= 92330 | loss=3.0016 | lr=3.00e-04 | wd=0.0395 | mom=0.9500 | T=7.5 k=4.0 (mu_rec=8 mu_bwd=4) | grad=0.875 | tok/s=24,390 | tokens=3.03B
step= 92340 | loss=3.2323 | lr=3.00e-04 | wd=0.0395 | mom=0.9500 | T=6.0 k=4.0 (mu_rec=8 mu_bwd=4) | grad=0.879 | tok/s=25,416 | tokens=3.03B
step= 92350 | loss=3.1545 | lr=3.00e-04 | wd=0.0395 | mom=0.9500 | T=7.8 k=3.5 (mu_rec=8 mu_bwd=4) | grad=1.290 | tok/s=23,481 | tokens=3.03B
step= 92360 | loss=3.0121 | lr=3.00e-04 | wd=0.0395 | mom=0.9500 | T=5.8 k=3.8 (mu_rec=8 mu_bwd=4) | grad=0.848 | tok/s=23,657 | tokens=3.03B
step= 92370 | loss=3.3789 | lr=3.00e-04 | wd=0.0395 | mom=0.9500 | T=6.8 k=4.0 (mu_rec=8 mu_bwd=4) | grad=2.596 | tok/s=24,358 | tokens=3.03B
step= 92380 | loss=3.3619 | lr=3.00e-04 | wd=0.0395 | mom=0.9500 | T=5.0 k=3.2 (mu_rec=8 mu_bwd=4) | grad=1.525 | tok/s=25,426 | tokens=3.03B
step= 92390 | loss=3.4930 | lr=3.00e-04 | wd=0.0395 | mom=0.9500 | T=12.8 k=4.0 (mu_rec=8 mu_bwd=4) | grad=1.869 | tok/s=22,376 | tokens=3.03B
step= 92400 | loss=3.2195 | lr=3.00e-04 | wd=0.0394 | mom=0.9500 | T=9.0 k=3.2 (mu_rec=8 mu_bwd=4) | grad=1.542 | tok/s=22,988 | tokens=3.03B
step= 92410 | loss=3.1883 | lr=3.00e-04 | wd=0.0394 | mom=0.9500 | T=7.2 k=4.0 (mu_rec=8 mu_bwd=4) | grad=0.914 | tok/s=22,557 | tokens=3.03B
step= 92420 | loss=3.1998 | lr=3.00e-04 | wd=0.0394 | mom=0.9500 | T=8.0 k=3.8 (mu_rec=8 mu_bwd=4) | grad=1.613 | tok/s=23,121 | tokens=3.03B
step= 92430 | loss=2.9162 | lr=3.00e-04 | wd=0.0394 | mom=0.9500 | T=6.5 k=4.0 (mu_rec=8 mu_bwd=4) | grad=1.316 | tok/s=23,499 | tokens=3.03B
step= 92440 | loss=3.1268 | lr=3.00e-04 | wd=0.0394 | mom=0.9500 | T=10.5 k=4.0 (mu_rec=8 mu_bwd=4) | grad=1.425 | tok/s=24,512 | tokens=3.03B
step= 92450 | loss=3.0646 | lr=3.00e-04 | wd=0.0394 | mom=0.9500 | T=13.5 k=4.0 (mu_rec=8 mu_bwd=4) | grad=1.581 | tok/s=22,356 | tokens=3.03B
step= 92460 | loss=3.0031 | lr=3.00e-04 | wd=0.0394 | mom=0.9500 | T=7.5 k=3.2 (mu_rec=8 mu_bwd=4) | grad=1.635 | tok/s=24,479 | tokens=3.03B
step= 92470 | loss=2.8936 | lr=3.00e-04 | wd=0.0394 | mom=0.9500 | T=7.0 k=4.0 (mu_rec=8 mu_bwd=4) | grad=1.932 | tok/s=23,908 | tokens=3.03B
step= 92480 | loss=2.9962 | lr=3.00e-04 | wd=0.0394 | mom=0.9500 | T=7.2 k=3.8 (mu_rec=8 mu_bwd=4) | grad=1.651 | tok/s=23,232 | tokens=3.03B
step= 92490 | loss=2.9776 | lr=3.00e-04 | wd=0.0394 | mom=0.9500 | T=4.2 k=4.0 (mu_rec=8 mu_bwd=4) | grad=3.992 | tok/s=25,638 | tokens=3.03B
step= 92500 | loss=2.9797 | lr=3.00e-04 | wd=0.0394 | mom=0.9500 | T=7.5 k=4.0 (mu_rec=8 mu_bwd=4) | grad=0.889 | tok/s=22,893 | tokens=3.03B
step= 92510 | loss=2.9148 | lr=3.00e-04 | wd=0.0394 | mom=0.9500 | T=9.5 k=4.0 (mu_rec=8 mu_bwd=4) | grad=1.043 | tok/s=22,966 | tokens=3.03B
step= 92520 | loss=3.2027 | lr=3.00e-04 | wd=0.0394 | mom=0.9500 | T=7.8 k=4.0 (mu_rec=8 mu_bwd=4) | grad=0.994 | tok/s=23,919 | tokens=3.03B
step= 92530 | loss=2.9898 | lr=3.00e-04 | wd=0.0394 | mom=0.9500 | T=11.2 k=4.0 (mu_rec=8 mu_bwd=4) | grad=1.234 | tok/s=22,931 | tokens=3.03B
step= 92540 | loss=3.1148 | lr=3.00e-04 | wd=0.0394 | mom=0.9500 | T=9.2 k=3.8 (mu_rec=8 mu_bwd=4) | grad=0.912 | tok/s=21,847 | tokens=3.03B
step= 92550 | loss=3.1681 | lr=3.00e-04 | wd=0.0393 | mom=0.9500 | T=5.8 k=2.8 (mu_rec=8 mu_bwd=4) | grad=1.031 | tok/s=23,810 | tokens=3.03B
step= 92560 | loss=2.9615 | lr=3.00e-04 | wd=0.0393 | mom=0.9500 | T=14.5 k=3.8 (mu_rec=8 mu_bwd=4) | grad=0.903 | tok/s=24,408 | tokens=3.03B
step= 92570 | loss=3.3466 | lr=3.00e-04 | wd=0.0393 | mom=0.9500 | T=15.2 k=4.0 (mu_rec=8 mu_bwd=4) | grad=1.165 | tok/s=22,757 | tokens=3.03B
step= 92580 | loss=2.8464 | lr=3.00e-04 | wd=0.0393 | mom=0.9500 | T=8.5 k=3.2 (mu_rec=8 mu_bwd=4) | grad=1.136 | tok/s=23,605 | tokens=3.03B
step= 92590 | loss=3.1116 | lr=3.00e-04 | wd=0.0393 | mom=0.9500 | T=6.2 k=3.2 (mu_rec=8 mu_bwd=4) | grad=0.863 | tok/s=23,248 | tokens=3.03B
step= 92600 | loss=3.3111 | lr=3.00e-04 | wd=0.0393 | mom=0.9500 | T=5.8 k=4.0 (mu_rec=8 mu_bwd=4) | grad=0.914 | tok/s=24,922 | tokens=3.03B
step= 92610 | loss=3.1638 | lr=3.00e-04 | wd=0.0393 | mom=0.9500 | T=8.2 k=4.0 (mu_rec=8 mu_bwd=4) | grad=0.927 | tok/s=25,249 | tokens=3.03B
step= 92620 | loss=3.2659 | lr=3.00e-04 | wd=0.0393 | mom=0.9500 | T=8.8 k=4.0 (mu_rec=8 mu_bwd=4) | grad=1.059 | tok/s=21,696 | tokens=3.03B
step= 92630 | loss=3.3293 | lr=3.00e-04 | wd=0.0393 | mom=0.9500 | T=7.8 k=4.0 (mu_rec=8 mu_bwd=4) | grad=0.936 | tok/s=23,000 | tokens=3.04B
step= 92640 | loss=3.3231 | lr=3.00e-04 | wd=0.0393 | mom=0.9500 | T=7.0 k=4.0 (mu_rec=8 mu_bwd=4) | grad=1.290 | tok/s=22,848 | tokens=3.04B
step= 92650 | loss=3.0406 | lr=3.00e-04 | wd=0.0393 | mom=0.9500 | T=10.0 k=4.0 (mu_rec=8 mu_bwd=4) | grad=1.263 | tok/s=23,713 | tokens=3.04B
step= 92660 | loss=3.5495 | lr=3.00e-04 | wd=0.0393 | mom=0.9500 | T=10.2 k=3.2 (mu_rec=8 mu_bwd=4) | grad=1.312 | tok/s=23,443 | tokens=3.04B
step= 92670 | loss=3.4476 | lr=3.00e-04 | wd=0.0393 | mom=0.9500 | T=4.8 k=3.0 (mu_rec=8 mu_bwd=4) | grad=1.303 | tok/s=24,930 | tokens=3.04B
step= 92680 | loss=3.8655 | lr=3.00e-04 | wd=0.0393 | mom=0.9500 | T=6.8 k=3.2 (mu_rec=8 mu_bwd=4) | grad=1.055 | tok/s=24,018 | tokens=3.04B
step= 92690 | loss=3.1231 | lr=3.00e-04 | wd=0.0393 | mom=0.9500 | T=8.5 k=3.8 (mu_rec=8 mu_bwd=4) | grad=1.024 | tok/s=23,614 | tokens=3.04B
step= 92700 | loss=3.1404 | lr=3.00e-04 | wd=0.0392 | mom=0.9500 | T=6.0 k=3.2 (mu_rec=8 mu_bwd=4) | grad=0.841 | tok/s=24,872 | tokens=3.04B
step= 92710 | loss=3.2030 | lr=3.00e-04 | wd=0.0392 | mom=0.9500 | T=12.0 k=4.0 (mu_rec=8 mu_bwd=4) | grad=0.968 | tok/s=22,875 | tokens=3.04B
step= 92720 | loss=3.0438 | lr=3.00e-04 | wd=0.0392 | mom=0.9500 | T=7.8 k=4.0 (mu_rec=8 mu_bwd=4) | grad=1.414 | tok/s=24,316 | tokens=3.04B
step= 92730 | loss=3.2436 | lr=3.00e-04 | wd=0.0392 | mom=0.9500 | T=7.8 k=3.5 (mu_rec=8 mu_bwd=4) | grad=0.904 | tok/s=24,467 | tokens=3.04B
step= 92740 | loss=2.7662 | lr=3.00e-04 | wd=0.0392 | mom=0.9500 | T=10.5 k=4.0 (mu_rec=8 mu_bwd=4) | grad=0.991 | tok/s=22,415 | tokens=3.04B
step= 92750 | loss=3.0854 | lr=3.00e-04 | wd=0.0392 | mom=0.9500 | T=8.0 k=4.0 (mu_rec=8 mu_bwd=4) | grad=1.322 | tok/s=22,698 | tokens=3.04B
step= 92760 | loss=3.1811 | lr=3.00e-04 | wd=0.0392 | mom=0.9500 | T=5.8 k=3.5 (mu_rec=8 mu_bwd=4) | grad=0.874 | tok/s=24,294 | tokens=3.04B
step= 92770 | loss=3.2782 | lr=3.00e-04 | wd=0.0392 | mom=0.9500 | T=5.5 k=3.5 (mu_rec=8 mu_bwd=4) | grad=1.108 | tok/s=24,223 | tokens=3.04B
step= 92780 | loss=3.0559 | lr=3.00e-04 | wd=0.0392 | mom=0.9500 | T=7.0 k=3.0 (mu_rec=8 mu_bwd=4) | grad=1.433 | tok/s=23,314 | tokens=3.04B
step= 92790 | loss=3.1532 | lr=3.00e-04 | wd=0.0392 | mom=0.9500 | T=8.8 k=4.0 (mu_rec=8 mu_bwd=4) | grad=1.678 | tok/s=23,691 | tokens=3.04B
step= 92800 | loss=3.1697 | lr=3.00e-04 | wd=0.0392 | mom=0.9500 | T=6.0 k=3.2 (mu_rec=8 mu_bwd=4) | grad=1.261 | tok/s=26,117 | tokens=3.04B
step= 92810 | loss=3.0242 | lr=3.00e-04 | wd=0.0392 | mom=0.9500 | T=6.5 k=4.0 (mu_rec=8 mu_bwd=4) | grad=0.849 | tok/s=23,641 | tokens=3.04B
step= 92820 | loss=3.2449 | lr=3.00e-04 | wd=0.0392 | mom=0.9500 | T=6.2 k=3.0 (mu_rec=8 mu_bwd=4) | grad=0.962 | tok/s=24,070 | tokens=3.04B
step= 92830 | loss=3.0183 | lr=3.00e-04 | wd=0.0392 | mom=0.9500 | T=10.8 k=4.0 (mu_rec=8 mu_bwd=4) | grad=0.959 | tok/s=23,122 | tokens=3.04B
step= 92840 | loss=2.8674 | lr=3.00e-04 | wd=0.0392 | mom=0.9500 | T=6.2 k=3.8 (mu_rec=8 mu_bwd=4) | grad=0.963 | tok/s=23,034 | tokens=3.04B
step= 92850 | loss=3.0884 | lr=3.00e-04 | wd=0.0392 | mom=0.9500 | T=8.0 k=3.5 (mu_rec=8 mu_bwd=4) | grad=1.544 | tok/s=10,260 | tokens=3.04B
step= 92860 | loss=3.3346 | lr=3.00e-04 | wd=0.0391 | mom=0.9500 | T=5.0 k=3.8 (mu_rec=8 mu_bwd=4) | grad=1.444 | tok/s=11,086 | tokens=3.04B
step= 92870 | loss=3.2149 | lr=3.00e-04 | wd=0.0391 | mom=0.9500 | T=7.8 k=3.8 (mu_rec=8 mu_bwd=4) | grad=1.261 | tok/s=25,501 | tokens=3.04B
step= 92880 | loss=3.2809 | lr=3.00e-04 | wd=0.0391 | mom=0.9500 | T=7.2 k=4.0 (mu_rec=8 mu_bwd=4) | grad=1.679 | tok/s=24,386 | tokens=3.04B
step= 92890 | loss=3.3639 | lr=3.00e-04 | wd=0.0391 | mom=0.9500 | T=6.2 k=3.2 (mu_rec=8 mu_bwd=4) | grad=1.025 | tok/s=23,778 | tokens=3.04B
step= 92900 | loss=3.4100 | lr=3.00e-04 | wd=0.0391 | mom=0.9500 | T=11.0 k=3.8 (mu_rec=8 mu_bwd=4) | grad=0.991 | tok/s=23,679 | tokens=3.04B
step= 92910 | loss=3.1880 | lr=3.00e-04 | wd=0.0391 | mom=0.9500 | T=12.2 k=4.0 (mu_rec=8 mu_bwd=4) | grad=1.030 | tok/s=21,080 | tokens=3.04B
step= 92920 | loss=2.8227 | lr=3.00e-04 | wd=0.0391 | mom=0.9500 | T=8.2 k=4.0 (mu_rec=8 mu_bwd=4) | grad=0.841 | tok/s=22,304 | tokens=3.04B
step= 92930 | loss=3.3896 | lr=3.00e-04 | wd=0.0391 | mom=0.9500 | T=5.5 k=4.0 (mu_rec=8 mu_bwd=4) | grad=0.864 | tok/s=23,967 | tokens=3.05B
step= 92940 | loss=3.2589 | lr=3.00e-04 | wd=0.0391 | mom=0.9500 | T=10.0 k=4.0 (mu_rec=8 mu_bwd=4) | grad=0.935 | tok/s=22,951 | tokens=3.05B
step= 92950 | loss=3.1652 | lr=3.00e-04 | wd=0.0391 | mom=0.9500 | T=13.0 k=4.0 (mu_rec=8 mu_bwd=4) | grad=1.647 | tok/s=24,227 | tokens=3.05B
step= 92960 | loss=3.3105 | lr=3.00e-04 | wd=0.0391 | mom=0.9500 | T=5.5 k=3.5 (mu_rec=8 mu_bwd=4) | grad=0.920 | tok/s=23,682 | tokens=3.05B
step= 92970 | loss=3.0983 | lr=3.00e-04 | wd=0.0391 | mom=0.9500 | T=7.0 k=4.0 (mu_rec=8 mu_bwd=4) | grad=0.947 | tok/s=25,760 | tokens=3.05B
step= 92980 | loss=3.2481 | lr=3.00e-04 | wd=0.0391 | mom=0.9500 | T=11.8 k=4.0 (mu_rec=8 mu_bwd=4) | grad=0.899 | tok/s=23,072 | tokens=3.05B
step= 92990 | loss=3.5243 | lr=3.00e-04 | wd=0.0391 | mom=0.9500 | T=5.5 k=3.2 (mu_rec=8 mu_bwd=4) | grad=1.266 | tok/s=23,741 | tokens=3.05B
step= 93000 | loss=3.5283 | lr=3.00e-04 | wd=0.0391 | mom=0.9500 | T=8.5 k=4.0 (mu_rec=8 mu_bwd=4) | grad=1.557 | tok/s=22,399 | tokens=3.05B
step= 93010 | loss=3.2250 | lr=3.00e-04 | wd=0.0390 | mom=0.9500 | T=10.5 k=4.0 (mu_rec=8 mu_bwd=4) | grad=1.683 | tok/s=20,998 | tokens=3.05B
step= 93020 | loss=2.7455 | lr=3.00e-04 | wd=0.0390 | mom=0.9500 | T=7.0 k=4.0 (mu_rec=8 mu_bwd=4) | grad=0.964 | tok/s=24,094 | tokens=3.05B
step= 93030 | loss=3.0943 | lr=3.00e-04 | wd=0.0390 | mom=0.9500 | T=8.2 k=3.8 (mu_rec=8 mu_bwd=4) | grad=1.215 | tok/s=21,598 | tokens=3.05B
step= 93040 | loss=3.4618 | lr=3.00e-04 | wd=0.0390 | mom=0.9500 | T=6.8 k=4.0 (mu_rec=8 mu_bwd=4) | grad=1.318 | tok/s=23,677 | tokens=3.05B
step= 93050 | loss=3.0280 | lr=3.00e-04 | wd=0.0390 | mom=0.9500 | T=10.2 k=4.0 (mu_rec=8 mu_bwd=4) | grad=1.126 | tok/s=24,170 | tokens=3.05B
step= 93060 | loss=3.2039 | lr=3.00e-04 | wd=0.0390 | mom=0.9500 | T=7.8 k=3.8 (mu_rec=8 mu_bwd=4) | grad=1.456 | tok/s=22,283 | tokens=3.05B
step= 93070 | loss=3.2618 | lr=3.00e-04 | wd=0.0390 | mom=0.9500 | T=8.8 k=4.0 (mu_rec=8 mu_bwd=4) | grad=1.788 | tok/s=22,860 | tokens=3.05B
step= 93080 | loss=3.0294 | lr=3.00e-04 | wd=0.0390 | mom=0.9500 | T=8.5 k=4.0 (mu_rec=8 mu_bwd=4) | grad=1.843 | tok/s=22,504 | tokens=3.05B
step= 93090 | loss=3.3664 | lr=3.00e-04 | wd=0.0390 | mom=0.9500 | T=4.5 k=3.2 (mu_rec=8 mu_bwd=4) | grad=1.526 | tok/s=24,750 | tokens=3.05B
step= 93100 | loss=3.2097 | lr=3.00e-04 | wd=0.0390 | mom=0.9500 | T=9.8 k=3.5 (mu_rec=8 mu_bwd=4) | grad=2.091 | tok/s=24,637 | tokens=3.05B
step= 93110 | loss=3.3693 | lr=3.00e-04 | wd=0.0390 | mom=0.9500 | T=6.5 k=3.2 (mu_rec=8 mu_bwd=4) | grad=1.106 | tok/s=25,671 | tokens=3.05B
step= 93120 | loss=3.1929 | lr=3.00e-04 | wd=0.0390 | mom=0.9500 | T=6.2 k=4.0 (mu_rec=8 mu_bwd=4) | grad=1.029 | tok/s=23,626 | tokens=3.05B
step= 93130 | loss=2.8793 | lr=3.00e-04 | wd=0.0390 | mom=0.9500 | T=9.8 k=4.0 (mu_rec=8 mu_bwd=4) | grad=0.904 | tok/s=22,607 | tokens=3.05B
step= 93140 | loss=3.2896 | lr=3.00e-04 | wd=0.0390 | mom=0.9500 | T=5.5 k=4.0 (mu_rec=8 mu_bwd=4) | grad=1.029 | tok/s=23,593 | tokens=3.05B
step= 93150 | loss=3.4114 | lr=3.00e-04 | wd=0.0390 | mom=0.9500 | T=5.2 k=3.2 (mu_rec=8 mu_bwd=4) | grad=1.374 | tok/s=23,142 | tokens=3.05B
step= 93160 | loss=2.9694 | lr=3.00e-04 | wd=0.0389 | mom=0.9500 | T=9.8 k=3.8 (mu_rec=8 mu_bwd=4) | grad=1.502 | tok/s=23,401 | tokens=3.05B
step= 93170 | loss=2.7795 | lr=3.00e-04 | wd=0.0389 | mom=0.9500 | T=12.5 k=4.0 (mu_rec=8 mu_bwd=4) | grad=1.094 | tok/s=21,159 | tokens=3.05B
step= 93180 | loss=2.9727 | lr=3.00e-04 | wd=0.0389 | mom=0.9500 | T=5.2 k=3.5 (mu_rec=8 mu_bwd=4) | grad=1.370 | tok/s=24,143 | tokens=3.05B
step= 93190 | loss=3.1627 | lr=3.00e-04 | wd=0.0389 | mom=0.9500 | T=7.2 k=3.5 (mu_rec=8 mu_bwd=4) | grad=1.748 | tok/s=22,143 | tokens=3.05B
step= 93200 | loss=3.3093 | lr=3.00e-04 | wd=0.0389 | mom=0.9500 | T=5.2 k=3.8 (mu_rec=8 mu_bwd=4) | grad=1.209 | tok/s=22,526 | tokens=3.05B
step= 93210 | loss=3.2266 | lr=3.00e-04 | wd=0.0389 | mom=0.9500 | T=6.0 k=3.5 (mu_rec=8 mu_bwd=4) | grad=0.898 | tok/s=24,229 | tokens=3.05B
step= 93220 | loss=3.0492 | lr=3.00e-04 | wd=0.0389 | mom=0.9500 | T=10.5 k=3.8 (mu_rec=8 mu_bwd=4) | grad=1.221 | tok/s=21,827 | tokens=3.05B
step= 93230 | loss=3.3196 | lr=3.00e-04 | wd=0.0389 | mom=0.9500 | T=7.8 k=3.8 (mu_rec=8 mu_bwd=4) | grad=1.006 | tok/s=24,274 | tokens=3.05B
step= 93240 | loss=2.7963 | lr=3.00e-04 | wd=0.0389 | mom=0.9500 | T=5.5 k=3.2 (mu_rec=8 mu_bwd=4) | grad=0.939 | tok/s=23,749 | tokens=3.06B
step= 93250 | loss=3.2504 | lr=3.00e-04 | wd=0.0389 | mom=0.9500 | T=8.2 k=3.5 (mu_rec=8 mu_bwd=4) | grad=0.888 | tok/s=22,914 | tokens=3.06B
step= 93260 | loss=3.1297 | lr=3.00e-04 | wd=0.0389 | mom=0.9500 | T=8.5 k=3.5 (mu_rec=8 mu_bwd=4) | grad=1.150 | tok/s=24,701 | tokens=3.06B
step= 93270 | loss=3.3069 | lr=3.00e-04 | wd=0.0389 | mom=0.9500 | T=4.8 k=3.0 (mu_rec=8 mu_bwd=4) | grad=1.630 | tok/s=24,571 | tokens=3.06B
step= 93280 | loss=3.1635 | lr=3.00e-04 | wd=0.0389 | mom=0.9500 | T=5.2 k=3.8 (mu_rec=8 mu_bwd=4) | grad=1.214 | tok/s=23,975 | tokens=3.06B
step= 93290 | loss=3.2026 | lr=3.00e-04 | wd=0.0389 | mom=0.9500 | T=7.0 k=4.0 (mu_rec=8 mu_bwd=4) | grad=1.438 | tok/s=23,610 | tokens=3.06B
step= 93300 | loss=3.2658 | lr=3.00e-04 | wd=0.0389 | mom=0.9500 | T=9.2 k=4.0 (mu_rec=8 mu_bwd=4) | grad=0.936 | tok/s=22,409 | tokens=3.06B
step= 93310 | loss=2.9803 | lr=3.00e-04 | wd=0.0388 | mom=0.9500 | T=6.2 k=3.5 (mu_rec=8 mu_bwd=4) | grad=1.572 | tok/s=25,656 | tokens=3.06B
step= 93320 | loss=3.4954 | lr=3.00e-04 | wd=0.0388 | mom=0.9500 | T=5.2 k=3.2 (mu_rec=8 mu_bwd=4) | grad=1.882 | tok/s=24,330 | tokens=3.06B
step= 93330 | loss=3.1160 | lr=3.00e-04 | wd=0.0388 | mom=0.9500 | T=6.0 k=4.0 (mu_rec=8 mu_bwd=4) | grad=1.315 | tok/s=23,498 | tokens=3.06B
step= 93340 | loss=3.1604 | lr=3.00e-04 | wd=0.0388 | mom=0.9500 | T=9.0 k=3.2 (mu_rec=8 mu_bwd=4) | grad=0.907 | tok/s=23,747 | tokens=3.06B
step= 93350 | loss=3.2496 | lr=3.00e-04 | wd=0.0388 | mom=0.9500 | T=7.8 k=3.2 (mu_rec=8 mu_bwd=4) | grad=1.473 | tok/s=24,061 | tokens=3.06B
step= 93360 | loss=2.8541 | lr=3.00e-04 | wd=0.0388 | mom=0.9500 | T=9.2 k=4.0 (mu_rec=8 mu_bwd=4) | grad=1.118 | tok/s=23,538 | tokens=3.06B
step= 93370 | loss=3.2074 | lr=3.00e-04 | wd=0.0388 | mom=0.9500 | T=9.2 k=4.0 (mu_rec=8 mu_bwd=4) | grad=0.950 | tok/s=24,999 | tokens=3.06B
step= 93380 | loss=3.1104 | lr=3.00e-04 | wd=0.0388 | mom=0.9500 | T=8.0 k=4.0 (mu_rec=8 mu_bwd=4) | grad=1.223 | tok/s=24,530 | tokens=3.06B
step= 93390 | loss=3.3887 | lr=3.00e-04 | wd=0.0388 | mom=0.9500 | T=7.8 k=3.8 (mu_rec=8 mu_bwd=4) | grad=1.425 | tok/s=22,171 | tokens=3.06B
step= 93400 | loss=3.0087 | lr=3.00e-04 | wd=0.0388 | mom=0.9500 | T=5.5 k=4.0 (mu_rec=8 mu_bwd=4) | grad=1.418 | tok/s=23,452 | tokens=3.06B
step= 93410 | loss=3.2426 | lr=3.00e-04 | wd=0.0388 | mom=0.9500 | T=11.8 k=4.0 (mu_rec=8 mu_bwd=4) | grad=0.924 | tok/s=21,617 | tokens=3.06B
step= 93420 | loss=3.0114 | lr=3.00e-04 | wd=0.0388 | mom=0.9500 | T=16.5 k=4.0 (mu_rec=8 mu_bwd=4) | grad=1.158 | tok/s=23,841 | tokens=3.06B
step= 93430 | loss=3.2315 | lr=3.00e-04 | wd=0.0388 | mom=0.9500 | T=6.2 k=3.0 (mu_rec=8 mu_bwd=4) | grad=1.545 | tok/s=22,097 | tokens=3.06B
step= 93440 | loss=3.1104 | lr=3.00e-04 | wd=0.0388 | mom=0.9500 | T=8.8 k=3.5 (mu_rec=8 mu_bwd=4) | grad=1.276 | tok/s=25,950 | tokens=3.06B
step= 93450 | loss=3.1873 | lr=3.00e-04 | wd=0.0388 | mom=0.9500 | T=12.0 k=4.0 (mu_rec=8 mu_bwd=4) | grad=1.224 | tok/s=24,797 | tokens=3.06B
step= 93460 | loss=3.0976 | lr=3.00e-04 | wd=0.0388 | mom=0.9500 | T=7.5 k=3.8 (mu_rec=8 mu_bwd=4) | grad=1.038 | tok/s=22,248 | tokens=3.06B
step= 93470 | loss=3.1230 | lr=3.00e-04 | wd=0.0387 | mom=0.9500 | T=9.0 k=4.0 (mu_rec=8 mu_bwd=4) | grad=0.848 | tok/s=21,758 | tokens=3.06B
step= 93480 | loss=3.2490 | lr=3.00e-04 | wd=0.0387 | mom=0.9500 | T=7.2 k=4.0 (mu_rec=8 mu_bwd=4) | grad=0.854 | tok/s=22,720 | tokens=3.06B
step= 93490 | loss=2.9871 | lr=3.00e-04 | wd=0.0387 | mom=0.9500 | T=5.2 k=2.5 (mu_rec=8 mu_bwd=4) | grad=1.109 | tok/s=24,272 | tokens=3.06B
step= 93500 | loss=2.9706 | lr=3.00e-04 | wd=0.0387 | mom=0.9500 | T=6.0 k=3.2 (mu_rec=8 mu_bwd=4) | grad=0.931 | tok/s=25,353 | tokens=3.06B
step= 93510 | loss=3.2619 | lr=3.00e-04 | wd=0.0387 | mom=0.9500 | T=5.2 k=4.0 (mu_rec=8 mu_bwd=4) | grad=1.132 | tok/s=23,093 | tokens=3.06B
step= 93520 | loss=3.2241 | lr=3.00e-04 | wd=0.0387 | mom=0.9500 | T=7.2 k=3.5 (mu_rec=8 mu_bwd=4) | grad=0.887 | tok/s=23,741 | tokens=3.06B
step= 93530 | loss=3.1779 | lr=3.00e-04 | wd=0.0387 | mom=0.9500 | T=7.8 k=4.0 (mu_rec=8 mu_bwd=4) | grad=0.938 | tok/s=22,315 | tokens=3.06B
step= 93540 | loss=3.0562 | lr=3.00e-04 | wd=0.0387 | mom=0.9500 | T=10.0 k=2.5 (mu_rec=8 mu_bwd=4) | grad=1.021 | tok/s=22,836 | tokens=3.07B
step= 93550 | loss=3.2974 | lr=3.00e-04 | wd=0.0387 | mom=0.9500 | T=4.0 k=3.2 (mu_rec=8 mu_bwd=4) | grad=0.901 | tok/s=24,157 | tokens=3.07B
step= 93560 | loss=3.0835 | lr=3.00e-04 | wd=0.0387 | mom=0.9500 | T=12.0 k=4.0 (mu_rec=8 mu_bwd=4) | grad=2.890 | tok/s=22,443 | tokens=3.07B
step= 93570 | loss=3.1972 | lr=3.00e-04 | wd=0.0387 | mom=0.9500 | T=12.0 k=4.0 (mu_rec=8 mu_bwd=4) | grad=1.043 | tok/s=22,161 | tokens=3.07B
step= 93580 | loss=2.9387 | lr=3.00e-04 | wd=0.0387 | mom=0.9500 | T=6.2 k=3.2 (mu_rec=8 mu_bwd=4) | grad=2.246 | tok/s=22,819 | tokens=3.07B
step= 93590 | loss=2.8130 | lr=3.00e-04 | wd=0.0387 | mom=0.9500 | T=6.0 k=4.0 (mu_rec=8 mu_bwd=4) | grad=1.013 | tok/s=23,276 | tokens=3.07B
step= 93600 | loss=2.9689 | lr=3.00e-04 | wd=0.0387 | mom=0.9500 | T=12.5 k=3.8 (mu_rec=8 mu_bwd=4) | grad=1.010 | tok/s=21,146 | tokens=3.07B
step= 93610 | loss=2.8154 | lr=3.00e-04 | wd=0.0387 | mom=0.9500 | T=7.2 k=4.0 (mu_rec=8 mu_bwd=4) | grad=1.072 | tok/s=23,265 | tokens=3.07B
step= 93620 | loss=3.3289 | lr=3.00e-04 | wd=0.0386 | mom=0.9500 | T=8.5 k=3.2 (mu_rec=8 mu_bwd=4) | grad=0.941 | tok/s=22,859 | tokens=3.07B
step= 93630 | loss=3.1401 | lr=3.00e-04 | wd=0.0386 | mom=0.9500 | T=7.5 k=4.0 (mu_rec=8 mu_bwd=4) | grad=0.835 | tok/s=21,784 | tokens=3.07B
step= 93640 | loss=2.9755 | lr=3.00e-04 | wd=0.0386 | mom=0.9500 | T=6.0 k=3.8 (mu_rec=8 mu_bwd=4) | grad=0.987 | tok/s=23,275 | tokens=3.07B
step= 93650 | loss=2.8944 | lr=3.00e-04 | wd=0.0386 | mom=0.9500 | T=10.2 k=4.0 (mu_rec=8 mu_bwd=4) | grad=0.818 | tok/s=24,550 | tokens=3.07B
step= 93660 | loss=2.9505 | lr=3.00e-04 | wd=0.0386 | mom=0.9500 | T=13.0 k=4.0 (mu_rec=8 mu_bwd=4) | grad=0.782 | tok/s=22,944 | tokens=3.07B
step= 93670 | loss=3.2352 | lr=3.00e-04 | wd=0.0386 | mom=0.9500 | T=9.8 k=3.0 (mu_rec=8 mu_bwd=4) | grad=0.980 | tok/s=9,911 | tokens=3.07B
step= 93680 | loss=3.1025 | lr=3.00e-04 | wd=0.0386 | mom=0.9500 | T=6.2 k=4.0 (mu_rec=8 mu_bwd=4) | grad=1.035 | tok/s=23,082 | tokens=3.07B
step= 93690 | loss=3.2373 | lr=3.00e-04 | wd=0.0386 | mom=0.9500 | T=7.8 k=4.0 (mu_rec=8 mu_bwd=4) | grad=1.663 | tok/s=22,316 | tokens=3.07B
step= 93700 | loss=3.3176 | lr=3.00e-04 | wd=0.0386 | mom=0.9500 | T=5.8 k=3.0 (mu_rec=8 mu_bwd=4) | grad=0.929 | tok/s=23,794 | tokens=3.07B
step= 93710 | loss=3.6141 | lr=3.00e-04 | wd=0.0386 | mom=0.9500 | T=9.8 k=4.0 (mu_rec=8 mu_bwd=4) | grad=1.615 | tok/s=22,300 | tokens=3.07B
step= 93720 | loss=3.3396 | lr=3.00e-04 | wd=0.0386 | mom=0.9500 | T=9.2 k=4.0 (mu_rec=8 mu_bwd=4) | grad=1.024 | tok/s=24,983 | tokens=3.07B
step= 93730 | loss=3.1321 | lr=3.00e-04 | wd=0.0386 | mom=0.9500 | T=9.2 k=3.5 (mu_rec=8 mu_bwd=4) | grad=0.898 | tok/s=24,507 | tokens=3.07B
step= 93740 | loss=3.2715 | lr=3.00e-04 | wd=0.0386 | mom=0.9500 | T=9.2 k=3.8 (mu_rec=8 mu_bwd=4) | grad=1.951 | tok/s=23,082 | tokens=3.07B
step= 93750 | loss=3.3218 | lr=3.00e-04 | wd=0.0386 | mom=0.9500 | T=5.8 k=3.5 (mu_rec=8 mu_bwd=4) | grad=1.390 | tok/s=24,659 | tokens=3.07B
step= 93760 | loss=3.3239 | lr=3.00e-04 | wd=0.0386 | mom=0.9500 | T=9.0 k=3.5 (mu_rec=8 mu_bwd=4) | grad=0.851 | tok/s=10,046 | tokens=3.07B
step= 93770 | loss=3.6677 | lr=3.00e-04 | wd=0.0385 | mom=0.9500 | T=11.5 k=4.0 (mu_rec=8 mu_bwd=4) | grad=1.333 | tok/s=23,628 | tokens=3.07B
step= 93780 | loss=3.4936 | lr=3.00e-04 | wd=0.0385 | mom=0.9500 | T=6.2 k=3.2 (mu_rec=8 mu_bwd=4) | grad=6.734 | tok/s=22,684 | tokens=3.07B
step= 93790 | loss=3.2457 | lr=3.00e-04 | wd=0.0385 | mom=0.9500 | T=6.0 k=3.5 (mu_rec=8 mu_bwd=4) | grad=1.079 | tok/s=23,306 | tokens=3.07B
step= 93800 | loss=2.9976 | lr=3.00e-04 | wd=0.0385 | mom=0.9500 | T=10.8 k=4.0 (mu_rec=8 mu_bwd=4) | grad=0.892 | tok/s=24,773 | tokens=3.07B
step= 93810 | loss=3.2519 | lr=3.00e-04 | wd=0.0385 | mom=0.9500 | T=8.0 k=4.0 (mu_rec=8 mu_bwd=4) | grad=0.862 | tok/s=24,489 | tokens=3.07B
step= 93820 | loss=3.1731 | lr=3.00e-04 | wd=0.0385 | mom=0.9500 | T=10.5 k=4.0 (mu_rec=8 mu_bwd=4) | grad=1.019 | tok/s=23,348 | tokens=3.07B
step= 93830 | loss=3.2001 | lr=3.00e-04 | wd=0.0385 | mom=0.9500 | T=12.0 k=4.0 (mu_rec=8 mu_bwd=4) | grad=1.195 | tok/s=23,387 | tokens=3.07B
step= 93840 | loss=3.1605 | lr=3.00e-04 | wd=0.0385 | mom=0.9500 | T=5.8 k=3.8 (mu_rec=8 mu_bwd=4) | grad=1.097 | tok/s=24,372 | tokens=3.07B
step= 93850 | loss=3.3293 | lr=3.00e-04 | wd=0.0385 | mom=0.9500 | T=6.8 k=3.2 (mu_rec=8 mu_bwd=4) | grad=1.277 | tok/s=24,466 | tokens=3.08B
step= 93860 | loss=3.0092 | lr=3.00e-04 | wd=0.0385 | mom=0.9500 | T=6.2 k=3.8 (mu_rec=8 mu_bwd=4) | grad=1.475 | tok/s=22,566 | tokens=3.08B
step= 93870 | loss=3.2010 | lr=3.00e-04 | wd=0.0385 | mom=0.9500 | T=9.0 k=4.0 (mu_rec=8 mu_bwd=4) | grad=1.003 | tok/s=22,380 | tokens=3.08B
step= 93880 | loss=2.9351 | lr=3.00e-04 | wd=0.0385 | mom=0.9500 | T=7.5 k=3.2 (mu_rec=8 mu_bwd=4) | grad=1.196 | tok/s=24,030 | tokens=3.08B
step= 93890 | loss=3.3683 | lr=3.00e-04 | wd=0.0385 | mom=0.9500 | T=8.0 k=4.0 (mu_rec=8 mu_bwd=4) | grad=0.845 | tok/s=24,253 | tokens=3.08B
step= 93900 | loss=3.2047 | lr=3.00e-04 | wd=0.0385 | mom=0.9500 | T=6.5 k=4.0 (mu_rec=8 mu_bwd=4) | grad=1.575 | tok/s=24,361 | tokens=3.08B
step= 93910 | loss=3.2774 | lr=3.00e-04 | wd=0.0385 | mom=0.9500 | T=14.0 k=4.0 (mu_rec=8 mu_bwd=4) | grad=1.132 | tok/s=22,530 | tokens=3.08B
step= 93920 | loss=3.5044 | lr=3.00e-04 | wd=0.0384 | mom=0.9500 | T=6.8 k=3.5 (mu_rec=8 mu_bwd=4) | grad=1.153 | tok/s=23,718 | tokens=3.08B
step= 93930 | loss=3.3596 | lr=3.00e-04 | wd=0.0384 | mom=0.9500 | T=3.8 k=3.8 (mu_rec=8 mu_bwd=4) | grad=1.037 | tok/s=25,072 | tokens=3.08B
step= 93940 | loss=3.0321 | lr=3.00e-04 | wd=0.0384 | mom=0.9500 | T=8.0 k=3.8 (mu_rec=8 mu_bwd=4) | grad=1.181 | tok/s=22,965 | tokens=3.08B
step= 93950 | loss=3.1576 | lr=3.00e-04 | wd=0.0384 | mom=0.9500 | T=5.8 k=3.5 (mu_rec=8 mu_bwd=4) | grad=0.916 | tok/s=25,073 | tokens=3.08B
step= 93960 | loss=3.0044 | lr=3.00e-04 | wd=0.0384 | mom=0.9500 | T=6.2 k=3.8 (mu_rec=8 mu_bwd=4) | grad=0.885 | tok/s=22,949 | tokens=3.08B
step= 93970 | loss=3.7147 | lr=3.00e-04 | wd=0.0384 | mom=0.9500 | T=2.2 k=2.2 (mu_rec=8 mu_bwd=4) | grad=1.636 | tok/s=24,682 | tokens=3.08B
step= 93980 | loss=3.3667 | lr=3.00e-04 | wd=0.0384 | mom=0.9500 | T=5.5 k=3.8 (mu_rec=8 mu_bwd=4) | grad=0.892 | tok/s=23,885 | tokens=3.08B
step= 93990 | loss=3.0678 | lr=3.00e-04 | wd=0.0384 | mom=0.9500 | T=5.2 k=3.5 (mu_rec=8 mu_bwd=4) | grad=0.914 | tok/s=22,603 | tokens=3.08B
step= 94000 | loss=3.1706 | lr=3.00e-04 | wd=0.0384 | mom=0.9500 | T=10.2 k=3.5 (mu_rec=8 mu_bwd=4) | grad=1.283 | tok/s=23,821 | tokens=3.08B
[step 94000] Saved -> runs/cortex-5b-k4/checkpoint_0094000
[step 94000] Pruned -> runs/cortex-5b-k4/checkpoint_0088000
step= 94010 | loss=3.2722 | lr=3.00e-04 | wd=0.0384 | mom=0.9500 | T=6.2 k=3.5 (mu_rec=8 mu_bwd=4) | grad=0.859 | tok/s=20,829 | tokens=3.08B
step= 94020 | loss=3.0538 | lr=3.00e-04 | wd=0.0384 | mom=0.9500 | T=8.2 k=4.0 (mu_rec=8 mu_bwd=4) | grad=0.996 | tok/s=21,464 | tokens=3.08B
step= 94030 | loss=3.2792 | lr=3.00e-04 | wd=0.0384 | mom=0.9500 | T=13.0 k=4.0 (mu_rec=8 mu_bwd=4) | grad=6.592 | tok/s=23,379 | tokens=3.08B
step= 94040 | loss=3.3136 | lr=3.00e-04 | wd=0.0384 | mom=0.9500 | T=6.5 k=3.5 (mu_rec=8 mu_bwd=4) | grad=1.581 | tok/s=23,934 | tokens=3.08B
step= 94050 | loss=2.5066 | lr=3.00e-04 | wd=0.0384 | mom=0.9500 | T=10.0 k=4.0 (mu_rec=8 mu_bwd=4) | grad=1.025 | tok/s=23,380 | tokens=3.08B
step= 94060 | loss=3.0243 | lr=3.00e-04 | wd=0.0384 | mom=0.9500 | T=7.2 k=4.0 (mu_rec=8 mu_bwd=4) | grad=1.054 | tok/s=24,993 | tokens=3.08B
step= 94070 | loss=3.0753 | lr=3.00e-04 | wd=0.0384 | mom=0.9500 | T=6.2 k=3.5 (mu_rec=8 mu_bwd=4) | grad=1.126 | tok/s=24,299 | tokens=3.08B
step= 94080 | loss=2.8916 | lr=3.00e-04 | wd=0.0383 | mom=0.9500 | T=6.5 k=3.5 (mu_rec=8 mu_bwd=4) | grad=1.292 | tok/s=23,828 | tokens=3.08B
step= 94090 | loss=3.0004 | lr=3.00e-04 | wd=0.0383 | mom=0.9500 | T=6.0 k=4.0 (mu_rec=8 mu_bwd=4) | grad=1.304 | tok/s=23,429 | tokens=3.08B
step= 94100 | loss=3.2266 | lr=3.00e-04 | wd=0.0383 | mom=0.9500 | T=6.5 k=4.0 (mu_rec=8 mu_bwd=4) | grad=1.186 | tok/s=23,060 | tokens=3.08B
step= 94110 | loss=3.2308 | lr=3.00e-04 | wd=0.0383 | mom=0.9500 | T=4.5 k=3.5 (mu_rec=8 mu_bwd=4) | grad=0.970 | tok/s=23,156 | tokens=3.08B
step= 94120 | loss=2.9590 | lr=3.00e-04 | wd=0.0383 | mom=0.9500 | T=6.0 k=4.0 (mu_rec=8 mu_bwd=4) | grad=1.342 | tok/s=23,945 | tokens=3.08B
step= 94130 | loss=3.1239 | lr=3.00e-04 | wd=0.0383 | mom=0.9500 | T=10.8 k=3.2 (mu_rec=8 mu_bwd=4) | grad=1.061 | tok/s=24,592 | tokens=3.08B
step= 94140 | loss=3.4191 | lr=3.00e-04 | wd=0.0383 | mom=0.9500 | T=8.0 k=3.8 (mu_rec=8 mu_bwd=4) | grad=1.499 | tok/s=22,775 | tokens=3.08B
step= 94150 | loss=3.2510 | lr=3.00e-04 | wd=0.0383 | mom=0.9500 | T=11.8 k=3.2 (mu_rec=8 mu_bwd=4) | grad=0.909 | tok/s=22,115 | tokens=3.09B
step= 94160 | loss=3.4938 | lr=3.00e-04 | wd=0.0383 | mom=0.9500 | T=6.5 k=3.2 (mu_rec=8 mu_bwd=4) | grad=1.145 | tok/s=22,986 | tokens=3.09B
step= 94170 | loss=3.4252 | lr=3.00e-04 | wd=0.0383 | mom=0.9500 | T=6.0 k=3.5 (mu_rec=8 mu_bwd=4) | grad=1.250 | tok/s=23,686 | tokens=3.09B
step= 94180 | loss=2.8091 | lr=3.00e-04 | wd=0.0383 | mom=0.9500 | T=7.8 k=3.8 (mu_rec=8 mu_bwd=4) | grad=1.225 | tok/s=23,029 | tokens=3.09B
step= 94190 | loss=3.1179 | lr=3.00e-04 | wd=0.0383 | mom=0.9500 | T=8.0 k=3.2 (mu_rec=8 mu_bwd=4) | grad=1.004 | tok/s=24,704 | tokens=3.09B
step= 94200 | loss=3.1965 | lr=3.00e-04 | wd=0.0383 | mom=0.9500 | T=5.0 k=3.2 (mu_rec=8 mu_bwd=4) | grad=0.947 | tok/s=25,581 | tokens=3.09B
step= 94210 | loss=3.3711 | lr=3.00e-04 | wd=0.0383 | mom=0.9500 | T=7.0 k=3.5 (mu_rec=8 mu_bwd=4) | grad=1.145 | tok/s=22,255 | tokens=3.09B
step= 94220 | loss=3.1418 | lr=3.00e-04 | wd=0.0383 | mom=0.9500 | T=11.8 k=3.8 (mu_rec=8 mu_bwd=4) | grad=1.080 | tok/s=24,675 | tokens=3.09B
step= 94230 | loss=3.1047 | lr=3.00e-04 | wd=0.0382 | mom=0.9500 | T=11.5 k=4.0 (mu_rec=8 mu_bwd=4) | grad=1.524 | tok/s=23,675 | tokens=3.09B
step= 94240 | loss=3.1182 | lr=3.00e-04 | wd=0.0382 | mom=0.9500 | T=11.5 k=4.0 (mu_rec=8 mu_bwd=4) | grad=1.309 | tok/s=22,864 | tokens=3.09B
step= 94250 | loss=2.7202 | lr=3.00e-04 | wd=0.0382 | mom=0.9500 | T=8.8 k=4.0 (mu_rec=8 mu_bwd=4) | grad=0.979 | tok/s=24,397 | tokens=3.09B
step= 94260 | loss=2.9988 | lr=3.00e-04 | wd=0.0382 | mom=0.9500 | T=7.2 k=2.8 (mu_rec=8 mu_bwd=4) | grad=1.559 | tok/s=23,386 | tokens=3.09B
step= 94270 | loss=3.2019 | lr=3.00e-04 | wd=0.0382 | mom=0.9500 | T=7.0 k=3.8 (mu_rec=8 mu_bwd=4) | grad=1.658 | tok/s=23,972 | tokens=3.09B
step= 94280 | loss=3.2916 | lr=3.00e-04 | wd=0.0382 | mom=0.9500 | T=6.2 k=3.2 (mu_rec=8 mu_bwd=4) | grad=0.975 | tok/s=23,800 | tokens=3.09B
step= 94290 | loss=2.7977 | lr=3.00e-04 | wd=0.0382 | mom=0.9500 | T=4.5 k=3.5 (mu_rec=8 mu_bwd=4) | grad=1.668 | tok/s=23,586 | tokens=3.09B
step= 94300 | loss=3.3551 | lr=3.00e-04 | wd=0.0382 | mom=0.9500 | T=13.8 k=4.0 (mu_rec=8 mu_bwd=4) | grad=0.908 | tok/s=21,326 | tokens=3.09B
step= 94310 | loss=3.1164 | lr=3.00e-04 | wd=0.0382 | mom=0.9500 | T=9.5 k=4.0 (mu_rec=8 mu_bwd=4) | grad=0.937 | tok/s=21,922 | tokens=3.09B
step= 94320 | loss=3.1352 | lr=3.00e-04 | wd=0.0382 | mom=0.9500 | T=6.5 k=3.2 (mu_rec=8 mu_bwd=4) | grad=0.892 | tok/s=24,526 | tokens=3.09B
step= 94330 | loss=3.0442 | lr=3.00e-04 | wd=0.0382 | mom=0.9500 | T=14.5 k=4.0 (mu_rec=8 mu_bwd=4) | grad=1.139 | tok/s=22,800 | tokens=3.09B
step= 94340 | loss=3.0839 | lr=3.00e-04 | wd=0.0382 | mom=0.9500 | T=6.2 k=4.0 (mu_rec=8 mu_bwd=4) | grad=1.050 | tok/s=23,296 | tokens=3.09B
step= 94350 | loss=3.0734 | lr=3.00e-04 | wd=0.0382 | mom=0.9500 | T=6.0 k=4.0 (mu_rec=8 mu_bwd=4) | grad=1.685 | tok/s=23,964 | tokens=3.09B
step= 94360 | loss=2.9833 | lr=3.00e-04 | wd=0.0382 | mom=0.9500 | T=5.8 k=3.8 (mu_rec=8 mu_bwd=4) | grad=1.078 | tok/s=24,661 | tokens=3.09B
step= 94370 | loss=3.3004 | lr=3.00e-04 | wd=0.0382 | mom=0.9500 | T=3.5 k=1.8 (mu_rec=8 mu_bwd=4) | grad=0.998 | tok/s=26,698 | tokens=3.09B
step= 94380 | loss=3.0464 | lr=3.00e-04 | wd=0.0381 | mom=0.9500 | T=10.5 k=4.0 (mu_rec=8 mu_bwd=4) | grad=0.949 | tok/s=23,488 | tokens=3.09B
step= 94390 | loss=3.3581 | lr=3.00e-04 | wd=0.0381 | mom=0.9500 | T=4.0 k=3.8 (mu_rec=8 mu_bwd=4) | grad=0.986 | tok/s=25,265 | tokens=3.09B
step= 94400 | loss=3.0284 | lr=3.00e-04 | wd=0.0381 | mom=0.9500 | T=9.8 k=4.0 (mu_rec=8 mu_bwd=4) | grad=0.877 | tok/s=24,477 | tokens=3.09B
step= 94410 | loss=3.5135 | lr=3.00e-04 | wd=0.0381 | mom=0.9500 | T=8.2 k=4.0 (mu_rec=8 mu_bwd=4) | grad=0.948 | tok/s=23,759 | tokens=3.09B
step= 94420 | loss=3.2519 | lr=3.00e-04 | wd=0.0381 | mom=0.9500 | T=5.2 k=2.8 (mu_rec=8 mu_bwd=4) | grad=1.068 | tok/s=24,380 | tokens=3.09B
step= 94430 | loss=3.1998 | lr=3.00e-04 | wd=0.0381 | mom=0.9500 | T=9.2 k=4.0 (mu_rec=8 mu_bwd=4) | grad=1.142 | tok/s=22,825 | tokens=3.09B
step= 94440 | loss=3.0274 | lr=3.00e-04 | wd=0.0381 | mom=0.9500 | T=7.5 k=4.0 (mu_rec=8 mu_bwd=4) | grad=0.996 | tok/s=21,977 | tokens=3.09B
step= 94450 | loss=3.5150 | lr=3.00e-04 | wd=0.0381 | mom=0.9500 | T=9.8 k=4.0 (mu_rec=8 mu_bwd=4) | grad=1.072 | tok/s=22,588 | tokens=3.09B
step= 94460 | loss=3.2284 | lr=3.00e-04 | wd=0.0381 | mom=0.9500 | T=13.5 k=4.0 (mu_rec=8 mu_bwd=4) | grad=0.823 | tok/s=22,869 | tokens=3.10B
step= 94470 | loss=3.6192 | lr=3.00e-04 | wd=0.0381 | mom=0.9500 | T=9.5 k=4.0 (mu_rec=8 mu_bwd=4) | grad=1.060 | tok/s=23,431 | tokens=3.10B
step= 94480 | loss=3.5904 | lr=3.00e-04 | wd=0.0381 | mom=0.9500 | T=7.0 k=3.2 (mu_rec=8 mu_bwd=4) | grad=1.319 | tok/s=25,639 | tokens=3.10B
step= 94490 | loss=3.3369 | lr=3.00e-04 | wd=0.0381 | mom=0.9500 | T=18.0 k=4.0 (mu_rec=8 mu_bwd=4) | grad=1.209 | tok/s=22,279 | tokens=3.10B
step= 94500 | loss=3.2766 | lr=3.00e-04 | wd=0.0381 | mom=0.9500 | T=4.8 k=3.2 (mu_rec=8 mu_bwd=4) | grad=1.081 | tok/s=23,455 | tokens=3.10B
step= 94510 | loss=3.1465 | lr=3.00e-04 | wd=0.0381 | mom=0.9500 | T=7.2 k=4.0 (mu_rec=8 mu_bwd=4) | grad=1.347 | tok/s=10,467 | tokens=3.10B
step= 94520 | loss=2.9515 | lr=3.00e-04 | wd=0.0381 | mom=0.9500 | T=5.8 k=3.5 (mu_rec=8 mu_bwd=4) | grad=0.854 | tok/s=23,205 | tokens=3.10B
step= 94530 | loss=2.7708 | lr=3.00e-04 | wd=0.0380 | mom=0.9500 | T=8.5 k=4.0 (mu_rec=8 mu_bwd=4) | grad=1.023 | tok/s=25,456 | tokens=3.10B
step= 94540 | loss=3.1180 | lr=3.00e-04 | wd=0.0380 | mom=0.9500 | T=10.8 k=4.0 (mu_rec=8 mu_bwd=4) | grad=1.249 | tok/s=24,903 | tokens=3.10B
step= 94550 | loss=3.0669 | lr=3.00e-04 | wd=0.0380 | mom=0.9500 | T=7.8 k=4.0 (mu_rec=8 mu_bwd=4) | grad=1.090 | tok/s=24,034 | tokens=3.10B
step= 94560 | loss=3.3294 | lr=3.00e-04 | wd=0.0380 | mom=0.9500 | T=6.8 k=4.0 (mu_rec=8 mu_bwd=4) | grad=1.213 | tok/s=23,657 | tokens=3.10B
step= 94570 | loss=3.5396 | lr=3.00e-04 | wd=0.0380 | mom=0.9500 | T=5.2 k=4.0 (mu_rec=8 mu_bwd=4) | grad=1.163 | tok/s=24,225 | tokens=3.10B
step= 94580 | loss=3.0486 | lr=3.00e-04 | wd=0.0380 | mom=0.9500 | T=8.5 k=3.8 (mu_rec=8 mu_bwd=4) | grad=1.335 | tok/s=25,344 | tokens=3.10B
step= 94590 | loss=3.1688 | lr=3.00e-04 | wd=0.0380 | mom=0.9500 | T=7.0 k=3.8 (mu_rec=8 mu_bwd=4) | grad=1.006 | tok/s=23,532 | tokens=3.10B
step= 94600 | loss=2.8931 | lr=3.00e-04 | wd=0.0380 | mom=0.9500 | T=11.5 k=4.0 (mu_rec=8 mu_bwd=4) | grad=1.003 | tok/s=25,351 | tokens=3.10B
step= 94610 | loss=3.0145 | lr=3.00e-04 | wd=0.0380 | mom=0.9500 | T=7.8 k=4.0 (mu_rec=8 mu_bwd=4) | grad=1.174 | tok/s=9,756 | tokens=3.10B
step= 94620 | loss=3.6378 | lr=3.00e-04 | wd=0.0380 | mom=0.9500 | T=9.5 k=4.0 (mu_rec=8 mu_bwd=4) | grad=0.972 | tok/s=22,800 | tokens=3.10B
step= 94630 | loss=2.9811 | lr=3.00e-04 | wd=0.0380 | mom=0.9500 | T=4.5 k=2.5 (mu_rec=8 mu_bwd=4) | grad=0.855 | tok/s=24,737 | tokens=3.10B
step= 94640 | loss=3.0569 | lr=3.00e-04 | wd=0.0380 | mom=0.9500 | T=15.2 k=4.0 (mu_rec=8 mu_bwd=4) | grad=0.782 | tok/s=23,530 | tokens=3.10B
step= 94650 | loss=3.2676 | lr=3.00e-04 | wd=0.0380 | mom=0.9500 | T=10.2 k=4.0 (mu_rec=8 mu_bwd=4) | grad=0.805 | tok/s=22,680 | tokens=3.10B
step= 94660 | loss=3.1801 | lr=3.00e-04 | wd=0.0380 | mom=0.9500 | T=4.8 k=2.8 (mu_rec=8 mu_bwd=4) | grad=1.055 | tok/s=24,034 | tokens=3.10B
step= 94670 | loss=3.1977 | lr=3.00e-04 | wd=0.0380 | mom=0.9500 | T=10.8 k=4.0 (mu_rec=8 mu_bwd=4) | grad=1.114 | tok/s=23,914 | tokens=3.10B
step= 94680 | loss=3.0434 | lr=3.00e-04 | wd=0.0380 | mom=0.9500 | T=5.2 k=3.5 (mu_rec=8 mu_bwd=4) | grad=1.136 | tok/s=23,460 | tokens=3.10B
step= 94690 | loss=2.9620 | lr=3.00e-04 | wd=0.0379 | mom=0.9500 | T=8.2 k=4.0 (mu_rec=8 mu_bwd=4) | grad=1.375 | tok/s=23,200 | tokens=3.10B
step= 94700 | loss=3.1952 | lr=3.00e-04 | wd=0.0379 | mom=0.9500 | T=13.0 k=4.0 (mu_rec=8 mu_bwd=4) | grad=1.104 | tok/s=21,722 | tokens=3.10B
step= 94710 | loss=3.1264 | lr=3.00e-04 | wd=0.0379 | mom=0.9500 | T=6.5 k=3.2 (mu_rec=8 mu_bwd=4) | grad=1.599 | tok/s=22,883 | tokens=3.10B
step= 94720 | loss=3.5072 | lr=3.00e-04 | wd=0.0379 | mom=0.9500 | T=6.8 k=3.0 (mu_rec=8 mu_bwd=4) | grad=1.109 | tok/s=25,299 | tokens=3.10B
step= 94730 | loss=3.1827 | lr=3.00e-04 | wd=0.0379 | mom=0.9500 | T=19.2 k=4.0 (mu_rec=8 mu_bwd=4) | grad=0.836 | tok/s=23,119 | tokens=3.10B
step= 94740 | loss=3.2147 | lr=3.00e-04 | wd=0.0379 | mom=0.9500 | T=3.5 k=2.8 (mu_rec=8 mu_bwd=4) | grad=1.064 | tok/s=25,095 | tokens=3.10B
step= 94750 | loss=2.9890 | lr=3.00e-04 | wd=0.0379 | mom=0.9500 | T=12.2 k=4.0 (mu_rec=8 mu_bwd=4) | grad=0.849 | tok/s=21,213 | tokens=3.10B
step= 94760 | loss=3.1302 | lr=3.00e-04 | wd=0.0379 | mom=0.9500 | T=9.5 k=3.5 (mu_rec=8 mu_bwd=4) | grad=0.904 | tok/s=23,990 | tokens=3.11B
step= 94770 | loss=2.9541 | lr=3.00e-04 | wd=0.0379 | mom=0.9500 | T=7.5 k=3.5 (mu_rec=8 mu_bwd=4) | grad=0.860 | tok/s=22,702 | tokens=3.11B
step= 94780 | loss=2.8906 | lr=3.00e-04 | wd=0.0379 | mom=0.9500 | T=6.0 k=3.8 (mu_rec=8 mu_bwd=4) | grad=1.089 | tok/s=24,626 | tokens=3.11B
step= 94790 | loss=2.9581 | lr=3.00e-04 | wd=0.0379 | mom=0.9500 | T=13.2 k=4.0 (mu_rec=8 mu_bwd=4) | grad=1.369 | tok/s=24,087 | tokens=3.11B
step= 94800 | loss=3.3287 | lr=3.00e-04 | wd=0.0379 | mom=0.9500 | T=6.0 k=3.5 (mu_rec=8 mu_bwd=4) | grad=1.664 | tok/s=23,667 | tokens=3.11B
step= 94810 | loss=3.5087 | lr=3.00e-04 | wd=0.0379 | mom=0.9500 | T=6.2 k=3.8 (mu_rec=8 mu_bwd=4) | grad=1.415 | tok/s=21,997 | tokens=3.11B
step= 94820 | loss=3.3520 | lr=3.00e-04 | wd=0.0379 | mom=0.9500 | T=3.0 k=3.0 (mu_rec=8 mu_bwd=4) | grad=1.092 | tok/s=26,331 | tokens=3.11B
step= 94830 | loss=3.0401 | lr=3.00e-04 | wd=0.0379 | mom=0.9500 | T=5.5 k=3.8 (mu_rec=8 mu_bwd=4) | grad=0.975 | tok/s=24,837 | tokens=3.11B
step= 94840 | loss=3.0421 | lr=3.00e-04 | wd=0.0378 | mom=0.9500 | T=6.5 k=3.2 (mu_rec=8 mu_bwd=4) | grad=0.928 | tok/s=25,787 | tokens=3.11B
step= 94850 | loss=3.0862 | lr=3.00e-04 | wd=0.0378 | mom=0.9500 | T=8.5 k=4.0 (mu_rec=8 mu_bwd=4) | grad=1.075 | tok/s=21,871 | tokens=3.11B
step= 94860 | loss=3.1428 | lr=3.00e-04 | wd=0.0378 | mom=0.9500 | T=8.0 k=4.0 (mu_rec=8 mu_bwd=4) | grad=0.946 | tok/s=22,499 | tokens=3.11B
step= 94870 | loss=3.3028 | lr=3.00e-04 | wd=0.0378 | mom=0.9500 | T=10.8 k=4.0 (mu_rec=8 mu_bwd=4) | grad=1.370 | tok/s=25,576 | tokens=3.11B
step= 94880 | loss=3.0347 | lr=3.00e-04 | wd=0.0378 | mom=0.9500 | T=6.5 k=3.2 (mu_rec=8 mu_bwd=4) | grad=1.752 | tok/s=24,650 | tokens=3.11B
step= 94890 | loss=2.9331 | lr=3.00e-04 | wd=0.0378 | mom=0.9500 | T=7.0 k=3.8 (mu_rec=8 mu_bwd=4) | grad=1.366 | tok/s=22,709 | tokens=3.11B
step= 94900 | loss=3.2080 | lr=3.00e-04 | wd=0.0378 | mom=0.9500 | T=8.8 k=3.5 (mu_rec=8 mu_bwd=4) | grad=1.499 | tok/s=23,600 | tokens=3.11B
step= 94910 | loss=3.2592 | lr=3.00e-04 | wd=0.0378 | mom=0.9500 | T=5.0 k=2.8 (mu_rec=8 mu_bwd=4) | grad=1.357 | tok/s=24,752 | tokens=3.11B
step= 94920 | loss=2.7354 | lr=3.00e-04 | wd=0.0378 | mom=0.9500 | T=5.5 k=3.5 (mu_rec=8 mu_bwd=4) | grad=4.284 | tok/s=22,219 | tokens=3.11B
step= 94930 | loss=2.6790 | lr=3.00e-04 | wd=0.0378 | mom=0.9500 | T=7.2 k=3.5 (mu_rec=8 mu_bwd=4) | grad=1.459 | tok/s=24,318 | tokens=3.11B
step= 94940 | loss=2.9993 | lr=3.00e-04 | wd=0.0378 | mom=0.9500 | T=6.2 k=3.8 (mu_rec=8 mu_bwd=4) | grad=1.153 | tok/s=23,211 | tokens=3.11B
step= 94950 | loss=3.1863 | lr=3.00e-04 | wd=0.0378 | mom=0.9500 | T=10.2 k=4.0 (mu_rec=8 mu_bwd=4) | grad=1.194 | tok/s=22,086 | tokens=3.11B
step= 94960 | loss=3.5112 | lr=3.00e-04 | wd=0.0378 | mom=0.9500 | T=13.0 k=3.8 (mu_rec=8 mu_bwd=4) | grad=0.946 | tok/s=24,232 | tokens=3.11B
step= 94970 | loss=3.5475 | lr=3.00e-04 | wd=0.0378 | mom=0.9500 | T=6.5 k=3.2 (mu_rec=8 mu_bwd=4) | grad=1.193 | tok/s=23,638 | tokens=3.11B
step= 94980 | loss=3.2573 | lr=3.00e-04 | wd=0.0378 | mom=0.9500 | T=15.5 k=4.0 (mu_rec=8 mu_bwd=4) | grad=0.801 | tok/s=21,881 | tokens=3.11B
step= 94990 | loss=3.0859 | lr=3.00e-04 | wd=0.0377 | mom=0.9500 | T=13.0 k=4.0 (mu_rec=8 mu_bwd=4) | grad=1.229 | tok/s=24,128 | tokens=3.11B
step= 95000 | loss=3.2142 | lr=3.00e-04 | wd=0.0377 | mom=0.9500 | T=7.2 k=4.0 (mu_rec=8 mu_bwd=4) | grad=0.928 | tok/s=24,622 | tokens=3.11B
step= 95010 | loss=3.5381 | lr=3.00e-04 | wd=0.0377 | mom=0.9500 | T=13.2 k=4.0 (mu_rec=8 mu_bwd=4) | grad=3.774 | tok/s=23,343 | tokens=3.11B
step= 95020 | loss=3.4559 | lr=3.00e-04 | wd=0.0377 | mom=0.9500 | T=10.2 k=3.8 (mu_rec=8 mu_bwd=4) | grad=1.751 | tok/s=24,640 | tokens=3.11B
step= 95030 | loss=3.0847 | lr=3.00e-04 | wd=0.0377 | mom=0.9500 | T=9.2 k=3.5 (mu_rec=8 mu_bwd=4) | grad=1.202 | tok/s=22,378 | tokens=3.11B
step= 95040 | loss=3.1675 | lr=3.00e-04 | wd=0.0377 | mom=0.9500 | T=9.0 k=3.5 (mu_rec=8 mu_bwd=4) | grad=1.235 | tok/s=23,611 | tokens=3.11B
step= 95050 | loss=3.4297 | lr=3.00e-04 | wd=0.0377 | mom=0.9500 | T=4.8 k=3.8 (mu_rec=8 mu_bwd=4) | grad=1.319 | tok/s=24,718 | tokens=3.11B
step= 95060 | loss=3.1428 | lr=3.00e-04 | wd=0.0377 | mom=0.9500 | T=5.2 k=3.5 (mu_rec=8 mu_bwd=4) | grad=0.877 | tok/s=24,272 | tokens=3.11B
step= 95070 | loss=2.9791 | lr=3.00e-04 | wd=0.0377 | mom=0.9500 | T=4.5 k=3.5 (mu_rec=8 mu_bwd=4) | grad=1.035 | tok/s=22,604 | tokens=3.12B
step= 95080 | loss=3.1429 | lr=3.00e-04 | wd=0.0377 | mom=0.9500 | T=15.5 k=4.0 (mu_rec=8 mu_bwd=4) | grad=0.842 | tok/s=22,828 | tokens=3.12B
step= 95090 | loss=3.1582 | lr=3.00e-04 | wd=0.0377 | mom=0.9500 | T=8.5 k=4.0 (mu_rec=8 mu_bwd=4) | grad=0.845 | tok/s=22,906 | tokens=3.12B
step= 95100 | loss=2.8631 | lr=3.00e-04 | wd=0.0377 | mom=0.9500 | T=9.0 k=4.0 (mu_rec=8 mu_bwd=4) | grad=1.049 | tok/s=23,814 | tokens=3.12B
step= 95110 | loss=2.8829 | lr=3.00e-04 | wd=0.0377 | mom=0.9500 | T=11.2 k=4.0 (mu_rec=8 mu_bwd=4) | grad=1.189 | tok/s=22,948 | tokens=3.12B
step= 95120 | loss=3.4564 | lr=3.00e-04 | wd=0.0377 | mom=0.9500 | T=9.8 k=3.2 (mu_rec=8 mu_bwd=4) | grad=1.372 | tok/s=24,280 | tokens=3.12B
step= 95130 | loss=3.1598 | lr=3.00e-04 | wd=0.0377 | mom=0.9500 | T=9.8 k=3.5 (mu_rec=8 mu_bwd=4) | grad=0.936 | tok/s=23,701 | tokens=3.12B
step= 95140 | loss=3.2465 | lr=3.00e-04 | wd=0.0376 | mom=0.9500 | T=6.2 k=4.0 (mu_rec=8 mu_bwd=4) | grad=1.020 | tok/s=23,797 | tokens=3.12B
step= 95150 | loss=2.9447 | lr=3.00e-04 | wd=0.0376 | mom=0.9500 | T=10.0 k=4.0 (mu_rec=8 mu_bwd=4) | grad=2.460 | tok/s=23,750 | tokens=3.12B
step= 95160 | loss=3.1790 | lr=3.00e-04 | wd=0.0376 | mom=0.9500 | T=6.5 k=4.0 (mu_rec=8 mu_bwd=4) | grad=0.939 | tok/s=23,964 | tokens=3.12B
step= 95170 | loss=3.2673 | lr=3.00e-04 | wd=0.0376 | mom=0.9500 | T=8.2 k=4.0 (mu_rec=8 mu_bwd=4) | grad=0.990 | tok/s=22,638 | tokens=3.12B
step= 95180 | loss=3.5198 | lr=3.00e-04 | wd=0.0376 | mom=0.9500 | T=9.8 k=3.5 (mu_rec=8 mu_bwd=4) | grad=1.945 | tok/s=24,193 | tokens=3.12B
step= 95190 | loss=3.5695 | lr=3.00e-04 | wd=0.0376 | mom=0.9500 | T=9.8 k=3.2 (mu_rec=8 mu_bwd=4) | grad=0.925 | tok/s=24,818 | tokens=3.12B
step= 95200 | loss=3.3241 | lr=3.00e-04 | wd=0.0376 | mom=0.9500 | T=5.5 k=4.0 (mu_rec=8 mu_bwd=4) | grad=1.158 | tok/s=24,352 | tokens=3.12B
step= 95210 | loss=3.4772 | lr=3.00e-04 | wd=0.0376 | mom=0.9500 | T=6.2 k=3.8 (mu_rec=8 mu_bwd=4) | grad=2.693 | tok/s=24,164 | tokens=3.12B
step= 95220 | loss=3.1764 | lr=3.00e-04 | wd=0.0376 | mom=0.9500 | T=8.2 k=3.8 (mu_rec=8 mu_bwd=4) | grad=1.064 | tok/s=22,941 | tokens=3.12B
step= 95230 | loss=3.0821 | lr=3.00e-04 | wd=0.0376 | mom=0.9500 | T=4.8 k=3.2 (mu_rec=8 mu_bwd=4) | grad=1.206 | tok/s=24,326 | tokens=3.12B
step= 95240 | loss=3.2071 | lr=3.00e-04 | wd=0.0376 | mom=0.9500 | T=3.5 k=2.8 (mu_rec=8 mu_bwd=4) | grad=1.249 | tok/s=24,182 | tokens=3.12B
step= 95250 | loss=3.3105 | lr=3.00e-04 | wd=0.0376 | mom=0.9500 | T=6.2 k=4.0 (mu_rec=8 mu_bwd=4) | grad=1.755 | tok/s=23,647 | tokens=3.12B
step= 95260 | loss=3.1533 | lr=3.00e-04 | wd=0.0376 | mom=0.9500 | T=11.8 k=3.2 (mu_rec=8 mu_bwd=4) | grad=1.195 | tok/s=24,306 | tokens=3.12B
step= 95270 | loss=3.7414 | lr=3.00e-04 | wd=0.0376 | mom=0.9500 | T=7.5 k=4.0 (mu_rec=8 mu_bwd=4) | grad=2.659 | tok/s=25,498 | tokens=3.12B
step= 95280 | loss=3.1871 | lr=3.00e-04 | wd=0.0376 | mom=0.9500 | T=7.2 k=3.5 (mu_rec=8 mu_bwd=4) | grad=1.237 | tok/s=21,998 | tokens=3.12B
step= 95290 | loss=3.0760 | lr=3.00e-04 | wd=0.0376 | mom=0.9500 | T=5.0 k=4.0 (mu_rec=8 mu_bwd=4) | grad=1.362 | tok/s=24,561 | tokens=3.12B
step= 95300 | loss=3.1306 | lr=3.00e-04 | wd=0.0375 | mom=0.9500 | T=8.0 k=4.0 (mu_rec=8 mu_bwd=4) | grad=1.083 | tok/s=24,267 | tokens=3.12B
step= 95310 | loss=3.2247 | lr=3.00e-04 | wd=0.0375 | mom=0.9500 | T=8.0 k=3.5 (mu_rec=8 mu_bwd=4) | grad=1.593 | tok/s=22,322 | tokens=3.12B
step= 95320 | loss=3.2368 | lr=3.00e-04 | wd=0.0375 | mom=0.9500 | T=9.8 k=4.0 (mu_rec=8 mu_bwd=4) | grad=1.462 | tok/s=22,903 | tokens=3.12B
step= 95330 | loss=3.4125 | lr=3.00e-04 | wd=0.0375 | mom=0.9500 | T=10.0 k=4.0 (mu_rec=8 mu_bwd=4) | grad=1.321 | tok/s=23,925 | tokens=3.12B
step= 95340 | loss=3.5126 | lr=3.00e-04 | wd=0.0375 | mom=0.9500 | T=13.2 k=4.0 (mu_rec=8 mu_bwd=4) | grad=1.129 | tok/s=22,384 | tokens=3.12B
step= 95350 | loss=2.9465 | lr=3.00e-04 | wd=0.0375 | mom=0.9500 | T=7.2 k=3.8 (mu_rec=8 mu_bwd=4) | grad=1.109 | tok/s=22,828 | tokens=3.12B
step= 95360 | loss=3.2455 | lr=3.00e-04 | wd=0.0375 | mom=0.9500 | T=6.5 k=3.8 (mu_rec=8 mu_bwd=4) | grad=0.761 | tok/s=25,045 | tokens=3.12B
step= 95370 | loss=3.3093 | lr=3.00e-04 | wd=0.0375 | mom=0.9500 | T=5.5 k=3.5 (mu_rec=8 mu_bwd=4) | grad=1.211 | tok/s=22,837 | tokens=3.13B
step= 95380 | loss=3.1574 | lr=3.00e-04 | wd=0.0375 | mom=0.9500 | T=8.0 k=3.2 (mu_rec=8 mu_bwd=4) | grad=1.045 | tok/s=24,516 | tokens=3.13B
step= 95390 | loss=3.2327 | lr=3.00e-04 | wd=0.0375 | mom=0.9500 | T=6.8 k=3.8 (mu_rec=8 mu_bwd=4) | grad=0.827 | tok/s=10,407 | tokens=3.13B
step= 95400 | loss=3.1091 | lr=3.00e-04 | wd=0.0375 | mom=0.9500 | T=9.0 k=4.0 (mu_rec=8 mu_bwd=4) | grad=0.728 | tok/s=23,611 | tokens=3.13B
step= 95410 | loss=2.9771 | lr=3.00e-04 | wd=0.0375 | mom=0.9500 | T=9.0 k=4.0 (mu_rec=8 mu_bwd=4) | grad=1.804 | tok/s=23,589 | tokens=3.13B
step= 95420 | loss=3.0632 | lr=3.00e-04 | wd=0.0375 | mom=0.9500 | T=8.8 k=4.0 (mu_rec=8 mu_bwd=4) | grad=1.148 | tok/s=24,354 | tokens=3.13B
step= 95430 | loss=3.0485 | lr=3.00e-04 | wd=0.0375 | mom=0.9500 | T=8.0 k=3.5 (mu_rec=8 mu_bwd=4) | grad=2.494 | tok/s=23,735 | tokens=3.13B
step= 95440 | loss=2.9426 | lr=3.00e-04 | wd=0.0375 | mom=0.9500 | T=4.8 k=3.2 (mu_rec=8 mu_bwd=4) | grad=1.488 | tok/s=24,224 | tokens=3.13B
step= 95450 | loss=3.3838 | lr=3.00e-04 | wd=0.0374 | mom=0.9500 | T=8.5 k=3.5 (mu_rec=8 mu_bwd=4) | grad=1.380 | tok/s=23,641 | tokens=3.13B
step= 95460 | loss=3.0708 | lr=3.00e-04 | wd=0.0374 | mom=0.9500 | T=11.5 k=4.0 (mu_rec=8 mu_bwd=4) | grad=1.050 | tok/s=23,891 | tokens=3.13B
step= 95470 | loss=3.1612 | lr=3.00e-04 | wd=0.0374 | mom=0.9500 | T=6.8 k=4.0 (mu_rec=8 mu_bwd=4) | grad=0.899 | tok/s=24,465 | tokens=3.13B
step= 95480 | loss=3.0571 | lr=3.00e-04 | wd=0.0374 | mom=0.9500 | T=5.8 k=4.0 (mu_rec=8 mu_bwd=4) | grad=0.930 | tok/s=23,574 | tokens=3.13B
step= 95490 | loss=2.7049 | lr=3.00e-04 | wd=0.0374 | mom=0.9500 | T=8.5 k=4.0 (mu_rec=8 mu_bwd=4) | grad=0.957 | tok/s=22,363 | tokens=3.13B
step= 95500 | loss=3.2757 | lr=3.00e-04 | wd=0.0374 | mom=0.9500 | T=9.5 k=3.5 (mu_rec=8 mu_bwd=4) | grad=1.154 | tok/s=22,875 | tokens=3.13B
step= 95510 | loss=2.9253 | lr=3.00e-04 | wd=0.0374 | mom=0.9500 | T=6.0 k=3.5 (mu_rec=8 mu_bwd=4) | grad=1.027 | tok/s=23,943 | tokens=3.13B
step= 95520 | loss=2.9861 | lr=3.00e-04 | wd=0.0374 | mom=0.9500 | T=8.8 k=3.5 (mu_rec=8 mu_bwd=4) | grad=1.282 | tok/s=24,407 | tokens=3.13B
step= 95530 | loss=3.0761 | lr=3.00e-04 | wd=0.0374 | mom=0.9500 | T=6.8 k=3.2 (mu_rec=8 mu_bwd=4) | grad=0.902 | tok/s=10,903 | tokens=3.13B
step= 95540 | loss=3.1490 | lr=3.00e-04 | wd=0.0374 | mom=0.9500 | T=7.8 k=4.0 (mu_rec=8 mu_bwd=4) | grad=0.992 | tok/s=22,964 | tokens=3.13B
step= 95550 | loss=3.3002 | lr=3.00e-04 | wd=0.0374 | mom=0.9500 | T=7.2 k=3.5 (mu_rec=8 mu_bwd=4) | grad=1.029 | tok/s=23,626 | tokens=3.13B
step= 95560 | loss=3.2685 | lr=3.00e-04 | wd=0.0374 | mom=0.9500 | T=6.0 k=3.0 (mu_rec=8 mu_bwd=4) | grad=0.980 | tok/s=23,974 | tokens=3.13B
step= 95570 | loss=3.0705 | lr=3.00e-04 | wd=0.0374 | mom=0.9500 | T=7.8 k=3.8 (mu_rec=8 mu_bwd=4) | grad=0.938 | tok/s=21,445 | tokens=3.13B
step= 95580 | loss=3.0443 | lr=3.00e-04 | wd=0.0374 | mom=0.9500 | T=8.8 k=4.0 (mu_rec=8 mu_bwd=4) | grad=8.165 | tok/s=22,993 | tokens=3.13B
step= 95590 | loss=3.1877 | lr=3.00e-04 | wd=0.0374 | mom=0.9500 | T=6.0 k=3.2 (mu_rec=8 mu_bwd=4) | grad=1.016 | tok/s=24,892 | tokens=3.13B
step= 95600 | loss=3.7258 | lr=3.00e-04 | wd=0.0373 | mom=0.9500 | T=7.0 k=3.2 (mu_rec=8 mu_bwd=4) | grad=1.142 | tok/s=22,965 | tokens=3.13B
step= 95610 | loss=3.2900 | lr=3.00e-04 | wd=0.0373 | mom=0.9500 | T=10.0 k=4.0 (mu_rec=8 mu_bwd=4) | grad=1.195 | tok/s=24,882 | tokens=3.13B
step= 95620 | loss=3.2265 | lr=3.00e-04 | wd=0.0373 | mom=0.9500 | T=6.2 k=3.8 (mu_rec=8 mu_bwd=4) | grad=1.257 | tok/s=23,771 | tokens=3.13B
step= 95630 | loss=3.2528 | lr=3.00e-04 | wd=0.0373 | mom=0.9500 | T=6.0 k=3.8 (mu_rec=8 mu_bwd=4) | grad=1.211 | tok/s=23,127 | tokens=3.13B
step= 95640 | loss=3.0962 | lr=3.00e-04 | wd=0.0373 | mom=0.9500 | T=8.2 k=4.0 (mu_rec=8 mu_bwd=4) | grad=1.032 | tok/s=23,251 | tokens=3.13B
step= 95650 | loss=3.1851 | lr=3.00e-04 | wd=0.0373 | mom=0.9500 | T=13.0 k=4.0 (mu_rec=8 mu_bwd=4) | grad=0.853 | tok/s=22,463 | tokens=3.13B
step= 95660 | loss=3.0537 | lr=3.00e-04 | wd=0.0373 | mom=0.9500 | T=9.0 k=4.0 (mu_rec=8 mu_bwd=4) | grad=0.901 | tok/s=22,385 | tokens=3.13B
step= 95670 | loss=3.2386 | lr=3.00e-04 | wd=0.0373 | mom=0.9500 | T=13.5 k=4.0 (mu_rec=8 mu_bwd=4) | grad=0.829 | tok/s=22,735 | tokens=3.13B
step= 95680 | loss=2.9935 | lr=3.00e-04 | wd=0.0373 | mom=0.9500 | T=13.5 k=4.0 (mu_rec=8 mu_bwd=4) | grad=0.829 | tok/s=23,431 | tokens=3.14B
step= 95690 | loss=3.0325 | lr=3.00e-04 | wd=0.0373 | mom=0.9500 | T=4.0 k=3.2 (mu_rec=8 mu_bwd=4) | grad=0.941 | tok/s=23,146 | tokens=3.14B
step= 95700 | loss=3.0456 | lr=3.00e-04 | wd=0.0373 | mom=0.9500 | T=8.0 k=4.0 (mu_rec=8 mu_bwd=4) | grad=1.162 | tok/s=22,616 | tokens=3.14B
step= 95710 | loss=3.0595 | lr=3.00e-04 | wd=0.0373 | mom=0.9500 | T=9.0 k=4.0 (mu_rec=8 mu_bwd=4) | grad=1.309 | tok/s=23,247 | tokens=3.14B
step= 95720 | loss=3.4820 | lr=3.00e-04 | wd=0.0373 | mom=0.9500 | T=4.0 k=3.5 (mu_rec=8 mu_bwd=4) | grad=1.600 | tok/s=23,490 | tokens=3.14B
step= 95730 | loss=3.3853 | lr=3.00e-04 | wd=0.0373 | mom=0.9500 | T=4.0 k=3.5 (mu_rec=8 mu_bwd=4) | grad=0.989 | tok/s=23,831 | tokens=3.14B
step= 95740 | loss=3.3912 | lr=3.00e-04 | wd=0.0373 | mom=0.9500 | T=5.0 k=3.5 (mu_rec=8 mu_bwd=4) | grad=0.898 | tok/s=25,021 | tokens=3.14B
step= 95750 | loss=3.1206 | lr=3.00e-04 | wd=0.0372 | mom=0.9500 | T=5.8 k=3.8 (mu_rec=8 mu_bwd=4) | grad=0.858 | tok/s=23,859 | tokens=3.14B
step= 95760 | loss=3.4521 | lr=3.00e-04 | wd=0.0372 | mom=0.9500 | T=6.2 k=3.8 (mu_rec=8 mu_bwd=4) | grad=0.918 | tok/s=24,598 | tokens=3.14B
step= 95770 | loss=3.0700 | lr=3.00e-04 | wd=0.0372 | mom=0.9500 | T=8.0 k=3.2 (mu_rec=8 mu_bwd=4) | grad=1.418 | tok/s=23,318 | tokens=3.14B
step= 95780 | loss=3.1994 | lr=3.00e-04 | wd=0.0372 | mom=0.9500 | T=12.8 k=3.2 (mu_rec=8 mu_bwd=4) | grad=1.173 | tok/s=22,851 | tokens=3.14B
step= 95790 | loss=3.0811 | lr=3.00e-04 | wd=0.0372 | mom=0.9500 | T=6.0 k=3.5 (mu_rec=8 mu_bwd=4) | grad=0.850 | tok/s=23,517 | tokens=3.14B
step= 95800 | loss=3.1081 | lr=3.00e-04 | wd=0.0372 | mom=0.9500 | T=5.0 k=3.0 (mu_rec=8 mu_bwd=4) | grad=1.057 | tok/s=23,673 | tokens=3.14B
step= 95810 | loss=3.1283 | lr=3.00e-04 | wd=0.0372 | mom=0.9500 | T=3.8 k=3.0 (mu_rec=8 mu_bwd=4) | grad=1.125 | tok/s=23,439 | tokens=3.14B
step= 95820 | loss=3.2198 | lr=3.00e-04 | wd=0.0372 | mom=0.9500 | T=11.5 k=3.5 (mu_rec=8 mu_bwd=4) | grad=1.220 | tok/s=22,168 | tokens=3.14B
step= 95830 | loss=3.2330 | lr=3.00e-04 | wd=0.0372 | mom=0.9500 | T=6.8 k=3.8 (mu_rec=8 mu_bwd=4) | grad=1.041 | tok/s=22,187 | tokens=3.14B
step= 95840 | loss=3.4294 | lr=3.00e-04 | wd=0.0372 | mom=0.9500 | T=5.5 k=3.8 (mu_rec=8 mu_bwd=4) | grad=1.569 | tok/s=24,351 | tokens=3.14B
step= 95850 | loss=3.2903 | lr=3.00e-04 | wd=0.0372 | mom=0.9500 | T=12.0 k=4.0 (mu_rec=8 mu_bwd=4) | grad=2.497 | tok/s=23,652 | tokens=3.14B
step= 95860 | loss=3.1492 | lr=3.00e-04 | wd=0.0372 | mom=0.9500 | T=11.2 k=4.0 (mu_rec=8 mu_bwd=4) | grad=1.089 | tok/s=22,421 | tokens=3.14B
step= 95870 | loss=3.0632 | lr=3.00e-04 | wd=0.0372 | mom=0.9500 | T=9.0 k=4.0 (mu_rec=8 mu_bwd=4) | grad=1.364 | tok/s=23,963 | tokens=3.14B
step= 95880 | loss=3.0507 | lr=3.00e-04 | wd=0.0372 | mom=0.9500 | T=10.2 k=4.0 (mu_rec=8 mu_bwd=4) | grad=1.010 | tok/s=23,248 | tokens=3.14B
step= 95890 | loss=3.0264 | lr=3.00e-04 | wd=0.0372 | mom=0.9500 | T=11.0 k=4.0 (mu_rec=8 mu_bwd=4) | grad=0.880 | tok/s=22,654 | tokens=3.14B
step= 95900 | loss=3.0577 | lr=3.00e-04 | wd=0.0372 | mom=0.9500 | T=7.5 k=3.0 (mu_rec=8 mu_bwd=4) | grad=1.032 | tok/s=23,730 | tokens=3.14B
step= 95910 | loss=3.1807 | lr=3.00e-04 | wd=0.0371 | mom=0.9500 | T=7.2 k=3.8 (mu_rec=8 mu_bwd=4) | grad=1.158 | tok/s=24,376 | tokens=3.14B
step= 95920 | loss=3.3211 | lr=3.00e-04 | wd=0.0371 | mom=0.9500 | T=7.0 k=3.8 (mu_rec=8 mu_bwd=4) | grad=0.818 | tok/s=24,537 | tokens=3.14B
step= 95930 | loss=3.1700 | lr=3.00e-04 | wd=0.0371 | mom=0.9500 | T=6.2 k=4.0 (mu_rec=8 mu_bwd=4) | grad=1.158 | tok/s=23,228 | tokens=3.14B
step= 95940 | loss=3.2232 | lr=3.00e-04 | wd=0.0371 | mom=0.9500 | T=5.8 k=3.8 (mu_rec=8 mu_bwd=4) | grad=1.186 | tok/s=22,738 | tokens=3.14B
step= 95950 | loss=3.2787 | lr=3.00e-04 | wd=0.0371 | mom=0.9500 | T=6.2 k=4.0 (mu_rec=8 mu_bwd=4) | grad=1.174 | tok/s=23,435 | tokens=3.14B
step= 95960 | loss=2.6297 | lr=3.00e-04 | wd=0.0371 | mom=0.9500 | T=3.8 k=3.0 (mu_rec=8 mu_bwd=4) | grad=1.040 | tok/s=22,647 | tokens=3.14B
step= 95970 | loss=3.2776 | lr=3.00e-04 | wd=0.0371 | mom=0.9500 | T=8.8 k=3.2 (mu_rec=8 mu_bwd=4) | grad=0.973 | tok/s=25,210 | tokens=3.14B
step= 95980 | loss=3.6086 | lr=3.00e-04 | wd=0.0371 | mom=0.9500 | T=7.8 k=4.0 (mu_rec=8 mu_bwd=4) | grad=0.954 | tok/s=23,087 | tokens=3.15B
step= 95990 | loss=3.2563 | lr=3.00e-04 | wd=0.0371 | mom=0.9500 | T=5.8 k=3.2 (mu_rec=8 mu_bwd=4) | grad=1.016 | tok/s=22,293 | tokens=3.15B
step= 96000 | loss=3.0790 | lr=3.00e-04 | wd=0.0371 | mom=0.9500 | T=6.2 k=4.0 (mu_rec=8 mu_bwd=4) | grad=0.940 | tok/s=24,528 | tokens=3.15B
[step 96000] Saved -> runs/cortex-5b-k4/checkpoint_0096000
[step 96000] Pruned -> runs/cortex-5b-k4/checkpoint_0090000
step= 96010 | loss=3.1788 | lr=3.00e-04 | wd=0.0371 | mom=0.9500 | T=11.0 k=4.0 (mu_rec=8 mu_bwd=4) | grad=0.990 | tok/s=11,408 | tokens=3.15B
step= 96020 | loss=3.3800 | lr=3.00e-04 | wd=0.0371 | mom=0.9500 | T=7.2 k=4.0 (mu_rec=8 mu_bwd=4) | grad=1.156 | tok/s=23,622 | tokens=3.15B
step= 96030 | loss=3.2572 | lr=3.00e-04 | wd=0.0371 | mom=0.9500 | T=7.5 k=3.5 (mu_rec=8 mu_bwd=4) | grad=1.175 | tok/s=22,877 | tokens=3.15B
step= 96040 | loss=3.1906 | lr=3.00e-04 | wd=0.0371 | mom=0.9500 | T=6.5 k=3.2 (mu_rec=8 mu_bwd=4) | grad=0.816 | tok/s=24,805 | tokens=3.15B
step= 96050 | loss=2.9054 | lr=3.00e-04 | wd=0.0371 | mom=0.9500 | T=5.5 k=3.2 (mu_rec=8 mu_bwd=4) | grad=1.220 | tok/s=25,860 | tokens=3.15B
step= 96060 | loss=2.9314 | lr=3.00e-04 | wd=0.0370 | mom=0.9500 | T=5.2 k=4.0 (mu_rec=8 mu_bwd=4) | grad=1.053 | tok/s=24,336 | tokens=3.15B
step= 96070 | loss=2.7552 | lr=3.00e-04 | wd=0.0370 | mom=0.9500 | T=11.0 k=4.0 (mu_rec=8 mu_bwd=4) | grad=1.146 | tok/s=22,967 | tokens=3.15B
step= 96080 | loss=3.5451 | lr=3.00e-04 | wd=0.0370 | mom=0.9500 | T=9.0 k=4.0 (mu_rec=8 mu_bwd=4) | grad=1.066 | tok/s=25,339 | tokens=3.15B
step= 96090 | loss=3.0034 | lr=3.00e-04 | wd=0.0370 | mom=0.9500 | T=9.5 k=4.0 (mu_rec=8 mu_bwd=4) | grad=1.692 | tok/s=23,756 | tokens=3.15B
step= 96100 | loss=3.1635 | lr=3.00e-04 | wd=0.0370 | mom=0.9500 | T=10.5 k=4.0 (mu_rec=8 mu_bwd=4) | grad=0.975 | tok/s=22,920 | tokens=3.15B
step= 96110 | loss=3.1095 | lr=3.00e-04 | wd=0.0370 | mom=0.9500 | T=7.5 k=3.8 (mu_rec=8 mu_bwd=4) | grad=1.063 | tok/s=22,496 | tokens=3.15B
step= 96120 | loss=3.0476 | lr=3.00e-04 | wd=0.0370 | mom=0.9500 | T=7.5 k=3.5 (mu_rec=8 mu_bwd=4) | grad=0.993 | tok/s=23,530 | tokens=3.15B
step= 96130 | loss=3.1984 | lr=3.00e-04 | wd=0.0370 | mom=0.9500 | T=9.5 k=4.0 (mu_rec=8 mu_bwd=4) | grad=0.949 | tok/s=23,999 | tokens=3.15B
step= 96140 | loss=3.3091 | lr=3.00e-04 | wd=0.0370 | mom=0.9500 | T=9.8 k=4.0 (mu_rec=8 mu_bwd=4) | grad=1.118 | tok/s=23,496 | tokens=3.15B
step= 96150 | loss=3.3286 | lr=3.00e-04 | wd=0.0370 | mom=0.9500 | T=11.8 k=4.0 (mu_rec=8 mu_bwd=4) | grad=0.783 | tok/s=24,513 | tokens=3.15B
step= 96160 | loss=3.2971 | lr=3.00e-04 | wd=0.0370 | mom=0.9500 | T=8.2 k=3.8 (mu_rec=8 mu_bwd=4) | grad=0.903 | tok/s=23,462 | tokens=3.15B
step= 96170 | loss=3.1895 | lr=3.00e-04 | wd=0.0370 | mom=0.9500 | T=8.5 k=3.5 (mu_rec=8 mu_bwd=4) | grad=0.958 | tok/s=25,366 | tokens=3.15B
step= 96180 | loss=3.0429 | lr=3.00e-04 | wd=0.0370 | mom=0.9500 | T=8.0 k=4.0 (mu_rec=8 mu_bwd=4) | grad=0.934 | tok/s=23,716 | tokens=3.15B
step= 96190 | loss=3.1190 | lr=3.00e-04 | wd=0.0370 | mom=0.9500 | T=12.8 k=4.0 (mu_rec=8 mu_bwd=4) | grad=0.916 | tok/s=23,077 | tokens=3.15B
step= 96200 | loss=3.0192 | lr=3.00e-04 | wd=0.0370 | mom=0.9500 | T=8.0 k=4.0 (mu_rec=8 mu_bwd=4) | grad=1.025 | tok/s=23,946 | tokens=3.15B
step= 96210 | loss=2.6305 | lr=3.00e-04 | wd=0.0369 | mom=0.9500 | T=6.2 k=3.2 (mu_rec=8 mu_bwd=4) | grad=1.262 | tok/s=22,467 | tokens=3.15B
step= 96220 | loss=3.0250 | lr=3.00e-04 | wd=0.0369 | mom=0.9500 | T=10.0 k=4.0 (mu_rec=8 mu_bwd=4) | grad=0.894 | tok/s=23,050 | tokens=3.15B
step= 96230 | loss=3.0916 | lr=3.00e-04 | wd=0.0369 | mom=0.9500 | T=5.5 k=4.0 (mu_rec=8 mu_bwd=4) | grad=1.062 | tok/s=25,273 | tokens=3.15B
step= 96240 | loss=3.3285 | lr=3.00e-04 | wd=0.0369 | mom=0.9500 | T=7.8 k=3.8 (mu_rec=8 mu_bwd=4) | grad=0.953 | tok/s=22,349 | tokens=3.15B
step= 96250 | loss=3.1452 | lr=3.00e-04 | wd=0.0369 | mom=0.9500 | T=5.8 k=2.8 (mu_rec=8 mu_bwd=4) | grad=1.018 | tok/s=24,221 | tokens=3.15B
step= 96260 | loss=3.2847 | lr=3.00e-04 | wd=0.0369 | mom=0.9500 | T=7.8 k=4.0 (mu_rec=8 mu_bwd=4) | grad=1.057 | tok/s=10,975 | tokens=3.15B
step= 96270 | loss=3.3489 | lr=3.00e-04 | wd=0.0369 | mom=0.9500 | T=5.2 k=3.2 (mu_rec=8 mu_bwd=4) | grad=1.035 | tok/s=22,730 | tokens=3.15B
step= 96280 | loss=3.4135 | lr=3.00e-04 | wd=0.0369 | mom=0.9500 | T=7.2 k=4.0 (mu_rec=8 mu_bwd=4) | grad=1.996 | tok/s=22,794 | tokens=3.15B
step= 96290 | loss=3.6904 | lr=3.00e-04 | wd=0.0369 | mom=0.9500 | T=12.5 k=4.0 (mu_rec=8 mu_bwd=4) | grad=1.134 | tok/s=23,238 | tokens=3.16B
step= 96300 | loss=3.3819 | lr=3.00e-04 | wd=0.0369 | mom=0.9500 | T=9.2 k=4.0 (mu_rec=8 mu_bwd=4) | grad=1.176 | tok/s=23,018 | tokens=3.16B
step= 96310 | loss=3.2268 | lr=3.00e-04 | wd=0.0369 | mom=0.9500 | T=8.2 k=4.0 (mu_rec=8 mu_bwd=4) | grad=0.911 | tok/s=23,990 | tokens=3.16B
step= 96320 | loss=3.0336 | lr=3.00e-04 | wd=0.0369 | mom=0.9500 | T=4.5 k=2.8 (mu_rec=8 mu_bwd=4) | grad=1.045 | tok/s=22,083 | tokens=3.16B
step= 96330 | loss=3.1161 | lr=3.00e-04 | wd=0.0369 | mom=0.9500 | T=6.0 k=4.0 (mu_rec=8 mu_bwd=4) | grad=1.309 | tok/s=10,905 | tokens=3.16B
step= 96340 | loss=3.2387 | lr=3.00e-04 | wd=0.0369 | mom=0.9500 | T=7.5 k=4.0 (mu_rec=8 mu_bwd=4) | grad=0.963 | tok/s=22,176 | tokens=3.16B
step= 96350 | loss=3.1701 | lr=3.00e-04 | wd=0.0369 | mom=0.9500 | T=5.5 k=4.0 (mu_rec=8 mu_bwd=4) | grad=1.014 | tok/s=24,309 | tokens=3.16B
step= 96360 | loss=3.0661 | lr=3.00e-04 | wd=0.0368 | mom=0.9500 | T=9.8 k=4.0 (mu_rec=8 mu_bwd=4) | grad=1.072 | tok/s=22,597 | tokens=3.16B
step= 96370 | loss=2.9134 | lr=3.00e-04 | wd=0.0368 | mom=0.9500 | T=7.0 k=3.5 (mu_rec=8 mu_bwd=4) | grad=1.342 | tok/s=23,247 | tokens=3.16B
step= 96380 | loss=2.6499 | lr=3.00e-04 | wd=0.0368 | mom=0.9500 | T=5.5 k=3.8 (mu_rec=8 mu_bwd=4) | grad=2.466 | tok/s=22,962 | tokens=3.16B
step= 96390 | loss=3.2661 | lr=3.00e-04 | wd=0.0368 | mom=0.9500 | T=3.5 k=3.2 (mu_rec=8 mu_bwd=4) | grad=1.053 | tok/s=22,547 | tokens=3.16B
step= 96400 | loss=3.1739 | lr=3.00e-04 | wd=0.0368 | mom=0.9500 | T=6.2 k=3.0 (mu_rec=8 mu_bwd=4) | grad=0.984 | tok/s=21,038 | tokens=3.16B
step= 96410 | loss=3.2152 | lr=3.00e-04 | wd=0.0368 | mom=0.9500 | T=10.8 k=4.0 (mu_rec=8 mu_bwd=4) | grad=0.835 | tok/s=21,711 | tokens=3.16B
step= 96420 | loss=3.1293 | lr=3.00e-04 | wd=0.0368 | mom=0.9500 | T=10.2 k=4.0 (mu_rec=8 mu_bwd=4) | grad=0.786 | tok/s=22,544 | tokens=3.16B
step= 96430 | loss=3.1056 | lr=3.00e-04 | wd=0.0368 | mom=0.9500 | T=8.2 k=4.0 (mu_rec=8 mu_bwd=4) | grad=1.225 | tok/s=23,276 | tokens=3.16B
step= 96440 | loss=3.1732 | lr=3.00e-04 | wd=0.0368 | mom=0.9500 | T=8.2 k=4.0 (mu_rec=8 mu_bwd=4) | grad=0.979 | tok/s=23,376 | tokens=3.16B
step= 96450 | loss=3.1728 | lr=3.00e-04 | wd=0.0368 | mom=0.9500 | T=5.8 k=3.0 (mu_rec=8 mu_bwd=4) | grad=1.087 | tok/s=23,400 | tokens=3.16B
step= 96460 | loss=3.1162 | lr=3.00e-04 | wd=0.0368 | mom=0.9500 | T=9.0 k=4.0 (mu_rec=8 mu_bwd=4) | grad=1.079 | tok/s=23,230 | tokens=3.16B
step= 96470 | loss=3.0584 | lr=3.00e-04 | wd=0.0368 | mom=0.9500 | T=7.2 k=4.0 (mu_rec=8 mu_bwd=4) | grad=1.093 | tok/s=22,223 | tokens=3.16B
step= 96480 | loss=3.0463 | lr=3.00e-04 | wd=0.0368 | mom=0.9500 | T=9.5 k=4.0 (mu_rec=8 mu_bwd=4) | grad=0.936 | tok/s=23,523 | tokens=3.16B
step= 96490 | loss=2.9181 | lr=3.00e-04 | wd=0.0368 | mom=0.9500 | T=7.8 k=3.2 (mu_rec=8 mu_bwd=4) | grad=1.056 | tok/s=23,252 | tokens=3.16B
step= 96500 | loss=3.1943 | lr=3.00e-04 | wd=0.0368 | mom=0.9500 | T=8.8 k=3.2 (mu_rec=8 mu_bwd=4) | grad=4.074 | tok/s=25,644 | tokens=3.16B
step= 96510 | loss=3.3736 | lr=3.00e-04 | wd=0.0368 | mom=0.9500 | T=9.8 k=4.0 (mu_rec=8 mu_bwd=4) | grad=0.973 | tok/s=24,978 | tokens=3.16B
step= 96520 | loss=3.4459 | lr=3.00e-04 | wd=0.0367 | mom=0.9500 | T=8.0 k=3.2 (mu_rec=8 mu_bwd=4) | grad=1.240 | tok/s=24,597 | tokens=3.16B
step= 96530 | loss=3.2599 | lr=3.00e-04 | wd=0.0367 | mom=0.9500 | T=7.0 k=4.0 (mu_rec=8 mu_bwd=4) | grad=1.091 | tok/s=22,835 | tokens=3.16B
step= 96540 | loss=3.1389 | lr=3.00e-04 | wd=0.0367 | mom=0.9500 | T=12.2 k=4.0 (mu_rec=8 mu_bwd=4) | grad=1.606 | tok/s=23,289 | tokens=3.16B
step= 96550 | loss=3.4648 | lr=3.00e-04 | wd=0.0367 | mom=0.9500 | T=6.0 k=3.2 (mu_rec=8 mu_bwd=4) | grad=1.200 | tok/s=23,964 | tokens=3.16B
step= 96560 | loss=3.2395 | lr=3.00e-04 | wd=0.0367 | mom=0.9500 | T=8.8 k=4.0 (mu_rec=8 mu_bwd=4) | grad=0.943 | tok/s=23,888 | tokens=3.16B
step= 96570 | loss=3.1756 | lr=3.00e-04 | wd=0.0367 | mom=0.9500 | T=10.5 k=4.0 (mu_rec=8 mu_bwd=4) | grad=0.943 | tok/s=22,311 | tokens=3.16B
step= 96580 | loss=3.0073 | lr=3.00e-04 | wd=0.0367 | mom=0.9500 | T=1.8 k=1.8 (mu_rec=8 mu_bwd=4) | grad=1.418 | tok/s=25,355 | tokens=3.16B
step= 96590 | loss=2.9179 | lr=3.00e-04 | wd=0.0367 | mom=0.9500 | T=11.0 k=4.0 (mu_rec=8 mu_bwd=4) | grad=0.982 | tok/s=22,919 | tokens=3.17B
step= 96600 | loss=3.3506 | lr=3.00e-04 | wd=0.0367 | mom=0.9500 | T=5.8 k=3.8 (mu_rec=8 mu_bwd=4) | grad=33.108 | tok/s=24,639 | tokens=3.17B
step= 96610 | loss=3.1906 | lr=3.00e-04 | wd=0.0367 | mom=0.9500 | T=9.5 k=4.0 (mu_rec=8 mu_bwd=4) | grad=1.113 | tok/s=24,233 | tokens=3.17B
step= 96620 | loss=3.0061 | lr=3.00e-04 | wd=0.0367 | mom=0.9500 | T=2.5 k=2.5 (mu_rec=8 mu_bwd=4) | grad=0.966 | tok/s=25,313 | tokens=3.17B
step= 96630 | loss=3.2258 | lr=3.00e-04 | wd=0.0367 | mom=0.9500 | T=12.5 k=4.0 (mu_rec=8 mu_bwd=4) | grad=0.959 | tok/s=23,375 | tokens=3.17B
step= 96640 | loss=3.1792 | lr=3.00e-04 | wd=0.0367 | mom=0.9500 | T=12.2 k=4.0 (mu_rec=8 mu_bwd=4) | grad=1.104 | tok/s=23,953 | tokens=3.17B
step= 96650 | loss=3.3961 | lr=3.00e-04 | wd=0.0367 | mom=0.9500 | T=6.5 k=4.0 (mu_rec=8 mu_bwd=4) | grad=1.413 | tok/s=23,834 | tokens=3.17B
step= 96660 | loss=3.2764 | lr=3.00e-04 | wd=0.0367 | mom=0.9500 | T=6.5 k=4.0 (mu_rec=8 mu_bwd=4) | grad=1.064 | tok/s=23,728 | tokens=3.17B
step= 96670 | loss=3.1885 | lr=3.00e-04 | wd=0.0366 | mom=0.9500 | T=6.5 k=4.0 (mu_rec=8 mu_bwd=4) | grad=1.049 | tok/s=24,257 | tokens=3.17B
step= 96680 | loss=3.5195 | lr=3.00e-04 | wd=0.0366 | mom=0.9500 | T=6.2 k=3.8 (mu_rec=8 mu_bwd=4) | grad=4.144 | tok/s=23,463 | tokens=3.17B
step= 96690 | loss=3.4109 | lr=3.00e-04 | wd=0.0366 | mom=0.9500 | T=4.8 k=3.2 (mu_rec=8 mu_bwd=4) | grad=1.485 | tok/s=22,361 | tokens=3.17B
step= 96700 | loss=3.0326 | lr=3.00e-04 | wd=0.0366 | mom=0.9500 | T=6.8 k=3.2 (mu_rec=8 mu_bwd=4) | grad=0.951 | tok/s=24,326 | tokens=3.17B
step= 96710 | loss=2.9410 | lr=3.00e-04 | wd=0.0366 | mom=0.9500 | T=7.5 k=3.8 (mu_rec=8 mu_bwd=4) | grad=6.017 | tok/s=22,476 | tokens=3.17B
step= 96720 | loss=3.2242 | lr=3.00e-04 | wd=0.0366 | mom=0.9500 | T=8.5 k=3.2 (mu_rec=8 mu_bwd=4) | grad=1.142 | tok/s=24,319 | tokens=3.17B
step= 96730 | loss=3.4769 | lr=3.00e-04 | wd=0.0366 | mom=0.9500 | T=5.5 k=3.2 (mu_rec=8 mu_bwd=4) | grad=1.797 | tok/s=24,071 | tokens=3.17B
step= 96740 | loss=3.0965 | lr=3.00e-04 | wd=0.0366 | mom=0.9500 | T=13.5 k=4.0 (mu_rec=8 mu_bwd=4) | grad=1.546 | tok/s=22,102 | tokens=3.17B
step= 96750 | loss=3.3267 | lr=3.00e-04 | wd=0.0366 | mom=0.9500 | T=5.5 k=4.0 (mu_rec=8 mu_bwd=4) | grad=0.998 | tok/s=25,010 | tokens=3.17B
step= 96760 | loss=3.1471 | lr=3.00e-04 | wd=0.0366 | mom=0.9500 | T=14.8 k=4.0 (mu_rec=8 mu_bwd=4) | grad=0.789 | tok/s=23,136 | tokens=3.17B
step= 96770 | loss=3.3077 | lr=3.00e-04 | wd=0.0366 | mom=0.9500 | T=7.2 k=4.0 (mu_rec=8 mu_bwd=4) | grad=1.631 | tok/s=24,026 | tokens=3.17B
step= 96780 | loss=3.2995 | lr=3.00e-04 | wd=0.0366 | mom=0.9500 | T=7.5 k=3.5 (mu_rec=8 mu_bwd=4) | grad=1.008 | tok/s=24,479 | tokens=3.17B
step= 96790 | loss=3.1461 | lr=3.00e-04 | wd=0.0366 | mom=0.9500 | T=5.8 k=3.0 (mu_rec=8 mu_bwd=4) | grad=1.023 | tok/s=22,395 | tokens=3.17B
step= 96800 | loss=3.3108 | lr=3.00e-04 | wd=0.0366 | mom=0.9500 | T=3.5 k=3.0 (mu_rec=8 mu_bwd=4) | grad=2.006 | tok/s=25,265 | tokens=3.17B
step= 96810 | loss=3.1240 | lr=3.00e-04 | wd=0.0366 | mom=0.9500 | T=13.2 k=4.0 (mu_rec=8 mu_bwd=4) | grad=0.943 | tok/s=21,522 | tokens=3.17B
step= 96820 | loss=3.5047 | lr=3.00e-04 | wd=0.0365 | mom=0.9500 | T=9.2 k=4.0 (mu_rec=8 mu_bwd=4) | grad=0.938 | tok/s=22,793 | tokens=3.17B
step= 96830 | loss=3.4458 | lr=3.00e-04 | wd=0.0365 | mom=0.9500 | T=9.8 k=3.5 (mu_rec=8 mu_bwd=4) | grad=1.320 | tok/s=23,555 | tokens=3.17B
step= 96840 | loss=3.1648 | lr=3.00e-04 | wd=0.0365 | mom=0.9500 | T=10.0 k=4.0 (mu_rec=8 mu_bwd=4) | grad=1.090 | tok/s=22,515 | tokens=3.17B
step= 96850 | loss=3.1004 | lr=3.00e-04 | wd=0.0365 | mom=0.9500 | T=9.0 k=3.5 (mu_rec=8 mu_bwd=4) | grad=1.225 | tok/s=24,522 | tokens=3.17B
step= 96860 | loss=3.2898 | lr=3.00e-04 | wd=0.0365 | mom=0.9500 | T=6.2 k=3.2 (mu_rec=8 mu_bwd=4) | grad=0.944 | tok/s=23,335 | tokens=3.17B
step= 96870 | loss=3.2387 | lr=3.00e-04 | wd=0.0365 | mom=0.9500 | T=5.0 k=3.8 (mu_rec=8 mu_bwd=4) | grad=0.997 | tok/s=26,227 | tokens=3.17B
step= 96880 | loss=3.3759 | lr=3.00e-04 | wd=0.0365 | mom=0.9500 | T=7.5 k=4.0 (mu_rec=8 mu_bwd=4) | grad=1.018 | tok/s=25,839 | tokens=3.17B
step= 96890 | loss=3.1396 | lr=3.00e-04 | wd=0.0365 | mom=0.9500 | T=6.8 k=3.5 (mu_rec=8 mu_bwd=4) | grad=8.113 | tok/s=22,502 | tokens=3.17B
step= 96900 | loss=3.1894 | lr=3.00e-04 | wd=0.0365 | mom=0.9500 | T=6.8 k=3.5 (mu_rec=8 mu_bwd=4) | grad=0.967 | tok/s=22,475 | tokens=3.18B
step= 96910 | loss=3.4475 | lr=3.00e-04 | wd=0.0365 | mom=0.9500 | T=7.2 k=4.0 (mu_rec=8 mu_bwd=4) | grad=1.676 | tok/s=23,361 | tokens=3.18B
step= 96920 | loss=3.5915 | lr=3.00e-04 | wd=0.0365 | mom=0.9500 | T=10.2 k=4.0 (mu_rec=8 mu_bwd=4) | grad=1.047 | tok/s=22,899 | tokens=3.18B
step= 96930 | loss=3.1011 | lr=3.00e-04 | wd=0.0365 | mom=0.9500 | T=5.2 k=3.8 (mu_rec=8 mu_bwd=4) | grad=0.937 | tok/s=24,034 | tokens=3.18B
step= 96940 | loss=3.2078 | lr=3.00e-04 | wd=0.0365 | mom=0.9500 | T=4.5 k=2.8 (mu_rec=8 mu_bwd=4) | grad=0.866 | tok/s=24,057 | tokens=3.18B
step= 96950 | loss=3.1374 | lr=3.00e-04 | wd=0.0365 | mom=0.9500 | T=4.5 k=3.2 (mu_rec=8 mu_bwd=4) | grad=1.142 | tok/s=25,260 | tokens=3.18B
step= 96960 | loss=3.6583 | lr=3.00e-04 | wd=0.0365 | mom=0.9500 | T=7.0 k=4.0 (mu_rec=8 mu_bwd=4) | grad=0.959 | tok/s=23,220 | tokens=3.18B
step= 96970 | loss=3.0917 | lr=3.00e-04 | wd=0.0365 | mom=0.9500 | T=4.5 k=4.0 (mu_rec=8 mu_bwd=4) | grad=1.001 | tok/s=24,364 | tokens=3.18B
step= 96980 | loss=3.2288 | lr=3.00e-04 | wd=0.0364 | mom=0.9500 | T=8.2 k=4.0 (mu_rec=8 mu_bwd=4) | grad=0.919 | tok/s=20,888 | tokens=3.18B
step= 96990 | loss=3.3559 | lr=3.00e-04 | wd=0.0364 | mom=0.9500 | T=9.2 k=3.5 (mu_rec=8 mu_bwd=4) | grad=1.297 | tok/s=22,589 | tokens=3.18B
step= 97000 | loss=3.1441 | lr=3.00e-04 | wd=0.0364 | mom=0.9500 | T=8.5 k=3.8 (mu_rec=8 mu_bwd=4) | grad=0.955 | tok/s=22,867 | tokens=3.18B
step= 97010 | loss=3.1646 | lr=3.00e-04 | wd=0.0364 | mom=0.9500 | T=6.2 k=3.8 (mu_rec=8 mu_bwd=4) | grad=0.895 | tok/s=23,420 | tokens=3.18B
step= 97020 | loss=3.2368 | lr=3.00e-04 | wd=0.0364 | mom=0.9500 | T=6.5 k=3.2 (mu_rec=8 mu_bwd=4) | grad=1.272 | tok/s=23,772 | tokens=3.18B
step= 97030 | loss=3.0736 | lr=3.00e-04 | wd=0.0364 | mom=0.9500 | T=10.2 k=4.0 (mu_rec=8 mu_bwd=4) | grad=1.140 | tok/s=24,541 | tokens=3.18B
step= 97040 | loss=3.1427 | lr=3.00e-04 | wd=0.0364 | mom=0.9500 | T=8.8 k=3.8 (mu_rec=8 mu_bwd=4) | grad=0.992 | tok/s=23,368 | tokens=3.18B
step= 97050 | loss=3.1118 | lr=3.00e-04 | wd=0.0364 | mom=0.9500 | T=5.0 k=3.2 (mu_rec=8 mu_bwd=4) | grad=1.122 | tok/s=23,639 | tokens=3.18B
step= 97060 | loss=3.0833 | lr=3.00e-04 | wd=0.0364 | mom=0.9500 | T=10.8 k=4.0 (mu_rec=8 mu_bwd=4) | grad=0.902 | tok/s=8,981 | tokens=3.18B
step= 97070 | loss=3.9321 | lr=3.00e-04 | wd=0.0364 | mom=0.9500 | T=12.5 k=4.0 (mu_rec=8 mu_bwd=4) | grad=1.294 | tok/s=22,672 | tokens=3.18B
step= 97080 | loss=3.1822 | lr=3.00e-04 | wd=0.0364 | mom=0.9500 | T=5.5 k=3.8 (mu_rec=8 mu_bwd=4) | grad=1.138 | tok/s=26,644 | tokens=3.18B
step= 97090 | loss=3.2799 | lr=3.00e-04 | wd=0.0364 | mom=0.9500 | T=6.0 k=3.2 (mu_rec=8 mu_bwd=4) | grad=1.117 | tok/s=25,473 | tokens=3.18B
step= 97100 | loss=3.2301 | lr=3.00e-04 | wd=0.0364 | mom=0.9500 | T=7.8 k=4.0 (mu_rec=8 mu_bwd=4) | grad=0.923 | tok/s=21,893 | tokens=3.18B
step= 97110 | loss=2.9495 | lr=3.00e-04 | wd=0.0364 | mom=0.9500 | T=6.0 k=3.8 (mu_rec=8 mu_bwd=4) | grad=1.402 | tok/s=23,137 | tokens=3.18B
step= 97120 | loss=3.0700 | lr=3.00e-04 | wd=0.0364 | mom=0.9500 | T=7.8 k=3.5 (mu_rec=8 mu_bwd=4) | grad=1.714 | tok/s=25,042 | tokens=3.18B
step= 97130 | loss=3.1362 | lr=3.00e-04 | wd=0.0363 | mom=0.9500 | T=8.8 k=4.0 (mu_rec=8 mu_bwd=4) | grad=1.061 | tok/s=23,527 | tokens=3.18B
step= 97140 | loss=3.0431 | lr=3.00e-04 | wd=0.0363 | mom=0.9500 | T=4.8 k=3.5 (mu_rec=8 mu_bwd=4) | grad=1.362 | tok/s=24,625 | tokens=3.18B
step= 97150 | loss=2.9874 | lr=3.00e-04 | wd=0.0363 | mom=0.9500 | T=7.2 k=4.0 (mu_rec=8 mu_bwd=4) | grad=0.845 | tok/s=23,621 | tokens=3.18B
step= 97160 | loss=3.1015 | lr=3.00e-04 | wd=0.0363 | mom=0.9500 | T=5.5 k=4.0 (mu_rec=8 mu_bwd=4) | grad=0.842 | tok/s=24,019 | tokens=3.18B
step= 97170 | loss=3.6374 | lr=3.00e-04 | wd=0.0363 | mom=0.9500 | T=7.0 k=4.0 (mu_rec=8 mu_bwd=4) | grad=1.029 | tok/s=8,176 | tokens=3.18B
step= 97180 | loss=3.4358 | lr=3.00e-04 | wd=0.0363 | mom=0.9500 | T=9.2 k=4.0 (mu_rec=8 mu_bwd=4) | grad=1.106 | tok/s=24,402 | tokens=3.18B
step= 97190 | loss=3.1439 | lr=3.00e-04 | wd=0.0363 | mom=0.9500 | T=9.8 k=4.0 (mu_rec=8 mu_bwd=4) | grad=0.959 | tok/s=24,515 | tokens=3.18B
step= 97200 | loss=3.1065 | lr=3.00e-04 | wd=0.0363 | mom=0.9500 | T=12.2 k=4.0 (mu_rec=8 mu_bwd=4) | grad=1.386 | tok/s=23,838 | tokens=3.19B
step= 97210 | loss=3.1204 | lr=3.00e-04 | wd=0.0363 | mom=0.9500 | T=9.2 k=4.0 (mu_rec=8 mu_bwd=4) | grad=1.109 | tok/s=23,581 | tokens=3.19B
step= 97220 | loss=3.3513 | lr=3.00e-04 | wd=0.0363 | mom=0.9500 | T=6.8 k=3.8 (mu_rec=8 mu_bwd=4) | grad=1.040 | tok/s=23,348 | tokens=3.19B
step= 97230 | loss=3.1163 | lr=3.00e-04 | wd=0.0363 | mom=0.9500 | T=7.2 k=4.0 (mu_rec=8 mu_bwd=4) | grad=1.044 | tok/s=25,207 | tokens=3.19B
step= 97240 | loss=3.0772 | lr=3.00e-04 | wd=0.0363 | mom=0.9500 | T=5.5 k=2.8 (mu_rec=8 mu_bwd=4) | grad=0.886 | tok/s=22,414 | tokens=3.19B
step= 97250 | loss=2.9365 | lr=3.00e-04 | wd=0.0363 | mom=0.9500 | T=5.0 k=3.2 (mu_rec=8 mu_bwd=4) | grad=0.833 | tok/s=25,245 | tokens=3.19B
step= 97260 | loss=2.7759 | lr=3.00e-04 | wd=0.0363 | mom=0.9500 | T=6.5 k=4.0 (mu_rec=8 mu_bwd=4) | grad=1.157 | tok/s=23,547 | tokens=3.19B
step= 97270 | loss=2.8168 | lr=3.00e-04 | wd=0.0363 | mom=0.9500 | T=9.5 k=4.0 (mu_rec=8 mu_bwd=4) | grad=0.923 | tok/s=23,442 | tokens=3.19B
step= 97280 | loss=3.0847 | lr=3.00e-04 | wd=0.0362 | mom=0.9500 | T=10.8 k=4.0 (mu_rec=8 mu_bwd=4) | grad=1.742 | tok/s=23,840 | tokens=3.19B
step= 97290 | loss=3.0504 | lr=3.00e-04 | wd=0.0362 | mom=0.9500 | T=6.5 k=3.8 (mu_rec=8 mu_bwd=4) | grad=0.858 | tok/s=24,624 | tokens=3.19B
step= 97300 | loss=3.0690 | lr=3.00e-04 | wd=0.0362 | mom=0.9500 | T=10.0 k=3.2 (mu_rec=8 mu_bwd=4) | grad=1.056 | tok/s=23,609 | tokens=3.19B
step= 97310 | loss=3.3238 | lr=3.00e-04 | wd=0.0362 | mom=0.9500 | T=13.5 k=4.0 (mu_rec=8 mu_bwd=4) | grad=1.266 | tok/s=23,374 | tokens=3.19B
step= 97320 | loss=3.4848 | lr=3.00e-04 | wd=0.0362 | mom=0.9500 | T=9.5 k=4.0 (mu_rec=8 mu_bwd=4) | grad=1.434 | tok/s=23,601 | tokens=3.19B
step= 97330 | loss=3.8921 | lr=3.00e-04 | wd=0.0362 | mom=0.9500 | T=5.2 k=3.0 (mu_rec=8 mu_bwd=4) | grad=1.043 | tok/s=23,289 | tokens=3.19B
step= 97340 | loss=3.2483 | lr=3.00e-04 | wd=0.0362 | mom=0.9500 | T=8.0 k=3.5 (mu_rec=8 mu_bwd=4) | grad=1.078 | tok/s=25,234 | tokens=3.19B
step= 97350 | loss=3.1209 | lr=3.00e-04 | wd=0.0362 | mom=0.9500 | T=9.8 k=4.0 (mu_rec=8 mu_bwd=4) | grad=1.182 | tok/s=23,529 | tokens=3.19B
step= 97360 | loss=3.3350 | lr=3.00e-04 | wd=0.0362 | mom=0.9500 | T=7.8 k=4.0 (mu_rec=8 mu_bwd=4) | grad=1.178 | tok/s=23,553 | tokens=3.19B
step= 97370 | loss=2.8649 | lr=3.00e-04 | wd=0.0362 | mom=0.9500 | T=8.5 k=3.8 (mu_rec=8 mu_bwd=4) | grad=1.317 | tok/s=23,661 | tokens=3.19B
step= 97380 | loss=3.8700 | lr=3.00e-04 | wd=0.0362 | mom=0.9500 | T=9.5 k=4.0 (mu_rec=8 mu_bwd=4) | grad=1.064 | tok/s=22,683 | tokens=3.19B
step= 97390 | loss=3.4086 | lr=3.00e-04 | wd=0.0362 | mom=0.9500 | T=6.8 k=4.0 (mu_rec=8 mu_bwd=4) | grad=0.953 | tok/s=24,783 | tokens=3.19B
step= 97400 | loss=3.3943 | lr=3.00e-04 | wd=0.0362 | mom=0.9500 | T=7.2 k=4.0 (mu_rec=8 mu_bwd=4) | grad=1.467 | tok/s=24,349 | tokens=3.19B
step= 97410 | loss=3.5823 | lr=3.00e-04 | wd=0.0362 | mom=0.9500 | T=6.5 k=3.8 (mu_rec=8 mu_bwd=4) | grad=1.133 | tok/s=24,119 | tokens=3.19B
step= 97420 | loss=3.1388 | lr=3.00e-04 | wd=0.0362 | mom=0.9500 | T=7.5 k=3.8 (mu_rec=8 mu_bwd=4) | grad=1.435 | tok/s=25,116 | tokens=3.19B
step= 97430 | loss=3.2411 | lr=3.00e-04 | wd=0.0361 | mom=0.9500 | T=10.5 k=4.0 (mu_rec=8 mu_bwd=4) | grad=1.114 | tok/s=23,779 | tokens=3.19B
step= 97440 | loss=3.0588 | lr=3.00e-04 | wd=0.0361 | mom=0.9500 | T=8.0 k=4.0 (mu_rec=8 mu_bwd=4) | grad=1.432 | tok/s=24,602 | tokens=3.19B
step= 97450 | loss=3.3795 | lr=3.00e-04 | wd=0.0361 | mom=0.9500 | T=7.2 k=3.8 (mu_rec=8 mu_bwd=4) | grad=1.024 | tok/s=22,986 | tokens=3.19B
step= 97460 | loss=3.3770 | lr=3.00e-04 | wd=0.0361 | mom=0.9500 | T=8.8 k=4.0 (mu_rec=8 mu_bwd=4) | grad=1.080 | tok/s=22,430 | tokens=3.19B
step= 97470 | loss=3.1214 | lr=3.00e-04 | wd=0.0361 | mom=0.9500 | T=7.0 k=4.0 (mu_rec=8 mu_bwd=4) | grad=1.125 | tok/s=23,766 | tokens=3.19B
step= 97480 | loss=3.0175 | lr=3.00e-04 | wd=0.0361 | mom=0.9500 | T=9.8 k=4.0 (mu_rec=8 mu_bwd=4) | grad=0.957 | tok/s=23,322 | tokens=3.19B
step= 97490 | loss=3.2197 | lr=3.00e-04 | wd=0.0361 | mom=0.9500 | T=10.2 k=4.0 (mu_rec=8 mu_bwd=4) | grad=1.010 | tok/s=23,704 | tokens=3.19B
step= 97500 | loss=3.0643 | lr=3.00e-04 | wd=0.0361 | mom=0.9500 | T=6.5 k=4.0 (mu_rec=8 mu_bwd=4) | grad=0.820 | tok/s=23,333 | tokens=3.19B
step= 97510 | loss=3.0882 | lr=3.00e-04 | wd=0.0361 | mom=0.9500 | T=6.2 k=4.0 (mu_rec=8 mu_bwd=4) | grad=1.047 | tok/s=23,732 | tokens=3.20B
step= 97520 | loss=3.3098 | lr=3.00e-04 | wd=0.0361 | mom=0.9500 | T=6.5 k=4.0 (mu_rec=8 mu_bwd=4) | grad=0.810 | tok/s=23,811 | tokens=3.20B
step= 97530 | loss=3.4050 | lr=3.00e-04 | wd=0.0361 | mom=0.9500 | T=9.8 k=3.8 (mu_rec=8 mu_bwd=4) | grad=1.740 | tok/s=24,730 | tokens=3.20B
step= 97540 | loss=3.2151 | lr=3.00e-04 | wd=0.0361 | mom=0.9500 | T=10.2 k=4.0 (mu_rec=8 mu_bwd=4) | grad=0.962 | tok/s=21,993 | tokens=3.20B
step= 97550 | loss=3.2044 | lr=3.00e-04 | wd=0.0361 | mom=0.9500 | T=6.0 k=3.0 (mu_rec=8 mu_bwd=4) | grad=1.099 | tok/s=23,383 | tokens=3.20B
step= 97560 | loss=3.6788 | lr=3.00e-04 | wd=0.0361 | mom=0.9500 | T=6.0 k=3.8 (mu_rec=8 mu_bwd=4) | grad=1.352 | tok/s=23,864 | tokens=3.20B
step= 97570 | loss=3.3013 | lr=3.00e-04 | wd=0.0361 | mom=0.9500 | T=6.2 k=3.2 (mu_rec=8 mu_bwd=4) | grad=1.383 | tok/s=23,440 | tokens=3.20B
step= 97580 | loss=3.1660 | lr=3.00e-04 | wd=0.0361 | mom=0.9500 | T=4.2 k=2.5 (mu_rec=8 mu_bwd=4) | grad=0.857 | tok/s=23,535 | tokens=3.20B
step= 97590 | loss=2.9428 | lr=3.00e-04 | wd=0.0360 | mom=0.9500 | T=9.2 k=4.0 (mu_rec=8 mu_bwd=4) | grad=1.604 | tok/s=23,927 | tokens=3.20B
step= 97600 | loss=3.0862 | lr=3.00e-04 | wd=0.0360 | mom=0.9500 | T=8.2 k=4.0 (mu_rec=8 mu_bwd=4) | grad=0.803 | tok/s=24,920 | tokens=3.20B
step= 97610 | loss=3.4879 | lr=3.00e-04 | wd=0.0360 | mom=0.9500 | T=5.0 k=3.5 (mu_rec=8 mu_bwd=4) | grad=1.078 | tok/s=22,486 | tokens=3.20B
step= 97620 | loss=3.2019 | lr=3.00e-04 | wd=0.0360 | mom=0.9500 | T=7.5 k=3.2 (mu_rec=8 mu_bwd=4) | grad=0.943 | tok/s=25,311 | tokens=3.20B
step= 97630 | loss=3.0853 | lr=3.00e-04 | wd=0.0360 | mom=0.9500 | T=9.2 k=4.0 (mu_rec=8 mu_bwd=4) | grad=1.246 | tok/s=22,958 | tokens=3.20B
step= 97640 | loss=3.5720 | lr=3.00e-04 | wd=0.0360 | mom=0.9500 | T=6.0 k=3.8 (mu_rec=8 mu_bwd=4) | grad=0.984 | tok/s=22,322 | tokens=3.20B
step= 97650 | loss=3.3958 | lr=3.00e-04 | wd=0.0360 | mom=0.9500 | T=10.5 k=3.8 (mu_rec=8 mu_bwd=4) | grad=0.907 | tok/s=23,300 | tokens=3.20B
step= 97660 | loss=3.1051 | lr=3.00e-04 | wd=0.0360 | mom=0.9500 | T=11.0 k=4.0 (mu_rec=8 mu_bwd=4) | grad=0.852 | tok/s=23,674 | tokens=3.20B
step= 97670 | loss=3.4616 | lr=3.00e-04 | wd=0.0360 | mom=0.9500 | T=11.2 k=4.0 (mu_rec=8 mu_bwd=4) | grad=1.053 | tok/s=23,846 | tokens=3.20B
step= 97680 | loss=3.2640 | lr=3.00e-04 | wd=0.0360 | mom=0.9500 | T=13.0 k=4.0 (mu_rec=8 mu_bwd=4) | grad=0.911 | tok/s=22,531 | tokens=3.20B
step= 97690 | loss=3.0769 | lr=3.00e-04 | wd=0.0360 | mom=0.9500 | T=8.2 k=3.8 (mu_rec=8 mu_bwd=4) | grad=0.781 | tok/s=23,726 | tokens=3.20B
step= 97700 | loss=3.7166 | lr=3.00e-04 | wd=0.0360 | mom=0.9500 | T=9.5 k=4.0 (mu_rec=8 mu_bwd=4) | grad=1.133 | tok/s=24,059 | tokens=3.20B
step= 97710 | loss=3.4063 | lr=3.00e-04 | wd=0.0360 | mom=0.9500 | T=7.2 k=4.0 (mu_rec=8 mu_bwd=4) | grad=1.228 | tok/s=23,055 | tokens=3.20B
step= 97720 | loss=3.7415 | lr=3.00e-04 | wd=0.0360 | mom=0.9500 | T=9.2 k=4.0 (mu_rec=8 mu_bwd=4) | grad=2.199 | tok/s=23,221 | tokens=3.20B
step= 97730 | loss=3.7953 | lr=3.00e-04 | wd=0.0360 | mom=0.9500 | T=11.5 k=4.0 (mu_rec=8 mu_bwd=4) | grad=2.140 | tok/s=21,582 | tokens=3.20B
step= 97740 | loss=2.9311 | lr=3.00e-04 | wd=0.0359 | mom=0.9500 | T=7.8 k=3.8 (mu_rec=8 mu_bwd=4) | grad=1.806 | tok/s=24,497 | tokens=3.20B
step= 97750 | loss=2.6705 | lr=3.00e-04 | wd=0.0359 | mom=0.9500 | T=4.8 k=3.0 (mu_rec=8 mu_bwd=4) | grad=1.242 | tok/s=24,476 | tokens=3.20B
step= 97760 | loss=3.1967 | lr=3.00e-04 | wd=0.0359 | mom=0.9500 | T=10.5 k=4.0 (mu_rec=8 mu_bwd=4) | grad=1.561 | tok/s=22,763 | tokens=3.20B
step= 97770 | loss=3.2700 | lr=3.00e-04 | wd=0.0359 | mom=0.9500 | T=11.2 k=4.0 (mu_rec=8 mu_bwd=4) | grad=1.106 | tok/s=24,152 | tokens=3.20B
step= 97780 | loss=3.0931 | lr=3.00e-04 | wd=0.0359 | mom=0.9500 | T=6.2 k=4.0 (mu_rec=8 mu_bwd=4) | grad=1.565 | tok/s=22,982 | tokens=3.20B
step= 97790 | loss=3.8865 | lr=3.00e-04 | wd=0.0359 | mom=0.9500 | T=6.8 k=3.8 (mu_rec=8 mu_bwd=4) | grad=6.744 | tok/s=23,008 | tokens=3.20B
step= 97800 | loss=3.8536 | lr=3.00e-04 | wd=0.0359 | mom=0.9500 | T=5.8 k=3.8 (mu_rec=8 mu_bwd=4) | grad=1.442 | tok/s=25,194 | tokens=3.20B
step= 97810 | loss=3.3545 | lr=3.00e-04 | wd=0.0359 | mom=0.9500 | T=17.5 k=4.0 (mu_rec=8 mu_bwd=4) | grad=1.212 | tok/s=22,364 | tokens=3.21B
step= 97820 | loss=2.9237 | lr=3.00e-04 | wd=0.0359 | mom=0.9500 | T=6.2 k=3.5 (mu_rec=8 mu_bwd=4) | grad=1.068 | tok/s=23,438 | tokens=3.21B
step= 97830 | loss=3.3331 | lr=3.00e-04 | wd=0.0359 | mom=0.9500 | T=11.8 k=3.5 (mu_rec=8 mu_bwd=4) | grad=1.169 | tok/s=22,600 | tokens=3.21B
step= 97840 | loss=3.5614 | lr=3.00e-04 | wd=0.0359 | mom=0.9500 | T=9.5 k=3.5 (mu_rec=8 mu_bwd=4) | grad=1.152 | tok/s=22,406 | tokens=3.21B
step= 97850 | loss=3.3401 | lr=3.00e-04 | wd=0.0359 | mom=0.9500 | T=7.0 k=3.5 (mu_rec=8 mu_bwd=4) | grad=1.339 | tok/s=23,359 | tokens=3.21B
step= 97860 | loss=2.8268 | lr=3.00e-04 | wd=0.0359 | mom=0.9500 | T=12.8 k=4.0 (mu_rec=8 mu_bwd=4) | grad=1.046 | tok/s=23,581 | tokens=3.21B
step= 97870 | loss=2.8996 | lr=3.00e-04 | wd=0.0359 | mom=0.9500 | T=6.0 k=4.0 (mu_rec=8 mu_bwd=4) | grad=1.289 | tok/s=24,066 | tokens=3.21B
step= 97880 | loss=3.1323 | lr=3.00e-04 | wd=0.0359 | mom=0.9500 | T=11.8 k=4.0 (mu_rec=8 mu_bwd=4) | grad=0.934 | tok/s=22,844 | tokens=3.21B
step= 97890 | loss=3.3256 | lr=3.00e-04 | wd=0.0358 | mom=0.9500 | T=7.5 k=4.0 (mu_rec=8 mu_bwd=4) | grad=1.296 | tok/s=24,397 | tokens=3.21B
step= 97900 | loss=3.2414 | lr=3.00e-04 | wd=0.0358 | mom=0.9500 | T=9.5 k=4.0 (mu_rec=8 mu_bwd=4) | grad=1.040 | tok/s=25,102 | tokens=3.21B
step= 97910 | loss=3.2423 | lr=3.00e-04 | wd=0.0358 | mom=0.9500 | T=7.5 k=3.2 (mu_rec=8 mu_bwd=4) | grad=2.200 | tok/s=24,697 | tokens=3.21B
step= 97920 | loss=3.3781 | lr=3.00e-04 | wd=0.0358 | mom=0.9500 | T=4.0 k=3.2 (mu_rec=8 mu_bwd=4) | grad=1.005 | tok/s=26,315 | tokens=3.21B
step= 97930 | loss=2.9134 | lr=3.00e-04 | wd=0.0358 | mom=0.9500 | T=15.0 k=4.0 (mu_rec=8 mu_bwd=4) | grad=2.175 | tok/s=24,518 | tokens=3.21B
step= 97940 | loss=3.4818 | lr=3.00e-04 | wd=0.0358 | mom=0.9500 | T=7.2 k=3.2 (mu_rec=8 mu_bwd=4) | grad=2.912 | tok/s=23,765 | tokens=3.21B
step= 97950 | loss=3.0455 | lr=3.00e-04 | wd=0.0358 | mom=0.9500 | T=7.5 k=4.0 (mu_rec=8 mu_bwd=4) | grad=1.010 | tok/s=10,444 | tokens=3.21B
step= 97960 | loss=3.0394 | lr=3.00e-04 | wd=0.0358 | mom=0.9500 | T=11.0 k=4.0 (mu_rec=8 mu_bwd=4) | grad=1.131 | tok/s=23,962 | tokens=3.21B
step= 97970 | loss=3.1746 | lr=3.00e-04 | wd=0.0358 | mom=0.9500 | T=8.8 k=3.8 (mu_rec=8 mu_bwd=4) | grad=1.021 | tok/s=22,936 | tokens=3.21B
step= 97980 | loss=3.1982 | lr=3.00e-04 | wd=0.0358 | mom=0.9500 | T=5.5 k=3.0 (mu_rec=8 mu_bwd=4) | grad=1.026 | tok/s=22,853 | tokens=3.21B
step= 97990 | loss=3.0566 | lr=3.00e-04 | wd=0.0358 | mom=0.9500 | T=11.0 k=4.0 (mu_rec=8 mu_bwd=4) | grad=0.936 | tok/s=22,795 | tokens=3.21B
step= 98000 | loss=3.3489 | lr=3.00e-04 | wd=0.0358 | mom=0.9500 | T=6.5 k=4.0 (mu_rec=8 mu_bwd=4) | grad=0.958 | tok/s=23,078 | tokens=3.21B
[step 98000] Saved -> runs/cortex-5b-k4/checkpoint_0098000
[step 98000] Pruned -> runs/cortex-5b-k4/checkpoint_0092000
step= 98010 | loss=3.1839 | lr=3.00e-04 | wd=0.0358 | mom=0.9500 | T=9.2 k=3.5 (mu_rec=8 mu_bwd=4) | grad=1.369 | tok/s=8,588 | tokens=3.21B
step= 98020 | loss=3.0363 | lr=3.00e-04 | wd=0.0358 | mom=0.9500 | T=8.2 k=3.5 (mu_rec=8 mu_bwd=4) | grad=1.151 | tok/s=22,833 | tokens=3.21B
step= 98030 | loss=3.6650 | lr=3.00e-04 | wd=0.0358 | mom=0.9500 | T=7.8 k=4.0 (mu_rec=8 mu_bwd=4) | grad=1.915 | tok/s=23,585 | tokens=3.21B
step= 98040 | loss=3.3868 | lr=3.00e-04 | wd=0.0357 | mom=0.9500 | T=5.0 k=2.8 (mu_rec=8 mu_bwd=4) | grad=1.054 | tok/s=22,809 | tokens=3.21B
step= 98050 | loss=3.4153 | lr=3.00e-04 | wd=0.0357 | mom=0.9500 | T=4.0 k=3.5 (mu_rec=8 mu_bwd=4) | grad=1.255 | tok/s=24,289 | tokens=3.21B
step= 98060 | loss=3.1251 | lr=3.00e-04 | wd=0.0357 | mom=0.9500 | T=9.0 k=4.0 (mu_rec=8 mu_bwd=4) | grad=0.988 | tok/s=23,501 | tokens=3.21B
step= 98070 | loss=3.2351 | lr=3.00e-04 | wd=0.0357 | mom=0.9500 | T=8.5 k=4.0 (mu_rec=8 mu_bwd=4) | grad=0.872 | tok/s=22,325 | tokens=3.21B
step= 98080 | loss=3.3139 | lr=3.00e-04 | wd=0.0357 | mom=0.9500 | T=5.8 k=2.8 (mu_rec=8 mu_bwd=4) | grad=1.001 | tok/s=22,798 | tokens=3.21B
step= 98090 | loss=3.0429 | lr=3.00e-04 | wd=0.0357 | mom=0.9500 | T=6.5 k=3.2 (mu_rec=8 mu_bwd=4) | grad=1.098 | tok/s=26,021 | tokens=3.21B
step= 98100 | loss=2.9332 | lr=3.00e-04 | wd=0.0357 | mom=0.9500 | T=6.0 k=3.8 (mu_rec=8 mu_bwd=4) | grad=2.045 | tok/s=24,380 | tokens=3.21B
step= 98110 | loss=3.1042 | lr=3.00e-04 | wd=0.0357 | mom=0.9500 | T=9.8 k=3.8 (mu_rec=8 mu_bwd=4) | grad=1.164 | tok/s=24,401 | tokens=3.21B
step= 98120 | loss=3.2010 | lr=3.00e-04 | wd=0.0357 | mom=0.9500 | T=14.8 k=4.0 (mu_rec=8 mu_bwd=4) | grad=0.932 | tok/s=24,272 | tokens=3.22B
step= 98130 | loss=3.3362 | lr=3.00e-04 | wd=0.0357 | mom=0.9500 | T=10.0 k=4.0 (mu_rec=8 mu_bwd=4) | grad=1.342 | tok/s=24,059 | tokens=3.22B
step= 98140 | loss=3.9643 | lr=3.00e-04 | wd=0.0357 | mom=0.9500 | T=9.0 k=4.0 (mu_rec=8 mu_bwd=4) | grad=1.420 | tok/s=22,545 | tokens=3.22B
step= 98150 | loss=3.0693 | lr=3.00e-04 | wd=0.0357 | mom=0.9500 | T=9.8 k=4.0 (mu_rec=8 mu_bwd=4) | grad=1.008 | tok/s=22,883 | tokens=3.22B
step= 98160 | loss=4.1451 | lr=3.00e-04 | wd=0.0357 | mom=0.9500 | T=9.2 k=3.0 (mu_rec=8 mu_bwd=4) | grad=2.022 | tok/s=23,548 | tokens=3.22B
step= 98170 | loss=3.3490 | lr=3.00e-04 | wd=0.0357 | mom=0.9500 | T=5.0 k=3.8 (mu_rec=8 mu_bwd=4) | grad=0.916 | tok/s=22,238 | tokens=3.22B
step= 98180 | loss=3.0701 | lr=3.00e-04 | wd=0.0357 | mom=0.9500 | T=10.8 k=4.0 (mu_rec=8 mu_bwd=4) | grad=0.951 | tok/s=10,051 | tokens=3.22B
step= 98190 | loss=3.1530 | lr=3.00e-04 | wd=0.0357 | mom=0.9500 | T=12.0 k=4.0 (mu_rec=8 mu_bwd=4) | grad=1.975 | tok/s=21,978 | tokens=3.22B
step= 98200 | loss=3.2284 | lr=3.00e-04 | wd=0.0356 | mom=0.9500 | T=6.2 k=4.0 (mu_rec=8 mu_bwd=4) | grad=1.364 | tok/s=22,794 | tokens=3.22B
step= 98210 | loss=3.3187 | lr=3.00e-04 | wd=0.0356 | mom=0.9500 | T=7.5 k=3.8 (mu_rec=8 mu_bwd=4) | grad=2.408 | tok/s=24,750 | tokens=3.22B
step= 98220 | loss=3.1910 | lr=3.00e-04 | wd=0.0356 | mom=0.9500 | T=6.5 k=4.0 (mu_rec=8 mu_bwd=4) | grad=2.116 | tok/s=24,184 | tokens=3.22B
step= 98230 | loss=2.9315 | lr=3.00e-04 | wd=0.0356 | mom=0.9500 | T=9.5 k=3.2 (mu_rec=8 mu_bwd=4) | grad=0.915 | tok/s=22,333 | tokens=3.22B
step= 98240 | loss=3.1699 | lr=3.00e-04 | wd=0.0356 | mom=0.9500 | T=8.0 k=3.8 (mu_rec=8 mu_bwd=4) | grad=0.909 | tok/s=22,254 | tokens=3.22B
step= 98250 | loss=3.0360 | lr=3.00e-04 | wd=0.0356 | mom=0.9500 | T=6.0 k=3.2 (mu_rec=8 mu_bwd=4) | grad=0.947 | tok/s=26,061 | tokens=3.22B
step= 98260 | loss=3.1121 | lr=3.00e-04 | wd=0.0356 | mom=0.9500 | T=8.0 k=3.2 (mu_rec=8 mu_bwd=4) | grad=1.113 | tok/s=23,450 | tokens=3.22B
step= 98270 | loss=3.1026 | lr=3.00e-04 | wd=0.0356 | mom=0.9500 | T=8.0 k=3.8 (mu_rec=8 mu_bwd=4) | grad=1.388 | tok/s=23,577 | tokens=3.22B
step= 98280 | loss=2.9369 | lr=3.00e-04 | wd=0.0356 | mom=0.9500 | T=7.2 k=3.8 (mu_rec=8 mu_bwd=4) | grad=0.845 | tok/s=24,113 | tokens=3.22B
step= 98290 | loss=3.4276 | lr=3.00e-04 | wd=0.0356 | mom=0.9500 | T=14.0 k=3.8 (mu_rec=8 mu_bwd=4) | grad=1.445 | tok/s=21,551 | tokens=3.22B
step= 98300 | loss=3.0636 | lr=3.00e-04 | wd=0.0356 | mom=0.9500 | T=5.2 k=4.0 (mu_rec=8 mu_bwd=4) | grad=1.554 | tok/s=21,752 | tokens=3.22B
step= 98310 | loss=3.0470 | lr=3.00e-04 | wd=0.0356 | mom=0.9500 | T=8.5 k=3.8 (mu_rec=8 mu_bwd=4) | grad=0.974 | tok/s=24,034 | tokens=3.22B
step= 98320 | loss=2.9871 | lr=3.00e-04 | wd=0.0356 | mom=0.9500 | T=6.2 k=4.0 (mu_rec=8 mu_bwd=4) | grad=0.938 | tok/s=23,910 | tokens=3.22B
step= 98330 | loss=3.1664 | lr=3.00e-04 | wd=0.0356 | mom=0.9500 | T=5.8 k=3.5 (mu_rec=8 mu_bwd=4) | grad=0.900 | tok/s=24,443 | tokens=3.22B
step= 98340 | loss=3.0641 | lr=3.00e-04 | wd=0.0356 | mom=0.9500 | T=9.0 k=4.0 (mu_rec=8 mu_bwd=4) | grad=1.452 | tok/s=23,123 | tokens=3.22B
step= 98350 | loss=3.0931 | lr=3.00e-04 | wd=0.0355 | mom=0.9500 | T=5.2 k=3.0 (mu_rec=8 mu_bwd=4) | grad=0.950 | tok/s=23,451 | tokens=3.22B
step= 98360 | loss=3.2921 | lr=3.00e-04 | wd=0.0355 | mom=0.9500 | T=7.0 k=3.8 (mu_rec=8 mu_bwd=4) | grad=1.202 | tok/s=25,069 | tokens=3.22B
step= 98370 | loss=3.1209 | lr=3.00e-04 | wd=0.0355 | mom=0.9500 | T=13.2 k=3.8 (mu_rec=8 mu_bwd=4) | grad=0.844 | tok/s=21,750 | tokens=3.22B
step= 98380 | loss=3.9131 | lr=3.00e-04 | wd=0.0355 | mom=0.9500 | T=9.8 k=4.0 (mu_rec=8 mu_bwd=4) | grad=2.564 | tok/s=23,309 | tokens=3.22B
step= 98390 | loss=3.7199 | lr=3.00e-04 | wd=0.0355 | mom=0.9500 | T=8.2 k=4.0 (mu_rec=8 mu_bwd=4) | grad=1.542 | tok/s=24,094 | tokens=3.22B
step= 98400 | loss=2.9352 | lr=3.00e-04 | wd=0.0355 | mom=0.9500 | T=14.5 k=3.8 (mu_rec=8 mu_bwd=4) | grad=1.347 | tok/s=22,978 | tokens=3.22B
step= 98410 | loss=3.1255 | lr=3.00e-04 | wd=0.0355 | mom=0.9500 | T=7.0 k=4.0 (mu_rec=8 mu_bwd=4) | grad=1.859 | tok/s=24,453 | tokens=3.22B
step= 98420 | loss=3.0414 | lr=3.00e-04 | wd=0.0355 | mom=0.9500 | T=7.5 k=3.5 (mu_rec=8 mu_bwd=4) | grad=1.519 | tok/s=24,195 | tokens=3.23B
step= 98430 | loss=3.2491 | lr=3.00e-04 | wd=0.0355 | mom=0.9500 | T=5.0 k=4.0 (mu_rec=8 mu_bwd=4) | grad=1.420 | tok/s=22,635 | tokens=3.23B
step= 98440 | loss=2.8941 | lr=3.00e-04 | wd=0.0355 | mom=0.9500 | T=11.0 k=4.0 (mu_rec=8 mu_bwd=4) | grad=0.978 | tok/s=23,737 | tokens=3.23B
step= 98450 | loss=3.0265 | lr=3.00e-04 | wd=0.0355 | mom=0.9500 | T=6.5 k=3.8 (mu_rec=8 mu_bwd=4) | grad=1.089 | tok/s=23,199 | tokens=3.23B
step= 98460 | loss=3.3693 | lr=3.00e-04 | wd=0.0355 | mom=0.9500 | T=11.0 k=3.2 (mu_rec=8 mu_bwd=4) | grad=1.113 | tok/s=23,389 | tokens=3.23B
step= 98470 | loss=3.9546 | lr=3.00e-04 | wd=0.0355 | mom=0.9500 | T=5.0 k=3.2 (mu_rec=8 mu_bwd=4) | grad=1.354 | tok/s=24,509 | tokens=3.23B
step= 98480 | loss=3.9514 | lr=3.00e-04 | wd=0.0355 | mom=0.9500 | T=7.5 k=4.0 (mu_rec=8 mu_bwd=4) | grad=1.655 | tok/s=22,883 | tokens=3.23B
step= 98490 | loss=3.5171 | lr=3.00e-04 | wd=0.0355 | mom=0.9500 | T=5.8 k=3.5 (mu_rec=8 mu_bwd=4) | grad=1.160 | tok/s=23,369 | tokens=3.23B
step= 98500 | loss=3.4074 | lr=3.00e-04 | wd=0.0354 | mom=0.9500 | T=8.8 k=4.0 (mu_rec=8 mu_bwd=4) | grad=1.578 | tok/s=23,515 | tokens=3.23B
step= 98510 | loss=3.4652 | lr=3.00e-04 | wd=0.0354 | mom=0.9500 | T=6.5 k=3.5 (mu_rec=8 mu_bwd=4) | grad=1.017 | tok/s=23,728 | tokens=3.23B
step= 98520 | loss=3.1912 | lr=3.00e-04 | wd=0.0354 | mom=0.9500 | T=7.2 k=3.5 (mu_rec=8 mu_bwd=4) | grad=1.651 | tok/s=24,059 | tokens=3.23B
step= 98530 | loss=3.4254 | lr=3.00e-04 | wd=0.0354 | mom=0.9500 | T=12.5 k=4.0 (mu_rec=8 mu_bwd=4) | grad=1.451 | tok/s=22,521 | tokens=3.23B
step= 98540 | loss=3.4789 | lr=3.00e-04 | wd=0.0354 | mom=0.9500 | T=7.8 k=4.0 (mu_rec=8 mu_bwd=4) | grad=1.039 | tok/s=23,329 | tokens=3.23B
step= 98550 | loss=3.6284 | lr=3.00e-04 | wd=0.0354 | mom=0.9500 | T=5.0 k=4.0 (mu_rec=8 mu_bwd=4) | grad=1.388 | tok/s=24,201 | tokens=3.23B
step= 98560 | loss=3.0274 | lr=3.00e-04 | wd=0.0354 | mom=0.9500 | T=5.0 k=2.8 (mu_rec=8 mu_bwd=4) | grad=1.502 | tok/s=24,770 | tokens=3.23B
step= 98570 | loss=3.4171 | lr=3.00e-04 | wd=0.0354 | mom=0.9500 | T=4.8 k=3.8 (mu_rec=8 mu_bwd=4) | grad=1.016 | tok/s=23,162 | tokens=3.23B
step= 98580 | loss=3.2091 | lr=3.00e-04 | wd=0.0354 | mom=0.9500 | T=6.0 k=3.8 (mu_rec=8 mu_bwd=4) | grad=0.906 | tok/s=23,824 | tokens=3.23B
step= 98590 | loss=3.1157 | lr=3.00e-04 | wd=0.0354 | mom=0.9500 | T=8.5 k=4.0 (mu_rec=8 mu_bwd=4) | grad=1.383 | tok/s=22,057 | tokens=3.23B
step= 98600 | loss=2.5853 | lr=3.00e-04 | wd=0.0354 | mom=0.9500 | T=5.8 k=3.2 (mu_rec=8 mu_bwd=4) | grad=0.957 | tok/s=24,261 | tokens=3.23B
step= 98610 | loss=3.1809 | lr=3.00e-04 | wd=0.0354 | mom=0.9500 | T=3.2 k=3.0 (mu_rec=8 mu_bwd=4) | grad=1.241 | tok/s=25,418 | tokens=3.23B
step= 98620 | loss=3.2164 | lr=3.00e-04 | wd=0.0354 | mom=0.9500 | T=5.8 k=3.8 (mu_rec=8 mu_bwd=4) | grad=1.099 | tok/s=25,264 | tokens=3.23B
step= 98630 | loss=2.8127 | lr=3.00e-04 | wd=0.0354 | mom=0.9500 | T=6.2 k=3.8 (mu_rec=8 mu_bwd=4) | grad=0.957 | tok/s=23,159 | tokens=3.23B
step= 98640 | loss=3.2765 | lr=3.00e-04 | wd=0.0354 | mom=0.9500 | T=7.8 k=3.2 (mu_rec=8 mu_bwd=4) | grad=0.882 | tok/s=23,008 | tokens=3.23B
step= 98650 | loss=3.1551 | lr=3.00e-04 | wd=0.0353 | mom=0.9500 | T=9.2 k=3.2 (mu_rec=8 mu_bwd=4) | grad=0.917 | tok/s=23,552 | tokens=3.23B
step= 98660 | loss=3.0671 | lr=3.00e-04 | wd=0.0353 | mom=0.9500 | T=7.0 k=4.0 (mu_rec=8 mu_bwd=4) | grad=1.751 | tok/s=21,900 | tokens=3.23B
step= 98670 | loss=3.2309 | lr=3.00e-04 | wd=0.0353 | mom=0.9500 | T=12.2 k=4.0 (mu_rec=8 mu_bwd=4) | grad=0.862 | tok/s=22,658 | tokens=3.23B
step= 98680 | loss=3.2936 | lr=3.00e-04 | wd=0.0353 | mom=0.9500 | T=7.5 k=4.0 (mu_rec=8 mu_bwd=4) | grad=0.969 | tok/s=23,256 | tokens=3.23B
step= 98690 | loss=3.1466 | lr=3.00e-04 | wd=0.0353 | mom=0.9500 | T=5.5 k=3.8 (mu_rec=8 mu_bwd=4) | grad=1.000 | tok/s=24,897 | tokens=3.23B
step= 98700 | loss=3.0583 | lr=3.00e-04 | wd=0.0353 | mom=0.9500 | T=6.0 k=4.0 (mu_rec=8 mu_bwd=4) | grad=0.913 | tok/s=22,172 | tokens=3.23B
step= 98710 | loss=3.6850 | lr=3.00e-04 | wd=0.0353 | mom=0.9500 | T=7.5 k=3.2 (mu_rec=8 mu_bwd=4) | grad=1.495 | tok/s=22,377 | tokens=3.23B
step= 98720 | loss=3.0332 | lr=3.00e-04 | wd=0.0353 | mom=0.9500 | T=6.8 k=3.0 (mu_rec=8 mu_bwd=4) | grad=0.937 | tok/s=21,054 | tokens=3.23B
step= 98730 | loss=3.0389 | lr=3.00e-04 | wd=0.0353 | mom=0.9500 | T=9.8 k=3.8 (mu_rec=8 mu_bwd=4) | grad=0.972 | tok/s=22,825 | tokens=3.24B
step= 98740 | loss=3.4840 | lr=3.00e-04 | wd=0.0353 | mom=0.9500 | T=6.5 k=4.0 (mu_rec=8 mu_bwd=4) | grad=1.376 | tok/s=24,819 | tokens=3.24B
step= 98750 | loss=3.8775 | lr=3.00e-04 | wd=0.0353 | mom=0.9500 | T=11.2 k=4.0 (mu_rec=8 mu_bwd=4) | grad=2.348 | tok/s=23,626 | tokens=3.24B
step= 98760 | loss=2.9824 | lr=3.00e-04 | wd=0.0353 | mom=0.9500 | T=9.5 k=4.0 (mu_rec=8 mu_bwd=4) | grad=2.295 | tok/s=21,634 | tokens=3.24B
step= 98770 | loss=3.2635 | lr=3.00e-04 | wd=0.0353 | mom=0.9500 | T=8.5 k=4.0 (mu_rec=8 mu_bwd=4) | grad=1.695 | tok/s=23,708 | tokens=3.24B
step= 98780 | loss=3.2822 | lr=3.00e-04 | wd=0.0353 | mom=0.9500 | T=13.0 k=3.2 (mu_rec=8 mu_bwd=4) | grad=2.750 | tok/s=21,244 | tokens=3.24B
step= 98790 | loss=3.2765 | lr=3.00e-04 | wd=0.0353 | mom=0.9500 | T=7.0 k=3.2 (mu_rec=8 mu_bwd=4) | grad=1.181 | tok/s=22,224 | tokens=3.24B
step= 98800 | loss=3.2911 | lr=3.00e-04 | wd=0.0353 | mom=0.9500 | T=11.2 k=4.0 (mu_rec=8 mu_bwd=4) | grad=1.324 | tok/s=11,091 | tokens=3.24B
step= 98810 | loss=3.1302 | lr=3.00e-04 | wd=0.0352 | mom=0.9500 | T=13.5 k=4.0 (mu_rec=8 mu_bwd=4) | grad=1.304 | tok/s=23,409 | tokens=3.24B
step= 98820 | loss=3.0772 | lr=3.00e-04 | wd=0.0352 | mom=0.9500 | T=10.5 k=4.0 (mu_rec=8 mu_bwd=4) | grad=0.823 | tok/s=22,537 | tokens=3.24B
step= 98830 | loss=3.1398 | lr=3.00e-04 | wd=0.0352 | mom=0.9500 | T=7.0 k=3.8 (mu_rec=8 mu_bwd=4) | grad=1.602 | tok/s=23,416 | tokens=3.24B
step= 98840 | loss=3.3888 | lr=3.00e-04 | wd=0.0352 | mom=0.9500 | T=7.2 k=3.2 (mu_rec=8 mu_bwd=4) | grad=1.445 | tok/s=24,433 | tokens=3.24B
step= 98850 | loss=3.4018 | lr=3.00e-04 | wd=0.0352 | mom=0.9500 | T=8.2 k=2.5 (mu_rec=8 mu_bwd=4) | grad=1.348 | tok/s=24,248 | tokens=3.24B
step= 98860 | loss=3.4222 | lr=3.00e-04 | wd=0.0352 | mom=0.9500 | T=4.5 k=3.2 (mu_rec=8 mu_bwd=4) | grad=1.062 | tok/s=22,551 | tokens=3.24B
step= 98870 | loss=3.2295 | lr=3.00e-04 | wd=0.0352 | mom=0.9500 | T=3.2 k=3.2 (mu_rec=8 mu_bwd=4) | grad=1.161 | tok/s=22,736 | tokens=3.24B
step= 98880 | loss=3.2122 | lr=3.00e-04 | wd=0.0352 | mom=0.9500 | T=10.2 k=4.0 (mu_rec=8 mu_bwd=4) | grad=1.028 | tok/s=23,451 | tokens=3.24B
step= 98890 | loss=3.2846 | lr=3.00e-04 | wd=0.0352 | mom=0.9500 | T=9.8 k=3.5 (mu_rec=8 mu_bwd=4) | grad=0.874 | tok/s=23,801 | tokens=3.24B
step= 98900 | loss=3.1446 | lr=3.00e-04 | wd=0.0352 | mom=0.9500 | T=13.8 k=4.0 (mu_rec=8 mu_bwd=4) | grad=0.954 | tok/s=21,404 | tokens=3.24B
step= 98910 | loss=3.0572 | lr=3.00e-04 | wd=0.0352 | mom=0.9500 | T=6.5 k=3.2 (mu_rec=8 mu_bwd=4) | grad=0.974 | tok/s=24,243 | tokens=3.24B
step= 98920 | loss=3.1325 | lr=3.00e-04 | wd=0.0352 | mom=0.9500 | T=7.2 k=4.0 (mu_rec=8 mu_bwd=4) | grad=0.953 | tok/s=22,677 | tokens=3.24B
step= 98930 | loss=3.1108 | lr=3.00e-04 | wd=0.0352 | mom=0.9500 | T=6.0 k=4.0 (mu_rec=8 mu_bwd=4) | grad=1.318 | tok/s=24,001 | tokens=3.24B
step= 98940 | loss=3.2126 | lr=3.00e-04 | wd=0.0352 | mom=0.9500 | T=5.5 k=3.5 (mu_rec=8 mu_bwd=4) | grad=1.080 | tok/s=22,345 | tokens=3.24B
step= 98950 | loss=3.0805 | lr=3.00e-04 | wd=0.0352 | mom=0.9500 | T=8.8 k=4.0 (mu_rec=8 mu_bwd=4) | grad=1.496 | tok/s=22,958 | tokens=3.24B
step= 98960 | loss=3.2913 | lr=3.00e-04 | wd=0.0351 | mom=0.9500 | T=6.8 k=3.8 (mu_rec=8 mu_bwd=4) | grad=1.061 | tok/s=23,839 | tokens=3.24B
step= 98970 | loss=3.1498 | lr=3.00e-04 | wd=0.0351 | mom=0.9500 | T=10.8 k=4.0 (mu_rec=8 mu_bwd=4) | grad=1.366 | tok/s=24,232 | tokens=3.24B
step= 98980 | loss=3.2284 | lr=3.00e-04 | wd=0.0351 | mom=0.9500 | T=10.5 k=3.5 (mu_rec=8 mu_bwd=4) | grad=0.998 | tok/s=23,889 | tokens=3.24B
step= 98990 | loss=3.0754 | lr=3.00e-04 | wd=0.0351 | mom=0.9500 | T=10.5 k=4.0 (mu_rec=8 mu_bwd=4) | grad=0.967 | tok/s=23,686 | tokens=3.24B
step= 99000 | loss=3.2954 | lr=3.00e-04 | wd=0.0351 | mom=0.9500 | T=5.8 k=3.8 (mu_rec=8 mu_bwd=4) | grad=0.847 | tok/s=25,579 | tokens=3.24B
step= 99010 | loss=3.3485 | lr=3.00e-04 | wd=0.0351 | mom=0.9500 | T=12.5 k=3.8 (mu_rec=8 mu_bwd=4) | grad=1.781 | tok/s=22,604 | tokens=3.24B
step= 99020 | loss=3.1464 | lr=3.00e-04 | wd=0.0351 | mom=0.9500 | T=7.2 k=3.5 (mu_rec=8 mu_bwd=4) | grad=1.122 | tok/s=22,824 | tokens=3.24B
step= 99030 | loss=3.2191 | lr=3.00e-04 | wd=0.0351 | mom=0.9500 | T=9.8 k=4.0 (mu_rec=8 mu_bwd=4) | grad=0.862 | tok/s=23,177 | tokens=3.25B
step= 99040 | loss=3.1839 | lr=3.00e-04 | wd=0.0351 | mom=0.9500 | T=2.5 k=2.5 (mu_rec=8 mu_bwd=4) | grad=0.900 | tok/s=25,242 | tokens=3.25B
step= 99050 | loss=3.1640 | lr=3.00e-04 | wd=0.0351 | mom=0.9500 | T=11.2 k=4.0 (mu_rec=8 mu_bwd=4) | grad=1.151 | tok/s=21,888 | tokens=3.25B
step= 99060 | loss=2.8802 | lr=3.00e-04 | wd=0.0351 | mom=0.9500 | T=5.5 k=3.8 (mu_rec=8 mu_bwd=4) | grad=1.103 | tok/s=23,719 | tokens=3.25B
step= 99070 | loss=3.3896 | lr=3.00e-04 | wd=0.0351 | mom=0.9500 | T=5.8 k=3.5 (mu_rec=8 mu_bwd=4) | grad=0.980 | tok/s=23,505 | tokens=3.25B
step= 99080 | loss=3.0529 | lr=3.00e-04 | wd=0.0351 | mom=0.9500 | T=9.0 k=4.0 (mu_rec=8 mu_bwd=4) | grad=0.823 | tok/s=23,698 | tokens=3.25B
step= 99090 | loss=3.0772 | lr=3.00e-04 | wd=0.0351 | mom=0.9500 | T=8.8 k=4.0 (mu_rec=8 mu_bwd=4) | grad=1.013 | tok/s=23,822 | tokens=3.25B
step= 99100 | loss=3.1142 | lr=3.00e-04 | wd=0.0351 | mom=0.9500 | T=4.8 k=2.8 (mu_rec=8 mu_bwd=4) | grad=1.468 | tok/s=23,303 | tokens=3.25B
step= 99110 | loss=2.8835 | lr=3.00e-04 | wd=0.0350 | mom=0.9500 | T=11.8 k=3.2 (mu_rec=8 mu_bwd=4) | grad=1.040 | tok/s=22,425 | tokens=3.25B
step= 99120 | loss=3.2218 | lr=3.00e-04 | wd=0.0350 | mom=0.9500 | T=6.0 k=4.0 (mu_rec=8 mu_bwd=4) | grad=1.467 | tok/s=10,951 | tokens=3.25B
step= 99130 | loss=3.3104 | lr=3.00e-04 | wd=0.0350 | mom=0.9500 | T=6.8 k=4.0 (mu_rec=8 mu_bwd=4) | grad=0.993 | tok/s=23,545 | tokens=3.25B
step= 99140 | loss=3.2095 | lr=3.00e-04 | wd=0.0350 | mom=0.9500 | T=8.2 k=4.0 (mu_rec=8 mu_bwd=4) | grad=1.650 | tok/s=22,351 | tokens=3.25B
step= 99150 | loss=3.2085 | lr=3.00e-04 | wd=0.0350 | mom=0.9500 | T=7.5 k=3.8 (mu_rec=8 mu_bwd=4) | grad=1.329 | tok/s=23,827 | tokens=3.25B
step= 99160 | loss=3.2353 | lr=3.00e-04 | wd=0.0350 | mom=0.9500 | T=5.2 k=3.5 (mu_rec=8 mu_bwd=4) | grad=1.043 | tok/s=21,816 | tokens=3.25B
step= 99170 | loss=2.9850 | lr=3.00e-04 | wd=0.0350 | mom=0.9500 | T=5.8 k=4.0 (mu_rec=8 mu_bwd=4) | grad=1.290 | tok/s=23,105 | tokens=3.25B
step= 99180 | loss=3.2937 | lr=3.00e-04 | wd=0.0350 | mom=0.9500 | T=5.8 k=3.5 (mu_rec=8 mu_bwd=4) | grad=1.167 | tok/s=22,701 | tokens=3.25B
step= 99190 | loss=3.0050 | lr=3.00e-04 | wd=0.0350 | mom=0.9500 | T=7.2 k=4.0 (mu_rec=8 mu_bwd=4) | grad=0.865 | tok/s=23,845 | tokens=3.25B
step= 99200 | loss=2.8233 | lr=3.00e-04 | wd=0.0350 | mom=0.9500 | T=7.8 k=3.8 (mu_rec=8 mu_bwd=4) | grad=0.900 | tok/s=21,580 | tokens=3.25B
step= 99210 | loss=3.4805 | lr=3.00e-04 | wd=0.0350 | mom=0.9500 | T=6.2 k=3.5 (mu_rec=8 mu_bwd=4) | grad=1.206 | tok/s=24,701 | tokens=3.25B
step= 99220 | loss=3.2816 | lr=3.00e-04 | wd=0.0350 | mom=0.9500 | T=11.5 k=4.0 (mu_rec=8 mu_bwd=4) | grad=1.805 | tok/s=24,062 | tokens=3.25B
step= 99230 | loss=3.0411 | lr=3.00e-04 | wd=0.0350 | mom=0.9500 | T=5.2 k=3.0 (mu_rec=8 mu_bwd=4) | grad=1.141 | tok/s=24,314 | tokens=3.25B
step= 99240 | loss=3.4510 | lr=3.00e-04 | wd=0.0350 | mom=0.9500 | T=10.5 k=3.5 (mu_rec=8 mu_bwd=4) | grad=1.465 | tok/s=22,377 | tokens=3.25B
step= 99250 | loss=3.1513 | lr=3.00e-04 | wd=0.0350 | mom=0.9500 | T=16.5 k=4.0 (mu_rec=8 mu_bwd=4) | grad=1.071 | tok/s=22,812 | tokens=3.25B
step= 99260 | loss=3.2351 | lr=3.00e-04 | wd=0.0349 | mom=0.9500 | T=9.0 k=3.2 (mu_rec=8 mu_bwd=4) | grad=0.955 | tok/s=23,546 | tokens=3.25B
step= 99270 | loss=3.0521 | lr=3.00e-04 | wd=0.0349 | mom=0.9500 | T=6.8 k=4.0 (mu_rec=8 mu_bwd=4) | grad=2.851 | tok/s=23,704 | tokens=3.25B
step= 99280 | loss=3.0925 | lr=3.00e-04 | wd=0.0349 | mom=0.9500 | T=11.5 k=4.0 (mu_rec=8 mu_bwd=4) | grad=3.370 | tok/s=23,422 | tokens=3.25B
step= 99290 | loss=3.1687 | lr=3.00e-04 | wd=0.0349 | mom=0.9500 | T=6.0 k=4.0 (mu_rec=8 mu_bwd=4) | grad=2.127 | tok/s=24,780 | tokens=3.25B
step= 99300 | loss=3.2556 | lr=3.00e-04 | wd=0.0349 | mom=0.9500 | T=9.2 k=4.0 (mu_rec=8 mu_bwd=4) | grad=0.878 | tok/s=22,353 | tokens=3.25B
step= 99310 | loss=3.0889 | lr=3.00e-04 | wd=0.0349 | mom=0.9500 | T=11.2 k=4.0 (mu_rec=8 mu_bwd=4) | grad=1.054 | tok/s=24,310 | tokens=3.25B
step= 99320 | loss=3.0071 | lr=3.00e-04 | wd=0.0349 | mom=0.9500 | T=4.8 k=3.5 (mu_rec=8 mu_bwd=4) | grad=1.996 | tok/s=23,454 | tokens=3.25B
step= 99330 | loss=3.1340 | lr=3.00e-04 | wd=0.0349 | mom=0.9500 | T=9.5 k=4.0 (mu_rec=8 mu_bwd=4) | grad=0.965 | tok/s=23,011 | tokens=3.25B
step= 99340 | loss=2.9271 | lr=3.00e-04 | wd=0.0349 | mom=0.9500 | T=8.8 k=4.0 (mu_rec=8 mu_bwd=4) | grad=1.422 | tok/s=23,972 | tokens=3.26B
step= 99350 | loss=3.2488 | lr=3.00e-04 | wd=0.0349 | mom=0.9500 | T=6.0 k=3.2 (mu_rec=8 mu_bwd=4) | grad=1.335 | tok/s=24,894 | tokens=3.26B
step= 99360 | loss=3.1538 | lr=3.00e-04 | wd=0.0349 | mom=0.9500 | T=12.0 k=4.0 (mu_rec=8 mu_bwd=4) | grad=1.298 | tok/s=24,202 | tokens=3.26B
step= 99370 | loss=3.1172 | lr=3.00e-04 | wd=0.0349 | mom=0.9500 | T=12.2 k=4.0 (mu_rec=8 mu_bwd=4) | grad=0.965 | tok/s=22,249 | tokens=3.26B
step= 99380 | loss=3.0523 | lr=3.00e-04 | wd=0.0349 | mom=0.9500 | T=7.2 k=3.8 (mu_rec=8 mu_bwd=4) | grad=1.177 | tok/s=22,083 | tokens=3.26B
step= 99390 | loss=3.2465 | lr=3.00e-04 | wd=0.0349 | mom=0.9500 | T=7.5 k=3.5 (mu_rec=8 mu_bwd=4) | grad=1.219 | tok/s=23,675 | tokens=3.26B
step= 99400 | loss=3.2246 | lr=3.00e-04 | wd=0.0349 | mom=0.9500 | T=6.5 k=3.8 (mu_rec=8 mu_bwd=4) | grad=1.044 | tok/s=23,933 | tokens=3.26B
step= 99410 | loss=3.2460 | lr=3.00e-04 | wd=0.0349 | mom=0.9500 | T=13.2 k=4.0 (mu_rec=8 mu_bwd=4) | grad=1.082 | tok/s=23,964 | tokens=3.26B
step= 99420 | loss=2.9420 | lr=3.00e-04 | wd=0.0348 | mom=0.9500 | T=9.8 k=3.8 (mu_rec=8 mu_bwd=4) | grad=0.973 | tok/s=21,470 | tokens=3.26B
step= 99430 | loss=3.1677 | lr=3.00e-04 | wd=0.0348 | mom=0.9500 | T=10.8 k=3.8 (mu_rec=8 mu_bwd=4) | grad=1.228 | tok/s=23,237 | tokens=3.26B
step= 99440 | loss=3.0575 | lr=3.00e-04 | wd=0.0348 | mom=0.9500 | T=7.0 k=3.8 (mu_rec=8 mu_bwd=4) | grad=0.857 | tok/s=22,773 | tokens=3.26B
step= 99450 | loss=2.7900 | lr=3.00e-04 | wd=0.0348 | mom=0.9500 | T=12.0 k=4.0 (mu_rec=8 mu_bwd=4) | grad=1.066 | tok/s=23,648 | tokens=3.26B
step= 99460 | loss=3.2337 | lr=3.00e-04 | wd=0.0348 | mom=0.9500 | T=6.8 k=3.0 (mu_rec=8 mu_bwd=4) | grad=1.981 | tok/s=23,427 | tokens=3.26B
step= 99470 | loss=3.2758 | lr=3.00e-04 | wd=0.0348 | mom=0.9500 | T=6.8 k=3.5 (mu_rec=8 mu_bwd=4) | grad=0.931 | tok/s=23,210 | tokens=3.26B
step= 99480 | loss=3.1042 | lr=3.00e-04 | wd=0.0348 | mom=0.9500 | T=5.0 k=3.2 (mu_rec=8 mu_bwd=4) | grad=0.896 | tok/s=23,589 | tokens=3.26B
step= 99490 | loss=2.9344 | lr=3.00e-04 | wd=0.0348 | mom=0.9500 | T=9.8 k=4.0 (mu_rec=8 mu_bwd=4) | grad=1.022 | tok/s=25,097 | tokens=3.26B
step= 99500 | loss=3.2486 | lr=3.00e-04 | wd=0.0348 | mom=0.9500 | T=3.8 k=3.2 (mu_rec=8 mu_bwd=4) | grad=1.073 | tok/s=24,195 | tokens=3.26B
step= 99510 | loss=3.0640 | lr=3.00e-04 | wd=0.0348 | mom=0.9500 | T=11.0 k=4.0 (mu_rec=8 mu_bwd=4) | grad=1.173 | tok/s=23,609 | tokens=3.26B
step= 99520 | loss=2.8121 | lr=3.00e-04 | wd=0.0348 | mom=0.9500 | T=7.8 k=3.5 (mu_rec=8 mu_bwd=4) | grad=1.220 | tok/s=24,356 | tokens=3.26B
step= 99530 | loss=2.9280 | lr=3.00e-04 | wd=0.0348 | mom=0.9500 | T=7.0 k=3.5 (mu_rec=8 mu_bwd=4) | grad=0.887 | tok/s=22,778 | tokens=3.26B
step= 99540 | loss=3.1882 | lr=3.00e-04 | wd=0.0348 | mom=0.9500 | T=13.5 k=4.0 (mu_rec=8 mu_bwd=4) | grad=0.836 | tok/s=21,493 | tokens=3.26B
step= 99550 | loss=3.1691 | lr=3.00e-04 | wd=0.0348 | mom=0.9500 | T=10.0 k=4.0 (mu_rec=8 mu_bwd=4) | grad=0.909 | tok/s=23,374 | tokens=3.26B
step= 99560 | loss=3.2682 | lr=3.00e-04 | wd=0.0348 | mom=0.9500 | T=6.8 k=4.0 (mu_rec=8 mu_bwd=4) | grad=0.893 | tok/s=22,341 | tokens=3.26B
step= 99570 | loss=3.0456 | lr=3.00e-04 | wd=0.0347 | mom=0.9500 | T=5.0 k=3.5 (mu_rec=8 mu_bwd=4) | grad=1.079 | tok/s=24,429 | tokens=3.26B
step= 99580 | loss=2.9311 | lr=3.00e-04 | wd=0.0347 | mom=0.9500 | T=12.0 k=4.0 (mu_rec=8 mu_bwd=4) | grad=0.795 | tok/s=23,659 | tokens=3.26B
step= 99590 | loss=3.0692 | lr=3.00e-04 | wd=0.0347 | mom=0.9500 | T=8.8 k=4.0 (mu_rec=8 mu_bwd=4) | grad=1.118 | tok/s=21,670 | tokens=3.26B
step= 99600 | loss=3.2426 | lr=3.00e-04 | wd=0.0347 | mom=0.9500 | T=8.0 k=3.0 (mu_rec=8 mu_bwd=4) | grad=1.020 | tok/s=23,403 | tokens=3.26B
step= 99610 | loss=3.1001 | lr=3.00e-04 | wd=0.0347 | mom=0.9500 | T=10.0 k=4.0 (mu_rec=8 mu_bwd=4) | grad=1.107 | tok/s=25,029 | tokens=3.26B
step= 99620 | loss=3.2686 | lr=3.00e-04 | wd=0.0347 | mom=0.9500 | T=7.8 k=4.0 (mu_rec=8 mu_bwd=4) | grad=1.213 | tok/s=9,952 | tokens=3.26B
step= 99630 | loss=4.4275 | lr=3.00e-04 | wd=0.0347 | mom=0.9500 | T=5.2 k=3.5 (mu_rec=8 mu_bwd=4) | grad=2.127 | tok/s=26,085 | tokens=3.26B
step= 99640 | loss=4.0896 | lr=3.00e-04 | wd=0.0347 | mom=0.9500 | T=9.5 k=4.0 (mu_rec=8 mu_bwd=4) | grad=0.930 | tok/s=24,030 | tokens=3.27B
step= 99650 | loss=3.8948 | lr=3.00e-04 | wd=0.0347 | mom=0.9500 | T=7.5 k=3.5 (mu_rec=8 mu_bwd=4) | grad=1.373 | tok/s=23,603 | tokens=3.27B
step= 99660 | loss=3.7255 | lr=3.00e-04 | wd=0.0347 | mom=0.9500 | T=8.0 k=4.0 (mu_rec=8 mu_bwd=4) | grad=1.024 | tok/s=24,192 | tokens=3.27B
step= 99670 | loss=3.7155 | lr=3.00e-04 | wd=0.0347 | mom=0.9500 | T=6.0 k=3.5 (mu_rec=8 mu_bwd=4) | grad=1.047 | tok/s=22,664 | tokens=3.27B
step= 99680 | loss=3.6078 | lr=3.00e-04 | wd=0.0347 | mom=0.9500 | T=4.2 k=2.5 (mu_rec=8 mu_bwd=4) | grad=1.409 | tok/s=23,959 | tokens=3.27B
step= 99690 | loss=2.9763 | lr=3.00e-04 | wd=0.0347 | mom=0.9500 | T=11.2 k=4.0 (mu_rec=8 mu_bwd=4) | grad=4.047 | tok/s=22,866 | tokens=3.27B
step= 99700 | loss=4.2376 | lr=3.00e-04 | wd=0.0347 | mom=0.9500 | T=9.0 k=4.0 (mu_rec=8 mu_bwd=4) | grad=2.775 | tok/s=22,929 | tokens=3.27B
step= 99710 | loss=3.6629 | lr=3.00e-04 | wd=0.0347 | mom=0.9500 | T=4.5 k=3.2 (mu_rec=8 mu_bwd=4) | grad=1.341 | tok/s=23,572 | tokens=3.27B
step= 99720 | loss=3.1298 | lr=3.00e-04 | wd=0.0346 | mom=0.9500 | T=4.0 k=3.0 (mu_rec=8 mu_bwd=4) | grad=1.136 | tok/s=25,749 | tokens=3.27B
step= 99730 | loss=2.9868 | lr=3.00e-04 | wd=0.0346 | mom=0.9500 | T=11.2 k=4.0 (mu_rec=8 mu_bwd=4) | grad=1.108 | tok/s=22,886 | tokens=3.27B
step= 99740 | loss=3.1374 | lr=3.00e-04 | wd=0.0346 | mom=0.9500 | T=10.0 k=4.0 (mu_rec=8 mu_bwd=4) | grad=1.056 | tok/s=23,196 | tokens=3.27B
step= 99750 | loss=3.3082 | lr=3.00e-04 | wd=0.0346 | mom=0.9500 | T=7.2 k=4.0 (mu_rec=8 mu_bwd=4) | grad=1.383 | tok/s=25,433 | tokens=3.27B
step= 99760 | loss=3.2118 | lr=3.00e-04 | wd=0.0346 | mom=0.9500 | T=7.0 k=3.2 (mu_rec=8 mu_bwd=4) | grad=1.306 | tok/s=22,992 | tokens=3.27B
step= 99770 | loss=3.0670 | lr=3.00e-04 | wd=0.0346 | mom=0.9500 | T=14.5 k=4.0 (mu_rec=8 mu_bwd=4) | grad=0.909 | tok/s=23,156 | tokens=3.27B
step= 99780 | loss=2.8790 | lr=3.00e-04 | wd=0.0346 | mom=0.9500 | T=7.5 k=3.8 (mu_rec=8 mu_bwd=4) | grad=0.910 | tok/s=24,348 | tokens=3.27B
step= 99790 | loss=3.2435 | lr=3.00e-04 | wd=0.0346 | mom=0.9500 | T=12.2 k=4.0 (mu_rec=8 mu_bwd=4) | grad=0.917 | tok/s=22,129 | tokens=3.27B
step= 99800 | loss=2.9877 | lr=3.00e-04 | wd=0.0346 | mom=0.9500 | T=9.0 k=4.0 (mu_rec=8 mu_bwd=4) | grad=1.534 | tok/s=21,260 | tokens=3.27B
step= 99810 | loss=3.2859 | lr=3.00e-04 | wd=0.0346 | mom=0.9500 | T=15.0 k=4.0 (mu_rec=8 mu_bwd=4) | grad=1.462 | tok/s=21,765 | tokens=3.27B
step= 99820 | loss=3.3166 | lr=3.00e-04 | wd=0.0346 | mom=0.9500 | T=10.5 k=4.0 (mu_rec=8 mu_bwd=4) | grad=1.623 | tok/s=22,984 | tokens=3.27B
step= 99830 | loss=3.0435 | lr=3.00e-04 | wd=0.0346 | mom=0.9500 | T=10.0 k=3.5 (mu_rec=8 mu_bwd=4) | grad=1.384 | tok/s=23,905 | tokens=3.27B
step= 99840 | loss=2.9323 | lr=3.00e-04 | wd=0.0346 | mom=0.9500 | T=8.5 k=4.0 (mu_rec=8 mu_bwd=4) | grad=0.868 | tok/s=22,938 | tokens=3.27B
step= 99850 | loss=2.9455 | lr=3.00e-04 | wd=0.0346 | mom=0.9500 | T=17.8 k=4.0 (mu_rec=8 mu_bwd=4) | grad=0.909 | tok/s=22,375 | tokens=3.27B
step= 99860 | loss=3.3217 | lr=3.00e-04 | wd=0.0346 | mom=0.9500 | T=9.2 k=4.0 (mu_rec=8 mu_bwd=4) | grad=0.799 | tok/s=22,851 | tokens=3.27B
step= 99870 | loss=3.1442 | lr=3.00e-04 | wd=0.0345 | mom=0.9500 | T=7.2 k=3.5 (mu_rec=8 mu_bwd=4) | grad=0.916 | tok/s=22,375 | tokens=3.27B
step= 99880 | loss=3.1412 | lr=3.00e-04 | wd=0.0345 | mom=0.9500 | T=6.5 k=3.2 (mu_rec=8 mu_bwd=4) | grad=1.263 | tok/s=24,570 | tokens=3.27B
step= 99890 | loss=3.0517 | lr=3.00e-04 | wd=0.0345 | mom=0.9500 | T=12.0 k=3.8 (mu_rec=8 mu_bwd=4) | grad=0.913 | tok/s=22,803 | tokens=3.27B
step= 99900 | loss=3.0191 | lr=3.00e-04 | wd=0.0345 | mom=0.9500 | T=7.5 k=3.8 (mu_rec=8 mu_bwd=4) | grad=0.884 | tok/s=22,397 | tokens=3.27B
step= 99910 | loss=3.0244 | lr=3.00e-04 | wd=0.0345 | mom=0.9500 | T=8.2 k=3.5 (mu_rec=8 mu_bwd=4) | grad=1.066 | tok/s=23,530 | tokens=3.27B
step= 99920 | loss=3.3047 | lr=3.00e-04 | wd=0.0345 | mom=0.9500 | T=6.2 k=3.8 (mu_rec=8 mu_bwd=4) | grad=1.303 | tok/s=25,401 | tokens=3.27B
step= 99930 | loss=2.8919 | lr=3.00e-04 | wd=0.0345 | mom=0.9500 | T=5.8 k=2.8 (mu_rec=8 mu_bwd=4) | grad=1.082 | tok/s=24,125 | tokens=3.27B
step= 99940 | loss=2.8655 | lr=3.00e-04 | wd=0.0345 | mom=0.9500 | T=6.5 k=3.8 (mu_rec=8 mu_bwd=4) | grad=1.277 | tok/s=22,767 | tokens=3.27B
step= 99950 | loss=3.0425 | lr=3.00e-04 | wd=0.0345 | mom=0.9500 | T=5.2 k=3.5 (mu_rec=8 mu_bwd=4) | grad=0.939 | tok/s=9,599 | tokens=3.28B
step= 99960 | loss=3.6059 | lr=3.00e-04 | wd=0.0345 | mom=0.9500 | T=8.5 k=3.8 (mu_rec=8 mu_bwd=4) | grad=1.985 | tok/s=23,120 | tokens=3.28B
step= 99970 | loss=3.1706 | lr=3.00e-04 | wd=0.0345 | mom=0.9500 | T=7.5 k=4.0 (mu_rec=8 mu_bwd=4) | grad=1.124 | tok/s=22,295 | tokens=3.28B
step= 99980 | loss=3.0995 | lr=3.00e-04 | wd=0.0345 | mom=0.9500 | T=9.5 k=3.5 (mu_rec=8 mu_bwd=4) | grad=1.066 | tok/s=23,289 | tokens=3.28B
step= 99990 | loss=3.4117 | lr=3.00e-04 | wd=0.0345 | mom=0.9500 | T=9.8 k=4.0 (mu_rec=8 mu_bwd=4) | grad=1.668 | tok/s=25,511 | tokens=3.28B
step=100000 | loss=3.2314 | lr=3.00e-04 | wd=0.0345 | mom=0.9500 | T=13.0 k=4.0 (mu_rec=8 mu_bwd=4) | grad=1.021 | tok/s=21,894 | tokens=3.28B
[step 100000] Saved -> runs/cortex-5b-k4/checkpoint_0100000
[step 100000] Pruned -> runs/cortex-5b-k4/checkpoint_0094000
step=100010 | loss=3.2127 | lr=3.00e-04 | wd=0.0345 | mom=0.9500 | T=2.8 k=2.5 (mu_rec=8 mu_bwd=4) | grad=0.979 | tok/s=13,763 | tokens=3.28B
step=100020 | loss=3.2302 | lr=3.00e-04 | wd=0.0345 | mom=0.9500 | T=11.2 k=3.8 (mu_rec=8 mu_bwd=4) | grad=1.040 | tok/s=22,658 | tokens=3.28B
step=100030 | loss=2.9140 | lr=3.00e-04 | wd=0.0344 | mom=0.9500 | T=7.2 k=4.0 (mu_rec=8 mu_bwd=4) | grad=2.424 | tok/s=23,936 | tokens=3.28B
step=100040 | loss=3.2980 | lr=3.00e-04 | wd=0.0344 | mom=0.9500 | T=6.8 k=3.2 (mu_rec=8 mu_bwd=4) | grad=1.118 | tok/s=23,144 | tokens=3.28B
step=100050 | loss=2.7269 | lr=3.00e-04 | wd=0.0344 | mom=0.9500 | T=4.2 k=2.5 (mu_rec=8 mu_bwd=4) | grad=1.439 | tok/s=24,729 | tokens=3.28B
step=100060 | loss=3.2755 | lr=3.00e-04 | wd=0.0344 | mom=0.9500 | T=6.8 k=3.5 (mu_rec=8 mu_bwd=4) | grad=0.975 | tok/s=26,840 | tokens=3.28B
step=100070 | loss=2.9360 | lr=3.00e-04 | wd=0.0344 | mom=0.9500 | T=4.8 k=3.2 (mu_rec=8 mu_bwd=4) | grad=1.112 | tok/s=25,434 | tokens=3.28B
step=100080 | loss=3.1902 | lr=3.00e-04 | wd=0.0344 | mom=0.9500 | T=10.0 k=4.0 (mu_rec=8 mu_bwd=4) | grad=1.225 | tok/s=24,277 | tokens=3.28B
step=100090 | loss=2.9630 | lr=3.00e-04 | wd=0.0344 | mom=0.9500 | T=9.5 k=4.0 (mu_rec=8 mu_bwd=4) | grad=1.130 | tok/s=23,570 | tokens=3.28B
step=100100 | loss=3.0522 | lr=3.00e-04 | wd=0.0344 | mom=0.9500 | T=11.8 k=3.5 (mu_rec=8 mu_bwd=4) | grad=1.352 | tok/s=22,994 | tokens=3.28B
step=100110 | loss=3.5635 | lr=3.00e-04 | wd=0.0344 | mom=0.9500 | T=9.5 k=3.8 (mu_rec=8 mu_bwd=4) | grad=1.472 | tok/s=23,406 | tokens=3.28B
step=100120 | loss=3.3766 | lr=3.00e-04 | wd=0.0344 | mom=0.9500 | T=10.8 k=4.0 (mu_rec=8 mu_bwd=4) | grad=0.969 | tok/s=23,881 | tokens=3.28B
step=100130 | loss=3.2308 | lr=3.00e-04 | wd=0.0344 | mom=0.9500 | T=11.0 k=4.0 (mu_rec=8 mu_bwd=4) | grad=0.941 | tok/s=25,044 | tokens=3.28B
step=100140 | loss=3.1277 | lr=3.00e-04 | wd=0.0344 | mom=0.9500 | T=7.8 k=4.0 (mu_rec=8 mu_bwd=4) | grad=0.956 | tok/s=24,170 | tokens=3.28B
step=100150 | loss=3.2004 | lr=3.00e-04 | wd=0.0344 | mom=0.9500 | T=6.0 k=4.0 (mu_rec=8 mu_bwd=4) | grad=1.074 | tok/s=23,246 | tokens=3.28B
step=100160 | loss=3.3099 | lr=3.00e-04 | wd=0.0344 | mom=0.9500 | T=8.2 k=3.8 (mu_rec=8 mu_bwd=4) | grad=1.452 | tok/s=24,606 | tokens=3.28B
step=100170 | loss=3.0252 | lr=3.00e-04 | wd=0.0344 | mom=0.9500 | T=10.5 k=4.0 (mu_rec=8 mu_bwd=4) | grad=0.871 | tok/s=20,702 | tokens=3.28B
step=100180 | loss=3.3490 | lr=3.00e-04 | wd=0.0343 | mom=0.9500 | T=14.8 k=4.0 (mu_rec=8 mu_bwd=4) | grad=9.321 | tok/s=21,944 | tokens=3.28B
step=100190 | loss=3.2516 | lr=3.00e-04 | wd=0.0343 | mom=0.9500 | T=8.8 k=4.0 (mu_rec=8 mu_bwd=4) | grad=1.386 | tok/s=24,363 | tokens=3.28B
step=100200 | loss=3.0381 | lr=3.00e-04 | wd=0.0343 | mom=0.9500 | T=9.5 k=4.0 (mu_rec=8 mu_bwd=4) | grad=1.440 | tok/s=23,782 | tokens=3.28B
step=100210 | loss=3.0959 | lr=3.00e-04 | wd=0.0343 | mom=0.9500 | T=8.2 k=3.5 (mu_rec=8 mu_bwd=4) | grad=1.319 | tok/s=23,411 | tokens=3.28B
step=100220 | loss=3.1407 | lr=3.00e-04 | wd=0.0343 | mom=0.9500 | T=4.2 k=3.5 (mu_rec=8 mu_bwd=4) | grad=1.514 | tok/s=22,971 | tokens=3.28B
step=100230 | loss=3.1680 | lr=3.00e-04 | wd=0.0343 | mom=0.9500 | T=11.5 k=3.8 (mu_rec=8 mu_bwd=4) | grad=1.140 | tok/s=23,988 | tokens=3.28B
step=100240 | loss=2.9233 | lr=3.00e-04 | wd=0.0343 | mom=0.9500 | T=8.8 k=3.2 (mu_rec=8 mu_bwd=4) | grad=1.189 | tok/s=23,713 | tokens=3.28B
step=100250 | loss=3.0993 | lr=3.00e-04 | wd=0.0343 | mom=0.9500 | T=8.5 k=4.0 (mu_rec=8 mu_bwd=4) | grad=2.246 | tok/s=21,657 | tokens=3.28B
step=100260 | loss=3.1263 | lr=3.00e-04 | wd=0.0343 | mom=0.9500 | T=9.2 k=3.2 (mu_rec=8 mu_bwd=4) | grad=1.058 | tok/s=23,001 | tokens=3.29B
step=100270 | loss=3.0527 | lr=3.00e-04 | wd=0.0343 | mom=0.9500 | T=10.2 k=4.0 (mu_rec=8 mu_bwd=4) | grad=0.777 | tok/s=24,075 | tokens=3.29B
step=100280 | loss=2.5558 | lr=3.00e-04 | wd=0.0343 | mom=0.9500 | T=13.8 k=4.0 (mu_rec=8 mu_bwd=4) | grad=1.012 | tok/s=21,045 | tokens=3.29B
step=100290 | loss=2.7910 | lr=3.00e-04 | wd=0.0343 | mom=0.9500 | T=8.2 k=3.8 (mu_rec=8 mu_bwd=4) | grad=0.948 | tok/s=23,492 | tokens=3.29B
step=100300 | loss=3.1096 | lr=3.00e-04 | wd=0.0343 | mom=0.9500 | T=11.8 k=4.0 (mu_rec=8 mu_bwd=4) | grad=1.017 | tok/s=22,125 | tokens=3.29B
step=100310 | loss=3.2407 | lr=3.00e-04 | wd=0.0343 | mom=0.9500 | T=6.5 k=4.0 (mu_rec=8 mu_bwd=4) | grad=1.170 | tok/s=25,348 | tokens=3.29B
step=100320 | loss=3.4522 | lr=3.00e-04 | wd=0.0343 | mom=0.9500 | T=4.5 k=3.0 (mu_rec=8 mu_bwd=4) | grad=1.804 | tok/s=23,617 | tokens=3.29B
step=100330 | loss=3.0001 | lr=3.00e-04 | wd=0.0342 | mom=0.9500 | T=7.2 k=4.0 (mu_rec=8 mu_bwd=4) | grad=1.944 | tok/s=25,174 | tokens=3.29B
step=100340 | loss=2.8626 | lr=3.00e-04 | wd=0.0342 | mom=0.9500 | T=6.8 k=3.8 (mu_rec=8 mu_bwd=4) | grad=0.956 | tok/s=24,989 | tokens=3.29B
step=100350 | loss=3.2621 | lr=3.00e-04 | wd=0.0342 | mom=0.9500 | T=7.5 k=4.0 (mu_rec=8 mu_bwd=4) | grad=0.885 | tok/s=24,672 | tokens=3.29B
step=100360 | loss=3.3022 | lr=3.00e-04 | wd=0.0342 | mom=0.9500 | T=4.8 k=2.8 (mu_rec=8 mu_bwd=4) | grad=1.157 | tok/s=24,996 | tokens=3.29B
step=100370 | loss=3.1450 | lr=3.00e-04 | wd=0.0342 | mom=0.9500 | T=9.0 k=4.0 (mu_rec=8 mu_bwd=4) | grad=2.763 | tok/s=21,645 | tokens=3.29B
step=100380 | loss=3.1772 | lr=3.00e-04 | wd=0.0342 | mom=0.9500 | T=11.0 k=4.0 (mu_rec=8 mu_bwd=4) | grad=1.271 | tok/s=22,798 | tokens=3.29B
step=100390 | loss=3.5026 | lr=3.00e-04 | wd=0.0342 | mom=0.9500 | T=8.2 k=4.0 (mu_rec=8 mu_bwd=4) | grad=0.938 | tok/s=24,441 | tokens=3.29B
step=100400 | loss=3.3112 | lr=3.00e-04 | wd=0.0342 | mom=0.9500 | T=10.0 k=4.0 (mu_rec=8 mu_bwd=4) | grad=1.272 | tok/s=23,518 | tokens=3.29B
step=100410 | loss=2.8441 | lr=3.00e-04 | wd=0.0342 | mom=0.9500 | T=6.5 k=4.0 (mu_rec=8 mu_bwd=4) | grad=1.278 | tok/s=21,985 | tokens=3.29B
step=100420 | loss=2.9500 | lr=3.00e-04 | wd=0.0342 | mom=0.9500 | T=6.8 k=4.0 (mu_rec=8 mu_bwd=4) | grad=1.161 | tok/s=24,115 | tokens=3.29B
step=100430 | loss=3.6418 | lr=3.00e-04 | wd=0.0342 | mom=0.9500 | T=6.5 k=3.2 (mu_rec=8 mu_bwd=4) | grad=1.947 | tok/s=22,943 | tokens=3.29B
step=100440 | loss=3.1648 | lr=3.00e-04 | wd=0.0342 | mom=0.9500 | T=9.5 k=3.2 (mu_rec=8 mu_bwd=4) | grad=0.962 | tok/s=23,511 | tokens=3.29B
step=100450 | loss=3.0197 | lr=3.00e-04 | wd=0.0342 | mom=0.9500 | T=8.8 k=3.8 (mu_rec=8 mu_bwd=4) | grad=2.628 | tok/s=21,771 | tokens=3.29B
step=100460 | loss=3.5359 | lr=3.00e-04 | wd=0.0342 | mom=0.9500 | T=12.5 k=4.0 (mu_rec=8 mu_bwd=4) | grad=1.427 | tok/s=21,471 | tokens=3.29B
step=100470 | loss=3.5128 | lr=3.00e-04 | wd=0.0342 | mom=0.9500 | T=13.8 k=4.0 (mu_rec=8 mu_bwd=4) | grad=1.501 | tok/s=24,388 | tokens=3.29B
step=100480 | loss=2.9027 | lr=3.00e-04 | wd=0.0341 | mom=0.9500 | T=8.5 k=3.2 (mu_rec=8 mu_bwd=4) | grad=1.336 | tok/s=21,954 | tokens=3.29B
step=100490 | loss=3.3283 | lr=3.00e-04 | wd=0.0341 | mom=0.9500 | T=9.2 k=4.0 (mu_rec=8 mu_bwd=4) | grad=1.425 | tok/s=22,192 | tokens=3.29B
step=100500 | loss=3.1425 | lr=3.00e-04 | wd=0.0341 | mom=0.9500 | T=8.8 k=4.0 (mu_rec=8 mu_bwd=4) | grad=0.830 | tok/s=23,154 | tokens=3.29B
step=100510 | loss=3.5400 | lr=3.00e-04 | wd=0.0341 | mom=0.9500 | T=6.2 k=3.2 (mu_rec=8 mu_bwd=4) | grad=1.144 | tok/s=22,954 | tokens=3.29B
step=100520 | loss=3.1208 | lr=3.00e-04 | wd=0.0341 | mom=0.9500 | T=9.8 k=3.8 (mu_rec=8 mu_bwd=4) | grad=0.863 | tok/s=23,627 | tokens=3.29B
step=100530 | loss=3.4197 | lr=3.00e-04 | wd=0.0341 | mom=0.9500 | T=8.2 k=4.0 (mu_rec=8 mu_bwd=4) | grad=0.919 | tok/s=24,018 | tokens=3.29B
step=100540 | loss=3.3833 | lr=3.00e-04 | wd=0.0341 | mom=0.9500 | T=5.5 k=4.0 (mu_rec=8 mu_bwd=4) | grad=1.825 | tok/s=9,324 | tokens=3.29B
step=100550 | loss=3.1060 | lr=3.00e-04 | wd=0.0341 | mom=0.9500 | T=4.8 k=3.0 (mu_rec=8 mu_bwd=4) | grad=8.471 | tok/s=24,451 | tokens=3.29B
step=100560 | loss=3.1642 | lr=3.00e-04 | wd=0.0341 | mom=0.9500 | T=6.0 k=3.5 (mu_rec=8 mu_bwd=4) | grad=1.228 | tok/s=22,702 | tokens=3.30B
step=100570 | loss=3.4721 | lr=3.00e-04 | wd=0.0341 | mom=0.9500 | T=9.0 k=4.0 (mu_rec=8 mu_bwd=4) | grad=0.885 | tok/s=21,746 | tokens=3.30B
step=100580 | loss=3.0746 | lr=3.00e-04 | wd=0.0341 | mom=0.9500 | T=5.0 k=3.2 (mu_rec=8 mu_bwd=4) | grad=1.697 | tok/s=22,789 | tokens=3.30B
step=100590 | loss=3.1054 | lr=3.00e-04 | wd=0.0341 | mom=0.9500 | T=8.8 k=4.0 (mu_rec=8 mu_bwd=4) | grad=0.923 | tok/s=24,580 | tokens=3.30B
step=100600 | loss=2.9820 | lr=3.00e-04 | wd=0.0341 | mom=0.9500 | T=13.2 k=4.0 (mu_rec=8 mu_bwd=4) | grad=1.012 | tok/s=21,934 | tokens=3.30B
step=100610 | loss=3.3631 | lr=3.00e-04 | wd=0.0341 | mom=0.9500 | T=9.8 k=3.8 (mu_rec=8 mu_bwd=4) | grad=0.846 | tok/s=23,183 | tokens=3.30B
step=100620 | loss=3.2632 | lr=3.00e-04 | wd=0.0341 | mom=0.9500 | T=10.2 k=3.5 (mu_rec=8 mu_bwd=4) | grad=1.017 | tok/s=21,687 | tokens=3.30B
step=100630 | loss=3.0446 | lr=3.00e-04 | wd=0.0341 | mom=0.9500 | T=12.2 k=3.2 (mu_rec=8 mu_bwd=4) | grad=1.052 | tok/s=22,821 | tokens=3.30B
step=100640 | loss=3.1201 | lr=3.00e-04 | wd=0.0340 | mom=0.9500 | T=10.8 k=4.0 (mu_rec=8 mu_bwd=4) | grad=1.017 | tok/s=23,198 | tokens=3.30B
step=100650 | loss=3.0330 | lr=3.00e-04 | wd=0.0340 | mom=0.9500 | T=5.0 k=3.8 (mu_rec=8 mu_bwd=4) | grad=0.995 | tok/s=21,060 | tokens=3.30B
step=100660 | loss=3.2808 | lr=3.00e-04 | wd=0.0340 | mom=0.9500 | T=7.2 k=3.2 (mu_rec=8 mu_bwd=4) | grad=0.980 | tok/s=23,386 | tokens=3.30B
step=100670 | loss=3.2435 | lr=3.00e-04 | wd=0.0340 | mom=0.9500 | T=14.0 k=3.8 (mu_rec=8 mu_bwd=4) | grad=0.888 | tok/s=22,334 | tokens=3.30B
step=100680 | loss=3.2039 | lr=3.00e-04 | wd=0.0340 | mom=0.9500 | T=6.0 k=3.5 (mu_rec=8 mu_bwd=4) | grad=1.496 | tok/s=22,924 | tokens=3.30B
step=100690 | loss=3.3615 | lr=3.00e-04 | wd=0.0340 | mom=0.9500 | T=6.5 k=3.8 (mu_rec=8 mu_bwd=4) | grad=1.534 | tok/s=23,066 | tokens=3.30B
step=100700 | loss=3.2431 | lr=3.00e-04 | wd=0.0340 | mom=0.9500 | T=6.5 k=4.0 (mu_rec=8 mu_bwd=4) | grad=1.385 | tok/s=23,465 | tokens=3.30B
step=100710 | loss=3.1875 | lr=3.00e-04 | wd=0.0340 | mom=0.9500 | T=7.0 k=4.0 (mu_rec=8 mu_bwd=4) | grad=1.463 | tok/s=23,861 | tokens=3.30B
step=100720 | loss=3.8875 | lr=3.00e-04 | wd=0.0340 | mom=0.9500 | T=7.8 k=4.0 (mu_rec=8 mu_bwd=4) | grad=1.490 | tok/s=23,255 | tokens=3.30B
step=100730 | loss=3.6096 | lr=3.00e-04 | wd=0.0340 | mom=0.9500 | T=7.8 k=3.8 (mu_rec=8 mu_bwd=4) | grad=1.411 | tok/s=26,056 | tokens=3.30B
step=100740 | loss=3.6279 | lr=3.00e-04 | wd=0.0340 | mom=0.9500 | T=8.5 k=4.0 (mu_rec=8 mu_bwd=4) | grad=0.990 | tok/s=20,993 | tokens=3.30B
step=100750 | loss=3.1937 | lr=3.00e-04 | wd=0.0340 | mom=0.9500 | T=5.2 k=3.2 (mu_rec=8 mu_bwd=4) | grad=1.013 | tok/s=23,220 | tokens=3.30B
step=100760 | loss=3.2378 | lr=3.00e-04 | wd=0.0340 | mom=0.9500 | T=7.2 k=3.2 (mu_rec=8 mu_bwd=4) | grad=1.121 | tok/s=24,531 | tokens=3.30B
step=100770 | loss=3.1834 | lr=3.00e-04 | wd=0.0340 | mom=0.9500 | T=9.8 k=3.5 (mu_rec=8 mu_bwd=4) | grad=0.956 | tok/s=23,606 | tokens=3.30B
step=100780 | loss=3.1599 | lr=3.00e-04 | wd=0.0340 | mom=0.9500 | T=10.8 k=3.8 (mu_rec=8 mu_bwd=4) | grad=0.966 | tok/s=22,487 | tokens=3.30B
step=100790 | loss=3.3635 | lr=3.00e-04 | wd=0.0339 | mom=0.9500 | T=7.8 k=4.0 (mu_rec=8 mu_bwd=4) | grad=1.104 | tok/s=22,914 | tokens=3.30B
step=100800 | loss=3.4175 | lr=3.00e-04 | wd=0.0339 | mom=0.9500 | T=9.8 k=3.8 (mu_rec=8 mu_bwd=4) | grad=1.317 | tok/s=23,912 | tokens=3.30B
step=100810 | loss=3.1750 | lr=3.00e-04 | wd=0.0339 | mom=0.9500 | T=11.2 k=4.0 (mu_rec=8 mu_bwd=4) | grad=1.161 | tok/s=23,606 | tokens=3.30B
step=100820 | loss=3.3033 | lr=3.00e-04 | wd=0.0339 | mom=0.9500 | T=11.8 k=4.0 (mu_rec=8 mu_bwd=4) | grad=0.892 | tok/s=23,466 | tokens=3.30B
step=100830 | loss=3.0405 | lr=3.00e-04 | wd=0.0339 | mom=0.9500 | T=9.0 k=4.0 (mu_rec=8 mu_bwd=4) | grad=1.008 | tok/s=22,677 | tokens=3.30B
step=100840 | loss=3.5418 | lr=3.00e-04 | wd=0.0339 | mom=0.9500 | T=9.0 k=4.0 (mu_rec=8 mu_bwd=4) | grad=1.282 | tok/s=23,276 | tokens=3.30B
step=100850 | loss=3.3776 | lr=3.00e-04 | wd=0.0339 | mom=0.9500 | T=6.5 k=4.0 (mu_rec=8 mu_bwd=4) | grad=1.347 | tok/s=24,669 | tokens=3.30B
step=100860 | loss=3.2997 | lr=3.00e-04 | wd=0.0339 | mom=0.9500 | T=6.0 k=3.2 (mu_rec=8 mu_bwd=4) | grad=0.829 | tok/s=24,573 | tokens=3.30B
step=100870 | loss=3.2403 | lr=3.00e-04 | wd=0.0339 | mom=0.9500 | T=5.8 k=3.5 (mu_rec=8 mu_bwd=4) | grad=1.468 | tok/s=22,563 | tokens=3.31B
step=100880 | loss=3.1269 | lr=3.00e-04 | wd=0.0339 | mom=0.9500 | T=8.2 k=3.2 (mu_rec=8 mu_bwd=4) | grad=1.244 | tok/s=24,123 | tokens=3.31B
step=100890 | loss=2.9478 | lr=3.00e-04 | wd=0.0339 | mom=0.9500 | T=6.5 k=3.5 (mu_rec=8 mu_bwd=4) | grad=1.109 | tok/s=23,338 | tokens=3.31B
step=100900 | loss=3.3237 | lr=3.00e-04 | wd=0.0339 | mom=0.9500 | T=6.8 k=3.2 (mu_rec=8 mu_bwd=4) | grad=0.968 | tok/s=8,858 | tokens=3.31B
step=100910 | loss=3.0986 | lr=3.00e-04 | wd=0.0339 | mom=0.9500 | T=7.5 k=3.8 (mu_rec=8 mu_bwd=4) | grad=1.042 | tok/s=25,602 | tokens=3.31B
step=100920 | loss=2.9062 | lr=3.00e-04 | wd=0.0339 | mom=0.9500 | T=5.8 k=3.8 (mu_rec=8 mu_bwd=4) | grad=0.802 | tok/s=23,460 | tokens=3.31B
step=100930 | loss=3.2218 | lr=3.00e-04 | wd=0.0339 | mom=0.9500 | T=4.5 k=3.5 (mu_rec=8 mu_bwd=4) | grad=1.233 | tok/s=24,416 | tokens=3.31B
step=100940 | loss=2.9701 | lr=3.00e-04 | wd=0.0338 | mom=0.9500 | T=5.2 k=3.5 (mu_rec=8 mu_bwd=4) | grad=1.300 | tok/s=23,960 | tokens=3.31B
step=100950 | loss=3.1393 | lr=3.00e-04 | wd=0.0338 | mom=0.9500 | T=8.2 k=4.0 (mu_rec=8 mu_bwd=4) | grad=1.166 | tok/s=25,620 | tokens=3.31B
step=100960 | loss=3.3151 | lr=3.00e-04 | wd=0.0338 | mom=0.9500 | T=10.8 k=4.0 (mu_rec=8 mu_bwd=4) | grad=3.477 | tok/s=24,431 | tokens=3.31B
step=100970 | loss=3.2469 | lr=3.00e-04 | wd=0.0338 | mom=0.9500 | T=8.8 k=4.0 (mu_rec=8 mu_bwd=4) | grad=0.899 | tok/s=22,227 | tokens=3.31B
step=100980 | loss=3.0167 | lr=3.00e-04 | wd=0.0338 | mom=0.9500 | T=8.2 k=4.0 (mu_rec=8 mu_bwd=4) | grad=0.980 | tok/s=24,497 | tokens=3.31B
step=100990 | loss=3.3869 | lr=3.00e-04 | wd=0.0338 | mom=0.9500 | T=6.5 k=3.8 (mu_rec=8 mu_bwd=4) | grad=1.823 | tok/s=25,141 | tokens=3.31B
step=101000 | loss=3.4064 | lr=3.00e-04 | wd=0.0338 | mom=0.9500 | T=3.5 k=3.5 (mu_rec=8 mu_bwd=4) | grad=1.492 | tok/s=22,378 | tokens=3.31B
step=101010 | loss=3.1963 | lr=3.00e-04 | wd=0.0338 | mom=0.9500 | T=6.2 k=3.8 (mu_rec=8 mu_bwd=4) | grad=1.803 | tok/s=26,082 | tokens=3.31B
step=101020 | loss=3.1589 | lr=3.00e-04 | wd=0.0338 | mom=0.9500 | T=8.0 k=3.2 (mu_rec=8 mu_bwd=4) | grad=0.928 | tok/s=23,707 | tokens=3.31B
step=101030 | loss=2.9245 | lr=3.00e-04 | wd=0.0338 | mom=0.9500 | T=10.5 k=4.0 (mu_rec=8 mu_bwd=4) | grad=0.882 | tok/s=23,312 | tokens=3.31B
step=101040 | loss=3.0758 | lr=3.00e-04 | wd=0.0338 | mom=0.9500 | T=7.5 k=4.0 (mu_rec=8 mu_bwd=4) | grad=1.666 | tok/s=23,186 | tokens=3.31B
step=101050 | loss=3.2027 | lr=3.00e-04 | wd=0.0338 | mom=0.9500 | T=4.5 k=3.8 (mu_rec=8 mu_bwd=4) | grad=0.918 | tok/s=23,227 | tokens=3.31B
step=101060 | loss=3.0431 | lr=3.00e-04 | wd=0.0338 | mom=0.9500 | T=9.2 k=3.8 (mu_rec=8 mu_bwd=4) | grad=1.475 | tok/s=23,563 | tokens=3.31B
step=101070 | loss=3.2326 | lr=3.00e-04 | wd=0.0338 | mom=0.9500 | T=9.5 k=4.0 (mu_rec=8 mu_bwd=4) | grad=0.927 | tok/s=26,281 | tokens=3.31B
step=101080 | loss=3.3408 | lr=3.00e-04 | wd=0.0338 | mom=0.9500 | T=9.2 k=4.0 (mu_rec=8 mu_bwd=4) | grad=1.442 | tok/s=22,494 | tokens=3.31B
step=101090 | loss=3.3085 | lr=3.00e-04 | wd=0.0337 | mom=0.9500 | T=7.5 k=3.8 (mu_rec=8 mu_bwd=4) | grad=0.891 | tok/s=22,583 | tokens=3.31B
step=101100 | loss=3.3512 | lr=3.00e-04 | wd=0.0337 | mom=0.9500 | T=5.5 k=3.5 (mu_rec=8 mu_bwd=4) | grad=1.048 | tok/s=24,122 | tokens=3.31B
step=101110 | loss=3.1737 | lr=3.00e-04 | wd=0.0337 | mom=0.9500 | T=7.8 k=3.2 (mu_rec=8 mu_bwd=4) | grad=0.999 | tok/s=23,543 | tokens=3.31B
step=101120 | loss=3.2626 | lr=3.00e-04 | wd=0.0337 | mom=0.9500 | T=8.8 k=3.5 (mu_rec=8 mu_bwd=4) | grad=1.062 | tok/s=23,273 | tokens=3.31B
step=101130 | loss=3.2393 | lr=3.00e-04 | wd=0.0337 | mom=0.9500 | T=5.0 k=3.8 (mu_rec=8 mu_bwd=4) | grad=0.835 | tok/s=24,124 | tokens=3.31B
step=101140 | loss=2.9548 | lr=3.00e-04 | wd=0.0337 | mom=0.9500 | T=7.2 k=4.0 (mu_rec=8 mu_bwd=4) | grad=1.186 | tok/s=22,831 | tokens=3.31B
step=101150 | loss=3.1553 | lr=3.00e-04 | wd=0.0337 | mom=0.9500 | T=6.8 k=4.0 (mu_rec=8 mu_bwd=4) | grad=1.038 | tok/s=22,315 | tokens=3.31B
step=101160 | loss=3.2891 | lr=3.00e-04 | wd=0.0337 | mom=0.9500 | T=7.0 k=4.0 (mu_rec=8 mu_bwd=4) | grad=1.131 | tok/s=22,207 | tokens=3.31B
step=101170 | loss=2.8222 | lr=3.00e-04 | wd=0.0337 | mom=0.9500 | T=10.2 k=4.0 (mu_rec=8 mu_bwd=4) | grad=1.071 | tok/s=23,247 | tokens=3.32B
step=101180 | loss=3.2254 | lr=3.00e-04 | wd=0.0337 | mom=0.9500 | T=6.0 k=3.2 (mu_rec=8 mu_bwd=4) | grad=0.962 | tok/s=23,284 | tokens=3.32B
step=101190 | loss=3.0457 | lr=3.00e-04 | wd=0.0337 | mom=0.9500 | T=6.5 k=3.2 (mu_rec=8 mu_bwd=4) | grad=0.948 | tok/s=24,400 | tokens=3.32B
step=101200 | loss=2.9315 | lr=3.00e-04 | wd=0.0337 | mom=0.9500 | T=7.5 k=3.5 (mu_rec=8 mu_bwd=4) | grad=1.019 | tok/s=23,263 | tokens=3.32B
step=101210 | loss=3.6941 | lr=3.00e-04 | wd=0.0337 | mom=0.9500 | T=15.2 k=3.8 (mu_rec=8 mu_bwd=4) | grad=1.084 | tok/s=22,923 | tokens=3.32B
step=101220 | loss=3.4640 | lr=3.00e-04 | wd=0.0337 | mom=0.9500 | T=9.5 k=3.2 (mu_rec=8 mu_bwd=4) | grad=0.872 | tok/s=22,592 | tokens=3.32B
step=101230 | loss=3.4102 | lr=3.00e-04 | wd=0.0337 | mom=0.9500 | T=6.8 k=3.8 (mu_rec=8 mu_bwd=4) | grad=1.337 | tok/s=23,439 | tokens=3.32B
step=101240 | loss=3.3023 | lr=3.00e-04 | wd=0.0337 | mom=0.9500 | T=6.2 k=4.0 (mu_rec=8 mu_bwd=4) | grad=1.291 | tok/s=22,258 | tokens=3.32B
step=101250 | loss=3.0355 | lr=3.00e-04 | wd=0.0336 | mom=0.9500 | T=7.5 k=3.2 (mu_rec=8 mu_bwd=4) | grad=1.247 | tok/s=23,518 | tokens=3.32B
step=101260 | loss=3.1732 | lr=3.00e-04 | wd=0.0336 | mom=0.9500 | T=9.2 k=4.0 (mu_rec=8 mu_bwd=4) | grad=0.867 | tok/s=24,603 | tokens=3.32B
step=101270 | loss=3.2266 | lr=3.00e-04 | wd=0.0336 | mom=0.9500 | T=7.0 k=4.0 (mu_rec=8 mu_bwd=4) | grad=0.795 | tok/s=25,473 | tokens=3.32B
step=101280 | loss=2.9983 | lr=3.00e-04 | wd=0.0336 | mom=0.9500 | T=11.8 k=4.0 (mu_rec=8 mu_bwd=4) | grad=1.132 | tok/s=24,114 | tokens=3.32B
step=101290 | loss=3.1469 | lr=3.00e-04 | wd=0.0336 | mom=0.9500 | T=8.2 k=4.0 (mu_rec=8 mu_bwd=4) | grad=0.891 | tok/s=22,979 | tokens=3.32B
step=101300 | loss=3.5198 | lr=3.00e-04 | wd=0.0336 | mom=0.9500 | T=7.8 k=4.0 (mu_rec=8 mu_bwd=4) | grad=1.580 | tok/s=23,500 | tokens=3.32B
step=101310 | loss=3.3181 | lr=3.00e-04 | wd=0.0336 | mom=0.9500 | T=7.8 k=3.8 (mu_rec=8 mu_bwd=4) | grad=1.099 | tok/s=23,797 | tokens=3.32B
step=101320 | loss=3.2019 | lr=3.00e-04 | wd=0.0336 | mom=0.9500 | T=3.8 k=3.0 (mu_rec=8 mu_bwd=4) | grad=1.274 | tok/s=22,910 | tokens=3.32B
step=101330 | loss=3.2658 | lr=3.00e-04 | wd=0.0336 | mom=0.9500 | T=9.8 k=4.0 (mu_rec=8 mu_bwd=4) | grad=0.977 | tok/s=23,018 | tokens=3.32B
step=101340 | loss=3.4777 | lr=3.00e-04 | wd=0.0336 | mom=0.9500 | T=10.5 k=4.0 (mu_rec=8 mu_bwd=4) | grad=0.895 | tok/s=22,161 | tokens=3.32B
step=101350 | loss=3.2128 | lr=3.00e-04 | wd=0.0336 | mom=0.9500 | T=5.2 k=3.5 (mu_rec=8 mu_bwd=4) | grad=1.024 | tok/s=24,344 | tokens=3.32B
step=101360 | loss=3.4368 | lr=3.00e-04 | wd=0.0336 | mom=0.9500 | T=5.8 k=3.8 (mu_rec=8 mu_bwd=4) | grad=1.732 | tok/s=24,400 | tokens=3.32B
step=101370 | loss=3.2364 | lr=3.00e-04 | wd=0.0336 | mom=0.9500 | T=8.0 k=4.0 (mu_rec=8 mu_bwd=4) | grad=1.004 | tok/s=24,469 | tokens=3.32B
step=101380 | loss=2.9392 | lr=3.00e-04 | wd=0.0336 | mom=0.9500 | T=11.0 k=4.0 (mu_rec=8 mu_bwd=4) | grad=0.984 | tok/s=25,258 | tokens=3.32B
step=101390 | loss=3.2931 | lr=3.00e-04 | wd=0.0336 | mom=0.9500 | T=7.5 k=3.8 (mu_rec=8 mu_bwd=4) | grad=0.877 | tok/s=24,602 | tokens=3.32B
step=101400 | loss=3.3381 | lr=3.00e-04 | wd=0.0335 | mom=0.9500 | T=9.2 k=4.0 (mu_rec=8 mu_bwd=4) | grad=1.019 | tok/s=10,143 | tokens=3.32B
step=101410 | loss=3.2064 | lr=3.00e-04 | wd=0.0335 | mom=0.9500 | T=6.2 k=4.0 (mu_rec=8 mu_bwd=4) | grad=1.009 | tok/s=21,464 | tokens=3.32B
step=101420 | loss=2.9356 | lr=3.00e-04 | wd=0.0335 | mom=0.9500 | T=8.2 k=3.8 (mu_rec=8 mu_bwd=4) | grad=0.854 | tok/s=24,094 | tokens=3.32B
step=101430 | loss=3.4109 | lr=3.00e-04 | wd=0.0335 | mom=0.9500 | T=3.2 k=3.2 (mu_rec=8 mu_bwd=4) | grad=1.005 | tok/s=23,072 | tokens=3.32B
step=101440 | loss=3.1197 | lr=3.00e-04 | wd=0.0335 | mom=0.9500 | T=8.8 k=4.0 (mu_rec=8 mu_bwd=4) | grad=1.356 | tok/s=24,762 | tokens=3.32B
step=101450 | loss=3.1754 | lr=3.00e-04 | wd=0.0335 | mom=0.9500 | T=5.8 k=3.5 (mu_rec=8 mu_bwd=4) | grad=1.483 | tok/s=22,796 | tokens=3.32B
step=101460 | loss=3.6996 | lr=3.00e-04 | wd=0.0335 | mom=0.9500 | T=6.5 k=3.8 (mu_rec=8 mu_bwd=4) | grad=1.067 | tok/s=22,247 | tokens=3.32B
step=101470 | loss=3.2274 | lr=3.00e-04 | wd=0.0335 | mom=0.9500 | T=3.8 k=3.0 (mu_rec=8 mu_bwd=4) | grad=1.019 | tok/s=24,259 | tokens=3.32B
step=101480 | loss=3.4245 | lr=3.00e-04 | wd=0.0335 | mom=0.9500 | T=8.8 k=4.0 (mu_rec=8 mu_bwd=4) | grad=1.052 | tok/s=22,456 | tokens=3.33B
step=101490 | loss=3.2722 | lr=3.00e-04 | wd=0.0335 | mom=0.9500 | T=11.5 k=4.0 (mu_rec=8 mu_bwd=4) | grad=1.054 | tok/s=20,978 | tokens=3.33B
step=101500 | loss=3.2056 | lr=3.00e-04 | wd=0.0335 | mom=0.9500 | T=9.8 k=4.0 (mu_rec=8 mu_bwd=4) | grad=1.554 | tok/s=23,335 | tokens=3.33B
step=101510 | loss=3.5418 | lr=3.00e-04 | wd=0.0335 | mom=0.9500 | T=10.5 k=3.8 (mu_rec=8 mu_bwd=4) | grad=1.057 | tok/s=24,076 | tokens=3.33B
step=101520 | loss=3.1170 | lr=3.00e-04 | wd=0.0335 | mom=0.9500 | T=7.2 k=3.5 (mu_rec=8 mu_bwd=4) | grad=0.881 | tok/s=24,146 | tokens=3.33B
step=101530 | loss=3.2642 | lr=3.00e-04 | wd=0.0335 | mom=0.9500 | T=7.5 k=4.0 (mu_rec=8 mu_bwd=4) | grad=0.884 | tok/s=24,665 | tokens=3.33B
step=101540 | loss=3.3000 | lr=3.00e-04 | wd=0.0335 | mom=0.9500 | T=7.5 k=4.0 (mu_rec=8 mu_bwd=4) | grad=1.154 | tok/s=22,932 | tokens=3.33B
step=101550 | loss=3.1035 | lr=3.00e-04 | wd=0.0334 | mom=0.9500 | T=3.5 k=3.0 (mu_rec=8 mu_bwd=4) | grad=1.443 | tok/s=24,443 | tokens=3.33B
step=101560 | loss=3.4526 | lr=3.00e-04 | wd=0.0334 | mom=0.9500 | T=15.5 k=4.0 (mu_rec=8 mu_bwd=4) | grad=1.410 | tok/s=22,932 | tokens=3.33B
step=101570 | loss=2.8378 | lr=3.00e-04 | wd=0.0334 | mom=0.9500 | T=10.2 k=4.0 (mu_rec=8 mu_bwd=4) | grad=1.063 | tok/s=23,002 | tokens=3.33B
step=101580 | loss=3.0372 | lr=3.00e-04 | wd=0.0334 | mom=0.9500 | T=7.8 k=3.8 (mu_rec=8 mu_bwd=4) | grad=0.847 | tok/s=23,816 | tokens=3.33B
step=101590 | loss=3.2140 | lr=3.00e-04 | wd=0.0334 | mom=0.9500 | T=7.0 k=4.0 (mu_rec=8 mu_bwd=4) | grad=1.069 | tok/s=24,028 | tokens=3.33B
step=101600 | loss=2.9809 | lr=3.00e-04 | wd=0.0334 | mom=0.9500 | T=9.0 k=4.0 (mu_rec=8 mu_bwd=4) | grad=0.992 | tok/s=23,316 | tokens=3.33B
step=101610 | loss=2.9122 | lr=3.00e-04 | wd=0.0334 | mom=0.9500 | T=5.5 k=2.8 (mu_rec=8 mu_bwd=4) | grad=1.000 | tok/s=25,191 | tokens=3.33B
step=101620 | loss=3.0434 | lr=3.00e-04 | wd=0.0334 | mom=0.9500 | T=6.0 k=3.0 (mu_rec=8 mu_bwd=4) | grad=0.932 | tok/s=24,330 | tokens=3.33B
step=101630 | loss=3.2533 | lr=3.00e-04 | wd=0.0334 | mom=0.9500 | T=5.8 k=3.8 (mu_rec=8 mu_bwd=4) | grad=0.918 | tok/s=26,662 | tokens=3.33B
step=101640 | loss=3.1535 | lr=3.00e-04 | wd=0.0334 | mom=0.9500 | T=4.0 k=2.8 (mu_rec=8 mu_bwd=4) | grad=0.863 | tok/s=23,832 | tokens=3.33B
step=101650 | loss=2.9868 | lr=3.00e-04 | wd=0.0334 | mom=0.9500 | T=3.5 k=3.2 (mu_rec=8 mu_bwd=4) | grad=1.015 | tok/s=24,463 | tokens=3.33B
step=101660 | loss=2.9623 | lr=3.00e-04 | wd=0.0334 | mom=0.9500 | T=6.5 k=3.5 (mu_rec=8 mu_bwd=4) | grad=1.003 | tok/s=24,622 | tokens=3.33B
step=101670 | loss=3.1136 | lr=3.00e-04 | wd=0.0334 | mom=0.9500 | T=6.2 k=4.0 (mu_rec=8 mu_bwd=4) | grad=1.220 | tok/s=25,779 | tokens=3.33B
step=101680 | loss=2.9821 | lr=3.00e-04 | wd=0.0334 | mom=0.9500 | T=6.5 k=4.0 (mu_rec=8 mu_bwd=4) | grad=1.060 | tok/s=24,144 | tokens=3.33B
step=101690 | loss=2.8632 | lr=3.00e-04 | wd=0.0334 | mom=0.9500 | T=6.2 k=3.8 (mu_rec=8 mu_bwd=4) | grad=1.222 | tok/s=23,209 | tokens=3.33B
step=101700 | loss=3.1005 | lr=3.00e-04 | wd=0.0334 | mom=0.9500 | T=6.2 k=3.2 (mu_rec=8 mu_bwd=4) | grad=0.979 | tok/s=23,450 | tokens=3.33B
step=101710 | loss=3.0426 | lr=3.00e-04 | wd=0.0333 | mom=0.9500 | T=8.5 k=4.0 (mu_rec=8 mu_bwd=4) | grad=1.081 | tok/s=26,131 | tokens=3.33B
step=101720 | loss=3.3317 | lr=3.00e-04 | wd=0.0333 | mom=0.9500 | T=6.8 k=3.8 (mu_rec=8 mu_bwd=4) | grad=0.800 | tok/s=23,916 | tokens=3.33B
step=101730 | loss=3.3546 | lr=3.00e-04 | wd=0.0333 | mom=0.9500 | T=7.0 k=3.0 (mu_rec=8 mu_bwd=4) | grad=1.674 | tok/s=25,189 | tokens=3.33B
step=101740 | loss=3.3220 | lr=3.00e-04 | wd=0.0333 | mom=0.9500 | T=6.0 k=3.8 (mu_rec=8 mu_bwd=4) | grad=1.833 | tok/s=22,933 | tokens=3.33B
step=101750 | loss=3.2509 | lr=3.00e-04 | wd=0.0333 | mom=0.9500 | T=5.8 k=3.2 (mu_rec=8 mu_bwd=4) | grad=1.406 | tok/s=24,272 | tokens=3.33B
step=101760 | loss=3.4119 | lr=3.00e-04 | wd=0.0333 | mom=0.9500 | T=8.8 k=4.0 (mu_rec=8 mu_bwd=4) | grad=1.419 | tok/s=23,575 | tokens=3.33B
step=101770 | loss=3.0053 | lr=3.00e-04 | wd=0.0333 | mom=0.9500 | T=6.2 k=3.2 (mu_rec=8 mu_bwd=4) | grad=1.449 | tok/s=24,138 | tokens=3.33B
step=101780 | loss=3.0802 | lr=3.00e-04 | wd=0.0333 | mom=0.9500 | T=5.5 k=3.8 (mu_rec=8 mu_bwd=4) | grad=0.939 | tok/s=22,886 | tokens=3.34B
step=101790 | loss=3.4382 | lr=3.00e-04 | wd=0.0333 | mom=0.9500 | T=11.0 k=3.5 (mu_rec=8 mu_bwd=4) | grad=1.360 | tok/s=22,682 | tokens=3.34B
step=101800 | loss=3.3386 | lr=3.00e-04 | wd=0.0333 | mom=0.9500 | T=5.0 k=4.0 (mu_rec=8 mu_bwd=4) | grad=1.085 | tok/s=10,492 | tokens=3.34B
step=101810 | loss=3.3399 | lr=3.00e-04 | wd=0.0333 | mom=0.9500 | T=7.2 k=3.8 (mu_rec=8 mu_bwd=4) | grad=0.930 | tok/s=23,635 | tokens=3.34B
step=101820 | loss=3.3342 | lr=3.00e-04 | wd=0.0333 | mom=0.9500 | T=5.5 k=3.5 (mu_rec=8 mu_bwd=4) | grad=1.220 | tok/s=23,421 | tokens=3.34B
step=101830 | loss=3.2079 | lr=3.00e-04 | wd=0.0333 | mom=0.9500 | T=9.5 k=4.0 (mu_rec=8 mu_bwd=4) | grad=0.892 | tok/s=22,021 | tokens=3.34B
step=101840 | loss=2.8699 | lr=3.00e-04 | wd=0.0333 | mom=0.9500 | T=12.8 k=4.0 (mu_rec=8 mu_bwd=4) | grad=1.211 | tok/s=23,567 | tokens=3.34B
step=101850 | loss=3.1877 | lr=3.00e-04 | wd=0.0333 | mom=0.9500 | T=6.2 k=3.2 (mu_rec=8 mu_bwd=4) | grad=1.249 | tok/s=23,906 | tokens=3.34B
step=101860 | loss=2.9665 | lr=3.00e-04 | wd=0.0332 | mom=0.9500 | T=4.8 k=3.2 (mu_rec=8 mu_bwd=4) | grad=1.036 | tok/s=24,222 | tokens=3.34B
step=101870 | loss=2.9975 | lr=3.00e-04 | wd=0.0332 | mom=0.9500 | T=10.5 k=4.0 (mu_rec=8 mu_bwd=4) | grad=1.145 | tok/s=22,605 | tokens=3.34B
step=101880 | loss=3.0574 | lr=3.00e-04 | wd=0.0332 | mom=0.9500 | T=6.0 k=3.8 (mu_rec=8 mu_bwd=4) | grad=0.932 | tok/s=22,701 | tokens=3.34B
step=101890 | loss=3.2864 | lr=3.00e-04 | wd=0.0332 | mom=0.9500 | T=5.0 k=3.2 (mu_rec=8 mu_bwd=4) | grad=0.855 | tok/s=23,773 | tokens=3.34B
step=101900 | loss=3.1200 | lr=3.00e-04 | wd=0.0332 | mom=0.9500 | T=8.8 k=4.0 (mu_rec=8 mu_bwd=4) | grad=0.911 | tok/s=22,562 | tokens=3.34B
step=101910 | loss=3.3181 | lr=3.00e-04 | wd=0.0332 | mom=0.9500 | T=7.5 k=3.8 (mu_rec=8 mu_bwd=4) | grad=1.426 | tok/s=23,730 | tokens=3.34B
step=101920 | loss=3.9989 | lr=3.00e-04 | wd=0.0332 | mom=0.9500 | T=5.0 k=3.8 (mu_rec=8 mu_bwd=4) | grad=2.630 | tok/s=21,990 | tokens=3.34B
step=101930 | loss=3.5442 | lr=3.00e-04 | wd=0.0332 | mom=0.9500 | T=10.2 k=4.0 (mu_rec=8 mu_bwd=4) | grad=1.093 | tok/s=23,921 | tokens=3.34B
step=101940 | loss=2.7279 | lr=3.00e-04 | wd=0.0332 | mom=0.9500 | T=6.0 k=3.5 (mu_rec=8 mu_bwd=4) | grad=1.218 | tok/s=24,448 | tokens=3.34B
step=101950 | loss=3.1587 | lr=3.00e-04 | wd=0.0332 | mom=0.9500 | T=6.2 k=3.5 (mu_rec=8 mu_bwd=4) | grad=1.056 | tok/s=23,940 | tokens=3.34B
step=101960 | loss=3.1933 | lr=3.00e-04 | wd=0.0332 | mom=0.9500 | T=6.0 k=3.5 (mu_rec=8 mu_bwd=4) | grad=0.997 | tok/s=23,390 | tokens=3.34B
step=101970 | loss=3.1086 | lr=3.00e-04 | wd=0.0332 | mom=0.9500 | T=4.5 k=3.5 (mu_rec=8 mu_bwd=4) | grad=0.917 | tok/s=22,947 | tokens=3.34B
step=101980 | loss=3.1679 | lr=3.00e-04 | wd=0.0332 | mom=0.9500 | T=10.2 k=3.5 (mu_rec=8 mu_bwd=4) | grad=1.101 | tok/s=22,447 | tokens=3.34B
step=101990 | loss=3.3032 | lr=3.00e-04 | wd=0.0332 | mom=0.9500 | T=7.0 k=3.0 (mu_rec=8 mu_bwd=4) | grad=1.166 | tok/s=23,806 | tokens=3.34B
step=102000 | loss=3.2681 | lr=3.00e-04 | wd=0.0332 | mom=0.9500 | T=7.5 k=4.0 (mu_rec=8 mu_bwd=4) | grad=1.129 | tok/s=23,392 | tokens=3.34B
[step 102000] Saved -> runs/cortex-5b-k4/checkpoint_0102000
[step 102000] Pruned -> runs/cortex-5b-k4/checkpoint_0096000
step=102010 | loss=2.6966 | lr=3.00e-04 | wd=0.0331 | mom=0.9500 | T=8.8 k=4.0 (mu_rec=8 mu_bwd=4) | grad=0.879 | tok/s=12,883 | tokens=3.34B
step=102020 | loss=2.9887 | lr=3.00e-04 | wd=0.0331 | mom=0.9500 | T=7.5 k=3.0 (mu_rec=8 mu_bwd=4) | grad=1.078 | tok/s=24,396 | tokens=3.34B
step=102030 | loss=2.9195 | lr=3.00e-04 | wd=0.0331 | mom=0.9500 | T=6.2 k=3.0 (mu_rec=8 mu_bwd=4) | grad=0.940 | tok/s=23,926 | tokens=3.34B
step=102040 | loss=3.0119 | lr=3.00e-04 | wd=0.0331 | mom=0.9500 | T=5.8 k=3.8 (mu_rec=8 mu_bwd=4) | grad=0.977 | tok/s=23,899 | tokens=3.34B
step=102050 | loss=3.2817 | lr=3.00e-04 | wd=0.0331 | mom=0.9500 | T=6.2 k=3.5 (mu_rec=8 mu_bwd=4) | grad=1.013 | tok/s=21,671 | tokens=3.34B
step=102060 | loss=3.2421 | lr=3.00e-04 | wd=0.0331 | mom=0.9500 | T=4.8 k=3.5 (mu_rec=8 mu_bwd=4) | grad=1.636 | tok/s=24,850 | tokens=3.34B
step=102070 | loss=3.1497 | lr=3.00e-04 | wd=0.0331 | mom=0.9500 | T=8.2 k=3.8 (mu_rec=8 mu_bwd=4) | grad=1.445 | tok/s=22,209 | tokens=3.34B
step=102080 | loss=3.2208 | lr=3.00e-04 | wd=0.0331 | mom=0.9500 | T=7.5 k=3.5 (mu_rec=8 mu_bwd=4) | grad=1.421 | tok/s=22,547 | tokens=3.34B
step=102090 | loss=3.3282 | lr=3.00e-04 | wd=0.0331 | mom=0.9500 | T=6.5 k=3.2 (mu_rec=8 mu_bwd=4) | grad=1.344 | tok/s=24,535 | tokens=3.35B
step=102100 | loss=3.1861 | lr=3.00e-04 | wd=0.0331 | mom=0.9500 | T=8.5 k=3.5 (mu_rec=8 mu_bwd=4) | grad=1.141 | tok/s=24,431 | tokens=3.35B
step=102110 | loss=3.0985 | lr=3.00e-04 | wd=0.0331 | mom=0.9500 | T=9.2 k=4.0 (mu_rec=8 mu_bwd=4) | grad=0.838 | tok/s=23,889 | tokens=3.35B
step=102120 | loss=3.3724 | lr=3.00e-04 | wd=0.0331 | mom=0.9500 | T=8.0 k=3.8 (mu_rec=8 mu_bwd=4) | grad=1.201 | tok/s=22,920 | tokens=3.35B
step=102130 | loss=3.5558 | lr=3.00e-04 | wd=0.0331 | mom=0.9500 | T=10.5 k=4.0 (mu_rec=8 mu_bwd=4) | grad=1.079 | tok/s=25,441 | tokens=3.35B
step=102140 | loss=3.1359 | lr=3.00e-04 | wd=0.0331 | mom=0.9500 | T=8.2 k=3.5 (mu_rec=8 mu_bwd=4) | grad=1.038 | tok/s=22,317 | tokens=3.35B
step=102150 | loss=3.2732 | lr=3.00e-04 | wd=0.0331 | mom=0.9500 | T=6.0 k=3.2 (mu_rec=8 mu_bwd=4) | grad=0.847 | tok/s=24,870 | tokens=3.35B
step=102160 | loss=3.6213 | lr=3.00e-04 | wd=0.0330 | mom=0.9500 | T=11.0 k=4.0 (mu_rec=8 mu_bwd=4) | grad=1.304 | tok/s=22,983 | tokens=3.35B
step=102170 | loss=3.3200 | lr=3.00e-04 | wd=0.0330 | mom=0.9500 | T=9.2 k=3.0 (mu_rec=8 mu_bwd=4) | grad=1.208 | tok/s=24,248 | tokens=3.35B
step=102180 | loss=3.3215 | lr=3.00e-04 | wd=0.0330 | mom=0.9500 | T=6.5 k=4.0 (mu_rec=8 mu_bwd=4) | grad=1.189 | tok/s=21,562 | tokens=3.35B
step=102190 | loss=2.9880 | lr=3.00e-04 | wd=0.0330 | mom=0.9500 | T=8.5 k=4.0 (mu_rec=8 mu_bwd=4) | grad=1.090 | tok/s=23,864 | tokens=3.35B
step=102200 | loss=3.2717 | lr=3.00e-04 | wd=0.0330 | mom=0.9500 | T=6.5 k=3.0 (mu_rec=8 mu_bwd=4) | grad=1.514 | tok/s=23,509 | tokens=3.35B
step=102210 | loss=3.3456 | lr=3.00e-04 | wd=0.0330 | mom=0.9500 | T=8.5 k=4.0 (mu_rec=8 mu_bwd=4) | grad=1.054 | tok/s=23,201 | tokens=3.35B
step=102220 | loss=3.2343 | lr=3.00e-04 | wd=0.0330 | mom=0.9500 | T=8.2 k=3.0 (mu_rec=8 mu_bwd=4) | grad=3.543 | tok/s=23,476 | tokens=3.35B
step=102230 | loss=3.3105 | lr=3.00e-04 | wd=0.0330 | mom=0.9500 | T=5.5 k=3.5 (mu_rec=8 mu_bwd=4) | grad=1.199 | tok/s=23,510 | tokens=3.35B
step=102240 | loss=3.3878 | lr=3.00e-04 | wd=0.0330 | mom=0.9500 | T=9.5 k=3.8 (mu_rec=8 mu_bwd=4) | grad=0.970 | tok/s=20,902 | tokens=3.35B
step=102250 | loss=3.2379 | lr=3.00e-04 | wd=0.0330 | mom=0.9500 | T=9.8 k=4.0 (mu_rec=8 mu_bwd=4) | grad=1.100 | tok/s=21,600 | tokens=3.35B
step=102260 | loss=3.1798 | lr=3.00e-04 | wd=0.0330 | mom=0.9500 | T=11.2 k=4.0 (mu_rec=8 mu_bwd=4) | grad=0.942 | tok/s=23,006 | tokens=3.35B
step=102270 | loss=2.9974 | lr=3.00e-04 | wd=0.0330 | mom=0.9500 | T=8.5 k=3.0 (mu_rec=8 mu_bwd=4) | grad=1.336 | tok/s=21,405 | tokens=3.35B
step=102280 | loss=3.6911 | lr=3.00e-04 | wd=0.0330 | mom=0.9500 | T=9.8 k=4.0 (mu_rec=8 mu_bwd=4) | grad=1.139 | tok/s=21,990 | tokens=3.35B
step=102290 | loss=3.6334 | lr=3.00e-04 | wd=0.0330 | mom=0.9500 | T=8.5 k=3.8 (mu_rec=8 mu_bwd=4) | grad=1.812 | tok/s=23,600 | tokens=3.35B
step=102300 | loss=3.4406 | lr=3.00e-04 | wd=0.0330 | mom=0.9500 | T=12.2 k=4.0 (mu_rec=8 mu_bwd=4) | grad=1.293 | tok/s=9,939 | tokens=3.35B
step=102310 | loss=3.2370 | lr=3.00e-04 | wd=0.0330 | mom=0.9500 | T=4.8 k=3.5 (mu_rec=8 mu_bwd=4) | grad=1.174 | tok/s=23,956 | tokens=3.35B
step=102320 | loss=3.0044 | lr=3.00e-04 | wd=0.0329 | mom=0.9500 | T=7.0 k=4.0 (mu_rec=8 mu_bwd=4) | grad=1.061 | tok/s=23,287 | tokens=3.35B
step=102330 | loss=3.2470 | lr=3.00e-04 | wd=0.0329 | mom=0.9500 | T=9.8 k=4.0 (mu_rec=8 mu_bwd=4) | grad=1.295 | tok/s=21,228 | tokens=3.35B
step=102340 | loss=3.1718 | lr=3.00e-04 | wd=0.0329 | mom=0.9500 | T=9.0 k=3.8 (mu_rec=8 mu_bwd=4) | grad=1.134 | tok/s=24,086 | tokens=3.35B
step=102350 | loss=4.0596 | lr=3.00e-04 | wd=0.0329 | mom=0.9500 | T=8.8 k=4.0 (mu_rec=8 mu_bwd=4) | grad=1.323 | tok/s=22,966 | tokens=3.35B
step=102360 | loss=3.5160 | lr=3.00e-04 | wd=0.0329 | mom=0.9500 | T=5.2 k=3.2 (mu_rec=8 mu_bwd=4) | grad=1.196 | tok/s=23,504 | tokens=3.35B
step=102370 | loss=3.3714 | lr=3.00e-04 | wd=0.0329 | mom=0.9500 | T=7.8 k=3.5 (mu_rec=8 mu_bwd=4) | grad=1.544 | tok/s=23,251 | tokens=3.35B
step=102380 | loss=2.9816 | lr=3.00e-04 | wd=0.0329 | mom=0.9500 | T=7.2 k=3.8 (mu_rec=8 mu_bwd=4) | grad=1.179 | tok/s=23,560 | tokens=3.35B
step=102390 | loss=3.0502 | lr=3.00e-04 | wd=0.0329 | mom=0.9500 | T=10.0 k=3.8 (mu_rec=8 mu_bwd=4) | grad=1.083 | tok/s=22,586 | tokens=3.36B
step=102400 | loss=3.3479 | lr=3.00e-04 | wd=0.0329 | mom=0.9500 | T=10.2 k=3.2 (mu_rec=8 mu_bwd=4) | grad=1.234 | tok/s=25,550 | tokens=3.36B
step=102410 | loss=3.2917 | lr=3.00e-04 | wd=0.0329 | mom=0.9500 | T=5.8 k=3.5 (mu_rec=8 mu_bwd=4) | grad=0.848 | tok/s=23,577 | tokens=3.36B
step=102420 | loss=3.1274 | lr=3.00e-04 | wd=0.0329 | mom=0.9500 | T=4.5 k=3.5 (mu_rec=8 mu_bwd=4) | grad=1.250 | tok/s=22,629 | tokens=3.36B
step=102430 | loss=3.1857 | lr=3.00e-04 | wd=0.0329 | mom=0.9500 | T=4.2 k=3.5 (mu_rec=8 mu_bwd=4) | grad=0.946 | tok/s=24,488 | tokens=3.36B
step=102440 | loss=3.1606 | lr=3.00e-04 | wd=0.0329 | mom=0.9500 | T=7.5 k=3.8 (mu_rec=8 mu_bwd=4) | grad=1.127 | tok/s=22,293 | tokens=3.36B
step=102450 | loss=4.1218 | lr=3.00e-04 | wd=0.0329 | mom=0.9500 | T=9.0 k=4.0 (mu_rec=8 mu_bwd=4) | grad=1.085 | tok/s=23,948 | tokens=3.36B
step=102460 | loss=3.5433 | lr=3.00e-04 | wd=0.0329 | mom=0.9500 | T=4.0 k=3.0 (mu_rec=8 mu_bwd=4) | grad=0.986 | tok/s=23,890 | tokens=3.36B
step=102470 | loss=3.4008 | lr=3.00e-04 | wd=0.0328 | mom=0.9500 | T=7.2 k=3.8 (mu_rec=8 mu_bwd=4) | grad=0.863 | tok/s=23,506 | tokens=3.36B
step=102480 | loss=3.2000 | lr=3.00e-04 | wd=0.0328 | mom=0.9500 | T=7.5 k=3.5 (mu_rec=8 mu_bwd=4) | grad=1.980 | tok/s=24,663 | tokens=3.36B
step=102490 | loss=3.5853 | lr=3.00e-04 | wd=0.0328 | mom=0.9500 | T=7.5 k=4.0 (mu_rec=8 mu_bwd=4) | grad=0.887 | tok/s=23,877 | tokens=3.36B
step=102500 | loss=3.0845 | lr=3.00e-04 | wd=0.0328 | mom=0.9500 | T=8.5 k=3.8 (mu_rec=8 mu_bwd=4) | grad=1.086 | tok/s=24,986 | tokens=3.36B
step=102510 | loss=3.1426 | lr=3.00e-04 | wd=0.0328 | mom=0.9500 | T=6.2 k=3.8 (mu_rec=8 mu_bwd=4) | grad=0.790 | tok/s=22,806 | tokens=3.36B
step=102520 | loss=3.4464 | lr=3.00e-04 | wd=0.0328 | mom=0.9500 | T=9.8 k=4.0 (mu_rec=8 mu_bwd=4) | grad=0.944 | tok/s=22,835 | tokens=3.36B
step=102530 | loss=3.0461 | lr=3.00e-04 | wd=0.0328 | mom=0.9500 | T=6.8 k=3.8 (mu_rec=8 mu_bwd=4) | grad=1.025 | tok/s=25,138 | tokens=3.36B
step=102540 | loss=3.1357 | lr=3.00e-04 | wd=0.0328 | mom=0.9500 | T=6.2 k=4.0 (mu_rec=8 mu_bwd=4) | grad=1.291 | tok/s=22,575 | tokens=3.36B
step=102550 | loss=3.2391 | lr=3.00e-04 | wd=0.0328 | mom=0.9500 | T=9.5 k=4.0 (mu_rec=8 mu_bwd=4) | grad=1.028 | tok/s=24,102 | tokens=3.36B
step=102560 | loss=3.1037 | lr=3.00e-04 | wd=0.0328 | mom=0.9500 | T=8.5 k=4.0 (mu_rec=8 mu_bwd=4) | grad=1.009 | tok/s=24,302 | tokens=3.36B
step=102570 | loss=3.0511 | lr=3.00e-04 | wd=0.0328 | mom=0.9500 | T=7.8 k=4.0 (mu_rec=8 mu_bwd=4) | grad=1.432 | tok/s=25,589 | tokens=3.36B
step=102580 | loss=2.9225 | lr=3.00e-04 | wd=0.0328 | mom=0.9500 | T=12.0 k=4.0 (mu_rec=8 mu_bwd=4) | grad=0.929 | tok/s=21,989 | tokens=3.36B
step=102590 | loss=3.0301 | lr=3.00e-04 | wd=0.0328 | mom=0.9500 | T=9.8 k=4.0 (mu_rec=8 mu_bwd=4) | grad=1.456 | tok/s=23,320 | tokens=3.36B
step=102600 | loss=2.8863 | lr=3.00e-04 | wd=0.0328 | mom=0.9500 | T=6.2 k=3.0 (mu_rec=8 mu_bwd=4) | grad=1.030 | tok/s=22,006 | tokens=3.36B
step=102610 | loss=2.6163 | lr=3.00e-04 | wd=0.0328 | mom=0.9500 | T=11.5 k=3.8 (mu_rec=8 mu_bwd=4) | grad=1.003 | tok/s=21,756 | tokens=3.36B
step=102620 | loss=2.8067 | lr=3.00e-04 | wd=0.0327 | mom=0.9500 | T=10.2 k=4.0 (mu_rec=8 mu_bwd=4) | grad=1.490 | tok/s=23,264 | tokens=3.36B
step=102630 | loss=3.2310 | lr=3.00e-04 | wd=0.0327 | mom=0.9500 | T=12.8 k=4.0 (mu_rec=8 mu_bwd=4) | grad=1.044 | tok/s=24,189 | tokens=3.36B
step=102640 | loss=3.1645 | lr=3.00e-04 | wd=0.0327 | mom=0.9500 | T=3.8 k=2.5 (mu_rec=8 mu_bwd=4) | grad=1.671 | tok/s=24,453 | tokens=3.36B
step=102650 | loss=3.1536 | lr=3.00e-04 | wd=0.0327 | mom=0.9500 | T=8.2 k=3.5 (mu_rec=8 mu_bwd=4) | grad=0.964 | tok/s=23,951 | tokens=3.36B
step=102660 | loss=3.1343 | lr=3.00e-04 | wd=0.0327 | mom=0.9500 | T=7.0 k=3.8 (mu_rec=8 mu_bwd=4) | grad=1.323 | tok/s=22,330 | tokens=3.36B
step=102670 | loss=3.3578 | lr=3.00e-04 | wd=0.0327 | mom=0.9500 | T=6.0 k=3.5 (mu_rec=8 mu_bwd=4) | grad=0.903 | tok/s=24,267 | tokens=3.36B
step=102680 | loss=2.9665 | lr=3.00e-04 | wd=0.0327 | mom=0.9500 | T=10.0 k=4.0 (mu_rec=8 mu_bwd=4) | grad=0.865 | tok/s=23,461 | tokens=3.36B
step=102690 | loss=3.2008 | lr=3.00e-04 | wd=0.0327 | mom=0.9500 | T=5.0 k=4.0 (mu_rec=8 mu_bwd=4) | grad=1.716 | tok/s=24,937 | tokens=3.36B
step=102700 | loss=3.0833 | lr=3.00e-04 | wd=0.0327 | mom=0.9500 | T=9.5 k=4.0 (mu_rec=8 mu_bwd=4) | grad=0.833 | tok/s=10,427 | tokens=3.37B
step=102710 | loss=3.0067 | lr=3.00e-04 | wd=0.0327 | mom=0.9500 | T=8.2 k=4.0 (mu_rec=8 mu_bwd=4) | grad=1.068 | tok/s=23,945 | tokens=3.37B
step=102720 | loss=3.0137 | lr=3.00e-04 | wd=0.0327 | mom=0.9500 | T=8.2 k=3.5 (mu_rec=8 mu_bwd=4) | grad=0.975 | tok/s=23,877 | tokens=3.37B
step=102730 | loss=3.1993 | lr=3.00e-04 | wd=0.0327 | mom=0.9500 | T=8.5 k=4.0 (mu_rec=8 mu_bwd=4) | grad=0.934 | tok/s=22,270 | tokens=3.37B
step=102740 | loss=2.9720 | lr=3.00e-04 | wd=0.0327 | mom=0.9500 | T=5.8 k=3.8 (mu_rec=8 mu_bwd=4) | grad=1.214 | tok/s=23,768 | tokens=3.37B
step=102750 | loss=3.4594 | lr=3.00e-04 | wd=0.0327 | mom=0.9500 | T=9.2 k=4.0 (mu_rec=8 mu_bwd=4) | grad=1.398 | tok/s=23,189 | tokens=3.37B
step=102760 | loss=3.1624 | lr=3.00e-04 | wd=0.0327 | mom=0.9500 | T=6.2 k=3.0 (mu_rec=8 mu_bwd=4) | grad=2.488 | tok/s=24,388 | tokens=3.37B
step=102770 | loss=3.2660 | lr=3.00e-04 | wd=0.0326 | mom=0.9500 | T=8.0 k=4.0 (mu_rec=8 mu_bwd=4) | grad=1.212 | tok/s=25,118 | tokens=3.37B
step=102780 | loss=3.1152 | lr=3.00e-04 | wd=0.0326 | mom=0.9500 | T=2.8 k=2.8 (mu_rec=8 mu_bwd=4) | grad=3.170 | tok/s=22,853 | tokens=3.37B
step=102790 | loss=3.2414 | lr=3.00e-04 | wd=0.0326 | mom=0.9500 | T=11.8 k=4.0 (mu_rec=8 mu_bwd=4) | grad=1.276 | tok/s=23,002 | tokens=3.37B
step=102800 | loss=3.7659 | lr=3.00e-04 | wd=0.0326 | mom=0.9500 | T=6.5 k=4.0 (mu_rec=8 mu_bwd=4) | grad=2.554 | tok/s=25,422 | tokens=3.37B
step=102810 | loss=3.4202 | lr=3.00e-04 | wd=0.0326 | mom=0.9500 | T=7.8 k=3.5 (mu_rec=8 mu_bwd=4) | grad=2.839 | tok/s=23,736 | tokens=3.37B
step=102820 | loss=3.1608 | lr=3.00e-04 | wd=0.0326 | mom=0.9500 | T=4.2 k=3.2 (mu_rec=8 mu_bwd=4) | grad=1.093 | tok/s=24,423 | tokens=3.37B
step=102830 | loss=3.0641 | lr=3.00e-04 | wd=0.0326 | mom=0.9500 | T=11.2 k=3.2 (mu_rec=8 mu_bwd=4) | grad=1.158 | tok/s=24,617 | tokens=3.37B
step=102840 | loss=3.4656 | lr=3.00e-04 | wd=0.0326 | mom=0.9500 | T=7.0 k=3.5 (mu_rec=8 mu_bwd=4) | grad=0.910 | tok/s=23,208 | tokens=3.37B
step=102850 | loss=3.3753 | lr=3.00e-04 | wd=0.0326 | mom=0.9500 | T=12.5 k=4.0 (mu_rec=8 mu_bwd=4) | grad=1.428 | tok/s=23,345 | tokens=3.37B
step=102860 | loss=3.1997 | lr=3.00e-04 | wd=0.0326 | mom=0.9500 | T=8.8 k=4.0 (mu_rec=8 mu_bwd=4) | grad=1.181 | tok/s=22,566 | tokens=3.37B
step=102870 | loss=3.2240 | lr=3.00e-04 | wd=0.0326 | mom=0.9500 | T=10.5 k=4.0 (mu_rec=8 mu_bwd=4) | grad=1.101 | tok/s=22,906 | tokens=3.37B
step=102880 | loss=3.1207 | lr=3.00e-04 | wd=0.0326 | mom=0.9500 | T=12.5 k=4.0 (mu_rec=8 mu_bwd=4) | grad=0.940 | tok/s=22,893 | tokens=3.37B
step=102890 | loss=2.9365 | lr=3.00e-04 | wd=0.0326 | mom=0.9500 | T=7.5 k=4.0 (mu_rec=8 mu_bwd=4) | grad=0.840 | tok/s=22,119 | tokens=3.37B
step=102900 | loss=3.0675 | lr=3.00e-04 | wd=0.0326 | mom=0.9500 | T=5.5 k=3.8 (mu_rec=8 mu_bwd=4) | grad=1.140 | tok/s=22,381 | tokens=3.37B
step=102910 | loss=2.7631 | lr=3.00e-04 | wd=0.0326 | mom=0.9500 | T=9.5 k=3.8 (mu_rec=8 mu_bwd=4) | grad=1.414 | tok/s=23,307 | tokens=3.37B
step=102920 | loss=3.1857 | lr=3.00e-04 | wd=0.0326 | mom=0.9500 | T=7.0 k=3.8 (mu_rec=8 mu_bwd=4) | grad=1.040 | tok/s=24,628 | tokens=3.37B
step=102930 | loss=3.1911 | lr=3.00e-04 | wd=0.0325 | mom=0.9500 | T=9.0 k=4.0 (mu_rec=8 mu_bwd=4) | grad=1.799 | tok/s=22,996 | tokens=3.37B
step=102940 | loss=3.0836 | lr=3.00e-04 | wd=0.0325 | mom=0.9500 | T=7.2 k=3.8 (mu_rec=8 mu_bwd=4) | grad=0.977 | tok/s=25,157 | tokens=3.37B
step=102950 | loss=2.9334 | lr=3.00e-04 | wd=0.0325 | mom=0.9500 | T=6.2 k=3.5 (mu_rec=8 mu_bwd=4) | grad=1.080 | tok/s=26,838 | tokens=3.37B
step=102960 | loss=3.0399 | lr=3.00e-04 | wd=0.0325 | mom=0.9500 | T=8.5 k=3.8 (mu_rec=8 mu_bwd=4) | grad=1.130 | tok/s=24,110 | tokens=3.37B
step=102970 | loss=3.0523 | lr=3.00e-04 | wd=0.0325 | mom=0.9500 | T=7.8 k=3.8 (mu_rec=8 mu_bwd=4) | grad=1.736 | tok/s=23,056 | tokens=3.37B
step=102980 | loss=3.3213 | lr=3.00e-04 | wd=0.0325 | mom=0.9500 | T=4.8 k=3.2 (mu_rec=8 mu_bwd=4) | grad=1.018 | tok/s=22,329 | tokens=3.37B
step=102990 | loss=3.1378 | lr=3.00e-04 | wd=0.0325 | mom=0.9500 | T=7.2 k=4.0 (mu_rec=8 mu_bwd=4) | grad=1.729 | tok/s=24,091 | tokens=3.37B
step=103000 | loss=3.1072 | lr=3.00e-04 | wd=0.0325 | mom=0.9500 | T=6.0 k=3.5 (mu_rec=8 mu_bwd=4) | grad=0.979 | tok/s=24,158 | tokens=3.38B
step=103010 | loss=3.2763 | lr=3.00e-04 | wd=0.0325 | mom=0.9500 | T=12.0 k=4.0 (mu_rec=8 mu_bwd=4) | grad=1.081 | tok/s=23,359 | tokens=3.38B
step=103020 | loss=3.1624 | lr=3.00e-04 | wd=0.0325 | mom=0.9500 | T=4.2 k=3.5 (mu_rec=8 mu_bwd=4) | grad=0.882 | tok/s=22,982 | tokens=3.38B
step=103030 | loss=2.9689 | lr=3.00e-04 | wd=0.0325 | mom=0.9500 | T=7.5 k=3.5 (mu_rec=8 mu_bwd=4) | grad=1.108 | tok/s=22,614 | tokens=3.38B
step=103040 | loss=3.2578 | lr=3.00e-04 | wd=0.0325 | mom=0.9500 | T=5.2 k=3.2 (mu_rec=8 mu_bwd=4) | grad=0.840 | tok/s=23,598 | tokens=3.38B
step=103050 | loss=3.2021 | lr=3.00e-04 | wd=0.0325 | mom=0.9500 | T=8.0 k=3.2 (mu_rec=8 mu_bwd=4) | grad=0.963 | tok/s=23,015 | tokens=3.38B
step=103060 | loss=2.6964 | lr=3.00e-04 | wd=0.0325 | mom=0.9500 | T=5.2 k=3.8 (mu_rec=8 mu_bwd=4) | grad=1.174 | tok/s=22,856 | tokens=3.38B
step=103070 | loss=3.2065 | lr=3.00e-04 | wd=0.0325 | mom=0.9500 | T=5.5 k=3.8 (mu_rec=8 mu_bwd=4) | grad=0.842 | tok/s=24,242 | tokens=3.38B
step=103080 | loss=2.8928 | lr=3.00e-04 | wd=0.0324 | mom=0.9500 | T=7.0 k=4.0 (mu_rec=8 mu_bwd=4) | grad=1.333 | tok/s=23,723 | tokens=3.38B
step=103090 | loss=3.0040 | lr=3.00e-04 | wd=0.0324 | mom=0.9500 | T=9.8 k=4.0 (mu_rec=8 mu_bwd=4) | grad=1.214 | tok/s=24,287 | tokens=3.38B
step=103100 | loss=2.8927 | lr=3.00e-04 | wd=0.0324 | mom=0.9500 | T=6.8 k=3.5 (mu_rec=8 mu_bwd=4) | grad=1.521 | tok/s=24,821 | tokens=3.38B
step=103110 | loss=3.2627 | lr=3.00e-04 | wd=0.0324 | mom=0.9500 | T=8.2 k=3.8 (mu_rec=8 mu_bwd=4) | grad=0.852 | tok/s=23,127 | tokens=3.38B
step=103120 | loss=3.0191 | lr=3.00e-04 | wd=0.0324 | mom=0.9500 | T=8.8 k=4.0 (mu_rec=8 mu_bwd=4) | grad=1.054 | tok/s=23,052 | tokens=3.38B
step=103130 | loss=3.1473 | lr=3.00e-04 | wd=0.0324 | mom=0.9500 | T=5.8 k=3.5 (mu_rec=8 mu_bwd=4) | grad=0.951 | tok/s=23,186 | tokens=3.38B
step=103140 | loss=3.1098 | lr=3.00e-04 | wd=0.0324 | mom=0.9500 | T=8.2 k=4.0 (mu_rec=8 mu_bwd=4) | grad=0.958 | tok/s=22,262 | tokens=3.38B
step=103150 | loss=3.1365 | lr=3.00e-04 | wd=0.0324 | mom=0.9500 | T=4.5 k=3.5 (mu_rec=8 mu_bwd=4) | grad=0.947 | tok/s=25,140 | tokens=3.38B
step=103160 | loss=3.3671 | lr=3.00e-04 | wd=0.0324 | mom=0.9500 | T=6.2 k=4.0 (mu_rec=8 mu_bwd=4) | grad=1.284 | tok/s=23,845 | tokens=3.38B
step=103170 | loss=3.0742 | lr=3.00e-04 | wd=0.0324 | mom=0.9500 | T=9.0 k=4.0 (mu_rec=8 mu_bwd=4) | grad=1.109 | tok/s=23,088 | tokens=3.38B
step=103180 | loss=2.9069 | lr=3.00e-04 | wd=0.0324 | mom=0.9500 | T=6.2 k=4.0 (mu_rec=8 mu_bwd=4) | grad=0.867 | tok/s=25,009 | tokens=3.38B
step=103190 | loss=3.1279 | lr=3.00e-04 | wd=0.0324 | mom=0.9500 | T=8.5 k=4.0 (mu_rec=8 mu_bwd=4) | grad=1.437 | tok/s=24,077 | tokens=3.38B
step=103200 | loss=3.1973 | lr=3.00e-04 | wd=0.0324 | mom=0.9500 | T=7.2 k=3.5 (mu_rec=8 mu_bwd=4) | grad=1.081 | tok/s=23,374 | tokens=3.38B
step=103210 | loss=3.0087 | lr=3.00e-04 | wd=0.0324 | mom=0.9500 | T=9.8 k=4.0 (mu_rec=8 mu_bwd=4) | grad=0.982 | tok/s=23,793 | tokens=3.38B
step=103220 | loss=3.0608 | lr=3.00e-04 | wd=0.0324 | mom=0.9500 | T=7.8 k=3.8 (mu_rec=8 mu_bwd=4) | grad=1.591 | tok/s=10,959 | tokens=3.38B
step=103230 | loss=3.3077 | lr=3.00e-04 | wd=0.0323 | mom=0.9500 | T=12.8 k=4.0 (mu_rec=8 mu_bwd=4) | grad=0.874 | tok/s=24,111 | tokens=3.38B
step=103240 | loss=2.9071 | lr=3.00e-04 | wd=0.0323 | mom=0.9500 | T=10.2 k=4.0 (mu_rec=8 mu_bwd=4) | grad=0.885 | tok/s=24,107 | tokens=3.38B
step=103250 | loss=2.9498 | lr=3.00e-04 | wd=0.0323 | mom=0.9500 | T=6.8 k=3.2 (mu_rec=8 mu_bwd=4) | grad=1.036 | tok/s=23,538 | tokens=3.38B
step=103260 | loss=3.0897 | lr=3.00e-04 | wd=0.0323 | mom=0.9500 | T=6.2 k=4.0 (mu_rec=8 mu_bwd=4) | grad=1.095 | tok/s=23,662 | tokens=3.38B
step=103270 | loss=2.9588 | lr=3.00e-04 | wd=0.0323 | mom=0.9500 | T=7.0 k=4.0 (mu_rec=8 mu_bwd=4) | grad=1.132 | tok/s=22,580 | tokens=3.38B
step=103280 | loss=3.0369 | lr=3.00e-04 | wd=0.0323 | mom=0.9500 | T=7.8 k=3.5 (mu_rec=8 mu_bwd=4) | grad=1.432 | tok/s=21,943 | tokens=3.38B
step=103290 | loss=3.1683 | lr=3.00e-04 | wd=0.0323 | mom=0.9500 | T=6.8 k=3.8 (mu_rec=8 mu_bwd=4) | grad=1.559 | tok/s=24,363 | tokens=3.38B
step=103300 | loss=3.0723 | lr=3.00e-04 | wd=0.0323 | mom=0.9500 | T=8.8 k=4.0 (mu_rec=8 mu_bwd=4) | grad=1.022 | tok/s=23,930 | tokens=3.38B
step=103310 | loss=3.2049 | lr=3.00e-04 | wd=0.0323 | mom=0.9500 | T=4.5 k=3.5 (mu_rec=8 mu_bwd=4) | grad=1.076 | tok/s=25,226 | tokens=3.39B
step=103320 | loss=3.1881 | lr=3.00e-04 | wd=0.0323 | mom=0.9500 | T=10.2 k=3.2 (mu_rec=8 mu_bwd=4) | grad=0.841 | tok/s=24,531 | tokens=3.39B
step=103330 | loss=3.2076 | lr=3.00e-04 | wd=0.0323 | mom=0.9500 | T=6.0 k=3.2 (mu_rec=8 mu_bwd=4) | grad=1.098 | tok/s=22,642 | tokens=3.39B
step=103340 | loss=3.2835 | lr=3.00e-04 | wd=0.0323 | mom=0.9500 | T=4.0 k=3.8 (mu_rec=8 mu_bwd=4) | grad=1.110 | tok/s=24,561 | tokens=3.39B
step=103350 | loss=3.2905 | lr=3.00e-04 | wd=0.0323 | mom=0.9500 | T=5.0 k=3.8 (mu_rec=8 mu_bwd=4) | grad=1.539 | tok/s=24,071 | tokens=3.39B
step=103360 | loss=3.2487 | lr=3.00e-04 | wd=0.0323 | mom=0.9500 | T=10.5 k=4.0 (mu_rec=8 mu_bwd=4) | grad=1.084 | tok/s=22,970 | tokens=3.39B
step=103370 | loss=3.2038 | lr=3.00e-04 | wd=0.0323 | mom=0.9500 | T=10.0 k=4.0 (mu_rec=8 mu_bwd=4) | grad=0.848 | tok/s=23,912 | tokens=3.39B
step=103380 | loss=2.9055 | lr=3.00e-04 | wd=0.0322 | mom=0.9500 | T=6.8 k=3.2 (mu_rec=8 mu_bwd=4) | grad=0.969 | tok/s=25,214 | tokens=3.39B
step=103390 | loss=2.8493 | lr=3.00e-04 | wd=0.0322 | mom=0.9500 | T=6.0 k=3.8 (mu_rec=8 mu_bwd=4) | grad=1.421 | tok/s=24,046 | tokens=3.39B
step=103400 | loss=2.9718 | lr=3.00e-04 | wd=0.0322 | mom=0.9500 | T=13.2 k=3.8 (mu_rec=8 mu_bwd=4) | grad=0.915 | tok/s=22,605 | tokens=3.39B
step=103410 | loss=3.0458 | lr=3.00e-04 | wd=0.0322 | mom=0.9500 | T=6.0 k=4.0 (mu_rec=8 mu_bwd=4) | grad=0.894 | tok/s=23,617 | tokens=3.39B
step=103420 | loss=2.9209 | lr=3.00e-04 | wd=0.0322 | mom=0.9500 | T=9.2 k=3.8 (mu_rec=8 mu_bwd=4) | grad=0.929 | tok/s=23,608 | tokens=3.39B
step=103430 | loss=3.3938 | lr=3.00e-04 | wd=0.0322 | mom=0.9500 | T=8.2 k=4.0 (mu_rec=8 mu_bwd=4) | grad=2.041 | tok/s=23,930 | tokens=3.39B
step=103440 | loss=3.0458 | lr=3.00e-04 | wd=0.0322 | mom=0.9500 | T=9.0 k=4.0 (mu_rec=8 mu_bwd=4) | grad=1.243 | tok/s=23,926 | tokens=3.39B
step=103450 | loss=3.2018 | lr=3.00e-04 | wd=0.0322 | mom=0.9500 | T=7.2 k=4.0 (mu_rec=8 mu_bwd=4) | grad=1.044 | tok/s=23,840 | tokens=3.39B
step=103460 | loss=3.4789 | lr=3.00e-04 | wd=0.0322 | mom=0.9500 | T=4.5 k=3.2 (mu_rec=8 mu_bwd=4) | grad=1.222 | tok/s=23,396 | tokens=3.39B
step=103470 | loss=2.8819 | lr=3.00e-04 | wd=0.0322 | mom=0.9500 | T=7.0 k=3.8 (mu_rec=8 mu_bwd=4) | grad=1.221 | tok/s=26,007 | tokens=3.39B
step=103480 | loss=3.1090 | lr=3.00e-04 | wd=0.0322 | mom=0.9500 | T=6.0 k=4.0 (mu_rec=8 mu_bwd=4) | grad=1.030 | tok/s=23,856 | tokens=3.39B
step=103490 | loss=3.0317 | lr=3.00e-04 | wd=0.0322 | mom=0.9500 | T=10.0 k=3.8 (mu_rec=8 mu_bwd=4) | grad=2.652 | tok/s=22,255 | tokens=3.39B
step=103500 | loss=3.4723 | lr=3.00e-04 | wd=0.0322 | mom=0.9500 | T=6.5 k=4.0 (mu_rec=8 mu_bwd=4) | grad=1.389 | tok/s=21,240 | tokens=3.39B
step=103510 | loss=3.1445 | lr=3.00e-04 | wd=0.0322 | mom=0.9500 | T=12.5 k=4.0 (mu_rec=8 mu_bwd=4) | grad=1.096 | tok/s=22,404 | tokens=3.39B
step=103520 | loss=3.4634 | lr=3.00e-04 | wd=0.0322 | mom=0.9500 | T=11.2 k=4.0 (mu_rec=8 mu_bwd=4) | grad=1.724 | tok/s=23,045 | tokens=3.39B
step=103530 | loss=3.1628 | lr=3.00e-04 | wd=0.0322 | mom=0.9500 | T=7.5 k=3.5 (mu_rec=8 mu_bwd=4) | grad=1.072 | tok/s=24,078 | tokens=3.39B
step=103540 | loss=3.2336 | lr=3.00e-04 | wd=0.0321 | mom=0.9500 | T=10.0 k=4.0 (mu_rec=8 mu_bwd=4) | grad=0.923 | tok/s=23,533 | tokens=3.39B
step=103550 | loss=3.1876 | lr=3.00e-04 | wd=0.0321 | mom=0.9500 | T=8.2 k=4.0 (mu_rec=8 mu_bwd=4) | grad=1.468 | tok/s=23,954 | tokens=3.39B
step=103560 | loss=3.0568 | lr=3.00e-04 | wd=0.0321 | mom=0.9500 | T=4.8 k=3.5 (mu_rec=8 mu_bwd=4) | grad=1.070 | tok/s=23,542 | tokens=3.39B
step=103570 | loss=3.3543 | lr=3.00e-04 | wd=0.0321 | mom=0.9500 | T=6.0 k=4.0 (mu_rec=8 mu_bwd=4) | grad=1.434 | tok/s=9,893 | tokens=3.39B
step=103580 | loss=3.1300 | lr=3.00e-04 | wd=0.0321 | mom=0.9500 | T=5.5 k=3.5 (mu_rec=8 mu_bwd=4) | grad=0.882 | tok/s=23,397 | tokens=3.39B
step=103590 | loss=3.2094 | lr=3.00e-04 | wd=0.0321 | mom=0.9500 | T=9.5 k=4.0 (mu_rec=8 mu_bwd=4) | grad=0.970 | tok/s=24,056 | tokens=3.39B
step=103600 | loss=3.1937 | lr=3.00e-04 | wd=0.0321 | mom=0.9500 | T=6.5 k=4.0 (mu_rec=8 mu_bwd=4) | grad=1.519 | tok/s=23,466 | tokens=3.39B
step=103610 | loss=3.3677 | lr=3.00e-04 | wd=0.0321 | mom=0.9500 | T=10.2 k=4.0 (mu_rec=8 mu_bwd=4) | grad=0.998 | tok/s=22,051 | tokens=3.40B
step=103620 | loss=3.0621 | lr=3.00e-04 | wd=0.0321 | mom=0.9500 | T=8.2 k=3.0 (mu_rec=8 mu_bwd=4) | grad=0.943 | tok/s=21,993 | tokens=3.40B
step=103630 | loss=3.2304 | lr=3.00e-04 | wd=0.0321 | mom=0.9500 | T=9.0 k=4.0 (mu_rec=8 mu_bwd=4) | grad=0.873 | tok/s=23,309 | tokens=3.40B
step=103640 | loss=3.0030 | lr=3.00e-04 | wd=0.0321 | mom=0.9500 | T=5.5 k=3.2 (mu_rec=8 mu_bwd=4) | grad=0.841 | tok/s=25,842 | tokens=3.40B
step=103650 | loss=2.7684 | lr=3.00e-04 | wd=0.0321 | mom=0.9500 | T=18.5 k=4.0 (mu_rec=8 mu_bwd=4) | grad=1.188 | tok/s=24,646 | tokens=3.40B
step=103660 | loss=3.2494 | lr=3.00e-04 | wd=0.0321 | mom=0.9500 | T=8.8 k=4.0 (mu_rec=8 mu_bwd=4) | grad=1.111 | tok/s=22,676 | tokens=3.40B
step=103670 | loss=3.2014 | lr=3.00e-04 | wd=0.0321 | mom=0.9500 | T=6.2 k=3.0 (mu_rec=8 mu_bwd=4) | grad=1.105 | tok/s=25,325 | tokens=3.40B
step=103680 | loss=3.0727 | lr=3.00e-04 | wd=0.0321 | mom=0.9500 | T=8.0 k=3.2 (mu_rec=8 mu_bwd=4) | grad=0.909 | tok/s=21,468 | tokens=3.40B
step=103690 | loss=3.3430 | lr=3.00e-04 | wd=0.0320 | mom=0.9500 | T=8.8 k=4.0 (mu_rec=8 mu_bwd=4) | grad=1.279 | tok/s=23,918 | tokens=3.40B
step=103700 | loss=3.1667 | lr=3.00e-04 | wd=0.0320 | mom=0.9500 | T=5.5 k=4.0 (mu_rec=8 mu_bwd=4) | grad=0.818 | tok/s=24,307 | tokens=3.40B
step=103710 | loss=2.9872 | lr=3.00e-04 | wd=0.0320 | mom=0.9500 | T=4.8 k=3.5 (mu_rec=8 mu_bwd=4) | grad=0.993 | tok/s=23,643 | tokens=3.40B
step=103720 | loss=3.4588 | lr=3.00e-04 | wd=0.0320 | mom=0.9500 | T=7.2 k=3.5 (mu_rec=8 mu_bwd=4) | grad=1.006 | tok/s=25,011 | tokens=3.40B
step=103730 | loss=3.2331 | lr=3.00e-04 | wd=0.0320 | mom=0.9500 | T=8.2 k=3.8 (mu_rec=8 mu_bwd=4) | grad=1.386 | tok/s=22,983 | tokens=3.40B
step=103740 | loss=3.0824 | lr=3.00e-04 | wd=0.0320 | mom=0.9500 | T=7.2 k=4.0 (mu_rec=8 mu_bwd=4) | grad=0.995 | tok/s=22,435 | tokens=3.40B
step=103750 | loss=2.8638 | lr=3.00e-04 | wd=0.0320 | mom=0.9500 | T=7.8 k=3.5 (mu_rec=8 mu_bwd=4) | grad=0.861 | tok/s=22,282 | tokens=3.40B
step=103760 | loss=3.3831 | lr=3.00e-04 | wd=0.0320 | mom=0.9500 | T=13.2 k=4.0 (mu_rec=8 mu_bwd=4) | grad=0.859 | tok/s=23,402 | tokens=3.40B
step=103770 | loss=3.3279 | lr=3.00e-04 | wd=0.0320 | mom=0.9500 | T=6.2 k=3.8 (mu_rec=8 mu_bwd=4) | grad=1.875 | tok/s=26,603 | tokens=3.40B
step=103780 | loss=3.0023 | lr=3.00e-04 | wd=0.0320 | mom=0.9500 | T=17.0 k=4.0 (mu_rec=8 mu_bwd=4) | grad=0.873 | tok/s=22,694 | tokens=3.40B
step=103790 | loss=3.2417 | lr=3.00e-04 | wd=0.0320 | mom=0.9500 | T=7.5 k=3.5 (mu_rec=8 mu_bwd=4) | grad=1.530 | tok/s=22,730 | tokens=3.40B
step=103800 | loss=3.2627 | lr=3.00e-04 | wd=0.0320 | mom=0.9500 | T=7.0 k=4.0 (mu_rec=8 mu_bwd=4) | grad=1.093 | tok/s=23,685 | tokens=3.40B
step=103810 | loss=3.0770 | lr=3.00e-04 | wd=0.0320 | mom=0.9500 | T=11.8 k=4.0 (mu_rec=8 mu_bwd=4) | grad=1.123 | tok/s=23,499 | tokens=3.40B
step=103820 | loss=3.3403 | lr=3.00e-04 | wd=0.0320 | mom=0.9500 | T=10.2 k=4.0 (mu_rec=8 mu_bwd=4) | grad=1.288 | tok/s=25,461 | tokens=3.40B
step=103830 | loss=3.0406 | lr=3.00e-04 | wd=0.0320 | mom=0.9500 | T=12.2 k=4.0 (mu_rec=8 mu_bwd=4) | grad=0.893 | tok/s=22,548 | tokens=3.40B
step=103840 | loss=3.0304 | lr=3.00e-04 | wd=0.0319 | mom=0.9500 | T=9.2 k=4.0 (mu_rec=8 mu_bwd=4) | grad=0.978 | tok/s=24,269 | tokens=3.40B
step=103850 | loss=3.3906 | lr=3.00e-04 | wd=0.0319 | mom=0.9500 | T=8.2 k=3.8 (mu_rec=8 mu_bwd=4) | grad=1.199 | tok/s=22,616 | tokens=3.40B
step=103860 | loss=2.9201 | lr=3.00e-04 | wd=0.0319 | mom=0.9500 | T=5.0 k=3.8 (mu_rec=8 mu_bwd=4) | grad=1.062 | tok/s=24,188 | tokens=3.40B
step=103870 | loss=3.3263 | lr=3.00e-04 | wd=0.0319 | mom=0.9500 | T=13.5 k=4.0 (mu_rec=8 mu_bwd=4) | grad=1.022 | tok/s=21,475 | tokens=3.40B
step=103880 | loss=3.0190 | lr=3.00e-04 | wd=0.0319 | mom=0.9500 | T=12.2 k=3.8 (mu_rec=8 mu_bwd=4) | grad=0.975 | tok/s=22,669 | tokens=3.40B
step=103890 | loss=3.2173 | lr=3.00e-04 | wd=0.0319 | mom=0.9500 | T=4.2 k=3.5 (mu_rec=8 mu_bwd=4) | grad=1.133 | tok/s=23,971 | tokens=3.40B
step=103900 | loss=3.2845 | lr=3.00e-04 | wd=0.0319 | mom=0.9500 | T=6.2 k=3.0 (mu_rec=8 mu_bwd=4) | grad=0.817 | tok/s=23,998 | tokens=3.40B
step=103910 | loss=3.0064 | lr=3.00e-04 | wd=0.0319 | mom=0.9500 | T=5.8 k=4.0 (mu_rec=8 mu_bwd=4) | grad=0.871 | tok/s=23,649 | tokens=3.40B
step=103920 | loss=3.0365 | lr=3.00e-04 | wd=0.0319 | mom=0.9500 | T=7.5 k=4.0 (mu_rec=8 mu_bwd=4) | grad=1.264 | tok/s=23,628 | tokens=3.41B
step=103930 | loss=3.2354 | lr=3.00e-04 | wd=0.0319 | mom=0.9500 | T=4.5 k=3.0 (mu_rec=8 mu_bwd=4) | grad=1.495 | tok/s=23,721 | tokens=3.41B
step=103940 | loss=3.2351 | lr=3.00e-04 | wd=0.0319 | mom=0.9500 | T=8.8 k=3.5 (mu_rec=8 mu_bwd=4) | grad=1.252 | tok/s=24,365 | tokens=3.41B
step=103950 | loss=3.0095 | lr=3.00e-04 | wd=0.0319 | mom=0.9500 | T=7.8 k=3.5 (mu_rec=8 mu_bwd=4) | grad=0.949 | tok/s=23,589 | tokens=3.41B
step=103960 | loss=3.4447 | lr=3.00e-04 | wd=0.0319 | mom=0.9500 | T=15.2 k=4.0 (mu_rec=8 mu_bwd=4) | grad=0.874 | tok/s=22,979 | tokens=3.41B
step=103970 | loss=3.0053 | lr=3.00e-04 | wd=0.0319 | mom=0.9500 | T=9.0 k=4.0 (mu_rec=8 mu_bwd=4) | grad=1.315 | tok/s=22,315 | tokens=3.41B
step=103980 | loss=3.0325 | lr=3.00e-04 | wd=0.0319 | mom=0.9500 | T=8.0 k=3.8 (mu_rec=8 mu_bwd=4) | grad=2.108 | tok/s=23,335 | tokens=3.41B
step=103990 | loss=2.9301 | lr=3.00e-04 | wd=0.0318 | mom=0.9500 | T=5.2 k=3.2 (mu_rec=8 mu_bwd=4) | grad=1.440 | tok/s=24,595 | tokens=3.41B
step=104000 | loss=3.5114 | lr=3.00e-04 | wd=0.0318 | mom=0.9500 | T=8.0 k=3.5 (mu_rec=8 mu_bwd=4) | grad=1.223 | tok/s=24,384 | tokens=3.41B
[step 104000] Saved -> runs/cortex-5b-k4/checkpoint_0104000
[step 104000] Pruned -> runs/cortex-5b-k4/checkpoint_0098000
step=104010 | loss=3.4982 | lr=3.00e-04 | wd=0.0318 | mom=0.9500 | T=10.0 k=4.0 (mu_rec=8 mu_bwd=4) | grad=0.967 | tok/s=15,620 | tokens=3.41B
step=104020 | loss=3.1640 | lr=3.00e-04 | wd=0.0318 | mom=0.9500 | T=5.8 k=3.5 (mu_rec=8 mu_bwd=4) | grad=1.184 | tok/s=26,246 | tokens=3.41B
step=104030 | loss=3.2611 | lr=3.00e-04 | wd=0.0318 | mom=0.9500 | T=6.2 k=3.5 (mu_rec=8 mu_bwd=4) | grad=1.383 | tok/s=23,983 | tokens=3.41B
step=104040 | loss=3.3284 | lr=3.00e-04 | wd=0.0318 | mom=0.9500 | T=6.0 k=3.8 (mu_rec=8 mu_bwd=4) | grad=1.017 | tok/s=23,312 | tokens=3.41B
step=104050 | loss=3.4104 | lr=3.00e-04 | wd=0.0318 | mom=0.9500 | T=11.2 k=4.0 (mu_rec=8 mu_bwd=4) | grad=1.604 | tok/s=24,337 | tokens=3.41B
step=104060 | loss=3.3579 | lr=3.00e-04 | wd=0.0318 | mom=0.9500 | T=7.0 k=4.0 (mu_rec=8 mu_bwd=4) | grad=0.975 | tok/s=9,448 | tokens=3.41B
step=104070 | loss=3.1359 | lr=3.00e-04 | wd=0.0318 | mom=0.9500 | T=8.0 k=3.2 (mu_rec=8 mu_bwd=4) | grad=1.186 | tok/s=25,579 | tokens=3.41B
step=104080 | loss=3.1566 | lr=3.00e-04 | wd=0.0318 | mom=0.9500 | T=7.8 k=3.8 (mu_rec=8 mu_bwd=4) | grad=1.485 | tok/s=23,274 | tokens=3.41B
step=104090 | loss=3.1160 | lr=3.00e-04 | wd=0.0318 | mom=0.9500 | T=5.5 k=3.8 (mu_rec=8 mu_bwd=4) | grad=1.130 | tok/s=24,059 | tokens=3.41B
step=104100 | loss=2.9350 | lr=3.00e-04 | wd=0.0318 | mom=0.9500 | T=9.0 k=4.0 (mu_rec=8 mu_bwd=4) | grad=1.169 | tok/s=21,438 | tokens=3.41B
step=104110 | loss=3.2456 | lr=3.00e-04 | wd=0.0318 | mom=0.9500 | T=4.8 k=3.0 (mu_rec=8 mu_bwd=4) | grad=2.740 | tok/s=23,370 | tokens=3.41B
step=104120 | loss=3.3121 | lr=3.00e-04 | wd=0.0318 | mom=0.9500 | T=11.0 k=4.0 (mu_rec=8 mu_bwd=4) | grad=1.037 | tok/s=23,847 | tokens=3.41B
step=104130 | loss=2.9148 | lr=3.00e-04 | wd=0.0318 | mom=0.9500 | T=5.0 k=4.0 (mu_rec=8 mu_bwd=4) | grad=0.937 | tok/s=23,542 | tokens=3.41B
step=104140 | loss=3.2742 | lr=3.00e-04 | wd=0.0318 | mom=0.9500 | T=5.5 k=3.0 (mu_rec=8 mu_bwd=4) | grad=1.014 | tok/s=23,361 | tokens=3.41B
step=104150 | loss=2.8932 | lr=3.00e-04 | wd=0.0317 | mom=0.9500 | T=6.8 k=3.5 (mu_rec=8 mu_bwd=4) | grad=1.945 | tok/s=23,065 | tokens=3.41B
step=104160 | loss=3.5149 | lr=3.00e-04 | wd=0.0317 | mom=0.9500 | T=6.2 k=3.8 (mu_rec=8 mu_bwd=4) | grad=0.974 | tok/s=24,609 | tokens=3.41B
step=104170 | loss=3.1861 | lr=3.00e-04 | wd=0.0317 | mom=0.9500 | T=6.8 k=3.8 (mu_rec=8 mu_bwd=4) | grad=1.057 | tok/s=23,093 | tokens=3.41B
step=104180 | loss=3.5596 | lr=3.00e-04 | wd=0.0317 | mom=0.9500 | T=7.0 k=4.0 (mu_rec=8 mu_bwd=4) | grad=1.619 | tok/s=24,231 | tokens=3.41B
step=104190 | loss=3.1838 | lr=3.00e-04 | wd=0.0317 | mom=0.9500 | T=8.8 k=3.2 (mu_rec=8 mu_bwd=4) | grad=2.659 | tok/s=22,735 | tokens=3.41B
step=104200 | loss=3.2395 | lr=3.00e-04 | wd=0.0317 | mom=0.9500 | T=6.8 k=3.8 (mu_rec=8 mu_bwd=4) | grad=0.927 | tok/s=25,910 | tokens=3.41B
step=104210 | loss=2.8847 | lr=3.00e-04 | wd=0.0317 | mom=0.9500 | T=6.2 k=4.0 (mu_rec=8 mu_bwd=4) | grad=0.924 | tok/s=24,572 | tokens=3.41B
step=104220 | loss=3.4343 | lr=3.00e-04 | wd=0.0317 | mom=0.9500 | T=6.5 k=3.8 (mu_rec=8 mu_bwd=4) | grad=0.986 | tok/s=21,933 | tokens=3.42B
step=104230 | loss=3.2078 | lr=3.00e-04 | wd=0.0317 | mom=0.9500 | T=11.0 k=4.0 (mu_rec=8 mu_bwd=4) | grad=0.928 | tok/s=23,447 | tokens=3.42B
step=104240 | loss=3.2081 | lr=3.00e-04 | wd=0.0317 | mom=0.9500 | T=6.5 k=3.8 (mu_rec=8 mu_bwd=4) | grad=1.193 | tok/s=22,632 | tokens=3.42B
step=104250 | loss=3.1311 | lr=3.00e-04 | wd=0.0317 | mom=0.9500 | T=3.8 k=3.2 (mu_rec=8 mu_bwd=4) | grad=1.805 | tok/s=23,507 | tokens=3.42B
step=104260 | loss=3.6607 | lr=3.00e-04 | wd=0.0317 | mom=0.9500 | T=8.0 k=3.8 (mu_rec=8 mu_bwd=4) | grad=1.128 | tok/s=24,219 | tokens=3.42B
step=104270 | loss=3.2658 | lr=3.00e-04 | wd=0.0317 | mom=0.9500 | T=7.5 k=4.0 (mu_rec=8 mu_bwd=4) | grad=0.963 | tok/s=23,184 | tokens=3.42B
step=104280 | loss=3.0521 | lr=3.00e-04 | wd=0.0317 | mom=0.9500 | T=7.8 k=4.0 (mu_rec=8 mu_bwd=4) | grad=2.047 | tok/s=22,954 | tokens=3.42B
step=104290 | loss=3.4969 | lr=3.00e-04 | wd=0.0317 | mom=0.9500 | T=10.2 k=4.0 (mu_rec=8 mu_bwd=4) | grad=1.055 | tok/s=22,997 | tokens=3.42B
step=104300 | loss=3.3577 | lr=3.00e-04 | wd=0.0316 | mom=0.9500 | T=9.0 k=4.0 (mu_rec=8 mu_bwd=4) | grad=1.122 | tok/s=22,240 | tokens=3.42B
step=104310 | loss=3.3304 | lr=3.00e-04 | wd=0.0316 | mom=0.9500 | T=6.2 k=4.0 (mu_rec=8 mu_bwd=4) | grad=1.160 | tok/s=23,323 | tokens=3.42B
step=104320 | loss=3.3391 | lr=3.00e-04 | wd=0.0316 | mom=0.9500 | T=8.8 k=4.0 (mu_rec=8 mu_bwd=4) | grad=0.936 | tok/s=23,630 | tokens=3.42B
step=104330 | loss=2.9574 | lr=3.00e-04 | wd=0.0316 | mom=0.9500 | T=10.8 k=4.0 (mu_rec=8 mu_bwd=4) | grad=1.198 | tok/s=23,549 | tokens=3.42B
step=104340 | loss=2.9742 | lr=3.00e-04 | wd=0.0316 | mom=0.9500 | T=13.8 k=4.0 (mu_rec=8 mu_bwd=4) | grad=0.984 | tok/s=24,793 | tokens=3.42B
step=104350 | loss=3.1675 | lr=3.00e-04 | wd=0.0316 | mom=0.9500 | T=10.5 k=4.0 (mu_rec=8 mu_bwd=4) | grad=1.149 | tok/s=24,588 | tokens=3.42B
step=104360 | loss=2.9305 | lr=3.00e-04 | wd=0.0316 | mom=0.9500 | T=7.5 k=3.8 (mu_rec=8 mu_bwd=4) | grad=1.273 | tok/s=23,555 | tokens=3.42B
step=104370 | loss=3.1877 | lr=3.00e-04 | wd=0.0316 | mom=0.9500 | T=12.8 k=4.0 (mu_rec=8 mu_bwd=4) | grad=0.838 | tok/s=23,616 | tokens=3.42B
step=104380 | loss=3.1092 | lr=3.00e-04 | wd=0.0316 | mom=0.9500 | T=8.8 k=4.0 (mu_rec=8 mu_bwd=4) | grad=0.924 | tok/s=22,433 | tokens=3.42B
step=104390 | loss=2.8999 | lr=3.00e-04 | wd=0.0316 | mom=0.9500 | T=6.2 k=3.8 (mu_rec=8 mu_bwd=4) | grad=1.635 | tok/s=23,517 | tokens=3.42B
step=104400 | loss=2.6864 | lr=3.00e-04 | wd=0.0316 | mom=0.9500 | T=6.5 k=3.5 (mu_rec=8 mu_bwd=4) | grad=1.187 | tok/s=25,080 | tokens=3.42B
step=104410 | loss=3.2953 | lr=3.00e-04 | wd=0.0316 | mom=0.9500 | T=8.8 k=4.0 (mu_rec=8 mu_bwd=4) | grad=1.736 | tok/s=23,486 | tokens=3.42B
step=104420 | loss=3.1208 | lr=3.00e-04 | wd=0.0316 | mom=0.9500 | T=7.5 k=3.8 (mu_rec=8 mu_bwd=4) | grad=1.272 | tok/s=23,375 | tokens=3.42B
step=104430 | loss=3.3722 | lr=3.00e-04 | wd=0.0316 | mom=0.9500 | T=11.2 k=4.0 (mu_rec=8 mu_bwd=4) | grad=0.930 | tok/s=24,629 | tokens=3.42B
step=104440 | loss=3.1812 | lr=3.00e-04 | wd=0.0316 | mom=0.9500 | T=8.0 k=3.2 (mu_rec=8 mu_bwd=4) | grad=0.914 | tok/s=23,635 | tokens=3.42B
step=104450 | loss=3.2615 | lr=3.00e-04 | wd=0.0315 | mom=0.9500 | T=7.5 k=4.0 (mu_rec=8 mu_bwd=4) | grad=0.889 | tok/s=23,540 | tokens=3.42B
step=104460 | loss=3.4149 | lr=3.00e-04 | wd=0.0315 | mom=0.9500 | T=4.2 k=3.8 (mu_rec=8 mu_bwd=4) | grad=1.089 | tok/s=25,963 | tokens=3.42B
step=104470 | loss=3.1651 | lr=3.00e-04 | wd=0.0315 | mom=0.9500 | T=8.5 k=3.8 (mu_rec=8 mu_bwd=4) | grad=1.227 | tok/s=22,526 | tokens=3.42B
step=104480 | loss=3.1700 | lr=3.00e-04 | wd=0.0315 | mom=0.9500 | T=8.5 k=4.0 (mu_rec=8 mu_bwd=4) | grad=0.918 | tok/s=22,468 | tokens=3.42B
step=104490 | loss=3.3550 | lr=3.00e-04 | wd=0.0315 | mom=0.9500 | T=7.8 k=3.8 (mu_rec=8 mu_bwd=4) | grad=0.913 | tok/s=8,854 | tokens=3.42B
step=104500 | loss=3.2777 | lr=3.00e-04 | wd=0.0315 | mom=0.9500 | T=5.2 k=3.2 (mu_rec=8 mu_bwd=4) | grad=1.318 | tok/s=23,732 | tokens=3.42B
step=104510 | loss=3.4704 | lr=3.00e-04 | wd=0.0315 | mom=0.9500 | T=3.8 k=2.8 (mu_rec=8 mu_bwd=4) | grad=1.495 | tok/s=26,210 | tokens=3.42B
step=104520 | loss=3.0031 | lr=3.00e-04 | wd=0.0315 | mom=0.9500 | T=12.2 k=4.0 (mu_rec=8 mu_bwd=4) | grad=0.939 | tok/s=22,528 | tokens=3.42B
step=104530 | loss=3.0406 | lr=3.00e-04 | wd=0.0315 | mom=0.9500 | T=14.0 k=4.0 (mu_rec=8 mu_bwd=4) | grad=1.456 | tok/s=23,531 | tokens=3.43B
step=104540 | loss=3.1976 | lr=3.00e-04 | wd=0.0315 | mom=0.9500 | T=4.5 k=3.2 (mu_rec=8 mu_bwd=4) | grad=1.116 | tok/s=24,458 | tokens=3.43B
step=104550 | loss=3.2043 | lr=3.00e-04 | wd=0.0315 | mom=0.9500 | T=9.0 k=4.0 (mu_rec=8 mu_bwd=4) | grad=1.684 | tok/s=23,822 | tokens=3.43B
step=104560 | loss=3.5095 | lr=3.00e-04 | wd=0.0315 | mom=0.9500 | T=4.2 k=3.2 (mu_rec=8 mu_bwd=4) | grad=1.320 | tok/s=25,232 | tokens=3.43B
step=104570 | loss=3.2629 | lr=3.00e-04 | wd=0.0315 | mom=0.9500 | T=5.5 k=3.2 (mu_rec=8 mu_bwd=4) | grad=1.213 | tok/s=24,722 | tokens=3.43B
step=104580 | loss=3.1772 | lr=3.00e-04 | wd=0.0315 | mom=0.9500 | T=8.8 k=4.0 (mu_rec=8 mu_bwd=4) | grad=1.071 | tok/s=22,948 | tokens=3.43B
step=104590 | loss=3.1639 | lr=3.00e-04 | wd=0.0315 | mom=0.9500 | T=7.8 k=3.8 (mu_rec=8 mu_bwd=4) | grad=0.932 | tok/s=22,993 | tokens=3.43B
step=104600 | loss=3.3153 | lr=3.00e-04 | wd=0.0314 | mom=0.9500 | T=11.0 k=4.0 (mu_rec=8 mu_bwd=4) | grad=1.433 | tok/s=24,679 | tokens=3.43B
step=104610 | loss=3.2485 | lr=3.00e-04 | wd=0.0314 | mom=0.9500 | T=9.2 k=4.0 (mu_rec=8 mu_bwd=4) | grad=1.081 | tok/s=23,934 | tokens=3.43B
step=104620 | loss=3.1280 | lr=3.00e-04 | wd=0.0314 | mom=0.9500 | T=8.8 k=4.0 (mu_rec=8 mu_bwd=4) | grad=1.069 | tok/s=25,137 | tokens=3.43B
step=104630 | loss=3.1567 | lr=3.00e-04 | wd=0.0314 | mom=0.9500 | T=12.0 k=4.0 (mu_rec=8 mu_bwd=4) | grad=1.504 | tok/s=23,962 | tokens=3.43B
step=104640 | loss=3.2685 | lr=3.00e-04 | wd=0.0314 | mom=0.9500 | T=9.5 k=3.5 (mu_rec=8 mu_bwd=4) | grad=0.873 | tok/s=24,229 | tokens=3.43B
step=104650 | loss=3.1048 | lr=3.00e-04 | wd=0.0314 | mom=0.9500 | T=11.0 k=3.8 (mu_rec=8 mu_bwd=4) | grad=1.014 | tok/s=25,475 | tokens=3.43B
step=104660 | loss=3.0443 | lr=3.00e-04 | wd=0.0314 | mom=0.9500 | T=12.8 k=4.0 (mu_rec=8 mu_bwd=4) | grad=0.925 | tok/s=22,520 | tokens=3.43B
step=104670 | loss=3.6622 | lr=3.00e-04 | wd=0.0314 | mom=0.9500 | T=12.5 k=4.0 (mu_rec=8 mu_bwd=4) | grad=5.553 | tok/s=23,009 | tokens=3.43B
step=104680 | loss=3.6727 | lr=3.00e-04 | wd=0.0314 | mom=0.9500 | T=8.2 k=3.8 (mu_rec=8 mu_bwd=4) | grad=1.326 | tok/s=23,050 | tokens=3.43B
step=104690 | loss=3.3048 | lr=3.00e-04 | wd=0.0314 | mom=0.9500 | T=6.5 k=3.0 (mu_rec=8 mu_bwd=4) | grad=1.155 | tok/s=23,882 | tokens=3.43B
step=104700 | loss=2.8137 | lr=3.00e-04 | wd=0.0314 | mom=0.9500 | T=11.0 k=3.8 (mu_rec=8 mu_bwd=4) | grad=0.947 | tok/s=22,854 | tokens=3.43B
step=104710 | loss=3.0900 | lr=3.00e-04 | wd=0.0314 | mom=0.9500 | T=5.2 k=3.5 (mu_rec=8 mu_bwd=4) | grad=1.041 | tok/s=23,085 | tokens=3.43B
step=104720 | loss=3.0972 | lr=3.00e-04 | wd=0.0314 | mom=0.9500 | T=9.8 k=4.0 (mu_rec=8 mu_bwd=4) | grad=1.212 | tok/s=22,794 | tokens=3.43B
step=104730 | loss=3.2335 | lr=3.00e-04 | wd=0.0314 | mom=0.9500 | T=10.2 k=4.0 (mu_rec=8 mu_bwd=4) | grad=1.219 | tok/s=24,057 | tokens=3.43B
step=104740 | loss=3.0482 | lr=3.00e-04 | wd=0.0314 | mom=0.9500 | T=10.5 k=4.0 (mu_rec=8 mu_bwd=4) | grad=0.975 | tok/s=23,376 | tokens=3.43B
step=104750 | loss=3.2883 | lr=3.00e-04 | wd=0.0314 | mom=0.9500 | T=5.0 k=2.8 (mu_rec=8 mu_bwd=4) | grad=0.995 | tok/s=24,182 | tokens=3.43B
step=104760 | loss=3.4152 | lr=3.00e-04 | wd=0.0313 | mom=0.9500 | T=8.8 k=3.8 (mu_rec=8 mu_bwd=4) | grad=1.540 | tok/s=22,918 | tokens=3.43B
step=104770 | loss=3.0371 | lr=3.00e-04 | wd=0.0313 | mom=0.9500 | T=7.2 k=4.0 (mu_rec=8 mu_bwd=4) | grad=0.980 | tok/s=23,703 | tokens=3.43B
step=104780 | loss=3.4837 | lr=3.00e-04 | wd=0.0313 | mom=0.9500 | T=7.2 k=3.8 (mu_rec=8 mu_bwd=4) | grad=0.980 | tok/s=23,113 | tokens=3.43B
step=104790 | loss=3.3498 | lr=3.00e-04 | wd=0.0313 | mom=0.9500 | T=6.5 k=3.8 (mu_rec=8 mu_bwd=4) | grad=1.653 | tok/s=25,362 | tokens=3.43B
step=104800 | loss=3.2591 | lr=3.00e-04 | wd=0.0313 | mom=0.9500 | T=4.0 k=3.5 (mu_rec=8 mu_bwd=4) | grad=0.810 | tok/s=23,231 | tokens=3.43B
step=104810 | loss=3.1551 | lr=3.00e-04 | wd=0.0313 | mom=0.9500 | T=4.8 k=3.2 (mu_rec=8 mu_bwd=4) | grad=0.984 | tok/s=24,481 | tokens=3.43B
step=104820 | loss=3.2376 | lr=3.00e-04 | wd=0.0313 | mom=0.9500 | T=9.0 k=4.0 (mu_rec=8 mu_bwd=4) | grad=1.159 | tok/s=23,676 | tokens=3.43B
step=104830 | loss=3.4479 | lr=3.00e-04 | wd=0.0313 | mom=0.9500 | T=9.5 k=3.8 (mu_rec=8 mu_bwd=4) | grad=1.424 | tok/s=23,605 | tokens=3.44B
step=104840 | loss=3.1665 | lr=3.00e-04 | wd=0.0313 | mom=0.9500 | T=7.5 k=4.0 (mu_rec=8 mu_bwd=4) | grad=0.844 | tok/s=22,568 | tokens=3.44B
step=104850 | loss=3.1692 | lr=3.00e-04 | wd=0.0313 | mom=0.9500 | T=8.0 k=3.5 (mu_rec=8 mu_bwd=4) | grad=0.885 | tok/s=26,588 | tokens=3.44B
step=104860 | loss=3.1201 | lr=3.00e-04 | wd=0.0313 | mom=0.9500 | T=8.0 k=4.0 (mu_rec=8 mu_bwd=4) | grad=0.964 | tok/s=24,064 | tokens=3.44B
step=104870 | loss=2.9097 | lr=3.00e-04 | wd=0.0313 | mom=0.9500 | T=6.5 k=4.0 (mu_rec=8 mu_bwd=4) | grad=0.885 | tok/s=23,081 | tokens=3.44B
step=104880 | loss=3.1631 | lr=3.00e-04 | wd=0.0313 | mom=0.9500 | T=7.5 k=4.0 (mu_rec=8 mu_bwd=4) | grad=1.087 | tok/s=25,075 | tokens=3.44B
step=104890 | loss=3.2439 | lr=3.00e-04 | wd=0.0313 | mom=0.9500 | T=8.5 k=3.2 (mu_rec=8 mu_bwd=4) | grad=0.957 | tok/s=23,215 | tokens=3.44B
step=104900 | loss=3.1041 | lr=3.00e-04 | wd=0.0313 | mom=0.9500 | T=6.0 k=3.8 (mu_rec=8 mu_bwd=4) | grad=0.956 | tok/s=24,085 | tokens=3.44B
step=104910 | loss=3.0534 | lr=3.00e-04 | wd=0.0312 | mom=0.9500 | T=6.5 k=3.0 (mu_rec=8 mu_bwd=4) | grad=0.893 | tok/s=23,151 | tokens=3.44B
step=104920 | loss=2.9513 | lr=3.00e-04 | wd=0.0312 | mom=0.9500 | T=11.5 k=4.0 (mu_rec=8 mu_bwd=4) | grad=1.044 | tok/s=10,166 | tokens=3.44B
step=104930 | loss=2.7897 | lr=3.00e-04 | wd=0.0312 | mom=0.9500 | T=6.0 k=3.2 (mu_rec=8 mu_bwd=4) | grad=0.820 | tok/s=25,987 | tokens=3.44B
step=104940 | loss=3.1836 | lr=3.00e-04 | wd=0.0312 | mom=0.9500 | T=6.5 k=4.0 (mu_rec=8 mu_bwd=4) | grad=0.906 | tok/s=22,272 | tokens=3.44B
step=104950 | loss=3.0889 | lr=3.00e-04 | wd=0.0312 | mom=0.9500 | T=9.8 k=4.0 (mu_rec=8 mu_bwd=4) | grad=1.428 | tok/s=22,161 | tokens=3.44B
step=104960 | loss=3.4829 | lr=3.00e-04 | wd=0.0312 | mom=0.9500 | T=11.0 k=4.0 (mu_rec=8 mu_bwd=4) | grad=1.303 | tok/s=23,695 | tokens=3.44B
step=104970 | loss=2.8823 | lr=3.00e-04 | wd=0.0312 | mom=0.9500 | T=11.0 k=4.0 (mu_rec=8 mu_bwd=4) | grad=0.938 | tok/s=21,520 | tokens=3.44B
step=104980 | loss=3.3642 | lr=3.00e-04 | wd=0.0312 | mom=0.9500 | T=9.5 k=4.0 (mu_rec=8 mu_bwd=4) | grad=1.738 | tok/s=23,911 | tokens=3.44B
step=104990 | loss=3.5372 | lr=3.00e-04 | wd=0.0312 | mom=0.9500 | T=9.5 k=3.8 (mu_rec=8 mu_bwd=4) | grad=1.448 | tok/s=23,793 | tokens=3.44B
step=105000 | loss=3.4077 | lr=3.00e-04 | wd=0.0312 | mom=0.9500 | T=8.8 k=3.5 (mu_rec=8 mu_bwd=4) | grad=1.155 | tok/s=23,835 | tokens=3.44B
step=105010 | loss=3.1520 | lr=3.00e-04 | wd=0.0312 | mom=0.9500 | T=4.8 k=3.5 (mu_rec=8 mu_bwd=4) | grad=0.930 | tok/s=23,269 | tokens=3.44B
step=105020 | loss=3.0125 | lr=3.00e-04 | wd=0.0312 | mom=0.9500 | T=4.8 k=3.2 (mu_rec=8 mu_bwd=4) | grad=1.335 | tok/s=24,430 | tokens=3.44B
step=105030 | loss=3.1635 | lr=3.00e-04 | wd=0.0312 | mom=0.9500 | T=11.5 k=3.2 (mu_rec=8 mu_bwd=4) | grad=0.964 | tok/s=24,413 | tokens=3.44B
step=105040 | loss=3.2079 | lr=3.00e-04 | wd=0.0312 | mom=0.9500 | T=10.5 k=3.8 (mu_rec=8 mu_bwd=4) | grad=0.852 | tok/s=24,185 | tokens=3.44B
step=105050 | loss=3.9239 | lr=3.00e-04 | wd=0.0312 | mom=0.9500 | T=8.2 k=3.8 (mu_rec=8 mu_bwd=4) | grad=1.108 | tok/s=21,966 | tokens=3.44B
step=105060 | loss=3.4115 | lr=3.00e-04 | wd=0.0311 | mom=0.9500 | T=8.0 k=3.2 (mu_rec=8 mu_bwd=4) | grad=1.399 | tok/s=24,207 | tokens=3.44B
step=105070 | loss=3.3543 | lr=3.00e-04 | wd=0.0311 | mom=0.9500 | T=7.5 k=4.0 (mu_rec=8 mu_bwd=4) | grad=1.190 | tok/s=23,243 | tokens=3.44B
step=105080 | loss=3.2925 | lr=3.00e-04 | wd=0.0311 | mom=0.9500 | T=9.5 k=4.0 (mu_rec=8 mu_bwd=4) | grad=0.950 | tok/s=23,052 | tokens=3.44B
step=105090 | loss=2.9412 | lr=3.00e-04 | wd=0.0311 | mom=0.9500 | T=7.2 k=4.0 (mu_rec=8 mu_bwd=4) | grad=1.013 | tok/s=22,240 | tokens=3.44B
step=105100 | loss=2.6140 | lr=3.00e-04 | wd=0.0311 | mom=0.9500 | T=7.2 k=4.0 (mu_rec=8 mu_bwd=4) | grad=1.200 | tok/s=23,304 | tokens=3.44B
step=105110 | loss=3.0497 | lr=3.00e-04 | wd=0.0311 | mom=0.9500 | T=7.0 k=4.0 (mu_rec=8 mu_bwd=4) | grad=0.932 | tok/s=24,787 | tokens=3.44B
step=105120 | loss=3.1076 | lr=3.00e-04 | wd=0.0311 | mom=0.9500 | T=10.0 k=3.8 (mu_rec=8 mu_bwd=4) | grad=0.942 | tok/s=23,266 | tokens=3.44B
step=105130 | loss=3.0387 | lr=3.00e-04 | wd=0.0311 | mom=0.9500 | T=7.0 k=3.5 (mu_rec=8 mu_bwd=4) | grad=0.953 | tok/s=22,871 | tokens=3.44B
step=105140 | loss=3.1534 | lr=3.00e-04 | wd=0.0311 | mom=0.9500 | T=7.8 k=4.0 (mu_rec=8 mu_bwd=4) | grad=0.924 | tok/s=22,100 | tokens=3.45B
step=105150 | loss=3.2733 | lr=3.00e-04 | wd=0.0311 | mom=0.9500 | T=8.5 k=4.0 (mu_rec=8 mu_bwd=4) | grad=0.946 | tok/s=22,833 | tokens=3.45B
step=105160 | loss=3.4277 | lr=3.00e-04 | wd=0.0311 | mom=0.9500 | T=9.2 k=3.2 (mu_rec=8 mu_bwd=4) | grad=1.529 | tok/s=23,350 | tokens=3.45B
step=105170 | loss=2.8303 | lr=3.00e-04 | wd=0.0311 | mom=0.9500 | T=10.8 k=3.8 (mu_rec=8 mu_bwd=4) | grad=1.059 | tok/s=25,085 | tokens=3.45B
step=105180 | loss=2.8250 | lr=3.00e-04 | wd=0.0311 | mom=0.9500 | T=10.0 k=4.0 (mu_rec=8 mu_bwd=4) | grad=0.922 | tok/s=24,669 | tokens=3.45B
step=105190 | loss=2.8379 | lr=3.00e-04 | wd=0.0311 | mom=0.9500 | T=6.0 k=3.5 (mu_rec=8 mu_bwd=4) | grad=0.860 | tok/s=23,936 | tokens=3.45B
step=105200 | loss=3.3880 | lr=3.00e-04 | wd=0.0311 | mom=0.9500 | T=7.2 k=4.0 (mu_rec=8 mu_bwd=4) | grad=1.191 | tok/s=24,803 | tokens=3.45B
step=105210 | loss=3.1738 | lr=3.00e-04 | wd=0.0310 | mom=0.9500 | T=4.2 k=3.0 (mu_rec=8 mu_bwd=4) | grad=1.894 | tok/s=23,707 | tokens=3.45B
step=105220 | loss=2.9062 | lr=3.00e-04 | wd=0.0310 | mom=0.9500 | T=10.8 k=4.0 (mu_rec=8 mu_bwd=4) | grad=1.183 | tok/s=21,190 | tokens=3.45B
step=105230 | loss=3.2301 | lr=3.00e-04 | wd=0.0310 | mom=0.9500 | T=6.2 k=3.5 (mu_rec=8 mu_bwd=4) | grad=1.324 | tok/s=23,929 | tokens=3.45B
step=105240 | loss=3.3252 | lr=3.00e-04 | wd=0.0310 | mom=0.9500 | T=10.8 k=3.8 (mu_rec=8 mu_bwd=4) | grad=0.940 | tok/s=24,521 | tokens=3.45B
step=105250 | loss=3.1850 | lr=3.00e-04 | wd=0.0310 | mom=0.9500 | T=4.5 k=3.0 (mu_rec=8 mu_bwd=4) | grad=1.212 | tok/s=24,207 | tokens=3.45B
step=105260 | loss=3.1077 | lr=3.00e-04 | wd=0.0310 | mom=0.9500 | T=5.2 k=3.2 (mu_rec=8 mu_bwd=4) | grad=1.126 | tok/s=23,725 | tokens=3.45B
step=105270 | loss=3.1957 | lr=3.00e-04 | wd=0.0310 | mom=0.9500 | T=6.0 k=3.5 (mu_rec=8 mu_bwd=4) | grad=1.116 | tok/s=24,259 | tokens=3.45B
step=105280 | loss=2.9871 | lr=3.00e-04 | wd=0.0310 | mom=0.9500 | T=8.2 k=3.8 (mu_rec=8 mu_bwd=4) | grad=1.095 | tok/s=23,079 | tokens=3.45B
step=105290 | loss=2.9247 | lr=3.00e-04 | wd=0.0310 | mom=0.9500 | T=6.8 k=4.0 (mu_rec=8 mu_bwd=4) | grad=0.903 | tok/s=26,166 | tokens=3.45B
step=105300 | loss=3.0466 | lr=3.00e-04 | wd=0.0310 | mom=0.9500 | T=8.0 k=3.5 (mu_rec=8 mu_bwd=4) | grad=0.963 | tok/s=24,792 | tokens=3.45B
step=105310 | loss=3.0233 | lr=3.00e-04 | wd=0.0310 | mom=0.9500 | T=10.2 k=4.0 (mu_rec=8 mu_bwd=4) | grad=1.326 | tok/s=22,298 | tokens=3.45B
step=105320 | loss=3.2092 | lr=3.00e-04 | wd=0.0310 | mom=0.9500 | T=8.2 k=3.2 (mu_rec=8 mu_bwd=4) | grad=1.031 | tok/s=23,572 | tokens=3.45B
step=105330 | loss=3.1103 | lr=3.00e-04 | wd=0.0310 | mom=0.9500 | T=4.2 k=3.0 (mu_rec=8 mu_bwd=4) | grad=1.057 | tok/s=23,288 | tokens=3.45B
step=105340 | loss=2.8812 | lr=3.00e-04 | wd=0.0310 | mom=0.9500 | T=11.8 k=4.0 (mu_rec=8 mu_bwd=4) | grad=0.949 | tok/s=23,523 | tokens=3.45B
step=105350 | loss=3.1435 | lr=3.00e-04 | wd=0.0310 | mom=0.9500 | T=7.2 k=3.5 (mu_rec=8 mu_bwd=4) | grad=0.887 | tok/s=23,755 | tokens=3.45B
step=105360 | loss=3.1926 | lr=3.00e-04 | wd=0.0310 | mom=0.9500 | T=5.8 k=3.0 (mu_rec=8 mu_bwd=4) | grad=1.494 | tok/s=9,841 | tokens=3.45B
step=105370 | loss=3.2464 | lr=3.00e-04 | wd=0.0309 | mom=0.9500 | T=14.2 k=4.0 (mu_rec=8 mu_bwd=4) | grad=1.031 | tok/s=23,473 | tokens=3.45B
step=105380 | loss=3.1127 | lr=3.00e-04 | wd=0.0309 | mom=0.9500 | T=2.2 k=1.8 (mu_rec=8 mu_bwd=4) | grad=0.953 | tok/s=24,318 | tokens=3.45B
step=105390 | loss=2.6728 | lr=3.00e-04 | wd=0.0309 | mom=0.9500 | T=13.2 k=4.0 (mu_rec=8 mu_bwd=4) | grad=1.046 | tok/s=24,314 | tokens=3.45B
step=105400 | loss=2.9480 | lr=3.00e-04 | wd=0.0309 | mom=0.9500 | T=4.5 k=3.0 (mu_rec=8 mu_bwd=4) | grad=1.146 | tok/s=23,146 | tokens=3.45B
step=105410 | loss=3.3695 | lr=3.00e-04 | wd=0.0309 | mom=0.9500 | T=8.5 k=3.8 (mu_rec=8 mu_bwd=4) | grad=1.339 | tok/s=23,408 | tokens=3.45B
step=105420 | loss=3.3784 | lr=3.00e-04 | wd=0.0309 | mom=0.9500 | T=8.5 k=4.0 (mu_rec=8 mu_bwd=4) | grad=1.297 | tok/s=25,323 | tokens=3.45B
step=105430 | loss=2.9204 | lr=3.00e-04 | wd=0.0309 | mom=0.9500 | T=12.0 k=4.0 (mu_rec=8 mu_bwd=4) | grad=0.883 | tok/s=21,763 | tokens=3.45B
step=105440 | loss=3.3035 | lr=3.00e-04 | wd=0.0309 | mom=0.9500 | T=6.0 k=4.0 (mu_rec=8 mu_bwd=4) | grad=0.921 | tok/s=24,191 | tokens=3.46B
step=105450 | loss=3.3981 | lr=3.00e-04 | wd=0.0309 | mom=0.9500 | T=8.0 k=4.0 (mu_rec=8 mu_bwd=4) | grad=0.881 | tok/s=22,700 | tokens=3.46B
step=105460 | loss=2.8227 | lr=3.00e-04 | wd=0.0309 | mom=0.9500 | T=5.2 k=4.0 (mu_rec=8 mu_bwd=4) | grad=1.990 | tok/s=23,149 | tokens=3.46B
step=105470 | loss=3.1484 | lr=3.00e-04 | wd=0.0309 | mom=0.9500 | T=3.5 k=3.2 (mu_rec=8 mu_bwd=4) | grad=1.224 | tok/s=25,227 | tokens=3.46B
step=105480 | loss=3.3925 | lr=3.00e-04 | wd=0.0309 | mom=0.9500 | T=10.8 k=4.0 (mu_rec=8 mu_bwd=4) | grad=1.257 | tok/s=22,472 | tokens=3.46B
step=105490 | loss=3.1782 | lr=3.00e-04 | wd=0.0309 | mom=0.9500 | T=12.0 k=4.0 (mu_rec=8 mu_bwd=4) | grad=0.888 | tok/s=22,585 | tokens=3.46B
step=105500 | loss=3.1597 | lr=3.00e-04 | wd=0.0309 | mom=0.9500 | T=9.2 k=4.0 (mu_rec=8 mu_bwd=4) | grad=0.962 | tok/s=24,424 | tokens=3.46B
step=105510 | loss=2.9567 | lr=3.00e-04 | wd=0.0309 | mom=0.9500 | T=7.8 k=4.0 (mu_rec=8 mu_bwd=4) | grad=1.160 | tok/s=24,291 | tokens=3.46B
step=105520 | loss=3.2777 | lr=3.00e-04 | wd=0.0308 | mom=0.9500 | T=7.8 k=4.0 (mu_rec=8 mu_bwd=4) | grad=1.483 | tok/s=23,245 | tokens=3.46B
step=105530 | loss=3.1859 | lr=3.00e-04 | wd=0.0308 | mom=0.9500 | T=5.0 k=3.5 (mu_rec=8 mu_bwd=4) | grad=0.893 | tok/s=25,373 | tokens=3.46B
step=105540 | loss=3.0528 | lr=3.00e-04 | wd=0.0308 | mom=0.9500 | T=9.8 k=3.2 (mu_rec=8 mu_bwd=4) | grad=1.027 | tok/s=22,378 | tokens=3.46B
step=105550 | loss=3.1739 | lr=3.00e-04 | wd=0.0308 | mom=0.9500 | T=11.0 k=4.0 (mu_rec=8 mu_bwd=4) | grad=1.393 | tok/s=24,773 | tokens=3.46B
step=105560 | loss=3.0148 | lr=3.00e-04 | wd=0.0308 | mom=0.9500 | T=5.2 k=4.0 (mu_rec=8 mu_bwd=4) | grad=1.174 | tok/s=21,718 | tokens=3.46B
step=105570 | loss=3.1568 | lr=3.00e-04 | wd=0.0308 | mom=0.9500 | T=8.8 k=3.2 (mu_rec=8 mu_bwd=4) | grad=1.491 | tok/s=22,892 | tokens=3.46B
step=105580 | loss=3.4183 | lr=3.00e-04 | wd=0.0308 | mom=0.9500 | T=7.0 k=3.5 (mu_rec=8 mu_bwd=4) | grad=2.441 | tok/s=23,368 | tokens=3.46B
step=105590 | loss=3.0102 | lr=3.00e-04 | wd=0.0308 | mom=0.9500 | T=5.2 k=3.2 (mu_rec=8 mu_bwd=4) | grad=1.622 | tok/s=23,325 | tokens=3.46B
step=105600 | loss=2.9518 | lr=3.00e-04 | wd=0.0308 | mom=0.9500 | T=9.2 k=4.0 (mu_rec=8 mu_bwd=4) | grad=0.959 | tok/s=22,323 | tokens=3.46B
step=105610 | loss=3.1946 | lr=3.00e-04 | wd=0.0308 | mom=0.9500 | T=8.0 k=4.0 (mu_rec=8 mu_bwd=4) | grad=2.553 | tok/s=23,060 | tokens=3.46B
step=105620 | loss=3.2468 | lr=3.00e-04 | wd=0.0308 | mom=0.9500 | T=6.0 k=4.0 (mu_rec=8 mu_bwd=4) | grad=0.929 | tok/s=22,390 | tokens=3.46B
step=105630 | loss=2.7556 | lr=3.00e-04 | wd=0.0308 | mom=0.9500 | T=11.0 k=4.0 (mu_rec=8 mu_bwd=4) | grad=1.087 | tok/s=22,351 | tokens=3.46B
step=105640 | loss=3.2658 | lr=3.00e-04 | wd=0.0308 | mom=0.9500 | T=11.8 k=4.0 (mu_rec=8 mu_bwd=4) | grad=1.667 | tok/s=23,768 | tokens=3.46B
step=105650 | loss=3.2932 | lr=3.00e-04 | wd=0.0308 | mom=0.9500 | T=8.5 k=4.0 (mu_rec=8 mu_bwd=4) | grad=1.040 | tok/s=23,042 | tokens=3.46B
step=105660 | loss=3.1071 | lr=3.00e-04 | wd=0.0308 | mom=0.9500 | T=8.2 k=4.0 (mu_rec=8 mu_bwd=4) | grad=1.073 | tok/s=23,211 | tokens=3.46B
step=105670 | loss=3.0698 | lr=3.00e-04 | wd=0.0307 | mom=0.9500 | T=7.2 k=3.2 (mu_rec=8 mu_bwd=4) | grad=1.158 | tok/s=24,027 | tokens=3.46B
step=105680 | loss=3.1288 | lr=3.00e-04 | wd=0.0307 | mom=0.9500 | T=7.8 k=4.0 (mu_rec=8 mu_bwd=4) | grad=1.595 | tok/s=24,155 | tokens=3.46B
step=105690 | loss=3.2032 | lr=3.00e-04 | wd=0.0307 | mom=0.9500 | T=7.0 k=3.8 (mu_rec=8 mu_bwd=4) | grad=1.306 | tok/s=22,649 | tokens=3.46B
step=105700 | loss=3.3058 | lr=3.00e-04 | wd=0.0307 | mom=0.9500 | T=10.5 k=3.8 (mu_rec=8 mu_bwd=4) | grad=0.987 | tok/s=23,278 | tokens=3.46B
step=105710 | loss=2.9927 | lr=3.00e-04 | wd=0.0307 | mom=0.9500 | T=14.0 k=4.0 (mu_rec=8 mu_bwd=4) | grad=1.829 | tok/s=21,849 | tokens=3.46B
step=105720 | loss=3.7206 | lr=3.00e-04 | wd=0.0307 | mom=0.9500 | T=12.2 k=4.0 (mu_rec=8 mu_bwd=4) | grad=1.505 | tok/s=21,155 | tokens=3.46B
step=105730 | loss=4.1495 | lr=3.00e-04 | wd=0.0307 | mom=0.9500 | T=6.5 k=4.0 (mu_rec=8 mu_bwd=4) | grad=4.345 | tok/s=23,426 | tokens=3.46B
step=105740 | loss=3.1219 | lr=3.00e-04 | wd=0.0307 | mom=0.9500 | T=5.2 k=3.5 (mu_rec=8 mu_bwd=4) | grad=0.966 | tok/s=23,577 | tokens=3.46B
step=105750 | loss=3.2440 | lr=3.00e-04 | wd=0.0307 | mom=0.9500 | T=7.2 k=4.0 (mu_rec=8 mu_bwd=4) | grad=1.169 | tok/s=25,734 | tokens=3.47B
step=105760 | loss=3.2047 | lr=3.00e-04 | wd=0.0307 | mom=0.9500 | T=8.0 k=4.0 (mu_rec=8 mu_bwd=4) | grad=1.511 | tok/s=23,851 | tokens=3.47B
step=105770 | loss=3.3860 | lr=3.00e-04 | wd=0.0307 | mom=0.9500 | T=6.0 k=4.0 (mu_rec=8 mu_bwd=4) | grad=3.212 | tok/s=11,194 | tokens=3.47B
step=105780 | loss=3.1015 | lr=3.00e-04 | wd=0.0307 | mom=0.9500 | T=11.0 k=4.0 (mu_rec=8 mu_bwd=4) | grad=1.675 | tok/s=24,472 | tokens=3.47B
step=105790 | loss=3.2868 | lr=3.00e-04 | wd=0.0307 | mom=0.9500 | T=11.8 k=4.0 (mu_rec=8 mu_bwd=4) | grad=1.190 | tok/s=23,791 | tokens=3.47B
step=105800 | loss=3.1526 | lr=3.00e-04 | wd=0.0307 | mom=0.9500 | T=11.2 k=4.0 (mu_rec=8 mu_bwd=4) | grad=1.520 | tok/s=23,816 | tokens=3.47B
step=105810 | loss=2.9228 | lr=3.00e-04 | wd=0.0307 | mom=0.9500 | T=6.8 k=4.0 (mu_rec=8 mu_bwd=4) | grad=0.910 | tok/s=23,229 | tokens=3.47B
step=105820 | loss=3.2035 | lr=3.00e-04 | wd=0.0307 | mom=0.9500 | T=7.0 k=4.0 (mu_rec=8 mu_bwd=4) | grad=1.754 | tok/s=22,160 | tokens=3.47B
step=105830 | loss=3.1264 | lr=3.00e-04 | wd=0.0306 | mom=0.9500 | T=8.2 k=3.8 (mu_rec=8 mu_bwd=4) | grad=1.305 | tok/s=21,841 | tokens=3.47B
step=105840 | loss=2.8595 | lr=3.00e-04 | wd=0.0306 | mom=0.9500 | T=8.0 k=3.8 (mu_rec=8 mu_bwd=4) | grad=2.369 | tok/s=25,032 | tokens=3.47B
step=105850 | loss=2.8956 | lr=3.00e-04 | wd=0.0306 | mom=0.9500 | T=10.0 k=4.0 (mu_rec=8 mu_bwd=4) | grad=2.371 | tok/s=23,592 | tokens=3.47B
step=105860 | loss=2.8828 | lr=3.00e-04 | wd=0.0306 | mom=0.9500 | T=3.8 k=3.0 (mu_rec=8 mu_bwd=4) | grad=0.870 | tok/s=24,981 | tokens=3.47B
step=105870 | loss=3.1444 | lr=3.00e-04 | wd=0.0306 | mom=0.9500 | T=8.8 k=4.0 (mu_rec=8 mu_bwd=4) | grad=1.445 | tok/s=26,129 | tokens=3.47B
step=105880 | loss=3.3422 | lr=3.00e-04 | wd=0.0306 | mom=0.9500 | T=19.0 k=4.0 (mu_rec=8 mu_bwd=4) | grad=0.988 | tok/s=21,492 | tokens=3.47B
step=105890 | loss=3.2437 | lr=3.00e-04 | wd=0.0306 | mom=0.9500 | T=10.0 k=4.0 (mu_rec=8 mu_bwd=4) | grad=0.984 | tok/s=24,395 | tokens=3.47B
step=105900 | loss=2.9206 | lr=3.00e-04 | wd=0.0306 | mom=0.9500 | T=5.0 k=3.8 (mu_rec=8 mu_bwd=4) | grad=1.096 | tok/s=22,847 | tokens=3.47B
step=105910 | loss=3.0113 | lr=3.00e-04 | wd=0.0306 | mom=0.9500 | T=6.0 k=3.5 (mu_rec=8 mu_bwd=4) | grad=2.456 | tok/s=23,582 | tokens=3.47B
step=105920 | loss=3.4559 | lr=3.00e-04 | wd=0.0306 | mom=0.9500 | T=6.0 k=4.0 (mu_rec=8 mu_bwd=4) | grad=0.900 | tok/s=22,121 | tokens=3.47B
step=105930 | loss=3.1065 | lr=3.00e-04 | wd=0.0306 | mom=0.9500 | T=5.2 k=3.5 (mu_rec=8 mu_bwd=4) | grad=1.088 | tok/s=22,994 | tokens=3.47B
step=105940 | loss=3.1614 | lr=3.00e-04 | wd=0.0306 | mom=0.9500 | T=8.5 k=3.8 (mu_rec=8 mu_bwd=4) | grad=1.559 | tok/s=22,181 | tokens=3.47B
step=105950 | loss=3.0786 | lr=3.00e-04 | wd=0.0306 | mom=0.9500 | T=5.2 k=3.2 (mu_rec=8 mu_bwd=4) | grad=1.100 | tok/s=23,975 | tokens=3.47B
step=105960 | loss=3.0652 | lr=3.00e-04 | wd=0.0306 | mom=0.9500 | T=6.5 k=3.8 (mu_rec=8 mu_bwd=4) | grad=0.956 | tok/s=21,449 | tokens=3.47B
step=105970 | loss=2.9567 | lr=3.00e-04 | wd=0.0306 | mom=0.9500 | T=7.5 k=3.2 (mu_rec=8 mu_bwd=4) | grad=1.096 | tok/s=25,189 | tokens=3.47B
step=105980 | loss=3.3773 | lr=3.00e-04 | wd=0.0305 | mom=0.9500 | T=7.2 k=4.0 (mu_rec=8 mu_bwd=4) | grad=0.843 | tok/s=24,303 | tokens=3.47B
step=105990 | loss=3.4052 | lr=3.00e-04 | wd=0.0305 | mom=0.9500 | T=4.5 k=3.5 (mu_rec=8 mu_bwd=4) | grad=0.889 | tok/s=23,824 | tokens=3.47B
step=106000 | loss=3.1162 | lr=3.00e-04 | wd=0.0305 | mom=0.9500 | T=9.5 k=3.0 (mu_rec=8 mu_bwd=4) | grad=1.327 | tok/s=22,020 | tokens=3.47B
[step 106000] Saved -> runs/cortex-5b-k4/checkpoint_0106000
[step 106000] Pruned -> runs/cortex-5b-k4/checkpoint_0100000
step=106010 | loss=3.2708 | lr=3.00e-04 | wd=0.0305 | mom=0.9500 | T=8.5 k=3.5 (mu_rec=8 mu_bwd=4) | grad=3.004 | tok/s=20,310 | tokens=3.47B
step=106020 | loss=3.0587 | lr=3.00e-04 | wd=0.0305 | mom=0.9500 | T=5.2 k=4.0 (mu_rec=8 mu_bwd=4) | grad=1.172 | tok/s=23,467 | tokens=3.47B
step=106030 | loss=3.2388 | lr=3.00e-04 | wd=0.0305 | mom=0.9500 | T=4.0 k=3.2 (mu_rec=8 mu_bwd=4) | grad=1.074 | tok/s=23,103 | tokens=3.47B
step=106040 | loss=3.2846 | lr=3.00e-04 | wd=0.0305 | mom=0.9500 | T=8.2 k=4.0 (mu_rec=8 mu_bwd=4) | grad=3.847 | tok/s=23,660 | tokens=3.47B
step=106050 | loss=3.3619 | lr=3.00e-04 | wd=0.0305 | mom=0.9500 | T=9.0 k=3.8 (mu_rec=8 mu_bwd=4) | grad=0.993 | tok/s=23,952 | tokens=3.48B
step=106060 | loss=3.1471 | lr=3.00e-04 | wd=0.0305 | mom=0.9500 | T=13.2 k=4.0 (mu_rec=8 mu_bwd=4) | grad=1.780 | tok/s=21,580 | tokens=3.48B
step=106070 | loss=3.1734 | lr=3.00e-04 | wd=0.0305 | mom=0.9500 | T=6.8 k=4.0 (mu_rec=8 mu_bwd=4) | grad=1.210 | tok/s=25,041 | tokens=3.48B
step=106080 | loss=3.0610 | lr=3.00e-04 | wd=0.0305 | mom=0.9500 | T=7.8 k=4.0 (mu_rec=8 mu_bwd=4) | grad=0.890 | tok/s=25,072 | tokens=3.48B
step=106090 | loss=3.7305 | lr=3.00e-04 | wd=0.0305 | mom=0.9500 | T=6.2 k=3.2 (mu_rec=8 mu_bwd=4) | grad=2.116 | tok/s=23,958 | tokens=3.48B
step=106100 | loss=3.6432 | lr=3.00e-04 | wd=0.0305 | mom=0.9500 | T=5.8 k=3.8 (mu_rec=8 mu_bwd=4) | grad=1.833 | tok/s=25,176 | tokens=3.48B
step=106110 | loss=3.0929 | lr=3.00e-04 | wd=0.0305 | mom=0.9500 | T=4.0 k=2.8 (mu_rec=8 mu_bwd=4) | grad=1.700 | tok/s=24,643 | tokens=3.48B
step=106120 | loss=3.0738 | lr=3.00e-04 | wd=0.0305 | mom=0.9500 | T=12.0 k=4.0 (mu_rec=8 mu_bwd=4) | grad=0.949 | tok/s=23,456 | tokens=3.48B
step=106130 | loss=3.5272 | lr=3.00e-04 | wd=0.0304 | mom=0.9500 | T=6.8 k=3.5 (mu_rec=8 mu_bwd=4) | grad=1.109 | tok/s=23,163 | tokens=3.48B
step=106140 | loss=2.8480 | lr=3.00e-04 | wd=0.0304 | mom=0.9500 | T=9.5 k=3.5 (mu_rec=8 mu_bwd=4) | grad=1.061 | tok/s=24,743 | tokens=3.48B
step=106150 | loss=3.6550 | lr=3.00e-04 | wd=0.0304 | mom=0.9500 | T=4.2 k=3.5 (mu_rec=8 mu_bwd=4) | grad=1.263 | tok/s=23,755 | tokens=3.48B
step=106160 | loss=3.3339 | lr=3.00e-04 | wd=0.0304 | mom=0.9500 | T=7.5 k=4.0 (mu_rec=8 mu_bwd=4) | grad=1.022 | tok/s=22,904 | tokens=3.48B
step=106170 | loss=3.1360 | lr=3.00e-04 | wd=0.0304 | mom=0.9500 | T=6.2 k=4.0 (mu_rec=8 mu_bwd=4) | grad=0.836 | tok/s=23,798 | tokens=3.48B
step=106180 | loss=3.2281 | lr=3.00e-04 | wd=0.0304 | mom=0.9500 | T=5.2 k=3.2 (mu_rec=8 mu_bwd=4) | grad=1.677 | tok/s=23,207 | tokens=3.48B
step=106190 | loss=3.1299 | lr=3.00e-04 | wd=0.0304 | mom=0.9500 | T=12.0 k=4.0 (mu_rec=8 mu_bwd=4) | grad=1.694 | tok/s=21,952 | tokens=3.48B
step=106200 | loss=3.2174 | lr=3.00e-04 | wd=0.0304 | mom=0.9500 | T=5.0 k=3.2 (mu_rec=8 mu_bwd=4) | grad=1.153 | tok/s=24,665 | tokens=3.48B
step=106210 | loss=3.1328 | lr=3.00e-04 | wd=0.0304 | mom=0.9500 | T=4.8 k=2.8 (mu_rec=8 mu_bwd=4) | grad=1.155 | tok/s=25,612 | tokens=3.48B
step=106220 | loss=3.2960 | lr=3.00e-04 | wd=0.0304 | mom=0.9500 | T=3.8 k=2.8 (mu_rec=8 mu_bwd=4) | grad=1.022 | tok/s=24,631 | tokens=3.48B
step=106230 | loss=3.3779 | lr=3.00e-04 | wd=0.0304 | mom=0.9500 | T=6.2 k=3.8 (mu_rec=8 mu_bwd=4) | grad=0.809 | tok/s=23,758 | tokens=3.48B
step=106240 | loss=2.8983 | lr=3.00e-04 | wd=0.0304 | mom=0.9500 | T=7.0 k=3.8 (mu_rec=8 mu_bwd=4) | grad=1.121 | tok/s=24,195 | tokens=3.48B
step=106250 | loss=3.2046 | lr=3.00e-04 | wd=0.0304 | mom=0.9500 | T=7.8 k=4.0 (mu_rec=8 mu_bwd=4) | grad=0.874 | tok/s=23,100 | tokens=3.48B
step=106260 | loss=3.2880 | lr=3.00e-04 | wd=0.0304 | mom=0.9500 | T=7.2 k=4.0 (mu_rec=8 mu_bwd=4) | grad=1.092 | tok/s=24,831 | tokens=3.48B
step=106270 | loss=3.0572 | lr=3.00e-04 | wd=0.0304 | mom=0.9500 | T=11.2 k=4.0 (mu_rec=8 mu_bwd=4) | grad=0.843 | tok/s=10,507 | tokens=3.48B
step=106280 | loss=3.0194 | lr=3.00e-04 | wd=0.0303 | mom=0.9500 | T=7.2 k=4.0 (mu_rec=8 mu_bwd=4) | grad=0.988 | tok/s=25,728 | tokens=3.48B
step=106290 | loss=3.3046 | lr=3.00e-04 | wd=0.0303 | mom=0.9500 | T=10.5 k=3.5 (mu_rec=8 mu_bwd=4) | grad=0.945 | tok/s=23,920 | tokens=3.48B
step=106300 | loss=3.2054 | lr=3.00e-04 | wd=0.0303 | mom=0.9500 | T=11.2 k=4.0 (mu_rec=8 mu_bwd=4) | grad=1.097 | tok/s=24,129 | tokens=3.48B
step=106310 | loss=3.2247 | lr=3.00e-04 | wd=0.0303 | mom=0.9500 | T=6.2 k=3.8 (mu_rec=8 mu_bwd=4) | grad=1.085 | tok/s=22,601 | tokens=3.48B
step=106320 | loss=2.9770 | lr=3.00e-04 | wd=0.0303 | mom=0.9500 | T=8.2 k=3.5 (mu_rec=8 mu_bwd=4) | grad=6.965 | tok/s=23,732 | tokens=3.48B
step=106330 | loss=3.0985 | lr=3.00e-04 | wd=0.0303 | mom=0.9500 | T=4.2 k=3.0 (mu_rec=8 mu_bwd=4) | grad=1.121 | tok/s=24,779 | tokens=3.48B
step=106340 | loss=3.1501 | lr=3.00e-04 | wd=0.0303 | mom=0.9500 | T=12.2 k=4.0 (mu_rec=8 mu_bwd=4) | grad=0.887 | tok/s=21,310 | tokens=3.48B
step=106350 | loss=3.0942 | lr=3.00e-04 | wd=0.0303 | mom=0.9500 | T=8.5 k=3.8 (mu_rec=8 mu_bwd=4) | grad=1.165 | tok/s=23,336 | tokens=3.48B
step=106360 | loss=2.9570 | lr=3.00e-04 | wd=0.0303 | mom=0.9500 | T=8.5 k=3.5 (mu_rec=8 mu_bwd=4) | grad=0.904 | tok/s=22,134 | tokens=3.49B
step=106370 | loss=3.3281 | lr=3.00e-04 | wd=0.0303 | mom=0.9500 | T=8.0 k=3.8 (mu_rec=8 mu_bwd=4) | grad=1.029 | tok/s=22,915 | tokens=3.49B
step=106380 | loss=3.1944 | lr=3.00e-04 | wd=0.0303 | mom=0.9500 | T=8.0 k=3.2 (mu_rec=8 mu_bwd=4) | grad=1.433 | tok/s=23,040 | tokens=3.49B
step=106390 | loss=3.2046 | lr=3.00e-04 | wd=0.0303 | mom=0.9500 | T=4.5 k=3.8 (mu_rec=8 mu_bwd=4) | grad=1.927 | tok/s=23,461 | tokens=3.49B
step=106400 | loss=3.1793 | lr=3.00e-04 | wd=0.0303 | mom=0.9500 | T=9.2 k=3.8 (mu_rec=8 mu_bwd=4) | grad=1.019 | tok/s=23,639 | tokens=3.49B
step=106410 | loss=3.1235 | lr=3.00e-04 | wd=0.0303 | mom=0.9500 | T=8.0 k=3.0 (mu_rec=8 mu_bwd=4) | grad=1.639 | tok/s=22,887 | tokens=3.49B
step=106420 | loss=3.0507 | lr=3.00e-04 | wd=0.0303 | mom=0.9500 | T=5.2 k=3.5 (mu_rec=8 mu_bwd=4) | grad=0.954 | tok/s=25,740 | tokens=3.49B
step=106430 | loss=2.5036 | lr=3.00e-04 | wd=0.0303 | mom=0.9500 | T=7.5 k=3.5 (mu_rec=8 mu_bwd=4) | grad=1.122 | tok/s=21,354 | tokens=3.49B
step=106440 | loss=2.9347 | lr=3.00e-04 | wd=0.0302 | mom=0.9500 | T=11.0 k=4.0 (mu_rec=8 mu_bwd=4) | grad=0.848 | tok/s=21,690 | tokens=3.49B
step=106450 | loss=3.1041 | lr=3.00e-04 | wd=0.0302 | mom=0.9500 | T=6.8 k=4.0 (mu_rec=8 mu_bwd=4) | grad=1.239 | tok/s=26,055 | tokens=3.49B
step=106460 | loss=3.1203 | lr=3.00e-04 | wd=0.0302 | mom=0.9500 | T=6.0 k=3.5 (mu_rec=8 mu_bwd=4) | grad=0.965 | tok/s=23,043 | tokens=3.49B
step=106470 | loss=2.9826 | lr=3.00e-04 | wd=0.0302 | mom=0.9500 | T=8.8 k=4.0 (mu_rec=8 mu_bwd=4) | grad=0.874 | tok/s=24,400 | tokens=3.49B
step=106480 | loss=3.3821 | lr=3.00e-04 | wd=0.0302 | mom=0.9500 | T=7.2 k=4.0 (mu_rec=8 mu_bwd=4) | grad=0.989 | tok/s=22,791 | tokens=3.49B
step=106490 | loss=2.8984 | lr=3.00e-04 | wd=0.0302 | mom=0.9500 | T=7.8 k=4.0 (mu_rec=8 mu_bwd=4) | grad=1.464 | tok/s=22,277 | tokens=3.49B
step=106500 | loss=3.1489 | lr=3.00e-04 | wd=0.0302 | mom=0.9500 | T=7.2 k=3.8 (mu_rec=8 mu_bwd=4) | grad=0.958 | tok/s=22,883 | tokens=3.49B
step=106510 | loss=3.2296 | lr=3.00e-04 | wd=0.0302 | mom=0.9500 | T=4.8 k=3.8 (mu_rec=8 mu_bwd=4) | grad=1.560 | tok/s=24,686 | tokens=3.49B
step=106520 | loss=3.3201 | lr=3.00e-04 | wd=0.0302 | mom=0.9500 | T=6.8 k=4.0 (mu_rec=8 mu_bwd=4) | grad=7.411 | tok/s=22,975 | tokens=3.49B
step=106530 | loss=3.0604 | lr=3.00e-04 | wd=0.0302 | mom=0.9500 | T=7.0 k=3.5 (mu_rec=8 mu_bwd=4) | grad=3.252 | tok/s=23,740 | tokens=3.49B
step=106540 | loss=3.0425 | lr=3.00e-04 | wd=0.0302 | mom=0.9500 | T=5.0 k=3.0 (mu_rec=8 mu_bwd=4) | grad=1.054 | tok/s=23,639 | tokens=3.49B
step=106550 | loss=3.0806 | lr=3.00e-04 | wd=0.0302 | mom=0.9500 | T=8.5 k=4.0 (mu_rec=8 mu_bwd=4) | grad=1.539 | tok/s=23,554 | tokens=3.49B
step=106560 | loss=3.2408 | lr=3.00e-04 | wd=0.0302 | mom=0.9500 | T=4.0 k=2.8 (mu_rec=8 mu_bwd=4) | grad=1.249 | tok/s=24,473 | tokens=3.49B
step=106570 | loss=3.1745 | lr=3.00e-04 | wd=0.0302 | mom=0.9500 | T=9.5 k=3.8 (mu_rec=8 mu_bwd=4) | grad=1.471 | tok/s=23,179 | tokens=3.49B
step=106580 | loss=3.1023 | lr=3.00e-04 | wd=0.0302 | mom=0.9500 | T=11.8 k=4.0 (mu_rec=8 mu_bwd=4) | grad=0.971 | tok/s=22,695 | tokens=3.49B
step=106590 | loss=3.1849 | lr=3.00e-04 | wd=0.0301 | mom=0.9500 | T=7.8 k=3.5 (mu_rec=8 mu_bwd=4) | grad=1.313 | tok/s=22,076 | tokens=3.49B
step=106600 | loss=3.5037 | lr=3.00e-04 | wd=0.0301 | mom=0.9500 | T=7.8 k=3.5 (mu_rec=8 mu_bwd=4) | grad=1.312 | tok/s=10,233 | tokens=3.49B
step=106610 | loss=3.4390 | lr=3.00e-04 | wd=0.0301 | mom=0.9500 | T=7.2 k=3.8 (mu_rec=8 mu_bwd=4) | grad=0.899 | tok/s=24,226 | tokens=3.49B
step=106620 | loss=3.3604 | lr=3.00e-04 | wd=0.0301 | mom=0.9500 | T=6.8 k=4.0 (mu_rec=8 mu_bwd=4) | grad=1.074 | tok/s=23,965 | tokens=3.49B
step=106630 | loss=3.1070 | lr=3.00e-04 | wd=0.0301 | mom=0.9500 | T=6.0 k=3.0 (mu_rec=8 mu_bwd=4) | grad=1.699 | tok/s=22,550 | tokens=3.49B
step=106640 | loss=3.2781 | lr=3.00e-04 | wd=0.0301 | mom=0.9500 | T=7.5 k=3.2 (mu_rec=8 mu_bwd=4) | grad=0.940 | tok/s=22,332 | tokens=3.49B
step=106650 | loss=3.0190 | lr=3.00e-04 | wd=0.0301 | mom=0.9500 | T=7.8 k=4.0 (mu_rec=8 mu_bwd=4) | grad=1.479 | tok/s=22,801 | tokens=3.49B
step=106660 | loss=3.0006 | lr=3.00e-04 | wd=0.0301 | mom=0.9500 | T=9.0 k=4.0 (mu_rec=8 mu_bwd=4) | grad=0.836 | tok/s=23,166 | tokens=3.50B
step=106670 | loss=3.0381 | lr=3.00e-04 | wd=0.0301 | mom=0.9500 | T=9.0 k=4.0 (mu_rec=8 mu_bwd=4) | grad=1.839 | tok/s=24,684 | tokens=3.50B
step=106680 | loss=3.1543 | lr=3.00e-04 | wd=0.0301 | mom=0.9500 | T=6.0 k=3.2 (mu_rec=8 mu_bwd=4) | grad=1.098 | tok/s=24,010 | tokens=3.50B
step=106690 | loss=2.8585 | lr=3.00e-04 | wd=0.0301 | mom=0.9500 | T=9.8 k=4.0 (mu_rec=8 mu_bwd=4) | grad=1.591 | tok/s=24,570 | tokens=3.50B
step=106700 | loss=3.3676 | lr=3.00e-04 | wd=0.0301 | mom=0.9500 | T=5.2 k=3.8 (mu_rec=8 mu_bwd=4) | grad=1.832 | tok/s=23,359 | tokens=3.50B
step=106710 | loss=3.0519 | lr=3.00e-04 | wd=0.0301 | mom=0.9500 | T=6.8 k=4.0 (mu_rec=8 mu_bwd=4) | grad=0.908 | tok/s=23,296 | tokens=3.50B
step=106720 | loss=3.0091 | lr=3.00e-04 | wd=0.0301 | mom=0.9500 | T=9.5 k=4.0 (mu_rec=8 mu_bwd=4) | grad=1.128 | tok/s=23,205 | tokens=3.50B
step=106730 | loss=3.1899 | lr=3.00e-04 | wd=0.0301 | mom=0.9500 | T=9.0 k=3.8 (mu_rec=8 mu_bwd=4) | grad=1.110 | tok/s=23,842 | tokens=3.50B
step=106740 | loss=3.0581 | lr=3.00e-04 | wd=0.0300 | mom=0.9500 | T=7.5 k=4.0 (mu_rec=8 mu_bwd=4) | grad=0.814 | tok/s=23,251 | tokens=3.50B
step=106750 | loss=3.2960 | lr=3.00e-04 | wd=0.0300 | mom=0.9500 | T=11.0 k=4.0 (mu_rec=8 mu_bwd=4) | grad=0.826 | tok/s=23,188 | tokens=3.50B
step=106760 | loss=3.3164 | lr=3.00e-04 | wd=0.0300 | mom=0.9500 | T=10.5 k=3.5 (mu_rec=8 mu_bwd=4) | grad=1.636 | tok/s=23,719 | tokens=3.50B
step=106770 | loss=3.2656 | lr=3.00e-04 | wd=0.0300 | mom=0.9500 | T=6.2 k=4.0 (mu_rec=8 mu_bwd=4) | grad=1.148 | tok/s=23,807 | tokens=3.50B
step=106780 | loss=3.3226 | lr=3.00e-04 | wd=0.0300 | mom=0.9500 | T=9.8 k=4.0 (mu_rec=8 mu_bwd=4) | grad=1.182 | tok/s=22,728 | tokens=3.50B
step=106790 | loss=3.0230 | lr=3.00e-04 | wd=0.0300 | mom=0.9500 | T=7.0 k=3.8 (mu_rec=8 mu_bwd=4) | grad=1.010 | tok/s=24,956 | tokens=3.50B
step=106800 | loss=3.1206 | lr=3.00e-04 | wd=0.0300 | mom=0.9500 | T=12.8 k=4.0 (mu_rec=8 mu_bwd=4) | grad=1.494 | tok/s=24,468 | tokens=3.50B
step=106810 | loss=2.9759 | lr=3.00e-04 | wd=0.0300 | mom=0.9500 | T=6.5 k=3.0 (mu_rec=8 mu_bwd=4) | grad=1.241 | tok/s=24,939 | tokens=3.50B
step=106820 | loss=3.0069 | lr=3.00e-04 | wd=0.0300 | mom=0.9500 | T=6.0 k=3.8 (mu_rec=8 mu_bwd=4) | grad=1.095 | tok/s=23,073 | tokens=3.50B
step=106830 | loss=2.7427 | lr=3.00e-04 | wd=0.0300 | mom=0.9500 | T=6.8 k=3.0 (mu_rec=8 mu_bwd=4) | grad=0.842 | tok/s=22,990 | tokens=3.50B
step=106840 | loss=3.2182 | lr=3.00e-04 | wd=0.0300 | mom=0.9500 | T=5.2 k=4.0 (mu_rec=8 mu_bwd=4) | grad=0.876 | tok/s=24,095 | tokens=3.50B
step=106850 | loss=3.0450 | lr=3.00e-04 | wd=0.0300 | mom=0.9500 | T=8.2 k=3.8 (mu_rec=8 mu_bwd=4) | grad=1.636 | tok/s=23,712 | tokens=3.50B
step=106860 | loss=3.1481 | lr=3.00e-04 | wd=0.0300 | mom=0.9500 | T=6.0 k=3.5 (mu_rec=8 mu_bwd=4) | grad=1.012 | tok/s=26,287 | tokens=3.50B
step=106870 | loss=3.0730 | lr=3.00e-04 | wd=0.0300 | mom=0.9500 | T=10.5 k=4.0 (mu_rec=8 mu_bwd=4) | grad=1.580 | tok/s=24,334 | tokens=3.50B
step=106880 | loss=2.8238 | lr=3.00e-04 | wd=0.0300 | mom=0.9500 | T=4.0 k=3.8 (mu_rec=8 mu_bwd=4) | grad=1.526 | tok/s=24,030 | tokens=3.50B
step=106890 | loss=3.1948 | lr=3.00e-04 | wd=0.0299 | mom=0.9500 | T=7.5 k=3.8 (mu_rec=8 mu_bwd=4) | grad=1.015 | tok/s=23,987 | tokens=3.50B
step=106900 | loss=2.9098 | lr=3.00e-04 | wd=0.0299 | mom=0.9500 | T=8.0 k=3.8 (mu_rec=8 mu_bwd=4) | grad=1.155 | tok/s=22,889 | tokens=3.50B
step=106910 | loss=3.1924 | lr=3.00e-04 | wd=0.0299 | mom=0.9500 | T=5.5 k=2.8 (mu_rec=8 mu_bwd=4) | grad=0.935 | tok/s=23,879 | tokens=3.50B
step=106920 | loss=3.0864 | lr=3.00e-04 | wd=0.0299 | mom=0.9500 | T=8.0 k=3.8 (mu_rec=8 mu_bwd=4) | grad=0.963 | tok/s=23,309 | tokens=3.50B
step=106930 | loss=2.8190 | lr=3.00e-04 | wd=0.0299 | mom=0.9500 | T=6.2 k=4.0 (mu_rec=8 mu_bwd=4) | grad=0.990 | tok/s=22,970 | tokens=3.50B
step=106940 | loss=3.3443 | lr=3.00e-04 | wd=0.0299 | mom=0.9500 | T=6.8 k=4.0 (mu_rec=8 mu_bwd=4) | grad=1.596 | tok/s=23,563 | tokens=3.50B
step=106950 | loss=3.4655 | lr=3.00e-04 | wd=0.0299 | mom=0.9500 | T=9.0 k=4.0 (mu_rec=8 mu_bwd=4) | grad=0.767 | tok/s=21,857 | tokens=3.50B
step=106960 | loss=3.4315 | lr=3.00e-04 | wd=0.0299 | mom=0.9500 | T=7.8 k=4.0 (mu_rec=8 mu_bwd=4) | grad=1.053 | tok/s=21,950 | tokens=3.50B
step=106970 | loss=2.9106 | lr=3.00e-04 | wd=0.0299 | mom=0.9500 | T=11.8 k=4.0 (mu_rec=8 mu_bwd=4) | grad=1.365 | tok/s=22,495 | tokens=3.51B
step=106980 | loss=2.9664 | lr=3.00e-04 | wd=0.0299 | mom=0.9500 | T=9.8 k=3.5 (mu_rec=8 mu_bwd=4) | grad=0.975 | tok/s=23,919 | tokens=3.51B
step=106990 | loss=3.1339 | lr=3.00e-04 | wd=0.0299 | mom=0.9500 | T=6.5 k=3.0 (mu_rec=8 mu_bwd=4) | grad=1.126 | tok/s=23,346 | tokens=3.51B
step=107000 | loss=3.2000 | lr=3.00e-04 | wd=0.0299 | mom=0.9500 | T=9.2 k=3.8 (mu_rec=8 mu_bwd=4) | grad=0.944 | tok/s=24,954 | tokens=3.51B
step=107010 | loss=3.1560 | lr=3.00e-04 | wd=0.0299 | mom=0.9500 | T=5.8 k=3.8 (mu_rec=8 mu_bwd=4) | grad=0.997 | tok/s=21,523 | tokens=3.51B
step=107020 | loss=3.2909 | lr=3.00e-04 | wd=0.0299 | mom=0.9500 | T=10.5 k=4.0 (mu_rec=8 mu_bwd=4) | grad=1.178 | tok/s=23,171 | tokens=3.51B
step=107030 | loss=3.2063 | lr=3.00e-04 | wd=0.0299 | mom=0.9500 | T=7.5 k=3.2 (mu_rec=8 mu_bwd=4) | grad=1.023 | tok/s=23,579 | tokens=3.51B
step=107040 | loss=3.4816 | lr=3.00e-04 | wd=0.0299 | mom=0.9500 | T=12.2 k=4.0 (mu_rec=8 mu_bwd=4) | grad=0.928 | tok/s=23,341 | tokens=3.51B
step=107050 | loss=3.4857 | lr=3.00e-04 | wd=0.0298 | mom=0.9500 | T=8.0 k=3.8 (mu_rec=8 mu_bwd=4) | grad=1.044 | tok/s=23,667 | tokens=3.51B
step=107060 | loss=3.2993 | lr=3.00e-04 | wd=0.0298 | mom=0.9500 | T=10.0 k=4.0 (mu_rec=8 mu_bwd=4) | grad=1.090 | tok/s=23,732 | tokens=3.51B
step=107070 | loss=3.1330 | lr=3.00e-04 | wd=0.0298 | mom=0.9500 | T=7.2 k=3.0 (mu_rec=8 mu_bwd=4) | grad=0.887 | tok/s=25,969 | tokens=3.51B
step=107080 | loss=3.0867 | lr=3.00e-04 | wd=0.0298 | mom=0.9500 | T=12.5 k=4.0 (mu_rec=8 mu_bwd=4) | grad=0.751 | tok/s=22,482 | tokens=3.51B
step=107090 | loss=3.3292 | lr=3.00e-04 | wd=0.0298 | mom=0.9500 | T=8.5 k=4.0 (mu_rec=8 mu_bwd=4) | grad=1.341 | tok/s=23,630 | tokens=3.51B
step=107100 | loss=3.3601 | lr=3.00e-04 | wd=0.0298 | mom=0.9500 | T=6.2 k=3.2 (mu_rec=8 mu_bwd=4) | grad=1.314 | tok/s=23,217 | tokens=3.51B
step=107110 | loss=3.1184 | lr=3.00e-04 | wd=0.0298 | mom=0.9500 | T=9.2 k=4.0 (mu_rec=8 mu_bwd=4) | grad=1.184 | tok/s=22,005 | tokens=3.51B
step=107120 | loss=3.3411 | lr=3.00e-04 | wd=0.0298 | mom=0.9500 | T=6.0 k=3.8 (mu_rec=8 mu_bwd=4) | grad=1.095 | tok/s=10,010 | tokens=3.51B
step=107130 | loss=3.1421 | lr=3.00e-04 | wd=0.0298 | mom=0.9500 | T=9.5 k=4.0 (mu_rec=8 mu_bwd=4) | grad=0.971 | tok/s=23,192 | tokens=3.51B
step=107140 | loss=3.1375 | lr=3.00e-04 | wd=0.0298 | mom=0.9500 | T=8.0 k=4.0 (mu_rec=8 mu_bwd=4) | grad=1.412 | tok/s=23,893 | tokens=3.51B
step=107150 | loss=3.1208 | lr=3.00e-04 | wd=0.0298 | mom=0.9500 | T=7.8 k=4.0 (mu_rec=8 mu_bwd=4) | grad=1.763 | tok/s=23,905 | tokens=3.51B
step=107160 | loss=3.2779 | lr=3.00e-04 | wd=0.0298 | mom=0.9500 | T=3.8 k=3.0 (mu_rec=8 mu_bwd=4) | grad=1.198 | tok/s=24,329 | tokens=3.51B
step=107170 | loss=3.4564 | lr=3.00e-04 | wd=0.0298 | mom=0.9500 | T=4.5 k=2.5 (mu_rec=8 mu_bwd=4) | grad=1.120 | tok/s=24,400 | tokens=3.51B
step=107180 | loss=3.1963 | lr=3.00e-04 | wd=0.0298 | mom=0.9500 | T=5.5 k=3.5 (mu_rec=8 mu_bwd=4) | grad=1.122 | tok/s=24,775 | tokens=3.51B
step=107190 | loss=3.3278 | lr=3.00e-04 | wd=0.0298 | mom=0.9500 | T=4.8 k=3.2 (mu_rec=8 mu_bwd=4) | grad=1.003 | tok/s=22,291 | tokens=3.51B
step=107200 | loss=3.3037 | lr=3.00e-04 | wd=0.0297 | mom=0.9500 | T=9.2 k=4.0 (mu_rec=8 mu_bwd=4) | grad=1.445 | tok/s=23,192 | tokens=3.51B
step=107210 | loss=3.4370 | lr=3.00e-04 | wd=0.0297 | mom=0.9500 | T=10.0 k=4.0 (mu_rec=8 mu_bwd=4) | grad=1.327 | tok/s=23,110 | tokens=3.51B
step=107220 | loss=3.1035 | lr=3.00e-04 | wd=0.0297 | mom=0.9500 | T=13.0 k=4.0 (mu_rec=8 mu_bwd=4) | grad=0.859 | tok/s=22,442 | tokens=3.51B
step=107230 | loss=3.0999 | lr=3.00e-04 | wd=0.0297 | mom=0.9500 | T=11.2 k=4.0 (mu_rec=8 mu_bwd=4) | grad=0.855 | tok/s=22,766 | tokens=3.51B
step=107240 | loss=3.1413 | lr=3.00e-04 | wd=0.0297 | mom=0.9500 | T=9.8 k=3.2 (mu_rec=8 mu_bwd=4) | grad=0.834 | tok/s=23,848 | tokens=3.51B
step=107250 | loss=2.8804 | lr=3.00e-04 | wd=0.0297 | mom=0.9500 | T=6.0 k=3.5 (mu_rec=8 mu_bwd=4) | grad=1.458 | tok/s=24,409 | tokens=3.51B
step=107260 | loss=3.0005 | lr=3.00e-04 | wd=0.0297 | mom=0.9500 | T=8.5 k=4.0 (mu_rec=8 mu_bwd=4) | grad=0.867 | tok/s=23,795 | tokens=3.51B
step=107270 | loss=3.0738 | lr=3.00e-04 | wd=0.0297 | mom=0.9500 | T=6.2 k=3.5 (mu_rec=8 mu_bwd=4) | grad=1.254 | tok/s=24,213 | tokens=3.52B
step=107280 | loss=3.3021 | lr=3.00e-04 | wd=0.0297 | mom=0.9500 | T=10.5 k=3.5 (mu_rec=8 mu_bwd=4) | grad=1.276 | tok/s=24,401 | tokens=3.52B
step=107290 | loss=3.2538 | lr=3.00e-04 | wd=0.0297 | mom=0.9500 | T=5.0 k=3.2 (mu_rec=8 mu_bwd=4) | grad=2.791 | tok/s=23,792 | tokens=3.52B
step=107300 | loss=3.1880 | lr=3.00e-04 | wd=0.0297 | mom=0.9500 | T=7.0 k=4.0 (mu_rec=8 mu_bwd=4) | grad=0.993 | tok/s=23,619 | tokens=3.52B
step=107310 | loss=3.0587 | lr=3.00e-04 | wd=0.0297 | mom=0.9500 | T=3.2 k=2.8 (mu_rec=8 mu_bwd=4) | grad=1.083 | tok/s=24,510 | tokens=3.52B
step=107320 | loss=2.9294 | lr=3.00e-04 | wd=0.0297 | mom=0.9500 | T=7.0 k=3.5 (mu_rec=8 mu_bwd=4) | grad=1.030 | tok/s=24,237 | tokens=3.52B
step=107330 | loss=3.1519 | lr=3.00e-04 | wd=0.0297 | mom=0.9500 | T=7.8 k=4.0 (mu_rec=8 mu_bwd=4) | grad=1.653 | tok/s=23,091 | tokens=3.52B
step=107340 | loss=3.1733 | lr=3.00e-04 | wd=0.0297 | mom=0.9500 | T=10.8 k=4.0 (mu_rec=8 mu_bwd=4) | grad=0.999 | tok/s=23,508 | tokens=3.52B
step=107350 | loss=3.2692 | lr=3.00e-04 | wd=0.0296 | mom=0.9500 | T=3.8 k=3.2 (mu_rec=8 mu_bwd=4) | grad=0.907 | tok/s=25,007 | tokens=3.52B
step=107360 | loss=3.3132 | lr=3.00e-04 | wd=0.0296 | mom=0.9500 | T=9.8 k=4.0 (mu_rec=8 mu_bwd=4) | grad=1.582 | tok/s=22,942 | tokens=3.52B
step=107370 | loss=3.4322 | lr=3.00e-04 | wd=0.0296 | mom=0.9500 | T=11.8 k=4.0 (mu_rec=8 mu_bwd=4) | grad=1.172 | tok/s=23,626 | tokens=3.52B
step=107380 | loss=3.3853 | lr=3.00e-04 | wd=0.0296 | mom=0.9500 | T=8.8 k=4.0 (mu_rec=8 mu_bwd=4) | grad=1.808 | tok/s=23,712 | tokens=3.52B
step=107390 | loss=3.5525 | lr=3.00e-04 | wd=0.0296 | mom=0.9500 | T=2.2 k=2.2 (mu_rec=8 mu_bwd=4) | grad=1.534 | tok/s=22,862 | tokens=3.52B
step=107400 | loss=2.9150 | lr=3.00e-04 | wd=0.0296 | mom=0.9500 | T=6.2 k=3.8 (mu_rec=8 mu_bwd=4) | grad=1.394 | tok/s=23,267 | tokens=3.52B
step=107410 | loss=3.3515 | lr=3.00e-04 | wd=0.0296 | mom=0.9500 | T=11.0 k=4.0 (mu_rec=8 mu_bwd=4) | grad=11.754 | tok/s=24,314 | tokens=3.52B
step=107420 | loss=3.0620 | lr=3.00e-04 | wd=0.0296 | mom=0.9500 | T=4.2 k=3.5 (mu_rec=8 mu_bwd=4) | grad=1.039 | tok/s=25,372 | tokens=3.52B
step=107430 | loss=3.6113 | lr=3.00e-04 | wd=0.0296 | mom=0.9500 | T=10.2 k=4.0 (mu_rec=8 mu_bwd=4) | grad=1.040 | tok/s=23,368 | tokens=3.52B
step=107440 | loss=3.1448 | lr=3.00e-04 | wd=0.0296 | mom=0.9500 | T=9.5 k=3.2 (mu_rec=8 mu_bwd=4) | grad=0.909 | tok/s=22,674 | tokens=3.52B
step=107450 | loss=3.0482 | lr=3.00e-04 | wd=0.0296 | mom=0.9500 | T=3.5 k=3.0 (mu_rec=8 mu_bwd=4) | grad=1.002 | tok/s=24,660 | tokens=3.52B
step=107460 | loss=3.1157 | lr=3.00e-04 | wd=0.0296 | mom=0.9500 | T=3.2 k=3.2 (mu_rec=8 mu_bwd=4) | grad=1.336 | tok/s=9,418 | tokens=3.52B
step=107470 | loss=3.0987 | lr=3.00e-04 | wd=0.0296 | mom=0.9500 | T=9.2 k=3.0 (mu_rec=8 mu_bwd=4) | grad=1.007 | tok/s=24,449 | tokens=3.52B
step=107480 | loss=2.8594 | lr=3.00e-04 | wd=0.0296 | mom=0.9500 | T=7.2 k=3.8 (mu_rec=8 mu_bwd=4) | grad=1.843 | tok/s=23,319 | tokens=3.52B
step=107490 | loss=3.4397 | lr=3.00e-04 | wd=0.0296 | mom=0.9500 | T=9.5 k=4.0 (mu_rec=8 mu_bwd=4) | grad=2.151 | tok/s=22,441 | tokens=3.52B
step=107500 | loss=3.6946 | lr=3.00e-04 | wd=0.0295 | mom=0.9500 | T=7.8 k=3.5 (mu_rec=8 mu_bwd=4) | grad=1.013 | tok/s=24,649 | tokens=3.52B
step=107510 | loss=3.5665 | lr=3.00e-04 | wd=0.0295 | mom=0.9500 | T=11.2 k=4.0 (mu_rec=8 mu_bwd=4) | grad=1.100 | tok/s=25,086 | tokens=3.52B
step=107520 | loss=3.3788 | lr=3.00e-04 | wd=0.0295 | mom=0.9500 | T=6.8 k=3.0 (mu_rec=8 mu_bwd=4) | grad=0.950 | tok/s=24,835 | tokens=3.52B
step=107530 | loss=3.2588 | lr=3.00e-04 | wd=0.0295 | mom=0.9500 | T=7.2 k=4.0 (mu_rec=8 mu_bwd=4) | grad=0.843 | tok/s=25,136 | tokens=3.52B
step=107540 | loss=3.1586 | lr=3.00e-04 | wd=0.0295 | mom=0.9500 | T=11.5 k=4.0 (mu_rec=8 mu_bwd=4) | grad=1.004 | tok/s=21,231 | tokens=3.52B
step=107550 | loss=3.0099 | lr=3.00e-04 | wd=0.0295 | mom=0.9500 | T=7.8 k=3.2 (mu_rec=8 mu_bwd=4) | grad=1.385 | tok/s=24,134 | tokens=3.52B
step=107560 | loss=2.9981 | lr=3.00e-04 | wd=0.0295 | mom=0.9500 | T=9.0 k=4.0 (mu_rec=8 mu_bwd=4) | grad=1.510 | tok/s=22,775 | tokens=3.52B
step=107570 | loss=3.1214 | lr=3.00e-04 | wd=0.0295 | mom=0.9500 | T=15.2 k=4.0 (mu_rec=8 mu_bwd=4) | grad=1.069 | tok/s=24,022 | tokens=3.52B
step=107580 | loss=3.2293 | lr=3.00e-04 | wd=0.0295 | mom=0.9500 | T=8.8 k=3.8 (mu_rec=8 mu_bwd=4) | grad=0.852 | tok/s=23,474 | tokens=3.53B
step=107590 | loss=3.1436 | lr=3.00e-04 | wd=0.0295 | mom=0.9500 | T=7.2 k=4.0 (mu_rec=8 mu_bwd=4) | grad=0.914 | tok/s=25,748 | tokens=3.53B
step=107600 | loss=3.3162 | lr=3.00e-04 | wd=0.0295 | mom=0.9500 | T=6.8 k=4.0 (mu_rec=8 mu_bwd=4) | grad=0.847 | tok/s=24,930 | tokens=3.53B
step=107610 | loss=3.0144 | lr=3.00e-04 | wd=0.0295 | mom=0.9500 | T=5.8 k=4.0 (mu_rec=8 mu_bwd=4) | grad=1.403 | tok/s=22,664 | tokens=3.53B
step=107620 | loss=3.4645 | lr=3.00e-04 | wd=0.0295 | mom=0.9500 | T=3.8 k=3.0 (mu_rec=8 mu_bwd=4) | grad=1.683 | tok/s=23,423 | tokens=3.53B
step=107630 | loss=3.2332 | lr=3.00e-04 | wd=0.0295 | mom=0.9500 | T=11.2 k=3.8 (mu_rec=8 mu_bwd=4) | grad=1.546 | tok/s=23,942 | tokens=3.53B
step=107640 | loss=3.4327 | lr=3.00e-04 | wd=0.0295 | mom=0.9500 | T=7.5 k=4.0 (mu_rec=8 mu_bwd=4) | grad=0.865 | tok/s=23,645 | tokens=3.53B
step=107650 | loss=3.2653 | lr=3.00e-04 | wd=0.0295 | mom=0.9500 | T=6.5 k=3.2 (mu_rec=8 mu_bwd=4) | grad=1.741 | tok/s=23,785 | tokens=3.53B
step=107660 | loss=2.9983 | lr=3.00e-04 | wd=0.0294 | mom=0.9500 | T=8.5 k=3.2 (mu_rec=8 mu_bwd=4) | grad=1.160 | tok/s=23,134 | tokens=3.53B
step=107670 | loss=3.2274 | lr=3.00e-04 | wd=0.0294 | mom=0.9500 | T=6.0 k=3.5 (mu_rec=8 mu_bwd=4) | grad=0.901 | tok/s=22,111 | tokens=3.53B
step=107680 | loss=3.0761 | lr=3.00e-04 | wd=0.0294 | mom=0.9500 | T=11.0 k=4.0 (mu_rec=8 mu_bwd=4) | grad=0.989 | tok/s=21,386 | tokens=3.53B
step=107690 | loss=3.1801 | lr=3.00e-04 | wd=0.0294 | mom=0.9500 | T=6.5 k=2.8 (mu_rec=8 mu_bwd=4) | grad=2.776 | tok/s=22,625 | tokens=3.53B
step=107700 | loss=3.0273 | lr=3.00e-04 | wd=0.0294 | mom=0.9500 | T=9.8 k=3.8 (mu_rec=8 mu_bwd=4) | grad=0.943 | tok/s=23,097 | tokens=3.53B
step=107710 | loss=3.2231 | lr=3.00e-04 | wd=0.0294 | mom=0.9500 | T=3.8 k=3.0 (mu_rec=8 mu_bwd=4) | grad=1.010 | tok/s=24,501 | tokens=3.53B
step=107720 | loss=3.1752 | lr=3.00e-04 | wd=0.0294 | mom=0.9500 | T=8.2 k=3.2 (mu_rec=8 mu_bwd=4) | grad=1.193 | tok/s=23,537 | tokens=3.53B
step=107730 | loss=3.1519 | lr=3.00e-04 | wd=0.0294 | mom=0.9500 | T=7.5 k=4.0 (mu_rec=8 mu_bwd=4) | grad=1.533 | tok/s=23,465 | tokens=3.53B
step=107740 | loss=2.9575 | lr=3.00e-04 | wd=0.0294 | mom=0.9500 | T=7.5 k=4.0 (mu_rec=8 mu_bwd=4) | grad=0.771 | tok/s=22,612 | tokens=3.53B
step=107750 | loss=3.0969 | lr=3.00e-04 | wd=0.0294 | mom=0.9500 | T=8.0 k=4.0 (mu_rec=8 mu_bwd=4) | grad=1.440 | tok/s=23,298 | tokens=3.53B
step=107760 | loss=3.3143 | lr=3.00e-04 | wd=0.0294 | mom=0.9500 | T=6.5 k=3.2 (mu_rec=8 mu_bwd=4) | grad=1.416 | tok/s=24,694 | tokens=3.53B
step=107770 | loss=2.8959 | lr=3.00e-04 | wd=0.0294 | mom=0.9500 | T=6.8 k=4.0 (mu_rec=8 mu_bwd=4) | grad=0.919 | tok/s=23,224 | tokens=3.53B
step=107780 | loss=3.0548 | lr=3.00e-04 | wd=0.0294 | mom=0.9500 | T=8.2 k=4.0 (mu_rec=8 mu_bwd=4) | grad=0.837 | tok/s=23,013 | tokens=3.53B
step=107790 | loss=3.0314 | lr=3.00e-04 | wd=0.0294 | mom=0.9500 | T=10.2 k=3.8 (mu_rec=8 mu_bwd=4) | grad=1.619 | tok/s=23,930 | tokens=3.53B
step=107800 | loss=3.0273 | lr=3.00e-04 | wd=0.0294 | mom=0.9500 | T=10.8 k=4.0 (mu_rec=8 mu_bwd=4) | grad=1.229 | tok/s=22,510 | tokens=3.53B
step=107810 | loss=3.2664 | lr=3.00e-04 | wd=0.0293 | mom=0.9500 | T=11.0 k=4.0 (mu_rec=8 mu_bwd=4) | grad=2.024 | tok/s=22,925 | tokens=3.53B
step=107820 | loss=2.8494 | lr=3.00e-04 | wd=0.0293 | mom=0.9500 | T=8.5 k=4.0 (mu_rec=8 mu_bwd=4) | grad=1.512 | tok/s=21,632 | tokens=3.53B
step=107830 | loss=3.1557 | lr=3.00e-04 | wd=0.0293 | mom=0.9500 | T=11.5 k=4.0 (mu_rec=8 mu_bwd=4) | grad=3.161 | tok/s=23,665 | tokens=3.53B
step=107840 | loss=3.9841 | lr=3.00e-04 | wd=0.0293 | mom=0.9500 | T=12.8 k=4.0 (mu_rec=8 mu_bwd=4) | grad=1.882 | tok/s=21,475 | tokens=3.53B
step=107850 | loss=3.6333 | lr=3.00e-04 | wd=0.0293 | mom=0.9500 | T=8.8 k=4.0 (mu_rec=8 mu_bwd=4) | grad=0.963 | tok/s=22,862 | tokens=3.53B
step=107860 | loss=3.1752 | lr=3.00e-04 | wd=0.0293 | mom=0.9500 | T=7.2 k=3.8 (mu_rec=8 mu_bwd=4) | grad=0.977 | tok/s=24,283 | tokens=3.53B
step=107870 | loss=3.2647 | lr=3.00e-04 | wd=0.0293 | mom=0.9500 | T=8.0 k=3.5 (mu_rec=8 mu_bwd=4) | grad=0.881 | tok/s=23,546 | tokens=3.53B
step=107880 | loss=3.2265 | lr=3.00e-04 | wd=0.0293 | mom=0.9500 | T=9.8 k=4.0 (mu_rec=8 mu_bwd=4) | grad=0.995 | tok/s=22,463 | tokens=3.54B
step=107890 | loss=3.1982 | lr=3.00e-04 | wd=0.0293 | mom=0.9500 | T=8.0 k=4.0 (mu_rec=8 mu_bwd=4) | grad=0.855 | tok/s=24,400 | tokens=3.54B
step=107900 | loss=3.3949 | lr=3.00e-04 | wd=0.0293 | mom=0.9500 | T=5.5 k=3.5 (mu_rec=8 mu_bwd=4) | grad=0.864 | tok/s=22,443 | tokens=3.54B
step=107910 | loss=3.3605 | lr=3.00e-04 | wd=0.0293 | mom=0.9500 | T=3.0 k=3.0 (mu_rec=8 mu_bwd=4) | grad=1.281 | tok/s=23,778 | tokens=3.54B
step=107920 | loss=3.1534 | lr=3.00e-04 | wd=0.0293 | mom=0.9500 | T=10.5 k=3.8 (mu_rec=8 mu_bwd=4) | grad=1.015 | tok/s=25,909 | tokens=3.54B
step=107930 | loss=2.9318 | lr=3.00e-04 | wd=0.0293 | mom=0.9500 | T=10.0 k=4.0 (mu_rec=8 mu_bwd=4) | grad=1.229 | tok/s=23,388 | tokens=3.54B
step=107940 | loss=3.1740 | lr=3.00e-04 | wd=0.0293 | mom=0.9500 | T=7.8 k=3.8 (mu_rec=8 mu_bwd=4) | grad=1.085 | tok/s=25,271 | tokens=3.54B
step=107950 | loss=3.3681 | lr=3.00e-04 | wd=0.0293 | mom=0.9500 | T=10.5 k=4.0 (mu_rec=8 mu_bwd=4) | grad=0.885 | tok/s=23,038 | tokens=3.54B
step=107960 | loss=3.3155 | lr=3.00e-04 | wd=0.0292 | mom=0.9500 | T=12.0 k=4.0 (mu_rec=8 mu_bwd=4) | grad=1.054 | tok/s=23,797 | tokens=3.54B
step=107970 | loss=3.2541 | lr=3.00e-04 | wd=0.0292 | mom=0.9500 | T=3.8 k=3.5 (mu_rec=8 mu_bwd=4) | grad=0.911 | tok/s=24,827 | tokens=3.54B
step=107980 | loss=3.0971 | lr=3.00e-04 | wd=0.0292 | mom=0.9500 | T=3.5 k=3.2 (mu_rec=8 mu_bwd=4) | grad=1.486 | tok/s=23,508 | tokens=3.54B
step=107990 | loss=3.0801 | lr=3.00e-04 | wd=0.0292 | mom=0.9500 | T=8.8 k=4.0 (mu_rec=8 mu_bwd=4) | grad=0.800 | tok/s=23,210 | tokens=3.54B
step=108000 | loss=3.0259 | lr=3.00e-04 | wd=0.0292 | mom=0.9500 | T=9.8 k=4.0 (mu_rec=8 mu_bwd=4) | grad=1.026 | tok/s=24,700 | tokens=3.54B
[step 108000] Saved -> runs/cortex-5b-k4/checkpoint_0108000
[step 108000] Pruned -> runs/cortex-5b-k4/checkpoint_0102000
step=108010 | loss=3.0679 | lr=3.00e-04 | wd=0.0292 | mom=0.9500 | T=4.8 k=3.8 (mu_rec=8 mu_bwd=4) | grad=0.942 | tok/s=19,443 | tokens=3.54B
step=108020 | loss=3.0521 | lr=3.00e-04 | wd=0.0292 | mom=0.9500 | T=7.0 k=4.0 (mu_rec=8 mu_bwd=4) | grad=1.146 | tok/s=24,657 | tokens=3.54B
step=108030 | loss=3.1721 | lr=3.00e-04 | wd=0.0292 | mom=0.9500 | T=7.2 k=3.5 (mu_rec=8 mu_bwd=4) | grad=0.900 | tok/s=24,618 | tokens=3.54B
step=108040 | loss=3.0975 | lr=3.00e-04 | wd=0.0292 | mom=0.9500 | T=5.2 k=3.8 (mu_rec=8 mu_bwd=4) | grad=1.117 | tok/s=23,178 | tokens=3.54B
step=108050 | loss=3.3610 | lr=3.00e-04 | wd=0.0292 | mom=0.9500 | T=8.8 k=3.0 (mu_rec=8 mu_bwd=4) | grad=1.168 | tok/s=23,876 | tokens=3.54B
step=108060 | loss=3.0700 | lr=3.00e-04 | wd=0.0292 | mom=0.9500 | T=8.5 k=3.8 (mu_rec=8 mu_bwd=4) | grad=1.555 | tok/s=23,070 | tokens=3.54B
step=108070 | loss=2.9958 | lr=3.00e-04 | wd=0.0292 | mom=0.9500 | T=13.0 k=4.0 (mu_rec=8 mu_bwd=4) | grad=1.023 | tok/s=9,489 | tokens=3.54B
step=108080 | loss=3.1867 | lr=3.00e-04 | wd=0.0292 | mom=0.9500 | T=7.0 k=4.0 (mu_rec=8 mu_bwd=4) | grad=3.015 | tok/s=23,491 | tokens=3.54B
step=108090 | loss=3.1679 | lr=3.00e-04 | wd=0.0292 | mom=0.9500 | T=8.8 k=3.8 (mu_rec=8 mu_bwd=4) | grad=1.205 | tok/s=22,600 | tokens=3.54B
step=108100 | loss=3.2955 | lr=3.00e-04 | wd=0.0292 | mom=0.9500 | T=5.5 k=3.8 (mu_rec=8 mu_bwd=4) | grad=1.079 | tok/s=23,202 | tokens=3.54B
step=108110 | loss=2.9171 | lr=3.00e-04 | wd=0.0291 | mom=0.9500 | T=10.5 k=4.0 (mu_rec=8 mu_bwd=4) | grad=1.193 | tok/s=23,165 | tokens=3.54B
step=108120 | loss=2.8962 | lr=3.00e-04 | wd=0.0291 | mom=0.9500 | T=4.8 k=3.5 (mu_rec=8 mu_bwd=4) | grad=1.188 | tok/s=23,475 | tokens=3.54B
step=108130 | loss=3.0323 | lr=3.00e-04 | wd=0.0291 | mom=0.9500 | T=6.0 k=3.5 (mu_rec=8 mu_bwd=4) | grad=2.294 | tok/s=24,628 | tokens=3.54B
step=108140 | loss=2.9770 | lr=3.00e-04 | wd=0.0291 | mom=0.9500 | T=6.0 k=3.8 (mu_rec=8 mu_bwd=4) | grad=0.894 | tok/s=22,461 | tokens=3.54B
step=108150 | loss=3.0125 | lr=3.00e-04 | wd=0.0291 | mom=0.9500 | T=10.8 k=4.0 (mu_rec=8 mu_bwd=4) | grad=1.097 | tok/s=22,039 | tokens=3.54B
step=108160 | loss=3.2019 | lr=3.00e-04 | wd=0.0291 | mom=0.9500 | T=8.0 k=4.0 (mu_rec=8 mu_bwd=4) | grad=1.810 | tok/s=23,959 | tokens=3.54B
step=108170 | loss=3.1882 | lr=3.00e-04 | wd=0.0291 | mom=0.9500 | T=6.2 k=3.8 (mu_rec=8 mu_bwd=4) | grad=1.180 | tok/s=24,189 | tokens=3.54B
step=108180 | loss=3.7393 | lr=3.00e-04 | wd=0.0291 | mom=0.9500 | T=5.5 k=3.8 (mu_rec=8 mu_bwd=4) | grad=2.993 | tok/s=25,638 | tokens=3.54B
step=108190 | loss=3.6222 | lr=3.00e-04 | wd=0.0291 | mom=0.9500 | T=3.0 k=3.0 (mu_rec=8 mu_bwd=4) | grad=1.019 | tok/s=23,046 | tokens=3.55B
step=108200 | loss=3.0091 | lr=3.00e-04 | wd=0.0291 | mom=0.9500 | T=12.2 k=4.0 (mu_rec=8 mu_bwd=4) | grad=1.164 | tok/s=22,976 | tokens=3.55B
step=108210 | loss=3.1195 | lr=3.00e-04 | wd=0.0291 | mom=0.9500 | T=9.0 k=4.0 (mu_rec=8 mu_bwd=4) | grad=0.992 | tok/s=24,162 | tokens=3.55B
step=108220 | loss=3.8616 | lr=3.00e-04 | wd=0.0291 | mom=0.9500 | T=5.8 k=3.2 (mu_rec=8 mu_bwd=4) | grad=2.828 | tok/s=23,859 | tokens=3.55B
step=108230 | loss=3.3743 | lr=3.00e-04 | wd=0.0291 | mom=0.9500 | T=9.2 k=3.5 (mu_rec=8 mu_bwd=4) | grad=1.051 | tok/s=23,610 | tokens=3.55B
step=108240 | loss=3.0737 | lr=3.00e-04 | wd=0.0291 | mom=0.9500 | T=8.8 k=3.2 (mu_rec=8 mu_bwd=4) | grad=1.125 | tok/s=22,983 | tokens=3.55B
step=108250 | loss=3.2883 | lr=3.00e-04 | wd=0.0291 | mom=0.9500 | T=4.5 k=3.2 (mu_rec=8 mu_bwd=4) | grad=1.395 | tok/s=9,398 | tokens=3.55B
step=108260 | loss=3.4343 | lr=3.00e-04 | wd=0.0291 | mom=0.9500 | T=10.8 k=4.0 (mu_rec=8 mu_bwd=4) | grad=1.527 | tok/s=23,433 | tokens=3.55B
step=108270 | loss=3.5583 | lr=3.00e-04 | wd=0.0290 | mom=0.9500 | T=9.5 k=4.0 (mu_rec=8 mu_bwd=4) | grad=1.545 | tok/s=23,293 | tokens=3.55B
step=108280 | loss=3.2141 | lr=3.00e-04 | wd=0.0290 | mom=0.9500 | T=9.0 k=4.0 (mu_rec=8 mu_bwd=4) | grad=1.210 | tok/s=23,575 | tokens=3.55B
step=108290 | loss=3.1821 | lr=3.00e-04 | wd=0.0290 | mom=0.9500 | T=5.5 k=3.8 (mu_rec=8 mu_bwd=4) | grad=1.063 | tok/s=23,255 | tokens=3.55B
step=108300 | loss=3.3975 | lr=3.00e-04 | wd=0.0290 | mom=0.9500 | T=8.0 k=3.8 (mu_rec=8 mu_bwd=4) | grad=1.227 | tok/s=22,585 | tokens=3.55B
step=108310 | loss=3.1563 | lr=3.00e-04 | wd=0.0290 | mom=0.9500 | T=5.8 k=3.8 (mu_rec=8 mu_bwd=4) | grad=1.028 | tok/s=24,250 | tokens=3.55B
step=108320 | loss=3.2497 | lr=3.00e-04 | wd=0.0290 | mom=0.9500 | T=8.2 k=3.5 (mu_rec=8 mu_bwd=4) | grad=0.968 | tok/s=22,952 | tokens=3.55B
step=108330 | loss=3.3672 | lr=3.00e-04 | wd=0.0290 | mom=0.9500 | T=6.8 k=4.0 (mu_rec=8 mu_bwd=4) | grad=1.048 | tok/s=24,398 | tokens=3.55B
step=108340 | loss=3.0608 | lr=3.00e-04 | wd=0.0290 | mom=0.9500 | T=11.2 k=3.2 (mu_rec=8 mu_bwd=4) | grad=6.391 | tok/s=23,483 | tokens=3.55B
step=108350 | loss=3.3454 | lr=3.00e-04 | wd=0.0290 | mom=0.9500 | T=8.5 k=3.5 (mu_rec=8 mu_bwd=4) | grad=1.025 | tok/s=23,928 | tokens=3.55B
step=108360 | loss=2.9583 | lr=3.00e-04 | wd=0.0290 | mom=0.9500 | T=8.2 k=3.5 (mu_rec=8 mu_bwd=4) | grad=1.077 | tok/s=24,484 | tokens=3.55B
step=108370 | loss=3.1900 | lr=3.00e-04 | wd=0.0290 | mom=0.9500 | T=6.8 k=3.2 (mu_rec=8 mu_bwd=4) | grad=1.172 | tok/s=22,794 | tokens=3.55B
step=108380 | loss=3.2213 | lr=3.00e-04 | wd=0.0290 | mom=0.9500 | T=4.0 k=3.2 (mu_rec=8 mu_bwd=4) | grad=0.915 | tok/s=24,082 | tokens=3.55B
step=108390 | loss=3.0567 | lr=3.00e-04 | wd=0.0290 | mom=0.9500 | T=6.2 k=3.5 (mu_rec=8 mu_bwd=4) | grad=0.957 | tok/s=23,230 | tokens=3.55B
step=108400 | loss=3.0867 | lr=3.00e-04 | wd=0.0290 | mom=0.9500 | T=10.5 k=3.8 (mu_rec=8 mu_bwd=4) | grad=0.829 | tok/s=25,350 | tokens=3.55B
step=108410 | loss=3.0685 | lr=3.00e-04 | wd=0.0290 | mom=0.9500 | T=6.5 k=3.8 (mu_rec=8 mu_bwd=4) | grad=0.864 | tok/s=22,928 | tokens=3.55B
step=108420 | loss=3.1391 | lr=3.00e-04 | wd=0.0289 | mom=0.9500 | T=4.0 k=3.2 (mu_rec=8 mu_bwd=4) | grad=0.969 | tok/s=23,906 | tokens=3.55B
step=108430 | loss=3.1147 | lr=3.00e-04 | wd=0.0289 | mom=0.9500 | T=7.2 k=3.5 (mu_rec=8 mu_bwd=4) | grad=1.010 | tok/s=24,637 | tokens=3.55B
step=108440 | loss=3.4534 | lr=3.00e-04 | wd=0.0289 | mom=0.9500 | T=4.0 k=3.8 (mu_rec=8 mu_bwd=4) | grad=1.098 | tok/s=23,787 | tokens=3.55B
step=108450 | loss=3.2542 | lr=3.00e-04 | wd=0.0289 | mom=0.9500 | T=11.8 k=4.0 (mu_rec=8 mu_bwd=4) | grad=1.010 | tok/s=25,634 | tokens=3.55B
step=108460 | loss=3.0452 | lr=3.00e-04 | wd=0.0289 | mom=0.9500 | T=9.2 k=3.8 (mu_rec=8 mu_bwd=4) | grad=0.911 | tok/s=22,093 | tokens=3.55B
step=108470 | loss=2.9781 | lr=3.00e-04 | wd=0.0289 | mom=0.9500 | T=9.5 k=4.0 (mu_rec=8 mu_bwd=4) | grad=0.985 | tok/s=23,964 | tokens=3.55B
step=108480 | loss=3.1678 | lr=3.00e-04 | wd=0.0289 | mom=0.9500 | T=6.5 k=3.5 (mu_rec=8 mu_bwd=4) | grad=1.095 | tok/s=23,124 | tokens=3.55B
step=108490 | loss=3.2011 | lr=3.00e-04 | wd=0.0289 | mom=0.9500 | T=7.2 k=4.0 (mu_rec=8 mu_bwd=4) | grad=1.544 | tok/s=23,975 | tokens=3.56B
step=108500 | loss=3.0910 | lr=3.00e-04 | wd=0.0289 | mom=0.9500 | T=5.8 k=3.5 (mu_rec=8 mu_bwd=4) | grad=0.897 | tok/s=21,992 | tokens=3.56B
step=108510 | loss=3.1965 | lr=3.00e-04 | wd=0.0289 | mom=0.9500 | T=12.5 k=4.0 (mu_rec=8 mu_bwd=4) | grad=1.873 | tok/s=23,136 | tokens=3.56B
step=108520 | loss=3.3201 | lr=3.00e-04 | wd=0.0289 | mom=0.9500 | T=15.8 k=4.0 (mu_rec=8 mu_bwd=4) | grad=1.643 | tok/s=23,419 | tokens=3.56B
step=108530 | loss=2.9118 | lr=3.00e-04 | wd=0.0289 | mom=0.9500 | T=8.8 k=3.5 (mu_rec=8 mu_bwd=4) | grad=1.811 | tok/s=23,470 | tokens=3.56B
step=108540 | loss=2.8404 | lr=3.00e-04 | wd=0.0289 | mom=0.9500 | T=6.0 k=3.8 (mu_rec=8 mu_bwd=4) | grad=0.967 | tok/s=23,453 | tokens=3.56B
step=108550 | loss=2.9023 | lr=3.00e-04 | wd=0.0289 | mom=0.9500 | T=6.0 k=3.0 (mu_rec=8 mu_bwd=4) | grad=1.141 | tok/s=23,481 | tokens=3.56B
step=108560 | loss=3.0294 | lr=3.00e-04 | wd=0.0289 | mom=0.9500 | T=7.8 k=3.5 (mu_rec=8 mu_bwd=4) | grad=1.166 | tok/s=22,583 | tokens=3.56B
step=108570 | loss=3.0476 | lr=3.00e-04 | wd=0.0288 | mom=0.9500 | T=7.5 k=3.8 (mu_rec=8 mu_bwd=4) | grad=0.895 | tok/s=23,945 | tokens=3.56B
step=108580 | loss=3.0444 | lr=3.00e-04 | wd=0.0288 | mom=0.9500 | T=5.2 k=3.5 (mu_rec=8 mu_bwd=4) | grad=1.083 | tok/s=22,930 | tokens=3.56B
step=108590 | loss=2.8241 | lr=3.00e-04 | wd=0.0288 | mom=0.9500 | T=12.8 k=4.0 (mu_rec=8 mu_bwd=4) | grad=1.053 | tok/s=23,002 | tokens=3.56B
step=108600 | loss=3.2868 | lr=3.00e-04 | wd=0.0288 | mom=0.9500 | T=5.2 k=3.8 (mu_rec=8 mu_bwd=4) | grad=1.154 | tok/s=24,199 | tokens=3.56B
step=108610 | loss=3.2336 | lr=3.00e-04 | wd=0.0288 | mom=0.9500 | T=4.5 k=3.2 (mu_rec=8 mu_bwd=4) | grad=1.054 | tok/s=23,327 | tokens=3.56B
step=108620 | loss=2.8360 | lr=3.00e-04 | wd=0.0288 | mom=0.9500 | T=6.5 k=3.5 (mu_rec=8 mu_bwd=4) | grad=0.953 | tok/s=25,676 | tokens=3.56B
step=108630 | loss=2.7744 | lr=3.00e-04 | wd=0.0288 | mom=0.9500 | T=6.2 k=3.8 (mu_rec=8 mu_bwd=4) | grad=1.009 | tok/s=22,349 | tokens=3.56B
step=108640 | loss=2.9814 | lr=3.00e-04 | wd=0.0288 | mom=0.9500 | T=7.0 k=3.5 (mu_rec=8 mu_bwd=4) | grad=1.159 | tok/s=24,374 | tokens=3.56B
step=108650 | loss=3.1153 | lr=3.00e-04 | wd=0.0288 | mom=0.9500 | T=6.8 k=4.0 (mu_rec=8 mu_bwd=4) | grad=0.843 | tok/s=22,871 | tokens=3.56B
step=108660 | loss=2.9434 | lr=3.00e-04 | wd=0.0288 | mom=0.9500 | T=8.5 k=3.2 (mu_rec=8 mu_bwd=4) | grad=0.843 | tok/s=23,217 | tokens=3.56B
step=108670 | loss=3.2176 | lr=3.00e-04 | wd=0.0288 | mom=0.9500 | T=6.8 k=3.2 (mu_rec=8 mu_bwd=4) | grad=0.889 | tok/s=24,197 | tokens=3.56B
step=108680 | loss=3.1169 | lr=3.00e-04 | wd=0.0288 | mom=0.9500 | T=10.8 k=4.0 (mu_rec=8 mu_bwd=4) | grad=0.945 | tok/s=23,029 | tokens=3.56B
step=108690 | loss=3.5944 | lr=3.00e-04 | wd=0.0288 | mom=0.9500 | T=5.2 k=3.5 (mu_rec=8 mu_bwd=4) | grad=1.050 | tok/s=23,182 | tokens=3.56B
step=108700 | loss=3.3921 | lr=3.00e-04 | wd=0.0288 | mom=0.9500 | T=5.0 k=3.5 (mu_rec=8 mu_bwd=4) | grad=1.274 | tok/s=21,735 | tokens=3.56B
step=108710 | loss=3.4404 | lr=3.00e-04 | wd=0.0288 | mom=0.9500 | T=9.2 k=4.0 (mu_rec=8 mu_bwd=4) | grad=1.863 | tok/s=23,803 | tokens=3.56B
step=108720 | loss=3.4256 | lr=3.00e-04 | wd=0.0287 | mom=0.9500 | T=8.0 k=3.5 (mu_rec=8 mu_bwd=4) | grad=1.094 | tok/s=22,994 | tokens=3.56B
step=108730 | loss=3.5356 | lr=3.00e-04 | wd=0.0287 | mom=0.9500 | T=7.8 k=4.0 (mu_rec=8 mu_bwd=4) | grad=0.956 | tok/s=23,294 | tokens=3.56B
step=108740 | loss=3.2240 | lr=3.00e-04 | wd=0.0287 | mom=0.9500 | T=12.5 k=3.5 (mu_rec=8 mu_bwd=4) | grad=1.147 | tok/s=22,348 | tokens=3.56B
step=108750 | loss=3.0745 | lr=3.00e-04 | wd=0.0287 | mom=0.9500 | T=2.8 k=2.8 (mu_rec=8 mu_bwd=4) | grad=1.859 | tok/s=24,489 | tokens=3.56B
step=108760 | loss=3.0873 | lr=3.00e-04 | wd=0.0287 | mom=0.9500 | T=8.8 k=4.0 (mu_rec=8 mu_bwd=4) | grad=1.001 | tok/s=21,771 | tokens=3.56B
step=108770 | loss=3.1339 | lr=3.00e-04 | wd=0.0287 | mom=0.9500 | T=11.8 k=4.0 (mu_rec=8 mu_bwd=4) | grad=1.318 | tok/s=23,268 | tokens=3.56B
step=108780 | loss=2.7958 | lr=3.00e-04 | wd=0.0287 | mom=0.9500 | T=8.0 k=3.8 (mu_rec=8 mu_bwd=4) | grad=1.307 | tok/s=23,645 | tokens=3.56B
step=108790 | loss=3.0895 | lr=3.00e-04 | wd=0.0287 | mom=0.9500 | T=7.0 k=3.8 (mu_rec=8 mu_bwd=4) | grad=0.961 | tok/s=23,035 | tokens=3.56B
step=108800 | loss=2.8515 | lr=3.00e-04 | wd=0.0287 | mom=0.9500 | T=8.0 k=4.0 (mu_rec=8 mu_bwd=4) | grad=1.564 | tok/s=24,413 | tokens=3.57B
step=108810 | loss=3.1594 | lr=3.00e-04 | wd=0.0287 | mom=0.9500 | T=10.5 k=3.8 (mu_rec=8 mu_bwd=4) | grad=1.350 | tok/s=22,292 | tokens=3.57B
step=108820 | loss=3.1709 | lr=3.00e-04 | wd=0.0287 | mom=0.9500 | T=3.2 k=3.0 (mu_rec=8 mu_bwd=4) | grad=0.941 | tok/s=25,231 | tokens=3.57B
step=108830 | loss=2.8824 | lr=3.00e-04 | wd=0.0287 | mom=0.9500 | T=9.8 k=4.0 (mu_rec=8 mu_bwd=4) | grad=0.918 | tok/s=23,621 | tokens=3.57B
step=108840 | loss=2.9174 | lr=3.00e-04 | wd=0.0287 | mom=0.9500 | T=5.8 k=4.0 (mu_rec=8 mu_bwd=4) | grad=0.958 | tok/s=22,686 | tokens=3.57B
step=108850 | loss=3.1635 | lr=3.00e-04 | wd=0.0287 | mom=0.9500 | T=9.2 k=4.0 (mu_rec=8 mu_bwd=4) | grad=0.891 | tok/s=25,400 | tokens=3.57B
step=108860 | loss=2.9636 | lr=3.00e-04 | wd=0.0287 | mom=0.9500 | T=11.0 k=4.0 (mu_rec=8 mu_bwd=4) | grad=0.758 | tok/s=25,327 | tokens=3.57B
step=108870 | loss=3.2813 | lr=3.00e-04 | wd=0.0287 | mom=0.9500 | T=7.2 k=3.8 (mu_rec=8 mu_bwd=4) | grad=0.883 | tok/s=23,031 | tokens=3.57B
step=108880 | loss=3.2329 | lr=3.00e-04 | wd=0.0286 | mom=0.9500 | T=6.8 k=3.5 (mu_rec=8 mu_bwd=4) | grad=3.296 | tok/s=10,729 | tokens=3.57B
step=108890 | loss=3.1813 | lr=3.00e-04 | wd=0.0286 | mom=0.9500 | T=5.0 k=3.5 (mu_rec=8 mu_bwd=4) | grad=0.877 | tok/s=24,347 | tokens=3.57B
step=108900 | loss=3.2181 | lr=3.00e-04 | wd=0.0286 | mom=0.9500 | T=6.5 k=3.2 (mu_rec=8 mu_bwd=4) | grad=0.916 | tok/s=23,609 | tokens=3.57B
step=108910 | loss=3.1610 | lr=3.00e-04 | wd=0.0286 | mom=0.9500 | T=9.0 k=4.0 (mu_rec=8 mu_bwd=4) | grad=0.771 | tok/s=23,797 | tokens=3.57B
step=108920 | loss=3.2250 | lr=3.00e-04 | wd=0.0286 | mom=0.9500 | T=8.5 k=4.0 (mu_rec=8 mu_bwd=4) | grad=0.827 | tok/s=24,872 | tokens=3.57B
step=108930 | loss=3.0681 | lr=3.00e-04 | wd=0.0286 | mom=0.9500 | T=7.2 k=3.5 (mu_rec=8 mu_bwd=4) | grad=1.410 | tok/s=22,526 | tokens=3.57B
step=108940 | loss=3.2237 | lr=3.00e-04 | wd=0.0286 | mom=0.9500 | T=9.8 k=4.0 (mu_rec=8 mu_bwd=4) | grad=0.951 | tok/s=24,425 | tokens=3.57B
step=108950 | loss=3.3757 | lr=3.00e-04 | wd=0.0286 | mom=0.9500 | T=7.2 k=3.0 (mu_rec=8 mu_bwd=4) | grad=1.623 | tok/s=21,722 | tokens=3.57B
step=108960 | loss=3.1955 | lr=3.00e-04 | wd=0.0286 | mom=0.9500 | T=8.8 k=4.0 (mu_rec=8 mu_bwd=4) | grad=0.980 | tok/s=24,527 | tokens=3.57B
step=108970 | loss=3.1855 | lr=3.00e-04 | wd=0.0286 | mom=0.9500 | T=8.5 k=4.0 (mu_rec=8 mu_bwd=4) | grad=1.143 | tok/s=23,880 | tokens=3.57B
step=108980 | loss=3.0849 | lr=3.00e-04 | wd=0.0286 | mom=0.9500 | T=6.0 k=3.5 (mu_rec=8 mu_bwd=4) | grad=1.283 | tok/s=24,856 | tokens=3.57B
step=108990 | loss=3.1202 | lr=3.00e-04 | wd=0.0286 | mom=0.9500 | T=8.2 k=3.5 (mu_rec=8 mu_bwd=4) | grad=1.041 | tok/s=22,574 | tokens=3.57B
step=109000 | loss=3.1924 | lr=3.00e-04 | wd=0.0286 | mom=0.9500 | T=10.2 k=4.0 (mu_rec=8 mu_bwd=4) | grad=0.921 | tok/s=23,600 | tokens=3.57B
step=109010 | loss=3.2652 | lr=3.00e-04 | wd=0.0286 | mom=0.9500 | T=4.2 k=3.2 (mu_rec=8 mu_bwd=4) | grad=0.839 | tok/s=24,064 | tokens=3.57B
step=109020 | loss=2.9078 | lr=3.00e-04 | wd=0.0286 | mom=0.9500 | T=8.2 k=4.0 (mu_rec=8 mu_bwd=4) | grad=1.183 | tok/s=23,337 | tokens=3.57B
step=109030 | loss=3.2739 | lr=3.00e-04 | wd=0.0285 | mom=0.9500 | T=11.8 k=3.2 (mu_rec=8 mu_bwd=4) | grad=0.989 | tok/s=24,198 | tokens=3.57B
step=109040 | loss=3.3662 | lr=3.00e-04 | wd=0.0285 | mom=0.9500 | T=8.0 k=3.8 (mu_rec=8 mu_bwd=4) | grad=1.181 | tok/s=23,349 | tokens=3.57B
step=109050 | loss=3.2332 | lr=3.00e-04 | wd=0.0285 | mom=0.9500 | T=8.5 k=4.0 (mu_rec=8 mu_bwd=4) | grad=0.944 | tok/s=24,137 | tokens=3.57B
step=109060 | loss=3.1475 | lr=3.00e-04 | wd=0.0285 | mom=0.9500 | T=5.5 k=3.2 (mu_rec=8 mu_bwd=4) | grad=0.901 | tok/s=24,052 | tokens=3.57B
step=109070 | loss=3.4818 | lr=3.00e-04 | wd=0.0285 | mom=0.9500 | T=6.8 k=3.5 (mu_rec=8 mu_bwd=4) | grad=1.340 | tok/s=24,768 | tokens=3.57B
step=109080 | loss=3.4388 | lr=3.00e-04 | wd=0.0285 | mom=0.9500 | T=2.8 k=2.5 (mu_rec=8 mu_bwd=4) | grad=1.173 | tok/s=25,270 | tokens=3.57B
step=109090 | loss=3.0176 | lr=3.00e-04 | wd=0.0285 | mom=0.9500 | T=11.5 k=4.0 (mu_rec=8 mu_bwd=4) | grad=1.941 | tok/s=22,482 | tokens=3.57B
step=109100 | loss=3.1725 | lr=3.00e-04 | wd=0.0285 | mom=0.9500 | T=8.2 k=3.2 (mu_rec=8 mu_bwd=4) | grad=0.866 | tok/s=23,578 | tokens=3.57B
step=109110 | loss=2.9375 | lr=3.00e-04 | wd=0.0285 | mom=0.9500 | T=9.0 k=3.5 (mu_rec=8 mu_bwd=4) | grad=1.068 | tok/s=25,101 | tokens=3.58B
step=109120 | loss=2.8052 | lr=3.00e-04 | wd=0.0285 | mom=0.9500 | T=6.2 k=4.0 (mu_rec=8 mu_bwd=4) | grad=1.154 | tok/s=22,735 | tokens=3.58B
step=109130 | loss=3.2889 | lr=3.00e-04 | wd=0.0285 | mom=0.9500 | T=5.0 k=3.5 (mu_rec=8 mu_bwd=4) | grad=0.824 | tok/s=23,361 | tokens=3.58B
step=109140 | loss=3.2957 | lr=3.00e-04 | wd=0.0285 | mom=0.9500 | T=8.0 k=3.5 (mu_rec=8 mu_bwd=4) | grad=0.847 | tok/s=21,199 | tokens=3.58B
step=109150 | loss=3.2377 | lr=3.00e-04 | wd=0.0285 | mom=0.9500 | T=2.8 k=2.5 (mu_rec=8 mu_bwd=4) | grad=1.367 | tok/s=23,592 | tokens=3.58B
step=109160 | loss=2.9870 | lr=3.00e-04 | wd=0.0285 | mom=0.9500 | T=10.5 k=4.0 (mu_rec=8 mu_bwd=4) | grad=0.995 | tok/s=22,410 | tokens=3.58B
step=109170 | loss=3.1213 | lr=3.00e-04 | wd=0.0285 | mom=0.9500 | T=13.8 k=4.0 (mu_rec=8 mu_bwd=4) | grad=1.166 | tok/s=23,494 | tokens=3.58B
step=109180 | loss=3.1875 | lr=3.00e-04 | wd=0.0284 | mom=0.9500 | T=14.0 k=3.5 (mu_rec=8 mu_bwd=4) | grad=1.025 | tok/s=24,746 | tokens=3.58B
step=109190 | loss=2.7894 | lr=3.00e-04 | wd=0.0284 | mom=0.9500 | T=9.8 k=4.0 (mu_rec=8 mu_bwd=4) | grad=0.980 | tok/s=21,978 | tokens=3.58B
step=109200 | loss=3.0994 | lr=3.00e-04 | wd=0.0284 | mom=0.9500 | T=7.8 k=4.0 (mu_rec=8 mu_bwd=4) | grad=1.076 | tok/s=23,493 | tokens=3.58B
step=109210 | loss=3.3471 | lr=3.00e-04 | wd=0.0284 | mom=0.9500 | T=9.5 k=4.0 (mu_rec=8 mu_bwd=4) | grad=1.182 | tok/s=10,020 | tokens=3.58B
step=109220 | loss=3.1603 | lr=3.00e-04 | wd=0.0284 | mom=0.9500 | T=7.0 k=3.2 (mu_rec=8 mu_bwd=4) | grad=1.387 | tok/s=25,465 | tokens=3.58B
step=109230 | loss=3.5530 | lr=3.00e-04 | wd=0.0284 | mom=0.9500 | T=5.0 k=3.2 (mu_rec=8 mu_bwd=4) | grad=1.005 | tok/s=24,054 | tokens=3.58B
step=109240 | loss=3.4945 | lr=3.00e-04 | wd=0.0284 | mom=0.9500 | T=13.0 k=4.0 (mu_rec=8 mu_bwd=4) | grad=0.950 | tok/s=24,654 | tokens=3.58B
step=109250 | loss=2.9388 | lr=3.00e-04 | wd=0.0284 | mom=0.9500 | T=6.0 k=3.8 (mu_rec=8 mu_bwd=4) | grad=1.387 | tok/s=21,827 | tokens=3.58B
step=109260 | loss=3.1751 | lr=3.00e-04 | wd=0.0284 | mom=0.9500 | T=7.0 k=4.0 (mu_rec=8 mu_bwd=4) | grad=1.038 | tok/s=22,776 | tokens=3.58B
step=109270 | loss=3.2292 | lr=3.00e-04 | wd=0.0284 | mom=0.9500 | T=7.5 k=3.2 (mu_rec=8 mu_bwd=4) | grad=1.129 | tok/s=22,268 | tokens=3.58B
step=109280 | loss=3.1855 | lr=3.00e-04 | wd=0.0284 | mom=0.9500 | T=8.5 k=4.0 (mu_rec=8 mu_bwd=4) | grad=1.052 | tok/s=24,674 | tokens=3.58B
step=109290 | loss=3.0967 | lr=3.00e-04 | wd=0.0284 | mom=0.9500 | T=4.8 k=3.2 (mu_rec=8 mu_bwd=4) | grad=1.044 | tok/s=23,332 | tokens=3.58B
step=109300 | loss=3.1217 | lr=3.00e-04 | wd=0.0284 | mom=0.9500 | T=8.8 k=4.0 (mu_rec=8 mu_bwd=4) | grad=0.949 | tok/s=22,655 | tokens=3.58B
step=109310 | loss=3.0515 | lr=3.00e-04 | wd=0.0284 | mom=0.9500 | T=11.5 k=4.0 (mu_rec=8 mu_bwd=4) | grad=1.368 | tok/s=22,389 | tokens=3.58B
step=109320 | loss=3.2745 | lr=3.00e-04 | wd=0.0284 | mom=0.9500 | T=6.2 k=3.5 (mu_rec=8 mu_bwd=4) | grad=1.394 | tok/s=25,297 | tokens=3.58B
step=109330 | loss=3.2955 | lr=3.00e-04 | wd=0.0283 | mom=0.9500 | T=7.8 k=3.8 (mu_rec=8 mu_bwd=4) | grad=1.059 | tok/s=24,815 | tokens=3.58B
step=109340 | loss=3.3503 | lr=3.00e-04 | wd=0.0283 | mom=0.9500 | T=5.0 k=3.0 (mu_rec=8 mu_bwd=4) | grad=1.548 | tok/s=24,434 | tokens=3.58B
step=109350 | loss=3.5246 | lr=3.00e-04 | wd=0.0283 | mom=0.9500 | T=6.0 k=4.0 (mu_rec=8 mu_bwd=4) | grad=1.112 | tok/s=26,526 | tokens=3.58B
step=109360 | loss=2.9795 | lr=3.00e-04 | wd=0.0283 | mom=0.9500 | T=5.0 k=2.8 (mu_rec=8 mu_bwd=4) | grad=1.252 | tok/s=25,992 | tokens=3.58B
step=109370 | loss=3.1943 | lr=3.00e-04 | wd=0.0283 | mom=0.9500 | T=3.0 k=2.5 (mu_rec=8 mu_bwd=4) | grad=1.169 | tok/s=24,740 | tokens=3.58B
step=109380 | loss=2.7092 | lr=3.00e-04 | wd=0.0283 | mom=0.9500 | T=8.8 k=4.0 (mu_rec=8 mu_bwd=4) | grad=1.273 | tok/s=23,502 | tokens=3.58B
step=109390 | loss=3.2385 | lr=3.00e-04 | wd=0.0283 | mom=0.9500 | T=4.5 k=3.0 (mu_rec=8 mu_bwd=4) | grad=0.961 | tok/s=24,683 | tokens=3.58B
step=109400 | loss=3.3540 | lr=3.00e-04 | wd=0.0283 | mom=0.9500 | T=9.2 k=4.0 (mu_rec=8 mu_bwd=4) | grad=0.891 | tok/s=24,040 | tokens=3.58B
step=109410 | loss=2.9675 | lr=3.00e-04 | wd=0.0283 | mom=0.9500 | T=8.0 k=4.0 (mu_rec=8 mu_bwd=4) | grad=3.036 | tok/s=24,231 | tokens=3.59B
step=109420 | loss=3.2061 | lr=3.00e-04 | wd=0.0283 | mom=0.9500 | T=8.2 k=3.5 (mu_rec=8 mu_bwd=4) | grad=1.065 | tok/s=24,727 | tokens=3.59B
step=109430 | loss=3.1759 | lr=3.00e-04 | wd=0.0283 | mom=0.9500 | T=8.0 k=4.0 (mu_rec=8 mu_bwd=4) | grad=0.978 | tok/s=22,651 | tokens=3.59B
step=109440 | loss=3.1081 | lr=3.00e-04 | wd=0.0283 | mom=0.9500 | T=7.0 k=3.8 (mu_rec=8 mu_bwd=4) | grad=6.770 | tok/s=22,515 | tokens=3.59B
step=109450 | loss=3.2157 | lr=3.00e-04 | wd=0.0283 | mom=0.9500 | T=6.5 k=3.2 (mu_rec=8 mu_bwd=4) | grad=0.976 | tok/s=22,960 | tokens=3.59B
step=109460 | loss=3.2448 | lr=3.00e-04 | wd=0.0283 | mom=0.9500 | T=4.2 k=2.8 (mu_rec=8 mu_bwd=4) | grad=1.088 | tok/s=22,460 | tokens=3.59B
step=109470 | loss=3.1157 | lr=3.00e-04 | wd=0.0283 | mom=0.9500 | T=9.0 k=4.0 (mu_rec=8 mu_bwd=4) | grad=0.875 | tok/s=23,396 | tokens=3.59B
step=109480 | loss=2.9676 | lr=3.00e-04 | wd=0.0283 | mom=0.9500 | T=5.8 k=3.0 (mu_rec=8 mu_bwd=4) | grad=1.416 | tok/s=23,095 | tokens=3.59B
step=109490 | loss=3.1453 | lr=3.00e-04 | wd=0.0282 | mom=0.9500 | T=6.8 k=3.5 (mu_rec=8 mu_bwd=4) | grad=0.959 | tok/s=23,310 | tokens=3.59B
step=109500 | loss=2.9310 | lr=3.00e-04 | wd=0.0282 | mom=0.9500 | T=6.0 k=3.8 (mu_rec=8 mu_bwd=4) | grad=1.214 | tok/s=22,748 | tokens=3.59B
step=109510 | loss=3.0551 | lr=3.00e-04 | wd=0.0282 | mom=0.9500 | T=11.5 k=4.0 (mu_rec=8 mu_bwd=4) | grad=0.915 | tok/s=23,759 | tokens=3.59B
step=109520 | loss=3.2573 | lr=3.00e-04 | wd=0.0282 | mom=0.9500 | T=15.2 k=4.0 (mu_rec=8 mu_bwd=4) | grad=1.011 | tok/s=22,998 | tokens=3.59B
step=109530 | loss=3.3223 | lr=3.00e-04 | wd=0.0282 | mom=0.9500 | T=7.0 k=4.0 (mu_rec=8 mu_bwd=4) | grad=0.871 | tok/s=21,974 | tokens=3.59B
step=109540 | loss=3.0236 | lr=3.00e-04 | wd=0.0282 | mom=0.9500 | T=7.8 k=3.2 (mu_rec=8 mu_bwd=4) | grad=1.257 | tok/s=23,384 | tokens=3.59B
step=109550 | loss=3.2848 | lr=3.00e-04 | wd=0.0282 | mom=0.9500 | T=6.5 k=3.5 (mu_rec=8 mu_bwd=4) | grad=0.955 | tok/s=23,513 | tokens=3.59B
step=109560 | loss=3.0758 | lr=3.00e-04 | wd=0.0282 | mom=0.9500 | T=5.2 k=4.0 (mu_rec=8 mu_bwd=4) | grad=1.145 | tok/s=24,343 | tokens=3.59B
step=109570 | loss=2.8352 | lr=3.00e-04 | wd=0.0282 | mom=0.9500 | T=6.8 k=4.0 (mu_rec=8 mu_bwd=4) | grad=1.059 | tok/s=24,549 | tokens=3.59B
step=109580 | loss=2.6049 | lr=3.00e-04 | wd=0.0282 | mom=0.9500 | T=6.2 k=3.8 (mu_rec=8 mu_bwd=4) | grad=1.001 | tok/s=22,855 | tokens=3.59B
step=109590 | loss=2.8641 | lr=3.00e-04 | wd=0.0282 | mom=0.9500 | T=6.8 k=3.0 (mu_rec=8 mu_bwd=4) | grad=1.116 | tok/s=23,567 | tokens=3.59B
step=109600 | loss=2.9884 | lr=3.00e-04 | wd=0.0282 | mom=0.9500 | T=7.8 k=4.0 (mu_rec=8 mu_bwd=4) | grad=0.875 | tok/s=22,298 | tokens=3.59B
step=109610 | loss=2.9593 | lr=3.00e-04 | wd=0.0282 | mom=0.9500 | T=7.5 k=3.2 (mu_rec=8 mu_bwd=4) | grad=1.819 | tok/s=23,116 | tokens=3.59B
step=109620 | loss=2.9408 | lr=3.00e-04 | wd=0.0282 | mom=0.9500 | T=8.2 k=4.0 (mu_rec=8 mu_bwd=4) | grad=1.317 | tok/s=24,743 | tokens=3.59B
step=109630 | loss=2.8024 | lr=3.00e-04 | wd=0.0282 | mom=0.9500 | T=8.2 k=4.0 (mu_rec=8 mu_bwd=4) | grad=2.308 | tok/s=23,163 | tokens=3.59B
step=109640 | loss=2.9995 | lr=3.00e-04 | wd=0.0281 | mom=0.9500 | T=11.0 k=4.0 (mu_rec=8 mu_bwd=4) | grad=0.803 | tok/s=22,987 | tokens=3.59B
step=109650 | loss=3.0378 | lr=3.00e-04 | wd=0.0281 | mom=0.9500 | T=5.2 k=3.8 (mu_rec=8 mu_bwd=4) | grad=0.923 | tok/s=22,476 | tokens=3.59B
step=109660 | loss=2.9772 | lr=3.00e-04 | wd=0.0281 | mom=0.9500 | T=4.2 k=2.5 (mu_rec=8 mu_bwd=4) | grad=2.402 | tok/s=24,781 | tokens=3.59B
step=109670 | loss=3.0422 | lr=3.00e-04 | wd=0.0281 | mom=0.9500 | T=13.0 k=4.0 (mu_rec=8 mu_bwd=4) | grad=0.905 | tok/s=23,780 | tokens=3.59B
step=109680 | loss=3.3223 | lr=3.00e-04 | wd=0.0281 | mom=0.9500 | T=9.2 k=3.2 (mu_rec=8 mu_bwd=4) | grad=1.293 | tok/s=23,876 | tokens=3.59B
step=109690 | loss=3.2175 | lr=3.00e-04 | wd=0.0281 | mom=0.9500 | T=8.5 k=4.0 (mu_rec=8 mu_bwd=4) | grad=1.349 | tok/s=24,600 | tokens=3.59B
step=109700 | loss=3.2811 | lr=3.00e-04 | wd=0.0281 | mom=0.9500 | T=5.2 k=4.0 (mu_rec=8 mu_bwd=4) | grad=1.244 | tok/s=24,941 | tokens=3.59B
step=109710 | loss=3.0773 | lr=3.00e-04 | wd=0.0281 | mom=0.9500 | T=7.0 k=4.0 (mu_rec=8 mu_bwd=4) | grad=0.863 | tok/s=23,273 | tokens=3.59B
step=109720 | loss=2.9874 | lr=3.00e-04 | wd=0.0281 | mom=0.9500 | T=7.2 k=4.0 (mu_rec=8 mu_bwd=4) | grad=1.423 | tok/s=26,168 | tokens=3.60B
step=109730 | loss=3.0161 | lr=3.00e-04 | wd=0.0281 | mom=0.9500 | T=7.2 k=4.0 (mu_rec=8 mu_bwd=4) | grad=0.931 | tok/s=24,714 | tokens=3.60B
step=109740 | loss=2.9077 | lr=3.00e-04 | wd=0.0281 | mom=0.9500 | T=9.2 k=2.5 (mu_rec=8 mu_bwd=4) | grad=1.626 | tok/s=23,614 | tokens=3.60B
step=109750 | loss=3.4181 | lr=3.00e-04 | wd=0.0281 | mom=0.9500 | T=8.0 k=3.2 (mu_rec=8 mu_bwd=4) | grad=0.908 | tok/s=21,914 | tokens=3.60B
step=109760 | loss=2.9502 | lr=3.00e-04 | wd=0.0281 | mom=0.9500 | T=13.0 k=3.8 (mu_rec=8 mu_bwd=4) | grad=0.940 | tok/s=10,950 | tokens=3.60B
step=109770 | loss=2.5835 | lr=3.00e-04 | wd=0.0281 | mom=0.9500 | T=9.5 k=4.0 (mu_rec=8 mu_bwd=4) | grad=1.069 | tok/s=23,317 | tokens=3.60B
step=109780 | loss=2.9684 | lr=3.00e-04 | wd=0.0281 | mom=0.9500 | T=7.5 k=3.8 (mu_rec=8 mu_bwd=4) | grad=1.025 | tok/s=22,145 | tokens=3.60B
step=109790 | loss=3.1317 | lr=3.00e-04 | wd=0.0280 | mom=0.9500 | T=8.2 k=4.0 (mu_rec=8 mu_bwd=4) | grad=1.008 | tok/s=23,610 | tokens=3.60B
step=109800 | loss=3.3341 | lr=3.00e-04 | wd=0.0280 | mom=0.9500 | T=6.2 k=3.8 (mu_rec=8 mu_bwd=4) | grad=1.021 | tok/s=22,882 | tokens=3.60B
step=109810 | loss=2.8071 | lr=3.00e-04 | wd=0.0280 | mom=0.9500 | T=11.8 k=4.0 (mu_rec=8 mu_bwd=4) | grad=1.517 | tok/s=24,548 | tokens=3.60B
step=109820 | loss=3.0452 | lr=3.00e-04 | wd=0.0280 | mom=0.9500 | T=6.8 k=4.0 (mu_rec=8 mu_bwd=4) | grad=1.176 | tok/s=23,360 | tokens=3.60B
step=109830 | loss=2.6070 | lr=3.00e-04 | wd=0.0280 | mom=0.9500 | T=6.2 k=3.8 (mu_rec=8 mu_bwd=4) | grad=1.069 | tok/s=23,357 | tokens=3.60B
step=109840 | loss=3.1272 | lr=3.00e-04 | wd=0.0280 | mom=0.9500 | T=5.0 k=3.2 (mu_rec=8 mu_bwd=4) | grad=1.706 | tok/s=24,790 | tokens=3.60B
step=109850 | loss=3.0136 | lr=3.00e-04 | wd=0.0280 | mom=0.9500 | T=10.5 k=4.0 (mu_rec=8 mu_bwd=4) | grad=0.829 | tok/s=23,752 | tokens=3.60B
step=109860 | loss=3.3544 | lr=3.00e-04 | wd=0.0280 | mom=0.9500 | T=7.5 k=3.5 (mu_rec=8 mu_bwd=4) | grad=1.079 | tok/s=24,833 | tokens=3.60B
step=109870 | loss=3.2809 | lr=3.00e-04 | wd=0.0280 | mom=0.9500 | T=11.8 k=3.5 (mu_rec=8 mu_bwd=4) | grad=1.380 | tok/s=23,425 | tokens=3.60B
step=109880 | loss=3.2024 | lr=3.00e-04 | wd=0.0280 | mom=0.9500 | T=7.2 k=3.2 (mu_rec=8 mu_bwd=4) | grad=1.495 | tok/s=24,112 | tokens=3.60B
step=109890 | loss=3.1718 | lr=3.00e-04 | wd=0.0280 | mom=0.9500 | T=8.8 k=3.8 (mu_rec=8 mu_bwd=4) | grad=1.153 | tok/s=23,660 | tokens=3.60B
step=109900 | loss=3.0772 | lr=3.00e-04 | wd=0.0280 | mom=0.9500 | T=6.0 k=3.8 (mu_rec=8 mu_bwd=4) | grad=1.379 | tok/s=22,491 | tokens=3.60B
step=109910 | loss=3.1900 | lr=3.00e-04 | wd=0.0280 | mom=0.9500 | T=8.2 k=3.8 (mu_rec=8 mu_bwd=4) | grad=0.893 | tok/s=23,478 | tokens=3.60B
step=109920 | loss=2.8376 | lr=3.00e-04 | wd=0.0280 | mom=0.9500 | T=8.2 k=4.0 (mu_rec=8 mu_bwd=4) | grad=0.952 | tok/s=23,022 | tokens=3.60B
step=109930 | loss=3.3271 | lr=3.00e-04 | wd=0.0280 | mom=0.9500 | T=8.0 k=3.2 (mu_rec=8 mu_bwd=4) | grad=1.115 | tok/s=22,773 | tokens=3.60B
step=109940 | loss=3.2137 | lr=3.00e-04 | wd=0.0279 | mom=0.9500 | T=6.8 k=3.2 (mu_rec=8 mu_bwd=4) | grad=1.180 | tok/s=24,500 | tokens=3.60B
step=109950 | loss=3.4257 | lr=3.00e-04 | wd=0.0279 | mom=0.9500 | T=7.8 k=3.5 (mu_rec=8 mu_bwd=4) | grad=4.154 | tok/s=24,492 | tokens=3.60B
step=109960 | loss=3.1878 | lr=3.00e-04 | wd=0.0279 | mom=0.9500 | T=7.0 k=3.8 (mu_rec=8 mu_bwd=4) | grad=2.253 | tok/s=24,481 | tokens=3.60B
step=109970 | loss=3.1650 | lr=3.00e-04 | wd=0.0279 | mom=0.9500 | T=10.0 k=3.5 (mu_rec=8 mu_bwd=4) | grad=1.724 | tok/s=23,117 | tokens=3.60B
step=109980 | loss=3.1338 | lr=3.00e-04 | wd=0.0279 | mom=0.9500 | T=6.2 k=3.8 (mu_rec=8 mu_bwd=4) | grad=1.151 | tok/s=24,223 | tokens=3.60B
step=109990 | loss=3.0162 | lr=3.00e-04 | wd=0.0279 | mom=0.9500 | T=7.8 k=4.0 (mu_rec=8 mu_bwd=4) | grad=0.913 | tok/s=26,020 | tokens=3.60B
step=110000 | loss=3.4661 | lr=3.00e-04 | wd=0.0279 | mom=0.9500 | T=4.0 k=2.5 (mu_rec=8 mu_bwd=4) | grad=1.029 | tok/s=24,281 | tokens=3.60B
[step 110000] Saved -> runs/cortex-5b-k4/checkpoint_0110000
[step 110000] Pruned -> runs/cortex-5b-k4/checkpoint_0104000
step=110010 | loss=3.1217 | lr=3.00e-04 | wd=0.0279 | mom=0.9500 | T=6.8 k=3.2 (mu_rec=8 mu_bwd=4) | grad=1.234 | tok/s=18,692 | tokens=3.60B
step=110020 | loss=3.1440 | lr=3.00e-04 | wd=0.0279 | mom=0.9500 | T=7.0 k=3.2 (mu_rec=8 mu_bwd=4) | grad=1.305 | tok/s=24,184 | tokens=3.61B
step=110030 | loss=2.9560 | lr=3.00e-04 | wd=0.0279 | mom=0.9500 | T=10.5 k=4.0 (mu_rec=8 mu_bwd=4) | grad=0.800 | tok/s=21,791 | tokens=3.61B
step=110040 | loss=3.2302 | lr=3.00e-04 | wd=0.0279 | mom=0.9500 | T=8.5 k=3.5 (mu_rec=8 mu_bwd=4) | grad=0.957 | tok/s=25,143 | tokens=3.61B
step=110050 | loss=3.1229 | lr=3.00e-04 | wd=0.0279 | mom=0.9500 | T=8.5 k=4.0 (mu_rec=8 mu_bwd=4) | grad=1.035 | tok/s=22,452 | tokens=3.61B
step=110060 | loss=3.5801 | lr=3.00e-04 | wd=0.0279 | mom=0.9500 | T=5.5 k=3.5 (mu_rec=8 mu_bwd=4) | grad=3.560 | tok/s=25,451 | tokens=3.61B
step=110070 | loss=2.9788 | lr=3.00e-04 | wd=0.0279 | mom=0.9500 | T=15.0 k=4.0 (mu_rec=8 mu_bwd=4) | grad=1.149 | tok/s=21,872 | tokens=3.61B
step=110080 | loss=3.2147 | lr=3.00e-04 | wd=0.0279 | mom=0.9500 | T=7.8 k=3.2 (mu_rec=8 mu_bwd=4) | grad=0.986 | tok/s=25,109 | tokens=3.61B
step=110090 | loss=3.2903 | lr=3.00e-04 | wd=0.0279 | mom=0.9500 | T=5.8 k=3.5 (mu_rec=8 mu_bwd=4) | grad=0.831 | tok/s=22,668 | tokens=3.61B
step=110100 | loss=2.7431 | lr=3.00e-04 | wd=0.0278 | mom=0.9500 | T=8.0 k=3.5 (mu_rec=8 mu_bwd=4) | grad=1.887 | tok/s=10,129 | tokens=3.61B
step=110110 | loss=2.9981 | lr=3.00e-04 | wd=0.0278 | mom=0.9500 | T=7.5 k=4.0 (mu_rec=8 mu_bwd=4) | grad=1.042 | tok/s=24,791 | tokens=3.61B
step=110120 | loss=3.2006 | lr=3.00e-04 | wd=0.0278 | mom=0.9500 | T=7.0 k=3.5 (mu_rec=8 mu_bwd=4) | grad=0.878 | tok/s=22,338 | tokens=3.61B
step=110130 | loss=3.2903 | lr=3.00e-04 | wd=0.0278 | mom=0.9500 | T=6.8 k=3.2 (mu_rec=8 mu_bwd=4) | grad=1.251 | tok/s=25,616 | tokens=3.61B
step=110140 | loss=3.0964 | lr=3.00e-04 | wd=0.0278 | mom=0.9500 | T=8.2 k=4.0 (mu_rec=8 mu_bwd=4) | grad=1.011 | tok/s=25,476 | tokens=3.61B
step=110150 | loss=3.2024 | lr=3.00e-04 | wd=0.0278 | mom=0.9500 | T=7.5 k=3.8 (mu_rec=8 mu_bwd=4) | grad=1.072 | tok/s=21,296 | tokens=3.61B
step=110160 | loss=3.0945 | lr=3.00e-04 | wd=0.0278 | mom=0.9500 | T=11.2 k=4.0 (mu_rec=8 mu_bwd=4) | grad=1.160 | tok/s=23,369 | tokens=3.61B
step=110170 | loss=3.2182 | lr=3.00e-04 | wd=0.0278 | mom=0.9500 | T=9.2 k=4.0 (mu_rec=8 mu_bwd=4) | grad=0.882 | tok/s=21,425 | tokens=3.61B
step=110180 | loss=3.2791 | lr=3.00e-04 | wd=0.0278 | mom=0.9500 | T=6.8 k=3.5 (mu_rec=8 mu_bwd=4) | grad=1.732 | tok/s=23,979 | tokens=3.61B
step=110190 | loss=3.2541 | lr=3.00e-04 | wd=0.0278 | mom=0.9500 | T=8.8 k=4.0 (mu_rec=8 mu_bwd=4) | grad=0.986 | tok/s=23,594 | tokens=3.61B
step=110200 | loss=3.0881 | lr=3.00e-04 | wd=0.0278 | mom=0.9500 | T=9.0 k=4.0 (mu_rec=8 mu_bwd=4) | grad=0.893 | tok/s=25,083 | tokens=3.61B
step=110210 | loss=2.8776 | lr=3.00e-04 | wd=0.0278 | mom=0.9500 | T=8.2 k=3.2 (mu_rec=8 mu_bwd=4) | grad=0.981 | tok/s=22,603 | tokens=3.61B
step=110220 | loss=3.0151 | lr=3.00e-04 | wd=0.0278 | mom=0.9500 | T=10.0 k=3.8 (mu_rec=8 mu_bwd=4) | grad=0.995 | tok/s=24,029 | tokens=3.61B
step=110230 | loss=3.2562 | lr=3.00e-04 | wd=0.0278 | mom=0.9500 | T=8.0 k=3.5 (mu_rec=8 mu_bwd=4) | grad=1.051 | tok/s=23,343 | tokens=3.61B
step=110240 | loss=3.1872 | lr=3.00e-04 | wd=0.0278 | mom=0.9500 | T=6.0 k=3.2 (mu_rec=8 mu_bwd=4) | grad=1.331 | tok/s=22,375 | tokens=3.61B
step=110250 | loss=3.1571 | lr=3.00e-04 | wd=0.0277 | mom=0.9500 | T=8.5 k=4.0 (mu_rec=8 mu_bwd=4) | grad=1.178 | tok/s=21,898 | tokens=3.61B
step=110260 | loss=3.2202 | lr=3.00e-04 | wd=0.0277 | mom=0.9500 | T=3.8 k=3.0 (mu_rec=8 mu_bwd=4) | grad=0.912 | tok/s=23,100 | tokens=3.61B
step=110270 | loss=3.1491 | lr=3.00e-04 | wd=0.0277 | mom=0.9500 | T=8.8 k=4.0 (mu_rec=8 mu_bwd=4) | grad=0.838 | tok/s=23,149 | tokens=3.61B
step=110280 | loss=2.9852 | lr=3.00e-04 | wd=0.0277 | mom=0.9500 | T=6.5 k=4.0 (mu_rec=8 mu_bwd=4) | grad=0.869 | tok/s=23,494 | tokens=3.61B
step=110290 | loss=3.0280 | lr=3.00e-04 | wd=0.0277 | mom=0.9500 | T=9.8 k=3.8 (mu_rec=8 mu_bwd=4) | grad=2.152 | tok/s=24,277 | tokens=3.61B
step=110300 | loss=3.4676 | lr=3.00e-04 | wd=0.0277 | mom=0.9500 | T=4.5 k=3.8 (mu_rec=8 mu_bwd=4) | grad=1.366 | tok/s=24,448 | tokens=3.61B
step=110310 | loss=2.9637 | lr=3.00e-04 | wd=0.0277 | mom=0.9500 | T=10.0 k=4.0 (mu_rec=8 mu_bwd=4) | grad=0.916 | tok/s=20,712 | tokens=3.61B
step=110320 | loss=3.0737 | lr=3.00e-04 | wd=0.0277 | mom=0.9500 | T=7.5 k=4.0 (mu_rec=8 mu_bwd=4) | grad=1.165 | tok/s=23,999 | tokens=3.61B
step=110330 | loss=3.1816 | lr=3.00e-04 | wd=0.0277 | mom=0.9500 | T=6.0 k=3.8 (mu_rec=8 mu_bwd=4) | grad=1.713 | tok/s=22,737 | tokens=3.62B
step=110340 | loss=3.2398 | lr=3.00e-04 | wd=0.0277 | mom=0.9500 | T=8.5 k=4.0 (mu_rec=8 mu_bwd=4) | grad=1.073 | tok/s=22,141 | tokens=3.62B
step=110350 | loss=3.1595 | lr=3.00e-04 | wd=0.0277 | mom=0.9500 | T=8.2 k=4.0 (mu_rec=8 mu_bwd=4) | grad=0.970 | tok/s=24,115 | tokens=3.62B
step=110360 | loss=2.9230 | lr=3.00e-04 | wd=0.0277 | mom=0.9500 | T=10.0 k=3.5 (mu_rec=8 mu_bwd=4) | grad=0.918 | tok/s=24,718 | tokens=3.62B
step=110370 | loss=3.1064 | lr=3.00e-04 | wd=0.0277 | mom=0.9500 | T=4.0 k=3.0 (mu_rec=8 mu_bwd=4) | grad=2.268 | tok/s=23,854 | tokens=3.62B
step=110380 | loss=3.2835 | lr=3.00e-04 | wd=0.0277 | mom=0.9500 | T=6.5 k=3.5 (mu_rec=8 mu_bwd=4) | grad=1.812 | tok/s=22,718 | tokens=3.62B
step=110390 | loss=3.0564 | lr=3.00e-04 | wd=0.0277 | mom=0.9500 | T=7.0 k=3.5 (mu_rec=8 mu_bwd=4) | grad=0.838 | tok/s=22,417 | tokens=3.62B
step=110400 | loss=2.9170 | lr=3.00e-04 | wd=0.0276 | mom=0.9500 | T=16.8 k=4.0 (mu_rec=8 mu_bwd=4) | grad=1.413 | tok/s=22,243 | tokens=3.62B
step=110410 | loss=3.0298 | lr=3.00e-04 | wd=0.0276 | mom=0.9500 | T=11.8 k=3.0 (mu_rec=8 mu_bwd=4) | grad=1.022 | tok/s=24,744 | tokens=3.62B
step=110420 | loss=2.7093 | lr=3.00e-04 | wd=0.0276 | mom=0.9500 | T=6.8 k=3.2 (mu_rec=8 mu_bwd=4) | grad=1.181 | tok/s=22,487 | tokens=3.62B
step=110430 | loss=3.0988 | lr=3.00e-04 | wd=0.0276 | mom=0.9500 | T=6.5 k=4.0 (mu_rec=8 mu_bwd=4) | grad=0.991 | tok/s=23,833 | tokens=3.62B
step=110440 | loss=2.9519 | lr=3.00e-04 | wd=0.0276 | mom=0.9500 | T=4.8 k=2.8 (mu_rec=8 mu_bwd=4) | grad=1.244 | tok/s=23,528 | tokens=3.62B
step=110450 | loss=2.9507 | lr=3.00e-04 | wd=0.0276 | mom=0.9500 | T=11.2 k=3.5 (mu_rec=8 mu_bwd=4) | grad=1.155 | tok/s=23,274 | tokens=3.62B
step=110460 | loss=3.3261 | lr=3.00e-04 | wd=0.0276 | mom=0.9500 | T=8.2 k=4.0 (mu_rec=8 mu_bwd=4) | grad=1.463 | tok/s=23,959 | tokens=3.62B
step=110470 | loss=3.0341 | lr=3.00e-04 | wd=0.0276 | mom=0.9500 | T=4.0 k=3.5 (mu_rec=8 mu_bwd=4) | grad=0.916 | tok/s=23,342 | tokens=3.62B
step=110480 | loss=3.1409 | lr=3.00e-04 | wd=0.0276 | mom=0.9500 | T=6.2 k=3.8 (mu_rec=8 mu_bwd=4) | grad=0.898 | tok/s=23,264 | tokens=3.62B
step=110490 | loss=3.3302 | lr=3.00e-04 | wd=0.0276 | mom=0.9500 | T=7.0 k=4.0 (mu_rec=8 mu_bwd=4) | grad=3.407 | tok/s=22,905 | tokens=3.62B
step=110500 | loss=3.1217 | lr=3.00e-04 | wd=0.0276 | mom=0.9500 | T=7.2 k=4.0 (mu_rec=8 mu_bwd=4) | grad=1.978 | tok/s=24,171 | tokens=3.62B
step=110510 | loss=3.3938 | lr=3.00e-04 | wd=0.0276 | mom=0.9500 | T=13.5 k=4.0 (mu_rec=8 mu_bwd=4) | grad=1.070 | tok/s=23,566 | tokens=3.62B
step=110520 | loss=2.6383 | lr=3.00e-04 | wd=0.0276 | mom=0.9500 | T=4.5 k=3.8 (mu_rec=8 mu_bwd=4) | grad=1.258 | tok/s=22,725 | tokens=3.62B
step=110530 | loss=2.8983 | lr=3.00e-04 | wd=0.0276 | mom=0.9500 | T=9.8 k=4.0 (mu_rec=8 mu_bwd=4) | grad=0.794 | tok/s=22,710 | tokens=3.62B
step=110540 | loss=3.1770 | lr=3.00e-04 | wd=0.0276 | mom=0.9500 | T=12.8 k=4.0 (mu_rec=8 mu_bwd=4) | grad=0.928 | tok/s=10,089 | tokens=3.62B
step=110550 | loss=3.1662 | lr=3.00e-04 | wd=0.0276 | mom=0.9500 | T=9.5 k=4.0 (mu_rec=8 mu_bwd=4) | grad=0.950 | tok/s=25,848 | tokens=3.62B
step=110560 | loss=3.0549 | lr=3.00e-04 | wd=0.0275 | mom=0.9500 | T=9.8 k=4.0 (mu_rec=8 mu_bwd=4) | grad=1.174 | tok/s=24,369 | tokens=3.62B
step=110570 | loss=2.8774 | lr=3.00e-04 | wd=0.0275 | mom=0.9500 | T=12.0 k=3.5 (mu_rec=8 mu_bwd=4) | grad=1.523 | tok/s=23,568 | tokens=3.62B
step=110580 | loss=3.0143 | lr=3.00e-04 | wd=0.0275 | mom=0.9500 | T=12.0 k=3.8 (mu_rec=8 mu_bwd=4) | grad=1.084 | tok/s=23,459 | tokens=3.62B
step=110590 | loss=3.2615 | lr=3.00e-04 | wd=0.0275 | mom=0.9500 | T=8.2 k=4.0 (mu_rec=8 mu_bwd=4) | grad=0.924 | tok/s=23,682 | tokens=3.62B
step=110600 | loss=3.0433 | lr=3.00e-04 | wd=0.0275 | mom=0.9500 | T=2.5 k=2.5 (mu_rec=8 mu_bwd=4) | grad=0.942 | tok/s=24,334 | tokens=3.62B
step=110610 | loss=3.2260 | lr=3.00e-04 | wd=0.0275 | mom=0.9500 | T=14.8 k=3.8 (mu_rec=8 mu_bwd=4) | grad=0.880 | tok/s=23,461 | tokens=3.62B
step=110620 | loss=3.0851 | lr=3.00e-04 | wd=0.0275 | mom=0.9500 | T=5.0 k=3.0 (mu_rec=8 mu_bwd=4) | grad=1.033 | tok/s=23,592 | tokens=3.62B
step=110630 | loss=3.5445 | lr=3.00e-04 | wd=0.0275 | mom=0.9500 | T=5.2 k=3.0 (mu_rec=8 mu_bwd=4) | grad=1.498 | tok/s=24,796 | tokens=3.63B
step=110640 | loss=3.8063 | lr=3.00e-04 | wd=0.0275 | mom=0.9500 | T=4.8 k=3.8 (mu_rec=8 mu_bwd=4) | grad=1.709 | tok/s=23,788 | tokens=3.63B
step=110650 | loss=3.7878 | lr=3.00e-04 | wd=0.0275 | mom=0.9500 | T=4.8 k=3.8 (mu_rec=8 mu_bwd=4) | grad=1.213 | tok/s=23,235 | tokens=3.63B
step=110660 | loss=3.5666 | lr=3.00e-04 | wd=0.0275 | mom=0.9500 | T=8.0 k=4.0 (mu_rec=8 mu_bwd=4) | grad=1.670 | tok/s=22,031 | tokens=3.63B
step=110670 | loss=3.1306 | lr=3.00e-04 | wd=0.0275 | mom=0.9500 | T=12.0 k=4.0 (mu_rec=8 mu_bwd=4) | grad=1.448 | tok/s=23,757 | tokens=3.63B
step=110680 | loss=3.4869 | lr=3.00e-04 | wd=0.0275 | mom=0.9500 | T=12.0 k=3.2 (mu_rec=8 mu_bwd=4) | grad=1.125 | tok/s=22,416 | tokens=3.63B
step=110690 | loss=3.1717 | lr=3.00e-04 | wd=0.0275 | mom=0.9500 | T=11.5 k=4.0 (mu_rec=8 mu_bwd=4) | grad=0.993 | tok/s=24,394 | tokens=3.63B
step=110700 | loss=3.2849 | lr=3.00e-04 | wd=0.0275 | mom=0.9500 | T=10.5 k=3.5 (mu_rec=8 mu_bwd=4) | grad=0.911 | tok/s=23,539 | tokens=3.63B
step=110710 | loss=3.0851 | lr=3.00e-04 | wd=0.0274 | mom=0.9500 | T=14.8 k=4.0 (mu_rec=8 mu_bwd=4) | grad=1.039 | tok/s=23,462 | tokens=3.63B
step=110720 | loss=3.0512 | lr=3.00e-04 | wd=0.0274 | mom=0.9500 | T=6.5 k=4.0 (mu_rec=8 mu_bwd=4) | grad=0.809 | tok/s=25,984 | tokens=3.63B
step=110730 | loss=3.1845 | lr=3.00e-04 | wd=0.0274 | mom=0.9500 | T=9.8 k=4.0 (mu_rec=8 mu_bwd=4) | grad=2.591 | tok/s=22,403 | tokens=3.63B
step=110740 | loss=2.9634 | lr=3.00e-04 | wd=0.0274 | mom=0.9500 | T=5.2 k=4.0 (mu_rec=8 mu_bwd=4) | grad=2.674 | tok/s=24,919 | tokens=3.63B
step=110750 | loss=2.9465 | lr=3.00e-04 | wd=0.0274 | mom=0.9500 | T=7.5 k=4.0 (mu_rec=8 mu_bwd=4) | grad=0.885 | tok/s=24,092 | tokens=3.63B
step=110760 | loss=3.1510 | lr=3.00e-04 | wd=0.0274 | mom=0.9500 | T=4.5 k=3.0 (mu_rec=8 mu_bwd=4) | grad=1.177 | tok/s=23,022 | tokens=3.63B
step=110770 | loss=3.0550 | lr=3.00e-04 | wd=0.0274 | mom=0.9500 | T=7.5 k=3.8 (mu_rec=8 mu_bwd=4) | grad=0.998 | tok/s=23,760 | tokens=3.63B
step=110780 | loss=3.1201 | lr=3.00e-04 | wd=0.0274 | mom=0.9500 | T=4.5 k=3.5 (mu_rec=8 mu_bwd=4) | grad=1.161 | tok/s=25,135 | tokens=3.63B
step=110790 | loss=3.1984 | lr=3.00e-04 | wd=0.0274 | mom=0.9500 | T=6.2 k=4.0 (mu_rec=8 mu_bwd=4) | grad=1.031 | tok/s=23,502 | tokens=3.63B
step=110800 | loss=2.8689 | lr=3.00e-04 | wd=0.0274 | mom=0.9500 | T=15.0 k=4.0 (mu_rec=8 mu_bwd=4) | grad=0.905 | tok/s=22,830 | tokens=3.63B
step=110810 | loss=3.2521 | lr=3.00e-04 | wd=0.0274 | mom=0.9500 | T=4.5 k=3.5 (mu_rec=8 mu_bwd=4) | grad=1.338 | tok/s=22,991 | tokens=3.63B
step=110820 | loss=3.2860 | lr=3.00e-04 | wd=0.0274 | mom=0.9500 | T=13.0 k=4.0 (mu_rec=8 mu_bwd=4) | grad=1.368 | tok/s=23,136 | tokens=3.63B
step=110830 | loss=3.6720 | lr=3.00e-04 | wd=0.0274 | mom=0.9500 | T=9.2 k=4.0 (mu_rec=8 mu_bwd=4) | grad=1.737 | tok/s=22,301 | tokens=3.63B
step=110840 | loss=3.3605 | lr=3.00e-04 | wd=0.0274 | mom=0.9500 | T=7.5 k=3.2 (mu_rec=8 mu_bwd=4) | grad=4.017 | tok/s=23,327 | tokens=3.63B
step=110850 | loss=3.2374 | lr=3.00e-04 | wd=0.0274 | mom=0.9500 | T=7.0 k=4.0 (mu_rec=8 mu_bwd=4) | grad=1.338 | tok/s=23,222 | tokens=3.63B
step=110860 | loss=3.3071 | lr=3.00e-04 | wd=0.0273 | mom=0.9500 | T=6.5 k=3.8 (mu_rec=8 mu_bwd=4) | grad=1.081 | tok/s=23,151 | tokens=3.63B
step=110870 | loss=3.2888 | lr=3.00e-04 | wd=0.0273 | mom=0.9500 | T=7.5 k=4.0 (mu_rec=8 mu_bwd=4) | grad=1.078 | tok/s=23,539 | tokens=3.63B
step=110880 | loss=3.3158 | lr=3.00e-04 | wd=0.0273 | mom=0.9500 | T=6.2 k=3.8 (mu_rec=8 mu_bwd=4) | grad=0.943 | tok/s=25,100 | tokens=3.63B
step=110890 | loss=3.1441 | lr=3.00e-04 | wd=0.0273 | mom=0.9500 | T=7.0 k=2.5 (mu_rec=8 mu_bwd=4) | grad=0.893 | tok/s=25,602 | tokens=3.63B
step=110900 | loss=2.9360 | lr=3.00e-04 | wd=0.0273 | mom=0.9500 | T=5.0 k=3.2 (mu_rec=8 mu_bwd=4) | grad=0.976 | tok/s=23,997 | tokens=3.63B
step=110910 | loss=2.9676 | lr=3.00e-04 | wd=0.0273 | mom=0.9500 | T=12.2 k=4.0 (mu_rec=8 mu_bwd=4) | grad=1.250 | tok/s=23,474 | tokens=3.63B
step=110920 | loss=3.6681 | lr=3.00e-04 | wd=0.0273 | mom=0.9500 | T=5.0 k=3.5 (mu_rec=8 mu_bwd=4) | grad=1.433 | tok/s=23,871 | tokens=3.63B
step=110930 | loss=3.5448 | lr=3.00e-04 | wd=0.0273 | mom=0.9500 | T=9.2 k=3.2 (mu_rec=8 mu_bwd=4) | grad=1.519 | tok/s=24,595 | tokens=3.63B
step=110940 | loss=3.0944 | lr=3.00e-04 | wd=0.0273 | mom=0.9500 | T=8.5 k=4.0 (mu_rec=8 mu_bwd=4) | grad=0.982 | tok/s=22,690 | tokens=3.64B
step=110950 | loss=3.1922 | lr=3.00e-04 | wd=0.0273 | mom=0.9500 | T=8.8 k=4.0 (mu_rec=8 mu_bwd=4) | grad=0.885 | tok/s=23,658 | tokens=3.64B
step=110960 | loss=2.7197 | lr=3.00e-04 | wd=0.0273 | mom=0.9500 | T=20.2 k=4.0 (mu_rec=8 mu_bwd=4) | grad=1.521 | tok/s=21,581 | tokens=3.64B
step=110970 | loss=3.0262 | lr=3.00e-04 | wd=0.0273 | mom=0.9500 | T=6.8 k=3.0 (mu_rec=8 mu_bwd=4) | grad=0.975 | tok/s=25,098 | tokens=3.64B
step=110980 | loss=2.9476 | lr=3.00e-04 | wd=0.0273 | mom=0.9500 | T=7.0 k=3.8 (mu_rec=8 mu_bwd=4) | grad=0.856 | tok/s=25,127 | tokens=3.64B
step=110990 | loss=3.7032 | lr=3.00e-04 | wd=0.0273 | mom=0.9500 | T=8.8 k=3.8 (mu_rec=8 mu_bwd=4) | grad=1.112 | tok/s=8,932 | tokens=3.64B
step=111000 | loss=3.1370 | lr=3.00e-04 | wd=0.0273 | mom=0.9500 | T=9.8 k=3.8 (mu_rec=8 mu_bwd=4) | grad=1.074 | tok/s=21,845 | tokens=3.64B
step=111010 | loss=3.1693 | lr=3.00e-04 | wd=0.0272 | mom=0.9500 | T=6.8 k=3.8 (mu_rec=8 mu_bwd=4) | grad=1.077 | tok/s=24,743 | tokens=3.64B
step=111020 | loss=3.1827 | lr=3.00e-04 | wd=0.0272 | mom=0.9500 | T=8.5 k=4.0 (mu_rec=8 mu_bwd=4) | grad=0.950 | tok/s=24,816 | tokens=3.64B
step=111030 | loss=3.0626 | lr=3.00e-04 | wd=0.0272 | mom=0.9500 | T=14.0 k=4.0 (mu_rec=8 mu_bwd=4) | grad=0.962 | tok/s=22,762 | tokens=3.64B
step=111040 | loss=3.1124 | lr=3.00e-04 | wd=0.0272 | mom=0.9500 | T=14.8 k=4.0 (mu_rec=8 mu_bwd=4) | grad=0.861 | tok/s=20,882 | tokens=3.64B
step=111050 | loss=3.2706 | lr=3.00e-04 | wd=0.0272 | mom=0.9500 | T=7.8 k=4.0 (mu_rec=8 mu_bwd=4) | grad=1.329 | tok/s=23,964 | tokens=3.64B
step=111060 | loss=3.2275 | lr=3.00e-04 | wd=0.0272 | mom=0.9500 | T=7.5 k=3.8 (mu_rec=8 mu_bwd=4) | grad=1.118 | tok/s=21,707 | tokens=3.64B
step=111070 | loss=2.9272 | lr=3.00e-04 | wd=0.0272 | mom=0.9500 | T=8.2 k=4.0 (mu_rec=8 mu_bwd=4) | grad=1.117 | tok/s=25,463 | tokens=3.64B
step=111080 | loss=3.1115 | lr=3.00e-04 | wd=0.0272 | mom=0.9500 | T=6.5 k=3.5 (mu_rec=8 mu_bwd=4) | grad=1.427 | tok/s=25,235 | tokens=3.64B
step=111090 | loss=3.0363 | lr=3.00e-04 | wd=0.0272 | mom=0.9500 | T=11.5 k=4.0 (mu_rec=8 mu_bwd=4) | grad=1.002 | tok/s=21,306 | tokens=3.64B
step=111100 | loss=3.1058 | lr=3.00e-04 | wd=0.0272 | mom=0.9500 | T=3.5 k=2.8 (mu_rec=8 mu_bwd=4) | grad=0.852 | tok/s=24,777 | tokens=3.64B
step=111110 | loss=3.2368 | lr=3.00e-04 | wd=0.0272 | mom=0.9500 | T=5.5 k=3.2 (mu_rec=8 mu_bwd=4) | grad=1.052 | tok/s=24,464 | tokens=3.64B
step=111120 | loss=3.0149 | lr=3.00e-04 | wd=0.0272 | mom=0.9500 | T=9.2 k=4.0 (mu_rec=8 mu_bwd=4) | grad=1.094 | tok/s=23,754 | tokens=3.64B
step=111130 | loss=3.2480 | lr=3.00e-04 | wd=0.0272 | mom=0.9500 | T=8.2 k=4.0 (mu_rec=8 mu_bwd=4) | grad=1.194 | tok/s=25,297 | tokens=3.64B
step=111140 | loss=2.9984 | lr=3.00e-04 | wd=0.0272 | mom=0.9500 | T=5.0 k=3.5 (mu_rec=8 mu_bwd=4) | grad=1.458 | tok/s=24,936 | tokens=3.64B
step=111150 | loss=3.2619 | lr=3.00e-04 | wd=0.0272 | mom=0.9500 | T=12.5 k=4.0 (mu_rec=8 mu_bwd=4) | grad=0.925 | tok/s=24,698 | tokens=3.64B
step=111160 | loss=2.9584 | lr=3.00e-04 | wd=0.0272 | mom=0.9500 | T=9.5 k=4.0 (mu_rec=8 mu_bwd=4) | grad=0.885 | tok/s=22,838 | tokens=3.64B
step=111170 | loss=3.0734 | lr=3.00e-04 | wd=0.0271 | mom=0.9500 | T=9.5 k=4.0 (mu_rec=8 mu_bwd=4) | grad=0.771 | tok/s=24,691 | tokens=3.64B
step=111180 | loss=2.9288 | lr=3.00e-04 | wd=0.0271 | mom=0.9500 | T=8.5 k=4.0 (mu_rec=8 mu_bwd=4) | grad=0.881 | tok/s=24,739 | tokens=3.64B
step=111190 | loss=3.2987 | lr=3.00e-04 | wd=0.0271 | mom=0.9500 | T=5.2 k=3.2 (mu_rec=8 mu_bwd=4) | grad=0.940 | tok/s=21,248 | tokens=3.64B
step=111200 | loss=3.1330 | lr=3.00e-04 | wd=0.0271 | mom=0.9500 | T=10.0 k=3.5 (mu_rec=8 mu_bwd=4) | grad=1.155 | tok/s=23,593 | tokens=3.64B
step=111210 | loss=2.7898 | lr=3.00e-04 | wd=0.0271 | mom=0.9500 | T=3.5 k=2.8 (mu_rec=8 mu_bwd=4) | grad=0.814 | tok/s=25,591 | tokens=3.64B
step=111220 | loss=2.9386 | lr=3.00e-04 | wd=0.0271 | mom=0.9500 | T=8.0 k=4.0 (mu_rec=8 mu_bwd=4) | grad=2.418 | tok/s=24,126 | tokens=3.64B
step=111230 | loss=3.1930 | lr=3.00e-04 | wd=0.0271 | mom=0.9500 | T=7.0 k=4.0 (mu_rec=8 mu_bwd=4) | grad=0.927 | tok/s=23,459 | tokens=3.64B
step=111240 | loss=3.3215 | lr=3.00e-04 | wd=0.0271 | mom=0.9500 | T=8.8 k=3.8 (mu_rec=8 mu_bwd=4) | grad=0.861 | tok/s=24,665 | tokens=3.65B
step=111250 | loss=2.9012 | lr=3.00e-04 | wd=0.0271 | mom=0.9500 | T=9.8 k=4.0 (mu_rec=8 mu_bwd=4) | grad=0.976 | tok/s=22,271 | tokens=3.65B
step=111260 | loss=3.2315 | lr=3.00e-04 | wd=0.0271 | mom=0.9500 | T=11.0 k=4.0 (mu_rec=8 mu_bwd=4) | grad=0.848 | tok/s=22,414 | tokens=3.65B
step=111270 | loss=3.2555 | lr=3.00e-04 | wd=0.0271 | mom=0.9500 | T=6.8 k=4.0 (mu_rec=8 mu_bwd=4) | grad=1.572 | tok/s=24,375 | tokens=3.65B
step=111280 | loss=2.9158 | lr=3.00e-04 | wd=0.0271 | mom=0.9500 | T=13.2 k=3.8 (mu_rec=8 mu_bwd=4) | grad=0.900 | tok/s=23,001 | tokens=3.65B
step=111290 | loss=2.9667 | lr=3.00e-04 | wd=0.0271 | mom=0.9500 | T=9.5 k=3.0 (mu_rec=8 mu_bwd=4) | grad=1.181 | tok/s=24,053 | tokens=3.65B
step=111300 | loss=3.3079 | lr=3.00e-04 | wd=0.0271 | mom=0.9500 | T=11.5 k=4.0 (mu_rec=8 mu_bwd=4) | grad=1.217 | tok/s=23,205 | tokens=3.65B
step=111310 | loss=2.7902 | lr=3.00e-04 | wd=0.0271 | mom=0.9500 | T=12.5 k=4.0 (mu_rec=8 mu_bwd=4) | grad=2.551 | tok/s=23,794 | tokens=3.65B
step=111320 | loss=3.1770 | lr=3.00e-04 | wd=0.0270 | mom=0.9500 | T=4.5 k=3.5 (mu_rec=8 mu_bwd=4) | grad=1.401 | tok/s=23,226 | tokens=3.65B
step=111330 | loss=3.3040 | lr=3.00e-04 | wd=0.0270 | mom=0.9500 | T=11.2 k=4.0 (mu_rec=8 mu_bwd=4) | grad=0.853 | tok/s=25,551 | tokens=3.65B
step=111340 | loss=3.0311 | lr=3.00e-04 | wd=0.0270 | mom=0.9500 | T=7.0 k=3.8 (mu_rec=8 mu_bwd=4) | grad=1.059 | tok/s=24,721 | tokens=3.65B
step=111350 | loss=3.1427 | lr=3.00e-04 | wd=0.0270 | mom=0.9500 | T=6.5 k=4.0 (mu_rec=8 mu_bwd=4) | grad=1.426 | tok/s=23,928 | tokens=3.65B
step=111360 | loss=3.1897 | lr=3.00e-04 | wd=0.0270 | mom=0.9500 | T=5.0 k=3.0 (mu_rec=8 mu_bwd=4) | grad=1.074 | tok/s=22,370 | tokens=3.65B
step=111370 | loss=3.2406 | lr=3.00e-04 | wd=0.0270 | mom=0.9500 | T=11.5 k=4.0 (mu_rec=8 mu_bwd=4) | grad=1.095 | tok/s=23,508 | tokens=3.65B
step=111380 | loss=2.9649 | lr=3.00e-04 | wd=0.0270 | mom=0.9500 | T=11.2 k=4.0 (mu_rec=8 mu_bwd=4) | grad=0.822 | tok/s=21,581 | tokens=3.65B
step=111390 | loss=3.2220 | lr=3.00e-04 | wd=0.0270 | mom=0.9500 | T=10.2 k=4.0 (mu_rec=8 mu_bwd=4) | grad=0.890 | tok/s=25,054 | tokens=3.65B
step=111400 | loss=3.0078 | lr=3.00e-04 | wd=0.0270 | mom=0.9500 | T=10.0 k=4.0 (mu_rec=8 mu_bwd=4) | grad=0.937 | tok/s=24,055 | tokens=3.65B
step=111410 | loss=2.9233 | lr=3.00e-04 | wd=0.0270 | mom=0.9500 | T=5.8 k=4.0 (mu_rec=8 mu_bwd=4) | grad=1.017 | tok/s=24,590 | tokens=3.65B
step=111420 | loss=3.1056 | lr=3.00e-04 | wd=0.0270 | mom=0.9500 | T=15.8 k=4.0 (mu_rec=8 mu_bwd=4) | grad=2.425 | tok/s=23,381 | tokens=3.65B
step=111430 | loss=3.0014 | lr=3.00e-04 | wd=0.0270 | mom=0.9500 | T=5.0 k=3.2 (mu_rec=8 mu_bwd=4) | grad=1.241 | tok/s=23,670 | tokens=3.65B
step=111440 | loss=3.3183 | lr=3.00e-04 | wd=0.0270 | mom=0.9500 | T=8.5 k=4.0 (mu_rec=8 mu_bwd=4) | grad=1.141 | tok/s=22,719 | tokens=3.65B
step=111450 | loss=3.1943 | lr=3.00e-04 | wd=0.0270 | mom=0.9500 | T=6.8 k=3.5 (mu_rec=8 mu_bwd=4) | grad=1.151 | tok/s=9,620 | tokens=3.65B
step=111460 | loss=3.0254 | lr=3.00e-04 | wd=0.0270 | mom=0.9500 | T=7.8 k=4.0 (mu_rec=8 mu_bwd=4) | grad=1.330 | tok/s=22,995 | tokens=3.65B
step=111470 | loss=3.0265 | lr=3.00e-04 | wd=0.0269 | mom=0.9500 | T=6.2 k=3.5 (mu_rec=8 mu_bwd=4) | grad=0.994 | tok/s=23,917 | tokens=3.65B
step=111480 | loss=2.7822 | lr=3.00e-04 | wd=0.0269 | mom=0.9500 | T=7.2 k=3.2 (mu_rec=8 mu_bwd=4) | grad=1.015 | tok/s=24,513 | tokens=3.65B
step=111490 | loss=3.0358 | lr=3.00e-04 | wd=0.0269 | mom=0.9500 | T=16.8 k=4.0 (mu_rec=8 mu_bwd=4) | grad=0.805 | tok/s=22,248 | tokens=3.65B
step=111500 | loss=3.0334 | lr=3.00e-04 | wd=0.0269 | mom=0.9500 | T=8.0 k=4.0 (mu_rec=8 mu_bwd=4) | grad=1.094 | tok/s=23,725 | tokens=3.65B
step=111510 | loss=3.2801 | lr=3.00e-04 | wd=0.0269 | mom=0.9500 | T=7.5 k=4.0 (mu_rec=8 mu_bwd=4) | grad=1.285 | tok/s=23,767 | tokens=3.65B
step=111520 | loss=2.9255 | lr=3.00e-04 | wd=0.0269 | mom=0.9500 | T=8.0 k=4.0 (mu_rec=8 mu_bwd=4) | grad=1.044 | tok/s=23,904 | tokens=3.65B
step=111530 | loss=2.7358 | lr=3.00e-04 | wd=0.0269 | mom=0.9500 | T=7.0 k=4.0 (mu_rec=8 mu_bwd=4) | grad=1.006 | tok/s=24,129 | tokens=3.65B
step=111540 | loss=2.9558 | lr=3.00e-04 | wd=0.0269 | mom=0.9500 | T=5.0 k=4.0 (mu_rec=8 mu_bwd=4) | grad=0.852 | tok/s=23,632 | tokens=3.65B
step=111550 | loss=3.2197 | lr=3.00e-04 | wd=0.0269 | mom=0.9500 | T=10.0 k=3.5 (mu_rec=8 mu_bwd=4) | grad=0.971 | tok/s=23,225 | tokens=3.66B
step=111560 | loss=3.2322 | lr=3.00e-04 | wd=0.0269 | mom=0.9500 | T=20.5 k=3.8 (mu_rec=8 mu_bwd=4) | grad=0.959 | tok/s=21,865 | tokens=3.66B
step=111570 | loss=3.0428 | lr=3.00e-04 | wd=0.0269 | mom=0.9500 | T=9.8 k=4.0 (mu_rec=8 mu_bwd=4) | grad=1.062 | tok/s=21,586 | tokens=3.66B
step=111580 | loss=2.9820 | lr=3.00e-04 | wd=0.0269 | mom=0.9500 | T=4.8 k=3.8 (mu_rec=8 mu_bwd=4) | grad=1.253 | tok/s=23,513 | tokens=3.66B
step=111590 | loss=2.9641 | lr=3.00e-04 | wd=0.0269 | mom=0.9500 | T=6.2 k=3.2 (mu_rec=8 mu_bwd=4) | grad=1.301 | tok/s=24,874 | tokens=3.66B
step=111600 | loss=2.9645 | lr=3.00e-04 | wd=0.0269 | mom=0.9500 | T=7.2 k=4.0 (mu_rec=8 mu_bwd=4) | grad=2.385 | tok/s=25,609 | tokens=3.66B
step=111610 | loss=3.0318 | lr=3.00e-04 | wd=0.0269 | mom=0.9500 | T=9.2 k=4.0 (mu_rec=8 mu_bwd=4) | grad=0.883 | tok/s=23,123 | tokens=3.66B
step=111620 | loss=3.1861 | lr=3.00e-04 | wd=0.0268 | mom=0.9500 | T=8.5 k=4.0 (mu_rec=8 mu_bwd=4) | grad=0.996 | tok/s=24,724 | tokens=3.66B
step=111630 | loss=2.9076 | lr=3.00e-04 | wd=0.0268 | mom=0.9500 | T=10.5 k=3.5 (mu_rec=8 mu_bwd=4) | grad=1.080 | tok/s=22,442 | tokens=3.66B
step=111640 | loss=2.8473 | lr=3.00e-04 | wd=0.0268 | mom=0.9500 | T=12.2 k=4.0 (mu_rec=8 mu_bwd=4) | grad=1.277 | tok/s=22,953 | tokens=3.66B
step=111650 | loss=2.9957 | lr=3.00e-04 | wd=0.0268 | mom=0.9500 | T=7.0 k=3.5 (mu_rec=8 mu_bwd=4) | grad=0.965 | tok/s=23,897 | tokens=3.66B
step=111660 | loss=3.1310 | lr=3.00e-04 | wd=0.0268 | mom=0.9500 | T=6.0 k=4.0 (mu_rec=8 mu_bwd=4) | grad=1.055 | tok/s=22,662 | tokens=3.66B
step=111670 | loss=2.7812 | lr=3.00e-04 | wd=0.0268 | mom=0.9500 | T=5.5 k=4.0 (mu_rec=8 mu_bwd=4) | grad=1.011 | tok/s=24,952 | tokens=3.66B
step=111680 | loss=3.0467 | lr=3.00e-04 | wd=0.0268 | mom=0.9500 | T=6.2 k=3.2 (mu_rec=8 mu_bwd=4) | grad=0.878 | tok/s=24,112 | tokens=3.66B
step=111690 | loss=3.4867 | lr=3.00e-04 | wd=0.0268 | mom=0.9500 | T=6.8 k=4.0 (mu_rec=8 mu_bwd=4) | grad=1.613 | tok/s=25,647 | tokens=3.66B
step=111700 | loss=3.7514 | lr=3.00e-04 | wd=0.0268 | mom=0.9500 | T=8.2 k=4.0 (mu_rec=8 mu_bwd=4) | grad=1.210 | tok/s=24,261 | tokens=3.66B
step=111710 | loss=3.8789 | lr=3.00e-04 | wd=0.0268 | mom=0.9500 | T=9.2 k=4.0 (mu_rec=8 mu_bwd=4) | grad=1.070 | tok/s=22,719 | tokens=3.66B
step=111720 | loss=3.5557 | lr=3.00e-04 | wd=0.0268 | mom=0.9500 | T=5.0 k=3.8 (mu_rec=8 mu_bwd=4) | grad=1.259 | tok/s=23,252 | tokens=3.66B
step=111730 | loss=3.1199 | lr=3.00e-04 | wd=0.0268 | mom=0.9500 | T=9.0 k=4.0 (mu_rec=8 mu_bwd=4) | grad=1.283 | tok/s=23,217 | tokens=3.66B
step=111740 | loss=3.0981 | lr=3.00e-04 | wd=0.0268 | mom=0.9500 | T=4.0 k=3.0 (mu_rec=8 mu_bwd=4) | grad=1.052 | tok/s=23,620 | tokens=3.66B
step=111750 | loss=3.1278 | lr=3.00e-04 | wd=0.0268 | mom=0.9500 | T=11.8 k=4.0 (mu_rec=8 mu_bwd=4) | grad=0.954 | tok/s=22,975 | tokens=3.66B
step=111760 | loss=3.0981 | lr=3.00e-04 | wd=0.0268 | mom=0.9500 | T=10.8 k=4.0 (mu_rec=8 mu_bwd=4) | grad=0.992 | tok/s=22,150 | tokens=3.66B
step=111770 | loss=3.5292 | lr=3.00e-04 | wd=0.0268 | mom=0.9500 | T=8.2 k=3.8 (mu_rec=8 mu_bwd=4) | grad=1.160 | tok/s=22,859 | tokens=3.66B
step=111780 | loss=2.8745 | lr=3.00e-04 | wd=0.0267 | mom=0.9500 | T=9.0 k=4.0 (mu_rec=8 mu_bwd=4) | grad=1.005 | tok/s=23,831 | tokens=3.66B
step=111790 | loss=3.1809 | lr=3.00e-04 | wd=0.0267 | mom=0.9500 | T=5.0 k=3.2 (mu_rec=8 mu_bwd=4) | grad=1.044 | tok/s=23,397 | tokens=3.66B
step=111800 | loss=3.2302 | lr=3.00e-04 | wd=0.0267 | mom=0.9500 | T=7.8 k=3.8 (mu_rec=8 mu_bwd=4) | grad=1.302 | tok/s=26,448 | tokens=3.66B
step=111810 | loss=3.0330 | lr=3.00e-04 | wd=0.0267 | mom=0.9500 | T=5.5 k=3.8 (mu_rec=8 mu_bwd=4) | grad=2.356 | tok/s=22,981 | tokens=3.66B
step=111820 | loss=3.3129 | lr=3.00e-04 | wd=0.0267 | mom=0.9500 | T=6.5 k=3.8 (mu_rec=8 mu_bwd=4) | grad=0.969 | tok/s=24,855 | tokens=3.66B
step=111830 | loss=3.2963 | lr=3.00e-04 | wd=0.0267 | mom=0.9500 | T=7.8 k=3.5 (mu_rec=8 mu_bwd=4) | grad=1.247 | tok/s=10,664 | tokens=3.66B
step=111840 | loss=3.2872 | lr=3.00e-04 | wd=0.0267 | mom=0.9500 | T=9.2 k=4.0 (mu_rec=8 mu_bwd=4) | grad=1.072 | tok/s=23,334 | tokens=3.66B
step=111850 | loss=2.8798 | lr=3.00e-04 | wd=0.0267 | mom=0.9500 | T=6.8 k=3.2 (mu_rec=8 mu_bwd=4) | grad=1.072 | tok/s=24,208 | tokens=3.67B
step=111860 | loss=2.7281 | lr=3.00e-04 | wd=0.0267 | mom=0.9500 | T=7.8 k=3.2 (mu_rec=8 mu_bwd=4) | grad=1.050 | tok/s=24,434 | tokens=3.67B
step=111870 | loss=3.1354 | lr=3.00e-04 | wd=0.0267 | mom=0.9500 | T=8.5 k=4.0 (mu_rec=8 mu_bwd=4) | grad=1.419 | tok/s=23,076 | tokens=3.67B
step=111880 | loss=3.0216 | lr=3.00e-04 | wd=0.0267 | mom=0.9500 | T=13.8 k=4.0 (mu_rec=8 mu_bwd=4) | grad=0.889 | tok/s=23,309 | tokens=3.67B
step=111890 | loss=3.0547 | lr=3.00e-04 | wd=0.0267 | mom=0.9500 | T=8.0 k=3.8 (mu_rec=8 mu_bwd=4) | grad=0.978 | tok/s=24,559 | tokens=3.67B
step=111900 | loss=3.0579 | lr=3.00e-04 | wd=0.0267 | mom=0.9500 | T=9.5 k=4.0 (mu_rec=8 mu_bwd=4) | grad=1.039 | tok/s=22,539 | tokens=3.67B
step=111910 | loss=3.3914 | lr=3.00e-04 | wd=0.0267 | mom=0.9500 | T=5.8 k=3.8 (mu_rec=8 mu_bwd=4) | grad=1.029 | tok/s=22,292 | tokens=3.67B
step=111920 | loss=3.1621 | lr=3.00e-04 | wd=0.0267 | mom=0.9500 | T=10.2 k=4.0 (mu_rec=8 mu_bwd=4) | grad=1.558 | tok/s=24,524 | tokens=3.67B
step=111930 | loss=3.3023 | lr=3.00e-04 | wd=0.0266 | mom=0.9500 | T=6.8 k=3.5 (mu_rec=8 mu_bwd=4) | grad=1.243 | tok/s=25,394 | tokens=3.67B
step=111940 | loss=3.1641 | lr=3.00e-04 | wd=0.0266 | mom=0.9500 | T=4.0 k=3.5 (mu_rec=8 mu_bwd=4) | grad=0.826 | tok/s=23,697 | tokens=3.67B
step=111950 | loss=3.4163 | lr=3.00e-04 | wd=0.0266 | mom=0.9500 | T=6.8 k=4.0 (mu_rec=8 mu_bwd=4) | grad=1.025 | tok/s=23,587 | tokens=3.67B
step=111960 | loss=3.0716 | lr=3.00e-04 | wd=0.0266 | mom=0.9500 | T=7.5 k=3.8 (mu_rec=8 mu_bwd=4) | grad=1.203 | tok/s=23,076 | tokens=3.67B
step=111970 | loss=3.5156 | lr=3.00e-04 | wd=0.0266 | mom=0.9500 | T=9.8 k=4.0 (mu_rec=8 mu_bwd=4) | grad=0.908 | tok/s=23,526 | tokens=3.67B
step=111980 | loss=3.0890 | lr=3.00e-04 | wd=0.0266 | mom=0.9500 | T=8.2 k=4.0 (mu_rec=8 mu_bwd=4) | grad=1.919 | tok/s=24,247 | tokens=3.67B
step=111990 | loss=2.9645 | lr=3.00e-04 | wd=0.0266 | mom=0.9500 | T=9.5 k=4.0 (mu_rec=8 mu_bwd=4) | grad=1.359 | tok/s=21,242 | tokens=3.67B
step=112000 | loss=3.2148 | lr=3.00e-04 | wd=0.0266 | mom=0.9500 | T=5.2 k=3.8 (mu_rec=8 mu_bwd=4) | grad=1.138 | tok/s=25,165 | tokens=3.67B
[step 112000] Saved -> runs/cortex-5b-k4/checkpoint_0112000
[step 112000] Pruned -> runs/cortex-5b-k4/checkpoint_0106000
step=112010 | loss=3.3501 | lr=3.00e-04 | wd=0.0266 | mom=0.9500 | T=7.8 k=4.0 (mu_rec=8 mu_bwd=4) | grad=1.426 | tok/s=15,555 | tokens=3.67B
step=112020 | loss=3.0822 | lr=3.00e-04 | wd=0.0266 | mom=0.9500 | T=7.0 k=4.0 (mu_rec=8 mu_bwd=4) | grad=0.870 | tok/s=24,127 | tokens=3.67B
step=112030 | loss=3.1257 | lr=3.00e-04 | wd=0.0266 | mom=0.9500 | T=5.2 k=4.0 (mu_rec=8 mu_bwd=4) | grad=1.182 | tok/s=21,756 | tokens=3.67B
step=112040 | loss=3.0573 | lr=3.00e-04 | wd=0.0266 | mom=0.9500 | T=8.0 k=4.0 (mu_rec=8 mu_bwd=4) | grad=0.861 | tok/s=23,200 | tokens=3.67B
step=112050 | loss=3.3305 | lr=3.00e-04 | wd=0.0266 | mom=0.9500 | T=9.8 k=3.8 (mu_rec=8 mu_bwd=4) | grad=1.140 | tok/s=24,100 | tokens=3.67B
step=112060 | loss=3.3103 | lr=3.00e-04 | wd=0.0266 | mom=0.9500 | T=7.5 k=4.0 (mu_rec=8 mu_bwd=4) | grad=1.052 | tok/s=23,185 | tokens=3.67B
step=112070 | loss=3.0485 | lr=3.00e-04 | wd=0.0266 | mom=0.9500 | T=8.5 k=4.0 (mu_rec=8 mu_bwd=4) | grad=0.834 | tok/s=23,228 | tokens=3.67B
step=112080 | loss=3.1558 | lr=3.00e-04 | wd=0.0265 | mom=0.9500 | T=10.0 k=4.0 (mu_rec=8 mu_bwd=4) | grad=0.936 | tok/s=21,951 | tokens=3.67B
step=112090 | loss=3.1538 | lr=3.00e-04 | wd=0.0265 | mom=0.9500 | T=7.8 k=3.5 (mu_rec=8 mu_bwd=4) | grad=0.858 | tok/s=24,127 | tokens=3.67B
step=112100 | loss=3.1298 | lr=3.00e-04 | wd=0.0265 | mom=0.9500 | T=11.2 k=4.0 (mu_rec=8 mu_bwd=4) | grad=0.850 | tok/s=23,289 | tokens=3.67B
step=112110 | loss=3.0406 | lr=3.00e-04 | wd=0.0265 | mom=0.9500 | T=4.2 k=3.0 (mu_rec=8 mu_bwd=4) | grad=1.057 | tok/s=25,054 | tokens=3.67B
step=112120 | loss=3.4087 | lr=3.00e-04 | wd=0.0265 | mom=0.9500 | T=5.0 k=3.2 (mu_rec=8 mu_bwd=4) | grad=1.470 | tok/s=23,144 | tokens=3.67B
step=112130 | loss=3.4020 | lr=3.00e-04 | wd=0.0265 | mom=0.9500 | T=9.0 k=3.8 (mu_rec=8 mu_bwd=4) | grad=1.398 | tok/s=21,129 | tokens=3.67B
step=112140 | loss=3.0807 | lr=3.00e-04 | wd=0.0265 | mom=0.9500 | T=8.2 k=4.0 (mu_rec=8 mu_bwd=4) | grad=1.574 | tok/s=24,343 | tokens=3.67B
step=112150 | loss=3.0988 | lr=3.00e-04 | wd=0.0265 | mom=0.9500 | T=3.8 k=3.2 (mu_rec=8 mu_bwd=4) | grad=0.874 | tok/s=25,675 | tokens=3.67B
step=112160 | loss=3.1590 | lr=3.00e-04 | wd=0.0265 | mom=0.9500 | T=7.8 k=4.0 (mu_rec=8 mu_bwd=4) | grad=0.866 | tok/s=24,312 | tokens=3.68B
step=112170 | loss=3.0490 | lr=3.00e-04 | wd=0.0265 | mom=0.9500 | T=10.2 k=4.0 (mu_rec=8 mu_bwd=4) | grad=1.207 | tok/s=22,950 | tokens=3.68B
step=112180 | loss=3.3237 | lr=3.00e-04 | wd=0.0265 | mom=0.9500 | T=8.5 k=3.2 (mu_rec=8 mu_bwd=4) | grad=1.052 | tok/s=24,754 | tokens=3.68B
step=112190 | loss=3.2381 | lr=3.00e-04 | wd=0.0265 | mom=0.9500 | T=9.0 k=4.0 (mu_rec=8 mu_bwd=4) | grad=1.013 | tok/s=21,886 | tokens=3.68B
step=112200 | loss=2.9524 | lr=3.00e-04 | wd=0.0265 | mom=0.9500 | T=5.0 k=3.8 (mu_rec=8 mu_bwd=4) | grad=1.032 | tok/s=23,502 | tokens=3.68B
step=112210 | loss=2.9902 | lr=3.00e-04 | wd=0.0265 | mom=0.9500 | T=3.0 k=2.0 (mu_rec=8 mu_bwd=4) | grad=1.344 | tok/s=22,970 | tokens=3.68B
step=112220 | loss=3.0426 | lr=3.00e-04 | wd=0.0265 | mom=0.9500 | T=4.5 k=3.0 (mu_rec=8 mu_bwd=4) | grad=1.045 | tok/s=24,259 | tokens=3.68B
step=112230 | loss=3.3202 | lr=3.00e-04 | wd=0.0264 | mom=0.9500 | T=4.0 k=3.2 (mu_rec=8 mu_bwd=4) | grad=1.127 | tok/s=24,601 | tokens=3.68B
step=112240 | loss=3.7451 | lr=3.00e-04 | wd=0.0264 | mom=0.9500 | T=7.0 k=4.0 (mu_rec=8 mu_bwd=4) | grad=1.471 | tok/s=24,019 | tokens=3.68B
step=112250 | loss=3.4738 | lr=3.00e-04 | wd=0.0264 | mom=0.9500 | T=9.8 k=3.5 (mu_rec=8 mu_bwd=4) | grad=1.062 | tok/s=23,413 | tokens=3.68B
step=112260 | loss=3.0831 | lr=3.00e-04 | wd=0.0264 | mom=0.9500 | T=5.5 k=3.5 (mu_rec=8 mu_bwd=4) | grad=1.469 | tok/s=25,113 | tokens=3.68B
step=112270 | loss=3.1250 | lr=3.00e-04 | wd=0.0264 | mom=0.9500 | T=7.5 k=3.5 (mu_rec=8 mu_bwd=4) | grad=1.134 | tok/s=21,738 | tokens=3.68B
step=112280 | loss=3.5883 | lr=3.00e-04 | wd=0.0264 | mom=0.9500 | T=6.0 k=3.8 (mu_rec=8 mu_bwd=4) | grad=1.245 | tok/s=22,485 | tokens=3.68B
step=112290 | loss=3.8075 | lr=3.00e-04 | wd=0.0264 | mom=0.9500 | T=12.5 k=4.0 (mu_rec=8 mu_bwd=4) | grad=0.997 | tok/s=9,936 | tokens=3.68B
step=112300 | loss=3.0745 | lr=3.00e-04 | wd=0.0264 | mom=0.9500 | T=8.8 k=3.2 (mu_rec=8 mu_bwd=4) | grad=0.965 | tok/s=23,245 | tokens=3.68B
step=112310 | loss=3.2759 | lr=3.00e-04 | wd=0.0264 | mom=0.9500 | T=7.0 k=3.8 (mu_rec=8 mu_bwd=4) | grad=1.063 | tok/s=22,569 | tokens=3.68B
step=112320 | loss=3.5778 | lr=3.00e-04 | wd=0.0264 | mom=0.9500 | T=8.5 k=4.0 (mu_rec=8 mu_bwd=4) | grad=4.556 | tok/s=23,418 | tokens=3.68B
step=112330 | loss=4.2090 | lr=3.00e-04 | wd=0.0264 | mom=0.9500 | T=7.5 k=4.0 (mu_rec=8 mu_bwd=4) | grad=1.362 | tok/s=22,665 | tokens=3.68B
step=112340 | loss=3.5673 | lr=3.00e-04 | wd=0.0264 | mom=0.9500 | T=11.8 k=4.0 (mu_rec=8 mu_bwd=4) | grad=1.417 | tok/s=22,077 | tokens=3.68B
step=112350 | loss=3.0663 | lr=3.00e-04 | wd=0.0264 | mom=0.9500 | T=5.8 k=3.5 (mu_rec=8 mu_bwd=4) | grad=1.061 | tok/s=24,087 | tokens=3.68B
step=112360 | loss=3.4135 | lr=3.00e-04 | wd=0.0264 | mom=0.9500 | T=10.5 k=4.0 (mu_rec=8 mu_bwd=4) | grad=0.996 | tok/s=23,762 | tokens=3.68B
step=112370 | loss=3.0499 | lr=3.00e-04 | wd=0.0264 | mom=0.9500 | T=6.0 k=3.5 (mu_rec=8 mu_bwd=4) | grad=1.448 | tok/s=22,138 | tokens=3.68B
step=112380 | loss=3.2613 | lr=3.00e-04 | wd=0.0264 | mom=0.9500 | T=9.0 k=4.0 (mu_rec=8 mu_bwd=4) | grad=2.250 | tok/s=24,302 | tokens=3.68B
step=112390 | loss=3.0696 | lr=3.00e-04 | wd=0.0263 | mom=0.9500 | T=8.5 k=3.5 (mu_rec=8 mu_bwd=4) | grad=1.030 | tok/s=23,765 | tokens=3.68B
step=112400 | loss=3.1198 | lr=3.00e-04 | wd=0.0263 | mom=0.9500 | T=8.0 k=3.2 (mu_rec=8 mu_bwd=4) | grad=0.972 | tok/s=23,370 | tokens=3.68B
step=112410 | loss=3.2726 | lr=3.00e-04 | wd=0.0263 | mom=0.9500 | T=11.0 k=3.8 (mu_rec=8 mu_bwd=4) | grad=0.884 | tok/s=22,328 | tokens=3.68B
step=112420 | loss=3.3358 | lr=3.00e-04 | wd=0.0263 | mom=0.9500 | T=7.8 k=4.0 (mu_rec=8 mu_bwd=4) | grad=1.421 | tok/s=25,202 | tokens=3.68B
step=112430 | loss=3.1612 | lr=3.00e-04 | wd=0.0263 | mom=0.9500 | T=8.8 k=4.0 (mu_rec=8 mu_bwd=4) | grad=1.128 | tok/s=23,705 | tokens=3.68B
step=112440 | loss=3.3561 | lr=3.00e-04 | wd=0.0263 | mom=0.9500 | T=7.0 k=3.5 (mu_rec=8 mu_bwd=4) | grad=1.565 | tok/s=24,080 | tokens=3.68B
step=112450 | loss=2.9689 | lr=3.00e-04 | wd=0.0263 | mom=0.9500 | T=9.0 k=4.0 (mu_rec=8 mu_bwd=4) | grad=1.488 | tok/s=23,922 | tokens=3.68B
step=112460 | loss=2.9931 | lr=3.00e-04 | wd=0.0263 | mom=0.9500 | T=4.8 k=3.2 (mu_rec=8 mu_bwd=4) | grad=1.067 | tok/s=22,740 | tokens=3.69B
step=112470 | loss=3.0457 | lr=3.00e-04 | wd=0.0263 | mom=0.9500 | T=8.5 k=3.8 (mu_rec=8 mu_bwd=4) | grad=1.474 | tok/s=23,547 | tokens=3.69B
step=112480 | loss=3.2021 | lr=3.00e-04 | wd=0.0263 | mom=0.9500 | T=10.5 k=3.8 (mu_rec=8 mu_bwd=4) | grad=0.885 | tok/s=23,664 | tokens=3.69B
step=112490 | loss=2.9786 | lr=3.00e-04 | wd=0.0263 | mom=0.9500 | T=11.2 k=4.0 (mu_rec=8 mu_bwd=4) | grad=0.934 | tok/s=22,603 | tokens=3.69B
step=112500 | loss=3.3300 | lr=3.00e-04 | wd=0.0263 | mom=0.9500 | T=8.8 k=3.5 (mu_rec=8 mu_bwd=4) | grad=1.197 | tok/s=25,165 | tokens=3.69B
step=112510 | loss=3.6441 | lr=3.00e-04 | wd=0.0263 | mom=0.9500 | T=7.2 k=3.2 (mu_rec=8 mu_bwd=4) | grad=1.226 | tok/s=23,684 | tokens=3.69B
step=112520 | loss=3.2965 | lr=3.00e-04 | wd=0.0263 | mom=0.9500 | T=10.0 k=3.2 (mu_rec=8 mu_bwd=4) | grad=1.104 | tok/s=23,739 | tokens=3.69B
step=112530 | loss=2.9985 | lr=3.00e-04 | wd=0.0263 | mom=0.9500 | T=13.8 k=3.2 (mu_rec=8 mu_bwd=4) | grad=1.767 | tok/s=24,002 | tokens=3.69B
step=112540 | loss=3.1369 | lr=3.00e-04 | wd=0.0262 | mom=0.9500 | T=5.0 k=3.8 (mu_rec=8 mu_bwd=4) | grad=1.288 | tok/s=25,014 | tokens=3.69B
step=112550 | loss=3.3781 | lr=3.00e-04 | wd=0.0262 | mom=0.9500 | T=9.2 k=4.0 (mu_rec=8 mu_bwd=4) | grad=1.335 | tok/s=24,369 | tokens=3.69B
step=112560 | loss=3.2203 | lr=3.00e-04 | wd=0.0262 | mom=0.9500 | T=10.0 k=3.2 (mu_rec=8 mu_bwd=4) | grad=0.844 | tok/s=20,307 | tokens=3.69B
step=112570 | loss=2.9262 | lr=3.00e-04 | wd=0.0262 | mom=0.9500 | T=11.5 k=4.0 (mu_rec=8 mu_bwd=4) | grad=2.377 | tok/s=23,946 | tokens=3.69B
step=112580 | loss=3.1826 | lr=3.00e-04 | wd=0.0262 | mom=0.9500 | T=11.8 k=3.8 (mu_rec=8 mu_bwd=4) | grad=0.821 | tok/s=23,961 | tokens=3.69B
step=112590 | loss=2.9834 | lr=3.00e-04 | wd=0.0262 | mom=0.9500 | T=13.2 k=4.0 (mu_rec=8 mu_bwd=4) | grad=0.955 | tok/s=24,039 | tokens=3.69B
step=112600 | loss=3.2963 | lr=3.00e-04 | wd=0.0262 | mom=0.9500 | T=8.2 k=4.0 (mu_rec=8 mu_bwd=4) | grad=0.819 | tok/s=23,351 | tokens=3.69B
step=112610 | loss=3.1347 | lr=3.00e-04 | wd=0.0262 | mom=0.9500 | T=11.2 k=3.8 (mu_rec=8 mu_bwd=4) | grad=1.134 | tok/s=22,497 | tokens=3.69B
step=112620 | loss=3.0589 | lr=3.00e-04 | wd=0.0262 | mom=0.9500 | T=11.0 k=3.8 (mu_rec=8 mu_bwd=4) | grad=0.977 | tok/s=24,884 | tokens=3.69B
step=112630 | loss=3.2289 | lr=3.00e-04 | wd=0.0262 | mom=0.9500 | T=8.8 k=3.8 (mu_rec=8 mu_bwd=4) | grad=0.953 | tok/s=23,688 | tokens=3.69B
step=112640 | loss=2.9875 | lr=3.00e-04 | wd=0.0262 | mom=0.9500 | T=5.8 k=3.8 (mu_rec=8 mu_bwd=4) | grad=1.327 | tok/s=26,079 | tokens=3.69B
step=112650 | loss=3.2428 | lr=3.00e-04 | wd=0.0262 | mom=0.9500 | T=6.8 k=4.0 (mu_rec=8 mu_bwd=4) | grad=1.180 | tok/s=24,201 | tokens=3.69Bwandb: updating run metadata
wandb: uploading summary, console lines 3852-3854
wandb: 
wandb: Run history:
wandb: lti/contraction_factor ▁▁▂▂▂▂▂▂▂▃▃▃▃▃▄▅▅▅▄▅▅▅▅▆▆▅▅▆▆▆▆▇▇▇▇▇▇▇▇█
wandb:      lti/spectral_norm ▆▆▆▇▇██▇█▇▇▇▆▆▆▃▃▄▆▅▅▅▆▅▁▁▂▄▄▄▄▁▃▄▃▃▃▁▁▃
wandb:        train/grad_norm ▂▃▂▂▂▃▄▂▂▂▃▂█▄▂▃▃▅▂▃▂▂▂▂▂▃▃▂▂▂▂▃▁▂▂▂▁▃▁▂
wandb:             train/loss ▄▃▆▃▃▆▄▄▃▅▄▄▄▅▄▄▄▄▃▄▃▄▅▄▄▆▅▄▄▄▄▅▄█▄▅▁▆▃▃
wandb:               train/lr ▁▁▁▁▁▁▁▁▁▁▁▁▁▁▁▁▁▁▁▁▁▁▁▁▁▁▁▁▁▁▁▁▁▁▁▁▁▁▁▁
wandb:           train/mean_T ▂▂▃▂▂▄▅▂▂▃▂▄▄▂▄▃▇▃▃▃▃▅▃▅▃▁▂▄▂█▂▃▃▃▁▂▂▂▄▄
wandb:           train/mean_k ██▂▇██▇▇████▄▇▅█▅█▁▅▅█▅▇█▅▇▇█▇▅▅▄█▇▅█▁█▇
wandb:         train/momentum ▁▁▁▁▁▁▁▁▁▁▁▁▁▁▁▁▁▁▁▁▁▁▁▁▁▁▁▁▁▁▁▁▁▁▁▁▁▁▁▁
wandb:           train/mu_bwd ▁▁▁▁▁▁▁▁▁▁▁▁▁▁▁▁▁▁▁▁▁▁▁▁▁▁▁▁▁▁▁▁▁▁▁▁▁▁▁▁
wandb:           train/mu_rec ▁▁▁▁▁▁▁▁▁▁▁▁▁▁▁▁▁▁▁▁▁▁▁▁▁▁▁▁▁▁▁▁▁▁▁▁▁▁▁▁
wandb:                     +6 ...
wandb: 
wandb: Run summary:
wandb: lti/contraction_factor 0.29143
wandb:      lti/spectral_norm 0.35877
wandb:        train/grad_norm 0.92065
wandb:             train/loss 3.22096
wandb:               train/lr 0.0003
wandb:           train/mean_T 7.75
wandb:           train/mean_k 4
wandb:         train/momentum 0.95
wandb:           train/mu_bwd 4
wandb:           train/mu_rec 8
wandb:                     +6 ...
wandb: 
wandb: 🚀 View run cortex-5b-k4 at: https://wandb.ai/henryyjiang42-georgia-institute-of-technology/cortex-gpt-v2/runs/6m1xqnno
wandb: ⭐️ View project at: https://wandb.ai/henryyjiang42-georgia-institute-of-technology/cortex-gpt-v2
wandb: Synced 5 W&B file(s), 0 media file(s), 0 artifact file(s) and 0 other file(s)
wandb: Find logs at: runs/cortex-5b-k4/wandb/run-20260701_002638-6m1xqnno/logs

step=112660 | loss=3.3011 | lr=3.00e-04 | wd=0.0262 | mom=0.9500 | T=9.5 k=3.2 (mu_rec=8 mu_bwd=4) | grad=1.102 | tok/s=23,462 | tokens=3.69B
step=112670 | loss=3.0349 | lr=3.00e-04 | wd=0.0262 | mom=0.9500 | T=7.2 k=4.0 (mu_rec=8 mu_bwd=4) | grad=0.919 | tok/s=22,994 | tokens=3.69B
step=112680 | loss=3.2342 | lr=3.00e-04 | wd=0.0262 | mom=0.9500 | T=11.2 k=3.0 (mu_rec=8 mu_bwd=4) | grad=1.045 | tok/s=22,648 | tokens=3.69B
step=112690 | loss=3.0026 | lr=3.00e-04 | wd=0.0261 | mom=0.9500 | T=6.0 k=3.2 (mu_rec=8 mu_bwd=4) | grad=0.963 | tok/s=23,019 | tokens=3.69B
step=112700 | loss=2.7764 | lr=3.00e-04 | wd=0.0261 | mom=0.9500 | T=5.8 k=3.8 (mu_rec=8 mu_bwd=4) | grad=1.122 | tok/s=10,427 | tokens=3.69B
step=112710 | loss=3.2386 | lr=3.00e-04 | wd=0.0261 | mom=0.9500 | T=8.2 k=4.0 (mu_rec=8 mu_bwd=4) | grad=1.029 | tok/s=23,481 | tokens=3.69B
step=112720 | loss=2.9690 | lr=3.00e-04 | wd=0.0261 | mom=0.9500 | T=7.2 k=3.8 (mu_rec=8 mu_bwd=4) | grad=1.229 | tok/s=23,029 | tokens=3.69B
step=112730 | loss=2.9684 | lr=3.00e-04 | wd=0.0261 | mom=0.9500 | T=5.5 k=4.0 (mu_rec=8 mu_bwd=4) | grad=1.476 | tok/s=24,371 | tokens=3.69B
step=112740 | loss=3.3919 | lr=3.00e-04 | wd=0.0261 | mom=0.9500 | T=9.2 k=3.8 (mu_rec=8 mu_bwd=4) | grad=1.214 | tok/s=23,125 | tokens=3.69B
step=112750 | loss=3.0278 | lr=3.00e-04 | wd=0.0261 | mom=0.9500 | T=11.5 k=4.0 (mu_rec=8 mu_bwd=4) | grad=2.694 | tok/s=22,826 | tokens=3.69B
step=112760 | loss=3.3049 | lr=3.00e-04 | wd=0.0261 | mom=0.9500 | T=15.2 k=4.0 (mu_rec=8 mu_bwd=4) | grad=1.047 | tok/s=22,351 | tokens=3.69B
step=112770 | loss=3.2324 | lr=3.00e-04 | wd=0.0261 | mom=0.9500 | T=6.0 k=3.5 (mu_rec=8 mu_bwd=4) | grad=0.875 | tok/s=21,754 | tokens=3.70B
step=112780 | loss=3.1672 | lr=3.00e-04 | wd=0.0261 | mom=0.9500 | T=5.0 k=3.5 (mu_rec=8 mu_bwd=4) | grad=1.765 | tok/s=25,556 | tokens=3.70B
step=112790 | loss=3.0847 | lr=3.00e-04 | wd=0.0261 | mom=0.9500 | T=6.5 k=2.8 (mu_rec=8 mu_bwd=4) | grad=0.979 | tok/s=23,575 | tokens=3.70B
step=112800 | loss=2.8647 | lr=3.00e-04 | wd=0.0261 | mom=0.9500 | T=9.8 k=4.0 (mu_rec=8 mu_bwd=4) | grad=0.921 | tok/s=22,036 | tokens=3.70B
step=112810 | loss=3.0086 | lr=3.00e-04 | wd=0.0261 | mom=0.9500 | T=6.8 k=3.2 (mu_rec=8 mu_bwd=4) | grad=0.867 | tok/s=22,654 | tokens=3.70B
step=112820 | loss=3.1477 | lr=3.00e-04 | wd=0.0261 | mom=0.9500 | T=8.2 k=4.0 (mu_rec=8 mu_bwd=4) | grad=0.984 | tok/s=24,106 | tokens=3.70B
step=112830 | loss=2.8480 | lr=3.00e-04 | wd=0.0261 | mom=0.9500 | T=6.0 k=4.0 (mu_rec=8 mu_bwd=4) | grad=1.009 | tok/s=23,860 | tokens=3.70B
step=112840 | loss=3.1342 | lr=3.00e-04 | wd=0.0260 | mom=0.9500 | T=8.0 k=4.0 (mu_rec=8 mu_bwd=4) | grad=1.098 | tok/s=22,674 | tokens=3.70B
step=112850 | loss=3.4131 | lr=3.00e-04 | wd=0.0260 | mom=0.9500 | T=8.5 k=3.5 (mu_rec=8 mu_bwd=4) | grad=1.272 | tok/s=23,790 | tokens=3.70B
step=112860 | loss=3.2457 | lr=3.00e-04 | wd=0.0260 | mom=0.9500 | T=5.8 k=3.2 (mu_rec=8 mu_bwd=4) | grad=0.986 | tok/s=23,213 | tokens=3.70B
step=112870 | loss=2.9799 | lr=3.00e-04 | wd=0.0260 | mom=0.9500 | T=6.5 k=4.0 (mu_rec=8 mu_bwd=4) | grad=0.946 | tok/s=23,002 | tokens=3.70B
step=112880 | loss=3.1420 | lr=3.00e-04 | wd=0.0260 | mom=0.9500 | T=17.8 k=3.8 (mu_rec=8 mu_bwd=4) | grad=0.993 | tok/s=23,012 | tokens=3.70B
step=112890 | loss=3.0902 | lr=3.00e-04 | wd=0.0260 | mom=0.9500 | T=5.5 k=3.5 (mu_rec=8 mu_bwd=4) | grad=1.030 | tok/s=24,522 | tokens=3.70B
step=112900 | loss=3.0101 | lr=3.00e-04 | wd=0.0260 | mom=0.9500 | T=9.5 k=4.0 (mu_rec=8 mu_bwd=4) | grad=0.975 | tok/s=23,394 | tokens=3.70B
step=112910 | loss=3.4789 | lr=3.00e-04 | wd=0.0260 | mom=0.9500 | T=7.8 k=3.8 (mu_rec=8 mu_bwd=4) | grad=3.273 | tok/s=23,804 | tokens=3.70B
step=112920 | loss=3.0781 | lr=3.00e-04 | wd=0.0260 | mom=0.9500 | T=8.8 k=4.0 (mu_rec=8 mu_bwd=4) | grad=0.894 | tok/s=21,806 | tokens=3.70B
step=112930 | loss=2.9325 | lr=3.00e-04 | wd=0.0260 | mom=0.9500 | T=9.5 k=3.2 (mu_rec=8 mu_bwd=4) | grad=1.065 | tok/s=23,805 | tokens=3.70B
step=112940 | loss=3.0708 | lr=3.00e-04 | wd=0.0260 | mom=0.9500 | T=7.8 k=3.5 (mu_rec=8 mu_bwd=4) | grad=0.939 | tok/s=24,027 | tokens=3.70B
step=112950 | loss=3.1033 | lr=3.00e-04 | wd=0.0260 | mom=0.9500 | T=9.5 k=4.0 (mu_rec=8 mu_bwd=4) | grad=1.656 | tok/s=22,918 | tokens=3.70B
step=112960 | loss=3.1793 | lr=3.00e-04 | wd=0.0260 | mom=0.9500 | T=6.0 k=4.0 (mu_rec=8 mu_bwd=4) | grad=0.855 | tok/s=25,591 | tokens=3.70B
step=112970 | loss=3.2147 | lr=3.00e-04 | wd=0.0260 | mom=0.9500 | T=3.5 k=3.0 (mu_rec=8 mu_bwd=4) | grad=0.929 | tok/s=23,957 | tokens=3.70B
step=112980 | loss=2.9948 | lr=3.00e-04 | wd=0.0260 | mom=0.9500 | T=6.2 k=3.8 (mu_rec=8 mu_bwd=4) | grad=1.346 | tok/s=23,405 | tokens=3.70B
step=112990 | loss=2.8373 | lr=3.00e-04 | wd=0.0260 | mom=0.9500 | T=9.5 k=3.5 (mu_rec=8 mu_bwd=4) | grad=1.211 | tok/s=23,133 | tokens=3.70B
step=113000 | loss=2.8255 | lr=3.00e-04 | wd=0.0259 | mom=0.9500 | T=5.2 k=4.0 (mu_rec=8 mu_bwd=4) | grad=0.990 | tok/s=24,226 | tokens=3.70B
step=113010 | loss=2.6777 | lr=3.00e-04 | wd=0.0259 | mom=0.9500 | T=14.5 k=4.0 (mu_rec=8 mu_bwd=4) | grad=0.889 | tok/s=20,680 | tokens=3.70B
step=113020 | loss=3.3868 | lr=3.00e-04 | wd=0.0259 | mom=0.9500 | T=10.8 k=4.0 (mu_rec=8 mu_bwd=4) | grad=1.075 | tok/s=24,372 | tokens=3.70B
step=113030 | loss=3.1740 | lr=3.00e-04 | wd=0.0259 | mom=0.9500 | T=5.5 k=4.0 (mu_rec=8 mu_bwd=4) | grad=1.069 | tok/s=24,465 | tokens=3.70B
step=113040 | loss=3.0913 | lr=3.00e-04 | wd=0.0259 | mom=0.9500 | T=7.8 k=4.0 (mu_rec=8 mu_bwd=4) | grad=0.860 | tok/s=24,074 | tokens=3.70B
step=113050 | loss=3.0147 | lr=3.00e-04 | wd=0.0259 | mom=0.9500 | T=7.8 k=4.0 (mu_rec=8 mu_bwd=4) | grad=2.085 | tok/s=22,098 | tokens=3.70B
step=113060 | loss=3.4158 | lr=3.00e-04 | wd=0.0259 | mom=0.9500 | T=9.0 k=4.0 (mu_rec=8 mu_bwd=4) | grad=0.993 | tok/s=24,316 | tokens=3.70B
step=113070 | loss=3.2644 | lr=3.00e-04 | wd=0.0259 | mom=0.9500 | T=7.0 k=3.8 (mu_rec=8 mu_bwd=4) | grad=1.211 | tok/s=24,453 | tokens=3.71B
step=113080 | loss=3.0067 | lr=3.00e-04 | wd=0.0259 | mom=0.9500 | T=6.0 k=3.8 (mu_rec=8 mu_bwd=4) | grad=1.011 | tok/s=23,687 | tokens=3.71B
step=113090 | loss=2.8506 | lr=3.00e-04 | wd=0.0259 | mom=0.9500 | T=6.8 k=3.5 (mu_rec=8 mu_bwd=4) | grad=0.967 | tok/s=22,589 | tokens=3.71B
step=113100 | loss=3.2138 | lr=3.00e-04 | wd=0.0259 | mom=0.9500 | T=6.5 k=2.8 (mu_rec=8 mu_bwd=4) | grad=1.327 | tok/s=25,296 | tokens=3.71B
step=113110 | loss=3.1523 | lr=3.00e-04 | wd=0.0259 | mom=0.9500 | T=8.8 k=4.0 (mu_rec=8 mu_bwd=4) | grad=1.318 | tok/s=24,824 | tokens=3.71B
step=113120 | loss=3.0831 | lr=3.00e-04 | wd=0.0259 | mom=0.9500 | T=6.2 k=4.0 (mu_rec=8 mu_bwd=4) | grad=1.028 | tok/s=24,349 | tokens=3.71B
step=113130 | loss=3.0477 | lr=3.00e-04 | wd=0.0259 | mom=0.9500 | T=9.2 k=4.0 (mu_rec=8 mu_bwd=4) | grad=0.935 | tok/s=22,364 | tokens=3.71B
step=113140 | loss=3.5849 | lr=3.00e-04 | wd=0.0259 | mom=0.9500 | T=11.2 k=4.0 (mu_rec=8 mu_bwd=4) | grad=1.310 | tok/s=23,314 | tokens=3.71B
step=113150 | loss=3.3376 | lr=3.00e-04 | wd=0.0258 | mom=0.9500 | T=6.2 k=4.0 (mu_rec=8 mu_bwd=4) | grad=0.969 | tok/s=22,303 | tokens=3.71B
step=113160 | loss=3.0891 | lr=3.00e-04 | wd=0.0258 | mom=0.9500 | T=4.5 k=3.0 (mu_rec=8 mu_bwd=4) | grad=0.998 | tok/s=23,865 | tokens=3.71B
step=113170 | loss=2.9128 | lr=3.00e-04 | wd=0.0258 | mom=0.9500 | T=9.8 k=4.0 (mu_rec=8 mu_bwd=4) | grad=1.150 | tok/s=24,048 | tokens=3.71B
step=113180 | loss=2.9041 | lr=3.00e-04 | wd=0.0258 | mom=0.9500 | T=9.8 k=4.0 (mu_rec=8 mu_bwd=4) | grad=1.373 | tok/s=22,683 | tokens=3.71B
step=113190 | loss=2.8295 | lr=3.00e-04 | wd=0.0258 | mom=0.9500 | T=5.0 k=3.2 (mu_rec=8 mu_bwd=4) | grad=1.016 | tok/s=10,470 | tokens=3.71B
step=113200 | loss=3.1278 | lr=3.00e-04 | wd=0.0258 | mom=0.9500 | T=6.8 k=4.0 (mu_rec=8 mu_bwd=4) | grad=0.840 | tok/s=25,097 | tokens=3.71B
step=113210 | loss=3.1266 | lr=3.00e-04 | wd=0.0258 | mom=0.9500 | T=9.2 k=4.0 (mu_rec=8 mu_bwd=4) | grad=1.585 | tok/s=23,885 | tokens=3.71B
step=113220 | loss=3.1093 | lr=3.00e-04 | wd=0.0258 | mom=0.9500 | T=7.5 k=4.0 (mu_rec=8 mu_bwd=4) | grad=1.064 | tok/s=24,459 | tokens=3.71B
step=113230 | loss=2.9828 | lr=3.00e-04 | wd=0.0258 | mom=0.9500 | T=11.5 k=4.0 (mu_rec=8 mu_bwd=4) | grad=0.766 | tok/s=22,508 | tokens=3.71B
step=113240 | loss=3.2755 | lr=3.00e-04 | wd=0.0258 | mom=0.9500 | T=6.5 k=3.2 (mu_rec=8 mu_bwd=4) | grad=1.305 | tok/s=23,330 | tokens=3.71B
step=113250 | loss=3.0706 | lr=3.00e-04 | wd=0.0258 | mom=0.9500 | T=6.8 k=3.2 (mu_rec=8 mu_bwd=4) | grad=1.466 | tok/s=24,131 | tokens=3.71B
step=113260 | loss=3.1587 | lr=3.00e-04 | wd=0.0258 | mom=0.9500 | T=5.2 k=3.5 (mu_rec=8 mu_bwd=4) | grad=0.987 | tok/s=23,491 | tokens=3.71B
step=113270 | loss=3.0129 | lr=3.00e-04 | wd=0.0258 | mom=0.9500 | T=8.5 k=3.5 (mu_rec=8 mu_bwd=4) | grad=0.956 | tok/s=22,935 | tokens=3.71B
step=113280 | loss=2.5451 | lr=3.00e-04 | wd=0.0258 | mom=0.9500 | T=12.2 k=4.0 (mu_rec=8 mu_bwd=4) | grad=0.924 | tok/s=22,609 | tokens=3.71B
step=113290 | loss=3.2251 | lr=3.00e-04 | wd=0.0258 | mom=0.9500 | T=9.5 k=3.5 (mu_rec=8 mu_bwd=4) | grad=1.404 | tok/s=21,935 | tokens=3.71B
step=113300 | loss=3.5874 | lr=3.00e-04 | wd=0.0257 | mom=0.9500 | T=12.0 k=4.0 (mu_rec=8 mu_bwd=4) | grad=0.779 | tok/s=24,319 | tokens=3.71B
step=113310 | loss=2.9728 | lr=3.00e-04 | wd=0.0257 | mom=0.9500 | T=10.8 k=3.5 (mu_rec=8 mu_bwd=4) | grad=1.188 | tok/s=25,179 | tokens=3.71B
step=113320 | loss=3.1169 | lr=3.00e-04 | wd=0.0257 | mom=0.9500 | T=11.2 k=4.0 (mu_rec=8 mu_bwd=4) | grad=1.169 | tok/s=21,329 | tokens=3.71B
step=113330 | loss=3.2106 | lr=3.00e-04 | wd=0.0257 | mom=0.9500 | T=7.2 k=4.0 (mu_rec=8 mu_bwd=4) | grad=1.050 | tok/s=22,986 | tokens=3.71B
step=113340 | loss=3.1400 | lr=3.00e-04 | wd=0.0257 | mom=0.9500 | T=10.8 k=4.0 (mu_rec=8 mu_bwd=4) | grad=0.939 | tok/s=23,400 | tokens=3.71B
step=113350 | loss=3.2727 | lr=3.00e-04 | wd=0.0257 | mom=0.9500 | T=13.0 k=4.0 (mu_rec=8 mu_bwd=4) | grad=0.792 | tok/s=23,945 | tokens=3.71B
step=113360 | loss=3.3026 | lr=3.00e-04 | wd=0.0257 | mom=0.9500 | T=6.8 k=4.0 (mu_rec=8 mu_bwd=4) | grad=0.823 | tok/s=24,894 | tokens=3.71B
step=113370 | loss=3.0332 | lr=3.00e-04 | wd=0.0257 | mom=0.9500 | T=6.0 k=4.0 (mu_rec=8 mu_bwd=4) | grad=1.691 | tok/s=23,494 | tokens=3.71B
step=113380 | loss=3.2021 | lr=3.00e-04 | wd=0.0257 | mom=0.9500 | T=9.0 k=4.0 (mu_rec=8 mu_bwd=4) | grad=0.972 | tok/s=21,081 | tokens=3.72B
step=113390 | loss=3.7005 | lr=3.00e-04 | wd=0.0257 | mom=0.9500 | T=12.2 k=2.8 (mu_rec=8 mu_bwd=4) | grad=1.575 | tok/s=23,650 | tokens=3.72B
step=113400 | loss=3.0853 | lr=3.00e-04 | wd=0.0257 | mom=0.9500 | T=6.2 k=3.2 (mu_rec=8 mu_bwd=4) | grad=1.761 | tok/s=23,957 | tokens=3.72B
step=113410 | loss=3.4381 | lr=3.00e-04 | wd=0.0257 | mom=0.9500 | T=12.0 k=4.0 (mu_rec=8 mu_bwd=4) | grad=0.907 | tok/s=22,085 | tokens=3.72B
step=113420 | loss=3.1006 | lr=3.00e-04 | wd=0.0257 | mom=0.9500 | T=7.8 k=4.0 (mu_rec=8 mu_bwd=4) | grad=0.836 | tok/s=22,786 | tokens=3.72B
step=113430 | loss=3.1570 | lr=3.00e-04 | wd=0.0257 | mom=0.9500 | T=9.2 k=3.5 (mu_rec=8 mu_bwd=4) | grad=1.562 | tok/s=23,296 | tokens=3.72B
step=113440 | loss=2.8365 | lr=3.00e-04 | wd=0.0257 | mom=0.9500 | T=7.8 k=4.0 (mu_rec=8 mu_bwd=4) | grad=1.069 | tok/s=23,831 | tokens=3.72B
step=113450 | loss=3.5920 | lr=3.00e-04 | wd=0.0256 | mom=0.9500 | T=7.0 k=3.5 (mu_rec=8 mu_bwd=4) | grad=0.925 | tok/s=22,458 | tokens=3.72B
step=113460 | loss=3.3234 | lr=3.00e-04 | wd=0.0256 | mom=0.9500 | T=5.5 k=3.2 (mu_rec=8 mu_bwd=4) | grad=1.535 | tok/s=24,083 | tokens=3.72B
step=113470 | loss=3.0036 | lr=3.00e-04 | wd=0.0256 | mom=0.9500 | T=12.8 k=4.0 (mu_rec=8 mu_bwd=4) | grad=1.001 | tok/s=23,635 | tokens=3.72B
step=113480 | loss=3.1709 | lr=3.00e-04 | wd=0.0256 | mom=0.9500 | T=5.8 k=3.2 (mu_rec=8 mu_bwd=4) | grad=1.070 | tok/s=24,674 | tokens=3.72B
step=113490 | loss=3.3151 | lr=3.00e-04 | wd=0.0256 | mom=0.9500 | T=11.0 k=4.0 (mu_rec=8 mu_bwd=4) | grad=0.918 | tok/s=24,763 | tokens=3.72B
step=113500 | loss=3.0511 | lr=3.00e-04 | wd=0.0256 | mom=0.9500 | T=3.5 k=3.0 (mu_rec=8 mu_bwd=4) | grad=1.224 | tok/s=23,718 | tokens=3.72B
step=113510 | loss=3.2312 | lr=3.00e-04 | wd=0.0256 | mom=0.9500 | T=10.0 k=4.0 (mu_rec=8 mu_bwd=4) | grad=0.808 | tok/s=21,654 | tokens=3.72B
step=113520 | loss=3.1039 | lr=3.00e-04 | wd=0.0256 | mom=0.9500 | T=8.0 k=4.0 (mu_rec=8 mu_bwd=4) | grad=0.775 | tok/s=24,170 | tokens=3.72B
step=113530 | loss=3.0236 | lr=3.00e-04 | wd=0.0256 | mom=0.9500 | T=9.8 k=3.5 (mu_rec=8 mu_bwd=4) | grad=1.000 | tok/s=24,759 | tokens=3.72B
step=113540 | loss=3.4632 | lr=3.00e-04 | wd=0.0256 | mom=0.9500 | T=9.2 k=4.0 (mu_rec=8 mu_bwd=4) | grad=3.097 | tok/s=24,435 | tokens=3.72B
step=113550 | loss=3.5474 | lr=3.00e-04 | wd=0.0256 | mom=0.9500 | T=6.5 k=3.5 (mu_rec=8 mu_bwd=4) | grad=1.126 | tok/s=22,903 | tokens=3.72B
step=113560 | loss=3.0203 | lr=3.00e-04 | wd=0.0256 | mom=0.9500 | T=8.5 k=4.0 (mu_rec=8 mu_bwd=4) | grad=1.417 | tok/s=23,363 | tokens=3.72B
step=113570 | loss=3.2584 | lr=3.00e-04 | wd=0.0256 | mom=0.9500 | T=7.8 k=4.0 (mu_rec=8 mu_bwd=4) | grad=0.875 | tok/s=23,120 | tokens=3.72B
step=113580 | loss=2.8048 | lr=3.00e-04 | wd=0.0256 | mom=0.9500 | T=6.2 k=3.8 (mu_rec=8 mu_bwd=4) | grad=1.003 | tok/s=9,919 | tokens=3.72B
step=113590 | loss=3.0873 | lr=3.00e-04 | wd=0.0256 | mom=0.9500 | T=9.0 k=3.5 (mu_rec=8 mu_bwd=4) | grad=0.918 | tok/s=24,933 | tokens=3.72B
step=113600 | loss=3.2362 | lr=3.00e-04 | wd=0.0256 | mom=0.9500 | T=12.5 k=4.0 (mu_rec=8 mu_bwd=4) | grad=0.955 | tok/s=24,212 | tokens=3.72B
step=113610 | loss=3.3300 | lr=3.00e-04 | wd=0.0255 | mom=0.9500 | T=8.8 k=4.0 (mu_rec=8 mu_bwd=4) | grad=1.504 | tok/s=23,413 | tokens=3.72B
step=113620 | loss=3.2377 | lr=3.00e-04 | wd=0.0255 | mom=0.9500 | T=7.5 k=3.5 (mu_rec=8 mu_bwd=4) | grad=0.862 | tok/s=23,530 | tokens=3.72B
step=113630 | loss=3.2713 | lr=3.00e-04 | wd=0.0255 | mom=0.9500 | T=15.0 k=4.0 (mu_rec=8 mu_bwd=4) | grad=6.431 | tok/s=22,565 | tokens=3.72B
step=113640 | loss=2.6148 | lr=3.00e-04 | wd=0.0255 | mom=0.9500 | T=5.2 k=4.0 (mu_rec=8 mu_bwd=4) | grad=1.609 | tok/s=24,268 | tokens=3.72B
step=113650 | loss=3.6458 | lr=3.00e-04 | wd=0.0255 | mom=0.9500 | T=6.5 k=3.2 (mu_rec=8 mu_bwd=4) | grad=1.478 | tok/s=25,602 | tokens=3.72B
step=113660 | loss=3.5734 | lr=3.00e-04 | wd=0.0255 | mom=0.9500 | T=8.8 k=4.0 (mu_rec=8 mu_bwd=4) | grad=1.197 | tok/s=24,178 | tokens=3.72B
step=113670 | loss=3.2716 | lr=3.00e-04 | wd=0.0255 | mom=0.9500 | T=3.5 k=2.8 (mu_rec=8 mu_bwd=4) | grad=1.008 | tok/s=24,650 | tokens=3.72B
step=113680 | loss=3.1448 | lr=3.00e-04 | wd=0.0255 | mom=0.9500 | T=7.0 k=4.0 (mu_rec=8 mu_bwd=4) | grad=0.878 | tok/s=22,671 | tokens=3.73B
step=113690 | loss=3.4108 | lr=3.00e-04 | wd=0.0255 | mom=0.9500 | T=5.8 k=4.0 (mu_rec=8 mu_bwd=4) | grad=1.103 | tok/s=23,211 | tokens=3.73B
step=113700 | loss=3.4023 | lr=3.00e-04 | wd=0.0255 | mom=0.9500 | T=8.2 k=3.2 (mu_rec=8 mu_bwd=4) | grad=1.157 | tok/s=23,412 | tokens=3.73B
step=113710 | loss=3.3089 | lr=3.00e-04 | wd=0.0255 | mom=0.9500 | T=6.5 k=3.8 (mu_rec=8 mu_bwd=4) | grad=1.119 | tok/s=23,399 | tokens=3.73B
step=113720 | loss=3.3550 | lr=3.00e-04 | wd=0.0255 | mom=0.9500 | T=9.8 k=3.8 (mu_rec=8 mu_bwd=4) | grad=0.879 | tok/s=23,607 | tokens=3.73B
step=113730 | loss=3.0653 | lr=3.00e-04 | wd=0.0255 | mom=0.9500 | T=7.2 k=3.8 (mu_rec=8 mu_bwd=4) | grad=1.081 | tok/s=22,494 | tokens=3.73B
step=113740 | loss=2.8518 | lr=3.00e-04 | wd=0.0255 | mom=0.9500 | T=10.5 k=4.0 (mu_rec=8 mu_bwd=4) | grad=0.876 | tok/s=22,972 | tokens=3.73B
step=113750 | loss=2.9724 | lr=3.00e-04 | wd=0.0255 | mom=0.9500 | T=8.0 k=4.0 (mu_rec=8 mu_bwd=4) | grad=0.841 | tok/s=24,181 | tokens=3.73B
step=113760 | loss=2.8922 | lr=3.00e-04 | wd=0.0254 | mom=0.9500 | T=6.8 k=3.2 (mu_rec=8 mu_bwd=4) | grad=1.134 | tok/s=25,991 | tokens=3.73B
step=113770 | loss=2.9743 | lr=3.00e-04 | wd=0.0254 | mom=0.9500 | T=6.0 k=3.2 (mu_rec=8 mu_bwd=4) | grad=1.569 | tok/s=24,122 | tokens=3.73B
step=113780 | loss=2.9964 | lr=3.00e-04 | wd=0.0254 | mom=0.9500 | T=11.0 k=4.0 (mu_rec=8 mu_bwd=4) | grad=1.198 | tok/s=22,989 | tokens=3.73B
step=113790 | loss=3.3251 | lr=3.00e-04 | wd=0.0254 | mom=0.9500 | T=7.2 k=3.5 (mu_rec=8 mu_bwd=4) | grad=1.159 | tok/s=25,290 | tokens=3.73B
step=113800 | loss=3.2235 | lr=3.00e-04 | wd=0.0254 | mom=0.9500 | T=10.2 k=3.5 (mu_rec=8 mu_bwd=4) | grad=1.012 | tok/s=23,778 | tokens=3.73B
step=113810 | loss=3.0677 | lr=3.00e-04 | wd=0.0254 | mom=0.9500 | T=8.8 k=4.0 (mu_rec=8 mu_bwd=4) | grad=0.825 | tok/s=22,578 | tokens=3.73B
step=113820 | loss=2.9387 | lr=3.00e-04 | wd=0.0254 | mom=0.9500 | T=7.5 k=4.0 (mu_rec=8 mu_bwd=4) | grad=1.888 | tok/s=24,745 | tokens=3.73B
step=113830 | loss=3.0720 | lr=3.00e-04 | wd=0.0254 | mom=0.9500 | T=11.2 k=4.0 (mu_rec=8 mu_bwd=4) | grad=0.993 | tok/s=21,998 | tokens=3.73B
step=113840 | loss=2.9289 | lr=3.00e-04 | wd=0.0254 | mom=0.9500 | T=8.8 k=4.0 (mu_rec=8 mu_bwd=4) | grad=1.075 | tok/s=24,057 | tokens=3.73B
step=113850 | loss=3.0918 | lr=3.00e-04 | wd=0.0254 | mom=0.9500 | T=10.0 k=3.8 (mu_rec=8 mu_bwd=4) | grad=1.286 | tok/s=23,437 | tokens=3.73B
step=113860 | loss=2.9873 | lr=3.00e-04 | wd=0.0254 | mom=0.9500 | T=4.8 k=3.8 (mu_rec=8 mu_bwd=4) | grad=1.009 | tok/s=23,295 | tokens=3.73B
step=113870 | loss=3.0931 | lr=3.00e-04 | wd=0.0254 | mom=0.9500 | T=7.2 k=3.0 (mu_rec=8 mu_bwd=4) | grad=0.917 | tok/s=25,207 | tokens=3.73B
step=113880 | loss=3.2819 | lr=3.00e-04 | wd=0.0254 | mom=0.9500 | T=8.5 k=4.0 (mu_rec=8 mu_bwd=4) | grad=1.137 | tok/s=23,467 | tokens=3.73B
step=113890 | loss=3.0670 | lr=3.00e-04 | wd=0.0254 | mom=0.9500 | T=8.2 k=4.0 (mu_rec=8 mu_bwd=4) | grad=1.264 | tok/s=23,261 | tokens=3.73B
step=113900 | loss=3.3573 | lr=3.00e-04 | wd=0.0254 | mom=0.9500 | T=4.5 k=3.5 (mu_rec=8 mu_bwd=4) | grad=1.126 | tok/s=21,948 | tokens=3.73B
step=113910 | loss=3.2102 | lr=3.00e-04 | wd=0.0253 | mom=0.9500 | T=5.2 k=3.5 (mu_rec=8 mu_bwd=4) | grad=1.165 | tok/s=24,165 | tokens=3.73B
step=113920 | loss=3.0017 | lr=3.00e-04 | wd=0.0253 | mom=0.9500 | T=6.0 k=3.0 (mu_rec=8 mu_bwd=4) | grad=1.118 | tok/s=23,529 | tokens=3.73B
step=113930 | loss=3.3312 | lr=3.00e-04 | wd=0.0253 | mom=0.9500 | T=10.5 k=4.0 (mu_rec=8 mu_bwd=4) | grad=0.945 | tok/s=22,308 | tokens=3.73B
step=113940 | loss=3.8837 | lr=3.00e-04 | wd=0.0253 | mom=0.9500 | T=8.0 k=3.8 (mu_rec=8 mu_bwd=4) | grad=1.031 | tok/s=22,964 | tokens=3.73B
step=113950 | loss=3.6621 | lr=3.00e-04 | wd=0.0253 | mom=0.9500 | T=8.8 k=3.5 (mu_rec=8 mu_bwd=4) | grad=0.914 | tok/s=22,298 | tokens=3.73B
step=113960 | loss=3.0913 | lr=3.00e-04 | wd=0.0253 | mom=0.9500 | T=15.8 k=4.0 (mu_rec=8 mu_bwd=4) | grad=0.757 | tok/s=22,719 | tokens=3.73B
step=113970 | loss=3.0628 | lr=3.00e-04 | wd=0.0253 | mom=0.9500 | T=9.0 k=3.8 (mu_rec=8 mu_bwd=4) | grad=1.057 | tok/s=23,155 | tokens=3.73B
step=113980 | loss=3.4272 | lr=3.00e-04 | wd=0.0253 | mom=0.9500 | T=10.2 k=4.0 (mu_rec=8 mu_bwd=4) | grad=1.457 | tok/s=24,238 | tokens=3.73B
step=113990 | loss=3.5673 | lr=3.00e-04 | wd=0.0253 | mom=0.9500 | T=9.2 k=4.0 (mu_rec=8 mu_bwd=4) | grad=0.990 | tok/s=22,340 | tokens=3.74B
step=114000 | loss=3.0416 | lr=3.00e-04 | wd=0.0253 | mom=0.9500 | T=5.8 k=4.0 (mu_rec=8 mu_bwd=4) | grad=1.154 | tok/s=23,052 | tokens=3.74B
[step 114000] Saved -> runs/cortex-5b-k4/checkpoint_0114000
[step 114000] Pruned -> runs/cortex-5b-k4/checkpoint_0108000
step=114010 | loss=3.1742 | lr=3.00e-04 | wd=0.0253 | mom=0.9500 | T=6.5 k=3.8 (mu_rec=8 mu_bwd=4) | grad=0.907 | tok/s=20,025 | tokens=3.74B
step=114020 | loss=3.3887 | lr=3.00e-04 | wd=0.0253 | mom=0.9500 | T=5.5 k=4.0 (mu_rec=8 mu_bwd=4) | grad=0.937 | tok/s=23,865 | tokens=3.74B
step=114030 | loss=2.8737 | lr=3.00e-04 | wd=0.0253 | mom=0.9500 | T=11.2 k=3.8 (mu_rec=8 mu_bwd=4) | grad=0.924 | tok/s=22,258 | tokens=3.74B
step=114040 | loss=2.5945 | lr=3.00e-04 | wd=0.0253 | mom=0.9500 | T=8.2 k=4.0 (mu_rec=8 mu_bwd=4) | grad=0.858 | tok/s=10,036 | tokens=3.74B
step=114050 | loss=3.2940 | lr=3.00e-04 | wd=0.0253 | mom=0.9500 | T=4.8 k=3.2 (mu_rec=8 mu_bwd=4) | grad=0.927 | tok/s=23,809 | tokens=3.74B
step=114060 | loss=2.9609 | lr=3.00e-04 | wd=0.0252 | mom=0.9500 | T=7.5 k=4.0 (mu_rec=8 mu_bwd=4) | grad=1.600 | tok/s=21,787 | tokens=3.74B
step=114070 | loss=2.9661 | lr=3.00e-04 | wd=0.0252 | mom=0.9500 | T=7.5 k=3.8 (mu_rec=8 mu_bwd=4) | grad=1.268 | tok/s=24,090 | tokens=3.74B
step=114080 | loss=3.2224 | lr=3.00e-04 | wd=0.0252 | mom=0.9500 | T=7.8 k=3.8 (mu_rec=8 mu_bwd=4) | grad=1.222 | tok/s=23,710 | tokens=3.74B
step=114090 | loss=3.3076 | lr=3.00e-04 | wd=0.0252 | mom=0.9500 | T=6.8 k=3.8 (mu_rec=8 mu_bwd=4) | grad=0.852 | tok/s=24,123 | tokens=3.74B
step=114100 | loss=3.2374 | lr=3.00e-04 | wd=0.0252 | mom=0.9500 | T=8.5 k=4.0 (mu_rec=8 mu_bwd=4) | grad=1.165 | tok/s=23,593 | tokens=3.74B
step=114110 | loss=3.2339 | lr=3.00e-04 | wd=0.0252 | mom=0.9500 | T=5.5 k=3.5 (mu_rec=8 mu_bwd=4) | grad=1.192 | tok/s=23,394 | tokens=3.74B
step=114120 | loss=3.1554 | lr=3.00e-04 | wd=0.0252 | mom=0.9500 | T=5.2 k=4.0 (mu_rec=8 mu_bwd=4) | grad=0.811 | tok/s=23,344 | tokens=3.74B
step=114130 | loss=3.1762 | lr=3.00e-04 | wd=0.0252 | mom=0.9500 | T=8.5 k=3.0 (mu_rec=8 mu_bwd=4) | grad=1.756 | tok/s=24,795 | tokens=3.74B
step=114140 | loss=3.3323 | lr=3.00e-04 | wd=0.0252 | mom=0.9500 | T=8.5 k=4.0 (mu_rec=8 mu_bwd=4) | grad=1.122 | tok/s=23,280 | tokens=3.74B
step=114150 | loss=3.3097 | lr=3.00e-04 | wd=0.0252 | mom=0.9500 | T=8.5 k=3.8 (mu_rec=8 mu_bwd=4) | grad=1.096 | tok/s=24,012 | tokens=3.74B
step=114160 | loss=3.2588 | lr=3.00e-04 | wd=0.0252 | mom=0.9500 | T=9.8 k=3.5 (mu_rec=8 mu_bwd=4) | grad=0.904 | tok/s=24,707 | tokens=3.74B
step=114170 | loss=3.0648 | lr=3.00e-04 | wd=0.0252 | mom=0.9500 | T=13.8 k=4.0 (mu_rec=8 mu_bwd=4) | grad=0.979 | tok/s=23,163 | tokens=3.74B
step=114180 | loss=2.9150 | lr=3.00e-04 | wd=0.0252 | mom=0.9500 | T=4.2 k=3.5 (mu_rec=8 mu_bwd=4) | grad=1.435 | tok/s=23,387 | tokens=3.74B
step=114190 | loss=3.5093 | lr=3.00e-04 | wd=0.0252 | mom=0.9500 | T=12.0 k=4.0 (mu_rec=8 mu_bwd=4) | grad=1.498 | tok/s=23,200 | tokens=3.74B
step=114200 | loss=2.9331 | lr=3.00e-04 | wd=0.0252 | mom=0.9500 | T=4.2 k=3.5 (mu_rec=8 mu_bwd=4) | grad=1.436 | tok/s=23,145 | tokens=3.74B
step=114210 | loss=3.2826 | lr=3.00e-04 | wd=0.0252 | mom=0.9500 | T=9.8 k=4.0 (mu_rec=8 mu_bwd=4) | grad=1.087 | tok/s=24,645 | tokens=3.74B
step=114220 | loss=3.1033 | lr=3.00e-04 | wd=0.0251 | mom=0.9500 | T=8.0 k=3.0 (mu_rec=8 mu_bwd=4) | grad=1.046 | tok/s=23,858 | tokens=3.74B
step=114230 | loss=3.1625 | lr=3.00e-04 | wd=0.0251 | mom=0.9500 | T=6.8 k=3.8 (mu_rec=8 mu_bwd=4) | grad=2.041 | tok/s=23,927 | tokens=3.74B
step=114240 | loss=3.1451 | lr=3.00e-04 | wd=0.0251 | mom=0.9500 | T=3.5 k=2.2 (mu_rec=8 mu_bwd=4) | grad=1.036 | tok/s=25,274 | tokens=3.74B
step=114250 | loss=3.4217 | lr=3.00e-04 | wd=0.0251 | mom=0.9500 | T=6.2 k=4.0 (mu_rec=8 mu_bwd=4) | grad=1.234 | tok/s=23,453 | tokens=3.74B
step=114260 | loss=3.2118 | lr=3.00e-04 | wd=0.0251 | mom=0.9500 | T=7.5 k=4.0 (mu_rec=8 mu_bwd=4) | grad=0.899 | tok/s=22,988 | tokens=3.74B
step=114270 | loss=3.0192 | lr=3.00e-04 | wd=0.0251 | mom=0.9500 | T=8.2 k=3.5 (mu_rec=8 mu_bwd=4) | grad=1.237 | tok/s=23,650 | tokens=3.74B
step=114280 | loss=3.9424 | lr=3.00e-04 | wd=0.0251 | mom=0.9500 | T=8.0 k=4.0 (mu_rec=8 mu_bwd=4) | grad=2.328 | tok/s=23,431 | tokens=3.74B
step=114290 | loss=3.6975 | lr=3.00e-04 | wd=0.0251 | mom=0.9500 | T=10.2 k=3.5 (mu_rec=8 mu_bwd=4) | grad=2.003 | tok/s=23,141 | tokens=3.75B
step=114300 | loss=3.0248 | lr=3.00e-04 | wd=0.0251 | mom=0.9500 | T=6.2 k=3.8 (mu_rec=8 mu_bwd=4) | grad=0.931 | tok/s=24,287 | tokens=3.75B
step=114310 | loss=3.1563 | lr=3.00e-04 | wd=0.0251 | mom=0.9500 | T=10.5 k=4.0 (mu_rec=8 mu_bwd=4) | grad=2.247 | tok/s=22,415 | tokens=3.75B
step=114320 | loss=3.5188 | lr=3.00e-04 | wd=0.0251 | mom=0.9500 | T=7.2 k=4.0 (mu_rec=8 mu_bwd=4) | grad=4.058 | tok/s=24,211 | tokens=3.75B
step=114330 | loss=3.6371 | lr=3.00e-04 | wd=0.0251 | mom=0.9500 | T=5.2 k=3.0 (mu_rec=8 mu_bwd=4) | grad=5.252 | tok/s=23,904 | tokens=3.75B
step=114340 | loss=3.1123 | lr=3.00e-04 | wd=0.0251 | mom=0.9500 | T=8.5 k=3.8 (mu_rec=8 mu_bwd=4) | grad=0.887 | tok/s=23,137 | tokens=3.75B
step=114350 | loss=3.1924 | lr=3.00e-04 | wd=0.0251 | mom=0.9500 | T=9.0 k=4.0 (mu_rec=8 mu_bwd=4) | grad=1.043 | tok/s=22,804 | tokens=3.75B
step=114360 | loss=3.2508 | lr=3.00e-04 | wd=0.0251 | mom=0.9500 | T=6.5 k=3.2 (mu_rec=8 mu_bwd=4) | grad=1.806 | tok/s=25,010 | tokens=3.75B
step=114370 | loss=3.0640 | lr=3.00e-04 | wd=0.0250 | mom=0.9500 | T=7.0 k=3.8 (mu_rec=8 mu_bwd=4) | grad=1.006 | tok/s=25,137 | tokens=3.75B
step=114380 | loss=2.9944 | lr=3.00e-04 | wd=0.0250 | mom=0.9500 | T=6.5 k=3.2 (mu_rec=8 mu_bwd=4) | grad=0.936 | tok/s=21,809 | tokens=3.75B
step=114390 | loss=2.8545 | lr=3.00e-04 | wd=0.0250 | mom=0.9500 | T=6.8 k=4.0 (mu_rec=8 mu_bwd=4) | grad=1.073 | tok/s=23,227 | tokens=3.75B
step=114400 | loss=2.8608 | lr=3.00e-04 | wd=0.0250 | mom=0.9500 | T=5.8 k=3.5 (mu_rec=8 mu_bwd=4) | grad=1.004 | tok/s=26,331 | tokens=3.75B
step=114410 | loss=3.1817 | lr=3.00e-04 | wd=0.0250 | mom=0.9500 | T=6.5 k=3.5 (mu_rec=8 mu_bwd=4) | grad=1.580 | tok/s=23,780 | tokens=3.75B
step=114420 | loss=3.0303 | lr=3.00e-04 | wd=0.0250 | mom=0.9500 | T=8.2 k=4.0 (mu_rec=8 mu_bwd=4) | grad=0.895 | tok/s=22,258 | tokens=3.75B
step=114430 | loss=3.2210 | lr=3.00e-04 | wd=0.0250 | mom=0.9500 | T=7.8 k=4.0 (mu_rec=8 mu_bwd=4) | grad=0.921 | tok/s=23,486 | tokens=3.75B
[step 114438] Saved -> runs/cortex-5b-k4/checkpoint_0114438
[step 114438] Pruned -> runs/cortex-5b-k4/checkpoint_0110000
Training complete. 3.75B tokens, 114438 steps.
---------------------------------------
Begin Slurm Epilog: Jul-01-2026 15:44:37
Job ID:        10647563
User ID:       hjiang420
Account:       gts-aivanova7-lab
Job name:      job5b2_resume.sh
Resources:     cpu=8,gres/gpu:a100=1,mem=64G,node=1
Rsrc Used:     cput=5-02:29:20,vmem=0,walltime=15:18:40,mem=8024728K,energy_used=0
Partition:     gpu-a100
QOS:           inferno
Nodes:         atl1-1-01-006-1-0
---------------------------------------
