---------------------------------------
Begin Slurm Prolog: Jun-25-2026 11:32:03
Job ID:    10414762
User ID:   hjiang420
Account:   gts-aivanova7-lab
Job name:  job5b_pythia_resume.sh
Partition: gpu-a100
QOS:       inferno
---------------------------------------
Resuming from: runs/pythia-5b/checkpoint_0152584
Tokens so far: 4999872512 | Training until: 6249872512
Warning: You are sending unauthenticated requests to the HF Hub. Please set a HF_TOKEN to enable higher rate limits and faster downloads.
Loading EleutherAI/pythia-160m ...
Params: 162,322,944 total, 162,322,944 trainable
Arch: pythia (training_mode=pythia)
Grad checkpointing: False
Effective batch: 32768 tokens = 16 seqs x 2048 tok
Grad accum: 4 | Cross-chunks: 1 | World size: 1
Stop at step: 190,730 | Schedule horizon: 152,587 | Warmup: 1525 | Cooldown: 15258
Resumed from step 152584, 4,999,872,512 tokens
`trust_remote_code` is not supported anymore.
Please check that the Hugging Face dataset 'EleutherAI/the_pile_deduplicated' isn't based on a loading script and remove `trust_remote_code`.
If the dataset is based on a loading script, please ask the dataset author to remove it and convert it to a standard format like Parquet.
`trust_remote_code` is not supported anymore.
Please check that the Hugging Face dataset 'EleutherAI/the_pile_deduplicated' isn't based on a loading script and remove `trust_remote_code`.
If the dataset is based on a loading script, please ask the dataset author to remove it and convert it to a standard format like Parquet.
wandb: [wandb.login()] Loaded credentials for https://api.wandb.ai from /storage/home/hcoda1/3/hjiang420/.netrc.
wandb: Currently logged in as: henryyjiang42 (henryyjiang42-georgia-institute-of-technology) to https://api.wandb.ai. Use `wandb login --relogin` to force relogin
wandb: setting up run tpwcrqul
wandb: Tracking run with wandb version 0.27.0
wandb: Run data is saved locally in runs/pythia-5b/wandb/run-20260625_113231-tpwcrqul
wandb: Run `wandb offline` to turn off syncing.
wandb: Resuming run pythia-5b
wandb: ⭐️ View project at https://wandb.ai/henryyjiang42-georgia-institute-of-technology/cortex-gpt
wandb: 🚀 View run at https://wandb.ai/henryyjiang42-georgia-institute-of-technology/cortex-gpt/runs/tpwcrqul
step=152590 | loss=2.4653 | lr=3.00e-05 | wd=0.0000 | mom=0.9500 | T=1.0 k=1.0 (mu_rec=1 mu_bwd=1) | grad=2.609 | tok/s=8,711 | tokens=5.00B
step=152600 | loss=4.3004 | lr=3.00e-05 | wd=0.0000 | mom=0.9500 | T=1.0 k=1.0 (mu_rec=1 mu_bwd=1) | grad=3.172 | tok/s=89,734 | tokens=5.00B
step=152610 | loss=4.3793 | lr=3.00e-05 | wd=0.0000 | mom=0.9500 | T=1.0 k=1.0 (mu_rec=1 mu_bwd=1) | grad=4.094 | tok/s=89,617 | tokens=5.00B
step=152620 | loss=4.4683 | lr=3.00e-05 | wd=0.0000 | mom=0.9500 | T=1.0 k=1.0 (mu_rec=1 mu_bwd=1) | grad=3.578 | tok/s=89,328 | tokens=5.00B
step=152630 | loss=4.3882 | lr=3.00e-05 | wd=0.0000 | mom=0.9500 | T=1.0 k=1.0 (mu_rec=1 mu_bwd=1) | grad=3.328 | tok/s=89,202 | tokens=5.00B
step=152640 | loss=4.0989 | lr=3.00e-05 | wd=0.0000 | mom=0.9500 | T=1.0 k=1.0 (mu_rec=1 mu_bwd=1) | grad=2.375 | tok/s=89,063 | tokens=5.00B
step=152650 | loss=4.2291 | lr=3.00e-05 | wd=0.0000 | mom=0.9500 | T=1.0 k=1.0 (mu_rec=1 mu_bwd=1) | grad=2.969 | tok/s=88,821 | tokens=5.00B
step=152660 | loss=4.2639 | lr=3.00e-05 | wd=0.0000 | mom=0.9500 | T=1.0 k=1.0 (mu_rec=1 mu_bwd=1) | grad=5.031 | tok/s=88,727 | tokens=5.00B
step=152670 | loss=4.3091 | lr=3.00e-05 | wd=0.0000 | mom=0.9500 | T=1.0 k=1.0 (mu_rec=1 mu_bwd=1) | grad=5.031 | tok/s=88,518 | tokens=5.00B
step=152680 | loss=4.3417 | lr=3.00e-05 | wd=0.0000 | mom=0.9500 | T=1.0 k=1.0 (mu_rec=1 mu_bwd=1) | grad=3.156 | tok/s=88,354 | tokens=5.00B
step=152690 | loss=4.2824 | lr=3.00e-05 | wd=0.0000 | mom=0.9500 | T=1.0 k=1.0 (mu_rec=1 mu_bwd=1) | grad=3.438 | tok/s=88,202 | tokens=5.00B
step=152700 | loss=4.3924 | lr=3.00e-05 | wd=0.0000 | mom=0.9500 | T=1.0 k=1.0 (mu_rec=1 mu_bwd=1) | grad=4.781 | tok/s=88,161 | tokens=5.00B
step=152710 | loss=4.2838 | lr=3.00e-05 | wd=0.0000 | mom=0.9500 | T=1.0 k=1.0 (mu_rec=1 mu_bwd=1) | grad=4.062 | tok/s=88,034 | tokens=5.00B
step=152720 | loss=4.0538 | lr=3.00e-05 | wd=0.0000 | mom=0.9500 | T=1.0 k=1.0 (mu_rec=1 mu_bwd=1) | grad=5.719 | tok/s=87,822 | tokens=5.00B
step=152730 | loss=4.2526 | lr=3.01e-05 | wd=0.0000 | mom=0.9500 | T=1.0 k=1.0 (mu_rec=1 mu_bwd=1) | grad=2.875 | tok/s=87,668 | tokens=5.00B
step=152740 | loss=4.2713 | lr=3.01e-05 | wd=0.0000 | mom=0.9500 | T=1.0 k=1.0 (mu_rec=1 mu_bwd=1) | grad=4.031 | tok/s=87,591 | tokens=5.00B
step=152750 | loss=4.2547 | lr=3.01e-05 | wd=0.0000 | mom=0.9500 | T=1.0 k=1.0 (mu_rec=1 mu_bwd=1) | grad=3.188 | tok/s=87,389 | tokens=5.01B
step=152760 | loss=4.2424 | lr=3.01e-05 | wd=0.0000 | mom=0.9500 | T=1.0 k=1.0 (mu_rec=1 mu_bwd=1) | grad=5.719 | tok/s=87,316 | tokens=5.01B
step=152770 | loss=4.3073 | lr=3.01e-05 | wd=0.0000 | mom=0.9500 | T=1.0 k=1.0 (mu_rec=1 mu_bwd=1) | grad=2.594 | tok/s=87,125 | tokens=5.01B
step=152780 | loss=4.1259 | lr=3.01e-05 | wd=0.0000 | mom=0.9500 | T=1.0 k=1.0 (mu_rec=1 mu_bwd=1) | grad=3.328 | tok/s=87,107 | tokens=5.01B
step=152790 | loss=4.3187 | lr=3.01e-05 | wd=0.0000 | mom=0.9500 | T=1.0 k=1.0 (mu_rec=1 mu_bwd=1) | grad=3.328 | tok/s=86,901 | tokens=5.01B
step=152800 | loss=4.2667 | lr=3.01e-05 | wd=0.0000 | mom=0.9500 | T=1.0 k=1.0 (mu_rec=1 mu_bwd=1) | grad=3.094 | tok/s=86,816 | tokens=5.01B
step=152810 | loss=4.2570 | lr=3.01e-05 | wd=0.0000 | mom=0.9500 | T=1.0 k=1.0 (mu_rec=1 mu_bwd=1) | grad=3.188 | tok/s=86,749 | tokens=5.01B
step=152820 | loss=4.1010 | lr=3.02e-05 | wd=0.0000 | mom=0.9500 | T=1.0 k=1.0 (mu_rec=1 mu_bwd=1) | grad=3.469 | tok/s=86,733 | tokens=5.01B
step=152830 | loss=4.0589 | lr=3.02e-05 | wd=0.0000 | mom=0.9500 | T=1.0 k=1.0 (mu_rec=1 mu_bwd=1) | grad=2.406 | tok/s=86,663 | tokens=5.01B
step=152840 | loss=4.3345 | lr=3.02e-05 | wd=0.0000 | mom=0.9500 | T=1.0 k=1.0 (mu_rec=1 mu_bwd=1) | grad=3.641 | tok/s=86,386 | tokens=5.01B
step=152850 | loss=4.3530 | lr=3.02e-05 | wd=0.0000 | mom=0.9500 | T=1.0 k=1.0 (mu_rec=1 mu_bwd=1) | grad=2.984 | tok/s=86,497 | tokens=5.01B
step=152860 | loss=4.4527 | lr=3.02e-05 | wd=0.0000 | mom=0.9500 | T=1.0 k=1.0 (mu_rec=1 mu_bwd=1) | grad=3.000 | tok/s=86,340 | tokens=5.01B
step=152870 | loss=4.2425 | lr=3.02e-05 | wd=0.0000 | mom=0.9500 | T=1.0 k=1.0 (mu_rec=1 mu_bwd=1) | grad=2.516 | tok/s=86,509 | tokens=5.01B
step=152880 | loss=4.1427 | lr=3.02e-05 | wd=0.0000 | mom=0.9500 | T=1.0 k=1.0 (mu_rec=1 mu_bwd=1) | grad=4.094 | tok/s=86,344 | tokens=5.01B
step=152890 | loss=4.2049 | lr=3.03e-05 | wd=0.0000 | mom=0.9500 | T=1.0 k=1.0 (mu_rec=1 mu_bwd=1) | grad=2.891 | tok/s=86,565 | tokens=5.01B
step=152900 | loss=4.4187 | lr=3.03e-05 | wd=0.0000 | mom=0.9500 | T=1.0 k=1.0 (mu_rec=1 mu_bwd=1) | grad=2.938 | tok/s=86,633 | tokens=5.01B
step=152910 | loss=4.3501 | lr=3.03e-05 | wd=0.0000 | mom=0.9500 | T=1.0 k=1.0 (mu_rec=1 mu_bwd=1) | grad=3.188 | tok/s=86,810 | tokens=5.01B
step=152920 | loss=4.4079 | lr=3.03e-05 | wd=0.0000 | mom=0.9500 | T=1.0 k=1.0 (mu_rec=1 mu_bwd=1) | grad=4.750 | tok/s=86,765 | tokens=5.01B
step=152930 | loss=4.3807 | lr=3.03e-05 | wd=0.0000 | mom=0.9500 | T=1.0 k=1.0 (mu_rec=1 mu_bwd=1) | grad=3.531 | tok/s=86,925 | tokens=5.01B
step=152940 | loss=4.4522 | lr=3.04e-05 | wd=0.0000 | mom=0.9500 | T=1.0 k=1.0 (mu_rec=1 mu_bwd=1) | grad=2.594 | tok/s=86,969 | tokens=5.01B
step=152950 | loss=4.4473 | lr=3.04e-05 | wd=0.0000 | mom=0.9500 | T=1.0 k=1.0 (mu_rec=1 mu_bwd=1) | grad=3.969 | tok/s=86,950 | tokens=5.01B
step=152960 | loss=4.5178 | lr=3.04e-05 | wd=0.0000 | mom=0.9500 | T=1.0 k=1.0 (mu_rec=1 mu_bwd=1) | grad=3.688 | tok/s=87,103 | tokens=5.01B
step=152970 | loss=4.3471 | lr=3.04e-05 | wd=0.0000 | mom=0.9500 | T=1.0 k=1.0 (mu_rec=1 mu_bwd=1) | grad=7.469 | tok/s=87,146 | tokens=5.01B
step=152980 | loss=4.5172 | lr=3.04e-05 | wd=0.0000 | mom=0.9500 | T=1.0 k=1.0 (mu_rec=1 mu_bwd=1) | grad=3.438 | tok/s=87,152 | tokens=5.01B
step=152990 | loss=4.3973 | lr=3.05e-05 | wd=0.0000 | mom=0.9500 | T=1.0 k=1.0 (mu_rec=1 mu_bwd=1) | grad=5.031 | tok/s=87,361 | tokens=5.01B
step=153000 | loss=4.2055 | lr=3.05e-05 | wd=0.0000 | mom=0.9500 | T=1.0 k=1.0 (mu_rec=1 mu_bwd=1) | grad=3.391 | tok/s=87,234 | tokens=5.01B
step=153010 | loss=4.4095 | lr=3.05e-05 | wd=0.0000 | mom=0.9500 | T=1.0 k=1.0 (mu_rec=1 mu_bwd=1) | grad=3.734 | tok/s=87,377 | tokens=5.01B
step=153020 | loss=4.2907 | lr=3.05e-05 | wd=0.0000 | mom=0.9500 | T=1.0 k=1.0 (mu_rec=1 mu_bwd=1) | grad=6.625 | tok/s=87,356 | tokens=5.01B
step=153030 | loss=4.5081 | lr=3.06e-05 | wd=0.0000 | mom=0.9500 | T=1.0 k=1.0 (mu_rec=1 mu_bwd=1) | grad=2.703 | tok/s=87,419 | tokens=5.01B
step=153040 | loss=4.4654 | lr=3.06e-05 | wd=0.0000 | mom=0.9500 | T=1.0 k=1.0 (mu_rec=1 mu_bwd=1) | grad=2.609 | tok/s=87,438 | tokens=5.01B
step=153050 | loss=4.1350 | lr=3.06e-05 | wd=0.0000 | mom=0.9500 | T=1.0 k=1.0 (mu_rec=1 mu_bwd=1) | grad=3.641 | tok/s=87,356 | tokens=5.02B
step=153060 | loss=4.3466 | lr=3.06e-05 | wd=0.0000 | mom=0.9500 | T=1.0 k=1.0 (mu_rec=1 mu_bwd=1) | grad=3.812 | tok/s=87,529 | tokens=5.02B
step=153070 | loss=4.3567 | lr=3.07e-05 | wd=0.0000 | mom=0.9500 | T=1.0 k=1.0 (mu_rec=1 mu_bwd=1) | grad=6.312 | tok/s=87,567 | tokens=5.02B
step=153080 | loss=4.3581 | lr=3.07e-05 | wd=0.0000 | mom=0.9500 | T=1.0 k=1.0 (mu_rec=1 mu_bwd=1) | grad=4.062 | tok/s=87,517 | tokens=5.02B
step=153090 | loss=4.2683 | lr=3.07e-05 | wd=0.0000 | mom=0.9500 | T=1.0 k=1.0 (mu_rec=1 mu_bwd=1) | grad=3.406 | tok/s=87,499 | tokens=5.02B
step=153100 | loss=4.3512 | lr=3.07e-05 | wd=0.0000 | mom=0.9500 | T=1.0 k=1.0 (mu_rec=1 mu_bwd=1) | grad=2.641 | tok/s=87,471 | tokens=5.02B
step=153110 | loss=4.4641 | lr=3.08e-05 | wd=0.0000 | mom=0.9500 | T=1.0 k=1.0 (mu_rec=1 mu_bwd=1) | grad=2.625 | tok/s=87,510 | tokens=5.02B
step=153120 | loss=4.0707 | lr=3.08e-05 | wd=0.0000 | mom=0.9500 | T=1.0 k=1.0 (mu_rec=1 mu_bwd=1) | grad=3.094 | tok/s=87,510 | tokens=5.02B
step=153130 | loss=4.1628 | lr=3.08e-05 | wd=0.0000 | mom=0.9500 | T=1.0 k=1.0 (mu_rec=1 mu_bwd=1) | grad=3.156 | tok/s=87,515 | tokens=5.02B
step=153140 | loss=4.4305 | lr=3.09e-05 | wd=0.0000 | mom=0.9500 | T=1.0 k=1.0 (mu_rec=1 mu_bwd=1) | grad=3.500 | tok/s=87,588 | tokens=5.02B
step=153150 | loss=4.7158 | lr=3.09e-05 | wd=0.0000 | mom=0.9500 | T=1.0 k=1.0 (mu_rec=1 mu_bwd=1) | grad=3.750 | tok/s=87,431 | tokens=5.02B
step=153160 | loss=4.5802 | lr=3.09e-05 | wd=0.0000 | mom=0.9500 | T=1.0 k=1.0 (mu_rec=1 mu_bwd=1) | grad=5.188 | tok/s=87,516 | tokens=5.02B
step=153170 | loss=4.0993 | lr=3.10e-05 | wd=0.0000 | mom=0.9500 | T=1.0 k=1.0 (mu_rec=1 mu_bwd=1) | grad=3.469 | tok/s=87,570 | tokens=5.02B
step=153180 | loss=4.1084 | lr=3.10e-05 | wd=0.0000 | mom=0.9500 | T=1.0 k=1.0 (mu_rec=1 mu_bwd=1) | grad=4.375 | tok/s=87,543 | tokens=5.02B
step=153190 | loss=4.1795 | lr=3.10e-05 | wd=0.0000 | mom=0.9500 | T=1.0 k=1.0 (mu_rec=1 mu_bwd=1) | grad=4.406 | tok/s=87,535 | tokens=5.02B
step=153200 | loss=4.1941 | lr=3.11e-05 | wd=0.0000 | mom=0.9500 | T=1.0 k=1.0 (mu_rec=1 mu_bwd=1) | grad=2.656 | tok/s=87,624 | tokens=5.02B
step=153210 | loss=4.1549 | lr=3.11e-05 | wd=0.0000 | mom=0.9500 | T=1.0 k=1.0 (mu_rec=1 mu_bwd=1) | grad=2.875 | tok/s=87,593 | tokens=5.02B
step=153220 | loss=4.3775 | lr=3.11e-05 | wd=0.0000 | mom=0.9500 | T=1.0 k=1.0 (mu_rec=1 mu_bwd=1) | grad=3.047 | tok/s=87,545 | tokens=5.02B
step=153230 | loss=4.2516 | lr=3.12e-05 | wd=0.0000 | mom=0.9500 | T=1.0 k=1.0 (mu_rec=1 mu_bwd=1) | grad=2.547 | tok/s=87,579 | tokens=5.02B
step=153240 | loss=4.5412 | lr=3.12e-05 | wd=0.0000 | mom=0.9500 | T=1.0 k=1.0 (mu_rec=1 mu_bwd=1) | grad=3.422 | tok/s=87,510 | tokens=5.02B
step=153250 | loss=4.5546 | lr=3.13e-05 | wd=0.0000 | mom=0.9500 | T=1.0 k=1.0 (mu_rec=1 mu_bwd=1) | grad=3.250 | tok/s=87,593 | tokens=5.02B
step=153260 | loss=4.2472 | lr=3.13e-05 | wd=0.0000 | mom=0.9500 | T=1.0 k=1.0 (mu_rec=1 mu_bwd=1) | grad=3.219 | tok/s=87,586 | tokens=5.02B
step=153270 | loss=4.3448 | lr=3.13e-05 | wd=0.0000 | mom=0.9500 | T=1.0 k=1.0 (mu_rec=1 mu_bwd=1) | grad=3.188 | tok/s=87,701 | tokens=5.02B
step=153280 | loss=4.3603 | lr=3.14e-05 | wd=0.0000 | mom=0.9500 | T=1.0 k=1.0 (mu_rec=1 mu_bwd=1) | grad=4.281 | tok/s=87,546 | tokens=5.02B
step=153290 | loss=4.2529 | lr=3.14e-05 | wd=0.0000 | mom=0.9500 | T=1.0 k=1.0 (mu_rec=1 mu_bwd=1) | grad=2.484 | tok/s=87,711 | tokens=5.02B
step=153300 | loss=4.2049 | lr=3.14e-05 | wd=0.0000 | mom=0.9500 | T=1.0 k=1.0 (mu_rec=1 mu_bwd=1) | grad=2.891 | tok/s=87,620 | tokens=5.02B
step=153310 | loss=4.3561 | lr=3.15e-05 | wd=0.0000 | mom=0.9500 | T=1.0 k=1.0 (mu_rec=1 mu_bwd=1) | grad=3.516 | tok/s=87,695 | tokens=5.02B
step=153320 | loss=4.3132 | lr=3.15e-05 | wd=0.0000 | mom=0.9500 | T=1.0 k=1.0 (mu_rec=1 mu_bwd=1) | grad=4.625 | tok/s=87,674 | tokens=5.02B
step=153330 | loss=4.4385 | lr=3.16e-05 | wd=0.0000 | mom=0.9500 | T=1.0 k=1.0 (mu_rec=1 mu_bwd=1) | grad=3.766 | tok/s=87,738 | tokens=5.02B
step=153340 | loss=4.2894 | lr=3.16e-05 | wd=0.0000 | mom=0.9500 | T=1.0 k=1.0 (mu_rec=1 mu_bwd=1) | grad=2.828 | tok/s=87,655 | tokens=5.02B
step=153350 | loss=4.3016 | lr=3.17e-05 | wd=0.0000 | mom=0.9500 | T=1.0 k=1.0 (mu_rec=1 mu_bwd=1) | grad=4.094 | tok/s=87,663 | tokens=5.02B
step=153360 | loss=4.3854 | lr=3.17e-05 | wd=0.0000 | mom=0.9500 | T=1.0 k=1.0 (mu_rec=1 mu_bwd=1) | grad=4.281 | tok/s=87,626 | tokens=5.03B
step=153370 | loss=4.3832 | lr=3.17e-05 | wd=0.0000 | mom=0.9500 | T=1.0 k=1.0 (mu_rec=1 mu_bwd=1) | grad=2.750 | tok/s=87,523 | tokens=5.03B
step=153380 | loss=4.1746 | lr=3.18e-05 | wd=0.0000 | mom=0.9500 | T=1.0 k=1.0 (mu_rec=1 mu_bwd=1) | grad=2.594 | tok/s=87,547 | tokens=5.03B
step=153390 | loss=4.1286 | lr=3.18e-05 | wd=0.0000 | mom=0.9500 | T=1.0 k=1.0 (mu_rec=1 mu_bwd=1) | grad=6.250 | tok/s=87,547 | tokens=5.03B
step=153400 | loss=4.1861 | lr=3.19e-05 | wd=0.0000 | mom=0.9500 | T=1.0 k=1.0 (mu_rec=1 mu_bwd=1) | grad=2.828 | tok/s=87,630 | tokens=5.03B
step=153410 | loss=4.2881 | lr=3.19e-05 | wd=0.0000 | mom=0.9500 | T=1.0 k=1.0 (mu_rec=1 mu_bwd=1) | grad=3.375 | tok/s=87,715 | tokens=5.03B
step=153420 | loss=4.1648 | lr=3.20e-05 | wd=0.0000 | mom=0.9500 | T=1.0 k=1.0 (mu_rec=1 mu_bwd=1) | grad=3.438 | tok/s=9,206 | tokens=5.03B
step=153430 | loss=4.1084 | lr=3.20e-05 | wd=0.0000 | mom=0.9500 | T=1.0 k=1.0 (mu_rec=1 mu_bwd=1) | grad=3.672 | tok/s=9,078 | tokens=5.03B
step=153440 | loss=4.2259 | lr=3.21e-05 | wd=0.0000 | mom=0.9500 | T=1.0 k=1.0 (mu_rec=1 mu_bwd=1) | grad=3.453 | tok/s=89,465 | tokens=5.03B
step=153450 | loss=4.1552 | lr=3.21e-05 | wd=0.0000 | mom=0.9500 | T=1.0 k=1.0 (mu_rec=1 mu_bwd=1) | grad=2.828 | tok/s=89,170 | tokens=5.03B
step=153460 | loss=4.3559 | lr=3.22e-05 | wd=0.0000 | mom=0.9500 | T=1.0 k=1.0 (mu_rec=1 mu_bwd=1) | grad=2.781 | tok/s=89,102 | tokens=5.03B
step=153470 | loss=4.1572 | lr=3.22e-05 | wd=0.0000 | mom=0.9500 | T=1.0 k=1.0 (mu_rec=1 mu_bwd=1) | grad=3.516 | tok/s=88,788 | tokens=5.03B
step=153480 | loss=4.0292 | lr=3.23e-05 | wd=0.0000 | mom=0.9500 | T=1.0 k=1.0 (mu_rec=1 mu_bwd=1) | grad=3.109 | tok/s=88,699 | tokens=5.03B
step=153490 | loss=4.3174 | lr=3.23e-05 | wd=0.0000 | mom=0.9500 | T=1.0 k=1.0 (mu_rec=1 mu_bwd=1) | grad=6.125 | tok/s=88,607 | tokens=5.03B
step=153500 | loss=4.5742 | lr=3.24e-05 | wd=0.0000 | mom=0.9500 | T=1.0 k=1.0 (mu_rec=1 mu_bwd=1) | grad=2.719 | tok/s=88,380 | tokens=5.03B
step=153510 | loss=4.5688 | lr=3.24e-05 | wd=0.0000 | mom=0.9500 | T=1.0 k=1.0 (mu_rec=1 mu_bwd=1) | grad=4.125 | tok/s=88,142 | tokens=5.03B
step=153520 | loss=4.4709 | lr=3.25e-05 | wd=0.0000 | mom=0.9500 | T=1.0 k=1.0 (mu_rec=1 mu_bwd=1) | grad=2.734 | tok/s=88,083 | tokens=5.03B
step=153530 | loss=4.4734 | lr=3.25e-05 | wd=0.0000 | mom=0.9500 | T=1.0 k=1.0 (mu_rec=1 mu_bwd=1) | grad=3.844 | tok/s=87,852 | tokens=5.03B
step=153540 | loss=4.3829 | lr=3.26e-05 | wd=0.0000 | mom=0.9500 | T=1.0 k=1.0 (mu_rec=1 mu_bwd=1) | grad=7.219 | tok/s=87,812 | tokens=5.03B
step=153550 | loss=4.2198 | lr=3.26e-05 | wd=0.0000 | mom=0.9500 | T=1.0 k=1.0 (mu_rec=1 mu_bwd=1) | grad=2.625 | tok/s=87,796 | tokens=5.03B
step=153560 | loss=4.0594 | lr=3.27e-05 | wd=0.0000 | mom=0.9500 | T=1.0 k=1.0 (mu_rec=1 mu_bwd=1) | grad=5.562 | tok/s=87,470 | tokens=5.03B
step=153570 | loss=4.2635 | lr=3.28e-05 | wd=0.0000 | mom=0.9500 | T=1.0 k=1.0 (mu_rec=1 mu_bwd=1) | grad=3.219 | tok/s=87,395 | tokens=5.03B
step=153580 | loss=4.2505 | lr=3.28e-05 | wd=0.0000 | mom=0.9500 | T=1.0 k=1.0 (mu_rec=1 mu_bwd=1) | grad=7.656 | tok/s=87,370 | tokens=5.03B
step=153590 | loss=4.1521 | lr=3.29e-05 | wd=0.0000 | mom=0.9500 | T=1.0 k=1.0 (mu_rec=1 mu_bwd=1) | grad=3.375 | tok/s=87,139 | tokens=5.03B
step=153600 | loss=4.1930 | lr=3.29e-05 | wd=0.0000 | mom=0.9500 | T=1.0 k=1.0 (mu_rec=1 mu_bwd=1) | grad=2.750 | tok/s=87,059 | tokens=5.03B
step=153610 | loss=3.9414 | lr=3.30e-05 | wd=0.0000 | mom=0.9500 | T=1.0 k=1.0 (mu_rec=1 mu_bwd=1) | grad=2.766 | tok/s=86,965 | tokens=5.03B
step=153620 | loss=4.4168 | lr=3.30e-05 | wd=0.0000 | mom=0.9500 | T=1.0 k=1.0 (mu_rec=1 mu_bwd=1) | grad=3.422 | tok/s=86,850 | tokens=5.03B
step=153630 | loss=4.4102 | lr=3.31e-05 | wd=0.0000 | mom=0.9500 | T=1.0 k=1.0 (mu_rec=1 mu_bwd=1) | grad=2.516 | tok/s=86,951 | tokens=5.03B
step=153640 | loss=4.1975 | lr=3.32e-05 | wd=0.0000 | mom=0.9500 | T=1.0 k=1.0 (mu_rec=1 mu_bwd=1) | grad=3.281 | tok/s=86,949 | tokens=5.03B
step=153650 | loss=4.5569 | lr=3.32e-05 | wd=0.0000 | mom=0.9500 | T=1.0 k=1.0 (mu_rec=1 mu_bwd=1) | grad=4.469 | tok/s=86,796 | tokens=5.03B
step=153660 | loss=4.0671 | lr=3.33e-05 | wd=0.0000 | mom=0.9500 | T=1.0 k=1.0 (mu_rec=1 mu_bwd=1) | grad=2.797 | tok/s=86,741 | tokens=5.04B
step=153670 | loss=4.0961 | lr=3.33e-05 | wd=0.0000 | mom=0.9500 | T=1.0 k=1.0 (mu_rec=1 mu_bwd=1) | grad=2.562 | tok/s=86,710 | tokens=5.04B
step=153680 | loss=4.3133 | lr=3.34e-05 | wd=0.0000 | mom=0.9500 | T=1.0 k=1.0 (mu_rec=1 mu_bwd=1) | grad=2.859 | tok/s=86,650 | tokens=5.04B
step=153690 | loss=4.4832 | lr=3.35e-05 | wd=0.0000 | mom=0.9500 | T=1.0 k=1.0 (mu_rec=1 mu_bwd=1) | grad=3.312 | tok/s=86,656 | tokens=5.04B
step=153700 | loss=4.5133 | lr=3.35e-05 | wd=0.0000 | mom=0.9500 | T=1.0 k=1.0 (mu_rec=1 mu_bwd=1) | grad=4.312 | tok/s=86,820 | tokens=5.04B
step=153710 | loss=4.3223 | lr=3.36e-05 | wd=0.0000 | mom=0.9500 | T=1.0 k=1.0 (mu_rec=1 mu_bwd=1) | grad=2.516 | tok/s=86,809 | tokens=5.04B
step=153720 | loss=4.1753 | lr=3.37e-05 | wd=0.0000 | mom=0.9500 | T=1.0 k=1.0 (mu_rec=1 mu_bwd=1) | grad=3.312 | tok/s=86,923 | tokens=5.04B
step=153730 | loss=4.4567 | lr=3.37e-05 | wd=0.0000 | mom=0.9500 | T=1.0 k=1.0 (mu_rec=1 mu_bwd=1) | grad=5.188 | tok/s=87,009 | tokens=5.04B
step=153740 | loss=4.5967 | lr=3.38e-05 | wd=0.0000 | mom=0.9500 | T=1.0 k=1.0 (mu_rec=1 mu_bwd=1) | grad=2.984 | tok/s=87,115 | tokens=5.04B
step=153750 | loss=4.1888 | lr=3.38e-05 | wd=0.0000 | mom=0.9500 | T=1.0 k=1.0 (mu_rec=1 mu_bwd=1) | grad=3.031 | tok/s=87,179 | tokens=5.04B
step=153760 | loss=4.1545 | lr=3.39e-05 | wd=0.0000 | mom=0.9500 | T=1.0 k=1.0 (mu_rec=1 mu_bwd=1) | grad=3.281 | tok/s=87,254 | tokens=5.04B
step=153770 | loss=4.3413 | lr=3.40e-05 | wd=0.0000 | mom=0.9500 | T=1.0 k=1.0 (mu_rec=1 mu_bwd=1) | grad=3.219 | tok/s=87,324 | tokens=5.04B
step=153780 | loss=4.2831 | lr=3.40e-05 | wd=0.0000 | mom=0.9500 | T=1.0 k=1.0 (mu_rec=1 mu_bwd=1) | grad=2.922 | tok/s=87,382 | tokens=5.04B
step=153790 | loss=4.2540 | lr=3.41e-05 | wd=0.0000 | mom=0.9500 | T=1.0 k=1.0 (mu_rec=1 mu_bwd=1) | grad=3.422 | tok/s=87,457 | tokens=5.04B
step=153800 | loss=4.4224 | lr=3.42e-05 | wd=0.0000 | mom=0.9500 | T=1.0 k=1.0 (mu_rec=1 mu_bwd=1) | grad=3.203 | tok/s=87,538 | tokens=5.04B
step=153810 | loss=4.2282 | lr=3.43e-05 | wd=0.0000 | mom=0.9500 | T=1.0 k=1.0 (mu_rec=1 mu_bwd=1) | grad=2.609 | tok/s=87,618 | tokens=5.04B
step=153820 | loss=4.4776 | lr=3.43e-05 | wd=0.0000 | mom=0.9500 | T=1.0 k=1.0 (mu_rec=1 mu_bwd=1) | grad=3.109 | tok/s=87,620 | tokens=5.04B
step=153830 | loss=4.3098 | lr=3.44e-05 | wd=0.0000 | mom=0.9500 | T=1.0 k=1.0 (mu_rec=1 mu_bwd=1) | grad=2.734 | tok/s=87,660 | tokens=5.04B
step=153840 | loss=4.1717 | lr=3.45e-05 | wd=0.0000 | mom=0.9500 | T=1.0 k=1.0 (mu_rec=1 mu_bwd=1) | grad=3.359 | tok/s=87,700 | tokens=5.04B
step=153850 | loss=4.1339 | lr=3.45e-05 | wd=0.0000 | mom=0.9500 | T=1.0 k=1.0 (mu_rec=1 mu_bwd=1) | grad=3.000 | tok/s=87,682 | tokens=5.04B
step=153860 | loss=4.3641 | lr=3.46e-05 | wd=0.0000 | mom=0.9500 | T=1.0 k=1.0 (mu_rec=1 mu_bwd=1) | grad=3.109 | tok/s=87,683 | tokens=5.04B
step=153870 | loss=4.1123 | lr=3.47e-05 | wd=0.0000 | mom=0.9500 | T=1.0 k=1.0 (mu_rec=1 mu_bwd=1) | grad=7.875 | tok/s=87,667 | tokens=5.04B
step=153880 | loss=4.3310 | lr=3.47e-05 | wd=0.0000 | mom=0.9500 | T=1.0 k=1.0 (mu_rec=1 mu_bwd=1) | grad=4.812 | tok/s=87,794 | tokens=5.04B
step=153890 | loss=4.2424 | lr=3.48e-05 | wd=0.0000 | mom=0.9500 | T=1.0 k=1.0 (mu_rec=1 mu_bwd=1) | grad=4.625 | tok/s=87,781 | tokens=5.04B
step=153900 | loss=4.2622 | lr=3.49e-05 | wd=0.0000 | mom=0.9500 | T=1.0 k=1.0 (mu_rec=1 mu_bwd=1) | grad=2.625 | tok/s=87,521 | tokens=5.04B
step=153910 | loss=4.3649 | lr=3.50e-05 | wd=0.0000 | mom=0.9500 | T=1.0 k=1.0 (mu_rec=1 mu_bwd=1) | grad=3.281 | tok/s=87,525 | tokens=5.04B
step=153920 | loss=4.1629 | lr=3.50e-05 | wd=0.0000 | mom=0.9500 | T=1.0 k=1.0 (mu_rec=1 mu_bwd=1) | grad=7.406 | tok/s=87,503 | tokens=5.04B
step=153930 | loss=4.3015 | lr=3.51e-05 | wd=0.0000 | mom=0.9500 | T=1.0 k=1.0 (mu_rec=1 mu_bwd=1) | grad=2.828 | tok/s=87,472 | tokens=5.04B
step=153940 | loss=4.3084 | lr=3.52e-05 | wd=0.0000 | mom=0.9500 | T=1.0 k=1.0 (mu_rec=1 mu_bwd=1) | grad=4.906 | tok/s=87,515 | tokens=5.04B
step=153950 | loss=4.3361 | lr=3.53e-05 | wd=0.0000 | mom=0.9500 | T=1.0 k=1.0 (mu_rec=1 mu_bwd=1) | grad=3.078 | tok/s=87,549 | tokens=5.04B
step=153960 | loss=4.3539 | lr=3.54e-05 | wd=0.0000 | mom=0.9500 | T=1.0 k=1.0 (mu_rec=1 mu_bwd=1) | grad=3.016 | tok/s=87,544 | tokens=5.04B
step=153970 | loss=3.7971 | lr=3.54e-05 | wd=0.0000 | mom=0.9500 | T=1.0 k=1.0 (mu_rec=1 mu_bwd=1) | grad=3.297 | tok/s=87,510 | tokens=5.05B
step=153980 | loss=4.4061 | lr=3.55e-05 | wd=0.0000 | mom=0.9500 | T=1.0 k=1.0 (mu_rec=1 mu_bwd=1) | grad=3.406 | tok/s=87,585 | tokens=5.05B
step=153990 | loss=4.5303 | lr=3.56e-05 | wd=0.0000 | mom=0.9500 | T=1.0 k=1.0 (mu_rec=1 mu_bwd=1) | grad=3.625 | tok/s=87,553 | tokens=5.05B
step=154000 | loss=4.2076 | lr=3.57e-05 | wd=0.0000 | mom=0.9500 | T=1.0 k=1.0 (mu_rec=1 mu_bwd=1) | grad=2.938 | tok/s=87,549 | tokens=5.05B
[step 154000] Saved -> runs/pythia-5b/checkpoint_0154000
[step 154000] Pruned -> runs/pythia-5b/checkpoint_0150000
step=154010 | loss=4.2376 | lr=3.57e-05 | wd=0.0000 | mom=0.9500 | T=1.0 k=1.0 (mu_rec=1 mu_bwd=1) | grad=3.016 | tok/s=68,004 | tokens=5.05B
step=154020 | loss=4.0736 | lr=3.58e-05 | wd=0.0000 | mom=0.9500 | T=1.0 k=1.0 (mu_rec=1 mu_bwd=1) | grad=3.250 | tok/s=87,735 | tokens=5.05B
step=154030 | loss=4.5571 | lr=3.59e-05 | wd=0.0000 | mom=0.9500 | T=1.0 k=1.0 (mu_rec=1 mu_bwd=1) | grad=4.562 | tok/s=87,623 | tokens=5.05B
step=154040 | loss=4.4291 | lr=3.60e-05 | wd=0.0000 | mom=0.9500 | T=1.0 k=1.0 (mu_rec=1 mu_bwd=1) | grad=2.625 | tok/s=87,609 | tokens=5.05B
step=154050 | loss=4.2598 | lr=3.61e-05 | wd=0.0000 | mom=0.9500 | T=1.0 k=1.0 (mu_rec=1 mu_bwd=1) | grad=3.703 | tok/s=87,617 | tokens=5.05B
step=154060 | loss=4.1909 | lr=3.62e-05 | wd=0.0000 | mom=0.9500 | T=1.0 k=1.0 (mu_rec=1 mu_bwd=1) | grad=2.859 | tok/s=87,648 | tokens=5.05B
step=154070 | loss=4.1463 | lr=3.62e-05 | wd=0.0000 | mom=0.9500 | T=1.0 k=1.0 (mu_rec=1 mu_bwd=1) | grad=2.547 | tok/s=87,696 | tokens=5.05B
step=154080 | loss=4.6241 | lr=3.63e-05 | wd=0.0000 | mom=0.9500 | T=1.0 k=1.0 (mu_rec=1 mu_bwd=1) | grad=3.875 | tok/s=87,576 | tokens=5.05B
step=154090 | loss=4.4288 | lr=3.64e-05 | wd=0.0000 | mom=0.9500 | T=1.0 k=1.0 (mu_rec=1 mu_bwd=1) | grad=4.125 | tok/s=87,535 | tokens=5.05B
step=154100 | loss=4.4055 | lr=3.65e-05 | wd=0.0000 | mom=0.9500 | T=1.0 k=1.0 (mu_rec=1 mu_bwd=1) | grad=2.859 | tok/s=87,595 | tokens=5.05B
step=154110 | loss=4.1934 | lr=3.66e-05 | wd=0.0000 | mom=0.9500 | T=1.0 k=1.0 (mu_rec=1 mu_bwd=1) | grad=4.625 | tok/s=87,662 | tokens=5.05B
step=154120 | loss=4.5469 | lr=3.67e-05 | wd=0.0000 | mom=0.9500 | T=1.0 k=1.0 (mu_rec=1 mu_bwd=1) | grad=4.375 | tok/s=87,607 | tokens=5.05B
step=154130 | loss=4.6480 | lr=3.67e-05 | wd=0.0000 | mom=0.9500 | T=1.0 k=1.0 (mu_rec=1 mu_bwd=1) | grad=2.922 | tok/s=87,566 | tokens=5.05B
step=154140 | loss=4.1149 | lr=3.68e-05 | wd=0.0000 | mom=0.9500 | T=1.0 k=1.0 (mu_rec=1 mu_bwd=1) | grad=3.047 | tok/s=87,618 | tokens=5.05B
step=154150 | loss=4.1696 | lr=3.69e-05 | wd=0.0000 | mom=0.9500 | T=1.0 k=1.0 (mu_rec=1 mu_bwd=1) | grad=2.922 | tok/s=87,654 | tokens=5.05B
step=154160 | loss=4.3398 | lr=3.70e-05 | wd=0.0000 | mom=0.9500 | T=1.0 k=1.0 (mu_rec=1 mu_bwd=1) | grad=4.500 | tok/s=87,647 | tokens=5.05B
step=154170 | loss=4.2754 | lr=3.71e-05 | wd=0.0000 | mom=0.9500 | T=1.0 k=1.0 (mu_rec=1 mu_bwd=1) | grad=2.875 | tok/s=87,649 | tokens=5.05B
step=154180 | loss=4.3072 | lr=3.72e-05 | wd=0.0000 | mom=0.9500 | T=1.0 k=1.0 (mu_rec=1 mu_bwd=1) | grad=4.031 | tok/s=87,567 | tokens=5.05B
step=154190 | loss=4.2890 | lr=3.73e-05 | wd=0.0000 | mom=0.9500 | T=1.0 k=1.0 (mu_rec=1 mu_bwd=1) | grad=3.109 | tok/s=87,745 | tokens=5.05B
step=154200 | loss=4.2530 | lr=3.74e-05 | wd=0.0000 | mom=0.9500 | T=1.0 k=1.0 (mu_rec=1 mu_bwd=1) | grad=4.344 | tok/s=87,686 | tokens=5.05B
step=154210 | loss=4.0544 | lr=3.75e-05 | wd=0.0000 | mom=0.9500 | T=1.0 k=1.0 (mu_rec=1 mu_bwd=1) | grad=3.797 | tok/s=87,690 | tokens=5.05B
step=154220 | loss=4.3499 | lr=3.76e-05 | wd=0.0000 | mom=0.9500 | T=1.0 k=1.0 (mu_rec=1 mu_bwd=1) | grad=2.453 | tok/s=87,599 | tokens=5.05B
step=154230 | loss=4.3355 | lr=3.76e-05 | wd=0.0000 | mom=0.9500 | T=1.0 k=1.0 (mu_rec=1 mu_bwd=1) | grad=3.281 | tok/s=87,600 | tokens=5.05B
step=154240 | loss=4.4343 | lr=3.77e-05 | wd=0.0000 | mom=0.9500 | T=1.0 k=1.0 (mu_rec=1 mu_bwd=1) | grad=3.641 | tok/s=87,650 | tokens=5.05B
step=154250 | loss=4.1821 | lr=3.78e-05 | wd=0.0000 | mom=0.9500 | T=1.0 k=1.0 (mu_rec=1 mu_bwd=1) | grad=4.125 | tok/s=87,673 | tokens=5.05B
step=154260 | loss=4.3290 | lr=3.79e-05 | wd=0.0000 | mom=0.9500 | T=1.0 k=1.0 (mu_rec=1 mu_bwd=1) | grad=2.609 | tok/s=9,461 | tokens=5.05B
step=154270 | loss=4.2030 | lr=3.80e-05 | wd=0.0000 | mom=0.9500 | T=1.0 k=1.0 (mu_rec=1 mu_bwd=1) | grad=2.938 | tok/s=8,789 | tokens=5.06B
step=154280 | loss=4.5283 | lr=3.81e-05 | wd=0.0000 | mom=0.9500 | T=1.0 k=1.0 (mu_rec=1 mu_bwd=1) | grad=4.250 | tok/s=89,451 | tokens=5.06B
step=154290 | loss=4.5275 | lr=3.82e-05 | wd=0.0000 | mom=0.9500 | T=1.0 k=1.0 (mu_rec=1 mu_bwd=1) | grad=5.250 | tok/s=89,154 | tokens=5.06B
step=154300 | loss=4.5478 | lr=3.83e-05 | wd=0.0000 | mom=0.9500 | T=1.0 k=1.0 (mu_rec=1 mu_bwd=1) | grad=4.844 | tok/s=89,048 | tokens=5.06B
step=154310 | loss=4.4155 | lr=3.84e-05 | wd=0.0000 | mom=0.9500 | T=1.0 k=1.0 (mu_rec=1 mu_bwd=1) | grad=5.344 | tok/s=88,764 | tokens=5.06B
step=154320 | loss=4.3932 | lr=3.85e-05 | wd=0.0000 | mom=0.9500 | T=1.0 k=1.0 (mu_rec=1 mu_bwd=1) | grad=3.469 | tok/s=88,578 | tokens=5.06B
step=154330 | loss=4.4083 | lr=3.86e-05 | wd=0.0000 | mom=0.9500 | T=1.0 k=1.0 (mu_rec=1 mu_bwd=1) | grad=3.047 | tok/s=88,527 | tokens=5.06B
step=154340 | loss=4.2392 | lr=3.87e-05 | wd=0.0000 | mom=0.9500 | T=1.0 k=1.0 (mu_rec=1 mu_bwd=1) | grad=3.016 | tok/s=88,356 | tokens=5.06B
step=154350 | loss=4.4166 | lr=3.88e-05 | wd=0.0000 | mom=0.9500 | T=1.0 k=1.0 (mu_rec=1 mu_bwd=1) | grad=2.484 | tok/s=88,308 | tokens=5.06B
step=154360 | loss=4.2164 | lr=3.89e-05 | wd=0.0000 | mom=0.9500 | T=1.0 k=1.0 (mu_rec=1 mu_bwd=1) | grad=2.688 | tok/s=88,095 | tokens=5.06B
step=154370 | loss=4.3722 | lr=3.90e-05 | wd=0.0000 | mom=0.9500 | T=1.0 k=1.0 (mu_rec=1 mu_bwd=1) | grad=2.766 | tok/s=87,886 | tokens=5.06B
step=154380 | loss=4.7448 | lr=3.91e-05 | wd=0.0000 | mom=0.9500 | T=1.0 k=1.0 (mu_rec=1 mu_bwd=1) | grad=9.250 | tok/s=87,652 | tokens=5.06B
step=154390 | loss=4.5564 | lr=3.92e-05 | wd=0.0000 | mom=0.9500 | T=1.0 k=1.0 (mu_rec=1 mu_bwd=1) | grad=2.594 | tok/s=87,534 | tokens=5.06B
step=154400 | loss=4.3536 | lr=3.93e-05 | wd=0.0000 | mom=0.9500 | T=1.0 k=1.0 (mu_rec=1 mu_bwd=1) | grad=4.281 | tok/s=87,477 | tokens=5.06B
step=154410 | loss=4.2979 | lr=3.94e-05 | wd=0.0000 | mom=0.9500 | T=1.0 k=1.0 (mu_rec=1 mu_bwd=1) | grad=4.406 | tok/s=87,288 | tokens=5.06B
step=154420 | loss=4.3961 | lr=3.95e-05 | wd=0.0000 | mom=0.9500 | T=1.0 k=1.0 (mu_rec=1 mu_bwd=1) | grad=2.875 | tok/s=87,057 | tokens=5.06B
step=154430 | loss=4.5657 | lr=3.96e-05 | wd=0.0000 | mom=0.9500 | T=1.0 k=1.0 (mu_rec=1 mu_bwd=1) | grad=2.625 | tok/s=87,131 | tokens=5.06B
step=154440 | loss=4.4301 | lr=3.97e-05 | wd=0.0000 | mom=0.9500 | T=1.0 k=1.0 (mu_rec=1 mu_bwd=1) | grad=3.141 | tok/s=86,960 | tokens=5.06B
step=154450 | loss=4.2314 | lr=3.98e-05 | wd=0.0000 | mom=0.9500 | T=1.0 k=1.0 (mu_rec=1 mu_bwd=1) | grad=2.953 | tok/s=86,860 | tokens=5.06B
step=154460 | loss=4.3678 | lr=3.99e-05 | wd=0.0000 | mom=0.9500 | T=1.0 k=1.0 (mu_rec=1 mu_bwd=1) | grad=4.562 | tok/s=86,777 | tokens=5.06B
step=154470 | loss=4.2805 | lr=4.00e-05 | wd=0.0000 | mom=0.9500 | T=1.0 k=1.0 (mu_rec=1 mu_bwd=1) | grad=3.047 | tok/s=86,786 | tokens=5.06B
step=154480 | loss=4.2258 | lr=4.01e-05 | wd=0.0000 | mom=0.9500 | T=1.0 k=1.0 (mu_rec=1 mu_bwd=1) | grad=3.031 | tok/s=86,744 | tokens=5.06B
step=154490 | loss=4.1697 | lr=4.02e-05 | wd=0.0000 | mom=0.9500 | T=1.0 k=1.0 (mu_rec=1 mu_bwd=1) | grad=6.906 | tok/s=86,757 | tokens=5.06B
step=154500 | loss=4.0934 | lr=4.03e-05 | wd=0.0000 | mom=0.9500 | T=1.0 k=1.0 (mu_rec=1 mu_bwd=1) | grad=2.891 | tok/s=86,804 | tokens=5.06B
step=154510 | loss=4.1475 | lr=4.04e-05 | wd=0.0000 | mom=0.9500 | T=1.0 k=1.0 (mu_rec=1 mu_bwd=1) | grad=2.516 | tok/s=86,644 | tokens=5.06B
step=154520 | loss=4.1551 | lr=4.05e-05 | wd=0.0000 | mom=0.9500 | T=1.0 k=1.0 (mu_rec=1 mu_bwd=1) | grad=5.969 | tok/s=86,659 | tokens=5.06B
step=154530 | loss=4.0230 | lr=4.06e-05 | wd=0.0000 | mom=0.9500 | T=1.0 k=1.0 (mu_rec=1 mu_bwd=1) | grad=3.453 | tok/s=86,665 | tokens=5.06B
step=154540 | loss=4.2342 | lr=4.08e-05 | wd=0.0000 | mom=0.9500 | T=1.0 k=1.0 (mu_rec=1 mu_bwd=1) | grad=3.094 | tok/s=86,746 | tokens=5.06B
step=154550 | loss=4.2659 | lr=4.09e-05 | wd=0.0000 | mom=0.9500 | T=1.0 k=1.0 (mu_rec=1 mu_bwd=1) | grad=6.375 | tok/s=86,816 | tokens=5.06B
step=154560 | loss=4.0495 | lr=4.10e-05 | wd=0.0000 | mom=0.9500 | T=1.0 k=1.0 (mu_rec=1 mu_bwd=1) | grad=3.297 | tok/s=86,940 | tokens=5.06B
step=154570 | loss=4.4848 | lr=4.11e-05 | wd=0.0000 | mom=0.9500 | T=1.0 k=1.0 (mu_rec=1 mu_bwd=1) | grad=3.984 | tok/s=87,082 | tokens=5.06B
step=154580 | loss=4.1431 | lr=4.12e-05 | wd=0.0000 | mom=0.9500 | T=1.0 k=1.0 (mu_rec=1 mu_bwd=1) | grad=3.234 | tok/s=87,155 | tokens=5.07B
step=154590 | loss=4.3332 | lr=4.13e-05 | wd=0.0000 | mom=0.9500 | T=1.0 k=1.0 (mu_rec=1 mu_bwd=1) | grad=4.250 | tok/s=87,238 | tokens=5.07B
step=154600 | loss=4.4242 | lr=4.14e-05 | wd=0.0000 | mom=0.9500 | T=1.0 k=1.0 (mu_rec=1 mu_bwd=1) | grad=3.469 | tok/s=87,278 | tokens=5.07B
step=154610 | loss=4.5869 | lr=4.15e-05 | wd=0.0000 | mom=0.9500 | T=1.0 k=1.0 (mu_rec=1 mu_bwd=1) | grad=2.641 | tok/s=87,300 | tokens=5.07B
step=154620 | loss=4.6055 | lr=4.16e-05 | wd=0.0000 | mom=0.9500 | T=1.0 k=1.0 (mu_rec=1 mu_bwd=1) | grad=3.156 | tok/s=87,399 | tokens=5.07B
step=154630 | loss=4.4641 | lr=4.18e-05 | wd=0.0000 | mom=0.9500 | T=1.0 k=1.0 (mu_rec=1 mu_bwd=1) | grad=4.969 | tok/s=87,485 | tokens=5.07B
step=154640 | loss=4.3824 | lr=4.19e-05 | wd=0.0000 | mom=0.9500 | T=1.0 k=1.0 (mu_rec=1 mu_bwd=1) | grad=2.625 | tok/s=87,440 | tokens=5.07B
step=154650 | loss=4.4543 | lr=4.20e-05 | wd=0.0000 | mom=0.9500 | T=1.0 k=1.0 (mu_rec=1 mu_bwd=1) | grad=3.391 | tok/s=87,590 | tokens=5.07B
step=154660 | loss=4.2732 | lr=4.21e-05 | wd=0.0000 | mom=0.9500 | T=1.0 k=1.0 (mu_rec=1 mu_bwd=1) | grad=2.812 | tok/s=87,649 | tokens=5.07B
step=154670 | loss=4.1207 | lr=4.22e-05 | wd=0.0000 | mom=0.9500 | T=1.0 k=1.0 (mu_rec=1 mu_bwd=1) | grad=5.188 | tok/s=87,637 | tokens=5.07B
step=154680 | loss=4.3334 | lr=4.23e-05 | wd=0.0000 | mom=0.9500 | T=1.0 k=1.0 (mu_rec=1 mu_bwd=1) | grad=3.188 | tok/s=87,580 | tokens=5.07B
step=154690 | loss=4.2301 | lr=4.24e-05 | wd=0.0000 | mom=0.9500 | T=1.0 k=1.0 (mu_rec=1 mu_bwd=1) | grad=3.062 | tok/s=87,507 | tokens=5.07B
step=154700 | loss=4.2753 | lr=4.26e-05 | wd=0.0000 | mom=0.9500 | T=1.0 k=1.0 (mu_rec=1 mu_bwd=1) | grad=3.609 | tok/s=87,323 | tokens=5.07B
step=154710 | loss=4.2553 | lr=4.27e-05 | wd=0.0000 | mom=0.9500 | T=1.0 k=1.0 (mu_rec=1 mu_bwd=1) | grad=2.797 | tok/s=87,485 | tokens=5.07B
step=154720 | loss=4.3727 | lr=4.28e-05 | wd=0.0000 | mom=0.9500 | T=1.0 k=1.0 (mu_rec=1 mu_bwd=1) | grad=4.094 | tok/s=87,548 | tokens=5.07B
step=154730 | loss=4.0468 | lr=4.29e-05 | wd=0.0000 | mom=0.9500 | T=1.0 k=1.0 (mu_rec=1 mu_bwd=1) | grad=2.781 | tok/s=87,576 | tokens=5.07B
step=154740 | loss=4.2240 | lr=4.30e-05 | wd=0.0000 | mom=0.9500 | T=1.0 k=1.0 (mu_rec=1 mu_bwd=1) | grad=2.672 | tok/s=87,485 | tokens=5.07B
step=154750 | loss=4.1709 | lr=4.32e-05 | wd=0.0000 | mom=0.9500 | T=1.0 k=1.0 (mu_rec=1 mu_bwd=1) | grad=2.953 | tok/s=87,490 | tokens=5.07B
step=154760 | loss=4.2131 | lr=4.33e-05 | wd=0.0000 | mom=0.9500 | T=1.0 k=1.0 (mu_rec=1 mu_bwd=1) | grad=4.188 | tok/s=87,494 | tokens=5.07B
step=154770 | loss=4.0248 | lr=4.34e-05 | wd=0.0000 | mom=0.9500 | T=1.0 k=1.0 (mu_rec=1 mu_bwd=1) | grad=2.547 | tok/s=87,550 | tokens=5.07B
step=154780 | loss=4.2725 | lr=4.35e-05 | wd=0.0000 | mom=0.9500 | T=1.0 k=1.0 (mu_rec=1 mu_bwd=1) | grad=3.047 | tok/s=87,571 | tokens=5.07B
step=154790 | loss=4.2226 | lr=4.36e-05 | wd=0.0000 | mom=0.9500 | T=1.0 k=1.0 (mu_rec=1 mu_bwd=1) | grad=4.625 | tok/s=87,659 | tokens=5.07B
step=154800 | loss=4.2229 | lr=4.38e-05 | wd=0.0000 | mom=0.9500 | T=1.0 k=1.0 (mu_rec=1 mu_bwd=1) | grad=3.172 | tok/s=87,505 | tokens=5.07B
step=154810 | loss=4.0469 | lr=4.39e-05 | wd=0.0000 | mom=0.9500 | T=1.0 k=1.0 (mu_rec=1 mu_bwd=1) | grad=3.969 | tok/s=87,565 | tokens=5.07B
step=154820 | loss=4.3982 | lr=4.40e-05 | wd=0.0000 | mom=0.9500 | T=1.0 k=1.0 (mu_rec=1 mu_bwd=1) | grad=3.422 | tok/s=87,589 | tokens=5.07B
step=154830 | loss=4.3329 | lr=4.41e-05 | wd=0.0000 | mom=0.9500 | T=1.0 k=1.0 (mu_rec=1 mu_bwd=1) | grad=2.516 | tok/s=87,569 | tokens=5.07B
step=154840 | loss=4.0018 | lr=4.43e-05 | wd=0.0000 | mom=0.9500 | T=1.0 k=1.0 (mu_rec=1 mu_bwd=1) | grad=3.328 | tok/s=87,509 | tokens=5.07B
step=154850 | loss=4.4290 | lr=4.44e-05 | wd=0.0000 | mom=0.9500 | T=1.0 k=1.0 (mu_rec=1 mu_bwd=1) | grad=5.156 | tok/s=87,582 | tokens=5.07B
step=154860 | loss=4.2620 | lr=4.45e-05 | wd=0.0000 | mom=0.9500 | T=1.0 k=1.0 (mu_rec=1 mu_bwd=1) | grad=5.812 | tok/s=87,597 | tokens=5.07B
step=154870 | loss=4.4222 | lr=4.46e-05 | wd=0.0000 | mom=0.9500 | T=1.0 k=1.0 (mu_rec=1 mu_bwd=1) | grad=3.469 | tok/s=87,556 | tokens=5.07B
step=154880 | loss=4.5841 | lr=4.48e-05 | wd=0.0000 | mom=0.9500 | T=1.0 k=1.0 (mu_rec=1 mu_bwd=1) | grad=3.844 | tok/s=87,571 | tokens=5.08B
step=154890 | loss=4.6083 | lr=4.49e-05 | wd=0.0000 | mom=0.9500 | T=1.0 k=1.0 (mu_rec=1 mu_bwd=1) | grad=3.766 | tok/s=87,537 | tokens=5.08B
step=154900 | loss=4.5070 | lr=4.50e-05 | wd=0.0000 | mom=0.9500 | T=1.0 k=1.0 (mu_rec=1 mu_bwd=1) | grad=3.062 | tok/s=87,569 | tokens=5.08B
step=154910 | loss=4.3080 | lr=4.51e-05 | wd=0.0000 | mom=0.9500 | T=1.0 k=1.0 (mu_rec=1 mu_bwd=1) | grad=9.688 | tok/s=87,650 | tokens=5.08B
step=154920 | loss=4.2519 | lr=4.53e-05 | wd=0.0000 | mom=0.9500 | T=1.0 k=1.0 (mu_rec=1 mu_bwd=1) | grad=2.625 | tok/s=87,688 | tokens=5.08B
step=154930 | loss=4.2736 | lr=4.54e-05 | wd=0.0000 | mom=0.9500 | T=1.0 k=1.0 (mu_rec=1 mu_bwd=1) | grad=2.844 | tok/s=87,532 | tokens=5.08B
step=154940 | loss=4.3866 | lr=4.55e-05 | wd=0.0000 | mom=0.9500 | T=1.0 k=1.0 (mu_rec=1 mu_bwd=1) | grad=2.656 | tok/s=87,579 | tokens=5.08B
step=154950 | loss=4.1050 | lr=4.57e-05 | wd=0.0000 | mom=0.9500 | T=1.0 k=1.0 (mu_rec=1 mu_bwd=1) | grad=3.609 | tok/s=87,622 | tokens=5.08B
step=154960 | loss=4.0971 | lr=4.58e-05 | wd=0.0000 | mom=0.9500 | T=1.0 k=1.0 (mu_rec=1 mu_bwd=1) | grad=15.812 | tok/s=87,612 | tokens=5.08B
step=154970 | loss=4.3887 | lr=4.59e-05 | wd=0.0000 | mom=0.9500 | T=1.0 k=1.0 (mu_rec=1 mu_bwd=1) | grad=3.719 | tok/s=87,669 | tokens=5.08B
step=154980 | loss=4.2348 | lr=4.60e-05 | wd=0.0000 | mom=0.9500 | T=1.0 k=1.0 (mu_rec=1 mu_bwd=1) | grad=2.891 | tok/s=87,565 | tokens=5.08B
step=154990 | loss=4.1132 | lr=4.62e-05 | wd=0.0000 | mom=0.9500 | T=1.0 k=1.0 (mu_rec=1 mu_bwd=1) | grad=4.250 | tok/s=87,677 | tokens=5.08B
step=155000 | loss=4.3127 | lr=4.63e-05 | wd=0.0000 | mom=0.9500 | T=1.0 k=1.0 (mu_rec=1 mu_bwd=1) | grad=2.562 | tok/s=87,611 | tokens=5.08B
step=155010 | loss=4.0511 | lr=4.64e-05 | wd=0.0000 | mom=0.9500 | T=1.0 k=1.0 (mu_rec=1 mu_bwd=1) | grad=6.250 | tok/s=87,695 | tokens=5.08B
step=155020 | loss=4.3800 | lr=4.66e-05 | wd=0.0000 | mom=0.9500 | T=1.0 k=1.0 (mu_rec=1 mu_bwd=1) | grad=2.578 | tok/s=87,601 | tokens=5.08B
step=155030 | loss=4.1548 | lr=4.67e-05 | wd=0.0000 | mom=0.9500 | T=1.0 k=1.0 (mu_rec=1 mu_bwd=1) | grad=2.859 | tok/s=87,662 | tokens=5.08B
step=155040 | loss=3.9980 | lr=4.68e-05 | wd=0.0000 | mom=0.9500 | T=1.0 k=1.0 (mu_rec=1 mu_bwd=1) | grad=2.984 | tok/s=87,664 | tokens=5.08B
step=155050 | loss=4.1325 | lr=4.70e-05 | wd=0.0000 | mom=0.9500 | T=1.0 k=1.0 (mu_rec=1 mu_bwd=1) | grad=3.703 | tok/s=87,625 | tokens=5.08B
step=155060 | loss=4.2081 | lr=4.71e-05 | wd=0.0000 | mom=0.9500 | T=1.0 k=1.0 (mu_rec=1 mu_bwd=1) | grad=2.578 | tok/s=87,527 | tokens=5.08B
step=155070 | loss=4.0416 | lr=4.72e-05 | wd=0.0000 | mom=0.9500 | T=1.0 k=1.0 (mu_rec=1 mu_bwd=1) | grad=3.047 | tok/s=8,951 | tokens=5.08B
step=155080 | loss=4.3039 | lr=4.74e-05 | wd=0.0000 | mom=0.9500 | T=1.0 k=1.0 (mu_rec=1 mu_bwd=1) | grad=3.641 | tok/s=89,173 | tokens=5.08B
step=155090 | loss=4.4021 | lr=4.75e-05 | wd=0.0000 | mom=0.9500 | T=1.0 k=1.0 (mu_rec=1 mu_bwd=1) | grad=2.578 | tok/s=88,973 | tokens=5.08B
step=155100 | loss=4.3933 | lr=4.77e-05 | wd=0.0000 | mom=0.9500 | T=1.0 k=1.0 (mu_rec=1 mu_bwd=1) | grad=2.891 | tok/s=88,836 | tokens=5.08B
step=155110 | loss=4.2810 | lr=4.78e-05 | wd=0.0000 | mom=0.9500 | T=1.0 k=1.0 (mu_rec=1 mu_bwd=1) | grad=2.828 | tok/s=88,733 | tokens=5.08B
step=155120 | loss=4.2718 | lr=4.79e-05 | wd=0.0000 | mom=0.9500 | T=1.0 k=1.0 (mu_rec=1 mu_bwd=1) | grad=4.531 | tok/s=88,585 | tokens=5.08B
step=155130 | loss=4.2569 | lr=4.81e-05 | wd=0.0000 | mom=0.9500 | T=1.0 k=1.0 (mu_rec=1 mu_bwd=1) | grad=2.391 | tok/s=88,490 | tokens=5.08B
step=155140 | loss=4.1432 | lr=4.82e-05 | wd=0.0000 | mom=0.9500 | T=1.0 k=1.0 (mu_rec=1 mu_bwd=1) | grad=8.625 | tok/s=7,837 | tokens=5.08B
step=155150 | loss=4.3221 | lr=4.84e-05 | wd=0.0000 | mom=0.9500 | T=1.0 k=1.0 (mu_rec=1 mu_bwd=1) | grad=3.859 | tok/s=89,118 | tokens=5.08B
step=155160 | loss=4.2840 | lr=4.85e-05 | wd=0.0000 | mom=0.9500 | T=1.0 k=1.0 (mu_rec=1 mu_bwd=1) | grad=2.828 | tok/s=88,884 | tokens=5.08B
step=155170 | loss=4.1145 | lr=4.86e-05 | wd=0.0000 | mom=0.9500 | T=1.0 k=1.0 (mu_rec=1 mu_bwd=1) | grad=3.188 | tok/s=88,598 | tokens=5.08B
step=155180 | loss=4.3739 | lr=4.88e-05 | wd=0.0000 | mom=0.9500 | T=1.0 k=1.0 (mu_rec=1 mu_bwd=1) | grad=5.500 | tok/s=88,563 | tokens=5.08B
step=155190 | loss=4.7903 | lr=4.89e-05 | wd=0.0000 | mom=0.9500 | T=1.0 k=1.0 (mu_rec=1 mu_bwd=1) | grad=2.922 | tok/s=88,417 | tokens=5.09B
step=155200 | loss=4.2518 | lr=4.91e-05 | wd=0.0000 | mom=0.9500 | T=1.0 k=1.0 (mu_rec=1 mu_bwd=1) | grad=3.469 | tok/s=88,201 | tokens=5.09B
step=155210 | loss=4.2796 | lr=4.92e-05 | wd=0.0000 | mom=0.9500 | T=1.0 k=1.0 (mu_rec=1 mu_bwd=1) | grad=4.469 | tok/s=88,125 | tokens=5.09B
step=155220 | loss=4.2361 | lr=4.93e-05 | wd=0.0000 | mom=0.9500 | T=1.0 k=1.0 (mu_rec=1 mu_bwd=1) | grad=3.141 | tok/s=87,871 | tokens=5.09B
step=155230 | loss=3.9570 | lr=4.95e-05 | wd=0.0000 | mom=0.9500 | T=1.0 k=1.0 (mu_rec=1 mu_bwd=1) | grad=8.938 | tok/s=87,724 | tokens=5.09B
step=155240 | loss=4.1027 | lr=4.96e-05 | wd=0.0000 | mom=0.9500 | T=1.0 k=1.0 (mu_rec=1 mu_bwd=1) | grad=9.938 | tok/s=87,727 | tokens=5.09B
step=155250 | loss=4.5955 | lr=4.98e-05 | wd=0.0000 | mom=0.9500 | T=1.0 k=1.0 (mu_rec=1 mu_bwd=1) | grad=2.938 | tok/s=87,550 | tokens=5.09B
step=155260 | loss=4.4517 | lr=4.99e-05 | wd=0.0000 | mom=0.9500 | T=1.0 k=1.0 (mu_rec=1 mu_bwd=1) | grad=3.641 | tok/s=87,448 | tokens=5.09B
step=155270 | loss=4.1622 | lr=5.01e-05 | wd=0.0000 | mom=0.9500 | T=1.0 k=1.0 (mu_rec=1 mu_bwd=1) | grad=7.406 | tok/s=87,217 | tokens=5.09B
step=155280 | loss=4.4341 | lr=5.02e-05 | wd=0.0000 | mom=0.9500 | T=1.0 k=1.0 (mu_rec=1 mu_bwd=1) | grad=2.734 | tok/s=87,173 | tokens=5.09B
step=155290 | loss=4.5472 | lr=5.04e-05 | wd=0.0000 | mom=0.9500 | T=1.0 k=1.0 (mu_rec=1 mu_bwd=1) | grad=3.969 | tok/s=86,967 | tokens=5.09B
step=155300 | loss=4.4814 | lr=5.05e-05 | wd=0.0000 | mom=0.9500 | T=1.0 k=1.0 (mu_rec=1 mu_bwd=1) | grad=4.062 | tok/s=86,896 | tokens=5.09B
step=155310 | loss=4.3560 | lr=5.07e-05 | wd=0.0000 | mom=0.9500 | T=1.0 k=1.0 (mu_rec=1 mu_bwd=1) | grad=4.406 | tok/s=86,743 | tokens=5.09B
step=155320 | loss=4.3337 | lr=5.08e-05 | wd=0.0000 | mom=0.9500 | T=1.0 k=1.0 (mu_rec=1 mu_bwd=1) | grad=3.031 | tok/s=86,691 | tokens=5.09B
step=155330 | loss=4.5344 | lr=5.09e-05 | wd=0.0000 | mom=0.9500 | T=1.0 k=1.0 (mu_rec=1 mu_bwd=1) | grad=7.125 | tok/s=86,798 | tokens=5.09B
step=155340 | loss=4.3031 | lr=5.11e-05 | wd=0.0000 | mom=0.9500 | T=1.0 k=1.0 (mu_rec=1 mu_bwd=1) | grad=3.203 | tok/s=86,777 | tokens=5.09B
step=155350 | loss=4.1929 | lr=5.12e-05 | wd=0.0000 | mom=0.9500 | T=1.0 k=1.0 (mu_rec=1 mu_bwd=1) | grad=5.625 | tok/s=86,791 | tokens=5.09B
step=155360 | loss=4.0306 | lr=5.14e-05 | wd=0.0000 | mom=0.9500 | T=1.0 k=1.0 (mu_rec=1 mu_bwd=1) | grad=3.172 | tok/s=86,780 | tokens=5.09B
step=155370 | loss=4.3387 | lr=5.15e-05 | wd=0.0000 | mom=0.9500 | T=1.0 k=1.0 (mu_rec=1 mu_bwd=1) | grad=3.219 | tok/s=86,658 | tokens=5.09B
step=155380 | loss=4.1955 | lr=5.17e-05 | wd=0.0000 | mom=0.9500 | T=1.0 k=1.0 (mu_rec=1 mu_bwd=1) | grad=6.812 | tok/s=86,806 | tokens=5.09B
step=155390 | loss=4.9467 | lr=5.19e-05 | wd=0.0000 | mom=0.9500 | T=1.0 k=1.0 (mu_rec=1 mu_bwd=1) | grad=5.406 | tok/s=86,786 | tokens=5.09B
step=155400 | loss=4.9259 | lr=5.20e-05 | wd=0.0000 | mom=0.9500 | T=1.0 k=1.0 (mu_rec=1 mu_bwd=1) | grad=3.688 | tok/s=86,894 | tokens=5.09B
step=155410 | loss=4.4949 | lr=5.22e-05 | wd=0.0000 | mom=0.9500 | T=1.0 k=1.0 (mu_rec=1 mu_bwd=1) | grad=2.703 | tok/s=87,090 | tokens=5.09B
step=155420 | loss=4.4255 | lr=5.23e-05 | wd=0.0000 | mom=0.9500 | T=1.0 k=1.0 (mu_rec=1 mu_bwd=1) | grad=6.219 | tok/s=86,979 | tokens=5.09B
step=155430 | loss=4.7692 | lr=5.25e-05 | wd=0.0000 | mom=0.9500 | T=1.0 k=1.0 (mu_rec=1 mu_bwd=1) | grad=5.625 | tok/s=86,951 | tokens=5.09B
step=155440 | loss=4.7759 | lr=5.26e-05 | wd=0.0000 | mom=0.9500 | T=1.0 k=1.0 (mu_rec=1 mu_bwd=1) | grad=5.438 | tok/s=87,216 | tokens=5.09B
step=155450 | loss=4.8557 | lr=5.28e-05 | wd=0.0000 | mom=0.9500 | T=1.0 k=1.0 (mu_rec=1 mu_bwd=1) | grad=5.281 | tok/s=87,328 | tokens=5.09B
step=155460 | loss=5.0079 | lr=5.29e-05 | wd=0.0000 | mom=0.9500 | T=1.0 k=1.0 (mu_rec=1 mu_bwd=1) | grad=4.844 | tok/s=87,288 | tokens=5.09B
step=155470 | loss=5.0259 | lr=5.31e-05 | wd=0.0000 | mom=0.9500 | T=1.0 k=1.0 (mu_rec=1 mu_bwd=1) | grad=4.844 | tok/s=87,474 | tokens=5.09B
step=155480 | loss=4.5834 | lr=5.32e-05 | wd=0.0000 | mom=0.9500 | T=1.0 k=1.0 (mu_rec=1 mu_bwd=1) | grad=2.875 | tok/s=87,440 | tokens=5.09B
step=155490 | loss=4.5065 | lr=5.34e-05 | wd=0.0000 | mom=0.9500 | T=1.0 k=1.0 (mu_rec=1 mu_bwd=1) | grad=3.031 | tok/s=87,632 | tokens=5.10B
step=155500 | loss=4.2269 | lr=5.35e-05 | wd=0.0000 | mom=0.9500 | T=1.0 k=1.0 (mu_rec=1 mu_bwd=1) | grad=3.266 | tok/s=87,581 | tokens=5.10B
step=155510 | loss=4.1815 | lr=5.37e-05 | wd=0.0000 | mom=0.9500 | T=1.0 k=1.0 (mu_rec=1 mu_bwd=1) | grad=2.953 | tok/s=87,251 | tokens=5.10B
step=155520 | loss=4.2049 | lr=5.39e-05 | wd=0.0000 | mom=0.9500 | T=1.0 k=1.0 (mu_rec=1 mu_bwd=1) | grad=4.188 | tok/s=87,410 | tokens=5.10B
step=155530 | loss=4.2700 | lr=5.40e-05 | wd=0.0000 | mom=0.9500 | T=1.0 k=1.0 (mu_rec=1 mu_bwd=1) | grad=3.094 | tok/s=87,447 | tokens=5.10B
step=155540 | loss=4.3585 | lr=5.42e-05 | wd=0.0000 | mom=0.9500 | T=1.0 k=1.0 (mu_rec=1 mu_bwd=1) | grad=2.719 | tok/s=87,591 | tokens=5.10B
step=155550 | loss=4.2461 | lr=5.43e-05 | wd=0.0000 | mom=0.9500 | T=1.0 k=1.0 (mu_rec=1 mu_bwd=1) | grad=2.969 | tok/s=87,517 | tokens=5.10B
step=155560 | loss=4.0947 | lr=5.45e-05 | wd=0.0000 | mom=0.9500 | T=1.0 k=1.0 (mu_rec=1 mu_bwd=1) | grad=3.078 | tok/s=87,443 | tokens=5.10B
step=155570 | loss=4.3967 | lr=5.47e-05 | wd=0.0000 | mom=0.9500 | T=1.0 k=1.0 (mu_rec=1 mu_bwd=1) | grad=4.250 | tok/s=87,485 | tokens=5.10B
step=155580 | loss=4.3044 | lr=5.48e-05 | wd=0.0000 | mom=0.9500 | T=1.0 k=1.0 (mu_rec=1 mu_bwd=1) | grad=5.344 | tok/s=87,557 | tokens=5.10B
step=155590 | loss=4.2811 | lr=5.50e-05 | wd=0.0000 | mom=0.9500 | T=1.0 k=1.0 (mu_rec=1 mu_bwd=1) | grad=4.031 | tok/s=87,530 | tokens=5.10B
step=155600 | loss=4.2996 | lr=5.51e-05 | wd=0.0000 | mom=0.9500 | T=1.0 k=1.0 (mu_rec=1 mu_bwd=1) | grad=3.344 | tok/s=87,545 | tokens=5.10B
step=155610 | loss=4.2418 | lr=5.53e-05 | wd=0.0000 | mom=0.9500 | T=1.0 k=1.0 (mu_rec=1 mu_bwd=1) | grad=3.469 | tok/s=87,561 | tokens=5.10B
step=155620 | loss=4.2302 | lr=5.55e-05 | wd=0.0000 | mom=0.9500 | T=1.0 k=1.0 (mu_rec=1 mu_bwd=1) | grad=3.359 | tok/s=87,586 | tokens=5.10B
step=155630 | loss=4.2796 | lr=5.56e-05 | wd=0.0000 | mom=0.9500 | T=1.0 k=1.0 (mu_rec=1 mu_bwd=1) | grad=4.969 | tok/s=87,612 | tokens=5.10B
step=155640 | loss=4.3749 | lr=5.58e-05 | wd=0.0000 | mom=0.9500 | T=1.0 k=1.0 (mu_rec=1 mu_bwd=1) | grad=2.453 | tok/s=87,629 | tokens=5.10B
step=155650 | loss=4.2726 | lr=5.60e-05 | wd=0.0000 | mom=0.9500 | T=1.0 k=1.0 (mu_rec=1 mu_bwd=1) | grad=13.062 | tok/s=87,622 | tokens=5.10B
step=155660 | loss=4.4562 | lr=5.61e-05 | wd=0.0000 | mom=0.9500 | T=1.0 k=1.0 (mu_rec=1 mu_bwd=1) | grad=7.125 | tok/s=87,619 | tokens=5.10B
step=155670 | loss=4.9276 | lr=5.63e-05 | wd=0.0000 | mom=0.9500 | T=1.0 k=1.0 (mu_rec=1 mu_bwd=1) | grad=3.906 | tok/s=87,380 | tokens=5.10B
step=155680 | loss=4.9220 | lr=5.64e-05 | wd=0.0000 | mom=0.9500 | T=1.0 k=1.0 (mu_rec=1 mu_bwd=1) | grad=3.297 | tok/s=87,564 | tokens=5.10B
step=155690 | loss=4.5032 | lr=5.66e-05 | wd=0.0000 | mom=0.9500 | T=1.0 k=1.0 (mu_rec=1 mu_bwd=1) | grad=3.875 | tok/s=87,602 | tokens=5.10B
step=155700 | loss=4.3876 | lr=5.68e-05 | wd=0.0000 | mom=0.9500 | T=1.0 k=1.0 (mu_rec=1 mu_bwd=1) | grad=3.078 | tok/s=87,680 | tokens=5.10B
step=155710 | loss=4.4062 | lr=5.69e-05 | wd=0.0000 | mom=0.9500 | T=1.0 k=1.0 (mu_rec=1 mu_bwd=1) | grad=5.219 | tok/s=87,637 | tokens=5.10B
step=155720 | loss=4.1593 | lr=5.71e-05 | wd=0.0000 | mom=0.9500 | T=1.0 k=1.0 (mu_rec=1 mu_bwd=1) | grad=2.766 | tok/s=87,627 | tokens=5.10B
step=155730 | loss=4.1938 | lr=5.73e-05 | wd=0.0000 | mom=0.9500 | T=1.0 k=1.0 (mu_rec=1 mu_bwd=1) | grad=2.828 | tok/s=87,661 | tokens=5.10B
step=155740 | loss=4.2372 | lr=5.74e-05 | wd=0.0000 | mom=0.9500 | T=1.0 k=1.0 (mu_rec=1 mu_bwd=1) | grad=10.125 | tok/s=87,676 | tokens=5.10B
step=155750 | loss=4.2647 | lr=5.76e-05 | wd=0.0000 | mom=0.9500 | T=1.0 k=1.0 (mu_rec=1 mu_bwd=1) | grad=2.375 | tok/s=87,732 | tokens=5.10B
step=155760 | loss=4.2343 | lr=5.78e-05 | wd=0.0000 | mom=0.9500 | T=1.0 k=1.0 (mu_rec=1 mu_bwd=1) | grad=3.750 | tok/s=87,647 | tokens=5.10B
step=155770 | loss=4.1506 | lr=5.80e-05 | wd=0.0000 | mom=0.9500 | T=1.0 k=1.0 (mu_rec=1 mu_bwd=1) | grad=3.203 | tok/s=87,713 | tokens=5.10B
step=155780 | loss=4.3349 | lr=5.81e-05 | wd=0.0000 | mom=0.9500 | T=1.0 k=1.0 (mu_rec=1 mu_bwd=1) | grad=2.906 | tok/s=87,651 | tokens=5.10B
step=155790 | loss=3.9755 | lr=5.83e-05 | wd=0.0000 | mom=0.9500 | T=1.0 k=1.0 (mu_rec=1 mu_bwd=1) | grad=3.141 | tok/s=87,701 | tokens=5.10B
step=155800 | loss=4.2920 | lr=5.85e-05 | wd=0.0000 | mom=0.9500 | T=1.0 k=1.0 (mu_rec=1 mu_bwd=1) | grad=2.922 | tok/s=87,700 | tokens=5.11B
step=155810 | loss=4.4928 | lr=5.86e-05 | wd=0.0000 | mom=0.9500 | T=1.0 k=1.0 (mu_rec=1 mu_bwd=1) | grad=4.656 | tok/s=87,790 | tokens=5.11B
step=155820 | loss=4.2694 | lr=5.88e-05 | wd=0.0000 | mom=0.9500 | T=1.0 k=1.0 (mu_rec=1 mu_bwd=1) | grad=4.031 | tok/s=87,693 | tokens=5.11B
step=155830 | loss=4.1856 | lr=5.90e-05 | wd=0.0000 | mom=0.9500 | T=1.0 k=1.0 (mu_rec=1 mu_bwd=1) | grad=2.703 | tok/s=87,678 | tokens=5.11B
step=155840 | loss=4.1818 | lr=5.91e-05 | wd=0.0000 | mom=0.9500 | T=1.0 k=1.0 (mu_rec=1 mu_bwd=1) | grad=7.906 | tok/s=87,631 | tokens=5.11B
step=155850 | loss=4.2387 | lr=5.93e-05 | wd=0.0000 | mom=0.9500 | T=1.0 k=1.0 (mu_rec=1 mu_bwd=1) | grad=2.344 | tok/s=87,702 | tokens=5.11B
step=155860 | loss=3.9760 | lr=5.95e-05 | wd=0.0000 | mom=0.9500 | T=1.0 k=1.0 (mu_rec=1 mu_bwd=1) | grad=3.578 | tok/s=87,801 | tokens=5.11B
step=155870 | loss=4.4188 | lr=5.97e-05 | wd=0.0000 | mom=0.9500 | T=1.0 k=1.0 (mu_rec=1 mu_bwd=1) | grad=4.781 | tok/s=87,716 | tokens=5.11B
step=155880 | loss=4.3465 | lr=5.98e-05 | wd=0.0000 | mom=0.9500 | T=1.0 k=1.0 (mu_rec=1 mu_bwd=1) | grad=4.906 | tok/s=87,786 | tokens=5.11B
step=155890 | loss=4.3583 | lr=6.00e-05 | wd=0.0000 | mom=0.9500 | T=1.0 k=1.0 (mu_rec=1 mu_bwd=1) | grad=2.812 | tok/s=87,699 | tokens=5.11B
step=155900 | loss=4.0666 | lr=6.02e-05 | wd=0.0000 | mom=0.9500 | T=1.0 k=1.0 (mu_rec=1 mu_bwd=1) | grad=3.484 | tok/s=87,739 | tokens=5.11B
step=155910 | loss=4.1883 | lr=6.04e-05 | wd=0.0000 | mom=0.9500 | T=1.0 k=1.0 (mu_rec=1 mu_bwd=1) | grad=6.844 | tok/s=87,671 | tokens=5.11B
step=155920 | loss=4.8945 | lr=6.05e-05 | wd=0.0000 | mom=0.9500 | T=1.0 k=1.0 (mu_rec=1 mu_bwd=1) | grad=5.844 | tok/s=87,680 | tokens=5.11B
step=155930 | loss=4.2760 | lr=6.07e-05 | wd=0.0000 | mom=0.9500 | T=1.0 k=1.0 (mu_rec=1 mu_bwd=1) | grad=3.688 | tok/s=87,735 | tokens=5.11B
step=155940 | loss=4.5550 | lr=6.09e-05 | wd=0.0000 | mom=0.9500 | T=1.0 k=1.0 (mu_rec=1 mu_bwd=1) | grad=3.109 | tok/s=7,381 | tokens=5.11B
step=155950 | loss=4.3998 | lr=6.11e-05 | wd=0.0000 | mom=0.9500 | T=1.0 k=1.0 (mu_rec=1 mu_bwd=1) | grad=2.734 | tok/s=89,287 | tokens=5.11B
step=155960 | loss=4.3890 | lr=6.13e-05 | wd=0.0000 | mom=0.9500 | T=1.0 k=1.0 (mu_rec=1 mu_bwd=1) | grad=3.234 | tok/s=89,049 | tokens=5.11B
step=155970 | loss=4.5105 | lr=6.14e-05 | wd=0.0000 | mom=0.9500 | T=1.0 k=1.0 (mu_rec=1 mu_bwd=1) | grad=2.969 | tok/s=88,925 | tokens=5.11B
step=155980 | loss=4.3443 | lr=6.16e-05 | wd=0.0000 | mom=0.9500 | T=1.0 k=1.0 (mu_rec=1 mu_bwd=1) | grad=3.359 | tok/s=88,533 | tokens=5.11B
step=155990 | loss=4.1758 | lr=6.18e-05 | wd=0.0000 | mom=0.9500 | T=1.0 k=1.0 (mu_rec=1 mu_bwd=1) | grad=6.344 | tok/s=88,471 | tokens=5.11B
step=156000 | loss=4.2637 | lr=6.20e-05 | wd=0.0000 | mom=0.9500 | T=1.0 k=1.0 (mu_rec=1 mu_bwd=1) | grad=2.891 | tok/s=88,423 | tokens=5.11B
[step 156000] Saved -> runs/pythia-5b/checkpoint_0156000
[step 156000] Pruned -> runs/pythia-5b/checkpoint_0152000
step=156010 | loss=4.3856 | lr=6.21e-05 | wd=0.0000 | mom=0.9500 | T=1.0 k=1.0 (mu_rec=1 mu_bwd=1) | grad=2.406 | tok/s=72,642 | tokens=5.11B
step=156020 | loss=4.3308 | lr=6.23e-05 | wd=0.0000 | mom=0.9500 | T=1.0 k=1.0 (mu_rec=1 mu_bwd=1) | grad=2.719 | tok/s=88,116 | tokens=5.11B
step=156030 | loss=4.3256 | lr=6.25e-05 | wd=0.0000 | mom=0.9500 | T=1.0 k=1.0 (mu_rec=1 mu_bwd=1) | grad=3.531 | tok/s=87,978 | tokens=5.11B
step=156040 | loss=4.5253 | lr=6.27e-05 | wd=0.0000 | mom=0.9500 | T=1.0 k=1.0 (mu_rec=1 mu_bwd=1) | grad=8.250 | tok/s=87,915 | tokens=5.11B
step=156050 | loss=4.1855 | lr=6.29e-05 | wd=0.0000 | mom=0.9500 | T=1.0 k=1.0 (mu_rec=1 mu_bwd=1) | grad=4.469 | tok/s=87,687 | tokens=5.11B
step=156060 | loss=4.1821 | lr=6.31e-05 | wd=0.0000 | mom=0.9500 | T=1.0 k=1.0 (mu_rec=1 mu_bwd=1) | grad=5.219 | tok/s=87,482 | tokens=5.11B
step=156070 | loss=4.4357 | lr=6.32e-05 | wd=0.0000 | mom=0.9500 | T=1.0 k=1.0 (mu_rec=1 mu_bwd=1) | grad=3.078 | tok/s=87,368 | tokens=5.11B
step=156080 | loss=4.6380 | lr=6.34e-05 | wd=0.0000 | mom=0.9500 | T=1.0 k=1.0 (mu_rec=1 mu_bwd=1) | grad=2.922 | tok/s=87,287 | tokens=5.11B
step=156090 | loss=4.2533 | lr=6.36e-05 | wd=0.0000 | mom=0.9500 | T=1.0 k=1.0 (mu_rec=1 mu_bwd=1) | grad=3.438 | tok/s=87,228 | tokens=5.11B
step=156100 | loss=4.4424 | lr=6.38e-05 | wd=0.0000 | mom=0.9500 | T=1.0 k=1.0 (mu_rec=1 mu_bwd=1) | grad=3.359 | tok/s=86,992 | tokens=5.12B
step=156110 | loss=4.4289 | lr=6.40e-05 | wd=0.0000 | mom=0.9500 | T=1.0 k=1.0 (mu_rec=1 mu_bwd=1) | grad=3.047 | tok/s=86,963 | tokens=5.12B
step=156120 | loss=4.4827 | lr=6.42e-05 | wd=0.0000 | mom=0.9500 | T=1.0 k=1.0 (mu_rec=1 mu_bwd=1) | grad=3.531 | tok/s=87,008 | tokens=5.12B
step=156130 | loss=4.0168 | lr=6.43e-05 | wd=0.0000 | mom=0.9500 | T=1.0 k=1.0 (mu_rec=1 mu_bwd=1) | grad=6.062 | tok/s=87,029 | tokens=5.12B
step=156140 | loss=4.3272 | lr=6.45e-05 | wd=0.0000 | mom=0.9500 | T=1.0 k=1.0 (mu_rec=1 mu_bwd=1) | grad=2.922 | tok/s=8,258 | tokens=5.12B
step=156150 | loss=4.2627 | lr=6.47e-05 | wd=0.0000 | mom=0.9500 | T=1.0 k=1.0 (mu_rec=1 mu_bwd=1) | grad=3.938 | tok/s=88,214 | tokens=5.12B
step=156160 | loss=4.3815 | lr=6.49e-05 | wd=0.0000 | mom=0.9500 | T=1.0 k=1.0 (mu_rec=1 mu_bwd=1) | grad=4.312 | tok/s=87,929 | tokens=5.12B
step=156170 | loss=4.3834 | lr=6.51e-05 | wd=0.0000 | mom=0.9500 | T=1.0 k=1.0 (mu_rec=1 mu_bwd=1) | grad=3.359 | tok/s=87,853 | tokens=5.12B
step=156180 | loss=4.1988 | lr=6.53e-05 | wd=0.0000 | mom=0.9500 | T=1.0 k=1.0 (mu_rec=1 mu_bwd=1) | grad=3.906 | tok/s=87,605 | tokens=5.12B
step=156190 | loss=4.3614 | lr=6.55e-05 | wd=0.0000 | mom=0.9500 | T=1.0 k=1.0 (mu_rec=1 mu_bwd=1) | grad=4.000 | tok/s=87,498 | tokens=5.12B
step=156200 | loss=4.4733 | lr=6.56e-05 | wd=0.0000 | mom=0.9500 | T=1.0 k=1.0 (mu_rec=1 mu_bwd=1) | grad=3.500 | tok/s=87,317 | tokens=5.12B
step=156210 | loss=4.4397 | lr=6.58e-05 | wd=0.0000 | mom=0.9500 | T=1.0 k=1.0 (mu_rec=1 mu_bwd=1) | grad=3.109 | tok/s=87,247 | tokens=5.12B
step=156220 | loss=4.0176 | lr=6.60e-05 | wd=0.0000 | mom=0.9500 | T=1.0 k=1.0 (mu_rec=1 mu_bwd=1) | grad=2.625 | tok/s=87,141 | tokens=5.12B
step=156230 | loss=4.1731 | lr=6.62e-05 | wd=0.0000 | mom=0.9500 | T=1.0 k=1.0 (mu_rec=1 mu_bwd=1) | grad=2.812 | tok/s=86,984 | tokens=5.12B
step=156240 | loss=4.5435 | lr=6.64e-05 | wd=0.0000 | mom=0.9500 | T=1.0 k=1.0 (mu_rec=1 mu_bwd=1) | grad=2.469 | tok/s=87,029 | tokens=5.12B
step=156250 | loss=4.4110 | lr=6.66e-05 | wd=0.0000 | mom=0.9500 | T=1.0 k=1.0 (mu_rec=1 mu_bwd=1) | grad=4.938 | tok/s=87,053 | tokens=5.12B
step=156260 | loss=4.1895 | lr=6.68e-05 | wd=0.0000 | mom=0.9500 | T=1.0 k=1.0 (mu_rec=1 mu_bwd=1) | grad=3.172 | tok/s=86,944 | tokens=5.12B
step=156270 | loss=4.1960 | lr=6.70e-05 | wd=0.0000 | mom=0.9500 | T=1.0 k=1.0 (mu_rec=1 mu_bwd=1) | grad=4.000 | tok/s=86,598 | tokens=5.12B
step=156280 | loss=4.6377 | lr=6.72e-05 | wd=0.0000 | mom=0.9500 | T=1.0 k=1.0 (mu_rec=1 mu_bwd=1) | grad=4.719 | tok/s=86,485 | tokens=5.12B
step=156290 | loss=4.6129 | lr=6.74e-05 | wd=0.0000 | mom=0.9500 | T=1.0 k=1.0 (mu_rec=1 mu_bwd=1) | grad=4.625 | tok/s=86,387 | tokens=5.12B
step=156300 | loss=4.7371 | lr=6.75e-05 | wd=0.0000 | mom=0.9500 | T=1.0 k=1.0 (mu_rec=1 mu_bwd=1) | grad=6.250 | tok/s=86,630 | tokens=5.12B
step=156310 | loss=4.6838 | lr=6.77e-05 | wd=0.0000 | mom=0.9500 | T=1.0 k=1.0 (mu_rec=1 mu_bwd=1) | grad=6.031 | tok/s=86,608 | tokens=5.12B
step=156320 | loss=4.3955 | lr=6.79e-05 | wd=0.0000 | mom=0.9500 | T=1.0 k=1.0 (mu_rec=1 mu_bwd=1) | grad=5.906 | tok/s=86,562 | tokens=5.12B
step=156330 | loss=4.4290 | lr=6.81e-05 | wd=0.0000 | mom=0.9500 | T=1.0 k=1.0 (mu_rec=1 mu_bwd=1) | grad=5.344 | tok/s=86,778 | tokens=5.12B
step=156340 | loss=4.1217 | lr=6.83e-05 | wd=0.0000 | mom=0.9500 | T=1.0 k=1.0 (mu_rec=1 mu_bwd=1) | grad=2.875 | tok/s=86,921 | tokens=5.12B
step=156350 | loss=4.5454 | lr=6.85e-05 | wd=0.0000 | mom=0.9500 | T=1.0 k=1.0 (mu_rec=1 mu_bwd=1) | grad=5.625 | tok/s=86,950 | tokens=5.12B
step=156360 | loss=4.2440 | lr=6.87e-05 | wd=0.0000 | mom=0.9500 | T=1.0 k=1.0 (mu_rec=1 mu_bwd=1) | grad=3.578 | tok/s=87,114 | tokens=5.12B
step=156370 | loss=4.0953 | lr=6.89e-05 | wd=0.0000 | mom=0.9500 | T=1.0 k=1.0 (mu_rec=1 mu_bwd=1) | grad=3.688 | tok/s=87,227 | tokens=5.12B
step=156380 | loss=4.3447 | lr=6.91e-05 | wd=0.0000 | mom=0.9500 | T=1.0 k=1.0 (mu_rec=1 mu_bwd=1) | grad=4.219 | tok/s=87,374 | tokens=5.12B
step=156390 | loss=4.4270 | lr=6.93e-05 | wd=0.0000 | mom=0.9500 | T=1.0 k=1.0 (mu_rec=1 mu_bwd=1) | grad=2.812 | tok/s=87,416 | tokens=5.12B
step=156400 | loss=4.2836 | lr=6.95e-05 | wd=0.0000 | mom=0.9500 | T=1.0 k=1.0 (mu_rec=1 mu_bwd=1) | grad=2.797 | tok/s=87,467 | tokens=5.12B
step=156410 | loss=4.1915 | lr=6.97e-05 | wd=0.0000 | mom=0.9500 | T=1.0 k=1.0 (mu_rec=1 mu_bwd=1) | grad=4.375 | tok/s=87,500 | tokens=5.13B
step=156420 | loss=4.5203 | lr=6.99e-05 | wd=0.0000 | mom=0.9500 | T=1.0 k=1.0 (mu_rec=1 mu_bwd=1) | grad=9.688 | tok/s=87,526 | tokens=5.13B
step=156430 | loss=4.3606 | lr=7.01e-05 | wd=0.0000 | mom=0.9500 | T=1.0 k=1.0 (mu_rec=1 mu_bwd=1) | grad=3.141 | tok/s=87,623 | tokens=5.13B
step=156440 | loss=4.3516 | lr=7.03e-05 | wd=0.0000 | mom=0.9500 | T=1.0 k=1.0 (mu_rec=1 mu_bwd=1) | grad=2.906 | tok/s=87,661 | tokens=5.13B
step=156450 | loss=4.2472 | lr=7.05e-05 | wd=0.0000 | mom=0.9500 | T=1.0 k=1.0 (mu_rec=1 mu_bwd=1) | grad=3.641 | tok/s=87,605 | tokens=5.13B
step=156460 | loss=4.2155 | lr=7.07e-05 | wd=0.0000 | mom=0.9500 | T=1.0 k=1.0 (mu_rec=1 mu_bwd=1) | grad=3.375 | tok/s=87,678 | tokens=5.13B
step=156470 | loss=4.2594 | lr=7.09e-05 | wd=0.0000 | mom=0.9500 | T=1.0 k=1.0 (mu_rec=1 mu_bwd=1) | grad=4.312 | tok/s=87,686 | tokens=5.13B
step=156480 | loss=4.1951 | lr=7.11e-05 | wd=0.0000 | mom=0.9500 | T=1.0 k=1.0 (mu_rec=1 mu_bwd=1) | grad=3.781 | tok/s=87,918 | tokens=5.13B
step=156490 | loss=4.2889 | lr=7.13e-05 | wd=0.0000 | mom=0.9500 | T=1.0 k=1.0 (mu_rec=1 mu_bwd=1) | grad=4.406 | tok/s=87,772 | tokens=5.13B
step=156500 | loss=4.5247 | lr=7.15e-05 | wd=0.0000 | mom=0.9500 | T=1.0 k=1.0 (mu_rec=1 mu_bwd=1) | grad=2.656 | tok/s=87,903 | tokens=5.13B
step=156510 | loss=4.3063 | lr=7.17e-05 | wd=0.0000 | mom=0.9500 | T=1.0 k=1.0 (mu_rec=1 mu_bwd=1) | grad=3.188 | tok/s=87,931 | tokens=5.13B
step=156520 | loss=4.3310 | lr=7.19e-05 | wd=0.0000 | mom=0.9500 | T=1.0 k=1.0 (mu_rec=1 mu_bwd=1) | grad=3.125 | tok/s=87,617 | tokens=5.13B
step=156530 | loss=4.1958 | lr=7.21e-05 | wd=0.0000 | mom=0.9500 | T=1.0 k=1.0 (mu_rec=1 mu_bwd=1) | grad=3.172 | tok/s=87,460 | tokens=5.13B
step=156540 | loss=4.3974 | lr=7.23e-05 | wd=0.0000 | mom=0.9500 | T=1.0 k=1.0 (mu_rec=1 mu_bwd=1) | grad=2.641 | tok/s=87,625 | tokens=5.13B
step=156550 | loss=4.2319 | lr=7.25e-05 | wd=0.0000 | mom=0.9500 | T=1.0 k=1.0 (mu_rec=1 mu_bwd=1) | grad=2.594 | tok/s=87,660 | tokens=5.13B
step=156560 | loss=4.2643 | lr=7.27e-05 | wd=0.0000 | mom=0.9500 | T=1.0 k=1.0 (mu_rec=1 mu_bwd=1) | grad=5.625 | tok/s=87,755 | tokens=5.13B
step=156570 | loss=4.2095 | lr=7.29e-05 | wd=0.0000 | mom=0.9500 | T=1.0 k=1.0 (mu_rec=1 mu_bwd=1) | grad=2.688 | tok/s=87,636 | tokens=5.13B
step=156580 | loss=4.2921 | lr=7.31e-05 | wd=0.0000 | mom=0.9500 | T=1.0 k=1.0 (mu_rec=1 mu_bwd=1) | grad=3.062 | tok/s=87,586 | tokens=5.13B
step=156590 | loss=4.2967 | lr=7.33e-05 | wd=0.0000 | mom=0.9500 | T=1.0 k=1.0 (mu_rec=1 mu_bwd=1) | grad=2.859 | tok/s=87,804 | tokens=5.13B
step=156600 | loss=4.1002 | lr=7.35e-05 | wd=0.0000 | mom=0.9500 | T=1.0 k=1.0 (mu_rec=1 mu_bwd=1) | grad=3.484 | tok/s=87,685 | tokens=5.13B
step=156610 | loss=4.0902 | lr=7.37e-05 | wd=0.0000 | mom=0.9500 | T=1.0 k=1.0 (mu_rec=1 mu_bwd=1) | grad=3.109 | tok/s=87,750 | tokens=5.13B
step=156620 | loss=4.1634 | lr=7.39e-05 | wd=0.0000 | mom=0.9500 | T=1.0 k=1.0 (mu_rec=1 mu_bwd=1) | grad=3.078 | tok/s=87,641 | tokens=5.13B
step=156630 | loss=4.3460 | lr=7.41e-05 | wd=0.0000 | mom=0.9500 | T=1.0 k=1.0 (mu_rec=1 mu_bwd=1) | grad=3.109 | tok/s=87,746 | tokens=5.13B
step=156640 | loss=4.3132 | lr=7.43e-05 | wd=0.0000 | mom=0.9500 | T=1.0 k=1.0 (mu_rec=1 mu_bwd=1) | grad=4.469 | tok/s=87,790 | tokens=5.13B
step=156650 | loss=4.3362 | lr=7.45e-05 | wd=0.0000 | mom=0.9500 | T=1.0 k=1.0 (mu_rec=1 mu_bwd=1) | grad=3.734 | tok/s=87,675 | tokens=5.13B
step=156660 | loss=4.2328 | lr=7.47e-05 | wd=0.0000 | mom=0.9500 | T=1.0 k=1.0 (mu_rec=1 mu_bwd=1) | grad=4.125 | tok/s=87,727 | tokens=5.13B
step=156670 | loss=4.2310 | lr=7.49e-05 | wd=0.0000 | mom=0.9500 | T=1.0 k=1.0 (mu_rec=1 mu_bwd=1) | grad=2.844 | tok/s=87,834 | tokens=5.13B
step=156680 | loss=4.4999 | lr=7.51e-05 | wd=0.0000 | mom=0.9500 | T=1.0 k=1.0 (mu_rec=1 mu_bwd=1) | grad=3.172 | tok/s=87,740 | tokens=5.13B
step=156690 | loss=4.4787 | lr=7.54e-05 | wd=0.0000 | mom=0.9500 | T=1.0 k=1.0 (mu_rec=1 mu_bwd=1) | grad=4.500 | tok/s=87,805 | tokens=5.13B
step=156700 | loss=4.1487 | lr=7.56e-05 | wd=0.0000 | mom=0.9500 | T=1.0 k=1.0 (mu_rec=1 mu_bwd=1) | grad=2.844 | tok/s=87,760 | tokens=5.13B
step=156710 | loss=4.3283 | lr=7.58e-05 | wd=0.0000 | mom=0.9500 | T=1.0 k=1.0 (mu_rec=1 mu_bwd=1) | grad=3.297 | tok/s=87,810 | tokens=5.14B
step=156720 | loss=4.0935 | lr=7.60e-05 | wd=0.0000 | mom=0.9500 | T=1.0 k=1.0 (mu_rec=1 mu_bwd=1) | grad=7.781 | tok/s=87,750 | tokens=5.14B
step=156730 | loss=4.3667 | lr=7.62e-05 | wd=0.0000 | mom=0.9500 | T=1.0 k=1.0 (mu_rec=1 mu_bwd=1) | grad=3.203 | tok/s=87,745 | tokens=5.14B
step=156740 | loss=4.3716 | lr=7.64e-05 | wd=0.0000 | mom=0.9500 | T=1.0 k=1.0 (mu_rec=1 mu_bwd=1) | grad=4.125 | tok/s=87,832 | tokens=5.14B
step=156750 | loss=4.2392 | lr=7.66e-05 | wd=0.0000 | mom=0.9500 | T=1.0 k=1.0 (mu_rec=1 mu_bwd=1) | grad=2.562 | tok/s=87,791 | tokens=5.14B
step=156760 | loss=4.3205 | lr=7.68e-05 | wd=0.0000 | mom=0.9500 | T=1.0 k=1.0 (mu_rec=1 mu_bwd=1) | grad=7.031 | tok/s=87,801 | tokens=5.14B
step=156770 | loss=4.2206 | lr=7.70e-05 | wd=0.0000 | mom=0.9500 | T=1.0 k=1.0 (mu_rec=1 mu_bwd=1) | grad=3.719 | tok/s=87,770 | tokens=5.14B
step=156780 | loss=4.1961 | lr=7.72e-05 | wd=0.0000 | mom=0.9500 | T=1.0 k=1.0 (mu_rec=1 mu_bwd=1) | grad=4.125 | tok/s=87,771 | tokens=5.14B
step=156790 | loss=4.2409 | lr=7.75e-05 | wd=0.0000 | mom=0.9500 | T=1.0 k=1.0 (mu_rec=1 mu_bwd=1) | grad=5.719 | tok/s=87,838 | tokens=5.14B
step=156800 | loss=4.4584 | lr=7.77e-05 | wd=0.0000 | mom=0.9500 | T=1.0 k=1.0 (mu_rec=1 mu_bwd=1) | grad=3.547 | tok/s=87,810 | tokens=5.14B
step=156810 | loss=4.5401 | lr=7.79e-05 | wd=0.0000 | mom=0.9500 | T=1.0 k=1.0 (mu_rec=1 mu_bwd=1) | grad=3.469 | tok/s=87,795 | tokens=5.14B
step=156820 | loss=4.1533 | lr=7.81e-05 | wd=0.0000 | mom=0.9500 | T=1.0 k=1.0 (mu_rec=1 mu_bwd=1) | grad=4.156 | tok/s=87,822 | tokens=5.14B
step=156830 | loss=4.2091 | lr=7.83e-05 | wd=0.0000 | mom=0.9500 | T=1.0 k=1.0 (mu_rec=1 mu_bwd=1) | grad=3.109 | tok/s=87,763 | tokens=5.14B
step=156840 | loss=4.3209 | lr=7.85e-05 | wd=0.0000 | mom=0.9500 | T=1.0 k=1.0 (mu_rec=1 mu_bwd=1) | grad=3.016 | tok/s=87,895 | tokens=5.14B
step=156850 | loss=4.4559 | lr=7.87e-05 | wd=0.0000 | mom=0.9500 | T=1.0 k=1.0 (mu_rec=1 mu_bwd=1) | grad=2.703 | tok/s=87,843 | tokens=5.14B
step=156860 | loss=4.3312 | lr=7.89e-05 | wd=0.0000 | mom=0.9500 | T=1.0 k=1.0 (mu_rec=1 mu_bwd=1) | grad=3.500 | tok/s=87,816 | tokens=5.14B
step=156870 | loss=4.1890 | lr=7.92e-05 | wd=0.0000 | mom=0.9500 | T=1.0 k=1.0 (mu_rec=1 mu_bwd=1) | grad=4.031 | tok/s=87,848 | tokens=5.14B
step=156880 | loss=4.4834 | lr=7.94e-05 | wd=0.0000 | mom=0.9500 | T=1.0 k=1.0 (mu_rec=1 mu_bwd=1) | grad=3.656 | tok/s=87,852 | tokens=5.14B
step=156890 | loss=4.4723 | lr=7.96e-05 | wd=0.0000 | mom=0.9500 | T=1.0 k=1.0 (mu_rec=1 mu_bwd=1) | grad=4.188 | tok/s=87,869 | tokens=5.14B
step=156900 | loss=4.0539 | lr=7.98e-05 | wd=0.0000 | mom=0.9500 | T=1.0 k=1.0 (mu_rec=1 mu_bwd=1) | grad=3.109 | tok/s=87,765 | tokens=5.14B
step=156910 | loss=4.2461 | lr=8.00e-05 | wd=0.0000 | mom=0.9500 | T=1.0 k=1.0 (mu_rec=1 mu_bwd=1) | grad=3.844 | tok/s=9,707 | tokens=5.14B
step=156920 | loss=4.1895 | lr=8.02e-05 | wd=0.0000 | mom=0.9500 | T=1.0 k=1.0 (mu_rec=1 mu_bwd=1) | grad=5.000 | tok/s=89,150 | tokens=5.14B
step=156930 | loss=4.3203 | lr=8.05e-05 | wd=0.0000 | mom=0.9500 | T=1.0 k=1.0 (mu_rec=1 mu_bwd=1) | grad=3.578 | tok/s=89,136 | tokens=5.14B
step=156940 | loss=4.2289 | lr=8.07e-05 | wd=0.0000 | mom=0.9500 | T=1.0 k=1.0 (mu_rec=1 mu_bwd=1) | grad=2.625 | tok/s=88,886 | tokens=5.14B
step=156950 | loss=4.2321 | lr=8.09e-05 | wd=0.0000 | mom=0.9500 | T=1.0 k=1.0 (mu_rec=1 mu_bwd=1) | grad=3.656 | tok/s=88,762 | tokens=5.14B
step=156960 | loss=4.1866 | lr=8.11e-05 | wd=0.0000 | mom=0.9500 | T=1.0 k=1.0 (mu_rec=1 mu_bwd=1) | grad=2.500 | tok/s=88,540 | tokens=5.14B
step=156970 | loss=4.2961 | lr=8.13e-05 | wd=0.0000 | mom=0.9500 | T=1.0 k=1.0 (mu_rec=1 mu_bwd=1) | grad=3.781 | tok/s=88,552 | tokens=5.14B
step=156980 | loss=4.4235 | lr=8.15e-05 | wd=0.0000 | mom=0.9500 | T=1.0 k=1.0 (mu_rec=1 mu_bwd=1) | grad=3.484 | tok/s=8,928 | tokens=5.14B
step=156990 | loss=4.1392 | lr=8.18e-05 | wd=0.0000 | mom=0.9500 | T=1.0 k=1.0 (mu_rec=1 mu_bwd=1) | grad=3.266 | tok/s=89,326 | tokens=5.14B
step=157000 | loss=4.2413 | lr=8.20e-05 | wd=0.0000 | mom=0.9500 | T=1.0 k=1.0 (mu_rec=1 mu_bwd=1) | grad=2.531 | tok/s=88,976 | tokens=5.14B
step=157010 | loss=4.2076 | lr=8.22e-05 | wd=0.0000 | mom=0.9500 | T=1.0 k=1.0 (mu_rec=1 mu_bwd=1) | grad=4.406 | tok/s=88,904 | tokens=5.14B
step=157020 | loss=4.0639 | lr=8.24e-05 | wd=0.0000 | mom=0.9500 | T=1.0 k=1.0 (mu_rec=1 mu_bwd=1) | grad=4.062 | tok/s=88,634 | tokens=5.15B
step=157030 | loss=4.2506 | lr=8.26e-05 | wd=0.0000 | mom=0.9500 | T=1.0 k=1.0 (mu_rec=1 mu_bwd=1) | grad=4.312 | tok/s=88,539 | tokens=5.15B
step=157040 | loss=4.3099 | lr=8.29e-05 | wd=0.0000 | mom=0.9500 | T=1.0 k=1.0 (mu_rec=1 mu_bwd=1) | grad=2.438 | tok/s=88,339 | tokens=5.15B
step=157050 | loss=4.3903 | lr=8.31e-05 | wd=0.0000 | mom=0.9500 | T=1.0 k=1.0 (mu_rec=1 mu_bwd=1) | grad=4.156 | tok/s=88,210 | tokens=5.15B
step=157060 | loss=4.4054 | lr=8.33e-05 | wd=0.0000 | mom=0.9500 | T=1.0 k=1.0 (mu_rec=1 mu_bwd=1) | grad=3.281 | tok/s=88,010 | tokens=5.15B
step=157070 | loss=4.4338 | lr=8.35e-05 | wd=0.0000 | mom=0.9500 | T=1.0 k=1.0 (mu_rec=1 mu_bwd=1) | grad=3.281 | tok/s=87,880 | tokens=5.15B
step=157080 | loss=4.2528 | lr=8.37e-05 | wd=0.0000 | mom=0.9500 | T=1.0 k=1.0 (mu_rec=1 mu_bwd=1) | grad=3.016 | tok/s=87,727 | tokens=5.15B
step=157090 | loss=4.2874 | lr=8.40e-05 | wd=0.0000 | mom=0.9500 | T=1.0 k=1.0 (mu_rec=1 mu_bwd=1) | grad=3.297 | tok/s=87,609 | tokens=5.15B
step=157100 | loss=4.4084 | lr=8.42e-05 | wd=0.0000 | mom=0.9500 | T=1.0 k=1.0 (mu_rec=1 mu_bwd=1) | grad=4.344 | tok/s=87,513 | tokens=5.15B
step=157110 | loss=4.2258 | lr=8.44e-05 | wd=0.0000 | mom=0.9500 | T=1.0 k=1.0 (mu_rec=1 mu_bwd=1) | grad=3.453 | tok/s=87,420 | tokens=5.15B
step=157120 | loss=4.3408 | lr=8.46e-05 | wd=0.0000 | mom=0.9500 | T=1.0 k=1.0 (mu_rec=1 mu_bwd=1) | grad=3.391 | tok/s=87,299 | tokens=5.15B
step=157130 | loss=4.2040 | lr=8.49e-05 | wd=0.0000 | mom=0.9500 | T=1.0 k=1.0 (mu_rec=1 mu_bwd=1) | grad=3.656 | tok/s=87,151 | tokens=5.15B
step=157140 | loss=4.4088 | lr=8.51e-05 | wd=0.0000 | mom=0.9500 | T=1.0 k=1.0 (mu_rec=1 mu_bwd=1) | grad=3.031 | tok/s=86,945 | tokens=5.15B
step=157150 | loss=4.0847 | lr=8.53e-05 | wd=0.0000 | mom=0.9500 | T=1.0 k=1.0 (mu_rec=1 mu_bwd=1) | grad=4.062 | tok/s=86,847 | tokens=5.15B
step=157160 | loss=4.2617 | lr=8.55e-05 | wd=0.0000 | mom=0.9500 | T=1.0 k=1.0 (mu_rec=1 mu_bwd=1) | grad=3.750 | tok/s=86,695 | tokens=5.15B
step=157170 | loss=4.2613 | lr=8.58e-05 | wd=0.0000 | mom=0.9500 | T=1.0 k=1.0 (mu_rec=1 mu_bwd=1) | grad=3.031 | tok/s=86,677 | tokens=5.15B
step=157180 | loss=4.2434 | lr=8.60e-05 | wd=0.0000 | mom=0.9500 | T=1.0 k=1.0 (mu_rec=1 mu_bwd=1) | grad=2.766 | tok/s=86,735 | tokens=5.15B
step=157190 | loss=4.1292 | lr=8.62e-05 | wd=0.0000 | mom=0.9500 | T=1.0 k=1.0 (mu_rec=1 mu_bwd=1) | grad=4.844 | tok/s=86,701 | tokens=5.15B
step=157200 | loss=4.3662 | lr=8.64e-05 | wd=0.0000 | mom=0.9500 | T=1.0 k=1.0 (mu_rec=1 mu_bwd=1) | grad=3.438 | tok/s=86,739 | tokens=5.15B
step=157210 | loss=4.3644 | lr=8.67e-05 | wd=0.0000 | mom=0.9500 | T=1.0 k=1.0 (mu_rec=1 mu_bwd=1) | grad=6.781 | tok/s=86,582 | tokens=5.15B
step=157220 | loss=3.9728 | lr=8.69e-05 | wd=0.0000 | mom=0.9500 | T=1.0 k=1.0 (mu_rec=1 mu_bwd=1) | grad=5.000 | tok/s=86,654 | tokens=5.15B
step=157230 | loss=4.4351 | lr=8.71e-05 | wd=0.0000 | mom=0.9500 | T=1.0 k=1.0 (mu_rec=1 mu_bwd=1) | grad=4.531 | tok/s=86,706 | tokens=5.15B
step=157240 | loss=4.4137 | lr=8.73e-05 | wd=0.0000 | mom=0.9500 | T=1.0 k=1.0 (mu_rec=1 mu_bwd=1) | grad=2.547 | tok/s=86,753 | tokens=5.15B
step=157250 | loss=4.0827 | lr=8.76e-05 | wd=0.0000 | mom=0.9500 | T=1.0 k=1.0 (mu_rec=1 mu_bwd=1) | grad=2.703 | tok/s=86,829 | tokens=5.15B
step=157260 | loss=4.1289 | lr=8.78e-05 | wd=0.0000 | mom=0.9500 | T=1.0 k=1.0 (mu_rec=1 mu_bwd=1) | grad=2.938 | tok/s=87,014 | tokens=5.15B
step=157270 | loss=4.4232 | lr=8.80e-05 | wd=0.0000 | mom=0.9500 | T=1.0 k=1.0 (mu_rec=1 mu_bwd=1) | grad=4.062 | tok/s=87,100 | tokens=5.15B
step=157280 | loss=4.3292 | lr=8.82e-05 | wd=0.0000 | mom=0.9500 | T=1.0 k=1.0 (mu_rec=1 mu_bwd=1) | grad=2.672 | tok/s=87,175 | tokens=5.15B
step=157290 | loss=4.2789 | lr=8.85e-05 | wd=0.0000 | mom=0.9500 | T=1.0 k=1.0 (mu_rec=1 mu_bwd=1) | grad=5.156 | tok/s=87,381 | tokens=5.15B
step=157300 | loss=4.2396 | lr=8.87e-05 | wd=0.0000 | mom=0.9500 | T=1.0 k=1.0 (mu_rec=1 mu_bwd=1) | grad=3.016 | tok/s=87,386 | tokens=5.15B
step=157310 | loss=4.2677 | lr=8.89e-05 | wd=0.0000 | mom=0.9500 | T=1.0 k=1.0 (mu_rec=1 mu_bwd=1) | grad=3.375 | tok/s=87,510 | tokens=5.15B
step=157320 | loss=4.2205 | lr=8.92e-05 | wd=0.0000 | mom=0.9500 | T=1.0 k=1.0 (mu_rec=1 mu_bwd=1) | grad=2.797 | tok/s=87,570 | tokens=5.16B
step=157330 | loss=4.2740 | lr=8.94e-05 | wd=0.0000 | mom=0.9500 | T=1.0 k=1.0 (mu_rec=1 mu_bwd=1) | grad=2.641 | tok/s=87,483 | tokens=5.16B
step=157340 | loss=4.4973 | lr=8.96e-05 | wd=0.0000 | mom=0.9500 | T=1.0 k=1.0 (mu_rec=1 mu_bwd=1) | grad=4.188 | tok/s=87,237 | tokens=5.16B
step=157350 | loss=4.5365 | lr=8.99e-05 | wd=0.0000 | mom=0.9500 | T=1.0 k=1.0 (mu_rec=1 mu_bwd=1) | grad=3.062 | tok/s=87,464 | tokens=5.16B
step=157360 | loss=4.2714 | lr=9.01e-05 | wd=0.0000 | mom=0.9500 | T=1.0 k=1.0 (mu_rec=1 mu_bwd=1) | grad=3.609 | tok/s=87,460 | tokens=5.16B
step=157370 | loss=4.4242 | lr=9.03e-05 | wd=0.0000 | mom=0.9500 | T=1.0 k=1.0 (mu_rec=1 mu_bwd=1) | grad=2.969 | tok/s=87,435 | tokens=5.16B
step=157380 | loss=4.3100 | lr=9.06e-05 | wd=0.0000 | mom=0.9500 | T=1.0 k=1.0 (mu_rec=1 mu_bwd=1) | grad=2.984 | tok/s=87,572 | tokens=5.16B
step=157390 | loss=4.2277 | lr=9.08e-05 | wd=0.0000 | mom=0.9500 | T=1.0 k=1.0 (mu_rec=1 mu_bwd=1) | grad=5.031 | tok/s=87,561 | tokens=5.16B
step=157400 | loss=4.1395 | lr=9.10e-05 | wd=0.0000 | mom=0.9500 | T=1.0 k=1.0 (mu_rec=1 mu_bwd=1) | grad=3.000 | tok/s=87,557 | tokens=5.16B
step=157410 | loss=4.2223 | lr=9.12e-05 | wd=0.0000 | mom=0.9500 | T=1.0 k=1.0 (mu_rec=1 mu_bwd=1) | grad=5.375 | tok/s=87,523 | tokens=5.16B
step=157420 | loss=4.4008 | lr=9.15e-05 | wd=0.0000 | mom=0.9500 | T=1.0 k=1.0 (mu_rec=1 mu_bwd=1) | grad=5.125 | tok/s=87,601 | tokens=5.16B
step=157430 | loss=4.3068 | lr=9.17e-05 | wd=0.0000 | mom=0.9500 | T=1.0 k=1.0 (mu_rec=1 mu_bwd=1) | grad=5.094 | tok/s=87,591 | tokens=5.16B
step=157440 | loss=4.1350 | lr=9.19e-05 | wd=0.0000 | mom=0.9500 | T=1.0 k=1.0 (mu_rec=1 mu_bwd=1) | grad=4.844 | tok/s=87,443 | tokens=5.16B
step=157450 | loss=4.2192 | lr=9.22e-05 | wd=0.0000 | mom=0.9500 | T=1.0 k=1.0 (mu_rec=1 mu_bwd=1) | grad=2.875 | tok/s=87,724 | tokens=5.16B
step=157460 | loss=4.2856 | lr=9.24e-05 | wd=0.0000 | mom=0.9500 | T=1.0 k=1.0 (mu_rec=1 mu_bwd=1) | grad=5.312 | tok/s=87,699 | tokens=5.16B
step=157470 | loss=4.1321 | lr=9.27e-05 | wd=0.0000 | mom=0.9500 | T=1.0 k=1.0 (mu_rec=1 mu_bwd=1) | grad=8.125 | tok/s=87,650 | tokens=5.16B
step=157480 | loss=3.9964 | lr=9.29e-05 | wd=0.0000 | mom=0.9500 | T=1.0 k=1.0 (mu_rec=1 mu_bwd=1) | grad=7.781 | tok/s=87,665 | tokens=5.16B
step=157490 | loss=4.4190 | lr=9.31e-05 | wd=0.0000 | mom=0.9500 | T=1.0 k=1.0 (mu_rec=1 mu_bwd=1) | grad=3.547 | tok/s=87,647 | tokens=5.16B
step=157500 | loss=4.3111 | lr=9.34e-05 | wd=0.0000 | mom=0.9500 | T=1.0 k=1.0 (mu_rec=1 mu_bwd=1) | grad=3.328 | tok/s=87,617 | tokens=5.16B
step=157510 | loss=4.3493 | lr=9.36e-05 | wd=0.0000 | mom=0.9500 | T=1.0 k=1.0 (mu_rec=1 mu_bwd=1) | grad=3.406 | tok/s=87,708 | tokens=5.16B
step=157520 | loss=4.2510 | lr=9.38e-05 | wd=0.0000 | mom=0.9500 | T=1.0 k=1.0 (mu_rec=1 mu_bwd=1) | grad=3.719 | tok/s=87,595 | tokens=5.16B
step=157530 | loss=4.2962 | lr=9.41e-05 | wd=0.0000 | mom=0.9500 | T=1.0 k=1.0 (mu_rec=1 mu_bwd=1) | grad=3.453 | tok/s=87,730 | tokens=5.16B
step=157540 | loss=4.1113 | lr=9.43e-05 | wd=0.0000 | mom=0.9500 | T=1.0 k=1.0 (mu_rec=1 mu_bwd=1) | grad=4.688 | tok/s=87,775 | tokens=5.16B
step=157550 | loss=4.2896 | lr=9.45e-05 | wd=0.0000 | mom=0.9500 | T=1.0 k=1.0 (mu_rec=1 mu_bwd=1) | grad=2.781 | tok/s=87,652 | tokens=5.16B
step=157560 | loss=4.3648 | lr=9.48e-05 | wd=0.0000 | mom=0.9500 | T=1.0 k=1.0 (mu_rec=1 mu_bwd=1) | grad=3.922 | tok/s=87,705 | tokens=5.16B
step=157570 | loss=4.2342 | lr=9.50e-05 | wd=0.0000 | mom=0.9500 | T=1.0 k=1.0 (mu_rec=1 mu_bwd=1) | grad=2.641 | tok/s=87,795 | tokens=5.16B
step=157580 | loss=4.1775 | lr=9.52e-05 | wd=0.0000 | mom=0.9500 | T=1.0 k=1.0 (mu_rec=1 mu_bwd=1) | grad=2.750 | tok/s=87,711 | tokens=5.16B
step=157590 | loss=4.4627 | lr=9.55e-05 | wd=0.0000 | mom=0.9500 | T=1.0 k=1.0 (mu_rec=1 mu_bwd=1) | grad=4.312 | tok/s=87,780 | tokens=5.16B
step=157600 | loss=4.3243 | lr=9.57e-05 | wd=0.0000 | mom=0.9500 | T=1.0 k=1.0 (mu_rec=1 mu_bwd=1) | grad=3.531 | tok/s=87,708 | tokens=5.16B
step=157610 | loss=4.7438 | lr=9.60e-05 | wd=0.0000 | mom=0.9500 | T=1.0 k=1.0 (mu_rec=1 mu_bwd=1) | grad=3.219 | tok/s=87,773 | tokens=5.16B
step=157620 | loss=4.1173 | lr=9.62e-05 | wd=0.0000 | mom=0.9500 | T=1.0 k=1.0 (mu_rec=1 mu_bwd=1) | grad=4.688 | tok/s=87,767 | tokens=5.16B
step=157630 | loss=4.4345 | lr=9.64e-05 | wd=0.0000 | mom=0.9500 | T=1.0 k=1.0 (mu_rec=1 mu_bwd=1) | grad=2.953 | tok/s=87,806 | tokens=5.17B
step=157640 | loss=4.2121 | lr=9.67e-05 | wd=0.0000 | mom=0.9500 | T=1.0 k=1.0 (mu_rec=1 mu_bwd=1) | grad=4.250 | tok/s=87,768 | tokens=5.17B
step=157650 | loss=4.1667 | lr=9.69e-05 | wd=0.0000 | mom=0.9500 | T=1.0 k=1.0 (mu_rec=1 mu_bwd=1) | grad=6.281 | tok/s=87,856 | tokens=5.17B
step=157660 | loss=4.4281 | lr=9.72e-05 | wd=0.0000 | mom=0.9500 | T=1.0 k=1.0 (mu_rec=1 mu_bwd=1) | grad=3.688 | tok/s=87,844 | tokens=5.17B
step=157670 | loss=4.4154 | lr=9.74e-05 | wd=0.0000 | mom=0.9500 | T=1.0 k=1.0 (mu_rec=1 mu_bwd=1) | grad=2.641 | tok/s=87,877 | tokens=5.17B
step=157680 | loss=4.1927 | lr=9.76e-05 | wd=0.0000 | mom=0.9500 | T=1.0 k=1.0 (mu_rec=1 mu_bwd=1) | grad=2.453 | tok/s=87,810 | tokens=5.17B
step=157690 | loss=4.0879 | lr=9.79e-05 | wd=0.0000 | mom=0.9500 | T=1.0 k=1.0 (mu_rec=1 mu_bwd=1) | grad=5.156 | tok/s=87,657 | tokens=5.17B
step=157700 | loss=4.2284 | lr=9.81e-05 | wd=0.0000 | mom=0.9500 | T=1.0 k=1.0 (mu_rec=1 mu_bwd=1) | grad=3.203 | tok/s=9,138 | tokens=5.17B
step=157710 | loss=4.4018 | lr=9.84e-05 | wd=0.0000 | mom=0.9500 | T=1.0 k=1.0 (mu_rec=1 mu_bwd=1) | grad=2.953 | tok/s=89,129 | tokens=5.17B
step=157720 | loss=4.4243 | lr=9.86e-05 | wd=0.0000 | mom=0.9500 | T=1.0 k=1.0 (mu_rec=1 mu_bwd=1) | grad=2.719 | tok/s=89,087 | tokens=5.17B
step=157730 | loss=4.2916 | lr=9.89e-05 | wd=0.0000 | mom=0.9500 | T=1.0 k=1.0 (mu_rec=1 mu_bwd=1) | grad=3.578 | tok/s=88,821 | tokens=5.17B
step=157740 | loss=4.3435 | lr=9.91e-05 | wd=0.0000 | mom=0.9500 | T=1.0 k=1.0 (mu_rec=1 mu_bwd=1) | grad=3.641 | tok/s=88,743 | tokens=5.17B
step=157750 | loss=4.4334 | lr=9.93e-05 | wd=0.0000 | mom=0.9500 | T=1.0 k=1.0 (mu_rec=1 mu_bwd=1) | grad=3.234 | tok/s=88,579 | tokens=5.17B
step=157760 | loss=4.2381 | lr=9.96e-05 | wd=0.0000 | mom=0.9500 | T=1.0 k=1.0 (mu_rec=1 mu_bwd=1) | grad=3.016 | tok/s=88,481 | tokens=5.17B
step=157770 | loss=4.4482 | lr=9.98e-05 | wd=0.0000 | mom=0.9500 | T=1.0 k=1.0 (mu_rec=1 mu_bwd=1) | grad=2.969 | tok/s=88,337 | tokens=5.17B
step=157780 | loss=4.3708 | lr=1.00e-04 | wd=0.0000 | mom=0.9500 | T=1.0 k=1.0 (mu_rec=1 mu_bwd=1) | grad=3.328 | tok/s=88,331 | tokens=5.17B
step=157790 | loss=4.1249 | lr=1.00e-04 | wd=0.0000 | mom=0.9500 | T=1.0 k=1.0 (mu_rec=1 mu_bwd=1) | grad=5.500 | tok/s=88,185 | tokens=5.17B
step=157800 | loss=4.3440 | lr=1.01e-04 | wd=0.0000 | mom=0.9500 | T=1.0 k=1.0 (mu_rec=1 mu_bwd=1) | grad=2.766 | tok/s=88,243 | tokens=5.17B
step=157810 | loss=4.0524 | lr=1.01e-04 | wd=0.0000 | mom=0.9500 | T=1.0 k=1.0 (mu_rec=1 mu_bwd=1) | grad=4.750 | tok/s=88,034 | tokens=5.17B
step=157820 | loss=4.2297 | lr=1.01e-04 | wd=0.0000 | mom=0.9500 | T=1.0 k=1.0 (mu_rec=1 mu_bwd=1) | grad=3.172 | tok/s=87,919 | tokens=5.17B
step=157830 | loss=4.3522 | lr=1.01e-04 | wd=0.0000 | mom=0.9500 | T=1.0 k=1.0 (mu_rec=1 mu_bwd=1) | grad=3.203 | tok/s=8,311 | tokens=5.17B
step=157840 | loss=4.2617 | lr=1.02e-04 | wd=0.0000 | mom=0.9500 | T=1.0 k=1.0 (mu_rec=1 mu_bwd=1) | grad=3.531 | tok/s=89,025 | tokens=5.17B
step=157850 | loss=4.2998 | lr=1.02e-04 | wd=0.0000 | mom=0.9500 | T=1.0 k=1.0 (mu_rec=1 mu_bwd=1) | grad=3.578 | tok/s=88,773 | tokens=5.17B
step=157860 | loss=4.6163 | lr=1.02e-04 | wd=0.0000 | mom=0.9500 | T=1.0 k=1.0 (mu_rec=1 mu_bwd=1) | grad=3.344 | tok/s=88,574 | tokens=5.17B
step=157870 | loss=4.4797 | lr=1.02e-04 | wd=0.0000 | mom=0.9500 | T=1.0 k=1.0 (mu_rec=1 mu_bwd=1) | grad=3.359 | tok/s=88,429 | tokens=5.17B
step=157880 | loss=4.3564 | lr=1.03e-04 | wd=0.0000 | mom=0.9500 | T=1.0 k=1.0 (mu_rec=1 mu_bwd=1) | grad=2.938 | tok/s=88,280 | tokens=5.17B
step=157890 | loss=4.3311 | lr=1.03e-04 | wd=0.0000 | mom=0.9500 | T=1.0 k=1.0 (mu_rec=1 mu_bwd=1) | grad=3.891 | tok/s=88,281 | tokens=5.17B
step=157900 | loss=4.1907 | lr=1.03e-04 | wd=0.0000 | mom=0.9500 | T=1.0 k=1.0 (mu_rec=1 mu_bwd=1) | grad=3.922 | tok/s=88,012 | tokens=5.17B
step=157910 | loss=4.2515 | lr=1.03e-04 | wd=0.0000 | mom=0.9500 | T=1.0 k=1.0 (mu_rec=1 mu_bwd=1) | grad=4.188 | tok/s=87,805 | tokens=5.17B
step=157920 | loss=4.6716 | lr=1.04e-04 | wd=0.0000 | mom=0.9500 | T=1.0 k=1.0 (mu_rec=1 mu_bwd=1) | grad=2.578 | tok/s=87,785 | tokens=5.17B
step=157930 | loss=4.1438 | lr=1.04e-04 | wd=0.0000 | mom=0.9500 | T=1.0 k=1.0 (mu_rec=1 mu_bwd=1) | grad=2.391 | tok/s=87,543 | tokens=5.18B
step=157940 | loss=4.1905 | lr=1.04e-04 | wd=0.0000 | mom=0.9500 | T=1.0 k=1.0 (mu_rec=1 mu_bwd=1) | grad=2.469 | tok/s=87,556 | tokens=5.18B
step=157950 | loss=4.4090 | lr=1.04e-04 | wd=0.0000 | mom=0.9500 | T=1.0 k=1.0 (mu_rec=1 mu_bwd=1) | grad=3.094 | tok/s=87,242 | tokens=5.18B
step=157960 | loss=4.0922 | lr=1.04e-04 | wd=0.0000 | mom=0.9500 | T=1.0 k=1.0 (mu_rec=1 mu_bwd=1) | grad=3.016 | tok/s=87,215 | tokens=5.18B
step=157970 | loss=4.3753 | lr=1.05e-04 | wd=0.0000 | mom=0.9500 | T=1.0 k=1.0 (mu_rec=1 mu_bwd=1) | grad=2.688 | tok/s=87,068 | tokens=5.18B
step=157980 | loss=4.3016 | lr=1.05e-04 | wd=0.0000 | mom=0.9500 | T=1.0 k=1.0 (mu_rec=1 mu_bwd=1) | grad=4.219 | tok/s=86,874 | tokens=5.18B
step=157990 | loss=4.0129 | lr=1.05e-04 | wd=0.0000 | mom=0.9500 | T=1.0 k=1.0 (mu_rec=1 mu_bwd=1) | grad=5.750 | tok/s=86,909 | tokens=5.18B
step=158000 | loss=4.2684 | lr=1.05e-04 | wd=0.0000 | mom=0.9500 | T=1.0 k=1.0 (mu_rec=1 mu_bwd=1) | grad=3.281 | tok/s=87,032 | tokens=5.18B
[step 158000] Saved -> runs/pythia-5b/checkpoint_0158000
[step 158000] Pruned -> runs/pythia-5b/checkpoint_0152584
step=158010 | loss=4.3489 | lr=1.06e-04 | wd=0.0000 | mom=0.9500 | T=1.0 k=1.0 (mu_rec=1 mu_bwd=1) | grad=3.109 | tok/s=71,785 | tokens=5.18B
step=158020 | loss=4.2403 | lr=1.06e-04 | wd=0.0000 | mom=0.9500 | T=1.0 k=1.0 (mu_rec=1 mu_bwd=1) | grad=3.266 | tok/s=86,890 | tokens=5.18B
step=158030 | loss=3.8114 | lr=1.06e-04 | wd=0.0000 | mom=0.9500 | T=1.0 k=1.0 (mu_rec=1 mu_bwd=1) | grad=3.188 | tok/s=86,773 | tokens=5.18B
step=158040 | loss=4.1832 | lr=1.06e-04 | wd=0.0000 | mom=0.9500 | T=1.0 k=1.0 (mu_rec=1 mu_bwd=1) | grad=3.578 | tok/s=86,701 | tokens=5.18B
step=158050 | loss=4.1322 | lr=1.07e-04 | wd=0.0000 | mom=0.9500 | T=1.0 k=1.0 (mu_rec=1 mu_bwd=1) | grad=4.281 | tok/s=86,731 | tokens=5.18B
step=158060 | loss=3.9714 | lr=1.07e-04 | wd=0.0000 | mom=0.9500 | T=1.0 k=1.0 (mu_rec=1 mu_bwd=1) | grad=10.562 | tok/s=86,749 | tokens=5.18B
step=158070 | loss=4.2062 | lr=1.07e-04 | wd=0.0000 | mom=0.9500 | T=1.0 k=1.0 (mu_rec=1 mu_bwd=1) | grad=3.141 | tok/s=86,746 | tokens=5.18B
step=158080 | loss=4.2957 | lr=1.07e-04 | wd=0.0000 | mom=0.9500 | T=1.0 k=1.0 (mu_rec=1 mu_bwd=1) | grad=3.312 | tok/s=86,831 | tokens=5.18B
step=158090 | loss=4.3103 | lr=1.08e-04 | wd=0.0000 | mom=0.9500 | T=1.0 k=1.0 (mu_rec=1 mu_bwd=1) | grad=4.969 | tok/s=86,888 | tokens=5.18B
step=158100 | loss=4.4452 | lr=1.08e-04 | wd=0.0000 | mom=0.9500 | T=1.0 k=1.0 (mu_rec=1 mu_bwd=1) | grad=4.344 | tok/s=87,033 | tokens=5.18B
step=158110 | loss=4.2217 | lr=1.08e-04 | wd=0.0000 | mom=0.9500 | T=1.0 k=1.0 (mu_rec=1 mu_bwd=1) | grad=2.641 | tok/s=87,136 | tokens=5.18B
step=158120 | loss=4.2081 | lr=1.09e-04 | wd=0.0000 | mom=0.9500 | T=1.0 k=1.0 (mu_rec=1 mu_bwd=1) | grad=6.406 | tok/s=87,209 | tokens=5.18B
step=158130 | loss=4.4523 | lr=1.09e-04 | wd=0.0000 | mom=0.9500 | T=1.0 k=1.0 (mu_rec=1 mu_bwd=1) | grad=4.438 | tok/s=87,268 | tokens=5.18B
step=158140 | loss=4.2874 | lr=1.09e-04 | wd=0.0000 | mom=0.9500 | T=1.0 k=1.0 (mu_rec=1 mu_bwd=1) | grad=3.000 | tok/s=87,362 | tokens=5.18B
step=158150 | loss=4.4705 | lr=1.09e-04 | wd=0.0000 | mom=0.9500 | T=1.0 k=1.0 (mu_rec=1 mu_bwd=1) | grad=3.578 | tok/s=87,418 | tokens=5.18B
step=158160 | loss=4.6136 | lr=1.10e-04 | wd=0.0000 | mom=0.9500 | T=1.0 k=1.0 (mu_rec=1 mu_bwd=1) | grad=4.062 | tok/s=87,429 | tokens=5.18B
step=158170 | loss=4.4377 | lr=1.10e-04 | wd=0.0000 | mom=0.9500 | T=1.0 k=1.0 (mu_rec=1 mu_bwd=1) | grad=3.141 | tok/s=87,390 | tokens=5.18B
step=158180 | loss=4.6562 | lr=1.10e-04 | wd=0.0000 | mom=0.9500 | T=1.0 k=1.0 (mu_rec=1 mu_bwd=1) | grad=3.688 | tok/s=87,551 | tokens=5.18B
step=158190 | loss=4.5674 | lr=1.10e-04 | wd=0.0000 | mom=0.9500 | T=1.0 k=1.0 (mu_rec=1 mu_bwd=1) | grad=2.875 | tok/s=87,550 | tokens=5.18B
step=158200 | loss=4.5727 | lr=1.11e-04 | wd=0.0000 | mom=0.9500 | T=1.0 k=1.0 (mu_rec=1 mu_bwd=1) | grad=3.656 | tok/s=87,611 | tokens=5.18B
step=158210 | loss=4.5952 | lr=1.11e-04 | wd=0.0000 | mom=0.9500 | T=1.0 k=1.0 (mu_rec=1 mu_bwd=1) | grad=3.703 | tok/s=87,644 | tokens=5.18B
step=158220 | loss=4.1967 | lr=1.11e-04 | wd=0.0000 | mom=0.9500 | T=1.0 k=1.0 (mu_rec=1 mu_bwd=1) | grad=3.250 | tok/s=87,720 | tokens=5.18B
step=158230 | loss=4.1320 | lr=1.11e-04 | wd=0.0000 | mom=0.9500 | T=1.0 k=1.0 (mu_rec=1 mu_bwd=1) | grad=3.578 | tok/s=87,748 | tokens=5.18B
step=158240 | loss=4.4195 | lr=1.12e-04 | wd=0.0000 | mom=0.9500 | T=1.0 k=1.0 (mu_rec=1 mu_bwd=1) | grad=3.000 | tok/s=87,693 | tokens=5.19B
step=158250 | loss=4.0622 | lr=1.12e-04 | wd=0.0000 | mom=0.9500 | T=1.0 k=1.0 (mu_rec=1 mu_bwd=1) | grad=7.438 | tok/s=87,762 | tokens=5.19B
step=158260 | loss=4.3614 | lr=1.12e-04 | wd=0.0000 | mom=0.9500 | T=1.0 k=1.0 (mu_rec=1 mu_bwd=1) | grad=5.688 | tok/s=87,435 | tokens=5.19B
step=158270 | loss=4.2354 | lr=1.12e-04 | wd=0.0000 | mom=0.9500 | T=1.0 k=1.0 (mu_rec=1 mu_bwd=1) | grad=3.281 | tok/s=87,565 | tokens=5.19B
step=158280 | loss=4.3245 | lr=1.13e-04 | wd=0.0000 | mom=0.9500 | T=1.0 k=1.0 (mu_rec=1 mu_bwd=1) | grad=3.984 | tok/s=87,583 | tokens=5.19B
step=158290 | loss=4.6707 | lr=1.13e-04 | wd=0.0000 | mom=0.9500 | T=1.0 k=1.0 (mu_rec=1 mu_bwd=1) | grad=4.719 | tok/s=87,595 | tokens=5.19B
step=158300 | loss=4.3646 | lr=1.13e-04 | wd=0.0000 | mom=0.9500 | T=1.0 k=1.0 (mu_rec=1 mu_bwd=1) | grad=2.859 | tok/s=87,456 | tokens=5.19B
step=158310 | loss=4.4701 | lr=1.13e-04 | wd=0.0000 | mom=0.9500 | T=1.0 k=1.0 (mu_rec=1 mu_bwd=1) | grad=4.031 | tok/s=87,564 | tokens=5.19B
step=158320 | loss=3.9129 | lr=1.14e-04 | wd=0.0000 | mom=0.9500 | T=1.0 k=1.0 (mu_rec=1 mu_bwd=1) | grad=2.906 | tok/s=87,655 | tokens=5.19B
step=158330 | loss=4.2517 | lr=1.14e-04 | wd=0.0000 | mom=0.9500 | T=1.0 k=1.0 (mu_rec=1 mu_bwd=1) | grad=3.344 | tok/s=87,505 | tokens=5.19B
step=158340 | loss=4.2452 | lr=1.14e-04 | wd=0.0000 | mom=0.9500 | T=1.0 k=1.0 (mu_rec=1 mu_bwd=1) | grad=2.797 | tok/s=87,675 | tokens=5.19B
step=158350 | loss=4.2349 | lr=1.14e-04 | wd=0.0000 | mom=0.9500 | T=1.0 k=1.0 (mu_rec=1 mu_bwd=1) | grad=3.125 | tok/s=87,593 | tokens=5.19B
step=158360 | loss=4.3431 | lr=1.15e-04 | wd=0.0000 | mom=0.9500 | T=1.0 k=1.0 (mu_rec=1 mu_bwd=1) | grad=3.312 | tok/s=87,616 | tokens=5.19B
step=158370 | loss=4.4220 | lr=1.15e-04 | wd=0.0000 | mom=0.9500 | T=1.0 k=1.0 (mu_rec=1 mu_bwd=1) | grad=3.016 | tok/s=87,693 | tokens=5.19B
step=158380 | loss=4.2885 | lr=1.15e-04 | wd=0.0000 | mom=0.9500 | T=1.0 k=1.0 (mu_rec=1 mu_bwd=1) | grad=4.719 | tok/s=87,686 | tokens=5.19B
step=158390 | loss=4.1592 | lr=1.15e-04 | wd=0.0000 | mom=0.9500 | T=1.0 k=1.0 (mu_rec=1 mu_bwd=1) | grad=2.844 | tok/s=87,643 | tokens=5.19B
step=158400 | loss=4.5131 | lr=1.16e-04 | wd=0.0000 | mom=0.9500 | T=1.0 k=1.0 (mu_rec=1 mu_bwd=1) | grad=3.312 | tok/s=87,588 | tokens=5.19B
step=158410 | loss=4.4845 | lr=1.16e-04 | wd=0.0000 | mom=0.9500 | T=1.0 k=1.0 (mu_rec=1 mu_bwd=1) | grad=2.656 | tok/s=87,708 | tokens=5.19B
step=158420 | loss=4.3245 | lr=1.16e-04 | wd=0.0000 | mom=0.9500 | T=1.0 k=1.0 (mu_rec=1 mu_bwd=1) | grad=4.719 | tok/s=87,698 | tokens=5.19B
step=158430 | loss=4.2548 | lr=1.16e-04 | wd=0.0000 | mom=0.9500 | T=1.0 k=1.0 (mu_rec=1 mu_bwd=1) | grad=3.031 | tok/s=87,625 | tokens=5.19B
step=158440 | loss=4.0510 | lr=1.17e-04 | wd=0.0000 | mom=0.9500 | T=1.0 k=1.0 (mu_rec=1 mu_bwd=1) | grad=3.547 | tok/s=87,591 | tokens=5.19B
step=158450 | loss=4.4700 | lr=1.17e-04 | wd=0.0000 | mom=0.9500 | T=1.0 k=1.0 (mu_rec=1 mu_bwd=1) | grad=2.688 | tok/s=87,754 | tokens=5.19B
step=158460 | loss=4.4028 | lr=1.17e-04 | wd=0.0000 | mom=0.9500 | T=1.0 k=1.0 (mu_rec=1 mu_bwd=1) | grad=2.938 | tok/s=87,715 | tokens=5.19B
step=158470 | loss=4.2473 | lr=1.17e-04 | wd=0.0000 | mom=0.9500 | T=1.0 k=1.0 (mu_rec=1 mu_bwd=1) | grad=3.812 | tok/s=87,510 | tokens=5.19B
step=158480 | loss=4.7012 | lr=1.18e-04 | wd=0.0000 | mom=0.9500 | T=1.0 k=1.0 (mu_rec=1 mu_bwd=1) | grad=3.516 | tok/s=87,603 | tokens=5.19B
step=158490 | loss=4.5225 | lr=1.18e-04 | wd=0.0000 | mom=0.9500 | T=1.0 k=1.0 (mu_rec=1 mu_bwd=1) | grad=3.453 | tok/s=87,690 | tokens=5.19B
step=158500 | loss=4.8275 | lr=1.18e-04 | wd=0.0000 | mom=0.9500 | T=1.0 k=1.0 (mu_rec=1 mu_bwd=1) | grad=3.781 | tok/s=87,660 | tokens=5.19B
step=158510 | loss=4.3289 | lr=1.19e-04 | wd=0.0000 | mom=0.9500 | T=1.0 k=1.0 (mu_rec=1 mu_bwd=1) | grad=3.406 | tok/s=87,703 | tokens=5.19B
step=158520 | loss=4.2735 | lr=1.19e-04 | wd=0.0000 | mom=0.9500 | T=1.0 k=1.0 (mu_rec=1 mu_bwd=1) | grad=3.594 | tok/s=87,717 | tokens=5.19B
step=158530 | loss=4.5757 | lr=1.19e-04 | wd=0.0000 | mom=0.9500 | T=1.0 k=1.0 (mu_rec=1 mu_bwd=1) | grad=3.828 | tok/s=87,771 | tokens=5.19B
step=158540 | loss=4.3102 | lr=1.19e-04 | wd=0.0000 | mom=0.9500 | T=1.0 k=1.0 (mu_rec=1 mu_bwd=1) | grad=5.406 | tok/s=8,195 | tokens=5.20B
step=158550 | loss=4.3280 | lr=1.20e-04 | wd=0.0000 | mom=0.9500 | T=1.0 k=1.0 (mu_rec=1 mu_bwd=1) | grad=3.391 | tok/s=89,186 | tokens=5.20B
step=158560 | loss=4.4070 | lr=1.20e-04 | wd=0.0000 | mom=0.9500 | T=1.0 k=1.0 (mu_rec=1 mu_bwd=1) | grad=7.312 | tok/s=89,125 | tokens=5.20B
step=158570 | loss=4.3073 | lr=1.20e-04 | wd=0.0000 | mom=0.9500 | T=1.0 k=1.0 (mu_rec=1 mu_bwd=1) | grad=2.719 | tok/s=88,815 | tokens=5.20B
step=158580 | loss=4.3773 | lr=1.20e-04 | wd=0.0000 | mom=0.9500 | T=1.0 k=1.0 (mu_rec=1 mu_bwd=1) | grad=3.078 | tok/s=88,746 | tokens=5.20B
step=158590 | loss=4.2109 | lr=1.21e-04 | wd=0.0000 | mom=0.9500 | T=1.0 k=1.0 (mu_rec=1 mu_bwd=1) | grad=3.688 | tok/s=88,620 | tokens=5.20B
step=158600 | loss=4.4071 | lr=1.21e-04 | wd=0.0000 | mom=0.9500 | T=1.0 k=1.0 (mu_rec=1 mu_bwd=1) | grad=2.984 | tok/s=88,287 | tokens=5.20B
step=158610 | loss=4.4603 | lr=1.21e-04 | wd=0.0000 | mom=0.9500 | T=1.0 k=1.0 (mu_rec=1 mu_bwd=1) | grad=6.906 | tok/s=88,406 | tokens=5.20B
step=158620 | loss=4.5879 | lr=1.21e-04 | wd=0.0000 | mom=0.9500 | T=1.0 k=1.0 (mu_rec=1 mu_bwd=1) | grad=4.000 | tok/s=88,244 | tokens=5.20B
step=158630 | loss=4.3282 | lr=1.22e-04 | wd=0.0000 | mom=0.9500 | T=1.0 k=1.0 (mu_rec=1 mu_bwd=1) | grad=2.641 | tok/s=88,212 | tokens=5.20B
step=158640 | loss=4.3147 | lr=1.22e-04 | wd=0.0000 | mom=0.9500 | T=1.0 k=1.0 (mu_rec=1 mu_bwd=1) | grad=3.484 | tok/s=88,186 | tokens=5.20B
step=158650 | loss=4.4272 | lr=1.22e-04 | wd=0.0000 | mom=0.9500 | T=1.0 k=1.0 (mu_rec=1 mu_bwd=1) | grad=2.938 | tok/s=87,908 | tokens=5.20B
step=158660 | loss=4.4363 | lr=1.22e-04 | wd=0.0000 | mom=0.9500 | T=1.0 k=1.0 (mu_rec=1 mu_bwd=1) | grad=4.219 | tok/s=87,908 | tokens=5.20B
step=158670 | loss=4.0553 | lr=1.23e-04 | wd=0.0000 | mom=0.9500 | T=1.0 k=1.0 (mu_rec=1 mu_bwd=1) | grad=3.188 | tok/s=87,867 | tokens=5.20B
step=158680 | loss=4.4765 | lr=1.23e-04 | wd=0.0000 | mom=0.9500 | T=1.0 k=1.0 (mu_rec=1 mu_bwd=1) | grad=3.109 | tok/s=87,804 | tokens=5.20B
step=158690 | loss=4.2596 | lr=1.23e-04 | wd=0.0000 | mom=0.9500 | T=1.0 k=1.0 (mu_rec=1 mu_bwd=1) | grad=2.688 | tok/s=87,696 | tokens=5.20B
step=158700 | loss=4.0658 | lr=1.24e-04 | wd=0.0000 | mom=0.9500 | T=1.0 k=1.0 (mu_rec=1 mu_bwd=1) | grad=3.688 | tok/s=87,588 | tokens=5.20B
step=158710 | loss=4.4961 | lr=1.24e-04 | wd=0.0000 | mom=0.9500 | T=1.0 k=1.0 (mu_rec=1 mu_bwd=1) | grad=3.406 | tok/s=87,510 | tokens=5.20B
step=158720 | loss=4.2311 | lr=1.24e-04 | wd=0.0000 | mom=0.9500 | T=1.0 k=1.0 (mu_rec=1 mu_bwd=1) | grad=3.094 | tok/s=87,437 | tokens=5.20B
step=158730 | loss=4.3808 | lr=1.24e-04 | wd=0.0000 | mom=0.9500 | T=1.0 k=1.0 (mu_rec=1 mu_bwd=1) | grad=4.094 | tok/s=87,367 | tokens=5.20B
step=158740 | loss=4.4110 | lr=1.25e-04 | wd=0.0000 | mom=0.9500 | T=1.0 k=1.0 (mu_rec=1 mu_bwd=1) | grad=4.156 | tok/s=87,391 | tokens=5.20B
step=158750 | loss=4.7974 | lr=1.25e-04 | wd=0.0000 | mom=0.9500 | T=1.0 k=1.0 (mu_rec=1 mu_bwd=1) | grad=7.625 | tok/s=87,257 | tokens=5.20B
step=158760 | loss=5.2338 | lr=1.25e-04 | wd=0.0000 | mom=0.9500 | T=1.0 k=1.0 (mu_rec=1 mu_bwd=1) | grad=6.188 | tok/s=9,346 | tokens=5.20B
step=158770 | loss=4.7320 | lr=1.25e-04 | wd=0.0000 | mom=0.9500 | T=1.0 k=1.0 (mu_rec=1 mu_bwd=1) | grad=3.062 | tok/s=88,557 | tokens=5.20B
step=158780 | loss=4.3766 | lr=1.26e-04 | wd=0.0000 | mom=0.9500 | T=1.0 k=1.0 (mu_rec=1 mu_bwd=1) | grad=2.875 | tok/s=88,346 | tokens=5.20B
step=158790 | loss=4.4938 | lr=1.26e-04 | wd=0.0000 | mom=0.9500 | T=1.0 k=1.0 (mu_rec=1 mu_bwd=1) | grad=3.672 | tok/s=88,086 | tokens=5.20B
step=158800 | loss=4.7303 | lr=1.26e-04 | wd=0.0000 | mom=0.9500 | T=1.0 k=1.0 (mu_rec=1 mu_bwd=1) | grad=3.109 | tok/s=87,943 | tokens=5.20B
step=158810 | loss=4.7162 | lr=1.26e-04 | wd=0.0000 | mom=0.9500 | T=1.0 k=1.0 (mu_rec=1 mu_bwd=1) | grad=3.312 | tok/s=87,809 | tokens=5.20B
step=158820 | loss=4.6834 | lr=1.27e-04 | wd=0.0000 | mom=0.9500 | T=1.0 k=1.0 (mu_rec=1 mu_bwd=1) | grad=8.875 | tok/s=87,749 | tokens=5.20B
step=158830 | loss=4.5982 | lr=1.27e-04 | wd=0.0000 | mom=0.9500 | T=1.0 k=1.0 (mu_rec=1 mu_bwd=1) | grad=3.781 | tok/s=87,664 | tokens=5.20B
step=158840 | loss=4.0918 | lr=1.27e-04 | wd=0.0000 | mom=0.9500 | T=1.0 k=1.0 (mu_rec=1 mu_bwd=1) | grad=16.875 | tok/s=87,503 | tokens=5.20B
step=158850 | loss=4.3745 | lr=1.28e-04 | wd=0.0000 | mom=0.9500 | T=1.0 k=1.0 (mu_rec=1 mu_bwd=1) | grad=4.438 | tok/s=87,421 | tokens=5.21B
step=158860 | loss=4.2389 | lr=1.28e-04 | wd=0.0000 | mom=0.9500 | T=1.0 k=1.0 (mu_rec=1 mu_bwd=1) | grad=3.547 | tok/s=87,344 | tokens=5.21B
step=158870 | loss=4.0599 | lr=1.28e-04 | wd=0.0000 | mom=0.9500 | T=1.0 k=1.0 (mu_rec=1 mu_bwd=1) | grad=4.812 | tok/s=87,155 | tokens=5.21B
step=158880 | loss=4.2937 | lr=1.28e-04 | wd=0.0000 | mom=0.9500 | T=1.0 k=1.0 (mu_rec=1 mu_bwd=1) | grad=3.469 | tok/s=87,098 | tokens=5.21B
step=158890 | loss=4.3483 | lr=1.29e-04 | wd=0.0000 | mom=0.9500 | T=1.0 k=1.0 (mu_rec=1 mu_bwd=1) | grad=3.562 | tok/s=86,979 | tokens=5.21B
step=158900 | loss=4.3842 | lr=1.29e-04 | wd=0.0000 | mom=0.9500 | T=1.0 k=1.0 (mu_rec=1 mu_bwd=1) | grad=3.000 | tok/s=87,026 | tokens=5.21B
step=158910 | loss=4.4264 | lr=1.29e-04 | wd=0.0000 | mom=0.9500 | T=1.0 k=1.0 (mu_rec=1 mu_bwd=1) | grad=3.984 | tok/s=87,025 | tokens=5.21B
step=158920 | loss=4.7047 | lr=1.29e-04 | wd=0.0000 | mom=0.9500 | T=1.0 k=1.0 (mu_rec=1 mu_bwd=1) | grad=2.844 | tok/s=86,982 | tokens=5.21B
step=158930 | loss=4.7946 | lr=1.30e-04 | wd=0.0000 | mom=0.9500 | T=1.0 k=1.0 (mu_rec=1 mu_bwd=1) | grad=5.656 | tok/s=86,889 | tokens=5.21B
step=158940 | loss=4.5014 | lr=1.30e-04 | wd=0.0000 | mom=0.9500 | T=1.0 k=1.0 (mu_rec=1 mu_bwd=1) | grad=3.078 | tok/s=86,768 | tokens=5.21B
step=158950 | loss=4.2308 | lr=1.30e-04 | wd=0.0000 | mom=0.9500 | T=1.0 k=1.0 (mu_rec=1 mu_bwd=1) | grad=4.719 | tok/s=86,809 | tokens=5.21B
step=158960 | loss=4.1674 | lr=1.30e-04 | wd=0.0000 | mom=0.9500 | T=1.0 k=1.0 (mu_rec=1 mu_bwd=1) | grad=2.922 | tok/s=86,791 | tokens=5.21B
step=158970 | loss=4.4638 | lr=1.31e-04 | wd=0.0000 | mom=0.9500 | T=1.0 k=1.0 (mu_rec=1 mu_bwd=1) | grad=5.250 | tok/s=86,763 | tokens=5.21B
step=158980 | loss=4.2009 | lr=1.31e-04 | wd=0.0000 | mom=0.9500 | T=1.0 k=1.0 (mu_rec=1 mu_bwd=1) | grad=2.969 | tok/s=86,798 | tokens=5.21B
step=158990 | loss=4.3192 | lr=1.31e-04 | wd=0.0000 | mom=0.9500 | T=1.0 k=1.0 (mu_rec=1 mu_bwd=1) | grad=3.281 | tok/s=86,789 | tokens=5.21B
step=159000 | loss=4.0292 | lr=1.32e-04 | wd=0.0000 | mom=0.9500 | T=1.0 k=1.0 (mu_rec=1 mu_bwd=1) | grad=4.562 | tok/s=86,947 | tokens=5.21B
step=159010 | loss=4.0943 | lr=1.32e-04 | wd=0.0000 | mom=0.9500 | T=1.0 k=1.0 (mu_rec=1 mu_bwd=1) | grad=3.344 | tok/s=86,934 | tokens=5.21B
step=159020 | loss=4.2885 | lr=1.32e-04 | wd=0.0000 | mom=0.9500 | T=1.0 k=1.0 (mu_rec=1 mu_bwd=1) | grad=3.266 | tok/s=87,117 | tokens=5.21B
step=159030 | loss=4.4133 | lr=1.32e-04 | wd=0.0000 | mom=0.9500 | T=1.0 k=1.0 (mu_rec=1 mu_bwd=1) | grad=3.297 | tok/s=87,098 | tokens=5.21B
step=159040 | loss=4.2840 | lr=1.33e-04 | wd=0.0000 | mom=0.9500 | T=1.0 k=1.0 (mu_rec=1 mu_bwd=1) | grad=4.375 | tok/s=87,132 | tokens=5.21B
step=159050 | loss=4.1965 | lr=1.33e-04 | wd=0.0000 | mom=0.9500 | T=1.0 k=1.0 (mu_rec=1 mu_bwd=1) | grad=3.156 | tok/s=87,299 | tokens=5.21B
step=159060 | loss=4.1259 | lr=1.33e-04 | wd=0.0000 | mom=0.9500 | T=1.0 k=1.0 (mu_rec=1 mu_bwd=1) | grad=2.891 | tok/s=87,330 | tokens=5.21B
step=159070 | loss=4.3387 | lr=1.33e-04 | wd=0.0000 | mom=0.9500 | T=1.0 k=1.0 (mu_rec=1 mu_bwd=1) | grad=3.047 | tok/s=87,377 | tokens=5.21B
step=159080 | loss=4.4248 | lr=1.34e-04 | wd=0.0000 | mom=0.9500 | T=1.0 k=1.0 (mu_rec=1 mu_bwd=1) | grad=5.875 | tok/s=87,356 | tokens=5.21B
step=159090 | loss=4.2459 | lr=1.34e-04 | wd=0.0000 | mom=0.9500 | T=1.0 k=1.0 (mu_rec=1 mu_bwd=1) | grad=3.766 | tok/s=87,409 | tokens=5.21B
step=159100 | loss=4.2369 | lr=1.34e-04 | wd=0.0000 | mom=0.9500 | T=1.0 k=1.0 (mu_rec=1 mu_bwd=1) | grad=2.938 | tok/s=87,477 | tokens=5.21B
step=159110 | loss=4.4612 | lr=1.34e-04 | wd=0.0000 | mom=0.9500 | T=1.0 k=1.0 (mu_rec=1 mu_bwd=1) | grad=3.328 | tok/s=87,538 | tokens=5.21B
step=159120 | loss=4.2374 | lr=1.35e-04 | wd=0.0000 | mom=0.9500 | T=1.0 k=1.0 (mu_rec=1 mu_bwd=1) | grad=3.719 | tok/s=87,700 | tokens=5.21B
step=159130 | loss=4.4002 | lr=1.35e-04 | wd=0.0000 | mom=0.9500 | T=1.0 k=1.0 (mu_rec=1 mu_bwd=1) | grad=5.406 | tok/s=87,580 | tokens=5.21B
step=159140 | loss=4.4029 | lr=1.35e-04 | wd=0.0000 | mom=0.9500 | T=1.0 k=1.0 (mu_rec=1 mu_bwd=1) | grad=3.172 | tok/s=87,649 | tokens=5.21B
step=159150 | loss=4.4394 | lr=1.36e-04 | wd=0.0000 | mom=0.9500 | T=1.0 k=1.0 (mu_rec=1 mu_bwd=1) | grad=3.188 | tok/s=87,628 | tokens=5.22B
step=159160 | loss=4.3992 | lr=1.36e-04 | wd=0.0000 | mom=0.9500 | T=1.0 k=1.0 (mu_rec=1 mu_bwd=1) | grad=3.906 | tok/s=87,637 | tokens=5.22B
step=159170 | loss=4.1761 | lr=1.36e-04 | wd=0.0000 | mom=0.9500 | T=1.0 k=1.0 (mu_rec=1 mu_bwd=1) | grad=2.766 | tok/s=87,766 | tokens=5.22B
step=159180 | loss=4.2778 | lr=1.36e-04 | wd=0.0000 | mom=0.9500 | T=1.0 k=1.0 (mu_rec=1 mu_bwd=1) | grad=3.141 | tok/s=87,781 | tokens=5.22B
step=159190 | loss=4.4499 | lr=1.37e-04 | wd=0.0000 | mom=0.9500 | T=1.0 k=1.0 (mu_rec=1 mu_bwd=1) | grad=3.922 | tok/s=87,753 | tokens=5.22B
step=159200 | loss=4.2404 | lr=1.37e-04 | wd=0.0000 | mom=0.9500 | T=1.0 k=1.0 (mu_rec=1 mu_bwd=1) | grad=4.938 | tok/s=87,685 | tokens=5.22B
step=159210 | loss=4.2885 | lr=1.37e-04 | wd=0.0000 | mom=0.9500 | T=1.0 k=1.0 (mu_rec=1 mu_bwd=1) | grad=2.875 | tok/s=87,740 | tokens=5.22B
step=159220 | loss=4.1519 | lr=1.37e-04 | wd=0.0000 | mom=0.9500 | T=1.0 k=1.0 (mu_rec=1 mu_bwd=1) | grad=5.625 | tok/s=87,758 | tokens=5.22B
step=159230 | loss=4.2168 | lr=1.38e-04 | wd=0.0000 | mom=0.9500 | T=1.0 k=1.0 (mu_rec=1 mu_bwd=1) | grad=3.109 | tok/s=87,756 | tokens=5.22B
step=159240 | loss=4.3454 | lr=1.38e-04 | wd=0.0000 | mom=0.9500 | T=1.0 k=1.0 (mu_rec=1 mu_bwd=1) | grad=3.906 | tok/s=87,769 | tokens=5.22B
step=159250 | loss=4.2939 | lr=1.38e-04 | wd=0.0000 | mom=0.9500 | T=1.0 k=1.0 (mu_rec=1 mu_bwd=1) | grad=3.188 | tok/s=87,744 | tokens=5.22B
step=159260 | loss=4.0963 | lr=1.39e-04 | wd=0.0000 | mom=0.9500 | T=1.0 k=1.0 (mu_rec=1 mu_bwd=1) | grad=3.672 | tok/s=87,806 | tokens=5.22B
step=159270 | loss=4.3181 | lr=1.39e-04 | wd=0.0000 | mom=0.9500 | T=1.0 k=1.0 (mu_rec=1 mu_bwd=1) | grad=3.688 | tok/s=87,640 | tokens=5.22B
step=159280 | loss=4.4199 | lr=1.39e-04 | wd=0.0000 | mom=0.9500 | T=1.0 k=1.0 (mu_rec=1 mu_bwd=1) | grad=2.969 | tok/s=87,531 | tokens=5.22B
step=159290 | loss=4.2112 | lr=1.39e-04 | wd=0.0000 | mom=0.9500 | T=1.0 k=1.0 (mu_rec=1 mu_bwd=1) | grad=2.656 | tok/s=87,551 | tokens=5.22B
step=159300 | loss=4.1674 | lr=1.40e-04 | wd=0.0000 | mom=0.9500 | T=1.0 k=1.0 (mu_rec=1 mu_bwd=1) | grad=2.906 | tok/s=87,595 | tokens=5.22B
step=159310 | loss=4.1925 | lr=1.40e-04 | wd=0.0000 | mom=0.9500 | T=1.0 k=1.0 (mu_rec=1 mu_bwd=1) | grad=2.734 | tok/s=87,543 | tokens=5.22B
step=159320 | loss=4.3615 | lr=1.40e-04 | wd=0.0000 | mom=0.9500 | T=1.0 k=1.0 (mu_rec=1 mu_bwd=1) | grad=3.438 | tok/s=87,583 | tokens=5.22B
step=159330 | loss=4.2947 | lr=1.40e-04 | wd=0.0000 | mom=0.9500 | T=1.0 k=1.0 (mu_rec=1 mu_bwd=1) | grad=3.484 | tok/s=87,561 | tokens=5.22B
step=159340 | loss=4.3672 | lr=1.41e-04 | wd=0.0000 | mom=0.9500 | T=1.0 k=1.0 (mu_rec=1 mu_bwd=1) | grad=5.969 | tok/s=87,566 | tokens=5.22B
step=159350 | loss=4.3028 | lr=1.41e-04 | wd=0.0000 | mom=0.9500 | T=1.0 k=1.0 (mu_rec=1 mu_bwd=1) | grad=3.594 | tok/s=87,540 | tokens=5.22B
step=159360 | loss=4.1480 | lr=1.41e-04 | wd=0.0000 | mom=0.9500 | T=1.0 k=1.0 (mu_rec=1 mu_bwd=1) | grad=7.031 | tok/s=87,668 | tokens=5.22B
step=159370 | loss=4.2186 | lr=1.42e-04 | wd=0.0000 | mom=0.9500 | T=1.0 k=1.0 (mu_rec=1 mu_bwd=1) | grad=3.375 | tok/s=87,519 | tokens=5.22B
step=159380 | loss=4.1189 | lr=1.42e-04 | wd=0.0000 | mom=0.9500 | T=1.0 k=1.0 (mu_rec=1 mu_bwd=1) | grad=3.641 | tok/s=87,558 | tokens=5.22B
step=159390 | loss=4.4453 | lr=1.42e-04 | wd=0.0000 | mom=0.9500 | T=1.0 k=1.0 (mu_rec=1 mu_bwd=1) | grad=3.359 | tok/s=87,608 | tokens=5.22B
step=159400 | loss=4.1789 | lr=1.42e-04 | wd=0.0000 | mom=0.9500 | T=1.0 k=1.0 (mu_rec=1 mu_bwd=1) | grad=8.688 | tok/s=87,574 | tokens=5.22B
step=159410 | loss=4.2583 | lr=1.43e-04 | wd=0.0000 | mom=0.9500 | T=1.0 k=1.0 (mu_rec=1 mu_bwd=1) | grad=3.484 | tok/s=87,604 | tokens=5.22B
step=159420 | loss=4.3177 | lr=1.43e-04 | wd=0.0000 | mom=0.9500 | T=1.0 k=1.0 (mu_rec=1 mu_bwd=1) | grad=3.344 | tok/s=87,550 | tokens=5.22B
step=159430 | loss=4.4885 | lr=1.43e-04 | wd=0.0000 | mom=0.9500 | T=1.0 k=1.0 (mu_rec=1 mu_bwd=1) | grad=3.391 | tok/s=87,448 | tokens=5.22B
step=159440 | loss=4.6599 | lr=1.43e-04 | wd=0.0000 | mom=0.9500 | T=1.0 k=1.0 (mu_rec=1 mu_bwd=1) | grad=3.547 | tok/s=87,552 | tokens=5.22B
step=159450 | loss=4.3220 | lr=1.44e-04 | wd=0.0000 | mom=0.9500 | T=1.0 k=1.0 (mu_rec=1 mu_bwd=1) | grad=5.844 | tok/s=87,630 | tokens=5.22B
step=159460 | loss=4.3798 | lr=1.44e-04 | wd=0.0000 | mom=0.9500 | T=1.0 k=1.0 (mu_rec=1 mu_bwd=1) | grad=4.031 | tok/s=87,460 | tokens=5.23B
step=159470 | loss=4.0067 | lr=1.44e-04 | wd=0.0000 | mom=0.9500 | T=1.0 k=1.0 (mu_rec=1 mu_bwd=1) | grad=2.812 | tok/s=87,655 | tokens=5.23B
step=159480 | loss=4.2366 | lr=1.45e-04 | wd=0.0000 | mom=0.9500 | T=1.0 k=1.0 (mu_rec=1 mu_bwd=1) | grad=2.578 | tok/s=87,590 | tokens=5.23B
step=159490 | loss=4.3629 | lr=1.45e-04 | wd=0.0000 | mom=0.9500 | T=1.0 k=1.0 (mu_rec=1 mu_bwd=1) | grad=3.328 | tok/s=8,406 | tokens=5.23B
step=159500 | loss=4.4073 | lr=1.45e-04 | wd=0.0000 | mom=0.9500 | T=1.0 k=1.0 (mu_rec=1 mu_bwd=1) | grad=3.188 | tok/s=89,264 | tokens=5.23B
step=159510 | loss=4.4102 | lr=1.45e-04 | wd=0.0000 | mom=0.9500 | T=1.0 k=1.0 (mu_rec=1 mu_bwd=1) | grad=4.750 | tok/s=88,905 | tokens=5.23B
step=159520 | loss=4.2093 | lr=1.46e-04 | wd=0.0000 | mom=0.9500 | T=1.0 k=1.0 (mu_rec=1 mu_bwd=1) | grad=3.234 | tok/s=88,778 | tokens=5.23B
step=159530 | loss=4.3460 | lr=1.46e-04 | wd=0.0000 | mom=0.9500 | T=1.0 k=1.0 (mu_rec=1 mu_bwd=1) | grad=2.984 | tok/s=88,653 | tokens=5.23B
step=159540 | loss=4.5049 | lr=1.46e-04 | wd=0.0000 | mom=0.9500 | T=1.0 k=1.0 (mu_rec=1 mu_bwd=1) | grad=3.375 | tok/s=88,599 | tokens=5.23B
step=159550 | loss=4.3436 | lr=1.47e-04 | wd=0.0000 | mom=0.9500 | T=1.0 k=1.0 (mu_rec=1 mu_bwd=1) | grad=3.875 | tok/s=88,385 | tokens=5.23B
step=159560 | loss=4.4969 | lr=1.47e-04 | wd=0.0000 | mom=0.9500 | T=1.0 k=1.0 (mu_rec=1 mu_bwd=1) | grad=3.875 | tok/s=88,362 | tokens=5.23B
step=159570 | loss=4.3448 | lr=1.47e-04 | wd=0.0000 | mom=0.9500 | T=1.0 k=1.0 (mu_rec=1 mu_bwd=1) | grad=3.203 | tok/s=8,225 | tokens=5.23B
step=159580 | loss=4.2774 | lr=1.47e-04 | wd=0.0000 | mom=0.9500 | T=1.0 k=1.0 (mu_rec=1 mu_bwd=1) | grad=2.859 | tok/s=89,108 | tokens=5.23B
step=159590 | loss=4.2701 | lr=1.48e-04 | wd=0.0000 | mom=0.9500 | T=1.0 k=1.0 (mu_rec=1 mu_bwd=1) | grad=3.609 | tok/s=88,807 | tokens=5.23B
step=159600 | loss=4.2042 | lr=1.48e-04 | wd=0.0000 | mom=0.9500 | T=1.0 k=1.0 (mu_rec=1 mu_bwd=1) | grad=3.141 | tok/s=88,639 | tokens=5.23B
step=159610 | loss=4.4463 | lr=1.48e-04 | wd=0.0000 | mom=0.9500 | T=1.0 k=1.0 (mu_rec=1 mu_bwd=1) | grad=2.781 | tok/s=88,447 | tokens=5.23B
step=159620 | loss=4.2689 | lr=1.48e-04 | wd=0.0000 | mom=0.9500 | T=1.0 k=1.0 (mu_rec=1 mu_bwd=1) | grad=3.047 | tok/s=88,297 | tokens=5.23B
step=159630 | loss=4.3449 | lr=1.49e-04 | wd=0.0000 | mom=0.9500 | T=1.0 k=1.0 (mu_rec=1 mu_bwd=1) | grad=10.000 | tok/s=88,136 | tokens=5.23B
step=159640 | loss=4.1512 | lr=1.49e-04 | wd=0.0000 | mom=0.9500 | T=1.0 k=1.0 (mu_rec=1 mu_bwd=1) | grad=2.938 | tok/s=88,029 | tokens=5.23B
step=159650 | loss=4.3772 | lr=1.49e-04 | wd=0.0000 | mom=0.9500 | T=1.0 k=1.0 (mu_rec=1 mu_bwd=1) | grad=4.344 | tok/s=87,824 | tokens=5.23B
step=159660 | loss=4.1072 | lr=1.50e-04 | wd=0.0000 | mom=0.9500 | T=1.0 k=1.0 (mu_rec=1 mu_bwd=1) | grad=3.234 | tok/s=87,736 | tokens=5.23B
step=159670 | loss=4.2901 | lr=1.50e-04 | wd=0.0000 | mom=0.9500 | T=1.0 k=1.0 (mu_rec=1 mu_bwd=1) | grad=2.953 | tok/s=87,571 | tokens=5.23B
step=159680 | loss=4.1570 | lr=1.50e-04 | wd=0.0000 | mom=0.9500 | T=1.0 k=1.0 (mu_rec=1 mu_bwd=1) | grad=2.422 | tok/s=87,453 | tokens=5.23B
step=159690 | loss=4.2490 | lr=1.50e-04 | wd=0.0000 | mom=0.9500 | T=1.0 k=1.0 (mu_rec=1 mu_bwd=1) | grad=2.516 | tok/s=87,276 | tokens=5.23B
step=159700 | loss=4.3927 | lr=1.51e-04 | wd=0.0000 | mom=0.9500 | T=1.0 k=1.0 (mu_rec=1 mu_bwd=1) | grad=3.312 | tok/s=87,129 | tokens=5.23B
step=159710 | loss=4.1263 | lr=1.51e-04 | wd=0.0000 | mom=0.9500 | T=1.0 k=1.0 (mu_rec=1 mu_bwd=1) | grad=3.516 | tok/s=87,068 | tokens=5.23B
step=159720 | loss=4.6224 | lr=1.51e-04 | wd=0.0000 | mom=0.9500 | T=1.0 k=1.0 (mu_rec=1 mu_bwd=1) | grad=3.234 | tok/s=86,968 | tokens=5.23B
step=159730 | loss=4.3272 | lr=1.51e-04 | wd=0.0000 | mom=0.9500 | T=1.0 k=1.0 (mu_rec=1 mu_bwd=1) | grad=4.094 | tok/s=87,136 | tokens=5.23B
step=159740 | loss=3.9787 | lr=1.52e-04 | wd=0.0000 | mom=0.9500 | T=1.0 k=1.0 (mu_rec=1 mu_bwd=1) | grad=3.203 | tok/s=86,960 | tokens=5.23B
step=159750 | loss=4.4890 | lr=1.52e-04 | wd=0.0000 | mom=0.9500 | T=1.0 k=1.0 (mu_rec=1 mu_bwd=1) | grad=3.484 | tok/s=86,886 | tokens=5.23B
step=159760 | loss=4.2624 | lr=1.52e-04 | wd=0.0000 | mom=0.9500 | T=1.0 k=1.0 (mu_rec=1 mu_bwd=1) | grad=3.297 | tok/s=86,780 | tokens=5.24B
step=159770 | loss=4.4571 | lr=1.53e-04 | wd=0.0000 | mom=0.9500 | T=1.0 k=1.0 (mu_rec=1 mu_bwd=1) | grad=3.406 | tok/s=86,693 | tokens=5.24B
step=159780 | loss=4.1674 | lr=1.53e-04 | wd=0.0000 | mom=0.9500 | T=1.0 k=1.0 (mu_rec=1 mu_bwd=1) | grad=3.672 | tok/s=86,694 | tokens=5.24B
step=159790 | loss=4.3177 | lr=1.53e-04 | wd=0.0000 | mom=0.9500 | T=1.0 k=1.0 (mu_rec=1 mu_bwd=1) | grad=4.562 | tok/s=86,614 | tokens=5.24B
step=159800 | loss=4.2590 | lr=1.53e-04 | wd=0.0000 | mom=0.9500 | T=1.0 k=1.0 (mu_rec=1 mu_bwd=1) | grad=3.047 | tok/s=86,620 | tokens=5.24B
step=159810 | loss=4.1609 | lr=1.54e-04 | wd=0.0000 | mom=0.9500 | T=1.0 k=1.0 (mu_rec=1 mu_bwd=1) | grad=2.781 | tok/s=86,834 | tokens=5.24B
step=159820 | loss=4.4001 | lr=1.54e-04 | wd=0.0000 | mom=0.9500 | T=1.0 k=1.0 (mu_rec=1 mu_bwd=1) | grad=3.125 | tok/s=86,829 | tokens=5.24B
step=159830 | loss=4.6484 | lr=1.54e-04 | wd=0.0000 | mom=0.9500 | T=1.0 k=1.0 (mu_rec=1 mu_bwd=1) | grad=2.797 | tok/s=86,878 | tokens=5.24B
step=159840 | loss=4.5188 | lr=1.55e-04 | wd=0.0000 | mom=0.9500 | T=1.0 k=1.0 (mu_rec=1 mu_bwd=1) | grad=3.641 | tok/s=86,999 | tokens=5.24B
step=159850 | loss=4.2413 | lr=1.55e-04 | wd=0.0000 | mom=0.9500 | T=1.0 k=1.0 (mu_rec=1 mu_bwd=1) | grad=5.000 | tok/s=87,163 | tokens=5.24B
step=159860 | loss=4.1879 | lr=1.55e-04 | wd=0.0000 | mom=0.9500 | T=1.0 k=1.0 (mu_rec=1 mu_bwd=1) | grad=3.188 | tok/s=87,340 | tokens=5.24B
step=159870 | loss=4.0328 | lr=1.55e-04 | wd=0.0000 | mom=0.9500 | T=1.0 k=1.0 (mu_rec=1 mu_bwd=1) | grad=3.078 | tok/s=87,223 | tokens=5.24B
step=159880 | loss=4.6400 | lr=1.56e-04 | wd=0.0000 | mom=0.9500 | T=1.0 k=1.0 (mu_rec=1 mu_bwd=1) | grad=3.922 | tok/s=87,434 | tokens=5.24B
step=159890 | loss=4.4107 | lr=1.56e-04 | wd=0.0000 | mom=0.9500 | T=1.0 k=1.0 (mu_rec=1 mu_bwd=1) | grad=3.828 | tok/s=87,394 | tokens=5.24B
step=159900 | loss=4.1423 | lr=1.56e-04 | wd=0.0000 | mom=0.9500 | T=1.0 k=1.0 (mu_rec=1 mu_bwd=1) | grad=8.125 | tok/s=87,458 | tokens=5.24B
step=159910 | loss=4.5089 | lr=1.56e-04 | wd=0.0000 | mom=0.9500 | T=1.0 k=1.0 (mu_rec=1 mu_bwd=1) | grad=3.516 | tok/s=87,642 | tokens=5.24B
step=159920 | loss=4.2397 | lr=1.57e-04 | wd=0.0000 | mom=0.9500 | T=1.0 k=1.0 (mu_rec=1 mu_bwd=1) | grad=3.859 | tok/s=87,689 | tokens=5.24B
step=159930 | loss=4.0137 | lr=1.57e-04 | wd=0.0000 | mom=0.9500 | T=1.0 k=1.0 (mu_rec=1 mu_bwd=1) | grad=3.938 | tok/s=87,707 | tokens=5.24B
step=159940 | loss=4.2046 | lr=1.57e-04 | wd=0.0000 | mom=0.9500 | T=1.0 k=1.0 (mu_rec=1 mu_bwd=1) | grad=3.406 | tok/s=87,665 | tokens=5.24B
step=159950 | loss=4.2444 | lr=1.58e-04 | wd=0.0000 | mom=0.9500 | T=1.0 k=1.0 (mu_rec=1 mu_bwd=1) | grad=3.125 | tok/s=87,843 | tokens=5.24B
step=159960 | loss=4.1762 | lr=1.58e-04 | wd=0.0000 | mom=0.9500 | T=1.0 k=1.0 (mu_rec=1 mu_bwd=1) | grad=2.906 | tok/s=87,766 | tokens=5.24B
step=159970 | loss=4.3419 | lr=1.58e-04 | wd=0.0000 | mom=0.9500 | T=1.0 k=1.0 (mu_rec=1 mu_bwd=1) | grad=2.984 | tok/s=87,785 | tokens=5.24B
step=159980 | loss=4.3988 | lr=1.58e-04 | wd=0.0000 | mom=0.9500 | T=1.0 k=1.0 (mu_rec=1 mu_bwd=1) | grad=2.609 | tok/s=87,830 | tokens=5.24B
step=159990 | loss=4.1559 | lr=1.59e-04 | wd=0.0000 | mom=0.9500 | T=1.0 k=1.0 (mu_rec=1 mu_bwd=1) | grad=3.188 | tok/s=87,508 | tokens=5.24B
step=160000 | loss=4.2898 | lr=1.59e-04 | wd=0.0000 | mom=0.9500 | T=1.0 k=1.0 (mu_rec=1 mu_bwd=1) | grad=3.547 | tok/s=87,548 | tokens=5.24B
[step 160000] Saved -> runs/pythia-5b/checkpoint_0160000
[step 160000] Pruned -> runs/pythia-5b/checkpoint_0154000
step=160010 | loss=4.2292 | lr=1.59e-04 | wd=0.0000 | mom=0.9500 | T=1.0 k=1.0 (mu_rec=1 mu_bwd=1) | grad=4.656 | tok/s=72,366 | tokens=5.24B
step=160020 | loss=4.2003 | lr=1.60e-04 | wd=0.0000 | mom=0.9500 | T=1.0 k=1.0 (mu_rec=1 mu_bwd=1) | grad=2.859 | tok/s=87,766 | tokens=5.24B
step=160030 | loss=4.3408 | lr=1.60e-04 | wd=0.0000 | mom=0.9500 | T=1.0 k=1.0 (mu_rec=1 mu_bwd=1) | grad=3.734 | tok/s=87,789 | tokens=5.24B
step=160040 | loss=4.3170 | lr=1.60e-04 | wd=0.0000 | mom=0.9500 | T=1.0 k=1.0 (mu_rec=1 mu_bwd=1) | grad=2.781 | tok/s=87,632 | tokens=5.24B
step=160050 | loss=4.2933 | lr=1.60e-04 | wd=0.0000 | mom=0.9500 | T=1.0 k=1.0 (mu_rec=1 mu_bwd=1) | grad=5.156 | tok/s=87,761 | tokens=5.24B
step=160060 | loss=4.0011 | lr=1.61e-04 | wd=0.0000 | mom=0.9500 | T=1.0 k=1.0 (mu_rec=1 mu_bwd=1) | grad=3.453 | tok/s=87,702 | tokens=5.24B
step=160070 | loss=3.8383 | lr=1.61e-04 | wd=0.0000 | mom=0.9500 | T=1.0 k=1.0 (mu_rec=1 mu_bwd=1) | grad=3.297 | tok/s=87,770 | tokens=5.25B
step=160080 | loss=4.5538 | lr=1.61e-04 | wd=0.0000 | mom=0.9500 | T=1.0 k=1.0 (mu_rec=1 mu_bwd=1) | grad=3.484 | tok/s=87,806 | tokens=5.25B
step=160090 | loss=4.4207 | lr=1.61e-04 | wd=0.0000 | mom=0.9500 | T=1.0 k=1.0 (mu_rec=1 mu_bwd=1) | grad=4.188 | tok/s=87,763 | tokens=5.25B
step=160100 | loss=4.2269 | lr=1.62e-04 | wd=0.0000 | mom=0.9500 | T=1.0 k=1.0 (mu_rec=1 mu_bwd=1) | grad=3.188 | tok/s=87,843 | tokens=5.25B
step=160110 | loss=4.1113 | lr=1.62e-04 | wd=0.0000 | mom=0.9500 | T=1.0 k=1.0 (mu_rec=1 mu_bwd=1) | grad=4.969 | tok/s=87,834 | tokens=5.25B
step=160120 | loss=4.5511 | lr=1.62e-04 | wd=0.0000 | mom=0.9500 | T=1.0 k=1.0 (mu_rec=1 mu_bwd=1) | grad=4.219 | tok/s=87,629 | tokens=5.25B
step=160130 | loss=4.4596 | lr=1.63e-04 | wd=0.0000 | mom=0.9500 | T=1.0 k=1.0 (mu_rec=1 mu_bwd=1) | grad=2.938 | tok/s=87,810 | tokens=5.25B
step=160140 | loss=4.2896 | lr=1.63e-04 | wd=0.0000 | mom=0.9500 | T=1.0 k=1.0 (mu_rec=1 mu_bwd=1) | grad=4.812 | tok/s=87,717 | tokens=5.25B
step=160150 | loss=4.2857 | lr=1.63e-04 | wd=0.0000 | mom=0.9500 | T=1.0 k=1.0 (mu_rec=1 mu_bwd=1) | grad=3.219 | tok/s=87,817 | tokens=5.25B
step=160160 | loss=4.3264 | lr=1.63e-04 | wd=0.0000 | mom=0.9500 | T=1.0 k=1.0 (mu_rec=1 mu_bwd=1) | grad=3.281 | tok/s=87,823 | tokens=5.25B
step=160170 | loss=4.4675 | lr=1.64e-04 | wd=0.0000 | mom=0.9500 | T=1.0 k=1.0 (mu_rec=1 mu_bwd=1) | grad=3.969 | tok/s=87,774 | tokens=5.25B
step=160180 | loss=4.2493 | lr=1.64e-04 | wd=0.0000 | mom=0.9500 | T=1.0 k=1.0 (mu_rec=1 mu_bwd=1) | grad=2.891 | tok/s=87,894 | tokens=5.25B
step=160190 | loss=4.2686 | lr=1.64e-04 | wd=0.0000 | mom=0.9500 | T=1.0 k=1.0 (mu_rec=1 mu_bwd=1) | grad=4.312 | tok/s=87,783 | tokens=5.25B
step=160200 | loss=4.2714 | lr=1.65e-04 | wd=0.0000 | mom=0.9500 | T=1.0 k=1.0 (mu_rec=1 mu_bwd=1) | grad=3.469 | tok/s=87,749 | tokens=5.25B
step=160210 | loss=4.3421 | lr=1.65e-04 | wd=0.0000 | mom=0.9500 | T=1.0 k=1.0 (mu_rec=1 mu_bwd=1) | grad=3.109 | tok/s=87,909 | tokens=5.25B
step=160220 | loss=4.3958 | lr=1.65e-04 | wd=0.0000 | mom=0.9500 | T=1.0 k=1.0 (mu_rec=1 mu_bwd=1) | grad=2.828 | tok/s=87,915 | tokens=5.25B
step=160230 | loss=4.4563 | lr=1.65e-04 | wd=0.0000 | mom=0.9500 | T=1.0 k=1.0 (mu_rec=1 mu_bwd=1) | grad=3.266 | tok/s=87,766 | tokens=5.25B
step=160240 | loss=4.4048 | lr=1.66e-04 | wd=0.0000 | mom=0.9500 | T=1.0 k=1.0 (mu_rec=1 mu_bwd=1) | grad=3.250 | tok/s=87,800 | tokens=5.25B
step=160250 | loss=4.1694 | lr=1.66e-04 | wd=0.0000 | mom=0.9500 | T=1.0 k=1.0 (mu_rec=1 mu_bwd=1) | grad=3.172 | tok/s=87,775 | tokens=5.25B
step=160260 | loss=4.6500 | lr=1.66e-04 | wd=0.0000 | mom=0.9500 | T=1.0 k=1.0 (mu_rec=1 mu_bwd=1) | grad=3.422 | tok/s=87,796 | tokens=5.25B
step=160270 | loss=4.4125 | lr=1.66e-04 | wd=0.0000 | mom=0.9500 | T=1.0 k=1.0 (mu_rec=1 mu_bwd=1) | grad=3.609 | tok/s=87,743 | tokens=5.25B
step=160280 | loss=4.4213 | lr=1.67e-04 | wd=0.0000 | mom=0.9500 | T=1.0 k=1.0 (mu_rec=1 mu_bwd=1) | grad=2.844 | tok/s=87,934 | tokens=5.25B
step=160290 | loss=4.3739 | lr=1.67e-04 | wd=0.0000 | mom=0.9500 | T=1.0 k=1.0 (mu_rec=1 mu_bwd=1) | grad=4.875 | tok/s=87,786 | tokens=5.25B
step=160300 | loss=4.1644 | lr=1.67e-04 | wd=0.0000 | mom=0.9500 | T=1.0 k=1.0 (mu_rec=1 mu_bwd=1) | grad=3.969 | tok/s=8,570 | tokens=5.25B
step=160310 | loss=4.2221 | lr=1.68e-04 | wd=0.0000 | mom=0.9500 | T=1.0 k=1.0 (mu_rec=1 mu_bwd=1) | grad=5.125 | tok/s=89,430 | tokens=5.25B
step=160320 | loss=4.3770 | lr=1.68e-04 | wd=0.0000 | mom=0.9500 | T=1.0 k=1.0 (mu_rec=1 mu_bwd=1) | grad=3.734 | tok/s=89,236 | tokens=5.25B
step=160330 | loss=4.6068 | lr=1.68e-04 | wd=0.0000 | mom=0.9500 | T=1.0 k=1.0 (mu_rec=1 mu_bwd=1) | grad=2.797 | tok/s=89,090 | tokens=5.25B
step=160340 | loss=4.2421 | lr=1.68e-04 | wd=0.0000 | mom=0.9500 | T=1.0 k=1.0 (mu_rec=1 mu_bwd=1) | grad=2.781 | tok/s=88,837 | tokens=5.25B
step=160350 | loss=4.3641 | lr=1.69e-04 | wd=0.0000 | mom=0.9500 | T=1.0 k=1.0 (mu_rec=1 mu_bwd=1) | grad=4.281 | tok/s=88,637 | tokens=5.25B
step=160360 | loss=4.5710 | lr=1.69e-04 | wd=0.0000 | mom=0.9500 | T=1.0 k=1.0 (mu_rec=1 mu_bwd=1) | grad=3.500 | tok/s=88,572 | tokens=5.25B
step=160370 | loss=4.4190 | lr=1.69e-04 | wd=0.0000 | mom=0.9500 | T=1.0 k=1.0 (mu_rec=1 mu_bwd=1) | grad=3.234 | tok/s=88,564 | tokens=5.26B
step=160380 | loss=4.2484 | lr=1.70e-04 | wd=0.0000 | mom=0.9500 | T=1.0 k=1.0 (mu_rec=1 mu_bwd=1) | grad=3.016 | tok/s=88,402 | tokens=5.26B
step=160390 | loss=4.3757 | lr=1.70e-04 | wd=0.0000 | mom=0.9500 | T=1.0 k=1.0 (mu_rec=1 mu_bwd=1) | grad=5.125 | tok/s=88,264 | tokens=5.26B
step=160400 | loss=4.3593 | lr=1.70e-04 | wd=0.0000 | mom=0.9500 | T=1.0 k=1.0 (mu_rec=1 mu_bwd=1) | grad=3.250 | tok/s=88,241 | tokens=5.26B
step=160410 | loss=4.3575 | lr=1.70e-04 | wd=0.0000 | mom=0.9500 | T=1.0 k=1.0 (mu_rec=1 mu_bwd=1) | grad=3.781 | tok/s=8,219 | tokens=5.26B
step=160420 | loss=4.2411 | lr=1.71e-04 | wd=0.0000 | mom=0.9500 | T=1.0 k=1.0 (mu_rec=1 mu_bwd=1) | grad=2.859 | tok/s=88,968 | tokens=5.26B
step=160430 | loss=4.3700 | lr=1.71e-04 | wd=0.0000 | mom=0.9500 | T=1.0 k=1.0 (mu_rec=1 mu_bwd=1) | grad=3.188 | tok/s=88,824 | tokens=5.26B
step=160440 | loss=4.2539 | lr=1.71e-04 | wd=0.0000 | mom=0.9500 | T=1.0 k=1.0 (mu_rec=1 mu_bwd=1) | grad=3.562 | tok/s=88,640 | tokens=5.26B
step=160450 | loss=4.2067 | lr=1.71e-04 | wd=0.0000 | mom=0.9500 | T=1.0 k=1.0 (mu_rec=1 mu_bwd=1) | grad=2.688 | tok/s=88,453 | tokens=5.26B
step=160460 | loss=4.3543 | lr=1.72e-04 | wd=0.0000 | mom=0.9500 | T=1.0 k=1.0 (mu_rec=1 mu_bwd=1) | grad=3.453 | tok/s=88,305 | tokens=5.26B
step=160470 | loss=4.4473 | lr=1.72e-04 | wd=0.0000 | mom=0.9500 | T=1.0 k=1.0 (mu_rec=1 mu_bwd=1) | grad=3.688 | tok/s=88,065 | tokens=5.26B
step=160480 | loss=4.2353 | lr=1.72e-04 | wd=0.0000 | mom=0.9500 | T=1.0 k=1.0 (mu_rec=1 mu_bwd=1) | grad=3.297 | tok/s=87,917 | tokens=5.26B
step=160490 | loss=4.3482 | lr=1.73e-04 | wd=0.0000 | mom=0.9500 | T=1.0 k=1.0 (mu_rec=1 mu_bwd=1) | grad=3.188 | tok/s=87,801 | tokens=5.26B
step=160500 | loss=4.1832 | lr=1.73e-04 | wd=0.0000 | mom=0.9500 | T=1.0 k=1.0 (mu_rec=1 mu_bwd=1) | grad=4.156 | tok/s=87,720 | tokens=5.26B
step=160510 | loss=4.4278 | lr=1.73e-04 | wd=0.0000 | mom=0.9500 | T=1.0 k=1.0 (mu_rec=1 mu_bwd=1) | grad=3.188 | tok/s=87,476 | tokens=5.26B
step=160520 | loss=4.4297 | lr=1.73e-04 | wd=0.0000 | mom=0.9500 | T=1.0 k=1.0 (mu_rec=1 mu_bwd=1) | grad=3.703 | tok/s=87,457 | tokens=5.26B
step=160530 | loss=4.3539 | lr=1.74e-04 | wd=0.0000 | mom=0.9500 | T=1.0 k=1.0 (mu_rec=1 mu_bwd=1) | grad=3.312 | tok/s=87,263 | tokens=5.26B
step=160540 | loss=4.3883 | lr=1.74e-04 | wd=0.0000 | mom=0.9500 | T=1.0 k=1.0 (mu_rec=1 mu_bwd=1) | grad=3.094 | tok/s=87,179 | tokens=5.26B
step=160550 | loss=4.4518 | lr=1.74e-04 | wd=0.0000 | mom=0.9500 | T=1.0 k=1.0 (mu_rec=1 mu_bwd=1) | grad=3.125 | tok/s=87,037 | tokens=5.26B
step=160560 | loss=4.2277 | lr=1.75e-04 | wd=0.0000 | mom=0.9500 | T=1.0 k=1.0 (mu_rec=1 mu_bwd=1) | grad=3.125 | tok/s=86,858 | tokens=5.26B
step=160570 | loss=4.3200 | lr=1.75e-04 | wd=0.0000 | mom=0.9500 | T=1.0 k=1.0 (mu_rec=1 mu_bwd=1) | grad=5.344 | tok/s=86,874 | tokens=5.26B
step=160580 | loss=4.3366 | lr=1.75e-04 | wd=0.0000 | mom=0.9500 | T=1.0 k=1.0 (mu_rec=1 mu_bwd=1) | grad=3.641 | tok/s=86,724 | tokens=5.26B
step=160590 | loss=4.2542 | lr=1.75e-04 | wd=0.0000 | mom=0.9500 | T=1.0 k=1.0 (mu_rec=1 mu_bwd=1) | grad=6.281 | tok/s=86,578 | tokens=5.26B
step=160600 | loss=4.4021 | lr=1.76e-04 | wd=0.0000 | mom=0.9500 | T=1.0 k=1.0 (mu_rec=1 mu_bwd=1) | grad=5.281 | tok/s=86,502 | tokens=5.26B
step=160610 | loss=4.4961 | lr=1.76e-04 | wd=0.0000 | mom=0.9500 | T=1.0 k=1.0 (mu_rec=1 mu_bwd=1) | grad=4.562 | tok/s=86,671 | tokens=5.26B
step=160620 | loss=4.3288 | lr=1.76e-04 | wd=0.0000 | mom=0.9500 | T=1.0 k=1.0 (mu_rec=1 mu_bwd=1) | grad=3.234 | tok/s=86,784 | tokens=5.26B
step=160630 | loss=4.3455 | lr=1.76e-04 | wd=0.0000 | mom=0.9500 | T=1.0 k=1.0 (mu_rec=1 mu_bwd=1) | grad=4.750 | tok/s=86,539 | tokens=5.26B
step=160640 | loss=4.2194 | lr=1.77e-04 | wd=0.0000 | mom=0.9500 | T=1.0 k=1.0 (mu_rec=1 mu_bwd=1) | grad=4.938 | tok/s=86,648 | tokens=5.26B
step=160650 | loss=4.2793 | lr=1.77e-04 | wd=0.0000 | mom=0.9500 | T=1.0 k=1.0 (mu_rec=1 mu_bwd=1) | grad=3.312 | tok/s=86,689 | tokens=5.26B
step=160660 | loss=4.3106 | lr=1.77e-04 | wd=0.0000 | mom=0.9500 | T=1.0 k=1.0 (mu_rec=1 mu_bwd=1) | grad=3.266 | tok/s=86,857 | tokens=5.26B
step=160670 | loss=4.2963 | lr=1.78e-04 | wd=0.0000 | mom=0.9500 | T=1.0 k=1.0 (mu_rec=1 mu_bwd=1) | grad=4.094 | tok/s=86,869 | tokens=5.26B
step=160680 | loss=4.5706 | lr=1.78e-04 | wd=0.0000 | mom=0.9500 | T=1.0 k=1.0 (mu_rec=1 mu_bwd=1) | grad=4.125 | tok/s=87,021 | tokens=5.27B
step=160690 | loss=4.7010 | lr=1.78e-04 | wd=0.0000 | mom=0.9500 | T=1.0 k=1.0 (mu_rec=1 mu_bwd=1) | grad=3.312 | tok/s=87,114 | tokens=5.27B
step=160700 | loss=4.2814 | lr=1.78e-04 | wd=0.0000 | mom=0.9500 | T=1.0 k=1.0 (mu_rec=1 mu_bwd=1) | grad=3.406 | tok/s=87,138 | tokens=5.27B
step=160710 | loss=4.4224 | lr=1.79e-04 | wd=0.0000 | mom=0.9500 | T=1.0 k=1.0 (mu_rec=1 mu_bwd=1) | grad=4.438 | tok/s=87,336 | tokens=5.27B
step=160720 | loss=4.3189 | lr=1.79e-04 | wd=0.0000 | mom=0.9500 | T=1.0 k=1.0 (mu_rec=1 mu_bwd=1) | grad=2.984 | tok/s=87,269 | tokens=5.27B
step=160730 | loss=4.4046 | lr=1.79e-04 | wd=0.0000 | mom=0.9500 | T=1.0 k=1.0 (mu_rec=1 mu_bwd=1) | grad=3.719 | tok/s=87,442 | tokens=5.27B
step=160740 | loss=4.0026 | lr=1.80e-04 | wd=0.0000 | mom=0.9500 | T=1.0 k=1.0 (mu_rec=1 mu_bwd=1) | grad=3.344 | tok/s=87,563 | tokens=5.27B
step=160750 | loss=4.2230 | lr=1.80e-04 | wd=0.0000 | mom=0.9500 | T=1.0 k=1.0 (mu_rec=1 mu_bwd=1) | grad=10.625 | tok/s=87,591 | tokens=5.27B
step=160760 | loss=4.5231 | lr=1.80e-04 | wd=0.0000 | mom=0.9500 | T=1.0 k=1.0 (mu_rec=1 mu_bwd=1) | grad=4.312 | tok/s=87,427 | tokens=5.27B
step=160770 | loss=4.2857 | lr=1.80e-04 | wd=0.0000 | mom=0.9500 | T=1.0 k=1.0 (mu_rec=1 mu_bwd=1) | grad=3.516 | tok/s=87,307 | tokens=5.27B
step=160780 | loss=4.0228 | lr=1.81e-04 | wd=0.0000 | mom=0.9500 | T=1.0 k=1.0 (mu_rec=1 mu_bwd=1) | grad=4.750 | tok/s=87,423 | tokens=5.27B
step=160790 | loss=4.5398 | lr=1.81e-04 | wd=0.0000 | mom=0.9500 | T=1.0 k=1.0 (mu_rec=1 mu_bwd=1) | grad=3.875 | tok/s=87,355 | tokens=5.27B
step=160800 | loss=4.5353 | lr=1.81e-04 | wd=0.0000 | mom=0.9500 | T=1.0 k=1.0 (mu_rec=1 mu_bwd=1) | grad=5.031 | tok/s=87,374 | tokens=5.27B
step=160810 | loss=3.9881 | lr=1.81e-04 | wd=0.0000 | mom=0.9500 | T=1.0 k=1.0 (mu_rec=1 mu_bwd=1) | grad=3.547 | tok/s=87,440 | tokens=5.27B
step=160820 | loss=4.2433 | lr=1.82e-04 | wd=0.0000 | mom=0.9500 | T=1.0 k=1.0 (mu_rec=1 mu_bwd=1) | grad=3.047 | tok/s=87,451 | tokens=5.27B
step=160830 | loss=4.3187 | lr=1.82e-04 | wd=0.0000 | mom=0.9500 | T=1.0 k=1.0 (mu_rec=1 mu_bwd=1) | grad=3.672 | tok/s=87,487 | tokens=5.27B
step=160840 | loss=4.3373 | lr=1.82e-04 | wd=0.0000 | mom=0.9500 | T=1.0 k=1.0 (mu_rec=1 mu_bwd=1) | grad=6.531 | tok/s=87,516 | tokens=5.27B
step=160850 | loss=4.3040 | lr=1.83e-04 | wd=0.0000 | mom=0.9500 | T=1.0 k=1.0 (mu_rec=1 mu_bwd=1) | grad=2.625 | tok/s=87,571 | tokens=5.27B
step=160860 | loss=4.0873 | lr=1.83e-04 | wd=0.0000 | mom=0.9500 | T=1.0 k=1.0 (mu_rec=1 mu_bwd=1) | grad=2.984 | tok/s=87,533 | tokens=5.27B
step=160870 | loss=4.6707 | lr=1.83e-04 | wd=0.0000 | mom=0.9500 | T=1.0 k=1.0 (mu_rec=1 mu_bwd=1) | grad=3.328 | tok/s=87,417 | tokens=5.27B
step=160880 | loss=4.2970 | lr=1.83e-04 | wd=0.0000 | mom=0.9500 | T=1.0 k=1.0 (mu_rec=1 mu_bwd=1) | grad=4.719 | tok/s=87,596 | tokens=5.27B
step=160890 | loss=4.3004 | lr=1.84e-04 | wd=0.0000 | mom=0.9500 | T=1.0 k=1.0 (mu_rec=1 mu_bwd=1) | grad=4.188 | tok/s=87,617 | tokens=5.27B
step=160900 | loss=4.5765 | lr=1.84e-04 | wd=0.0000 | mom=0.9500 | T=1.0 k=1.0 (mu_rec=1 mu_bwd=1) | grad=5.875 | tok/s=87,579 | tokens=5.27B
step=160910 | loss=4.2453 | lr=1.84e-04 | wd=0.0000 | mom=0.9500 | T=1.0 k=1.0 (mu_rec=1 mu_bwd=1) | grad=4.562 | tok/s=87,525 | tokens=5.27B
step=160920 | loss=4.1329 | lr=1.84e-04 | wd=0.0000 | mom=0.9500 | T=1.0 k=1.0 (mu_rec=1 mu_bwd=1) | grad=5.438 | tok/s=87,573 | tokens=5.27B
step=160930 | loss=4.2994 | lr=1.85e-04 | wd=0.0000 | mom=0.9500 | T=1.0 k=1.0 (mu_rec=1 mu_bwd=1) | grad=3.078 | tok/s=87,543 | tokens=5.27B
step=160940 | loss=4.3623 | lr=1.85e-04 | wd=0.0000 | mom=0.9500 | T=1.0 k=1.0 (mu_rec=1 mu_bwd=1) | grad=3.000 | tok/s=87,572 | tokens=5.27B
step=160950 | loss=4.2447 | lr=1.85e-04 | wd=0.0000 | mom=0.9500 | T=1.0 k=1.0 (mu_rec=1 mu_bwd=1) | grad=3.438 | tok/s=87,590 | tokens=5.27B
step=160960 | loss=4.3917 | lr=1.86e-04 | wd=0.0000 | mom=0.9500 | T=1.0 k=1.0 (mu_rec=1 mu_bwd=1) | grad=3.266 | tok/s=87,623 | tokens=5.27B
step=160970 | loss=4.3848 | lr=1.86e-04 | wd=0.0000 | mom=0.9500 | T=1.0 k=1.0 (mu_rec=1 mu_bwd=1) | grad=3.297 | tok/s=87,653 | tokens=5.27B
step=160980 | loss=4.5273 | lr=1.86e-04 | wd=0.0000 | mom=0.9500 | T=1.0 k=1.0 (mu_rec=1 mu_bwd=1) | grad=3.406 | tok/s=87,615 | tokens=5.27B
step=160990 | loss=4.7779 | lr=1.86e-04 | wd=0.0000 | mom=0.9500 | T=1.0 k=1.0 (mu_rec=1 mu_bwd=1) | grad=3.562 | tok/s=87,696 | tokens=5.28B
step=161000 | loss=4.3678 | lr=1.87e-04 | wd=0.0000 | mom=0.9500 | T=1.0 k=1.0 (mu_rec=1 mu_bwd=1) | grad=3.938 | tok/s=87,703 | tokens=5.28B
step=161010 | loss=4.4865 | lr=1.87e-04 | wd=0.0000 | mom=0.9500 | T=1.0 k=1.0 (mu_rec=1 mu_bwd=1) | grad=3.141 | tok/s=87,667 | tokens=5.28B
step=161020 | loss=4.2681 | lr=1.87e-04 | wd=0.0000 | mom=0.9500 | T=1.0 k=1.0 (mu_rec=1 mu_bwd=1) | grad=6.281 | tok/s=87,667 | tokens=5.28B
step=161030 | loss=4.5597 | lr=1.87e-04 | wd=0.0000 | mom=0.9500 | T=1.0 k=1.0 (mu_rec=1 mu_bwd=1) | grad=3.422 | tok/s=87,531 | tokens=5.28B
step=161040 | loss=4.6491 | lr=1.88e-04 | wd=0.0000 | mom=0.9500 | T=1.0 k=1.0 (mu_rec=1 mu_bwd=1) | grad=3.203 | tok/s=87,615 | tokens=5.28B
step=161050 | loss=4.6177 | lr=1.88e-04 | wd=0.0000 | mom=0.9500 | T=1.0 k=1.0 (mu_rec=1 mu_bwd=1) | grad=2.938 | tok/s=87,666 | tokens=5.28B
step=161060 | loss=4.2352 | lr=1.88e-04 | wd=0.0000 | mom=0.9500 | T=1.0 k=1.0 (mu_rec=1 mu_bwd=1) | grad=6.312 | tok/s=87,690 | tokens=5.28B
step=161070 | loss=4.4107 | lr=1.89e-04 | wd=0.0000 | mom=0.9500 | T=1.0 k=1.0 (mu_rec=1 mu_bwd=1) | grad=3.031 | tok/s=87,621 | tokens=5.28B
step=161080 | loss=4.7205 | lr=1.89e-04 | wd=0.0000 | mom=0.9500 | T=1.0 k=1.0 (mu_rec=1 mu_bwd=1) | grad=4.000 | tok/s=87,778 | tokens=5.28B
step=161090 | loss=4.2360 | lr=1.89e-04 | wd=0.0000 | mom=0.9500 | T=1.0 k=1.0 (mu_rec=1 mu_bwd=1) | grad=3.047 | tok/s=87,700 | tokens=5.28B
step=161100 | loss=4.1403 | lr=1.89e-04 | wd=0.0000 | mom=0.9500 | T=1.0 k=1.0 (mu_rec=1 mu_bwd=1) | grad=3.969 | tok/s=87,615 | tokens=5.28B
step=161110 | loss=4.3413 | lr=1.90e-04 | wd=0.0000 | mom=0.9500 | T=1.0 k=1.0 (mu_rec=1 mu_bwd=1) | grad=5.125 | tok/s=87,695 | tokens=5.28B
step=161120 | loss=4.3570 | lr=1.90e-04 | wd=0.0000 | mom=0.9500 | T=1.0 k=1.0 (mu_rec=1 mu_bwd=1) | grad=2.922 | tok/s=87,689 | tokens=5.28B
step=161130 | loss=4.4184 | lr=1.90e-04 | wd=0.0000 | mom=0.9500 | T=1.0 k=1.0 (mu_rec=1 mu_bwd=1) | grad=3.094 | tok/s=87,706 | tokens=5.28B
step=161140 | loss=4.4249 | lr=1.91e-04 | wd=0.0000 | mom=0.9500 | T=1.0 k=1.0 (mu_rec=1 mu_bwd=1) | grad=4.469 | tok/s=87,660 | tokens=5.28B
step=161150 | loss=4.5342 | lr=1.91e-04 | wd=0.0000 | mom=0.9500 | T=1.0 k=1.0 (mu_rec=1 mu_bwd=1) | grad=3.922 | tok/s=87,750 | tokens=5.28B
step=161160 | loss=4.3863 | lr=1.91e-04 | wd=0.0000 | mom=0.9500 | T=1.0 k=1.0 (mu_rec=1 mu_bwd=1) | grad=4.219 | tok/s=87,716 | tokens=5.28B
step=161170 | loss=4.2875 | lr=1.91e-04 | wd=0.0000 | mom=0.9500 | T=1.0 k=1.0 (mu_rec=1 mu_bwd=1) | grad=3.812 | tok/s=87,728 | tokens=5.28B
step=161180 | loss=4.3947 | lr=1.92e-04 | wd=0.0000 | mom=0.9500 | T=1.0 k=1.0 (mu_rec=1 mu_bwd=1) | grad=4.500 | tok/s=87,787 | tokens=5.28B
step=161190 | loss=4.3177 | lr=1.92e-04 | wd=0.0000 | mom=0.9500 | T=1.0 k=1.0 (mu_rec=1 mu_bwd=1) | grad=2.484 | tok/s=87,686 | tokens=5.28B
step=161200 | loss=4.1594 | lr=1.92e-04 | wd=0.0000 | mom=0.9500 | T=1.0 k=1.0 (mu_rec=1 mu_bwd=1) | grad=2.719 | tok/s=87,757 | tokens=5.28B
step=161210 | loss=4.4106 | lr=1.92e-04 | wd=0.0000 | mom=0.9500 | T=1.0 k=1.0 (mu_rec=1 mu_bwd=1) | grad=4.844 | tok/s=9,023 | tokens=5.28B
step=161220 | loss=4.4056 | lr=1.93e-04 | wd=0.0000 | mom=0.9500 | T=1.0 k=1.0 (mu_rec=1 mu_bwd=1) | grad=3.516 | tok/s=89,160 | tokens=5.28B
step=161230 | loss=4.5270 | lr=1.93e-04 | wd=0.0000 | mom=0.9500 | T=1.0 k=1.0 (mu_rec=1 mu_bwd=1) | grad=3.328 | tok/s=88,881 | tokens=5.28B
step=161240 | loss=4.0024 | lr=1.93e-04 | wd=0.0000 | mom=0.9500 | T=1.0 k=1.0 (mu_rec=1 mu_bwd=1) | grad=3.891 | tok/s=88,731 | tokens=5.28B
step=161250 | loss=4.4142 | lr=1.93e-04 | wd=0.0000 | mom=0.9500 | T=1.0 k=1.0 (mu_rec=1 mu_bwd=1) | grad=5.094 | tok/s=88,685 | tokens=5.28B
step=161260 | loss=4.4178 | lr=1.94e-04 | wd=0.0000 | mom=0.9500 | T=1.0 k=1.0 (mu_rec=1 mu_bwd=1) | grad=5.812 | tok/s=88,577 | tokens=5.28B
step=161270 | loss=4.2579 | lr=1.94e-04 | wd=0.0000 | mom=0.9500 | T=1.0 k=1.0 (mu_rec=1 mu_bwd=1) | grad=3.422 | tok/s=88,412 | tokens=5.28B
step=161280 | loss=4.3166 | lr=1.94e-04 | wd=0.0000 | mom=0.9500 | T=1.0 k=1.0 (mu_rec=1 mu_bwd=1) | grad=2.984 | tok/s=88,448 | tokens=5.28B
step=161290 | loss=4.3523 | lr=1.95e-04 | wd=0.0000 | mom=0.9500 | T=1.0 k=1.0 (mu_rec=1 mu_bwd=1) | grad=4.625 | tok/s=88,269 | tokens=5.29B
step=161300 | loss=4.2936 | lr=1.95e-04 | wd=0.0000 | mom=0.9500 | T=1.0 k=1.0 (mu_rec=1 mu_bwd=1) | grad=5.781 | tok/s=88,172 | tokens=5.29B
step=161310 | loss=4.3022 | lr=1.95e-04 | wd=0.0000 | mom=0.9500 | T=1.0 k=1.0 (mu_rec=1 mu_bwd=1) | grad=3.297 | tok/s=88,073 | tokens=5.29B
step=161320 | loss=3.8513 | lr=1.95e-04 | wd=0.0000 | mom=0.9500 | T=1.0 k=1.0 (mu_rec=1 mu_bwd=1) | grad=5.125 | tok/s=87,997 | tokens=5.29B
step=161330 | loss=4.0586 | lr=1.96e-04 | wd=0.0000 | mom=0.9500 | T=1.0 k=1.0 (mu_rec=1 mu_bwd=1) | grad=6.844 | tok/s=87,894 | tokens=5.29B
step=161340 | loss=4.4738 | lr=1.96e-04 | wd=0.0000 | mom=0.9500 | T=1.0 k=1.0 (mu_rec=1 mu_bwd=1) | grad=5.469 | tok/s=87,865 | tokens=5.29B
step=161350 | loss=4.1262 | lr=1.96e-04 | wd=0.0000 | mom=0.9500 | T=1.0 k=1.0 (mu_rec=1 mu_bwd=1) | grad=4.750 | tok/s=87,814 | tokens=5.29B
step=161360 | loss=4.1551 | lr=1.96e-04 | wd=0.0000 | mom=0.9500 | T=1.0 k=1.0 (mu_rec=1 mu_bwd=1) | grad=3.594 | tok/s=9,446 | tokens=5.29B
step=161370 | loss=4.2621 | lr=1.97e-04 | wd=0.0000 | mom=0.9500 | T=1.0 k=1.0 (mu_rec=1 mu_bwd=1) | grad=3.234 | tok/s=88,734 | tokens=5.29B
step=161380 | loss=4.2969 | lr=1.97e-04 | wd=0.0000 | mom=0.9500 | T=1.0 k=1.0 (mu_rec=1 mu_bwd=1) | grad=3.312 | tok/s=88,545 | tokens=5.29B
step=161390 | loss=4.3569 | lr=1.97e-04 | wd=0.0000 | mom=0.9500 | T=1.0 k=1.0 (mu_rec=1 mu_bwd=1) | grad=3.391 | tok/s=88,403 | tokens=5.29B
step=161400 | loss=4.4514 | lr=1.98e-04 | wd=0.0000 | mom=0.9500 | T=1.0 k=1.0 (mu_rec=1 mu_bwd=1) | grad=2.953 | tok/s=88,296 | tokens=5.29B
step=161410 | loss=4.1060 | lr=1.98e-04 | wd=0.0000 | mom=0.9500 | T=1.0 k=1.0 (mu_rec=1 mu_bwd=1) | grad=3.078 | tok/s=88,079 | tokens=5.29B
step=161420 | loss=4.0849 | lr=1.98e-04 | wd=0.0000 | mom=0.9500 | T=1.0 k=1.0 (mu_rec=1 mu_bwd=1) | grad=5.188 | tok/s=87,973 | tokens=5.29B
step=161430 | loss=4.0641 | lr=1.98e-04 | wd=0.0000 | mom=0.9500 | T=1.0 k=1.0 (mu_rec=1 mu_bwd=1) | grad=3.766 | tok/s=87,875 | tokens=5.29B
step=161440 | loss=4.2163 | lr=1.99e-04 | wd=0.0000 | mom=0.9500 | T=1.0 k=1.0 (mu_rec=1 mu_bwd=1) | grad=3.875 | tok/s=87,709 | tokens=5.29B
step=161450 | loss=4.1843 | lr=1.99e-04 | wd=0.0000 | mom=0.9500 | T=1.0 k=1.0 (mu_rec=1 mu_bwd=1) | grad=3.750 | tok/s=87,534 | tokens=5.29B
step=161460 | loss=4.3241 | lr=1.99e-04 | wd=0.0000 | mom=0.9500 | T=1.0 k=1.0 (mu_rec=1 mu_bwd=1) | grad=6.719 | tok/s=87,481 | tokens=5.29B
step=161470 | loss=4.2418 | lr=1.99e-04 | wd=0.0000 | mom=0.9500 | T=1.0 k=1.0 (mu_rec=1 mu_bwd=1) | grad=2.812 | tok/s=87,509 | tokens=5.29B
step=161480 | loss=4.4099 | lr=2.00e-04 | wd=0.0000 | mom=0.9500 | T=1.0 k=1.0 (mu_rec=1 mu_bwd=1) | grad=6.188 | tok/s=87,193 | tokens=5.29B
step=161490 | loss=4.3231 | lr=2.00e-04 | wd=0.0000 | mom=0.9500 | T=1.0 k=1.0 (mu_rec=1 mu_bwd=1) | grad=2.922 | tok/s=87,216 | tokens=5.29B
step=161500 | loss=4.3944 | lr=2.00e-04 | wd=0.0000 | mom=0.9500 | T=1.0 k=1.0 (mu_rec=1 mu_bwd=1) | grad=3.672 | tok/s=87,003 | tokens=5.29B
step=161510 | loss=4.3432 | lr=2.01e-04 | wd=0.0000 | mom=0.9500 | T=1.0 k=1.0 (mu_rec=1 mu_bwd=1) | grad=4.438 | tok/s=87,007 | tokens=5.29B
step=161520 | loss=4.3935 | lr=2.01e-04 | wd=0.0000 | mom=0.9500 | T=1.0 k=1.0 (mu_rec=1 mu_bwd=1) | grad=3.797 | tok/s=86,725 | tokens=5.29B
step=161530 | loss=4.2721 | lr=2.01e-04 | wd=0.0000 | mom=0.9500 | T=1.0 k=1.0 (mu_rec=1 mu_bwd=1) | grad=2.859 | tok/s=86,743 | tokens=5.29B
step=161540 | loss=4.3754 | lr=2.01e-04 | wd=0.0000 | mom=0.9500 | T=1.0 k=1.0 (mu_rec=1 mu_bwd=1) | grad=3.375 | tok/s=86,786 | tokens=5.29B
step=161550 | loss=4.1981 | lr=2.02e-04 | wd=0.0000 | mom=0.9500 | T=1.0 k=1.0 (mu_rec=1 mu_bwd=1) | grad=3.094 | tok/s=86,905 | tokens=5.29B
step=161560 | loss=4.2828 | lr=2.02e-04 | wd=0.0000 | mom=0.9500 | T=1.0 k=1.0 (mu_rec=1 mu_bwd=1) | grad=3.766 | tok/s=86,612 | tokens=5.29B
step=161570 | loss=4.3255 | lr=2.02e-04 | wd=0.0000 | mom=0.9500 | T=1.0 k=1.0 (mu_rec=1 mu_bwd=1) | grad=3.281 | tok/s=86,901 | tokens=5.29B
step=161580 | loss=4.2614 | lr=2.02e-04 | wd=0.0000 | mom=0.9500 | T=1.0 k=1.0 (mu_rec=1 mu_bwd=1) | grad=4.156 | tok/s=86,739 | tokens=5.29B
step=161590 | loss=4.5956 | lr=2.03e-04 | wd=0.0000 | mom=0.9500 | T=1.0 k=1.0 (mu_rec=1 mu_bwd=1) | grad=4.375 | tok/s=86,731 | tokens=5.29B
step=161600 | loss=5.0426 | lr=2.03e-04 | wd=0.0000 | mom=0.9500 | T=1.0 k=1.0 (mu_rec=1 mu_bwd=1) | grad=3.844 | tok/s=86,855 | tokens=5.30B
step=161610 | loss=4.5008 | lr=2.03e-04 | wd=0.0000 | mom=0.9500 | T=1.0 k=1.0 (mu_rec=1 mu_bwd=1) | grad=3.375 | tok/s=86,936 | tokens=5.30B
step=161620 | loss=4.3756 | lr=2.03e-04 | wd=0.0000 | mom=0.9500 | T=1.0 k=1.0 (mu_rec=1 mu_bwd=1) | grad=3.391 | tok/s=87,049 | tokens=5.30B
step=161630 | loss=4.1560 | lr=2.04e-04 | wd=0.0000 | mom=0.9500 | T=1.0 k=1.0 (mu_rec=1 mu_bwd=1) | grad=7.656 | tok/s=87,016 | tokens=5.30B
step=161640 | loss=4.3777 | lr=2.04e-04 | wd=0.0000 | mom=0.9500 | T=1.0 k=1.0 (mu_rec=1 mu_bwd=1) | grad=5.938 | tok/s=87,106 | tokens=5.30B
step=161650 | loss=4.1442 | lr=2.04e-04 | wd=0.0000 | mom=0.9500 | T=1.0 k=1.0 (mu_rec=1 mu_bwd=1) | grad=3.469 | tok/s=87,244 | tokens=5.30B
step=161660 | loss=4.3771 | lr=2.05e-04 | wd=0.0000 | mom=0.9500 | T=1.0 k=1.0 (mu_rec=1 mu_bwd=1) | grad=3.812 | tok/s=87,352 | tokens=5.30B
step=161670 | loss=4.2171 | lr=2.05e-04 | wd=0.0000 | mom=0.9500 | T=1.0 k=1.0 (mu_rec=1 mu_bwd=1) | grad=3.594 | tok/s=87,392 | tokens=5.30B
step=161680 | loss=4.3082 | lr=2.05e-04 | wd=0.0000 | mom=0.9500 | T=1.0 k=1.0 (mu_rec=1 mu_bwd=1) | grad=2.734 | tok/s=87,365 | tokens=5.30B
step=161690 | loss=4.3264 | lr=2.05e-04 | wd=0.0000 | mom=0.9500 | T=1.0 k=1.0 (mu_rec=1 mu_bwd=1) | grad=3.094 | tok/s=87,409 | tokens=5.30B
step=161700 | loss=4.4032 | lr=2.06e-04 | wd=0.0000 | mom=0.9500 | T=1.0 k=1.0 (mu_rec=1 mu_bwd=1) | grad=4.500 | tok/s=87,437 | tokens=5.30B
step=161710 | loss=4.3611 | lr=2.06e-04 | wd=0.0000 | mom=0.9500 | T=1.0 k=1.0 (mu_rec=1 mu_bwd=1) | grad=4.531 | tok/s=87,397 | tokens=5.30B
step=161720 | loss=4.1465 | lr=2.06e-04 | wd=0.0000 | mom=0.9500 | T=1.0 k=1.0 (mu_rec=1 mu_bwd=1) | grad=4.125 | tok/s=87,488 | tokens=5.30B
step=161730 | loss=4.3543 | lr=2.06e-04 | wd=0.0000 | mom=0.9500 | T=1.0 k=1.0 (mu_rec=1 mu_bwd=1) | grad=3.609 | tok/s=87,502 | tokens=5.30B
step=161740 | loss=4.3156 | lr=2.07e-04 | wd=0.0000 | mom=0.9500 | T=1.0 k=1.0 (mu_rec=1 mu_bwd=1) | grad=3.719 | tok/s=87,575 | tokens=5.30B
step=161750 | loss=4.2405 | lr=2.07e-04 | wd=0.0000 | mom=0.9500 | T=1.0 k=1.0 (mu_rec=1 mu_bwd=1) | grad=3.531 | tok/s=87,707 | tokens=5.30B
step=161760 | loss=4.2211 | lr=2.07e-04 | wd=0.0000 | mom=0.9500 | T=1.0 k=1.0 (mu_rec=1 mu_bwd=1) | grad=3.391 | tok/s=87,566 | tokens=5.30B
step=161770 | loss=4.3009 | lr=2.07e-04 | wd=0.0000 | mom=0.9500 | T=1.0 k=1.0 (mu_rec=1 mu_bwd=1) | grad=3.219 | tok/s=87,642 | tokens=5.30B
step=161780 | loss=4.6466 | lr=2.08e-04 | wd=0.0000 | mom=0.9500 | T=1.0 k=1.0 (mu_rec=1 mu_bwd=1) | grad=4.312 | tok/s=87,526 | tokens=5.30B
step=161790 | loss=4.7059 | lr=2.08e-04 | wd=0.0000 | mom=0.9500 | T=1.0 k=1.0 (mu_rec=1 mu_bwd=1) | grad=3.625 | tok/s=87,654 | tokens=5.30B
step=161800 | loss=4.3948 | lr=2.08e-04 | wd=0.0000 | mom=0.9500 | T=1.0 k=1.0 (mu_rec=1 mu_bwd=1) | grad=3.219 | tok/s=87,483 | tokens=5.30B
step=161810 | loss=4.2548 | lr=2.08e-04 | wd=0.0000 | mom=0.9500 | T=1.0 k=1.0 (mu_rec=1 mu_bwd=1) | grad=4.438 | tok/s=87,350 | tokens=5.30B
step=161820 | loss=4.1311 | lr=2.09e-04 | wd=0.0000 | mom=0.9500 | T=1.0 k=1.0 (mu_rec=1 mu_bwd=1) | grad=5.188 | tok/s=87,425 | tokens=5.30B
step=161830 | loss=4.3829 | lr=2.09e-04 | wd=0.0000 | mom=0.9500 | T=1.0 k=1.0 (mu_rec=1 mu_bwd=1) | grad=3.250 | tok/s=87,491 | tokens=5.30B
step=161840 | loss=4.2488 | lr=2.09e-04 | wd=0.0000 | mom=0.9500 | T=1.0 k=1.0 (mu_rec=1 mu_bwd=1) | grad=11.438 | tok/s=87,343 | tokens=5.30B
step=161850 | loss=4.4672 | lr=2.10e-04 | wd=0.0000 | mom=0.9500 | T=1.0 k=1.0 (mu_rec=1 mu_bwd=1) | grad=3.922 | tok/s=87,415 | tokens=5.30B
step=161860 | loss=4.2445 | lr=2.10e-04 | wd=0.0000 | mom=0.9500 | T=1.0 k=1.0 (mu_rec=1 mu_bwd=1) | grad=3.500 | tok/s=87,358 | tokens=5.30B
step=161870 | loss=4.3688 | lr=2.10e-04 | wd=0.0000 | mom=0.9500 | T=1.0 k=1.0 (mu_rec=1 mu_bwd=1) | grad=6.531 | tok/s=87,539 | tokens=5.30B
step=161880 | loss=4.1409 | lr=2.10e-04 | wd=0.0000 | mom=0.9500 | T=1.0 k=1.0 (mu_rec=1 mu_bwd=1) | grad=3.328 | tok/s=87,491 | tokens=5.30B
step=161890 | loss=4.4956 | lr=2.11e-04 | wd=0.0000 | mom=0.9500 | T=1.0 k=1.0 (mu_rec=1 mu_bwd=1) | grad=3.688 | tok/s=87,540 | tokens=5.30B
step=161900 | loss=4.5238 | lr=2.11e-04 | wd=0.0000 | mom=0.9500 | T=1.0 k=1.0 (mu_rec=1 mu_bwd=1) | grad=3.828 | tok/s=87,497 | tokens=5.31B
step=161910 | loss=4.2091 | lr=2.11e-04 | wd=0.0000 | mom=0.9500 | T=1.0 k=1.0 (mu_rec=1 mu_bwd=1) | grad=3.031 | tok/s=87,595 | tokens=5.31B
step=161920 | loss=4.3725 | lr=2.11e-04 | wd=0.0000 | mom=0.9500 | T=1.0 k=1.0 (mu_rec=1 mu_bwd=1) | grad=3.094 | tok/s=87,412 | tokens=5.31B
step=161930 | loss=4.2284 | lr=2.12e-04 | wd=0.0000 | mom=0.9500 | T=1.0 k=1.0 (mu_rec=1 mu_bwd=1) | grad=2.969 | tok/s=87,561 | tokens=5.31B
step=161940 | loss=4.3180 | lr=2.12e-04 | wd=0.0000 | mom=0.9500 | T=1.0 k=1.0 (mu_rec=1 mu_bwd=1) | grad=2.969 | tok/s=87,556 | tokens=5.31B
step=161950 | loss=4.0682 | lr=2.12e-04 | wd=0.0000 | mom=0.9500 | T=1.0 k=1.0 (mu_rec=1 mu_bwd=1) | grad=2.984 | tok/s=87,460 | tokens=5.31B
step=161960 | loss=4.2628 | lr=2.12e-04 | wd=0.0000 | mom=0.9500 | T=1.0 k=1.0 (mu_rec=1 mu_bwd=1) | grad=2.938 | tok/s=87,537 | tokens=5.31B
step=161970 | loss=4.3485 | lr=2.13e-04 | wd=0.0000 | mom=0.9500 | T=1.0 k=1.0 (mu_rec=1 mu_bwd=1) | grad=3.406 | tok/s=87,439 | tokens=5.31B
step=161980 | loss=4.5773 | lr=2.13e-04 | wd=0.0000 | mom=0.9500 | T=1.0 k=1.0 (mu_rec=1 mu_bwd=1) | grad=3.328 | tok/s=87,446 | tokens=5.31B
step=161990 | loss=4.2533 | lr=2.13e-04 | wd=0.0000 | mom=0.9500 | T=1.0 k=1.0 (mu_rec=1 mu_bwd=1) | grad=3.984 | tok/s=87,482 | tokens=5.31B
step=162000 | loss=4.0974 | lr=2.13e-04 | wd=0.0000 | mom=0.9500 | T=1.0 k=1.0 (mu_rec=1 mu_bwd=1) | grad=4.969 | tok/s=87,576 | tokens=5.31B
[step 162000] Saved -> runs/pythia-5b/checkpoint_0162000
[step 162000] Pruned -> runs/pythia-5b/checkpoint_0156000
step=162010 | loss=4.3137 | lr=2.14e-04 | wd=0.0000 | mom=0.9500 | T=1.0 k=1.0 (mu_rec=1 mu_bwd=1) | grad=3.031 | tok/s=72,034 | tokens=5.31B
step=162020 | loss=4.3909 | lr=2.14e-04 | wd=0.0000 | mom=0.9500 | T=1.0 k=1.0 (mu_rec=1 mu_bwd=1) | grad=3.500 | tok/s=87,560 | tokens=5.31B
step=162030 | loss=4.2556 | lr=2.14e-04 | wd=0.0000 | mom=0.9500 | T=1.0 k=1.0 (mu_rec=1 mu_bwd=1) | grad=4.188 | tok/s=87,522 | tokens=5.31B
step=162040 | loss=4.4233 | lr=2.14e-04 | wd=0.0000 | mom=0.9500 | T=1.0 k=1.0 (mu_rec=1 mu_bwd=1) | grad=3.766 | tok/s=87,542 | tokens=5.31B
step=162050 | loss=4.2524 | lr=2.15e-04 | wd=0.0000 | mom=0.9500 | T=1.0 k=1.0 (mu_rec=1 mu_bwd=1) | grad=3.125 | tok/s=87,531 | tokens=5.31B
step=162060 | loss=4.2979 | lr=2.15e-04 | wd=0.0000 | mom=0.9500 | T=1.0 k=1.0 (mu_rec=1 mu_bwd=1) | grad=12.188 | tok/s=8,956 | tokens=5.31B
step=162070 | loss=4.1434 | lr=2.15e-04 | wd=0.0000 | mom=0.9500 | T=1.0 k=1.0 (mu_rec=1 mu_bwd=1) | grad=6.875 | tok/s=89,072 | tokens=5.31B
step=162080 | loss=3.9472 | lr=2.16e-04 | wd=0.0000 | mom=0.9500 | T=1.0 k=1.0 (mu_rec=1 mu_bwd=1) | grad=3.156 | tok/s=88,810 | tokens=5.31B
step=162090 | loss=4.1205 | lr=2.16e-04 | wd=0.0000 | mom=0.9500 | T=1.0 k=1.0 (mu_rec=1 mu_bwd=1) | grad=5.094 | tok/s=88,818 | tokens=5.31B
step=162100 | loss=4.1019 | lr=2.16e-04 | wd=0.0000 | mom=0.9500 | T=1.0 k=1.0 (mu_rec=1 mu_bwd=1) | grad=3.969 | tok/s=88,587 | tokens=5.31B
step=162110 | loss=4.4250 | lr=2.16e-04 | wd=0.0000 | mom=0.9500 | T=1.0 k=1.0 (mu_rec=1 mu_bwd=1) | grad=3.656 | tok/s=88,541 | tokens=5.31B
step=162120 | loss=4.1768 | lr=2.17e-04 | wd=0.0000 | mom=0.9500 | T=1.0 k=1.0 (mu_rec=1 mu_bwd=1) | grad=3.328 | tok/s=88,356 | tokens=5.31B
step=162130 | loss=4.2991 | lr=2.17e-04 | wd=0.0000 | mom=0.9500 | T=1.0 k=1.0 (mu_rec=1 mu_bwd=1) | grad=3.422 | tok/s=88,194 | tokens=5.31B
step=162140 | loss=4.3232 | lr=2.17e-04 | wd=0.0000 | mom=0.9500 | T=1.0 k=1.0 (mu_rec=1 mu_bwd=1) | grad=3.000 | tok/s=88,084 | tokens=5.31B
step=162150 | loss=4.3784 | lr=2.17e-04 | wd=0.0000 | mom=0.9500 | T=1.0 k=1.0 (mu_rec=1 mu_bwd=1) | grad=3.984 | tok/s=88,101 | tokens=5.31B
step=162160 | loss=4.4878 | lr=2.18e-04 | wd=0.0000 | mom=0.9500 | T=1.0 k=1.0 (mu_rec=1 mu_bwd=1) | grad=3.797 | tok/s=87,988 | tokens=5.31B
step=162170 | loss=4.2931 | lr=2.18e-04 | wd=0.0000 | mom=0.9500 | T=1.0 k=1.0 (mu_rec=1 mu_bwd=1) | grad=3.156 | tok/s=9,001 | tokens=5.31B
step=162180 | loss=4.5035 | lr=2.18e-04 | wd=0.0000 | mom=0.9500 | T=1.0 k=1.0 (mu_rec=1 mu_bwd=1) | grad=3.188 | tok/s=88,812 | tokens=5.31B
step=162190 | loss=4.4308 | lr=2.18e-04 | wd=0.0000 | mom=0.9500 | T=1.0 k=1.0 (mu_rec=1 mu_bwd=1) | grad=5.844 | tok/s=88,682 | tokens=5.31B
step=162200 | loss=4.3071 | lr=2.19e-04 | wd=0.0000 | mom=0.9500 | T=1.0 k=1.0 (mu_rec=1 mu_bwd=1) | grad=3.891 | tok/s=88,496 | tokens=5.31B
step=162210 | loss=4.4313 | lr=2.19e-04 | wd=0.0000 | mom=0.9500 | T=1.0 k=1.0 (mu_rec=1 mu_bwd=1) | grad=3.312 | tok/s=88,201 | tokens=5.32B
step=162220 | loss=4.2854 | lr=2.19e-04 | wd=0.0000 | mom=0.9500 | T=1.0 k=1.0 (mu_rec=1 mu_bwd=1) | grad=3.484 | tok/s=88,255 | tokens=5.32B
step=162230 | loss=4.3037 | lr=2.19e-04 | wd=0.0000 | mom=0.9500 | T=1.0 k=1.0 (mu_rec=1 mu_bwd=1) | grad=3.281 | tok/s=87,929 | tokens=5.32B
step=162240 | loss=4.2760 | lr=2.20e-04 | wd=0.0000 | mom=0.9500 | T=1.0 k=1.0 (mu_rec=1 mu_bwd=1) | grad=3.141 | tok/s=87,742 | tokens=5.32B
step=162250 | loss=4.3268 | lr=2.20e-04 | wd=0.0000 | mom=0.9500 | T=1.0 k=1.0 (mu_rec=1 mu_bwd=1) | grad=2.953 | tok/s=87,776 | tokens=5.32B
step=162260 | loss=4.4115 | lr=2.20e-04 | wd=0.0000 | mom=0.9500 | T=1.0 k=1.0 (mu_rec=1 mu_bwd=1) | grad=3.516 | tok/s=87,611 | tokens=5.32B
step=162270 | loss=4.0743 | lr=2.20e-04 | wd=0.0000 | mom=0.9500 | T=1.0 k=1.0 (mu_rec=1 mu_bwd=1) | grad=3.094 | tok/s=87,507 | tokens=5.32B
step=162280 | loss=4.4142 | lr=2.21e-04 | wd=0.0000 | mom=0.9500 | T=1.0 k=1.0 (mu_rec=1 mu_bwd=1) | grad=3.672 | tok/s=87,244 | tokens=5.32B
step=162290 | loss=4.1940 | lr=2.21e-04 | wd=0.0000 | mom=0.9500 | T=1.0 k=1.0 (mu_rec=1 mu_bwd=1) | grad=3.078 | tok/s=87,205 | tokens=5.32B
step=162300 | loss=4.1844 | lr=2.21e-04 | wd=0.0000 | mom=0.9500 | T=1.0 k=1.0 (mu_rec=1 mu_bwd=1) | grad=4.125 | tok/s=86,970 | tokens=5.32B
step=162310 | loss=4.2742 | lr=2.21e-04 | wd=0.0000 | mom=0.9500 | T=1.0 k=1.0 (mu_rec=1 mu_bwd=1) | grad=3.484 | tok/s=86,855 | tokens=5.32B
step=162320 | loss=4.3719 | lr=2.22e-04 | wd=0.0000 | mom=0.9500 | T=1.0 k=1.0 (mu_rec=1 mu_bwd=1) | grad=2.938 | tok/s=86,786 | tokens=5.32B
step=162330 | loss=4.0374 | lr=2.22e-04 | wd=0.0000 | mom=0.9500 | T=1.0 k=1.0 (mu_rec=1 mu_bwd=1) | grad=3.375 | tok/s=86,680 | tokens=5.32B
step=162340 | loss=4.2229 | lr=2.22e-04 | wd=0.0000 | mom=0.9500 | T=1.0 k=1.0 (mu_rec=1 mu_bwd=1) | grad=4.656 | tok/s=86,825 | tokens=5.32B
step=162350 | loss=5.0240 | lr=2.22e-04 | wd=0.0000 | mom=0.9500 | T=1.0 k=1.0 (mu_rec=1 mu_bwd=1) | grad=4.062 | tok/s=86,721 | tokens=5.32B
step=162360 | loss=4.6424 | lr=2.23e-04 | wd=0.0000 | mom=0.9500 | T=1.0 k=1.0 (mu_rec=1 mu_bwd=1) | grad=4.969 | tok/s=86,788 | tokens=5.32B
step=162370 | loss=4.1863 | lr=2.23e-04 | wd=0.0000 | mom=0.9500 | T=1.0 k=1.0 (mu_rec=1 mu_bwd=1) | grad=4.625 | tok/s=86,641 | tokens=5.32B
step=162380 | loss=4.4779 | lr=2.23e-04 | wd=0.0000 | mom=0.9500 | T=1.0 k=1.0 (mu_rec=1 mu_bwd=1) | grad=3.469 | tok/s=86,677 | tokens=5.32B
step=162390 | loss=3.8784 | lr=2.23e-04 | wd=0.0000 | mom=0.9500 | T=1.0 k=1.0 (mu_rec=1 mu_bwd=1) | grad=4.250 | tok/s=86,837 | tokens=5.32B
step=162400 | loss=4.2971 | lr=2.24e-04 | wd=0.0000 | mom=0.9500 | T=1.0 k=1.0 (mu_rec=1 mu_bwd=1) | grad=3.828 | tok/s=86,723 | tokens=5.32B
step=162410 | loss=5.4705 | lr=2.24e-04 | wd=0.0000 | mom=0.9500 | T=1.0 k=1.0 (mu_rec=1 mu_bwd=1) | grad=4.531 | tok/s=86,772 | tokens=5.32B
step=162420 | loss=4.5048 | lr=2.24e-04 | wd=0.0000 | mom=0.9500 | T=1.0 k=1.0 (mu_rec=1 mu_bwd=1) | grad=3.203 | tok/s=86,958 | tokens=5.32B
step=162430 | loss=4.2649 | lr=2.24e-04 | wd=0.0000 | mom=0.9500 | T=1.0 k=1.0 (mu_rec=1 mu_bwd=1) | grad=3.422 | tok/s=87,055 | tokens=5.32B
step=162440 | loss=4.0626 | lr=2.25e-04 | wd=0.0000 | mom=0.9500 | T=1.0 k=1.0 (mu_rec=1 mu_bwd=1) | grad=3.312 | tok/s=87,119 | tokens=5.32B
step=162450 | loss=4.2933 | lr=2.25e-04 | wd=0.0000 | mom=0.9500 | T=1.0 k=1.0 (mu_rec=1 mu_bwd=1) | grad=2.859 | tok/s=87,178 | tokens=5.32B
step=162460 | loss=4.7931 | lr=2.25e-04 | wd=0.0000 | mom=0.9500 | T=1.0 k=1.0 (mu_rec=1 mu_bwd=1) | grad=5.781 | tok/s=87,441 | tokens=5.32B
step=162470 | loss=4.3918 | lr=2.25e-04 | wd=0.0000 | mom=0.9500 | T=1.0 k=1.0 (mu_rec=1 mu_bwd=1) | grad=3.234 | tok/s=87,505 | tokens=5.32B
step=162480 | loss=4.1812 | lr=2.26e-04 | wd=0.0000 | mom=0.9500 | T=1.0 k=1.0 (mu_rec=1 mu_bwd=1) | grad=2.812 | tok/s=87,527 | tokens=5.32B
step=162490 | loss=4.2228 | lr=2.26e-04 | wd=0.0000 | mom=0.9500 | T=1.0 k=1.0 (mu_rec=1 mu_bwd=1) | grad=3.547 | tok/s=87,548 | tokens=5.32B
step=162500 | loss=4.3659 | lr=2.26e-04 | wd=0.0000 | mom=0.9500 | T=1.0 k=1.0 (mu_rec=1 mu_bwd=1) | grad=3.297 | tok/s=87,583 | tokens=5.32B
step=162510 | loss=4.4366 | lr=2.26e-04 | wd=0.0000 | mom=0.9500 | T=1.0 k=1.0 (mu_rec=1 mu_bwd=1) | grad=4.062 | tok/s=87,352 | tokens=5.33B
step=162520 | loss=4.3292 | lr=2.27e-04 | wd=0.0000 | mom=0.9500 | T=1.0 k=1.0 (mu_rec=1 mu_bwd=1) | grad=3.938 | tok/s=87,415 | tokens=5.33B
step=162530 | loss=3.9868 | lr=2.27e-04 | wd=0.0000 | mom=0.9500 | T=1.0 k=1.0 (mu_rec=1 mu_bwd=1) | grad=7.000 | tok/s=87,305 | tokens=5.33B
step=162540 | loss=4.1697 | lr=2.27e-04 | wd=0.0000 | mom=0.9500 | T=1.0 k=1.0 (mu_rec=1 mu_bwd=1) | grad=3.094 | tok/s=87,492 | tokens=5.33B
step=162550 | loss=4.4179 | lr=2.27e-04 | wd=0.0000 | mom=0.9500 | T=1.0 k=1.0 (mu_rec=1 mu_bwd=1) | grad=3.500 | tok/s=87,604 | tokens=5.33B
step=162560 | loss=4.3861 | lr=2.28e-04 | wd=0.0000 | mom=0.9500 | T=1.0 k=1.0 (mu_rec=1 mu_bwd=1) | grad=2.656 | tok/s=87,480 | tokens=5.33B
step=162570 | loss=4.3738 | lr=2.28e-04 | wd=0.0000 | mom=0.9500 | T=1.0 k=1.0 (mu_rec=1 mu_bwd=1) | grad=4.344 | tok/s=87,555 | tokens=5.33B
step=162580 | loss=4.4106 | lr=2.28e-04 | wd=0.0000 | mom=0.9500 | T=1.0 k=1.0 (mu_rec=1 mu_bwd=1) | grad=6.031 | tok/s=87,586 | tokens=5.33B
step=162590 | loss=4.1505 | lr=2.28e-04 | wd=0.0000 | mom=0.9500 | T=1.0 k=1.0 (mu_rec=1 mu_bwd=1) | grad=4.812 | tok/s=87,566 | tokens=5.33B
step=162600 | loss=4.1626 | lr=2.29e-04 | wd=0.0000 | mom=0.9500 | T=1.0 k=1.0 (mu_rec=1 mu_bwd=1) | grad=5.000 | tok/s=87,555 | tokens=5.33B
step=162610 | loss=4.3595 | lr=2.29e-04 | wd=0.0000 | mom=0.9500 | T=1.0 k=1.0 (mu_rec=1 mu_bwd=1) | grad=3.438 | tok/s=87,606 | tokens=5.33B
step=162620 | loss=4.1239 | lr=2.29e-04 | wd=0.0000 | mom=0.9500 | T=1.0 k=1.0 (mu_rec=1 mu_bwd=1) | grad=4.031 | tok/s=87,572 | tokens=5.33B
step=162630 | loss=4.2557 | lr=2.29e-04 | wd=0.0000 | mom=0.9500 | T=1.0 k=1.0 (mu_rec=1 mu_bwd=1) | grad=4.500 | tok/s=87,634 | tokens=5.33B
step=162640 | loss=4.4206 | lr=2.30e-04 | wd=0.0000 | mom=0.9500 | T=1.0 k=1.0 (mu_rec=1 mu_bwd=1) | grad=3.125 | tok/s=87,587 | tokens=5.33B
step=162650 | loss=4.2617 | lr=2.30e-04 | wd=0.0000 | mom=0.9500 | T=1.0 k=1.0 (mu_rec=1 mu_bwd=1) | grad=3.531 | tok/s=87,660 | tokens=5.33B
step=162660 | loss=4.2568 | lr=2.30e-04 | wd=0.0000 | mom=0.9500 | T=1.0 k=1.0 (mu_rec=1 mu_bwd=1) | grad=5.531 | tok/s=87,691 | tokens=5.33B
step=162670 | loss=4.4336 | lr=2.30e-04 | wd=0.0000 | mom=0.9500 | T=1.0 k=1.0 (mu_rec=1 mu_bwd=1) | grad=2.828 | tok/s=87,626 | tokens=5.33B
step=162680 | loss=4.2448 | lr=2.31e-04 | wd=0.0000 | mom=0.9500 | T=1.0 k=1.0 (mu_rec=1 mu_bwd=1) | grad=2.828 | tok/s=87,657 | tokens=5.33B
step=162690 | loss=4.2495 | lr=2.31e-04 | wd=0.0000 | mom=0.9500 | T=1.0 k=1.0 (mu_rec=1 mu_bwd=1) | grad=3.938 | tok/s=87,707 | tokens=5.33B
step=162700 | loss=4.3935 | lr=2.31e-04 | wd=0.0000 | mom=0.9500 | T=1.0 k=1.0 (mu_rec=1 mu_bwd=1) | grad=5.031 | tok/s=87,665 | tokens=5.33B
step=162710 | loss=4.3670 | lr=2.31e-04 | wd=0.0000 | mom=0.9500 | T=1.0 k=1.0 (mu_rec=1 mu_bwd=1) | grad=4.188 | tok/s=87,635 | tokens=5.33B
step=162720 | loss=4.2735 | lr=2.32e-04 | wd=0.0000 | mom=0.9500 | T=1.0 k=1.0 (mu_rec=1 mu_bwd=1) | grad=13.812 | tok/s=87,761 | tokens=5.33B
step=162730 | loss=4.0660 | lr=2.32e-04 | wd=0.0000 | mom=0.9500 | T=1.0 k=1.0 (mu_rec=1 mu_bwd=1) | grad=3.609 | tok/s=87,817 | tokens=5.33B
step=162740 | loss=4.3380 | lr=2.32e-04 | wd=0.0000 | mom=0.9500 | T=1.0 k=1.0 (mu_rec=1 mu_bwd=1) | grad=3.016 | tok/s=87,733 | tokens=5.33B
step=162750 | loss=4.6414 | lr=2.32e-04 | wd=0.0000 | mom=0.9500 | T=1.0 k=1.0 (mu_rec=1 mu_bwd=1) | grad=6.062 | tok/s=87,756 | tokens=5.33B
step=162760 | loss=4.2393 | lr=2.32e-04 | wd=0.0000 | mom=0.9500 | T=1.0 k=1.0 (mu_rec=1 mu_bwd=1) | grad=3.109 | tok/s=87,748 | tokens=5.33B
step=162770 | loss=4.4244 | lr=2.33e-04 | wd=0.0000 | mom=0.9500 | T=1.0 k=1.0 (mu_rec=1 mu_bwd=1) | grad=3.297 | tok/s=87,743 | tokens=5.33B
step=162780 | loss=4.2276 | lr=2.33e-04 | wd=0.0000 | mom=0.9500 | T=1.0 k=1.0 (mu_rec=1 mu_bwd=1) | grad=3.578 | tok/s=87,762 | tokens=5.33B
step=162790 | loss=4.3665 | lr=2.33e-04 | wd=0.0000 | mom=0.9500 | T=1.0 k=1.0 (mu_rec=1 mu_bwd=1) | grad=3.609 | tok/s=87,765 | tokens=5.33B
step=162800 | loss=4.5034 | lr=2.33e-04 | wd=0.0000 | mom=0.9500 | T=1.0 k=1.0 (mu_rec=1 mu_bwd=1) | grad=3.406 | tok/s=87,744 | tokens=5.33B
step=162810 | loss=4.1241 | lr=2.34e-04 | wd=0.0000 | mom=0.9500 | T=1.0 k=1.0 (mu_rec=1 mu_bwd=1) | grad=3.469 | tok/s=87,699 | tokens=5.33B
step=162820 | loss=4.2514 | lr=2.34e-04 | wd=0.0000 | mom=0.9500 | T=1.0 k=1.0 (mu_rec=1 mu_bwd=1) | grad=6.875 | tok/s=87,746 | tokens=5.34B
step=162830 | loss=4.2508 | lr=2.34e-04 | wd=0.0000 | mom=0.9500 | T=1.0 k=1.0 (mu_rec=1 mu_bwd=1) | grad=4.875 | tok/s=87,772 | tokens=5.34B
step=162840 | loss=4.2899 | lr=2.34e-04 | wd=0.0000 | mom=0.9500 | T=1.0 k=1.0 (mu_rec=1 mu_bwd=1) | grad=4.094 | tok/s=87,675 | tokens=5.34B
step=162850 | loss=4.1942 | lr=2.35e-04 | wd=0.0000 | mom=0.9500 | T=1.0 k=1.0 (mu_rec=1 mu_bwd=1) | grad=6.750 | tok/s=87,806 | tokens=5.34B
step=162860 | loss=4.1031 | lr=2.35e-04 | wd=0.0000 | mom=0.9500 | T=1.0 k=1.0 (mu_rec=1 mu_bwd=1) | grad=4.531 | tok/s=87,815 | tokens=5.34B
step=162870 | loss=4.3883 | lr=2.35e-04 | wd=0.0000 | mom=0.9500 | T=1.0 k=1.0 (mu_rec=1 mu_bwd=1) | grad=2.891 | tok/s=87,749 | tokens=5.34B
step=162880 | loss=4.3325 | lr=2.35e-04 | wd=0.0000 | mom=0.9500 | T=1.0 k=1.0 (mu_rec=1 mu_bwd=1) | grad=2.984 | tok/s=87,790 | tokens=5.34B
step=162890 | loss=4.3857 | lr=2.36e-04 | wd=0.0000 | mom=0.9500 | T=1.0 k=1.0 (mu_rec=1 mu_bwd=1) | grad=3.672 | tok/s=87,744 | tokens=5.34B
step=162900 | loss=4.3203 | lr=2.36e-04 | wd=0.0000 | mom=0.9500 | T=1.0 k=1.0 (mu_rec=1 mu_bwd=1) | grad=3.125 | tok/s=87,752 | tokens=5.34B
step=162910 | loss=4.3157 | lr=2.36e-04 | wd=0.0000 | mom=0.9500 | T=1.0 k=1.0 (mu_rec=1 mu_bwd=1) | grad=3.328 | tok/s=87,743 | tokens=5.34B
step=162920 | loss=4.3943 | lr=2.36e-04 | wd=0.0000 | mom=0.9500 | T=1.0 k=1.0 (mu_rec=1 mu_bwd=1) | grad=3.328 | tok/s=7,730 | tokens=5.34B
step=162930 | loss=4.5845 | lr=2.37e-04 | wd=0.0000 | mom=0.9500 | T=1.0 k=1.0 (mu_rec=1 mu_bwd=1) | grad=4.812 | tok/s=89,502 | tokens=5.34B
step=162940 | loss=4.2089 | lr=2.37e-04 | wd=0.0000 | mom=0.9500 | T=1.0 k=1.0 (mu_rec=1 mu_bwd=1) | grad=2.797 | tok/s=89,189 | tokens=5.34B
step=162950 | loss=4.2756 | lr=2.37e-04 | wd=0.0000 | mom=0.9500 | T=1.0 k=1.0 (mu_rec=1 mu_bwd=1) | grad=3.469 | tok/s=89,164 | tokens=5.34B
step=162960 | loss=4.3197 | lr=2.37e-04 | wd=0.0000 | mom=0.9500 | T=1.0 k=1.0 (mu_rec=1 mu_bwd=1) | grad=4.281 | tok/s=88,904 | tokens=5.34B
step=162970 | loss=4.2379 | lr=2.37e-04 | wd=0.0000 | mom=0.9500 | T=1.0 k=1.0 (mu_rec=1 mu_bwd=1) | grad=3.172 | tok/s=88,876 | tokens=5.34B
step=162980 | loss=4.3121 | lr=2.38e-04 | wd=0.0000 | mom=0.9500 | T=1.0 k=1.0 (mu_rec=1 mu_bwd=1) | grad=4.156 | tok/s=88,603 | tokens=5.34B
step=162990 | loss=4.3291 | lr=2.38e-04 | wd=0.0000 | mom=0.9500 | T=1.0 k=1.0 (mu_rec=1 mu_bwd=1) | grad=3.062 | tok/s=88,518 | tokens=5.34B
step=163000 | loss=4.4209 | lr=2.38e-04 | wd=0.0000 | mom=0.9500 | T=1.0 k=1.0 (mu_rec=1 mu_bwd=1) | grad=2.922 | tok/s=88,589 | tokens=5.34B
step=163010 | loss=4.3176 | lr=2.38e-04 | wd=0.0000 | mom=0.9500 | T=1.0 k=1.0 (mu_rec=1 mu_bwd=1) | grad=2.828 | tok/s=88,361 | tokens=5.34B
step=163020 | loss=4.1796 | lr=2.39e-04 | wd=0.0000 | mom=0.9500 | T=1.0 k=1.0 (mu_rec=1 mu_bwd=1) | grad=4.344 | tok/s=88,314 | tokens=5.34B
step=163030 | loss=4.4379 | lr=2.39e-04 | wd=0.0000 | mom=0.9500 | T=1.0 k=1.0 (mu_rec=1 mu_bwd=1) | grad=4.188 | tok/s=8,606 | tokens=5.34B
step=163040 | loss=4.0632 | lr=2.39e-04 | wd=0.0000 | mom=0.9500 | T=1.0 k=1.0 (mu_rec=1 mu_bwd=1) | grad=5.312 | tok/s=88,959 | tokens=5.34B
step=163050 | loss=4.3127 | lr=2.39e-04 | wd=0.0000 | mom=0.9500 | T=1.0 k=1.0 (mu_rec=1 mu_bwd=1) | grad=3.359 | tok/s=88,734 | tokens=5.34B
step=163060 | loss=4.5434 | lr=2.40e-04 | wd=0.0000 | mom=0.9500 | T=1.0 k=1.0 (mu_rec=1 mu_bwd=1) | grad=3.938 | tok/s=88,653 | tokens=5.34B
step=163070 | loss=4.3281 | lr=2.40e-04 | wd=0.0000 | mom=0.9500 | T=1.0 k=1.0 (mu_rec=1 mu_bwd=1) | grad=5.719 | tok/s=88,326 | tokens=5.34B
step=163080 | loss=4.4665 | lr=2.40e-04 | wd=0.0000 | mom=0.9500 | T=1.0 k=1.0 (mu_rec=1 mu_bwd=1) | grad=3.578 | tok/s=88,332 | tokens=5.34B
step=163090 | loss=4.1732 | lr=2.40e-04 | wd=0.0000 | mom=0.9500 | T=1.0 k=1.0 (mu_rec=1 mu_bwd=1) | grad=3.281 | tok/s=88,067 | tokens=5.34B
step=163100 | loss=4.6772 | lr=2.41e-04 | wd=0.0000 | mom=0.9500 | T=1.0 k=1.0 (mu_rec=1 mu_bwd=1) | grad=3.312 | tok/s=88,050 | tokens=5.34B
step=163110 | loss=4.4989 | lr=2.41e-04 | wd=0.0000 | mom=0.9500 | T=1.0 k=1.0 (mu_rec=1 mu_bwd=1) | grad=3.234 | tok/s=87,789 | tokens=5.34B
step=163120 | loss=4.4050 | lr=2.41e-04 | wd=0.0000 | mom=0.9500 | T=1.0 k=1.0 (mu_rec=1 mu_bwd=1) | grad=4.500 | tok/s=87,725 | tokens=5.35B
step=163130 | loss=4.2976 | lr=2.41e-04 | wd=0.0000 | mom=0.9500 | T=1.0 k=1.0 (mu_rec=1 mu_bwd=1) | grad=2.969 | tok/s=87,463 | tokens=5.35B
step=163140 | loss=4.2115 | lr=2.41e-04 | wd=0.0000 | mom=0.9500 | T=1.0 k=1.0 (mu_rec=1 mu_bwd=1) | grad=2.984 | tok/s=87,390 | tokens=5.35B
step=163150 | loss=4.2165 | lr=2.42e-04 | wd=0.0000 | mom=0.9500 | T=1.0 k=1.0 (mu_rec=1 mu_bwd=1) | grad=3.484 | tok/s=87,278 | tokens=5.35B
step=163160 | loss=4.3829 | lr=2.42e-04 | wd=0.0000 | mom=0.9500 | T=1.0 k=1.0 (mu_rec=1 mu_bwd=1) | grad=4.719 | tok/s=87,168 | tokens=5.35B
step=163170 | loss=4.2504 | lr=2.42e-04 | wd=0.0000 | mom=0.9500 | T=1.0 k=1.0 (mu_rec=1 mu_bwd=1) | grad=2.906 | tok/s=87,030 | tokens=5.35B
step=163180 | loss=4.1233 | lr=2.42e-04 | wd=0.0000 | mom=0.9500 | T=1.0 k=1.0 (mu_rec=1 mu_bwd=1) | grad=4.375 | tok/s=86,971 | tokens=5.35B
step=163190 | loss=4.1452 | lr=2.43e-04 | wd=0.0000 | mom=0.9500 | T=1.0 k=1.0 (mu_rec=1 mu_bwd=1) | grad=3.438 | tok/s=86,867 | tokens=5.35B
step=163200 | loss=4.4273 | lr=2.43e-04 | wd=0.0000 | mom=0.9500 | T=1.0 k=1.0 (mu_rec=1 mu_bwd=1) | grad=4.375 | tok/s=86,970 | tokens=5.35B
step=163210 | loss=4.3907 | lr=2.43e-04 | wd=0.0000 | mom=0.9500 | T=1.0 k=1.0 (mu_rec=1 mu_bwd=1) | grad=3.141 | tok/s=86,873 | tokens=5.35B
step=163220 | loss=4.1747 | lr=2.43e-04 | wd=0.0000 | mom=0.9500 | T=1.0 k=1.0 (mu_rec=1 mu_bwd=1) | grad=2.922 | tok/s=86,782 | tokens=5.35B
step=163230 | loss=4.1057 | lr=2.43e-04 | wd=0.0000 | mom=0.9500 | T=1.0 k=1.0 (mu_rec=1 mu_bwd=1) | grad=3.859 | tok/s=86,599 | tokens=5.35B
step=163240 | loss=4.1767 | lr=2.44e-04 | wd=0.0000 | mom=0.9500 | T=1.0 k=1.0 (mu_rec=1 mu_bwd=1) | grad=7.875 | tok/s=86,680 | tokens=5.35B
step=163250 | loss=4.7790 | lr=2.44e-04 | wd=0.0000 | mom=0.9500 | T=1.0 k=1.0 (mu_rec=1 mu_bwd=1) | grad=2.688 | tok/s=86,774 | tokens=5.35B
step=163260 | loss=4.5826 | lr=2.44e-04 | wd=0.0000 | mom=0.9500 | T=1.0 k=1.0 (mu_rec=1 mu_bwd=1) | grad=5.375 | tok/s=86,800 | tokens=5.35B
step=163270 | loss=4.3100 | lr=2.44e-04 | wd=0.0000 | mom=0.9500 | T=1.0 k=1.0 (mu_rec=1 mu_bwd=1) | grad=2.781 | tok/s=86,758 | tokens=5.35B
step=163280 | loss=4.2156 | lr=2.45e-04 | wd=0.0000 | mom=0.9500 | T=1.0 k=1.0 (mu_rec=1 mu_bwd=1) | grad=3.359 | tok/s=86,894 | tokens=5.35B
step=163290 | loss=4.1636 | lr=2.45e-04 | wd=0.0000 | mom=0.9500 | T=1.0 k=1.0 (mu_rec=1 mu_bwd=1) | grad=2.922 | tok/s=86,813 | tokens=5.35B
step=163300 | loss=4.1384 | lr=2.45e-04 | wd=0.0000 | mom=0.9500 | T=1.0 k=1.0 (mu_rec=1 mu_bwd=1) | grad=6.969 | tok/s=87,109 | tokens=5.35B
step=163310 | loss=3.9459 | lr=2.45e-04 | wd=0.0000 | mom=0.9500 | T=1.0 k=1.0 (mu_rec=1 mu_bwd=1) | grad=3.984 | tok/s=87,112 | tokens=5.35B
step=163320 | loss=4.2433 | lr=2.46e-04 | wd=0.0000 | mom=0.9500 | T=1.0 k=1.0 (mu_rec=1 mu_bwd=1) | grad=3.453 | tok/s=87,259 | tokens=5.35B
step=163330 | loss=4.1976 | lr=2.46e-04 | wd=0.0000 | mom=0.9500 | T=1.0 k=1.0 (mu_rec=1 mu_bwd=1) | grad=3.000 | tok/s=87,272 | tokens=5.35B
step=163340 | loss=4.2433 | lr=2.46e-04 | wd=0.0000 | mom=0.9500 | T=1.0 k=1.0 (mu_rec=1 mu_bwd=1) | grad=4.250 | tok/s=87,420 | tokens=5.35B
step=163350 | loss=3.9108 | lr=2.46e-04 | wd=0.0000 | mom=0.9500 | T=1.0 k=1.0 (mu_rec=1 mu_bwd=1) | grad=6.969 | tok/s=87,496 | tokens=5.35B
step=163360 | loss=4.0841 | lr=2.46e-04 | wd=0.0000 | mom=0.9500 | T=1.0 k=1.0 (mu_rec=1 mu_bwd=1) | grad=4.938 | tok/s=87,556 | tokens=5.35B
step=163370 | loss=4.3135 | lr=2.47e-04 | wd=0.0000 | mom=0.9500 | T=1.0 k=1.0 (mu_rec=1 mu_bwd=1) | grad=3.469 | tok/s=87,558 | tokens=5.35B
step=163380 | loss=4.0738 | lr=2.47e-04 | wd=0.0000 | mom=0.9500 | T=1.0 k=1.0 (mu_rec=1 mu_bwd=1) | grad=3.625 | tok/s=87,642 | tokens=5.35B
step=163390 | loss=4.5837 | lr=2.47e-04 | wd=0.0000 | mom=0.9500 | T=1.0 k=1.0 (mu_rec=1 mu_bwd=1) | grad=4.062 | tok/s=87,600 | tokens=5.35B
step=163400 | loss=4.4538 | lr=2.47e-04 | wd=0.0000 | mom=0.9500 | T=1.0 k=1.0 (mu_rec=1 mu_bwd=1) | grad=3.734 | tok/s=87,610 | tokens=5.35B
step=163410 | loss=4.3365 | lr=2.47e-04 | wd=0.0000 | mom=0.9500 | T=1.0 k=1.0 (mu_rec=1 mu_bwd=1) | grad=4.719 | tok/s=87,577 | tokens=5.35B
step=163420 | loss=4.0814 | lr=2.48e-04 | wd=0.0000 | mom=0.9500 | T=1.0 k=1.0 (mu_rec=1 mu_bwd=1) | grad=4.688 | tok/s=87,458 | tokens=5.35B
step=163430 | loss=4.3250 | lr=2.48e-04 | wd=0.0000 | mom=0.9500 | T=1.0 k=1.0 (mu_rec=1 mu_bwd=1) | grad=2.797 | tok/s=87,456 | tokens=5.36B
step=163440 | loss=4.4993 | lr=2.48e-04 | wd=0.0000 | mom=0.9500 | T=1.0 k=1.0 (mu_rec=1 mu_bwd=1) | grad=3.141 | tok/s=87,558 | tokens=5.36B
step=163450 | loss=4.3468 | lr=2.48e-04 | wd=0.0000 | mom=0.9500 | T=1.0 k=1.0 (mu_rec=1 mu_bwd=1) | grad=2.922 | tok/s=87,583 | tokens=5.36B
step=163460 | loss=4.3893 | lr=2.49e-04 | wd=0.0000 | mom=0.9500 | T=1.0 k=1.0 (mu_rec=1 mu_bwd=1) | grad=3.328 | tok/s=87,575 | tokens=5.36B
step=163470 | loss=4.0990 | lr=2.49e-04 | wd=0.0000 | mom=0.9500 | T=1.0 k=1.0 (mu_rec=1 mu_bwd=1) | grad=3.406 | tok/s=87,608 | tokens=5.36B
step=163480 | loss=4.4654 | lr=2.49e-04 | wd=0.0000 | mom=0.9500 | T=1.0 k=1.0 (mu_rec=1 mu_bwd=1) | grad=4.781 | tok/s=87,613 | tokens=5.36B
step=163490 | loss=4.2954 | lr=2.49e-04 | wd=0.0000 | mom=0.9500 | T=1.0 k=1.0 (mu_rec=1 mu_bwd=1) | grad=2.812 | tok/s=87,539 | tokens=5.36B
step=163500 | loss=4.3525 | lr=2.49e-04 | wd=0.0000 | mom=0.9500 | T=1.0 k=1.0 (mu_rec=1 mu_bwd=1) | grad=2.984 | tok/s=87,572 | tokens=5.36B
step=163510 | loss=4.1739 | lr=2.50e-04 | wd=0.0000 | mom=0.9500 | T=1.0 k=1.0 (mu_rec=1 mu_bwd=1) | grad=4.969 | tok/s=87,754 | tokens=5.36B
step=163520 | loss=4.0942 | lr=2.50e-04 | wd=0.0000 | mom=0.9500 | T=1.0 k=1.0 (mu_rec=1 mu_bwd=1) | grad=6.156 | tok/s=87,644 | tokens=5.36B
step=163530 | loss=4.1594 | lr=2.50e-04 | wd=0.0000 | mom=0.9500 | T=1.0 k=1.0 (mu_rec=1 mu_bwd=1) | grad=3.797 | tok/s=87,772 | tokens=5.36B
step=163540 | loss=4.3370 | lr=2.50e-04 | wd=0.0000 | mom=0.9500 | T=1.0 k=1.0 (mu_rec=1 mu_bwd=1) | grad=4.219 | tok/s=87,797 | tokens=5.36B
step=163550 | loss=4.3474 | lr=2.51e-04 | wd=0.0000 | mom=0.9500 | T=1.0 k=1.0 (mu_rec=1 mu_bwd=1) | grad=4.062 | tok/s=87,692 | tokens=5.36B
step=163560 | loss=4.0998 | lr=2.51e-04 | wd=0.0000 | mom=0.9500 | T=1.0 k=1.0 (mu_rec=1 mu_bwd=1) | grad=3.547 | tok/s=87,738 | tokens=5.36B
step=163570 | loss=4.1272 | lr=2.51e-04 | wd=0.0000 | mom=0.9500 | T=1.0 k=1.0 (mu_rec=1 mu_bwd=1) | grad=3.609 | tok/s=87,660 | tokens=5.36B
step=163580 | loss=4.3279 | lr=2.51e-04 | wd=0.0000 | mom=0.9500 | T=1.0 k=1.0 (mu_rec=1 mu_bwd=1) | grad=3.953 | tok/s=87,716 | tokens=5.36B
step=163590 | loss=4.3275 | lr=2.51e-04 | wd=0.0000 | mom=0.9500 | T=1.0 k=1.0 (mu_rec=1 mu_bwd=1) | grad=4.562 | tok/s=87,668 | tokens=5.36B
step=163600 | loss=4.3346 | lr=2.52e-04 | wd=0.0000 | mom=0.9500 | T=1.0 k=1.0 (mu_rec=1 mu_bwd=1) | grad=3.188 | tok/s=87,741 | tokens=5.36B
step=163610 | loss=4.2584 | lr=2.52e-04 | wd=0.0000 | mom=0.9500 | T=1.0 k=1.0 (mu_rec=1 mu_bwd=1) | grad=7.094 | tok/s=87,659 | tokens=5.36B
step=163620 | loss=4.1830 | lr=2.52e-04 | wd=0.0000 | mom=0.9500 | T=1.0 k=1.0 (mu_rec=1 mu_bwd=1) | grad=3.562 | tok/s=87,722 | tokens=5.36B
step=163630 | loss=4.3415 | lr=2.52e-04 | wd=0.0000 | mom=0.9500 | T=1.0 k=1.0 (mu_rec=1 mu_bwd=1) | grad=3.000 | tok/s=87,762 | tokens=5.36B
step=163640 | loss=4.4143 | lr=2.52e-04 | wd=0.0000 | mom=0.9500 | T=1.0 k=1.0 (mu_rec=1 mu_bwd=1) | grad=2.938 | tok/s=87,746 | tokens=5.36B
step=163650 | loss=4.2723 | lr=2.53e-04 | wd=0.0000 | mom=0.9500 | T=1.0 k=1.0 (mu_rec=1 mu_bwd=1) | grad=3.297 | tok/s=87,757 | tokens=5.36B
step=163660 | loss=4.3345 | lr=2.53e-04 | wd=0.0000 | mom=0.9500 | T=1.0 k=1.0 (mu_rec=1 mu_bwd=1) | grad=4.406 | tok/s=87,722 | tokens=5.36B
step=163670 | loss=4.2358 | lr=2.53e-04 | wd=0.0000 | mom=0.9500 | T=1.0 k=1.0 (mu_rec=1 mu_bwd=1) | grad=3.938 | tok/s=87,757 | tokens=5.36B
step=163680 | loss=4.1484 | lr=2.53e-04 | wd=0.0000 | mom=0.9500 | T=1.0 k=1.0 (mu_rec=1 mu_bwd=1) | grad=3.266 | tok/s=87,816 | tokens=5.36B
step=163690 | loss=4.3200 | lr=2.54e-04 | wd=0.0000 | mom=0.9500 | T=1.0 k=1.0 (mu_rec=1 mu_bwd=1) | grad=4.188 | tok/s=87,748 | tokens=5.36B
step=163700 | loss=4.2240 | lr=2.54e-04 | wd=0.0000 | mom=0.9500 | T=1.0 k=1.0 (mu_rec=1 mu_bwd=1) | grad=3.359 | tok/s=87,743 | tokens=5.36B
step=163710 | loss=4.3941 | lr=2.54e-04 | wd=0.0000 | mom=0.9500 | T=1.0 k=1.0 (mu_rec=1 mu_bwd=1) | grad=3.422 | tok/s=87,724 | tokens=5.36B
step=163720 | loss=4.4252 | lr=2.54e-04 | wd=0.0000 | mom=0.9500 | T=1.0 k=1.0 (mu_rec=1 mu_bwd=1) | grad=9.000 | tok/s=87,816 | tokens=5.36B
step=163730 | loss=4.1923 | lr=2.54e-04 | wd=0.0000 | mom=0.9500 | T=1.0 k=1.0 (mu_rec=1 mu_bwd=1) | grad=5.688 | tok/s=87,709 | tokens=5.37B
step=163740 | loss=4.2315 | lr=2.55e-04 | wd=0.0000 | mom=0.9500 | T=1.0 k=1.0 (mu_rec=1 mu_bwd=1) | grad=4.062 | tok/s=87,858 | tokens=5.37B
step=163750 | loss=4.2164 | lr=2.55e-04 | wd=0.0000 | mom=0.9500 | T=1.0 k=1.0 (mu_rec=1 mu_bwd=1) | grad=3.969 | tok/s=87,763 | tokens=5.37B
step=163760 | loss=4.1424 | lr=2.55e-04 | wd=0.0000 | mom=0.9500 | T=1.0 k=1.0 (mu_rec=1 mu_bwd=1) | grad=4.469 | tok/s=87,758 | tokens=5.37B
step=163770 | loss=4.2524 | lr=2.55e-04 | wd=0.0000 | mom=0.9500 | T=1.0 k=1.0 (mu_rec=1 mu_bwd=1) | grad=3.625 | tok/s=87,776 | tokens=5.37B
step=163780 | loss=4.6138 | lr=2.55e-04 | wd=0.0000 | mom=0.9500 | T=1.0 k=1.0 (mu_rec=1 mu_bwd=1) | grad=5.344 | tok/s=87,608 | tokens=5.37B
step=163790 | loss=4.3466 | lr=2.56e-04 | wd=0.0000 | mom=0.9500 | T=1.0 k=1.0 (mu_rec=1 mu_bwd=1) | grad=4.594 | tok/s=87,725 | tokens=5.37B
step=163800 | loss=4.5830 | lr=2.56e-04 | wd=0.0000 | mom=0.9500 | T=1.0 k=1.0 (mu_rec=1 mu_bwd=1) | grad=4.281 | tok/s=87,766 | tokens=5.37B
step=163810 | loss=4.1177 | lr=2.56e-04 | wd=0.0000 | mom=0.9500 | T=1.0 k=1.0 (mu_rec=1 mu_bwd=1) | grad=3.828 | tok/s=87,742 | tokens=5.37B
step=163820 | loss=4.3049 | lr=2.56e-04 | wd=0.0000 | mom=0.9500 | T=1.0 k=1.0 (mu_rec=1 mu_bwd=1) | grad=4.469 | tok/s=87,856 | tokens=5.37B
step=163830 | loss=4.3166 | lr=2.56e-04 | wd=0.0000 | mom=0.9500 | T=1.0 k=1.0 (mu_rec=1 mu_bwd=1) | grad=3.062 | tok/s=87,836 | tokens=5.37B
step=163840 | loss=4.2359 | lr=2.57e-04 | wd=0.0000 | mom=0.9500 | T=1.0 k=1.0 (mu_rec=1 mu_bwd=1) | grad=3.250 | tok/s=87,766 | tokens=5.37B
step=163850 | loss=4.2181 | lr=2.57e-04 | wd=0.0000 | mom=0.9500 | T=1.0 k=1.0 (mu_rec=1 mu_bwd=1) | grad=3.828 | tok/s=9,361 | tokens=5.37B
step=163860 | loss=4.1943 | lr=2.57e-04 | wd=0.0000 | mom=0.9500 | T=1.0 k=1.0 (mu_rec=1 mu_bwd=1) | grad=3.500 | tok/s=8,357 | tokens=5.37B
step=163870 | loss=4.5016 | lr=2.57e-04 | wd=0.0000 | mom=0.9500 | T=1.0 k=1.0 (mu_rec=1 mu_bwd=1) | grad=3.172 | tok/s=89,634 | tokens=5.37B
step=163880 | loss=4.1614 | lr=2.57e-04 | wd=0.0000 | mom=0.9500 | T=1.0 k=1.0 (mu_rec=1 mu_bwd=1) | grad=4.250 | tok/s=89,285 | tokens=5.37B
step=163890 | loss=4.4923 | lr=2.58e-04 | wd=0.0000 | mom=0.9500 | T=1.0 k=1.0 (mu_rec=1 mu_bwd=1) | grad=3.328 | tok/s=89,268 | tokens=5.37B
step=163900 | loss=4.1487 | lr=2.58e-04 | wd=0.0000 | mom=0.9500 | T=1.0 k=1.0 (mu_rec=1 mu_bwd=1) | grad=4.812 | tok/s=88,949 | tokens=5.37B
step=163910 | loss=4.2312 | lr=2.58e-04 | wd=0.0000 | mom=0.9500 | T=1.0 k=1.0 (mu_rec=1 mu_bwd=1) | grad=2.969 | tok/s=88,766 | tokens=5.37B
step=163920 | loss=4.3583 | lr=2.58e-04 | wd=0.0000 | mom=0.9500 | T=1.0 k=1.0 (mu_rec=1 mu_bwd=1) | grad=5.406 | tok/s=88,622 | tokens=5.37B
step=163930 | loss=4.1738 | lr=2.58e-04 | wd=0.0000 | mom=0.9500 | T=1.0 k=1.0 (mu_rec=1 mu_bwd=1) | grad=8.312 | tok/s=88,421 | tokens=5.37B
step=163940 | loss=4.1641 | lr=2.59e-04 | wd=0.0000 | mom=0.9500 | T=1.0 k=1.0 (mu_rec=1 mu_bwd=1) | grad=4.312 | tok/s=88,340 | tokens=5.37B
step=163950 | loss=4.2574 | lr=2.59e-04 | wd=0.0000 | mom=0.9500 | T=1.0 k=1.0 (mu_rec=1 mu_bwd=1) | grad=4.688 | tok/s=88,243 | tokens=5.37B
step=163960 | loss=4.1832 | lr=2.59e-04 | wd=0.0000 | mom=0.9500 | T=1.0 k=1.0 (mu_rec=1 mu_bwd=1) | grad=3.109 | tok/s=88,056 | tokens=5.37B
step=163970 | loss=4.1332 | lr=2.59e-04 | wd=0.0000 | mom=0.9500 | T=1.0 k=1.0 (mu_rec=1 mu_bwd=1) | grad=3.391 | tok/s=87,821 | tokens=5.37B
step=163980 | loss=4.2480 | lr=2.59e-04 | wd=0.0000 | mom=0.9500 | T=1.0 k=1.0 (mu_rec=1 mu_bwd=1) | grad=2.719 | tok/s=87,739 | tokens=5.37B
step=163990 | loss=4.3627 | lr=2.60e-04 | wd=0.0000 | mom=0.9500 | T=1.0 k=1.0 (mu_rec=1 mu_bwd=1) | grad=3.750 | tok/s=87,424 | tokens=5.37B
step=164000 | loss=4.6603 | lr=2.60e-04 | wd=0.0000 | mom=0.9500 | T=1.0 k=1.0 (mu_rec=1 mu_bwd=1) | grad=3.094 | tok/s=87,345 | tokens=5.37B
[step 164000] Saved -> runs/pythia-5b/checkpoint_0164000
[step 164000] Pruned -> runs/pythia-5b/checkpoint_0158000
step=164010 | loss=4.2926 | lr=2.60e-04 | wd=0.0000 | mom=0.9500 | T=1.0 k=1.0 (mu_rec=1 mu_bwd=1) | grad=8.312 | tok/s=72,103 | tokens=5.37B
step=164020 | loss=4.4416 | lr=2.60e-04 | wd=0.0000 | mom=0.9500 | T=1.0 k=1.0 (mu_rec=1 mu_bwd=1) | grad=8.812 | tok/s=87,350 | tokens=5.37B
step=164030 | loss=4.1662 | lr=2.60e-04 | wd=0.0000 | mom=0.9500 | T=1.0 k=1.0 (mu_rec=1 mu_bwd=1) | grad=6.938 | tok/s=87,163 | tokens=5.37B
step=164040 | loss=4.3654 | lr=2.61e-04 | wd=0.0000 | mom=0.9500 | T=1.0 k=1.0 (mu_rec=1 mu_bwd=1) | grad=3.250 | tok/s=87,053 | tokens=5.38B
step=164050 | loss=4.4494 | lr=2.61e-04 | wd=0.0000 | mom=0.9500 | T=1.0 k=1.0 (mu_rec=1 mu_bwd=1) | grad=4.031 | tok/s=86,832 | tokens=5.38B
step=164060 | loss=4.4366 | lr=2.61e-04 | wd=0.0000 | mom=0.9500 | T=1.0 k=1.0 (mu_rec=1 mu_bwd=1) | grad=4.062 | tok/s=86,841 | tokens=5.38B
step=164070 | loss=4.3031 | lr=2.61e-04 | wd=0.0000 | mom=0.9500 | T=1.0 k=1.0 (mu_rec=1 mu_bwd=1) | grad=4.719 | tok/s=86,782 | tokens=5.38B
step=164080 | loss=4.6105 | lr=2.61e-04 | wd=0.0000 | mom=0.9500 | T=1.0 k=1.0 (mu_rec=1 mu_bwd=1) | grad=6.469 | tok/s=86,673 | tokens=5.38B
step=164090 | loss=4.2932 | lr=2.62e-04 | wd=0.0000 | mom=0.9500 | T=1.0 k=1.0 (mu_rec=1 mu_bwd=1) | grad=3.578 | tok/s=86,509 | tokens=5.38B
step=164100 | loss=4.2877 | lr=2.62e-04 | wd=0.0000 | mom=0.9500 | T=1.0 k=1.0 (mu_rec=1 mu_bwd=1) | grad=3.656 | tok/s=86,400 | tokens=5.38B
step=164110 | loss=4.1212 | lr=2.62e-04 | wd=0.0000 | mom=0.9500 | T=1.0 k=1.0 (mu_rec=1 mu_bwd=1) | grad=3.359 | tok/s=86,464 | tokens=5.38B
step=164120 | loss=4.2523 | lr=2.62e-04 | wd=0.0000 | mom=0.9500 | T=1.0 k=1.0 (mu_rec=1 mu_bwd=1) | grad=4.500 | tok/s=86,452 | tokens=5.38B
step=164130 | loss=4.2903 | lr=2.62e-04 | wd=0.0000 | mom=0.9500 | T=1.0 k=1.0 (mu_rec=1 mu_bwd=1) | grad=4.188 | tok/s=86,440 | tokens=5.38B
step=164140 | loss=4.5480 | lr=2.63e-04 | wd=0.0000 | mom=0.9500 | T=1.0 k=1.0 (mu_rec=1 mu_bwd=1) | grad=3.938 | tok/s=86,446 | tokens=5.38B
step=164150 | loss=4.4409 | lr=2.63e-04 | wd=0.0000 | mom=0.9500 | T=1.0 k=1.0 (mu_rec=1 mu_bwd=1) | grad=4.500 | tok/s=86,618 | tokens=5.38B
step=164160 | loss=4.4268 | lr=2.63e-04 | wd=0.0000 | mom=0.9500 | T=1.0 k=1.0 (mu_rec=1 mu_bwd=1) | grad=3.188 | tok/s=86,613 | tokens=5.38B
step=164170 | loss=4.5186 | lr=2.63e-04 | wd=0.0000 | mom=0.9500 | T=1.0 k=1.0 (mu_rec=1 mu_bwd=1) | grad=3.172 | tok/s=86,861 | tokens=5.38B
step=164180 | loss=4.4968 | lr=2.63e-04 | wd=0.0000 | mom=0.9500 | T=1.0 k=1.0 (mu_rec=1 mu_bwd=1) | grad=6.875 | tok/s=86,880 | tokens=5.38B
step=164190 | loss=4.4781 | lr=2.64e-04 | wd=0.0000 | mom=0.9500 | T=1.0 k=1.0 (mu_rec=1 mu_bwd=1) | grad=7.594 | tok/s=87,092 | tokens=5.38B
step=164200 | loss=4.3467 | lr=2.64e-04 | wd=0.0000 | mom=0.9500 | T=1.0 k=1.0 (mu_rec=1 mu_bwd=1) | grad=4.562 | tok/s=87,105 | tokens=5.38B
step=164210 | loss=4.4873 | lr=2.64e-04 | wd=0.0000 | mom=0.9500 | T=1.0 k=1.0 (mu_rec=1 mu_bwd=1) | grad=3.859 | tok/s=87,187 | tokens=5.38B
step=164220 | loss=4.1855 | lr=2.64e-04 | wd=0.0000 | mom=0.9500 | T=1.0 k=1.0 (mu_rec=1 mu_bwd=1) | grad=3.031 | tok/s=87,360 | tokens=5.38B
step=164230 | loss=4.1428 | lr=2.64e-04 | wd=0.0000 | mom=0.9500 | T=1.0 k=1.0 (mu_rec=1 mu_bwd=1) | grad=5.375 | tok/s=87,282 | tokens=5.38B
step=164240 | loss=4.1991 | lr=2.64e-04 | wd=0.0000 | mom=0.9500 | T=1.0 k=1.0 (mu_rec=1 mu_bwd=1) | grad=5.625 | tok/s=87,360 | tokens=5.38B
step=164250 | loss=4.1984 | lr=2.65e-04 | wd=0.0000 | mom=0.9500 | T=1.0 k=1.0 (mu_rec=1 mu_bwd=1) | grad=5.875 | tok/s=87,426 | tokens=5.38B
step=164260 | loss=4.2967 | lr=2.65e-04 | wd=0.0000 | mom=0.9500 | T=1.0 k=1.0 (mu_rec=1 mu_bwd=1) | grad=3.234 | tok/s=87,437 | tokens=5.38B
step=164270 | loss=4.3632 | lr=2.65e-04 | wd=0.0000 | mom=0.9500 | T=1.0 k=1.0 (mu_rec=1 mu_bwd=1) | grad=4.188 | tok/s=87,393 | tokens=5.38B
step=164280 | loss=4.4146 | lr=2.65e-04 | wd=0.0000 | mom=0.9500 | T=1.0 k=1.0 (mu_rec=1 mu_bwd=1) | grad=3.047 | tok/s=87,386 | tokens=5.38B
step=164290 | loss=4.3581 | lr=2.65e-04 | wd=0.0000 | mom=0.9500 | T=1.0 k=1.0 (mu_rec=1 mu_bwd=1) | grad=6.219 | tok/s=87,568 | tokens=5.38B
step=164300 | loss=4.2535 | lr=2.66e-04 | wd=0.0000 | mom=0.9500 | T=1.0 k=1.0 (mu_rec=1 mu_bwd=1) | grad=3.547 | tok/s=87,392 | tokens=5.38B
step=164310 | loss=4.2543 | lr=2.66e-04 | wd=0.0000 | mom=0.9500 | T=1.0 k=1.0 (mu_rec=1 mu_bwd=1) | grad=2.734 | tok/s=87,621 | tokens=5.38B
step=164320 | loss=4.4227 | lr=2.66e-04 | wd=0.0000 | mom=0.9500 | T=1.0 k=1.0 (mu_rec=1 mu_bwd=1) | grad=3.047 | tok/s=87,513 | tokens=5.38B
step=164330 | loss=4.1894 | lr=2.66e-04 | wd=0.0000 | mom=0.9500 | T=1.0 k=1.0 (mu_rec=1 mu_bwd=1) | grad=3.406 | tok/s=87,502 | tokens=5.38B
step=164340 | loss=4.4171 | lr=2.66e-04 | wd=0.0000 | mom=0.9500 | T=1.0 k=1.0 (mu_rec=1 mu_bwd=1) | grad=4.438 | tok/s=87,612 | tokens=5.39B
step=164350 | loss=4.3417 | lr=2.67e-04 | wd=0.0000 | mom=0.9500 | T=1.0 k=1.0 (mu_rec=1 mu_bwd=1) | grad=3.828 | tok/s=87,508 | tokens=5.39B
step=164360 | loss=4.2317 | lr=2.67e-04 | wd=0.0000 | mom=0.9500 | T=1.0 k=1.0 (mu_rec=1 mu_bwd=1) | grad=4.000 | tok/s=87,665 | tokens=5.39B
step=164370 | loss=4.3105 | lr=2.67e-04 | wd=0.0000 | mom=0.9500 | T=1.0 k=1.0 (mu_rec=1 mu_bwd=1) | grad=3.219 | tok/s=87,479 | tokens=5.39B
step=164380 | loss=4.3661 | lr=2.67e-04 | wd=0.0000 | mom=0.9500 | T=1.0 k=1.0 (mu_rec=1 mu_bwd=1) | grad=3.906 | tok/s=87,625 | tokens=5.39B
step=164390 | loss=4.2352 | lr=2.67e-04 | wd=0.0000 | mom=0.9500 | T=1.0 k=1.0 (mu_rec=1 mu_bwd=1) | grad=3.938 | tok/s=87,585 | tokens=5.39B
step=164400 | loss=4.4662 | lr=2.67e-04 | wd=0.0000 | mom=0.9500 | T=1.0 k=1.0 (mu_rec=1 mu_bwd=1) | grad=3.156 | tok/s=87,679 | tokens=5.39B
step=164410 | loss=4.1656 | lr=2.68e-04 | wd=0.0000 | mom=0.9500 | T=1.0 k=1.0 (mu_rec=1 mu_bwd=1) | grad=3.781 | tok/s=87,647 | tokens=5.39B
step=164420 | loss=4.2109 | lr=2.68e-04 | wd=0.0000 | mom=0.9500 | T=1.0 k=1.0 (mu_rec=1 mu_bwd=1) | grad=3.547 | tok/s=87,692 | tokens=5.39B
step=164430 | loss=4.2036 | lr=2.68e-04 | wd=0.0000 | mom=0.9500 | T=1.0 k=1.0 (mu_rec=1 mu_bwd=1) | grad=3.219 | tok/s=87,680 | tokens=5.39B
step=164440 | loss=4.2759 | lr=2.68e-04 | wd=0.0000 | mom=0.9500 | T=1.0 k=1.0 (mu_rec=1 mu_bwd=1) | grad=4.219 | tok/s=87,723 | tokens=5.39B
step=164450 | loss=4.3860 | lr=2.68e-04 | wd=0.0000 | mom=0.9500 | T=1.0 k=1.0 (mu_rec=1 mu_bwd=1) | grad=3.359 | tok/s=87,732 | tokens=5.39B
step=164460 | loss=4.5380 | lr=2.68e-04 | wd=0.0000 | mom=0.9500 | T=1.0 k=1.0 (mu_rec=1 mu_bwd=1) | grad=5.250 | tok/s=87,729 | tokens=5.39B
step=164470 | loss=4.2522 | lr=2.69e-04 | wd=0.0000 | mom=0.9500 | T=1.0 k=1.0 (mu_rec=1 mu_bwd=1) | grad=3.203 | tok/s=87,672 | tokens=5.39B
step=164480 | loss=4.3184 | lr=2.69e-04 | wd=0.0000 | mom=0.9500 | T=1.0 k=1.0 (mu_rec=1 mu_bwd=1) | grad=4.969 | tok/s=87,762 | tokens=5.39B
step=164490 | loss=4.3356 | lr=2.69e-04 | wd=0.0000 | mom=0.9500 | T=1.0 k=1.0 (mu_rec=1 mu_bwd=1) | grad=3.328 | tok/s=87,707 | tokens=5.39B
step=164500 | loss=4.4156 | lr=2.69e-04 | wd=0.0000 | mom=0.9500 | T=1.0 k=1.0 (mu_rec=1 mu_bwd=1) | grad=3.031 | tok/s=87,822 | tokens=5.39B
step=164510 | loss=4.3232 | lr=2.69e-04 | wd=0.0000 | mom=0.9500 | T=1.0 k=1.0 (mu_rec=1 mu_bwd=1) | grad=3.109 | tok/s=87,717 | tokens=5.39B
step=164520 | loss=4.4393 | lr=2.70e-04 | wd=0.0000 | mom=0.9500 | T=1.0 k=1.0 (mu_rec=1 mu_bwd=1) | grad=4.625 | tok/s=87,760 | tokens=5.39B
step=164530 | loss=4.4774 | lr=2.70e-04 | wd=0.0000 | mom=0.9500 | T=1.0 k=1.0 (mu_rec=1 mu_bwd=1) | grad=3.297 | tok/s=87,766 | tokens=5.39B
step=164540 | loss=4.1912 | lr=2.70e-04 | wd=0.0000 | mom=0.9500 | T=1.0 k=1.0 (mu_rec=1 mu_bwd=1) | grad=3.531 | tok/s=87,738 | tokens=5.39B
step=164550 | loss=4.4785 | lr=2.70e-04 | wd=0.0000 | mom=0.9500 | T=1.0 k=1.0 (mu_rec=1 mu_bwd=1) | grad=3.125 | tok/s=87,813 | tokens=5.39B
step=164560 | loss=4.3442 | lr=2.70e-04 | wd=0.0000 | mom=0.9500 | T=1.0 k=1.0 (mu_rec=1 mu_bwd=1) | grad=3.250 | tok/s=87,744 | tokens=5.39B
step=164570 | loss=3.8843 | lr=2.70e-04 | wd=0.0000 | mom=0.9500 | T=1.0 k=1.0 (mu_rec=1 mu_bwd=1) | grad=6.781 | tok/s=87,785 | tokens=5.39B
step=164580 | loss=4.2776 | lr=2.71e-04 | wd=0.0000 | mom=0.9500 | T=1.0 k=1.0 (mu_rec=1 mu_bwd=1) | grad=3.672 | tok/s=87,743 | tokens=5.39B
step=164590 | loss=4.4853 | lr=2.71e-04 | wd=0.0000 | mom=0.9500 | T=1.0 k=1.0 (mu_rec=1 mu_bwd=1) | grad=3.344 | tok/s=87,812 | tokens=5.39B
step=164600 | loss=4.4601 | lr=2.71e-04 | wd=0.0000 | mom=0.9500 | T=1.0 k=1.0 (mu_rec=1 mu_bwd=1) | grad=3.547 | tok/s=87,711 | tokens=5.39B
step=164610 | loss=4.0223 | lr=2.71e-04 | wd=0.0000 | mom=0.9500 | T=1.0 k=1.0 (mu_rec=1 mu_bwd=1) | grad=3.625 | tok/s=87,794 | tokens=5.39B
step=164620 | loss=4.3134 | lr=2.71e-04 | wd=0.0000 | mom=0.9500 | T=1.0 k=1.0 (mu_rec=1 mu_bwd=1) | grad=3.094 | tok/s=87,781 | tokens=5.39B
step=164630 | loss=4.2785 | lr=2.71e-04 | wd=0.0000 | mom=0.9500 | T=1.0 k=1.0 (mu_rec=1 mu_bwd=1) | grad=3.625 | tok/s=87,697 | tokens=5.39B
step=164640 | loss=4.3175 | lr=2.72e-04 | wd=0.0000 | mom=0.9500 | T=1.0 k=1.0 (mu_rec=1 mu_bwd=1) | grad=3.875 | tok/s=87,721 | tokens=5.39B
step=164650 | loss=4.2694 | lr=2.72e-04 | wd=0.0000 | mom=0.9500 | T=1.0 k=1.0 (mu_rec=1 mu_bwd=1) | grad=3.781 | tok/s=87,834 | tokens=5.40B
step=164660 | loss=4.2727 | lr=2.72e-04 | wd=0.0000 | mom=0.9500 | T=1.0 k=1.0 (mu_rec=1 mu_bwd=1) | grad=4.250 | tok/s=87,749 | tokens=5.40B
step=164670 | loss=4.2932 | lr=2.72e-04 | wd=0.0000 | mom=0.9500 | T=1.0 k=1.0 (mu_rec=1 mu_bwd=1) | grad=3.234 | tok/s=8,805 | tokens=5.40B
step=164680 | loss=4.2123 | lr=2.72e-04 | wd=0.0000 | mom=0.9500 | T=1.0 k=1.0 (mu_rec=1 mu_bwd=1) | grad=4.938 | tok/s=89,216 | tokens=5.40B
step=164690 | loss=4.5053 | lr=2.72e-04 | wd=0.0000 | mom=0.9500 | T=1.0 k=1.0 (mu_rec=1 mu_bwd=1) | grad=4.812 | tok/s=89,071 | tokens=5.40B
step=164700 | loss=4.1173 | lr=2.73e-04 | wd=0.0000 | mom=0.9500 | T=1.0 k=1.0 (mu_rec=1 mu_bwd=1) | grad=4.125 | tok/s=88,873 | tokens=5.40B
step=164710 | loss=4.4235 | lr=2.73e-04 | wd=0.0000 | mom=0.9500 | T=1.0 k=1.0 (mu_rec=1 mu_bwd=1) | grad=3.719 | tok/s=88,823 | tokens=5.40B
step=164720 | loss=4.4875 | lr=2.73e-04 | wd=0.0000 | mom=0.9500 | T=1.0 k=1.0 (mu_rec=1 mu_bwd=1) | grad=2.953 | tok/s=88,552 | tokens=5.40B
step=164730 | loss=4.3465 | lr=2.73e-04 | wd=0.0000 | mom=0.9500 | T=1.0 k=1.0 (mu_rec=1 mu_bwd=1) | grad=3.516 | tok/s=88,299 | tokens=5.40B
step=164740 | loss=4.2387 | lr=2.73e-04 | wd=0.0000 | mom=0.9500 | T=1.0 k=1.0 (mu_rec=1 mu_bwd=1) | grad=3.453 | tok/s=88,404 | tokens=5.40B
step=164750 | loss=4.2964 | lr=2.73e-04 | wd=0.0000 | mom=0.9500 | T=1.0 k=1.0 (mu_rec=1 mu_bwd=1) | grad=4.031 | tok/s=88,310 | tokens=5.40B
step=164760 | loss=4.1002 | lr=2.74e-04 | wd=0.0000 | mom=0.9500 | T=1.0 k=1.0 (mu_rec=1 mu_bwd=1) | grad=3.703 | tok/s=88,170 | tokens=5.40B
step=164770 | loss=4.1648 | lr=2.74e-04 | wd=0.0000 | mom=0.9500 | T=1.0 k=1.0 (mu_rec=1 mu_bwd=1) | grad=5.250 | tok/s=88,171 | tokens=5.40B
step=164780 | loss=4.3267 | lr=2.74e-04 | wd=0.0000 | mom=0.9500 | T=1.0 k=1.0 (mu_rec=1 mu_bwd=1) | grad=6.750 | tok/s=9,202 | tokens=5.40B
step=164790 | loss=4.3025 | lr=2.74e-04 | wd=0.0000 | mom=0.9500 | T=1.0 k=1.0 (mu_rec=1 mu_bwd=1) | grad=3.344 | tok/s=88,863 | tokens=5.40B
step=164800 | loss=4.6460 | lr=2.74e-04 | wd=0.0000 | mom=0.9500 | T=1.0 k=1.0 (mu_rec=1 mu_bwd=1) | grad=3.344 | tok/s=88,800 | tokens=5.40B
step=164810 | loss=4.6468 | lr=2.74e-04 | wd=0.0000 | mom=0.9500 | T=1.0 k=1.0 (mu_rec=1 mu_bwd=1) | grad=3.156 | tok/s=88,632 | tokens=5.40B
step=164820 | loss=4.1936 | lr=2.75e-04 | wd=0.0000 | mom=0.9500 | T=1.0 k=1.0 (mu_rec=1 mu_bwd=1) | grad=3.562 | tok/s=88,415 | tokens=5.40B
step=164830 | loss=4.2873 | lr=2.75e-04 | wd=0.0000 | mom=0.9500 | T=1.0 k=1.0 (mu_rec=1 mu_bwd=1) | grad=3.531 | tok/s=88,205 | tokens=5.40B
step=164840 | loss=4.3766 | lr=2.75e-04 | wd=0.0000 | mom=0.9500 | T=1.0 k=1.0 (mu_rec=1 mu_bwd=1) | grad=3.750 | tok/s=88,151 | tokens=5.40B
step=164850 | loss=4.4732 | lr=2.75e-04 | wd=0.0000 | mom=0.9500 | T=1.0 k=1.0 (mu_rec=1 mu_bwd=1) | grad=3.641 | tok/s=87,832 | tokens=5.40B
step=164860 | loss=4.5941 | lr=2.75e-04 | wd=0.0000 | mom=0.9500 | T=1.0 k=1.0 (mu_rec=1 mu_bwd=1) | grad=4.062 | tok/s=87,896 | tokens=5.40B
step=164870 | loss=4.3426 | lr=2.75e-04 | wd=0.0000 | mom=0.9500 | T=1.0 k=1.0 (mu_rec=1 mu_bwd=1) | grad=3.703 | tok/s=87,567 | tokens=5.40B
step=164880 | loss=4.3552 | lr=2.76e-04 | wd=0.0000 | mom=0.9500 | T=1.0 k=1.0 (mu_rec=1 mu_bwd=1) | grad=3.062 | tok/s=87,458 | tokens=5.40B
step=164890 | loss=4.3771 | lr=2.76e-04 | wd=0.0000 | mom=0.9500 | T=1.0 k=1.0 (mu_rec=1 mu_bwd=1) | grad=6.625 | tok/s=87,356 | tokens=5.40B
step=164900 | loss=4.2941 | lr=2.76e-04 | wd=0.0000 | mom=0.9500 | T=1.0 k=1.0 (mu_rec=1 mu_bwd=1) | grad=3.125 | tok/s=87,241 | tokens=5.40B
step=164910 | loss=4.2332 | lr=2.76e-04 | wd=0.0000 | mom=0.9500 | T=1.0 k=1.0 (mu_rec=1 mu_bwd=1) | grad=4.094 | tok/s=87,174 | tokens=5.40B
step=164920 | loss=4.3103 | lr=2.76e-04 | wd=0.0000 | mom=0.9500 | T=1.0 k=1.0 (mu_rec=1 mu_bwd=1) | grad=2.953 | tok/s=87,019 | tokens=5.40B
step=164930 | loss=4.1752 | lr=2.76e-04 | wd=0.0000 | mom=0.9500 | T=1.0 k=1.0 (mu_rec=1 mu_bwd=1) | grad=5.062 | tok/s=86,898 | tokens=5.40B
step=164940 | loss=4.2487 | lr=2.77e-04 | wd=0.0000 | mom=0.9500 | T=1.0 k=1.0 (mu_rec=1 mu_bwd=1) | grad=3.562 | tok/s=86,709 | tokens=5.40B
step=164950 | loss=4.2968 | lr=2.77e-04 | wd=0.0000 | mom=0.9500 | T=1.0 k=1.0 (mu_rec=1 mu_bwd=1) | grad=3.297 | tok/s=86,975 | tokens=5.41B
step=164960 | loss=4.3098 | lr=2.77e-04 | wd=0.0000 | mom=0.9500 | T=1.0 k=1.0 (mu_rec=1 mu_bwd=1) | grad=2.875 | tok/s=86,750 | tokens=5.41B
step=164970 | loss=4.3909 | lr=2.77e-04 | wd=0.0000 | mom=0.9500 | T=1.0 k=1.0 (mu_rec=1 mu_bwd=1) | grad=2.953 | tok/s=86,795 | tokens=5.41B
step=164980 | loss=4.1601 | lr=2.77e-04 | wd=0.0000 | mom=0.9500 | T=1.0 k=1.0 (mu_rec=1 mu_bwd=1) | grad=2.609 | tok/s=86,626 | tokens=5.41B
step=164990 | loss=4.0461 | lr=2.77e-04 | wd=0.0000 | mom=0.9500 | T=1.0 k=1.0 (mu_rec=1 mu_bwd=1) | grad=3.188 | tok/s=86,604 | tokens=5.41B
step=165000 | loss=4.3915 | lr=2.77e-04 | wd=0.0000 | mom=0.9500 | T=1.0 k=1.0 (mu_rec=1 mu_bwd=1) | grad=3.953 | tok/s=86,661 | tokens=5.41B
step=165010 | loss=4.3456 | lr=2.78e-04 | wd=0.0000 | mom=0.9500 | T=1.0 k=1.0 (mu_rec=1 mu_bwd=1) | grad=3.938 | tok/s=86,712 | tokens=5.41B
step=165020 | loss=4.4484 | lr=2.78e-04 | wd=0.0000 | mom=0.9500 | T=1.0 k=1.0 (mu_rec=1 mu_bwd=1) | grad=3.344 | tok/s=86,701 | tokens=5.41B
step=165030 | loss=4.2535 | lr=2.78e-04 | wd=0.0000 | mom=0.9500 | T=1.0 k=1.0 (mu_rec=1 mu_bwd=1) | grad=3.281 | tok/s=86,921 | tokens=5.41B
step=165040 | loss=4.2205 | lr=2.78e-04 | wd=0.0000 | mom=0.9500 | T=1.0 k=1.0 (mu_rec=1 mu_bwd=1) | grad=4.219 | tok/s=86,993 | tokens=5.41B
step=165050 | loss=4.2642 | lr=2.78e-04 | wd=0.0000 | mom=0.9500 | T=1.0 k=1.0 (mu_rec=1 mu_bwd=1) | grad=3.562 | tok/s=87,079 | tokens=5.41B
step=165060 | loss=4.2735 | lr=2.78e-04 | wd=0.0000 | mom=0.9500 | T=1.0 k=1.0 (mu_rec=1 mu_bwd=1) | grad=3.234 | tok/s=87,108 | tokens=5.41B
step=165070 | loss=4.3890 | lr=2.79e-04 | wd=0.0000 | mom=0.9500 | T=1.0 k=1.0 (mu_rec=1 mu_bwd=1) | grad=4.594 | tok/s=87,385 | tokens=5.41B
step=165080 | loss=4.1918 | lr=2.79e-04 | wd=0.0000 | mom=0.9500 | T=1.0 k=1.0 (mu_rec=1 mu_bwd=1) | grad=3.078 | tok/s=87,364 | tokens=5.41B
step=165090 | loss=4.3518 | lr=2.79e-04 | wd=0.0000 | mom=0.9500 | T=1.0 k=1.0 (mu_rec=1 mu_bwd=1) | grad=4.031 | tok/s=87,503 | tokens=5.41B
step=165100 | loss=4.5401 | lr=2.79e-04 | wd=0.0000 | mom=0.9500 | T=1.0 k=1.0 (mu_rec=1 mu_bwd=1) | grad=4.156 | tok/s=87,498 | tokens=5.41B
step=165110 | loss=4.2141 | lr=2.79e-04 | wd=0.0000 | mom=0.9500 | T=1.0 k=1.0 (mu_rec=1 mu_bwd=1) | grad=3.484 | tok/s=87,617 | tokens=5.41B
step=165120 | loss=4.2672 | lr=2.79e-04 | wd=0.0000 | mom=0.9500 | T=1.0 k=1.0 (mu_rec=1 mu_bwd=1) | grad=3.062 | tok/s=87,609 | tokens=5.41B
step=165130 | loss=4.3971 | lr=2.79e-04 | wd=0.0000 | mom=0.9500 | T=1.0 k=1.0 (mu_rec=1 mu_bwd=1) | grad=8.875 | tok/s=87,525 | tokens=5.41B
step=165140 | loss=4.5348 | lr=2.80e-04 | wd=0.0000 | mom=0.9500 | T=1.0 k=1.0 (mu_rec=1 mu_bwd=1) | grad=3.906 | tok/s=87,428 | tokens=5.41B
step=165150 | loss=4.2472 | lr=2.80e-04 | wd=0.0000 | mom=0.9500 | T=1.0 k=1.0 (mu_rec=1 mu_bwd=1) | grad=3.469 | tok/s=87,458 | tokens=5.41B
step=165160 | loss=4.4784 | lr=2.80e-04 | wd=0.0000 | mom=0.9500 | T=1.0 k=1.0 (mu_rec=1 mu_bwd=1) | grad=3.250 | tok/s=87,440 | tokens=5.41B
step=165170 | loss=4.3822 | lr=2.80e-04 | wd=0.0000 | mom=0.9500 | T=1.0 k=1.0 (mu_rec=1 mu_bwd=1) | grad=3.062 | tok/s=87,486 | tokens=5.41B
step=165180 | loss=4.0560 | lr=2.80e-04 | wd=0.0000 | mom=0.9500 | T=1.0 k=1.0 (mu_rec=1 mu_bwd=1) | grad=5.469 | tok/s=87,558 | tokens=5.41B
step=165190 | loss=4.2565 | lr=2.80e-04 | wd=0.0000 | mom=0.9500 | T=1.0 k=1.0 (mu_rec=1 mu_bwd=1) | grad=3.938 | tok/s=87,529 | tokens=5.41B
step=165200 | loss=4.1629 | lr=2.80e-04 | wd=0.0000 | mom=0.9500 | T=1.0 k=1.0 (mu_rec=1 mu_bwd=1) | grad=4.625 | tok/s=87,646 | tokens=5.41B
step=165210 | loss=4.4217 | lr=2.81e-04 | wd=0.0000 | mom=0.9500 | T=1.0 k=1.0 (mu_rec=1 mu_bwd=1) | grad=3.297 | tok/s=87,597 | tokens=5.41B
step=165220 | loss=4.1221 | lr=2.81e-04 | wd=0.0000 | mom=0.9500 | T=1.0 k=1.0 (mu_rec=1 mu_bwd=1) | grad=3.859 | tok/s=87,641 | tokens=5.41B
step=165230 | loss=4.3009 | lr=2.81e-04 | wd=0.0000 | mom=0.9500 | T=1.0 k=1.0 (mu_rec=1 mu_bwd=1) | grad=3.359 | tok/s=87,702 | tokens=5.41B
step=165240 | loss=4.4397 | lr=2.81e-04 | wd=0.0000 | mom=0.9500 | T=1.0 k=1.0 (mu_rec=1 mu_bwd=1) | grad=3.297 | tok/s=87,749 | tokens=5.41B
step=165250 | loss=4.1985 | lr=2.81e-04 | wd=0.0000 | mom=0.9500 | T=1.0 k=1.0 (mu_rec=1 mu_bwd=1) | grad=3.812 | tok/s=87,718 | tokens=5.41B
step=165260 | loss=4.1588 | lr=2.81e-04 | wd=0.0000 | mom=0.9500 | T=1.0 k=1.0 (mu_rec=1 mu_bwd=1) | grad=2.797 | tok/s=87,681 | tokens=5.42B
step=165270 | loss=4.2836 | lr=2.81e-04 | wd=0.0000 | mom=0.9500 | T=1.0 k=1.0 (mu_rec=1 mu_bwd=1) | grad=3.125 | tok/s=87,749 | tokens=5.42B
step=165280 | loss=4.0548 | lr=2.82e-04 | wd=0.0000 | mom=0.9500 | T=1.0 k=1.0 (mu_rec=1 mu_bwd=1) | grad=3.828 | tok/s=87,728 | tokens=5.42B
step=165290 | loss=4.4147 | lr=2.82e-04 | wd=0.0000 | mom=0.9500 | T=1.0 k=1.0 (mu_rec=1 mu_bwd=1) | grad=3.469 | tok/s=87,632 | tokens=5.42B
step=165300 | loss=4.4215 | lr=2.82e-04 | wd=0.0000 | mom=0.9500 | T=1.0 k=1.0 (mu_rec=1 mu_bwd=1) | grad=3.812 | tok/s=87,708 | tokens=5.42B
step=165310 | loss=4.1915 | lr=2.82e-04 | wd=0.0000 | mom=0.9500 | T=1.0 k=1.0 (mu_rec=1 mu_bwd=1) | grad=3.594 | tok/s=87,790 | tokens=5.42B
step=165320 | loss=4.3989 | lr=2.82e-04 | wd=0.0000 | mom=0.9500 | T=1.0 k=1.0 (mu_rec=1 mu_bwd=1) | grad=3.500 | tok/s=87,816 | tokens=5.42B
step=165330 | loss=4.3300 | lr=2.82e-04 | wd=0.0000 | mom=0.9500 | T=1.0 k=1.0 (mu_rec=1 mu_bwd=1) | grad=4.656 | tok/s=87,759 | tokens=5.42B
step=165340 | loss=4.4337 | lr=2.82e-04 | wd=0.0000 | mom=0.9500 | T=1.0 k=1.0 (mu_rec=1 mu_bwd=1) | grad=3.250 | tok/s=87,828 | tokens=5.42B
step=165350 | loss=4.3708 | lr=2.83e-04 | wd=0.0000 | mom=0.9500 | T=1.0 k=1.0 (mu_rec=1 mu_bwd=1) | grad=4.250 | tok/s=87,774 | tokens=5.42B
step=165360 | loss=3.8331 | lr=2.83e-04 | wd=0.0000 | mom=0.9500 | T=1.0 k=1.0 (mu_rec=1 mu_bwd=1) | grad=4.156 | tok/s=87,870 | tokens=5.42B
step=165370 | loss=4.3223 | lr=2.83e-04 | wd=0.0000 | mom=0.9500 | T=1.0 k=1.0 (mu_rec=1 mu_bwd=1) | grad=3.609 | tok/s=87,779 | tokens=5.42B
step=165380 | loss=4.2940 | lr=2.83e-04 | wd=0.0000 | mom=0.9500 | T=1.0 k=1.0 (mu_rec=1 mu_bwd=1) | grad=4.000 | tok/s=87,782 | tokens=5.42B
step=165390 | loss=4.3612 | lr=2.83e-04 | wd=0.0000 | mom=0.9500 | T=1.0 k=1.0 (mu_rec=1 mu_bwd=1) | grad=4.000 | tok/s=87,772 | tokens=5.42B
step=165400 | loss=4.2241 | lr=2.83e-04 | wd=0.0000 | mom=0.9500 | T=1.0 k=1.0 (mu_rec=1 mu_bwd=1) | grad=3.969 | tok/s=87,891 | tokens=5.42B
step=165410 | loss=4.2269 | lr=2.83e-04 | wd=0.0000 | mom=0.9500 | T=1.0 k=1.0 (mu_rec=1 mu_bwd=1) | grad=4.031 | tok/s=87,739 | tokens=5.42B
step=165420 | loss=4.4858 | lr=2.84e-04 | wd=0.0000 | mom=0.9500 | T=1.0 k=1.0 (mu_rec=1 mu_bwd=1) | grad=9.312 | tok/s=87,899 | tokens=5.42B
step=165430 | loss=4.4542 | lr=2.84e-04 | wd=0.0000 | mom=0.9500 | T=1.0 k=1.0 (mu_rec=1 mu_bwd=1) | grad=11.375 | tok/s=87,726 | tokens=5.42B
step=165440 | loss=4.3997 | lr=2.84e-04 | wd=0.0000 | mom=0.9500 | T=1.0 k=1.0 (mu_rec=1 mu_bwd=1) | grad=3.234 | tok/s=87,851 | tokens=5.42B
step=165450 | loss=4.3401 | lr=2.84e-04 | wd=0.0000 | mom=0.9500 | T=1.0 k=1.0 (mu_rec=1 mu_bwd=1) | grad=3.656 | tok/s=87,833 | tokens=5.42B
step=165460 | loss=4.7156 | lr=2.84e-04 | wd=0.0000 | mom=0.9500 | T=1.0 k=1.0 (mu_rec=1 mu_bwd=1) | grad=3.156 | tok/s=87,858 | tokens=5.42B
step=165470 | loss=4.6061 | lr=2.84e-04 | wd=0.0000 | mom=0.9500 | T=1.0 k=1.0 (mu_rec=1 mu_bwd=1) | grad=3.031 | tok/s=87,902 | tokens=5.42B
step=165480 | loss=4.3322 | lr=2.84e-04 | wd=0.0000 | mom=0.9500 | T=1.0 k=1.0 (mu_rec=1 mu_bwd=1) | grad=3.203 | tok/s=87,866 | tokens=5.42B
step=165490 | loss=4.4224 | lr=2.84e-04 | wd=0.0000 | mom=0.9500 | T=1.0 k=1.0 (mu_rec=1 mu_bwd=1) | grad=3.719 | tok/s=87,731 | tokens=5.42B
step=165500 | loss=4.4160 | lr=2.85e-04 | wd=0.0000 | mom=0.9500 | T=1.0 k=1.0 (mu_rec=1 mu_bwd=1) | grad=3.875 | tok/s=87,823 | tokens=5.42B
step=165510 | loss=4.3238 | lr=2.85e-04 | wd=0.0000 | mom=0.9500 | T=1.0 k=1.0 (mu_rec=1 mu_bwd=1) | grad=3.938 | tok/s=87,838 | tokens=5.42B
step=165520 | loss=4.1345 | lr=2.85e-04 | wd=0.0000 | mom=0.9500 | T=1.0 k=1.0 (mu_rec=1 mu_bwd=1) | grad=10.312 | tok/s=87,914 | tokens=5.42B
step=165530 | loss=4.1418 | lr=2.85e-04 | wd=0.0000 | mom=0.9500 | T=1.0 k=1.0 (mu_rec=1 mu_bwd=1) | grad=2.875 | tok/s=87,902 | tokens=5.42B
step=165540 | loss=4.3504 | lr=2.85e-04 | wd=0.0000 | mom=0.9500 | T=1.0 k=1.0 (mu_rec=1 mu_bwd=1) | grad=3.375 | tok/s=8,744 | tokens=5.42B
step=165550 | loss=4.1374 | lr=2.85e-04 | wd=0.0000 | mom=0.9500 | T=1.0 k=1.0 (mu_rec=1 mu_bwd=1) | grad=4.250 | tok/s=89,309 | tokens=5.42B
step=165560 | loss=4.1248 | lr=2.85e-04 | wd=0.0000 | mom=0.9500 | T=1.0 k=1.0 (mu_rec=1 mu_bwd=1) | grad=3.922 | tok/s=89,135 | tokens=5.43B
step=165570 | loss=4.1231 | lr=2.85e-04 | wd=0.0000 | mom=0.9500 | T=1.0 k=1.0 (mu_rec=1 mu_bwd=1) | grad=3.156 | tok/s=88,840 | tokens=5.43B
step=165580 | loss=4.3366 | lr=2.86e-04 | wd=0.0000 | mom=0.9500 | T=1.0 k=1.0 (mu_rec=1 mu_bwd=1) | grad=3.312 | tok/s=88,722 | tokens=5.43B
step=165590 | loss=4.4276 | lr=2.86e-04 | wd=0.0000 | mom=0.9500 | T=1.0 k=1.0 (mu_rec=1 mu_bwd=1) | grad=3.906 | tok/s=88,698 | tokens=5.43B
step=165600 | loss=4.3000 | lr=2.86e-04 | wd=0.0000 | mom=0.9500 | T=1.0 k=1.0 (mu_rec=1 mu_bwd=1) | grad=5.812 | tok/s=88,640 | tokens=5.43B
step=165610 | loss=4.3036 | lr=2.86e-04 | wd=0.0000 | mom=0.9500 | T=1.0 k=1.0 (mu_rec=1 mu_bwd=1) | grad=3.359 | tok/s=88,341 | tokens=5.43B
step=165620 | loss=4.1509 | lr=2.86e-04 | wd=0.0000 | mom=0.9500 | T=1.0 k=1.0 (mu_rec=1 mu_bwd=1) | grad=5.438 | tok/s=8,272 | tokens=5.43B
step=165630 | loss=4.2131 | lr=2.86e-04 | wd=0.0000 | mom=0.9500 | T=1.0 k=1.0 (mu_rec=1 mu_bwd=1) | grad=3.609 | tok/s=89,224 | tokens=5.43B
step=165640 | loss=4.1933 | lr=2.86e-04 | wd=0.0000 | mom=0.9500 | T=1.0 k=1.0 (mu_rec=1 mu_bwd=1) | grad=5.031 | tok/s=88,970 | tokens=5.43B
step=165650 | loss=4.4246 | lr=2.86e-04 | wd=0.0000 | mom=0.9500 | T=1.0 k=1.0 (mu_rec=1 mu_bwd=1) | grad=3.984 | tok/s=88,762 | tokens=5.43B
step=165660 | loss=4.1938 | lr=2.87e-04 | wd=0.0000 | mom=0.9500 | T=1.0 k=1.0 (mu_rec=1 mu_bwd=1) | grad=3.703 | tok/s=88,655 | tokens=5.43B
step=165670 | loss=4.4265 | lr=2.87e-04 | wd=0.0000 | mom=0.9500 | T=1.0 k=1.0 (mu_rec=1 mu_bwd=1) | grad=3.438 | tok/s=88,346 | tokens=5.43B
step=165680 | loss=4.2856 | lr=2.87e-04 | wd=0.0000 | mom=0.9500 | T=1.0 k=1.0 (mu_rec=1 mu_bwd=1) | grad=3.391 | tok/s=88,191 | tokens=5.43B
step=165690 | loss=4.3418 | lr=2.87e-04 | wd=0.0000 | mom=0.9500 | T=1.0 k=1.0 (mu_rec=1 mu_bwd=1) | grad=3.328 | tok/s=88,160 | tokens=5.43B
step=165700 | loss=4.4895 | lr=2.87e-04 | wd=0.0000 | mom=0.9500 | T=1.0 k=1.0 (mu_rec=1 mu_bwd=1) | grad=3.859 | tok/s=88,007 | tokens=5.43B
step=165710 | loss=4.3841 | lr=2.87e-04 | wd=0.0000 | mom=0.9500 | T=1.0 k=1.0 (mu_rec=1 mu_bwd=1) | grad=3.266 | tok/s=87,922 | tokens=5.43B
step=165720 | loss=4.5458 | lr=2.87e-04 | wd=0.0000 | mom=0.9500 | T=1.0 k=1.0 (mu_rec=1 mu_bwd=1) | grad=3.594 | tok/s=87,687 | tokens=5.43B
step=165730 | loss=4.3316 | lr=2.87e-04 | wd=0.0000 | mom=0.9500 | T=1.0 k=1.0 (mu_rec=1 mu_bwd=1) | grad=3.453 | tok/s=87,611 | tokens=5.43B
step=165740 | loss=4.2411 | lr=2.88e-04 | wd=0.0000 | mom=0.9500 | T=1.0 k=1.0 (mu_rec=1 mu_bwd=1) | grad=3.562 | tok/s=87,372 | tokens=5.43B
step=165750 | loss=4.5022 | lr=2.88e-04 | wd=0.0000 | mom=0.9500 | T=1.0 k=1.0 (mu_rec=1 mu_bwd=1) | grad=3.031 | tok/s=87,303 | tokens=5.43B
step=165760 | loss=4.4704 | lr=2.88e-04 | wd=0.0000 | mom=0.9500 | T=1.0 k=1.0 (mu_rec=1 mu_bwd=1) | grad=4.469 | tok/s=87,158 | tokens=5.43B
step=165770 | loss=4.1640 | lr=2.88e-04 | wd=0.0000 | mom=0.9500 | T=1.0 k=1.0 (mu_rec=1 mu_bwd=1) | grad=2.812 | tok/s=87,048 | tokens=5.43B
step=165780 | loss=4.3566 | lr=2.88e-04 | wd=0.0000 | mom=0.9500 | T=1.0 k=1.0 (mu_rec=1 mu_bwd=1) | grad=3.906 | tok/s=86,963 | tokens=5.43B
step=165790 | loss=4.3306 | lr=2.88e-04 | wd=0.0000 | mom=0.9500 | T=1.0 k=1.0 (mu_rec=1 mu_bwd=1) | grad=4.969 | tok/s=86,889 | tokens=5.43B
step=165800 | loss=4.5816 | lr=2.88e-04 | wd=0.0000 | mom=0.9500 | T=1.0 k=1.0 (mu_rec=1 mu_bwd=1) | grad=4.188 | tok/s=86,787 | tokens=5.43B
step=165810 | loss=4.3318 | lr=2.88e-04 | wd=0.0000 | mom=0.9500 | T=1.0 k=1.0 (mu_rec=1 mu_bwd=1) | grad=7.281 | tok/s=86,889 | tokens=5.43B
step=165820 | loss=4.2927 | lr=2.88e-04 | wd=0.0000 | mom=0.9500 | T=1.0 k=1.0 (mu_rec=1 mu_bwd=1) | grad=3.734 | tok/s=86,851 | tokens=5.43B
step=165830 | loss=4.3887 | lr=2.89e-04 | wd=0.0000 | mom=0.9500 | T=1.0 k=1.0 (mu_rec=1 mu_bwd=1) | grad=3.609 | tok/s=86,666 | tokens=5.43B
step=165840 | loss=4.2478 | lr=2.89e-04 | wd=0.0000 | mom=0.9500 | T=1.0 k=1.0 (mu_rec=1 mu_bwd=1) | grad=3.562 | tok/s=86,637 | tokens=5.43B
step=165850 | loss=4.4808 | lr=2.89e-04 | wd=0.0000 | mom=0.9500 | T=1.0 k=1.0 (mu_rec=1 mu_bwd=1) | grad=3.406 | tok/s=86,710 | tokens=5.43B
step=165860 | loss=4.3423 | lr=2.89e-04 | wd=0.0000 | mom=0.9500 | T=1.0 k=1.0 (mu_rec=1 mu_bwd=1) | grad=3.734 | tok/s=86,676 | tokens=5.43B
step=165870 | loss=4.5059 | lr=2.89e-04 | wd=0.0000 | mom=0.9500 | T=1.0 k=1.0 (mu_rec=1 mu_bwd=1) | grad=3.203 | tok/s=86,642 | tokens=5.44B
step=165880 | loss=4.2944 | lr=2.89e-04 | wd=0.0000 | mom=0.9500 | T=1.0 k=1.0 (mu_rec=1 mu_bwd=1) | grad=4.750 | tok/s=86,869 | tokens=5.44B
step=165890 | loss=4.1874 | lr=2.89e-04 | wd=0.0000 | mom=0.9500 | T=1.0 k=1.0 (mu_rec=1 mu_bwd=1) | grad=4.344 | tok/s=86,999 | tokens=5.44B
step=165900 | loss=4.3426 | lr=2.89e-04 | wd=0.0000 | mom=0.9500 | T=1.0 k=1.0 (mu_rec=1 mu_bwd=1) | grad=3.359 | tok/s=87,019 | tokens=5.44B
step=165910 | loss=4.3633 | lr=2.89e-04 | wd=0.0000 | mom=0.9500 | T=1.0 k=1.0 (mu_rec=1 mu_bwd=1) | grad=4.312 | tok/s=87,195 | tokens=5.44B
step=165920 | loss=4.3603 | lr=2.90e-04 | wd=0.0000 | mom=0.9500 | T=1.0 k=1.0 (mu_rec=1 mu_bwd=1) | grad=3.891 | tok/s=87,233 | tokens=5.44B
step=165930 | loss=4.3124 | lr=2.90e-04 | wd=0.0000 | mom=0.9500 | T=1.0 k=1.0 (mu_rec=1 mu_bwd=1) | grad=2.906 | tok/s=87,150 | tokens=5.44B
step=165940 | loss=4.3592 | lr=2.90e-04 | wd=0.0000 | mom=0.9500 | T=1.0 k=1.0 (mu_rec=1 mu_bwd=1) | grad=3.844 | tok/s=87,413 | tokens=5.44B
step=165950 | loss=4.4057 | lr=2.90e-04 | wd=0.0000 | mom=0.9500 | T=1.0 k=1.0 (mu_rec=1 mu_bwd=1) | grad=5.156 | tok/s=87,427 | tokens=5.44B
step=165960 | loss=4.1920 | lr=2.90e-04 | wd=0.0000 | mom=0.9500 | T=1.0 k=1.0 (mu_rec=1 mu_bwd=1) | grad=4.188 | tok/s=87,454 | tokens=5.44B
step=165970 | loss=4.6413 | lr=2.90e-04 | wd=0.0000 | mom=0.9500 | T=1.0 k=1.0 (mu_rec=1 mu_bwd=1) | grad=3.859 | tok/s=87,489 | tokens=5.44B
step=165980 | loss=4.4719 | lr=2.90e-04 | wd=0.0000 | mom=0.9500 | T=1.0 k=1.0 (mu_rec=1 mu_bwd=1) | grad=3.469 | tok/s=87,423 | tokens=5.44B
step=165990 | loss=4.3759 | lr=2.90e-04 | wd=0.0000 | mom=0.9500 | T=1.0 k=1.0 (mu_rec=1 mu_bwd=1) | grad=3.047 | tok/s=87,568 | tokens=5.44B
step=166000 | loss=4.1465 | lr=2.90e-04 | wd=0.0000 | mom=0.9500 | T=1.0 k=1.0 (mu_rec=1 mu_bwd=1) | grad=3.234 | tok/s=87,546 | tokens=5.44B
[step 166000] Saved -> runs/pythia-5b/checkpoint_0166000
[step 166000] Pruned -> runs/pythia-5b/checkpoint_0160000
step=166010 | loss=4.3648 | lr=2.90e-04 | wd=0.0000 | mom=0.9500 | T=1.0 k=1.0 (mu_rec=1 mu_bwd=1) | grad=3.125 | tok/s=72,003 | tokens=5.44B
step=166020 | loss=4.4841 | lr=2.91e-04 | wd=0.0000 | mom=0.9500 | T=1.0 k=1.0 (mu_rec=1 mu_bwd=1) | grad=3.453 | tok/s=87,369 | tokens=5.44B
step=166030 | loss=4.1997 | lr=2.91e-04 | wd=0.0000 | mom=0.9500 | T=1.0 k=1.0 (mu_rec=1 mu_bwd=1) | grad=3.812 | tok/s=87,438 | tokens=5.44B
step=166040 | loss=4.3540 | lr=2.91e-04 | wd=0.0000 | mom=0.9500 | T=1.0 k=1.0 (mu_rec=1 mu_bwd=1) | grad=3.938 | tok/s=87,301 | tokens=5.44B
step=166050 | loss=4.1706 | lr=2.91e-04 | wd=0.0000 | mom=0.9500 | T=1.0 k=1.0 (mu_rec=1 mu_bwd=1) | grad=3.047 | tok/s=87,471 | tokens=5.44B
step=166060 | loss=4.3083 | lr=2.91e-04 | wd=0.0000 | mom=0.9500 | T=1.0 k=1.0 (mu_rec=1 mu_bwd=1) | grad=4.406 | tok/s=87,397 | tokens=5.44B
step=166070 | loss=4.5016 | lr=2.91e-04 | wd=0.0000 | mom=0.9500 | T=1.0 k=1.0 (mu_rec=1 mu_bwd=1) | grad=5.938 | tok/s=87,481 | tokens=5.44B
step=166080 | loss=4.2346 | lr=2.91e-04 | wd=0.0000 | mom=0.9500 | T=1.0 k=1.0 (mu_rec=1 mu_bwd=1) | grad=4.562 | tok/s=87,415 | tokens=5.44B
step=166090 | loss=4.2338 | lr=2.91e-04 | wd=0.0000 | mom=0.9500 | T=1.0 k=1.0 (mu_rec=1 mu_bwd=1) | grad=4.938 | tok/s=87,397 | tokens=5.44B
step=166100 | loss=4.5880 | lr=2.91e-04 | wd=0.0000 | mom=0.9500 | T=1.0 k=1.0 (mu_rec=1 mu_bwd=1) | grad=3.703 | tok/s=87,564 | tokens=5.44B
step=166110 | loss=4.3695 | lr=2.91e-04 | wd=0.0000 | mom=0.9500 | T=1.0 k=1.0 (mu_rec=1 mu_bwd=1) | grad=3.547 | tok/s=87,491 | tokens=5.44B
step=166120 | loss=4.3352 | lr=2.92e-04 | wd=0.0000 | mom=0.9500 | T=1.0 k=1.0 (mu_rec=1 mu_bwd=1) | grad=3.688 | tok/s=87,532 | tokens=5.44B
step=166130 | loss=4.3030 | lr=2.92e-04 | wd=0.0000 | mom=0.9500 | T=1.0 k=1.0 (mu_rec=1 mu_bwd=1) | grad=5.719 | tok/s=87,569 | tokens=5.44B
step=166140 | loss=4.5080 | lr=2.92e-04 | wd=0.0000 | mom=0.9500 | T=1.0 k=1.0 (mu_rec=1 mu_bwd=1) | grad=3.047 | tok/s=87,502 | tokens=5.44B
step=166150 | loss=4.3858 | lr=2.92e-04 | wd=0.0000 | mom=0.9500 | T=1.0 k=1.0 (mu_rec=1 mu_bwd=1) | grad=3.453 | tok/s=87,557 | tokens=5.44B
step=166160 | loss=4.3542 | lr=2.92e-04 | wd=0.0000 | mom=0.9500 | T=1.0 k=1.0 (mu_rec=1 mu_bwd=1) | grad=3.078 | tok/s=87,540 | tokens=5.44B
step=166170 | loss=3.9581 | lr=2.92e-04 | wd=0.0000 | mom=0.9500 | T=1.0 k=1.0 (mu_rec=1 mu_bwd=1) | grad=5.188 | tok/s=87,554 | tokens=5.45B
step=166180 | loss=4.4202 | lr=2.92e-04 | wd=0.0000 | mom=0.9500 | T=1.0 k=1.0 (mu_rec=1 mu_bwd=1) | grad=4.000 | tok/s=87,566 | tokens=5.45B
step=166190 | loss=4.5721 | lr=2.92e-04 | wd=0.0000 | mom=0.9500 | T=1.0 k=1.0 (mu_rec=1 mu_bwd=1) | grad=3.859 | tok/s=87,592 | tokens=5.45B
step=166200 | loss=4.1869 | lr=2.92e-04 | wd=0.0000 | mom=0.9500 | T=1.0 k=1.0 (mu_rec=1 mu_bwd=1) | grad=6.938 | tok/s=87,608 | tokens=5.45B
step=166210 | loss=4.4277 | lr=2.92e-04 | wd=0.0000 | mom=0.9500 | T=1.0 k=1.0 (mu_rec=1 mu_bwd=1) | grad=4.250 | tok/s=87,666 | tokens=5.45B
step=166220 | loss=4.1603 | lr=2.93e-04 | wd=0.0000 | mom=0.9500 | T=1.0 k=1.0 (mu_rec=1 mu_bwd=1) | grad=4.844 | tok/s=87,595 | tokens=5.45B
step=166230 | loss=4.3442 | lr=2.93e-04 | wd=0.0000 | mom=0.9500 | T=1.0 k=1.0 (mu_rec=1 mu_bwd=1) | grad=3.188 | tok/s=87,583 | tokens=5.45B
step=166240 | loss=4.2708 | lr=2.93e-04 | wd=0.0000 | mom=0.9500 | T=1.0 k=1.0 (mu_rec=1 mu_bwd=1) | grad=9.188 | tok/s=87,570 | tokens=5.45B
step=166250 | loss=3.9924 | lr=2.93e-04 | wd=0.0000 | mom=0.9500 | T=1.0 k=1.0 (mu_rec=1 mu_bwd=1) | grad=4.312 | tok/s=87,594 | tokens=5.45B
step=166260 | loss=4.2065 | lr=2.93e-04 | wd=0.0000 | mom=0.9500 | T=1.0 k=1.0 (mu_rec=1 mu_bwd=1) | grad=3.531 | tok/s=87,515 | tokens=5.45B
step=166270 | loss=4.5625 | lr=2.93e-04 | wd=0.0000 | mom=0.9500 | T=1.0 k=1.0 (mu_rec=1 mu_bwd=1) | grad=9.000 | tok/s=87,626 | tokens=5.45B
step=166280 | loss=4.3557 | lr=2.93e-04 | wd=0.0000 | mom=0.9500 | T=1.0 k=1.0 (mu_rec=1 mu_bwd=1) | grad=3.750 | tok/s=87,657 | tokens=5.45B
step=166290 | loss=4.4362 | lr=2.93e-04 | wd=0.0000 | mom=0.9500 | T=1.0 k=1.0 (mu_rec=1 mu_bwd=1) | grad=4.344 | tok/s=87,566 | tokens=5.45B
step=166300 | loss=4.5222 | lr=2.93e-04 | wd=0.0000 | mom=0.9500 | T=1.0 k=1.0 (mu_rec=1 mu_bwd=1) | grad=4.031 | tok/s=87,512 | tokens=5.45B
step=166310 | loss=4.5004 | lr=2.93e-04 | wd=0.0000 | mom=0.9500 | T=1.0 k=1.0 (mu_rec=1 mu_bwd=1) | grad=3.250 | tok/s=87,570 | tokens=5.45B
step=166320 | loss=4.4019 | lr=2.93e-04 | wd=0.0000 | mom=0.9500 | T=1.0 k=1.0 (mu_rec=1 mu_bwd=1) | grad=4.688 | tok/s=87,495 | tokens=5.45B
step=166330 | loss=4.3395 | lr=2.93e-04 | wd=0.0000 | mom=0.9500 | T=1.0 k=1.0 (mu_rec=1 mu_bwd=1) | grad=3.344 | tok/s=87,673 | tokens=5.45B
step=166340 | loss=4.4465 | lr=2.94e-04 | wd=0.0000 | mom=0.9500 | T=1.0 k=1.0 (mu_rec=1 mu_bwd=1) | grad=3.438 | tok/s=87,635 | tokens=5.45B
step=166350 | loss=4.2904 | lr=2.94e-04 | wd=0.0000 | mom=0.9500 | T=1.0 k=1.0 (mu_rec=1 mu_bwd=1) | grad=4.656 | tok/s=87,668 | tokens=5.45B
step=166360 | loss=4.5093 | lr=2.94e-04 | wd=0.0000 | mom=0.9500 | T=1.0 k=1.0 (mu_rec=1 mu_bwd=1) | grad=5.500 | tok/s=87,688 | tokens=5.45B
step=166370 | loss=4.3351 | lr=2.94e-04 | wd=0.0000 | mom=0.9500 | T=1.0 k=1.0 (mu_rec=1 mu_bwd=1) | grad=3.266 | tok/s=87,630 | tokens=5.45B
step=166380 | loss=4.3222 | lr=2.94e-04 | wd=0.0000 | mom=0.9500 | T=1.0 k=1.0 (mu_rec=1 mu_bwd=1) | grad=4.531 | tok/s=87,606 | tokens=5.45B
step=166390 | loss=4.2901 | lr=2.94e-04 | wd=0.0000 | mom=0.9500 | T=1.0 k=1.0 (mu_rec=1 mu_bwd=1) | grad=3.688 | tok/s=87,599 | tokens=5.45B
step=166400 | loss=4.2805 | lr=2.94e-04 | wd=0.0000 | mom=0.9500 | T=1.0 k=1.0 (mu_rec=1 mu_bwd=1) | grad=3.297 | tok/s=87,634 | tokens=5.45B
step=166410 | loss=4.0301 | lr=2.94e-04 | wd=0.0000 | mom=0.9500 | T=1.0 k=1.0 (mu_rec=1 mu_bwd=1) | grad=7.812 | tok/s=87,601 | tokens=5.45B
step=166420 | loss=4.5000 | lr=2.94e-04 | wd=0.0000 | mom=0.9500 | T=1.0 k=1.0 (mu_rec=1 mu_bwd=1) | grad=3.516 | tok/s=7,871 | tokens=5.45B
step=166430 | loss=4.2014 | lr=2.94e-04 | wd=0.0000 | mom=0.9500 | T=1.0 k=1.0 (mu_rec=1 mu_bwd=1) | grad=3.953 | tok/s=89,022 | tokens=5.45B
step=166440 | loss=4.0881 | lr=2.94e-04 | wd=0.0000 | mom=0.9500 | T=1.0 k=1.0 (mu_rec=1 mu_bwd=1) | grad=11.750 | tok/s=89,023 | tokens=5.45B
step=166450 | loss=4.3272 | lr=2.94e-04 | wd=0.0000 | mom=0.9500 | T=1.0 k=1.0 (mu_rec=1 mu_bwd=1) | grad=4.469 | tok/s=88,897 | tokens=5.45B
step=166460 | loss=4.2304 | lr=2.95e-04 | wd=0.0000 | mom=0.9500 | T=1.0 k=1.0 (mu_rec=1 mu_bwd=1) | grad=6.688 | tok/s=88,663 | tokens=5.45B
step=166470 | loss=4.1432 | lr=2.95e-04 | wd=0.0000 | mom=0.9500 | T=1.0 k=1.0 (mu_rec=1 mu_bwd=1) | grad=3.203 | tok/s=88,684 | tokens=5.45B
step=166480 | loss=4.2948 | lr=2.95e-04 | wd=0.0000 | mom=0.9500 | T=1.0 k=1.0 (mu_rec=1 mu_bwd=1) | grad=3.109 | tok/s=88,431 | tokens=5.46B
step=166490 | loss=4.3310 | lr=2.95e-04 | wd=0.0000 | mom=0.9500 | T=1.0 k=1.0 (mu_rec=1 mu_bwd=1) | grad=3.391 | tok/s=88,335 | tokens=5.46B
step=166500 | loss=4.1850 | lr=2.95e-04 | wd=0.0000 | mom=0.9500 | T=1.0 k=1.0 (mu_rec=1 mu_bwd=1) | grad=3.125 | tok/s=88,218 | tokens=5.46B
step=166510 | loss=4.3060 | lr=2.95e-04 | wd=0.0000 | mom=0.9500 | T=1.0 k=1.0 (mu_rec=1 mu_bwd=1) | grad=3.172 | tok/s=88,204 | tokens=5.46B
step=166520 | loss=4.3162 | lr=2.95e-04 | wd=0.0000 | mom=0.9500 | T=1.0 k=1.0 (mu_rec=1 mu_bwd=1) | grad=4.031 | tok/s=87,999 | tokens=5.46B
step=166530 | loss=4.2674 | lr=2.95e-04 | wd=0.0000 | mom=0.9500 | T=1.0 k=1.0 (mu_rec=1 mu_bwd=1) | grad=5.250 | tok/s=87,909 | tokens=5.46B
step=166540 | loss=4.3138 | lr=2.95e-04 | wd=0.0000 | mom=0.9500 | T=1.0 k=1.0 (mu_rec=1 mu_bwd=1) | grad=3.719 | tok/s=87,853 | tokens=5.46B
step=166550 | loss=4.2157 | lr=2.95e-04 | wd=0.0000 | mom=0.9500 | T=1.0 k=1.0 (mu_rec=1 mu_bwd=1) | grad=4.750 | tok/s=87,673 | tokens=5.46B
step=166560 | loss=4.1870 | lr=2.95e-04 | wd=0.0000 | mom=0.9500 | T=1.0 k=1.0 (mu_rec=1 mu_bwd=1) | grad=4.000 | tok/s=7,626 | tokens=5.46B
step=166570 | loss=4.4393 | lr=2.95e-04 | wd=0.0000 | mom=0.9500 | T=1.0 k=1.0 (mu_rec=1 mu_bwd=1) | grad=3.906 | tok/s=88,786 | tokens=5.46B
step=166580 | loss=4.2808 | lr=2.95e-04 | wd=0.0000 | mom=0.9500 | T=1.0 k=1.0 (mu_rec=1 mu_bwd=1) | grad=3.688 | tok/s=88,550 | tokens=5.46B
step=166590 | loss=4.6232 | lr=2.96e-04 | wd=0.0000 | mom=0.9500 | T=1.0 k=1.0 (mu_rec=1 mu_bwd=1) | grad=2.969 | tok/s=88,468 | tokens=5.46B
step=166600 | loss=4.2012 | lr=2.96e-04 | wd=0.0000 | mom=0.9500 | T=1.0 k=1.0 (mu_rec=1 mu_bwd=1) | grad=3.406 | tok/s=88,133 | tokens=5.46B
step=166610 | loss=4.4228 | lr=2.96e-04 | wd=0.0000 | mom=0.9500 | T=1.0 k=1.0 (mu_rec=1 mu_bwd=1) | grad=3.812 | tok/s=88,024 | tokens=5.46B
step=166620 | loss=4.1479 | lr=2.96e-04 | wd=0.0000 | mom=0.9500 | T=1.0 k=1.0 (mu_rec=1 mu_bwd=1) | grad=2.953 | tok/s=88,041 | tokens=5.46B
step=166630 | loss=4.2824 | lr=2.96e-04 | wd=0.0000 | mom=0.9500 | T=1.0 k=1.0 (mu_rec=1 mu_bwd=1) | grad=3.078 | tok/s=87,837 | tokens=5.46B
step=166640 | loss=4.2359 | lr=2.96e-04 | wd=0.0000 | mom=0.9500 | T=1.0 k=1.0 (mu_rec=1 mu_bwd=1) | grad=2.828 | tok/s=87,567 | tokens=5.46B
step=166650 | loss=4.1652 | lr=2.96e-04 | wd=0.0000 | mom=0.9500 | T=1.0 k=1.0 (mu_rec=1 mu_bwd=1) | grad=4.031 | tok/s=87,512 | tokens=5.46B
step=166660 | loss=4.5504 | lr=2.96e-04 | wd=0.0000 | mom=0.9500 | T=1.0 k=1.0 (mu_rec=1 mu_bwd=1) | grad=5.062 | tok/s=87,478 | tokens=5.46B
step=166670 | loss=4.0833 | lr=2.96e-04 | wd=0.0000 | mom=0.9500 | T=1.0 k=1.0 (mu_rec=1 mu_bwd=1) | grad=7.594 | tok/s=87,197 | tokens=5.46B
step=166680 | loss=4.1073 | lr=2.96e-04 | wd=0.0000 | mom=0.9500 | T=1.0 k=1.0 (mu_rec=1 mu_bwd=1) | grad=3.000 | tok/s=87,083 | tokens=5.46B
step=166690 | loss=4.6893 | lr=2.96e-04 | wd=0.0000 | mom=0.9500 | T=1.0 k=1.0 (mu_rec=1 mu_bwd=1) | grad=3.594 | tok/s=87,004 | tokens=5.46B
step=166700 | loss=4.4259 | lr=2.96e-04 | wd=0.0000 | mom=0.9500 | T=1.0 k=1.0 (mu_rec=1 mu_bwd=1) | grad=3.672 | tok/s=87,242 | tokens=5.46B
step=166710 | loss=4.5244 | lr=2.96e-04 | wd=0.0000 | mom=0.9500 | T=1.0 k=1.0 (mu_rec=1 mu_bwd=1) | grad=3.641 | tok/s=87,095 | tokens=5.46B
step=166720 | loss=4.3327 | lr=2.96e-04 | wd=0.0000 | mom=0.9500 | T=1.0 k=1.0 (mu_rec=1 mu_bwd=1) | grad=4.500 | tok/s=86,891 | tokens=5.46B
step=166730 | loss=4.3288 | lr=2.96e-04 | wd=0.0000 | mom=0.9500 | T=1.0 k=1.0 (mu_rec=1 mu_bwd=1) | grad=5.938 | tok/s=86,909 | tokens=5.46B
step=166740 | loss=4.4961 | lr=2.97e-04 | wd=0.0000 | mom=0.9500 | T=1.0 k=1.0 (mu_rec=1 mu_bwd=1) | grad=4.625 | tok/s=86,677 | tokens=5.46B
step=166750 | loss=4.3924 | lr=2.97e-04 | wd=0.0000 | mom=0.9500 | T=1.0 k=1.0 (mu_rec=1 mu_bwd=1) | grad=4.750 | tok/s=86,641 | tokens=5.46B
step=166760 | loss=4.3092 | lr=2.97e-04 | wd=0.0000 | mom=0.9500 | T=1.0 k=1.0 (mu_rec=1 mu_bwd=1) | grad=7.031 | tok/s=86,661 | tokens=5.46B
step=166770 | loss=4.1888 | lr=2.97e-04 | wd=0.0000 | mom=0.9500 | T=1.0 k=1.0 (mu_rec=1 mu_bwd=1) | grad=4.500 | tok/s=86,643 | tokens=5.46B
step=166780 | loss=4.2097 | lr=2.97e-04 | wd=0.0000 | mom=0.9500 | T=1.0 k=1.0 (mu_rec=1 mu_bwd=1) | grad=8.125 | tok/s=86,719 | tokens=5.47B
step=166790 | loss=4.7309 | lr=2.97e-04 | wd=0.0000 | mom=0.9500 | T=1.0 k=1.0 (mu_rec=1 mu_bwd=1) | grad=4.281 | tok/s=86,776 | tokens=5.47B
step=166800 | loss=4.3444 | lr=2.97e-04 | wd=0.0000 | mom=0.9500 | T=1.0 k=1.0 (mu_rec=1 mu_bwd=1) | grad=4.562 | tok/s=86,730 | tokens=5.47B
step=166810 | loss=4.3732 | lr=2.97e-04 | wd=0.0000 | mom=0.9500 | T=1.0 k=1.0 (mu_rec=1 mu_bwd=1) | grad=5.031 | tok/s=86,887 | tokens=5.47B
step=166820 | loss=4.5025 | lr=2.97e-04 | wd=0.0000 | mom=0.9500 | T=1.0 k=1.0 (mu_rec=1 mu_bwd=1) | grad=5.875 | tok/s=87,041 | tokens=5.47B
step=166830 | loss=4.4679 | lr=2.97e-04 | wd=0.0000 | mom=0.9500 | T=1.0 k=1.0 (mu_rec=1 mu_bwd=1) | grad=3.688 | tok/s=87,075 | tokens=5.47B
step=166840 | loss=4.1691 | lr=2.97e-04 | wd=0.0000 | mom=0.9500 | T=1.0 k=1.0 (mu_rec=1 mu_bwd=1) | grad=5.688 | tok/s=87,207 | tokens=5.47B
step=166850 | loss=4.2217 | lr=2.97e-04 | wd=0.0000 | mom=0.9500 | T=1.0 k=1.0 (mu_rec=1 mu_bwd=1) | grad=4.656 | tok/s=87,371 | tokens=5.47B
step=166860 | loss=4.1572 | lr=2.97e-04 | wd=0.0000 | mom=0.9500 | T=1.0 k=1.0 (mu_rec=1 mu_bwd=1) | grad=4.062 | tok/s=87,396 | tokens=5.47B
step=166870 | loss=4.1038 | lr=2.97e-04 | wd=0.0000 | mom=0.9500 | T=1.0 k=1.0 (mu_rec=1 mu_bwd=1) | grad=3.344 | tok/s=87,337 | tokens=5.47B
step=166880 | loss=4.3716 | lr=2.97e-04 | wd=0.0000 | mom=0.9500 | T=1.0 k=1.0 (mu_rec=1 mu_bwd=1) | grad=7.000 | tok/s=87,529 | tokens=5.47B
step=166890 | loss=4.2134 | lr=2.97e-04 | wd=0.0000 | mom=0.9500 | T=1.0 k=1.0 (mu_rec=1 mu_bwd=1) | grad=4.875 | tok/s=87,521 | tokens=5.47B
step=166900 | loss=4.3094 | lr=2.97e-04 | wd=0.0000 | mom=0.9500 | T=1.0 k=1.0 (mu_rec=1 mu_bwd=1) | grad=3.422 | tok/s=87,658 | tokens=5.47B
step=166910 | loss=4.3664 | lr=2.98e-04 | wd=0.0000 | mom=0.9500 | T=1.0 k=1.0 (mu_rec=1 mu_bwd=1) | grad=3.422 | tok/s=87,727 | tokens=5.47B
step=166920 | loss=4.5464 | lr=2.98e-04 | wd=0.0000 | mom=0.9500 | T=1.0 k=1.0 (mu_rec=1 mu_bwd=1) | grad=5.094 | tok/s=87,589 | tokens=5.47B
step=166930 | loss=4.5101 | lr=2.98e-04 | wd=0.0000 | mom=0.9500 | T=1.0 k=1.0 (mu_rec=1 mu_bwd=1) | grad=4.781 | tok/s=87,699 | tokens=5.47B
step=166940 | loss=4.3258 | lr=2.98e-04 | wd=0.0000 | mom=0.9500 | T=1.0 k=1.0 (mu_rec=1 mu_bwd=1) | grad=4.719 | tok/s=87,755 | tokens=5.47B
step=166950 | loss=4.1132 | lr=2.98e-04 | wd=0.0000 | mom=0.9500 | T=1.0 k=1.0 (mu_rec=1 mu_bwd=1) | grad=3.391 | tok/s=87,789 | tokens=5.47B
step=166960 | loss=4.3516 | lr=2.98e-04 | wd=0.0000 | mom=0.9500 | T=1.0 k=1.0 (mu_rec=1 mu_bwd=1) | grad=3.766 | tok/s=87,814 | tokens=5.47B
step=166970 | loss=4.3569 | lr=2.98e-04 | wd=0.0000 | mom=0.9500 | T=1.0 k=1.0 (mu_rec=1 mu_bwd=1) | grad=3.266 | tok/s=87,653 | tokens=5.47B
step=166980 | loss=4.1806 | lr=2.98e-04 | wd=0.0000 | mom=0.9500 | T=1.0 k=1.0 (mu_rec=1 mu_bwd=1) | grad=3.266 | tok/s=87,825 | tokens=5.47B
step=166990 | loss=4.2735 | lr=2.98e-04 | wd=0.0000 | mom=0.9500 | T=1.0 k=1.0 (mu_rec=1 mu_bwd=1) | grad=3.969 | tok/s=87,508 | tokens=5.47B
step=167000 | loss=4.0934 | lr=2.98e-04 | wd=0.0000 | mom=0.9500 | T=1.0 k=1.0 (mu_rec=1 mu_bwd=1) | grad=2.766 | tok/s=87,592 | tokens=5.47B
step=167010 | loss=4.5508 | lr=2.98e-04 | wd=0.0000 | mom=0.9500 | T=1.0 k=1.0 (mu_rec=1 mu_bwd=1) | grad=3.656 | tok/s=87,534 | tokens=5.47B
step=167020 | loss=4.5910 | lr=2.98e-04 | wd=0.0000 | mom=0.9500 | T=1.0 k=1.0 (mu_rec=1 mu_bwd=1) | grad=3.594 | tok/s=87,704 | tokens=5.47B
step=167030 | loss=4.3299 | lr=2.98e-04 | wd=0.0000 | mom=0.9500 | T=1.0 k=1.0 (mu_rec=1 mu_bwd=1) | grad=4.594 | tok/s=87,591 | tokens=5.47B
step=167040 | loss=4.3948 | lr=2.98e-04 | wd=0.0000 | mom=0.9500 | T=1.0 k=1.0 (mu_rec=1 mu_bwd=1) | grad=3.250 | tok/s=87,674 | tokens=5.47B
step=167050 | loss=4.3525 | lr=2.98e-04 | wd=0.0000 | mom=0.9500 | T=1.0 k=1.0 (mu_rec=1 mu_bwd=1) | grad=3.109 | tok/s=87,587 | tokens=5.47B
step=167060 | loss=4.3886 | lr=2.98e-04 | wd=0.0000 | mom=0.9500 | T=1.0 k=1.0 (mu_rec=1 mu_bwd=1) | grad=4.406 | tok/s=87,620 | tokens=5.47B
step=167070 | loss=4.3441 | lr=2.98e-04 | wd=0.0000 | mom=0.9500 | T=1.0 k=1.0 (mu_rec=1 mu_bwd=1) | grad=4.312 | tok/s=87,714 | tokens=5.47B
step=167080 | loss=4.4817 | lr=2.98e-04 | wd=0.0000 | mom=0.9500 | T=1.0 k=1.0 (mu_rec=1 mu_bwd=1) | grad=4.969 | tok/s=87,723 | tokens=5.47B
step=167090 | loss=4.2707 | lr=2.98e-04 | wd=0.0000 | mom=0.9500 | T=1.0 k=1.0 (mu_rec=1 mu_bwd=1) | grad=4.094 | tok/s=87,620 | tokens=5.48B
step=167100 | loss=4.2805 | lr=2.98e-04 | wd=0.0000 | mom=0.9500 | T=1.0 k=1.0 (mu_rec=1 mu_bwd=1) | grad=4.562 | tok/s=87,615 | tokens=5.48B
step=167110 | loss=4.1223 | lr=2.98e-04 | wd=0.0000 | mom=0.9500 | T=1.0 k=1.0 (mu_rec=1 mu_bwd=1) | grad=3.672 | tok/s=87,750 | tokens=5.48B
step=167120 | loss=4.3736 | lr=2.98e-04 | wd=0.0000 | mom=0.9500 | T=1.0 k=1.0 (mu_rec=1 mu_bwd=1) | grad=5.688 | tok/s=87,616 | tokens=5.48B
step=167130 | loss=4.2026 | lr=2.99e-04 | wd=0.0000 | mom=0.9500 | T=1.0 k=1.0 (mu_rec=1 mu_bwd=1) | grad=4.156 | tok/s=87,729 | tokens=5.48B
step=167140 | loss=4.3558 | lr=2.99e-04 | wd=0.0000 | mom=0.9500 | T=1.0 k=1.0 (mu_rec=1 mu_bwd=1) | grad=3.281 | tok/s=87,736 | tokens=5.48B
step=167150 | loss=4.1944 | lr=2.99e-04 | wd=0.0000 | mom=0.9500 | T=1.0 k=1.0 (mu_rec=1 mu_bwd=1) | grad=4.125 | tok/s=87,697 | tokens=5.48B
step=167160 | loss=4.3701 | lr=2.99e-04 | wd=0.0000 | mom=0.9500 | T=1.0 k=1.0 (mu_rec=1 mu_bwd=1) | grad=3.172 | tok/s=87,708 | tokens=5.48B
step=167170 | loss=4.3410 | lr=2.99e-04 | wd=0.0000 | mom=0.9500 | T=1.0 k=1.0 (mu_rec=1 mu_bwd=1) | grad=4.031 | tok/s=87,736 | tokens=5.48B
step=167180 | loss=4.2793 | lr=2.99e-04 | wd=0.0000 | mom=0.9500 | T=1.0 k=1.0 (mu_rec=1 mu_bwd=1) | grad=5.375 | tok/s=87,784 | tokens=5.48B
step=167190 | loss=4.1465 | lr=2.99e-04 | wd=0.0000 | mom=0.9500 | T=1.0 k=1.0 (mu_rec=1 mu_bwd=1) | grad=3.688 | tok/s=87,806 | tokens=5.48B
step=167200 | loss=4.7572 | lr=2.99e-04 | wd=0.0000 | mom=0.9500 | T=1.0 k=1.0 (mu_rec=1 mu_bwd=1) | grad=3.500 | tok/s=87,763 | tokens=5.48B
step=167210 | loss=3.9742 | lr=2.99e-04 | wd=0.0000 | mom=0.9500 | T=1.0 k=1.0 (mu_rec=1 mu_bwd=1) | grad=4.656 | tok/s=87,813 | tokens=5.48B
step=167220 | loss=4.3347 | lr=2.99e-04 | wd=0.0000 | mom=0.9500 | T=1.0 k=1.0 (mu_rec=1 mu_bwd=1) | grad=3.828 | tok/s=87,815 | tokens=5.48B
step=167230 | loss=4.5786 | lr=2.99e-04 | wd=0.0000 | mom=0.9500 | T=1.0 k=1.0 (mu_rec=1 mu_bwd=1) | grad=4.406 | tok/s=87,697 | tokens=5.48B
step=167240 | loss=4.3509 | lr=2.99e-04 | wd=0.0000 | mom=0.9500 | T=1.0 k=1.0 (mu_rec=1 mu_bwd=1) | grad=5.656 | tok/s=87,825 | tokens=5.48B
step=167250 | loss=3.8641 | lr=2.99e-04 | wd=0.0000 | mom=0.9500 | T=1.0 k=1.0 (mu_rec=1 mu_bwd=1) | grad=3.453 | tok/s=87,777 | tokens=5.48B
step=167260 | loss=4.3185 | lr=2.99e-04 | wd=0.0000 | mom=0.9500 | T=1.0 k=1.0 (mu_rec=1 mu_bwd=1) | grad=6.656 | tok/s=87,872 | tokens=5.48B
step=167270 | loss=4.4754 | lr=2.99e-04 | wd=0.0000 | mom=0.9500 | T=1.0 k=1.0 (mu_rec=1 mu_bwd=1) | grad=3.219 | tok/s=87,783 | tokens=5.48B
step=167280 | loss=4.1634 | lr=2.99e-04 | wd=0.0000 | mom=0.9500 | T=1.0 k=1.0 (mu_rec=1 mu_bwd=1) | grad=3.812 | tok/s=87,789 | tokens=5.48B
step=167290 | loss=4.3188 | lr=2.99e-04 | wd=0.0000 | mom=0.9500 | T=1.0 k=1.0 (mu_rec=1 mu_bwd=1) | grad=3.391 | tok/s=8,616 | tokens=5.48B
step=167300 | loss=4.3756 | lr=2.99e-04 | wd=0.0000 | mom=0.9500 | T=1.0 k=1.0 (mu_rec=1 mu_bwd=1) | grad=4.094 | tok/s=89,425 | tokens=5.48B
step=167310 | loss=4.0367 | lr=2.99e-04 | wd=0.0000 | mom=0.9500 | T=1.0 k=1.0 (mu_rec=1 mu_bwd=1) | grad=3.984 | tok/s=89,218 | tokens=5.48B
step=167320 | loss=4.3334 | lr=2.99e-04 | wd=0.0000 | mom=0.9500 | T=1.0 k=1.0 (mu_rec=1 mu_bwd=1) | grad=4.406 | tok/s=88,873 | tokens=5.48B
step=167330 | loss=4.3878 | lr=2.99e-04 | wd=0.0000 | mom=0.9500 | T=1.0 k=1.0 (mu_rec=1 mu_bwd=1) | grad=3.594 | tok/s=88,821 | tokens=5.48B
step=167340 | loss=4.1631 | lr=2.99e-04 | wd=0.0000 | mom=0.9500 | T=1.0 k=1.0 (mu_rec=1 mu_bwd=1) | grad=10.125 | tok/s=88,763 | tokens=5.48B
step=167350 | loss=4.1779 | lr=2.99e-04 | wd=0.0000 | mom=0.9500 | T=1.0 k=1.0 (mu_rec=1 mu_bwd=1) | grad=4.125 | tok/s=88,534 | tokens=5.48B
step=167360 | loss=4.2550 | lr=2.99e-04 | wd=0.0000 | mom=0.9500 | T=1.0 k=1.0 (mu_rec=1 mu_bwd=1) | grad=3.078 | tok/s=88,521 | tokens=5.48B
step=167370 | loss=3.8674 | lr=2.99e-04 | wd=0.0000 | mom=0.9500 | T=1.0 k=1.0 (mu_rec=1 mu_bwd=1) | grad=4.750 | tok/s=88,372 | tokens=5.48B
step=167380 | loss=3.5327 | lr=2.99e-04 | wd=0.0000 | mom=0.9500 | T=1.0 k=1.0 (mu_rec=1 mu_bwd=1) | grad=3.781 | tok/s=88,303 | tokens=5.48B
step=167390 | loss=4.1102 | lr=2.99e-04 | wd=0.0000 | mom=0.9500 | T=1.0 k=1.0 (mu_rec=1 mu_bwd=1) | grad=3.703 | tok/s=88,138 | tokens=5.49B
step=167400 | loss=4.1576 | lr=2.99e-04 | wd=0.0000 | mom=0.9500 | T=1.0 k=1.0 (mu_rec=1 mu_bwd=1) | grad=3.766 | tok/s=88,038 | tokens=5.49B
step=167410 | loss=4.3363 | lr=2.99e-04 | wd=0.0000 | mom=0.9500 | T=1.0 k=1.0 (mu_rec=1 mu_bwd=1) | grad=6.281 | tok/s=87,888 | tokens=5.49B
step=167420 | loss=4.3454 | lr=2.99e-04 | wd=0.0000 | mom=0.9500 | T=1.0 k=1.0 (mu_rec=1 mu_bwd=1) | grad=3.250 | tok/s=87,990 | tokens=5.49B
step=167430 | loss=4.2325 | lr=3.00e-04 | wd=0.0000 | mom=0.9500 | T=1.0 k=1.0 (mu_rec=1 mu_bwd=1) | grad=3.172 | tok/s=87,950 | tokens=5.49B
step=167440 | loss=4.3406 | lr=3.00e-04 | wd=0.0000 | mom=0.9500 | T=1.0 k=1.0 (mu_rec=1 mu_bwd=1) | grad=2.828 | tok/s=87,789 | tokens=5.49B
step=167450 | loss=4.1976 | lr=3.00e-04 | wd=0.0000 | mom=0.9500 | T=1.0 k=1.0 (mu_rec=1 mu_bwd=1) | grad=10.500 | tok/s=87,723 | tokens=5.49B
step=167460 | loss=4.1521 | lr=3.00e-04 | wd=0.0000 | mom=0.9500 | T=1.0 k=1.0 (mu_rec=1 mu_bwd=1) | grad=3.109 | tok/s=87,764 | tokens=5.49B
step=167470 | loss=4.0040 | lr=3.00e-04 | wd=0.0000 | mom=0.9500 | T=1.0 k=1.0 (mu_rec=1 mu_bwd=1) | grad=5.500 | tok/s=87,566 | tokens=5.49B
step=167480 | loss=4.3900 | lr=3.00e-04 | wd=0.0000 | mom=0.9500 | T=1.0 k=1.0 (mu_rec=1 mu_bwd=1) | grad=3.547 | tok/s=87,526 | tokens=5.49B
step=167490 | loss=4.4708 | lr=3.00e-04 | wd=0.0000 | mom=0.9500 | T=1.0 k=1.0 (mu_rec=1 mu_bwd=1) | grad=4.750 | tok/s=9,373 | tokens=5.49B
step=167500 | loss=3.8284 | lr=3.00e-04 | wd=0.0000 | mom=0.9500 | T=1.0 k=1.0 (mu_rec=1 mu_bwd=1) | grad=29.750 | tok/s=88,722 | tokens=5.49B
step=167510 | loss=3.0040 | lr=3.00e-04 | wd=0.0000 | mom=0.9500 | T=1.0 k=1.0 (mu_rec=1 mu_bwd=1) | grad=11.625 | tok/s=88,592 | tokens=5.49B
step=167520 | loss=3.6648 | lr=3.00e-04 | wd=0.0000 | mom=0.9500 | T=1.0 k=1.0 (mu_rec=1 mu_bwd=1) | grad=4.844 | tok/s=88,327 | tokens=5.49B
step=167530 | loss=4.5602 | lr=3.00e-04 | wd=0.0000 | mom=0.9500 | T=1.0 k=1.0 (mu_rec=1 mu_bwd=1) | grad=4.094 | tok/s=88,195 | tokens=5.49B
step=167540 | loss=4.5223 | lr=3.00e-04 | wd=0.0000 | mom=0.9500 | T=1.0 k=1.0 (mu_rec=1 mu_bwd=1) | grad=3.141 | tok/s=88,111 | tokens=5.49B
step=167550 | loss=4.4626 | lr=3.00e-04 | wd=0.0000 | mom=0.9500 | T=1.0 k=1.0 (mu_rec=1 mu_bwd=1) | grad=3.562 | tok/s=87,882 | tokens=5.49B
step=167560 | loss=4.1119 | lr=3.00e-04 | wd=0.0000 | mom=0.9500 | T=1.0 k=1.0 (mu_rec=1 mu_bwd=1) | grad=5.312 | tok/s=87,766 | tokens=5.49B
step=167570 | loss=4.3353 | lr=3.00e-04 | wd=0.0000 | mom=0.9500 | T=1.0 k=1.0 (mu_rec=1 mu_bwd=1) | grad=3.156 | tok/s=87,601 | tokens=5.49B
step=167580 | loss=4.0675 | lr=3.00e-04 | wd=0.0000 | mom=0.9500 | T=1.0 k=1.0 (mu_rec=1 mu_bwd=1) | grad=4.375 | tok/s=87,467 | tokens=5.49B
step=167590 | loss=3.9083 | lr=3.00e-04 | wd=0.0000 | mom=0.9500 | T=1.0 k=1.0 (mu_rec=1 mu_bwd=1) | grad=2.922 | tok/s=87,455 | tokens=5.49B
step=167600 | loss=4.2240 | lr=3.00e-04 | wd=0.0000 | mom=0.9500 | T=1.0 k=1.0 (mu_rec=1 mu_bwd=1) | grad=4.688 | tok/s=87,217 | tokens=5.49B
step=167610 | loss=3.9988 | lr=3.00e-04 | wd=0.0000 | mom=0.9500 | T=1.0 k=1.0 (mu_rec=1 mu_bwd=1) | grad=6.188 | tok/s=87,203 | tokens=5.49B
step=167620 | loss=4.2908 | lr=3.00e-04 | wd=0.0000 | mom=0.9500 | T=1.0 k=1.0 (mu_rec=1 mu_bwd=1) | grad=4.188 | tok/s=87,092 | tokens=5.49B
step=167630 | loss=4.1388 | lr=3.00e-04 | wd=0.0000 | mom=0.9500 | T=1.0 k=1.0 (mu_rec=1 mu_bwd=1) | grad=6.656 | tok/s=86,898 | tokens=5.49B
step=167640 | loss=4.3901 | lr=3.00e-04 | wd=0.0000 | mom=0.9500 | T=1.0 k=1.0 (mu_rec=1 mu_bwd=1) | grad=4.031 | tok/s=86,885 | tokens=5.49B
step=167650 | loss=4.5080 | lr=3.00e-04 | wd=0.0000 | mom=0.9500 | T=1.0 k=1.0 (mu_rec=1 mu_bwd=1) | grad=2.766 | tok/s=86,980 | tokens=5.49B
step=167660 | loss=4.2700 | lr=3.00e-04 | wd=0.0000 | mom=0.9500 | T=1.0 k=1.0 (mu_rec=1 mu_bwd=1) | grad=3.359 | tok/s=86,729 | tokens=5.49B
step=167670 | loss=4.2484 | lr=3.00e-04 | wd=0.0000 | mom=0.9500 | T=1.0 k=1.0 (mu_rec=1 mu_bwd=1) | grad=3.781 | tok/s=86,893 | tokens=5.49B
step=167680 | loss=4.1499 | lr=3.00e-04 | wd=0.0000 | mom=0.9500 | T=1.0 k=1.0 (mu_rec=1 mu_bwd=1) | grad=3.656 | tok/s=86,794 | tokens=5.49B
step=167690 | loss=4.2872 | lr=3.00e-04 | wd=0.0000 | mom=0.9500 | T=1.0 k=1.0 (mu_rec=1 mu_bwd=1) | grad=3.500 | tok/s=86,732 | tokens=5.49B
step=167700 | loss=4.3146 | lr=3.00e-04 | wd=0.0000 | mom=0.9500 | T=1.0 k=1.0 (mu_rec=1 mu_bwd=1) | grad=2.938 | tok/s=86,595 | tokens=5.50B
step=167710 | loss=4.2378 | lr=3.00e-04 | wd=0.0000 | mom=0.9500 | T=1.0 k=1.0 (mu_rec=1 mu_bwd=1) | grad=3.609 | tok/s=86,749 | tokens=5.50B
step=167720 | loss=4.5305 | lr=3.00e-04 | wd=0.0000 | mom=0.9500 | T=1.0 k=1.0 (mu_rec=1 mu_bwd=1) | grad=5.344 | tok/s=86,777 | tokens=5.50B
step=167730 | loss=4.2879 | lr=3.00e-04 | wd=0.0000 | mom=0.9500 | T=1.0 k=1.0 (mu_rec=1 mu_bwd=1) | grad=2.844 | tok/s=86,928 | tokens=5.50B
step=167740 | loss=4.6793 | lr=3.00e-04 | wd=0.0000 | mom=0.9500 | T=1.0 k=1.0 (mu_rec=1 mu_bwd=1) | grad=4.406 | tok/s=86,853 | tokens=5.50B
step=167750 | loss=4.5938 | lr=3.00e-04 | wd=0.0000 | mom=0.9500 | T=1.0 k=1.0 (mu_rec=1 mu_bwd=1) | grad=3.922 | tok/s=87,088 | tokens=5.50B
step=167760 | loss=4.7019 | lr=3.00e-04 | wd=0.0000 | mom=0.9500 | T=1.0 k=1.0 (mu_rec=1 mu_bwd=1) | grad=4.406 | tok/s=87,082 | tokens=5.50B
step=167770 | loss=4.6210 | lr=3.00e-04 | wd=0.0000 | mom=0.9500 | T=1.0 k=1.0 (mu_rec=1 mu_bwd=1) | grad=4.406 | tok/s=87,264 | tokens=5.50B
step=167780 | loss=4.2455 | lr=3.00e-04 | wd=0.0000 | mom=0.9500 | T=1.0 k=1.0 (mu_rec=1 mu_bwd=1) | grad=3.203 | tok/s=87,250 | tokens=5.50B
step=167790 | loss=4.0575 | lr=3.00e-04 | wd=0.0000 | mom=0.9500 | T=1.0 k=1.0 (mu_rec=1 mu_bwd=1) | grad=3.859 | tok/s=87,284 | tokens=5.50B
step=167800 | loss=4.3853 | lr=3.00e-04 | wd=0.0000 | mom=0.9500 | T=1.0 k=1.0 (mu_rec=1 mu_bwd=1) | grad=2.922 | tok/s=87,456 | tokens=5.50B
step=167810 | loss=4.4071 | lr=3.00e-04 | wd=0.0000 | mom=0.9500 | T=1.0 k=1.0 (mu_rec=1 mu_bwd=1) | grad=3.500 | tok/s=87,417 | tokens=5.50B
step=167820 | loss=4.2594 | lr=3.00e-04 | wd=0.0000 | mom=0.9500 | T=1.0 k=1.0 (mu_rec=1 mu_bwd=1) | grad=3.391 | tok/s=87,518 | tokens=5.50B
step=167830 | loss=4.1048 | lr=3.00e-04 | wd=0.0000 | mom=0.9500 | T=1.0 k=1.0 (mu_rec=1 mu_bwd=1) | grad=4.188 | tok/s=87,511 | tokens=5.50B
step=167840 | loss=4.4951 | lr=3.00e-04 | wd=0.0000 | mom=0.9500 | T=1.0 k=1.0 (mu_rec=1 mu_bwd=1) | grad=4.500 | tok/s=87,557 | tokens=5.50B
step=167850 | loss=4.4502 | lr=3.00e-04 | wd=0.0000 | mom=0.9500 | T=1.0 k=1.0 (mu_rec=1 mu_bwd=1) | grad=7.125 | tok/s=87,562 | tokens=5.50B
step=167860 | loss=4.0878 | lr=3.00e-04 | wd=0.0000 | mom=0.9500 | T=1.0 k=1.0 (mu_rec=1 mu_bwd=1) | grad=5.188 | tok/s=87,672 | tokens=5.50B
step=167870 | loss=4.2828 | lr=3.00e-04 | wd=0.0000 | mom=0.9500 | T=1.0 k=1.0 (mu_rec=1 mu_bwd=1) | grad=4.156 | tok/s=87,577 | tokens=5.50B
step=167880 | loss=4.2430 | lr=3.00e-04 | wd=0.0000 | mom=0.9500 | T=1.0 k=1.0 (mu_rec=1 mu_bwd=1) | grad=5.438 | tok/s=87,660 | tokens=5.50B
step=167890 | loss=4.2842 | lr=3.00e-04 | wd=0.0000 | mom=0.9500 | T=1.0 k=1.0 (mu_rec=1 mu_bwd=1) | grad=3.031 | tok/s=87,672 | tokens=5.50B
step=167900 | loss=4.2162 | lr=3.00e-04 | wd=0.0000 | mom=0.9500 | T=1.0 k=1.0 (mu_rec=1 mu_bwd=1) | grad=3.672 | tok/s=87,626 | tokens=5.50B
step=167910 | loss=4.2775 | lr=3.00e-04 | wd=0.0000 | mom=0.9500 | T=1.0 k=1.0 (mu_rec=1 mu_bwd=1) | grad=2.984 | tok/s=87,554 | tokens=5.50B
step=167920 | loss=4.2622 | lr=3.00e-04 | wd=0.0000 | mom=0.9500 | T=1.0 k=1.0 (mu_rec=1 mu_bwd=1) | grad=4.094 | tok/s=87,516 | tokens=5.50B
step=167930 | loss=4.2796 | lr=3.00e-04 | wd=0.0000 | mom=0.9500 | T=1.0 k=1.0 (mu_rec=1 mu_bwd=1) | grad=4.312 | tok/s=87,473 | tokens=5.50B
step=167940 | loss=4.5940 | lr=3.00e-04 | wd=0.0000 | mom=0.9500 | T=1.0 k=1.0 (mu_rec=1 mu_bwd=1) | grad=3.562 | tok/s=87,515 | tokens=5.50B
step=167950 | loss=4.2471 | lr=3.00e-04 | wd=0.0000 | mom=0.9500 | T=1.0 k=1.0 (mu_rec=1 mu_bwd=1) | grad=4.188 | tok/s=87,349 | tokens=5.50B
step=167960 | loss=4.1944 | lr=3.00e-04 | wd=0.0000 | mom=0.9500 | T=1.0 k=1.0 (mu_rec=1 mu_bwd=1) | grad=3.453 | tok/s=87,507 | tokens=5.50B
step=167970 | loss=4.4840 | lr=3.00e-04 | wd=0.0000 | mom=0.9500 | T=1.0 k=1.0 (mu_rec=1 mu_bwd=1) | grad=3.531 | tok/s=87,532 | tokens=5.50B
step=167980 | loss=4.1600 | lr=3.00e-04 | wd=0.0000 | mom=0.9500 | T=1.0 k=1.0 (mu_rec=1 mu_bwd=1) | grad=4.438 | tok/s=87,575 | tokens=5.50B
step=167990 | loss=4.4196 | lr=3.00e-04 | wd=0.0000 | mom=0.9500 | T=1.0 k=1.0 (mu_rec=1 mu_bwd=1) | grad=3.094 | tok/s=87,577 | tokens=5.50B
step=168000 | loss=4.3414 | lr=3.00e-04 | wd=0.0000 | mom=0.9500 | T=1.0 k=1.0 (mu_rec=1 mu_bwd=1) | grad=3.516 | tok/s=87,641 | tokens=5.51B
[step 168000] Saved -> runs/pythia-5b/checkpoint_0168000
[step 168000] Pruned -> runs/pythia-5b/checkpoint_0162000
step=168010 | loss=4.1675 | lr=3.00e-04 | wd=0.0000 | mom=0.9500 | T=1.0 k=1.0 (mu_rec=1 mu_bwd=1) | grad=3.359 | tok/s=72,148 | tokens=5.51B
step=168020 | loss=4.0216 | lr=3.00e-04 | wd=0.0000 | mom=0.9500 | T=1.0 k=1.0 (mu_rec=1 mu_bwd=1) | grad=3.062 | tok/s=87,791 | tokens=5.51B
step=168030 | loss=4.3120 | lr=3.00e-04 | wd=0.0000 | mom=0.9500 | T=1.0 k=1.0 (mu_rec=1 mu_bwd=1) | grad=3.406 | tok/s=87,692 | tokens=5.51B
step=168040 | loss=4.4066 | lr=3.00e-04 | wd=0.0000 | mom=0.9500 | T=1.0 k=1.0 (mu_rec=1 mu_bwd=1) | grad=4.062 | tok/s=87,681 | tokens=5.51B
step=168050 | loss=4.3052 | lr=3.00e-04 | wd=0.0000 | mom=0.9500 | T=1.0 k=1.0 (mu_rec=1 mu_bwd=1) | grad=3.203 | tok/s=87,624 | tokens=5.51B
step=168060 | loss=4.0726 | lr=3.00e-04 | wd=0.0000 | mom=0.9500 | T=1.0 k=1.0 (mu_rec=1 mu_bwd=1) | grad=12.000 | tok/s=87,639 | tokens=5.51B
step=168070 | loss=4.1023 | lr=3.00e-04 | wd=0.0000 | mom=0.9500 | T=1.0 k=1.0 (mu_rec=1 mu_bwd=1) | grad=4.188 | tok/s=87,626 | tokens=5.51B
step=168080 | loss=4.2201 | lr=3.00e-04 | wd=0.0000 | mom=0.9500 | T=1.0 k=1.0 (mu_rec=1 mu_bwd=1) | grad=5.156 | tok/s=87,649 | tokens=5.51B
step=168090 | loss=4.3614 | lr=3.00e-04 | wd=0.0000 | mom=0.9500 | T=1.0 k=1.0 (mu_rec=1 mu_bwd=1) | grad=3.125 | tok/s=87,658 | tokens=5.51B
step=168100 | loss=4.1011 | lr=3.00e-04 | wd=0.0000 | mom=0.9500 | T=1.0 k=1.0 (mu_rec=1 mu_bwd=1) | grad=5.219 | tok/s=87,676 | tokens=5.51B
step=168110 | loss=4.2087 | lr=3.00e-04 | wd=0.0000 | mom=0.9500 | T=1.0 k=1.0 (mu_rec=1 mu_bwd=1) | grad=3.500 | tok/s=87,610 | tokens=5.51B
step=168120 | loss=4.1346 | lr=3.00e-04 | wd=0.0000 | mom=0.9500 | T=1.0 k=1.0 (mu_rec=1 mu_bwd=1) | grad=4.219 | tok/s=87,605 | tokens=5.51B
step=168130 | loss=4.6319 | lr=3.00e-04 | wd=0.0000 | mom=0.9500 | T=1.0 k=1.0 (mu_rec=1 mu_bwd=1) | grad=3.312 | tok/s=87,723 | tokens=5.51B
step=168140 | loss=4.2034 | lr=3.00e-04 | wd=0.0000 | mom=0.9500 | T=1.0 k=1.0 (mu_rec=1 mu_bwd=1) | grad=4.469 | tok/s=87,672 | tokens=5.51B
step=168150 | loss=4.2752 | lr=3.00e-04 | wd=0.0000 | mom=0.9500 | T=1.0 k=1.0 (mu_rec=1 mu_bwd=1) | grad=3.172 | tok/s=87,680 | tokens=5.51B
step=168160 | loss=4.4536 | lr=3.00e-04 | wd=0.0000 | mom=0.9500 | T=1.0 k=1.0 (mu_rec=1 mu_bwd=1) | grad=4.844 | tok/s=87,525 | tokens=5.51B
step=168170 | loss=4.2321 | lr=3.00e-04 | wd=0.0000 | mom=0.9500 | T=1.0 k=1.0 (mu_rec=1 mu_bwd=1) | grad=2.766 | tok/s=87,686 | tokens=5.51B
step=168180 | loss=4.2132 | lr=3.00e-04 | wd=0.0000 | mom=0.9500 | T=1.0 k=1.0 (mu_rec=1 mu_bwd=1) | grad=2.672 | tok/s=87,732 | tokens=5.51B
step=168190 | loss=4.2526 | lr=3.00e-04 | wd=0.0000 | mom=0.9500 | T=1.0 k=1.0 (mu_rec=1 mu_bwd=1) | grad=3.281 | tok/s=87,641 | tokens=5.51B
step=168200 | loss=4.2853 | lr=3.00e-04 | wd=0.0000 | mom=0.9500 | T=1.0 k=1.0 (mu_rec=1 mu_bwd=1) | grad=4.219 | tok/s=8,186 | tokens=5.51B
step=168210 | loss=4.5400 | lr=3.00e-04 | wd=0.0000 | mom=0.9500 | T=1.0 k=1.0 (mu_rec=1 mu_bwd=1) | grad=3.625 | tok/s=89,247 | tokens=5.51B
step=168220 | loss=4.3018 | lr=3.00e-04 | wd=0.0000 | mom=0.9500 | T=1.0 k=1.0 (mu_rec=1 mu_bwd=1) | grad=4.531 | tok/s=88,970 | tokens=5.51B
step=168230 | loss=4.3653 | lr=3.00e-04 | wd=0.0000 | mom=0.9500 | T=1.0 k=1.0 (mu_rec=1 mu_bwd=1) | grad=5.281 | tok/s=88,882 | tokens=5.51B
step=168240 | loss=4.3278 | lr=3.00e-04 | wd=0.0000 | mom=0.9500 | T=1.0 k=1.0 (mu_rec=1 mu_bwd=1) | grad=3.484 | tok/s=88,826 | tokens=5.51B
step=168250 | loss=4.1603 | lr=3.00e-04 | wd=0.0000 | mom=0.9500 | T=1.0 k=1.0 (mu_rec=1 mu_bwd=1) | grad=5.281 | tok/s=88,583 | tokens=5.51B
step=168260 | loss=4.4444 | lr=3.00e-04 | wd=0.0000 | mom=0.9500 | T=1.0 k=1.0 (mu_rec=1 mu_bwd=1) | grad=4.250 | tok/s=88,407 | tokens=5.51B
step=168270 | loss=4.2705 | lr=2.99e-04 | wd=0.0000 | mom=0.9500 | T=1.0 k=1.0 (mu_rec=1 mu_bwd=1) | grad=7.250 | tok/s=88,234 | tokens=5.51B
step=168280 | loss=4.4315 | lr=2.99e-04 | wd=0.0000 | mom=0.9500 | T=1.0 k=1.0 (mu_rec=1 mu_bwd=1) | grad=7.469 | tok/s=88,265 | tokens=5.51B
step=168290 | loss=4.2336 | lr=2.99e-04 | wd=0.0000 | mom=0.9500 | T=1.0 k=1.0 (mu_rec=1 mu_bwd=1) | grad=3.297 | tok/s=88,224 | tokens=5.51B
step=168300 | loss=4.2896 | lr=2.99e-04 | wd=0.0000 | mom=0.9500 | T=1.0 k=1.0 (mu_rec=1 mu_bwd=1) | grad=3.391 | tok/s=88,040 | tokens=5.51B
step=168310 | loss=4.4126 | lr=2.99e-04 | wd=0.0000 | mom=0.9500 | T=1.0 k=1.0 (mu_rec=1 mu_bwd=1) | grad=4.812 | tok/s=87,976 | tokens=5.52B
step=168320 | loss=4.4064 | lr=2.99e-04 | wd=0.0000 | mom=0.9500 | T=1.0 k=1.0 (mu_rec=1 mu_bwd=1) | grad=3.516 | tok/s=87,886 | tokens=5.52B
step=168330 | loss=4.2067 | lr=2.99e-04 | wd=0.0000 | mom=0.9500 | T=1.0 k=1.0 (mu_rec=1 mu_bwd=1) | grad=2.922 | tok/s=87,829 | tokens=5.52B
step=168340 | loss=4.1192 | lr=2.99e-04 | wd=0.0000 | mom=0.9500 | T=1.0 k=1.0 (mu_rec=1 mu_bwd=1) | grad=3.984 | tok/s=9,893 | tokens=5.52B
step=168350 | loss=4.2367 | lr=2.99e-04 | wd=0.0000 | mom=0.9500 | T=1.0 k=1.0 (mu_rec=1 mu_bwd=1) | grad=3.719 | tok/s=88,646 | tokens=5.52B
step=168360 | loss=4.2568 | lr=2.99e-04 | wd=0.0000 | mom=0.9500 | T=1.0 k=1.0 (mu_rec=1 mu_bwd=1) | grad=3.625 | tok/s=88,470 | tokens=5.52B
step=168370 | loss=4.1540 | lr=2.99e-04 | wd=0.0000 | mom=0.9500 | T=1.0 k=1.0 (mu_rec=1 mu_bwd=1) | grad=3.828 | tok/s=88,179 | tokens=5.52B
step=168380 | loss=4.3597 | lr=2.99e-04 | wd=0.0000 | mom=0.9500 | T=1.0 k=1.0 (mu_rec=1 mu_bwd=1) | grad=4.531 | tok/s=88,055 | tokens=5.52B
step=168390 | loss=4.3186 | lr=2.99e-04 | wd=0.0000 | mom=0.9500 | T=1.0 k=1.0 (mu_rec=1 mu_bwd=1) | grad=3.000 | tok/s=87,952 | tokens=5.52B
step=168400 | loss=4.3963 | lr=2.99e-04 | wd=0.0000 | mom=0.9500 | T=1.0 k=1.0 (mu_rec=1 mu_bwd=1) | grad=3.328 | tok/s=87,769 | tokens=5.52B
step=168410 | loss=4.0852 | lr=2.99e-04 | wd=0.0000 | mom=0.9500 | T=1.0 k=1.0 (mu_rec=1 mu_bwd=1) | grad=3.172 | tok/s=87,649 | tokens=5.52B
step=168420 | loss=4.4150 | lr=2.99e-04 | wd=0.0000 | mom=0.9500 | T=1.0 k=1.0 (mu_rec=1 mu_bwd=1) | grad=3.078 | tok/s=87,453 | tokens=5.52B
step=168430 | loss=4.4320 | lr=2.99e-04 | wd=0.0000 | mom=0.9500 | T=1.0 k=1.0 (mu_rec=1 mu_bwd=1) | grad=3.875 | tok/s=87,331 | tokens=5.52B
step=168440 | loss=4.4502 | lr=2.99e-04 | wd=0.0000 | mom=0.9500 | T=1.0 k=1.0 (mu_rec=1 mu_bwd=1) | grad=4.531 | tok/s=87,189 | tokens=5.52B
step=168450 | loss=4.3699 | lr=2.99e-04 | wd=0.0000 | mom=0.9500 | T=1.0 k=1.0 (mu_rec=1 mu_bwd=1) | grad=2.984 | tok/s=87,094 | tokens=5.52B
step=168460 | loss=4.3510 | lr=2.99e-04 | wd=0.0000 | mom=0.9500 | T=1.0 k=1.0 (mu_rec=1 mu_bwd=1) | grad=3.078 | tok/s=87,006 | tokens=5.52B
step=168470 | loss=4.2710 | lr=2.99e-04 | wd=0.0000 | mom=0.9500 | T=1.0 k=1.0 (mu_rec=1 mu_bwd=1) | grad=2.875 | tok/s=86,868 | tokens=5.52B
step=168480 | loss=4.2423 | lr=2.99e-04 | wd=0.0000 | mom=0.9500 | T=1.0 k=1.0 (mu_rec=1 mu_bwd=1) | grad=3.688 | tok/s=86,715 | tokens=5.52B
step=168490 | loss=4.1173 | lr=2.99e-04 | wd=0.0000 | mom=0.9500 | T=1.0 k=1.0 (mu_rec=1 mu_bwd=1) | grad=5.250 | tok/s=86,625 | tokens=5.52B
step=168500 | loss=4.1402 | lr=2.99e-04 | wd=0.0000 | mom=0.9500 | T=1.0 k=1.0 (mu_rec=1 mu_bwd=1) | grad=3.500 | tok/s=86,654 | tokens=5.52B
step=168510 | loss=4.4300 | lr=2.99e-04 | wd=0.0000 | mom=0.9500 | T=1.0 k=1.0 (mu_rec=1 mu_bwd=1) | grad=3.625 | tok/s=86,818 | tokens=5.52B
step=168520 | loss=4.1157 | lr=2.99e-04 | wd=0.0000 | mom=0.9500 | T=1.0 k=1.0 (mu_rec=1 mu_bwd=1) | grad=2.844 | tok/s=86,782 | tokens=5.52B
step=168530 | loss=4.5121 | lr=2.99e-04 | wd=0.0000 | mom=0.9500 | T=1.0 k=1.0 (mu_rec=1 mu_bwd=1) | grad=3.672 | tok/s=86,600 | tokens=5.52B
step=168540 | loss=4.2494 | lr=2.99e-04 | wd=0.0000 | mom=0.9500 | T=1.0 k=1.0 (mu_rec=1 mu_bwd=1) | grad=5.719 | tok/s=86,721 | tokens=5.52B
step=168550 | loss=4.2328 | lr=2.99e-04 | wd=0.0000 | mom=0.9500 | T=1.0 k=1.0 (mu_rec=1 mu_bwd=1) | grad=3.922 | tok/s=86,715 | tokens=5.52B
step=168560 | loss=4.1689 | lr=2.99e-04 | wd=0.0000 | mom=0.9500 | T=1.0 k=1.0 (mu_rec=1 mu_bwd=1) | grad=3.062 | tok/s=86,796 | tokens=5.52B
step=168570 | loss=4.3399 | lr=2.99e-04 | wd=0.0000 | mom=0.9500 | T=1.0 k=1.0 (mu_rec=1 mu_bwd=1) | grad=4.562 | tok/s=86,874 | tokens=5.52B
step=168580 | loss=4.3766 | lr=2.98e-04 | wd=0.0000 | mom=0.9500 | T=1.0 k=1.0 (mu_rec=1 mu_bwd=1) | grad=3.141 | tok/s=87,063 | tokens=5.52B
step=168590 | loss=4.1666 | lr=2.98e-04 | wd=0.0000 | mom=0.9500 | T=1.0 k=1.0 (mu_rec=1 mu_bwd=1) | grad=4.531 | tok/s=87,168 | tokens=5.52B
step=168600 | loss=4.3729 | lr=2.98e-04 | wd=0.0000 | mom=0.9500 | T=1.0 k=1.0 (mu_rec=1 mu_bwd=1) | grad=3.375 | tok/s=87,298 | tokens=5.52B
step=168610 | loss=4.4159 | lr=2.98e-04 | wd=0.0000 | mom=0.9500 | T=1.0 k=1.0 (mu_rec=1 mu_bwd=1) | grad=2.609 | tok/s=87,372 | tokens=5.53B
step=168620 | loss=4.1272 | lr=2.98e-04 | wd=0.0000 | mom=0.9500 | T=1.0 k=1.0 (mu_rec=1 mu_bwd=1) | grad=3.250 | tok/s=87,417 | tokens=5.53B
step=168630 | loss=4.3743 | lr=2.98e-04 | wd=0.0000 | mom=0.9500 | T=1.0 k=1.0 (mu_rec=1 mu_bwd=1) | grad=3.188 | tok/s=87,465 | tokens=5.53B
step=168640 | loss=4.1609 | lr=2.98e-04 | wd=0.0000 | mom=0.9500 | T=1.0 k=1.0 (mu_rec=1 mu_bwd=1) | grad=3.250 | tok/s=87,509 | tokens=5.53B
step=168650 | loss=4.2568 | lr=2.98e-04 | wd=0.0000 | mom=0.9500 | T=1.0 k=1.0 (mu_rec=1 mu_bwd=1) | grad=5.656 | tok/s=87,468 | tokens=5.53B
step=168660 | loss=4.4132 | lr=2.98e-04 | wd=0.0000 | mom=0.9500 | T=1.0 k=1.0 (mu_rec=1 mu_bwd=1) | grad=4.406 | tok/s=87,545 | tokens=5.53B
step=168670 | loss=4.3844 | lr=2.98e-04 | wd=0.0000 | mom=0.9500 | T=1.0 k=1.0 (mu_rec=1 mu_bwd=1) | grad=3.719 | tok/s=87,425 | tokens=5.53B
step=168680 | loss=4.8067 | lr=2.98e-04 | wd=0.0000 | mom=0.9500 | T=1.0 k=1.0 (mu_rec=1 mu_bwd=1) | grad=4.438 | tok/s=87,461 | tokens=5.53B
step=168690 | loss=4.4687 | lr=2.98e-04 | wd=0.0000 | mom=0.9500 | T=1.0 k=1.0 (mu_rec=1 mu_bwd=1) | grad=3.875 | tok/s=87,375 | tokens=5.53B
step=168700 | loss=4.2502 | lr=2.98e-04 | wd=0.0000 | mom=0.9500 | T=1.0 k=1.0 (mu_rec=1 mu_bwd=1) | grad=3.859 | tok/s=87,400 | tokens=5.53B
step=168710 | loss=4.4749 | lr=2.98e-04 | wd=0.0000 | mom=0.9500 | T=1.0 k=1.0 (mu_rec=1 mu_bwd=1) | grad=4.344 | tok/s=87,324 | tokens=5.53B
step=168720 | loss=4.1956 | lr=2.98e-04 | wd=0.0000 | mom=0.9500 | T=1.0 k=1.0 (mu_rec=1 mu_bwd=1) | grad=4.000 | tok/s=87,260 | tokens=5.53B
step=168730 | loss=4.1289 | lr=2.98e-04 | wd=0.0000 | mom=0.9500 | T=1.0 k=1.0 (mu_rec=1 mu_bwd=1) | grad=3.969 | tok/s=87,280 | tokens=5.53B
step=168740 | loss=4.2261 | lr=2.98e-04 | wd=0.0000 | mom=0.9500 | T=1.0 k=1.0 (mu_rec=1 mu_bwd=1) | grad=5.125 | tok/s=87,335 | tokens=5.53B
step=168750 | loss=3.9823 | lr=2.98e-04 | wd=0.0000 | mom=0.9500 | T=1.0 k=1.0 (mu_rec=1 mu_bwd=1) | grad=5.312 | tok/s=87,318 | tokens=5.53B
step=168760 | loss=3.9682 | lr=2.98e-04 | wd=0.0000 | mom=0.9500 | T=1.0 k=1.0 (mu_rec=1 mu_bwd=1) | grad=4.875 | tok/s=87,438 | tokens=5.53B
step=168770 | loss=4.0441 | lr=2.98e-04 | wd=0.0000 | mom=0.9500 | T=1.0 k=1.0 (mu_rec=1 mu_bwd=1) | grad=3.672 | tok/s=87,510 | tokens=5.53B
step=168780 | loss=4.0834 | lr=2.98e-04 | wd=0.0000 | mom=0.9500 | T=1.0 k=1.0 (mu_rec=1 mu_bwd=1) | grad=12.000 | tok/s=87,482 | tokens=5.53B
step=168790 | loss=4.1222 | lr=2.97e-04 | wd=0.0000 | mom=0.9500 | T=1.0 k=1.0 (mu_rec=1 mu_bwd=1) | grad=6.188 | tok/s=87,469 | tokens=5.53B
step=168800 | loss=4.0096 | lr=2.97e-04 | wd=0.0000 | mom=0.9500 | T=1.0 k=1.0 (mu_rec=1 mu_bwd=1) | grad=4.062 | tok/s=87,550 | tokens=5.53B
step=168810 | loss=4.3273 | lr=2.97e-04 | wd=0.0000 | mom=0.9500 | T=1.0 k=1.0 (mu_rec=1 mu_bwd=1) | grad=3.547 | tok/s=87,629 | tokens=5.53B
step=168820 | loss=4.1696 | lr=2.97e-04 | wd=0.0000 | mom=0.9500 | T=1.0 k=1.0 (mu_rec=1 mu_bwd=1) | grad=3.531 | tok/s=87,551 | tokens=5.53B
step=168830 | loss=4.2061 | lr=2.97e-04 | wd=0.0000 | mom=0.9500 | T=1.0 k=1.0 (mu_rec=1 mu_bwd=1) | grad=4.062 | tok/s=87,564 | tokens=5.53B
step=168840 | loss=4.2977 | lr=2.97e-04 | wd=0.0000 | mom=0.9500 | T=1.0 k=1.0 (mu_rec=1 mu_bwd=1) | grad=3.453 | tok/s=87,570 | tokens=5.53B
step=168850 | loss=4.1113 | lr=2.97e-04 | wd=0.0000 | mom=0.9500 | T=1.0 k=1.0 (mu_rec=1 mu_bwd=1) | grad=6.094 | tok/s=87,509 | tokens=5.53B
step=168860 | loss=4.3328 | lr=2.97e-04 | wd=0.0000 | mom=0.9500 | T=1.0 k=1.0 (mu_rec=1 mu_bwd=1) | grad=3.453 | tok/s=87,621 | tokens=5.53B
step=168870 | loss=3.9338 | lr=2.97e-04 | wd=0.0000 | mom=0.9500 | T=1.0 k=1.0 (mu_rec=1 mu_bwd=1) | grad=4.094 | tok/s=87,655 | tokens=5.53B
step=168880 | loss=4.2264 | lr=2.97e-04 | wd=0.0000 | mom=0.9500 | T=1.0 k=1.0 (mu_rec=1 mu_bwd=1) | grad=3.234 | tok/s=87,638 | tokens=5.53B
step=168890 | loss=4.4574 | lr=2.97e-04 | wd=0.0000 | mom=0.9500 | T=1.0 k=1.0 (mu_rec=1 mu_bwd=1) | grad=2.969 | tok/s=87,582 | tokens=5.53B
step=168900 | loss=4.2696 | lr=2.97e-04 | wd=0.0000 | mom=0.9500 | T=1.0 k=1.0 (mu_rec=1 mu_bwd=1) | grad=3.641 | tok/s=87,674 | tokens=5.53B
step=168910 | loss=4.6212 | lr=2.97e-04 | wd=0.0000 | mom=0.9500 | T=1.0 k=1.0 (mu_rec=1 mu_bwd=1) | grad=3.734 | tok/s=87,710 | tokens=5.53B
step=168920 | loss=4.4199 | lr=2.97e-04 | wd=0.0000 | mom=0.9500 | T=1.0 k=1.0 (mu_rec=1 mu_bwd=1) | grad=4.750 | tok/s=87,678 | tokens=5.54B
step=168930 | loss=4.3487 | lr=2.97e-04 | wd=0.0000 | mom=0.9500 | T=1.0 k=1.0 (mu_rec=1 mu_bwd=1) | grad=4.250 | tok/s=87,688 | tokens=5.54B
step=168940 | loss=4.3256 | lr=2.97e-04 | wd=0.0000 | mom=0.9500 | T=1.0 k=1.0 (mu_rec=1 mu_bwd=1) | grad=5.375 | tok/s=87,631 | tokens=5.54B
step=168950 | loss=4.4876 | lr=2.97e-04 | wd=0.0000 | mom=0.9500 | T=1.0 k=1.0 (mu_rec=1 mu_bwd=1) | grad=3.047 | tok/s=87,585 | tokens=5.54B
step=168960 | loss=4.4358 | lr=2.96e-04 | wd=0.0000 | mom=0.9500 | T=1.0 k=1.0 (mu_rec=1 mu_bwd=1) | grad=4.781 | tok/s=87,676 | tokens=5.54B
step=168970 | loss=4.7191 | lr=2.96e-04 | wd=0.0000 | mom=0.9500 | T=1.0 k=1.0 (mu_rec=1 mu_bwd=1) | grad=3.438 | tok/s=87,723 | tokens=5.54B
step=168980 | loss=4.4207 | lr=2.96e-04 | wd=0.0000 | mom=0.9500 | T=1.0 k=1.0 (mu_rec=1 mu_bwd=1) | grad=4.906 | tok/s=87,664 | tokens=5.54B
step=168990 | loss=4.1836 | lr=2.96e-04 | wd=0.0000 | mom=0.9500 | T=1.0 k=1.0 (mu_rec=1 mu_bwd=1) | grad=2.844 | tok/s=87,733 | tokens=5.54B
step=169000 | loss=4.2166 | lr=2.96e-04 | wd=0.0000 | mom=0.9500 | T=1.0 k=1.0 (mu_rec=1 mu_bwd=1) | grad=3.391 | tok/s=87,639 | tokens=5.54B
step=169010 | loss=4.2285 | lr=2.96e-04 | wd=0.0000 | mom=0.9500 | T=1.0 k=1.0 (mu_rec=1 mu_bwd=1) | grad=3.141 | tok/s=87,575 | tokens=5.54B
step=169020 | loss=4.3278 | lr=2.96e-04 | wd=0.0000 | mom=0.9500 | T=1.0 k=1.0 (mu_rec=1 mu_bwd=1) | grad=2.969 | tok/s=87,656 | tokens=5.54B
step=169030 | loss=3.9772 | lr=2.96e-04 | wd=0.0000 | mom=0.9500 | T=1.0 k=1.0 (mu_rec=1 mu_bwd=1) | grad=3.609 | tok/s=87,649 | tokens=5.54B
step=169040 | loss=4.0649 | lr=2.96e-04 | wd=0.0000 | mom=0.9500 | T=1.0 k=1.0 (mu_rec=1 mu_bwd=1) | grad=3.703 | tok/s=87,704 | tokens=5.54B
step=169050 | loss=4.2546 | lr=2.96e-04 | wd=0.0000 | mom=0.9500 | T=1.0 k=1.0 (mu_rec=1 mu_bwd=1) | grad=4.594 | tok/s=87,643 | tokens=5.54B
step=169060 | loss=4.2990 | lr=2.96e-04 | wd=0.0000 | mom=0.9500 | T=1.0 k=1.0 (mu_rec=1 mu_bwd=1) | grad=4.500 | tok/s=87,739 | tokens=5.54B
step=169070 | loss=4.3081 | lr=2.96e-04 | wd=0.0000 | mom=0.9500 | T=1.0 k=1.0 (mu_rec=1 mu_bwd=1) | grad=4.938 | tok/s=87,784 | tokens=5.54B
step=169080 | loss=4.2900 | lr=2.96e-04 | wd=0.0000 | mom=0.9500 | T=1.0 k=1.0 (mu_rec=1 mu_bwd=1) | grad=3.766 | tok/s=87,642 | tokens=5.54B
step=169090 | loss=4.2746 | lr=2.96e-04 | wd=0.0000 | mom=0.9500 | T=1.0 k=1.0 (mu_rec=1 mu_bwd=1) | grad=3.109 | tok/s=87,764 | tokens=5.54B
step=169100 | loss=4.2332 | lr=2.96e-04 | wd=0.0000 | mom=0.9500 | T=1.0 k=1.0 (mu_rec=1 mu_bwd=1) | grad=3.406 | tok/s=87,690 | tokens=5.54B
step=169110 | loss=4.3480 | lr=2.95e-04 | wd=0.0000 | mom=0.9500 | T=1.0 k=1.0 (mu_rec=1 mu_bwd=1) | grad=6.969 | tok/s=87,675 | tokens=5.54B
step=169120 | loss=4.2659 | lr=2.95e-04 | wd=0.0000 | mom=0.9500 | T=1.0 k=1.0 (mu_rec=1 mu_bwd=1) | grad=3.266 | tok/s=87,744 | tokens=5.54B
step=169130 | loss=4.2328 | lr=2.95e-04 | wd=0.0000 | mom=0.9500 | T=1.0 k=1.0 (mu_rec=1 mu_bwd=1) | grad=3.891 | tok/s=87,736 | tokens=5.54B
step=169140 | loss=4.0564 | lr=2.95e-04 | wd=0.0000 | mom=0.9500 | T=1.0 k=1.0 (mu_rec=1 mu_bwd=1) | grad=3.578 | tok/s=8,453 | tokens=5.54B
step=169150 | loss=4.2986 | lr=2.95e-04 | wd=0.0000 | mom=0.9500 | T=1.0 k=1.0 (mu_rec=1 mu_bwd=1) | grad=3.531 | tok/s=9,796 | tokens=5.54B
step=169160 | loss=4.2907 | lr=2.95e-04 | wd=0.0000 | mom=0.9500 | T=1.0 k=1.0 (mu_rec=1 mu_bwd=1) | grad=3.844 | tok/s=89,437 | tokens=5.54B
step=169170 | loss=4.3933 | lr=2.95e-04 | wd=0.0000 | mom=0.9500 | T=1.0 k=1.0 (mu_rec=1 mu_bwd=1) | grad=5.094 | tok/s=89,195 | tokens=5.54B
step=169180 | loss=4.2805 | lr=2.95e-04 | wd=0.0000 | mom=0.9500 | T=1.0 k=1.0 (mu_rec=1 mu_bwd=1) | grad=4.250 | tok/s=89,154 | tokens=5.54B
step=169190 | loss=4.5578 | lr=2.95e-04 | wd=0.0000 | mom=0.9500 | T=1.0 k=1.0 (mu_rec=1 mu_bwd=1) | grad=4.375 | tok/s=88,835 | tokens=5.54B
step=169200 | loss=4.3791 | lr=2.95e-04 | wd=0.0000 | mom=0.9500 | T=1.0 k=1.0 (mu_rec=1 mu_bwd=1) | grad=4.156 | tok/s=88,751 | tokens=5.54B
step=169210 | loss=4.0336 | lr=2.95e-04 | wd=0.0000 | mom=0.9500 | T=1.0 k=1.0 (mu_rec=1 mu_bwd=1) | grad=3.250 | tok/s=88,516 | tokens=5.54B
step=169220 | loss=4.4204 | lr=2.95e-04 | wd=0.0000 | mom=0.9500 | T=1.0 k=1.0 (mu_rec=1 mu_bwd=1) | grad=3.422 | tok/s=88,435 | tokens=5.55B
step=169230 | loss=4.3300 | lr=2.95e-04 | wd=0.0000 | mom=0.9500 | T=1.0 k=1.0 (mu_rec=1 mu_bwd=1) | grad=3.500 | tok/s=88,195 | tokens=5.55B
step=169240 | loss=4.3124 | lr=2.94e-04 | wd=0.0000 | mom=0.9500 | T=1.0 k=1.0 (mu_rec=1 mu_bwd=1) | grad=3.547 | tok/s=88,150 | tokens=5.55B
step=169250 | loss=4.4644 | lr=2.94e-04 | wd=0.0000 | mom=0.9500 | T=1.0 k=1.0 (mu_rec=1 mu_bwd=1) | grad=3.172 | tok/s=87,910 | tokens=5.55B
step=169260 | loss=4.0014 | lr=2.94e-04 | wd=0.0000 | mom=0.9500 | T=1.0 k=1.0 (mu_rec=1 mu_bwd=1) | grad=4.094 | tok/s=87,869 | tokens=5.55B
step=169270 | loss=4.3144 | lr=2.94e-04 | wd=0.0000 | mom=0.9500 | T=1.0 k=1.0 (mu_rec=1 mu_bwd=1) | grad=4.531 | tok/s=87,627 | tokens=5.55B
step=169280 | loss=4.5931 | lr=2.94e-04 | wd=0.0000 | mom=0.9500 | T=1.0 k=1.0 (mu_rec=1 mu_bwd=1) | grad=3.781 | tok/s=87,528 | tokens=5.55B
step=169290 | loss=4.6553 | lr=2.94e-04 | wd=0.0000 | mom=0.9500 | T=1.0 k=1.0 (mu_rec=1 mu_bwd=1) | grad=4.906 | tok/s=87,343 | tokens=5.55B
step=169300 | loss=4.4683 | lr=2.94e-04 | wd=0.0000 | mom=0.9500 | T=1.0 k=1.0 (mu_rec=1 mu_bwd=1) | grad=11.125 | tok/s=87,346 | tokens=5.55B
step=169310 | loss=4.0927 | lr=2.94e-04 | wd=0.0000 | mom=0.9500 | T=1.0 k=1.0 (mu_rec=1 mu_bwd=1) | grad=4.312 | tok/s=87,196 | tokens=5.55B
step=169320 | loss=4.2162 | lr=2.94e-04 | wd=0.0000 | mom=0.9500 | T=1.0 k=1.0 (mu_rec=1 mu_bwd=1) | grad=4.219 | tok/s=87,031 | tokens=5.55B
step=169330 | loss=4.3814 | lr=2.94e-04 | wd=0.0000 | mom=0.9500 | T=1.0 k=1.0 (mu_rec=1 mu_bwd=1) | grad=2.766 | tok/s=86,919 | tokens=5.55B
step=169340 | loss=4.1511 | lr=2.94e-04 | wd=0.0000 | mom=0.9500 | T=1.0 k=1.0 (mu_rec=1 mu_bwd=1) | grad=3.438 | tok/s=86,772 | tokens=5.55B
step=169350 | loss=4.3015 | lr=2.94e-04 | wd=0.0000 | mom=0.9500 | T=1.0 k=1.0 (mu_rec=1 mu_bwd=1) | grad=4.312 | tok/s=87,080 | tokens=5.55B
step=169360 | loss=4.4299 | lr=2.93e-04 | wd=0.0000 | mom=0.9500 | T=1.0 k=1.0 (mu_rec=1 mu_bwd=1) | grad=5.469 | tok/s=86,787 | tokens=5.55B
step=169370 | loss=4.1708 | lr=2.93e-04 | wd=0.0000 | mom=0.9500 | T=1.0 k=1.0 (mu_rec=1 mu_bwd=1) | grad=3.156 | tok/s=86,664 | tokens=5.55B
step=169380 | loss=4.4477 | lr=2.93e-04 | wd=0.0000 | mom=0.9500 | T=1.0 k=1.0 (mu_rec=1 mu_bwd=1) | grad=3.672 | tok/s=86,747 | tokens=5.55B
step=169390 | loss=4.2608 | lr=2.93e-04 | wd=0.0000 | mom=0.9500 | T=1.0 k=1.0 (mu_rec=1 mu_bwd=1) | grad=4.312 | tok/s=86,638 | tokens=5.55B
step=169400 | loss=4.3183 | lr=2.93e-04 | wd=0.0000 | mom=0.9500 | T=1.0 k=1.0 (mu_rec=1 mu_bwd=1) | grad=4.625 | tok/s=86,781 | tokens=5.55B
step=169410 | loss=4.3554 | lr=2.93e-04 | wd=0.0000 | mom=0.9500 | T=1.0 k=1.0 (mu_rec=1 mu_bwd=1) | grad=3.688 | tok/s=86,655 | tokens=5.55B
step=169420 | loss=4.1496 | lr=2.93e-04 | wd=0.0000 | mom=0.9500 | T=1.0 k=1.0 (mu_rec=1 mu_bwd=1) | grad=4.125 | tok/s=86,708 | tokens=5.55B
step=169430 | loss=4.2314 | lr=2.93e-04 | wd=0.0000 | mom=0.9500 | T=1.0 k=1.0 (mu_rec=1 mu_bwd=1) | grad=3.906 | tok/s=86,815 | tokens=5.55B
step=169440 | loss=4.4955 | lr=2.93e-04 | wd=0.0000 | mom=0.9500 | T=1.0 k=1.0 (mu_rec=1 mu_bwd=1) | grad=3.719 | tok/s=86,873 | tokens=5.55B
step=169450 | loss=4.1022 | lr=2.93e-04 | wd=0.0000 | mom=0.9500 | T=1.0 k=1.0 (mu_rec=1 mu_bwd=1) | grad=4.156 | tok/s=87,093 | tokens=5.55B
step=169460 | loss=3.9850 | lr=2.93e-04 | wd=0.0000 | mom=0.9500 | T=1.0 k=1.0 (mu_rec=1 mu_bwd=1) | grad=4.031 | tok/s=87,149 | tokens=5.55B
step=169470 | loss=4.1265 | lr=2.93e-04 | wd=0.0000 | mom=0.9500 | T=1.0 k=1.0 (mu_rec=1 mu_bwd=1) | grad=2.906 | tok/s=87,186 | tokens=5.55B
step=169480 | loss=4.1938 | lr=2.92e-04 | wd=0.0000 | mom=0.9500 | T=1.0 k=1.0 (mu_rec=1 mu_bwd=1) | grad=2.734 | tok/s=87,277 | tokens=5.55B
step=169490 | loss=4.5412 | lr=2.92e-04 | wd=0.0000 | mom=0.9500 | T=1.0 k=1.0 (mu_rec=1 mu_bwd=1) | grad=4.844 | tok/s=87,342 | tokens=5.55B
step=169500 | loss=4.2155 | lr=2.92e-04 | wd=0.0000 | mom=0.9500 | T=1.0 k=1.0 (mu_rec=1 mu_bwd=1) | grad=3.609 | tok/s=87,472 | tokens=5.55B
step=169510 | loss=4.0905 | lr=2.92e-04 | wd=0.0000 | mom=0.9500 | T=1.0 k=1.0 (mu_rec=1 mu_bwd=1) | grad=4.312 | tok/s=87,474 | tokens=5.55B
step=169520 | loss=4.3737 | lr=2.92e-04 | wd=0.0000 | mom=0.9500 | T=1.0 k=1.0 (mu_rec=1 mu_bwd=1) | grad=4.656 | tok/s=87,674 | tokens=5.55B
step=169530 | loss=4.1527 | lr=2.92e-04 | wd=0.0000 | mom=0.9500 | T=1.0 k=1.0 (mu_rec=1 mu_bwd=1) | grad=3.578 | tok/s=87,606 | tokens=5.56B
step=169540 | loss=4.2235 | lr=2.92e-04 | wd=0.0000 | mom=0.9500 | T=1.0 k=1.0 (mu_rec=1 mu_bwd=1) | grad=3.828 | tok/s=87,530 | tokens=5.56B
step=169550 | loss=4.3390 | lr=2.92e-04 | wd=0.0000 | mom=0.9500 | T=1.0 k=1.0 (mu_rec=1 mu_bwd=1) | grad=3.359 | tok/s=87,701 | tokens=5.56B
step=169560 | loss=4.3711 | lr=2.92e-04 | wd=0.0000 | mom=0.9500 | T=1.0 k=1.0 (mu_rec=1 mu_bwd=1) | grad=2.953 | tok/s=87,790 | tokens=5.56B
step=169570 | loss=4.2395 | lr=2.92e-04 | wd=0.0000 | mom=0.9500 | T=1.0 k=1.0 (mu_rec=1 mu_bwd=1) | grad=3.859 | tok/s=87,575 | tokens=5.56B
step=169580 | loss=4.3589 | lr=2.91e-04 | wd=0.0000 | mom=0.9500 | T=1.0 k=1.0 (mu_rec=1 mu_bwd=1) | grad=2.625 | tok/s=87,498 | tokens=5.56B
step=169590 | loss=4.2739 | lr=2.91e-04 | wd=0.0000 | mom=0.9500 | T=1.0 k=1.0 (mu_rec=1 mu_bwd=1) | grad=6.312 | tok/s=87,628 | tokens=5.56B
step=169600 | loss=4.2788 | lr=2.91e-04 | wd=0.0000 | mom=0.9500 | T=1.0 k=1.0 (mu_rec=1 mu_bwd=1) | grad=3.797 | tok/s=87,527 | tokens=5.56B
step=169610 | loss=4.4424 | lr=2.91e-04 | wd=0.0000 | mom=0.9500 | T=1.0 k=1.0 (mu_rec=1 mu_bwd=1) | grad=4.375 | tok/s=87,555 | tokens=5.56B
step=169620 | loss=4.4756 | lr=2.91e-04 | wd=0.0000 | mom=0.9500 | T=1.0 k=1.0 (mu_rec=1 mu_bwd=1) | grad=4.156 | tok/s=87,571 | tokens=5.56B
step=169630 | loss=4.2153 | lr=2.91e-04 | wd=0.0000 | mom=0.9500 | T=1.0 k=1.0 (mu_rec=1 mu_bwd=1) | grad=4.219 | tok/s=87,601 | tokens=5.56B
step=169640 | loss=4.2782 | lr=2.91e-04 | wd=0.0000 | mom=0.9500 | T=1.0 k=1.0 (mu_rec=1 mu_bwd=1) | grad=3.609 | tok/s=87,708 | tokens=5.56B
step=169650 | loss=3.9432 | lr=2.91e-04 | wd=0.0000 | mom=0.9500 | T=1.0 k=1.0 (mu_rec=1 mu_bwd=1) | grad=3.328 | tok/s=87,640 | tokens=5.56B
step=169660 | loss=4.3140 | lr=2.91e-04 | wd=0.0000 | mom=0.9500 | T=1.0 k=1.0 (mu_rec=1 mu_bwd=1) | grad=3.719 | tok/s=87,562 | tokens=5.56B
step=169670 | loss=4.3215 | lr=2.91e-04 | wd=0.0000 | mom=0.9500 | T=1.0 k=1.0 (mu_rec=1 mu_bwd=1) | grad=10.062 | tok/s=87,683 | tokens=5.56B
step=169680 | loss=4.5192 | lr=2.90e-04 | wd=0.0000 | mom=0.9500 | T=1.0 k=1.0 (mu_rec=1 mu_bwd=1) | grad=3.156 | tok/s=87,660 | tokens=5.56B
step=169690 | loss=4.2574 | lr=2.90e-04 | wd=0.0000 | mom=0.9500 | T=1.0 k=1.0 (mu_rec=1 mu_bwd=1) | grad=2.984 | tok/s=87,583 | tokens=5.56B
step=169700 | loss=4.2168 | lr=2.90e-04 | wd=0.0000 | mom=0.9500 | T=1.0 k=1.0 (mu_rec=1 mu_bwd=1) | grad=3.312 | tok/s=87,637 | tokens=5.56B
step=169710 | loss=4.1311 | lr=2.90e-04 | wd=0.0000 | mom=0.9500 | T=1.0 k=1.0 (mu_rec=1 mu_bwd=1) | grad=3.688 | tok/s=87,659 | tokens=5.56B
step=169720 | loss=4.3357 | lr=2.90e-04 | wd=0.0000 | mom=0.9500 | T=1.0 k=1.0 (mu_rec=1 mu_bwd=1) | grad=3.797 | tok/s=87,624 | tokens=5.56B
step=169730 | loss=4.2675 | lr=2.90e-04 | wd=0.0000 | mom=0.9500 | T=1.0 k=1.0 (mu_rec=1 mu_bwd=1) | grad=6.125 | tok/s=87,679 | tokens=5.56B
step=169740 | loss=4.2313 | lr=2.90e-04 | wd=0.0000 | mom=0.9500 | T=1.0 k=1.0 (mu_rec=1 mu_bwd=1) | grad=3.562 | tok/s=87,738 | tokens=5.56B
step=169750 | loss=4.3372 | lr=2.90e-04 | wd=0.0000 | mom=0.9500 | T=1.0 k=1.0 (mu_rec=1 mu_bwd=1) | grad=6.281 | tok/s=87,711 | tokens=5.56B
step=169760 | loss=4.2360 | lr=2.90e-04 | wd=0.0000 | mom=0.9500 | T=1.0 k=1.0 (mu_rec=1 mu_bwd=1) | grad=3.016 | tok/s=87,737 | tokens=5.56B
step=169770 | loss=4.3415 | lr=2.90e-04 | wd=0.0000 | mom=0.9500 | T=1.0 k=1.0 (mu_rec=1 mu_bwd=1) | grad=2.828 | tok/s=87,785 | tokens=5.56B
step=169780 | loss=4.0822 | lr=2.89e-04 | wd=0.0000 | mom=0.9500 | T=1.0 k=1.0 (mu_rec=1 mu_bwd=1) | grad=3.344 | tok/s=87,614 | tokens=5.56B
step=169790 | loss=3.9827 | lr=2.89e-04 | wd=0.0000 | mom=0.9500 | T=1.0 k=1.0 (mu_rec=1 mu_bwd=1) | grad=3.344 | tok/s=87,745 | tokens=5.56B
step=169800 | loss=4.3243 | lr=2.89e-04 | wd=0.0000 | mom=0.9500 | T=1.0 k=1.0 (mu_rec=1 mu_bwd=1) | grad=4.312 | tok/s=87,775 | tokens=5.56B
step=169810 | loss=4.4340 | lr=2.89e-04 | wd=0.0000 | mom=0.9500 | T=1.0 k=1.0 (mu_rec=1 mu_bwd=1) | grad=10.250 | tok/s=87,791 | tokens=5.56B
step=169820 | loss=4.2177 | lr=2.89e-04 | wd=0.0000 | mom=0.9500 | T=1.0 k=1.0 (mu_rec=1 mu_bwd=1) | grad=3.844 | tok/s=87,760 | tokens=5.56B
step=169830 | loss=4.2238 | lr=2.89e-04 | wd=0.0000 | mom=0.9500 | T=1.0 k=1.0 (mu_rec=1 mu_bwd=1) | grad=2.953 | tok/s=87,763 | tokens=5.56B
step=169840 | loss=4.3248 | lr=2.89e-04 | wd=0.0000 | mom=0.9500 | T=1.0 k=1.0 (mu_rec=1 mu_bwd=1) | grad=2.766 | tok/s=87,714 | tokens=5.57B
step=169850 | loss=4.0911 | lr=2.89e-04 | wd=0.0000 | mom=0.9500 | T=1.0 k=1.0 (mu_rec=1 mu_bwd=1) | grad=3.031 | tok/s=87,707 | tokens=5.57B
step=169860 | loss=4.3202 | lr=2.89e-04 | wd=0.0000 | mom=0.9500 | T=1.0 k=1.0 (mu_rec=1 mu_bwd=1) | grad=5.469 | tok/s=87,666 | tokens=5.57B
step=169870 | loss=4.1900 | lr=2.88e-04 | wd=0.0000 | mom=0.9500 | T=1.0 k=1.0 (mu_rec=1 mu_bwd=1) | grad=5.125 | tok/s=87,724 | tokens=5.57B
step=169880 | loss=4.0491 | lr=2.88e-04 | wd=0.0000 | mom=0.9500 | T=1.0 k=1.0 (mu_rec=1 mu_bwd=1) | grad=3.719 | tok/s=87,793 | tokens=5.57B
step=169890 | loss=4.0754 | lr=2.88e-04 | wd=0.0000 | mom=0.9500 | T=1.0 k=1.0 (mu_rec=1 mu_bwd=1) | grad=3.719 | tok/s=87,767 | tokens=5.57B
step=169900 | loss=4.1187 | lr=2.88e-04 | wd=0.0000 | mom=0.9500 | T=1.0 k=1.0 (mu_rec=1 mu_bwd=1) | grad=5.062 | tok/s=87,784 | tokens=5.57B
step=169910 | loss=4.3372 | lr=2.88e-04 | wd=0.0000 | mom=0.9500 | T=1.0 k=1.0 (mu_rec=1 mu_bwd=1) | grad=3.109 | tok/s=87,822 | tokens=5.57B
step=169920 | loss=4.3441 | lr=2.88e-04 | wd=0.0000 | mom=0.9500 | T=1.0 k=1.0 (mu_rec=1 mu_bwd=1) | grad=3.094 | tok/s=87,822 | tokens=5.57B
step=169930 | loss=4.1039 | lr=2.88e-04 | wd=0.0000 | mom=0.9500 | T=1.0 k=1.0 (mu_rec=1 mu_bwd=1) | grad=3.125 | tok/s=87,730 | tokens=5.57B
step=169940 | loss=3.9109 | lr=2.88e-04 | wd=0.0000 | mom=0.9500 | T=1.0 k=1.0 (mu_rec=1 mu_bwd=1) | grad=3.156 | tok/s=87,758 | tokens=5.57B
step=169950 | loss=4.0050 | lr=2.88e-04 | wd=0.0000 | mom=0.9500 | T=1.0 k=1.0 (mu_rec=1 mu_bwd=1) | grad=2.859 | tok/s=87,782 | tokens=5.57B
step=169960 | loss=4.3494 | lr=2.87e-04 | wd=0.0000 | mom=0.9500 | T=1.0 k=1.0 (mu_rec=1 mu_bwd=1) | grad=3.922 | tok/s=8,637 | tokens=5.57B
step=169970 | loss=4.2951 | lr=2.87e-04 | wd=0.0000 | mom=0.9500 | T=1.0 k=1.0 (mu_rec=1 mu_bwd=1) | grad=3.438 | tok/s=89,269 | tokens=5.57B
step=169980 | loss=4.1686 | lr=2.87e-04 | wd=0.0000 | mom=0.9500 | T=1.0 k=1.0 (mu_rec=1 mu_bwd=1) | grad=4.531 | tok/s=89,084 | tokens=5.57B
step=169990 | loss=4.3658 | lr=2.87e-04 | wd=0.0000 | mom=0.9500 | T=1.0 k=1.0 (mu_rec=1 mu_bwd=1) | grad=4.500 | tok/s=88,921 | tokens=5.57B
step=170000 | loss=4.7662 | lr=2.87e-04 | wd=0.0000 | mom=0.9500 | T=1.0 k=1.0 (mu_rec=1 mu_bwd=1) | grad=3.719 | tok/s=88,818 | tokens=5.57B
[step 170000] Saved -> runs/pythia-5b/checkpoint_0170000
[step 170000] Pruned -> runs/pythia-5b/checkpoint_0164000
step=170010 | loss=4.4340 | lr=2.87e-04 | wd=0.0000 | mom=0.9500 | T=1.0 k=1.0 (mu_rec=1 mu_bwd=1) | grad=3.469 | tok/s=72,607 | tokens=5.57B
step=170020 | loss=4.2183 | lr=2.87e-04 | wd=0.0000 | mom=0.9500 | T=1.0 k=1.0 (mu_rec=1 mu_bwd=1) | grad=3.969 | tok/s=88,667 | tokens=5.57B
step=170030 | loss=4.4326 | lr=2.87e-04 | wd=0.0000 | mom=0.9500 | T=1.0 k=1.0 (mu_rec=1 mu_bwd=1) | grad=3.625 | tok/s=88,439 | tokens=5.57B
step=170040 | loss=4.4385 | lr=2.86e-04 | wd=0.0000 | mom=0.9500 | T=1.0 k=1.0 (mu_rec=1 mu_bwd=1) | grad=4.094 | tok/s=88,387 | tokens=5.57B
step=170050 | loss=4.3569 | lr=2.86e-04 | wd=0.0000 | mom=0.9500 | T=1.0 k=1.0 (mu_rec=1 mu_bwd=1) | grad=3.906 | tok/s=8,296 | tokens=5.57B
step=170060 | loss=4.6128 | lr=2.86e-04 | wd=0.0000 | mom=0.9500 | T=1.0 k=1.0 (mu_rec=1 mu_bwd=1) | grad=3.359 | tok/s=89,060 | tokens=5.57B
step=170070 | loss=4.7468 | lr=2.86e-04 | wd=0.0000 | mom=0.9500 | T=1.0 k=1.0 (mu_rec=1 mu_bwd=1) | grad=4.875 | tok/s=88,934 | tokens=5.57B
step=170080 | loss=4.3202 | lr=2.86e-04 | wd=0.0000 | mom=0.9500 | T=1.0 k=1.0 (mu_rec=1 mu_bwd=1) | grad=4.469 | tok/s=88,750 | tokens=5.57B
step=170090 | loss=4.3130 | lr=2.86e-04 | wd=0.0000 | mom=0.9500 | T=1.0 k=1.0 (mu_rec=1 mu_bwd=1) | grad=3.625 | tok/s=88,696 | tokens=5.57B
step=170100 | loss=4.2177 | lr=2.86e-04 | wd=0.0000 | mom=0.9500 | T=1.0 k=1.0 (mu_rec=1 mu_bwd=1) | grad=3.438 | tok/s=88,258 | tokens=5.57B
step=170110 | loss=4.3703 | lr=2.86e-04 | wd=0.0000 | mom=0.9500 | T=1.0 k=1.0 (mu_rec=1 mu_bwd=1) | grad=3.531 | tok/s=88,258 | tokens=5.57B
step=170120 | loss=4.3576 | lr=2.85e-04 | wd=0.0000 | mom=0.9500 | T=1.0 k=1.0 (mu_rec=1 mu_bwd=1) | grad=3.859 | tok/s=88,101 | tokens=5.57B
step=170130 | loss=4.2544 | lr=2.85e-04 | wd=0.0000 | mom=0.9500 | T=1.0 k=1.0 (mu_rec=1 mu_bwd=1) | grad=4.594 | tok/s=87,978 | tokens=5.57B
step=170140 | loss=4.4110 | lr=2.85e-04 | wd=0.0000 | mom=0.9500 | T=1.0 k=1.0 (mu_rec=1 mu_bwd=1) | grad=6.406 | tok/s=87,846 | tokens=5.58B
step=170150 | loss=4.2000 | lr=2.85e-04 | wd=0.0000 | mom=0.9500 | T=1.0 k=1.0 (mu_rec=1 mu_bwd=1) | grad=3.266 | tok/s=87,639 | tokens=5.58B
step=170160 | loss=4.3064 | lr=2.85e-04 | wd=0.0000 | mom=0.9500 | T=1.0 k=1.0 (mu_rec=1 mu_bwd=1) | grad=4.000 | tok/s=87,623 | tokens=5.58B
step=170170 | loss=3.9966 | lr=2.85e-04 | wd=0.0000 | mom=0.9500 | T=1.0 k=1.0 (mu_rec=1 mu_bwd=1) | grad=3.734 | tok/s=87,309 | tokens=5.58B
step=170180 | loss=4.3706 | lr=2.85e-04 | wd=0.0000 | mom=0.9500 | T=1.0 k=1.0 (mu_rec=1 mu_bwd=1) | grad=3.609 | tok/s=87,272 | tokens=5.58B
step=170190 | loss=4.3327 | lr=2.85e-04 | wd=0.0000 | mom=0.9500 | T=1.0 k=1.0 (mu_rec=1 mu_bwd=1) | grad=2.906 | tok/s=87,093 | tokens=5.58B
step=170200 | loss=4.3295 | lr=2.84e-04 | wd=0.0000 | mom=0.9500 | T=1.0 k=1.0 (mu_rec=1 mu_bwd=1) | grad=3.266 | tok/s=86,948 | tokens=5.58B
step=170210 | loss=4.4351 | lr=2.84e-04 | wd=0.0000 | mom=0.9500 | T=1.0 k=1.0 (mu_rec=1 mu_bwd=1) | grad=3.469 | tok/s=86,892 | tokens=5.58B
step=170220 | loss=4.5088 | lr=2.84e-04 | wd=0.0000 | mom=0.9500 | T=1.0 k=1.0 (mu_rec=1 mu_bwd=1) | grad=4.344 | tok/s=86,634 | tokens=5.58B
step=170230 | loss=4.2813 | lr=2.84e-04 | wd=0.0000 | mom=0.9500 | T=1.0 k=1.0 (mu_rec=1 mu_bwd=1) | grad=3.703 | tok/s=86,748 | tokens=5.58B
step=170240 | loss=4.3023 | lr=2.84e-04 | wd=0.0000 | mom=0.9500 | T=1.0 k=1.0 (mu_rec=1 mu_bwd=1) | grad=4.094 | tok/s=86,879 | tokens=5.58B
step=170250 | loss=4.2155 | lr=2.84e-04 | wd=0.0000 | mom=0.9500 | T=1.0 k=1.0 (mu_rec=1 mu_bwd=1) | grad=3.281 | tok/s=86,789 | tokens=5.58B
step=170260 | loss=4.5047 | lr=2.84e-04 | wd=0.0000 | mom=0.9500 | T=1.0 k=1.0 (mu_rec=1 mu_bwd=1) | grad=4.781 | tok/s=86,676 | tokens=5.58B
step=170270 | loss=4.5789 | lr=2.84e-04 | wd=0.0000 | mom=0.9500 | T=1.0 k=1.0 (mu_rec=1 mu_bwd=1) | grad=3.406 | tok/s=86,664 | tokens=5.58B
step=170280 | loss=4.2589 | lr=2.83e-04 | wd=0.0000 | mom=0.9500 | T=1.0 k=1.0 (mu_rec=1 mu_bwd=1) | grad=3.172 | tok/s=86,686 | tokens=5.58B
step=170290 | loss=4.2500 | lr=2.83e-04 | wd=0.0000 | mom=0.9500 | T=1.0 k=1.0 (mu_rec=1 mu_bwd=1) | grad=6.156 | tok/s=86,791 | tokens=5.58B
step=170300 | loss=4.4771 | lr=2.83e-04 | wd=0.0000 | mom=0.9500 | T=1.0 k=1.0 (mu_rec=1 mu_bwd=1) | grad=3.234 | tok/s=86,799 | tokens=5.58B
step=170310 | loss=4.2218 | lr=2.83e-04 | wd=0.0000 | mom=0.9500 | T=1.0 k=1.0 (mu_rec=1 mu_bwd=1) | grad=3.562 | tok/s=86,923 | tokens=5.58B
step=170320 | loss=4.3951 | lr=2.83e-04 | wd=0.0000 | mom=0.9500 | T=1.0 k=1.0 (mu_rec=1 mu_bwd=1) | grad=3.609 | tok/s=86,848 | tokens=5.58B
step=170330 | loss=4.2809 | lr=2.83e-04 | wd=0.0000 | mom=0.9500 | T=1.0 k=1.0 (mu_rec=1 mu_bwd=1) | grad=3.438 | tok/s=87,024 | tokens=5.58B
step=170340 | loss=3.6852 | lr=2.83e-04 | wd=0.0000 | mom=0.9500 | T=1.0 k=1.0 (mu_rec=1 mu_bwd=1) | grad=4.469 | tok/s=87,247 | tokens=5.58B
step=170350 | loss=4.0617 | lr=2.82e-04 | wd=0.0000 | mom=0.9500 | T=1.0 k=1.0 (mu_rec=1 mu_bwd=1) | grad=3.172 | tok/s=87,311 | tokens=5.58B
step=170360 | loss=4.2725 | lr=2.82e-04 | wd=0.0000 | mom=0.9500 | T=1.0 k=1.0 (mu_rec=1 mu_bwd=1) | grad=5.375 | tok/s=87,448 | tokens=5.58B
step=170370 | loss=4.1123 | lr=2.82e-04 | wd=0.0000 | mom=0.9500 | T=1.0 k=1.0 (mu_rec=1 mu_bwd=1) | grad=4.906 | tok/s=87,463 | tokens=5.58B
step=170380 | loss=4.1615 | lr=2.82e-04 | wd=0.0000 | mom=0.9500 | T=1.0 k=1.0 (mu_rec=1 mu_bwd=1) | grad=3.422 | tok/s=87,610 | tokens=5.58B
step=170390 | loss=4.2699 | lr=2.82e-04 | wd=0.0000 | mom=0.9500 | T=1.0 k=1.0 (mu_rec=1 mu_bwd=1) | grad=3.641 | tok/s=87,558 | tokens=5.58B
step=170400 | loss=4.3312 | lr=2.82e-04 | wd=0.0000 | mom=0.9500 | T=1.0 k=1.0 (mu_rec=1 mu_bwd=1) | grad=2.781 | tok/s=87,421 | tokens=5.58B
step=170410 | loss=4.0324 | lr=2.82e-04 | wd=0.0000 | mom=0.9500 | T=1.0 k=1.0 (mu_rec=1 mu_bwd=1) | grad=3.188 | tok/s=87,357 | tokens=5.58B
step=170420 | loss=4.3230 | lr=2.81e-04 | wd=0.0000 | mom=0.9500 | T=1.0 k=1.0 (mu_rec=1 mu_bwd=1) | grad=3.312 | tok/s=87,303 | tokens=5.58B
step=170430 | loss=4.3859 | lr=2.81e-04 | wd=0.0000 | mom=0.9500 | T=1.0 k=1.0 (mu_rec=1 mu_bwd=1) | grad=2.984 | tok/s=87,491 | tokens=5.58B
step=170440 | loss=4.2168 | lr=2.81e-04 | wd=0.0000 | mom=0.9500 | T=1.0 k=1.0 (mu_rec=1 mu_bwd=1) | grad=3.625 | tok/s=87,329 | tokens=5.58B
step=170450 | loss=4.4950 | lr=2.81e-04 | wd=0.0000 | mom=0.9500 | T=1.0 k=1.0 (mu_rec=1 mu_bwd=1) | grad=3.984 | tok/s=87,521 | tokens=5.59B
step=170460 | loss=4.5280 | lr=2.81e-04 | wd=0.0000 | mom=0.9500 | T=1.0 k=1.0 (mu_rec=1 mu_bwd=1) | grad=4.750 | tok/s=87,507 | tokens=5.59B
step=170470 | loss=4.0772 | lr=2.81e-04 | wd=0.0000 | mom=0.9500 | T=1.0 k=1.0 (mu_rec=1 mu_bwd=1) | grad=4.031 | tok/s=87,500 | tokens=5.59B
step=170480 | loss=4.1790 | lr=2.81e-04 | wd=0.0000 | mom=0.9500 | T=1.0 k=1.0 (mu_rec=1 mu_bwd=1) | grad=2.844 | tok/s=87,486 | tokens=5.59B
step=170490 | loss=4.3640 | lr=2.80e-04 | wd=0.0000 | mom=0.9500 | T=1.0 k=1.0 (mu_rec=1 mu_bwd=1) | grad=2.859 | tok/s=87,546 | tokens=5.59B
step=170500 | loss=4.3705 | lr=2.80e-04 | wd=0.0000 | mom=0.9500 | T=1.0 k=1.0 (mu_rec=1 mu_bwd=1) | grad=7.094 | tok/s=87,550 | tokens=5.59B
step=170510 | loss=4.4143 | lr=2.80e-04 | wd=0.0000 | mom=0.9500 | T=1.0 k=1.0 (mu_rec=1 mu_bwd=1) | grad=3.000 | tok/s=87,661 | tokens=5.59B
step=170520 | loss=4.1203 | lr=2.80e-04 | wd=0.0000 | mom=0.9500 | T=1.0 k=1.0 (mu_rec=1 mu_bwd=1) | grad=4.531 | tok/s=87,663 | tokens=5.59B
step=170530 | loss=4.3173 | lr=2.80e-04 | wd=0.0000 | mom=0.9500 | T=1.0 k=1.0 (mu_rec=1 mu_bwd=1) | grad=4.375 | tok/s=87,632 | tokens=5.59B
step=170540 | loss=4.0392 | lr=2.80e-04 | wd=0.0000 | mom=0.9500 | T=1.0 k=1.0 (mu_rec=1 mu_bwd=1) | grad=5.344 | tok/s=87,690 | tokens=5.59B
step=170550 | loss=4.1450 | lr=2.80e-04 | wd=0.0000 | mom=0.9500 | T=1.0 k=1.0 (mu_rec=1 mu_bwd=1) | grad=2.672 | tok/s=87,670 | tokens=5.59B
step=170560 | loss=4.2509 | lr=2.79e-04 | wd=0.0000 | mom=0.9500 | T=1.0 k=1.0 (mu_rec=1 mu_bwd=1) | grad=2.734 | tok/s=87,665 | tokens=5.59B
step=170570 | loss=4.3410 | lr=2.79e-04 | wd=0.0000 | mom=0.9500 | T=1.0 k=1.0 (mu_rec=1 mu_bwd=1) | grad=3.438 | tok/s=87,615 | tokens=5.59B
step=170580 | loss=4.2566 | lr=2.79e-04 | wd=0.0000 | mom=0.9500 | T=1.0 k=1.0 (mu_rec=1 mu_bwd=1) | grad=7.875 | tok/s=87,733 | tokens=5.59B
step=170590 | loss=4.3511 | lr=2.79e-04 | wd=0.0000 | mom=0.9500 | T=1.0 k=1.0 (mu_rec=1 mu_bwd=1) | grad=3.219 | tok/s=87,672 | tokens=5.59B
step=170600 | loss=4.2875 | lr=2.79e-04 | wd=0.0000 | mom=0.9500 | T=1.0 k=1.0 (mu_rec=1 mu_bwd=1) | grad=2.953 | tok/s=87,704 | tokens=5.59B
step=170610 | loss=4.2891 | lr=2.79e-04 | wd=0.0000 | mom=0.9500 | T=1.0 k=1.0 (mu_rec=1 mu_bwd=1) | grad=3.422 | tok/s=87,752 | tokens=5.59B
step=170620 | loss=4.2326 | lr=2.79e-04 | wd=0.0000 | mom=0.9500 | T=1.0 k=1.0 (mu_rec=1 mu_bwd=1) | grad=3.984 | tok/s=87,739 | tokens=5.59B
step=170630 | loss=4.1454 | lr=2.78e-04 | wd=0.0000 | mom=0.9500 | T=1.0 k=1.0 (mu_rec=1 mu_bwd=1) | grad=2.844 | tok/s=87,705 | tokens=5.59B
step=170640 | loss=4.2922 | lr=2.78e-04 | wd=0.0000 | mom=0.9500 | T=1.0 k=1.0 (mu_rec=1 mu_bwd=1) | grad=3.672 | tok/s=87,648 | tokens=5.59B
step=170650 | loss=4.0065 | lr=2.78e-04 | wd=0.0000 | mom=0.9500 | T=1.0 k=1.0 (mu_rec=1 mu_bwd=1) | grad=5.188 | tok/s=87,769 | tokens=5.59B
step=170660 | loss=4.4743 | lr=2.78e-04 | wd=0.0000 | mom=0.9500 | T=1.0 k=1.0 (mu_rec=1 mu_bwd=1) | grad=3.172 | tok/s=87,810 | tokens=5.59B
step=170670 | loss=3.9902 | lr=2.78e-04 | wd=0.0000 | mom=0.9500 | T=1.0 k=1.0 (mu_rec=1 mu_bwd=1) | grad=4.031 | tok/s=87,752 | tokens=5.59B
step=170680 | loss=4.4843 | lr=2.78e-04 | wd=0.0000 | mom=0.9500 | T=1.0 k=1.0 (mu_rec=1 mu_bwd=1) | grad=3.219 | tok/s=87,791 | tokens=5.59B
step=170690 | loss=4.1583 | lr=2.78e-04 | wd=0.0000 | mom=0.9500 | T=1.0 k=1.0 (mu_rec=1 mu_bwd=1) | grad=3.312 | tok/s=87,749 | tokens=5.59B
step=170700 | loss=4.5917 | lr=2.77e-04 | wd=0.0000 | mom=0.9500 | T=1.0 k=1.0 (mu_rec=1 mu_bwd=1) | grad=3.062 | tok/s=87,887 | tokens=5.59B
step=170710 | loss=4.4177 | lr=2.77e-04 | wd=0.0000 | mom=0.9500 | T=1.0 k=1.0 (mu_rec=1 mu_bwd=1) | grad=4.031 | tok/s=87,738 | tokens=5.59B
step=170720 | loss=4.3171 | lr=2.77e-04 | wd=0.0000 | mom=0.9500 | T=1.0 k=1.0 (mu_rec=1 mu_bwd=1) | grad=5.156 | tok/s=87,757 | tokens=5.59B
step=170730 | loss=4.1825 | lr=2.77e-04 | wd=0.0000 | mom=0.9500 | T=1.0 k=1.0 (mu_rec=1 mu_bwd=1) | grad=4.656 | tok/s=87,758 | tokens=5.59B
step=170740 | loss=4.5096 | lr=2.77e-04 | wd=0.0000 | mom=0.9500 | T=1.0 k=1.0 (mu_rec=1 mu_bwd=1) | grad=5.250 | tok/s=87,818 | tokens=5.59B
step=170750 | loss=4.3450 | lr=2.77e-04 | wd=0.0000 | mom=0.9500 | T=1.0 k=1.0 (mu_rec=1 mu_bwd=1) | grad=4.438 | tok/s=87,758 | tokens=5.60B
step=170760 | loss=4.6242 | lr=2.76e-04 | wd=0.0000 | mom=0.9500 | T=1.0 k=1.0 (mu_rec=1 mu_bwd=1) | grad=4.375 | tok/s=87,748 | tokens=5.60B
step=170770 | loss=4.4494 | lr=2.76e-04 | wd=0.0000 | mom=0.9500 | T=1.0 k=1.0 (mu_rec=1 mu_bwd=1) | grad=7.656 | tok/s=87,866 | tokens=5.60B
step=170780 | loss=4.6866 | lr=2.76e-04 | wd=0.0000 | mom=0.9500 | T=1.0 k=1.0 (mu_rec=1 mu_bwd=1) | grad=4.594 | tok/s=87,806 | tokens=5.60B
step=170790 | loss=4.2089 | lr=2.76e-04 | wd=0.0000 | mom=0.9500 | T=1.0 k=1.0 (mu_rec=1 mu_bwd=1) | grad=3.766 | tok/s=87,936 | tokens=5.60B
step=170800 | loss=4.2481 | lr=2.76e-04 | wd=0.0000 | mom=0.9500 | T=1.0 k=1.0 (mu_rec=1 mu_bwd=1) | grad=3.734 | tok/s=87,817 | tokens=5.60B
step=170810 | loss=4.2859 | lr=2.76e-04 | wd=0.0000 | mom=0.9500 | T=1.0 k=1.0 (mu_rec=1 mu_bwd=1) | grad=4.469 | tok/s=9,263 | tokens=5.60B
step=170820 | loss=4.0697 | lr=2.75e-04 | wd=0.0000 | mom=0.9500 | T=1.0 k=1.0 (mu_rec=1 mu_bwd=1) | grad=3.156 | tok/s=89,142 | tokens=5.60B
step=170830 | loss=4.2785 | lr=2.75e-04 | wd=0.0000 | mom=0.9500 | T=1.0 k=1.0 (mu_rec=1 mu_bwd=1) | grad=4.375 | tok/s=88,971 | tokens=5.60B
step=170840 | loss=4.2599 | lr=2.75e-04 | wd=0.0000 | mom=0.9500 | T=1.0 k=1.0 (mu_rec=1 mu_bwd=1) | grad=6.688 | tok/s=88,883 | tokens=5.60B
step=170850 | loss=4.3762 | lr=2.75e-04 | wd=0.0000 | mom=0.9500 | T=1.0 k=1.0 (mu_rec=1 mu_bwd=1) | grad=2.859 | tok/s=88,699 | tokens=5.60B
step=170860 | loss=4.5036 | lr=2.75e-04 | wd=0.0000 | mom=0.9500 | T=1.0 k=1.0 (mu_rec=1 mu_bwd=1) | grad=3.594 | tok/s=88,720 | tokens=5.60B
step=170870 | loss=4.3009 | lr=2.75e-04 | wd=0.0000 | mom=0.9500 | T=1.0 k=1.0 (mu_rec=1 mu_bwd=1) | grad=3.438 | tok/s=88,476 | tokens=5.60B
step=170880 | loss=4.0762 | lr=2.75e-04 | wd=0.0000 | mom=0.9500 | T=1.0 k=1.0 (mu_rec=1 mu_bwd=1) | grad=4.344 | tok/s=88,508 | tokens=5.60B
step=170890 | loss=4.2554 | lr=2.74e-04 | wd=0.0000 | mom=0.9500 | T=1.0 k=1.0 (mu_rec=1 mu_bwd=1) | grad=2.969 | tok/s=88,234 | tokens=5.60B
step=170900 | loss=3.8771 | lr=2.74e-04 | wd=0.0000 | mom=0.9500 | T=1.0 k=1.0 (mu_rec=1 mu_bwd=1) | grad=4.062 | tok/s=8,400 | tokens=5.60B
step=170910 | loss=4.4553 | lr=2.74e-04 | wd=0.0000 | mom=0.9500 | T=1.0 k=1.0 (mu_rec=1 mu_bwd=1) | grad=3.406 | tok/s=89,257 | tokens=5.60B
step=170920 | loss=4.1425 | lr=2.74e-04 | wd=0.0000 | mom=0.9500 | T=1.0 k=1.0 (mu_rec=1 mu_bwd=1) | grad=3.625 | tok/s=88,825 | tokens=5.60B
step=170930 | loss=4.2331 | lr=2.74e-04 | wd=0.0000 | mom=0.9500 | T=1.0 k=1.0 (mu_rec=1 mu_bwd=1) | grad=3.688 | tok/s=88,808 | tokens=5.60B
step=170940 | loss=4.4011 | lr=2.74e-04 | wd=0.0000 | mom=0.9500 | T=1.0 k=1.0 (mu_rec=1 mu_bwd=1) | grad=8.375 | tok/s=88,615 | tokens=5.60B
step=170950 | loss=4.3748 | lr=2.73e-04 | wd=0.0000 | mom=0.9500 | T=1.0 k=1.0 (mu_rec=1 mu_bwd=1) | grad=3.609 | tok/s=88,415 | tokens=5.60B
step=170960 | loss=4.2629 | lr=2.73e-04 | wd=0.0000 | mom=0.9500 | T=1.0 k=1.0 (mu_rec=1 mu_bwd=1) | grad=4.219 | tok/s=88,279 | tokens=5.60B
step=170970 | loss=4.2100 | lr=2.73e-04 | wd=0.0000 | mom=0.9500 | T=1.0 k=1.0 (mu_rec=1 mu_bwd=1) | grad=4.125 | tok/s=88,165 | tokens=5.60B
step=170980 | loss=3.9879 | lr=2.73e-04 | wd=0.0000 | mom=0.9500 | T=1.0 k=1.0 (mu_rec=1 mu_bwd=1) | grad=4.031 | tok/s=88,044 | tokens=5.60B
step=170990 | loss=4.1826 | lr=2.73e-04 | wd=0.0000 | mom=0.9500 | T=1.0 k=1.0 (mu_rec=1 mu_bwd=1) | grad=3.953 | tok/s=87,825 | tokens=5.60B
step=171000 | loss=4.2659 | lr=2.73e-04 | wd=0.0000 | mom=0.9500 | T=1.0 k=1.0 (mu_rec=1 mu_bwd=1) | grad=5.094 | tok/s=87,680 | tokens=5.60B
step=171010 | loss=4.5492 | lr=2.72e-04 | wd=0.0000 | mom=0.9500 | T=1.0 k=1.0 (mu_rec=1 mu_bwd=1) | grad=3.422 | tok/s=87,589 | tokens=5.60B
step=171020 | loss=4.3697 | lr=2.72e-04 | wd=0.0000 | mom=0.9500 | T=1.0 k=1.0 (mu_rec=1 mu_bwd=1) | grad=3.531 | tok/s=87,447 | tokens=5.60B
step=171030 | loss=4.3072 | lr=2.72e-04 | wd=0.0000 | mom=0.9500 | T=1.0 k=1.0 (mu_rec=1 mu_bwd=1) | grad=4.125 | tok/s=87,300 | tokens=5.60B
step=171040 | loss=4.3120 | lr=2.72e-04 | wd=0.0000 | mom=0.9500 | T=1.0 k=1.0 (mu_rec=1 mu_bwd=1) | grad=10.688 | tok/s=87,287 | tokens=5.60B
step=171050 | loss=4.1542 | lr=2.72e-04 | wd=0.0000 | mom=0.9500 | T=1.0 k=1.0 (mu_rec=1 mu_bwd=1) | grad=3.859 | tok/s=87,039 | tokens=5.60B
step=171060 | loss=4.1273 | lr=2.72e-04 | wd=0.0000 | mom=0.9500 | T=1.0 k=1.0 (mu_rec=1 mu_bwd=1) | grad=3.625 | tok/s=87,022 | tokens=5.61B
step=171070 | loss=4.1170 | lr=2.71e-04 | wd=0.0000 | mom=0.9500 | T=1.0 k=1.0 (mu_rec=1 mu_bwd=1) | grad=8.375 | tok/s=86,854 | tokens=5.61B
step=171080 | loss=4.1840 | lr=2.71e-04 | wd=0.0000 | mom=0.9500 | T=1.0 k=1.0 (mu_rec=1 mu_bwd=1) | grad=3.297 | tok/s=86,808 | tokens=5.61B
step=171090 | loss=4.3273 | lr=2.71e-04 | wd=0.0000 | mom=0.9500 | T=1.0 k=1.0 (mu_rec=1 mu_bwd=1) | grad=3.406 | tok/s=86,869 | tokens=5.61B
step=171100 | loss=4.6859 | lr=2.71e-04 | wd=0.0000 | mom=0.9500 | T=1.0 k=1.0 (mu_rec=1 mu_bwd=1) | grad=4.812 | tok/s=86,854 | tokens=5.61B
step=171110 | loss=4.4800 | lr=2.71e-04 | wd=0.0000 | mom=0.9500 | T=1.0 k=1.0 (mu_rec=1 mu_bwd=1) | grad=4.031 | tok/s=86,810 | tokens=5.61B
step=171120 | loss=4.2096 | lr=2.70e-04 | wd=0.0000 | mom=0.9500 | T=1.0 k=1.0 (mu_rec=1 mu_bwd=1) | grad=3.781 | tok/s=86,749 | tokens=5.61B
step=171130 | loss=4.1614 | lr=2.70e-04 | wd=0.0000 | mom=0.9500 | T=1.0 k=1.0 (mu_rec=1 mu_bwd=1) | grad=4.188 | tok/s=86,813 | tokens=5.61B
step=171140 | loss=4.3410 | lr=2.70e-04 | wd=0.0000 | mom=0.9500 | T=1.0 k=1.0 (mu_rec=1 mu_bwd=1) | grad=3.297 | tok/s=86,720 | tokens=5.61B
step=171150 | loss=4.1048 | lr=2.70e-04 | wd=0.0000 | mom=0.9500 | T=1.0 k=1.0 (mu_rec=1 mu_bwd=1) | grad=3.297 | tok/s=86,793 | tokens=5.61B
step=171160 | loss=4.4180 | lr=2.70e-04 | wd=0.0000 | mom=0.9500 | T=1.0 k=1.0 (mu_rec=1 mu_bwd=1) | grad=3.594 | tok/s=86,939 | tokens=5.61B
step=171170 | loss=4.1531 | lr=2.70e-04 | wd=0.0000 | mom=0.9500 | T=1.0 k=1.0 (mu_rec=1 mu_bwd=1) | grad=3.438 | tok/s=86,910 | tokens=5.61B
step=171180 | loss=4.0280 | lr=2.69e-04 | wd=0.0000 | mom=0.9500 | T=1.0 k=1.0 (mu_rec=1 mu_bwd=1) | grad=3.719 | tok/s=87,108 | tokens=5.61B
step=171190 | loss=4.3135 | lr=2.69e-04 | wd=0.0000 | mom=0.9500 | T=1.0 k=1.0 (mu_rec=1 mu_bwd=1) | grad=3.781 | tok/s=87,142 | tokens=5.61B
step=171200 | loss=4.3536 | lr=2.69e-04 | wd=0.0000 | mom=0.9500 | T=1.0 k=1.0 (mu_rec=1 mu_bwd=1) | grad=3.484 | tok/s=87,270 | tokens=5.61B
step=171210 | loss=4.2231 | lr=2.69e-04 | wd=0.0000 | mom=0.9500 | T=1.0 k=1.0 (mu_rec=1 mu_bwd=1) | grad=3.500 | tok/s=87,308 | tokens=5.61B
step=171220 | loss=3.7698 | lr=2.69e-04 | wd=0.0000 | mom=0.9500 | T=1.0 k=1.0 (mu_rec=1 mu_bwd=1) | grad=6.656 | tok/s=87,360 | tokens=5.61B
step=171230 | loss=4.1119 | lr=2.69e-04 | wd=0.0000 | mom=0.9500 | T=1.0 k=1.0 (mu_rec=1 mu_bwd=1) | grad=6.719 | tok/s=87,445 | tokens=5.61B
step=171240 | loss=4.2557 | lr=2.68e-04 | wd=0.0000 | mom=0.9500 | T=1.0 k=1.0 (mu_rec=1 mu_bwd=1) | grad=3.000 | tok/s=87,560 | tokens=5.61B
step=171250 | loss=4.4387 | lr=2.68e-04 | wd=0.0000 | mom=0.9500 | T=1.0 k=1.0 (mu_rec=1 mu_bwd=1) | grad=3.672 | tok/s=87,572 | tokens=5.61B
step=171260 | loss=4.6093 | lr=2.68e-04 | wd=0.0000 | mom=0.9500 | T=1.0 k=1.0 (mu_rec=1 mu_bwd=1) | grad=4.531 | tok/s=87,502 | tokens=5.61B
step=171270 | loss=4.3100 | lr=2.68e-04 | wd=0.0000 | mom=0.9500 | T=1.0 k=1.0 (mu_rec=1 mu_bwd=1) | grad=3.234 | tok/s=87,573 | tokens=5.61B
step=171280 | loss=4.2161 | lr=2.68e-04 | wd=0.0000 | mom=0.9500 | T=1.0 k=1.0 (mu_rec=1 mu_bwd=1) | grad=4.219 | tok/s=87,766 | tokens=5.61B
step=171290 | loss=4.2863 | lr=2.67e-04 | wd=0.0000 | mom=0.9500 | T=1.0 k=1.0 (mu_rec=1 mu_bwd=1) | grad=3.781 | tok/s=87,359 | tokens=5.61B
step=171300 | loss=4.1209 | lr=2.67e-04 | wd=0.0000 | mom=0.9500 | T=1.0 k=1.0 (mu_rec=1 mu_bwd=1) | grad=4.344 | tok/s=87,464 | tokens=5.61B
step=171310 | loss=4.3614 | lr=2.67e-04 | wd=0.0000 | mom=0.9500 | T=1.0 k=1.0 (mu_rec=1 mu_bwd=1) | grad=3.094 | tok/s=87,392 | tokens=5.61B
step=171320 | loss=4.2556 | lr=2.67e-04 | wd=0.0000 | mom=0.9500 | T=1.0 k=1.0 (mu_rec=1 mu_bwd=1) | grad=4.375 | tok/s=87,471 | tokens=5.61B
step=171330 | loss=4.2836 | lr=2.67e-04 | wd=0.0000 | mom=0.9500 | T=1.0 k=1.0 (mu_rec=1 mu_bwd=1) | grad=2.656 | tok/s=87,455 | tokens=5.61B
step=171340 | loss=4.3848 | lr=2.67e-04 | wd=0.0000 | mom=0.9500 | T=1.0 k=1.0 (mu_rec=1 mu_bwd=1) | grad=4.062 | tok/s=87,536 | tokens=5.61B
step=171350 | loss=4.3349 | lr=2.66e-04 | wd=0.0000 | mom=0.9500 | T=1.0 k=1.0 (mu_rec=1 mu_bwd=1) | grad=3.531 | tok/s=87,563 | tokens=5.61B
step=171360 | loss=4.1598 | lr=2.66e-04 | wd=0.0000 | mom=0.9500 | T=1.0 k=1.0 (mu_rec=1 mu_bwd=1) | grad=3.594 | tok/s=87,534 | tokens=5.62B
step=171370 | loss=4.2434 | lr=2.66e-04 | wd=0.0000 | mom=0.9500 | T=1.0 k=1.0 (mu_rec=1 mu_bwd=1) | grad=4.625 | tok/s=87,614 | tokens=5.62B
step=171380 | loss=4.2414 | lr=2.66e-04 | wd=0.0000 | mom=0.9500 | T=1.0 k=1.0 (mu_rec=1 mu_bwd=1) | grad=4.062 | tok/s=87,566 | tokens=5.62B
step=171390 | loss=4.0916 | lr=2.66e-04 | wd=0.0000 | mom=0.9500 | T=1.0 k=1.0 (mu_rec=1 mu_bwd=1) | grad=3.875 | tok/s=87,588 | tokens=5.62B
step=171400 | loss=4.0007 | lr=2.65e-04 | wd=0.0000 | mom=0.9500 | T=1.0 k=1.0 (mu_rec=1 mu_bwd=1) | grad=3.594 | tok/s=87,562 | tokens=5.62B
step=171410 | loss=4.3949 | lr=2.65e-04 | wd=0.0000 | mom=0.9500 | T=1.0 k=1.0 (mu_rec=1 mu_bwd=1) | grad=4.812 | tok/s=87,501 | tokens=5.62B
step=171420 | loss=4.4297 | lr=2.65e-04 | wd=0.0000 | mom=0.9500 | T=1.0 k=1.0 (mu_rec=1 mu_bwd=1) | grad=4.719 | tok/s=87,567 | tokens=5.62B
step=171430 | loss=4.2625 | lr=2.65e-04 | wd=0.0000 | mom=0.9500 | T=1.0 k=1.0 (mu_rec=1 mu_bwd=1) | grad=3.156 | tok/s=87,539 | tokens=5.62B
step=171440 | loss=4.1109 | lr=2.65e-04 | wd=0.0000 | mom=0.9500 | T=1.0 k=1.0 (mu_rec=1 mu_bwd=1) | grad=4.062 | tok/s=87,631 | tokens=5.62B
step=171450 | loss=4.0476 | lr=2.65e-04 | wd=0.0000 | mom=0.9500 | T=1.0 k=1.0 (mu_rec=1 mu_bwd=1) | grad=3.234 | tok/s=87,581 | tokens=5.62B
step=171460 | loss=4.2765 | lr=2.64e-04 | wd=0.0000 | mom=0.9500 | T=1.0 k=1.0 (mu_rec=1 mu_bwd=1) | grad=3.719 | tok/s=87,497 | tokens=5.62B
step=171470 | loss=4.4519 | lr=2.64e-04 | wd=0.0000 | mom=0.9500 | T=1.0 k=1.0 (mu_rec=1 mu_bwd=1) | grad=3.531 | tok/s=87,620 | tokens=5.62B
step=171480 | loss=4.5101 | lr=2.64e-04 | wd=0.0000 | mom=0.9500 | T=1.0 k=1.0 (mu_rec=1 mu_bwd=1) | grad=5.000 | tok/s=87,643 | tokens=5.62B
step=171490 | loss=4.5008 | lr=2.64e-04 | wd=0.0000 | mom=0.9500 | T=1.0 k=1.0 (mu_rec=1 mu_bwd=1) | grad=3.641 | tok/s=87,631 | tokens=5.62B
step=171500 | loss=4.4676 | lr=2.64e-04 | wd=0.0000 | mom=0.9500 | T=1.0 k=1.0 (mu_rec=1 mu_bwd=1) | grad=7.219 | tok/s=87,653 | tokens=5.62B
step=171510 | loss=4.4029 | lr=2.63e-04 | wd=0.0000 | mom=0.9500 | T=1.0 k=1.0 (mu_rec=1 mu_bwd=1) | grad=8.562 | tok/s=87,682 | tokens=5.62B
step=171520 | loss=4.2403 | lr=2.63e-04 | wd=0.0000 | mom=0.9500 | T=1.0 k=1.0 (mu_rec=1 mu_bwd=1) | grad=3.797 | tok/s=87,713 | tokens=5.62B
step=171530 | loss=4.2948 | lr=2.63e-04 | wd=0.0000 | mom=0.9500 | T=1.0 k=1.0 (mu_rec=1 mu_bwd=1) | grad=4.500 | tok/s=87,570 | tokens=5.62B
step=171540 | loss=4.3747 | lr=2.63e-04 | wd=0.0000 | mom=0.9500 | T=1.0 k=1.0 (mu_rec=1 mu_bwd=1) | grad=3.688 | tok/s=87,677 | tokens=5.62B
step=171550 | loss=4.1776 | lr=2.63e-04 | wd=0.0000 | mom=0.9500 | T=1.0 k=1.0 (mu_rec=1 mu_bwd=1) | grad=4.812 | tok/s=87,577 | tokens=5.62B
step=171560 | loss=4.6320 | lr=2.62e-04 | wd=0.0000 | mom=0.9500 | T=1.0 k=1.0 (mu_rec=1 mu_bwd=1) | grad=3.750 | tok/s=87,611 | tokens=5.62B
step=171570 | loss=4.3502 | lr=2.62e-04 | wd=0.0000 | mom=0.9500 | T=1.0 k=1.0 (mu_rec=1 mu_bwd=1) | grad=3.625 | tok/s=87,742 | tokens=5.62B
step=171580 | loss=4.2154 | lr=2.62e-04 | wd=0.0000 | mom=0.9500 | T=1.0 k=1.0 (mu_rec=1 mu_bwd=1) | grad=3.109 | tok/s=87,722 | tokens=5.62B
step=171590 | loss=4.1979 | lr=2.62e-04 | wd=0.0000 | mom=0.9500 | T=1.0 k=1.0 (mu_rec=1 mu_bwd=1) | grad=3.812 | tok/s=87,770 | tokens=5.62B
step=171600 | loss=4.2178 | lr=2.62e-04 | wd=0.0000 | mom=0.9500 | T=1.0 k=1.0 (mu_rec=1 mu_bwd=1) | grad=4.469 | tok/s=87,741 | tokens=5.62B
step=171610 | loss=4.3283 | lr=2.61e-04 | wd=0.0000 | mom=0.9500 | T=1.0 k=1.0 (mu_rec=1 mu_bwd=1) | grad=3.922 | tok/s=87,669 | tokens=5.62B
step=171620 | loss=4.3270 | lr=2.61e-04 | wd=0.0000 | mom=0.9500 | T=1.0 k=1.0 (mu_rec=1 mu_bwd=1) | grad=3.656 | tok/s=87,707 | tokens=5.62B
step=171630 | loss=4.6111 | lr=2.61e-04 | wd=0.0000 | mom=0.9500 | T=1.0 k=1.0 (mu_rec=1 mu_bwd=1) | grad=5.312 | tok/s=87,673 | tokens=5.62B
step=171640 | loss=4.1810 | lr=2.61e-04 | wd=0.0000 | mom=0.9500 | T=1.0 k=1.0 (mu_rec=1 mu_bwd=1) | grad=3.125 | tok/s=87,746 | tokens=5.62B
step=171650 | loss=4.3434 | lr=2.61e-04 | wd=0.0000 | mom=0.9500 | T=1.0 k=1.0 (mu_rec=1 mu_bwd=1) | grad=3.359 | tok/s=87,727 | tokens=5.62B
step=171660 | loss=4.2377 | lr=2.60e-04 | wd=0.0000 | mom=0.9500 | T=1.0 k=1.0 (mu_rec=1 mu_bwd=1) | grad=3.312 | tok/s=87,664 | tokens=5.62B
step=171670 | loss=4.4750 | lr=2.60e-04 | wd=0.0000 | mom=0.9500 | T=1.0 k=1.0 (mu_rec=1 mu_bwd=1) | grad=4.875 | tok/s=87,783 | tokens=5.63B
step=171680 | loss=4.3065 | lr=2.60e-04 | wd=0.0000 | mom=0.9500 | T=1.0 k=1.0 (mu_rec=1 mu_bwd=1) | grad=3.406 | tok/s=9,216 | tokens=5.63B
step=171690 | loss=4.2911 | lr=2.60e-04 | wd=0.0000 | mom=0.9500 | T=1.0 k=1.0 (mu_rec=1 mu_bwd=1) | grad=2.766 | tok/s=89,310 | tokens=5.63B
step=171700 | loss=4.0939 | lr=2.60e-04 | wd=0.0000 | mom=0.9500 | T=1.0 k=1.0 (mu_rec=1 mu_bwd=1) | grad=3.453 | tok/s=88,997 | tokens=5.63B
step=171710 | loss=4.2838 | lr=2.59e-04 | wd=0.0000 | mom=0.9500 | T=1.0 k=1.0 (mu_rec=1 mu_bwd=1) | grad=3.156 | tok/s=88,953 | tokens=5.63B
step=171720 | loss=4.2284 | lr=2.59e-04 | wd=0.0000 | mom=0.9500 | T=1.0 k=1.0 (mu_rec=1 mu_bwd=1) | grad=5.312 | tok/s=88,607 | tokens=5.63B
step=171730 | loss=4.0425 | lr=2.59e-04 | wd=0.0000 | mom=0.9500 | T=1.0 k=1.0 (mu_rec=1 mu_bwd=1) | grad=2.828 | tok/s=88,662 | tokens=5.63B
step=171740 | loss=4.3618 | lr=2.59e-04 | wd=0.0000 | mom=0.9500 | T=1.0 k=1.0 (mu_rec=1 mu_bwd=1) | grad=4.500 | tok/s=88,428 | tokens=5.63B
step=171750 | loss=4.2644 | lr=2.59e-04 | wd=0.0000 | mom=0.9500 | T=1.0 k=1.0 (mu_rec=1 mu_bwd=1) | grad=4.469 | tok/s=88,392 | tokens=5.63B
step=171760 | loss=4.3053 | lr=2.58e-04 | wd=0.0000 | mom=0.9500 | T=1.0 k=1.0 (mu_rec=1 mu_bwd=1) | grad=4.125 | tok/s=88,288 | tokens=5.63B
step=171770 | loss=4.1755 | lr=2.58e-04 | wd=0.0000 | mom=0.9500 | T=1.0 k=1.0 (mu_rec=1 mu_bwd=1) | grad=2.938 | tok/s=88,268 | tokens=5.63B
step=171780 | loss=3.8472 | lr=2.58e-04 | wd=0.0000 | mom=0.9500 | T=1.0 k=1.0 (mu_rec=1 mu_bwd=1) | grad=4.938 | tok/s=88,037 | tokens=5.63B
step=171790 | loss=4.3729 | lr=2.58e-04 | wd=0.0000 | mom=0.9500 | T=1.0 k=1.0 (mu_rec=1 mu_bwd=1) | grad=6.500 | tok/s=88,018 | tokens=5.63B
step=171800 | loss=4.1031 | lr=2.58e-04 | wd=0.0000 | mom=0.9500 | T=1.0 k=1.0 (mu_rec=1 mu_bwd=1) | grad=4.312 | tok/s=87,997 | tokens=5.63B
step=171810 | loss=4.0874 | lr=2.57e-04 | wd=0.0000 | mom=0.9500 | T=1.0 k=1.0 (mu_rec=1 mu_bwd=1) | grad=3.734 | tok/s=87,883 | tokens=5.63B
step=171820 | loss=4.0795 | lr=2.57e-04 | wd=0.0000 | mom=0.9500 | T=1.0 k=1.0 (mu_rec=1 mu_bwd=1) | grad=5.000 | tok/s=9,432 | tokens=5.63B
step=171830 | loss=4.3028 | lr=2.57e-04 | wd=0.0000 | mom=0.9500 | T=1.0 k=1.0 (mu_rec=1 mu_bwd=1) | grad=3.328 | tok/s=88,786 | tokens=5.63B
step=171840 | loss=4.2961 | lr=2.57e-04 | wd=0.0000 | mom=0.9500 | T=1.0 k=1.0 (mu_rec=1 mu_bwd=1) | grad=3.875 | tok/s=88,640 | tokens=5.63B
step=171850 | loss=4.1806 | lr=2.57e-04 | wd=0.0000 | mom=0.9500 | T=1.0 k=1.0 (mu_rec=1 mu_bwd=1) | grad=3.312 | tok/s=88,435 | tokens=5.63B
step=171860 | loss=4.2782 | lr=2.56e-04 | wd=0.0000 | mom=0.9500 | T=1.0 k=1.0 (mu_rec=1 mu_bwd=1) | grad=2.828 | tok/s=88,396 | tokens=5.63B
step=171870 | loss=4.2209 | lr=2.56e-04 | wd=0.0000 | mom=0.9500 | T=1.0 k=1.0 (mu_rec=1 mu_bwd=1) | grad=2.875 | tok/s=88,274 | tokens=5.63B
step=171880 | loss=4.4038 | lr=2.56e-04 | wd=0.0000 | mom=0.9500 | T=1.0 k=1.0 (mu_rec=1 mu_bwd=1) | grad=3.062 | tok/s=88,060 | tokens=5.63B
step=171890 | loss=4.5200 | lr=2.56e-04 | wd=0.0000 | mom=0.9500 | T=1.0 k=1.0 (mu_rec=1 mu_bwd=1) | grad=3.828 | tok/s=87,807 | tokens=5.63B
step=171900 | loss=4.2560 | lr=2.56e-04 | wd=0.0000 | mom=0.9500 | T=1.0 k=1.0 (mu_rec=1 mu_bwd=1) | grad=3.797 | tok/s=87,666 | tokens=5.63B
step=171910 | loss=4.2623 | lr=2.55e-04 | wd=0.0000 | mom=0.9500 | T=1.0 k=1.0 (mu_rec=1 mu_bwd=1) | grad=3.359 | tok/s=87,599 | tokens=5.63B
step=171920 | loss=4.3347 | lr=2.55e-04 | wd=0.0000 | mom=0.9500 | T=1.0 k=1.0 (mu_rec=1 mu_bwd=1) | grad=5.281 | tok/s=87,534 | tokens=5.63B
step=171930 | loss=4.2300 | lr=2.55e-04 | wd=0.0000 | mom=0.9500 | T=1.0 k=1.0 (mu_rec=1 mu_bwd=1) | grad=3.172 | tok/s=87,456 | tokens=5.63B
step=171940 | loss=4.3081 | lr=2.55e-04 | wd=0.0000 | mom=0.9500 | T=1.0 k=1.0 (mu_rec=1 mu_bwd=1) | grad=3.906 | tok/s=87,245 | tokens=5.63B
step=171950 | loss=4.0989 | lr=2.55e-04 | wd=0.0000 | mom=0.9500 | T=1.0 k=1.0 (mu_rec=1 mu_bwd=1) | grad=7.062 | tok/s=87,147 | tokens=5.63B
step=171960 | loss=4.4174 | lr=2.54e-04 | wd=0.0000 | mom=0.9500 | T=1.0 k=1.0 (mu_rec=1 mu_bwd=1) | grad=4.656 | tok/s=87,086 | tokens=5.63B
step=171970 | loss=4.1521 | lr=2.54e-04 | wd=0.0000 | mom=0.9500 | T=1.0 k=1.0 (mu_rec=1 mu_bwd=1) | grad=2.766 | tok/s=87,035 | tokens=5.64B
step=171980 | loss=4.1507 | lr=2.54e-04 | wd=0.0000 | mom=0.9500 | T=1.0 k=1.0 (mu_rec=1 mu_bwd=1) | grad=3.406 | tok/s=86,886 | tokens=5.64B
step=171990 | loss=4.1464 | lr=2.54e-04 | wd=0.0000 | mom=0.9500 | T=1.0 k=1.0 (mu_rec=1 mu_bwd=1) | grad=3.281 | tok/s=86,719 | tokens=5.64B
step=172000 | loss=4.2726 | lr=2.54e-04 | wd=0.0000 | mom=0.9500 | T=1.0 k=1.0 (mu_rec=1 mu_bwd=1) | grad=3.219 | tok/s=86,640 | tokens=5.64B
[step 172000] Saved -> runs/pythia-5b/checkpoint_0172000
[step 172000] Pruned -> runs/pythia-5b/checkpoint_0166000
step=172010 | loss=4.4775 | lr=2.53e-04 | wd=0.0000 | mom=0.9500 | T=1.0 k=1.0 (mu_rec=1 mu_bwd=1) | grad=3.484 | tok/s=71,435 | tokens=5.64B
step=172020 | loss=4.4248 | lr=2.53e-04 | wd=0.0000 | mom=0.9500 | T=1.0 k=1.0 (mu_rec=1 mu_bwd=1) | grad=4.156 | tok/s=86,816 | tokens=5.64B
step=172030 | loss=4.4231 | lr=2.53e-04 | wd=0.0000 | mom=0.9500 | T=1.0 k=1.0 (mu_rec=1 mu_bwd=1) | grad=3.203 | tok/s=86,752 | tokens=5.64B
step=172040 | loss=4.0896 | lr=2.53e-04 | wd=0.0000 | mom=0.9500 | T=1.0 k=1.0 (mu_rec=1 mu_bwd=1) | grad=3.922 | tok/s=86,907 | tokens=5.64B
step=172050 | loss=4.4093 | lr=2.53e-04 | wd=0.0000 | mom=0.9500 | T=1.0 k=1.0 (mu_rec=1 mu_bwd=1) | grad=3.219 | tok/s=86,719 | tokens=5.64B
step=172060 | loss=4.2408 | lr=2.52e-04 | wd=0.0000 | mom=0.9500 | T=1.0 k=1.0 (mu_rec=1 mu_bwd=1) | grad=3.781 | tok/s=86,745 | tokens=5.64B
step=172070 | loss=4.2768 | lr=2.52e-04 | wd=0.0000 | mom=0.9500 | T=1.0 k=1.0 (mu_rec=1 mu_bwd=1) | grad=4.219 | tok/s=86,757 | tokens=5.64B
step=172080 | loss=4.2363 | lr=2.52e-04 | wd=0.0000 | mom=0.9500 | T=1.0 k=1.0 (mu_rec=1 mu_bwd=1) | grad=3.406 | tok/s=86,900 | tokens=5.64B
step=172090 | loss=4.1062 | lr=2.52e-04 | wd=0.0000 | mom=0.9500 | T=1.0 k=1.0 (mu_rec=1 mu_bwd=1) | grad=4.062 | tok/s=86,966 | tokens=5.64B
step=172100 | loss=4.2879 | lr=2.51e-04 | wd=0.0000 | mom=0.9500 | T=1.0 k=1.0 (mu_rec=1 mu_bwd=1) | grad=3.156 | tok/s=87,059 | tokens=5.64B
step=172110 | loss=4.3367 | lr=2.51e-04 | wd=0.0000 | mom=0.9500 | T=1.0 k=1.0 (mu_rec=1 mu_bwd=1) | grad=3.109 | tok/s=87,171 | tokens=5.64B
step=172120 | loss=4.2272 | lr=2.51e-04 | wd=0.0000 | mom=0.9500 | T=1.0 k=1.0 (mu_rec=1 mu_bwd=1) | grad=3.828 | tok/s=87,244 | tokens=5.64B
step=172130 | loss=4.3895 | lr=2.51e-04 | wd=0.0000 | mom=0.9500 | T=1.0 k=1.0 (mu_rec=1 mu_bwd=1) | grad=4.156 | tok/s=87,147 | tokens=5.64B
step=172140 | loss=4.4127 | lr=2.51e-04 | wd=0.0000 | mom=0.9500 | T=1.0 k=1.0 (mu_rec=1 mu_bwd=1) | grad=5.750 | tok/s=87,298 | tokens=5.64B
step=172150 | loss=4.2942 | lr=2.50e-04 | wd=0.0000 | mom=0.9500 | T=1.0 k=1.0 (mu_rec=1 mu_bwd=1) | grad=4.781 | tok/s=87,307 | tokens=5.64B
step=172160 | loss=4.2402 | lr=2.50e-04 | wd=0.0000 | mom=0.9500 | T=1.0 k=1.0 (mu_rec=1 mu_bwd=1) | grad=7.500 | tok/s=87,415 | tokens=5.64B
step=172170 | loss=4.2861 | lr=2.50e-04 | wd=0.0000 | mom=0.9500 | T=1.0 k=1.0 (mu_rec=1 mu_bwd=1) | grad=3.969 | tok/s=87,311 | tokens=5.64B
step=172180 | loss=4.1609 | lr=2.50e-04 | wd=0.0000 | mom=0.9500 | T=1.0 k=1.0 (mu_rec=1 mu_bwd=1) | grad=3.422 | tok/s=87,596 | tokens=5.64B
step=172190 | loss=4.3597 | lr=2.50e-04 | wd=0.0000 | mom=0.9500 | T=1.0 k=1.0 (mu_rec=1 mu_bwd=1) | grad=3.281 | tok/s=87,510 | tokens=5.64B
step=172200 | loss=4.2613 | lr=2.49e-04 | wd=0.0000 | mom=0.9500 | T=1.0 k=1.0 (mu_rec=1 mu_bwd=1) | grad=3.141 | tok/s=87,564 | tokens=5.64B
step=172210 | loss=4.3339 | lr=2.49e-04 | wd=0.0000 | mom=0.9500 | T=1.0 k=1.0 (mu_rec=1 mu_bwd=1) | grad=2.969 | tok/s=87,618 | tokens=5.64B
step=172220 | loss=4.2905 | lr=2.49e-04 | wd=0.0000 | mom=0.9500 | T=1.0 k=1.0 (mu_rec=1 mu_bwd=1) | grad=3.406 | tok/s=87,655 | tokens=5.64B
step=172230 | loss=4.3382 | lr=2.49e-04 | wd=0.0000 | mom=0.9500 | T=1.0 k=1.0 (mu_rec=1 mu_bwd=1) | grad=3.797 | tok/s=87,329 | tokens=5.64B
step=172240 | loss=4.5318 | lr=2.48e-04 | wd=0.0000 | mom=0.9500 | T=1.0 k=1.0 (mu_rec=1 mu_bwd=1) | grad=4.000 | tok/s=87,401 | tokens=5.64B
step=172250 | loss=3.9363 | lr=2.48e-04 | wd=0.0000 | mom=0.9500 | T=1.0 k=1.0 (mu_rec=1 mu_bwd=1) | grad=5.188 | tok/s=87,452 | tokens=5.64B
step=172260 | loss=4.1601 | lr=2.48e-04 | wd=0.0000 | mom=0.9500 | T=1.0 k=1.0 (mu_rec=1 mu_bwd=1) | grad=3.062 | tok/s=87,466 | tokens=5.64B
step=172270 | loss=4.6996 | lr=2.48e-04 | wd=0.0000 | mom=0.9500 | T=1.0 k=1.0 (mu_rec=1 mu_bwd=1) | grad=3.422 | tok/s=87,380 | tokens=5.64B
step=172280 | loss=4.4863 | lr=2.48e-04 | wd=0.0000 | mom=0.9500 | T=1.0 k=1.0 (mu_rec=1 mu_bwd=1) | grad=4.000 | tok/s=87,441 | tokens=5.65B
step=172290 | loss=4.2029 | lr=2.47e-04 | wd=0.0000 | mom=0.9500 | T=1.0 k=1.0 (mu_rec=1 mu_bwd=1) | grad=3.219 | tok/s=87,467 | tokens=5.65B
step=172300 | loss=4.3214 | lr=2.47e-04 | wd=0.0000 | mom=0.9500 | T=1.0 k=1.0 (mu_rec=1 mu_bwd=1) | grad=2.906 | tok/s=87,439 | tokens=5.65B
step=172310 | loss=4.3091 | lr=2.47e-04 | wd=0.0000 | mom=0.9500 | T=1.0 k=1.0 (mu_rec=1 mu_bwd=1) | grad=3.641 | tok/s=87,555 | tokens=5.65B
step=172320 | loss=4.2872 | lr=2.47e-04 | wd=0.0000 | mom=0.9500 | T=1.0 k=1.0 (mu_rec=1 mu_bwd=1) | grad=3.844 | tok/s=87,535 | tokens=5.65B
step=172330 | loss=4.3340 | lr=2.46e-04 | wd=0.0000 | mom=0.9500 | T=1.0 k=1.0 (mu_rec=1 mu_bwd=1) | grad=5.219 | tok/s=87,512 | tokens=5.65B
step=172340 | loss=4.1405 | lr=2.46e-04 | wd=0.0000 | mom=0.9500 | T=1.0 k=1.0 (mu_rec=1 mu_bwd=1) | grad=3.516 | tok/s=87,580 | tokens=5.65B
step=172350 | loss=3.8618 | lr=2.46e-04 | wd=0.0000 | mom=0.9500 | T=1.0 k=1.0 (mu_rec=1 mu_bwd=1) | grad=3.031 | tok/s=87,599 | tokens=5.65B
step=172360 | loss=4.0347 | lr=2.46e-04 | wd=0.0000 | mom=0.9500 | T=1.0 k=1.0 (mu_rec=1 mu_bwd=1) | grad=4.656 | tok/s=87,511 | tokens=5.65B
step=172370 | loss=4.6047 | lr=2.46e-04 | wd=0.0000 | mom=0.9500 | T=1.0 k=1.0 (mu_rec=1 mu_bwd=1) | grad=3.953 | tok/s=87,485 | tokens=5.65B
step=172380 | loss=4.0190 | lr=2.45e-04 | wd=0.0000 | mom=0.9500 | T=1.0 k=1.0 (mu_rec=1 mu_bwd=1) | grad=4.938 | tok/s=87,472 | tokens=5.65B
step=172390 | loss=4.3659 | lr=2.45e-04 | wd=0.0000 | mom=0.9500 | T=1.0 k=1.0 (mu_rec=1 mu_bwd=1) | grad=4.469 | tok/s=87,552 | tokens=5.65B
step=172400 | loss=4.2645 | lr=2.45e-04 | wd=0.0000 | mom=0.9500 | T=1.0 k=1.0 (mu_rec=1 mu_bwd=1) | grad=3.500 | tok/s=87,571 | tokens=5.65B
step=172410 | loss=4.2730 | lr=2.45e-04 | wd=0.0000 | mom=0.9500 | T=1.0 k=1.0 (mu_rec=1 mu_bwd=1) | grad=3.047 | tok/s=87,552 | tokens=5.65B
step=172420 | loss=4.1997 | lr=2.44e-04 | wd=0.0000 | mom=0.9500 | T=1.0 k=1.0 (mu_rec=1 mu_bwd=1) | grad=2.641 | tok/s=87,568 | tokens=5.65B
step=172430 | loss=4.2628 | lr=2.44e-04 | wd=0.0000 | mom=0.9500 | T=1.0 k=1.0 (mu_rec=1 mu_bwd=1) | grad=3.797 | tok/s=87,615 | tokens=5.65B
step=172440 | loss=4.4789 | lr=2.44e-04 | wd=0.0000 | mom=0.9500 | T=1.0 k=1.0 (mu_rec=1 mu_bwd=1) | grad=2.812 | tok/s=87,549 | tokens=5.65B
step=172450 | loss=4.3930 | lr=2.44e-04 | wd=0.0000 | mom=0.9500 | T=1.0 k=1.0 (mu_rec=1 mu_bwd=1) | grad=2.766 | tok/s=87,567 | tokens=5.65B
step=172460 | loss=4.2474 | lr=2.44e-04 | wd=0.0000 | mom=0.9500 | T=1.0 k=1.0 (mu_rec=1 mu_bwd=1) | grad=3.891 | tok/s=87,540 | tokens=5.65B
step=172470 | loss=4.1509 | lr=2.43e-04 | wd=0.0000 | mom=0.9500 | T=1.0 k=1.0 (mu_rec=1 mu_bwd=1) | grad=3.156 | tok/s=87,612 | tokens=5.65B
step=172480 | loss=4.3327 | lr=2.43e-04 | wd=0.0000 | mom=0.9500 | T=1.0 k=1.0 (mu_rec=1 mu_bwd=1) | grad=4.781 | tok/s=87,536 | tokens=5.65B
step=172490 | loss=4.1375 | lr=2.43e-04 | wd=0.0000 | mom=0.9500 | T=1.0 k=1.0 (mu_rec=1 mu_bwd=1) | grad=3.250 | tok/s=87,581 | tokens=5.65B
step=172500 | loss=4.0283 | lr=2.43e-04 | wd=0.0000 | mom=0.9500 | T=1.0 k=1.0 (mu_rec=1 mu_bwd=1) | grad=3.781 | tok/s=87,545 | tokens=5.65B
step=172510 | loss=3.9793 | lr=2.42e-04 | wd=0.0000 | mom=0.9500 | T=1.0 k=1.0 (mu_rec=1 mu_bwd=1) | grad=3.156 | tok/s=87,578 | tokens=5.65B
step=172520 | loss=4.3153 | lr=2.42e-04 | wd=0.0000 | mom=0.9500 | T=1.0 k=1.0 (mu_rec=1 mu_bwd=1) | grad=3.281 | tok/s=87,528 | tokens=5.65B
step=172530 | loss=4.5160 | lr=2.42e-04 | wd=0.0000 | mom=0.9500 | T=1.0 k=1.0 (mu_rec=1 mu_bwd=1) | grad=4.531 | tok/s=87,668 | tokens=5.65B
step=172540 | loss=4.2213 | lr=2.42e-04 | wd=0.0000 | mom=0.9500 | T=1.0 k=1.0 (mu_rec=1 mu_bwd=1) | grad=3.594 | tok/s=87,649 | tokens=5.65B
step=172550 | loss=4.4263 | lr=2.41e-04 | wd=0.0000 | mom=0.9500 | T=1.0 k=1.0 (mu_rec=1 mu_bwd=1) | grad=2.938 | tok/s=9,782 | tokens=5.65B
step=172560 | loss=4.3829 | lr=2.41e-04 | wd=0.0000 | mom=0.9500 | T=1.0 k=1.0 (mu_rec=1 mu_bwd=1) | grad=3.016 | tok/s=89,192 | tokens=5.65B
step=172570 | loss=4.5392 | lr=2.41e-04 | wd=0.0000 | mom=0.9500 | T=1.0 k=1.0 (mu_rec=1 mu_bwd=1) | grad=3.906 | tok/s=88,913 | tokens=5.65B
step=172580 | loss=4.6853 | lr=2.41e-04 | wd=0.0000 | mom=0.9500 | T=1.0 k=1.0 (mu_rec=1 mu_bwd=1) | grad=3.750 | tok/s=88,829 | tokens=5.66B
step=172590 | loss=4.6450 | lr=2.41e-04 | wd=0.0000 | mom=0.9500 | T=1.0 k=1.0 (mu_rec=1 mu_bwd=1) | grad=8.438 | tok/s=88,592 | tokens=5.66B
step=172600 | loss=4.3883 | lr=2.40e-04 | wd=0.0000 | mom=0.9500 | T=1.0 k=1.0 (mu_rec=1 mu_bwd=1) | grad=4.125 | tok/s=88,537 | tokens=5.66B
step=172610 | loss=4.1680 | lr=2.40e-04 | wd=0.0000 | mom=0.9500 | T=1.0 k=1.0 (mu_rec=1 mu_bwd=1) | grad=3.562 | tok/s=88,528 | tokens=5.66B
step=172620 | loss=4.3322 | lr=2.40e-04 | wd=0.0000 | mom=0.9500 | T=1.0 k=1.0 (mu_rec=1 mu_bwd=1) | grad=3.766 | tok/s=9,141 | tokens=5.66B
step=172630 | loss=4.2774 | lr=2.40e-04 | wd=0.0000 | mom=0.9500 | T=1.0 k=1.0 (mu_rec=1 mu_bwd=1) | grad=3.766 | tok/s=89,233 | tokens=5.66B
step=172640 | loss=4.3782 | lr=2.39e-04 | wd=0.0000 | mom=0.9500 | T=1.0 k=1.0 (mu_rec=1 mu_bwd=1) | grad=3.062 | tok/s=88,948 | tokens=5.66B
step=172650 | loss=4.2099 | lr=2.39e-04 | wd=0.0000 | mom=0.9500 | T=1.0 k=1.0 (mu_rec=1 mu_bwd=1) | grad=2.984 | tok/s=88,690 | tokens=5.66B
step=172660 | loss=4.2687 | lr=2.39e-04 | wd=0.0000 | mom=0.9500 | T=1.0 k=1.0 (mu_rec=1 mu_bwd=1) | grad=4.031 | tok/s=88,560 | tokens=5.66B
step=172670 | loss=3.8086 | lr=2.39e-04 | wd=0.0000 | mom=0.9500 | T=1.0 k=1.0 (mu_rec=1 mu_bwd=1) | grad=3.250 | tok/s=88,367 | tokens=5.66B
step=172680 | loss=4.2857 | lr=2.38e-04 | wd=0.0000 | mom=0.9500 | T=1.0 k=1.0 (mu_rec=1 mu_bwd=1) | grad=3.031 | tok/s=88,298 | tokens=5.66B
step=172690 | loss=4.3103 | lr=2.38e-04 | wd=0.0000 | mom=0.9500 | T=1.0 k=1.0 (mu_rec=1 mu_bwd=1) | grad=2.766 | tok/s=88,099 | tokens=5.66B
step=172700 | loss=4.2829 | lr=2.38e-04 | wd=0.0000 | mom=0.9500 | T=1.0 k=1.0 (mu_rec=1 mu_bwd=1) | grad=3.406 | tok/s=87,988 | tokens=5.66B
step=172710 | loss=4.3211 | lr=2.38e-04 | wd=0.0000 | mom=0.9500 | T=1.0 k=1.0 (mu_rec=1 mu_bwd=1) | grad=3.547 | tok/s=87,756 | tokens=5.66B
step=172720 | loss=4.2494 | lr=2.38e-04 | wd=0.0000 | mom=0.9500 | T=1.0 k=1.0 (mu_rec=1 mu_bwd=1) | grad=3.734 | tok/s=87,727 | tokens=5.66B
step=172730 | loss=4.2679 | lr=2.37e-04 | wd=0.0000 | mom=0.9500 | T=1.0 k=1.0 (mu_rec=1 mu_bwd=1) | grad=3.141 | tok/s=87,613 | tokens=5.66B
step=172740 | loss=4.3346 | lr=2.37e-04 | wd=0.0000 | mom=0.9500 | T=1.0 k=1.0 (mu_rec=1 mu_bwd=1) | grad=2.781 | tok/s=87,437 | tokens=5.66B
step=172750 | loss=4.3296 | lr=2.37e-04 | wd=0.0000 | mom=0.9500 | T=1.0 k=1.0 (mu_rec=1 mu_bwd=1) | grad=2.797 | tok/s=87,096 | tokens=5.66B
step=172760 | loss=4.1818 | lr=2.37e-04 | wd=0.0000 | mom=0.9500 | T=1.0 k=1.0 (mu_rec=1 mu_bwd=1) | grad=3.125 | tok/s=87,164 | tokens=5.66B
step=172770 | loss=4.2431 | lr=2.36e-04 | wd=0.0000 | mom=0.9500 | T=1.0 k=1.0 (mu_rec=1 mu_bwd=1) | grad=3.141 | tok/s=86,878 | tokens=5.66B
step=172780 | loss=3.9884 | lr=2.36e-04 | wd=0.0000 | mom=0.9500 | T=1.0 k=1.0 (mu_rec=1 mu_bwd=1) | grad=4.844 | tok/s=86,977 | tokens=5.66B
step=172790 | loss=4.2925 | lr=2.36e-04 | wd=0.0000 | mom=0.9500 | T=1.0 k=1.0 (mu_rec=1 mu_bwd=1) | grad=3.312 | tok/s=86,741 | tokens=5.66B
step=172800 | loss=4.3124 | lr=2.36e-04 | wd=0.0000 | mom=0.9500 | T=1.0 k=1.0 (mu_rec=1 mu_bwd=1) | grad=3.562 | tok/s=86,911 | tokens=5.66B
step=172810 | loss=4.4213 | lr=2.35e-04 | wd=0.0000 | mom=0.9500 | T=1.0 k=1.0 (mu_rec=1 mu_bwd=1) | grad=2.984 | tok/s=86,716 | tokens=5.66B
step=172820 | loss=4.4632 | lr=2.35e-04 | wd=0.0000 | mom=0.9500 | T=1.0 k=1.0 (mu_rec=1 mu_bwd=1) | grad=3.703 | tok/s=86,753 | tokens=5.66B
step=172830 | loss=4.2287 | lr=2.35e-04 | wd=0.0000 | mom=0.9500 | T=1.0 k=1.0 (mu_rec=1 mu_bwd=1) | grad=3.094 | tok/s=86,794 | tokens=5.66B
step=172840 | loss=4.4446 | lr=2.35e-04 | wd=0.0000 | mom=0.9500 | T=1.0 k=1.0 (mu_rec=1 mu_bwd=1) | grad=5.062 | tok/s=86,619 | tokens=5.66B
step=172850 | loss=4.3727 | lr=2.34e-04 | wd=0.0000 | mom=0.9500 | T=1.0 k=1.0 (mu_rec=1 mu_bwd=1) | grad=3.453 | tok/s=86,666 | tokens=5.66B
step=172860 | loss=4.3422 | lr=2.34e-04 | wd=0.0000 | mom=0.9500 | T=1.0 k=1.0 (mu_rec=1 mu_bwd=1) | grad=3.188 | tok/s=86,704 | tokens=5.66B
step=172870 | loss=4.1722 | lr=2.34e-04 | wd=0.0000 | mom=0.9500 | T=1.0 k=1.0 (mu_rec=1 mu_bwd=1) | grad=3.594 | tok/s=86,766 | tokens=5.66B
step=172880 | loss=3.9741 | lr=2.34e-04 | wd=0.0000 | mom=0.9500 | T=1.0 k=1.0 (mu_rec=1 mu_bwd=1) | grad=3.516 | tok/s=86,717 | tokens=5.66B
step=172890 | loss=4.1164 | lr=2.34e-04 | wd=0.0000 | mom=0.9500 | T=1.0 k=1.0 (mu_rec=1 mu_bwd=1) | grad=2.688 | tok/s=86,911 | tokens=5.67B
step=172900 | loss=4.4325 | lr=2.33e-04 | wd=0.0000 | mom=0.9500 | T=1.0 k=1.0 (mu_rec=1 mu_bwd=1) | grad=3.453 | tok/s=87,051 | tokens=5.67B
step=172910 | loss=4.1377 | lr=2.33e-04 | wd=0.0000 | mom=0.9500 | T=1.0 k=1.0 (mu_rec=1 mu_bwd=1) | grad=3.750 | tok/s=87,197 | tokens=5.67B
step=172920 | loss=4.2659 | lr=2.33e-04 | wd=0.0000 | mom=0.9500 | T=1.0 k=1.0 (mu_rec=1 mu_bwd=1) | grad=2.844 | tok/s=87,209 | tokens=5.67B
step=172930 | loss=4.1986 | lr=2.33e-04 | wd=0.0000 | mom=0.9500 | T=1.0 k=1.0 (mu_rec=1 mu_bwd=1) | grad=3.469 | tok/s=87,251 | tokens=5.67B
step=172940 | loss=4.3552 | lr=2.32e-04 | wd=0.0000 | mom=0.9500 | T=1.0 k=1.0 (mu_rec=1 mu_bwd=1) | grad=5.062 | tok/s=87,465 | tokens=5.67B
step=172950 | loss=4.3693 | lr=2.32e-04 | wd=0.0000 | mom=0.9500 | T=1.0 k=1.0 (mu_rec=1 mu_bwd=1) | grad=4.125 | tok/s=87,364 | tokens=5.67B
step=172960 | loss=4.3231 | lr=2.32e-04 | wd=0.0000 | mom=0.9500 | T=1.0 k=1.0 (mu_rec=1 mu_bwd=1) | grad=3.141 | tok/s=87,643 | tokens=5.67B
step=172970 | loss=4.4902 | lr=2.32e-04 | wd=0.0000 | mom=0.9500 | T=1.0 k=1.0 (mu_rec=1 mu_bwd=1) | grad=4.156 | tok/s=87,572 | tokens=5.67B
step=172980 | loss=4.5256 | lr=2.31e-04 | wd=0.0000 | mom=0.9500 | T=1.0 k=1.0 (mu_rec=1 mu_bwd=1) | grad=3.234 | tok/s=87,692 | tokens=5.67B
step=172990 | loss=4.2648 | lr=2.31e-04 | wd=0.0000 | mom=0.9500 | T=1.0 k=1.0 (mu_rec=1 mu_bwd=1) | grad=3.219 | tok/s=87,329 | tokens=5.67B
step=173000 | loss=4.1423 | lr=2.31e-04 | wd=0.0000 | mom=0.9500 | T=1.0 k=1.0 (mu_rec=1 mu_bwd=1) | grad=3.500 | tok/s=87,441 | tokens=5.67B
step=173010 | loss=4.2898 | lr=2.31e-04 | wd=0.0000 | mom=0.9500 | T=1.0 k=1.0 (mu_rec=1 mu_bwd=1) | grad=4.344 | tok/s=87,513 | tokens=5.67B
step=173020 | loss=4.4697 | lr=2.30e-04 | wd=0.0000 | mom=0.9500 | T=1.0 k=1.0 (mu_rec=1 mu_bwd=1) | grad=4.844 | tok/s=87,496 | tokens=5.67B
step=173030 | loss=4.6143 | lr=2.30e-04 | wd=0.0000 | mom=0.9500 | T=1.0 k=1.0 (mu_rec=1 mu_bwd=1) | grad=3.375 | tok/s=87,518 | tokens=5.67B
step=173040 | loss=4.0921 | lr=2.30e-04 | wd=0.0000 | mom=0.9500 | T=1.0 k=1.0 (mu_rec=1 mu_bwd=1) | grad=3.672 | tok/s=87,549 | tokens=5.67B
step=173050 | loss=4.2038 | lr=2.30e-04 | wd=0.0000 | mom=0.9500 | T=1.0 k=1.0 (mu_rec=1 mu_bwd=1) | grad=3.609 | tok/s=87,674 | tokens=5.67B
step=173060 | loss=4.5000 | lr=2.29e-04 | wd=0.0000 | mom=0.9500 | T=1.0 k=1.0 (mu_rec=1 mu_bwd=1) | grad=3.125 | tok/s=87,628 | tokens=5.67B
step=173070 | loss=4.1982 | lr=2.29e-04 | wd=0.0000 | mom=0.9500 | T=1.0 k=1.0 (mu_rec=1 mu_bwd=1) | grad=3.938 | tok/s=87,643 | tokens=5.67B
step=173080 | loss=4.3715 | lr=2.29e-04 | wd=0.0000 | mom=0.9500 | T=1.0 k=1.0 (mu_rec=1 mu_bwd=1) | grad=4.781 | tok/s=87,695 | tokens=5.67B
step=173090 | loss=4.4051 | lr=2.29e-04 | wd=0.0000 | mom=0.9500 | T=1.0 k=1.0 (mu_rec=1 mu_bwd=1) | grad=5.438 | tok/s=87,697 | tokens=5.67B
step=173100 | loss=4.2326 | lr=2.28e-04 | wd=0.0000 | mom=0.9500 | T=1.0 k=1.0 (mu_rec=1 mu_bwd=1) | grad=3.781 | tok/s=87,630 | tokens=5.67B
step=173110 | loss=4.5017 | lr=2.28e-04 | wd=0.0000 | mom=0.9500 | T=1.0 k=1.0 (mu_rec=1 mu_bwd=1) | grad=3.375 | tok/s=87,692 | tokens=5.67B
step=173120 | loss=4.5130 | lr=2.28e-04 | wd=0.0000 | mom=0.9500 | T=1.0 k=1.0 (mu_rec=1 mu_bwd=1) | grad=3.562 | tok/s=87,810 | tokens=5.67B
step=173130 | loss=4.3101 | lr=2.28e-04 | wd=0.0000 | mom=0.9500 | T=1.0 k=1.0 (mu_rec=1 mu_bwd=1) | grad=4.438 | tok/s=87,726 | tokens=5.67B
step=173140 | loss=4.2145 | lr=2.27e-04 | wd=0.0000 | mom=0.9500 | T=1.0 k=1.0 (mu_rec=1 mu_bwd=1) | grad=3.250 | tok/s=87,757 | tokens=5.67B
step=173150 | loss=4.3764 | lr=2.27e-04 | wd=0.0000 | mom=0.9500 | T=1.0 k=1.0 (mu_rec=1 mu_bwd=1) | grad=3.500 | tok/s=87,812 | tokens=5.67B
step=173160 | loss=4.3826 | lr=2.27e-04 | wd=0.0000 | mom=0.9500 | T=1.0 k=1.0 (mu_rec=1 mu_bwd=1) | grad=3.062 | tok/s=87,766 | tokens=5.67B
step=173170 | loss=4.5206 | lr=2.27e-04 | wd=0.0000 | mom=0.9500 | T=1.0 k=1.0 (mu_rec=1 mu_bwd=1) | grad=3.406 | tok/s=87,725 | tokens=5.67B
step=173180 | loss=4.1608 | lr=2.26e-04 | wd=0.0000 | mom=0.9500 | T=1.0 k=1.0 (mu_rec=1 mu_bwd=1) | grad=13.000 | tok/s=87,818 | tokens=5.67B
step=173190 | loss=4.4727 | lr=2.26e-04 | wd=0.0000 | mom=0.9500 | T=1.0 k=1.0 (mu_rec=1 mu_bwd=1) | grad=4.219 | tok/s=87,776 | tokens=5.68B
step=173200 | loss=4.4319 | lr=2.26e-04 | wd=0.0000 | mom=0.9500 | T=1.0 k=1.0 (mu_rec=1 mu_bwd=1) | grad=3.734 | tok/s=87,885 | tokens=5.68B
step=173210 | loss=4.6471 | lr=2.26e-04 | wd=0.0000 | mom=0.9500 | T=1.0 k=1.0 (mu_rec=1 mu_bwd=1) | grad=3.359 | tok/s=87,825 | tokens=5.68B
step=173220 | loss=4.3363 | lr=2.25e-04 | wd=0.0000 | mom=0.9500 | T=1.0 k=1.0 (mu_rec=1 mu_bwd=1) | grad=3.609 | tok/s=87,830 | tokens=5.68B
step=173230 | loss=4.3293 | lr=2.25e-04 | wd=0.0000 | mom=0.9500 | T=1.0 k=1.0 (mu_rec=1 mu_bwd=1) | grad=3.625 | tok/s=87,839 | tokens=5.68B
step=173240 | loss=4.3207 | lr=2.25e-04 | wd=0.0000 | mom=0.9500 | T=1.0 k=1.0 (mu_rec=1 mu_bwd=1) | grad=3.062 | tok/s=87,804 | tokens=5.68B
step=173250 | loss=4.8016 | lr=2.25e-04 | wd=0.0000 | mom=0.9500 | T=1.0 k=1.0 (mu_rec=1 mu_bwd=1) | grad=3.219 | tok/s=87,838 | tokens=5.68B
step=173260 | loss=4.2395 | lr=2.24e-04 | wd=0.0000 | mom=0.9500 | T=1.0 k=1.0 (mu_rec=1 mu_bwd=1) | grad=4.156 | tok/s=87,854 | tokens=5.68B
step=173270 | loss=4.1721 | lr=2.24e-04 | wd=0.0000 | mom=0.9500 | T=1.0 k=1.0 (mu_rec=1 mu_bwd=1) | grad=3.188 | tok/s=87,799 | tokens=5.68B
step=173280 | loss=4.4839 | lr=2.24e-04 | wd=0.0000 | mom=0.9500 | T=1.0 k=1.0 (mu_rec=1 mu_bwd=1) | grad=2.938 | tok/s=87,920 | tokens=5.68B
step=173290 | loss=4.2729 | lr=2.24e-04 | wd=0.0000 | mom=0.9500 | T=1.0 k=1.0 (mu_rec=1 mu_bwd=1) | grad=4.125 | tok/s=87,868 | tokens=5.68B
step=173300 | loss=4.2663 | lr=2.23e-04 | wd=0.0000 | mom=0.9500 | T=1.0 k=1.0 (mu_rec=1 mu_bwd=1) | grad=2.859 | tok/s=87,804 | tokens=5.68B
step=173310 | loss=4.3569 | lr=2.23e-04 | wd=0.0000 | mom=0.9500 | T=1.0 k=1.0 (mu_rec=1 mu_bwd=1) | grad=5.312 | tok/s=87,955 | tokens=5.68B
step=173320 | loss=4.1170 | lr=2.23e-04 | wd=0.0000 | mom=0.9500 | T=1.0 k=1.0 (mu_rec=1 mu_bwd=1) | grad=3.203 | tok/s=87,888 | tokens=5.68B
step=173330 | loss=4.1506 | lr=2.23e-04 | wd=0.0000 | mom=0.9500 | T=1.0 k=1.0 (mu_rec=1 mu_bwd=1) | grad=3.188 | tok/s=87,856 | tokens=5.68B
step=173340 | loss=4.1648 | lr=2.22e-04 | wd=0.0000 | mom=0.9500 | T=1.0 k=1.0 (mu_rec=1 mu_bwd=1) | grad=5.250 | tok/s=87,886 | tokens=5.68B
step=173350 | loss=4.2788 | lr=2.22e-04 | wd=0.0000 | mom=0.9500 | T=1.0 k=1.0 (mu_rec=1 mu_bwd=1) | grad=3.281 | tok/s=87,898 | tokens=5.68B
step=173360 | loss=4.9445 | lr=2.22e-04 | wd=0.0000 | mom=0.9500 | T=1.0 k=1.0 (mu_rec=1 mu_bwd=1) | grad=3.594 | tok/s=7,773 | tokens=5.68B
step=173370 | loss=4.2952 | lr=2.22e-04 | wd=0.0000 | mom=0.9500 | T=1.0 k=1.0 (mu_rec=1 mu_bwd=1) | grad=3.875 | tok/s=89,249 | tokens=5.68B
step=173380 | loss=4.6426 | lr=2.21e-04 | wd=0.0000 | mom=0.9500 | T=1.0 k=1.0 (mu_rec=1 mu_bwd=1) | grad=4.594 | tok/s=89,106 | tokens=5.68B
step=173390 | loss=4.4976 | lr=2.21e-04 | wd=0.0000 | mom=0.9500 | T=1.0 k=1.0 (mu_rec=1 mu_bwd=1) | grad=3.359 | tok/s=88,906 | tokens=5.68B
step=173400 | loss=4.3259 | lr=2.21e-04 | wd=0.0000 | mom=0.9500 | T=1.0 k=1.0 (mu_rec=1 mu_bwd=1) | grad=8.000 | tok/s=88,765 | tokens=5.68B
step=173410 | loss=4.0914 | lr=2.21e-04 | wd=0.0000 | mom=0.9500 | T=1.0 k=1.0 (mu_rec=1 mu_bwd=1) | grad=3.453 | tok/s=88,688 | tokens=5.68B
step=173420 | loss=4.3010 | lr=2.20e-04 | wd=0.0000 | mom=0.9500 | T=1.0 k=1.0 (mu_rec=1 mu_bwd=1) | grad=4.812 | tok/s=88,512 | tokens=5.68B
step=173430 | loss=4.1819 | lr=2.20e-04 | wd=0.0000 | mom=0.9500 | T=1.0 k=1.0 (mu_rec=1 mu_bwd=1) | grad=4.469 | tok/s=88,504 | tokens=5.68B
step=173440 | loss=4.1798 | lr=2.20e-04 | wd=0.0000 | mom=0.9500 | T=1.0 k=1.0 (mu_rec=1 mu_bwd=1) | grad=3.016 | tok/s=88,325 | tokens=5.68B
step=173450 | loss=4.2967 | lr=2.20e-04 | wd=0.0000 | mom=0.9500 | T=1.0 k=1.0 (mu_rec=1 mu_bwd=1) | grad=3.156 | tok/s=88,237 | tokens=5.68B
step=173460 | loss=4.5843 | lr=2.19e-04 | wd=0.0000 | mom=0.9500 | T=1.0 k=1.0 (mu_rec=1 mu_bwd=1) | grad=3.656 | tok/s=88,071 | tokens=5.68B
step=173470 | loss=4.6188 | lr=2.19e-04 | wd=0.0000 | mom=0.9500 | T=1.0 k=1.0 (mu_rec=1 mu_bwd=1) | grad=4.812 | tok/s=7,137 | tokens=5.68B
step=173480 | loss=4.2582 | lr=2.19e-04 | wd=0.0000 | mom=0.9500 | T=1.0 k=1.0 (mu_rec=1 mu_bwd=1) | grad=3.938 | tok/s=89,029 | tokens=5.68B
step=173490 | loss=4.2576 | lr=2.19e-04 | wd=0.0000 | mom=0.9500 | T=1.0 k=1.0 (mu_rec=1 mu_bwd=1) | grad=7.094 | tok/s=88,901 | tokens=5.68B
step=173500 | loss=4.3099 | lr=2.18e-04 | wd=0.0000 | mom=0.9500 | T=1.0 k=1.0 (mu_rec=1 mu_bwd=1) | grad=3.172 | tok/s=88,636 | tokens=5.69B
step=173510 | loss=4.3091 | lr=2.18e-04 | wd=0.0000 | mom=0.9500 | T=1.0 k=1.0 (mu_rec=1 mu_bwd=1) | grad=3.531 | tok/s=88,408 | tokens=5.69B
step=173520 | loss=4.2744 | lr=2.18e-04 | wd=0.0000 | mom=0.9500 | T=1.0 k=1.0 (mu_rec=1 mu_bwd=1) | grad=4.875 | tok/s=88,396 | tokens=5.69B
step=173530 | loss=4.2611 | lr=2.18e-04 | wd=0.0000 | mom=0.9500 | T=1.0 k=1.0 (mu_rec=1 mu_bwd=1) | grad=5.062 | tok/s=88,246 | tokens=5.69B
step=173540 | loss=4.0179 | lr=2.17e-04 | wd=0.0000 | mom=0.9500 | T=1.0 k=1.0 (mu_rec=1 mu_bwd=1) | grad=2.797 | tok/s=88,101 | tokens=5.69B
step=173550 | loss=3.9593 | lr=2.17e-04 | wd=0.0000 | mom=0.9500 | T=1.0 k=1.0 (mu_rec=1 mu_bwd=1) | grad=5.438 | tok/s=87,883 | tokens=5.69B
step=173560 | loss=4.0434 | lr=2.17e-04 | wd=0.0000 | mom=0.9500 | T=1.0 k=1.0 (mu_rec=1 mu_bwd=1) | grad=2.688 | tok/s=87,687 | tokens=5.69B
step=173570 | loss=4.2959 | lr=2.17e-04 | wd=0.0000 | mom=0.9500 | T=1.0 k=1.0 (mu_rec=1 mu_bwd=1) | grad=9.562 | tok/s=87,519 | tokens=5.69B
step=173580 | loss=4.0591 | lr=2.16e-04 | wd=0.0000 | mom=0.9500 | T=1.0 k=1.0 (mu_rec=1 mu_bwd=1) | grad=5.219 | tok/s=87,496 | tokens=5.69B
step=173590 | loss=4.1238 | lr=2.16e-04 | wd=0.0000 | mom=0.9500 | T=1.0 k=1.0 (mu_rec=1 mu_bwd=1) | grad=3.172 | tok/s=87,376 | tokens=5.69B
step=173600 | loss=4.3179 | lr=2.16e-04 | wd=0.0000 | mom=0.9500 | T=1.0 k=1.0 (mu_rec=1 mu_bwd=1) | grad=3.859 | tok/s=87,111 | tokens=5.69B
step=173610 | loss=4.2203 | lr=2.16e-04 | wd=0.0000 | mom=0.9500 | T=1.0 k=1.0 (mu_rec=1 mu_bwd=1) | grad=2.859 | tok/s=87,046 | tokens=5.69B
step=173620 | loss=4.8363 | lr=2.15e-04 | wd=0.0000 | mom=0.9500 | T=1.0 k=1.0 (mu_rec=1 mu_bwd=1) | grad=3.859 | tok/s=86,867 | tokens=5.69B
step=173630 | loss=4.2369 | lr=2.15e-04 | wd=0.0000 | mom=0.9500 | T=1.0 k=1.0 (mu_rec=1 mu_bwd=1) | grad=3.453 | tok/s=86,747 | tokens=5.69B
step=173640 | loss=4.1235 | lr=2.15e-04 | wd=0.0000 | mom=0.9500 | T=1.0 k=1.0 (mu_rec=1 mu_bwd=1) | grad=3.266 | tok/s=86,726 | tokens=5.69B
step=173650 | loss=4.2625 | lr=2.15e-04 | wd=0.0000 | mom=0.9500 | T=1.0 k=1.0 (mu_rec=1 mu_bwd=1) | grad=3.266 | tok/s=86,747 | tokens=5.69B
step=173660 | loss=3.8492 | lr=2.14e-04 | wd=0.0000 | mom=0.9500 | T=1.0 k=1.0 (mu_rec=1 mu_bwd=1) | grad=3.281 | tok/s=86,575 | tokens=5.69B
step=173670 | loss=4.6155 | lr=2.14e-04 | wd=0.0000 | mom=0.9500 | T=1.0 k=1.0 (mu_rec=1 mu_bwd=1) | grad=3.406 | tok/s=86,559 | tokens=5.69B
step=173680 | loss=4.4457 | lr=2.14e-04 | wd=0.0000 | mom=0.9500 | T=1.0 k=1.0 (mu_rec=1 mu_bwd=1) | grad=3.594 | tok/s=86,469 | tokens=5.69B
step=173690 | loss=4.2891 | lr=2.14e-04 | wd=0.0000 | mom=0.9500 | T=1.0 k=1.0 (mu_rec=1 mu_bwd=1) | grad=3.562 | tok/s=86,432 | tokens=5.69B
step=173700 | loss=4.6626 | lr=2.13e-04 | wd=0.0000 | mom=0.9500 | T=1.0 k=1.0 (mu_rec=1 mu_bwd=1) | grad=3.500 | tok/s=86,378 | tokens=5.69B
step=173710 | loss=4.5389 | lr=2.13e-04 | wd=0.0000 | mom=0.9500 | T=1.0 k=1.0 (mu_rec=1 mu_bwd=1) | grad=8.812 | tok/s=86,381 | tokens=5.69B
step=173720 | loss=4.2493 | lr=2.13e-04 | wd=0.0000 | mom=0.9500 | T=1.0 k=1.0 (mu_rec=1 mu_bwd=1) | grad=4.469 | tok/s=86,493 | tokens=5.69B
step=173730 | loss=4.2721 | lr=2.12e-04 | wd=0.0000 | mom=0.9500 | T=1.0 k=1.0 (mu_rec=1 mu_bwd=1) | grad=2.969 | tok/s=86,718 | tokens=5.69B
step=173740 | loss=4.3878 | lr=2.12e-04 | wd=0.0000 | mom=0.9500 | T=1.0 k=1.0 (mu_rec=1 mu_bwd=1) | grad=3.656 | tok/s=86,650 | tokens=5.69B
step=173750 | loss=4.4729 | lr=2.12e-04 | wd=0.0000 | mom=0.9500 | T=1.0 k=1.0 (mu_rec=1 mu_bwd=1) | grad=3.297 | tok/s=86,796 | tokens=5.69B
step=173760 | loss=4.2295 | lr=2.12e-04 | wd=0.0000 | mom=0.9500 | T=1.0 k=1.0 (mu_rec=1 mu_bwd=1) | grad=6.625 | tok/s=86,899 | tokens=5.69B
step=173770 | loss=4.1607 | lr=2.11e-04 | wd=0.0000 | mom=0.9500 | T=1.0 k=1.0 (mu_rec=1 mu_bwd=1) | grad=3.469 | tok/s=86,893 | tokens=5.69B
step=173780 | loss=4.3454 | lr=2.11e-04 | wd=0.0000 | mom=0.9500 | T=1.0 k=1.0 (mu_rec=1 mu_bwd=1) | grad=3.312 | tok/s=87,005 | tokens=5.69B
step=173790 | loss=4.3834 | lr=2.11e-04 | wd=0.0000 | mom=0.9500 | T=1.0 k=1.0 (mu_rec=1 mu_bwd=1) | grad=3.594 | tok/s=87,075 | tokens=5.69B
step=173800 | loss=4.1236 | lr=2.11e-04 | wd=0.0000 | mom=0.9500 | T=1.0 k=1.0 (mu_rec=1 mu_bwd=1) | grad=3.406 | tok/s=87,066 | tokens=5.70B
step=173810 | loss=4.4401 | lr=2.10e-04 | wd=0.0000 | mom=0.9500 | T=1.0 k=1.0 (mu_rec=1 mu_bwd=1) | grad=3.641 | tok/s=87,090 | tokens=5.70B
step=173820 | loss=4.4395 | lr=2.10e-04 | wd=0.0000 | mom=0.9500 | T=1.0 k=1.0 (mu_rec=1 mu_bwd=1) | grad=3.625 | tok/s=87,116 | tokens=5.70B
step=173830 | loss=4.2930 | lr=2.10e-04 | wd=0.0000 | mom=0.9500 | T=1.0 k=1.0 (mu_rec=1 mu_bwd=1) | grad=4.156 | tok/s=87,228 | tokens=5.70B
step=173840 | loss=4.3475 | lr=2.10e-04 | wd=0.0000 | mom=0.9500 | T=1.0 k=1.0 (mu_rec=1 mu_bwd=1) | grad=4.031 | tok/s=87,267 | tokens=5.70B
step=173850 | loss=4.5733 | lr=2.09e-04 | wd=0.0000 | mom=0.9500 | T=1.0 k=1.0 (mu_rec=1 mu_bwd=1) | grad=4.594 | tok/s=87,227 | tokens=5.70B
step=173860 | loss=4.4185 | lr=2.09e-04 | wd=0.0000 | mom=0.9500 | T=1.0 k=1.0 (mu_rec=1 mu_bwd=1) | grad=4.281 | tok/s=87,371 | tokens=5.70B
step=173870 | loss=4.1720 | lr=2.09e-04 | wd=0.0000 | mom=0.9500 | T=1.0 k=1.0 (mu_rec=1 mu_bwd=1) | grad=4.469 | tok/s=87,279 | tokens=5.70B
step=173880 | loss=3.9909 | lr=2.09e-04 | wd=0.0000 | mom=0.9500 | T=1.0 k=1.0 (mu_rec=1 mu_bwd=1) | grad=5.000 | tok/s=87,404 | tokens=5.70B
step=173890 | loss=4.1974 | lr=2.08e-04 | wd=0.0000 | mom=0.9500 | T=1.0 k=1.0 (mu_rec=1 mu_bwd=1) | grad=3.484 | tok/s=87,438 | tokens=5.70B
step=173900 | loss=4.5107 | lr=2.08e-04 | wd=0.0000 | mom=0.9500 | T=1.0 k=1.0 (mu_rec=1 mu_bwd=1) | grad=3.781 | tok/s=87,312 | tokens=5.70B
step=173910 | loss=4.4021 | lr=2.08e-04 | wd=0.0000 | mom=0.9500 | T=1.0 k=1.0 (mu_rec=1 mu_bwd=1) | grad=2.906 | tok/s=87,425 | tokens=5.70B
step=173920 | loss=4.2530 | lr=2.07e-04 | wd=0.0000 | mom=0.9500 | T=1.0 k=1.0 (mu_rec=1 mu_bwd=1) | grad=3.281 | tok/s=87,308 | tokens=5.70B
step=173930 | loss=4.5569 | lr=2.07e-04 | wd=0.0000 | mom=0.9500 | T=1.0 k=1.0 (mu_rec=1 mu_bwd=1) | grad=3.062 | tok/s=87,361 | tokens=5.70B
step=173940 | loss=4.5693 | lr=2.07e-04 | wd=0.0000 | mom=0.9500 | T=1.0 k=1.0 (mu_rec=1 mu_bwd=1) | grad=2.969 | tok/s=87,472 | tokens=5.70B
step=173950 | loss=4.3003 | lr=2.07e-04 | wd=0.0000 | mom=0.9500 | T=1.0 k=1.0 (mu_rec=1 mu_bwd=1) | grad=3.297 | tok/s=87,283 | tokens=5.70B
step=173960 | loss=4.4314 | lr=2.06e-04 | wd=0.0000 | mom=0.9500 | T=1.0 k=1.0 (mu_rec=1 mu_bwd=1) | grad=3.406 | tok/s=87,477 | tokens=5.70B
step=173970 | loss=4.4815 | lr=2.06e-04 | wd=0.0000 | mom=0.9500 | T=1.0 k=1.0 (mu_rec=1 mu_bwd=1) | grad=4.281 | tok/s=87,535 | tokens=5.70B
step=173980 | loss=4.1285 | lr=2.06e-04 | wd=0.0000 | mom=0.9500 | T=1.0 k=1.0 (mu_rec=1 mu_bwd=1) | grad=3.047 | tok/s=87,457 | tokens=5.70B
step=173990 | loss=4.6447 | lr=2.06e-04 | wd=0.0000 | mom=0.9500 | T=1.0 k=1.0 (mu_rec=1 mu_bwd=1) | grad=3.438 | tok/s=87,488 | tokens=5.70B
step=174000 | loss=4.3571 | lr=2.05e-04 | wd=0.0000 | mom=0.9500 | T=1.0 k=1.0 (mu_rec=1 mu_bwd=1) | grad=4.312 | tok/s=87,542 | tokens=5.70B
[step 174000] Saved -> runs/pythia-5b/checkpoint_0174000
[step 174000] Pruned -> runs/pythia-5b/checkpoint_0168000
step=174010 | loss=4.7015 | lr=2.05e-04 | wd=0.0000 | mom=0.9500 | T=1.0 k=1.0 (mu_rec=1 mu_bwd=1) | grad=4.125 | tok/s=71,807 | tokens=5.70B
step=174020 | loss=5.0727 | lr=2.05e-04 | wd=0.0000 | mom=0.9500 | T=1.0 k=1.0 (mu_rec=1 mu_bwd=1) | grad=4.719 | tok/s=87,628 | tokens=5.70B
step=174030 | loss=4.4204 | lr=2.05e-04 | wd=0.0000 | mom=0.9500 | T=1.0 k=1.0 (mu_rec=1 mu_bwd=1) | grad=13.938 | tok/s=87,560 | tokens=5.70B
step=174040 | loss=3.7711 | lr=2.04e-04 | wd=0.0000 | mom=0.9500 | T=1.0 k=1.0 (mu_rec=1 mu_bwd=1) | grad=4.219 | tok/s=87,467 | tokens=5.70B
step=174050 | loss=4.2939 | lr=2.04e-04 | wd=0.0000 | mom=0.9500 | T=1.0 k=1.0 (mu_rec=1 mu_bwd=1) | grad=6.875 | tok/s=87,613 | tokens=5.70B
step=174060 | loss=4.3542 | lr=2.04e-04 | wd=0.0000 | mom=0.9500 | T=1.0 k=1.0 (mu_rec=1 mu_bwd=1) | grad=4.375 | tok/s=87,563 | tokens=5.70B
step=174070 | loss=4.2021 | lr=2.04e-04 | wd=0.0000 | mom=0.9500 | T=1.0 k=1.0 (mu_rec=1 mu_bwd=1) | grad=3.719 | tok/s=87,618 | tokens=5.70B
step=174080 | loss=4.5160 | lr=2.03e-04 | wd=0.0000 | mom=0.9500 | T=1.0 k=1.0 (mu_rec=1 mu_bwd=1) | grad=5.750 | tok/s=87,547 | tokens=5.70B
step=174090 | loss=4.9150 | lr=2.03e-04 | wd=0.0000 | mom=0.9500 | T=1.0 k=1.0 (mu_rec=1 mu_bwd=1) | grad=4.281 | tok/s=87,512 | tokens=5.70B
step=174100 | loss=4.4118 | lr=2.03e-04 | wd=0.0000 | mom=0.9500 | T=1.0 k=1.0 (mu_rec=1 mu_bwd=1) | grad=3.516 | tok/s=87,531 | tokens=5.70B
step=174110 | loss=4.3272 | lr=2.02e-04 | wd=0.0000 | mom=0.9500 | T=1.0 k=1.0 (mu_rec=1 mu_bwd=1) | grad=15.500 | tok/s=87,660 | tokens=5.71B
step=174120 | loss=4.1578 | lr=2.02e-04 | wd=0.0000 | mom=0.9500 | T=1.0 k=1.0 (mu_rec=1 mu_bwd=1) | grad=3.703 | tok/s=87,556 | tokens=5.71B
step=174130 | loss=4.5666 | lr=2.02e-04 | wd=0.0000 | mom=0.9500 | T=1.0 k=1.0 (mu_rec=1 mu_bwd=1) | grad=3.203 | tok/s=87,635 | tokens=5.71B
step=174140 | loss=4.3248 | lr=2.02e-04 | wd=0.0000 | mom=0.9500 | T=1.0 k=1.0 (mu_rec=1 mu_bwd=1) | grad=3.031 | tok/s=87,627 | tokens=5.71B
step=174150 | loss=4.0221 | lr=2.01e-04 | wd=0.0000 | mom=0.9500 | T=1.0 k=1.0 (mu_rec=1 mu_bwd=1) | grad=3.219 | tok/s=87,604 | tokens=5.71B
step=174160 | loss=4.1800 | lr=2.01e-04 | wd=0.0000 | mom=0.9500 | T=1.0 k=1.0 (mu_rec=1 mu_bwd=1) | grad=5.969 | tok/s=87,593 | tokens=5.71B
step=174170 | loss=4.2500 | lr=2.01e-04 | wd=0.0000 | mom=0.9500 | T=1.0 k=1.0 (mu_rec=1 mu_bwd=1) | grad=3.141 | tok/s=87,617 | tokens=5.71B
step=174180 | loss=4.3344 | lr=2.01e-04 | wd=0.0000 | mom=0.9500 | T=1.0 k=1.0 (mu_rec=1 mu_bwd=1) | grad=2.828 | tok/s=87,588 | tokens=5.71B
step=174190 | loss=4.3917 | lr=2.00e-04 | wd=0.0000 | mom=0.9500 | T=1.0 k=1.0 (mu_rec=1 mu_bwd=1) | grad=3.234 | tok/s=87,737 | tokens=5.71B
step=174200 | loss=4.3262 | lr=2.00e-04 | wd=0.0000 | mom=0.9500 | T=1.0 k=1.0 (mu_rec=1 mu_bwd=1) | grad=4.312 | tok/s=87,513 | tokens=5.71B
step=174210 | loss=4.4282 | lr=2.00e-04 | wd=0.0000 | mom=0.9500 | T=1.0 k=1.0 (mu_rec=1 mu_bwd=1) | grad=3.469 | tok/s=87,581 | tokens=5.71B
step=174220 | loss=4.2731 | lr=1.99e-04 | wd=0.0000 | mom=0.9500 | T=1.0 k=1.0 (mu_rec=1 mu_bwd=1) | grad=3.234 | tok/s=87,710 | tokens=5.71B
step=174230 | loss=4.2980 | lr=1.99e-04 | wd=0.0000 | mom=0.9500 | T=1.0 k=1.0 (mu_rec=1 mu_bwd=1) | grad=5.062 | tok/s=87,714 | tokens=5.71B
step=174240 | loss=4.2913 | lr=1.99e-04 | wd=0.0000 | mom=0.9500 | T=1.0 k=1.0 (mu_rec=1 mu_bwd=1) | grad=3.953 | tok/s=9,505 | tokens=5.71B
step=174250 | loss=4.1650 | lr=1.99e-04 | wd=0.0000 | mom=0.9500 | T=1.0 k=1.0 (mu_rec=1 mu_bwd=1) | grad=2.938 | tok/s=88,984 | tokens=5.71B
step=174260 | loss=4.1495 | lr=1.98e-04 | wd=0.0000 | mom=0.9500 | T=1.0 k=1.0 (mu_rec=1 mu_bwd=1) | grad=3.719 | tok/s=88,768 | tokens=5.71B
step=174270 | loss=4.2962 | lr=1.98e-04 | wd=0.0000 | mom=0.9500 | T=1.0 k=1.0 (mu_rec=1 mu_bwd=1) | grad=3.047 | tok/s=88,714 | tokens=5.71B
step=174280 | loss=4.1505 | lr=1.98e-04 | wd=0.0000 | mom=0.9500 | T=1.0 k=1.0 (mu_rec=1 mu_bwd=1) | grad=5.281 | tok/s=88,513 | tokens=5.71B
step=174290 | loss=4.4542 | lr=1.98e-04 | wd=0.0000 | mom=0.9500 | T=1.0 k=1.0 (mu_rec=1 mu_bwd=1) | grad=3.469 | tok/s=88,480 | tokens=5.71B
step=174300 | loss=4.3733 | lr=1.97e-04 | wd=0.0000 | mom=0.9500 | T=1.0 k=1.0 (mu_rec=1 mu_bwd=1) | grad=3.141 | tok/s=88,421 | tokens=5.71B
step=174310 | loss=4.1447 | lr=1.97e-04 | wd=0.0000 | mom=0.9500 | T=1.0 k=1.0 (mu_rec=1 mu_bwd=1) | grad=3.469 | tok/s=88,231 | tokens=5.71B
step=174320 | loss=4.6928 | lr=1.97e-04 | wd=0.0000 | mom=0.9500 | T=1.0 k=1.0 (mu_rec=1 mu_bwd=1) | grad=4.312 | tok/s=88,183 | tokens=5.71B
step=174330 | loss=4.5251 | lr=1.97e-04 | wd=0.0000 | mom=0.9500 | T=1.0 k=1.0 (mu_rec=1 mu_bwd=1) | grad=3.234 | tok/s=88,057 | tokens=5.71B
step=174340 | loss=4.3614 | lr=1.96e-04 | wd=0.0000 | mom=0.9500 | T=1.0 k=1.0 (mu_rec=1 mu_bwd=1) | grad=3.438 | tok/s=87,929 | tokens=5.71B
step=174350 | loss=4.2371 | lr=1.96e-04 | wd=0.0000 | mom=0.9500 | T=1.0 k=1.0 (mu_rec=1 mu_bwd=1) | grad=3.109 | tok/s=87,944 | tokens=5.71B
step=174360 | loss=4.4189 | lr=1.96e-04 | wd=0.0000 | mom=0.9500 | T=1.0 k=1.0 (mu_rec=1 mu_bwd=1) | grad=4.000 | tok/s=87,868 | tokens=5.71B
step=174370 | loss=4.4810 | lr=1.95e-04 | wd=0.0000 | mom=0.9500 | T=1.0 k=1.0 (mu_rec=1 mu_bwd=1) | grad=4.500 | tok/s=87,704 | tokens=5.71B
step=174380 | loss=4.2145 | lr=1.95e-04 | wd=0.0000 | mom=0.9500 | T=1.0 k=1.0 (mu_rec=1 mu_bwd=1) | grad=3.359 | tok/s=87,512 | tokens=5.71B
step=174390 | loss=4.1985 | lr=1.95e-04 | wd=0.0000 | mom=0.9500 | T=1.0 k=1.0 (mu_rec=1 mu_bwd=1) | grad=3.281 | tok/s=87,599 | tokens=5.71B
step=174400 | loss=4.2472 | lr=1.95e-04 | wd=0.0000 | mom=0.9500 | T=1.0 k=1.0 (mu_rec=1 mu_bwd=1) | grad=3.266 | tok/s=87,532 | tokens=5.71B
step=174410 | loss=4.2612 | lr=1.94e-04 | wd=0.0000 | mom=0.9500 | T=1.0 k=1.0 (mu_rec=1 mu_bwd=1) | grad=5.156 | tok/s=87,441 | tokens=5.72B
step=174420 | loss=4.4085 | lr=1.94e-04 | wd=0.0000 | mom=0.9500 | T=1.0 k=1.0 (mu_rec=1 mu_bwd=1) | grad=3.188 | tok/s=87,375 | tokens=5.72B
step=174430 | loss=4.9256 | lr=1.94e-04 | wd=0.0000 | mom=0.9500 | T=1.0 k=1.0 (mu_rec=1 mu_bwd=1) | grad=6.031 | tok/s=87,347 | tokens=5.72B
step=174440 | loss=4.2912 | lr=1.94e-04 | wd=0.0000 | mom=0.9500 | T=1.0 k=1.0 (mu_rec=1 mu_bwd=1) | grad=4.438 | tok/s=87,332 | tokens=5.72B
step=174450 | loss=4.8668 | lr=1.93e-04 | wd=0.0000 | mom=0.9500 | T=1.0 k=1.0 (mu_rec=1 mu_bwd=1) | grad=5.469 | tok/s=87,185 | tokens=5.72B
step=174460 | loss=4.3490 | lr=1.93e-04 | wd=0.0000 | mom=0.9500 | T=1.0 k=1.0 (mu_rec=1 mu_bwd=1) | grad=6.531 | tok/s=87,111 | tokens=5.72B
step=174470 | loss=4.2300 | lr=1.93e-04 | wd=0.0000 | mom=0.9500 | T=1.0 k=1.0 (mu_rec=1 mu_bwd=1) | grad=4.188 | tok/s=8,321 | tokens=5.72B
step=174480 | loss=4.2649 | lr=1.92e-04 | wd=0.0000 | mom=0.9500 | T=1.0 k=1.0 (mu_rec=1 mu_bwd=1) | grad=2.984 | tok/s=88,815 | tokens=5.72B
step=174490 | loss=4.1997 | lr=1.92e-04 | wd=0.0000 | mom=0.9500 | T=1.0 k=1.0 (mu_rec=1 mu_bwd=1) | grad=3.219 | tok/s=88,429 | tokens=5.72B
step=174500 | loss=4.2511 | lr=1.92e-04 | wd=0.0000 | mom=0.9500 | T=1.0 k=1.0 (mu_rec=1 mu_bwd=1) | grad=12.375 | tok/s=88,216 | tokens=5.72B
step=174510 | loss=4.4226 | lr=1.92e-04 | wd=0.0000 | mom=0.9500 | T=1.0 k=1.0 (mu_rec=1 mu_bwd=1) | grad=3.047 | tok/s=88,238 | tokens=5.72B
step=174520 | loss=4.0732 | lr=1.91e-04 | wd=0.0000 | mom=0.9500 | T=1.0 k=1.0 (mu_rec=1 mu_bwd=1) | grad=3.578 | tok/s=87,968 | tokens=5.72B
step=174530 | loss=4.3206 | lr=1.91e-04 | wd=0.0000 | mom=0.9500 | T=1.0 k=1.0 (mu_rec=1 mu_bwd=1) | grad=4.188 | tok/s=87,838 | tokens=5.72B
step=174540 | loss=4.2269 | lr=1.91e-04 | wd=0.0000 | mom=0.9500 | T=1.0 k=1.0 (mu_rec=1 mu_bwd=1) | grad=3.688 | tok/s=87,684 | tokens=5.72B
step=174550 | loss=4.1370 | lr=1.91e-04 | wd=0.0000 | mom=0.9500 | T=1.0 k=1.0 (mu_rec=1 mu_bwd=1) | grad=3.422 | tok/s=87,423 | tokens=5.72B
step=174560 | loss=4.1685 | lr=1.90e-04 | wd=0.0000 | mom=0.9500 | T=1.0 k=1.0 (mu_rec=1 mu_bwd=1) | grad=2.922 | tok/s=87,401 | tokens=5.72B
step=174570 | loss=3.9970 | lr=1.90e-04 | wd=0.0000 | mom=0.9500 | T=1.0 k=1.0 (mu_rec=1 mu_bwd=1) | grad=3.031 | tok/s=87,220 | tokens=5.72B
step=174580 | loss=4.3029 | lr=1.90e-04 | wd=0.0000 | mom=0.9500 | T=1.0 k=1.0 (mu_rec=1 mu_bwd=1) | grad=4.656 | tok/s=87,063 | tokens=5.72B
step=174590 | loss=4.3067 | lr=1.89e-04 | wd=0.0000 | mom=0.9500 | T=1.0 k=1.0 (mu_rec=1 mu_bwd=1) | grad=3.875 | tok/s=87,011 | tokens=5.72B
step=174600 | loss=4.2921 | lr=1.89e-04 | wd=0.0000 | mom=0.9500 | T=1.0 k=1.0 (mu_rec=1 mu_bwd=1) | grad=3.531 | tok/s=86,908 | tokens=5.72B
step=174610 | loss=4.0986 | lr=1.89e-04 | wd=0.0000 | mom=0.9500 | T=1.0 k=1.0 (mu_rec=1 mu_bwd=1) | grad=3.578 | tok/s=86,807 | tokens=5.72B
step=174620 | loss=4.0968 | lr=1.89e-04 | wd=0.0000 | mom=0.9500 | T=1.0 k=1.0 (mu_rec=1 mu_bwd=1) | grad=5.281 | tok/s=86,660 | tokens=5.72B
step=174630 | loss=4.1867 | lr=1.88e-04 | wd=0.0000 | mom=0.9500 | T=1.0 k=1.0 (mu_rec=1 mu_bwd=1) | grad=4.625 | tok/s=86,598 | tokens=5.72B
step=174640 | loss=4.2315 | lr=1.88e-04 | wd=0.0000 | mom=0.9500 | T=1.0 k=1.0 (mu_rec=1 mu_bwd=1) | grad=3.188 | tok/s=86,346 | tokens=5.72B
step=174650 | loss=4.3240 | lr=1.88e-04 | wd=0.0000 | mom=0.9500 | T=1.0 k=1.0 (mu_rec=1 mu_bwd=1) | grad=5.625 | tok/s=86,454 | tokens=5.72B
step=174660 | loss=4.3127 | lr=1.88e-04 | wd=0.0000 | mom=0.9500 | T=1.0 k=1.0 (mu_rec=1 mu_bwd=1) | grad=3.516 | tok/s=86,569 | tokens=5.72B
step=174670 | loss=4.4597 | lr=1.87e-04 | wd=0.0000 | mom=0.9500 | T=1.0 k=1.0 (mu_rec=1 mu_bwd=1) | grad=3.500 | tok/s=86,604 | tokens=5.72B
step=174680 | loss=4.6423 | lr=1.87e-04 | wd=0.0000 | mom=0.9500 | T=1.0 k=1.0 (mu_rec=1 mu_bwd=1) | grad=3.406 | tok/s=86,639 | tokens=5.72B
step=174690 | loss=4.2095 | lr=1.87e-04 | wd=0.0000 | mom=0.9500 | T=1.0 k=1.0 (mu_rec=1 mu_bwd=1) | grad=4.156 | tok/s=86,766 | tokens=5.72B
step=174700 | loss=4.2711 | lr=1.86e-04 | wd=0.0000 | mom=0.9500 | T=1.0 k=1.0 (mu_rec=1 mu_bwd=1) | grad=4.156 | tok/s=86,830 | tokens=5.72B
step=174710 | loss=4.0635 | lr=1.86e-04 | wd=0.0000 | mom=0.9500 | T=1.0 k=1.0 (mu_rec=1 mu_bwd=1) | grad=4.312 | tok/s=86,823 | tokens=5.72B
step=174720 | loss=4.3045 | lr=1.86e-04 | wd=0.0000 | mom=0.9500 | T=1.0 k=1.0 (mu_rec=1 mu_bwd=1) | grad=3.422 | tok/s=86,975 | tokens=5.73B
step=174730 | loss=4.0836 | lr=1.86e-04 | wd=0.0000 | mom=0.9500 | T=1.0 k=1.0 (mu_rec=1 mu_bwd=1) | grad=5.188 | tok/s=87,161 | tokens=5.73B
step=174740 | loss=4.2527 | lr=1.85e-04 | wd=0.0000 | mom=0.9500 | T=1.0 k=1.0 (mu_rec=1 mu_bwd=1) | grad=4.688 | tok/s=87,214 | tokens=5.73B
step=174750 | loss=4.1686 | lr=1.85e-04 | wd=0.0000 | mom=0.9500 | T=1.0 k=1.0 (mu_rec=1 mu_bwd=1) | grad=3.125 | tok/s=87,188 | tokens=5.73B
step=174760 | loss=4.6600 | lr=1.85e-04 | wd=0.0000 | mom=0.9500 | T=1.0 k=1.0 (mu_rec=1 mu_bwd=1) | grad=6.500 | tok/s=87,113 | tokens=5.73B
step=174770 | loss=4.7689 | lr=1.85e-04 | wd=0.0000 | mom=0.9500 | T=1.0 k=1.0 (mu_rec=1 mu_bwd=1) | grad=4.719 | tok/s=87,135 | tokens=5.73B
step=174780 | loss=4.5381 | lr=1.84e-04 | wd=0.0000 | mom=0.9500 | T=1.0 k=1.0 (mu_rec=1 mu_bwd=1) | grad=3.734 | tok/s=87,307 | tokens=5.73B
step=174790 | loss=4.2696 | lr=1.84e-04 | wd=0.0000 | mom=0.9500 | T=1.0 k=1.0 (mu_rec=1 mu_bwd=1) | grad=3.812 | tok/s=87,217 | tokens=5.73B
step=174800 | loss=4.5172 | lr=1.84e-04 | wd=0.0000 | mom=0.9500 | T=1.0 k=1.0 (mu_rec=1 mu_bwd=1) | grad=4.375 | tok/s=87,288 | tokens=5.73B
step=174810 | loss=4.2684 | lr=1.83e-04 | wd=0.0000 | mom=0.9500 | T=1.0 k=1.0 (mu_rec=1 mu_bwd=1) | grad=3.984 | tok/s=87,462 | tokens=5.73B
step=174820 | loss=4.3291 | lr=1.83e-04 | wd=0.0000 | mom=0.9500 | T=1.0 k=1.0 (mu_rec=1 mu_bwd=1) | grad=3.344 | tok/s=87,413 | tokens=5.73B
step=174830 | loss=4.4716 | lr=1.83e-04 | wd=0.0000 | mom=0.9500 | T=1.0 k=1.0 (mu_rec=1 mu_bwd=1) | grad=3.469 | tok/s=87,361 | tokens=5.73B
step=174840 | loss=4.6336 | lr=1.83e-04 | wd=0.0000 | mom=0.9500 | T=1.0 k=1.0 (mu_rec=1 mu_bwd=1) | grad=4.125 | tok/s=87,488 | tokens=5.73B
step=174850 | loss=4.1569 | lr=1.82e-04 | wd=0.0000 | mom=0.9500 | T=1.0 k=1.0 (mu_rec=1 mu_bwd=1) | grad=14.375 | tok/s=87,536 | tokens=5.73B
step=174860 | loss=4.6037 | lr=1.82e-04 | wd=0.0000 | mom=0.9500 | T=1.0 k=1.0 (mu_rec=1 mu_bwd=1) | grad=3.844 | tok/s=87,462 | tokens=5.73B
step=174870 | loss=4.3163 | lr=1.82e-04 | wd=0.0000 | mom=0.9500 | T=1.0 k=1.0 (mu_rec=1 mu_bwd=1) | grad=3.688 | tok/s=87,591 | tokens=5.73B
step=174880 | loss=4.2727 | lr=1.81e-04 | wd=0.0000 | mom=0.9500 | T=1.0 k=1.0 (mu_rec=1 mu_bwd=1) | grad=5.469 | tok/s=87,364 | tokens=5.73B
step=174890 | loss=3.7876 | lr=1.81e-04 | wd=0.0000 | mom=0.9500 | T=1.0 k=1.0 (mu_rec=1 mu_bwd=1) | grad=3.172 | tok/s=87,676 | tokens=5.73B
step=174900 | loss=4.2545 | lr=1.81e-04 | wd=0.0000 | mom=0.9500 | T=1.0 k=1.0 (mu_rec=1 mu_bwd=1) | grad=3.953 | tok/s=87,632 | tokens=5.73B
step=174910 | loss=4.3420 | lr=1.81e-04 | wd=0.0000 | mom=0.9500 | T=1.0 k=1.0 (mu_rec=1 mu_bwd=1) | grad=3.406 | tok/s=87,480 | tokens=5.73B
step=174920 | loss=4.0603 | lr=1.80e-04 | wd=0.0000 | mom=0.9500 | T=1.0 k=1.0 (mu_rec=1 mu_bwd=1) | grad=5.281 | tok/s=87,567 | tokens=5.73B
step=174930 | loss=4.3322 | lr=1.80e-04 | wd=0.0000 | mom=0.9500 | T=1.0 k=1.0 (mu_rec=1 mu_bwd=1) | grad=3.672 | tok/s=87,622 | tokens=5.73B
step=174940 | loss=4.4047 | lr=1.80e-04 | wd=0.0000 | mom=0.9500 | T=1.0 k=1.0 (mu_rec=1 mu_bwd=1) | grad=5.688 | tok/s=87,543 | tokens=5.73B
step=174950 | loss=4.2614 | lr=1.80e-04 | wd=0.0000 | mom=0.9500 | T=1.0 k=1.0 (mu_rec=1 mu_bwd=1) | grad=2.953 | tok/s=87,631 | tokens=5.73B
step=174960 | loss=4.1883 | lr=1.79e-04 | wd=0.0000 | mom=0.9500 | T=1.0 k=1.0 (mu_rec=1 mu_bwd=1) | grad=4.031 | tok/s=87,718 | tokens=5.73B
step=174970 | loss=4.4217 | lr=1.79e-04 | wd=0.0000 | mom=0.9500 | T=1.0 k=1.0 (mu_rec=1 mu_bwd=1) | grad=3.500 | tok/s=87,658 | tokens=5.73B
step=174980 | loss=4.3507 | lr=1.79e-04 | wd=0.0000 | mom=0.9500 | T=1.0 k=1.0 (mu_rec=1 mu_bwd=1) | grad=2.656 | tok/s=87,728 | tokens=5.73B
step=174990 | loss=4.2063 | lr=1.78e-04 | wd=0.0000 | mom=0.9500 | T=1.0 k=1.0 (mu_rec=1 mu_bwd=1) | grad=3.031 | tok/s=87,716 | tokens=5.73B
step=175000 | loss=4.5755 | lr=1.78e-04 | wd=0.0000 | mom=0.9500 | T=1.0 k=1.0 (mu_rec=1 mu_bwd=1) | grad=3.266 | tok/s=87,662 | tokens=5.73B
step=175010 | loss=4.3096 | lr=1.78e-04 | wd=0.0000 | mom=0.9500 | T=1.0 k=1.0 (mu_rec=1 mu_bwd=1) | grad=2.984 | tok/s=87,698 | tokens=5.73B
step=175020 | loss=4.2059 | lr=1.78e-04 | wd=0.0000 | mom=0.9500 | T=1.0 k=1.0 (mu_rec=1 mu_bwd=1) | grad=3.516 | tok/s=87,674 | tokens=5.74B
step=175030 | loss=4.3937 | lr=1.77e-04 | wd=0.0000 | mom=0.9500 | T=1.0 k=1.0 (mu_rec=1 mu_bwd=1) | grad=3.578 | tok/s=87,688 | tokens=5.74B
step=175040 | loss=4.8106 | lr=1.77e-04 | wd=0.0000 | mom=0.9500 | T=1.0 k=1.0 (mu_rec=1 mu_bwd=1) | grad=7.812 | tok/s=87,572 | tokens=5.74B
step=175050 | loss=4.1870 | lr=1.77e-04 | wd=0.0000 | mom=0.9500 | T=1.0 k=1.0 (mu_rec=1 mu_bwd=1) | grad=6.094 | tok/s=87,774 | tokens=5.74B
step=175060 | loss=4.2491 | lr=1.77e-04 | wd=0.0000 | mom=0.9500 | T=1.0 k=1.0 (mu_rec=1 mu_bwd=1) | grad=5.156 | tok/s=87,646 | tokens=5.74B
step=175070 | loss=4.4063 | lr=1.76e-04 | wd=0.0000 | mom=0.9500 | T=1.0 k=1.0 (mu_rec=1 mu_bwd=1) | grad=4.906 | tok/s=87,780 | tokens=5.74B
step=175080 | loss=4.3097 | lr=1.76e-04 | wd=0.0000 | mom=0.9500 | T=1.0 k=1.0 (mu_rec=1 mu_bwd=1) | grad=4.281 | tok/s=87,785 | tokens=5.74B
step=175090 | loss=4.2821 | lr=1.76e-04 | wd=0.0000 | mom=0.9500 | T=1.0 k=1.0 (mu_rec=1 mu_bwd=1) | grad=3.547 | tok/s=9,742 | tokens=5.74B
step=175100 | loss=4.3269 | lr=1.75e-04 | wd=0.0000 | mom=0.9500 | T=1.0 k=1.0 (mu_rec=1 mu_bwd=1) | grad=3.516 | tok/s=89,231 | tokens=5.74B
step=175110 | loss=4.2048 | lr=1.75e-04 | wd=0.0000 | mom=0.9500 | T=1.0 k=1.0 (mu_rec=1 mu_bwd=1) | grad=3.688 | tok/s=89,064 | tokens=5.74B
step=175120 | loss=4.3467 | lr=1.75e-04 | wd=0.0000 | mom=0.9500 | T=1.0 k=1.0 (mu_rec=1 mu_bwd=1) | grad=4.438 | tok/s=88,925 | tokens=5.74B
step=175130 | loss=4.4176 | lr=1.75e-04 | wd=0.0000 | mom=0.9500 | T=1.0 k=1.0 (mu_rec=1 mu_bwd=1) | grad=3.859 | tok/s=88,649 | tokens=5.74B
step=175140 | loss=4.5156 | lr=1.74e-04 | wd=0.0000 | mom=0.9500 | T=1.0 k=1.0 (mu_rec=1 mu_bwd=1) | grad=3.172 | tok/s=88,678 | tokens=5.74B
step=175150 | loss=4.4419 | lr=1.74e-04 | wd=0.0000 | mom=0.9500 | T=1.0 k=1.0 (mu_rec=1 mu_bwd=1) | grad=3.219 | tok/s=88,603 | tokens=5.74B
step=175160 | loss=4.3393 | lr=1.74e-04 | wd=0.0000 | mom=0.9500 | T=1.0 k=1.0 (mu_rec=1 mu_bwd=1) | grad=3.219 | tok/s=88,341 | tokens=5.74B
step=175170 | loss=4.2680 | lr=1.73e-04 | wd=0.0000 | mom=0.9500 | T=1.0 k=1.0 (mu_rec=1 mu_bwd=1) | grad=3.016 | tok/s=88,481 | tokens=5.74B
step=175180 | loss=4.4308 | lr=1.73e-04 | wd=0.0000 | mom=0.9500 | T=1.0 k=1.0 (mu_rec=1 mu_bwd=1) | grad=2.641 | tok/s=88,318 | tokens=5.74B
step=175190 | loss=4.2842 | lr=1.73e-04 | wd=0.0000 | mom=0.9500 | T=1.0 k=1.0 (mu_rec=1 mu_bwd=1) | grad=3.016 | tok/s=88,180 | tokens=5.74B
step=175200 | loss=4.2072 | lr=1.73e-04 | wd=0.0000 | mom=0.9500 | T=1.0 k=1.0 (mu_rec=1 mu_bwd=1) | grad=3.906 | tok/s=88,165 | tokens=5.74B
step=175210 | loss=4.2146 | lr=1.72e-04 | wd=0.0000 | mom=0.9500 | T=1.0 k=1.0 (mu_rec=1 mu_bwd=1) | grad=3.516 | tok/s=88,280 | tokens=5.74B
step=175220 | loss=4.2530 | lr=1.72e-04 | wd=0.0000 | mom=0.9500 | T=1.0 k=1.0 (mu_rec=1 mu_bwd=1) | grad=4.156 | tok/s=88,056 | tokens=5.74B
step=175230 | loss=4.3193 | lr=1.72e-04 | wd=0.0000 | mom=0.9500 | T=1.0 k=1.0 (mu_rec=1 mu_bwd=1) | grad=4.125 | tok/s=87,962 | tokens=5.74B
step=175240 | loss=4.2826 | lr=1.72e-04 | wd=0.0000 | mom=0.9500 | T=1.0 k=1.0 (mu_rec=1 mu_bwd=1) | grad=2.906 | tok/s=88,006 | tokens=5.74B
step=175250 | loss=4.3650 | lr=1.71e-04 | wd=0.0000 | mom=0.9500 | T=1.0 k=1.0 (mu_rec=1 mu_bwd=1) | grad=3.266 | tok/s=87,969 | tokens=5.74B
step=175260 | loss=4.3265 | lr=1.71e-04 | wd=0.0000 | mom=0.9500 | T=1.0 k=1.0 (mu_rec=1 mu_bwd=1) | grad=3.406 | tok/s=87,887 | tokens=5.74B
step=175270 | loss=4.2979 | lr=1.71e-04 | wd=0.0000 | mom=0.9500 | T=1.0 k=1.0 (mu_rec=1 mu_bwd=1) | grad=3.578 | tok/s=87,912 | tokens=5.74B
step=175280 | loss=4.2584 | lr=1.70e-04 | wd=0.0000 | mom=0.9500 | T=1.0 k=1.0 (mu_rec=1 mu_bwd=1) | grad=3.281 | tok/s=87,771 | tokens=5.74B
step=175290 | loss=4.4199 | lr=1.70e-04 | wd=0.0000 | mom=0.9500 | T=1.0 k=1.0 (mu_rec=1 mu_bwd=1) | grad=3.406 | tok/s=87,874 | tokens=5.74B
step=175300 | loss=4.4092 | lr=1.70e-04 | wd=0.0000 | mom=0.9500 | T=1.0 k=1.0 (mu_rec=1 mu_bwd=1) | grad=2.703 | tok/s=87,623 | tokens=5.74B
step=175310 | loss=4.2793 | lr=1.70e-04 | wd=0.0000 | mom=0.9500 | T=1.0 k=1.0 (mu_rec=1 mu_bwd=1) | grad=2.938 | tok/s=87,685 | tokens=5.74B
step=175320 | loss=4.3693 | lr=1.69e-04 | wd=0.0000 | mom=0.9500 | T=1.0 k=1.0 (mu_rec=1 mu_bwd=1) | grad=10.625 | tok/s=87,735 | tokens=5.74B
step=175330 | loss=4.3769 | lr=1.69e-04 | wd=0.0000 | mom=0.9500 | T=1.0 k=1.0 (mu_rec=1 mu_bwd=1) | grad=2.891 | tok/s=87,680 | tokens=5.75B
step=175340 | loss=4.4249 | lr=1.69e-04 | wd=0.0000 | mom=0.9500 | T=1.0 k=1.0 (mu_rec=1 mu_bwd=1) | grad=4.594 | tok/s=87,601 | tokens=5.75B
step=175350 | loss=3.9823 | lr=1.68e-04 | wd=0.0000 | mom=0.9500 | T=1.0 k=1.0 (mu_rec=1 mu_bwd=1) | grad=3.062 | tok/s=87,619 | tokens=5.75B
step=175360 | loss=4.3518 | lr=1.68e-04 | wd=0.0000 | mom=0.9500 | T=1.0 k=1.0 (mu_rec=1 mu_bwd=1) | grad=4.438 | tok/s=87,517 | tokens=5.75B
step=175370 | loss=4.2228 | lr=1.68e-04 | wd=0.0000 | mom=0.9500 | T=1.0 k=1.0 (mu_rec=1 mu_bwd=1) | grad=4.531 | tok/s=87,489 | tokens=5.75B
step=175380 | loss=4.1656 | lr=1.68e-04 | wd=0.0000 | mom=0.9500 | T=1.0 k=1.0 (mu_rec=1 mu_bwd=1) | grad=4.875 | tok/s=87,482 | tokens=5.75B
step=175390 | loss=4.2731 | lr=1.67e-04 | wd=0.0000 | mom=0.9500 | T=1.0 k=1.0 (mu_rec=1 mu_bwd=1) | grad=4.938 | tok/s=87,475 | tokens=5.75B
step=175400 | loss=4.0007 | lr=1.67e-04 | wd=0.0000 | mom=0.9500 | T=1.0 k=1.0 (mu_rec=1 mu_bwd=1) | grad=3.188 | tok/s=87,609 | tokens=5.75B
step=175410 | loss=4.2590 | lr=1.67e-04 | wd=0.0000 | mom=0.9500 | T=1.0 k=1.0 (mu_rec=1 mu_bwd=1) | grad=3.531 | tok/s=9,144 | tokens=5.75B
step=175420 | loss=4.2641 | lr=1.67e-04 | wd=0.0000 | mom=0.9500 | T=1.0 k=1.0 (mu_rec=1 mu_bwd=1) | grad=2.453 | tok/s=88,805 | tokens=5.75B
step=175430 | loss=4.4336 | lr=1.66e-04 | wd=0.0000 | mom=0.9500 | T=1.0 k=1.0 (mu_rec=1 mu_bwd=1) | grad=3.562 | tok/s=88,777 | tokens=5.75B
step=175440 | loss=4.4143 | lr=1.66e-04 | wd=0.0000 | mom=0.9500 | T=1.0 k=1.0 (mu_rec=1 mu_bwd=1) | grad=5.938 | tok/s=88,447 | tokens=5.75B
step=175450 | loss=4.5420 | lr=1.66e-04 | wd=0.0000 | mom=0.9500 | T=1.0 k=1.0 (mu_rec=1 mu_bwd=1) | grad=3.312 | tok/s=88,504 | tokens=5.75B
step=175460 | loss=4.2245 | lr=1.65e-04 | wd=0.0000 | mom=0.9500 | T=1.0 k=1.0 (mu_rec=1 mu_bwd=1) | grad=2.953 | tok/s=88,188 | tokens=5.75B
step=175470 | loss=4.3248 | lr=1.65e-04 | wd=0.0000 | mom=0.9500 | T=1.0 k=1.0 (mu_rec=1 mu_bwd=1) | grad=5.531 | tok/s=88,136 | tokens=5.75B
step=175480 | loss=4.1800 | lr=1.65e-04 | wd=0.0000 | mom=0.9500 | T=1.0 k=1.0 (mu_rec=1 mu_bwd=1) | grad=3.297 | tok/s=88,057 | tokens=5.75B
step=175490 | loss=4.0329 | lr=1.65e-04 | wd=0.0000 | mom=0.9500 | T=1.0 k=1.0 (mu_rec=1 mu_bwd=1) | grad=8.188 | tok/s=87,944 | tokens=5.75B
step=175500 | loss=4.4887 | lr=1.64e-04 | wd=0.0000 | mom=0.9500 | T=1.0 k=1.0 (mu_rec=1 mu_bwd=1) | grad=4.500 | tok/s=87,695 | tokens=5.75B
step=175510 | loss=4.5938 | lr=1.64e-04 | wd=0.0000 | mom=0.9500 | T=1.0 k=1.0 (mu_rec=1 mu_bwd=1) | grad=3.734 | tok/s=87,759 | tokens=5.75B
step=175520 | loss=4.3413 | lr=1.64e-04 | wd=0.0000 | mom=0.9500 | T=1.0 k=1.0 (mu_rec=1 mu_bwd=1) | grad=4.969 | tok/s=87,692 | tokens=5.75B
step=175530 | loss=4.3515 | lr=1.63e-04 | wd=0.0000 | mom=0.9500 | T=1.0 k=1.0 (mu_rec=1 mu_bwd=1) | grad=3.422 | tok/s=87,472 | tokens=5.75B
step=175540 | loss=4.3194 | lr=1.63e-04 | wd=0.0000 | mom=0.9500 | T=1.0 k=1.0 (mu_rec=1 mu_bwd=1) | grad=3.125 | tok/s=87,362 | tokens=5.75B
step=175550 | loss=4.3747 | lr=1.63e-04 | wd=0.0000 | mom=0.9500 | T=1.0 k=1.0 (mu_rec=1 mu_bwd=1) | grad=2.875 | tok/s=87,350 | tokens=5.75B
step=175560 | loss=4.1652 | lr=1.63e-04 | wd=0.0000 | mom=0.9500 | T=1.0 k=1.0 (mu_rec=1 mu_bwd=1) | grad=3.234 | tok/s=87,259 | tokens=5.75B
step=175570 | loss=4.2465 | lr=1.62e-04 | wd=0.0000 | mom=0.9500 | T=1.0 k=1.0 (mu_rec=1 mu_bwd=1) | grad=3.391 | tok/s=87,276 | tokens=5.75B
step=175580 | loss=4.2715 | lr=1.62e-04 | wd=0.0000 | mom=0.9500 | T=1.0 k=1.0 (mu_rec=1 mu_bwd=1) | grad=2.828 | tok/s=87,070 | tokens=5.75B
step=175590 | loss=4.3616 | lr=1.62e-04 | wd=0.0000 | mom=0.9500 | T=1.0 k=1.0 (mu_rec=1 mu_bwd=1) | grad=2.594 | tok/s=87,108 | tokens=5.75B
step=175600 | loss=4.2570 | lr=1.62e-04 | wd=0.0000 | mom=0.9500 | T=1.0 k=1.0 (mu_rec=1 mu_bwd=1) | grad=3.438 | tok/s=86,986 | tokens=5.75B
step=175610 | loss=4.2242 | lr=1.61e-04 | wd=0.0000 | mom=0.9500 | T=1.0 k=1.0 (mu_rec=1 mu_bwd=1) | grad=3.297 | tok/s=86,968 | tokens=5.75B
step=175620 | loss=4.2521 | lr=1.61e-04 | wd=0.0000 | mom=0.9500 | T=1.0 k=1.0 (mu_rec=1 mu_bwd=1) | grad=2.750 | tok/s=86,962 | tokens=5.75B
step=175630 | loss=4.1622 | lr=1.61e-04 | wd=0.0000 | mom=0.9500 | T=1.0 k=1.0 (mu_rec=1 mu_bwd=1) | grad=20.250 | tok/s=86,873 | tokens=5.76B
step=175640 | loss=4.1928 | lr=1.60e-04 | wd=0.0000 | mom=0.9500 | T=1.0 k=1.0 (mu_rec=1 mu_bwd=1) | grad=2.922 | tok/s=86,760 | tokens=5.76B
step=175650 | loss=4.2863 | lr=1.60e-04 | wd=0.0000 | mom=0.9500 | T=1.0 k=1.0 (mu_rec=1 mu_bwd=1) | grad=4.219 | tok/s=86,825 | tokens=5.76B
step=175660 | loss=4.1648 | lr=1.60e-04 | wd=0.0000 | mom=0.9500 | T=1.0 k=1.0 (mu_rec=1 mu_bwd=1) | grad=3.484 | tok/s=86,995 | tokens=5.76B
step=175670 | loss=4.3424 | lr=1.60e-04 | wd=0.0000 | mom=0.9500 | T=1.0 k=1.0 (mu_rec=1 mu_bwd=1) | grad=7.219 | tok/s=86,973 | tokens=5.76B
step=175680 | loss=4.3530 | lr=1.59e-04 | wd=0.0000 | mom=0.9500 | T=1.0 k=1.0 (mu_rec=1 mu_bwd=1) | grad=3.531 | tok/s=86,879 | tokens=5.76B
step=175690 | loss=4.3248 | lr=1.59e-04 | wd=0.0000 | mom=0.9500 | T=1.0 k=1.0 (mu_rec=1 mu_bwd=1) | grad=2.781 | tok/s=86,982 | tokens=5.76B
step=175700 | loss=4.4121 | lr=1.59e-04 | wd=0.0000 | mom=0.9500 | T=1.0 k=1.0 (mu_rec=1 mu_bwd=1) | grad=3.422 | tok/s=87,069 | tokens=5.76B
step=175710 | loss=4.2853 | lr=1.58e-04 | wd=0.0000 | mom=0.9500 | T=1.0 k=1.0 (mu_rec=1 mu_bwd=1) | grad=9.188 | tok/s=87,038 | tokens=5.76B
step=175720 | loss=4.3285 | lr=1.58e-04 | wd=0.0000 | mom=0.9500 | T=1.0 k=1.0 (mu_rec=1 mu_bwd=1) | grad=3.203 | tok/s=87,047 | tokens=5.76B
step=175730 | loss=4.1886 | lr=1.58e-04 | wd=0.0000 | mom=0.9500 | T=1.0 k=1.0 (mu_rec=1 mu_bwd=1) | grad=3.484 | tok/s=87,100 | tokens=5.76B
step=175740 | loss=4.1251 | lr=1.58e-04 | wd=0.0000 | mom=0.9500 | T=1.0 k=1.0 (mu_rec=1 mu_bwd=1) | grad=2.844 | tok/s=87,083 | tokens=5.76B
step=175750 | loss=4.0651 | lr=1.57e-04 | wd=0.0000 | mom=0.9500 | T=1.0 k=1.0 (mu_rec=1 mu_bwd=1) | grad=2.734 | tok/s=87,193 | tokens=5.76B
step=175760 | loss=4.4300 | lr=1.57e-04 | wd=0.0000 | mom=0.9500 | T=1.0 k=1.0 (mu_rec=1 mu_bwd=1) | grad=2.594 | tok/s=87,300 | tokens=5.76B
step=175770 | loss=4.2246 | lr=1.57e-04 | wd=0.0000 | mom=0.9500 | T=1.0 k=1.0 (mu_rec=1 mu_bwd=1) | grad=3.656 | tok/s=87,164 | tokens=5.76B
step=175780 | loss=4.0567 | lr=1.57e-04 | wd=0.0000 | mom=0.9500 | T=1.0 k=1.0 (mu_rec=1 mu_bwd=1) | grad=7.688 | tok/s=87,293 | tokens=5.76B
step=175790 | loss=4.3752 | lr=1.56e-04 | wd=0.0000 | mom=0.9500 | T=1.0 k=1.0 (mu_rec=1 mu_bwd=1) | grad=2.859 | tok/s=87,342 | tokens=5.76B
step=175800 | loss=4.1716 | lr=1.56e-04 | wd=0.0000 | mom=0.9500 | T=1.0 k=1.0 (mu_rec=1 mu_bwd=1) | grad=7.938 | tok/s=87,393 | tokens=5.76B
step=175810 | loss=4.0725 | lr=1.56e-04 | wd=0.0000 | mom=0.9500 | T=1.0 k=1.0 (mu_rec=1 mu_bwd=1) | grad=7.156 | tok/s=87,285 | tokens=5.76B
step=175820 | loss=4.0828 | lr=1.55e-04 | wd=0.0000 | mom=0.9500 | T=1.0 k=1.0 (mu_rec=1 mu_bwd=1) | grad=4.656 | tok/s=87,465 | tokens=5.76B
step=175830 | loss=4.2481 | lr=1.55e-04 | wd=0.0000 | mom=0.9500 | T=1.0 k=1.0 (mu_rec=1 mu_bwd=1) | grad=2.703 | tok/s=87,451 | tokens=5.76B
step=175840 | loss=4.2579 | lr=1.55e-04 | wd=0.0000 | mom=0.9500 | T=1.0 k=1.0 (mu_rec=1 mu_bwd=1) | grad=3.234 | tok/s=87,482 | tokens=5.76B
step=175850 | loss=4.2553 | lr=1.55e-04 | wd=0.0000 | mom=0.9500 | T=1.0 k=1.0 (mu_rec=1 mu_bwd=1) | grad=3.203 | tok/s=87,519 | tokens=5.76B
step=175860 | loss=4.3993 | lr=1.54e-04 | wd=0.0000 | mom=0.9500 | T=1.0 k=1.0 (mu_rec=1 mu_bwd=1) | grad=3.188 | tok/s=87,459 | tokens=5.76B
step=175870 | loss=4.0750 | lr=1.54e-04 | wd=0.0000 | mom=0.9500 | T=1.0 k=1.0 (mu_rec=1 mu_bwd=1) | grad=4.781 | tok/s=87,373 | tokens=5.76B
step=175880 | loss=4.1906 | lr=1.54e-04 | wd=0.0000 | mom=0.9500 | T=1.0 k=1.0 (mu_rec=1 mu_bwd=1) | grad=3.453 | tok/s=87,569 | tokens=5.76B
step=175890 | loss=4.4131 | lr=1.53e-04 | wd=0.0000 | mom=0.9500 | T=1.0 k=1.0 (mu_rec=1 mu_bwd=1) | grad=3.188 | tok/s=87,602 | tokens=5.76B
step=175900 | loss=4.3199 | lr=1.53e-04 | wd=0.0000 | mom=0.9500 | T=1.0 k=1.0 (mu_rec=1 mu_bwd=1) | grad=3.047 | tok/s=87,600 | tokens=5.76B
step=175910 | loss=4.3322 | lr=1.53e-04 | wd=0.0000 | mom=0.9500 | T=1.0 k=1.0 (mu_rec=1 mu_bwd=1) | grad=3.031 | tok/s=8,925 | tokens=5.76B
step=175920 | loss=4.8942 | lr=1.53e-04 | wd=0.0000 | mom=0.9500 | T=1.0 k=1.0 (mu_rec=1 mu_bwd=1) | grad=3.906 | tok/s=88,763 | tokens=5.76B
step=175930 | loss=5.0838 | lr=1.52e-04 | wd=0.0000 | mom=0.9500 | T=1.0 k=1.0 (mu_rec=1 mu_bwd=1) | grad=3.594 | tok/s=88,532 | tokens=5.76B
step=175940 | loss=4.9377 | lr=1.52e-04 | wd=0.0000 | mom=0.9500 | T=1.0 k=1.0 (mu_rec=1 mu_bwd=1) | grad=3.031 | tok/s=88,417 | tokens=5.77B
step=175950 | loss=4.8378 | lr=1.52e-04 | wd=0.0000 | mom=0.9500 | T=1.0 k=1.0 (mu_rec=1 mu_bwd=1) | grad=2.938 | tok/s=88,303 | tokens=5.77B
step=175960 | loss=4.9425 | lr=1.52e-04 | wd=0.0000 | mom=0.9500 | T=1.0 k=1.0 (mu_rec=1 mu_bwd=1) | grad=3.781 | tok/s=88,235 | tokens=5.77B
step=175970 | loss=4.9041 | lr=1.51e-04 | wd=0.0000 | mom=0.9500 | T=1.0 k=1.0 (mu_rec=1 mu_bwd=1) | grad=3.125 | tok/s=88,127 | tokens=5.77B
step=175980 | loss=4.1818 | lr=1.51e-04 | wd=0.0000 | mom=0.9500 | T=1.0 k=1.0 (mu_rec=1 mu_bwd=1) | grad=3.078 | tok/s=88,054 | tokens=5.77B
step=175990 | loss=4.8705 | lr=1.51e-04 | wd=0.0000 | mom=0.9500 | T=1.0 k=1.0 (mu_rec=1 mu_bwd=1) | grad=8.375 | tok/s=88,029 | tokens=5.77B
step=176000 | loss=4.7809 | lr=1.50e-04 | wd=0.0000 | mom=0.9500 | T=1.0 k=1.0 (mu_rec=1 mu_bwd=1) | grad=4.375 | tok/s=87,904 | tokens=5.77B
[step 176000] Saved -> runs/pythia-5b/checkpoint_0176000
[step 176000] Pruned -> runs/pythia-5b/checkpoint_0170000
step=176010 | loss=4.2750 | lr=1.50e-04 | wd=0.0000 | mom=0.9500 | T=1.0 k=1.0 (mu_rec=1 mu_bwd=1) | grad=4.469 | tok/s=72,308 | tokens=5.77B
step=176020 | loss=4.0688 | lr=1.50e-04 | wd=0.0000 | mom=0.9500 | T=1.0 k=1.0 (mu_rec=1 mu_bwd=1) | grad=4.781 | tok/s=87,680 | tokens=5.77B
step=176030 | loss=4.3314 | lr=1.50e-04 | wd=0.0000 | mom=0.9500 | T=1.0 k=1.0 (mu_rec=1 mu_bwd=1) | grad=10.000 | tok/s=87,564 | tokens=5.77B
step=176040 | loss=4.3159 | lr=1.49e-04 | wd=0.0000 | mom=0.9500 | T=1.0 k=1.0 (mu_rec=1 mu_bwd=1) | grad=3.328 | tok/s=87,441 | tokens=5.77B
step=176050 | loss=4.4081 | lr=1.49e-04 | wd=0.0000 | mom=0.9500 | T=1.0 k=1.0 (mu_rec=1 mu_bwd=1) | grad=3.812 | tok/s=87,513 | tokens=5.77B
step=176060 | loss=4.0942 | lr=1.49e-04 | wd=0.0000 | mom=0.9500 | T=1.0 k=1.0 (mu_rec=1 mu_bwd=1) | grad=4.750 | tok/s=87,432 | tokens=5.77B
step=176070 | loss=3.9553 | lr=1.49e-04 | wd=0.0000 | mom=0.9500 | T=1.0 k=1.0 (mu_rec=1 mu_bwd=1) | grad=3.031 | tok/s=87,406 | tokens=5.77B
step=176080 | loss=4.4533 | lr=1.48e-04 | wd=0.0000 | mom=0.9500 | T=1.0 k=1.0 (mu_rec=1 mu_bwd=1) | grad=5.500 | tok/s=87,196 | tokens=5.77B
step=176090 | loss=4.1203 | lr=1.48e-04 | wd=0.0000 | mom=0.9500 | T=1.0 k=1.0 (mu_rec=1 mu_bwd=1) | grad=6.594 | tok/s=87,191 | tokens=5.77B
step=176100 | loss=4.3457 | lr=1.48e-04 | wd=0.0000 | mom=0.9500 | T=1.0 k=1.0 (mu_rec=1 mu_bwd=1) | grad=3.078 | tok/s=87,157 | tokens=5.77B
step=176110 | loss=4.3811 | lr=1.47e-04 | wd=0.0000 | mom=0.9500 | T=1.0 k=1.0 (mu_rec=1 mu_bwd=1) | grad=3.844 | tok/s=87,032 | tokens=5.77B
step=176120 | loss=4.2579 | lr=1.47e-04 | wd=0.0000 | mom=0.9500 | T=1.0 k=1.0 (mu_rec=1 mu_bwd=1) | grad=4.969 | tok/s=86,975 | tokens=5.77B
step=176130 | loss=3.9613 | lr=1.47e-04 | wd=0.0000 | mom=0.9500 | T=1.0 k=1.0 (mu_rec=1 mu_bwd=1) | grad=3.125 | tok/s=86,911 | tokens=5.77B
step=176140 | loss=4.1694 | lr=1.47e-04 | wd=0.0000 | mom=0.9500 | T=1.0 k=1.0 (mu_rec=1 mu_bwd=1) | grad=4.812 | tok/s=86,998 | tokens=5.77B
step=176150 | loss=4.3734 | lr=1.46e-04 | wd=0.0000 | mom=0.9500 | T=1.0 k=1.0 (mu_rec=1 mu_bwd=1) | grad=3.141 | tok/s=87,102 | tokens=5.77B
step=176160 | loss=4.2671 | lr=1.46e-04 | wd=0.0000 | mom=0.9500 | T=1.0 k=1.0 (mu_rec=1 mu_bwd=1) | grad=2.984 | tok/s=87,051 | tokens=5.77B
step=176170 | loss=4.2862 | lr=1.46e-04 | wd=0.0000 | mom=0.9500 | T=1.0 k=1.0 (mu_rec=1 mu_bwd=1) | grad=7.781 | tok/s=87,055 | tokens=5.77B
step=176180 | loss=4.3257 | lr=1.45e-04 | wd=0.0000 | mom=0.9500 | T=1.0 k=1.0 (mu_rec=1 mu_bwd=1) | grad=2.828 | tok/s=87,032 | tokens=5.77B
step=176190 | loss=4.1571 | lr=1.45e-04 | wd=0.0000 | mom=0.9500 | T=1.0 k=1.0 (mu_rec=1 mu_bwd=1) | grad=7.688 | tok/s=87,003 | tokens=5.77B
step=176200 | loss=4.1891 | lr=1.45e-04 | wd=0.0000 | mom=0.9500 | T=1.0 k=1.0 (mu_rec=1 mu_bwd=1) | grad=4.500 | tok/s=86,810 | tokens=5.77B
step=176210 | loss=4.3319 | lr=1.45e-04 | wd=0.0000 | mom=0.9500 | T=1.0 k=1.0 (mu_rec=1 mu_bwd=1) | grad=2.906 | tok/s=86,945 | tokens=5.77B
step=176220 | loss=4.3031 | lr=1.44e-04 | wd=0.0000 | mom=0.9500 | T=1.0 k=1.0 (mu_rec=1 mu_bwd=1) | grad=3.078 | tok/s=86,978 | tokens=5.77B
step=176230 | loss=3.9684 | lr=1.44e-04 | wd=0.0000 | mom=0.9500 | T=1.0 k=1.0 (mu_rec=1 mu_bwd=1) | grad=5.156 | tok/s=86,972 | tokens=5.77B
step=176240 | loss=4.1509 | lr=1.44e-04 | wd=0.0000 | mom=0.9500 | T=1.0 k=1.0 (mu_rec=1 mu_bwd=1) | grad=4.406 | tok/s=8,155 | tokens=5.78B
step=176250 | loss=4.6361 | lr=1.44e-04 | wd=0.0000 | mom=0.9500 | T=1.0 k=1.0 (mu_rec=1 mu_bwd=1) | grad=3.703 | tok/s=88,781 | tokens=5.78B
step=176260 | loss=4.3981 | lr=1.43e-04 | wd=0.0000 | mom=0.9500 | T=1.0 k=1.0 (mu_rec=1 mu_bwd=1) | grad=2.734 | tok/s=88,453 | tokens=5.78B
step=176270 | loss=3.9179 | lr=1.43e-04 | wd=0.0000 | mom=0.9500 | T=1.0 k=1.0 (mu_rec=1 mu_bwd=1) | grad=2.625 | tok/s=88,476 | tokens=5.78B
step=176280 | loss=4.4987 | lr=1.43e-04 | wd=0.0000 | mom=0.9500 | T=1.0 k=1.0 (mu_rec=1 mu_bwd=1) | grad=3.031 | tok/s=88,302 | tokens=5.78B
step=176290 | loss=4.3920 | lr=1.42e-04 | wd=0.0000 | mom=0.9500 | T=1.0 k=1.0 (mu_rec=1 mu_bwd=1) | grad=4.000 | tok/s=88,183 | tokens=5.78B
step=176300 | loss=4.3522 | lr=1.42e-04 | wd=0.0000 | mom=0.9500 | T=1.0 k=1.0 (mu_rec=1 mu_bwd=1) | grad=9.250 | tok/s=88,005 | tokens=5.78B
step=176310 | loss=4.2299 | lr=1.42e-04 | wd=0.0000 | mom=0.9500 | T=1.0 k=1.0 (mu_rec=1 mu_bwd=1) | grad=2.750 | tok/s=87,940 | tokens=5.78B
step=176320 | loss=4.2133 | lr=1.42e-04 | wd=0.0000 | mom=0.9500 | T=1.0 k=1.0 (mu_rec=1 mu_bwd=1) | grad=4.156 | tok/s=87,846 | tokens=5.78B
step=176330 | loss=4.2771 | lr=1.41e-04 | wd=0.0000 | mom=0.9500 | T=1.0 k=1.0 (mu_rec=1 mu_bwd=1) | grad=3.234 | tok/s=87,779 | tokens=5.78B
step=176340 | loss=4.1463 | lr=1.41e-04 | wd=0.0000 | mom=0.9500 | T=1.0 k=1.0 (mu_rec=1 mu_bwd=1) | grad=2.688 | tok/s=87,651 | tokens=5.78B
step=176350 | loss=4.2877 | lr=1.41e-04 | wd=0.0000 | mom=0.9500 | T=1.0 k=1.0 (mu_rec=1 mu_bwd=1) | grad=3.812 | tok/s=87,527 | tokens=5.78B
step=176360 | loss=4.1868 | lr=1.41e-04 | wd=0.0000 | mom=0.9500 | T=1.0 k=1.0 (mu_rec=1 mu_bwd=1) | grad=3.062 | tok/s=87,500 | tokens=5.78B
step=176370 | loss=4.2336 | lr=1.40e-04 | wd=0.0000 | mom=0.9500 | T=1.0 k=1.0 (mu_rec=1 mu_bwd=1) | grad=3.953 | tok/s=87,405 | tokens=5.78B
step=176380 | loss=4.1776 | lr=1.40e-04 | wd=0.0000 | mom=0.9500 | T=1.0 k=1.0 (mu_rec=1 mu_bwd=1) | grad=5.812 | tok/s=87,315 | tokens=5.78B
step=176390 | loss=4.1637 | lr=1.40e-04 | wd=0.0000 | mom=0.9500 | T=1.0 k=1.0 (mu_rec=1 mu_bwd=1) | grad=3.234 | tok/s=87,275 | tokens=5.78B
step=176400 | loss=4.4717 | lr=1.39e-04 | wd=0.0000 | mom=0.9500 | T=1.0 k=1.0 (mu_rec=1 mu_bwd=1) | grad=3.469 | tok/s=87,201 | tokens=5.78B
step=176410 | loss=4.2302 | lr=1.39e-04 | wd=0.0000 | mom=0.9500 | T=1.0 k=1.0 (mu_rec=1 mu_bwd=1) | grad=3.406 | tok/s=87,127 | tokens=5.78B
step=176420 | loss=4.4029 | lr=1.39e-04 | wd=0.0000 | mom=0.9500 | T=1.0 k=1.0 (mu_rec=1 mu_bwd=1) | grad=4.406 | tok/s=87,034 | tokens=5.78B
step=176430 | loss=4.2189 | lr=1.39e-04 | wd=0.0000 | mom=0.9500 | T=1.0 k=1.0 (mu_rec=1 mu_bwd=1) | grad=4.031 | tok/s=87,112 | tokens=5.78B
step=176440 | loss=4.3005 | lr=1.38e-04 | wd=0.0000 | mom=0.9500 | T=1.0 k=1.0 (mu_rec=1 mu_bwd=1) | grad=4.156 | tok/s=87,023 | tokens=5.78B
step=176450 | loss=4.4110 | lr=1.38e-04 | wd=0.0000 | mom=0.9500 | T=1.0 k=1.0 (mu_rec=1 mu_bwd=1) | grad=3.938 | tok/s=86,959 | tokens=5.78B
step=176460 | loss=4.1633 | lr=1.38e-04 | wd=0.0000 | mom=0.9500 | T=1.0 k=1.0 (mu_rec=1 mu_bwd=1) | grad=5.188 | tok/s=87,009 | tokens=5.78B
step=176470 | loss=4.2269 | lr=1.38e-04 | wd=0.0000 | mom=0.9500 | T=1.0 k=1.0 (mu_rec=1 mu_bwd=1) | grad=19.875 | tok/s=87,082 | tokens=5.78B
step=176480 | loss=4.3059 | lr=1.37e-04 | wd=0.0000 | mom=0.9500 | T=1.0 k=1.0 (mu_rec=1 mu_bwd=1) | grad=3.047 | tok/s=87,041 | tokens=5.78B
step=176490 | loss=4.1363 | lr=1.37e-04 | wd=0.0000 | mom=0.9500 | T=1.0 k=1.0 (mu_rec=1 mu_bwd=1) | grad=2.875 | tok/s=87,033 | tokens=5.78B
step=176500 | loss=4.2666 | lr=1.37e-04 | wd=0.0000 | mom=0.9500 | T=1.0 k=1.0 (mu_rec=1 mu_bwd=1) | grad=3.297 | tok/s=86,898 | tokens=5.78B
step=176510 | loss=4.1305 | lr=1.36e-04 | wd=0.0000 | mom=0.9500 | T=1.0 k=1.0 (mu_rec=1 mu_bwd=1) | grad=2.750 | tok/s=87,010 | tokens=5.78B
step=176520 | loss=4.2700 | lr=1.36e-04 | wd=0.0000 | mom=0.9500 | T=1.0 k=1.0 (mu_rec=1 mu_bwd=1) | grad=2.859 | tok/s=86,917 | tokens=5.78B
step=176530 | loss=4.1770 | lr=1.36e-04 | wd=0.0000 | mom=0.9500 | T=1.0 k=1.0 (mu_rec=1 mu_bwd=1) | grad=3.625 | tok/s=86,861 | tokens=5.78B
step=176540 | loss=4.1535 | lr=1.36e-04 | wd=0.0000 | mom=0.9500 | T=1.0 k=1.0 (mu_rec=1 mu_bwd=1) | grad=4.312 | tok/s=86,909 | tokens=5.78B
step=176550 | loss=4.0595 | lr=1.35e-04 | wd=0.0000 | mom=0.9500 | T=1.0 k=1.0 (mu_rec=1 mu_bwd=1) | grad=2.844 | tok/s=86,915 | tokens=5.79B
step=176560 | loss=4.2579 | lr=1.35e-04 | wd=0.0000 | mom=0.9500 | T=1.0 k=1.0 (mu_rec=1 mu_bwd=1) | grad=2.891 | tok/s=86,965 | tokens=5.79B
step=176570 | loss=3.9117 | lr=1.35e-04 | wd=0.0000 | mom=0.9500 | T=1.0 k=1.0 (mu_rec=1 mu_bwd=1) | grad=3.594 | tok/s=86,951 | tokens=5.79B
step=176580 | loss=3.9288 | lr=1.35e-04 | wd=0.0000 | mom=0.9500 | T=1.0 k=1.0 (mu_rec=1 mu_bwd=1) | grad=4.188 | tok/s=86,991 | tokens=5.79B
step=176590 | loss=4.1888 | lr=1.34e-04 | wd=0.0000 | mom=0.9500 | T=1.0 k=1.0 (mu_rec=1 mu_bwd=1) | grad=3.469 | tok/s=87,103 | tokens=5.79B
step=176600 | loss=4.2912 | lr=1.34e-04 | wd=0.0000 | mom=0.9500 | T=1.0 k=1.0 (mu_rec=1 mu_bwd=1) | grad=3.969 | tok/s=87,123 | tokens=5.79B
step=176610 | loss=4.5822 | lr=1.34e-04 | wd=0.0000 | mom=0.9500 | T=1.0 k=1.0 (mu_rec=1 mu_bwd=1) | grad=3.656 | tok/s=87,136 | tokens=5.79B
step=176620 | loss=4.2221 | lr=1.33e-04 | wd=0.0000 | mom=0.9500 | T=1.0 k=1.0 (mu_rec=1 mu_bwd=1) | grad=3.141 | tok/s=87,207 | tokens=5.79B
step=176630 | loss=3.8765 | lr=1.33e-04 | wd=0.0000 | mom=0.9500 | T=1.0 k=1.0 (mu_rec=1 mu_bwd=1) | grad=3.062 | tok/s=87,207 | tokens=5.79B
step=176640 | loss=4.3381 | lr=1.33e-04 | wd=0.0000 | mom=0.9500 | T=1.0 k=1.0 (mu_rec=1 mu_bwd=1) | grad=2.812 | tok/s=87,236 | tokens=5.79B
step=176650 | loss=4.5491 | lr=1.33e-04 | wd=0.0000 | mom=0.9500 | T=1.0 k=1.0 (mu_rec=1 mu_bwd=1) | grad=4.156 | tok/s=87,205 | tokens=5.79B
step=176660 | loss=4.2097 | lr=1.32e-04 | wd=0.0000 | mom=0.9500 | T=1.0 k=1.0 (mu_rec=1 mu_bwd=1) | grad=2.875 | tok/s=87,311 | tokens=5.79B
step=176670 | loss=4.2862 | lr=1.32e-04 | wd=0.0000 | mom=0.9500 | T=1.0 k=1.0 (mu_rec=1 mu_bwd=1) | grad=3.703 | tok/s=87,307 | tokens=5.79B
step=176680 | loss=4.3289 | lr=1.32e-04 | wd=0.0000 | mom=0.9500 | T=1.0 k=1.0 (mu_rec=1 mu_bwd=1) | grad=4.125 | tok/s=87,357 | tokens=5.79B
step=176690 | loss=4.2538 | lr=1.32e-04 | wd=0.0000 | mom=0.9500 | T=1.0 k=1.0 (mu_rec=1 mu_bwd=1) | grad=4.250 | tok/s=87,368 | tokens=5.79B
step=176700 | loss=4.2304 | lr=1.31e-04 | wd=0.0000 | mom=0.9500 | T=1.0 k=1.0 (mu_rec=1 mu_bwd=1) | grad=3.625 | tok/s=87,370 | tokens=5.79B
step=176710 | loss=4.0042 | lr=1.31e-04 | wd=0.0000 | mom=0.9500 | T=1.0 k=1.0 (mu_rec=1 mu_bwd=1) | grad=3.109 | tok/s=87,403 | tokens=5.79B
step=176720 | loss=4.4721 | lr=1.31e-04 | wd=0.0000 | mom=0.9500 | T=1.0 k=1.0 (mu_rec=1 mu_bwd=1) | grad=3.359 | tok/s=87,390 | tokens=5.79B
step=176730 | loss=4.3196 | lr=1.31e-04 | wd=0.0000 | mom=0.9500 | T=1.0 k=1.0 (mu_rec=1 mu_bwd=1) | grad=3.266 | tok/s=87,455 | tokens=5.79B
step=176740 | loss=4.0387 | lr=1.30e-04 | wd=0.0000 | mom=0.9500 | T=1.0 k=1.0 (mu_rec=1 mu_bwd=1) | grad=5.469 | tok/s=87,485 | tokens=5.79B
step=176750 | loss=4.5640 | lr=1.30e-04 | wd=0.0000 | mom=0.9500 | T=1.0 k=1.0 (mu_rec=1 mu_bwd=1) | grad=3.391 | tok/s=87,288 | tokens=5.79B
step=176760 | loss=4.5719 | lr=1.30e-04 | wd=0.0000 | mom=0.9500 | T=1.0 k=1.0 (mu_rec=1 mu_bwd=1) | grad=3.844 | tok/s=87,479 | tokens=5.79B
step=176770 | loss=4.2282 | lr=1.29e-04 | wd=0.0000 | mom=0.9500 | T=1.0 k=1.0 (mu_rec=1 mu_bwd=1) | grad=4.031 | tok/s=87,452 | tokens=5.79B
step=176780 | loss=4.3675 | lr=1.29e-04 | wd=0.0000 | mom=0.9500 | T=1.0 k=1.0 (mu_rec=1 mu_bwd=1) | grad=3.328 | tok/s=87,439 | tokens=5.79B
step=176790 | loss=4.2657 | lr=1.29e-04 | wd=0.0000 | mom=0.9500 | T=1.0 k=1.0 (mu_rec=1 mu_bwd=1) | grad=3.672 | tok/s=87,410 | tokens=5.79B
step=176800 | loss=4.6444 | lr=1.29e-04 | wd=0.0000 | mom=0.9500 | T=1.0 k=1.0 (mu_rec=1 mu_bwd=1) | grad=4.250 | tok/s=87,545 | tokens=5.79B
step=176810 | loss=4.1982 | lr=1.28e-04 | wd=0.0000 | mom=0.9500 | T=1.0 k=1.0 (mu_rec=1 mu_bwd=1) | grad=3.734 | tok/s=87,508 | tokens=5.79B
step=176820 | loss=4.4488 | lr=1.28e-04 | wd=0.0000 | mom=0.9500 | T=1.0 k=1.0 (mu_rec=1 mu_bwd=1) | grad=3.344 | tok/s=87,455 | tokens=5.79B
step=176830 | loss=4.4434 | lr=1.28e-04 | wd=0.0000 | mom=0.9500 | T=1.0 k=1.0 (mu_rec=1 mu_bwd=1) | grad=3.938 | tok/s=8,589 | tokens=5.79B
step=176840 | loss=4.3485 | lr=1.28e-04 | wd=0.0000 | mom=0.9500 | T=1.0 k=1.0 (mu_rec=1 mu_bwd=1) | grad=4.062 | tok/s=88,894 | tokens=5.79B
step=176850 | loss=4.1405 | lr=1.27e-04 | wd=0.0000 | mom=0.9500 | T=1.0 k=1.0 (mu_rec=1 mu_bwd=1) | grad=2.812 | tok/s=88,669 | tokens=5.80B
step=176860 | loss=4.5748 | lr=1.27e-04 | wd=0.0000 | mom=0.9500 | T=1.0 k=1.0 (mu_rec=1 mu_bwd=1) | grad=3.078 | tok/s=88,502 | tokens=5.80B
step=176870 | loss=4.2765 | lr=1.27e-04 | wd=0.0000 | mom=0.9500 | T=1.0 k=1.0 (mu_rec=1 mu_bwd=1) | grad=3.531 | tok/s=88,449 | tokens=5.80B
step=176880 | loss=4.4048 | lr=1.26e-04 | wd=0.0000 | mom=0.9500 | T=1.0 k=1.0 (mu_rec=1 mu_bwd=1) | grad=6.344 | tok/s=88,345 | tokens=5.80B
step=176890 | loss=4.0068 | lr=1.26e-04 | wd=0.0000 | mom=0.9500 | T=1.0 k=1.0 (mu_rec=1 mu_bwd=1) | grad=4.031 | tok/s=88,192 | tokens=5.80B
step=176900 | loss=4.4823 | lr=1.26e-04 | wd=0.0000 | mom=0.9500 | T=1.0 k=1.0 (mu_rec=1 mu_bwd=1) | grad=2.906 | tok/s=88,000 | tokens=5.80B
step=176910 | loss=4.3096 | lr=1.26e-04 | wd=0.0000 | mom=0.9500 | T=1.0 k=1.0 (mu_rec=1 mu_bwd=1) | grad=3.703 | tok/s=87,963 | tokens=5.80B
step=176920 | loss=4.1302 | lr=1.25e-04 | wd=0.0000 | mom=0.9500 | T=1.0 k=1.0 (mu_rec=1 mu_bwd=1) | grad=4.312 | tok/s=87,827 | tokens=5.80B
step=176930 | loss=4.1276 | lr=1.25e-04 | wd=0.0000 | mom=0.9500 | T=1.0 k=1.0 (mu_rec=1 mu_bwd=1) | grad=2.750 | tok/s=87,781 | tokens=5.80B
step=176940 | loss=4.2014 | lr=1.25e-04 | wd=0.0000 | mom=0.9500 | T=1.0 k=1.0 (mu_rec=1 mu_bwd=1) | grad=3.234 | tok/s=87,618 | tokens=5.80B
step=176950 | loss=4.3261 | lr=1.25e-04 | wd=0.0000 | mom=0.9500 | T=1.0 k=1.0 (mu_rec=1 mu_bwd=1) | grad=6.062 | tok/s=87,576 | tokens=5.80B
step=176960 | loss=4.4266 | lr=1.24e-04 | wd=0.0000 | mom=0.9500 | T=1.0 k=1.0 (mu_rec=1 mu_bwd=1) | grad=2.562 | tok/s=87,407 | tokens=5.80B
step=176970 | loss=4.2054 | lr=1.24e-04 | wd=0.0000 | mom=0.9500 | T=1.0 k=1.0 (mu_rec=1 mu_bwd=1) | grad=3.031 | tok/s=87,501 | tokens=5.80B
step=176980 | loss=4.4662 | lr=1.24e-04 | wd=0.0000 | mom=0.9500 | T=1.0 k=1.0 (mu_rec=1 mu_bwd=1) | grad=4.531 | tok/s=87,331 | tokens=5.80B
step=176990 | loss=4.5620 | lr=1.24e-04 | wd=0.0000 | mom=0.9500 | T=1.0 k=1.0 (mu_rec=1 mu_bwd=1) | grad=3.750 | tok/s=87,260 | tokens=5.80B
step=177000 | loss=4.4580 | lr=1.23e-04 | wd=0.0000 | mom=0.9500 | T=1.0 k=1.0 (mu_rec=1 mu_bwd=1) | grad=4.375 | tok/s=87,189 | tokens=5.80B
step=177010 | loss=4.9352 | lr=1.23e-04 | wd=0.0000 | mom=0.9500 | T=1.0 k=1.0 (mu_rec=1 mu_bwd=1) | grad=5.656 | tok/s=87,085 | tokens=5.80B
step=177020 | loss=4.7306 | lr=1.23e-04 | wd=0.0000 | mom=0.9500 | T=1.0 k=1.0 (mu_rec=1 mu_bwd=1) | grad=3.984 | tok/s=87,081 | tokens=5.80B
step=177030 | loss=4.7618 | lr=1.23e-04 | wd=0.0000 | mom=0.9500 | T=1.0 k=1.0 (mu_rec=1 mu_bwd=1) | grad=3.281 | tok/s=87,035 | tokens=5.80B
step=177040 | loss=4.3287 | lr=1.22e-04 | wd=0.0000 | mom=0.9500 | T=1.0 k=1.0 (mu_rec=1 mu_bwd=1) | grad=3.375 | tok/s=87,162 | tokens=5.80B
step=177050 | loss=4.2218 | lr=1.22e-04 | wd=0.0000 | mom=0.9500 | T=1.0 k=1.0 (mu_rec=1 mu_bwd=1) | grad=3.891 | tok/s=86,974 | tokens=5.80B
step=177060 | loss=4.1347 | lr=1.22e-04 | wd=0.0000 | mom=0.9500 | T=1.0 k=1.0 (mu_rec=1 mu_bwd=1) | grad=3.797 | tok/s=86,873 | tokens=5.80B
step=177070 | loss=4.1884 | lr=1.21e-04 | wd=0.0000 | mom=0.9500 | T=1.0 k=1.0 (mu_rec=1 mu_bwd=1) | grad=4.219 | tok/s=86,922 | tokens=5.80B
step=177080 | loss=4.3851 | lr=1.21e-04 | wd=0.0000 | mom=0.9500 | T=1.0 k=1.0 (mu_rec=1 mu_bwd=1) | grad=3.688 | tok/s=86,946 | tokens=5.80B
step=177090 | loss=4.3833 | lr=1.21e-04 | wd=0.0000 | mom=0.9500 | T=1.0 k=1.0 (mu_rec=1 mu_bwd=1) | grad=3.500 | tok/s=86,801 | tokens=5.80B
step=177100 | loss=4.2999 | lr=1.21e-04 | wd=0.0000 | mom=0.9500 | T=1.0 k=1.0 (mu_rec=1 mu_bwd=1) | grad=3.734 | tok/s=86,872 | tokens=5.80B
step=177110 | loss=4.4070 | lr=1.20e-04 | wd=0.0000 | mom=0.9500 | T=1.0 k=1.0 (mu_rec=1 mu_bwd=1) | grad=4.344 | tok/s=86,704 | tokens=5.80B
step=177120 | loss=4.1269 | lr=1.20e-04 | wd=0.0000 | mom=0.9500 | T=1.0 k=1.0 (mu_rec=1 mu_bwd=1) | grad=2.875 | tok/s=86,715 | tokens=5.80B
step=177130 | loss=4.5226 | lr=1.20e-04 | wd=0.0000 | mom=0.9500 | T=1.0 k=1.0 (mu_rec=1 mu_bwd=1) | grad=4.656 | tok/s=86,690 | tokens=5.80B
step=177140 | loss=4.4331 | lr=1.20e-04 | wd=0.0000 | mom=0.9500 | T=1.0 k=1.0 (mu_rec=1 mu_bwd=1) | grad=3.344 | tok/s=86,765 | tokens=5.80B
step=177150 | loss=4.2560 | lr=1.19e-04 | wd=0.0000 | mom=0.9500 | T=1.0 k=1.0 (mu_rec=1 mu_bwd=1) | grad=2.812 | tok/s=86,727 | tokens=5.80B
step=177160 | loss=4.4449 | lr=1.19e-04 | wd=0.0000 | mom=0.9500 | T=1.0 k=1.0 (mu_rec=1 mu_bwd=1) | grad=2.672 | tok/s=86,606 | tokens=5.81B
step=177170 | loss=4.4094 | lr=1.19e-04 | wd=0.0000 | mom=0.9500 | T=1.0 k=1.0 (mu_rec=1 mu_bwd=1) | grad=2.906 | tok/s=86,694 | tokens=5.81B
step=177180 | loss=4.0965 | lr=1.19e-04 | wd=0.0000 | mom=0.9500 | T=1.0 k=1.0 (mu_rec=1 mu_bwd=1) | grad=2.719 | tok/s=86,722 | tokens=5.81B
step=177190 | loss=4.1844 | lr=1.18e-04 | wd=0.0000 | mom=0.9500 | T=1.0 k=1.0 (mu_rec=1 mu_bwd=1) | grad=3.312 | tok/s=86,751 | tokens=5.81B
step=177200 | loss=4.1905 | lr=1.18e-04 | wd=0.0000 | mom=0.9500 | T=1.0 k=1.0 (mu_rec=1 mu_bwd=1) | grad=3.750 | tok/s=7,857 | tokens=5.81B
step=177210 | loss=4.0479 | lr=1.18e-04 | wd=0.0000 | mom=0.9500 | T=1.0 k=1.0 (mu_rec=1 mu_bwd=1) | grad=2.984 | tok/s=88,693 | tokens=5.81B
step=177220 | loss=4.3581 | lr=1.18e-04 | wd=0.0000 | mom=0.9500 | T=1.0 k=1.0 (mu_rec=1 mu_bwd=1) | grad=2.656 | tok/s=88,522 | tokens=5.81B
step=177230 | loss=4.1689 | lr=1.17e-04 | wd=0.0000 | mom=0.9500 | T=1.0 k=1.0 (mu_rec=1 mu_bwd=1) | grad=4.375 | tok/s=88,440 | tokens=5.81B
step=177240 | loss=4.1328 | lr=1.17e-04 | wd=0.0000 | mom=0.9500 | T=1.0 k=1.0 (mu_rec=1 mu_bwd=1) | grad=4.719 | tok/s=88,336 | tokens=5.81B
step=177250 | loss=4.3867 | lr=1.17e-04 | wd=0.0000 | mom=0.9500 | T=1.0 k=1.0 (mu_rec=1 mu_bwd=1) | grad=2.875 | tok/s=88,099 | tokens=5.81B
step=177260 | loss=4.3933 | lr=1.16e-04 | wd=0.0000 | mom=0.9500 | T=1.0 k=1.0 (mu_rec=1 mu_bwd=1) | grad=3.578 | tok/s=88,099 | tokens=5.81B
step=177270 | loss=4.1812 | lr=1.16e-04 | wd=0.0000 | mom=0.9500 | T=1.0 k=1.0 (mu_rec=1 mu_bwd=1) | grad=3.031 | tok/s=87,971 | tokens=5.81B
step=177280 | loss=4.4234 | lr=1.16e-04 | wd=0.0000 | mom=0.9500 | T=1.0 k=1.0 (mu_rec=1 mu_bwd=1) | grad=4.312 | tok/s=87,829 | tokens=5.81B
step=177290 | loss=4.4663 | lr=1.16e-04 | wd=0.0000 | mom=0.9500 | T=1.0 k=1.0 (mu_rec=1 mu_bwd=1) | grad=4.281 | tok/s=87,574 | tokens=5.81B
step=177300 | loss=4.4151 | lr=1.15e-04 | wd=0.0000 | mom=0.9500 | T=1.0 k=1.0 (mu_rec=1 mu_bwd=1) | grad=5.375 | tok/s=87,628 | tokens=5.81B
step=177310 | loss=4.2903 | lr=1.15e-04 | wd=0.0000 | mom=0.9500 | T=1.0 k=1.0 (mu_rec=1 mu_bwd=1) | grad=3.062 | tok/s=87,569 | tokens=5.81B
step=177320 | loss=3.9805 | lr=1.15e-04 | wd=0.0000 | mom=0.9500 | T=1.0 k=1.0 (mu_rec=1 mu_bwd=1) | grad=4.219 | tok/s=87,549 | tokens=5.81B
step=177330 | loss=4.1916 | lr=1.15e-04 | wd=0.0000 | mom=0.9500 | T=1.0 k=1.0 (mu_rec=1 mu_bwd=1) | grad=4.719 | tok/s=87,409 | tokens=5.81B
step=177340 | loss=4.2711 | lr=1.14e-04 | wd=0.0000 | mom=0.9500 | T=1.0 k=1.0 (mu_rec=1 mu_bwd=1) | grad=6.125 | tok/s=87,354 | tokens=5.81B
step=177350 | loss=4.3041 | lr=1.14e-04 | wd=0.0000 | mom=0.9500 | T=1.0 k=1.0 (mu_rec=1 mu_bwd=1) | grad=2.703 | tok/s=87,370 | tokens=5.81B
step=177360 | loss=4.3623 | lr=1.14e-04 | wd=0.0000 | mom=0.9500 | T=1.0 k=1.0 (mu_rec=1 mu_bwd=1) | grad=2.938 | tok/s=87,332 | tokens=5.81B
step=177370 | loss=4.2574 | lr=1.14e-04 | wd=0.0000 | mom=0.9500 | T=1.0 k=1.0 (mu_rec=1 mu_bwd=1) | grad=3.219 | tok/s=87,142 | tokens=5.81B
step=177380 | loss=4.3415 | lr=1.13e-04 | wd=0.0000 | mom=0.9500 | T=1.0 k=1.0 (mu_rec=1 mu_bwd=1) | grad=3.250 | tok/s=87,113 | tokens=5.81B
step=177390 | loss=4.4432 | lr=1.13e-04 | wd=0.0000 | mom=0.9500 | T=1.0 k=1.0 (mu_rec=1 mu_bwd=1) | grad=4.281 | tok/s=87,057 | tokens=5.81B
step=177400 | loss=4.2702 | lr=1.13e-04 | wd=0.0000 | mom=0.9500 | T=1.0 k=1.0 (mu_rec=1 mu_bwd=1) | grad=3.062 | tok/s=87,154 | tokens=5.81B
step=177410 | loss=4.4066 | lr=1.13e-04 | wd=0.0000 | mom=0.9500 | T=1.0 k=1.0 (mu_rec=1 mu_bwd=1) | grad=2.844 | tok/s=87,130 | tokens=5.81B
step=177420 | loss=4.3482 | lr=1.12e-04 | wd=0.0000 | mom=0.9500 | T=1.0 k=1.0 (mu_rec=1 mu_bwd=1) | grad=3.734 | tok/s=86,901 | tokens=5.81B
step=177430 | loss=4.1534 | lr=1.12e-04 | wd=0.0000 | mom=0.9500 | T=1.0 k=1.0 (mu_rec=1 mu_bwd=1) | grad=3.750 | tok/s=86,920 | tokens=5.81B
step=177440 | loss=4.2140 | lr=1.12e-04 | wd=0.0000 | mom=0.9500 | T=1.0 k=1.0 (mu_rec=1 mu_bwd=1) | grad=3.250 | tok/s=86,756 | tokens=5.81B
step=177450 | loss=4.4218 | lr=1.12e-04 | wd=0.0000 | mom=0.9500 | T=1.0 k=1.0 (mu_rec=1 mu_bwd=1) | grad=2.844 | tok/s=86,819 | tokens=5.81B
step=177460 | loss=4.2132 | lr=1.11e-04 | wd=0.0000 | mom=0.9500 | T=1.0 k=1.0 (mu_rec=1 mu_bwd=1) | grad=4.844 | tok/s=86,766 | tokens=5.82B
step=177470 | loss=4.3919 | lr=1.11e-04 | wd=0.0000 | mom=0.9500 | T=1.0 k=1.0 (mu_rec=1 mu_bwd=1) | grad=6.094 | tok/s=86,720 | tokens=5.82B
step=177480 | loss=4.2832 | lr=1.11e-04 | wd=0.0000 | mom=0.9500 | T=1.0 k=1.0 (mu_rec=1 mu_bwd=1) | grad=4.938 | tok/s=86,632 | tokens=5.82B
step=177490 | loss=4.0178 | lr=1.11e-04 | wd=0.0000 | mom=0.9500 | T=1.0 k=1.0 (mu_rec=1 mu_bwd=1) | grad=3.750 | tok/s=86,782 | tokens=5.82B
step=177500 | loss=4.6267 | lr=1.10e-04 | wd=0.0000 | mom=0.9500 | T=1.0 k=1.0 (mu_rec=1 mu_bwd=1) | grad=3.562 | tok/s=86,580 | tokens=5.82B
step=177510 | loss=4.5336 | lr=1.10e-04 | wd=0.0000 | mom=0.9500 | T=1.0 k=1.0 (mu_rec=1 mu_bwd=1) | grad=2.922 | tok/s=86,689 | tokens=5.82B
step=177520 | loss=4.4417 | lr=1.10e-04 | wd=0.0000 | mom=0.9500 | T=1.0 k=1.0 (mu_rec=1 mu_bwd=1) | grad=2.875 | tok/s=86,756 | tokens=5.82B
step=177530 | loss=4.4545 | lr=1.10e-04 | wd=0.0000 | mom=0.9500 | T=1.0 k=1.0 (mu_rec=1 mu_bwd=1) | grad=3.047 | tok/s=86,619 | tokens=5.82B
step=177540 | loss=4.2285 | lr=1.09e-04 | wd=0.0000 | mom=0.9500 | T=1.0 k=1.0 (mu_rec=1 mu_bwd=1) | grad=2.703 | tok/s=86,734 | tokens=5.82B
step=177550 | loss=4.3492 | lr=1.09e-04 | wd=0.0000 | mom=0.9500 | T=1.0 k=1.0 (mu_rec=1 mu_bwd=1) | grad=3.109 | tok/s=86,661 | tokens=5.82B
step=177560 | loss=4.3816 | lr=1.09e-04 | wd=0.0000 | mom=0.9500 | T=1.0 k=1.0 (mu_rec=1 mu_bwd=1) | grad=3.031 | tok/s=86,706 | tokens=5.82B
step=177570 | loss=4.1280 | lr=1.09e-04 | wd=0.0000 | mom=0.9500 | T=1.0 k=1.0 (mu_rec=1 mu_bwd=1) | grad=3.469 | tok/s=86,819 | tokens=5.82B
step=177580 | loss=4.4169 | lr=1.08e-04 | wd=0.0000 | mom=0.9500 | T=1.0 k=1.0 (mu_rec=1 mu_bwd=1) | grad=3.609 | tok/s=86,786 | tokens=5.82B
step=177590 | loss=4.3632 | lr=1.08e-04 | wd=0.0000 | mom=0.9500 | T=1.0 k=1.0 (mu_rec=1 mu_bwd=1) | grad=3.922 | tok/s=86,940 | tokens=5.82B
step=177600 | loss=4.3400 | lr=1.08e-04 | wd=0.0000 | mom=0.9500 | T=1.0 k=1.0 (mu_rec=1 mu_bwd=1) | grad=3.484 | tok/s=86,829 | tokens=5.82B
step=177610 | loss=4.4230 | lr=1.08e-04 | wd=0.0000 | mom=0.9500 | T=1.0 k=1.0 (mu_rec=1 mu_bwd=1) | grad=3.703 | tok/s=86,778 | tokens=5.82B
step=177620 | loss=4.3126 | lr=1.07e-04 | wd=0.0000 | mom=0.9500 | T=1.0 k=1.0 (mu_rec=1 mu_bwd=1) | grad=2.984 | tok/s=86,931 | tokens=5.82B
step=177630 | loss=4.6005 | lr=1.07e-04 | wd=0.0000 | mom=0.9500 | T=1.0 k=1.0 (mu_rec=1 mu_bwd=1) | grad=3.047 | tok/s=87,042 | tokens=5.82B
step=177640 | loss=4.2127 | lr=1.07e-04 | wd=0.0000 | mom=0.9500 | T=1.0 k=1.0 (mu_rec=1 mu_bwd=1) | grad=3.359 | tok/s=86,979 | tokens=5.82B
step=177650 | loss=4.4579 | lr=1.07e-04 | wd=0.0000 | mom=0.9500 | T=1.0 k=1.0 (mu_rec=1 mu_bwd=1) | grad=3.344 | tok/s=87,111 | tokens=5.82B
step=177660 | loss=4.4533 | lr=1.06e-04 | wd=0.0000 | mom=0.9500 | T=1.0 k=1.0 (mu_rec=1 mu_bwd=1) | grad=3.328 | tok/s=86,885 | tokens=5.82B
step=177670 | loss=4.1425 | lr=1.06e-04 | wd=0.0000 | mom=0.9500 | T=1.0 k=1.0 (mu_rec=1 mu_bwd=1) | grad=2.906 | tok/s=87,219 | tokens=5.82B
step=177680 | loss=4.2195 | lr=1.06e-04 | wd=0.0000 | mom=0.9500 | T=1.0 k=1.0 (mu_rec=1 mu_bwd=1) | grad=4.031 | tok/s=87,165 | tokens=5.82B
step=177690 | loss=4.4008 | lr=1.06e-04 | wd=0.0000 | mom=0.9500 | T=1.0 k=1.0 (mu_rec=1 mu_bwd=1) | grad=4.125 | tok/s=8,926 | tokens=5.82B
step=177700 | loss=4.2607 | lr=1.05e-04 | wd=0.0000 | mom=0.9500 | T=1.0 k=1.0 (mu_rec=1 mu_bwd=1) | grad=3.578 | tok/s=88,906 | tokens=5.82B
step=177710 | loss=4.2317 | lr=1.05e-04 | wd=0.0000 | mom=0.9500 | T=1.0 k=1.0 (mu_rec=1 mu_bwd=1) | grad=2.641 | tok/s=88,817 | tokens=5.82B
step=177720 | loss=4.4779 | lr=1.05e-04 | wd=0.0000 | mom=0.9500 | T=1.0 k=1.0 (mu_rec=1 mu_bwd=1) | grad=2.891 | tok/s=88,512 | tokens=5.82B
step=177730 | loss=4.1681 | lr=1.05e-04 | wd=0.0000 | mom=0.9500 | T=1.0 k=1.0 (mu_rec=1 mu_bwd=1) | grad=4.188 | tok/s=88,467 | tokens=5.82B
step=177740 | loss=4.4892 | lr=1.04e-04 | wd=0.0000 | mom=0.9500 | T=1.0 k=1.0 (mu_rec=1 mu_bwd=1) | grad=3.234 | tok/s=88,223 | tokens=5.82B
step=177750 | loss=4.5946 | lr=1.04e-04 | wd=0.0000 | mom=0.9500 | T=1.0 k=1.0 (mu_rec=1 mu_bwd=1) | grad=3.438 | tok/s=88,152 | tokens=5.82B
step=177760 | loss=4.3839 | lr=1.04e-04 | wd=0.0000 | mom=0.9500 | T=1.0 k=1.0 (mu_rec=1 mu_bwd=1) | grad=3.359 | tok/s=88,083 | tokens=5.82B
step=177770 | loss=4.4569 | lr=1.04e-04 | wd=0.0000 | mom=0.9500 | T=1.0 k=1.0 (mu_rec=1 mu_bwd=1) | grad=4.062 | tok/s=87,845 | tokens=5.83B
step=177780 | loss=4.3773 | lr=1.03e-04 | wd=0.0000 | mom=0.9500 | T=1.0 k=1.0 (mu_rec=1 mu_bwd=1) | grad=3.469 | tok/s=87,744 | tokens=5.83B
step=177790 | loss=4.2238 | lr=1.03e-04 | wd=0.0000 | mom=0.9500 | T=1.0 k=1.0 (mu_rec=1 mu_bwd=1) | grad=2.734 | tok/s=87,559 | tokens=5.83B
step=177800 | loss=4.3874 | lr=1.03e-04 | wd=0.0000 | mom=0.9500 | T=1.0 k=1.0 (mu_rec=1 mu_bwd=1) | grad=3.312 | tok/s=87,514 | tokens=5.83B
step=177810 | loss=4.2986 | lr=1.03e-04 | wd=0.0000 | mom=0.9500 | T=1.0 k=1.0 (mu_rec=1 mu_bwd=1) | grad=3.719 | tok/s=87,493 | tokens=5.83B
step=177820 | loss=4.2555 | lr=1.02e-04 | wd=0.0000 | mom=0.9500 | T=1.0 k=1.0 (mu_rec=1 mu_bwd=1) | grad=4.031 | tok/s=87,436 | tokens=5.83B
step=177830 | loss=4.3048 | lr=1.02e-04 | wd=0.0000 | mom=0.9500 | T=1.0 k=1.0 (mu_rec=1 mu_bwd=1) | grad=4.375 | tok/s=87,414 | tokens=5.83B
step=177840 | loss=4.2806 | lr=1.02e-04 | wd=0.0000 | mom=0.9500 | T=1.0 k=1.0 (mu_rec=1 mu_bwd=1) | grad=4.656 | tok/s=87,252 | tokens=5.83B
step=177850 | loss=4.5237 | lr=1.02e-04 | wd=0.0000 | mom=0.9500 | T=1.0 k=1.0 (mu_rec=1 mu_bwd=1) | grad=3.266 | tok/s=87,090 | tokens=5.83B
step=177860 | loss=4.2295 | lr=1.01e-04 | wd=0.0000 | mom=0.9500 | T=1.0 k=1.0 (mu_rec=1 mu_bwd=1) | grad=6.469 | tok/s=87,135 | tokens=5.83B
step=177870 | loss=3.8356 | lr=1.01e-04 | wd=0.0000 | mom=0.9500 | T=1.0 k=1.0 (mu_rec=1 mu_bwd=1) | grad=3.109 | tok/s=87,096 | tokens=5.83B
step=177880 | loss=4.3785 | lr=1.01e-04 | wd=0.0000 | mom=0.9500 | T=1.0 k=1.0 (mu_rec=1 mu_bwd=1) | grad=4.125 | tok/s=86,996 | tokens=5.83B
step=177890 | loss=4.2682 | lr=1.01e-04 | wd=0.0000 | mom=0.9500 | T=1.0 k=1.0 (mu_rec=1 mu_bwd=1) | grad=7.031 | tok/s=86,823 | tokens=5.83B
step=177900 | loss=3.9091 | lr=1.00e-04 | wd=0.0000 | mom=0.9500 | T=1.0 k=1.0 (mu_rec=1 mu_bwd=1) | grad=3.453 | tok/s=86,886 | tokens=5.83B
step=177910 | loss=4.1476 | lr=1.00e-04 | wd=0.0000 | mom=0.9500 | T=1.0 k=1.0 (mu_rec=1 mu_bwd=1) | grad=2.547 | tok/s=86,726 | tokens=5.83B
step=177920 | loss=4.3911 | lr=9.99e-05 | wd=0.0000 | mom=0.9500 | T=1.0 k=1.0 (mu_rec=1 mu_bwd=1) | grad=3.297 | tok/s=86,775 | tokens=5.83B
step=177930 | loss=4.2588 | lr=9.96e-05 | wd=0.0000 | mom=0.9500 | T=1.0 k=1.0 (mu_rec=1 mu_bwd=1) | grad=3.062 | tok/s=86,792 | tokens=5.83B
step=177940 | loss=4.1597 | lr=9.94e-05 | wd=0.0000 | mom=0.9500 | T=1.0 k=1.0 (mu_rec=1 mu_bwd=1) | grad=3.062 | tok/s=86,595 | tokens=5.83B
step=177950 | loss=4.3182 | lr=9.91e-05 | wd=0.0000 | mom=0.9500 | T=1.0 k=1.0 (mu_rec=1 mu_bwd=1) | grad=3.172 | tok/s=86,637 | tokens=5.83B
step=177960 | loss=4.2006 | lr=9.89e-05 | wd=0.0000 | mom=0.9500 | T=1.0 k=1.0 (mu_rec=1 mu_bwd=1) | grad=3.938 | tok/s=86,678 | tokens=5.83B
step=177970 | loss=4.0928 | lr=9.87e-05 | wd=0.0000 | mom=0.9500 | T=1.0 k=1.0 (mu_rec=1 mu_bwd=1) | grad=8.500 | tok/s=86,628 | tokens=5.83B
step=177980 | loss=4.3136 | lr=9.84e-05 | wd=0.0000 | mom=0.9500 | T=1.0 k=1.0 (mu_rec=1 mu_bwd=1) | grad=4.188 | tok/s=86,625 | tokens=5.83B
step=177990 | loss=3.8995 | lr=9.82e-05 | wd=0.0000 | mom=0.9500 | T=1.0 k=1.0 (mu_rec=1 mu_bwd=1) | grad=4.938 | tok/s=86,773 | tokens=5.83B
step=178000 | loss=4.1378 | lr=9.79e-05 | wd=0.0000 | mom=0.9500 | T=1.0 k=1.0 (mu_rec=1 mu_bwd=1) | grad=5.000 | tok/s=86,668 | tokens=5.83B
[step 178000] Saved -> runs/pythia-5b/checkpoint_0178000
[step 178000] Pruned -> runs/pythia-5b/checkpoint_0172000
step=178010 | loss=4.3291 | lr=9.77e-05 | wd=0.0000 | mom=0.9500 | T=1.0 k=1.0 (mu_rec=1 mu_bwd=1) | grad=3.297 | tok/s=71,553 | tokens=5.83B
step=178020 | loss=4.5426 | lr=9.75e-05 | wd=0.0000 | mom=0.9500 | T=1.0 k=1.0 (mu_rec=1 mu_bwd=1) | grad=4.062 | tok/s=86,755 | tokens=5.83B
step=178030 | loss=4.4683 | lr=9.72e-05 | wd=0.0000 | mom=0.9500 | T=1.0 k=1.0 (mu_rec=1 mu_bwd=1) | grad=3.391 | tok/s=86,667 | tokens=5.83B
step=178040 | loss=4.4526 | lr=9.70e-05 | wd=0.0000 | mom=0.9500 | T=1.0 k=1.0 (mu_rec=1 mu_bwd=1) | grad=4.938 | tok/s=86,761 | tokens=5.83B
step=178050 | loss=4.7053 | lr=9.67e-05 | wd=0.0000 | mom=0.9500 | T=1.0 k=1.0 (mu_rec=1 mu_bwd=1) | grad=4.656 | tok/s=86,969 | tokens=5.83B
step=178060 | loss=4.3625 | lr=9.65e-05 | wd=0.0000 | mom=0.9500 | T=1.0 k=1.0 (mu_rec=1 mu_bwd=1) | grad=8.938 | tok/s=86,978 | tokens=5.83B
step=178070 | loss=4.3186 | lr=9.63e-05 | wd=0.0000 | mom=0.9500 | T=1.0 k=1.0 (mu_rec=1 mu_bwd=1) | grad=3.141 | tok/s=86,888 | tokens=5.83B
step=178080 | loss=4.4271 | lr=9.60e-05 | wd=0.0000 | mom=0.9500 | T=1.0 k=1.0 (mu_rec=1 mu_bwd=1) | grad=3.703 | tok/s=87,045 | tokens=5.84B
step=178090 | loss=4.4114 | lr=9.58e-05 | wd=0.0000 | mom=0.9500 | T=1.0 k=1.0 (mu_rec=1 mu_bwd=1) | grad=4.812 | tok/s=8,443 | tokens=5.84B
step=178100 | loss=4.5208 | lr=9.55e-05 | wd=0.0000 | mom=0.9500 | T=1.0 k=1.0 (mu_rec=1 mu_bwd=1) | grad=4.344 | tok/s=88,832 | tokens=5.84B
step=178110 | loss=4.3617 | lr=9.53e-05 | wd=0.0000 | mom=0.9500 | T=1.0 k=1.0 (mu_rec=1 mu_bwd=1) | grad=7.375 | tok/s=88,423 | tokens=5.84B
step=178120 | loss=4.2431 | lr=9.51e-05 | wd=0.0000 | mom=0.9500 | T=1.0 k=1.0 (mu_rec=1 mu_bwd=1) | grad=3.406 | tok/s=88,412 | tokens=5.84B
step=178130 | loss=4.2735 | lr=9.48e-05 | wd=0.0000 | mom=0.9500 | T=1.0 k=1.0 (mu_rec=1 mu_bwd=1) | grad=4.250 | tok/s=88,276 | tokens=5.84B
step=178140 | loss=4.1306 | lr=9.46e-05 | wd=0.0000 | mom=0.9500 | T=1.0 k=1.0 (mu_rec=1 mu_bwd=1) | grad=2.953 | tok/s=88,198 | tokens=5.84B
step=178150 | loss=4.2253 | lr=9.43e-05 | wd=0.0000 | mom=0.9500 | T=1.0 k=1.0 (mu_rec=1 mu_bwd=1) | grad=10.062 | tok/s=88,044 | tokens=5.84B
step=178160 | loss=4.2364 | lr=9.41e-05 | wd=0.0000 | mom=0.9500 | T=1.0 k=1.0 (mu_rec=1 mu_bwd=1) | grad=2.594 | tok/s=87,932 | tokens=5.84B
step=178170 | loss=4.1998 | lr=9.39e-05 | wd=0.0000 | mom=0.9500 | T=1.0 k=1.0 (mu_rec=1 mu_bwd=1) | grad=2.984 | tok/s=87,698 | tokens=5.84B
step=178180 | loss=4.4008 | lr=9.36e-05 | wd=0.0000 | mom=0.9500 | T=1.0 k=1.0 (mu_rec=1 mu_bwd=1) | grad=2.859 | tok/s=87,590 | tokens=5.84B
step=178190 | loss=4.2454 | lr=9.34e-05 | wd=0.0000 | mom=0.9500 | T=1.0 k=1.0 (mu_rec=1 mu_bwd=1) | grad=3.078 | tok/s=87,531 | tokens=5.84B
step=178200 | loss=4.4287 | lr=9.32e-05 | wd=0.0000 | mom=0.9500 | T=1.0 k=1.0 (mu_rec=1 mu_bwd=1) | grad=2.922 | tok/s=87,400 | tokens=5.84B
step=178210 | loss=4.6264 | lr=9.29e-05 | wd=0.0000 | mom=0.9500 | T=1.0 k=1.0 (mu_rec=1 mu_bwd=1) | grad=6.406 | tok/s=87,367 | tokens=5.84B
step=178220 | loss=4.8406 | lr=9.27e-05 | wd=0.0000 | mom=0.9500 | T=1.0 k=1.0 (mu_rec=1 mu_bwd=1) | grad=3.531 | tok/s=87,344 | tokens=5.84B
step=178230 | loss=3.8862 | lr=9.25e-05 | wd=0.0000 | mom=0.9500 | T=1.0 k=1.0 (mu_rec=1 mu_bwd=1) | grad=7.219 | tok/s=87,088 | tokens=5.84B
step=178240 | loss=4.3095 | lr=9.22e-05 | wd=0.0000 | mom=0.9500 | T=1.0 k=1.0 (mu_rec=1 mu_bwd=1) | grad=3.266 | tok/s=87,094 | tokens=5.84B
step=178250 | loss=4.3655 | lr=9.20e-05 | wd=0.0000 | mom=0.9500 | T=1.0 k=1.0 (mu_rec=1 mu_bwd=1) | grad=2.797 | tok/s=87,052 | tokens=5.84B
step=178260 | loss=4.2777 | lr=9.18e-05 | wd=0.0000 | mom=0.9500 | T=1.0 k=1.0 (mu_rec=1 mu_bwd=1) | grad=4.219 | tok/s=86,982 | tokens=5.84B
step=178270 | loss=4.3000 | lr=9.15e-05 | wd=0.0000 | mom=0.9500 | T=1.0 k=1.0 (mu_rec=1 mu_bwd=1) | grad=3.016 | tok/s=86,852 | tokens=5.84B
step=178280 | loss=4.2937 | lr=9.13e-05 | wd=0.0000 | mom=0.9500 | T=1.0 k=1.0 (mu_rec=1 mu_bwd=1) | grad=2.625 | tok/s=86,655 | tokens=5.84B
step=178290 | loss=4.4314 | lr=9.11e-05 | wd=0.0000 | mom=0.9500 | T=1.0 k=1.0 (mu_rec=1 mu_bwd=1) | grad=3.547 | tok/s=86,740 | tokens=5.84B
step=178300 | loss=4.0473 | lr=9.08e-05 | wd=0.0000 | mom=0.9500 | T=1.0 k=1.0 (mu_rec=1 mu_bwd=1) | grad=2.844 | tok/s=86,605 | tokens=5.84B
step=178310 | loss=4.2184 | lr=9.06e-05 | wd=0.0000 | mom=0.9500 | T=1.0 k=1.0 (mu_rec=1 mu_bwd=1) | grad=2.672 | tok/s=86,534 | tokens=5.84B
step=178320 | loss=4.1406 | lr=9.04e-05 | wd=0.0000 | mom=0.9500 | T=1.0 k=1.0 (mu_rec=1 mu_bwd=1) | grad=8.938 | tok/s=86,721 | tokens=5.84B
step=178330 | loss=4.2795 | lr=9.01e-05 | wd=0.0000 | mom=0.9500 | T=1.0 k=1.0 (mu_rec=1 mu_bwd=1) | grad=3.047 | tok/s=86,553 | tokens=5.84B
step=178340 | loss=4.4245 | lr=8.99e-05 | wd=0.0000 | mom=0.9500 | T=1.0 k=1.0 (mu_rec=1 mu_bwd=1) | grad=4.156 | tok/s=86,587 | tokens=5.84B
step=178350 | loss=4.2059 | lr=8.97e-05 | wd=0.0000 | mom=0.9500 | T=1.0 k=1.0 (mu_rec=1 mu_bwd=1) | grad=3.922 | tok/s=86,461 | tokens=5.84B
step=178360 | loss=4.1912 | lr=8.94e-05 | wd=0.0000 | mom=0.9500 | T=1.0 k=1.0 (mu_rec=1 mu_bwd=1) | grad=3.188 | tok/s=86,634 | tokens=5.84B
step=178370 | loss=4.3033 | lr=8.92e-05 | wd=0.0000 | mom=0.9500 | T=1.0 k=1.0 (mu_rec=1 mu_bwd=1) | grad=4.562 | tok/s=86,673 | tokens=5.84B
step=178380 | loss=4.3693 | lr=8.90e-05 | wd=0.0000 | mom=0.9500 | T=1.0 k=1.0 (mu_rec=1 mu_bwd=1) | grad=3.203 | tok/s=86,871 | tokens=5.85B
step=178390 | loss=4.3743 | lr=8.88e-05 | wd=0.0000 | mom=0.9500 | T=1.0 k=1.0 (mu_rec=1 mu_bwd=1) | grad=3.672 | tok/s=86,886 | tokens=5.85B
step=178400 | loss=4.2225 | lr=8.85e-05 | wd=0.0000 | mom=0.9500 | T=1.0 k=1.0 (mu_rec=1 mu_bwd=1) | grad=3.188 | tok/s=86,965 | tokens=5.85B
step=178410 | loss=4.4380 | lr=8.83e-05 | wd=0.0000 | mom=0.9500 | T=1.0 k=1.0 (mu_rec=1 mu_bwd=1) | grad=4.375 | tok/s=86,961 | tokens=5.85B
step=178420 | loss=4.6787 | lr=8.81e-05 | wd=0.0000 | mom=0.9500 | T=1.0 k=1.0 (mu_rec=1 mu_bwd=1) | grad=3.609 | tok/s=86,879 | tokens=5.85B
step=178430 | loss=4.3507 | lr=8.78e-05 | wd=0.0000 | mom=0.9500 | T=1.0 k=1.0 (mu_rec=1 mu_bwd=1) | grad=3.953 | tok/s=87,018 | tokens=5.85B
step=178440 | loss=4.2634 | lr=8.76e-05 | wd=0.0000 | mom=0.9500 | T=1.0 k=1.0 (mu_rec=1 mu_bwd=1) | grad=3.516 | tok/s=87,090 | tokens=5.85B
step=178450 | loss=4.5831 | lr=8.74e-05 | wd=0.0000 | mom=0.9500 | T=1.0 k=1.0 (mu_rec=1 mu_bwd=1) | grad=3.375 | tok/s=87,155 | tokens=5.85B
step=178460 | loss=4.5066 | lr=8.72e-05 | wd=0.0000 | mom=0.9500 | T=1.0 k=1.0 (mu_rec=1 mu_bwd=1) | grad=4.281 | tok/s=87,162 | tokens=5.85B
step=178470 | loss=4.4932 | lr=8.69e-05 | wd=0.0000 | mom=0.9500 | T=1.0 k=1.0 (mu_rec=1 mu_bwd=1) | grad=5.250 | tok/s=87,177 | tokens=5.85B
step=178480 | loss=4.0904 | lr=8.67e-05 | wd=0.0000 | mom=0.9500 | T=1.0 k=1.0 (mu_rec=1 mu_bwd=1) | grad=9.062 | tok/s=87,223 | tokens=5.85B
step=178490 | loss=4.3547 | lr=8.65e-05 | wd=0.0000 | mom=0.9500 | T=1.0 k=1.0 (mu_rec=1 mu_bwd=1) | grad=3.094 | tok/s=87,167 | tokens=5.85B
step=178500 | loss=4.5752 | lr=8.62e-05 | wd=0.0000 | mom=0.9500 | T=1.0 k=1.0 (mu_rec=1 mu_bwd=1) | grad=3.297 | tok/s=87,258 | tokens=5.85B
step=178510 | loss=4.1658 | lr=8.60e-05 | wd=0.0000 | mom=0.9500 | T=1.0 k=1.0 (mu_rec=1 mu_bwd=1) | grad=3.359 | tok/s=87,312 | tokens=5.85B
step=178520 | loss=4.4750 | lr=8.58e-05 | wd=0.0000 | mom=0.9500 | T=1.0 k=1.0 (mu_rec=1 mu_bwd=1) | grad=3.250 | tok/s=87,299 | tokens=5.85B
step=178530 | loss=4.4251 | lr=8.56e-05 | wd=0.0000 | mom=0.9500 | T=1.0 k=1.0 (mu_rec=1 mu_bwd=1) | grad=3.844 | tok/s=87,192 | tokens=5.85B
step=178540 | loss=4.4362 | lr=8.53e-05 | wd=0.0000 | mom=0.9500 | T=1.0 k=1.0 (mu_rec=1 mu_bwd=1) | grad=3.531 | tok/s=87,208 | tokens=5.85B
step=178550 | loss=4.4884 | lr=8.51e-05 | wd=0.0000 | mom=0.9500 | T=1.0 k=1.0 (mu_rec=1 mu_bwd=1) | grad=3.781 | tok/s=87,357 | tokens=5.85B
step=178560 | loss=4.3462 | lr=8.49e-05 | wd=0.0000 | mom=0.9500 | T=1.0 k=1.0 (mu_rec=1 mu_bwd=1) | grad=4.188 | tok/s=87,243 | tokens=5.85B
step=178570 | loss=4.5895 | lr=8.47e-05 | wd=0.0000 | mom=0.9500 | T=1.0 k=1.0 (mu_rec=1 mu_bwd=1) | grad=4.125 | tok/s=87,185 | tokens=5.85B
step=178580 | loss=4.5802 | lr=8.45e-05 | wd=0.0000 | mom=0.9500 | T=1.0 k=1.0 (mu_rec=1 mu_bwd=1) | grad=4.094 | tok/s=87,316 | tokens=5.85B
step=178590 | loss=4.5406 | lr=8.42e-05 | wd=0.0000 | mom=0.9500 | T=1.0 k=1.0 (mu_rec=1 mu_bwd=1) | grad=4.156 | tok/s=8,711 | tokens=5.85B
step=178600 | loss=4.3942 | lr=8.40e-05 | wd=0.0000 | mom=0.9500 | T=1.0 k=1.0 (mu_rec=1 mu_bwd=1) | grad=3.250 | tok/s=89,029 | tokens=5.85B
step=178610 | loss=4.2818 | lr=8.38e-05 | wd=0.0000 | mom=0.9500 | T=1.0 k=1.0 (mu_rec=1 mu_bwd=1) | grad=6.750 | tok/s=88,688 | tokens=5.85B
step=178620 | loss=4.3622 | lr=8.36e-05 | wd=0.0000 | mom=0.9500 | T=1.0 k=1.0 (mu_rec=1 mu_bwd=1) | grad=5.219 | tok/s=88,679 | tokens=5.85B
step=178630 | loss=4.3028 | lr=8.33e-05 | wd=0.0000 | mom=0.9500 | T=1.0 k=1.0 (mu_rec=1 mu_bwd=1) | grad=2.828 | tok/s=88,532 | tokens=5.85B
step=178640 | loss=4.8243 | lr=8.31e-05 | wd=0.0000 | mom=0.9500 | T=1.0 k=1.0 (mu_rec=1 mu_bwd=1) | grad=4.031 | tok/s=88,282 | tokens=5.85B
step=178650 | loss=4.7555 | lr=8.29e-05 | wd=0.0000 | mom=0.9500 | T=1.0 k=1.0 (mu_rec=1 mu_bwd=1) | grad=3.375 | tok/s=88,315 | tokens=5.85B
step=178660 | loss=4.5579 | lr=8.27e-05 | wd=0.0000 | mom=0.9500 | T=1.0 k=1.0 (mu_rec=1 mu_bwd=1) | grad=5.188 | tok/s=88,134 | tokens=5.85B
step=178670 | loss=4.2245 | lr=8.25e-05 | wd=0.0000 | mom=0.9500 | T=1.0 k=1.0 (mu_rec=1 mu_bwd=1) | grad=4.438 | tok/s=88,041 | tokens=5.85B
step=178680 | loss=4.2562 | lr=8.22e-05 | wd=0.0000 | mom=0.9500 | T=1.0 k=1.0 (mu_rec=1 mu_bwd=1) | grad=6.219 | tok/s=88,008 | tokens=5.85B
step=178690 | loss=4.3063 | lr=8.20e-05 | wd=0.0000 | mom=0.9500 | T=1.0 k=1.0 (mu_rec=1 mu_bwd=1) | grad=3.812 | tok/s=87,996 | tokens=5.86B
step=178700 | loss=4.5698 | lr=8.18e-05 | wd=0.0000 | mom=0.9500 | T=1.0 k=1.0 (mu_rec=1 mu_bwd=1) | grad=5.000 | tok/s=87,833 | tokens=5.86B
step=178710 | loss=4.1916 | lr=8.16e-05 | wd=0.0000 | mom=0.9500 | T=1.0 k=1.0 (mu_rec=1 mu_bwd=1) | grad=3.953 | tok/s=87,706 | tokens=5.86B
step=178720 | loss=4.3477 | lr=8.14e-05 | wd=0.0000 | mom=0.9500 | T=1.0 k=1.0 (mu_rec=1 mu_bwd=1) | grad=3.891 | tok/s=87,700 | tokens=5.86B
step=178730 | loss=4.3662 | lr=8.11e-05 | wd=0.0000 | mom=0.9500 | T=1.0 k=1.0 (mu_rec=1 mu_bwd=1) | grad=4.000 | tok/s=87,540 | tokens=5.86B
step=178740 | loss=4.6918 | lr=8.09e-05 | wd=0.0000 | mom=0.9500 | T=1.0 k=1.0 (mu_rec=1 mu_bwd=1) | grad=5.719 | tok/s=87,488 | tokens=5.86B
step=178750 | loss=4.7331 | lr=8.07e-05 | wd=0.0000 | mom=0.9500 | T=1.0 k=1.0 (mu_rec=1 mu_bwd=1) | grad=4.125 | tok/s=87,417 | tokens=5.86B
step=178760 | loss=4.4454 | lr=8.05e-05 | wd=0.0000 | mom=0.9500 | T=1.0 k=1.0 (mu_rec=1 mu_bwd=1) | grad=3.328 | tok/s=87,251 | tokens=5.86B
step=178770 | loss=4.4129 | lr=8.03e-05 | wd=0.0000 | mom=0.9500 | T=1.0 k=1.0 (mu_rec=1 mu_bwd=1) | grad=4.625 | tok/s=87,310 | tokens=5.86B
step=178780 | loss=4.8074 | lr=8.01e-05 | wd=0.0000 | mom=0.9500 | T=1.0 k=1.0 (mu_rec=1 mu_bwd=1) | grad=3.062 | tok/s=87,275 | tokens=5.86B
step=178790 | loss=4.1948 | lr=7.98e-05 | wd=0.0000 | mom=0.9500 | T=1.0 k=1.0 (mu_rec=1 mu_bwd=1) | grad=2.938 | tok/s=87,209 | tokens=5.86B
step=178800 | loss=4.2451 | lr=7.96e-05 | wd=0.0000 | mom=0.9500 | T=1.0 k=1.0 (mu_rec=1 mu_bwd=1) | grad=2.547 | tok/s=87,166 | tokens=5.86B
step=178810 | loss=4.4872 | lr=7.94e-05 | wd=0.0000 | mom=0.9500 | T=1.0 k=1.0 (mu_rec=1 mu_bwd=1) | grad=4.000 | tok/s=87,164 | tokens=5.86B
step=178820 | loss=4.1790 | lr=7.92e-05 | wd=0.0000 | mom=0.9500 | T=1.0 k=1.0 (mu_rec=1 mu_bwd=1) | grad=4.938 | tok/s=87,160 | tokens=5.86B
step=178830 | loss=4.3312 | lr=7.90e-05 | wd=0.0000 | mom=0.9500 | T=1.0 k=1.0 (mu_rec=1 mu_bwd=1) | grad=3.297 | tok/s=87,096 | tokens=5.86B
step=178840 | loss=4.2811 | lr=7.88e-05 | wd=0.0000 | mom=0.9500 | T=1.0 k=1.0 (mu_rec=1 mu_bwd=1) | grad=3.578 | tok/s=86,961 | tokens=5.86B
step=178850 | loss=4.1968 | lr=7.86e-05 | wd=0.0000 | mom=0.9500 | T=1.0 k=1.0 (mu_rec=1 mu_bwd=1) | grad=2.719 | tok/s=86,911 | tokens=5.86B
step=178860 | loss=4.2319 | lr=7.83e-05 | wd=0.0000 | mom=0.9500 | T=1.0 k=1.0 (mu_rec=1 mu_bwd=1) | grad=4.844 | tok/s=86,775 | tokens=5.86B
step=178870 | loss=4.2439 | lr=7.81e-05 | wd=0.0000 | mom=0.9500 | T=1.0 k=1.0 (mu_rec=1 mu_bwd=1) | grad=4.031 | tok/s=86,711 | tokens=5.86B
step=178880 | loss=4.2043 | lr=7.79e-05 | wd=0.0000 | mom=0.9500 | T=1.0 k=1.0 (mu_rec=1 mu_bwd=1) | grad=3.953 | tok/s=86,840 | tokens=5.86B
step=178890 | loss=4.1595 | lr=7.77e-05 | wd=0.0000 | mom=0.9500 | T=1.0 k=1.0 (mu_rec=1 mu_bwd=1) | grad=3.922 | tok/s=86,681 | tokens=5.86B
step=178900 | loss=3.9860 | lr=7.75e-05 | wd=0.0000 | mom=0.9500 | T=1.0 k=1.0 (mu_rec=1 mu_bwd=1) | grad=3.547 | tok/s=86,752 | tokens=5.86B
step=178910 | loss=4.0896 | lr=7.73e-05 | wd=0.0000 | mom=0.9500 | T=1.0 k=1.0 (mu_rec=1 mu_bwd=1) | grad=3.703 | tok/s=86,825 | tokens=5.86B
step=178920 | loss=4.1313 | lr=7.71e-05 | wd=0.0000 | mom=0.9500 | T=1.0 k=1.0 (mu_rec=1 mu_bwd=1) | grad=3.688 | tok/s=86,742 | tokens=5.86B
step=178930 | loss=4.3015 | lr=7.69e-05 | wd=0.0000 | mom=0.9500 | T=1.0 k=1.0 (mu_rec=1 mu_bwd=1) | grad=7.281 | tok/s=86,703 | tokens=5.86B
step=178940 | loss=4.3085 | lr=7.67e-05 | wd=0.0000 | mom=0.9500 | T=1.0 k=1.0 (mu_rec=1 mu_bwd=1) | grad=8.438 | tok/s=86,815 | tokens=5.86B
step=178950 | loss=4.3286 | lr=7.64e-05 | wd=0.0000 | mom=0.9500 | T=1.0 k=1.0 (mu_rec=1 mu_bwd=1) | grad=4.062 | tok/s=86,649 | tokens=5.86B
step=178960 | loss=4.5617 | lr=7.62e-05 | wd=0.0000 | mom=0.9500 | T=1.0 k=1.0 (mu_rec=1 mu_bwd=1) | grad=4.344 | tok/s=86,863 | tokens=5.86B
step=178970 | loss=3.9049 | lr=7.60e-05 | wd=0.0000 | mom=0.9500 | T=1.0 k=1.0 (mu_rec=1 mu_bwd=1) | grad=4.906 | tok/s=86,745 | tokens=5.86B
step=178980 | loss=4.3336 | lr=7.58e-05 | wd=0.0000 | mom=0.9500 | T=1.0 k=1.0 (mu_rec=1 mu_bwd=1) | grad=2.938 | tok/s=86,836 | tokens=5.86B
step=178990 | loss=4.2664 | lr=7.56e-05 | wd=0.0000 | mom=0.9500 | T=1.0 k=1.0 (mu_rec=1 mu_bwd=1) | grad=3.812 | tok/s=8,855 | tokens=5.87B
step=179000 | loss=4.1730 | lr=7.54e-05 | wd=0.0000 | mom=0.9500 | T=1.0 k=1.0 (mu_rec=1 mu_bwd=1) | grad=3.781 | tok/s=88,618 | tokens=5.87B
step=179010 | loss=4.4035 | lr=7.52e-05 | wd=0.0000 | mom=0.9500 | T=1.0 k=1.0 (mu_rec=1 mu_bwd=1) | grad=2.938 | tok/s=88,497 | tokens=5.87B
step=179020 | loss=4.2276 | lr=7.50e-05 | wd=0.0000 | mom=0.9500 | T=1.0 k=1.0 (mu_rec=1 mu_bwd=1) | grad=2.656 | tok/s=88,316 | tokens=5.87B
step=179030 | loss=4.1273 | lr=7.48e-05 | wd=0.0000 | mom=0.9500 | T=1.0 k=1.0 (mu_rec=1 mu_bwd=1) | grad=3.641 | tok/s=88,153 | tokens=5.87B
step=179040 | loss=4.4946 | lr=7.46e-05 | wd=0.0000 | mom=0.9500 | T=1.0 k=1.0 (mu_rec=1 mu_bwd=1) | grad=3.453 | tok/s=87,966 | tokens=5.87B
step=179050 | loss=4.3652 | lr=7.44e-05 | wd=0.0000 | mom=0.9500 | T=1.0 k=1.0 (mu_rec=1 mu_bwd=1) | grad=3.750 | tok/s=88,006 | tokens=5.87B
step=179060 | loss=4.2594 | lr=7.42e-05 | wd=0.0000 | mom=0.9500 | T=1.0 k=1.0 (mu_rec=1 mu_bwd=1) | grad=3.562 | tok/s=87,826 | tokens=5.87B
step=179070 | loss=4.3248 | lr=7.40e-05 | wd=0.0000 | mom=0.9500 | T=1.0 k=1.0 (mu_rec=1 mu_bwd=1) | grad=2.547 | tok/s=87,763 | tokens=5.87B
step=179080 | loss=4.1814 | lr=7.37e-05 | wd=0.0000 | mom=0.9500 | T=1.0 k=1.0 (mu_rec=1 mu_bwd=1) | grad=3.703 | tok/s=87,673 | tokens=5.87B
step=179090 | loss=4.7029 | lr=7.35e-05 | wd=0.0000 | mom=0.9500 | T=1.0 k=1.0 (mu_rec=1 mu_bwd=1) | grad=4.438 | tok/s=87,561 | tokens=5.87B
step=179100 | loss=4.7428 | lr=7.33e-05 | wd=0.0000 | mom=0.9500 | T=1.0 k=1.0 (mu_rec=1 mu_bwd=1) | grad=6.719 | tok/s=87,570 | tokens=5.87B
step=179110 | loss=4.2645 | lr=7.31e-05 | wd=0.0000 | mom=0.9500 | T=1.0 k=1.0 (mu_rec=1 mu_bwd=1) | grad=4.031 | tok/s=87,489 | tokens=5.87B
step=179120 | loss=4.2302 | lr=7.29e-05 | wd=0.0000 | mom=0.9500 | T=1.0 k=1.0 (mu_rec=1 mu_bwd=1) | grad=3.281 | tok/s=87,442 | tokens=5.87B
step=179130 | loss=4.5962 | lr=7.27e-05 | wd=0.0000 | mom=0.9500 | T=1.0 k=1.0 (mu_rec=1 mu_bwd=1) | grad=3.578 | tok/s=87,233 | tokens=5.87B
step=179140 | loss=4.5861 | lr=7.25e-05 | wd=0.0000 | mom=0.9500 | T=1.0 k=1.0 (mu_rec=1 mu_bwd=1) | grad=4.062 | tok/s=87,207 | tokens=5.87B
step=179150 | loss=4.2791 | lr=7.23e-05 | wd=0.0000 | mom=0.9500 | T=1.0 k=1.0 (mu_rec=1 mu_bwd=1) | grad=2.688 | tok/s=87,278 | tokens=5.87B
step=179160 | loss=4.3611 | lr=7.21e-05 | wd=0.0000 | mom=0.9500 | T=1.0 k=1.0 (mu_rec=1 mu_bwd=1) | grad=3.234 | tok/s=87,106 | tokens=5.87B
step=179170 | loss=4.3275 | lr=7.19e-05 | wd=0.0000 | mom=0.9500 | T=1.0 k=1.0 (mu_rec=1 mu_bwd=1) | grad=2.750 | tok/s=87,042 | tokens=5.87B
step=179180 | loss=4.1482 | lr=7.17e-05 | wd=0.0000 | mom=0.9500 | T=1.0 k=1.0 (mu_rec=1 mu_bwd=1) | grad=4.969 | tok/s=86,979 | tokens=5.87B
step=179190 | loss=4.4014 | lr=7.15e-05 | wd=0.0000 | mom=0.9500 | T=1.0 k=1.0 (mu_rec=1 mu_bwd=1) | grad=13.375 | tok/s=86,898 | tokens=5.87B
step=179200 | loss=3.8218 | lr=7.13e-05 | wd=0.0000 | mom=0.9500 | T=1.0 k=1.0 (mu_rec=1 mu_bwd=1) | grad=2.891 | tok/s=86,930 | tokens=5.87B
step=179210 | loss=4.3264 | lr=7.11e-05 | wd=0.0000 | mom=0.9500 | T=1.0 k=1.0 (mu_rec=1 mu_bwd=1) | grad=3.422 | tok/s=86,910 | tokens=5.87B
step=179220 | loss=4.2920 | lr=7.09e-05 | wd=0.0000 | mom=0.9500 | T=1.0 k=1.0 (mu_rec=1 mu_bwd=1) | grad=2.938 | tok/s=86,852 | tokens=5.87B
step=179230 | loss=4.2442 | lr=7.07e-05 | wd=0.0000 | mom=0.9500 | T=1.0 k=1.0 (mu_rec=1 mu_bwd=1) | grad=4.375 | tok/s=86,728 | tokens=5.87B
step=179240 | loss=3.9744 | lr=7.05e-05 | wd=0.0000 | mom=0.9500 | T=1.0 k=1.0 (mu_rec=1 mu_bwd=1) | grad=3.141 | tok/s=86,816 | tokens=5.87B
step=179250 | loss=4.3807 | lr=7.03e-05 | wd=0.0000 | mom=0.9500 | T=1.0 k=1.0 (mu_rec=1 mu_bwd=1) | grad=2.656 | tok/s=86,674 | tokens=5.87B
step=179260 | loss=4.1291 | lr=7.01e-05 | wd=0.0000 | mom=0.9500 | T=1.0 k=1.0 (mu_rec=1 mu_bwd=1) | grad=4.281 | tok/s=86,676 | tokens=5.87B
step=179270 | loss=4.2459 | lr=6.99e-05 | wd=0.0000 | mom=0.9500 | T=1.0 k=1.0 (mu_rec=1 mu_bwd=1) | grad=2.812 | tok/s=86,627 | tokens=5.87B
step=179280 | loss=4.1525 | lr=6.97e-05 | wd=0.0000 | mom=0.9500 | T=1.0 k=1.0 (mu_rec=1 mu_bwd=1) | grad=4.875 | tok/s=86,668 | tokens=5.87B
step=179290 | loss=4.0892 | lr=6.95e-05 | wd=0.0000 | mom=0.9500 | T=1.0 k=1.0 (mu_rec=1 mu_bwd=1) | grad=2.859 | tok/s=86,774 | tokens=5.87B
step=179300 | loss=4.3830 | lr=6.93e-05 | wd=0.0000 | mom=0.9500 | T=1.0 k=1.0 (mu_rec=1 mu_bwd=1) | grad=4.969 | tok/s=86,802 | tokens=5.88B
step=179310 | loss=4.2994 | lr=6.91e-05 | wd=0.0000 | mom=0.9500 | T=1.0 k=1.0 (mu_rec=1 mu_bwd=1) | grad=2.984 | tok/s=86,684 | tokens=5.88B
step=179320 | loss=4.3020 | lr=6.89e-05 | wd=0.0000 | mom=0.9500 | T=1.0 k=1.0 (mu_rec=1 mu_bwd=1) | grad=3.859 | tok/s=86,815 | tokens=5.88B
step=179330 | loss=4.4144 | lr=6.87e-05 | wd=0.0000 | mom=0.9500 | T=1.0 k=1.0 (mu_rec=1 mu_bwd=1) | grad=2.891 | tok/s=86,734 | tokens=5.88B
step=179340 | loss=4.3294 | lr=6.86e-05 | wd=0.0000 | mom=0.9500 | T=1.0 k=1.0 (mu_rec=1 mu_bwd=1) | grad=2.672 | tok/s=86,760 | tokens=5.88B
step=179350 | loss=4.0477 | lr=6.84e-05 | wd=0.0000 | mom=0.9500 | T=1.0 k=1.0 (mu_rec=1 mu_bwd=1) | grad=5.344 | tok/s=86,834 | tokens=5.88B
step=179360 | loss=4.2562 | lr=6.82e-05 | wd=0.0000 | mom=0.9500 | T=1.0 k=1.0 (mu_rec=1 mu_bwd=1) | grad=2.844 | tok/s=86,976 | tokens=5.88B
step=179370 | loss=4.0559 | lr=6.80e-05 | wd=0.0000 | mom=0.9500 | T=1.0 k=1.0 (mu_rec=1 mu_bwd=1) | grad=15.125 | tok/s=86,921 | tokens=5.88B
step=179380 | loss=4.2723 | lr=6.78e-05 | wd=0.0000 | mom=0.9500 | T=1.0 k=1.0 (mu_rec=1 mu_bwd=1) | grad=3.328 | tok/s=86,964 | tokens=5.88B
step=179390 | loss=4.0492 | lr=6.76e-05 | wd=0.0000 | mom=0.9500 | T=1.0 k=1.0 (mu_rec=1 mu_bwd=1) | grad=2.672 | tok/s=86,927 | tokens=5.88B
step=179400 | loss=4.3695 | lr=6.74e-05 | wd=0.0000 | mom=0.9500 | T=1.0 k=1.0 (mu_rec=1 mu_bwd=1) | grad=4.344 | tok/s=86,944 | tokens=5.88B
step=179410 | loss=4.1572 | lr=6.72e-05 | wd=0.0000 | mom=0.9500 | T=1.0 k=1.0 (mu_rec=1 mu_bwd=1) | grad=3.609 | tok/s=87,005 | tokens=5.88B
step=179420 | loss=4.2088 | lr=6.70e-05 | wd=0.0000 | mom=0.9500 | T=1.0 k=1.0 (mu_rec=1 mu_bwd=1) | grad=3.094 | tok/s=87,105 | tokens=5.88B
step=179430 | loss=4.2759 | lr=6.68e-05 | wd=0.0000 | mom=0.9500 | T=1.0 k=1.0 (mu_rec=1 mu_bwd=1) | grad=3.656 | tok/s=87,044 | tokens=5.88B
step=179440 | loss=4.3529 | lr=6.66e-05 | wd=0.0000 | mom=0.9500 | T=1.0 k=1.0 (mu_rec=1 mu_bwd=1) | grad=5.125 | tok/s=87,061 | tokens=5.88B
step=179450 | loss=4.4773 | lr=6.64e-05 | wd=0.0000 | mom=0.9500 | T=1.0 k=1.0 (mu_rec=1 mu_bwd=1) | grad=3.594 | tok/s=87,116 | tokens=5.88B
step=179460 | loss=4.2834 | lr=6.62e-05 | wd=0.0000 | mom=0.9500 | T=1.0 k=1.0 (mu_rec=1 mu_bwd=1) | grad=2.984 | tok/s=87,114 | tokens=5.88B
step=179470 | loss=4.1444 | lr=6.61e-05 | wd=0.0000 | mom=0.9500 | T=1.0 k=1.0 (mu_rec=1 mu_bwd=1) | grad=4.406 | tok/s=87,251 | tokens=5.88B
step=179480 | loss=4.1816 | lr=6.59e-05 | wd=0.0000 | mom=0.9500 | T=1.0 k=1.0 (mu_rec=1 mu_bwd=1) | grad=3.312 | tok/s=87,097 | tokens=5.88B
step=179490 | loss=4.3161 | lr=6.57e-05 | wd=0.0000 | mom=0.9500 | T=1.0 k=1.0 (mu_rec=1 mu_bwd=1) | grad=3.266 | tok/s=87,114 | tokens=5.88B
step=179500 | loss=4.0074 | lr=6.55e-05 | wd=0.0000 | mom=0.9500 | T=1.0 k=1.0 (mu_rec=1 mu_bwd=1) | grad=3.516 | tok/s=87,120 | tokens=5.88B
step=179510 | loss=4.1367 | lr=6.53e-05 | wd=0.0000 | mom=0.9500 | T=1.0 k=1.0 (mu_rec=1 mu_bwd=1) | grad=4.938 | tok/s=87,254 | tokens=5.88B
step=179520 | loss=4.4719 | lr=6.51e-05 | wd=0.0000 | mom=0.9500 | T=1.0 k=1.0 (mu_rec=1 mu_bwd=1) | grad=2.750 | tok/s=9,510 | tokens=5.88B
step=179530 | loss=4.0740 | lr=6.49e-05 | wd=0.0000 | mom=0.9500 | T=1.0 k=1.0 (mu_rec=1 mu_bwd=1) | grad=3.516 | tok/s=88,799 | tokens=5.88B
step=179540 | loss=4.1373 | lr=6.47e-05 | wd=0.0000 | mom=0.9500 | T=1.0 k=1.0 (mu_rec=1 mu_bwd=1) | grad=4.531 | tok/s=88,606 | tokens=5.88B
step=179550 | loss=4.2387 | lr=6.46e-05 | wd=0.0000 | mom=0.9500 | T=1.0 k=1.0 (mu_rec=1 mu_bwd=1) | grad=2.859 | tok/s=88,528 | tokens=5.88B
step=179560 | loss=4.1695 | lr=6.44e-05 | wd=0.0000 | mom=0.9500 | T=1.0 k=1.0 (mu_rec=1 mu_bwd=1) | grad=5.250 | tok/s=88,363 | tokens=5.88B
step=179570 | loss=4.2193 | lr=6.42e-05 | wd=0.0000 | mom=0.9500 | T=1.0 k=1.0 (mu_rec=1 mu_bwd=1) | grad=2.766 | tok/s=88,264 | tokens=5.88B
step=179580 | loss=4.0451 | lr=6.40e-05 | wd=0.0000 | mom=0.9500 | T=1.0 k=1.0 (mu_rec=1 mu_bwd=1) | grad=4.125 | tok/s=88,003 | tokens=5.88B
step=179590 | loss=4.1860 | lr=6.38e-05 | wd=0.0000 | mom=0.9500 | T=1.0 k=1.0 (mu_rec=1 mu_bwd=1) | grad=4.469 | tok/s=87,940 | tokens=5.88B
step=179600 | loss=4.3378 | lr=6.36e-05 | wd=0.0000 | mom=0.9500 | T=1.0 k=1.0 (mu_rec=1 mu_bwd=1) | grad=2.562 | tok/s=87,841 | tokens=5.89B
step=179610 | loss=4.2899 | lr=6.35e-05 | wd=0.0000 | mom=0.9500 | T=1.0 k=1.0 (mu_rec=1 mu_bwd=1) | grad=2.609 | tok/s=87,678 | tokens=5.89B
step=179620 | loss=4.2319 | lr=6.33e-05 | wd=0.0000 | mom=0.9500 | T=1.0 k=1.0 (mu_rec=1 mu_bwd=1) | grad=4.781 | tok/s=87,648 | tokens=5.89B
step=179630 | loss=4.4865 | lr=6.31e-05 | wd=0.0000 | mom=0.9500 | T=1.0 k=1.0 (mu_rec=1 mu_bwd=1) | grad=3.141 | tok/s=87,583 | tokens=5.89B
step=179640 | loss=4.4074 | lr=6.29e-05 | wd=0.0000 | mom=0.9500 | T=1.0 k=1.0 (mu_rec=1 mu_bwd=1) | grad=2.969 | tok/s=87,431 | tokens=5.89B
step=179650 | loss=4.2729 | lr=6.27e-05 | wd=0.0000 | mom=0.9500 | T=1.0 k=1.0 (mu_rec=1 mu_bwd=1) | grad=3.375 | tok/s=87,410 | tokens=5.89B
step=179660 | loss=4.3957 | lr=6.25e-05 | wd=0.0000 | mom=0.9500 | T=1.0 k=1.0 (mu_rec=1 mu_bwd=1) | grad=5.031 | tok/s=87,265 | tokens=5.89B
step=179670 | loss=3.9189 | lr=6.24e-05 | wd=0.0000 | mom=0.9500 | T=1.0 k=1.0 (mu_rec=1 mu_bwd=1) | grad=3.641 | tok/s=87,248 | tokens=5.89B
step=179680 | loss=4.1661 | lr=6.22e-05 | wd=0.0000 | mom=0.9500 | T=1.0 k=1.0 (mu_rec=1 mu_bwd=1) | grad=3.281 | tok/s=87,187 | tokens=5.89B
step=179690 | loss=4.1275 | lr=6.20e-05 | wd=0.0000 | mom=0.9500 | T=1.0 k=1.0 (mu_rec=1 mu_bwd=1) | grad=3.156 | tok/s=87,112 | tokens=5.89B
step=179700 | loss=4.0407 | lr=6.18e-05 | wd=0.0000 | mom=0.9500 | T=1.0 k=1.0 (mu_rec=1 mu_bwd=1) | grad=8.500 | tok/s=87,079 | tokens=5.89B
step=179710 | loss=4.1747 | lr=6.16e-05 | wd=0.0000 | mom=0.9500 | T=1.0 k=1.0 (mu_rec=1 mu_bwd=1) | grad=2.906 | tok/s=87,025 | tokens=5.89B
step=179720 | loss=4.3328 | lr=6.15e-05 | wd=0.0000 | mom=0.9500 | T=1.0 k=1.0 (mu_rec=1 mu_bwd=1) | grad=3.188 | tok/s=86,911 | tokens=5.89B
step=179730 | loss=4.2321 | lr=6.13e-05 | wd=0.0000 | mom=0.9500 | T=1.0 k=1.0 (mu_rec=1 mu_bwd=1) | grad=3.969 | tok/s=86,923 | tokens=5.89B
step=179740 | loss=4.3886 | lr=6.11e-05 | wd=0.0000 | mom=0.9500 | T=1.0 k=1.0 (mu_rec=1 mu_bwd=1) | grad=3.156 | tok/s=86,734 | tokens=5.89B
step=179750 | loss=4.5765 | lr=6.09e-05 | wd=0.0000 | mom=0.9500 | T=1.0 k=1.0 (mu_rec=1 mu_bwd=1) | grad=4.156 | tok/s=86,827 | tokens=5.89B
step=179760 | loss=4.0509 | lr=6.08e-05 | wd=0.0000 | mom=0.9500 | T=1.0 k=1.0 (mu_rec=1 mu_bwd=1) | grad=4.906 | tok/s=86,752 | tokens=5.89B
step=179770 | loss=4.2299 | lr=6.06e-05 | wd=0.0000 | mom=0.9500 | T=1.0 k=1.0 (mu_rec=1 mu_bwd=1) | grad=2.797 | tok/s=86,714 | tokens=5.89B
step=179780 | loss=4.2191 | lr=6.04e-05 | wd=0.0000 | mom=0.9500 | T=1.0 k=1.0 (mu_rec=1 mu_bwd=1) | grad=10.750 | tok/s=86,576 | tokens=5.89B
step=179790 | loss=4.5989 | lr=6.02e-05 | wd=0.0000 | mom=0.9500 | T=1.0 k=1.0 (mu_rec=1 mu_bwd=1) | grad=7.875 | tok/s=86,664 | tokens=5.89B
step=179800 | loss=4.2812 | lr=6.01e-05 | wd=0.0000 | mom=0.9500 | T=1.0 k=1.0 (mu_rec=1 mu_bwd=1) | grad=3.703 | tok/s=86,647 | tokens=5.89B
step=179810 | loss=4.5134 | lr=5.99e-05 | wd=0.0000 | mom=0.9500 | T=1.0 k=1.0 (mu_rec=1 mu_bwd=1) | grad=3.391 | tok/s=86,752 | tokens=5.89B
step=179820 | loss=4.3001 | lr=5.97e-05 | wd=0.0000 | mom=0.9500 | T=1.0 k=1.0 (mu_rec=1 mu_bwd=1) | grad=2.547 | tok/s=86,670 | tokens=5.89B
step=179830 | loss=4.3490 | lr=5.95e-05 | wd=0.0000 | mom=0.9500 | T=1.0 k=1.0 (mu_rec=1 mu_bwd=1) | grad=3.641 | tok/s=86,725 | tokens=5.89B
step=179840 | loss=4.3908 | lr=5.94e-05 | wd=0.0000 | mom=0.9500 | T=1.0 k=1.0 (mu_rec=1 mu_bwd=1) | grad=3.469 | tok/s=86,727 | tokens=5.89B
step=179850 | loss=4.2208 | lr=5.92e-05 | wd=0.0000 | mom=0.9500 | T=1.0 k=1.0 (mu_rec=1 mu_bwd=1) | grad=3.922 | tok/s=86,663 | tokens=5.89B
step=179860 | loss=4.3312 | lr=5.90e-05 | wd=0.0000 | mom=0.9500 | T=1.0 k=1.0 (mu_rec=1 mu_bwd=1) | grad=2.797 | tok/s=8,326 | tokens=5.89B
step=179870 | loss=4.3292 | lr=5.88e-05 | wd=0.0000 | mom=0.9500 | T=1.0 k=1.0 (mu_rec=1 mu_bwd=1) | grad=2.594 | tok/s=88,919 | tokens=5.89B
step=179880 | loss=4.2630 | lr=5.87e-05 | wd=0.0000 | mom=0.9500 | T=1.0 k=1.0 (mu_rec=1 mu_bwd=1) | grad=2.625 | tok/s=88,641 | tokens=5.89B
step=179890 | loss=4.2792 | lr=5.85e-05 | wd=0.0000 | mom=0.9500 | T=1.0 k=1.0 (mu_rec=1 mu_bwd=1) | grad=3.141 | tok/s=88,597 | tokens=5.89B
step=179900 | loss=4.4329 | lr=5.83e-05 | wd=0.0000 | mom=0.9500 | T=1.0 k=1.0 (mu_rec=1 mu_bwd=1) | grad=3.141 | tok/s=88,458 | tokens=5.89B
step=179910 | loss=4.1314 | lr=5.82e-05 | wd=0.0000 | mom=0.9500 | T=1.0 k=1.0 (mu_rec=1 mu_bwd=1) | grad=3.484 | tok/s=88,342 | tokens=5.90B
step=179920 | loss=4.3600 | lr=5.80e-05 | wd=0.0000 | mom=0.9500 | T=1.0 k=1.0 (mu_rec=1 mu_bwd=1) | grad=2.641 | tok/s=88,223 | tokens=5.90B
step=179930 | loss=4.2097 | lr=5.78e-05 | wd=0.0000 | mom=0.9500 | T=1.0 k=1.0 (mu_rec=1 mu_bwd=1) | grad=3.125 | tok/s=88,053 | tokens=5.90B
step=179940 | loss=3.8184 | lr=5.76e-05 | wd=0.0000 | mom=0.9500 | T=1.0 k=1.0 (mu_rec=1 mu_bwd=1) | grad=3.781 | tok/s=88,019 | tokens=5.90B
step=179950 | loss=4.4588 | lr=5.75e-05 | wd=0.0000 | mom=0.9500 | T=1.0 k=1.0 (mu_rec=1 mu_bwd=1) | grad=3.250 | tok/s=87,927 | tokens=5.90B
step=179960 | loss=4.2941 | lr=5.73e-05 | wd=0.0000 | mom=0.9500 | T=1.0 k=1.0 (mu_rec=1 mu_bwd=1) | grad=4.312 | tok/s=87,863 | tokens=5.90B
step=179970 | loss=4.2853 | lr=5.71e-05 | wd=0.0000 | mom=0.9500 | T=1.0 k=1.0 (mu_rec=1 mu_bwd=1) | grad=2.469 | tok/s=87,804 | tokens=5.90B
step=179980 | loss=4.3611 | lr=5.70e-05 | wd=0.0000 | mom=0.9500 | T=1.0 k=1.0 (mu_rec=1 mu_bwd=1) | grad=2.953 | tok/s=87,701 | tokens=5.90B
step=179990 | loss=4.3953 | lr=5.68e-05 | wd=0.0000 | mom=0.9500 | T=1.0 k=1.0 (mu_rec=1 mu_bwd=1) | grad=3.484 | tok/s=87,558 | tokens=5.90B
step=180000 | loss=4.0850 | lr=5.66e-05 | wd=0.0000 | mom=0.9500 | T=1.0 k=1.0 (mu_rec=1 mu_bwd=1) | grad=3.359 | tok/s=87,568 | tokens=5.90B
[step 180000] Saved -> runs/pythia-5b/checkpoint_0180000
[step 180000] Pruned -> runs/pythia-5b/checkpoint_0174000
step=180010 | loss=4.3963 | lr=5.65e-05 | wd=0.0000 | mom=0.9500 | T=1.0 k=1.0 (mu_rec=1 mu_bwd=1) | grad=3.453 | tok/s=72,161 | tokens=5.90B
step=180020 | loss=4.4708 | lr=5.63e-05 | wd=0.0000 | mom=0.9500 | T=1.0 k=1.0 (mu_rec=1 mu_bwd=1) | grad=3.938 | tok/s=87,389 | tokens=5.90B
step=180030 | loss=4.2264 | lr=5.61e-05 | wd=0.0000 | mom=0.9500 | T=1.0 k=1.0 (mu_rec=1 mu_bwd=1) | grad=2.625 | tok/s=87,433 | tokens=5.90B
step=180040 | loss=3.9410 | lr=5.60e-05 | wd=0.0000 | mom=0.9500 | T=1.0 k=1.0 (mu_rec=1 mu_bwd=1) | grad=3.625 | tok/s=87,417 | tokens=5.90B
step=180050 | loss=4.4405 | lr=5.58e-05 | wd=0.0000 | mom=0.9500 | T=1.0 k=1.0 (mu_rec=1 mu_bwd=1) | grad=2.641 | tok/s=87,356 | tokens=5.90B
step=180060 | loss=4.5130 | lr=5.57e-05 | wd=0.0000 | mom=0.9500 | T=1.0 k=1.0 (mu_rec=1 mu_bwd=1) | grad=2.750 | tok/s=87,337 | tokens=5.90B
step=180070 | loss=4.1167 | lr=5.55e-05 | wd=0.0000 | mom=0.9500 | T=1.0 k=1.0 (mu_rec=1 mu_bwd=1) | grad=3.062 | tok/s=87,147 | tokens=5.90B
step=180080 | loss=4.1959 | lr=5.53e-05 | wd=0.0000 | mom=0.9500 | T=1.0 k=1.0 (mu_rec=1 mu_bwd=1) | grad=4.125 | tok/s=87,408 | tokens=5.90B
step=180090 | loss=4.4629 | lr=5.52e-05 | wd=0.0000 | mom=0.9500 | T=1.0 k=1.0 (mu_rec=1 mu_bwd=1) | grad=3.047 | tok/s=87,194 | tokens=5.90B
step=180100 | loss=4.2722 | lr=5.50e-05 | wd=0.0000 | mom=0.9500 | T=1.0 k=1.0 (mu_rec=1 mu_bwd=1) | grad=3.844 | tok/s=87,143 | tokens=5.90B
step=180110 | loss=4.4260 | lr=5.48e-05 | wd=0.0000 | mom=0.9500 | T=1.0 k=1.0 (mu_rec=1 mu_bwd=1) | grad=2.938 | tok/s=87,045 | tokens=5.90B
step=180120 | loss=4.3358 | lr=5.47e-05 | wd=0.0000 | mom=0.9500 | T=1.0 k=1.0 (mu_rec=1 mu_bwd=1) | grad=2.984 | tok/s=87,028 | tokens=5.90B
step=180130 | loss=4.2717 | lr=5.45e-05 | wd=0.0000 | mom=0.9500 | T=1.0 k=1.0 (mu_rec=1 mu_bwd=1) | grad=2.484 | tok/s=86,993 | tokens=5.90B
step=180140 | loss=4.4651 | lr=5.44e-05 | wd=0.0000 | mom=0.9500 | T=1.0 k=1.0 (mu_rec=1 mu_bwd=1) | grad=4.812 | tok/s=87,049 | tokens=5.90B
step=180150 | loss=4.0515 | lr=5.42e-05 | wd=0.0000 | mom=0.9500 | T=1.0 k=1.0 (mu_rec=1 mu_bwd=1) | grad=5.062 | tok/s=87,019 | tokens=5.90B
step=180160 | loss=4.5036 | lr=5.41e-05 | wd=0.0000 | mom=0.9500 | T=1.0 k=1.0 (mu_rec=1 mu_bwd=1) | grad=3.906 | tok/s=86,988 | tokens=5.90B
step=180170 | loss=4.2403 | lr=5.39e-05 | wd=0.0000 | mom=0.9500 | T=1.0 k=1.0 (mu_rec=1 mu_bwd=1) | grad=3.953 | tok/s=86,908 | tokens=5.90B
step=180180 | loss=4.2060 | lr=5.37e-05 | wd=0.0000 | mom=0.9500 | T=1.0 k=1.0 (mu_rec=1 mu_bwd=1) | grad=2.609 | tok/s=86,888 | tokens=5.90B
step=180190 | loss=4.2780 | lr=5.36e-05 | wd=0.0000 | mom=0.9500 | T=1.0 k=1.0 (mu_rec=1 mu_bwd=1) | grad=2.766 | tok/s=86,897 | tokens=5.90B
step=180200 | loss=4.2492 | lr=5.34e-05 | wd=0.0000 | mom=0.9500 | T=1.0 k=1.0 (mu_rec=1 mu_bwd=1) | grad=4.938 | tok/s=86,746 | tokens=5.90B
step=180210 | loss=4.2719 | lr=5.33e-05 | wd=0.0000 | mom=0.9500 | T=1.0 k=1.0 (mu_rec=1 mu_bwd=1) | grad=3.406 | tok/s=86,788 | tokens=5.91B
step=180220 | loss=4.2253 | lr=5.31e-05 | wd=0.0000 | mom=0.9500 | T=1.0 k=1.0 (mu_rec=1 mu_bwd=1) | grad=5.438 | tok/s=86,881 | tokens=5.91B
step=180230 | loss=4.2301 | lr=5.30e-05 | wd=0.0000 | mom=0.9500 | T=1.0 k=1.0 (mu_rec=1 mu_bwd=1) | grad=3.750 | tok/s=86,802 | tokens=5.91B
step=180240 | loss=4.2165 | lr=5.28e-05 | wd=0.0000 | mom=0.9500 | T=1.0 k=1.0 (mu_rec=1 mu_bwd=1) | grad=3.516 | tok/s=86,940 | tokens=5.91B
step=180250 | loss=4.3533 | lr=5.26e-05 | wd=0.0000 | mom=0.9500 | T=1.0 k=1.0 (mu_rec=1 mu_bwd=1) | grad=3.609 | tok/s=86,696 | tokens=5.91B
step=180260 | loss=4.1566 | lr=5.25e-05 | wd=0.0000 | mom=0.9500 | T=1.0 k=1.0 (mu_rec=1 mu_bwd=1) | grad=5.188 | tok/s=86,741 | tokens=5.91B
step=180270 | loss=4.1969 | lr=5.23e-05 | wd=0.0000 | mom=0.9500 | T=1.0 k=1.0 (mu_rec=1 mu_bwd=1) | grad=3.047 | tok/s=86,792 | tokens=5.91B
step=180280 | loss=4.0567 | lr=5.22e-05 | wd=0.0000 | mom=0.9500 | T=1.0 k=1.0 (mu_rec=1 mu_bwd=1) | grad=3.219 | tok/s=86,785 | tokens=5.91B
step=180290 | loss=4.5340 | lr=5.20e-05 | wd=0.0000 | mom=0.9500 | T=1.0 k=1.0 (mu_rec=1 mu_bwd=1) | grad=4.156 | tok/s=86,745 | tokens=5.91B
step=180300 | loss=4.7218 | lr=5.19e-05 | wd=0.0000 | mom=0.9500 | T=1.0 k=1.0 (mu_rec=1 mu_bwd=1) | grad=4.312 | tok/s=86,674 | tokens=5.91B
step=180310 | loss=4.3544 | lr=5.17e-05 | wd=0.0000 | mom=0.9500 | T=1.0 k=1.0 (mu_rec=1 mu_bwd=1) | grad=3.703 | tok/s=86,848 | tokens=5.91B
step=180320 | loss=4.4032 | lr=5.16e-05 | wd=0.0000 | mom=0.9500 | T=1.0 k=1.0 (mu_rec=1 mu_bwd=1) | grad=2.953 | tok/s=86,679 | tokens=5.91B
step=180330 | loss=4.3649 | lr=5.14e-05 | wd=0.0000 | mom=0.9500 | T=1.0 k=1.0 (mu_rec=1 mu_bwd=1) | grad=2.781 | tok/s=86,872 | tokens=5.91B
step=180340 | loss=4.5812 | lr=5.13e-05 | wd=0.0000 | mom=0.9500 | T=1.0 k=1.0 (mu_rec=1 mu_bwd=1) | grad=6.312 | tok/s=86,794 | tokens=5.91B
step=180350 | loss=4.4062 | lr=5.11e-05 | wd=0.0000 | mom=0.9500 | T=1.0 k=1.0 (mu_rec=1 mu_bwd=1) | grad=5.000 | tok/s=8,541 | tokens=5.91B
step=180360 | loss=4.3129 | lr=5.10e-05 | wd=0.0000 | mom=0.9500 | T=1.0 k=1.0 (mu_rec=1 mu_bwd=1) | grad=6.250 | tok/s=88,652 | tokens=5.91B
step=180370 | loss=4.2801 | lr=5.08e-05 | wd=0.0000 | mom=0.9500 | T=1.0 k=1.0 (mu_rec=1 mu_bwd=1) | grad=3.094 | tok/s=88,445 | tokens=5.91B
step=180380 | loss=4.3599 | lr=5.07e-05 | wd=0.0000 | mom=0.9500 | T=1.0 k=1.0 (mu_rec=1 mu_bwd=1) | grad=4.656 | tok/s=88,409 | tokens=5.91B
step=180390 | loss=4.1220 | lr=5.05e-05 | wd=0.0000 | mom=0.9500 | T=1.0 k=1.0 (mu_rec=1 mu_bwd=1) | grad=3.594 | tok/s=88,081 | tokens=5.91B
step=180400 | loss=4.2598 | lr=5.04e-05 | wd=0.0000 | mom=0.9500 | T=1.0 k=1.0 (mu_rec=1 mu_bwd=1) | grad=4.844 | tok/s=88,111 | tokens=5.91B
step=180410 | loss=4.3480 | lr=5.02e-05 | wd=0.0000 | mom=0.9500 | T=1.0 k=1.0 (mu_rec=1 mu_bwd=1) | grad=3.047 | tok/s=87,931 | tokens=5.91B
step=180420 | loss=4.3770 | lr=5.01e-05 | wd=0.0000 | mom=0.9500 | T=1.0 k=1.0 (mu_rec=1 mu_bwd=1) | grad=9.125 | tok/s=87,881 | tokens=5.91B
step=180430 | loss=4.4531 | lr=4.99e-05 | wd=0.0000 | mom=0.9500 | T=1.0 k=1.0 (mu_rec=1 mu_bwd=1) | grad=4.531 | tok/s=87,783 | tokens=5.91B
step=180440 | loss=3.9697 | lr=4.98e-05 | wd=0.0000 | mom=0.9500 | T=1.0 k=1.0 (mu_rec=1 mu_bwd=1) | grad=3.547 | tok/s=87,578 | tokens=5.91B
step=180450 | loss=4.4774 | lr=4.97e-05 | wd=0.0000 | mom=0.9500 | T=1.0 k=1.0 (mu_rec=1 mu_bwd=1) | grad=3.672 | tok/s=87,526 | tokens=5.91B
step=180460 | loss=4.2955 | lr=4.95e-05 | wd=0.0000 | mom=0.9500 | T=1.0 k=1.0 (mu_rec=1 mu_bwd=1) | grad=3.281 | tok/s=87,515 | tokens=5.91B
step=180470 | loss=4.5726 | lr=4.94e-05 | wd=0.0000 | mom=0.9500 | T=1.0 k=1.0 (mu_rec=1 mu_bwd=1) | grad=4.250 | tok/s=87,516 | tokens=5.91B
step=180480 | loss=4.4870 | lr=4.92e-05 | wd=0.0000 | mom=0.9500 | T=1.0 k=1.0 (mu_rec=1 mu_bwd=1) | grad=4.781 | tok/s=87,600 | tokens=5.91B
step=180490 | loss=4.2081 | lr=4.91e-05 | wd=0.0000 | mom=0.9500 | T=1.0 k=1.0 (mu_rec=1 mu_bwd=1) | grad=2.484 | tok/s=87,291 | tokens=5.91B
step=180500 | loss=4.1153 | lr=4.89e-05 | wd=0.0000 | mom=0.9500 | T=1.0 k=1.0 (mu_rec=1 mu_bwd=1) | grad=3.953 | tok/s=87,170 | tokens=5.91B
step=180510 | loss=4.4038 | lr=4.88e-05 | wd=0.0000 | mom=0.9500 | T=1.0 k=1.0 (mu_rec=1 mu_bwd=1) | grad=3.453 | tok/s=87,262 | tokens=5.91B
step=180520 | loss=4.3828 | lr=4.87e-05 | wd=0.0000 | mom=0.9500 | T=1.0 k=1.0 (mu_rec=1 mu_bwd=1) | grad=4.438 | tok/s=87,202 | tokens=5.92B
step=180530 | loss=4.3736 | lr=4.85e-05 | wd=0.0000 | mom=0.9500 | T=1.0 k=1.0 (mu_rec=1 mu_bwd=1) | grad=2.562 | tok/s=87,064 | tokens=5.92B
step=180540 | loss=4.1939 | lr=4.84e-05 | wd=0.0000 | mom=0.9500 | T=1.0 k=1.0 (mu_rec=1 mu_bwd=1) | grad=2.906 | tok/s=86,978 | tokens=5.92B
step=180550 | loss=4.7534 | lr=4.82e-05 | wd=0.0000 | mom=0.9500 | T=1.0 k=1.0 (mu_rec=1 mu_bwd=1) | grad=3.344 | tok/s=86,992 | tokens=5.92B
step=180560 | loss=4.3912 | lr=4.81e-05 | wd=0.0000 | mom=0.9500 | T=1.0 k=1.0 (mu_rec=1 mu_bwd=1) | grad=2.562 | tok/s=86,899 | tokens=5.92B
step=180570 | loss=4.1817 | lr=4.80e-05 | wd=0.0000 | mom=0.9500 | T=1.0 k=1.0 (mu_rec=1 mu_bwd=1) | grad=2.891 | tok/s=86,775 | tokens=5.92B
step=180580 | loss=4.4054 | lr=4.78e-05 | wd=0.0000 | mom=0.9500 | T=1.0 k=1.0 (mu_rec=1 mu_bwd=1) | grad=3.125 | tok/s=86,800 | tokens=5.92B
step=180590 | loss=4.3361 | lr=4.77e-05 | wd=0.0000 | mom=0.9500 | T=1.0 k=1.0 (mu_rec=1 mu_bwd=1) | grad=3.094 | tok/s=86,802 | tokens=5.92B
step=180600 | loss=4.2871 | lr=4.75e-05 | wd=0.0000 | mom=0.9500 | T=1.0 k=1.0 (mu_rec=1 mu_bwd=1) | grad=4.750 | tok/s=86,772 | tokens=5.92B
step=180610 | loss=4.4281 | lr=4.74e-05 | wd=0.0000 | mom=0.9500 | T=1.0 k=1.0 (mu_rec=1 mu_bwd=1) | grad=4.250 | tok/s=86,779 | tokens=5.92B
step=180620 | loss=4.1145 | lr=4.73e-05 | wd=0.0000 | mom=0.9500 | T=1.0 k=1.0 (mu_rec=1 mu_bwd=1) | grad=2.844 | tok/s=86,844 | tokens=5.92B
step=180630 | loss=4.1313 | lr=4.71e-05 | wd=0.0000 | mom=0.9500 | T=1.0 k=1.0 (mu_rec=1 mu_bwd=1) | grad=2.562 | tok/s=86,749 | tokens=5.92B
step=180640 | loss=4.3524 | lr=4.70e-05 | wd=0.0000 | mom=0.9500 | T=1.0 k=1.0 (mu_rec=1 mu_bwd=1) | grad=3.188 | tok/s=86,682 | tokens=5.92B
step=180650 | loss=3.9749 | lr=4.69e-05 | wd=0.0000 | mom=0.9500 | T=1.0 k=1.0 (mu_rec=1 mu_bwd=1) | grad=5.438 | tok/s=86,729 | tokens=5.92B
step=180660 | loss=4.4705 | lr=4.67e-05 | wd=0.0000 | mom=0.9500 | T=1.0 k=1.0 (mu_rec=1 mu_bwd=1) | grad=2.953 | tok/s=86,849 | tokens=5.92B
step=180670 | loss=4.1386 | lr=4.66e-05 | wd=0.0000 | mom=0.9500 | T=1.0 k=1.0 (mu_rec=1 mu_bwd=1) | grad=3.281 | tok/s=86,692 | tokens=5.92B
step=180680 | loss=4.2558 | lr=4.65e-05 | wd=0.0000 | mom=0.9500 | T=1.0 k=1.0 (mu_rec=1 mu_bwd=1) | grad=3.234 | tok/s=86,735 | tokens=5.92B
step=180690 | loss=3.7020 | lr=4.63e-05 | wd=0.0000 | mom=0.9500 | T=1.0 k=1.0 (mu_rec=1 mu_bwd=1) | grad=3.516 | tok/s=86,778 | tokens=5.92B
step=180700 | loss=4.6362 | lr=4.62e-05 | wd=0.0000 | mom=0.9500 | T=1.0 k=1.0 (mu_rec=1 mu_bwd=1) | grad=7.531 | tok/s=86,787 | tokens=5.92B
step=180710 | loss=4.1515 | lr=4.61e-05 | wd=0.0000 | mom=0.9500 | T=1.0 k=1.0 (mu_rec=1 mu_bwd=1) | grad=3.625 | tok/s=86,788 | tokens=5.92B
step=180720 | loss=4.5317 | lr=4.59e-05 | wd=0.0000 | mom=0.9500 | T=1.0 k=1.0 (mu_rec=1 mu_bwd=1) | grad=3.906 | tok/s=86,755 | tokens=5.92B
step=180730 | loss=4.3498 | lr=4.58e-05 | wd=0.0000 | mom=0.9500 | T=1.0 k=1.0 (mu_rec=1 mu_bwd=1) | grad=2.828 | tok/s=86,915 | tokens=5.92B
step=180740 | loss=4.4410 | lr=4.57e-05 | wd=0.0000 | mom=0.9500 | T=1.0 k=1.0 (mu_rec=1 mu_bwd=1) | grad=8.750 | tok/s=86,797 | tokens=5.92B
step=180750 | loss=4.4858 | lr=4.55e-05 | wd=0.0000 | mom=0.9500 | T=1.0 k=1.0 (mu_rec=1 mu_bwd=1) | grad=3.594 | tok/s=86,904 | tokens=5.92B
step=180760 | loss=4.3562 | lr=4.54e-05 | wd=0.0000 | mom=0.9500 | T=1.0 k=1.0 (mu_rec=1 mu_bwd=1) | grad=2.578 | tok/s=86,866 | tokens=5.92B
step=180770 | loss=4.3534 | lr=4.53e-05 | wd=0.0000 | mom=0.9500 | T=1.0 k=1.0 (mu_rec=1 mu_bwd=1) | grad=4.125 | tok/s=86,954 | tokens=5.92B
step=180780 | loss=4.4335 | lr=4.52e-05 | wd=0.0000 | mom=0.9500 | T=1.0 k=1.0 (mu_rec=1 mu_bwd=1) | grad=3.000 | tok/s=86,796 | tokens=5.92B
step=180790 | loss=4.3806 | lr=4.50e-05 | wd=0.0000 | mom=0.9500 | T=1.0 k=1.0 (mu_rec=1 mu_bwd=1) | grad=2.391 | tok/s=7,585 | tokens=5.92B
step=180800 | loss=4.6986 | lr=4.49e-05 | wd=0.0000 | mom=0.9500 | T=1.0 k=1.0 (mu_rec=1 mu_bwd=1) | grad=4.250 | tok/s=88,740 | tokens=5.92B
step=180810 | loss=4.2602 | lr=4.48e-05 | wd=0.0000 | mom=0.9500 | T=1.0 k=1.0 (mu_rec=1 mu_bwd=1) | grad=10.125 | tok/s=88,485 | tokens=5.92B
step=180820 | loss=3.9773 | lr=4.47e-05 | wd=0.0000 | mom=0.9500 | T=1.0 k=1.0 (mu_rec=1 mu_bwd=1) | grad=3.125 | tok/s=88,468 | tokens=5.93B
step=180830 | loss=4.3367 | lr=4.45e-05 | wd=0.0000 | mom=0.9500 | T=1.0 k=1.0 (mu_rec=1 mu_bwd=1) | grad=8.375 | tok/s=88,214 | tokens=5.93B
step=180840 | loss=4.3005 | lr=4.44e-05 | wd=0.0000 | mom=0.9500 | T=1.0 k=1.0 (mu_rec=1 mu_bwd=1) | grad=3.031 | tok/s=88,173 | tokens=5.93B
step=180850 | loss=4.7131 | lr=4.43e-05 | wd=0.0000 | mom=0.9500 | T=1.0 k=1.0 (mu_rec=1 mu_bwd=1) | grad=4.688 | tok/s=87,968 | tokens=5.93B
step=180860 | loss=4.3713 | lr=4.42e-05 | wd=0.0000 | mom=0.9500 | T=1.0 k=1.0 (mu_rec=1 mu_bwd=1) | grad=3.156 | tok/s=87,843 | tokens=5.93B
step=180870 | loss=4.3417 | lr=4.40e-05 | wd=0.0000 | mom=0.9500 | T=1.0 k=1.0 (mu_rec=1 mu_bwd=1) | grad=3.391 | tok/s=87,753 | tokens=5.93B
step=180880 | loss=4.3512 | lr=4.39e-05 | wd=0.0000 | mom=0.9500 | T=1.0 k=1.0 (mu_rec=1 mu_bwd=1) | grad=2.609 | tok/s=87,657 | tokens=5.93B
step=180890 | loss=4.3512 | lr=4.38e-05 | wd=0.0000 | mom=0.9500 | T=1.0 k=1.0 (mu_rec=1 mu_bwd=1) | grad=3.906 | tok/s=87,510 | tokens=5.93B
step=180900 | loss=4.4590 | lr=4.37e-05 | wd=0.0000 | mom=0.9500 | T=1.0 k=1.0 (mu_rec=1 mu_bwd=1) | grad=3.281 | tok/s=87,420 | tokens=5.93B
step=180910 | loss=4.3170 | lr=4.35e-05 | wd=0.0000 | mom=0.9500 | T=1.0 k=1.0 (mu_rec=1 mu_bwd=1) | grad=3.250 | tok/s=87,332 | tokens=5.93B
step=180920 | loss=4.1542 | lr=4.34e-05 | wd=0.0000 | mom=0.9500 | T=1.0 k=1.0 (mu_rec=1 mu_bwd=1) | grad=12.375 | tok/s=87,255 | tokens=5.93B
step=180930 | loss=4.3777 | lr=4.33e-05 | wd=0.0000 | mom=0.9500 | T=1.0 k=1.0 (mu_rec=1 mu_bwd=1) | grad=4.219 | tok/s=87,180 | tokens=5.93B
step=180940 | loss=4.4506 | lr=4.32e-05 | wd=0.0000 | mom=0.9500 | T=1.0 k=1.0 (mu_rec=1 mu_bwd=1) | grad=3.703 | tok/s=87,074 | tokens=5.93B
step=180950 | loss=4.1500 | lr=4.31e-05 | wd=0.0000 | mom=0.9500 | T=1.0 k=1.0 (mu_rec=1 mu_bwd=1) | grad=2.688 | tok/s=86,985 | tokens=5.93B
step=180960 | loss=4.5122 | lr=4.29e-05 | wd=0.0000 | mom=0.9500 | T=1.0 k=1.0 (mu_rec=1 mu_bwd=1) | grad=4.625 | tok/s=86,844 | tokens=5.93B
step=180970 | loss=5.2158 | lr=4.28e-05 | wd=0.0000 | mom=0.9500 | T=1.0 k=1.0 (mu_rec=1 mu_bwd=1) | grad=4.781 | tok/s=86,816 | tokens=5.93B
step=180980 | loss=4.2245 | lr=4.27e-05 | wd=0.0000 | mom=0.9500 | T=1.0 k=1.0 (mu_rec=1 mu_bwd=1) | grad=4.000 | tok/s=86,773 | tokens=5.93B
step=180990 | loss=4.0237 | lr=4.26e-05 | wd=0.0000 | mom=0.9500 | T=1.0 k=1.0 (mu_rec=1 mu_bwd=1) | grad=3.969 | tok/s=86,719 | tokens=5.93B
step=181000 | loss=4.1096 | lr=4.25e-05 | wd=0.0000 | mom=0.9500 | T=1.0 k=1.0 (mu_rec=1 mu_bwd=1) | grad=3.438 | tok/s=86,633 | tokens=5.93B
step=181010 | loss=4.3005 | lr=4.24e-05 | wd=0.0000 | mom=0.9500 | T=1.0 k=1.0 (mu_rec=1 mu_bwd=1) | grad=2.938 | tok/s=86,719 | tokens=5.93B
step=181020 | loss=4.3191 | lr=4.22e-05 | wd=0.0000 | mom=0.9500 | T=1.0 k=1.0 (mu_rec=1 mu_bwd=1) | grad=2.734 | tok/s=86,881 | tokens=5.93B
step=181030 | loss=4.2247 | lr=4.21e-05 | wd=0.0000 | mom=0.9500 | T=1.0 k=1.0 (mu_rec=1 mu_bwd=1) | grad=7.219 | tok/s=86,973 | tokens=5.93B
step=181040 | loss=4.2125 | lr=4.20e-05 | wd=0.0000 | mom=0.9500 | T=1.0 k=1.0 (mu_rec=1 mu_bwd=1) | grad=2.703 | tok/s=87,006 | tokens=5.93B
step=181050 | loss=4.5682 | lr=4.19e-05 | wd=0.0000 | mom=0.9500 | T=1.0 k=1.0 (mu_rec=1 mu_bwd=1) | grad=3.812 | tok/s=86,967 | tokens=5.93B
step=181060 | loss=4.2712 | lr=4.18e-05 | wd=0.0000 | mom=0.9500 | T=1.0 k=1.0 (mu_rec=1 mu_bwd=1) | grad=6.875 | tok/s=86,959 | tokens=5.93B
step=181070 | loss=4.3807 | lr=4.17e-05 | wd=0.0000 | mom=0.9500 | T=1.0 k=1.0 (mu_rec=1 mu_bwd=1) | grad=2.781 | tok/s=87,181 | tokens=5.93B
step=181080 | loss=4.5252 | lr=4.16e-05 | wd=0.0000 | mom=0.9500 | T=1.0 k=1.0 (mu_rec=1 mu_bwd=1) | grad=3.797 | tok/s=87,271 | tokens=5.93B
step=181090 | loss=4.5937 | lr=4.14e-05 | wd=0.0000 | mom=0.9500 | T=1.0 k=1.0 (mu_rec=1 mu_bwd=1) | grad=3.438 | tok/s=87,267 | tokens=5.93B
step=181100 | loss=4.1863 | lr=4.13e-05 | wd=0.0000 | mom=0.9500 | T=1.0 k=1.0 (mu_rec=1 mu_bwd=1) | grad=2.500 | tok/s=87,282 | tokens=5.93B
step=181110 | loss=4.4487 | lr=4.12e-05 | wd=0.0000 | mom=0.9500 | T=1.0 k=1.0 (mu_rec=1 mu_bwd=1) | grad=3.266 | tok/s=87,220 | tokens=5.93B
step=181120 | loss=4.5311 | lr=4.11e-05 | wd=0.0000 | mom=0.9500 | T=1.0 k=1.0 (mu_rec=1 mu_bwd=1) | grad=4.375 | tok/s=87,371 | tokens=5.93B
step=181130 | loss=4.2990 | lr=4.10e-05 | wd=0.0000 | mom=0.9500 | T=1.0 k=1.0 (mu_rec=1 mu_bwd=1) | grad=2.984 | tok/s=87,365 | tokens=5.94B
step=181140 | loss=4.2874 | lr=4.09e-05 | wd=0.0000 | mom=0.9500 | T=1.0 k=1.0 (mu_rec=1 mu_bwd=1) | grad=2.797 | tok/s=87,413 | tokens=5.94B
step=181150 | loss=4.3184 | lr=4.08e-05 | wd=0.0000 | mom=0.9500 | T=1.0 k=1.0 (mu_rec=1 mu_bwd=1) | grad=3.141 | tok/s=87,520 | tokens=5.94B
step=181160 | loss=4.2109 | lr=4.07e-05 | wd=0.0000 | mom=0.9500 | T=1.0 k=1.0 (mu_rec=1 mu_bwd=1) | grad=3.531 | tok/s=87,514 | tokens=5.94B
step=181170 | loss=4.0395 | lr=4.06e-05 | wd=0.0000 | mom=0.9500 | T=1.0 k=1.0 (mu_rec=1 mu_bwd=1) | grad=3.125 | tok/s=87,612 | tokens=5.94B
step=181180 | loss=4.4045 | lr=4.05e-05 | wd=0.0000 | mom=0.9500 | T=1.0 k=1.0 (mu_rec=1 mu_bwd=1) | grad=2.719 | tok/s=87,510 | tokens=5.94B
step=181190 | loss=4.1709 | lr=4.03e-05 | wd=0.0000 | mom=0.9500 | T=1.0 k=1.0 (mu_rec=1 mu_bwd=1) | grad=2.859 | tok/s=87,578 | tokens=5.94B
step=181200 | loss=4.3129 | lr=4.02e-05 | wd=0.0000 | mom=0.9500 | T=1.0 k=1.0 (mu_rec=1 mu_bwd=1) | grad=5.094 | tok/s=87,477 | tokens=5.94B
step=181210 | loss=4.2181 | lr=4.01e-05 | wd=0.0000 | mom=0.9500 | T=1.0 k=1.0 (mu_rec=1 mu_bwd=1) | grad=9.438 | tok/s=87,659 | tokens=5.94B
step=181220 | loss=4.0172 | lr=4.00e-05 | wd=0.0000 | mom=0.9500 | T=1.0 k=1.0 (mu_rec=1 mu_bwd=1) | grad=4.812 | tok/s=9,491 | tokens=5.94B
step=181230 | loss=4.1411 | lr=3.99e-05 | wd=0.0000 | mom=0.9500 | T=1.0 k=1.0 (mu_rec=1 mu_bwd=1) | grad=3.641 | tok/s=88,775 | tokens=5.94B
step=181240 | loss=4.3445 | lr=3.98e-05 | wd=0.0000 | mom=0.9500 | T=1.0 k=1.0 (mu_rec=1 mu_bwd=1) | grad=3.062 | tok/s=88,655 | tokens=5.94B
step=181250 | loss=4.5809 | lr=3.97e-05 | wd=0.0000 | mom=0.9500 | T=1.0 k=1.0 (mu_rec=1 mu_bwd=1) | grad=3.484 | tok/s=88,576 | tokens=5.94B
step=181260 | loss=4.1027 | lr=3.96e-05 | wd=0.0000 | mom=0.9500 | T=1.0 k=1.0 (mu_rec=1 mu_bwd=1) | grad=3.984 | tok/s=88,428 | tokens=5.94B
step=181270 | loss=4.2846 | lr=3.95e-05 | wd=0.0000 | mom=0.9500 | T=1.0 k=1.0 (mu_rec=1 mu_bwd=1) | grad=3.719 | tok/s=88,272 | tokens=5.94B
step=181280 | loss=4.7081 | lr=3.94e-05 | wd=0.0000 | mom=0.9500 | T=1.0 k=1.0 (mu_rec=1 mu_bwd=1) | grad=3.234 | tok/s=88,143 | tokens=5.94B
step=181290 | loss=4.4758 | lr=3.93e-05 | wd=0.0000 | mom=0.9500 | T=1.0 k=1.0 (mu_rec=1 mu_bwd=1) | grad=3.438 | tok/s=88,070 | tokens=5.94B
step=181300 | loss=4.4508 | lr=3.92e-05 | wd=0.0000 | mom=0.9500 | T=1.0 k=1.0 (mu_rec=1 mu_bwd=1) | grad=4.438 | tok/s=88,032 | tokens=5.94B
step=181310 | loss=4.0849 | lr=3.91e-05 | wd=0.0000 | mom=0.9500 | T=1.0 k=1.0 (mu_rec=1 mu_bwd=1) | grad=4.031 | tok/s=88,029 | tokens=5.94B
step=181320 | loss=4.2021 | lr=3.90e-05 | wd=0.0000 | mom=0.9500 | T=1.0 k=1.0 (mu_rec=1 mu_bwd=1) | grad=2.922 | tok/s=87,880 | tokens=5.94B
step=181330 | loss=4.2955 | lr=3.89e-05 | wd=0.0000 | mom=0.9500 | T=1.0 k=1.0 (mu_rec=1 mu_bwd=1) | grad=4.531 | tok/s=87,835 | tokens=5.94B
step=181340 | loss=4.8462 | lr=3.88e-05 | wd=0.0000 | mom=0.9500 | T=1.0 k=1.0 (mu_rec=1 mu_bwd=1) | grad=3.000 | tok/s=87,717 | tokens=5.94B
step=181350 | loss=4.5078 | lr=3.87e-05 | wd=0.0000 | mom=0.9500 | T=1.0 k=1.0 (mu_rec=1 mu_bwd=1) | grad=3.219 | tok/s=87,730 | tokens=5.94B
step=181360 | loss=4.5342 | lr=3.86e-05 | wd=0.0000 | mom=0.9500 | T=1.0 k=1.0 (mu_rec=1 mu_bwd=1) | grad=3.422 | tok/s=87,520 | tokens=5.94B
step=181370 | loss=4.2501 | lr=3.85e-05 | wd=0.0000 | mom=0.9500 | T=1.0 k=1.0 (mu_rec=1 mu_bwd=1) | grad=3.328 | tok/s=87,580 | tokens=5.94B
step=181380 | loss=4.1807 | lr=3.84e-05 | wd=0.0000 | mom=0.9500 | T=1.0 k=1.0 (mu_rec=1 mu_bwd=1) | grad=4.688 | tok/s=87,444 | tokens=5.94B
step=181390 | loss=4.0210 | lr=3.83e-05 | wd=0.0000 | mom=0.9500 | T=1.0 k=1.0 (mu_rec=1 mu_bwd=1) | grad=7.375 | tok/s=87,480 | tokens=5.94B
step=181400 | loss=4.1742 | lr=3.82e-05 | wd=0.0000 | mom=0.9500 | T=1.0 k=1.0 (mu_rec=1 mu_bwd=1) | grad=2.641 | tok/s=87,454 | tokens=5.94B
step=181410 | loss=4.1839 | lr=3.81e-05 | wd=0.0000 | mom=0.9500 | T=1.0 k=1.0 (mu_rec=1 mu_bwd=1) | grad=2.812 | tok/s=87,370 | tokens=5.94B
step=181420 | loss=4.3442 | lr=3.80e-05 | wd=0.0000 | mom=0.9500 | T=1.0 k=1.0 (mu_rec=1 mu_bwd=1) | grad=2.719 | tok/s=87,256 | tokens=5.94B
step=181430 | loss=4.2437 | lr=3.79e-05 | wd=0.0000 | mom=0.9500 | T=1.0 k=1.0 (mu_rec=1 mu_bwd=1) | grad=2.938 | tok/s=87,360 | tokens=5.95B
step=181440 | loss=4.3926 | lr=3.78e-05 | wd=0.0000 | mom=0.9500 | T=1.0 k=1.0 (mu_rec=1 mu_bwd=1) | grad=4.719 | tok/s=87,184 | tokens=5.95B
step=181450 | loss=4.5469 | lr=3.78e-05 | wd=0.0000 | mom=0.9500 | T=1.0 k=1.0 (mu_rec=1 mu_bwd=1) | grad=3.531 | tok/s=87,267 | tokens=5.95B
step=181460 | loss=4.2743 | lr=3.77e-05 | wd=0.0000 | mom=0.9500 | T=1.0 k=1.0 (mu_rec=1 mu_bwd=1) | grad=3.312 | tok/s=87,248 | tokens=5.95B
step=181470 | loss=3.9526 | lr=3.76e-05 | wd=0.0000 | mom=0.9500 | T=1.0 k=1.0 (mu_rec=1 mu_bwd=1) | grad=4.000 | tok/s=87,193 | tokens=5.95B
step=181480 | loss=4.1364 | lr=3.75e-05 | wd=0.0000 | mom=0.9500 | T=1.0 k=1.0 (mu_rec=1 mu_bwd=1) | grad=7.250 | tok/s=87,163 | tokens=5.95B
step=181490 | loss=4.4392 | lr=3.74e-05 | wd=0.0000 | mom=0.9500 | T=1.0 k=1.0 (mu_rec=1 mu_bwd=1) | grad=4.062 | tok/s=86,992 | tokens=5.95B
step=181500 | loss=4.4516 | lr=3.73e-05 | wd=0.0000 | mom=0.9500 | T=1.0 k=1.0 (mu_rec=1 mu_bwd=1) | grad=5.438 | tok/s=87,138 | tokens=5.95B
step=181510 | loss=4.0819 | lr=3.72e-05 | wd=0.0000 | mom=0.9500 | T=1.0 k=1.0 (mu_rec=1 mu_bwd=1) | grad=3.391 | tok/s=87,041 | tokens=5.95B
step=181520 | loss=4.2765 | lr=3.71e-05 | wd=0.0000 | mom=0.9500 | T=1.0 k=1.0 (mu_rec=1 mu_bwd=1) | grad=3.641 | tok/s=87,011 | tokens=5.95B
step=181530 | loss=4.4280 | lr=3.70e-05 | wd=0.0000 | mom=0.9500 | T=1.0 k=1.0 (mu_rec=1 mu_bwd=1) | grad=3.391 | tok/s=87,024 | tokens=5.95B
step=181540 | loss=4.3059 | lr=3.69e-05 | wd=0.0000 | mom=0.9500 | T=1.0 k=1.0 (mu_rec=1 mu_bwd=1) | grad=2.656 | tok/s=86,983 | tokens=5.95B
step=181550 | loss=4.2341 | lr=3.69e-05 | wd=0.0000 | mom=0.9500 | T=1.0 k=1.0 (mu_rec=1 mu_bwd=1) | grad=3.344 | tok/s=86,898 | tokens=5.95B
step=181560 | loss=4.2734 | lr=3.68e-05 | wd=0.0000 | mom=0.9500 | T=1.0 k=1.0 (mu_rec=1 mu_bwd=1) | grad=2.609 | tok/s=87,011 | tokens=5.95B
step=181570 | loss=4.1731 | lr=3.67e-05 | wd=0.0000 | mom=0.9500 | T=1.0 k=1.0 (mu_rec=1 mu_bwd=1) | grad=4.219 | tok/s=86,992 | tokens=5.95B
step=181580 | loss=4.2159 | lr=3.66e-05 | wd=0.0000 | mom=0.9500 | T=1.0 k=1.0 (mu_rec=1 mu_bwd=1) | grad=2.984 | tok/s=86,944 | tokens=5.95B
step=181590 | loss=4.1331 | lr=3.65e-05 | wd=0.0000 | mom=0.9500 | T=1.0 k=1.0 (mu_rec=1 mu_bwd=1) | grad=5.688 | tok/s=86,943 | tokens=5.95B
step=181600 | loss=4.1987 | lr=3.64e-05 | wd=0.0000 | mom=0.9500 | T=1.0 k=1.0 (mu_rec=1 mu_bwd=1) | grad=4.781 | tok/s=86,861 | tokens=5.95B
step=181610 | loss=4.2766 | lr=3.63e-05 | wd=0.0000 | mom=0.9500 | T=1.0 k=1.0 (mu_rec=1 mu_bwd=1) | grad=3.109 | tok/s=86,943 | tokens=5.95B
step=181620 | loss=4.3655 | lr=3.63e-05 | wd=0.0000 | mom=0.9500 | T=1.0 k=1.0 (mu_rec=1 mu_bwd=1) | grad=4.156 | tok/s=86,782 | tokens=5.95B
step=181630 | loss=4.0894 | lr=3.62e-05 | wd=0.0000 | mom=0.9500 | T=1.0 k=1.0 (mu_rec=1 mu_bwd=1) | grad=4.344 | tok/s=86,846 | tokens=5.95B
step=181640 | loss=4.3788 | lr=3.61e-05 | wd=0.0000 | mom=0.9500 | T=1.0 k=1.0 (mu_rec=1 mu_bwd=1) | grad=4.031 | tok/s=86,811 | tokens=5.95B
step=181650 | loss=4.2840 | lr=3.60e-05 | wd=0.0000 | mom=0.9500 | T=1.0 k=1.0 (mu_rec=1 mu_bwd=1) | grad=10.500 | tok/s=8,517 | tokens=5.95B
step=181660 | loss=4.3139 | lr=3.59e-05 | wd=0.0000 | mom=0.9500 | T=1.0 k=1.0 (mu_rec=1 mu_bwd=1) | grad=2.859 | tok/s=88,586 | tokens=5.95B
step=181670 | loss=4.3052 | lr=3.58e-05 | wd=0.0000 | mom=0.9500 | T=1.0 k=1.0 (mu_rec=1 mu_bwd=1) | grad=3.516 | tok/s=88,368 | tokens=5.95B
step=181680 | loss=3.8802 | lr=3.58e-05 | wd=0.0000 | mom=0.9500 | T=1.0 k=1.0 (mu_rec=1 mu_bwd=1) | grad=8.125 | tok/s=88,235 | tokens=5.95B
step=181690 | loss=4.1680 | lr=3.57e-05 | wd=0.0000 | mom=0.9500 | T=1.0 k=1.0 (mu_rec=1 mu_bwd=1) | grad=3.031 | tok/s=88,061 | tokens=5.95B
step=181700 | loss=4.3226 | lr=3.56e-05 | wd=0.0000 | mom=0.9500 | T=1.0 k=1.0 (mu_rec=1 mu_bwd=1) | grad=3.797 | tok/s=88,001 | tokens=5.95B
step=181710 | loss=4.5109 | lr=3.55e-05 | wd=0.0000 | mom=0.9500 | T=1.0 k=1.0 (mu_rec=1 mu_bwd=1) | grad=3.344 | tok/s=87,809 | tokens=5.95B
step=181720 | loss=4.0045 | lr=3.54e-05 | wd=0.0000 | mom=0.9500 | T=1.0 k=1.0 (mu_rec=1 mu_bwd=1) | grad=5.000 | tok/s=87,627 | tokens=5.95B
step=181730 | loss=4.2043 | lr=3.54e-05 | wd=0.0000 | mom=0.9500 | T=1.0 k=1.0 (mu_rec=1 mu_bwd=1) | grad=4.688 | tok/s=87,488 | tokens=5.95B
step=181740 | loss=4.4931 | lr=3.53e-05 | wd=0.0000 | mom=0.9500 | T=1.0 k=1.0 (mu_rec=1 mu_bwd=1) | grad=3.219 | tok/s=87,448 | tokens=5.96B
step=181750 | loss=4.2141 | lr=3.52e-05 | wd=0.0000 | mom=0.9500 | T=1.0 k=1.0 (mu_rec=1 mu_bwd=1) | grad=5.844 | tok/s=87,274 | tokens=5.96B
step=181760 | loss=4.1979 | lr=3.51e-05 | wd=0.0000 | mom=0.9500 | T=1.0 k=1.0 (mu_rec=1 mu_bwd=1) | grad=2.984 | tok/s=87,131 | tokens=5.96B
step=181770 | loss=4.5122 | lr=3.51e-05 | wd=0.0000 | mom=0.9500 | T=1.0 k=1.0 (mu_rec=1 mu_bwd=1) | grad=3.844 | tok/s=87,152 | tokens=5.96B
step=181780 | loss=4.2406 | lr=3.50e-05 | wd=0.0000 | mom=0.9500 | T=1.0 k=1.0 (mu_rec=1 mu_bwd=1) | grad=3.125 | tok/s=86,909 | tokens=5.96B
step=181790 | loss=4.3107 | lr=3.49e-05 | wd=0.0000 | mom=0.9500 | T=1.0 k=1.0 (mu_rec=1 mu_bwd=1) | grad=3.688 | tok/s=86,956 | tokens=5.96B
step=181800 | loss=4.2108 | lr=3.48e-05 | wd=0.0000 | mom=0.9500 | T=1.0 k=1.0 (mu_rec=1 mu_bwd=1) | grad=3.359 | tok/s=86,815 | tokens=5.96B
step=181810 | loss=4.3664 | lr=3.48e-05 | wd=0.0000 | mom=0.9500 | T=1.0 k=1.0 (mu_rec=1 mu_bwd=1) | grad=2.688 | tok/s=86,842 | tokens=5.96B
step=181820 | loss=4.3231 | lr=3.47e-05 | wd=0.0000 | mom=0.9500 | T=1.0 k=1.0 (mu_rec=1 mu_bwd=1) | grad=2.656 | tok/s=86,948 | tokens=5.96B
step=181830 | loss=4.2896 | lr=3.46e-05 | wd=0.0000 | mom=0.9500 | T=1.0 k=1.0 (mu_rec=1 mu_bwd=1) | grad=2.969 | tok/s=86,910 | tokens=5.96B
step=181840 | loss=4.2489 | lr=3.45e-05 | wd=0.0000 | mom=0.9500 | T=1.0 k=1.0 (mu_rec=1 mu_bwd=1) | grad=2.781 | tok/s=86,783 | tokens=5.96B
step=181850 | loss=4.1447 | lr=3.45e-05 | wd=0.0000 | mom=0.9500 | T=1.0 k=1.0 (mu_rec=1 mu_bwd=1) | grad=5.844 | tok/s=86,807 | tokens=5.96B
step=181860 | loss=4.2481 | lr=3.44e-05 | wd=0.0000 | mom=0.9500 | T=1.0 k=1.0 (mu_rec=1 mu_bwd=1) | grad=3.344 | tok/s=86,791 | tokens=5.96B
step=181870 | loss=4.5950 | lr=3.43e-05 | wd=0.0000 | mom=0.9500 | T=1.0 k=1.0 (mu_rec=1 mu_bwd=1) | grad=4.250 | tok/s=86,711 | tokens=5.96B
step=181880 | loss=4.3547 | lr=3.43e-05 | wd=0.0000 | mom=0.9500 | T=1.0 k=1.0 (mu_rec=1 mu_bwd=1) | grad=3.312 | tok/s=86,733 | tokens=5.96B
step=181890 | loss=4.0276 | lr=3.42e-05 | wd=0.0000 | mom=0.9500 | T=1.0 k=1.0 (mu_rec=1 mu_bwd=1) | grad=3.578 | tok/s=86,896 | tokens=5.96B
step=181900 | loss=4.2842 | lr=3.41e-05 | wd=0.0000 | mom=0.9500 | T=1.0 k=1.0 (mu_rec=1 mu_bwd=1) | grad=2.828 | tok/s=87,099 | tokens=5.96B
step=181910 | loss=4.3155 | lr=3.41e-05 | wd=0.0000 | mom=0.9500 | T=1.0 k=1.0 (mu_rec=1 mu_bwd=1) | grad=3.031 | tok/s=87,080 | tokens=5.96B
step=181920 | loss=4.0831 | lr=3.40e-05 | wd=0.0000 | mom=0.9500 | T=1.0 k=1.0 (mu_rec=1 mu_bwd=1) | grad=4.531 | tok/s=87,140 | tokens=5.96B
step=181930 | loss=4.2835 | lr=3.39e-05 | wd=0.0000 | mom=0.9500 | T=1.0 k=1.0 (mu_rec=1 mu_bwd=1) | grad=4.375 | tok/s=87,347 | tokens=5.96B
step=181940 | loss=4.4803 | lr=3.39e-05 | wd=0.0000 | mom=0.9500 | T=1.0 k=1.0 (mu_rec=1 mu_bwd=1) | grad=4.469 | tok/s=87,279 | tokens=5.96B
step=181950 | loss=4.2693 | lr=3.38e-05 | wd=0.0000 | mom=0.9500 | T=1.0 k=1.0 (mu_rec=1 mu_bwd=1) | grad=3.641 | tok/s=87,453 | tokens=5.96B
step=181960 | loss=4.2641 | lr=3.37e-05 | wd=0.0000 | mom=0.9500 | T=1.0 k=1.0 (mu_rec=1 mu_bwd=1) | grad=4.406 | tok/s=87,461 | tokens=5.96B
step=181970 | loss=4.4637 | lr=3.37e-05 | wd=0.0000 | mom=0.9500 | T=1.0 k=1.0 (mu_rec=1 mu_bwd=1) | grad=2.656 | tok/s=87,565 | tokens=5.96B
step=181980 | loss=4.2442 | lr=3.36e-05 | wd=0.0000 | mom=0.9500 | T=1.0 k=1.0 (mu_rec=1 mu_bwd=1) | grad=3.219 | tok/s=87,595 | tokens=5.96B
step=181990 | loss=4.3837 | lr=3.35e-05 | wd=0.0000 | mom=0.9500 | T=1.0 k=1.0 (mu_rec=1 mu_bwd=1) | grad=4.438 | tok/s=87,611 | tokens=5.96B
step=182000 | loss=4.0973 | lr=3.35e-05 | wd=0.0000 | mom=0.9500 | T=1.0 k=1.0 (mu_rec=1 mu_bwd=1) | grad=3.391 | tok/s=87,590 | tokens=5.96B
[step 182000] Saved -> runs/pythia-5b/checkpoint_0182000
[step 182000] Pruned -> runs/pythia-5b/checkpoint_0176000
step=182010 | loss=4.7509 | lr=3.34e-05 | wd=0.0000 | mom=0.9500 | T=1.0 k=1.0 (mu_rec=1 mu_bwd=1) | grad=4.719 | tok/s=72,065 | tokens=5.96B
step=182020 | loss=5.1137 | lr=3.33e-05 | wd=0.0000 | mom=0.9500 | T=1.0 k=1.0 (mu_rec=1 mu_bwd=1) | grad=11.500 | tok/s=87,445 | tokens=5.96B
step=182030 | loss=4.5264 | lr=3.33e-05 | wd=0.0000 | mom=0.9500 | T=1.0 k=1.0 (mu_rec=1 mu_bwd=1) | grad=3.875 | tok/s=87,471 | tokens=5.96B
step=182040 | loss=4.3686 | lr=3.32e-05 | wd=0.0000 | mom=0.9500 | T=1.0 k=1.0 (mu_rec=1 mu_bwd=1) | grad=4.500 | tok/s=87,470 | tokens=5.97B
step=182050 | loss=4.3540 | lr=3.32e-05 | wd=0.0000 | mom=0.9500 | T=1.0 k=1.0 (mu_rec=1 mu_bwd=1) | grad=4.188 | tok/s=87,549 | tokens=5.97B
step=182060 | loss=4.5766 | lr=3.31e-05 | wd=0.0000 | mom=0.9500 | T=1.0 k=1.0 (mu_rec=1 mu_bwd=1) | grad=3.562 | tok/s=9,643 | tokens=5.97B
step=182070 | loss=4.1800 | lr=3.30e-05 | wd=0.0000 | mom=0.9500 | T=1.0 k=1.0 (mu_rec=1 mu_bwd=1) | grad=2.688 | tok/s=89,092 | tokens=5.97B
step=182080 | loss=4.3807 | lr=3.30e-05 | wd=0.0000 | mom=0.9500 | T=1.0 k=1.0 (mu_rec=1 mu_bwd=1) | grad=3.375 | tok/s=88,860 | tokens=5.97B
step=182090 | loss=4.3777 | lr=3.29e-05 | wd=0.0000 | mom=0.9500 | T=1.0 k=1.0 (mu_rec=1 mu_bwd=1) | grad=2.703 | tok/s=88,703 | tokens=5.97B
step=182100 | loss=4.1234 | lr=3.29e-05 | wd=0.0000 | mom=0.9500 | T=1.0 k=1.0 (mu_rec=1 mu_bwd=1) | grad=3.609 | tok/s=88,611 | tokens=5.97B
step=182110 | loss=4.3534 | lr=3.28e-05 | wd=0.0000 | mom=0.9500 | T=1.0 k=1.0 (mu_rec=1 mu_bwd=1) | grad=4.156 | tok/s=88,472 | tokens=5.97B
step=182120 | loss=4.2197 | lr=3.28e-05 | wd=0.0000 | mom=0.9500 | T=1.0 k=1.0 (mu_rec=1 mu_bwd=1) | grad=3.453 | tok/s=88,450 | tokens=5.97B
step=182130 | loss=3.9826 | lr=3.27e-05 | wd=0.0000 | mom=0.9500 | T=1.0 k=1.0 (mu_rec=1 mu_bwd=1) | grad=4.500 | tok/s=88,360 | tokens=5.97B
step=182140 | loss=4.2164 | lr=3.27e-05 | wd=0.0000 | mom=0.9500 | T=1.0 k=1.0 (mu_rec=1 mu_bwd=1) | grad=3.531 | tok/s=88,321 | tokens=5.97B
step=182150 | loss=3.8845 | lr=3.26e-05 | wd=0.0000 | mom=0.9500 | T=1.0 k=1.0 (mu_rec=1 mu_bwd=1) | grad=5.344 | tok/s=88,216 | tokens=5.97B
step=182160 | loss=4.3481 | lr=3.25e-05 | wd=0.0000 | mom=0.9500 | T=1.0 k=1.0 (mu_rec=1 mu_bwd=1) | grad=2.969 | tok/s=88,031 | tokens=5.97B
step=182170 | loss=4.3385 | lr=3.25e-05 | wd=0.0000 | mom=0.9500 | T=1.0 k=1.0 (mu_rec=1 mu_bwd=1) | grad=3.547 | tok/s=87,868 | tokens=5.97B
step=182180 | loss=4.3256 | lr=3.24e-05 | wd=0.0000 | mom=0.9500 | T=1.0 k=1.0 (mu_rec=1 mu_bwd=1) | grad=4.000 | tok/s=87,912 | tokens=5.97B
step=182190 | loss=4.1798 | lr=3.24e-05 | wd=0.0000 | mom=0.9500 | T=1.0 k=1.0 (mu_rec=1 mu_bwd=1) | grad=2.922 | tok/s=87,798 | tokens=5.97B
step=182200 | loss=4.2013 | lr=3.23e-05 | wd=0.0000 | mom=0.9500 | T=1.0 k=1.0 (mu_rec=1 mu_bwd=1) | grad=3.281 | tok/s=87,791 | tokens=5.97B
step=182210 | loss=4.5004 | lr=3.23e-05 | wd=0.0000 | mom=0.9500 | T=1.0 k=1.0 (mu_rec=1 mu_bwd=1) | grad=3.328 | tok/s=87,748 | tokens=5.97B
step=182220 | loss=4.1879 | lr=3.22e-05 | wd=0.0000 | mom=0.9500 | T=1.0 k=1.0 (mu_rec=1 mu_bwd=1) | grad=3.797 | tok/s=87,648 | tokens=5.97B
step=182230 | loss=4.2743 | lr=3.22e-05 | wd=0.0000 | mom=0.9500 | T=1.0 k=1.0 (mu_rec=1 mu_bwd=1) | grad=3.266 | tok/s=87,555 | tokens=5.97B
step=182240 | loss=4.4120 | lr=3.21e-05 | wd=0.0000 | mom=0.9500 | T=1.0 k=1.0 (mu_rec=1 mu_bwd=1) | grad=2.688 | tok/s=87,544 | tokens=5.97B
step=182250 | loss=4.2207 | lr=3.21e-05 | wd=0.0000 | mom=0.9500 | T=1.0 k=1.0 (mu_rec=1 mu_bwd=1) | grad=3.062 | tok/s=87,512 | tokens=5.97B
step=182260 | loss=4.1124 | lr=3.20e-05 | wd=0.0000 | mom=0.9500 | T=1.0 k=1.0 (mu_rec=1 mu_bwd=1) | grad=4.812 | tok/s=87,472 | tokens=5.97B
step=182270 | loss=4.4548 | lr=3.20e-05 | wd=0.0000 | mom=0.9500 | T=1.0 k=1.0 (mu_rec=1 mu_bwd=1) | grad=3.422 | tok/s=87,501 | tokens=5.97B
step=182280 | loss=4.4823 | lr=3.19e-05 | wd=0.0000 | mom=0.9500 | T=1.0 k=1.0 (mu_rec=1 mu_bwd=1) | grad=3.188 | tok/s=87,379 | tokens=5.97B
step=182290 | loss=4.2452 | lr=3.19e-05 | wd=0.0000 | mom=0.9500 | T=1.0 k=1.0 (mu_rec=1 mu_bwd=1) | grad=3.531 | tok/s=87,286 | tokens=5.97B
step=182300 | loss=4.4010 | lr=3.18e-05 | wd=0.0000 | mom=0.9500 | T=1.0 k=1.0 (mu_rec=1 mu_bwd=1) | grad=3.484 | tok/s=87,417 | tokens=5.97B
step=182310 | loss=4.1556 | lr=3.18e-05 | wd=0.0000 | mom=0.9500 | T=1.0 k=1.0 (mu_rec=1 mu_bwd=1) | grad=3.250 | tok/s=87,312 | tokens=5.97B
step=182320 | loss=4.3809 | lr=3.18e-05 | wd=0.0000 | mom=0.9500 | T=1.0 k=1.0 (mu_rec=1 mu_bwd=1) | grad=3.203 | tok/s=87,235 | tokens=5.97B
step=182330 | loss=4.4254 | lr=3.17e-05 | wd=0.0000 | mom=0.9500 | T=1.0 k=1.0 (mu_rec=1 mu_bwd=1) | grad=12.062 | tok/s=87,252 | tokens=5.97B
step=182340 | loss=4.5660 | lr=3.17e-05 | wd=0.0000 | mom=0.9500 | T=1.0 k=1.0 (mu_rec=1 mu_bwd=1) | grad=3.344 | tok/s=87,278 | tokens=5.97B
step=182350 | loss=4.2795 | lr=3.16e-05 | wd=0.0000 | mom=0.9500 | T=1.0 k=1.0 (mu_rec=1 mu_bwd=1) | grad=2.594 | tok/s=87,185 | tokens=5.98B
step=182360 | loss=4.3056 | lr=3.16e-05 | wd=0.0000 | mom=0.9500 | T=1.0 k=1.0 (mu_rec=1 mu_bwd=1) | grad=5.281 | tok/s=87,199 | tokens=5.98B
step=182370 | loss=4.3132 | lr=3.15e-05 | wd=0.0000 | mom=0.9500 | T=1.0 k=1.0 (mu_rec=1 mu_bwd=1) | grad=2.922 | tok/s=87,094 | tokens=5.98B
step=182380 | loss=4.5193 | lr=3.15e-05 | wd=0.0000 | mom=0.9500 | T=1.0 k=1.0 (mu_rec=1 mu_bwd=1) | grad=5.719 | tok/s=87,074 | tokens=5.98B
step=182390 | loss=4.8072 | lr=3.15e-05 | wd=0.0000 | mom=0.9500 | T=1.0 k=1.0 (mu_rec=1 mu_bwd=1) | grad=3.234 | tok/s=87,101 | tokens=5.98B
step=182400 | loss=4.3092 | lr=3.14e-05 | wd=0.0000 | mom=0.9500 | T=1.0 k=1.0 (mu_rec=1 mu_bwd=1) | grad=9.438 | tok/s=87,111 | tokens=5.98B
step=182410 | loss=4.2662 | lr=3.14e-05 | wd=0.0000 | mom=0.9500 | T=1.0 k=1.0 (mu_rec=1 mu_bwd=1) | grad=2.766 | tok/s=86,982 | tokens=5.98B
step=182420 | loss=4.3503 | lr=3.13e-05 | wd=0.0000 | mom=0.9500 | T=1.0 k=1.0 (mu_rec=1 mu_bwd=1) | grad=5.844 | tok/s=86,970 | tokens=5.98B
step=182430 | loss=4.0091 | lr=3.13e-05 | wd=0.0000 | mom=0.9500 | T=1.0 k=1.0 (mu_rec=1 mu_bwd=1) | grad=5.688 | tok/s=87,062 | tokens=5.98B
step=182440 | loss=4.7100 | lr=3.13e-05 | wd=0.0000 | mom=0.9500 | T=1.0 k=1.0 (mu_rec=1 mu_bwd=1) | grad=3.188 | tok/s=86,960 | tokens=5.98B
step=182450 | loss=4.5742 | lr=3.12e-05 | wd=0.0000 | mom=0.9500 | T=1.0 k=1.0 (mu_rec=1 mu_bwd=1) | grad=3.797 | tok/s=86,982 | tokens=5.98B
step=182460 | loss=4.2805 | lr=3.12e-05 | wd=0.0000 | mom=0.9500 | T=1.0 k=1.0 (mu_rec=1 mu_bwd=1) | grad=2.672 | tok/s=86,951 | tokens=5.98B
step=182470 | loss=4.3468 | lr=3.11e-05 | wd=0.0000 | mom=0.9500 | T=1.0 k=1.0 (mu_rec=1 mu_bwd=1) | grad=3.625 | tok/s=86,958 | tokens=5.98B
step=182480 | loss=4.2669 | lr=3.11e-05 | wd=0.0000 | mom=0.9500 | T=1.0 k=1.0 (mu_rec=1 mu_bwd=1) | grad=3.000 | tok/s=86,992 | tokens=5.98B
step=182490 | loss=4.4045 | lr=3.11e-05 | wd=0.0000 | mom=0.9500 | T=1.0 k=1.0 (mu_rec=1 mu_bwd=1) | grad=2.812 | tok/s=86,941 | tokens=5.98B
step=182500 | loss=4.1088 | lr=3.10e-05 | wd=0.0000 | mom=0.9500 | T=1.0 k=1.0 (mu_rec=1 mu_bwd=1) | grad=2.844 | tok/s=86,888 | tokens=5.98B
step=182510 | loss=4.4532 | lr=3.10e-05 | wd=0.0000 | mom=0.9500 | T=1.0 k=1.0 (mu_rec=1 mu_bwd=1) | grad=2.531 | tok/s=86,889 | tokens=5.98B
step=182520 | loss=4.4294 | lr=3.10e-05 | wd=0.0000 | mom=0.9500 | T=1.0 k=1.0 (mu_rec=1 mu_bwd=1) | grad=4.562 | tok/s=86,961 | tokens=5.98B
step=182530 | loss=4.1011 | lr=3.09e-05 | wd=0.0000 | mom=0.9500 | T=1.0 k=1.0 (mu_rec=1 mu_bwd=1) | grad=3.078 | tok/s=86,904 | tokens=5.98B
step=182540 | loss=4.2681 | lr=3.09e-05 | wd=0.0000 | mom=0.9500 | T=1.0 k=1.0 (mu_rec=1 mu_bwd=1) | grad=3.219 | tok/s=86,870 | tokens=5.98B
step=182550 | loss=4.3534 | lr=3.09e-05 | wd=0.0000 | mom=0.9500 | T=1.0 k=1.0 (mu_rec=1 mu_bwd=1) | grad=3.984 | tok/s=86,918 | tokens=5.98B
step=182560 | loss=4.3302 | lr=3.08e-05 | wd=0.0000 | mom=0.9500 | T=1.0 k=1.0 (mu_rec=1 mu_bwd=1) | grad=2.750 | tok/s=9,122 | tokens=5.98B
step=182570 | loss=4.0943 | lr=3.08e-05 | wd=0.0000 | mom=0.9500 | T=1.0 k=1.0 (mu_rec=1 mu_bwd=1) | grad=3.672 | tok/s=88,666 | tokens=5.98B
step=182580 | loss=4.5334 | lr=3.08e-05 | wd=0.0000 | mom=0.9500 | T=1.0 k=1.0 (mu_rec=1 mu_bwd=1) | grad=4.031 | tok/s=88,543 | tokens=5.98B
step=182590 | loss=4.2976 | lr=3.08e-05 | wd=0.0000 | mom=0.9500 | T=1.0 k=1.0 (mu_rec=1 mu_bwd=1) | grad=3.844 | tok/s=88,252 | tokens=5.98B
step=182600 | loss=4.4637 | lr=3.07e-05 | wd=0.0000 | mom=0.9500 | T=1.0 k=1.0 (mu_rec=1 mu_bwd=1) | grad=2.859 | tok/s=88,180 | tokens=5.98B
step=182610 | loss=4.2523 | lr=3.07e-05 | wd=0.0000 | mom=0.9500 | T=1.0 k=1.0 (mu_rec=1 mu_bwd=1) | grad=2.969 | tok/s=87,994 | tokens=5.98B
step=182620 | loss=4.1741 | lr=3.07e-05 | wd=0.0000 | mom=0.9500 | T=1.0 k=1.0 (mu_rec=1 mu_bwd=1) | grad=3.891 | tok/s=87,949 | tokens=5.98B
step=182630 | loss=4.2752 | lr=3.06e-05 | wd=0.0000 | mom=0.9500 | T=1.0 k=1.0 (mu_rec=1 mu_bwd=1) | grad=4.125 | tok/s=87,798 | tokens=5.98B
step=182640 | loss=4.4056 | lr=3.06e-05 | wd=0.0000 | mom=0.9500 | T=1.0 k=1.0 (mu_rec=1 mu_bwd=1) | grad=3.609 | tok/s=87,768 | tokens=5.98B
step=182650 | loss=4.0326 | lr=3.06e-05 | wd=0.0000 | mom=0.9500 | T=1.0 k=1.0 (mu_rec=1 mu_bwd=1) | grad=4.188 | tok/s=87,517 | tokens=5.99B
step=182660 | loss=4.3138 | lr=3.06e-05 | wd=0.0000 | mom=0.9500 | T=1.0 k=1.0 (mu_rec=1 mu_bwd=1) | grad=3.562 | tok/s=87,493 | tokens=5.99B
step=182670 | loss=4.4552 | lr=3.05e-05 | wd=0.0000 | mom=0.9500 | T=1.0 k=1.0 (mu_rec=1 mu_bwd=1) | grad=3.000 | tok/s=87,419 | tokens=5.99B
step=182680 | loss=4.2210 | lr=3.05e-05 | wd=0.0000 | mom=0.9500 | T=1.0 k=1.0 (mu_rec=1 mu_bwd=1) | grad=3.547 | tok/s=87,364 | tokens=5.99B
step=182690 | loss=4.2758 | lr=3.05e-05 | wd=0.0000 | mom=0.9500 | T=1.0 k=1.0 (mu_rec=1 mu_bwd=1) | grad=3.859 | tok/s=87,388 | tokens=5.99B
step=182700 | loss=4.3806 | lr=3.05e-05 | wd=0.0000 | mom=0.9500 | T=1.0 k=1.0 (mu_rec=1 mu_bwd=1) | grad=2.938 | tok/s=87,258 | tokens=5.99B
step=182710 | loss=4.2670 | lr=3.04e-05 | wd=0.0000 | mom=0.9500 | T=1.0 k=1.0 (mu_rec=1 mu_bwd=1) | grad=2.781 | tok/s=87,183 | tokens=5.99B
step=182720 | loss=4.1197 | lr=3.04e-05 | wd=0.0000 | mom=0.9500 | T=1.0 k=1.0 (mu_rec=1 mu_bwd=1) | grad=9.500 | tok/s=87,038 | tokens=5.99B
step=182730 | loss=3.9905 | lr=3.04e-05 | wd=0.0000 | mom=0.9500 | T=1.0 k=1.0 (mu_rec=1 mu_bwd=1) | grad=6.750 | tok/s=87,003 | tokens=5.99B
step=182740 | loss=4.2561 | lr=3.04e-05 | wd=0.0000 | mom=0.9500 | T=1.0 k=1.0 (mu_rec=1 mu_bwd=1) | grad=3.594 | tok/s=87,004 | tokens=5.99B
step=182750 | loss=4.2116 | lr=3.04e-05 | wd=0.0000 | mom=0.9500 | T=1.0 k=1.0 (mu_rec=1 mu_bwd=1) | grad=3.547 | tok/s=86,924 | tokens=5.99B
step=182760 | loss=4.1481 | lr=3.03e-05 | wd=0.0000 | mom=0.9500 | T=1.0 k=1.0 (mu_rec=1 mu_bwd=1) | grad=3.500 | tok/s=86,794 | tokens=5.99B
step=182770 | loss=4.4127 | lr=3.03e-05 | wd=0.0000 | mom=0.9500 | T=1.0 k=1.0 (mu_rec=1 mu_bwd=1) | grad=3.875 | tok/s=86,729 | tokens=5.99B
step=182780 | loss=4.0911 | lr=3.03e-05 | wd=0.0000 | mom=0.9500 | T=1.0 k=1.0 (mu_rec=1 mu_bwd=1) | grad=2.797 | tok/s=86,731 | tokens=5.99B
step=182790 | loss=4.2962 | lr=3.03e-05 | wd=0.0000 | mom=0.9500 | T=1.0 k=1.0 (mu_rec=1 mu_bwd=1) | grad=7.062 | tok/s=86,703 | tokens=5.99B
step=182800 | loss=4.3901 | lr=3.03e-05 | wd=0.0000 | mom=0.9500 | T=1.0 k=1.0 (mu_rec=1 mu_bwd=1) | grad=2.703 | tok/s=86,654 | tokens=5.99B
step=182810 | loss=4.3338 | lr=3.02e-05 | wd=0.0000 | mom=0.9500 | T=1.0 k=1.0 (mu_rec=1 mu_bwd=1) | grad=2.672 | tok/s=86,633 | tokens=5.99B
step=182820 | loss=4.4356 | lr=3.02e-05 | wd=0.0000 | mom=0.9500 | T=1.0 k=1.0 (mu_rec=1 mu_bwd=1) | grad=9.938 | tok/s=86,694 | tokens=5.99B
step=182830 | loss=4.2823 | lr=3.02e-05 | wd=0.0000 | mom=0.9500 | T=1.0 k=1.0 (mu_rec=1 mu_bwd=1) | grad=2.594 | tok/s=86,523 | tokens=5.99B
step=182840 | loss=4.3339 | lr=3.02e-05 | wd=0.0000 | mom=0.9500 | T=1.0 k=1.0 (mu_rec=1 mu_bwd=1) | grad=2.703 | tok/s=86,754 | tokens=5.99B
step=182850 | loss=4.2499 | lr=3.02e-05 | wd=0.0000 | mom=0.9500 | T=1.0 k=1.0 (mu_rec=1 mu_bwd=1) | grad=3.609 | tok/s=86,645 | tokens=5.99B
step=182860 | loss=4.1996 | lr=3.02e-05 | wd=0.0000 | mom=0.9500 | T=1.0 k=1.0 (mu_rec=1 mu_bwd=1) | grad=4.500 | tok/s=86,750 | tokens=5.99B
step=182870 | loss=4.2334 | lr=3.02e-05 | wd=0.0000 | mom=0.9500 | T=1.0 k=1.0 (mu_rec=1 mu_bwd=1) | grad=2.859 | tok/s=86,794 | tokens=5.99B
step=182880 | loss=4.2786 | lr=3.01e-05 | wd=0.0000 | mom=0.9500 | T=1.0 k=1.0 (mu_rec=1 mu_bwd=1) | grad=3.312 | tok/s=86,839 | tokens=5.99B
step=182890 | loss=4.5377 | lr=3.01e-05 | wd=0.0000 | mom=0.9500 | T=1.0 k=1.0 (mu_rec=1 mu_bwd=1) | grad=3.234 | tok/s=9,300 | tokens=5.99B
step=182900 | loss=4.5074 | lr=3.01e-05 | wd=0.0000 | mom=0.9500 | T=1.0 k=1.0 (mu_rec=1 mu_bwd=1) | grad=3.141 | tok/s=88,791 | tokens=5.99B
step=182910 | loss=4.5724 | lr=3.01e-05 | wd=0.0000 | mom=0.9500 | T=1.0 k=1.0 (mu_rec=1 mu_bwd=1) | grad=3.953 | tok/s=88,675 | tokens=5.99B
step=182920 | loss=4.1502 | lr=3.01e-05 | wd=0.0000 | mom=0.9500 | T=1.0 k=1.0 (mu_rec=1 mu_bwd=1) | grad=3.672 | tok/s=88,503 | tokens=5.99B
step=182930 | loss=4.5172 | lr=3.01e-05 | wd=0.0000 | mom=0.9500 | T=1.0 k=1.0 (mu_rec=1 mu_bwd=1) | grad=5.375 | tok/s=88,374 | tokens=5.99B
step=182940 | loss=4.1239 | lr=3.01e-05 | wd=0.0000 | mom=0.9500 | T=1.0 k=1.0 (mu_rec=1 mu_bwd=1) | grad=2.500 | tok/s=88,440 | tokens=5.99B
step=182950 | loss=4.2023 | lr=3.01e-05 | wd=0.0000 | mom=0.9500 | T=1.0 k=1.0 (mu_rec=1 mu_bwd=1) | grad=3.094 | tok/s=88,175 | tokens=5.99B
step=182960 | loss=4.0216 | lr=3.01e-05 | wd=0.0000 | mom=0.9500 | T=1.0 k=1.0 (mu_rec=1 mu_bwd=1) | grad=4.281 | tok/s=88,056 | tokens=6.00B
step=182970 | loss=4.3135 | lr=3.01e-05 | wd=0.0000 | mom=0.9500 | T=1.0 k=1.0 (mu_rec=1 mu_bwd=1) | grad=3.016 | tok/s=88,141 | tokens=6.00B
step=182980 | loss=3.9317 | lr=3.00e-05 | wd=0.0000 | mom=0.9500 | T=1.0 k=1.0 (mu_rec=1 mu_bwd=1) | grad=5.969 | tok/s=88,058 | tokens=6.00B
step=182990 | loss=4.2846 | lr=3.00e-05 | wd=0.0000 | mom=0.9500 | T=1.0 k=1.0 (mu_rec=1 mu_bwd=1) | grad=10.438 | tok/s=87,899 | tokens=6.00B
step=183000 | loss=4.2861 | lr=3.00e-05 | wd=0.0000 | mom=0.9500 | T=1.0 k=1.0 (mu_rec=1 mu_bwd=1) | grad=5.062 | tok/s=87,921 | tokens=6.00B
step=183010 | loss=4.2445 | lr=3.00e-05 | wd=0.0000 | mom=0.9500 | T=1.0 k=1.0 (mu_rec=1 mu_bwd=1) | grad=2.844 | tok/s=87,761 | tokens=6.00B
step=183020 | loss=4.1931 | lr=3.00e-05 | wd=0.0000 | mom=0.9500 | T=1.0 k=1.0 (mu_rec=1 mu_bwd=1) | grad=3.266 | tok/s=87,723 | tokens=6.00B
step=183030 | loss=4.2568 | lr=3.00e-05 | wd=0.0000 | mom=0.9500 | T=1.0 k=1.0 (mu_rec=1 mu_bwd=1) | grad=2.844 | tok/s=87,619 | tokens=6.00B
step=183040 | loss=4.4180 | lr=3.00e-05 | wd=0.0000 | mom=0.9500 | T=1.0 k=1.0 (mu_rec=1 mu_bwd=1) | grad=4.594 | tok/s=87,659 | tokens=6.00B
step=183050 | loss=4.5254 | lr=3.00e-05 | wd=0.0000 | mom=0.9500 | T=1.0 k=1.0 (mu_rec=1 mu_bwd=1) | grad=4.188 | tok/s=87,610 | tokens=6.00B
step=183060 | loss=4.3189 | lr=3.00e-05 | wd=0.0000 | mom=0.9500 | T=1.0 k=1.0 (mu_rec=1 mu_bwd=1) | grad=3.062 | tok/s=87,502 | tokens=6.00B
step=183070 | loss=4.2820 | lr=3.00e-05 | wd=0.0000 | mom=0.9500 | T=1.0 k=1.0 (mu_rec=1 mu_bwd=1) | grad=3.422 | tok/s=87,552 | tokens=6.00B
step=183080 | loss=4.1641 | lr=3.00e-05 | wd=0.0000 | mom=0.9500 | T=1.0 k=1.0 (mu_rec=1 mu_bwd=1) | grad=3.938 | tok/s=87,572 | tokens=6.00B
step=183090 | loss=4.2191 | lr=3.00e-05 | wd=0.0000 | mom=0.9500 | T=1.0 k=1.0 (mu_rec=1 mu_bwd=1) | grad=2.766 | tok/s=87,506 | tokens=6.00B
step=183100 | loss=4.3434 | lr=3.00e-05 | wd=0.0000 | mom=0.9500 | T=1.0 k=1.0 (mu_rec=1 mu_bwd=1) | grad=3.078 | tok/s=87,497 | tokens=6.00B
step=183110 | loss=3.9858 | lr=3.00e-05 | wd=0.0000 | mom=0.9500 | T=1.0 k=1.0 (mu_rec=1 mu_bwd=1) | grad=2.891 | tok/s=87,383 | tokens=6.00B
step=183120 | loss=4.0250 | lr=3.00e-05 | wd=0.0000 | mom=0.9500 | T=1.0 k=1.0 (mu_rec=1 mu_bwd=1) | grad=5.500 | tok/s=87,289 | tokens=6.00B
step=183130 | loss=4.3196 | lr=3.00e-05 | wd=0.0000 | mom=0.9500 | T=1.0 k=1.0 (mu_rec=1 mu_bwd=1) | grad=2.844 | tok/s=87,482 | tokens=6.00B
step=183140 | loss=4.2405 | lr=3.00e-05 | wd=0.0000 | mom=0.9500 | T=1.0 k=1.0 (mu_rec=1 mu_bwd=1) | grad=3.719 | tok/s=87,349 | tokens=6.00B
step=183150 | loss=4.3113 | lr=3.00e-05 | wd=0.0000 | mom=0.9500 | T=1.0 k=1.0 (mu_rec=1 mu_bwd=1) | grad=3.594 | tok/s=87,242 | tokens=6.00B
step=183160 | loss=4.1425 | lr=3.00e-05 | wd=0.0000 | mom=0.9500 | T=1.0 k=1.0 (mu_rec=1 mu_bwd=1) | grad=2.750 | tok/s=87,343 | tokens=6.00B
step=183170 | loss=4.1909 | lr=3.00e-05 | wd=0.0000 | mom=0.9500 | T=1.0 k=1.0 (mu_rec=1 mu_bwd=1) | grad=4.250 | tok/s=87,229 | tokens=6.00B
step=183180 | loss=4.2532 | lr=3.00e-05 | wd=0.0000 | mom=0.9500 | T=1.0 k=1.0 (mu_rec=1 mu_bwd=1) | grad=3.781 | tok/s=87,216 | tokens=6.00B
step=183190 | loss=4.1322 | lr=3.00e-05 | wd=0.0000 | mom=0.9500 | T=1.0 k=1.0 (mu_rec=1 mu_bwd=1) | grad=2.672 | tok/s=87,407 | tokens=6.00B
step=183200 | loss=4.1847 | lr=3.00e-05 | wd=0.0000 | mom=0.9500 | T=1.0 k=1.0 (mu_rec=1 mu_bwd=1) | grad=3.016 | tok/s=87,220 | tokens=6.00B
step=183210 | loss=4.2140 | lr=3.00e-05 | wd=0.0000 | mom=0.9500 | T=1.0 k=1.0 (mu_rec=1 mu_bwd=1) | grad=2.531 | tok/s=87,193 | tokens=6.00B
step=183220 | loss=4.0797 | lr=3.00e-05 | wd=0.0000 | mom=0.9500 | T=1.0 k=1.0 (mu_rec=1 mu_bwd=1) | grad=7.031 | tok/s=87,168 | tokens=6.00B
step=183230 | loss=4.4586 | lr=3.00e-05 | wd=0.0000 | mom=0.9500 | T=1.0 k=1.0 (mu_rec=1 mu_bwd=1) | grad=3.438 | tok/s=87,224 | tokens=6.00B
step=183240 | loss=4.5493 | lr=3.01e-05 | wd=0.0000 | mom=0.9500 | T=1.0 k=1.0 (mu_rec=1 mu_bwd=1) | grad=4.406 | tok/s=87,017 | tokens=6.00B
step=183250 | loss=4.5699 | lr=3.01e-05 | wd=0.0000 | mom=0.9500 | T=1.0 k=1.0 (mu_rec=1 mu_bwd=1) | grad=3.328 | tok/s=87,195 | tokens=6.00B
step=183260 | loss=4.1693 | lr=3.01e-05 | wd=0.0000 | mom=0.9500 | T=1.0 k=1.0 (mu_rec=1 mu_bwd=1) | grad=2.859 | tok/s=87,008 | tokens=6.01B
step=183270 | loss=4.1357 | lr=3.01e-05 | wd=0.0000 | mom=0.9500 | T=1.0 k=1.0 (mu_rec=1 mu_bwd=1) | grad=3.781 | tok/s=87,207 | tokens=6.01B
step=183280 | loss=4.2680 | lr=3.01e-05 | wd=0.0000 | mom=0.9500 | T=1.0 k=1.0 (mu_rec=1 mu_bwd=1) | grad=3.438 | tok/s=87,118 | tokens=6.01B
step=183290 | loss=4.3013 | lr=3.01e-05 | wd=0.0000 | mom=0.9500 | T=1.0 k=1.0 (mu_rec=1 mu_bwd=1) | grad=3.578 | tok/s=87,050 | tokens=6.01B
step=183300 | loss=4.3111 | lr=3.01e-05 | wd=0.0000 | mom=0.9500 | T=1.0 k=1.0 (mu_rec=1 mu_bwd=1) | grad=2.984 | tok/s=87,169 | tokens=6.01B
step=183310 | loss=4.3603 | lr=3.01e-05 | wd=0.0000 | mom=0.9500 | T=1.0 k=1.0 (mu_rec=1 mu_bwd=1) | grad=2.719 | tok/s=87,098 | tokens=6.01B
step=183320 | loss=4.3728 | lr=3.01e-05 | wd=0.0000 | mom=0.9500 | T=1.0 k=1.0 (mu_rec=1 mu_bwd=1) | grad=4.281 | tok/s=87,074 | tokens=6.01B
step=183330 | loss=4.6334 | lr=3.01e-05 | wd=0.0000 | mom=0.9500 | T=1.0 k=1.0 (mu_rec=1 mu_bwd=1) | grad=2.766 | tok/s=87,091 | tokens=6.01B
step=183340 | loss=4.6291 | lr=3.02e-05 | wd=0.0000 | mom=0.9500 | T=1.0 k=1.0 (mu_rec=1 mu_bwd=1) | grad=7.031 | tok/s=87,160 | tokens=6.01B
step=183350 | loss=4.4367 | lr=3.02e-05 | wd=0.0000 | mom=0.9500 | T=1.0 k=1.0 (mu_rec=1 mu_bwd=1) | grad=4.781 | tok/s=87,096 | tokens=6.01B
step=183360 | loss=4.3407 | lr=3.02e-05 | wd=0.0000 | mom=0.9500 | T=1.0 k=1.0 (mu_rec=1 mu_bwd=1) | grad=5.812 | tok/s=86,934 | tokens=6.01B
step=183370 | loss=4.3040 | lr=3.02e-05 | wd=0.0000 | mom=0.9500 | T=1.0 k=1.0 (mu_rec=1 mu_bwd=1) | grad=3.766 | tok/s=87,086 | tokens=6.01B
step=183380 | loss=4.3994 | lr=3.02e-05 | wd=0.0000 | mom=0.9500 | T=1.0 k=1.0 (mu_rec=1 mu_bwd=1) | grad=3.250 | tok/s=87,009 | tokens=6.01B
step=183390 | loss=4.4505 | lr=3.02e-05 | wd=0.0000 | mom=0.9500 | T=1.0 k=1.0 (mu_rec=1 mu_bwd=1) | grad=3.000 | tok/s=87,053 | tokens=6.01B
step=183400 | loss=4.3063 | lr=3.03e-05 | wd=0.0000 | mom=0.9500 | T=1.0 k=1.0 (mu_rec=1 mu_bwd=1) | grad=2.453 | tok/s=87,059 | tokens=6.01B
step=183410 | loss=4.4180 | lr=3.03e-05 | wd=0.0000 | mom=0.9500 | T=1.0 k=1.0 (mu_rec=1 mu_bwd=1) | grad=2.969 | tok/s=8,121 | tokens=6.01B
step=183420 | loss=4.3496 | lr=3.03e-05 | wd=0.0000 | mom=0.9500 | T=1.0 k=1.0 (mu_rec=1 mu_bwd=1) | grad=7.969 | tok/s=88,687 | tokens=6.01B
step=183430 | loss=4.4710 | lr=3.03e-05 | wd=0.0000 | mom=0.9500 | T=1.0 k=1.0 (mu_rec=1 mu_bwd=1) | grad=4.938 | tok/s=88,605 | tokens=6.01B
step=183440 | loss=4.2732 | lr=3.03e-05 | wd=0.0000 | mom=0.9500 | T=1.0 k=1.0 (mu_rec=1 mu_bwd=1) | grad=2.594 | tok/s=88,440 | tokens=6.01B
step=183450 | loss=4.4161 | lr=3.03e-05 | wd=0.0000 | mom=0.9500 | T=1.0 k=1.0 (mu_rec=1 mu_bwd=1) | grad=2.812 | tok/s=88,322 | tokens=6.01B
step=183460 | loss=4.4259 | lr=3.04e-05 | wd=0.0000 | mom=0.9500 | T=1.0 k=1.0 (mu_rec=1 mu_bwd=1) | grad=6.188 | tok/s=88,107 | tokens=6.01B
step=183470 | loss=4.4546 | lr=3.04e-05 | wd=0.0000 | mom=0.9500 | T=1.0 k=1.0 (mu_rec=1 mu_bwd=1) | grad=4.875 | tok/s=87,977 | tokens=6.01B
step=183480 | loss=4.3907 | lr=3.04e-05 | wd=0.0000 | mom=0.9500 | T=1.0 k=1.0 (mu_rec=1 mu_bwd=1) | grad=4.031 | tok/s=87,892 | tokens=6.01B
step=183490 | loss=4.3404 | lr=3.04e-05 | wd=0.0000 | mom=0.9500 | T=1.0 k=1.0 (mu_rec=1 mu_bwd=1) | grad=3.500 | tok/s=87,789 | tokens=6.01B
step=183500 | loss=4.4653 | lr=3.04e-05 | wd=0.0000 | mom=0.9500 | T=1.0 k=1.0 (mu_rec=1 mu_bwd=1) | grad=3.500 | tok/s=87,664 | tokens=6.01B
step=183510 | loss=4.2576 | lr=3.05e-05 | wd=0.0000 | mom=0.9500 | T=1.0 k=1.0 (mu_rec=1 mu_bwd=1) | grad=2.734 | tok/s=87,503 | tokens=6.01B
step=183520 | loss=4.2721 | lr=3.05e-05 | wd=0.0000 | mom=0.9500 | T=1.0 k=1.0 (mu_rec=1 mu_bwd=1) | grad=2.828 | tok/s=87,443 | tokens=6.01B
step=183530 | loss=4.3345 | lr=3.05e-05 | wd=0.0000 | mom=0.9500 | T=1.0 k=1.0 (mu_rec=1 mu_bwd=1) | grad=5.406 | tok/s=87,461 | tokens=6.01B
step=183540 | loss=4.2272 | lr=3.05e-05 | wd=0.0000 | mom=0.9500 | T=1.0 k=1.0 (mu_rec=1 mu_bwd=1) | grad=3.125 | tok/s=87,196 | tokens=6.01B
step=183550 | loss=4.0899 | lr=3.06e-05 | wd=0.0000 | mom=0.9500 | T=1.0 k=1.0 (mu_rec=1 mu_bwd=1) | grad=5.312 | tok/s=87,067 | tokens=6.01B
step=183560 | loss=4.0388 | lr=3.06e-05 | wd=0.0000 | mom=0.9500 | T=1.0 k=1.0 (mu_rec=1 mu_bwd=1) | grad=3.297 | tok/s=87,183 | tokens=6.01B
step=183570 | loss=4.1924 | lr=3.06e-05 | wd=0.0000 | mom=0.9500 | T=1.0 k=1.0 (mu_rec=1 mu_bwd=1) | grad=3.938 | tok/s=87,028 | tokens=6.02B
step=183580 | loss=4.3528 | lr=3.06e-05 | wd=0.0000 | mom=0.9500 | T=1.0 k=1.0 (mu_rec=1 mu_bwd=1) | grad=3.297 | tok/s=86,936 | tokens=6.02B
step=183590 | loss=4.1612 | lr=3.07e-05 | wd=0.0000 | mom=0.9500 | T=1.0 k=1.0 (mu_rec=1 mu_bwd=1) | grad=2.906 | tok/s=86,702 | tokens=6.02B
step=183600 | loss=4.3294 | lr=3.07e-05 | wd=0.0000 | mom=0.9500 | T=1.0 k=1.0 (mu_rec=1 mu_bwd=1) | grad=5.281 | tok/s=86,745 | tokens=6.02B
step=183610 | loss=4.1226 | lr=3.07e-05 | wd=0.0000 | mom=0.9500 | T=1.0 k=1.0 (mu_rec=1 mu_bwd=1) | grad=7.688 | tok/s=86,719 | tokens=6.02B
step=183620 | loss=4.1683 | lr=3.08e-05 | wd=0.0000 | mom=0.9500 | T=1.0 k=1.0 (mu_rec=1 mu_bwd=1) | grad=3.391 | tok/s=86,635 | tokens=6.02B
step=183630 | loss=4.1640 | lr=3.08e-05 | wd=0.0000 | mom=0.9500 | T=1.0 k=1.0 (mu_rec=1 mu_bwd=1) | grad=3.000 | tok/s=86,556 | tokens=6.02B
step=183640 | loss=4.3018 | lr=3.08e-05 | wd=0.0000 | mom=0.9500 | T=1.0 k=1.0 (mu_rec=1 mu_bwd=1) | grad=3.688 | tok/s=86,533 | tokens=6.02B
step=183650 | loss=4.2248 | lr=3.09e-05 | wd=0.0000 | mom=0.9500 | T=1.0 k=1.0 (mu_rec=1 mu_bwd=1) | grad=3.703 | tok/s=86,605 | tokens=6.02B
step=183660 | loss=4.5756 | lr=3.09e-05 | wd=0.0000 | mom=0.9500 | T=1.0 k=1.0 (mu_rec=1 mu_bwd=1) | grad=5.906 | tok/s=86,668 | tokens=6.02B
step=183670 | loss=4.5197 | lr=3.09e-05 | wd=0.0000 | mom=0.9500 | T=1.0 k=1.0 (mu_rec=1 mu_bwd=1) | grad=3.547 | tok/s=86,530 | tokens=6.02B
step=183680 | loss=4.6110 | lr=3.09e-05 | wd=0.0000 | mom=0.9500 | T=1.0 k=1.0 (mu_rec=1 mu_bwd=1) | grad=5.719 | tok/s=86,626 | tokens=6.02B
step=183690 | loss=3.9676 | lr=3.10e-05 | wd=0.0000 | mom=0.9500 | T=1.0 k=1.0 (mu_rec=1 mu_bwd=1) | grad=2.656 | tok/s=86,658 | tokens=6.02B
step=183700 | loss=4.5145 | lr=3.10e-05 | wd=0.0000 | mom=0.9500 | T=1.0 k=1.0 (mu_rec=1 mu_bwd=1) | grad=2.859 | tok/s=86,764 | tokens=6.02B
step=183710 | loss=4.1523 | lr=3.10e-05 | wd=0.0000 | mom=0.9500 | T=1.0 k=1.0 (mu_rec=1 mu_bwd=1) | grad=3.875 | tok/s=86,767 | tokens=6.02B
step=183720 | loss=4.6366 | lr=3.11e-05 | wd=0.0000 | mom=0.9500 | T=1.0 k=1.0 (mu_rec=1 mu_bwd=1) | grad=5.594 | tok/s=86,898 | tokens=6.02B
step=183730 | loss=4.3121 | lr=3.11e-05 | wd=0.0000 | mom=0.9500 | T=1.0 k=1.0 (mu_rec=1 mu_bwd=1) | grad=3.547 | tok/s=86,906 | tokens=6.02B
step=183740 | loss=4.2107 | lr=3.12e-05 | wd=0.0000 | mom=0.9500 | T=1.0 k=1.0 (mu_rec=1 mu_bwd=1) | grad=6.125 | tok/s=87,034 | tokens=6.02B
step=183750 | loss=4.3275 | lr=3.12e-05 | wd=0.0000 | mom=0.9500 | T=1.0 k=1.0 (mu_rec=1 mu_bwd=1) | grad=4.344 | tok/s=9,004 | tokens=6.02B
step=183760 | loss=4.2752 | lr=3.12e-05 | wd=0.0000 | mom=0.9500 | T=1.0 k=1.0 (mu_rec=1 mu_bwd=1) | grad=3.906 | tok/s=88,916 | tokens=6.02B
step=183770 | loss=3.9878 | lr=3.13e-05 | wd=0.0000 | mom=0.9500 | T=1.0 k=1.0 (mu_rec=1 mu_bwd=1) | grad=5.719 | tok/s=88,712 | tokens=6.02B
step=183780 | loss=4.4169 | lr=3.13e-05 | wd=0.0000 | mom=0.9500 | T=1.0 k=1.0 (mu_rec=1 mu_bwd=1) | grad=4.406 | tok/s=88,545 | tokens=6.02B
step=183790 | loss=4.6435 | lr=3.13e-05 | wd=0.0000 | mom=0.9500 | T=1.0 k=1.0 (mu_rec=1 mu_bwd=1) | grad=3.406 | tok/s=88,386 | tokens=6.02B
step=183800 | loss=4.8073 | lr=3.14e-05 | wd=0.0000 | mom=0.9500 | T=1.0 k=1.0 (mu_rec=1 mu_bwd=1) | grad=3.375 | tok/s=88,344 | tokens=6.02B
step=183810 | loss=4.6017 | lr=3.14e-05 | wd=0.0000 | mom=0.9500 | T=1.0 k=1.0 (mu_rec=1 mu_bwd=1) | grad=6.844 | tok/s=88,228 | tokens=6.02B
step=183820 | loss=4.3818 | lr=3.15e-05 | wd=0.0000 | mom=0.9500 | T=1.0 k=1.0 (mu_rec=1 mu_bwd=1) | grad=2.812 | tok/s=88,209 | tokens=6.02B
step=183830 | loss=4.2964 | lr=3.15e-05 | wd=0.0000 | mom=0.9500 | T=1.0 k=1.0 (mu_rec=1 mu_bwd=1) | grad=5.312 | tok/s=88,099 | tokens=6.02B
step=183840 | loss=4.1438 | lr=3.15e-05 | wd=0.0000 | mom=0.9500 | T=1.0 k=1.0 (mu_rec=1 mu_bwd=1) | grad=4.781 | tok/s=88,051 | tokens=6.02B
step=183850 | loss=4.2410 | lr=3.16e-05 | wd=0.0000 | mom=0.9500 | T=1.0 k=1.0 (mu_rec=1 mu_bwd=1) | grad=3.141 | tok/s=87,982 | tokens=6.02B
step=183860 | loss=4.2468 | lr=3.16e-05 | wd=0.0000 | mom=0.9500 | T=1.0 k=1.0 (mu_rec=1 mu_bwd=1) | grad=3.047 | tok/s=87,887 | tokens=6.02B
step=183870 | loss=4.3824 | lr=3.17e-05 | wd=0.0000 | mom=0.9500 | T=1.0 k=1.0 (mu_rec=1 mu_bwd=1) | grad=2.812 | tok/s=87,805 | tokens=6.03B
step=183880 | loss=4.4132 | lr=3.17e-05 | wd=0.0000 | mom=0.9500 | T=1.0 k=1.0 (mu_rec=1 mu_bwd=1) | grad=3.844 | tok/s=87,657 | tokens=6.03B
step=183890 | loss=4.3425 | lr=3.18e-05 | wd=0.0000 | mom=0.9500 | T=1.0 k=1.0 (mu_rec=1 mu_bwd=1) | grad=3.078 | tok/s=87,718 | tokens=6.03B
step=183900 | loss=4.1721 | lr=3.18e-05 | wd=0.0000 | mom=0.9500 | T=1.0 k=1.0 (mu_rec=1 mu_bwd=1) | grad=4.938 | tok/s=87,610 | tokens=6.03B
step=183910 | loss=4.4422 | lr=3.19e-05 | wd=0.0000 | mom=0.9500 | T=1.0 k=1.0 (mu_rec=1 mu_bwd=1) | grad=3.000 | tok/s=87,533 | tokens=6.03B
step=183920 | loss=4.3255 | lr=3.19e-05 | wd=0.0000 | mom=0.9500 | T=1.0 k=1.0 (mu_rec=1 mu_bwd=1) | grad=3.609 | tok/s=87,423 | tokens=6.03B
step=183930 | loss=4.6213 | lr=3.19e-05 | wd=0.0000 | mom=0.9500 | T=1.0 k=1.0 (mu_rec=1 mu_bwd=1) | grad=7.469 | tok/s=87,510 | tokens=6.03B
step=183940 | loss=4.3306 | lr=3.20e-05 | wd=0.0000 | mom=0.9500 | T=1.0 k=1.0 (mu_rec=1 mu_bwd=1) | grad=3.219 | tok/s=87,501 | tokens=6.03B
step=183950 | loss=4.0237 | lr=3.20e-05 | wd=0.0000 | mom=0.9500 | T=1.0 k=1.0 (mu_rec=1 mu_bwd=1) | grad=3.000 | tok/s=87,371 | tokens=6.03B
step=183960 | loss=4.3984 | lr=3.21e-05 | wd=0.0000 | mom=0.9500 | T=1.0 k=1.0 (mu_rec=1 mu_bwd=1) | grad=5.125 | tok/s=87,320 | tokens=6.03B
step=183970 | loss=4.3499 | lr=3.21e-05 | wd=0.0000 | mom=0.9500 | T=1.0 k=1.0 (mu_rec=1 mu_bwd=1) | grad=2.484 | tok/s=87,260 | tokens=6.03B
step=183980 | loss=4.3468 | lr=3.22e-05 | wd=0.0000 | mom=0.9500 | T=1.0 k=1.0 (mu_rec=1 mu_bwd=1) | grad=3.281 | tok/s=87,217 | tokens=6.03B
step=183990 | loss=4.2101 | lr=3.22e-05 | wd=0.0000 | mom=0.9500 | T=1.0 k=1.0 (mu_rec=1 mu_bwd=1) | grad=3.797 | tok/s=87,236 | tokens=6.03B
step=184000 | loss=4.4639 | lr=3.23e-05 | wd=0.0000 | mom=0.9500 | T=1.0 k=1.0 (mu_rec=1 mu_bwd=1) | grad=5.219 | tok/s=87,284 | tokens=6.03B
[step 184000] Saved -> runs/pythia-5b/checkpoint_0184000
[step 184000] Pruned -> runs/pythia-5b/checkpoint_0178000
step=184010 | loss=4.3307 | lr=3.23e-05 | wd=0.0000 | mom=0.9500 | T=1.0 k=1.0 (mu_rec=1 mu_bwd=1) | grad=4.031 | tok/s=71,946 | tokens=6.03B
step=184020 | loss=4.3222 | lr=3.24e-05 | wd=0.0000 | mom=0.9500 | T=1.0 k=1.0 (mu_rec=1 mu_bwd=1) | grad=4.500 | tok/s=87,266 | tokens=6.03B
step=184030 | loss=4.2911 | lr=3.24e-05 | wd=0.0000 | mom=0.9500 | T=1.0 k=1.0 (mu_rec=1 mu_bwd=1) | grad=2.594 | tok/s=87,260 | tokens=6.03B
step=184040 | loss=4.0992 | lr=3.25e-05 | wd=0.0000 | mom=0.9500 | T=1.0 k=1.0 (mu_rec=1 mu_bwd=1) | grad=3.641 | tok/s=87,125 | tokens=6.03B
step=184050 | loss=4.3867 | lr=3.26e-05 | wd=0.0000 | mom=0.9500 | T=1.0 k=1.0 (mu_rec=1 mu_bwd=1) | grad=3.500 | tok/s=87,125 | tokens=6.03B
step=184060 | loss=4.1167 | lr=3.26e-05 | wd=0.0000 | mom=0.9500 | T=1.0 k=1.0 (mu_rec=1 mu_bwd=1) | grad=4.031 | tok/s=87,163 | tokens=6.03B
step=184070 | loss=4.1533 | lr=3.27e-05 | wd=0.0000 | mom=0.9500 | T=1.0 k=1.0 (mu_rec=1 mu_bwd=1) | grad=2.516 | tok/s=87,054 | tokens=6.03B
step=184080 | loss=4.2633 | lr=3.27e-05 | wd=0.0000 | mom=0.9500 | T=1.0 k=1.0 (mu_rec=1 mu_bwd=1) | grad=2.578 | tok/s=87,085 | tokens=6.03B
step=184090 | loss=4.1119 | lr=3.28e-05 | wd=0.0000 | mom=0.9500 | T=1.0 k=1.0 (mu_rec=1 mu_bwd=1) | grad=4.406 | tok/s=87,053 | tokens=6.03B
step=184100 | loss=4.2837 | lr=3.28e-05 | wd=0.0000 | mom=0.9500 | T=1.0 k=1.0 (mu_rec=1 mu_bwd=1) | grad=2.609 | tok/s=87,089 | tokens=6.03B
step=184110 | loss=4.2420 | lr=3.29e-05 | wd=0.0000 | mom=0.9500 | T=1.0 k=1.0 (mu_rec=1 mu_bwd=1) | grad=3.250 | tok/s=87,067 | tokens=6.03B
step=184120 | loss=4.0670 | lr=3.29e-05 | wd=0.0000 | mom=0.9500 | T=1.0 k=1.0 (mu_rec=1 mu_bwd=1) | grad=5.188 | tok/s=87,025 | tokens=6.03B
step=184130 | loss=5.0098 | lr=3.30e-05 | wd=0.0000 | mom=0.9500 | T=1.0 k=1.0 (mu_rec=1 mu_bwd=1) | grad=7.094 | tok/s=87,037 | tokens=6.03B
step=184140 | loss=5.1823 | lr=3.31e-05 | wd=0.0000 | mom=0.9500 | T=1.0 k=1.0 (mu_rec=1 mu_bwd=1) | grad=5.125 | tok/s=86,913 | tokens=6.03B
step=184150 | loss=4.1996 | lr=3.31e-05 | wd=0.0000 | mom=0.9500 | T=1.0 k=1.0 (mu_rec=1 mu_bwd=1) | grad=3.453 | tok/s=87,070 | tokens=6.03B
step=184160 | loss=4.2828 | lr=3.32e-05 | wd=0.0000 | mom=0.9500 | T=1.0 k=1.0 (mu_rec=1 mu_bwd=1) | grad=3.156 | tok/s=86,871 | tokens=6.03B
step=184170 | loss=4.5848 | lr=3.32e-05 | wd=0.0000 | mom=0.9500 | T=1.0 k=1.0 (mu_rec=1 mu_bwd=1) | grad=3.609 | tok/s=86,975 | tokens=6.03B
step=184180 | loss=4.4452 | lr=3.33e-05 | wd=0.0000 | mom=0.9500 | T=1.0 k=1.0 (mu_rec=1 mu_bwd=1) | grad=2.641 | tok/s=87,010 | tokens=6.04B
step=184190 | loss=4.4586 | lr=3.34e-05 | wd=0.0000 | mom=0.9500 | T=1.0 k=1.0 (mu_rec=1 mu_bwd=1) | grad=3.469 | tok/s=86,892 | tokens=6.04B
step=184200 | loss=4.3867 | lr=3.34e-05 | wd=0.0000 | mom=0.9500 | T=1.0 k=1.0 (mu_rec=1 mu_bwd=1) | grad=3.062 | tok/s=86,969 | tokens=6.04B
step=184210 | loss=4.2644 | lr=3.35e-05 | wd=0.0000 | mom=0.9500 | T=1.0 k=1.0 (mu_rec=1 mu_bwd=1) | grad=2.656 | tok/s=87,040 | tokens=6.04B
step=184220 | loss=4.1950 | lr=3.35e-05 | wd=0.0000 | mom=0.9500 | T=1.0 k=1.0 (mu_rec=1 mu_bwd=1) | grad=4.562 | tok/s=86,921 | tokens=6.04B
step=184230 | loss=4.1740 | lr=3.36e-05 | wd=0.0000 | mom=0.9500 | T=1.0 k=1.0 (mu_rec=1 mu_bwd=1) | grad=2.531 | tok/s=86,858 | tokens=6.04B
step=184240 | loss=4.3130 | lr=3.37e-05 | wd=0.0000 | mom=0.9500 | T=1.0 k=1.0 (mu_rec=1 mu_bwd=1) | grad=2.469 | tok/s=87,009 | tokens=6.04B
step=184250 | loss=4.5549 | lr=3.37e-05 | wd=0.0000 | mom=0.9500 | T=1.0 k=1.0 (mu_rec=1 mu_bwd=1) | grad=3.125 | tok/s=86,751 | tokens=6.04B
step=184260 | loss=4.3393 | lr=3.38e-05 | wd=0.0000 | mom=0.9500 | T=1.0 k=1.0 (mu_rec=1 mu_bwd=1) | grad=3.500 | tok/s=86,880 | tokens=6.04B
step=184270 | loss=4.2670 | lr=3.39e-05 | wd=0.0000 | mom=0.9500 | T=1.0 k=1.0 (mu_rec=1 mu_bwd=1) | grad=2.938 | tok/s=86,855 | tokens=6.04B
step=184280 | loss=4.2714 | lr=3.39e-05 | wd=0.0000 | mom=0.9500 | T=1.0 k=1.0 (mu_rec=1 mu_bwd=1) | grad=2.797 | tok/s=86,922 | tokens=6.04B
step=184290 | loss=4.0746 | lr=3.40e-05 | wd=0.0000 | mom=0.9500 | T=1.0 k=1.0 (mu_rec=1 mu_bwd=1) | grad=5.188 | tok/s=86,887 | tokens=6.04B
step=184300 | loss=4.3600 | lr=3.41e-05 | wd=0.0000 | mom=0.9500 | T=1.0 k=1.0 (mu_rec=1 mu_bwd=1) | grad=2.828 | tok/s=86,832 | tokens=6.04B
step=184310 | loss=4.2460 | lr=3.41e-05 | wd=0.0000 | mom=0.9500 | T=1.0 k=1.0 (mu_rec=1 mu_bwd=1) | grad=3.984 | tok/s=86,888 | tokens=6.04B
step=184320 | loss=4.3311 | lr=3.42e-05 | wd=0.0000 | mom=0.9500 | T=1.0 k=1.0 (mu_rec=1 mu_bwd=1) | grad=3.188 | tok/s=86,903 | tokens=6.04B
step=184330 | loss=4.2609 | lr=3.43e-05 | wd=0.0000 | mom=0.9500 | T=1.0 k=1.0 (mu_rec=1 mu_bwd=1) | grad=7.094 | tok/s=86,890 | tokens=6.04B
step=184340 | loss=4.4196 | lr=3.43e-05 | wd=0.0000 | mom=0.9500 | T=1.0 k=1.0 (mu_rec=1 mu_bwd=1) | grad=4.656 | tok/s=86,850 | tokens=6.04B
step=184350 | loss=4.1129 | lr=3.44e-05 | wd=0.0000 | mom=0.9500 | T=1.0 k=1.0 (mu_rec=1 mu_bwd=1) | grad=9.312 | tok/s=86,753 | tokens=6.04B
step=184360 | loss=4.2032 | lr=3.45e-05 | wd=0.0000 | mom=0.9500 | T=1.0 k=1.0 (mu_rec=1 mu_bwd=1) | grad=2.953 | tok/s=8,600 | tokens=6.04B
step=184370 | loss=4.2623 | lr=3.46e-05 | wd=0.0000 | mom=0.9500 | T=1.0 k=1.0 (mu_rec=1 mu_bwd=1) | grad=2.812 | tok/s=88,677 | tokens=6.04B
step=184380 | loss=4.2707 | lr=3.46e-05 | wd=0.0000 | mom=0.9500 | T=1.0 k=1.0 (mu_rec=1 mu_bwd=1) | grad=3.594 | tok/s=88,401 | tokens=6.04B
step=184390 | loss=4.4559 | lr=3.47e-05 | wd=0.0000 | mom=0.9500 | T=1.0 k=1.0 (mu_rec=1 mu_bwd=1) | grad=3.344 | tok/s=88,327 | tokens=6.04B
step=184400 | loss=4.3442 | lr=3.48e-05 | wd=0.0000 | mom=0.9500 | T=1.0 k=1.0 (mu_rec=1 mu_bwd=1) | grad=2.906 | tok/s=88,208 | tokens=6.04B
step=184410 | loss=3.9415 | lr=3.49e-05 | wd=0.0000 | mom=0.9500 | T=1.0 k=1.0 (mu_rec=1 mu_bwd=1) | grad=4.188 | tok/s=88,062 | tokens=6.04B
step=184420 | loss=4.2380 | lr=3.49e-05 | wd=0.0000 | mom=0.9500 | T=1.0 k=1.0 (mu_rec=1 mu_bwd=1) | grad=3.500 | tok/s=87,783 | tokens=6.04B
step=184430 | loss=4.1165 | lr=3.50e-05 | wd=0.0000 | mom=0.9500 | T=1.0 k=1.0 (mu_rec=1 mu_bwd=1) | grad=3.312 | tok/s=87,755 | tokens=6.04B
step=184440 | loss=4.1979 | lr=3.51e-05 | wd=0.0000 | mom=0.9500 | T=1.0 k=1.0 (mu_rec=1 mu_bwd=1) | grad=3.016 | tok/s=87,719 | tokens=6.04B
step=184450 | loss=4.3458 | lr=3.52e-05 | wd=0.0000 | mom=0.9500 | T=1.0 k=1.0 (mu_rec=1 mu_bwd=1) | grad=2.812 | tok/s=87,442 | tokens=6.04B
step=184460 | loss=4.2591 | lr=3.52e-05 | wd=0.0000 | mom=0.9500 | T=1.0 k=1.0 (mu_rec=1 mu_bwd=1) | grad=2.672 | tok/s=87,550 | tokens=6.04B
step=184470 | loss=4.6047 | lr=3.53e-05 | wd=0.0000 | mom=0.9500 | T=1.0 k=1.0 (mu_rec=1 mu_bwd=1) | grad=4.281 | tok/s=87,496 | tokens=6.04B
step=184480 | loss=4.6062 | lr=3.54e-05 | wd=0.0000 | mom=0.9500 | T=1.0 k=1.0 (mu_rec=1 mu_bwd=1) | grad=3.438 | tok/s=87,327 | tokens=6.05B
step=184490 | loss=4.2361 | lr=3.55e-05 | wd=0.0000 | mom=0.9500 | T=1.0 k=1.0 (mu_rec=1 mu_bwd=1) | grad=3.234 | tok/s=87,220 | tokens=6.05B
step=184500 | loss=4.2335 | lr=3.55e-05 | wd=0.0000 | mom=0.9500 | T=1.0 k=1.0 (mu_rec=1 mu_bwd=1) | grad=2.734 | tok/s=87,015 | tokens=6.05B
step=184510 | loss=4.5841 | lr=3.56e-05 | wd=0.0000 | mom=0.9500 | T=1.0 k=1.0 (mu_rec=1 mu_bwd=1) | grad=3.234 | tok/s=87,030 | tokens=6.05B
step=184520 | loss=4.5801 | lr=3.57e-05 | wd=0.0000 | mom=0.9500 | T=1.0 k=1.0 (mu_rec=1 mu_bwd=1) | grad=3.031 | tok/s=86,895 | tokens=6.05B
step=184530 | loss=4.2537 | lr=3.58e-05 | wd=0.0000 | mom=0.9500 | T=1.0 k=1.0 (mu_rec=1 mu_bwd=1) | grad=4.062 | tok/s=86,906 | tokens=6.05B
step=184540 | loss=4.4066 | lr=3.59e-05 | wd=0.0000 | mom=0.9500 | T=1.0 k=1.0 (mu_rec=1 mu_bwd=1) | grad=2.875 | tok/s=8,378 | tokens=6.05B
step=184550 | loss=4.4625 | lr=3.59e-05 | wd=0.0000 | mom=0.9500 | T=1.0 k=1.0 (mu_rec=1 mu_bwd=1) | grad=3.250 | tok/s=88,297 | tokens=6.05B
step=184560 | loss=4.5331 | lr=3.60e-05 | wd=0.0000 | mom=0.9500 | T=1.0 k=1.0 (mu_rec=1 mu_bwd=1) | grad=4.125 | tok/s=88,145 | tokens=6.05B
step=184570 | loss=4.3105 | lr=3.61e-05 | wd=0.0000 | mom=0.9500 | T=1.0 k=1.0 (mu_rec=1 mu_bwd=1) | grad=7.125 | tok/s=87,945 | tokens=6.05B
step=184580 | loss=4.3232 | lr=3.62e-05 | wd=0.0000 | mom=0.9500 | T=1.0 k=1.0 (mu_rec=1 mu_bwd=1) | grad=3.625 | tok/s=87,685 | tokens=6.05B
step=184590 | loss=4.3562 | lr=3.63e-05 | wd=0.0000 | mom=0.9500 | T=1.0 k=1.0 (mu_rec=1 mu_bwd=1) | grad=4.469 | tok/s=87,536 | tokens=6.05B
step=184600 | loss=4.1897 | lr=3.64e-05 | wd=0.0000 | mom=0.9500 | T=1.0 k=1.0 (mu_rec=1 mu_bwd=1) | grad=2.984 | tok/s=87,495 | tokens=6.05B
step=184610 | loss=4.2754 | lr=3.64e-05 | wd=0.0000 | mom=0.9500 | T=1.0 k=1.0 (mu_rec=1 mu_bwd=1) | grad=2.781 | tok/s=87,296 | tokens=6.05B
step=184620 | loss=4.5007 | lr=3.65e-05 | wd=0.0000 | mom=0.9500 | T=1.0 k=1.0 (mu_rec=1 mu_bwd=1) | grad=3.828 | tok/s=87,182 | tokens=6.05B
step=184630 | loss=4.5735 | lr=3.66e-05 | wd=0.0000 | mom=0.9500 | T=1.0 k=1.0 (mu_rec=1 mu_bwd=1) | grad=4.656 | tok/s=87,068 | tokens=6.05B
step=184640 | loss=4.1904 | lr=3.67e-05 | wd=0.0000 | mom=0.9500 | T=1.0 k=1.0 (mu_rec=1 mu_bwd=1) | grad=3.281 | tok/s=87,094 | tokens=6.05B
step=184650 | loss=4.1220 | lr=3.68e-05 | wd=0.0000 | mom=0.9500 | T=1.0 k=1.0 (mu_rec=1 mu_bwd=1) | grad=2.672 | tok/s=87,208 | tokens=6.05B
step=184660 | loss=4.3567 | lr=3.69e-05 | wd=0.0000 | mom=0.9500 | T=1.0 k=1.0 (mu_rec=1 mu_bwd=1) | grad=3.531 | tok/s=87,100 | tokens=6.05B
step=184670 | loss=4.3529 | lr=3.70e-05 | wd=0.0000 | mom=0.9500 | T=1.0 k=1.0 (mu_rec=1 mu_bwd=1) | grad=6.500 | tok/s=86,805 | tokens=6.05B
step=184680 | loss=4.1363 | lr=3.70e-05 | wd=0.0000 | mom=0.9500 | T=1.0 k=1.0 (mu_rec=1 mu_bwd=1) | grad=3.047 | tok/s=86,802 | tokens=6.05B
step=184690 | loss=4.2958 | lr=3.71e-05 | wd=0.0000 | mom=0.9500 | T=1.0 k=1.0 (mu_rec=1 mu_bwd=1) | grad=2.922 | tok/s=86,768 | tokens=6.05B
step=184700 | loss=4.2203 | lr=3.72e-05 | wd=0.0000 | mom=0.9500 | T=1.0 k=1.0 (mu_rec=1 mu_bwd=1) | grad=4.031 | tok/s=86,755 | tokens=6.05B
step=184710 | loss=4.3372 | lr=3.73e-05 | wd=0.0000 | mom=0.9500 | T=1.0 k=1.0 (mu_rec=1 mu_bwd=1) | grad=2.703 | tok/s=86,704 | tokens=6.05B
step=184720 | loss=4.2490 | lr=3.74e-05 | wd=0.0000 | mom=0.9500 | T=1.0 k=1.0 (mu_rec=1 mu_bwd=1) | grad=2.922 | tok/s=86,707 | tokens=6.05B
step=184730 | loss=4.5240 | lr=3.75e-05 | wd=0.0000 | mom=0.9500 | T=1.0 k=1.0 (mu_rec=1 mu_bwd=1) | grad=3.312 | tok/s=86,785 | tokens=6.05B
step=184740 | loss=4.4520 | lr=3.76e-05 | wd=0.0000 | mom=0.9500 | T=1.0 k=1.0 (mu_rec=1 mu_bwd=1) | grad=3.500 | tok/s=86,760 | tokens=6.05B
step=184750 | loss=4.2444 | lr=3.77e-05 | wd=0.0000 | mom=0.9500 | T=1.0 k=1.0 (mu_rec=1 mu_bwd=1) | grad=2.797 | tok/s=86,814 | tokens=6.05B
step=184760 | loss=4.1369 | lr=3.78e-05 | wd=0.0000 | mom=0.9500 | T=1.0 k=1.0 (mu_rec=1 mu_bwd=1) | grad=3.219 | tok/s=87,072 | tokens=6.05B
step=184770 | loss=4.3770 | lr=3.79e-05 | wd=0.0000 | mom=0.9500 | T=1.0 k=1.0 (mu_rec=1 mu_bwd=1) | grad=3.375 | tok/s=87,158 | tokens=6.05B
step=184780 | loss=4.4164 | lr=3.80e-05 | wd=0.0000 | mom=0.9500 | T=1.0 k=1.0 (mu_rec=1 mu_bwd=1) | grad=4.531 | tok/s=87,101 | tokens=6.05B
step=184790 | loss=4.0969 | lr=3.81e-05 | wd=0.0000 | mom=0.9500 | T=1.0 k=1.0 (mu_rec=1 mu_bwd=1) | grad=3.844 | tok/s=87,230 | tokens=6.06B
step=184800 | loss=4.3789 | lr=3.81e-05 | wd=0.0000 | mom=0.9500 | T=1.0 k=1.0 (mu_rec=1 mu_bwd=1) | grad=4.906 | tok/s=87,330 | tokens=6.06B
step=184810 | loss=4.3143 | lr=3.82e-05 | wd=0.0000 | mom=0.9500 | T=1.0 k=1.0 (mu_rec=1 mu_bwd=1) | grad=3.953 | tok/s=87,373 | tokens=6.06B
step=184820 | loss=4.3771 | lr=3.83e-05 | wd=0.0000 | mom=0.9500 | T=1.0 k=1.0 (mu_rec=1 mu_bwd=1) | grad=7.125 | tok/s=87,421 | tokens=6.06B
step=184830 | loss=4.2943 | lr=3.84e-05 | wd=0.0000 | mom=0.9500 | T=1.0 k=1.0 (mu_rec=1 mu_bwd=1) | grad=3.422 | tok/s=87,544 | tokens=6.06B
step=184840 | loss=4.1854 | lr=3.85e-05 | wd=0.0000 | mom=0.9500 | T=1.0 k=1.0 (mu_rec=1 mu_bwd=1) | grad=9.500 | tok/s=87,436 | tokens=6.06B
step=184850 | loss=4.3662 | lr=3.86e-05 | wd=0.0000 | mom=0.9500 | T=1.0 k=1.0 (mu_rec=1 mu_bwd=1) | grad=3.062 | tok/s=87,602 | tokens=6.06B
step=184860 | loss=4.3183 | lr=3.87e-05 | wd=0.0000 | mom=0.9500 | T=1.0 k=1.0 (mu_rec=1 mu_bwd=1) | grad=2.781 | tok/s=87,586 | tokens=6.06B
step=184870 | loss=4.1738 | lr=3.88e-05 | wd=0.0000 | mom=0.9500 | T=1.0 k=1.0 (mu_rec=1 mu_bwd=1) | grad=3.188 | tok/s=87,623 | tokens=6.06B
step=184880 | loss=4.1467 | lr=3.89e-05 | wd=0.0000 | mom=0.9500 | T=1.0 k=1.0 (mu_rec=1 mu_bwd=1) | grad=3.781 | tok/s=87,558 | tokens=6.06B
step=184890 | loss=4.3093 | lr=3.90e-05 | wd=0.0000 | mom=0.9500 | T=1.0 k=1.0 (mu_rec=1 mu_bwd=1) | grad=2.781 | tok/s=87,680 | tokens=6.06B
step=184900 | loss=4.3205 | lr=3.91e-05 | wd=0.0000 | mom=0.9500 | T=1.0 k=1.0 (mu_rec=1 mu_bwd=1) | grad=4.562 | tok/s=87,714 | tokens=6.06B
step=184910 | loss=4.1115 | lr=3.92e-05 | wd=0.0000 | mom=0.9500 | T=1.0 k=1.0 (mu_rec=1 mu_bwd=1) | grad=2.688 | tok/s=87,698 | tokens=6.06B
step=184920 | loss=4.0777 | lr=3.93e-05 | wd=0.0000 | mom=0.9500 | T=1.0 k=1.0 (mu_rec=1 mu_bwd=1) | grad=4.156 | tok/s=87,671 | tokens=6.06B
step=184930 | loss=4.2407 | lr=3.94e-05 | wd=0.0000 | mom=0.9500 | T=1.0 k=1.0 (mu_rec=1 mu_bwd=1) | grad=5.906 | tok/s=87,828 | tokens=6.06B
step=184940 | loss=4.1960 | lr=3.95e-05 | wd=0.0000 | mom=0.9500 | T=1.0 k=1.0 (mu_rec=1 mu_bwd=1) | grad=2.922 | tok/s=87,738 | tokens=6.06B
step=184950 | loss=4.1894 | lr=3.96e-05 | wd=0.0000 | mom=0.9500 | T=1.0 k=1.0 (mu_rec=1 mu_bwd=1) | grad=2.984 | tok/s=87,679 | tokens=6.06B
step=184960 | loss=4.3040 | lr=3.97e-05 | wd=0.0000 | mom=0.9500 | T=1.0 k=1.0 (mu_rec=1 mu_bwd=1) | grad=3.656 | tok/s=87,830 | tokens=6.06B
step=184970 | loss=4.3466 | lr=3.98e-05 | wd=0.0000 | mom=0.9500 | T=1.0 k=1.0 (mu_rec=1 mu_bwd=1) | grad=4.156 | tok/s=87,695 | tokens=6.06B
step=184980 | loss=4.5811 | lr=3.99e-05 | wd=0.0000 | mom=0.9500 | T=1.0 k=1.0 (mu_rec=1 mu_bwd=1) | grad=4.312 | tok/s=87,686 | tokens=6.06B
step=184990 | loss=4.6313 | lr=4.01e-05 | wd=0.0000 | mom=0.9500 | T=1.0 k=1.0 (mu_rec=1 mu_bwd=1) | grad=2.938 | tok/s=87,648 | tokens=6.06B
step=185000 | loss=4.5621 | lr=4.02e-05 | wd=0.0000 | mom=0.9500 | T=1.0 k=1.0 (mu_rec=1 mu_bwd=1) | grad=3.641 | tok/s=87,652 | tokens=6.06B
step=185010 | loss=4.3372 | lr=4.03e-05 | wd=0.0000 | mom=0.9500 | T=1.0 k=1.0 (mu_rec=1 mu_bwd=1) | grad=3.906 | tok/s=87,866 | tokens=6.06B
step=185020 | loss=4.6697 | lr=4.04e-05 | wd=0.0000 | mom=0.9500 | T=1.0 k=1.0 (mu_rec=1 mu_bwd=1) | grad=4.062 | tok/s=87,910 | tokens=6.06B
step=185030 | loss=4.3705 | lr=4.05e-05 | wd=0.0000 | mom=0.9500 | T=1.0 k=1.0 (mu_rec=1 mu_bwd=1) | grad=3.766 | tok/s=87,858 | tokens=6.06B
step=185040 | loss=4.2854 | lr=4.06e-05 | wd=0.0000 | mom=0.9500 | T=1.0 k=1.0 (mu_rec=1 mu_bwd=1) | grad=3.766 | tok/s=87,952 | tokens=6.06B
step=185050 | loss=4.2095 | lr=4.07e-05 | wd=0.0000 | mom=0.9500 | T=1.0 k=1.0 (mu_rec=1 mu_bwd=1) | grad=3.500 | tok/s=87,834 | tokens=6.06B
step=185060 | loss=4.1637 | lr=4.08e-05 | wd=0.0000 | mom=0.9500 | T=1.0 k=1.0 (mu_rec=1 mu_bwd=1) | grad=3.328 | tok/s=87,928 | tokens=6.06B
step=185070 | loss=4.0624 | lr=4.09e-05 | wd=0.0000 | mom=0.9500 | T=1.0 k=1.0 (mu_rec=1 mu_bwd=1) | grad=3.328 | tok/s=87,881 | tokens=6.06B
step=185080 | loss=4.3238 | lr=4.10e-05 | wd=0.0000 | mom=0.9500 | T=1.0 k=1.0 (mu_rec=1 mu_bwd=1) | grad=3.688 | tok/s=87,800 | tokens=6.06B
step=185090 | loss=4.0142 | lr=4.11e-05 | wd=0.0000 | mom=0.9500 | T=1.0 k=1.0 (mu_rec=1 mu_bwd=1) | grad=3.812 | tok/s=87,929 | tokens=6.07B
step=185100 | loss=4.2052 | lr=4.12e-05 | wd=0.0000 | mom=0.9500 | T=1.0 k=1.0 (mu_rec=1 mu_bwd=1) | grad=3.297 | tok/s=87,625 | tokens=6.07B
step=185110 | loss=4.2692 | lr=4.14e-05 | wd=0.0000 | mom=0.9500 | T=1.0 k=1.0 (mu_rec=1 mu_bwd=1) | grad=4.250 | tok/s=87,646 | tokens=6.07B
step=185120 | loss=4.0763 | lr=4.15e-05 | wd=0.0000 | mom=0.9500 | T=1.0 k=1.0 (mu_rec=1 mu_bwd=1) | grad=3.531 | tok/s=87,552 | tokens=6.07B
step=185130 | loss=4.1588 | lr=4.16e-05 | wd=0.0000 | mom=0.9500 | T=1.0 k=1.0 (mu_rec=1 mu_bwd=1) | grad=10.188 | tok/s=87,463 | tokens=6.07B
step=185140 | loss=4.3433 | lr=4.17e-05 | wd=0.0000 | mom=0.9500 | T=1.0 k=1.0 (mu_rec=1 mu_bwd=1) | grad=2.531 | tok/s=87,715 | tokens=6.07B
step=185150 | loss=4.0604 | lr=4.18e-05 | wd=0.0000 | mom=0.9500 | T=1.0 k=1.0 (mu_rec=1 mu_bwd=1) | grad=3.203 | tok/s=87,638 | tokens=6.07B
step=185160 | loss=4.4060 | lr=4.19e-05 | wd=0.0000 | mom=0.9500 | T=1.0 k=1.0 (mu_rec=1 mu_bwd=1) | grad=2.781 | tok/s=87,624 | tokens=6.07B
step=185170 | loss=4.3338 | lr=4.20e-05 | wd=0.0000 | mom=0.9500 | T=1.0 k=1.0 (mu_rec=1 mu_bwd=1) | grad=3.188 | tok/s=8,776 | tokens=6.07B
step=185180 | loss=4.2955 | lr=4.21e-05 | wd=0.0000 | mom=0.9500 | T=1.0 k=1.0 (mu_rec=1 mu_bwd=1) | grad=4.000 | tok/s=89,045 | tokens=6.07B
step=185190 | loss=4.2507 | lr=4.23e-05 | wd=0.0000 | mom=0.9500 | T=1.0 k=1.0 (mu_rec=1 mu_bwd=1) | grad=3.078 | tok/s=89,007 | tokens=6.07B
step=185200 | loss=4.4263 | lr=4.24e-05 | wd=0.0000 | mom=0.9500 | T=1.0 k=1.0 (mu_rec=1 mu_bwd=1) | grad=2.484 | tok/s=88,839 | tokens=6.07B
step=185210 | loss=4.3611 | lr=4.25e-05 | wd=0.0000 | mom=0.9500 | T=1.0 k=1.0 (mu_rec=1 mu_bwd=1) | grad=2.562 | tok/s=88,620 | tokens=6.07B
step=185220 | loss=4.4216 | lr=4.26e-05 | wd=0.0000 | mom=0.9500 | T=1.0 k=1.0 (mu_rec=1 mu_bwd=1) | grad=2.828 | tok/s=88,527 | tokens=6.07B
step=185230 | loss=4.3557 | lr=4.27e-05 | wd=0.0000 | mom=0.9500 | T=1.0 k=1.0 (mu_rec=1 mu_bwd=1) | grad=2.688 | tok/s=88,381 | tokens=6.07B
step=185240 | loss=4.3257 | lr=4.28e-05 | wd=0.0000 | mom=0.9500 | T=1.0 k=1.0 (mu_rec=1 mu_bwd=1) | grad=3.906 | tok/s=88,333 | tokens=6.07B
step=185250 | loss=4.0917 | lr=4.30e-05 | wd=0.0000 | mom=0.9500 | T=1.0 k=1.0 (mu_rec=1 mu_bwd=1) | grad=4.312 | tok/s=88,278 | tokens=6.07B
step=185260 | loss=4.5470 | lr=4.31e-05 | wd=0.0000 | mom=0.9500 | T=1.0 k=1.0 (mu_rec=1 mu_bwd=1) | grad=3.125 | tok/s=88,213 | tokens=6.07B
step=185270 | loss=4.3342 | lr=4.32e-05 | wd=0.0000 | mom=0.9500 | T=1.0 k=1.0 (mu_rec=1 mu_bwd=1) | grad=4.156 | tok/s=88,080 | tokens=6.07B
step=185280 | loss=4.2674 | lr=4.33e-05 | wd=0.0000 | mom=0.9500 | T=1.0 k=1.0 (mu_rec=1 mu_bwd=1) | grad=3.375 | tok/s=87,974 | tokens=6.07B
step=185290 | loss=4.3435 | lr=4.34e-05 | wd=0.0000 | mom=0.9500 | T=1.0 k=1.0 (mu_rec=1 mu_bwd=1) | grad=4.719 | tok/s=87,795 | tokens=6.07B
step=185300 | loss=4.5068 | lr=4.36e-05 | wd=0.0000 | mom=0.9500 | T=1.0 k=1.0 (mu_rec=1 mu_bwd=1) | grad=2.969 | tok/s=87,884 | tokens=6.07B
step=185310 | loss=4.2409 | lr=4.37e-05 | wd=0.0000 | mom=0.9500 | T=1.0 k=1.0 (mu_rec=1 mu_bwd=1) | grad=5.188 | tok/s=87,716 | tokens=6.07B
step=185320 | loss=4.3951 | lr=4.38e-05 | wd=0.0000 | mom=0.9500 | T=1.0 k=1.0 (mu_rec=1 mu_bwd=1) | grad=3.203 | tok/s=87,565 | tokens=6.07B
step=185330 | loss=4.4707 | lr=4.39e-05 | wd=0.0000 | mom=0.9500 | T=1.0 k=1.0 (mu_rec=1 mu_bwd=1) | grad=3.141 | tok/s=87,592 | tokens=6.07B
step=185340 | loss=4.4476 | lr=4.41e-05 | wd=0.0000 | mom=0.9500 | T=1.0 k=1.0 (mu_rec=1 mu_bwd=1) | grad=4.062 | tok/s=87,583 | tokens=6.07B
step=185350 | loss=4.3028 | lr=4.42e-05 | wd=0.0000 | mom=0.9500 | T=1.0 k=1.0 (mu_rec=1 mu_bwd=1) | grad=4.219 | tok/s=87,551 | tokens=6.07B
step=185360 | loss=4.4985 | lr=4.43e-05 | wd=0.0000 | mom=0.9500 | T=1.0 k=1.0 (mu_rec=1 mu_bwd=1) | grad=3.344 | tok/s=87,537 | tokens=6.07B
step=185370 | loss=4.5716 | lr=4.44e-05 | wd=0.0000 | mom=0.9500 | T=1.0 k=1.0 (mu_rec=1 mu_bwd=1) | grad=5.500 | tok/s=87,306 | tokens=6.07B
step=185380 | loss=4.2927 | lr=4.46e-05 | wd=0.0000 | mom=0.9500 | T=1.0 k=1.0 (mu_rec=1 mu_bwd=1) | grad=4.906 | tok/s=87,340 | tokens=6.07B
step=185390 | loss=4.2640 | lr=4.47e-05 | wd=0.0000 | mom=0.9500 | T=1.0 k=1.0 (mu_rec=1 mu_bwd=1) | grad=2.594 | tok/s=87,308 | tokens=6.07B
step=185400 | loss=4.1771 | lr=4.48e-05 | wd=0.0000 | mom=0.9500 | T=1.0 k=1.0 (mu_rec=1 mu_bwd=1) | grad=3.000 | tok/s=87,364 | tokens=6.08B
step=185410 | loss=3.9244 | lr=4.49e-05 | wd=0.0000 | mom=0.9500 | T=1.0 k=1.0 (mu_rec=1 mu_bwd=1) | grad=3.000 | tok/s=87,158 | tokens=6.08B
step=185420 | loss=4.3280 | lr=4.51e-05 | wd=0.0000 | mom=0.9500 | T=1.0 k=1.0 (mu_rec=1 mu_bwd=1) | grad=3.016 | tok/s=87,159 | tokens=6.08B
step=185430 | loss=4.5094 | lr=4.52e-05 | wd=0.0000 | mom=0.9500 | T=1.0 k=1.0 (mu_rec=1 mu_bwd=1) | grad=4.062 | tok/s=87,132 | tokens=6.08B
step=185440 | loss=4.4135 | lr=4.53e-05 | wd=0.0000 | mom=0.9500 | T=1.0 k=1.0 (mu_rec=1 mu_bwd=1) | grad=4.750 | tok/s=87,070 | tokens=6.08B
step=185450 | loss=4.1025 | lr=4.54e-05 | wd=0.0000 | mom=0.9500 | T=1.0 k=1.0 (mu_rec=1 mu_bwd=1) | grad=2.859 | tok/s=87,108 | tokens=6.08B
step=185460 | loss=4.2934 | lr=4.56e-05 | wd=0.0000 | mom=0.9500 | T=1.0 k=1.0 (mu_rec=1 mu_bwd=1) | grad=3.281 | tok/s=87,030 | tokens=6.08B
step=185470 | loss=4.3081 | lr=4.57e-05 | wd=0.0000 | mom=0.9500 | T=1.0 k=1.0 (mu_rec=1 mu_bwd=1) | grad=2.750 | tok/s=86,998 | tokens=6.08B
step=185480 | loss=4.0030 | lr=4.58e-05 | wd=0.0000 | mom=0.9500 | T=1.0 k=1.0 (mu_rec=1 mu_bwd=1) | grad=3.484 | tok/s=87,028 | tokens=6.08B
step=185490 | loss=4.2101 | lr=4.60e-05 | wd=0.0000 | mom=0.9500 | T=1.0 k=1.0 (mu_rec=1 mu_bwd=1) | grad=3.047 | tok/s=86,935 | tokens=6.08B
step=185500 | loss=4.4220 | lr=4.61e-05 | wd=0.0000 | mom=0.9500 | T=1.0 k=1.0 (mu_rec=1 mu_bwd=1) | grad=3.469 | tok/s=9,004 | tokens=6.08B
step=185510 | loss=4.1660 | lr=4.62e-05 | wd=0.0000 | mom=0.9500 | T=1.0 k=1.0 (mu_rec=1 mu_bwd=1) | grad=4.531 | tok/s=88,584 | tokens=6.08B
step=185520 | loss=4.6535 | lr=4.64e-05 | wd=0.0000 | mom=0.9500 | T=1.0 k=1.0 (mu_rec=1 mu_bwd=1) | grad=6.281 | tok/s=88,345 | tokens=6.08B
step=185530 | loss=4.6297 | lr=4.65e-05 | wd=0.0000 | mom=0.9500 | T=1.0 k=1.0 (mu_rec=1 mu_bwd=1) | grad=2.891 | tok/s=88,340 | tokens=6.08B
step=185540 | loss=4.0811 | lr=4.66e-05 | wd=0.0000 | mom=0.9500 | T=1.0 k=1.0 (mu_rec=1 mu_bwd=1) | grad=8.375 | tok/s=88,176 | tokens=6.08B
step=185550 | loss=4.2555 | lr=4.68e-05 | wd=0.0000 | mom=0.9500 | T=1.0 k=1.0 (mu_rec=1 mu_bwd=1) | grad=2.656 | tok/s=87,972 | tokens=6.08B
step=185560 | loss=4.3484 | lr=4.69e-05 | wd=0.0000 | mom=0.9500 | T=1.0 k=1.0 (mu_rec=1 mu_bwd=1) | grad=3.828 | tok/s=87,918 | tokens=6.08B
step=185570 | loss=4.3355 | lr=4.70e-05 | wd=0.0000 | mom=0.9500 | T=1.0 k=1.0 (mu_rec=1 mu_bwd=1) | grad=2.828 | tok/s=87,865 | tokens=6.08B
step=185580 | loss=4.2662 | lr=4.72e-05 | wd=0.0000 | mom=0.9500 | T=1.0 k=1.0 (mu_rec=1 mu_bwd=1) | grad=3.547 | tok/s=87,624 | tokens=6.08B
step=185590 | loss=4.2320 | lr=4.73e-05 | wd=0.0000 | mom=0.9500 | T=1.0 k=1.0 (mu_rec=1 mu_bwd=1) | grad=2.938 | tok/s=87,577 | tokens=6.08B
step=185600 | loss=4.3554 | lr=4.74e-05 | wd=0.0000 | mom=0.9500 | T=1.0 k=1.0 (mu_rec=1 mu_bwd=1) | grad=3.297 | tok/s=87,470 | tokens=6.08B
step=185610 | loss=4.3668 | lr=4.76e-05 | wd=0.0000 | mom=0.9500 | T=1.0 k=1.0 (mu_rec=1 mu_bwd=1) | grad=3.375 | tok/s=87,240 | tokens=6.08B
step=185620 | loss=4.3678 | lr=4.77e-05 | wd=0.0000 | mom=0.9500 | T=1.0 k=1.0 (mu_rec=1 mu_bwd=1) | grad=3.156 | tok/s=87,359 | tokens=6.08B
step=185630 | loss=4.2810 | lr=4.79e-05 | wd=0.0000 | mom=0.9500 | T=1.0 k=1.0 (mu_rec=1 mu_bwd=1) | grad=3.906 | tok/s=87,157 | tokens=6.08B
step=185640 | loss=4.6281 | lr=4.80e-05 | wd=0.0000 | mom=0.9500 | T=1.0 k=1.0 (mu_rec=1 mu_bwd=1) | grad=3.391 | tok/s=87,063 | tokens=6.08B
step=185650 | loss=4.2437 | lr=4.81e-05 | wd=0.0000 | mom=0.9500 | T=1.0 k=1.0 (mu_rec=1 mu_bwd=1) | grad=4.344 | tok/s=87,098 | tokens=6.08B
step=185660 | loss=4.2644 | lr=4.83e-05 | wd=0.0000 | mom=0.9500 | T=1.0 k=1.0 (mu_rec=1 mu_bwd=1) | grad=2.906 | tok/s=87,054 | tokens=6.08B
step=185670 | loss=3.9763 | lr=4.84e-05 | wd=0.0000 | mom=0.9500 | T=1.0 k=1.0 (mu_rec=1 mu_bwd=1) | grad=4.594 | tok/s=86,882 | tokens=6.08B
step=185680 | loss=4.3121 | lr=4.85e-05 | wd=0.0000 | mom=0.9500 | T=1.0 k=1.0 (mu_rec=1 mu_bwd=1) | grad=3.406 | tok/s=86,913 | tokens=6.08B
step=185690 | loss=3.9923 | lr=4.87e-05 | wd=0.0000 | mom=0.9500 | T=1.0 k=1.0 (mu_rec=1 mu_bwd=1) | grad=3.016 | tok/s=86,794 | tokens=6.08B
step=185700 | loss=3.8403 | lr=4.88e-05 | wd=0.0000 | mom=0.9500 | T=1.0 k=1.0 (mu_rec=1 mu_bwd=1) | grad=6.250 | tok/s=86,841 | tokens=6.09B
step=185710 | loss=4.3218 | lr=4.90e-05 | wd=0.0000 | mom=0.9500 | T=1.0 k=1.0 (mu_rec=1 mu_bwd=1) | grad=2.859 | tok/s=86,748 | tokens=6.09B
step=185720 | loss=4.2475 | lr=4.91e-05 | wd=0.0000 | mom=0.9500 | T=1.0 k=1.0 (mu_rec=1 mu_bwd=1) | grad=2.844 | tok/s=86,691 | tokens=6.09B
step=185730 | loss=4.1929 | lr=4.93e-05 | wd=0.0000 | mom=0.9500 | T=1.0 k=1.0 (mu_rec=1 mu_bwd=1) | grad=2.672 | tok/s=86,681 | tokens=6.09B
step=185740 | loss=4.2763 | lr=4.94e-05 | wd=0.0000 | mom=0.9500 | T=1.0 k=1.0 (mu_rec=1 mu_bwd=1) | grad=3.641 | tok/s=86,572 | tokens=6.09B
step=185750 | loss=4.3552 | lr=4.95e-05 | wd=0.0000 | mom=0.9500 | T=1.0 k=1.0 (mu_rec=1 mu_bwd=1) | grad=2.656 | tok/s=86,615 | tokens=6.09B
step=185760 | loss=4.2478 | lr=4.97e-05 | wd=0.0000 | mom=0.9500 | T=1.0 k=1.0 (mu_rec=1 mu_bwd=1) | grad=3.250 | tok/s=86,553 | tokens=6.09B
step=185770 | loss=4.1518 | lr=4.98e-05 | wd=0.0000 | mom=0.9500 | T=1.0 k=1.0 (mu_rec=1 mu_bwd=1) | grad=4.781 | tok/s=86,636 | tokens=6.09B
step=185780 | loss=4.3190 | lr=5.00e-05 | wd=0.0000 | mom=0.9500 | T=1.0 k=1.0 (mu_rec=1 mu_bwd=1) | grad=3.734 | tok/s=86,557 | tokens=6.09B
step=185790 | loss=4.0756 | lr=5.01e-05 | wd=0.0000 | mom=0.9500 | T=1.0 k=1.0 (mu_rec=1 mu_bwd=1) | grad=2.984 | tok/s=86,718 | tokens=6.09B
step=185800 | loss=4.3204 | lr=5.03e-05 | wd=0.0000 | mom=0.9500 | T=1.0 k=1.0 (mu_rec=1 mu_bwd=1) | grad=3.094 | tok/s=86,851 | tokens=6.09B
step=185810 | loss=4.3519 | lr=5.04e-05 | wd=0.0000 | mom=0.9500 | T=1.0 k=1.0 (mu_rec=1 mu_bwd=1) | grad=2.656 | tok/s=86,840 | tokens=6.09B
step=185820 | loss=4.4891 | lr=5.06e-05 | wd=0.0000 | mom=0.9500 | T=1.0 k=1.0 (mu_rec=1 mu_bwd=1) | grad=2.781 | tok/s=86,857 | tokens=6.09B
step=185830 | loss=4.0935 | lr=5.07e-05 | wd=0.0000 | mom=0.9500 | T=1.0 k=1.0 (mu_rec=1 mu_bwd=1) | grad=5.750 | tok/s=86,851 | tokens=6.09B
step=185840 | loss=4.3960 | lr=5.09e-05 | wd=0.0000 | mom=0.9500 | T=1.0 k=1.0 (mu_rec=1 mu_bwd=1) | grad=3.484 | tok/s=86,943 | tokens=6.09B
step=185850 | loss=4.1734 | lr=5.10e-05 | wd=0.0000 | mom=0.9500 | T=1.0 k=1.0 (mu_rec=1 mu_bwd=1) | grad=8.375 | tok/s=86,953 | tokens=6.09B
step=185860 | loss=4.1421 | lr=5.12e-05 | wd=0.0000 | mom=0.9500 | T=1.0 k=1.0 (mu_rec=1 mu_bwd=1) | grad=4.406 | tok/s=86,828 | tokens=6.09B
step=185870 | loss=3.7376 | lr=5.13e-05 | wd=0.0000 | mom=0.9500 | T=1.0 k=1.0 (mu_rec=1 mu_bwd=1) | grad=3.375 | tok/s=87,027 | tokens=6.09B
step=185880 | loss=4.1997 | lr=5.15e-05 | wd=0.0000 | mom=0.9500 | T=1.0 k=1.0 (mu_rec=1 mu_bwd=1) | grad=2.828 | tok/s=87,101 | tokens=6.09B
step=185890 | loss=4.1211 | lr=5.16e-05 | wd=0.0000 | mom=0.9500 | T=1.0 k=1.0 (mu_rec=1 mu_bwd=1) | grad=2.562 | tok/s=87,105 | tokens=6.09B
step=185900 | loss=4.1505 | lr=5.18e-05 | wd=0.0000 | mom=0.9500 | T=1.0 k=1.0 (mu_rec=1 mu_bwd=1) | grad=4.719 | tok/s=87,150 | tokens=6.09B
step=185910 | loss=4.1413 | lr=5.19e-05 | wd=0.0000 | mom=0.9500 | T=1.0 k=1.0 (mu_rec=1 mu_bwd=1) | grad=2.984 | tok/s=87,197 | tokens=6.09B
step=185920 | loss=3.9777 | lr=5.21e-05 | wd=0.0000 | mom=0.9500 | T=1.0 k=1.0 (mu_rec=1 mu_bwd=1) | grad=5.781 | tok/s=87,135 | tokens=6.09B
step=185930 | loss=4.0861 | lr=5.22e-05 | wd=0.0000 | mom=0.9500 | T=1.0 k=1.0 (mu_rec=1 mu_bwd=1) | grad=2.578 | tok/s=87,089 | tokens=6.09B
step=185940 | loss=4.2602 | lr=5.24e-05 | wd=0.0000 | mom=0.9500 | T=1.0 k=1.0 (mu_rec=1 mu_bwd=1) | grad=2.703 | tok/s=87,115 | tokens=6.09B
step=185950 | loss=4.2832 | lr=5.25e-05 | wd=0.0000 | mom=0.9500 | T=1.0 k=1.0 (mu_rec=1 mu_bwd=1) | grad=2.797 | tok/s=87,212 | tokens=6.09B
step=185960 | loss=4.1983 | lr=5.27e-05 | wd=0.0000 | mom=0.9500 | T=1.0 k=1.0 (mu_rec=1 mu_bwd=1) | grad=4.031 | tok/s=87,233 | tokens=6.09B
step=185970 | loss=4.3377 | lr=5.28e-05 | wd=0.0000 | mom=0.9500 | T=1.0 k=1.0 (mu_rec=1 mu_bwd=1) | grad=3.719 | tok/s=87,225 | tokens=6.09B
step=185980 | loss=4.5314 | lr=5.30e-05 | wd=0.0000 | mom=0.9500 | T=1.0 k=1.0 (mu_rec=1 mu_bwd=1) | grad=5.125 | tok/s=87,290 | tokens=6.09B
step=185990 | loss=4.4455 | lr=5.31e-05 | wd=0.0000 | mom=0.9500 | T=1.0 k=1.0 (mu_rec=1 mu_bwd=1) | grad=4.125 | tok/s=87,239 | tokens=6.09B
step=186000 | loss=4.2402 | lr=5.33e-05 | wd=0.0000 | mom=0.9500 | T=1.0 k=1.0 (mu_rec=1 mu_bwd=1) | grad=2.984 | tok/s=87,282 | tokens=6.09B
[step 186000] Saved -> runs/pythia-5b/checkpoint_0186000
[step 186000] Pruned -> runs/pythia-5b/checkpoint_0180000
step=186010 | loss=4.1567 | lr=5.35e-05 | wd=0.0000 | mom=0.9500 | T=1.0 k=1.0 (mu_rec=1 mu_bwd=1) | grad=4.281 | tok/s=71,644 | tokens=6.10B
step=186020 | loss=4.2524 | lr=5.36e-05 | wd=0.0000 | mom=0.9500 | T=1.0 k=1.0 (mu_rec=1 mu_bwd=1) | grad=2.688 | tok/s=87,313 | tokens=6.10B
step=186030 | loss=4.2244 | lr=5.38e-05 | wd=0.0000 | mom=0.9500 | T=1.0 k=1.0 (mu_rec=1 mu_bwd=1) | grad=3.688 | tok/s=87,267 | tokens=6.10B
step=186040 | loss=4.3186 | lr=5.39e-05 | wd=0.0000 | mom=0.9500 | T=1.0 k=1.0 (mu_rec=1 mu_bwd=1) | grad=3.266 | tok/s=87,308 | tokens=6.10B
step=186050 | loss=4.2751 | lr=5.41e-05 | wd=0.0000 | mom=0.9500 | T=1.0 k=1.0 (mu_rec=1 mu_bwd=1) | grad=4.750 | tok/s=9,625 | tokens=6.10B
step=186060 | loss=3.8717 | lr=5.42e-05 | wd=0.0000 | mom=0.9500 | T=1.0 k=1.0 (mu_rec=1 mu_bwd=1) | grad=3.125 | tok/s=88,740 | tokens=6.10B
step=186070 | loss=4.2291 | lr=5.44e-05 | wd=0.0000 | mom=0.9500 | T=1.0 k=1.0 (mu_rec=1 mu_bwd=1) | grad=5.844 | tok/s=88,569 | tokens=6.10B
step=186080 | loss=4.3057 | lr=5.46e-05 | wd=0.0000 | mom=0.9500 | T=1.0 k=1.0 (mu_rec=1 mu_bwd=1) | grad=3.375 | tok/s=88,499 | tokens=6.10B
step=186090 | loss=4.4753 | lr=5.47e-05 | wd=0.0000 | mom=0.9500 | T=1.0 k=1.0 (mu_rec=1 mu_bwd=1) | grad=3.984 | tok/s=88,383 | tokens=6.10B
step=186100 | loss=4.2663 | lr=5.49e-05 | wd=0.0000 | mom=0.9500 | T=1.0 k=1.0 (mu_rec=1 mu_bwd=1) | grad=2.859 | tok/s=88,307 | tokens=6.10B
step=186110 | loss=4.0279 | lr=5.50e-05 | wd=0.0000 | mom=0.9500 | T=1.0 k=1.0 (mu_rec=1 mu_bwd=1) | grad=2.562 | tok/s=88,020 | tokens=6.10B
step=186120 | loss=3.9983 | lr=5.52e-05 | wd=0.0000 | mom=0.9500 | T=1.0 k=1.0 (mu_rec=1 mu_bwd=1) | grad=4.281 | tok/s=88,091 | tokens=6.10B
step=186130 | loss=4.3686 | lr=5.54e-05 | wd=0.0000 | mom=0.9500 | T=1.0 k=1.0 (mu_rec=1 mu_bwd=1) | grad=3.062 | tok/s=88,013 | tokens=6.10B
step=186140 | loss=4.0209 | lr=5.55e-05 | wd=0.0000 | mom=0.9500 | T=1.0 k=1.0 (mu_rec=1 mu_bwd=1) | grad=3.312 | tok/s=87,936 | tokens=6.10B
step=186150 | loss=4.7510 | lr=5.57e-05 | wd=0.0000 | mom=0.9500 | T=1.0 k=1.0 (mu_rec=1 mu_bwd=1) | grad=4.156 | tok/s=87,837 | tokens=6.10B
step=186160 | loss=4.3058 | lr=5.59e-05 | wd=0.0000 | mom=0.9500 | T=1.0 k=1.0 (mu_rec=1 mu_bwd=1) | grad=2.984 | tok/s=87,707 | tokens=6.10B
step=186170 | loss=4.3353 | lr=5.60e-05 | wd=0.0000 | mom=0.9500 | T=1.0 k=1.0 (mu_rec=1 mu_bwd=1) | grad=3.234 | tok/s=87,602 | tokens=6.10B
step=186180 | loss=4.2339 | lr=5.62e-05 | wd=0.0000 | mom=0.9500 | T=1.0 k=1.0 (mu_rec=1 mu_bwd=1) | grad=3.859 | tok/s=87,624 | tokens=6.10B
step=186190 | loss=4.2873 | lr=5.63e-05 | wd=0.0000 | mom=0.9500 | T=1.0 k=1.0 (mu_rec=1 mu_bwd=1) | grad=6.906 | tok/s=87,507 | tokens=6.10B
step=186200 | loss=4.3681 | lr=5.65e-05 | wd=0.0000 | mom=0.9500 | T=1.0 k=1.0 (mu_rec=1 mu_bwd=1) | grad=4.062 | tok/s=87,555 | tokens=6.10B
step=186210 | loss=4.2029 | lr=5.67e-05 | wd=0.0000 | mom=0.9500 | T=1.0 k=1.0 (mu_rec=1 mu_bwd=1) | grad=4.562 | tok/s=87,339 | tokens=6.10B
step=186220 | loss=4.3145 | lr=5.68e-05 | wd=0.0000 | mom=0.9500 | T=1.0 k=1.0 (mu_rec=1 mu_bwd=1) | grad=3.734 | tok/s=87,373 | tokens=6.10B
step=186230 | loss=4.2756 | lr=5.70e-05 | wd=0.0000 | mom=0.9500 | T=1.0 k=1.0 (mu_rec=1 mu_bwd=1) | grad=4.062 | tok/s=87,339 | tokens=6.10B
step=186240 | loss=4.5596 | lr=5.72e-05 | wd=0.0000 | mom=0.9500 | T=1.0 k=1.0 (mu_rec=1 mu_bwd=1) | grad=4.750 | tok/s=87,309 | tokens=6.10B
step=186250 | loss=4.4271 | lr=5.73e-05 | wd=0.0000 | mom=0.9500 | T=1.0 k=1.0 (mu_rec=1 mu_bwd=1) | grad=3.625 | tok/s=87,203 | tokens=6.10B
step=186260 | loss=4.3152 | lr=5.75e-05 | wd=0.0000 | mom=0.9500 | T=1.0 k=1.0 (mu_rec=1 mu_bwd=1) | grad=6.000 | tok/s=87,259 | tokens=6.10B
step=186270 | loss=4.0864 | lr=5.77e-05 | wd=0.0000 | mom=0.9500 | T=1.0 k=1.0 (mu_rec=1 mu_bwd=1) | grad=3.297 | tok/s=87,209 | tokens=6.10B
step=186280 | loss=4.0505 | lr=5.79e-05 | wd=0.0000 | mom=0.9500 | T=1.0 k=1.0 (mu_rec=1 mu_bwd=1) | grad=3.141 | tok/s=87,126 | tokens=6.10B
step=186290 | loss=4.4938 | lr=5.80e-05 | wd=0.0000 | mom=0.9500 | T=1.0 k=1.0 (mu_rec=1 mu_bwd=1) | grad=3.062 | tok/s=87,073 | tokens=6.10B
step=186300 | loss=4.3761 | lr=5.82e-05 | wd=0.0000 | mom=0.9500 | T=1.0 k=1.0 (mu_rec=1 mu_bwd=1) | grad=3.578 | tok/s=87,077 | tokens=6.10B
step=186310 | loss=4.3907 | lr=5.84e-05 | wd=0.0000 | mom=0.9500 | T=1.0 k=1.0 (mu_rec=1 mu_bwd=1) | grad=3.078 | tok/s=87,098 | tokens=6.11B
step=186320 | loss=4.2380 | lr=5.85e-05 | wd=0.0000 | mom=0.9500 | T=1.0 k=1.0 (mu_rec=1 mu_bwd=1) | grad=2.484 | tok/s=87,110 | tokens=6.11B
step=186330 | loss=4.2352 | lr=5.87e-05 | wd=0.0000 | mom=0.9500 | T=1.0 k=1.0 (mu_rec=1 mu_bwd=1) | grad=3.250 | tok/s=86,923 | tokens=6.11B
step=186340 | loss=4.4250 | lr=5.89e-05 | wd=0.0000 | mom=0.9500 | T=1.0 k=1.0 (mu_rec=1 mu_bwd=1) | grad=3.281 | tok/s=86,964 | tokens=6.11B
step=186350 | loss=4.4690 | lr=5.90e-05 | wd=0.0000 | mom=0.9500 | T=1.0 k=1.0 (mu_rec=1 mu_bwd=1) | grad=3.250 | tok/s=86,986 | tokens=6.11B
step=186360 | loss=4.2457 | lr=5.92e-05 | wd=0.0000 | mom=0.9500 | T=1.0 k=1.0 (mu_rec=1 mu_bwd=1) | grad=4.750 | tok/s=86,937 | tokens=6.11B
step=186370 | loss=4.2969 | lr=5.94e-05 | wd=0.0000 | mom=0.9500 | T=1.0 k=1.0 (mu_rec=1 mu_bwd=1) | grad=2.828 | tok/s=86,916 | tokens=6.11B
step=186380 | loss=4.2619 | lr=5.96e-05 | wd=0.0000 | mom=0.9500 | T=1.0 k=1.0 (mu_rec=1 mu_bwd=1) | grad=3.875 | tok/s=86,878 | tokens=6.11B
step=186390 | loss=4.2261 | lr=5.97e-05 | wd=0.0000 | mom=0.9500 | T=1.0 k=1.0 (mu_rec=1 mu_bwd=1) | grad=9.812 | tok/s=86,791 | tokens=6.11B
step=186400 | loss=3.9917 | lr=5.99e-05 | wd=0.0000 | mom=0.9500 | T=1.0 k=1.0 (mu_rec=1 mu_bwd=1) | grad=4.031 | tok/s=9,038 | tokens=6.11B
step=186410 | loss=4.4073 | lr=6.01e-05 | wd=0.0000 | mom=0.9500 | T=1.0 k=1.0 (mu_rec=1 mu_bwd=1) | grad=2.938 | tok/s=88,518 | tokens=6.11B
step=186420 | loss=4.2880 | lr=6.03e-05 | wd=0.0000 | mom=0.9500 | T=1.0 k=1.0 (mu_rec=1 mu_bwd=1) | grad=2.781 | tok/s=88,391 | tokens=6.11B
step=186430 | loss=4.1719 | lr=6.04e-05 | wd=0.0000 | mom=0.9500 | T=1.0 k=1.0 (mu_rec=1 mu_bwd=1) | grad=2.844 | tok/s=88,096 | tokens=6.11B
step=186440 | loss=4.3728 | lr=6.06e-05 | wd=0.0000 | mom=0.9500 | T=1.0 k=1.0 (mu_rec=1 mu_bwd=1) | grad=3.016 | tok/s=88,025 | tokens=6.11B
step=186450 | loss=4.2973 | lr=6.08e-05 | wd=0.0000 | mom=0.9500 | T=1.0 k=1.0 (mu_rec=1 mu_bwd=1) | grad=3.703 | tok/s=87,850 | tokens=6.11B
step=186460 | loss=4.3857 | lr=6.10e-05 | wd=0.0000 | mom=0.9500 | T=1.0 k=1.0 (mu_rec=1 mu_bwd=1) | grad=3.766 | tok/s=87,600 | tokens=6.11B
step=186470 | loss=4.3777 | lr=6.11e-05 | wd=0.0000 | mom=0.9500 | T=1.0 k=1.0 (mu_rec=1 mu_bwd=1) | grad=2.875 | tok/s=87,592 | tokens=6.11B
step=186480 | loss=4.3033 | lr=6.13e-05 | wd=0.0000 | mom=0.9500 | T=1.0 k=1.0 (mu_rec=1 mu_bwd=1) | grad=3.328 | tok/s=87,358 | tokens=6.11B
step=186490 | loss=4.3021 | lr=6.15e-05 | wd=0.0000 | mom=0.9500 | T=1.0 k=1.0 (mu_rec=1 mu_bwd=1) | grad=2.578 | tok/s=87,251 | tokens=6.11B
step=186500 | loss=4.0960 | lr=6.17e-05 | wd=0.0000 | mom=0.9500 | T=1.0 k=1.0 (mu_rec=1 mu_bwd=1) | grad=3.734 | tok/s=87,213 | tokens=6.11B
step=186510 | loss=4.1955 | lr=6.19e-05 | wd=0.0000 | mom=0.9500 | T=1.0 k=1.0 (mu_rec=1 mu_bwd=1) | grad=3.672 | tok/s=86,995 | tokens=6.11B
step=186520 | loss=4.2436 | lr=6.20e-05 | wd=0.0000 | mom=0.9500 | T=1.0 k=1.0 (mu_rec=1 mu_bwd=1) | grad=3.969 | tok/s=86,800 | tokens=6.11B
step=186530 | loss=4.3896 | lr=6.22e-05 | wd=0.0000 | mom=0.9500 | T=1.0 k=1.0 (mu_rec=1 mu_bwd=1) | grad=3.312 | tok/s=86,742 | tokens=6.11B
step=186540 | loss=4.2896 | lr=6.24e-05 | wd=0.0000 | mom=0.9500 | T=1.0 k=1.0 (mu_rec=1 mu_bwd=1) | grad=4.656 | tok/s=86,574 | tokens=6.11B
step=186550 | loss=4.3447 | lr=6.26e-05 | wd=0.0000 | mom=0.9500 | T=1.0 k=1.0 (mu_rec=1 mu_bwd=1) | grad=3.031 | tok/s=86,657 | tokens=6.11B
step=186560 | loss=4.3812 | lr=6.28e-05 | wd=0.0000 | mom=0.9500 | T=1.0 k=1.0 (mu_rec=1 mu_bwd=1) | grad=2.594 | tok/s=86,431 | tokens=6.11B
step=186570 | loss=4.1534 | lr=6.29e-05 | wd=0.0000 | mom=0.9500 | T=1.0 k=1.0 (mu_rec=1 mu_bwd=1) | grad=3.031 | tok/s=86,390 | tokens=6.11B
step=186580 | loss=4.1426 | lr=6.31e-05 | wd=0.0000 | mom=0.9500 | T=1.0 k=1.0 (mu_rec=1 mu_bwd=1) | grad=3.031 | tok/s=86,315 | tokens=6.11B
step=186590 | loss=4.5782 | lr=6.33e-05 | wd=0.0000 | mom=0.9500 | T=1.0 k=1.0 (mu_rec=1 mu_bwd=1) | grad=3.422 | tok/s=86,340 | tokens=6.11B
step=186600 | loss=4.2294 | lr=6.35e-05 | wd=0.0000 | mom=0.9500 | T=1.0 k=1.0 (mu_rec=1 mu_bwd=1) | grad=3.047 | tok/s=86,380 | tokens=6.11B
step=186610 | loss=4.3099 | lr=6.37e-05 | wd=0.0000 | mom=0.9500 | T=1.0 k=1.0 (mu_rec=1 mu_bwd=1) | grad=3.000 | tok/s=86,512 | tokens=6.11B
step=186620 | loss=4.2333 | lr=6.39e-05 | wd=0.0000 | mom=0.9500 | T=1.0 k=1.0 (mu_rec=1 mu_bwd=1) | grad=2.781 | tok/s=86,486 | tokens=6.12B
step=186630 | loss=4.3394 | lr=6.40e-05 | wd=0.0000 | mom=0.9500 | T=1.0 k=1.0 (mu_rec=1 mu_bwd=1) | grad=3.641 | tok/s=86,703 | tokens=6.12B
step=186640 | loss=4.3671 | lr=6.42e-05 | wd=0.0000 | mom=0.9500 | T=1.0 k=1.0 (mu_rec=1 mu_bwd=1) | grad=2.656 | tok/s=86,599 | tokens=6.12B
step=186650 | loss=4.2005 | lr=6.44e-05 | wd=0.0000 | mom=0.9500 | T=1.0 k=1.0 (mu_rec=1 mu_bwd=1) | grad=5.094 | tok/s=86,788 | tokens=6.12B
step=186660 | loss=4.1854 | lr=6.46e-05 | wd=0.0000 | mom=0.9500 | T=1.0 k=1.0 (mu_rec=1 mu_bwd=1) | grad=3.609 | tok/s=86,951 | tokens=6.12B
step=186670 | loss=4.3629 | lr=6.48e-05 | wd=0.0000 | mom=0.9500 | T=1.0 k=1.0 (mu_rec=1 mu_bwd=1) | grad=3.031 | tok/s=86,914 | tokens=6.12B
step=186680 | loss=4.1568 | lr=6.50e-05 | wd=0.0000 | mom=0.9500 | T=1.0 k=1.0 (mu_rec=1 mu_bwd=1) | grad=3.062 | tok/s=87,100 | tokens=6.12B
step=186690 | loss=4.1546 | lr=6.52e-05 | wd=0.0000 | mom=0.9500 | T=1.0 k=1.0 (mu_rec=1 mu_bwd=1) | grad=3.562 | tok/s=87,057 | tokens=6.12B
step=186700 | loss=4.1690 | lr=6.53e-05 | wd=0.0000 | mom=0.9500 | T=1.0 k=1.0 (mu_rec=1 mu_bwd=1) | grad=3.062 | tok/s=87,180 | tokens=6.12B
step=186710 | loss=4.0939 | lr=6.55e-05 | wd=0.0000 | mom=0.9500 | T=1.0 k=1.0 (mu_rec=1 mu_bwd=1) | grad=3.453 | tok/s=87,196 | tokens=6.12B
step=186720 | loss=4.1665 | lr=6.57e-05 | wd=0.0000 | mom=0.9500 | T=1.0 k=1.0 (mu_rec=1 mu_bwd=1) | grad=3.297 | tok/s=87,288 | tokens=6.12B
step=186730 | loss=4.1426 | lr=6.59e-05 | wd=0.0000 | mom=0.9500 | T=1.0 k=1.0 (mu_rec=1 mu_bwd=1) | grad=3.141 | tok/s=87,189 | tokens=6.12B
step=186740 | loss=4.2196 | lr=6.61e-05 | wd=0.0000 | mom=0.9500 | T=1.0 k=1.0 (mu_rec=1 mu_bwd=1) | grad=2.625 | tok/s=87,353 | tokens=6.12B
step=186750 | loss=4.2095 | lr=6.63e-05 | wd=0.0000 | mom=0.9500 | T=1.0 k=1.0 (mu_rec=1 mu_bwd=1) | grad=2.984 | tok/s=87,342 | tokens=6.12B
step=186760 | loss=4.2930 | lr=6.65e-05 | wd=0.0000 | mom=0.9500 | T=1.0 k=1.0 (mu_rec=1 mu_bwd=1) | grad=4.469 | tok/s=87,501 | tokens=6.12B
step=186770 | loss=4.2974 | lr=6.67e-05 | wd=0.0000 | mom=0.9500 | T=1.0 k=1.0 (mu_rec=1 mu_bwd=1) | grad=4.062 | tok/s=87,328 | tokens=6.12B
step=186780 | loss=4.4622 | lr=6.69e-05 | wd=0.0000 | mom=0.9500 | T=1.0 k=1.0 (mu_rec=1 mu_bwd=1) | grad=3.875 | tok/s=87,521 | tokens=6.12B
step=186790 | loss=4.2779 | lr=6.70e-05 | wd=0.0000 | mom=0.9500 | T=1.0 k=1.0 (mu_rec=1 mu_bwd=1) | grad=2.984 | tok/s=87,407 | tokens=6.12B
step=186800 | loss=4.4653 | lr=6.72e-05 | wd=0.0000 | mom=0.9500 | T=1.0 k=1.0 (mu_rec=1 mu_bwd=1) | grad=2.531 | tok/s=87,474 | tokens=6.12B
step=186810 | loss=4.2211 | lr=6.74e-05 | wd=0.0000 | mom=0.9500 | T=1.0 k=1.0 (mu_rec=1 mu_bwd=1) | grad=13.500 | tok/s=87,538 | tokens=6.12B
step=186820 | loss=4.1060 | lr=6.76e-05 | wd=0.0000 | mom=0.9500 | T=1.0 k=1.0 (mu_rec=1 mu_bwd=1) | grad=4.875 | tok/s=87,489 | tokens=6.12B
step=186830 | loss=4.3440 | lr=6.78e-05 | wd=0.0000 | mom=0.9500 | T=1.0 k=1.0 (mu_rec=1 mu_bwd=1) | grad=2.922 | tok/s=8,500 | tokens=6.12B
step=186840 | loss=4.2485 | lr=6.80e-05 | wd=0.0000 | mom=0.9500 | T=1.0 k=1.0 (mu_rec=1 mu_bwd=1) | grad=3.156 | tok/s=89,184 | tokens=6.12B
step=186850 | loss=4.2521 | lr=6.82e-05 | wd=0.0000 | mom=0.9500 | T=1.0 k=1.0 (mu_rec=1 mu_bwd=1) | grad=3.672 | tok/s=88,989 | tokens=6.12B
step=186860 | loss=4.0223 | lr=6.84e-05 | wd=0.0000 | mom=0.9500 | T=1.0 k=1.0 (mu_rec=1 mu_bwd=1) | grad=3.984 | tok/s=88,825 | tokens=6.12B
step=186870 | loss=4.1931 | lr=6.86e-05 | wd=0.0000 | mom=0.9500 | T=1.0 k=1.0 (mu_rec=1 mu_bwd=1) | grad=4.125 | tok/s=88,761 | tokens=6.12B
step=186880 | loss=4.4363 | lr=6.88e-05 | wd=0.0000 | mom=0.9500 | T=1.0 k=1.0 (mu_rec=1 mu_bwd=1) | grad=2.922 | tok/s=88,535 | tokens=6.12B
step=186890 | loss=4.2170 | lr=6.90e-05 | wd=0.0000 | mom=0.9500 | T=1.0 k=1.0 (mu_rec=1 mu_bwd=1) | grad=2.719 | tok/s=88,464 | tokens=6.12B
step=186900 | loss=4.5300 | lr=6.92e-05 | wd=0.0000 | mom=0.9500 | T=1.0 k=1.0 (mu_rec=1 mu_bwd=1) | grad=3.062 | tok/s=88,323 | tokens=6.12B
step=186910 | loss=4.1343 | lr=6.94e-05 | wd=0.0000 | mom=0.9500 | T=1.0 k=1.0 (mu_rec=1 mu_bwd=1) | grad=3.922 | tok/s=88,155 | tokens=6.12B
step=186920 | loss=4.6484 | lr=6.96e-05 | wd=0.0000 | mom=0.9500 | T=1.0 k=1.0 (mu_rec=1 mu_bwd=1) | grad=3.688 | tok/s=88,068 | tokens=6.12B
step=186930 | loss=4.7695 | lr=6.98e-05 | wd=0.0000 | mom=0.9500 | T=1.0 k=1.0 (mu_rec=1 mu_bwd=1) | grad=4.156 | tok/s=87,897 | tokens=6.13B
step=186940 | loss=4.7858 | lr=7.00e-05 | wd=0.0000 | mom=0.9500 | T=1.0 k=1.0 (mu_rec=1 mu_bwd=1) | grad=3.938 | tok/s=87,925 | tokens=6.13B
step=186950 | loss=4.7557 | lr=7.02e-05 | wd=0.0000 | mom=0.9500 | T=1.0 k=1.0 (mu_rec=1 mu_bwd=1) | grad=4.469 | tok/s=87,852 | tokens=6.13B
step=186960 | loss=4.4366 | lr=7.04e-05 | wd=0.0000 | mom=0.9500 | T=1.0 k=1.0 (mu_rec=1 mu_bwd=1) | grad=3.594 | tok/s=87,751 | tokens=6.13B
step=186970 | loss=4.4714 | lr=7.06e-05 | wd=0.0000 | mom=0.9500 | T=1.0 k=1.0 (mu_rec=1 mu_bwd=1) | grad=3.203 | tok/s=87,660 | tokens=6.13B
step=186980 | loss=4.2896 | lr=7.08e-05 | wd=0.0000 | mom=0.9500 | T=1.0 k=1.0 (mu_rec=1 mu_bwd=1) | grad=3.219 | tok/s=87,613 | tokens=6.13B
step=186990 | loss=4.3854 | lr=7.10e-05 | wd=0.0000 | mom=0.9500 | T=1.0 k=1.0 (mu_rec=1 mu_bwd=1) | grad=3.047 | tok/s=87,704 | tokens=6.13B
step=187000 | loss=4.2145 | lr=7.12e-05 | wd=0.0000 | mom=0.9500 | T=1.0 k=1.0 (mu_rec=1 mu_bwd=1) | grad=2.797 | tok/s=87,499 | tokens=6.13B
step=187010 | loss=4.2563 | lr=7.14e-05 | wd=0.0000 | mom=0.9500 | T=1.0 k=1.0 (mu_rec=1 mu_bwd=1) | grad=4.250 | tok/s=87,522 | tokens=6.13B
step=187020 | loss=4.2617 | lr=7.16e-05 | wd=0.0000 | mom=0.9500 | T=1.0 k=1.0 (mu_rec=1 mu_bwd=1) | grad=2.672 | tok/s=87,482 | tokens=6.13B
step=187030 | loss=4.2287 | lr=7.18e-05 | wd=0.0000 | mom=0.9500 | T=1.0 k=1.0 (mu_rec=1 mu_bwd=1) | grad=4.375 | tok/s=87,407 | tokens=6.13B
step=187040 | loss=4.1790 | lr=7.20e-05 | wd=0.0000 | mom=0.9500 | T=1.0 k=1.0 (mu_rec=1 mu_bwd=1) | grad=3.578 | tok/s=87,232 | tokens=6.13B
step=187050 | loss=4.2964 | lr=7.22e-05 | wd=0.0000 | mom=0.9500 | T=1.0 k=1.0 (mu_rec=1 mu_bwd=1) | grad=4.219 | tok/s=87,360 | tokens=6.13B
step=187060 | loss=4.2843 | lr=7.24e-05 | wd=0.0000 | mom=0.9500 | T=1.0 k=1.0 (mu_rec=1 mu_bwd=1) | grad=3.891 | tok/s=87,229 | tokens=6.13B
step=187070 | loss=4.2635 | lr=7.26e-05 | wd=0.0000 | mom=0.9500 | T=1.0 k=1.0 (mu_rec=1 mu_bwd=1) | grad=3.172 | tok/s=87,239 | tokens=6.13B
step=187080 | loss=4.2130 | lr=7.28e-05 | wd=0.0000 | mom=0.9500 | T=1.0 k=1.0 (mu_rec=1 mu_bwd=1) | grad=5.438 | tok/s=87,195 | tokens=6.13B
step=187090 | loss=4.2569 | lr=7.30e-05 | wd=0.0000 | mom=0.9500 | T=1.0 k=1.0 (mu_rec=1 mu_bwd=1) | grad=5.000 | tok/s=87,194 | tokens=6.13B
step=187100 | loss=4.3110 | lr=7.32e-05 | wd=0.0000 | mom=0.9500 | T=1.0 k=1.0 (mu_rec=1 mu_bwd=1) | grad=3.734 | tok/s=87,103 | tokens=6.13B
step=187110 | loss=4.3200 | lr=7.34e-05 | wd=0.0000 | mom=0.9500 | T=1.0 k=1.0 (mu_rec=1 mu_bwd=1) | grad=3.766 | tok/s=87,173 | tokens=6.13B
step=187120 | loss=4.7348 | lr=7.36e-05 | wd=0.0000 | mom=0.9500 | T=1.0 k=1.0 (mu_rec=1 mu_bwd=1) | grad=3.375 | tok/s=87,074 | tokens=6.13B
step=187130 | loss=4.4741 | lr=7.38e-05 | wd=0.0000 | mom=0.9500 | T=1.0 k=1.0 (mu_rec=1 mu_bwd=1) | grad=7.219 | tok/s=87,009 | tokens=6.13B
step=187140 | loss=4.5053 | lr=7.40e-05 | wd=0.0000 | mom=0.9500 | T=1.0 k=1.0 (mu_rec=1 mu_bwd=1) | grad=4.500 | tok/s=87,026 | tokens=6.13B
step=187150 | loss=4.4271 | lr=7.42e-05 | wd=0.0000 | mom=0.9500 | T=1.0 k=1.0 (mu_rec=1 mu_bwd=1) | grad=3.062 | tok/s=87,030 | tokens=6.13B
step=187160 | loss=4.3333 | lr=7.44e-05 | wd=0.0000 | mom=0.9500 | T=1.0 k=1.0 (mu_rec=1 mu_bwd=1) | grad=3.922 | tok/s=86,955 | tokens=6.13B
step=187170 | loss=4.4496 | lr=7.46e-05 | wd=0.0000 | mom=0.9500 | T=1.0 k=1.0 (mu_rec=1 mu_bwd=1) | grad=3.297 | tok/s=86,895 | tokens=6.13B
step=187180 | loss=4.3068 | lr=7.48e-05 | wd=0.0000 | mom=0.9500 | T=1.0 k=1.0 (mu_rec=1 mu_bwd=1) | grad=4.281 | tok/s=86,942 | tokens=6.13B
step=187190 | loss=4.1791 | lr=7.50e-05 | wd=0.0000 | mom=0.9500 | T=1.0 k=1.0 (mu_rec=1 mu_bwd=1) | grad=2.953 | tok/s=86,939 | tokens=6.13B
step=187200 | loss=4.2437 | lr=7.52e-05 | wd=0.0000 | mom=0.9500 | T=1.0 k=1.0 (mu_rec=1 mu_bwd=1) | grad=3.062 | tok/s=86,850 | tokens=6.13B
step=187210 | loss=4.3753 | lr=7.54e-05 | wd=0.0000 | mom=0.9500 | T=1.0 k=1.0 (mu_rec=1 mu_bwd=1) | grad=3.672 | tok/s=86,907 | tokens=6.13B
step=187220 | loss=4.6312 | lr=7.56e-05 | wd=0.0000 | mom=0.9500 | T=1.0 k=1.0 (mu_rec=1 mu_bwd=1) | grad=3.906 | tok/s=86,839 | tokens=6.13B
step=187230 | loss=4.3411 | lr=7.59e-05 | wd=0.0000 | mom=0.9500 | T=1.0 k=1.0 (mu_rec=1 mu_bwd=1) | grad=3.078 | tok/s=86,880 | tokens=6.14B
step=187240 | loss=4.2993 | lr=7.61e-05 | wd=0.0000 | mom=0.9500 | T=1.0 k=1.0 (mu_rec=1 mu_bwd=1) | grad=2.781 | tok/s=86,985 | tokens=6.14B
step=187250 | loss=3.8581 | lr=7.63e-05 | wd=0.0000 | mom=0.9500 | T=1.0 k=1.0 (mu_rec=1 mu_bwd=1) | grad=2.750 | tok/s=86,743 | tokens=6.14B
step=187260 | loss=4.1157 | lr=7.65e-05 | wd=0.0000 | mom=0.9500 | T=1.0 k=1.0 (mu_rec=1 mu_bwd=1) | grad=3.766 | tok/s=86,765 | tokens=6.14B
step=187270 | loss=4.2313 | lr=7.67e-05 | wd=0.0000 | mom=0.9500 | T=1.0 k=1.0 (mu_rec=1 mu_bwd=1) | grad=2.797 | tok/s=86,656 | tokens=6.14B
step=187280 | loss=4.5829 | lr=7.69e-05 | wd=0.0000 | mom=0.9500 | T=1.0 k=1.0 (mu_rec=1 mu_bwd=1) | grad=3.516 | tok/s=8,661 | tokens=6.14B
step=187290 | loss=4.4206 | lr=7.71e-05 | wd=0.0000 | mom=0.9500 | T=1.0 k=1.0 (mu_rec=1 mu_bwd=1) | grad=2.906 | tok/s=88,700 | tokens=6.14B
step=187300 | loss=4.3753 | lr=7.73e-05 | wd=0.0000 | mom=0.9500 | T=1.0 k=1.0 (mu_rec=1 mu_bwd=1) | grad=3.031 | tok/s=88,409 | tokens=6.14B
step=187310 | loss=4.3493 | lr=7.75e-05 | wd=0.0000 | mom=0.9500 | T=1.0 k=1.0 (mu_rec=1 mu_bwd=1) | grad=3.734 | tok/s=88,406 | tokens=6.14B
step=187320 | loss=4.3865 | lr=7.77e-05 | wd=0.0000 | mom=0.9500 | T=1.0 k=1.0 (mu_rec=1 mu_bwd=1) | grad=6.094 | tok/s=88,209 | tokens=6.14B
step=187330 | loss=4.1508 | lr=7.80e-05 | wd=0.0000 | mom=0.9500 | T=1.0 k=1.0 (mu_rec=1 mu_bwd=1) | grad=3.578 | tok/s=87,997 | tokens=6.14B
step=187340 | loss=4.3445 | lr=7.82e-05 | wd=0.0000 | mom=0.9500 | T=1.0 k=1.0 (mu_rec=1 mu_bwd=1) | grad=3.875 | tok/s=87,898 | tokens=6.14B
step=187350 | loss=4.4491 | lr=7.84e-05 | wd=0.0000 | mom=0.9500 | T=1.0 k=1.0 (mu_rec=1 mu_bwd=1) | grad=3.156 | tok/s=87,767 | tokens=6.14B
step=187360 | loss=4.2369 | lr=7.86e-05 | wd=0.0000 | mom=0.9500 | T=1.0 k=1.0 (mu_rec=1 mu_bwd=1) | grad=6.812 | tok/s=87,549 | tokens=6.14B
step=187370 | loss=4.3318 | lr=7.88e-05 | wd=0.0000 | mom=0.9500 | T=1.0 k=1.0 (mu_rec=1 mu_bwd=1) | grad=3.109 | tok/s=87,473 | tokens=6.14B
step=187380 | loss=4.2551 | lr=7.90e-05 | wd=0.0000 | mom=0.9500 | T=1.0 k=1.0 (mu_rec=1 mu_bwd=1) | grad=3.141 | tok/s=87,459 | tokens=6.14B
step=187390 | loss=4.3178 | lr=7.92e-05 | wd=0.0000 | mom=0.9500 | T=1.0 k=1.0 (mu_rec=1 mu_bwd=1) | grad=2.859 | tok/s=87,200 | tokens=6.14B
step=187400 | loss=4.5436 | lr=7.95e-05 | wd=0.0000 | mom=0.9500 | T=1.0 k=1.0 (mu_rec=1 mu_bwd=1) | grad=4.625 | tok/s=87,043 | tokens=6.14B
step=187410 | loss=4.2691 | lr=7.97e-05 | wd=0.0000 | mom=0.9500 | T=1.0 k=1.0 (mu_rec=1 mu_bwd=1) | grad=5.531 | tok/s=87,098 | tokens=6.14B
step=187420 | loss=4.3054 | lr=7.99e-05 | wd=0.0000 | mom=0.9500 | T=1.0 k=1.0 (mu_rec=1 mu_bwd=1) | grad=2.625 | tok/s=87,010 | tokens=6.14B
step=187430 | loss=4.3006 | lr=8.01e-05 | wd=0.0000 | mom=0.9500 | T=1.0 k=1.0 (mu_rec=1 mu_bwd=1) | grad=2.953 | tok/s=86,908 | tokens=6.14B
step=187440 | loss=4.3431 | lr=8.03e-05 | wd=0.0000 | mom=0.9500 | T=1.0 k=1.0 (mu_rec=1 mu_bwd=1) | grad=3.203 | tok/s=86,746 | tokens=6.14B
step=187450 | loss=4.1522 | lr=8.05e-05 | wd=0.0000 | mom=0.9500 | T=1.0 k=1.0 (mu_rec=1 mu_bwd=1) | grad=3.172 | tok/s=86,905 | tokens=6.14B
step=187460 | loss=4.3571 | lr=8.08e-05 | wd=0.0000 | mom=0.9500 | T=1.0 k=1.0 (mu_rec=1 mu_bwd=1) | grad=8.438 | tok/s=86,753 | tokens=6.14B
step=187470 | loss=4.0833 | lr=8.10e-05 | wd=0.0000 | mom=0.9500 | T=1.0 k=1.0 (mu_rec=1 mu_bwd=1) | grad=2.750 | tok/s=86,666 | tokens=6.14B
step=187480 | loss=4.3362 | lr=8.12e-05 | wd=0.0000 | mom=0.9500 | T=1.0 k=1.0 (mu_rec=1 mu_bwd=1) | grad=5.969 | tok/s=86,571 | tokens=6.14B
step=187490 | loss=4.3937 | lr=8.14e-05 | wd=0.0000 | mom=0.9500 | T=1.0 k=1.0 (mu_rec=1 mu_bwd=1) | grad=5.312 | tok/s=86,577 | tokens=6.14B
step=187500 | loss=4.2431 | lr=8.16e-05 | wd=0.0000 | mom=0.9500 | T=1.0 k=1.0 (mu_rec=1 mu_bwd=1) | grad=11.625 | tok/s=86,570 | tokens=6.14B
step=187510 | loss=4.0013 | lr=8.18e-05 | wd=0.0000 | mom=0.9500 | T=1.0 k=1.0 (mu_rec=1 mu_bwd=1) | grad=6.594 | tok/s=86,573 | tokens=6.14B
step=187520 | loss=4.2976 | lr=8.21e-05 | wd=0.0000 | mom=0.9500 | T=1.0 k=1.0 (mu_rec=1 mu_bwd=1) | grad=3.578 | tok/s=86,664 | tokens=6.14B
step=187530 | loss=4.4489 | lr=8.23e-05 | wd=0.0000 | mom=0.9500 | T=1.0 k=1.0 (mu_rec=1 mu_bwd=1) | grad=4.000 | tok/s=86,667 | tokens=6.14B
step=187540 | loss=4.2113 | lr=8.25e-05 | wd=0.0000 | mom=0.9500 | T=1.0 k=1.0 (mu_rec=1 mu_bwd=1) | grad=4.656 | tok/s=86,813 | tokens=6.15B
step=187550 | loss=4.2351 | lr=8.27e-05 | wd=0.0000 | mom=0.9500 | T=1.0 k=1.0 (mu_rec=1 mu_bwd=1) | grad=2.828 | tok/s=86,782 | tokens=6.15B
step=187560 | loss=4.4189 | lr=8.29e-05 | wd=0.0000 | mom=0.9500 | T=1.0 k=1.0 (mu_rec=1 mu_bwd=1) | grad=4.500 | tok/s=86,815 | tokens=6.15B
step=187570 | loss=4.0737 | lr=8.32e-05 | wd=0.0000 | mom=0.9500 | T=1.0 k=1.0 (mu_rec=1 mu_bwd=1) | grad=3.703 | tok/s=86,942 | tokens=6.15B
step=187580 | loss=4.1797 | lr=8.34e-05 | wd=0.0000 | mom=0.9500 | T=1.0 k=1.0 (mu_rec=1 mu_bwd=1) | grad=2.594 | tok/s=87,054 | tokens=6.15B
step=187590 | loss=4.4131 | lr=8.36e-05 | wd=0.0000 | mom=0.9500 | T=1.0 k=1.0 (mu_rec=1 mu_bwd=1) | grad=3.562 | tok/s=87,080 | tokens=6.15B
step=187600 | loss=4.1791 | lr=8.38e-05 | wd=0.0000 | mom=0.9500 | T=1.0 k=1.0 (mu_rec=1 mu_bwd=1) | grad=3.125 | tok/s=87,081 | tokens=6.15B
step=187610 | loss=4.1655 | lr=8.41e-05 | wd=0.0000 | mom=0.9500 | T=1.0 k=1.0 (mu_rec=1 mu_bwd=1) | grad=3.234 | tok/s=87,209 | tokens=6.15B
step=187620 | loss=4.4606 | lr=8.43e-05 | wd=0.0000 | mom=0.9500 | T=1.0 k=1.0 (mu_rec=1 mu_bwd=1) | grad=3.312 | tok/s=87,186 | tokens=6.15B
step=187630 | loss=4.3361 | lr=8.45e-05 | wd=0.0000 | mom=0.9500 | T=1.0 k=1.0 (mu_rec=1 mu_bwd=1) | grad=3.656 | tok/s=87,196 | tokens=6.15B
step=187640 | loss=4.1042 | lr=8.47e-05 | wd=0.0000 | mom=0.9500 | T=1.0 k=1.0 (mu_rec=1 mu_bwd=1) | grad=4.781 | tok/s=87,304 | tokens=6.15B
step=187650 | loss=4.4126 | lr=8.49e-05 | wd=0.0000 | mom=0.9500 | T=1.0 k=1.0 (mu_rec=1 mu_bwd=1) | grad=3.234 | tok/s=87,188 | tokens=6.15B
step=187660 | loss=4.2768 | lr=8.52e-05 | wd=0.0000 | mom=0.9500 | T=1.0 k=1.0 (mu_rec=1 mu_bwd=1) | grad=3.156 | tok/s=87,235 | tokens=6.15B
step=187670 | loss=4.2019 | lr=8.54e-05 | wd=0.0000 | mom=0.9500 | T=1.0 k=1.0 (mu_rec=1 mu_bwd=1) | grad=3.172 | tok/s=87,373 | tokens=6.15B
step=187680 | loss=4.4382 | lr=8.56e-05 | wd=0.0000 | mom=0.9500 | T=1.0 k=1.0 (mu_rec=1 mu_bwd=1) | grad=3.500 | tok/s=87,313 | tokens=6.15B
step=187690 | loss=4.1332 | lr=8.58e-05 | wd=0.0000 | mom=0.9500 | T=1.0 k=1.0 (mu_rec=1 mu_bwd=1) | grad=4.781 | tok/s=87,402 | tokens=6.15B
step=187700 | loss=4.3725 | lr=8.61e-05 | wd=0.0000 | mom=0.9500 | T=1.0 k=1.0 (mu_rec=1 mu_bwd=1) | grad=5.469 | tok/s=87,473 | tokens=6.15B
step=187710 | loss=4.2361 | lr=8.63e-05 | wd=0.0000 | mom=0.9500 | T=1.0 k=1.0 (mu_rec=1 mu_bwd=1) | grad=2.750 | tok/s=87,460 | tokens=6.15B
step=187720 | loss=4.3120 | lr=8.65e-05 | wd=0.0000 | mom=0.9500 | T=1.0 k=1.0 (mu_rec=1 mu_bwd=1) | grad=5.000 | tok/s=87,401 | tokens=6.15B
step=187730 | loss=4.5068 | lr=8.67e-05 | wd=0.0000 | mom=0.9500 | T=1.0 k=1.0 (mu_rec=1 mu_bwd=1) | grad=3.031 | tok/s=87,257 | tokens=6.15B
step=187740 | loss=4.3022 | lr=8.70e-05 | wd=0.0000 | mom=0.9500 | T=1.0 k=1.0 (mu_rec=1 mu_bwd=1) | grad=5.312 | tok/s=8,212 | tokens=6.15B
step=187750 | loss=4.2879 | lr=8.72e-05 | wd=0.0000 | mom=0.9500 | T=1.0 k=1.0 (mu_rec=1 mu_bwd=1) | grad=3.891 | tok/s=88,984 | tokens=6.15B
step=187760 | loss=4.2071 | lr=8.74e-05 | wd=0.0000 | mom=0.9500 | T=1.0 k=1.0 (mu_rec=1 mu_bwd=1) | grad=4.562 | tok/s=88,819 | tokens=6.15B
step=187770 | loss=4.0702 | lr=8.77e-05 | wd=0.0000 | mom=0.9500 | T=1.0 k=1.0 (mu_rec=1 mu_bwd=1) | grad=3.297 | tok/s=88,697 | tokens=6.15B
step=187780 | loss=4.1581 | lr=8.79e-05 | wd=0.0000 | mom=0.9500 | T=1.0 k=1.0 (mu_rec=1 mu_bwd=1) | grad=3.438 | tok/s=88,553 | tokens=6.15B
step=187790 | loss=4.2946 | lr=8.81e-05 | wd=0.0000 | mom=0.9500 | T=1.0 k=1.0 (mu_rec=1 mu_bwd=1) | grad=3.141 | tok/s=88,417 | tokens=6.15B
step=187800 | loss=4.2341 | lr=8.83e-05 | wd=0.0000 | mom=0.9500 | T=1.0 k=1.0 (mu_rec=1 mu_bwd=1) | grad=3.516 | tok/s=88,228 | tokens=6.15B
step=187810 | loss=4.2442 | lr=8.86e-05 | wd=0.0000 | mom=0.9500 | T=1.0 k=1.0 (mu_rec=1 mu_bwd=1) | grad=3.172 | tok/s=88,200 | tokens=6.15B
step=187820 | loss=3.9040 | lr=8.88e-05 | wd=0.0000 | mom=0.9500 | T=1.0 k=1.0 (mu_rec=1 mu_bwd=1) | grad=2.719 | tok/s=87,864 | tokens=6.15B
step=187830 | loss=4.0570 | lr=8.90e-05 | wd=0.0000 | mom=0.9500 | T=1.0 k=1.0 (mu_rec=1 mu_bwd=1) | grad=2.750 | tok/s=87,910 | tokens=6.15B
step=187840 | loss=4.4328 | lr=8.93e-05 | wd=0.0000 | mom=0.9500 | T=1.0 k=1.0 (mu_rec=1 mu_bwd=1) | grad=2.734 | tok/s=87,824 | tokens=6.16B
step=187850 | loss=4.2552 | lr=8.95e-05 | wd=0.0000 | mom=0.9500 | T=1.0 k=1.0 (mu_rec=1 mu_bwd=1) | grad=2.750 | tok/s=87,685 | tokens=6.16B
step=187860 | loss=4.1201 | lr=8.97e-05 | wd=0.0000 | mom=0.9500 | T=1.0 k=1.0 (mu_rec=1 mu_bwd=1) | grad=7.250 | tok/s=87,597 | tokens=6.16B
step=187870 | loss=4.1188 | lr=8.99e-05 | wd=0.0000 | mom=0.9500 | T=1.0 k=1.0 (mu_rec=1 mu_bwd=1) | grad=6.000 | tok/s=87,405 | tokens=6.16B
step=187880 | loss=4.2833 | lr=9.02e-05 | wd=0.0000 | mom=0.9500 | T=1.0 k=1.0 (mu_rec=1 mu_bwd=1) | grad=3.047 | tok/s=87,395 | tokens=6.16B
step=187890 | loss=4.1998 | lr=9.04e-05 | wd=0.0000 | mom=0.9500 | T=1.0 k=1.0 (mu_rec=1 mu_bwd=1) | grad=16.125 | tok/s=87,262 | tokens=6.16B
step=187900 | loss=4.0957 | lr=9.06e-05 | wd=0.0000 | mom=0.9500 | T=1.0 k=1.0 (mu_rec=1 mu_bwd=1) | grad=4.750 | tok/s=87,142 | tokens=6.16B
step=187910 | loss=4.3156 | lr=9.09e-05 | wd=0.0000 | mom=0.9500 | T=1.0 k=1.0 (mu_rec=1 mu_bwd=1) | grad=2.938 | tok/s=87,109 | tokens=6.16B
step=187920 | loss=4.1853 | lr=9.11e-05 | wd=0.0000 | mom=0.9500 | T=1.0 k=1.0 (mu_rec=1 mu_bwd=1) | grad=2.734 | tok/s=87,093 | tokens=6.16B
step=187930 | loss=4.1197 | lr=9.13e-05 | wd=0.0000 | mom=0.9500 | T=1.0 k=1.0 (mu_rec=1 mu_bwd=1) | grad=4.938 | tok/s=87,030 | tokens=6.16B
step=187940 | loss=4.0882 | lr=9.16e-05 | wd=0.0000 | mom=0.9500 | T=1.0 k=1.0 (mu_rec=1 mu_bwd=1) | grad=2.797 | tok/s=86,975 | tokens=6.16B
step=187950 | loss=4.3467 | lr=9.18e-05 | wd=0.0000 | mom=0.9500 | T=1.0 k=1.0 (mu_rec=1 mu_bwd=1) | grad=3.172 | tok/s=86,783 | tokens=6.16B
step=187960 | loss=4.1315 | lr=9.20e-05 | wd=0.0000 | mom=0.9500 | T=1.0 k=1.0 (mu_rec=1 mu_bwd=1) | grad=3.328 | tok/s=86,810 | tokens=6.16B
step=187970 | loss=4.1398 | lr=9.23e-05 | wd=0.0000 | mom=0.9500 | T=1.0 k=1.0 (mu_rec=1 mu_bwd=1) | grad=2.547 | tok/s=86,700 | tokens=6.16B
step=187980 | loss=4.4952 | lr=9.25e-05 | wd=0.0000 | mom=0.9500 | T=1.0 k=1.0 (mu_rec=1 mu_bwd=1) | grad=3.469 | tok/s=86,587 | tokens=6.16B
step=187990 | loss=4.8078 | lr=9.27e-05 | wd=0.0000 | mom=0.9500 | T=1.0 k=1.0 (mu_rec=1 mu_bwd=1) | grad=3.875 | tok/s=86,753 | tokens=6.16B
step=188000 | loss=5.0101 | lr=9.30e-05 | wd=0.0000 | mom=0.9500 | T=1.0 k=1.0 (mu_rec=1 mu_bwd=1) | grad=4.312 | tok/s=86,572 | tokens=6.16B
[step 188000] Saved -> runs/pythia-5b/checkpoint_0188000
[step 188000] Pruned -> runs/pythia-5b/checkpoint_0182000
step=188010 | loss=4.6787 | lr=9.32e-05 | wd=0.0000 | mom=0.9500 | T=1.0 k=1.0 (mu_rec=1 mu_bwd=1) | grad=4.031 | tok/s=71,535 | tokens=6.16B
step=188020 | loss=4.2494 | lr=9.34e-05 | wd=0.0000 | mom=0.9500 | T=1.0 k=1.0 (mu_rec=1 mu_bwd=1) | grad=3.141 | tok/s=86,675 | tokens=6.16B
step=188030 | loss=4.3082 | lr=9.37e-05 | wd=0.0000 | mom=0.9500 | T=1.0 k=1.0 (mu_rec=1 mu_bwd=1) | grad=5.156 | tok/s=86,646 | tokens=6.16B
step=188040 | loss=4.4838 | lr=9.39e-05 | wd=0.0000 | mom=0.9500 | T=1.0 k=1.0 (mu_rec=1 mu_bwd=1) | grad=4.688 | tok/s=86,731 | tokens=6.16B
step=188050 | loss=4.1533 | lr=9.42e-05 | wd=0.0000 | mom=0.9500 | T=1.0 k=1.0 (mu_rec=1 mu_bwd=1) | grad=3.078 | tok/s=86,821 | tokens=6.16B
step=188060 | loss=4.4931 | lr=9.44e-05 | wd=0.0000 | mom=0.9500 | T=1.0 k=1.0 (mu_rec=1 mu_bwd=1) | grad=3.453 | tok/s=86,797 | tokens=6.16B
step=188070 | loss=4.2753 | lr=9.46e-05 | wd=0.0000 | mom=0.9500 | T=1.0 k=1.0 (mu_rec=1 mu_bwd=1) | grad=8.500 | tok/s=86,837 | tokens=6.16B
step=188080 | loss=4.1872 | lr=9.49e-05 | wd=0.0000 | mom=0.9500 | T=1.0 k=1.0 (mu_rec=1 mu_bwd=1) | grad=4.219 | tok/s=86,878 | tokens=6.16B
step=188090 | loss=4.3189 | lr=9.51e-05 | wd=0.0000 | mom=0.9500 | T=1.0 k=1.0 (mu_rec=1 mu_bwd=1) | grad=2.719 | tok/s=86,937 | tokens=6.16B
step=188100 | loss=4.1873 | lr=9.53e-05 | wd=0.0000 | mom=0.9500 | T=1.0 k=1.0 (mu_rec=1 mu_bwd=1) | grad=3.562 | tok/s=86,910 | tokens=6.16B
step=188110 | loss=4.3032 | lr=9.56e-05 | wd=0.0000 | mom=0.9500 | T=1.0 k=1.0 (mu_rec=1 mu_bwd=1) | grad=3.094 | tok/s=86,897 | tokens=6.16B
step=188120 | loss=4.3747 | lr=9.58e-05 | wd=0.0000 | mom=0.9500 | T=1.0 k=1.0 (mu_rec=1 mu_bwd=1) | grad=4.469 | tok/s=86,995 | tokens=6.16B
step=188130 | loss=4.3932 | lr=9.61e-05 | wd=0.0000 | mom=0.9500 | T=1.0 k=1.0 (mu_rec=1 mu_bwd=1) | grad=3.297 | tok/s=9,198 | tokens=6.16B
step=188140 | loss=4.2083 | lr=9.63e-05 | wd=0.0000 | mom=0.9500 | T=1.0 k=1.0 (mu_rec=1 mu_bwd=1) | grad=3.594 | tok/s=88,753 | tokens=6.16B
step=188150 | loss=3.9081 | lr=9.65e-05 | wd=0.0000 | mom=0.9500 | T=1.0 k=1.0 (mu_rec=1 mu_bwd=1) | grad=3.812 | tok/s=88,659 | tokens=6.17B
step=188160 | loss=4.1613 | lr=9.68e-05 | wd=0.0000 | mom=0.9500 | T=1.0 k=1.0 (mu_rec=1 mu_bwd=1) | grad=2.703 | tok/s=88,364 | tokens=6.17B
step=188170 | loss=4.2707 | lr=9.70e-05 | wd=0.0000 | mom=0.9500 | T=1.0 k=1.0 (mu_rec=1 mu_bwd=1) | grad=2.875 | tok/s=88,347 | tokens=6.17B
step=188180 | loss=4.2406 | lr=9.73e-05 | wd=0.0000 | mom=0.9500 | T=1.0 k=1.0 (mu_rec=1 mu_bwd=1) | grad=3.984 | tok/s=88,345 | tokens=6.17B
step=188190 | loss=4.3556 | lr=9.75e-05 | wd=0.0000 | mom=0.9500 | T=1.0 k=1.0 (mu_rec=1 mu_bwd=1) | grad=4.875 | tok/s=88,139 | tokens=6.17B
step=188200 | loss=4.4519 | lr=9.77e-05 | wd=0.0000 | mom=0.9500 | T=1.0 k=1.0 (mu_rec=1 mu_bwd=1) | grad=2.828 | tok/s=88,072 | tokens=6.17B
step=188210 | loss=4.3707 | lr=9.80e-05 | wd=0.0000 | mom=0.9500 | T=1.0 k=1.0 (mu_rec=1 mu_bwd=1) | grad=4.000 | tok/s=87,967 | tokens=6.17B
step=188220 | loss=4.4909 | lr=9.82e-05 | wd=0.0000 | mom=0.9500 | T=1.0 k=1.0 (mu_rec=1 mu_bwd=1) | grad=3.641 | tok/s=87,842 | tokens=6.17B
step=188230 | loss=4.2967 | lr=9.85e-05 | wd=0.0000 | mom=0.9500 | T=1.0 k=1.0 (mu_rec=1 mu_bwd=1) | grad=2.703 | tok/s=87,817 | tokens=6.17B
step=188240 | loss=4.6056 | lr=9.87e-05 | wd=0.0000 | mom=0.9500 | T=1.0 k=1.0 (mu_rec=1 mu_bwd=1) | grad=3.094 | tok/s=87,765 | tokens=6.17B
step=188250 | loss=4.0132 | lr=9.89e-05 | wd=0.0000 | mom=0.9500 | T=1.0 k=1.0 (mu_rec=1 mu_bwd=1) | grad=3.766 | tok/s=87,624 | tokens=6.17B
step=188260 | loss=4.4001 | lr=9.92e-05 | wd=0.0000 | mom=0.9500 | T=1.0 k=1.0 (mu_rec=1 mu_bwd=1) | grad=2.984 | tok/s=87,657 | tokens=6.17B
step=188270 | loss=4.2961 | lr=9.94e-05 | wd=0.0000 | mom=0.9500 | T=1.0 k=1.0 (mu_rec=1 mu_bwd=1) | grad=3.906 | tok/s=87,571 | tokens=6.17B
step=188280 | loss=4.2059 | lr=9.97e-05 | wd=0.0000 | mom=0.9500 | T=1.0 k=1.0 (mu_rec=1 mu_bwd=1) | grad=5.625 | tok/s=87,494 | tokens=6.17B
step=188290 | loss=4.2920 | lr=9.99e-05 | wd=0.0000 | mom=0.9500 | T=1.0 k=1.0 (mu_rec=1 mu_bwd=1) | grad=3.484 | tok/s=87,510 | tokens=6.17B
step=188300 | loss=4.4085 | lr=1.00e-04 | wd=0.0000 | mom=0.9500 | T=1.0 k=1.0 (mu_rec=1 mu_bwd=1) | grad=5.281 | tok/s=87,378 | tokens=6.17B
step=188310 | loss=4.3419 | lr=1.00e-04 | wd=0.0000 | mom=0.9500 | T=1.0 k=1.0 (mu_rec=1 mu_bwd=1) | grad=3.078 | tok/s=87,303 | tokens=6.17B
step=188320 | loss=4.1580 | lr=1.01e-04 | wd=0.0000 | mom=0.9500 | T=1.0 k=1.0 (mu_rec=1 mu_bwd=1) | grad=4.688 | tok/s=87,324 | tokens=6.17B
step=188330 | loss=4.0986 | lr=1.01e-04 | wd=0.0000 | mom=0.9500 | T=1.0 k=1.0 (mu_rec=1 mu_bwd=1) | grad=2.906 | tok/s=87,263 | tokens=6.17B
step=188340 | loss=4.4563 | lr=1.01e-04 | wd=0.0000 | mom=0.9500 | T=1.0 k=1.0 (mu_rec=1 mu_bwd=1) | grad=2.734 | tok/s=87,368 | tokens=6.17B
step=188350 | loss=4.5348 | lr=1.01e-04 | wd=0.0000 | mom=0.9500 | T=1.0 k=1.0 (mu_rec=1 mu_bwd=1) | grad=3.734 | tok/s=87,170 | tokens=6.17B
step=188360 | loss=4.3448 | lr=1.02e-04 | wd=0.0000 | mom=0.9500 | T=1.0 k=1.0 (mu_rec=1 mu_bwd=1) | grad=2.875 | tok/s=87,178 | tokens=6.17B
step=188370 | loss=4.1532 | lr=1.02e-04 | wd=0.0000 | mom=0.9500 | T=1.0 k=1.0 (mu_rec=1 mu_bwd=1) | grad=3.141 | tok/s=87,121 | tokens=6.17B
step=188380 | loss=4.3058 | lr=1.02e-04 | wd=0.0000 | mom=0.9500 | T=1.0 k=1.0 (mu_rec=1 mu_bwd=1) | grad=2.641 | tok/s=87,074 | tokens=6.17B
step=188390 | loss=4.3673 | lr=1.02e-04 | wd=0.0000 | mom=0.9500 | T=1.0 k=1.0 (mu_rec=1 mu_bwd=1) | grad=2.906 | tok/s=87,039 | tokens=6.17B
step=188400 | loss=4.1030 | lr=1.03e-04 | wd=0.0000 | mom=0.9500 | T=1.0 k=1.0 (mu_rec=1 mu_bwd=1) | grad=2.578 | tok/s=87,085 | tokens=6.17B
step=188410 | loss=4.4276 | lr=1.03e-04 | wd=0.0000 | mom=0.9500 | T=1.0 k=1.0 (mu_rec=1 mu_bwd=1) | grad=4.719 | tok/s=86,944 | tokens=6.17B
step=188420 | loss=4.5682 | lr=1.03e-04 | wd=0.0000 | mom=0.9500 | T=1.0 k=1.0 (mu_rec=1 mu_bwd=1) | grad=3.281 | tok/s=87,036 | tokens=6.17B
step=188430 | loss=4.2081 | lr=1.03e-04 | wd=0.0000 | mom=0.9500 | T=1.0 k=1.0 (mu_rec=1 mu_bwd=1) | grad=4.188 | tok/s=87,104 | tokens=6.17B
step=188440 | loss=4.4005 | lr=1.04e-04 | wd=0.0000 | mom=0.9500 | T=1.0 k=1.0 (mu_rec=1 mu_bwd=1) | grad=3.922 | tok/s=87,034 | tokens=6.17B
step=188450 | loss=4.2346 | lr=1.04e-04 | wd=0.0000 | mom=0.9500 | T=1.0 k=1.0 (mu_rec=1 mu_bwd=1) | grad=3.297 | tok/s=86,916 | tokens=6.18B
step=188460 | loss=4.2376 | lr=1.04e-04 | wd=0.0000 | mom=0.9500 | T=1.0 k=1.0 (mu_rec=1 mu_bwd=1) | grad=3.922 | tok/s=86,962 | tokens=6.18B
step=188470 | loss=4.3243 | lr=1.04e-04 | wd=0.0000 | mom=0.9500 | T=1.0 k=1.0 (mu_rec=1 mu_bwd=1) | grad=3.422 | tok/s=87,070 | tokens=6.18B
step=188480 | loss=4.3736 | lr=1.05e-04 | wd=0.0000 | mom=0.9500 | T=1.0 k=1.0 (mu_rec=1 mu_bwd=1) | grad=3.266 | tok/s=86,850 | tokens=6.18B
step=188490 | loss=4.2324 | lr=1.05e-04 | wd=0.0000 | mom=0.9500 | T=1.0 k=1.0 (mu_rec=1 mu_bwd=1) | grad=5.000 | tok/s=87,312 | tokens=6.18B
step=188500 | loss=4.2380 | lr=1.05e-04 | wd=0.0000 | mom=0.9500 | T=1.0 k=1.0 (mu_rec=1 mu_bwd=1) | grad=2.688 | tok/s=87,256 | tokens=6.18B
step=188510 | loss=4.1963 | lr=1.05e-04 | wd=0.0000 | mom=0.9500 | T=1.0 k=1.0 (mu_rec=1 mu_bwd=1) | grad=3.625 | tok/s=87,188 | tokens=6.18B
step=188520 | loss=4.3654 | lr=1.06e-04 | wd=0.0000 | mom=0.9500 | T=1.0 k=1.0 (mu_rec=1 mu_bwd=1) | grad=3.172 | tok/s=87,300 | tokens=6.18B
step=188530 | loss=4.7196 | lr=1.06e-04 | wd=0.0000 | mom=0.9500 | T=1.0 k=1.0 (mu_rec=1 mu_bwd=1) | grad=3.266 | tok/s=87,149 | tokens=6.18B
step=188540 | loss=4.6635 | lr=1.06e-04 | wd=0.0000 | mom=0.9500 | T=1.0 k=1.0 (mu_rec=1 mu_bwd=1) | grad=3.750 | tok/s=87,102 | tokens=6.18B
step=188550 | loss=4.3516 | lr=1.06e-04 | wd=0.0000 | mom=0.9500 | T=1.0 k=1.0 (mu_rec=1 mu_bwd=1) | grad=3.625 | tok/s=87,099 | tokens=6.18B
step=188560 | loss=4.2793 | lr=1.07e-04 | wd=0.0000 | mom=0.9500 | T=1.0 k=1.0 (mu_rec=1 mu_bwd=1) | grad=3.734 | tok/s=87,188 | tokens=6.18B
step=188570 | loss=4.5871 | lr=1.07e-04 | wd=0.0000 | mom=0.9500 | T=1.0 k=1.0 (mu_rec=1 mu_bwd=1) | grad=5.094 | tok/s=87,118 | tokens=6.18B
step=188580 | loss=4.8906 | lr=1.07e-04 | wd=0.0000 | mom=0.9500 | T=1.0 k=1.0 (mu_rec=1 mu_bwd=1) | grad=6.844 | tok/s=8,479 | tokens=6.18B
step=188590 | loss=4.2937 | lr=1.07e-04 | wd=0.0000 | mom=0.9500 | T=1.0 k=1.0 (mu_rec=1 mu_bwd=1) | grad=3.656 | tok/s=88,564 | tokens=6.18B
step=188600 | loss=4.2696 | lr=1.08e-04 | wd=0.0000 | mom=0.9500 | T=1.0 k=1.0 (mu_rec=1 mu_bwd=1) | grad=3.375 | tok/s=88,347 | tokens=6.18B
step=188610 | loss=4.5406 | lr=1.08e-04 | wd=0.0000 | mom=0.9500 | T=1.0 k=1.0 (mu_rec=1 mu_bwd=1) | grad=2.766 | tok/s=88,249 | tokens=6.18B
step=188620 | loss=5.2747 | lr=1.08e-04 | wd=0.0000 | mom=0.9500 | T=1.0 k=1.0 (mu_rec=1 mu_bwd=1) | grad=4.062 | tok/s=88,166 | tokens=6.18B
step=188630 | loss=4.8143 | lr=1.08e-04 | wd=0.0000 | mom=0.9500 | T=1.0 k=1.0 (mu_rec=1 mu_bwd=1) | grad=4.188 | tok/s=87,971 | tokens=6.18B
step=188640 | loss=4.2808 | lr=1.09e-04 | wd=0.0000 | mom=0.9500 | T=1.0 k=1.0 (mu_rec=1 mu_bwd=1) | grad=3.531 | tok/s=87,882 | tokens=6.18B
step=188650 | loss=4.4504 | lr=1.09e-04 | wd=0.0000 | mom=0.9500 | T=1.0 k=1.0 (mu_rec=1 mu_bwd=1) | grad=2.922 | tok/s=87,665 | tokens=6.18B
step=188660 | loss=4.3115 | lr=1.09e-04 | wd=0.0000 | mom=0.9500 | T=1.0 k=1.0 (mu_rec=1 mu_bwd=1) | grad=3.516 | tok/s=87,646 | tokens=6.18B
step=188670 | loss=4.3759 | lr=1.09e-04 | wd=0.0000 | mom=0.9500 | T=1.0 k=1.0 (mu_rec=1 mu_bwd=1) | grad=2.969 | tok/s=87,640 | tokens=6.18B
step=188680 | loss=4.1767 | lr=1.10e-04 | wd=0.0000 | mom=0.9500 | T=1.0 k=1.0 (mu_rec=1 mu_bwd=1) | grad=3.094 | tok/s=87,414 | tokens=6.18B
step=188690 | loss=4.3950 | lr=1.10e-04 | wd=0.0000 | mom=0.9500 | T=1.0 k=1.0 (mu_rec=1 mu_bwd=1) | grad=6.344 | tok/s=87,441 | tokens=6.18B
step=188700 | loss=4.3043 | lr=1.10e-04 | wd=0.0000 | mom=0.9500 | T=1.0 k=1.0 (mu_rec=1 mu_bwd=1) | grad=3.344 | tok/s=87,281 | tokens=6.18B
step=188710 | loss=4.3899 | lr=1.10e-04 | wd=0.0000 | mom=0.9500 | T=1.0 k=1.0 (mu_rec=1 mu_bwd=1) | grad=7.719 | tok/s=87,046 | tokens=6.18B
step=188720 | loss=4.2004 | lr=1.11e-04 | wd=0.0000 | mom=0.9500 | T=1.0 k=1.0 (mu_rec=1 mu_bwd=1) | grad=3.125 | tok/s=87,047 | tokens=6.18B
step=188730 | loss=4.4870 | lr=1.11e-04 | wd=0.0000 | mom=0.9500 | T=1.0 k=1.0 (mu_rec=1 mu_bwd=1) | grad=3.562 | tok/s=86,994 | tokens=6.18B
step=188740 | loss=4.0498 | lr=1.11e-04 | wd=0.0000 | mom=0.9500 | T=1.0 k=1.0 (mu_rec=1 mu_bwd=1) | grad=3.516 | tok/s=87,000 | tokens=6.18B
step=188750 | loss=4.2509 | lr=1.11e-04 | wd=0.0000 | mom=0.9500 | T=1.0 k=1.0 (mu_rec=1 mu_bwd=1) | grad=4.625 | tok/s=87,076 | tokens=6.18B
step=188760 | loss=4.2526 | lr=1.12e-04 | wd=0.0000 | mom=0.9500 | T=1.0 k=1.0 (mu_rec=1 mu_bwd=1) | grad=4.562 | tok/s=87,053 | tokens=6.19B
step=188770 | loss=4.3394 | lr=1.12e-04 | wd=0.0000 | mom=0.9500 | T=1.0 k=1.0 (mu_rec=1 mu_bwd=1) | grad=2.938 | tok/s=87,046 | tokens=6.19B
step=188780 | loss=4.2221 | lr=1.12e-04 | wd=0.0000 | mom=0.9500 | T=1.0 k=1.0 (mu_rec=1 mu_bwd=1) | grad=6.750 | tok/s=86,996 | tokens=6.19B
step=188790 | loss=4.2145 | lr=1.12e-04 | wd=0.0000 | mom=0.9500 | T=1.0 k=1.0 (mu_rec=1 mu_bwd=1) | grad=3.188 | tok/s=86,834 | tokens=6.19B
step=188800 | loss=5.0120 | lr=1.13e-04 | wd=0.0000 | mom=0.9500 | T=1.0 k=1.0 (mu_rec=1 mu_bwd=1) | grad=4.125 | tok/s=86,934 | tokens=6.19B
step=188810 | loss=4.4368 | lr=1.13e-04 | wd=0.0000 | mom=0.9500 | T=1.0 k=1.0 (mu_rec=1 mu_bwd=1) | grad=2.953 | tok/s=86,894 | tokens=6.19B
step=188820 | loss=4.4195 | lr=1.13e-04 | wd=0.0000 | mom=0.9500 | T=1.0 k=1.0 (mu_rec=1 mu_bwd=1) | grad=2.953 | tok/s=86,872 | tokens=6.19B
step=188830 | loss=3.9881 | lr=1.13e-04 | wd=0.0000 | mom=0.9500 | T=1.0 k=1.0 (mu_rec=1 mu_bwd=1) | grad=4.875 | tok/s=86,983 | tokens=6.19B
step=188840 | loss=4.3601 | lr=1.14e-04 | wd=0.0000 | mom=0.9500 | T=1.0 k=1.0 (mu_rec=1 mu_bwd=1) | grad=3.531 | tok/s=86,937 | tokens=6.19B
step=188850 | loss=4.2996 | lr=1.14e-04 | wd=0.0000 | mom=0.9500 | T=1.0 k=1.0 (mu_rec=1 mu_bwd=1) | grad=2.828 | tok/s=86,925 | tokens=6.19B
step=188860 | loss=4.3255 | lr=1.14e-04 | wd=0.0000 | mom=0.9500 | T=1.0 k=1.0 (mu_rec=1 mu_bwd=1) | grad=3.297 | tok/s=87,128 | tokens=6.19B
step=188870 | loss=4.1235 | lr=1.14e-04 | wd=0.0000 | mom=0.9500 | T=1.0 k=1.0 (mu_rec=1 mu_bwd=1) | grad=2.891 | tok/s=87,242 | tokens=6.19B
step=188880 | loss=4.2077 | lr=1.15e-04 | wd=0.0000 | mom=0.9500 | T=1.0 k=1.0 (mu_rec=1 mu_bwd=1) | grad=3.391 | tok/s=87,161 | tokens=6.19B
step=188890 | loss=4.2577 | lr=1.15e-04 | wd=0.0000 | mom=0.9500 | T=1.0 k=1.0 (mu_rec=1 mu_bwd=1) | grad=2.875 | tok/s=87,197 | tokens=6.19B
step=188900 | loss=4.3872 | lr=1.15e-04 | wd=0.0000 | mom=0.9500 | T=1.0 k=1.0 (mu_rec=1 mu_bwd=1) | grad=3.734 | tok/s=87,176 | tokens=6.19B
step=188910 | loss=4.1469 | lr=1.16e-04 | wd=0.0000 | mom=0.9500 | T=1.0 k=1.0 (mu_rec=1 mu_bwd=1) | grad=3.281 | tok/s=87,310 | tokens=6.19B
step=188920 | loss=4.3676 | lr=1.16e-04 | wd=0.0000 | mom=0.9500 | T=1.0 k=1.0 (mu_rec=1 mu_bwd=1) | grad=3.703 | tok/s=87,399 | tokens=6.19B
step=188930 | loss=4.2869 | lr=1.16e-04 | wd=0.0000 | mom=0.9500 | T=1.0 k=1.0 (mu_rec=1 mu_bwd=1) | grad=4.125 | tok/s=87,407 | tokens=6.19B
step=188940 | loss=4.2456 | lr=1.16e-04 | wd=0.0000 | mom=0.9500 | T=1.0 k=1.0 (mu_rec=1 mu_bwd=1) | grad=2.719 | tok/s=87,427 | tokens=6.19Bwandb: updating run metadata
wandb: uploading output.log; uploading wandb-summary.json
wandb: 
wandb: Run history:
wandb: train/grad_norm ▁▁▁▁▁▂▁▄▇▂▂▁▃▃█▂▁▁▄▃▆▃▂▄▁▂▃▄▆▂▂▂▄▂▃▁▁▂▄▂
wandb:      train/loss ▆▆▄▅▇▄▂▅█▄▅▅▃▆▄▆▄▅▄▄▅▃▃▃▄▃▆▅▆▁▆▄▄▅▄▃▂▅▂▄
wandb:        train/lr ▁▁▁▁▁▁▁▂▂▃▄▆▆▆▇▇▇████▇▇▇▆▆▅▄▄▄▃▃▃▂▂▁▂▂▂▄
wandb:    train/mean_T ▁▁▁▁▁▁▁▁▁▁▁▁▁▁▁▁▁▁▁▁▁▁▁▁▁▁▁▁▁▁▁▁▁▁▁▁▁▁▁▁
wandb:    train/mean_k ▁▁▁▁▁▁▁▁▁▁▁▁▁▁▁▁▁▁▁▁▁▁▁▁▁▁▁▁▁▁▁▁▁▁▁▁▁▁▁▁
wandb:  train/momentum ▁▁▁▁▁▁▁▁▁▁▁▁▁▁▁▁▁▁▁▁▁▁▁▁▁▁▁▁▁▁▁▁▁▁▁▁▁▁▁▁
wandb:    train/mu_bwd ▁▁▁▁▁▁▁▁▁▁▁▁▁▁▁▁▁▁▁▁▁▁▁▁▁▁▁▁▁▁▁▁▁▁▁▁▁▁▁▁
wandb:    train/mu_rec ▁▁▁▁▁▁▁▁▁▁▁▁▁▁▁▁▁▁▁▁▁▁▁▁▁▁▁▁▁▁▁▁▁▁▁▁▁▁▁▁
wandb:     train/phase ▁▁▁▁▁▁▁▁▁▁▁▁▁▁▁▁▁▁▁▁▁▁▁▁▁▁▁▁▁▁▁▁▁▁▁▁▁▁▁▁
wandb:       train/ppl ▃█▆▅▇▅▇▂▅▄▃▄▅▅▇▅█▂▅▄▄▂▆▁▃▃▇▆█▄▇▅▅▃▃▄▇▅▅▂
wandb:              +4 ...
wandb: 
wandb: Run summary:
wandb: train/grad_norm 6.875
wandb:      train/loss 4.17109
wandb:        train/lr 0.00016
wandb:    train/mean_T 1
wandb:    train/mean_k 1
wandb:  train/momentum 0.95
wandb:    train/mu_bwd 1
wandb:    train/mu_rec 1
wandb:     train/phase 1
wandb:       train/ppl 64.78605
wandb:              +4 ...
wandb: 
wandb: 🚀 View run pythia-5b at: https://wandb.ai/henryyjiang42-georgia-institute-of-technology/cortex-gpt/runs/tpwcrqul
wandb: ⭐️ View project at: https://wandb.ai/henryyjiang42-georgia-institute-of-technology/cortex-gpt
wandb: Synced 5 W&B file(s), 0 media file(s), 0 artifact file(s) and 0 other file(s)
wandb: Find logs at: runs/pythia-5b/wandb/run-20260625_113231-tpwcrqul/logs

step=188950 | loss=4.5047 | lr=1.17e-04 | wd=0.0000 | mom=0.9500 | T=1.0 k=1.0 (mu_rec=1 mu_bwd=1) | grad=2.812 | tok/s=87,451 | tokens=6.19B
step=188960 | loss=4.1937 | lr=1.17e-04 | wd=0.0000 | mom=0.9500 | T=1.0 k=1.0 (mu_rec=1 mu_bwd=1) | grad=2.781 | tok/s=87,437 | tokens=6.19B
step=188970 | loss=4.4091 | lr=1.17e-04 | wd=0.0000 | mom=0.9500 | T=1.0 k=1.0 (mu_rec=1 mu_bwd=1) | grad=2.719 | tok/s=87,397 | tokens=6.19B
step=188980 | loss=4.3077 | lr=1.17e-04 | wd=0.0000 | mom=0.9500 | T=1.0 k=1.0 (mu_rec=1 mu_bwd=1) | grad=3.484 | tok/s=87,543 | tokens=6.19B
step=188990 | loss=3.7877 | lr=1.18e-04 | wd=0.0000 | mom=0.9500 | T=1.0 k=1.0 (mu_rec=1 mu_bwd=1) | grad=3.234 | tok/s=87,521 | tokens=6.19B
step=189000 | loss=4.4102 | lr=1.18e-04 | wd=0.0000 | mom=0.9500 | T=1.0 k=1.0 (mu_rec=1 mu_bwd=1) | grad=5.562 | tok/s=9,238 | tokens=6.19B
step=189010 | loss=4.1598 | lr=1.18e-04 | wd=0.0000 | mom=0.9500 | T=1.0 k=1.0 (mu_rec=1 mu_bwd=1) | grad=4.656 | tok/s=88,698 | tokens=6.19B
step=189020 | loss=4.1731 | lr=1.18e-04 | wd=0.0000 | mom=0.9500 | T=1.0 k=1.0 (mu_rec=1 mu_bwd=1) | grad=3.391 | tok/s=88,659 | tokens=6.19B
step=189030 | loss=4.4687 | lr=1.19e-04 | wd=0.0000 | mom=0.9500 | T=1.0 k=1.0 (mu_rec=1 mu_bwd=1) | grad=4.750 | tok/s=88,479 | tokens=6.19B
step=189040 | loss=4.1511 | lr=1.19e-04 | wd=0.0000 | mom=0.9500 | T=1.0 k=1.0 (mu_rec=1 mu_bwd=1) | grad=4.062 | tok/s=88,511 | tokens=6.19B
step=189050 | loss=4.2368 | lr=1.19e-04 | wd=0.0000 | mom=0.9500 | T=1.0 k=1.0 (mu_rec=1 mu_bwd=1) | grad=3.500 | tok/s=88,322 | tokens=6.19B
step=189060 | loss=4.3863 | lr=1.19e-04 | wd=0.0000 | mom=0.9500 | T=1.0 k=1.0 (mu_rec=1 mu_bwd=1) | grad=3.203 | tok/s=88,366 | tokens=6.20B
step=189070 | loss=4.1738 | lr=1.20e-04 | wd=0.0000 | mom=0.9500 | T=1.0 k=1.0 (mu_rec=1 mu_bwd=1) | grad=4.000 | tok/s=88,132 | tokens=6.20B
step=189080 | loss=4.2240 | lr=1.20e-04 | wd=0.0000 | mom=0.9500 | T=1.0 k=1.0 (mu_rec=1 mu_bwd=1) | grad=3.422 | tok/s=88,106 | tokens=6.20B
step=189090 | loss=4.0652 | lr=1.20e-04 | wd=0.0000 | mom=0.9500 | T=1.0 k=1.0 (mu_rec=1 mu_bwd=1) | grad=3.531 | tok/s=87,955 | tokens=6.20B
step=189100 | loss=4.0616 | lr=1.20e-04 | wd=0.0000 | mom=0.9500 | T=1.0 k=1.0 (mu_rec=1 mu_bwd=1) | grad=3.250 | tok/s=87,874 | tokens=6.20B
step=189110 | loss=4.1925 | lr=1.21e-04 | wd=0.0000 | mom=0.9500 | T=1.0 k=1.0 (mu_rec=1 mu_bwd=1) | grad=6.281 | tok/s=87,807 | tokens=6.20B
step=189120 | loss=4.0178 | lr=1.21e-04 | wd=0.0000 | mom=0.9500 | T=1.0 k=1.0 (mu_rec=1 mu_bwd=1) | grad=6.281 | tok/s=87,701 | tokens=6.20B
step=189130 | loss=4.1534 | lr=1.21e-04 | wd=0.0000 | mom=0.9500 | T=1.0 k=1.0 (mu_rec=1 mu_bwd=1) | grad=5.906 | tok/s=87,729 | tokens=6.20B
step=189140 | loss=4.4609 | lr=1.22e-04 | wd=0.0000 | mom=0.9500 | T=1.0 k=1.0 (mu_rec=1 mu_bwd=1) | grad=4.031 | tok/s=87,540 | tokens=6.20B
step=189150 | loss=4.3934 | lr=1.22e-04 | wd=0.0000 | mom=0.9500 | T=1.0 k=1.0 (mu_rec=1 mu_bwd=1) | grad=2.906 | tok/s=87,452 | tokens=6.20B
step=189160 | loss=4.3027 | lr=1.22e-04 | wd=0.0000 | mom=0.9500 | T=1.0 k=1.0 (mu_rec=1 mu_bwd=1) | grad=3.578 | tok/s=87,430 | tokens=6.20B
step=189170 | loss=4.1397 | lr=1.22e-04 | wd=0.0000 | mom=0.9500 | T=1.0 k=1.0 (mu_rec=1 mu_bwd=1) | grad=2.906 | tok/s=87,390 | tokens=6.20B
step=189180 | loss=4.3123 | lr=1.23e-04 | wd=0.0000 | mom=0.9500 | T=1.0 k=1.0 (mu_rec=1 mu_bwd=1) | grad=6.625 | tok/s=87,488 | tokens=6.20B
step=189190 | loss=4.1518 | lr=1.23e-04 | wd=0.0000 | mom=0.9500 | T=1.0 k=1.0 (mu_rec=1 mu_bwd=1) | grad=8.375 | tok/s=87,241 | tokens=6.20B
step=189200 | loss=4.5852 | lr=1.23e-04 | wd=0.0000 | mom=0.9500 | T=1.0 k=1.0 (mu_rec=1 mu_bwd=1) | grad=5.969 | tok/s=87,238 | tokens=6.20B
step=189210 | loss=4.2818 | lr=1.23e-04 | wd=0.0000 | mom=0.9500 | T=1.0 k=1.0 (mu_rec=1 mu_bwd=1) | grad=3.562 | tok/s=87,269 | tokens=6.20B
step=189220 | loss=4.0910 | lr=1.24e-04 | wd=0.0000 | mom=0.9500 | T=1.0 k=1.0 (mu_rec=1 mu_bwd=1) | grad=3.297 | tok/s=87,312 | tokens=6.20B
step=189230 | loss=4.2854 | lr=1.24e-04 | wd=0.0000 | mom=0.9500 | T=1.0 k=1.0 (mu_rec=1 mu_bwd=1) | grad=9.625 | tok/s=87,216 | tokens=6.20B
step=189240 | loss=4.3836 | lr=1.24e-04 | wd=0.0000 | mom=0.9500 | T=1.0 k=1.0 (mu_rec=1 mu_bwd=1) | grad=4.000 | tok/s=87,104 | tokens=6.20B
step=189250 | loss=4.4118 | lr=1.24e-04 | wd=0.0000 | mom=0.9500 | T=1.0 k=1.0 (mu_rec=1 mu_bwd=1) | grad=3.562 | tok/s=87,168 | tokens=6.20B
step=189260 | loss=4.3315 | lr=1.25e-04 | wd=0.0000 | mom=0.9500 | T=1.0 k=1.0 (mu_rec=1 mu_bwd=1) | grad=4.031 | tok/s=87,120 | tokens=6.20B
step=189270 | loss=4.2848 | lr=1.25e-04 | wd=0.0000 | mom=0.9500 | T=1.0 k=1.0 (mu_rec=1 mu_bwd=1) | grad=6.469 | tok/s=87,091 | tokens=6.20B
step=189280 | loss=4.2162 | lr=1.25e-04 | wd=0.0000 | mom=0.9500 | T=1.0 k=1.0 (mu_rec=1 mu_bwd=1) | grad=6.125 | tok/s=87,119 | tokens=6.20B
step=189290 | loss=4.2091 | lr=1.25e-04 | wd=0.0000 | mom=0.9500 | T=1.0 k=1.0 (mu_rec=1 mu_bwd=1) | grad=3.672 | tok/s=87,064 | tokens=6.20B
step=189300 | loss=4.0480 | lr=1.26e-04 | wd=0.0000 | mom=0.9500 | T=1.0 k=1.0 (mu_rec=1 mu_bwd=1) | grad=4.312 | tok/s=87,095 | tokens=6.20B
step=189310 | loss=4.5179 | lr=1.26e-04 | wd=0.0000 | mom=0.9500 | T=1.0 k=1.0 (mu_rec=1 mu_bwd=1) | grad=3.422 | tok/s=87,051 | tokens=6.20B
step=189320 | loss=4.2714 | lr=1.26e-04 | wd=0.0000 | mom=0.9500 | T=1.0 k=1.0 (mu_rec=1 mu_bwd=1) | grad=3.312 | tok/s=86,971 | tokens=6.20B
step=189330 | loss=4.2409 | lr=1.27e-04 | wd=0.0000 | mom=0.9500 | T=1.0 k=1.0 (mu_rec=1 mu_bwd=1) | grad=3.094 | tok/s=87,030 | tokens=6.20B
step=189340 | loss=4.2096 | lr=1.27e-04 | wd=0.0000 | mom=0.9500 | T=1.0 k=1.0 (mu_rec=1 mu_bwd=1) | grad=7.781 | tok/s=86,934 | tokens=6.20B
step=189350 | loss=4.5619 | lr=1.27e-04 | wd=0.0000 | mom=0.9500 | T=1.0 k=1.0 (mu_rec=1 mu_bwd=1) | grad=2.969 | tok/s=86,960 | tokens=6.20B
step=189360 | loss=4.5285 | lr=1.27e-04 | wd=0.0000 | mom=0.9500 | T=1.0 k=1.0 (mu_rec=1 mu_bwd=1) | grad=3.766 | tok/s=86,964 | tokens=6.20B
step=189370 | loss=4.2278 | lr=1.28e-04 | wd=0.0000 | mom=0.9500 | T=1.0 k=1.0 (mu_rec=1 mu_bwd=1) | grad=2.844 | tok/s=87,053 | tokens=6.21B
step=189380 | loss=4.1120 | lr=1.28e-04 | wd=0.0000 | mom=0.9500 | T=1.0 k=1.0 (mu_rec=1 mu_bwd=1) | grad=3.781 | tok/s=86,819 | tokens=6.21B
step=189390 | loss=4.2662 | lr=1.28e-04 | wd=0.0000 | mom=0.9500 | T=1.0 k=1.0 (mu_rec=1 mu_bwd=1) | grad=3.906 | tok/s=86,917 | tokens=6.21B
step=189400 | loss=4.4017 | lr=1.28e-04 | wd=0.0000 | mom=0.9500 | T=1.0 k=1.0 (mu_rec=1 mu_bwd=1) | grad=8.875 | tok/s=86,876 | tokens=6.21B
step=189410 | loss=4.3270 | lr=1.29e-04 | wd=0.0000 | mom=0.9500 | T=1.0 k=1.0 (mu_rec=1 mu_bwd=1) | grad=4.344 | tok/s=86,894 | tokens=6.21B
step=189420 | loss=4.1597 | lr=1.29e-04 | wd=0.0000 | mom=0.9500 | T=1.0 k=1.0 (mu_rec=1 mu_bwd=1) | grad=3.156 | tok/s=86,913 | tokens=6.21B
step=189430 | loss=4.4702 | lr=1.29e-04 | wd=0.0000 | mom=0.9500 | T=1.0 k=1.0 (mu_rec=1 mu_bwd=1) | grad=4.688 | tok/s=86,818 | tokens=6.21B
step=189440 | loss=4.6022 | lr=1.29e-04 | wd=0.0000 | mom=0.9500 | T=1.0 k=1.0 (mu_rec=1 mu_bwd=1) | grad=7.469 | tok/s=86,813 | tokens=6.21B
step=189450 | loss=4.2275 | lr=1.30e-04 | wd=0.0000 | mom=0.9500 | T=1.0 k=1.0 (mu_rec=1 mu_bwd=1) | grad=3.984 | tok/s=86,820 | tokens=6.21B
step=189460 | loss=4.0416 | lr=1.30e-04 | wd=0.0000 | mom=0.9500 | T=1.0 k=1.0 (mu_rec=1 mu_bwd=1) | grad=4.969 | tok/s=86,716 | tokens=6.21B
step=189470 | loss=4.3046 | lr=1.30e-04 | wd=0.0000 | mom=0.9500 | T=1.0 k=1.0 (mu_rec=1 mu_bwd=1) | grad=10.625 | tok/s=86,759 | tokens=6.21B
step=189480 | loss=3.9734 | lr=1.31e-04 | wd=0.0000 | mom=0.9500 | T=1.0 k=1.0 (mu_rec=1 mu_bwd=1) | grad=3.500 | tok/s=8,956 | tokens=6.21B
step=189490 | loss=4.2031 | lr=1.31e-04 | wd=0.0000 | mom=0.9500 | T=1.0 k=1.0 (mu_rec=1 mu_bwd=1) | grad=3.516 | tok/s=88,661 | tokens=6.21B
step=189500 | loss=4.3413 | lr=1.31e-04 | wd=0.0000 | mom=0.9500 | T=1.0 k=1.0 (mu_rec=1 mu_bwd=1) | grad=2.891 | tok/s=88,448 | tokens=6.21B
step=189510 | loss=4.3430 | lr=1.31e-04 | wd=0.0000 | mom=0.9500 | T=1.0 k=1.0 (mu_rec=1 mu_bwd=1) | grad=2.609 | tok/s=88,312 | tokens=6.21B
step=189520 | loss=4.1896 | lr=1.32e-04 | wd=0.0000 | mom=0.9500 | T=1.0 k=1.0 (mu_rec=1 mu_bwd=1) | grad=5.188 | tok/s=88,097 | tokens=6.21B
step=189530 | loss=4.3755 | lr=1.32e-04 | wd=0.0000 | mom=0.9500 | T=1.0 k=1.0 (mu_rec=1 mu_bwd=1) | grad=5.281 | tok/s=87,997 | tokens=6.21B
step=189540 | loss=4.3589 | lr=1.32e-04 | wd=0.0000 | mom=0.9500 | T=1.0 k=1.0 (mu_rec=1 mu_bwd=1) | grad=4.219 | tok/s=87,950 | tokens=6.21B
step=189550 | loss=4.1407 | lr=1.32e-04 | wd=0.0000 | mom=0.9500 | T=1.0 k=1.0 (mu_rec=1 mu_bwd=1) | grad=3.500 | tok/s=87,636 | tokens=6.21B
step=189560 | loss=4.2147 | lr=1.33e-04 | wd=0.0000 | mom=0.9500 | T=1.0 k=1.0 (mu_rec=1 mu_bwd=1) | grad=3.453 | tok/s=87,527 | tokens=6.21B
step=189570 | loss=3.9001 | lr=1.33e-04 | wd=0.0000 | mom=0.9500 | T=1.0 k=1.0 (mu_rec=1 mu_bwd=1) | grad=9.625 | tok/s=87,427 | tokens=6.21B
step=189580 | loss=4.3771 | lr=1.33e-04 | wd=0.0000 | mom=0.9500 | T=1.0 k=1.0 (mu_rec=1 mu_bwd=1) | grad=6.125 | tok/s=87,429 | tokens=6.21B
step=189590 | loss=4.7282 | lr=1.34e-04 | wd=0.0000 | mom=0.9500 | T=1.0 k=1.0 (mu_rec=1 mu_bwd=1) | grad=6.500 | tok/s=87,171 | tokens=6.21B
step=189600 | loss=4.2738 | lr=1.34e-04 | wd=0.0000 | mom=0.9500 | T=1.0 k=1.0 (mu_rec=1 mu_bwd=1) | grad=5.625 | tok/s=87,017 | tokens=6.21B
step=189610 | loss=4.3189 | lr=1.34e-04 | wd=0.0000 | mom=0.9500 | T=1.0 k=1.0 (mu_rec=1 mu_bwd=1) | grad=2.875 | tok/s=87,004 | tokens=6.21B
step=189620 | loss=4.3498 | lr=1.34e-04 | wd=0.0000 | mom=0.9500 | T=1.0 k=1.0 (mu_rec=1 mu_bwd=1) | grad=2.703 | tok/s=86,885 | tokens=6.21B
step=189630 | loss=4.3041 | lr=1.35e-04 | wd=0.0000 | mom=0.9500 | T=1.0 k=1.0 (mu_rec=1 mu_bwd=1) | grad=4.719 | tok/s=86,718 | tokens=6.21B
step=189640 | loss=4.3838 | lr=1.35e-04 | wd=0.0000 | mom=0.9500 | T=1.0 k=1.0 (mu_rec=1 mu_bwd=1) | grad=3.031 | tok/s=86,669 | tokens=6.21B
step=189650 | loss=4.3832 | lr=1.35e-04 | wd=0.0000 | mom=0.9500 | T=1.0 k=1.0 (mu_rec=1 mu_bwd=1) | grad=3.906 | tok/s=86,645 | tokens=6.21B
step=189660 | loss=4.1935 | lr=1.35e-04 | wd=0.0000 | mom=0.9500 | T=1.0 k=1.0 (mu_rec=1 mu_bwd=1) | grad=4.344 | tok/s=86,543 | tokens=6.21B
step=189670 | loss=4.2319 | lr=1.36e-04 | wd=0.0000 | mom=0.9500 | T=1.0 k=1.0 (mu_rec=1 mu_bwd=1) | grad=3.703 | tok/s=86,497 | tokens=6.22B
step=189680 | loss=4.9493 | lr=1.36e-04 | wd=0.0000 | mom=0.9500 | T=1.0 k=1.0 (mu_rec=1 mu_bwd=1) | grad=6.938 | tok/s=86,281 | tokens=6.22B
step=189690 | loss=4.4311 | lr=1.36e-04 | wd=0.0000 | mom=0.9500 | T=1.0 k=1.0 (mu_rec=1 mu_bwd=1) | grad=2.875 | tok/s=86,261 | tokens=6.22B
step=189700 | loss=4.6872 | lr=1.37e-04 | wd=0.0000 | mom=0.9500 | T=1.0 k=1.0 (mu_rec=1 mu_bwd=1) | grad=3.172 | tok/s=86,345 | tokens=6.22B
step=189710 | loss=4.2298 | lr=1.37e-04 | wd=0.0000 | mom=0.9500 | T=1.0 k=1.0 (mu_rec=1 mu_bwd=1) | grad=2.891 | tok/s=86,386 | tokens=6.22B
step=189720 | loss=4.3338 | lr=1.37e-04 | wd=0.0000 | mom=0.9500 | T=1.0 k=1.0 (mu_rec=1 mu_bwd=1) | grad=2.844 | tok/s=86,497 | tokens=6.22B
step=189730 | loss=4.0959 | lr=1.37e-04 | wd=0.0000 | mom=0.9500 | T=1.0 k=1.0 (mu_rec=1 mu_bwd=1) | grad=3.031 | tok/s=86,625 | tokens=6.22B
step=189740 | loss=4.5169 | lr=1.38e-04 | wd=0.0000 | mom=0.9500 | T=1.0 k=1.0 (mu_rec=1 mu_bwd=1) | grad=3.312 | tok/s=86,696 | tokens=6.22B
step=189750 | loss=4.4781 | lr=1.38e-04 | wd=0.0000 | mom=0.9500 | T=1.0 k=1.0 (mu_rec=1 mu_bwd=1) | grad=3.703 | tok/s=86,797 | tokens=6.22B
step=189760 | loss=4.2862 | lr=1.38e-04 | wd=0.0000 | mom=0.9500 | T=1.0 k=1.0 (mu_rec=1 mu_bwd=1) | grad=4.188 | tok/s=86,839 | tokens=6.22B
step=189770 | loss=4.0928 | lr=1.38e-04 | wd=0.0000 | mom=0.9500 | T=1.0 k=1.0 (mu_rec=1 mu_bwd=1) | grad=2.875 | tok/s=86,916 | tokens=6.22B
step=189780 | loss=4.3189 | lr=1.39e-04 | wd=0.0000 | mom=0.9500 | T=1.0 k=1.0 (mu_rec=1 mu_bwd=1) | grad=3.094 | tok/s=87,028 | tokens=6.22B
step=189790 | loss=4.2468 | lr=1.39e-04 | wd=0.0000 | mom=0.9500 | T=1.0 k=1.0 (mu_rec=1 mu_bwd=1) | grad=3.188 | tok/s=87,075 | tokens=6.22B
step=189800 | loss=4.3606 | lr=1.39e-04 | wd=0.0000 | mom=0.9500 | T=1.0 k=1.0 (mu_rec=1 mu_bwd=1) | grad=2.594 | tok/s=87,105 | tokens=6.22B
step=189810 | loss=4.4125 | lr=1.39e-04 | wd=0.0000 | mom=0.9500 | T=1.0 k=1.0 (mu_rec=1 mu_bwd=1) | grad=3.156 | tok/s=87,261 | tokens=6.22B
step=189820 | loss=4.0938 | lr=1.40e-04 | wd=0.0000 | mom=0.9500 | T=1.0 k=1.0 (mu_rec=1 mu_bwd=1) | grad=3.109 | tok/s=87,073 | tokens=6.22B
step=189830 | loss=4.4016 | lr=1.40e-04 | wd=0.0000 | mom=0.9500 | T=1.0 k=1.0 (mu_rec=1 mu_bwd=1) | grad=4.594 | tok/s=87,332 | tokens=6.22B
step=189840 | loss=5.0418 | lr=1.40e-04 | wd=0.0000 | mom=0.9500 | T=1.0 k=1.0 (mu_rec=1 mu_bwd=1) | grad=2.797 | tok/s=87,403 | tokens=6.22B
step=189850 | loss=4.2443 | lr=1.41e-04 | wd=0.0000 | mom=0.9500 | T=1.0 k=1.0 (mu_rec=1 mu_bwd=1) | grad=3.469 | tok/s=87,402 | tokens=6.22B
step=189860 | loss=4.2699 | lr=1.41e-04 | wd=0.0000 | mom=0.9500 | T=1.0 k=1.0 (mu_rec=1 mu_bwd=1) | grad=3.844 | tok/s=87,330 | tokens=6.22B
step=189870 | loss=4.1014 | lr=1.41e-04 | wd=0.0000 | mom=0.9500 | T=1.0 k=1.0 (mu_rec=1 mu_bwd=1) | grad=2.781 | tok/s=8,809 | tokens=6.22B
step=189880 | loss=4.2523 | lr=1.41e-04 | wd=0.0000 | mom=0.9500 | T=1.0 k=1.0 (mu_rec=1 mu_bwd=1) | grad=2.906 | tok/s=88,997 | tokens=6.22B
step=189890 | loss=4.2736 | lr=1.42e-04 | wd=0.0000 | mom=0.9500 | T=1.0 k=1.0 (mu_rec=1 mu_bwd=1) | grad=3.531 | tok/s=88,903 | tokens=6.22B
step=189900 | loss=4.4999 | lr=1.42e-04 | wd=0.0000 | mom=0.9500 | T=1.0 k=1.0 (mu_rec=1 mu_bwd=1) | grad=3.797 | tok/s=88,754 | tokens=6.22B
step=189910 | loss=4.2343 | lr=1.42e-04 | wd=0.0000 | mom=0.9500 | T=1.0 k=1.0 (mu_rec=1 mu_bwd=1) | grad=2.797 | tok/s=88,668 | tokens=6.22B
step=189920 | loss=4.4751 | lr=1.43e-04 | wd=0.0000 | mom=0.9500 | T=1.0 k=1.0 (mu_rec=1 mu_bwd=1) | grad=3.250 | tok/s=88,542 | tokens=6.22B
step=189930 | loss=3.7959 | lr=1.43e-04 | wd=0.0000 | mom=0.9500 | T=1.0 k=1.0 (mu_rec=1 mu_bwd=1) | grad=4.875 | tok/s=88,393 | tokens=6.22B
step=189940 | loss=4.5081 | lr=1.43e-04 | wd=0.0000 | mom=0.9500 | T=1.0 k=1.0 (mu_rec=1 mu_bwd=1) | grad=5.344 | tok/s=88,309 | tokens=6.22B
step=189950 | loss=4.9126 | lr=1.43e-04 | wd=0.0000 | mom=0.9500 | T=1.0 k=1.0 (mu_rec=1 mu_bwd=1) | grad=4.562 | tok/s=88,219 | tokens=6.22B
step=189960 | loss=4.3257 | lr=1.44e-04 | wd=0.0000 | mom=0.9500 | T=1.0 k=1.0 (mu_rec=1 mu_bwd=1) | grad=3.750 | tok/s=88,066 | tokens=6.22B
step=189970 | loss=4.1703 | lr=1.44e-04 | wd=0.0000 | mom=0.9500 | T=1.0 k=1.0 (mu_rec=1 mu_bwd=1) | grad=3.125 | tok/s=88,127 | tokens=6.22B
step=189980 | loss=4.3981 | lr=1.44e-04 | wd=0.0000 | mom=0.9500 | T=1.0 k=1.0 (mu_rec=1 mu_bwd=1) | grad=10.375 | tok/s=87,929 | tokens=6.23B
step=189990 | loss=4.6856 | lr=1.44e-04 | wd=0.0000 | mom=0.9500 | T=1.0 k=1.0 (mu_rec=1 mu_bwd=1) | grad=3.344 | tok/s=87,958 | tokens=6.23B
step=190000 | loss=4.2638 | lr=1.45e-04 | wd=0.0000 | mom=0.9500 | T=1.0 k=1.0 (mu_rec=1 mu_bwd=1) | grad=3.969 | tok/s=87,782 | tokens=6.23B
[step 190000] Saved -> runs/pythia-5b/checkpoint_0190000
[step 190000] Pruned -> runs/pythia-5b/checkpoint_0184000
step=190010 | loss=4.3253 | lr=1.45e-04 | wd=0.0000 | mom=0.9500 | T=1.0 k=1.0 (mu_rec=1 mu_bwd=1) | grad=3.516 | tok/s=70,177 | tokens=6.23B
step=190020 | loss=4.2984 | lr=1.45e-04 | wd=0.0000 | mom=0.9500 | T=1.0 k=1.0 (mu_rec=1 mu_bwd=1) | grad=4.188 | tok/s=87,787 | tokens=6.23B
step=190030 | loss=4.1783 | lr=1.46e-04 | wd=0.0000 | mom=0.9500 | T=1.0 k=1.0 (mu_rec=1 mu_bwd=1) | grad=5.469 | tok/s=87,649 | tokens=6.23B
step=190040 | loss=4.1278 | lr=1.46e-04 | wd=0.0000 | mom=0.9500 | T=1.0 k=1.0 (mu_rec=1 mu_bwd=1) | grad=2.984 | tok/s=87,679 | tokens=6.23B
step=190050 | loss=4.0281 | lr=1.46e-04 | wd=0.0000 | mom=0.9500 | T=1.0 k=1.0 (mu_rec=1 mu_bwd=1) | grad=4.000 | tok/s=87,616 | tokens=6.23B
step=190060 | loss=4.2037 | lr=1.46e-04 | wd=0.0000 | mom=0.9500 | T=1.0 k=1.0 (mu_rec=1 mu_bwd=1) | grad=3.188 | tok/s=87,645 | tokens=6.23B
step=190070 | loss=4.1461 | lr=1.47e-04 | wd=0.0000 | mom=0.9500 | T=1.0 k=1.0 (mu_rec=1 mu_bwd=1) | grad=2.984 | tok/s=87,463 | tokens=6.23B
step=190080 | loss=4.3321 | lr=1.47e-04 | wd=0.0000 | mom=0.9500 | T=1.0 k=1.0 (mu_rec=1 mu_bwd=1) | grad=3.453 | tok/s=87,452 | tokens=6.23B
step=190090 | loss=4.3648 | lr=1.47e-04 | wd=0.0000 | mom=0.9500 | T=1.0 k=1.0 (mu_rec=1 mu_bwd=1) | grad=4.094 | tok/s=87,421 | tokens=6.23B
step=190100 | loss=4.2277 | lr=1.47e-04 | wd=0.0000 | mom=0.9500 | T=1.0 k=1.0 (mu_rec=1 mu_bwd=1) | grad=3.016 | tok/s=87,415 | tokens=6.23B
step=190110 | loss=4.1726 | lr=1.48e-04 | wd=0.0000 | mom=0.9500 | T=1.0 k=1.0 (mu_rec=1 mu_bwd=1) | grad=3.516 | tok/s=87,395 | tokens=6.23B
step=190120 | loss=4.3711 | lr=1.48e-04 | wd=0.0000 | mom=0.9500 | T=1.0 k=1.0 (mu_rec=1 mu_bwd=1) | grad=4.781 | tok/s=87,224 | tokens=6.23B
step=190130 | loss=4.1116 | lr=1.48e-04 | wd=0.0000 | mom=0.9500 | T=1.0 k=1.0 (mu_rec=1 mu_bwd=1) | grad=3.531 | tok/s=87,322 | tokens=6.23B
step=190140 | loss=4.2674 | lr=1.49e-04 | wd=0.0000 | mom=0.9500 | T=1.0 k=1.0 (mu_rec=1 mu_bwd=1) | grad=4.031 | tok/s=87,218 | tokens=6.23B
step=190150 | loss=4.0688 | lr=1.49e-04 | wd=0.0000 | mom=0.9500 | T=1.0 k=1.0 (mu_rec=1 mu_bwd=1) | grad=3.156 | tok/s=87,272 | tokens=6.23B
step=190160 | loss=4.3089 | lr=1.49e-04 | wd=0.0000 | mom=0.9500 | T=1.0 k=1.0 (mu_rec=1 mu_bwd=1) | grad=2.922 | tok/s=87,256 | tokens=6.23B
step=190170 | loss=4.4676 | lr=1.49e-04 | wd=0.0000 | mom=0.9500 | T=1.0 k=1.0 (mu_rec=1 mu_bwd=1) | grad=5.938 | tok/s=87,108 | tokens=6.23B
step=190180 | loss=4.2621 | lr=1.50e-04 | wd=0.0000 | mom=0.9500 | T=1.0 k=1.0 (mu_rec=1 mu_bwd=1) | grad=3.578 | tok/s=87,111 | tokens=6.23B
step=190190 | loss=4.5614 | lr=1.50e-04 | wd=0.0000 | mom=0.9500 | T=1.0 k=1.0 (mu_rec=1 mu_bwd=1) | grad=4.625 | tok/s=87,046 | tokens=6.23B
step=190200 | loss=4.5601 | lr=1.50e-04 | wd=0.0000 | mom=0.9500 | T=1.0 k=1.0 (mu_rec=1 mu_bwd=1) | grad=3.344 | tok/s=87,111 | tokens=6.23B
step=190210 | loss=4.3026 | lr=1.50e-04 | wd=0.0000 | mom=0.9500 | T=1.0 k=1.0 (mu_rec=1 mu_bwd=1) | grad=3.641 | tok/s=87,101 | tokens=6.23B
step=190220 | loss=4.3671 | lr=1.51e-04 | wd=0.0000 | mom=0.9500 | T=1.0 k=1.0 (mu_rec=1 mu_bwd=1) | grad=3.531 | tok/s=87,087 | tokens=6.23B
step=190230 | loss=4.7943 | lr=1.51e-04 | wd=0.0000 | mom=0.9500 | T=1.0 k=1.0 (mu_rec=1 mu_bwd=1) | grad=3.906 | tok/s=87,071 | tokens=6.23B
step=190240 | loss=4.7731 | lr=1.51e-04 | wd=0.0000 | mom=0.9500 | T=1.0 k=1.0 (mu_rec=1 mu_bwd=1) | grad=3.562 | tok/s=87,053 | tokens=6.23B
step=190250 | loss=4.3332 | lr=1.52e-04 | wd=0.0000 | mom=0.9500 | T=1.0 k=1.0 (mu_rec=1 mu_bwd=1) | grad=3.453 | tok/s=86,964 | tokens=6.23B
step=190260 | loss=4.4583 | lr=1.52e-04 | wd=0.0000 | mom=0.9500 | T=1.0 k=1.0 (mu_rec=1 mu_bwd=1) | grad=10.438 | tok/s=87,004 | tokens=6.23B
step=190270 | loss=4.5695 | lr=1.52e-04 | wd=0.0000 | mom=0.9500 | T=1.0 k=1.0 (mu_rec=1 mu_bwd=1) | grad=4.438 | tok/s=87,009 | tokens=6.23B
step=190280 | loss=4.6010 | lr=1.52e-04 | wd=0.0000 | mom=0.9500 | T=1.0 k=1.0 (mu_rec=1 mu_bwd=1) | grad=3.516 | tok/s=86,931 | tokens=6.24B
step=190290 | loss=4.2502 | lr=1.53e-04 | wd=0.0000 | mom=0.9500 | T=1.0 k=1.0 (mu_rec=1 mu_bwd=1) | grad=8.438 | tok/s=86,963 | tokens=6.24B
step=190300 | loss=4.3350 | lr=1.53e-04 | wd=0.0000 | mom=0.9500 | T=1.0 k=1.0 (mu_rec=1 mu_bwd=1) | grad=2.844 | tok/s=87,042 | tokens=6.24B
step=190310 | loss=4.4308 | lr=1.53e-04 | wd=0.0000 | mom=0.9500 | T=1.0 k=1.0 (mu_rec=1 mu_bwd=1) | grad=4.594 | tok/s=86,978 | tokens=6.24B
step=190320 | loss=4.1966 | lr=1.54e-04 | wd=0.0000 | mom=0.9500 | T=1.0 k=1.0 (mu_rec=1 mu_bwd=1) | grad=5.188 | tok/s=86,980 | tokens=6.24B
step=190330 | loss=4.0192 | lr=1.54e-04 | wd=0.0000 | mom=0.9500 | T=1.0 k=1.0 (mu_rec=1 mu_bwd=1) | grad=3.766 | tok/s=8,524 | tokens=6.24B
step=190340 | loss=4.3715 | lr=1.54e-04 | wd=0.0000 | mom=0.9500 | T=1.0 k=1.0 (mu_rec=1 mu_bwd=1) | grad=3.328 | tok/s=88,639 | tokens=6.24B
step=190350 | loss=4.5359 | lr=1.54e-04 | wd=0.0000 | mom=0.9500 | T=1.0 k=1.0 (mu_rec=1 mu_bwd=1) | grad=9.188 | tok/s=88,451 | tokens=6.24B
step=190360 | loss=4.1072 | lr=1.55e-04 | wd=0.0000 | mom=0.9500 | T=1.0 k=1.0 (mu_rec=1 mu_bwd=1) | grad=6.438 | tok/s=88,263 | tokens=6.24B
step=190370 | loss=4.4138 | lr=1.55e-04 | wd=0.0000 | mom=0.9500 | T=1.0 k=1.0 (mu_rec=1 mu_bwd=1) | grad=3.531 | tok/s=88,155 | tokens=6.24B
step=190380 | loss=4.4144 | lr=1.55e-04 | wd=0.0000 | mom=0.9500 | T=1.0 k=1.0 (mu_rec=1 mu_bwd=1) | grad=3.375 | tok/s=88,141 | tokens=6.24B
step=190390 | loss=4.3491 | lr=1.55e-04 | wd=0.0000 | mom=0.9500 | T=1.0 k=1.0 (mu_rec=1 mu_bwd=1) | grad=4.750 | tok/s=87,880 | tokens=6.24B
step=190400 | loss=4.3621 | lr=1.56e-04 | wd=0.0000 | mom=0.9500 | T=1.0 k=1.0 (mu_rec=1 mu_bwd=1) | grad=4.344 | tok/s=87,728 | tokens=6.24B
step=190410 | loss=4.4147 | lr=1.56e-04 | wd=0.0000 | mom=0.9500 | T=1.0 k=1.0 (mu_rec=1 mu_bwd=1) | grad=3.188 | tok/s=87,649 | tokens=6.24B
step=190420 | loss=4.2961 | lr=1.56e-04 | wd=0.0000 | mom=0.9500 | T=1.0 k=1.0 (mu_rec=1 mu_bwd=1) | grad=3.469 | tok/s=87,518 | tokens=6.24B
step=190430 | loss=4.2284 | lr=1.57e-04 | wd=0.0000 | mom=0.9500 | T=1.0 k=1.0 (mu_rec=1 mu_bwd=1) | grad=2.984 | tok/s=87,536 | tokens=6.24B
step=190440 | loss=4.4434 | lr=1.57e-04 | wd=0.0000 | mom=0.9500 | T=1.0 k=1.0 (mu_rec=1 mu_bwd=1) | grad=3.547 | tok/s=87,425 | tokens=6.24B
step=190450 | loss=4.5135 | lr=1.57e-04 | wd=0.0000 | mom=0.9500 | T=1.0 k=1.0 (mu_rec=1 mu_bwd=1) | grad=3.719 | tok/s=87,260 | tokens=6.24B
step=190460 | loss=4.3099 | lr=1.57e-04 | wd=0.0000 | mom=0.9500 | T=1.0 k=1.0 (mu_rec=1 mu_bwd=1) | grad=4.750 | tok/s=87,228 | tokens=6.24B
step=190470 | loss=4.0598 | lr=1.58e-04 | wd=0.0000 | mom=0.9500 | T=1.0 k=1.0 (mu_rec=1 mu_bwd=1) | grad=3.953 | tok/s=87,076 | tokens=6.24B
step=190480 | loss=4.5708 | lr=1.58e-04 | wd=0.0000 | mom=0.9500 | T=1.0 k=1.0 (mu_rec=1 mu_bwd=1) | grad=3.688 | tok/s=87,042 | tokens=6.24B
step=190490 | loss=4.1619 | lr=1.58e-04 | wd=0.0000 | mom=0.9500 | T=1.0 k=1.0 (mu_rec=1 mu_bwd=1) | grad=11.438 | tok/s=86,999 | tokens=6.24B
step=190500 | loss=4.4712 | lr=1.59e-04 | wd=0.0000 | mom=0.9500 | T=1.0 k=1.0 (mu_rec=1 mu_bwd=1) | grad=4.469 | tok/s=86,923 | tokens=6.24B
step=190510 | loss=4.2942 | lr=1.59e-04 | wd=0.0000 | mom=0.9500 | T=1.0 k=1.0 (mu_rec=1 mu_bwd=1) | grad=3.312 | tok/s=86,835 | tokens=6.24B
step=190520 | loss=4.5017 | lr=1.59e-04 | wd=0.0000 | mom=0.9500 | T=1.0 k=1.0 (mu_rec=1 mu_bwd=1) | grad=3.266 | tok/s=86,754 | tokens=6.24B
step=190530 | loss=4.1486 | lr=1.59e-04 | wd=0.0000 | mom=0.9500 | T=1.0 k=1.0 (mu_rec=1 mu_bwd=1) | grad=6.375 | tok/s=86,735 | tokens=6.24B
step=190540 | loss=4.4248 | lr=1.60e-04 | wd=0.0000 | mom=0.9500 | T=1.0 k=1.0 (mu_rec=1 mu_bwd=1) | grad=3.719 | tok/s=86,686 | tokens=6.24B
step=190550 | loss=4.2906 | lr=1.60e-04 | wd=0.0000 | mom=0.9500 | T=1.0 k=1.0 (mu_rec=1 mu_bwd=1) | grad=3.188 | tok/s=86,683 | tokens=6.24B
step=190560 | loss=4.2628 | lr=1.60e-04 | wd=0.0000 | mom=0.9500 | T=1.0 k=1.0 (mu_rec=1 mu_bwd=1) | grad=3.875 | tok/s=86,533 | tokens=6.24B
step=190570 | loss=4.8998 | lr=1.60e-04 | wd=0.0000 | mom=0.9500 | T=1.0 k=1.0 (mu_rec=1 mu_bwd=1) | grad=5.562 | tok/s=86,592 | tokens=6.24B
step=190580 | loss=4.7966 | lr=1.61e-04 | wd=0.0000 | mom=0.9500 | T=1.0 k=1.0 (mu_rec=1 mu_bwd=1) | grad=5.156 | tok/s=86,668 | tokens=6.24B
step=190590 | loss=4.3236 | lr=1.61e-04 | wd=0.0000 | mom=0.9500 | T=1.0 k=1.0 (mu_rec=1 mu_bwd=1) | grad=3.094 | tok/s=86,636 | tokens=6.25B
step=190600 | loss=4.3341 | lr=1.61e-04 | wd=0.0000 | mom=0.9500 | T=1.0 k=1.0 (mu_rec=1 mu_bwd=1) | grad=3.266 | tok/s=86,695 | tokens=6.25B
step=190610 | loss=4.4983 | lr=1.62e-04 | wd=0.0000 | mom=0.9500 | T=1.0 k=1.0 (mu_rec=1 mu_bwd=1) | grad=7.875 | tok/s=86,773 | tokens=6.25B
step=190620 | loss=5.1574 | lr=1.62e-04 | wd=0.0000 | mom=0.9500 | T=1.0 k=1.0 (mu_rec=1 mu_bwd=1) | grad=3.562 | tok/s=86,873 | tokens=6.25B
step=190630 | loss=4.3691 | lr=1.62e-04 | wd=0.0000 | mom=0.9500 | T=1.0 k=1.0 (mu_rec=1 mu_bwd=1) | grad=4.031 | tok/s=86,896 | tokens=6.25B
step=190640 | loss=4.2272 | lr=1.62e-04 | wd=0.0000 | mom=0.9500 | T=1.0 k=1.0 (mu_rec=1 mu_bwd=1) | grad=4.219 | tok/s=86,949 | tokens=6.25B
step=190650 | loss=4.3732 | lr=1.63e-04 | wd=0.0000 | mom=0.9500 | T=1.0 k=1.0 (mu_rec=1 mu_bwd=1) | grad=3.188 | tok/s=87,003 | tokens=6.25B
step=190660 | loss=4.2635 | lr=1.63e-04 | wd=0.0000 | mom=0.9500 | T=1.0 k=1.0 (mu_rec=1 mu_bwd=1) | grad=3.391 | tok/s=87,003 | tokens=6.25B
step=190670 | loss=4.2743 | lr=1.63e-04 | wd=0.0000 | mom=0.9500 | T=1.0 k=1.0 (mu_rec=1 mu_bwd=1) | grad=5.250 | tok/s=87,025 | tokens=6.25B
step=190680 | loss=4.0739 | lr=1.64e-04 | wd=0.0000 | mom=0.9500 | T=1.0 k=1.0 (mu_rec=1 mu_bwd=1) | grad=2.938 | tok/s=87,001 | tokens=6.25B
step=190690 | loss=4.1461 | lr=1.64e-04 | wd=0.0000 | mom=0.9500 | T=1.0 k=1.0 (mu_rec=1 mu_bwd=1) | grad=3.219 | tok/s=87,043 | tokens=6.25B
step=190700 | loss=4.2245 | lr=1.64e-04 | wd=0.0000 | mom=0.9500 | T=1.0 k=1.0 (mu_rec=1 mu_bwd=1) | grad=3.766 | tok/s=87,090 | tokens=6.25B
step=190710 | loss=4.2804 | lr=1.64e-04 | wd=0.0000 | mom=0.9500 | T=1.0 k=1.0 (mu_rec=1 mu_bwd=1) | grad=3.219 | tok/s=87,241 | tokens=6.25B
step=190720 | loss=4.3794 | lr=1.65e-04 | wd=0.0000 | mom=0.9500 | T=1.0 k=1.0 (mu_rec=1 mu_bwd=1) | grad=3.750 | tok/s=87,301 | tokens=6.25B
step=190730 | loss=4.1711 | lr=1.65e-04 | wd=0.0000 | mom=0.9500 | T=1.0 k=1.0 (mu_rec=1 mu_bwd=1) | grad=6.875 | tok/s=87,087 | tokens=6.25B
[step 190730] Saved -> runs/pythia-5b/checkpoint_0190730
[step 190730] Pruned -> runs/pythia-5b/checkpoint_0186000
Training complete. 6.25B tokens, 190730 steps.
---------------------------------------
Begin Slurm Epilog: Jun-25-2026 16:20:08
Job ID:        10414762
User ID:       hjiang420
Account:       gts-aivanova7-lab
Job name:      job5b_pythia_resume.sh
Resources:     cpu=8,gres/gpu:a100=1,mem=64G,node=1
Rsrc Used:     cput=1-14:24:48,vmem=0,walltime=04:48:06,mem=7126368K,energy_used=0
Partition:     gpu-a100
QOS:           inferno
Nodes:         atl1-1-02-018-31-0
---------------------------------------
