---------------------------------------
Begin Slurm Prolog: Jun-06-2026 09:09:55
Job ID:    9496617
User ID:   hjiang420
Account:   gts-aivanova7-lab
Job name:  job5b_pythia.sh
Partition: gpu-a100
QOS:       inferno
---------------------------------------
Warning: You are sending unauthenticated requests to the HF Hub. Please set a HF_TOKEN to enable higher rate limits and faster downloads.
Loading EleutherAI/pythia-160m ...
Params: 162,914,304 total, 162,914,304 trainable
Layer split: Pre=3, Loop=6, Coda=3
mu_rec=1, mu_bwd=1 (= ceil(1/2))
Effective batch: 32768 tokens = 16 seqs x 2048 tok
Grad accum: 4 | World size: 1
Max steps: 38,146 | Warmup: 381 | Cooldown: 3814
`trust_remote_code` is not supported anymore.
Please check that the Hugging Face dataset 'EleutherAI/the_pile_deduplicated' isn't based on a loading script and remove `trust_remote_code`.
If the dataset is based on a loading script, please ask the dataset author to remove it and convert it to a standard format like Parquet.
`trust_remote_code` is not supported anymore.
Please check that the Hugging Face dataset 'EleutherAI/the_pile_deduplicated' isn't based on a loading script and remove `trust_remote_code`.
If the dataset is based on a loading script, please ask the dataset author to remove it and convert it to a standard format like Parquet.
wandb: [wandb.login()] Loaded credentials for https://api.wandb.ai from /storage/home/hcoda1/3/hjiang420/.netrc.
wandb: Currently logged in as: henryyjiang42 (henryyjiang42-georgia-institute-of-technology) to https://api.wandb.ai. Use `wandb login --relogin` to force relogin
wandb: setting up run s0zuqck7
wandb: Tracking run with wandb version 0.27.0
wandb: Run data is saved locally in runs/pythia-5b/wandb/run-20260606_091054-s0zuqck7
wandb: Run `wandb offline` to turn off syncing.
wandb: Syncing run pythia-5b
wandb: ⭐️ View project at https://wandb.ai/henryyjiang42-georgia-institute-of-technology/cortex-gpt
wandb: 🚀 View run at https://wandb.ai/henryyjiang42-georgia-institute-of-technology/cortex-gpt/runs/s0zuqck7
step=    10 | loss=10.9869 | lr=7.09e-06 | wd=0.1000 | mom=0.8530 | T=1.5 k=1.0 (mu_rec=1 mu_bwd=1) | grad=4.625 | tok/s=10,142 | tokens=0.00B
step=    20 | loss=10.9493 | lr=1.50e-05 | wd=0.1000 | mom=0.8563 | T=1.5 k=1.0 (mu_rec=1 mu_bwd=1) | grad=4.312 | tok/s=63,480 | tokens=0.00B
step=    30 | loss=10.8753 | lr=2.28e-05 | wd=0.0999 | mom=0.8597 | T=2.0 k=1.0 (mu_rec=1 mu_bwd=1) | grad=3.984 | tok/s=63,480 | tokens=0.00B
step=    40 | loss=10.7646 | lr=3.07e-05 | wd=0.0999 | mom=0.8630 | T=1.2 k=1.0 (mu_rec=1 mu_bwd=1) | grad=3.844 | tok/s=65,408 | tokens=0.00B
step=    50 | loss=10.5958 | lr=3.86e-05 | wd=0.0999 | mom=0.8663 | T=1.8 k=1.0 (mu_rec=1 mu_bwd=1) | grad=3.375 | tok/s=63,554 | tokens=0.00B
step=    60 | loss=10.3688 | lr=4.65e-05 | wd=0.0998 | mom=0.8697 | T=1.2 k=1.0 (mu_rec=1 mu_bwd=1) | grad=4.188 | tok/s=63,648 | tokens=0.00B
step=    70 | loss=10.0463 | lr=5.43e-05 | wd=0.0998 | mom=0.8730 | T=1.0 k=1.0 (mu_rec=1 mu_bwd=1) | grad=3.703 | tok/s=63,087 | tokens=0.00B
step=    80 | loss=9.8329 | lr=6.22e-05 | wd=0.0998 | mom=0.8763 | T=1.0 k=1.0 (mu_rec=1 mu_bwd=1) | grad=3.406 | tok/s=60,659 | tokens=0.00B
step=    90 | loss=9.5198 | lr=7.01e-05 | wd=0.0998 | mom=0.8797 | T=1.5 k=1.0 (mu_rec=1 mu_bwd=1) | grad=2.906 | tok/s=63,000 | tokens=0.00B
step=   100 | loss=9.1960 | lr=7.80e-05 | wd=0.0997 | mom=0.8830 | T=1.2 k=1.0 (mu_rec=1 mu_bwd=1) | grad=2.812 | tok/s=62,065 | tokens=0.00B
step=   110 | loss=8.7400 | lr=8.58e-05 | wd=0.0997 | mom=0.8863 | T=1.2 k=1.0 (mu_rec=1 mu_bwd=1) | grad=2.250 | tok/s=62,367 | tokens=0.00B
step=   120 | loss=8.5168 | lr=9.37e-05 | wd=0.0997 | mom=0.8897 | T=1.8 k=1.0 (mu_rec=1 mu_bwd=1) | grad=2.750 | tok/s=62,298 | tokens=0.00B
step=   130 | loss=8.3263 | lr=1.02e-04 | wd=0.0997 | mom=0.8930 | T=2.0 k=1.0 (mu_rec=1 mu_bwd=1) | grad=1.797 | tok/s=62,647 | tokens=0.00B
step=   140 | loss=8.2284 | lr=1.09e-04 | wd=0.0996 | mom=0.8963 | T=1.5 k=1.0 (mu_rec=1 mu_bwd=1) | grad=2.609 | tok/s=63,970 | tokens=0.00B
step=   150 | loss=8.2963 | lr=1.17e-04 | wd=0.0996 | mom=0.8997 | T=2.0 k=1.0 (mu_rec=1 mu_bwd=1) | grad=1.602 | tok/s=60,626 | tokens=0.00B
step=   160 | loss=7.8508 | lr=1.25e-04 | wd=0.0996 | mom=0.9030 | T=1.5 k=1.0 (mu_rec=1 mu_bwd=1) | grad=1.125 | tok/s=63,638 | tokens=0.01B
step=   170 | loss=7.7538 | lr=1.33e-04 | wd=0.0996 | mom=0.9063 | T=1.5 k=1.0 (mu_rec=1 mu_bwd=1) | grad=2.766 | tok/s=62,293 | tokens=0.01B
step=   180 | loss=7.6866 | lr=1.41e-04 | wd=0.0995 | mom=0.9097 | T=1.2 k=1.0 (mu_rec=1 mu_bwd=1) | grad=1.055 | tok/s=60,930 | tokens=0.01B
step=   190 | loss=7.6248 | lr=1.49e-04 | wd=0.0995 | mom=0.9130 | T=1.0 k=1.0 (mu_rec=1 mu_bwd=1) | grad=1.594 | tok/s=63,519 | tokens=0.01B
step=   200 | loss=7.4646 | lr=1.57e-04 | wd=0.0995 | mom=0.9163 | T=1.2 k=1.0 (mu_rec=1 mu_bwd=1) | grad=1.172 | tok/s=64,276 | tokens=0.01B
step=   210 | loss=7.4690 | lr=1.65e-04 | wd=0.0995 | mom=0.9197 | T=1.0 k=1.0 (mu_rec=1 mu_bwd=1) | grad=3.438 | tok/s=64,006 | tokens=0.01B
step=   220 | loss=7.3910 | lr=1.72e-04 | wd=0.0994 | mom=0.9230 | T=1.8 k=1.0 (mu_rec=1 mu_bwd=1) | grad=1.219 | tok/s=63,969 | tokens=0.01B
step=   230 | loss=7.3463 | lr=1.80e-04 | wd=0.0994 | mom=0.9263 | T=1.8 k=1.0 (mu_rec=1 mu_bwd=1) | grad=1.852 | tok/s=62,263 | tokens=0.01B
step=   240 | loss=7.3014 | lr=1.88e-04 | wd=0.0994 | mom=0.9297 | T=2.0 k=1.0 (mu_rec=1 mu_bwd=1) | grad=0.945 | tok/s=64,324 | tokens=0.01B
step=   250 | loss=7.1323 | lr=1.96e-04 | wd=0.0993 | mom=0.9330 | T=1.5 k=1.0 (mu_rec=1 mu_bwd=1) | grad=2.297 | tok/s=60,476 | tokens=0.01B
step=   260 | loss=6.9251 | lr=2.04e-04 | wd=0.0993 | mom=0.9363 | T=1.8 k=1.0 (mu_rec=1 mu_bwd=1) | grad=1.398 | tok/s=61,893 | tokens=0.01B
step=   270 | loss=7.0873 | lr=2.12e-04 | wd=0.0993 | mom=0.9397 | T=1.8 k=1.0 (mu_rec=1 mu_bwd=1) | grad=1.781 | tok/s=61,690 | tokens=0.01B
step=   280 | loss=7.0548 | lr=2.20e-04 | wd=0.0993 | mom=0.9430 | T=1.0 k=1.0 (mu_rec=1 mu_bwd=1) | grad=1.344 | tok/s=62,461 | tokens=0.01B
step=   290 | loss=7.0774 | lr=2.28e-04 | wd=0.0992 | mom=0.9463 | T=1.8 k=1.0 (mu_rec=1 mu_bwd=1) | grad=2.859 | tok/s=62,621 | tokens=0.01B
step=   300 | loss=6.9969 | lr=2.35e-04 | wd=0.0992 | mom=0.9497 | T=1.2 k=1.0 (mu_rec=1 mu_bwd=1) | grad=2.625 | tok/s=63,200 | tokens=0.01B
step=   310 | loss=6.7994 | lr=2.43e-04 | wd=0.0992 | mom=0.9500 | T=1.0 k=1.0 (mu_rec=1 mu_bwd=1) | grad=1.336 | tok/s=62,053 | tokens=0.01B
step=   320 | loss=6.2105 | lr=2.51e-04 | wd=0.0992 | mom=0.9500 | T=1.0 k=1.0 (mu_rec=1 mu_bwd=1) | grad=1.727 | tok/s=65,344 | tokens=0.01B
step=   330 | loss=6.6949 | lr=2.59e-04 | wd=0.0991 | mom=0.9500 | T=1.5 k=1.0 (mu_rec=1 mu_bwd=1) | grad=1.992 | tok/s=64,939 | tokens=0.01B
step=   340 | loss=6.6744 | lr=2.67e-04 | wd=0.0991 | mom=0.9500 | T=1.0 k=1.0 (mu_rec=1 mu_bwd=1) | grad=1.258 | tok/s=61,296 | tokens=0.01B
step=   350 | loss=6.7927 | lr=2.75e-04 | wd=0.0991 | mom=0.9500 | T=1.0 k=1.0 (mu_rec=1 mu_bwd=1) | grad=2.891 | tok/s=65,809 | tokens=0.01B
step=   360 | loss=6.7719 | lr=2.83e-04 | wd=0.0991 | mom=0.9500 | T=1.0 k=1.0 (mu_rec=1 mu_bwd=1) | grad=1.359 | tok/s=65,320 | tokens=0.01B
step=   370 | loss=6.8596 | lr=2.91e-04 | wd=0.0990 | mom=0.9500 | T=1.2 k=1.0 (mu_rec=1 mu_bwd=1) | grad=1.680 | tok/s=63,616 | tokens=0.01B
step=   380 | loss=6.7855 | lr=2.98e-04 | wd=0.0990 | mom=0.9500 | T=1.0 k=1.0 (mu_rec=1 mu_bwd=1) | grad=2.047 | tok/s=62,466 | tokens=0.01B
step=   390 | loss=7.0426 | lr=3.00e-04 | wd=0.0990 | mom=0.9500 | T=2.8 k=1.0 (mu_rec=1 mu_bwd=1) | grad=1.781 | tok/s=61,427 | tokens=0.01B
step=   400 | loss=6.5911 | lr=3.00e-04 | wd=0.0990 | mom=0.9500 | T=1.0 k=1.0 (mu_rec=1 mu_bwd=1) | grad=1.484 | tok/s=64,694 | tokens=0.01B
step=   410 | loss=6.6944 | lr=3.00e-04 | wd=0.0989 | mom=0.9500 | T=1.2 k=1.0 (mu_rec=1 mu_bwd=1) | grad=1.414 | tok/s=62,990 | tokens=0.01B
step=   420 | loss=6.5534 | lr=3.00e-04 | wd=0.0989 | mom=0.9500 | T=1.0 k=1.0 (mu_rec=1 mu_bwd=1) | grad=3.531 | tok/s=63,879 | tokens=0.01B
step=   430 | loss=6.5541 | lr=3.00e-04 | wd=0.0989 | mom=0.9500 | T=1.2 k=1.0 (mu_rec=1 mu_bwd=1) | grad=2.953 | tok/s=64,131 | tokens=0.01B
step=   440 | loss=6.4888 | lr=3.00e-04 | wd=0.0988 | mom=0.9500 | T=1.0 k=1.0 (mu_rec=1 mu_bwd=1) | grad=1.930 | tok/s=63,661 | tokens=0.01B
step=   450 | loss=6.4830 | lr=3.00e-04 | wd=0.0988 | mom=0.9500 | T=1.0 k=1.0 (mu_rec=1 mu_bwd=1) | grad=1.406 | tok/s=64,576 | tokens=0.01B
step=   460 | loss=6.5091 | lr=3.00e-04 | wd=0.0988 | mom=0.9500 | T=1.2 k=1.0 (mu_rec=1 mu_bwd=1) | grad=0.895 | tok/s=64,276 | tokens=0.02B
step=   470 | loss=6.6245 | lr=3.00e-04 | wd=0.0988 | mom=0.9500 | T=1.2 k=1.0 (mu_rec=1 mu_bwd=1) | grad=3.750 | tok/s=59,338 | tokens=0.02B
step=   480 | loss=6.3440 | lr=3.00e-04 | wd=0.0987 | mom=0.9500 | T=1.8 k=1.0 (mu_rec=1 mu_bwd=1) | grad=1.398 | tok/s=64,417 | tokens=0.02B
step=   490 | loss=6.5346 | lr=3.00e-04 | wd=0.0987 | mom=0.9500 | T=2.2 k=1.0 (mu_rec=1 mu_bwd=1) | grad=1.102 | tok/s=63,811 | tokens=0.02B
step=   500 | loss=6.3830 | lr=3.00e-04 | wd=0.0987 | mom=0.9500 | T=2.0 k=1.0 (mu_rec=1 mu_bwd=1) | grad=1.750 | tok/s=64,764 | tokens=0.02B
step=   510 | loss=6.1793 | lr=3.00e-04 | wd=0.0987 | mom=0.9500 | T=1.0 k=1.0 (mu_rec=1 mu_bwd=1) | grad=1.266 | tok/s=64,486 | tokens=0.02B
step=   520 | loss=6.7834 | lr=3.00e-04 | wd=0.0986 | mom=0.9500 | T=1.2 k=1.0 (mu_rec=1 mu_bwd=1) | grad=1.453 | tok/s=61,208 | tokens=0.02B
step=   530 | loss=6.8299 | lr=3.00e-04 | wd=0.0986 | mom=0.9500 | T=1.0 k=1.0 (mu_rec=1 mu_bwd=1) | grad=1.289 | tok/s=65,933 | tokens=0.02B
step=   540 | loss=6.2491 | lr=3.00e-04 | wd=0.0986 | mom=0.9500 | T=1.2 k=1.0 (mu_rec=1 mu_bwd=1) | grad=1.492 | tok/s=64,863 | tokens=0.02B
step=   550 | loss=6.0596 | lr=3.00e-04 | wd=0.0986 | mom=0.9500 | T=1.0 k=1.0 (mu_rec=1 mu_bwd=1) | grad=1.250 | tok/s=64,527 | tokens=0.02B
step=   560 | loss=6.0899 | lr=3.00e-04 | wd=0.0985 | mom=0.9500 | T=2.5 k=1.0 (mu_rec=1 mu_bwd=1) | grad=1.633 | tok/s=60,640 | tokens=0.02B
step=   570 | loss=6.2779 | lr=3.00e-04 | wd=0.0985 | mom=0.9500 | T=1.0 k=1.0 (mu_rec=1 mu_bwd=1) | grad=1.625 | tok/s=64,694 | tokens=0.02B
step=   580 | loss=6.4033 | lr=3.00e-04 | wd=0.0985 | mom=0.9500 | T=1.5 k=1.0 (mu_rec=1 mu_bwd=1) | grad=1.438 | tok/s=65,439 | tokens=0.02B
step=   590 | loss=6.6278 | lr=3.00e-04 | wd=0.0985 | mom=0.9500 | T=1.2 k=1.0 (mu_rec=1 mu_bwd=1) | grad=1.648 | tok/s=61,223 | tokens=0.02B
step=   600 | loss=6.3199 | lr=3.00e-04 | wd=0.0984 | mom=0.9500 | T=1.8 k=1.0 (mu_rec=1 mu_bwd=1) | grad=1.586 | tok/s=61,703 | tokens=0.02B
step=   610 | loss=6.4716 | lr=3.00e-04 | wd=0.0984 | mom=0.9500 | T=1.8 k=1.0 (mu_rec=1 mu_bwd=1) | grad=1.898 | tok/s=62,034 | tokens=0.02B
step=   620 | loss=6.1646 | lr=3.00e-04 | wd=0.0984 | mom=0.9500 | T=1.5 k=1.0 (mu_rec=1 mu_bwd=1) | grad=1.688 | tok/s=64,215 | tokens=0.02B
step=   630 | loss=6.2519 | lr=3.00e-04 | wd=0.0984 | mom=0.9500 | T=1.2 k=1.0 (mu_rec=1 mu_bwd=1) | grad=1.648 | tok/s=63,850 | tokens=0.02B
step=   640 | loss=6.2892 | lr=3.00e-04 | wd=0.0983 | mom=0.9500 | T=1.5 k=1.0 (mu_rec=1 mu_bwd=1) | grad=5.344 | tok/s=61,254 | tokens=0.02B
step=   650 | loss=6.2076 | lr=3.00e-04 | wd=0.0983 | mom=0.9500 | T=2.5 k=1.0 (mu_rec=1 mu_bwd=1) | grad=1.891 | tok/s=62,988 | tokens=0.02B
step=   660 | loss=6.3534 | lr=3.00e-04 | wd=0.0983 | mom=0.9500 | T=1.2 k=1.0 (mu_rec=1 mu_bwd=1) | grad=1.602 | tok/s=62,739 | tokens=0.02B
step=   670 | loss=6.1770 | lr=3.00e-04 | wd=0.0982 | mom=0.9500 | T=1.2 k=1.0 (mu_rec=1 mu_bwd=1) | grad=1.469 | tok/s=63,037 | tokens=0.02B
step=   680 | loss=6.3775 | lr=3.00e-04 | wd=0.0982 | mom=0.9500 | T=1.2 k=1.0 (mu_rec=1 mu_bwd=1) | grad=1.945 | tok/s=63,314 | tokens=0.02B
step=   690 | loss=6.3453 | lr=3.00e-04 | wd=0.0982 | mom=0.9500 | T=1.0 k=1.0 (mu_rec=1 mu_bwd=1) | grad=1.734 | tok/s=66,700 | tokens=0.02B
step=   700 | loss=6.1132 | lr=3.00e-04 | wd=0.0982 | mom=0.9500 | T=1.2 k=1.0 (mu_rec=1 mu_bwd=1) | grad=1.336 | tok/s=63,773 | tokens=0.02B
step=   710 | loss=6.2602 | lr=3.00e-04 | wd=0.0981 | mom=0.9500 | T=2.0 k=1.0 (mu_rec=1 mu_bwd=1) | grad=2.062 | tok/s=63,820 | tokens=0.02B
step=   720 | loss=6.1678 | lr=3.00e-04 | wd=0.0981 | mom=0.9500 | T=1.5 k=1.0 (mu_rec=1 mu_bwd=1) | grad=1.406 | tok/s=61,095 | tokens=0.02B
step=   730 | loss=6.1939 | lr=3.00e-04 | wd=0.0981 | mom=0.9500 | T=1.8 k=1.0 (mu_rec=1 mu_bwd=1) | grad=1.148 | tok/s=61,047 | tokens=0.02B
step=   740 | loss=6.1238 | lr=3.00e-04 | wd=0.0981 | mom=0.9500 | T=1.2 k=1.0 (mu_rec=1 mu_bwd=1) | grad=1.492 | tok/s=62,564 | tokens=0.02B
step=   750 | loss=6.1283 | lr=3.00e-04 | wd=0.0980 | mom=0.9500 | T=1.0 k=1.0 (mu_rec=1 mu_bwd=1) | grad=1.703 | tok/s=62,582 | tokens=0.02B
step=   760 | loss=6.0872 | lr=3.00e-04 | wd=0.0980 | mom=0.9500 | T=2.2 k=1.0 (mu_rec=1 mu_bwd=1) | grad=0.902 | tok/s=64,376 | tokens=0.02B
step=   770 | loss=6.1671 | lr=3.00e-04 | wd=0.0980 | mom=0.9500 | T=2.5 k=1.0 (mu_rec=1 mu_bwd=1) | grad=1.211 | tok/s=62,673 | tokens=0.03B
step=   780 | loss=6.2266 | lr=3.00e-04 | wd=0.0980 | mom=0.9500 | T=2.0 k=1.0 (mu_rec=1 mu_bwd=1) | grad=2.844 | tok/s=62,609 | tokens=0.03B
step=   790 | loss=5.9491 | lr=3.00e-04 | wd=0.0979 | mom=0.9500 | T=1.0 k=1.0 (mu_rec=1 mu_bwd=1) | grad=1.438 | tok/s=62,722 | tokens=0.03B
step=   800 | loss=6.3689 | lr=3.00e-04 | wd=0.0979 | mom=0.9500 | T=1.8 k=1.0 (mu_rec=1 mu_bwd=1) | grad=1.820 | tok/s=65,462 | tokens=0.03B
step=   810 | loss=6.1431 | lr=3.00e-04 | wd=0.0979 | mom=0.9500 | T=1.0 k=1.0 (mu_rec=1 mu_bwd=1) | grad=2.625 | tok/s=68,548 | tokens=0.03B
step=   820 | loss=6.2411 | lr=3.00e-04 | wd=0.0979 | mom=0.9500 | T=1.2 k=1.0 (mu_rec=1 mu_bwd=1) | grad=1.445 | tok/s=11,422 | tokens=0.03B
step=   830 | loss=6.0773 | lr=3.00e-04 | wd=0.0978 | mom=0.9500 | T=1.2 k=1.0 (mu_rec=1 mu_bwd=1) | grad=1.672 | tok/s=62,358 | tokens=0.03B
step=   840 | loss=6.1942 | lr=3.00e-04 | wd=0.0978 | mom=0.9500 | T=1.0 k=1.0 (mu_rec=1 mu_bwd=1) | grad=2.844 | tok/s=63,395 | tokens=0.03B
step=   850 | loss=6.0415 | lr=3.00e-04 | wd=0.0978 | mom=0.9500 | T=1.2 k=1.0 (mu_rec=1 mu_bwd=1) | grad=1.359 | tok/s=64,294 | tokens=0.03B
step=   860 | loss=6.0199 | lr=3.00e-04 | wd=0.0977 | mom=0.9500 | T=1.2 k=1.0 (mu_rec=1 mu_bwd=1) | grad=1.359 | tok/s=64,383 | tokens=0.03B
step=   870 | loss=6.0797 | lr=3.00e-04 | wd=0.0977 | mom=0.9500 | T=1.8 k=1.0 (mu_rec=1 mu_bwd=1) | grad=1.516 | tok/s=61,445 | tokens=0.03B
step=   880 | loss=6.2247 | lr=3.00e-04 | wd=0.0977 | mom=0.9500 | T=1.8 k=1.0 (mu_rec=1 mu_bwd=1) | grad=1.234 | tok/s=61,673 | tokens=0.03B
step=   890 | loss=6.0623 | lr=3.00e-04 | wd=0.0977 | mom=0.9500 | T=1.0 k=1.0 (mu_rec=1 mu_bwd=1) | grad=1.188 | tok/s=64,318 | tokens=0.03B
step=   900 | loss=6.0133 | lr=3.00e-04 | wd=0.0976 | mom=0.9500 | T=1.0 k=1.0 (mu_rec=1 mu_bwd=1) | grad=1.586 | tok/s=66,193 | tokens=0.03B
step=   910 | loss=5.9357 | lr=3.00e-04 | wd=0.0976 | mom=0.9500 | T=1.2 k=1.0 (mu_rec=1 mu_bwd=1) | grad=1.273 | tok/s=11,657 | tokens=0.03B
step=   920 | loss=5.9901 | lr=3.00e-04 | wd=0.0976 | mom=0.9500 | T=1.5 k=1.0 (mu_rec=1 mu_bwd=1) | grad=1.562 | tok/s=65,694 | tokens=0.03B
step=   930 | loss=6.1060 | lr=3.00e-04 | wd=0.0976 | mom=0.9500 | T=1.2 k=1.0 (mu_rec=1 mu_bwd=1) | grad=1.930 | tok/s=61,699 | tokens=0.03B
step=   940 | loss=6.1559 | lr=3.00e-04 | wd=0.0975 | mom=0.9500 | T=1.5 k=1.0 (mu_rec=1 mu_bwd=1) | grad=1.023 | tok/s=63,865 | tokens=0.03B
step=   950 | loss=6.0892 | lr=3.00e-04 | wd=0.0975 | mom=0.9500 | T=1.0 k=1.0 (mu_rec=1 mu_bwd=1) | grad=2.172 | tok/s=64,680 | tokens=0.03B
step=   960 | loss=6.0225 | lr=3.00e-04 | wd=0.0975 | mom=0.9500 | T=1.8 k=1.0 (mu_rec=1 mu_bwd=1) | grad=0.867 | tok/s=62,322 | tokens=0.03B
step=   970 | loss=6.0976 | lr=3.00e-04 | wd=0.0975 | mom=0.9500 | T=1.2 k=1.0 (mu_rec=1 mu_bwd=1) | grad=2.203 | tok/s=66,599 | tokens=0.03B
step=   980 | loss=5.9567 | lr=3.00e-04 | wd=0.0974 | mom=0.9500 | T=1.0 k=1.0 (mu_rec=1 mu_bwd=1) | grad=4.344 | tok/s=65,865 | tokens=0.03B
step=   990 | loss=6.0950 | lr=3.00e-04 | wd=0.0974 | mom=0.9500 | T=1.5 k=1.0 (mu_rec=1 mu_bwd=1) | grad=2.000 | tok/s=64,277 | tokens=0.03B
step=  1000 | loss=6.0045 | lr=3.00e-04 | wd=0.0974 | mom=0.9500 | T=1.5 k=1.0 (mu_rec=1 mu_bwd=1) | grad=1.352 | tok/s=60,101 | tokens=0.03B
step=  1010 | loss=5.7795 | lr=3.00e-04 | wd=0.0974 | mom=0.9500 | T=1.0 k=1.0 (mu_rec=1 mu_bwd=1) | grad=1.414 | tok/s=62,807 | tokens=0.03B
step=  1020 | loss=5.8500 | lr=3.00e-04 | wd=0.0973 | mom=0.9500 | T=1.2 k=1.0 (mu_rec=1 mu_bwd=1) | grad=1.492 | tok/s=60,460 | tokens=0.03B
step=  1030 | loss=6.0257 | lr=3.00e-04 | wd=0.0973 | mom=0.9500 | T=1.2 k=1.0 (mu_rec=1 mu_bwd=1) | grad=3.391 | tok/s=64,425 | tokens=0.03B
step=  1040 | loss=6.0448 | lr=3.00e-04 | wd=0.0973 | mom=0.9500 | T=1.2 k=1.0 (mu_rec=1 mu_bwd=1) | grad=1.469 | tok/s=65,159 | tokens=0.03B
step=  1050 | loss=5.9670 | lr=3.00e-04 | wd=0.0973 | mom=0.9500 | T=1.0 k=1.0 (mu_rec=1 mu_bwd=1) | grad=1.672 | tok/s=62,279 | tokens=0.03B
step=  1060 | loss=6.0952 | lr=3.00e-04 | wd=0.0972 | mom=0.9500 | T=1.0 k=1.0 (mu_rec=1 mu_bwd=1) | grad=1.867 | tok/s=65,281 | tokens=0.03B
step=  1070 | loss=5.9972 | lr=3.00e-04 | wd=0.0972 | mom=0.9500 | T=1.2 k=1.0 (mu_rec=1 mu_bwd=1) | grad=1.570 | tok/s=62,314 | tokens=0.04B
step=  1080 | loss=6.1374 | lr=3.00e-04 | wd=0.0972 | mom=0.9500 | T=1.5 k=1.0 (mu_rec=1 mu_bwd=1) | grad=1.398 | tok/s=62,202 | tokens=0.04B
step=  1090 | loss=6.2196 | lr=3.00e-04 | wd=0.0971 | mom=0.9500 | T=1.2 k=1.0 (mu_rec=1 mu_bwd=1) | grad=1.914 | tok/s=62,168 | tokens=0.04B
step=  1100 | loss=6.0225 | lr=3.00e-04 | wd=0.0971 | mom=0.9500 | T=1.5 k=1.0 (mu_rec=1 mu_bwd=1) | grad=1.930 | tok/s=63,183 | tokens=0.04B
step=  1110 | loss=5.9900 | lr=3.00e-04 | wd=0.0971 | mom=0.9500 | T=1.0 k=1.0 (mu_rec=1 mu_bwd=1) | grad=3.969 | tok/s=66,110 | tokens=0.04B
step=  1120 | loss=6.0462 | lr=3.00e-04 | wd=0.0971 | mom=0.9500 | T=2.2 k=1.0 (mu_rec=1 mu_bwd=1) | grad=0.887 | tok/s=61,485 | tokens=0.04B
step=  1130 | loss=6.0461 | lr=3.00e-04 | wd=0.0970 | mom=0.9500 | T=1.2 k=1.0 (mu_rec=1 mu_bwd=1) | grad=1.211 | tok/s=63,313 | tokens=0.04B
step=  1140 | loss=5.9001 | lr=3.00e-04 | wd=0.0970 | mom=0.9500 | T=1.0 k=1.0 (mu_rec=1 mu_bwd=1) | grad=1.625 | tok/s=65,559 | tokens=0.04B
step=  1150 | loss=6.2032 | lr=3.00e-04 | wd=0.0970 | mom=0.9500 | T=1.0 k=1.0 (mu_rec=1 mu_bwd=1) | grad=13.438 | tok/s=62,517 | tokens=0.04B
step=  1160 | loss=6.2081 | lr=3.00e-04 | wd=0.0970 | mom=0.9500 | T=1.2 k=1.0 (mu_rec=1 mu_bwd=1) | grad=1.453 | tok/s=63,322 | tokens=0.04B
step=  1170 | loss=5.9962 | lr=3.00e-04 | wd=0.0969 | mom=0.9500 | T=1.2 k=1.0 (mu_rec=1 mu_bwd=1) | grad=1.766 | tok/s=62,722 | tokens=0.04B
step=  1180 | loss=5.6471 | lr=3.00e-04 | wd=0.0969 | mom=0.9500 | T=1.5 k=1.0 (mu_rec=1 mu_bwd=1) | grad=1.492 | tok/s=66,272 | tokens=0.04B
step=  1190 | loss=5.8297 | lr=3.00e-04 | wd=0.0969 | mom=0.9500 | T=1.8 k=1.0 (mu_rec=1 mu_bwd=1) | grad=1.227 | tok/s=64,625 | tokens=0.04B
step=  1200 | loss=6.0691 | lr=3.00e-04 | wd=0.0969 | mom=0.9500 | T=1.5 k=1.0 (mu_rec=1 mu_bwd=1) | grad=1.750 | tok/s=64,580 | tokens=0.04B
step=  1210 | loss=5.8514 | lr=3.00e-04 | wd=0.0968 | mom=0.9500 | T=1.5 k=1.0 (mu_rec=1 mu_bwd=1) | grad=1.273 | tok/s=61,483 | tokens=0.04B
step=  1220 | loss=6.1147 | lr=3.00e-04 | wd=0.0968 | mom=0.9500 | T=1.5 k=1.0 (mu_rec=1 mu_bwd=1) | grad=1.609 | tok/s=62,455 | tokens=0.04B
step=  1230 | loss=5.9968 | lr=3.00e-04 | wd=0.0968 | mom=0.9500 | T=1.2 k=1.0 (mu_rec=1 mu_bwd=1) | grad=1.320 | tok/s=62,790 | tokens=0.04B
step=  1240 | loss=5.9269 | lr=3.00e-04 | wd=0.0968 | mom=0.9500 | T=1.0 k=1.0 (mu_rec=1 mu_bwd=1) | grad=3.375 | tok/s=64,446 | tokens=0.04B
step=  1250 | loss=5.9623 | lr=3.00e-04 | wd=0.0967 | mom=0.9500 | T=1.5 k=1.0 (mu_rec=1 mu_bwd=1) | grad=1.750 | tok/s=60,967 | tokens=0.04B
step=  1260 | loss=5.9720 | lr=3.00e-04 | wd=0.0967 | mom=0.9500 | T=1.5 k=1.0 (mu_rec=1 mu_bwd=1) | grad=1.828 | tok/s=64,223 | tokens=0.04B
step=  1270 | loss=7.0538 | lr=3.00e-04 | wd=0.0967 | mom=0.9500 | T=1.5 k=1.0 (mu_rec=1 mu_bwd=1) | grad=1.945 | tok/s=66,068 | tokens=0.04B
step=  1280 | loss=6.6459 | lr=3.00e-04 | wd=0.0966 | mom=0.9500 | T=1.5 k=1.0 (mu_rec=1 mu_bwd=1) | grad=2.172 | tok/s=63,576 | tokens=0.04B
step=  1290 | loss=5.7903 | lr=3.00e-04 | wd=0.0966 | mom=0.9500 | T=1.0 k=1.0 (mu_rec=1 mu_bwd=1) | grad=1.789 | tok/s=63,146 | tokens=0.04B
step=  1300 | loss=6.1145 | lr=3.00e-04 | wd=0.0966 | mom=0.9500 | T=1.0 k=1.0 (mu_rec=1 mu_bwd=1) | grad=1.859 | tok/s=63,385 | tokens=0.04B
step=  1310 | loss=5.8857 | lr=3.00e-04 | wd=0.0966 | mom=0.9500 | T=1.0 k=1.0 (mu_rec=1 mu_bwd=1) | grad=1.938 | tok/s=67,759 | tokens=0.04B
step=  1320 | loss=5.9402 | lr=3.00e-04 | wd=0.0965 | mom=0.9500 | T=1.2 k=1.0 (mu_rec=1 mu_bwd=1) | grad=3.234 | tok/s=65,327 | tokens=0.04B
step=  1330 | loss=5.8331 | lr=3.00e-04 | wd=0.0965 | mom=0.9500 | T=1.0 k=1.0 (mu_rec=1 mu_bwd=1) | grad=5.594 | tok/s=63,406 | tokens=0.04B
step=  1340 | loss=5.8289 | lr=3.00e-04 | wd=0.0965 | mom=0.9500 | T=1.2 k=1.0 (mu_rec=1 mu_bwd=1) | grad=3.391 | tok/s=61,823 | tokens=0.04B
step=  1350 | loss=5.8618 | lr=3.00e-04 | wd=0.0965 | mom=0.9500 | T=1.5 k=1.0 (mu_rec=1 mu_bwd=1) | grad=1.125 | tok/s=64,056 | tokens=0.04B
step=  1360 | loss=6.0217 | lr=3.00e-04 | wd=0.0964 | mom=0.9500 | T=1.5 k=1.0 (mu_rec=1 mu_bwd=1) | grad=3.094 | tok/s=64,396 | tokens=0.04B
step=  1370 | loss=6.0038 | lr=3.00e-04 | wd=0.0964 | mom=0.9500 | T=1.0 k=1.0 (mu_rec=1 mu_bwd=1) | grad=1.484 | tok/s=63,228 | tokens=0.04B
step=  1380 | loss=6.0733 | lr=3.00e-04 | wd=0.0964 | mom=0.9500 | T=1.0 k=1.0 (mu_rec=1 mu_bwd=1) | grad=1.102 | tok/s=63,208 | tokens=0.05B
step=  1390 | loss=6.0230 | lr=3.00e-04 | wd=0.0964 | mom=0.9500 | T=1.0 k=1.0 (mu_rec=1 mu_bwd=1) | grad=1.570 | tok/s=64,376 | tokens=0.05B
step=  1400 | loss=5.9560 | lr=3.00e-04 | wd=0.0963 | mom=0.9500 | T=1.0 k=1.0 (mu_rec=1 mu_bwd=1) | grad=1.781 | tok/s=65,637 | tokens=0.05B
step=  1410 | loss=5.7503 | lr=3.00e-04 | wd=0.0963 | mom=0.9500 | T=1.0 k=1.0 (mu_rec=1 mu_bwd=1) | grad=5.906 | tok/s=65,969 | tokens=0.05B
step=  1420 | loss=5.8620 | lr=3.00e-04 | wd=0.0963 | mom=0.9500 | T=2.2 k=1.0 (mu_rec=1 mu_bwd=1) | grad=1.555 | tok/s=65,293 | tokens=0.05B
step=  1430 | loss=5.7217 | lr=3.00e-04 | wd=0.0963 | mom=0.9500 | T=1.0 k=1.0 (mu_rec=1 mu_bwd=1) | grad=5.719 | tok/s=61,709 | tokens=0.05B
step=  1440 | loss=5.4601 | lr=3.00e-04 | wd=0.0962 | mom=0.9500 | T=2.5 k=1.0 (mu_rec=1 mu_bwd=1) | grad=1.812 | tok/s=61,628 | tokens=0.05B
step=  1450 | loss=6.1268 | lr=3.00e-04 | wd=0.0962 | mom=0.9500 | T=1.5 k=1.0 (mu_rec=1 mu_bwd=1) | grad=3.422 | tok/s=62,399 | tokens=0.05B
step=  1460 | loss=5.8947 | lr=3.00e-04 | wd=0.0962 | mom=0.9500 | T=1.5 k=1.0 (mu_rec=1 mu_bwd=1) | grad=3.047 | tok/s=63,375 | tokens=0.05B
step=  1470 | loss=5.9434 | lr=3.00e-04 | wd=0.0961 | mom=0.9500 | T=1.5 k=1.0 (mu_rec=1 mu_bwd=1) | grad=4.156 | tok/s=63,786 | tokens=0.05B
step=  1480 | loss=5.8100 | lr=3.00e-04 | wd=0.0961 | mom=0.9500 | T=1.0 k=1.0 (mu_rec=1 mu_bwd=1) | grad=2.312 | tok/s=66,951 | tokens=0.05B
step=  1490 | loss=6.0807 | lr=3.00e-04 | wd=0.0961 | mom=0.9500 | T=1.0 k=1.0 (mu_rec=1 mu_bwd=1) | grad=2.219 | tok/s=62,450 | tokens=0.05B
step=  1500 | loss=5.7951 | lr=3.00e-04 | wd=0.0961 | mom=0.9500 | T=2.5 k=1.0 (mu_rec=1 mu_bwd=1) | grad=1.336 | tok/s=62,220 | tokens=0.05B
step=  1510 | loss=5.8810 | lr=3.00e-04 | wd=0.0960 | mom=0.9500 | T=1.5 k=1.0 (mu_rec=1 mu_bwd=1) | grad=1.953 | tok/s=63,570 | tokens=0.05B
step=  1520 | loss=6.6131 | lr=3.00e-04 | wd=0.0960 | mom=0.9500 | T=1.0 k=1.0 (mu_rec=1 mu_bwd=1) | grad=1.109 | tok/s=61,666 | tokens=0.05B
step=  1530 | loss=5.8911 | lr=3.00e-04 | wd=0.0960 | mom=0.9500 | T=1.8 k=1.0 (mu_rec=1 mu_bwd=1) | grad=1.766 | tok/s=65,742 | tokens=0.05B
step=  1540 | loss=5.4841 | lr=3.00e-04 | wd=0.0960 | mom=0.9500 | T=1.8 k=1.0 (mu_rec=1 mu_bwd=1) | grad=1.195 | tok/s=64,555 | tokens=0.05B
step=  1550 | loss=5.4973 | lr=3.00e-04 | wd=0.0959 | mom=0.9500 | T=1.5 k=1.0 (mu_rec=1 mu_bwd=1) | grad=1.430 | tok/s=60,492 | tokens=0.05B
step=  1560 | loss=5.8932 | lr=3.00e-04 | wd=0.0959 | mom=0.9500 | T=1.5 k=1.0 (mu_rec=1 mu_bwd=1) | grad=1.367 | tok/s=63,023 | tokens=0.05B
step=  1570 | loss=5.9991 | lr=3.00e-04 | wd=0.0959 | mom=0.9500 | T=1.0 k=1.0 (mu_rec=1 mu_bwd=1) | grad=1.734 | tok/s=61,808 | tokens=0.05B
step=  1580 | loss=5.8149 | lr=3.00e-04 | wd=0.0959 | mom=0.9500 | T=1.0 k=1.0 (mu_rec=1 mu_bwd=1) | grad=1.516 | tok/s=64,218 | tokens=0.05B
step=  1590 | loss=5.7973 | lr=3.00e-04 | wd=0.0958 | mom=0.9500 | T=1.2 k=1.0 (mu_rec=1 mu_bwd=1) | grad=1.383 | tok/s=60,426 | tokens=0.05B
step=  1600 | loss=5.8891 | lr=3.00e-04 | wd=0.0958 | mom=0.9500 | T=1.2 k=1.0 (mu_rec=1 mu_bwd=1) | grad=1.164 | tok/s=65,868 | tokens=0.05B
step=  1610 | loss=5.6639 | lr=3.00e-04 | wd=0.0958 | mom=0.9500 | T=1.5 k=1.0 (mu_rec=1 mu_bwd=1) | grad=1.070 | tok/s=62,791 | tokens=0.05B
step=  1620 | loss=5.8647 | lr=3.00e-04 | wd=0.0958 | mom=0.9500 | T=1.2 k=1.0 (mu_rec=1 mu_bwd=1) | grad=2.234 | tok/s=64,014 | tokens=0.05B
step=  1630 | loss=5.7363 | lr=3.00e-04 | wd=0.0957 | mom=0.9500 | T=1.2 k=1.0 (mu_rec=1 mu_bwd=1) | grad=1.430 | tok/s=61,603 | tokens=0.05B
step=  1640 | loss=5.7306 | lr=3.00e-04 | wd=0.0957 | mom=0.9500 | T=1.0 k=1.0 (mu_rec=1 mu_bwd=1) | grad=1.570 | tok/s=64,351 | tokens=0.05B
step=  1650 | loss=6.0626 | lr=3.00e-04 | wd=0.0957 | mom=0.9500 | T=1.0 k=1.0 (mu_rec=1 mu_bwd=1) | grad=11.500 | tok/s=63,952 | tokens=0.05B
step=  1660 | loss=5.5994 | lr=3.00e-04 | wd=0.0957 | mom=0.9500 | T=1.5 k=1.0 (mu_rec=1 mu_bwd=1) | grad=1.039 | tok/s=66,040 | tokens=0.05B
step=  1670 | loss=5.9658 | lr=3.00e-04 | wd=0.0956 | mom=0.9500 | T=1.5 k=1.0 (mu_rec=1 mu_bwd=1) | grad=1.406 | tok/s=62,694 | tokens=0.05B
step=  1680 | loss=5.9320 | lr=3.00e-04 | wd=0.0956 | mom=0.9500 | T=1.0 k=1.0 (mu_rec=1 mu_bwd=1) | grad=2.453 | tok/s=66,494 | tokens=0.06B
step=  1690 | loss=5.8197 | lr=3.00e-04 | wd=0.0956 | mom=0.9500 | T=1.2 k=1.0 (mu_rec=1 mu_bwd=1) | grad=1.891 | tok/s=61,039 | tokens=0.06B
step=  1700 | loss=5.8346 | lr=3.00e-04 | wd=0.0955 | mom=0.9500 | T=1.2 k=1.0 (mu_rec=1 mu_bwd=1) | grad=1.930 | tok/s=11,731 | tokens=0.06B
step=  1710 | loss=5.8430 | lr=3.00e-04 | wd=0.0955 | mom=0.9500 | T=1.5 k=1.0 (mu_rec=1 mu_bwd=1) | grad=1.156 | tok/s=64,554 | tokens=0.06B
step=  1720 | loss=5.7405 | lr=3.00e-04 | wd=0.0955 | mom=0.9500 | T=1.8 k=1.0 (mu_rec=1 mu_bwd=1) | grad=1.391 | tok/s=62,560 | tokens=0.06B
step=  1730 | loss=5.9068 | lr=3.00e-04 | wd=0.0955 | mom=0.9500 | T=1.0 k=1.0 (mu_rec=1 mu_bwd=1) | grad=5.312 | tok/s=63,748 | tokens=0.06B
step=  1740 | loss=5.7323 | lr=3.00e-04 | wd=0.0954 | mom=0.9500 | T=1.2 k=1.0 (mu_rec=1 mu_bwd=1) | grad=2.688 | tok/s=65,695 | tokens=0.06B
step=  1750 | loss=5.8948 | lr=3.00e-04 | wd=0.0954 | mom=0.9500 | T=2.5 k=1.0 (mu_rec=1 mu_bwd=1) | grad=0.875 | tok/s=12,011 | tokens=0.06B
step=  1760 | loss=6.0904 | lr=3.00e-04 | wd=0.0954 | mom=0.9500 | T=1.0 k=1.0 (mu_rec=1 mu_bwd=1) | grad=2.250 | tok/s=63,992 | tokens=0.06B
step=  1770 | loss=5.8135 | lr=3.00e-04 | wd=0.0954 | mom=0.9500 | T=1.5 k=1.0 (mu_rec=1 mu_bwd=1) | grad=1.086 | tok/s=65,962 | tokens=0.06B
step=  1780 | loss=5.9045 | lr=3.00e-04 | wd=0.0953 | mom=0.9500 | T=1.0 k=1.0 (mu_rec=1 mu_bwd=1) | grad=1.352 | tok/s=61,408 | tokens=0.06B
step=  1790 | loss=5.7843 | lr=3.00e-04 | wd=0.0953 | mom=0.9500 | T=1.2 k=1.0 (mu_rec=1 mu_bwd=1) | grad=1.383 | tok/s=63,902 | tokens=0.06B
step=  1800 | loss=5.8754 | lr=3.00e-04 | wd=0.0953 | mom=0.9500 | T=1.0 k=1.0 (mu_rec=1 mu_bwd=1) | grad=1.438 | tok/s=64,724 | tokens=0.06B
step=  1810 | loss=5.8315 | lr=3.00e-04 | wd=0.0953 | mom=0.9500 | T=1.5 k=1.0 (mu_rec=1 mu_bwd=1) | grad=1.461 | tok/s=62,819 | tokens=0.06B
step=  1820 | loss=5.7826 | lr=3.00e-04 | wd=0.0952 | mom=0.9500 | T=1.8 k=1.0 (mu_rec=1 mu_bwd=1) | grad=1.602 | tok/s=63,177 | tokens=0.06B
step=  1830 | loss=5.7932 | lr=3.00e-04 | wd=0.0952 | mom=0.9500 | T=2.8 k=1.0 (mu_rec=1 mu_bwd=1) | grad=1.297 | tok/s=64,581 | tokens=0.06B
step=  1840 | loss=6.0481 | lr=3.00e-04 | wd=0.0952 | mom=0.9500 | T=2.2 k=1.0 (mu_rec=1 mu_bwd=1) | grad=2.047 | tok/s=61,795 | tokens=0.06B
step=  1850 | loss=5.8037 | lr=3.00e-04 | wd=0.0952 | mom=0.9500 | T=1.0 k=1.0 (mu_rec=1 mu_bwd=1) | grad=1.570 | tok/s=64,307 | tokens=0.06B
step=  1860 | loss=5.8191 | lr=3.00e-04 | wd=0.0951 | mom=0.9500 | T=1.8 k=1.0 (mu_rec=1 mu_bwd=1) | grad=2.641 | tok/s=63,350 | tokens=0.06B
step=  1870 | loss=5.8730 | lr=3.00e-04 | wd=0.0951 | mom=0.9500 | T=1.8 k=1.0 (mu_rec=1 mu_bwd=1) | grad=1.242 | tok/s=63,646 | tokens=0.06B
step=  1880 | loss=6.1281 | lr=3.00e-04 | wd=0.0951 | mom=0.9500 | T=1.0 k=1.0 (mu_rec=1 mu_bwd=1) | grad=7.906 | tok/s=65,433 | tokens=0.06B
step=  1890 | loss=5.4839 | lr=3.00e-04 | wd=0.0950 | mom=0.9500 | T=1.0 k=1.0 (mu_rec=1 mu_bwd=1) | grad=5.125 | tok/s=63,419 | tokens=0.06B
step=  1900 | loss=5.0641 | lr=3.00e-04 | wd=0.0950 | mom=0.9500 | T=1.0 k=1.0 (mu_rec=1 mu_bwd=1) | grad=5.000 | tok/s=64,105 | tokens=0.06B
step=  1910 | loss=5.4747 | lr=3.00e-04 | wd=0.0950 | mom=0.9500 | T=1.8 k=1.0 (mu_rec=1 mu_bwd=1) | grad=1.336 | tok/s=62,706 | tokens=0.06B
step=  1920 | loss=5.7859 | lr=3.00e-04 | wd=0.0950 | mom=0.9500 | T=1.0 k=1.0 (mu_rec=1 mu_bwd=1) | grad=1.578 | tok/s=68,765 | tokens=0.06B
step=  1930 | loss=5.7816 | lr=3.00e-04 | wd=0.0949 | mom=0.9500 | T=1.2 k=1.0 (mu_rec=1 mu_bwd=1) | grad=1.273 | tok/s=65,328 | tokens=0.06B
step=  1940 | loss=5.7968 | lr=3.00e-04 | wd=0.0949 | mom=0.9500 | T=1.8 k=1.0 (mu_rec=1 mu_bwd=1) | grad=2.375 | tok/s=65,873 | tokens=0.06B
step=  1950 | loss=5.8605 | lr=3.00e-04 | wd=0.0949 | mom=0.9500 | T=1.2 k=1.0 (mu_rec=1 mu_bwd=1) | grad=2.594 | tok/s=64,962 | tokens=0.06B
step=  1960 | loss=5.6255 | lr=3.00e-04 | wd=0.0949 | mom=0.9500 | T=1.2 k=1.0 (mu_rec=1 mu_bwd=1) | grad=1.289 | tok/s=63,159 | tokens=0.06B
step=  1970 | loss=5.7794 | lr=3.00e-04 | wd=0.0948 | mom=0.9500 | T=2.8 k=1.0 (mu_rec=1 mu_bwd=1) | grad=2.156 | tok/s=60,897 | tokens=0.06B
step=  1980 | loss=5.7314 | lr=3.00e-04 | wd=0.0948 | mom=0.9500 | T=1.2 k=1.0 (mu_rec=1 mu_bwd=1) | grad=4.781 | tok/s=65,218 | tokens=0.06B
step=  1990 | loss=5.7100 | lr=3.00e-04 | wd=0.0948 | mom=0.9500 | T=1.0 k=1.0 (mu_rec=1 mu_bwd=1) | grad=2.422 | tok/s=66,502 | tokens=0.07B
step=  2000 | loss=5.9589 | lr=3.00e-04 | wd=0.0948 | mom=0.9500 | T=1.2 k=1.0 (mu_rec=1 mu_bwd=1) | grad=1.586 | tok/s=64,402 | tokens=0.07B
step=  2010 | loss=5.9742 | lr=3.00e-04 | wd=0.0947 | mom=0.9500 | T=2.2 k=1.0 (mu_rec=1 mu_bwd=1) | grad=1.180 | tok/s=65,482 | tokens=0.07B
step=  2020 | loss=5.8281 | lr=3.00e-04 | wd=0.0947 | mom=0.9500 | T=1.2 k=1.0 (mu_rec=1 mu_bwd=1) | grad=2.656 | tok/s=64,199 | tokens=0.07B
step=  2030 | loss=6.2280 | lr=3.00e-04 | wd=0.0947 | mom=0.9500 | T=1.5 k=1.0 (mu_rec=1 mu_bwd=1) | grad=1.312 | tok/s=65,068 | tokens=0.07B
step=  2040 | loss=5.7672 | lr=3.00e-04 | wd=0.0947 | mom=0.9500 | T=1.0 k=1.0 (mu_rec=1 mu_bwd=1) | grad=1.859 | tok/s=62,334 | tokens=0.07B
step=  2050 | loss=5.7870 | lr=3.00e-04 | wd=0.0946 | mom=0.9500 | T=1.2 k=1.0 (mu_rec=1 mu_bwd=1) | grad=1.219 | tok/s=63,418 | tokens=0.07B
step=  2060 | loss=5.9297 | lr=3.00e-04 | wd=0.0946 | mom=0.9500 | T=1.2 k=1.0 (mu_rec=1 mu_bwd=1) | grad=1.250 | tok/s=63,343 | tokens=0.07B
step=  2070 | loss=5.9175 | lr=3.00e-04 | wd=0.0946 | mom=0.9500 | T=1.8 k=1.0 (mu_rec=1 mu_bwd=1) | grad=2.594 | tok/s=64,015 | tokens=0.07B
step=  2080 | loss=5.8833 | lr=3.00e-04 | wd=0.0945 | mom=0.9500 | T=2.0 k=1.0 (mu_rec=1 mu_bwd=1) | grad=1.727 | tok/s=64,433 | tokens=0.07B
step=  2090 | loss=5.8261 | lr=3.00e-04 | wd=0.0945 | mom=0.9500 | T=1.0 k=1.0 (mu_rec=1 mu_bwd=1) | grad=1.594 | tok/s=65,146 | tokens=0.07B
step=  2100 | loss=5.8842 | lr=3.00e-04 | wd=0.0945 | mom=0.9500 | T=1.0 k=1.0 (mu_rec=1 mu_bwd=1) | grad=1.414 | tok/s=64,723 | tokens=0.07B
step=  2110 | loss=5.7656 | lr=3.00e-04 | wd=0.0945 | mom=0.9500 | T=2.2 k=1.0 (mu_rec=1 mu_bwd=1) | grad=1.000 | tok/s=62,047 | tokens=0.07B
step=  2120 | loss=5.7598 | lr=3.00e-04 | wd=0.0944 | mom=0.9500 | T=1.2 k=1.0 (mu_rec=1 mu_bwd=1) | grad=1.398 | tok/s=64,134 | tokens=0.07B
step=  2130 | loss=5.7486 | lr=3.00e-04 | wd=0.0944 | mom=0.9500 | T=1.2 k=1.0 (mu_rec=1 mu_bwd=1) | grad=1.445 | tok/s=62,955 | tokens=0.07B
step=  2140 | loss=5.7543 | lr=3.00e-04 | wd=0.0944 | mom=0.9500 | T=1.5 k=1.0 (mu_rec=1 mu_bwd=1) | grad=1.703 | tok/s=63,125 | tokens=0.07B
step=  2150 | loss=5.7688 | lr=3.00e-04 | wd=0.0944 | mom=0.9500 | T=2.0 k=1.0 (mu_rec=1 mu_bwd=1) | grad=2.625 | tok/s=62,825 | tokens=0.07B
step=  2160 | loss=5.9293 | lr=3.00e-04 | wd=0.0943 | mom=0.9500 | T=1.5 k=1.0 (mu_rec=1 mu_bwd=1) | grad=1.172 | tok/s=63,948 | tokens=0.07B
step=  2170 | loss=5.8106 | lr=3.00e-04 | wd=0.0943 | mom=0.9500 | T=1.0 k=1.0 (mu_rec=1 mu_bwd=1) | grad=3.281 | tok/s=62,048 | tokens=0.07B
step=  2180 | loss=5.8634 | lr=3.00e-04 | wd=0.0943 | mom=0.9500 | T=1.0 k=1.0 (mu_rec=1 mu_bwd=1) | grad=1.320 | tok/s=64,020 | tokens=0.07B
step=  2190 | loss=5.8127 | lr=3.00e-04 | wd=0.0943 | mom=0.9500 | T=1.0 k=1.0 (mu_rec=1 mu_bwd=1) | grad=2.156 | tok/s=62,704 | tokens=0.07B
step=  2200 | loss=5.7275 | lr=3.00e-04 | wd=0.0942 | mom=0.9500 | T=1.0 k=1.0 (mu_rec=1 mu_bwd=1) | grad=1.375 | tok/s=64,222 | tokens=0.07B
step=  2210 | loss=5.9985 | lr=3.00e-04 | wd=0.0942 | mom=0.9500 | T=1.2 k=1.0 (mu_rec=1 mu_bwd=1) | grad=1.430 | tok/s=64,206 | tokens=0.07B
step=  2220 | loss=5.4544 | lr=3.00e-04 | wd=0.0942 | mom=0.9500 | T=1.0 k=1.0 (mu_rec=1 mu_bwd=1) | grad=1.273 | tok/s=62,096 | tokens=0.07B
step=  2230 | loss=5.7372 | lr=3.00e-04 | wd=0.0942 | mom=0.9500 | T=1.5 k=1.0 (mu_rec=1 mu_bwd=1) | grad=1.516 | tok/s=61,523 | tokens=0.07B
step=  2240 | loss=5.6764 | lr=3.00e-04 | wd=0.0941 | mom=0.9500 | T=2.2 k=1.0 (mu_rec=1 mu_bwd=1) | grad=1.172 | tok/s=64,278 | tokens=0.07B
step=  2250 | loss=5.7275 | lr=3.00e-04 | wd=0.0941 | mom=0.9500 | T=1.0 k=1.0 (mu_rec=1 mu_bwd=1) | grad=1.359 | tok/s=64,902 | tokens=0.07B
step=  2260 | loss=5.7367 | lr=3.00e-04 | wd=0.0941 | mom=0.9500 | T=1.0 k=1.0 (mu_rec=1 mu_bwd=1) | grad=1.570 | tok/s=65,170 | tokens=0.07B
step=  2270 | loss=5.6700 | lr=3.00e-04 | wd=0.0941 | mom=0.9500 | T=1.2 k=1.0 (mu_rec=1 mu_bwd=1) | grad=1.812 | tok/s=62,798 | tokens=0.07B
step=  2280 | loss=5.8610 | lr=3.00e-04 | wd=0.0940 | mom=0.9500 | T=1.2 k=1.0 (mu_rec=1 mu_bwd=1) | grad=2.266 | tok/s=63,437 | tokens=0.07B
step=  2290 | loss=5.8996 | lr=3.00e-04 | wd=0.0940 | mom=0.9500 | T=1.0 k=1.0 (mu_rec=1 mu_bwd=1) | grad=2.047 | tok/s=63,403 | tokens=0.08B
step=  2300 | loss=5.8369 | lr=3.00e-04 | wd=0.0940 | mom=0.9500 | T=2.2 k=1.0 (mu_rec=1 mu_bwd=1) | grad=1.258 | tok/s=63,645 | tokens=0.08B
step=  2310 | loss=5.7843 | lr=3.00e-04 | wd=0.0939 | mom=0.9500 | T=1.5 k=1.0 (mu_rec=1 mu_bwd=1) | grad=1.789 | tok/s=64,373 | tokens=0.08B
step=  2320 | loss=5.7057 | lr=3.00e-04 | wd=0.0939 | mom=0.9500 | T=1.8 k=1.0 (mu_rec=1 mu_bwd=1) | grad=1.164 | tok/s=62,000 | tokens=0.08B
step=  2330 | loss=5.7164 | lr=3.00e-04 | wd=0.0939 | mom=0.9500 | T=1.5 k=1.0 (mu_rec=1 mu_bwd=1) | grad=1.930 | tok/s=62,264 | tokens=0.08B
step=  2340 | loss=5.8924 | lr=3.00e-04 | wd=0.0939 | mom=0.9500 | T=1.0 k=1.0 (mu_rec=1 mu_bwd=1) | grad=1.617 | tok/s=62,876 | tokens=0.08B
step=  2350 | loss=5.7227 | lr=3.00e-04 | wd=0.0938 | mom=0.9500 | T=2.0 k=1.0 (mu_rec=1 mu_bwd=1) | grad=1.289 | tok/s=62,623 | tokens=0.08B
step=  2360 | loss=5.7239 | lr=3.00e-04 | wd=0.0938 | mom=0.9500 | T=1.0 k=1.0 (mu_rec=1 mu_bwd=1) | grad=1.906 | tok/s=65,975 | tokens=0.08B
step=  2370 | loss=5.7368 | lr=3.00e-04 | wd=0.0938 | mom=0.9500 | T=2.5 k=1.0 (mu_rec=1 mu_bwd=1) | grad=1.086 | tok/s=61,833 | tokens=0.08B
step=  2380 | loss=5.7291 | lr=3.00e-04 | wd=0.0938 | mom=0.9500 | T=1.0 k=1.0 (mu_rec=1 mu_bwd=1) | grad=3.984 | tok/s=65,075 | tokens=0.08B
step=  2390 | loss=5.4672 | lr=3.00e-04 | wd=0.0937 | mom=0.9500 | T=1.5 k=1.0 (mu_rec=1 mu_bwd=1) | grad=1.664 | tok/s=63,009 | tokens=0.08B
step=  2400 | loss=5.7451 | lr=3.00e-04 | wd=0.0937 | mom=0.9500 | T=1.0 k=1.0 (mu_rec=1 mu_bwd=1) | grad=1.953 | tok/s=61,410 | tokens=0.08B
step=  2410 | loss=5.5075 | lr=3.00e-04 | wd=0.0937 | mom=0.9500 | T=2.0 k=1.0 (mu_rec=1 mu_bwd=1) | grad=1.172 | tok/s=65,729 | tokens=0.08B
step=  2420 | loss=5.8379 | lr=3.00e-04 | wd=0.0937 | mom=0.9500 | T=2.5 k=1.0 (mu_rec=1 mu_bwd=1) | grad=1.086 | tok/s=63,783 | tokens=0.08B
step=  2430 | loss=5.7296 | lr=3.00e-04 | wd=0.0936 | mom=0.9500 | T=1.5 k=1.0 (mu_rec=1 mu_bwd=1) | grad=1.742 | tok/s=66,725 | tokens=0.08B
step=  2440 | loss=5.8826 | lr=3.00e-04 | wd=0.0936 | mom=0.9500 | T=1.0 k=1.0 (mu_rec=1 mu_bwd=1) | grad=1.344 | tok/s=62,676 | tokens=0.08B
step=  2450 | loss=5.7713 | lr=3.00e-04 | wd=0.0936 | mom=0.9500 | T=1.2 k=1.0 (mu_rec=1 mu_bwd=1) | grad=1.906 | tok/s=64,939 | tokens=0.08B
step=  2460 | loss=5.7568 | lr=3.00e-04 | wd=0.0936 | mom=0.9500 | T=1.2 k=1.0 (mu_rec=1 mu_bwd=1) | grad=1.523 | tok/s=60,620 | tokens=0.08B
step=  2470 | loss=5.7666 | lr=3.00e-04 | wd=0.0935 | mom=0.9500 | T=1.2 k=1.0 (mu_rec=1 mu_bwd=1) | grad=1.797 | tok/s=64,726 | tokens=0.08B
step=  2480 | loss=5.6495 | lr=3.00e-04 | wd=0.0935 | mom=0.9500 | T=1.5 k=1.0 (mu_rec=1 mu_bwd=1) | grad=1.109 | tok/s=64,407 | tokens=0.08B
step=  2490 | loss=5.7437 | lr=3.00e-04 | wd=0.0935 | mom=0.9500 | T=2.5 k=1.0 (mu_rec=1 mu_bwd=1) | grad=1.078 | tok/s=62,885 | tokens=0.08B
step=  2500 | loss=5.8183 | lr=3.00e-04 | wd=0.0934 | mom=0.9500 | T=2.0 k=1.0 (mu_rec=1 mu_bwd=1) | grad=1.344 | tok/s=64,142 | tokens=0.08B
step=  2510 | loss=5.7792 | lr=3.00e-04 | wd=0.0934 | mom=0.9500 | T=1.0 k=1.0 (mu_rec=1 mu_bwd=1) | grad=1.461 | tok/s=67,575 | tokens=0.08B
step=  2520 | loss=5.6977 | lr=3.00e-04 | wd=0.0934 | mom=0.9500 | T=1.2 k=1.0 (mu_rec=1 mu_bwd=1) | grad=1.656 | tok/s=64,205 | tokens=0.08B
step=  2530 | loss=5.4137 | lr=3.00e-04 | wd=0.0934 | mom=0.9500 | T=1.8 k=1.0 (mu_rec=1 mu_bwd=1) | grad=13.250 | tok/s=62,104 | tokens=0.08B
step=  2540 | loss=5.7774 | lr=3.00e-04 | wd=0.0933 | mom=0.9500 | T=1.5 k=1.0 (mu_rec=1 mu_bwd=1) | grad=1.195 | tok/s=62,492 | tokens=0.08B
step=  2550 | loss=5.6710 | lr=3.00e-04 | wd=0.0933 | mom=0.9500 | T=1.0 k=1.0 (mu_rec=1 mu_bwd=1) | grad=1.898 | tok/s=64,989 | tokens=0.08B
step=  2560 | loss=5.7176 | lr=3.00e-04 | wd=0.0933 | mom=0.9500 | T=1.2 k=1.0 (mu_rec=1 mu_bwd=1) | grad=1.133 | tok/s=11,665 | tokens=0.08B
step=  2570 | loss=5.9350 | lr=3.00e-04 | wd=0.0933 | mom=0.9500 | T=1.0 k=1.0 (mu_rec=1 mu_bwd=1) | grad=1.969 | tok/s=63,053 | tokens=0.08B
step=  2580 | loss=5.8880 | lr=3.00e-04 | wd=0.0932 | mom=0.9500 | T=1.0 k=1.0 (mu_rec=1 mu_bwd=1) | grad=1.547 | tok/s=64,507 | tokens=0.08B
step=  2590 | loss=5.9495 | lr=3.00e-04 | wd=0.0932 | mom=0.9500 | T=1.0 k=1.0 (mu_rec=1 mu_bwd=1) | grad=3.797 | tok/s=65,145 | tokens=0.08B
step=  2600 | loss=5.8783 | lr=3.00e-04 | wd=0.0932 | mom=0.9500 | T=1.5 k=1.0 (mu_rec=1 mu_bwd=1) | grad=1.820 | tok/s=65,061 | tokens=0.09B
step=  2610 | loss=5.8887 | lr=3.00e-04 | wd=0.0932 | mom=0.9500 | T=1.0 k=1.0 (mu_rec=1 mu_bwd=1) | grad=2.922 | tok/s=64,060 | tokens=0.09B
step=  2620 | loss=5.7505 | lr=3.00e-04 | wd=0.0931 | mom=0.9500 | T=1.5 k=1.0 (mu_rec=1 mu_bwd=1) | grad=1.281 | tok/s=65,406 | tokens=0.09B
step=  2630 | loss=5.7889 | lr=3.00e-04 | wd=0.0931 | mom=0.9500 | T=2.5 k=1.0 (mu_rec=1 mu_bwd=1) | grad=2.344 | tok/s=63,404 | tokens=0.09B
step=  2640 | loss=5.7668 | lr=3.00e-04 | wd=0.0931 | mom=0.9500 | T=1.2 k=1.0 (mu_rec=1 mu_bwd=1) | grad=2.406 | tok/s=63,680 | tokens=0.09B
step=  2650 | loss=5.7799 | lr=3.00e-04 | wd=0.0931 | mom=0.9500 | T=1.5 k=1.0 (mu_rec=1 mu_bwd=1) | grad=1.562 | tok/s=63,256 | tokens=0.09B
step=  2660 | loss=5.5501 | lr=3.00e-04 | wd=0.0930 | mom=0.9500 | T=1.5 k=1.0 (mu_rec=1 mu_bwd=1) | grad=1.484 | tok/s=62,488 | tokens=0.09B
step=  2670 | loss=5.7556 | lr=3.00e-04 | wd=0.0930 | mom=0.9500 | T=1.5 k=1.0 (mu_rec=1 mu_bwd=1) | grad=1.500 | tok/s=64,122 | tokens=0.09B
step=  2680 | loss=5.8007 | lr=3.00e-04 | wd=0.0930 | mom=0.9500 | T=1.8 k=1.0 (mu_rec=1 mu_bwd=1) | grad=1.188 | tok/s=66,045 | tokens=0.09B
step=  2690 | loss=5.8154 | lr=3.00e-04 | wd=0.0930 | mom=0.9500 | T=1.0 k=1.0 (mu_rec=1 mu_bwd=1) | grad=1.555 | tok/s=62,914 | tokens=0.09B
step=  2700 | loss=5.8006 | lr=3.00e-04 | wd=0.0929 | mom=0.9500 | T=1.0 k=1.0 (mu_rec=1 mu_bwd=1) | grad=3.047 | tok/s=64,021 | tokens=0.09B
step=  2710 | loss=5.6757 | lr=3.00e-04 | wd=0.0929 | mom=0.9500 | T=1.5 k=1.0 (mu_rec=1 mu_bwd=1) | grad=1.125 | tok/s=62,264 | tokens=0.09B
step=  2720 | loss=5.8419 | lr=3.00e-04 | wd=0.0929 | mom=0.9500 | T=1.0 k=1.0 (mu_rec=1 mu_bwd=1) | grad=1.242 | tok/s=64,122 | tokens=0.09B
step=  2730 | loss=5.8167 | lr=3.00e-04 | wd=0.0928 | mom=0.9500 | T=2.2 k=1.0 (mu_rec=1 mu_bwd=1) | grad=1.055 | tok/s=58,979 | tokens=0.09B
step=  2740 | loss=5.5039 | lr=3.00e-04 | wd=0.0928 | mom=0.9500 | T=1.5 k=1.0 (mu_rec=1 mu_bwd=1) | grad=4.125 | tok/s=61,516 | tokens=0.09B
step=  2750 | loss=5.6520 | lr=3.00e-04 | wd=0.0928 | mom=0.9500 | T=1.2 k=1.0 (mu_rec=1 mu_bwd=1) | grad=1.453 | tok/s=65,112 | tokens=0.09B
step=  2760 | loss=5.8151 | lr=3.00e-04 | wd=0.0928 | mom=0.9500 | T=1.2 k=1.0 (mu_rec=1 mu_bwd=1) | grad=2.641 | tok/s=63,946 | tokens=0.09B
step=  2770 | loss=5.7277 | lr=3.00e-04 | wd=0.0927 | mom=0.9500 | T=1.5 k=1.0 (mu_rec=1 mu_bwd=1) | grad=1.367 | tok/s=65,003 | tokens=0.09B
step=  2780 | loss=5.7326 | lr=3.00e-04 | wd=0.0927 | mom=0.9500 | T=1.0 k=1.0 (mu_rec=1 mu_bwd=1) | grad=2.141 | tok/s=61,335 | tokens=0.09B
step=  2790 | loss=5.8265 | lr=3.00e-04 | wd=0.0927 | mom=0.9500 | T=1.5 k=1.0 (mu_rec=1 mu_bwd=1) | grad=1.734 | tok/s=63,120 | tokens=0.09B
step=  2800 | loss=5.6362 | lr=3.00e-04 | wd=0.0927 | mom=0.9500 | T=1.0 k=1.0 (mu_rec=1 mu_bwd=1) | grad=1.898 | tok/s=63,545 | tokens=0.09B
step=  2810 | loss=5.6880 | lr=3.00e-04 | wd=0.0926 | mom=0.9500 | T=2.0 k=1.0 (mu_rec=1 mu_bwd=1) | grad=1.445 | tok/s=63,298 | tokens=0.09B
step=  2820 | loss=5.6526 | lr=3.00e-04 | wd=0.0926 | mom=0.9500 | T=1.0 k=1.0 (mu_rec=1 mu_bwd=1) | grad=1.547 | tok/s=66,744 | tokens=0.09B
step=  2830 | loss=5.7603 | lr=3.00e-04 | wd=0.0926 | mom=0.9500 | T=1.2 k=1.0 (mu_rec=1 mu_bwd=1) | grad=1.586 | tok/s=60,754 | tokens=0.09B
step=  2840 | loss=5.6865 | lr=3.00e-04 | wd=0.0926 | mom=0.9500 | T=1.0 k=1.0 (mu_rec=1 mu_bwd=1) | grad=2.547 | tok/s=63,843 | tokens=0.09B
step=  2850 | loss=5.7726 | lr=3.00e-04 | wd=0.0925 | mom=0.9500 | T=1.8 k=1.0 (mu_rec=1 mu_bwd=1) | grad=1.375 | tok/s=61,205 | tokens=0.09B
step=  2860 | loss=6.2533 | lr=3.00e-04 | wd=0.0925 | mom=0.9500 | T=1.5 k=1.0 (mu_rec=1 mu_bwd=1) | grad=1.977 | tok/s=66,360 | tokens=0.09B
step=  2870 | loss=6.4920 | lr=3.00e-04 | wd=0.0925 | mom=0.9500 | T=1.5 k=1.0 (mu_rec=1 mu_bwd=1) | grad=1.531 | tok/s=62,091 | tokens=0.09B
step=  2880 | loss=5.8900 | lr=3.00e-04 | wd=0.0925 | mom=0.9500 | T=1.5 k=1.0 (mu_rec=1 mu_bwd=1) | grad=1.070 | tok/s=65,844 | tokens=0.09B
step=  2890 | loss=5.5559 | lr=3.00e-04 | wd=0.0924 | mom=0.9500 | T=2.0 k=1.0 (mu_rec=1 mu_bwd=1) | grad=1.266 | tok/s=65,301 | tokens=0.09B
step=  2900 | loss=5.3344 | lr=3.00e-04 | wd=0.0924 | mom=0.9500 | T=1.0 k=1.0 (mu_rec=1 mu_bwd=1) | grad=1.391 | tok/s=62,235 | tokens=0.10B
step=  2910 | loss=5.5394 | lr=3.00e-04 | wd=0.0924 | mom=0.9500 | T=1.8 k=1.0 (mu_rec=1 mu_bwd=1) | grad=1.523 | tok/s=62,325 | tokens=0.10B
step=  2920 | loss=5.8963 | lr=3.00e-04 | wd=0.0923 | mom=0.9500 | T=1.8 k=1.0 (mu_rec=1 mu_bwd=1) | grad=1.719 | tok/s=63,670 | tokens=0.10B
step=  2930 | loss=5.7098 | lr=3.00e-04 | wd=0.0923 | mom=0.9500 | T=2.5 k=1.0 (mu_rec=1 mu_bwd=1) | grad=2.766 | tok/s=64,369 | tokens=0.10B
step=  2940 | loss=5.7120 | lr=3.00e-04 | wd=0.0923 | mom=0.9500 | T=1.0 k=1.0 (mu_rec=1 mu_bwd=1) | grad=1.586 | tok/s=63,855 | tokens=0.10B
step=  2950 | loss=5.8273 | lr=3.00e-04 | wd=0.0923 | mom=0.9500 | T=2.0 k=1.0 (mu_rec=1 mu_bwd=1) | grad=1.203 | tok/s=62,041 | tokens=0.10B
step=  2960 | loss=5.3995 | lr=3.00e-04 | wd=0.0922 | mom=0.9500 | T=1.2 k=1.0 (mu_rec=1 mu_bwd=1) | grad=1.266 | tok/s=64,701 | tokens=0.10B
step=  2970 | loss=5.6731 | lr=3.00e-04 | wd=0.0922 | mom=0.9500 | T=1.2 k=1.0 (mu_rec=1 mu_bwd=1) | grad=1.898 | tok/s=61,690 | tokens=0.10B
step=  2980 | loss=5.8455 | lr=3.00e-04 | wd=0.0922 | mom=0.9500 | T=1.2 k=1.0 (mu_rec=1 mu_bwd=1) | grad=2.609 | tok/s=61,088 | tokens=0.10B
step=  2990 | loss=5.8440 | lr=3.00e-04 | wd=0.0922 | mom=0.9500 | T=1.5 k=1.0 (mu_rec=1 mu_bwd=1) | grad=1.609 | tok/s=61,609 | tokens=0.10B
step=  3000 | loss=5.7461 | lr=3.00e-04 | wd=0.0921 | mom=0.9500 | T=2.0 k=1.0 (mu_rec=1 mu_bwd=1) | grad=2.125 | tok/s=60,406 | tokens=0.10B
step=  3010 | loss=5.7186 | lr=3.00e-04 | wd=0.0921 | mom=0.9500 | T=1.0 k=1.0 (mu_rec=1 mu_bwd=1) | grad=1.875 | tok/s=61,859 | tokens=0.10B
step=  3020 | loss=5.5755 | lr=3.00e-04 | wd=0.0921 | mom=0.9500 | T=1.2 k=1.0 (mu_rec=1 mu_bwd=1) | grad=1.281 | tok/s=64,821 | tokens=0.10B
step=  3030 | loss=5.7382 | lr=3.00e-04 | wd=0.0921 | mom=0.9500 | T=1.8 k=1.0 (mu_rec=1 mu_bwd=1) | grad=1.125 | tok/s=65,231 | tokens=0.10B
step=  3040 | loss=5.4583 | lr=3.00e-04 | wd=0.0920 | mom=0.9500 | T=1.5 k=1.0 (mu_rec=1 mu_bwd=1) | grad=1.680 | tok/s=64,821 | tokens=0.10B
step=  3050 | loss=5.8234 | lr=3.00e-04 | wd=0.0920 | mom=0.9500 | T=1.8 k=1.0 (mu_rec=1 mu_bwd=1) | grad=2.156 | tok/s=63,221 | tokens=0.10B
step=  3060 | loss=5.8032 | lr=3.00e-04 | wd=0.0920 | mom=0.9500 | T=2.0 k=1.0 (mu_rec=1 mu_bwd=1) | grad=1.109 | tok/s=63,766 | tokens=0.10B
step=  3070 | loss=5.8047 | lr=3.00e-04 | wd=0.0920 | mom=0.9500 | T=1.8 k=1.0 (mu_rec=1 mu_bwd=1) | grad=1.344 | tok/s=62,385 | tokens=0.10B
step=  3080 | loss=5.6814 | lr=3.00e-04 | wd=0.0919 | mom=0.9500 | T=1.2 k=1.0 (mu_rec=1 mu_bwd=1) | grad=1.133 | tok/s=62,477 | tokens=0.10B
step=  3090 | loss=5.7509 | lr=3.00e-04 | wd=0.0919 | mom=0.9500 | T=1.8 k=1.0 (mu_rec=1 mu_bwd=1) | grad=1.352 | tok/s=64,160 | tokens=0.10B
step=  3100 | loss=5.9018 | lr=3.00e-04 | wd=0.0919 | mom=0.9500 | T=1.2 k=1.0 (mu_rec=1 mu_bwd=1) | grad=1.414 | tok/s=61,192 | tokens=0.10B
step=  3110 | loss=5.7282 | lr=3.00e-04 | wd=0.0918 | mom=0.9500 | T=1.0 k=1.0 (mu_rec=1 mu_bwd=1) | grad=4.469 | tok/s=63,224 | tokens=0.10B
step=  3120 | loss=5.6323 | lr=3.00e-04 | wd=0.0918 | mom=0.9500 | T=1.8 k=1.0 (mu_rec=1 mu_bwd=1) | grad=1.500 | tok/s=62,956 | tokens=0.10B
step=  3130 | loss=5.4883 | lr=3.00e-04 | wd=0.0918 | mom=0.9500 | T=1.0 k=1.0 (mu_rec=1 mu_bwd=1) | grad=1.984 | tok/s=67,127 | tokens=0.10B
step=  3140 | loss=5.5712 | lr=3.00e-04 | wd=0.0918 | mom=0.9500 | T=1.8 k=1.0 (mu_rec=1 mu_bwd=1) | grad=1.414 | tok/s=62,656 | tokens=0.10B
step=  3150 | loss=5.8666 | lr=3.00e-04 | wd=0.0917 | mom=0.9500 | T=1.5 k=1.0 (mu_rec=1 mu_bwd=1) | grad=1.570 | tok/s=62,355 | tokens=0.10B
step=  3160 | loss=5.5995 | lr=3.00e-04 | wd=0.0917 | mom=0.9500 | T=1.2 k=1.0 (mu_rec=1 mu_bwd=1) | grad=2.031 | tok/s=60,471 | tokens=0.10B
step=  3170 | loss=5.6671 | lr=3.00e-04 | wd=0.0917 | mom=0.9500 | T=1.0 k=1.0 (mu_rec=1 mu_bwd=1) | grad=1.703 | tok/s=64,804 | tokens=0.10B
step=  3180 | loss=5.4106 | lr=3.00e-04 | wd=0.0917 | mom=0.9500 | T=1.8 k=1.0 (mu_rec=1 mu_bwd=1) | grad=1.203 | tok/s=64,670 | tokens=0.10B
step=  3190 | loss=5.5670 | lr=3.00e-04 | wd=0.0916 | mom=0.9500 | T=1.2 k=1.0 (mu_rec=1 mu_bwd=1) | grad=1.117 | tok/s=64,821 | tokens=0.10B
step=  3200 | loss=5.6097 | lr=3.00e-04 | wd=0.0916 | mom=0.9500 | T=1.2 k=1.0 (mu_rec=1 mu_bwd=1) | grad=3.984 | tok/s=62,108 | tokens=0.10B
step=  3210 | loss=5.5275 | lr=3.00e-04 | wd=0.0916 | mom=0.9500 | T=1.2 k=1.0 (mu_rec=1 mu_bwd=1) | grad=1.273 | tok/s=63,079 | tokens=0.11B
step=  3220 | loss=5.8188 | lr=3.00e-04 | wd=0.0916 | mom=0.9500 | T=1.8 k=1.0 (mu_rec=1 mu_bwd=1) | grad=0.996 | tok/s=61,354 | tokens=0.11B
step=  3230 | loss=5.6251 | lr=3.00e-04 | wd=0.0915 | mom=0.9500 | T=1.2 k=1.0 (mu_rec=1 mu_bwd=1) | grad=1.398 | tok/s=61,218 | tokens=0.11B
step=  3240 | loss=5.5663 | lr=3.00e-04 | wd=0.0915 | mom=0.9500 | T=1.2 k=1.0 (mu_rec=1 mu_bwd=1) | grad=1.195 | tok/s=62,982 | tokens=0.11B
step=  3250 | loss=5.6872 | lr=3.00e-04 | wd=0.0915 | mom=0.9500 | T=1.0 k=1.0 (mu_rec=1 mu_bwd=1) | grad=1.633 | tok/s=62,463 | tokens=0.11B
step=  3260 | loss=5.7027 | lr=3.00e-04 | wd=0.0915 | mom=0.9500 | T=1.5 k=1.0 (mu_rec=1 mu_bwd=1) | grad=2.656 | tok/s=62,077 | tokens=0.11B
step=  3270 | loss=5.6239 | lr=3.00e-04 | wd=0.0914 | mom=0.9500 | T=1.0 k=1.0 (mu_rec=1 mu_bwd=1) | grad=1.945 | tok/s=66,267 | tokens=0.11B
step=  3280 | loss=5.4832 | lr=3.00e-04 | wd=0.0914 | mom=0.9500 | T=1.0 k=1.0 (mu_rec=1 mu_bwd=1) | grad=1.906 | tok/s=67,324 | tokens=0.11B
step=  3290 | loss=5.7425 | lr=3.00e-04 | wd=0.0914 | mom=0.9500 | T=1.8 k=1.0 (mu_rec=1 mu_bwd=1) | grad=1.281 | tok/s=62,227 | tokens=0.11B
step=  3300 | loss=5.6909 | lr=3.00e-04 | wd=0.0914 | mom=0.9500 | T=1.0 k=1.0 (mu_rec=1 mu_bwd=1) | grad=2.828 | tok/s=66,600 | tokens=0.11B
step=  3310 | loss=5.6184 | lr=3.00e-04 | wd=0.0913 | mom=0.9500 | T=1.2 k=1.0 (mu_rec=1 mu_bwd=1) | grad=1.242 | tok/s=63,620 | tokens=0.11B
step=  3320 | loss=5.6307 | lr=3.00e-04 | wd=0.0913 | mom=0.9500 | T=1.0 k=1.0 (mu_rec=1 mu_bwd=1) | grad=1.430 | tok/s=63,964 | tokens=0.11B
step=  3330 | loss=5.6587 | lr=3.00e-04 | wd=0.0913 | mom=0.9500 | T=1.2 k=1.0 (mu_rec=1 mu_bwd=1) | grad=1.383 | tok/s=61,409 | tokens=0.11B
step=  3340 | loss=5.6588 | lr=3.00e-04 | wd=0.0912 | mom=0.9500 | T=2.8 k=1.0 (mu_rec=1 mu_bwd=1) | grad=2.516 | tok/s=63,050 | tokens=0.11B
step=  3350 | loss=5.7397 | lr=3.00e-04 | wd=0.0912 | mom=0.9500 | T=1.5 k=1.0 (mu_rec=1 mu_bwd=1) | grad=1.773 | tok/s=61,829 | tokens=0.11B
step=  3360 | loss=6.1488 | lr=3.00e-04 | wd=0.0912 | mom=0.9500 | T=1.2 k=1.0 (mu_rec=1 mu_bwd=1) | grad=2.250 | tok/s=63,385 | tokens=0.11B
step=  3370 | loss=5.5365 | lr=3.00e-04 | wd=0.0912 | mom=0.9500 | T=1.2 k=1.0 (mu_rec=1 mu_bwd=1) | grad=3.562 | tok/s=11,075 | tokens=0.11B
step=  3380 | loss=5.6624 | lr=3.00e-04 | wd=0.0911 | mom=0.9500 | T=1.5 k=1.0 (mu_rec=1 mu_bwd=1) | grad=1.625 | tok/s=64,366 | tokens=0.11B
step=  3390 | loss=5.5664 | lr=3.00e-04 | wd=0.0911 | mom=0.9500 | T=1.5 k=1.0 (mu_rec=1 mu_bwd=1) | grad=1.719 | tok/s=11,404 | tokens=0.11B
step=  3400 | loss=5.7024 | lr=3.00e-04 | wd=0.0911 | mom=0.9500 | T=1.2 k=1.0 (mu_rec=1 mu_bwd=1) | grad=2.547 | tok/s=67,156 | tokens=0.11B
step=  3410 | loss=5.5578 | lr=3.00e-04 | wd=0.0911 | mom=0.9500 | T=1.2 k=1.0 (mu_rec=1 mu_bwd=1) | grad=1.711 | tok/s=61,915 | tokens=0.11B
step=  3420 | loss=5.4425 | lr=3.00e-04 | wd=0.0910 | mom=0.9500 | T=1.2 k=1.0 (mu_rec=1 mu_bwd=1) | grad=3.203 | tok/s=63,673 | tokens=0.11B
step=  3430 | loss=5.4063 | lr=3.00e-04 | wd=0.0910 | mom=0.9500 | T=1.2 k=1.0 (mu_rec=1 mu_bwd=1) | grad=1.461 | tok/s=62,014 | tokens=0.11B
step=  3440 | loss=5.7704 | lr=3.00e-04 | wd=0.0910 | mom=0.9500 | T=1.5 k=1.0 (mu_rec=1 mu_bwd=1) | grad=1.938 | tok/s=63,856 | tokens=0.11B
step=  3450 | loss=5.7059 | lr=3.00e-04 | wd=0.0910 | mom=0.9500 | T=1.2 k=1.0 (mu_rec=1 mu_bwd=1) | grad=1.914 | tok/s=64,148 | tokens=0.11B
step=  3460 | loss=5.7614 | lr=3.00e-04 | wd=0.0909 | mom=0.9500 | T=2.2 k=1.0 (mu_rec=1 mu_bwd=1) | grad=1.688 | tok/s=64,807 | tokens=0.11B
step=  3470 | loss=5.7805 | lr=3.00e-04 | wd=0.0909 | mom=0.9500 | T=1.8 k=1.0 (mu_rec=1 mu_bwd=1) | grad=2.047 | tok/s=63,260 | tokens=0.11B
step=  3480 | loss=5.7650 | lr=3.00e-04 | wd=0.0909 | mom=0.9500 | T=1.0 k=1.0 (mu_rec=1 mu_bwd=1) | grad=1.953 | tok/s=66,659 | tokens=0.11B
step=  3490 | loss=5.6181 | lr=3.00e-04 | wd=0.0909 | mom=0.9500 | T=1.0 k=1.0 (mu_rec=1 mu_bwd=1) | grad=2.234 | tok/s=65,340 | tokens=0.11B
step=  3500 | loss=5.7427 | lr=3.00e-04 | wd=0.0908 | mom=0.9500 | T=1.0 k=1.0 (mu_rec=1 mu_bwd=1) | grad=1.859 | tok/s=65,592 | tokens=0.11B
step=  3510 | loss=5.5755 | lr=3.00e-04 | wd=0.0908 | mom=0.9500 | T=1.5 k=1.0 (mu_rec=1 mu_bwd=1) | grad=1.406 | tok/s=62,946 | tokens=0.12B
step=  3520 | loss=5.7873 | lr=3.00e-04 | wd=0.0908 | mom=0.9500 | T=1.0 k=1.0 (mu_rec=1 mu_bwd=1) | grad=1.203 | tok/s=64,866 | tokens=0.12B
step=  3530 | loss=5.6508 | lr=3.00e-04 | wd=0.0907 | mom=0.9500 | T=1.2 k=1.0 (mu_rec=1 mu_bwd=1) | grad=1.727 | tok/s=67,875 | tokens=0.12B
step=  3540 | loss=5.7362 | lr=3.00e-04 | wd=0.0907 | mom=0.9500 | T=1.5 k=1.0 (mu_rec=1 mu_bwd=1) | grad=1.656 | tok/s=62,875 | tokens=0.12B
step=  3550 | loss=5.6014 | lr=3.00e-04 | wd=0.0907 | mom=0.9500 | T=1.0 k=1.0 (mu_rec=1 mu_bwd=1) | grad=2.578 | tok/s=62,822 | tokens=0.12B
step=  3560 | loss=5.6408 | lr=3.00e-04 | wd=0.0907 | mom=0.9500 | T=1.5 k=1.0 (mu_rec=1 mu_bwd=1) | grad=1.555 | tok/s=62,274 | tokens=0.12B
step=  3570 | loss=5.6827 | lr=3.00e-04 | wd=0.0906 | mom=0.9500 | T=1.0 k=1.0 (mu_rec=1 mu_bwd=1) | grad=1.273 | tok/s=61,413 | tokens=0.12B
step=  3580 | loss=5.7084 | lr=3.00e-04 | wd=0.0906 | mom=0.9500 | T=1.8 k=1.0 (mu_rec=1 mu_bwd=1) | grad=1.094 | tok/s=63,052 | tokens=0.12B
step=  3590 | loss=5.9145 | lr=3.00e-04 | wd=0.0906 | mom=0.9500 | T=2.2 k=1.0 (mu_rec=1 mu_bwd=1) | grad=1.180 | tok/s=61,400 | tokens=0.12B
step=  3600 | loss=5.5582 | lr=3.00e-04 | wd=0.0906 | mom=0.9500 | T=1.8 k=1.0 (mu_rec=1 mu_bwd=1) | grad=1.500 | tok/s=63,719 | tokens=0.12B
step=  3610 | loss=5.6354 | lr=3.00e-04 | wd=0.0905 | mom=0.9500 | T=1.0 k=1.0 (mu_rec=1 mu_bwd=1) | grad=2.766 | tok/s=62,790 | tokens=0.12B
step=  3620 | loss=5.5053 | lr=3.00e-04 | wd=0.0905 | mom=0.9500 | T=1.0 k=1.0 (mu_rec=1 mu_bwd=1) | grad=1.383 | tok/s=66,175 | tokens=0.12B
step=  3630 | loss=5.6870 | lr=3.00e-04 | wd=0.0905 | mom=0.9500 | T=1.0 k=1.0 (mu_rec=1 mu_bwd=1) | grad=1.539 | tok/s=62,786 | tokens=0.12B
step=  3640 | loss=5.8901 | lr=3.00e-04 | wd=0.0905 | mom=0.9500 | T=1.5 k=1.0 (mu_rec=1 mu_bwd=1) | grad=3.031 | tok/s=60,722 | tokens=0.12B
step=  3650 | loss=5.5322 | lr=3.00e-04 | wd=0.0904 | mom=0.9500 | T=1.5 k=1.0 (mu_rec=1 mu_bwd=1) | grad=1.922 | tok/s=63,479 | tokens=0.12B
step=  3660 | loss=5.7074 | lr=3.00e-04 | wd=0.0904 | mom=0.9500 | T=1.0 k=1.0 (mu_rec=1 mu_bwd=1) | grad=1.773 | tok/s=63,518 | tokens=0.12B
step=  3670 | loss=5.5975 | lr=3.00e-04 | wd=0.0904 | mom=0.9500 | T=1.0 k=1.0 (mu_rec=1 mu_bwd=1) | grad=2.703 | tok/s=63,900 | tokens=0.12B
step=  3680 | loss=5.6003 | lr=3.00e-04 | wd=0.0904 | mom=0.9500 | T=1.5 k=1.0 (mu_rec=1 mu_bwd=1) | grad=1.383 | tok/s=64,669 | tokens=0.12B
step=  3690 | loss=5.4645 | lr=3.00e-04 | wd=0.0903 | mom=0.9500 | T=1.0 k=1.0 (mu_rec=1 mu_bwd=1) | grad=2.125 | tok/s=63,918 | tokens=0.12B
step=  3700 | loss=5.6293 | lr=3.00e-04 | wd=0.0903 | mom=0.9500 | T=1.2 k=1.0 (mu_rec=1 mu_bwd=1) | grad=1.602 | tok/s=65,085 | tokens=0.12B
step=  3710 | loss=5.5164 | lr=3.00e-04 | wd=0.0903 | mom=0.9500 | T=1.5 k=1.0 (mu_rec=1 mu_bwd=1) | grad=2.297 | tok/s=63,887 | tokens=0.12B
step=  3720 | loss=5.9824 | lr=3.00e-04 | wd=0.0903 | mom=0.9500 | T=1.0 k=1.0 (mu_rec=1 mu_bwd=1) | grad=1.695 | tok/s=64,822 | tokens=0.12B
step=  3730 | loss=5.6436 | lr=3.00e-04 | wd=0.0902 | mom=0.9500 | T=1.0 k=1.0 (mu_rec=1 mu_bwd=1) | grad=2.062 | tok/s=64,426 | tokens=0.12B
step=  3740 | loss=5.6942 | lr=3.00e-04 | wd=0.0902 | mom=0.9500 | T=1.5 k=1.0 (mu_rec=1 mu_bwd=1) | grad=1.609 | tok/s=61,458 | tokens=0.12B
step=  3750 | loss=5.5944 | lr=3.00e-04 | wd=0.0902 | mom=0.9500 | T=1.0 k=1.0 (mu_rec=1 mu_bwd=1) | grad=2.156 | tok/s=64,998 | tokens=0.12B
step=  3760 | loss=5.5834 | lr=3.00e-04 | wd=0.0901 | mom=0.9500 | T=1.0 k=1.0 (mu_rec=1 mu_bwd=1) | grad=2.641 | tok/s=67,165 | tokens=0.12B
step=  3770 | loss=5.6968 | lr=3.00e-04 | wd=0.0901 | mom=0.9500 | T=1.8 k=1.0 (mu_rec=1 mu_bwd=1) | grad=2.203 | tok/s=62,891 | tokens=0.12B
step=  3780 | loss=5.6835 | lr=3.00e-04 | wd=0.0901 | mom=0.9500 | T=1.5 k=1.0 (mu_rec=1 mu_bwd=1) | grad=1.641 | tok/s=62,660 | tokens=0.12B
step=  3790 | loss=5.5528 | lr=3.00e-04 | wd=0.0901 | mom=0.9500 | T=1.5 k=1.0 (mu_rec=1 mu_bwd=1) | grad=4.094 | tok/s=62,334 | tokens=0.12B
step=  3800 | loss=5.3775 | lr=3.00e-04 | wd=0.0900 | mom=0.9500 | T=1.2 k=1.0 (mu_rec=1 mu_bwd=1) | grad=1.164 | tok/s=61,847 | tokens=0.12B
step=  3810 | loss=5.6257 | lr=3.00e-04 | wd=0.0900 | mom=0.9500 | T=1.2 k=1.0 (mu_rec=1 mu_bwd=1) | grad=1.320 | tok/s=65,181 | tokens=0.12B
step=  3820 | loss=5.6350 | lr=3.00e-04 | wd=0.0900 | mom=0.9500 | T=1.8 k=1.0 (mu_rec=1 mu_bwd=1) | grad=1.117 | tok/s=62,608 | tokens=0.13B
step=  3830 | loss=5.5777 | lr=3.00e-04 | wd=0.0900 | mom=0.9500 | T=1.0 k=1.0 (mu_rec=1 mu_bwd=1) | grad=1.258 | tok/s=63,361 | tokens=0.13B
step=  3840 | loss=5.4203 | lr=3.00e-04 | wd=0.0899 | mom=0.9500 | T=1.0 k=1.0 (mu_rec=1 mu_bwd=1) | grad=1.430 | tok/s=66,868 | tokens=0.13B
step=  3850 | loss=5.6136 | lr=3.00e-04 | wd=0.0899 | mom=0.9500 | T=1.8 k=1.0 (mu_rec=1 mu_bwd=1) | grad=1.656 | tok/s=65,228 | tokens=0.13B
step=  3860 | loss=5.6813 | lr=3.00e-04 | wd=0.0899 | mom=0.9500 | T=1.0 k=1.0 (mu_rec=1 mu_bwd=1) | grad=1.359 | tok/s=62,645 | tokens=0.13B
step=  3870 | loss=5.6614 | lr=3.00e-04 | wd=0.0899 | mom=0.9500 | T=1.0 k=1.0 (mu_rec=1 mu_bwd=1) | grad=1.609 | tok/s=62,509 | tokens=0.13B
step=  3880 | loss=5.6583 | lr=3.00e-04 | wd=0.0898 | mom=0.9500 | T=2.8 k=1.0 (mu_rec=1 mu_bwd=1) | grad=1.062 | tok/s=63,307 | tokens=0.13B
step=  3890 | loss=5.8544 | lr=3.00e-04 | wd=0.0898 | mom=0.9500 | T=1.5 k=1.0 (mu_rec=1 mu_bwd=1) | grad=1.570 | tok/s=65,080 | tokens=0.13B
step=  3900 | loss=5.5460 | lr=3.00e-04 | wd=0.0898 | mom=0.9500 | T=1.5 k=1.0 (mu_rec=1 mu_bwd=1) | grad=3.562 | tok/s=59,487 | tokens=0.13B
step=  3910 | loss=5.7702 | lr=3.00e-04 | wd=0.0898 | mom=0.9500 | T=1.2 k=1.0 (mu_rec=1 mu_bwd=1) | grad=1.820 | tok/s=64,154 | tokens=0.13B
step=  3920 | loss=5.6185 | lr=3.00e-04 | wd=0.0897 | mom=0.9500 | T=1.2 k=1.0 (mu_rec=1 mu_bwd=1) | grad=1.570 | tok/s=63,340 | tokens=0.13B
step=  3930 | loss=5.5888 | lr=3.00e-04 | wd=0.0897 | mom=0.9500 | T=1.0 k=1.0 (mu_rec=1 mu_bwd=1) | grad=5.031 | tok/s=65,070 | tokens=0.13B
step=  3940 | loss=5.6794 | lr=3.00e-04 | wd=0.0897 | mom=0.9500 | T=1.2 k=1.0 (mu_rec=1 mu_bwd=1) | grad=1.172 | tok/s=64,072 | tokens=0.13B
step=  3950 | loss=5.7674 | lr=3.00e-04 | wd=0.0896 | mom=0.9500 | T=1.2 k=1.0 (mu_rec=1 mu_bwd=1) | grad=2.469 | tok/s=62,066 | tokens=0.13B
step=  3960 | loss=5.6697 | lr=3.00e-04 | wd=0.0896 | mom=0.9500 | T=1.8 k=1.0 (mu_rec=1 mu_bwd=1) | grad=1.664 | tok/s=61,480 | tokens=0.13B
step=  3970 | loss=5.7048 | lr=3.00e-04 | wd=0.0896 | mom=0.9500 | T=1.5 k=1.0 (mu_rec=1 mu_bwd=1) | grad=1.391 | tok/s=63,994 | tokens=0.13B
step=  3980 | loss=5.6136 | lr=3.00e-04 | wd=0.0896 | mom=0.9500 | T=1.5 k=1.0 (mu_rec=1 mu_bwd=1) | grad=1.555 | tok/s=63,778 | tokens=0.13B
step=  3990 | loss=5.4834 | lr=3.00e-04 | wd=0.0895 | mom=0.9500 | T=1.2 k=1.0 (mu_rec=1 mu_bwd=1) | grad=1.758 | tok/s=67,428 | tokens=0.13B
step=  4000 | loss=5.6939 | lr=3.00e-04 | wd=0.0895 | mom=0.9500 | T=1.2 k=1.0 (mu_rec=1 mu_bwd=1) | grad=1.156 | tok/s=63,291 | tokens=0.13B
step=  4010 | loss=5.5983 | lr=3.00e-04 | wd=0.0895 | mom=0.9500 | T=2.5 k=1.0 (mu_rec=1 mu_bwd=1) | grad=1.281 | tok/s=62,999 | tokens=0.13B
step=  4020 | loss=5.7640 | lr=3.00e-04 | wd=0.0895 | mom=0.9500 | T=1.0 k=1.0 (mu_rec=1 mu_bwd=1) | grad=2.500 | tok/s=65,492 | tokens=0.13B
step=  4030 | loss=5.6482 | lr=3.00e-04 | wd=0.0894 | mom=0.9500 | T=1.8 k=1.0 (mu_rec=1 mu_bwd=1) | grad=1.047 | tok/s=63,643 | tokens=0.13B
step=  4040 | loss=5.6160 | lr=3.00e-04 | wd=0.0894 | mom=0.9500 | T=1.0 k=1.0 (mu_rec=1 mu_bwd=1) | grad=2.484 | tok/s=62,999 | tokens=0.13B
step=  4050 | loss=5.5050 | lr=3.00e-04 | wd=0.0894 | mom=0.9500 | T=1.0 k=1.0 (mu_rec=1 mu_bwd=1) | grad=2.266 | tok/s=62,282 | tokens=0.13B
step=  4060 | loss=5.5394 | lr=3.00e-04 | wd=0.0894 | mom=0.9500 | T=1.2 k=1.0 (mu_rec=1 mu_bwd=1) | grad=3.656 | tok/s=66,971 | tokens=0.13B
step=  4070 | loss=5.5866 | lr=3.00e-04 | wd=0.0893 | mom=0.9500 | T=1.2 k=1.0 (mu_rec=1 mu_bwd=1) | grad=1.406 | tok/s=62,824 | tokens=0.13B
step=  4080 | loss=5.5519 | lr=3.00e-04 | wd=0.0893 | mom=0.9500 | T=1.5 k=1.0 (mu_rec=1 mu_bwd=1) | grad=2.156 | tok/s=63,038 | tokens=0.13B
step=  4090 | loss=5.2697 | lr=3.00e-04 | wd=0.0893 | mom=0.9500 | T=1.2 k=1.0 (mu_rec=1 mu_bwd=1) | grad=2.609 | tok/s=64,874 | tokens=0.13B
step=  4100 | loss=5.3404 | lr=3.00e-04 | wd=0.0893 | mom=0.9500 | T=2.2 k=1.0 (mu_rec=1 mu_bwd=1) | grad=1.586 | tok/s=64,018 | tokens=0.13B
step=  4110 | loss=5.7677 | lr=3.00e-04 | wd=0.0892 | mom=0.9500 | T=1.0 k=1.0 (mu_rec=1 mu_bwd=1) | grad=1.789 | tok/s=65,950 | tokens=0.13B
step=  4120 | loss=5.7126 | lr=3.00e-04 | wd=0.0892 | mom=0.9500 | T=1.0 k=1.0 (mu_rec=1 mu_bwd=1) | grad=1.422 | tok/s=62,397 | tokens=0.14B
step=  4130 | loss=5.7116 | lr=3.00e-04 | wd=0.0892 | mom=0.9500 | T=1.5 k=1.0 (mu_rec=1 mu_bwd=1) | grad=1.391 | tok/s=61,967 | tokens=0.14B
step=  4140 | loss=5.5837 | lr=3.00e-04 | wd=0.0891 | mom=0.9500 | T=1.0 k=1.0 (mu_rec=1 mu_bwd=1) | grad=2.188 | tok/s=63,874 | tokens=0.14B
step=  4150 | loss=5.6005 | lr=3.00e-04 | wd=0.0891 | mom=0.9500 | T=1.8 k=1.0 (mu_rec=1 mu_bwd=1) | grad=2.719 | tok/s=67,281 | tokens=0.14B
step=  4160 | loss=5.8498 | lr=3.00e-04 | wd=0.0891 | mom=0.9500 | T=1.5 k=1.0 (mu_rec=1 mu_bwd=1) | grad=4.250 | tok/s=61,607 | tokens=0.14B
step=  4170 | loss=5.5715 | lr=3.00e-04 | wd=0.0891 | mom=0.9500 | T=1.0 k=1.0 (mu_rec=1 mu_bwd=1) | grad=1.727 | tok/s=63,994 | tokens=0.14B
step=  4180 | loss=5.7126 | lr=3.00e-04 | wd=0.0890 | mom=0.9500 | T=1.2 k=1.0 (mu_rec=1 mu_bwd=1) | grad=1.578 | tok/s=64,104 | tokens=0.14B
step=  4190 | loss=5.5410 | lr=3.00e-04 | wd=0.0890 | mom=0.9500 | T=1.5 k=1.0 (mu_rec=1 mu_bwd=1) | grad=1.484 | tok/s=65,090 | tokens=0.14B
step=  4200 | loss=5.5651 | lr=3.00e-04 | wd=0.0890 | mom=0.9500 | T=2.8 k=1.0 (mu_rec=1 mu_bwd=1) | grad=0.988 | tok/s=61,890 | tokens=0.14B
step=  4210 | loss=5.6334 | lr=3.00e-04 | wd=0.0890 | mom=0.9500 | T=1.0 k=1.0 (mu_rec=1 mu_bwd=1) | grad=1.594 | tok/s=62,619 | tokens=0.14B
step=  4220 | loss=5.7102 | lr=3.00e-04 | wd=0.0889 | mom=0.9500 | T=1.5 k=1.0 (mu_rec=1 mu_bwd=1) | grad=1.602 | tok/s=63,257 | tokens=0.14B
step=  4230 | loss=5.5657 | lr=3.00e-04 | wd=0.0889 | mom=0.9500 | T=1.0 k=1.0 (mu_rec=1 mu_bwd=1) | grad=1.688 | tok/s=66,774 | tokens=0.14B
step=  4240 | loss=5.6429 | lr=3.00e-04 | wd=0.0889 | mom=0.9500 | T=1.2 k=1.0 (mu_rec=1 mu_bwd=1) | grad=1.500 | tok/s=12,596 | tokens=0.14B
step=  4250 | loss=5.6686 | lr=3.00e-04 | wd=0.0889 | mom=0.9500 | T=1.2 k=1.0 (mu_rec=1 mu_bwd=1) | grad=2.234 | tok/s=62,885 | tokens=0.14B
step=  4260 | loss=5.6094 | lr=3.00e-04 | wd=0.0888 | mom=0.9500 | T=1.5 k=1.0 (mu_rec=1 mu_bwd=1) | grad=3.594 | tok/s=63,678 | tokens=0.14B
step=  4270 | loss=5.8661 | lr=3.00e-04 | wd=0.0888 | mom=0.9500 | T=1.0 k=1.0 (mu_rec=1 mu_bwd=1) | grad=2.328 | tok/s=11,205 | tokens=0.14B
step=  4280 | loss=5.9809 | lr=3.00e-04 | wd=0.0888 | mom=0.9500 | T=1.0 k=1.0 (mu_rec=1 mu_bwd=1) | grad=1.867 | tok/s=65,228 | tokens=0.14B
step=  4290 | loss=5.7842 | lr=3.00e-04 | wd=0.0888 | mom=0.9500 | T=1.0 k=1.0 (mu_rec=1 mu_bwd=1) | grad=2.828 | tok/s=66,342 | tokens=0.14B
step=  4300 | loss=5.6287 | lr=3.00e-04 | wd=0.0887 | mom=0.9500 | T=1.2 k=1.0 (mu_rec=1 mu_bwd=1) | grad=1.641 | tok/s=66,117 | tokens=0.14B
step=  4310 | loss=5.7929 | lr=3.00e-04 | wd=0.0887 | mom=0.9500 | T=1.8 k=1.0 (mu_rec=1 mu_bwd=1) | grad=2.547 | tok/s=64,029 | tokens=0.14B
step=  4320 | loss=5.6138 | lr=3.00e-04 | wd=0.0887 | mom=0.9500 | T=2.0 k=1.0 (mu_rec=1 mu_bwd=1) | grad=1.180 | tok/s=62,831 | tokens=0.14B
step=  4330 | loss=5.2039 | lr=3.00e-04 | wd=0.0887 | mom=0.9500 | T=1.2 k=1.0 (mu_rec=1 mu_bwd=1) | grad=1.297 | tok/s=64,721 | tokens=0.14B
step=  4340 | loss=5.6716 | lr=3.00e-04 | wd=0.0886 | mom=0.9500 | T=2.8 k=1.0 (mu_rec=1 mu_bwd=1) | grad=1.297 | tok/s=60,959 | tokens=0.14B
step=  4350 | loss=5.6307 | lr=3.00e-04 | wd=0.0886 | mom=0.9500 | T=1.0 k=1.0 (mu_rec=1 mu_bwd=1) | grad=1.312 | tok/s=62,836 | tokens=0.14B
step=  4360 | loss=5.7247 | lr=3.00e-04 | wd=0.0886 | mom=0.9500 | T=1.8 k=1.0 (mu_rec=1 mu_bwd=1) | grad=2.422 | tok/s=64,175 | tokens=0.14B
step=  4370 | loss=5.7623 | lr=3.00e-04 | wd=0.0885 | mom=0.9500 | T=1.8 k=1.0 (mu_rec=1 mu_bwd=1) | grad=1.477 | tok/s=65,939 | tokens=0.14B
step=  4380 | loss=5.6978 | lr=3.00e-04 | wd=0.0885 | mom=0.9500 | T=1.2 k=1.0 (mu_rec=1 mu_bwd=1) | grad=1.172 | tok/s=61,527 | tokens=0.14B
step=  4390 | loss=5.7717 | lr=3.00e-04 | wd=0.0885 | mom=0.9500 | T=1.5 k=1.0 (mu_rec=1 mu_bwd=1) | grad=1.352 | tok/s=64,075 | tokens=0.14B
step=  4400 | loss=5.5487 | lr=3.00e-04 | wd=0.0885 | mom=0.9500 | T=1.8 k=1.0 (mu_rec=1 mu_bwd=1) | grad=1.312 | tok/s=63,135 | tokens=0.14B
step=  4410 | loss=5.7946 | lr=3.00e-04 | wd=0.0884 | mom=0.9500 | T=1.0 k=1.0 (mu_rec=1 mu_bwd=1) | grad=5.688 | tok/s=65,139 | tokens=0.14B
step=  4420 | loss=5.4720 | lr=3.00e-04 | wd=0.0884 | mom=0.9500 | T=1.0 k=1.0 (mu_rec=1 mu_bwd=1) | grad=1.227 | tok/s=63,853 | tokens=0.14B
step=  4430 | loss=5.6448 | lr=3.00e-04 | wd=0.0884 | mom=0.9500 | T=1.2 k=1.0 (mu_rec=1 mu_bwd=1) | grad=1.164 | tok/s=62,727 | tokens=0.15B
step=  4440 | loss=5.5614 | lr=3.00e-04 | wd=0.0884 | mom=0.9500 | T=1.0 k=1.0 (mu_rec=1 mu_bwd=1) | grad=3.328 | tok/s=61,119 | tokens=0.15B
step=  4450 | loss=5.6695 | lr=3.00e-04 | wd=0.0883 | mom=0.9500 | T=1.0 k=1.0 (mu_rec=1 mu_bwd=1) | grad=2.359 | tok/s=62,680 | tokens=0.15B
step=  4460 | loss=5.5718 | lr=3.00e-04 | wd=0.0883 | mom=0.9500 | T=2.8 k=1.0 (mu_rec=1 mu_bwd=1) | grad=1.328 | tok/s=62,468 | tokens=0.15B
step=  4470 | loss=5.6154 | lr=3.00e-04 | wd=0.0883 | mom=0.9500 | T=1.2 k=1.0 (mu_rec=1 mu_bwd=1) | grad=2.594 | tok/s=65,977 | tokens=0.15B
step=  4480 | loss=5.6568 | lr=3.00e-04 | wd=0.0883 | mom=0.9500 | T=2.2 k=1.0 (mu_rec=1 mu_bwd=1) | grad=1.000 | tok/s=64,404 | tokens=0.15B
step=  4490 | loss=5.6733 | lr=3.00e-04 | wd=0.0882 | mom=0.9500 | T=1.2 k=1.0 (mu_rec=1 mu_bwd=1) | grad=1.344 | tok/s=65,757 | tokens=0.15B
step=  4500 | loss=5.3878 | lr=3.00e-04 | wd=0.0882 | mom=0.9500 | T=1.2 k=1.0 (mu_rec=1 mu_bwd=1) | grad=1.586 | tok/s=64,278 | tokens=0.15B
step=  4510 | loss=5.5508 | lr=3.00e-04 | wd=0.0882 | mom=0.9500 | T=1.8 k=1.0 (mu_rec=1 mu_bwd=1) | grad=2.500 | tok/s=65,046 | tokens=0.15B
step=  4520 | loss=5.3841 | lr=3.00e-04 | wd=0.0882 | mom=0.9500 | T=1.2 k=1.0 (mu_rec=1 mu_bwd=1) | grad=5.719 | tok/s=63,206 | tokens=0.15B
step=  4530 | loss=5.6062 | lr=3.00e-04 | wd=0.0881 | mom=0.9500 | T=1.2 k=1.0 (mu_rec=1 mu_bwd=1) | grad=2.281 | tok/s=63,463 | tokens=0.15B
step=  4540 | loss=5.5480 | lr=3.00e-04 | wd=0.0881 | mom=0.9500 | T=1.8 k=1.0 (mu_rec=1 mu_bwd=1) | grad=1.094 | tok/s=63,805 | tokens=0.15B
step=  4550 | loss=5.5808 | lr=3.00e-04 | wd=0.0881 | mom=0.9500 | T=1.0 k=1.0 (mu_rec=1 mu_bwd=1) | grad=1.625 | tok/s=65,493 | tokens=0.15B
step=  4560 | loss=5.5191 | lr=3.00e-04 | wd=0.0880 | mom=0.9500 | T=2.2 k=1.0 (mu_rec=1 mu_bwd=1) | grad=1.758 | tok/s=67,945 | tokens=0.15B
step=  4570 | loss=5.7701 | lr=3.00e-04 | wd=0.0880 | mom=0.9500 | T=1.2 k=1.0 (mu_rec=1 mu_bwd=1) | grad=1.648 | tok/s=63,653 | tokens=0.15B
step=  4580 | loss=5.6321 | lr=3.00e-04 | wd=0.0880 | mom=0.9500 | T=1.0 k=1.0 (mu_rec=1 mu_bwd=1) | grad=4.062 | tok/s=64,296 | tokens=0.15B
step=  4590 | loss=5.6346 | lr=3.00e-04 | wd=0.0880 | mom=0.9500 | T=1.0 k=1.0 (mu_rec=1 mu_bwd=1) | grad=5.156 | tok/s=66,776 | tokens=0.15B
step=  4600 | loss=5.5846 | lr=3.00e-04 | wd=0.0879 | mom=0.9500 | T=1.2 k=1.0 (mu_rec=1 mu_bwd=1) | grad=1.648 | tok/s=62,308 | tokens=0.15B
step=  4610 | loss=5.7714 | lr=3.00e-04 | wd=0.0879 | mom=0.9500 | T=2.2 k=1.0 (mu_rec=1 mu_bwd=1) | grad=1.750 | tok/s=62,316 | tokens=0.15B
step=  4620 | loss=5.6633 | lr=3.00e-04 | wd=0.0879 | mom=0.9500 | T=2.0 k=1.0 (mu_rec=1 mu_bwd=1) | grad=1.281 | tok/s=62,006 | tokens=0.15B
step=  4630 | loss=5.6005 | lr=3.00e-04 | wd=0.0879 | mom=0.9500 | T=1.5 k=1.0 (mu_rec=1 mu_bwd=1) | grad=1.898 | tok/s=66,046 | tokens=0.15B
step=  4640 | loss=5.4757 | lr=3.00e-04 | wd=0.0878 | mom=0.9500 | T=1.2 k=1.0 (mu_rec=1 mu_bwd=1) | grad=1.961 | tok/s=62,091 | tokens=0.15B
step=  4650 | loss=5.4045 | lr=3.00e-04 | wd=0.0878 | mom=0.9500 | T=1.2 k=1.0 (mu_rec=1 mu_bwd=1) | grad=1.852 | tok/s=61,773 | tokens=0.15B
step=  4660 | loss=5.3286 | lr=3.00e-04 | wd=0.0878 | mom=0.9500 | T=2.2 k=1.0 (mu_rec=1 mu_bwd=1) | grad=1.320 | tok/s=61,142 | tokens=0.15B
step=  4670 | loss=5.6578 | lr=3.00e-04 | wd=0.0878 | mom=0.9500 | T=1.0 k=1.0 (mu_rec=1 mu_bwd=1) | grad=1.555 | tok/s=64,981 | tokens=0.15B
step=  4680 | loss=5.7048 | lr=3.00e-04 | wd=0.0877 | mom=0.9500 | T=1.8 k=1.0 (mu_rec=1 mu_bwd=1) | grad=1.547 | tok/s=63,910 | tokens=0.15B
step=  4690 | loss=5.5425 | lr=3.00e-04 | wd=0.0877 | mom=0.9500 | T=1.2 k=1.0 (mu_rec=1 mu_bwd=1) | grad=1.227 | tok/s=63,752 | tokens=0.15B
step=  4700 | loss=5.4679 | lr=3.00e-04 | wd=0.0877 | mom=0.9500 | T=1.5 k=1.0 (mu_rec=1 mu_bwd=1) | grad=1.922 | tok/s=64,222 | tokens=0.15B
step=  4710 | loss=5.6370 | lr=3.00e-04 | wd=0.0877 | mom=0.9500 | T=1.5 k=1.0 (mu_rec=1 mu_bwd=1) | grad=2.859 | tok/s=64,284 | tokens=0.15B
step=  4720 | loss=5.6724 | lr=3.00e-04 | wd=0.0876 | mom=0.9500 | T=1.0 k=1.0 (mu_rec=1 mu_bwd=1) | grad=1.297 | tok/s=63,424 | tokens=0.15B
step=  4730 | loss=5.6382 | lr=3.00e-04 | wd=0.0876 | mom=0.9500 | T=2.0 k=1.0 (mu_rec=1 mu_bwd=1) | grad=1.281 | tok/s=62,736 | tokens=0.15B
step=  4740 | loss=5.4789 | lr=3.00e-04 | wd=0.0876 | mom=0.9500 | T=2.5 k=1.0 (mu_rec=1 mu_bwd=1) | grad=1.961 | tok/s=63,586 | tokens=0.16B
step=  4750 | loss=5.5162 | lr=3.00e-04 | wd=0.0876 | mom=0.9500 | T=2.8 k=1.0 (mu_rec=1 mu_bwd=1) | grad=1.070 | tok/s=62,476 | tokens=0.16B
step=  4760 | loss=5.5435 | lr=3.00e-04 | wd=0.0875 | mom=0.9500 | T=1.2 k=1.0 (mu_rec=1 mu_bwd=1) | grad=1.375 | tok/s=62,258 | tokens=0.16B
step=  4770 | loss=5.3043 | lr=3.00e-04 | wd=0.0875 | mom=0.9500 | T=1.5 k=1.0 (mu_rec=1 mu_bwd=1) | grad=2.578 | tok/s=63,100 | tokens=0.16B
step=  4780 | loss=5.6728 | lr=3.00e-04 | wd=0.0875 | mom=0.9500 | T=1.0 k=1.0 (mu_rec=1 mu_bwd=1) | grad=1.555 | tok/s=62,960 | tokens=0.16B
step=  4790 | loss=5.5890 | lr=3.00e-04 | wd=0.0874 | mom=0.9500 | T=1.5 k=1.0 (mu_rec=1 mu_bwd=1) | grad=1.422 | tok/s=64,088 | tokens=0.16B
step=  4800 | loss=5.6128 | lr=3.00e-04 | wd=0.0874 | mom=0.9500 | T=2.0 k=1.0 (mu_rec=1 mu_bwd=1) | grad=1.320 | tok/s=61,669 | tokens=0.16B
step=  4810 | loss=5.5424 | lr=3.00e-04 | wd=0.0874 | mom=0.9500 | T=1.5 k=1.0 (mu_rec=1 mu_bwd=1) | grad=1.367 | tok/s=61,436 | tokens=0.16B
step=  4820 | loss=5.5405 | lr=3.00e-04 | wd=0.0874 | mom=0.9500 | T=1.0 k=1.0 (mu_rec=1 mu_bwd=1) | grad=1.570 | tok/s=64,846 | tokens=0.16B
step=  4830 | loss=5.6403 | lr=3.00e-04 | wd=0.0873 | mom=0.9500 | T=1.5 k=1.0 (mu_rec=1 mu_bwd=1) | grad=2.578 | tok/s=63,623 | tokens=0.16B
step=  4840 | loss=5.5594 | lr=3.00e-04 | wd=0.0873 | mom=0.9500 | T=1.0 k=1.0 (mu_rec=1 mu_bwd=1) | grad=2.094 | tok/s=60,501 | tokens=0.16B
step=  4850 | loss=5.6103 | lr=3.00e-04 | wd=0.0873 | mom=0.9500 | T=1.2 k=1.0 (mu_rec=1 mu_bwd=1) | grad=1.594 | tok/s=64,587 | tokens=0.16B
step=  4860 | loss=5.7038 | lr=3.00e-04 | wd=0.0873 | mom=0.9500 | T=1.0 k=1.0 (mu_rec=1 mu_bwd=1) | grad=1.992 | tok/s=61,949 | tokens=0.16B
step=  4870 | loss=5.5544 | lr=3.00e-04 | wd=0.0872 | mom=0.9500 | T=1.2 k=1.0 (mu_rec=1 mu_bwd=1) | grad=2.359 | tok/s=61,272 | tokens=0.16B
step=  4880 | loss=5.6171 | lr=3.00e-04 | wd=0.0872 | mom=0.9500 | T=1.2 k=1.0 (mu_rec=1 mu_bwd=1) | grad=1.680 | tok/s=64,389 | tokens=0.16B
step=  4890 | loss=5.7851 | lr=3.00e-04 | wd=0.0872 | mom=0.9500 | T=1.2 k=1.0 (mu_rec=1 mu_bwd=1) | grad=1.664 | tok/s=60,518 | tokens=0.16B
step=  4900 | loss=5.6389 | lr=3.00e-04 | wd=0.0872 | mom=0.9500 | T=1.0 k=1.0 (mu_rec=1 mu_bwd=1) | grad=1.648 | tok/s=66,185 | tokens=0.16B
step=  4910 | loss=5.5722 | lr=3.00e-04 | wd=0.0871 | mom=0.9500 | T=1.0 k=1.0 (mu_rec=1 mu_bwd=1) | grad=1.492 | tok/s=63,311 | tokens=0.16B
step=  4920 | loss=5.4235 | lr=3.00e-04 | wd=0.0871 | mom=0.9500 | T=1.8 k=1.0 (mu_rec=1 mu_bwd=1) | grad=1.570 | tok/s=62,290 | tokens=0.16B
step=  4930 | loss=5.4394 | lr=3.00e-04 | wd=0.0871 | mom=0.9500 | T=2.0 k=1.0 (mu_rec=1 mu_bwd=1) | grad=1.898 | tok/s=63,254 | tokens=0.16B
step=  4940 | loss=5.5556 | lr=3.00e-04 | wd=0.0871 | mom=0.9500 | T=1.5 k=1.0 (mu_rec=1 mu_bwd=1) | grad=1.164 | tok/s=63,704 | tokens=0.16B
step=  4950 | loss=5.6368 | lr=3.00e-04 | wd=0.0870 | mom=0.9500 | T=1.2 k=1.0 (mu_rec=1 mu_bwd=1) | grad=1.547 | tok/s=64,385 | tokens=0.16B
step=  4960 | loss=5.7701 | lr=3.00e-04 | wd=0.0870 | mom=0.9500 | T=1.0 k=1.0 (mu_rec=1 mu_bwd=1) | grad=4.281 | tok/s=63,849 | tokens=0.16B
step=  4970 | loss=5.7784 | lr=3.00e-04 | wd=0.0870 | mom=0.9500 | T=1.0 k=1.0 (mu_rec=1 mu_bwd=1) | grad=1.555 | tok/s=62,915 | tokens=0.16B
step=  4980 | loss=5.6009 | lr=3.00e-04 | wd=0.0869 | mom=0.9500 | T=1.0 k=1.0 (mu_rec=1 mu_bwd=1) | grad=1.672 | tok/s=66,705 | tokens=0.16B
step=  4990 | loss=5.6598 | lr=3.00e-04 | wd=0.0869 | mom=0.9500 | T=1.8 k=1.0 (mu_rec=1 mu_bwd=1) | grad=1.953 | tok/s=65,521 | tokens=0.16B
step=  5000 | loss=6.6431 | lr=3.00e-04 | wd=0.0869 | mom=0.9500 | T=1.2 k=1.0 (mu_rec=1 mu_bwd=1) | grad=2.531 | tok/s=62,691 | tokens=0.16B
step=  5010 | loss=5.5620 | lr=3.00e-04 | wd=0.0869 | mom=0.9500 | T=1.8 k=1.0 (mu_rec=1 mu_bwd=1) | grad=2.797 | tok/s=62,522 | tokens=0.16B
step=  5020 | loss=5.5783 | lr=3.00e-04 | wd=0.0868 | mom=0.9500 | T=1.8 k=1.0 (mu_rec=1 mu_bwd=1) | grad=1.633 | tok/s=11,345 | tokens=0.16B
step=  5030 | loss=5.6182 | lr=3.00e-04 | wd=0.0868 | mom=0.9500 | T=1.8 k=1.0 (mu_rec=1 mu_bwd=1) | grad=1.336 | tok/s=63,502 | tokens=0.16B
step=  5040 | loss=5.3733 | lr=3.00e-04 | wd=0.0868 | mom=0.9500 | T=1.0 k=1.0 (mu_rec=1 mu_bwd=1) | grad=2.375 | tok/s=65,737 | tokens=0.17B
step=  5050 | loss=5.6630 | lr=3.00e-04 | wd=0.0868 | mom=0.9500 | T=1.2 k=1.0 (mu_rec=1 mu_bwd=1) | grad=1.781 | tok/s=65,947 | tokens=0.17B
step=  5060 | loss=5.5874 | lr=3.00e-04 | wd=0.0867 | mom=0.9500 | T=2.5 k=1.0 (mu_rec=1 mu_bwd=1) | grad=1.766 | tok/s=63,554 | tokens=0.17B
step=  5070 | loss=5.5633 | lr=3.00e-04 | wd=0.0867 | mom=0.9500 | T=1.0 k=1.0 (mu_rec=1 mu_bwd=1) | grad=1.750 | tok/s=62,862 | tokens=0.17B
step=  5080 | loss=5.7577 | lr=3.00e-04 | wd=0.0867 | mom=0.9500 | T=1.5 k=1.0 (mu_rec=1 mu_bwd=1) | grad=2.188 | tok/s=64,416 | tokens=0.17B
step=  5090 | loss=5.5880 | lr=3.00e-04 | wd=0.0867 | mom=0.9500 | T=1.2 k=1.0 (mu_rec=1 mu_bwd=1) | grad=1.414 | tok/s=64,777 | tokens=0.17B
step=  5100 | loss=5.4116 | lr=3.00e-04 | wd=0.0866 | mom=0.9500 | T=1.5 k=1.0 (mu_rec=1 mu_bwd=1) | grad=1.516 | tok/s=64,103 | tokens=0.17B
step=  5110 | loss=5.5861 | lr=3.00e-04 | wd=0.0866 | mom=0.9500 | T=2.0 k=1.0 (mu_rec=1 mu_bwd=1) | grad=1.781 | tok/s=66,273 | tokens=0.17B
step=  5120 | loss=5.5393 | lr=3.00e-04 | wd=0.0866 | mom=0.9500 | T=1.0 k=1.0 (mu_rec=1 mu_bwd=1) | grad=2.875 | tok/s=66,471 | tokens=0.17B
step=  5130 | loss=5.7197 | lr=3.00e-04 | wd=0.0866 | mom=0.9500 | T=1.5 k=1.0 (mu_rec=1 mu_bwd=1) | grad=1.625 | tok/s=62,353 | tokens=0.17B
step=  5140 | loss=5.6521 | lr=3.00e-04 | wd=0.0865 | mom=0.9500 | T=2.5 k=1.0 (mu_rec=1 mu_bwd=1) | grad=1.789 | tok/s=63,081 | tokens=0.17B
step=  5150 | loss=5.7186 | lr=3.00e-04 | wd=0.0865 | mom=0.9500 | T=1.8 k=1.0 (mu_rec=1 mu_bwd=1) | grad=2.000 | tok/s=64,298 | tokens=0.17B
step=  5160 | loss=5.7306 | lr=3.00e-04 | wd=0.0865 | mom=0.9500 | T=2.0 k=1.0 (mu_rec=1 mu_bwd=1) | grad=3.062 | tok/s=11,197 | tokens=0.17B
step=  5170 | loss=5.5736 | lr=3.00e-04 | wd=0.0864 | mom=0.9500 | T=1.2 k=1.0 (mu_rec=1 mu_bwd=1) | grad=4.031 | tok/s=64,524 | tokens=0.17B
step=  5180 | loss=5.6214 | lr=3.00e-04 | wd=0.0864 | mom=0.9500 | T=1.2 k=1.0 (mu_rec=1 mu_bwd=1) | grad=1.484 | tok/s=64,833 | tokens=0.17B
step=  5190 | loss=5.4660 | lr=3.00e-04 | wd=0.0864 | mom=0.9500 | T=1.8 k=1.0 (mu_rec=1 mu_bwd=1) | grad=1.625 | tok/s=64,839 | tokens=0.17B
step=  5200 | loss=5.6483 | lr=3.00e-04 | wd=0.0864 | mom=0.9500 | T=1.0 k=1.0 (mu_rec=1 mu_bwd=1) | grad=3.109 | tok/s=63,106 | tokens=0.17B
step=  5210 | loss=5.4714 | lr=3.00e-04 | wd=0.0863 | mom=0.9500 | T=1.2 k=1.0 (mu_rec=1 mu_bwd=1) | grad=3.875 | tok/s=62,878 | tokens=0.17B
step=  5220 | loss=5.5473 | lr=3.00e-04 | wd=0.0863 | mom=0.9500 | T=1.2 k=1.0 (mu_rec=1 mu_bwd=1) | grad=2.359 | tok/s=62,599 | tokens=0.17B
step=  5230 | loss=5.7724 | lr=3.00e-04 | wd=0.0863 | mom=0.9500 | T=1.5 k=1.0 (mu_rec=1 mu_bwd=1) | grad=3.438 | tok/s=63,761 | tokens=0.17B
step=  5240 | loss=5.7907 | lr=3.00e-04 | wd=0.0863 | mom=0.9500 | T=1.2 k=1.0 (mu_rec=1 mu_bwd=1) | grad=3.062 | tok/s=63,081 | tokens=0.17B
step=  5250 | loss=5.5225 | lr=3.00e-04 | wd=0.0862 | mom=0.9500 | T=1.0 k=1.0 (mu_rec=1 mu_bwd=1) | grad=2.656 | tok/s=64,511 | tokens=0.17B
step=  5260 | loss=5.5831 | lr=3.00e-04 | wd=0.0862 | mom=0.9500 | T=1.2 k=1.0 (mu_rec=1 mu_bwd=1) | grad=1.484 | tok/s=61,744 | tokens=0.17B
step=  5270 | loss=5.7749 | lr=3.00e-04 | wd=0.0862 | mom=0.9500 | T=1.8 k=1.0 (mu_rec=1 mu_bwd=1) | grad=2.609 | tok/s=62,471 | tokens=0.17B
step=  5280 | loss=5.9988 | lr=3.00e-04 | wd=0.0862 | mom=0.9500 | T=1.0 k=1.0 (mu_rec=1 mu_bwd=1) | grad=2.500 | tok/s=67,743 | tokens=0.17B
step=  5290 | loss=5.5971 | lr=3.00e-04 | wd=0.0861 | mom=0.9500 | T=2.5 k=1.0 (mu_rec=1 mu_bwd=1) | grad=1.680 | tok/s=63,674 | tokens=0.17B
step=  5300 | loss=5.5977 | lr=3.00e-04 | wd=0.0861 | mom=0.9500 | T=1.5 k=1.0 (mu_rec=1 mu_bwd=1) | grad=1.633 | tok/s=65,091 | tokens=0.17B
step=  5310 | loss=5.4213 | lr=3.00e-04 | wd=0.0861 | mom=0.9500 | T=1.8 k=1.0 (mu_rec=1 mu_bwd=1) | grad=1.766 | tok/s=62,839 | tokens=0.17B
step=  5320 | loss=5.6207 | lr=3.00e-04 | wd=0.0861 | mom=0.9500 | T=1.0 k=1.0 (mu_rec=1 mu_bwd=1) | grad=5.031 | tok/s=64,145 | tokens=0.17B
step=  5330 | loss=5.6317 | lr=3.00e-04 | wd=0.0860 | mom=0.9500 | T=2.0 k=1.0 (mu_rec=1 mu_bwd=1) | grad=1.586 | tok/s=64,277 | tokens=0.17B
step=  5340 | loss=5.6377 | lr=3.00e-04 | wd=0.0860 | mom=0.9500 | T=1.8 k=1.0 (mu_rec=1 mu_bwd=1) | grad=1.461 | tok/s=61,506 | tokens=0.17B
step=  5350 | loss=5.7056 | lr=3.00e-04 | wd=0.0860 | mom=0.9500 | T=3.0 k=1.0 (mu_rec=1 mu_bwd=1) | grad=3.094 | tok/s=62,834 | tokens=0.18B
step=  5360 | loss=5.5716 | lr=3.00e-04 | wd=0.0860 | mom=0.9500 | T=1.5 k=1.0 (mu_rec=1 mu_bwd=1) | grad=3.641 | tok/s=62,890 | tokens=0.18B
step=  5370 | loss=5.5780 | lr=3.00e-04 | wd=0.0859 | mom=0.9500 | T=1.8 k=1.0 (mu_rec=1 mu_bwd=1) | grad=2.469 | tok/s=62,764 | tokens=0.18B
step=  5380 | loss=5.6943 | lr=3.00e-04 | wd=0.0859 | mom=0.9500 | T=1.0 k=1.0 (mu_rec=1 mu_bwd=1) | grad=1.773 | tok/s=65,894 | tokens=0.18B
step=  5390 | loss=5.5894 | lr=3.00e-04 | wd=0.0859 | mom=0.9500 | T=1.5 k=1.0 (mu_rec=1 mu_bwd=1) | grad=1.719 | tok/s=63,120 | tokens=0.18B
step=  5400 | loss=5.7300 | lr=3.00e-04 | wd=0.0858 | mom=0.9500 | T=1.5 k=1.0 (mu_rec=1 mu_bwd=1) | grad=1.422 | tok/s=65,615 | tokens=0.18B
step=  5410 | loss=5.5303 | lr=3.00e-04 | wd=0.0858 | mom=0.9500 | T=1.8 k=1.0 (mu_rec=1 mu_bwd=1) | grad=1.695 | tok/s=65,287 | tokens=0.18B
step=  5420 | loss=5.4475 | lr=3.00e-04 | wd=0.0858 | mom=0.9500 | T=1.0 k=1.0 (mu_rec=1 mu_bwd=1) | grad=1.531 | tok/s=60,370 | tokens=0.18B
step=  5430 | loss=5.6645 | lr=3.00e-04 | wd=0.0858 | mom=0.9500 | T=2.2 k=1.0 (mu_rec=1 mu_bwd=1) | grad=2.594 | tok/s=62,129 | tokens=0.18B
step=  5440 | loss=6.6692 | lr=3.00e-04 | wd=0.0857 | mom=0.9500 | T=1.5 k=1.0 (mu_rec=1 mu_bwd=1) | grad=2.547 | tok/s=64,799 | tokens=0.18B
step=  5450 | loss=6.3244 | lr=3.00e-04 | wd=0.0857 | mom=0.9500 | T=1.2 k=1.0 (mu_rec=1 mu_bwd=1) | grad=2.047 | tok/s=65,228 | tokens=0.18B
step=  5460 | loss=5.6912 | lr=3.00e-04 | wd=0.0857 | mom=0.9500 | T=1.2 k=1.0 (mu_rec=1 mu_bwd=1) | grad=2.219 | tok/s=64,898 | tokens=0.18B
step=  5470 | loss=5.5299 | lr=3.00e-04 | wd=0.0857 | mom=0.9500 | T=1.0 k=1.0 (mu_rec=1 mu_bwd=1) | grad=1.938 | tok/s=64,782 | tokens=0.18B
step=  5480 | loss=5.7264 | lr=3.00e-04 | wd=0.0856 | mom=0.9500 | T=1.2 k=1.0 (mu_rec=1 mu_bwd=1) | grad=2.281 | tok/s=63,224 | tokens=0.18B
step=  5490 | loss=5.7062 | lr=3.00e-04 | wd=0.0856 | mom=0.9500 | T=2.0 k=1.0 (mu_rec=1 mu_bwd=1) | grad=1.625 | tok/s=64,759 | tokens=0.18B
step=  5500 | loss=6.6632 | lr=3.00e-04 | wd=0.0856 | mom=0.9500 | T=1.2 k=1.0 (mu_rec=1 mu_bwd=1) | grad=3.391 | tok/s=61,559 | tokens=0.18B
step=  5510 | loss=5.7788 | lr=3.00e-04 | wd=0.0856 | mom=0.9500 | T=1.0 k=1.0 (mu_rec=1 mu_bwd=1) | grad=1.891 | tok/s=62,972 | tokens=0.18B
step=  5520 | loss=5.5354 | lr=3.00e-04 | wd=0.0855 | mom=0.9500 | T=1.0 k=1.0 (mu_rec=1 mu_bwd=1) | grad=1.523 | tok/s=61,706 | tokens=0.18B
step=  5530 | loss=5.5285 | lr=3.00e-04 | wd=0.0855 | mom=0.9500 | T=1.0 k=1.0 (mu_rec=1 mu_bwd=1) | grad=1.641 | tok/s=66,256 | tokens=0.18B
step=  5540 | loss=5.5849 | lr=3.00e-04 | wd=0.0855 | mom=0.9500 | T=1.2 k=1.0 (mu_rec=1 mu_bwd=1) | grad=1.328 | tok/s=62,710 | tokens=0.18B
step=  5550 | loss=5.5783 | lr=3.00e-04 | wd=0.0855 | mom=0.9500 | T=2.0 k=1.0 (mu_rec=1 mu_bwd=1) | grad=1.672 | tok/s=62,273 | tokens=0.18B
step=  5560 | loss=5.2783 | lr=3.00e-04 | wd=0.0854 | mom=0.9500 | T=1.2 k=1.0 (mu_rec=1 mu_bwd=1) | grad=1.656 | tok/s=64,632 | tokens=0.18B
step=  5570 | loss=5.4319 | lr=3.00e-04 | wd=0.0854 | mom=0.9500 | T=1.2 k=1.0 (mu_rec=1 mu_bwd=1) | grad=4.688 | tok/s=65,676 | tokens=0.18B
step=  5580 | loss=5.5345 | lr=3.00e-04 | wd=0.0854 | mom=0.9500 | T=1.0 k=1.0 (mu_rec=1 mu_bwd=1) | grad=1.562 | tok/s=66,731 | tokens=0.18B
step=  5590 | loss=5.5579 | lr=3.00e-04 | wd=0.0853 | mom=0.9500 | T=1.0 k=1.0 (mu_rec=1 mu_bwd=1) | grad=1.797 | tok/s=64,400 | tokens=0.18B
step=  5600 | loss=5.6547 | lr=3.00e-04 | wd=0.0853 | mom=0.9500 | T=2.2 k=1.0 (mu_rec=1 mu_bwd=1) | grad=1.258 | tok/s=63,035 | tokens=0.18B
step=  5610 | loss=5.5880 | lr=3.00e-04 | wd=0.0853 | mom=0.9500 | T=1.8 k=1.0 (mu_rec=1 mu_bwd=1) | grad=1.781 | tok/s=61,780 | tokens=0.18B
step=  5620 | loss=5.5011 | lr=3.00e-04 | wd=0.0853 | mom=0.9500 | T=1.0 k=1.0 (mu_rec=1 mu_bwd=1) | grad=1.766 | tok/s=66,705 | tokens=0.18B
step=  5630 | loss=6.1717 | lr=3.00e-04 | wd=0.0852 | mom=0.9500 | T=1.2 k=1.0 (mu_rec=1 mu_bwd=1) | grad=1.672 | tok/s=61,263 | tokens=0.18B
step=  5640 | loss=5.5816 | lr=3.00e-04 | wd=0.0852 | mom=0.9500 | T=1.5 k=1.0 (mu_rec=1 mu_bwd=1) | grad=1.625 | tok/s=62,206 | tokens=0.18B
step=  5650 | loss=5.5880 | lr=3.00e-04 | wd=0.0852 | mom=0.9500 | T=1.2 k=1.0 (mu_rec=1 mu_bwd=1) | grad=2.047 | tok/s=61,872 | tokens=0.19B
step=  5660 | loss=5.5732 | lr=3.00e-04 | wd=0.0852 | mom=0.9500 | T=1.0 k=1.0 (mu_rec=1 mu_bwd=1) | grad=2.312 | tok/s=64,436 | tokens=0.19B
step=  5670 | loss=5.7146 | lr=3.00e-04 | wd=0.0851 | mom=0.9500 | T=1.8 k=1.0 (mu_rec=1 mu_bwd=1) | grad=1.062 | tok/s=64,011 | tokens=0.19B
step=  5680 | loss=5.6440 | lr=3.00e-04 | wd=0.0851 | mom=0.9500 | T=1.0 k=1.0 (mu_rec=1 mu_bwd=1) | grad=2.047 | tok/s=65,355 | tokens=0.19B
step=  5690 | loss=6.0758 | lr=3.00e-04 | wd=0.0851 | mom=0.9500 | T=1.2 k=1.0 (mu_rec=1 mu_bwd=1) | grad=1.977 | tok/s=63,017 | tokens=0.19B
step=  5700 | loss=5.3543 | lr=3.00e-04 | wd=0.0851 | mom=0.9500 | T=1.0 k=1.0 (mu_rec=1 mu_bwd=1) | grad=1.758 | tok/s=63,485 | tokens=0.19B
step=  5710 | loss=5.7331 | lr=3.00e-04 | wd=0.0850 | mom=0.9500 | T=1.2 k=1.0 (mu_rec=1 mu_bwd=1) | grad=2.078 | tok/s=65,093 | tokens=0.19B
step=  5720 | loss=5.6448 | lr=3.00e-04 | wd=0.0850 | mom=0.9500 | T=1.0 k=1.0 (mu_rec=1 mu_bwd=1) | grad=2.250 | tok/s=67,914 | tokens=0.19B
step=  5730 | loss=5.9052 | lr=3.00e-04 | wd=0.0850 | mom=0.9500 | T=1.8 k=1.0 (mu_rec=1 mu_bwd=1) | grad=6.438 | tok/s=62,782 | tokens=0.19B
step=  5740 | loss=5.7350 | lr=3.00e-04 | wd=0.0850 | mom=0.9500 | T=1.0 k=1.0 (mu_rec=1 mu_bwd=1) | grad=1.430 | tok/s=64,671 | tokens=0.19B
step=  5750 | loss=6.2541 | lr=3.00e-04 | wd=0.0849 | mom=0.9500 | T=1.5 k=1.0 (mu_rec=1 mu_bwd=1) | grad=2.453 | tok/s=61,433 | tokens=0.19B
step=  5760 | loss=5.6968 | lr=3.00e-04 | wd=0.0849 | mom=0.9500 | T=1.5 k=1.0 (mu_rec=1 mu_bwd=1) | grad=5.812 | tok/s=61,036 | tokens=0.19B
step=  5770 | loss=6.2924 | lr=3.00e-04 | wd=0.0849 | mom=0.9500 | T=2.0 k=1.0 (mu_rec=1 mu_bwd=1) | grad=1.602 | tok/s=61,610 | tokens=0.19B
step=  5780 | loss=5.5266 | lr=3.00e-04 | wd=0.0849 | mom=0.9500 | T=1.0 k=1.0 (mu_rec=1 mu_bwd=1) | grad=2.797 | tok/s=65,420 | tokens=0.19B
step=  5790 | loss=5.4334 | lr=3.00e-04 | wd=0.0848 | mom=0.9500 | T=1.2 k=1.0 (mu_rec=1 mu_bwd=1) | grad=1.844 | tok/s=64,095 | tokens=0.19B
step=  5800 | loss=5.5141 | lr=3.00e-04 | wd=0.0848 | mom=0.9500 | T=1.8 k=1.0 (mu_rec=1 mu_bwd=1) | grad=1.586 | tok/s=63,061 | tokens=0.19B
step=  5810 | loss=5.4860 | lr=3.00e-04 | wd=0.0848 | mom=0.9500 | T=1.8 k=1.0 (mu_rec=1 mu_bwd=1) | grad=1.570 | tok/s=59,722 | tokens=0.19B
step=  5820 | loss=5.5797 | lr=3.00e-04 | wd=0.0847 | mom=0.9500 | T=1.2 k=1.0 (mu_rec=1 mu_bwd=1) | grad=1.594 | tok/s=62,291 | tokens=0.19B
step=  5830 | loss=5.6362 | lr=3.00e-04 | wd=0.0847 | mom=0.9500 | T=1.0 k=1.0 (mu_rec=1 mu_bwd=1) | grad=1.719 | tok/s=65,910 | tokens=0.19B
step=  5840 | loss=5.5512 | lr=3.00e-04 | wd=0.0847 | mom=0.9500 | T=1.2 k=1.0 (mu_rec=1 mu_bwd=1) | grad=1.516 | tok/s=62,923 | tokens=0.19B
step=  5850 | loss=5.5310 | lr=3.00e-04 | wd=0.0847 | mom=0.9500 | T=1.8 k=1.0 (mu_rec=1 mu_bwd=1) | grad=1.602 | tok/s=62,293 | tokens=0.19B
step=  5860 | loss=5.6541 | lr=3.00e-04 | wd=0.0846 | mom=0.9500 | T=1.2 k=1.0 (mu_rec=1 mu_bwd=1) | grad=1.672 | tok/s=65,891 | tokens=0.19B
step=  5870 | loss=5.6504 | lr=3.00e-04 | wd=0.0846 | mom=0.9500 | T=2.2 k=1.0 (mu_rec=1 mu_bwd=1) | grad=1.125 | tok/s=59,218 | tokens=0.19B
step=  5880 | loss=5.4717 | lr=3.00e-04 | wd=0.0846 | mom=0.9500 | T=1.0 k=1.0 (mu_rec=1 mu_bwd=1) | grad=2.219 | tok/s=64,009 | tokens=0.19B
step=  5890 | loss=5.4315 | lr=3.00e-04 | wd=0.0846 | mom=0.9500 | T=1.8 k=1.0 (mu_rec=1 mu_bwd=1) | grad=1.406 | tok/s=61,986 | tokens=0.19B
step=  5900 | loss=5.7578 | lr=3.00e-04 | wd=0.0845 | mom=0.9500 | T=1.0 k=1.0 (mu_rec=1 mu_bwd=1) | grad=1.789 | tok/s=11,506 | tokens=0.19B
step=  5910 | loss=5.5421 | lr=3.00e-04 | wd=0.0845 | mom=0.9500 | T=1.2 k=1.0 (mu_rec=1 mu_bwd=1) | grad=1.609 | tok/s=62,862 | tokens=0.19B
step=  5920 | loss=5.5571 | lr=3.00e-04 | wd=0.0845 | mom=0.9500 | T=1.0 k=1.0 (mu_rec=1 mu_bwd=1) | grad=1.734 | tok/s=64,246 | tokens=0.19B
step=  5930 | loss=5.6648 | lr=3.00e-04 | wd=0.0845 | mom=0.9500 | T=1.0 k=1.0 (mu_rec=1 mu_bwd=1) | grad=1.711 | tok/s=65,458 | tokens=0.19B
step=  5940 | loss=5.6151 | lr=3.00e-04 | wd=0.0844 | mom=0.9500 | T=1.8 k=1.0 (mu_rec=1 mu_bwd=1) | grad=1.906 | tok/s=65,874 | tokens=0.19B
step=  5950 | loss=5.7683 | lr=3.00e-04 | wd=0.0844 | mom=0.9500 | T=1.2 k=1.0 (mu_rec=1 mu_bwd=1) | grad=1.547 | tok/s=64,542 | tokens=0.19B
step=  5960 | loss=5.5375 | lr=3.00e-04 | wd=0.0844 | mom=0.9500 | T=1.0 k=1.0 (mu_rec=1 mu_bwd=1) | grad=1.562 | tok/s=64,426 | tokens=0.20B
step=  5970 | loss=5.5096 | lr=3.00e-04 | wd=0.0844 | mom=0.9500 | T=1.2 k=1.0 (mu_rec=1 mu_bwd=1) | grad=5.375 | tok/s=62,645 | tokens=0.20B
step=  5980 | loss=5.5571 | lr=3.00e-04 | wd=0.0843 | mom=0.9500 | T=1.5 k=1.0 (mu_rec=1 mu_bwd=1) | grad=1.461 | tok/s=64,996 | tokens=0.20B
step=  5990 | loss=5.5181 | lr=3.00e-04 | wd=0.0843 | mom=0.9500 | T=1.8 k=1.0 (mu_rec=1 mu_bwd=1) | grad=1.266 | tok/s=63,504 | tokens=0.20B
step=  6000 | loss=5.6597 | lr=3.00e-04 | wd=0.0843 | mom=0.9500 | T=1.2 k=1.0 (mu_rec=1 mu_bwd=1) | grad=1.703 | tok/s=63,694 | tokens=0.20B
step=  6010 | loss=5.6772 | lr=3.00e-04 | wd=0.0842 | mom=0.9500 | T=1.0 k=1.0 (mu_rec=1 mu_bwd=1) | grad=1.211 | tok/s=65,104 | tokens=0.20B
step=  6020 | loss=5.4343 | lr=3.00e-04 | wd=0.0842 | mom=0.9500 | T=1.5 k=1.0 (mu_rec=1 mu_bwd=1) | grad=2.422 | tok/s=63,155 | tokens=0.20B
step=  6030 | loss=5.5376 | lr=3.00e-04 | wd=0.0842 | mom=0.9500 | T=1.0 k=1.0 (mu_rec=1 mu_bwd=1) | grad=1.445 | tok/s=62,211 | tokens=0.20B
step=  6040 | loss=5.7482 | lr=3.00e-04 | wd=0.0842 | mom=0.9500 | T=1.0 k=1.0 (mu_rec=1 mu_bwd=1) | grad=1.492 | tok/s=65,611 | tokens=0.20B
step=  6050 | loss=5.5418 | lr=3.00e-04 | wd=0.0841 | mom=0.9500 | T=1.2 k=1.0 (mu_rec=1 mu_bwd=1) | grad=3.531 | tok/s=10,226 | tokens=0.20B
step=  6060 | loss=5.6276 | lr=3.00e-04 | wd=0.0841 | mom=0.9500 | T=1.5 k=1.0 (mu_rec=1 mu_bwd=1) | grad=2.484 | tok/s=65,374 | tokens=0.20B
step=  6070 | loss=5.5013 | lr=3.00e-04 | wd=0.0841 | mom=0.9500 | T=1.5 k=1.0 (mu_rec=1 mu_bwd=1) | grad=1.297 | tok/s=63,715 | tokens=0.20B
step=  6080 | loss=5.5082 | lr=3.00e-04 | wd=0.0841 | mom=0.9500 | T=1.0 k=1.0 (mu_rec=1 mu_bwd=1) | grad=12.812 | tok/s=63,873 | tokens=0.20B
step=  6090 | loss=5.4380 | lr=3.00e-04 | wd=0.0840 | mom=0.9500 | T=1.5 k=1.0 (mu_rec=1 mu_bwd=1) | grad=2.047 | tok/s=64,233 | tokens=0.20B
step=  6100 | loss=5.4851 | lr=3.00e-04 | wd=0.0840 | mom=0.9500 | T=1.0 k=1.0 (mu_rec=1 mu_bwd=1) | grad=3.297 | tok/s=67,695 | tokens=0.20B
step=  6110 | loss=5.6259 | lr=3.00e-04 | wd=0.0840 | mom=0.9500 | T=1.0 k=1.0 (mu_rec=1 mu_bwd=1) | grad=2.219 | tok/s=63,777 | tokens=0.20B
step=  6120 | loss=5.6588 | lr=3.00e-04 | wd=0.0840 | mom=0.9500 | T=1.0 k=1.0 (mu_rec=1 mu_bwd=1) | grad=4.125 | tok/s=65,540 | tokens=0.20B
step=  6130 | loss=5.5270 | lr=3.00e-04 | wd=0.0839 | mom=0.9500 | T=2.0 k=1.0 (mu_rec=1 mu_bwd=1) | grad=6.719 | tok/s=62,512 | tokens=0.20B
step=  6140 | loss=5.5166 | lr=3.00e-04 | wd=0.0839 | mom=0.9500 | T=1.5 k=1.0 (mu_rec=1 mu_bwd=1) | grad=2.312 | tok/s=61,530 | tokens=0.20B
step=  6150 | loss=5.6457 | lr=3.00e-04 | wd=0.0839 | mom=0.9500 | T=1.5 k=1.0 (mu_rec=1 mu_bwd=1) | grad=1.695 | tok/s=62,064 | tokens=0.20B
step=  6160 | loss=5.4996 | lr=3.00e-04 | wd=0.0839 | mom=0.9500 | T=1.2 k=1.0 (mu_rec=1 mu_bwd=1) | grad=1.742 | tok/s=62,255 | tokens=0.20B
step=  6170 | loss=5.4989 | lr=3.00e-04 | wd=0.0838 | mom=0.9500 | T=1.2 k=1.0 (mu_rec=1 mu_bwd=1) | grad=2.500 | tok/s=65,515 | tokens=0.20B
step=  6180 | loss=5.3472 | lr=3.00e-04 | wd=0.0838 | mom=0.9500 | T=1.5 k=1.0 (mu_rec=1 mu_bwd=1) | grad=1.750 | tok/s=60,951 | tokens=0.20B
step=  6190 | loss=5.5306 | lr=3.00e-04 | wd=0.0838 | mom=0.9500 | T=1.5 k=1.0 (mu_rec=1 mu_bwd=1) | grad=3.375 | tok/s=63,438 | tokens=0.20B
step=  6200 | loss=5.3975 | lr=3.00e-04 | wd=0.0837 | mom=0.9500 | T=1.0 k=1.0 (mu_rec=1 mu_bwd=1) | grad=1.906 | tok/s=65,603 | tokens=0.20B
step=  6210 | loss=5.3898 | lr=3.00e-04 | wd=0.0837 | mom=0.9500 | T=1.8 k=1.0 (mu_rec=1 mu_bwd=1) | grad=1.227 | tok/s=61,556 | tokens=0.20B
step=  6220 | loss=5.4944 | lr=3.00e-04 | wd=0.0837 | mom=0.9500 | T=1.8 k=1.0 (mu_rec=1 mu_bwd=1) | grad=1.016 | tok/s=64,337 | tokens=0.20B
step=  6230 | loss=5.0393 | lr=3.00e-04 | wd=0.0837 | mom=0.9500 | T=1.2 k=1.0 (mu_rec=1 mu_bwd=1) | grad=1.875 | tok/s=63,827 | tokens=0.20B
step=  6240 | loss=5.2026 | lr=3.00e-04 | wd=0.0836 | mom=0.9500 | T=1.0 k=1.0 (mu_rec=1 mu_bwd=1) | grad=2.203 | tok/s=65,131 | tokens=0.20B
step=  6250 | loss=5.6626 | lr=3.00e-04 | wd=0.0836 | mom=0.9500 | T=2.2 k=1.0 (mu_rec=1 mu_bwd=1) | grad=2.812 | tok/s=65,322 | tokens=0.20B
step=  6260 | loss=5.4645 | lr=3.00e-04 | wd=0.0836 | mom=0.9500 | T=1.8 k=1.0 (mu_rec=1 mu_bwd=1) | grad=2.297 | tok/s=59,413 | tokens=0.21B
step=  6270 | loss=5.5089 | lr=3.00e-04 | wd=0.0836 | mom=0.9500 | T=1.2 k=1.0 (mu_rec=1 mu_bwd=1) | grad=2.109 | tok/s=63,712 | tokens=0.21B
step=  6280 | loss=5.5377 | lr=3.00e-04 | wd=0.0835 | mom=0.9500 | T=1.2 k=1.0 (mu_rec=1 mu_bwd=1) | grad=1.781 | tok/s=63,261 | tokens=0.21B
step=  6290 | loss=5.4999 | lr=3.00e-04 | wd=0.0835 | mom=0.9500 | T=1.5 k=1.0 (mu_rec=1 mu_bwd=1) | grad=3.750 | tok/s=62,399 | tokens=0.21B
step=  6300 | loss=5.5265 | lr=3.00e-04 | wd=0.0835 | mom=0.9500 | T=1.0 k=1.0 (mu_rec=1 mu_bwd=1) | grad=1.703 | tok/s=64,859 | tokens=0.21B
step=  6310 | loss=5.7826 | lr=3.00e-04 | wd=0.0835 | mom=0.9500 | T=1.0 k=1.0 (mu_rec=1 mu_bwd=1) | grad=1.727 | tok/s=64,233 | tokens=0.21B
step=  6320 | loss=5.5606 | lr=3.00e-04 | wd=0.0834 | mom=0.9500 | T=1.0 k=1.0 (mu_rec=1 mu_bwd=1) | grad=2.156 | tok/s=64,487 | tokens=0.21B
step=  6330 | loss=5.6278 | lr=3.00e-04 | wd=0.0834 | mom=0.9500 | T=1.8 k=1.0 (mu_rec=1 mu_bwd=1) | grad=1.766 | tok/s=62,320 | tokens=0.21B
step=  6340 | loss=5.4681 | lr=3.00e-04 | wd=0.0834 | mom=0.9500 | T=1.0 k=1.0 (mu_rec=1 mu_bwd=1) | grad=1.805 | tok/s=64,853 | tokens=0.21B
step=  6350 | loss=5.3966 | lr=3.00e-04 | wd=0.0834 | mom=0.9500 | T=1.5 k=1.0 (mu_rec=1 mu_bwd=1) | grad=1.594 | tok/s=65,151 | tokens=0.21B
step=  6360 | loss=5.4517 | lr=3.00e-04 | wd=0.0833 | mom=0.9500 | T=1.0 k=1.0 (mu_rec=1 mu_bwd=1) | grad=3.797 | tok/s=63,632 | tokens=0.21B
step=  6370 | loss=5.6868 | lr=3.00e-04 | wd=0.0833 | mom=0.9500 | T=1.5 k=1.0 (mu_rec=1 mu_bwd=1) | grad=1.773 | tok/s=63,987 | tokens=0.21B
step=  6380 | loss=5.5076 | lr=3.00e-04 | wd=0.0833 | mom=0.9500 | T=1.5 k=1.0 (mu_rec=1 mu_bwd=1) | grad=1.602 | tok/s=64,330 | tokens=0.21B
step=  6390 | loss=5.5703 | lr=3.00e-04 | wd=0.0833 | mom=0.9500 | T=1.0 k=1.0 (mu_rec=1 mu_bwd=1) | grad=1.414 | tok/s=63,347 | tokens=0.21B
step=  6400 | loss=5.5426 | lr=3.00e-04 | wd=0.0832 | mom=0.9500 | T=1.5 k=1.0 (mu_rec=1 mu_bwd=1) | grad=1.938 | tok/s=64,811 | tokens=0.21B
step=  6410 | loss=5.5951 | lr=3.00e-04 | wd=0.0832 | mom=0.9500 | T=1.8 k=1.0 (mu_rec=1 mu_bwd=1) | grad=2.188 | tok/s=66,179 | tokens=0.21B
step=  6420 | loss=5.7923 | lr=3.00e-04 | wd=0.0832 | mom=0.9500 | T=1.5 k=1.0 (mu_rec=1 mu_bwd=1) | grad=2.719 | tok/s=63,268 | tokens=0.21B
step=  6430 | loss=6.6874 | lr=3.00e-04 | wd=0.0831 | mom=0.9500 | T=1.2 k=1.0 (mu_rec=1 mu_bwd=1) | grad=5.062 | tok/s=65,841 | tokens=0.21B
step=  6440 | loss=5.6538 | lr=3.00e-04 | wd=0.0831 | mom=0.9500 | T=1.8 k=1.0 (mu_rec=1 mu_bwd=1) | grad=3.984 | tok/s=64,113 | tokens=0.21B
step=  6450 | loss=6.1412 | lr=3.00e-04 | wd=0.0831 | mom=0.9500 | T=1.5 k=1.0 (mu_rec=1 mu_bwd=1) | grad=2.797 | tok/s=63,108 | tokens=0.21B
step=  6460 | loss=5.5279 | lr=3.00e-04 | wd=0.0831 | mom=0.9500 | T=1.0 k=1.0 (mu_rec=1 mu_bwd=1) | grad=2.578 | tok/s=64,603 | tokens=0.21B
step=  6470 | loss=5.5586 | lr=3.00e-04 | wd=0.0830 | mom=0.9500 | T=1.5 k=1.0 (mu_rec=1 mu_bwd=1) | grad=1.852 | tok/s=62,950 | tokens=0.21B
step=  6480 | loss=5.4018 | lr=3.00e-04 | wd=0.0830 | mom=0.9500 | T=1.0 k=1.0 (mu_rec=1 mu_bwd=1) | grad=6.156 | tok/s=61,594 | tokens=0.21B
step=  6490 | loss=5.0649 | lr=3.00e-04 | wd=0.0830 | mom=0.9500 | T=1.5 k=1.0 (mu_rec=1 mu_bwd=1) | grad=1.961 | tok/s=63,327 | tokens=0.21B
step=  6500 | loss=5.5995 | lr=3.00e-04 | wd=0.0830 | mom=0.9500 | T=1.0 k=1.0 (mu_rec=1 mu_bwd=1) | grad=1.805 | tok/s=62,893 | tokens=0.21B
step=  6510 | loss=5.6218 | lr=3.00e-04 | wd=0.0829 | mom=0.9500 | T=1.0 k=1.0 (mu_rec=1 mu_bwd=1) | grad=2.516 | tok/s=67,060 | tokens=0.21B
step=  6520 | loss=5.5705 | lr=3.00e-04 | wd=0.0829 | mom=0.9500 | T=1.0 k=1.0 (mu_rec=1 mu_bwd=1) | grad=1.914 | tok/s=64,544 | tokens=0.21B
step=  6530 | loss=5.5826 | lr=3.00e-04 | wd=0.0829 | mom=0.9500 | T=1.2 k=1.0 (mu_rec=1 mu_bwd=1) | grad=1.547 | tok/s=64,787 | tokens=0.21B
step=  6540 | loss=5.5022 | lr=3.00e-04 | wd=0.0829 | mom=0.9500 | T=1.0 k=1.0 (mu_rec=1 mu_bwd=1) | grad=2.703 | tok/s=62,643 | tokens=0.21B
step=  6550 | loss=5.5820 | lr=3.00e-04 | wd=0.0828 | mom=0.9500 | T=1.5 k=1.0 (mu_rec=1 mu_bwd=1) | grad=2.391 | tok/s=61,440 | tokens=0.21B
step=  6560 | loss=5.4460 | lr=3.00e-04 | wd=0.0828 | mom=0.9500 | T=1.0 k=1.0 (mu_rec=1 mu_bwd=1) | grad=1.602 | tok/s=63,697 | tokens=0.21B
step=  6570 | loss=5.5223 | lr=3.00e-04 | wd=0.0828 | mom=0.9500 | T=1.0 k=1.0 (mu_rec=1 mu_bwd=1) | grad=1.516 | tok/s=63,665 | tokens=0.22B
step=  6580 | loss=5.4539 | lr=3.00e-04 | wd=0.0828 | mom=0.9500 | T=1.8 k=1.0 (mu_rec=1 mu_bwd=1) | grad=1.805 | tok/s=63,893 | tokens=0.22B
step=  6590 | loss=5.5626 | lr=3.00e-04 | wd=0.0827 | mom=0.9500 | T=1.5 k=1.0 (mu_rec=1 mu_bwd=1) | grad=1.531 | tok/s=66,695 | tokens=0.22B
step=  6600 | loss=5.6080 | lr=3.00e-04 | wd=0.0827 | mom=0.9500 | T=1.5 k=1.0 (mu_rec=1 mu_bwd=1) | grad=1.984 | tok/s=63,560 | tokens=0.22B
step=  6610 | loss=5.6114 | lr=3.00e-04 | wd=0.0827 | mom=0.9500 | T=1.5 k=1.0 (mu_rec=1 mu_bwd=1) | grad=2.219 | tok/s=65,946 | tokens=0.22B
step=  6620 | loss=5.4913 | lr=3.00e-04 | wd=0.0826 | mom=0.9500 | T=2.0 k=1.0 (mu_rec=1 mu_bwd=1) | grad=1.898 | tok/s=64,193 | tokens=0.22B
step=  6630 | loss=5.4335 | lr=3.00e-04 | wd=0.0826 | mom=0.9500 | T=2.0 k=1.0 (mu_rec=1 mu_bwd=1) | grad=1.711 | tok/s=64,167 | tokens=0.22B
step=  6640 | loss=5.4928 | lr=3.00e-04 | wd=0.0826 | mom=0.9500 | T=1.8 k=1.0 (mu_rec=1 mu_bwd=1) | grad=1.195 | tok/s=64,885 | tokens=0.22B
step=  6650 | loss=5.4706 | lr=3.00e-04 | wd=0.0826 | mom=0.9500 | T=1.0 k=1.0 (mu_rec=1 mu_bwd=1) | grad=1.984 | tok/s=64,002 | tokens=0.22B
step=  6660 | loss=5.3525 | lr=3.00e-04 | wd=0.0825 | mom=0.9500 | T=2.8 k=1.0 (mu_rec=1 mu_bwd=1) | grad=2.453 | tok/s=63,296 | tokens=0.22B
step=  6670 | loss=5.3890 | lr=3.00e-04 | wd=0.0825 | mom=0.9500 | T=1.8 k=1.0 (mu_rec=1 mu_bwd=1) | grad=1.453 | tok/s=64,038 | tokens=0.22B
step=  6680 | loss=5.8223 | lr=3.00e-04 | wd=0.0825 | mom=0.9500 | T=1.2 k=1.0 (mu_rec=1 mu_bwd=1) | grad=1.508 | tok/s=63,093 | tokens=0.22B
step=  6690 | loss=5.5110 | lr=3.00e-04 | wd=0.0825 | mom=0.9500 | T=1.8 k=1.0 (mu_rec=1 mu_bwd=1) | grad=1.938 | tok/s=61,508 | tokens=0.22B
step=  6700 | loss=5.8466 | lr=3.00e-04 | wd=0.0824 | mom=0.9500 | T=2.2 k=1.0 (mu_rec=1 mu_bwd=1) | grad=1.812 | tok/s=60,687 | tokens=0.22B
step=  6710 | loss=5.8174 | lr=3.00e-04 | wd=0.0824 | mom=0.9500 | T=1.5 k=1.0 (mu_rec=1 mu_bwd=1) | grad=2.000 | tok/s=61,934 | tokens=0.22B
step=  6720 | loss=5.5724 | lr=3.00e-04 | wd=0.0824 | mom=0.9500 | T=1.2 k=1.0 (mu_rec=1 mu_bwd=1) | grad=2.031 | tok/s=63,701 | tokens=0.22B
step=  6730 | loss=5.4433 | lr=3.00e-04 | wd=0.0824 | mom=0.9500 | T=1.2 k=1.0 (mu_rec=1 mu_bwd=1) | grad=1.789 | tok/s=63,671 | tokens=0.22B
step=  6740 | loss=5.5954 | lr=3.00e-04 | wd=0.0823 | mom=0.9500 | T=1.0 k=1.0 (mu_rec=1 mu_bwd=1) | grad=1.898 | tok/s=65,804 | tokens=0.22B
step=  6750 | loss=5.4021 | lr=3.00e-04 | wd=0.0823 | mom=0.9500 | T=1.0 k=1.0 (mu_rec=1 mu_bwd=1) | grad=3.094 | tok/s=10,309 | tokens=0.22B
step=  6760 | loss=5.4557 | lr=3.00e-04 | wd=0.0823 | mom=0.9500 | T=1.2 k=1.0 (mu_rec=1 mu_bwd=1) | grad=1.898 | tok/s=64,159 | tokens=0.22B
step=  6770 | loss=5.3439 | lr=3.00e-04 | wd=0.0823 | mom=0.9500 | T=2.0 k=1.0 (mu_rec=1 mu_bwd=1) | grad=1.758 | tok/s=64,898 | tokens=0.22B
step=  6780 | loss=5.2342 | lr=3.00e-04 | wd=0.0822 | mom=0.9500 | T=1.2 k=1.0 (mu_rec=1 mu_bwd=1) | grad=2.047 | tok/s=65,102 | tokens=0.22B
step=  6790 | loss=5.5450 | lr=3.00e-04 | wd=0.0822 | mom=0.9500 | T=1.0 k=1.0 (mu_rec=1 mu_bwd=1) | grad=3.094 | tok/s=65,936 | tokens=0.22B
step=  6800 | loss=5.4808 | lr=3.00e-04 | wd=0.0822 | mom=0.9500 | T=1.0 k=1.0 (mu_rec=1 mu_bwd=1) | grad=1.883 | tok/s=66,060 | tokens=0.22B
step=  6810 | loss=5.4367 | lr=3.00e-04 | wd=0.0822 | mom=0.9500 | T=1.5 k=1.0 (mu_rec=1 mu_bwd=1) | grad=2.172 | tok/s=64,189 | tokens=0.22B
step=  6820 | loss=5.5957 | lr=3.00e-04 | wd=0.0821 | mom=0.9500 | T=1.2 k=1.0 (mu_rec=1 mu_bwd=1) | grad=2.781 | tok/s=60,359 | tokens=0.22B
step=  6830 | loss=5.5212 | lr=3.00e-04 | wd=0.0821 | mom=0.9500 | T=2.0 k=1.0 (mu_rec=1 mu_bwd=1) | grad=1.664 | tok/s=58,271 | tokens=0.22B
step=  6840 | loss=5.3881 | lr=3.00e-04 | wd=0.0821 | mom=0.9500 | T=1.8 k=1.0 (mu_rec=1 mu_bwd=1) | grad=3.266 | tok/s=62,193 | tokens=0.22B
step=  6850 | loss=5.3101 | lr=3.00e-04 | wd=0.0820 | mom=0.9500 | T=1.2 k=1.0 (mu_rec=1 mu_bwd=1) | grad=2.078 | tok/s=65,081 | tokens=0.22B
step=  6860 | loss=5.3637 | lr=3.00e-04 | wd=0.0820 | mom=0.9500 | T=1.5 k=1.0 (mu_rec=1 mu_bwd=1) | grad=2.094 | tok/s=65,367 | tokens=0.22B
step=  6870 | loss=5.5440 | lr=3.00e-04 | wd=0.0820 | mom=0.9500 | T=1.5 k=1.0 (mu_rec=1 mu_bwd=1) | grad=1.570 | tok/s=62,959 | tokens=0.23B
step=  6880 | loss=5.4536 | lr=3.00e-04 | wd=0.0820 | mom=0.9500 | T=1.5 k=1.0 (mu_rec=1 mu_bwd=1) | grad=1.602 | tok/s=61,728 | tokens=0.23B
step=  6890 | loss=5.5453 | lr=3.00e-04 | wd=0.0819 | mom=0.9500 | T=1.2 k=1.0 (mu_rec=1 mu_bwd=1) | grad=1.922 | tok/s=64,791 | tokens=0.23B
step=  6900 | loss=5.4810 | lr=3.00e-04 | wd=0.0819 | mom=0.9500 | T=1.2 k=1.0 (mu_rec=1 mu_bwd=1) | grad=3.141 | tok/s=61,621 | tokens=0.23B
step=  6910 | loss=5.3825 | lr=3.00e-04 | wd=0.0819 | mom=0.9500 | T=1.0 k=1.0 (mu_rec=1 mu_bwd=1) | grad=2.438 | tok/s=65,583 | tokens=0.23B
step=  6920 | loss=5.3317 | lr=3.00e-04 | wd=0.0819 | mom=0.9500 | T=1.5 k=1.0 (mu_rec=1 mu_bwd=1) | grad=1.828 | tok/s=62,708 | tokens=0.23B
step=  6930 | loss=5.4654 | lr=3.00e-04 | wd=0.0818 | mom=0.9500 | T=1.0 k=1.0 (mu_rec=1 mu_bwd=1) | grad=1.844 | tok/s=64,745 | tokens=0.23B
step=  6940 | loss=5.4442 | lr=3.00e-04 | wd=0.0818 | mom=0.9500 | T=1.2 k=1.0 (mu_rec=1 mu_bwd=1) | grad=1.727 | tok/s=63,422 | tokens=0.23B
step=  6950 | loss=5.3908 | lr=3.00e-04 | wd=0.0818 | mom=0.9500 | T=2.0 k=1.0 (mu_rec=1 mu_bwd=1) | grad=2.078 | tok/s=65,033 | tokens=0.23B
step=  6960 | loss=5.6086 | lr=3.00e-04 | wd=0.0818 | mom=0.9500 | T=1.2 k=1.0 (mu_rec=1 mu_bwd=1) | grad=2.047 | tok/s=63,336 | tokens=0.23B
step=  6970 | loss=6.3736 | lr=3.00e-04 | wd=0.0817 | mom=0.9500 | T=1.0 k=1.0 (mu_rec=1 mu_bwd=1) | grad=2.672 | tok/s=64,271 | tokens=0.23B
step=  6980 | loss=5.9678 | lr=3.00e-04 | wd=0.0817 | mom=0.9500 | T=1.0 k=1.0 (mu_rec=1 mu_bwd=1) | grad=4.125 | tok/s=65,210 | tokens=0.23B
step=  6990 | loss=5.5183 | lr=3.00e-04 | wd=0.0817 | mom=0.9500 | T=1.5 k=1.0 (mu_rec=1 mu_bwd=1) | grad=1.953 | tok/s=62,137 | tokens=0.23B
step=  7000 | loss=5.4268 | lr=3.00e-04 | wd=0.0817 | mom=0.9500 | T=1.2 k=1.0 (mu_rec=1 mu_bwd=1) | grad=1.883 | tok/s=64,115 | tokens=0.23B
step=  7010 | loss=5.3882 | lr=3.00e-04 | wd=0.0816 | mom=0.9500 | T=2.2 k=1.0 (mu_rec=1 mu_bwd=1) | grad=1.344 | tok/s=63,485 | tokens=0.23B
step=  7020 | loss=5.3954 | lr=3.00e-04 | wd=0.0816 | mom=0.9500 | T=1.0 k=1.0 (mu_rec=1 mu_bwd=1) | grad=4.656 | tok/s=63,447 | tokens=0.23B
step=  7030 | loss=5.4892 | lr=3.00e-04 | wd=0.0816 | mom=0.9500 | T=2.0 k=1.0 (mu_rec=1 mu_bwd=1) | grad=1.914 | tok/s=59,992 | tokens=0.23B
step=  7040 | loss=5.3327 | lr=3.00e-04 | wd=0.0815 | mom=0.9500 | T=1.2 k=1.0 (mu_rec=1 mu_bwd=1) | grad=2.484 | tok/s=11,348 | tokens=0.23B
step=  7050 | loss=5.7053 | lr=3.00e-04 | wd=0.0815 | mom=0.9500 | T=1.8 k=1.0 (mu_rec=1 mu_bwd=1) | grad=2.594 | tok/s=62,176 | tokens=0.23B
step=  7060 | loss=5.6912 | lr=3.00e-04 | wd=0.0815 | mom=0.9500 | T=2.5 k=1.0 (mu_rec=1 mu_bwd=1) | grad=2.656 | tok/s=59,971 | tokens=0.23B
step=  7070 | loss=5.3887 | lr=3.00e-04 | wd=0.0815 | mom=0.9500 | T=1.0 k=1.0 (mu_rec=1 mu_bwd=1) | grad=1.891 | tok/s=62,055 | tokens=0.23B
step=  7080 | loss=5.5051 | lr=3.00e-04 | wd=0.0814 | mom=0.9500 | T=1.5 k=1.0 (mu_rec=1 mu_bwd=1) | grad=2.516 | tok/s=63,853 | tokens=0.23B
step=  7090 | loss=5.7741 | lr=3.00e-04 | wd=0.0814 | mom=0.9500 | T=1.5 k=1.0 (mu_rec=1 mu_bwd=1) | grad=2.328 | tok/s=63,477 | tokens=0.23B
step=  7100 | loss=5.8441 | lr=3.00e-04 | wd=0.0814 | mom=0.9500 | T=1.0 k=1.0 (mu_rec=1 mu_bwd=1) | grad=1.984 | tok/s=63,492 | tokens=0.23B
step=  7110 | loss=5.4708 | lr=3.00e-04 | wd=0.0814 | mom=0.9500 | T=1.5 k=1.0 (mu_rec=1 mu_bwd=1) | grad=4.562 | tok/s=61,228 | tokens=0.23B
step=  7120 | loss=5.3633 | lr=3.00e-04 | wd=0.0813 | mom=0.9500 | T=1.2 k=1.0 (mu_rec=1 mu_bwd=1) | grad=1.602 | tok/s=63,352 | tokens=0.23B
step=  7130 | loss=5.5164 | lr=3.00e-04 | wd=0.0813 | mom=0.9500 | T=1.2 k=1.0 (mu_rec=1 mu_bwd=1) | grad=4.375 | tok/s=67,884 | tokens=0.23B
step=  7140 | loss=5.3904 | lr=3.00e-04 | wd=0.0813 | mom=0.9500 | T=1.2 k=1.0 (mu_rec=1 mu_bwd=1) | grad=3.531 | tok/s=64,724 | tokens=0.23B
step=  7150 | loss=5.3226 | lr=3.00e-04 | wd=0.0813 | mom=0.9500 | T=1.2 k=1.0 (mu_rec=1 mu_bwd=1) | grad=3.781 | tok/s=66,809 | tokens=0.23B
step=  7160 | loss=5.6169 | lr=3.00e-04 | wd=0.0812 | mom=0.9500 | T=1.0 k=1.0 (mu_rec=1 mu_bwd=1) | grad=2.812 | tok/s=62,953 | tokens=0.23B
step=  7170 | loss=5.4217 | lr=3.00e-04 | wd=0.0812 | mom=0.9500 | T=1.2 k=1.0 (mu_rec=1 mu_bwd=1) | grad=1.477 | tok/s=62,919 | tokens=0.23B
step=  7180 | loss=5.6614 | lr=3.00e-04 | wd=0.0812 | mom=0.9500 | T=1.0 k=1.0 (mu_rec=1 mu_bwd=1) | grad=1.516 | tok/s=64,237 | tokens=0.24B
step=  7190 | loss=5.5303 | lr=3.00e-04 | wd=0.0812 | mom=0.9500 | T=1.0 k=1.0 (mu_rec=1 mu_bwd=1) | grad=1.641 | tok/s=65,415 | tokens=0.24B
step=  7200 | loss=5.6163 | lr=3.00e-04 | wd=0.0811 | mom=0.9500 | T=1.5 k=1.0 (mu_rec=1 mu_bwd=1) | grad=1.648 | tok/s=62,241 | tokens=0.24B
step=  7210 | loss=5.5406 | lr=3.00e-04 | wd=0.0811 | mom=0.9500 | T=1.8 k=1.0 (mu_rec=1 mu_bwd=1) | grad=1.320 | tok/s=60,697 | tokens=0.24B
step=  7220 | loss=5.4113 | lr=3.00e-04 | wd=0.0811 | mom=0.9500 | T=1.8 k=1.0 (mu_rec=1 mu_bwd=1) | grad=1.602 | tok/s=61,837 | tokens=0.24B
step=  7230 | loss=5.4809 | lr=3.00e-04 | wd=0.0810 | mom=0.9500 | T=1.8 k=1.0 (mu_rec=1 mu_bwd=1) | grad=3.797 | tok/s=63,699 | tokens=0.24B
step=  7240 | loss=5.5131 | lr=3.00e-04 | wd=0.0810 | mom=0.9500 | T=1.8 k=1.0 (mu_rec=1 mu_bwd=1) | grad=7.812 | tok/s=64,540 | tokens=0.24B
step=  7250 | loss=5.5843 | lr=3.00e-04 | wd=0.0810 | mom=0.9500 | T=1.0 k=1.0 (mu_rec=1 mu_bwd=1) | grad=6.312 | tok/s=63,786 | tokens=0.24B
step=  7260 | loss=5.5084 | lr=3.00e-04 | wd=0.0810 | mom=0.9500 | T=1.2 k=1.0 (mu_rec=1 mu_bwd=1) | grad=1.508 | tok/s=63,912 | tokens=0.24B
step=  7270 | loss=6.0980 | lr=3.00e-04 | wd=0.0809 | mom=0.9500 | T=1.5 k=1.0 (mu_rec=1 mu_bwd=1) | grad=4.781 | tok/s=63,628 | tokens=0.24B
step=  7280 | loss=5.7050 | lr=3.00e-04 | wd=0.0809 | mom=0.9500 | T=1.2 k=1.0 (mu_rec=1 mu_bwd=1) | grad=1.703 | tok/s=61,529 | tokens=0.24B
step=  7290 | loss=5.4752 | lr=3.00e-04 | wd=0.0809 | mom=0.9500 | T=1.2 k=1.0 (mu_rec=1 mu_bwd=1) | grad=1.508 | tok/s=65,446 | tokens=0.24B
step=  7300 | loss=5.4588 | lr=3.00e-04 | wd=0.0809 | mom=0.9500 | T=1.8 k=1.0 (mu_rec=1 mu_bwd=1) | grad=1.562 | tok/s=60,496 | tokens=0.24B
step=  7310 | loss=5.2960 | lr=3.00e-04 | wd=0.0808 | mom=0.9500 | T=1.8 k=1.0 (mu_rec=1 mu_bwd=1) | grad=2.609 | tok/s=64,837 | tokens=0.24B
step=  7320 | loss=5.5253 | lr=3.00e-04 | wd=0.0808 | mom=0.9500 | T=1.0 k=1.0 (mu_rec=1 mu_bwd=1) | grad=2.297 | tok/s=66,169 | tokens=0.24B
step=  7330 | loss=5.5474 | lr=3.00e-04 | wd=0.0808 | mom=0.9500 | T=1.2 k=1.0 (mu_rec=1 mu_bwd=1) | grad=1.578 | tok/s=63,496 | tokens=0.24B
step=  7340 | loss=5.5214 | lr=3.00e-04 | wd=0.0808 | mom=0.9500 | T=2.0 k=1.0 (mu_rec=1 mu_bwd=1) | grad=2.344 | tok/s=60,394 | tokens=0.24B
step=  7350 | loss=5.4824 | lr=3.00e-04 | wd=0.0807 | mom=0.9500 | T=2.0 k=1.0 (mu_rec=1 mu_bwd=1) | grad=1.422 | tok/s=62,399 | tokens=0.24B
step=  7360 | loss=5.4702 | lr=3.00e-04 | wd=0.0807 | mom=0.9500 | T=1.2 k=1.0 (mu_rec=1 mu_bwd=1) | grad=1.938 | tok/s=64,933 | tokens=0.24B
step=  7370 | loss=5.4183 | lr=3.00e-04 | wd=0.0807 | mom=0.9500 | T=1.0 k=1.0 (mu_rec=1 mu_bwd=1) | grad=1.750 | tok/s=65,448 | tokens=0.24B
step=  7380 | loss=5.4551 | lr=3.00e-04 | wd=0.0807 | mom=0.9500 | T=1.2 k=1.0 (mu_rec=1 mu_bwd=1) | grad=1.625 | tok/s=63,073 | tokens=0.24B
step=  7390 | loss=5.3095 | lr=3.00e-04 | wd=0.0806 | mom=0.9500 | T=1.0 k=1.0 (mu_rec=1 mu_bwd=1) | grad=2.109 | tok/s=64,628 | tokens=0.24B
step=  7400 | loss=5.3947 | lr=3.00e-04 | wd=0.0806 | mom=0.9500 | T=1.2 k=1.0 (mu_rec=1 mu_bwd=1) | grad=1.898 | tok/s=61,463 | tokens=0.24B
step=  7410 | loss=5.4446 | lr=3.00e-04 | wd=0.0806 | mom=0.9500 | T=1.0 k=1.0 (mu_rec=1 mu_bwd=1) | grad=1.766 | tok/s=68,214 | tokens=0.24B
step=  7420 | loss=5.6242 | lr=3.00e-04 | wd=0.0806 | mom=0.9500 | T=1.5 k=1.0 (mu_rec=1 mu_bwd=1) | grad=1.844 | tok/s=62,166 | tokens=0.24B
step=  7430 | loss=5.5639 | lr=3.00e-04 | wd=0.0805 | mom=0.9500 | T=1.0 k=1.0 (mu_rec=1 mu_bwd=1) | grad=2.641 | tok/s=62,660 | tokens=0.24B
step=  7440 | loss=5.2841 | lr=3.00e-04 | wd=0.0805 | mom=0.9500 | T=1.0 k=1.0 (mu_rec=1 mu_bwd=1) | grad=1.742 | tok/s=68,837 | tokens=0.24B
step=  7450 | loss=5.4439 | lr=3.00e-04 | wd=0.0805 | mom=0.9500 | T=1.2 k=1.0 (mu_rec=1 mu_bwd=1) | grad=1.742 | tok/s=65,451 | tokens=0.24B
step=  7460 | loss=5.4919 | lr=3.00e-04 | wd=0.0804 | mom=0.9500 | T=1.8 k=1.0 (mu_rec=1 mu_bwd=1) | grad=2.047 | tok/s=61,117 | tokens=0.24B
step=  7470 | loss=5.4044 | lr=3.00e-04 | wd=0.0804 | mom=0.9500 | T=1.8 k=1.0 (mu_rec=1 mu_bwd=1) | grad=2.938 | tok/s=65,489 | tokens=0.24B
step=  7480 | loss=5.4114 | lr=3.00e-04 | wd=0.0804 | mom=0.9500 | T=1.0 k=1.0 (mu_rec=1 mu_bwd=1) | grad=2.219 | tok/s=61,456 | tokens=0.25B
step=  7490 | loss=5.2790 | lr=3.00e-04 | wd=0.0804 | mom=0.9500 | T=2.0 k=1.0 (mu_rec=1 mu_bwd=1) | grad=2.234 | tok/s=63,870 | tokens=0.25B
step=  7500 | loss=5.5363 | lr=3.00e-04 | wd=0.0803 | mom=0.9500 | T=1.0 k=1.0 (mu_rec=1 mu_bwd=1) | grad=4.312 | tok/s=64,456 | tokens=0.25B
step=  7510 | loss=5.4322 | lr=3.00e-04 | wd=0.0803 | mom=0.9500 | T=1.0 k=1.0 (mu_rec=1 mu_bwd=1) | grad=2.234 | tok/s=65,070 | tokens=0.25B
step=  7520 | loss=5.4651 | lr=3.00e-04 | wd=0.0803 | mom=0.9500 | T=2.2 k=1.0 (mu_rec=1 mu_bwd=1) | grad=3.359 | tok/s=64,172 | tokens=0.25B
step=  7530 | loss=5.4232 | lr=3.00e-04 | wd=0.0803 | mom=0.9500 | T=1.8 k=1.0 (mu_rec=1 mu_bwd=1) | grad=1.266 | tok/s=62,852 | tokens=0.25B
step=  7540 | loss=5.4561 | lr=3.00e-04 | wd=0.0802 | mom=0.9500 | T=1.2 k=1.0 (mu_rec=1 mu_bwd=1) | grad=2.297 | tok/s=66,017 | tokens=0.25B
step=  7550 | loss=5.5039 | lr=3.00e-04 | wd=0.0802 | mom=0.9500 | T=1.2 k=1.0 (mu_rec=1 mu_bwd=1) | grad=3.781 | tok/s=63,983 | tokens=0.25B
step=  7560 | loss=5.5528 | lr=3.00e-04 | wd=0.0802 | mom=0.9500 | T=1.5 k=1.0 (mu_rec=1 mu_bwd=1) | grad=1.531 | tok/s=61,141 | tokens=0.25B
step=  7570 | loss=5.3535 | lr=3.00e-04 | wd=0.0802 | mom=0.9500 | T=1.0 k=1.0 (mu_rec=1 mu_bwd=1) | grad=2.266 | tok/s=65,720 | tokens=0.25B
step=  7580 | loss=5.3512 | lr=3.00e-04 | wd=0.0801 | mom=0.9500 | T=1.2 k=1.0 (mu_rec=1 mu_bwd=1) | grad=2.125 | tok/s=61,752 | tokens=0.25B
step=  7590 | loss=5.3744 | lr=3.00e-04 | wd=0.0801 | mom=0.9500 | T=1.2 k=1.0 (mu_rec=1 mu_bwd=1) | grad=1.547 | tok/s=63,177 | tokens=0.25B
step=  7600 | loss=5.2797 | lr=3.00e-04 | wd=0.0801 | mom=0.9500 | T=1.2 k=1.0 (mu_rec=1 mu_bwd=1) | grad=1.328 | tok/s=61,183 | tokens=0.25B
step=  7610 | loss=5.3323 | lr=3.00e-04 | wd=0.0801 | mom=0.9500 | T=1.0 k=1.0 (mu_rec=1 mu_bwd=1) | grad=1.484 | tok/s=67,162 | tokens=0.25B
step=  7620 | loss=5.4822 | lr=3.00e-04 | wd=0.0800 | mom=0.9500 | T=2.0 k=1.0 (mu_rec=1 mu_bwd=1) | grad=1.609 | tok/s=61,330 | tokens=0.25B
step=  7630 | loss=5.2975 | lr=3.00e-04 | wd=0.0800 | mom=0.9500 | T=1.2 k=1.0 (mu_rec=1 mu_bwd=1) | grad=9.625 | tok/s=64,414 | tokens=0.25B
step=  7640 | loss=5.3126 | lr=3.00e-04 | wd=0.0800 | mom=0.9500 | T=2.8 k=1.0 (mu_rec=1 mu_bwd=1) | grad=2.234 | tok/s=61,142 | tokens=0.25B
step=  7650 | loss=5.4368 | lr=3.00e-04 | wd=0.0799 | mom=0.9500 | T=1.5 k=1.0 (mu_rec=1 mu_bwd=1) | grad=1.633 | tok/s=64,517 | tokens=0.25B
step=  7660 | loss=5.5680 | lr=3.00e-04 | wd=0.0799 | mom=0.9500 | T=1.0 k=1.0 (mu_rec=1 mu_bwd=1) | grad=1.711 | tok/s=62,293 | tokens=0.25B
step=  7670 | loss=5.4629 | lr=3.00e-04 | wd=0.0799 | mom=0.9500 | T=2.0 k=1.0 (mu_rec=1 mu_bwd=1) | grad=1.812 | tok/s=61,144 | tokens=0.25B
step=  7680 | loss=5.4367 | lr=3.00e-04 | wd=0.0799 | mom=0.9500 | T=1.5 k=1.0 (mu_rec=1 mu_bwd=1) | grad=1.555 | tok/s=10,146 | tokens=0.25B
step=  7690 | loss=5.2603 | lr=3.00e-04 | wd=0.0798 | mom=0.9500 | T=1.0 k=1.0 (mu_rec=1 mu_bwd=1) | grad=1.562 | tok/s=64,636 | tokens=0.25B
step=  7700 | loss=5.2921 | lr=3.00e-04 | wd=0.0798 | mom=0.9500 | T=1.5 k=1.0 (mu_rec=1 mu_bwd=1) | grad=4.938 | tok/s=61,392 | tokens=0.25B
step=  7710 | loss=5.4331 | lr=3.00e-04 | wd=0.0798 | mom=0.9500 | T=1.2 k=1.0 (mu_rec=1 mu_bwd=1) | grad=3.266 | tok/s=62,120 | tokens=0.25B
step=  7720 | loss=5.4634 | lr=3.00e-04 | wd=0.0798 | mom=0.9500 | T=1.0 k=1.0 (mu_rec=1 mu_bwd=1) | grad=1.484 | tok/s=65,402 | tokens=0.25B
step=  7730 | loss=5.2829 | lr=3.00e-04 | wd=0.0797 | mom=0.9500 | T=1.0 k=1.0 (mu_rec=1 mu_bwd=1) | grad=2.375 | tok/s=67,371 | tokens=0.25B
step=  7740 | loss=5.2688 | lr=3.00e-04 | wd=0.0797 | mom=0.9500 | T=1.2 k=1.0 (mu_rec=1 mu_bwd=1) | grad=2.000 | tok/s=64,828 | tokens=0.25B
step=  7750 | loss=5.4266 | lr=3.00e-04 | wd=0.0797 | mom=0.9500 | T=1.5 k=1.0 (mu_rec=1 mu_bwd=1) | grad=2.953 | tok/s=62,630 | tokens=0.25B
step=  7760 | loss=5.4592 | lr=3.00e-04 | wd=0.0797 | mom=0.9500 | T=1.0 k=1.0 (mu_rec=1 mu_bwd=1) | grad=1.852 | tok/s=66,726 | tokens=0.25B
step=  7770 | loss=5.2541 | lr=3.00e-04 | wd=0.0796 | mom=0.9500 | T=1.2 k=1.0 (mu_rec=1 mu_bwd=1) | grad=1.914 | tok/s=63,916 | tokens=0.25B
step=  7780 | loss=5.1037 | lr=3.00e-04 | wd=0.0796 | mom=0.9500 | T=1.2 k=1.0 (mu_rec=1 mu_bwd=1) | grad=2.000 | tok/s=62,471 | tokens=0.25B
step=  7790 | loss=5.3198 | lr=3.00e-04 | wd=0.0796 | mom=0.9500 | T=1.2 k=1.0 (mu_rec=1 mu_bwd=1) | grad=1.672 | tok/s=64,546 | tokens=0.26B
step=  7800 | loss=5.3327 | lr=3.00e-04 | wd=0.0796 | mom=0.9500 | T=1.0 k=1.0 (mu_rec=1 mu_bwd=1) | grad=1.742 | tok/s=66,204 | tokens=0.26B
step=  7810 | loss=5.3930 | lr=3.00e-04 | wd=0.0795 | mom=0.9500 | T=1.2 k=1.0 (mu_rec=1 mu_bwd=1) | grad=1.414 | tok/s=63,847 | tokens=0.26B
step=  7820 | loss=5.2764 | lr=3.00e-04 | wd=0.0795 | mom=0.9500 | T=1.5 k=1.0 (mu_rec=1 mu_bwd=1) | grad=1.945 | tok/s=60,545 | tokens=0.26B
step=  7830 | loss=5.1209 | lr=3.00e-04 | wd=0.0795 | mom=0.9500 | T=1.0 k=1.0 (mu_rec=1 mu_bwd=1) | grad=4.344 | tok/s=64,136 | tokens=0.26B
step=  7840 | loss=5.3337 | lr=3.00e-04 | wd=0.0795 | mom=0.9500 | T=1.8 k=1.0 (mu_rec=1 mu_bwd=1) | grad=1.570 | tok/s=62,324 | tokens=0.26B
step=  7850 | loss=5.5651 | lr=3.00e-04 | wd=0.0794 | mom=0.9500 | T=1.5 k=1.0 (mu_rec=1 mu_bwd=1) | grad=3.016 | tok/s=65,130 | tokens=0.26B
step=  7860 | loss=5.4836 | lr=3.00e-04 | wd=0.0794 | mom=0.9500 | T=1.2 k=1.0 (mu_rec=1 mu_bwd=1) | grad=1.688 | tok/s=63,955 | tokens=0.26B
step=  7870 | loss=5.3656 | lr=3.00e-04 | wd=0.0794 | mom=0.9500 | T=1.5 k=1.0 (mu_rec=1 mu_bwd=1) | grad=1.359 | tok/s=65,950 | tokens=0.26B
step=  7880 | loss=5.3973 | lr=3.00e-04 | wd=0.0793 | mom=0.9500 | T=1.2 k=1.0 (mu_rec=1 mu_bwd=1) | grad=2.094 | tok/s=62,849 | tokens=0.26B
step=  7890 | loss=5.3406 | lr=3.00e-04 | wd=0.0793 | mom=0.9500 | T=1.0 k=1.0 (mu_rec=1 mu_bwd=1) | grad=2.859 | tok/s=62,171 | tokens=0.26B
step=  7900 | loss=5.5329 | lr=3.00e-04 | wd=0.0793 | mom=0.9500 | T=1.0 k=1.0 (mu_rec=1 mu_bwd=1) | grad=2.641 | tok/s=63,771 | tokens=0.26B
step=  7910 | loss=5.4758 | lr=3.00e-04 | wd=0.0793 | mom=0.9500 | T=1.0 k=1.0 (mu_rec=1 mu_bwd=1) | grad=3.219 | tok/s=11,750 | tokens=0.26B
step=  7920 | loss=5.5209 | lr=3.00e-04 | wd=0.0792 | mom=0.9500 | T=1.5 k=1.0 (mu_rec=1 mu_bwd=1) | grad=2.266 | tok/s=63,409 | tokens=0.26B
step=  7930 | loss=5.2453 | lr=3.00e-04 | wd=0.0792 | mom=0.9500 | T=1.5 k=1.0 (mu_rec=1 mu_bwd=1) | grad=1.734 | tok/s=61,342 | tokens=0.26B
step=  7940 | loss=5.1580 | lr=3.00e-04 | wd=0.0792 | mom=0.9500 | T=1.8 k=1.0 (mu_rec=1 mu_bwd=1) | grad=2.203 | tok/s=66,557 | tokens=0.26B
step=  7950 | loss=5.6094 | lr=3.00e-04 | wd=0.0792 | mom=0.9500 | T=1.0 k=1.0 (mu_rec=1 mu_bwd=1) | grad=8.562 | tok/s=65,035 | tokens=0.26B
step=  7960 | loss=5.2541 | lr=3.00e-04 | wd=0.0791 | mom=0.9500 | T=2.2 k=1.0 (mu_rec=1 mu_bwd=1) | grad=1.672 | tok/s=62,626 | tokens=0.26B
step=  7970 | loss=5.9847 | lr=3.00e-04 | wd=0.0791 | mom=0.9500 | T=1.5 k=1.0 (mu_rec=1 mu_bwd=1) | grad=2.719 | tok/s=64,349 | tokens=0.26B
step=  7980 | loss=5.5125 | lr=3.00e-04 | wd=0.0791 | mom=0.9500 | T=1.5 k=1.0 (mu_rec=1 mu_bwd=1) | grad=1.289 | tok/s=63,538 | tokens=0.26B
step=  7990 | loss=5.5405 | lr=3.00e-04 | wd=0.0791 | mom=0.9500 | T=1.2 k=1.0 (mu_rec=1 mu_bwd=1) | grad=1.609 | tok/s=62,829 | tokens=0.26B
step=  8000 | loss=5.1520 | lr=3.00e-04 | wd=0.0790 | mom=0.9500 | T=1.0 k=1.0 (mu_rec=1 mu_bwd=1) | grad=2.000 | tok/s=63,089 | tokens=0.26B
step=  8010 | loss=5.3903 | lr=3.00e-04 | wd=0.0790 | mom=0.9500 | T=1.2 k=1.0 (mu_rec=1 mu_bwd=1) | grad=1.883 | tok/s=66,851 | tokens=0.26B
step=  8020 | loss=5.4832 | lr=3.00e-04 | wd=0.0790 | mom=0.9500 | T=1.0 k=1.0 (mu_rec=1 mu_bwd=1) | grad=2.703 | tok/s=65,647 | tokens=0.26B
step=  8030 | loss=5.3812 | lr=3.00e-04 | wd=0.0790 | mom=0.9500 | T=1.2 k=1.0 (mu_rec=1 mu_bwd=1) | grad=2.750 | tok/s=64,589 | tokens=0.26B
step=  8040 | loss=5.4048 | lr=3.00e-04 | wd=0.0789 | mom=0.9500 | T=1.0 k=1.0 (mu_rec=1 mu_bwd=1) | grad=1.781 | tok/s=63,352 | tokens=0.26B
step=  8050 | loss=5.3262 | lr=3.00e-04 | wd=0.0789 | mom=0.9500 | T=1.5 k=1.0 (mu_rec=1 mu_bwd=1) | grad=1.617 | tok/s=61,030 | tokens=0.26B
step=  8060 | loss=5.5482 | lr=3.00e-04 | wd=0.0789 | mom=0.9500 | T=1.2 k=1.0 (mu_rec=1 mu_bwd=1) | grad=1.867 | tok/s=66,530 | tokens=0.26B
step=  8070 | loss=5.4370 | lr=3.00e-04 | wd=0.0788 | mom=0.9500 | T=2.5 k=1.0 (mu_rec=1 mu_bwd=1) | grad=1.797 | tok/s=61,803 | tokens=0.26B
step=  8080 | loss=5.3965 | lr=3.00e-04 | wd=0.0788 | mom=0.9500 | T=1.5 k=1.0 (mu_rec=1 mu_bwd=1) | grad=4.469 | tok/s=64,455 | tokens=0.26B
step=  8090 | loss=5.2246 | lr=3.00e-04 | wd=0.0788 | mom=0.9500 | T=1.5 k=1.0 (mu_rec=1 mu_bwd=1) | grad=2.031 | tok/s=61,932 | tokens=0.27B
step=  8100 | loss=5.3083 | lr=3.00e-04 | wd=0.0788 | mom=0.9500 | T=1.5 k=1.0 (mu_rec=1 mu_bwd=1) | grad=2.219 | tok/s=63,926 | tokens=0.27B
step=  8110 | loss=5.7247 | lr=3.00e-04 | wd=0.0787 | mom=0.9500 | T=2.0 k=1.0 (mu_rec=1 mu_bwd=1) | grad=3.422 | tok/s=60,816 | tokens=0.27B
step=  8120 | loss=5.3360 | lr=3.00e-04 | wd=0.0787 | mom=0.9500 | T=1.2 k=1.0 (mu_rec=1 mu_bwd=1) | grad=3.828 | tok/s=62,975 | tokens=0.27B
step=  8130 | loss=5.2687 | lr=3.00e-04 | wd=0.0787 | mom=0.9500 | T=1.5 k=1.0 (mu_rec=1 mu_bwd=1) | grad=1.695 | tok/s=63,216 | tokens=0.27B
step=  8140 | loss=5.3478 | lr=3.00e-04 | wd=0.0787 | mom=0.9500 | T=1.8 k=1.0 (mu_rec=1 mu_bwd=1) | grad=2.422 | tok/s=64,540 | tokens=0.27B
step=  8150 | loss=5.5729 | lr=3.00e-04 | wd=0.0786 | mom=0.9500 | T=1.0 k=1.0 (mu_rec=1 mu_bwd=1) | grad=2.094 | tok/s=63,226 | tokens=0.27B
step=  8160 | loss=5.3291 | lr=3.00e-04 | wd=0.0786 | mom=0.9500 | T=1.2 k=1.0 (mu_rec=1 mu_bwd=1) | grad=1.977 | tok/s=62,650 | tokens=0.27B
step=  8170 | loss=5.4650 | lr=3.00e-04 | wd=0.0786 | mom=0.9500 | T=1.5 k=1.0 (mu_rec=1 mu_bwd=1) | grad=1.992 | tok/s=66,590 | tokens=0.27B
step=  8180 | loss=5.3411 | lr=3.00e-04 | wd=0.0786 | mom=0.9500 | T=2.2 k=1.0 (mu_rec=1 mu_bwd=1) | grad=1.742 | tok/s=62,506 | tokens=0.27B
step=  8190 | loss=5.4111 | lr=3.00e-04 | wd=0.0785 | mom=0.9500 | T=1.2 k=1.0 (mu_rec=1 mu_bwd=1) | grad=3.250 | tok/s=66,340 | tokens=0.27B
step=  8200 | loss=5.2197 | lr=3.00e-04 | wd=0.0785 | mom=0.9500 | T=1.2 k=1.0 (mu_rec=1 mu_bwd=1) | grad=2.672 | tok/s=63,202 | tokens=0.27B
step=  8210 | loss=5.2756 | lr=3.00e-04 | wd=0.0785 | mom=0.9500 | T=1.0 k=1.0 (mu_rec=1 mu_bwd=1) | grad=1.562 | tok/s=64,693 | tokens=0.27B
step=  8220 | loss=5.3020 | lr=3.00e-04 | wd=0.0785 | mom=0.9500 | T=1.2 k=1.0 (mu_rec=1 mu_bwd=1) | grad=1.828 | tok/s=63,062 | tokens=0.27B
step=  8230 | loss=5.5732 | lr=3.00e-04 | wd=0.0784 | mom=0.9500 | T=2.0 k=1.0 (mu_rec=1 mu_bwd=1) | grad=1.508 | tok/s=66,090 | tokens=0.27B
step=  8240 | loss=5.3316 | lr=3.00e-04 | wd=0.0784 | mom=0.9500 | T=1.2 k=1.0 (mu_rec=1 mu_bwd=1) | grad=1.383 | tok/s=63,466 | tokens=0.27B
step=  8250 | loss=5.1989 | lr=3.00e-04 | wd=0.0784 | mom=0.9500 | T=1.0 k=1.0 (mu_rec=1 mu_bwd=1) | grad=1.930 | tok/s=67,286 | tokens=0.27B
step=  8260 | loss=5.1456 | lr=3.00e-04 | wd=0.0783 | mom=0.9500 | T=1.2 k=1.0 (mu_rec=1 mu_bwd=1) | grad=1.961 | tok/s=63,759 | tokens=0.27B
step=  8270 | loss=5.2049 | lr=3.00e-04 | wd=0.0783 | mom=0.9500 | T=1.0 k=1.0 (mu_rec=1 mu_bwd=1) | grad=1.602 | tok/s=63,683 | tokens=0.27B
step=  8280 | loss=5.2031 | lr=3.00e-04 | wd=0.0783 | mom=0.9500 | T=1.0 k=1.0 (mu_rec=1 mu_bwd=1) | grad=2.859 | tok/s=66,205 | tokens=0.27B
step=  8290 | loss=5.4182 | lr=3.00e-04 | wd=0.0783 | mom=0.9500 | T=1.5 k=1.0 (mu_rec=1 mu_bwd=1) | grad=1.875 | tok/s=63,632 | tokens=0.27B
step=  8300 | loss=5.3847 | lr=3.00e-04 | wd=0.0782 | mom=0.9500 | T=1.8 k=1.0 (mu_rec=1 mu_bwd=1) | grad=2.188 | tok/s=61,548 | tokens=0.27B
step=  8310 | loss=5.3692 | lr=3.00e-04 | wd=0.0782 | mom=0.9500 | T=1.8 k=1.0 (mu_rec=1 mu_bwd=1) | grad=3.719 | tok/s=63,981 | tokens=0.27B
step=  8320 | loss=5.3978 | lr=3.00e-04 | wd=0.0782 | mom=0.9500 | T=1.2 k=1.0 (mu_rec=1 mu_bwd=1) | grad=4.406 | tok/s=64,436 | tokens=0.27B
step=  8330 | loss=5.3615 | lr=3.00e-04 | wd=0.0782 | mom=0.9500 | T=1.0 k=1.0 (mu_rec=1 mu_bwd=1) | grad=3.719 | tok/s=63,421 | tokens=0.27B
step=  8340 | loss=5.3236 | lr=3.00e-04 | wd=0.0781 | mom=0.9500 | T=2.0 k=1.0 (mu_rec=1 mu_bwd=1) | grad=3.031 | tok/s=62,705 | tokens=0.27B
step=  8350 | loss=5.3895 | lr=3.00e-04 | wd=0.0781 | mom=0.9500 | T=1.5 k=1.0 (mu_rec=1 mu_bwd=1) | grad=3.406 | tok/s=62,186 | tokens=0.27B
step=  8360 | loss=5.4823 | lr=3.00e-04 | wd=0.0781 | mom=0.9500 | T=1.2 k=1.0 (mu_rec=1 mu_bwd=1) | grad=4.906 | tok/s=63,419 | tokens=0.27B
step=  8370 | loss=5.2938 | lr=3.00e-04 | wd=0.0781 | mom=0.9500 | T=1.2 k=1.0 (mu_rec=1 mu_bwd=1) | grad=2.094 | tok/s=61,883 | tokens=0.27B
step=  8380 | loss=5.3717 | lr=3.00e-04 | wd=0.0780 | mom=0.9500 | T=1.5 k=1.0 (mu_rec=1 mu_bwd=1) | grad=1.555 | tok/s=64,140 | tokens=0.27B
step=  8390 | loss=5.4958 | lr=3.00e-04 | wd=0.0780 | mom=0.9500 | T=1.0 k=1.0 (mu_rec=1 mu_bwd=1) | grad=2.641 | tok/s=64,427 | tokens=0.27B
step=  8400 | loss=5.3740 | lr=3.00e-04 | wd=0.0780 | mom=0.9500 | T=1.0 k=1.0 (mu_rec=1 mu_bwd=1) | grad=8.688 | tok/s=63,044 | tokens=0.28B
step=  8410 | loss=5.7272 | lr=3.00e-04 | wd=0.0780 | mom=0.9500 | T=2.0 k=1.0 (mu_rec=1 mu_bwd=1) | grad=1.867 | tok/s=60,724 | tokens=0.28B
step=  8420 | loss=5.5474 | lr=3.00e-04 | wd=0.0779 | mom=0.9500 | T=1.8 k=1.0 (mu_rec=1 mu_bwd=1) | grad=2.703 | tok/s=62,506 | tokens=0.28B
step=  8430 | loss=5.3227 | lr=3.00e-04 | wd=0.0779 | mom=0.9500 | T=1.0 k=1.0 (mu_rec=1 mu_bwd=1) | grad=2.594 | tok/s=66,754 | tokens=0.28B
step=  8440 | loss=5.3631 | lr=3.00e-04 | wd=0.0779 | mom=0.9500 | T=1.2 k=1.0 (mu_rec=1 mu_bwd=1) | grad=2.172 | tok/s=64,803 | tokens=0.28B
step=  8450 | loss=5.4465 | lr=3.00e-04 | wd=0.0779 | mom=0.9500 | T=1.0 k=1.0 (mu_rec=1 mu_bwd=1) | grad=1.820 | tok/s=66,229 | tokens=0.28B
step=  8460 | loss=5.3395 | lr=3.00e-04 | wd=0.0778 | mom=0.9500 | T=1.0 k=1.0 (mu_rec=1 mu_bwd=1) | grad=1.859 | tok/s=61,614 | tokens=0.28B
step=  8470 | loss=5.2400 | lr=3.00e-04 | wd=0.0778 | mom=0.9500 | T=1.0 k=1.0 (mu_rec=1 mu_bwd=1) | grad=1.547 | tok/s=65,120 | tokens=0.28B
step=  8480 | loss=5.2863 | lr=3.00e-04 | wd=0.0778 | mom=0.9500 | T=1.0 k=1.0 (mu_rec=1 mu_bwd=1) | grad=2.797 | tok/s=63,084 | tokens=0.28B
step=  8490 | loss=5.2897 | lr=3.00e-04 | wd=0.0777 | mom=0.9500 | T=1.2 k=1.0 (mu_rec=1 mu_bwd=1) | grad=1.758 | tok/s=60,253 | tokens=0.28B
step=  8500 | loss=5.2890 | lr=3.00e-04 | wd=0.0777 | mom=0.9500 | T=1.8 k=1.0 (mu_rec=1 mu_bwd=1) | grad=3.328 | tok/s=62,867 | tokens=0.28B
step=  8510 | loss=5.1165 | lr=3.00e-04 | wd=0.0777 | mom=0.9500 | T=1.5 k=1.0 (mu_rec=1 mu_bwd=1) | grad=2.438 | tok/s=60,201 | tokens=0.28B
step=  8520 | loss=5.3189 | lr=3.00e-04 | wd=0.0777 | mom=0.9500 | T=1.0 k=1.0 (mu_rec=1 mu_bwd=1) | grad=2.484 | tok/s=63,013 | tokens=0.28B
step=  8530 | loss=5.4036 | lr=3.00e-04 | wd=0.0776 | mom=0.9500 | T=1.2 k=1.0 (mu_rec=1 mu_bwd=1) | grad=1.758 | tok/s=62,274 | tokens=0.28B
step=  8540 | loss=5.3011 | lr=3.00e-04 | wd=0.0776 | mom=0.9500 | T=1.5 k=1.0 (mu_rec=1 mu_bwd=1) | grad=2.484 | tok/s=62,963 | tokens=0.28B
step=  8550 | loss=5.4498 | lr=3.00e-04 | wd=0.0776 | mom=0.9500 | T=1.0 k=1.0 (mu_rec=1 mu_bwd=1) | grad=1.516 | tok/s=63,286 | tokens=0.28B
step=  8560 | loss=5.3818 | lr=3.00e-04 | wd=0.0776 | mom=0.9500 | T=1.5 k=1.0 (mu_rec=1 mu_bwd=1) | grad=2.094 | tok/s=63,077 | tokens=0.28B
step=  8570 | loss=5.4109 | lr=3.00e-04 | wd=0.0775 | mom=0.9500 | T=1.0 k=1.0 (mu_rec=1 mu_bwd=1) | grad=2.078 | tok/s=64,905 | tokens=0.28B
step=  8580 | loss=5.3929 | lr=3.00e-04 | wd=0.0775 | mom=0.9500 | T=1.2 k=1.0 (mu_rec=1 mu_bwd=1) | grad=1.609 | tok/s=61,998 | tokens=0.28B
step=  8590 | loss=5.3785 | lr=3.00e-04 | wd=0.0775 | mom=0.9500 | T=1.0 k=1.0 (mu_rec=1 mu_bwd=1) | grad=4.281 | tok/s=66,214 | tokens=0.28B
step=  8600 | loss=5.2881 | lr=3.00e-04 | wd=0.0775 | mom=0.9500 | T=2.0 k=1.0 (mu_rec=1 mu_bwd=1) | grad=1.531 | tok/s=60,478 | tokens=0.28B
step=  8610 | loss=5.3689 | lr=3.00e-04 | wd=0.0774 | mom=0.9500 | T=2.0 k=1.0 (mu_rec=1 mu_bwd=1) | grad=1.383 | tok/s=62,993 | tokens=0.28B
step=  8620 | loss=5.3781 | lr=3.00e-04 | wd=0.0774 | mom=0.9500 | T=1.5 k=1.0 (mu_rec=1 mu_bwd=1) | grad=1.930 | tok/s=62,612 | tokens=0.28B
step=  8630 | loss=5.2497 | lr=3.00e-04 | wd=0.0774 | mom=0.9500 | T=1.0 k=1.0 (mu_rec=1 mu_bwd=1) | grad=2.016 | tok/s=62,170 | tokens=0.28B
step=  8640 | loss=5.2340 | lr=3.00e-04 | wd=0.0774 | mom=0.9500 | T=1.0 k=1.0 (mu_rec=1 mu_bwd=1) | grad=10.375 | tok/s=66,445 | tokens=0.28B
step=  8650 | loss=5.1805 | lr=3.00e-04 | wd=0.0773 | mom=0.9500 | T=1.0 k=1.0 (mu_rec=1 mu_bwd=1) | grad=8.375 | tok/s=65,531 | tokens=0.28B
step=  8660 | loss=5.3349 | lr=3.00e-04 | wd=0.0773 | mom=0.9500 | T=1.2 k=1.0 (mu_rec=1 mu_bwd=1) | grad=2.625 | tok/s=63,427 | tokens=0.28B
step=  8670 | loss=5.2131 | lr=3.00e-04 | wd=0.0773 | mom=0.9500 | T=1.0 k=1.0 (mu_rec=1 mu_bwd=1) | grad=3.781 | tok/s=11,775 | tokens=0.28B
step=  8680 | loss=5.3511 | lr=3.00e-04 | wd=0.0772 | mom=0.9500 | T=2.0 k=1.0 (mu_rec=1 mu_bwd=1) | grad=1.711 | tok/s=64,921 | tokens=0.28B
step=  8690 | loss=5.5673 | lr=3.00e-04 | wd=0.0772 | mom=0.9500 | T=1.2 k=1.0 (mu_rec=1 mu_bwd=1) | grad=1.836 | tok/s=63,333 | tokens=0.28B
step=  8700 | loss=5.2513 | lr=3.00e-04 | wd=0.0772 | mom=0.9500 | T=1.5 k=1.0 (mu_rec=1 mu_bwd=1) | grad=6.500 | tok/s=62,651 | tokens=0.29B[2026-06-06T10:54:49.913] error: *** JOB 9496617 ON atl1-1-01-006-1-0 CANCELLED AT 2026-06-06T10:54:49 DUE to SIGNAL Terminated ***
---------------------------------------
Begin Slurm Epilog: Jun-06-2026 10:54:52
Job ID:        9496617
User ID:       hjiang420
Account:       gts-aivanova7-lab
Job name:      job5b_pythia.sh
Resources:     cpu=8,gres/gpu:a100=1,mem=64G,node=1
Rsrc Used:     cput=13:59:12,vmem=0,walltime=01:44:54,mem=6058896K,energy_used=0
Partition:     gpu-a100
QOS:           inferno
Nodes:         atl1-1-01-006-1-0
---------------------------------------
