---------------------------------------
Begin Slurm Prolog: Jun-04-2026 23:29:02
Job ID:    9433999
User ID:   hjiang420
Account:   gts-aivanova7-lab
Job name:  job5b_pythia.sh
Partition: gpu-a100
QOS:       inferno
---------------------------------------
Warning: You are sending unauthenticated requests to the HF Hub. Please set a HF_TOKEN to enable higher rate limits and faster downloads.
Loading EleutherAI/pythia-160m ...
Params: 162,914,304 total, 162,914,304 trainable
Layer split: Pre=2, Loop=8, Coda=2
mu_rec=1, mu_bwd=1 (= ceil(1/2))
Effective batch: 32768 tokens = 16 seqs x 2048 tok
Grad accum: 4 | World size: 1
Max steps: 38,146 | Warmup: 381 | Cooldown: 3814
wandb: [wandb.login()] Loaded credentials for https://api.wandb.ai from /storage/home/hcoda1/3/hjiang420/.netrc.
wandb: Currently logged in as: henryyjiang42 (henryyjiang42-georgia-institute-of-technology) to https://api.wandb.ai. Use `wandb login --relogin` to force relogin
`trust_remote_code` is not supported anymore.
Please check that the Hugging Face dataset 'EleutherAI/the_pile_deduplicated' isn't based on a loading script and remove `trust_remote_code`.
If the dataset is based on a loading script, please ask the dataset author to remove it and convert it to a standard format like Parquet.
`trust_remote_code` is not supported anymore.
Please check that the Hugging Face dataset 'EleutherAI/the_pile_deduplicated' isn't based on a loading script and remove `trust_remote_code`.
If the dataset is based on a loading script, please ask the dataset author to remove it and convert it to a standard format like Parquet.
wandb: setting up run sswmu8nk
wandb: Tracking run with wandb version 0.27.0
wandb: Run data is saved locally in runs/pythia-5b/wandb/run-20260604_233010-sswmu8nk
wandb: Run `wandb offline` to turn off syncing.
wandb: Syncing run pythia-5b
wandb: ⭐️ View project at https://wandb.ai/henryyjiang42-georgia-institute-of-technology/cortex-gpt
wandb: 🚀 View run at https://wandb.ai/henryyjiang42-georgia-institute-of-technology/cortex-gpt/runs/sswmu8nk
step=    10 | loss=10.9663 | lr=7.09e-06 | wd=0.1000 | mom=0.8530 | T=1.5 k=1.0 (mu_rec=1 mu_bwd=1) | grad=4.750 | tok/s=7,601 | tokens=0.00B
step=    20 | loss=10.9328 | lr=1.50e-05 | wd=0.1000 | mom=0.8563 | T=1.5 k=1.0 (mu_rec=1 mu_bwd=1) | grad=4.438 | tok/s=55,674 | tokens=0.00B
step=    30 | loss=10.8665 | lr=2.28e-05 | wd=0.0999 | mom=0.8597 | T=2.0 k=1.0 (mu_rec=1 mu_bwd=1) | grad=4.094 | tok/s=55,797 | tokens=0.00B
step=    40 | loss=10.7629 | lr=3.07e-05 | wd=0.0999 | mom=0.8630 | T=1.2 k=1.0 (mu_rec=1 mu_bwd=1) | grad=3.969 | tok/s=57,911 | tokens=0.00B
step=    50 | loss=10.6084 | lr=3.86e-05 | wd=0.0999 | mom=0.8663 | T=1.8 k=1.0 (mu_rec=1 mu_bwd=1) | grad=3.516 | tok/s=55,624 | tokens=0.00B
step=    60 | loss=10.3897 | lr=4.65e-05 | wd=0.0998 | mom=0.8697 | T=1.2 k=1.0 (mu_rec=1 mu_bwd=1) | grad=4.438 | tok/s=55,538 | tokens=0.00B
step=    70 | loss=10.0747 | lr=5.43e-05 | wd=0.0998 | mom=0.8730 | T=1.0 k=1.0 (mu_rec=1 mu_bwd=1) | grad=4.000 | tok/s=55,142 | tokens=0.00B
step=    80 | loss=9.8655 | lr=6.22e-05 | wd=0.0998 | mom=0.8763 | T=1.0 k=1.0 (mu_rec=1 mu_bwd=1) | grad=3.656 | tok/s=52,295 | tokens=0.00B
step=    90 | loss=9.5501 | lr=7.01e-05 | wd=0.0998 | mom=0.8797 | T=1.5 k=1.0 (mu_rec=1 mu_bwd=1) | grad=3.094 | tok/s=54,825 | tokens=0.00B
step=   100 | loss=9.2326 | lr=7.80e-05 | wd=0.0997 | mom=0.8830 | T=1.2 k=1.0 (mu_rec=1 mu_bwd=1) | grad=3.047 | tok/s=53,921 | tokens=0.00B
step=   110 | loss=8.7754 | lr=8.58e-05 | wd=0.0997 | mom=0.8863 | T=1.2 k=1.0 (mu_rec=1 mu_bwd=1) | grad=2.469 | tok/s=54,426 | tokens=0.00B
step=   120 | loss=8.5534 | lr=9.37e-05 | wd=0.0997 | mom=0.8897 | T=1.8 k=1.0 (mu_rec=1 mu_bwd=1) | grad=2.984 | tok/s=54,065 | tokens=0.00B
step=   130 | loss=8.3560 | lr=1.02e-04 | wd=0.0997 | mom=0.8930 | T=2.0 k=1.0 (mu_rec=1 mu_bwd=1) | grad=2.062 | tok/s=54,511 | tokens=0.00B
step=   140 | loss=8.2365 | lr=1.09e-04 | wd=0.0996 | mom=0.8963 | T=1.5 k=1.0 (mu_rec=1 mu_bwd=1) | grad=2.828 | tok/s=55,883 | tokens=0.00B
step=   150 | loss=8.2904 | lr=1.17e-04 | wd=0.0996 | mom=0.8997 | T=2.0 k=1.0 (mu_rec=1 mu_bwd=1) | grad=1.727 | tok/s=52,356 | tokens=0.00B
step=   160 | loss=7.8457 | lr=1.25e-04 | wd=0.0996 | mom=0.9030 | T=1.5 k=1.0 (mu_rec=1 mu_bwd=1) | grad=1.219 | tok/s=55,530 | tokens=0.01B
step=   170 | loss=7.7465 | lr=1.33e-04 | wd=0.0996 | mom=0.9063 | T=1.5 k=1.0 (mu_rec=1 mu_bwd=1) | grad=3.000 | tok/s=54,165 | tokens=0.01B
step=   180 | loss=7.6764 | lr=1.41e-04 | wd=0.0995 | mom=0.9097 | T=1.2 k=1.0 (mu_rec=1 mu_bwd=1) | grad=1.125 | tok/s=52,673 | tokens=0.01B
step=   190 | loss=7.6150 | lr=1.49e-04 | wd=0.0995 | mom=0.9130 | T=1.0 k=1.0 (mu_rec=1 mu_bwd=1) | grad=1.727 | tok/s=55,534 | tokens=0.01B
step=   200 | loss=7.4555 | lr=1.57e-04 | wd=0.0995 | mom=0.9163 | T=1.2 k=1.0 (mu_rec=1 mu_bwd=1) | grad=1.258 | tok/s=56,229 | tokens=0.01B
step=   210 | loss=7.4633 | lr=1.65e-04 | wd=0.0995 | mom=0.9197 | T=1.0 k=1.0 (mu_rec=1 mu_bwd=1) | grad=3.750 | tok/s=56,168 | tokens=0.01B
step=   220 | loss=7.3881 | lr=1.72e-04 | wd=0.0994 | mom=0.9230 | T=1.8 k=1.0 (mu_rec=1 mu_bwd=1) | grad=1.359 | tok/s=56,038 | tokens=0.01B
step=   230 | loss=7.3426 | lr=1.80e-04 | wd=0.0994 | mom=0.9263 | T=1.8 k=1.0 (mu_rec=1 mu_bwd=1) | grad=1.906 | tok/s=54,438 | tokens=0.01B
step=   240 | loss=7.2968 | lr=1.88e-04 | wd=0.0994 | mom=0.9297 | T=2.0 k=1.0 (mu_rec=1 mu_bwd=1) | grad=0.949 | tok/s=56,603 | tokens=0.01B
step=   250 | loss=7.1274 | lr=1.96e-04 | wd=0.0993 | mom=0.9330 | T=1.5 k=1.0 (mu_rec=1 mu_bwd=1) | grad=2.219 | tok/s=52,469 | tokens=0.01B
step=   260 | loss=6.9186 | lr=2.04e-04 | wd=0.0993 | mom=0.9363 | T=1.8 k=1.0 (mu_rec=1 mu_bwd=1) | grad=1.430 | tok/s=53,967 | tokens=0.01B
step=   270 | loss=7.0850 | lr=2.12e-04 | wd=0.0993 | mom=0.9397 | T=1.8 k=1.0 (mu_rec=1 mu_bwd=1) | grad=1.875 | tok/s=53,731 | tokens=0.01B
step=   280 | loss=7.0551 | lr=2.20e-04 | wd=0.0993 | mom=0.9430 | T=1.0 k=1.0 (mu_rec=1 mu_bwd=1) | grad=1.359 | tok/s=54,254 | tokens=0.01B
step=   290 | loss=7.0720 | lr=2.28e-04 | wd=0.0992 | mom=0.9463 | T=1.8 k=1.0 (mu_rec=1 mu_bwd=1) | grad=2.875 | tok/s=54,764 | tokens=0.01B
step=   300 | loss=6.9917 | lr=2.35e-04 | wd=0.0992 | mom=0.9497 | T=1.2 k=1.0 (mu_rec=1 mu_bwd=1) | grad=2.734 | tok/s=55,206 | tokens=0.01B
step=   310 | loss=6.7944 | lr=2.43e-04 | wd=0.0992 | mom=0.9500 | T=1.0 k=1.0 (mu_rec=1 mu_bwd=1) | grad=1.375 | tok/s=54,187 | tokens=0.01B
step=   320 | loss=6.2094 | lr=2.51e-04 | wd=0.0992 | mom=0.9500 | T=1.0 k=1.0 (mu_rec=1 mu_bwd=1) | grad=1.758 | tok/s=57,709 | tokens=0.01B
step=   330 | loss=6.6897 | lr=2.59e-04 | wd=0.0991 | mom=0.9500 | T=1.5 k=1.0 (mu_rec=1 mu_bwd=1) | grad=2.125 | tok/s=57,262 | tokens=0.01B
step=   340 | loss=6.6715 | lr=2.67e-04 | wd=0.0991 | mom=0.9500 | T=1.0 k=1.0 (mu_rec=1 mu_bwd=1) | grad=1.266 | tok/s=53,372 | tokens=0.01B
step=   350 | loss=6.7916 | lr=2.75e-04 | wd=0.0991 | mom=0.9500 | T=1.0 k=1.0 (mu_rec=1 mu_bwd=1) | grad=3.094 | tok/s=58,496 | tokens=0.01B
step=   360 | loss=6.7706 | lr=2.83e-04 | wd=0.0991 | mom=0.9500 | T=1.0 k=1.0 (mu_rec=1 mu_bwd=1) | grad=1.391 | tok/s=57,658 | tokens=0.01B
step=   370 | loss=6.8558 | lr=2.91e-04 | wd=0.0990 | mom=0.9500 | T=1.2 k=1.0 (mu_rec=1 mu_bwd=1) | grad=1.703 | tok/s=55,847 | tokens=0.01B
step=   380 | loss=6.7834 | lr=2.98e-04 | wd=0.0990 | mom=0.9500 | T=1.0 k=1.0 (mu_rec=1 mu_bwd=1) | grad=2.047 | tok/s=54,521 | tokens=0.01B
step=   390 | loss=7.0462 | lr=3.00e-04 | wd=0.0990 | mom=0.9500 | T=2.8 k=1.0 (mu_rec=1 mu_bwd=1) | grad=1.867 | tok/s=53,354 | tokens=0.01B
step=   400 | loss=6.5870 | lr=3.00e-04 | wd=0.0990 | mom=0.9500 | T=1.0 k=1.0 (mu_rec=1 mu_bwd=1) | grad=1.547 | tok/s=57,053 | tokens=0.01B
step=   410 | loss=6.6925 | lr=3.00e-04 | wd=0.0989 | mom=0.9500 | T=1.2 k=1.0 (mu_rec=1 mu_bwd=1) | grad=1.414 | tok/s=55,300 | tokens=0.01B
step=   420 | loss=6.5501 | lr=3.00e-04 | wd=0.0989 | mom=0.9500 | T=1.0 k=1.0 (mu_rec=1 mu_bwd=1) | grad=3.641 | tok/s=56,266 | tokens=0.01B
step=   430 | loss=6.5492 | lr=3.00e-04 | wd=0.0989 | mom=0.9500 | T=1.2 k=1.0 (mu_rec=1 mu_bwd=1) | grad=3.016 | tok/s=56,653 | tokens=0.01B
step=   440 | loss=6.4865 | lr=3.00e-04 | wd=0.0988 | mom=0.9500 | T=1.0 k=1.0 (mu_rec=1 mu_bwd=1) | grad=1.797 | tok/s=56,063 | tokens=0.01B
step=   450 | loss=6.4787 | lr=3.00e-04 | wd=0.0988 | mom=0.9500 | T=1.0 k=1.0 (mu_rec=1 mu_bwd=1) | grad=1.500 | tok/s=57,169 | tokens=0.01B
step=   460 | loss=6.5037 | lr=3.00e-04 | wd=0.0988 | mom=0.9500 | T=1.2 k=1.0 (mu_rec=1 mu_bwd=1) | grad=0.941 | tok/s=56,980 | tokens=0.02B
step=   470 | loss=6.6214 | lr=3.00e-04 | wd=0.0988 | mom=0.9500 | T=1.2 k=1.0 (mu_rec=1 mu_bwd=1) | grad=3.938 | tok/s=51,417 | tokens=0.02B
step=   480 | loss=6.3402 | lr=3.00e-04 | wd=0.0987 | mom=0.9500 | T=1.8 k=1.0 (mu_rec=1 mu_bwd=1) | grad=1.430 | tok/s=56,992 | tokens=0.02B
step=   490 | loss=6.5340 | lr=3.00e-04 | wd=0.0987 | mom=0.9500 | T=2.2 k=1.0 (mu_rec=1 mu_bwd=1) | grad=1.117 | tok/s=56,401 | tokens=0.02B
step=   500 | loss=6.3788 | lr=3.00e-04 | wd=0.0987 | mom=0.9500 | T=2.0 k=1.0 (mu_rec=1 mu_bwd=1) | grad=1.703 | tok/s=57,205 | tokens=0.02B
step=   510 | loss=6.1778 | lr=3.00e-04 | wd=0.0987 | mom=0.9500 | T=1.0 k=1.0 (mu_rec=1 mu_bwd=1) | grad=1.289 | tok/s=56,822 | tokens=0.02B
step=   520 | loss=6.7770 | lr=3.00e-04 | wd=0.0986 | mom=0.9500 | T=1.2 k=1.0 (mu_rec=1 mu_bwd=1) | grad=1.477 | tok/s=53,300 | tokens=0.02B
step=   530 | loss=6.8220 | lr=3.00e-04 | wd=0.0986 | mom=0.9500 | T=1.0 k=1.0 (mu_rec=1 mu_bwd=1) | grad=1.453 | tok/s=58,585 | tokens=0.02B
step=   540 | loss=6.2461 | lr=3.00e-04 | wd=0.0986 | mom=0.9500 | T=1.2 k=1.0 (mu_rec=1 mu_bwd=1) | grad=1.500 | tok/s=57,546 | tokens=0.02B
step=   550 | loss=6.0572 | lr=3.00e-04 | wd=0.0986 | mom=0.9500 | T=1.0 k=1.0 (mu_rec=1 mu_bwd=1) | grad=1.305 | tok/s=57,152 | tokens=0.02B
step=   560 | loss=6.0853 | lr=3.00e-04 | wd=0.0985 | mom=0.9500 | T=2.5 k=1.0 (mu_rec=1 mu_bwd=1) | grad=1.648 | tok/s=52,601 | tokens=0.02B
step=   570 | loss=6.2821 | lr=3.00e-04 | wd=0.0985 | mom=0.9500 | T=1.0 k=1.0 (mu_rec=1 mu_bwd=1) | grad=1.570 | tok/s=57,471 | tokens=0.02B
step=   580 | loss=6.3966 | lr=3.00e-04 | wd=0.0985 | mom=0.9500 | T=1.5 k=1.0 (mu_rec=1 mu_bwd=1) | grad=1.492 | tok/s=58,039 | tokens=0.02B
step=   590 | loss=6.6241 | lr=3.00e-04 | wd=0.0985 | mom=0.9500 | T=1.2 k=1.0 (mu_rec=1 mu_bwd=1) | grad=1.672 | tok/s=53,562 | tokens=0.02B
step=   600 | loss=6.3126 | lr=3.00e-04 | wd=0.0984 | mom=0.9500 | T=1.8 k=1.0 (mu_rec=1 mu_bwd=1) | grad=1.617 | tok/s=53,886 | tokens=0.02B
step=   610 | loss=6.4676 | lr=3.00e-04 | wd=0.0984 | mom=0.9500 | T=1.8 k=1.0 (mu_rec=1 mu_bwd=1) | grad=1.797 | tok/s=54,164 | tokens=0.02B
step=   620 | loss=6.1604 | lr=3.00e-04 | wd=0.0984 | mom=0.9500 | T=1.5 k=1.0 (mu_rec=1 mu_bwd=1) | grad=1.641 | tok/s=56,755 | tokens=0.02B
step=   630 | loss=6.2481 | lr=3.00e-04 | wd=0.0984 | mom=0.9500 | T=1.2 k=1.0 (mu_rec=1 mu_bwd=1) | grad=1.711 | tok/s=56,498 | tokens=0.02B
step=   640 | loss=6.2840 | lr=3.00e-04 | wd=0.0983 | mom=0.9500 | T=1.5 k=1.0 (mu_rec=1 mu_bwd=1) | grad=4.719 | tok/s=53,439 | tokens=0.02B
step=   650 | loss=6.2038 | lr=3.00e-04 | wd=0.0983 | mom=0.9500 | T=2.5 k=1.0 (mu_rec=1 mu_bwd=1) | grad=1.898 | tok/s=55,392 | tokens=0.02B
step=   660 | loss=6.3467 | lr=3.00e-04 | wd=0.0983 | mom=0.9500 | T=1.2 k=1.0 (mu_rec=1 mu_bwd=1) | grad=1.594 | tok/s=55,182 | tokens=0.02B
step=   670 | loss=6.1786 | lr=3.00e-04 | wd=0.0982 | mom=0.9500 | T=1.2 k=1.0 (mu_rec=1 mu_bwd=1) | grad=1.461 | tok/s=55,359 | tokens=0.02B
step=   680 | loss=6.3764 | lr=3.00e-04 | wd=0.0982 | mom=0.9500 | T=1.2 k=1.0 (mu_rec=1 mu_bwd=1) | grad=1.961 | tok/s=55,648 | tokens=0.02B
step=   690 | loss=6.3394 | lr=3.00e-04 | wd=0.0982 | mom=0.9500 | T=1.0 k=1.0 (mu_rec=1 mu_bwd=1) | grad=1.695 | tok/s=59,563 | tokens=0.02B
step=   700 | loss=6.1100 | lr=3.00e-04 | wd=0.0982 | mom=0.9500 | T=1.2 k=1.0 (mu_rec=1 mu_bwd=1) | grad=1.375 | tok/s=56,303 | tokens=0.02B
step=   710 | loss=6.2574 | lr=3.00e-04 | wd=0.0981 | mom=0.9500 | T=2.0 k=1.0 (mu_rec=1 mu_bwd=1) | grad=2.109 | tok/s=56,250 | tokens=0.02B
step=   720 | loss=6.1619 | lr=3.00e-04 | wd=0.0981 | mom=0.9500 | T=1.5 k=1.0 (mu_rec=1 mu_bwd=1) | grad=1.375 | tok/s=53,331 | tokens=0.02B
step=   730 | loss=6.1915 | lr=3.00e-04 | wd=0.0981 | mom=0.9500 | T=1.8 k=1.0 (mu_rec=1 mu_bwd=1) | grad=1.117 | tok/s=53,014 | tokens=0.02B
step=   740 | loss=6.1204 | lr=3.00e-04 | wd=0.0981 | mom=0.9500 | T=1.2 k=1.0 (mu_rec=1 mu_bwd=1) | grad=1.500 | tok/s=54,849 | tokens=0.02B
step=   750 | loss=6.1239 | lr=3.00e-04 | wd=0.0980 | mom=0.9500 | T=1.0 k=1.0 (mu_rec=1 mu_bwd=1) | grad=1.695 | tok/s=54,725 | tokens=0.02B
step=   760 | loss=6.0779 | lr=3.00e-04 | wd=0.0980 | mom=0.9500 | T=2.2 k=1.0 (mu_rec=1 mu_bwd=1) | grad=0.879 | tok/s=56,981 | tokens=0.02B
step=   770 | loss=6.1601 | lr=3.00e-04 | wd=0.0980 | mom=0.9500 | T=2.5 k=1.0 (mu_rec=1 mu_bwd=1) | grad=1.188 | tok/s=55,052 | tokens=0.03B
step=   780 | loss=6.2197 | lr=3.00e-04 | wd=0.0980 | mom=0.9500 | T=2.0 k=1.0 (mu_rec=1 mu_bwd=1) | grad=2.859 | tok/s=54,959 | tokens=0.03B
step=   790 | loss=5.9432 | lr=3.00e-04 | wd=0.0979 | mom=0.9500 | T=1.0 k=1.0 (mu_rec=1 mu_bwd=1) | grad=1.500 | tok/s=55,073 | tokens=0.03B
step=   800 | loss=6.3650 | lr=3.00e-04 | wd=0.0979 | mom=0.9500 | T=1.8 k=1.0 (mu_rec=1 mu_bwd=1) | grad=1.867 | tok/s=58,079 | tokens=0.03B
step=   810 | loss=6.1377 | lr=3.00e-04 | wd=0.0979 | mom=0.9500 | T=1.0 k=1.0 (mu_rec=1 mu_bwd=1) | grad=2.797 | tok/s=61,602 | tokens=0.03B
step=   820 | loss=6.2354 | lr=3.00e-04 | wd=0.0979 | mom=0.9500 | T=1.2 k=1.0 (mu_rec=1 mu_bwd=1) | grad=1.422 | tok/s=8,532 | tokens=0.03B
step=   830 | loss=6.0738 | lr=3.00e-04 | wd=0.0978 | mom=0.9500 | T=1.2 k=1.0 (mu_rec=1 mu_bwd=1) | grad=1.648 | tok/s=54,574 | tokens=0.03B
step=   840 | loss=6.1896 | lr=3.00e-04 | wd=0.0978 | mom=0.9500 | T=1.0 k=1.0 (mu_rec=1 mu_bwd=1) | grad=2.797 | tok/s=55,743 | tokens=0.03B
step=   850 | loss=6.0379 | lr=3.00e-04 | wd=0.0978 | mom=0.9500 | T=1.2 k=1.0 (mu_rec=1 mu_bwd=1) | grad=1.320 | tok/s=56,592 | tokens=0.03B
step=   860 | loss=6.0147 | lr=3.00e-04 | wd=0.0977 | mom=0.9500 | T=1.2 k=1.0 (mu_rec=1 mu_bwd=1) | grad=1.406 | tok/s=56,886 | tokens=0.03B
step=   870 | loss=6.0740 | lr=3.00e-04 | wd=0.0977 | mom=0.9500 | T=1.8 k=1.0 (mu_rec=1 mu_bwd=1) | grad=1.516 | tok/s=53,648 | tokens=0.03B
step=   880 | loss=6.2226 | lr=3.00e-04 | wd=0.0977 | mom=0.9500 | T=1.8 k=1.0 (mu_rec=1 mu_bwd=1) | grad=1.219 | tok/s=53,806 | tokens=0.03B
step=   890 | loss=6.0588 | lr=3.00e-04 | wd=0.0977 | mom=0.9500 | T=1.0 k=1.0 (mu_rec=1 mu_bwd=1) | grad=1.219 | tok/s=56,713 | tokens=0.03B
step=   900 | loss=6.0068 | lr=3.00e-04 | wd=0.0976 | mom=0.9500 | T=1.0 k=1.0 (mu_rec=1 mu_bwd=1) | grad=1.625 | tok/s=58,692 | tokens=0.03B
step=   910 | loss=5.9313 | lr=3.00e-04 | wd=0.0976 | mom=0.9500 | T=1.2 k=1.0 (mu_rec=1 mu_bwd=1) | grad=1.312 | tok/s=8,765 | tokens=0.03B
step=   920 | loss=5.9875 | lr=3.00e-04 | wd=0.0976 | mom=0.9500 | T=1.5 k=1.0 (mu_rec=1 mu_bwd=1) | grad=1.680 | tok/s=58,034 | tokens=0.03B
step=   930 | loss=6.0994 | lr=3.00e-04 | wd=0.0976 | mom=0.9500 | T=1.2 k=1.0 (mu_rec=1 mu_bwd=1) | grad=1.945 | tok/s=53,558 | tokens=0.03B
step=   940 | loss=6.1519 | lr=3.00e-04 | wd=0.0975 | mom=0.9500 | T=1.5 k=1.0 (mu_rec=1 mu_bwd=1) | grad=1.055 | tok/s=55,898 | tokens=0.03B
step=   950 | loss=6.0842 | lr=3.00e-04 | wd=0.0975 | mom=0.9500 | T=1.0 k=1.0 (mu_rec=1 mu_bwd=1) | grad=2.234 | tok/s=56,832 | tokens=0.03B
step=   960 | loss=6.0161 | lr=3.00e-04 | wd=0.0975 | mom=0.9500 | T=1.8 k=1.0 (mu_rec=1 mu_bwd=1) | grad=0.887 | tok/s=54,126 | tokens=0.03B
step=   970 | loss=6.0934 | lr=3.00e-04 | wd=0.0975 | mom=0.9500 | T=1.2 k=1.0 (mu_rec=1 mu_bwd=1) | grad=2.172 | tok/s=58,835 | tokens=0.03B
step=   980 | loss=5.9533 | lr=3.00e-04 | wd=0.0974 | mom=0.9500 | T=1.0 k=1.0 (mu_rec=1 mu_bwd=1) | grad=4.531 | tok/s=57,774 | tokens=0.03B
step=   990 | loss=6.0898 | lr=3.00e-04 | wd=0.0974 | mom=0.9500 | T=1.5 k=1.0 (mu_rec=1 mu_bwd=1) | grad=2.094 | tok/s=56,095 | tokens=0.03B
step=  1000 | loss=6.0010 | lr=3.00e-04 | wd=0.0974 | mom=0.9500 | T=1.5 k=1.0 (mu_rec=1 mu_bwd=1) | grad=1.445 | tok/s=51,618 | tokens=0.03B
step=  1010 | loss=5.7754 | lr=3.00e-04 | wd=0.0974 | mom=0.9500 | T=1.0 k=1.0 (mu_rec=1 mu_bwd=1) | grad=1.414 | tok/s=54,816 | tokens=0.03B
step=  1020 | loss=5.8449 | lr=3.00e-04 | wd=0.0973 | mom=0.9500 | T=1.2 k=1.0 (mu_rec=1 mu_bwd=1) | grad=1.562 | tok/s=52,112 | tokens=0.03B
step=  1030 | loss=6.0220 | lr=3.00e-04 | wd=0.0973 | mom=0.9500 | T=1.2 k=1.0 (mu_rec=1 mu_bwd=1) | grad=3.531 | tok/s=56,421 | tokens=0.03B
step=  1040 | loss=6.0416 | lr=3.00e-04 | wd=0.0973 | mom=0.9500 | T=1.2 k=1.0 (mu_rec=1 mu_bwd=1) | grad=1.469 | tok/s=57,290 | tokens=0.03B
step=  1050 | loss=5.9721 | lr=3.00e-04 | wd=0.0973 | mom=0.9500 | T=1.0 k=1.0 (mu_rec=1 mu_bwd=1) | grad=1.727 | tok/s=54,114 | tokens=0.03B
step=  1060 | loss=6.0897 | lr=3.00e-04 | wd=0.0972 | mom=0.9500 | T=1.0 k=1.0 (mu_rec=1 mu_bwd=1) | grad=2.031 | tok/s=57,318 | tokens=0.03B
step=  1070 | loss=5.9933 | lr=3.00e-04 | wd=0.0972 | mom=0.9500 | T=1.2 k=1.0 (mu_rec=1 mu_bwd=1) | grad=1.562 | tok/s=53,991 | tokens=0.04B
step=  1080 | loss=6.1339 | lr=3.00e-04 | wd=0.0972 | mom=0.9500 | T=1.5 k=1.0 (mu_rec=1 mu_bwd=1) | grad=1.430 | tok/s=53,875 | tokens=0.04B
step=  1090 | loss=6.2186 | lr=3.00e-04 | wd=0.0971 | mom=0.9500 | T=1.2 k=1.0 (mu_rec=1 mu_bwd=1) | grad=1.953 | tok/s=53,908 | tokens=0.04B
step=  1100 | loss=6.0163 | lr=3.00e-04 | wd=0.0971 | mom=0.9500 | T=1.5 k=1.0 (mu_rec=1 mu_bwd=1) | grad=2.000 | tok/s=55,172 | tokens=0.04B
step=  1110 | loss=5.9909 | lr=3.00e-04 | wd=0.0971 | mom=0.9500 | T=1.0 k=1.0 (mu_rec=1 mu_bwd=1) | grad=4.062 | tok/s=58,515 | tokens=0.04B
step=  1120 | loss=6.0415 | lr=3.00e-04 | wd=0.0971 | mom=0.9500 | T=2.2 k=1.0 (mu_rec=1 mu_bwd=1) | grad=0.879 | tok/s=53,524 | tokens=0.04B
step=  1130 | loss=6.0408 | lr=3.00e-04 | wd=0.0970 | mom=0.9500 | T=1.2 k=1.0 (mu_rec=1 mu_bwd=1) | grad=1.203 | tok/s=55,462 | tokens=0.04B
step=  1140 | loss=5.8917 | lr=3.00e-04 | wd=0.0970 | mom=0.9500 | T=1.0 k=1.0 (mu_rec=1 mu_bwd=1) | grad=1.680 | tok/s=57,891 | tokens=0.04B
step=  1150 | loss=6.2095 | lr=3.00e-04 | wd=0.0970 | mom=0.9500 | T=1.0 k=1.0 (mu_rec=1 mu_bwd=1) | grad=14.188 | tok/s=54,464 | tokens=0.04B
step=  1160 | loss=6.2127 | lr=3.00e-04 | wd=0.0970 | mom=0.9500 | T=1.2 k=1.0 (mu_rec=1 mu_bwd=1) | grad=1.484 | tok/s=55,620 | tokens=0.04B
step=  1170 | loss=5.9942 | lr=3.00e-04 | wd=0.0969 | mom=0.9500 | T=1.2 k=1.0 (mu_rec=1 mu_bwd=1) | grad=1.758 | tok/s=54,866 | tokens=0.04B
step=  1180 | loss=5.6388 | lr=3.00e-04 | wd=0.0969 | mom=0.9500 | T=1.5 k=1.0 (mu_rec=1 mu_bwd=1) | grad=1.547 | tok/s=58,789 | tokens=0.04B
step=  1190 | loss=5.8202 | lr=3.00e-04 | wd=0.0969 | mom=0.9500 | T=1.8 k=1.0 (mu_rec=1 mu_bwd=1) | grad=1.430 | tok/s=56,998 | tokens=0.04B
step=  1200 | loss=6.0622 | lr=3.00e-04 | wd=0.0969 | mom=0.9500 | T=1.5 k=1.0 (mu_rec=1 mu_bwd=1) | grad=1.672 | tok/s=56,919 | tokens=0.04B
step=  1210 | loss=5.8480 | lr=3.00e-04 | wd=0.0968 | mom=0.9500 | T=1.5 k=1.0 (mu_rec=1 mu_bwd=1) | grad=1.289 | tok/s=53,544 | tokens=0.04B
step=  1220 | loss=6.1074 | lr=3.00e-04 | wd=0.0968 | mom=0.9500 | T=1.5 k=1.0 (mu_rec=1 mu_bwd=1) | grad=1.555 | tok/s=54,669 | tokens=0.04B
step=  1230 | loss=5.9905 | lr=3.00e-04 | wd=0.0968 | mom=0.9500 | T=1.2 k=1.0 (mu_rec=1 mu_bwd=1) | grad=1.258 | tok/s=54,904 | tokens=0.04B
step=  1240 | loss=5.9234 | lr=3.00e-04 | wd=0.0968 | mom=0.9500 | T=1.0 k=1.0 (mu_rec=1 mu_bwd=1) | grad=3.438 | tok/s=56,816 | tokens=0.04B
step=  1250 | loss=5.9578 | lr=3.00e-04 | wd=0.0967 | mom=0.9500 | T=1.5 k=1.0 (mu_rec=1 mu_bwd=1) | grad=1.672 | tok/s=52,966 | tokens=0.04B
step=  1260 | loss=5.9663 | lr=3.00e-04 | wd=0.0967 | mom=0.9500 | T=1.5 k=1.0 (mu_rec=1 mu_bwd=1) | grad=1.781 | tok/s=56,599 | tokens=0.04B
step=  1270 | loss=7.0542 | lr=3.00e-04 | wd=0.0967 | mom=0.9500 | T=1.5 k=1.0 (mu_rec=1 mu_bwd=1) | grad=2.047 | tok/s=58,525 | tokens=0.04B
step=  1280 | loss=6.6463 | lr=3.00e-04 | wd=0.0966 | mom=0.9500 | T=1.5 k=1.0 (mu_rec=1 mu_bwd=1) | grad=2.031 | tok/s=55,755 | tokens=0.04B
step=  1290 | loss=5.7853 | lr=3.00e-04 | wd=0.0966 | mom=0.9500 | T=1.0 k=1.0 (mu_rec=1 mu_bwd=1) | grad=1.875 | tok/s=55,328 | tokens=0.04B
step=  1300 | loss=6.1148 | lr=3.00e-04 | wd=0.0966 | mom=0.9500 | T=1.0 k=1.0 (mu_rec=1 mu_bwd=1) | grad=1.797 | tok/s=55,575 | tokens=0.04B
step=  1310 | loss=5.8807 | lr=3.00e-04 | wd=0.0966 | mom=0.9500 | T=1.0 k=1.0 (mu_rec=1 mu_bwd=1) | grad=1.898 | tok/s=60,679 | tokens=0.04B
step=  1320 | loss=5.9332 | lr=3.00e-04 | wd=0.0965 | mom=0.9500 | T=1.2 k=1.0 (mu_rec=1 mu_bwd=1) | grad=3.188 | tok/s=57,835 | tokens=0.04B
step=  1330 | loss=5.8314 | lr=3.00e-04 | wd=0.0965 | mom=0.9500 | T=1.0 k=1.0 (mu_rec=1 mu_bwd=1) | grad=5.875 | tok/s=55,688 | tokens=0.04B
step=  1340 | loss=5.8252 | lr=3.00e-04 | wd=0.0965 | mom=0.9500 | T=1.2 k=1.0 (mu_rec=1 mu_bwd=1) | grad=3.422 | tok/s=53,988 | tokens=0.04B
step=  1350 | loss=5.8576 | lr=3.00e-04 | wd=0.0965 | mom=0.9500 | T=1.5 k=1.0 (mu_rec=1 mu_bwd=1) | grad=1.125 | tok/s=56,495 | tokens=0.04B
step=  1360 | loss=6.0266 | lr=3.00e-04 | wd=0.0964 | mom=0.9500 | T=1.5 k=1.0 (mu_rec=1 mu_bwd=1) | grad=3.188 | tok/s=56,719 | tokens=0.04B
step=  1370 | loss=5.9993 | lr=3.00e-04 | wd=0.0964 | mom=0.9500 | T=1.0 k=1.0 (mu_rec=1 mu_bwd=1) | grad=1.531 | tok/s=55,461 | tokens=0.04B
step=  1380 | loss=6.0678 | lr=3.00e-04 | wd=0.0964 | mom=0.9500 | T=1.0 k=1.0 (mu_rec=1 mu_bwd=1) | grad=1.117 | tok/s=55,447 | tokens=0.05B
step=  1390 | loss=6.0176 | lr=3.00e-04 | wd=0.0964 | mom=0.9500 | T=1.0 k=1.0 (mu_rec=1 mu_bwd=1) | grad=1.609 | tok/s=56,709 | tokens=0.05B
step=  1400 | loss=5.9496 | lr=3.00e-04 | wd=0.0963 | mom=0.9500 | T=1.0 k=1.0 (mu_rec=1 mu_bwd=1) | grad=1.812 | tok/s=58,174 | tokens=0.05B
step=  1410 | loss=5.7445 | lr=3.00e-04 | wd=0.0963 | mom=0.9500 | T=1.0 k=1.0 (mu_rec=1 mu_bwd=1) | grad=6.031 | tok/s=58,654 | tokens=0.05B
step=  1420 | loss=5.8564 | lr=3.00e-04 | wd=0.0963 | mom=0.9500 | T=2.2 k=1.0 (mu_rec=1 mu_bwd=1) | grad=1.570 | tok/s=57,702 | tokens=0.05B
step=  1430 | loss=5.7152 | lr=3.00e-04 | wd=0.0963 | mom=0.9500 | T=1.0 k=1.0 (mu_rec=1 mu_bwd=1) | grad=5.562 | tok/s=53,823 | tokens=0.05B
step=  1440 | loss=5.4494 | lr=3.00e-04 | wd=0.0962 | mom=0.9500 | T=2.5 k=1.0 (mu_rec=1 mu_bwd=1) | grad=1.867 | tok/s=53,753 | tokens=0.05B
step=  1450 | loss=6.1191 | lr=3.00e-04 | wd=0.0962 | mom=0.9500 | T=1.5 k=1.0 (mu_rec=1 mu_bwd=1) | grad=3.250 | tok/s=54,505 | tokens=0.05B
step=  1460 | loss=5.8899 | lr=3.00e-04 | wd=0.0962 | mom=0.9500 | T=1.5 k=1.0 (mu_rec=1 mu_bwd=1) | grad=3.062 | tok/s=55,620 | tokens=0.05B
step=  1470 | loss=5.9301 | lr=3.00e-04 | wd=0.0961 | mom=0.9500 | T=1.5 k=1.0 (mu_rec=1 mu_bwd=1) | grad=4.312 | tok/s=56,075 | tokens=0.05B
step=  1480 | loss=5.8024 | lr=3.00e-04 | wd=0.0961 | mom=0.9500 | T=1.0 k=1.0 (mu_rec=1 mu_bwd=1) | grad=2.250 | tok/s=59,663 | tokens=0.05B
step=  1490 | loss=6.0721 | lr=3.00e-04 | wd=0.0961 | mom=0.9500 | T=1.0 k=1.0 (mu_rec=1 mu_bwd=1) | grad=1.969 | tok/s=54,746 | tokens=0.05B
step=  1500 | loss=5.7890 | lr=3.00e-04 | wd=0.0961 | mom=0.9500 | T=2.5 k=1.0 (mu_rec=1 mu_bwd=1) | grad=1.148 | tok/s=54,527 | tokens=0.05B
step=  1510 | loss=5.8717 | lr=3.00e-04 | wd=0.0960 | mom=0.9500 | T=1.5 k=1.0 (mu_rec=1 mu_bwd=1) | grad=1.977 | tok/s=55,714 | tokens=0.05B
step=  1520 | loss=6.6250 | lr=3.00e-04 | wd=0.0960 | mom=0.9500 | T=1.0 k=1.0 (mu_rec=1 mu_bwd=1) | grad=1.180 | tok/s=53,720 | tokens=0.05B
step=  1530 | loss=5.8851 | lr=3.00e-04 | wd=0.0960 | mom=0.9500 | T=1.8 k=1.0 (mu_rec=1 mu_bwd=1) | grad=1.641 | tok/s=58,232 | tokens=0.05B
step=  1540 | loss=5.4778 | lr=3.00e-04 | wd=0.0960 | mom=0.9500 | T=1.8 k=1.0 (mu_rec=1 mu_bwd=1) | grad=1.180 | tok/s=56,992 | tokens=0.05B
step=  1550 | loss=5.4895 | lr=3.00e-04 | wd=0.0959 | mom=0.9500 | T=1.5 k=1.0 (mu_rec=1 mu_bwd=1) | grad=1.422 | tok/s=52,244 | tokens=0.05B
step=  1560 | loss=5.8864 | lr=3.00e-04 | wd=0.0959 | mom=0.9500 | T=1.5 k=1.0 (mu_rec=1 mu_bwd=1) | grad=1.367 | tok/s=55,792 | tokens=0.05B
step=  1570 | loss=5.9900 | lr=3.00e-04 | wd=0.0959 | mom=0.9500 | T=1.0 k=1.0 (mu_rec=1 mu_bwd=1) | grad=1.867 | tok/s=53,793 | tokens=0.05B
step=  1580 | loss=5.8105 | lr=3.00e-04 | wd=0.0959 | mom=0.9500 | T=1.0 k=1.0 (mu_rec=1 mu_bwd=1) | grad=1.523 | tok/s=56,526 | tokens=0.05B
step=  1590 | loss=5.7909 | lr=3.00e-04 | wd=0.0958 | mom=0.9500 | T=1.2 k=1.0 (mu_rec=1 mu_bwd=1) | grad=1.430 | tok/s=52,323 | tokens=0.05B
step=  1600 | loss=5.8848 | lr=3.00e-04 | wd=0.0958 | mom=0.9500 | T=1.2 k=1.0 (mu_rec=1 mu_bwd=1) | grad=1.133 | tok/s=58,248 | tokens=0.05B
step=  1610 | loss=5.6604 | lr=3.00e-04 | wd=0.0958 | mom=0.9500 | T=1.5 k=1.0 (mu_rec=1 mu_bwd=1) | grad=1.125 | tok/s=55,014 | tokens=0.05B
step=  1620 | loss=5.8564 | lr=3.00e-04 | wd=0.0958 | mom=0.9500 | T=1.2 k=1.0 (mu_rec=1 mu_bwd=1) | grad=2.219 | tok/s=56,310 | tokens=0.05B
step=  1630 | loss=5.7281 | lr=3.00e-04 | wd=0.0957 | mom=0.9500 | T=1.2 k=1.0 (mu_rec=1 mu_bwd=1) | grad=1.469 | tok/s=53,617 | tokens=0.05B
step=  1640 | loss=5.7241 | lr=3.00e-04 | wd=0.0957 | mom=0.9500 | T=1.0 k=1.0 (mu_rec=1 mu_bwd=1) | grad=1.648 | tok/s=56,810 | tokens=0.05B
step=  1650 | loss=6.0731 | lr=3.00e-04 | wd=0.0957 | mom=0.9500 | T=1.0 k=1.0 (mu_rec=1 mu_bwd=1) | grad=12.625 | tok/s=56,395 | tokens=0.05B
step=  1660 | loss=5.5955 | lr=3.00e-04 | wd=0.0957 | mom=0.9500 | T=1.5 k=1.0 (mu_rec=1 mu_bwd=1) | grad=1.125 | tok/s=58,668 | tokens=0.05B
step=  1670 | loss=5.9623 | lr=3.00e-04 | wd=0.0956 | mom=0.9500 | T=1.5 k=1.0 (mu_rec=1 mu_bwd=1) | grad=1.445 | tok/s=54,938 | tokens=0.05B
step=  1680 | loss=5.9260 | lr=3.00e-04 | wd=0.0956 | mom=0.9500 | T=1.0 k=1.0 (mu_rec=1 mu_bwd=1) | grad=2.531 | tok/s=59,074 | tokens=0.06B
step=  1690 | loss=5.8140 | lr=3.00e-04 | wd=0.0956 | mom=0.9500 | T=1.2 k=1.0 (mu_rec=1 mu_bwd=1) | grad=1.766 | tok/s=53,224 | tokens=0.06B
step=  1700 | loss=5.8283 | lr=3.00e-04 | wd=0.0955 | mom=0.9500 | T=1.2 k=1.0 (mu_rec=1 mu_bwd=1) | grad=1.797 | tok/s=8,740 | tokens=0.06B
step=  1710 | loss=5.8366 | lr=3.00e-04 | wd=0.0955 | mom=0.9500 | T=1.5 k=1.0 (mu_rec=1 mu_bwd=1) | grad=1.133 | tok/s=56,934 | tokens=0.06B
step=  1720 | loss=5.7362 | lr=3.00e-04 | wd=0.0955 | mom=0.9500 | T=1.8 k=1.0 (mu_rec=1 mu_bwd=1) | grad=1.414 | tok/s=54,504 | tokens=0.06B
step=  1730 | loss=5.8973 | lr=3.00e-04 | wd=0.0955 | mom=0.9500 | T=1.0 k=1.0 (mu_rec=1 mu_bwd=1) | grad=5.438 | tok/s=55,891 | tokens=0.06B
step=  1740 | loss=5.7243 | lr=3.00e-04 | wd=0.0954 | mom=0.9500 | T=1.2 k=1.0 (mu_rec=1 mu_bwd=1) | grad=2.688 | tok/s=58,220 | tokens=0.06B
step=  1750 | loss=5.8884 | lr=3.00e-04 | wd=0.0954 | mom=0.9500 | T=2.5 k=1.0 (mu_rec=1 mu_bwd=1) | grad=0.898 | tok/s=8,979 | tokens=0.06B
step=  1760 | loss=6.0863 | lr=3.00e-04 | wd=0.0954 | mom=0.9500 | T=1.0 k=1.0 (mu_rec=1 mu_bwd=1) | grad=2.328 | tok/s=56,176 | tokens=0.06B
step=  1770 | loss=5.8057 | lr=3.00e-04 | wd=0.0954 | mom=0.9500 | T=1.5 k=1.0 (mu_rec=1 mu_bwd=1) | grad=1.133 | tok/s=58,319 | tokens=0.06B
step=  1780 | loss=5.8963 | lr=3.00e-04 | wd=0.0953 | mom=0.9500 | T=1.0 k=1.0 (mu_rec=1 mu_bwd=1) | grad=1.250 | tok/s=53,321 | tokens=0.06B
step=  1790 | loss=5.7784 | lr=3.00e-04 | wd=0.0953 | mom=0.9500 | T=1.2 k=1.0 (mu_rec=1 mu_bwd=1) | grad=1.398 | tok/s=55,832 | tokens=0.06B
step=  1800 | loss=5.8674 | lr=3.00e-04 | wd=0.0953 | mom=0.9500 | T=1.0 k=1.0 (mu_rec=1 mu_bwd=1) | grad=1.430 | tok/s=56,860 | tokens=0.06B
step=  1810 | loss=5.8278 | lr=3.00e-04 | wd=0.0953 | mom=0.9500 | T=1.5 k=1.0 (mu_rec=1 mu_bwd=1) | grad=1.523 | tok/s=54,709 | tokens=0.06B
step=  1820 | loss=5.7773 | lr=3.00e-04 | wd=0.0952 | mom=0.9500 | T=1.8 k=1.0 (mu_rec=1 mu_bwd=1) | grad=1.641 | tok/s=55,100 | tokens=0.06B
step=  1830 | loss=5.7860 | lr=3.00e-04 | wd=0.0952 | mom=0.9500 | T=2.8 k=1.0 (mu_rec=1 mu_bwd=1) | grad=1.273 | tok/s=56,606 | tokens=0.06B
step=  1840 | loss=6.0441 | lr=3.00e-04 | wd=0.0952 | mom=0.9500 | T=2.2 k=1.0 (mu_rec=1 mu_bwd=1) | grad=2.078 | tok/s=53,388 | tokens=0.06B
step=  1850 | loss=5.7998 | lr=3.00e-04 | wd=0.0952 | mom=0.9500 | T=1.0 k=1.0 (mu_rec=1 mu_bwd=1) | grad=1.586 | tok/s=56,210 | tokens=0.06B
step=  1860 | loss=5.8143 | lr=3.00e-04 | wd=0.0951 | mom=0.9500 | T=1.8 k=1.0 (mu_rec=1 mu_bwd=1) | grad=2.719 | tok/s=54,946 | tokens=0.06B
step=  1870 | loss=5.8664 | lr=3.00e-04 | wd=0.0951 | mom=0.9500 | T=1.8 k=1.0 (mu_rec=1 mu_bwd=1) | grad=1.273 | tok/s=55,369 | tokens=0.06B
step=  1880 | loss=6.1331 | lr=3.00e-04 | wd=0.0951 | mom=0.9500 | T=1.0 k=1.0 (mu_rec=1 mu_bwd=1) | grad=8.125 | tok/s=57,312 | tokens=0.06B
step=  1890 | loss=5.4793 | lr=3.00e-04 | wd=0.0950 | mom=0.9500 | T=1.0 k=1.0 (mu_rec=1 mu_bwd=1) | grad=5.062 | tok/s=55,115 | tokens=0.06B
step=  1900 | loss=5.0661 | lr=3.00e-04 | wd=0.0950 | mom=0.9500 | T=1.0 k=1.0 (mu_rec=1 mu_bwd=1) | grad=5.094 | tok/s=55,925 | tokens=0.06B
step=  1910 | loss=5.4708 | lr=3.00e-04 | wd=0.0950 | mom=0.9500 | T=1.8 k=1.0 (mu_rec=1 mu_bwd=1) | grad=1.281 | tok/s=54,317 | tokens=0.06B
step=  1920 | loss=5.7791 | lr=3.00e-04 | wd=0.0950 | mom=0.9500 | T=1.0 k=1.0 (mu_rec=1 mu_bwd=1) | grad=1.609 | tok/s=61,294 | tokens=0.06B
step=  1930 | loss=5.7758 | lr=3.00e-04 | wd=0.0949 | mom=0.9500 | T=1.2 k=1.0 (mu_rec=1 mu_bwd=1) | grad=1.289 | tok/s=57,446 | tokens=0.06B
step=  1940 | loss=5.7910 | lr=3.00e-04 | wd=0.0949 | mom=0.9500 | T=1.8 k=1.0 (mu_rec=1 mu_bwd=1) | grad=2.266 | tok/s=58,168 | tokens=0.06B
step=  1950 | loss=5.8479 | lr=3.00e-04 | wd=0.0949 | mom=0.9500 | T=1.2 k=1.0 (mu_rec=1 mu_bwd=1) | grad=2.672 | tok/s=57,159 | tokens=0.06B
step=  1960 | loss=5.6183 | lr=3.00e-04 | wd=0.0949 | mom=0.9500 | T=1.2 k=1.0 (mu_rec=1 mu_bwd=1) | grad=1.297 | tok/s=55,169 | tokens=0.06B
step=  1970 | loss=5.7724 | lr=3.00e-04 | wd=0.0948 | mom=0.9500 | T=2.8 k=1.0 (mu_rec=1 mu_bwd=1) | grad=2.203 | tok/s=52,633 | tokens=0.06B
step=  1980 | loss=5.7237 | lr=3.00e-04 | wd=0.0948 | mom=0.9500 | T=1.2 k=1.0 (mu_rec=1 mu_bwd=1) | grad=4.906 | tok/s=57,465 | tokens=0.06B
step=  1990 | loss=5.7008 | lr=3.00e-04 | wd=0.0948 | mom=0.9500 | T=1.0 k=1.0 (mu_rec=1 mu_bwd=1) | grad=2.438 | tok/s=58,893 | tokens=0.07B
step=  2000 | loss=5.9524 | lr=3.00e-04 | wd=0.0948 | mom=0.9500 | T=1.2 k=1.0 (mu_rec=1 mu_bwd=1) | grad=1.625 | tok/s=56,556 | tokens=0.07B
step=  2010 | loss=5.9672 | lr=3.00e-04 | wd=0.0947 | mom=0.9500 | T=2.2 k=1.0 (mu_rec=1 mu_bwd=1) | grad=1.164 | tok/s=57,646 | tokens=0.07B
step=  2020 | loss=5.8175 | lr=3.00e-04 | wd=0.0947 | mom=0.9500 | T=1.2 k=1.0 (mu_rec=1 mu_bwd=1) | grad=2.734 | tok/s=56,349 | tokens=0.07B
step=  2030 | loss=6.2239 | lr=3.00e-04 | wd=0.0947 | mom=0.9500 | T=1.5 k=1.0 (mu_rec=1 mu_bwd=1) | grad=1.305 | tok/s=57,239 | tokens=0.07B
step=  2040 | loss=5.7588 | lr=3.00e-04 | wd=0.0947 | mom=0.9500 | T=1.0 k=1.0 (mu_rec=1 mu_bwd=1) | grad=1.906 | tok/s=54,377 | tokens=0.07B
step=  2050 | loss=5.7822 | lr=3.00e-04 | wd=0.0946 | mom=0.9500 | T=1.2 k=1.0 (mu_rec=1 mu_bwd=1) | grad=1.305 | tok/s=55,494 | tokens=0.07B
step=  2060 | loss=5.9166 | lr=3.00e-04 | wd=0.0946 | mom=0.9500 | T=1.2 k=1.0 (mu_rec=1 mu_bwd=1) | grad=1.305 | tok/s=55,345 | tokens=0.07B
step=  2070 | loss=5.9116 | lr=3.00e-04 | wd=0.0946 | mom=0.9500 | T=1.8 k=1.0 (mu_rec=1 mu_bwd=1) | grad=2.672 | tok/s=56,135 | tokens=0.07B
step=  2080 | loss=5.8777 | lr=3.00e-04 | wd=0.0945 | mom=0.9500 | T=2.0 k=1.0 (mu_rec=1 mu_bwd=1) | grad=1.727 | tok/s=56,445 | tokens=0.07B
step=  2090 | loss=5.8191 | lr=3.00e-04 | wd=0.0945 | mom=0.9500 | T=1.0 k=1.0 (mu_rec=1 mu_bwd=1) | grad=1.633 | tok/s=57,273 | tokens=0.07B
step=  2100 | loss=5.8778 | lr=3.00e-04 | wd=0.0945 | mom=0.9500 | T=1.0 k=1.0 (mu_rec=1 mu_bwd=1) | grad=1.477 | tok/s=56,727 | tokens=0.07B
step=  2110 | loss=5.7592 | lr=3.00e-04 | wd=0.0945 | mom=0.9500 | T=2.2 k=1.0 (mu_rec=1 mu_bwd=1) | grad=1.023 | tok/s=53,908 | tokens=0.07B
step=  2120 | loss=5.7529 | lr=3.00e-04 | wd=0.0944 | mom=0.9500 | T=1.2 k=1.0 (mu_rec=1 mu_bwd=1) | grad=1.406 | tok/s=56,291 | tokens=0.07B
step=  2130 | loss=5.7432 | lr=3.00e-04 | wd=0.0944 | mom=0.9500 | T=1.2 k=1.0 (mu_rec=1 mu_bwd=1) | grad=1.492 | tok/s=54,951 | tokens=0.07B
step=  2140 | loss=5.7455 | lr=3.00e-04 | wd=0.0944 | mom=0.9500 | T=1.5 k=1.0 (mu_rec=1 mu_bwd=1) | grad=1.719 | tok/s=55,139 | tokens=0.07B
step=  2150 | loss=5.7596 | lr=3.00e-04 | wd=0.0944 | mom=0.9500 | T=2.0 k=1.0 (mu_rec=1 mu_bwd=1) | grad=2.672 | tok/s=54,852 | tokens=0.07B
step=  2160 | loss=5.9230 | lr=3.00e-04 | wd=0.0943 | mom=0.9500 | T=1.5 k=1.0 (mu_rec=1 mu_bwd=1) | grad=1.180 | tok/s=56,125 | tokens=0.07B
step=  2170 | loss=5.8032 | lr=3.00e-04 | wd=0.0943 | mom=0.9500 | T=1.0 k=1.0 (mu_rec=1 mu_bwd=1) | grad=3.406 | tok/s=53,933 | tokens=0.07B
step=  2180 | loss=5.8548 | lr=3.00e-04 | wd=0.0943 | mom=0.9500 | T=1.0 k=1.0 (mu_rec=1 mu_bwd=1) | grad=1.391 | tok/s=56,163 | tokens=0.07B
step=  2190 | loss=5.8070 | lr=3.00e-04 | wd=0.0943 | mom=0.9500 | T=1.0 k=1.0 (mu_rec=1 mu_bwd=1) | grad=2.141 | tok/s=55,021 | tokens=0.07B
step=  2200 | loss=5.7202 | lr=3.00e-04 | wd=0.0942 | mom=0.9500 | T=1.0 k=1.0 (mu_rec=1 mu_bwd=1) | grad=1.438 | tok/s=56,730 | tokens=0.07B
step=  2210 | loss=5.9910 | lr=3.00e-04 | wd=0.0942 | mom=0.9500 | T=1.2 k=1.0 (mu_rec=1 mu_bwd=1) | grad=1.430 | tok/s=56,356 | tokens=0.07B
step=  2220 | loss=5.4489 | lr=3.00e-04 | wd=0.0942 | mom=0.9500 | T=1.0 k=1.0 (mu_rec=1 mu_bwd=1) | grad=1.328 | tok/s=54,195 | tokens=0.07B
step=  2230 | loss=5.7303 | lr=3.00e-04 | wd=0.0942 | mom=0.9500 | T=1.5 k=1.0 (mu_rec=1 mu_bwd=1) | grad=1.555 | tok/s=53,344 | tokens=0.07B
step=  2240 | loss=5.6682 | lr=3.00e-04 | wd=0.0941 | mom=0.9500 | T=2.2 k=1.0 (mu_rec=1 mu_bwd=1) | grad=1.188 | tok/s=56,478 | tokens=0.07B
step=  2250 | loss=5.7185 | lr=3.00e-04 | wd=0.0941 | mom=0.9500 | T=1.0 k=1.0 (mu_rec=1 mu_bwd=1) | grad=1.383 | tok/s=57,197 | tokens=0.07B
step=  2260 | loss=5.7295 | lr=3.00e-04 | wd=0.0941 | mom=0.9500 | T=1.0 k=1.0 (mu_rec=1 mu_bwd=1) | grad=1.586 | tok/s=57,627 | tokens=0.07B
step=  2270 | loss=5.6642 | lr=3.00e-04 | wd=0.0941 | mom=0.9500 | T=1.2 k=1.0 (mu_rec=1 mu_bwd=1) | grad=1.953 | tok/s=54,819 | tokens=0.07B
step=  2280 | loss=5.8535 | lr=3.00e-04 | wd=0.0940 | mom=0.9500 | T=1.2 k=1.0 (mu_rec=1 mu_bwd=1) | grad=2.359 | tok/s=55,533 | tokens=0.07B
step=  2290 | loss=5.8903 | lr=3.00e-04 | wd=0.0940 | mom=0.9500 | T=1.0 k=1.0 (mu_rec=1 mu_bwd=1) | grad=2.125 | tok/s=55,774 | tokens=0.08B
step=  2300 | loss=5.8305 | lr=3.00e-04 | wd=0.0940 | mom=0.9500 | T=2.2 k=1.0 (mu_rec=1 mu_bwd=1) | grad=1.258 | tok/s=55,848 | tokens=0.08B
step=  2310 | loss=5.7774 | lr=3.00e-04 | wd=0.0939 | mom=0.9500 | T=1.5 k=1.0 (mu_rec=1 mu_bwd=1) | grad=1.812 | tok/s=56,629 | tokens=0.08B
step=  2320 | loss=5.6989 | lr=3.00e-04 | wd=0.0939 | mom=0.9500 | T=1.8 k=1.0 (mu_rec=1 mu_bwd=1) | grad=1.164 | tok/s=53,921 | tokens=0.08B
step=  2330 | loss=5.7092 | lr=3.00e-04 | wd=0.0939 | mom=0.9500 | T=1.5 k=1.0 (mu_rec=1 mu_bwd=1) | grad=1.984 | tok/s=54,443 | tokens=0.08B
step=  2340 | loss=5.8856 | lr=3.00e-04 | wd=0.0939 | mom=0.9500 | T=1.0 k=1.0 (mu_rec=1 mu_bwd=1) | grad=1.703 | tok/s=55,049 | tokens=0.08B
step=  2350 | loss=5.7149 | lr=3.00e-04 | wd=0.0938 | mom=0.9500 | T=2.0 k=1.0 (mu_rec=1 mu_bwd=1) | grad=1.250 | tok/s=54,760 | tokens=0.08B
step=  2360 | loss=5.7165 | lr=3.00e-04 | wd=0.0938 | mom=0.9500 | T=1.0 k=1.0 (mu_rec=1 mu_bwd=1) | grad=1.984 | tok/s=58,425 | tokens=0.08B
step=  2370 | loss=5.7280 | lr=3.00e-04 | wd=0.0938 | mom=0.9500 | T=2.5 k=1.0 (mu_rec=1 mu_bwd=1) | grad=0.992 | tok/s=53,911 | tokens=0.08B
step=  2380 | loss=5.7225 | lr=3.00e-04 | wd=0.0938 | mom=0.9500 | T=1.0 k=1.0 (mu_rec=1 mu_bwd=1) | grad=4.031 | tok/s=57,597 | tokens=0.08B
step=  2390 | loss=5.4559 | lr=3.00e-04 | wd=0.0937 | mom=0.9500 | T=1.5 k=1.0 (mu_rec=1 mu_bwd=1) | grad=1.773 | tok/s=55,071 | tokens=0.08B
step=  2400 | loss=5.7371 | lr=3.00e-04 | wd=0.0937 | mom=0.9500 | T=1.0 k=1.0 (mu_rec=1 mu_bwd=1) | grad=1.898 | tok/s=53,446 | tokens=0.08B
step=  2410 | loss=5.4978 | lr=3.00e-04 | wd=0.0937 | mom=0.9500 | T=2.0 k=1.0 (mu_rec=1 mu_bwd=1) | grad=1.148 | tok/s=58,159 | tokens=0.08B
step=  2420 | loss=5.8303 | lr=3.00e-04 | wd=0.0937 | mom=0.9500 | T=2.5 k=1.0 (mu_rec=1 mu_bwd=1) | grad=1.102 | tok/s=56,204 | tokens=0.08B
step=  2430 | loss=5.7228 | lr=3.00e-04 | wd=0.0936 | mom=0.9500 | T=1.5 k=1.0 (mu_rec=1 mu_bwd=1) | grad=1.617 | tok/s=59,468 | tokens=0.08B
step=  2440 | loss=5.8735 | lr=3.00e-04 | wd=0.0936 | mom=0.9500 | T=1.0 k=1.0 (mu_rec=1 mu_bwd=1) | grad=1.344 | tok/s=54,930 | tokens=0.08B
step=  2450 | loss=5.7619 | lr=3.00e-04 | wd=0.0936 | mom=0.9500 | T=1.2 k=1.0 (mu_rec=1 mu_bwd=1) | grad=1.891 | tok/s=57,267 | tokens=0.08B
step=  2460 | loss=5.7526 | lr=3.00e-04 | wd=0.0936 | mom=0.9500 | T=1.2 k=1.0 (mu_rec=1 mu_bwd=1) | grad=1.438 | tok/s=52,603 | tokens=0.08B
step=  2470 | loss=5.7595 | lr=3.00e-04 | wd=0.0935 | mom=0.9500 | T=1.2 k=1.0 (mu_rec=1 mu_bwd=1) | grad=1.875 | tok/s=57,144 | tokens=0.08B
step=  2480 | loss=5.6440 | lr=3.00e-04 | wd=0.0935 | mom=0.9500 | T=1.5 k=1.0 (mu_rec=1 mu_bwd=1) | grad=1.117 | tok/s=56,683 | tokens=0.08B
step=  2490 | loss=5.7367 | lr=3.00e-04 | wd=0.0935 | mom=0.9500 | T=2.5 k=1.0 (mu_rec=1 mu_bwd=1) | grad=1.078 | tok/s=55,008 | tokens=0.08B
step=  2500 | loss=5.8108 | lr=3.00e-04 | wd=0.0934 | mom=0.9500 | T=2.0 k=1.0 (mu_rec=1 mu_bwd=1) | grad=1.414 | tok/s=56,441 | tokens=0.08B
step=  2510 | loss=5.7732 | lr=3.00e-04 | wd=0.0934 | mom=0.9500 | T=1.0 k=1.0 (mu_rec=1 mu_bwd=1) | grad=1.586 | tok/s=60,349 | tokens=0.08B
step=  2520 | loss=5.6900 | lr=3.00e-04 | wd=0.0934 | mom=0.9500 | T=1.2 k=1.0 (mu_rec=1 mu_bwd=1) | grad=1.695 | tok/s=56,588 | tokens=0.08B
step=  2530 | loss=5.4060 | lr=3.00e-04 | wd=0.0934 | mom=0.9500 | T=1.8 k=1.0 (mu_rec=1 mu_bwd=1) | grad=13.312 | tok/s=54,241 | tokens=0.08B
step=  2540 | loss=5.7707 | lr=3.00e-04 | wd=0.0933 | mom=0.9500 | T=1.5 k=1.0 (mu_rec=1 mu_bwd=1) | grad=1.188 | tok/s=54,533 | tokens=0.08B
step=  2550 | loss=5.6604 | lr=3.00e-04 | wd=0.0933 | mom=0.9500 | T=1.0 k=1.0 (mu_rec=1 mu_bwd=1) | grad=1.992 | tok/s=57,429 | tokens=0.08B
step=  2560 | loss=5.7121 | lr=3.00e-04 | wd=0.0933 | mom=0.9500 | T=1.2 k=1.0 (mu_rec=1 mu_bwd=1) | grad=1.133 | tok/s=8,838 | tokens=0.08B
step=  2570 | loss=5.9233 | lr=3.00e-04 | wd=0.0933 | mom=0.9500 | T=1.0 k=1.0 (mu_rec=1 mu_bwd=1) | grad=2.078 | tok/s=55,225 | tokens=0.08B
step=  2580 | loss=5.8822 | lr=3.00e-04 | wd=0.0932 | mom=0.9500 | T=1.0 k=1.0 (mu_rec=1 mu_bwd=1) | grad=1.547 | tok/s=57,025 | tokens=0.08B
step=  2590 | loss=5.9452 | lr=3.00e-04 | wd=0.0932 | mom=0.9500 | T=1.0 k=1.0 (mu_rec=1 mu_bwd=1) | grad=4.188 | tok/s=57,463 | tokens=0.08B
step=  2600 | loss=5.8699 | lr=3.00e-04 | wd=0.0932 | mom=0.9500 | T=1.5 k=1.0 (mu_rec=1 mu_bwd=1) | grad=1.836 | tok/s=57,505 | tokens=0.09B
step=  2610 | loss=5.8715 | lr=3.00e-04 | wd=0.0932 | mom=0.9500 | T=1.0 k=1.0 (mu_rec=1 mu_bwd=1) | grad=3.047 | tok/s=56,350 | tokens=0.09B
step=  2620 | loss=5.7446 | lr=3.00e-04 | wd=0.0931 | mom=0.9500 | T=1.5 k=1.0 (mu_rec=1 mu_bwd=1) | grad=1.312 | tok/s=58,008 | tokens=0.09B
step=  2630 | loss=5.7844 | lr=3.00e-04 | wd=0.0931 | mom=0.9500 | T=2.5 k=1.0 (mu_rec=1 mu_bwd=1) | grad=2.328 | tok/s=55,555 | tokens=0.09B
step=  2640 | loss=5.7598 | lr=3.00e-04 | wd=0.0931 | mom=0.9500 | T=1.2 k=1.0 (mu_rec=1 mu_bwd=1) | grad=2.359 | tok/s=55,915 | tokens=0.09B
step=  2650 | loss=5.7729 | lr=3.00e-04 | wd=0.0931 | mom=0.9500 | T=1.5 k=1.0 (mu_rec=1 mu_bwd=1) | grad=1.633 | tok/s=55,394 | tokens=0.09B
step=  2660 | loss=5.5442 | lr=3.00e-04 | wd=0.0930 | mom=0.9500 | T=1.5 k=1.0 (mu_rec=1 mu_bwd=1) | grad=1.547 | tok/s=54,478 | tokens=0.09B
step=  2670 | loss=5.7471 | lr=3.00e-04 | wd=0.0930 | mom=0.9500 | T=1.5 k=1.0 (mu_rec=1 mu_bwd=1) | grad=1.508 | tok/s=56,011 | tokens=0.09B
step=  2680 | loss=5.7919 | lr=3.00e-04 | wd=0.0930 | mom=0.9500 | T=1.8 k=1.0 (mu_rec=1 mu_bwd=1) | grad=1.203 | tok/s=58,254 | tokens=0.09B
step=  2690 | loss=5.8051 | lr=3.00e-04 | wd=0.0930 | mom=0.9500 | T=1.0 k=1.0 (mu_rec=1 mu_bwd=1) | grad=1.578 | tok/s=54,890 | tokens=0.09B
step=  2700 | loss=5.7918 | lr=3.00e-04 | wd=0.0929 | mom=0.9500 | T=1.0 k=1.0 (mu_rec=1 mu_bwd=1) | grad=3.109 | tok/s=56,089 | tokens=0.09B
step=  2710 | loss=5.6704 | lr=3.00e-04 | wd=0.0929 | mom=0.9500 | T=1.5 k=1.0 (mu_rec=1 mu_bwd=1) | grad=1.062 | tok/s=54,076 | tokens=0.09B
step=  2720 | loss=5.8323 | lr=3.00e-04 | wd=0.0929 | mom=0.9500 | T=1.0 k=1.0 (mu_rec=1 mu_bwd=1) | grad=1.219 | tok/s=56,079 | tokens=0.09B
step=  2730 | loss=5.8089 | lr=3.00e-04 | wd=0.0928 | mom=0.9500 | T=2.2 k=1.0 (mu_rec=1 mu_bwd=1) | grad=1.039 | tok/s=50,588 | tokens=0.09B
step=  2740 | loss=5.4919 | lr=3.00e-04 | wd=0.0928 | mom=0.9500 | T=1.5 k=1.0 (mu_rec=1 mu_bwd=1) | grad=3.953 | tok/s=53,256 | tokens=0.09B
step=  2750 | loss=5.6405 | lr=3.00e-04 | wd=0.0928 | mom=0.9500 | T=1.2 k=1.0 (mu_rec=1 mu_bwd=1) | grad=1.492 | tok/s=57,129 | tokens=0.09B
step=  2760 | loss=5.8032 | lr=3.00e-04 | wd=0.0928 | mom=0.9500 | T=1.2 k=1.0 (mu_rec=1 mu_bwd=1) | grad=2.578 | tok/s=56,026 | tokens=0.09B
step=  2770 | loss=5.7169 | lr=3.00e-04 | wd=0.0927 | mom=0.9500 | T=1.5 k=1.0 (mu_rec=1 mu_bwd=1) | grad=1.312 | tok/s=57,052 | tokens=0.09B
step=  2780 | loss=5.7243 | lr=3.00e-04 | wd=0.0927 | mom=0.9500 | T=1.0 k=1.0 (mu_rec=1 mu_bwd=1) | grad=2.016 | tok/s=53,113 | tokens=0.09B
step=  2790 | loss=5.8189 | lr=3.00e-04 | wd=0.0927 | mom=0.9500 | T=1.5 k=1.0 (mu_rec=1 mu_bwd=1) | grad=1.844 | tok/s=54,950 | tokens=0.09B
step=  2800 | loss=5.6259 | lr=3.00e-04 | wd=0.0927 | mom=0.9500 | T=1.0 k=1.0 (mu_rec=1 mu_bwd=1) | grad=1.859 | tok/s=55,403 | tokens=0.09B
step=  2810 | loss=5.6822 | lr=3.00e-04 | wd=0.0926 | mom=0.9500 | T=2.0 k=1.0 (mu_rec=1 mu_bwd=1) | grad=1.445 | tok/s=55,299 | tokens=0.09B
step=  2820 | loss=5.6452 | lr=3.00e-04 | wd=0.0926 | mom=0.9500 | T=1.0 k=1.0 (mu_rec=1 mu_bwd=1) | grad=1.688 | tok/s=59,187 | tokens=0.09B
step=  2830 | loss=5.7504 | lr=3.00e-04 | wd=0.0926 | mom=0.9500 | T=1.2 k=1.0 (mu_rec=1 mu_bwd=1) | grad=1.562 | tok/s=52,614 | tokens=0.09B
step=  2840 | loss=5.6772 | lr=3.00e-04 | wd=0.0926 | mom=0.9500 | T=1.0 k=1.0 (mu_rec=1 mu_bwd=1) | grad=2.688 | tok/s=55,836 | tokens=0.09B
step=  2850 | loss=5.7632 | lr=3.00e-04 | wd=0.0925 | mom=0.9500 | T=1.8 k=1.0 (mu_rec=1 mu_bwd=1) | grad=1.461 | tok/s=53,538 | tokens=0.09B
step=  2860 | loss=6.2602 | lr=3.00e-04 | wd=0.0925 | mom=0.9500 | T=1.5 k=1.0 (mu_rec=1 mu_bwd=1) | grad=2.094 | tok/s=58,571 | tokens=0.09B
step=  2870 | loss=6.4906 | lr=3.00e-04 | wd=0.0925 | mom=0.9500 | T=1.5 k=1.0 (mu_rec=1 mu_bwd=1) | grad=1.586 | tok/s=54,041 | tokens=0.09B
step=  2880 | loss=5.8841 | lr=3.00e-04 | wd=0.0925 | mom=0.9500 | T=1.5 k=1.0 (mu_rec=1 mu_bwd=1) | grad=1.078 | tok/s=58,169 | tokens=0.09B
step=  2890 | loss=5.5486 | lr=3.00e-04 | wd=0.0924 | mom=0.9500 | T=2.0 k=1.0 (mu_rec=1 mu_bwd=1) | grad=1.273 | tok/s=57,477 | tokens=0.09B
step=  2900 | loss=5.3286 | lr=3.00e-04 | wd=0.0924 | mom=0.9500 | T=1.0 k=1.0 (mu_rec=1 mu_bwd=1) | grad=1.438 | tok/s=54,069 | tokens=0.10B
step=  2910 | loss=5.5324 | lr=3.00e-04 | wd=0.0924 | mom=0.9500 | T=1.8 k=1.0 (mu_rec=1 mu_bwd=1) | grad=1.594 | tok/s=54,167 | tokens=0.10B
step=  2920 | loss=5.8864 | lr=3.00e-04 | wd=0.0923 | mom=0.9500 | T=1.8 k=1.0 (mu_rec=1 mu_bwd=1) | grad=1.734 | tok/s=55,696 | tokens=0.10B
step=  2930 | loss=5.7023 | lr=3.00e-04 | wd=0.0923 | mom=0.9500 | T=2.5 k=1.0 (mu_rec=1 mu_bwd=1) | grad=2.797 | tok/s=56,546 | tokens=0.10B
step=  2940 | loss=5.6999 | lr=3.00e-04 | wd=0.0923 | mom=0.9500 | T=1.0 k=1.0 (mu_rec=1 mu_bwd=1) | grad=1.648 | tok/s=56,111 | tokens=0.10B
step=  2950 | loss=5.8188 | lr=3.00e-04 | wd=0.0923 | mom=0.9500 | T=2.0 k=1.0 (mu_rec=1 mu_bwd=1) | grad=1.242 | tok/s=53,837 | tokens=0.10B
step=  2960 | loss=5.3876 | lr=3.00e-04 | wd=0.0922 | mom=0.9500 | T=1.2 k=1.0 (mu_rec=1 mu_bwd=1) | grad=1.352 | tok/s=56,781 | tokens=0.10B
step=  2970 | loss=5.6671 | lr=3.00e-04 | wd=0.0922 | mom=0.9500 | T=1.2 k=1.0 (mu_rec=1 mu_bwd=1) | grad=1.961 | tok/s=53,444 | tokens=0.10B
step=  2980 | loss=5.8379 | lr=3.00e-04 | wd=0.0922 | mom=0.9500 | T=1.2 k=1.0 (mu_rec=1 mu_bwd=1) | grad=2.609 | tok/s=52,717 | tokens=0.10B
step=  2990 | loss=5.8373 | lr=3.00e-04 | wd=0.0922 | mom=0.9500 | T=1.5 k=1.0 (mu_rec=1 mu_bwd=1) | grad=1.609 | tok/s=53,316 | tokens=0.10B
step=  3000 | loss=5.7358 | lr=3.00e-04 | wd=0.0921 | mom=0.9500 | T=2.0 k=1.0 (mu_rec=1 mu_bwd=1) | grad=2.156 | tok/s=52,065 | tokens=0.10B
step=  3010 | loss=5.7102 | lr=3.00e-04 | wd=0.0921 | mom=0.9500 | T=1.0 k=1.0 (mu_rec=1 mu_bwd=1) | grad=1.906 | tok/s=53,803 | tokens=0.10B
step=  3020 | loss=5.5647 | lr=3.00e-04 | wd=0.0921 | mom=0.9500 | T=1.2 k=1.0 (mu_rec=1 mu_bwd=1) | grad=1.258 | tok/s=56,920 | tokens=0.10B
step=  3030 | loss=5.7322 | lr=3.00e-04 | wd=0.0921 | mom=0.9500 | T=1.8 k=1.0 (mu_rec=1 mu_bwd=1) | grad=1.102 | tok/s=57,370 | tokens=0.10B
step=  3040 | loss=5.4497 | lr=3.00e-04 | wd=0.0920 | mom=0.9500 | T=1.5 k=1.0 (mu_rec=1 mu_bwd=1) | grad=1.688 | tok/s=56,976 | tokens=0.10B
step=  3050 | loss=5.8146 | lr=3.00e-04 | wd=0.0920 | mom=0.9500 | T=1.8 k=1.0 (mu_rec=1 mu_bwd=1) | grad=2.188 | tok/s=55,327 | tokens=0.10B
step=  3060 | loss=5.7871 | lr=3.00e-04 | wd=0.0920 | mom=0.9500 | T=2.0 k=1.0 (mu_rec=1 mu_bwd=1) | grad=1.117 | tok/s=55,974 | tokens=0.10B
step=  3070 | loss=5.7964 | lr=3.00e-04 | wd=0.0920 | mom=0.9500 | T=1.8 k=1.0 (mu_rec=1 mu_bwd=1) | grad=1.391 | tok/s=54,347 | tokens=0.10B
step=  3080 | loss=5.6746 | lr=3.00e-04 | wd=0.0919 | mom=0.9500 | T=1.2 k=1.0 (mu_rec=1 mu_bwd=1) | grad=1.133 | tok/s=54,380 | tokens=0.10B
step=  3090 | loss=5.7431 | lr=3.00e-04 | wd=0.0919 | mom=0.9500 | T=1.8 k=1.0 (mu_rec=1 mu_bwd=1) | grad=1.398 | tok/s=55,936 | tokens=0.10B
step=  3100 | loss=5.8955 | lr=3.00e-04 | wd=0.0919 | mom=0.9500 | T=1.2 k=1.0 (mu_rec=1 mu_bwd=1) | grad=1.375 | tok/s=52,893 | tokens=0.10B
step=  3110 | loss=5.7234 | lr=3.00e-04 | wd=0.0918 | mom=0.9500 | T=1.0 k=1.0 (mu_rec=1 mu_bwd=1) | grad=4.969 | tok/s=55,149 | tokens=0.10B
step=  3120 | loss=5.6270 | lr=3.00e-04 | wd=0.0918 | mom=0.9500 | T=1.8 k=1.0 (mu_rec=1 mu_bwd=1) | grad=1.570 | tok/s=54,963 | tokens=0.10B
step=  3130 | loss=5.4808 | lr=3.00e-04 | wd=0.0918 | mom=0.9500 | T=1.0 k=1.0 (mu_rec=1 mu_bwd=1) | grad=1.891 | tok/s=59,428 | tokens=0.10B
step=  3140 | loss=5.5670 | lr=3.00e-04 | wd=0.0918 | mom=0.9500 | T=1.8 k=1.0 (mu_rec=1 mu_bwd=1) | grad=1.367 | tok/s=54,562 | tokens=0.10B
step=  3150 | loss=5.8625 | lr=3.00e-04 | wd=0.0917 | mom=0.9500 | T=1.5 k=1.0 (mu_rec=1 mu_bwd=1) | grad=1.562 | tok/s=54,420 | tokens=0.10B
step=  3160 | loss=5.5929 | lr=3.00e-04 | wd=0.0917 | mom=0.9500 | T=1.2 k=1.0 (mu_rec=1 mu_bwd=1) | grad=1.992 | tok/s=52,247 | tokens=0.10B
step=  3170 | loss=5.6607 | lr=3.00e-04 | wd=0.0917 | mom=0.9500 | T=1.0 k=1.0 (mu_rec=1 mu_bwd=1) | grad=1.719 | tok/s=56,979 | tokens=0.10B
step=  3180 | loss=5.4011 | lr=3.00e-04 | wd=0.0917 | mom=0.9500 | T=1.8 k=1.0 (mu_rec=1 mu_bwd=1) | grad=1.203 | tok/s=56,706 | tokens=0.10B
step=  3190 | loss=5.5561 | lr=3.00e-04 | wd=0.0916 | mom=0.9500 | T=1.2 k=1.0 (mu_rec=1 mu_bwd=1) | grad=1.109 | tok/s=56,934 | tokens=0.10B
step=  3200 | loss=5.6035 | lr=3.00e-04 | wd=0.0916 | mom=0.9500 | T=1.2 k=1.0 (mu_rec=1 mu_bwd=1) | grad=4.062 | tok/s=53,918 | tokens=0.10B
step=  3210 | loss=5.5219 | lr=3.00e-04 | wd=0.0916 | mom=0.9500 | T=1.2 k=1.0 (mu_rec=1 mu_bwd=1) | grad=1.258 | tok/s=55,150 | tokens=0.11B
step=  3220 | loss=5.8118 | lr=3.00e-04 | wd=0.0916 | mom=0.9500 | T=1.8 k=1.0 (mu_rec=1 mu_bwd=1) | grad=0.992 | tok/s=53,296 | tokens=0.11B
step=  3230 | loss=5.6146 | lr=3.00e-04 | wd=0.0915 | mom=0.9500 | T=1.2 k=1.0 (mu_rec=1 mu_bwd=1) | grad=1.453 | tok/s=52,896 | tokens=0.11B
step=  3240 | loss=5.5595 | lr=3.00e-04 | wd=0.0915 | mom=0.9500 | T=1.2 k=1.0 (mu_rec=1 mu_bwd=1) | grad=1.188 | tok/s=54,860 | tokens=0.11B
step=  3250 | loss=5.6831 | lr=3.00e-04 | wd=0.0915 | mom=0.9500 | T=1.0 k=1.0 (mu_rec=1 mu_bwd=1) | grad=1.641 | tok/s=54,359 | tokens=0.11B
step=  3260 | loss=5.6930 | lr=3.00e-04 | wd=0.0915 | mom=0.9500 | T=1.5 k=1.0 (mu_rec=1 mu_bwd=1) | grad=2.766 | tok/s=53,650 | tokens=0.11B
step=  3270 | loss=5.6144 | lr=3.00e-04 | wd=0.0914 | mom=0.9500 | T=1.0 k=1.0 (mu_rec=1 mu_bwd=1) | grad=1.883 | tok/s=58,591 | tokens=0.11B
step=  3280 | loss=5.4779 | lr=3.00e-04 | wd=0.0914 | mom=0.9500 | T=1.0 k=1.0 (mu_rec=1 mu_bwd=1) | grad=1.922 | tok/s=59,723 | tokens=0.11B
step=  3290 | loss=5.7338 | lr=3.00e-04 | wd=0.0914 | mom=0.9500 | T=1.8 k=1.0 (mu_rec=1 mu_bwd=1) | grad=1.266 | tok/s=54,004 | tokens=0.11B
step=  3300 | loss=5.6811 | lr=3.00e-04 | wd=0.0914 | mom=0.9500 | T=1.0 k=1.0 (mu_rec=1 mu_bwd=1) | grad=2.797 | tok/s=58,774 | tokens=0.11B
step=  3310 | loss=5.6064 | lr=3.00e-04 | wd=0.0913 | mom=0.9500 | T=1.2 k=1.0 (mu_rec=1 mu_bwd=1) | grad=1.234 | tok/s=55,703 | tokens=0.11B
step=  3320 | loss=5.6230 | lr=3.00e-04 | wd=0.0913 | mom=0.9500 | T=1.0 k=1.0 (mu_rec=1 mu_bwd=1) | grad=1.414 | tok/s=55,945 | tokens=0.11B
step=  3330 | loss=5.6504 | lr=3.00e-04 | wd=0.0913 | mom=0.9500 | T=1.2 k=1.0 (mu_rec=1 mu_bwd=1) | grad=1.344 | tok/s=53,215 | tokens=0.11B
step=  3340 | loss=5.6519 | lr=3.00e-04 | wd=0.0912 | mom=0.9500 | T=2.8 k=1.0 (mu_rec=1 mu_bwd=1) | grad=2.547 | tok/s=54,973 | tokens=0.11B
step=  3350 | loss=5.7285 | lr=3.00e-04 | wd=0.0912 | mom=0.9500 | T=1.5 k=1.0 (mu_rec=1 mu_bwd=1) | grad=1.828 | tok/s=53,527 | tokens=0.11B
step=  3360 | loss=6.1340 | lr=3.00e-04 | wd=0.0912 | mom=0.9500 | T=1.2 k=1.0 (mu_rec=1 mu_bwd=1) | grad=2.219 | tok/s=55,330 | tokens=0.11B
step=  3370 | loss=5.5258 | lr=3.00e-04 | wd=0.0912 | mom=0.9500 | T=1.2 k=1.0 (mu_rec=1 mu_bwd=1) | grad=3.688 | tok/s=8,374 | tokens=0.11B
step=  3380 | loss=5.6515 | lr=3.00e-04 | wd=0.0911 | mom=0.9500 | T=1.5 k=1.0 (mu_rec=1 mu_bwd=1) | grad=1.656 | tok/s=56,485 | tokens=0.11B
step=  3390 | loss=5.5634 | lr=3.00e-04 | wd=0.0911 | mom=0.9500 | T=1.5 k=1.0 (mu_rec=1 mu_bwd=1) | grad=1.906 | tok/s=8,570 | tokens=0.11B
step=  3400 | loss=5.6967 | lr=3.00e-04 | wd=0.0911 | mom=0.9500 | T=1.2 k=1.0 (mu_rec=1 mu_bwd=1) | grad=2.562 | tok/s=59,589 | tokens=0.11B
step=  3410 | loss=5.5509 | lr=3.00e-04 | wd=0.0911 | mom=0.9500 | T=1.2 k=1.0 (mu_rec=1 mu_bwd=1) | grad=1.695 | tok/s=53,575 | tokens=0.11B
step=  3420 | loss=5.4374 | lr=3.00e-04 | wd=0.0910 | mom=0.9500 | T=1.2 k=1.0 (mu_rec=1 mu_bwd=1) | grad=3.438 | tok/s=55,642 | tokens=0.11B
step=  3430 | loss=5.4023 | lr=3.00e-04 | wd=0.0910 | mom=0.9500 | T=1.2 k=1.0 (mu_rec=1 mu_bwd=1) | grad=1.492 | tok/s=53,702 | tokens=0.11B
step=  3440 | loss=5.7636 | lr=3.00e-04 | wd=0.0910 | mom=0.9500 | T=1.5 k=1.0 (mu_rec=1 mu_bwd=1) | grad=1.938 | tok/s=55,632 | tokens=0.11B
step=  3450 | loss=5.6954 | lr=3.00e-04 | wd=0.0910 | mom=0.9500 | T=1.2 k=1.0 (mu_rec=1 mu_bwd=1) | grad=1.977 | tok/s=56,165 | tokens=0.11B
step=  3460 | loss=5.7527 | lr=3.00e-04 | wd=0.0909 | mom=0.9500 | T=2.2 k=1.0 (mu_rec=1 mu_bwd=1) | grad=1.797 | tok/s=56,853 | tokens=0.11B
step=  3470 | loss=5.7765 | lr=3.00e-04 | wd=0.0909 | mom=0.9500 | T=1.8 k=1.0 (mu_rec=1 mu_bwd=1) | grad=2.047 | tok/s=54,953 | tokens=0.11B
step=  3480 | loss=5.7571 | lr=3.00e-04 | wd=0.0909 | mom=0.9500 | T=1.0 k=1.0 (mu_rec=1 mu_bwd=1) | grad=2.047 | tok/s=58,852 | tokens=0.11B
step=  3490 | loss=5.6055 | lr=3.00e-04 | wd=0.0909 | mom=0.9500 | T=1.0 k=1.0 (mu_rec=1 mu_bwd=1) | grad=2.297 | tok/s=57,264 | tokens=0.11B
step=  3500 | loss=5.7355 | lr=3.00e-04 | wd=0.0908 | mom=0.9500 | T=1.0 k=1.0 (mu_rec=1 mu_bwd=1) | grad=1.867 | tok/s=57,569 | tokens=0.11B
step=  3510 | loss=5.5668 | lr=3.00e-04 | wd=0.0908 | mom=0.9500 | T=1.5 k=1.0 (mu_rec=1 mu_bwd=1) | grad=1.391 | tok/s=54,510 | tokens=0.12B
step=  3520 | loss=5.7819 | lr=3.00e-04 | wd=0.0908 | mom=0.9500 | T=1.0 k=1.0 (mu_rec=1 mu_bwd=1) | grad=1.180 | tok/s=56,585 | tokens=0.12B
step=  3530 | loss=5.6446 | lr=3.00e-04 | wd=0.0907 | mom=0.9500 | T=1.2 k=1.0 (mu_rec=1 mu_bwd=1) | grad=1.727 | tok/s=60,100 | tokens=0.12B
step=  3540 | loss=5.7291 | lr=3.00e-04 | wd=0.0907 | mom=0.9500 | T=1.5 k=1.0 (mu_rec=1 mu_bwd=1) | grad=1.602 | tok/s=54,492 | tokens=0.12B
step=  3550 | loss=5.5889 | lr=3.00e-04 | wd=0.0907 | mom=0.9500 | T=1.0 k=1.0 (mu_rec=1 mu_bwd=1) | grad=2.578 | tok/s=54,549 | tokens=0.12B
step=  3560 | loss=5.6364 | lr=3.00e-04 | wd=0.0907 | mom=0.9500 | T=1.5 k=1.0 (mu_rec=1 mu_bwd=1) | grad=1.625 | tok/s=53,954 | tokens=0.12B
step=  3570 | loss=5.6746 | lr=3.00e-04 | wd=0.0906 | mom=0.9500 | T=1.0 k=1.0 (mu_rec=1 mu_bwd=1) | grad=1.266 | tok/s=52,939 | tokens=0.12B
step=  3580 | loss=5.6966 | lr=3.00e-04 | wd=0.0906 | mom=0.9500 | T=1.8 k=1.0 (mu_rec=1 mu_bwd=1) | grad=1.086 | tok/s=54,823 | tokens=0.12B
step=  3590 | loss=5.8991 | lr=3.00e-04 | wd=0.0906 | mom=0.9500 | T=2.2 k=1.0 (mu_rec=1 mu_bwd=1) | grad=1.195 | tok/s=52,972 | tokens=0.12B
step=  3600 | loss=5.5483 | lr=3.00e-04 | wd=0.0906 | mom=0.9500 | T=1.8 k=1.0 (mu_rec=1 mu_bwd=1) | grad=1.477 | tok/s=56,027 | tokens=0.12B
step=  3610 | loss=5.6311 | lr=3.00e-04 | wd=0.0905 | mom=0.9500 | T=1.0 k=1.0 (mu_rec=1 mu_bwd=1) | grad=2.844 | tok/s=54,727 | tokens=0.12B
step=  3620 | loss=5.4979 | lr=3.00e-04 | wd=0.0905 | mom=0.9500 | T=1.0 k=1.0 (mu_rec=1 mu_bwd=1) | grad=1.422 | tok/s=58,529 | tokens=0.12B
step=  3630 | loss=5.6796 | lr=3.00e-04 | wd=0.0905 | mom=0.9500 | T=1.0 k=1.0 (mu_rec=1 mu_bwd=1) | grad=1.539 | tok/s=54,895 | tokens=0.12B
step=  3640 | loss=5.8763 | lr=3.00e-04 | wd=0.0905 | mom=0.9500 | T=1.5 k=1.0 (mu_rec=1 mu_bwd=1) | grad=3.094 | tok/s=52,597 | tokens=0.12B
step=  3650 | loss=5.5252 | lr=3.00e-04 | wd=0.0904 | mom=0.9500 | T=1.5 k=1.0 (mu_rec=1 mu_bwd=1) | grad=1.977 | tok/s=55,613 | tokens=0.12B
step=  3660 | loss=5.6969 | lr=3.00e-04 | wd=0.0904 | mom=0.9500 | T=1.0 k=1.0 (mu_rec=1 mu_bwd=1) | grad=1.734 | tok/s=55,633 | tokens=0.12B
step=  3670 | loss=5.5904 | lr=3.00e-04 | wd=0.0904 | mom=0.9500 | T=1.0 k=1.0 (mu_rec=1 mu_bwd=1) | grad=2.844 | tok/s=55,949 | tokens=0.12B
step=  3680 | loss=5.5940 | lr=3.00e-04 | wd=0.0904 | mom=0.9500 | T=1.5 k=1.0 (mu_rec=1 mu_bwd=1) | grad=1.406 | tok/s=56,876 | tokens=0.12B
step=  3690 | loss=5.4573 | lr=3.00e-04 | wd=0.0903 | mom=0.9500 | T=1.0 k=1.0 (mu_rec=1 mu_bwd=1) | grad=2.141 | tok/s=56,068 | tokens=0.12B
step=  3700 | loss=5.6213 | lr=3.00e-04 | wd=0.0903 | mom=0.9500 | T=1.2 k=1.0 (mu_rec=1 mu_bwd=1) | grad=1.742 | tok/s=57,452 | tokens=0.12B
step=  3710 | loss=5.5058 | lr=3.00e-04 | wd=0.0903 | mom=0.9500 | T=1.5 k=1.0 (mu_rec=1 mu_bwd=1) | grad=2.344 | tok/s=56,167 | tokens=0.12B
step=  3720 | loss=5.9744 | lr=3.00e-04 | wd=0.0903 | mom=0.9500 | T=1.0 k=1.0 (mu_rec=1 mu_bwd=1) | grad=1.586 | tok/s=57,251 | tokens=0.12B
step=  3730 | loss=5.6339 | lr=3.00e-04 | wd=0.0902 | mom=0.9500 | T=1.0 k=1.0 (mu_rec=1 mu_bwd=1) | grad=1.984 | tok/s=56,824 | tokens=0.12B
step=  3740 | loss=5.6869 | lr=3.00e-04 | wd=0.0902 | mom=0.9500 | T=1.5 k=1.0 (mu_rec=1 mu_bwd=1) | grad=1.680 | tok/s=53,565 | tokens=0.12B
step=  3750 | loss=5.5875 | lr=3.00e-04 | wd=0.0902 | mom=0.9500 | T=1.0 k=1.0 (mu_rec=1 mu_bwd=1) | grad=2.141 | tok/s=57,293 | tokens=0.12B
step=  3760 | loss=5.5781 | lr=3.00e-04 | wd=0.0901 | mom=0.9500 | T=1.0 k=1.0 (mu_rec=1 mu_bwd=1) | grad=2.656 | tok/s=59,972 | tokens=0.12B
step=  3770 | loss=5.6842 | lr=3.00e-04 | wd=0.0901 | mom=0.9500 | T=1.8 k=1.0 (mu_rec=1 mu_bwd=1) | grad=2.141 | tok/s=54,916 | tokens=0.12B
step=  3780 | loss=5.6766 | lr=3.00e-04 | wd=0.0901 | mom=0.9500 | T=1.5 k=1.0 (mu_rec=1 mu_bwd=1) | grad=1.641 | tok/s=54,718 | tokens=0.12B
step=  3790 | loss=5.5459 | lr=3.00e-04 | wd=0.0901 | mom=0.9500 | T=1.5 k=1.0 (mu_rec=1 mu_bwd=1) | grad=3.938 | tok/s=54,252 | tokens=0.12B
step=  3800 | loss=5.3741 | lr=3.00e-04 | wd=0.0900 | mom=0.9500 | T=1.2 k=1.0 (mu_rec=1 mu_bwd=1) | grad=1.250 | tok/s=53,848 | tokens=0.12B
step=  3810 | loss=5.6206 | lr=3.00e-04 | wd=0.0900 | mom=0.9500 | T=1.2 k=1.0 (mu_rec=1 mu_bwd=1) | grad=1.352 | tok/s=57,684 | tokens=0.12B
step=  3820 | loss=5.6279 | lr=3.00e-04 | wd=0.0900 | mom=0.9500 | T=1.8 k=1.0 (mu_rec=1 mu_bwd=1) | grad=1.109 | tok/s=54,595 | tokens=0.13B
step=  3830 | loss=5.5732 | lr=3.00e-04 | wd=0.0900 | mom=0.9500 | T=1.0 k=1.0 (mu_rec=1 mu_bwd=1) | grad=1.312 | tok/s=55,627 | tokens=0.13B
step=  3840 | loss=5.4146 | lr=3.00e-04 | wd=0.0899 | mom=0.9500 | T=1.0 k=1.0 (mu_rec=1 mu_bwd=1) | grad=1.484 | tok/s=59,591 | tokens=0.13B
step=  3850 | loss=5.6035 | lr=3.00e-04 | wd=0.0899 | mom=0.9500 | T=1.8 k=1.0 (mu_rec=1 mu_bwd=1) | grad=1.641 | tok/s=57,737 | tokens=0.13B
step=  3860 | loss=5.6747 | lr=3.00e-04 | wd=0.0899 | mom=0.9500 | T=1.0 k=1.0 (mu_rec=1 mu_bwd=1) | grad=1.352 | tok/s=54,792 | tokens=0.13B
step=  3870 | loss=5.6548 | lr=3.00e-04 | wd=0.0899 | mom=0.9500 | T=1.0 k=1.0 (mu_rec=1 mu_bwd=1) | grad=1.695 | tok/s=54,638 | tokens=0.13B
step=  3880 | loss=5.6506 | lr=3.00e-04 | wd=0.0898 | mom=0.9500 | T=2.8 k=1.0 (mu_rec=1 mu_bwd=1) | grad=1.102 | tok/s=55,408 | tokens=0.13B
step=  3890 | loss=5.8473 | lr=3.00e-04 | wd=0.0898 | mom=0.9500 | T=1.5 k=1.0 (mu_rec=1 mu_bwd=1) | grad=1.539 | tok/s=57,374 | tokens=0.13B
step=  3900 | loss=5.5479 | lr=3.00e-04 | wd=0.0898 | mom=0.9500 | T=1.5 k=1.0 (mu_rec=1 mu_bwd=1) | grad=3.594 | tok/s=51,227 | tokens=0.13B
step=  3910 | loss=5.7636 | lr=3.00e-04 | wd=0.0898 | mom=0.9500 | T=1.2 k=1.0 (mu_rec=1 mu_bwd=1) | grad=1.742 | tok/s=56,496 | tokens=0.13B
step=  3920 | loss=5.6216 | lr=3.00e-04 | wd=0.0897 | mom=0.9500 | T=1.2 k=1.0 (mu_rec=1 mu_bwd=1) | grad=1.461 | tok/s=55,683 | tokens=0.13B
step=  3930 | loss=5.5804 | lr=3.00e-04 | wd=0.0897 | mom=0.9500 | T=1.0 k=1.0 (mu_rec=1 mu_bwd=1) | grad=4.969 | tok/s=57,480 | tokens=0.13B
step=  3940 | loss=5.6715 | lr=3.00e-04 | wd=0.0897 | mom=0.9500 | T=1.2 k=1.0 (mu_rec=1 mu_bwd=1) | grad=1.219 | tok/s=56,476 | tokens=0.13B
step=  3950 | loss=5.7571 | lr=3.00e-04 | wd=0.0896 | mom=0.9500 | T=1.2 k=1.0 (mu_rec=1 mu_bwd=1) | grad=2.594 | tok/s=54,178 | tokens=0.13B
step=  3960 | loss=5.6628 | lr=3.00e-04 | wd=0.0896 | mom=0.9500 | T=1.8 k=1.0 (mu_rec=1 mu_bwd=1) | grad=1.680 | tok/s=53,603 | tokens=0.13B
step=  3970 | loss=5.6989 | lr=3.00e-04 | wd=0.0896 | mom=0.9500 | T=1.5 k=1.0 (mu_rec=1 mu_bwd=1) | grad=1.422 | tok/s=56,573 | tokens=0.13B
step=  3980 | loss=5.6050 | lr=3.00e-04 | wd=0.0896 | mom=0.9500 | T=1.5 k=1.0 (mu_rec=1 mu_bwd=1) | grad=1.594 | tok/s=56,066 | tokens=0.13B
step=  3990 | loss=5.4769 | lr=3.00e-04 | wd=0.0895 | mom=0.9500 | T=1.2 k=1.0 (mu_rec=1 mu_bwd=1) | grad=1.664 | tok/s=60,251 | tokens=0.13B
step=  4000 | loss=5.6854 | lr=3.00e-04 | wd=0.0895 | mom=0.9500 | T=1.2 k=1.0 (mu_rec=1 mu_bwd=1) | grad=1.180 | tok/s=55,653 | tokens=0.13B
step=  4010 | loss=5.5913 | lr=3.00e-04 | wd=0.0895 | mom=0.9500 | T=2.5 k=1.0 (mu_rec=1 mu_bwd=1) | grad=1.250 | tok/s=55,194 | tokens=0.13B
step=  4020 | loss=5.7554 | lr=3.00e-04 | wd=0.0895 | mom=0.9500 | T=1.0 k=1.0 (mu_rec=1 mu_bwd=1) | grad=2.625 | tok/s=58,022 | tokens=0.13B
step=  4030 | loss=5.6388 | lr=3.00e-04 | wd=0.0894 | mom=0.9500 | T=1.8 k=1.0 (mu_rec=1 mu_bwd=1) | grad=1.062 | tok/s=55,971 | tokens=0.13B
step=  4040 | loss=5.6057 | lr=3.00e-04 | wd=0.0894 | mom=0.9500 | T=1.0 k=1.0 (mu_rec=1 mu_bwd=1) | grad=2.484 | tok/s=55,219 | tokens=0.13B
step=  4050 | loss=5.4979 | lr=3.00e-04 | wd=0.0894 | mom=0.9500 | T=1.0 k=1.0 (mu_rec=1 mu_bwd=1) | grad=2.266 | tok/s=54,523 | tokens=0.13B
step=  4060 | loss=5.5378 | lr=3.00e-04 | wd=0.0894 | mom=0.9500 | T=1.2 k=1.0 (mu_rec=1 mu_bwd=1) | grad=3.656 | tok/s=59,675 | tokens=0.13B
step=  4070 | loss=5.5794 | lr=3.00e-04 | wd=0.0893 | mom=0.9500 | T=1.2 k=1.0 (mu_rec=1 mu_bwd=1) | grad=1.445 | tok/s=55,078 | tokens=0.13B
step=  4080 | loss=5.5473 | lr=3.00e-04 | wd=0.0893 | mom=0.9500 | T=1.5 k=1.0 (mu_rec=1 mu_bwd=1) | grad=2.125 | tok/s=55,166 | tokens=0.13B
step=  4090 | loss=5.2656 | lr=3.00e-04 | wd=0.0893 | mom=0.9500 | T=1.2 k=1.0 (mu_rec=1 mu_bwd=1) | grad=2.578 | tok/s=57,213 | tokens=0.13B
step=  4100 | loss=5.3337 | lr=3.00e-04 | wd=0.0893 | mom=0.9500 | T=2.2 k=1.0 (mu_rec=1 mu_bwd=1) | grad=1.578 | tok/s=56,419 | tokens=0.13B
step=  4110 | loss=5.7619 | lr=3.00e-04 | wd=0.0892 | mom=0.9500 | T=1.0 k=1.0 (mu_rec=1 mu_bwd=1) | grad=1.805 | tok/s=58,564 | tokens=0.13B
step=  4120 | loss=5.7045 | lr=3.00e-04 | wd=0.0892 | mom=0.9500 | T=1.0 k=1.0 (mu_rec=1 mu_bwd=1) | grad=1.422 | tok/s=54,676 | tokens=0.14B
step=  4130 | loss=5.7036 | lr=3.00e-04 | wd=0.0892 | mom=0.9500 | T=1.5 k=1.0 (mu_rec=1 mu_bwd=1) | grad=1.477 | tok/s=54,288 | tokens=0.14B
step=  4140 | loss=5.5808 | lr=3.00e-04 | wd=0.0891 | mom=0.9500 | T=1.0 k=1.0 (mu_rec=1 mu_bwd=1) | grad=2.234 | tok/s=56,320 | tokens=0.14B
step=  4150 | loss=5.5937 | lr=3.00e-04 | wd=0.0891 | mom=0.9500 | T=1.8 k=1.0 (mu_rec=1 mu_bwd=1) | grad=2.562 | tok/s=60,074 | tokens=0.14B
step=  4160 | loss=5.8400 | lr=3.00e-04 | wd=0.0891 | mom=0.9500 | T=1.5 k=1.0 (mu_rec=1 mu_bwd=1) | grad=4.344 | tok/s=53,842 | tokens=0.14B
step=  4170 | loss=5.5684 | lr=3.00e-04 | wd=0.0891 | mom=0.9500 | T=1.0 k=1.0 (mu_rec=1 mu_bwd=1) | grad=1.711 | tok/s=56,456 | tokens=0.14B
step=  4180 | loss=5.7038 | lr=3.00e-04 | wd=0.0890 | mom=0.9500 | T=1.2 k=1.0 (mu_rec=1 mu_bwd=1) | grad=1.594 | tok/s=56,646 | tokens=0.14B
step=  4190 | loss=5.5358 | lr=3.00e-04 | wd=0.0890 | mom=0.9500 | T=1.5 k=1.0 (mu_rec=1 mu_bwd=1) | grad=1.477 | tok/s=57,634 | tokens=0.14B
step=  4200 | loss=5.5573 | lr=3.00e-04 | wd=0.0890 | mom=0.9500 | T=2.8 k=1.0 (mu_rec=1 mu_bwd=1) | grad=0.848 | tok/s=53,986 | tokens=0.14B
step=  4210 | loss=5.6263 | lr=3.00e-04 | wd=0.0890 | mom=0.9500 | T=1.0 k=1.0 (mu_rec=1 mu_bwd=1) | grad=1.648 | tok/s=54,788 | tokens=0.14B
step=  4220 | loss=5.7093 | lr=3.00e-04 | wd=0.0889 | mom=0.9500 | T=1.5 k=1.0 (mu_rec=1 mu_bwd=1) | grad=1.445 | tok/s=55,525 | tokens=0.14B
step=  4230 | loss=5.5589 | lr=3.00e-04 | wd=0.0889 | mom=0.9500 | T=1.0 k=1.0 (mu_rec=1 mu_bwd=1) | grad=1.664 | tok/s=59,518 | tokens=0.14B
step=  4240 | loss=5.6284 | lr=3.00e-04 | wd=0.0889 | mom=0.9500 | T=1.2 k=1.0 (mu_rec=1 mu_bwd=1) | grad=1.484 | tok/s=9,404 | tokens=0.14B
step=  4250 | loss=5.6599 | lr=3.00e-04 | wd=0.0889 | mom=0.9500 | T=1.2 k=1.0 (mu_rec=1 mu_bwd=1) | grad=2.250 | tok/s=55,221 | tokens=0.14B
step=  4260 | loss=5.6041 | lr=3.00e-04 | wd=0.0888 | mom=0.9500 | T=1.5 k=1.0 (mu_rec=1 mu_bwd=1) | grad=3.500 | tok/s=55,859 | tokens=0.14B
step=  4270 | loss=5.8517 | lr=3.00e-04 | wd=0.0888 | mom=0.9500 | T=1.0 k=1.0 (mu_rec=1 mu_bwd=1) | grad=2.469 | tok/s=8,362 | tokens=0.14B
step=  4280 | loss=5.9679 | lr=3.00e-04 | wd=0.0888 | mom=0.9500 | T=1.0 k=1.0 (mu_rec=1 mu_bwd=1) | grad=1.953 | tok/s=57,579 | tokens=0.14B
step=  4290 | loss=5.7713 | lr=3.00e-04 | wd=0.0888 | mom=0.9500 | T=1.0 k=1.0 (mu_rec=1 mu_bwd=1) | grad=2.828 | tok/s=58,952 | tokens=0.14B
step=  4300 | loss=5.6203 | lr=3.00e-04 | wd=0.0887 | mom=0.9500 | T=1.2 k=1.0 (mu_rec=1 mu_bwd=1) | grad=1.625 | tok/s=58,568 | tokens=0.14B
step=  4310 | loss=5.7836 | lr=3.00e-04 | wd=0.0887 | mom=0.9500 | T=1.8 k=1.0 (mu_rec=1 mu_bwd=1) | grad=2.469 | tok/s=56,171 | tokens=0.14B
step=  4320 | loss=5.6037 | lr=3.00e-04 | wd=0.0887 | mom=0.9500 | T=2.0 k=1.0 (mu_rec=1 mu_bwd=1) | grad=1.141 | tok/s=54,930 | tokens=0.14B
step=  4330 | loss=5.1938 | lr=3.00e-04 | wd=0.0887 | mom=0.9500 | T=1.2 k=1.0 (mu_rec=1 mu_bwd=1) | grad=1.273 | tok/s=56,922 | tokens=0.14B
step=  4340 | loss=5.6614 | lr=3.00e-04 | wd=0.0886 | mom=0.9500 | T=2.8 k=1.0 (mu_rec=1 mu_bwd=1) | grad=1.227 | tok/s=52,903 | tokens=0.14B
step=  4350 | loss=5.6205 | lr=3.00e-04 | wd=0.0886 | mom=0.9500 | T=1.0 k=1.0 (mu_rec=1 mu_bwd=1) | grad=1.414 | tok/s=54,733 | tokens=0.14B
step=  4360 | loss=5.7167 | lr=3.00e-04 | wd=0.0886 | mom=0.9500 | T=1.8 k=1.0 (mu_rec=1 mu_bwd=1) | grad=2.516 | tok/s=56,307 | tokens=0.14B
step=  4370 | loss=5.7558 | lr=3.00e-04 | wd=0.0885 | mom=0.9500 | T=1.8 k=1.0 (mu_rec=1 mu_bwd=1) | grad=1.461 | tok/s=58,086 | tokens=0.14B
step=  4380 | loss=5.6890 | lr=3.00e-04 | wd=0.0885 | mom=0.9500 | T=1.2 k=1.0 (mu_rec=1 mu_bwd=1) | grad=1.172 | tok/s=53,293 | tokens=0.14B
step=  4390 | loss=5.7651 | lr=3.00e-04 | wd=0.0885 | mom=0.9500 | T=1.5 k=1.0 (mu_rec=1 mu_bwd=1) | grad=1.484 | tok/s=55,966 | tokens=0.14B
step=  4400 | loss=5.5400 | lr=3.00e-04 | wd=0.0885 | mom=0.9500 | T=1.8 k=1.0 (mu_rec=1 mu_bwd=1) | grad=1.273 | tok/s=54,903 | tokens=0.14B
step=  4410 | loss=5.7851 | lr=3.00e-04 | wd=0.0884 | mom=0.9500 | T=1.0 k=1.0 (mu_rec=1 mu_bwd=1) | grad=6.000 | tok/s=57,263 | tokens=0.14B
step=  4420 | loss=5.4607 | lr=3.00e-04 | wd=0.0884 | mom=0.9500 | T=1.0 k=1.0 (mu_rec=1 mu_bwd=1) | grad=1.297 | tok/s=55,791 | tokens=0.14B
step=  4430 | loss=5.6369 | lr=3.00e-04 | wd=0.0884 | mom=0.9500 | T=1.2 k=1.0 (mu_rec=1 mu_bwd=1) | grad=1.180 | tok/s=54,552 | tokens=0.15B
step=  4440 | loss=5.5530 | lr=3.00e-04 | wd=0.0884 | mom=0.9500 | T=1.0 k=1.0 (mu_rec=1 mu_bwd=1) | grad=3.203 | tok/s=52,764 | tokens=0.15B
step=  4450 | loss=5.6623 | lr=3.00e-04 | wd=0.0883 | mom=0.9500 | T=1.0 k=1.0 (mu_rec=1 mu_bwd=1) | grad=2.406 | tok/s=54,714 | tokens=0.15B
step=  4460 | loss=5.5663 | lr=3.00e-04 | wd=0.0883 | mom=0.9500 | T=2.8 k=1.0 (mu_rec=1 mu_bwd=1) | grad=1.391 | tok/s=54,372 | tokens=0.15B
step=  4470 | loss=5.6072 | lr=3.00e-04 | wd=0.0883 | mom=0.9500 | T=1.2 k=1.0 (mu_rec=1 mu_bwd=1) | grad=2.672 | tok/s=58,185 | tokens=0.15B
step=  4480 | loss=5.6475 | lr=3.00e-04 | wd=0.0883 | mom=0.9500 | T=2.2 k=1.0 (mu_rec=1 mu_bwd=1) | grad=1.016 | tok/s=56,412 | tokens=0.15B
step=  4490 | loss=5.6640 | lr=3.00e-04 | wd=0.0882 | mom=0.9500 | T=1.2 k=1.0 (mu_rec=1 mu_bwd=1) | grad=1.422 | tok/s=58,093 | tokens=0.15B
step=  4500 | loss=5.3800 | lr=3.00e-04 | wd=0.0882 | mom=0.9500 | T=1.2 k=1.0 (mu_rec=1 mu_bwd=1) | grad=1.617 | tok/s=56,367 | tokens=0.15B
step=  4510 | loss=5.5447 | lr=3.00e-04 | wd=0.0882 | mom=0.9500 | T=1.8 k=1.0 (mu_rec=1 mu_bwd=1) | grad=2.469 | tok/s=57,475 | tokens=0.15B
step=  4520 | loss=5.3846 | lr=3.00e-04 | wd=0.0882 | mom=0.9500 | T=1.2 k=1.0 (mu_rec=1 mu_bwd=1) | grad=5.750 | tok/s=55,238 | tokens=0.15B
step=  4530 | loss=5.6019 | lr=3.00e-04 | wd=0.0881 | mom=0.9500 | T=1.2 k=1.0 (mu_rec=1 mu_bwd=1) | grad=2.312 | tok/s=55,490 | tokens=0.15B
step=  4540 | loss=5.5371 | lr=3.00e-04 | wd=0.0881 | mom=0.9500 | T=1.8 k=1.0 (mu_rec=1 mu_bwd=1) | grad=1.070 | tok/s=55,916 | tokens=0.15B
step=  4550 | loss=5.5685 | lr=3.00e-04 | wd=0.0881 | mom=0.9500 | T=1.0 k=1.0 (mu_rec=1 mu_bwd=1) | grad=1.625 | tok/s=57,884 | tokens=0.15B
step=  4560 | loss=5.5125 | lr=3.00e-04 | wd=0.0880 | mom=0.9500 | T=2.2 k=1.0 (mu_rec=1 mu_bwd=1) | grad=1.836 | tok/s=60,577 | tokens=0.15B
step=  4570 | loss=5.7573 | lr=3.00e-04 | wd=0.0880 | mom=0.9500 | T=1.2 k=1.0 (mu_rec=1 mu_bwd=1) | grad=1.719 | tok/s=55,795 | tokens=0.15B
step=  4580 | loss=5.6208 | lr=3.00e-04 | wd=0.0880 | mom=0.9500 | T=1.0 k=1.0 (mu_rec=1 mu_bwd=1) | grad=4.094 | tok/s=56,609 | tokens=0.15B
step=  4590 | loss=5.6222 | lr=3.00e-04 | wd=0.0880 | mom=0.9500 | T=1.0 k=1.0 (mu_rec=1 mu_bwd=1) | grad=5.438 | tok/s=59,356 | tokens=0.15B
step=  4600 | loss=5.5841 | lr=3.00e-04 | wd=0.0879 | mom=0.9500 | T=1.2 k=1.0 (mu_rec=1 mu_bwd=1) | grad=1.680 | tok/s=54,269 | tokens=0.15B
step=  4610 | loss=5.7569 | lr=3.00e-04 | wd=0.0879 | mom=0.9500 | T=2.2 k=1.0 (mu_rec=1 mu_bwd=1) | grad=1.633 | tok/s=54,427 | tokens=0.15B
step=  4620 | loss=5.6470 | lr=3.00e-04 | wd=0.0879 | mom=0.9500 | T=2.0 k=1.0 (mu_rec=1 mu_bwd=1) | grad=1.250 | tok/s=54,067 | tokens=0.15B
step=  4630 | loss=5.5948 | lr=3.00e-04 | wd=0.0879 | mom=0.9500 | T=1.5 k=1.0 (mu_rec=1 mu_bwd=1) | grad=1.914 | tok/s=58,495 | tokens=0.15B
step=  4640 | loss=5.4692 | lr=3.00e-04 | wd=0.0878 | mom=0.9500 | T=1.2 k=1.0 (mu_rec=1 mu_bwd=1) | grad=1.961 | tok/s=54,016 | tokens=0.15B
step=  4650 | loss=5.3950 | lr=3.00e-04 | wd=0.0878 | mom=0.9500 | T=1.2 k=1.0 (mu_rec=1 mu_bwd=1) | grad=1.789 | tok/s=53,838 | tokens=0.15B
step=  4660 | loss=5.3164 | lr=3.00e-04 | wd=0.0878 | mom=0.9500 | T=2.2 k=1.0 (mu_rec=1 mu_bwd=1) | grad=1.359 | tok/s=53,052 | tokens=0.15B
step=  4670 | loss=5.6484 | lr=3.00e-04 | wd=0.0878 | mom=0.9500 | T=1.0 k=1.0 (mu_rec=1 mu_bwd=1) | grad=1.531 | tok/s=57,351 | tokens=0.15B
step=  4680 | loss=5.6943 | lr=3.00e-04 | wd=0.0877 | mom=0.9500 | T=1.8 k=1.0 (mu_rec=1 mu_bwd=1) | grad=1.641 | tok/s=56,285 | tokens=0.15B
step=  4690 | loss=5.5337 | lr=3.00e-04 | wd=0.0877 | mom=0.9500 | T=1.2 k=1.0 (mu_rec=1 mu_bwd=1) | grad=1.266 | tok/s=55,988 | tokens=0.15B
step=  4700 | loss=5.4546 | lr=3.00e-04 | wd=0.0877 | mom=0.9500 | T=1.5 k=1.0 (mu_rec=1 mu_bwd=1) | grad=1.984 | tok/s=56,448 | tokens=0.15B
step=  4710 | loss=5.6294 | lr=3.00e-04 | wd=0.0877 | mom=0.9500 | T=1.5 k=1.0 (mu_rec=1 mu_bwd=1) | grad=2.922 | tok/s=56,542 | tokens=0.15B
step=  4720 | loss=5.6663 | lr=3.00e-04 | wd=0.0876 | mom=0.9500 | T=1.0 k=1.0 (mu_rec=1 mu_bwd=1) | grad=1.391 | tok/s=55,628 | tokens=0.15B
step=  4730 | loss=5.6281 | lr=3.00e-04 | wd=0.0876 | mom=0.9500 | T=2.0 k=1.0 (mu_rec=1 mu_bwd=1) | grad=1.234 | tok/s=54,865 | tokens=0.15B
step=  4740 | loss=5.4710 | lr=3.00e-04 | wd=0.0876 | mom=0.9500 | T=2.5 k=1.0 (mu_rec=1 mu_bwd=1) | grad=2.047 | tok/s=55,852 | tokens=0.16B
step=  4750 | loss=5.5093 | lr=3.00e-04 | wd=0.0876 | mom=0.9500 | T=2.8 k=1.0 (mu_rec=1 mu_bwd=1) | grad=1.086 | tok/s=54,659 | tokens=0.16B
step=  4760 | loss=5.5368 | lr=3.00e-04 | wd=0.0875 | mom=0.9500 | T=1.2 k=1.0 (mu_rec=1 mu_bwd=1) | grad=1.422 | tok/s=54,225 | tokens=0.16B
step=  4770 | loss=5.2980 | lr=3.00e-04 | wd=0.0875 | mom=0.9500 | T=1.5 k=1.0 (mu_rec=1 mu_bwd=1) | grad=2.562 | tok/s=55,421 | tokens=0.16B
step=  4780 | loss=5.6665 | lr=3.00e-04 | wd=0.0875 | mom=0.9500 | T=1.0 k=1.0 (mu_rec=1 mu_bwd=1) | grad=1.617 | tok/s=55,019 | tokens=0.16B
step=  4790 | loss=5.5770 | lr=3.00e-04 | wd=0.0874 | mom=0.9500 | T=1.5 k=1.0 (mu_rec=1 mu_bwd=1) | grad=1.383 | tok/s=56,422 | tokens=0.16B
step=  4800 | loss=5.6066 | lr=3.00e-04 | wd=0.0874 | mom=0.9500 | T=2.0 k=1.0 (mu_rec=1 mu_bwd=1) | grad=1.289 | tok/s=53,814 | tokens=0.16B
step=  4810 | loss=5.5336 | lr=3.00e-04 | wd=0.0874 | mom=0.9500 | T=1.5 k=1.0 (mu_rec=1 mu_bwd=1) | grad=1.383 | tok/s=53,484 | tokens=0.16B
step=  4820 | loss=5.5321 | lr=3.00e-04 | wd=0.0874 | mom=0.9500 | T=1.0 k=1.0 (mu_rec=1 mu_bwd=1) | grad=1.602 | tok/s=57,302 | tokens=0.16B
step=  4830 | loss=5.6350 | lr=3.00e-04 | wd=0.0873 | mom=0.9500 | T=1.5 k=1.0 (mu_rec=1 mu_bwd=1) | grad=2.500 | tok/s=54,990 | tokens=0.16B
step=  4840 | loss=5.5505 | lr=3.00e-04 | wd=0.0873 | mom=0.9500 | T=1.0 k=1.0 (mu_rec=1 mu_bwd=1) | grad=2.172 | tok/s=52,496 | tokens=0.16B
step=  4850 | loss=5.5962 | lr=3.00e-04 | wd=0.0873 | mom=0.9500 | T=1.2 k=1.0 (mu_rec=1 mu_bwd=1) | grad=1.539 | tok/s=56,968 | tokens=0.16B
step=  4860 | loss=5.6983 | lr=3.00e-04 | wd=0.0873 | mom=0.9500 | T=1.0 k=1.0 (mu_rec=1 mu_bwd=1) | grad=2.047 | tok/s=53,831 | tokens=0.16B
step=  4870 | loss=5.5488 | lr=3.00e-04 | wd=0.0872 | mom=0.9500 | T=1.2 k=1.0 (mu_rec=1 mu_bwd=1) | grad=2.297 | tok/s=53,205 | tokens=0.16B
step=  4880 | loss=5.6077 | lr=3.00e-04 | wd=0.0872 | mom=0.9500 | T=1.2 k=1.0 (mu_rec=1 mu_bwd=1) | grad=1.617 | tok/s=56,658 | tokens=0.16B
step=  4890 | loss=5.7786 | lr=3.00e-04 | wd=0.0872 | mom=0.9500 | T=1.2 k=1.0 (mu_rec=1 mu_bwd=1) | grad=1.695 | tok/s=52,489 | tokens=0.16B
step=  4900 | loss=5.6307 | lr=3.00e-04 | wd=0.0872 | mom=0.9500 | T=1.0 k=1.0 (mu_rec=1 mu_bwd=1) | grad=1.609 | tok/s=58,801 | tokens=0.16B
step=  4910 | loss=5.5643 | lr=3.00e-04 | wd=0.0871 | mom=0.9500 | T=1.0 k=1.0 (mu_rec=1 mu_bwd=1) | grad=1.500 | tok/s=55,670 | tokens=0.16B
step=  4920 | loss=5.4152 | lr=3.00e-04 | wd=0.0871 | mom=0.9500 | T=1.8 k=1.0 (mu_rec=1 mu_bwd=1) | grad=1.570 | tok/s=54,376 | tokens=0.16B
step=  4930 | loss=5.4319 | lr=3.00e-04 | wd=0.0871 | mom=0.9500 | T=2.0 k=1.0 (mu_rec=1 mu_bwd=1) | grad=1.938 | tok/s=55,702 | tokens=0.16B
step=  4940 | loss=5.5441 | lr=3.00e-04 | wd=0.0871 | mom=0.9500 | T=1.5 k=1.0 (mu_rec=1 mu_bwd=1) | grad=1.180 | tok/s=56,035 | tokens=0.16B
step=  4950 | loss=5.6268 | lr=3.00e-04 | wd=0.0870 | mom=0.9500 | T=1.2 k=1.0 (mu_rec=1 mu_bwd=1) | grad=1.594 | tok/s=56,661 | tokens=0.16B
step=  4960 | loss=5.7643 | lr=3.00e-04 | wd=0.0870 | mom=0.9500 | T=1.0 k=1.0 (mu_rec=1 mu_bwd=1) | grad=4.406 | tok/s=56,041 | tokens=0.16B
step=  4970 | loss=5.7708 | lr=3.00e-04 | wd=0.0870 | mom=0.9500 | T=1.0 k=1.0 (mu_rec=1 mu_bwd=1) | grad=1.578 | tok/s=55,069 | tokens=0.16B
step=  4980 | loss=5.5934 | lr=3.00e-04 | wd=0.0869 | mom=0.9500 | T=1.0 k=1.0 (mu_rec=1 mu_bwd=1) | grad=1.641 | tok/s=59,449 | tokens=0.16B
step=  4990 | loss=5.6498 | lr=3.00e-04 | wd=0.0869 | mom=0.9500 | T=1.8 k=1.0 (mu_rec=1 mu_bwd=1) | grad=1.875 | tok/s=57,940 | tokens=0.16B
step=  5000 | loss=6.6304 | lr=3.00e-04 | wd=0.0869 | mom=0.9500 | T=1.2 k=1.0 (mu_rec=1 mu_bwd=1) | grad=2.641 | tok/s=54,925 | tokens=0.16B
step=  5010 | loss=5.5495 | lr=3.00e-04 | wd=0.0869 | mom=0.9500 | T=1.8 k=1.0 (mu_rec=1 mu_bwd=1) | grad=2.719 | tok/s=54,728 | tokens=0.16B
step=  5020 | loss=5.5704 | lr=3.00e-04 | wd=0.0868 | mom=0.9500 | T=1.8 k=1.0 (mu_rec=1 mu_bwd=1) | grad=1.648 | tok/s=8,462 | tokens=0.16B
step=  5030 | loss=5.6109 | lr=3.00e-04 | wd=0.0868 | mom=0.9500 | T=1.8 k=1.0 (mu_rec=1 mu_bwd=1) | grad=1.344 | tok/s=55,648 | tokens=0.16B
step=  5040 | loss=5.3642 | lr=3.00e-04 | wd=0.0868 | mom=0.9500 | T=1.0 k=1.0 (mu_rec=1 mu_bwd=1) | grad=2.578 | tok/s=58,062 | tokens=0.17B
step=  5050 | loss=5.6551 | lr=3.00e-04 | wd=0.0868 | mom=0.9500 | T=1.2 k=1.0 (mu_rec=1 mu_bwd=1) | grad=1.781 | tok/s=58,469 | tokens=0.17B
step=  5060 | loss=5.5798 | lr=3.00e-04 | wd=0.0867 | mom=0.9500 | T=2.5 k=1.0 (mu_rec=1 mu_bwd=1) | grad=1.742 | tok/s=55,680 | tokens=0.17B
step=  5070 | loss=5.5596 | lr=3.00e-04 | wd=0.0867 | mom=0.9500 | T=1.0 k=1.0 (mu_rec=1 mu_bwd=1) | grad=1.781 | tok/s=55,042 | tokens=0.17B
step=  5080 | loss=5.7489 | lr=3.00e-04 | wd=0.0867 | mom=0.9500 | T=1.5 k=1.0 (mu_rec=1 mu_bwd=1) | grad=2.328 | tok/s=56,875 | tokens=0.17B
step=  5090 | loss=5.5858 | lr=3.00e-04 | wd=0.0867 | mom=0.9500 | T=1.2 k=1.0 (mu_rec=1 mu_bwd=1) | grad=1.430 | tok/s=57,171 | tokens=0.17B
step=  5100 | loss=5.4038 | lr=3.00e-04 | wd=0.0866 | mom=0.9500 | T=1.5 k=1.0 (mu_rec=1 mu_bwd=1) | grad=1.445 | tok/s=56,200 | tokens=0.17B
step=  5110 | loss=5.5824 | lr=3.00e-04 | wd=0.0866 | mom=0.9500 | T=2.0 k=1.0 (mu_rec=1 mu_bwd=1) | grad=1.820 | tok/s=58,799 | tokens=0.17B
step=  5120 | loss=5.5350 | lr=3.00e-04 | wd=0.0866 | mom=0.9500 | T=1.0 k=1.0 (mu_rec=1 mu_bwd=1) | grad=3.031 | tok/s=58,989 | tokens=0.17B
step=  5130 | loss=5.7114 | lr=3.00e-04 | wd=0.0866 | mom=0.9500 | T=1.5 k=1.0 (mu_rec=1 mu_bwd=1) | grad=1.688 | tok/s=54,394 | tokens=0.17B
step=  5140 | loss=5.6418 | lr=3.00e-04 | wd=0.0865 | mom=0.9500 | T=2.5 k=1.0 (mu_rec=1 mu_bwd=1) | grad=1.859 | tok/s=55,072 | tokens=0.17B
step=  5150 | loss=5.7111 | lr=3.00e-04 | wd=0.0865 | mom=0.9500 | T=1.8 k=1.0 (mu_rec=1 mu_bwd=1) | grad=2.016 | tok/s=56,447 | tokens=0.17B
step=  5160 | loss=5.7238 | lr=3.00e-04 | wd=0.0865 | mom=0.9500 | T=2.0 k=1.0 (mu_rec=1 mu_bwd=1) | grad=3.109 | tok/s=8,368 | tokens=0.17B
step=  5170 | loss=5.5577 | lr=3.00e-04 | wd=0.0864 | mom=0.9500 | T=1.2 k=1.0 (mu_rec=1 mu_bwd=1) | grad=4.125 | tok/s=56,676 | tokens=0.17B
step=  5180 | loss=5.6157 | lr=3.00e-04 | wd=0.0864 | mom=0.9500 | T=1.2 k=1.0 (mu_rec=1 mu_bwd=1) | grad=1.539 | tok/s=57,066 | tokens=0.17B
step=  5190 | loss=5.4591 | lr=3.00e-04 | wd=0.0864 | mom=0.9500 | T=1.8 k=1.0 (mu_rec=1 mu_bwd=1) | grad=1.594 | tok/s=56,783 | tokens=0.17B
step=  5200 | loss=5.6364 | lr=3.00e-04 | wd=0.0864 | mom=0.9500 | T=1.0 k=1.0 (mu_rec=1 mu_bwd=1) | grad=3.094 | tok/s=55,154 | tokens=0.17B
step=  5210 | loss=5.4722 | lr=3.00e-04 | wd=0.0863 | mom=0.9500 | T=1.2 k=1.0 (mu_rec=1 mu_bwd=1) | grad=4.125 | tok/s=54,839 | tokens=0.17B
step=  5220 | loss=5.5384 | lr=3.00e-04 | wd=0.0863 | mom=0.9500 | T=1.2 k=1.0 (mu_rec=1 mu_bwd=1) | grad=2.531 | tok/s=54,435 | tokens=0.17B
step=  5230 | loss=5.7660 | lr=3.00e-04 | wd=0.0863 | mom=0.9500 | T=1.5 k=1.0 (mu_rec=1 mu_bwd=1) | grad=3.609 | tok/s=55,692 | tokens=0.17B
step=  5240 | loss=5.7855 | lr=3.00e-04 | wd=0.0863 | mom=0.9500 | T=1.2 k=1.0 (mu_rec=1 mu_bwd=1) | grad=3.406 | tok/s=55,008 | tokens=0.17B
step=  5250 | loss=5.5144 | lr=3.00e-04 | wd=0.0862 | mom=0.9500 | T=1.0 k=1.0 (mu_rec=1 mu_bwd=1) | grad=2.656 | tok/s=56,585 | tokens=0.17B
step=  5260 | loss=5.5707 | lr=3.00e-04 | wd=0.0862 | mom=0.9500 | T=1.2 k=1.0 (mu_rec=1 mu_bwd=1) | grad=1.492 | tok/s=53,576 | tokens=0.17B
step=  5270 | loss=5.7639 | lr=3.00e-04 | wd=0.0862 | mom=0.9500 | T=1.8 k=1.0 (mu_rec=1 mu_bwd=1) | grad=2.953 | tok/s=54,293 | tokens=0.17B
step=  5280 | loss=5.9898 | lr=3.00e-04 | wd=0.0862 | mom=0.9500 | T=1.0 k=1.0 (mu_rec=1 mu_bwd=1) | grad=2.562 | tok/s=59,982 | tokens=0.17B
step=  5290 | loss=5.5891 | lr=3.00e-04 | wd=0.0861 | mom=0.9500 | T=2.5 k=1.0 (mu_rec=1 mu_bwd=1) | grad=1.664 | tok/s=55,498 | tokens=0.17B
step=  5300 | loss=5.5922 | lr=3.00e-04 | wd=0.0861 | mom=0.9500 | T=1.5 k=1.0 (mu_rec=1 mu_bwd=1) | grad=1.609 | tok/s=57,080 | tokens=0.17B
step=  5310 | loss=5.4158 | lr=3.00e-04 | wd=0.0861 | mom=0.9500 | T=1.8 k=1.0 (mu_rec=1 mu_bwd=1) | grad=1.828 | tok/s=54,721 | tokens=0.17B
step=  5320 | loss=5.6084 | lr=3.00e-04 | wd=0.0861 | mom=0.9500 | T=1.0 k=1.0 (mu_rec=1 mu_bwd=1) | grad=5.156 | tok/s=56,184 | tokens=0.17B
step=  5330 | loss=5.6275 | lr=3.00e-04 | wd=0.0860 | mom=0.9500 | T=2.0 k=1.0 (mu_rec=1 mu_bwd=1) | grad=1.625 | tok/s=56,460 | tokens=0.17B
step=  5340 | loss=5.6294 | lr=3.00e-04 | wd=0.0860 | mom=0.9500 | T=1.8 k=1.0 (mu_rec=1 mu_bwd=1) | grad=1.461 | tok/s=53,380 | tokens=0.17B
step=  5350 | loss=5.6947 | lr=3.00e-04 | wd=0.0860 | mom=0.9500 | T=3.0 k=1.0 (mu_rec=1 mu_bwd=1) | grad=3.031 | tok/s=54,977 | tokens=0.18B
step=  5360 | loss=5.5613 | lr=3.00e-04 | wd=0.0860 | mom=0.9500 | T=1.5 k=1.0 (mu_rec=1 mu_bwd=1) | grad=3.734 | tok/s=55,030 | tokens=0.18B
step=  5370 | loss=5.5734 | lr=3.00e-04 | wd=0.0859 | mom=0.9500 | T=1.8 k=1.0 (mu_rec=1 mu_bwd=1) | grad=2.469 | tok/s=54,912 | tokens=0.18B
step=  5380 | loss=5.6865 | lr=3.00e-04 | wd=0.0859 | mom=0.9500 | T=1.0 k=1.0 (mu_rec=1 mu_bwd=1) | grad=1.750 | tok/s=58,395 | tokens=0.18B
step=  5390 | loss=5.5828 | lr=3.00e-04 | wd=0.0859 | mom=0.9500 | T=1.5 k=1.0 (mu_rec=1 mu_bwd=1) | grad=1.680 | tok/s=55,350 | tokens=0.18B
step=  5400 | loss=5.7229 | lr=3.00e-04 | wd=0.0858 | mom=0.9500 | T=1.5 k=1.0 (mu_rec=1 mu_bwd=1) | grad=1.406 | tok/s=57,822 | tokens=0.18B
step=  5410 | loss=5.5211 | lr=3.00e-04 | wd=0.0858 | mom=0.9500 | T=1.8 k=1.0 (mu_rec=1 mu_bwd=1) | grad=1.602 | tok/s=57,602 | tokens=0.18B
step=  5420 | loss=5.4392 | lr=3.00e-04 | wd=0.0858 | mom=0.9500 | T=1.0 k=1.0 (mu_rec=1 mu_bwd=1) | grad=1.578 | tok/s=52,212 | tokens=0.18B
step=  5430 | loss=5.6556 | lr=3.00e-04 | wd=0.0858 | mom=0.9500 | T=2.2 k=1.0 (mu_rec=1 mu_bwd=1) | grad=2.594 | tok/s=54,181 | tokens=0.18B
step=  5440 | loss=6.6472 | lr=3.00e-04 | wd=0.0857 | mom=0.9500 | T=1.5 k=1.0 (mu_rec=1 mu_bwd=1) | grad=2.547 | tok/s=57,144 | tokens=0.18B
step=  5450 | loss=6.3172 | lr=3.00e-04 | wd=0.0857 | mom=0.9500 | T=1.2 k=1.0 (mu_rec=1 mu_bwd=1) | grad=2.125 | tok/s=57,569 | tokens=0.18B
step=  5460 | loss=5.6815 | lr=3.00e-04 | wd=0.0857 | mom=0.9500 | T=1.2 k=1.0 (mu_rec=1 mu_bwd=1) | grad=2.109 | tok/s=57,114 | tokens=0.18B
step=  5470 | loss=5.5194 | lr=3.00e-04 | wd=0.0857 | mom=0.9500 | T=1.0 k=1.0 (mu_rec=1 mu_bwd=1) | grad=1.930 | tok/s=57,098 | tokens=0.18B
step=  5480 | loss=5.7211 | lr=3.00e-04 | wd=0.0856 | mom=0.9500 | T=1.2 k=1.0 (mu_rec=1 mu_bwd=1) | grad=2.297 | tok/s=55,509 | tokens=0.18B
step=  5490 | loss=5.6979 | lr=3.00e-04 | wd=0.0856 | mom=0.9500 | T=2.0 k=1.0 (mu_rec=1 mu_bwd=1) | grad=1.625 | tok/s=57,284 | tokens=0.18B
step=  5500 | loss=6.6467 | lr=3.00e-04 | wd=0.0856 | mom=0.9500 | T=1.2 k=1.0 (mu_rec=1 mu_bwd=1) | grad=3.469 | tok/s=53,512 | tokens=0.18B
step=  5510 | loss=5.7694 | lr=3.00e-04 | wd=0.0856 | mom=0.9500 | T=1.0 k=1.0 (mu_rec=1 mu_bwd=1) | grad=1.805 | tok/s=55,229 | tokens=0.18B
step=  5520 | loss=5.5258 | lr=3.00e-04 | wd=0.0855 | mom=0.9500 | T=1.0 k=1.0 (mu_rec=1 mu_bwd=1) | grad=1.586 | tok/s=53,818 | tokens=0.18B
step=  5530 | loss=5.5235 | lr=3.00e-04 | wd=0.0855 | mom=0.9500 | T=1.0 k=1.0 (mu_rec=1 mu_bwd=1) | grad=1.586 | tok/s=58,985 | tokens=0.18B
step=  5540 | loss=5.5798 | lr=3.00e-04 | wd=0.0855 | mom=0.9500 | T=1.2 k=1.0 (mu_rec=1 mu_bwd=1) | grad=1.344 | tok/s=54,840 | tokens=0.18B
step=  5550 | loss=5.5705 | lr=3.00e-04 | wd=0.0855 | mom=0.9500 | T=2.0 k=1.0 (mu_rec=1 mu_bwd=1) | grad=1.703 | tok/s=54,463 | tokens=0.18B
step=  5560 | loss=5.2710 | lr=3.00e-04 | wd=0.0854 | mom=0.9500 | T=1.2 k=1.0 (mu_rec=1 mu_bwd=1) | grad=1.719 | tok/s=57,006 | tokens=0.18B
step=  5570 | loss=5.4236 | lr=3.00e-04 | wd=0.0854 | mom=0.9500 | T=1.2 k=1.0 (mu_rec=1 mu_bwd=1) | grad=4.969 | tok/s=58,179 | tokens=0.18B
step=  5580 | loss=5.5307 | lr=3.00e-04 | wd=0.0854 | mom=0.9500 | T=1.0 k=1.0 (mu_rec=1 mu_bwd=1) | grad=1.547 | tok/s=59,509 | tokens=0.18B
step=  5590 | loss=5.5521 | lr=3.00e-04 | wd=0.0853 | mom=0.9500 | T=1.0 k=1.0 (mu_rec=1 mu_bwd=1) | grad=1.805 | tok/s=56,675 | tokens=0.18B
step=  5600 | loss=5.6491 | lr=3.00e-04 | wd=0.0853 | mom=0.9500 | T=2.2 k=1.0 (mu_rec=1 mu_bwd=1) | grad=1.258 | tok/s=55,171 | tokens=0.18B
step=  5610 | loss=5.5782 | lr=3.00e-04 | wd=0.0853 | mom=0.9500 | T=1.8 k=1.0 (mu_rec=1 mu_bwd=1) | grad=1.789 | tok/s=53,820 | tokens=0.18B
step=  5620 | loss=5.4942 | lr=3.00e-04 | wd=0.0853 | mom=0.9500 | T=1.0 k=1.0 (mu_rec=1 mu_bwd=1) | grad=1.758 | tok/s=59,270 | tokens=0.18B
step=  5630 | loss=6.1685 | lr=3.00e-04 | wd=0.0852 | mom=0.9500 | T=1.2 k=1.0 (mu_rec=1 mu_bwd=1) | grad=1.656 | tok/s=53,405 | tokens=0.18B
step=  5640 | loss=5.5772 | lr=3.00e-04 | wd=0.0852 | mom=0.9500 | T=1.5 k=1.0 (mu_rec=1 mu_bwd=1) | grad=1.594 | tok/s=54,272 | tokens=0.18B
step=  5650 | loss=5.5834 | lr=3.00e-04 | wd=0.0852 | mom=0.9500 | T=1.2 k=1.0 (mu_rec=1 mu_bwd=1) | grad=2.094 | tok/s=54,051 | tokens=0.19B
step=  5660 | loss=5.5666 | lr=3.00e-04 | wd=0.0852 | mom=0.9500 | T=1.0 k=1.0 (mu_rec=1 mu_bwd=1) | grad=2.328 | tok/s=56,837 | tokens=0.19B
step=  5670 | loss=5.7043 | lr=3.00e-04 | wd=0.0851 | mom=0.9500 | T=1.8 k=1.0 (mu_rec=1 mu_bwd=1) | grad=1.062 | tok/s=56,225 | tokens=0.19B
step=  5680 | loss=5.6341 | lr=3.00e-04 | wd=0.0851 | mom=0.9500 | T=1.0 k=1.0 (mu_rec=1 mu_bwd=1) | grad=2.109 | tok/s=57,820 | tokens=0.19B
step=  5690 | loss=6.0528 | lr=3.00e-04 | wd=0.0851 | mom=0.9500 | T=1.2 k=1.0 (mu_rec=1 mu_bwd=1) | grad=1.984 | tok/s=55,312 | tokens=0.19B
step=  5700 | loss=5.3484 | lr=3.00e-04 | wd=0.0851 | mom=0.9500 | T=1.0 k=1.0 (mu_rec=1 mu_bwd=1) | grad=1.789 | tok/s=55,784 | tokens=0.19B
step=  5710 | loss=5.7266 | lr=3.00e-04 | wd=0.0850 | mom=0.9500 | T=1.2 k=1.0 (mu_rec=1 mu_bwd=1) | grad=2.172 | tok/s=57,653 | tokens=0.19B
step=  5720 | loss=5.6409 | lr=3.00e-04 | wd=0.0850 | mom=0.9500 | T=1.0 k=1.0 (mu_rec=1 mu_bwd=1) | grad=2.406 | tok/s=60,762 | tokens=0.19B
step=  5730 | loss=5.9006 | lr=3.00e-04 | wd=0.0850 | mom=0.9500 | T=1.8 k=1.0 (mu_rec=1 mu_bwd=1) | grad=6.906 | tok/s=54,885 | tokens=0.19B
step=  5740 | loss=5.7303 | lr=3.00e-04 | wd=0.0850 | mom=0.9500 | T=1.0 k=1.0 (mu_rec=1 mu_bwd=1) | grad=1.359 | tok/s=57,171 | tokens=0.19B
step=  5750 | loss=6.2377 | lr=3.00e-04 | wd=0.0849 | mom=0.9500 | T=1.5 k=1.0 (mu_rec=1 mu_bwd=1) | grad=2.453 | tok/s=53,264 | tokens=0.19B
step=  5760 | loss=5.6861 | lr=3.00e-04 | wd=0.0849 | mom=0.9500 | T=1.5 k=1.0 (mu_rec=1 mu_bwd=1) | grad=5.969 | tok/s=53,035 | tokens=0.19B
step=  5770 | loss=6.2948 | lr=3.00e-04 | wd=0.0849 | mom=0.9500 | T=2.0 k=1.0 (mu_rec=1 mu_bwd=1) | grad=1.695 | tok/s=53,838 | tokens=0.19B
step=  5780 | loss=5.5242 | lr=3.00e-04 | wd=0.0849 | mom=0.9500 | T=1.0 k=1.0 (mu_rec=1 mu_bwd=1) | grad=2.875 | tok/s=58,037 | tokens=0.19B
step=  5790 | loss=5.4209 | lr=3.00e-04 | wd=0.0848 | mom=0.9500 | T=1.2 k=1.0 (mu_rec=1 mu_bwd=1) | grad=1.852 | tok/s=56,347 | tokens=0.19B
step=  5800 | loss=5.5095 | lr=3.00e-04 | wd=0.0848 | mom=0.9500 | T=1.8 k=1.0 (mu_rec=1 mu_bwd=1) | grad=1.633 | tok/s=55,012 | tokens=0.19B
step=  5810 | loss=5.4820 | lr=3.00e-04 | wd=0.0848 | mom=0.9500 | T=1.8 k=1.0 (mu_rec=1 mu_bwd=1) | grad=1.656 | tok/s=51,612 | tokens=0.19B
step=  5820 | loss=5.5745 | lr=3.00e-04 | wd=0.0847 | mom=0.9500 | T=1.2 k=1.0 (mu_rec=1 mu_bwd=1) | grad=1.648 | tok/s=54,381 | tokens=0.19B
step=  5830 | loss=5.6319 | lr=3.00e-04 | wd=0.0847 | mom=0.9500 | T=1.0 k=1.0 (mu_rec=1 mu_bwd=1) | grad=1.859 | tok/s=58,634 | tokens=0.19B
step=  5840 | loss=5.5459 | lr=3.00e-04 | wd=0.0847 | mom=0.9500 | T=1.2 k=1.0 (mu_rec=1 mu_bwd=1) | grad=1.609 | tok/s=55,164 | tokens=0.19B
step=  5850 | loss=5.5267 | lr=3.00e-04 | wd=0.0847 | mom=0.9500 | T=1.8 k=1.0 (mu_rec=1 mu_bwd=1) | grad=1.594 | tok/s=54,555 | tokens=0.19B
step=  5860 | loss=5.6462 | lr=3.00e-04 | wd=0.0846 | mom=0.9500 | T=1.2 k=1.0 (mu_rec=1 mu_bwd=1) | grad=1.734 | tok/s=58,380 | tokens=0.19B
step=  5870 | loss=5.6454 | lr=3.00e-04 | wd=0.0846 | mom=0.9500 | T=2.2 k=1.0 (mu_rec=1 mu_bwd=1) | grad=1.195 | tok/s=50,954 | tokens=0.19B
step=  5880 | loss=5.4572 | lr=3.00e-04 | wd=0.0846 | mom=0.9500 | T=1.0 k=1.0 (mu_rec=1 mu_bwd=1) | grad=2.312 | tok/s=56,380 | tokens=0.19B
step=  5890 | loss=5.4273 | lr=3.00e-04 | wd=0.0846 | mom=0.9500 | T=1.8 k=1.0 (mu_rec=1 mu_bwd=1) | grad=1.414 | tok/s=54,056 | tokens=0.19B
step=  5900 | loss=5.7331 | lr=3.00e-04 | wd=0.0845 | mom=0.9500 | T=1.0 k=1.0 (mu_rec=1 mu_bwd=1) | grad=1.867 | tok/s=8,657 | tokens=0.19B
step=  5910 | loss=5.5403 | lr=3.00e-04 | wd=0.0845 | mom=0.9500 | T=1.2 k=1.0 (mu_rec=1 mu_bwd=1) | grad=1.797 | tok/s=55,056 | tokens=0.19B
step=  5920 | loss=5.5554 | lr=3.00e-04 | wd=0.0845 | mom=0.9500 | T=1.0 k=1.0 (mu_rec=1 mu_bwd=1) | grad=1.773 | tok/s=56,560 | tokens=0.19B
step=  5930 | loss=5.6615 | lr=3.00e-04 | wd=0.0845 | mom=0.9500 | T=1.0 k=1.0 (mu_rec=1 mu_bwd=1) | grad=1.734 | tok/s=57,958 | tokens=0.19B
step=  5940 | loss=5.6101 | lr=3.00e-04 | wd=0.0844 | mom=0.9500 | T=1.8 k=1.0 (mu_rec=1 mu_bwd=1) | grad=1.883 | tok/s=58,605 | tokens=0.19B
step=  5950 | loss=5.7688 | lr=3.00e-04 | wd=0.0844 | mom=0.9500 | T=1.2 k=1.0 (mu_rec=1 mu_bwd=1) | grad=1.523 | tok/s=57,200 | tokens=0.19B
step=  5960 | loss=5.5342 | lr=3.00e-04 | wd=0.0844 | mom=0.9500 | T=1.0 k=1.0 (mu_rec=1 mu_bwd=1) | grad=1.586 | tok/s=56,794 | tokens=0.20B
step=  5970 | loss=5.5063 | lr=3.00e-04 | wd=0.0844 | mom=0.9500 | T=1.2 k=1.0 (mu_rec=1 mu_bwd=1) | grad=5.531 | tok/s=54,944 | tokens=0.20B
step=  5980 | loss=5.5592 | lr=3.00e-04 | wd=0.0843 | mom=0.9500 | T=1.5 k=1.0 (mu_rec=1 mu_bwd=1) | grad=1.570 | tok/s=57,451 | tokens=0.20B
step=  5990 | loss=5.5149 | lr=3.00e-04 | wd=0.0843 | mom=0.9500 | T=1.8 k=1.0 (mu_rec=1 mu_bwd=1) | grad=1.430 | tok/s=55,566 | tokens=0.20B
step=  6000 | loss=5.6586 | lr=3.00e-04 | wd=0.0843 | mom=0.9500 | T=1.2 k=1.0 (mu_rec=1 mu_bwd=1) | grad=2.047 | tok/s=55,737 | tokens=0.20B
step=  6010 | loss=5.6749 | lr=3.00e-04 | wd=0.0842 | mom=0.9500 | T=1.0 k=1.0 (mu_rec=1 mu_bwd=1) | grad=1.180 | tok/s=57,438 | tokens=0.20B
step=  6020 | loss=5.4236 | lr=3.00e-04 | wd=0.0842 | mom=0.9500 | T=1.5 k=1.0 (mu_rec=1 mu_bwd=1) | grad=2.375 | tok/s=55,151 | tokens=0.20B
step=  6030 | loss=5.5328 | lr=3.00e-04 | wd=0.0842 | mom=0.9500 | T=1.0 k=1.0 (mu_rec=1 mu_bwd=1) | grad=1.555 | tok/s=54,061 | tokens=0.20B
step=  6040 | loss=5.7473 | lr=3.00e-04 | wd=0.0842 | mom=0.9500 | T=1.0 k=1.0 (mu_rec=1 mu_bwd=1) | grad=1.469 | tok/s=57,850 | tokens=0.20B
step=  6050 | loss=5.5337 | lr=3.00e-04 | wd=0.0841 | mom=0.9500 | T=1.2 k=1.0 (mu_rec=1 mu_bwd=1) | grad=3.484 | tok/s=7,709 | tokens=0.20B
step=  6060 | loss=5.6234 | lr=3.00e-04 | wd=0.0841 | mom=0.9500 | T=1.5 k=1.0 (mu_rec=1 mu_bwd=1) | grad=2.328 | tok/s=57,796 | tokens=0.20B
step=  6070 | loss=5.5001 | lr=3.00e-04 | wd=0.0841 | mom=0.9500 | T=1.5 k=1.0 (mu_rec=1 mu_bwd=1) | grad=1.352 | tok/s=55,698 | tokens=0.20B
step=  6080 | loss=5.5077 | lr=3.00e-04 | wd=0.0841 | mom=0.9500 | T=1.0 k=1.0 (mu_rec=1 mu_bwd=1) | grad=12.625 | tok/s=55,820 | tokens=0.20B
step=  6090 | loss=5.4343 | lr=3.00e-04 | wd=0.0840 | mom=0.9500 | T=1.5 k=1.0 (mu_rec=1 mu_bwd=1) | grad=2.000 | tok/s=56,192 | tokens=0.20B
step=  6100 | loss=5.4874 | lr=3.00e-04 | wd=0.0840 | mom=0.9500 | T=1.0 k=1.0 (mu_rec=1 mu_bwd=1) | grad=3.469 | tok/s=60,022 | tokens=0.20B
step=  6110 | loss=5.6118 | lr=3.00e-04 | wd=0.0840 | mom=0.9500 | T=1.0 k=1.0 (mu_rec=1 mu_bwd=1) | grad=2.141 | tok/s=55,829 | tokens=0.20B
step=  6120 | loss=5.6609 | lr=3.00e-04 | wd=0.0840 | mom=0.9500 | T=1.0 k=1.0 (mu_rec=1 mu_bwd=1) | grad=4.375 | tok/s=57,514 | tokens=0.20B
step=  6130 | loss=5.5298 | lr=3.00e-04 | wd=0.0839 | mom=0.9500 | T=2.0 k=1.0 (mu_rec=1 mu_bwd=1) | grad=6.406 | tok/s=54,276 | tokens=0.20B
step=  6140 | loss=5.5181 | lr=3.00e-04 | wd=0.0839 | mom=0.9500 | T=1.5 k=1.0 (mu_rec=1 mu_bwd=1) | grad=2.359 | tok/s=53,327 | tokens=0.20B
step=  6150 | loss=5.6468 | lr=3.00e-04 | wd=0.0839 | mom=0.9500 | T=1.5 k=1.0 (mu_rec=1 mu_bwd=1) | grad=1.672 | tok/s=54,039 | tokens=0.20B
step=  6160 | loss=5.5012 | lr=3.00e-04 | wd=0.0839 | mom=0.9500 | T=1.2 k=1.0 (mu_rec=1 mu_bwd=1) | grad=1.773 | tok/s=53,871 | tokens=0.20B
step=  6170 | loss=5.5021 | lr=3.00e-04 | wd=0.0838 | mom=0.9500 | T=1.2 k=1.0 (mu_rec=1 mu_bwd=1) | grad=2.406 | tok/s=57,623 | tokens=0.20B
step=  6180 | loss=5.3481 | lr=3.00e-04 | wd=0.0838 | mom=0.9500 | T=1.5 k=1.0 (mu_rec=1 mu_bwd=1) | grad=1.797 | tok/s=52,608 | tokens=0.20B
step=  6190 | loss=5.5327 | lr=3.00e-04 | wd=0.0838 | mom=0.9500 | T=1.5 k=1.0 (mu_rec=1 mu_bwd=1) | grad=4.281 | tok/s=55,380 | tokens=0.20B
step=  6200 | loss=5.3964 | lr=3.00e-04 | wd=0.0837 | mom=0.9500 | T=1.0 k=1.0 (mu_rec=1 mu_bwd=1) | grad=1.883 | tok/s=57,645 | tokens=0.20B
step=  6210 | loss=5.3925 | lr=3.00e-04 | wd=0.0837 | mom=0.9500 | T=1.8 k=1.0 (mu_rec=1 mu_bwd=1) | grad=1.203 | tok/s=53,410 | tokens=0.20B
step=  6220 | loss=5.4910 | lr=3.00e-04 | wd=0.0837 | mom=0.9500 | T=1.8 k=1.0 (mu_rec=1 mu_bwd=1) | grad=1.062 | tok/s=56,403 | tokens=0.20B
step=  6230 | loss=5.0399 | lr=3.00e-04 | wd=0.0837 | mom=0.9500 | T=1.2 k=1.0 (mu_rec=1 mu_bwd=1) | grad=1.766 | tok/s=56,007 | tokens=0.20B
step=  6240 | loss=5.2014 | lr=3.00e-04 | wd=0.0836 | mom=0.9500 | T=1.0 k=1.0 (mu_rec=1 mu_bwd=1) | grad=2.281 | tok/s=57,438 | tokens=0.20B
step=  6250 | loss=5.6682 | lr=3.00e-04 | wd=0.0836 | mom=0.9500 | T=2.2 k=1.0 (mu_rec=1 mu_bwd=1) | grad=2.734 | tok/s=57,668 | tokens=0.20B
step=  6260 | loss=5.4680 | lr=3.00e-04 | wd=0.0836 | mom=0.9500 | T=1.8 k=1.0 (mu_rec=1 mu_bwd=1) | grad=2.234 | tok/s=51,141 | tokens=0.21B
step=  6270 | loss=5.5202 | lr=3.00e-04 | wd=0.0836 | mom=0.9500 | T=1.2 k=1.0 (mu_rec=1 mu_bwd=1) | grad=2.172 | tok/s=55,896 | tokens=0.21B
step=  6280 | loss=5.5461 | lr=3.00e-04 | wd=0.0835 | mom=0.9500 | T=1.2 k=1.0 (mu_rec=1 mu_bwd=1) | grad=1.797 | tok/s=55,430 | tokens=0.21B
step=  6290 | loss=5.5034 | lr=3.00e-04 | wd=0.0835 | mom=0.9500 | T=1.5 k=1.0 (mu_rec=1 mu_bwd=1) | grad=3.250 | tok/s=54,377 | tokens=0.21B
step=  6300 | loss=5.5327 | lr=3.00e-04 | wd=0.0835 | mom=0.9500 | T=1.0 k=1.0 (mu_rec=1 mu_bwd=1) | grad=1.719 | tok/s=57,245 | tokens=0.21B
step=  6310 | loss=5.7717 | lr=3.00e-04 | wd=0.0835 | mom=0.9500 | T=1.0 k=1.0 (mu_rec=1 mu_bwd=1) | grad=1.711 | tok/s=56,494 | tokens=0.21B
step=  6320 | loss=5.5662 | lr=3.00e-04 | wd=0.0834 | mom=0.9500 | T=1.0 k=1.0 (mu_rec=1 mu_bwd=1) | grad=2.031 | tok/s=56,814 | tokens=0.21B
step=  6330 | loss=5.6285 | lr=3.00e-04 | wd=0.0834 | mom=0.9500 | T=1.8 k=1.0 (mu_rec=1 mu_bwd=1) | grad=1.820 | tok/s=54,355 | tokens=0.21B
step=  6340 | loss=5.4735 | lr=3.00e-04 | wd=0.0834 | mom=0.9500 | T=1.0 k=1.0 (mu_rec=1 mu_bwd=1) | grad=1.844 | tok/s=57,207 | tokens=0.21B
step=  6350 | loss=5.4014 | lr=3.00e-04 | wd=0.0834 | mom=0.9500 | T=1.5 k=1.0 (mu_rec=1 mu_bwd=1) | grad=1.719 | tok/s=57,503 | tokens=0.21B
step=  6360 | loss=5.4599 | lr=3.00e-04 | wd=0.0833 | mom=0.9500 | T=1.0 k=1.0 (mu_rec=1 mu_bwd=1) | grad=3.766 | tok/s=55,689 | tokens=0.21B
step=  6370 | loss=5.6896 | lr=3.00e-04 | wd=0.0833 | mom=0.9500 | T=1.5 k=1.0 (mu_rec=1 mu_bwd=1) | grad=1.672 | tok/s=56,236 | tokens=0.21B
step=  6380 | loss=5.5151 | lr=3.00e-04 | wd=0.0833 | mom=0.9500 | T=1.5 k=1.0 (mu_rec=1 mu_bwd=1) | grad=1.484 | tok/s=56,435 | tokens=0.21B
step=  6390 | loss=5.5829 | lr=3.00e-04 | wd=0.0833 | mom=0.9500 | T=1.0 k=1.0 (mu_rec=1 mu_bwd=1) | grad=1.391 | tok/s=55,461 | tokens=0.21B
step=  6400 | loss=5.5520 | lr=3.00e-04 | wd=0.0832 | mom=0.9500 | T=1.5 k=1.0 (mu_rec=1 mu_bwd=1) | grad=1.898 | tok/s=57,259 | tokens=0.21B
step=  6410 | loss=5.6058 | lr=3.00e-04 | wd=0.0832 | mom=0.9500 | T=1.8 k=1.0 (mu_rec=1 mu_bwd=1) | grad=2.156 | tok/s=58,617 | tokens=0.21B
step=  6420 | loss=5.8084 | lr=3.00e-04 | wd=0.0832 | mom=0.9500 | T=1.5 k=1.0 (mu_rec=1 mu_bwd=1) | grad=3.047 | tok/s=55,449 | tokens=0.21B
step=  6430 | loss=6.6813 | lr=3.00e-04 | wd=0.0831 | mom=0.9500 | T=1.2 k=1.0 (mu_rec=1 mu_bwd=1) | grad=4.688 | tok/s=58,394 | tokens=0.21B
step=  6440 | loss=5.6601 | lr=3.00e-04 | wd=0.0831 | mom=0.9500 | T=1.8 k=1.0 (mu_rec=1 mu_bwd=1) | grad=4.000 | tok/s=56,257 | tokens=0.21B
step=  6450 | loss=6.1556 | lr=3.00e-04 | wd=0.0831 | mom=0.9500 | T=1.5 k=1.0 (mu_rec=1 mu_bwd=1) | grad=2.688 | tok/s=55,313 | tokens=0.21B
step=  6460 | loss=5.5409 | lr=3.00e-04 | wd=0.0831 | mom=0.9500 | T=1.0 k=1.0 (mu_rec=1 mu_bwd=1) | grad=2.453 | tok/s=56,846 | tokens=0.21B
step=  6470 | loss=5.5816 | lr=3.00e-04 | wd=0.0830 | mom=0.9500 | T=1.5 k=1.0 (mu_rec=1 mu_bwd=1) | grad=1.867 | tok/s=55,272 | tokens=0.21B
step=  6480 | loss=5.4126 | lr=3.00e-04 | wd=0.0830 | mom=0.9500 | T=1.0 k=1.0 (mu_rec=1 mu_bwd=1) | grad=6.188 | tok/s=53,658 | tokens=0.21B
step=  6490 | loss=5.0721 | lr=3.00e-04 | wd=0.0830 | mom=0.9500 | T=1.5 k=1.0 (mu_rec=1 mu_bwd=1) | grad=1.828 | tok/s=55,419 | tokens=0.21B
step=  6500 | loss=5.6126 | lr=3.00e-04 | wd=0.0830 | mom=0.9500 | T=1.0 k=1.0 (mu_rec=1 mu_bwd=1) | grad=1.805 | tok/s=55,063 | tokens=0.21B
step=  6510 | loss=5.6334 | lr=3.00e-04 | wd=0.0829 | mom=0.9500 | T=1.0 k=1.0 (mu_rec=1 mu_bwd=1) | grad=2.359 | tok/s=59,684 | tokens=0.21B
step=  6520 | loss=5.5845 | lr=3.00e-04 | wd=0.0829 | mom=0.9500 | T=1.0 k=1.0 (mu_rec=1 mu_bwd=1) | grad=1.695 | tok/s=56,883 | tokens=0.21B
step=  6530 | loss=5.5926 | lr=3.00e-04 | wd=0.0829 | mom=0.9500 | T=1.2 k=1.0 (mu_rec=1 mu_bwd=1) | grad=1.773 | tok/s=57,227 | tokens=0.21B
step=  6540 | loss=5.5182 | lr=3.00e-04 | wd=0.0829 | mom=0.9500 | T=1.0 k=1.0 (mu_rec=1 mu_bwd=1) | grad=3.109 | tok/s=54,690 | tokens=0.21B
step=  6550 | loss=5.6003 | lr=3.00e-04 | wd=0.0828 | mom=0.9500 | T=1.5 k=1.0 (mu_rec=1 mu_bwd=1) | grad=2.125 | tok/s=53,356 | tokens=0.21B
step=  6560 | loss=5.4610 | lr=3.00e-04 | wd=0.0828 | mom=0.9500 | T=1.0 k=1.0 (mu_rec=1 mu_bwd=1) | grad=1.492 | tok/s=56,014 | tokens=0.21B
step=  6570 | loss=5.5402 | lr=3.00e-04 | wd=0.0828 | mom=0.9500 | T=1.0 k=1.0 (mu_rec=1 mu_bwd=1) | grad=1.367 | tok/s=55,824 | tokens=0.22B
step=  6580 | loss=5.4681 | lr=3.00e-04 | wd=0.0828 | mom=0.9500 | T=1.8 k=1.0 (mu_rec=1 mu_bwd=1) | grad=1.766 | tok/s=56,105 | tokens=0.22B
step=  6590 | loss=5.5783 | lr=3.00e-04 | wd=0.0827 | mom=0.9500 | T=1.5 k=1.0 (mu_rec=1 mu_bwd=1) | grad=1.500 | tok/s=59,076 | tokens=0.22B
step=  6600 | loss=5.6302 | lr=3.00e-04 | wd=0.0827 | mom=0.9500 | T=1.5 k=1.0 (mu_rec=1 mu_bwd=1) | grad=1.836 | tok/s=55,650 | tokens=0.22B
step=  6610 | loss=5.6299 | lr=3.00e-04 | wd=0.0827 | mom=0.9500 | T=1.5 k=1.0 (mu_rec=1 mu_bwd=1) | grad=2.188 | tok/s=58,326 | tokens=0.22B
step=  6620 | loss=5.5096 | lr=3.00e-04 | wd=0.0826 | mom=0.9500 | T=2.0 k=1.0 (mu_rec=1 mu_bwd=1) | grad=2.016 | tok/s=56,470 | tokens=0.22B
step=  6630 | loss=5.4588 | lr=3.00e-04 | wd=0.0826 | mom=0.9500 | T=2.0 k=1.0 (mu_rec=1 mu_bwd=1) | grad=1.641 | tok/s=56,488 | tokens=0.22B
step=  6640 | loss=5.5210 | lr=3.00e-04 | wd=0.0826 | mom=0.9500 | T=1.8 k=1.0 (mu_rec=1 mu_bwd=1) | grad=1.133 | tok/s=57,165 | tokens=0.22B
step=  6650 | loss=5.4858 | lr=3.00e-04 | wd=0.0826 | mom=0.9500 | T=1.0 k=1.0 (mu_rec=1 mu_bwd=1) | grad=1.891 | tok/s=56,259 | tokens=0.22B
step=  6660 | loss=5.3748 | lr=3.00e-04 | wd=0.0825 | mom=0.9500 | T=2.8 k=1.0 (mu_rec=1 mu_bwd=1) | grad=2.156 | tok/s=55,403 | tokens=0.22B
step=  6670 | loss=5.4095 | lr=3.00e-04 | wd=0.0825 | mom=0.9500 | T=1.8 k=1.0 (mu_rec=1 mu_bwd=1) | grad=1.352 | tok/s=56,224 | tokens=0.22B
step=  6680 | loss=5.8407 | lr=3.00e-04 | wd=0.0825 | mom=0.9500 | T=1.2 k=1.0 (mu_rec=1 mu_bwd=1) | grad=1.492 | tok/s=55,134 | tokens=0.22B
step=  6690 | loss=5.5314 | lr=3.00e-04 | wd=0.0825 | mom=0.9500 | T=1.8 k=1.0 (mu_rec=1 mu_bwd=1) | grad=2.047 | tok/s=53,352 | tokens=0.22B
step=  6700 | loss=5.8619 | lr=3.00e-04 | wd=0.0824 | mom=0.9500 | T=2.2 k=1.0 (mu_rec=1 mu_bwd=1) | grad=1.656 | tok/s=52,433 | tokens=0.22B
step=  6710 | loss=5.8415 | lr=3.00e-04 | wd=0.0824 | mom=0.9500 | T=1.5 k=1.0 (mu_rec=1 mu_bwd=1) | grad=1.930 | tok/s=53,824 | tokens=0.22B
step=  6720 | loss=5.5937 | lr=3.00e-04 | wd=0.0824 | mom=0.9500 | T=1.2 k=1.0 (mu_rec=1 mu_bwd=1) | grad=1.914 | tok/s=55,830 | tokens=0.22B
step=  6730 | loss=5.4607 | lr=3.00e-04 | wd=0.0824 | mom=0.9500 | T=1.2 k=1.0 (mu_rec=1 mu_bwd=1) | grad=1.711 | tok/s=55,779 | tokens=0.22B
step=  6740 | loss=5.6244 | lr=3.00e-04 | wd=0.0823 | mom=0.9500 | T=1.0 k=1.0 (mu_rec=1 mu_bwd=1) | grad=1.883 | tok/s=58,259 | tokens=0.22B
step=  6750 | loss=5.4292 | lr=3.00e-04 | wd=0.0823 | mom=0.9500 | T=1.0 k=1.0 (mu_rec=1 mu_bwd=1) | grad=3.047 | tok/s=7,853 | tokens=0.22B
step=  6760 | loss=5.4791 | lr=3.00e-04 | wd=0.0823 | mom=0.9500 | T=1.2 k=1.0 (mu_rec=1 mu_bwd=1) | grad=1.930 | tok/s=56,468 | tokens=0.22B
step=  6770 | loss=5.3667 | lr=3.00e-04 | wd=0.0823 | mom=0.9500 | T=2.0 k=1.0 (mu_rec=1 mu_bwd=1) | grad=1.656 | tok/s=57,175 | tokens=0.22B
step=  6780 | loss=5.2590 | lr=3.00e-04 | wd=0.0822 | mom=0.9500 | T=1.2 k=1.0 (mu_rec=1 mu_bwd=1) | grad=1.930 | tok/s=57,334 | tokens=0.22B
step=  6790 | loss=5.5534 | lr=3.00e-04 | wd=0.0822 | mom=0.9500 | T=1.0 k=1.0 (mu_rec=1 mu_bwd=1) | grad=2.969 | tok/s=58,304 | tokens=0.22B
step=  6800 | loss=5.5103 | lr=3.00e-04 | wd=0.0822 | mom=0.9500 | T=1.0 k=1.0 (mu_rec=1 mu_bwd=1) | grad=1.789 | tok/s=58,539 | tokens=0.22B
step=  6810 | loss=5.4674 | lr=3.00e-04 | wd=0.0822 | mom=0.9500 | T=1.5 k=1.0 (mu_rec=1 mu_bwd=1) | grad=2.031 | tok/s=56,449 | tokens=0.22B
step=  6820 | loss=5.6229 | lr=3.00e-04 | wd=0.0821 | mom=0.9500 | T=1.2 k=1.0 (mu_rec=1 mu_bwd=1) | grad=2.688 | tok/s=52,158 | tokens=0.22B
step=  6830 | loss=5.5607 | lr=3.00e-04 | wd=0.0821 | mom=0.9500 | T=2.0 k=1.0 (mu_rec=1 mu_bwd=1) | grad=1.445 | tok/s=49,836 | tokens=0.22B
step=  6840 | loss=5.4218 | lr=3.00e-04 | wd=0.0821 | mom=0.9500 | T=1.8 k=1.0 (mu_rec=1 mu_bwd=1) | grad=3.297 | tok/s=54,148 | tokens=0.22B
step=  6850 | loss=5.3468 | lr=3.00e-04 | wd=0.0820 | mom=0.9500 | T=1.2 k=1.0 (mu_rec=1 mu_bwd=1) | grad=2.109 | tok/s=57,342 | tokens=0.22B
step=  6860 | loss=5.4010 | lr=3.00e-04 | wd=0.0820 | mom=0.9500 | T=1.5 k=1.0 (mu_rec=1 mu_bwd=1) | grad=1.828 | tok/s=57,459 | tokens=0.22B
step=  6870 | loss=5.5814 | lr=3.00e-04 | wd=0.0820 | mom=0.9500 | T=1.5 k=1.0 (mu_rec=1 mu_bwd=1) | grad=1.453 | tok/s=54,804 | tokens=0.23B
step=  6880 | loss=5.4961 | lr=3.00e-04 | wd=0.0820 | mom=0.9500 | T=1.5 k=1.0 (mu_rec=1 mu_bwd=1) | grad=1.555 | tok/s=53,538 | tokens=0.23B
step=  6890 | loss=5.5785 | lr=3.00e-04 | wd=0.0819 | mom=0.9500 | T=1.2 k=1.0 (mu_rec=1 mu_bwd=1) | grad=1.930 | tok/s=56,955 | tokens=0.23B
step=  6900 | loss=5.5048 | lr=3.00e-04 | wd=0.0819 | mom=0.9500 | T=1.2 k=1.0 (mu_rec=1 mu_bwd=1) | grad=3.312 | tok/s=53,249 | tokens=0.23B
step=  6910 | loss=5.4118 | lr=3.00e-04 | wd=0.0819 | mom=0.9500 | T=1.0 k=1.0 (mu_rec=1 mu_bwd=1) | grad=2.109 | tok/s=57,622 | tokens=0.23B
step=  6920 | loss=5.3639 | lr=3.00e-04 | wd=0.0819 | mom=0.9500 | T=1.5 k=1.0 (mu_rec=1 mu_bwd=1) | grad=1.695 | tok/s=54,605 | tokens=0.23B
step=  6930 | loss=5.5018 | lr=3.00e-04 | wd=0.0818 | mom=0.9500 | T=1.0 k=1.0 (mu_rec=1 mu_bwd=1) | grad=1.758 | tok/s=56,797 | tokens=0.23B
step=  6940 | loss=5.4831 | lr=3.00e-04 | wd=0.0818 | mom=0.9500 | T=1.2 k=1.0 (mu_rec=1 mu_bwd=1) | grad=1.758 | tok/s=55,403 | tokens=0.23B
step=  6950 | loss=5.4342 | lr=3.00e-04 | wd=0.0818 | mom=0.9500 | T=2.0 k=1.0 (mu_rec=1 mu_bwd=1) | grad=2.094 | tok/s=56,831 | tokens=0.23B
step=  6960 | loss=5.6434 | lr=3.00e-04 | wd=0.0818 | mom=0.9500 | T=1.2 k=1.0 (mu_rec=1 mu_bwd=1) | grad=2.188 | tok/s=55,162 | tokens=0.23B
step=  6970 | loss=6.4074 | lr=3.00e-04 | wd=0.0817 | mom=0.9500 | T=1.0 k=1.0 (mu_rec=1 mu_bwd=1) | grad=2.688 | tok/s=56,048 | tokens=0.23B
step=  6980 | loss=5.9976 | lr=3.00e-04 | wd=0.0817 | mom=0.9500 | T=1.0 k=1.0 (mu_rec=1 mu_bwd=1) | grad=4.250 | tok/s=57,217 | tokens=0.23B
step=  6990 | loss=5.5513 | lr=3.00e-04 | wd=0.0817 | mom=0.9500 | T=1.5 k=1.0 (mu_rec=1 mu_bwd=1) | grad=1.898 | tok/s=53,695 | tokens=0.23B
step=  7000 | loss=5.4580 | lr=3.00e-04 | wd=0.0817 | mom=0.9500 | T=1.2 k=1.0 (mu_rec=1 mu_bwd=1) | grad=1.828 | tok/s=56,016 | tokens=0.23B
step=  7010 | loss=5.4176 | lr=3.00e-04 | wd=0.0816 | mom=0.9500 | T=2.2 k=1.0 (mu_rec=1 mu_bwd=1) | grad=1.195 | tok/s=55,365 | tokens=0.23B
step=  7020 | loss=5.4308 | lr=3.00e-04 | wd=0.0816 | mom=0.9500 | T=1.0 k=1.0 (mu_rec=1 mu_bwd=1) | grad=4.312 | tok/s=55,462 | tokens=0.23B
step=  7030 | loss=5.5247 | lr=3.00e-04 | wd=0.0816 | mom=0.9500 | T=2.0 k=1.0 (mu_rec=1 mu_bwd=1) | grad=1.836 | tok/s=51,727 | tokens=0.23B
step=  7040 | loss=5.3637 | lr=3.00e-04 | wd=0.0815 | mom=0.9500 | T=1.2 k=1.0 (mu_rec=1 mu_bwd=1) | grad=2.281 | tok/s=8,495 | tokens=0.23B
step=  7050 | loss=5.7416 | lr=3.00e-04 | wd=0.0815 | mom=0.9500 | T=1.8 k=1.0 (mu_rec=1 mu_bwd=1) | grad=2.359 | tok/s=54,260 | tokens=0.23B
step=  7060 | loss=5.7317 | lr=3.00e-04 | wd=0.0815 | mom=0.9500 | T=2.5 k=1.0 (mu_rec=1 mu_bwd=1) | grad=2.641 | tok/s=51,732 | tokens=0.23B
step=  7070 | loss=5.4292 | lr=3.00e-04 | wd=0.0815 | mom=0.9500 | T=1.0 k=1.0 (mu_rec=1 mu_bwd=1) | grad=1.930 | tok/s=54,093 | tokens=0.23B
step=  7080 | loss=5.5528 | lr=3.00e-04 | wd=0.0814 | mom=0.9500 | T=1.5 k=1.0 (mu_rec=1 mu_bwd=1) | grad=2.516 | tok/s=55,802 | tokens=0.23B
step=  7090 | loss=5.8219 | lr=3.00e-04 | wd=0.0814 | mom=0.9500 | T=1.5 k=1.0 (mu_rec=1 mu_bwd=1) | grad=2.250 | tok/s=55,267 | tokens=0.23B
step=  7100 | loss=5.8908 | lr=3.00e-04 | wd=0.0814 | mom=0.9500 | T=1.0 k=1.0 (mu_rec=1 mu_bwd=1) | grad=1.852 | tok/s=55,298 | tokens=0.23B
step=  7110 | loss=5.5200 | lr=3.00e-04 | wd=0.0814 | mom=0.9500 | T=1.5 k=1.0 (mu_rec=1 mu_bwd=1) | grad=4.812 | tok/s=52,709 | tokens=0.23B
step=  7120 | loss=5.4045 | lr=3.00e-04 | wd=0.0813 | mom=0.9500 | T=1.2 k=1.0 (mu_rec=1 mu_bwd=1) | grad=1.602 | tok/s=55,175 | tokens=0.23B
step=  7130 | loss=5.5667 | lr=3.00e-04 | wd=0.0813 | mom=0.9500 | T=1.2 k=1.0 (mu_rec=1 mu_bwd=1) | grad=4.344 | tok/s=60,187 | tokens=0.23B
step=  7140 | loss=5.4205 | lr=3.00e-04 | wd=0.0813 | mom=0.9500 | T=1.2 k=1.0 (mu_rec=1 mu_bwd=1) | grad=2.969 | tok/s=56,781 | tokens=0.23B
step=  7150 | loss=5.3442 | lr=3.00e-04 | wd=0.0813 | mom=0.9500 | T=1.2 k=1.0 (mu_rec=1 mu_bwd=1) | grad=2.344 | tok/s=59,193 | tokens=0.23B
step=  7160 | loss=5.6538 | lr=3.00e-04 | wd=0.0812 | mom=0.9500 | T=1.0 k=1.0 (mu_rec=1 mu_bwd=1) | grad=2.891 | tok/s=54,842 | tokens=0.23B
step=  7170 | loss=5.4690 | lr=3.00e-04 | wd=0.0812 | mom=0.9500 | T=1.2 k=1.0 (mu_rec=1 mu_bwd=1) | grad=1.594 | tok/s=54,711 | tokens=0.23B
step=  7180 | loss=5.6967 | lr=3.00e-04 | wd=0.0812 | mom=0.9500 | T=1.0 k=1.0 (mu_rec=1 mu_bwd=1) | grad=1.562 | tok/s=55,875 | tokens=0.24B
step=  7190 | loss=5.5753 | lr=3.00e-04 | wd=0.0812 | mom=0.9500 | T=1.0 k=1.0 (mu_rec=1 mu_bwd=1) | grad=1.508 | tok/s=57,235 | tokens=0.24B
step=  7200 | loss=5.6620 | lr=3.00e-04 | wd=0.0811 | mom=0.9500 | T=1.5 k=1.0 (mu_rec=1 mu_bwd=1) | grad=1.500 | tok/s=53,805 | tokens=0.24B
step=  7210 | loss=5.5863 | lr=3.00e-04 | wd=0.0811 | mom=0.9500 | T=1.8 k=1.0 (mu_rec=1 mu_bwd=1) | grad=1.336 | tok/s=52,288 | tokens=0.24B
step=  7220 | loss=5.4618 | lr=3.00e-04 | wd=0.0811 | mom=0.9500 | T=1.8 k=1.0 (mu_rec=1 mu_bwd=1) | grad=1.648 | tok/s=53,515 | tokens=0.24B
step=  7230 | loss=5.5233 | lr=3.00e-04 | wd=0.0810 | mom=0.9500 | T=1.8 k=1.0 (mu_rec=1 mu_bwd=1) | grad=3.406 | tok/s=55,579 | tokens=0.24B
step=  7240 | loss=5.5568 | lr=3.00e-04 | wd=0.0810 | mom=0.9500 | T=1.8 k=1.0 (mu_rec=1 mu_bwd=1) | grad=7.531 | tok/s=56,541 | tokens=0.24B
step=  7250 | loss=5.6147 | lr=3.00e-04 | wd=0.0810 | mom=0.9500 | T=1.0 k=1.0 (mu_rec=1 mu_bwd=1) | grad=6.094 | tok/s=55,724 | tokens=0.24B
step=  7260 | loss=5.5279 | lr=3.00e-04 | wd=0.0810 | mom=0.9500 | T=1.2 k=1.0 (mu_rec=1 mu_bwd=1) | grad=1.602 | tok/s=55,894 | tokens=0.24B
step=  7270 | loss=6.1266 | lr=3.00e-04 | wd=0.0809 | mom=0.9500 | T=1.5 k=1.0 (mu_rec=1 mu_bwd=1) | grad=5.469 | tok/s=55,666 | tokens=0.24B
step=  7280 | loss=5.7473 | lr=3.00e-04 | wd=0.0809 | mom=0.9500 | T=1.2 k=1.0 (mu_rec=1 mu_bwd=1) | grad=1.641 | tok/s=53,447 | tokens=0.24B
step=  7290 | loss=5.5280 | lr=3.00e-04 | wd=0.0809 | mom=0.9500 | T=1.2 k=1.0 (mu_rec=1 mu_bwd=1) | grad=1.461 | tok/s=57,724 | tokens=0.24B
step=  7300 | loss=5.5110 | lr=3.00e-04 | wd=0.0809 | mom=0.9500 | T=1.8 k=1.0 (mu_rec=1 mu_bwd=1) | grad=1.492 | tok/s=52,227 | tokens=0.24B
step=  7310 | loss=5.3448 | lr=3.00e-04 | wd=0.0808 | mom=0.9500 | T=1.8 k=1.0 (mu_rec=1 mu_bwd=1) | grad=2.484 | tok/s=57,055 | tokens=0.24B
step=  7320 | loss=5.5723 | lr=3.00e-04 | wd=0.0808 | mom=0.9500 | T=1.0 k=1.0 (mu_rec=1 mu_bwd=1) | grad=2.188 | tok/s=58,645 | tokens=0.24B
step=  7330 | loss=5.5962 | lr=3.00e-04 | wd=0.0808 | mom=0.9500 | T=1.2 k=1.0 (mu_rec=1 mu_bwd=1) | grad=1.266 | tok/s=55,589 | tokens=0.24B
step=  7340 | loss=5.5656 | lr=3.00e-04 | wd=0.0808 | mom=0.9500 | T=2.0 k=1.0 (mu_rec=1 mu_bwd=1) | grad=2.281 | tok/s=52,269 | tokens=0.24B
step=  7350 | loss=5.5388 | lr=3.00e-04 | wd=0.0807 | mom=0.9500 | T=2.0 k=1.0 (mu_rec=1 mu_bwd=1) | grad=1.344 | tok/s=54,250 | tokens=0.24B
step=  7360 | loss=5.5159 | lr=3.00e-04 | wd=0.0807 | mom=0.9500 | T=1.2 k=1.0 (mu_rec=1 mu_bwd=1) | grad=1.812 | tok/s=57,121 | tokens=0.24B
step=  7370 | loss=5.4714 | lr=3.00e-04 | wd=0.0807 | mom=0.9500 | T=1.0 k=1.0 (mu_rec=1 mu_bwd=1) | grad=1.797 | tok/s=57,848 | tokens=0.24B
step=  7380 | loss=5.5094 | lr=3.00e-04 | wd=0.0807 | mom=0.9500 | T=1.2 k=1.0 (mu_rec=1 mu_bwd=1) | grad=1.547 | tok/s=55,101 | tokens=0.24B
step=  7390 | loss=5.3551 | lr=3.00e-04 | wd=0.0806 | mom=0.9500 | T=1.0 k=1.0 (mu_rec=1 mu_bwd=1) | grad=1.992 | tok/s=56,962 | tokens=0.24B
step=  7400 | loss=5.4316 | lr=3.00e-04 | wd=0.0806 | mom=0.9500 | T=1.2 k=1.0 (mu_rec=1 mu_bwd=1) | grad=1.742 | tok/s=53,214 | tokens=0.24B
step=  7410 | loss=5.4946 | lr=3.00e-04 | wd=0.0806 | mom=0.9500 | T=1.0 k=1.0 (mu_rec=1 mu_bwd=1) | grad=1.781 | tok/s=60,932 | tokens=0.24B
step=  7420 | loss=5.6644 | lr=3.00e-04 | wd=0.0806 | mom=0.9500 | T=1.5 k=1.0 (mu_rec=1 mu_bwd=1) | grad=1.938 | tok/s=54,208 | tokens=0.24B
step=  7430 | loss=5.6165 | lr=3.00e-04 | wd=0.0805 | mom=0.9500 | T=1.0 k=1.0 (mu_rec=1 mu_bwd=1) | grad=2.641 | tok/s=54,746 | tokens=0.24B
step=  7440 | loss=5.3300 | lr=3.00e-04 | wd=0.0805 | mom=0.9500 | T=1.0 k=1.0 (mu_rec=1 mu_bwd=1) | grad=1.695 | tok/s=61,713 | tokens=0.24B
step=  7450 | loss=5.4856 | lr=3.00e-04 | wd=0.0805 | mom=0.9500 | T=1.2 k=1.0 (mu_rec=1 mu_bwd=1) | grad=1.742 | tok/s=57,775 | tokens=0.24B
step=  7460 | loss=5.5407 | lr=3.00e-04 | wd=0.0804 | mom=0.9500 | T=1.8 k=1.0 (mu_rec=1 mu_bwd=1) | grad=2.125 | tok/s=53,128 | tokens=0.24B
step=  7470 | loss=5.4633 | lr=3.00e-04 | wd=0.0804 | mom=0.9500 | T=1.8 k=1.0 (mu_rec=1 mu_bwd=1) | grad=2.688 | tok/s=57,865 | tokens=0.24B
step=  7480 | loss=5.4587 | lr=3.00e-04 | wd=0.0804 | mom=0.9500 | T=1.0 k=1.0 (mu_rec=1 mu_bwd=1) | grad=1.922 | tok/s=53,264 | tokens=0.25B
step=  7490 | loss=5.3192 | lr=3.00e-04 | wd=0.0804 | mom=0.9500 | T=2.0 k=1.0 (mu_rec=1 mu_bwd=1) | grad=1.922 | tok/s=55,992 | tokens=0.25B
step=  7500 | loss=5.5888 | lr=3.00e-04 | wd=0.0803 | mom=0.9500 | T=1.0 k=1.0 (mu_rec=1 mu_bwd=1) | grad=3.625 | tok/s=56,684 | tokens=0.25B
step=  7510 | loss=5.4873 | lr=3.00e-04 | wd=0.0803 | mom=0.9500 | T=1.0 k=1.0 (mu_rec=1 mu_bwd=1) | grad=2.141 | tok/s=57,437 | tokens=0.25B
step=  7520 | loss=5.5240 | lr=3.00e-04 | wd=0.0803 | mom=0.9500 | T=2.2 k=1.0 (mu_rec=1 mu_bwd=1) | grad=3.422 | tok/s=56,200 | tokens=0.25B
step=  7530 | loss=5.4734 | lr=3.00e-04 | wd=0.0803 | mom=0.9500 | T=1.8 k=1.0 (mu_rec=1 mu_bwd=1) | grad=1.242 | tok/s=54,906 | tokens=0.25B
step=  7540 | loss=5.5061 | lr=3.00e-04 | wd=0.0802 | mom=0.9500 | T=1.2 k=1.0 (mu_rec=1 mu_bwd=1) | grad=2.109 | tok/s=58,597 | tokens=0.25B
step=  7550 | loss=5.5605 | lr=3.00e-04 | wd=0.0802 | mom=0.9500 | T=1.2 k=1.0 (mu_rec=1 mu_bwd=1) | grad=3.641 | tok/s=56,186 | tokens=0.25B
step=  7560 | loss=5.6115 | lr=3.00e-04 | wd=0.0802 | mom=0.9500 | T=1.5 k=1.0 (mu_rec=1 mu_bwd=1) | grad=1.641 | tok/s=53,148 | tokens=0.25B
step=  7570 | loss=5.4151 | lr=3.00e-04 | wd=0.0802 | mom=0.9500 | T=1.0 k=1.0 (mu_rec=1 mu_bwd=1) | grad=2.125 | tok/s=58,052 | tokens=0.25B
step=  7580 | loss=5.4032 | lr=3.00e-04 | wd=0.0801 | mom=0.9500 | T=1.2 k=1.0 (mu_rec=1 mu_bwd=1) | grad=2.172 | tok/s=53,706 | tokens=0.25B
step=  7590 | loss=5.4203 | lr=3.00e-04 | wd=0.0801 | mom=0.9500 | T=1.2 k=1.0 (mu_rec=1 mu_bwd=1) | grad=1.406 | tok/s=55,188 | tokens=0.25B
step=  7600 | loss=5.3259 | lr=3.00e-04 | wd=0.0801 | mom=0.9500 | T=1.2 k=1.0 (mu_rec=1 mu_bwd=1) | grad=1.289 | tok/s=53,096 | tokens=0.25B
step=  7610 | loss=5.3846 | lr=3.00e-04 | wd=0.0801 | mom=0.9500 | T=1.0 k=1.0 (mu_rec=1 mu_bwd=1) | grad=1.414 | tok/s=59,659 | tokens=0.25B
step=  7620 | loss=5.5460 | lr=3.00e-04 | wd=0.0800 | mom=0.9500 | T=2.0 k=1.0 (mu_rec=1 mu_bwd=1) | grad=1.555 | tok/s=53,076 | tokens=0.25B
step=  7630 | loss=5.3527 | lr=3.00e-04 | wd=0.0800 | mom=0.9500 | T=1.2 k=1.0 (mu_rec=1 mu_bwd=1) | grad=9.375 | tok/s=56,709 | tokens=0.25B
step=  7640 | loss=5.3751 | lr=3.00e-04 | wd=0.0800 | mom=0.9500 | T=2.8 k=1.0 (mu_rec=1 mu_bwd=1) | grad=2.266 | tok/s=52,968 | tokens=0.25B
step=  7650 | loss=5.4947 | lr=3.00e-04 | wd=0.0799 | mom=0.9500 | T=1.5 k=1.0 (mu_rec=1 mu_bwd=1) | grad=1.539 | tok/s=56,863 | tokens=0.25B
step=  7660 | loss=5.6193 | lr=3.00e-04 | wd=0.0799 | mom=0.9500 | T=1.0 k=1.0 (mu_rec=1 mu_bwd=1) | grad=1.602 | tok/s=54,454 | tokens=0.25B
step=  7670 | loss=5.5177 | lr=3.00e-04 | wd=0.0799 | mom=0.9500 | T=2.0 k=1.0 (mu_rec=1 mu_bwd=1) | grad=1.625 | tok/s=52,921 | tokens=0.25B
step=  7680 | loss=5.4925 | lr=3.00e-04 | wd=0.0799 | mom=0.9500 | T=1.5 k=1.0 (mu_rec=1 mu_bwd=1) | grad=1.391 | tok/s=7,632 | tokens=0.25B
step=  7690 | loss=5.3183 | lr=3.00e-04 | wd=0.0798 | mom=0.9500 | T=1.0 k=1.0 (mu_rec=1 mu_bwd=1) | grad=1.539 | tok/s=56,881 | tokens=0.25B
step=  7700 | loss=5.3402 | lr=3.00e-04 | wd=0.0798 | mom=0.9500 | T=1.5 k=1.0 (mu_rec=1 mu_bwd=1) | grad=4.969 | tok/s=53,167 | tokens=0.25B
step=  7710 | loss=5.4944 | lr=3.00e-04 | wd=0.0798 | mom=0.9500 | T=1.2 k=1.0 (mu_rec=1 mu_bwd=1) | grad=3.344 | tok/s=53,907 | tokens=0.25B
step=  7720 | loss=5.5189 | lr=3.00e-04 | wd=0.0798 | mom=0.9500 | T=1.0 k=1.0 (mu_rec=1 mu_bwd=1) | grad=1.648 | tok/s=57,545 | tokens=0.25B
step=  7730 | loss=5.3293 | lr=3.00e-04 | wd=0.0797 | mom=0.9500 | T=1.0 k=1.0 (mu_rec=1 mu_bwd=1) | grad=2.188 | tok/s=60,043 | tokens=0.25B
step=  7740 | loss=5.3207 | lr=3.00e-04 | wd=0.0797 | mom=0.9500 | T=1.2 k=1.0 (mu_rec=1 mu_bwd=1) | grad=1.883 | tok/s=57,004 | tokens=0.25B
step=  7750 | loss=5.4927 | lr=3.00e-04 | wd=0.0797 | mom=0.9500 | T=1.5 k=1.0 (mu_rec=1 mu_bwd=1) | grad=3.016 | tok/s=54,515 | tokens=0.25B
step=  7760 | loss=5.5172 | lr=3.00e-04 | wd=0.0797 | mom=0.9500 | T=1.0 k=1.0 (mu_rec=1 mu_bwd=1) | grad=1.820 | tok/s=59,042 | tokens=0.25B
step=  7770 | loss=5.3066 | lr=3.00e-04 | wd=0.0796 | mom=0.9500 | T=1.2 k=1.0 (mu_rec=1 mu_bwd=1) | grad=1.938 | tok/s=55,948 | tokens=0.25B
step=  7780 | loss=5.1538 | lr=3.00e-04 | wd=0.0796 | mom=0.9500 | T=1.2 k=1.0 (mu_rec=1 mu_bwd=1) | grad=2.047 | tok/s=54,187 | tokens=0.25B
step=  7790 | loss=5.3770 | lr=3.00e-04 | wd=0.0796 | mom=0.9500 | T=1.2 k=1.0 (mu_rec=1 mu_bwd=1) | grad=1.664 | tok/s=56,476 | tokens=0.26B
step=  7800 | loss=5.3961 | lr=3.00e-04 | wd=0.0796 | mom=0.9500 | T=1.0 k=1.0 (mu_rec=1 mu_bwd=1) | grad=1.969 | tok/s=58,309 | tokens=0.26B
step=  7810 | loss=5.4478 | lr=3.00e-04 | wd=0.0795 | mom=0.9500 | T=1.2 k=1.0 (mu_rec=1 mu_bwd=1) | grad=1.305 | tok/s=55,759 | tokens=0.26B
step=  7820 | loss=5.3393 | lr=3.00e-04 | wd=0.0795 | mom=0.9500 | T=1.5 k=1.0 (mu_rec=1 mu_bwd=1) | grad=1.844 | tok/s=52,524 | tokens=0.26B
step=  7830 | loss=5.1722 | lr=3.00e-04 | wd=0.0795 | mom=0.9500 | T=1.0 k=1.0 (mu_rec=1 mu_bwd=1) | grad=4.438 | tok/s=55,860 | tokens=0.26B
step=  7840 | loss=5.3885 | lr=3.00e-04 | wd=0.0795 | mom=0.9500 | T=1.8 k=1.0 (mu_rec=1 mu_bwd=1) | grad=1.602 | tok/s=53,928 | tokens=0.26B
step=  7850 | loss=5.6194 | lr=3.00e-04 | wd=0.0794 | mom=0.9500 | T=1.5 k=1.0 (mu_rec=1 mu_bwd=1) | grad=2.875 | tok/s=57,038 | tokens=0.26B
step=  7860 | loss=5.5328 | lr=3.00e-04 | wd=0.0794 | mom=0.9500 | T=1.2 k=1.0 (mu_rec=1 mu_bwd=1) | grad=1.656 | tok/s=55,722 | tokens=0.26B
step=  7870 | loss=5.4298 | lr=3.00e-04 | wd=0.0794 | mom=0.9500 | T=1.5 k=1.0 (mu_rec=1 mu_bwd=1) | grad=1.328 | tok/s=58,091 | tokens=0.26B
step=  7880 | loss=5.4522 | lr=3.00e-04 | wd=0.0793 | mom=0.9500 | T=1.2 k=1.0 (mu_rec=1 mu_bwd=1) | grad=1.898 | tok/s=54,638 | tokens=0.26B
step=  7890 | loss=5.4077 | lr=3.00e-04 | wd=0.0793 | mom=0.9500 | T=1.0 k=1.0 (mu_rec=1 mu_bwd=1) | grad=2.781 | tok/s=53,852 | tokens=0.26B
step=  7900 | loss=5.5935 | lr=3.00e-04 | wd=0.0793 | mom=0.9500 | T=1.0 k=1.0 (mu_rec=1 mu_bwd=1) | grad=2.641 | tok/s=55,548 | tokens=0.26B
step=  7910 | loss=5.5405 | lr=3.00e-04 | wd=0.0793 | mom=0.9500 | T=1.0 k=1.0 (mu_rec=1 mu_bwd=1) | grad=3.281 | tok/s=8,808 | tokens=0.26B
step=  7920 | loss=5.5762 | lr=3.00e-04 | wd=0.0792 | mom=0.9500 | T=1.5 k=1.0 (mu_rec=1 mu_bwd=1) | grad=2.172 | tok/s=55,370 | tokens=0.26B
step=  7930 | loss=5.2964 | lr=3.00e-04 | wd=0.0792 | mom=0.9500 | T=1.5 k=1.0 (mu_rec=1 mu_bwd=1) | grad=1.742 | tok/s=52,994 | tokens=0.26B
step=  7940 | loss=5.2034 | lr=3.00e-04 | wd=0.0792 | mom=0.9500 | T=1.8 k=1.0 (mu_rec=1 mu_bwd=1) | grad=2.172 | tok/s=58,847 | tokens=0.26B
step=  7950 | loss=5.6683 | lr=3.00e-04 | wd=0.0792 | mom=0.9500 | T=1.0 k=1.0 (mu_rec=1 mu_bwd=1) | grad=8.438 | tok/s=56,958 | tokens=0.26B
step=  7960 | loss=5.3021 | lr=3.00e-04 | wd=0.0791 | mom=0.9500 | T=2.2 k=1.0 (mu_rec=1 mu_bwd=1) | grad=1.797 | tok/s=54,445 | tokens=0.26B
step=  7970 | loss=6.0210 | lr=3.00e-04 | wd=0.0791 | mom=0.9500 | T=1.5 k=1.0 (mu_rec=1 mu_bwd=1) | grad=2.641 | tok/s=56,464 | tokens=0.26B
step=  7980 | loss=5.5761 | lr=3.00e-04 | wd=0.0791 | mom=0.9500 | T=1.5 k=1.0 (mu_rec=1 mu_bwd=1) | grad=1.336 | tok/s=55,574 | tokens=0.26B
step=  7990 | loss=5.5860 | lr=3.00e-04 | wd=0.0791 | mom=0.9500 | T=1.2 k=1.0 (mu_rec=1 mu_bwd=1) | grad=1.703 | tok/s=54,640 | tokens=0.26B
step=  8000 | loss=5.2179 | lr=3.00e-04 | wd=0.0790 | mom=0.9500 | T=1.0 k=1.0 (mu_rec=1 mu_bwd=1) | grad=2.078 | tok/s=54,820 | tokens=0.26B
step=  8010 | loss=5.4512 | lr=3.00e-04 | wd=0.0790 | mom=0.9500 | T=1.2 k=1.0 (mu_rec=1 mu_bwd=1) | grad=2.000 | tok/s=58,940 | tokens=0.26B
step=  8020 | loss=5.5475 | lr=3.00e-04 | wd=0.0790 | mom=0.9500 | T=1.0 k=1.0 (mu_rec=1 mu_bwd=1) | grad=2.625 | tok/s=57,464 | tokens=0.26B
step=  8030 | loss=5.4407 | lr=3.00e-04 | wd=0.0790 | mom=0.9500 | T=1.2 k=1.0 (mu_rec=1 mu_bwd=1) | grad=2.688 | tok/s=56,621 | tokens=0.26B
step=  8040 | loss=5.4724 | lr=3.00e-04 | wd=0.0789 | mom=0.9500 | T=1.0 k=1.0 (mu_rec=1 mu_bwd=1) | grad=1.656 | tok/s=55,095 | tokens=0.26B
step=  8050 | loss=5.3839 | lr=3.00e-04 | wd=0.0789 | mom=0.9500 | T=1.5 k=1.0 (mu_rec=1 mu_bwd=1) | grad=1.688 | tok/s=52,660 | tokens=0.26B
step=  8060 | loss=5.6148 | lr=3.00e-04 | wd=0.0789 | mom=0.9500 | T=1.2 k=1.0 (mu_rec=1 mu_bwd=1) | grad=1.891 | tok/s=58,739 | tokens=0.26B
step=  8070 | loss=5.4976 | lr=3.00e-04 | wd=0.0788 | mom=0.9500 | T=2.5 k=1.0 (mu_rec=1 mu_bwd=1) | grad=1.805 | tok/s=53,290 | tokens=0.26B
step=  8080 | loss=5.4514 | lr=3.00e-04 | wd=0.0788 | mom=0.9500 | T=1.5 k=1.0 (mu_rec=1 mu_bwd=1) | grad=4.625 | tok/s=56,356 | tokens=0.26B
step=  8090 | loss=5.2792 | lr=3.00e-04 | wd=0.0788 | mom=0.9500 | T=1.5 k=1.0 (mu_rec=1 mu_bwd=1) | grad=1.961 | tok/s=53,427 | tokens=0.27B
step=  8100 | loss=5.3651 | lr=3.00e-04 | wd=0.0788 | mom=0.9500 | T=1.5 k=1.0 (mu_rec=1 mu_bwd=1) | grad=2.156 | tok/s=55,842 | tokens=0.27B
step=  8110 | loss=5.7814 | lr=3.00e-04 | wd=0.0787 | mom=0.9500 | T=2.0 k=1.0 (mu_rec=1 mu_bwd=1) | grad=3.359 | tok/s=52,485 | tokens=0.27B
step=  8120 | loss=5.3917 | lr=3.00e-04 | wd=0.0787 | mom=0.9500 | T=1.2 k=1.0 (mu_rec=1 mu_bwd=1) | grad=3.609 | tok/s=55,033 | tokens=0.27B
step=  8130 | loss=5.3345 | lr=3.00e-04 | wd=0.0787 | mom=0.9500 | T=1.5 k=1.0 (mu_rec=1 mu_bwd=1) | grad=1.570 | tok/s=55,309 | tokens=0.27B
step=  8140 | loss=5.4144 | lr=3.00e-04 | wd=0.0787 | mom=0.9500 | T=1.8 k=1.0 (mu_rec=1 mu_bwd=1) | grad=2.250 | tok/s=56,545 | tokens=0.27B
step=  8150 | loss=5.6350 | lr=3.00e-04 | wd=0.0786 | mom=0.9500 | T=1.0 k=1.0 (mu_rec=1 mu_bwd=1) | grad=2.000 | tok/s=55,196 | tokens=0.27B
step=  8160 | loss=5.3847 | lr=3.00e-04 | wd=0.0786 | mom=0.9500 | T=1.2 k=1.0 (mu_rec=1 mu_bwd=1) | grad=1.875 | tok/s=54,593 | tokens=0.27B
step=  8170 | loss=5.5277 | lr=3.00e-04 | wd=0.0786 | mom=0.9500 | T=1.5 k=1.0 (mu_rec=1 mu_bwd=1) | grad=1.883 | tok/s=58,933 | tokens=0.27B
step=  8180 | loss=5.3999 | lr=3.00e-04 | wd=0.0786 | mom=0.9500 | T=2.2 k=1.0 (mu_rec=1 mu_bwd=1) | grad=1.703 | tok/s=54,491 | tokens=0.27B
step=  8190 | loss=5.4798 | lr=3.00e-04 | wd=0.0785 | mom=0.9500 | T=1.2 k=1.0 (mu_rec=1 mu_bwd=1) | grad=3.203 | tok/s=58,772 | tokens=0.27B
step=  8200 | loss=5.2861 | lr=3.00e-04 | wd=0.0785 | mom=0.9500 | T=1.2 k=1.0 (mu_rec=1 mu_bwd=1) | grad=2.641 | tok/s=55,385 | tokens=0.27B
step=  8210 | loss=5.3421 | lr=3.00e-04 | wd=0.0785 | mom=0.9500 | T=1.0 k=1.0 (mu_rec=1 mu_bwd=1) | grad=1.414 | tok/s=56,995 | tokens=0.27B
step=  8220 | loss=5.3722 | lr=3.00e-04 | wd=0.0785 | mom=0.9500 | T=1.2 k=1.0 (mu_rec=1 mu_bwd=1) | grad=1.688 | tok/s=55,068 | tokens=0.27B
step=  8230 | loss=5.6302 | lr=3.00e-04 | wd=0.0784 | mom=0.9500 | T=2.0 k=1.0 (mu_rec=1 mu_bwd=1) | grad=1.492 | tok/s=58,226 | tokens=0.27B
step=  8240 | loss=5.4042 | lr=3.00e-04 | wd=0.0784 | mom=0.9500 | T=1.2 k=1.0 (mu_rec=1 mu_bwd=1) | grad=1.336 | tok/s=55,517 | tokens=0.27B
step=  8250 | loss=5.2646 | lr=3.00e-04 | wd=0.0784 | mom=0.9500 | T=1.0 k=1.0 (mu_rec=1 mu_bwd=1) | grad=1.867 | tok/s=59,803 | tokens=0.27B
step=  8260 | loss=5.2165 | lr=3.00e-04 | wd=0.0783 | mom=0.9500 | T=1.2 k=1.0 (mu_rec=1 mu_bwd=1) | grad=1.891 | tok/s=55,940 | tokens=0.27B
step=  8270 | loss=5.2617 | lr=3.00e-04 | wd=0.0783 | mom=0.9500 | T=1.0 k=1.0 (mu_rec=1 mu_bwd=1) | grad=1.617 | tok/s=55,695 | tokens=0.27B
step=  8280 | loss=5.2702 | lr=3.00e-04 | wd=0.0783 | mom=0.9500 | T=1.0 k=1.0 (mu_rec=1 mu_bwd=1) | grad=2.688 | tok/s=58,806 | tokens=0.27B
step=  8290 | loss=5.4784 | lr=3.00e-04 | wd=0.0783 | mom=0.9500 | T=1.5 k=1.0 (mu_rec=1 mu_bwd=1) | grad=1.883 | tok/s=55,790 | tokens=0.27B
step=  8300 | loss=5.4460 | lr=3.00e-04 | wd=0.0782 | mom=0.9500 | T=1.8 k=1.0 (mu_rec=1 mu_bwd=1) | grad=2.203 | tok/s=53,422 | tokens=0.27B
step=  8310 | loss=5.4215 | lr=3.00e-04 | wd=0.0782 | mom=0.9500 | T=1.8 k=1.0 (mu_rec=1 mu_bwd=1) | grad=3.422 | tok/s=55,915 | tokens=0.27B
step=  8320 | loss=5.4526 | lr=3.00e-04 | wd=0.0782 | mom=0.9500 | T=1.2 k=1.0 (mu_rec=1 mu_bwd=1) | grad=3.938 | tok/s=56,503 | tokens=0.27B
step=  8330 | loss=5.4260 | lr=3.00e-04 | wd=0.0782 | mom=0.9500 | T=1.0 k=1.0 (mu_rec=1 mu_bwd=1) | grad=3.891 | tok/s=55,405 | tokens=0.27B
step=  8340 | loss=5.3866 | lr=3.00e-04 | wd=0.0781 | mom=0.9500 | T=2.0 k=1.0 (mu_rec=1 mu_bwd=1) | grad=2.859 | tok/s=54,649 | tokens=0.27B
step=  8350 | loss=5.4490 | lr=3.00e-04 | wd=0.0781 | mom=0.9500 | T=1.5 k=1.0 (mu_rec=1 mu_bwd=1) | grad=2.672 | tok/s=54,074 | tokens=0.27B
step=  8360 | loss=5.5324 | lr=3.00e-04 | wd=0.0781 | mom=0.9500 | T=1.2 k=1.0 (mu_rec=1 mu_bwd=1) | grad=4.656 | tok/s=55,428 | tokens=0.27B
step=  8370 | loss=5.3612 | lr=3.00e-04 | wd=0.0781 | mom=0.9500 | T=1.2 k=1.0 (mu_rec=1 mu_bwd=1) | grad=2.078 | tok/s=53,786 | tokens=0.27B
step=  8380 | loss=5.4431 | lr=3.00e-04 | wd=0.0780 | mom=0.9500 | T=1.5 k=1.0 (mu_rec=1 mu_bwd=1) | grad=1.516 | tok/s=56,262 | tokens=0.27B
step=  8390 | loss=5.5559 | lr=3.00e-04 | wd=0.0780 | mom=0.9500 | T=1.0 k=1.0 (mu_rec=1 mu_bwd=1) | grad=2.516 | tok/s=56,692 | tokens=0.27B
step=  8400 | loss=5.4375 | lr=3.00e-04 | wd=0.0780 | mom=0.9500 | T=1.0 k=1.0 (mu_rec=1 mu_bwd=1) | grad=8.750 | tok/s=55,209 | tokens=0.28B
step=  8410 | loss=5.7740 | lr=3.00e-04 | wd=0.0780 | mom=0.9500 | T=2.0 k=1.0 (mu_rec=1 mu_bwd=1) | grad=1.625 | tok/s=52,631 | tokens=0.28B
step=  8420 | loss=5.5941 | lr=3.00e-04 | wd=0.0779 | mom=0.9500 | T=1.8 k=1.0 (mu_rec=1 mu_bwd=1) | grad=2.562 | tok/s=54,485 | tokens=0.28B
step=  8430 | loss=5.3778 | lr=3.00e-04 | wd=0.0779 | mom=0.9500 | T=1.0 k=1.0 (mu_rec=1 mu_bwd=1) | grad=2.469 | tok/s=59,303 | tokens=0.28B
step=  8440 | loss=5.4290 | lr=3.00e-04 | wd=0.0779 | mom=0.9500 | T=1.2 k=1.0 (mu_rec=1 mu_bwd=1) | grad=2.156 | tok/s=57,021 | tokens=0.28B
step=  8450 | loss=5.5210 | lr=3.00e-04 | wd=0.0779 | mom=0.9500 | T=1.0 k=1.0 (mu_rec=1 mu_bwd=1) | grad=1.852 | tok/s=58,627 | tokens=0.28B
step=  8460 | loss=5.4064 | lr=3.00e-04 | wd=0.0778 | mom=0.9500 | T=1.0 k=1.0 (mu_rec=1 mu_bwd=1) | grad=1.680 | tok/s=53,617 | tokens=0.28B
step=  8470 | loss=5.3036 | lr=3.00e-04 | wd=0.0778 | mom=0.9500 | T=1.0 k=1.0 (mu_rec=1 mu_bwd=1) | grad=1.508 | tok/s=57,470 | tokens=0.28B
step=  8480 | loss=5.3502 | lr=3.00e-04 | wd=0.0778 | mom=0.9500 | T=1.0 k=1.0 (mu_rec=1 mu_bwd=1) | grad=2.797 | tok/s=55,260 | tokens=0.28B
step=  8490 | loss=5.3491 | lr=3.00e-04 | wd=0.0777 | mom=0.9500 | T=1.2 k=1.0 (mu_rec=1 mu_bwd=1) | grad=1.609 | tok/s=51,873 | tokens=0.28B
step=  8500 | loss=5.3465 | lr=3.00e-04 | wd=0.0777 | mom=0.9500 | T=1.8 k=1.0 (mu_rec=1 mu_bwd=1) | grad=3.078 | tok/s=54,860 | tokens=0.28B
step=  8510 | loss=5.1758 | lr=3.00e-04 | wd=0.0777 | mom=0.9500 | T=1.5 k=1.0 (mu_rec=1 mu_bwd=1) | grad=2.250 | tok/s=51,985 | tokens=0.28B
step=  8520 | loss=5.3881 | lr=3.00e-04 | wd=0.0777 | mom=0.9500 | T=1.0 k=1.0 (mu_rec=1 mu_bwd=1) | grad=2.359 | tok/s=54,944 | tokens=0.28B
step=  8530 | loss=5.4748 | lr=3.00e-04 | wd=0.0776 | mom=0.9500 | T=1.2 k=1.0 (mu_rec=1 mu_bwd=1) | grad=2.031 | tok/s=54,205 | tokens=0.28B
step=  8540 | loss=5.3722 | lr=3.00e-04 | wd=0.0776 | mom=0.9500 | T=1.5 k=1.0 (mu_rec=1 mu_bwd=1) | grad=2.484 | tok/s=54,841 | tokens=0.28B
step=  8550 | loss=5.5173 | lr=3.00e-04 | wd=0.0776 | mom=0.9500 | T=1.0 k=1.0 (mu_rec=1 mu_bwd=1) | grad=1.586 | tok/s=55,329 | tokens=0.28B
step=  8560 | loss=5.4513 | lr=3.00e-04 | wd=0.0776 | mom=0.9500 | T=1.5 k=1.0 (mu_rec=1 mu_bwd=1) | grad=2.094 | tok/s=54,999 | tokens=0.28B
step=  8570 | loss=5.4831 | lr=3.00e-04 | wd=0.0775 | mom=0.9500 | T=1.0 k=1.0 (mu_rec=1 mu_bwd=1) | grad=1.961 | tok/s=56,989 | tokens=0.28B
step=  8580 | loss=5.4659 | lr=3.00e-04 | wd=0.0775 | mom=0.9500 | T=1.2 k=1.0 (mu_rec=1 mu_bwd=1) | grad=1.445 | tok/s=53,923 | tokens=0.28B
step=  8590 | loss=5.4519 | lr=3.00e-04 | wd=0.0775 | mom=0.9500 | T=1.0 k=1.0 (mu_rec=1 mu_bwd=1) | grad=4.094 | tok/s=58,678 | tokens=0.28B
step=  8600 | loss=5.3579 | lr=3.00e-04 | wd=0.0775 | mom=0.9500 | T=2.0 k=1.0 (mu_rec=1 mu_bwd=1) | grad=1.461 | tok/s=52,222 | tokens=0.28B
step=  8610 | loss=5.4425 | lr=3.00e-04 | wd=0.0774 | mom=0.9500 | T=2.0 k=1.0 (mu_rec=1 mu_bwd=1) | grad=1.328 | tok/s=55,014 | tokens=0.28B
step=  8620 | loss=5.4463 | lr=3.00e-04 | wd=0.0774 | mom=0.9500 | T=1.5 k=1.0 (mu_rec=1 mu_bwd=1) | grad=1.836 | tok/s=54,378 | tokens=0.28B
step=  8630 | loss=5.3155 | lr=3.00e-04 | wd=0.0774 | mom=0.9500 | T=1.0 k=1.0 (mu_rec=1 mu_bwd=1) | grad=1.914 | tok/s=54,164 | tokens=0.28B
step=  8640 | loss=5.3044 | lr=3.00e-04 | wd=0.0774 | mom=0.9500 | T=1.0 k=1.0 (mu_rec=1 mu_bwd=1) | grad=10.812 | tok/s=59,080 | tokens=0.28B
step=  8650 | loss=5.2413 | lr=3.00e-04 | wd=0.0773 | mom=0.9500 | T=1.0 k=1.0 (mu_rec=1 mu_bwd=1) | grad=8.812 | tok/s=58,032 | tokens=0.28B
step=  8660 | loss=5.4036 | lr=3.00e-04 | wd=0.0773 | mom=0.9500 | T=1.2 k=1.0 (mu_rec=1 mu_bwd=1) | grad=2.453 | tok/s=55,635 | tokens=0.28B
step=  8670 | loss=5.2724 | lr=3.00e-04 | wd=0.0773 | mom=0.9500 | T=1.0 k=1.0 (mu_rec=1 mu_bwd=1) | grad=3.406 | tok/s=8,833 | tokens=0.28B
step=  8680 | loss=5.4124 | lr=3.00e-04 | wd=0.0772 | mom=0.9500 | T=2.0 k=1.0 (mu_rec=1 mu_bwd=1) | grad=1.359 | tok/s=57,115 | tokens=0.28B
step=  8690 | loss=5.6286 | lr=3.00e-04 | wd=0.0772 | mom=0.9500 | T=1.2 k=1.0 (mu_rec=1 mu_bwd=1) | grad=1.820 | tok/s=55,533 | tokens=0.28B
step=  8700 | loss=5.3154 | lr=3.00e-04 | wd=0.0772 | mom=0.9500 | T=1.5 k=1.0 (mu_rec=1 mu_bwd=1) | grad=5.594 | tok/s=54,583 | tokens=0.29B
step=  8710 | loss=5.2772 | lr=3.00e-04 | wd=0.0772 | mom=0.9500 | T=1.5 k=1.0 (mu_rec=1 mu_bwd=1) | grad=2.000 | tok/s=56,059 | tokens=0.29B
step=  8720 | loss=5.3856 | lr=3.00e-04 | wd=0.0771 | mom=0.9500 | T=1.5 k=1.0 (mu_rec=1 mu_bwd=1) | grad=2.141 | tok/s=56,830 | tokens=0.29B
step=  8730 | loss=5.2902 | lr=3.00e-04 | wd=0.0771 | mom=0.9500 | T=2.8 k=1.0 (mu_rec=1 mu_bwd=1) | grad=1.664 | tok/s=53,349 | tokens=0.29B
step=  8740 | loss=5.3081 | lr=3.00e-04 | wd=0.0771 | mom=0.9500 | T=1.5 k=1.0 (mu_rec=1 mu_bwd=1) | grad=1.469 | tok/s=54,634 | tokens=0.29B
step=  8750 | loss=5.4083 | lr=3.00e-04 | wd=0.0771 | mom=0.9500 | T=4.0 k=1.0 (mu_rec=1 mu_bwd=1) | grad=1.133 | tok/s=55,247 | tokens=0.29B
step=  8760 | loss=5.3784 | lr=3.00e-04 | wd=0.0770 | mom=0.9500 | T=1.2 k=1.0 (mu_rec=1 mu_bwd=1) | grad=1.828 | tok/s=55,092 | tokens=0.29B
step=  8770 | loss=5.4219 | lr=3.00e-04 | wd=0.0770 | mom=0.9500 | T=1.8 k=1.0 (mu_rec=1 mu_bwd=1) | grad=1.336 | tok/s=55,911 | tokens=0.29B
step=  8780 | loss=5.4385 | lr=3.00e-04 | wd=0.0770 | mom=0.9500 | T=1.5 k=1.0 (mu_rec=1 mu_bwd=1) | grad=1.719 | tok/s=8,326 | tokens=0.29B
step=  8790 | loss=5.3006 | lr=3.00e-04 | wd=0.0770 | mom=0.9500 | T=1.8 k=1.0 (mu_rec=1 mu_bwd=1) | grad=1.953 | tok/s=55,961 | tokens=0.29B
step=  8800 | loss=5.3150 | lr=3.00e-04 | wd=0.0769 | mom=0.9500 | T=1.5 k=1.0 (mu_rec=1 mu_bwd=1) | grad=1.828 | tok/s=56,673 | tokens=0.29B
step=  8810 | loss=5.3908 | lr=3.00e-04 | wd=0.0769 | mom=0.9500 | T=2.0 k=1.0 (mu_rec=1 mu_bwd=1) | grad=3.094 | tok/s=56,643 | tokens=0.29B
step=  8820 | loss=5.3288 | lr=3.00e-04 | wd=0.0769 | mom=0.9500 | T=1.0 k=1.0 (mu_rec=1 mu_bwd=1) | grad=1.688 | tok/s=55,613 | tokens=0.29B
step=  8830 | loss=5.4074 | lr=3.00e-04 | wd=0.0769 | mom=0.9500 | T=1.8 k=1.0 (mu_rec=1 mu_bwd=1) | grad=1.344 | tok/s=56,723 | tokens=0.29B
step=  8840 | loss=5.2939 | lr=3.00e-04 | wd=0.0768 | mom=0.9500 | T=1.5 k=1.0 (mu_rec=1 mu_bwd=1) | grad=4.688 | tok/s=56,047 | tokens=0.29B
step=  8850 | loss=5.3204 | lr=3.00e-04 | wd=0.0768 | mom=0.9500 | T=1.8 k=1.0 (mu_rec=1 mu_bwd=1) | grad=1.609 | tok/s=53,556 | tokens=0.29B
step=  8860 | loss=5.4257 | lr=3.00e-04 | wd=0.0768 | mom=0.9500 | T=2.0 k=1.0 (mu_rec=1 mu_bwd=1) | grad=1.320 | tok/s=55,719 | tokens=0.29B
step=  8870 | loss=5.4725 | lr=3.00e-04 | wd=0.0767 | mom=0.9500 | T=1.0 k=1.0 (mu_rec=1 mu_bwd=1) | grad=1.820 | tok/s=58,934 | tokens=0.29B
step=  8880 | loss=5.2552 | lr=3.00e-04 | wd=0.0767 | mom=0.9500 | T=1.2 k=1.0 (mu_rec=1 mu_bwd=1) | grad=4.469 | tok/s=57,019 | tokens=0.29B
step=  8890 | loss=5.3747 | lr=3.00e-04 | wd=0.0767 | mom=0.9500 | T=1.0 k=1.0 (mu_rec=1 mu_bwd=1) | grad=1.875 | tok/s=57,614 | tokens=0.29B
step=  8900 | loss=5.4065 | lr=3.00e-04 | wd=0.0767 | mom=0.9500 | T=2.8 k=1.0 (mu_rec=1 mu_bwd=1) | grad=1.406 | tok/s=55,947 | tokens=0.29B
step=  8910 | loss=5.4529 | lr=3.00e-04 | wd=0.0766 | mom=0.9500 | T=1.0 k=1.0 (mu_rec=1 mu_bwd=1) | grad=4.844 | tok/s=58,278 | tokens=0.29B
step=  8920 | loss=5.4365 | lr=3.00e-04 | wd=0.0766 | mom=0.9500 | T=1.5 k=1.0 (mu_rec=1 mu_bwd=1) | grad=2.266 | tok/s=51,403 | tokens=0.29B
step=  8930 | loss=5.4131 | lr=3.00e-04 | wd=0.0766 | mom=0.9500 | T=1.2 k=1.0 (mu_rec=1 mu_bwd=1) | grad=1.461 | tok/s=54,562 | tokens=0.29B
step=  8940 | loss=5.4242 | lr=3.00e-04 | wd=0.0766 | mom=0.9500 | T=1.0 k=1.0 (mu_rec=1 mu_bwd=1) | grad=3.406 | tok/s=57,692 | tokens=0.29B
step=  8950 | loss=5.4481 | lr=3.00e-04 | wd=0.0765 | mom=0.9500 | T=1.2 k=1.0 (mu_rec=1 mu_bwd=1) | grad=2.469 | tok/s=56,693 | tokens=0.29B
step=  8960 | loss=5.3415 | lr=3.00e-04 | wd=0.0765 | mom=0.9500 | T=1.0 k=1.0 (mu_rec=1 mu_bwd=1) | grad=2.609 | tok/s=59,294 | tokens=0.29B
step=  8970 | loss=5.7540 | lr=3.00e-04 | wd=0.0765 | mom=0.9500 | T=1.5 k=1.0 (mu_rec=1 mu_bwd=1) | grad=2.484 | tok/s=56,118 | tokens=0.29B
step=  8980 | loss=5.7844 | lr=3.00e-04 | wd=0.0765 | mom=0.9500 | T=1.0 k=1.0 (mu_rec=1 mu_bwd=1) | grad=2.312 | tok/s=54,935 | tokens=0.29B
step=  8990 | loss=5.4071 | lr=3.00e-04 | wd=0.0764 | mom=0.9500 | T=1.2 k=1.0 (mu_rec=1 mu_bwd=1) | grad=1.750 | tok/s=56,781 | tokens=0.29B
step=  9000 | loss=5.3516 | lr=3.00e-04 | wd=0.0764 | mom=0.9500 | T=1.2 k=1.0 (mu_rec=1 mu_bwd=1) | grad=2.312 | tok/s=57,336 | tokens=0.29B
step=  9010 | loss=5.0966 | lr=3.00e-04 | wd=0.0764 | mom=0.9500 | T=2.2 k=1.0 (mu_rec=1 mu_bwd=1) | grad=1.484 | tok/s=53,024 | tokens=0.30B
step=  9020 | loss=5.3391 | lr=3.00e-04 | wd=0.0764 | mom=0.9500 | T=1.5 k=1.0 (mu_rec=1 mu_bwd=1) | grad=1.625 | tok/s=51,288 | tokens=0.30B
step=  9030 | loss=5.2991 | lr=3.00e-04 | wd=0.0763 | mom=0.9500 | T=1.5 k=1.0 (mu_rec=1 mu_bwd=1) | grad=1.875 | tok/s=53,679 | tokens=0.30B
step=  9040 | loss=5.2994 | lr=3.00e-04 | wd=0.0763 | mom=0.9500 | T=2.5 k=1.0 (mu_rec=1 mu_bwd=1) | grad=2.172 | tok/s=56,631 | tokens=0.30B
step=  9050 | loss=5.3431 | lr=3.00e-04 | wd=0.0763 | mom=0.9500 | T=1.2 k=1.0 (mu_rec=1 mu_bwd=1) | grad=2.500 | tok/s=54,969 | tokens=0.30B
step=  9060 | loss=5.5046 | lr=3.00e-04 | wd=0.0763 | mom=0.9500 | T=1.5 k=1.0 (mu_rec=1 mu_bwd=1) | grad=2.828 | tok/s=58,298 | tokens=0.30B
step=  9070 | loss=5.3379 | lr=3.00e-04 | wd=0.0762 | mom=0.9500 | T=1.0 k=1.0 (mu_rec=1 mu_bwd=1) | grad=1.945 | tok/s=54,449 | tokens=0.30B
step=  9080 | loss=5.3312 | lr=3.00e-04 | wd=0.0762 | mom=0.9500 | T=2.2 k=1.0 (mu_rec=1 mu_bwd=1) | grad=1.727 | tok/s=50,540 | tokens=0.30B
step=  9090 | loss=5.7956 | lr=3.00e-04 | wd=0.0762 | mom=0.9500 | T=1.5 k=1.0 (mu_rec=1 mu_bwd=1) | grad=1.617 | tok/s=53,855 | tokens=0.30B
step=  9100 | loss=5.3533 | lr=3.00e-04 | wd=0.0761 | mom=0.9500 | T=2.0 k=1.0 (mu_rec=1 mu_bwd=1) | grad=2.250 | tok/s=51,086 | tokens=0.30B
step=  9110 | loss=5.4708 | lr=3.00e-04 | wd=0.0761 | mom=0.9500 | T=1.8 k=1.0 (mu_rec=1 mu_bwd=1) | grad=1.438 | tok/s=55,313 | tokens=0.30B
step=  9120 | loss=5.4316 | lr=3.00e-04 | wd=0.0761 | mom=0.9500 | T=2.0 k=1.0 (mu_rec=1 mu_bwd=1) | grad=2.531 | tok/s=54,431 | tokens=0.30B
step=  9130 | loss=5.2796 | lr=3.00e-04 | wd=0.0761 | mom=0.9500 | T=1.0 k=1.0 (mu_rec=1 mu_bwd=1) | grad=2.031 | tok/s=56,387 | tokens=0.30B
step=  9140 | loss=5.1900 | lr=3.00e-04 | wd=0.0760 | mom=0.9500 | T=1.2 k=1.0 (mu_rec=1 mu_bwd=1) | grad=1.906 | tok/s=51,474 | tokens=0.30B
step=  9150 | loss=5.4303 | lr=3.00e-04 | wd=0.0760 | mom=0.9500 | T=1.0 k=1.0 (mu_rec=1 mu_bwd=1) | grad=2.875 | tok/s=56,186 | tokens=0.30B
step=  9160 | loss=5.3889 | lr=3.00e-04 | wd=0.0760 | mom=0.9500 | T=1.2 k=1.0 (mu_rec=1 mu_bwd=1) | grad=3.281 | tok/s=54,868 | tokens=0.30B
step=  9170 | loss=5.7061 | lr=3.00e-04 | wd=0.0760 | mom=0.9500 | T=1.2 k=1.0 (mu_rec=1 mu_bwd=1) | grad=3.078 | tok/s=57,638 | tokens=0.30B
step=  9180 | loss=6.6070 | lr=3.00e-04 | wd=0.0759 | mom=0.9500 | T=1.5 k=1.0 (mu_rec=1 mu_bwd=1) | grad=1.859 | tok/s=55,424 | tokens=0.30B
step=  9190 | loss=6.2402 | lr=3.00e-04 | wd=0.0759 | mom=0.9500 | T=2.2 k=1.0 (mu_rec=1 mu_bwd=1) | grad=1.781 | tok/s=54,996 | tokens=0.30B
step=  9200 | loss=5.6110 | lr=3.00e-04 | wd=0.0759 | mom=0.9500 | T=1.0 k=1.0 (mu_rec=1 mu_bwd=1) | grad=1.836 | tok/s=59,015 | tokens=0.30B
step=  9210 | loss=5.4203 | lr=3.00e-04 | wd=0.0759 | mom=0.9500 | T=1.2 k=1.0 (mu_rec=1 mu_bwd=1) | grad=1.898 | tok/s=53,378 | tokens=0.30B
step=  9220 | loss=5.4804 | lr=3.00e-04 | wd=0.0758 | mom=0.9500 | T=1.5 k=1.0 (mu_rec=1 mu_bwd=1) | grad=2.375 | tok/s=58,119 | tokens=0.30B
step=  9230 | loss=5.3757 | lr=3.00e-04 | wd=0.0758 | mom=0.9500 | T=1.0 k=1.0 (mu_rec=1 mu_bwd=1) | grad=2.500 | tok/s=54,271 | tokens=0.30B
step=  9240 | loss=5.7446 | lr=3.00e-04 | wd=0.0758 | mom=0.9500 | T=1.0 k=1.0 (mu_rec=1 mu_bwd=1) | grad=2.375 | tok/s=55,177 | tokens=0.30B
step=  9250 | loss=5.4183 | lr=3.00e-04 | wd=0.0758 | mom=0.9500 | T=1.5 k=1.0 (mu_rec=1 mu_bwd=1) | grad=1.695 | tok/s=54,772 | tokens=0.30B
step=  9260 | loss=5.3402 | lr=3.00e-04 | wd=0.0757 | mom=0.9500 | T=1.0 k=1.0 (mu_rec=1 mu_bwd=1) | grad=3.141 | tok/s=57,495 | tokens=0.30B
step=  9270 | loss=5.4488 | lr=3.00e-04 | wd=0.0757 | mom=0.9500 | T=1.0 k=1.0 (mu_rec=1 mu_bwd=1) | grad=1.477 | tok/s=57,015 | tokens=0.30B
step=  9280 | loss=5.3101 | lr=3.00e-04 | wd=0.0757 | mom=0.9500 | T=1.0 k=1.0 (mu_rec=1 mu_bwd=1) | grad=2.719 | tok/s=53,643 | tokens=0.30B
step=  9290 | loss=5.3869 | lr=3.00e-04 | wd=0.0756 | mom=0.9500 | T=1.0 k=1.0 (mu_rec=1 mu_bwd=1) | grad=1.859 | tok/s=57,725 | tokens=0.30B
step=  9300 | loss=5.4576 | lr=3.00e-04 | wd=0.0756 | mom=0.9500 | T=1.0 k=1.0 (mu_rec=1 mu_bwd=1) | grad=3.609 | tok/s=57,794 | tokens=0.30B
step=  9310 | loss=5.5674 | lr=3.00e-04 | wd=0.0756 | mom=0.9500 | T=1.5 k=1.0 (mu_rec=1 mu_bwd=1) | grad=1.695 | tok/s=52,688 | tokens=0.31B
step=  9320 | loss=5.4027 | lr=3.00e-04 | wd=0.0756 | mom=0.9500 | T=1.0 k=1.0 (mu_rec=1 mu_bwd=1) | grad=1.664 | tok/s=55,966 | tokens=0.31B
step=  9330 | loss=5.4572 | lr=3.00e-04 | wd=0.0755 | mom=0.9500 | T=1.2 k=1.0 (mu_rec=1 mu_bwd=1) | grad=1.578 | tok/s=56,487 | tokens=0.31B
step=  9340 | loss=5.4953 | lr=3.00e-04 | wd=0.0755 | mom=0.9500 | T=1.5 k=1.0 (mu_rec=1 mu_bwd=1) | grad=3.484 | tok/s=57,521 | tokens=0.31B
step=  9350 | loss=5.3183 | lr=3.00e-04 | wd=0.0755 | mom=0.9500 | T=1.0 k=1.0 (mu_rec=1 mu_bwd=1) | grad=1.438 | tok/s=56,697 | tokens=0.31B
step=  9360 | loss=5.3069 | lr=3.00e-04 | wd=0.0755 | mom=0.9500 | T=1.0 k=1.0 (mu_rec=1 mu_bwd=1) | grad=1.531 | tok/s=58,764 | tokens=0.31B
step=  9370 | loss=5.3810 | lr=3.00e-04 | wd=0.0754 | mom=0.9500 | T=1.0 k=1.0 (mu_rec=1 mu_bwd=1) | grad=2.141 | tok/s=55,094 | tokens=0.31B
step=  9380 | loss=5.5406 | lr=3.00e-04 | wd=0.0754 | mom=0.9500 | T=1.2 k=1.0 (mu_rec=1 mu_bwd=1) | grad=2.906 | tok/s=55,082 | tokens=0.31B
step=  9390 | loss=5.3606 | lr=3.00e-04 | wd=0.0754 | mom=0.9500 | T=1.0 k=1.0 (mu_rec=1 mu_bwd=1) | grad=2.016 | tok/s=61,171 | tokens=0.31B
step=  9400 | loss=5.3444 | lr=3.00e-04 | wd=0.0754 | mom=0.9500 | T=1.0 k=1.0 (mu_rec=1 mu_bwd=1) | grad=1.953 | tok/s=58,620 | tokens=0.31B
step=  9410 | loss=5.4110 | lr=3.00e-04 | wd=0.0753 | mom=0.9500 | T=1.0 k=1.0 (mu_rec=1 mu_bwd=1) | grad=2.609 | tok/s=54,354 | tokens=0.31B
step=  9420 | loss=5.4488 | lr=3.00e-04 | wd=0.0753 | mom=0.9500 | T=1.0 k=1.0 (mu_rec=1 mu_bwd=1) | grad=2.609 | tok/s=57,892 | tokens=0.31B
step=  9430 | loss=5.3309 | lr=3.00e-04 | wd=0.0753 | mom=0.9500 | T=1.2 k=1.0 (mu_rec=1 mu_bwd=1) | grad=2.094 | tok/s=56,713 | tokens=0.31B
step=  9440 | loss=5.4968 | lr=3.00e-04 | wd=0.0753 | mom=0.9500 | T=1.8 k=1.0 (mu_rec=1 mu_bwd=1) | grad=3.016 | tok/s=59,499 | tokens=0.31B
step=  9450 | loss=5.2539 | lr=3.00e-04 | wd=0.0752 | mom=0.9500 | T=1.2 k=1.0 (mu_rec=1 mu_bwd=1) | grad=2.453 | tok/s=54,429 | tokens=0.31B
step=  9460 | loss=5.3710 | lr=3.00e-04 | wd=0.0752 | mom=0.9500 | T=1.0 k=1.0 (mu_rec=1 mu_bwd=1) | grad=5.312 | tok/s=54,588 | tokens=0.31B
step=  9470 | loss=5.3801 | lr=3.00e-04 | wd=0.0752 | mom=0.9500 | T=1.2 k=1.0 (mu_rec=1 mu_bwd=1) | grad=2.188 | tok/s=56,749 | tokens=0.31B
step=  9480 | loss=5.3921 | lr=3.00e-04 | wd=0.0752 | mom=0.9500 | T=1.0 k=1.0 (mu_rec=1 mu_bwd=1) | grad=1.672 | tok/s=56,218 | tokens=0.31B
step=  9490 | loss=5.2799 | lr=3.00e-04 | wd=0.0751 | mom=0.9500 | T=1.2 k=1.0 (mu_rec=1 mu_bwd=1) | grad=1.734 | tok/s=59,206 | tokens=0.31B
step=  9500 | loss=5.4782 | lr=3.00e-04 | wd=0.0751 | mom=0.9500 | T=1.5 k=1.0 (mu_rec=1 mu_bwd=1) | grad=2.875 | tok/s=9,466 | tokens=0.31B
step=  9510 | loss=5.3684 | lr=3.00e-04 | wd=0.0751 | mom=0.9500 | T=1.2 k=1.0 (mu_rec=1 mu_bwd=1) | grad=1.992 | tok/s=55,278 | tokens=0.31B
step=  9520 | loss=5.4443 | lr=3.00e-04 | wd=0.0750 | mom=0.9500 | T=1.5 k=1.0 (mu_rec=1 mu_bwd=1) | grad=1.836 | tok/s=55,070 | tokens=0.31B
step=  9530 | loss=5.2617 | lr=3.00e-04 | wd=0.0750 | mom=0.9500 | T=1.2 k=1.0 (mu_rec=1 mu_bwd=1) | grad=2.109 | tok/s=55,129 | tokens=0.31B
step=  9540 | loss=5.3085 | lr=3.00e-04 | wd=0.0750 | mom=0.9500 | T=1.2 k=1.0 (mu_rec=1 mu_bwd=1) | grad=1.672 | tok/s=55,756 | tokens=0.31B
step=  9550 | loss=5.2330 | lr=3.00e-04 | wd=0.0750 | mom=0.9500 | T=1.2 k=1.0 (mu_rec=1 mu_bwd=1) | grad=1.828 | tok/s=55,203 | tokens=0.31B
step=  9560 | loss=5.2959 | lr=3.00e-04 | wd=0.0749 | mom=0.9500 | T=1.0 k=1.0 (mu_rec=1 mu_bwd=1) | grad=1.797 | tok/s=57,124 | tokens=0.31B
step=  9570 | loss=5.3897 | lr=3.00e-04 | wd=0.0749 | mom=0.9500 | T=1.2 k=1.0 (mu_rec=1 mu_bwd=1) | grad=1.742 | tok/s=56,415 | tokens=0.31B
step=  9580 | loss=5.3142 | lr=3.00e-04 | wd=0.0749 | mom=0.9500 | T=1.0 k=1.0 (mu_rec=1 mu_bwd=1) | grad=1.875 | tok/s=61,448 | tokens=0.31B
step=  9590 | loss=5.3377 | lr=3.00e-04 | wd=0.0749 | mom=0.9500 | T=1.0 k=1.0 (mu_rec=1 mu_bwd=1) | grad=3.734 | tok/s=57,950 | tokens=0.31B
step=  9600 | loss=5.3587 | lr=3.00e-04 | wd=0.0748 | mom=0.9500 | T=1.2 k=1.0 (mu_rec=1 mu_bwd=1) | grad=1.820 | tok/s=54,437 | tokens=0.31B
step=  9610 | loss=5.3791 | lr=3.00e-04 | wd=0.0748 | mom=0.9500 | T=1.2 k=1.0 (mu_rec=1 mu_bwd=1) | grad=1.531 | tok/s=59,141 | tokens=0.31B
step=  9620 | loss=5.5406 | lr=3.00e-04 | wd=0.0748 | mom=0.9500 | T=1.2 k=1.0 (mu_rec=1 mu_bwd=1) | grad=1.570 | tok/s=57,795 | tokens=0.32B
step=  9630 | loss=5.3929 | lr=3.00e-04 | wd=0.0748 | mom=0.9500 | T=1.8 k=1.0 (mu_rec=1 mu_bwd=1) | grad=1.320 | tok/s=55,726 | tokens=0.32B
step=  9640 | loss=5.3118 | lr=3.00e-04 | wd=0.0747 | mom=0.9500 | T=1.0 k=1.0 (mu_rec=1 mu_bwd=1) | grad=3.281 | tok/s=56,281 | tokens=0.32B
step=  9650 | loss=5.4082 | lr=3.00e-04 | wd=0.0747 | mom=0.9500 | T=1.2 k=1.0 (mu_rec=1 mu_bwd=1) | grad=2.047 | tok/s=56,441 | tokens=0.32B
step=  9660 | loss=5.1259 | lr=3.00e-04 | wd=0.0747 | mom=0.9500 | T=1.0 k=1.0 (mu_rec=1 mu_bwd=1) | grad=1.688 | tok/s=57,789 | tokens=0.32B
step=  9670 | loss=5.3852 | lr=3.00e-04 | wd=0.0747 | mom=0.9500 | T=1.5 k=1.0 (mu_rec=1 mu_bwd=1) | grad=3.516 | tok/s=8,911 | tokens=0.32B
step=  9680 | loss=5.3749 | lr=3.00e-04 | wd=0.0746 | mom=0.9500 | T=1.2 k=1.0 (mu_rec=1 mu_bwd=1) | grad=1.594 | tok/s=57,478 | tokens=0.32B
step=  9690 | loss=5.3633 | lr=3.00e-04 | wd=0.0746 | mom=0.9500 | T=1.0 k=1.0 (mu_rec=1 mu_bwd=1) | grad=3.297 | tok/s=57,504 | tokens=0.32B
step=  9700 | loss=5.2477 | lr=3.00e-04 | wd=0.0746 | mom=0.9500 | T=1.2 k=1.0 (mu_rec=1 mu_bwd=1) | grad=1.695 | tok/s=57,361 | tokens=0.32B
step=  9710 | loss=5.2370 | lr=3.00e-04 | wd=0.0745 | mom=0.9500 | T=1.5 k=1.0 (mu_rec=1 mu_bwd=1) | grad=1.523 | tok/s=54,861 | tokens=0.32B
step=  9720 | loss=5.4369 | lr=3.00e-04 | wd=0.0745 | mom=0.9500 | T=1.8 k=1.0 (mu_rec=1 mu_bwd=1) | grad=1.547 | tok/s=54,784 | tokens=0.32B
step=  9730 | loss=5.2835 | lr=3.00e-04 | wd=0.0745 | mom=0.9500 | T=1.0 k=1.0 (mu_rec=1 mu_bwd=1) | grad=6.656 | tok/s=56,325 | tokens=0.32B
step=  9740 | loss=5.2922 | lr=3.00e-04 | wd=0.0745 | mom=0.9500 | T=1.5 k=1.0 (mu_rec=1 mu_bwd=1) | grad=3.781 | tok/s=56,826 | tokens=0.32B
step=  9750 | loss=5.3142 | lr=3.00e-04 | wd=0.0744 | mom=0.9500 | T=1.2 k=1.0 (mu_rec=1 mu_bwd=1) | grad=2.578 | tok/s=54,894 | tokens=0.32B
step=  9760 | loss=5.4235 | lr=3.00e-04 | wd=0.0744 | mom=0.9500 | T=1.8 k=1.0 (mu_rec=1 mu_bwd=1) | grad=1.883 | tok/s=54,489 | tokens=0.32B
step=  9770 | loss=5.3724 | lr=3.00e-04 | wd=0.0744 | mom=0.9500 | T=2.2 k=1.0 (mu_rec=1 mu_bwd=1) | grad=1.562 | tok/s=55,329 | tokens=0.32B
step=  9780 | loss=5.2044 | lr=3.00e-04 | wd=0.0744 | mom=0.9500 | T=1.0 k=1.0 (mu_rec=1 mu_bwd=1) | grad=2.078 | tok/s=56,353 | tokens=0.32B
step=  9790 | loss=5.1701 | lr=3.00e-04 | wd=0.0743 | mom=0.9500 | T=1.0 k=1.0 (mu_rec=1 mu_bwd=1) | grad=3.219 | tok/s=55,354 | tokens=0.32B
step=  9800 | loss=5.2993 | lr=3.00e-04 | wd=0.0743 | mom=0.9500 | T=1.8 k=1.0 (mu_rec=1 mu_bwd=1) | grad=1.617 | tok/s=54,824 | tokens=0.32B
step=  9810 | loss=5.3812 | lr=3.00e-04 | wd=0.0743 | mom=0.9500 | T=1.2 k=1.0 (mu_rec=1 mu_bwd=1) | grad=1.719 | tok/s=55,084 | tokens=0.32B
step=  9820 | loss=5.1953 | lr=3.00e-04 | wd=0.0743 | mom=0.9500 | T=1.8 k=1.0 (mu_rec=1 mu_bwd=1) | grad=2.422 | tok/s=53,975 | tokens=0.32B
step=  9830 | loss=5.0867 | lr=3.00e-04 | wd=0.0742 | mom=0.9500 | T=1.5 k=1.0 (mu_rec=1 mu_bwd=1) | grad=1.703 | tok/s=55,184 | tokens=0.32B
step=  9840 | loss=5.3257 | lr=3.00e-04 | wd=0.0742 | mom=0.9500 | T=1.8 k=1.0 (mu_rec=1 mu_bwd=1) | grad=1.492 | tok/s=53,765 | tokens=0.32B
step=  9850 | loss=5.2868 | lr=3.00e-04 | wd=0.0742 | mom=0.9500 | T=1.2 k=1.0 (mu_rec=1 mu_bwd=1) | grad=1.945 | tok/s=54,792 | tokens=0.32B
step=  9860 | loss=5.1307 | lr=3.00e-04 | wd=0.0742 | mom=0.9500 | T=1.0 k=1.0 (mu_rec=1 mu_bwd=1) | grad=2.328 | tok/s=58,169 | tokens=0.32B
step=  9870 | loss=5.1890 | lr=3.00e-04 | wd=0.0741 | mom=0.9500 | T=1.0 k=1.0 (mu_rec=1 mu_bwd=1) | grad=2.047 | tok/s=56,871 | tokens=0.32B
step=  9880 | loss=5.3857 | lr=3.00e-04 | wd=0.0741 | mom=0.9500 | T=1.2 k=1.0 (mu_rec=1 mu_bwd=1) | grad=1.695 | tok/s=55,656 | tokens=0.32B
step=  9890 | loss=5.3518 | lr=3.00e-04 | wd=0.0741 | mom=0.9500 | T=1.0 k=1.0 (mu_rec=1 mu_bwd=1) | grad=1.789 | tok/s=55,900 | tokens=0.32B
step=  9900 | loss=5.3381 | lr=3.00e-04 | wd=0.0740 | mom=0.9500 | T=1.5 k=1.0 (mu_rec=1 mu_bwd=1) | grad=1.664 | tok/s=55,257 | tokens=0.32B
step=  9910 | loss=5.3335 | lr=3.00e-04 | wd=0.0740 | mom=0.9500 | T=1.0 k=1.0 (mu_rec=1 mu_bwd=1) | grad=1.461 | tok/s=59,306 | tokens=0.32B
step=  9920 | loss=5.3200 | lr=3.00e-04 | wd=0.0740 | mom=0.9500 | T=1.0 k=1.0 (mu_rec=1 mu_bwd=1) | grad=4.906 | tok/s=54,912 | tokens=0.33B
step=  9930 | loss=5.4038 | lr=3.00e-04 | wd=0.0740 | mom=0.9500 | T=2.2 k=1.0 (mu_rec=1 mu_bwd=1) | grad=1.484 | tok/s=54,637 | tokens=0.33B
step=  9940 | loss=5.3504 | lr=3.00e-04 | wd=0.0739 | mom=0.9500 | T=1.0 k=1.0 (mu_rec=1 mu_bwd=1) | grad=2.859 | tok/s=57,887 | tokens=0.33B
step=  9950 | loss=5.1888 | lr=3.00e-04 | wd=0.0739 | mom=0.9500 | T=2.2 k=1.0 (mu_rec=1 mu_bwd=1) | grad=1.508 | tok/s=54,776 | tokens=0.33B
step=  9960 | loss=5.3551 | lr=3.00e-04 | wd=0.0739 | mom=0.9500 | T=1.0 k=1.0 (mu_rec=1 mu_bwd=1) | grad=2.109 | tok/s=57,046 | tokens=0.33B
step=  9970 | loss=5.4625 | lr=3.00e-04 | wd=0.0739 | mom=0.9500 | T=1.2 k=1.0 (mu_rec=1 mu_bwd=1) | grad=2.703 | tok/s=53,340 | tokens=0.33B
step=  9980 | loss=5.3055 | lr=3.00e-04 | wd=0.0738 | mom=0.9500 | T=1.5 k=1.0 (mu_rec=1 mu_bwd=1) | grad=1.898 | tok/s=57,281 | tokens=0.33B
step=  9990 | loss=5.1128 | lr=3.00e-04 | wd=0.0738 | mom=0.9500 | T=1.0 k=1.0 (mu_rec=1 mu_bwd=1) | grad=1.773 | tok/s=60,584 | tokens=0.33B
step= 10000 | loss=5.3310 | lr=3.00e-04 | wd=0.0738 | mom=0.9500 | T=1.2 k=1.0 (mu_rec=1 mu_bwd=1) | grad=1.711 | tok/s=53,724 | tokens=0.33B
[step 10000] Saved -> runs/pythia-5b/checkpoint_0010000
step= 10010 | loss=5.3389 | lr=3.00e-04 | wd=0.0738 | mom=0.9500 | T=2.0 k=1.0 (mu_rec=1 mu_bwd=1) | grad=1.398 | tok/s=43,303 | tokens=0.33B
step= 10020 | loss=5.3071 | lr=3.00e-04 | wd=0.0737 | mom=0.9500 | T=1.5 k=1.0 (mu_rec=1 mu_bwd=1) | grad=1.492 | tok/s=54,099 | tokens=0.33B
step= 10030 | loss=5.2058 | lr=3.00e-04 | wd=0.0737 | mom=0.9500 | T=1.2 k=1.0 (mu_rec=1 mu_bwd=1) | grad=1.773 | tok/s=54,134 | tokens=0.33B
step= 10040 | loss=5.6482 | lr=3.00e-04 | wd=0.0737 | mom=0.9500 | T=1.2 k=1.0 (mu_rec=1 mu_bwd=1) | grad=2.031 | tok/s=53,115 | tokens=0.33B
step= 10050 | loss=5.4090 | lr=3.00e-04 | wd=0.0737 | mom=0.9500 | T=1.2 k=1.0 (mu_rec=1 mu_bwd=1) | grad=2.016 | tok/s=55,869 | tokens=0.33B
step= 10060 | loss=5.2888 | lr=3.00e-04 | wd=0.0736 | mom=0.9500 | T=1.2 k=1.0 (mu_rec=1 mu_bwd=1) | grad=1.805 | tok/s=53,081 | tokens=0.33B
step= 10070 | loss=5.3480 | lr=3.00e-04 | wd=0.0736 | mom=0.9500 | T=1.2 k=1.0 (mu_rec=1 mu_bwd=1) | grad=2.797 | tok/s=56,279 | tokens=0.33B
step= 10080 | loss=5.4247 | lr=3.00e-04 | wd=0.0736 | mom=0.9500 | T=1.8 k=1.0 (mu_rec=1 mu_bwd=1) | grad=2.344 | tok/s=55,151 | tokens=0.33B
step= 10090 | loss=5.3386 | lr=3.00e-04 | wd=0.0736 | mom=0.9500 | T=1.8 k=1.0 (mu_rec=1 mu_bwd=1) | grad=1.312 | tok/s=54,114 | tokens=0.33B
step= 10100 | loss=5.3280 | lr=3.00e-04 | wd=0.0735 | mom=0.9500 | T=1.5 k=1.0 (mu_rec=1 mu_bwd=1) | grad=3.031 | tok/s=53,537 | tokens=0.33B
step= 10110 | loss=5.2656 | lr=3.00e-04 | wd=0.0735 | mom=0.9500 | T=1.5 k=1.0 (mu_rec=1 mu_bwd=1) | grad=1.867 | tok/s=54,566 | tokens=0.33B
step= 10120 | loss=5.1411 | lr=3.00e-04 | wd=0.0735 | mom=0.9500 | T=1.2 k=1.0 (mu_rec=1 mu_bwd=1) | grad=2.297 | tok/s=54,141 | tokens=0.33B
step= 10130 | loss=5.2311 | lr=3.00e-04 | wd=0.0734 | mom=0.9500 | T=2.0 k=1.0 (mu_rec=1 mu_bwd=1) | grad=4.594 | tok/s=56,822 | tokens=0.33B
step= 10140 | loss=5.3241 | lr=3.00e-04 | wd=0.0734 | mom=0.9500 | T=1.2 k=1.0 (mu_rec=1 mu_bwd=1) | grad=1.641 | tok/s=52,480 | tokens=0.33B
step= 10150 | loss=5.2397 | lr=3.00e-04 | wd=0.0734 | mom=0.9500 | T=1.8 k=1.0 (mu_rec=1 mu_bwd=1) | grad=1.555 | tok/s=57,242 | tokens=0.33B
step= 10160 | loss=5.3498 | lr=3.00e-04 | wd=0.0734 | mom=0.9500 | T=1.5 k=1.0 (mu_rec=1 mu_bwd=1) | grad=2.531 | tok/s=55,188 | tokens=0.33B
step= 10170 | loss=5.2250 | lr=3.00e-04 | wd=0.0733 | mom=0.9500 | T=2.5 k=1.0 (mu_rec=1 mu_bwd=1) | grad=1.242 | tok/s=53,744 | tokens=0.33B
step= 10180 | loss=5.3493 | lr=3.00e-04 | wd=0.0733 | mom=0.9500 | T=1.0 k=1.0 (mu_rec=1 mu_bwd=1) | grad=3.562 | tok/s=57,569 | tokens=0.33B
step= 10190 | loss=5.3207 | lr=3.00e-04 | wd=0.0733 | mom=0.9500 | T=1.0 k=1.0 (mu_rec=1 mu_bwd=1) | grad=1.977 | tok/s=54,312 | tokens=0.33B
step= 10200 | loss=5.2784 | lr=3.00e-04 | wd=0.0733 | mom=0.9500 | T=1.0 k=1.0 (mu_rec=1 mu_bwd=1) | grad=2.344 | tok/s=59,266 | tokens=0.33B
step= 10210 | loss=5.3112 | lr=3.00e-04 | wd=0.0732 | mom=0.9500 | T=1.2 k=1.0 (mu_rec=1 mu_bwd=1) | grad=1.422 | tok/s=54,739 | tokens=0.33B
step= 10220 | loss=5.1187 | lr=3.00e-04 | wd=0.0732 | mom=0.9500 | T=1.0 k=1.0 (mu_rec=1 mu_bwd=1) | grad=2.734 | tok/s=59,666 | tokens=0.33B
step= 10230 | loss=5.2232 | lr=3.00e-04 | wd=0.0732 | mom=0.9500 | T=1.0 k=1.0 (mu_rec=1 mu_bwd=1) | grad=1.898 | tok/s=55,682 | tokens=0.34B
step= 10240 | loss=5.2824 | lr=3.00e-04 | wd=0.0732 | mom=0.9500 | T=1.2 k=1.0 (mu_rec=1 mu_bwd=1) | grad=1.797 | tok/s=54,102 | tokens=0.34B
step= 10250 | loss=5.1898 | lr=3.00e-04 | wd=0.0731 | mom=0.9500 | T=1.0 k=1.0 (mu_rec=1 mu_bwd=1) | grad=8.750 | tok/s=61,858 | tokens=0.34B
step= 10260 | loss=5.0841 | lr=3.00e-04 | wd=0.0731 | mom=0.9500 | T=2.5 k=1.0 (mu_rec=1 mu_bwd=1) | grad=1.344 | tok/s=8,973 | tokens=0.34B
step= 10270 | loss=5.1759 | lr=3.00e-04 | wd=0.0731 | mom=0.9500 | T=1.8 k=1.0 (mu_rec=1 mu_bwd=1) | grad=1.875 | tok/s=57,442 | tokens=0.34B
step= 10280 | loss=5.2156 | lr=3.00e-04 | wd=0.0731 | mom=0.9500 | T=1.0 k=1.0 (mu_rec=1 mu_bwd=1) | grad=2.781 | tok/s=57,298 | tokens=0.34B
step= 10290 | loss=5.3873 | lr=3.00e-04 | wd=0.0730 | mom=0.9500 | T=1.8 k=1.0 (mu_rec=1 mu_bwd=1) | grad=1.438 | tok/s=55,838 | tokens=0.34B
step= 10300 | loss=5.1701 | lr=3.00e-04 | wd=0.0730 | mom=0.9500 | T=1.2 k=1.0 (mu_rec=1 mu_bwd=1) | grad=2.141 | tok/s=53,538 | tokens=0.34B
step= 10310 | loss=5.5292 | lr=3.00e-04 | wd=0.0730 | mom=0.9500 | T=1.5 k=1.0 (mu_rec=1 mu_bwd=1) | grad=1.570 | tok/s=57,233 | tokens=0.34B
step= 10320 | loss=5.3781 | lr=3.00e-04 | wd=0.0729 | mom=0.9500 | T=1.5 k=1.0 (mu_rec=1 mu_bwd=1) | grad=1.969 | tok/s=54,114 | tokens=0.34B
step= 10330 | loss=5.2220 | lr=3.00e-04 | wd=0.0729 | mom=0.9500 | T=1.5 k=1.0 (mu_rec=1 mu_bwd=1) | grad=1.539 | tok/s=55,730 | tokens=0.34B
step= 10340 | loss=5.3282 | lr=3.00e-04 | wd=0.0729 | mom=0.9500 | T=1.5 k=1.0 (mu_rec=1 mu_bwd=1) | grad=1.531 | tok/s=57,227 | tokens=0.34B
step= 10350 | loss=5.5003 | lr=3.00e-04 | wd=0.0729 | mom=0.9500 | T=1.0 k=1.0 (mu_rec=1 mu_bwd=1) | grad=2.969 | tok/s=57,022 | tokens=0.34B
step= 10360 | loss=5.4462 | lr=3.00e-04 | wd=0.0728 | mom=0.9500 | T=1.5 k=1.0 (mu_rec=1 mu_bwd=1) | grad=2.484 | tok/s=56,630 | tokens=0.34B
step= 10370 | loss=5.6377 | lr=3.00e-04 | wd=0.0728 | mom=0.9500 | T=1.0 k=1.0 (mu_rec=1 mu_bwd=1) | grad=1.984 | tok/s=56,340 | tokens=0.34B
step= 10380 | loss=5.4976 | lr=3.00e-04 | wd=0.0728 | mom=0.9500 | T=1.0 k=1.0 (mu_rec=1 mu_bwd=1) | grad=2.359 | tok/s=59,622 | tokens=0.34B
step= 10390 | loss=5.2258 | lr=3.00e-04 | wd=0.0728 | mom=0.9500 | T=1.5 k=1.0 (mu_rec=1 mu_bwd=1) | grad=1.391 | tok/s=54,149 | tokens=0.34B
step= 10400 | loss=5.2106 | lr=3.00e-04 | wd=0.0727 | mom=0.9500 | T=1.0 k=1.0 (mu_rec=1 mu_bwd=1) | grad=2.938 | tok/s=57,330 | tokens=0.34B
step= 10410 | loss=5.1913 | lr=3.00e-04 | wd=0.0727 | mom=0.9500 | T=1.5 k=1.0 (mu_rec=1 mu_bwd=1) | grad=2.156 | tok/s=53,317 | tokens=0.34B
step= 10420 | loss=5.3123 | lr=3.00e-04 | wd=0.0727 | mom=0.9500 | T=2.2 k=1.0 (mu_rec=1 mu_bwd=1) | grad=1.508 | tok/s=56,097 | tokens=0.34B
step= 10430 | loss=5.4475 | lr=3.00e-04 | wd=0.0727 | mom=0.9500 | T=2.2 k=1.0 (mu_rec=1 mu_bwd=1) | grad=1.680 | tok/s=51,528 | tokens=0.34B
step= 10440 | loss=5.3078 | lr=3.00e-04 | wd=0.0726 | mom=0.9500 | T=1.0 k=1.0 (mu_rec=1 mu_bwd=1) | grad=5.438 | tok/s=54,984 | tokens=0.34B
step= 10450 | loss=5.2897 | lr=3.00e-04 | wd=0.0726 | mom=0.9500 | T=1.8 k=1.0 (mu_rec=1 mu_bwd=1) | grad=1.484 | tok/s=52,856 | tokens=0.34B
step= 10460 | loss=5.3161 | lr=3.00e-04 | wd=0.0726 | mom=0.9500 | T=1.2 k=1.0 (mu_rec=1 mu_bwd=1) | grad=1.852 | tok/s=57,210 | tokens=0.34B
step= 10470 | loss=5.2526 | lr=3.00e-04 | wd=0.0726 | mom=0.9500 | T=1.0 k=1.0 (mu_rec=1 mu_bwd=1) | grad=1.648 | tok/s=54,666 | tokens=0.34B
step= 10480 | loss=5.2937 | lr=3.00e-04 | wd=0.0725 | mom=0.9500 | T=1.0 k=1.0 (mu_rec=1 mu_bwd=1) | grad=1.961 | tok/s=56,159 | tokens=0.34B
step= 10490 | loss=5.2101 | lr=3.00e-04 | wd=0.0725 | mom=0.9500 | T=1.0 k=1.0 (mu_rec=1 mu_bwd=1) | grad=2.516 | tok/s=56,143 | tokens=0.34B
step= 10500 | loss=5.1530 | lr=3.00e-04 | wd=0.0725 | mom=0.9500 | T=1.0 k=1.0 (mu_rec=1 mu_bwd=1) | grad=2.016 | tok/s=55,262 | tokens=0.34B
step= 10510 | loss=5.4096 | lr=3.00e-04 | wd=0.0725 | mom=0.9500 | T=2.0 k=1.0 (mu_rec=1 mu_bwd=1) | grad=1.164 | tok/s=8,434 | tokens=0.34B
step= 10520 | loss=5.3168 | lr=3.00e-04 | wd=0.0724 | mom=0.9500 | T=1.0 k=1.0 (mu_rec=1 mu_bwd=1) | grad=2.062 | tok/s=58,470 | tokens=0.34B
step= 10530 | loss=5.3503 | lr=3.00e-04 | wd=0.0724 | mom=0.9500 | T=2.0 k=1.0 (mu_rec=1 mu_bwd=1) | grad=2.891 | tok/s=57,304 | tokens=0.35B
step= 10540 | loss=5.2676 | lr=3.00e-04 | wd=0.0724 | mom=0.9500 | T=1.2 k=1.0 (mu_rec=1 mu_bwd=1) | grad=3.156 | tok/s=57,918 | tokens=0.35B
step= 10550 | loss=5.4037 | lr=3.00e-04 | wd=0.0723 | mom=0.9500 | T=1.0 k=1.0 (mu_rec=1 mu_bwd=1) | grad=2.797 | tok/s=54,112 | tokens=0.35B
step= 10560 | loss=5.2555 | lr=3.00e-04 | wd=0.0723 | mom=0.9500 | T=1.5 k=1.0 (mu_rec=1 mu_bwd=1) | grad=1.859 | tok/s=56,077 | tokens=0.35B
step= 10570 | loss=5.3442 | lr=3.00e-04 | wd=0.0723 | mom=0.9500 | T=1.0 k=1.0 (mu_rec=1 mu_bwd=1) | grad=1.969 | tok/s=56,551 | tokens=0.35B
step= 10580 | loss=5.2935 | lr=3.00e-04 | wd=0.0723 | mom=0.9500 | T=1.5 k=1.0 (mu_rec=1 mu_bwd=1) | grad=2.422 | tok/s=55,644 | tokens=0.35B
step= 10590 | loss=5.3368 | lr=3.00e-04 | wd=0.0722 | mom=0.9500 | T=1.8 k=1.0 (mu_rec=1 mu_bwd=1) | grad=3.938 | tok/s=52,738 | tokens=0.35B
step= 10600 | loss=5.2640 | lr=3.00e-04 | wd=0.0722 | mom=0.9500 | T=2.2 k=1.0 (mu_rec=1 mu_bwd=1) | grad=3.219 | tok/s=54,572 | tokens=0.35B
step= 10610 | loss=5.2068 | lr=3.00e-04 | wd=0.0722 | mom=0.9500 | T=1.0 k=1.0 (mu_rec=1 mu_bwd=1) | grad=1.461 | tok/s=56,481 | tokens=0.35B
step= 10620 | loss=5.1866 | lr=3.00e-04 | wd=0.0722 | mom=0.9500 | T=1.0 k=1.0 (mu_rec=1 mu_bwd=1) | grad=1.789 | tok/s=54,860 | tokens=0.35B
step= 10630 | loss=5.2321 | lr=3.00e-04 | wd=0.0721 | mom=0.9500 | T=1.0 k=1.0 (mu_rec=1 mu_bwd=1) | grad=1.539 | tok/s=56,100 | tokens=0.35B
step= 10640 | loss=5.3738 | lr=3.00e-04 | wd=0.0721 | mom=0.9500 | T=1.5 k=1.0 (mu_rec=1 mu_bwd=1) | grad=2.125 | tok/s=54,883 | tokens=0.35B
step= 10650 | loss=5.1738 | lr=3.00e-04 | wd=0.0721 | mom=0.9500 | T=1.0 k=1.0 (mu_rec=1 mu_bwd=1) | grad=2.266 | tok/s=56,454 | tokens=0.35B
step= 10660 | loss=5.2826 | lr=3.00e-04 | wd=0.0721 | mom=0.9500 | T=2.0 k=1.0 (mu_rec=1 mu_bwd=1) | grad=1.469 | tok/s=54,138 | tokens=0.35B
step= 10670 | loss=5.2580 | lr=3.00e-04 | wd=0.0720 | mom=0.9500 | T=2.0 k=1.0 (mu_rec=1 mu_bwd=1) | grad=1.500 | tok/s=53,885 | tokens=0.35B
step= 10680 | loss=6.1439 | lr=3.00e-04 | wd=0.0720 | mom=0.9500 | T=1.2 k=1.0 (mu_rec=1 mu_bwd=1) | grad=2.359 | tok/s=56,987 | tokens=0.35B
step= 10690 | loss=5.3523 | lr=3.00e-04 | wd=0.0720 | mom=0.9500 | T=1.2 k=1.0 (mu_rec=1 mu_bwd=1) | grad=2.375 | tok/s=53,129 | tokens=0.35B
step= 10700 | loss=5.3450 | lr=3.00e-04 | wd=0.0720 | mom=0.9500 | T=1.2 k=1.0 (mu_rec=1 mu_bwd=1) | grad=2.203 | tok/s=54,488 | tokens=0.35B
step= 10710 | loss=5.5463 | lr=3.00e-04 | wd=0.0719 | mom=0.9500 | T=1.0 k=1.0 (mu_rec=1 mu_bwd=1) | grad=3.094 | tok/s=56,575 | tokens=0.35B
step= 10720 | loss=5.3866 | lr=3.00e-04 | wd=0.0719 | mom=0.9500 | T=1.0 k=1.0 (mu_rec=1 mu_bwd=1) | grad=1.828 | tok/s=57,354 | tokens=0.35B
step= 10730 | loss=5.2477 | lr=3.00e-04 | wd=0.0719 | mom=0.9500 | T=2.0 k=1.0 (mu_rec=1 mu_bwd=1) | grad=2.516 | tok/s=53,956 | tokens=0.35B
step= 10740 | loss=5.2300 | lr=3.00e-04 | wd=0.0718 | mom=0.9500 | T=1.8 k=1.0 (mu_rec=1 mu_bwd=1) | grad=1.820 | tok/s=56,280 | tokens=0.35B
step= 10750 | loss=5.1284 | lr=3.00e-04 | wd=0.0718 | mom=0.9500 | T=1.0 k=1.0 (mu_rec=1 mu_bwd=1) | grad=3.750 | tok/s=58,701 | tokens=0.35B
step= 10760 | loss=5.3764 | lr=3.00e-04 | wd=0.0718 | mom=0.9500 | T=1.0 k=1.0 (mu_rec=1 mu_bwd=1) | grad=2.359 | tok/s=58,186 | tokens=0.35B
step= 10770 | loss=5.1350 | lr=3.00e-04 | wd=0.0718 | mom=0.9500 | T=1.0 k=1.0 (mu_rec=1 mu_bwd=1) | grad=2.812 | tok/s=62,596 | tokens=0.35B
step= 10780 | loss=5.3258 | lr=3.00e-04 | wd=0.0717 | mom=0.9500 | T=1.0 k=1.0 (mu_rec=1 mu_bwd=1) | grad=2.375 | tok/s=59,678 | tokens=0.35B
step= 10790 | loss=5.2989 | lr=3.00e-04 | wd=0.0717 | mom=0.9500 | T=1.5 k=1.0 (mu_rec=1 mu_bwd=1) | grad=1.414 | tok/s=58,092 | tokens=0.35B
step= 10800 | loss=5.2169 | lr=3.00e-04 | wd=0.0717 | mom=0.9500 | T=1.0 k=1.0 (mu_rec=1 mu_bwd=1) | grad=1.531 | tok/s=57,018 | tokens=0.35B
step= 10810 | loss=5.2759 | lr=3.00e-04 | wd=0.0717 | mom=0.9500 | T=1.5 k=1.0 (mu_rec=1 mu_bwd=1) | grad=2.719 | tok/s=54,137 | tokens=0.35B
step= 10820 | loss=5.3068 | lr=3.00e-04 | wd=0.0716 | mom=0.9500 | T=1.2 k=1.0 (mu_rec=1 mu_bwd=1) | grad=2.203 | tok/s=54,704 | tokens=0.35B
step= 10830 | loss=5.4411 | lr=3.00e-04 | wd=0.0716 | mom=0.9500 | T=1.0 k=1.0 (mu_rec=1 mu_bwd=1) | grad=2.484 | tok/s=54,471 | tokens=0.35B
step= 10840 | loss=5.3435 | lr=3.00e-04 | wd=0.0716 | mom=0.9500 | T=1.0 k=1.0 (mu_rec=1 mu_bwd=1) | grad=2.125 | tok/s=57,701 | tokens=0.36B
step= 10850 | loss=5.1683 | lr=3.00e-04 | wd=0.0716 | mom=0.9500 | T=1.5 k=1.0 (mu_rec=1 mu_bwd=1) | grad=1.672 | tok/s=53,635 | tokens=0.36B
step= 10860 | loss=5.3823 | lr=3.00e-04 | wd=0.0715 | mom=0.9500 | T=1.0 k=1.0 (mu_rec=1 mu_bwd=1) | grad=1.922 | tok/s=57,813 | tokens=0.36B
step= 10870 | loss=5.2704 | lr=3.00e-04 | wd=0.0715 | mom=0.9500 | T=1.0 k=1.0 (mu_rec=1 mu_bwd=1) | grad=2.031 | tok/s=59,097 | tokens=0.36B
step= 10880 | loss=5.2713 | lr=3.00e-04 | wd=0.0715 | mom=0.9500 | T=2.0 k=1.0 (mu_rec=1 mu_bwd=1) | grad=1.234 | tok/s=55,348 | tokens=0.36B
step= 10890 | loss=5.1523 | lr=3.00e-04 | wd=0.0715 | mom=0.9500 | T=1.0 k=1.0 (mu_rec=1 mu_bwd=1) | grad=2.797 | tok/s=53,285 | tokens=0.36B
step= 10900 | loss=5.2196 | lr=3.00e-04 | wd=0.0714 | mom=0.9500 | T=2.2 k=1.0 (mu_rec=1 mu_bwd=1) | grad=1.492 | tok/s=54,976 | tokens=0.36B
step= 10910 | loss=5.1482 | lr=3.00e-04 | wd=0.0714 | mom=0.9500 | T=1.5 k=1.0 (mu_rec=1 mu_bwd=1) | grad=1.695 | tok/s=53,454 | tokens=0.36B
step= 10920 | loss=5.3664 | lr=3.00e-04 | wd=0.0714 | mom=0.9500 | T=1.0 k=1.0 (mu_rec=1 mu_bwd=1) | grad=7.500 | tok/s=58,806 | tokens=0.36B
step= 10930 | loss=5.3166 | lr=3.00e-04 | wd=0.0713 | mom=0.9500 | T=1.2 k=1.0 (mu_rec=1 mu_bwd=1) | grad=2.344 | tok/s=57,517 | tokens=0.36B
step= 10940 | loss=5.1502 | lr=3.00e-04 | wd=0.0713 | mom=0.9500 | T=1.0 k=1.0 (mu_rec=1 mu_bwd=1) | grad=2.125 | tok/s=56,890 | tokens=0.36B
step= 10950 | loss=5.2657 | lr=3.00e-04 | wd=0.0713 | mom=0.9500 | T=1.2 k=1.0 (mu_rec=1 mu_bwd=1) | grad=2.125 | tok/s=56,195 | tokens=0.36B
step= 10960 | loss=5.0175 | lr=3.00e-04 | wd=0.0713 | mom=0.9500 | T=1.2 k=1.0 (mu_rec=1 mu_bwd=1) | grad=9.938 | tok/s=54,972 | tokens=0.36B
step= 10970 | loss=5.3672 | lr=3.00e-04 | wd=0.0712 | mom=0.9500 | T=1.0 k=1.0 (mu_rec=1 mu_bwd=1) | grad=2.219 | tok/s=54,411 | tokens=0.36B
step= 10980 | loss=5.1859 | lr=3.00e-04 | wd=0.0712 | mom=0.9500 | T=1.2 k=1.0 (mu_rec=1 mu_bwd=1) | grad=2.359 | tok/s=54,127 | tokens=0.36B
step= 10990 | loss=5.1526 | lr=3.00e-04 | wd=0.0712 | mom=0.9500 | T=1.0 k=1.0 (mu_rec=1 mu_bwd=1) | grad=1.625 | tok/s=52,841 | tokens=0.36B
step= 11000 | loss=5.2576 | lr=3.00e-04 | wd=0.0712 | mom=0.9500 | T=1.5 k=1.0 (mu_rec=1 mu_bwd=1) | grad=2.312 | tok/s=56,959 | tokens=0.36B
step= 11010 | loss=5.2836 | lr=3.00e-04 | wd=0.0711 | mom=0.9500 | T=2.5 k=1.0 (mu_rec=1 mu_bwd=1) | grad=1.664 | tok/s=52,982 | tokens=0.36B
step= 11020 | loss=5.2612 | lr=3.00e-04 | wd=0.0711 | mom=0.9500 | T=1.2 k=1.0 (mu_rec=1 mu_bwd=1) | grad=1.867 | tok/s=55,456 | tokens=0.36B
step= 11030 | loss=5.2473 | lr=3.00e-04 | wd=0.0711 | mom=0.9500 | T=2.0 k=1.0 (mu_rec=1 mu_bwd=1) | grad=1.602 | tok/s=53,314 | tokens=0.36B
step= 11040 | loss=5.2876 | lr=3.00e-04 | wd=0.0711 | mom=0.9500 | T=1.5 k=1.0 (mu_rec=1 mu_bwd=1) | grad=1.219 | tok/s=54,334 | tokens=0.36B
step= 11050 | loss=5.1953 | lr=3.00e-04 | wd=0.0710 | mom=0.9500 | T=2.5 k=1.0 (mu_rec=1 mu_bwd=1) | grad=1.867 | tok/s=55,038 | tokens=0.36B
step= 11060 | loss=5.2395 | lr=3.00e-04 | wd=0.0710 | mom=0.9500 | T=1.0 k=1.0 (mu_rec=1 mu_bwd=1) | grad=1.734 | tok/s=54,222 | tokens=0.36B
step= 11070 | loss=5.2783 | lr=3.00e-04 | wd=0.0710 | mom=0.9500 | T=1.0 k=1.0 (mu_rec=1 mu_bwd=1) | grad=1.641 | tok/s=8,592 | tokens=0.36B
step= 11080 | loss=5.1680 | lr=3.00e-04 | wd=0.0710 | mom=0.9500 | T=1.8 k=1.0 (mu_rec=1 mu_bwd=1) | grad=2.828 | tok/s=58,313 | tokens=0.36B
step= 11090 | loss=5.3580 | lr=3.00e-04 | wd=0.0709 | mom=0.9500 | T=1.2 k=1.0 (mu_rec=1 mu_bwd=1) | grad=1.594 | tok/s=54,397 | tokens=0.36B
step= 11100 | loss=5.2111 | lr=3.00e-04 | wd=0.0709 | mom=0.9500 | T=1.2 k=1.0 (mu_rec=1 mu_bwd=1) | grad=1.922 | tok/s=53,079 | tokens=0.36B
step= 11110 | loss=5.4446 | lr=3.00e-04 | wd=0.0709 | mom=0.9500 | T=2.0 k=1.0 (mu_rec=1 mu_bwd=1) | grad=1.617 | tok/s=54,193 | tokens=0.36B
step= 11120 | loss=5.4181 | lr=3.00e-04 | wd=0.0709 | mom=0.9500 | T=1.5 k=1.0 (mu_rec=1 mu_bwd=1) | grad=1.734 | tok/s=57,361 | tokens=0.36B
step= 11130 | loss=5.2559 | lr=3.00e-04 | wd=0.0708 | mom=0.9500 | T=1.5 k=1.0 (mu_rec=1 mu_bwd=1) | grad=1.977 | tok/s=57,380 | tokens=0.36B
step= 11140 | loss=5.0288 | lr=3.00e-04 | wd=0.0708 | mom=0.9500 | T=1.2 k=1.0 (mu_rec=1 mu_bwd=1) | grad=1.672 | tok/s=53,791 | tokens=0.37B
step= 11150 | loss=5.1009 | lr=3.00e-04 | wd=0.0708 | mom=0.9500 | T=1.8 k=1.0 (mu_rec=1 mu_bwd=1) | grad=1.914 | tok/s=56,091 | tokens=0.37B
step= 11160 | loss=5.1898 | lr=3.00e-04 | wd=0.0707 | mom=0.9500 | T=1.5 k=1.0 (mu_rec=1 mu_bwd=1) | grad=1.727 | tok/s=55,551 | tokens=0.37B
step= 11170 | loss=5.3530 | lr=3.00e-04 | wd=0.0707 | mom=0.9500 | T=1.5 k=1.0 (mu_rec=1 mu_bwd=1) | grad=1.398 | tok/s=54,614 | tokens=0.37B
step= 11180 | loss=5.1593 | lr=3.00e-04 | wd=0.0707 | mom=0.9500 | T=1.2 k=1.0 (mu_rec=1 mu_bwd=1) | grad=3.000 | tok/s=52,831 | tokens=0.37B
step= 11190 | loss=5.1414 | lr=3.00e-04 | wd=0.0707 | mom=0.9500 | T=1.0 k=1.0 (mu_rec=1 mu_bwd=1) | grad=2.203 | tok/s=54,332 | tokens=0.37B
step= 11200 | loss=5.2304 | lr=3.00e-04 | wd=0.0706 | mom=0.9500 | T=1.8 k=1.0 (mu_rec=1 mu_bwd=1) | grad=2.875 | tok/s=56,154 | tokens=0.37B
step= 11210 | loss=5.9298 | lr=3.00e-04 | wd=0.0706 | mom=0.9500 | T=1.2 k=1.0 (mu_rec=1 mu_bwd=1) | grad=3.219 | tok/s=54,208 | tokens=0.37B
step= 11220 | loss=5.3459 | lr=3.00e-04 | wd=0.0706 | mom=0.9500 | T=1.2 k=1.0 (mu_rec=1 mu_bwd=1) | grad=1.609 | tok/s=58,399 | tokens=0.37B
step= 11230 | loss=5.4885 | lr=3.00e-04 | wd=0.0706 | mom=0.9500 | T=1.0 k=1.0 (mu_rec=1 mu_bwd=1) | grad=3.188 | tok/s=52,989 | tokens=0.37B
step= 11240 | loss=5.5253 | lr=3.00e-04 | wd=0.0705 | mom=0.9500 | T=1.0 k=1.0 (mu_rec=1 mu_bwd=1) | grad=3.156 | tok/s=53,161 | tokens=0.37B
step= 11250 | loss=5.3174 | lr=3.00e-04 | wd=0.0705 | mom=0.9500 | T=1.2 k=1.0 (mu_rec=1 mu_bwd=1) | grad=3.641 | tok/s=56,422 | tokens=0.37B
step= 11260 | loss=5.2055 | lr=3.00e-04 | wd=0.0705 | mom=0.9500 | T=1.5 k=1.0 (mu_rec=1 mu_bwd=1) | grad=1.398 | tok/s=53,693 | tokens=0.37B
step= 11270 | loss=5.2410 | lr=3.00e-04 | wd=0.0705 | mom=0.9500 | T=1.0 k=1.0 (mu_rec=1 mu_bwd=1) | grad=1.883 | tok/s=51,721 | tokens=0.37B
step= 11280 | loss=5.4654 | lr=3.00e-04 | wd=0.0704 | mom=0.9500 | T=1.0 k=1.0 (mu_rec=1 mu_bwd=1) | grad=8.562 | tok/s=58,216 | tokens=0.37B
step= 11290 | loss=5.5259 | lr=3.00e-04 | wd=0.0704 | mom=0.9500 | T=1.5 k=1.0 (mu_rec=1 mu_bwd=1) | grad=1.680 | tok/s=52,942 | tokens=0.37B
step= 11300 | loss=5.3502 | lr=3.00e-04 | wd=0.0704 | mom=0.9500 | T=1.2 k=1.0 (mu_rec=1 mu_bwd=1) | grad=1.484 | tok/s=58,389 | tokens=0.37B
step= 11310 | loss=5.2385 | lr=3.00e-04 | wd=0.0704 | mom=0.9500 | T=1.8 k=1.0 (mu_rec=1 mu_bwd=1) | grad=1.484 | tok/s=54,828 | tokens=0.37B
step= 11320 | loss=5.4085 | lr=3.00e-04 | wd=0.0703 | mom=0.9500 | T=1.2 k=1.0 (mu_rec=1 mu_bwd=1) | grad=1.672 | tok/s=55,524 | tokens=0.37B
step= 11330 | loss=5.4901 | lr=3.00e-04 | wd=0.0703 | mom=0.9500 | T=1.0 k=1.0 (mu_rec=1 mu_bwd=1) | grad=2.016 | tok/s=58,838 | tokens=0.37B
step= 11340 | loss=5.3357 | lr=3.00e-04 | wd=0.0703 | mom=0.9500 | T=1.2 k=1.0 (mu_rec=1 mu_bwd=1) | grad=1.523 | tok/s=54,221 | tokens=0.37B
step= 11350 | loss=5.2782 | lr=3.00e-04 | wd=0.0702 | mom=0.9500 | T=1.0 k=1.0 (mu_rec=1 mu_bwd=1) | grad=1.781 | tok/s=59,796 | tokens=0.37B
step= 11360 | loss=5.3387 | lr=3.00e-04 | wd=0.0702 | mom=0.9500 | T=1.8 k=1.0 (mu_rec=1 mu_bwd=1) | grad=2.203 | tok/s=54,726 | tokens=0.37B
step= 11370 | loss=5.1827 | lr=3.00e-04 | wd=0.0702 | mom=0.9500 | T=1.0 k=1.0 (mu_rec=1 mu_bwd=1) | grad=5.906 | tok/s=56,799 | tokens=0.37B
step= 11380 | loss=5.1420 | lr=3.00e-04 | wd=0.0702 | mom=0.9500 | T=1.5 k=1.0 (mu_rec=1 mu_bwd=1) | grad=2.250 | tok/s=54,000 | tokens=0.37B
step= 11390 | loss=5.1566 | lr=3.00e-04 | wd=0.0701 | mom=0.9500 | T=1.2 k=1.0 (mu_rec=1 mu_bwd=1) | grad=3.531 | tok/s=54,077 | tokens=0.37B
step= 11400 | loss=5.2482 | lr=3.00e-04 | wd=0.0701 | mom=0.9500 | T=1.2 k=1.0 (mu_rec=1 mu_bwd=1) | grad=2.141 | tok/s=7,956 | tokens=0.37B
step= 11410 | loss=5.3133 | lr=3.00e-04 | wd=0.0701 | mom=0.9500 | T=1.0 k=1.0 (mu_rec=1 mu_bwd=1) | grad=2.328 | tok/s=60,334 | tokens=0.37B
step= 11420 | loss=5.2934 | lr=3.00e-04 | wd=0.0701 | mom=0.9500 | T=2.0 k=1.0 (mu_rec=1 mu_bwd=1) | grad=2.578 | tok/s=56,451 | tokens=0.37B
step= 11430 | loss=5.1510 | lr=3.00e-04 | wd=0.0700 | mom=0.9500 | T=1.8 k=1.0 (mu_rec=1 mu_bwd=1) | grad=1.336 | tok/s=58,770 | tokens=0.37B
step= 11440 | loss=5.3207 | lr=3.00e-04 | wd=0.0700 | mom=0.9500 | T=1.8 k=1.0 (mu_rec=1 mu_bwd=1) | grad=2.047 | tok/s=52,862 | tokens=0.37B
step= 11450 | loss=5.1830 | lr=3.00e-04 | wd=0.0700 | mom=0.9500 | T=1.2 k=1.0 (mu_rec=1 mu_bwd=1) | grad=2.016 | tok/s=58,276 | tokens=0.38B
step= 11460 | loss=5.1342 | lr=3.00e-04 | wd=0.0700 | mom=0.9500 | T=1.0 k=1.0 (mu_rec=1 mu_bwd=1) | grad=3.641 | tok/s=58,476 | tokens=0.38B
step= 11470 | loss=5.2938 | lr=3.00e-04 | wd=0.0699 | mom=0.9500 | T=1.0 k=1.0 (mu_rec=1 mu_bwd=1) | grad=2.875 | tok/s=58,498 | tokens=0.38B
step= 11480 | loss=5.2002 | lr=3.00e-04 | wd=0.0699 | mom=0.9500 | T=1.5 k=1.0 (mu_rec=1 mu_bwd=1) | grad=2.109 | tok/s=53,684 | tokens=0.38B
step= 11490 | loss=5.3615 | lr=3.00e-04 | wd=0.0699 | mom=0.9500 | T=1.2 k=1.0 (mu_rec=1 mu_bwd=1) | grad=2.406 | tok/s=53,343 | tokens=0.38B
step= 11500 | loss=5.0388 | lr=3.00e-04 | wd=0.0699 | mom=0.9500 | T=1.5 k=1.0 (mu_rec=1 mu_bwd=1) | grad=2.016 | tok/s=54,303 | tokens=0.38B
step= 11510 | loss=5.1991 | lr=3.00e-04 | wd=0.0698 | mom=0.9500 | T=1.0 k=1.0 (mu_rec=1 mu_bwd=1) | grad=2.266 | tok/s=55,452 | tokens=0.38B
step= 11520 | loss=5.2026 | lr=3.00e-04 | wd=0.0698 | mom=0.9500 | T=1.2 k=1.0 (mu_rec=1 mu_bwd=1) | grad=2.562 | tok/s=55,329 | tokens=0.38B
step= 11530 | loss=5.2950 | lr=3.00e-04 | wd=0.0698 | mom=0.9500 | T=1.2 k=1.0 (mu_rec=1 mu_bwd=1) | grad=5.531 | tok/s=52,272 | tokens=0.38B
step= 11540 | loss=5.2450 | lr=3.00e-04 | wd=0.0698 | mom=0.9500 | T=1.0 k=1.0 (mu_rec=1 mu_bwd=1) | grad=2.094 | tok/s=58,773 | tokens=0.38B
step= 11550 | loss=5.2336 | lr=3.00e-04 | wd=0.0697 | mom=0.9500 | T=1.2 k=1.0 (mu_rec=1 mu_bwd=1) | grad=1.898 | tok/s=53,669 | tokens=0.38B
step= 11560 | loss=5.2943 | lr=3.00e-04 | wd=0.0697 | mom=0.9500 | T=1.5 k=1.0 (mu_rec=1 mu_bwd=1) | grad=2.375 | tok/s=53,409 | tokens=0.38B
step= 11570 | loss=5.2632 | lr=3.00e-04 | wd=0.0697 | mom=0.9500 | T=2.0 k=1.0 (mu_rec=1 mu_bwd=1) | grad=1.594 | tok/s=57,166 | tokens=0.38B
step= 11580 | loss=5.2874 | lr=3.00e-04 | wd=0.0696 | mom=0.9500 | T=1.2 k=1.0 (mu_rec=1 mu_bwd=1) | grad=2.188 | tok/s=53,864 | tokens=0.38B
step= 11590 | loss=5.2146 | lr=3.00e-04 | wd=0.0696 | mom=0.9500 | T=1.5 k=1.0 (mu_rec=1 mu_bwd=1) | grad=1.672 | tok/s=56,324 | tokens=0.38B
step= 11600 | loss=5.2300 | lr=3.00e-04 | wd=0.0696 | mom=0.9500 | T=1.2 k=1.0 (mu_rec=1 mu_bwd=1) | grad=2.109 | tok/s=54,942 | tokens=0.38B
step= 11610 | loss=5.1839 | lr=3.00e-04 | wd=0.0696 | mom=0.9500 | T=1.0 k=1.0 (mu_rec=1 mu_bwd=1) | grad=2.234 | tok/s=54,329 | tokens=0.38B
step= 11620 | loss=5.1703 | lr=3.00e-04 | wd=0.0695 | mom=0.9500 | T=2.5 k=1.0 (mu_rec=1 mu_bwd=1) | grad=1.773 | tok/s=53,886 | tokens=0.38B
step= 11630 | loss=5.2500 | lr=3.00e-04 | wd=0.0695 | mom=0.9500 | T=1.8 k=1.0 (mu_rec=1 mu_bwd=1) | grad=2.281 | tok/s=55,092 | tokens=0.38B
step= 11640 | loss=5.0219 | lr=3.00e-04 | wd=0.0695 | mom=0.9500 | T=1.2 k=1.0 (mu_rec=1 mu_bwd=1) | grad=1.609 | tok/s=53,767 | tokens=0.38B
step= 11650 | loss=5.1643 | lr=3.00e-04 | wd=0.0695 | mom=0.9500 | T=2.5 k=1.0 (mu_rec=1 mu_bwd=1) | grad=3.266 | tok/s=56,040 | tokens=0.38B
step= 11660 | loss=5.1545 | lr=3.00e-04 | wd=0.0694 | mom=0.9500 | T=1.2 k=1.0 (mu_rec=1 mu_bwd=1) | grad=2.172 | tok/s=52,960 | tokens=0.38B
step= 11670 | loss=5.2096 | lr=3.00e-04 | wd=0.0694 | mom=0.9500 | T=1.2 k=1.0 (mu_rec=1 mu_bwd=1) | grad=5.094 | tok/s=55,470 | tokens=0.38B
step= 11680 | loss=5.2575 | lr=3.00e-04 | wd=0.0694 | mom=0.9500 | T=1.5 k=1.0 (mu_rec=1 mu_bwd=1) | grad=2.453 | tok/s=53,754 | tokens=0.38B
step= 11690 | loss=4.9824 | lr=3.00e-04 | wd=0.0694 | mom=0.9500 | T=1.2 k=1.0 (mu_rec=1 mu_bwd=1) | grad=1.805 | tok/s=55,057 | tokens=0.38B
step= 11700 | loss=5.1978 | lr=3.00e-04 | wd=0.0693 | mom=0.9500 | T=1.0 k=1.0 (mu_rec=1 mu_bwd=1) | grad=2.484 | tok/s=59,472 | tokens=0.38B
step= 11710 | loss=5.1915 | lr=3.00e-04 | wd=0.0693 | mom=0.9500 | T=1.5 k=1.0 (mu_rec=1 mu_bwd=1) | grad=1.383 | tok/s=57,456 | tokens=0.38B
step= 11720 | loss=5.3023 | lr=3.00e-04 | wd=0.0693 | mom=0.9500 | T=1.5 k=1.0 (mu_rec=1 mu_bwd=1) | grad=2.266 | tok/s=53,034 | tokens=0.38B
step= 11730 | loss=5.2984 | lr=3.00e-04 | wd=0.0693 | mom=0.9500 | T=1.5 k=1.0 (mu_rec=1 mu_bwd=1) | grad=2.000 | tok/s=57,137 | tokens=0.38B
step= 11740 | loss=5.1980 | lr=3.00e-04 | wd=0.0692 | mom=0.9500 | T=1.2 k=1.0 (mu_rec=1 mu_bwd=1) | grad=1.992 | tok/s=55,604 | tokens=0.38B
step= 11750 | loss=5.1144 | lr=3.00e-04 | wd=0.0692 | mom=0.9500 | T=1.0 k=1.0 (mu_rec=1 mu_bwd=1) | grad=3.578 | tok/s=57,748 | tokens=0.39B
step= 11760 | loss=5.0458 | lr=3.00e-04 | wd=0.0692 | mom=0.9500 | T=1.2 k=1.0 (mu_rec=1 mu_bwd=1) | grad=2.859 | tok/s=52,997 | tokens=0.39B
step= 11770 | loss=4.9143 | lr=3.00e-04 | wd=0.0691 | mom=0.9500 | T=1.2 k=1.0 (mu_rec=1 mu_bwd=1) | grad=2.141 | tok/s=60,099 | tokens=0.39B
step= 11780 | loss=5.0917 | lr=3.00e-04 | wd=0.0691 | mom=0.9500 | T=1.2 k=1.0 (mu_rec=1 mu_bwd=1) | grad=2.234 | tok/s=53,067 | tokens=0.39B
step= 11790 | loss=4.8748 | lr=3.00e-04 | wd=0.0691 | mom=0.9500 | T=1.2 k=1.0 (mu_rec=1 mu_bwd=1) | grad=2.047 | tok/s=55,206 | tokens=0.39B
step= 11800 | loss=5.1406 | lr=3.00e-04 | wd=0.0691 | mom=0.9500 | T=1.0 k=1.0 (mu_rec=1 mu_bwd=1) | grad=3.219 | tok/s=56,439 | tokens=0.39B
step= 11810 | loss=5.1607 | lr=3.00e-04 | wd=0.0690 | mom=0.9500 | T=1.5 k=1.0 (mu_rec=1 mu_bwd=1) | grad=2.172 | tok/s=52,929 | tokens=0.39B
step= 11820 | loss=5.2160 | lr=3.00e-04 | wd=0.0690 | mom=0.9500 | T=1.0 k=1.0 (mu_rec=1 mu_bwd=1) | grad=2.062 | tok/s=57,188 | tokens=0.39B
step= 11830 | loss=5.3089 | lr=3.00e-04 | wd=0.0690 | mom=0.9500 | T=1.2 k=1.0 (mu_rec=1 mu_bwd=1) | grad=3.328 | tok/s=54,956 | tokens=0.39B
step= 11840 | loss=5.2913 | lr=3.00e-04 | wd=0.0690 | mom=0.9500 | T=1.2 k=1.0 (mu_rec=1 mu_bwd=1) | grad=2.375 | tok/s=59,114 | tokens=0.39B
step= 11850 | loss=5.3250 | lr=3.00e-04 | wd=0.0689 | mom=0.9500 | T=1.5 k=1.0 (mu_rec=1 mu_bwd=1) | grad=2.000 | tok/s=53,222 | tokens=0.39B
step= 11860 | loss=5.1705 | lr=3.00e-04 | wd=0.0689 | mom=0.9500 | T=1.5 k=1.0 (mu_rec=1 mu_bwd=1) | grad=1.664 | tok/s=54,830 | tokens=0.39B
step= 11870 | loss=5.1542 | lr=3.00e-04 | wd=0.0689 | mom=0.9500 | T=1.0 k=1.0 (mu_rec=1 mu_bwd=1) | grad=2.844 | tok/s=56,007 | tokens=0.39B
step= 11880 | loss=4.9214 | lr=3.00e-04 | wd=0.0689 | mom=0.9500 | T=1.8 k=1.0 (mu_rec=1 mu_bwd=1) | grad=1.445 | tok/s=55,763 | tokens=0.39B
step= 11890 | loss=5.1413 | lr=3.00e-04 | wd=0.0688 | mom=0.9500 | T=1.2 k=1.0 (mu_rec=1 mu_bwd=1) | grad=1.750 | tok/s=54,902 | tokens=0.39B
step= 11900 | loss=5.1601 | lr=3.00e-04 | wd=0.0688 | mom=0.9500 | T=1.0 k=1.0 (mu_rec=1 mu_bwd=1) | grad=2.312 | tok/s=57,996 | tokens=0.39B
step= 11910 | loss=5.1075 | lr=3.00e-04 | wd=0.0688 | mom=0.9500 | T=1.8 k=1.0 (mu_rec=1 mu_bwd=1) | grad=1.688 | tok/s=59,552 | tokens=0.39B
step= 11920 | loss=5.1981 | lr=3.00e-04 | wd=0.0688 | mom=0.9500 | T=1.5 k=1.0 (mu_rec=1 mu_bwd=1) | grad=1.992 | tok/s=55,773 | tokens=0.39B
step= 11930 | loss=5.1469 | lr=3.00e-04 | wd=0.0687 | mom=0.9500 | T=1.2 k=1.0 (mu_rec=1 mu_bwd=1) | grad=2.422 | tok/s=8,434 | tokens=0.39B
step= 11940 | loss=5.1775 | lr=3.00e-04 | wd=0.0687 | mom=0.9500 | T=1.2 k=1.0 (mu_rec=1 mu_bwd=1) | grad=1.719 | tok/s=55,834 | tokens=0.39B
step= 11950 | loss=5.2154 | lr=3.00e-04 | wd=0.0687 | mom=0.9500 | T=1.0 k=1.0 (mu_rec=1 mu_bwd=1) | grad=2.953 | tok/s=56,668 | tokens=0.39B
step= 11960 | loss=5.2176 | lr=3.00e-04 | wd=0.0686 | mom=0.9500 | T=1.5 k=1.0 (mu_rec=1 mu_bwd=1) | grad=1.828 | tok/s=55,564 | tokens=0.39B
step= 11970 | loss=5.2794 | lr=3.00e-04 | wd=0.0686 | mom=0.9500 | T=1.0 k=1.0 (mu_rec=1 mu_bwd=1) | grad=2.266 | tok/s=55,826 | tokens=0.39B
step= 11980 | loss=5.1942 | lr=3.00e-04 | wd=0.0686 | mom=0.9500 | T=1.0 k=1.0 (mu_rec=1 mu_bwd=1) | grad=2.938 | tok/s=57,208 | tokens=0.39B
step= 11990 | loss=5.5231 | lr=3.00e-04 | wd=0.0686 | mom=0.9500 | T=1.5 k=1.0 (mu_rec=1 mu_bwd=1) | grad=4.281 | tok/s=58,699 | tokens=0.39B
step= 12000 | loss=6.5405 | lr=3.00e-04 | wd=0.0685 | mom=0.9500 | T=2.0 k=1.0 (mu_rec=1 mu_bwd=1) | grad=3.000 | tok/s=56,960 | tokens=0.39B
step= 12010 | loss=6.0063 | lr=3.00e-04 | wd=0.0685 | mom=0.9500 | T=1.0 k=1.0 (mu_rec=1 mu_bwd=1) | grad=2.812 | tok/s=55,453 | tokens=0.39B
step= 12020 | loss=5.2510 | lr=3.00e-04 | wd=0.0685 | mom=0.9500 | T=1.2 k=1.0 (mu_rec=1 mu_bwd=1) | grad=2.656 | tok/s=61,629 | tokens=0.39B
step= 12030 | loss=4.8684 | lr=3.00e-04 | wd=0.0685 | mom=0.9500 | T=1.0 k=1.0 (mu_rec=1 mu_bwd=1) | grad=8.812 | tok/s=58,810 | tokens=0.39B
step= 12040 | loss=5.2908 | lr=3.00e-04 | wd=0.0684 | mom=0.9500 | T=1.8 k=1.0 (mu_rec=1 mu_bwd=1) | grad=1.805 | tok/s=53,840 | tokens=0.39B
step= 12050 | loss=5.2955 | lr=3.00e-04 | wd=0.0684 | mom=0.9500 | T=1.2 k=1.0 (mu_rec=1 mu_bwd=1) | grad=6.281 | tok/s=55,785 | tokens=0.39B
step= 12060 | loss=5.2781 | lr=3.00e-04 | wd=0.0684 | mom=0.9500 | T=1.2 k=1.0 (mu_rec=1 mu_bwd=1) | grad=2.734 | tok/s=53,951 | tokens=0.40B
step= 12070 | loss=5.2521 | lr=3.00e-04 | wd=0.0684 | mom=0.9500 | T=1.0 k=1.0 (mu_rec=1 mu_bwd=1) | grad=2.875 | tok/s=56,303 | tokens=0.40B
step= 12080 | loss=5.6082 | lr=3.00e-04 | wd=0.0683 | mom=0.9500 | T=1.8 k=1.0 (mu_rec=1 mu_bwd=1) | grad=3.844 | tok/s=53,666 | tokens=0.40B
step= 12090 | loss=5.1580 | lr=3.00e-04 | wd=0.0683 | mom=0.9500 | T=1.5 k=1.0 (mu_rec=1 mu_bwd=1) | grad=2.578 | tok/s=50,893 | tokens=0.40B
step= 12100 | loss=5.1299 | lr=3.00e-04 | wd=0.0683 | mom=0.9500 | T=1.5 k=1.0 (mu_rec=1 mu_bwd=1) | grad=1.750 | tok/s=56,916 | tokens=0.40B
step= 12110 | loss=5.3530 | lr=3.00e-04 | wd=0.0683 | mom=0.9500 | T=1.2 k=1.0 (mu_rec=1 mu_bwd=1) | grad=3.188 | tok/s=55,335 | tokens=0.40B
step= 12120 | loss=5.0564 | lr=3.00e-04 | wd=0.0682 | mom=0.9500 | T=1.0 k=1.0 (mu_rec=1 mu_bwd=1) | grad=1.859 | tok/s=59,090 | tokens=0.40B
step= 12130 | loss=5.0722 | lr=3.00e-04 | wd=0.0682 | mom=0.9500 | T=1.2 k=1.0 (mu_rec=1 mu_bwd=1) | grad=3.625 | tok/s=53,959 | tokens=0.40B
step= 12140 | loss=5.3670 | lr=3.00e-04 | wd=0.0682 | mom=0.9500 | T=3.5 k=1.0 (mu_rec=1 mu_bwd=1) | grad=1.406 | tok/s=55,240 | tokens=0.40B
step= 12150 | loss=5.4334 | lr=3.00e-04 | wd=0.0682 | mom=0.9500 | T=1.8 k=1.0 (mu_rec=1 mu_bwd=1) | grad=2.000 | tok/s=58,086 | tokens=0.40B
step= 12160 | loss=5.1948 | lr=3.00e-04 | wd=0.0681 | mom=0.9500 | T=1.0 k=1.0 (mu_rec=1 mu_bwd=1) | grad=3.500 | tok/s=53,168 | tokens=0.40B
step= 12170 | loss=5.1318 | lr=3.00e-04 | wd=0.0681 | mom=0.9500 | T=1.8 k=1.0 (mu_rec=1 mu_bwd=1) | grad=1.844 | tok/s=53,539 | tokens=0.40B
step= 12180 | loss=5.0991 | lr=3.00e-04 | wd=0.0681 | mom=0.9500 | T=1.2 k=1.0 (mu_rec=1 mu_bwd=1) | grad=12.000 | tok/s=54,950 | tokens=0.40B
step= 12190 | loss=5.3734 | lr=3.00e-04 | wd=0.0680 | mom=0.9500 | T=1.8 k=1.0 (mu_rec=1 mu_bwd=1) | grad=2.812 | tok/s=54,297 | tokens=0.40B
step= 12200 | loss=5.2195 | lr=3.00e-04 | wd=0.0680 | mom=0.9500 | T=1.5 k=1.0 (mu_rec=1 mu_bwd=1) | grad=1.906 | tok/s=57,774 | tokens=0.40B
step= 12210 | loss=5.1038 | lr=3.00e-04 | wd=0.0680 | mom=0.9500 | T=1.8 k=1.0 (mu_rec=1 mu_bwd=1) | grad=2.844 | tok/s=58,165 | tokens=0.40B
step= 12220 | loss=5.1923 | lr=3.00e-04 | wd=0.0680 | mom=0.9500 | T=2.2 k=1.0 (mu_rec=1 mu_bwd=1) | grad=4.594 | tok/s=54,040 | tokens=0.40B
step= 12230 | loss=5.1183 | lr=3.00e-04 | wd=0.0679 | mom=0.9500 | T=1.5 k=1.0 (mu_rec=1 mu_bwd=1) | grad=1.766 | tok/s=52,967 | tokens=0.40B
step= 12240 | loss=5.0811 | lr=3.00e-04 | wd=0.0679 | mom=0.9500 | T=1.0 k=1.0 (mu_rec=1 mu_bwd=1) | grad=2.250 | tok/s=54,943 | tokens=0.40B
step= 12250 | loss=5.5184 | lr=3.00e-04 | wd=0.0679 | mom=0.9500 | T=1.2 k=1.0 (mu_rec=1 mu_bwd=1) | grad=2.000 | tok/s=57,010 | tokens=0.40B
step= 12260 | loss=5.1458 | lr=3.00e-04 | wd=0.0679 | mom=0.9500 | T=2.2 k=1.0 (mu_rec=1 mu_bwd=1) | grad=1.812 | tok/s=57,077 | tokens=0.40B
step= 12270 | loss=5.0916 | lr=3.00e-04 | wd=0.0678 | mom=0.9500 | T=1.0 k=1.0 (mu_rec=1 mu_bwd=1) | grad=2.266 | tok/s=57,421 | tokens=0.40B
step= 12280 | loss=5.2258 | lr=3.00e-04 | wd=0.0678 | mom=0.9500 | T=2.5 k=1.0 (mu_rec=1 mu_bwd=1) | grad=1.234 | tok/s=56,389 | tokens=0.40B
step= 12290 | loss=5.3333 | lr=3.00e-04 | wd=0.0678 | mom=0.9500 | T=1.5 k=1.0 (mu_rec=1 mu_bwd=1) | grad=2.609 | tok/s=55,634 | tokens=0.40B
step= 12300 | loss=5.4113 | lr=3.00e-04 | wd=0.0678 | mom=0.9500 | T=1.5 k=1.0 (mu_rec=1 mu_bwd=1) | grad=2.812 | tok/s=55,890 | tokens=0.40B
step= 12310 | loss=4.9696 | lr=3.00e-04 | wd=0.0677 | mom=0.9500 | T=1.2 k=1.0 (mu_rec=1 mu_bwd=1) | grad=4.094 | tok/s=54,850 | tokens=0.40B
step= 12320 | loss=5.2338 | lr=3.00e-04 | wd=0.0677 | mom=0.9500 | T=1.5 k=1.0 (mu_rec=1 mu_bwd=1) | grad=1.727 | tok/s=56,707 | tokens=0.40B
step= 12330 | loss=5.1627 | lr=3.00e-04 | wd=0.0677 | mom=0.9500 | T=2.0 k=1.0 (mu_rec=1 mu_bwd=1) | grad=1.500 | tok/s=55,458 | tokens=0.40B
step= 12340 | loss=5.2349 | lr=3.00e-04 | wd=0.0677 | mom=0.9500 | T=1.8 k=1.0 (mu_rec=1 mu_bwd=1) | grad=1.359 | tok/s=53,984 | tokens=0.40B
step= 12350 | loss=5.2253 | lr=3.00e-04 | wd=0.0676 | mom=0.9500 | T=1.0 k=1.0 (mu_rec=1 mu_bwd=1) | grad=2.672 | tok/s=9,147 | tokens=0.40B
step= 12360 | loss=5.2558 | lr=3.00e-04 | wd=0.0676 | mom=0.9500 | T=1.2 k=1.0 (mu_rec=1 mu_bwd=1) | grad=2.141 | tok/s=59,171 | tokens=0.41B
step= 12370 | loss=5.1466 | lr=3.00e-04 | wd=0.0676 | mom=0.9500 | T=1.5 k=1.0 (mu_rec=1 mu_bwd=1) | grad=2.469 | tok/s=57,083 | tokens=0.41B
step= 12380 | loss=5.0341 | lr=3.00e-04 | wd=0.0675 | mom=0.9500 | T=1.0 k=1.0 (mu_rec=1 mu_bwd=1) | grad=1.781 | tok/s=55,998 | tokens=0.41B
step= 12390 | loss=5.2234 | lr=3.00e-04 | wd=0.0675 | mom=0.9500 | T=1.8 k=1.0 (mu_rec=1 mu_bwd=1) | grad=1.789 | tok/s=54,546 | tokens=0.41B
step= 12400 | loss=5.1827 | lr=3.00e-04 | wd=0.0675 | mom=0.9500 | T=1.0 k=1.0 (mu_rec=1 mu_bwd=1) | grad=2.266 | tok/s=54,683 | tokens=0.41B
step= 12410 | loss=5.2644 | lr=3.00e-04 | wd=0.0675 | mom=0.9500 | T=1.0 k=1.0 (mu_rec=1 mu_bwd=1) | grad=2.219 | tok/s=54,500 | tokens=0.41B
step= 12420 | loss=5.0828 | lr=3.00e-04 | wd=0.0674 | mom=0.9500 | T=1.0 k=1.0 (mu_rec=1 mu_bwd=1) | grad=3.016 | tok/s=56,722 | tokens=0.41B
step= 12430 | loss=4.8605 | lr=3.00e-04 | wd=0.0674 | mom=0.9500 | T=1.0 k=1.0 (mu_rec=1 mu_bwd=1) | grad=2.484 | tok/s=54,223 | tokens=0.41B
step= 12440 | loss=5.0715 | lr=3.00e-04 | wd=0.0674 | mom=0.9500 | T=1.5 k=1.0 (mu_rec=1 mu_bwd=1) | grad=1.867 | tok/s=55,153 | tokens=0.41B
step= 12450 | loss=5.2069 | lr=3.00e-04 | wd=0.0674 | mom=0.9500 | T=1.0 k=1.0 (mu_rec=1 mu_bwd=1) | grad=3.719 | tok/s=53,438 | tokens=0.41B
step= 12460 | loss=5.3383 | lr=3.00e-04 | wd=0.0673 | mom=0.9500 | T=1.0 k=1.0 (mu_rec=1 mu_bwd=1) | grad=2.188 | tok/s=61,610 | tokens=0.41B
step= 12470 | loss=5.0699 | lr=3.00e-04 | wd=0.0673 | mom=0.9500 | T=2.2 k=1.0 (mu_rec=1 mu_bwd=1) | grad=1.805 | tok/s=56,815 | tokens=0.41B
step= 12480 | loss=5.1256 | lr=3.00e-04 | wd=0.0673 | mom=0.9500 | T=1.5 k=1.0 (mu_rec=1 mu_bwd=1) | grad=1.727 | tok/s=55,191 | tokens=0.41B
step= 12490 | loss=5.2592 | lr=3.00e-04 | wd=0.0673 | mom=0.9500 | T=1.2 k=1.0 (mu_rec=1 mu_bwd=1) | grad=2.172 | tok/s=55,958 | tokens=0.41B
step= 12500 | loss=5.1688 | lr=3.00e-04 | wd=0.0672 | mom=0.9500 | T=1.8 k=1.0 (mu_rec=1 mu_bwd=1) | grad=2.078 | tok/s=53,074 | tokens=0.41B
step= 12510 | loss=5.2863 | lr=3.00e-04 | wd=0.0672 | mom=0.9500 | T=1.0 k=1.0 (mu_rec=1 mu_bwd=1) | grad=2.562 | tok/s=57,395 | tokens=0.41B
step= 12520 | loss=5.2592 | lr=3.00e-04 | wd=0.0672 | mom=0.9500 | T=1.5 k=1.0 (mu_rec=1 mu_bwd=1) | grad=1.789 | tok/s=51,916 | tokens=0.41B
step= 12530 | loss=5.2552 | lr=3.00e-04 | wd=0.0672 | mom=0.9500 | T=1.0 k=1.0 (mu_rec=1 mu_bwd=1) | grad=1.945 | tok/s=54,769 | tokens=0.41B
step= 12540 | loss=5.1616 | lr=3.00e-04 | wd=0.0671 | mom=0.9500 | T=1.2 k=1.0 (mu_rec=1 mu_bwd=1) | grad=1.820 | tok/s=57,628 | tokens=0.41B
step= 12550 | loss=5.2098 | lr=3.00e-04 | wd=0.0671 | mom=0.9500 | T=1.2 k=1.0 (mu_rec=1 mu_bwd=1) | grad=1.641 | tok/s=53,176 | tokens=0.41B
step= 12560 | loss=5.1034 | lr=3.00e-04 | wd=0.0671 | mom=0.9500 | T=1.0 k=1.0 (mu_rec=1 mu_bwd=1) | grad=2.750 | tok/s=56,876 | tokens=0.41B
step= 12570 | loss=5.3108 | lr=3.00e-04 | wd=0.0671 | mom=0.9500 | T=1.0 k=1.0 (mu_rec=1 mu_bwd=1) | grad=1.945 | tok/s=56,538 | tokens=0.41B
step= 12580 | loss=5.1557 | lr=3.00e-04 | wd=0.0670 | mom=0.9500 | T=1.2 k=1.0 (mu_rec=1 mu_bwd=1) | grad=3.609 | tok/s=55,290 | tokens=0.41B
step= 12590 | loss=5.7710 | lr=3.00e-04 | wd=0.0670 | mom=0.9500 | T=1.2 k=1.0 (mu_rec=1 mu_bwd=1) | grad=2.766 | tok/s=57,235 | tokens=0.41B
step= 12600 | loss=5.2352 | lr=3.00e-04 | wd=0.0670 | mom=0.9500 | T=2.0 k=1.0 (mu_rec=1 mu_bwd=1) | grad=2.734 | tok/s=51,287 | tokens=0.41B
step= 12610 | loss=5.0483 | lr=3.00e-04 | wd=0.0669 | mom=0.9500 | T=2.0 k=1.0 (mu_rec=1 mu_bwd=1) | grad=2.875 | tok/s=55,017 | tokens=0.41B
step= 12620 | loss=5.0360 | lr=3.00e-04 | wd=0.0669 | mom=0.9500 | T=1.2 k=1.0 (mu_rec=1 mu_bwd=1) | grad=2.047 | tok/s=56,830 | tokens=0.41B
step= 12630 | loss=5.1115 | lr=3.00e-04 | wd=0.0669 | mom=0.9500 | T=1.5 k=1.0 (mu_rec=1 mu_bwd=1) | grad=1.875 | tok/s=54,294 | tokens=0.41B
step= 12640 | loss=5.2519 | lr=3.00e-04 | wd=0.0669 | mom=0.9500 | T=1.2 k=1.0 (mu_rec=1 mu_bwd=1) | grad=2.906 | tok/s=55,465 | tokens=0.41B
step= 12650 | loss=5.0578 | lr=3.00e-04 | wd=0.0668 | mom=0.9500 | T=1.2 k=1.0 (mu_rec=1 mu_bwd=1) | grad=2.109 | tok/s=53,586 | tokens=0.41B
step= 12660 | loss=5.1628 | lr=3.00e-04 | wd=0.0668 | mom=0.9500 | T=1.0 k=1.0 (mu_rec=1 mu_bwd=1) | grad=9.375 | tok/s=55,652 | tokens=0.41B
step= 12670 | loss=5.1058 | lr=3.00e-04 | wd=0.0668 | mom=0.9500 | T=1.8 k=1.0 (mu_rec=1 mu_bwd=1) | grad=1.773 | tok/s=55,894 | tokens=0.42B
step= 12680 | loss=5.1122 | lr=3.00e-04 | wd=0.0668 | mom=0.9500 | T=1.8 k=1.0 (mu_rec=1 mu_bwd=1) | grad=1.859 | tok/s=55,014 | tokens=0.42B
step= 12690 | loss=5.2398 | lr=3.00e-04 | wd=0.0667 | mom=0.9500 | T=1.0 k=1.0 (mu_rec=1 mu_bwd=1) | grad=2.484 | tok/s=60,415 | tokens=0.42B
step= 12700 | loss=5.2480 | lr=3.00e-04 | wd=0.0667 | mom=0.9500 | T=1.0 k=1.0 (mu_rec=1 mu_bwd=1) | grad=11.688 | tok/s=57,106 | tokens=0.42B
step= 12710 | loss=5.2125 | lr=3.00e-04 | wd=0.0667 | mom=0.9500 | T=1.2 k=1.0 (mu_rec=1 mu_bwd=1) | grad=2.594 | tok/s=58,364 | tokens=0.42B
step= 12720 | loss=5.1090 | lr=3.00e-04 | wd=0.0667 | mom=0.9500 | T=1.0 k=1.0 (mu_rec=1 mu_bwd=1) | grad=2.984 | tok/s=56,706 | tokens=0.42B
step= 12730 | loss=5.0792 | lr=3.00e-04 | wd=0.0666 | mom=0.9500 | T=2.2 k=1.0 (mu_rec=1 mu_bwd=1) | grad=2.469 | tok/s=54,980 | tokens=0.42B
step= 12740 | loss=5.2211 | lr=3.00e-04 | wd=0.0666 | mom=0.9500 | T=1.0 k=1.0 (mu_rec=1 mu_bwd=1) | grad=2.125 | tok/s=54,455 | tokens=0.42B
step= 12750 | loss=5.1773 | lr=3.00e-04 | wd=0.0666 | mom=0.9500 | T=1.8 k=1.0 (mu_rec=1 mu_bwd=1) | grad=1.453 | tok/s=53,496 | tokens=0.42B
step= 12760 | loss=5.0103 | lr=3.00e-04 | wd=0.0666 | mom=0.9500 | T=1.5 k=1.0 (mu_rec=1 mu_bwd=1) | grad=2.094 | tok/s=54,567 | tokens=0.42B
step= 12770 | loss=5.1022 | lr=3.00e-04 | wd=0.0665 | mom=0.9500 | T=1.5 k=1.0 (mu_rec=1 mu_bwd=1) | grad=2.125 | tok/s=54,596 | tokens=0.42B
step= 12780 | loss=5.3095 | lr=3.00e-04 | wd=0.0665 | mom=0.9500 | T=2.2 k=1.0 (mu_rec=1 mu_bwd=1) | grad=4.000 | tok/s=52,145 | tokens=0.42B
step= 12790 | loss=5.0902 | lr=3.00e-04 | wd=0.0665 | mom=0.9500 | T=1.2 k=1.0 (mu_rec=1 mu_bwd=1) | grad=1.883 | tok/s=55,777 | tokens=0.42B
step= 12800 | loss=5.1432 | lr=3.00e-04 | wd=0.0664 | mom=0.9500 | T=1.0 k=1.0 (mu_rec=1 mu_bwd=1) | grad=8.250 | tok/s=59,053 | tokens=0.42B
step= 12810 | loss=5.0662 | lr=3.00e-04 | wd=0.0664 | mom=0.9500 | T=1.0 k=1.0 (mu_rec=1 mu_bwd=1) | grad=3.109 | tok/s=8,299 | tokens=0.42B
step= 12820 | loss=5.0183 | lr=3.00e-04 | wd=0.0664 | mom=0.9500 | T=1.8 k=1.0 (mu_rec=1 mu_bwd=1) | grad=2.578 | tok/s=56,900 | tokens=0.42B
step= 12830 | loss=5.1416 | lr=3.00e-04 | wd=0.0664 | mom=0.9500 | T=1.5 k=1.0 (mu_rec=1 mu_bwd=1) | grad=4.156 | tok/s=57,242 | tokens=0.42B
step= 12840 | loss=5.1003 | lr=3.00e-04 | wd=0.0663 | mom=0.9500 | T=1.2 k=1.0 (mu_rec=1 mu_bwd=1) | grad=3.375 | tok/s=57,291 | tokens=0.42B
step= 12850 | loss=5.1377 | lr=3.00e-04 | wd=0.0663 | mom=0.9500 | T=1.8 k=1.0 (mu_rec=1 mu_bwd=1) | grad=6.438 | tok/s=52,804 | tokens=0.42B
step= 12860 | loss=4.8604 | lr=3.00e-04 | wd=0.0663 | mom=0.9500 | T=1.2 k=1.0 (mu_rec=1 mu_bwd=1) | grad=1.727 | tok/s=55,093 | tokens=0.42B
step= 12870 | loss=5.2067 | lr=3.00e-04 | wd=0.0663 | mom=0.9500 | T=1.5 k=1.0 (mu_rec=1 mu_bwd=1) | grad=1.914 | tok/s=54,430 | tokens=0.42B
step= 12880 | loss=5.2170 | lr=3.00e-04 | wd=0.0662 | mom=0.9500 | T=2.0 k=1.0 (mu_rec=1 mu_bwd=1) | grad=1.883 | tok/s=53,869 | tokens=0.42B
step= 12890 | loss=5.2859 | lr=3.00e-04 | wd=0.0662 | mom=0.9500 | T=1.0 k=1.0 (mu_rec=1 mu_bwd=1) | grad=1.992 | tok/s=57,012 | tokens=0.42B
step= 12900 | loss=5.0860 | lr=3.00e-04 | wd=0.0662 | mom=0.9500 | T=1.0 k=1.0 (mu_rec=1 mu_bwd=1) | grad=3.219 | tok/s=56,992 | tokens=0.42B
step= 12910 | loss=5.1705 | lr=3.00e-04 | wd=0.0662 | mom=0.9500 | T=1.5 k=1.0 (mu_rec=1 mu_bwd=1) | grad=11.250 | tok/s=57,158 | tokens=0.42B
step= 12920 | loss=5.0478 | lr=3.00e-04 | wd=0.0661 | mom=0.9500 | T=1.5 k=1.0 (mu_rec=1 mu_bwd=1) | grad=1.898 | tok/s=56,097 | tokens=0.42B
step= 12930 | loss=5.1891 | lr=3.00e-04 | wd=0.0661 | mom=0.9500 | T=1.8 k=1.0 (mu_rec=1 mu_bwd=1) | grad=2.453 | tok/s=55,219 | tokens=0.42B
step= 12940 | loss=5.1343 | lr=3.00e-04 | wd=0.0661 | mom=0.9500 | T=1.0 k=1.0 (mu_rec=1 mu_bwd=1) | grad=2.719 | tok/s=57,295 | tokens=0.42B
step= 12950 | loss=5.1253 | lr=3.00e-04 | wd=0.0661 | mom=0.9500 | T=1.2 k=1.0 (mu_rec=1 mu_bwd=1) | grad=1.812 | tok/s=55,259 | tokens=0.42B
step= 12960 | loss=5.2622 | lr=3.00e-04 | wd=0.0660 | mom=0.9500 | T=2.0 k=1.0 (mu_rec=1 mu_bwd=1) | grad=1.875 | tok/s=53,490 | tokens=0.42B
step= 12970 | loss=5.3525 | lr=3.00e-04 | wd=0.0660 | mom=0.9500 | T=2.0 k=1.0 (mu_rec=1 mu_bwd=1) | grad=2.578 | tok/s=54,310 | tokens=0.43B
step= 12980 | loss=5.2841 | lr=3.00e-04 | wd=0.0660 | mom=0.9500 | T=1.2 k=1.0 (mu_rec=1 mu_bwd=1) | grad=3.688 | tok/s=52,644 | tokens=0.43B
step= 12990 | loss=5.1682 | lr=3.00e-04 | wd=0.0659 | mom=0.9500 | T=2.0 k=1.0 (mu_rec=1 mu_bwd=1) | grad=2.125 | tok/s=55,644 | tokens=0.43B
step= 13000 | loss=5.2954 | lr=3.00e-04 | wd=0.0659 | mom=0.9500 | T=2.2 k=1.0 (mu_rec=1 mu_bwd=1) | grad=1.719 | tok/s=58,537 | tokens=0.43B
step= 13010 | loss=5.1121 | lr=3.00e-04 | wd=0.0659 | mom=0.9500 | T=1.2 k=1.0 (mu_rec=1 mu_bwd=1) | grad=1.898 | tok/s=56,321 | tokens=0.43B
step= 13020 | loss=5.1624 | lr=3.00e-04 | wd=0.0659 | mom=0.9500 | T=1.2 k=1.0 (mu_rec=1 mu_bwd=1) | grad=2.516 | tok/s=57,698 | tokens=0.43B
step= 13030 | loss=5.0175 | lr=3.00e-04 | wd=0.0658 | mom=0.9500 | T=1.5 k=1.0 (mu_rec=1 mu_bwd=1) | grad=2.500 | tok/s=58,407 | tokens=0.43B
step= 13040 | loss=5.2994 | lr=3.00e-04 | wd=0.0658 | mom=0.9500 | T=1.5 k=1.0 (mu_rec=1 mu_bwd=1) | grad=3.453 | tok/s=53,067 | tokens=0.43B
step= 13050 | loss=5.2589 | lr=3.00e-04 | wd=0.0658 | mom=0.9500 | T=1.5 k=1.0 (mu_rec=1 mu_bwd=1) | grad=4.406 | tok/s=54,265 | tokens=0.43B
step= 13060 | loss=5.1801 | lr=3.00e-04 | wd=0.0658 | mom=0.9500 | T=1.2 k=1.0 (mu_rec=1 mu_bwd=1) | grad=2.078 | tok/s=51,272 | tokens=0.43B
step= 13070 | loss=5.1569 | lr=3.00e-04 | wd=0.0657 | mom=0.9500 | T=1.0 k=1.0 (mu_rec=1 mu_bwd=1) | grad=2.469 | tok/s=54,447 | tokens=0.43B
step= 13080 | loss=5.0371 | lr=3.00e-04 | wd=0.0657 | mom=0.9500 | T=1.2 k=1.0 (mu_rec=1 mu_bwd=1) | grad=3.078 | tok/s=56,430 | tokens=0.43B
step= 13090 | loss=5.1557 | lr=3.00e-04 | wd=0.0657 | mom=0.9500 | T=1.8 k=1.0 (mu_rec=1 mu_bwd=1) | grad=3.297 | tok/s=53,363 | tokens=0.43B
step= 13100 | loss=5.1477 | lr=3.00e-04 | wd=0.0657 | mom=0.9500 | T=1.2 k=1.0 (mu_rec=1 mu_bwd=1) | grad=2.078 | tok/s=52,919 | tokens=0.43B
step= 13110 | loss=5.1028 | lr=3.00e-04 | wd=0.0656 | mom=0.9500 | T=1.0 k=1.0 (mu_rec=1 mu_bwd=1) | grad=2.344 | tok/s=56,406 | tokens=0.43B
step= 13120 | loss=5.1681 | lr=3.00e-04 | wd=0.0656 | mom=0.9500 | T=1.0 k=1.0 (mu_rec=1 mu_bwd=1) | grad=2.562 | tok/s=53,569 | tokens=0.43B
step= 13130 | loss=5.2130 | lr=3.00e-04 | wd=0.0656 | mom=0.9500 | T=1.5 k=1.0 (mu_rec=1 mu_bwd=1) | grad=1.594 | tok/s=56,275 | tokens=0.43B
step= 13140 | loss=5.1717 | lr=3.00e-04 | wd=0.0656 | mom=0.9500 | T=1.2 k=1.0 (mu_rec=1 mu_bwd=1) | grad=2.609 | tok/s=56,164 | tokens=0.43B
step= 13150 | loss=5.1520 | lr=3.00e-04 | wd=0.0655 | mom=0.9500 | T=1.5 k=1.0 (mu_rec=1 mu_bwd=1) | grad=3.062 | tok/s=52,689 | tokens=0.43B
step= 13160 | loss=5.0627 | lr=3.00e-04 | wd=0.0655 | mom=0.9500 | T=1.2 k=1.0 (mu_rec=1 mu_bwd=1) | grad=2.016 | tok/s=58,337 | tokens=0.43B
step= 13170 | loss=5.1289 | lr=3.00e-04 | wd=0.0655 | mom=0.9500 | T=1.2 k=1.0 (mu_rec=1 mu_bwd=1) | grad=1.953 | tok/s=8,444 | tokens=0.43B
step= 13180 | loss=5.0243 | lr=3.00e-04 | wd=0.0655 | mom=0.9500 | T=2.5 k=1.0 (mu_rec=1 mu_bwd=1) | grad=1.414 | tok/s=53,905 | tokens=0.43B
step= 13190 | loss=5.2322 | lr=3.00e-04 | wd=0.0654 | mom=0.9500 | T=1.8 k=1.0 (mu_rec=1 mu_bwd=1) | grad=4.031 | tok/s=59,002 | tokens=0.43B
step= 13200 | loss=5.0964 | lr=3.00e-04 | wd=0.0654 | mom=0.9500 | T=1.0 k=1.0 (mu_rec=1 mu_bwd=1) | grad=2.234 | tok/s=54,225 | tokens=0.43B
step= 13210 | loss=5.0560 | lr=3.00e-04 | wd=0.0654 | mom=0.9500 | T=1.0 k=1.0 (mu_rec=1 mu_bwd=1) | grad=3.062 | tok/s=55,788 | tokens=0.43B
step= 13220 | loss=4.9490 | lr=3.00e-04 | wd=0.0653 | mom=0.9500 | T=1.0 k=1.0 (mu_rec=1 mu_bwd=1) | grad=2.734 | tok/s=55,568 | tokens=0.43B
step= 13230 | loss=5.0843 | lr=3.00e-04 | wd=0.0653 | mom=0.9500 | T=1.2 k=1.0 (mu_rec=1 mu_bwd=1) | grad=2.422 | tok/s=58,030 | tokens=0.43B
step= 13240 | loss=5.0781 | lr=3.00e-04 | wd=0.0653 | mom=0.9500 | T=2.0 k=1.0 (mu_rec=1 mu_bwd=1) | grad=3.500 | tok/s=53,252 | tokens=0.43B
step= 13250 | loss=5.1875 | lr=3.00e-04 | wd=0.0653 | mom=0.9500 | T=2.0 k=1.0 (mu_rec=1 mu_bwd=1) | grad=2.844 | tok/s=53,917 | tokens=0.43B
step= 13260 | loss=5.2071 | lr=3.00e-04 | wd=0.0652 | mom=0.9500 | T=1.8 k=1.0 (mu_rec=1 mu_bwd=1) | grad=3.594 | tok/s=57,600 | tokens=0.43B
step= 13270 | loss=5.1813 | lr=3.00e-04 | wd=0.0652 | mom=0.9500 | T=1.2 k=1.0 (mu_rec=1 mu_bwd=1) | grad=1.891 | tok/s=58,077 | tokens=0.43B
step= 13280 | loss=5.0876 | lr=3.00e-04 | wd=0.0652 | mom=0.9500 | T=1.0 k=1.0 (mu_rec=1 mu_bwd=1) | grad=1.953 | tok/s=58,712 | tokens=0.44B
step= 13290 | loss=5.3391 | lr=3.00e-04 | wd=0.0652 | mom=0.9500 | T=1.5 k=1.0 (mu_rec=1 mu_bwd=1) | grad=2.250 | tok/s=54,367 | tokens=0.44B
step= 13300 | loss=5.7876 | lr=3.00e-04 | wd=0.0651 | mom=0.9500 | T=1.2 k=1.0 (mu_rec=1 mu_bwd=1) | grad=1.898 | tok/s=54,897 | tokens=0.44B
step= 13310 | loss=5.6196 | lr=3.00e-04 | wd=0.0651 | mom=0.9500 | T=1.0 k=1.0 (mu_rec=1 mu_bwd=1) | grad=3.391 | tok/s=56,215 | tokens=0.44B
step= 13320 | loss=5.2383 | lr=3.00e-04 | wd=0.0651 | mom=0.9500 | T=1.5 k=1.0 (mu_rec=1 mu_bwd=1) | grad=1.562 | tok/s=55,821 | tokens=0.44B
step= 13330 | loss=5.2383 | lr=3.00e-04 | wd=0.0651 | mom=0.9500 | T=1.0 k=1.0 (mu_rec=1 mu_bwd=1) | grad=3.094 | tok/s=57,888 | tokens=0.44B
step= 13340 | loss=4.9874 | lr=3.00e-04 | wd=0.0650 | mom=0.9500 | T=1.0 k=1.0 (mu_rec=1 mu_bwd=1) | grad=4.750 | tok/s=58,093 | tokens=0.44B
step= 13350 | loss=5.2782 | lr=3.00e-04 | wd=0.0650 | mom=0.9500 | T=2.8 k=1.0 (mu_rec=1 mu_bwd=1) | grad=1.742 | tok/s=54,147 | tokens=0.44B
step= 13360 | loss=5.2218 | lr=3.00e-04 | wd=0.0650 | mom=0.9500 | T=1.0 k=1.0 (mu_rec=1 mu_bwd=1) | grad=3.531 | tok/s=55,467 | tokens=0.44B
step= 13370 | loss=5.1100 | lr=3.00e-04 | wd=0.0650 | mom=0.9500 | T=1.2 k=1.0 (mu_rec=1 mu_bwd=1) | grad=2.781 | tok/s=55,726 | tokens=0.44B
step= 13380 | loss=5.0549 | lr=3.00e-04 | wd=0.0649 | mom=0.9500 | T=1.0 k=1.0 (mu_rec=1 mu_bwd=1) | grad=2.141 | tok/s=55,975 | tokens=0.44B
step= 13390 | loss=5.3248 | lr=3.00e-04 | wd=0.0649 | mom=0.9500 | T=1.5 k=1.0 (mu_rec=1 mu_bwd=1) | grad=2.500 | tok/s=54,340 | tokens=0.44B
step= 13400 | loss=5.2756 | lr=3.00e-04 | wd=0.0649 | mom=0.9500 | T=2.0 k=1.0 (mu_rec=1 mu_bwd=1) | grad=2.453 | tok/s=56,221 | tokens=0.44B
step= 13410 | loss=5.1036 | lr=3.00e-04 | wd=0.0648 | mom=0.9500 | T=1.0 k=1.0 (mu_rec=1 mu_bwd=1) | grad=2.219 | tok/s=55,642 | tokens=0.44B
step= 13420 | loss=5.2062 | lr=3.00e-04 | wd=0.0648 | mom=0.9500 | T=1.0 k=1.0 (mu_rec=1 mu_bwd=1) | grad=2.531 | tok/s=55,365 | tokens=0.44B
step= 13430 | loss=5.1899 | lr=3.00e-04 | wd=0.0648 | mom=0.9500 | T=1.5 k=1.0 (mu_rec=1 mu_bwd=1) | grad=1.945 | tok/s=54,087 | tokens=0.44B
step= 13440 | loss=5.0513 | lr=3.00e-04 | wd=0.0648 | mom=0.9500 | T=1.0 k=1.0 (mu_rec=1 mu_bwd=1) | grad=2.000 | tok/s=55,954 | tokens=0.44B
step= 13450 | loss=5.0277 | lr=3.00e-04 | wd=0.0647 | mom=0.9500 | T=1.0 k=1.0 (mu_rec=1 mu_bwd=1) | grad=4.312 | tok/s=58,035 | tokens=0.44B
step= 13460 | loss=5.1548 | lr=3.00e-04 | wd=0.0647 | mom=0.9500 | T=1.0 k=1.0 (mu_rec=1 mu_bwd=1) | grad=2.125 | tok/s=58,427 | tokens=0.44B
step= 13470 | loss=5.2443 | lr=3.00e-04 | wd=0.0647 | mom=0.9500 | T=1.5 k=1.0 (mu_rec=1 mu_bwd=1) | grad=1.812 | tok/s=54,871 | tokens=0.44B
step= 13480 | loss=5.1702 | lr=3.00e-04 | wd=0.0647 | mom=0.9500 | T=1.8 k=1.0 (mu_rec=1 mu_bwd=1) | grad=2.188 | tok/s=55,385 | tokens=0.44B
step= 13490 | loss=5.0928 | lr=3.00e-04 | wd=0.0646 | mom=0.9500 | T=1.0 k=1.0 (mu_rec=1 mu_bwd=1) | grad=2.781 | tok/s=57,001 | tokens=0.44B
step= 13500 | loss=5.2619 | lr=3.00e-04 | wd=0.0646 | mom=0.9500 | T=1.5 k=1.0 (mu_rec=1 mu_bwd=1) | grad=1.852 | tok/s=53,499 | tokens=0.44B
step= 13510 | loss=5.2992 | lr=3.00e-04 | wd=0.0646 | mom=0.9500 | T=1.2 k=1.0 (mu_rec=1 mu_bwd=1) | grad=3.766 | tok/s=58,356 | tokens=0.44B
step= 13520 | loss=5.1758 | lr=3.00e-04 | wd=0.0646 | mom=0.9500 | T=1.0 k=1.0 (mu_rec=1 mu_bwd=1) | grad=1.727 | tok/s=55,204 | tokens=0.44B
step= 13530 | loss=5.1406 | lr=3.00e-04 | wd=0.0645 | mom=0.9500 | T=2.2 k=1.0 (mu_rec=1 mu_bwd=1) | grad=1.805 | tok/s=55,032 | tokens=0.44B
step= 13540 | loss=5.1004 | lr=3.00e-04 | wd=0.0645 | mom=0.9500 | T=1.5 k=1.0 (mu_rec=1 mu_bwd=1) | grad=1.727 | tok/s=55,791 | tokens=0.44B
step= 13550 | loss=4.9575 | lr=3.00e-04 | wd=0.0645 | mom=0.9500 | T=1.8 k=1.0 (mu_rec=1 mu_bwd=1) | grad=1.891 | tok/s=55,438 | tokens=0.44B
step= 13560 | loss=5.1751 | lr=3.00e-04 | wd=0.0645 | mom=0.9500 | T=1.0 k=1.0 (mu_rec=1 mu_bwd=1) | grad=4.000 | tok/s=57,729 | tokens=0.44B
step= 13570 | loss=5.4064 | lr=3.00e-04 | wd=0.0644 | mom=0.9500 | T=1.0 k=1.0 (mu_rec=1 mu_bwd=1) | grad=2.391 | tok/s=52,366 | tokens=0.44B
step= 13580 | loss=5.3246 | lr=3.00e-04 | wd=0.0644 | mom=0.9500 | T=1.5 k=1.0 (mu_rec=1 mu_bwd=1) | grad=1.695 | tok/s=57,404 | tokens=0.44B
step= 13590 | loss=5.2579 | lr=3.00e-04 | wd=0.0644 | mom=0.9500 | T=1.0 k=1.0 (mu_rec=1 mu_bwd=1) | grad=2.578 | tok/s=54,907 | tokens=0.45B
step= 13600 | loss=5.4571 | lr=3.00e-04 | wd=0.0644 | mom=0.9500 | T=1.8 k=1.0 (mu_rec=1 mu_bwd=1) | grad=2.359 | tok/s=50,645 | tokens=0.45B
step= 13610 | loss=5.2844 | lr=3.00e-04 | wd=0.0643 | mom=0.9500 | T=1.2 k=1.0 (mu_rec=1 mu_bwd=1) | grad=2.531 | tok/s=56,311 | tokens=0.45B
step= 13620 | loss=5.0367 | lr=3.00e-04 | wd=0.0643 | mom=0.9500 | T=1.8 k=1.0 (mu_rec=1 mu_bwd=1) | grad=1.914 | tok/s=55,019 | tokens=0.45B
step= 13630 | loss=5.0791 | lr=3.00e-04 | wd=0.0643 | mom=0.9500 | T=1.0 k=1.0 (mu_rec=1 mu_bwd=1) | grad=3.297 | tok/s=57,181 | tokens=0.45B
step= 13640 | loss=5.2342 | lr=3.00e-04 | wd=0.0642 | mom=0.9500 | T=1.0 k=1.0 (mu_rec=1 mu_bwd=1) | grad=3.250 | tok/s=54,578 | tokens=0.45B
step= 13650 | loss=5.1826 | lr=3.00e-04 | wd=0.0642 | mom=0.9500 | T=1.2 k=1.0 (mu_rec=1 mu_bwd=1) | grad=1.672 | tok/s=55,655 | tokens=0.45B
step= 13660 | loss=5.2702 | lr=3.00e-04 | wd=0.0642 | mom=0.9500 | T=1.2 k=1.0 (mu_rec=1 mu_bwd=1) | grad=6.344 | tok/s=56,854 | tokens=0.45B
step= 13670 | loss=4.9010 | lr=3.00e-04 | wd=0.0642 | mom=0.9500 | T=2.0 k=1.0 (mu_rec=1 mu_bwd=1) | grad=1.773 | tok/s=57,879 | tokens=0.45B
step= 13680 | loss=4.9661 | lr=3.00e-04 | wd=0.0641 | mom=0.9500 | T=1.5 k=1.0 (mu_rec=1 mu_bwd=1) | grad=2.062 | tok/s=53,768 | tokens=0.45B
step= 13690 | loss=5.0823 | lr=3.00e-04 | wd=0.0641 | mom=0.9500 | T=1.5 k=1.0 (mu_rec=1 mu_bwd=1) | grad=2.516 | tok/s=9,095 | tokens=0.45B
step= 13700 | loss=5.1221 | lr=3.00e-04 | wd=0.0641 | mom=0.9500 | T=1.0 k=1.0 (mu_rec=1 mu_bwd=1) | grad=4.344 | tok/s=59,574 | tokens=0.45B
step= 13710 | loss=5.1219 | lr=3.00e-04 | wd=0.0641 | mom=0.9500 | T=1.0 k=1.0 (mu_rec=1 mu_bwd=1) | grad=2.734 | tok/s=55,866 | tokens=0.45B
step= 13720 | loss=5.0731 | lr=3.00e-04 | wd=0.0640 | mom=0.9500 | T=2.0 k=1.0 (mu_rec=1 mu_bwd=1) | grad=2.734 | tok/s=57,427 | tokens=0.45B
step= 13730 | loss=4.9837 | lr=3.00e-04 | wd=0.0640 | mom=0.9500 | T=1.5 k=1.0 (mu_rec=1 mu_bwd=1) | grad=1.695 | tok/s=57,027 | tokens=0.45B
step= 13740 | loss=5.0941 | lr=3.00e-04 | wd=0.0640 | mom=0.9500 | T=1.8 k=1.0 (mu_rec=1 mu_bwd=1) | grad=1.500 | tok/s=55,953 | tokens=0.45B
step= 13750 | loss=4.8641 | lr=3.00e-04 | wd=0.0640 | mom=0.9500 | T=2.8 k=1.0 (mu_rec=1 mu_bwd=1) | grad=1.391 | tok/s=53,394 | tokens=0.45B
step= 13760 | loss=5.0189 | lr=3.00e-04 | wd=0.0639 | mom=0.9500 | T=1.5 k=1.0 (mu_rec=1 mu_bwd=1) | grad=9.938 | tok/s=53,683 | tokens=0.45B
step= 13770 | loss=5.1963 | lr=3.00e-04 | wd=0.0639 | mom=0.9500 | T=1.2 k=1.0 (mu_rec=1 mu_bwd=1) | grad=1.883 | tok/s=53,755 | tokens=0.45B
step= 13780 | loss=5.0724 | lr=3.00e-04 | wd=0.0639 | mom=0.9500 | T=1.8 k=1.0 (mu_rec=1 mu_bwd=1) | grad=1.656 | tok/s=57,660 | tokens=0.45B
step= 13790 | loss=5.1924 | lr=3.00e-04 | wd=0.0639 | mom=0.9500 | T=1.0 k=1.0 (mu_rec=1 mu_bwd=1) | grad=2.531 | tok/s=60,559 | tokens=0.45B
step= 13800 | loss=5.1235 | lr=3.00e-04 | wd=0.0638 | mom=0.9500 | T=1.2 k=1.0 (mu_rec=1 mu_bwd=1) | grad=1.648 | tok/s=55,563 | tokens=0.45B
step= 13810 | loss=5.1410 | lr=3.00e-04 | wd=0.0638 | mom=0.9500 | T=2.0 k=1.0 (mu_rec=1 mu_bwd=1) | grad=1.531 | tok/s=52,093 | tokens=0.45B
step= 13820 | loss=5.0520 | lr=3.00e-04 | wd=0.0638 | mom=0.9500 | T=1.8 k=1.0 (mu_rec=1 mu_bwd=1) | grad=3.359 | tok/s=58,352 | tokens=0.45B
step= 13830 | loss=4.9681 | lr=3.00e-04 | wd=0.0637 | mom=0.9500 | T=1.5 k=1.0 (mu_rec=1 mu_bwd=1) | grad=2.188 | tok/s=58,528 | tokens=0.45B
step= 13840 | loss=5.1453 | lr=3.00e-04 | wd=0.0637 | mom=0.9500 | T=1.5 k=1.0 (mu_rec=1 mu_bwd=1) | grad=5.625 | tok/s=58,596 | tokens=0.45B
step= 13850 | loss=4.9644 | lr=3.00e-04 | wd=0.0637 | mom=0.9500 | T=1.0 k=1.0 (mu_rec=1 mu_bwd=1) | grad=1.828 | tok/s=56,175 | tokens=0.45B
step= 13860 | loss=4.8680 | lr=3.00e-04 | wd=0.0637 | mom=0.9500 | T=1.8 k=1.0 (mu_rec=1 mu_bwd=1) | grad=1.758 | tok/s=53,683 | tokens=0.45B
step= 13870 | loss=5.0876 | lr=3.00e-04 | wd=0.0636 | mom=0.9500 | T=1.5 k=1.0 (mu_rec=1 mu_bwd=1) | grad=17.750 | tok/s=53,140 | tokens=0.45B
step= 13880 | loss=5.4511 | lr=3.00e-04 | wd=0.0636 | mom=0.9500 | T=1.0 k=1.0 (mu_rec=1 mu_bwd=1) | grad=2.641 | tok/s=58,599 | tokens=0.45B
step= 13890 | loss=5.0855 | lr=3.00e-04 | wd=0.0636 | mom=0.9500 | T=2.0 k=1.0 (mu_rec=1 mu_bwd=1) | grad=2.609 | tok/s=54,611 | tokens=0.46B
step= 13900 | loss=5.1880 | lr=3.00e-04 | wd=0.0636 | mom=0.9500 | T=1.0 k=1.0 (mu_rec=1 mu_bwd=1) | grad=3.984 | tok/s=52,541 | tokens=0.46B
step= 13910 | loss=5.0719 | lr=3.00e-04 | wd=0.0635 | mom=0.9500 | T=1.2 k=1.0 (mu_rec=1 mu_bwd=1) | grad=2.031 | tok/s=56,901 | tokens=0.46B
step= 13920 | loss=4.9258 | lr=3.00e-04 | wd=0.0635 | mom=0.9500 | T=1.0 k=1.0 (mu_rec=1 mu_bwd=1) | grad=3.203 | tok/s=56,483 | tokens=0.46B
step= 13930 | loss=4.9862 | lr=3.00e-04 | wd=0.0635 | mom=0.9500 | T=1.0 k=1.0 (mu_rec=1 mu_bwd=1) | grad=2.016 | tok/s=56,740 | tokens=0.46B
step= 13940 | loss=5.0997 | lr=3.00e-04 | wd=0.0635 | mom=0.9500 | T=1.0 k=1.0 (mu_rec=1 mu_bwd=1) | grad=1.836 | tok/s=56,748 | tokens=0.46B
step= 13950 | loss=4.8993 | lr=3.00e-04 | wd=0.0634 | mom=0.9500 | T=1.0 k=1.0 (mu_rec=1 mu_bwd=1) | grad=4.688 | tok/s=54,378 | tokens=0.46B
step= 13960 | loss=5.0535 | lr=3.00e-04 | wd=0.0634 | mom=0.9500 | T=1.2 k=1.0 (mu_rec=1 mu_bwd=1) | grad=2.484 | tok/s=53,915 | tokens=0.46B
step= 13970 | loss=5.1436 | lr=3.00e-04 | wd=0.0634 | mom=0.9500 | T=1.5 k=1.0 (mu_rec=1 mu_bwd=1) | grad=1.562 | tok/s=55,165 | tokens=0.46B
step= 13980 | loss=5.2417 | lr=3.00e-04 | wd=0.0634 | mom=0.9500 | T=1.0 k=1.0 (mu_rec=1 mu_bwd=1) | grad=3.750 | tok/s=56,975 | tokens=0.46B
step= 13990 | loss=5.4418 | lr=3.00e-04 | wd=0.0633 | mom=0.9500 | T=1.8 k=1.0 (mu_rec=1 mu_bwd=1) | grad=3.734 | tok/s=58,541 | tokens=0.46B
step= 14000 | loss=5.1406 | lr=3.00e-04 | wd=0.0633 | mom=0.9500 | T=1.2 k=1.0 (mu_rec=1 mu_bwd=1) | grad=2.609 | tok/s=55,131 | tokens=0.46B
step= 14010 | loss=5.1731 | lr=3.00e-04 | wd=0.0633 | mom=0.9500 | T=2.2 k=1.0 (mu_rec=1 mu_bwd=1) | grad=1.812 | tok/s=57,032 | tokens=0.46B
step= 14020 | loss=5.1171 | lr=3.00e-04 | wd=0.0632 | mom=0.9500 | T=1.2 k=1.0 (mu_rec=1 mu_bwd=1) | grad=2.094 | tok/s=57,569 | tokens=0.46B
step= 14030 | loss=5.0535 | lr=3.00e-04 | wd=0.0632 | mom=0.9500 | T=3.0 k=1.0 (mu_rec=1 mu_bwd=1) | grad=1.219 | tok/s=52,981 | tokens=0.46B
step= 14040 | loss=5.1386 | lr=3.00e-04 | wd=0.0632 | mom=0.9500 | T=1.0 k=1.0 (mu_rec=1 mu_bwd=1) | grad=2.125 | tok/s=55,164 | tokens=0.46B
step= 14050 | loss=5.1489 | lr=3.00e-04 | wd=0.0632 | mom=0.9500 | T=1.8 k=1.0 (mu_rec=1 mu_bwd=1) | grad=1.375 | tok/s=8,221 | tokens=0.46B
step= 14060 | loss=5.1107 | lr=3.00e-04 | wd=0.0631 | mom=0.9500 | T=1.0 k=1.0 (mu_rec=1 mu_bwd=1) | grad=2.625 | tok/s=55,116 | tokens=0.46B
step= 14070 | loss=5.1381 | lr=3.00e-04 | wd=0.0631 | mom=0.9500 | T=1.2 k=1.0 (mu_rec=1 mu_bwd=1) | grad=2.094 | tok/s=55,512 | tokens=0.46B
step= 14080 | loss=5.0688 | lr=3.00e-04 | wd=0.0631 | mom=0.9500 | T=2.8 k=1.0 (mu_rec=1 mu_bwd=1) | grad=2.281 | tok/s=53,008 | tokens=0.46B
step= 14090 | loss=5.0627 | lr=3.00e-04 | wd=0.0631 | mom=0.9500 | T=1.0 k=1.0 (mu_rec=1 mu_bwd=1) | grad=2.125 | tok/s=55,664 | tokens=0.46B
step= 14100 | loss=5.0721 | lr=3.00e-04 | wd=0.0630 | mom=0.9500 | T=1.0 k=1.0 (mu_rec=1 mu_bwd=1) | grad=1.891 | tok/s=59,024 | tokens=0.46B
step= 14110 | loss=5.3875 | lr=3.00e-04 | wd=0.0630 | mom=0.9500 | T=1.0 k=1.0 (mu_rec=1 mu_bwd=1) | grad=2.266 | tok/s=57,025 | tokens=0.46B
step= 14120 | loss=5.2051 | lr=3.00e-04 | wd=0.0630 | mom=0.9500 | T=1.2 k=1.0 (mu_rec=1 mu_bwd=1) | grad=4.375 | tok/s=55,130 | tokens=0.46B
step= 14130 | loss=5.1113 | lr=3.00e-04 | wd=0.0630 | mom=0.9500 | T=2.0 k=1.0 (mu_rec=1 mu_bwd=1) | grad=1.664 | tok/s=56,151 | tokens=0.46B
step= 14140 | loss=5.1873 | lr=3.00e-04 | wd=0.0629 | mom=0.9500 | T=1.5 k=1.0 (mu_rec=1 mu_bwd=1) | grad=2.469 | tok/s=52,436 | tokens=0.46B
step= 14150 | loss=5.1242 | lr=3.00e-04 | wd=0.0629 | mom=0.9500 | T=1.0 k=1.0 (mu_rec=1 mu_bwd=1) | grad=2.516 | tok/s=53,241 | tokens=0.46B
step= 14160 | loss=4.9879 | lr=3.00e-04 | wd=0.0629 | mom=0.9500 | T=1.2 k=1.0 (mu_rec=1 mu_bwd=1) | grad=4.875 | tok/s=57,215 | tokens=0.46B
step= 14170 | loss=5.0661 | lr=3.00e-04 | wd=0.0629 | mom=0.9500 | T=1.0 k=1.0 (mu_rec=1 mu_bwd=1) | grad=2.047 | tok/s=61,376 | tokens=0.46B
step= 14180 | loss=5.0724 | lr=3.00e-04 | wd=0.0628 | mom=0.9500 | T=1.0 k=1.0 (mu_rec=1 mu_bwd=1) | grad=1.664 | tok/s=54,796 | tokens=0.46B
step= 14190 | loss=5.1582 | lr=3.00e-04 | wd=0.0628 | mom=0.9500 | T=1.8 k=1.0 (mu_rec=1 mu_bwd=1) | grad=1.344 | tok/s=56,074 | tokens=0.46B
step= 14200 | loss=5.1264 | lr=3.00e-04 | wd=0.0628 | mom=0.9500 | T=1.0 k=1.0 (mu_rec=1 mu_bwd=1) | grad=3.109 | tok/s=58,224 | tokens=0.47B
step= 14210 | loss=5.1336 | lr=3.00e-04 | wd=0.0628 | mom=0.9500 | T=2.0 k=1.0 (mu_rec=1 mu_bwd=1) | grad=1.727 | tok/s=56,645 | tokens=0.47B
step= 14220 | loss=4.9371 | lr=3.00e-04 | wd=0.0627 | mom=0.9500 | T=1.2 k=1.0 (mu_rec=1 mu_bwd=1) | grad=2.469 | tok/s=56,839 | tokens=0.47B
step= 14230 | loss=5.1080 | lr=3.00e-04 | wd=0.0627 | mom=0.9500 | T=1.5 k=1.0 (mu_rec=1 mu_bwd=1) | grad=2.156 | tok/s=52,774 | tokens=0.47B
step= 14240 | loss=5.1449 | lr=3.00e-04 | wd=0.0627 | mom=0.9500 | T=1.0 k=1.0 (mu_rec=1 mu_bwd=1) | grad=2.156 | tok/s=54,131 | tokens=0.47B
step= 14250 | loss=5.0855 | lr=3.00e-04 | wd=0.0626 | mom=0.9500 | T=1.2 k=1.0 (mu_rec=1 mu_bwd=1) | grad=3.938 | tok/s=59,613 | tokens=0.47B
step= 14260 | loss=5.0708 | lr=3.00e-04 | wd=0.0626 | mom=0.9500 | T=1.5 k=1.0 (mu_rec=1 mu_bwd=1) | grad=2.125 | tok/s=55,499 | tokens=0.47B
step= 14270 | loss=5.0083 | lr=3.00e-04 | wd=0.0626 | mom=0.9500 | T=1.0 k=1.0 (mu_rec=1 mu_bwd=1) | grad=5.750 | tok/s=57,584 | tokens=0.47B
step= 14280 | loss=5.0003 | lr=3.00e-04 | wd=0.0626 | mom=0.9500 | T=1.8 k=1.0 (mu_rec=1 mu_bwd=1) | grad=1.594 | tok/s=57,443 | tokens=0.47B
step= 14290 | loss=5.0285 | lr=3.00e-04 | wd=0.0625 | mom=0.9500 | T=1.8 k=1.0 (mu_rec=1 mu_bwd=1) | grad=2.016 | tok/s=55,932 | tokens=0.47B
step= 14300 | loss=5.0816 | lr=3.00e-04 | wd=0.0625 | mom=0.9500 | T=1.8 k=1.0 (mu_rec=1 mu_bwd=1) | grad=3.531 | tok/s=55,101 | tokens=0.47B
step= 14310 | loss=4.9861 | lr=3.00e-04 | wd=0.0625 | mom=0.9500 | T=1.2 k=1.0 (mu_rec=1 mu_bwd=1) | grad=1.852 | tok/s=54,815 | tokens=0.47B
step= 14320 | loss=5.1232 | lr=3.00e-04 | wd=0.0625 | mom=0.9500 | T=1.0 k=1.0 (mu_rec=1 mu_bwd=1) | grad=2.156 | tok/s=56,713 | tokens=0.47B
step= 14330 | loss=5.0971 | lr=3.00e-04 | wd=0.0624 | mom=0.9500 | T=1.0 k=1.0 (mu_rec=1 mu_bwd=1) | grad=1.875 | tok/s=54,583 | tokens=0.47B
step= 14340 | loss=5.0891 | lr=3.00e-04 | wd=0.0624 | mom=0.9500 | T=1.0 k=1.0 (mu_rec=1 mu_bwd=1) | grad=2.078 | tok/s=57,413 | tokens=0.47B
step= 14350 | loss=5.0717 | lr=3.00e-04 | wd=0.0624 | mom=0.9500 | T=1.5 k=1.0 (mu_rec=1 mu_bwd=1) | grad=1.734 | tok/s=57,709 | tokens=0.47B
step= 14360 | loss=4.8940 | lr=3.00e-04 | wd=0.0624 | mom=0.9500 | T=1.2 k=1.0 (mu_rec=1 mu_bwd=1) | grad=2.875 | tok/s=56,507 | tokens=0.47B
step= 14370 | loss=5.0762 | lr=3.00e-04 | wd=0.0623 | mom=0.9500 | T=1.0 k=1.0 (mu_rec=1 mu_bwd=1) | grad=4.219 | tok/s=56,950 | tokens=0.47B
step= 14380 | loss=4.9801 | lr=3.00e-04 | wd=0.0623 | mom=0.9500 | T=1.2 k=1.0 (mu_rec=1 mu_bwd=1) | grad=1.875 | tok/s=55,898 | tokens=0.47B
step= 14390 | loss=4.9477 | lr=3.00e-04 | wd=0.0623 | mom=0.9500 | T=1.8 k=1.0 (mu_rec=1 mu_bwd=1) | grad=2.828 | tok/s=53,478 | tokens=0.47B
step= 14400 | loss=5.1621 | lr=3.00e-04 | wd=0.0623 | mom=0.9500 | T=2.0 k=1.0 (mu_rec=1 mu_bwd=1) | grad=2.781 | tok/s=55,316 | tokens=0.47B
step= 14410 | loss=5.0894 | lr=3.00e-04 | wd=0.0622 | mom=0.9500 | T=1.8 k=1.0 (mu_rec=1 mu_bwd=1) | grad=2.109 | tok/s=55,562 | tokens=0.47B
step= 14420 | loss=5.2659 | lr=3.00e-04 | wd=0.0622 | mom=0.9500 | T=1.5 k=1.0 (mu_rec=1 mu_bwd=1) | grad=2.750 | tok/s=55,913 | tokens=0.47B
step= 14430 | loss=5.1590 | lr=3.00e-04 | wd=0.0622 | mom=0.9500 | T=1.5 k=1.0 (mu_rec=1 mu_bwd=1) | grad=3.656 | tok/s=55,105 | tokens=0.47B
step= 14440 | loss=4.6594 | lr=3.00e-04 | wd=0.0621 | mom=0.9500 | T=1.2 k=1.0 (mu_rec=1 mu_bwd=1) | grad=2.844 | tok/s=58,023 | tokens=0.47B
step= 14450 | loss=4.5817 | lr=3.00e-04 | wd=0.0621 | mom=0.9500 | T=1.2 k=1.0 (mu_rec=1 mu_bwd=1) | grad=2.203 | tok/s=55,376 | tokens=0.47B
step= 14460 | loss=4.8144 | lr=3.00e-04 | wd=0.0621 | mom=0.9500 | T=2.2 k=1.0 (mu_rec=1 mu_bwd=1) | grad=2.797 | tok/s=55,283 | tokens=0.47B
step= 14470 | loss=5.1260 | lr=3.00e-04 | wd=0.0621 | mom=0.9500 | T=1.2 k=1.0 (mu_rec=1 mu_bwd=1) | grad=2.000 | tok/s=58,353 | tokens=0.47B
step= 14480 | loss=4.9360 | lr=3.00e-04 | wd=0.0620 | mom=0.9500 | T=1.5 k=1.0 (mu_rec=1 mu_bwd=1) | grad=1.820 | tok/s=8,117 | tokens=0.47B
step= 14490 | loss=4.9681 | lr=3.00e-04 | wd=0.0620 | mom=0.9500 | T=1.0 k=1.0 (mu_rec=1 mu_bwd=1) | grad=2.656 | tok/s=56,515 | tokens=0.47B
step= 14500 | loss=5.4228 | lr=3.00e-04 | wd=0.0620 | mom=0.9500 | T=1.8 k=1.0 (mu_rec=1 mu_bwd=1) | grad=3.141 | tok/s=59,625 | tokens=0.48B
step= 14510 | loss=4.8781 | lr=3.00e-04 | wd=0.0620 | mom=0.9500 | T=1.5 k=1.0 (mu_rec=1 mu_bwd=1) | grad=1.992 | tok/s=57,804 | tokens=0.48B
step= 14520 | loss=5.0463 | lr=3.00e-04 | wd=0.0619 | mom=0.9500 | T=1.8 k=1.0 (mu_rec=1 mu_bwd=1) | grad=2.047 | tok/s=55,957 | tokens=0.48B
step= 14530 | loss=5.1049 | lr=3.00e-04 | wd=0.0619 | mom=0.9500 | T=1.0 k=1.0 (mu_rec=1 mu_bwd=1) | grad=3.656 | tok/s=57,635 | tokens=0.48B
step= 14540 | loss=5.1451 | lr=3.00e-04 | wd=0.0619 | mom=0.9500 | T=1.8 k=1.0 (mu_rec=1 mu_bwd=1) | grad=3.188 | tok/s=58,060 | tokens=0.48B
step= 14550 | loss=4.9295 | lr=3.00e-04 | wd=0.0619 | mom=0.9500 | T=2.0 k=1.0 (mu_rec=1 mu_bwd=1) | grad=2.781 | tok/s=56,585 | tokens=0.48B
step= 14560 | loss=4.9333 | lr=3.00e-04 | wd=0.0618 | mom=0.9500 | T=1.5 k=1.0 (mu_rec=1 mu_bwd=1) | grad=1.758 | tok/s=54,510 | tokens=0.48B
step= 14570 | loss=5.0424 | lr=3.00e-04 | wd=0.0618 | mom=0.9500 | T=1.5 k=1.0 (mu_rec=1 mu_bwd=1) | grad=2.000 | tok/s=54,203 | tokens=0.48B
step= 14580 | loss=5.0779 | lr=3.00e-04 | wd=0.0618 | mom=0.9500 | T=1.2 k=1.0 (mu_rec=1 mu_bwd=1) | grad=4.125 | tok/s=61,007 | tokens=0.48B
step= 14590 | loss=5.2054 | lr=3.00e-04 | wd=0.0618 | mom=0.9500 | T=1.2 k=1.0 (mu_rec=1 mu_bwd=1) | grad=1.898 | tok/s=53,796 | tokens=0.48B
step= 14600 | loss=5.0416 | lr=3.00e-04 | wd=0.0617 | mom=0.9500 | T=1.5 k=1.0 (mu_rec=1 mu_bwd=1) | grad=2.625 | tok/s=55,579 | tokens=0.48B
step= 14610 | loss=4.9196 | lr=3.00e-04 | wd=0.0617 | mom=0.9500 | T=1.2 k=1.0 (mu_rec=1 mu_bwd=1) | grad=1.977 | tok/s=54,577 | tokens=0.48B
step= 14620 | loss=5.0014 | lr=3.00e-04 | wd=0.0617 | mom=0.9500 | T=1.8 k=1.0 (mu_rec=1 mu_bwd=1) | grad=2.500 | tok/s=55,387 | tokens=0.48B
step= 14630 | loss=4.9973 | lr=3.00e-04 | wd=0.0616 | mom=0.9500 | T=1.5 k=1.0 (mu_rec=1 mu_bwd=1) | grad=1.969 | tok/s=57,787 | tokens=0.48B
step= 14640 | loss=5.0758 | lr=3.00e-04 | wd=0.0616 | mom=0.9500 | T=1.0 k=1.0 (mu_rec=1 mu_bwd=1) | grad=3.281 | tok/s=57,091 | tokens=0.48B
step= 14650 | loss=4.9853 | lr=3.00e-04 | wd=0.0616 | mom=0.9500 | T=1.5 k=1.0 (mu_rec=1 mu_bwd=1) | grad=1.961 | tok/s=54,956 | tokens=0.48B
step= 14660 | loss=5.1125 | lr=3.00e-04 | wd=0.0616 | mom=0.9500 | T=1.5 k=1.0 (mu_rec=1 mu_bwd=1) | grad=2.781 | tok/s=59,858 | tokens=0.48B
step= 14670 | loss=4.9347 | lr=3.00e-04 | wd=0.0615 | mom=0.9500 | T=1.5 k=1.0 (mu_rec=1 mu_bwd=1) | grad=2.406 | tok/s=56,945 | tokens=0.48B
step= 14680 | loss=5.0272 | lr=3.00e-04 | wd=0.0615 | mom=0.9500 | T=1.2 k=1.0 (mu_rec=1 mu_bwd=1) | grad=2.891 | tok/s=56,220 | tokens=0.48B
step= 14690 | loss=5.0863 | lr=3.00e-04 | wd=0.0615 | mom=0.9500 | T=1.2 k=1.0 (mu_rec=1 mu_bwd=1) | grad=1.836 | tok/s=57,818 | tokens=0.48B
step= 14700 | loss=5.0067 | lr=3.00e-04 | wd=0.0615 | mom=0.9500 | T=1.0 k=1.0 (mu_rec=1 mu_bwd=1) | grad=3.078 | tok/s=54,009 | tokens=0.48B
step= 14710 | loss=4.9492 | lr=3.00e-04 | wd=0.0614 | mom=0.9500 | T=1.8 k=1.0 (mu_rec=1 mu_bwd=1) | grad=2.531 | tok/s=52,899 | tokens=0.48B
step= 14720 | loss=4.9138 | lr=3.00e-04 | wd=0.0614 | mom=0.9500 | T=1.0 k=1.0 (mu_rec=1 mu_bwd=1) | grad=1.938 | tok/s=59,682 | tokens=0.48B
step= 14730 | loss=4.9319 | lr=3.00e-04 | wd=0.0614 | mom=0.9500 | T=1.8 k=1.0 (mu_rec=1 mu_bwd=1) | grad=1.820 | tok/s=57,335 | tokens=0.48B
step= 14740 | loss=4.8559 | lr=3.00e-04 | wd=0.0614 | mom=0.9500 | T=1.5 k=1.0 (mu_rec=1 mu_bwd=1) | grad=1.781 | tok/s=55,343 | tokens=0.48B
step= 14750 | loss=5.1113 | lr=3.00e-04 | wd=0.0613 | mom=0.9500 | T=1.8 k=1.0 (mu_rec=1 mu_bwd=1) | grad=4.750 | tok/s=55,862 | tokens=0.48B
step= 14760 | loss=5.1188 | lr=3.00e-04 | wd=0.0613 | mom=0.9500 | T=1.8 k=1.0 (mu_rec=1 mu_bwd=1) | grad=1.742 | tok/s=56,736 | tokens=0.48B
step= 14770 | loss=5.0737 | lr=3.00e-04 | wd=0.0613 | mom=0.9500 | T=1.2 k=1.0 (mu_rec=1 mu_bwd=1) | grad=2.219 | tok/s=55,559 | tokens=0.48B
step= 14780 | loss=5.1147 | lr=3.00e-04 | wd=0.0613 | mom=0.9500 | T=1.0 k=1.0 (mu_rec=1 mu_bwd=1) | grad=2.438 | tok/s=56,511 | tokens=0.48B
step= 14790 | loss=5.0583 | lr=3.00e-04 | wd=0.0612 | mom=0.9500 | T=1.0 k=1.0 (mu_rec=1 mu_bwd=1) | grad=2.766 | tok/s=57,814 | tokens=0.48B
step= 14800 | loss=5.2134 | lr=3.00e-04 | wd=0.0612 | mom=0.9500 | T=1.0 k=1.0 (mu_rec=1 mu_bwd=1) | grad=2.562 | tok/s=54,967 | tokens=0.48B
step= 14810 | loss=5.1813 | lr=3.00e-04 | wd=0.0612 | mom=0.9500 | T=1.5 k=1.0 (mu_rec=1 mu_bwd=1) | grad=3.891 | tok/s=52,982 | tokens=0.49B
step= 14820 | loss=4.8144 | lr=3.00e-04 | wd=0.0612 | mom=0.9500 | T=1.0 k=1.0 (mu_rec=1 mu_bwd=1) | grad=2.641 | tok/s=55,055 | tokens=0.49B
step= 14830 | loss=5.2095 | lr=3.00e-04 | wd=0.0611 | mom=0.9500 | T=1.8 k=1.0 (mu_rec=1 mu_bwd=1) | grad=2.156 | tok/s=52,844 | tokens=0.49B
step= 14840 | loss=5.0929 | lr=3.00e-04 | wd=0.0611 | mom=0.9500 | T=1.2 k=1.0 (mu_rec=1 mu_bwd=1) | grad=4.219 | tok/s=56,543 | tokens=0.49B
step= 14850 | loss=5.0525 | lr=3.00e-04 | wd=0.0611 | mom=0.9500 | T=1.0 k=1.0 (mu_rec=1 mu_bwd=1) | grad=2.516 | tok/s=59,974 | tokens=0.49B
step= 14860 | loss=4.8526 | lr=3.00e-04 | wd=0.0610 | mom=0.9500 | T=1.0 k=1.0 (mu_rec=1 mu_bwd=1) | grad=2.797 | tok/s=58,377 | tokens=0.49B
step= 14870 | loss=4.8101 | lr=3.00e-04 | wd=0.0610 | mom=0.9500 | T=1.2 k=1.0 (mu_rec=1 mu_bwd=1) | grad=2.031 | tok/s=55,267 | tokens=0.49B
step= 14880 | loss=5.1751 | lr=3.00e-04 | wd=0.0610 | mom=0.9500 | T=1.2 k=1.0 (mu_rec=1 mu_bwd=1) | grad=2.469 | tok/s=54,658 | tokens=0.49B
step= 14890 | loss=5.0880 | lr=3.00e-04 | wd=0.0610 | mom=0.9500 | T=1.5 k=1.0 (mu_rec=1 mu_bwd=1) | grad=2.172 | tok/s=51,430 | tokens=0.49B
step= 14900 | loss=4.9596 | lr=3.00e-04 | wd=0.0609 | mom=0.9500 | T=1.0 k=1.0 (mu_rec=1 mu_bwd=1) | grad=2.297 | tok/s=55,827 | tokens=0.49B
step= 14910 | loss=5.0590 | lr=3.00e-04 | wd=0.0609 | mom=0.9500 | T=1.8 k=1.0 (mu_rec=1 mu_bwd=1) | grad=1.914 | tok/s=58,501 | tokens=0.49B
step= 14920 | loss=5.1098 | lr=3.00e-04 | wd=0.0609 | mom=0.9500 | T=1.8 k=1.0 (mu_rec=1 mu_bwd=1) | grad=1.625 | tok/s=56,159 | tokens=0.49B
step= 14930 | loss=5.3164 | lr=3.00e-04 | wd=0.0609 | mom=0.9500 | T=1.8 k=1.0 (mu_rec=1 mu_bwd=1) | grad=1.688 | tok/s=54,947 | tokens=0.49B
step= 14940 | loss=4.8464 | lr=3.00e-04 | wd=0.0608 | mom=0.9500 | T=1.0 k=1.0 (mu_rec=1 mu_bwd=1) | grad=5.531 | tok/s=8,651 | tokens=0.49B
step= 14950 | loss=5.0619 | lr=3.00e-04 | wd=0.0608 | mom=0.9500 | T=1.5 k=1.0 (mu_rec=1 mu_bwd=1) | grad=1.695 | tok/s=60,160 | tokens=0.49B
step= 14960 | loss=5.0418 | lr=3.00e-04 | wd=0.0608 | mom=0.9500 | T=1.2 k=1.0 (mu_rec=1 mu_bwd=1) | grad=2.375 | tok/s=54,736 | tokens=0.49B
step= 14970 | loss=5.0196 | lr=3.00e-04 | wd=0.0608 | mom=0.9500 | T=1.5 k=1.0 (mu_rec=1 mu_bwd=1) | grad=4.000 | tok/s=56,950 | tokens=0.49B
step= 14980 | loss=5.0982 | lr=3.00e-04 | wd=0.0607 | mom=0.9500 | T=1.0 k=1.0 (mu_rec=1 mu_bwd=1) | grad=2.391 | tok/s=56,725 | tokens=0.49B
step= 14990 | loss=4.9952 | lr=3.00e-04 | wd=0.0607 | mom=0.9500 | T=1.5 k=1.0 (mu_rec=1 mu_bwd=1) | grad=3.078 | tok/s=53,669 | tokens=0.49B
step= 15000 | loss=5.0031 | lr=3.00e-04 | wd=0.0607 | mom=0.9500 | T=1.0 k=1.0 (mu_rec=1 mu_bwd=1) | grad=3.281 | tok/s=58,921 | tokens=0.49B
step= 15010 | loss=5.0501 | lr=3.00e-04 | wd=0.0607 | mom=0.9500 | T=1.0 k=1.0 (mu_rec=1 mu_bwd=1) | grad=2.422 | tok/s=58,407 | tokens=0.49B
step= 15020 | loss=4.9761 | lr=3.00e-04 | wd=0.0606 | mom=0.9500 | T=2.0 k=1.0 (mu_rec=1 mu_bwd=1) | grad=1.688 | tok/s=56,959 | tokens=0.49B
step= 15030 | loss=5.0179 | lr=3.00e-04 | wd=0.0606 | mom=0.9500 | T=1.0 k=1.0 (mu_rec=1 mu_bwd=1) | grad=2.859 | tok/s=56,461 | tokens=0.49B
step= 15040 | loss=5.1361 | lr=3.00e-04 | wd=0.0606 | mom=0.9500 | T=1.0 k=1.0 (mu_rec=1 mu_bwd=1) | grad=2.828 | tok/s=56,220 | tokens=0.49B
step= 15050 | loss=4.8956 | lr=3.00e-04 | wd=0.0605 | mom=0.9500 | T=1.2 k=1.0 (mu_rec=1 mu_bwd=1) | grad=2.188 | tok/s=56,254 | tokens=0.49B
step= 15060 | loss=5.1474 | lr=3.00e-04 | wd=0.0605 | mom=0.9500 | T=1.5 k=1.0 (mu_rec=1 mu_bwd=1) | grad=2.234 | tok/s=53,829 | tokens=0.49B
step= 15070 | loss=5.1537 | lr=3.00e-04 | wd=0.0605 | mom=0.9500 | T=1.8 k=1.0 (mu_rec=1 mu_bwd=1) | grad=3.500 | tok/s=57,521 | tokens=0.49B
step= 15080 | loss=5.0158 | lr=3.00e-04 | wd=0.0605 | mom=0.9500 | T=1.5 k=1.0 (mu_rec=1 mu_bwd=1) | grad=1.789 | tok/s=54,565 | tokens=0.49B
step= 15090 | loss=4.8324 | lr=3.00e-04 | wd=0.0604 | mom=0.9500 | T=2.5 k=1.0 (mu_rec=1 mu_bwd=1) | grad=2.078 | tok/s=53,151 | tokens=0.49B
step= 15100 | loss=5.0350 | lr=3.00e-04 | wd=0.0604 | mom=0.9500 | T=1.8 k=1.0 (mu_rec=1 mu_bwd=1) | grad=3.453 | tok/s=55,756 | tokens=0.49B
step= 15110 | loss=5.0773 | lr=3.00e-04 | wd=0.0604 | mom=0.9500 | T=1.5 k=1.0 (mu_rec=1 mu_bwd=1) | grad=2.328 | tok/s=54,197 | tokens=0.50B
step= 15120 | loss=5.0631 | lr=3.00e-04 | wd=0.0604 | mom=0.9500 | T=1.0 k=1.0 (mu_rec=1 mu_bwd=1) | grad=2.547 | tok/s=55,353 | tokens=0.50B
step= 15130 | loss=5.0455 | lr=3.00e-04 | wd=0.0603 | mom=0.9500 | T=1.2 k=1.0 (mu_rec=1 mu_bwd=1) | grad=2.047 | tok/s=55,266 | tokens=0.50B
step= 15140 | loss=5.1404 | lr=3.00e-04 | wd=0.0603 | mom=0.9500 | T=1.8 k=1.0 (mu_rec=1 mu_bwd=1) | grad=1.773 | tok/s=55,907 | tokens=0.50B
step= 15150 | loss=5.1050 | lr=3.00e-04 | wd=0.0603 | mom=0.9500 | T=1.8 k=1.0 (mu_rec=1 mu_bwd=1) | grad=1.758 | tok/s=55,056 | tokens=0.50B
step= 15160 | loss=5.0188 | lr=3.00e-04 | wd=0.0603 | mom=0.9500 | T=1.5 k=1.0 (mu_rec=1 mu_bwd=1) | grad=2.188 | tok/s=55,635 | tokens=0.50B
step= 15170 | loss=5.4482 | lr=3.00e-04 | wd=0.0602 | mom=0.9500 | T=1.0 k=1.0 (mu_rec=1 mu_bwd=1) | grad=2.578 | tok/s=56,779 | tokens=0.50B
step= 15180 | loss=5.2749 | lr=3.00e-04 | wd=0.0602 | mom=0.9500 | T=1.5 k=1.0 (mu_rec=1 mu_bwd=1) | grad=1.688 | tok/s=56,962 | tokens=0.50B
step= 15190 | loss=5.1646 | lr=3.00e-04 | wd=0.0602 | mom=0.9500 | T=1.2 k=1.0 (mu_rec=1 mu_bwd=1) | grad=2.547 | tok/s=55,968 | tokens=0.50B
step= 15200 | loss=5.0549 | lr=3.00e-04 | wd=0.0602 | mom=0.9500 | T=1.8 k=1.0 (mu_rec=1 mu_bwd=1) | grad=2.312 | tok/s=54,374 | tokens=0.50B
step= 15210 | loss=5.0799 | lr=3.00e-04 | wd=0.0601 | mom=0.9500 | T=1.8 k=1.0 (mu_rec=1 mu_bwd=1) | grad=2.172 | tok/s=56,504 | tokens=0.50B
step= 15220 | loss=5.1478 | lr=3.00e-04 | wd=0.0601 | mom=0.9500 | T=1.0 k=1.0 (mu_rec=1 mu_bwd=1) | grad=4.156 | tok/s=55,298 | tokens=0.50B
step= 15230 | loss=5.0261 | lr=3.00e-04 | wd=0.0601 | mom=0.9500 | T=3.2 k=1.0 (mu_rec=1 mu_bwd=1) | grad=2.672 | tok/s=54,205 | tokens=0.50B
step= 15240 | loss=4.9861 | lr=3.00e-04 | wd=0.0601 | mom=0.9500 | T=1.2 k=1.0 (mu_rec=1 mu_bwd=1) | grad=2.062 | tok/s=54,784 | tokens=0.50B
step= 15250 | loss=5.1859 | lr=3.00e-04 | wd=0.0600 | mom=0.9500 | T=1.5 k=1.0 (mu_rec=1 mu_bwd=1) | grad=3.094 | tok/s=56,403 | tokens=0.50B
step= 15260 | loss=5.0476 | lr=3.00e-04 | wd=0.0600 | mom=0.9500 | T=1.0 k=1.0 (mu_rec=1 mu_bwd=1) | grad=2.188 | tok/s=57,220 | tokens=0.50B
step= 15270 | loss=5.1831 | lr=3.00e-04 | wd=0.0600 | mom=0.9500 | T=1.8 k=1.0 (mu_rec=1 mu_bwd=1) | grad=1.703 | tok/s=55,933 | tokens=0.50B
step= 15280 | loss=5.0711 | lr=3.00e-04 | wd=0.0599 | mom=0.9500 | T=1.0 k=1.0 (mu_rec=1 mu_bwd=1) | grad=2.250 | tok/s=58,036 | tokens=0.50B
step= 15290 | loss=5.0856 | lr=3.00e-04 | wd=0.0599 | mom=0.9500 | T=1.8 k=1.0 (mu_rec=1 mu_bwd=1) | grad=2.859 | tok/s=56,746 | tokens=0.50B
step= 15300 | loss=5.0662 | lr=3.00e-04 | wd=0.0599 | mom=0.9500 | T=1.0 k=1.0 (mu_rec=1 mu_bwd=1) | grad=4.688 | tok/s=59,069 | tokens=0.50B
step= 15310 | loss=4.7711 | lr=3.00e-04 | wd=0.0599 | mom=0.9500 | T=2.8 k=1.0 (mu_rec=1 mu_bwd=1) | grad=1.492 | tok/s=57,144 | tokens=0.50B
step= 15320 | loss=5.0105 | lr=3.00e-04 | wd=0.0598 | mom=0.9500 | T=1.0 k=1.0 (mu_rec=1 mu_bwd=1) | grad=2.766 | tok/s=58,424 | tokens=0.50B
step= 15330 | loss=4.8217 | lr=3.00e-04 | wd=0.0598 | mom=0.9500 | T=1.0 k=1.0 (mu_rec=1 mu_bwd=1) | grad=2.375 | tok/s=54,465 | tokens=0.50B
step= 15340 | loss=4.9980 | lr=3.00e-04 | wd=0.0598 | mom=0.9500 | T=1.0 k=1.0 (mu_rec=1 mu_bwd=1) | grad=2.250 | tok/s=54,871 | tokens=0.50B
step= 15350 | loss=4.9326 | lr=3.00e-04 | wd=0.0598 | mom=0.9500 | T=1.8 k=1.0 (mu_rec=1 mu_bwd=1) | grad=1.828 | tok/s=55,972 | tokens=0.50B
step= 15360 | loss=5.0775 | lr=3.00e-04 | wd=0.0597 | mom=0.9500 | T=1.2 k=1.0 (mu_rec=1 mu_bwd=1) | grad=1.789 | tok/s=58,617 | tokens=0.50B
step= 15370 | loss=5.2178 | lr=3.00e-04 | wd=0.0597 | mom=0.9500 | T=1.2 k=1.0 (mu_rec=1 mu_bwd=1) | grad=2.641 | tok/s=56,085 | tokens=0.50B
step= 15380 | loss=5.1366 | lr=3.00e-04 | wd=0.0597 | mom=0.9500 | T=1.0 k=1.0 (mu_rec=1 mu_bwd=1) | grad=2.844 | tok/s=56,369 | tokens=0.50B
step= 15390 | loss=5.1397 | lr=3.00e-04 | wd=0.0597 | mom=0.9500 | T=1.0 k=1.0 (mu_rec=1 mu_bwd=1) | grad=2.359 | tok/s=8,359 | tokens=0.50B
step= 15400 | loss=5.1019 | lr=3.00e-04 | wd=0.0596 | mom=0.9500 | T=1.2 k=1.0 (mu_rec=1 mu_bwd=1) | grad=3.203 | tok/s=56,396 | tokens=0.50B
step= 15410 | loss=5.1058 | lr=3.00e-04 | wd=0.0596 | mom=0.9500 | T=1.2 k=1.0 (mu_rec=1 mu_bwd=1) | grad=2.188 | tok/s=55,473 | tokens=0.50B
step= 15420 | loss=5.2073 | lr=3.00e-04 | wd=0.0596 | mom=0.9500 | T=1.2 k=1.0 (mu_rec=1 mu_bwd=1) | grad=2.109 | tok/s=58,852 | tokens=0.51B
step= 15430 | loss=5.0970 | lr=3.00e-04 | wd=0.0596 | mom=0.9500 | T=2.5 k=1.0 (mu_rec=1 mu_bwd=1) | grad=2.266 | tok/s=56,479 | tokens=0.51B
step= 15440 | loss=4.9763 | lr=3.00e-04 | wd=0.0595 | mom=0.9500 | T=2.0 k=1.0 (mu_rec=1 mu_bwd=1) | grad=2.031 | tok/s=59,087 | tokens=0.51B
step= 15450 | loss=5.1455 | lr=3.00e-04 | wd=0.0595 | mom=0.9500 | T=1.8 k=1.0 (mu_rec=1 mu_bwd=1) | grad=4.125 | tok/s=58,854 | tokens=0.51B
step= 15460 | loss=5.0257 | lr=3.00e-04 | wd=0.0595 | mom=0.9500 | T=1.0 k=1.0 (mu_rec=1 mu_bwd=1) | grad=1.844 | tok/s=56,942 | tokens=0.51B
step= 15470 | loss=4.9348 | lr=3.00e-04 | wd=0.0594 | mom=0.9500 | T=1.0 k=1.0 (mu_rec=1 mu_bwd=1) | grad=2.062 | tok/s=58,790 | tokens=0.51B
step= 15480 | loss=5.2280 | lr=3.00e-04 | wd=0.0594 | mom=0.9500 | T=1.8 k=1.0 (mu_rec=1 mu_bwd=1) | grad=1.742 | tok/s=57,616 | tokens=0.51B
step= 15490 | loss=5.0129 | lr=3.00e-04 | wd=0.0594 | mom=0.9500 | T=1.0 k=1.0 (mu_rec=1 mu_bwd=1) | grad=2.828 | tok/s=58,168 | tokens=0.51B
step= 15500 | loss=5.0177 | lr=3.00e-04 | wd=0.0594 | mom=0.9500 | T=1.2 k=1.0 (mu_rec=1 mu_bwd=1) | grad=2.047 | tok/s=54,575 | tokens=0.51B
step= 15510 | loss=5.2225 | lr=3.00e-04 | wd=0.0593 | mom=0.9500 | T=1.0 k=1.0 (mu_rec=1 mu_bwd=1) | grad=2.125 | tok/s=60,007 | tokens=0.51B
step= 15520 | loss=5.0751 | lr=3.00e-04 | wd=0.0593 | mom=0.9500 | T=1.0 k=1.0 (mu_rec=1 mu_bwd=1) | grad=2.094 | tok/s=55,515 | tokens=0.51B
step= 15530 | loss=5.0678 | lr=3.00e-04 | wd=0.0593 | mom=0.9500 | T=1.8 k=1.0 (mu_rec=1 mu_bwd=1) | grad=2.594 | tok/s=57,341 | tokens=0.51B
step= 15540 | loss=4.8668 | lr=3.00e-04 | wd=0.0593 | mom=0.9500 | T=1.0 k=1.0 (mu_rec=1 mu_bwd=1) | grad=2.375 | tok/s=56,285 | tokens=0.51B
step= 15550 | loss=5.0753 | lr=3.00e-04 | wd=0.0592 | mom=0.9500 | T=2.0 k=1.0 (mu_rec=1 mu_bwd=1) | grad=2.938 | tok/s=57,114 | tokens=0.51B
step= 15560 | loss=4.9721 | lr=3.00e-04 | wd=0.0592 | mom=0.9500 | T=1.2 k=1.0 (mu_rec=1 mu_bwd=1) | grad=3.125 | tok/s=58,004 | tokens=0.51B
step= 15570 | loss=4.9652 | lr=3.00e-04 | wd=0.0592 | mom=0.9500 | T=1.8 k=1.0 (mu_rec=1 mu_bwd=1) | grad=1.523 | tok/s=55,262 | tokens=0.51B
step= 15580 | loss=5.0747 | lr=3.00e-04 | wd=0.0592 | mom=0.9500 | T=1.0 k=1.0 (mu_rec=1 mu_bwd=1) | grad=2.781 | tok/s=55,017 | tokens=0.51B
step= 15590 | loss=5.2129 | lr=3.00e-04 | wd=0.0591 | mom=0.9500 | T=1.0 k=1.0 (mu_rec=1 mu_bwd=1) | grad=3.328 | tok/s=54,277 | tokens=0.51B
step= 15600 | loss=4.9968 | lr=3.00e-04 | wd=0.0591 | mom=0.9500 | T=1.8 k=1.0 (mu_rec=1 mu_bwd=1) | grad=1.781 | tok/s=55,837 | tokens=0.51B
step= 15610 | loss=5.0032 | lr=3.00e-04 | wd=0.0591 | mom=0.9500 | T=1.0 k=1.0 (mu_rec=1 mu_bwd=1) | grad=2.344 | tok/s=55,374 | tokens=0.51B
step= 15620 | loss=5.2519 | lr=3.00e-04 | wd=0.0591 | mom=0.9500 | T=1.0 k=1.0 (mu_rec=1 mu_bwd=1) | grad=6.844 | tok/s=58,461 | tokens=0.51B
step= 15630 | loss=5.1887 | lr=3.00e-04 | wd=0.0590 | mom=0.9500 | T=2.0 k=1.0 (mu_rec=1 mu_bwd=1) | grad=1.695 | tok/s=54,476 | tokens=0.51B
step= 15640 | loss=5.0445 | lr=3.00e-04 | wd=0.0590 | mom=0.9500 | T=1.2 k=1.0 (mu_rec=1 mu_bwd=1) | grad=2.406 | tok/s=52,933 | tokens=0.51B
step= 15650 | loss=5.0707 | lr=3.00e-04 | wd=0.0590 | mom=0.9500 | T=1.8 k=1.0 (mu_rec=1 mu_bwd=1) | grad=7.062 | tok/s=56,321 | tokens=0.51B
step= 15660 | loss=4.6002 | lr=3.00e-04 | wd=0.0589 | mom=0.9500 | T=1.2 k=1.0 (mu_rec=1 mu_bwd=1) | grad=1.742 | tok/s=57,706 | tokens=0.51B
step= 15670 | loss=4.9998 | lr=3.00e-04 | wd=0.0589 | mom=0.9500 | T=1.0 k=1.0 (mu_rec=1 mu_bwd=1) | grad=2.500 | tok/s=55,703 | tokens=0.51B
step= 15680 | loss=5.0310 | lr=3.00e-04 | wd=0.0589 | mom=0.9500 | T=1.2 k=1.0 (mu_rec=1 mu_bwd=1) | grad=2.078 | tok/s=52,828 | tokens=0.51B
step= 15690 | loss=4.9169 | lr=3.00e-04 | wd=0.0589 | mom=0.9500 | T=1.5 k=1.0 (mu_rec=1 mu_bwd=1) | grad=2.188 | tok/s=52,091 | tokens=0.51B
step= 15700 | loss=5.2192 | lr=3.00e-04 | wd=0.0588 | mom=0.9500 | T=1.2 k=1.0 (mu_rec=1 mu_bwd=1) | grad=5.656 | tok/s=54,822 | tokens=0.51B
step= 15710 | loss=5.1185 | lr=3.00e-04 | wd=0.0588 | mom=0.9500 | T=2.0 k=1.0 (mu_rec=1 mu_bwd=1) | grad=3.609 | tok/s=56,128 | tokens=0.51B
step= 15720 | loss=4.9631 | lr=3.00e-04 | wd=0.0588 | mom=0.9500 | T=1.0 k=1.0 (mu_rec=1 mu_bwd=1) | grad=2.484 | tok/s=54,437 | tokens=0.52B
step= 15730 | loss=5.1449 | lr=3.00e-04 | wd=0.0588 | mom=0.9500 | T=1.2 k=1.0 (mu_rec=1 mu_bwd=1) | grad=2.031 | tok/s=56,762 | tokens=0.52B
step= 15740 | loss=5.2841 | lr=3.00e-04 | wd=0.0587 | mom=0.9500 | T=1.0 k=1.0 (mu_rec=1 mu_bwd=1) | grad=2.516 | tok/s=57,009 | tokens=0.52B
step= 15750 | loss=5.2532 | lr=3.00e-04 | wd=0.0587 | mom=0.9500 | T=1.0 k=1.0 (mu_rec=1 mu_bwd=1) | grad=2.859 | tok/s=56,837 | tokens=0.52B
step= 15760 | loss=5.1100 | lr=3.00e-04 | wd=0.0587 | mom=0.9500 | T=1.5 k=1.0 (mu_rec=1 mu_bwd=1) | grad=2.281 | tok/s=57,729 | tokens=0.52B
step= 15770 | loss=5.3545 | lr=3.00e-04 | wd=0.0587 | mom=0.9500 | T=1.5 k=1.0 (mu_rec=1 mu_bwd=1) | grad=8.500 | tok/s=54,736 | tokens=0.52B
step= 15780 | loss=4.9072 | lr=3.00e-04 | wd=0.0586 | mom=0.9500 | T=1.5 k=1.0 (mu_rec=1 mu_bwd=1) | grad=3.750 | tok/s=54,653 | tokens=0.52B
step= 15790 | loss=4.6286 | lr=3.00e-04 | wd=0.0586 | mom=0.9500 | T=1.2 k=1.0 (mu_rec=1 mu_bwd=1) | grad=9.312 | tok/s=54,833 | tokens=0.52B
step= 15800 | loss=5.1029 | lr=3.00e-04 | wd=0.0586 | mom=0.9500 | T=1.8 k=1.0 (mu_rec=1 mu_bwd=1) | grad=2.047 | tok/s=58,905 | tokens=0.52B
step= 15810 | loss=5.1389 | lr=3.00e-04 | wd=0.0586 | mom=0.9500 | T=1.5 k=1.0 (mu_rec=1 mu_bwd=1) | grad=1.766 | tok/s=7,943 | tokens=0.52B
step= 15820 | loss=5.0105 | lr=3.00e-04 | wd=0.0585 | mom=0.9500 | T=2.8 k=1.0 (mu_rec=1 mu_bwd=1) | grad=1.805 | tok/s=52,844 | tokens=0.52B
step= 15830 | loss=4.9911 | lr=3.00e-04 | wd=0.0585 | mom=0.9500 | T=1.0 k=1.0 (mu_rec=1 mu_bwd=1) | grad=1.859 | tok/s=58,027 | tokens=0.52B
step= 15840 | loss=4.8302 | lr=3.00e-04 | wd=0.0585 | mom=0.9500 | T=1.2 k=1.0 (mu_rec=1 mu_bwd=1) | grad=1.945 | tok/s=53,744 | tokens=0.52B
step= 15850 | loss=5.0105 | lr=3.00e-04 | wd=0.0585 | mom=0.9500 | T=2.0 k=1.0 (mu_rec=1 mu_bwd=1) | grad=2.141 | tok/s=55,319 | tokens=0.52B
step= 15860 | loss=4.8910 | lr=3.00e-04 | wd=0.0584 | mom=0.9500 | T=1.2 k=1.0 (mu_rec=1 mu_bwd=1) | grad=2.812 | tok/s=55,742 | tokens=0.52B
step= 15870 | loss=4.9632 | lr=3.00e-04 | wd=0.0584 | mom=0.9500 | T=1.2 k=1.0 (mu_rec=1 mu_bwd=1) | grad=1.828 | tok/s=53,694 | tokens=0.52B
step= 15880 | loss=5.0342 | lr=3.00e-04 | wd=0.0584 | mom=0.9500 | T=1.8 k=1.0 (mu_rec=1 mu_bwd=1) | grad=1.664 | tok/s=54,452 | tokens=0.52B
step= 15890 | loss=5.3762 | lr=3.00e-04 | wd=0.0583 | mom=0.9500 | T=2.0 k=1.0 (mu_rec=1 mu_bwd=1) | grad=2.609 | tok/s=57,613 | tokens=0.52B
step= 15900 | loss=5.8141 | lr=3.00e-04 | wd=0.0583 | mom=0.9500 | T=1.0 k=1.0 (mu_rec=1 mu_bwd=1) | grad=4.125 | tok/s=58,143 | tokens=0.52B
step= 15910 | loss=5.1857 | lr=3.00e-04 | wd=0.0583 | mom=0.9500 | T=1.2 k=1.0 (mu_rec=1 mu_bwd=1) | grad=6.500 | tok/s=53,002 | tokens=0.52B
step= 15920 | loss=4.8126 | lr=3.00e-04 | wd=0.0583 | mom=0.9500 | T=1.0 k=1.0 (mu_rec=1 mu_bwd=1) | grad=2.781 | tok/s=53,457 | tokens=0.52B
step= 15930 | loss=5.1179 | lr=3.00e-04 | wd=0.0582 | mom=0.9500 | T=1.5 k=1.0 (mu_rec=1 mu_bwd=1) | grad=3.656 | tok/s=54,875 | tokens=0.52B
step= 15940 | loss=5.0877 | lr=3.00e-04 | wd=0.0582 | mom=0.9500 | T=2.0 k=1.0 (mu_rec=1 mu_bwd=1) | grad=1.898 | tok/s=56,406 | tokens=0.52B
step= 15950 | loss=5.1333 | lr=3.00e-04 | wd=0.0582 | mom=0.9500 | T=1.0 k=1.0 (mu_rec=1 mu_bwd=1) | grad=9.375 | tok/s=57,138 | tokens=0.52B
step= 15960 | loss=5.1684 | lr=3.00e-04 | wd=0.0582 | mom=0.9500 | T=2.2 k=1.0 (mu_rec=1 mu_bwd=1) | grad=1.875 | tok/s=53,546 | tokens=0.52B
step= 15970 | loss=5.0851 | lr=3.00e-04 | wd=0.0581 | mom=0.9500 | T=1.8 k=1.0 (mu_rec=1 mu_bwd=1) | grad=1.648 | tok/s=54,633 | tokens=0.52B
step= 15980 | loss=5.2354 | lr=3.00e-04 | wd=0.0581 | mom=0.9500 | T=1.8 k=1.0 (mu_rec=1 mu_bwd=1) | grad=1.797 | tok/s=54,724 | tokens=0.52B
step= 15990 | loss=4.8289 | lr=3.00e-04 | wd=0.0581 | mom=0.9500 | T=1.0 k=1.0 (mu_rec=1 mu_bwd=1) | grad=4.250 | tok/s=54,096 | tokens=0.52B
step= 16000 | loss=5.0869 | lr=3.00e-04 | wd=0.0581 | mom=0.9500 | T=1.5 k=1.0 (mu_rec=1 mu_bwd=1) | grad=2.406 | tok/s=58,076 | tokens=0.52B
step= 16010 | loss=5.2229 | lr=3.00e-04 | wd=0.0580 | mom=0.9500 | T=1.2 k=1.0 (mu_rec=1 mu_bwd=1) | grad=2.344 | tok/s=54,766 | tokens=0.52B
step= 16020 | loss=5.0113 | lr=3.00e-04 | wd=0.0580 | mom=0.9500 | T=1.0 k=1.0 (mu_rec=1 mu_bwd=1) | grad=12.562 | tok/s=55,988 | tokens=0.52B
step= 16030 | loss=5.0284 | lr=3.00e-04 | wd=0.0580 | mom=0.9500 | T=1.5 k=1.0 (mu_rec=1 mu_bwd=1) | grad=1.734 | tok/s=55,460 | tokens=0.53B
step= 16040 | loss=4.8490 | lr=3.00e-04 | wd=0.0580 | mom=0.9500 | T=1.0 k=1.0 (mu_rec=1 mu_bwd=1) | grad=2.031 | tok/s=56,235 | tokens=0.53B
step= 16050 | loss=5.1081 | lr=3.00e-04 | wd=0.0579 | mom=0.9500 | T=2.0 k=1.0 (mu_rec=1 mu_bwd=1) | grad=1.805 | tok/s=55,913 | tokens=0.53B
step= 16060 | loss=5.1115 | lr=3.00e-04 | wd=0.0579 | mom=0.9500 | T=1.0 k=1.0 (mu_rec=1 mu_bwd=1) | grad=2.531 | tok/s=57,115 | tokens=0.53B
step= 16070 | loss=5.2846 | lr=3.00e-04 | wd=0.0579 | mom=0.9500 | T=1.5 k=1.0 (mu_rec=1 mu_bwd=1) | grad=2.828 | tok/s=55,784 | tokens=0.53B
step= 16080 | loss=4.7256 | lr=3.00e-04 | wd=0.0578 | mom=0.9500 | T=1.0 k=1.0 (mu_rec=1 mu_bwd=1) | grad=6.094 | tok/s=59,258 | tokens=0.53B
step= 16090 | loss=4.9126 | lr=3.00e-04 | wd=0.0578 | mom=0.9500 | T=1.0 k=1.0 (mu_rec=1 mu_bwd=1) | grad=2.734 | tok/s=57,181 | tokens=0.53B
step= 16100 | loss=5.0120 | lr=3.00e-04 | wd=0.0578 | mom=0.9500 | T=1.0 k=1.0 (mu_rec=1 mu_bwd=1) | grad=2.750 | tok/s=54,500 | tokens=0.53B
step= 16110 | loss=5.0332 | lr=3.00e-04 | wd=0.0578 | mom=0.9500 | T=1.2 k=1.0 (mu_rec=1 mu_bwd=1) | grad=2.281 | tok/s=55,911 | tokens=0.53B
step= 16120 | loss=4.9214 | lr=3.00e-04 | wd=0.0577 | mom=0.9500 | T=1.5 k=1.0 (mu_rec=1 mu_bwd=1) | grad=4.344 | tok/s=54,382 | tokens=0.53B
step= 16130 | loss=5.0123 | lr=3.00e-04 | wd=0.0577 | mom=0.9500 | T=2.5 k=1.0 (mu_rec=1 mu_bwd=1) | grad=1.992 | tok/s=54,537 | tokens=0.53B
step= 16140 | loss=5.0851 | lr=3.00e-04 | wd=0.0577 | mom=0.9500 | T=2.0 k=1.0 (mu_rec=1 mu_bwd=1) | grad=11.750 | tok/s=56,436 | tokens=0.53B
step= 16150 | loss=4.9987 | lr=3.00e-04 | wd=0.0577 | mom=0.9500 | T=1.0 k=1.0 (mu_rec=1 mu_bwd=1) | grad=2.109 | tok/s=55,773 | tokens=0.53B
step= 16160 | loss=5.1007 | lr=3.00e-04 | wd=0.0576 | mom=0.9500 | T=2.0 k=1.0 (mu_rec=1 mu_bwd=1) | grad=2.312 | tok/s=57,860 | tokens=0.53B
step= 16170 | loss=4.9272 | lr=3.00e-04 | wd=0.0576 | mom=0.9500 | T=1.2 k=1.0 (mu_rec=1 mu_bwd=1) | grad=2.359 | tok/s=55,662 | tokens=0.53B
step= 16180 | loss=5.2292 | lr=3.00e-04 | wd=0.0576 | mom=0.9500 | T=1.8 k=1.0 (mu_rec=1 mu_bwd=1) | grad=1.977 | tok/s=54,700 | tokens=0.53B
step= 16190 | loss=5.0312 | lr=3.00e-04 | wd=0.0576 | mom=0.9500 | T=1.5 k=1.0 (mu_rec=1 mu_bwd=1) | grad=2.047 | tok/s=56,347 | tokens=0.53B
step= 16200 | loss=5.0186 | lr=3.00e-04 | wd=0.0575 | mom=0.9500 | T=2.0 k=1.0 (mu_rec=1 mu_bwd=1) | grad=2.281 | tok/s=52,891 | tokens=0.53B
step= 16210 | loss=4.8578 | lr=3.00e-04 | wd=0.0575 | mom=0.9500 | T=1.5 k=1.0 (mu_rec=1 mu_bwd=1) | grad=1.805 | tok/s=53,744 | tokens=0.53B
step= 16220 | loss=4.9641 | lr=3.00e-04 | wd=0.0575 | mom=0.9500 | T=1.0 k=1.0 (mu_rec=1 mu_bwd=1) | grad=2.297 | tok/s=55,478 | tokens=0.53B
step= 16230 | loss=4.9402 | lr=3.00e-04 | wd=0.0575 | mom=0.9500 | T=1.2 k=1.0 (mu_rec=1 mu_bwd=1) | grad=2.047 | tok/s=55,715 | tokens=0.53B
step= 16240 | loss=4.7146 | lr=3.00e-04 | wd=0.0574 | mom=0.9500 | T=1.0 k=1.0 (mu_rec=1 mu_bwd=1) | grad=6.812 | tok/s=58,047 | tokens=0.53B
step= 16250 | loss=5.2936 | lr=3.00e-04 | wd=0.0574 | mom=0.9500 | T=1.2 k=1.0 (mu_rec=1 mu_bwd=1) | grad=2.219 | tok/s=52,328 | tokens=0.53B
step= 16260 | loss=5.2047 | lr=3.00e-04 | wd=0.0574 | mom=0.9500 | T=2.5 k=1.0 (mu_rec=1 mu_bwd=1) | grad=4.406 | tok/s=56,466 | tokens=0.53B
step= 16270 | loss=5.1457 | lr=3.00e-04 | wd=0.0574 | mom=0.9500 | T=2.2 k=1.0 (mu_rec=1 mu_bwd=1) | grad=1.906 | tok/s=56,905 | tokens=0.53B
step= 16280 | loss=5.0557 | lr=3.00e-04 | wd=0.0573 | mom=0.9500 | T=1.0 k=1.0 (mu_rec=1 mu_bwd=1) | grad=5.656 | tok/s=8,457 | tokens=0.53B
step= 16290 | loss=5.0412 | lr=3.00e-04 | wd=0.0573 | mom=0.9500 | T=2.5 k=1.0 (mu_rec=1 mu_bwd=1) | grad=1.859 | tok/s=54,022 | tokens=0.53B
step= 16300 | loss=4.8786 | lr=3.00e-04 | wd=0.0573 | mom=0.9500 | T=1.2 k=1.0 (mu_rec=1 mu_bwd=1) | grad=2.844 | tok/s=55,070 | tokens=0.53B
step= 16310 | loss=5.1379 | lr=3.00e-04 | wd=0.0572 | mom=0.9500 | T=1.0 k=1.0 (mu_rec=1 mu_bwd=1) | grad=3.547 | tok/s=54,567 | tokens=0.53B
step= 16320 | loss=5.2100 | lr=3.00e-04 | wd=0.0572 | mom=0.9500 | T=1.0 k=1.0 (mu_rec=1 mu_bwd=1) | grad=2.750 | tok/s=59,025 | tokens=0.53B
step= 16330 | loss=5.0705 | lr=3.00e-04 | wd=0.0572 | mom=0.9500 | T=1.0 k=1.0 (mu_rec=1 mu_bwd=1) | grad=2.500 | tok/s=56,084 | tokens=0.54B
step= 16340 | loss=5.4079 | lr=3.00e-04 | wd=0.0572 | mom=0.9500 | T=1.5 k=1.0 (mu_rec=1 mu_bwd=1) | grad=2.547 | tok/s=55,533 | tokens=0.54B
step= 16350 | loss=5.3568 | lr=3.00e-04 | wd=0.0571 | mom=0.9500 | T=1.5 k=1.0 (mu_rec=1 mu_bwd=1) | grad=2.406 | tok/s=55,353 | tokens=0.54B
step= 16360 | loss=5.1240 | lr=3.00e-04 | wd=0.0571 | mom=0.9500 | T=1.2 k=1.0 (mu_rec=1 mu_bwd=1) | grad=2.438 | tok/s=52,013 | tokens=0.54B
step= 16370 | loss=4.9011 | lr=3.00e-04 | wd=0.0571 | mom=0.9500 | T=1.2 k=1.0 (mu_rec=1 mu_bwd=1) | grad=1.945 | tok/s=55,429 | tokens=0.54B
step= 16380 | loss=5.2339 | lr=3.00e-04 | wd=0.0571 | mom=0.9500 | T=1.0 k=1.0 (mu_rec=1 mu_bwd=1) | grad=3.719 | tok/s=54,294 | tokens=0.54B
step= 16390 | loss=5.1852 | lr=3.00e-04 | wd=0.0570 | mom=0.9500 | T=1.2 k=1.0 (mu_rec=1 mu_bwd=1) | grad=1.883 | tok/s=55,522 | tokens=0.54B
step= 16400 | loss=5.1246 | lr=3.00e-04 | wd=0.0570 | mom=0.9500 | T=1.0 k=1.0 (mu_rec=1 mu_bwd=1) | grad=2.516 | tok/s=56,640 | tokens=0.54B
step= 16410 | loss=4.9534 | lr=3.00e-04 | wd=0.0570 | mom=0.9500 | T=1.5 k=1.0 (mu_rec=1 mu_bwd=1) | grad=2.469 | tok/s=55,577 | tokens=0.54B
step= 16420 | loss=4.9514 | lr=3.00e-04 | wd=0.0570 | mom=0.9500 | T=1.0 k=1.0 (mu_rec=1 mu_bwd=1) | grad=2.516 | tok/s=55,809 | tokens=0.54B
step= 16430 | loss=4.7714 | lr=3.00e-04 | wd=0.0569 | mom=0.9500 | T=1.0 k=1.0 (mu_rec=1 mu_bwd=1) | grad=3.859 | tok/s=54,340 | tokens=0.54B
step= 16440 | loss=4.9346 | lr=3.00e-04 | wd=0.0569 | mom=0.9500 | T=1.8 k=1.0 (mu_rec=1 mu_bwd=1) | grad=1.312 | tok/s=57,236 | tokens=0.54B
step= 16450 | loss=5.0346 | lr=3.00e-04 | wd=0.0569 | mom=0.9500 | T=1.0 k=1.0 (mu_rec=1 mu_bwd=1) | grad=2.281 | tok/s=57,178 | tokens=0.54B
step= 16460 | loss=4.9566 | lr=3.00e-04 | wd=0.0569 | mom=0.9500 | T=2.2 k=1.0 (mu_rec=1 mu_bwd=1) | grad=1.484 | tok/s=53,551 | tokens=0.54B
step= 16470 | loss=5.1356 | lr=3.00e-04 | wd=0.0568 | mom=0.9500 | T=1.5 k=1.0 (mu_rec=1 mu_bwd=1) | grad=4.562 | tok/s=54,470 | tokens=0.54B
step= 16480 | loss=5.0297 | lr=3.00e-04 | wd=0.0568 | mom=0.9500 | T=1.2 k=1.0 (mu_rec=1 mu_bwd=1) | grad=1.914 | tok/s=54,699 | tokens=0.54B
step= 16490 | loss=5.0051 | lr=3.00e-04 | wd=0.0568 | mom=0.9500 | T=1.0 k=1.0 (mu_rec=1 mu_bwd=1) | grad=6.719 | tok/s=53,358 | tokens=0.54B
step= 16500 | loss=4.9499 | lr=3.00e-04 | wd=0.0567 | mom=0.9500 | T=2.2 k=1.0 (mu_rec=1 mu_bwd=1) | grad=2.000 | tok/s=53,641 | tokens=0.54B
step= 16510 | loss=4.7453 | lr=3.00e-04 | wd=0.0567 | mom=0.9500 | T=1.5 k=1.0 (mu_rec=1 mu_bwd=1) | grad=2.312 | tok/s=56,173 | tokens=0.54B
step= 16520 | loss=4.9933 | lr=3.00e-04 | wd=0.0567 | mom=0.9500 | T=1.2 k=1.0 (mu_rec=1 mu_bwd=1) | grad=1.734 | tok/s=56,482 | tokens=0.54B
step= 16530 | loss=4.9882 | lr=3.00e-04 | wd=0.0567 | mom=0.9500 | T=1.0 k=1.0 (mu_rec=1 mu_bwd=1) | grad=3.484 | tok/s=56,229 | tokens=0.54B
step= 16540 | loss=5.1282 | lr=3.00e-04 | wd=0.0566 | mom=0.9500 | T=1.2 k=1.0 (mu_rec=1 mu_bwd=1) | grad=2.797 | tok/s=56,143 | tokens=0.54B
step= 16550 | loss=4.8463 | lr=3.00e-04 | wd=0.0566 | mom=0.9500 | T=1.8 k=1.0 (mu_rec=1 mu_bwd=1) | grad=2.031 | tok/s=54,031 | tokens=0.54B
step= 16560 | loss=4.9692 | lr=3.00e-04 | wd=0.0566 | mom=0.9500 | T=1.8 k=1.0 (mu_rec=1 mu_bwd=1) | grad=2.188 | tok/s=54,930 | tokens=0.54B
step= 16570 | loss=5.0587 | lr=3.00e-04 | wd=0.0566 | mom=0.9500 | T=1.5 k=1.0 (mu_rec=1 mu_bwd=1) | grad=3.109 | tok/s=52,477 | tokens=0.54B
step= 16580 | loss=5.0638 | lr=3.00e-04 | wd=0.0565 | mom=0.9500 | T=1.2 k=1.0 (mu_rec=1 mu_bwd=1) | grad=4.844 | tok/s=54,683 | tokens=0.54B
step= 16590 | loss=5.1165 | lr=3.00e-04 | wd=0.0565 | mom=0.9500 | T=1.0 k=1.0 (mu_rec=1 mu_bwd=1) | grad=4.500 | tok/s=55,555 | tokens=0.54B
step= 16600 | loss=5.1090 | lr=3.00e-04 | wd=0.0565 | mom=0.9500 | T=1.2 k=1.0 (mu_rec=1 mu_bwd=1) | grad=2.266 | tok/s=53,509 | tokens=0.54B
step= 16610 | loss=5.1743 | lr=3.00e-04 | wd=0.0565 | mom=0.9500 | T=1.5 k=1.0 (mu_rec=1 mu_bwd=1) | grad=2.016 | tok/s=54,599 | tokens=0.54B
step= 16620 | loss=4.8538 | lr=3.00e-04 | wd=0.0564 | mom=0.9500 | T=1.0 k=1.0 (mu_rec=1 mu_bwd=1) | grad=2.000 | tok/s=57,487 | tokens=0.54B
step= 16630 | loss=5.0102 | lr=3.00e-04 | wd=0.0564 | mom=0.9500 | T=1.8 k=1.0 (mu_rec=1 mu_bwd=1) | grad=2.281 | tok/s=52,824 | tokens=0.54B
step= 16640 | loss=5.0623 | lr=3.00e-04 | wd=0.0564 | mom=0.9500 | T=1.8 k=1.0 (mu_rec=1 mu_bwd=1) | grad=2.078 | tok/s=58,699 | tokens=0.55B
step= 16650 | loss=4.9106 | lr=3.00e-04 | wd=0.0564 | mom=0.9500 | T=1.0 k=1.0 (mu_rec=1 mu_bwd=1) | grad=2.641 | tok/s=58,501 | tokens=0.55B
step= 16660 | loss=5.1630 | lr=3.00e-04 | wd=0.0563 | mom=0.9500 | T=1.5 k=1.0 (mu_rec=1 mu_bwd=1) | grad=2.812 | tok/s=53,077 | tokens=0.55B
step= 16670 | loss=4.9124 | lr=3.00e-04 | wd=0.0563 | mom=0.9500 | T=1.5 k=1.0 (mu_rec=1 mu_bwd=1) | grad=2.875 | tok/s=54,820 | tokens=0.55B
step= 16680 | loss=5.1237 | lr=3.00e-04 | wd=0.0563 | mom=0.9500 | T=1.5 k=1.0 (mu_rec=1 mu_bwd=1) | grad=3.859 | tok/s=53,410 | tokens=0.55B
step= 16690 | loss=4.9499 | lr=3.00e-04 | wd=0.0562 | mom=0.9500 | T=1.5 k=1.0 (mu_rec=1 mu_bwd=1) | grad=2.438 | tok/s=54,092 | tokens=0.55B
step= 16700 | loss=5.0106 | lr=3.00e-04 | wd=0.0562 | mom=0.9500 | T=1.8 k=1.0 (mu_rec=1 mu_bwd=1) | grad=2.250 | tok/s=54,473 | tokens=0.55B
step= 16710 | loss=4.9873 | lr=3.00e-04 | wd=0.0562 | mom=0.9500 | T=1.2 k=1.0 (mu_rec=1 mu_bwd=1) | grad=1.977 | tok/s=55,452 | tokens=0.55B
step= 16720 | loss=4.6141 | lr=3.00e-04 | wd=0.0562 | mom=0.9500 | T=1.2 k=1.0 (mu_rec=1 mu_bwd=1) | grad=1.750 | tok/s=53,503 | tokens=0.55B
step= 16730 | loss=4.8887 | lr=3.00e-04 | wd=0.0561 | mom=0.9500 | T=2.0 k=1.0 (mu_rec=1 mu_bwd=1) | grad=9.000 | tok/s=57,796 | tokens=0.55B
step= 16740 | loss=5.1433 | lr=3.00e-04 | wd=0.0561 | mom=0.9500 | T=1.5 k=1.0 (mu_rec=1 mu_bwd=1) | grad=2.234 | tok/s=53,362 | tokens=0.55B
step= 16750 | loss=5.1471 | lr=3.00e-04 | wd=0.0561 | mom=0.9500 | T=1.0 k=1.0 (mu_rec=1 mu_bwd=1) | grad=2.484 | tok/s=53,733 | tokens=0.55B
step= 16760 | loss=5.2263 | lr=3.00e-04 | wd=0.0561 | mom=0.9500 | T=1.0 k=1.0 (mu_rec=1 mu_bwd=1) | grad=5.469 | tok/s=8,073 | tokens=0.55B
step= 16770 | loss=5.0324 | lr=3.00e-04 | wd=0.0560 | mom=0.9500 | T=1.0 k=1.0 (mu_rec=1 mu_bwd=1) | grad=3.734 | tok/s=57,177 | tokens=0.55B
step= 16780 | loss=4.9388 | lr=3.00e-04 | wd=0.0560 | mom=0.9500 | T=1.2 k=1.0 (mu_rec=1 mu_bwd=1) | grad=2.641 | tok/s=56,542 | tokens=0.55B
step= 16790 | loss=5.4109 | lr=3.00e-04 | wd=0.0560 | mom=0.9500 | T=1.5 k=1.0 (mu_rec=1 mu_bwd=1) | grad=4.250 | tok/s=57,048 | tokens=0.55B
step= 16800 | loss=5.5880 | lr=3.00e-04 | wd=0.0560 | mom=0.9500 | T=1.2 k=1.0 (mu_rec=1 mu_bwd=1) | grad=2.141 | tok/s=54,106 | tokens=0.55B
step= 16810 | loss=5.2404 | lr=3.00e-04 | wd=0.0559 | mom=0.9500 | T=1.8 k=1.0 (mu_rec=1 mu_bwd=1) | grad=4.125 | tok/s=52,053 | tokens=0.55B
step= 16820 | loss=5.4047 | lr=3.00e-04 | wd=0.0559 | mom=0.9500 | T=1.5 k=1.0 (mu_rec=1 mu_bwd=1) | grad=2.609 | tok/s=55,148 | tokens=0.55B
step= 16830 | loss=4.9608 | lr=3.00e-04 | wd=0.0559 | mom=0.9500 | T=1.5 k=1.0 (mu_rec=1 mu_bwd=1) | grad=1.969 | tok/s=54,302 | tokens=0.55B
step= 16840 | loss=5.4672 | lr=3.00e-04 | wd=0.0559 | mom=0.9500 | T=1.5 k=1.0 (mu_rec=1 mu_bwd=1) | grad=2.359 | tok/s=54,469 | tokens=0.55B
step= 16850 | loss=5.6073 | lr=3.00e-04 | wd=0.0558 | mom=0.9500 | T=2.5 k=1.0 (mu_rec=1 mu_bwd=1) | grad=3.141 | tok/s=50,848 | tokens=0.55B
step= 16860 | loss=5.3941 | lr=3.00e-04 | wd=0.0558 | mom=0.9500 | T=1.2 k=1.0 (mu_rec=1 mu_bwd=1) | grad=4.062 | tok/s=56,445 | tokens=0.55B
step= 16870 | loss=5.1403 | lr=3.00e-04 | wd=0.0558 | mom=0.9500 | T=1.2 k=1.0 (mu_rec=1 mu_bwd=1) | grad=2.812 | tok/s=57,162 | tokens=0.55B
step= 16880 | loss=4.9278 | lr=3.00e-04 | wd=0.0558 | mom=0.9500 | T=1.5 k=1.0 (mu_rec=1 mu_bwd=1) | grad=3.375 | tok/s=55,488 | tokens=0.55B
step= 16890 | loss=4.9896 | lr=3.00e-04 | wd=0.0557 | mom=0.9500 | T=1.8 k=1.0 (mu_rec=1 mu_bwd=1) | grad=1.812 | tok/s=56,632 | tokens=0.55B
step= 16900 | loss=4.9193 | lr=3.00e-04 | wd=0.0557 | mom=0.9500 | T=1.2 k=1.0 (mu_rec=1 mu_bwd=1) | grad=2.281 | tok/s=56,641 | tokens=0.55B
step= 16910 | loss=5.0757 | lr=3.00e-04 | wd=0.0557 | mom=0.9500 | T=1.2 k=1.0 (mu_rec=1 mu_bwd=1) | grad=2.094 | tok/s=55,048 | tokens=0.55B
step= 16920 | loss=4.8577 | lr=3.00e-04 | wd=0.0556 | mom=0.9500 | T=1.0 k=1.0 (mu_rec=1 mu_bwd=1) | grad=2.172 | tok/s=56,921 | tokens=0.55B
step= 16930 | loss=4.9919 | lr=3.00e-04 | wd=0.0556 | mom=0.9500 | T=1.0 k=1.0 (mu_rec=1 mu_bwd=1) | grad=2.578 | tok/s=55,661 | tokens=0.55B
step= 16940 | loss=4.9991 | lr=3.00e-04 | wd=0.0556 | mom=0.9500 | T=1.2 k=1.0 (mu_rec=1 mu_bwd=1) | grad=2.219 | tok/s=56,015 | tokens=0.56B
step= 16950 | loss=5.0683 | lr=3.00e-04 | wd=0.0556 | mom=0.9500 | T=1.0 k=1.0 (mu_rec=1 mu_bwd=1) | grad=1.914 | tok/s=55,815 | tokens=0.56B
step= 16960 | loss=4.9464 | lr=3.00e-04 | wd=0.0555 | mom=0.9500 | T=1.0 k=1.0 (mu_rec=1 mu_bwd=1) | grad=3.922 | tok/s=55,398 | tokens=0.56B
step= 16970 | loss=4.9503 | lr=3.00e-04 | wd=0.0555 | mom=0.9500 | T=2.0 k=1.0 (mu_rec=1 mu_bwd=1) | grad=3.688 | tok/s=54,772 | tokens=0.56B
step= 16980 | loss=5.0951 | lr=3.00e-04 | wd=0.0555 | mom=0.9500 | T=1.5 k=1.0 (mu_rec=1 mu_bwd=1) | grad=1.711 | tok/s=58,173 | tokens=0.56B
step= 16990 | loss=5.1123 | lr=3.00e-04 | wd=0.0555 | mom=0.9500 | T=1.0 k=1.0 (mu_rec=1 mu_bwd=1) | grad=2.531 | tok/s=59,142 | tokens=0.56B
step= 17000 | loss=4.9778 | lr=3.00e-04 | wd=0.0554 | mom=0.9500 | T=1.0 k=1.0 (mu_rec=1 mu_bwd=1) | grad=1.906 | tok/s=57,408 | tokens=0.56B
step= 17010 | loss=5.1830 | lr=3.00e-04 | wd=0.0554 | mom=0.9500 | T=1.2 k=1.0 (mu_rec=1 mu_bwd=1) | grad=1.688 | tok/s=57,696 | tokens=0.56B
step= 17020 | loss=4.9442 | lr=3.00e-04 | wd=0.0554 | mom=0.9500 | T=1.0 k=1.0 (mu_rec=1 mu_bwd=1) | grad=2.141 | tok/s=54,944 | tokens=0.56B
step= 17030 | loss=4.8886 | lr=3.00e-04 | wd=0.0554 | mom=0.9500 | T=1.0 k=1.0 (mu_rec=1 mu_bwd=1) | grad=4.156 | tok/s=54,334 | tokens=0.56B
step= 17040 | loss=5.0220 | lr=3.00e-04 | wd=0.0553 | mom=0.9500 | T=1.5 k=1.0 (mu_rec=1 mu_bwd=1) | grad=2.391 | tok/s=55,630 | tokens=0.56B
step= 17050 | loss=4.7907 | lr=3.00e-04 | wd=0.0553 | mom=0.9500 | T=1.5 k=1.0 (mu_rec=1 mu_bwd=1) | grad=4.812 | tok/s=54,311 | tokens=0.56B
step= 17060 | loss=4.8819 | lr=3.00e-04 | wd=0.0553 | mom=0.9500 | T=1.0 k=1.0 (mu_rec=1 mu_bwd=1) | grad=4.594 | tok/s=58,123 | tokens=0.56B
step= 17070 | loss=4.9826 | lr=3.00e-04 | wd=0.0553 | mom=0.9500 | T=1.5 k=1.0 (mu_rec=1 mu_bwd=1) | grad=6.281 | tok/s=53,315 | tokens=0.56B
step= 17080 | loss=4.8989 | lr=3.00e-04 | wd=0.0552 | mom=0.9500 | T=1.2 k=1.0 (mu_rec=1 mu_bwd=1) | grad=2.047 | tok/s=55,724 | tokens=0.56B
step= 17090 | loss=4.9571 | lr=3.00e-04 | wd=0.0552 | mom=0.9500 | T=1.2 k=1.0 (mu_rec=1 mu_bwd=1) | grad=2.078 | tok/s=53,970 | tokens=0.56B
step= 17100 | loss=4.9337 | lr=3.00e-04 | wd=0.0552 | mom=0.9500 | T=1.2 k=1.0 (mu_rec=1 mu_bwd=1) | grad=3.141 | tok/s=55,268 | tokens=0.56B
step= 17110 | loss=5.0070 | lr=3.00e-04 | wd=0.0551 | mom=0.9500 | T=1.0 k=1.0 (mu_rec=1 mu_bwd=1) | grad=2.078 | tok/s=58,197 | tokens=0.56B
step= 17120 | loss=4.9673 | lr=3.00e-04 | wd=0.0551 | mom=0.9500 | T=1.0 k=1.0 (mu_rec=1 mu_bwd=1) | grad=2.234 | tok/s=57,787 | tokens=0.56B
step= 17130 | loss=4.9452 | lr=3.00e-04 | wd=0.0551 | mom=0.9500 | T=1.0 k=1.0 (mu_rec=1 mu_bwd=1) | grad=2.359 | tok/s=57,056 | tokens=0.56B
step= 17140 | loss=5.0915 | lr=3.00e-04 | wd=0.0551 | mom=0.9500 | T=2.0 k=1.0 (mu_rec=1 mu_bwd=1) | grad=1.844 | tok/s=56,056 | tokens=0.56B
step= 17150 | loss=4.9481 | lr=3.00e-04 | wd=0.0550 | mom=0.9500 | T=2.8 k=1.0 (mu_rec=1 mu_bwd=1) | grad=5.156 | tok/s=53,832 | tokens=0.56B
step= 17160 | loss=5.1292 | lr=3.00e-04 | wd=0.0550 | mom=0.9500 | T=1.0 k=1.0 (mu_rec=1 mu_bwd=1) | grad=2.547 | tok/s=9,085 | tokens=0.56B
step= 17170 | loss=4.9545 | lr=3.00e-04 | wd=0.0550 | mom=0.9500 | T=1.0 k=1.0 (mu_rec=1 mu_bwd=1) | grad=2.984 | tok/s=54,662 | tokens=0.56B
step= 17180 | loss=4.9972 | lr=3.00e-04 | wd=0.0550 | mom=0.9500 | T=1.2 k=1.0 (mu_rec=1 mu_bwd=1) | grad=2.516 | tok/s=57,989 | tokens=0.56B
step= 17190 | loss=5.0345 | lr=3.00e-04 | wd=0.0549 | mom=0.9500 | T=1.0 k=1.0 (mu_rec=1 mu_bwd=1) | grad=2.516 | tok/s=55,634 | tokens=0.56B
step= 17200 | loss=5.0683 | lr=3.00e-04 | wd=0.0549 | mom=0.9500 | T=1.2 k=1.0 (mu_rec=1 mu_bwd=1) | grad=2.344 | tok/s=56,961 | tokens=0.56B
step= 17210 | loss=5.1429 | lr=3.00e-04 | wd=0.0549 | mom=0.9500 | T=2.0 k=1.0 (mu_rec=1 mu_bwd=1) | grad=3.234 | tok/s=56,427 | tokens=0.56B
step= 17220 | loss=4.8815 | lr=3.00e-04 | wd=0.0549 | mom=0.9500 | T=1.0 k=1.0 (mu_rec=1 mu_bwd=1) | grad=2.062 | tok/s=59,024 | tokens=0.56B
step= 17230 | loss=5.0042 | lr=3.00e-04 | wd=0.0548 | mom=0.9500 | T=1.0 k=1.0 (mu_rec=1 mu_bwd=1) | grad=3.125 | tok/s=56,505 | tokens=0.56B
step= 17240 | loss=4.8545 | lr=3.00e-04 | wd=0.0548 | mom=0.9500 | T=1.5 k=1.0 (mu_rec=1 mu_bwd=1) | grad=2.188 | tok/s=55,701 | tokens=0.56B
step= 17250 | loss=4.8658 | lr=3.00e-04 | wd=0.0548 | mom=0.9500 | T=1.2 k=1.0 (mu_rec=1 mu_bwd=1) | grad=2.656 | tok/s=54,253 | tokens=0.57B
step= 17260 | loss=5.0482 | lr=3.00e-04 | wd=0.0548 | mom=0.9500 | T=1.5 k=1.0 (mu_rec=1 mu_bwd=1) | grad=1.773 | tok/s=54,228 | tokens=0.57B
step= 17270 | loss=4.9486 | lr=3.00e-04 | wd=0.0547 | mom=0.9500 | T=1.2 k=1.0 (mu_rec=1 mu_bwd=1) | grad=1.992 | tok/s=55,828 | tokens=0.57B
step= 17280 | loss=4.9534 | lr=3.00e-04 | wd=0.0547 | mom=0.9500 | T=1.2 k=1.0 (mu_rec=1 mu_bwd=1) | grad=1.562 | tok/s=55,926 | tokens=0.57B
step= 17290 | loss=5.1200 | lr=3.00e-04 | wd=0.0547 | mom=0.9500 | T=1.0 k=1.0 (mu_rec=1 mu_bwd=1) | grad=2.203 | tok/s=56,290 | tokens=0.57B
step= 17300 | loss=4.9314 | lr=3.00e-04 | wd=0.0547 | mom=0.9500 | T=1.8 k=1.0 (mu_rec=1 mu_bwd=1) | grad=1.938 | tok/s=53,837 | tokens=0.57B
step= 17310 | loss=5.0596 | lr=3.00e-04 | wd=0.0546 | mom=0.9500 | T=1.2 k=1.0 (mu_rec=1 mu_bwd=1) | grad=3.641 | tok/s=57,072 | tokens=0.57B
step= 17320 | loss=5.0408 | lr=3.00e-04 | wd=0.0546 | mom=0.9500 | T=1.2 k=1.0 (mu_rec=1 mu_bwd=1) | grad=2.688 | tok/s=55,542 | tokens=0.57B
step= 17330 | loss=4.9021 | lr=3.00e-04 | wd=0.0546 | mom=0.9500 | T=1.5 k=1.0 (mu_rec=1 mu_bwd=1) | grad=2.438 | tok/s=53,108 | tokens=0.57B
step= 17340 | loss=5.1379 | lr=3.00e-04 | wd=0.0545 | mom=0.9500 | T=1.0 k=1.0 (mu_rec=1 mu_bwd=1) | grad=3.500 | tok/s=53,278 | tokens=0.57B
step= 17350 | loss=5.0655 | lr=3.00e-04 | wd=0.0545 | mom=0.9500 | T=1.8 k=1.0 (mu_rec=1 mu_bwd=1) | grad=5.188 | tok/s=55,266 | tokens=0.57B
step= 17360 | loss=5.0624 | lr=3.00e-04 | wd=0.0545 | mom=0.9500 | T=1.5 k=1.0 (mu_rec=1 mu_bwd=1) | grad=3.469 | tok/s=58,047 | tokens=0.57B
step= 17370 | loss=4.9398 | lr=3.00e-04 | wd=0.0545 | mom=0.9500 | T=1.5 k=1.0 (mu_rec=1 mu_bwd=1) | grad=1.953 | tok/s=54,801 | tokens=0.57B
step= 17380 | loss=4.8749 | lr=3.00e-04 | wd=0.0544 | mom=0.9500 | T=2.2 k=1.0 (mu_rec=1 mu_bwd=1) | grad=2.391 | tok/s=54,193 | tokens=0.57B
step= 17390 | loss=4.9035 | lr=3.00e-04 | wd=0.0544 | mom=0.9500 | T=2.2 k=1.0 (mu_rec=1 mu_bwd=1) | grad=2.250 | tok/s=55,178 | tokens=0.57B
step= 17400 | loss=4.9983 | lr=3.00e-04 | wd=0.0544 | mom=0.9500 | T=2.0 k=1.0 (mu_rec=1 mu_bwd=1) | grad=2.078 | tok/s=55,477 | tokens=0.57B
step= 17410 | loss=4.9793 | lr=3.00e-04 | wd=0.0544 | mom=0.9500 | T=1.5 k=1.0 (mu_rec=1 mu_bwd=1) | grad=1.883 | tok/s=55,568 | tokens=0.57B
step= 17420 | loss=5.0314 | lr=3.00e-04 | wd=0.0543 | mom=0.9500 | T=1.0 k=1.0 (mu_rec=1 mu_bwd=1) | grad=2.656 | tok/s=55,722 | tokens=0.57B
step= 17430 | loss=5.1423 | lr=3.00e-04 | wd=0.0543 | mom=0.9500 | T=2.8 k=1.0 (mu_rec=1 mu_bwd=1) | grad=1.750 | tok/s=55,045 | tokens=0.57B
step= 17440 | loss=4.9295 | lr=3.00e-04 | wd=0.0543 | mom=0.9500 | T=1.8 k=1.0 (mu_rec=1 mu_bwd=1) | grad=2.203 | tok/s=54,963 | tokens=0.57B
step= 17450 | loss=4.6727 | lr=3.00e-04 | wd=0.0543 | mom=0.9500 | T=3.5 k=1.0 (mu_rec=1 mu_bwd=1) | grad=1.570 | tok/s=54,426 | tokens=0.57B
step= 17460 | loss=4.8875 | lr=3.00e-04 | wd=0.0542 | mom=0.9500 | T=1.2 k=1.0 (mu_rec=1 mu_bwd=1) | grad=2.859 | tok/s=52,978 | tokens=0.57B
step= 17470 | loss=4.8790 | lr=3.00e-04 | wd=0.0542 | mom=0.9500 | T=1.2 k=1.0 (mu_rec=1 mu_bwd=1) | grad=8.312 | tok/s=58,224 | tokens=0.57B
step= 17480 | loss=5.0509 | lr=3.00e-04 | wd=0.0542 | mom=0.9500 | T=2.0 k=1.0 (mu_rec=1 mu_bwd=1) | grad=3.578 | tok/s=56,422 | tokens=0.57B
step= 17490 | loss=4.7872 | lr=3.00e-04 | wd=0.0542 | mom=0.9500 | T=2.2 k=1.0 (mu_rec=1 mu_bwd=1) | grad=1.438 | tok/s=55,523 | tokens=0.57B
step= 17500 | loss=4.8411 | lr=3.00e-04 | wd=0.0541 | mom=0.9500 | T=1.0 k=1.0 (mu_rec=1 mu_bwd=1) | grad=4.094 | tok/s=53,220 | tokens=0.57B
step= 17510 | loss=4.8440 | lr=3.00e-04 | wd=0.0541 | mom=0.9500 | T=1.2 k=1.0 (mu_rec=1 mu_bwd=1) | grad=2.422 | tok/s=53,817 | tokens=0.57B
step= 17520 | loss=4.9968 | lr=3.00e-04 | wd=0.0541 | mom=0.9500 | T=1.2 k=1.0 (mu_rec=1 mu_bwd=1) | grad=2.000 | tok/s=56,298 | tokens=0.57B
step= 17530 | loss=4.9993 | lr=3.00e-04 | wd=0.0540 | mom=0.9500 | T=1.0 k=1.0 (mu_rec=1 mu_bwd=1) | grad=2.672 | tok/s=56,154 | tokens=0.57B
step= 17540 | loss=5.0187 | lr=3.00e-04 | wd=0.0540 | mom=0.9500 | T=3.0 k=1.0 (mu_rec=1 mu_bwd=1) | grad=1.562 | tok/s=56,546 | tokens=0.57B
step= 17550 | loss=4.9719 | lr=3.00e-04 | wd=0.0540 | mom=0.9500 | T=1.8 k=1.0 (mu_rec=1 mu_bwd=1) | grad=2.312 | tok/s=53,014 | tokens=0.58B
step= 17560 | loss=4.8908 | lr=3.00e-04 | wd=0.0540 | mom=0.9500 | T=2.0 k=1.0 (mu_rec=1 mu_bwd=1) | grad=1.695 | tok/s=60,006 | tokens=0.58B
step= 17570 | loss=4.8970 | lr=3.00e-04 | wd=0.0539 | mom=0.9500 | T=1.8 k=1.0 (mu_rec=1 mu_bwd=1) | grad=2.016 | tok/s=55,940 | tokens=0.58B
step= 17580 | loss=4.9298 | lr=3.00e-04 | wd=0.0539 | mom=0.9500 | T=1.2 k=1.0 (mu_rec=1 mu_bwd=1) | grad=2.125 | tok/s=57,050 | tokens=0.58B
step= 17590 | loss=5.0270 | lr=3.00e-04 | wd=0.0539 | mom=0.9500 | T=1.0 k=1.0 (mu_rec=1 mu_bwd=1) | grad=2.062 | tok/s=56,504 | tokens=0.58B
step= 17600 | loss=4.8788 | lr=3.00e-04 | wd=0.0539 | mom=0.9500 | T=1.5 k=1.0 (mu_rec=1 mu_bwd=1) | grad=2.078 | tok/s=52,460 | tokens=0.58B
step= 17610 | loss=4.8668 | lr=3.00e-04 | wd=0.0538 | mom=0.9500 | T=1.2 k=1.0 (mu_rec=1 mu_bwd=1) | grad=2.469 | tok/s=52,685 | tokens=0.58B
step= 17620 | loss=5.0611 | lr=3.00e-04 | wd=0.0538 | mom=0.9500 | T=1.2 k=1.0 (mu_rec=1 mu_bwd=1) | grad=1.914 | tok/s=57,772 | tokens=0.58B
step= 17630 | loss=5.0752 | lr=3.00e-04 | wd=0.0538 | mom=0.9500 | T=1.0 k=1.0 (mu_rec=1 mu_bwd=1) | grad=2.641 | tok/s=58,308 | tokens=0.58B
step= 17640 | loss=5.1222 | lr=3.00e-04 | wd=0.0538 | mom=0.9500 | T=1.0 k=1.0 (mu_rec=1 mu_bwd=1) | grad=4.344 | tok/s=57,744 | tokens=0.58B
step= 17650 | loss=4.9254 | lr=3.00e-04 | wd=0.0537 | mom=0.9500 | T=2.0 k=1.0 (mu_rec=1 mu_bwd=1) | grad=1.414 | tok/s=55,234 | tokens=0.58B
step= 17660 | loss=4.8252 | lr=3.00e-04 | wd=0.0537 | mom=0.9500 | T=1.8 k=1.0 (mu_rec=1 mu_bwd=1) | grad=2.266 | tok/s=55,300 | tokens=0.58B
step= 17670 | loss=4.9463 | lr=3.00e-04 | wd=0.0537 | mom=0.9500 | T=1.0 k=1.0 (mu_rec=1 mu_bwd=1) | grad=1.930 | tok/s=58,981 | tokens=0.58B
step= 17680 | loss=4.8876 | lr=3.00e-04 | wd=0.0537 | mom=0.9500 | T=2.8 k=1.0 (mu_rec=1 mu_bwd=1) | grad=1.180 | tok/s=53,509 | tokens=0.58B
step= 17690 | loss=4.7932 | lr=3.00e-04 | wd=0.0536 | mom=0.9500 | T=1.8 k=1.0 (mu_rec=1 mu_bwd=1) | grad=2.062 | tok/s=8,966 | tokens=0.58B
step= 17700 | loss=5.0801 | lr=3.00e-04 | wd=0.0536 | mom=0.9500 | T=1.2 k=1.0 (mu_rec=1 mu_bwd=1) | grad=2.328 | tok/s=55,138 | tokens=0.58B
step= 17710 | loss=5.1515 | lr=3.00e-04 | wd=0.0536 | mom=0.9500 | T=1.5 k=1.0 (mu_rec=1 mu_bwd=1) | grad=2.766 | tok/s=56,874 | tokens=0.58B
step= 17720 | loss=4.9348 | lr=3.00e-04 | wd=0.0535 | mom=0.9500 | T=1.2 k=1.0 (mu_rec=1 mu_bwd=1) | grad=1.961 | tok/s=56,062 | tokens=0.58B
step= 17730 | loss=4.7792 | lr=3.00e-04 | wd=0.0535 | mom=0.9500 | T=2.2 k=1.0 (mu_rec=1 mu_bwd=1) | grad=1.922 | tok/s=53,427 | tokens=0.58B
step= 17740 | loss=4.8180 | lr=3.00e-04 | wd=0.0535 | mom=0.9500 | T=1.8 k=1.0 (mu_rec=1 mu_bwd=1) | grad=1.984 | tok/s=60,221 | tokens=0.58B
step= 17750 | loss=5.1675 | lr=3.00e-04 | wd=0.0535 | mom=0.9500 | T=1.2 k=1.0 (mu_rec=1 mu_bwd=1) | grad=3.000 | tok/s=54,613 | tokens=0.58B
step= 17760 | loss=5.0102 | lr=3.00e-04 | wd=0.0534 | mom=0.9500 | T=1.8 k=1.0 (mu_rec=1 mu_bwd=1) | grad=1.766 | tok/s=56,043 | tokens=0.58B
step= 17770 | loss=4.9842 | lr=3.00e-04 | wd=0.0534 | mom=0.9500 | T=1.8 k=1.0 (mu_rec=1 mu_bwd=1) | grad=2.562 | tok/s=56,484 | tokens=0.58B
step= 17780 | loss=4.9022 | lr=3.00e-04 | wd=0.0534 | mom=0.9500 | T=1.8 k=1.0 (mu_rec=1 mu_bwd=1) | grad=2.094 | tok/s=56,006 | tokens=0.58B
step= 17790 | loss=5.1355 | lr=3.00e-04 | wd=0.0534 | mom=0.9500 | T=1.0 k=1.0 (mu_rec=1 mu_bwd=1) | grad=4.688 | tok/s=62,396 | tokens=0.58B
step= 17800 | loss=5.0705 | lr=3.00e-04 | wd=0.0533 | mom=0.9500 | T=1.8 k=1.0 (mu_rec=1 mu_bwd=1) | grad=3.969 | tok/s=51,816 | tokens=0.58B
step= 17810 | loss=4.9819 | lr=3.00e-04 | wd=0.0533 | mom=0.9500 | T=2.5 k=1.0 (mu_rec=1 mu_bwd=1) | grad=1.367 | tok/s=57,186 | tokens=0.58B
step= 17820 | loss=5.0146 | lr=3.00e-04 | wd=0.0533 | mom=0.9500 | T=2.0 k=1.0 (mu_rec=1 mu_bwd=1) | grad=2.422 | tok/s=56,082 | tokens=0.58B
step= 17830 | loss=4.8639 | lr=3.00e-04 | wd=0.0533 | mom=0.9500 | T=1.2 k=1.0 (mu_rec=1 mu_bwd=1) | grad=1.875 | tok/s=53,228 | tokens=0.58B
step= 17840 | loss=4.9900 | lr=3.00e-04 | wd=0.0532 | mom=0.9500 | T=1.0 k=1.0 (mu_rec=1 mu_bwd=1) | grad=2.188 | tok/s=58,071 | tokens=0.58B
step= 17850 | loss=4.8656 | lr=3.00e-04 | wd=0.0532 | mom=0.9500 | T=1.5 k=1.0 (mu_rec=1 mu_bwd=1) | grad=2.766 | tok/s=54,793 | tokens=0.58B
step= 17860 | loss=5.1402 | lr=3.00e-04 | wd=0.0532 | mom=0.9500 | T=1.5 k=1.0 (mu_rec=1 mu_bwd=1) | grad=1.836 | tok/s=53,496 | tokens=0.59B
step= 17870 | loss=4.9165 | lr=3.00e-04 | wd=0.0532 | mom=0.9500 | T=1.2 k=1.0 (mu_rec=1 mu_bwd=1) | grad=1.773 | tok/s=58,073 | tokens=0.59B
step= 17880 | loss=5.0369 | lr=3.00e-04 | wd=0.0531 | mom=0.9500 | T=2.0 k=1.0 (mu_rec=1 mu_bwd=1) | grad=1.336 | tok/s=55,575 | tokens=0.59B
step= 17890 | loss=5.0725 | lr=3.00e-04 | wd=0.0531 | mom=0.9500 | T=2.2 k=1.0 (mu_rec=1 mu_bwd=1) | grad=2.141 | tok/s=52,764 | tokens=0.59B
step= 17900 | loss=4.9439 | lr=3.00e-04 | wd=0.0531 | mom=0.9500 | T=1.2 k=1.0 (mu_rec=1 mu_bwd=1) | grad=2.219 | tok/s=53,995 | tokens=0.59B
step= 17910 | loss=4.9619 | lr=3.00e-04 | wd=0.0531 | mom=0.9500 | T=1.5 k=1.0 (mu_rec=1 mu_bwd=1) | grad=1.977 | tok/s=52,477 | tokens=0.59B
step= 17920 | loss=4.8592 | lr=3.00e-04 | wd=0.0530 | mom=0.9500 | T=1.2 k=1.0 (mu_rec=1 mu_bwd=1) | grad=2.078 | tok/s=56,115 | tokens=0.59B
step= 17930 | loss=4.8448 | lr=3.00e-04 | wd=0.0530 | mom=0.9500 | T=1.0 k=1.0 (mu_rec=1 mu_bwd=1) | grad=2.359 | tok/s=54,275 | tokens=0.59B
step= 17940 | loss=4.8823 | lr=3.00e-04 | wd=0.0530 | mom=0.9500 | T=1.0 k=1.0 (mu_rec=1 mu_bwd=1) | grad=2.156 | tok/s=54,275 | tokens=0.59B
step= 17950 | loss=4.9411 | lr=3.00e-04 | wd=0.0529 | mom=0.9500 | T=1.8 k=1.0 (mu_rec=1 mu_bwd=1) | grad=6.406 | tok/s=55,596 | tokens=0.59B
step= 17960 | loss=4.9908 | lr=3.00e-04 | wd=0.0529 | mom=0.9500 | T=1.0 k=1.0 (mu_rec=1 mu_bwd=1) | grad=2.594 | tok/s=57,889 | tokens=0.59B
step= 17970 | loss=4.8924 | lr=3.00e-04 | wd=0.0529 | mom=0.9500 | T=1.2 k=1.0 (mu_rec=1 mu_bwd=1) | grad=2.016 | tok/s=8,801 | tokens=0.59B
step= 17980 | loss=5.1140 | lr=3.00e-04 | wd=0.0529 | mom=0.9500 | T=1.2 k=1.0 (mu_rec=1 mu_bwd=1) | grad=3.922 | tok/s=53,857 | tokens=0.59B
step= 17990 | loss=4.9272 | lr=3.00e-04 | wd=0.0528 | mom=0.9500 | T=1.8 k=1.0 (mu_rec=1 mu_bwd=1) | grad=1.969 | tok/s=57,602 | tokens=0.59B
step= 18000 | loss=4.9904 | lr=3.00e-04 | wd=0.0528 | mom=0.9500 | T=1.8 k=1.0 (mu_rec=1 mu_bwd=1) | grad=2.250 | tok/s=53,265 | tokens=0.59B
step= 18010 | loss=4.9957 | lr=3.00e-04 | wd=0.0528 | mom=0.9500 | T=2.2 k=1.0 (mu_rec=1 mu_bwd=1) | grad=2.766 | tok/s=54,968 | tokens=0.59B
step= 18020 | loss=4.9728 | lr=3.00e-04 | wd=0.0528 | mom=0.9500 | T=2.2 k=1.0 (mu_rec=1 mu_bwd=1) | grad=2.734 | tok/s=53,785 | tokens=0.59B
step= 18030 | loss=5.2464 | lr=3.00e-04 | wd=0.0527 | mom=0.9500 | T=2.5 k=1.0 (mu_rec=1 mu_bwd=1) | grad=3.234 | tok/s=54,425 | tokens=0.59B
step= 18040 | loss=4.9297 | lr=3.00e-04 | wd=0.0527 | mom=0.9500 | T=2.2 k=1.0 (mu_rec=1 mu_bwd=1) | grad=2.031 | tok/s=58,622 | tokens=0.59B
step= 18050 | loss=4.8416 | lr=3.00e-04 | wd=0.0527 | mom=0.9500 | T=1.8 k=1.0 (mu_rec=1 mu_bwd=1) | grad=2.016 | tok/s=60,319 | tokens=0.59B
step= 18060 | loss=5.0610 | lr=3.00e-04 | wd=0.0527 | mom=0.9500 | T=1.5 k=1.0 (mu_rec=1 mu_bwd=1) | grad=2.375 | tok/s=56,533 | tokens=0.59B
step= 18070 | loss=5.1034 | lr=3.00e-04 | wd=0.0526 | mom=0.9500 | T=1.2 k=1.0 (mu_rec=1 mu_bwd=1) | grad=3.484 | tok/s=56,336 | tokens=0.59B
step= 18080 | loss=5.1219 | lr=3.00e-04 | wd=0.0526 | mom=0.9500 | T=1.2 k=1.0 (mu_rec=1 mu_bwd=1) | grad=5.000 | tok/s=53,591 | tokens=0.59B
step= 18090 | loss=4.8338 | lr=3.00e-04 | wd=0.0526 | mom=0.9500 | T=1.2 k=1.0 (mu_rec=1 mu_bwd=1) | grad=3.047 | tok/s=57,325 | tokens=0.59B
step= 18100 | loss=4.9027 | lr=3.00e-04 | wd=0.0526 | mom=0.9500 | T=1.0 k=1.0 (mu_rec=1 mu_bwd=1) | grad=3.484 | tok/s=57,409 | tokens=0.59B
step= 18110 | loss=4.5807 | lr=3.00e-04 | wd=0.0525 | mom=0.9500 | T=1.0 k=1.0 (mu_rec=1 mu_bwd=1) | grad=3.047 | tok/s=56,026 | tokens=0.59B
step= 18120 | loss=5.0278 | lr=3.00e-04 | wd=0.0525 | mom=0.9500 | T=1.0 k=1.0 (mu_rec=1 mu_bwd=1) | grad=6.062 | tok/s=55,611 | tokens=0.59B
step= 18130 | loss=4.8615 | lr=3.00e-04 | wd=0.0525 | mom=0.9500 | T=2.2 k=1.0 (mu_rec=1 mu_bwd=1) | grad=3.141 | tok/s=55,190 | tokens=0.59B
step= 18140 | loss=4.9112 | lr=3.00e-04 | wd=0.0524 | mom=0.9500 | T=1.0 k=1.0 (mu_rec=1 mu_bwd=1) | grad=2.438 | tok/s=58,929 | tokens=0.59B
step= 18150 | loss=4.7329 | lr=3.00e-04 | wd=0.0524 | mom=0.9500 | T=1.2 k=1.0 (mu_rec=1 mu_bwd=1) | grad=1.797 | tok/s=54,634 | tokens=0.59B
step= 18160 | loss=4.9704 | lr=3.00e-04 | wd=0.0524 | mom=0.9500 | T=2.5 k=1.0 (mu_rec=1 mu_bwd=1) | grad=6.406 | tok/s=54,049 | tokens=0.60B
step= 18170 | loss=4.8826 | lr=3.00e-04 | wd=0.0524 | mom=0.9500 | T=1.2 k=1.0 (mu_rec=1 mu_bwd=1) | grad=2.203 | tok/s=55,429 | tokens=0.60B
step= 18180 | loss=4.9813 | lr=3.00e-04 | wd=0.0523 | mom=0.9500 | T=1.2 k=1.0 (mu_rec=1 mu_bwd=1) | grad=2.438 | tok/s=57,475 | tokens=0.60B
step= 18190 | loss=4.9720 | lr=3.00e-04 | wd=0.0523 | mom=0.9500 | T=1.2 k=1.0 (mu_rec=1 mu_bwd=1) | grad=3.203 | tok/s=58,590 | tokens=0.60B
step= 18200 | loss=5.0050 | lr=3.00e-04 | wd=0.0523 | mom=0.9500 | T=1.2 k=1.0 (mu_rec=1 mu_bwd=1) | grad=1.977 | tok/s=60,400 | tokens=0.60B
step= 18210 | loss=5.2447 | lr=3.00e-04 | wd=0.0523 | mom=0.9500 | T=1.0 k=1.0 (mu_rec=1 mu_bwd=1) | grad=2.719 | tok/s=57,464 | tokens=0.60B
step= 18220 | loss=4.8702 | lr=3.00e-04 | wd=0.0522 | mom=0.9500 | T=1.0 k=1.0 (mu_rec=1 mu_bwd=1) | grad=2.344 | tok/s=60,557 | tokens=0.60B
step= 18230 | loss=4.8106 | lr=3.00e-04 | wd=0.0522 | mom=0.9500 | T=1.0 k=1.0 (mu_rec=1 mu_bwd=1) | grad=7.812 | tok/s=55,175 | tokens=0.60B
step= 18240 | loss=4.9037 | lr=3.00e-04 | wd=0.0522 | mom=0.9500 | T=1.8 k=1.0 (mu_rec=1 mu_bwd=1) | grad=2.219 | tok/s=56,754 | tokens=0.60B
step= 18250 | loss=4.8958 | lr=3.00e-04 | wd=0.0522 | mom=0.9500 | T=1.2 k=1.0 (mu_rec=1 mu_bwd=1) | grad=2.125 | tok/s=57,125 | tokens=0.60B
step= 18260 | loss=5.0069 | lr=3.00e-04 | wd=0.0521 | mom=0.9500 | T=1.0 k=1.0 (mu_rec=1 mu_bwd=1) | grad=3.203 | tok/s=56,852 | tokens=0.60B
step= 18270 | loss=4.7460 | lr=3.00e-04 | wd=0.0521 | mom=0.9500 | T=1.0 k=1.0 (mu_rec=1 mu_bwd=1) | grad=4.125 | tok/s=55,487 | tokens=0.60B
step= 18280 | loss=4.9338 | lr=3.00e-04 | wd=0.0521 | mom=0.9500 | T=1.0 k=1.0 (mu_rec=1 mu_bwd=1) | grad=4.500 | tok/s=59,652 | tokens=0.60B
step= 18290 | loss=4.9325 | lr=3.00e-04 | wd=0.0521 | mom=0.9500 | T=1.8 k=1.0 (mu_rec=1 mu_bwd=1) | grad=2.797 | tok/s=56,960 | tokens=0.60B
step= 18300 | loss=4.9605 | lr=3.00e-04 | wd=0.0520 | mom=0.9500 | T=1.5 k=1.0 (mu_rec=1 mu_bwd=1) | grad=3.062 | tok/s=53,056 | tokens=0.60B
step= 18310 | loss=4.7986 | lr=3.00e-04 | wd=0.0520 | mom=0.9500 | T=1.2 k=1.0 (mu_rec=1 mu_bwd=1) | grad=2.797 | tok/s=54,136 | tokens=0.60B
step= 18320 | loss=5.0652 | lr=3.00e-04 | wd=0.0520 | mom=0.9500 | T=1.2 k=1.0 (mu_rec=1 mu_bwd=1) | grad=4.250 | tok/s=57,301 | tokens=0.60B
step= 18330 | loss=4.9980 | lr=3.00e-04 | wd=0.0520 | mom=0.9500 | T=1.0 k=1.0 (mu_rec=1 mu_bwd=1) | grad=5.000 | tok/s=54,585 | tokens=0.60B
step= 18340 | loss=4.8578 | lr=3.00e-04 | wd=0.0519 | mom=0.9500 | T=1.8 k=1.0 (mu_rec=1 mu_bwd=1) | grad=1.906 | tok/s=54,845 | tokens=0.60B
step= 18350 | loss=5.0619 | lr=3.00e-04 | wd=0.0519 | mom=0.9500 | T=1.0 k=1.0 (mu_rec=1 mu_bwd=1) | grad=2.297 | tok/s=57,560 | tokens=0.60B
step= 18360 | loss=4.9390 | lr=3.00e-04 | wd=0.0519 | mom=0.9500 | T=2.2 k=1.0 (mu_rec=1 mu_bwd=1) | grad=1.609 | tok/s=56,036 | tokens=0.60B
step= 18370 | loss=4.8888 | lr=3.00e-04 | wd=0.0518 | mom=0.9500 | T=1.0 k=1.0 (mu_rec=1 mu_bwd=1) | grad=2.578 | tok/s=54,685 | tokens=0.60B
step= 18380 | loss=4.7306 | lr=3.00e-04 | wd=0.0518 | mom=0.9500 | T=2.0 k=1.0 (mu_rec=1 mu_bwd=1) | grad=1.664 | tok/s=54,577 | tokens=0.60B
step= 18390 | loss=4.6728 | lr=3.00e-04 | wd=0.0518 | mom=0.9500 | T=1.5 k=1.0 (mu_rec=1 mu_bwd=1) | grad=2.359 | tok/s=53,931 | tokens=0.60B
step= 18400 | loss=4.8641 | lr=3.00e-04 | wd=0.0518 | mom=0.9500 | T=2.2 k=1.0 (mu_rec=1 mu_bwd=1) | grad=1.445 | tok/s=55,713 | tokens=0.60B
step= 18410 | loss=4.9438 | lr=3.00e-04 | wd=0.0517 | mom=0.9500 | T=1.2 k=1.0 (mu_rec=1 mu_bwd=1) | grad=2.219 | tok/s=55,366 | tokens=0.60B
step= 18420 | loss=5.0219 | lr=3.00e-04 | wd=0.0517 | mom=0.9500 | T=1.8 k=1.0 (mu_rec=1 mu_bwd=1) | grad=4.938 | tok/s=55,483 | tokens=0.60B
step= 18430 | loss=4.8635 | lr=3.00e-04 | wd=0.0517 | mom=0.9500 | T=1.8 k=1.0 (mu_rec=1 mu_bwd=1) | grad=3.562 | tok/s=54,609 | tokens=0.60B
step= 18440 | loss=4.8322 | lr=3.00e-04 | wd=0.0517 | mom=0.9500 | T=1.0 k=1.0 (mu_rec=1 mu_bwd=1) | grad=2.203 | tok/s=54,000 | tokens=0.60B
step= 18450 | loss=4.9266 | lr=3.00e-04 | wd=0.0516 | mom=0.9500 | T=1.5 k=1.0 (mu_rec=1 mu_bwd=1) | grad=1.953 | tok/s=54,786 | tokens=0.60B
step= 18460 | loss=4.6270 | lr=3.00e-04 | wd=0.0516 | mom=0.9500 | T=1.5 k=1.0 (mu_rec=1 mu_bwd=1) | grad=4.094 | tok/s=53,516 | tokens=0.60B
step= 18470 | loss=4.9422 | lr=3.00e-04 | wd=0.0516 | mom=0.9500 | T=1.5 k=1.0 (mu_rec=1 mu_bwd=1) | grad=2.016 | tok/s=54,267 | tokens=0.61B
step= 18480 | loss=5.1420 | lr=3.00e-04 | wd=0.0516 | mom=0.9500 | T=1.5 k=1.0 (mu_rec=1 mu_bwd=1) | grad=2.328 | tok/s=56,404 | tokens=0.61B
step= 18490 | loss=4.9462 | lr=3.00e-04 | wd=0.0515 | mom=0.9500 | T=1.8 k=1.0 (mu_rec=1 mu_bwd=1) | grad=11.688 | tok/s=56,310 | tokens=0.61B
step= 18500 | loss=4.9487 | lr=3.00e-04 | wd=0.0515 | mom=0.9500 | T=1.0 k=1.0 (mu_rec=1 mu_bwd=1) | grad=6.719 | tok/s=57,272 | tokens=0.61B
step= 18510 | loss=4.8943 | lr=3.00e-04 | wd=0.0515 | mom=0.9500 | T=1.0 k=1.0 (mu_rec=1 mu_bwd=1) | grad=2.750 | tok/s=55,829 | tokens=0.61B
step= 18520 | loss=4.9315 | lr=3.00e-04 | wd=0.0515 | mom=0.9500 | T=1.5 k=1.0 (mu_rec=1 mu_bwd=1) | grad=2.828 | tok/s=54,785 | tokens=0.61B
step= 18530 | loss=4.9246 | lr=3.00e-04 | wd=0.0514 | mom=0.9500 | T=1.2 k=1.0 (mu_rec=1 mu_bwd=1) | grad=2.312 | tok/s=9,189 | tokens=0.61B
step= 18540 | loss=5.0169 | lr=3.00e-04 | wd=0.0514 | mom=0.9500 | T=1.5 k=1.0 (mu_rec=1 mu_bwd=1) | grad=2.188 | tok/s=52,942 | tokens=0.61B
step= 18550 | loss=4.9342 | lr=3.00e-04 | wd=0.0514 | mom=0.9500 | T=1.8 k=1.0 (mu_rec=1 mu_bwd=1) | grad=2.188 | tok/s=56,395 | tokens=0.61B
step= 18560 | loss=4.9049 | lr=3.00e-04 | wd=0.0513 | mom=0.9500 | T=1.5 k=1.0 (mu_rec=1 mu_bwd=1) | grad=2.266 | tok/s=55,499 | tokens=0.61B
step= 18570 | loss=4.9589 | lr=3.00e-04 | wd=0.0513 | mom=0.9500 | T=1.5 k=1.0 (mu_rec=1 mu_bwd=1) | grad=2.078 | tok/s=53,639 | tokens=0.61B
step= 18580 | loss=4.8470 | lr=3.00e-04 | wd=0.0513 | mom=0.9500 | T=2.0 k=1.0 (mu_rec=1 mu_bwd=1) | grad=2.516 | tok/s=53,984 | tokens=0.61B
step= 18590 | loss=4.9789 | lr=3.00e-04 | wd=0.0513 | mom=0.9500 | T=2.8 k=1.0 (mu_rec=1 mu_bwd=1) | grad=1.688 | tok/s=54,945 | tokens=0.61B
step= 18600 | loss=4.8058 | lr=3.00e-04 | wd=0.0512 | mom=0.9500 | T=1.5 k=1.0 (mu_rec=1 mu_bwd=1) | grad=2.594 | tok/s=54,371 | tokens=0.61B
step= 18610 | loss=5.3846 | lr=3.00e-04 | wd=0.0512 | mom=0.9500 | T=1.2 k=1.0 (mu_rec=1 mu_bwd=1) | grad=2.391 | tok/s=54,459 | tokens=0.61B
step= 18620 | loss=4.9921 | lr=3.00e-04 | wd=0.0512 | mom=0.9500 | T=1.5 k=1.0 (mu_rec=1 mu_bwd=1) | grad=2.109 | tok/s=53,332 | tokens=0.61B
step= 18630 | loss=5.2457 | lr=3.00e-04 | wd=0.0512 | mom=0.9500 | T=1.2 k=1.0 (mu_rec=1 mu_bwd=1) | grad=9.438 | tok/s=52,355 | tokens=0.61B
step= 18640 | loss=5.0045 | lr=3.00e-04 | wd=0.0511 | mom=0.9500 | T=2.8 k=1.0 (mu_rec=1 mu_bwd=1) | grad=1.812 | tok/s=53,931 | tokens=0.61B
step= 18650 | loss=4.8075 | lr=3.00e-04 | wd=0.0511 | mom=0.9500 | T=1.5 k=1.0 (mu_rec=1 mu_bwd=1) | grad=2.578 | tok/s=52,171 | tokens=0.61B
step= 18660 | loss=5.0753 | lr=3.00e-04 | wd=0.0511 | mom=0.9500 | T=1.8 k=1.0 (mu_rec=1 mu_bwd=1) | grad=4.281 | tok/s=54,708 | tokens=0.61B
step= 18670 | loss=5.7681 | lr=3.00e-04 | wd=0.0511 | mom=0.9500 | T=1.0 k=1.0 (mu_rec=1 mu_bwd=1) | grad=4.375 | tok/s=54,248 | tokens=0.61B
step= 18680 | loss=5.3361 | lr=3.00e-04 | wd=0.0510 | mom=0.9500 | T=1.0 k=1.0 (mu_rec=1 mu_bwd=1) | grad=3.859 | tok/s=54,739 | tokens=0.61B
step= 18690 | loss=5.0646 | lr=3.00e-04 | wd=0.0510 | mom=0.9500 | T=1.2 k=1.0 (mu_rec=1 mu_bwd=1) | grad=2.359 | tok/s=55,171 | tokens=0.61B
step= 18700 | loss=5.0331 | lr=3.00e-04 | wd=0.0510 | mom=0.9500 | T=2.0 k=1.0 (mu_rec=1 mu_bwd=1) | grad=1.781 | tok/s=54,681 | tokens=0.61B
step= 18710 | loss=4.8817 | lr=3.00e-04 | wd=0.0510 | mom=0.9500 | T=1.5 k=1.0 (mu_rec=1 mu_bwd=1) | grad=2.906 | tok/s=53,520 | tokens=0.61B
step= 18720 | loss=4.7910 | lr=3.00e-04 | wd=0.0509 | mom=0.9500 | T=1.5 k=1.0 (mu_rec=1 mu_bwd=1) | grad=1.984 | tok/s=55,514 | tokens=0.61B
step= 18730 | loss=4.9309 | lr=3.00e-04 | wd=0.0509 | mom=0.9500 | T=1.0 k=1.0 (mu_rec=1 mu_bwd=1) | grad=4.219 | tok/s=57,247 | tokens=0.61B
step= 18740 | loss=4.9053 | lr=3.00e-04 | wd=0.0509 | mom=0.9500 | T=1.0 k=1.0 (mu_rec=1 mu_bwd=1) | grad=4.500 | tok/s=58,299 | tokens=0.61B
step= 18750 | loss=5.0188 | lr=3.00e-04 | wd=0.0508 | mom=0.9500 | T=1.0 k=1.0 (mu_rec=1 mu_bwd=1) | grad=3.953 | tok/s=59,936 | tokens=0.61B
step= 18760 | loss=4.9639 | lr=3.00e-04 | wd=0.0508 | mom=0.9500 | T=1.0 k=1.0 (mu_rec=1 mu_bwd=1) | grad=2.047 | tok/s=57,536 | tokens=0.61B
step= 18770 | loss=5.0665 | lr=3.00e-04 | wd=0.0508 | mom=0.9500 | T=1.5 k=1.0 (mu_rec=1 mu_bwd=1) | grad=2.094 | tok/s=55,828 | tokens=0.62B
step= 18780 | loss=4.8458 | lr=3.00e-04 | wd=0.0508 | mom=0.9500 | T=1.2 k=1.0 (mu_rec=1 mu_bwd=1) | grad=2.031 | tok/s=55,918 | tokens=0.62B
step= 18790 | loss=4.7780 | lr=3.00e-04 | wd=0.0507 | mom=0.9500 | T=2.0 k=1.0 (mu_rec=1 mu_bwd=1) | grad=2.047 | tok/s=56,527 | tokens=0.62B
step= 18800 | loss=4.8166 | lr=3.00e-04 | wd=0.0507 | mom=0.9500 | T=2.2 k=1.0 (mu_rec=1 mu_bwd=1) | grad=2.734 | tok/s=54,747 | tokens=0.62B
step= 18810 | loss=4.9821 | lr=3.00e-04 | wd=0.0507 | mom=0.9500 | T=1.5 k=1.0 (mu_rec=1 mu_bwd=1) | grad=2.609 | tok/s=8,846 | tokens=0.62B
step= 18820 | loss=4.9682 | lr=3.00e-04 | wd=0.0507 | mom=0.9500 | T=2.2 k=1.0 (mu_rec=1 mu_bwd=1) | grad=2.047 | tok/s=55,271 | tokens=0.62B
step= 18830 | loss=5.0268 | lr=3.00e-04 | wd=0.0506 | mom=0.9500 | T=1.5 k=1.0 (mu_rec=1 mu_bwd=1) | grad=2.297 | tok/s=58,393 | tokens=0.62B
step= 18840 | loss=4.9773 | lr=3.00e-04 | wd=0.0506 | mom=0.9500 | T=1.2 k=1.0 (mu_rec=1 mu_bwd=1) | grad=2.688 | tok/s=58,284 | tokens=0.62B
step= 18850 | loss=5.1286 | lr=3.00e-04 | wd=0.0506 | mom=0.9500 | T=1.0 k=1.0 (mu_rec=1 mu_bwd=1) | grad=2.562 | tok/s=56,486 | tokens=0.62B
step= 18860 | loss=4.8234 | lr=3.00e-04 | wd=0.0506 | mom=0.9500 | T=1.8 k=1.0 (mu_rec=1 mu_bwd=1) | grad=3.969 | tok/s=54,978 | tokens=0.62B
step= 18870 | loss=4.9917 | lr=3.00e-04 | wd=0.0505 | mom=0.9500 | T=1.0 k=1.0 (mu_rec=1 mu_bwd=1) | grad=2.562 | tok/s=55,285 | tokens=0.62B
step= 18880 | loss=5.0432 | lr=3.00e-04 | wd=0.0505 | mom=0.9500 | T=2.0 k=1.0 (mu_rec=1 mu_bwd=1) | grad=2.453 | tok/s=57,702 | tokens=0.62B
step= 18890 | loss=5.1688 | lr=3.00e-04 | wd=0.0505 | mom=0.9500 | T=1.2 k=1.0 (mu_rec=1 mu_bwd=1) | grad=2.422 | tok/s=56,637 | tokens=0.62B
step= 18900 | loss=5.1275 | lr=3.00e-04 | wd=0.0505 | mom=0.9500 | T=1.2 k=1.0 (mu_rec=1 mu_bwd=1) | grad=3.125 | tok/s=54,121 | tokens=0.62B
step= 18910 | loss=5.0148 | lr=3.00e-04 | wd=0.0504 | mom=0.9500 | T=1.2 k=1.0 (mu_rec=1 mu_bwd=1) | grad=3.516 | tok/s=55,052 | tokens=0.62B
step= 18920 | loss=4.6861 | lr=3.00e-04 | wd=0.0504 | mom=0.9500 | T=1.0 k=1.0 (mu_rec=1 mu_bwd=1) | grad=5.062 | tok/s=56,457 | tokens=0.62B
step= 18930 | loss=4.9838 | lr=3.00e-04 | wd=0.0504 | mom=0.9500 | T=1.0 k=1.0 (mu_rec=1 mu_bwd=1) | grad=2.953 | tok/s=56,871 | tokens=0.62B
step= 18940 | loss=4.9987 | lr=3.00e-04 | wd=0.0504 | mom=0.9500 | T=1.8 k=1.0 (mu_rec=1 mu_bwd=1) | grad=4.031 | tok/s=54,741 | tokens=0.62B
step= 18950 | loss=5.0524 | lr=3.00e-04 | wd=0.0503 | mom=0.9500 | T=1.8 k=1.0 (mu_rec=1 mu_bwd=1) | grad=1.984 | tok/s=59,533 | tokens=0.62B
step= 18960 | loss=5.0028 | lr=3.00e-04 | wd=0.0503 | mom=0.9500 | T=1.2 k=1.0 (mu_rec=1 mu_bwd=1) | grad=3.297 | tok/s=57,917 | tokens=0.62B
step= 18970 | loss=5.0333 | lr=3.00e-04 | wd=0.0503 | mom=0.9500 | T=1.0 k=1.0 (mu_rec=1 mu_bwd=1) | grad=5.031 | tok/s=55,782 | tokens=0.62B
step= 18980 | loss=4.9389 | lr=3.00e-04 | wd=0.0502 | mom=0.9500 | T=1.2 k=1.0 (mu_rec=1 mu_bwd=1) | grad=4.281 | tok/s=54,889 | tokens=0.62B
step= 18990 | loss=5.2426 | lr=3.00e-04 | wd=0.0502 | mom=0.9500 | T=1.2 k=1.0 (mu_rec=1 mu_bwd=1) | grad=1.984 | tok/s=54,818 | tokens=0.62B
step= 19000 | loss=4.9034 | lr=3.00e-04 | wd=0.0502 | mom=0.9500 | T=1.8 k=1.0 (mu_rec=1 mu_bwd=1) | grad=2.000 | tok/s=58,373 | tokens=0.62B
step= 19010 | loss=4.9567 | lr=3.00e-04 | wd=0.0502 | mom=0.9500 | T=1.0 k=1.0 (mu_rec=1 mu_bwd=1) | grad=2.938 | tok/s=52,911 | tokens=0.62B
step= 19020 | loss=4.8863 | lr=3.00e-04 | wd=0.0501 | mom=0.9500 | T=1.0 k=1.0 (mu_rec=1 mu_bwd=1) | grad=2.234 | tok/s=56,979 | tokens=0.62B
step= 19030 | loss=4.8586 | lr=3.00e-04 | wd=0.0501 | mom=0.9500 | T=1.0 k=1.0 (mu_rec=1 mu_bwd=1) | grad=6.250 | tok/s=55,861 | tokens=0.62B
step= 19040 | loss=5.0252 | lr=3.00e-04 | wd=0.0501 | mom=0.9500 | T=1.2 k=1.0 (mu_rec=1 mu_bwd=1) | grad=2.719 | tok/s=52,902 | tokens=0.62B
step= 19050 | loss=4.8227 | lr=3.00e-04 | wd=0.0501 | mom=0.9500 | T=1.0 k=1.0 (mu_rec=1 mu_bwd=1) | grad=2.656 | tok/s=54,147 | tokens=0.62B
step= 19060 | loss=4.8587 | lr=3.00e-04 | wd=0.0500 | mom=0.9500 | T=1.2 k=1.0 (mu_rec=1 mu_bwd=1) | grad=3.391 | tok/s=57,717 | tokens=0.62B
step= 19070 | loss=5.0457 | lr=3.00e-04 | wd=0.0500 | mom=0.9500 | T=2.0 k=1.0 (mu_rec=1 mu_bwd=1) | grad=1.844 | tok/s=53,109 | tokens=0.62B
step= 19080 | loss=5.1037 | lr=3.00e-04 | wd=0.0500 | mom=0.9500 | T=1.0 k=1.0 (mu_rec=1 mu_bwd=1) | grad=2.562 | tok/s=58,725 | tokens=0.63B
step= 19090 | loss=5.0788 | lr=3.00e-04 | wd=0.0500 | mom=0.9500 | T=1.2 k=1.0 (mu_rec=1 mu_bwd=1) | grad=2.672 | tok/s=54,283 | tokens=0.63B
step= 19100 | loss=4.8650 | lr=3.00e-04 | wd=0.0499 | mom=0.9500 | T=1.0 k=1.0 (mu_rec=1 mu_bwd=1) | grad=2.266 | tok/s=57,602 | tokens=0.63B
step= 19110 | loss=4.8727 | lr=3.00e-04 | wd=0.0499 | mom=0.9500 | T=1.0 k=1.0 (mu_rec=1 mu_bwd=1) | grad=2.328 | tok/s=57,142 | tokens=0.63B
step= 19120 | loss=4.8372 | lr=3.00e-04 | wd=0.0499 | mom=0.9500 | T=1.0 k=1.0 (mu_rec=1 mu_bwd=1) | grad=2.031 | tok/s=55,400 | tokens=0.63B
step= 19130 | loss=5.0053 | lr=3.00e-04 | wd=0.0499 | mom=0.9500 | T=1.2 k=1.0 (mu_rec=1 mu_bwd=1) | grad=6.344 | tok/s=54,496 | tokens=0.63B
step= 19140 | loss=4.9472 | lr=3.00e-04 | wd=0.0498 | mom=0.9500 | T=1.5 k=1.0 (mu_rec=1 mu_bwd=1) | grad=4.781 | tok/s=54,094 | tokens=0.63B
step= 19150 | loss=4.8888 | lr=3.00e-04 | wd=0.0498 | mom=0.9500 | T=1.0 k=1.0 (mu_rec=1 mu_bwd=1) | grad=4.625 | tok/s=57,084 | tokens=0.63B
step= 19160 | loss=5.2137 | lr=3.00e-04 | wd=0.0498 | mom=0.9500 | T=2.2 k=1.0 (mu_rec=1 mu_bwd=1) | grad=2.141 | tok/s=50,481 | tokens=0.63B
step= 19170 | loss=4.8943 | lr=3.00e-04 | wd=0.0497 | mom=0.9500 | T=1.2 k=1.0 (mu_rec=1 mu_bwd=1) | grad=5.594 | tok/s=56,825 | tokens=0.63B
step= 19180 | loss=4.9174 | lr=3.00e-04 | wd=0.0497 | mom=0.9500 | T=1.2 k=1.0 (mu_rec=1 mu_bwd=1) | grad=1.992 | tok/s=54,116 | tokens=0.63B
step= 19190 | loss=5.0374 | lr=3.00e-04 | wd=0.0497 | mom=0.9500 | T=1.0 k=1.0 (mu_rec=1 mu_bwd=1) | grad=2.859 | tok/s=55,910 | tokens=0.63B
step= 19200 | loss=5.2070 | lr=3.00e-04 | wd=0.0497 | mom=0.9500 | T=2.2 k=1.0 (mu_rec=1 mu_bwd=1) | grad=2.453 | tok/s=52,193 | tokens=0.63B
step= 19210 | loss=4.9415 | lr=3.00e-04 | wd=0.0496 | mom=0.9500 | T=1.5 k=1.0 (mu_rec=1 mu_bwd=1) | grad=4.500 | tok/s=54,856 | tokens=0.63B
step= 19220 | loss=4.8253 | lr=3.00e-04 | wd=0.0496 | mom=0.9500 | T=1.0 k=1.0 (mu_rec=1 mu_bwd=1) | grad=2.547 | tok/s=55,591 | tokens=0.63B
step= 19230 | loss=4.8380 | lr=3.00e-04 | wd=0.0496 | mom=0.9500 | T=1.8 k=1.0 (mu_rec=1 mu_bwd=1) | grad=2.141 | tok/s=53,322 | tokens=0.63B
step= 19240 | loss=4.9393 | lr=3.00e-04 | wd=0.0496 | mom=0.9500 | T=1.8 k=1.0 (mu_rec=1 mu_bwd=1) | grad=1.961 | tok/s=56,457 | tokens=0.63B
step= 19250 | loss=4.8788 | lr=3.00e-04 | wd=0.0495 | mom=0.9500 | T=1.8 k=1.0 (mu_rec=1 mu_bwd=1) | grad=1.891 | tok/s=57,294 | tokens=0.63B
step= 19260 | loss=4.7983 | lr=3.00e-04 | wd=0.0495 | mom=0.9500 | T=1.2 k=1.0 (mu_rec=1 mu_bwd=1) | grad=2.188 | tok/s=55,577 | tokens=0.63B
step= 19270 | loss=4.9673 | lr=3.00e-04 | wd=0.0495 | mom=0.9500 | T=1.2 k=1.0 (mu_rec=1 mu_bwd=1) | grad=7.844 | tok/s=54,682 | tokens=0.63B
step= 19280 | loss=4.8216 | lr=3.00e-04 | wd=0.0495 | mom=0.9500 | T=2.8 k=1.0 (mu_rec=1 mu_bwd=1) | grad=1.195 | tok/s=50,235 | tokens=0.63B
step= 19290 | loss=5.2741 | lr=3.00e-04 | wd=0.0494 | mom=0.9500 | T=1.5 k=1.0 (mu_rec=1 mu_bwd=1) | grad=8.250 | tok/s=55,154 | tokens=0.63B
step= 19300 | loss=4.9555 | lr=3.00e-04 | wd=0.0494 | mom=0.9500 | T=1.5 k=1.0 (mu_rec=1 mu_bwd=1) | grad=2.281 | tok/s=56,125 | tokens=0.63B
step= 19310 | loss=4.9843 | lr=3.00e-04 | wd=0.0494 | mom=0.9500 | T=2.0 k=1.0 (mu_rec=1 mu_bwd=1) | grad=2.750 | tok/s=57,538 | tokens=0.63B
step= 19320 | loss=4.8222 | lr=3.00e-04 | wd=0.0494 | mom=0.9500 | T=1.5 k=1.0 (mu_rec=1 mu_bwd=1) | grad=2.047 | tok/s=55,150 | tokens=0.63B
step= 19330 | loss=4.9990 | lr=3.00e-04 | wd=0.0493 | mom=0.9500 | T=1.0 k=1.0 (mu_rec=1 mu_bwd=1) | grad=2.312 | tok/s=56,539 | tokens=0.63B
step= 19340 | loss=5.0190 | lr=3.00e-04 | wd=0.0493 | mom=0.9500 | T=1.8 k=1.0 (mu_rec=1 mu_bwd=1) | grad=2.031 | tok/s=8,432 | tokens=0.63B
step= 19350 | loss=5.1664 | lr=3.00e-04 | wd=0.0493 | mom=0.9500 | T=1.5 k=1.0 (mu_rec=1 mu_bwd=1) | grad=2.125 | tok/s=56,277 | tokens=0.63B
step= 19360 | loss=4.9651 | lr=3.00e-04 | wd=0.0493 | mom=0.9500 | T=1.5 k=1.0 (mu_rec=1 mu_bwd=1) | grad=2.250 | tok/s=58,355 | tokens=0.63B
step= 19370 | loss=4.8759 | lr=3.00e-04 | wd=0.0492 | mom=0.9500 | T=2.0 k=1.0 (mu_rec=1 mu_bwd=1) | grad=2.891 | tok/s=55,274 | tokens=0.63B
step= 19380 | loss=4.9317 | lr=3.00e-04 | wd=0.0492 | mom=0.9500 | T=1.2 k=1.0 (mu_rec=1 mu_bwd=1) | grad=4.906 | tok/s=57,152 | tokens=0.64B
step= 19390 | loss=4.9960 | lr=3.00e-04 | wd=0.0492 | mom=0.9500 | T=2.8 k=1.0 (mu_rec=1 mu_bwd=1) | grad=3.156 | tok/s=56,737 | tokens=0.64B
step= 19400 | loss=4.6843 | lr=3.00e-04 | wd=0.0491 | mom=0.9500 | T=1.5 k=1.0 (mu_rec=1 mu_bwd=1) | grad=2.922 | tok/s=54,488 | tokens=0.64B
step= 19410 | loss=4.9055 | lr=3.00e-04 | wd=0.0491 | mom=0.9500 | T=1.2 k=1.0 (mu_rec=1 mu_bwd=1) | grad=3.766 | tok/s=55,047 | tokens=0.64B
step= 19420 | loss=4.6993 | lr=3.00e-04 | wd=0.0491 | mom=0.9500 | T=1.0 k=1.0 (mu_rec=1 mu_bwd=1) | grad=2.281 | tok/s=59,083 | tokens=0.64B
step= 19430 | loss=4.9815 | lr=3.00e-04 | wd=0.0491 | mom=0.9500 | T=1.2 k=1.0 (mu_rec=1 mu_bwd=1) | grad=3.172 | tok/s=55,698 | tokens=0.64B
step= 19440 | loss=4.9123 | lr=3.00e-04 | wd=0.0490 | mom=0.9500 | T=1.0 k=1.0 (mu_rec=1 mu_bwd=1) | grad=3.234 | tok/s=58,554 | tokens=0.64B
step= 19450 | loss=4.9668 | lr=3.00e-04 | wd=0.0490 | mom=0.9500 | T=1.2 k=1.0 (mu_rec=1 mu_bwd=1) | grad=2.656 | tok/s=56,764 | tokens=0.64B
step= 19460 | loss=4.8599 | lr=3.00e-04 | wd=0.0490 | mom=0.9500 | T=1.5 k=1.0 (mu_rec=1 mu_bwd=1) | grad=4.781 | tok/s=52,691 | tokens=0.64B
step= 19470 | loss=4.8224 | lr=3.00e-04 | wd=0.0490 | mom=0.9500 | T=1.5 k=1.0 (mu_rec=1 mu_bwd=1) | grad=2.078 | tok/s=56,761 | tokens=0.64B
step= 19480 | loss=4.9630 | lr=3.00e-04 | wd=0.0489 | mom=0.9500 | T=1.2 k=1.0 (mu_rec=1 mu_bwd=1) | grad=3.500 | tok/s=54,821 | tokens=0.64B
step= 19490 | loss=4.9553 | lr=3.00e-04 | wd=0.0489 | mom=0.9500 | T=1.5 k=1.0 (mu_rec=1 mu_bwd=1) | grad=2.188 | tok/s=55,532 | tokens=0.64B
step= 19500 | loss=4.8391 | lr=3.00e-04 | wd=0.0489 | mom=0.9500 | T=1.0 k=1.0 (mu_rec=1 mu_bwd=1) | grad=2.141 | tok/s=57,397 | tokens=0.64B
step= 19510 | loss=5.2689 | lr=3.00e-04 | wd=0.0489 | mom=0.9500 | T=1.5 k=1.0 (mu_rec=1 mu_bwd=1) | grad=4.719 | tok/s=53,632 | tokens=0.64B
step= 19520 | loss=5.2864 | lr=3.00e-04 | wd=0.0488 | mom=0.9500 | T=1.5 k=1.0 (mu_rec=1 mu_bwd=1) | grad=2.469 | tok/s=56,405 | tokens=0.64B
step= 19530 | loss=5.0345 | lr=3.00e-04 | wd=0.0488 | mom=0.9500 | T=1.8 k=1.0 (mu_rec=1 mu_bwd=1) | grad=2.844 | tok/s=55,017 | tokens=0.64B
step= 19540 | loss=4.9837 | lr=3.00e-04 | wd=0.0488 | mom=0.9500 | T=1.2 k=1.0 (mu_rec=1 mu_bwd=1) | grad=3.109 | tok/s=51,602 | tokens=0.64B
step= 19550 | loss=5.1648 | lr=3.00e-04 | wd=0.0488 | mom=0.9500 | T=1.0 k=1.0 (mu_rec=1 mu_bwd=1) | grad=2.453 | tok/s=55,769 | tokens=0.64B
step= 19560 | loss=4.9416 | lr=3.00e-04 | wd=0.0487 | mom=0.9500 | T=1.0 k=1.0 (mu_rec=1 mu_bwd=1) | grad=2.203 | tok/s=58,793 | tokens=0.64B
step= 19570 | loss=4.9473 | lr=3.00e-04 | wd=0.0487 | mom=0.9500 | T=1.2 k=1.0 (mu_rec=1 mu_bwd=1) | grad=4.312 | tok/s=53,538 | tokens=0.64B
step= 19580 | loss=5.1701 | lr=3.00e-04 | wd=0.0487 | mom=0.9500 | T=1.2 k=1.0 (mu_rec=1 mu_bwd=1) | grad=3.516 | tok/s=57,429 | tokens=0.64B
step= 19590 | loss=4.7060 | lr=3.00e-04 | wd=0.0486 | mom=0.9500 | T=1.0 k=1.0 (mu_rec=1 mu_bwd=1) | grad=2.328 | tok/s=57,420 | tokens=0.64B
step= 19600 | loss=4.9027 | lr=3.00e-04 | wd=0.0486 | mom=0.9500 | T=1.0 k=1.0 (mu_rec=1 mu_bwd=1) | grad=1.797 | tok/s=56,928 | tokens=0.64B
step= 19610 | loss=5.0076 | lr=3.00e-04 | wd=0.0486 | mom=0.9500 | T=1.5 k=1.0 (mu_rec=1 mu_bwd=1) | grad=2.438 | tok/s=55,218 | tokens=0.64B
step= 19620 | loss=5.0736 | lr=3.00e-04 | wd=0.0486 | mom=0.9500 | T=1.5 k=1.0 (mu_rec=1 mu_bwd=1) | grad=2.703 | tok/s=54,861 | tokens=0.64B
step= 19630 | loss=4.8922 | lr=3.00e-04 | wd=0.0485 | mom=0.9500 | T=1.0 k=1.0 (mu_rec=1 mu_bwd=1) | grad=1.945 | tok/s=54,972 | tokens=0.64B
step= 19640 | loss=4.9581 | lr=3.00e-04 | wd=0.0485 | mom=0.9500 | T=1.8 k=1.0 (mu_rec=1 mu_bwd=1) | grad=1.805 | tok/s=56,393 | tokens=0.64B
step= 19650 | loss=5.0309 | lr=3.00e-04 | wd=0.0485 | mom=0.9500 | T=1.8 k=1.0 (mu_rec=1 mu_bwd=1) | grad=2.734 | tok/s=8,288 | tokens=0.64B
step= 19660 | loss=4.9403 | lr=3.00e-04 | wd=0.0485 | mom=0.9500 | T=1.0 k=1.0 (mu_rec=1 mu_bwd=1) | grad=2.875 | tok/s=56,122 | tokens=0.64B
step= 19670 | loss=4.8279 | lr=3.00e-04 | wd=0.0484 | mom=0.9500 | T=1.0 k=1.0 (mu_rec=1 mu_bwd=1) | grad=2.156 | tok/s=61,061 | tokens=0.64B
step= 19680 | loss=4.9349 | lr=3.00e-04 | wd=0.0484 | mom=0.9500 | T=1.0 k=1.0 (mu_rec=1 mu_bwd=1) | grad=2.938 | tok/s=57,618 | tokens=0.64B
step= 19690 | loss=4.8202 | lr=3.00e-04 | wd=0.0484 | mom=0.9500 | T=1.0 k=1.0 (mu_rec=1 mu_bwd=1) | grad=2.750 | tok/s=59,243 | tokens=0.65B
step= 19700 | loss=4.8658 | lr=3.00e-04 | wd=0.0484 | mom=0.9500 | T=1.0 k=1.0 (mu_rec=1 mu_bwd=1) | grad=3.781 | tok/s=58,315 | tokens=0.65B
step= 19710 | loss=4.8641 | lr=3.00e-04 | wd=0.0483 | mom=0.9500 | T=1.0 k=1.0 (mu_rec=1 mu_bwd=1) | grad=4.469 | tok/s=54,783 | tokens=0.65B
step= 19720 | loss=4.8083 | lr=3.00e-04 | wd=0.0483 | mom=0.9500 | T=1.0 k=1.0 (mu_rec=1 mu_bwd=1) | grad=3.031 | tok/s=54,641 | tokens=0.65B
step= 19730 | loss=4.8332 | lr=3.00e-04 | wd=0.0483 | mom=0.9500 | T=1.5 k=1.0 (mu_rec=1 mu_bwd=1) | grad=1.852 | tok/s=59,958 | tokens=0.65B
step= 19740 | loss=4.8292 | lr=3.00e-04 | wd=0.0483 | mom=0.9500 | T=1.0 k=1.0 (mu_rec=1 mu_bwd=1) | grad=2.734 | tok/s=59,350 | tokens=0.65B
step= 19750 | loss=4.7369 | lr=3.00e-04 | wd=0.0482 | mom=0.9500 | T=1.8 k=1.0 (mu_rec=1 mu_bwd=1) | grad=2.516 | tok/s=54,057 | tokens=0.65B
step= 19760 | loss=4.8389 | lr=3.00e-04 | wd=0.0482 | mom=0.9500 | T=1.8 k=1.0 (mu_rec=1 mu_bwd=1) | grad=2.094 | tok/s=52,836 | tokens=0.65B
step= 19770 | loss=4.9636 | lr=3.00e-04 | wd=0.0482 | mom=0.9500 | T=1.2 k=1.0 (mu_rec=1 mu_bwd=1) | grad=2.203 | tok/s=57,418 | tokens=0.65B
step= 19780 | loss=4.8139 | lr=3.00e-04 | wd=0.0481 | mom=0.9500 | T=1.8 k=1.0 (mu_rec=1 mu_bwd=1) | grad=3.250 | tok/s=53,845 | tokens=0.65B
step= 19790 | loss=4.8922 | lr=3.00e-04 | wd=0.0481 | mom=0.9500 | T=1.2 k=1.0 (mu_rec=1 mu_bwd=1) | grad=3.516 | tok/s=55,851 | tokens=0.65B
step= 19800 | loss=5.1332 | lr=3.00e-04 | wd=0.0481 | mom=0.9500 | T=1.2 k=1.0 (mu_rec=1 mu_bwd=1) | grad=4.875 | tok/s=57,251 | tokens=0.65B
step= 19810 | loss=5.1432 | lr=3.00e-04 | wd=0.0481 | mom=0.9500 | T=1.0 k=1.0 (mu_rec=1 mu_bwd=1) | grad=5.969 | tok/s=56,217 | tokens=0.65B
step= 19820 | loss=4.9607 | lr=3.00e-04 | wd=0.0480 | mom=0.9500 | T=1.0 k=1.0 (mu_rec=1 mu_bwd=1) | grad=2.891 | tok/s=54,509 | tokens=0.65B
step= 19830 | loss=5.0506 | lr=3.00e-04 | wd=0.0480 | mom=0.9500 | T=1.2 k=1.0 (mu_rec=1 mu_bwd=1) | grad=3.938 | tok/s=56,350 | tokens=0.65B
step= 19840 | loss=4.9260 | lr=3.00e-04 | wd=0.0480 | mom=0.9500 | T=2.0 k=1.0 (mu_rec=1 mu_bwd=1) | grad=2.000 | tok/s=54,108 | tokens=0.65B
step= 19850 | loss=4.6620 | lr=3.00e-04 | wd=0.0480 | mom=0.9500 | T=1.8 k=1.0 (mu_rec=1 mu_bwd=1) | grad=1.945 | tok/s=55,454 | tokens=0.65B
step= 19860 | loss=4.9540 | lr=3.00e-04 | wd=0.0479 | mom=0.9500 | T=1.0 k=1.0 (mu_rec=1 mu_bwd=1) | grad=2.312 | tok/s=53,495 | tokens=0.65B
step= 19870 | loss=5.0218 | lr=3.00e-04 | wd=0.0479 | mom=0.9500 | T=1.2 k=1.0 (mu_rec=1 mu_bwd=1) | grad=2.578 | tok/s=55,896 | tokens=0.65B
step= 19880 | loss=5.0154 | lr=3.00e-04 | wd=0.0479 | mom=0.9500 | T=1.0 k=1.0 (mu_rec=1 mu_bwd=1) | grad=2.750 | tok/s=56,256 | tokens=0.65B
step= 19890 | loss=5.0398 | lr=3.00e-04 | wd=0.0479 | mom=0.9500 | T=1.2 k=1.0 (mu_rec=1 mu_bwd=1) | grad=3.219 | tok/s=55,668 | tokens=0.65B
step= 19900 | loss=5.1207 | lr=3.00e-04 | wd=0.0478 | mom=0.9500 | T=1.2 k=1.0 (mu_rec=1 mu_bwd=1) | grad=1.852 | tok/s=55,825 | tokens=0.65B
step= 19910 | loss=5.0934 | lr=3.00e-04 | wd=0.0478 | mom=0.9500 | T=2.5 k=1.0 (mu_rec=1 mu_bwd=1) | grad=7.562 | tok/s=59,094 | tokens=0.65B
step= 19920 | loss=5.0151 | lr=3.00e-04 | wd=0.0478 | mom=0.9500 | T=1.2 k=1.0 (mu_rec=1 mu_bwd=1) | grad=2.812 | tok/s=59,192 | tokens=0.65B
step= 19930 | loss=4.8021 | lr=3.00e-04 | wd=0.0478 | mom=0.9500 | T=1.0 k=1.0 (mu_rec=1 mu_bwd=1) | grad=2.781 | tok/s=54,959 | tokens=0.65B
step= 19940 | loss=4.8266 | lr=3.00e-04 | wd=0.0477 | mom=0.9500 | T=1.2 k=1.0 (mu_rec=1 mu_bwd=1) | grad=11.750 | tok/s=56,857 | tokens=0.65B
step= 19950 | loss=4.9792 | lr=3.00e-04 | wd=0.0477 | mom=0.9500 | T=1.0 k=1.0 (mu_rec=1 mu_bwd=1) | grad=2.797 | tok/s=56,873 | tokens=0.65B
step= 19960 | loss=4.8329 | lr=3.00e-04 | wd=0.0477 | mom=0.9500 | T=1.2 k=1.0 (mu_rec=1 mu_bwd=1) | grad=4.031 | tok/s=54,401 | tokens=0.65B
step= 19970 | loss=4.8070 | lr=3.00e-04 | wd=0.0477 | mom=0.9500 | T=1.0 k=1.0 (mu_rec=1 mu_bwd=1) | grad=2.250 | tok/s=56,846 | tokens=0.65B
step= 19980 | loss=4.8039 | lr=3.00e-04 | wd=0.0476 | mom=0.9500 | T=1.2 k=1.0 (mu_rec=1 mu_bwd=1) | grad=2.422 | tok/s=55,459 | tokens=0.65B
step= 19990 | loss=4.8201 | lr=3.00e-04 | wd=0.0476 | mom=0.9500 | T=1.2 k=1.0 (mu_rec=1 mu_bwd=1) | grad=2.812 | tok/s=59,389 | tokens=0.66B
step= 20000 | loss=4.4923 | lr=3.00e-04 | wd=0.0476 | mom=0.9500 | T=1.0 k=1.0 (mu_rec=1 mu_bwd=1) | grad=2.953 | tok/s=55,905 | tokens=0.66B
[step 20000] Saved -> runs/pythia-5b/checkpoint_0020000
step= 20010 | loss=4.3021 | lr=3.00e-04 | wd=0.0475 | mom=0.9500 | T=1.0 k=1.0 (mu_rec=1 mu_bwd=1) | grad=2.203 | tok/s=46,211 | tokens=0.66B
step= 20020 | loss=4.6384 | lr=3.00e-04 | wd=0.0475 | mom=0.9500 | T=1.5 k=1.0 (mu_rec=1 mu_bwd=1) | grad=3.797 | tok/s=57,193 | tokens=0.66B
step= 20030 | loss=4.9171 | lr=3.00e-04 | wd=0.0475 | mom=0.9500 | T=1.2 k=1.0 (mu_rec=1 mu_bwd=1) | grad=2.406 | tok/s=58,047 | tokens=0.66B
step= 20040 | loss=4.9424 | lr=3.00e-04 | wd=0.0475 | mom=0.9500 | T=1.2 k=1.0 (mu_rec=1 mu_bwd=1) | grad=2.312 | tok/s=57,733 | tokens=0.66B
step= 20050 | loss=4.8986 | lr=3.00e-04 | wd=0.0474 | mom=0.9500 | T=1.8 k=1.0 (mu_rec=1 mu_bwd=1) | grad=3.984 | tok/s=56,669 | tokens=0.66B
step= 20060 | loss=4.9276 | lr=3.00e-04 | wd=0.0474 | mom=0.9500 | T=1.0 k=1.0 (mu_rec=1 mu_bwd=1) | grad=3.094 | tok/s=59,589 | tokens=0.66B
step= 20070 | loss=4.8701 | lr=3.00e-04 | wd=0.0474 | mom=0.9500 | T=1.0 k=1.0 (mu_rec=1 mu_bwd=1) | grad=4.344 | tok/s=59,204 | tokens=0.66B
step= 20080 | loss=4.8423 | lr=3.00e-04 | wd=0.0474 | mom=0.9500 | T=1.8 k=1.0 (mu_rec=1 mu_bwd=1) | grad=1.875 | tok/s=54,950 | tokens=0.66B
step= 20090 | loss=4.8317 | lr=3.00e-04 | wd=0.0473 | mom=0.9500 | T=2.0 k=1.0 (mu_rec=1 mu_bwd=1) | grad=2.094 | tok/s=56,541 | tokens=0.66B
step= 20100 | loss=4.8201 | lr=3.00e-04 | wd=0.0473 | mom=0.9500 | T=1.2 k=1.0 (mu_rec=1 mu_bwd=1) | grad=2.453 | tok/s=56,243 | tokens=0.66B
step= 20110 | loss=4.9161 | lr=3.00e-04 | wd=0.0473 | mom=0.9500 | T=1.0 k=1.0 (mu_rec=1 mu_bwd=1) | grad=2.422 | tok/s=54,796 | tokens=0.66B
step= 20120 | loss=4.9710 | lr=3.00e-04 | wd=0.0473 | mom=0.9500 | T=1.2 k=1.0 (mu_rec=1 mu_bwd=1) | grad=2.453 | tok/s=55,770 | tokens=0.66B
step= 20130 | loss=4.7863 | lr=3.00e-04 | wd=0.0472 | mom=0.9500 | T=2.0 k=1.0 (mu_rec=1 mu_bwd=1) | grad=2.031 | tok/s=55,655 | tokens=0.66B
step= 20140 | loss=4.9075 | lr=3.00e-04 | wd=0.0472 | mom=0.9500 | T=1.0 k=1.0 (mu_rec=1 mu_bwd=1) | grad=2.406 | tok/s=56,378 | tokens=0.66B
step= 20150 | loss=4.7374 | lr=3.00e-04 | wd=0.0472 | mom=0.9500 | T=1.2 k=1.0 (mu_rec=1 mu_bwd=1) | grad=1.734 | tok/s=53,802 | tokens=0.66B
step= 20160 | loss=4.8896 | lr=3.00e-04 | wd=0.0472 | mom=0.9500 | T=1.0 k=1.0 (mu_rec=1 mu_bwd=1) | grad=2.344 | tok/s=56,133 | tokens=0.66B
step= 20170 | loss=4.7601 | lr=3.00e-04 | wd=0.0471 | mom=0.9500 | T=1.5 k=1.0 (mu_rec=1 mu_bwd=1) | grad=1.828 | tok/s=53,558 | tokens=0.66B
step= 20180 | loss=4.8483 | lr=3.00e-04 | wd=0.0471 | mom=0.9500 | T=1.2 k=1.0 (mu_rec=1 mu_bwd=1) | grad=2.453 | tok/s=54,134 | tokens=0.66B
step= 20190 | loss=4.7111 | lr=3.00e-04 | wd=0.0471 | mom=0.9500 | T=1.5 k=1.0 (mu_rec=1 mu_bwd=1) | grad=3.312 | tok/s=58,435 | tokens=0.66B
step= 20200 | loss=4.9679 | lr=3.00e-04 | wd=0.0470 | mom=0.9500 | T=1.5 k=1.0 (mu_rec=1 mu_bwd=1) | grad=2.344 | tok/s=57,103 | tokens=0.66B
step= 20210 | loss=4.8414 | lr=3.00e-04 | wd=0.0470 | mom=0.9500 | T=1.5 k=1.0 (mu_rec=1 mu_bwd=1) | grad=1.797 | tok/s=56,800 | tokens=0.66B
step= 20220 | loss=4.9328 | lr=3.00e-04 | wd=0.0470 | mom=0.9500 | T=1.8 k=1.0 (mu_rec=1 mu_bwd=1) | grad=2.062 | tok/s=53,883 | tokens=0.66B
step= 20230 | loss=4.9627 | lr=3.00e-04 | wd=0.0470 | mom=0.9500 | T=2.8 k=1.0 (mu_rec=1 mu_bwd=1) | grad=1.930 | tok/s=8,977 | tokens=0.66B
step= 20240 | loss=4.8487 | lr=3.00e-04 | wd=0.0469 | mom=0.9500 | T=1.8 k=1.0 (mu_rec=1 mu_bwd=1) | grad=2.219 | tok/s=55,362 | tokens=0.66B
step= 20250 | loss=4.9096 | lr=3.00e-04 | wd=0.0469 | mom=0.9500 | T=1.8 k=1.0 (mu_rec=1 mu_bwd=1) | grad=1.984 | tok/s=55,205 | tokens=0.66B
step= 20260 | loss=4.9685 | lr=3.00e-04 | wd=0.0469 | mom=0.9500 | T=1.2 k=1.0 (mu_rec=1 mu_bwd=1) | grad=2.312 | tok/s=56,919 | tokens=0.66B
step= 20270 | loss=4.7114 | lr=3.00e-04 | wd=0.0469 | mom=0.9500 | T=2.5 k=1.0 (mu_rec=1 mu_bwd=1) | grad=2.016 | tok/s=52,396 | tokens=0.66B
step= 20280 | loss=5.5016 | lr=3.00e-04 | wd=0.0468 | mom=0.9500 | T=2.0 k=1.0 (mu_rec=1 mu_bwd=1) | grad=20.125 | tok/s=56,246 | tokens=0.66B
step= 20290 | loss=5.0310 | lr=3.00e-04 | wd=0.0468 | mom=0.9500 | T=1.8 k=1.0 (mu_rec=1 mu_bwd=1) | grad=1.891 | tok/s=55,455 | tokens=0.66B
step= 20300 | loss=4.8254 | lr=3.00e-04 | wd=0.0468 | mom=0.9500 | T=1.8 k=1.0 (mu_rec=1 mu_bwd=1) | grad=3.109 | tok/s=53,540 | tokens=0.67B
step= 20310 | loss=5.0642 | lr=3.00e-04 | wd=0.0468 | mom=0.9500 | T=1.0 k=1.0 (mu_rec=1 mu_bwd=1) | grad=3.062 | tok/s=55,220 | tokens=0.67B
step= 20320 | loss=4.9185 | lr=3.00e-04 | wd=0.0467 | mom=0.9500 | T=1.8 k=1.0 (mu_rec=1 mu_bwd=1) | grad=2.219 | tok/s=55,346 | tokens=0.67B
step= 20330 | loss=4.9050 | lr=3.00e-04 | wd=0.0467 | mom=0.9500 | T=1.0 k=1.0 (mu_rec=1 mu_bwd=1) | grad=2.562 | tok/s=58,998 | tokens=0.67B
step= 20340 | loss=5.0876 | lr=3.00e-04 | wd=0.0467 | mom=0.9500 | T=1.0 k=1.0 (mu_rec=1 mu_bwd=1) | grad=2.891 | tok/s=57,986 | tokens=0.67B
step= 20350 | loss=4.9423 | lr=3.00e-04 | wd=0.0467 | mom=0.9500 | T=1.2 k=1.0 (mu_rec=1 mu_bwd=1) | grad=2.047 | tok/s=54,807 | tokens=0.67B
step= 20360 | loss=4.8977 | lr=3.00e-04 | wd=0.0466 | mom=0.9500 | T=1.2 k=1.0 (mu_rec=1 mu_bwd=1) | grad=2.859 | tok/s=54,827 | tokens=0.67B
step= 20370 | loss=4.8972 | lr=3.00e-04 | wd=0.0466 | mom=0.9500 | T=1.2 k=1.0 (mu_rec=1 mu_bwd=1) | grad=2.750 | tok/s=54,234 | tokens=0.67B
step= 20380 | loss=4.8867 | lr=3.00e-04 | wd=0.0466 | mom=0.9500 | T=2.2 k=1.0 (mu_rec=1 mu_bwd=1) | grad=1.773 | tok/s=54,879 | tokens=0.67B
step= 20390 | loss=4.9519 | lr=3.00e-04 | wd=0.0466 | mom=0.9500 | T=1.0 k=1.0 (mu_rec=1 mu_bwd=1) | grad=2.234 | tok/s=54,574 | tokens=0.67B
step= 20400 | loss=4.8212 | lr=3.00e-04 | wd=0.0465 | mom=0.9500 | T=1.5 k=1.0 (mu_rec=1 mu_bwd=1) | grad=3.312 | tok/s=54,682 | tokens=0.67B
step= 20410 | loss=4.8170 | lr=3.00e-04 | wd=0.0465 | mom=0.9500 | T=1.0 k=1.0 (mu_rec=1 mu_bwd=1) | grad=2.703 | tok/s=57,147 | tokens=0.67B
step= 20420 | loss=5.0278 | lr=3.00e-04 | wd=0.0465 | mom=0.9500 | T=1.2 k=1.0 (mu_rec=1 mu_bwd=1) | grad=1.984 | tok/s=57,635 | tokens=0.67B
step= 20430 | loss=5.5288 | lr=3.00e-04 | wd=0.0464 | mom=0.9500 | T=1.0 k=1.0 (mu_rec=1 mu_bwd=1) | grad=3.422 | tok/s=57,208 | tokens=0.67B
step= 20440 | loss=4.8153 | lr=3.00e-04 | wd=0.0464 | mom=0.9500 | T=1.0 k=1.0 (mu_rec=1 mu_bwd=1) | grad=2.484 | tok/s=54,633 | tokens=0.67B
step= 20450 | loss=4.7198 | lr=3.00e-04 | wd=0.0464 | mom=0.9500 | T=1.2 k=1.0 (mu_rec=1 mu_bwd=1) | grad=2.859 | tok/s=54,068 | tokens=0.67B
step= 20460 | loss=4.9743 | lr=3.00e-04 | wd=0.0464 | mom=0.9500 | T=1.8 k=1.0 (mu_rec=1 mu_bwd=1) | grad=3.203 | tok/s=54,179 | tokens=0.67B
step= 20470 | loss=4.9490 | lr=3.00e-04 | wd=0.0463 | mom=0.9500 | T=1.2 k=1.0 (mu_rec=1 mu_bwd=1) | grad=2.406 | tok/s=52,619 | tokens=0.67B
step= 20480 | loss=4.9965 | lr=3.00e-04 | wd=0.0463 | mom=0.9500 | T=1.0 k=1.0 (mu_rec=1 mu_bwd=1) | grad=2.922 | tok/s=55,164 | tokens=0.67B
step= 20490 | loss=4.9286 | lr=3.00e-04 | wd=0.0463 | mom=0.9500 | T=1.0 k=1.0 (mu_rec=1 mu_bwd=1) | grad=2.547 | tok/s=59,124 | tokens=0.67B
step= 20500 | loss=4.7410 | lr=3.00e-04 | wd=0.0463 | mom=0.9500 | T=1.0 k=1.0 (mu_rec=1 mu_bwd=1) | grad=4.562 | tok/s=56,057 | tokens=0.67B
step= 20510 | loss=4.9194 | lr=3.00e-04 | wd=0.0462 | mom=0.9500 | T=1.0 k=1.0 (mu_rec=1 mu_bwd=1) | grad=2.469 | tok/s=60,644 | tokens=0.67B
step= 20520 | loss=4.9117 | lr=3.00e-04 | wd=0.0462 | mom=0.9500 | T=1.5 k=1.0 (mu_rec=1 mu_bwd=1) | grad=1.914 | tok/s=57,172 | tokens=0.67B
step= 20530 | loss=4.8987 | lr=3.00e-04 | wd=0.0462 | mom=0.9500 | T=1.8 k=1.0 (mu_rec=1 mu_bwd=1) | grad=2.938 | tok/s=52,780 | tokens=0.67B
step= 20540 | loss=4.9459 | lr=3.00e-04 | wd=0.0462 | mom=0.9500 | T=1.0 k=1.0 (mu_rec=1 mu_bwd=1) | grad=2.703 | tok/s=55,945 | tokens=0.67B
step= 20550 | loss=5.0305 | lr=3.00e-04 | wd=0.0461 | mom=0.9500 | T=1.5 k=1.0 (mu_rec=1 mu_bwd=1) | grad=1.938 | tok/s=8,810 | tokens=0.67B
step= 20560 | loss=5.0995 | lr=3.00e-04 | wd=0.0461 | mom=0.9500 | T=1.2 k=1.0 (mu_rec=1 mu_bwd=1) | grad=2.344 | tok/s=54,805 | tokens=0.67B
step= 20570 | loss=4.8162 | lr=3.00e-04 | wd=0.0461 | mom=0.9500 | T=1.0 k=1.0 (mu_rec=1 mu_bwd=1) | grad=4.500 | tok/s=58,356 | tokens=0.67B
step= 20580 | loss=4.9397 | lr=3.00e-04 | wd=0.0461 | mom=0.9500 | T=1.2 k=1.0 (mu_rec=1 mu_bwd=1) | grad=3.953 | tok/s=54,889 | tokens=0.67B
step= 20590 | loss=4.9458 | lr=3.00e-04 | wd=0.0460 | mom=0.9500 | T=1.0 k=1.0 (mu_rec=1 mu_bwd=1) | grad=2.344 | tok/s=54,013 | tokens=0.67B
step= 20600 | loss=5.0575 | lr=3.00e-04 | wd=0.0460 | mom=0.9500 | T=1.0 k=1.0 (mu_rec=1 mu_bwd=1) | grad=2.562 | tok/s=54,442 | tokens=0.68B
step= 20610 | loss=4.6863 | lr=3.00e-04 | wd=0.0460 | mom=0.9500 | T=1.2 k=1.0 (mu_rec=1 mu_bwd=1) | grad=6.562 | tok/s=53,891 | tokens=0.68B
step= 20620 | loss=4.7632 | lr=3.00e-04 | wd=0.0459 | mom=0.9500 | T=1.2 k=1.0 (mu_rec=1 mu_bwd=1) | grad=2.828 | tok/s=52,848 | tokens=0.68B
step= 20630 | loss=4.9199 | lr=3.00e-04 | wd=0.0459 | mom=0.9500 | T=1.0 k=1.0 (mu_rec=1 mu_bwd=1) | grad=2.531 | tok/s=57,447 | tokens=0.68B
step= 20640 | loss=4.9252 | lr=3.00e-04 | wd=0.0459 | mom=0.9500 | T=1.2 k=1.0 (mu_rec=1 mu_bwd=1) | grad=2.594 | tok/s=54,433 | tokens=0.68B
step= 20650 | loss=4.7246 | lr=3.00e-04 | wd=0.0459 | mom=0.9500 | T=1.0 k=1.0 (mu_rec=1 mu_bwd=1) | grad=3.125 | tok/s=54,322 | tokens=0.68B
step= 20660 | loss=4.8038 | lr=3.00e-04 | wd=0.0458 | mom=0.9500 | T=1.2 k=1.0 (mu_rec=1 mu_bwd=1) | grad=3.359 | tok/s=56,401 | tokens=0.68B
step= 20670 | loss=4.9429 | lr=3.00e-04 | wd=0.0458 | mom=0.9500 | T=1.5 k=1.0 (mu_rec=1 mu_bwd=1) | grad=2.469 | tok/s=52,772 | tokens=0.68B
step= 20680 | loss=5.0566 | lr=3.00e-04 | wd=0.0458 | mom=0.9500 | T=1.0 k=1.0 (mu_rec=1 mu_bwd=1) | grad=5.125 | tok/s=56,700 | tokens=0.68B
step= 20690 | loss=6.1001 | lr=3.00e-04 | wd=0.0458 | mom=0.9500 | T=1.5 k=1.0 (mu_rec=1 mu_bwd=1) | grad=2.719 | tok/s=54,932 | tokens=0.68B
step= 20700 | loss=4.7583 | lr=3.00e-04 | wd=0.0457 | mom=0.9500 | T=1.2 k=1.0 (mu_rec=1 mu_bwd=1) | grad=3.016 | tok/s=54,302 | tokens=0.68B
step= 20710 | loss=4.7994 | lr=3.00e-04 | wd=0.0457 | mom=0.9500 | T=1.2 k=1.0 (mu_rec=1 mu_bwd=1) | grad=2.219 | tok/s=56,181 | tokens=0.68B
step= 20720 | loss=5.1689 | lr=3.00e-04 | wd=0.0457 | mom=0.9500 | T=1.0 k=1.0 (mu_rec=1 mu_bwd=1) | grad=4.375 | tok/s=55,891 | tokens=0.68B
step= 20730 | loss=5.6155 | lr=3.00e-04 | wd=0.0457 | mom=0.9500 | T=1.8 k=1.0 (mu_rec=1 mu_bwd=1) | grad=2.703 | tok/s=57,033 | tokens=0.68B
step= 20740 | loss=5.0858 | lr=3.00e-04 | wd=0.0456 | mom=0.9500 | T=1.8 k=1.0 (mu_rec=1 mu_bwd=1) | grad=3.344 | tok/s=57,542 | tokens=0.68B
step= 20750 | loss=4.8967 | lr=3.00e-04 | wd=0.0456 | mom=0.9500 | T=1.2 k=1.0 (mu_rec=1 mu_bwd=1) | grad=5.688 | tok/s=52,820 | tokens=0.68B
step= 20760 | loss=4.9394 | lr=3.00e-04 | wd=0.0456 | mom=0.9500 | T=1.8 k=1.0 (mu_rec=1 mu_bwd=1) | grad=2.547 | tok/s=54,771 | tokens=0.68B
step= 20770 | loss=4.8838 | lr=3.00e-04 | wd=0.0456 | mom=0.9500 | T=1.0 k=1.0 (mu_rec=1 mu_bwd=1) | grad=2.219 | tok/s=54,842 | tokens=0.68B
step= 20780 | loss=4.9072 | lr=3.00e-04 | wd=0.0455 | mom=0.9500 | T=1.2 k=1.0 (mu_rec=1 mu_bwd=1) | grad=2.891 | tok/s=54,670 | tokens=0.68B
step= 20790 | loss=4.8973 | lr=3.00e-04 | wd=0.0455 | mom=0.9500 | T=1.5 k=1.0 (mu_rec=1 mu_bwd=1) | grad=7.906 | tok/s=56,073 | tokens=0.68B
step= 20800 | loss=5.0006 | lr=3.00e-04 | wd=0.0455 | mom=0.9500 | T=1.5 k=1.0 (mu_rec=1 mu_bwd=1) | grad=2.391 | tok/s=55,154 | tokens=0.68B
step= 20810 | loss=5.0054 | lr=3.00e-04 | wd=0.0454 | mom=0.9500 | T=1.2 k=1.0 (mu_rec=1 mu_bwd=1) | grad=1.859 | tok/s=54,534 | tokens=0.68B
step= 20820 | loss=5.0068 | lr=3.00e-04 | wd=0.0454 | mom=0.9500 | T=1.2 k=1.0 (mu_rec=1 mu_bwd=1) | grad=2.578 | tok/s=57,856 | tokens=0.68B
step= 20830 | loss=5.0582 | lr=3.00e-04 | wd=0.0454 | mom=0.9500 | T=1.0 k=1.0 (mu_rec=1 mu_bwd=1) | grad=2.438 | tok/s=56,270 | tokens=0.68B
step= 20840 | loss=5.0126 | lr=3.00e-04 | wd=0.0454 | mom=0.9500 | T=1.2 k=1.0 (mu_rec=1 mu_bwd=1) | grad=2.125 | tok/s=55,582 | tokens=0.68B
step= 20850 | loss=5.0563 | lr=3.00e-04 | wd=0.0453 | mom=0.9500 | T=1.0 k=1.0 (mu_rec=1 mu_bwd=1) | grad=2.688 | tok/s=56,873 | tokens=0.68B
step= 20860 | loss=4.9556 | lr=3.00e-04 | wd=0.0453 | mom=0.9500 | T=2.0 k=1.0 (mu_rec=1 mu_bwd=1) | grad=2.281 | tok/s=55,501 | tokens=0.68B
step= 20870 | loss=5.1257 | lr=3.00e-04 | wd=0.0453 | mom=0.9500 | T=1.0 k=1.0 (mu_rec=1 mu_bwd=1) | grad=2.453 | tok/s=57,151 | tokens=0.68B
step= 20880 | loss=4.9856 | lr=3.00e-04 | wd=0.0453 | mom=0.9500 | T=1.5 k=1.0 (mu_rec=1 mu_bwd=1) | grad=1.773 | tok/s=54,088 | tokens=0.68B
step= 20890 | loss=5.0083 | lr=3.00e-04 | wd=0.0452 | mom=0.9500 | T=1.2 k=1.0 (mu_rec=1 mu_bwd=1) | grad=2.109 | tok/s=53,973 | tokens=0.68B
step= 20900 | loss=4.8973 | lr=3.00e-04 | wd=0.0452 | mom=0.9500 | T=1.2 k=1.0 (mu_rec=1 mu_bwd=1) | grad=2.109 | tok/s=54,142 | tokens=0.68B
step= 20910 | loss=4.8200 | lr=3.00e-04 | wd=0.0452 | mom=0.9500 | T=2.8 k=1.0 (mu_rec=1 mu_bwd=1) | grad=2.203 | tok/s=53,740 | tokens=0.69B
step= 20920 | loss=5.0764 | lr=3.00e-04 | wd=0.0452 | mom=0.9500 | T=1.2 k=1.0 (mu_rec=1 mu_bwd=1) | grad=2.453 | tok/s=56,842 | tokens=0.69B
step= 20930 | loss=4.9615 | lr=3.00e-04 | wd=0.0451 | mom=0.9500 | T=1.5 k=1.0 (mu_rec=1 mu_bwd=1) | grad=2.547 | tok/s=58,638 | tokens=0.69B
step= 20940 | loss=4.9749 | lr=3.00e-04 | wd=0.0451 | mom=0.9500 | T=1.8 k=1.0 (mu_rec=1 mu_bwd=1) | grad=9.875 | tok/s=52,132 | tokens=0.69B
step= 20950 | loss=4.9643 | lr=3.00e-04 | wd=0.0451 | mom=0.9500 | T=1.8 k=1.0 (mu_rec=1 mu_bwd=1) | grad=1.867 | tok/s=55,820 | tokens=0.69B
step= 20960 | loss=4.8502 | lr=3.00e-04 | wd=0.0451 | mom=0.9500 | T=2.0 k=1.0 (mu_rec=1 mu_bwd=1) | grad=2.812 | tok/s=53,923 | tokens=0.69B
step= 20970 | loss=4.8500 | lr=3.00e-04 | wd=0.0450 | mom=0.9500 | T=1.8 k=1.0 (mu_rec=1 mu_bwd=1) | grad=2.109 | tok/s=55,461 | tokens=0.69B
step= 20980 | loss=4.8045 | lr=3.00e-04 | wd=0.0450 | mom=0.9500 | T=1.0 k=1.0 (mu_rec=1 mu_bwd=1) | grad=5.312 | tok/s=54,743 | tokens=0.69B
step= 20990 | loss=4.9186 | lr=3.00e-04 | wd=0.0450 | mom=0.9500 | T=2.0 k=1.0 (mu_rec=1 mu_bwd=1) | grad=1.750 | tok/s=53,114 | tokens=0.69B
step= 21000 | loss=4.8258 | lr=3.00e-04 | wd=0.0450 | mom=0.9500 | T=1.2 k=1.0 (mu_rec=1 mu_bwd=1) | grad=2.031 | tok/s=58,141 | tokens=0.69B
step= 21010 | loss=4.8002 | lr=3.00e-04 | wd=0.0449 | mom=0.9500 | T=1.2 k=1.0 (mu_rec=1 mu_bwd=1) | grad=2.266 | tok/s=55,699 | tokens=0.69B
step= 21020 | loss=4.7957 | lr=3.00e-04 | wd=0.0449 | mom=0.9500 | T=1.0 k=1.0 (mu_rec=1 mu_bwd=1) | grad=4.188 | tok/s=55,624 | tokens=0.69B
step= 21030 | loss=4.9056 | lr=3.00e-04 | wd=0.0449 | mom=0.9500 | T=1.2 k=1.0 (mu_rec=1 mu_bwd=1) | grad=1.844 | tok/s=55,470 | tokens=0.69B
step= 21040 | loss=4.8663 | lr=3.00e-04 | wd=0.0448 | mom=0.9500 | T=1.8 k=1.0 (mu_rec=1 mu_bwd=1) | grad=1.953 | tok/s=54,951 | tokens=0.69B
step= 21050 | loss=5.0346 | lr=3.00e-04 | wd=0.0448 | mom=0.9500 | T=1.8 k=1.0 (mu_rec=1 mu_bwd=1) | grad=1.930 | tok/s=59,097 | tokens=0.69B
step= 21060 | loss=4.9050 | lr=3.00e-04 | wd=0.0448 | mom=0.9500 | T=1.2 k=1.0 (mu_rec=1 mu_bwd=1) | grad=2.734 | tok/s=57,298 | tokens=0.69B
step= 21070 | loss=5.0657 | lr=3.00e-04 | wd=0.0448 | mom=0.9500 | T=1.8 k=1.0 (mu_rec=1 mu_bwd=1) | grad=2.500 | tok/s=54,041 | tokens=0.69B
step= 21080 | loss=4.8264 | lr=3.00e-04 | wd=0.0447 | mom=0.9500 | T=1.2 k=1.0 (mu_rec=1 mu_bwd=1) | grad=4.312 | tok/s=57,302 | tokens=0.69B
step= 21090 | loss=5.0571 | lr=3.00e-04 | wd=0.0447 | mom=0.9500 | T=1.0 k=1.0 (mu_rec=1 mu_bwd=1) | grad=4.656 | tok/s=56,615 | tokens=0.69B
step= 21100 | loss=4.8884 | lr=3.00e-04 | wd=0.0447 | mom=0.9500 | T=1.8 k=1.0 (mu_rec=1 mu_bwd=1) | grad=2.391 | tok/s=8,939 | tokens=0.69B
step= 21110 | loss=4.8998 | lr=3.00e-04 | wd=0.0447 | mom=0.9500 | T=1.2 k=1.0 (mu_rec=1 mu_bwd=1) | grad=2.219 | tok/s=55,683 | tokens=0.69B
step= 21120 | loss=4.9874 | lr=3.00e-04 | wd=0.0446 | mom=0.9500 | T=1.8 k=1.0 (mu_rec=1 mu_bwd=1) | grad=2.719 | tok/s=56,272 | tokens=0.69B
step= 21130 | loss=4.9452 | lr=3.00e-04 | wd=0.0446 | mom=0.9500 | T=1.2 k=1.0 (mu_rec=1 mu_bwd=1) | grad=1.984 | tok/s=58,360 | tokens=0.69B
step= 21140 | loss=4.9762 | lr=3.00e-04 | wd=0.0446 | mom=0.9500 | T=1.5 k=1.0 (mu_rec=1 mu_bwd=1) | grad=2.688 | tok/s=54,670 | tokens=0.69B
step= 21150 | loss=4.8855 | lr=3.00e-04 | wd=0.0446 | mom=0.9500 | T=1.2 k=1.0 (mu_rec=1 mu_bwd=1) | grad=3.875 | tok/s=56,555 | tokens=0.69B
step= 21160 | loss=4.8600 | lr=3.00e-04 | wd=0.0445 | mom=0.9500 | T=1.0 k=1.0 (mu_rec=1 mu_bwd=1) | grad=2.484 | tok/s=58,985 | tokens=0.69B
step= 21170 | loss=4.9330 | lr=3.00e-04 | wd=0.0445 | mom=0.9500 | T=1.2 k=1.0 (mu_rec=1 mu_bwd=1) | grad=2.625 | tok/s=55,987 | tokens=0.69B
step= 21180 | loss=4.9128 | lr=3.00e-04 | wd=0.0445 | mom=0.9500 | T=1.8 k=1.0 (mu_rec=1 mu_bwd=1) | grad=2.453 | tok/s=55,552 | tokens=0.69B
step= 21190 | loss=4.7679 | lr=3.00e-04 | wd=0.0445 | mom=0.9500 | T=1.5 k=1.0 (mu_rec=1 mu_bwd=1) | grad=2.141 | tok/s=57,122 | tokens=0.69B
step= 21200 | loss=4.8516 | lr=3.00e-04 | wd=0.0444 | mom=0.9500 | T=2.0 k=1.0 (mu_rec=1 mu_bwd=1) | grad=3.703 | tok/s=55,296 | tokens=0.69B
step= 21210 | loss=4.7836 | lr=3.00e-04 | wd=0.0444 | mom=0.9500 | T=1.0 k=1.0 (mu_rec=1 mu_bwd=1) | grad=3.844 | tok/s=56,284 | tokens=0.70B
step= 21220 | loss=4.8295 | lr=3.00e-04 | wd=0.0444 | mom=0.9500 | T=1.2 k=1.0 (mu_rec=1 mu_bwd=1) | grad=2.969 | tok/s=54,049 | tokens=0.70B
step= 21230 | loss=4.9805 | lr=3.00e-04 | wd=0.0443 | mom=0.9500 | T=1.0 k=1.0 (mu_rec=1 mu_bwd=1) | grad=2.781 | tok/s=56,273 | tokens=0.70B
step= 21240 | loss=4.8586 | lr=3.00e-04 | wd=0.0443 | mom=0.9500 | T=2.0 k=1.0 (mu_rec=1 mu_bwd=1) | grad=11.250 | tok/s=53,972 | tokens=0.70B
step= 21250 | loss=4.8435 | lr=3.00e-04 | wd=0.0443 | mom=0.9500 | T=1.5 k=1.0 (mu_rec=1 mu_bwd=1) | grad=2.500 | tok/s=57,327 | tokens=0.70B
step= 21260 | loss=4.8806 | lr=3.00e-04 | wd=0.0443 | mom=0.9500 | T=1.0 k=1.0 (mu_rec=1 mu_bwd=1) | grad=2.672 | tok/s=55,897 | tokens=0.70B
step= 21270 | loss=4.8018 | lr=3.00e-04 | wd=0.0442 | mom=0.9500 | T=1.5 k=1.0 (mu_rec=1 mu_bwd=1) | grad=2.031 | tok/s=56,632 | tokens=0.70B
step= 21280 | loss=4.6919 | lr=3.00e-04 | wd=0.0442 | mom=0.9500 | T=1.8 k=1.0 (mu_rec=1 mu_bwd=1) | grad=1.688 | tok/s=55,836 | tokens=0.70B
step= 21290 | loss=4.8160 | lr=3.00e-04 | wd=0.0442 | mom=0.9500 | T=2.2 k=1.0 (mu_rec=1 mu_bwd=1) | grad=1.750 | tok/s=52,311 | tokens=0.70B
step= 21300 | loss=4.9193 | lr=3.00e-04 | wd=0.0442 | mom=0.9500 | T=1.0 k=1.0 (mu_rec=1 mu_bwd=1) | grad=2.266 | tok/s=57,859 | tokens=0.70B
step= 21310 | loss=4.9159 | lr=3.00e-04 | wd=0.0441 | mom=0.9500 | T=1.0 k=1.0 (mu_rec=1 mu_bwd=1) | grad=3.125 | tok/s=54,761 | tokens=0.70B
step= 21320 | loss=4.9440 | lr=3.00e-04 | wd=0.0441 | mom=0.9500 | T=1.0 k=1.0 (mu_rec=1 mu_bwd=1) | grad=2.078 | tok/s=54,922 | tokens=0.70B
step= 21330 | loss=4.5968 | lr=3.00e-04 | wd=0.0441 | mom=0.9500 | T=1.0 k=1.0 (mu_rec=1 mu_bwd=1) | grad=4.344 | tok/s=58,162 | tokens=0.70B
step= 21340 | loss=4.7125 | lr=3.00e-04 | wd=0.0441 | mom=0.9500 | T=2.0 k=1.0 (mu_rec=1 mu_bwd=1) | grad=2.312 | tok/s=55,150 | tokens=0.70B
step= 21350 | loss=4.7707 | lr=3.00e-04 | wd=0.0440 | mom=0.9500 | T=1.0 k=1.0 (mu_rec=1 mu_bwd=1) | grad=4.688 | tok/s=59,833 | tokens=0.70B
step= 21360 | loss=4.8430 | lr=3.00e-04 | wd=0.0440 | mom=0.9500 | T=1.5 k=1.0 (mu_rec=1 mu_bwd=1) | grad=2.734 | tok/s=54,609 | tokens=0.70B
step= 21370 | loss=4.8718 | lr=3.00e-04 | wd=0.0440 | mom=0.9500 | T=1.5 k=1.0 (mu_rec=1 mu_bwd=1) | grad=2.656 | tok/s=8,045 | tokens=0.70B
step= 21380 | loss=4.8429 | lr=3.00e-04 | wd=0.0440 | mom=0.9500 | T=1.2 k=1.0 (mu_rec=1 mu_bwd=1) | grad=2.172 | tok/s=58,272 | tokens=0.70B
step= 21390 | loss=4.8483 | lr=3.00e-04 | wd=0.0439 | mom=0.9500 | T=1.2 k=1.0 (mu_rec=1 mu_bwd=1) | grad=2.250 | tok/s=56,555 | tokens=0.70B
step= 21400 | loss=4.9447 | lr=3.00e-04 | wd=0.0439 | mom=0.9500 | T=1.2 k=1.0 (mu_rec=1 mu_bwd=1) | grad=1.922 | tok/s=56,164 | tokens=0.70B
step= 21410 | loss=4.7794 | lr=3.00e-04 | wd=0.0439 | mom=0.9500 | T=1.2 k=1.0 (mu_rec=1 mu_bwd=1) | grad=2.266 | tok/s=52,958 | tokens=0.70B
step= 21420 | loss=5.0186 | lr=3.00e-04 | wd=0.0438 | mom=0.9500 | T=1.0 k=1.0 (mu_rec=1 mu_bwd=1) | grad=3.109 | tok/s=53,863 | tokens=0.70B
step= 21430 | loss=4.7201 | lr=3.00e-04 | wd=0.0438 | mom=0.9500 | T=1.2 k=1.0 (mu_rec=1 mu_bwd=1) | grad=2.312 | tok/s=56,111 | tokens=0.70B
step= 21440 | loss=5.0063 | lr=3.00e-04 | wd=0.0438 | mom=0.9500 | T=1.0 k=1.0 (mu_rec=1 mu_bwd=1) | grad=2.500 | tok/s=53,285 | tokens=0.70B
step= 21450 | loss=4.8407 | lr=3.00e-04 | wd=0.0438 | mom=0.9500 | T=1.0 k=1.0 (mu_rec=1 mu_bwd=1) | grad=4.781 | tok/s=57,360 | tokens=0.70B
step= 21460 | loss=4.9366 | lr=3.00e-04 | wd=0.0437 | mom=0.9500 | T=1.8 k=1.0 (mu_rec=1 mu_bwd=1) | grad=2.891 | tok/s=52,213 | tokens=0.70B
step= 21470 | loss=4.9535 | lr=3.00e-04 | wd=0.0437 | mom=0.9500 | T=1.0 k=1.0 (mu_rec=1 mu_bwd=1) | grad=3.531 | tok/s=58,336 | tokens=0.70B
step= 21480 | loss=4.8117 | lr=3.00e-04 | wd=0.0437 | mom=0.9500 | T=1.5 k=1.0 (mu_rec=1 mu_bwd=1) | grad=2.062 | tok/s=56,112 | tokens=0.70B
step= 21490 | loss=4.7788 | lr=3.00e-04 | wd=0.0437 | mom=0.9500 | T=1.5 k=1.0 (mu_rec=1 mu_bwd=1) | grad=1.734 | tok/s=56,487 | tokens=0.70B
step= 21500 | loss=4.8909 | lr=3.00e-04 | wd=0.0436 | mom=0.9500 | T=1.0 k=1.0 (mu_rec=1 mu_bwd=1) | grad=2.562 | tok/s=54,422 | tokens=0.70B
step= 21510 | loss=4.9172 | lr=3.00e-04 | wd=0.0436 | mom=0.9500 | T=1.2 k=1.0 (mu_rec=1 mu_bwd=1) | grad=2.406 | tok/s=56,681 | tokens=0.70B
step= 21520 | loss=4.8612 | lr=3.00e-04 | wd=0.0436 | mom=0.9500 | T=1.2 k=1.0 (mu_rec=1 mu_bwd=1) | grad=1.891 | tok/s=56,345 | tokens=0.71B
step= 21530 | loss=4.4993 | lr=3.00e-04 | wd=0.0436 | mom=0.9500 | T=2.2 k=1.0 (mu_rec=1 mu_bwd=1) | grad=2.438 | tok/s=52,614 | tokens=0.71B
step= 21540 | loss=4.5788 | lr=3.00e-04 | wd=0.0435 | mom=0.9500 | T=2.0 k=1.0 (mu_rec=1 mu_bwd=1) | grad=2.625 | tok/s=53,483 | tokens=0.71B
step= 21550 | loss=4.7208 | lr=3.00e-04 | wd=0.0435 | mom=0.9500 | T=1.2 k=1.0 (mu_rec=1 mu_bwd=1) | grad=2.469 | tok/s=56,156 | tokens=0.71B
step= 21560 | loss=4.8676 | lr=3.00e-04 | wd=0.0435 | mom=0.9500 | T=1.2 k=1.0 (mu_rec=1 mu_bwd=1) | grad=2.297 | tok/s=53,122 | tokens=0.71B
step= 21570 | loss=4.8557 | lr=3.00e-04 | wd=0.0435 | mom=0.9500 | T=1.2 k=1.0 (mu_rec=1 mu_bwd=1) | grad=1.984 | tok/s=57,349 | tokens=0.71B
step= 21580 | loss=4.8319 | lr=3.00e-04 | wd=0.0434 | mom=0.9500 | T=1.2 k=1.0 (mu_rec=1 mu_bwd=1) | grad=3.359 | tok/s=54,495 | tokens=0.71B
step= 21590 | loss=4.9525 | lr=3.00e-04 | wd=0.0434 | mom=0.9500 | T=1.0 k=1.0 (mu_rec=1 mu_bwd=1) | grad=3.297 | tok/s=56,414 | tokens=0.71B
step= 21600 | loss=4.9522 | lr=3.00e-04 | wd=0.0434 | mom=0.9500 | T=1.2 k=1.0 (mu_rec=1 mu_bwd=1) | grad=4.375 | tok/s=55,304 | tokens=0.71B
step= 21610 | loss=5.0293 | lr=3.00e-04 | wd=0.0434 | mom=0.9500 | T=1.5 k=1.0 (mu_rec=1 mu_bwd=1) | grad=3.078 | tok/s=53,254 | tokens=0.71B
step= 21620 | loss=4.9576 | lr=3.00e-04 | wd=0.0433 | mom=0.9500 | T=2.0 k=1.0 (mu_rec=1 mu_bwd=1) | grad=2.516 | tok/s=54,667 | tokens=0.71B
step= 21630 | loss=4.7506 | lr=3.00e-04 | wd=0.0433 | mom=0.9500 | T=1.2 k=1.0 (mu_rec=1 mu_bwd=1) | grad=2.500 | tok/s=56,246 | tokens=0.71B
step= 21640 | loss=4.8981 | lr=3.00e-04 | wd=0.0433 | mom=0.9500 | T=1.0 k=1.0 (mu_rec=1 mu_bwd=1) | grad=2.781 | tok/s=56,041 | tokens=0.71B
step= 21650 | loss=4.7651 | lr=3.00e-04 | wd=0.0432 | mom=0.9500 | T=2.0 k=1.0 (mu_rec=1 mu_bwd=1) | grad=2.562 | tok/s=55,406 | tokens=0.71B
step= 21660 | loss=4.6853 | lr=3.00e-04 | wd=0.0432 | mom=0.9500 | T=1.8 k=1.0 (mu_rec=1 mu_bwd=1) | grad=2.797 | tok/s=55,539 | tokens=0.71B
step= 21670 | loss=4.9236 | lr=3.00e-04 | wd=0.0432 | mom=0.9500 | T=1.0 k=1.0 (mu_rec=1 mu_bwd=1) | grad=2.406 | tok/s=56,324 | tokens=0.71B
step= 21680 | loss=4.6755 | lr=3.00e-04 | wd=0.0432 | mom=0.9500 | T=1.5 k=1.0 (mu_rec=1 mu_bwd=1) | grad=2.141 | tok/s=53,400 | tokens=0.71B
step= 21690 | loss=4.7724 | lr=3.00e-04 | wd=0.0431 | mom=0.9500 | T=1.0 k=1.0 (mu_rec=1 mu_bwd=1) | grad=2.781 | tok/s=57,029 | tokens=0.71B
step= 21700 | loss=4.7972 | lr=3.00e-04 | wd=0.0431 | mom=0.9500 | T=1.5 k=1.0 (mu_rec=1 mu_bwd=1) | grad=2.875 | tok/s=54,557 | tokens=0.71B
step= 21710 | loss=4.7911 | lr=3.00e-04 | wd=0.0431 | mom=0.9500 | T=1.5 k=1.0 (mu_rec=1 mu_bwd=1) | grad=4.688 | tok/s=56,180 | tokens=0.71B
step= 21720 | loss=4.8245 | lr=3.00e-04 | wd=0.0431 | mom=0.9500 | T=1.0 k=1.0 (mu_rec=1 mu_bwd=1) | grad=2.797 | tok/s=56,569 | tokens=0.71B
step= 21730 | loss=4.9146 | lr=3.00e-04 | wd=0.0430 | mom=0.9500 | T=2.8 k=1.0 (mu_rec=1 mu_bwd=1) | grad=1.414 | tok/s=53,081 | tokens=0.71B
step= 21740 | loss=5.0235 | lr=3.00e-04 | wd=0.0430 | mom=0.9500 | T=1.5 k=1.0 (mu_rec=1 mu_bwd=1) | grad=2.266 | tok/s=57,068 | tokens=0.71B
step= 21750 | loss=4.9041 | lr=3.00e-04 | wd=0.0430 | mom=0.9500 | T=1.8 k=1.0 (mu_rec=1 mu_bwd=1) | grad=3.688 | tok/s=56,605 | tokens=0.71B
step= 21760 | loss=4.9311 | lr=3.00e-04 | wd=0.0430 | mom=0.9500 | T=1.0 k=1.0 (mu_rec=1 mu_bwd=1) | grad=5.031 | tok/s=59,167 | tokens=0.71B
step= 21770 | loss=4.8469 | lr=3.00e-04 | wd=0.0429 | mom=0.9500 | T=1.0 k=1.0 (mu_rec=1 mu_bwd=1) | grad=5.406 | tok/s=55,935 | tokens=0.71B
step= 21780 | loss=4.7397 | lr=3.00e-04 | wd=0.0429 | mom=0.9500 | T=1.0 k=1.0 (mu_rec=1 mu_bwd=1) | grad=3.516 | tok/s=58,452 | tokens=0.71B
step= 21790 | loss=5.0024 | lr=3.00e-04 | wd=0.0429 | mom=0.9500 | T=1.5 k=1.0 (mu_rec=1 mu_bwd=1) | grad=2.094 | tok/s=56,852 | tokens=0.71B
step= 21800 | loss=4.9759 | lr=3.00e-04 | wd=0.0429 | mom=0.9500 | T=1.0 k=1.0 (mu_rec=1 mu_bwd=1) | grad=2.797 | tok/s=56,026 | tokens=0.71B
step= 21810 | loss=4.7415 | lr=3.00e-04 | wd=0.0428 | mom=0.9500 | T=1.0 k=1.0 (mu_rec=1 mu_bwd=1) | grad=3.234 | tok/s=52,378 | tokens=0.71B
step= 21820 | loss=5.1721 | lr=3.00e-04 | wd=0.0428 | mom=0.9500 | T=1.5 k=1.0 (mu_rec=1 mu_bwd=1) | grad=2.469 | tok/s=56,103 | tokens=0.71B
step= 21830 | loss=5.0314 | lr=3.00e-04 | wd=0.0428 | mom=0.9500 | T=1.0 k=1.0 (mu_rec=1 mu_bwd=1) | grad=7.062 | tok/s=58,640 | tokens=0.72B
step= 21840 | loss=4.9725 | lr=3.00e-04 | wd=0.0427 | mom=0.9500 | T=1.2 k=1.0 (mu_rec=1 mu_bwd=1) | grad=2.594 | tok/s=58,690 | tokens=0.72B
step= 21850 | loss=4.8723 | lr=3.00e-04 | wd=0.0427 | mom=0.9500 | T=1.0 k=1.0 (mu_rec=1 mu_bwd=1) | grad=2.438 | tok/s=56,829 | tokens=0.72B
step= 21860 | loss=4.6517 | lr=3.00e-04 | wd=0.0427 | mom=0.9500 | T=1.2 k=1.0 (mu_rec=1 mu_bwd=1) | grad=2.797 | tok/s=54,852 | tokens=0.72B
step= 21870 | loss=4.9557 | lr=3.00e-04 | wd=0.0427 | mom=0.9500 | T=1.0 k=1.0 (mu_rec=1 mu_bwd=1) | grad=2.500 | tok/s=56,875 | tokens=0.72B
step= 21880 | loss=4.9676 | lr=3.00e-04 | wd=0.0426 | mom=0.9500 | T=1.8 k=1.0 (mu_rec=1 mu_bwd=1) | grad=8.625 | tok/s=55,530 | tokens=0.72B
step= 21890 | loss=4.6185 | lr=3.00e-04 | wd=0.0426 | mom=0.9500 | T=2.5 k=1.0 (mu_rec=1 mu_bwd=1) | grad=4.531 | tok/s=52,508 | tokens=0.72B
step= 21900 | loss=4.7611 | lr=3.00e-04 | wd=0.0426 | mom=0.9500 | T=1.0 k=1.0 (mu_rec=1 mu_bwd=1) | grad=2.672 | tok/s=54,546 | tokens=0.72B
step= 21910 | loss=4.9808 | lr=3.00e-04 | wd=0.0426 | mom=0.9500 | T=1.2 k=1.0 (mu_rec=1 mu_bwd=1) | grad=4.094 | tok/s=57,004 | tokens=0.72B
step= 21920 | loss=4.8912 | lr=3.00e-04 | wd=0.0425 | mom=0.9500 | T=1.2 k=1.0 (mu_rec=1 mu_bwd=1) | grad=3.297 | tok/s=56,452 | tokens=0.72B
step= 21930 | loss=4.8736 | lr=3.00e-04 | wd=0.0425 | mom=0.9500 | T=1.2 k=1.0 (mu_rec=1 mu_bwd=1) | grad=4.438 | tok/s=55,811 | tokens=0.72B
step= 21940 | loss=4.9984 | lr=3.00e-04 | wd=0.0425 | mom=0.9500 | T=1.8 k=1.0 (mu_rec=1 mu_bwd=1) | grad=2.953 | tok/s=55,297 | tokens=0.72B
step= 21950 | loss=4.8297 | lr=3.00e-04 | wd=0.0425 | mom=0.9500 | T=2.0 k=1.0 (mu_rec=1 mu_bwd=1) | grad=2.250 | tok/s=9,198 | tokens=0.72B
step= 21960 | loss=4.9474 | lr=3.00e-04 | wd=0.0424 | mom=0.9500 | T=1.0 k=1.0 (mu_rec=1 mu_bwd=1) | grad=2.297 | tok/s=59,498 | tokens=0.72B
step= 21970 | loss=4.8447 | lr=3.00e-04 | wd=0.0424 | mom=0.9500 | T=1.0 k=1.0 (mu_rec=1 mu_bwd=1) | grad=5.344 | tok/s=60,879 | tokens=0.72B
step= 21980 | loss=4.7562 | lr=3.00e-04 | wd=0.0424 | mom=0.9500 | T=1.2 k=1.0 (mu_rec=1 mu_bwd=1) | grad=2.391 | tok/s=56,166 | tokens=0.72B
step= 21990 | loss=4.6662 | lr=3.00e-04 | wd=0.0424 | mom=0.9500 | T=1.2 k=1.0 (mu_rec=1 mu_bwd=1) | grad=2.422 | tok/s=53,854 | tokens=0.72B
step= 22000 | loss=4.8725 | lr=3.00e-04 | wd=0.0423 | mom=0.9500 | T=1.0 k=1.0 (mu_rec=1 mu_bwd=1) | grad=3.281 | tok/s=58,437 | tokens=0.72B
step= 22010 | loss=4.9742 | lr=3.00e-04 | wd=0.0423 | mom=0.9500 | T=1.8 k=1.0 (mu_rec=1 mu_bwd=1) | grad=2.172 | tok/s=55,574 | tokens=0.72B
step= 22020 | loss=5.0358 | lr=3.00e-04 | wd=0.0423 | mom=0.9500 | T=1.0 k=1.0 (mu_rec=1 mu_bwd=1) | grad=7.094 | tok/s=52,806 | tokens=0.72B
step= 22030 | loss=5.0009 | lr=3.00e-04 | wd=0.0423 | mom=0.9500 | T=1.0 k=1.0 (mu_rec=1 mu_bwd=1) | grad=3.219 | tok/s=57,072 | tokens=0.72B
step= 22040 | loss=4.9291 | lr=3.00e-04 | wd=0.0422 | mom=0.9500 | T=1.2 k=1.0 (mu_rec=1 mu_bwd=1) | grad=2.375 | tok/s=55,429 | tokens=0.72B
step= 22050 | loss=4.8195 | lr=3.00e-04 | wd=0.0422 | mom=0.9500 | T=1.0 k=1.0 (mu_rec=1 mu_bwd=1) | grad=3.188 | tok/s=53,258 | tokens=0.72B
step= 22060 | loss=4.7168 | lr=3.00e-04 | wd=0.0422 | mom=0.9500 | T=1.0 k=1.0 (mu_rec=1 mu_bwd=1) | grad=3.219 | tok/s=56,635 | tokens=0.72B
step= 22070 | loss=5.3797 | lr=3.00e-04 | wd=0.0421 | mom=0.9500 | T=1.0 k=1.0 (mu_rec=1 mu_bwd=1) | grad=4.000 | tok/s=56,553 | tokens=0.72B
step= 22080 | loss=5.2624 | lr=3.00e-04 | wd=0.0421 | mom=0.9500 | T=2.5 k=1.0 (mu_rec=1 mu_bwd=1) | grad=2.297 | tok/s=51,661 | tokens=0.72B
step= 22090 | loss=4.7268 | lr=3.00e-04 | wd=0.0421 | mom=0.9500 | T=1.5 k=1.0 (mu_rec=1 mu_bwd=1) | grad=2.234 | tok/s=55,339 | tokens=0.72B
step= 22100 | loss=4.9599 | lr=3.00e-04 | wd=0.0421 | mom=0.9500 | T=1.2 k=1.0 (mu_rec=1 mu_bwd=1) | grad=2.094 | tok/s=56,533 | tokens=0.72B
step= 22110 | loss=4.8154 | lr=3.00e-04 | wd=0.0420 | mom=0.9500 | T=2.2 k=1.0 (mu_rec=1 mu_bwd=1) | grad=2.797 | tok/s=56,050 | tokens=0.72B
step= 22120 | loss=4.7993 | lr=3.00e-04 | wd=0.0420 | mom=0.9500 | T=1.5 k=1.0 (mu_rec=1 mu_bwd=1) | grad=2.781 | tok/s=57,701 | tokens=0.72B
step= 22130 | loss=4.7890 | lr=3.00e-04 | wd=0.0420 | mom=0.9500 | T=1.0 k=1.0 (mu_rec=1 mu_bwd=1) | grad=2.344 | tok/s=56,614 | tokens=0.73B
step= 22140 | loss=4.7487 | lr=3.00e-04 | wd=0.0420 | mom=0.9500 | T=1.5 k=1.0 (mu_rec=1 mu_bwd=1) | grad=2.797 | tok/s=55,990 | tokens=0.73B
step= 22150 | loss=4.9321 | lr=3.00e-04 | wd=0.0419 | mom=0.9500 | T=1.0 k=1.0 (mu_rec=1 mu_bwd=1) | grad=6.375 | tok/s=57,417 | tokens=0.73B
step= 22160 | loss=4.8590 | lr=3.00e-04 | wd=0.0419 | mom=0.9500 | T=1.0 k=1.0 (mu_rec=1 mu_bwd=1) | grad=2.062 | tok/s=56,926 | tokens=0.73B
step= 22170 | loss=5.1615 | lr=3.00e-04 | wd=0.0419 | mom=0.9500 | T=2.2 k=1.0 (mu_rec=1 mu_bwd=1) | grad=2.984 | tok/s=54,079 | tokens=0.73B
step= 22180 | loss=4.7698 | lr=3.00e-04 | wd=0.0419 | mom=0.9500 | T=1.2 k=1.0 (mu_rec=1 mu_bwd=1) | grad=2.781 | tok/s=55,818 | tokens=0.73B
step= 22190 | loss=4.7391 | lr=3.00e-04 | wd=0.0418 | mom=0.9500 | T=2.2 k=1.0 (mu_rec=1 mu_bwd=1) | grad=1.930 | tok/s=55,290 | tokens=0.73B
step= 22200 | loss=4.6766 | lr=3.00e-04 | wd=0.0418 | mom=0.9500 | T=1.2 k=1.0 (mu_rec=1 mu_bwd=1) | grad=2.094 | tok/s=55,762 | tokens=0.73B
step= 22210 | loss=4.8426 | lr=3.00e-04 | wd=0.0418 | mom=0.9500 | T=1.5 k=1.0 (mu_rec=1 mu_bwd=1) | grad=5.656 | tok/s=54,506 | tokens=0.73B
step= 22220 | loss=5.5290 | lr=3.00e-04 | wd=0.0418 | mom=0.9500 | T=1.2 k=1.0 (mu_rec=1 mu_bwd=1) | grad=2.859 | tok/s=54,510 | tokens=0.73B
step= 22230 | loss=5.0887 | lr=3.00e-04 | wd=0.0417 | mom=0.9500 | T=1.0 k=1.0 (mu_rec=1 mu_bwd=1) | grad=27.375 | tok/s=59,456 | tokens=0.73B
step= 22240 | loss=5.0174 | lr=3.00e-04 | wd=0.0417 | mom=0.9500 | T=1.5 k=1.0 (mu_rec=1 mu_bwd=1) | grad=4.469 | tok/s=58,040 | tokens=0.73B
step= 22250 | loss=5.0489 | lr=3.00e-04 | wd=0.0417 | mom=0.9500 | T=2.2 k=1.0 (mu_rec=1 mu_bwd=1) | grad=2.250 | tok/s=53,272 | tokens=0.73B
step= 22260 | loss=4.8653 | lr=3.00e-04 | wd=0.0416 | mom=0.9500 | T=1.8 k=1.0 (mu_rec=1 mu_bwd=1) | grad=3.719 | tok/s=56,494 | tokens=0.73B
step= 22270 | loss=4.8013 | lr=3.00e-04 | wd=0.0416 | mom=0.9500 | T=1.2 k=1.0 (mu_rec=1 mu_bwd=1) | grad=2.984 | tok/s=54,391 | tokens=0.73B
step= 22280 | loss=4.5352 | lr=3.00e-04 | wd=0.0416 | mom=0.9500 | T=1.2 k=1.0 (mu_rec=1 mu_bwd=1) | grad=11.188 | tok/s=57,902 | tokens=0.73B
step= 22290 | loss=5.0112 | lr=3.00e-04 | wd=0.0416 | mom=0.9500 | T=1.5 k=1.0 (mu_rec=1 mu_bwd=1) | grad=2.391 | tok/s=53,009 | tokens=0.73B
step= 22300 | loss=4.9745 | lr=3.00e-04 | wd=0.0415 | mom=0.9500 | T=1.0 k=1.0 (mu_rec=1 mu_bwd=1) | grad=2.828 | tok/s=55,568 | tokens=0.73B
step= 22310 | loss=4.8559 | lr=3.00e-04 | wd=0.0415 | mom=0.9500 | T=1.0 k=1.0 (mu_rec=1 mu_bwd=1) | grad=2.031 | tok/s=7,369 | tokens=0.73B
step= 22320 | loss=4.9011 | lr=3.00e-04 | wd=0.0415 | mom=0.9500 | T=1.2 k=1.0 (mu_rec=1 mu_bwd=1) | grad=3.328 | tok/s=57,273 | tokens=0.73B
step= 22330 | loss=4.7768 | lr=3.00e-04 | wd=0.0415 | mom=0.9500 | T=1.5 k=1.0 (mu_rec=1 mu_bwd=1) | grad=2.500 | tok/s=56,916 | tokens=0.73B
step= 22340 | loss=4.7938 | lr=3.00e-04 | wd=0.0414 | mom=0.9500 | T=1.2 k=1.0 (mu_rec=1 mu_bwd=1) | grad=1.758 | tok/s=55,951 | tokens=0.73B
step= 22350 | loss=4.8098 | lr=3.00e-04 | wd=0.0414 | mom=0.9500 | T=1.2 k=1.0 (mu_rec=1 mu_bwd=1) | grad=2.219 | tok/s=61,199 | tokens=0.73B
step= 22360 | loss=4.7585 | lr=3.00e-04 | wd=0.0414 | mom=0.9500 | T=1.0 k=1.0 (mu_rec=1 mu_bwd=1) | grad=3.516 | tok/s=57,246 | tokens=0.73B
step= 22370 | loss=4.7264 | lr=3.00e-04 | wd=0.0414 | mom=0.9500 | T=1.8 k=1.0 (mu_rec=1 mu_bwd=1) | grad=2.406 | tok/s=53,730 | tokens=0.73B
step= 22380 | loss=5.0103 | lr=3.00e-04 | wd=0.0413 | mom=0.9500 | T=1.5 k=1.0 (mu_rec=1 mu_bwd=1) | grad=3.406 | tok/s=55,192 | tokens=0.73B
step= 22390 | loss=4.9973 | lr=3.00e-04 | wd=0.0413 | mom=0.9500 | T=1.8 k=1.0 (mu_rec=1 mu_bwd=1) | grad=2.047 | tok/s=55,814 | tokens=0.73B
step= 22400 | loss=4.8728 | lr=3.00e-04 | wd=0.0413 | mom=0.9500 | T=1.2 k=1.0 (mu_rec=1 mu_bwd=1) | grad=1.898 | tok/s=53,876 | tokens=0.73B
step= 22410 | loss=5.1027 | lr=3.00e-04 | wd=0.0413 | mom=0.9500 | T=1.0 k=1.0 (mu_rec=1 mu_bwd=1) | grad=3.297 | tok/s=59,222 | tokens=0.73B
step= 22420 | loss=4.9082 | lr=3.00e-04 | wd=0.0412 | mom=0.9500 | T=1.5 k=1.0 (mu_rec=1 mu_bwd=1) | grad=3.359 | tok/s=53,518 | tokens=0.73B
step= 22430 | loss=4.7606 | lr=3.00e-04 | wd=0.0412 | mom=0.9500 | T=1.8 k=1.0 (mu_rec=1 mu_bwd=1) | grad=2.875 | tok/s=53,140 | tokens=0.73B
step= 22440 | loss=4.8756 | lr=3.00e-04 | wd=0.0412 | mom=0.9500 | T=1.0 k=1.0 (mu_rec=1 mu_bwd=1) | grad=2.188 | tok/s=55,929 | tokens=0.74B
step= 22450 | loss=4.9954 | lr=3.00e-04 | wd=0.0411 | mom=0.9500 | T=2.2 k=1.0 (mu_rec=1 mu_bwd=1) | grad=2.906 | tok/s=55,436 | tokens=0.74B
step= 22460 | loss=4.9998 | lr=3.00e-04 | wd=0.0411 | mom=0.9500 | T=1.2 k=1.0 (mu_rec=1 mu_bwd=1) | grad=3.469 | tok/s=55,681 | tokens=0.74B
step= 22470 | loss=4.8824 | lr=3.00e-04 | wd=0.0411 | mom=0.9500 | T=1.0 k=1.0 (mu_rec=1 mu_bwd=1) | grad=7.000 | tok/s=54,402 | tokens=0.74B
step= 22480 | loss=4.8519 | lr=3.00e-04 | wd=0.0411 | mom=0.9500 | T=1.2 k=1.0 (mu_rec=1 mu_bwd=1) | grad=6.281 | tok/s=53,097 | tokens=0.74B
step= 22490 | loss=4.8211 | lr=3.00e-04 | wd=0.0410 | mom=0.9500 | T=3.0 k=1.0 (mu_rec=1 mu_bwd=1) | grad=1.453 | tok/s=53,045 | tokens=0.74B
step= 22500 | loss=4.8473 | lr=3.00e-04 | wd=0.0410 | mom=0.9500 | T=1.2 k=1.0 (mu_rec=1 mu_bwd=1) | grad=3.812 | tok/s=54,470 | tokens=0.74B
step= 22510 | loss=4.6857 | lr=3.00e-04 | wd=0.0410 | mom=0.9500 | T=1.0 k=1.0 (mu_rec=1 mu_bwd=1) | grad=2.203 | tok/s=56,711 | tokens=0.74B
step= 22520 | loss=4.9944 | lr=3.00e-04 | wd=0.0410 | mom=0.9500 | T=1.0 k=1.0 (mu_rec=1 mu_bwd=1) | grad=2.906 | tok/s=55,714 | tokens=0.74B
step= 22530 | loss=4.7757 | lr=3.00e-04 | wd=0.0409 | mom=0.9500 | T=2.0 k=1.0 (mu_rec=1 mu_bwd=1) | grad=11.312 | tok/s=55,435 | tokens=0.74B
step= 22540 | loss=4.6892 | lr=3.00e-04 | wd=0.0409 | mom=0.9500 | T=1.2 k=1.0 (mu_rec=1 mu_bwd=1) | grad=3.219 | tok/s=57,440 | tokens=0.74B
step= 22550 | loss=5.0289 | lr=3.00e-04 | wd=0.0409 | mom=0.9500 | T=1.2 k=1.0 (mu_rec=1 mu_bwd=1) | grad=4.812 | tok/s=60,106 | tokens=0.74B
step= 22560 | loss=4.8152 | lr=3.00e-04 | wd=0.0409 | mom=0.9500 | T=1.5 k=1.0 (mu_rec=1 mu_bwd=1) | grad=2.375 | tok/s=53,801 | tokens=0.74B
step= 22570 | loss=4.9748 | lr=3.00e-04 | wd=0.0408 | mom=0.9500 | T=1.8 k=1.0 (mu_rec=1 mu_bwd=1) | grad=6.094 | tok/s=56,942 | tokens=0.74B
step= 22580 | loss=5.2027 | lr=3.00e-04 | wd=0.0408 | mom=0.9500 | T=1.0 k=1.0 (mu_rec=1 mu_bwd=1) | grad=3.312 | tok/s=57,218 | tokens=0.74B
step= 22590 | loss=4.6062 | lr=3.00e-04 | wd=0.0408 | mom=0.9500 | T=1.0 k=1.0 (mu_rec=1 mu_bwd=1) | grad=3.203 | tok/s=55,726 | tokens=0.74B
step= 22600 | loss=4.8927 | lr=3.00e-04 | wd=0.0408 | mom=0.9500 | T=2.0 k=1.0 (mu_rec=1 mu_bwd=1) | grad=1.508 | tok/s=56,381 | tokens=0.74B
step= 22610 | loss=4.7303 | lr=3.00e-04 | wd=0.0407 | mom=0.9500 | T=1.8 k=1.0 (mu_rec=1 mu_bwd=1) | grad=1.852 | tok/s=51,597 | tokens=0.74B
step= 22620 | loss=4.9727 | lr=3.00e-04 | wd=0.0407 | mom=0.9500 | T=1.0 k=1.0 (mu_rec=1 mu_bwd=1) | grad=4.688 | tok/s=57,241 | tokens=0.74B
step= 22630 | loss=4.9089 | lr=3.00e-04 | wd=0.0407 | mom=0.9500 | T=1.5 k=1.0 (mu_rec=1 mu_bwd=1) | grad=2.328 | tok/s=57,762 | tokens=0.74B
step= 22640 | loss=4.9313 | lr=3.00e-04 | wd=0.0407 | mom=0.9500 | T=1.8 k=1.0 (mu_rec=1 mu_bwd=1) | grad=2.109 | tok/s=57,400 | tokens=0.74B
step= 22650 | loss=4.9284 | lr=3.00e-04 | wd=0.0406 | mom=0.9500 | T=1.5 k=1.0 (mu_rec=1 mu_bwd=1) | grad=2.594 | tok/s=54,555 | tokens=0.74B
step= 22660 | loss=4.7810 | lr=3.00e-04 | wd=0.0406 | mom=0.9500 | T=1.8 k=1.0 (mu_rec=1 mu_bwd=1) | grad=1.844 | tok/s=53,312 | tokens=0.74B
step= 22670 | loss=4.9348 | lr=3.00e-04 | wd=0.0406 | mom=0.9500 | T=1.2 k=1.0 (mu_rec=1 mu_bwd=1) | grad=2.438 | tok/s=55,091 | tokens=0.74B
step= 22680 | loss=4.8811 | lr=3.00e-04 | wd=0.0405 | mom=0.9500 | T=1.0 k=1.0 (mu_rec=1 mu_bwd=1) | grad=2.297 | tok/s=56,841 | tokens=0.74B
step= 22690 | loss=4.8265 | lr=3.00e-04 | wd=0.0405 | mom=0.9500 | T=1.8 k=1.0 (mu_rec=1 mu_bwd=1) | grad=2.375 | tok/s=53,107 | tokens=0.74B
step= 22700 | loss=5.0031 | lr=3.00e-04 | wd=0.0405 | mom=0.9500 | T=2.8 k=1.0 (mu_rec=1 mu_bwd=1) | grad=1.953 | tok/s=54,846 | tokens=0.74B
step= 22710 | loss=4.9571 | lr=3.00e-04 | wd=0.0405 | mom=0.9500 | T=1.0 k=1.0 (mu_rec=1 mu_bwd=1) | grad=3.938 | tok/s=55,504 | tokens=0.74B
step= 22720 | loss=4.9070 | lr=3.00e-04 | wd=0.0404 | mom=0.9500 | T=1.0 k=1.0 (mu_rec=1 mu_bwd=1) | grad=2.484 | tok/s=59,276 | tokens=0.74B
step= 22730 | loss=4.8650 | lr=3.00e-04 | wd=0.0404 | mom=0.9500 | T=1.8 k=1.0 (mu_rec=1 mu_bwd=1) | grad=6.469 | tok/s=55,146 | tokens=0.74B
step= 22740 | loss=4.8755 | lr=3.00e-04 | wd=0.0404 | mom=0.9500 | T=1.0 k=1.0 (mu_rec=1 mu_bwd=1) | grad=3.172 | tok/s=54,455 | tokens=0.75B
step= 22750 | loss=4.8303 | lr=3.00e-04 | wd=0.0404 | mom=0.9500 | T=2.0 k=1.0 (mu_rec=1 mu_bwd=1) | grad=2.172 | tok/s=53,245 | tokens=0.75B
step= 22760 | loss=4.7282 | lr=3.00e-04 | wd=0.0403 | mom=0.9500 | T=1.2 k=1.0 (mu_rec=1 mu_bwd=1) | grad=2.125 | tok/s=55,642 | tokens=0.75B
step= 22770 | loss=4.8190 | lr=3.00e-04 | wd=0.0403 | mom=0.9500 | T=1.0 k=1.0 (mu_rec=1 mu_bwd=1) | grad=3.016 | tok/s=54,729 | tokens=0.75B
step= 22780 | loss=4.9347 | lr=3.00e-04 | wd=0.0403 | mom=0.9500 | T=1.0 k=1.0 (mu_rec=1 mu_bwd=1) | grad=2.609 | tok/s=59,585 | tokens=0.75B
step= 22790 | loss=4.9541 | lr=3.00e-04 | wd=0.0403 | mom=0.9500 | T=2.0 k=1.0 (mu_rec=1 mu_bwd=1) | grad=3.016 | tok/s=53,540 | tokens=0.75B
step= 22800 | loss=4.8899 | lr=3.00e-04 | wd=0.0402 | mom=0.9500 | T=1.2 k=1.0 (mu_rec=1 mu_bwd=1) | grad=2.609 | tok/s=9,520 | tokens=0.75B
step= 22810 | loss=4.7647 | lr=3.00e-04 | wd=0.0402 | mom=0.9500 | T=1.5 k=1.0 (mu_rec=1 mu_bwd=1) | grad=2.062 | tok/s=58,875 | tokens=0.75B
step= 22820 | loss=4.9074 | lr=3.00e-04 | wd=0.0402 | mom=0.9500 | T=1.0 k=1.0 (mu_rec=1 mu_bwd=1) | grad=3.062 | tok/s=56,048 | tokens=0.75B
step= 22830 | loss=4.9275 | lr=3.00e-04 | wd=0.0402 | mom=0.9500 | T=1.5 k=1.0 (mu_rec=1 mu_bwd=1) | grad=2.188 | tok/s=55,955 | tokens=0.75B
step= 22840 | loss=4.8048 | lr=3.00e-04 | wd=0.0401 | mom=0.9500 | T=1.0 k=1.0 (mu_rec=1 mu_bwd=1) | grad=20.625 | tok/s=57,602 | tokens=0.75B
step= 22850 | loss=4.7878 | lr=3.00e-04 | wd=0.0401 | mom=0.9500 | T=1.8 k=1.0 (mu_rec=1 mu_bwd=1) | grad=3.656 | tok/s=53,438 | tokens=0.75B
step= 22860 | loss=4.6495 | lr=3.00e-04 | wd=0.0401 | mom=0.9500 | T=1.0 k=1.0 (mu_rec=1 mu_bwd=1) | grad=2.609 | tok/s=54,512 | tokens=0.75B
step= 22870 | loss=4.8156 | lr=3.00e-04 | wd=0.0400 | mom=0.9500 | T=1.5 k=1.0 (mu_rec=1 mu_bwd=1) | grad=2.375 | tok/s=53,160 | tokens=0.75B
step= 22880 | loss=4.8765 | lr=3.00e-04 | wd=0.0400 | mom=0.9500 | T=1.0 k=1.0 (mu_rec=1 mu_bwd=1) | grad=2.594 | tok/s=56,884 | tokens=0.75B
step= 22890 | loss=4.7784 | lr=3.00e-04 | wd=0.0400 | mom=0.9500 | T=1.0 k=1.0 (mu_rec=1 mu_bwd=1) | grad=3.641 | tok/s=60,930 | tokens=0.75B
step= 22900 | loss=4.8290 | lr=3.00e-04 | wd=0.0400 | mom=0.9500 | T=1.2 k=1.0 (mu_rec=1 mu_bwd=1) | grad=3.781 | tok/s=53,143 | tokens=0.75B
step= 22910 | loss=4.7139 | lr=3.00e-04 | wd=0.0399 | mom=0.9500 | T=1.8 k=1.0 (mu_rec=1 mu_bwd=1) | grad=2.062 | tok/s=54,468 | tokens=0.75B
step= 22920 | loss=4.8352 | lr=3.00e-04 | wd=0.0399 | mom=0.9500 | T=1.0 k=1.0 (mu_rec=1 mu_bwd=1) | grad=6.438 | tok/s=56,098 | tokens=0.75B
step= 22930 | loss=4.8418 | lr=3.00e-04 | wd=0.0399 | mom=0.9500 | T=1.5 k=1.0 (mu_rec=1 mu_bwd=1) | grad=2.250 | tok/s=52,708 | tokens=0.75B
step= 22940 | loss=4.8972 | lr=3.00e-04 | wd=0.0399 | mom=0.9500 | T=1.0 k=1.0 (mu_rec=1 mu_bwd=1) | grad=7.812 | tok/s=57,833 | tokens=0.75B
step= 22950 | loss=4.9060 | lr=3.00e-04 | wd=0.0398 | mom=0.9500 | T=1.0 k=1.0 (mu_rec=1 mu_bwd=1) | grad=2.141 | tok/s=57,693 | tokens=0.75B
step= 22960 | loss=4.9453 | lr=3.00e-04 | wd=0.0398 | mom=0.9500 | T=2.5 k=1.0 (mu_rec=1 mu_bwd=1) | grad=6.156 | tok/s=53,831 | tokens=0.75B
step= 22970 | loss=4.8173 | lr=3.00e-04 | wd=0.0398 | mom=0.9500 | T=1.2 k=1.0 (mu_rec=1 mu_bwd=1) | grad=2.891 | tok/s=58,243 | tokens=0.75B
step= 22980 | loss=4.6411 | lr=3.00e-04 | wd=0.0398 | mom=0.9500 | T=1.0 k=1.0 (mu_rec=1 mu_bwd=1) | grad=2.688 | tok/s=59,277 | tokens=0.75B
step= 22990 | loss=4.7846 | lr=3.00e-04 | wd=0.0397 | mom=0.9500 | T=1.2 k=1.0 (mu_rec=1 mu_bwd=1) | grad=2.188 | tok/s=55,029 | tokens=0.75B
step= 23000 | loss=4.7642 | lr=3.00e-04 | wd=0.0397 | mom=0.9500 | T=1.5 k=1.0 (mu_rec=1 mu_bwd=1) | grad=5.188 | tok/s=57,283 | tokens=0.75B
step= 23010 | loss=4.9544 | lr=3.00e-04 | wd=0.0397 | mom=0.9500 | T=1.0 k=1.0 (mu_rec=1 mu_bwd=1) | grad=2.672 | tok/s=55,064 | tokens=0.75B
step= 23020 | loss=5.1256 | lr=3.00e-04 | wd=0.0397 | mom=0.9500 | T=1.2 k=1.0 (mu_rec=1 mu_bwd=1) | grad=3.562 | tok/s=54,515 | tokens=0.75B
step= 23030 | loss=4.8732 | lr=3.00e-04 | wd=0.0396 | mom=0.9500 | T=1.5 k=1.0 (mu_rec=1 mu_bwd=1) | grad=2.766 | tok/s=54,208 | tokens=0.75B
step= 23040 | loss=4.9418 | lr=3.00e-04 | wd=0.0396 | mom=0.9500 | T=2.2 k=1.0 (mu_rec=1 mu_bwd=1) | grad=1.805 | tok/s=53,006 | tokens=0.75B
step= 23050 | loss=5.0956 | lr=3.00e-04 | wd=0.0396 | mom=0.9500 | T=1.5 k=1.0 (mu_rec=1 mu_bwd=1) | grad=4.719 | tok/s=55,260 | tokens=0.76B
step= 23060 | loss=4.8060 | lr=3.00e-04 | wd=0.0396 | mom=0.9500 | T=2.5 k=1.0 (mu_rec=1 mu_bwd=1) | grad=2.266 | tok/s=55,880 | tokens=0.76B
step= 23070 | loss=5.1208 | lr=3.00e-04 | wd=0.0395 | mom=0.9500 | T=1.8 k=1.0 (mu_rec=1 mu_bwd=1) | grad=2.875 | tok/s=55,249 | tokens=0.76B
step= 23080 | loss=4.8717 | lr=3.00e-04 | wd=0.0395 | mom=0.9500 | T=1.5 k=1.0 (mu_rec=1 mu_bwd=1) | grad=2.406 | tok/s=56,046 | tokens=0.76B
step= 23090 | loss=4.9527 | lr=3.00e-04 | wd=0.0395 | mom=0.9500 | T=1.8 k=1.0 (mu_rec=1 mu_bwd=1) | grad=2.047 | tok/s=55,731 | tokens=0.76B
step= 23100 | loss=4.8893 | lr=3.00e-04 | wd=0.0394 | mom=0.9500 | T=1.5 k=1.0 (mu_rec=1 mu_bwd=1) | grad=2.547 | tok/s=57,196 | tokens=0.76B
step= 23110 | loss=4.8655 | lr=3.00e-04 | wd=0.0394 | mom=0.9500 | T=1.2 k=1.0 (mu_rec=1 mu_bwd=1) | grad=2.906 | tok/s=52,228 | tokens=0.76B
step= 23120 | loss=4.8965 | lr=3.00e-04 | wd=0.0394 | mom=0.9500 | T=3.0 k=1.0 (mu_rec=1 mu_bwd=1) | grad=2.625 | tok/s=52,119 | tokens=0.76B
step= 23130 | loss=5.0315 | lr=3.00e-04 | wd=0.0394 | mom=0.9500 | T=1.5 k=1.0 (mu_rec=1 mu_bwd=1) | grad=2.625 | tok/s=55,931 | tokens=0.76B
step= 23140 | loss=4.9350 | lr=3.00e-04 | wd=0.0393 | mom=0.9500 | T=1.2 k=1.0 (mu_rec=1 mu_bwd=1) | grad=3.125 | tok/s=55,691 | tokens=0.76B
step= 23150 | loss=4.9070 | lr=3.00e-04 | wd=0.0393 | mom=0.9500 | T=1.5 k=1.0 (mu_rec=1 mu_bwd=1) | grad=2.875 | tok/s=54,540 | tokens=0.76B
step= 23160 | loss=4.8688 | lr=3.00e-04 | wd=0.0393 | mom=0.9500 | T=1.2 k=1.0 (mu_rec=1 mu_bwd=1) | grad=4.344 | tok/s=54,991 | tokens=0.76B
step= 23170 | loss=4.7811 | lr=3.00e-04 | wd=0.0393 | mom=0.9500 | T=1.8 k=1.0 (mu_rec=1 mu_bwd=1) | grad=1.508 | tok/s=53,837 | tokens=0.76B
step= 23180 | loss=4.8798 | lr=3.00e-04 | wd=0.0392 | mom=0.9500 | T=3.2 k=1.0 (mu_rec=1 mu_bwd=1) | grad=1.883 | tok/s=51,617 | tokens=0.76B
step= 23190 | loss=4.7951 | lr=3.00e-04 | wd=0.0392 | mom=0.9500 | T=1.5 k=1.0 (mu_rec=1 mu_bwd=1) | grad=2.219 | tok/s=57,163 | tokens=0.76B
step= 23200 | loss=4.7440 | lr=3.00e-04 | wd=0.0392 | mom=0.9500 | T=1.0 k=1.0 (mu_rec=1 mu_bwd=1) | grad=2.188 | tok/s=57,706 | tokens=0.76B
step= 23210 | loss=4.7578 | lr=3.00e-04 | wd=0.0392 | mom=0.9500 | T=1.2 k=1.0 (mu_rec=1 mu_bwd=1) | grad=2.359 | tok/s=54,345 | tokens=0.76B
step= 23220 | loss=4.7355 | lr=3.00e-04 | wd=0.0391 | mom=0.9500 | T=1.2 k=1.0 (mu_rec=1 mu_bwd=1) | grad=2.375 | tok/s=53,829 | tokens=0.76B
step= 23230 | loss=4.7253 | lr=3.00e-04 | wd=0.0391 | mom=0.9500 | T=1.0 k=1.0 (mu_rec=1 mu_bwd=1) | grad=2.375 | tok/s=56,962 | tokens=0.76B
step= 23240 | loss=4.9331 | lr=3.00e-04 | wd=0.0391 | mom=0.9500 | T=1.5 k=1.0 (mu_rec=1 mu_bwd=1) | grad=2.172 | tok/s=54,141 | tokens=0.76B
step= 23250 | loss=4.6923 | lr=3.00e-04 | wd=0.0391 | mom=0.9500 | T=1.8 k=1.0 (mu_rec=1 mu_bwd=1) | grad=3.438 | tok/s=55,262 | tokens=0.76B
step= 23260 | loss=4.4594 | lr=3.00e-04 | wd=0.0390 | mom=0.9500 | T=1.0 k=1.0 (mu_rec=1 mu_bwd=1) | grad=2.562 | tok/s=54,885 | tokens=0.76B
step= 23270 | loss=4.7610 | lr=3.00e-04 | wd=0.0390 | mom=0.9500 | T=1.0 k=1.0 (mu_rec=1 mu_bwd=1) | grad=2.484 | tok/s=57,578 | tokens=0.76B
step= 23280 | loss=4.7734 | lr=3.00e-04 | wd=0.0390 | mom=0.9500 | T=1.5 k=1.0 (mu_rec=1 mu_bwd=1) | grad=2.547 | tok/s=54,231 | tokens=0.76B
step= 23290 | loss=4.7856 | lr=3.00e-04 | wd=0.0389 | mom=0.9500 | T=1.2 k=1.0 (mu_rec=1 mu_bwd=1) | grad=2.500 | tok/s=59,745 | tokens=0.76B
step= 23300 | loss=4.8110 | lr=3.00e-04 | wd=0.0389 | mom=0.9500 | T=1.2 k=1.0 (mu_rec=1 mu_bwd=1) | grad=18.125 | tok/s=54,778 | tokens=0.76B
step= 23310 | loss=4.7017 | lr=3.00e-04 | wd=0.0389 | mom=0.9500 | T=2.2 k=1.0 (mu_rec=1 mu_bwd=1) | grad=1.836 | tok/s=57,493 | tokens=0.76B
step= 23320 | loss=4.6958 | lr=3.00e-04 | wd=0.0389 | mom=0.9500 | T=2.2 k=1.0 (mu_rec=1 mu_bwd=1) | grad=2.000 | tok/s=52,141 | tokens=0.76B
step= 23330 | loss=4.8117 | lr=3.00e-04 | wd=0.0388 | mom=0.9500 | T=1.2 k=1.0 (mu_rec=1 mu_bwd=1) | grad=2.453 | tok/s=56,033 | tokens=0.76B
step= 23340 | loss=4.6253 | lr=3.00e-04 | wd=0.0388 | mom=0.9500 | T=1.0 k=1.0 (mu_rec=1 mu_bwd=1) | grad=3.344 | tok/s=8,460 | tokens=0.76B
step= 23350 | loss=4.6318 | lr=3.00e-04 | wd=0.0388 | mom=0.9500 | T=1.5 k=1.0 (mu_rec=1 mu_bwd=1) | grad=2.578 | tok/s=57,056 | tokens=0.77B
step= 23360 | loss=4.8502 | lr=3.00e-04 | wd=0.0388 | mom=0.9500 | T=1.2 k=1.0 (mu_rec=1 mu_bwd=1) | grad=2.266 | tok/s=58,378 | tokens=0.77B
step= 23370 | loss=4.9143 | lr=3.00e-04 | wd=0.0387 | mom=0.9500 | T=1.0 k=1.0 (mu_rec=1 mu_bwd=1) | grad=3.047 | tok/s=56,541 | tokens=0.77B
step= 23380 | loss=4.8606 | lr=3.00e-04 | wd=0.0387 | mom=0.9500 | T=2.2 k=1.0 (mu_rec=1 mu_bwd=1) | grad=2.625 | tok/s=55,102 | tokens=0.77B
step= 23390 | loss=4.9944 | lr=3.00e-04 | wd=0.0387 | mom=0.9500 | T=1.2 k=1.0 (mu_rec=1 mu_bwd=1) | grad=4.875 | tok/s=55,442 | tokens=0.77B
step= 23400 | loss=4.9179 | lr=3.00e-04 | wd=0.0387 | mom=0.9500 | T=1.0 k=1.0 (mu_rec=1 mu_bwd=1) | grad=7.000 | tok/s=53,278 | tokens=0.77B
step= 23410 | loss=4.8408 | lr=3.00e-04 | wd=0.0386 | mom=0.9500 | T=1.0 k=1.0 (mu_rec=1 mu_bwd=1) | grad=2.969 | tok/s=52,817 | tokens=0.77B
step= 23420 | loss=5.0627 | lr=3.00e-04 | wd=0.0386 | mom=0.9500 | T=1.0 k=1.0 (mu_rec=1 mu_bwd=1) | grad=2.719 | tok/s=58,371 | tokens=0.77B
step= 23430 | loss=4.7979 | lr=3.00e-04 | wd=0.0386 | mom=0.9500 | T=1.0 k=1.0 (mu_rec=1 mu_bwd=1) | grad=3.969 | tok/s=58,314 | tokens=0.77B
step= 23440 | loss=4.8602 | lr=3.00e-04 | wd=0.0386 | mom=0.9500 | T=1.0 k=1.0 (mu_rec=1 mu_bwd=1) | grad=3.672 | tok/s=55,439 | tokens=0.77B
step= 23450 | loss=4.6499 | lr=3.00e-04 | wd=0.0385 | mom=0.9500 | T=1.0 k=1.0 (mu_rec=1 mu_bwd=1) | grad=2.547 | tok/s=53,487 | tokens=0.77B
step= 23460 | loss=4.8060 | lr=3.00e-04 | wd=0.0385 | mom=0.9500 | T=1.0 k=1.0 (mu_rec=1 mu_bwd=1) | grad=2.938 | tok/s=57,479 | tokens=0.77B
step= 23470 | loss=4.8689 | lr=3.00e-04 | wd=0.0385 | mom=0.9500 | T=1.0 k=1.0 (mu_rec=1 mu_bwd=1) | grad=3.906 | tok/s=56,469 | tokens=0.77B
step= 23480 | loss=4.9020 | lr=3.00e-04 | wd=0.0384 | mom=0.9500 | T=1.2 k=1.0 (mu_rec=1 mu_bwd=1) | grad=2.750 | tok/s=55,451 | tokens=0.77B
step= 23490 | loss=4.8020 | lr=3.00e-04 | wd=0.0384 | mom=0.9500 | T=1.2 k=1.0 (mu_rec=1 mu_bwd=1) | grad=2.516 | tok/s=55,020 | tokens=0.77B
step= 23500 | loss=4.8436 | lr=3.00e-04 | wd=0.0384 | mom=0.9500 | T=1.0 k=1.0 (mu_rec=1 mu_bwd=1) | grad=2.906 | tok/s=55,384 | tokens=0.77B
step= 23510 | loss=4.6544 | lr=3.00e-04 | wd=0.0384 | mom=0.9500 | T=1.5 k=1.0 (mu_rec=1 mu_bwd=1) | grad=9.438 | tok/s=52,011 | tokens=0.77B
step= 23520 | loss=4.9766 | lr=3.00e-04 | wd=0.0383 | mom=0.9500 | T=1.8 k=1.0 (mu_rec=1 mu_bwd=1) | grad=1.797 | tok/s=52,576 | tokens=0.77B
step= 23530 | loss=4.9283 | lr=3.00e-04 | wd=0.0383 | mom=0.9500 | T=1.8 k=1.0 (mu_rec=1 mu_bwd=1) | grad=3.688 | tok/s=54,658 | tokens=0.77B
step= 23540 | loss=4.8725 | lr=3.00e-04 | wd=0.0383 | mom=0.9500 | T=1.2 k=1.0 (mu_rec=1 mu_bwd=1) | grad=2.078 | tok/s=51,788 | tokens=0.77B
step= 23550 | loss=4.8129 | lr=3.00e-04 | wd=0.0383 | mom=0.9500 | T=1.0 k=1.0 (mu_rec=1 mu_bwd=1) | grad=7.094 | tok/s=58,286 | tokens=0.77B
step= 23560 | loss=4.9554 | lr=3.00e-04 | wd=0.0382 | mom=0.9500 | T=1.5 k=1.0 (mu_rec=1 mu_bwd=1) | grad=2.359 | tok/s=56,409 | tokens=0.77B
step= 23570 | loss=4.5698 | lr=3.00e-04 | wd=0.0382 | mom=0.9500 | T=1.2 k=1.0 (mu_rec=1 mu_bwd=1) | grad=3.359 | tok/s=60,093 | tokens=0.77B
step= 23580 | loss=4.8634 | lr=3.00e-04 | wd=0.0382 | mom=0.9500 | T=1.0 k=1.0 (mu_rec=1 mu_bwd=1) | grad=3.828 | tok/s=55,557 | tokens=0.77B
step= 23590 | loss=4.6023 | lr=3.00e-04 | wd=0.0382 | mom=0.9500 | T=2.5 k=1.0 (mu_rec=1 mu_bwd=1) | grad=1.711 | tok/s=53,665 | tokens=0.77B
step= 23600 | loss=4.9083 | lr=3.00e-04 | wd=0.0381 | mom=0.9500 | T=1.0 k=1.0 (mu_rec=1 mu_bwd=1) | grad=2.828 | tok/s=55,970 | tokens=0.77B
step= 23610 | loss=4.9878 | lr=3.00e-04 | wd=0.0381 | mom=0.9500 | T=1.0 k=1.0 (mu_rec=1 mu_bwd=1) | grad=3.547 | tok/s=55,642 | tokens=0.77B
step= 23620 | loss=4.8976 | lr=3.00e-04 | wd=0.0381 | mom=0.9500 | T=1.2 k=1.0 (mu_rec=1 mu_bwd=1) | grad=7.781 | tok/s=9,439 | tokens=0.77B
step= 23630 | loss=4.7769 | lr=3.00e-04 | wd=0.0381 | mom=0.9500 | T=1.0 k=1.0 (mu_rec=1 mu_bwd=1) | grad=2.125 | tok/s=60,234 | tokens=0.77B
step= 23640 | loss=4.8435 | lr=3.00e-04 | wd=0.0380 | mom=0.9500 | T=1.2 k=1.0 (mu_rec=1 mu_bwd=1) | grad=2.719 | tok/s=54,590 | tokens=0.77B
step= 23650 | loss=4.8959 | lr=3.00e-04 | wd=0.0380 | mom=0.9500 | T=1.2 k=1.0 (mu_rec=1 mu_bwd=1) | grad=3.703 | tok/s=56,285 | tokens=0.77B
step= 23660 | loss=5.0955 | lr=3.00e-04 | wd=0.0380 | mom=0.9500 | T=1.8 k=1.0 (mu_rec=1 mu_bwd=1) | grad=2.312 | tok/s=58,100 | tokens=0.78B
step= 23670 | loss=4.8681 | lr=3.00e-04 | wd=0.0380 | mom=0.9500 | T=1.0 k=1.0 (mu_rec=1 mu_bwd=1) | grad=2.391 | tok/s=59,232 | tokens=0.78B
step= 23680 | loss=4.8966 | lr=3.00e-04 | wd=0.0379 | mom=0.9500 | T=1.8 k=1.0 (mu_rec=1 mu_bwd=1) | grad=2.203 | tok/s=54,816 | tokens=0.78B
step= 23690 | loss=4.8796 | lr=3.00e-04 | wd=0.0379 | mom=0.9500 | T=1.8 k=1.0 (mu_rec=1 mu_bwd=1) | grad=3.531 | tok/s=57,535 | tokens=0.78B
step= 23700 | loss=4.9508 | lr=3.00e-04 | wd=0.0379 | mom=0.9500 | T=1.2 k=1.0 (mu_rec=1 mu_bwd=1) | grad=2.891 | tok/s=51,619 | tokens=0.78B
step= 23710 | loss=4.9587 | lr=3.00e-04 | wd=0.0378 | mom=0.9500 | T=1.8 k=1.0 (mu_rec=1 mu_bwd=1) | grad=2.078 | tok/s=57,454 | tokens=0.78B
step= 23720 | loss=4.8262 | lr=3.00e-04 | wd=0.0378 | mom=0.9500 | T=1.2 k=1.0 (mu_rec=1 mu_bwd=1) | grad=3.859 | tok/s=53,402 | tokens=0.78B
step= 23730 | loss=4.8465 | lr=3.00e-04 | wd=0.0378 | mom=0.9500 | T=1.5 k=1.0 (mu_rec=1 mu_bwd=1) | grad=5.031 | tok/s=53,133 | tokens=0.78B
step= 23740 | loss=5.2333 | lr=3.00e-04 | wd=0.0378 | mom=0.9500 | T=1.5 k=1.0 (mu_rec=1 mu_bwd=1) | grad=3.734 | tok/s=55,618 | tokens=0.78B
step= 23750 | loss=4.8459 | lr=3.00e-04 | wd=0.0377 | mom=0.9500 | T=1.2 k=1.0 (mu_rec=1 mu_bwd=1) | grad=3.172 | tok/s=56,064 | tokens=0.78B
step= 23760 | loss=5.0052 | lr=3.00e-04 | wd=0.0377 | mom=0.9500 | T=2.2 k=1.0 (mu_rec=1 mu_bwd=1) | grad=2.766 | tok/s=54,340 | tokens=0.78B
step= 23770 | loss=4.9152 | lr=3.00e-04 | wd=0.0377 | mom=0.9500 | T=1.2 k=1.0 (mu_rec=1 mu_bwd=1) | grad=2.469 | tok/s=56,496 | tokens=0.78B
step= 23780 | loss=4.8829 | lr=3.00e-04 | wd=0.0377 | mom=0.9500 | T=1.2 k=1.0 (mu_rec=1 mu_bwd=1) | grad=2.297 | tok/s=54,947 | tokens=0.78B
step= 23790 | loss=4.7414 | lr=3.00e-04 | wd=0.0376 | mom=0.9500 | T=1.5 k=1.0 (mu_rec=1 mu_bwd=1) | grad=4.719 | tok/s=54,387 | tokens=0.78B
step= 23800 | loss=4.9605 | lr=3.00e-04 | wd=0.0376 | mom=0.9500 | T=1.8 k=1.0 (mu_rec=1 mu_bwd=1) | grad=2.031 | tok/s=58,244 | tokens=0.78B
step= 23810 | loss=4.8082 | lr=3.00e-04 | wd=0.0376 | mom=0.9500 | T=1.5 k=1.0 (mu_rec=1 mu_bwd=1) | grad=2.234 | tok/s=53,641 | tokens=0.78B
step= 23820 | loss=5.1101 | lr=3.00e-04 | wd=0.0376 | mom=0.9500 | T=1.2 k=1.0 (mu_rec=1 mu_bwd=1) | grad=4.781 | tok/s=58,932 | tokens=0.78B
step= 23830 | loss=4.7835 | lr=3.00e-04 | wd=0.0375 | mom=0.9500 | T=1.5 k=1.0 (mu_rec=1 mu_bwd=1) | grad=2.125 | tok/s=54,429 | tokens=0.78B
step= 23840 | loss=4.9395 | lr=3.00e-04 | wd=0.0375 | mom=0.9500 | T=1.2 k=1.0 (mu_rec=1 mu_bwd=1) | grad=2.547 | tok/s=56,461 | tokens=0.78B
step= 23850 | loss=4.8392 | lr=3.00e-04 | wd=0.0375 | mom=0.9500 | T=1.5 k=1.0 (mu_rec=1 mu_bwd=1) | grad=2.266 | tok/s=50,700 | tokens=0.78B
step= 23860 | loss=4.8436 | lr=3.00e-04 | wd=0.0375 | mom=0.9500 | T=1.0 k=1.0 (mu_rec=1 mu_bwd=1) | grad=2.125 | tok/s=58,381 | tokens=0.78B
step= 23870 | loss=4.8989 | lr=3.00e-04 | wd=0.0374 | mom=0.9500 | T=1.0 k=1.0 (mu_rec=1 mu_bwd=1) | grad=2.578 | tok/s=56,666 | tokens=0.78B
step= 23880 | loss=4.8571 | lr=3.00e-04 | wd=0.0374 | mom=0.9500 | T=1.0 k=1.0 (mu_rec=1 mu_bwd=1) | grad=2.359 | tok/s=57,888 | tokens=0.78B
step= 23890 | loss=4.6529 | lr=3.00e-04 | wd=0.0374 | mom=0.9500 | T=1.5 k=1.0 (mu_rec=1 mu_bwd=1) | grad=4.625 | tok/s=54,142 | tokens=0.78B
step= 23900 | loss=4.7988 | lr=3.00e-04 | wd=0.0373 | mom=0.9500 | T=1.0 k=1.0 (mu_rec=1 mu_bwd=1) | grad=2.953 | tok/s=54,299 | tokens=0.78B
step= 23910 | loss=4.9683 | lr=3.00e-04 | wd=0.0373 | mom=0.9500 | T=1.0 k=1.0 (mu_rec=1 mu_bwd=1) | grad=3.422 | tok/s=57,329 | tokens=0.78B
step= 23920 | loss=4.9604 | lr=3.00e-04 | wd=0.0373 | mom=0.9500 | T=1.0 k=1.0 (mu_rec=1 mu_bwd=1) | grad=2.656 | tok/s=54,292 | tokens=0.78B
step= 23930 | loss=4.9268 | lr=3.00e-04 | wd=0.0373 | mom=0.9500 | T=1.0 k=1.0 (mu_rec=1 mu_bwd=1) | grad=2.453 | tok/s=54,007 | tokens=0.78B
step= 23940 | loss=4.8111 | lr=3.00e-04 | wd=0.0372 | mom=0.9500 | T=2.2 k=1.0 (mu_rec=1 mu_bwd=1) | grad=14.938 | tok/s=56,670 | tokens=0.78B
step= 23950 | loss=4.8804 | lr=3.00e-04 | wd=0.0372 | mom=0.9500 | T=2.0 k=1.0 (mu_rec=1 mu_bwd=1) | grad=4.906 | tok/s=55,094 | tokens=0.78B
step= 23960 | loss=4.7290 | lr=3.00e-04 | wd=0.0372 | mom=0.9500 | T=1.2 k=1.0 (mu_rec=1 mu_bwd=1) | grad=2.453 | tok/s=52,027 | tokens=0.79B
step= 23970 | loss=4.8111 | lr=3.00e-04 | wd=0.0372 | mom=0.9500 | T=1.8 k=1.0 (mu_rec=1 mu_bwd=1) | grad=3.266 | tok/s=56,211 | tokens=0.79B
step= 23980 | loss=4.8851 | lr=3.00e-04 | wd=0.0371 | mom=0.9500 | T=2.5 k=1.0 (mu_rec=1 mu_bwd=1) | grad=3.438 | tok/s=52,512 | tokens=0.79B
step= 23990 | loss=4.8371 | lr=3.00e-04 | wd=0.0371 | mom=0.9500 | T=1.0 k=1.0 (mu_rec=1 mu_bwd=1) | grad=7.406 | tok/s=56,477 | tokens=0.79B
step= 24000 | loss=4.7551 | lr=3.00e-04 | wd=0.0371 | mom=0.9500 | T=1.2 k=1.0 (mu_rec=1 mu_bwd=1) | grad=2.438 | tok/s=59,452 | tokens=0.79B
step= 24010 | loss=4.7692 | lr=3.00e-04 | wd=0.0371 | mom=0.9500 | T=2.0 k=1.0 (mu_rec=1 mu_bwd=1) | grad=2.031 | tok/s=53,507 | tokens=0.79B
step= 24020 | loss=4.8565 | lr=3.00e-04 | wd=0.0370 | mom=0.9500 | T=2.0 k=1.0 (mu_rec=1 mu_bwd=1) | grad=2.359 | tok/s=52,709 | tokens=0.79B
step= 24030 | loss=4.8841 | lr=3.00e-04 | wd=0.0370 | mom=0.9500 | T=1.5 k=1.0 (mu_rec=1 mu_bwd=1) | grad=2.531 | tok/s=53,477 | tokens=0.79B
step= 24040 | loss=4.9332 | lr=3.00e-04 | wd=0.0370 | mom=0.9500 | T=1.2 k=1.0 (mu_rec=1 mu_bwd=1) | grad=2.234 | tok/s=53,719 | tokens=0.79B
step= 24050 | loss=4.6577 | lr=3.00e-04 | wd=0.0370 | mom=0.9500 | T=1.5 k=1.0 (mu_rec=1 mu_bwd=1) | grad=2.562 | tok/s=54,665 | tokens=0.79B
step= 24060 | loss=4.9174 | lr=3.00e-04 | wd=0.0369 | mom=0.9500 | T=1.5 k=1.0 (mu_rec=1 mu_bwd=1) | grad=2.172 | tok/s=53,173 | tokens=0.79B
step= 24070 | loss=4.8379 | lr=3.00e-04 | wd=0.0369 | mom=0.9500 | T=1.0 k=1.0 (mu_rec=1 mu_bwd=1) | grad=2.938 | tok/s=54,465 | tokens=0.79B
step= 24080 | loss=4.6305 | lr=3.00e-04 | wd=0.0369 | mom=0.9500 | T=1.5 k=1.0 (mu_rec=1 mu_bwd=1) | grad=3.266 | tok/s=54,904 | tokens=0.79B
step= 24090 | loss=4.7309 | lr=3.00e-04 | wd=0.0369 | mom=0.9500 | T=1.5 k=1.0 (mu_rec=1 mu_bwd=1) | grad=2.469 | tok/s=57,317 | tokens=0.79B
step= 24100 | loss=4.9396 | lr=3.00e-04 | wd=0.0368 | mom=0.9500 | T=1.2 k=1.0 (mu_rec=1 mu_bwd=1) | grad=11.812 | tok/s=54,820 | tokens=0.79B
step= 24110 | loss=4.8868 | lr=3.00e-04 | wd=0.0368 | mom=0.9500 | T=1.2 k=1.0 (mu_rec=1 mu_bwd=1) | grad=2.047 | tok/s=54,297 | tokens=0.79B
step= 24120 | loss=4.7584 | lr=3.00e-04 | wd=0.0368 | mom=0.9500 | T=1.5 k=1.0 (mu_rec=1 mu_bwd=1) | grad=2.250 | tok/s=54,116 | tokens=0.79B
step= 24130 | loss=4.7884 | lr=3.00e-04 | wd=0.0367 | mom=0.9500 | T=1.2 k=1.0 (mu_rec=1 mu_bwd=1) | grad=2.188 | tok/s=54,830 | tokens=0.79B
step= 24140 | loss=4.7076 | lr=3.00e-04 | wd=0.0367 | mom=0.9500 | T=1.0 k=1.0 (mu_rec=1 mu_bwd=1) | grad=3.578 | tok/s=60,447 | tokens=0.79B
step= 24150 | loss=4.6520 | lr=3.00e-04 | wd=0.0367 | mom=0.9500 | T=1.8 k=1.0 (mu_rec=1 mu_bwd=1) | grad=8.938 | tok/s=55,275 | tokens=0.79B
step= 24160 | loss=4.5195 | lr=3.00e-04 | wd=0.0367 | mom=0.9500 | T=2.0 k=1.0 (mu_rec=1 mu_bwd=1) | grad=2.359 | tok/s=54,082 | tokens=0.79B
step= 24170 | loss=4.9817 | lr=3.00e-04 | wd=0.0366 | mom=0.9500 | T=1.0 k=1.0 (mu_rec=1 mu_bwd=1) | grad=2.641 | tok/s=57,883 | tokens=0.79B
step= 24180 | loss=4.9192 | lr=3.00e-04 | wd=0.0366 | mom=0.9500 | T=1.2 k=1.0 (mu_rec=1 mu_bwd=1) | grad=2.828 | tok/s=56,073 | tokens=0.79B
step= 24190 | loss=4.9221 | lr=3.00e-04 | wd=0.0366 | mom=0.9500 | T=1.5 k=1.0 (mu_rec=1 mu_bwd=1) | grad=2.297 | tok/s=54,801 | tokens=0.79B
step= 24200 | loss=4.8882 | lr=3.00e-04 | wd=0.0366 | mom=0.9500 | T=1.2 k=1.0 (mu_rec=1 mu_bwd=1) | grad=2.344 | tok/s=8,718 | tokens=0.79B
step= 24210 | loss=5.0180 | lr=3.00e-04 | wd=0.0365 | mom=0.9500 | T=1.0 k=1.0 (mu_rec=1 mu_bwd=1) | grad=3.719 | tok/s=55,464 | tokens=0.79B
step= 24220 | loss=4.8549 | lr=3.00e-04 | wd=0.0365 | mom=0.9500 | T=1.0 k=1.0 (mu_rec=1 mu_bwd=1) | grad=3.109 | tok/s=56,180 | tokens=0.79B
step= 24230 | loss=4.8467 | lr=3.00e-04 | wd=0.0365 | mom=0.9500 | T=1.0 k=1.0 (mu_rec=1 mu_bwd=1) | grad=6.719 | tok/s=59,473 | tokens=0.79B
step= 24240 | loss=4.8158 | lr=3.00e-04 | wd=0.0365 | mom=0.9500 | T=1.0 k=1.0 (mu_rec=1 mu_bwd=1) | grad=2.688 | tok/s=55,420 | tokens=0.79B
step= 24250 | loss=4.8627 | lr=3.00e-04 | wd=0.0364 | mom=0.9500 | T=2.0 k=1.0 (mu_rec=1 mu_bwd=1) | grad=7.094 | tok/s=54,233 | tokens=0.79B
step= 24260 | loss=4.9113 | lr=3.00e-04 | wd=0.0364 | mom=0.9500 | T=2.0 k=1.0 (mu_rec=1 mu_bwd=1) | grad=4.562 | tok/s=56,410 | tokens=0.79B
step= 24270 | loss=4.8853 | lr=3.00e-04 | wd=0.0364 | mom=0.9500 | T=2.2 k=1.0 (mu_rec=1 mu_bwd=1) | grad=1.977 | tok/s=55,125 | tokens=0.80B
step= 24280 | loss=4.8047 | lr=3.00e-04 | wd=0.0364 | mom=0.9500 | T=1.2 k=1.0 (mu_rec=1 mu_bwd=1) | grad=2.219 | tok/s=55,783 | tokens=0.80B
step= 24290 | loss=4.7622 | lr=3.00e-04 | wd=0.0363 | mom=0.9500 | T=1.8 k=1.0 (mu_rec=1 mu_bwd=1) | grad=14.062 | tok/s=57,141 | tokens=0.80B
step= 24300 | loss=4.6873 | lr=3.00e-04 | wd=0.0363 | mom=0.9500 | T=1.5 k=1.0 (mu_rec=1 mu_bwd=1) | grad=2.172 | tok/s=56,936 | tokens=0.80B
step= 24310 | loss=4.7119 | lr=3.00e-04 | wd=0.0363 | mom=0.9500 | T=2.0 k=1.0 (mu_rec=1 mu_bwd=1) | grad=3.141 | tok/s=55,023 | tokens=0.80B
step= 24320 | loss=4.7381 | lr=3.00e-04 | wd=0.0362 | mom=0.9500 | T=1.0 k=1.0 (mu_rec=1 mu_bwd=1) | grad=5.531 | tok/s=56,133 | tokens=0.80B
step= 24330 | loss=4.8147 | lr=3.00e-04 | wd=0.0362 | mom=0.9500 | T=1.2 k=1.0 (mu_rec=1 mu_bwd=1) | grad=2.938 | tok/s=54,373 | tokens=0.80B
step= 24340 | loss=4.8033 | lr=3.00e-04 | wd=0.0362 | mom=0.9500 | T=1.0 k=1.0 (mu_rec=1 mu_bwd=1) | grad=3.000 | tok/s=54,836 | tokens=0.80B
step= 24350 | loss=4.7926 | lr=3.00e-04 | wd=0.0362 | mom=0.9500 | T=1.5 k=1.0 (mu_rec=1 mu_bwd=1) | grad=1.930 | tok/s=53,224 | tokens=0.80B
step= 24360 | loss=4.8683 | lr=3.00e-04 | wd=0.0361 | mom=0.9500 | T=2.0 k=1.0 (mu_rec=1 mu_bwd=1) | grad=1.891 | tok/s=55,010 | tokens=0.80B
step= 24370 | loss=4.7613 | lr=3.00e-04 | wd=0.0361 | mom=0.9500 | T=1.8 k=1.0 (mu_rec=1 mu_bwd=1) | grad=3.109 | tok/s=57,306 | tokens=0.80B
step= 24380 | loss=4.8877 | lr=3.00e-04 | wd=0.0361 | mom=0.9500 | T=1.2 k=1.0 (mu_rec=1 mu_bwd=1) | grad=2.922 | tok/s=53,457 | tokens=0.80B
step= 24390 | loss=5.0840 | lr=3.00e-04 | wd=0.0361 | mom=0.9500 | T=1.5 k=1.0 (mu_rec=1 mu_bwd=1) | grad=1.820 | tok/s=56,578 | tokens=0.80B
step= 24400 | loss=5.0328 | lr=3.00e-04 | wd=0.0360 | mom=0.9500 | T=1.2 k=1.0 (mu_rec=1 mu_bwd=1) | grad=2.156 | tok/s=52,117 | tokens=0.80B
step= 24410 | loss=4.7679 | lr=3.00e-04 | wd=0.0360 | mom=0.9500 | T=1.8 k=1.0 (mu_rec=1 mu_bwd=1) | grad=2.594 | tok/s=57,861 | tokens=0.80B
step= 24420 | loss=4.6535 | lr=3.00e-04 | wd=0.0360 | mom=0.9500 | T=1.2 k=1.0 (mu_rec=1 mu_bwd=1) | grad=2.438 | tok/s=52,271 | tokens=0.80B
step= 24430 | loss=4.7188 | lr=3.00e-04 | wd=0.0360 | mom=0.9500 | T=1.0 k=1.0 (mu_rec=1 mu_bwd=1) | grad=3.156 | tok/s=55,463 | tokens=0.80B
step= 24440 | loss=4.9396 | lr=3.00e-04 | wd=0.0359 | mom=0.9500 | T=1.0 k=1.0 (mu_rec=1 mu_bwd=1) | grad=2.422 | tok/s=8,511 | tokens=0.80B
step= 24450 | loss=4.7801 | lr=3.00e-04 | wd=0.0359 | mom=0.9500 | T=1.0 k=1.0 (mu_rec=1 mu_bwd=1) | grad=2.844 | tok/s=57,292 | tokens=0.80B
step= 24460 | loss=4.8323 | lr=3.00e-04 | wd=0.0359 | mom=0.9500 | T=1.2 k=1.0 (mu_rec=1 mu_bwd=1) | grad=2.141 | tok/s=59,005 | tokens=0.80B
step= 24470 | loss=4.8016 | lr=3.00e-04 | wd=0.0359 | mom=0.9500 | T=1.0 k=1.0 (mu_rec=1 mu_bwd=1) | grad=2.688 | tok/s=57,760 | tokens=0.80B
step= 24480 | loss=4.8697 | lr=3.00e-04 | wd=0.0358 | mom=0.9500 | T=1.2 k=1.0 (mu_rec=1 mu_bwd=1) | grad=3.609 | tok/s=55,143 | tokens=0.80B
step= 24490 | loss=5.0021 | lr=3.00e-04 | wd=0.0358 | mom=0.9500 | T=1.8 k=1.0 (mu_rec=1 mu_bwd=1) | grad=2.031 | tok/s=56,730 | tokens=0.80B
step= 24500 | loss=4.8466 | lr=3.00e-04 | wd=0.0358 | mom=0.9500 | T=1.2 k=1.0 (mu_rec=1 mu_bwd=1) | grad=2.297 | tok/s=55,148 | tokens=0.80B
step= 24510 | loss=4.7202 | lr=3.00e-04 | wd=0.0357 | mom=0.9500 | T=1.5 k=1.0 (mu_rec=1 mu_bwd=1) | grad=3.094 | tok/s=58,443 | tokens=0.80B
step= 24520 | loss=4.8051 | lr=3.00e-04 | wd=0.0357 | mom=0.9500 | T=1.5 k=1.0 (mu_rec=1 mu_bwd=1) | grad=2.047 | tok/s=57,248 | tokens=0.80B
step= 24530 | loss=4.7255 | lr=3.00e-04 | wd=0.0357 | mom=0.9500 | T=1.2 k=1.0 (mu_rec=1 mu_bwd=1) | grad=2.859 | tok/s=53,270 | tokens=0.80B
step= 24540 | loss=4.8777 | lr=3.00e-04 | wd=0.0357 | mom=0.9500 | T=1.2 k=1.0 (mu_rec=1 mu_bwd=1) | grad=2.859 | tok/s=56,667 | tokens=0.80B
step= 24550 | loss=4.7499 | lr=3.00e-04 | wd=0.0356 | mom=0.9500 | T=1.0 k=1.0 (mu_rec=1 mu_bwd=1) | grad=3.859 | tok/s=58,048 | tokens=0.80B
step= 24560 | loss=4.8748 | lr=3.00e-04 | wd=0.0356 | mom=0.9500 | T=1.0 k=1.0 (mu_rec=1 mu_bwd=1) | grad=4.562 | tok/s=57,256 | tokens=0.80B
step= 24570 | loss=4.8404 | lr=3.00e-04 | wd=0.0356 | mom=0.9500 | T=1.2 k=1.0 (mu_rec=1 mu_bwd=1) | grad=2.312 | tok/s=58,527 | tokens=0.81B
step= 24580 | loss=4.9168 | lr=3.00e-04 | wd=0.0356 | mom=0.9500 | T=1.5 k=1.0 (mu_rec=1 mu_bwd=1) | grad=4.688 | tok/s=53,161 | tokens=0.81B
step= 24590 | loss=4.8032 | lr=3.00e-04 | wd=0.0355 | mom=0.9500 | T=1.2 k=1.0 (mu_rec=1 mu_bwd=1) | grad=4.781 | tok/s=55,968 | tokens=0.81B
step= 24600 | loss=4.7838 | lr=3.00e-04 | wd=0.0355 | mom=0.9500 | T=1.8 k=1.0 (mu_rec=1 mu_bwd=1) | grad=4.000 | tok/s=55,082 | tokens=0.81B
step= 24610 | loss=4.9509 | lr=3.00e-04 | wd=0.0355 | mom=0.9500 | T=1.0 k=1.0 (mu_rec=1 mu_bwd=1) | grad=3.531 | tok/s=57,501 | tokens=0.81B
step= 24620 | loss=4.5117 | lr=3.00e-04 | wd=0.0355 | mom=0.9500 | T=1.5 k=1.0 (mu_rec=1 mu_bwd=1) | grad=17.000 | tok/s=55,699 | tokens=0.81B
step= 24630 | loss=4.8760 | lr=3.00e-04 | wd=0.0354 | mom=0.9500 | T=2.2 k=1.0 (mu_rec=1 mu_bwd=1) | grad=1.852 | tok/s=54,672 | tokens=0.81B
step= 24640 | loss=4.8883 | lr=3.00e-04 | wd=0.0354 | mom=0.9500 | T=1.5 k=1.0 (mu_rec=1 mu_bwd=1) | grad=3.219 | tok/s=56,362 | tokens=0.81B
step= 24650 | loss=4.7353 | lr=3.00e-04 | wd=0.0354 | mom=0.9500 | T=1.2 k=1.0 (mu_rec=1 mu_bwd=1) | grad=4.219 | tok/s=55,525 | tokens=0.81B
step= 24660 | loss=4.8063 | lr=3.00e-04 | wd=0.0354 | mom=0.9500 | T=1.5 k=1.0 (mu_rec=1 mu_bwd=1) | grad=2.781 | tok/s=59,667 | tokens=0.81B
step= 24670 | loss=4.7849 | lr=3.00e-04 | wd=0.0353 | mom=0.9500 | T=1.2 k=1.0 (mu_rec=1 mu_bwd=1) | grad=2.844 | tok/s=56,871 | tokens=0.81B
step= 24680 | loss=4.7766 | lr=3.00e-04 | wd=0.0353 | mom=0.9500 | T=2.0 k=1.0 (mu_rec=1 mu_bwd=1) | grad=1.906 | tok/s=55,593 | tokens=0.81B
step= 24690 | loss=4.9333 | lr=3.00e-04 | wd=0.0353 | mom=0.9500 | T=1.8 k=1.0 (mu_rec=1 mu_bwd=1) | grad=1.680 | tok/s=58,592 | tokens=0.81B
step= 24700 | loss=4.8709 | lr=3.00e-04 | wd=0.0353 | mom=0.9500 | T=1.0 k=1.0 (mu_rec=1 mu_bwd=1) | grad=3.422 | tok/s=55,136 | tokens=0.81B
step= 24710 | loss=4.6770 | lr=3.00e-04 | wd=0.0352 | mom=0.9500 | T=1.5 k=1.0 (mu_rec=1 mu_bwd=1) | grad=3.578 | tok/s=55,126 | tokens=0.81B
step= 24720 | loss=4.7691 | lr=3.00e-04 | wd=0.0352 | mom=0.9500 | T=1.0 k=1.0 (mu_rec=1 mu_bwd=1) | grad=3.109 | tok/s=56,857 | tokens=0.81B
step= 24730 | loss=4.8374 | lr=3.00e-04 | wd=0.0352 | mom=0.9500 | T=2.0 k=1.0 (mu_rec=1 mu_bwd=1) | grad=1.617 | tok/s=53,328 | tokens=0.81B
step= 24740 | loss=4.9109 | lr=3.00e-04 | wd=0.0351 | mom=0.9500 | T=2.0 k=1.0 (mu_rec=1 mu_bwd=1) | grad=2.797 | tok/s=55,278 | tokens=0.81B
step= 24750 | loss=4.7555 | lr=3.00e-04 | wd=0.0351 | mom=0.9500 | T=2.0 k=1.0 (mu_rec=1 mu_bwd=1) | grad=2.078 | tok/s=57,014 | tokens=0.81B
step= 24760 | loss=4.7672 | lr=3.00e-04 | wd=0.0351 | mom=0.9500 | T=1.2 k=1.0 (mu_rec=1 mu_bwd=1) | grad=6.094 | tok/s=55,380 | tokens=0.81B
step= 24770 | loss=5.0785 | lr=3.00e-04 | wd=0.0351 | mom=0.9500 | T=1.0 k=1.0 (mu_rec=1 mu_bwd=1) | grad=3.453 | tok/s=55,242 | tokens=0.81B
step= 24780 | loss=4.8223 | lr=3.00e-04 | wd=0.0350 | mom=0.9500 | T=1.2 k=1.0 (mu_rec=1 mu_bwd=1) | grad=2.266 | tok/s=55,177 | tokens=0.81B
step= 24790 | loss=4.8348 | lr=3.00e-04 | wd=0.0350 | mom=0.9500 | T=2.2 k=1.0 (mu_rec=1 mu_bwd=1) | grad=2.406 | tok/s=55,042 | tokens=0.81B
step= 24800 | loss=4.8667 | lr=3.00e-04 | wd=0.0350 | mom=0.9500 | T=2.0 k=1.0 (mu_rec=1 mu_bwd=1) | grad=2.406 | tok/s=53,969 | tokens=0.81B
step= 24810 | loss=4.8438 | lr=3.00e-04 | wd=0.0350 | mom=0.9500 | T=1.2 k=1.0 (mu_rec=1 mu_bwd=1) | grad=4.125 | tok/s=56,521 | tokens=0.81B
step= 24820 | loss=4.7668 | lr=3.00e-04 | wd=0.0349 | mom=0.9500 | T=1.0 k=1.0 (mu_rec=1 mu_bwd=1) | grad=2.531 | tok/s=53,026 | tokens=0.81B
step= 24830 | loss=4.4202 | lr=3.00e-04 | wd=0.0349 | mom=0.9500 | T=1.0 k=1.0 (mu_rec=1 mu_bwd=1) | grad=2.406 | tok/s=55,812 | tokens=0.81B
step= 24840 | loss=4.8821 | lr=3.00e-04 | wd=0.0349 | mom=0.9500 | T=1.0 k=1.0 (mu_rec=1 mu_bwd=1) | grad=2.188 | tok/s=54,924 | tokens=0.81B
step= 24850 | loss=4.6421 | lr=3.00e-04 | wd=0.0349 | mom=0.9500 | T=2.2 k=1.0 (mu_rec=1 mu_bwd=1) | grad=1.953 | tok/s=53,199 | tokens=0.81B
step= 24860 | loss=4.7423 | lr=3.00e-04 | wd=0.0348 | mom=0.9500 | T=1.0 k=1.0 (mu_rec=1 mu_bwd=1) | grad=3.203 | tok/s=56,015 | tokens=0.81B
step= 24870 | loss=4.8071 | lr=3.00e-04 | wd=0.0348 | mom=0.9500 | T=1.0 k=1.0 (mu_rec=1 mu_bwd=1) | grad=2.922 | tok/s=55,964 | tokens=0.81B
step= 24880 | loss=4.7332 | lr=3.00e-04 | wd=0.0348 | mom=0.9500 | T=1.0 k=1.0 (mu_rec=1 mu_bwd=1) | grad=5.719 | tok/s=58,213 | tokens=0.82B
step= 24890 | loss=4.9048 | lr=3.00e-04 | wd=0.0348 | mom=0.9500 | T=1.0 k=1.0 (mu_rec=1 mu_bwd=1) | grad=4.031 | tok/s=59,512 | tokens=0.82B
step= 24900 | loss=4.9379 | lr=3.00e-04 | wd=0.0347 | mom=0.9500 | T=1.0 k=1.0 (mu_rec=1 mu_bwd=1) | grad=2.984 | tok/s=54,624 | tokens=0.82B
step= 24910 | loss=4.8704 | lr=3.00e-04 | wd=0.0347 | mom=0.9500 | T=1.2 k=1.0 (mu_rec=1 mu_bwd=1) | grad=5.250 | tok/s=55,149 | tokens=0.82B
step= 24920 | loss=4.8243 | lr=3.00e-04 | wd=0.0347 | mom=0.9500 | T=1.0 k=1.0 (mu_rec=1 mu_bwd=1) | grad=2.688 | tok/s=57,978 | tokens=0.82B
step= 24930 | loss=4.9965 | lr=3.00e-04 | wd=0.0346 | mom=0.9500 | T=1.0 k=1.0 (mu_rec=1 mu_bwd=1) | grad=2.438 | tok/s=55,169 | tokens=0.82B
step= 24940 | loss=5.0685 | lr=3.00e-04 | wd=0.0346 | mom=0.9500 | T=1.0 k=1.0 (mu_rec=1 mu_bwd=1) | grad=2.328 | tok/s=54,019 | tokens=0.82B
step= 24950 | loss=4.8754 | lr=3.00e-04 | wd=0.0346 | mom=0.9500 | T=1.2 k=1.0 (mu_rec=1 mu_bwd=1) | grad=5.438 | tok/s=58,133 | tokens=0.82B
step= 24960 | loss=4.9861 | lr=3.00e-04 | wd=0.0346 | mom=0.9500 | T=1.0 k=1.0 (mu_rec=1 mu_bwd=1) | grad=3.438 | tok/s=54,811 | tokens=0.82B
step= 24970 | loss=4.7927 | lr=3.00e-04 | wd=0.0345 | mom=0.9500 | T=1.2 k=1.0 (mu_rec=1 mu_bwd=1) | grad=2.359 | tok/s=56,915 | tokens=0.82B
step= 24980 | loss=4.7795 | lr=3.00e-04 | wd=0.0345 | mom=0.9500 | T=1.2 k=1.0 (mu_rec=1 mu_bwd=1) | grad=4.094 | tok/s=54,861 | tokens=0.82B
step= 24990 | loss=4.9408 | lr=3.00e-04 | wd=0.0345 | mom=0.9500 | T=1.2 k=1.0 (mu_rec=1 mu_bwd=1) | grad=3.453 | tok/s=53,267 | tokens=0.82B
step= 25000 | loss=4.8547 | lr=3.00e-04 | wd=0.0345 | mom=0.9500 | T=1.0 k=1.0 (mu_rec=1 mu_bwd=1) | grad=8.312 | tok/s=58,405 | tokens=0.82B
step= 25010 | loss=4.8154 | lr=3.00e-04 | wd=0.0344 | mom=0.9500 | T=1.5 k=1.0 (mu_rec=1 mu_bwd=1) | grad=2.953 | tok/s=57,001 | tokens=0.82B
step= 25020 | loss=4.9775 | lr=3.00e-04 | wd=0.0344 | mom=0.9500 | T=1.2 k=1.0 (mu_rec=1 mu_bwd=1) | grad=3.172 | tok/s=55,275 | tokens=0.82B
step= 25030 | loss=4.7934 | lr=3.00e-04 | wd=0.0344 | mom=0.9500 | T=1.5 k=1.0 (mu_rec=1 mu_bwd=1) | grad=2.094 | tok/s=54,707 | tokens=0.82B
step= 25040 | loss=4.8785 | lr=3.00e-04 | wd=0.0344 | mom=0.9500 | T=1.2 k=1.0 (mu_rec=1 mu_bwd=1) | grad=3.109 | tok/s=54,782 | tokens=0.82B
step= 25050 | loss=4.8715 | lr=3.00e-04 | wd=0.0343 | mom=0.9500 | T=1.5 k=1.0 (mu_rec=1 mu_bwd=1) | grad=2.656 | tok/s=54,238 | tokens=0.82B
step= 25060 | loss=4.9809 | lr=3.00e-04 | wd=0.0343 | mom=0.9500 | T=1.5 k=1.0 (mu_rec=1 mu_bwd=1) | grad=4.438 | tok/s=8,484 | tokens=0.82B
step= 25070 | loss=5.3459 | lr=3.00e-04 | wd=0.0343 | mom=0.9500 | T=1.0 k=1.0 (mu_rec=1 mu_bwd=1) | grad=2.766 | tok/s=56,080 | tokens=0.82B
step= 25080 | loss=4.7869 | lr=3.00e-04 | wd=0.0343 | mom=0.9500 | T=1.2 k=1.0 (mu_rec=1 mu_bwd=1) | grad=3.781 | tok/s=55,521 | tokens=0.82B
step= 25090 | loss=4.7470 | lr=3.00e-04 | wd=0.0342 | mom=0.9500 | T=2.0 k=1.0 (mu_rec=1 mu_bwd=1) | grad=7.938 | tok/s=53,707 | tokens=0.82B
step= 25100 | loss=4.7119 | lr=3.00e-04 | wd=0.0342 | mom=0.9500 | T=1.5 k=1.0 (mu_rec=1 mu_bwd=1) | grad=2.312 | tok/s=54,565 | tokens=0.82B
step= 25110 | loss=4.8033 | lr=3.00e-04 | wd=0.0342 | mom=0.9500 | T=2.2 k=1.0 (mu_rec=1 mu_bwd=1) | grad=2.438 | tok/s=55,379 | tokens=0.82B
step= 25120 | loss=4.8181 | lr=3.00e-04 | wd=0.0342 | mom=0.9500 | T=1.2 k=1.0 (mu_rec=1 mu_bwd=1) | grad=2.062 | tok/s=55,492 | tokens=0.82B
step= 25130 | loss=4.7622 | lr=3.00e-04 | wd=0.0341 | mom=0.9500 | T=1.5 k=1.0 (mu_rec=1 mu_bwd=1) | grad=3.016 | tok/s=55,263 | tokens=0.82B
step= 25140 | loss=4.9016 | lr=3.00e-04 | wd=0.0341 | mom=0.9500 | T=1.2 k=1.0 (mu_rec=1 mu_bwd=1) | grad=3.062 | tok/s=55,272 | tokens=0.82B
step= 25150 | loss=4.9485 | lr=3.00e-04 | wd=0.0341 | mom=0.9500 | T=1.2 k=1.0 (mu_rec=1 mu_bwd=1) | grad=2.516 | tok/s=54,996 | tokens=0.82B
step= 25160 | loss=5.0798 | lr=3.00e-04 | wd=0.0340 | mom=0.9500 | T=1.8 k=1.0 (mu_rec=1 mu_bwd=1) | grad=4.875 | tok/s=57,798 | tokens=0.82B
step= 25170 | loss=5.0076 | lr=3.00e-04 | wd=0.0340 | mom=0.9500 | T=1.2 k=1.0 (mu_rec=1 mu_bwd=1) | grad=2.141 | tok/s=55,658 | tokens=0.82B
step= 25180 | loss=4.8891 | lr=3.00e-04 | wd=0.0340 | mom=0.9500 | T=1.2 k=1.0 (mu_rec=1 mu_bwd=1) | grad=4.219 | tok/s=55,390 | tokens=0.83B
step= 25190 | loss=4.7525 | lr=3.00e-04 | wd=0.0340 | mom=0.9500 | T=2.2 k=1.0 (mu_rec=1 mu_bwd=1) | grad=4.938 | tok/s=54,397 | tokens=0.83B
step= 25200 | loss=4.7744 | lr=3.00e-04 | wd=0.0339 | mom=0.9500 | T=1.2 k=1.0 (mu_rec=1 mu_bwd=1) | grad=12.438 | tok/s=53,179 | tokens=0.83B
step= 25210 | loss=4.9100 | lr=3.00e-04 | wd=0.0339 | mom=0.9500 | T=1.0 k=1.0 (mu_rec=1 mu_bwd=1) | grad=4.500 | tok/s=58,599 | tokens=0.83B
step= 25220 | loss=4.9592 | lr=3.00e-04 | wd=0.0339 | mom=0.9500 | T=2.5 k=1.0 (mu_rec=1 mu_bwd=1) | grad=1.891 | tok/s=54,206 | tokens=0.83B
step= 25230 | loss=4.9640 | lr=3.00e-04 | wd=0.0339 | mom=0.9500 | T=1.2 k=1.0 (mu_rec=1 mu_bwd=1) | grad=3.016 | tok/s=55,536 | tokens=0.83B
step= 25240 | loss=4.6668 | lr=3.00e-04 | wd=0.0338 | mom=0.9500 | T=1.0 k=1.0 (mu_rec=1 mu_bwd=1) | grad=3.078 | tok/s=55,061 | tokens=0.83B
step= 25250 | loss=4.8544 | lr=3.00e-04 | wd=0.0338 | mom=0.9500 | T=1.2 k=1.0 (mu_rec=1 mu_bwd=1) | grad=2.297 | tok/s=56,459 | tokens=0.83B
step= 25260 | loss=4.8261 | lr=3.00e-04 | wd=0.0338 | mom=0.9500 | T=1.2 k=1.0 (mu_rec=1 mu_bwd=1) | grad=2.453 | tok/s=54,595 | tokens=0.83B
step= 25270 | loss=4.8618 | lr=3.00e-04 | wd=0.0338 | mom=0.9500 | T=1.5 k=1.0 (mu_rec=1 mu_bwd=1) | grad=3.359 | tok/s=55,739 | tokens=0.83B
step= 25280 | loss=4.8155 | lr=3.00e-04 | wd=0.0337 | mom=0.9500 | T=1.0 k=1.0 (mu_rec=1 mu_bwd=1) | grad=3.484 | tok/s=53,591 | tokens=0.83B
step= 25290 | loss=4.7600 | lr=3.00e-04 | wd=0.0337 | mom=0.9500 | T=1.0 k=1.0 (mu_rec=1 mu_bwd=1) | grad=2.344 | tok/s=59,011 | tokens=0.83B
step= 25300 | loss=4.8331 | lr=3.00e-04 | wd=0.0337 | mom=0.9500 | T=2.0 k=1.0 (mu_rec=1 mu_bwd=1) | grad=1.891 | tok/s=56,280 | tokens=0.83B
step= 25310 | loss=4.7804 | lr=3.00e-04 | wd=0.0337 | mom=0.9500 | T=1.2 k=1.0 (mu_rec=1 mu_bwd=1) | grad=2.562 | tok/s=54,627 | tokens=0.83B
step= 25320 | loss=4.8457 | lr=3.00e-04 | wd=0.0336 | mom=0.9500 | T=1.2 k=1.0 (mu_rec=1 mu_bwd=1) | grad=1.938 | tok/s=55,341 | tokens=0.83B
step= 25330 | loss=4.8376 | lr=3.00e-04 | wd=0.0336 | mom=0.9500 | T=1.0 k=1.0 (mu_rec=1 mu_bwd=1) | grad=3.422 | tok/s=59,681 | tokens=0.83B
step= 25340 | loss=4.8222 | lr=3.00e-04 | wd=0.0336 | mom=0.9500 | T=1.5 k=1.0 (mu_rec=1 mu_bwd=1) | grad=3.141 | tok/s=55,163 | tokens=0.83B
step= 25350 | loss=4.7474 | lr=3.00e-04 | wd=0.0335 | mom=0.9500 | T=1.8 k=1.0 (mu_rec=1 mu_bwd=1) | grad=1.695 | tok/s=55,452 | tokens=0.83B
step= 25360 | loss=4.6858 | lr=3.00e-04 | wd=0.0335 | mom=0.9500 | T=1.0 k=1.0 (mu_rec=1 mu_bwd=1) | grad=2.250 | tok/s=9,926 | tokens=0.83B
step= 25370 | loss=4.8002 | lr=3.00e-04 | wd=0.0335 | mom=0.9500 | T=2.5 k=1.0 (mu_rec=1 mu_bwd=1) | grad=1.930 | tok/s=55,252 | tokens=0.83B
step= 25380 | loss=5.1615 | lr=3.00e-04 | wd=0.0335 | mom=0.9500 | T=1.2 k=1.0 (mu_rec=1 mu_bwd=1) | grad=2.625 | tok/s=56,636 | tokens=0.83B
step= 25390 | loss=5.1142 | lr=3.00e-04 | wd=0.0334 | mom=0.9500 | T=1.0 k=1.0 (mu_rec=1 mu_bwd=1) | grad=3.016 | tok/s=59,777 | tokens=0.83B
step= 25400 | loss=4.8082 | lr=3.00e-04 | wd=0.0334 | mom=0.9500 | T=1.8 k=1.0 (mu_rec=1 mu_bwd=1) | grad=2.281 | tok/s=57,540 | tokens=0.83B
step= 25410 | loss=4.9858 | lr=3.00e-04 | wd=0.0334 | mom=0.9500 | T=1.0 k=1.0 (mu_rec=1 mu_bwd=1) | grad=2.516 | tok/s=58,425 | tokens=0.83B
step= 25420 | loss=4.8626 | lr=3.00e-04 | wd=0.0334 | mom=0.9500 | T=1.0 k=1.0 (mu_rec=1 mu_bwd=1) | grad=3.359 | tok/s=57,887 | tokens=0.83B
step= 25430 | loss=4.7970 | lr=3.00e-04 | wd=0.0333 | mom=0.9500 | T=1.5 k=1.0 (mu_rec=1 mu_bwd=1) | grad=2.078 | tok/s=56,965 | tokens=0.83B
step= 25440 | loss=4.8204 | lr=3.00e-04 | wd=0.0333 | mom=0.9500 | T=1.0 k=1.0 (mu_rec=1 mu_bwd=1) | grad=2.469 | tok/s=58,214 | tokens=0.83B
step= 25450 | loss=4.7292 | lr=3.00e-04 | wd=0.0333 | mom=0.9500 | T=1.0 k=1.0 (mu_rec=1 mu_bwd=1) | grad=2.906 | tok/s=56,934 | tokens=0.83B
step= 25460 | loss=4.8084 | lr=3.00e-04 | wd=0.0333 | mom=0.9500 | T=1.0 k=1.0 (mu_rec=1 mu_bwd=1) | grad=3.531 | tok/s=54,958 | tokens=0.83B
step= 25470 | loss=4.8566 | lr=3.00e-04 | wd=0.0332 | mom=0.9500 | T=1.8 k=1.0 (mu_rec=1 mu_bwd=1) | grad=2.156 | tok/s=56,954 | tokens=0.83B
step= 25480 | loss=4.9544 | lr=3.00e-04 | wd=0.0332 | mom=0.9500 | T=1.8 k=1.0 (mu_rec=1 mu_bwd=1) | grad=3.562 | tok/s=56,636 | tokens=0.83B
step= 25490 | loss=5.5147 | lr=3.00e-04 | wd=0.0332 | mom=0.9500 | T=1.5 k=1.0 (mu_rec=1 mu_bwd=1) | grad=2.219 | tok/s=53,968 | tokens=0.84B
step= 25500 | loss=4.8561 | lr=3.00e-04 | wd=0.0332 | mom=0.9500 | T=1.2 k=1.0 (mu_rec=1 mu_bwd=1) | grad=2.953 | tok/s=55,332 | tokens=0.84B
step= 25510 | loss=4.9295 | lr=3.00e-04 | wd=0.0331 | mom=0.9500 | T=1.2 k=1.0 (mu_rec=1 mu_bwd=1) | grad=2.656 | tok/s=53,797 | tokens=0.84B
step= 25520 | loss=4.7846 | lr=3.00e-04 | wd=0.0331 | mom=0.9500 | T=1.2 k=1.0 (mu_rec=1 mu_bwd=1) | grad=3.000 | tok/s=57,560 | tokens=0.84B
step= 25530 | loss=4.8907 | lr=3.00e-04 | wd=0.0331 | mom=0.9500 | T=1.5 k=1.0 (mu_rec=1 mu_bwd=1) | grad=1.969 | tok/s=56,712 | tokens=0.84B
step= 25540 | loss=4.7759 | lr=3.00e-04 | wd=0.0330 | mom=0.9500 | T=1.8 k=1.0 (mu_rec=1 mu_bwd=1) | grad=4.062 | tok/s=55,544 | tokens=0.84B
step= 25550 | loss=4.6748 | lr=3.00e-04 | wd=0.0330 | mom=0.9500 | T=1.2 k=1.0 (mu_rec=1 mu_bwd=1) | grad=3.812 | tok/s=56,164 | tokens=0.84B
step= 25560 | loss=4.7427 | lr=3.00e-04 | wd=0.0330 | mom=0.9500 | T=1.8 k=1.0 (mu_rec=1 mu_bwd=1) | grad=4.312 | tok/s=52,945 | tokens=0.84B
step= 25570 | loss=4.9661 | lr=3.00e-04 | wd=0.0330 | mom=0.9500 | T=1.2 k=1.0 (mu_rec=1 mu_bwd=1) | grad=2.125 | tok/s=56,778 | tokens=0.84B
step= 25580 | loss=4.8079 | lr=3.00e-04 | wd=0.0329 | mom=0.9500 | T=1.0 k=1.0 (mu_rec=1 mu_bwd=1) | grad=3.625 | tok/s=53,550 | tokens=0.84B
step= 25590 | loss=5.1462 | lr=3.00e-04 | wd=0.0329 | mom=0.9500 | T=1.5 k=1.0 (mu_rec=1 mu_bwd=1) | grad=5.188 | tok/s=55,885 | tokens=0.84B
step= 25600 | loss=4.8650 | lr=3.00e-04 | wd=0.0329 | mom=0.9500 | T=1.2 k=1.0 (mu_rec=1 mu_bwd=1) | grad=3.812 | tok/s=55,908 | tokens=0.84B
step= 25610 | loss=4.7617 | lr=3.00e-04 | wd=0.0329 | mom=0.9500 | T=2.5 k=1.0 (mu_rec=1 mu_bwd=1) | grad=1.836 | tok/s=59,139 | tokens=0.84B
step= 25620 | loss=4.6685 | lr=3.00e-04 | wd=0.0328 | mom=0.9500 | T=1.0 k=1.0 (mu_rec=1 mu_bwd=1) | grad=2.469 | tok/s=54,018 | tokens=0.84B
step= 25630 | loss=4.9673 | lr=3.00e-04 | wd=0.0328 | mom=0.9500 | T=1.0 k=1.0 (mu_rec=1 mu_bwd=1) | grad=4.812 | tok/s=55,598 | tokens=0.84B
step= 25640 | loss=4.8316 | lr=3.00e-04 | wd=0.0328 | mom=0.9500 | T=2.0 k=1.0 (mu_rec=1 mu_bwd=1) | grad=5.156 | tok/s=53,633 | tokens=0.84B
step= 25650 | loss=4.8641 | lr=3.00e-04 | wd=0.0328 | mom=0.9500 | T=1.5 k=1.0 (mu_rec=1 mu_bwd=1) | grad=2.641 | tok/s=56,478 | tokens=0.84B
step= 25660 | loss=4.6824 | lr=3.00e-04 | wd=0.0327 | mom=0.9500 | T=1.0 k=1.0 (mu_rec=1 mu_bwd=1) | grad=3.203 | tok/s=54,949 | tokens=0.84B
step= 25670 | loss=4.8686 | lr=3.00e-04 | wd=0.0327 | mom=0.9500 | T=1.0 k=1.0 (mu_rec=1 mu_bwd=1) | grad=2.812 | tok/s=57,939 | tokens=0.84B
step= 25680 | loss=4.7505 | lr=3.00e-04 | wd=0.0327 | mom=0.9500 | T=1.0 k=1.0 (mu_rec=1 mu_bwd=1) | grad=2.781 | tok/s=58,907 | tokens=0.84B
step= 25690 | loss=4.7993 | lr=3.00e-04 | wd=0.0327 | mom=0.9500 | T=1.0 k=1.0 (mu_rec=1 mu_bwd=1) | grad=3.609 | tok/s=56,075 | tokens=0.84B
step= 25700 | loss=4.8071 | lr=3.00e-04 | wd=0.0326 | mom=0.9500 | T=1.0 k=1.0 (mu_rec=1 mu_bwd=1) | grad=2.656 | tok/s=57,332 | tokens=0.84B
step= 25710 | loss=4.7931 | lr=3.00e-04 | wd=0.0326 | mom=0.9500 | T=2.0 k=1.0 (mu_rec=1 mu_bwd=1) | grad=2.000 | tok/s=53,904 | tokens=0.84B
step= 25720 | loss=4.9678 | lr=3.00e-04 | wd=0.0326 | mom=0.9500 | T=2.0 k=1.0 (mu_rec=1 mu_bwd=1) | grad=3.078 | tok/s=57,223 | tokens=0.84B
step= 25730 | loss=4.8315 | lr=3.00e-04 | wd=0.0326 | mom=0.9500 | T=1.8 k=1.0 (mu_rec=1 mu_bwd=1) | grad=4.625 | tok/s=53,176 | tokens=0.84B
step= 25740 | loss=4.8412 | lr=3.00e-04 | wd=0.0325 | mom=0.9500 | T=1.8 k=1.0 (mu_rec=1 mu_bwd=1) | grad=2.578 | tok/s=59,904 | tokens=0.84B
step= 25750 | loss=4.6100 | lr=3.00e-04 | wd=0.0325 | mom=0.9500 | T=1.8 k=1.0 (mu_rec=1 mu_bwd=1) | grad=3.109 | tok/s=54,508 | tokens=0.84B
step= 25760 | loss=4.7590 | lr=3.00e-04 | wd=0.0325 | mom=0.9500 | T=1.5 k=1.0 (mu_rec=1 mu_bwd=1) | grad=7.844 | tok/s=53,116 | tokens=0.84B
step= 25770 | loss=5.0082 | lr=3.00e-04 | wd=0.0324 | mom=0.9500 | T=1.5 k=1.0 (mu_rec=1 mu_bwd=1) | grad=5.125 | tok/s=57,499 | tokens=0.84B
step= 25780 | loss=4.7955 | lr=3.00e-04 | wd=0.0324 | mom=0.9500 | T=1.0 k=1.0 (mu_rec=1 mu_bwd=1) | grad=3.328 | tok/s=57,451 | tokens=0.84B
step= 25790 | loss=4.7118 | lr=3.00e-04 | wd=0.0324 | mom=0.9500 | T=1.8 k=1.0 (mu_rec=1 mu_bwd=1) | grad=2.344 | tok/s=52,782 | tokens=0.85B
step= 25800 | loss=4.9184 | lr=3.00e-04 | wd=0.0324 | mom=0.9500 | T=1.0 k=1.0 (mu_rec=1 mu_bwd=1) | grad=2.562 | tok/s=55,492 | tokens=0.85B
step= 25810 | loss=4.8119 | lr=3.00e-04 | wd=0.0323 | mom=0.9500 | T=1.0 k=1.0 (mu_rec=1 mu_bwd=1) | grad=2.953 | tok/s=60,232 | tokens=0.85B
step= 25820 | loss=4.8810 | lr=3.00e-04 | wd=0.0323 | mom=0.9500 | T=2.2 k=1.0 (mu_rec=1 mu_bwd=1) | grad=2.391 | tok/s=53,780 | tokens=0.85B
step= 25830 | loss=4.6582 | lr=3.00e-04 | wd=0.0323 | mom=0.9500 | T=1.5 k=1.0 (mu_rec=1 mu_bwd=1) | grad=5.031 | tok/s=56,131 | tokens=0.85B
step= 25840 | loss=4.7709 | lr=3.00e-04 | wd=0.0323 | mom=0.9500 | T=1.5 k=1.0 (mu_rec=1 mu_bwd=1) | grad=2.281 | tok/s=57,573 | tokens=0.85B
step= 25850 | loss=5.0007 | lr=3.00e-04 | wd=0.0322 | mom=0.9500 | T=3.0 k=1.0 (mu_rec=1 mu_bwd=1) | grad=2.844 | tok/s=52,207 | tokens=0.85B
step= 25860 | loss=4.7136 | lr=3.00e-04 | wd=0.0322 | mom=0.9500 | T=1.0 k=1.0 (mu_rec=1 mu_bwd=1) | grad=3.531 | tok/s=58,175 | tokens=0.85B
step= 25870 | loss=4.7486 | lr=3.00e-04 | wd=0.0322 | mom=0.9500 | T=1.2 k=1.0 (mu_rec=1 mu_bwd=1) | grad=3.406 | tok/s=54,525 | tokens=0.85B
step= 25880 | loss=4.7657 | lr=3.00e-04 | wd=0.0322 | mom=0.9500 | T=1.0 k=1.0 (mu_rec=1 mu_bwd=1) | grad=3.125 | tok/s=56,934 | tokens=0.85B
step= 25890 | loss=4.7922 | lr=3.00e-04 | wd=0.0321 | mom=0.9500 | T=1.8 k=1.0 (mu_rec=1 mu_bwd=1) | grad=2.625 | tok/s=55,874 | tokens=0.85B
step= 25900 | loss=4.8753 | lr=3.00e-04 | wd=0.0321 | mom=0.9500 | T=2.0 k=1.0 (mu_rec=1 mu_bwd=1) | grad=2.281 | tok/s=56,162 | tokens=0.85B
step= 25910 | loss=4.8565 | lr=3.00e-04 | wd=0.0321 | mom=0.9500 | T=1.0 k=1.0 (mu_rec=1 mu_bwd=1) | grad=3.156 | tok/s=55,905 | tokens=0.85B
step= 25920 | loss=4.7980 | lr=3.00e-04 | wd=0.0321 | mom=0.9500 | T=2.8 k=1.0 (mu_rec=1 mu_bwd=1) | grad=2.453 | tok/s=7,665 | tokens=0.85B
step= 25930 | loss=4.7098 | lr=3.00e-04 | wd=0.0320 | mom=0.9500 | T=1.2 k=1.0 (mu_rec=1 mu_bwd=1) | grad=3.172 | tok/s=53,688 | tokens=0.85B
step= 25940 | loss=4.7459 | lr=3.00e-04 | wd=0.0320 | mom=0.9500 | T=1.2 k=1.0 (mu_rec=1 mu_bwd=1) | grad=3.547 | tok/s=57,308 | tokens=0.85B
step= 25950 | loss=4.5930 | lr=3.00e-04 | wd=0.0320 | mom=0.9500 | T=1.0 k=1.0 (mu_rec=1 mu_bwd=1) | grad=3.359 | tok/s=57,409 | tokens=0.85B
step= 25960 | loss=4.6876 | lr=3.00e-04 | wd=0.0319 | mom=0.9500 | T=1.5 k=1.0 (mu_rec=1 mu_bwd=1) | grad=3.562 | tok/s=55,327 | tokens=0.85B
step= 25970 | loss=4.5930 | lr=3.00e-04 | wd=0.0319 | mom=0.9500 | T=1.5 k=1.0 (mu_rec=1 mu_bwd=1) | grad=2.469 | tok/s=53,688 | tokens=0.85B
step= 25980 | loss=4.9067 | lr=3.00e-04 | wd=0.0319 | mom=0.9500 | T=1.0 k=1.0 (mu_rec=1 mu_bwd=1) | grad=3.000 | tok/s=57,672 | tokens=0.85B
step= 25990 | loss=4.9203 | lr=3.00e-04 | wd=0.0319 | mom=0.9500 | T=1.0 k=1.0 (mu_rec=1 mu_bwd=1) | grad=2.562 | tok/s=54,574 | tokens=0.85B
step= 26000 | loss=4.8159 | lr=3.00e-04 | wd=0.0318 | mom=0.9500 | T=1.5 k=1.0 (mu_rec=1 mu_bwd=1) | grad=2.734 | tok/s=55,765 | tokens=0.85B
step= 26010 | loss=4.8543 | lr=3.00e-04 | wd=0.0318 | mom=0.9500 | T=1.2 k=1.0 (mu_rec=1 mu_bwd=1) | grad=7.781 | tok/s=55,605 | tokens=0.85B
step= 26020 | loss=5.0734 | lr=3.00e-04 | wd=0.0318 | mom=0.9500 | T=2.0 k=1.0 (mu_rec=1 mu_bwd=1) | grad=2.531 | tok/s=56,421 | tokens=0.85B
step= 26030 | loss=4.8437 | lr=3.00e-04 | wd=0.0318 | mom=0.9500 | T=1.2 k=1.0 (mu_rec=1 mu_bwd=1) | grad=2.469 | tok/s=53,974 | tokens=0.85B
step= 26040 | loss=4.9062 | lr=3.00e-04 | wd=0.0317 | mom=0.9500 | T=1.0 k=1.0 (mu_rec=1 mu_bwd=1) | grad=3.734 | tok/s=56,216 | tokens=0.85B
step= 26050 | loss=4.8564 | lr=3.00e-04 | wd=0.0317 | mom=0.9500 | T=2.8 k=1.0 (mu_rec=1 mu_bwd=1) | grad=2.297 | tok/s=52,561 | tokens=0.85B
step= 26060 | loss=4.8799 | lr=3.00e-04 | wd=0.0317 | mom=0.9500 | T=1.0 k=1.0 (mu_rec=1 mu_bwd=1) | grad=2.156 | tok/s=56,267 | tokens=0.85B
step= 26070 | loss=4.8241 | lr=3.00e-04 | wd=0.0317 | mom=0.9500 | T=1.2 k=1.0 (mu_rec=1 mu_bwd=1) | grad=2.562 | tok/s=55,585 | tokens=0.85B
step= 26080 | loss=4.6275 | lr=3.00e-04 | wd=0.0316 | mom=0.9500 | T=1.0 k=1.0 (mu_rec=1 mu_bwd=1) | grad=5.531 | tok/s=54,662 | tokens=0.85B
step= 26090 | loss=4.8135 | lr=3.00e-04 | wd=0.0316 | mom=0.9500 | T=1.0 k=1.0 (mu_rec=1 mu_bwd=1) | grad=3.172 | tok/s=54,648 | tokens=0.85B
step= 26100 | loss=4.7559 | lr=3.00e-04 | wd=0.0316 | mom=0.9500 | T=1.0 k=1.0 (mu_rec=1 mu_bwd=1) | grad=2.828 | tok/s=54,991 | tokens=0.86B
step= 26110 | loss=4.9022 | lr=3.00e-04 | wd=0.0316 | mom=0.9500 | T=1.8 k=1.0 (mu_rec=1 mu_bwd=1) | grad=4.906 | tok/s=54,627 | tokens=0.86B
step= 26120 | loss=4.9121 | lr=3.00e-04 | wd=0.0315 | mom=0.9500 | T=1.2 k=1.0 (mu_rec=1 mu_bwd=1) | grad=11.562 | tok/s=56,880 | tokens=0.86B
step= 26130 | loss=4.8481 | lr=3.00e-04 | wd=0.0315 | mom=0.9500 | T=1.2 k=1.0 (mu_rec=1 mu_bwd=1) | grad=2.984 | tok/s=56,356 | tokens=0.86B
step= 26140 | loss=4.7291 | lr=3.00e-04 | wd=0.0315 | mom=0.9500 | T=2.2 k=1.0 (mu_rec=1 mu_bwd=1) | grad=2.016 | tok/s=54,274 | tokens=0.86B
step= 26150 | loss=4.7271 | lr=3.00e-04 | wd=0.0315 | mom=0.9500 | T=1.2 k=1.0 (mu_rec=1 mu_bwd=1) | grad=2.703 | tok/s=9,053 | tokens=0.86B
step= 26160 | loss=4.6140 | lr=3.00e-04 | wd=0.0314 | mom=0.9500 | T=1.0 k=1.0 (mu_rec=1 mu_bwd=1) | grad=2.453 | tok/s=56,647 | tokens=0.86B
step= 26170 | loss=4.8042 | lr=3.00e-04 | wd=0.0314 | mom=0.9500 | T=1.0 k=1.0 (mu_rec=1 mu_bwd=1) | grad=2.922 | tok/s=57,649 | tokens=0.86B
step= 26180 | loss=4.9936 | lr=3.00e-04 | wd=0.0314 | mom=0.9500 | T=1.2 k=1.0 (mu_rec=1 mu_bwd=1) | grad=2.469 | tok/s=53,876 | tokens=0.86B
step= 26190 | loss=4.8773 | lr=3.00e-04 | wd=0.0313 | mom=0.9500 | T=1.2 k=1.0 (mu_rec=1 mu_bwd=1) | grad=3.422 | tok/s=56,553 | tokens=0.86B
step= 26200 | loss=4.7875 | lr=3.00e-04 | wd=0.0313 | mom=0.9500 | T=1.2 k=1.0 (mu_rec=1 mu_bwd=1) | grad=3.328 | tok/s=55,773 | tokens=0.86B
step= 26210 | loss=4.8778 | lr=3.00e-04 | wd=0.0313 | mom=0.9500 | T=1.8 k=1.0 (mu_rec=1 mu_bwd=1) | grad=3.000 | tok/s=55,364 | tokens=0.86B
step= 26220 | loss=4.8627 | lr=3.00e-04 | wd=0.0313 | mom=0.9500 | T=2.2 k=1.0 (mu_rec=1 mu_bwd=1) | grad=5.156 | tok/s=55,261 | tokens=0.86B
step= 26230 | loss=5.1701 | lr=3.00e-04 | wd=0.0312 | mom=0.9500 | T=1.2 k=1.0 (mu_rec=1 mu_bwd=1) | grad=3.297 | tok/s=53,760 | tokens=0.86B
step= 26240 | loss=5.0215 | lr=3.00e-04 | wd=0.0312 | mom=0.9500 | T=1.2 k=1.0 (mu_rec=1 mu_bwd=1) | grad=3.781 | tok/s=55,164 | tokens=0.86B
step= 26250 | loss=4.8792 | lr=3.00e-04 | wd=0.0312 | mom=0.9500 | T=1.5 k=1.0 (mu_rec=1 mu_bwd=1) | grad=2.484 | tok/s=54,736 | tokens=0.86B
step= 26260 | loss=4.9762 | lr=3.00e-04 | wd=0.0312 | mom=0.9500 | T=1.5 k=1.0 (mu_rec=1 mu_bwd=1) | grad=3.281 | tok/s=57,691 | tokens=0.86B
step= 26270 | loss=4.7799 | lr=3.00e-04 | wd=0.0311 | mom=0.9500 | T=3.0 k=1.0 (mu_rec=1 mu_bwd=1) | grad=12.188 | tok/s=55,858 | tokens=0.86B
step= 26280 | loss=4.9260 | lr=3.00e-04 | wd=0.0311 | mom=0.9500 | T=1.0 k=1.0 (mu_rec=1 mu_bwd=1) | grad=2.984 | tok/s=58,118 | tokens=0.86B
step= 26290 | loss=4.9202 | lr=3.00e-04 | wd=0.0311 | mom=0.9500 | T=1.0 k=1.0 (mu_rec=1 mu_bwd=1) | grad=5.281 | tok/s=57,201 | tokens=0.86B
step= 26300 | loss=5.0752 | lr=3.00e-04 | wd=0.0311 | mom=0.9500 | T=1.0 k=1.0 (mu_rec=1 mu_bwd=1) | grad=3.234 | tok/s=54,092 | tokens=0.86B
step= 26310 | loss=4.6391 | lr=3.00e-04 | wd=0.0310 | mom=0.9500 | T=1.8 k=1.0 (mu_rec=1 mu_bwd=1) | grad=2.250 | tok/s=52,464 | tokens=0.86B
step= 26320 | loss=4.9942 | lr=3.00e-04 | wd=0.0310 | mom=0.9500 | T=1.8 k=1.0 (mu_rec=1 mu_bwd=1) | grad=2.328 | tok/s=56,379 | tokens=0.86B
step= 26330 | loss=4.7713 | lr=3.00e-04 | wd=0.0310 | mom=0.9500 | T=1.0 k=1.0 (mu_rec=1 mu_bwd=1) | grad=4.406 | tok/s=58,896 | tokens=0.86B
step= 26340 | loss=4.8674 | lr=3.00e-04 | wd=0.0310 | mom=0.9500 | T=1.5 k=1.0 (mu_rec=1 mu_bwd=1) | grad=2.922 | tok/s=56,409 | tokens=0.86B
step= 26350 | loss=4.8663 | lr=3.00e-04 | wd=0.0309 | mom=0.9500 | T=2.0 k=1.0 (mu_rec=1 mu_bwd=1) | grad=3.156 | tok/s=57,726 | tokens=0.86B
step= 26360 | loss=4.7028 | lr=3.00e-04 | wd=0.0309 | mom=0.9500 | T=1.0 k=1.0 (mu_rec=1 mu_bwd=1) | grad=3.359 | tok/s=57,355 | tokens=0.86B
step= 26370 | loss=4.8282 | lr=3.00e-04 | wd=0.0309 | mom=0.9500 | T=1.2 k=1.0 (mu_rec=1 mu_bwd=1) | grad=3.938 | tok/s=54,603 | tokens=0.86B
step= 26380 | loss=4.7804 | lr=3.00e-04 | wd=0.0308 | mom=0.9500 | T=1.0 k=1.0 (mu_rec=1 mu_bwd=1) | grad=4.469 | tok/s=59,434 | tokens=0.86B
step= 26390 | loss=5.0949 | lr=3.00e-04 | wd=0.0308 | mom=0.9500 | T=1.5 k=1.0 (mu_rec=1 mu_bwd=1) | grad=4.281 | tok/s=53,989 | tokens=0.86B
step= 26400 | loss=4.8224 | lr=3.00e-04 | wd=0.0308 | mom=0.9500 | T=1.2 k=1.0 (mu_rec=1 mu_bwd=1) | grad=2.078 | tok/s=55,084 | tokens=0.87B
step= 26410 | loss=4.8876 | lr=3.00e-04 | wd=0.0308 | mom=0.9500 | T=1.8 k=1.0 (mu_rec=1 mu_bwd=1) | grad=3.797 | tok/s=53,001 | tokens=0.87B
step= 26420 | loss=4.8444 | lr=3.00e-04 | wd=0.0307 | mom=0.9500 | T=1.5 k=1.0 (mu_rec=1 mu_bwd=1) | grad=2.156 | tok/s=53,462 | tokens=0.87B
step= 26430 | loss=4.8091 | lr=3.00e-04 | wd=0.0307 | mom=0.9500 | T=1.0 k=1.0 (mu_rec=1 mu_bwd=1) | grad=2.844 | tok/s=58,405 | tokens=0.87B
step= 26440 | loss=4.8437 | lr=3.00e-04 | wd=0.0307 | mom=0.9500 | T=1.5 k=1.0 (mu_rec=1 mu_bwd=1) | grad=3.297 | tok/s=55,046 | tokens=0.87B
step= 26450 | loss=4.8709 | lr=3.00e-04 | wd=0.0307 | mom=0.9500 | T=2.0 k=1.0 (mu_rec=1 mu_bwd=1) | grad=2.188 | tok/s=56,380 | tokens=0.87B
step= 26460 | loss=4.8384 | lr=3.00e-04 | wd=0.0306 | mom=0.9500 | T=1.8 k=1.0 (mu_rec=1 mu_bwd=1) | grad=4.438 | tok/s=56,080 | tokens=0.87B
step= 26470 | loss=4.9080 | lr=3.00e-04 | wd=0.0306 | mom=0.9500 | T=1.0 k=1.0 (mu_rec=1 mu_bwd=1) | grad=3.656 | tok/s=57,474 | tokens=0.87B
step= 26480 | loss=4.8466 | lr=3.00e-04 | wd=0.0306 | mom=0.9500 | T=1.0 k=1.0 (mu_rec=1 mu_bwd=1) | grad=3.062 | tok/s=55,310 | tokens=0.87B
step= 26490 | loss=4.8511 | lr=3.00e-04 | wd=0.0306 | mom=0.9500 | T=2.2 k=1.0 (mu_rec=1 mu_bwd=1) | grad=1.695 | tok/s=55,594 | tokens=0.87B
step= 26500 | loss=4.9652 | lr=3.00e-04 | wd=0.0305 | mom=0.9500 | T=1.2 k=1.0 (mu_rec=1 mu_bwd=1) | grad=7.094 | tok/s=56,503 | tokens=0.87B
step= 26510 | loss=4.6208 | lr=3.00e-04 | wd=0.0305 | mom=0.9500 | T=2.0 k=1.0 (mu_rec=1 mu_bwd=1) | grad=2.516 | tok/s=54,752 | tokens=0.87B
step= 26520 | loss=4.6481 | lr=3.00e-04 | wd=0.0305 | mom=0.9500 | T=1.2 k=1.0 (mu_rec=1 mu_bwd=1) | grad=2.578 | tok/s=57,140 | tokens=0.87B
step= 26530 | loss=4.8339 | lr=3.00e-04 | wd=0.0305 | mom=0.9500 | T=2.2 k=1.0 (mu_rec=1 mu_bwd=1) | grad=2.109 | tok/s=53,376 | tokens=0.87B
step= 26540 | loss=4.7111 | lr=3.00e-04 | wd=0.0304 | mom=0.9500 | T=1.0 k=1.0 (mu_rec=1 mu_bwd=1) | grad=2.797 | tok/s=58,637 | tokens=0.87B
step= 26550 | loss=4.7657 | lr=3.00e-04 | wd=0.0304 | mom=0.9500 | T=1.8 k=1.0 (mu_rec=1 mu_bwd=1) | grad=1.688 | tok/s=54,691 | tokens=0.87B
step= 26560 | loss=4.7921 | lr=3.00e-04 | wd=0.0304 | mom=0.9500 | T=1.5 k=1.0 (mu_rec=1 mu_bwd=1) | grad=2.219 | tok/s=56,779 | tokens=0.87B
step= 26570 | loss=4.6441 | lr=3.00e-04 | wd=0.0303 | mom=0.9500 | T=1.2 k=1.0 (mu_rec=1 mu_bwd=1) | grad=2.797 | tok/s=53,724 | tokens=0.87B
step= 26580 | loss=4.7695 | lr=3.00e-04 | wd=0.0303 | mom=0.9500 | T=1.0 k=1.0 (mu_rec=1 mu_bwd=1) | grad=3.297 | tok/s=55,257 | tokens=0.87B
step= 26590 | loss=4.6894 | lr=3.00e-04 | wd=0.0303 | mom=0.9500 | T=1.8 k=1.0 (mu_rec=1 mu_bwd=1) | grad=5.906 | tok/s=52,099 | tokens=0.87B
step= 26600 | loss=4.7794 | lr=3.00e-04 | wd=0.0303 | mom=0.9500 | T=1.0 k=1.0 (mu_rec=1 mu_bwd=1) | grad=3.609 | tok/s=57,774 | tokens=0.87B
step= 26610 | loss=4.6573 | lr=3.00e-04 | wd=0.0302 | mom=0.9500 | T=1.5 k=1.0 (mu_rec=1 mu_bwd=1) | grad=2.531 | tok/s=53,221 | tokens=0.87B
step= 26620 | loss=4.7016 | lr=3.00e-04 | wd=0.0302 | mom=0.9500 | T=1.2 k=1.0 (mu_rec=1 mu_bwd=1) | grad=2.672 | tok/s=53,130 | tokens=0.87B
step= 26630 | loss=4.8479 | lr=3.00e-04 | wd=0.0302 | mom=0.9500 | T=1.5 k=1.0 (mu_rec=1 mu_bwd=1) | grad=2.562 | tok/s=56,607 | tokens=0.87B
step= 26640 | loss=4.7378 | lr=3.00e-04 | wd=0.0302 | mom=0.9500 | T=1.5 k=1.0 (mu_rec=1 mu_bwd=1) | grad=5.562 | tok/s=53,769 | tokens=0.87B
step= 26650 | loss=4.9784 | lr=3.00e-04 | wd=0.0301 | mom=0.9500 | T=1.2 k=1.0 (mu_rec=1 mu_bwd=1) | grad=6.250 | tok/s=53,897 | tokens=0.87B
step= 26660 | loss=4.7093 | lr=3.00e-04 | wd=0.0301 | mom=0.9500 | T=1.2 k=1.0 (mu_rec=1 mu_bwd=1) | grad=2.625 | tok/s=53,076 | tokens=0.87B
step= 26670 | loss=4.7598 | lr=3.00e-04 | wd=0.0301 | mom=0.9500 | T=1.5 k=1.0 (mu_rec=1 mu_bwd=1) | grad=4.500 | tok/s=55,143 | tokens=0.87B
step= 26680 | loss=5.0600 | lr=3.00e-04 | wd=0.0301 | mom=0.9500 | T=2.2 k=1.0 (mu_rec=1 mu_bwd=1) | grad=2.953 | tok/s=53,578 | tokens=0.87B
step= 26690 | loss=4.8834 | lr=3.00e-04 | wd=0.0300 | mom=0.9500 | T=1.2 k=1.0 (mu_rec=1 mu_bwd=1) | grad=2.859 | tok/s=55,808 | tokens=0.87B
step= 26700 | loss=4.8378 | lr=3.00e-04 | wd=0.0300 | mom=0.9500 | T=1.2 k=1.0 (mu_rec=1 mu_bwd=1) | grad=3.750 | tok/s=53,877 | tokens=0.87B
step= 26710 | loss=4.6997 | lr=3.00e-04 | wd=0.0300 | mom=0.9500 | T=1.0 k=1.0 (mu_rec=1 mu_bwd=1) | grad=3.406 | tok/s=54,354 | tokens=0.88B
step= 26720 | loss=4.8129 | lr=3.00e-04 | wd=0.0300 | mom=0.9500 | T=1.5 k=1.0 (mu_rec=1 mu_bwd=1) | grad=2.688 | tok/s=56,010 | tokens=0.88B
step= 26730 | loss=4.8854 | lr=3.00e-04 | wd=0.0299 | mom=0.9500 | T=1.8 k=1.0 (mu_rec=1 mu_bwd=1) | grad=2.281 | tok/s=54,807 | tokens=0.88B
step= 26740 | loss=4.7466 | lr=3.00e-04 | wd=0.0299 | mom=0.9500 | T=1.0 k=1.0 (mu_rec=1 mu_bwd=1) | grad=3.672 | tok/s=55,608 | tokens=0.88B
step= 26750 | loss=4.9630 | lr=3.00e-04 | wd=0.0299 | mom=0.9500 | T=2.2 k=1.0 (mu_rec=1 mu_bwd=1) | grad=3.234 | tok/s=56,258 | tokens=0.88B
step= 26760 | loss=4.7707 | lr=3.00e-04 | wd=0.0299 | mom=0.9500 | T=1.2 k=1.0 (mu_rec=1 mu_bwd=1) | grad=4.062 | tok/s=56,448 | tokens=0.88B
step= 26770 | loss=4.9685 | lr=3.00e-04 | wd=0.0298 | mom=0.9500 | T=1.5 k=1.0 (mu_rec=1 mu_bwd=1) | grad=2.859 | tok/s=55,547 | tokens=0.88B
step= 26780 | loss=5.0290 | lr=3.00e-04 | wd=0.0298 | mom=0.9500 | T=1.2 k=1.0 (mu_rec=1 mu_bwd=1) | grad=3.344 | tok/s=55,711 | tokens=0.88B
step= 26790 | loss=5.0564 | lr=3.00e-04 | wd=0.0298 | mom=0.9500 | T=1.5 k=1.0 (mu_rec=1 mu_bwd=1) | grad=4.469 | tok/s=54,888 | tokens=0.88B
step= 26800 | loss=4.7718 | lr=3.00e-04 | wd=0.0297 | mom=0.9500 | T=1.8 k=1.0 (mu_rec=1 mu_bwd=1) | grad=2.984 | tok/s=53,834 | tokens=0.88B
step= 26810 | loss=4.7686 | lr=3.00e-04 | wd=0.0297 | mom=0.9500 | T=1.0 k=1.0 (mu_rec=1 mu_bwd=1) | grad=2.797 | tok/s=56,798 | tokens=0.88B
step= 26820 | loss=4.7387 | lr=3.00e-04 | wd=0.0297 | mom=0.9500 | T=2.0 k=1.0 (mu_rec=1 mu_bwd=1) | grad=1.820 | tok/s=51,573 | tokens=0.88B
step= 26830 | loss=4.8982 | lr=3.00e-04 | wd=0.0297 | mom=0.9500 | T=1.2 k=1.0 (mu_rec=1 mu_bwd=1) | grad=2.641 | tok/s=53,198 | tokens=0.88B
step= 26840 | loss=4.8285 | lr=3.00e-04 | wd=0.0296 | mom=0.9500 | T=1.2 k=1.0 (mu_rec=1 mu_bwd=1) | grad=3.500 | tok/s=56,056 | tokens=0.88B
step= 26850 | loss=4.7701 | lr=3.00e-04 | wd=0.0296 | mom=0.9500 | T=1.0 k=1.0 (mu_rec=1 mu_bwd=1) | grad=5.531 | tok/s=54,459 | tokens=0.88B
step= 26860 | loss=4.8069 | lr=3.00e-04 | wd=0.0296 | mom=0.9500 | T=1.0 k=1.0 (mu_rec=1 mu_bwd=1) | grad=2.859 | tok/s=57,003 | tokens=0.88B
step= 26870 | loss=4.9152 | lr=3.00e-04 | wd=0.0296 | mom=0.9500 | T=1.0 k=1.0 (mu_rec=1 mu_bwd=1) | grad=3.125 | tok/s=52,634 | tokens=0.88B
step= 26880 | loss=4.8282 | lr=3.00e-04 | wd=0.0295 | mom=0.9500 | T=1.5 k=1.0 (mu_rec=1 mu_bwd=1) | grad=2.688 | tok/s=57,331 | tokens=0.88B
step= 26890 | loss=4.7793 | lr=3.00e-04 | wd=0.0295 | mom=0.9500 | T=1.2 k=1.0 (mu_rec=1 mu_bwd=1) | grad=2.656 | tok/s=57,364 | tokens=0.88B
step= 26900 | loss=4.8979 | lr=3.00e-04 | wd=0.0295 | mom=0.9500 | T=1.5 k=1.0 (mu_rec=1 mu_bwd=1) | grad=2.938 | tok/s=54,864 | tokens=0.88B
step= 26910 | loss=4.8735 | lr=3.00e-04 | wd=0.0295 | mom=0.9500 | T=1.5 k=1.0 (mu_rec=1 mu_bwd=1) | grad=2.641 | tok/s=8,142 | tokens=0.88B
step= 26920 | loss=5.0817 | lr=3.00e-04 | wd=0.0294 | mom=0.9500 | T=2.5 k=1.0 (mu_rec=1 mu_bwd=1) | grad=2.484 | tok/s=52,952 | tokens=0.88B
step= 26930 | loss=4.7901 | lr=3.00e-04 | wd=0.0294 | mom=0.9500 | T=2.2 k=1.0 (mu_rec=1 mu_bwd=1) | grad=2.922 | tok/s=54,186 | tokens=0.88B
step= 26940 | loss=4.9414 | lr=3.00e-04 | wd=0.0294 | mom=0.9500 | T=1.0 k=1.0 (mu_rec=1 mu_bwd=1) | grad=2.547 | tok/s=57,049 | tokens=0.88B
step= 26950 | loss=4.8862 | lr=3.00e-04 | wd=0.0294 | mom=0.9500 | T=1.0 k=1.0 (mu_rec=1 mu_bwd=1) | grad=2.328 | tok/s=57,029 | tokens=0.88B
step= 26960 | loss=4.7576 | lr=3.00e-04 | wd=0.0293 | mom=0.9500 | T=1.0 k=1.0 (mu_rec=1 mu_bwd=1) | grad=2.312 | tok/s=53,974 | tokens=0.88B
step= 26970 | loss=4.8589 | lr=3.00e-04 | wd=0.0293 | mom=0.9500 | T=1.8 k=1.0 (mu_rec=1 mu_bwd=1) | grad=2.266 | tok/s=55,845 | tokens=0.88B
step= 26980 | loss=4.9331 | lr=3.00e-04 | wd=0.0293 | mom=0.9500 | T=1.8 k=1.0 (mu_rec=1 mu_bwd=1) | grad=1.992 | tok/s=53,219 | tokens=0.88B
step= 26990 | loss=4.9529 | lr=3.00e-04 | wd=0.0292 | mom=0.9500 | T=1.8 k=1.0 (mu_rec=1 mu_bwd=1) | grad=2.875 | tok/s=57,710 | tokens=0.88B
step= 27000 | loss=4.9766 | lr=3.00e-04 | wd=0.0292 | mom=0.9500 | T=1.0 k=1.0 (mu_rec=1 mu_bwd=1) | grad=5.531 | tok/s=54,778 | tokens=0.88B
step= 27010 | loss=4.8975 | lr=3.00e-04 | wd=0.0292 | mom=0.9500 | T=1.5 k=1.0 (mu_rec=1 mu_bwd=1) | grad=4.438 | tok/s=9,137 | tokens=0.89B
step= 27020 | loss=4.8703 | lr=3.00e-04 | wd=0.0292 | mom=0.9500 | T=1.2 k=1.0 (mu_rec=1 mu_bwd=1) | grad=3.219 | tok/s=55,203 | tokens=0.89B
step= 27030 | loss=4.8506 | lr=3.00e-04 | wd=0.0291 | mom=0.9500 | T=1.8 k=1.0 (mu_rec=1 mu_bwd=1) | grad=11.625 | tok/s=56,534 | tokens=0.89B
step= 27040 | loss=4.7998 | lr=3.00e-04 | wd=0.0291 | mom=0.9500 | T=1.8 k=1.0 (mu_rec=1 mu_bwd=1) | grad=3.641 | tok/s=57,330 | tokens=0.89B
step= 27050 | loss=5.0151 | lr=3.00e-04 | wd=0.0291 | mom=0.9500 | T=1.2 k=1.0 (mu_rec=1 mu_bwd=1) | grad=2.922 | tok/s=56,131 | tokens=0.89B
step= 27060 | loss=4.8236 | lr=3.00e-04 | wd=0.0291 | mom=0.9500 | T=1.2 k=1.0 (mu_rec=1 mu_bwd=1) | grad=2.266 | tok/s=52,679 | tokens=0.89B
step= 27070 | loss=4.8144 | lr=3.00e-04 | wd=0.0290 | mom=0.9500 | T=1.8 k=1.0 (mu_rec=1 mu_bwd=1) | grad=3.484 | tok/s=55,451 | tokens=0.89B
step= 27080 | loss=4.9228 | lr=3.00e-04 | wd=0.0290 | mom=0.9500 | T=2.8 k=1.0 (mu_rec=1 mu_bwd=1) | grad=1.586 | tok/s=51,824 | tokens=0.89B
step= 27090 | loss=4.8392 | lr=3.00e-04 | wd=0.0290 | mom=0.9500 | T=2.0 k=1.0 (mu_rec=1 mu_bwd=1) | grad=2.703 | tok/s=54,316 | tokens=0.89B
step= 27100 | loss=4.9485 | lr=3.00e-04 | wd=0.0290 | mom=0.9500 | T=1.2 k=1.0 (mu_rec=1 mu_bwd=1) | grad=2.359 | tok/s=54,495 | tokens=0.89B
step= 27110 | loss=4.8679 | lr=3.00e-04 | wd=0.0289 | mom=0.9500 | T=1.0 k=1.0 (mu_rec=1 mu_bwd=1) | grad=2.484 | tok/s=52,519 | tokens=0.89B
step= 27120 | loss=5.0039 | lr=3.00e-04 | wd=0.0289 | mom=0.9500 | T=1.5 k=1.0 (mu_rec=1 mu_bwd=1) | grad=8.438 | tok/s=57,275 | tokens=0.89B
step= 27130 | loss=4.8291 | lr=3.00e-04 | wd=0.0289 | mom=0.9500 | T=1.2 k=1.0 (mu_rec=1 mu_bwd=1) | grad=5.062 | tok/s=55,044 | tokens=0.89B
step= 27140 | loss=4.9806 | lr=3.00e-04 | wd=0.0289 | mom=0.9500 | T=1.0 k=1.0 (mu_rec=1 mu_bwd=1) | grad=3.312 | tok/s=54,685 | tokens=0.89B
step= 27150 | loss=4.9122 | lr=3.00e-04 | wd=0.0288 | mom=0.9500 | T=1.5 k=1.0 (mu_rec=1 mu_bwd=1) | grad=3.938 | tok/s=56,689 | tokens=0.89B
step= 27160 | loss=5.0394 | lr=3.00e-04 | wd=0.0288 | mom=0.9500 | T=2.0 k=1.0 (mu_rec=1 mu_bwd=1) | grad=2.266 | tok/s=57,856 | tokens=0.89B
step= 27170 | loss=4.9494 | lr=3.00e-04 | wd=0.0288 | mom=0.9500 | T=1.0 k=1.0 (mu_rec=1 mu_bwd=1) | grad=3.016 | tok/s=58,411 | tokens=0.89B
step= 27180 | loss=4.9456 | lr=3.00e-04 | wd=0.0288 | mom=0.9500 | T=1.8 k=1.0 (mu_rec=1 mu_bwd=1) | grad=2.781 | tok/s=52,990 | tokens=0.89B
step= 27190 | loss=4.7248 | lr=3.00e-04 | wd=0.0287 | mom=0.9500 | T=1.5 k=1.0 (mu_rec=1 mu_bwd=1) | grad=3.391 | tok/s=54,241 | tokens=0.89B
step= 27200 | loss=4.8097 | lr=3.00e-04 | wd=0.0287 | mom=0.9500 | T=1.5 k=1.0 (mu_rec=1 mu_bwd=1) | grad=5.344 | tok/s=53,286 | tokens=0.89B
step= 27210 | loss=4.7543 | lr=3.00e-04 | wd=0.0287 | mom=0.9500 | T=1.0 k=1.0 (mu_rec=1 mu_bwd=1) | grad=3.984 | tok/s=56,177 | tokens=0.89B
step= 27220 | loss=4.8441 | lr=3.00e-04 | wd=0.0286 | mom=0.9500 | T=1.2 k=1.0 (mu_rec=1 mu_bwd=1) | grad=3.188 | tok/s=56,020 | tokens=0.89B
step= 27230 | loss=4.7816 | lr=3.00e-04 | wd=0.0286 | mom=0.9500 | T=1.2 k=1.0 (mu_rec=1 mu_bwd=1) | grad=2.297 | tok/s=55,786 | tokens=0.89B
step= 27240 | loss=4.8622 | lr=3.00e-04 | wd=0.0286 | mom=0.9500 | T=1.0 k=1.0 (mu_rec=1 mu_bwd=1) | grad=2.891 | tok/s=56,357 | tokens=0.89B
step= 27250 | loss=4.7048 | lr=3.00e-04 | wd=0.0286 | mom=0.9500 | T=1.8 k=1.0 (mu_rec=1 mu_bwd=1) | grad=2.406 | tok/s=56,621 | tokens=0.89B
step= 27260 | loss=4.8401 | lr=3.00e-04 | wd=0.0285 | mom=0.9500 | T=2.0 k=1.0 (mu_rec=1 mu_bwd=1) | grad=3.328 | tok/s=53,268 | tokens=0.89B
step= 27270 | loss=4.6093 | lr=3.00e-04 | wd=0.0285 | mom=0.9500 | T=1.0 k=1.0 (mu_rec=1 mu_bwd=1) | grad=5.469 | tok/s=57,835 | tokens=0.89B
step= 27280 | loss=4.7616 | lr=3.00e-04 | wd=0.0285 | mom=0.9500 | T=1.2 k=1.0 (mu_rec=1 mu_bwd=1) | grad=2.359 | tok/s=56,286 | tokens=0.89B
step= 27290 | loss=4.6271 | lr=3.00e-04 | wd=0.0285 | mom=0.9500 | T=1.0 k=1.0 (mu_rec=1 mu_bwd=1) | grad=2.250 | tok/s=57,319 | tokens=0.89B
step= 27300 | loss=4.6892 | lr=3.00e-04 | wd=0.0284 | mom=0.9500 | T=1.0 k=1.0 (mu_rec=1 mu_bwd=1) | grad=5.438 | tok/s=60,090 | tokens=0.89B
step= 27310 | loss=4.6954 | lr=3.00e-04 | wd=0.0284 | mom=0.9500 | T=1.2 k=1.0 (mu_rec=1 mu_bwd=1) | grad=2.219 | tok/s=54,507 | tokens=0.89B
step= 27320 | loss=4.7633 | lr=3.00e-04 | wd=0.0284 | mom=0.9500 | T=1.2 k=1.0 (mu_rec=1 mu_bwd=1) | grad=3.266 | tok/s=54,356 | tokens=0.90B
step= 27330 | loss=5.1809 | lr=3.00e-04 | wd=0.0284 | mom=0.9500 | T=1.0 k=1.0 (mu_rec=1 mu_bwd=1) | grad=4.844 | tok/s=54,856 | tokens=0.90B
step= 27340 | loss=4.9331 | lr=3.00e-04 | wd=0.0283 | mom=0.9500 | T=1.5 k=1.0 (mu_rec=1 mu_bwd=1) | grad=4.125 | tok/s=56,910 | tokens=0.90B
step= 27350 | loss=4.8292 | lr=3.00e-04 | wd=0.0283 | mom=0.9500 | T=1.0 k=1.0 (mu_rec=1 mu_bwd=1) | grad=2.641 | tok/s=54,663 | tokens=0.90B
step= 27360 | loss=4.9010 | lr=3.00e-04 | wd=0.0283 | mom=0.9500 | T=1.5 k=1.0 (mu_rec=1 mu_bwd=1) | grad=3.188 | tok/s=59,188 | tokens=0.90B
step= 27370 | loss=4.7950 | lr=3.00e-04 | wd=0.0283 | mom=0.9500 | T=1.0 k=1.0 (mu_rec=1 mu_bwd=1) | grad=2.312 | tok/s=55,173 | tokens=0.90B
step= 27380 | loss=4.7779 | lr=3.00e-04 | wd=0.0282 | mom=0.9500 | T=1.0 k=1.0 (mu_rec=1 mu_bwd=1) | grad=2.781 | tok/s=59,489 | tokens=0.90B
step= 27390 | loss=4.7162 | lr=3.00e-04 | wd=0.0282 | mom=0.9500 | T=1.0 k=1.0 (mu_rec=1 mu_bwd=1) | grad=3.438 | tok/s=56,980 | tokens=0.90B
step= 27400 | loss=4.5730 | lr=3.00e-04 | wd=0.0282 | mom=0.9500 | T=1.5 k=1.0 (mu_rec=1 mu_bwd=1) | grad=2.531 | tok/s=57,310 | tokens=0.90B
step= 27410 | loss=4.5395 | lr=3.00e-04 | wd=0.0281 | mom=0.9500 | T=1.0 k=1.0 (mu_rec=1 mu_bwd=1) | grad=4.969 | tok/s=55,465 | tokens=0.90B
step= 27420 | loss=5.0155 | lr=3.00e-04 | wd=0.0281 | mom=0.9500 | T=1.8 k=1.0 (mu_rec=1 mu_bwd=1) | grad=3.500 | tok/s=55,326 | tokens=0.90B
step= 27430 | loss=4.8285 | lr=3.00e-04 | wd=0.0281 | mom=0.9500 | T=1.2 k=1.0 (mu_rec=1 mu_bwd=1) | grad=2.672 | tok/s=56,338 | tokens=0.90B
step= 27440 | loss=4.8253 | lr=3.00e-04 | wd=0.0281 | mom=0.9500 | T=2.0 k=1.0 (mu_rec=1 mu_bwd=1) | grad=2.078 | tok/s=53,096 | tokens=0.90B
step= 27450 | loss=4.9143 | lr=3.00e-04 | wd=0.0280 | mom=0.9500 | T=1.2 k=1.0 (mu_rec=1 mu_bwd=1) | grad=3.750 | tok/s=55,885 | tokens=0.90B
step= 27460 | loss=4.8140 | lr=3.00e-04 | wd=0.0280 | mom=0.9500 | T=1.5 k=1.0 (mu_rec=1 mu_bwd=1) | grad=1.836 | tok/s=54,635 | tokens=0.90B
step= 27470 | loss=4.7859 | lr=3.00e-04 | wd=0.0280 | mom=0.9500 | T=1.0 k=1.0 (mu_rec=1 mu_bwd=1) | grad=2.297 | tok/s=57,639 | tokens=0.90B
step= 27480 | loss=4.6652 | lr=3.00e-04 | wd=0.0280 | mom=0.9500 | T=1.0 k=1.0 (mu_rec=1 mu_bwd=1) | grad=3.656 | tok/s=56,950 | tokens=0.90B
step= 27490 | loss=4.8185 | lr=3.00e-04 | wd=0.0279 | mom=0.9500 | T=1.8 k=1.0 (mu_rec=1 mu_bwd=1) | grad=2.141 | tok/s=56,620 | tokens=0.90B
step= 27500 | loss=4.7884 | lr=3.00e-04 | wd=0.0279 | mom=0.9500 | T=1.5 k=1.0 (mu_rec=1 mu_bwd=1) | grad=2.391 | tok/s=55,608 | tokens=0.90B
step= 27510 | loss=4.7900 | lr=3.00e-04 | wd=0.0279 | mom=0.9500 | T=1.8 k=1.0 (mu_rec=1 mu_bwd=1) | grad=2.656 | tok/s=56,297 | tokens=0.90B
step= 27520 | loss=4.8204 | lr=3.00e-04 | wd=0.0279 | mom=0.9500 | T=1.2 k=1.0 (mu_rec=1 mu_bwd=1) | grad=2.812 | tok/s=54,267 | tokens=0.90B
step= 27530 | loss=4.7079 | lr=3.00e-04 | wd=0.0278 | mom=0.9500 | T=1.0 k=1.0 (mu_rec=1 mu_bwd=1) | grad=2.891 | tok/s=54,534 | tokens=0.90B
step= 27540 | loss=4.7666 | lr=3.00e-04 | wd=0.0278 | mom=0.9500 | T=2.2 k=1.0 (mu_rec=1 mu_bwd=1) | grad=2.031 | tok/s=56,393 | tokens=0.90B
step= 27550 | loss=4.8214 | lr=3.00e-04 | wd=0.0278 | mom=0.9500 | T=1.2 k=1.0 (mu_rec=1 mu_bwd=1) | grad=5.906 | tok/s=54,153 | tokens=0.90B
step= 27560 | loss=4.8674 | lr=3.00e-04 | wd=0.0278 | mom=0.9500 | T=1.2 k=1.0 (mu_rec=1 mu_bwd=1) | grad=3.422 | tok/s=55,888 | tokens=0.90B
step= 27570 | loss=4.7573 | lr=3.00e-04 | wd=0.0277 | mom=0.9500 | T=1.0 k=1.0 (mu_rec=1 mu_bwd=1) | grad=2.766 | tok/s=53,592 | tokens=0.90B
step= 27580 | loss=4.7847 | lr=3.00e-04 | wd=0.0277 | mom=0.9500 | T=1.2 k=1.0 (mu_rec=1 mu_bwd=1) | grad=2.719 | tok/s=58,541 | tokens=0.90B
step= 27590 | loss=4.8198 | lr=3.00e-04 | wd=0.0277 | mom=0.9500 | T=2.0 k=1.0 (mu_rec=1 mu_bwd=1) | grad=3.594 | tok/s=57,207 | tokens=0.90B
step= 27600 | loss=4.8523 | lr=3.00e-04 | wd=0.0276 | mom=0.9500 | T=2.0 k=1.0 (mu_rec=1 mu_bwd=1) | grad=3.188 | tok/s=53,821 | tokens=0.90B
step= 27610 | loss=4.7718 | lr=3.00e-04 | wd=0.0276 | mom=0.9500 | T=1.0 k=1.0 (mu_rec=1 mu_bwd=1) | grad=2.719 | tok/s=54,355 | tokens=0.90B
step= 27620 | loss=4.7895 | lr=3.00e-04 | wd=0.0276 | mom=0.9500 | T=1.2 k=1.0 (mu_rec=1 mu_bwd=1) | grad=2.859 | tok/s=56,602 | tokens=0.91B
step= 27630 | loss=4.8534 | lr=3.00e-04 | wd=0.0276 | mom=0.9500 | T=1.2 k=1.0 (mu_rec=1 mu_bwd=1) | grad=2.344 | tok/s=56,533 | tokens=0.91B
step= 27640 | loss=4.7640 | lr=3.00e-04 | wd=0.0275 | mom=0.9500 | T=1.0 k=1.0 (mu_rec=1 mu_bwd=1) | grad=2.328 | tok/s=61,030 | tokens=0.91B
step= 27650 | loss=4.7547 | lr=3.00e-04 | wd=0.0275 | mom=0.9500 | T=1.2 k=1.0 (mu_rec=1 mu_bwd=1) | grad=2.359 | tok/s=58,606 | tokens=0.91B
step= 27660 | loss=4.9368 | lr=3.00e-04 | wd=0.0275 | mom=0.9500 | T=1.2 k=1.0 (mu_rec=1 mu_bwd=1) | grad=10.688 | tok/s=53,912 | tokens=0.91B
step= 27670 | loss=4.8684 | lr=3.00e-04 | wd=0.0275 | mom=0.9500 | T=1.2 k=1.0 (mu_rec=1 mu_bwd=1) | grad=7.250 | tok/s=59,465 | tokens=0.91B
step= 27680 | loss=4.7869 | lr=3.00e-04 | wd=0.0274 | mom=0.9500 | T=1.2 k=1.0 (mu_rec=1 mu_bwd=1) | grad=2.516 | tok/s=56,688 | tokens=0.91B
step= 27690 | loss=4.6619 | lr=3.00e-04 | wd=0.0274 | mom=0.9500 | T=2.5 k=1.0 (mu_rec=1 mu_bwd=1) | grad=5.156 | tok/s=53,768 | tokens=0.91B
step= 27700 | loss=4.8302 | lr=3.00e-04 | wd=0.0274 | mom=0.9500 | T=1.0 k=1.0 (mu_rec=1 mu_bwd=1) | grad=4.000 | tok/s=57,867 | tokens=0.91B
step= 27710 | loss=4.8623 | lr=3.00e-04 | wd=0.0274 | mom=0.9500 | T=2.2 k=1.0 (mu_rec=1 mu_bwd=1) | grad=2.453 | tok/s=54,086 | tokens=0.91B
step= 27720 | loss=4.6802 | lr=3.00e-04 | wd=0.0273 | mom=0.9500 | T=1.8 k=1.0 (mu_rec=1 mu_bwd=1) | grad=2.469 | tok/s=56,498 | tokens=0.91B
step= 27730 | loss=4.6856 | lr=3.00e-04 | wd=0.0273 | mom=0.9500 | T=1.8 k=1.0 (mu_rec=1 mu_bwd=1) | grad=2.516 | tok/s=54,840 | tokens=0.91B
step= 27740 | loss=4.6411 | lr=3.00e-04 | wd=0.0273 | mom=0.9500 | T=1.2 k=1.0 (mu_rec=1 mu_bwd=1) | grad=4.812 | tok/s=56,454 | tokens=0.91B
step= 27750 | loss=4.7499 | lr=3.00e-04 | wd=0.0273 | mom=0.9500 | T=1.2 k=1.0 (mu_rec=1 mu_bwd=1) | grad=2.688 | tok/s=55,365 | tokens=0.91B
step= 27760 | loss=4.5268 | lr=3.00e-04 | wd=0.0272 | mom=0.9500 | T=1.5 k=1.0 (mu_rec=1 mu_bwd=1) | grad=2.109 | tok/s=57,332 | tokens=0.91B
step= 27770 | loss=4.7387 | lr=3.00e-04 | wd=0.0272 | mom=0.9500 | T=1.0 k=1.0 (mu_rec=1 mu_bwd=1) | grad=2.844 | tok/s=56,775 | tokens=0.91B
step= 27780 | loss=4.6577 | lr=3.00e-04 | wd=0.0272 | mom=0.9500 | T=1.0 k=1.0 (mu_rec=1 mu_bwd=1) | grad=3.000 | tok/s=56,273 | tokens=0.91B
step= 27790 | loss=4.5885 | lr=3.00e-04 | wd=0.0272 | mom=0.9500 | T=2.0 k=1.0 (mu_rec=1 mu_bwd=1) | grad=2.328 | tok/s=56,221 | tokens=0.91B
step= 27800 | loss=4.7146 | lr=3.00e-04 | wd=0.0271 | mom=0.9500 | T=1.2 k=1.0 (mu_rec=1 mu_bwd=1) | grad=5.875 | tok/s=57,018 | tokens=0.91B
step= 27810 | loss=4.6816 | lr=3.00e-04 | wd=0.0271 | mom=0.9500 | T=1.0 k=1.0 (mu_rec=1 mu_bwd=1) | grad=2.562 | tok/s=55,404 | tokens=0.91B
step= 27820 | loss=4.9466 | lr=3.00e-04 | wd=0.0271 | mom=0.9500 | T=1.0 k=1.0 (mu_rec=1 mu_bwd=1) | grad=3.828 | tok/s=7,937 | tokens=0.91B
step= 27830 | loss=4.8567 | lr=3.00e-04 | wd=0.0270 | mom=0.9500 | T=1.2 k=1.0 (mu_rec=1 mu_bwd=1) | grad=2.484 | tok/s=60,032 | tokens=0.91B
step= 27840 | loss=4.7970 | lr=3.00e-04 | wd=0.0270 | mom=0.9500 | T=1.0 k=1.0 (mu_rec=1 mu_bwd=1) | grad=2.766 | tok/s=60,194 | tokens=0.91B
step= 27850 | loss=4.8522 | lr=3.00e-04 | wd=0.0270 | mom=0.9500 | T=1.2 k=1.0 (mu_rec=1 mu_bwd=1) | grad=2.328 | tok/s=54,677 | tokens=0.91B
step= 27860 | loss=4.9220 | lr=3.00e-04 | wd=0.0270 | mom=0.9500 | T=1.0 k=1.0 (mu_rec=1 mu_bwd=1) | grad=4.500 | tok/s=61,676 | tokens=0.91B
step= 27870 | loss=4.7925 | lr=3.00e-04 | wd=0.0269 | mom=0.9500 | T=1.2 k=1.0 (mu_rec=1 mu_bwd=1) | grad=2.422 | tok/s=8,928 | tokens=0.91B
step= 27880 | loss=4.8088 | lr=3.00e-04 | wd=0.0269 | mom=0.9500 | T=1.8 k=1.0 (mu_rec=1 mu_bwd=1) | grad=3.625 | tok/s=56,108 | tokens=0.91B
step= 27890 | loss=4.7836 | lr=3.00e-04 | wd=0.0269 | mom=0.9500 | T=1.0 k=1.0 (mu_rec=1 mu_bwd=1) | grad=2.578 | tok/s=56,441 | tokens=0.91B
step= 27900 | loss=4.9959 | lr=3.00e-04 | wd=0.0269 | mom=0.9500 | T=1.0 k=1.0 (mu_rec=1 mu_bwd=1) | grad=3.688 | tok/s=55,179 | tokens=0.91B
step= 27910 | loss=5.1012 | lr=3.00e-04 | wd=0.0268 | mom=0.9500 | T=2.0 k=1.0 (mu_rec=1 mu_bwd=1) | grad=2.516 | tok/s=55,814 | tokens=0.91B
step= 27920 | loss=4.8608 | lr=3.00e-04 | wd=0.0268 | mom=0.9500 | T=1.5 k=1.0 (mu_rec=1 mu_bwd=1) | grad=2.406 | tok/s=53,964 | tokens=0.91B
step= 27930 | loss=4.7564 | lr=3.00e-04 | wd=0.0268 | mom=0.9500 | T=1.2 k=1.0 (mu_rec=1 mu_bwd=1) | grad=2.609 | tok/s=58,109 | tokens=0.92B
step= 27940 | loss=4.8231 | lr=3.00e-04 | wd=0.0268 | mom=0.9500 | T=1.2 k=1.0 (mu_rec=1 mu_bwd=1) | grad=5.188 | tok/s=57,998 | tokens=0.92B
step= 27950 | loss=4.7517 | lr=3.00e-04 | wd=0.0267 | mom=0.9500 | T=1.5 k=1.0 (mu_rec=1 mu_bwd=1) | grad=3.094 | tok/s=53,939 | tokens=0.92B
step= 27960 | loss=4.7544 | lr=3.00e-04 | wd=0.0267 | mom=0.9500 | T=2.0 k=1.0 (mu_rec=1 mu_bwd=1) | grad=1.836 | tok/s=54,470 | tokens=0.92B
step= 27970 | loss=4.7524 | lr=3.00e-04 | wd=0.0267 | mom=0.9500 | T=1.2 k=1.0 (mu_rec=1 mu_bwd=1) | grad=3.922 | tok/s=55,414 | tokens=0.92B
step= 27980 | loss=4.6650 | lr=3.00e-04 | wd=0.0267 | mom=0.9500 | T=1.8 k=1.0 (mu_rec=1 mu_bwd=1) | grad=2.719 | tok/s=54,577 | tokens=0.92B
step= 27990 | loss=4.6179 | lr=3.00e-04 | wd=0.0266 | mom=0.9500 | T=1.2 k=1.0 (mu_rec=1 mu_bwd=1) | grad=2.438 | tok/s=54,335 | tokens=0.92B
step= 28000 | loss=4.7047 | lr=3.00e-04 | wd=0.0266 | mom=0.9500 | T=1.5 k=1.0 (mu_rec=1 mu_bwd=1) | grad=4.094 | tok/s=52,982 | tokens=0.92B
step= 28010 | loss=4.8409 | lr=3.00e-04 | wd=0.0266 | mom=0.9500 | T=2.0 k=1.0 (mu_rec=1 mu_bwd=1) | grad=2.156 | tok/s=54,854 | tokens=0.92B
step= 28020 | loss=4.8837 | lr=3.00e-04 | wd=0.0265 | mom=0.9500 | T=1.0 k=1.0 (mu_rec=1 mu_bwd=1) | grad=2.531 | tok/s=53,992 | tokens=0.92B
step= 28030 | loss=4.7538 | lr=3.00e-04 | wd=0.0265 | mom=0.9500 | T=2.0 k=1.0 (mu_rec=1 mu_bwd=1) | grad=2.094 | tok/s=56,655 | tokens=0.92B
step= 28040 | loss=4.7869 | lr=3.00e-04 | wd=0.0265 | mom=0.9500 | T=1.2 k=1.0 (mu_rec=1 mu_bwd=1) | grad=4.219 | tok/s=56,492 | tokens=0.92B
step= 28050 | loss=4.6820 | lr=3.00e-04 | wd=0.0265 | mom=0.9500 | T=1.5 k=1.0 (mu_rec=1 mu_bwd=1) | grad=3.406 | tok/s=58,440 | tokens=0.92B
step= 28060 | loss=4.8086 | lr=3.00e-04 | wd=0.0264 | mom=0.9500 | T=1.5 k=1.0 (mu_rec=1 mu_bwd=1) | grad=2.328 | tok/s=55,913 | tokens=0.92B
step= 28070 | loss=4.8223 | lr=3.00e-04 | wd=0.0264 | mom=0.9500 | T=1.0 k=1.0 (mu_rec=1 mu_bwd=1) | grad=2.859 | tok/s=55,416 | tokens=0.92B
step= 28080 | loss=4.7464 | lr=3.00e-04 | wd=0.0264 | mom=0.9500 | T=1.2 k=1.0 (mu_rec=1 mu_bwd=1) | grad=3.000 | tok/s=53,617 | tokens=0.92B
step= 28090 | loss=4.6666 | lr=3.00e-04 | wd=0.0264 | mom=0.9500 | T=1.5 k=1.0 (mu_rec=1 mu_bwd=1) | grad=1.812 | tok/s=55,745 | tokens=0.92B
step= 28100 | loss=4.8267 | lr=3.00e-04 | wd=0.0263 | mom=0.9500 | T=1.0 k=1.0 (mu_rec=1 mu_bwd=1) | grad=2.766 | tok/s=55,019 | tokens=0.92B
step= 28110 | loss=4.8050 | lr=3.00e-04 | wd=0.0263 | mom=0.9500 | T=2.0 k=1.0 (mu_rec=1 mu_bwd=1) | grad=3.031 | tok/s=54,994 | tokens=0.92B
step= 28120 | loss=4.6978 | lr=3.00e-04 | wd=0.0263 | mom=0.9500 | T=1.8 k=1.0 (mu_rec=1 mu_bwd=1) | grad=2.172 | tok/s=55,457 | tokens=0.92B
step= 28130 | loss=4.7689 | lr=3.00e-04 | wd=0.0263 | mom=0.9500 | T=2.0 k=1.0 (mu_rec=1 mu_bwd=1) | grad=2.094 | tok/s=55,817 | tokens=0.92B
step= 28140 | loss=4.7867 | lr=3.00e-04 | wd=0.0262 | mom=0.9500 | T=2.0 k=1.0 (mu_rec=1 mu_bwd=1) | grad=4.406 | tok/s=58,063 | tokens=0.92B
step= 28150 | loss=4.9463 | lr=3.00e-04 | wd=0.0262 | mom=0.9500 | T=2.0 k=1.0 (mu_rec=1 mu_bwd=1) | grad=2.812 | tok/s=55,468 | tokens=0.92B
step= 28160 | loss=5.4481 | lr=3.00e-04 | wd=0.0262 | mom=0.9500 | T=1.2 k=1.0 (mu_rec=1 mu_bwd=1) | grad=2.438 | tok/s=56,123 | tokens=0.92B
step= 28170 | loss=4.9921 | lr=3.00e-04 | wd=0.0262 | mom=0.9500 | T=1.0 k=1.0 (mu_rec=1 mu_bwd=1) | grad=3.281 | tok/s=55,702 | tokens=0.92B
step= 28180 | loss=4.8836 | lr=3.00e-04 | wd=0.0261 | mom=0.9500 | T=1.2 k=1.0 (mu_rec=1 mu_bwd=1) | grad=2.781 | tok/s=54,623 | tokens=0.92B
step= 28190 | loss=5.0465 | lr=3.00e-04 | wd=0.0261 | mom=0.9500 | T=1.5 k=1.0 (mu_rec=1 mu_bwd=1) | grad=2.312 | tok/s=57,698 | tokens=0.92B
step= 28200 | loss=4.6118 | lr=3.00e-04 | wd=0.0261 | mom=0.9500 | T=2.8 k=1.0 (mu_rec=1 mu_bwd=1) | grad=4.844 | tok/s=55,234 | tokens=0.92B
step= 28210 | loss=4.7355 | lr=3.00e-04 | wd=0.0260 | mom=0.9500 | T=1.0 k=1.0 (mu_rec=1 mu_bwd=1) | grad=6.906 | tok/s=58,560 | tokens=0.92B
step= 28220 | loss=4.8196 | lr=3.00e-04 | wd=0.0260 | mom=0.9500 | T=1.8 k=1.0 (mu_rec=1 mu_bwd=1) | grad=4.000 | tok/s=56,689 | tokens=0.92B
step= 28230 | loss=4.8334 | lr=3.00e-04 | wd=0.0260 | mom=0.9500 | T=1.2 k=1.0 (mu_rec=1 mu_bwd=1) | grad=2.453 | tok/s=60,498 | tokens=0.93B
step= 28240 | loss=4.7325 | lr=3.00e-04 | wd=0.0260 | mom=0.9500 | T=1.2 k=1.0 (mu_rec=1 mu_bwd=1) | grad=5.812 | tok/s=57,456 | tokens=0.93B
step= 28250 | loss=4.7391 | lr=3.00e-04 | wd=0.0259 | mom=0.9500 | T=1.2 k=1.0 (mu_rec=1 mu_bwd=1) | grad=3.188 | tok/s=60,547 | tokens=0.93B
step= 28260 | loss=4.7661 | lr=3.00e-04 | wd=0.0259 | mom=0.9500 | T=1.2 k=1.0 (mu_rec=1 mu_bwd=1) | grad=3.016 | tok/s=57,348 | tokens=0.93B
step= 28270 | loss=4.7336 | lr=3.00e-04 | wd=0.0259 | mom=0.9500 | T=1.0 k=1.0 (mu_rec=1 mu_bwd=1) | grad=2.453 | tok/s=55,221 | tokens=0.93B
step= 28280 | loss=4.8379 | lr=3.00e-04 | wd=0.0259 | mom=0.9500 | T=1.5 k=1.0 (mu_rec=1 mu_bwd=1) | grad=2.438 | tok/s=55,262 | tokens=0.93B
step= 28290 | loss=4.9067 | lr=3.00e-04 | wd=0.0258 | mom=0.9500 | T=1.8 k=1.0 (mu_rec=1 mu_bwd=1) | grad=2.453 | tok/s=58,277 | tokens=0.93B
step= 28300 | loss=4.7890 | lr=3.00e-04 | wd=0.0258 | mom=0.9500 | T=1.0 k=1.0 (mu_rec=1 mu_bwd=1) | grad=4.750 | tok/s=57,344 | tokens=0.93B
step= 28310 | loss=4.7610 | lr=3.00e-04 | wd=0.0258 | mom=0.9500 | T=1.0 k=1.0 (mu_rec=1 mu_bwd=1) | grad=3.391 | tok/s=53,889 | tokens=0.93B
step= 28320 | loss=4.7809 | lr=3.00e-04 | wd=0.0258 | mom=0.9500 | T=1.5 k=1.0 (mu_rec=1 mu_bwd=1) | grad=2.250 | tok/s=55,011 | tokens=0.93B
step= 28330 | loss=4.7711 | lr=3.00e-04 | wd=0.0257 | mom=0.9500 | T=1.2 k=1.0 (mu_rec=1 mu_bwd=1) | grad=5.312 | tok/s=56,641 | tokens=0.93B
step= 28340 | loss=4.7628 | lr=3.00e-04 | wd=0.0257 | mom=0.9500 | T=1.2 k=1.0 (mu_rec=1 mu_bwd=1) | grad=8.625 | tok/s=55,506 | tokens=0.93B
step= 28350 | loss=4.7390 | lr=3.00e-04 | wd=0.0257 | mom=0.9500 | T=1.8 k=1.0 (mu_rec=1 mu_bwd=1) | grad=3.719 | tok/s=53,080 | tokens=0.93B
step= 28360 | loss=4.8575 | lr=3.00e-04 | wd=0.0257 | mom=0.9500 | T=1.5 k=1.0 (mu_rec=1 mu_bwd=1) | grad=3.047 | tok/s=55,931 | tokens=0.93B
step= 28370 | loss=4.4712 | lr=3.00e-04 | wd=0.0256 | mom=0.9500 | T=2.5 k=1.0 (mu_rec=1 mu_bwd=1) | grad=3.672 | tok/s=53,364 | tokens=0.93B
step= 28380 | loss=4.0124 | lr=3.00e-04 | wd=0.0256 | mom=0.9500 | T=1.0 k=1.0 (mu_rec=1 mu_bwd=1) | grad=4.062 | tok/s=55,329 | tokens=0.93B
step= 28390 | loss=4.4985 | lr=3.00e-04 | wd=0.0256 | mom=0.9500 | T=1.2 k=1.0 (mu_rec=1 mu_bwd=1) | grad=13.000 | tok/s=58,489 | tokens=0.93B
step= 28400 | loss=4.7458 | lr=3.00e-04 | wd=0.0256 | mom=0.9500 | T=1.0 k=1.0 (mu_rec=1 mu_bwd=1) | grad=2.703 | tok/s=59,647 | tokens=0.93B
step= 28410 | loss=4.7762 | lr=3.00e-04 | wd=0.0255 | mom=0.9500 | T=1.8 k=1.0 (mu_rec=1 mu_bwd=1) | grad=5.469 | tok/s=57,981 | tokens=0.93B
step= 28420 | loss=4.5588 | lr=3.00e-04 | wd=0.0255 | mom=0.9500 | T=1.8 k=1.0 (mu_rec=1 mu_bwd=1) | grad=2.969 | tok/s=54,654 | tokens=0.93B
step= 28430 | loss=4.7849 | lr=3.00e-04 | wd=0.0255 | mom=0.9500 | T=1.2 k=1.0 (mu_rec=1 mu_bwd=1) | grad=2.656 | tok/s=54,897 | tokens=0.93B
step= 28440 | loss=4.8537 | lr=3.00e-04 | wd=0.0254 | mom=0.9500 | T=1.8 k=1.0 (mu_rec=1 mu_bwd=1) | grad=2.797 | tok/s=55,427 | tokens=0.93B
step= 28450 | loss=4.8818 | lr=3.00e-04 | wd=0.0254 | mom=0.9500 | T=2.0 k=1.0 (mu_rec=1 mu_bwd=1) | grad=3.141 | tok/s=55,503 | tokens=0.93B
step= 28460 | loss=5.2470 | lr=3.00e-04 | wd=0.0254 | mom=0.9500 | T=1.0 k=1.0 (mu_rec=1 mu_bwd=1) | grad=4.438 | tok/s=64,222 | tokens=0.93B
step= 28470 | loss=4.9701 | lr=3.00e-04 | wd=0.0254 | mom=0.9500 | T=2.2 k=1.0 (mu_rec=1 mu_bwd=1) | grad=2.156 | tok/s=54,827 | tokens=0.93B
step= 28480 | loss=4.6837 | lr=3.00e-04 | wd=0.0253 | mom=0.9500 | T=2.5 k=1.0 (mu_rec=1 mu_bwd=1) | grad=2.109 | tok/s=54,017 | tokens=0.93B
step= 28490 | loss=4.7104 | lr=3.00e-04 | wd=0.0253 | mom=0.9500 | T=1.0 k=1.0 (mu_rec=1 mu_bwd=1) | grad=3.938 | tok/s=57,322 | tokens=0.93B
step= 28500 | loss=4.7276 | lr=3.00e-04 | wd=0.0253 | mom=0.9500 | T=1.0 k=1.0 (mu_rec=1 mu_bwd=1) | grad=2.562 | tok/s=55,909 | tokens=0.93B
step= 28510 | loss=4.7349 | lr=3.00e-04 | wd=0.0253 | mom=0.9500 | T=1.0 k=1.0 (mu_rec=1 mu_bwd=1) | grad=3.250 | tok/s=57,579 | tokens=0.93B
step= 28520 | loss=4.8011 | lr=3.00e-04 | wd=0.0252 | mom=0.9500 | T=1.0 k=1.0 (mu_rec=1 mu_bwd=1) | grad=3.297 | tok/s=54,963 | tokens=0.93B
step= 28530 | loss=5.2702 | lr=3.00e-04 | wd=0.0252 | mom=0.9500 | T=1.8 k=1.0 (mu_rec=1 mu_bwd=1) | grad=2.734 | tok/s=54,761 | tokens=0.93B
step= 28540 | loss=4.8535 | lr=3.00e-04 | wd=0.0252 | mom=0.9500 | T=1.0 k=1.0 (mu_rec=1 mu_bwd=1) | grad=2.906 | tok/s=58,747 | tokens=0.94B
step= 28550 | loss=4.9410 | lr=3.00e-04 | wd=0.0252 | mom=0.9500 | T=1.5 k=1.0 (mu_rec=1 mu_bwd=1) | grad=2.438 | tok/s=52,159 | tokens=0.94B
step= 28560 | loss=4.7816 | lr=3.00e-04 | wd=0.0251 | mom=0.9500 | T=1.2 k=1.0 (mu_rec=1 mu_bwd=1) | grad=2.562 | tok/s=53,527 | tokens=0.94B
step= 28570 | loss=4.5327 | lr=3.00e-04 | wd=0.0251 | mom=0.9500 | T=2.2 k=1.0 (mu_rec=1 mu_bwd=1) | grad=1.570 | tok/s=55,009 | tokens=0.94B
step= 28580 | loss=4.7786 | lr=3.00e-04 | wd=0.0251 | mom=0.9500 | T=1.8 k=1.0 (mu_rec=1 mu_bwd=1) | grad=1.984 | tok/s=54,357 | tokens=0.94B
step= 28590 | loss=4.8276 | lr=3.00e-04 | wd=0.0251 | mom=0.9500 | T=1.2 k=1.0 (mu_rec=1 mu_bwd=1) | grad=3.094 | tok/s=55,480 | tokens=0.94B
step= 28600 | loss=4.8585 | lr=3.00e-04 | wd=0.0250 | mom=0.9500 | T=1.8 k=1.0 (mu_rec=1 mu_bwd=1) | grad=3.938 | tok/s=53,118 | tokens=0.94B
step= 28610 | loss=4.7555 | lr=3.00e-04 | wd=0.0250 | mom=0.9500 | T=2.2 k=1.0 (mu_rec=1 mu_bwd=1) | grad=5.500 | tok/s=51,883 | tokens=0.94B
step= 28620 | loss=5.1442 | lr=3.00e-04 | wd=0.0250 | mom=0.9500 | T=1.0 k=1.0 (mu_rec=1 mu_bwd=1) | grad=3.312 | tok/s=58,885 | tokens=0.94B
step= 28630 | loss=5.1461 | lr=3.00e-04 | wd=0.0249 | mom=0.9500 | T=1.5 k=1.0 (mu_rec=1 mu_bwd=1) | grad=2.703 | tok/s=56,287 | tokens=0.94B
step= 28640 | loss=4.8989 | lr=3.00e-04 | wd=0.0249 | mom=0.9500 | T=1.0 k=1.0 (mu_rec=1 mu_bwd=1) | grad=2.406 | tok/s=55,582 | tokens=0.94B
step= 28650 | loss=4.9526 | lr=3.00e-04 | wd=0.0249 | mom=0.9500 | T=1.0 k=1.0 (mu_rec=1 mu_bwd=1) | grad=4.469 | tok/s=57,212 | tokens=0.94B
step= 28660 | loss=4.7133 | lr=3.00e-04 | wd=0.0249 | mom=0.9500 | T=2.0 k=1.0 (mu_rec=1 mu_bwd=1) | grad=2.734 | tok/s=52,816 | tokens=0.94B
step= 28670 | loss=4.8447 | lr=3.00e-04 | wd=0.0248 | mom=0.9500 | T=1.0 k=1.0 (mu_rec=1 mu_bwd=1) | grad=4.156 | tok/s=55,467 | tokens=0.94B
step= 28680 | loss=4.4141 | lr=3.00e-04 | wd=0.0248 | mom=0.9500 | T=1.5 k=1.0 (mu_rec=1 mu_bwd=1) | grad=2.922 | tok/s=55,952 | tokens=0.94B
step= 28690 | loss=4.8144 | lr=3.00e-04 | wd=0.0248 | mom=0.9500 | T=1.8 k=1.0 (mu_rec=1 mu_bwd=1) | grad=4.000 | tok/s=50,188 | tokens=0.94B
step= 28700 | loss=4.6761 | lr=3.00e-04 | wd=0.0248 | mom=0.9500 | T=1.0 k=1.0 (mu_rec=1 mu_bwd=1) | grad=5.844 | tok/s=56,457 | tokens=0.94B
step= 28710 | loss=4.9515 | lr=3.00e-04 | wd=0.0247 | mom=0.9500 | T=1.5 k=1.0 (mu_rec=1 mu_bwd=1) | grad=3.328 | tok/s=54,495 | tokens=0.94B
step= 28720 | loss=4.5863 | lr=3.00e-04 | wd=0.0247 | mom=0.9500 | T=1.0 k=1.0 (mu_rec=1 mu_bwd=1) | grad=3.172 | tok/s=60,777 | tokens=0.94B
step= 28730 | loss=4.7772 | lr=3.00e-04 | wd=0.0247 | mom=0.9500 | T=1.5 k=1.0 (mu_rec=1 mu_bwd=1) | grad=5.469 | tok/s=9,020 | tokens=0.94B
step= 28740 | loss=4.8136 | lr=3.00e-04 | wd=0.0247 | mom=0.9500 | T=1.5 k=1.0 (mu_rec=1 mu_bwd=1) | grad=2.922 | tok/s=8,315 | tokens=0.94B
step= 28750 | loss=4.6609 | lr=3.00e-04 | wd=0.0246 | mom=0.9500 | T=1.0 k=1.0 (mu_rec=1 mu_bwd=1) | grad=2.891 | tok/s=58,215 | tokens=0.94B
step= 28760 | loss=4.7131 | lr=3.00e-04 | wd=0.0246 | mom=0.9500 | T=1.0 k=1.0 (mu_rec=1 mu_bwd=1) | grad=3.125 | tok/s=59,196 | tokens=0.94B
step= 28770 | loss=4.7566 | lr=3.00e-04 | wd=0.0246 | mom=0.9500 | T=1.0 k=1.0 (mu_rec=1 mu_bwd=1) | grad=2.594 | tok/s=59,136 | tokens=0.94B
step= 28780 | loss=4.7699 | lr=3.00e-04 | wd=0.0246 | mom=0.9500 | T=1.2 k=1.0 (mu_rec=1 mu_bwd=1) | grad=2.875 | tok/s=55,327 | tokens=0.94B
step= 28790 | loss=4.9509 | lr=3.00e-04 | wd=0.0245 | mom=0.9500 | T=1.5 k=1.0 (mu_rec=1 mu_bwd=1) | grad=2.953 | tok/s=56,871 | tokens=0.94B
step= 28800 | loss=4.9490 | lr=3.00e-04 | wd=0.0245 | mom=0.9500 | T=1.8 k=1.0 (mu_rec=1 mu_bwd=1) | grad=3.109 | tok/s=56,698 | tokens=0.94B
step= 28810 | loss=4.8421 | lr=3.00e-04 | wd=0.0245 | mom=0.9500 | T=1.5 k=1.0 (mu_rec=1 mu_bwd=1) | grad=2.188 | tok/s=52,726 | tokens=0.94B
step= 28820 | loss=4.9127 | lr=3.00e-04 | wd=0.0245 | mom=0.9500 | T=1.0 k=1.0 (mu_rec=1 mu_bwd=1) | grad=2.500 | tok/s=54,034 | tokens=0.94B
step= 28830 | loss=4.7656 | lr=3.00e-04 | wd=0.0244 | mom=0.9500 | T=1.2 k=1.0 (mu_rec=1 mu_bwd=1) | grad=3.719 | tok/s=54,848 | tokens=0.94B
step= 28840 | loss=4.8252 | lr=3.00e-04 | wd=0.0244 | mom=0.9500 | T=1.0 k=1.0 (mu_rec=1 mu_bwd=1) | grad=3.422 | tok/s=55,067 | tokens=0.95B
step= 28850 | loss=4.6766 | lr=3.00e-04 | wd=0.0244 | mom=0.9500 | T=1.2 k=1.0 (mu_rec=1 mu_bwd=1) | grad=3.016 | tok/s=54,066 | tokens=0.95B
step= 28860 | loss=4.8636 | lr=3.00e-04 | wd=0.0243 | mom=0.9500 | T=1.0 k=1.0 (mu_rec=1 mu_bwd=1) | grad=2.406 | tok/s=57,169 | tokens=0.95B
step= 28870 | loss=4.7106 | lr=3.00e-04 | wd=0.0243 | mom=0.9500 | T=1.0 k=1.0 (mu_rec=1 mu_bwd=1) | grad=5.000 | tok/s=55,549 | tokens=0.95B
step= 28880 | loss=5.0964 | lr=3.00e-04 | wd=0.0243 | mom=0.9500 | T=1.2 k=1.0 (mu_rec=1 mu_bwd=1) | grad=3.125 | tok/s=56,344 | tokens=0.95B
step= 28890 | loss=4.8651 | lr=3.00e-04 | wd=0.0243 | mom=0.9500 | T=1.2 k=1.0 (mu_rec=1 mu_bwd=1) | grad=3.844 | tok/s=56,941 | tokens=0.95B
step= 28900 | loss=4.6213 | lr=3.00e-04 | wd=0.0242 | mom=0.9500 | T=1.5 k=1.0 (mu_rec=1 mu_bwd=1) | grad=2.141 | tok/s=54,751 | tokens=0.95B
step= 28910 | loss=5.0932 | lr=3.00e-04 | wd=0.0242 | mom=0.9500 | T=1.8 k=1.0 (mu_rec=1 mu_bwd=1) | grad=2.438 | tok/s=54,459 | tokens=0.95B
step= 28920 | loss=4.8359 | lr=3.00e-04 | wd=0.0242 | mom=0.9500 | T=1.2 k=1.0 (mu_rec=1 mu_bwd=1) | grad=2.391 | tok/s=54,177 | tokens=0.95B
step= 28930 | loss=4.7351 | lr=3.00e-04 | wd=0.0242 | mom=0.9500 | T=1.2 k=1.0 (mu_rec=1 mu_bwd=1) | grad=2.516 | tok/s=56,071 | tokens=0.95B
step= 28940 | loss=4.6495 | lr=3.00e-04 | wd=0.0241 | mom=0.9500 | T=2.0 k=1.0 (mu_rec=1 mu_bwd=1) | grad=3.625 | tok/s=59,737 | tokens=0.95B
step= 28950 | loss=4.9608 | lr=3.00e-04 | wd=0.0241 | mom=0.9500 | T=1.0 k=1.0 (mu_rec=1 mu_bwd=1) | grad=2.938 | tok/s=59,846 | tokens=0.95B
step= 28960 | loss=4.6557 | lr=3.00e-04 | wd=0.0241 | mom=0.9500 | T=1.5 k=1.0 (mu_rec=1 mu_bwd=1) | grad=3.125 | tok/s=52,088 | tokens=0.95B
step= 28970 | loss=4.7343 | lr=3.00e-04 | wd=0.0241 | mom=0.9500 | T=1.8 k=1.0 (mu_rec=1 mu_bwd=1) | grad=3.109 | tok/s=53,320 | tokens=0.95B
step= 28980 | loss=4.8055 | lr=3.00e-04 | wd=0.0240 | mom=0.9500 | T=1.2 k=1.0 (mu_rec=1 mu_bwd=1) | grad=3.719 | tok/s=54,665 | tokens=0.95B
step= 28990 | loss=4.8924 | lr=3.00e-04 | wd=0.0240 | mom=0.9500 | T=1.0 k=1.0 (mu_rec=1 mu_bwd=1) | grad=3.172 | tok/s=55,286 | tokens=0.95B
step= 29000 | loss=4.8462 | lr=3.00e-04 | wd=0.0240 | mom=0.9500 | T=1.8 k=1.0 (mu_rec=1 mu_bwd=1) | grad=2.219 | tok/s=53,196 | tokens=0.95B
step= 29010 | loss=4.6935 | lr=3.00e-04 | wd=0.0240 | mom=0.9500 | T=1.0 k=1.0 (mu_rec=1 mu_bwd=1) | grad=3.922 | tok/s=57,339 | tokens=0.95B
step= 29020 | loss=4.6267 | lr=3.00e-04 | wd=0.0239 | mom=0.9500 | T=2.8 k=1.0 (mu_rec=1 mu_bwd=1) | grad=1.719 | tok/s=53,113 | tokens=0.95B
step= 29030 | loss=4.7240 | lr=3.00e-04 | wd=0.0239 | mom=0.9500 | T=1.0 k=1.0 (mu_rec=1 mu_bwd=1) | grad=3.078 | tok/s=58,089 | tokens=0.95B
step= 29040 | loss=4.8024 | lr=3.00e-04 | wd=0.0239 | mom=0.9500 | T=3.0 k=1.0 (mu_rec=1 mu_bwd=1) | grad=3.016 | tok/s=52,798 | tokens=0.95B
step= 29050 | loss=5.0040 | lr=3.00e-04 | wd=0.0238 | mom=0.9500 | T=1.8 k=1.0 (mu_rec=1 mu_bwd=1) | grad=3.047 | tok/s=53,564 | tokens=0.95B
step= 29060 | loss=4.8139 | lr=3.00e-04 | wd=0.0238 | mom=0.9500 | T=1.2 k=1.0 (mu_rec=1 mu_bwd=1) | grad=5.156 | tok/s=56,524 | tokens=0.95B
step= 29070 | loss=4.7841 | lr=3.00e-04 | wd=0.0238 | mom=0.9500 | T=1.0 k=1.0 (mu_rec=1 mu_bwd=1) | grad=3.531 | tok/s=56,460 | tokens=0.95B
step= 29080 | loss=4.9283 | lr=3.00e-04 | wd=0.0238 | mom=0.9500 | T=1.0 k=1.0 (mu_rec=1 mu_bwd=1) | grad=3.016 | tok/s=58,141 | tokens=0.95B
step= 29090 | loss=4.8814 | lr=3.00e-04 | wd=0.0237 | mom=0.9500 | T=1.0 k=1.0 (mu_rec=1 mu_bwd=1) | grad=2.766 | tok/s=55,264 | tokens=0.95B
step= 29100 | loss=4.8633 | lr=3.00e-04 | wd=0.0237 | mom=0.9500 | T=1.0 k=1.0 (mu_rec=1 mu_bwd=1) | grad=2.297 | tok/s=58,307 | tokens=0.95B
step= 29110 | loss=5.0211 | lr=3.00e-04 | wd=0.0237 | mom=0.9500 | T=1.0 k=1.0 (mu_rec=1 mu_bwd=1) | grad=5.688 | tok/s=58,409 | tokens=0.95B
step= 29120 | loss=4.9042 | lr=3.00e-04 | wd=0.0237 | mom=0.9500 | T=1.8 k=1.0 (mu_rec=1 mu_bwd=1) | grad=2.750 | tok/s=55,909 | tokens=0.95B
step= 29130 | loss=4.7367 | lr=3.00e-04 | wd=0.0236 | mom=0.9500 | T=1.8 k=1.0 (mu_rec=1 mu_bwd=1) | grad=2.188 | tok/s=55,374 | tokens=0.95B
step= 29140 | loss=4.7503 | lr=3.00e-04 | wd=0.0236 | mom=0.9500 | T=1.0 k=1.0 (mu_rec=1 mu_bwd=1) | grad=2.969 | tok/s=54,013 | tokens=0.95B
step= 29150 | loss=4.9229 | lr=3.00e-04 | wd=0.0236 | mom=0.9500 | T=1.0 k=1.0 (mu_rec=1 mu_bwd=1) | grad=3.328 | tok/s=59,184 | tokens=0.96B
step= 29160 | loss=4.5813 | lr=3.00e-04 | wd=0.0236 | mom=0.9500 | T=1.2 k=1.0 (mu_rec=1 mu_bwd=1) | grad=2.828 | tok/s=57,007 | tokens=0.96B
step= 29170 | loss=4.6947 | lr=3.00e-04 | wd=0.0235 | mom=0.9500 | T=2.0 k=1.0 (mu_rec=1 mu_bwd=1) | grad=4.719 | tok/s=52,089 | tokens=0.96B
step= 29180 | loss=4.9043 | lr=3.00e-04 | wd=0.0235 | mom=0.9500 | T=2.0 k=1.0 (mu_rec=1 mu_bwd=1) | grad=2.609 | tok/s=56,782 | tokens=0.96B
step= 29190 | loss=4.7331 | lr=3.00e-04 | wd=0.0235 | mom=0.9500 | T=1.2 k=1.0 (mu_rec=1 mu_bwd=1) | grad=8.375 | tok/s=56,582 | tokens=0.96B
step= 29200 | loss=4.4747 | lr=3.00e-04 | wd=0.0235 | mom=0.9500 | T=2.2 k=1.0 (mu_rec=1 mu_bwd=1) | grad=3.984 | tok/s=55,245 | tokens=0.96B
step= 29210 | loss=4.9965 | lr=3.00e-04 | wd=0.0234 | mom=0.9500 | T=1.2 k=1.0 (mu_rec=1 mu_bwd=1) | grad=6.656 | tok/s=56,164 | tokens=0.96B
step= 29220 | loss=4.8162 | lr=3.00e-04 | wd=0.0234 | mom=0.9500 | T=1.2 k=1.0 (mu_rec=1 mu_bwd=1) | grad=3.922 | tok/s=55,971 | tokens=0.96B
step= 29230 | loss=4.9810 | lr=3.00e-04 | wd=0.0234 | mom=0.9500 | T=1.0 k=1.0 (mu_rec=1 mu_bwd=1) | grad=4.344 | tok/s=59,581 | tokens=0.96B
step= 29240 | loss=4.7268 | lr=3.00e-04 | wd=0.0233 | mom=0.9500 | T=1.0 k=1.0 (mu_rec=1 mu_bwd=1) | grad=2.719 | tok/s=56,177 | tokens=0.96B
step= 29250 | loss=4.7493 | lr=3.00e-04 | wd=0.0233 | mom=0.9500 | T=1.5 k=1.0 (mu_rec=1 mu_bwd=1) | grad=2.531 | tok/s=55,735 | tokens=0.96B
step= 29260 | loss=4.5717 | lr=3.00e-04 | wd=0.0233 | mom=0.9500 | T=1.2 k=1.0 (mu_rec=1 mu_bwd=1) | grad=2.578 | tok/s=55,502 | tokens=0.96B
step= 29270 | loss=4.6898 | lr=3.00e-04 | wd=0.0233 | mom=0.9500 | T=1.8 k=1.0 (mu_rec=1 mu_bwd=1) | grad=2.500 | tok/s=54,939 | tokens=0.96B
step= 29280 | loss=4.7399 | lr=3.00e-04 | wd=0.0232 | mom=0.9500 | T=1.2 k=1.0 (mu_rec=1 mu_bwd=1) | grad=2.734 | tok/s=54,244 | tokens=0.96B
step= 29290 | loss=4.7229 | lr=3.00e-04 | wd=0.0232 | mom=0.9500 | T=1.0 k=1.0 (mu_rec=1 mu_bwd=1) | grad=4.469 | tok/s=56,616 | tokens=0.96B
step= 29300 | loss=4.7602 | lr=3.00e-04 | wd=0.0232 | mom=0.9500 | T=1.5 k=1.0 (mu_rec=1 mu_bwd=1) | grad=4.781 | tok/s=55,395 | tokens=0.96B
step= 29310 | loss=4.6778 | lr=3.00e-04 | wd=0.0232 | mom=0.9500 | T=1.8 k=1.0 (mu_rec=1 mu_bwd=1) | grad=6.094 | tok/s=55,183 | tokens=0.96B
step= 29320 | loss=4.6287 | lr=3.00e-04 | wd=0.0231 | mom=0.9500 | T=2.2 k=1.0 (mu_rec=1 mu_bwd=1) | grad=2.734 | tok/s=54,742 | tokens=0.96B
step= 29330 | loss=4.6803 | lr=3.00e-04 | wd=0.0231 | mom=0.9500 | T=1.0 k=1.0 (mu_rec=1 mu_bwd=1) | grad=3.922 | tok/s=55,222 | tokens=0.96B
step= 29340 | loss=4.7145 | lr=3.00e-04 | wd=0.0231 | mom=0.9500 | T=1.0 k=1.0 (mu_rec=1 mu_bwd=1) | grad=5.344 | tok/s=56,729 | tokens=0.96B
step= 29350 | loss=4.6604 | lr=3.00e-04 | wd=0.0231 | mom=0.9500 | T=1.8 k=1.0 (mu_rec=1 mu_bwd=1) | grad=2.469 | tok/s=55,985 | tokens=0.96B
step= 29360 | loss=4.6800 | lr=3.00e-04 | wd=0.0230 | mom=0.9500 | T=2.5 k=1.0 (mu_rec=1 mu_bwd=1) | grad=2.172 | tok/s=53,753 | tokens=0.96B
step= 29370 | loss=4.7776 | lr=3.00e-04 | wd=0.0230 | mom=0.9500 | T=2.2 k=1.0 (mu_rec=1 mu_bwd=1) | grad=1.734 | tok/s=56,772 | tokens=0.96B
step= 29380 | loss=4.7504 | lr=3.00e-04 | wd=0.0230 | mom=0.9500 | T=1.5 k=1.0 (mu_rec=1 mu_bwd=1) | grad=2.672 | tok/s=57,771 | tokens=0.96B
step= 29390 | loss=4.7098 | lr=3.00e-04 | wd=0.0230 | mom=0.9500 | T=1.8 k=1.0 (mu_rec=1 mu_bwd=1) | grad=3.156 | tok/s=56,921 | tokens=0.96B
step= 29400 | loss=4.8365 | lr=3.00e-04 | wd=0.0229 | mom=0.9500 | T=2.0 k=1.0 (mu_rec=1 mu_bwd=1) | grad=5.844 | tok/s=57,468 | tokens=0.96B
step= 29410 | loss=4.8243 | lr=3.00e-04 | wd=0.0229 | mom=0.9500 | T=1.0 k=1.0 (mu_rec=1 mu_bwd=1) | grad=3.266 | tok/s=56,522 | tokens=0.96B
step= 29420 | loss=4.6926 | lr=3.00e-04 | wd=0.0229 | mom=0.9500 | T=1.2 k=1.0 (mu_rec=1 mu_bwd=1) | grad=2.875 | tok/s=56,555 | tokens=0.96B
step= 29430 | loss=4.6536 | lr=3.00e-04 | wd=0.0229 | mom=0.9500 | T=1.8 k=1.0 (mu_rec=1 mu_bwd=1) | grad=1.992 | tok/s=56,430 | tokens=0.96B
step= 29440 | loss=4.8979 | lr=3.00e-04 | wd=0.0228 | mom=0.9500 | T=1.2 k=1.0 (mu_rec=1 mu_bwd=1) | grad=2.672 | tok/s=53,183 | tokens=0.96B
step= 29450 | loss=4.7453 | lr=3.00e-04 | wd=0.0228 | mom=0.9500 | T=1.5 k=1.0 (mu_rec=1 mu_bwd=1) | grad=3.422 | tok/s=57,074 | tokens=0.97B
step= 29460 | loss=4.7644 | lr=3.00e-04 | wd=0.0228 | mom=0.9500 | T=1.2 k=1.0 (mu_rec=1 mu_bwd=1) | grad=3.016 | tok/s=54,102 | tokens=0.97B
step= 29470 | loss=4.7029 | lr=3.00e-04 | wd=0.0227 | mom=0.9500 | T=1.0 k=1.0 (mu_rec=1 mu_bwd=1) | grad=2.984 | tok/s=58,752 | tokens=0.97B
step= 29480 | loss=4.7508 | lr=3.00e-04 | wd=0.0227 | mom=0.9500 | T=1.8 k=1.0 (mu_rec=1 mu_bwd=1) | grad=2.797 | tok/s=53,805 | tokens=0.97B
step= 29490 | loss=4.7114 | lr=3.00e-04 | wd=0.0227 | mom=0.9500 | T=1.5 k=1.0 (mu_rec=1 mu_bwd=1) | grad=2.844 | tok/s=55,029 | tokens=0.97B
step= 29500 | loss=4.7140 | lr=3.00e-04 | wd=0.0227 | mom=0.9500 | T=1.2 k=1.0 (mu_rec=1 mu_bwd=1) | grad=3.078 | tok/s=54,415 | tokens=0.97B
step= 29510 | loss=4.8294 | lr=3.00e-04 | wd=0.0226 | mom=0.9500 | T=1.2 k=1.0 (mu_rec=1 mu_bwd=1) | grad=2.609 | tok/s=54,725 | tokens=0.97B
step= 29520 | loss=4.6269 | lr=3.00e-04 | wd=0.0226 | mom=0.9500 | T=1.0 k=1.0 (mu_rec=1 mu_bwd=1) | grad=2.438 | tok/s=57,024 | tokens=0.97B
step= 29530 | loss=4.5747 | lr=3.00e-04 | wd=0.0226 | mom=0.9500 | T=1.5 k=1.0 (mu_rec=1 mu_bwd=1) | grad=3.469 | tok/s=55,859 | tokens=0.97B
step= 29540 | loss=4.9436 | lr=3.00e-04 | wd=0.0226 | mom=0.9500 | T=1.0 k=1.0 (mu_rec=1 mu_bwd=1) | grad=6.188 | tok/s=54,663 | tokens=0.97B
step= 29550 | loss=4.5814 | lr=3.00e-04 | wd=0.0225 | mom=0.9500 | T=1.0 k=1.0 (mu_rec=1 mu_bwd=1) | grad=2.547 | tok/s=57,582 | tokens=0.97B
step= 29560 | loss=4.6018 | lr=3.00e-04 | wd=0.0225 | mom=0.9500 | T=1.0 k=1.0 (mu_rec=1 mu_bwd=1) | grad=3.453 | tok/s=57,308 | tokens=0.97B
step= 29570 | loss=4.7321 | lr=3.00e-04 | wd=0.0225 | mom=0.9500 | T=1.2 k=1.0 (mu_rec=1 mu_bwd=1) | grad=2.328 | tok/s=56,370 | tokens=0.97B
step= 29580 | loss=4.8385 | lr=3.00e-04 | wd=0.0225 | mom=0.9500 | T=1.5 k=1.0 (mu_rec=1 mu_bwd=1) | grad=2.109 | tok/s=57,719 | tokens=0.97B
step= 29590 | loss=4.8877 | lr=3.00e-04 | wd=0.0224 | mom=0.9500 | T=1.2 k=1.0 (mu_rec=1 mu_bwd=1) | grad=2.391 | tok/s=56,366 | tokens=0.97B
step= 29600 | loss=4.7660 | lr=3.00e-04 | wd=0.0224 | mom=0.9500 | T=1.0 k=1.0 (mu_rec=1 mu_bwd=1) | grad=3.734 | tok/s=56,801 | tokens=0.97B
step= 29610 | loss=4.7826 | lr=3.00e-04 | wd=0.0224 | mom=0.9500 | T=1.5 k=1.0 (mu_rec=1 mu_bwd=1) | grad=2.500 | tok/s=8,573 | tokens=0.97B
step= 29620 | loss=4.7229 | lr=3.00e-04 | wd=0.0224 | mom=0.9500 | T=1.2 k=1.0 (mu_rec=1 mu_bwd=1) | grad=2.281 | tok/s=54,452 | tokens=0.97B
step= 29630 | loss=4.7370 | lr=3.00e-04 | wd=0.0223 | mom=0.9500 | T=1.0 k=1.0 (mu_rec=1 mu_bwd=1) | grad=3.672 | tok/s=8,298 | tokens=0.97B
step= 29640 | loss=4.8660 | lr=3.00e-04 | wd=0.0223 | mom=0.9500 | T=1.2 k=1.0 (mu_rec=1 mu_bwd=1) | grad=2.516 | tok/s=56,991 | tokens=0.97B
step= 29650 | loss=4.6183 | lr=3.00e-04 | wd=0.0223 | mom=0.9500 | T=1.2 k=1.0 (mu_rec=1 mu_bwd=1) | grad=2.734 | tok/s=59,474 | tokens=0.97B
step= 29660 | loss=4.7333 | lr=3.00e-04 | wd=0.0222 | mom=0.9500 | T=1.8 k=1.0 (mu_rec=1 mu_bwd=1) | grad=2.375 | tok/s=54,730 | tokens=0.97B
step= 29670 | loss=4.7390 | lr=3.00e-04 | wd=0.0222 | mom=0.9500 | T=1.5 k=1.0 (mu_rec=1 mu_bwd=1) | grad=2.344 | tok/s=57,290 | tokens=0.97B
step= 29680 | loss=4.7303 | lr=3.00e-04 | wd=0.0222 | mom=0.9500 | T=1.0 k=1.0 (mu_rec=1 mu_bwd=1) | grad=2.797 | tok/s=54,298 | tokens=0.97B
step= 29690 | loss=4.6487 | lr=3.00e-04 | wd=0.0222 | mom=0.9500 | T=1.2 k=1.0 (mu_rec=1 mu_bwd=1) | grad=3.953 | tok/s=60,093 | tokens=0.97B
step= 29700 | loss=4.7566 | lr=3.00e-04 | wd=0.0221 | mom=0.9500 | T=1.5 k=1.0 (mu_rec=1 mu_bwd=1) | grad=3.719 | tok/s=54,313 | tokens=0.97B
step= 29710 | loss=4.8425 | lr=3.00e-04 | wd=0.0221 | mom=0.9500 | T=1.0 k=1.0 (mu_rec=1 mu_bwd=1) | grad=4.219 | tok/s=54,482 | tokens=0.97B
step= 29720 | loss=4.7463 | lr=3.00e-04 | wd=0.0221 | mom=0.9500 | T=1.8 k=1.0 (mu_rec=1 mu_bwd=1) | grad=1.969 | tok/s=56,359 | tokens=0.97B
step= 29730 | loss=4.8251 | lr=3.00e-04 | wd=0.0221 | mom=0.9500 | T=1.5 k=1.0 (mu_rec=1 mu_bwd=1) | grad=2.797 | tok/s=55,863 | tokens=0.97B
step= 29740 | loss=4.7290 | lr=3.00e-04 | wd=0.0220 | mom=0.9500 | T=1.0 k=1.0 (mu_rec=1 mu_bwd=1) | grad=3.141 | tok/s=56,599 | tokens=0.97B
step= 29750 | loss=4.7817 | lr=3.00e-04 | wd=0.0220 | mom=0.9500 | T=2.0 k=1.0 (mu_rec=1 mu_bwd=1) | grad=2.375 | tok/s=55,052 | tokens=0.97B
step= 29760 | loss=4.7333 | lr=3.00e-04 | wd=0.0220 | mom=0.9500 | T=1.5 k=1.0 (mu_rec=1 mu_bwd=1) | grad=2.938 | tok/s=55,389 | tokens=0.98B
step= 29770 | loss=4.6622 | lr=3.00e-04 | wd=0.0220 | mom=0.9500 | T=1.5 k=1.0 (mu_rec=1 mu_bwd=1) | grad=4.094 | tok/s=52,923 | tokens=0.98B
step= 29780 | loss=4.7915 | lr=3.00e-04 | wd=0.0219 | mom=0.9500 | T=1.5 k=1.0 (mu_rec=1 mu_bwd=1) | grad=2.500 | tok/s=55,030 | tokens=0.98B
step= 29790 | loss=4.9743 | lr=3.00e-04 | wd=0.0219 | mom=0.9500 | T=1.0 k=1.0 (mu_rec=1 mu_bwd=1) | grad=2.656 | tok/s=57,869 | tokens=0.98B
step= 29800 | loss=4.7973 | lr=3.00e-04 | wd=0.0219 | mom=0.9500 | T=3.8 k=1.0 (mu_rec=1 mu_bwd=1) | grad=2.859 | tok/s=55,434 | tokens=0.98B
step= 29810 | loss=5.1108 | lr=3.00e-04 | wd=0.0219 | mom=0.9500 | T=1.8 k=1.0 (mu_rec=1 mu_bwd=1) | grad=2.531 | tok/s=57,213 | tokens=0.98B
step= 29820 | loss=4.7109 | lr=3.00e-04 | wd=0.0218 | mom=0.9500 | T=2.2 k=1.0 (mu_rec=1 mu_bwd=1) | grad=2.422 | tok/s=51,487 | tokens=0.98B
step= 29830 | loss=4.5113 | lr=3.00e-04 | wd=0.0218 | mom=0.9500 | T=2.5 k=1.0 (mu_rec=1 mu_bwd=1) | grad=2.078 | tok/s=54,460 | tokens=0.98B
step= 29840 | loss=4.7575 | lr=3.00e-04 | wd=0.0218 | mom=0.9500 | T=1.8 k=1.0 (mu_rec=1 mu_bwd=1) | grad=2.297 | tok/s=55,062 | tokens=0.98B
step= 29850 | loss=4.7207 | lr=3.00e-04 | wd=0.0218 | mom=0.9500 | T=1.0 k=1.0 (mu_rec=1 mu_bwd=1) | grad=4.906 | tok/s=58,185 | tokens=0.98B
step= 29860 | loss=4.8399 | lr=3.00e-04 | wd=0.0217 | mom=0.9500 | T=1.2 k=1.0 (mu_rec=1 mu_bwd=1) | grad=3.156 | tok/s=53,276 | tokens=0.98B
step= 29870 | loss=4.7590 | lr=3.00e-04 | wd=0.0217 | mom=0.9500 | T=1.8 k=1.0 (mu_rec=1 mu_bwd=1) | grad=2.734 | tok/s=54,048 | tokens=0.98B
step= 29880 | loss=4.6014 | lr=3.00e-04 | wd=0.0217 | mom=0.9500 | T=1.5 k=1.0 (mu_rec=1 mu_bwd=1) | grad=4.031 | tok/s=54,475 | tokens=0.98B
step= 29890 | loss=4.7425 | lr=3.00e-04 | wd=0.0216 | mom=0.9500 | T=1.5 k=1.0 (mu_rec=1 mu_bwd=1) | grad=2.844 | tok/s=58,473 | tokens=0.98B
step= 29900 | loss=4.6863 | lr=3.00e-04 | wd=0.0216 | mom=0.9500 | T=1.2 k=1.0 (mu_rec=1 mu_bwd=1) | grad=3.562 | tok/s=55,841 | tokens=0.98B
step= 29910 | loss=4.7400 | lr=3.00e-04 | wd=0.0216 | mom=0.9500 | T=2.2 k=1.0 (mu_rec=1 mu_bwd=1) | grad=2.453 | tok/s=55,027 | tokens=0.98B
step= 29920 | loss=4.7753 | lr=3.00e-04 | wd=0.0216 | mom=0.9500 | T=1.8 k=1.0 (mu_rec=1 mu_bwd=1) | grad=2.109 | tok/s=57,336 | tokens=0.98B
step= 29930 | loss=4.7717 | lr=3.00e-04 | wd=0.0215 | mom=0.9500 | T=1.2 k=1.0 (mu_rec=1 mu_bwd=1) | grad=2.188 | tok/s=56,623 | tokens=0.98B
step= 29940 | loss=4.7339 | lr=3.00e-04 | wd=0.0215 | mom=0.9500 | T=1.5 k=1.0 (mu_rec=1 mu_bwd=1) | grad=2.922 | tok/s=58,290 | tokens=0.98B
step= 29950 | loss=4.6152 | lr=3.00e-04 | wd=0.0215 | mom=0.9500 | T=1.0 k=1.0 (mu_rec=1 mu_bwd=1) | grad=7.969 | tok/s=56,646 | tokens=0.98B
step= 29960 | loss=4.6932 | lr=3.00e-04 | wd=0.0215 | mom=0.9500 | T=1.5 k=1.0 (mu_rec=1 mu_bwd=1) | grad=2.547 | tok/s=53,508 | tokens=0.98B
step= 29970 | loss=4.9518 | lr=3.00e-04 | wd=0.0214 | mom=0.9500 | T=1.5 k=1.0 (mu_rec=1 mu_bwd=1) | grad=2.828 | tok/s=54,504 | tokens=0.98B
step= 29980 | loss=4.8332 | lr=3.00e-04 | wd=0.0214 | mom=0.9500 | T=1.2 k=1.0 (mu_rec=1 mu_bwd=1) | grad=3.094 | tok/s=53,568 | tokens=0.98B
step= 29990 | loss=4.7102 | lr=3.00e-04 | wd=0.0214 | mom=0.9500 | T=1.0 k=1.0 (mu_rec=1 mu_bwd=1) | grad=3.688 | tok/s=57,684 | tokens=0.98B
step= 30000 | loss=4.4281 | lr=3.00e-04 | wd=0.0214 | mom=0.9500 | T=1.2 k=1.0 (mu_rec=1 mu_bwd=1) | grad=3.312 | tok/s=57,647 | tokens=0.98B
[step 30000] Saved -> runs/pythia-5b/checkpoint_0030000
step= 30010 | loss=4.7533 | lr=3.00e-04 | wd=0.0213 | mom=0.9500 | T=1.5 k=1.0 (mu_rec=1 mu_bwd=1) | grad=2.797 | tok/s=46,373 | tokens=0.98B
step= 30020 | loss=4.6836 | lr=3.00e-04 | wd=0.0213 | mom=0.9500 | T=1.2 k=1.0 (mu_rec=1 mu_bwd=1) | grad=2.859 | tok/s=55,695 | tokens=0.98B
step= 30030 | loss=5.1115 | lr=3.00e-04 | wd=0.0213 | mom=0.9500 | T=1.2 k=1.0 (mu_rec=1 mu_bwd=1) | grad=6.688 | tok/s=57,426 | tokens=0.98B
step= 30040 | loss=4.8551 | lr=3.00e-04 | wd=0.0213 | mom=0.9500 | T=1.8 k=1.0 (mu_rec=1 mu_bwd=1) | grad=2.469 | tok/s=56,050 | tokens=0.98B
step= 30050 | loss=4.8290 | lr=3.00e-04 | wd=0.0212 | mom=0.9500 | T=1.0 k=1.0 (mu_rec=1 mu_bwd=1) | grad=3.062 | tok/s=54,849 | tokens=0.98B
step= 30060 | loss=4.6347 | lr=3.00e-04 | wd=0.0212 | mom=0.9500 | T=3.0 k=1.0 (mu_rec=1 mu_bwd=1) | grad=3.328 | tok/s=55,949 | tokens=0.99B
step= 30070 | loss=4.6082 | lr=3.00e-04 | wd=0.0212 | mom=0.9500 | T=1.0 k=1.0 (mu_rec=1 mu_bwd=1) | grad=2.609 | tok/s=60,175 | tokens=0.99B
step= 30080 | loss=4.7588 | lr=3.00e-04 | wd=0.0211 | mom=0.9500 | T=1.5 k=1.0 (mu_rec=1 mu_bwd=1) | grad=4.500 | tok/s=55,812 | tokens=0.99B
step= 30090 | loss=4.7096 | lr=3.00e-04 | wd=0.0211 | mom=0.9500 | T=1.5 k=1.0 (mu_rec=1 mu_bwd=1) | grad=9.812 | tok/s=53,346 | tokens=0.99B
step= 30100 | loss=4.7413 | lr=3.00e-04 | wd=0.0211 | mom=0.9500 | T=1.0 k=1.0 (mu_rec=1 mu_bwd=1) | grad=2.656 | tok/s=58,385 | tokens=0.99B
step= 30110 | loss=4.6354 | lr=3.00e-04 | wd=0.0211 | mom=0.9500 | T=1.0 k=1.0 (mu_rec=1 mu_bwd=1) | grad=4.750 | tok/s=55,379 | tokens=0.99B
step= 30120 | loss=4.7254 | lr=3.00e-04 | wd=0.0210 | mom=0.9500 | T=1.2 k=1.0 (mu_rec=1 mu_bwd=1) | grad=2.531 | tok/s=54,466 | tokens=0.99B
step= 30130 | loss=4.7614 | lr=3.00e-04 | wd=0.0210 | mom=0.9500 | T=1.0 k=1.0 (mu_rec=1 mu_bwd=1) | grad=5.594 | tok/s=55,807 | tokens=0.99B
step= 30140 | loss=4.7825 | lr=3.00e-04 | wd=0.0210 | mom=0.9500 | T=1.5 k=1.0 (mu_rec=1 mu_bwd=1) | grad=2.297 | tok/s=59,589 | tokens=0.99B
step= 30150 | loss=4.7725 | lr=3.00e-04 | wd=0.0210 | mom=0.9500 | T=1.0 k=1.0 (mu_rec=1 mu_bwd=1) | grad=3.688 | tok/s=57,424 | tokens=0.99B
step= 30160 | loss=4.8217 | lr=3.00e-04 | wd=0.0209 | mom=0.9500 | T=1.5 k=1.0 (mu_rec=1 mu_bwd=1) | grad=3.172 | tok/s=56,635 | tokens=0.99B
step= 30170 | loss=4.7555 | lr=3.00e-04 | wd=0.0209 | mom=0.9500 | T=2.0 k=1.0 (mu_rec=1 mu_bwd=1) | grad=2.906 | tok/s=53,311 | tokens=0.99B
step= 30180 | loss=4.7516 | lr=3.00e-04 | wd=0.0209 | mom=0.9500 | T=1.8 k=1.0 (mu_rec=1 mu_bwd=1) | grad=1.750 | tok/s=53,471 | tokens=0.99B
step= 30190 | loss=4.7251 | lr=3.00e-04 | wd=0.0209 | mom=0.9500 | T=1.5 k=1.0 (mu_rec=1 mu_bwd=1) | grad=2.328 | tok/s=56,161 | tokens=0.99B
step= 30200 | loss=4.7411 | lr=3.00e-04 | wd=0.0208 | mom=0.9500 | T=1.2 k=1.0 (mu_rec=1 mu_bwd=1) | grad=2.250 | tok/s=52,426 | tokens=0.99B
step= 30210 | loss=4.6945 | lr=3.00e-04 | wd=0.0208 | mom=0.9500 | T=1.0 k=1.0 (mu_rec=1 mu_bwd=1) | grad=2.500 | tok/s=52,583 | tokens=0.99B
step= 30220 | loss=4.8018 | lr=3.00e-04 | wd=0.0208 | mom=0.9500 | T=1.5 k=1.0 (mu_rec=1 mu_bwd=1) | grad=2.281 | tok/s=56,923 | tokens=0.99B
step= 30230 | loss=4.7418 | lr=3.00e-04 | wd=0.0208 | mom=0.9500 | T=3.0 k=1.0 (mu_rec=1 mu_bwd=1) | grad=2.766 | tok/s=52,018 | tokens=0.99B
step= 30240 | loss=4.7089 | lr=3.00e-04 | wd=0.0207 | mom=0.9500 | T=1.2 k=1.0 (mu_rec=1 mu_bwd=1) | grad=2.766 | tok/s=56,353 | tokens=0.99B
step= 30250 | loss=4.5260 | lr=3.00e-04 | wd=0.0207 | mom=0.9500 | T=1.0 k=1.0 (mu_rec=1 mu_bwd=1) | grad=3.281 | tok/s=54,973 | tokens=0.99B
step= 30260 | loss=4.8353 | lr=3.00e-04 | wd=0.0207 | mom=0.9500 | T=1.2 k=1.0 (mu_rec=1 mu_bwd=1) | grad=2.578 | tok/s=54,701 | tokens=0.99B
step= 30270 | loss=4.8275 | lr=3.00e-04 | wd=0.0206 | mom=0.9500 | T=1.5 k=1.0 (mu_rec=1 mu_bwd=1) | grad=3.922 | tok/s=53,655 | tokens=0.99B
step= 30280 | loss=4.8692 | lr=3.00e-04 | wd=0.0206 | mom=0.9500 | T=1.5 k=1.0 (mu_rec=1 mu_bwd=1) | grad=2.453 | tok/s=57,671 | tokens=0.99B
step= 30290 | loss=4.6665 | lr=3.00e-04 | wd=0.0206 | mom=0.9500 | T=1.2 k=1.0 (mu_rec=1 mu_bwd=1) | grad=3.984 | tok/s=53,948 | tokens=0.99B
step= 30300 | loss=4.7993 | lr=3.00e-04 | wd=0.0206 | mom=0.9500 | T=1.2 k=1.0 (mu_rec=1 mu_bwd=1) | grad=4.375 | tok/s=57,843 | tokens=0.99B
step= 30310 | loss=4.9762 | lr=3.00e-04 | wd=0.0205 | mom=0.9500 | T=1.2 k=1.0 (mu_rec=1 mu_bwd=1) | grad=3.750 | tok/s=55,565 | tokens=0.99B
step= 30320 | loss=4.7727 | lr=3.00e-04 | wd=0.0205 | mom=0.9500 | T=1.2 k=1.0 (mu_rec=1 mu_bwd=1) | grad=3.359 | tok/s=55,717 | tokens=0.99B
step= 30330 | loss=4.5976 | lr=3.00e-04 | wd=0.0205 | mom=0.9500 | T=1.0 k=1.0 (mu_rec=1 mu_bwd=1) | grad=3.234 | tok/s=55,311 | tokens=0.99B
step= 30340 | loss=4.4960 | lr=3.00e-04 | wd=0.0205 | mom=0.9500 | T=1.8 k=1.0 (mu_rec=1 mu_bwd=1) | grad=4.969 | tok/s=55,828 | tokens=0.99B
step= 30350 | loss=4.8580 | lr=3.00e-04 | wd=0.0204 | mom=0.9500 | T=2.2 k=1.0 (mu_rec=1 mu_bwd=1) | grad=2.594 | tok/s=52,808 | tokens=0.99B
step= 30360 | loss=4.7304 | lr=3.00e-04 | wd=0.0204 | mom=0.9500 | T=1.0 k=1.0 (mu_rec=1 mu_bwd=1) | grad=2.719 | tok/s=57,099 | tokens=0.99B
step= 30370 | loss=4.8136 | lr=3.00e-04 | wd=0.0204 | mom=0.9500 | T=1.0 k=1.0 (mu_rec=1 mu_bwd=1) | grad=3.234 | tok/s=55,907 | tokens=1.00B
step= 30380 | loss=4.5614 | lr=3.00e-04 | wd=0.0204 | mom=0.9500 | T=1.0 k=1.0 (mu_rec=1 mu_bwd=1) | grad=3.188 | tok/s=57,452 | tokens=1.00B
step= 30390 | loss=4.6228 | lr=3.00e-04 | wd=0.0203 | mom=0.9500 | T=2.2 k=1.0 (mu_rec=1 mu_bwd=1) | grad=4.844 | tok/s=54,387 | tokens=1.00B
step= 30400 | loss=4.7028 | lr=3.00e-04 | wd=0.0203 | mom=0.9500 | T=1.0 k=1.0 (mu_rec=1 mu_bwd=1) | grad=3.422 | tok/s=55,048 | tokens=1.00B
step= 30410 | loss=4.8341 | lr=3.00e-04 | wd=0.0203 | mom=0.9500 | T=1.5 k=1.0 (mu_rec=1 mu_bwd=1) | grad=2.156 | tok/s=54,628 | tokens=1.00B
step= 30420 | loss=4.7892 | lr=3.00e-04 | wd=0.0203 | mom=0.9500 | T=2.5 k=1.0 (mu_rec=1 mu_bwd=1) | grad=3.562 | tok/s=59,344 | tokens=1.00B
step= 30430 | loss=4.6952 | lr=3.00e-04 | wd=0.0202 | mom=0.9500 | T=1.0 k=1.0 (mu_rec=1 mu_bwd=1) | grad=2.672 | tok/s=56,788 | tokens=1.00B
step= 30440 | loss=4.7549 | lr=3.00e-04 | wd=0.0202 | mom=0.9500 | T=1.2 k=1.0 (mu_rec=1 mu_bwd=1) | grad=8.625 | tok/s=56,295 | tokens=1.00B
step= 30450 | loss=4.6499 | lr=3.00e-04 | wd=0.0202 | mom=0.9500 | T=1.0 k=1.0 (mu_rec=1 mu_bwd=1) | grad=2.797 | tok/s=58,168 | tokens=1.00B
step= 30460 | loss=4.7932 | lr=3.00e-04 | wd=0.0202 | mom=0.9500 | T=1.2 k=1.0 (mu_rec=1 mu_bwd=1) | grad=2.750 | tok/s=54,308 | tokens=1.00B
step= 30470 | loss=4.7508 | lr=3.00e-04 | wd=0.0201 | mom=0.9500 | T=1.0 k=1.0 (mu_rec=1 mu_bwd=1) | grad=3.312 | tok/s=52,609 | tokens=1.00B
step= 30480 | loss=4.7836 | lr=3.00e-04 | wd=0.0201 | mom=0.9500 | T=2.2 k=1.0 (mu_rec=1 mu_bwd=1) | grad=3.250 | tok/s=57,420 | tokens=1.00B
step= 30490 | loss=4.7933 | lr=3.00e-04 | wd=0.0201 | mom=0.9500 | T=2.2 k=1.0 (mu_rec=1 mu_bwd=1) | grad=2.031 | tok/s=55,895 | tokens=1.00B
step= 30500 | loss=4.6740 | lr=3.00e-04 | wd=0.0200 | mom=0.9500 | T=1.0 k=1.0 (mu_rec=1 mu_bwd=1) | grad=3.219 | tok/s=58,121 | tokens=1.00B
step= 30510 | loss=4.6668 | lr=3.00e-04 | wd=0.0200 | mom=0.9500 | T=1.5 k=1.0 (mu_rec=1 mu_bwd=1) | grad=2.469 | tok/s=8,291 | tokens=1.00B
step= 30520 | loss=4.8736 | lr=3.00e-04 | wd=0.0200 | mom=0.9500 | T=1.0 k=1.0 (mu_rec=1 mu_bwd=1) | grad=2.672 | tok/s=56,010 | tokens=1.00B
step= 30530 | loss=4.7781 | lr=3.00e-04 | wd=0.0200 | mom=0.9500 | T=1.2 k=1.0 (mu_rec=1 mu_bwd=1) | grad=3.562 | tok/s=54,114 | tokens=1.00B
step= 30540 | loss=4.7810 | lr=3.00e-04 | wd=0.0199 | mom=0.9500 | T=1.2 k=1.0 (mu_rec=1 mu_bwd=1) | grad=2.531 | tok/s=56,121 | tokens=1.00B
step= 30550 | loss=4.9080 | lr=3.00e-04 | wd=0.0199 | mom=0.9500 | T=1.2 k=1.0 (mu_rec=1 mu_bwd=1) | grad=4.344 | tok/s=57,378 | tokens=1.00B
step= 30560 | loss=4.7735 | lr=3.00e-04 | wd=0.0199 | mom=0.9500 | T=1.8 k=1.0 (mu_rec=1 mu_bwd=1) | grad=5.000 | tok/s=57,587 | tokens=1.00B
step= 30570 | loss=4.7676 | lr=3.00e-04 | wd=0.0199 | mom=0.9500 | T=1.2 k=1.0 (mu_rec=1 mu_bwd=1) | grad=2.953 | tok/s=53,287 | tokens=1.00B
step= 30580 | loss=4.9011 | lr=3.00e-04 | wd=0.0198 | mom=0.9500 | T=1.0 k=1.0 (mu_rec=1 mu_bwd=1) | grad=2.781 | tok/s=55,820 | tokens=1.00B
step= 30590 | loss=4.8943 | lr=3.00e-04 | wd=0.0198 | mom=0.9500 | T=1.5 k=1.0 (mu_rec=1 mu_bwd=1) | grad=3.156 | tok/s=56,732 | tokens=1.00B
step= 30600 | loss=4.8777 | lr=3.00e-04 | wd=0.0198 | mom=0.9500 | T=1.5 k=1.0 (mu_rec=1 mu_bwd=1) | grad=2.297 | tok/s=53,649 | tokens=1.00B
step= 30610 | loss=4.8689 | lr=3.00e-04 | wd=0.0198 | mom=0.9500 | T=2.2 k=1.0 (mu_rec=1 mu_bwd=1) | grad=1.633 | tok/s=55,383 | tokens=1.00B
step= 30620 | loss=4.6233 | lr=3.00e-04 | wd=0.0197 | mom=0.9500 | T=1.5 k=1.0 (mu_rec=1 mu_bwd=1) | grad=2.125 | tok/s=57,551 | tokens=1.00B
step= 30630 | loss=4.7801 | lr=3.00e-04 | wd=0.0197 | mom=0.9500 | T=2.0 k=1.0 (mu_rec=1 mu_bwd=1) | grad=2.797 | tok/s=58,722 | tokens=1.00B
step= 30640 | loss=5.2926 | lr=3.00e-04 | wd=0.0197 | mom=0.9500 | T=1.0 k=1.0 (mu_rec=1 mu_bwd=1) | grad=3.297 | tok/s=56,136 | tokens=1.00B
step= 30650 | loss=5.1330 | lr=3.00e-04 | wd=0.0197 | mom=0.9500 | T=1.2 k=1.0 (mu_rec=1 mu_bwd=1) | grad=3.156 | tok/s=55,452 | tokens=1.00B
step= 30660 | loss=4.7792 | lr=3.00e-04 | wd=0.0196 | mom=0.9500 | T=1.2 k=1.0 (mu_rec=1 mu_bwd=1) | grad=2.922 | tok/s=57,393 | tokens=1.00B
step= 30670 | loss=4.8781 | lr=3.00e-04 | wd=0.0196 | mom=0.9500 | T=1.5 k=1.0 (mu_rec=1 mu_bwd=1) | grad=3.516 | tok/s=53,777 | tokens=1.00B
step= 30680 | loss=4.7270 | lr=3.00e-04 | wd=0.0196 | mom=0.9500 | T=1.8 k=1.0 (mu_rec=1 mu_bwd=1) | grad=2.656 | tok/s=53,875 | tokens=1.01B
step= 30690 | loss=4.7056 | lr=3.00e-04 | wd=0.0195 | mom=0.9500 | T=1.0 k=1.0 (mu_rec=1 mu_bwd=1) | grad=3.531 | tok/s=56,053 | tokens=1.01B
step= 30700 | loss=4.8059 | lr=3.00e-04 | wd=0.0195 | mom=0.9500 | T=1.0 k=1.0 (mu_rec=1 mu_bwd=1) | grad=3.547 | tok/s=55,342 | tokens=1.01B
step= 30710 | loss=4.9304 | lr=3.00e-04 | wd=0.0195 | mom=0.9500 | T=1.5 k=1.0 (mu_rec=1 mu_bwd=1) | grad=3.984 | tok/s=56,397 | tokens=1.01B
step= 30720 | loss=4.7371 | lr=3.00e-04 | wd=0.0195 | mom=0.9500 | T=1.8 k=1.0 (mu_rec=1 mu_bwd=1) | grad=3.641 | tok/s=54,529 | tokens=1.01B
step= 30730 | loss=4.7377 | lr=3.00e-04 | wd=0.0194 | mom=0.9500 | T=2.2 k=1.0 (mu_rec=1 mu_bwd=1) | grad=2.609 | tok/s=57,285 | tokens=1.01B
step= 30740 | loss=4.6531 | lr=3.00e-04 | wd=0.0194 | mom=0.9500 | T=1.5 k=1.0 (mu_rec=1 mu_bwd=1) | grad=2.297 | tok/s=57,926 | tokens=1.01B
step= 30750 | loss=4.6236 | lr=3.00e-04 | wd=0.0194 | mom=0.9500 | T=1.0 k=1.0 (mu_rec=1 mu_bwd=1) | grad=4.875 | tok/s=55,948 | tokens=1.01B
step= 30760 | loss=4.8083 | lr=3.00e-04 | wd=0.0194 | mom=0.9500 | T=1.0 k=1.0 (mu_rec=1 mu_bwd=1) | grad=5.156 | tok/s=59,658 | tokens=1.01B
step= 30770 | loss=4.8647 | lr=3.00e-04 | wd=0.0193 | mom=0.9500 | T=1.8 k=1.0 (mu_rec=1 mu_bwd=1) | grad=2.438 | tok/s=53,954 | tokens=1.01B
step= 30780 | loss=4.8723 | lr=3.00e-04 | wd=0.0193 | mom=0.9500 | T=1.0 k=1.0 (mu_rec=1 mu_bwd=1) | grad=3.516 | tok/s=57,011 | tokens=1.01B
step= 30790 | loss=4.8035 | lr=3.00e-04 | wd=0.0193 | mom=0.9500 | T=1.0 k=1.0 (mu_rec=1 mu_bwd=1) | grad=3.250 | tok/s=55,404 | tokens=1.01B
step= 30800 | loss=4.9062 | lr=3.00e-04 | wd=0.0193 | mom=0.9500 | T=1.0 k=1.0 (mu_rec=1 mu_bwd=1) | grad=2.766 | tok/s=56,013 | tokens=1.01B
step= 30810 | loss=4.6945 | lr=3.00e-04 | wd=0.0192 | mom=0.9500 | T=1.0 k=1.0 (mu_rec=1 mu_bwd=1) | grad=2.938 | tok/s=55,765 | tokens=1.01B
step= 30820 | loss=4.7256 | lr=3.00e-04 | wd=0.0192 | mom=0.9500 | T=1.2 k=1.0 (mu_rec=1 mu_bwd=1) | grad=2.125 | tok/s=54,928 | tokens=1.01B
step= 30830 | loss=4.7362 | lr=3.00e-04 | wd=0.0192 | mom=0.9500 | T=1.5 k=1.0 (mu_rec=1 mu_bwd=1) | grad=3.000 | tok/s=53,390 | tokens=1.01B
step= 30840 | loss=4.6614 | lr=3.00e-04 | wd=0.0192 | mom=0.9500 | T=1.0 k=1.0 (mu_rec=1 mu_bwd=1) | grad=2.781 | tok/s=53,891 | tokens=1.01B
step= 30850 | loss=4.6802 | lr=3.00e-04 | wd=0.0191 | mom=0.9500 | T=2.0 k=1.0 (mu_rec=1 mu_bwd=1) | grad=2.344 | tok/s=55,424 | tokens=1.01B
step= 30860 | loss=4.7628 | lr=3.00e-04 | wd=0.0191 | mom=0.9500 | T=2.0 k=1.0 (mu_rec=1 mu_bwd=1) | grad=2.109 | tok/s=55,916 | tokens=1.01B
step= 30870 | loss=4.8600 | lr=3.00e-04 | wd=0.0191 | mom=0.9500 | T=1.8 k=1.0 (mu_rec=1 mu_bwd=1) | grad=2.562 | tok/s=51,740 | tokens=1.01B
step= 30880 | loss=4.7426 | lr=3.00e-04 | wd=0.0191 | mom=0.9500 | T=1.5 k=1.0 (mu_rec=1 mu_bwd=1) | grad=3.000 | tok/s=55,973 | tokens=1.01B
step= 30890 | loss=4.7257 | lr=3.00e-04 | wd=0.0190 | mom=0.9500 | T=2.0 k=1.0 (mu_rec=1 mu_bwd=1) | grad=2.859 | tok/s=57,226 | tokens=1.01B
step= 30900 | loss=4.8429 | lr=3.00e-04 | wd=0.0190 | mom=0.9500 | T=1.0 k=1.0 (mu_rec=1 mu_bwd=1) | grad=3.297 | tok/s=58,147 | tokens=1.01B
step= 30910 | loss=4.7451 | lr=3.00e-04 | wd=0.0190 | mom=0.9500 | T=1.8 k=1.0 (mu_rec=1 mu_bwd=1) | grad=3.062 | tok/s=53,832 | tokens=1.01B
step= 30920 | loss=4.7585 | lr=3.00e-04 | wd=0.0189 | mom=0.9500 | T=1.2 k=1.0 (mu_rec=1 mu_bwd=1) | grad=2.641 | tok/s=53,733 | tokens=1.01B
step= 30930 | loss=4.5783 | lr=3.00e-04 | wd=0.0189 | mom=0.9500 | T=1.8 k=1.0 (mu_rec=1 mu_bwd=1) | grad=2.344 | tok/s=56,471 | tokens=1.01B
step= 30940 | loss=4.6933 | lr=3.00e-04 | wd=0.0189 | mom=0.9500 | T=1.2 k=1.0 (mu_rec=1 mu_bwd=1) | grad=2.297 | tok/s=57,316 | tokens=1.01B
step= 30950 | loss=4.5767 | lr=3.00e-04 | wd=0.0189 | mom=0.9500 | T=2.2 k=1.0 (mu_rec=1 mu_bwd=1) | grad=2.516 | tok/s=52,405 | tokens=1.01B
step= 30960 | loss=4.7681 | lr=3.00e-04 | wd=0.0188 | mom=0.9500 | T=1.2 k=1.0 (mu_rec=1 mu_bwd=1) | grad=2.594 | tok/s=56,085 | tokens=1.01B
step= 30970 | loss=4.6981 | lr=3.00e-04 | wd=0.0188 | mom=0.9500 | T=1.0 k=1.0 (mu_rec=1 mu_bwd=1) | grad=2.562 | tok/s=56,724 | tokens=1.01B
step= 30980 | loss=4.6494 | lr=3.00e-04 | wd=0.0188 | mom=0.9500 | T=1.5 k=1.0 (mu_rec=1 mu_bwd=1) | grad=2.625 | tok/s=58,637 | tokens=1.02B
step= 30990 | loss=4.9335 | lr=3.00e-04 | wd=0.0188 | mom=0.9500 | T=1.2 k=1.0 (mu_rec=1 mu_bwd=1) | grad=2.797 | tok/s=54,712 | tokens=1.02B
step= 31000 | loss=5.1726 | lr=3.00e-04 | wd=0.0187 | mom=0.9500 | T=2.0 k=1.0 (mu_rec=1 mu_bwd=1) | grad=2.469 | tok/s=54,233 | tokens=1.02B
step= 31010 | loss=4.7999 | lr=3.00e-04 | wd=0.0187 | mom=0.9500 | T=1.2 k=1.0 (mu_rec=1 mu_bwd=1) | grad=2.438 | tok/s=56,472 | tokens=1.02B
step= 31020 | loss=4.7224 | lr=3.00e-04 | wd=0.0187 | mom=0.9500 | T=1.0 k=1.0 (mu_rec=1 mu_bwd=1) | grad=2.359 | tok/s=57,935 | tokens=1.02B
step= 31030 | loss=5.2189 | lr=3.00e-04 | wd=0.0187 | mom=0.9500 | T=1.2 k=1.0 (mu_rec=1 mu_bwd=1) | grad=2.266 | tok/s=56,086 | tokens=1.02B
step= 31040 | loss=4.7974 | lr=3.00e-04 | wd=0.0186 | mom=0.9500 | T=1.5 k=1.0 (mu_rec=1 mu_bwd=1) | grad=2.297 | tok/s=56,699 | tokens=1.02B
step= 31050 | loss=4.4192 | lr=3.00e-04 | wd=0.0186 | mom=0.9500 | T=1.0 k=1.0 (mu_rec=1 mu_bwd=1) | grad=3.188 | tok/s=55,588 | tokens=1.02B
step= 31060 | loss=4.6625 | lr=3.00e-04 | wd=0.0186 | mom=0.9500 | T=1.2 k=1.0 (mu_rec=1 mu_bwd=1) | grad=3.406 | tok/s=53,742 | tokens=1.02B
step= 31070 | loss=4.7368 | lr=3.00e-04 | wd=0.0186 | mom=0.9500 | T=1.0 k=1.0 (mu_rec=1 mu_bwd=1) | grad=3.562 | tok/s=59,086 | tokens=1.02B
step= 31080 | loss=4.7123 | lr=3.00e-04 | wd=0.0185 | mom=0.9500 | T=1.5 k=1.0 (mu_rec=1 mu_bwd=1) | grad=2.594 | tok/s=55,387 | tokens=1.02B
step= 31090 | loss=4.5866 | lr=3.00e-04 | wd=0.0185 | mom=0.9500 | T=2.2 k=1.0 (mu_rec=1 mu_bwd=1) | grad=2.594 | tok/s=51,967 | tokens=1.02B
step= 31100 | loss=4.6815 | lr=3.00e-04 | wd=0.0185 | mom=0.9500 | T=1.2 k=1.0 (mu_rec=1 mu_bwd=1) | grad=2.203 | tok/s=55,288 | tokens=1.02B
step= 31110 | loss=4.8240 | lr=3.00e-04 | wd=0.0184 | mom=0.9500 | T=2.0 k=1.0 (mu_rec=1 mu_bwd=1) | grad=5.875 | tok/s=54,570 | tokens=1.02B
step= 31120 | loss=5.3377 | lr=3.00e-04 | wd=0.0184 | mom=0.9500 | T=1.5 k=1.0 (mu_rec=1 mu_bwd=1) | grad=3.344 | tok/s=55,498 | tokens=1.02B
step= 31130 | loss=4.7881 | lr=3.00e-04 | wd=0.0184 | mom=0.9500 | T=1.5 k=1.0 (mu_rec=1 mu_bwd=1) | grad=6.312 | tok/s=52,237 | tokens=1.02B
step= 31140 | loss=4.9174 | lr=3.00e-04 | wd=0.0184 | mom=0.9500 | T=1.0 k=1.0 (mu_rec=1 mu_bwd=1) | grad=3.000 | tok/s=55,312 | tokens=1.02B
step= 31150 | loss=4.8514 | lr=3.00e-04 | wd=0.0183 | mom=0.9500 | T=1.2 k=1.0 (mu_rec=1 mu_bwd=1) | grad=4.125 | tok/s=53,211 | tokens=1.02B
step= 31160 | loss=4.6814 | lr=3.00e-04 | wd=0.0183 | mom=0.9500 | T=1.0 k=1.0 (mu_rec=1 mu_bwd=1) | grad=3.062 | tok/s=55,098 | tokens=1.02B
step= 31170 | loss=4.8121 | lr=3.00e-04 | wd=0.0183 | mom=0.9500 | T=1.2 k=1.0 (mu_rec=1 mu_bwd=1) | grad=3.922 | tok/s=56,751 | tokens=1.02B
step= 31180 | loss=4.6704 | lr=3.00e-04 | wd=0.0183 | mom=0.9500 | T=1.8 k=1.0 (mu_rec=1 mu_bwd=1) | grad=3.469 | tok/s=58,457 | tokens=1.02B
step= 31190 | loss=4.7763 | lr=3.00e-04 | wd=0.0182 | mom=0.9500 | T=1.0 k=1.0 (mu_rec=1 mu_bwd=1) | grad=5.688 | tok/s=55,411 | tokens=1.02B
step= 31200 | loss=4.6328 | lr=3.00e-04 | wd=0.0182 | mom=0.9500 | T=1.0 k=1.0 (mu_rec=1 mu_bwd=1) | grad=3.031 | tok/s=58,533 | tokens=1.02B
step= 31210 | loss=4.5942 | lr=3.00e-04 | wd=0.0182 | mom=0.9500 | T=1.5 k=1.0 (mu_rec=1 mu_bwd=1) | grad=2.359 | tok/s=55,982 | tokens=1.02B
step= 31220 | loss=4.7083 | lr=3.00e-04 | wd=0.0182 | mom=0.9500 | T=1.0 k=1.0 (mu_rec=1 mu_bwd=1) | grad=3.047 | tok/s=56,532 | tokens=1.02B
step= 31230 | loss=4.6417 | lr=3.00e-04 | wd=0.0181 | mom=0.9500 | T=1.5 k=1.0 (mu_rec=1 mu_bwd=1) | grad=1.961 | tok/s=55,631 | tokens=1.02B
step= 31240 | loss=5.0661 | lr=3.00e-04 | wd=0.0181 | mom=0.9500 | T=1.2 k=1.0 (mu_rec=1 mu_bwd=1) | grad=29.000 | tok/s=54,750 | tokens=1.02B
step= 31250 | loss=5.9590 | lr=3.00e-04 | wd=0.0181 | mom=0.9500 | T=1.5 k=1.0 (mu_rec=1 mu_bwd=1) | grad=15.438 | tok/s=57,266 | tokens=1.02B
step= 31260 | loss=4.3584 | lr=3.00e-04 | wd=0.0181 | mom=0.9500 | T=1.2 k=1.0 (mu_rec=1 mu_bwd=1) | grad=10.875 | tok/s=51,736 | tokens=1.02B
step= 31270 | loss=4.8039 | lr=3.00e-04 | wd=0.0180 | mom=0.9500 | T=1.5 k=1.0 (mu_rec=1 mu_bwd=1) | grad=4.031 | tok/s=56,769 | tokens=1.02B
step= 31280 | loss=4.8823 | lr=3.00e-04 | wd=0.0180 | mom=0.9500 | T=1.2 k=1.0 (mu_rec=1 mu_bwd=1) | grad=4.125 | tok/s=56,582 | tokens=1.02B
step= 31290 | loss=4.7268 | lr=3.00e-04 | wd=0.0180 | mom=0.9500 | T=1.0 k=1.0 (mu_rec=1 mu_bwd=1) | grad=2.969 | tok/s=57,524 | tokens=1.03B
step= 31300 | loss=4.7860 | lr=3.00e-04 | wd=0.0179 | mom=0.9500 | T=1.0 k=1.0 (mu_rec=1 mu_bwd=1) | grad=6.969 | tok/s=51,497 | tokens=1.03B
step= 31310 | loss=4.8292 | lr=3.00e-04 | wd=0.0179 | mom=0.9500 | T=1.2 k=1.0 (mu_rec=1 mu_bwd=1) | grad=3.188 | tok/s=55,323 | tokens=1.03B
step= 31320 | loss=4.6376 | lr=3.00e-04 | wd=0.0179 | mom=0.9500 | T=1.5 k=1.0 (mu_rec=1 mu_bwd=1) | grad=2.344 | tok/s=53,490 | tokens=1.03B
step= 31330 | loss=4.8587 | lr=3.00e-04 | wd=0.0179 | mom=0.9500 | T=1.2 k=1.0 (mu_rec=1 mu_bwd=1) | grad=5.031 | tok/s=56,688 | tokens=1.03B
step= 31340 | loss=4.7387 | lr=3.00e-04 | wd=0.0178 | mom=0.9500 | T=2.5 k=1.0 (mu_rec=1 mu_bwd=1) | grad=2.984 | tok/s=56,821 | tokens=1.03B
step= 31350 | loss=4.5864 | lr=3.00e-04 | wd=0.0178 | mom=0.9500 | T=1.5 k=1.0 (mu_rec=1 mu_bwd=1) | grad=3.359 | tok/s=55,271 | tokens=1.03B
step= 31360 | loss=4.6720 | lr=3.00e-04 | wd=0.0178 | mom=0.9500 | T=1.5 k=1.0 (mu_rec=1 mu_bwd=1) | grad=3.625 | tok/s=55,948 | tokens=1.03B
step= 31370 | loss=4.9015 | lr=3.00e-04 | wd=0.0178 | mom=0.9500 | T=2.2 k=1.0 (mu_rec=1 mu_bwd=1) | grad=2.422 | tok/s=9,186 | tokens=1.03B
step= 31380 | loss=4.5699 | lr=3.00e-04 | wd=0.0177 | mom=0.9500 | T=1.0 k=1.0 (mu_rec=1 mu_bwd=1) | grad=2.391 | tok/s=56,047 | tokens=1.03B
step= 31390 | loss=4.8360 | lr=3.00e-04 | wd=0.0177 | mom=0.9500 | T=1.5 k=1.0 (mu_rec=1 mu_bwd=1) | grad=11.250 | tok/s=8,659 | tokens=1.03B
step= 31400 | loss=4.7515 | lr=3.00e-04 | wd=0.0177 | mom=0.9500 | T=1.0 k=1.0 (mu_rec=1 mu_bwd=1) | grad=3.125 | tok/s=57,475 | tokens=1.03B
step= 31410 | loss=4.7932 | lr=3.00e-04 | wd=0.0177 | mom=0.9500 | T=2.2 k=1.0 (mu_rec=1 mu_bwd=1) | grad=2.812 | tok/s=54,484 | tokens=1.03B
step= 31420 | loss=4.6820 | lr=3.00e-04 | wd=0.0176 | mom=0.9500 | T=2.8 k=1.0 (mu_rec=1 mu_bwd=1) | grad=2.703 | tok/s=53,408 | tokens=1.03B
step= 31430 | loss=4.7493 | lr=3.00e-04 | wd=0.0176 | mom=0.9500 | T=1.5 k=1.0 (mu_rec=1 mu_bwd=1) | grad=2.656 | tok/s=57,510 | tokens=1.03B
step= 31440 | loss=4.5533 | lr=3.00e-04 | wd=0.0176 | mom=0.9500 | T=1.2 k=1.0 (mu_rec=1 mu_bwd=1) | grad=2.391 | tok/s=54,907 | tokens=1.03B
step= 31450 | loss=4.7438 | lr=3.00e-04 | wd=0.0176 | mom=0.9500 | T=1.0 k=1.0 (mu_rec=1 mu_bwd=1) | grad=5.406 | tok/s=57,016 | tokens=1.03B
step= 31460 | loss=4.6971 | lr=3.00e-04 | wd=0.0175 | mom=0.9500 | T=1.5 k=1.0 (mu_rec=1 mu_bwd=1) | grad=1.930 | tok/s=54,039 | tokens=1.03B
step= 31470 | loss=4.5837 | lr=3.00e-04 | wd=0.0175 | mom=0.9500 | T=1.2 k=1.0 (mu_rec=1 mu_bwd=1) | grad=2.891 | tok/s=57,485 | tokens=1.03B
step= 31480 | loss=4.5997 | lr=3.00e-04 | wd=0.0175 | mom=0.9500 | T=2.5 k=1.0 (mu_rec=1 mu_bwd=1) | grad=3.609 | tok/s=58,038 | tokens=1.03B
step= 31490 | loss=4.6686 | lr=3.00e-04 | wd=0.0175 | mom=0.9500 | T=1.2 k=1.0 (mu_rec=1 mu_bwd=1) | grad=2.516 | tok/s=56,708 | tokens=1.03B
step= 31500 | loss=4.9147 | lr=3.00e-04 | wd=0.0174 | mom=0.9500 | T=2.0 k=1.0 (mu_rec=1 mu_bwd=1) | grad=2.250 | tok/s=55,692 | tokens=1.03B
step= 31510 | loss=4.7821 | lr=3.00e-04 | wd=0.0174 | mom=0.9500 | T=1.0 k=1.0 (mu_rec=1 mu_bwd=1) | grad=3.625 | tok/s=57,730 | tokens=1.03B
step= 31520 | loss=4.6566 | lr=3.00e-04 | wd=0.0174 | mom=0.9500 | T=1.8 k=1.0 (mu_rec=1 mu_bwd=1) | grad=2.609 | tok/s=54,058 | tokens=1.03B
step= 31530 | loss=4.8529 | lr=3.00e-04 | wd=0.0173 | mom=0.9500 | T=1.8 k=1.0 (mu_rec=1 mu_bwd=1) | grad=2.469 | tok/s=53,652 | tokens=1.03B
step= 31540 | loss=4.5879 | lr=3.00e-04 | wd=0.0173 | mom=0.9500 | T=1.0 k=1.0 (mu_rec=1 mu_bwd=1) | grad=4.812 | tok/s=55,910 | tokens=1.03B
step= 31550 | loss=4.6564 | lr=3.00e-04 | wd=0.0173 | mom=0.9500 | T=1.2 k=1.0 (mu_rec=1 mu_bwd=1) | grad=2.297 | tok/s=55,441 | tokens=1.03B
step= 31560 | loss=4.7943 | lr=3.00e-04 | wd=0.0173 | mom=0.9500 | T=2.0 k=1.0 (mu_rec=1 mu_bwd=1) | grad=2.578 | tok/s=58,316 | tokens=1.03B
step= 31570 | loss=4.8754 | lr=3.00e-04 | wd=0.0172 | mom=0.9500 | T=1.2 k=1.0 (mu_rec=1 mu_bwd=1) | grad=2.906 | tok/s=55,583 | tokens=1.03B
step= 31580 | loss=4.5676 | lr=3.00e-04 | wd=0.0172 | mom=0.9500 | T=1.8 k=1.0 (mu_rec=1 mu_bwd=1) | grad=2.734 | tok/s=58,692 | tokens=1.03B
step= 31590 | loss=4.6167 | lr=3.00e-04 | wd=0.0172 | mom=0.9500 | T=1.2 k=1.0 (mu_rec=1 mu_bwd=1) | grad=3.859 | tok/s=56,521 | tokens=1.04B
step= 31600 | loss=4.4406 | lr=3.00e-04 | wd=0.0172 | mom=0.9500 | T=1.2 k=1.0 (mu_rec=1 mu_bwd=1) | grad=4.531 | tok/s=56,595 | tokens=1.04B
step= 31610 | loss=4.9179 | lr=3.00e-04 | wd=0.0171 | mom=0.9500 | T=1.2 k=1.0 (mu_rec=1 mu_bwd=1) | grad=3.047 | tok/s=54,294 | tokens=1.04B
step= 31620 | loss=4.7769 | lr=3.00e-04 | wd=0.0171 | mom=0.9500 | T=1.2 k=1.0 (mu_rec=1 mu_bwd=1) | grad=4.438 | tok/s=56,041 | tokens=1.04B
step= 31630 | loss=4.7703 | lr=3.00e-04 | wd=0.0171 | mom=0.9500 | T=2.0 k=1.0 (mu_rec=1 mu_bwd=1) | grad=2.406 | tok/s=54,415 | tokens=1.04B
step= 31640 | loss=4.7234 | lr=3.00e-04 | wd=0.0171 | mom=0.9500 | T=2.5 k=1.0 (mu_rec=1 mu_bwd=1) | grad=3.625 | tok/s=52,627 | tokens=1.04B
step= 31650 | loss=4.8701 | lr=3.00e-04 | wd=0.0170 | mom=0.9500 | T=1.2 k=1.0 (mu_rec=1 mu_bwd=1) | grad=5.594 | tok/s=54,638 | tokens=1.04B
step= 31660 | loss=4.6320 | lr=3.00e-04 | wd=0.0170 | mom=0.9500 | T=1.2 k=1.0 (mu_rec=1 mu_bwd=1) | grad=5.906 | tok/s=56,628 | tokens=1.04B
step= 31670 | loss=4.7373 | lr=3.00e-04 | wd=0.0170 | mom=0.9500 | T=1.0 k=1.0 (mu_rec=1 mu_bwd=1) | grad=2.500 | tok/s=55,674 | tokens=1.04B
step= 31680 | loss=4.8140 | lr=3.00e-04 | wd=0.0170 | mom=0.9500 | T=1.0 k=1.0 (mu_rec=1 mu_bwd=1) | grad=2.359 | tok/s=56,928 | tokens=1.04B
step= 31690 | loss=4.8861 | lr=3.00e-04 | wd=0.0169 | mom=0.9500 | T=1.2 k=1.0 (mu_rec=1 mu_bwd=1) | grad=2.875 | tok/s=53,529 | tokens=1.04B
step= 31700 | loss=5.1352 | lr=3.00e-04 | wd=0.0169 | mom=0.9500 | T=1.0 k=1.0 (mu_rec=1 mu_bwd=1) | grad=2.891 | tok/s=54,689 | tokens=1.04B
step= 31710 | loss=4.6490 | lr=3.00e-04 | wd=0.0169 | mom=0.9500 | T=1.5 k=1.0 (mu_rec=1 mu_bwd=1) | grad=2.250 | tok/s=55,359 | tokens=1.04B
step= 31720 | loss=4.7130 | lr=3.00e-04 | wd=0.0168 | mom=0.9500 | T=1.2 k=1.0 (mu_rec=1 mu_bwd=1) | grad=4.594 | tok/s=53,341 | tokens=1.04B
step= 31730 | loss=4.8760 | lr=3.00e-04 | wd=0.0168 | mom=0.9500 | T=1.0 k=1.0 (mu_rec=1 mu_bwd=1) | grad=2.328 | tok/s=55,587 | tokens=1.04B
step= 31740 | loss=4.7598 | lr=3.00e-04 | wd=0.0168 | mom=0.9500 | T=1.2 k=1.0 (mu_rec=1 mu_bwd=1) | grad=3.094 | tok/s=51,331 | tokens=1.04B
step= 31750 | loss=4.9595 | lr=3.00e-04 | wd=0.0168 | mom=0.9500 | T=1.5 k=1.0 (mu_rec=1 mu_bwd=1) | grad=2.703 | tok/s=53,983 | tokens=1.04B
step= 31760 | loss=4.6872 | lr=3.00e-04 | wd=0.0167 | mom=0.9500 | T=2.0 k=1.0 (mu_rec=1 mu_bwd=1) | grad=2.234 | tok/s=54,879 | tokens=1.04B
step= 31770 | loss=4.8090 | lr=3.00e-04 | wd=0.0167 | mom=0.9500 | T=1.5 k=1.0 (mu_rec=1 mu_bwd=1) | grad=2.781 | tok/s=56,955 | tokens=1.04B
step= 31780 | loss=5.2853 | lr=3.00e-04 | wd=0.0167 | mom=0.9500 | T=1.5 k=1.0 (mu_rec=1 mu_bwd=1) | grad=2.812 | tok/s=56,882 | tokens=1.04B
step= 31790 | loss=4.8291 | lr=3.00e-04 | wd=0.0167 | mom=0.9500 | T=2.2 k=1.0 (mu_rec=1 mu_bwd=1) | grad=3.234 | tok/s=54,524 | tokens=1.04B
step= 31800 | loss=4.7070 | lr=3.00e-04 | wd=0.0166 | mom=0.9500 | T=1.0 k=1.0 (mu_rec=1 mu_bwd=1) | grad=3.000 | tok/s=53,935 | tokens=1.04B
step= 31810 | loss=4.7734 | lr=3.00e-04 | wd=0.0166 | mom=0.9500 | T=2.0 k=1.0 (mu_rec=1 mu_bwd=1) | grad=3.578 | tok/s=55,088 | tokens=1.04B
step= 31820 | loss=4.4214 | lr=3.00e-04 | wd=0.0166 | mom=0.9500 | T=1.0 k=1.0 (mu_rec=1 mu_bwd=1) | grad=3.938 | tok/s=56,440 | tokens=1.04B
step= 31830 | loss=4.6643 | lr=3.00e-04 | wd=0.0166 | mom=0.9500 | T=1.5 k=1.0 (mu_rec=1 mu_bwd=1) | grad=2.156 | tok/s=57,065 | tokens=1.04B
step= 31840 | loss=4.9276 | lr=3.00e-04 | wd=0.0165 | mom=0.9500 | T=1.2 k=1.0 (mu_rec=1 mu_bwd=1) | grad=3.703 | tok/s=55,692 | tokens=1.04B
step= 31850 | loss=4.8103 | lr=3.00e-04 | wd=0.0165 | mom=0.9500 | T=1.2 k=1.0 (mu_rec=1 mu_bwd=1) | grad=4.062 | tok/s=57,926 | tokens=1.04B
step= 31860 | loss=4.7552 | lr=3.00e-04 | wd=0.0165 | mom=0.9500 | T=1.2 k=1.0 (mu_rec=1 mu_bwd=1) | grad=2.375 | tok/s=55,154 | tokens=1.04B
step= 31870 | loss=4.7220 | lr=3.00e-04 | wd=0.0165 | mom=0.9500 | T=1.0 k=1.0 (mu_rec=1 mu_bwd=1) | grad=4.469 | tok/s=54,512 | tokens=1.04B
step= 31880 | loss=4.7053 | lr=3.00e-04 | wd=0.0164 | mom=0.9500 | T=2.2 k=1.0 (mu_rec=1 mu_bwd=1) | grad=2.016 | tok/s=54,483 | tokens=1.04B
step= 31890 | loss=4.7913 | lr=3.00e-04 | wd=0.0164 | mom=0.9500 | T=1.2 k=1.0 (mu_rec=1 mu_bwd=1) | grad=2.328 | tok/s=54,163 | tokens=1.04B
step= 31900 | loss=4.6426 | lr=3.00e-04 | wd=0.0164 | mom=0.9500 | T=1.0 k=1.0 (mu_rec=1 mu_bwd=1) | grad=2.719 | tok/s=55,573 | tokens=1.05B
step= 31910 | loss=4.7335 | lr=3.00e-04 | wd=0.0164 | mom=0.9500 | T=1.5 k=1.0 (mu_rec=1 mu_bwd=1) | grad=2.031 | tok/s=54,539 | tokens=1.05B
step= 31920 | loss=4.7807 | lr=3.00e-04 | wd=0.0163 | mom=0.9500 | T=1.2 k=1.0 (mu_rec=1 mu_bwd=1) | grad=4.406 | tok/s=56,553 | tokens=1.05B
step= 31930 | loss=4.5772 | lr=3.00e-04 | wd=0.0163 | mom=0.9500 | T=1.0 k=1.0 (mu_rec=1 mu_bwd=1) | grad=3.219 | tok/s=55,529 | tokens=1.05B
step= 31940 | loss=4.5677 | lr=3.00e-04 | wd=0.0163 | mom=0.9500 | T=2.2 k=1.0 (mu_rec=1 mu_bwd=1) | grad=2.234 | tok/s=54,512 | tokens=1.05B
step= 31950 | loss=4.9112 | lr=3.00e-04 | wd=0.0162 | mom=0.9500 | T=1.5 k=1.0 (mu_rec=1 mu_bwd=1) | grad=5.219 | tok/s=55,768 | tokens=1.05B
step= 31960 | loss=4.7197 | lr=3.00e-04 | wd=0.0162 | mom=0.9500 | T=1.5 k=1.0 (mu_rec=1 mu_bwd=1) | grad=2.359 | tok/s=57,665 | tokens=1.05B
step= 31970 | loss=4.6165 | lr=3.00e-04 | wd=0.0162 | mom=0.9500 | T=2.2 k=1.0 (mu_rec=1 mu_bwd=1) | grad=1.695 | tok/s=53,220 | tokens=1.05B
step= 31980 | loss=4.7091 | lr=3.00e-04 | wd=0.0162 | mom=0.9500 | T=1.2 k=1.0 (mu_rec=1 mu_bwd=1) | grad=3.703 | tok/s=57,315 | tokens=1.05B
step= 31990 | loss=4.5080 | lr=3.00e-04 | wd=0.0161 | mom=0.9500 | T=1.2 k=1.0 (mu_rec=1 mu_bwd=1) | grad=3.312 | tok/s=57,537 | tokens=1.05B
step= 32000 | loss=4.8103 | lr=3.00e-04 | wd=0.0161 | mom=0.9500 | T=1.8 k=1.0 (mu_rec=1 mu_bwd=1) | grad=2.562 | tok/s=52,861 | tokens=1.05B
step= 32010 | loss=5.1727 | lr=3.00e-04 | wd=0.0161 | mom=0.9500 | T=1.5 k=1.0 (mu_rec=1 mu_bwd=1) | grad=3.547 | tok/s=52,933 | tokens=1.05B
step= 32020 | loss=4.7936 | lr=3.00e-04 | wd=0.0161 | mom=0.9500 | T=1.0 k=1.0 (mu_rec=1 mu_bwd=1) | grad=2.828 | tok/s=54,648 | tokens=1.05B
step= 32030 | loss=4.6173 | lr=3.00e-04 | wd=0.0160 | mom=0.9500 | T=1.2 k=1.0 (mu_rec=1 mu_bwd=1) | grad=5.375 | tok/s=57,291 | tokens=1.05B
step= 32040 | loss=4.5816 | lr=3.00e-04 | wd=0.0160 | mom=0.9500 | T=1.0 k=1.0 (mu_rec=1 mu_bwd=1) | grad=3.766 | tok/s=56,941 | tokens=1.05B
step= 32050 | loss=4.9063 | lr=3.00e-04 | wd=0.0160 | mom=0.9500 | T=1.0 k=1.0 (mu_rec=1 mu_bwd=1) | grad=3.250 | tok/s=56,628 | tokens=1.05B
step= 32060 | loss=4.7290 | lr=3.00e-04 | wd=0.0160 | mom=0.9500 | T=1.5 k=1.0 (mu_rec=1 mu_bwd=1) | grad=2.391 | tok/s=54,397 | tokens=1.05B
step= 32070 | loss=4.7481 | lr=3.00e-04 | wd=0.0159 | mom=0.9500 | T=2.2 k=1.0 (mu_rec=1 mu_bwd=1) | grad=2.484 | tok/s=57,149 | tokens=1.05B
step= 32080 | loss=4.5824 | lr=3.00e-04 | wd=0.0159 | mom=0.9500 | T=1.0 k=1.0 (mu_rec=1 mu_bwd=1) | grad=2.453 | tok/s=58,239 | tokens=1.05B
step= 32090 | loss=4.7038 | lr=3.00e-04 | wd=0.0159 | mom=0.9500 | T=1.0 k=1.0 (mu_rec=1 mu_bwd=1) | grad=2.797 | tok/s=59,625 | tokens=1.05B
step= 32100 | loss=4.7602 | lr=3.00e-04 | wd=0.0159 | mom=0.9500 | T=1.0 k=1.0 (mu_rec=1 mu_bwd=1) | grad=6.656 | tok/s=55,216 | tokens=1.05B
step= 32110 | loss=4.5168 | lr=3.00e-04 | wd=0.0158 | mom=0.9500 | T=1.2 k=1.0 (mu_rec=1 mu_bwd=1) | grad=2.047 | tok/s=56,782 | tokens=1.05B
step= 32120 | loss=4.6254 | lr=3.00e-04 | wd=0.0158 | mom=0.9500 | T=1.8 k=1.0 (mu_rec=1 mu_bwd=1) | grad=2.922 | tok/s=54,821 | tokens=1.05B
step= 32130 | loss=4.7937 | lr=3.00e-04 | wd=0.0158 | mom=0.9500 | T=1.5 k=1.0 (mu_rec=1 mu_bwd=1) | grad=3.391 | tok/s=56,759 | tokens=1.05B
step= 32140 | loss=4.6794 | lr=3.00e-04 | wd=0.0157 | mom=0.9500 | T=2.8 k=1.0 (mu_rec=1 mu_bwd=1) | grad=1.781 | tok/s=53,958 | tokens=1.05B
step= 32150 | loss=4.3920 | lr=3.00e-04 | wd=0.0157 | mom=0.9500 | T=1.0 k=1.0 (mu_rec=1 mu_bwd=1) | grad=2.562 | tok/s=56,959 | tokens=1.05B
step= 32160 | loss=4.7368 | lr=3.00e-04 | wd=0.0157 | mom=0.9500 | T=2.2 k=1.0 (mu_rec=1 mu_bwd=1) | grad=2.422 | tok/s=54,465 | tokens=1.05B
step= 32170 | loss=4.5671 | lr=3.00e-04 | wd=0.0157 | mom=0.9500 | T=2.0 k=1.0 (mu_rec=1 mu_bwd=1) | grad=2.734 | tok/s=53,550 | tokens=1.05B
step= 32180 | loss=4.8432 | lr=3.00e-04 | wd=0.0156 | mom=0.9500 | T=1.5 k=1.0 (mu_rec=1 mu_bwd=1) | grad=3.000 | tok/s=54,242 | tokens=1.05B
step= 32190 | loss=4.7494 | lr=3.00e-04 | wd=0.0156 | mom=0.9500 | T=1.2 k=1.0 (mu_rec=1 mu_bwd=1) | grad=6.531 | tok/s=55,207 | tokens=1.05B
step= 32200 | loss=4.5709 | lr=3.00e-04 | wd=0.0156 | mom=0.9500 | T=1.2 k=1.0 (mu_rec=1 mu_bwd=1) | grad=4.281 | tok/s=55,756 | tokens=1.06B
step= 32210 | loss=4.8541 | lr=3.00e-04 | wd=0.0156 | mom=0.9500 | T=1.5 k=1.0 (mu_rec=1 mu_bwd=1) | grad=3.016 | tok/s=8,625 | tokens=1.06B
step= 32220 | loss=4.6996 | lr=3.00e-04 | wd=0.0155 | mom=0.9500 | T=1.5 k=1.0 (mu_rec=1 mu_bwd=1) | grad=4.594 | tok/s=55,678 | tokens=1.06B
step= 32230 | loss=4.8210 | lr=3.00e-04 | wd=0.0155 | mom=0.9500 | T=1.2 k=1.0 (mu_rec=1 mu_bwd=1) | grad=3.656 | tok/s=56,755 | tokens=1.06B
step= 32240 | loss=4.7575 | lr=3.00e-04 | wd=0.0155 | mom=0.9500 | T=1.2 k=1.0 (mu_rec=1 mu_bwd=1) | grad=2.297 | tok/s=8,631 | tokens=1.06B
step= 32250 | loss=4.5157 | lr=3.00e-04 | wd=0.0155 | mom=0.9500 | T=1.5 k=1.0 (mu_rec=1 mu_bwd=1) | grad=2.938 | tok/s=57,734 | tokens=1.06B
step= 32260 | loss=4.6494 | lr=3.00e-04 | wd=0.0154 | mom=0.9500 | T=1.2 k=1.0 (mu_rec=1 mu_bwd=1) | grad=2.172 | tok/s=56,778 | tokens=1.06B
step= 32270 | loss=4.8644 | lr=3.00e-04 | wd=0.0154 | mom=0.9500 | T=1.5 k=1.0 (mu_rec=1 mu_bwd=1) | grad=3.688 | tok/s=56,939 | tokens=1.06B
step= 32280 | loss=5.0427 | lr=3.00e-04 | wd=0.0154 | mom=0.9500 | T=1.2 k=1.0 (mu_rec=1 mu_bwd=1) | grad=4.281 | tok/s=54,870 | tokens=1.06B
step= 32290 | loss=4.7375 | lr=3.00e-04 | wd=0.0154 | mom=0.9500 | T=1.5 k=1.0 (mu_rec=1 mu_bwd=1) | grad=2.031 | tok/s=55,508 | tokens=1.06B
step= 32300 | loss=5.0561 | lr=3.00e-04 | wd=0.0153 | mom=0.9500 | T=1.0 k=1.0 (mu_rec=1 mu_bwd=1) | grad=3.125 | tok/s=59,163 | tokens=1.06B
step= 32310 | loss=4.5857 | lr=3.00e-04 | wd=0.0153 | mom=0.9500 | T=2.2 k=1.0 (mu_rec=1 mu_bwd=1) | grad=3.156 | tok/s=57,407 | tokens=1.06B
step= 32320 | loss=4.6763 | lr=3.00e-04 | wd=0.0153 | mom=0.9500 | T=1.8 k=1.0 (mu_rec=1 mu_bwd=1) | grad=2.578 | tok/s=56,021 | tokens=1.06B
step= 32330 | loss=4.8090 | lr=3.00e-04 | wd=0.0152 | mom=0.9500 | T=1.0 k=1.0 (mu_rec=1 mu_bwd=1) | grad=6.281 | tok/s=57,743 | tokens=1.06B
step= 32340 | loss=4.6745 | lr=3.00e-04 | wd=0.0152 | mom=0.9500 | T=1.0 k=1.0 (mu_rec=1 mu_bwd=1) | grad=2.844 | tok/s=56,061 | tokens=1.06B
step= 32350 | loss=4.7920 | lr=3.00e-04 | wd=0.0152 | mom=0.9500 | T=1.2 k=1.0 (mu_rec=1 mu_bwd=1) | grad=5.969 | tok/s=57,704 | tokens=1.06B
step= 32360 | loss=4.6093 | lr=3.00e-04 | wd=0.0152 | mom=0.9500 | T=1.5 k=1.0 (mu_rec=1 mu_bwd=1) | grad=2.391 | tok/s=56,690 | tokens=1.06B
step= 32370 | loss=4.7805 | lr=3.00e-04 | wd=0.0151 | mom=0.9500 | T=1.5 k=1.0 (mu_rec=1 mu_bwd=1) | grad=2.391 | tok/s=56,785 | tokens=1.06B
step= 32380 | loss=4.6924 | lr=3.00e-04 | wd=0.0151 | mom=0.9500 | T=1.8 k=1.0 (mu_rec=1 mu_bwd=1) | grad=2.984 | tok/s=57,289 | tokens=1.06B
step= 32390 | loss=4.7783 | lr=3.00e-04 | wd=0.0151 | mom=0.9500 | T=1.0 k=1.0 (mu_rec=1 mu_bwd=1) | grad=3.078 | tok/s=57,042 | tokens=1.06B
step= 32400 | loss=4.5997 | lr=3.00e-04 | wd=0.0151 | mom=0.9500 | T=1.2 k=1.0 (mu_rec=1 mu_bwd=1) | grad=3.234 | tok/s=55,770 | tokens=1.06B
step= 32410 | loss=4.4911 | lr=3.00e-04 | wd=0.0150 | mom=0.9500 | T=1.0 k=1.0 (mu_rec=1 mu_bwd=1) | grad=2.969 | tok/s=57,701 | tokens=1.06B
step= 32420 | loss=4.6706 | lr=3.00e-04 | wd=0.0150 | mom=0.9500 | T=1.0 k=1.0 (mu_rec=1 mu_bwd=1) | grad=4.781 | tok/s=55,799 | tokens=1.06B
step= 32430 | loss=4.6034 | lr=3.00e-04 | wd=0.0150 | mom=0.9500 | T=1.0 k=1.0 (mu_rec=1 mu_bwd=1) | grad=3.016 | tok/s=55,623 | tokens=1.06B
step= 32440 | loss=5.1901 | lr=3.00e-04 | wd=0.0150 | mom=0.9500 | T=1.0 k=1.0 (mu_rec=1 mu_bwd=1) | grad=8.375 | tok/s=53,982 | tokens=1.06B
step= 32450 | loss=4.9091 | lr=3.00e-04 | wd=0.0149 | mom=0.9500 | T=1.5 k=1.0 (mu_rec=1 mu_bwd=1) | grad=4.156 | tok/s=54,961 | tokens=1.06B
step= 32460 | loss=5.0157 | lr=3.00e-04 | wd=0.0149 | mom=0.9500 | T=1.5 k=1.0 (mu_rec=1 mu_bwd=1) | grad=3.266 | tok/s=55,771 | tokens=1.06B
step= 32470 | loss=4.5160 | lr=3.00e-04 | wd=0.0149 | mom=0.9500 | T=1.8 k=1.0 (mu_rec=1 mu_bwd=1) | grad=5.031 | tok/s=55,376 | tokens=1.06B
step= 32480 | loss=4.5993 | lr=3.00e-04 | wd=0.0149 | mom=0.9500 | T=1.2 k=1.0 (mu_rec=1 mu_bwd=1) | grad=3.141 | tok/s=57,623 | tokens=1.06B
step= 32490 | loss=4.7488 | lr=3.00e-04 | wd=0.0148 | mom=0.9500 | T=1.2 k=1.0 (mu_rec=1 mu_bwd=1) | grad=3.406 | tok/s=55,675 | tokens=1.06B
step= 32500 | loss=4.8062 | lr=3.00e-04 | wd=0.0148 | mom=0.9500 | T=2.5 k=1.0 (mu_rec=1 mu_bwd=1) | grad=3.156 | tok/s=53,321 | tokens=1.06B
step= 32510 | loss=4.9308 | lr=3.00e-04 | wd=0.0148 | mom=0.9500 | T=2.5 k=1.0 (mu_rec=1 mu_bwd=1) | grad=2.000 | tok/s=53,735 | tokens=1.07B
step= 32520 | loss=4.6265 | lr=3.00e-04 | wd=0.0148 | mom=0.9500 | T=1.8 k=1.0 (mu_rec=1 mu_bwd=1) | grad=3.547 | tok/s=55,359 | tokens=1.07B
step= 32530 | loss=4.6114 | lr=3.00e-04 | wd=0.0147 | mom=0.9500 | T=1.2 k=1.0 (mu_rec=1 mu_bwd=1) | grad=3.438 | tok/s=55,431 | tokens=1.07B
step= 32540 | loss=4.5995 | lr=3.00e-04 | wd=0.0147 | mom=0.9500 | T=1.5 k=1.0 (mu_rec=1 mu_bwd=1) | grad=2.797 | tok/s=60,446 | tokens=1.07B
step= 32550 | loss=4.4246 | lr=3.00e-04 | wd=0.0147 | mom=0.9500 | T=2.0 k=1.0 (mu_rec=1 mu_bwd=1) | grad=4.312 | tok/s=58,467 | tokens=1.07B
step= 32560 | loss=3.9707 | lr=3.00e-04 | wd=0.0146 | mom=0.9500 | T=2.0 k=1.0 (mu_rec=1 mu_bwd=1) | grad=2.594 | tok/s=57,360 | tokens=1.07B
step= 32570 | loss=4.3364 | lr=3.00e-04 | wd=0.0146 | mom=0.9500 | T=1.5 k=1.0 (mu_rec=1 mu_bwd=1) | grad=2.656 | tok/s=54,955 | tokens=1.07B
step= 32580 | loss=4.3862 | lr=3.00e-04 | wd=0.0146 | mom=0.9500 | T=1.2 k=1.0 (mu_rec=1 mu_bwd=1) | grad=3.031 | tok/s=58,283 | tokens=1.07B
step= 32590 | loss=4.3781 | lr=3.00e-04 | wd=0.0146 | mom=0.9500 | T=1.5 k=1.0 (mu_rec=1 mu_bwd=1) | grad=3.016 | tok/s=55,026 | tokens=1.07B
step= 32600 | loss=4.6326 | lr=3.00e-04 | wd=0.0145 | mom=0.9500 | T=1.2 k=1.0 (mu_rec=1 mu_bwd=1) | grad=4.312 | tok/s=55,673 | tokens=1.07B
step= 32610 | loss=4.7671 | lr=3.00e-04 | wd=0.0145 | mom=0.9500 | T=1.0 k=1.0 (mu_rec=1 mu_bwd=1) | grad=3.844 | tok/s=59,887 | tokens=1.07B
step= 32620 | loss=4.7172 | lr=3.00e-04 | wd=0.0145 | mom=0.9500 | T=2.0 k=1.0 (mu_rec=1 mu_bwd=1) | grad=2.562 | tok/s=57,158 | tokens=1.07B
step= 32630 | loss=4.7137 | lr=3.00e-04 | wd=0.0145 | mom=0.9500 | T=1.0 k=1.0 (mu_rec=1 mu_bwd=1) | grad=10.688 | tok/s=61,391 | tokens=1.07B
step= 32640 | loss=4.7844 | lr=3.00e-04 | wd=0.0144 | mom=0.9500 | T=1.2 k=1.0 (mu_rec=1 mu_bwd=1) | grad=2.719 | tok/s=54,781 | tokens=1.07B
step= 32650 | loss=4.7404 | lr=3.00e-04 | wd=0.0144 | mom=0.9500 | T=1.2 k=1.0 (mu_rec=1 mu_bwd=1) | grad=2.562 | tok/s=55,016 | tokens=1.07B
step= 32660 | loss=4.7081 | lr=3.00e-04 | wd=0.0144 | mom=0.9500 | T=1.0 k=1.0 (mu_rec=1 mu_bwd=1) | grad=2.922 | tok/s=55,726 | tokens=1.07B
step= 32670 | loss=4.6285 | lr=3.00e-04 | wd=0.0144 | mom=0.9500 | T=1.5 k=1.0 (mu_rec=1 mu_bwd=1) | grad=2.297 | tok/s=57,518 | tokens=1.07B
step= 32680 | loss=4.3727 | lr=3.00e-04 | wd=0.0143 | mom=0.9500 | T=1.0 k=1.0 (mu_rec=1 mu_bwd=1) | grad=3.203 | tok/s=57,923 | tokens=1.07B
step= 32690 | loss=4.6446 | lr=3.00e-04 | wd=0.0143 | mom=0.9500 | T=1.5 k=1.0 (mu_rec=1 mu_bwd=1) | grad=12.312 | tok/s=55,904 | tokens=1.07B
step= 32700 | loss=4.7408 | lr=3.00e-04 | wd=0.0143 | mom=0.9500 | T=2.0 k=1.0 (mu_rec=1 mu_bwd=1) | grad=2.312 | tok/s=57,067 | tokens=1.07B
step= 32710 | loss=4.8279 | lr=3.00e-04 | wd=0.0143 | mom=0.9500 | T=1.2 k=1.0 (mu_rec=1 mu_bwd=1) | grad=2.953 | tok/s=56,424 | tokens=1.07B
step= 32720 | loss=4.5814 | lr=3.00e-04 | wd=0.0142 | mom=0.9500 | T=1.0 k=1.0 (mu_rec=1 mu_bwd=1) | grad=2.875 | tok/s=56,555 | tokens=1.07B
step= 32730 | loss=4.9306 | lr=3.00e-04 | wd=0.0142 | mom=0.9500 | T=1.0 k=1.0 (mu_rec=1 mu_bwd=1) | grad=2.797 | tok/s=56,951 | tokens=1.07B
step= 32740 | loss=4.7536 | lr=3.00e-04 | wd=0.0142 | mom=0.9500 | T=1.0 k=1.0 (mu_rec=1 mu_bwd=1) | grad=2.734 | tok/s=53,448 | tokens=1.07B
step= 32750 | loss=4.8248 | lr=3.00e-04 | wd=0.0141 | mom=0.9500 | T=1.0 k=1.0 (mu_rec=1 mu_bwd=1) | grad=2.906 | tok/s=56,695 | tokens=1.07B
step= 32760 | loss=4.9109 | lr=3.00e-04 | wd=0.0141 | mom=0.9500 | T=1.5 k=1.0 (mu_rec=1 mu_bwd=1) | grad=4.469 | tok/s=54,289 | tokens=1.07B
step= 32770 | loss=4.8911 | lr=3.00e-04 | wd=0.0141 | mom=0.9500 | T=1.5 k=1.0 (mu_rec=1 mu_bwd=1) | grad=2.312 | tok/s=54,197 | tokens=1.07B
step= 32780 | loss=4.7392 | lr=3.00e-04 | wd=0.0141 | mom=0.9500 | T=1.0 k=1.0 (mu_rec=1 mu_bwd=1) | grad=3.406 | tok/s=54,034 | tokens=1.07B
step= 32790 | loss=4.7525 | lr=3.00e-04 | wd=0.0140 | mom=0.9500 | T=1.5 k=1.0 (mu_rec=1 mu_bwd=1) | grad=2.812 | tok/s=52,257 | tokens=1.07B
step= 32800 | loss=4.8225 | lr=3.00e-04 | wd=0.0140 | mom=0.9500 | T=1.5 k=1.0 (mu_rec=1 mu_bwd=1) | grad=2.875 | tok/s=52,790 | tokens=1.07B
step= 32810 | loss=4.6504 | lr=3.00e-04 | wd=0.0140 | mom=0.9500 | T=1.2 k=1.0 (mu_rec=1 mu_bwd=1) | grad=2.344 | tok/s=56,362 | tokens=1.08B
step= 32820 | loss=4.6781 | lr=3.00e-04 | wd=0.0140 | mom=0.9500 | T=1.2 k=1.0 (mu_rec=1 mu_bwd=1) | grad=4.344 | tok/s=59,408 | tokens=1.08B
step= 32830 | loss=4.5528 | lr=3.00e-04 | wd=0.0139 | mom=0.9500 | T=1.0 k=1.0 (mu_rec=1 mu_bwd=1) | grad=2.375 | tok/s=57,060 | tokens=1.08B
step= 32840 | loss=4.6878 | lr=3.00e-04 | wd=0.0139 | mom=0.9500 | T=1.0 k=1.0 (mu_rec=1 mu_bwd=1) | grad=3.375 | tok/s=58,119 | tokens=1.08B
step= 32850 | loss=4.6608 | lr=3.00e-04 | wd=0.0139 | mom=0.9500 | T=1.2 k=1.0 (mu_rec=1 mu_bwd=1) | grad=3.531 | tok/s=57,595 | tokens=1.08B
step= 32860 | loss=4.6935 | lr=3.00e-04 | wd=0.0139 | mom=0.9500 | T=1.8 k=1.0 (mu_rec=1 mu_bwd=1) | grad=1.875 | tok/s=55,309 | tokens=1.08B
step= 32870 | loss=4.6637 | lr=3.00e-04 | wd=0.0138 | mom=0.9500 | T=1.5 k=1.0 (mu_rec=1 mu_bwd=1) | grad=3.156 | tok/s=54,512 | tokens=1.08B
step= 32880 | loss=4.6750 | lr=3.00e-04 | wd=0.0138 | mom=0.9500 | T=1.5 k=1.0 (mu_rec=1 mu_bwd=1) | grad=3.266 | tok/s=54,292 | tokens=1.08B
step= 32890 | loss=4.6764 | lr=3.00e-04 | wd=0.0138 | mom=0.9500 | T=1.8 k=1.0 (mu_rec=1 mu_bwd=1) | grad=2.578 | tok/s=58,144 | tokens=1.08B
step= 32900 | loss=4.6662 | lr=3.00e-04 | wd=0.0138 | mom=0.9500 | T=1.5 k=1.0 (mu_rec=1 mu_bwd=1) | grad=2.438 | tok/s=51,954 | tokens=1.08B
step= 32910 | loss=4.6375 | lr=3.00e-04 | wd=0.0137 | mom=0.9500 | T=1.8 k=1.0 (mu_rec=1 mu_bwd=1) | grad=2.250 | tok/s=58,190 | tokens=1.08B
step= 32920 | loss=4.6946 | lr=3.00e-04 | wd=0.0137 | mom=0.9500 | T=1.8 k=1.0 (mu_rec=1 mu_bwd=1) | grad=2.094 | tok/s=52,691 | tokens=1.08B
step= 32930 | loss=4.6175 | lr=3.00e-04 | wd=0.0137 | mom=0.9500 | T=1.2 k=1.0 (mu_rec=1 mu_bwd=1) | grad=3.297 | tok/s=53,216 | tokens=1.08B
step= 32940 | loss=4.7026 | lr=3.00e-04 | wd=0.0137 | mom=0.9500 | T=1.2 k=1.0 (mu_rec=1 mu_bwd=1) | grad=3.344 | tok/s=58,951 | tokens=1.08B
step= 32950 | loss=4.9269 | lr=3.00e-04 | wd=0.0136 | mom=0.9500 | T=1.2 k=1.0 (mu_rec=1 mu_bwd=1) | grad=2.625 | tok/s=55,851 | tokens=1.08B
step= 32960 | loss=4.8110 | lr=3.00e-04 | wd=0.0136 | mom=0.9500 | T=1.0 k=1.0 (mu_rec=1 mu_bwd=1) | grad=9.375 | tok/s=54,268 | tokens=1.08B
step= 32970 | loss=4.5695 | lr=3.00e-04 | wd=0.0136 | mom=0.9500 | T=1.5 k=1.0 (mu_rec=1 mu_bwd=1) | grad=2.797 | tok/s=53,186 | tokens=1.08B
step= 32980 | loss=4.8663 | lr=3.00e-04 | wd=0.0135 | mom=0.9500 | T=1.0 k=1.0 (mu_rec=1 mu_bwd=1) | grad=5.125 | tok/s=59,158 | tokens=1.08B
step= 32990 | loss=4.7008 | lr=3.00e-04 | wd=0.0135 | mom=0.9500 | T=1.5 k=1.0 (mu_rec=1 mu_bwd=1) | grad=2.234 | tok/s=54,796 | tokens=1.08B
step= 33000 | loss=4.7116 | lr=3.00e-04 | wd=0.0135 | mom=0.9500 | T=1.5 k=1.0 (mu_rec=1 mu_bwd=1) | grad=2.422 | tok/s=57,557 | tokens=1.08B
step= 33010 | loss=4.7519 | lr=3.00e-04 | wd=0.0135 | mom=0.9500 | T=1.2 k=1.0 (mu_rec=1 mu_bwd=1) | grad=2.578 | tok/s=53,667 | tokens=1.08B
step= 33020 | loss=4.4465 | lr=3.00e-04 | wd=0.0134 | mom=0.9500 | T=1.5 k=1.0 (mu_rec=1 mu_bwd=1) | grad=2.438 | tok/s=53,283 | tokens=1.08B
step= 33030 | loss=4.6000 | lr=3.00e-04 | wd=0.0134 | mom=0.9500 | T=1.2 k=1.0 (mu_rec=1 mu_bwd=1) | grad=3.000 | tok/s=56,856 | tokens=1.08B
step= 33040 | loss=4.6114 | lr=3.00e-04 | wd=0.0134 | mom=0.9500 | T=1.0 k=1.0 (mu_rec=1 mu_bwd=1) | grad=3.766 | tok/s=54,997 | tokens=1.08B
step= 33050 | loss=4.5727 | lr=3.00e-04 | wd=0.0134 | mom=0.9500 | T=1.5 k=1.0 (mu_rec=1 mu_bwd=1) | grad=2.703 | tok/s=55,308 | tokens=1.08B
step= 33060 | loss=4.6780 | lr=3.00e-04 | wd=0.0133 | mom=0.9500 | T=1.2 k=1.0 (mu_rec=1 mu_bwd=1) | grad=2.594 | tok/s=55,738 | tokens=1.08B
step= 33070 | loss=4.6175 | lr=3.00e-04 | wd=0.0133 | mom=0.9500 | T=1.5 k=1.0 (mu_rec=1 mu_bwd=1) | grad=4.469 | tok/s=59,999 | tokens=1.08B
step= 33080 | loss=4.7624 | lr=3.00e-04 | wd=0.0133 | mom=0.9500 | T=1.0 k=1.0 (mu_rec=1 mu_bwd=1) | grad=2.672 | tok/s=58,592 | tokens=1.08B
step= 33090 | loss=4.8334 | lr=3.00e-04 | wd=0.0133 | mom=0.9500 | T=2.2 k=1.0 (mu_rec=1 mu_bwd=1) | grad=2.375 | tok/s=56,376 | tokens=1.08B
step= 33100 | loss=4.7880 | lr=3.00e-04 | wd=0.0132 | mom=0.9500 | T=1.0 k=1.0 (mu_rec=1 mu_bwd=1) | grad=3.125 | tok/s=9,256 | tokens=1.08B
step= 33110 | loss=4.5382 | lr=3.00e-04 | wd=0.0132 | mom=0.9500 | T=1.5 k=1.0 (mu_rec=1 mu_bwd=1) | grad=3.219 | tok/s=57,847 | tokens=1.08B
step= 33120 | loss=4.6219 | lr=3.00e-04 | wd=0.0132 | mom=0.9500 | T=1.0 k=1.0 (mu_rec=1 mu_bwd=1) | grad=2.578 | tok/s=8,779 | tokens=1.09B
step= 33130 | loss=4.5154 | lr=3.00e-04 | wd=0.0132 | mom=0.9500 | T=1.2 k=1.0 (mu_rec=1 mu_bwd=1) | grad=2.656 | tok/s=56,443 | tokens=1.09B
step= 33140 | loss=4.6867 | lr=3.00e-04 | wd=0.0131 | mom=0.9500 | T=1.0 k=1.0 (mu_rec=1 mu_bwd=1) | grad=6.719 | tok/s=55,931 | tokens=1.09B
step= 33150 | loss=4.7229 | lr=3.00e-04 | wd=0.0131 | mom=0.9500 | T=1.5 k=1.0 (mu_rec=1 mu_bwd=1) | grad=2.484 | tok/s=56,369 | tokens=1.09B
step= 33160 | loss=4.7487 | lr=3.00e-04 | wd=0.0131 | mom=0.9500 | T=2.8 k=1.0 (mu_rec=1 mu_bwd=1) | grad=2.469 | tok/s=52,906 | tokens=1.09B
step= 33170 | loss=4.6593 | lr=3.00e-04 | wd=0.0130 | mom=0.9500 | T=1.2 k=1.0 (mu_rec=1 mu_bwd=1) | grad=3.125 | tok/s=54,136 | tokens=1.09B
step= 33180 | loss=4.5946 | lr=3.00e-04 | wd=0.0130 | mom=0.9500 | T=1.5 k=1.0 (mu_rec=1 mu_bwd=1) | grad=2.703 | tok/s=54,225 | tokens=1.09B
step= 33190 | loss=4.6028 | lr=3.00e-04 | wd=0.0130 | mom=0.9500 | T=2.0 k=1.0 (mu_rec=1 mu_bwd=1) | grad=3.266 | tok/s=56,659 | tokens=1.09B
step= 33200 | loss=4.7276 | lr=3.00e-04 | wd=0.0130 | mom=0.9500 | T=1.5 k=1.0 (mu_rec=1 mu_bwd=1) | grad=2.719 | tok/s=52,906 | tokens=1.09B
step= 33210 | loss=4.8016 | lr=3.00e-04 | wd=0.0129 | mom=0.9500 | T=1.2 k=1.0 (mu_rec=1 mu_bwd=1) | grad=3.062 | tok/s=53,972 | tokens=1.09B
step= 33220 | loss=4.5410 | lr=3.00e-04 | wd=0.0129 | mom=0.9500 | T=1.0 k=1.0 (mu_rec=1 mu_bwd=1) | grad=3.844 | tok/s=54,134 | tokens=1.09B
step= 33230 | loss=4.6242 | lr=3.00e-04 | wd=0.0129 | mom=0.9500 | T=1.0 k=1.0 (mu_rec=1 mu_bwd=1) | grad=3.375 | tok/s=59,407 | tokens=1.09B
step= 33240 | loss=4.5500 | lr=3.00e-04 | wd=0.0129 | mom=0.9500 | T=1.0 k=1.0 (mu_rec=1 mu_bwd=1) | grad=5.562 | tok/s=56,570 | tokens=1.09B
step= 33250 | loss=4.6161 | lr=3.00e-04 | wd=0.0128 | mom=0.9500 | T=1.0 k=1.0 (mu_rec=1 mu_bwd=1) | grad=4.938 | tok/s=56,571 | tokens=1.09B
step= 33260 | loss=4.6021 | lr=3.00e-04 | wd=0.0128 | mom=0.9500 | T=1.2 k=1.0 (mu_rec=1 mu_bwd=1) | grad=2.938 | tok/s=54,372 | tokens=1.09B
step= 33270 | loss=4.7529 | lr=3.00e-04 | wd=0.0128 | mom=0.9500 | T=1.8 k=1.0 (mu_rec=1 mu_bwd=1) | grad=2.250 | tok/s=55,885 | tokens=1.09B
step= 33280 | loss=4.4395 | lr=3.00e-04 | wd=0.0128 | mom=0.9500 | T=1.0 k=1.0 (mu_rec=1 mu_bwd=1) | grad=5.156 | tok/s=58,809 | tokens=1.09B
step= 33290 | loss=4.7355 | lr=3.00e-04 | wd=0.0127 | mom=0.9500 | T=1.5 k=1.0 (mu_rec=1 mu_bwd=1) | grad=4.281 | tok/s=54,258 | tokens=1.09B
step= 33300 | loss=4.9096 | lr=3.00e-04 | wd=0.0127 | mom=0.9500 | T=1.5 k=1.0 (mu_rec=1 mu_bwd=1) | grad=3.781 | tok/s=52,878 | tokens=1.09B
step= 33310 | loss=4.7407 | lr=3.00e-04 | wd=0.0127 | mom=0.9500 | T=1.2 k=1.0 (mu_rec=1 mu_bwd=1) | grad=3.234 | tok/s=54,770 | tokens=1.09B
step= 33320 | loss=4.6817 | lr=3.00e-04 | wd=0.0127 | mom=0.9500 | T=1.5 k=1.0 (mu_rec=1 mu_bwd=1) | grad=3.078 | tok/s=56,723 | tokens=1.09B
step= 33330 | loss=4.9355 | lr=3.00e-04 | wd=0.0126 | mom=0.9500 | T=1.0 k=1.0 (mu_rec=1 mu_bwd=1) | grad=3.844 | tok/s=56,349 | tokens=1.09B
step= 33340 | loss=4.5827 | lr=3.00e-04 | wd=0.0126 | mom=0.9500 | T=1.2 k=1.0 (mu_rec=1 mu_bwd=1) | grad=9.562 | tok/s=56,725 | tokens=1.09B
step= 33350 | loss=4.6997 | lr=3.00e-04 | wd=0.0126 | mom=0.9500 | T=1.0 k=1.0 (mu_rec=1 mu_bwd=1) | grad=6.906 | tok/s=57,369 | tokens=1.09B
step= 33360 | loss=4.6071 | lr=3.00e-04 | wd=0.0125 | mom=0.9500 | T=1.0 k=1.0 (mu_rec=1 mu_bwd=1) | grad=2.641 | tok/s=55,999 | tokens=1.09B
step= 33370 | loss=4.5291 | lr=3.00e-04 | wd=0.0125 | mom=0.9500 | T=1.2 k=1.0 (mu_rec=1 mu_bwd=1) | grad=6.125 | tok/s=56,062 | tokens=1.09B
step= 33380 | loss=4.6145 | lr=3.00e-04 | wd=0.0125 | mom=0.9500 | T=1.5 k=1.0 (mu_rec=1 mu_bwd=1) | grad=3.078 | tok/s=54,818 | tokens=1.09B
step= 33390 | loss=4.5003 | lr=3.00e-04 | wd=0.0125 | mom=0.9500 | T=1.5 k=1.0 (mu_rec=1 mu_bwd=1) | grad=2.500 | tok/s=54,035 | tokens=1.09B
step= 33400 | loss=4.5790 | lr=3.00e-04 | wd=0.0124 | mom=0.9500 | T=1.0 k=1.0 (mu_rec=1 mu_bwd=1) | grad=3.125 | tok/s=57,446 | tokens=1.09B
step= 33410 | loss=4.8160 | lr=3.00e-04 | wd=0.0124 | mom=0.9500 | T=2.2 k=1.0 (mu_rec=1 mu_bwd=1) | grad=2.938 | tok/s=58,553 | tokens=1.09B
step= 33420 | loss=4.5784 | lr=3.00e-04 | wd=0.0124 | mom=0.9500 | T=1.2 k=1.0 (mu_rec=1 mu_bwd=1) | grad=3.312 | tok/s=58,481 | tokens=1.10B
step= 33430 | loss=4.7094 | lr=3.00e-04 | wd=0.0124 | mom=0.9500 | T=2.2 k=1.0 (mu_rec=1 mu_bwd=1) | grad=1.961 | tok/s=58,033 | tokens=1.10B
step= 33440 | loss=4.7274 | lr=3.00e-04 | wd=0.0123 | mom=0.9500 | T=2.0 k=1.0 (mu_rec=1 mu_bwd=1) | grad=1.945 | tok/s=56,931 | tokens=1.10B
step= 33450 | loss=4.5985 | lr=3.00e-04 | wd=0.0123 | mom=0.9500 | T=1.8 k=1.0 (mu_rec=1 mu_bwd=1) | grad=2.266 | tok/s=53,800 | tokens=1.10B
step= 33460 | loss=4.6964 | lr=3.00e-04 | wd=0.0123 | mom=0.9500 | T=1.2 k=1.0 (mu_rec=1 mu_bwd=1) | grad=2.375 | tok/s=52,562 | tokens=1.10B
step= 33470 | loss=4.6627 | lr=3.00e-04 | wd=0.0123 | mom=0.9500 | T=1.5 k=1.0 (mu_rec=1 mu_bwd=1) | grad=2.047 | tok/s=56,098 | tokens=1.10B
step= 33480 | loss=4.7432 | lr=3.00e-04 | wd=0.0122 | mom=0.9500 | T=1.2 k=1.0 (mu_rec=1 mu_bwd=1) | grad=3.219 | tok/s=55,007 | tokens=1.10B
step= 33490 | loss=4.7093 | lr=3.00e-04 | wd=0.0122 | mom=0.9500 | T=1.2 k=1.0 (mu_rec=1 mu_bwd=1) | grad=4.344 | tok/s=53,632 | tokens=1.10B
step= 33500 | loss=4.7423 | lr=3.00e-04 | wd=0.0122 | mom=0.9500 | T=1.0 k=1.0 (mu_rec=1 mu_bwd=1) | grad=2.594 | tok/s=56,811 | tokens=1.10B
step= 33510 | loss=4.6236 | lr=3.00e-04 | wd=0.0122 | mom=0.9500 | T=1.0 k=1.0 (mu_rec=1 mu_bwd=1) | grad=2.422 | tok/s=58,617 | tokens=1.10B
step= 33520 | loss=4.8374 | lr=3.00e-04 | wd=0.0121 | mom=0.9500 | T=1.5 k=1.0 (mu_rec=1 mu_bwd=1) | grad=2.484 | tok/s=56,865 | tokens=1.10B
step= 33530 | loss=4.6529 | lr=3.00e-04 | wd=0.0121 | mom=0.9500 | T=1.0 k=1.0 (mu_rec=1 mu_bwd=1) | grad=3.609 | tok/s=58,258 | tokens=1.10B
step= 33540 | loss=4.7009 | lr=3.00e-04 | wd=0.0121 | mom=0.9500 | T=1.8 k=1.0 (mu_rec=1 mu_bwd=1) | grad=2.266 | tok/s=55,059 | tokens=1.10B
step= 33550 | loss=4.7167 | lr=3.00e-04 | wd=0.0121 | mom=0.9500 | T=1.2 k=1.0 (mu_rec=1 mu_bwd=1) | grad=3.469 | tok/s=55,300 | tokens=1.10B
step= 33560 | loss=4.6749 | lr=3.00e-04 | wd=0.0120 | mom=0.9500 | T=2.0 k=1.0 (mu_rec=1 mu_bwd=1) | grad=2.719 | tok/s=55,079 | tokens=1.10B
step= 33570 | loss=4.8276 | lr=3.00e-04 | wd=0.0120 | mom=0.9500 | T=2.0 k=1.0 (mu_rec=1 mu_bwd=1) | grad=2.781 | tok/s=53,102 | tokens=1.10B
step= 33580 | loss=4.6247 | lr=3.00e-04 | wd=0.0120 | mom=0.9500 | T=1.5 k=1.0 (mu_rec=1 mu_bwd=1) | grad=3.219 | tok/s=57,828 | tokens=1.10B
step= 33590 | loss=4.7118 | lr=3.00e-04 | wd=0.0119 | mom=0.9500 | T=2.0 k=1.0 (mu_rec=1 mu_bwd=1) | grad=2.281 | tok/s=55,971 | tokens=1.10B
step= 33600 | loss=4.5848 | lr=3.00e-04 | wd=0.0119 | mom=0.9500 | T=1.5 k=1.0 (mu_rec=1 mu_bwd=1) | grad=2.969 | tok/s=58,501 | tokens=1.10B
step= 33610 | loss=4.5717 | lr=3.00e-04 | wd=0.0119 | mom=0.9500 | T=1.5 k=1.0 (mu_rec=1 mu_bwd=1) | grad=4.281 | tok/s=56,096 | tokens=1.10B
step= 33620 | loss=4.5159 | lr=3.00e-04 | wd=0.0119 | mom=0.9500 | T=2.2 k=1.0 (mu_rec=1 mu_bwd=1) | grad=1.953 | tok/s=55,812 | tokens=1.10B
step= 33630 | loss=4.5388 | lr=3.00e-04 | wd=0.0118 | mom=0.9500 | T=1.0 k=1.0 (mu_rec=1 mu_bwd=1) | grad=2.547 | tok/s=57,635 | tokens=1.10B
step= 33640 | loss=4.4970 | lr=3.00e-04 | wd=0.0118 | mom=0.9500 | T=1.0 k=1.0 (mu_rec=1 mu_bwd=1) | grad=4.938 | tok/s=55,052 | tokens=1.10B
step= 33650 | loss=4.6558 | lr=3.00e-04 | wd=0.0118 | mom=0.9500 | T=1.5 k=1.0 (mu_rec=1 mu_bwd=1) | grad=2.031 | tok/s=55,321 | tokens=1.10B
step= 33660 | loss=4.7423 | lr=3.00e-04 | wd=0.0118 | mom=0.9500 | T=1.0 k=1.0 (mu_rec=1 mu_bwd=1) | grad=3.656 | tok/s=59,803 | tokens=1.10B
step= 33670 | loss=4.6571 | lr=3.00e-04 | wd=0.0117 | mom=0.9500 | T=2.2 k=1.0 (mu_rec=1 mu_bwd=1) | grad=2.141 | tok/s=53,572 | tokens=1.10B
step= 33680 | loss=4.5534 | lr=3.00e-04 | wd=0.0117 | mom=0.9500 | T=1.2 k=1.0 (mu_rec=1 mu_bwd=1) | grad=3.719 | tok/s=55,223 | tokens=1.10B
step= 33690 | loss=4.6056 | lr=3.00e-04 | wd=0.0117 | mom=0.9500 | T=1.0 k=1.0 (mu_rec=1 mu_bwd=1) | grad=5.812 | tok/s=60,696 | tokens=1.10B
step= 33700 | loss=4.9338 | lr=3.00e-04 | wd=0.0117 | mom=0.9500 | T=1.0 k=1.0 (mu_rec=1 mu_bwd=1) | grad=4.219 | tok/s=57,714 | tokens=1.10B
step= 33710 | loss=4.6314 | lr=3.00e-04 | wd=0.0116 | mom=0.9500 | T=2.0 k=1.0 (mu_rec=1 mu_bwd=1) | grad=3.547 | tok/s=55,093 | tokens=1.10B
step= 33720 | loss=5.0055 | lr=3.00e-04 | wd=0.0116 | mom=0.9500 | T=1.2 k=1.0 (mu_rec=1 mu_bwd=1) | grad=3.125 | tok/s=55,821 | tokens=1.10B
step= 33730 | loss=4.9726 | lr=3.00e-04 | wd=0.0116 | mom=0.9500 | T=1.0 k=1.0 (mu_rec=1 mu_bwd=1) | grad=3.297 | tok/s=57,099 | tokens=1.11B
step= 33740 | loss=4.7058 | lr=3.00e-04 | wd=0.0116 | mom=0.9500 | T=2.0 k=1.0 (mu_rec=1 mu_bwd=1) | grad=2.500 | tok/s=57,214 | tokens=1.11B
step= 33750 | loss=4.5227 | lr=3.00e-04 | wd=0.0115 | mom=0.9500 | T=2.5 k=1.0 (mu_rec=1 mu_bwd=1) | grad=1.953 | tok/s=57,228 | tokens=1.11B
step= 33760 | loss=4.7186 | lr=3.00e-04 | wd=0.0115 | mom=0.9500 | T=1.5 k=1.0 (mu_rec=1 mu_bwd=1) | grad=2.531 | tok/s=55,065 | tokens=1.11B
step= 33770 | loss=4.5475 | lr=3.00e-04 | wd=0.0115 | mom=0.9500 | T=1.2 k=1.0 (mu_rec=1 mu_bwd=1) | grad=3.297 | tok/s=58,160 | tokens=1.11B
step= 33780 | loss=4.5964 | lr=3.00e-04 | wd=0.0114 | mom=0.9500 | T=1.0 k=1.0 (mu_rec=1 mu_bwd=1) | grad=6.281 | tok/s=55,379 | tokens=1.11B
step= 33790 | loss=4.3592 | lr=3.00e-04 | wd=0.0114 | mom=0.9500 | T=1.8 k=1.0 (mu_rec=1 mu_bwd=1) | grad=3.766 | tok/s=52,854 | tokens=1.11B
step= 33800 | loss=4.7009 | lr=3.00e-04 | wd=0.0114 | mom=0.9500 | T=1.5 k=1.0 (mu_rec=1 mu_bwd=1) | grad=2.359 | tok/s=55,836 | tokens=1.11B
step= 33810 | loss=4.6026 | lr=3.00e-04 | wd=0.0114 | mom=0.9500 | T=2.0 k=1.0 (mu_rec=1 mu_bwd=1) | grad=2.359 | tok/s=52,037 | tokens=1.11B
step= 33820 | loss=4.6725 | lr=3.00e-04 | wd=0.0113 | mom=0.9500 | T=1.0 k=1.0 (mu_rec=1 mu_bwd=1) | grad=2.188 | tok/s=57,506 | tokens=1.11B
step= 33830 | loss=4.4123 | lr=3.00e-04 | wd=0.0113 | mom=0.9500 | T=1.5 k=1.0 (mu_rec=1 mu_bwd=1) | grad=3.141 | tok/s=56,199 | tokens=1.11B
step= 33840 | loss=4.5554 | lr=3.00e-04 | wd=0.0113 | mom=0.9500 | T=1.2 k=1.0 (mu_rec=1 mu_bwd=1) | grad=2.703 | tok/s=60,174 | tokens=1.11B
step= 33850 | loss=4.6326 | lr=3.00e-04 | wd=0.0113 | mom=0.9500 | T=1.5 k=1.0 (mu_rec=1 mu_bwd=1) | grad=3.969 | tok/s=56,143 | tokens=1.11B
step= 33860 | loss=4.7456 | lr=3.00e-04 | wd=0.0112 | mom=0.9500 | T=1.8 k=1.0 (mu_rec=1 mu_bwd=1) | grad=2.578 | tok/s=56,836 | tokens=1.11B
step= 33870 | loss=4.8227 | lr=3.00e-04 | wd=0.0112 | mom=0.9500 | T=1.2 k=1.0 (mu_rec=1 mu_bwd=1) | grad=2.391 | tok/s=54,055 | tokens=1.11B
step= 33880 | loss=4.6488 | lr=3.00e-04 | wd=0.0112 | mom=0.9500 | T=1.2 k=1.0 (mu_rec=1 mu_bwd=1) | grad=2.547 | tok/s=56,053 | tokens=1.11B
step= 33890 | loss=4.8010 | lr=3.00e-04 | wd=0.0112 | mom=0.9500 | T=1.8 k=1.0 (mu_rec=1 mu_bwd=1) | grad=2.406 | tok/s=8,972 | tokens=1.11B
step= 33900 | loss=4.5888 | lr=3.00e-04 | wd=0.0111 | mom=0.9500 | T=1.5 k=1.0 (mu_rec=1 mu_bwd=1) | grad=9.000 | tok/s=56,361 | tokens=1.11B
step= 33910 | loss=4.4312 | lr=3.00e-04 | wd=0.0111 | mom=0.9500 | T=1.5 k=1.0 (mu_rec=1 mu_bwd=1) | grad=2.594 | tok/s=57,082 | tokens=1.11B
step= 33920 | loss=4.6652 | lr=3.00e-04 | wd=0.0111 | mom=0.9500 | T=1.0 k=1.0 (mu_rec=1 mu_bwd=1) | grad=2.828 | tok/s=55,446 | tokens=1.11B
step= 33930 | loss=4.7039 | lr=3.00e-04 | wd=0.0111 | mom=0.9500 | T=1.2 k=1.0 (mu_rec=1 mu_bwd=1) | grad=3.391 | tok/s=56,603 | tokens=1.11B
step= 33940 | loss=4.7754 | lr=3.00e-04 | wd=0.0110 | mom=0.9500 | T=1.5 k=1.0 (mu_rec=1 mu_bwd=1) | grad=2.047 | tok/s=54,114 | tokens=1.11B
step= 33950 | loss=4.7405 | lr=3.00e-04 | wd=0.0110 | mom=0.9500 | T=1.0 k=1.0 (mu_rec=1 mu_bwd=1) | grad=2.594 | tok/s=53,272 | tokens=1.11B
step= 33960 | loss=4.5739 | lr=3.00e-04 | wd=0.0110 | mom=0.9500 | T=1.2 k=1.0 (mu_rec=1 mu_bwd=1) | grad=3.672 | tok/s=55,649 | tokens=1.11B
step= 33970 | loss=4.7220 | lr=3.00e-04 | wd=0.0110 | mom=0.9500 | T=1.8 k=1.0 (mu_rec=1 mu_bwd=1) | grad=3.172 | tok/s=55,625 | tokens=1.11B
step= 33980 | loss=4.3113 | lr=3.00e-04 | wd=0.0109 | mom=0.9500 | T=2.0 k=1.0 (mu_rec=1 mu_bwd=1) | grad=2.031 | tok/s=54,489 | tokens=1.11B
step= 33990 | loss=4.6205 | lr=3.00e-04 | wd=0.0109 | mom=0.9500 | T=1.2 k=1.0 (mu_rec=1 mu_bwd=1) | grad=4.188 | tok/s=57,989 | tokens=1.11B
step= 34000 | loss=4.5626 | lr=3.00e-04 | wd=0.0109 | mom=0.9500 | T=1.8 k=1.0 (mu_rec=1 mu_bwd=1) | grad=4.156 | tok/s=55,089 | tokens=1.11B
step= 34010 | loss=4.4870 | lr=3.00e-04 | wd=0.0108 | mom=0.9500 | T=1.0 k=1.0 (mu_rec=1 mu_bwd=1) | grad=9.812 | tok/s=56,528 | tokens=1.11B
step= 34020 | loss=4.6312 | lr=3.00e-04 | wd=0.0108 | mom=0.9500 | T=2.2 k=1.0 (mu_rec=1 mu_bwd=1) | grad=2.375 | tok/s=9,081 | tokens=1.11B
step= 34030 | loss=4.8202 | lr=3.00e-04 | wd=0.0108 | mom=0.9500 | T=1.0 k=1.0 (mu_rec=1 mu_bwd=1) | grad=2.516 | tok/s=55,518 | tokens=1.12B
step= 34040 | loss=4.6178 | lr=3.00e-04 | wd=0.0108 | mom=0.9500 | T=1.2 k=1.0 (mu_rec=1 mu_bwd=1) | grad=5.062 | tok/s=57,533 | tokens=1.12B
step= 34050 | loss=4.4812 | lr=3.00e-04 | wd=0.0107 | mom=0.9500 | T=1.5 k=1.0 (mu_rec=1 mu_bwd=1) | grad=2.094 | tok/s=56,933 | tokens=1.12B
step= 34060 | loss=4.7705 | lr=3.00e-04 | wd=0.0107 | mom=0.9500 | T=2.2 k=1.0 (mu_rec=1 mu_bwd=1) | grad=2.219 | tok/s=53,298 | tokens=1.12B
step= 34070 | loss=4.6282 | lr=3.00e-04 | wd=0.0107 | mom=0.9500 | T=1.2 k=1.0 (mu_rec=1 mu_bwd=1) | grad=2.578 | tok/s=57,785 | tokens=1.12B
step= 34080 | loss=4.6643 | lr=3.00e-04 | wd=0.0107 | mom=0.9500 | T=1.2 k=1.0 (mu_rec=1 mu_bwd=1) | grad=2.312 | tok/s=56,807 | tokens=1.12B
step= 34090 | loss=4.6269 | lr=3.00e-04 | wd=0.0106 | mom=0.9500 | T=1.0 k=1.0 (mu_rec=1 mu_bwd=1) | grad=2.938 | tok/s=55,167 | tokens=1.12B
step= 34100 | loss=4.7195 | lr=3.00e-04 | wd=0.0106 | mom=0.9500 | T=1.0 k=1.0 (mu_rec=1 mu_bwd=1) | grad=3.094 | tok/s=56,283 | tokens=1.12B
step= 34110 | loss=4.6629 | lr=3.00e-04 | wd=0.0106 | mom=0.9500 | T=2.8 k=1.0 (mu_rec=1 mu_bwd=1) | grad=1.836 | tok/s=56,524 | tokens=1.12B
step= 34120 | loss=4.7253 | lr=3.00e-04 | wd=0.0106 | mom=0.9500 | T=1.5 k=1.0 (mu_rec=1 mu_bwd=1) | grad=2.672 | tok/s=56,744 | tokens=1.12B
step= 34130 | loss=4.5305 | lr=3.00e-04 | wd=0.0105 | mom=0.9500 | T=1.8 k=1.0 (mu_rec=1 mu_bwd=1) | grad=3.453 | tok/s=53,267 | tokens=1.12B
step= 34140 | loss=4.5522 | lr=3.00e-04 | wd=0.0105 | mom=0.9500 | T=1.5 k=1.0 (mu_rec=1 mu_bwd=1) | grad=2.344 | tok/s=55,955 | tokens=1.12B
step= 34150 | loss=4.7789 | lr=3.00e-04 | wd=0.0105 | mom=0.9500 | T=1.2 k=1.0 (mu_rec=1 mu_bwd=1) | grad=4.125 | tok/s=57,109 | tokens=1.12B
step= 34160 | loss=4.4962 | lr=3.00e-04 | wd=0.0105 | mom=0.9500 | T=1.2 k=1.0 (mu_rec=1 mu_bwd=1) | grad=5.688 | tok/s=56,210 | tokens=1.12B
step= 34170 | loss=4.3585 | lr=3.00e-04 | wd=0.0104 | mom=0.9500 | T=1.0 k=1.0 (mu_rec=1 mu_bwd=1) | grad=3.438 | tok/s=54,501 | tokens=1.12B
step= 34180 | loss=4.5672 | lr=3.00e-04 | wd=0.0104 | mom=0.9500 | T=1.8 k=1.0 (mu_rec=1 mu_bwd=1) | grad=8.188 | tok/s=53,626 | tokens=1.12B
step= 34190 | loss=4.4983 | lr=3.00e-04 | wd=0.0104 | mom=0.9500 | T=1.2 k=1.0 (mu_rec=1 mu_bwd=1) | grad=3.516 | tok/s=57,702 | tokens=1.12B
step= 34200 | loss=4.6072 | lr=3.00e-04 | wd=0.0103 | mom=0.9500 | T=1.5 k=1.0 (mu_rec=1 mu_bwd=1) | grad=3.250 | tok/s=59,938 | tokens=1.12B
step= 34210 | loss=4.6635 | lr=3.00e-04 | wd=0.0103 | mom=0.9500 | T=1.2 k=1.0 (mu_rec=1 mu_bwd=1) | grad=4.750 | tok/s=55,714 | tokens=1.12B
step= 34220 | loss=4.8887 | lr=3.00e-04 | wd=0.0103 | mom=0.9500 | T=1.0 k=1.0 (mu_rec=1 mu_bwd=1) | grad=4.875 | tok/s=52,776 | tokens=1.12B
step= 34230 | loss=4.3996 | lr=3.00e-04 | wd=0.0103 | mom=0.9500 | T=2.2 k=1.0 (mu_rec=1 mu_bwd=1) | grad=2.938 | tok/s=54,706 | tokens=1.12B
step= 34240 | loss=4.6449 | lr=3.00e-04 | wd=0.0102 | mom=0.9500 | T=1.2 k=1.0 (mu_rec=1 mu_bwd=1) | grad=2.469 | tok/s=53,390 | tokens=1.12B
step= 34250 | loss=4.6491 | lr=3.00e-04 | wd=0.0102 | mom=0.9500 | T=1.2 k=1.0 (mu_rec=1 mu_bwd=1) | grad=2.906 | tok/s=56,555 | tokens=1.12B
step= 34260 | loss=4.7661 | lr=3.00e-04 | wd=0.0102 | mom=0.9500 | T=1.2 k=1.0 (mu_rec=1 mu_bwd=1) | grad=3.000 | tok/s=54,875 | tokens=1.12B
step= 34270 | loss=4.7817 | lr=3.00e-04 | wd=0.0102 | mom=0.9500 | T=1.2 k=1.0 (mu_rec=1 mu_bwd=1) | grad=3.047 | tok/s=54,392 | tokens=1.12B
step= 34280 | loss=4.8090 | lr=3.00e-04 | wd=0.0101 | mom=0.9500 | T=1.2 k=1.0 (mu_rec=1 mu_bwd=1) | grad=2.609 | tok/s=53,488 | tokens=1.12B
step= 34290 | loss=4.6726 | lr=3.00e-04 | wd=0.0101 | mom=0.9500 | T=1.5 k=1.0 (mu_rec=1 mu_bwd=1) | grad=3.031 | tok/s=56,132 | tokens=1.12B
step= 34300 | loss=4.6253 | lr=3.00e-04 | wd=0.0101 | mom=0.9500 | T=1.0 k=1.0 (mu_rec=1 mu_bwd=1) | grad=3.875 | tok/s=52,946 | tokens=1.12B
step= 34310 | loss=4.5759 | lr=3.00e-04 | wd=0.0101 | mom=0.9500 | T=1.0 k=1.0 (mu_rec=1 mu_bwd=1) | grad=3.016 | tok/s=59,621 | tokens=1.12B
step= 34320 | loss=4.9160 | lr=3.00e-04 | wd=0.0100 | mom=0.9500 | T=1.0 k=1.0 (mu_rec=1 mu_bwd=1) | grad=3.484 | tok/s=57,104 | tokens=1.12B
step= 34330 | loss=4.6011 | lr=3.00e-04 | wd=0.0100 | mom=0.9500 | T=1.2 k=1.0 (mu_rec=1 mu_bwd=1) | grad=3.938 | tok/s=53,165 | tokens=1.12B
step= 34340 | loss=4.6326 | lr=3.00e-04 | wd=0.0100 | mom=0.9500 | T=2.5 k=1.0 (mu_rec=1 mu_bwd=1) | grad=2.031 | tok/s=56,281 | tokens=1.13B
step= 34350 | loss=4.5900 | lr=3.00e-04 | wd=0.0100 | mom=0.9500 | T=1.2 k=1.0 (mu_rec=1 mu_bwd=1) | grad=2.625 | tok/s=56,316 | tokens=1.13B
step= 34360 | loss=4.7835 | lr=3.00e-04 | wd=0.0099 | mom=0.9500 | T=1.2 k=1.0 (mu_rec=1 mu_bwd=1) | grad=2.516 | tok/s=55,331 | tokens=1.13B
step= 34370 | loss=4.5848 | lr=3.00e-04 | wd=0.0099 | mom=0.9500 | T=1.2 k=1.0 (mu_rec=1 mu_bwd=1) | grad=2.234 | tok/s=58,175 | tokens=1.13B
step= 34380 | loss=4.7609 | lr=3.00e-04 | wd=0.0099 | mom=0.9500 | T=1.0 k=1.0 (mu_rec=1 mu_bwd=1) | grad=2.578 | tok/s=58,538 | tokens=1.13B
step= 34390 | loss=4.6738 | lr=3.00e-04 | wd=0.0098 | mom=0.9500 | T=2.8 k=1.0 (mu_rec=1 mu_bwd=1) | grad=2.750 | tok/s=55,047 | tokens=1.13B
step= 34400 | loss=4.5813 | lr=3.00e-04 | wd=0.0098 | mom=0.9500 | T=1.2 k=1.0 (mu_rec=1 mu_bwd=1) | grad=3.844 | tok/s=58,330 | tokens=1.13B
step= 34410 | loss=4.5945 | lr=3.00e-04 | wd=0.0098 | mom=0.9500 | T=1.5 k=1.0 (mu_rec=1 mu_bwd=1) | grad=3.297 | tok/s=54,673 | tokens=1.13B
step= 34420 | loss=4.7249 | lr=3.00e-04 | wd=0.0098 | mom=0.9500 | T=1.0 k=1.0 (mu_rec=1 mu_bwd=1) | grad=5.469 | tok/s=58,216 | tokens=1.13B
step= 34430 | loss=4.3977 | lr=3.00e-04 | wd=0.0097 | mom=0.9500 | T=1.5 k=1.0 (mu_rec=1 mu_bwd=1) | grad=2.375 | tok/s=55,816 | tokens=1.13B
step= 34440 | loss=4.9955 | lr=2.99e-04 | wd=0.0097 | mom=0.9500 | T=1.8 k=1.0 (mu_rec=1 mu_bwd=1) | grad=3.047 | tok/s=55,516 | tokens=1.13B
step= 34450 | loss=4.6360 | lr=2.99e-04 | wd=0.0097 | mom=0.9500 | T=1.2 k=1.0 (mu_rec=1 mu_bwd=1) | grad=3.141 | tok/s=57,008 | tokens=1.13B
step= 34460 | loss=4.6531 | lr=2.99e-04 | wd=0.0097 | mom=0.9500 | T=1.5 k=1.0 (mu_rec=1 mu_bwd=1) | grad=2.312 | tok/s=59,027 | tokens=1.13B
step= 34470 | loss=4.7270 | lr=2.99e-04 | wd=0.0096 | mom=0.9500 | T=1.0 k=1.0 (mu_rec=1 mu_bwd=1) | grad=4.094 | tok/s=53,966 | tokens=1.13B
step= 34480 | loss=4.6154 | lr=2.99e-04 | wd=0.0096 | mom=0.9500 | T=1.0 k=1.0 (mu_rec=1 mu_bwd=1) | grad=4.219 | tok/s=56,221 | tokens=1.13B
step= 34490 | loss=4.9289 | lr=2.99e-04 | wd=0.0096 | mom=0.9500 | T=1.2 k=1.0 (mu_rec=1 mu_bwd=1) | grad=3.688 | tok/s=55,063 | tokens=1.13B
step= 34500 | loss=4.7421 | lr=2.99e-04 | wd=0.0096 | mom=0.9500 | T=1.5 k=1.0 (mu_rec=1 mu_bwd=1) | grad=2.859 | tok/s=55,949 | tokens=1.13B
step= 34510 | loss=4.6195 | lr=2.99e-04 | wd=0.0095 | mom=0.9500 | T=1.2 k=1.0 (mu_rec=1 mu_bwd=1) | grad=3.234 | tok/s=56,340 | tokens=1.13B
step= 34520 | loss=4.6266 | lr=2.98e-04 | wd=0.0095 | mom=0.9500 | T=1.8 k=1.0 (mu_rec=1 mu_bwd=1) | grad=3.188 | tok/s=53,305 | tokens=1.13B
step= 34530 | loss=4.6960 | lr=2.98e-04 | wd=0.0095 | mom=0.9500 | T=1.0 k=1.0 (mu_rec=1 mu_bwd=1) | grad=3.219 | tok/s=57,506 | tokens=1.13B
step= 34540 | loss=4.7602 | lr=2.98e-04 | wd=0.0095 | mom=0.9500 | T=2.5 k=1.0 (mu_rec=1 mu_bwd=1) | grad=3.297 | tok/s=55,067 | tokens=1.13B
step= 34550 | loss=4.5856 | lr=2.98e-04 | wd=0.0094 | mom=0.9500 | T=1.5 k=1.0 (mu_rec=1 mu_bwd=1) | grad=3.812 | tok/s=58,207 | tokens=1.13B
step= 34560 | loss=4.7134 | lr=2.98e-04 | wd=0.0094 | mom=0.9500 | T=2.0 k=1.0 (mu_rec=1 mu_bwd=1) | grad=3.469 | tok/s=53,880 | tokens=1.13B
step= 34570 | loss=4.7968 | lr=2.97e-04 | wd=0.0094 | mom=0.9500 | T=1.8 k=1.0 (mu_rec=1 mu_bwd=1) | grad=3.266 | tok/s=56,148 | tokens=1.13B
step= 34580 | loss=4.6538 | lr=2.97e-04 | wd=0.0094 | mom=0.9500 | T=1.8 k=1.0 (mu_rec=1 mu_bwd=1) | grad=5.250 | tok/s=54,666 | tokens=1.13B
step= 34590 | loss=4.8134 | lr=2.97e-04 | wd=0.0093 | mom=0.9500 | T=1.0 k=1.0 (mu_rec=1 mu_bwd=1) | grad=2.891 | tok/s=55,166 | tokens=1.13B
step= 34600 | loss=4.4632 | lr=2.97e-04 | wd=0.0093 | mom=0.9500 | T=1.0 k=1.0 (mu_rec=1 mu_bwd=1) | grad=3.547 | tok/s=54,595 | tokens=1.13B
step= 34610 | loss=4.7290 | lr=2.97e-04 | wd=0.0093 | mom=0.9500 | T=1.0 k=1.0 (mu_rec=1 mu_bwd=1) | grad=7.938 | tok/s=57,225 | tokens=1.13B
step= 34620 | loss=4.6794 | lr=2.96e-04 | wd=0.0092 | mom=0.9500 | T=2.2 k=1.0 (mu_rec=1 mu_bwd=1) | grad=2.266 | tok/s=55,772 | tokens=1.13B
step= 34630 | loss=4.7216 | lr=2.96e-04 | wd=0.0092 | mom=0.9500 | T=1.5 k=1.0 (mu_rec=1 mu_bwd=1) | grad=3.031 | tok/s=57,089 | tokens=1.13B
step= 34640 | loss=4.5196 | lr=2.96e-04 | wd=0.0092 | mom=0.9500 | T=1.2 k=1.0 (mu_rec=1 mu_bwd=1) | grad=3.812 | tok/s=58,289 | tokens=1.14B
step= 34650 | loss=4.6608 | lr=2.95e-04 | wd=0.0092 | mom=0.9500 | T=1.0 k=1.0 (mu_rec=1 mu_bwd=1) | grad=5.906 | tok/s=58,508 | tokens=1.14B
step= 34660 | loss=4.6070 | lr=2.95e-04 | wd=0.0091 | mom=0.9500 | T=1.0 k=1.0 (mu_rec=1 mu_bwd=1) | grad=2.422 | tok/s=54,294 | tokens=1.14B
step= 34670 | loss=4.6819 | lr=2.95e-04 | wd=0.0091 | mom=0.9500 | T=2.8 k=1.0 (mu_rec=1 mu_bwd=1) | grad=1.398 | tok/s=51,747 | tokens=1.14B
step= 34680 | loss=4.6665 | lr=2.95e-04 | wd=0.0091 | mom=0.9500 | T=1.8 k=1.0 (mu_rec=1 mu_bwd=1) | grad=3.828 | tok/s=56,949 | tokens=1.14B
step= 34690 | loss=4.7413 | lr=2.94e-04 | wd=0.0091 | mom=0.9500 | T=1.0 k=1.0 (mu_rec=1 mu_bwd=1) | grad=4.344 | tok/s=55,634 | tokens=1.14B
step= 34700 | loss=4.5951 | lr=2.94e-04 | wd=0.0090 | mom=0.9500 | T=1.0 k=1.0 (mu_rec=1 mu_bwd=1) | grad=5.625 | tok/s=58,279 | tokens=1.14B
step= 34710 | loss=4.6439 | lr=2.94e-04 | wd=0.0090 | mom=0.9500 | T=1.5 k=1.0 (mu_rec=1 mu_bwd=1) | grad=3.469 | tok/s=54,925 | tokens=1.14B
step= 34720 | loss=4.6478 | lr=2.93e-04 | wd=0.0090 | mom=0.9500 | T=1.0 k=1.0 (mu_rec=1 mu_bwd=1) | grad=4.438 | tok/s=8,474 | tokens=1.14B
step= 34730 | loss=4.7170 | lr=2.93e-04 | wd=0.0090 | mom=0.9500 | T=1.2 k=1.0 (mu_rec=1 mu_bwd=1) | grad=2.516 | tok/s=53,140 | tokens=1.14B
step= 34740 | loss=4.7016 | lr=2.92e-04 | wd=0.0089 | mom=0.9500 | T=1.2 k=1.0 (mu_rec=1 mu_bwd=1) | grad=2.703 | tok/s=57,467 | tokens=1.14B
step= 34750 | loss=4.6489 | lr=2.92e-04 | wd=0.0089 | mom=0.9500 | T=1.2 k=1.0 (mu_rec=1 mu_bwd=1) | grad=3.359 | tok/s=57,144 | tokens=1.14B
step= 34760 | loss=4.4941 | lr=2.92e-04 | wd=0.0089 | mom=0.9500 | T=2.5 k=1.0 (mu_rec=1 mu_bwd=1) | grad=2.344 | tok/s=53,286 | tokens=1.14B
step= 34770 | loss=4.7633 | lr=2.91e-04 | wd=0.0089 | mom=0.9500 | T=3.2 k=1.0 (mu_rec=1 mu_bwd=1) | grad=2.172 | tok/s=53,917 | tokens=1.14B
step= 34780 | loss=4.6461 | lr=2.91e-04 | wd=0.0088 | mom=0.9500 | T=2.0 k=1.0 (mu_rec=1 mu_bwd=1) | grad=2.375 | tok/s=56,646 | tokens=1.14B
step= 34790 | loss=4.5931 | lr=2.91e-04 | wd=0.0088 | mom=0.9500 | T=1.2 k=1.0 (mu_rec=1 mu_bwd=1) | grad=2.531 | tok/s=52,573 | tokens=1.14B
step= 34800 | loss=4.4336 | lr=2.90e-04 | wd=0.0088 | mom=0.9500 | T=1.5 k=1.0 (mu_rec=1 mu_bwd=1) | grad=2.156 | tok/s=56,494 | tokens=1.14B
step= 34810 | loss=4.6232 | lr=2.90e-04 | wd=0.0087 | mom=0.9500 | T=2.0 k=1.0 (mu_rec=1 mu_bwd=1) | grad=2.109 | tok/s=56,592 | tokens=1.14B
step= 34820 | loss=4.6216 | lr=2.89e-04 | wd=0.0087 | mom=0.9500 | T=1.0 k=1.0 (mu_rec=1 mu_bwd=1) | grad=2.781 | tok/s=62,051 | tokens=1.14B
step= 34830 | loss=4.6971 | lr=2.89e-04 | wd=0.0087 | mom=0.9500 | T=1.8 k=1.0 (mu_rec=1 mu_bwd=1) | grad=2.812 | tok/s=59,132 | tokens=1.14B
step= 34840 | loss=4.6955 | lr=2.88e-04 | wd=0.0087 | mom=0.9500 | T=1.2 k=1.0 (mu_rec=1 mu_bwd=1) | grad=2.531 | tok/s=56,756 | tokens=1.14B
step= 34850 | loss=4.6402 | lr=2.88e-04 | wd=0.0086 | mom=0.9500 | T=1.5 k=1.0 (mu_rec=1 mu_bwd=1) | grad=2.953 | tok/s=57,359 | tokens=1.14B
step= 34860 | loss=4.9305 | lr=2.87e-04 | wd=0.0086 | mom=0.9500 | T=1.5 k=1.0 (mu_rec=1 mu_bwd=1) | grad=2.422 | tok/s=53,226 | tokens=1.14B
step= 34870 | loss=4.7636 | lr=2.87e-04 | wd=0.0086 | mom=0.9500 | T=1.8 k=1.0 (mu_rec=1 mu_bwd=1) | grad=4.406 | tok/s=8,347 | tokens=1.14B
step= 34880 | loss=4.8623 | lr=2.87e-04 | wd=0.0086 | mom=0.9500 | T=2.5 k=1.0 (mu_rec=1 mu_bwd=1) | grad=2.766 | tok/s=56,063 | tokens=1.14B
step= 34890 | loss=4.7035 | lr=2.86e-04 | wd=0.0085 | mom=0.9500 | T=1.2 k=1.0 (mu_rec=1 mu_bwd=1) | grad=3.109 | tok/s=55,993 | tokens=1.14B
step= 34900 | loss=4.5740 | lr=2.86e-04 | wd=0.0085 | mom=0.9500 | T=1.5 k=1.0 (mu_rec=1 mu_bwd=1) | grad=3.156 | tok/s=55,265 | tokens=1.14B
step= 34910 | loss=4.7102 | lr=2.85e-04 | wd=0.0085 | mom=0.9500 | T=1.0 k=1.0 (mu_rec=1 mu_bwd=1) | grad=3.328 | tok/s=56,867 | tokens=1.14B
step= 34920 | loss=4.7755 | lr=2.85e-04 | wd=0.0085 | mom=0.9500 | T=1.5 k=1.0 (mu_rec=1 mu_bwd=1) | grad=2.328 | tok/s=56,757 | tokens=1.14B
step= 34930 | loss=4.6165 | lr=2.84e-04 | wd=0.0084 | mom=0.9500 | T=1.2 k=1.0 (mu_rec=1 mu_bwd=1) | grad=11.562 | tok/s=55,788 | tokens=1.14B
step= 34940 | loss=4.9899 | lr=2.83e-04 | wd=0.0084 | mom=0.9500 | T=1.8 k=1.0 (mu_rec=1 mu_bwd=1) | grad=3.078 | tok/s=56,357 | tokens=1.14B
step= 34950 | loss=4.9394 | lr=2.83e-04 | wd=0.0084 | mom=0.9500 | T=1.0 k=1.0 (mu_rec=1 mu_bwd=1) | grad=4.312 | tok/s=62,427 | tokens=1.15B
step= 34960 | loss=4.7973 | lr=2.82e-04 | wd=0.0084 | mom=0.9500 | T=1.8 k=1.0 (mu_rec=1 mu_bwd=1) | grad=3.375 | tok/s=53,769 | tokens=1.15B
step= 34970 | loss=4.9044 | lr=2.82e-04 | wd=0.0083 | mom=0.9500 | T=1.0 k=1.0 (mu_rec=1 mu_bwd=1) | grad=3.672 | tok/s=55,970 | tokens=1.15B
step= 34980 | loss=4.9777 | lr=2.81e-04 | wd=0.0083 | mom=0.9500 | T=1.8 k=1.0 (mu_rec=1 mu_bwd=1) | grad=3.141 | tok/s=54,996 | tokens=1.15B
step= 34990 | loss=4.5519 | lr=2.81e-04 | wd=0.0083 | mom=0.9500 | T=1.2 k=1.0 (mu_rec=1 mu_bwd=1) | grad=3.938 | tok/s=55,765 | tokens=1.15B
step= 35000 | loss=4.7120 | lr=2.80e-04 | wd=0.0082 | mom=0.9500 | T=2.0 k=1.0 (mu_rec=1 mu_bwd=1) | grad=2.312 | tok/s=53,058 | tokens=1.15B
step= 35010 | loss=4.5880 | lr=2.80e-04 | wd=0.0082 | mom=0.9500 | T=1.2 k=1.0 (mu_rec=1 mu_bwd=1) | grad=3.094 | tok/s=56,339 | tokens=1.15B
step= 35020 | loss=4.5177 | lr=2.79e-04 | wd=0.0082 | mom=0.9500 | T=1.2 k=1.0 (mu_rec=1 mu_bwd=1) | grad=2.766 | tok/s=54,415 | tokens=1.15B
step= 35030 | loss=4.6423 | lr=2.78e-04 | wd=0.0082 | mom=0.9500 | T=2.8 k=1.0 (mu_rec=1 mu_bwd=1) | grad=2.438 | tok/s=55,194 | tokens=1.15B
step= 35040 | loss=4.6981 | lr=2.78e-04 | wd=0.0081 | mom=0.9500 | T=1.2 k=1.0 (mu_rec=1 mu_bwd=1) | grad=2.500 | tok/s=55,624 | tokens=1.15B
step= 35050 | loss=4.4802 | lr=2.77e-04 | wd=0.0081 | mom=0.9500 | T=1.0 k=1.0 (mu_rec=1 mu_bwd=1) | grad=6.344 | tok/s=55,159 | tokens=1.15B
step= 35060 | loss=4.6326 | lr=2.77e-04 | wd=0.0081 | mom=0.9500 | T=1.0 k=1.0 (mu_rec=1 mu_bwd=1) | grad=2.766 | tok/s=57,358 | tokens=1.15B
step= 35070 | loss=4.5368 | lr=2.76e-04 | wd=0.0081 | mom=0.9500 | T=1.0 k=1.0 (mu_rec=1 mu_bwd=1) | grad=2.984 | tok/s=54,569 | tokens=1.15B
step= 35080 | loss=5.1419 | lr=2.75e-04 | wd=0.0080 | mom=0.9500 | T=1.8 k=1.0 (mu_rec=1 mu_bwd=1) | grad=3.359 | tok/s=53,959 | tokens=1.15B
step= 35090 | loss=4.6889 | lr=2.75e-04 | wd=0.0080 | mom=0.9500 | T=1.8 k=1.0 (mu_rec=1 mu_bwd=1) | grad=2.344 | tok/s=55,808 | tokens=1.15B
step= 35100 | loss=4.8868 | lr=2.74e-04 | wd=0.0080 | mom=0.9500 | T=1.2 k=1.0 (mu_rec=1 mu_bwd=1) | grad=2.938 | tok/s=60,989 | tokens=1.15B
step= 35110 | loss=4.6122 | lr=2.73e-04 | wd=0.0080 | mom=0.9500 | T=2.0 k=1.0 (mu_rec=1 mu_bwd=1) | grad=2.391 | tok/s=54,008 | tokens=1.15B
step= 35120 | loss=4.4780 | lr=2.73e-04 | wd=0.0079 | mom=0.9500 | T=1.0 k=1.0 (mu_rec=1 mu_bwd=1) | grad=3.219 | tok/s=57,494 | tokens=1.15B
step= 35130 | loss=4.8052 | lr=2.72e-04 | wd=0.0079 | mom=0.9500 | T=1.5 k=1.0 (mu_rec=1 mu_bwd=1) | grad=2.672 | tok/s=54,880 | tokens=1.15B
step= 35140 | loss=4.5866 | lr=2.71e-04 | wd=0.0079 | mom=0.9500 | T=1.8 k=1.0 (mu_rec=1 mu_bwd=1) | grad=2.891 | tok/s=55,871 | tokens=1.15B
step= 35150 | loss=4.6683 | lr=2.71e-04 | wd=0.0079 | mom=0.9500 | T=1.0 k=1.0 (mu_rec=1 mu_bwd=1) | grad=2.734 | tok/s=57,545 | tokens=1.15B
step= 35160 | loss=4.7643 | lr=2.70e-04 | wd=0.0078 | mom=0.9500 | T=2.5 k=1.0 (mu_rec=1 mu_bwd=1) | grad=1.945 | tok/s=53,944 | tokens=1.15B
step= 35170 | loss=4.8623 | lr=2.69e-04 | wd=0.0078 | mom=0.9500 | T=1.0 k=1.0 (mu_rec=1 mu_bwd=1) | grad=5.031 | tok/s=58,919 | tokens=1.15B
step= 35180 | loss=4.8851 | lr=2.68e-04 | wd=0.0078 | mom=0.9500 | T=1.8 k=1.0 (mu_rec=1 mu_bwd=1) | grad=2.766 | tok/s=54,006 | tokens=1.15B
step= 35190 | loss=5.2608 | lr=2.68e-04 | wd=0.0078 | mom=0.9500 | T=1.2 k=1.0 (mu_rec=1 mu_bwd=1) | grad=2.203 | tok/s=55,580 | tokens=1.15B
step= 35200 | loss=4.9191 | lr=2.67e-04 | wd=0.0077 | mom=0.9500 | T=1.8 k=1.0 (mu_rec=1 mu_bwd=1) | grad=2.406 | tok/s=54,651 | tokens=1.15B
step= 35210 | loss=4.8481 | lr=2.66e-04 | wd=0.0077 | mom=0.9500 | T=1.2 k=1.0 (mu_rec=1 mu_bwd=1) | grad=2.547 | tok/s=57,730 | tokens=1.15B
step= 35220 | loss=4.5506 | lr=2.66e-04 | wd=0.0077 | mom=0.9500 | T=1.2 k=1.0 (mu_rec=1 mu_bwd=1) | grad=3.812 | tok/s=54,992 | tokens=1.15B
step= 35230 | loss=4.7664 | lr=2.65e-04 | wd=0.0076 | mom=0.9500 | T=1.0 k=1.0 (mu_rec=1 mu_bwd=1) | grad=3.281 | tok/s=55,319 | tokens=1.15B
step= 35240 | loss=4.4858 | lr=2.64e-04 | wd=0.0076 | mom=0.9500 | T=2.2 k=1.0 (mu_rec=1 mu_bwd=1) | grad=2.797 | tok/s=52,655 | tokens=1.15B
step= 35250 | loss=4.5892 | lr=2.63e-04 | wd=0.0076 | mom=0.9500 | T=1.0 k=1.0 (mu_rec=1 mu_bwd=1) | grad=3.125 | tok/s=58,791 | tokens=1.16B
step= 35260 | loss=4.7004 | lr=2.63e-04 | wd=0.0076 | mom=0.9500 | T=1.2 k=1.0 (mu_rec=1 mu_bwd=1) | grad=3.188 | tok/s=59,352 | tokens=1.16B
step= 35270 | loss=4.6261 | lr=2.62e-04 | wd=0.0075 | mom=0.9500 | T=1.2 k=1.0 (mu_rec=1 mu_bwd=1) | grad=3.875 | tok/s=57,520 | tokens=1.16B
step= 35280 | loss=4.8492 | lr=2.61e-04 | wd=0.0075 | mom=0.9500 | T=1.0 k=1.0 (mu_rec=1 mu_bwd=1) | grad=3.703 | tok/s=59,245 | tokens=1.16B
step= 35290 | loss=4.8845 | lr=2.60e-04 | wd=0.0075 | mom=0.9500 | T=1.2 k=1.0 (mu_rec=1 mu_bwd=1) | grad=4.844 | tok/s=55,223 | tokens=1.16B
step= 35300 | loss=4.9862 | lr=2.59e-04 | wd=0.0075 | mom=0.9500 | T=1.2 k=1.0 (mu_rec=1 mu_bwd=1) | grad=3.672 | tok/s=57,488 | tokens=1.16B
step= 35310 | loss=4.6635 | lr=2.59e-04 | wd=0.0074 | mom=0.9500 | T=1.8 k=1.0 (mu_rec=1 mu_bwd=1) | grad=2.750 | tok/s=55,855 | tokens=1.16B
step= 35320 | loss=4.7356 | lr=2.58e-04 | wd=0.0074 | mom=0.9500 | T=2.0 k=1.0 (mu_rec=1 mu_bwd=1) | grad=4.156 | tok/s=57,694 | tokens=1.16B
step= 35330 | loss=4.6465 | lr=2.57e-04 | wd=0.0074 | mom=0.9500 | T=1.0 k=1.0 (mu_rec=1 mu_bwd=1) | grad=4.406 | tok/s=55,187 | tokens=1.16B
step= 35340 | loss=4.5095 | lr=2.56e-04 | wd=0.0074 | mom=0.9500 | T=2.0 k=1.0 (mu_rec=1 mu_bwd=1) | grad=3.656 | tok/s=57,823 | tokens=1.16B
step= 35350 | loss=4.4060 | lr=2.55e-04 | wd=0.0073 | mom=0.9500 | T=1.2 k=1.0 (mu_rec=1 mu_bwd=1) | grad=2.547 | tok/s=56,029 | tokens=1.16B
step= 35360 | loss=4.6063 | lr=2.55e-04 | wd=0.0073 | mom=0.9500 | T=2.8 k=1.0 (mu_rec=1 mu_bwd=1) | grad=2.219 | tok/s=54,294 | tokens=1.16B
step= 35370 | loss=4.6909 | lr=2.54e-04 | wd=0.0073 | mom=0.9500 | T=1.8 k=1.0 (mu_rec=1 mu_bwd=1) | grad=3.281 | tok/s=55,724 | tokens=1.16B
step= 35380 | loss=5.0206 | lr=2.53e-04 | wd=0.0073 | mom=0.9500 | T=1.2 k=1.0 (mu_rec=1 mu_bwd=1) | grad=4.750 | tok/s=54,766 | tokens=1.16B
step= 35390 | loss=4.8232 | lr=2.52e-04 | wd=0.0072 | mom=0.9500 | T=1.2 k=1.0 (mu_rec=1 mu_bwd=1) | grad=2.438 | tok/s=56,454 | tokens=1.16B
step= 35400 | loss=4.8841 | lr=2.51e-04 | wd=0.0072 | mom=0.9500 | T=1.5 k=1.0 (mu_rec=1 mu_bwd=1) | grad=2.922 | tok/s=55,554 | tokens=1.16B
step= 35410 | loss=4.7840 | lr=2.50e-04 | wd=0.0072 | mom=0.9500 | T=1.8 k=1.0 (mu_rec=1 mu_bwd=1) | grad=3.188 | tok/s=54,387 | tokens=1.16B
step= 35420 | loss=4.6239 | lr=2.49e-04 | wd=0.0071 | mom=0.9500 | T=1.5 k=1.0 (mu_rec=1 mu_bwd=1) | grad=2.438 | tok/s=53,650 | tokens=1.16B
step= 35430 | loss=4.7159 | lr=2.49e-04 | wd=0.0071 | mom=0.9500 | T=1.0 k=1.0 (mu_rec=1 mu_bwd=1) | grad=3.781 | tok/s=50,634 | tokens=1.16B
step= 35440 | loss=4.6680 | lr=2.48e-04 | wd=0.0071 | mom=0.9500 | T=1.2 k=1.0 (mu_rec=1 mu_bwd=1) | grad=2.422 | tok/s=56,477 | tokens=1.16B
step= 35450 | loss=4.6121 | lr=2.47e-04 | wd=0.0071 | mom=0.9500 | T=1.2 k=1.0 (mu_rec=1 mu_bwd=1) | grad=2.734 | tok/s=55,295 | tokens=1.16B
step= 35460 | loss=4.5415 | lr=2.46e-04 | wd=0.0070 | mom=0.9500 | T=1.0 k=1.0 (mu_rec=1 mu_bwd=1) | grad=3.750 | tok/s=54,497 | tokens=1.16B
step= 35470 | loss=4.6621 | lr=2.45e-04 | wd=0.0070 | mom=0.9500 | T=1.2 k=1.0 (mu_rec=1 mu_bwd=1) | grad=2.875 | tok/s=57,266 | tokens=1.16B
step= 35480 | loss=4.6984 | lr=2.44e-04 | wd=0.0070 | mom=0.9500 | T=2.0 k=1.0 (mu_rec=1 mu_bwd=1) | grad=2.328 | tok/s=57,134 | tokens=1.16B
step= 35490 | loss=4.6833 | lr=2.43e-04 | wd=0.0070 | mom=0.9500 | T=2.0 k=1.0 (mu_rec=1 mu_bwd=1) | grad=2.125 | tok/s=54,817 | tokens=1.16B
step= 35500 | loss=4.6139 | lr=2.42e-04 | wd=0.0069 | mom=0.9500 | T=1.0 k=1.0 (mu_rec=1 mu_bwd=1) | grad=5.094 | tok/s=59,021 | tokens=1.16B
step= 35510 | loss=4.5348 | lr=2.41e-04 | wd=0.0069 | mom=0.9500 | T=1.2 k=1.0 (mu_rec=1 mu_bwd=1) | grad=4.219 | tok/s=54,751 | tokens=1.16B
step= 35520 | loss=4.6351 | lr=2.40e-04 | wd=0.0069 | mom=0.9500 | T=1.2 k=1.0 (mu_rec=1 mu_bwd=1) | grad=2.266 | tok/s=53,851 | tokens=1.16B
step= 35530 | loss=4.6306 | lr=2.40e-04 | wd=0.0069 | mom=0.9500 | T=1.0 k=1.0 (mu_rec=1 mu_bwd=1) | grad=2.562 | tok/s=57,691 | tokens=1.16B
step= 35540 | loss=4.7124 | lr=2.39e-04 | wd=0.0068 | mom=0.9500 | T=1.2 k=1.0 (mu_rec=1 mu_bwd=1) | grad=3.000 | tok/s=56,644 | tokens=1.16B
step= 35550 | loss=4.6368 | lr=2.38e-04 | wd=0.0068 | mom=0.9500 | T=1.2 k=1.0 (mu_rec=1 mu_bwd=1) | grad=3.203 | tok/s=54,379 | tokens=1.16B
step= 35560 | loss=4.6390 | lr=2.37e-04 | wd=0.0068 | mom=0.9500 | T=2.5 k=1.0 (mu_rec=1 mu_bwd=1) | grad=2.016 | tok/s=9,055 | tokens=1.17B
step= 35570 | loss=4.7528 | lr=2.36e-04 | wd=0.0068 | mom=0.9500 | T=1.8 k=1.0 (mu_rec=1 mu_bwd=1) | grad=8.438 | tok/s=58,500 | tokens=1.17B
step= 35580 | loss=4.7036 | lr=2.35e-04 | wd=0.0067 | mom=0.9500 | T=1.2 k=1.0 (mu_rec=1 mu_bwd=1) | grad=3.484 | tok/s=58,775 | tokens=1.17B
step= 35590 | loss=4.5209 | lr=2.34e-04 | wd=0.0067 | mom=0.9500 | T=1.2 k=1.0 (mu_rec=1 mu_bwd=1) | grad=3.062 | tok/s=56,422 | tokens=1.17B
step= 35600 | loss=4.4603 | lr=2.33e-04 | wd=0.0067 | mom=0.9500 | T=1.5 k=1.0 (mu_rec=1 mu_bwd=1) | grad=2.906 | tok/s=56,532 | tokens=1.17B
step= 35610 | loss=4.5203 | lr=2.32e-04 | wd=0.0067 | mom=0.9500 | T=1.2 k=1.0 (mu_rec=1 mu_bwd=1) | grad=2.312 | tok/s=56,765 | tokens=1.17B
step= 35620 | loss=4.7016 | lr=2.31e-04 | wd=0.0066 | mom=0.9500 | T=1.5 k=1.0 (mu_rec=1 mu_bwd=1) | grad=4.656 | tok/s=56,638 | tokens=1.17B
step= 35630 | loss=4.6151 | lr=2.30e-04 | wd=0.0066 | mom=0.9500 | T=1.0 k=1.0 (mu_rec=1 mu_bwd=1) | grad=2.688 | tok/s=56,054 | tokens=1.17B
step= 35640 | loss=4.7193 | lr=2.29e-04 | wd=0.0066 | mom=0.9500 | T=1.0 k=1.0 (mu_rec=1 mu_bwd=1) | grad=6.000 | tok/s=58,491 | tokens=1.17B
step= 35650 | loss=4.6625 | lr=2.28e-04 | wd=0.0065 | mom=0.9500 | T=1.0 k=1.0 (mu_rec=1 mu_bwd=1) | grad=2.938 | tok/s=52,742 | tokens=1.17B
step= 35660 | loss=4.7058 | lr=2.27e-04 | wd=0.0065 | mom=0.9500 | T=2.2 k=1.0 (mu_rec=1 mu_bwd=1) | grad=1.625 | tok/s=54,425 | tokens=1.17B
step= 35670 | loss=4.4875 | lr=2.26e-04 | wd=0.0065 | mom=0.9500 | T=1.5 k=1.0 (mu_rec=1 mu_bwd=1) | grad=3.031 | tok/s=55,547 | tokens=1.17B
step= 35680 | loss=4.7957 | lr=2.25e-04 | wd=0.0065 | mom=0.9500 | T=1.8 k=1.0 (mu_rec=1 mu_bwd=1) | grad=3.266 | tok/s=54,934 | tokens=1.17B
step= 35690 | loss=4.7497 | lr=2.24e-04 | wd=0.0064 | mom=0.9500 | T=1.0 k=1.0 (mu_rec=1 mu_bwd=1) | grad=3.172 | tok/s=59,382 | tokens=1.17B
step= 35700 | loss=4.6083 | lr=2.23e-04 | wd=0.0064 | mom=0.9500 | T=2.2 k=1.0 (mu_rec=1 mu_bwd=1) | grad=1.844 | tok/s=54,309 | tokens=1.17B
step= 35710 | loss=4.5611 | lr=2.22e-04 | wd=0.0064 | mom=0.9500 | T=1.5 k=1.0 (mu_rec=1 mu_bwd=1) | grad=2.938 | tok/s=57,113 | tokens=1.17B
step= 35720 | loss=4.5319 | lr=2.21e-04 | wd=0.0064 | mom=0.9500 | T=1.8 k=1.0 (mu_rec=1 mu_bwd=1) | grad=3.188 | tok/s=54,318 | tokens=1.17B
step= 35730 | loss=4.4666 | lr=2.20e-04 | wd=0.0063 | mom=0.9500 | T=1.2 k=1.0 (mu_rec=1 mu_bwd=1) | grad=2.844 | tok/s=52,839 | tokens=1.17B
step= 35740 | loss=4.6594 | lr=2.19e-04 | wd=0.0063 | mom=0.9500 | T=2.5 k=1.0 (mu_rec=1 mu_bwd=1) | grad=1.531 | tok/s=53,763 | tokens=1.17B
step= 35750 | loss=4.5269 | lr=2.18e-04 | wd=0.0063 | mom=0.9500 | T=1.2 k=1.0 (mu_rec=1 mu_bwd=1) | grad=6.312 | tok/s=58,882 | tokens=1.17B
step= 35760 | loss=4.5381 | lr=2.17e-04 | wd=0.0063 | mom=0.9500 | T=1.0 k=1.0 (mu_rec=1 mu_bwd=1) | grad=4.562 | tok/s=55,619 | tokens=1.17B
step= 35770 | loss=4.7224 | lr=2.16e-04 | wd=0.0062 | mom=0.9500 | T=1.5 k=1.0 (mu_rec=1 mu_bwd=1) | grad=2.688 | tok/s=55,475 | tokens=1.17B
step= 35780 | loss=4.5260 | lr=2.15e-04 | wd=0.0062 | mom=0.9500 | T=1.0 k=1.0 (mu_rec=1 mu_bwd=1) | grad=2.594 | tok/s=55,157 | tokens=1.17B
step= 35790 | loss=4.4793 | lr=2.14e-04 | wd=0.0062 | mom=0.9500 | T=1.0 k=1.0 (mu_rec=1 mu_bwd=1) | grad=4.000 | tok/s=58,075 | tokens=1.17B
step= 35800 | loss=4.6455 | lr=2.13e-04 | wd=0.0062 | mom=0.9500 | T=1.0 k=1.0 (mu_rec=1 mu_bwd=1) | grad=2.266 | tok/s=9,555 | tokens=1.17B
step= 35810 | loss=4.4843 | lr=2.12e-04 | wd=0.0061 | mom=0.9500 | T=1.5 k=1.0 (mu_rec=1 mu_bwd=1) | grad=2.953 | tok/s=58,314 | tokens=1.17B
step= 35820 | loss=4.6509 | lr=2.11e-04 | wd=0.0061 | mom=0.9500 | T=2.2 k=1.0 (mu_rec=1 mu_bwd=1) | grad=4.406 | tok/s=56,201 | tokens=1.17B
step= 35830 | loss=4.3797 | lr=2.10e-04 | wd=0.0061 | mom=0.9500 | T=1.5 k=1.0 (mu_rec=1 mu_bwd=1) | grad=2.656 | tok/s=57,739 | tokens=1.17B
step= 35840 | loss=4.6075 | lr=2.09e-04 | wd=0.0060 | mom=0.9500 | T=1.5 k=1.0 (mu_rec=1 mu_bwd=1) | grad=2.719 | tok/s=52,555 | tokens=1.17B
step= 35850 | loss=4.7099 | lr=2.08e-04 | wd=0.0060 | mom=0.9500 | T=1.5 k=1.0 (mu_rec=1 mu_bwd=1) | grad=3.047 | tok/s=52,742 | tokens=1.17B
step= 35860 | loss=4.6035 | lr=2.07e-04 | wd=0.0060 | mom=0.9500 | T=1.2 k=1.0 (mu_rec=1 mu_bwd=1) | grad=4.594 | tok/s=54,735 | tokens=1.18B
step= 35870 | loss=4.6754 | lr=2.06e-04 | wd=0.0060 | mom=0.9500 | T=1.2 k=1.0 (mu_rec=1 mu_bwd=1) | grad=2.609 | tok/s=59,484 | tokens=1.18B
step= 35880 | loss=4.6471 | lr=2.04e-04 | wd=0.0059 | mom=0.9500 | T=2.0 k=1.0 (mu_rec=1 mu_bwd=1) | grad=2.438 | tok/s=54,140 | tokens=1.18B
step= 35890 | loss=4.4740 | lr=2.03e-04 | wd=0.0059 | mom=0.9500 | T=1.2 k=1.0 (mu_rec=1 mu_bwd=1) | grad=3.344 | tok/s=56,110 | tokens=1.18B
step= 35900 | loss=4.5348 | lr=2.02e-04 | wd=0.0059 | mom=0.9500 | T=1.0 k=1.0 (mu_rec=1 mu_bwd=1) | grad=3.922 | tok/s=57,187 | tokens=1.18B
step= 35910 | loss=4.4980 | lr=2.01e-04 | wd=0.0059 | mom=0.9500 | T=2.2 k=1.0 (mu_rec=1 mu_bwd=1) | grad=3.031 | tok/s=54,354 | tokens=1.18B
step= 35920 | loss=4.2785 | lr=2.00e-04 | wd=0.0058 | mom=0.9500 | T=2.2 k=1.0 (mu_rec=1 mu_bwd=1) | grad=2.938 | tok/s=55,750 | tokens=1.18B
step= 35930 | loss=4.5604 | lr=1.99e-04 | wd=0.0058 | mom=0.9500 | T=1.0 k=1.0 (mu_rec=1 mu_bwd=1) | grad=7.156 | tok/s=56,734 | tokens=1.18B
step= 35940 | loss=4.6139 | lr=1.98e-04 | wd=0.0058 | mom=0.9500 | T=1.2 k=1.0 (mu_rec=1 mu_bwd=1) | grad=2.906 | tok/s=56,853 | tokens=1.18B
step= 35950 | loss=4.6293 | lr=1.97e-04 | wd=0.0058 | mom=0.9500 | T=1.2 k=1.0 (mu_rec=1 mu_bwd=1) | grad=2.750 | tok/s=55,226 | tokens=1.18B
step= 35960 | loss=4.5217 | lr=1.96e-04 | wd=0.0057 | mom=0.9500 | T=1.5 k=1.0 (mu_rec=1 mu_bwd=1) | grad=2.719 | tok/s=54,698 | tokens=1.18B
step= 35970 | loss=4.8587 | lr=1.95e-04 | wd=0.0057 | mom=0.9500 | T=4.0 k=1.0 (mu_rec=1 mu_bwd=1) | grad=3.828 | tok/s=52,555 | tokens=1.18B
step= 35980 | loss=4.6111 | lr=1.94e-04 | wd=0.0057 | mom=0.9500 | T=1.0 k=1.0 (mu_rec=1 mu_bwd=1) | grad=5.250 | tok/s=55,730 | tokens=1.18B
step= 35990 | loss=4.4556 | lr=1.93e-04 | wd=0.0057 | mom=0.9500 | T=1.2 k=1.0 (mu_rec=1 mu_bwd=1) | grad=5.406 | tok/s=57,526 | tokens=1.18B
step= 36000 | loss=4.5649 | lr=1.92e-04 | wd=0.0056 | mom=0.9500 | T=2.8 k=1.0 (mu_rec=1 mu_bwd=1) | grad=1.906 | tok/s=55,043 | tokens=1.18B
step= 36010 | loss=4.7677 | lr=1.90e-04 | wd=0.0056 | mom=0.9500 | T=1.2 k=1.0 (mu_rec=1 mu_bwd=1) | grad=2.531 | tok/s=57,729 | tokens=1.18B
step= 36020 | loss=4.5082 | lr=1.89e-04 | wd=0.0056 | mom=0.9500 | T=1.0 k=1.0 (mu_rec=1 mu_bwd=1) | grad=4.156 | tok/s=59,783 | tokens=1.18B
step= 36030 | loss=4.6792 | lr=1.88e-04 | wd=0.0055 | mom=0.9500 | T=1.2 k=1.0 (mu_rec=1 mu_bwd=1) | grad=3.188 | tok/s=59,639 | tokens=1.18B
step= 36040 | loss=4.7167 | lr=1.87e-04 | wd=0.0055 | mom=0.9500 | T=1.0 k=1.0 (mu_rec=1 mu_bwd=1) | grad=3.562 | tok/s=57,637 | tokens=1.18B
step= 36050 | loss=4.6832 | lr=1.86e-04 | wd=0.0055 | mom=0.9500 | T=1.2 k=1.0 (mu_rec=1 mu_bwd=1) | grad=3.000 | tok/s=54,174 | tokens=1.18B
step= 36060 | loss=4.6910 | lr=1.85e-04 | wd=0.0055 | mom=0.9500 | T=1.2 k=1.0 (mu_rec=1 mu_bwd=1) | grad=2.328 | tok/s=55,515 | tokens=1.18B
step= 36070 | loss=4.5776 | lr=1.84e-04 | wd=0.0054 | mom=0.9500 | T=1.0 k=1.0 (mu_rec=1 mu_bwd=1) | grad=6.531 | tok/s=56,834 | tokens=1.18B
step= 36080 | loss=4.4919 | lr=1.83e-04 | wd=0.0054 | mom=0.9500 | T=1.5 k=1.0 (mu_rec=1 mu_bwd=1) | grad=2.688 | tok/s=52,764 | tokens=1.18B
step= 36090 | loss=4.5245 | lr=1.82e-04 | wd=0.0054 | mom=0.9500 | T=1.0 k=1.0 (mu_rec=1 mu_bwd=1) | grad=4.250 | tok/s=55,232 | tokens=1.18B
step= 36100 | loss=4.5343 | lr=1.81e-04 | wd=0.0054 | mom=0.9500 | T=1.5 k=1.0 (mu_rec=1 mu_bwd=1) | grad=4.938 | tok/s=53,791 | tokens=1.18B
step= 36110 | loss=4.5172 | lr=1.79e-04 | wd=0.0053 | mom=0.9500 | T=1.2 k=1.0 (mu_rec=1 mu_bwd=1) | grad=5.531 | tok/s=54,581 | tokens=1.18B
step= 36120 | loss=4.6431 | lr=1.78e-04 | wd=0.0053 | mom=0.9500 | T=1.5 k=1.0 (mu_rec=1 mu_bwd=1) | grad=5.500 | tok/s=56,962 | tokens=1.18B
step= 36130 | loss=4.5727 | lr=1.77e-04 | wd=0.0053 | mom=0.9500 | T=1.5 k=1.0 (mu_rec=1 mu_bwd=1) | grad=5.031 | tok/s=53,383 | tokens=1.18B
step= 36140 | loss=4.6976 | lr=1.76e-04 | wd=0.0053 | mom=0.9500 | T=1.2 k=1.0 (mu_rec=1 mu_bwd=1) | grad=3.000 | tok/s=54,621 | tokens=1.18B
step= 36150 | loss=4.5722 | lr=1.75e-04 | wd=0.0052 | mom=0.9500 | T=1.2 k=1.0 (mu_rec=1 mu_bwd=1) | grad=3.281 | tok/s=54,961 | tokens=1.18B
step= 36160 | loss=4.7411 | lr=1.74e-04 | wd=0.0052 | mom=0.9500 | T=1.5 k=1.0 (mu_rec=1 mu_bwd=1) | grad=3.234 | tok/s=56,377 | tokens=1.18B
step= 36170 | loss=4.7817 | lr=1.73e-04 | wd=0.0052 | mom=0.9500 | T=1.8 k=1.0 (mu_rec=1 mu_bwd=1) | grad=2.328 | tok/s=56,447 | tokens=1.19B
step= 36180 | loss=4.6784 | lr=1.72e-04 | wd=0.0052 | mom=0.9500 | T=1.5 k=1.0 (mu_rec=1 mu_bwd=1) | grad=2.266 | tok/s=52,895 | tokens=1.19B
step= 36190 | loss=4.5770 | lr=1.71e-04 | wd=0.0051 | mom=0.9500 | T=1.0 k=1.0 (mu_rec=1 mu_bwd=1) | grad=3.375 | tok/s=58,726 | tokens=1.19B
step= 36200 | loss=4.9929 | lr=1.69e-04 | wd=0.0051 | mom=0.9500 | T=1.2 k=1.0 (mu_rec=1 mu_bwd=1) | grad=10.062 | tok/s=53,308 | tokens=1.19B
step= 36210 | loss=4.5048 | lr=1.68e-04 | wd=0.0051 | mom=0.9500 | T=1.0 k=1.0 (mu_rec=1 mu_bwd=1) | grad=2.797 | tok/s=57,660 | tokens=1.19B
step= 36220 | loss=4.6866 | lr=1.67e-04 | wd=0.0051 | mom=0.9500 | T=1.2 k=1.0 (mu_rec=1 mu_bwd=1) | grad=2.547 | tok/s=54,627 | tokens=1.19B
step= 36230 | loss=4.7322 | lr=1.66e-04 | wd=0.0050 | mom=0.9500 | T=1.0 k=1.0 (mu_rec=1 mu_bwd=1) | grad=3.469 | tok/s=57,347 | tokens=1.19B
step= 36240 | loss=4.6615 | lr=1.65e-04 | wd=0.0050 | mom=0.9500 | T=1.5 k=1.0 (mu_rec=1 mu_bwd=1) | grad=2.266 | tok/s=54,709 | tokens=1.19B
step= 36250 | loss=4.5009 | lr=1.64e-04 | wd=0.0050 | mom=0.9500 | T=1.2 k=1.0 (mu_rec=1 mu_bwd=1) | grad=3.438 | tok/s=55,728 | tokens=1.19B
step= 36260 | loss=4.5380 | lr=1.63e-04 | wd=0.0049 | mom=0.9500 | T=1.0 k=1.0 (mu_rec=1 mu_bwd=1) | grad=2.484 | tok/s=55,175 | tokens=1.19B
step= 36270 | loss=4.7427 | lr=1.62e-04 | wd=0.0049 | mom=0.9500 | T=1.8 k=1.0 (mu_rec=1 mu_bwd=1) | grad=2.297 | tok/s=57,678 | tokens=1.19B
step= 36280 | loss=4.5024 | lr=1.61e-04 | wd=0.0049 | mom=0.9500 | T=1.0 k=1.0 (mu_rec=1 mu_bwd=1) | grad=2.516 | tok/s=56,316 | tokens=1.19B
step= 36290 | loss=4.6897 | lr=1.59e-04 | wd=0.0049 | mom=0.9500 | T=1.0 k=1.0 (mu_rec=1 mu_bwd=1) | grad=2.484 | tok/s=56,605 | tokens=1.19B
step= 36300 | loss=4.6624 | lr=1.58e-04 | wd=0.0048 | mom=0.9500 | T=1.2 k=1.0 (mu_rec=1 mu_bwd=1) | grad=3.266 | tok/s=57,033 | tokens=1.19B
step= 36310 | loss=4.7712 | lr=1.57e-04 | wd=0.0048 | mom=0.9500 | T=1.0 k=1.0 (mu_rec=1 mu_bwd=1) | grad=2.750 | tok/s=58,514 | tokens=1.19B
step= 36320 | loss=4.4951 | lr=1.56e-04 | wd=0.0048 | mom=0.9500 | T=1.0 k=1.0 (mu_rec=1 mu_bwd=1) | grad=7.969 | tok/s=58,783 | tokens=1.19B
step= 36330 | loss=4.5969 | lr=1.55e-04 | wd=0.0048 | mom=0.9500 | T=1.2 k=1.0 (mu_rec=1 mu_bwd=1) | grad=2.078 | tok/s=52,183 | tokens=1.19B
step= 36340 | loss=4.7768 | lr=1.54e-04 | wd=0.0047 | mom=0.9500 | T=1.0 k=1.0 (mu_rec=1 mu_bwd=1) | grad=3.078 | tok/s=57,301 | tokens=1.19B
step= 36350 | loss=4.9036 | lr=1.53e-04 | wd=0.0047 | mom=0.9500 | T=1.0 k=1.0 (mu_rec=1 mu_bwd=1) | grad=7.281 | tok/s=56,688 | tokens=1.19B
step= 36360 | loss=4.3910 | lr=1.52e-04 | wd=0.0047 | mom=0.9500 | T=1.8 k=1.0 (mu_rec=1 mu_bwd=1) | grad=1.820 | tok/s=54,885 | tokens=1.19B
step= 36370 | loss=4.5907 | lr=1.51e-04 | wd=0.0047 | mom=0.9500 | T=1.0 k=1.0 (mu_rec=1 mu_bwd=1) | grad=2.344 | tok/s=55,419 | tokens=1.19B
step= 36380 | loss=4.5194 | lr=1.49e-04 | wd=0.0046 | mom=0.9500 | T=1.0 k=1.0 (mu_rec=1 mu_bwd=1) | grad=4.906 | tok/s=8,582 | tokens=1.19B
step= 36390 | loss=4.6981 | lr=1.48e-04 | wd=0.0046 | mom=0.9500 | T=1.0 k=1.0 (mu_rec=1 mu_bwd=1) | grad=2.172 | tok/s=53,105 | tokens=1.19B
step= 36400 | loss=4.4435 | lr=1.47e-04 | wd=0.0046 | mom=0.9500 | T=1.0 k=1.0 (mu_rec=1 mu_bwd=1) | grad=5.844 | tok/s=59,856 | tokens=1.19B
step= 36410 | loss=4.8333 | lr=1.46e-04 | wd=0.0046 | mom=0.9500 | T=2.0 k=1.0 (mu_rec=1 mu_bwd=1) | grad=2.734 | tok/s=56,178 | tokens=1.19B
step= 36420 | loss=5.2091 | lr=1.45e-04 | wd=0.0045 | mom=0.9500 | T=2.0 k=1.0 (mu_rec=1 mu_bwd=1) | grad=2.812 | tok/s=55,882 | tokens=1.19B
step= 36430 | loss=4.7289 | lr=1.44e-04 | wd=0.0045 | mom=0.9500 | T=2.2 k=1.0 (mu_rec=1 mu_bwd=1) | grad=3.719 | tok/s=56,790 | tokens=1.19B
step= 36440 | loss=4.5227 | lr=1.43e-04 | wd=0.0045 | mom=0.9500 | T=1.0 k=1.0 (mu_rec=1 mu_bwd=1) | grad=2.875 | tok/s=56,607 | tokens=1.19B
step= 36450 | loss=4.5450 | lr=1.42e-04 | wd=0.0044 | mom=0.9500 | T=1.0 k=1.0 (mu_rec=1 mu_bwd=1) | grad=2.344 | tok/s=54,014 | tokens=1.19B
step= 36460 | loss=4.6065 | lr=1.41e-04 | wd=0.0044 | mom=0.9500 | T=1.5 k=1.0 (mu_rec=1 mu_bwd=1) | grad=13.188 | tok/s=54,284 | tokens=1.19B
step= 36470 | loss=4.8594 | lr=1.40e-04 | wd=0.0044 | mom=0.9500 | T=1.8 k=1.0 (mu_rec=1 mu_bwd=1) | grad=2.766 | tok/s=56,636 | tokens=1.20B
step= 36480 | loss=4.5983 | lr=1.38e-04 | wd=0.0044 | mom=0.9500 | T=1.5 k=1.0 (mu_rec=1 mu_bwd=1) | grad=2.969 | tok/s=53,465 | tokens=1.20B
step= 36490 | loss=4.5906 | lr=1.37e-04 | wd=0.0043 | mom=0.9500 | T=1.2 k=1.0 (mu_rec=1 mu_bwd=1) | grad=2.438 | tok/s=57,645 | tokens=1.20B
step= 36500 | loss=5.0017 | lr=1.36e-04 | wd=0.0043 | mom=0.9500 | T=1.0 k=1.0 (mu_rec=1 mu_bwd=1) | grad=5.844 | tok/s=59,039 | tokens=1.20B
step= 36510 | loss=4.5483 | lr=1.35e-04 | wd=0.0043 | mom=0.9500 | T=1.5 k=1.0 (mu_rec=1 mu_bwd=1) | grad=2.516 | tok/s=53,565 | tokens=1.20B
step= 36520 | loss=4.4937 | lr=1.34e-04 | wd=0.0043 | mom=0.9500 | T=1.2 k=1.0 (mu_rec=1 mu_bwd=1) | grad=6.000 | tok/s=56,401 | tokens=1.20B
step= 36530 | loss=4.3081 | lr=1.33e-04 | wd=0.0042 | mom=0.9500 | T=2.0 k=1.0 (mu_rec=1 mu_bwd=1) | grad=1.883 | tok/s=54,222 | tokens=1.20B
step= 36540 | loss=4.6337 | lr=1.32e-04 | wd=0.0042 | mom=0.9500 | T=2.8 k=1.0 (mu_rec=1 mu_bwd=1) | grad=2.859 | tok/s=52,132 | tokens=1.20Bwandb: updating run metadata
wandb: uploading history steps 3812-3813, summary, console lines 3816-3819; uploading output.log; uploading wandb-summary.json; uploading config.yaml
wandb: uploading data
wandb: 
wandb: Run history:
wandb: lti/contraction_factor ███▇▆▅▄▄▄▄▃▃▂▂▂▂▁▁▁▁▁▁▁▁▁▁▁▁▁▁▁▁▁▁▁▁▁▁▁▁
wandb:      lti/spectral_norm █▇▇▇▇█████▆▆▅▅▅▄▃▃▃▃▃▃▃▃▃▂▂▂▂▂▁▁▁▁▁▁▁▁▁▁
wandb:        train/grad_norm ▂▁▂▁▂▂▄▁▃▁▇▄▂▂▅▁▂▅▄▃▂▇▄▅▆▃▂▃▂▄▂█▅▄▃▅▃▆▃▂
wandb:             train/loss █▇█▇▆▅▅▆▅▅▅▄▄▅▄▄▃▄▃▃▄▃▃▃▃▂▄▃▃▂▂▃▂▁▂▂▂▄▁▂
wandb:               train/lr ████████████████████████████████████▇▃▂▁
wandb:           train/mean_T ▁▆▇▃▅▁▂▁▃▂▂▂▅█▁▅▁▃▂▁▃▂▁▂▂▁▃▁▆▁▁▂▁▃▃▁▄▆▃▂
wandb:           train/mean_k ▁▁▁▁▁▁▁▁▁▁▁▁▁▁▁▁▁▁▁▁▁▁▁▁▁▁▁▁▁▁▁▁▁▁▁▁▁▁▁▁
wandb:         train/momentum ▁▅██████████████████████████████████████
wandb:           train/mu_bwd ▁▁▁▁▁▁▁▁▁▁▁▁▁▁▁▁▁▁▁▁▁▁▁▁▁▁▁▁▁▁▁▁▁▁▁▁▁▁▁▁
wandb:           train/mu_rec ▁▁▁▁▁▁▁▁▁▁▁▁▁▁▁▁▁▁▁▁▁▁▁▁▁▁▁▁▁▁▁▁▁▁▁▁▁▁▁▁
wandb:                     +5 ...
wandb: 
wandb: Run summary:
wandb: lti/contraction_factor 0.42578
wandb:      lti/spectral_norm 0.42578
wandb:        train/grad_norm 3.40625
wandb:             train/loss 4.75257
wandb:               train/lr 3e-05
wandb:           train/mean_T 1.25
wandb:           train/mean_k 1
wandb:         train/momentum 0.95
wandb:           train/mu_bwd 1
wandb:           train/mu_rec 1
wandb:                     +5 ...
wandb: 
wandb: 🚀 View run pythia-5b at: https://wandb.ai/henryyjiang42-georgia-institute-of-technology/cortex-gpt/runs/sswmu8nk
wandb: ⭐️ View project at: https://wandb.ai/henryyjiang42-georgia-institute-of-technology/cortex-gpt
wandb: Synced 5 W&B file(s), 0 media file(s), 0 artifact file(s) and 0 other file(s)
wandb: Find logs at: runs/pythia-5b/wandb/run-20260604_233010-sswmu8nk/logs

step= 36550 | loss=4.5100 | lr=1.31e-04 | wd=0.0042 | mom=0.9500 | T=1.0 k=1.0 (mu_rec=1 mu_bwd=1) | grad=4.219 | tok/s=54,373 | tokens=1.20B
step= 36560 | loss=5.3284 | lr=1.30e-04 | wd=0.0042 | mom=0.9500 | T=1.2 k=1.0 (mu_rec=1 mu_bwd=1) | grad=4.281 | tok/s=53,220 | tokens=1.20B
step= 36570 | loss=4.7449 | lr=1.29e-04 | wd=0.0041 | mom=0.9500 | T=1.5 k=1.0 (mu_rec=1 mu_bwd=1) | grad=3.234 | tok/s=51,878 | tokens=1.20B
step= 36580 | loss=4.5616 | lr=1.28e-04 | wd=0.0041 | mom=0.9500 | T=1.2 k=1.0 (mu_rec=1 mu_bwd=1) | grad=2.656 | tok/s=52,820 | tokens=1.20B
step= 36590 | loss=4.4159 | lr=1.27e-04 | wd=0.0041 | mom=0.9500 | T=2.0 k=1.0 (mu_rec=1 mu_bwd=1) | grad=2.953 | tok/s=57,498 | tokens=1.20B
step= 36600 | loss=4.3885 | lr=1.26e-04 | wd=0.0041 | mom=0.9500 | T=1.0 k=1.0 (mu_rec=1 mu_bwd=1) | grad=3.406 | tok/s=8,904 | tokens=1.20B
step= 36610 | loss=4.5502 | lr=1.24e-04 | wd=0.0040 | mom=0.9500 | T=1.2 k=1.0 (mu_rec=1 mu_bwd=1) | grad=3.438 | tok/s=54,821 | tokens=1.20B
step= 36620 | loss=4.2348 | lr=1.23e-04 | wd=0.0040 | mom=0.9500 | T=1.5 k=1.0 (mu_rec=1 mu_bwd=1) | grad=2.016 | tok/s=55,497 | tokens=1.20B
step= 36630 | loss=4.3202 | lr=1.22e-04 | wd=0.0040 | mom=0.9500 | T=1.2 k=1.0 (mu_rec=1 mu_bwd=1) | grad=2.484 | tok/s=57,478 | tokens=1.20B
step= 36640 | loss=4.6545 | lr=1.21e-04 | wd=0.0040 | mom=0.9500 | T=1.2 k=1.0 (mu_rec=1 mu_bwd=1) | grad=7.344 | tok/s=54,468 | tokens=1.20B
step= 36650 | loss=4.6288 | lr=1.20e-04 | wd=0.0039 | mom=0.9500 | T=1.2 k=1.0 (mu_rec=1 mu_bwd=1) | grad=2.188 | tok/s=58,770 | tokens=1.20B
step= 36660 | loss=4.5981 | lr=1.19e-04 | wd=0.0039 | mom=0.9500 | T=1.8 k=1.0 (mu_rec=1 mu_bwd=1) | grad=2.125 | tok/s=60,973 | tokens=1.20B
step= 36670 | loss=4.6512 | lr=1.18e-04 | wd=0.0039 | mom=0.9500 | T=1.8 k=1.0 (mu_rec=1 mu_bwd=1) | grad=4.594 | tok/s=54,221 | tokens=1.20B
step= 36680 | loss=4.7417 | lr=1.17e-04 | wd=0.0038 | mom=0.9500 | T=1.2 k=1.0 (mu_rec=1 mu_bwd=1) | grad=2.594 | tok/s=53,259 | tokens=1.20B
step= 36690 | loss=4.7144 | lr=1.16e-04 | wd=0.0038 | mom=0.9500 | T=1.0 k=1.0 (mu_rec=1 mu_bwd=1) | grad=3.781 | tok/s=56,796 | tokens=1.20B
step= 36700 | loss=4.5717 | lr=1.15e-04 | wd=0.0038 | mom=0.9500 | T=2.0 k=1.0 (mu_rec=1 mu_bwd=1) | grad=5.312 | tok/s=52,584 | tokens=1.20B
step= 36710 | loss=4.4537 | lr=1.14e-04 | wd=0.0038 | mom=0.9500 | T=2.2 k=1.0 (mu_rec=1 mu_bwd=1) | grad=2.922 | tok/s=52,729 | tokens=1.20B
step= 36720 | loss=4.5300 | lr=1.13e-04 | wd=0.0037 | mom=0.9500 | T=1.2 k=1.0 (mu_rec=1 mu_bwd=1) | grad=2.750 | tok/s=60,739 | tokens=1.20B
step= 36730 | loss=4.5064 | lr=1.12e-04 | wd=0.0037 | mom=0.9500 | T=1.5 k=1.0 (mu_rec=1 mu_bwd=1) | grad=2.656 | tok/s=52,586 | tokens=1.20B
step= 36740 | loss=4.5463 | lr=1.11e-04 | wd=0.0037 | mom=0.9500 | T=2.0 k=1.0 (mu_rec=1 mu_bwd=1) | grad=1.773 | tok/s=55,826 | tokens=1.20B
step= 36750 | loss=4.5585 | lr=1.10e-04 | wd=0.0037 | mom=0.9500 | T=1.0 k=1.0 (mu_rec=1 mu_bwd=1) | grad=5.719 | tok/s=55,837 | tokens=1.20B
step= 36760 | loss=4.5820 | lr=1.09e-04 | wd=0.0036 | mom=0.9500 | T=1.0 k=1.0 (mu_rec=1 mu_bwd=1) | grad=3.359 | tok/s=56,049 | tokens=1.20B
step= 36770 | loss=4.4496 | lr=1.08e-04 | wd=0.0036 | mom=0.9500 | T=1.2 k=1.0 (mu_rec=1 mu_bwd=1) | grad=12.125 | tok/s=56,630 | tokens=1.20B
step= 36780 | loss=4.4448 | lr=1.07e-04 | wd=0.0036 | mom=0.9500 | T=1.0 k=1.0 (mu_rec=1 mu_bwd=1) | grad=2.562 | tok/s=55,458 | tokens=1.21B
step= 36790 | loss=4.5493 | lr=1.06e-04 | wd=0.0036 | mom=0.9500 | T=1.0 k=1.0 (mu_rec=1 mu_bwd=1) | grad=2.531 | tok/s=54,521 | tokens=1.21B
step= 36800 | loss=4.4649 | lr=1.05e-04 | wd=0.0035 | mom=0.9500 | T=3.2 k=1.0 (mu_rec=1 mu_bwd=1) | grad=1.828 | tok/s=54,142 | tokens=1.21B
step= 36810 | loss=4.6772 | lr=1.04e-04 | wd=0.0035 | mom=0.9500 | T=1.0 k=1.0 (mu_rec=1 mu_bwd=1) | grad=3.188 | tok/s=57,088 | tokens=1.21B
step= 36820 | loss=4.5430 | lr=1.03e-04 | wd=0.0035 | mom=0.9500 | T=1.0 k=1.0 (mu_rec=1 mu_bwd=1) | grad=2.266 | tok/s=56,434 | tokens=1.21B
step= 36830 | loss=4.7770 | lr=1.02e-04 | wd=0.0035 | mom=0.9500 | T=1.0 k=1.0 (mu_rec=1 mu_bwd=1) | grad=2.781 | tok/s=59,141 | tokens=1.21B
step= 36840 | loss=4.4816 | lr=1.01e-04 | wd=0.0034 | mom=0.9500 | T=1.0 k=1.0 (mu_rec=1 mu_bwd=1) | grad=3.156 | tok/s=58,129 | tokens=1.21B
step= 36850 | loss=4.4201 | lr=1.00e-04 | wd=0.0034 | mom=0.9500 | T=1.0 k=1.0 (mu_rec=1 mu_bwd=1) | grad=2.516 | tok/s=55,620 | tokens=1.21B
step= 36860 | loss=4.4307 | lr=9.90e-05 | wd=0.0034 | mom=0.9500 | T=1.8 k=1.0 (mu_rec=1 mu_bwd=1) | grad=2.422 | tok/s=56,970 | tokens=1.21B
step= 36870 | loss=4.6278 | lr=9.80e-05 | wd=0.0033 | mom=0.9500 | T=2.2 k=1.0 (mu_rec=1 mu_bwd=1) | grad=2.781 | tok/s=51,980 | tokens=1.21B
step= 36880 | loss=4.7361 | lr=9.71e-05 | wd=0.0033 | mom=0.9500 | T=1.2 k=1.0 (mu_rec=1 mu_bwd=1) | grad=2.250 | tok/s=53,949 | tokens=1.21B
step= 36890 | loss=4.4963 | lr=9.61e-05 | wd=0.0033 | mom=0.9500 | T=1.0 k=1.0 (mu_rec=1 mu_bwd=1) | grad=4.344 | tok/s=54,923 | tokens=1.21B
step= 36900 | loss=4.4294 | lr=9.52e-05 | wd=0.0033 | mom=0.9500 | T=1.2 k=1.0 (mu_rec=1 mu_bwd=1) | grad=7.625 | tok/s=56,359 | tokens=1.21B
step= 36910 | loss=4.4838 | lr=9.42e-05 | wd=0.0032 | mom=0.9500 | T=1.0 k=1.0 (mu_rec=1 mu_bwd=1) | grad=2.172 | tok/s=57,264 | tokens=1.21B
step= 36920 | loss=4.4422 | lr=9.33e-05 | wd=0.0032 | mom=0.9500 | T=1.5 k=1.0 (mu_rec=1 mu_bwd=1) | grad=2.969 | tok/s=57,808 | tokens=1.21B
step= 36930 | loss=4.4791 | lr=9.23e-05 | wd=0.0032 | mom=0.9500 | T=1.2 k=1.0 (mu_rec=1 mu_bwd=1) | grad=2.047 | tok/s=53,750 | tokens=1.21B
step= 36940 | loss=4.6857 | lr=9.14e-05 | wd=0.0032 | mom=0.9500 | T=1.2 k=1.0 (mu_rec=1 mu_bwd=1) | grad=2.672 | tok/s=57,029 | tokens=1.21B
step= 36950 | loss=4.4688 | lr=9.05e-05 | wd=0.0031 | mom=0.9500 | T=1.0 k=1.0 (mu_rec=1 mu_bwd=1) | grad=2.750 | tok/s=55,425 | tokens=1.21B
step= 36960 | loss=4.8006 | lr=8.95e-05 | wd=0.0031 | mom=0.9500 | T=1.2 k=1.0 (mu_rec=1 mu_bwd=1) | grad=3.062 | tok/s=55,152 | tokens=1.21B
step= 36970 | loss=4.7029 | lr=8.86e-05 | wd=0.0031 | mom=0.9500 | T=1.0 k=1.0 (mu_rec=1 mu_bwd=1) | grad=2.234 | tok/s=56,944 | tokens=1.21B
step= 36980 | loss=4.6046 | lr=8.77e-05 | wd=0.0031 | mom=0.9500 | T=1.0 k=1.0 (mu_rec=1 mu_bwd=1) | grad=3.703 | tok/s=54,322 | tokens=1.21B
step= 36990 | loss=4.6111 | lr=8.68e-05 | wd=0.0030 | mom=0.9500 | T=2.2 k=1.0 (mu_rec=1 mu_bwd=1) | grad=3.422 | tok/s=54,918 | tokens=1.21B
step= 37000 | loss=4.5039 | lr=8.59e-05 | wd=0.0030 | mom=0.9500 | T=1.5 k=1.0 (mu_rec=1 mu_bwd=1) | grad=3.938 | tok/s=54,329 | tokens=1.21B
step= 37010 | loss=4.5915 | lr=8.50e-05 | wd=0.0030 | mom=0.9500 | T=1.8 k=1.0 (mu_rec=1 mu_bwd=1) | grad=2.906 | tok/s=55,372 | tokens=1.21B
step= 37020 | loss=4.6592 | lr=8.41e-05 | wd=0.0030 | mom=0.9500 | T=1.5 k=1.0 (mu_rec=1 mu_bwd=1) | grad=2.156 | tok/s=58,943 | tokens=1.21B
step= 37030 | loss=4.6823 | lr=8.32e-05 | wd=0.0029 | mom=0.9500 | T=1.2 k=1.0 (mu_rec=1 mu_bwd=1) | grad=2.375 | tok/s=53,211 | tokens=1.21B
step= 37040 | loss=4.6164 | lr=8.23e-05 | wd=0.0029 | mom=0.9500 | T=1.2 k=1.0 (mu_rec=1 mu_bwd=1) | grad=2.375 | tok/s=55,257 | tokens=1.21B
step= 37050 | loss=4.4737 | lr=8.15e-05 | wd=0.0029 | mom=0.9500 | T=1.0 k=1.0 (mu_rec=1 mu_bwd=1) | grad=3.016 | tok/s=60,428 | tokens=1.21B
step= 37060 | loss=4.5998 | lr=8.06e-05 | wd=0.0028 | mom=0.9500 | T=1.2 k=1.0 (mu_rec=1 mu_bwd=1) | grad=3.188 | tok/s=55,293 | tokens=1.21B
step= 37070 | loss=4.7112 | lr=7.97e-05 | wd=0.0028 | mom=0.9500 | T=2.2 k=1.0 (mu_rec=1 mu_bwd=1) | grad=2.125 | tok/s=53,869 | tokens=1.21B
step= 37080 | loss=4.5316 | lr=7.89e-05 | wd=0.0028 | mom=0.9500 | T=1.5 k=1.0 (mu_rec=1 mu_bwd=1) | grad=3.781 | tok/s=55,489 | tokens=1.22B
step= 37090 | loss=4.9473 | lr=7.80e-05 | wd=0.0028 | mom=0.9500 | T=1.2 k=1.0 (mu_rec=1 mu_bwd=1) | grad=2.422 | tok/s=55,568 | tokens=1.22B
step= 37100 | loss=4.4096 | lr=7.72e-05 | wd=0.0027 | mom=0.9500 | T=1.5 k=1.0 (mu_rec=1 mu_bwd=1) | grad=6.531 | tok/s=52,773 | tokens=1.22B
step= 37110 | loss=4.5994 | lr=7.63e-05 | wd=0.0027 | mom=0.9500 | T=1.5 k=1.0 (mu_rec=1 mu_bwd=1) | grad=4.875 | tok/s=57,342 | tokens=1.22B
step= 37120 | loss=4.3656 | lr=7.55e-05 | wd=0.0027 | mom=0.9500 | T=1.2 k=1.0 (mu_rec=1 mu_bwd=1) | grad=3.125 | tok/s=57,146 | tokens=1.22B
step= 37130 | loss=4.8088 | lr=7.47e-05 | wd=0.0027 | mom=0.9500 | T=1.2 k=1.0 (mu_rec=1 mu_bwd=1) | grad=2.766 | tok/s=58,065 | tokens=1.22B
step= 37140 | loss=4.6239 | lr=7.38e-05 | wd=0.0026 | mom=0.9500 | T=1.2 k=1.0 (mu_rec=1 mu_bwd=1) | grad=2.578 | tok/s=51,558 | tokens=1.22B
step= 37150 | loss=4.7553 | lr=7.30e-05 | wd=0.0026 | mom=0.9500 | T=1.2 k=1.0 (mu_rec=1 mu_bwd=1) | grad=2.469 | tok/s=55,385 | tokens=1.22B
step= 37160 | loss=4.6746 | lr=7.22e-05 | wd=0.0026 | mom=0.9500 | T=1.5 k=1.0 (mu_rec=1 mu_bwd=1) | grad=2.062 | tok/s=54,430 | tokens=1.22B
step= 37170 | loss=4.5921 | lr=7.14e-05 | wd=0.0026 | mom=0.9500 | T=1.5 k=1.0 (mu_rec=1 mu_bwd=1) | grad=1.875 | tok/s=53,506 | tokens=1.22B
step= 37180 | loss=4.6552 | lr=7.06e-05 | wd=0.0025 | mom=0.9500 | T=1.8 k=1.0 (mu_rec=1 mu_bwd=1) | grad=2.453 | tok/s=56,937 | tokens=1.22B
step= 37190 | loss=4.9709 | lr=6.98e-05 | wd=0.0025 | mom=0.9500 | T=1.0 k=1.0 (mu_rec=1 mu_bwd=1) | grad=3.000 | tok/s=55,892 | tokens=1.22B
step= 37200 | loss=4.7461 | lr=6.90e-05 | wd=0.0025 | mom=0.9500 | T=1.0 k=1.0 (mu_rec=1 mu_bwd=1) | grad=2.844 | tok/s=55,270 | tokens=1.22B
step= 37210 | loss=4.4578 | lr=6.83e-05 | wd=0.0025 | mom=0.9500 | T=1.5 k=1.0 (mu_rec=1 mu_bwd=1) | grad=4.719 | tok/s=52,882 | tokens=1.22B
step= 37220 | loss=4.6225 | lr=6.75e-05 | wd=0.0024 | mom=0.9500 | T=1.5 k=1.0 (mu_rec=1 mu_bwd=1) | grad=1.828 | tok/s=56,098 | tokens=1.22B
step= 37230 | loss=4.6132 | lr=6.67e-05 | wd=0.0024 | mom=0.9500 | T=1.5 k=1.0 (mu_rec=1 mu_bwd=1) | grad=4.250 | tok/s=54,161 | tokens=1.22B
step= 37240 | loss=4.4917 | lr=6.60e-05 | wd=0.0024 | mom=0.9500 | T=1.2 k=1.0 (mu_rec=1 mu_bwd=1) | grad=9.750 | tok/s=55,143 | tokens=1.22B
step= 37250 | loss=4.5760 | lr=6.52e-05 | wd=0.0024 | mom=0.9500 | T=1.5 k=1.0 (mu_rec=1 mu_bwd=1) | grad=3.047 | tok/s=54,949 | tokens=1.22B
step= 37260 | loss=4.5788 | lr=6.45e-05 | wd=0.0023 | mom=0.9500 | T=1.5 k=1.0 (mu_rec=1 mu_bwd=1) | grad=1.828 | tok/s=8,605 | tokens=1.22B
step= 37270 | loss=4.4667 | lr=6.37e-05 | wd=0.0023 | mom=0.9500 | T=1.8 k=1.0 (mu_rec=1 mu_bwd=1) | grad=1.961 | tok/s=56,677 | tokens=1.22B
step= 37280 | loss=4.5751 | lr=6.30e-05 | wd=0.0023 | mom=0.9500 | T=1.2 k=1.0 (mu_rec=1 mu_bwd=1) | grad=2.797 | tok/s=55,657 | tokens=1.22B
step= 37290 | loss=4.5067 | lr=6.23e-05 | wd=0.0022 | mom=0.9500 | T=1.2 k=1.0 (mu_rec=1 mu_bwd=1) | grad=3.688 | tok/s=56,626 | tokens=1.22B
step= 37300 | loss=4.3864 | lr=6.15e-05 | wd=0.0022 | mom=0.9500 | T=1.8 k=1.0 (mu_rec=1 mu_bwd=1) | grad=1.836 | tok/s=55,876 | tokens=1.22B
step= 37310 | loss=4.5734 | lr=6.08e-05 | wd=0.0022 | mom=0.9500 | T=1.5 k=1.0 (mu_rec=1 mu_bwd=1) | grad=2.047 | tok/s=53,963 | tokens=1.22B
step= 37320 | loss=4.5330 | lr=6.01e-05 | wd=0.0022 | mom=0.9500 | T=1.0 k=1.0 (mu_rec=1 mu_bwd=1) | grad=2.578 | tok/s=57,398 | tokens=1.22B
step= 37330 | loss=4.5380 | lr=5.94e-05 | wd=0.0021 | mom=0.9500 | T=1.0 k=1.0 (mu_rec=1 mu_bwd=1) | grad=3.188 | tok/s=59,450 | tokens=1.22B
step= 37340 | loss=4.7274 | lr=5.87e-05 | wd=0.0021 | mom=0.9500 | T=1.0 k=1.0 (mu_rec=1 mu_bwd=1) | grad=2.453 | tok/s=57,742 | tokens=1.22B
step= 37350 | loss=4.7600 | lr=5.81e-05 | wd=0.0021 | mom=0.9500 | T=1.2 k=1.0 (mu_rec=1 mu_bwd=1) | grad=3.359 | tok/s=56,033 | tokens=1.22B
step= 37360 | loss=4.5875 | lr=5.74e-05 | wd=0.0021 | mom=0.9500 | T=1.5 k=1.0 (mu_rec=1 mu_bwd=1) | grad=5.562 | tok/s=56,922 | tokens=1.22B
step= 37370 | loss=4.5713 | lr=5.67e-05 | wd=0.0020 | mom=0.9500 | T=1.2 k=1.0 (mu_rec=1 mu_bwd=1) | grad=1.969 | tok/s=54,812 | tokens=1.22B
step= 37380 | loss=4.6141 | lr=5.61e-05 | wd=0.0020 | mom=0.9500 | T=1.8 k=1.0 (mu_rec=1 mu_bwd=1) | grad=2.312 | tok/s=54,304 | tokens=1.22B
step= 37390 | loss=4.6873 | lr=5.54e-05 | wd=0.0020 | mom=0.9500 | T=1.0 k=1.0 (mu_rec=1 mu_bwd=1) | grad=3.156 | tok/s=56,095 | tokens=1.23B
step= 37400 | loss=5.2826 | lr=5.48e-05 | wd=0.0020 | mom=0.9500 | T=2.0 k=1.0 (mu_rec=1 mu_bwd=1) | grad=3.016 | tok/s=52,862 | tokens=1.23B
step= 37410 | loss=5.2213 | lr=5.41e-05 | wd=0.0019 | mom=0.9500 | T=1.5 k=1.0 (mu_rec=1 mu_bwd=1) | grad=2.344 | tok/s=55,068 | tokens=1.23B
step= 37420 | loss=4.4890 | lr=5.35e-05 | wd=0.0019 | mom=0.9500 | T=1.8 k=1.0 (mu_rec=1 mu_bwd=1) | grad=2.672 | tok/s=58,134 | tokens=1.23B
step= 37430 | loss=4.7545 | lr=5.29e-05 | wd=0.0019 | mom=0.9500 | T=2.0 k=1.0 (mu_rec=1 mu_bwd=1) | grad=3.703 | tok/s=54,931 | tokens=1.23B
step= 37440 | loss=4.7221 | lr=5.23e-05 | wd=0.0019 | mom=0.9500 | T=1.0 k=1.0 (mu_rec=1 mu_bwd=1) | grad=3.891 | tok/s=59,786 | tokens=1.23B
step= 37450 | loss=4.5662 | lr=5.16e-05 | wd=0.0018 | mom=0.9500 | T=1.0 k=1.0 (mu_rec=1 mu_bwd=1) | grad=5.094 | tok/s=53,333 | tokens=1.23B
step= 37460 | loss=4.5886 | lr=5.10e-05 | wd=0.0018 | mom=0.9500 | T=1.0 k=1.0 (mu_rec=1 mu_bwd=1) | grad=3.078 | tok/s=55,161 | tokens=1.23B
step= 37470 | loss=4.5566 | lr=5.05e-05 | wd=0.0018 | mom=0.9500 | T=1.2 k=1.0 (mu_rec=1 mu_bwd=1) | grad=3.141 | tok/s=54,230 | tokens=1.23B
step= 37480 | loss=4.4509 | lr=4.99e-05 | wd=0.0017 | mom=0.9500 | T=1.8 k=1.0 (mu_rec=1 mu_bwd=1) | grad=2.406 | tok/s=55,773 | tokens=1.23B
step= 37490 | loss=4.6516 | lr=4.93e-05 | wd=0.0017 | mom=0.9500 | T=1.5 k=1.0 (mu_rec=1 mu_bwd=1) | grad=4.031 | tok/s=8,485 | tokens=1.23B
step= 37500 | loss=4.5931 | lr=4.87e-05 | wd=0.0017 | mom=0.9500 | T=1.2 k=1.0 (mu_rec=1 mu_bwd=1) | grad=1.992 | tok/s=58,211 | tokens=1.23B
step= 37510 | loss=4.6023 | lr=4.82e-05 | wd=0.0017 | mom=0.9500 | T=1.0 k=1.0 (mu_rec=1 mu_bwd=1) | grad=10.188 | tok/s=59,593 | tokens=1.23B
step= 37520 | loss=4.7281 | lr=4.76e-05 | wd=0.0016 | mom=0.9500 | T=1.8 k=1.0 (mu_rec=1 mu_bwd=1) | grad=2.109 | tok/s=56,194 | tokens=1.23B
step= 37530 | loss=4.4394 | lr=4.71e-05 | wd=0.0016 | mom=0.9500 | T=1.5 k=1.0 (mu_rec=1 mu_bwd=1) | grad=4.531 | tok/s=56,259 | tokens=1.23B
step= 37540 | loss=4.2432 | lr=4.65e-05 | wd=0.0016 | mom=0.9500 | T=1.0 k=1.0 (mu_rec=1 mu_bwd=1) | grad=2.031 | tok/s=57,648 | tokens=1.23B
step= 37550 | loss=4.4916 | lr=4.60e-05 | wd=0.0016 | mom=0.9500 | T=2.2 k=1.0 (mu_rec=1 mu_bwd=1) | grad=2.016 | tok/s=54,138 | tokens=1.23B
step= 37560 | loss=4.3609 | lr=4.55e-05 | wd=0.0015 | mom=0.9500 | T=1.2 k=1.0 (mu_rec=1 mu_bwd=1) | grad=2.703 | tok/s=55,686 | tokens=1.23B
step= 37570 | loss=4.5620 | lr=4.50e-05 | wd=0.0015 | mom=0.9500 | T=1.2 k=1.0 (mu_rec=1 mu_bwd=1) | grad=1.977 | tok/s=55,468 | tokens=1.23B
step= 37580 | loss=4.7118 | lr=4.45e-05 | wd=0.0015 | mom=0.9500 | T=1.0 k=1.0 (mu_rec=1 mu_bwd=1) | grad=2.250 | tok/s=56,638 | tokens=1.23B
step= 37590 | loss=4.6937 | lr=4.40e-05 | wd=0.0015 | mom=0.9500 | T=2.2 k=1.0 (mu_rec=1 mu_bwd=1) | grad=1.734 | tok/s=55,014 | tokens=1.23B
step= 37600 | loss=4.6059 | lr=4.35e-05 | wd=0.0014 | mom=0.9500 | T=1.2 k=1.0 (mu_rec=1 mu_bwd=1) | grad=2.344 | tok/s=54,088 | tokens=1.23B
step= 37610 | loss=4.6296 | lr=4.30e-05 | wd=0.0014 | mom=0.9500 | T=1.2 k=1.0 (mu_rec=1 mu_bwd=1) | grad=2.172 | tok/s=54,344 | tokens=1.23B
step= 37620 | loss=4.4350 | lr=4.25e-05 | wd=0.0014 | mom=0.9500 | T=1.2 k=1.0 (mu_rec=1 mu_bwd=1) | grad=3.766 | tok/s=53,849 | tokens=1.23B
step= 37630 | loss=4.6239 | lr=4.21e-05 | wd=0.0014 | mom=0.9500 | T=1.0 k=1.0 (mu_rec=1 mu_bwd=1) | grad=7.031 | tok/s=54,546 | tokens=1.23B
step= 37640 | loss=4.7387 | lr=4.16e-05 | wd=0.0013 | mom=0.9500 | T=1.0 k=1.0 (mu_rec=1 mu_bwd=1) | grad=2.625 | tok/s=53,039 | tokens=1.23B
step= 37650 | loss=4.6226 | lr=4.12e-05 | wd=0.0013 | mom=0.9500 | T=1.2 k=1.0 (mu_rec=1 mu_bwd=1) | grad=2.531 | tok/s=55,948 | tokens=1.23B
step= 37660 | loss=4.3304 | lr=4.07e-05 | wd=0.0013 | mom=0.9500 | T=1.0 k=1.0 (mu_rec=1 mu_bwd=1) | grad=2.078 | tok/s=57,527 | tokens=1.23B
step= 37670 | loss=4.5471 | lr=4.03e-05 | wd=0.0013 | mom=0.9500 | T=1.0 k=1.0 (mu_rec=1 mu_bwd=1) | grad=3.406 | tok/s=54,150 | tokens=1.23B
step= 37680 | loss=4.4562 | lr=3.99e-05 | wd=0.0012 | mom=0.9500 | T=1.2 k=1.0 (mu_rec=1 mu_bwd=1) | grad=7.094 | tok/s=60,085 | tokens=1.23B
step= 37690 | loss=4.5228 | lr=3.95e-05 | wd=0.0012 | mom=0.9500 | T=1.5 k=1.0 (mu_rec=1 mu_bwd=1) | grad=5.500 | tok/s=54,133 | tokens=1.24B
step= 37700 | loss=4.7429 | lr=3.90e-05 | wd=0.0012 | mom=0.9500 | T=1.0 k=1.0 (mu_rec=1 mu_bwd=1) | grad=4.438 | tok/s=56,657 | tokens=1.24B
step= 37710 | loss=4.6452 | lr=3.87e-05 | wd=0.0011 | mom=0.9500 | T=1.2 k=1.0 (mu_rec=1 mu_bwd=1) | grad=2.234 | tok/s=54,937 | tokens=1.24B
step= 37720 | loss=4.4776 | lr=3.83e-05 | wd=0.0011 | mom=0.9500 | T=1.8 k=1.0 (mu_rec=1 mu_bwd=1) | grad=1.844 | tok/s=55,520 | tokens=1.24B
step= 37730 | loss=4.6294 | lr=3.79e-05 | wd=0.0011 | mom=0.9500 | T=1.0 k=1.0 (mu_rec=1 mu_bwd=1) | grad=2.172 | tok/s=56,305 | tokens=1.24B
step= 37740 | loss=4.6946 | lr=3.75e-05 | wd=0.0011 | mom=0.9500 | T=1.0 k=1.0 (mu_rec=1 mu_bwd=1) | grad=2.891 | tok/s=55,581 | tokens=1.24B
step= 37750 | loss=4.8678 | lr=3.72e-05 | wd=0.0010 | mom=0.9500 | T=1.0 k=1.0 (mu_rec=1 mu_bwd=1) | grad=3.984 | tok/s=54,947 | tokens=1.24B
step= 37760 | loss=4.9221 | lr=3.68e-05 | wd=0.0010 | mom=0.9500 | T=1.0 k=1.0 (mu_rec=1 mu_bwd=1) | grad=2.328 | tok/s=55,691 | tokens=1.24B
step= 37770 | loss=4.7155 | lr=3.65e-05 | wd=0.0010 | mom=0.9500 | T=1.2 k=1.0 (mu_rec=1 mu_bwd=1) | grad=2.969 | tok/s=56,720 | tokens=1.24B
step= 37780 | loss=4.5342 | lr=3.61e-05 | wd=0.0010 | mom=0.9500 | T=1.2 k=1.0 (mu_rec=1 mu_bwd=1) | grad=9.250 | tok/s=53,945 | tokens=1.24B
step= 37790 | loss=4.6737 | lr=3.58e-05 | wd=0.0009 | mom=0.9500 | T=2.0 k=1.0 (mu_rec=1 mu_bwd=1) | grad=2.125 | tok/s=54,061 | tokens=1.24B
step= 37800 | loss=4.5579 | lr=3.55e-05 | wd=0.0009 | mom=0.9500 | T=1.2 k=1.0 (mu_rec=1 mu_bwd=1) | grad=2.875 | tok/s=56,009 | tokens=1.24B
step= 37810 | loss=4.7680 | lr=3.52e-05 | wd=0.0009 | mom=0.9500 | T=1.2 k=1.0 (mu_rec=1 mu_bwd=1) | grad=2.453 | tok/s=52,935 | tokens=1.24B
step= 37820 | loss=4.9981 | lr=3.49e-05 | wd=0.0009 | mom=0.9500 | T=1.0 k=1.0 (mu_rec=1 mu_bwd=1) | grad=3.281 | tok/s=60,100 | tokens=1.24B
step= 37830 | loss=4.6355 | lr=3.46e-05 | wd=0.0008 | mom=0.9500 | T=1.0 k=1.0 (mu_rec=1 mu_bwd=1) | grad=6.312 | tok/s=57,252 | tokens=1.24B
step= 37840 | loss=4.6121 | lr=3.43e-05 | wd=0.0008 | mom=0.9500 | T=1.2 k=1.0 (mu_rec=1 mu_bwd=1) | grad=2.438 | tok/s=56,175 | tokens=1.24B
step= 37850 | loss=4.5666 | lr=3.40e-05 | wd=0.0008 | mom=0.9500 | T=1.0 k=1.0 (mu_rec=1 mu_bwd=1) | grad=4.406 | tok/s=56,993 | tokens=1.24B
step= 37860 | loss=4.6480 | lr=3.38e-05 | wd=0.0008 | mom=0.9500 | T=1.2 k=1.0 (mu_rec=1 mu_bwd=1) | grad=3.328 | tok/s=57,527 | tokens=1.24B
step= 37870 | loss=4.5477 | lr=3.35e-05 | wd=0.0007 | mom=0.9500 | T=2.0 k=1.0 (mu_rec=1 mu_bwd=1) | grad=1.977 | tok/s=53,858 | tokens=1.24B
step= 37880 | loss=4.6658 | lr=3.33e-05 | wd=0.0007 | mom=0.9500 | T=1.5 k=1.0 (mu_rec=1 mu_bwd=1) | grad=2.547 | tok/s=56,321 | tokens=1.24B
step= 37890 | loss=4.6039 | lr=3.30e-05 | wd=0.0007 | mom=0.9500 | T=1.5 k=1.0 (mu_rec=1 mu_bwd=1) | grad=2.016 | tok/s=57,425 | tokens=1.24B
step= 37900 | loss=4.8449 | lr=3.28e-05 | wd=0.0006 | mom=0.9500 | T=1.0 k=1.0 (mu_rec=1 mu_bwd=1) | grad=2.422 | tok/s=59,680 | tokens=1.24B
step= 37910 | loss=4.7875 | lr=3.26e-05 | wd=0.0006 | mom=0.9500 | T=1.2 k=1.0 (mu_rec=1 mu_bwd=1) | grad=2.094 | tok/s=53,490 | tokens=1.24B
step= 37920 | loss=4.4116 | lr=3.24e-05 | wd=0.0006 | mom=0.9500 | T=1.5 k=1.0 (mu_rec=1 mu_bwd=1) | grad=2.562 | tok/s=56,766 | tokens=1.24B
step= 37930 | loss=4.6313 | lr=3.22e-05 | wd=0.0006 | mom=0.9500 | T=1.8 k=1.0 (mu_rec=1 mu_bwd=1) | grad=3.375 | tok/s=54,583 | tokens=1.24B
step= 37940 | loss=4.5684 | lr=3.20e-05 | wd=0.0005 | mom=0.9500 | T=1.2 k=1.0 (mu_rec=1 mu_bwd=1) | grad=6.719 | tok/s=52,368 | tokens=1.24B
step= 37950 | loss=4.8145 | lr=3.18e-05 | wd=0.0005 | mom=0.9500 | T=2.2 k=1.0 (mu_rec=1 mu_bwd=1) | grad=2.031 | tok/s=55,111 | tokens=1.24B
step= 37960 | loss=4.8029 | lr=3.16e-05 | wd=0.0005 | mom=0.9500 | T=1.2 k=1.0 (mu_rec=1 mu_bwd=1) | grad=2.312 | tok/s=53,029 | tokens=1.24B
step= 37970 | loss=4.6652 | lr=3.14e-05 | wd=0.0005 | mom=0.9500 | T=1.5 k=1.0 (mu_rec=1 mu_bwd=1) | grad=2.906 | tok/s=56,876 | tokens=1.24B
step= 37980 | loss=4.6016 | lr=3.13e-05 | wd=0.0004 | mom=0.9500 | T=1.0 k=1.0 (mu_rec=1 mu_bwd=1) | grad=2.219 | tok/s=59,406 | tokens=1.24B
step= 37990 | loss=4.6382 | lr=3.11e-05 | wd=0.0004 | mom=0.9500 | T=1.0 k=1.0 (mu_rec=1 mu_bwd=1) | grad=2.078 | tok/s=58,434 | tokens=1.24B
step= 38000 | loss=4.5669 | lr=3.10e-05 | wd=0.0004 | mom=0.9500 | T=1.2 k=1.0 (mu_rec=1 mu_bwd=1) | grad=2.234 | tok/s=56,684 | tokens=1.25B
step= 38010 | loss=4.4565 | lr=3.09e-05 | wd=0.0004 | mom=0.9500 | T=1.2 k=1.0 (mu_rec=1 mu_bwd=1) | grad=2.453 | tok/s=55,673 | tokens=1.25B
step= 38020 | loss=4.4473 | lr=3.07e-05 | wd=0.0003 | mom=0.9500 | T=1.2 k=1.0 (mu_rec=1 mu_bwd=1) | grad=2.438 | tok/s=55,214 | tokens=1.25B
step= 38030 | loss=4.7284 | lr=3.06e-05 | wd=0.0003 | mom=0.9500 | T=1.5 k=1.0 (mu_rec=1 mu_bwd=1) | grad=2.172 | tok/s=52,429 | tokens=1.25B
step= 38040 | loss=4.8058 | lr=3.05e-05 | wd=0.0003 | mom=0.9500 | T=1.2 k=1.0 (mu_rec=1 mu_bwd=1) | grad=3.453 | tok/s=57,002 | tokens=1.25B
step= 38050 | loss=4.7254 | lr=3.04e-05 | wd=0.0003 | mom=0.9500 | T=1.8 k=1.0 (mu_rec=1 mu_bwd=1) | grad=3.859 | tok/s=53,439 | tokens=1.25B
step= 38060 | loss=4.8960 | lr=3.03e-05 | wd=0.0002 | mom=0.9500 | T=2.0 k=1.0 (mu_rec=1 mu_bwd=1) | grad=2.328 | tok/s=52,898 | tokens=1.25B
step= 38070 | loss=4.7778 | lr=3.03e-05 | wd=0.0002 | mom=0.9500 | T=1.2 k=1.0 (mu_rec=1 mu_bwd=1) | grad=2.344 | tok/s=53,188 | tokens=1.25B
step= 38080 | loss=4.7013 | lr=3.02e-05 | wd=0.0002 | mom=0.9500 | T=1.2 k=1.0 (mu_rec=1 mu_bwd=1) | grad=2.094 | tok/s=58,414 | tokens=1.25B
step= 38090 | loss=4.5425 | lr=3.01e-05 | wd=0.0001 | mom=0.9500 | T=2.0 k=1.0 (mu_rec=1 mu_bwd=1) | grad=3.406 | tok/s=54,416 | tokens=1.25B
step= 38100 | loss=4.5750 | lr=3.01e-05 | wd=0.0001 | mom=0.9500 | T=1.0 k=1.0 (mu_rec=1 mu_bwd=1) | grad=3.703 | tok/s=60,080 | tokens=1.25B
step= 38110 | loss=4.4257 | lr=3.01e-05 | wd=0.0001 | mom=0.9500 | T=2.2 k=1.0 (mu_rec=1 mu_bwd=1) | grad=1.445 | tok/s=54,752 | tokens=1.25B
step= 38120 | loss=4.4180 | lr=3.00e-05 | wd=0.0001 | mom=0.9500 | T=1.8 k=1.0 (mu_rec=1 mu_bwd=1) | grad=2.547 | tok/s=57,553 | tokens=1.25B
step= 38130 | loss=4.6449 | lr=3.00e-05 | wd=0.0000 | mom=0.9500 | T=1.2 k=1.0 (mu_rec=1 mu_bwd=1) | grad=2.141 | tok/s=58,951 | tokens=1.25B
step= 38140 | loss=4.7526 | lr=3.00e-05 | wd=0.0000 | mom=0.9500 | T=1.2 k=1.0 (mu_rec=1 mu_bwd=1) | grad=3.406 | tok/s=8,124 | tokens=1.25B
[step 38146] Saved -> runs/pythia-5b/checkpoint_0038146
[step 38146] Pruned -> runs/pythia-5b/checkpoint_0010000
Training complete. 1.25B tokens, 38146 steps.
---------------------------------------
Begin Slurm Epilog: Jun-05-2026 06:31:12
Job ID:        9433999
User ID:       hjiang420
Account:       gts-aivanova7-lab
Job name:      job5b_pythia.sh
Resources:     cpu=8,gres/gpu:a100=1,mem=64G,node=1
Rsrc Used:     cput=2-08:17:20,vmem=0,walltime=07:02:10,mem=9098600K,energy_used=0
Partition:     gpu-a100
QOS:           inferno
Nodes:         atl1-1-02-018-25-0
---------------------------------------
