---------------------------------------
Begin Slurm Prolog: Jul-03-2026 01:19:30
Job ID:    10690536
User ID:   hjiang420
Account:   gts-aivanova7-lab
Job name:  job5b2_resume.sh
Partition: gpu-a100
QOS:       inferno
---------------------------------------
Resuming from: runs/cortex-5b-k4/checkpoint_0114438
Tokens so far: 3749904384 | Training until: 4999904384
Warning: You are sending unauthenticated requests to the HF Hub. Please set a HF_TOKEN to enable higher rate limits and faster downloads.
Loading EleutherAI/pythia-160m ...
Params: 171,184,130 total, 171,184,130 trainable
Arch: cortex (training_mode=cortex)
Grad checkpointing: False
Layer split: Pre=3, Loop=6, Coda=3
mu_rec=8, mu_bwd=4 (= ceil(8/2))
Effective batch: 32768 tokens = 16 seqs x 2048 tok
Grad accum: 1 | Cross-chunks: 4 | World size: 1
Stop at step: 152,584 | Schedule horizon: 152,587 | Warmup: 1525 | Cooldown: 15258
Curriculum: mu_rec ramps 1->8 over 3800 steps
Resumed from step 114438, 3,749,904,384 tokens
`trust_remote_code` is not supported anymore.
Please check that the Hugging Face dataset 'EleutherAI/the_pile_deduplicated' isn't based on a loading script and remove `trust_remote_code`.
If the dataset is based on a loading script, please ask the dataset author to remove it and convert it to a standard format like Parquet.
`trust_remote_code` is not supported anymore.
Please check that the Hugging Face dataset 'EleutherAI/the_pile_deduplicated' isn't based on a loading script and remove `trust_remote_code`.
If the dataset is based on a loading script, please ask the dataset author to remove it and convert it to a standard format like Parquet.
wandb: [wandb.login()] Loaded credentials for https://api.wandb.ai from /storage/home/hcoda1/3/hjiang420/.netrc.
wandb: Currently logged in as: henryyjiang42 (henryyjiang42-georgia-institute-of-technology) to https://api.wandb.ai. Use `wandb login --relogin` to force relogin
wandb: setting up run 6m1xqnno
wandb: Tracking run with wandb version 0.27.0
wandb: Run data is saved locally in runs/cortex-5b-k4/wandb/run-20260703_011957-6m1xqnno
wandb: Run `wandb offline` to turn off syncing.
wandb: Resuming run cortex-5b-k4
wandb: ⭐️ View project at https://wandb.ai/henryyjiang42-georgia-institute-of-technology/cortex-gpt-v2
wandb: 🚀 View run at https://wandb.ai/henryyjiang42-georgia-institute-of-technology/cortex-gpt-v2/runs/6m1xqnno
step=114440 | loss=0.4357 | lr=3.00e-04 | wd=0.0250 | mom=0.9500 | T=6.0 k=4.0 (mu_rec=8 mu_bwd=4) | grad=1.338 | tok/s=11,745 | tokens=3.75B
step=114450 | loss=3.2172 | lr=3.00e-04 | wd=0.0250 | mom=0.9500 | T=8.8 k=4.0 (mu_rec=8 mu_bwd=4) | grad=2.846 | tok/s=21,993 | tokens=3.75B
step=114460 | loss=3.1501 | lr=3.00e-04 | wd=0.0250 | mom=0.9500 | T=8.8 k=4.0 (mu_rec=8 mu_bwd=4) | grad=0.969 | tok/s=25,448 | tokens=3.75B
step=114470 | loss=3.2688 | lr=3.00e-04 | wd=0.0250 | mom=0.9500 | T=9.2 k=4.0 (mu_rec=8 mu_bwd=4) | grad=1.040 | tok/s=22,903 | tokens=3.75B
step=114480 | loss=3.1181 | lr=3.00e-04 | wd=0.0250 | mom=0.9500 | T=7.5 k=3.8 (mu_rec=8 mu_bwd=4) | grad=0.871 | tok/s=24,914 | tokens=3.75B
step=114490 | loss=3.0243 | lr=3.00e-04 | wd=0.0250 | mom=0.9500 | T=9.2 k=4.0 (mu_rec=8 mu_bwd=4) | grad=0.823 | tok/s=22,689 | tokens=3.75B
step=114500 | loss=2.8340 | lr=3.00e-04 | wd=0.0250 | mom=0.9500 | T=3.5 k=2.8 (mu_rec=8 mu_bwd=4) | grad=0.939 | tok/s=24,762 | tokens=3.75B
step=114510 | loss=2.8966 | lr=3.00e-04 | wd=0.0250 | mom=0.9500 | T=5.2 k=3.8 (mu_rec=8 mu_bwd=4) | grad=0.919 | tok/s=23,784 | tokens=3.75B
step=114520 | loss=3.3319 | lr=3.00e-04 | wd=0.0249 | mom=0.9500 | T=8.8 k=3.8 (mu_rec=8 mu_bwd=4) | grad=0.944 | tok/s=24,113 | tokens=3.75B
step=114530 | loss=3.0725 | lr=3.00e-04 | wd=0.0249 | mom=0.9500 | T=11.2 k=4.0 (mu_rec=8 mu_bwd=4) | grad=1.672 | tok/s=24,545 | tokens=3.75B
step=114540 | loss=3.2285 | lr=3.00e-04 | wd=0.0249 | mom=0.9500 | T=10.0 k=4.0 (mu_rec=8 mu_bwd=4) | grad=1.130 | tok/s=23,416 | tokens=3.75B
step=114550 | loss=2.9787 | lr=3.00e-04 | wd=0.0249 | mom=0.9500 | T=4.8 k=3.8 (mu_rec=8 mu_bwd=4) | grad=1.025 | tok/s=22,845 | tokens=3.75B
step=114560 | loss=3.0952 | lr=3.00e-04 | wd=0.0249 | mom=0.9500 | T=8.0 k=3.2 (mu_rec=8 mu_bwd=4) | grad=2.538 | tok/s=23,450 | tokens=3.75B
step=114570 | loss=2.9251 | lr=3.00e-04 | wd=0.0249 | mom=0.9500 | T=13.0 k=4.0 (mu_rec=8 mu_bwd=4) | grad=0.939 | tok/s=22,719 | tokens=3.75B
step=114580 | loss=2.9297 | lr=3.00e-04 | wd=0.0249 | mom=0.9500 | T=7.5 k=3.8 (mu_rec=8 mu_bwd=4) | grad=1.176 | tok/s=24,299 | tokens=3.75B
step=114590 | loss=3.0020 | lr=3.00e-04 | wd=0.0249 | mom=0.9500 | T=10.2 k=4.0 (mu_rec=8 mu_bwd=4) | grad=1.068 | tok/s=21,909 | tokens=3.75B
step=114600 | loss=2.9177 | lr=3.00e-04 | wd=0.0249 | mom=0.9500 | T=5.5 k=3.8 (mu_rec=8 mu_bwd=4) | grad=1.218 | tok/s=22,554 | tokens=3.76B
step=114610 | loss=3.1121 | lr=3.00e-04 | wd=0.0249 | mom=0.9500 | T=8.2 k=3.2 (mu_rec=8 mu_bwd=4) | grad=1.283 | tok/s=24,877 | tokens=3.76B
step=114620 | loss=3.2044 | lr=3.00e-04 | wd=0.0249 | mom=0.9500 | T=9.5 k=4.0 (mu_rec=8 mu_bwd=4) | grad=0.890 | tok/s=21,684 | tokens=3.76B
step=114630 | loss=2.9741 | lr=3.00e-04 | wd=0.0249 | mom=0.9500 | T=7.5 k=3.2 (mu_rec=8 mu_bwd=4) | grad=1.652 | tok/s=23,332 | tokens=3.76B
step=114640 | loss=3.1955 | lr=3.00e-04 | wd=0.0249 | mom=0.9500 | T=6.8 k=3.5 (mu_rec=8 mu_bwd=4) | grad=1.133 | tok/s=24,328 | tokens=3.76B
step=114650 | loss=3.0282 | lr=3.00e-04 | wd=0.0249 | mom=0.9500 | T=7.8 k=3.0 (mu_rec=8 mu_bwd=4) | grad=1.307 | tok/s=24,123 | tokens=3.76B
step=114660 | loss=3.0313 | lr=3.00e-04 | wd=0.0249 | mom=0.9500 | T=7.0 k=3.8 (mu_rec=8 mu_bwd=4) | grad=0.996 | tok/s=23,594 | tokens=3.76B
step=114670 | loss=3.0598 | lr=3.00e-04 | wd=0.0249 | mom=0.9500 | T=7.5 k=3.2 (mu_rec=8 mu_bwd=4) | grad=1.038 | tok/s=23,166 | tokens=3.76B
step=114680 | loss=2.5868 | lr=3.00e-04 | wd=0.0248 | mom=0.9500 | T=12.5 k=4.0 (mu_rec=8 mu_bwd=4) | grad=1.587 | tok/s=24,122 | tokens=3.76B
step=114690 | loss=3.1835 | lr=3.00e-04 | wd=0.0248 | mom=0.9500 | T=8.0 k=4.0 (mu_rec=8 mu_bwd=4) | grad=1.084 | tok/s=24,019 | tokens=3.76B
step=114700 | loss=3.3530 | lr=3.00e-04 | wd=0.0248 | mom=0.9500 | T=6.0 k=3.8 (mu_rec=8 mu_bwd=4) | grad=9.332 | tok/s=23,676 | tokens=3.76B
step=114710 | loss=3.3228 | lr=3.00e-04 | wd=0.0248 | mom=0.9500 | T=6.5 k=4.0 (mu_rec=8 mu_bwd=4) | grad=2.351 | tok/s=23,321 | tokens=3.76B
step=114720 | loss=3.1740 | lr=3.00e-04 | wd=0.0248 | mom=0.9500 | T=7.2 k=3.2 (mu_rec=8 mu_bwd=4) | grad=1.124 | tok/s=23,980 | tokens=3.76B
step=114730 | loss=2.8484 | lr=3.00e-04 | wd=0.0248 | mom=0.9500 | T=12.0 k=3.5 (mu_rec=8 mu_bwd=4) | grad=0.937 | tok/s=22,880 | tokens=3.76B
step=114740 | loss=3.0851 | lr=3.00e-04 | wd=0.0248 | mom=0.9500 | T=7.8 k=4.0 (mu_rec=8 mu_bwd=4) | grad=1.443 | tok/s=25,596 | tokens=3.76B
step=114750 | loss=3.1787 | lr=3.00e-04 | wd=0.0248 | mom=0.9500 | T=12.0 k=3.5 (mu_rec=8 mu_bwd=4) | grad=1.225 | tok/s=21,504 | tokens=3.76B
step=114760 | loss=3.2077 | lr=3.00e-04 | wd=0.0248 | mom=0.9500 | T=6.2 k=3.5 (mu_rec=8 mu_bwd=4) | grad=1.324 | tok/s=24,719 | tokens=3.76B
step=114770 | loss=3.2825 | lr=3.00e-04 | wd=0.0248 | mom=0.9500 | T=7.5 k=3.2 (mu_rec=8 mu_bwd=4) | grad=1.256 | tok/s=23,478 | tokens=3.76B
step=114780 | loss=3.2688 | lr=3.00e-04 | wd=0.0248 | mom=0.9500 | T=3.5 k=2.8 (mu_rec=8 mu_bwd=4) | grad=1.435 | tok/s=23,823 | tokens=3.76B
step=114790 | loss=3.4487 | lr=3.00e-04 | wd=0.0248 | mom=0.9500 | T=10.8 k=4.0 (mu_rec=8 mu_bwd=4) | grad=2.106 | tok/s=23,478 | tokens=3.76B
step=114800 | loss=3.3463 | lr=3.00e-04 | wd=0.0248 | mom=0.9500 | T=3.5 k=2.8 (mu_rec=8 mu_bwd=4) | grad=1.173 | tok/s=23,138 | tokens=3.76B
step=114810 | loss=3.4427 | lr=3.00e-04 | wd=0.0248 | mom=0.9500 | T=8.8 k=4.0 (mu_rec=8 mu_bwd=4) | grad=1.405 | tok/s=25,099 | tokens=3.76B
step=114820 | loss=3.2930 | lr=3.00e-04 | wd=0.0248 | mom=0.9500 | T=10.5 k=3.5 (mu_rec=8 mu_bwd=4) | grad=1.098 | tok/s=23,060 | tokens=3.76B
step=114830 | loss=3.2659 | lr=3.00e-04 | wd=0.0247 | mom=0.9500 | T=5.0 k=3.0 (mu_rec=8 mu_bwd=4) | grad=0.893 | tok/s=24,427 | tokens=3.76B
step=114840 | loss=3.1937 | lr=3.00e-04 | wd=0.0247 | mom=0.9500 | T=7.5 k=3.2 (mu_rec=8 mu_bwd=4) | grad=0.881 | tok/s=24,252 | tokens=3.76B
step=114850 | loss=2.9053 | lr=3.00e-04 | wd=0.0247 | mom=0.9500 | T=8.8 k=3.2 (mu_rec=8 mu_bwd=4) | grad=1.458 | tok/s=24,663 | tokens=3.76B
step=114860 | loss=3.3725 | lr=3.00e-04 | wd=0.0247 | mom=0.9500 | T=5.8 k=4.0 (mu_rec=8 mu_bwd=4) | grad=0.946 | tok/s=23,727 | tokens=3.76B
step=114870 | loss=2.9103 | lr=3.00e-04 | wd=0.0247 | mom=0.9500 | T=7.2 k=3.5 (mu_rec=8 mu_bwd=4) | grad=1.147 | tok/s=23,899 | tokens=3.76B
step=114880 | loss=3.2264 | lr=3.00e-04 | wd=0.0247 | mom=0.9500 | T=4.0 k=3.2 (mu_rec=8 mu_bwd=4) | grad=1.246 | tok/s=23,735 | tokens=3.76B
step=114890 | loss=3.2582 | lr=3.00e-04 | wd=0.0247 | mom=0.9500 | T=4.5 k=3.5 (mu_rec=8 mu_bwd=4) | grad=1.048 | tok/s=22,481 | tokens=3.76B
step=114900 | loss=3.1248 | lr=3.00e-04 | wd=0.0247 | mom=0.9500 | T=9.5 k=3.5 (mu_rec=8 mu_bwd=4) | grad=0.916 | tok/s=25,823 | tokens=3.77B
step=114910 | loss=3.0659 | lr=3.00e-04 | wd=0.0247 | mom=0.9500 | T=8.2 k=3.8 (mu_rec=8 mu_bwd=4) | grad=1.123 | tok/s=22,871 | tokens=3.77B
step=114920 | loss=3.3772 | lr=3.00e-04 | wd=0.0247 | mom=0.9500 | T=5.5 k=3.2 (mu_rec=8 mu_bwd=4) | grad=2.471 | tok/s=25,092 | tokens=3.77B
step=114930 | loss=3.2586 | lr=3.00e-04 | wd=0.0247 | mom=0.9500 | T=6.8 k=4.0 (mu_rec=8 mu_bwd=4) | grad=0.808 | tok/s=24,849 | tokens=3.77B
step=114940 | loss=3.0280 | lr=3.00e-04 | wd=0.0247 | mom=0.9500 | T=8.0 k=3.5 (mu_rec=8 mu_bwd=4) | grad=1.099 | tok/s=23,859 | tokens=3.77B
step=114950 | loss=3.1805 | lr=3.00e-04 | wd=0.0247 | mom=0.9500 | T=10.0 k=3.5 (mu_rec=8 mu_bwd=4) | grad=0.910 | tok/s=22,625 | tokens=3.77B
step=114960 | loss=3.3830 | lr=3.00e-04 | wd=0.0247 | mom=0.9500 | T=7.2 k=3.8 (mu_rec=8 mu_bwd=4) | grad=0.940 | tok/s=23,554 | tokens=3.77B
step=114970 | loss=3.0680 | lr=3.00e-04 | wd=0.0247 | mom=0.9500 | T=12.8 k=4.0 (mu_rec=8 mu_bwd=4) | grad=0.983 | tok/s=24,461 | tokens=3.77B
step=114980 | loss=2.7131 | lr=3.00e-04 | wd=0.0246 | mom=0.9500 | T=7.5 k=3.2 (mu_rec=8 mu_bwd=4) | grad=1.032 | tok/s=23,387 | tokens=3.77B
step=114990 | loss=3.2029 | lr=3.00e-04 | wd=0.0246 | mom=0.9500 | T=10.8 k=3.8 (mu_rec=8 mu_bwd=4) | grad=0.858 | tok/s=22,510 | tokens=3.77B
step=115000 | loss=3.7727 | lr=3.00e-04 | wd=0.0246 | mom=0.9500 | T=5.0 k=3.5 (mu_rec=8 mu_bwd=4) | grad=1.081 | tok/s=24,361 | tokens=3.77B
step=115010 | loss=3.6098 | lr=3.00e-04 | wd=0.0246 | mom=0.9500 | T=10.0 k=4.0 (mu_rec=8 mu_bwd=4) | grad=0.968 | tok/s=23,673 | tokens=3.77B
step=115020 | loss=2.8158 | lr=3.00e-04 | wd=0.0246 | mom=0.9500 | T=5.2 k=3.5 (mu_rec=8 mu_bwd=4) | grad=0.906 | tok/s=23,939 | tokens=3.77B
step=115030 | loss=3.1559 | lr=3.00e-04 | wd=0.0246 | mom=0.9500 | T=7.0 k=4.0 (mu_rec=8 mu_bwd=4) | grad=1.034 | tok/s=22,727 | tokens=3.77B
step=115040 | loss=2.8570 | lr=3.00e-04 | wd=0.0246 | mom=0.9500 | T=5.2 k=4.0 (mu_rec=8 mu_bwd=4) | grad=0.985 | tok/s=24,065 | tokens=3.77B
step=115050 | loss=2.9689 | lr=3.00e-04 | wd=0.0246 | mom=0.9500 | T=11.0 k=4.0 (mu_rec=8 mu_bwd=4) | grad=1.023 | tok/s=24,270 | tokens=3.77B
step=115060 | loss=2.8733 | lr=3.00e-04 | wd=0.0246 | mom=0.9500 | T=8.0 k=3.5 (mu_rec=8 mu_bwd=4) | grad=1.081 | tok/s=23,525 | tokens=3.77B
step=115070 | loss=3.2472 | lr=3.00e-04 | wd=0.0246 | mom=0.9500 | T=5.8 k=4.0 (mu_rec=8 mu_bwd=4) | grad=1.492 | tok/s=23,419 | tokens=3.77B
step=115080 | loss=3.1693 | lr=3.00e-04 | wd=0.0246 | mom=0.9500 | T=10.0 k=4.0 (mu_rec=8 mu_bwd=4) | grad=1.275 | tok/s=23,994 | tokens=3.77B
step=115090 | loss=3.3881 | lr=3.00e-04 | wd=0.0246 | mom=0.9500 | T=4.8 k=2.5 (mu_rec=8 mu_bwd=4) | grad=1.437 | tok/s=24,841 | tokens=3.77B
step=115100 | loss=3.3621 | lr=3.00e-04 | wd=0.0246 | mom=0.9500 | T=5.2 k=3.2 (mu_rec=8 mu_bwd=4) | grad=1.012 | tok/s=24,331 | tokens=3.77B
step=115110 | loss=3.4531 | lr=3.00e-04 | wd=0.0246 | mom=0.9500 | T=7.5 k=3.5 (mu_rec=8 mu_bwd=4) | grad=0.940 | tok/s=24,422 | tokens=3.77B
step=115120 | loss=3.0753 | lr=3.00e-04 | wd=0.0246 | mom=0.9500 | T=7.8 k=3.2 (mu_rec=8 mu_bwd=4) | grad=0.960 | tok/s=23,479 | tokens=3.77B
step=115130 | loss=3.2066 | lr=3.00e-04 | wd=0.0245 | mom=0.9500 | T=8.5 k=4.0 (mu_rec=8 mu_bwd=4) | grad=1.125 | tok/s=25,659 | tokens=3.77B
step=115140 | loss=2.9375 | lr=3.00e-04 | wd=0.0245 | mom=0.9500 | T=7.0 k=3.5 (mu_rec=8 mu_bwd=4) | grad=3.195 | tok/s=23,746 | tokens=3.77B
step=115150 | loss=3.1684 | lr=3.00e-04 | wd=0.0245 | mom=0.9500 | T=12.2 k=3.8 (mu_rec=8 mu_bwd=4) | grad=0.935 | tok/s=23,457 | tokens=3.77B
step=115160 | loss=3.1247 | lr=3.00e-04 | wd=0.0245 | mom=0.9500 | T=8.5 k=3.8 (mu_rec=8 mu_bwd=4) | grad=1.122 | tok/s=23,255 | tokens=3.77B
step=115170 | loss=3.1171 | lr=3.00e-04 | wd=0.0245 | mom=0.9500 | T=2.2 k=2.2 (mu_rec=8 mu_bwd=4) | grad=1.091 | tok/s=24,971 | tokens=3.77B
step=115180 | loss=3.2467 | lr=3.00e-04 | wd=0.0245 | mom=0.9500 | T=7.8 k=3.8 (mu_rec=8 mu_bwd=4) | grad=1.303 | tok/s=23,739 | tokens=3.77B
step=115190 | loss=3.1271 | lr=3.00e-04 | wd=0.0245 | mom=0.9500 | T=6.0 k=3.8 (mu_rec=8 mu_bwd=4) | grad=1.043 | tok/s=22,698 | tokens=3.77B
step=115200 | loss=3.1491 | lr=3.00e-04 | wd=0.0245 | mom=0.9500 | T=10.0 k=4.0 (mu_rec=8 mu_bwd=4) | grad=0.824 | tok/s=22,754 | tokens=3.77B
step=115210 | loss=3.2524 | lr=3.00e-04 | wd=0.0245 | mom=0.9500 | T=7.8 k=3.2 (mu_rec=8 mu_bwd=4) | grad=1.015 | tok/s=22,244 | tokens=3.78B
step=115220 | loss=3.1263 | lr=3.00e-04 | wd=0.0245 | mom=0.9500 | T=12.8 k=4.0 (mu_rec=8 mu_bwd=4) | grad=0.833 | tok/s=22,265 | tokens=3.78B
step=115230 | loss=3.1154 | lr=3.00e-04 | wd=0.0245 | mom=0.9500 | T=7.5 k=3.8 (mu_rec=8 mu_bwd=4) | grad=1.024 | tok/s=23,224 | tokens=3.78B
step=115240 | loss=2.8224 | lr=3.00e-04 | wd=0.0245 | mom=0.9500 | T=6.5 k=4.0 (mu_rec=8 mu_bwd=4) | grad=0.975 | tok/s=24,792 | tokens=3.78B
step=115250 | loss=2.8866 | lr=3.00e-04 | wd=0.0245 | mom=0.9500 | T=9.8 k=4.0 (mu_rec=8 mu_bwd=4) | grad=0.980 | tok/s=22,698 | tokens=3.78B
step=115260 | loss=3.2172 | lr=3.00e-04 | wd=0.0245 | mom=0.9500 | T=9.2 k=4.0 (mu_rec=8 mu_bwd=4) | grad=1.563 | tok/s=22,410 | tokens=3.78B
step=115270 | loss=3.2145 | lr=3.00e-04 | wd=0.0245 | mom=0.9500 | T=7.5 k=4.0 (mu_rec=8 mu_bwd=4) | grad=0.850 | tok/s=10,451 | tokens=3.78B
step=115280 | loss=2.7207 | lr=3.00e-04 | wd=0.0245 | mom=0.9500 | T=8.2 k=4.0 (mu_rec=8 mu_bwd=4) | grad=1.016 | tok/s=9,901 | tokens=3.78B
step=115290 | loss=3.0640 | lr=3.00e-04 | wd=0.0244 | mom=0.9500 | T=7.2 k=4.0 (mu_rec=8 mu_bwd=4) | grad=1.609 | tok/s=22,830 | tokens=3.78B
step=115300 | loss=3.0389 | lr=3.00e-04 | wd=0.0244 | mom=0.9500 | T=8.8 k=4.0 (mu_rec=8 mu_bwd=4) | grad=1.107 | tok/s=23,030 | tokens=3.78B
step=115310 | loss=3.1379 | lr=3.00e-04 | wd=0.0244 | mom=0.9500 | T=7.2 k=4.0 (mu_rec=8 mu_bwd=4) | grad=0.851 | tok/s=24,274 | tokens=3.78B
step=115320 | loss=3.0271 | lr=3.00e-04 | wd=0.0244 | mom=0.9500 | T=9.2 k=4.0 (mu_rec=8 mu_bwd=4) | grad=1.647 | tok/s=23,274 | tokens=3.78B
step=115330 | loss=2.9531 | lr=3.00e-04 | wd=0.0244 | mom=0.9500 | T=4.5 k=3.8 (mu_rec=8 mu_bwd=4) | grad=1.106 | tok/s=24,793 | tokens=3.78B
step=115340 | loss=2.9443 | lr=3.00e-04 | wd=0.0244 | mom=0.9500 | T=8.2 k=3.0 (mu_rec=8 mu_bwd=4) | grad=1.015 | tok/s=22,410 | tokens=3.78B
step=115350 | loss=3.1833 | lr=3.00e-04 | wd=0.0244 | mom=0.9500 | T=8.8 k=3.8 (mu_rec=8 mu_bwd=4) | grad=0.985 | tok/s=22,994 | tokens=3.78B
step=115360 | loss=3.5770 | lr=3.00e-04 | wd=0.0244 | mom=0.9500 | T=5.0 k=3.8 (mu_rec=8 mu_bwd=4) | grad=1.899 | tok/s=26,638 | tokens=3.78B
step=115370 | loss=3.4458 | lr=3.00e-04 | wd=0.0244 | mom=0.9500 | T=8.8 k=3.8 (mu_rec=8 mu_bwd=4) | grad=1.483 | tok/s=22,654 | tokens=3.78B
step=115380 | loss=3.2446 | lr=3.00e-04 | wd=0.0244 | mom=0.9500 | T=14.0 k=4.0 (mu_rec=8 mu_bwd=4) | grad=1.405 | tok/s=23,441 | tokens=3.78B
step=115390 | loss=3.3365 | lr=3.00e-04 | wd=0.0244 | mom=0.9500 | T=5.0 k=3.5 (mu_rec=8 mu_bwd=4) | grad=1.203 | tok/s=23,259 | tokens=3.78B
step=115400 | loss=3.1221 | lr=3.00e-04 | wd=0.0244 | mom=0.9500 | T=9.5 k=4.0 (mu_rec=8 mu_bwd=4) | grad=0.827 | tok/s=22,873 | tokens=3.78B
step=115410 | loss=3.2123 | lr=3.00e-04 | wd=0.0244 | mom=0.9500 | T=9.2 k=4.0 (mu_rec=8 mu_bwd=4) | grad=0.879 | tok/s=24,063 | tokens=3.78B
step=115420 | loss=2.7701 | lr=3.00e-04 | wd=0.0244 | mom=0.9500 | T=5.2 k=3.0 (mu_rec=8 mu_bwd=4) | grad=2.438 | tok/s=24,755 | tokens=3.78B
step=115430 | loss=3.0361 | lr=3.00e-04 | wd=0.0244 | mom=0.9500 | T=6.8 k=3.8 (mu_rec=8 mu_bwd=4) | grad=0.931 | tok/s=25,591 | tokens=3.78B
step=115440 | loss=2.8290 | lr=3.00e-04 | wd=0.0243 | mom=0.9500 | T=7.8 k=4.0 (mu_rec=8 mu_bwd=4) | grad=0.977 | tok/s=23,355 | tokens=3.78B
step=115450 | loss=2.8576 | lr=3.00e-04 | wd=0.0243 | mom=0.9500 | T=7.2 k=3.8 (mu_rec=8 mu_bwd=4) | grad=0.898 | tok/s=24,812 | tokens=3.78B
step=115460 | loss=2.7372 | lr=3.00e-04 | wd=0.0243 | mom=0.9500 | T=6.0 k=3.5 (mu_rec=8 mu_bwd=4) | grad=0.866 | tok/s=24,176 | tokens=3.78B
step=115470 | loss=3.0748 | lr=3.00e-04 | wd=0.0243 | mom=0.9500 | T=7.0 k=4.0 (mu_rec=8 mu_bwd=4) | grad=0.885 | tok/s=24,764 | tokens=3.78B
step=115480 | loss=3.1692 | lr=3.00e-04 | wd=0.0243 | mom=0.9500 | T=4.0 k=2.8 (mu_rec=8 mu_bwd=4) | grad=1.125 | tok/s=24,339 | tokens=3.78B
step=115490 | loss=3.0627 | lr=3.00e-04 | wd=0.0243 | mom=0.9500 | T=7.2 k=3.8 (mu_rec=8 mu_bwd=4) | grad=1.422 | tok/s=24,646 | tokens=3.78B
step=115500 | loss=3.3005 | lr=3.00e-04 | wd=0.0243 | mom=0.9500 | T=5.2 k=3.5 (mu_rec=8 mu_bwd=4) | grad=1.175 | tok/s=24,207 | tokens=3.78B
step=115510 | loss=3.0080 | lr=3.00e-04 | wd=0.0243 | mom=0.9500 | T=6.0 k=4.0 (mu_rec=8 mu_bwd=4) | grad=1.134 | tok/s=23,368 | tokens=3.79B
step=115520 | loss=2.8954 | lr=3.00e-04 | wd=0.0243 | mom=0.9500 | T=8.0 k=4.0 (mu_rec=8 mu_bwd=4) | grad=1.242 | tok/s=24,895 | tokens=3.79B
step=115530 | loss=2.8899 | lr=3.00e-04 | wd=0.0243 | mom=0.9500 | T=6.8 k=3.2 (mu_rec=8 mu_bwd=4) | grad=1.061 | tok/s=24,154 | tokens=3.79B
step=115540 | loss=3.2654 | lr=3.00e-04 | wd=0.0243 | mom=0.9500 | T=6.0 k=3.5 (mu_rec=8 mu_bwd=4) | grad=1.391 | tok/s=23,038 | tokens=3.79B
step=115550 | loss=3.4878 | lr=3.00e-04 | wd=0.0243 | mom=0.9500 | T=13.8 k=4.0 (mu_rec=8 mu_bwd=4) | grad=2.439 | tok/s=22,782 | tokens=3.79B
step=115560 | loss=3.1321 | lr=3.00e-04 | wd=0.0243 | mom=0.9500 | T=7.2 k=4.0 (mu_rec=8 mu_bwd=4) | grad=0.798 | tok/s=25,086 | tokens=3.79B
step=115570 | loss=3.2103 | lr=3.00e-04 | wd=0.0243 | mom=0.9500 | T=7.2 k=3.2 (mu_rec=8 mu_bwd=4) | grad=1.077 | tok/s=24,289 | tokens=3.79B
step=115580 | loss=3.3554 | lr=3.00e-04 | wd=0.0243 | mom=0.9500 | T=4.8 k=3.5 (mu_rec=8 mu_bwd=4) | grad=0.965 | tok/s=24,968 | tokens=3.79B
step=115590 | loss=3.5342 | lr=3.00e-04 | wd=0.0242 | mom=0.9500 | T=15.8 k=2.8 (mu_rec=8 mu_bwd=4) | grad=0.931 | tok/s=24,287 | tokens=3.79B
step=115600 | loss=2.9048 | lr=3.00e-04 | wd=0.0242 | mom=0.9500 | T=7.8 k=3.8 (mu_rec=8 mu_bwd=4) | grad=1.029 | tok/s=23,432 | tokens=3.79B
step=115610 | loss=2.8968 | lr=3.00e-04 | wd=0.0242 | mom=0.9500 | T=10.0 k=3.5 (mu_rec=8 mu_bwd=4) | grad=0.892 | tok/s=21,373 | tokens=3.79B
step=115620 | loss=3.1748 | lr=3.00e-04 | wd=0.0242 | mom=0.9500 | T=8.2 k=4.0 (mu_rec=8 mu_bwd=4) | grad=1.006 | tok/s=25,850 | tokens=3.79B
step=115630 | loss=3.1787 | lr=3.00e-04 | wd=0.0242 | mom=0.9500 | T=7.2 k=3.8 (mu_rec=8 mu_bwd=4) | grad=1.678 | tok/s=23,563 | tokens=3.79B
step=115640 | loss=2.8891 | lr=3.00e-04 | wd=0.0242 | mom=0.9500 | T=3.8 k=3.0 (mu_rec=8 mu_bwd=4) | grad=1.098 | tok/s=25,104 | tokens=3.79B
step=115650 | loss=3.2840 | lr=3.00e-04 | wd=0.0242 | mom=0.9500 | T=7.8 k=4.0 (mu_rec=8 mu_bwd=4) | grad=1.161 | tok/s=23,550 | tokens=3.79B
step=115660 | loss=3.0768 | lr=3.00e-04 | wd=0.0242 | mom=0.9500 | T=9.5 k=4.0 (mu_rec=8 mu_bwd=4) | grad=1.034 | tok/s=23,932 | tokens=3.79B
step=115670 | loss=3.1796 | lr=3.00e-04 | wd=0.0242 | mom=0.9500 | T=8.2 k=4.0 (mu_rec=8 mu_bwd=4) | grad=4.245 | tok/s=24,819 | tokens=3.79B
step=115680 | loss=3.1342 | lr=3.00e-04 | wd=0.0242 | mom=0.9500 | T=14.0 k=4.0 (mu_rec=8 mu_bwd=4) | grad=1.282 | tok/s=21,858 | tokens=3.79B
step=115690 | loss=3.1237 | lr=3.00e-04 | wd=0.0242 | mom=0.9500 | T=5.5 k=3.8 (mu_rec=8 mu_bwd=4) | grad=0.768 | tok/s=25,506 | tokens=3.79B
step=115700 | loss=2.9468 | lr=3.00e-04 | wd=0.0242 | mom=0.9500 | T=5.0 k=3.8 (mu_rec=8 mu_bwd=4) | grad=0.762 | tok/s=27,517 | tokens=3.79B
step=115710 | loss=3.0884 | lr=3.00e-04 | wd=0.0242 | mom=0.9500 | T=6.0 k=3.0 (mu_rec=8 mu_bwd=4) | grad=0.861 | tok/s=22,660 | tokens=3.79B
step=115720 | loss=3.0111 | lr=3.00e-04 | wd=0.0242 | mom=0.9500 | T=5.2 k=3.8 (mu_rec=8 mu_bwd=4) | grad=1.078 | tok/s=25,082 | tokens=3.79B
step=115730 | loss=2.9476 | lr=3.00e-04 | wd=0.0242 | mom=0.9500 | T=8.2 k=3.5 (mu_rec=8 mu_bwd=4) | grad=1.059 | tok/s=23,393 | tokens=3.79B
step=115740 | loss=3.3181 | lr=3.00e-04 | wd=0.0241 | mom=0.9500 | T=8.8 k=4.0 (mu_rec=8 mu_bwd=4) | grad=1.751 | tok/s=22,835 | tokens=3.79B
step=115750 | loss=3.0810 | lr=3.00e-04 | wd=0.0241 | mom=0.9500 | T=4.5 k=3.5 (mu_rec=8 mu_bwd=4) | grad=0.885 | tok/s=24,471 | tokens=3.79B
step=115760 | loss=3.1897 | lr=3.00e-04 | wd=0.0241 | mom=0.9500 | T=6.0 k=4.0 (mu_rec=8 mu_bwd=4) | grad=0.767 | tok/s=22,611 | tokens=3.79B
step=115770 | loss=3.0965 | lr=3.00e-04 | wd=0.0241 | mom=0.9500 | T=6.2 k=3.5 (mu_rec=8 mu_bwd=4) | grad=0.983 | tok/s=25,498 | tokens=3.79B
step=115780 | loss=3.1070 | lr=3.00e-04 | wd=0.0241 | mom=0.9500 | T=8.0 k=4.0 (mu_rec=8 mu_bwd=4) | grad=1.273 | tok/s=25,085 | tokens=3.79B
step=115790 | loss=3.0307 | lr=3.00e-04 | wd=0.0241 | mom=0.9500 | T=8.8 k=3.8 (mu_rec=8 mu_bwd=4) | grad=0.859 | tok/s=24,796 | tokens=3.79B
step=115800 | loss=3.2386 | lr=3.00e-04 | wd=0.0241 | mom=0.9500 | T=8.5 k=4.0 (mu_rec=8 mu_bwd=4) | grad=1.737 | tok/s=22,809 | tokens=3.79B
step=115810 | loss=3.1176 | lr=3.00e-04 | wd=0.0241 | mom=0.9500 | T=7.5 k=3.5 (mu_rec=8 mu_bwd=4) | grad=1.145 | tok/s=22,642 | tokens=3.79B
step=115820 | loss=2.7711 | lr=3.00e-04 | wd=0.0241 | mom=0.9500 | T=6.8 k=3.2 (mu_rec=8 mu_bwd=4) | grad=1.117 | tok/s=22,594 | tokens=3.80B
step=115830 | loss=3.2136 | lr=3.00e-04 | wd=0.0241 | mom=0.9500 | T=6.0 k=3.2 (mu_rec=8 mu_bwd=4) | grad=0.929 | tok/s=23,408 | tokens=3.80B
step=115840 | loss=3.3863 | lr=3.00e-04 | wd=0.0241 | mom=0.9500 | T=13.5 k=4.0 (mu_rec=8 mu_bwd=4) | grad=0.895 | tok/s=24,487 | tokens=3.80B
step=115850 | loss=3.1960 | lr=3.00e-04 | wd=0.0241 | mom=0.9500 | T=9.2 k=3.2 (mu_rec=8 mu_bwd=4) | grad=1.388 | tok/s=24,458 | tokens=3.80B
step=115860 | loss=3.0480 | lr=3.00e-04 | wd=0.0241 | mom=0.9500 | T=5.5 k=3.8 (mu_rec=8 mu_bwd=4) | grad=1.487 | tok/s=23,169 | tokens=3.80B
step=115870 | loss=2.9457 | lr=3.00e-04 | wd=0.0241 | mom=0.9500 | T=6.2 k=4.0 (mu_rec=8 mu_bwd=4) | grad=0.812 | tok/s=23,451 | tokens=3.80B
step=115880 | loss=3.3080 | lr=3.00e-04 | wd=0.0241 | mom=0.9500 | T=10.8 k=3.8 (mu_rec=8 mu_bwd=4) | grad=0.952 | tok/s=24,414 | tokens=3.80B
step=115890 | loss=3.3150 | lr=3.00e-04 | wd=0.0241 | mom=0.9500 | T=6.2 k=4.0 (mu_rec=8 mu_bwd=4) | grad=1.399 | tok/s=26,810 | tokens=3.80B
step=115900 | loss=3.2709 | lr=3.00e-04 | wd=0.0240 | mom=0.9500 | T=6.5 k=3.5 (mu_rec=8 mu_bwd=4) | grad=1.000 | tok/s=24,708 | tokens=3.80B
step=115910 | loss=3.0127 | lr=3.00e-04 | wd=0.0240 | mom=0.9500 | T=6.0 k=4.0 (mu_rec=8 mu_bwd=4) | grad=1.116 | tok/s=22,739 | tokens=3.80B
step=115920 | loss=3.0548 | lr=3.00e-04 | wd=0.0240 | mom=0.9500 | T=6.8 k=4.0 (mu_rec=8 mu_bwd=4) | grad=1.219 | tok/s=24,694 | tokens=3.80B
step=115930 | loss=3.2453 | lr=3.00e-04 | wd=0.0240 | mom=0.9500 | T=9.8 k=3.8 (mu_rec=8 mu_bwd=4) | grad=1.271 | tok/s=22,304 | tokens=3.80B
step=115940 | loss=3.2763 | lr=3.00e-04 | wd=0.0240 | mom=0.9500 | T=4.0 k=3.5 (mu_rec=8 mu_bwd=4) | grad=1.452 | tok/s=23,004 | tokens=3.80B
step=115950 | loss=3.2346 | lr=3.00e-04 | wd=0.0240 | mom=0.9500 | T=7.8 k=3.0 (mu_rec=8 mu_bwd=4) | grad=1.011 | tok/s=25,207 | tokens=3.80B
step=115960 | loss=3.2989 | lr=3.00e-04 | wd=0.0240 | mom=0.9500 | T=9.5 k=4.0 (mu_rec=8 mu_bwd=4) | grad=0.767 | tok/s=22,177 | tokens=3.80B
step=115970 | loss=3.0546 | lr=3.00e-04 | wd=0.0240 | mom=0.9500 | T=24.8 k=4.0 (mu_rec=8 mu_bwd=4) | grad=1.441 | tok/s=23,068 | tokens=3.80B
step=115980 | loss=3.7909 | lr=3.00e-04 | wd=0.0240 | mom=0.9500 | T=9.5 k=3.8 (mu_rec=8 mu_bwd=4) | grad=1.143 | tok/s=22,942 | tokens=3.80B
step=115990 | loss=3.1102 | lr=3.00e-04 | wd=0.0240 | mom=0.9500 | T=7.5 k=4.0 (mu_rec=8 mu_bwd=4) | grad=1.632 | tok/s=21,824 | tokens=3.80B
step=116000 | loss=2.8261 | lr=3.00e-04 | wd=0.0240 | mom=0.9500 | T=5.0 k=3.5 (mu_rec=8 mu_bwd=4) | grad=0.984 | tok/s=23,356 | tokens=3.80B
[step 116000] Saved -> runs/cortex-5b-k4/checkpoint_0116000
[step 116000] Pruned -> runs/cortex-5b-k4/checkpoint_0112000
step=116010 | loss=3.0904 | lr=3.00e-04 | wd=0.0240 | mom=0.9500 | T=9.0 k=4.0 (mu_rec=8 mu_bwd=4) | grad=1.466 | tok/s=21,955 | tokens=3.80B
step=116020 | loss=3.1287 | lr=3.00e-04 | wd=0.0240 | mom=0.9500 | T=6.2 k=3.2 (mu_rec=8 mu_bwd=4) | grad=1.048 | tok/s=24,243 | tokens=3.80B
step=116030 | loss=3.0471 | lr=3.00e-04 | wd=0.0240 | mom=0.9500 | T=4.8 k=3.2 (mu_rec=8 mu_bwd=4) | grad=1.280 | tok/s=24,049 | tokens=3.80B
step=116040 | loss=3.2351 | lr=3.00e-04 | wd=0.0240 | mom=0.9500 | T=9.8 k=3.8 (mu_rec=8 mu_bwd=4) | grad=1.326 | tok/s=23,873 | tokens=3.80B
step=116050 | loss=3.0425 | lr=3.00e-04 | wd=0.0239 | mom=0.9500 | T=9.2 k=4.0 (mu_rec=8 mu_bwd=4) | grad=1.143 | tok/s=23,394 | tokens=3.80B
step=116060 | loss=2.9433 | lr=3.00e-04 | wd=0.0239 | mom=0.9500 | T=9.0 k=3.8 (mu_rec=8 mu_bwd=4) | grad=0.916 | tok/s=20,829 | tokens=3.80B
step=116070 | loss=3.1136 | lr=3.00e-04 | wd=0.0239 | mom=0.9500 | T=7.2 k=3.2 (mu_rec=8 mu_bwd=4) | grad=1.661 | tok/s=25,249 | tokens=3.80B
step=116080 | loss=3.2684 | lr=3.00e-04 | wd=0.0239 | mom=0.9500 | T=8.5 k=4.0 (mu_rec=8 mu_bwd=4) | grad=0.920 | tok/s=25,209 | tokens=3.80B
step=116090 | loss=3.2251 | lr=3.00e-04 | wd=0.0239 | mom=0.9500 | T=7.8 k=4.0 (mu_rec=8 mu_bwd=4) | grad=0.936 | tok/s=23,074 | tokens=3.80B
step=116100 | loss=3.0649 | lr=3.00e-04 | wd=0.0239 | mom=0.9500 | T=8.8 k=4.0 (mu_rec=8 mu_bwd=4) | grad=1.235 | tok/s=22,449 | tokens=3.80B
step=116110 | loss=3.0548 | lr=3.00e-04 | wd=0.0239 | mom=0.9500 | T=7.2 k=4.0 (mu_rec=8 mu_bwd=4) | grad=0.885 | tok/s=10,775 | tokens=3.80B
step=116120 | loss=3.1312 | lr=3.00e-04 | wd=0.0239 | mom=0.9500 | T=5.2 k=3.0 (mu_rec=8 mu_bwd=4) | grad=1.093 | tok/s=10,095 | tokens=3.81B
step=116130 | loss=3.3232 | lr=3.00e-04 | wd=0.0239 | mom=0.9500 | T=5.5 k=3.2 (mu_rec=8 mu_bwd=4) | grad=1.302 | tok/s=24,848 | tokens=3.81B
step=116140 | loss=3.5045 | lr=3.00e-04 | wd=0.0239 | mom=0.9500 | T=7.5 k=3.5 (mu_rec=8 mu_bwd=4) | grad=1.538 | tok/s=23,110 | tokens=3.81B
step=116150 | loss=3.5574 | lr=3.00e-04 | wd=0.0239 | mom=0.9500 | T=7.5 k=4.0 (mu_rec=8 mu_bwd=4) | grad=1.624 | tok/s=23,456 | tokens=3.81B
step=116160 | loss=3.3214 | lr=3.00e-04 | wd=0.0239 | mom=0.9500 | T=9.8 k=4.0 (mu_rec=8 mu_bwd=4) | grad=1.971 | tok/s=23,027 | tokens=3.81B
step=116170 | loss=3.2336 | lr=3.00e-04 | wd=0.0239 | mom=0.9500 | T=5.0 k=3.5 (mu_rec=8 mu_bwd=4) | grad=1.117 | tok/s=22,987 | tokens=3.81B
step=116180 | loss=3.4241 | lr=3.00e-04 | wd=0.0239 | mom=0.9500 | T=8.8 k=3.5 (mu_rec=8 mu_bwd=4) | grad=0.917 | tok/s=24,831 | tokens=3.81B
step=116190 | loss=3.1651 | lr=3.00e-04 | wd=0.0239 | mom=0.9500 | T=9.8 k=3.8 (mu_rec=8 mu_bwd=4) | grad=1.418 | tok/s=23,168 | tokens=3.81B
step=116200 | loss=3.2793 | lr=3.00e-04 | wd=0.0238 | mom=0.9500 | T=7.5 k=4.0 (mu_rec=8 mu_bwd=4) | grad=1.957 | tok/s=23,897 | tokens=3.81B
step=116210 | loss=2.9900 | lr=3.00e-04 | wd=0.0238 | mom=0.9500 | T=8.8 k=4.0 (mu_rec=8 mu_bwd=4) | grad=1.072 | tok/s=24,467 | tokens=3.81B
step=116220 | loss=3.1787 | lr=3.00e-04 | wd=0.0238 | mom=0.9500 | T=10.2 k=4.0 (mu_rec=8 mu_bwd=4) | grad=0.837 | tok/s=22,888 | tokens=3.81B
step=116230 | loss=3.2172 | lr=3.00e-04 | wd=0.0238 | mom=0.9500 | T=4.2 k=3.0 (mu_rec=8 mu_bwd=4) | grad=0.869 | tok/s=22,316 | tokens=3.81B
step=116240 | loss=3.7590 | lr=3.00e-04 | wd=0.0238 | mom=0.9500 | T=7.2 k=3.8 (mu_rec=8 mu_bwd=4) | grad=0.989 | tok/s=22,656 | tokens=3.81B
step=116250 | loss=3.4522 | lr=3.00e-04 | wd=0.0238 | mom=0.9500 | T=8.8 k=3.8 (mu_rec=8 mu_bwd=4) | grad=1.328 | tok/s=22,806 | tokens=3.81B
step=116260 | loss=3.3782 | lr=3.00e-04 | wd=0.0238 | mom=0.9500 | T=6.2 k=3.8 (mu_rec=8 mu_bwd=4) | grad=1.107 | tok/s=23,930 | tokens=3.81B
step=116270 | loss=3.2165 | lr=3.00e-04 | wd=0.0238 | mom=0.9500 | T=10.8 k=4.0 (mu_rec=8 mu_bwd=4) | grad=0.842 | tok/s=22,108 | tokens=3.81B
step=116280 | loss=3.2567 | lr=3.00e-04 | wd=0.0238 | mom=0.9500 | T=5.2 k=3.5 (mu_rec=8 mu_bwd=4) | grad=1.093 | tok/s=24,398 | tokens=3.81B
step=116290 | loss=3.2147 | lr=3.00e-04 | wd=0.0238 | mom=0.9500 | T=5.0 k=4.0 (mu_rec=8 mu_bwd=4) | grad=1.004 | tok/s=23,694 | tokens=3.81B
step=116300 | loss=2.9466 | lr=3.00e-04 | wd=0.0238 | mom=0.9500 | T=8.2 k=3.8 (mu_rec=8 mu_bwd=4) | grad=0.908 | tok/s=23,610 | tokens=3.81B
step=116310 | loss=3.0648 | lr=3.00e-04 | wd=0.0238 | mom=0.9500 | T=7.5 k=3.8 (mu_rec=8 mu_bwd=4) | grad=0.848 | tok/s=24,649 | tokens=3.81B
step=116320 | loss=3.2468 | lr=3.00e-04 | wd=0.0238 | mom=0.9500 | T=8.2 k=4.0 (mu_rec=8 mu_bwd=4) | grad=1.005 | tok/s=24,237 | tokens=3.81B
step=116330 | loss=2.9139 | lr=3.00e-04 | wd=0.0238 | mom=0.9500 | T=4.5 k=2.8 (mu_rec=8 mu_bwd=4) | grad=1.217 | tok/s=24,999 | tokens=3.81B
step=116340 | loss=3.1246 | lr=3.00e-04 | wd=0.0238 | mom=0.9500 | T=8.2 k=4.0 (mu_rec=8 mu_bwd=4) | grad=0.949 | tok/s=24,732 | tokens=3.81B
step=116350 | loss=2.7496 | lr=3.00e-04 | wd=0.0237 | mom=0.9500 | T=5.0 k=3.5 (mu_rec=8 mu_bwd=4) | grad=1.127 | tok/s=22,537 | tokens=3.81B
step=116360 | loss=2.8541 | lr=3.00e-04 | wd=0.0237 | mom=0.9500 | T=8.2 k=3.8 (mu_rec=8 mu_bwd=4) | grad=0.909 | tok/s=20,942 | tokens=3.81B
step=116370 | loss=2.9091 | lr=3.00e-04 | wd=0.0237 | mom=0.9500 | T=7.5 k=4.0 (mu_rec=8 mu_bwd=4) | grad=0.986 | tok/s=22,836 | tokens=3.81B
step=116380 | loss=3.0572 | lr=3.00e-04 | wd=0.0237 | mom=0.9500 | T=5.2 k=3.2 (mu_rec=8 mu_bwd=4) | grad=1.000 | tok/s=24,627 | tokens=3.81B
step=116390 | loss=2.7075 | lr=3.00e-04 | wd=0.0237 | mom=0.9500 | T=3.5 k=3.2 (mu_rec=8 mu_bwd=4) | grad=0.947 | tok/s=24,418 | tokens=3.81B
step=116400 | loss=3.5187 | lr=3.00e-04 | wd=0.0237 | mom=0.9500 | T=8.0 k=3.5 (mu_rec=8 mu_bwd=4) | grad=0.904 | tok/s=22,070 | tokens=3.81B
step=116410 | loss=2.6209 | lr=3.00e-04 | wd=0.0237 | mom=0.9500 | T=5.0 k=4.0 (mu_rec=8 mu_bwd=4) | grad=1.233 | tok/s=24,226 | tokens=3.81B
step=116420 | loss=3.3207 | lr=3.00e-04 | wd=0.0237 | mom=0.9500 | T=9.8 k=4.0 (mu_rec=8 mu_bwd=4) | grad=0.975 | tok/s=22,283 | tokens=3.81B
step=116430 | loss=2.9647 | lr=3.00e-04 | wd=0.0237 | mom=0.9500 | T=8.0 k=3.5 (mu_rec=8 mu_bwd=4) | grad=1.970 | tok/s=24,342 | tokens=3.82B
step=116440 | loss=3.3295 | lr=3.00e-04 | wd=0.0237 | mom=0.9500 | T=11.0 k=4.0 (mu_rec=8 mu_bwd=4) | grad=1.014 | tok/s=22,475 | tokens=3.82B
step=116450 | loss=2.9888 | lr=3.00e-04 | wd=0.0237 | mom=0.9500 | T=5.5 k=2.5 (mu_rec=8 mu_bwd=4) | grad=1.017 | tok/s=24,338 | tokens=3.82B
step=116460 | loss=3.2682 | lr=3.00e-04 | wd=0.0237 | mom=0.9500 | T=13.2 k=4.0 (mu_rec=8 mu_bwd=4) | grad=1.107 | tok/s=21,731 | tokens=3.82B
step=116470 | loss=3.4735 | lr=3.00e-04 | wd=0.0237 | mom=0.9500 | T=11.0 k=4.0 (mu_rec=8 mu_bwd=4) | grad=1.332 | tok/s=22,996 | tokens=3.82B
step=116480 | loss=3.3920 | lr=3.00e-04 | wd=0.0237 | mom=0.9500 | T=4.2 k=2.5 (mu_rec=8 mu_bwd=4) | grad=1.267 | tok/s=24,910 | tokens=3.82B
step=116490 | loss=3.1663 | lr=3.00e-04 | wd=0.0237 | mom=0.9500 | T=6.0 k=4.0 (mu_rec=8 mu_bwd=4) | grad=1.915 | tok/s=24,542 | tokens=3.82B
step=116500 | loss=3.2817 | lr=3.00e-04 | wd=0.0237 | mom=0.9500 | T=6.8 k=3.2 (mu_rec=8 mu_bwd=4) | grad=0.971 | tok/s=24,545 | tokens=3.82B
step=116510 | loss=3.4477 | lr=3.00e-04 | wd=0.0236 | mom=0.9500 | T=7.0 k=3.8 (mu_rec=8 mu_bwd=4) | grad=0.993 | tok/s=23,513 | tokens=3.82B
step=116520 | loss=2.7015 | lr=3.00e-04 | wd=0.0236 | mom=0.9500 | T=8.5 k=4.0 (mu_rec=8 mu_bwd=4) | grad=0.892 | tok/s=22,522 | tokens=3.82B
step=116530 | loss=3.2812 | lr=3.00e-04 | wd=0.0236 | mom=0.9500 | T=3.0 k=2.8 (mu_rec=8 mu_bwd=4) | grad=1.328 | tok/s=23,181 | tokens=3.82B
step=116540 | loss=3.0157 | lr=3.00e-04 | wd=0.0236 | mom=0.9500 | T=6.0 k=3.8 (mu_rec=8 mu_bwd=4) | grad=1.009 | tok/s=24,072 | tokens=3.82B
step=116550 | loss=2.9052 | lr=3.00e-04 | wd=0.0236 | mom=0.9500 | T=6.0 k=4.0 (mu_rec=8 mu_bwd=4) | grad=1.062 | tok/s=23,615 | tokens=3.82B
step=116560 | loss=3.2167 | lr=3.00e-04 | wd=0.0236 | mom=0.9500 | T=7.0 k=3.5 (mu_rec=8 mu_bwd=4) | grad=0.952 | tok/s=23,919 | tokens=3.82B
step=116570 | loss=3.1305 | lr=3.00e-04 | wd=0.0236 | mom=0.9500 | T=9.8 k=3.8 (mu_rec=8 mu_bwd=4) | grad=1.420 | tok/s=21,061 | tokens=3.82B
step=116580 | loss=2.8935 | lr=3.00e-04 | wd=0.0236 | mom=0.9500 | T=8.0 k=4.0 (mu_rec=8 mu_bwd=4) | grad=0.887 | tok/s=24,130 | tokens=3.82B
step=116590 | loss=3.0569 | lr=3.00e-04 | wd=0.0236 | mom=0.9500 | T=8.2 k=4.0 (mu_rec=8 mu_bwd=4) | grad=0.907 | tok/s=23,134 | tokens=3.82B
step=116600 | loss=3.0296 | lr=3.00e-04 | wd=0.0236 | mom=0.9500 | T=11.5 k=4.0 (mu_rec=8 mu_bwd=4) | grad=4.156 | tok/s=23,267 | tokens=3.82B
step=116610 | loss=2.9463 | lr=3.00e-04 | wd=0.0236 | mom=0.9500 | T=4.8 k=3.2 (mu_rec=8 mu_bwd=4) | grad=1.046 | tok/s=24,795 | tokens=3.82B
step=116620 | loss=2.9223 | lr=3.00e-04 | wd=0.0236 | mom=0.9500 | T=12.0 k=3.8 (mu_rec=8 mu_bwd=4) | grad=0.849 | tok/s=23,704 | tokens=3.82B
step=116630 | loss=2.8610 | lr=3.00e-04 | wd=0.0236 | mom=0.9500 | T=9.2 k=4.0 (mu_rec=8 mu_bwd=4) | grad=0.823 | tok/s=23,053 | tokens=3.82B
step=116640 | loss=2.8886 | lr=3.00e-04 | wd=0.0236 | mom=0.9500 | T=7.2 k=4.0 (mu_rec=8 mu_bwd=4) | grad=1.030 | tok/s=26,392 | tokens=3.82B
step=116650 | loss=3.1316 | lr=3.00e-04 | wd=0.0236 | mom=0.9500 | T=7.5 k=3.8 (mu_rec=8 mu_bwd=4) | grad=1.281 | tok/s=25,200 | tokens=3.82B
step=116660 | loss=2.9948 | lr=3.00e-04 | wd=0.0235 | mom=0.9500 | T=6.0 k=4.0 (mu_rec=8 mu_bwd=4) | grad=0.857 | tok/s=24,044 | tokens=3.82B
step=116670 | loss=2.9709 | lr=3.00e-04 | wd=0.0235 | mom=0.9500 | T=6.8 k=4.0 (mu_rec=8 mu_bwd=4) | grad=1.022 | tok/s=24,318 | tokens=3.82B
step=116680 | loss=3.4288 | lr=3.00e-04 | wd=0.0235 | mom=0.9500 | T=6.2 k=3.2 (mu_rec=8 mu_bwd=4) | grad=0.925 | tok/s=22,245 | tokens=3.82B
step=116690 | loss=2.7823 | lr=3.00e-04 | wd=0.0235 | mom=0.9500 | T=8.0 k=3.8 (mu_rec=8 mu_bwd=4) | grad=0.953 | tok/s=22,901 | tokens=3.82B
step=116700 | loss=3.4799 | lr=3.00e-04 | wd=0.0235 | mom=0.9500 | T=9.8 k=4.0 (mu_rec=8 mu_bwd=4) | grad=1.387 | tok/s=24,024 | tokens=3.82B
step=116710 | loss=3.2325 | lr=3.00e-04 | wd=0.0235 | mom=0.9500 | T=7.0 k=4.0 (mu_rec=8 mu_bwd=4) | grad=1.277 | tok/s=24,999 | tokens=3.82B
step=116720 | loss=2.9489 | lr=3.00e-04 | wd=0.0235 | mom=0.9500 | T=6.5 k=3.8 (mu_rec=8 mu_bwd=4) | grad=0.938 | tok/s=23,377 | tokens=3.82B
step=116730 | loss=3.2228 | lr=3.00e-04 | wd=0.0235 | mom=0.9500 | T=4.2 k=3.2 (mu_rec=8 mu_bwd=4) | grad=1.663 | tok/s=24,975 | tokens=3.83B
step=116740 | loss=3.1562 | lr=3.00e-04 | wd=0.0235 | mom=0.9500 | T=8.2 k=4.0 (mu_rec=8 mu_bwd=4) | grad=1.233 | tok/s=24,190 | tokens=3.83B
step=116750 | loss=3.2548 | lr=3.00e-04 | wd=0.0235 | mom=0.9500 | T=5.5 k=3.8 (mu_rec=8 mu_bwd=4) | grad=1.543 | tok/s=25,732 | tokens=3.83B
step=116760 | loss=3.2612 | lr=3.00e-04 | wd=0.0235 | mom=0.9500 | T=6.5 k=3.2 (mu_rec=8 mu_bwd=4) | grad=1.139 | tok/s=24,406 | tokens=3.83B
step=116770 | loss=2.9400 | lr=3.00e-04 | wd=0.0235 | mom=0.9500 | T=5.2 k=2.8 (mu_rec=8 mu_bwd=4) | grad=0.947 | tok/s=26,244 | tokens=3.83B
step=116780 | loss=3.0854 | lr=3.00e-04 | wd=0.0235 | mom=0.9500 | T=3.8 k=2.5 (mu_rec=8 mu_bwd=4) | grad=1.005 | tok/s=25,788 | tokens=3.83B
step=116790 | loss=3.1436 | lr=3.00e-04 | wd=0.0235 | mom=0.9500 | T=8.5 k=3.8 (mu_rec=8 mu_bwd=4) | grad=1.365 | tok/s=21,919 | tokens=3.83B
step=116800 | loss=2.9815 | lr=3.00e-04 | wd=0.0235 | mom=0.9500 | T=7.8 k=4.0 (mu_rec=8 mu_bwd=4) | grad=0.987 | tok/s=21,937 | tokens=3.83B
step=116810 | loss=3.1179 | lr=3.00e-04 | wd=0.0234 | mom=0.9500 | T=6.5 k=3.0 (mu_rec=8 mu_bwd=4) | grad=0.900 | tok/s=24,164 | tokens=3.83B
step=116820 | loss=2.9436 | lr=3.00e-04 | wd=0.0234 | mom=0.9500 | T=8.8 k=3.8 (mu_rec=8 mu_bwd=4) | grad=0.940 | tok/s=24,544 | tokens=3.83B
step=116830 | loss=3.0937 | lr=3.00e-04 | wd=0.0234 | mom=0.9500 | T=7.2 k=3.5 (mu_rec=8 mu_bwd=4) | grad=1.281 | tok/s=24,556 | tokens=3.83B
step=116840 | loss=2.9668 | lr=3.00e-04 | wd=0.0234 | mom=0.9500 | T=10.8 k=4.0 (mu_rec=8 mu_bwd=4) | grad=1.752 | tok/s=23,833 | tokens=3.83B
step=116850 | loss=3.1680 | lr=3.00e-04 | wd=0.0234 | mom=0.9500 | T=5.0 k=3.5 (mu_rec=8 mu_bwd=4) | grad=0.784 | tok/s=24,964 | tokens=3.83B
step=116860 | loss=3.0021 | lr=3.00e-04 | wd=0.0234 | mom=0.9500 | T=6.8 k=3.8 (mu_rec=8 mu_bwd=4) | grad=1.014 | tok/s=22,475 | tokens=3.83B
step=116870 | loss=3.0266 | lr=3.00e-04 | wd=0.0234 | mom=0.9500 | T=6.8 k=3.8 (mu_rec=8 mu_bwd=4) | grad=0.826 | tok/s=24,380 | tokens=3.83B
step=116880 | loss=3.1239 | lr=3.00e-04 | wd=0.0234 | mom=0.9500 | T=5.5 k=3.5 (mu_rec=8 mu_bwd=4) | grad=1.003 | tok/s=24,459 | tokens=3.83B
step=116890 | loss=2.8647 | lr=3.00e-04 | wd=0.0234 | mom=0.9500 | T=10.5 k=4.0 (mu_rec=8 mu_bwd=4) | grad=0.945 | tok/s=23,410 | tokens=3.83B
step=116900 | loss=3.0184 | lr=3.00e-04 | wd=0.0234 | mom=0.9500 | T=3.5 k=2.5 (mu_rec=8 mu_bwd=4) | grad=1.071 | tok/s=25,707 | tokens=3.83B
step=116910 | loss=2.7458 | lr=3.00e-04 | wd=0.0234 | mom=0.9500 | T=6.2 k=3.5 (mu_rec=8 mu_bwd=4) | grad=0.971 | tok/s=22,829 | tokens=3.83B
step=116920 | loss=2.8847 | lr=3.00e-04 | wd=0.0234 | mom=0.9500 | T=4.8 k=3.5 (mu_rec=8 mu_bwd=4) | grad=1.186 | tok/s=23,465 | tokens=3.83B
step=116930 | loss=2.9625 | lr=3.00e-04 | wd=0.0234 | mom=0.9500 | T=8.5 k=4.0 (mu_rec=8 mu_bwd=4) | grad=0.811 | tok/s=10,440 | tokens=3.83B
step=116940 | loss=3.2299 | lr=3.00e-04 | wd=0.0234 | mom=0.9500 | T=7.8 k=4.0 (mu_rec=8 mu_bwd=4) | grad=1.273 | tok/s=25,082 | tokens=3.83B
step=116950 | loss=3.3083 | lr=3.00e-04 | wd=0.0234 | mom=0.9500 | T=7.0 k=3.5 (mu_rec=8 mu_bwd=4) | grad=1.109 | tok/s=24,456 | tokens=3.83B
step=116960 | loss=3.0950 | lr=3.00e-04 | wd=0.0233 | mom=0.9500 | T=8.2 k=3.8 (mu_rec=8 mu_bwd=4) | grad=0.854 | tok/s=23,216 | tokens=3.83B
step=116970 | loss=3.0655 | lr=3.00e-04 | wd=0.0233 | mom=0.9500 | T=7.5 k=3.5 (mu_rec=8 mu_bwd=4) | grad=1.057 | tok/s=23,902 | tokens=3.83B
step=116980 | loss=2.9582 | lr=3.00e-04 | wd=0.0233 | mom=0.9500 | T=8.5 k=3.8 (mu_rec=8 mu_bwd=4) | grad=0.839 | tok/s=24,827 | tokens=3.83B
step=116990 | loss=3.0978 | lr=3.00e-04 | wd=0.0233 | mom=0.9500 | T=6.8 k=3.5 (mu_rec=8 mu_bwd=4) | grad=0.946 | tok/s=9,085 | tokens=3.83B
step=117000 | loss=2.9187 | lr=3.00e-04 | wd=0.0233 | mom=0.9500 | T=7.8 k=3.2 (mu_rec=8 mu_bwd=4) | grad=0.833 | tok/s=23,691 | tokens=3.83B
step=117010 | loss=3.0880 | lr=3.00e-04 | wd=0.0233 | mom=0.9500 | T=8.0 k=4.0 (mu_rec=8 mu_bwd=4) | grad=0.846 | tok/s=24,129 | tokens=3.83B
step=117020 | loss=2.8944 | lr=3.00e-04 | wd=0.0233 | mom=0.9500 | T=10.0 k=4.0 (mu_rec=8 mu_bwd=4) | grad=1.108 | tok/s=24,888 | tokens=3.83B
step=117030 | loss=3.0134 | lr=3.00e-04 | wd=0.0233 | mom=0.9500 | T=8.5 k=3.8 (mu_rec=8 mu_bwd=4) | grad=1.019 | tok/s=22,910 | tokens=3.83B
step=117040 | loss=3.6808 | lr=3.00e-04 | wd=0.0233 | mom=0.9500 | T=5.2 k=2.5 (mu_rec=8 mu_bwd=4) | grad=1.697 | tok/s=24,836 | tokens=3.84B
step=117050 | loss=3.2516 | lr=3.00e-04 | wd=0.0233 | mom=0.9500 | T=7.8 k=4.0 (mu_rec=8 mu_bwd=4) | grad=1.089 | tok/s=24,512 | tokens=3.84B
step=117060 | loss=2.9454 | lr=3.00e-04 | wd=0.0233 | mom=0.9500 | T=5.5 k=3.8 (mu_rec=8 mu_bwd=4) | grad=1.070 | tok/s=24,327 | tokens=3.84B
step=117070 | loss=2.9636 | lr=3.00e-04 | wd=0.0233 | mom=0.9500 | T=11.8 k=4.0 (mu_rec=8 mu_bwd=4) | grad=1.286 | tok/s=24,787 | tokens=3.84B
step=117080 | loss=2.9052 | lr=3.00e-04 | wd=0.0233 | mom=0.9500 | T=5.8 k=4.0 (mu_rec=8 mu_bwd=4) | grad=0.898 | tok/s=24,399 | tokens=3.84B
step=117090 | loss=2.9229 | lr=3.00e-04 | wd=0.0233 | mom=0.9500 | T=9.0 k=3.5 (mu_rec=8 mu_bwd=4) | grad=1.813 | tok/s=23,575 | tokens=3.84B
step=117100 | loss=3.3352 | lr=3.00e-04 | wd=0.0233 | mom=0.9500 | T=6.5 k=3.2 (mu_rec=8 mu_bwd=4) | grad=1.068 | tok/s=22,886 | tokens=3.84B
step=117110 | loss=3.1913 | lr=3.00e-04 | wd=0.0233 | mom=0.9500 | T=8.0 k=4.0 (mu_rec=8 mu_bwd=4) | grad=1.450 | tok/s=23,031 | tokens=3.84B
step=117120 | loss=3.1091 | lr=3.00e-04 | wd=0.0232 | mom=0.9500 | T=7.5 k=3.5 (mu_rec=8 mu_bwd=4) | grad=1.549 | tok/s=23,377 | tokens=3.84B
step=117130 | loss=3.1259 | lr=3.00e-04 | wd=0.0232 | mom=0.9500 | T=8.5 k=3.8 (mu_rec=8 mu_bwd=4) | grad=0.939 | tok/s=23,706 | tokens=3.84B
step=117140 | loss=3.2704 | lr=3.00e-04 | wd=0.0232 | mom=0.9500 | T=10.0 k=3.8 (mu_rec=8 mu_bwd=4) | grad=0.931 | tok/s=22,256 | tokens=3.84B
step=117150 | loss=3.4710 | lr=3.00e-04 | wd=0.0232 | mom=0.9500 | T=7.8 k=4.0 (mu_rec=8 mu_bwd=4) | grad=0.915 | tok/s=24,296 | tokens=3.84B
step=117160 | loss=3.3370 | lr=3.00e-04 | wd=0.0232 | mom=0.9500 | T=8.5 k=4.0 (mu_rec=8 mu_bwd=4) | grad=1.624 | tok/s=24,704 | tokens=3.84B
step=117170 | loss=2.9394 | lr=3.00e-04 | wd=0.0232 | mom=0.9500 | T=6.0 k=3.5 (mu_rec=8 mu_bwd=4) | grad=1.047 | tok/s=25,260 | tokens=3.84B
step=117180 | loss=3.6582 | lr=3.00e-04 | wd=0.0232 | mom=0.9500 | T=6.5 k=3.5 (mu_rec=8 mu_bwd=4) | grad=2.290 | tok/s=26,135 | tokens=3.84B
step=117190 | loss=3.1031 | lr=3.00e-04 | wd=0.0232 | mom=0.9500 | T=11.0 k=3.8 (mu_rec=8 mu_bwd=4) | grad=1.346 | tok/s=22,395 | tokens=3.84B
step=117200 | loss=3.1396 | lr=3.00e-04 | wd=0.0232 | mom=0.9500 | T=13.8 k=4.0 (mu_rec=8 mu_bwd=4) | grad=1.035 | tok/s=23,940 | tokens=3.84B
step=117210 | loss=2.6817 | lr=3.00e-04 | wd=0.0232 | mom=0.9500 | T=4.5 k=3.5 (mu_rec=8 mu_bwd=4) | grad=2.166 | tok/s=24,110 | tokens=3.84B
step=117220 | loss=3.0869 | lr=3.00e-04 | wd=0.0232 | mom=0.9500 | T=8.0 k=4.0 (mu_rec=8 mu_bwd=4) | grad=0.902 | tok/s=23,262 | tokens=3.84B
step=117230 | loss=3.1267 | lr=3.00e-04 | wd=0.0232 | mom=0.9500 | T=10.5 k=4.0 (mu_rec=8 mu_bwd=4) | grad=1.163 | tok/s=23,528 | tokens=3.84B
step=117240 | loss=3.2872 | lr=3.00e-04 | wd=0.0232 | mom=0.9500 | T=7.2 k=4.0 (mu_rec=8 mu_bwd=4) | grad=14.841 | tok/s=24,462 | tokens=3.84B
step=117250 | loss=4.1317 | lr=3.00e-04 | wd=0.0232 | mom=0.9500 | T=6.5 k=3.2 (mu_rec=8 mu_bwd=4) | grad=2.551 | tok/s=23,969 | tokens=3.84B
step=117260 | loss=3.5073 | lr=3.00e-04 | wd=0.0232 | mom=0.9500 | T=9.5 k=4.0 (mu_rec=8 mu_bwd=4) | grad=1.535 | tok/s=24,295 | tokens=3.84B
step=117270 | loss=3.1837 | lr=3.00e-04 | wd=0.0231 | mom=0.9500 | T=5.0 k=3.0 (mu_rec=8 mu_bwd=4) | grad=0.853 | tok/s=24,119 | tokens=3.84B
step=117280 | loss=3.6278 | lr=3.00e-04 | wd=0.0231 | mom=0.9500 | T=6.2 k=4.0 (mu_rec=8 mu_bwd=4) | grad=2.844 | tok/s=23,178 | tokens=3.84B
step=117290 | loss=3.5386 | lr=3.00e-04 | wd=0.0231 | mom=0.9500 | T=8.5 k=4.0 (mu_rec=8 mu_bwd=4) | grad=2.904 | tok/s=23,436 | tokens=3.84B
step=117300 | loss=3.3820 | lr=3.00e-04 | wd=0.0231 | mom=0.9500 | T=8.8 k=3.8 (mu_rec=8 mu_bwd=4) | grad=1.770 | tok/s=22,915 | tokens=3.84B
step=117310 | loss=3.5823 | lr=3.00e-04 | wd=0.0231 | mom=0.9500 | T=14.0 k=4.0 (mu_rec=8 mu_bwd=4) | grad=2.629 | tok/s=23,959 | tokens=3.84B
step=117320 | loss=3.7151 | lr=3.00e-04 | wd=0.0231 | mom=0.9500 | T=9.0 k=4.0 (mu_rec=8 mu_bwd=4) | grad=2.287 | tok/s=24,238 | tokens=3.84B
step=117330 | loss=3.4234 | lr=3.00e-04 | wd=0.0231 | mom=0.9500 | T=10.0 k=4.0 (mu_rec=8 mu_bwd=4) | grad=2.020 | tok/s=24,144 | tokens=3.84B
step=117340 | loss=3.4998 | lr=3.00e-04 | wd=0.0231 | mom=0.9500 | T=8.5 k=4.0 (mu_rec=8 mu_bwd=4) | grad=1.068 | tok/s=23,052 | tokens=3.84B
step=117350 | loss=3.1391 | lr=3.00e-04 | wd=0.0231 | mom=0.9500 | T=3.5 k=3.0 (mu_rec=8 mu_bwd=4) | grad=1.147 | tok/s=24,181 | tokens=3.85B
step=117360 | loss=3.2748 | lr=3.00e-04 | wd=0.0231 | mom=0.9500 | T=5.0 k=3.8 (mu_rec=8 mu_bwd=4) | grad=1.051 | tok/s=23,223 | tokens=3.85B
step=117370 | loss=3.0042 | lr=3.00e-04 | wd=0.0231 | mom=0.9500 | T=8.8 k=4.0 (mu_rec=8 mu_bwd=4) | grad=2.834 | tok/s=23,844 | tokens=3.85B
step=117380 | loss=3.0540 | lr=3.00e-04 | wd=0.0231 | mom=0.9500 | T=6.5 k=3.0 (mu_rec=8 mu_bwd=4) | grad=1.176 | tok/s=23,782 | tokens=3.85B
step=117390 | loss=3.1320 | lr=3.00e-04 | wd=0.0231 | mom=0.9500 | T=8.0 k=4.0 (mu_rec=8 mu_bwd=4) | grad=0.795 | tok/s=25,857 | tokens=3.85B
step=117400 | loss=3.2191 | lr=3.00e-04 | wd=0.0231 | mom=0.9500 | T=7.0 k=3.5 (mu_rec=8 mu_bwd=4) | grad=0.963 | tok/s=24,824 | tokens=3.85B
step=117410 | loss=2.8616 | lr=3.00e-04 | wd=0.0231 | mom=0.9500 | T=15.8 k=4.0 (mu_rec=8 mu_bwd=4) | grad=1.041 | tok/s=23,274 | tokens=3.85B
step=117420 | loss=3.2744 | lr=3.00e-04 | wd=0.0230 | mom=0.9500 | T=9.2 k=3.8 (mu_rec=8 mu_bwd=4) | grad=0.873 | tok/s=23,199 | tokens=3.85B
step=117430 | loss=3.1412 | lr=3.00e-04 | wd=0.0230 | mom=0.9500 | T=4.8 k=3.2 (mu_rec=8 mu_bwd=4) | grad=0.905 | tok/s=23,169 | tokens=3.85B
step=117440 | loss=3.0498 | lr=3.00e-04 | wd=0.0230 | mom=0.9500 | T=9.8 k=4.0 (mu_rec=8 mu_bwd=4) | grad=1.197 | tok/s=22,660 | tokens=3.85B
step=117450 | loss=3.0582 | lr=3.00e-04 | wd=0.0230 | mom=0.9500 | T=12.2 k=4.0 (mu_rec=8 mu_bwd=4) | grad=1.185 | tok/s=24,512 | tokens=3.85B
step=117460 | loss=3.1391 | lr=3.00e-04 | wd=0.0230 | mom=0.9500 | T=5.0 k=4.0 (mu_rec=8 mu_bwd=4) | grad=0.964 | tok/s=24,996 | tokens=3.85B
step=117470 | loss=3.0721 | lr=3.00e-04 | wd=0.0230 | mom=0.9500 | T=7.5 k=4.0 (mu_rec=8 mu_bwd=4) | grad=0.817 | tok/s=23,834 | tokens=3.85B
step=117480 | loss=3.0895 | lr=3.00e-04 | wd=0.0230 | mom=0.9500 | T=3.5 k=2.8 (mu_rec=8 mu_bwd=4) | grad=1.032 | tok/s=22,925 | tokens=3.85B
step=117490 | loss=3.0597 | lr=3.00e-04 | wd=0.0230 | mom=0.9500 | T=10.8 k=3.8 (mu_rec=8 mu_bwd=4) | grad=1.013 | tok/s=24,421 | tokens=3.85B
step=117500 | loss=3.0445 | lr=3.00e-04 | wd=0.0230 | mom=0.9500 | T=11.0 k=3.8 (mu_rec=8 mu_bwd=4) | grad=0.913 | tok/s=23,183 | tokens=3.85B
step=117510 | loss=3.0688 | lr=3.00e-04 | wd=0.0230 | mom=0.9500 | T=10.0 k=3.5 (mu_rec=8 mu_bwd=4) | grad=2.294 | tok/s=22,345 | tokens=3.85B
step=117520 | loss=3.4093 | lr=3.00e-04 | wd=0.0230 | mom=0.9500 | T=5.5 k=3.8 (mu_rec=8 mu_bwd=4) | grad=1.517 | tok/s=22,677 | tokens=3.85B
step=117530 | loss=3.5680 | lr=3.00e-04 | wd=0.0230 | mom=0.9500 | T=3.5 k=3.2 (mu_rec=8 mu_bwd=4) | grad=1.837 | tok/s=24,114 | tokens=3.85B
step=117540 | loss=3.4468 | lr=3.00e-04 | wd=0.0230 | mom=0.9500 | T=4.5 k=3.2 (mu_rec=8 mu_bwd=4) | grad=1.088 | tok/s=23,787 | tokens=3.85B
step=117550 | loss=3.1276 | lr=3.00e-04 | wd=0.0230 | mom=0.9500 | T=6.0 k=4.0 (mu_rec=8 mu_bwd=4) | grad=1.126 | tok/s=25,504 | tokens=3.85B
step=117560 | loss=3.4191 | lr=3.00e-04 | wd=0.0230 | mom=0.9500 | T=7.2 k=4.0 (mu_rec=8 mu_bwd=4) | grad=1.123 | tok/s=24,461 | tokens=3.85B
step=117570 | loss=3.0921 | lr=3.00e-04 | wd=0.0229 | mom=0.9500 | T=5.8 k=3.5 (mu_rec=8 mu_bwd=4) | grad=0.923 | tok/s=23,429 | tokens=3.85B
step=117580 | loss=2.9403 | lr=3.00e-04 | wd=0.0229 | mom=0.9500 | T=11.5 k=4.0 (mu_rec=8 mu_bwd=4) | grad=0.870 | tok/s=23,317 | tokens=3.85B
step=117590 | loss=3.2411 | lr=3.00e-04 | wd=0.0229 | mom=0.9500 | T=5.2 k=3.8 (mu_rec=8 mu_bwd=4) | grad=1.071 | tok/s=24,295 | tokens=3.85B
step=117600 | loss=2.8553 | lr=3.00e-04 | wd=0.0229 | mom=0.9500 | T=9.8 k=3.2 (mu_rec=8 mu_bwd=4) | grad=0.987 | tok/s=24,670 | tokens=3.85B
step=117610 | loss=3.0820 | lr=3.00e-04 | wd=0.0229 | mom=0.9500 | T=8.5 k=3.8 (mu_rec=8 mu_bwd=4) | grad=1.089 | tok/s=23,048 | tokens=3.85B
step=117620 | loss=3.1081 | lr=3.00e-04 | wd=0.0229 | mom=0.9500 | T=11.8 k=4.0 (mu_rec=8 mu_bwd=4) | grad=0.952 | tok/s=27,332 | tokens=3.85B
step=117630 | loss=3.0591 | lr=3.00e-04 | wd=0.0229 | mom=0.9500 | T=10.5 k=3.2 (mu_rec=8 mu_bwd=4) | grad=1.744 | tok/s=23,058 | tokens=3.85B
step=117640 | loss=2.8454 | lr=3.00e-04 | wd=0.0229 | mom=0.9500 | T=6.8 k=4.0 (mu_rec=8 mu_bwd=4) | grad=0.901 | tok/s=23,681 | tokens=3.85B
step=117650 | loss=2.9815 | lr=3.00e-04 | wd=0.0229 | mom=0.9500 | T=6.2 k=3.8 (mu_rec=8 mu_bwd=4) | grad=1.156 | tok/s=22,613 | tokens=3.86B
step=117660 | loss=3.3367 | lr=3.00e-04 | wd=0.0229 | mom=0.9500 | T=9.5 k=3.5 (mu_rec=8 mu_bwd=4) | grad=1.285 | tok/s=23,632 | tokens=3.86B
step=117670 | loss=3.1763 | lr=3.00e-04 | wd=0.0229 | mom=0.9500 | T=5.2 k=3.8 (mu_rec=8 mu_bwd=4) | grad=1.232 | tok/s=23,508 | tokens=3.86B
step=117680 | loss=2.9860 | lr=3.00e-04 | wd=0.0229 | mom=0.9500 | T=6.2 k=3.8 (mu_rec=8 mu_bwd=4) | grad=1.065 | tok/s=21,635 | tokens=3.86B
step=117690 | loss=2.9464 | lr=3.00e-04 | wd=0.0229 | mom=0.9500 | T=7.0 k=3.5 (mu_rec=8 mu_bwd=4) | grad=2.416 | tok/s=24,253 | tokens=3.86B
step=117700 | loss=3.0006 | lr=3.00e-04 | wd=0.0229 | mom=0.9500 | T=7.8 k=3.8 (mu_rec=8 mu_bwd=4) | grad=1.349 | tok/s=23,206 | tokens=3.86B
step=117710 | loss=2.8403 | lr=3.00e-04 | wd=0.0229 | mom=0.9500 | T=5.5 k=2.5 (mu_rec=8 mu_bwd=4) | grad=1.013 | tok/s=23,597 | tokens=3.86B
step=117720 | loss=3.2880 | lr=3.00e-04 | wd=0.0229 | mom=0.9500 | T=6.0 k=2.8 (mu_rec=8 mu_bwd=4) | grad=1.382 | tok/s=22,970 | tokens=3.86B
step=117730 | loss=3.2180 | lr=3.00e-04 | wd=0.0228 | mom=0.9500 | T=7.8 k=4.0 (mu_rec=8 mu_bwd=4) | grad=0.934 | tok/s=25,515 | tokens=3.86B
step=117740 | loss=2.9974 | lr=3.00e-04 | wd=0.0228 | mom=0.9500 | T=7.2 k=4.0 (mu_rec=8 mu_bwd=4) | grad=1.755 | tok/s=24,744 | tokens=3.86B
step=117750 | loss=3.0838 | lr=3.00e-04 | wd=0.0228 | mom=0.9500 | T=12.0 k=4.0 (mu_rec=8 mu_bwd=4) | grad=0.934 | tok/s=22,266 | tokens=3.86B
step=117760 | loss=2.9559 | lr=3.00e-04 | wd=0.0228 | mom=0.9500 | T=6.0 k=3.8 (mu_rec=8 mu_bwd=4) | grad=0.997 | tok/s=23,609 | tokens=3.86B
step=117770 | loss=3.3283 | lr=3.00e-04 | wd=0.0228 | mom=0.9500 | T=4.8 k=3.2 (mu_rec=8 mu_bwd=4) | grad=0.945 | tok/s=24,853 | tokens=3.86B
step=117780 | loss=3.5069 | lr=3.00e-04 | wd=0.0228 | mom=0.9500 | T=12.0 k=4.0 (mu_rec=8 mu_bwd=4) | grad=0.820 | tok/s=22,962 | tokens=3.86B
step=117790 | loss=3.3682 | lr=3.00e-04 | wd=0.0228 | mom=0.9500 | T=7.5 k=4.0 (mu_rec=8 mu_bwd=4) | grad=1.552 | tok/s=8,810 | tokens=3.86B
step=117800 | loss=3.3182 | lr=3.00e-04 | wd=0.0228 | mom=0.9500 | T=10.2 k=4.0 (mu_rec=8 mu_bwd=4) | grad=1.189 | tok/s=24,445 | tokens=3.86B
step=117810 | loss=3.2613 | lr=3.00e-04 | wd=0.0228 | mom=0.9500 | T=9.5 k=4.0 (mu_rec=8 mu_bwd=4) | grad=0.843 | tok/s=23,838 | tokens=3.86B
step=117820 | loss=3.3386 | lr=3.00e-04 | wd=0.0228 | mom=0.9500 | T=8.0 k=3.5 (mu_rec=8 mu_bwd=4) | grad=1.599 | tok/s=25,297 | tokens=3.86B
step=117830 | loss=3.2659 | lr=3.00e-04 | wd=0.0228 | mom=0.9500 | T=7.8 k=3.5 (mu_rec=8 mu_bwd=4) | grad=3.454 | tok/s=25,188 | tokens=3.86B
step=117840 | loss=3.0386 | lr=3.00e-04 | wd=0.0228 | mom=0.9500 | T=7.2 k=4.0 (mu_rec=8 mu_bwd=4) | grad=0.963 | tok/s=23,723 | tokens=3.86B
step=117850 | loss=2.8521 | lr=3.00e-04 | wd=0.0228 | mom=0.9500 | T=5.5 k=3.2 (mu_rec=8 mu_bwd=4) | grad=0.799 | tok/s=24,416 | tokens=3.86B
step=117860 | loss=3.1770 | lr=3.00e-04 | wd=0.0228 | mom=0.9500 | T=6.0 k=4.0 (mu_rec=8 mu_bwd=4) | grad=0.990 | tok/s=23,630 | tokens=3.86B
step=117870 | loss=3.0321 | lr=3.00e-04 | wd=0.0228 | mom=0.9500 | T=6.5 k=4.0 (mu_rec=8 mu_bwd=4) | grad=1.239 | tok/s=23,778 | tokens=3.86B
step=117880 | loss=3.1903 | lr=3.00e-04 | wd=0.0227 | mom=0.9500 | T=8.2 k=3.5 (mu_rec=8 mu_bwd=4) | grad=1.009 | tok/s=22,920 | tokens=3.86B
step=117890 | loss=3.2601 | lr=3.00e-04 | wd=0.0227 | mom=0.9500 | T=16.8 k=4.0 (mu_rec=8 mu_bwd=4) | grad=1.124 | tok/s=22,778 | tokens=3.86B
step=117900 | loss=3.2614 | lr=3.00e-04 | wd=0.0227 | mom=0.9500 | T=9.8 k=3.8 (mu_rec=8 mu_bwd=4) | grad=0.894 | tok/s=23,886 | tokens=3.86B
step=117910 | loss=3.0228 | lr=3.00e-04 | wd=0.0227 | mom=0.9500 | T=4.8 k=3.8 (mu_rec=8 mu_bwd=4) | grad=0.919 | tok/s=23,997 | tokens=3.86B
step=117920 | loss=3.0903 | lr=3.00e-04 | wd=0.0227 | mom=0.9500 | T=6.2 k=3.5 (mu_rec=8 mu_bwd=4) | grad=0.823 | tok/s=25,397 | tokens=3.86B
step=117930 | loss=3.4316 | lr=3.00e-04 | wd=0.0227 | mom=0.9500 | T=7.5 k=4.0 (mu_rec=8 mu_bwd=4) | grad=0.976 | tok/s=23,129 | tokens=3.86B
step=117940 | loss=3.4783 | lr=3.00e-04 | wd=0.0227 | mom=0.9500 | T=11.8 k=3.5 (mu_rec=8 mu_bwd=4) | grad=1.164 | tok/s=21,809 | tokens=3.86B
step=117950 | loss=3.2447 | lr=3.00e-04 | wd=0.0227 | mom=0.9500 | T=8.0 k=4.0 (mu_rec=8 mu_bwd=4) | grad=1.546 | tok/s=23,768 | tokens=3.86B
step=117960 | loss=3.3675 | lr=3.00e-04 | wd=0.0227 | mom=0.9500 | T=15.8 k=4.0 (mu_rec=8 mu_bwd=4) | grad=2.825 | tok/s=22,337 | tokens=3.87B
step=117970 | loss=3.2689 | lr=3.00e-04 | wd=0.0227 | mom=0.9500 | T=11.0 k=4.0 (mu_rec=8 mu_bwd=4) | grad=0.848 | tok/s=25,455 | tokens=3.87B
step=117980 | loss=3.0233 | lr=3.00e-04 | wd=0.0227 | mom=0.9500 | T=4.8 k=3.8 (mu_rec=8 mu_bwd=4) | grad=0.939 | tok/s=23,774 | tokens=3.87B
step=117990 | loss=3.0545 | lr=3.00e-04 | wd=0.0227 | mom=0.9500 | T=10.0 k=3.2 (mu_rec=8 mu_bwd=4) | grad=0.950 | tok/s=9,871 | tokens=3.87B
step=118000 | loss=3.4071 | lr=3.00e-04 | wd=0.0227 | mom=0.9500 | T=5.0 k=3.8 (mu_rec=8 mu_bwd=4) | grad=1.133 | tok/s=23,552 | tokens=3.87B
[step 118000] Saved -> runs/cortex-5b-k4/checkpoint_0118000
[step 118000] Pruned -> runs/cortex-5b-k4/checkpoint_0114000
step=118010 | loss=2.8701 | lr=3.00e-04 | wd=0.0227 | mom=0.9500 | T=6.0 k=3.8 (mu_rec=8 mu_bwd=4) | grad=2.407 | tok/s=23,066 | tokens=3.87B
step=118020 | loss=3.2695 | lr=3.00e-04 | wd=0.0227 | mom=0.9500 | T=7.8 k=2.8 (mu_rec=8 mu_bwd=4) | grad=0.964 | tok/s=23,389 | tokens=3.87B
step=118030 | loss=3.2662 | lr=3.00e-04 | wd=0.0226 | mom=0.9500 | T=3.5 k=3.0 (mu_rec=8 mu_bwd=4) | grad=0.970 | tok/s=24,097 | tokens=3.87B
step=118040 | loss=3.2353 | lr=3.00e-04 | wd=0.0226 | mom=0.9500 | T=6.8 k=3.8 (mu_rec=8 mu_bwd=4) | grad=1.030 | tok/s=21,862 | tokens=3.87B
step=118050 | loss=3.3271 | lr=3.00e-04 | wd=0.0226 | mom=0.9500 | T=14.5 k=4.0 (mu_rec=8 mu_bwd=4) | grad=1.388 | tok/s=22,536 | tokens=3.87B
step=118060 | loss=3.3468 | lr=3.00e-04 | wd=0.0226 | mom=0.9500 | T=8.2 k=4.0 (mu_rec=8 mu_bwd=4) | grad=1.326 | tok/s=22,938 | tokens=3.87B
step=118070 | loss=2.9985 | lr=3.00e-04 | wd=0.0226 | mom=0.9500 | T=3.5 k=3.0 (mu_rec=8 mu_bwd=4) | grad=1.375 | tok/s=25,060 | tokens=3.87B
step=118080 | loss=3.0149 | lr=3.00e-04 | wd=0.0226 | mom=0.9500 | T=7.2 k=3.2 (mu_rec=8 mu_bwd=4) | grad=0.922 | tok/s=25,321 | tokens=3.87B
step=118090 | loss=3.1379 | lr=3.00e-04 | wd=0.0226 | mom=0.9500 | T=9.2 k=4.0 (mu_rec=8 mu_bwd=4) | grad=0.970 | tok/s=23,650 | tokens=3.87B
step=118100 | loss=3.1923 | lr=3.00e-04 | wd=0.0226 | mom=0.9500 | T=5.8 k=4.0 (mu_rec=8 mu_bwd=4) | grad=1.586 | tok/s=23,152 | tokens=3.87B
step=118110 | loss=3.3042 | lr=3.00e-04 | wd=0.0226 | mom=0.9500 | T=8.0 k=3.5 (mu_rec=8 mu_bwd=4) | grad=0.951 | tok/s=25,172 | tokens=3.87B
step=118120 | loss=2.9892 | lr=3.00e-04 | wd=0.0226 | mom=0.9500 | T=8.8 k=3.8 (mu_rec=8 mu_bwd=4) | grad=4.381 | tok/s=23,853 | tokens=3.87B
step=118130 | loss=3.2285 | lr=3.00e-04 | wd=0.0226 | mom=0.9500 | T=13.2 k=4.0 (mu_rec=8 mu_bwd=4) | grad=1.066 | tok/s=23,893 | tokens=3.87B
step=118140 | loss=3.2558 | lr=3.00e-04 | wd=0.0226 | mom=0.9500 | T=4.8 k=3.0 (mu_rec=8 mu_bwd=4) | grad=3.432 | tok/s=23,813 | tokens=3.87B
step=118150 | loss=3.1600 | lr=3.00e-04 | wd=0.0226 | mom=0.9500 | T=7.2 k=4.0 (mu_rec=8 mu_bwd=4) | grad=1.095 | tok/s=23,724 | tokens=3.87B
step=118160 | loss=3.2685 | lr=3.00e-04 | wd=0.0226 | mom=0.9500 | T=4.0 k=3.2 (mu_rec=8 mu_bwd=4) | grad=1.698 | tok/s=23,952 | tokens=3.87B
step=118170 | loss=3.0364 | lr=3.00e-04 | wd=0.0226 | mom=0.9500 | T=8.8 k=4.0 (mu_rec=8 mu_bwd=4) | grad=1.007 | tok/s=24,211 | tokens=3.87B
step=118180 | loss=2.8394 | lr=3.00e-04 | wd=0.0225 | mom=0.9500 | T=5.0 k=3.2 (mu_rec=8 mu_bwd=4) | grad=1.052 | tok/s=25,058 | tokens=3.87B
step=118190 | loss=2.9990 | lr=3.00e-04 | wd=0.0225 | mom=0.9500 | T=12.2 k=4.0 (mu_rec=8 mu_bwd=4) | grad=1.034 | tok/s=23,559 | tokens=3.87B
step=118200 | loss=3.0950 | lr=3.00e-04 | wd=0.0225 | mom=0.9500 | T=5.0 k=3.5 (mu_rec=8 mu_bwd=4) | grad=1.189 | tok/s=22,983 | tokens=3.87B
step=118210 | loss=3.2470 | lr=3.00e-04 | wd=0.0225 | mom=0.9500 | T=8.5 k=4.0 (mu_rec=8 mu_bwd=4) | grad=1.052 | tok/s=26,604 | tokens=3.87B
step=118220 | loss=2.7885 | lr=3.00e-04 | wd=0.0225 | mom=0.9500 | T=8.0 k=4.0 (mu_rec=8 mu_bwd=4) | grad=1.008 | tok/s=23,639 | tokens=3.87B
step=118230 | loss=3.2634 | lr=3.00e-04 | wd=0.0225 | mom=0.9500 | T=7.2 k=3.0 (mu_rec=8 mu_bwd=4) | grad=1.035 | tok/s=24,146 | tokens=3.87B
step=118240 | loss=3.2764 | lr=3.00e-04 | wd=0.0225 | mom=0.9500 | T=9.5 k=4.0 (mu_rec=8 mu_bwd=4) | grad=3.200 | tok/s=24,662 | tokens=3.87B
step=118250 | loss=3.0854 | lr=3.00e-04 | wd=0.0225 | mom=0.9500 | T=7.2 k=3.8 (mu_rec=8 mu_bwd=4) | grad=0.983 | tok/s=23,342 | tokens=3.87B
step=118260 | loss=3.3044 | lr=3.00e-04 | wd=0.0225 | mom=0.9500 | T=8.0 k=3.8 (mu_rec=8 mu_bwd=4) | grad=0.868 | tok/s=24,003 | tokens=3.88B
step=118270 | loss=2.9972 | lr=3.00e-04 | wd=0.0225 | mom=0.9500 | T=5.8 k=3.8 (mu_rec=8 mu_bwd=4) | grad=7.799 | tok/s=23,150 | tokens=3.88B
step=118280 | loss=3.3450 | lr=3.00e-04 | wd=0.0225 | mom=0.9500 | T=9.8 k=4.0 (mu_rec=8 mu_bwd=4) | grad=0.907 | tok/s=23,103 | tokens=3.88B
step=118290 | loss=3.2454 | lr=3.00e-04 | wd=0.0225 | mom=0.9500 | T=6.8 k=3.5 (mu_rec=8 mu_bwd=4) | grad=1.179 | tok/s=23,731 | tokens=3.88B
step=118300 | loss=3.1178 | lr=3.00e-04 | wd=0.0225 | mom=0.9500 | T=9.0 k=4.0 (mu_rec=8 mu_bwd=4) | grad=1.087 | tok/s=23,064 | tokens=3.88B
step=118310 | loss=3.2401 | lr=3.00e-04 | wd=0.0225 | mom=0.9500 | T=8.5 k=4.0 (mu_rec=8 mu_bwd=4) | grad=0.886 | tok/s=24,279 | tokens=3.88B
step=118320 | loss=3.1742 | lr=3.00e-04 | wd=0.0225 | mom=0.9500 | T=7.0 k=4.0 (mu_rec=8 mu_bwd=4) | grad=0.913 | tok/s=23,514 | tokens=3.88B
step=118330 | loss=2.9400 | lr=3.00e-04 | wd=0.0225 | mom=0.9500 | T=10.0 k=4.0 (mu_rec=8 mu_bwd=4) | grad=0.789 | tok/s=24,535 | tokens=3.88B
step=118340 | loss=3.1553 | lr=3.00e-04 | wd=0.0224 | mom=0.9500 | T=5.8 k=4.0 (mu_rec=8 mu_bwd=4) | grad=1.105 | tok/s=24,388 | tokens=3.88B
step=118350 | loss=3.3514 | lr=3.00e-04 | wd=0.0224 | mom=0.9500 | T=8.0 k=3.2 (mu_rec=8 mu_bwd=4) | grad=1.014 | tok/s=23,665 | tokens=3.88B
step=118360 | loss=3.2417 | lr=3.00e-04 | wd=0.0224 | mom=0.9500 | T=6.5 k=3.8 (mu_rec=8 mu_bwd=4) | grad=1.056 | tok/s=23,527 | tokens=3.88B
step=118370 | loss=3.2256 | lr=3.00e-04 | wd=0.0224 | mom=0.9500 | T=7.0 k=3.8 (mu_rec=8 mu_bwd=4) | grad=0.996 | tok/s=25,247 | tokens=3.88B
step=118380 | loss=2.9857 | lr=3.00e-04 | wd=0.0224 | mom=0.9500 | T=3.8 k=3.2 (mu_rec=8 mu_bwd=4) | grad=1.169 | tok/s=24,535 | tokens=3.88B
step=118390 | loss=2.9840 | lr=3.00e-04 | wd=0.0224 | mom=0.9500 | T=8.0 k=3.5 (mu_rec=8 mu_bwd=4) | grad=1.364 | tok/s=23,579 | tokens=3.88B
step=118400 | loss=3.0942 | lr=3.00e-04 | wd=0.0224 | mom=0.9500 | T=4.8 k=2.8 (mu_rec=8 mu_bwd=4) | grad=0.925 | tok/s=24,005 | tokens=3.88B
step=118410 | loss=3.1410 | lr=3.00e-04 | wd=0.0224 | mom=0.9500 | T=4.0 k=3.5 (mu_rec=8 mu_bwd=4) | grad=0.817 | tok/s=22,570 | tokens=3.88B
step=118420 | loss=2.9962 | lr=3.00e-04 | wd=0.0224 | mom=0.9500 | T=5.0 k=3.2 (mu_rec=8 mu_bwd=4) | grad=0.996 | tok/s=23,901 | tokens=3.88B
step=118430 | loss=3.0271 | lr=3.00e-04 | wd=0.0224 | mom=0.9500 | T=8.5 k=4.0 (mu_rec=8 mu_bwd=4) | grad=0.900 | tok/s=23,232 | tokens=3.88B
step=118440 | loss=3.0655 | lr=3.00e-04 | wd=0.0224 | mom=0.9500 | T=10.5 k=4.0 (mu_rec=8 mu_bwd=4) | grad=1.429 | tok/s=23,240 | tokens=3.88B
step=118450 | loss=3.8224 | lr=3.00e-04 | wd=0.0224 | mom=0.9500 | T=5.2 k=3.8 (mu_rec=8 mu_bwd=4) | grad=1.046 | tok/s=21,301 | tokens=3.88B
step=118460 | loss=3.1920 | lr=3.00e-04 | wd=0.0224 | mom=0.9500 | T=5.0 k=4.0 (mu_rec=8 mu_bwd=4) | grad=1.037 | tok/s=24,060 | tokens=3.88B
step=118470 | loss=2.9402 | lr=3.00e-04 | wd=0.0224 | mom=0.9500 | T=6.5 k=4.0 (mu_rec=8 mu_bwd=4) | grad=0.836 | tok/s=22,927 | tokens=3.88B
step=118480 | loss=3.1875 | lr=3.00e-04 | wd=0.0224 | mom=0.9500 | T=6.5 k=3.5 (mu_rec=8 mu_bwd=4) | grad=1.789 | tok/s=24,599 | tokens=3.88B
step=118490 | loss=3.2873 | lr=3.00e-04 | wd=0.0223 | mom=0.9500 | T=11.0 k=4.0 (mu_rec=8 mu_bwd=4) | grad=0.851 | tok/s=21,603 | tokens=3.88B
step=118500 | loss=3.0850 | lr=3.00e-04 | wd=0.0223 | mom=0.9500 | T=5.0 k=3.2 (mu_rec=8 mu_bwd=4) | grad=1.010 | tok/s=22,232 | tokens=3.88B
step=118510 | loss=3.1315 | lr=3.00e-04 | wd=0.0223 | mom=0.9500 | T=7.5 k=4.0 (mu_rec=8 mu_bwd=4) | grad=0.986 | tok/s=23,486 | tokens=3.88B
step=118520 | loss=3.1163 | lr=3.00e-04 | wd=0.0223 | mom=0.9500 | T=14.0 k=4.0 (mu_rec=8 mu_bwd=4) | grad=1.688 | tok/s=23,698 | tokens=3.88B
step=118530 | loss=3.0931 | lr=3.00e-04 | wd=0.0223 | mom=0.9500 | T=5.5 k=3.8 (mu_rec=8 mu_bwd=4) | grad=1.885 | tok/s=22,468 | tokens=3.88B
step=118540 | loss=3.6498 | lr=3.00e-04 | wd=0.0223 | mom=0.9500 | T=7.2 k=4.0 (mu_rec=8 mu_bwd=4) | grad=1.503 | tok/s=23,131 | tokens=3.88B
step=118550 | loss=2.8913 | lr=3.00e-04 | wd=0.0223 | mom=0.9500 | T=3.0 k=2.8 (mu_rec=8 mu_bwd=4) | grad=1.066 | tok/s=24,837 | tokens=3.88B
step=118560 | loss=3.1863 | lr=3.00e-04 | wd=0.0223 | mom=0.9500 | T=8.2 k=4.0 (mu_rec=8 mu_bwd=4) | grad=0.870 | tok/s=24,068 | tokens=3.88B
step=118570 | loss=3.0664 | lr=3.00e-04 | wd=0.0223 | mom=0.9500 | T=11.0 k=4.0 (mu_rec=8 mu_bwd=4) | grad=0.962 | tok/s=22,311 | tokens=3.89B
step=118580 | loss=2.9197 | lr=3.00e-04 | wd=0.0223 | mom=0.9500 | T=6.8 k=4.0 (mu_rec=8 mu_bwd=4) | grad=2.859 | tok/s=24,324 | tokens=3.89B
step=118590 | loss=3.2035 | lr=3.00e-04 | wd=0.0223 | mom=0.9500 | T=6.5 k=4.0 (mu_rec=8 mu_bwd=4) | grad=1.239 | tok/s=24,439 | tokens=3.89B
step=118600 | loss=2.9115 | lr=3.00e-04 | wd=0.0223 | mom=0.9500 | T=8.8 k=4.0 (mu_rec=8 mu_bwd=4) | grad=0.956 | tok/s=22,386 | tokens=3.89B
step=118610 | loss=3.1423 | lr=3.00e-04 | wd=0.0223 | mom=0.9500 | T=7.8 k=4.0 (mu_rec=8 mu_bwd=4) | grad=1.211 | tok/s=24,102 | tokens=3.89B
step=118620 | loss=3.0101 | lr=3.00e-04 | wd=0.0223 | mom=0.9500 | T=14.2 k=3.5 (mu_rec=8 mu_bwd=4) | grad=1.279 | tok/s=22,283 | tokens=3.89B
step=118630 | loss=3.1081 | lr=3.00e-04 | wd=0.0223 | mom=0.9500 | T=8.0 k=4.0 (mu_rec=8 mu_bwd=4) | grad=1.068 | tok/s=24,554 | tokens=3.89B
step=118640 | loss=2.9016 | lr=3.00e-04 | wd=0.0222 | mom=0.9500 | T=5.0 k=3.0 (mu_rec=8 mu_bwd=4) | grad=1.035 | tok/s=22,350 | tokens=3.89B
step=118650 | loss=3.0179 | lr=3.00e-04 | wd=0.0222 | mom=0.9500 | T=5.5 k=3.5 (mu_rec=8 mu_bwd=4) | grad=0.926 | tok/s=24,301 | tokens=3.89B
step=118660 | loss=3.3972 | lr=3.00e-04 | wd=0.0222 | mom=0.9500 | T=6.5 k=3.2 (mu_rec=8 mu_bwd=4) | grad=0.778 | tok/s=25,222 | tokens=3.89B
step=118670 | loss=3.1325 | lr=3.00e-04 | wd=0.0222 | mom=0.9500 | T=8.0 k=4.0 (mu_rec=8 mu_bwd=4) | grad=1.108 | tok/s=24,179 | tokens=3.89B
step=118680 | loss=2.9710 | lr=3.00e-04 | wd=0.0222 | mom=0.9500 | T=12.2 k=4.0 (mu_rec=8 mu_bwd=4) | grad=1.553 | tok/s=23,553 | tokens=3.89B
step=118690 | loss=3.1208 | lr=3.00e-04 | wd=0.0222 | mom=0.9500 | T=9.8 k=3.8 (mu_rec=8 mu_bwd=4) | grad=0.799 | tok/s=24,140 | tokens=3.89B
step=118700 | loss=3.2392 | lr=3.00e-04 | wd=0.0222 | mom=0.9500 | T=8.8 k=3.2 (mu_rec=8 mu_bwd=4) | grad=0.883 | tok/s=24,055 | tokens=3.89B
step=118710 | loss=3.4755 | lr=3.00e-04 | wd=0.0222 | mom=0.9500 | T=7.2 k=3.8 (mu_rec=8 mu_bwd=4) | grad=0.844 | tok/s=24,238 | tokens=3.89B
step=118720 | loss=2.9617 | lr=3.00e-04 | wd=0.0222 | mom=0.9500 | T=5.8 k=3.2 (mu_rec=8 mu_bwd=4) | grad=1.016 | tok/s=21,800 | tokens=3.89B
step=118730 | loss=3.0339 | lr=3.00e-04 | wd=0.0222 | mom=0.9500 | T=6.0 k=3.8 (mu_rec=8 mu_bwd=4) | grad=1.109 | tok/s=24,304 | tokens=3.89B
step=118740 | loss=3.3525 | lr=3.00e-04 | wd=0.0222 | mom=0.9500 | T=6.5 k=4.0 (mu_rec=8 mu_bwd=4) | grad=1.636 | tok/s=23,585 | tokens=3.89B
step=118750 | loss=2.8763 | lr=3.00e-04 | wd=0.0222 | mom=0.9500 | T=8.0 k=4.0 (mu_rec=8 mu_bwd=4) | grad=1.259 | tok/s=23,312 | tokens=3.89B
step=118760 | loss=3.0754 | lr=3.00e-04 | wd=0.0222 | mom=0.9500 | T=8.5 k=4.0 (mu_rec=8 mu_bwd=4) | grad=1.237 | tok/s=11,312 | tokens=3.89B
step=118770 | loss=2.8423 | lr=3.00e-04 | wd=0.0222 | mom=0.9500 | T=7.2 k=4.0 (mu_rec=8 mu_bwd=4) | grad=1.198 | tok/s=23,510 | tokens=3.89B
step=118780 | loss=2.9862 | lr=3.00e-04 | wd=0.0222 | mom=0.9500 | T=9.8 k=4.0 (mu_rec=8 mu_bwd=4) | grad=0.924 | tok/s=21,918 | tokens=3.89B
step=118790 | loss=3.1907 | lr=3.00e-04 | wd=0.0221 | mom=0.9500 | T=7.2 k=3.5 (mu_rec=8 mu_bwd=4) | grad=0.853 | tok/s=23,644 | tokens=3.89B
step=118800 | loss=3.2101 | lr=3.00e-04 | wd=0.0221 | mom=0.9500 | T=9.0 k=4.0 (mu_rec=8 mu_bwd=4) | grad=0.914 | tok/s=25,066 | tokens=3.89B
step=118810 | loss=3.0670 | lr=3.00e-04 | wd=0.0221 | mom=0.9500 | T=9.0 k=3.8 (mu_rec=8 mu_bwd=4) | grad=0.835 | tok/s=22,892 | tokens=3.89B
step=118820 | loss=2.9966 | lr=3.00e-04 | wd=0.0221 | mom=0.9500 | T=9.2 k=3.8 (mu_rec=8 mu_bwd=4) | grad=1.343 | tok/s=24,703 | tokens=3.89B
step=118830 | loss=3.2845 | lr=3.00e-04 | wd=0.0221 | mom=0.9500 | T=9.5 k=4.0 (mu_rec=8 mu_bwd=4) | grad=1.018 | tok/s=10,497 | tokens=3.89B
step=118840 | loss=2.9886 | lr=3.00e-04 | wd=0.0221 | mom=0.9500 | T=9.0 k=4.0 (mu_rec=8 mu_bwd=4) | grad=0.872 | tok/s=23,382 | tokens=3.89B
step=118850 | loss=2.9235 | lr=3.00e-04 | wd=0.0221 | mom=0.9500 | T=4.2 k=3.2 (mu_rec=8 mu_bwd=4) | grad=1.034 | tok/s=23,869 | tokens=3.89B
step=118860 | loss=3.0699 | lr=3.00e-04 | wd=0.0221 | mom=0.9500 | T=9.0 k=4.0 (mu_rec=8 mu_bwd=4) | grad=1.020 | tok/s=23,676 | tokens=3.89B
step=118870 | loss=2.8481 | lr=3.00e-04 | wd=0.0221 | mom=0.9500 | T=5.8 k=2.8 (mu_rec=8 mu_bwd=4) | grad=1.306 | tok/s=23,545 | tokens=3.90B
step=118880 | loss=3.1504 | lr=3.00e-04 | wd=0.0221 | mom=0.9500 | T=8.8 k=3.2 (mu_rec=8 mu_bwd=4) | grad=1.292 | tok/s=23,567 | tokens=3.90B
step=118890 | loss=3.1863 | lr=3.00e-04 | wd=0.0221 | mom=0.9500 | T=9.5 k=4.0 (mu_rec=8 mu_bwd=4) | grad=0.903 | tok/s=23,101 | tokens=3.90B
step=118900 | loss=3.0520 | lr=3.00e-04 | wd=0.0221 | mom=0.9500 | T=10.2 k=4.0 (mu_rec=8 mu_bwd=4) | grad=1.117 | tok/s=23,455 | tokens=3.90B
step=118910 | loss=3.4635 | lr=3.00e-04 | wd=0.0221 | mom=0.9500 | T=4.2 k=3.5 (mu_rec=8 mu_bwd=4) | grad=1.025 | tok/s=23,338 | tokens=3.90B
step=118920 | loss=3.2197 | lr=3.00e-04 | wd=0.0221 | mom=0.9500 | T=6.2 k=4.0 (mu_rec=8 mu_bwd=4) | grad=1.587 | tok/s=22,311 | tokens=3.90B
step=118930 | loss=3.1529 | lr=3.00e-04 | wd=0.0221 | mom=0.9500 | T=6.2 k=3.5 (mu_rec=8 mu_bwd=4) | grad=0.969 | tok/s=24,384 | tokens=3.90B
step=118940 | loss=3.1083 | lr=3.00e-04 | wd=0.0221 | mom=0.9500 | T=6.8 k=3.8 (mu_rec=8 mu_bwd=4) | grad=0.859 | tok/s=23,146 | tokens=3.90B
step=118950 | loss=3.2702 | lr=3.00e-04 | wd=0.0220 | mom=0.9500 | T=7.2 k=3.8 (mu_rec=8 mu_bwd=4) | grad=0.990 | tok/s=23,111 | tokens=3.90B
step=118960 | loss=3.0885 | lr=3.00e-04 | wd=0.0220 | mom=0.9500 | T=3.5 k=3.0 (mu_rec=8 mu_bwd=4) | grad=1.733 | tok/s=24,539 | tokens=3.90B
step=118970 | loss=2.9438 | lr=3.00e-04 | wd=0.0220 | mom=0.9500 | T=8.2 k=3.2 (mu_rec=8 mu_bwd=4) | grad=1.083 | tok/s=24,382 | tokens=3.90B
step=118980 | loss=3.0547 | lr=3.00e-04 | wd=0.0220 | mom=0.9500 | T=7.5 k=3.2 (mu_rec=8 mu_bwd=4) | grad=1.045 | tok/s=23,773 | tokens=3.90B
step=118990 | loss=3.2646 | lr=3.00e-04 | wd=0.0220 | mom=0.9500 | T=7.0 k=3.8 (mu_rec=8 mu_bwd=4) | grad=1.025 | tok/s=24,608 | tokens=3.90B
step=119000 | loss=2.8283 | lr=3.00e-04 | wd=0.0220 | mom=0.9500 | T=5.8 k=4.0 (mu_rec=8 mu_bwd=4) | grad=0.870 | tok/s=21,704 | tokens=3.90B
step=119010 | loss=3.0412 | lr=3.00e-04 | wd=0.0220 | mom=0.9500 | T=6.5 k=4.0 (mu_rec=8 mu_bwd=4) | grad=0.846 | tok/s=23,611 | tokens=3.90B
step=119020 | loss=2.9353 | lr=3.00e-04 | wd=0.0220 | mom=0.9500 | T=4.2 k=2.8 (mu_rec=8 mu_bwd=4) | grad=1.075 | tok/s=23,528 | tokens=3.90B
step=119030 | loss=3.1416 | lr=3.00e-04 | wd=0.0220 | mom=0.9500 | T=8.2 k=3.0 (mu_rec=8 mu_bwd=4) | grad=2.109 | tok/s=23,397 | tokens=3.90B
step=119040 | loss=3.0572 | lr=3.00e-04 | wd=0.0220 | mom=0.9500 | T=8.2 k=3.5 (mu_rec=8 mu_bwd=4) | grad=1.346 | tok/s=24,660 | tokens=3.90B
step=119050 | loss=2.8547 | lr=3.00e-04 | wd=0.0220 | mom=0.9500 | T=13.0 k=3.8 (mu_rec=8 mu_bwd=4) | grad=0.874 | tok/s=23,904 | tokens=3.90B
step=119060 | loss=3.4112 | lr=3.00e-04 | wd=0.0220 | mom=0.9500 | T=8.5 k=4.0 (mu_rec=8 mu_bwd=4) | grad=0.978 | tok/s=23,627 | tokens=3.90B
step=119070 | loss=2.8963 | lr=3.00e-04 | wd=0.0220 | mom=0.9500 | T=9.0 k=4.0 (mu_rec=8 mu_bwd=4) | grad=0.903 | tok/s=23,479 | tokens=3.90B
step=119080 | loss=3.0123 | lr=3.00e-04 | wd=0.0220 | mom=0.9500 | T=8.2 k=4.0 (mu_rec=8 mu_bwd=4) | grad=0.857 | tok/s=24,357 | tokens=3.90B
step=119090 | loss=3.1814 | lr=3.00e-04 | wd=0.0220 | mom=0.9500 | T=5.2 k=3.8 (mu_rec=8 mu_bwd=4) | grad=1.118 | tok/s=21,870 | tokens=3.90B
step=119100 | loss=3.0999 | lr=3.00e-04 | wd=0.0219 | mom=0.9500 | T=6.5 k=3.5 (mu_rec=8 mu_bwd=4) | grad=1.114 | tok/s=22,660 | tokens=3.90B
step=119110 | loss=2.8125 | lr=3.00e-04 | wd=0.0219 | mom=0.9500 | T=6.0 k=3.5 (mu_rec=8 mu_bwd=4) | grad=0.860 | tok/s=23,281 | tokens=3.90B
step=119120 | loss=3.2881 | lr=3.00e-04 | wd=0.0219 | mom=0.9500 | T=12.2 k=4.0 (mu_rec=8 mu_bwd=4) | grad=1.800 | tok/s=21,629 | tokens=3.90B
step=119130 | loss=3.2953 | lr=3.00e-04 | wd=0.0219 | mom=0.9500 | T=8.8 k=3.2 (mu_rec=8 mu_bwd=4) | grad=1.091 | tok/s=23,735 | tokens=3.90B
step=119140 | loss=3.1767 | lr=3.00e-04 | wd=0.0219 | mom=0.9500 | T=6.2 k=4.0 (mu_rec=8 mu_bwd=4) | grad=1.384 | tok/s=22,766 | tokens=3.90B
step=119150 | loss=3.1442 | lr=3.00e-04 | wd=0.0219 | mom=0.9500 | T=4.8 k=3.8 (mu_rec=8 mu_bwd=4) | grad=1.339 | tok/s=24,075 | tokens=3.90B
step=119160 | loss=3.1510 | lr=3.00e-04 | wd=0.0219 | mom=0.9500 | T=6.5 k=2.8 (mu_rec=8 mu_bwd=4) | grad=0.959 | tok/s=23,735 | tokens=3.90B
step=119170 | loss=2.8544 | lr=3.00e-04 | wd=0.0219 | mom=0.9500 | T=11.0 k=4.0 (mu_rec=8 mu_bwd=4) | grad=0.812 | tok/s=23,468 | tokens=3.90B
step=119180 | loss=3.0790 | lr=3.00e-04 | wd=0.0219 | mom=0.9500 | T=5.5 k=3.2 (mu_rec=8 mu_bwd=4) | grad=1.438 | tok/s=21,956 | tokens=3.91B
step=119190 | loss=3.1266 | lr=3.00e-04 | wd=0.0219 | mom=0.9500 | T=7.0 k=3.2 (mu_rec=8 mu_bwd=4) | grad=1.143 | tok/s=24,326 | tokens=3.91B
step=119200 | loss=3.5140 | lr=3.00e-04 | wd=0.0219 | mom=0.9500 | T=5.2 k=3.5 (mu_rec=8 mu_bwd=4) | grad=1.138 | tok/s=23,024 | tokens=3.91B
step=119210 | loss=3.0862 | lr=3.00e-04 | wd=0.0219 | mom=0.9500 | T=12.2 k=4.0 (mu_rec=8 mu_bwd=4) | grad=1.226 | tok/s=21,272 | tokens=3.91B
step=119220 | loss=3.2056 | lr=3.00e-04 | wd=0.0219 | mom=0.9500 | T=12.0 k=3.2 (mu_rec=8 mu_bwd=4) | grad=1.091 | tok/s=25,718 | tokens=3.91B
step=119230 | loss=3.2794 | lr=3.00e-04 | wd=0.0219 | mom=0.9500 | T=6.0 k=3.5 (mu_rec=8 mu_bwd=4) | grad=20.178 | tok/s=22,782 | tokens=3.91B
step=119240 | loss=3.0610 | lr=3.00e-04 | wd=0.0219 | mom=0.9500 | T=7.2 k=4.0 (mu_rec=8 mu_bwd=4) | grad=0.942 | tok/s=23,791 | tokens=3.91B
step=119250 | loss=2.8472 | lr=3.00e-04 | wd=0.0218 | mom=0.9500 | T=4.2 k=3.5 (mu_rec=8 mu_bwd=4) | grad=1.406 | tok/s=22,900 | tokens=3.91B
step=119260 | loss=3.0708 | lr=3.00e-04 | wd=0.0218 | mom=0.9500 | T=9.0 k=4.0 (mu_rec=8 mu_bwd=4) | grad=1.149 | tok/s=22,303 | tokens=3.91B
step=119270 | loss=3.0302 | lr=3.00e-04 | wd=0.0218 | mom=0.9500 | T=6.2 k=4.0 (mu_rec=8 mu_bwd=4) | grad=0.941 | tok/s=24,335 | tokens=3.91B
step=119280 | loss=3.2336 | lr=3.00e-04 | wd=0.0218 | mom=0.9500 | T=8.8 k=4.0 (mu_rec=8 mu_bwd=4) | grad=1.226 | tok/s=22,356 | tokens=3.91B
step=119290 | loss=3.0080 | lr=3.00e-04 | wd=0.0218 | mom=0.9500 | T=8.8 k=4.0 (mu_rec=8 mu_bwd=4) | grad=0.944 | tok/s=23,203 | tokens=3.91B
step=119300 | loss=2.8862 | lr=3.00e-04 | wd=0.0218 | mom=0.9500 | T=7.2 k=3.5 (mu_rec=8 mu_bwd=4) | grad=1.213 | tok/s=22,332 | tokens=3.91B
step=119310 | loss=3.1119 | lr=3.00e-04 | wd=0.0218 | mom=0.9500 | T=7.2 k=3.5 (mu_rec=8 mu_bwd=4) | grad=1.017 | tok/s=24,066 | tokens=3.91B
step=119320 | loss=2.7965 | lr=3.00e-04 | wd=0.0218 | mom=0.9500 | T=6.0 k=3.8 (mu_rec=8 mu_bwd=4) | grad=1.078 | tok/s=23,684 | tokens=3.91B
step=119330 | loss=2.4180 | lr=3.00e-04 | wd=0.0218 | mom=0.9500 | T=7.8 k=4.0 (mu_rec=8 mu_bwd=4) | grad=2.942 | tok/s=26,440 | tokens=3.91B
step=119340 | loss=2.8348 | lr=3.00e-04 | wd=0.0218 | mom=0.9500 | T=5.0 k=3.0 (mu_rec=8 mu_bwd=4) | grad=1.298 | tok/s=23,158 | tokens=3.91B
step=119350 | loss=3.3202 | lr=3.00e-04 | wd=0.0218 | mom=0.9500 | T=5.2 k=3.2 (mu_rec=8 mu_bwd=4) | grad=1.117 | tok/s=23,499 | tokens=3.91B
step=119360 | loss=3.1479 | lr=3.00e-04 | wd=0.0218 | mom=0.9500 | T=7.0 k=3.8 (mu_rec=8 mu_bwd=4) | grad=1.163 | tok/s=24,293 | tokens=3.91B
step=119370 | loss=3.1211 | lr=3.00e-04 | wd=0.0218 | mom=0.9500 | T=11.2 k=4.0 (mu_rec=8 mu_bwd=4) | grad=1.096 | tok/s=23,083 | tokens=3.91B
step=119380 | loss=3.1915 | lr=3.00e-04 | wd=0.0218 | mom=0.9500 | T=17.5 k=4.0 (mu_rec=8 mu_bwd=4) | grad=0.869 | tok/s=21,095 | tokens=3.91B
step=119390 | loss=2.9946 | lr=3.00e-04 | wd=0.0218 | mom=0.9500 | T=11.8 k=4.0 (mu_rec=8 mu_bwd=4) | grad=0.837 | tok/s=23,793 | tokens=3.91B
step=119400 | loss=2.8642 | lr=3.00e-04 | wd=0.0218 | mom=0.9500 | T=8.5 k=4.0 (mu_rec=8 mu_bwd=4) | grad=1.116 | tok/s=25,243 | tokens=3.91B
step=119410 | loss=3.1092 | lr=3.00e-04 | wd=0.0217 | mom=0.9500 | T=9.5 k=4.0 (mu_rec=8 mu_bwd=4) | grad=1.547 | tok/s=21,856 | tokens=3.91B
step=119420 | loss=3.2778 | lr=3.00e-04 | wd=0.0217 | mom=0.9500 | T=6.0 k=3.8 (mu_rec=8 mu_bwd=4) | grad=0.922 | tok/s=24,701 | tokens=3.91B
step=119430 | loss=2.8654 | lr=3.00e-04 | wd=0.0217 | mom=0.9500 | T=10.8 k=4.0 (mu_rec=8 mu_bwd=4) | grad=1.025 | tok/s=21,771 | tokens=3.91B
step=119440 | loss=3.2181 | lr=3.00e-04 | wd=0.0217 | mom=0.9500 | T=9.5 k=4.0 (mu_rec=8 mu_bwd=4) | grad=1.069 | tok/s=21,796 | tokens=3.91B
step=119450 | loss=3.2800 | lr=3.00e-04 | wd=0.0217 | mom=0.9500 | T=8.2 k=4.0 (mu_rec=8 mu_bwd=4) | grad=0.992 | tok/s=23,037 | tokens=3.91B
step=119460 | loss=3.1265 | lr=3.00e-04 | wd=0.0217 | mom=0.9500 | T=6.5 k=3.5 (mu_rec=8 mu_bwd=4) | grad=0.963 | tok/s=23,494 | tokens=3.91B
step=119470 | loss=3.2360 | lr=3.00e-04 | wd=0.0217 | mom=0.9500 | T=5.5 k=3.2 (mu_rec=8 mu_bwd=4) | grad=1.557 | tok/s=26,423 | tokens=3.91B
step=119480 | loss=3.2297 | lr=3.00e-04 | wd=0.0217 | mom=0.9500 | T=5.8 k=3.5 (mu_rec=8 mu_bwd=4) | grad=0.962 | tok/s=25,820 | tokens=3.92B
step=119490 | loss=3.0505 | lr=3.00e-04 | wd=0.0217 | mom=0.9500 | T=5.2 k=3.5 (mu_rec=8 mu_bwd=4) | grad=1.112 | tok/s=25,303 | tokens=3.92B
step=119500 | loss=3.1329 | lr=3.00e-04 | wd=0.0217 | mom=0.9500 | T=8.2 k=4.0 (mu_rec=8 mu_bwd=4) | grad=0.886 | tok/s=23,231 | tokens=3.92B
step=119510 | loss=3.0923 | lr=3.00e-04 | wd=0.0217 | mom=0.9500 | T=11.2 k=3.8 (mu_rec=8 mu_bwd=4) | grad=1.021 | tok/s=23,337 | tokens=3.92B
step=119520 | loss=3.2700 | lr=3.00e-04 | wd=0.0217 | mom=0.9500 | T=11.0 k=4.0 (mu_rec=8 mu_bwd=4) | grad=0.930 | tok/s=23,537 | tokens=3.92B
step=119530 | loss=3.0117 | lr=3.00e-04 | wd=0.0217 | mom=0.9500 | T=4.8 k=4.0 (mu_rec=8 mu_bwd=4) | grad=1.334 | tok/s=24,575 | tokens=3.92B
step=119540 | loss=3.1572 | lr=3.00e-04 | wd=0.0217 | mom=0.9500 | T=2.0 k=2.0 (mu_rec=8 mu_bwd=4) | grad=1.856 | tok/s=23,170 | tokens=3.92B
step=119550 | loss=2.6997 | lr=3.00e-04 | wd=0.0217 | mom=0.9500 | T=7.5 k=4.0 (mu_rec=8 mu_bwd=4) | grad=2.326 | tok/s=10,644 | tokens=3.92B
step=119560 | loss=3.3023 | lr=3.00e-04 | wd=0.0216 | mom=0.9500 | T=12.8 k=4.0 (mu_rec=8 mu_bwd=4) | grad=0.979 | tok/s=24,259 | tokens=3.92B
step=119570 | loss=3.3452 | lr=3.00e-04 | wd=0.0216 | mom=0.9500 | T=8.2 k=4.0 (mu_rec=8 mu_bwd=4) | grad=0.899 | tok/s=23,556 | tokens=3.92B
step=119580 | loss=3.0980 | lr=3.00e-04 | wd=0.0216 | mom=0.9500 | T=4.8 k=3.2 (mu_rec=8 mu_bwd=4) | grad=0.987 | tok/s=24,698 | tokens=3.92B
step=119590 | loss=3.0298 | lr=3.00e-04 | wd=0.0216 | mom=0.9500 | T=4.8 k=3.2 (mu_rec=8 mu_bwd=4) | grad=1.405 | tok/s=22,654 | tokens=3.92B
step=119600 | loss=3.1292 | lr=3.00e-04 | wd=0.0216 | mom=0.9500 | T=7.0 k=3.5 (mu_rec=8 mu_bwd=4) | grad=1.274 | tok/s=22,895 | tokens=3.92B
step=119610 | loss=3.2373 | lr=3.00e-04 | wd=0.0216 | mom=0.9500 | T=8.8 k=3.8 (mu_rec=8 mu_bwd=4) | grad=0.951 | tok/s=25,338 | tokens=3.92B
step=119620 | loss=3.2028 | lr=3.00e-04 | wd=0.0216 | mom=0.9500 | T=9.2 k=3.8 (mu_rec=8 mu_bwd=4) | grad=1.310 | tok/s=24,151 | tokens=3.92B
step=119630 | loss=3.1043 | lr=3.00e-04 | wd=0.0216 | mom=0.9500 | T=8.2 k=4.0 (mu_rec=8 mu_bwd=4) | grad=1.131 | tok/s=21,717 | tokens=3.92B
step=119640 | loss=2.8451 | lr=3.00e-04 | wd=0.0216 | mom=0.9500 | T=7.2 k=3.8 (mu_rec=8 mu_bwd=4) | grad=1.397 | tok/s=24,695 | tokens=3.92B
step=119650 | loss=2.9896 | lr=3.00e-04 | wd=0.0216 | mom=0.9500 | T=7.5 k=4.0 (mu_rec=8 mu_bwd=4) | grad=1.006 | tok/s=23,247 | tokens=3.92B
step=119660 | loss=3.1465 | lr=3.00e-04 | wd=0.0216 | mom=0.9500 | T=8.8 k=4.0 (mu_rec=8 mu_bwd=4) | grad=0.826 | tok/s=22,942 | tokens=3.92B
step=119670 | loss=2.8624 | lr=3.00e-04 | wd=0.0216 | mom=0.9500 | T=5.8 k=3.0 (mu_rec=8 mu_bwd=4) | grad=0.863 | tok/s=23,909 | tokens=3.92B
step=119680 | loss=2.9596 | lr=3.00e-04 | wd=0.0216 | mom=0.9500 | T=6.2 k=3.5 (mu_rec=8 mu_bwd=4) | grad=0.990 | tok/s=23,007 | tokens=3.92B
step=119690 | loss=3.1666 | lr=3.00e-04 | wd=0.0216 | mom=0.9500 | T=8.2 k=3.8 (mu_rec=8 mu_bwd=4) | grad=1.639 | tok/s=10,186 | tokens=3.92B
step=119700 | loss=3.1868 | lr=3.00e-04 | wd=0.0216 | mom=0.9500 | T=7.8 k=4.0 (mu_rec=8 mu_bwd=4) | grad=1.344 | tok/s=23,996 | tokens=3.92B
step=119710 | loss=3.2130 | lr=3.00e-04 | wd=0.0215 | mom=0.9500 | T=8.0 k=4.0 (mu_rec=8 mu_bwd=4) | grad=1.380 | tok/s=23,508 | tokens=3.92B
step=119720 | loss=3.5181 | lr=3.00e-04 | wd=0.0215 | mom=0.9500 | T=8.2 k=3.8 (mu_rec=8 mu_bwd=4) | grad=1.366 | tok/s=23,575 | tokens=3.92B
step=119730 | loss=3.4480 | lr=3.00e-04 | wd=0.0215 | mom=0.9500 | T=7.0 k=3.5 (mu_rec=8 mu_bwd=4) | grad=1.065 | tok/s=24,147 | tokens=3.92B
step=119740 | loss=3.0993 | lr=3.00e-04 | wd=0.0215 | mom=0.9500 | T=8.0 k=3.8 (mu_rec=8 mu_bwd=4) | grad=1.273 | tok/s=24,030 | tokens=3.92B
step=119750 | loss=3.3618 | lr=3.00e-04 | wd=0.0215 | mom=0.9500 | T=6.2 k=4.0 (mu_rec=8 mu_bwd=4) | grad=1.192 | tok/s=20,415 | tokens=3.92B
step=119760 | loss=2.6877 | lr=3.00e-04 | wd=0.0215 | mom=0.9500 | T=10.2 k=4.0 (mu_rec=8 mu_bwd=4) | grad=0.823 | tok/s=21,984 | tokens=3.92B
step=119770 | loss=3.3911 | lr=3.00e-04 | wd=0.0215 | mom=0.9500 | T=8.2 k=3.5 (mu_rec=8 mu_bwd=4) | grad=0.978 | tok/s=24,282 | tokens=3.92B
step=119780 | loss=3.1986 | lr=3.00e-04 | wd=0.0215 | mom=0.9500 | T=7.0 k=4.0 (mu_rec=8 mu_bwd=4) | grad=1.640 | tok/s=23,712 | tokens=3.92B
step=119790 | loss=3.2277 | lr=3.00e-04 | wd=0.0215 | mom=0.9500 | T=5.5 k=3.8 (mu_rec=8 mu_bwd=4) | grad=0.999 | tok/s=25,180 | tokens=3.93B
step=119800 | loss=3.2074 | lr=3.00e-04 | wd=0.0215 | mom=0.9500 | T=4.5 k=3.5 (mu_rec=8 mu_bwd=4) | grad=0.937 | tok/s=23,810 | tokens=3.93B
step=119810 | loss=2.9424 | lr=3.00e-04 | wd=0.0215 | mom=0.9500 | T=11.0 k=3.8 (mu_rec=8 mu_bwd=4) | grad=1.164 | tok/s=23,671 | tokens=3.93B
step=119820 | loss=3.2064 | lr=3.00e-04 | wd=0.0215 | mom=0.9500 | T=5.2 k=3.2 (mu_rec=8 mu_bwd=4) | grad=1.043 | tok/s=23,597 | tokens=3.93B
step=119830 | loss=3.1646 | lr=3.00e-04 | wd=0.0215 | mom=0.9500 | T=9.8 k=4.0 (mu_rec=8 mu_bwd=4) | grad=1.964 | tok/s=25,449 | tokens=3.93B
step=119840 | loss=2.9133 | lr=3.00e-04 | wd=0.0215 | mom=0.9500 | T=10.8 k=4.0 (mu_rec=8 mu_bwd=4) | grad=0.905 | tok/s=22,666 | tokens=3.93B
step=119850 | loss=2.9210 | lr=3.00e-04 | wd=0.0215 | mom=0.9500 | T=4.5 k=4.0 (mu_rec=8 mu_bwd=4) | grad=1.019 | tok/s=23,635 | tokens=3.93B
step=119860 | loss=3.3317 | lr=3.00e-04 | wd=0.0214 | mom=0.9500 | T=8.2 k=3.8 (mu_rec=8 mu_bwd=4) | grad=1.464 | tok/s=23,324 | tokens=3.93B
step=119870 | loss=3.1580 | lr=3.00e-04 | wd=0.0214 | mom=0.9500 | T=8.5 k=4.0 (mu_rec=8 mu_bwd=4) | grad=1.790 | tok/s=23,312 | tokens=3.93B
step=119880 | loss=2.7897 | lr=3.00e-04 | wd=0.0214 | mom=0.9500 | T=6.5 k=3.5 (mu_rec=8 mu_bwd=4) | grad=0.915 | tok/s=23,983 | tokens=3.93B
step=119890 | loss=2.9992 | lr=3.00e-04 | wd=0.0214 | mom=0.9500 | T=7.2 k=4.0 (mu_rec=8 mu_bwd=4) | grad=2.575 | tok/s=24,802 | tokens=3.93B
step=119900 | loss=3.2757 | lr=3.00e-04 | wd=0.0214 | mom=0.9500 | T=9.0 k=4.0 (mu_rec=8 mu_bwd=4) | grad=0.797 | tok/s=23,897 | tokens=3.93B
step=119910 | loss=2.6394 | lr=3.00e-04 | wd=0.0214 | mom=0.9500 | T=9.0 k=4.0 (mu_rec=8 mu_bwd=4) | grad=0.813 | tok/s=23,978 | tokens=3.93B
step=119920 | loss=2.7763 | lr=3.00e-04 | wd=0.0214 | mom=0.9500 | T=10.0 k=3.8 (mu_rec=8 mu_bwd=4) | grad=0.971 | tok/s=23,317 | tokens=3.93B
step=119930 | loss=2.9633 | lr=3.00e-04 | wd=0.0214 | mom=0.9500 | T=6.5 k=4.0 (mu_rec=8 mu_bwd=4) | grad=0.973 | tok/s=22,498 | tokens=3.93B
step=119940 | loss=3.1974 | lr=3.00e-04 | wd=0.0214 | mom=0.9500 | T=5.5 k=3.0 (mu_rec=8 mu_bwd=4) | grad=1.031 | tok/s=22,034 | tokens=3.93B
step=119950 | loss=3.1840 | lr=3.00e-04 | wd=0.0214 | mom=0.9500 | T=17.2 k=4.0 (mu_rec=8 mu_bwd=4) | grad=0.939 | tok/s=22,810 | tokens=3.93B
step=119960 | loss=3.0579 | lr=3.00e-04 | wd=0.0214 | mom=0.9500 | T=11.8 k=4.0 (mu_rec=8 mu_bwd=4) | grad=1.035 | tok/s=23,255 | tokens=3.93B
step=119970 | loss=3.0517 | lr=3.00e-04 | wd=0.0214 | mom=0.9500 | T=11.8 k=4.0 (mu_rec=8 mu_bwd=4) | grad=1.511 | tok/s=23,642 | tokens=3.93B
step=119980 | loss=3.1336 | lr=3.00e-04 | wd=0.0214 | mom=0.9500 | T=4.2 k=3.0 (mu_rec=8 mu_bwd=4) | grad=1.103 | tok/s=24,073 | tokens=3.93B
step=119990 | loss=3.0947 | lr=3.00e-04 | wd=0.0214 | mom=0.9500 | T=8.0 k=4.0 (mu_rec=8 mu_bwd=4) | grad=1.055 | tok/s=22,452 | tokens=3.93B
step=120000 | loss=3.2375 | lr=3.00e-04 | wd=0.0214 | mom=0.9500 | T=12.0 k=4.0 (mu_rec=8 mu_bwd=4) | grad=1.495 | tok/s=22,598 | tokens=3.93B
[step 120000] Saved -> runs/cortex-5b-k4/checkpoint_0120000
[step 120000] Pruned -> runs/cortex-5b-k4/checkpoint_0114438
step=120010 | loss=3.6404 | lr=3.00e-04 | wd=0.0214 | mom=0.9500 | T=5.2 k=3.2 (mu_rec=8 mu_bwd=4) | grad=1.105 | tok/s=21,319 | tokens=3.93B
step=120020 | loss=3.4274 | lr=3.00e-04 | wd=0.0213 | mom=0.9500 | T=9.2 k=4.0 (mu_rec=8 mu_bwd=4) | grad=1.839 | tok/s=23,284 | tokens=3.93B
step=120030 | loss=3.5882 | lr=3.00e-04 | wd=0.0213 | mom=0.9500 | T=8.0 k=3.5 (mu_rec=8 mu_bwd=4) | grad=0.919 | tok/s=23,194 | tokens=3.93B
step=120040 | loss=3.5423 | lr=3.00e-04 | wd=0.0213 | mom=0.9500 | T=8.2 k=3.8 (mu_rec=8 mu_bwd=4) | grad=1.465 | tok/s=21,970 | tokens=3.93B
step=120050 | loss=3.5498 | lr=3.00e-04 | wd=0.0213 | mom=0.9500 | T=6.2 k=4.0 (mu_rec=8 mu_bwd=4) | grad=1.666 | tok/s=23,470 | tokens=3.93B
step=120060 | loss=3.5122 | lr=3.00e-04 | wd=0.0213 | mom=0.9500 | T=7.0 k=4.0 (mu_rec=8 mu_bwd=4) | grad=1.110 | tok/s=25,291 | tokens=3.93B
step=120070 | loss=3.1274 | lr=3.00e-04 | wd=0.0213 | mom=0.9500 | T=4.0 k=3.2 (mu_rec=8 mu_bwd=4) | grad=0.979 | tok/s=25,281 | tokens=3.93B
step=120080 | loss=3.1201 | lr=3.00e-04 | wd=0.0213 | mom=0.9500 | T=4.5 k=3.2 (mu_rec=8 mu_bwd=4) | grad=1.090 | tok/s=25,065 | tokens=3.93B
step=120090 | loss=3.0214 | lr=3.00e-04 | wd=0.0213 | mom=0.9500 | T=6.8 k=4.0 (mu_rec=8 mu_bwd=4) | grad=1.217 | tok/s=23,096 | tokens=3.94B
step=120100 | loss=2.9541 | lr=3.00e-04 | wd=0.0213 | mom=0.9500 | T=2.5 k=2.5 (mu_rec=8 mu_bwd=4) | grad=1.069 | tok/s=25,023 | tokens=3.94B
step=120110 | loss=3.0748 | lr=3.00e-04 | wd=0.0213 | mom=0.9500 | T=3.8 k=2.8 (mu_rec=8 mu_bwd=4) | grad=0.874 | tok/s=24,802 | tokens=3.94B
step=120120 | loss=3.0904 | lr=3.00e-04 | wd=0.0213 | mom=0.9500 | T=8.5 k=4.0 (mu_rec=8 mu_bwd=4) | grad=0.951 | tok/s=22,830 | tokens=3.94B
step=120130 | loss=3.0548 | lr=3.00e-04 | wd=0.0213 | mom=0.9500 | T=6.5 k=3.8 (mu_rec=8 mu_bwd=4) | grad=1.059 | tok/s=23,315 | tokens=3.94B
step=120140 | loss=3.3766 | lr=3.00e-04 | wd=0.0213 | mom=0.9500 | T=6.5 k=3.5 (mu_rec=8 mu_bwd=4) | grad=3.920 | tok/s=22,564 | tokens=3.94B
step=120150 | loss=3.4493 | lr=3.00e-04 | wd=0.0213 | mom=0.9500 | T=11.2 k=4.0 (mu_rec=8 mu_bwd=4) | grad=1.459 | tok/s=23,300 | tokens=3.94B
step=120160 | loss=3.2072 | lr=3.00e-04 | wd=0.0213 | mom=0.9500 | T=7.0 k=4.0 (mu_rec=8 mu_bwd=4) | grad=1.128 | tok/s=23,676 | tokens=3.94B
step=120170 | loss=2.9642 | lr=3.00e-04 | wd=0.0212 | mom=0.9500 | T=6.5 k=3.8 (mu_rec=8 mu_bwd=4) | grad=1.627 | tok/s=24,272 | tokens=3.94B
step=120180 | loss=2.9723 | lr=3.00e-04 | wd=0.0212 | mom=0.9500 | T=9.8 k=4.0 (mu_rec=8 mu_bwd=4) | grad=0.959 | tok/s=23,691 | tokens=3.94B
step=120190 | loss=2.8235 | lr=3.00e-04 | wd=0.0212 | mom=0.9500 | T=4.8 k=3.2 (mu_rec=8 mu_bwd=4) | grad=0.933 | tok/s=23,094 | tokens=3.94B
step=120200 | loss=3.2485 | lr=3.00e-04 | wd=0.0212 | mom=0.9500 | T=6.0 k=2.8 (mu_rec=8 mu_bwd=4) | grad=1.257 | tok/s=24,115 | tokens=3.94B
step=120210 | loss=3.0706 | lr=3.00e-04 | wd=0.0212 | mom=0.9500 | T=10.8 k=4.0 (mu_rec=8 mu_bwd=4) | grad=1.420 | tok/s=23,313 | tokens=3.94B
step=120220 | loss=3.2290 | lr=3.00e-04 | wd=0.0212 | mom=0.9500 | T=10.5 k=4.0 (mu_rec=8 mu_bwd=4) | grad=1.053 | tok/s=22,575 | tokens=3.94B
step=120230 | loss=3.0723 | lr=3.00e-04 | wd=0.0212 | mom=0.9500 | T=8.0 k=4.0 (mu_rec=8 mu_bwd=4) | grad=1.972 | tok/s=22,909 | tokens=3.94B
step=120240 | loss=3.2085 | lr=3.00e-04 | wd=0.0212 | mom=0.9500 | T=5.5 k=3.0 (mu_rec=8 mu_bwd=4) | grad=0.862 | tok/s=25,105 | tokens=3.94B
step=120250 | loss=3.1521 | lr=3.00e-04 | wd=0.0212 | mom=0.9500 | T=5.5 k=4.0 (mu_rec=8 mu_bwd=4) | grad=2.496 | tok/s=23,276 | tokens=3.94B
step=120260 | loss=3.1639 | lr=3.00e-04 | wd=0.0212 | mom=0.9500 | T=7.0 k=3.2 (mu_rec=8 mu_bwd=4) | grad=1.452 | tok/s=24,863 | tokens=3.94B
step=120270 | loss=3.2266 | lr=3.00e-04 | wd=0.0212 | mom=0.9500 | T=5.8 k=3.5 (mu_rec=8 mu_bwd=4) | grad=1.790 | tok/s=24,192 | tokens=3.94B
step=120280 | loss=3.2831 | lr=3.00e-04 | wd=0.0212 | mom=0.9500 | T=4.8 k=3.2 (mu_rec=8 mu_bwd=4) | grad=0.911 | tok/s=24,929 | tokens=3.94B
step=120290 | loss=3.0479 | lr=3.00e-04 | wd=0.0212 | mom=0.9500 | T=8.8 k=4.0 (mu_rec=8 mu_bwd=4) | grad=0.994 | tok/s=24,158 | tokens=3.94B
step=120300 | loss=3.2576 | lr=3.00e-04 | wd=0.0212 | mom=0.9500 | T=6.0 k=3.2 (mu_rec=8 mu_bwd=4) | grad=1.704 | tok/s=21,468 | tokens=3.94B
step=120310 | loss=3.2170 | lr=3.00e-04 | wd=0.0212 | mom=0.9500 | T=9.8 k=4.0 (mu_rec=8 mu_bwd=4) | grad=1.260 | tok/s=23,687 | tokens=3.94B
step=120320 | loss=3.2427 | lr=3.00e-04 | wd=0.0211 | mom=0.9500 | T=12.8 k=4.0 (mu_rec=8 mu_bwd=4) | grad=1.110 | tok/s=22,130 | tokens=3.94B
step=120330 | loss=3.2364 | lr=3.00e-04 | wd=0.0211 | mom=0.9500 | T=5.2 k=4.0 (mu_rec=8 mu_bwd=4) | grad=1.368 | tok/s=23,077 | tokens=3.94B
step=120340 | loss=2.9712 | lr=3.00e-04 | wd=0.0211 | mom=0.9500 | T=10.8 k=4.0 (mu_rec=8 mu_bwd=4) | grad=1.146 | tok/s=22,826 | tokens=3.94B
step=120350 | loss=3.4431 | lr=3.00e-04 | wd=0.0211 | mom=0.9500 | T=3.5 k=3.5 (mu_rec=8 mu_bwd=4) | grad=1.574 | tok/s=25,885 | tokens=3.94B
step=120360 | loss=3.1814 | lr=3.00e-04 | wd=0.0211 | mom=0.9500 | T=9.5 k=3.2 (mu_rec=8 mu_bwd=4) | grad=1.085 | tok/s=22,616 | tokens=3.94B
step=120370 | loss=3.1138 | lr=3.00e-04 | wd=0.0211 | mom=0.9500 | T=5.0 k=3.5 (mu_rec=8 mu_bwd=4) | grad=0.947 | tok/s=23,654 | tokens=3.94B
step=120380 | loss=3.1521 | lr=3.00e-04 | wd=0.0211 | mom=0.9500 | T=8.5 k=4.0 (mu_rec=8 mu_bwd=4) | grad=1.010 | tok/s=22,592 | tokens=3.94B
step=120390 | loss=3.3927 | lr=3.00e-04 | wd=0.0211 | mom=0.9500 | T=10.0 k=3.2 (mu_rec=8 mu_bwd=4) | grad=1.304 | tok/s=9,560 | tokens=3.94B
step=120400 | loss=3.1870 | lr=3.00e-04 | wd=0.0211 | mom=0.9500 | T=11.2 k=4.0 (mu_rec=8 mu_bwd=4) | grad=0.919 | tok/s=23,845 | tokens=3.95B
step=120410 | loss=3.0253 | lr=3.00e-04 | wd=0.0211 | mom=0.9500 | T=6.5 k=3.2 (mu_rec=8 mu_bwd=4) | grad=1.053 | tok/s=25,477 | tokens=3.95B
step=120420 | loss=3.2604 | lr=3.00e-04 | wd=0.0211 | mom=0.9500 | T=10.5 k=3.5 (mu_rec=8 mu_bwd=4) | grad=0.892 | tok/s=24,427 | tokens=3.95B
step=120430 | loss=3.2143 | lr=3.00e-04 | wd=0.0211 | mom=0.9500 | T=10.0 k=4.0 (mu_rec=8 mu_bwd=4) | grad=1.004 | tok/s=23,400 | tokens=3.95B
step=120440 | loss=2.7651 | lr=3.00e-04 | wd=0.0211 | mom=0.9500 | T=7.5 k=3.5 (mu_rec=8 mu_bwd=4) | grad=0.913 | tok/s=24,707 | tokens=3.95B
step=120450 | loss=3.3173 | lr=3.00e-04 | wd=0.0211 | mom=0.9500 | T=8.5 k=4.0 (mu_rec=8 mu_bwd=4) | grad=5.090 | tok/s=23,652 | tokens=3.95B
step=120460 | loss=3.2540 | lr=3.00e-04 | wd=0.0211 | mom=0.9500 | T=8.8 k=4.0 (mu_rec=8 mu_bwd=4) | grad=0.967 | tok/s=22,336 | tokens=3.95B
step=120470 | loss=3.4411 | lr=3.00e-04 | wd=0.0210 | mom=0.9500 | T=6.5 k=3.8 (mu_rec=8 mu_bwd=4) | grad=1.222 | tok/s=23,645 | tokens=3.95B
step=120480 | loss=3.2560 | lr=3.00e-04 | wd=0.0210 | mom=0.9500 | T=5.2 k=4.0 (mu_rec=8 mu_bwd=4) | grad=0.912 | tok/s=24,335 | tokens=3.95B
step=120490 | loss=3.1068 | lr=3.00e-04 | wd=0.0210 | mom=0.9500 | T=7.8 k=4.0 (mu_rec=8 mu_bwd=4) | grad=1.817 | tok/s=23,847 | tokens=3.95B
step=120500 | loss=3.1461 | lr=3.00e-04 | wd=0.0210 | mom=0.9500 | T=10.5 k=4.0 (mu_rec=8 mu_bwd=4) | grad=1.012 | tok/s=23,487 | tokens=3.95B
step=120510 | loss=3.2697 | lr=3.00e-04 | wd=0.0210 | mom=0.9500 | T=8.5 k=4.0 (mu_rec=8 mu_bwd=4) | grad=1.748 | tok/s=23,572 | tokens=3.95B
step=120520 | loss=2.9284 | lr=3.00e-04 | wd=0.0210 | mom=0.9500 | T=8.5 k=4.0 (mu_rec=8 mu_bwd=4) | grad=0.972 | tok/s=24,201 | tokens=3.95B
step=120530 | loss=3.2133 | lr=3.00e-04 | wd=0.0210 | mom=0.9500 | T=12.8 k=3.5 (mu_rec=8 mu_bwd=4) | grad=1.341 | tok/s=24,874 | tokens=3.95B
step=120540 | loss=3.0341 | lr=3.00e-04 | wd=0.0210 | mom=0.9500 | T=8.2 k=4.0 (mu_rec=8 mu_bwd=4) | grad=1.458 | tok/s=23,625 | tokens=3.95B
step=120550 | loss=3.3114 | lr=3.00e-04 | wd=0.0210 | mom=0.9500 | T=13.2 k=4.0 (mu_rec=8 mu_bwd=4) | grad=1.390 | tok/s=21,965 | tokens=3.95B
step=120560 | loss=3.1715 | lr=3.00e-04 | wd=0.0210 | mom=0.9500 | T=7.8 k=3.8 (mu_rec=8 mu_bwd=4) | grad=0.984 | tok/s=23,173 | tokens=3.95B
step=120570 | loss=3.2361 | lr=3.00e-04 | wd=0.0210 | mom=0.9500 | T=8.5 k=3.8 (mu_rec=8 mu_bwd=4) | grad=1.246 | tok/s=24,756 | tokens=3.95B
step=120580 | loss=3.2204 | lr=3.00e-04 | wd=0.0210 | mom=0.9500 | T=10.0 k=4.0 (mu_rec=8 mu_bwd=4) | grad=1.033 | tok/s=24,351 | tokens=3.95B
step=120590 | loss=3.1779 | lr=3.00e-04 | wd=0.0210 | mom=0.9500 | T=7.2 k=3.5 (mu_rec=8 mu_bwd=4) | grad=1.331 | tok/s=26,235 | tokens=3.95B
step=120600 | loss=3.2889 | lr=3.00e-04 | wd=0.0210 | mom=0.9500 | T=8.8 k=3.5 (mu_rec=8 mu_bwd=4) | grad=0.901 | tok/s=21,959 | tokens=3.95B
step=120610 | loss=4.1914 | lr=3.00e-04 | wd=0.0210 | mom=0.9500 | T=9.5 k=3.8 (mu_rec=8 mu_bwd=4) | grad=1.264 | tok/s=10,675 | tokens=3.95B
step=120620 | loss=3.7242 | lr=3.00e-04 | wd=0.0210 | mom=0.9500 | T=7.2 k=4.0 (mu_rec=8 mu_bwd=4) | grad=0.920 | tok/s=21,841 | tokens=3.95B
step=120630 | loss=3.0642 | lr=3.00e-04 | wd=0.0209 | mom=0.9500 | T=8.0 k=3.5 (mu_rec=8 mu_bwd=4) | grad=1.124 | tok/s=23,125 | tokens=3.95B
step=120640 | loss=3.1919 | lr=3.00e-04 | wd=0.0209 | mom=0.9500 | T=9.5 k=4.0 (mu_rec=8 mu_bwd=4) | grad=1.034 | tok/s=23,854 | tokens=3.95B
step=120650 | loss=3.5235 | lr=3.00e-04 | wd=0.0209 | mom=0.9500 | T=6.0 k=4.0 (mu_rec=8 mu_bwd=4) | grad=1.027 | tok/s=23,126 | tokens=3.95B
step=120660 | loss=3.3244 | lr=3.00e-04 | wd=0.0209 | mom=0.9500 | T=6.0 k=3.8 (mu_rec=8 mu_bwd=4) | grad=0.837 | tok/s=24,056 | tokens=3.95B
step=120670 | loss=3.3882 | lr=3.00e-04 | wd=0.0209 | mom=0.9500 | T=4.2 k=3.2 (mu_rec=8 mu_bwd=4) | grad=1.211 | tok/s=24,687 | tokens=3.95B
step=120680 | loss=3.3243 | lr=3.00e-04 | wd=0.0209 | mom=0.9500 | T=4.8 k=3.0 (mu_rec=8 mu_bwd=4) | grad=0.976 | tok/s=23,063 | tokens=3.95B
step=120690 | loss=2.9050 | lr=3.00e-04 | wd=0.0209 | mom=0.9500 | T=11.8 k=4.0 (mu_rec=8 mu_bwd=4) | grad=1.579 | tok/s=22,779 | tokens=3.95B
step=120700 | loss=3.1480 | lr=3.00e-04 | wd=0.0209 | mom=0.9500 | T=5.5 k=3.8 (mu_rec=8 mu_bwd=4) | grad=3.787 | tok/s=24,177 | tokens=3.96B
step=120710 | loss=3.1045 | lr=3.00e-04 | wd=0.0209 | mom=0.9500 | T=10.5 k=3.2 (mu_rec=8 mu_bwd=4) | grad=0.964 | tok/s=23,210 | tokens=3.96B
step=120720 | loss=2.7083 | lr=3.00e-04 | wd=0.0209 | mom=0.9500 | T=5.2 k=3.8 (mu_rec=8 mu_bwd=4) | grad=1.370 | tok/s=25,064 | tokens=3.96B
step=120730 | loss=3.0963 | lr=3.00e-04 | wd=0.0209 | mom=0.9500 | T=8.0 k=4.0 (mu_rec=8 mu_bwd=4) | grad=1.781 | tok/s=23,075 | tokens=3.96B
step=120740 | loss=3.0986 | lr=3.00e-04 | wd=0.0209 | mom=0.9500 | T=4.5 k=3.5 (mu_rec=8 mu_bwd=4) | grad=1.195 | tok/s=24,084 | tokens=3.96B
step=120750 | loss=3.5063 | lr=3.00e-04 | wd=0.0209 | mom=0.9500 | T=6.0 k=4.0 (mu_rec=8 mu_bwd=4) | grad=0.845 | tok/s=24,365 | tokens=3.96B
step=120760 | loss=3.1144 | lr=3.00e-04 | wd=0.0209 | mom=0.9500 | T=10.2 k=4.0 (mu_rec=8 mu_bwd=4) | grad=1.483 | tok/s=23,888 | tokens=3.96B
step=120770 | loss=3.6857 | lr=3.00e-04 | wd=0.0209 | mom=0.9500 | T=8.0 k=3.5 (mu_rec=8 mu_bwd=4) | grad=1.415 | tok/s=23,602 | tokens=3.96B
step=120780 | loss=3.6054 | lr=3.00e-04 | wd=0.0208 | mom=0.9500 | T=7.0 k=3.5 (mu_rec=8 mu_bwd=4) | grad=1.842 | tok/s=23,536 | tokens=3.96B
step=120790 | loss=3.4794 | lr=3.00e-04 | wd=0.0208 | mom=0.9500 | T=9.5 k=3.5 (mu_rec=8 mu_bwd=4) | grad=1.320 | tok/s=24,643 | tokens=3.96B
step=120800 | loss=3.1584 | lr=3.00e-04 | wd=0.0208 | mom=0.9500 | T=7.0 k=3.5 (mu_rec=8 mu_bwd=4) | grad=1.079 | tok/s=24,920 | tokens=3.96B
step=120810 | loss=3.0018 | lr=3.00e-04 | wd=0.0208 | mom=0.9500 | T=3.5 k=3.2 (mu_rec=8 mu_bwd=4) | grad=1.012 | tok/s=24,474 | tokens=3.96B
step=120820 | loss=3.2146 | lr=3.00e-04 | wd=0.0208 | mom=0.9500 | T=6.2 k=3.2 (mu_rec=8 mu_bwd=4) | grad=0.981 | tok/s=25,713 | tokens=3.96B
step=120830 | loss=3.4429 | lr=3.00e-04 | wd=0.0208 | mom=0.9500 | T=9.2 k=4.0 (mu_rec=8 mu_bwd=4) | grad=1.277 | tok/s=24,243 | tokens=3.96B
step=120840 | loss=3.1114 | lr=3.00e-04 | wd=0.0208 | mom=0.9500 | T=7.8 k=3.8 (mu_rec=8 mu_bwd=4) | grad=1.012 | tok/s=23,198 | tokens=3.96B
step=120850 | loss=2.8787 | lr=3.00e-04 | wd=0.0208 | mom=0.9500 | T=3.0 k=3.0 (mu_rec=8 mu_bwd=4) | grad=1.131 | tok/s=24,645 | tokens=3.96B
step=120860 | loss=2.8936 | lr=3.00e-04 | wd=0.0208 | mom=0.9500 | T=6.5 k=3.2 (mu_rec=8 mu_bwd=4) | grad=0.876 | tok/s=23,287 | tokens=3.96B
step=120870 | loss=3.1715 | lr=3.00e-04 | wd=0.0208 | mom=0.9500 | T=6.8 k=4.0 (mu_rec=8 mu_bwd=4) | grad=0.874 | tok/s=22,616 | tokens=3.96B
step=120880 | loss=3.2961 | lr=3.00e-04 | wd=0.0208 | mom=0.9500 | T=6.2 k=4.0 (mu_rec=8 mu_bwd=4) | grad=0.950 | tok/s=24,644 | tokens=3.96B
step=120890 | loss=3.0140 | lr=3.00e-04 | wd=0.0208 | mom=0.9500 | T=5.8 k=3.8 (mu_rec=8 mu_bwd=4) | grad=0.852 | tok/s=23,298 | tokens=3.96B
step=120900 | loss=3.1159 | lr=3.00e-04 | wd=0.0208 | mom=0.9500 | T=6.8 k=3.8 (mu_rec=8 mu_bwd=4) | grad=1.393 | tok/s=23,057 | tokens=3.96B
step=120910 | loss=2.8378 | lr=3.00e-04 | wd=0.0208 | mom=0.9500 | T=10.8 k=3.2 (mu_rec=8 mu_bwd=4) | grad=3.088 | tok/s=25,293 | tokens=3.96B
step=120920 | loss=3.1696 | lr=3.00e-04 | wd=0.0208 | mom=0.9500 | T=3.5 k=2.2 (mu_rec=8 mu_bwd=4) | grad=1.332 | tok/s=24,285 | tokens=3.96B
step=120930 | loss=3.0884 | lr=3.00e-04 | wd=0.0207 | mom=0.9500 | T=9.8 k=4.0 (mu_rec=8 mu_bwd=4) | grad=1.279 | tok/s=23,898 | tokens=3.96B
step=120940 | loss=3.1880 | lr=3.00e-04 | wd=0.0207 | mom=0.9500 | T=8.5 k=3.2 (mu_rec=8 mu_bwd=4) | grad=1.308 | tok/s=25,655 | tokens=3.96B
step=120950 | loss=2.8828 | lr=3.00e-04 | wd=0.0207 | mom=0.9500 | T=12.0 k=4.0 (mu_rec=8 mu_bwd=4) | grad=1.155 | tok/s=22,383 | tokens=3.96B
step=120960 | loss=3.3183 | lr=3.00e-04 | wd=0.0207 | mom=0.9500 | T=7.2 k=3.8 (mu_rec=8 mu_bwd=4) | grad=1.117 | tok/s=24,350 | tokens=3.96B
step=120970 | loss=3.1376 | lr=3.00e-04 | wd=0.0207 | mom=0.9500 | T=6.5 k=3.5 (mu_rec=8 mu_bwd=4) | grad=1.638 | tok/s=23,108 | tokens=3.96B
step=120980 | loss=3.3103 | lr=3.00e-04 | wd=0.0207 | mom=0.9500 | T=11.2 k=3.5 (mu_rec=8 mu_bwd=4) | grad=1.171 | tok/s=23,441 | tokens=3.96B
step=120990 | loss=3.1125 | lr=3.00e-04 | wd=0.0207 | mom=0.9500 | T=10.0 k=4.0 (mu_rec=8 mu_bwd=4) | grad=1.184 | tok/s=22,991 | tokens=3.96B
step=121000 | loss=3.2131 | lr=3.00e-04 | wd=0.0207 | mom=0.9500 | T=5.0 k=3.2 (mu_rec=8 mu_bwd=4) | grad=1.024 | tok/s=23,159 | tokens=3.96B
step=121010 | loss=3.2962 | lr=3.00e-04 | wd=0.0207 | mom=0.9500 | T=9.0 k=4.0 (mu_rec=8 mu_bwd=4) | grad=2.201 | tok/s=22,369 | tokens=3.97B
step=121020 | loss=3.0494 | lr=3.00e-04 | wd=0.0207 | mom=0.9500 | T=9.0 k=3.5 (mu_rec=8 mu_bwd=4) | grad=1.004 | tok/s=23,934 | tokens=3.97B
step=121030 | loss=3.1361 | lr=3.00e-04 | wd=0.0207 | mom=0.9500 | T=8.5 k=4.0 (mu_rec=8 mu_bwd=4) | grad=1.090 | tok/s=23,916 | tokens=3.97B
step=121040 | loss=3.2020 | lr=3.00e-04 | wd=0.0207 | mom=0.9500 | T=3.8 k=3.2 (mu_rec=8 mu_bwd=4) | grad=1.451 | tok/s=23,661 | tokens=3.97B
step=121050 | loss=3.1647 | lr=3.00e-04 | wd=0.0207 | mom=0.9500 | T=10.2 k=4.0 (mu_rec=8 mu_bwd=4) | grad=0.949 | tok/s=23,610 | tokens=3.97B
step=121060 | loss=2.9918 | lr=3.00e-04 | wd=0.0207 | mom=0.9500 | T=19.8 k=4.0 (mu_rec=8 mu_bwd=4) | grad=0.904 | tok/s=22,038 | tokens=3.97B
step=121070 | loss=3.0675 | lr=3.00e-04 | wd=0.0207 | mom=0.9500 | T=5.2 k=3.8 (mu_rec=8 mu_bwd=4) | grad=1.094 | tok/s=24,296 | tokens=3.97B
step=121080 | loss=2.8362 | lr=3.00e-04 | wd=0.0206 | mom=0.9500 | T=7.0 k=3.8 (mu_rec=8 mu_bwd=4) | grad=1.155 | tok/s=22,970 | tokens=3.97B
step=121090 | loss=3.2255 | lr=3.00e-04 | wd=0.0206 | mom=0.9500 | T=9.5 k=3.8 (mu_rec=8 mu_bwd=4) | grad=1.312 | tok/s=24,418 | tokens=3.97B
step=121100 | loss=3.1381 | lr=3.00e-04 | wd=0.0206 | mom=0.9500 | T=8.5 k=3.5 (mu_rec=8 mu_bwd=4) | grad=0.922 | tok/s=24,495 | tokens=3.97B
step=121110 | loss=2.9085 | lr=3.00e-04 | wd=0.0206 | mom=0.9500 | T=6.8 k=3.2 (mu_rec=8 mu_bwd=4) | grad=1.217 | tok/s=24,689 | tokens=3.97B
step=121120 | loss=3.1771 | lr=3.00e-04 | wd=0.0206 | mom=0.9500 | T=8.5 k=4.0 (mu_rec=8 mu_bwd=4) | grad=1.089 | tok/s=24,114 | tokens=3.97B
step=121130 | loss=2.9515 | lr=3.00e-04 | wd=0.0206 | mom=0.9500 | T=8.0 k=4.0 (mu_rec=8 mu_bwd=4) | grad=0.839 | tok/s=23,046 | tokens=3.97B
step=121140 | loss=3.1029 | lr=3.00e-04 | wd=0.0206 | mom=0.9500 | T=10.5 k=3.5 (mu_rec=8 mu_bwd=4) | grad=0.838 | tok/s=23,330 | tokens=3.97B
step=121150 | loss=2.9040 | lr=3.00e-04 | wd=0.0206 | mom=0.9500 | T=7.0 k=4.0 (mu_rec=8 mu_bwd=4) | grad=0.993 | tok/s=24,752 | tokens=3.97B
step=121160 | loss=3.0410 | lr=3.00e-04 | wd=0.0206 | mom=0.9500 | T=7.2 k=3.2 (mu_rec=8 mu_bwd=4) | grad=1.395 | tok/s=24,181 | tokens=3.97B
step=121170 | loss=3.2378 | lr=3.00e-04 | wd=0.0206 | mom=0.9500 | T=6.0 k=4.0 (mu_rec=8 mu_bwd=4) | grad=1.618 | tok/s=23,958 | tokens=3.97B
step=121180 | loss=3.2615 | lr=3.00e-04 | wd=0.0206 | mom=0.9500 | T=7.0 k=3.8 (mu_rec=8 mu_bwd=4) | grad=1.419 | tok/s=25,588 | tokens=3.97B
step=121190 | loss=3.1333 | lr=3.00e-04 | wd=0.0206 | mom=0.9500 | T=12.0 k=4.0 (mu_rec=8 mu_bwd=4) | grad=1.468 | tok/s=23,527 | tokens=3.97B
step=121200 | loss=3.2466 | lr=3.00e-04 | wd=0.0206 | mom=0.9500 | T=13.0 k=4.0 (mu_rec=8 mu_bwd=4) | grad=1.315 | tok/s=23,259 | tokens=3.97B
step=121210 | loss=3.1469 | lr=3.00e-04 | wd=0.0206 | mom=0.9500 | T=5.2 k=3.2 (mu_rec=8 mu_bwd=4) | grad=1.107 | tok/s=23,469 | tokens=3.97B
step=121220 | loss=2.7916 | lr=3.00e-04 | wd=0.0206 | mom=0.9500 | T=9.8 k=4.0 (mu_rec=8 mu_bwd=4) | grad=1.223 | tok/s=25,073 | tokens=3.97B
step=121230 | loss=2.9240 | lr=3.00e-04 | wd=0.0206 | mom=0.9500 | T=9.2 k=4.0 (mu_rec=8 mu_bwd=4) | grad=1.125 | tok/s=23,779 | tokens=3.97B
step=121240 | loss=3.1154 | lr=3.00e-04 | wd=0.0205 | mom=0.9500 | T=9.2 k=4.0 (mu_rec=8 mu_bwd=4) | grad=0.864 | tok/s=23,463 | tokens=3.97B
step=121250 | loss=3.1990 | lr=3.00e-04 | wd=0.0205 | mom=0.9500 | T=4.0 k=3.5 (mu_rec=8 mu_bwd=4) | grad=3.961 | tok/s=21,485 | tokens=3.97B
step=121260 | loss=3.0152 | lr=3.00e-04 | wd=0.0205 | mom=0.9500 | T=7.5 k=3.8 (mu_rec=8 mu_bwd=4) | grad=0.885 | tok/s=24,432 | tokens=3.97B
step=121270 | loss=3.0037 | lr=3.00e-04 | wd=0.0205 | mom=0.9500 | T=5.8 k=2.8 (mu_rec=8 mu_bwd=4) | grad=1.427 | tok/s=23,760 | tokens=3.97B
step=121280 | loss=3.1416 | lr=3.00e-04 | wd=0.0205 | mom=0.9500 | T=6.2 k=3.2 (mu_rec=8 mu_bwd=4) | grad=1.378 | tok/s=23,437 | tokens=3.97B
step=121290 | loss=3.4902 | lr=3.00e-04 | wd=0.0205 | mom=0.9500 | T=7.8 k=4.0 (mu_rec=8 mu_bwd=4) | grad=1.881 | tok/s=24,811 | tokens=3.97B
step=121300 | loss=3.3528 | lr=3.00e-04 | wd=0.0205 | mom=0.9500 | T=7.5 k=3.5 (mu_rec=8 mu_bwd=4) | grad=2.294 | tok/s=24,735 | tokens=3.97B
step=121310 | loss=3.1783 | lr=3.00e-04 | wd=0.0205 | mom=0.9500 | T=4.8 k=3.0 (mu_rec=8 mu_bwd=4) | grad=1.024 | tok/s=24,363 | tokens=3.98B
step=121320 | loss=2.7950 | lr=3.00e-04 | wd=0.0205 | mom=0.9500 | T=4.2 k=3.2 (mu_rec=8 mu_bwd=4) | grad=1.055 | tok/s=22,529 | tokens=3.98B
step=121330 | loss=2.8556 | lr=3.00e-04 | wd=0.0205 | mom=0.9500 | T=6.8 k=3.8 (mu_rec=8 mu_bwd=4) | grad=0.814 | tok/s=23,042 | tokens=3.98B
step=121340 | loss=3.1711 | lr=3.00e-04 | wd=0.0205 | mom=0.9500 | T=10.8 k=4.0 (mu_rec=8 mu_bwd=4) | grad=1.313 | tok/s=9,926 | tokens=3.98B
step=121350 | loss=3.2108 | lr=3.00e-04 | wd=0.0205 | mom=0.9500 | T=5.5 k=3.8 (mu_rec=8 mu_bwd=4) | grad=2.313 | tok/s=22,966 | tokens=3.98B
step=121360 | loss=3.1858 | lr=3.00e-04 | wd=0.0205 | mom=0.9500 | T=10.2 k=4.0 (mu_rec=8 mu_bwd=4) | grad=0.854 | tok/s=24,458 | tokens=3.98B
step=121370 | loss=3.1095 | lr=3.00e-04 | wd=0.0205 | mom=0.9500 | T=5.8 k=2.8 (mu_rec=8 mu_bwd=4) | grad=1.295 | tok/s=25,002 | tokens=3.98B
step=121380 | loss=3.1600 | lr=3.00e-04 | wd=0.0205 | mom=0.9500 | T=11.8 k=4.0 (mu_rec=8 mu_bwd=4) | grad=0.970 | tok/s=23,963 | tokens=3.98B
step=121390 | loss=3.1772 | lr=3.00e-04 | wd=0.0204 | mom=0.9500 | T=5.5 k=3.8 (mu_rec=8 mu_bwd=4) | grad=1.517 | tok/s=26,170 | tokens=3.98B
step=121400 | loss=3.3141 | lr=3.00e-04 | wd=0.0204 | mom=0.9500 | T=7.0 k=3.8 (mu_rec=8 mu_bwd=4) | grad=0.937 | tok/s=22,987 | tokens=3.98B
step=121410 | loss=3.4688 | lr=3.00e-04 | wd=0.0204 | mom=0.9500 | T=6.8 k=3.5 (mu_rec=8 mu_bwd=4) | grad=1.082 | tok/s=23,758 | tokens=3.98B
step=121420 | loss=3.2076 | lr=3.00e-04 | wd=0.0204 | mom=0.9500 | T=9.2 k=3.5 (mu_rec=8 mu_bwd=4) | grad=2.609 | tok/s=22,779 | tokens=3.98B
step=121430 | loss=3.1306 | lr=3.00e-04 | wd=0.0204 | mom=0.9500 | T=13.2 k=4.0 (mu_rec=8 mu_bwd=4) | grad=0.768 | tok/s=10,020 | tokens=3.98B
step=121440 | loss=2.9153 | lr=3.00e-04 | wd=0.0204 | mom=0.9500 | T=14.8 k=4.0 (mu_rec=8 mu_bwd=4) | grad=0.824 | tok/s=24,074 | tokens=3.98B
step=121450 | loss=3.0334 | lr=3.00e-04 | wd=0.0204 | mom=0.9500 | T=3.5 k=3.0 (mu_rec=8 mu_bwd=4) | grad=0.955 | tok/s=21,850 | tokens=3.98B
step=121460 | loss=3.1988 | lr=3.00e-04 | wd=0.0204 | mom=0.9500 | T=5.2 k=3.5 (mu_rec=8 mu_bwd=4) | grad=0.976 | tok/s=23,766 | tokens=3.98B
step=121470 | loss=3.0808 | lr=3.00e-04 | wd=0.0204 | mom=0.9500 | T=4.5 k=3.5 (mu_rec=8 mu_bwd=4) | grad=0.897 | tok/s=26,532 | tokens=3.98B
step=121480 | loss=2.9786 | lr=3.00e-04 | wd=0.0204 | mom=0.9500 | T=9.0 k=4.0 (mu_rec=8 mu_bwd=4) | grad=0.807 | tok/s=24,521 | tokens=3.98B
step=121490 | loss=3.0444 | lr=3.00e-04 | wd=0.0204 | mom=0.9500 | T=15.2 k=4.0 (mu_rec=8 mu_bwd=4) | grad=1.112 | tok/s=22,892 | tokens=3.98B
step=121500 | loss=3.1449 | lr=3.00e-04 | wd=0.0204 | mom=0.9500 | T=13.5 k=4.0 (mu_rec=8 mu_bwd=4) | grad=0.922 | tok/s=21,619 | tokens=3.98B
step=121510 | loss=3.1459 | lr=3.00e-04 | wd=0.0204 | mom=0.9500 | T=13.5 k=4.0 (mu_rec=8 mu_bwd=4) | grad=0.880 | tok/s=23,303 | tokens=3.98B
step=121520 | loss=2.7786 | lr=3.00e-04 | wd=0.0204 | mom=0.9500 | T=4.5 k=3.0 (mu_rec=8 mu_bwd=4) | grad=0.752 | tok/s=22,933 | tokens=3.98B
step=121530 | loss=2.8899 | lr=3.00e-04 | wd=0.0204 | mom=0.9500 | T=8.8 k=3.2 (mu_rec=8 mu_bwd=4) | grad=1.209 | tok/s=22,718 | tokens=3.98B
step=121540 | loss=3.1056 | lr=3.00e-04 | wd=0.0203 | mom=0.9500 | T=8.0 k=3.8 (mu_rec=8 mu_bwd=4) | grad=0.881 | tok/s=21,935 | tokens=3.98B
step=121550 | loss=3.1438 | lr=3.00e-04 | wd=0.0203 | mom=0.9500 | T=6.8 k=3.8 (mu_rec=8 mu_bwd=4) | grad=1.059 | tok/s=23,645 | tokens=3.98B
step=121560 | loss=3.0735 | lr=3.00e-04 | wd=0.0203 | mom=0.9500 | T=16.2 k=3.0 (mu_rec=8 mu_bwd=4) | grad=0.879 | tok/s=22,788 | tokens=3.98B
step=121570 | loss=3.3682 | lr=3.00e-04 | wd=0.0203 | mom=0.9500 | T=8.2 k=4.0 (mu_rec=8 mu_bwd=4) | grad=1.241 | tok/s=24,742 | tokens=3.98B
step=121580 | loss=3.2098 | lr=3.00e-04 | wd=0.0203 | mom=0.9500 | T=7.2 k=4.0 (mu_rec=8 mu_bwd=4) | grad=0.939 | tok/s=25,332 | tokens=3.98B
step=121590 | loss=2.8425 | lr=3.00e-04 | wd=0.0203 | mom=0.9500 | T=8.2 k=4.0 (mu_rec=8 mu_bwd=4) | grad=1.099 | tok/s=23,921 | tokens=3.98B
step=121600 | loss=3.2516 | lr=3.00e-04 | wd=0.0203 | mom=0.9500 | T=7.5 k=3.8 (mu_rec=8 mu_bwd=4) | grad=0.918 | tok/s=23,136 | tokens=3.98B
step=121610 | loss=3.2672 | lr=3.00e-04 | wd=0.0203 | mom=0.9500 | T=11.8 k=4.0 (mu_rec=8 mu_bwd=4) | grad=0.815 | tok/s=22,853 | tokens=3.98B
step=121620 | loss=3.1752 | lr=3.00e-04 | wd=0.0203 | mom=0.9500 | T=5.2 k=3.2 (mu_rec=8 mu_bwd=4) | grad=1.049 | tok/s=24,093 | tokens=3.99B
step=121630 | loss=3.1807 | lr=3.00e-04 | wd=0.0203 | mom=0.9500 | T=12.2 k=4.0 (mu_rec=8 mu_bwd=4) | grad=1.005 | tok/s=23,561 | tokens=3.99B
step=121640 | loss=2.8705 | lr=3.00e-04 | wd=0.0203 | mom=0.9500 | T=7.0 k=3.5 (mu_rec=8 mu_bwd=4) | grad=0.928 | tok/s=23,962 | tokens=3.99B
step=121650 | loss=3.3427 | lr=3.00e-04 | wd=0.0203 | mom=0.9500 | T=8.0 k=3.5 (mu_rec=8 mu_bwd=4) | grad=1.202 | tok/s=24,198 | tokens=3.99B
step=121660 | loss=2.6155 | lr=3.00e-04 | wd=0.0203 | mom=0.9500 | T=8.8 k=3.5 (mu_rec=8 mu_bwd=4) | grad=0.862 | tok/s=23,871 | tokens=3.99B
step=121670 | loss=3.0205 | lr=3.00e-04 | wd=0.0203 | mom=0.9500 | T=9.5 k=4.0 (mu_rec=8 mu_bwd=4) | grad=1.418 | tok/s=24,017 | tokens=3.99B
step=121680 | loss=3.7405 | lr=3.00e-04 | wd=0.0203 | mom=0.9500 | T=10.8 k=3.5 (mu_rec=8 mu_bwd=4) | grad=1.080 | tok/s=23,780 | tokens=3.99B
step=121690 | loss=3.5156 | lr=3.00e-04 | wd=0.0202 | mom=0.9500 | T=9.8 k=4.0 (mu_rec=8 mu_bwd=4) | grad=2.081 | tok/s=22,890 | tokens=3.99B
step=121700 | loss=3.1462 | lr=3.00e-04 | wd=0.0202 | mom=0.9500 | T=9.5 k=4.0 (mu_rec=8 mu_bwd=4) | grad=1.660 | tok/s=22,763 | tokens=3.99B
step=121710 | loss=2.8883 | lr=3.00e-04 | wd=0.0202 | mom=0.9500 | T=9.2 k=4.0 (mu_rec=8 mu_bwd=4) | grad=1.136 | tok/s=24,332 | tokens=3.99B
step=121720 | loss=2.8774 | lr=3.00e-04 | wd=0.0202 | mom=0.9500 | T=10.2 k=3.5 (mu_rec=8 mu_bwd=4) | grad=0.838 | tok/s=23,603 | tokens=3.99B
step=121730 | loss=3.4581 | lr=3.00e-04 | wd=0.0202 | mom=0.9500 | T=8.2 k=3.8 (mu_rec=8 mu_bwd=4) | grad=1.826 | tok/s=25,141 | tokens=3.99B
step=121740 | loss=3.2620 | lr=3.00e-04 | wd=0.0202 | mom=0.9500 | T=8.8 k=3.8 (mu_rec=8 mu_bwd=4) | grad=1.358 | tok/s=22,937 | tokens=3.99B
step=121750 | loss=2.9920 | lr=3.00e-04 | wd=0.0202 | mom=0.9500 | T=9.2 k=4.0 (mu_rec=8 mu_bwd=4) | grad=1.231 | tok/s=23,322 | tokens=3.99B
step=121760 | loss=3.1231 | lr=3.00e-04 | wd=0.0202 | mom=0.9500 | T=7.0 k=4.0 (mu_rec=8 mu_bwd=4) | grad=1.358 | tok/s=25,302 | tokens=3.99B
step=121770 | loss=2.9683 | lr=3.00e-04 | wd=0.0202 | mom=0.9500 | T=10.8 k=4.0 (mu_rec=8 mu_bwd=4) | grad=1.296 | tok/s=23,493 | tokens=3.99B
step=121780 | loss=2.8869 | lr=3.00e-04 | wd=0.0202 | mom=0.9500 | T=4.2 k=3.2 (mu_rec=8 mu_bwd=4) | grad=1.863 | tok/s=22,250 | tokens=3.99B
step=121790 | loss=3.0025 | lr=3.00e-04 | wd=0.0202 | mom=0.9500 | T=11.2 k=4.0 (mu_rec=8 mu_bwd=4) | grad=1.162 | tok/s=22,078 | tokens=3.99B
step=121800 | loss=3.2422 | lr=3.00e-04 | wd=0.0202 | mom=0.9500 | T=6.8 k=4.0 (mu_rec=8 mu_bwd=4) | grad=4.606 | tok/s=23,459 | tokens=3.99B
step=121810 | loss=3.0482 | lr=3.00e-04 | wd=0.0202 | mom=0.9500 | T=7.5 k=3.8 (mu_rec=8 mu_bwd=4) | grad=2.457 | tok/s=23,483 | tokens=3.99B
step=121820 | loss=3.0872 | lr=3.00e-04 | wd=0.0202 | mom=0.9500 | T=10.8 k=4.0 (mu_rec=8 mu_bwd=4) | grad=1.124 | tok/s=24,039 | tokens=3.99B
step=121830 | loss=3.2819 | lr=3.00e-04 | wd=0.0202 | mom=0.9500 | T=6.8 k=4.0 (mu_rec=8 mu_bwd=4) | grad=0.848 | tok/s=22,926 | tokens=3.99B
step=121840 | loss=3.0918 | lr=3.00e-04 | wd=0.0202 | mom=0.9500 | T=8.8 k=4.0 (mu_rec=8 mu_bwd=4) | grad=0.821 | tok/s=23,700 | tokens=3.99B
step=121850 | loss=2.9170 | lr=3.00e-04 | wd=0.0201 | mom=0.9500 | T=12.2 k=4.0 (mu_rec=8 mu_bwd=4) | grad=0.924 | tok/s=24,373 | tokens=3.99B
step=121860 | loss=3.0940 | lr=3.00e-04 | wd=0.0201 | mom=0.9500 | T=5.5 k=3.5 (mu_rec=8 mu_bwd=4) | grad=1.585 | tok/s=25,501 | tokens=3.99B
step=121870 | loss=3.0167 | lr=3.00e-04 | wd=0.0201 | mom=0.9500 | T=8.0 k=4.0 (mu_rec=8 mu_bwd=4) | grad=1.160 | tok/s=22,853 | tokens=3.99B
step=121880 | loss=3.1543 | lr=3.00e-04 | wd=0.0201 | mom=0.9500 | T=7.0 k=3.2 (mu_rec=8 mu_bwd=4) | grad=0.946 | tok/s=21,851 | tokens=3.99B
step=121890 | loss=3.0107 | lr=3.00e-04 | wd=0.0201 | mom=0.9500 | T=5.2 k=4.0 (mu_rec=8 mu_bwd=4) | grad=0.743 | tok/s=21,250 | tokens=3.99B
step=121900 | loss=3.1679 | lr=3.00e-04 | wd=0.0201 | mom=0.9500 | T=10.0 k=4.0 (mu_rec=8 mu_bwd=4) | grad=0.999 | tok/s=23,201 | tokens=3.99B
step=121910 | loss=2.9574 | lr=3.00e-04 | wd=0.0201 | mom=0.9500 | T=6.5 k=3.5 (mu_rec=8 mu_bwd=4) | grad=1.042 | tok/s=24,210 | tokens=3.99B
step=121920 | loss=2.4905 | lr=3.00e-04 | wd=0.0201 | mom=0.9500 | T=10.5 k=4.0 (mu_rec=8 mu_bwd=4) | grad=0.885 | tok/s=23,442 | tokens=4.00B
step=121930 | loss=3.3595 | lr=3.00e-04 | wd=0.0201 | mom=0.9500 | T=10.5 k=4.0 (mu_rec=8 mu_bwd=4) | grad=1.255 | tok/s=24,124 | tokens=4.00B
step=121940 | loss=3.5932 | lr=3.00e-04 | wd=0.0201 | mom=0.9500 | T=9.5 k=3.5 (mu_rec=8 mu_bwd=4) | grad=0.904 | tok/s=22,670 | tokens=4.00B
step=121950 | loss=3.2243 | lr=3.00e-04 | wd=0.0201 | mom=0.9500 | T=5.2 k=3.5 (mu_rec=8 mu_bwd=4) | grad=2.335 | tok/s=22,490 | tokens=4.00B
step=121960 | loss=2.9097 | lr=3.00e-04 | wd=0.0201 | mom=0.9500 | T=8.2 k=3.5 (mu_rec=8 mu_bwd=4) | grad=1.078 | tok/s=24,309 | tokens=4.00B
step=121970 | loss=3.3619 | lr=3.00e-04 | wd=0.0201 | mom=0.9500 | T=9.5 k=4.0 (mu_rec=8 mu_bwd=4) | grad=1.400 | tok/s=23,481 | tokens=4.00B
step=121980 | loss=3.3526 | lr=3.00e-04 | wd=0.0201 | mom=0.9500 | T=8.0 k=4.0 (mu_rec=8 mu_bwd=4) | grad=1.404 | tok/s=22,855 | tokens=4.00B
step=121990 | loss=3.2287 | lr=3.00e-04 | wd=0.0201 | mom=0.9500 | T=13.2 k=4.0 (mu_rec=8 mu_bwd=4) | grad=0.896 | tok/s=24,100 | tokens=4.00B
step=122000 | loss=2.9837 | lr=3.00e-04 | wd=0.0200 | mom=0.9500 | T=5.8 k=4.0 (mu_rec=8 mu_bwd=4) | grad=1.219 | tok/s=25,046 | tokens=4.00B
[step 122000] Saved -> runs/cortex-5b-k4/checkpoint_0122000
[step 122000] Pruned -> runs/cortex-5b-k4/checkpoint_0116000
step=122010 | loss=3.2374 | lr=3.00e-04 | wd=0.0200 | mom=0.9500 | T=9.5 k=4.0 (mu_rec=8 mu_bwd=4) | grad=1.238 | tok/s=20,168 | tokens=4.00B
step=122020 | loss=3.1972 | lr=3.00e-04 | wd=0.0200 | mom=0.9500 | T=7.5 k=4.0 (mu_rec=8 mu_bwd=4) | grad=0.968 | tok/s=24,827 | tokens=4.00B
step=122030 | loss=3.2570 | lr=3.00e-04 | wd=0.0200 | mom=0.9500 | T=8.2 k=4.0 (mu_rec=8 mu_bwd=4) | grad=1.496 | tok/s=23,975 | tokens=4.00B
step=122040 | loss=2.8681 | lr=3.00e-04 | wd=0.0200 | mom=0.9500 | T=6.8 k=3.5 (mu_rec=8 mu_bwd=4) | grad=0.930 | tok/s=25,172 | tokens=4.00B
step=122050 | loss=3.1070 | lr=3.00e-04 | wd=0.0200 | mom=0.9500 | T=7.8 k=4.0 (mu_rec=8 mu_bwd=4) | grad=1.179 | tok/s=23,213 | tokens=4.00B
step=122060 | loss=3.2141 | lr=3.00e-04 | wd=0.0200 | mom=0.9500 | T=8.8 k=3.2 (mu_rec=8 mu_bwd=4) | grad=1.434 | tok/s=22,542 | tokens=4.00B
step=122070 | loss=3.2379 | lr=3.00e-04 | wd=0.0200 | mom=0.9500 | T=3.2 k=2.5 (mu_rec=8 mu_bwd=4) | grad=1.068 | tok/s=25,230 | tokens=4.00B
step=122080 | loss=3.2161 | lr=3.00e-04 | wd=0.0200 | mom=0.9500 | T=17.8 k=4.0 (mu_rec=8 mu_bwd=4) | grad=0.841 | tok/s=20,784 | tokens=4.00B
step=122090 | loss=3.2609 | lr=3.00e-04 | wd=0.0200 | mom=0.9500 | T=13.8 k=4.0 (mu_rec=8 mu_bwd=4) | grad=0.924 | tok/s=22,768 | tokens=4.00B
step=122100 | loss=3.1158 | lr=3.00e-04 | wd=0.0200 | mom=0.9500 | T=2.2 k=1.8 (mu_rec=8 mu_bwd=4) | grad=0.981 | tok/s=23,875 | tokens=4.00B
step=122110 | loss=3.1771 | lr=3.00e-04 | wd=0.0200 | mom=0.9500 | T=7.8 k=3.5 (mu_rec=8 mu_bwd=4) | grad=1.309 | tok/s=23,151 | tokens=4.00B
step=122120 | loss=3.4625 | lr=3.00e-04 | wd=0.0200 | mom=0.9500 | T=14.8 k=3.5 (mu_rec=8 mu_bwd=4) | grad=0.943 | tok/s=21,951 | tokens=4.00B
step=122130 | loss=3.2551 | lr=3.00e-04 | wd=0.0200 | mom=0.9500 | T=9.2 k=3.5 (mu_rec=8 mu_bwd=4) | grad=3.536 | tok/s=25,024 | tokens=4.00B
step=122140 | loss=3.2580 | lr=3.00e-04 | wd=0.0200 | mom=0.9500 | T=5.2 k=3.2 (mu_rec=8 mu_bwd=4) | grad=1.069 | tok/s=22,462 | tokens=4.00B
step=122150 | loss=2.7760 | lr=3.00e-04 | wd=0.0199 | mom=0.9500 | T=4.5 k=2.5 (mu_rec=8 mu_bwd=4) | grad=1.004 | tok/s=23,589 | tokens=4.00B
step=122160 | loss=3.0633 | lr=3.00e-04 | wd=0.0199 | mom=0.9500 | T=6.5 k=4.0 (mu_rec=8 mu_bwd=4) | grad=0.889 | tok/s=9,856 | tokens=4.00B
step=122170 | loss=2.9428 | lr=3.00e-04 | wd=0.0199 | mom=0.9500 | T=5.0 k=3.8 (mu_rec=8 mu_bwd=4) | grad=0.839 | tok/s=23,439 | tokens=4.00B
step=122180 | loss=3.6611 | lr=3.00e-04 | wd=0.0199 | mom=0.9500 | T=6.2 k=3.8 (mu_rec=8 mu_bwd=4) | grad=0.807 | tok/s=21,968 | tokens=4.00B
step=122190 | loss=3.0966 | lr=3.00e-04 | wd=0.0199 | mom=0.9500 | T=7.8 k=3.5 (mu_rec=8 mu_bwd=4) | grad=0.772 | tok/s=22,464 | tokens=4.00B
step=122200 | loss=3.1415 | lr=3.00e-04 | wd=0.0199 | mom=0.9500 | T=7.0 k=4.0 (mu_rec=8 mu_bwd=4) | grad=1.006 | tok/s=23,293 | tokens=4.00B
step=122210 | loss=3.5111 | lr=3.00e-04 | wd=0.0199 | mom=0.9500 | T=10.5 k=4.0 (mu_rec=8 mu_bwd=4) | grad=0.951 | tok/s=23,661 | tokens=4.00B
step=122220 | loss=3.5933 | lr=3.00e-04 | wd=0.0199 | mom=0.9500 | T=6.8 k=4.0 (mu_rec=8 mu_bwd=4) | grad=1.190 | tok/s=23,998 | tokens=4.00B
step=122230 | loss=3.0968 | lr=3.00e-04 | wd=0.0199 | mom=0.9500 | T=7.2 k=3.2 (mu_rec=8 mu_bwd=4) | grad=0.864 | tok/s=23,772 | tokens=4.01B
step=122240 | loss=3.0683 | lr=3.00e-04 | wd=0.0199 | mom=0.9500 | T=8.5 k=3.8 (mu_rec=8 mu_bwd=4) | grad=0.998 | tok/s=25,904 | tokens=4.01B
step=122250 | loss=3.3205 | lr=3.00e-04 | wd=0.0199 | mom=0.9500 | T=4.5 k=2.8 (mu_rec=8 mu_bwd=4) | grad=1.235 | tok/s=24,314 | tokens=4.01B
step=122260 | loss=3.1050 | lr=3.00e-04 | wd=0.0199 | mom=0.9500 | T=8.0 k=4.0 (mu_rec=8 mu_bwd=4) | grad=0.855 | tok/s=9,507 | tokens=4.01B
step=122270 | loss=2.9834 | lr=3.00e-04 | wd=0.0199 | mom=0.9500 | T=7.8 k=3.5 (mu_rec=8 mu_bwd=4) | grad=0.879 | tok/s=23,175 | tokens=4.01B
step=122280 | loss=3.1993 | lr=3.00e-04 | wd=0.0199 | mom=0.9500 | T=4.8 k=3.5 (mu_rec=8 mu_bwd=4) | grad=1.016 | tok/s=22,036 | tokens=4.01B
step=122290 | loss=3.2632 | lr=3.00e-04 | wd=0.0199 | mom=0.9500 | T=7.0 k=4.0 (mu_rec=8 mu_bwd=4) | grad=0.995 | tok/s=24,893 | tokens=4.01B
step=122300 | loss=2.9336 | lr=3.00e-04 | wd=0.0198 | mom=0.9500 | T=6.5 k=4.0 (mu_rec=8 mu_bwd=4) | grad=1.491 | tok/s=22,839 | tokens=4.01B
step=122310 | loss=3.2114 | lr=3.00e-04 | wd=0.0198 | mom=0.9500 | T=4.0 k=3.2 (mu_rec=8 mu_bwd=4) | grad=1.124 | tok/s=24,470 | tokens=4.01B
step=122320 | loss=3.2402 | lr=3.00e-04 | wd=0.0198 | mom=0.9500 | T=6.2 k=3.2 (mu_rec=8 mu_bwd=4) | grad=0.975 | tok/s=22,705 | tokens=4.01B
step=122330 | loss=3.1299 | lr=3.00e-04 | wd=0.0198 | mom=0.9500 | T=7.8 k=4.0 (mu_rec=8 mu_bwd=4) | grad=1.342 | tok/s=23,539 | tokens=4.01B
step=122340 | loss=3.1663 | lr=3.00e-04 | wd=0.0198 | mom=0.9500 | T=4.5 k=3.5 (mu_rec=8 mu_bwd=4) | grad=1.186 | tok/s=25,906 | tokens=4.01B
step=122350 | loss=2.9020 | lr=3.00e-04 | wd=0.0198 | mom=0.9500 | T=5.8 k=3.5 (mu_rec=8 mu_bwd=4) | grad=0.870 | tok/s=25,223 | tokens=4.01B
step=122360 | loss=3.2502 | lr=3.00e-04 | wd=0.0198 | mom=0.9500 | T=11.2 k=3.8 (mu_rec=8 mu_bwd=4) | grad=0.888 | tok/s=23,431 | tokens=4.01B
step=122370 | loss=3.4326 | lr=3.00e-04 | wd=0.0198 | mom=0.9500 | T=8.0 k=3.2 (mu_rec=8 mu_bwd=4) | grad=0.946 | tok/s=23,823 | tokens=4.01B
step=122380 | loss=3.2327 | lr=3.00e-04 | wd=0.0198 | mom=0.9500 | T=7.8 k=3.8 (mu_rec=8 mu_bwd=4) | grad=1.268 | tok/s=23,999 | tokens=4.01B
step=122390 | loss=3.3359 | lr=3.00e-04 | wd=0.0198 | mom=0.9500 | T=10.0 k=3.8 (mu_rec=8 mu_bwd=4) | grad=1.277 | tok/s=24,191 | tokens=4.01B
step=122400 | loss=3.4653 | lr=3.00e-04 | wd=0.0198 | mom=0.9500 | T=7.5 k=3.8 (mu_rec=8 mu_bwd=4) | grad=1.049 | tok/s=24,726 | tokens=4.01B
step=122410 | loss=3.1827 | lr=3.00e-04 | wd=0.0198 | mom=0.9500 | T=6.2 k=3.8 (mu_rec=8 mu_bwd=4) | grad=1.981 | tok/s=23,696 | tokens=4.01B
step=122420 | loss=3.0583 | lr=3.00e-04 | wd=0.0198 | mom=0.9500 | T=8.5 k=2.5 (mu_rec=8 mu_bwd=4) | grad=1.357 | tok/s=23,953 | tokens=4.01B
step=122430 | loss=3.1411 | lr=3.00e-04 | wd=0.0198 | mom=0.9500 | T=6.2 k=3.2 (mu_rec=8 mu_bwd=4) | grad=1.020 | tok/s=22,324 | tokens=4.01B
step=122440 | loss=2.9962 | lr=3.00e-04 | wd=0.0198 | mom=0.9500 | T=7.0 k=4.0 (mu_rec=8 mu_bwd=4) | grad=1.253 | tok/s=22,719 | tokens=4.01B
step=122450 | loss=3.1977 | lr=3.00e-04 | wd=0.0198 | mom=0.9500 | T=5.5 k=3.8 (mu_rec=8 mu_bwd=4) | grad=1.272 | tok/s=25,585 | tokens=4.01B
step=122460 | loss=3.4655 | lr=3.00e-04 | wd=0.0197 | mom=0.9500 | T=8.0 k=3.5 (mu_rec=8 mu_bwd=4) | grad=0.870 | tok/s=24,282 | tokens=4.01B
step=122470 | loss=3.0543 | lr=3.00e-04 | wd=0.0197 | mom=0.9500 | T=8.8 k=4.0 (mu_rec=8 mu_bwd=4) | grad=1.638 | tok/s=23,883 | tokens=4.01B
step=122480 | loss=2.8882 | lr=3.00e-04 | wd=0.0197 | mom=0.9500 | T=14.5 k=3.8 (mu_rec=8 mu_bwd=4) | grad=1.078 | tok/s=23,523 | tokens=4.01B
step=122490 | loss=3.0372 | lr=3.00e-04 | wd=0.0197 | mom=0.9500 | T=5.8 k=4.0 (mu_rec=8 mu_bwd=4) | grad=0.915 | tok/s=24,857 | tokens=4.01B
step=122500 | loss=3.1407 | lr=3.00e-04 | wd=0.0197 | mom=0.9500 | T=4.5 k=3.5 (mu_rec=8 mu_bwd=4) | grad=1.627 | tok/s=22,968 | tokens=4.01B
step=122510 | loss=2.9149 | lr=3.00e-04 | wd=0.0197 | mom=0.9500 | T=8.8 k=3.5 (mu_rec=8 mu_bwd=4) | grad=1.073 | tok/s=22,547 | tokens=4.01B
step=122520 | loss=3.2499 | lr=3.00e-04 | wd=0.0197 | mom=0.9500 | T=8.2 k=4.0 (mu_rec=8 mu_bwd=4) | grad=0.921 | tok/s=21,678 | tokens=4.01B
step=122530 | loss=3.2907 | lr=3.00e-04 | wd=0.0197 | mom=0.9500 | T=7.0 k=4.0 (mu_rec=8 mu_bwd=4) | grad=1.701 | tok/s=25,065 | tokens=4.02B
step=122540 | loss=3.5630 | lr=3.00e-04 | wd=0.0197 | mom=0.9500 | T=6.5 k=4.0 (mu_rec=8 mu_bwd=4) | grad=1.525 | tok/s=22,832 | tokens=4.02B
step=122550 | loss=3.1404 | lr=3.00e-04 | wd=0.0197 | mom=0.9500 | T=7.8 k=3.2 (mu_rec=8 mu_bwd=4) | grad=1.434 | tok/s=22,998 | tokens=4.02B
step=122560 | loss=3.2940 | lr=3.00e-04 | wd=0.0197 | mom=0.9500 | T=8.8 k=4.0 (mu_rec=8 mu_bwd=4) | grad=1.874 | tok/s=22,770 | tokens=4.02B
step=122570 | loss=3.3210 | lr=3.00e-04 | wd=0.0197 | mom=0.9500 | T=2.5 k=2.5 (mu_rec=8 mu_bwd=4) | grad=1.396 | tok/s=25,464 | tokens=4.02B
step=122580 | loss=3.2359 | lr=3.00e-04 | wd=0.0197 | mom=0.9500 | T=5.2 k=3.2 (mu_rec=8 mu_bwd=4) | grad=1.128 | tok/s=26,842 | tokens=4.02B
step=122590 | loss=2.8417 | lr=3.00e-04 | wd=0.0197 | mom=0.9500 | T=8.0 k=4.0 (mu_rec=8 mu_bwd=4) | grad=1.089 | tok/s=22,655 | tokens=4.02B
step=122600 | loss=2.8691 | lr=3.00e-04 | wd=0.0197 | mom=0.9500 | T=7.2 k=4.0 (mu_rec=8 mu_bwd=4) | grad=1.548 | tok/s=25,464 | tokens=4.02B
step=122610 | loss=3.3028 | lr=3.00e-04 | wd=0.0196 | mom=0.9500 | T=8.0 k=4.0 (mu_rec=8 mu_bwd=4) | grad=0.828 | tok/s=24,457 | tokens=4.02B
step=122620 | loss=3.2885 | lr=3.00e-04 | wd=0.0196 | mom=0.9500 | T=5.2 k=3.2 (mu_rec=8 mu_bwd=4) | grad=1.561 | tok/s=24,491 | tokens=4.02B
step=122630 | loss=3.0045 | lr=3.00e-04 | wd=0.0196 | mom=0.9500 | T=9.2 k=4.0 (mu_rec=8 mu_bwd=4) | grad=1.158 | tok/s=23,009 | tokens=4.02B
step=122640 | loss=3.0832 | lr=3.00e-04 | wd=0.0196 | mom=0.9500 | T=8.0 k=4.0 (mu_rec=8 mu_bwd=4) | grad=1.145 | tok/s=23,421 | tokens=4.02B
step=122650 | loss=3.3605 | lr=3.00e-04 | wd=0.0196 | mom=0.9500 | T=10.8 k=3.8 (mu_rec=8 mu_bwd=4) | grad=1.059 | tok/s=23,622 | tokens=4.02B
step=122660 | loss=3.0225 | lr=3.00e-04 | wd=0.0196 | mom=0.9500 | T=6.0 k=3.5 (mu_rec=8 mu_bwd=4) | grad=1.210 | tok/s=23,432 | tokens=4.02B
step=122670 | loss=3.1619 | lr=3.00e-04 | wd=0.0196 | mom=0.9500 | T=9.2 k=3.8 (mu_rec=8 mu_bwd=4) | grad=1.064 | tok/s=24,874 | tokens=4.02B
step=122680 | loss=3.2909 | lr=3.00e-04 | wd=0.0196 | mom=0.9500 | T=11.8 k=4.0 (mu_rec=8 mu_bwd=4) | grad=1.083 | tok/s=22,255 | tokens=4.02B
step=122690 | loss=3.0450 | lr=3.00e-04 | wd=0.0196 | mom=0.9500 | T=7.0 k=4.0 (mu_rec=8 mu_bwd=4) | grad=1.529 | tok/s=24,294 | tokens=4.02B
step=122700 | loss=3.1135 | lr=3.00e-04 | wd=0.0196 | mom=0.9500 | T=6.5 k=3.8 (mu_rec=8 mu_bwd=4) | grad=1.068 | tok/s=23,922 | tokens=4.02B
step=122710 | loss=3.0503 | lr=3.00e-04 | wd=0.0196 | mom=0.9500 | T=8.8 k=3.5 (mu_rec=8 mu_bwd=4) | grad=0.855 | tok/s=25,666 | tokens=4.02B
step=122720 | loss=3.2394 | lr=3.00e-04 | wd=0.0196 | mom=0.9500 | T=5.0 k=3.0 (mu_rec=8 mu_bwd=4) | grad=1.380 | tok/s=23,662 | tokens=4.02B
step=122730 | loss=3.2345 | lr=3.00e-04 | wd=0.0196 | mom=0.9500 | T=10.0 k=3.5 (mu_rec=8 mu_bwd=4) | grad=1.285 | tok/s=24,378 | tokens=4.02B
step=122740 | loss=3.1165 | lr=3.00e-04 | wd=0.0196 | mom=0.9500 | T=11.0 k=4.0 (mu_rec=8 mu_bwd=4) | grad=0.854 | tok/s=22,465 | tokens=4.02B
step=122750 | loss=3.3540 | lr=3.00e-04 | wd=0.0196 | mom=0.9500 | T=11.0 k=3.8 (mu_rec=8 mu_bwd=4) | grad=1.023 | tok/s=24,949 | tokens=4.02B
step=122760 | loss=3.1024 | lr=3.00e-04 | wd=0.0195 | mom=0.9500 | T=6.5 k=4.0 (mu_rec=8 mu_bwd=4) | grad=2.781 | tok/s=23,740 | tokens=4.02B
step=122770 | loss=2.7922 | lr=3.00e-04 | wd=0.0195 | mom=0.9500 | T=12.2 k=4.0 (mu_rec=8 mu_bwd=4) | grad=1.209 | tok/s=21,532 | tokens=4.02B
step=122780 | loss=3.0152 | lr=3.00e-04 | wd=0.0195 | mom=0.9500 | T=11.0 k=4.0 (mu_rec=8 mu_bwd=4) | grad=1.053 | tok/s=22,395 | tokens=4.02B
step=122790 | loss=3.0523 | lr=3.00e-04 | wd=0.0195 | mom=0.9500 | T=8.2 k=4.0 (mu_rec=8 mu_bwd=4) | grad=0.826 | tok/s=22,821 | tokens=4.02B
step=122800 | loss=3.1757 | lr=3.00e-04 | wd=0.0195 | mom=0.9500 | T=11.0 k=4.0 (mu_rec=8 mu_bwd=4) | grad=0.961 | tok/s=24,827 | tokens=4.02B
step=122810 | loss=3.1445 | lr=3.00e-04 | wd=0.0195 | mom=0.9500 | T=8.5 k=4.0 (mu_rec=8 mu_bwd=4) | grad=1.047 | tok/s=22,884 | tokens=4.02B
step=122820 | loss=3.1351 | lr=3.00e-04 | wd=0.0195 | mom=0.9500 | T=8.2 k=4.0 (mu_rec=8 mu_bwd=4) | grad=1.134 | tok/s=22,310 | tokens=4.02B
step=122830 | loss=3.1949 | lr=3.00e-04 | wd=0.0195 | mom=0.9500 | T=9.2 k=4.0 (mu_rec=8 mu_bwd=4) | grad=1.270 | tok/s=24,559 | tokens=4.02B
step=122840 | loss=3.5066 | lr=3.00e-04 | wd=0.0195 | mom=0.9500 | T=5.0 k=4.0 (mu_rec=8 mu_bwd=4) | grad=1.129 | tok/s=23,044 | tokens=4.03B
step=122850 | loss=3.4459 | lr=3.00e-04 | wd=0.0195 | mom=0.9500 | T=5.0 k=3.5 (mu_rec=8 mu_bwd=4) | grad=1.108 | tok/s=26,414 | tokens=4.03B
step=122860 | loss=3.2375 | lr=3.00e-04 | wd=0.0195 | mom=0.9500 | T=7.2 k=3.5 (mu_rec=8 mu_bwd=4) | grad=0.965 | tok/s=24,816 | tokens=4.03B
step=122870 | loss=3.1225 | lr=3.00e-04 | wd=0.0195 | mom=0.9500 | T=8.0 k=3.8 (mu_rec=8 mu_bwd=4) | grad=1.011 | tok/s=22,458 | tokens=4.03B
step=122880 | loss=3.1646 | lr=3.00e-04 | wd=0.0195 | mom=0.9500 | T=6.8 k=3.8 (mu_rec=8 mu_bwd=4) | grad=1.787 | tok/s=22,866 | tokens=4.03B
step=122890 | loss=3.6298 | lr=3.00e-04 | wd=0.0195 | mom=0.9500 | T=4.5 k=3.0 (mu_rec=8 mu_bwd=4) | grad=1.258 | tok/s=23,641 | tokens=4.03B
step=122900 | loss=3.3710 | lr=3.00e-04 | wd=0.0195 | mom=0.9500 | T=4.2 k=3.5 (mu_rec=8 mu_bwd=4) | grad=1.377 | tok/s=23,210 | tokens=4.03B
step=122910 | loss=3.3167 | lr=3.00e-04 | wd=0.0194 | mom=0.9500 | T=5.8 k=3.8 (mu_rec=8 mu_bwd=4) | grad=2.140 | tok/s=24,905 | tokens=4.03B
step=122920 | loss=3.2173 | lr=3.00e-04 | wd=0.0194 | mom=0.9500 | T=12.0 k=3.5 (mu_rec=8 mu_bwd=4) | grad=0.887 | tok/s=23,096 | tokens=4.03B
step=122930 | loss=3.1027 | lr=3.00e-04 | wd=0.0194 | mom=0.9500 | T=7.8 k=3.8 (mu_rec=8 mu_bwd=4) | grad=1.047 | tok/s=24,339 | tokens=4.03B
step=122940 | loss=3.1330 | lr=3.00e-04 | wd=0.0194 | mom=0.9500 | T=7.2 k=3.8 (mu_rec=8 mu_bwd=4) | grad=0.975 | tok/s=23,880 | tokens=4.03B
step=122950 | loss=3.1780 | lr=3.00e-04 | wd=0.0194 | mom=0.9500 | T=12.0 k=4.0 (mu_rec=8 mu_bwd=4) | grad=0.864 | tok/s=24,526 | tokens=4.03B
step=122960 | loss=3.1062 | lr=3.00e-04 | wd=0.0194 | mom=0.9500 | T=8.5 k=4.0 (mu_rec=8 mu_bwd=4) | grad=0.921 | tok/s=24,583 | tokens=4.03B
step=122970 | loss=3.1598 | lr=3.00e-04 | wd=0.0194 | mom=0.9500 | T=4.8 k=2.8 (mu_rec=8 mu_bwd=4) | grad=0.983 | tok/s=24,163 | tokens=4.03B
step=122980 | loss=3.1727 | lr=3.00e-04 | wd=0.0194 | mom=0.9500 | T=7.2 k=4.0 (mu_rec=8 mu_bwd=4) | grad=0.813 | tok/s=23,714 | tokens=4.03B
step=122990 | loss=3.0955 | lr=3.00e-04 | wd=0.0194 | mom=0.9500 | T=16.2 k=4.0 (mu_rec=8 mu_bwd=4) | grad=0.940 | tok/s=20,982 | tokens=4.03B
step=123000 | loss=3.3703 | lr=3.00e-04 | wd=0.0194 | mom=0.9500 | T=10.2 k=4.0 (mu_rec=8 mu_bwd=4) | grad=0.972 | tok/s=23,272 | tokens=4.03B
step=123010 | loss=3.4259 | lr=3.00e-04 | wd=0.0194 | mom=0.9500 | T=9.2 k=3.8 (mu_rec=8 mu_bwd=4) | grad=1.134 | tok/s=24,035 | tokens=4.03B
step=123020 | loss=3.0346 | lr=3.00e-04 | wd=0.0194 | mom=0.9500 | T=4.5 k=3.5 (mu_rec=8 mu_bwd=4) | grad=1.022 | tok/s=24,058 | tokens=4.03B
step=123030 | loss=3.1394 | lr=3.00e-04 | wd=0.0194 | mom=0.9500 | T=6.8 k=4.0 (mu_rec=8 mu_bwd=4) | grad=1.197 | tok/s=24,157 | tokens=4.03B
step=123040 | loss=3.1440 | lr=3.00e-04 | wd=0.0194 | mom=0.9500 | T=4.5 k=3.2 (mu_rec=8 mu_bwd=4) | grad=0.842 | tok/s=24,404 | tokens=4.03B
step=123050 | loss=3.1120 | lr=3.00e-04 | wd=0.0194 | mom=0.9500 | T=4.2 k=3.0 (mu_rec=8 mu_bwd=4) | grad=1.305 | tok/s=24,198 | tokens=4.03B
step=123060 | loss=2.9828 | lr=3.00e-04 | wd=0.0194 | mom=0.9500 | T=12.8 k=4.0 (mu_rec=8 mu_bwd=4) | grad=2.329 | tok/s=10,316 | tokens=4.03B
step=123070 | loss=3.0550 | lr=3.00e-04 | wd=0.0193 | mom=0.9500 | T=8.0 k=3.8 (mu_rec=8 mu_bwd=4) | grad=1.197 | tok/s=23,521 | tokens=4.03B
step=123080 | loss=3.3829 | lr=3.00e-04 | wd=0.0193 | mom=0.9500 | T=6.8 k=4.0 (mu_rec=8 mu_bwd=4) | grad=1.250 | tok/s=22,885 | tokens=4.03B
step=123090 | loss=2.9072 | lr=3.00e-04 | wd=0.0193 | mom=0.9500 | T=6.8 k=3.2 (mu_rec=8 mu_bwd=4) | grad=0.910 | tok/s=25,202 | tokens=4.03B
step=123100 | loss=3.0840 | lr=3.00e-04 | wd=0.0193 | mom=0.9500 | T=7.8 k=3.8 (mu_rec=8 mu_bwd=4) | grad=0.886 | tok/s=23,821 | tokens=4.03B
step=123110 | loss=3.1137 | lr=3.00e-04 | wd=0.0193 | mom=0.9500 | T=7.0 k=4.0 (mu_rec=8 mu_bwd=4) | grad=3.054 | tok/s=24,847 | tokens=4.03B
step=123120 | loss=3.1355 | lr=3.00e-04 | wd=0.0193 | mom=0.9500 | T=7.0 k=3.2 (mu_rec=8 mu_bwd=4) | grad=1.495 | tok/s=23,581 | tokens=4.03B
step=123130 | loss=3.2391 | lr=3.00e-04 | wd=0.0193 | mom=0.9500 | T=9.0 k=4.0 (mu_rec=8 mu_bwd=4) | grad=1.164 | tok/s=23,257 | tokens=4.03B
step=123140 | loss=3.1686 | lr=3.00e-04 | wd=0.0193 | mom=0.9500 | T=7.5 k=4.0 (mu_rec=8 mu_bwd=4) | grad=0.957 | tok/s=24,296 | tokens=4.04B
step=123150 | loss=3.7015 | lr=3.00e-04 | wd=0.0193 | mom=0.9500 | T=10.2 k=4.0 (mu_rec=8 mu_bwd=4) | grad=1.185 | tok/s=23,106 | tokens=4.04B
step=123160 | loss=3.1290 | lr=3.00e-04 | wd=0.0193 | mom=0.9500 | T=9.2 k=4.0 (mu_rec=8 mu_bwd=4) | grad=1.901 | tok/s=24,424 | tokens=4.04B
step=123170 | loss=2.9621 | lr=3.00e-04 | wd=0.0193 | mom=0.9500 | T=7.8 k=4.0 (mu_rec=8 mu_bwd=4) | grad=2.499 | tok/s=23,892 | tokens=4.04B
step=123180 | loss=2.8788 | lr=3.00e-04 | wd=0.0193 | mom=0.9500 | T=8.2 k=4.0 (mu_rec=8 mu_bwd=4) | grad=0.831 | tok/s=24,681 | tokens=4.04B
step=123190 | loss=2.8892 | lr=3.00e-04 | wd=0.0193 | mom=0.9500 | T=2.8 k=2.2 (mu_rec=8 mu_bwd=4) | grad=1.307 | tok/s=24,241 | tokens=4.04B
step=123200 | loss=3.1605 | lr=3.00e-04 | wd=0.0193 | mom=0.9500 | T=8.2 k=3.5 (mu_rec=8 mu_bwd=4) | grad=1.346 | tok/s=21,954 | tokens=4.04B
step=123210 | loss=2.7778 | lr=3.00e-04 | wd=0.0193 | mom=0.9500 | T=4.5 k=3.0 (mu_rec=8 mu_bwd=4) | grad=0.985 | tok/s=10,940 | tokens=4.04B
step=123220 | loss=2.9859 | lr=3.00e-04 | wd=0.0192 | mom=0.9500 | T=7.2 k=4.0 (mu_rec=8 mu_bwd=4) | grad=0.885 | tok/s=24,409 | tokens=4.04B
step=123230 | loss=3.3557 | lr=3.00e-04 | wd=0.0192 | mom=0.9500 | T=6.8 k=4.0 (mu_rec=8 mu_bwd=4) | grad=1.389 | tok/s=22,743 | tokens=4.04B
step=123240 | loss=3.1165 | lr=3.00e-04 | wd=0.0192 | mom=0.9500 | T=6.8 k=4.0 (mu_rec=8 mu_bwd=4) | grad=0.929 | tok/s=24,907 | tokens=4.04B
step=123250 | loss=3.3656 | lr=3.00e-04 | wd=0.0192 | mom=0.9500 | T=4.2 k=3.0 (mu_rec=8 mu_bwd=4) | grad=1.536 | tok/s=23,415 | tokens=4.04B
step=123260 | loss=3.0163 | lr=3.00e-04 | wd=0.0192 | mom=0.9500 | T=5.0 k=3.5 (mu_rec=8 mu_bwd=4) | grad=1.320 | tok/s=24,035 | tokens=4.04B
step=123270 | loss=2.7779 | lr=3.00e-04 | wd=0.0192 | mom=0.9500 | T=10.0 k=4.0 (mu_rec=8 mu_bwd=4) | grad=1.433 | tok/s=23,765 | tokens=4.04B
step=123280 | loss=3.0167 | lr=3.00e-04 | wd=0.0192 | mom=0.9500 | T=5.8 k=3.2 (mu_rec=8 mu_bwd=4) | grad=0.913 | tok/s=26,560 | tokens=4.04B
step=123290 | loss=3.0217 | lr=3.00e-04 | wd=0.0192 | mom=0.9500 | T=11.8 k=4.0 (mu_rec=8 mu_bwd=4) | grad=0.907 | tok/s=25,379 | tokens=4.04B
step=123300 | loss=2.8273 | lr=3.00e-04 | wd=0.0192 | mom=0.9500 | T=5.0 k=3.8 (mu_rec=8 mu_bwd=4) | grad=1.681 | tok/s=25,175 | tokens=4.04B
step=123310 | loss=3.2366 | lr=3.00e-04 | wd=0.0192 | mom=0.9500 | T=7.2 k=4.0 (mu_rec=8 mu_bwd=4) | grad=0.910 | tok/s=21,952 | tokens=4.04B
step=123320 | loss=3.0963 | lr=3.00e-04 | wd=0.0192 | mom=0.9500 | T=5.0 k=3.0 (mu_rec=8 mu_bwd=4) | grad=0.970 | tok/s=25,881 | tokens=4.04B
step=123330 | loss=3.1554 | lr=3.00e-04 | wd=0.0192 | mom=0.9500 | T=8.5 k=3.5 (mu_rec=8 mu_bwd=4) | grad=1.130 | tok/s=25,431 | tokens=4.04B
step=123340 | loss=3.1778 | lr=3.00e-04 | wd=0.0192 | mom=0.9500 | T=11.5 k=4.0 (mu_rec=8 mu_bwd=4) | grad=1.157 | tok/s=23,527 | tokens=4.04B
step=123350 | loss=3.1584 | lr=3.00e-04 | wd=0.0192 | mom=0.9500 | T=4.2 k=3.2 (mu_rec=8 mu_bwd=4) | grad=1.141 | tok/s=24,068 | tokens=4.04B
step=123360 | loss=3.0597 | lr=3.00e-04 | wd=0.0192 | mom=0.9500 | T=7.0 k=3.8 (mu_rec=8 mu_bwd=4) | grad=1.080 | tok/s=23,604 | tokens=4.04B
step=123370 | loss=2.9446 | lr=3.00e-04 | wd=0.0191 | mom=0.9500 | T=5.0 k=3.0 (mu_rec=8 mu_bwd=4) | grad=1.216 | tok/s=22,328 | tokens=4.04B
step=123380 | loss=3.0363 | lr=3.00e-04 | wd=0.0191 | mom=0.9500 | T=7.0 k=4.0 (mu_rec=8 mu_bwd=4) | grad=1.302 | tok/s=22,515 | tokens=4.04B
step=123390 | loss=3.1779 | lr=3.00e-04 | wd=0.0191 | mom=0.9500 | T=11.0 k=4.0 (mu_rec=8 mu_bwd=4) | grad=1.079 | tok/s=23,659 | tokens=4.04B
step=123400 | loss=2.9594 | lr=3.00e-04 | wd=0.0191 | mom=0.9500 | T=7.5 k=4.0 (mu_rec=8 mu_bwd=4) | grad=0.863 | tok/s=24,827 | tokens=4.04B
step=123410 | loss=3.0887 | lr=3.00e-04 | wd=0.0191 | mom=0.9500 | T=5.8 k=3.5 (mu_rec=8 mu_bwd=4) | grad=1.244 | tok/s=23,494 | tokens=4.04B
step=123420 | loss=3.2601 | lr=3.00e-04 | wd=0.0191 | mom=0.9500 | T=10.5 k=3.8 (mu_rec=8 mu_bwd=4) | grad=0.868 | tok/s=23,620 | tokens=4.04B
step=123430 | loss=2.9324 | lr=3.00e-04 | wd=0.0191 | mom=0.9500 | T=10.2 k=4.0 (mu_rec=8 mu_bwd=4) | grad=0.764 | tok/s=24,281 | tokens=4.04B
step=123440 | loss=3.1508 | lr=3.00e-04 | wd=0.0191 | mom=0.9500 | T=7.8 k=3.5 (mu_rec=8 mu_bwd=4) | grad=2.395 | tok/s=24,742 | tokens=4.04B
step=123450 | loss=3.8898 | lr=3.00e-04 | wd=0.0191 | mom=0.9500 | T=7.2 k=3.2 (mu_rec=8 mu_bwd=4) | grad=2.877 | tok/s=23,943 | tokens=4.05B
step=123460 | loss=3.3686 | lr=3.00e-04 | wd=0.0191 | mom=0.9500 | T=4.5 k=3.5 (mu_rec=8 mu_bwd=4) | grad=1.166 | tok/s=24,028 | tokens=4.05B
step=123470 | loss=3.2668 | lr=3.00e-04 | wd=0.0191 | mom=0.9500 | T=3.2 k=2.5 (mu_rec=8 mu_bwd=4) | grad=0.932 | tok/s=23,676 | tokens=4.05B
step=123480 | loss=2.8514 | lr=3.00e-04 | wd=0.0191 | mom=0.9500 | T=4.8 k=3.8 (mu_rec=8 mu_bwd=4) | grad=1.558 | tok/s=23,809 | tokens=4.05B
step=123490 | loss=3.2499 | lr=3.00e-04 | wd=0.0191 | mom=0.9500 | T=9.5 k=3.8 (mu_rec=8 mu_bwd=4) | grad=0.987 | tok/s=24,779 | tokens=4.05B
step=123500 | loss=2.7431 | lr=3.00e-04 | wd=0.0191 | mom=0.9500 | T=10.2 k=4.0 (mu_rec=8 mu_bwd=4) | grad=0.816 | tok/s=26,424 | tokens=4.05B
step=123510 | loss=3.1724 | lr=3.00e-04 | wd=0.0191 | mom=0.9500 | T=7.8 k=4.0 (mu_rec=8 mu_bwd=4) | grad=1.301 | tok/s=22,732 | tokens=4.05B
step=123520 | loss=2.9862 | lr=3.00e-04 | wd=0.0191 | mom=0.9500 | T=5.2 k=4.0 (mu_rec=8 mu_bwd=4) | grad=0.957 | tok/s=23,868 | tokens=4.05B
step=123530 | loss=3.0374 | lr=3.00e-04 | wd=0.0190 | mom=0.9500 | T=8.0 k=3.5 (mu_rec=8 mu_bwd=4) | grad=1.061 | tok/s=23,243 | tokens=4.05B
step=123540 | loss=3.1036 | lr=3.00e-04 | wd=0.0190 | mom=0.9500 | T=10.2 k=4.0 (mu_rec=8 mu_bwd=4) | grad=0.962 | tok/s=22,379 | tokens=4.05B
step=123550 | loss=3.1564 | lr=3.00e-04 | wd=0.0190 | mom=0.9500 | T=8.5 k=4.0 (mu_rec=8 mu_bwd=4) | grad=1.037 | tok/s=24,341 | tokens=4.05B
step=123560 | loss=3.2572 | lr=3.00e-04 | wd=0.0190 | mom=0.9500 | T=15.8 k=3.8 (mu_rec=8 mu_bwd=4) | grad=2.027 | tok/s=22,650 | tokens=4.05B
step=123570 | loss=3.1926 | lr=3.00e-04 | wd=0.0190 | mom=0.9500 | T=8.8 k=4.0 (mu_rec=8 mu_bwd=4) | grad=0.956 | tok/s=23,008 | tokens=4.05B
step=123580 | loss=3.0232 | lr=3.00e-04 | wd=0.0190 | mom=0.9500 | T=7.2 k=2.8 (mu_rec=8 mu_bwd=4) | grad=0.940 | tok/s=23,571 | tokens=4.05B
step=123590 | loss=3.1539 | lr=3.00e-04 | wd=0.0190 | mom=0.9500 | T=6.8 k=4.0 (mu_rec=8 mu_bwd=4) | grad=1.071 | tok/s=23,147 | tokens=4.05B
step=123600 | loss=3.2007 | lr=3.00e-04 | wd=0.0190 | mom=0.9500 | T=7.2 k=3.2 (mu_rec=8 mu_bwd=4) | grad=0.972 | tok/s=25,908 | tokens=4.05B
step=123610 | loss=3.0178 | lr=3.00e-04 | wd=0.0190 | mom=0.9500 | T=8.0 k=4.0 (mu_rec=8 mu_bwd=4) | grad=0.897 | tok/s=24,036 | tokens=4.05B
step=123620 | loss=3.1163 | lr=3.00e-04 | wd=0.0190 | mom=0.9500 | T=11.0 k=4.0 (mu_rec=8 mu_bwd=4) | grad=1.048 | tok/s=22,994 | tokens=4.05B
step=123630 | loss=3.2439 | lr=3.00e-04 | wd=0.0190 | mom=0.9500 | T=7.8 k=4.0 (mu_rec=8 mu_bwd=4) | grad=1.467 | tok/s=24,435 | tokens=4.05B
step=123640 | loss=3.8258 | lr=3.00e-04 | wd=0.0190 | mom=0.9500 | T=6.2 k=2.8 (mu_rec=8 mu_bwd=4) | grad=1.585 | tok/s=23,359 | tokens=4.05B
step=123650 | loss=3.5215 | lr=3.00e-04 | wd=0.0190 | mom=0.9500 | T=6.5 k=3.2 (mu_rec=8 mu_bwd=4) | grad=1.130 | tok/s=23,900 | tokens=4.05B
step=123660 | loss=3.1273 | lr=3.00e-04 | wd=0.0190 | mom=0.9500 | T=7.2 k=4.0 (mu_rec=8 mu_bwd=4) | grad=1.326 | tok/s=22,126 | tokens=4.05B
step=123670 | loss=3.0755 | lr=3.00e-04 | wd=0.0190 | mom=0.9500 | T=13.0 k=4.0 (mu_rec=8 mu_bwd=4) | grad=0.980 | tok/s=22,788 | tokens=4.05B
step=123680 | loss=3.1820 | lr=3.00e-04 | wd=0.0189 | mom=0.9500 | T=7.0 k=4.0 (mu_rec=8 mu_bwd=4) | grad=1.070 | tok/s=21,496 | tokens=4.05B
step=123690 | loss=3.1254 | lr=3.00e-04 | wd=0.0189 | mom=0.9500 | T=6.2 k=4.0 (mu_rec=8 mu_bwd=4) | grad=1.719 | tok/s=23,682 | tokens=4.05B
step=123700 | loss=3.2481 | lr=3.00e-04 | wd=0.0189 | mom=0.9500 | T=4.2 k=3.5 (mu_rec=8 mu_bwd=4) | grad=2.280 | tok/s=25,724 | tokens=4.05B
step=123710 | loss=3.2606 | lr=3.00e-04 | wd=0.0189 | mom=0.9500 | T=4.5 k=2.5 (mu_rec=8 mu_bwd=4) | grad=1.318 | tok/s=25,601 | tokens=4.05B
step=123720 | loss=3.0368 | lr=3.00e-04 | wd=0.0189 | mom=0.9500 | T=9.2 k=4.0 (mu_rec=8 mu_bwd=4) | grad=0.862 | tok/s=22,808 | tokens=4.05B
step=123730 | loss=3.0562 | lr=3.00e-04 | wd=0.0189 | mom=0.9500 | T=5.0 k=3.0 (mu_rec=8 mu_bwd=4) | grad=0.996 | tok/s=24,014 | tokens=4.05B
step=123740 | loss=3.0883 | lr=3.00e-04 | wd=0.0189 | mom=0.9500 | T=5.5 k=3.2 (mu_rec=8 mu_bwd=4) | grad=1.448 | tok/s=23,372 | tokens=4.05B
step=123750 | loss=3.4168 | lr=3.00e-04 | wd=0.0189 | mom=0.9500 | T=10.2 k=3.8 (mu_rec=8 mu_bwd=4) | grad=1.489 | tok/s=24,738 | tokens=4.06B
step=123760 | loss=3.1996 | lr=3.00e-04 | wd=0.0189 | mom=0.9500 | T=9.5 k=4.0 (mu_rec=8 mu_bwd=4) | grad=0.900 | tok/s=25,163 | tokens=4.06B
step=123770 | loss=3.1029 | lr=3.00e-04 | wd=0.0189 | mom=0.9500 | T=10.0 k=4.0 (mu_rec=8 mu_bwd=4) | grad=0.885 | tok/s=22,342 | tokens=4.06B
step=123780 | loss=3.2794 | lr=3.00e-04 | wd=0.0189 | mom=0.9500 | T=9.5 k=3.8 (mu_rec=8 mu_bwd=4) | grad=1.101 | tok/s=24,341 | tokens=4.06B
step=123790 | loss=3.1107 | lr=3.00e-04 | wd=0.0189 | mom=0.9500 | T=9.2 k=3.8 (mu_rec=8 mu_bwd=4) | grad=0.836 | tok/s=25,121 | tokens=4.06B
step=123800 | loss=2.8029 | lr=3.00e-04 | wd=0.0189 | mom=0.9500 | T=9.8 k=3.8 (mu_rec=8 mu_bwd=4) | grad=0.969 | tok/s=23,582 | tokens=4.06B
step=123810 | loss=3.1527 | lr=3.00e-04 | wd=0.0189 | mom=0.9500 | T=4.8 k=3.5 (mu_rec=8 mu_bwd=4) | grad=0.808 | tok/s=23,891 | tokens=4.06B
step=123820 | loss=3.1141 | lr=3.00e-04 | wd=0.0189 | mom=0.9500 | T=5.8 k=3.5 (mu_rec=8 mu_bwd=4) | grad=0.859 | tok/s=25,880 | tokens=4.06B
step=123830 | loss=3.5370 | lr=3.00e-04 | wd=0.0188 | mom=0.9500 | T=5.8 k=3.5 (mu_rec=8 mu_bwd=4) | grad=5.945 | tok/s=24,941 | tokens=4.06B
step=123840 | loss=3.4916 | lr=3.00e-04 | wd=0.0188 | mom=0.9500 | T=8.2 k=4.0 (mu_rec=8 mu_bwd=4) | grad=1.094 | tok/s=23,085 | tokens=4.06B
step=123850 | loss=2.7694 | lr=3.00e-04 | wd=0.0188 | mom=0.9500 | T=8.0 k=4.0 (mu_rec=8 mu_bwd=4) | grad=0.881 | tok/s=24,514 | tokens=4.06B
step=123860 | loss=3.0223 | lr=3.00e-04 | wd=0.0188 | mom=0.9500 | T=10.0 k=3.2 (mu_rec=8 mu_bwd=4) | grad=0.855 | tok/s=23,764 | tokens=4.06B
step=123870 | loss=3.0930 | lr=3.00e-04 | wd=0.0188 | mom=0.9500 | T=9.5 k=4.0 (mu_rec=8 mu_bwd=4) | grad=1.150 | tok/s=21,590 | tokens=4.06B
step=123880 | loss=3.0840 | lr=3.00e-04 | wd=0.0188 | mom=0.9500 | T=8.8 k=4.0 (mu_rec=8 mu_bwd=4) | grad=0.864 | tok/s=23,582 | tokens=4.06B
step=123890 | loss=3.2515 | lr=3.00e-04 | wd=0.0188 | mom=0.9500 | T=10.5 k=3.8 (mu_rec=8 mu_bwd=4) | grad=0.830 | tok/s=23,987 | tokens=4.06B
step=123900 | loss=3.0795 | lr=3.00e-04 | wd=0.0188 | mom=0.9500 | T=10.0 k=3.8 (mu_rec=8 mu_bwd=4) | grad=0.982 | tok/s=24,119 | tokens=4.06B
step=123910 | loss=3.3308 | lr=3.00e-04 | wd=0.0188 | mom=0.9500 | T=12.2 k=4.0 (mu_rec=8 mu_bwd=4) | grad=0.981 | tok/s=10,475 | tokens=4.06B
step=123920 | loss=2.8647 | lr=3.00e-04 | wd=0.0188 | mom=0.9500 | T=6.2 k=4.0 (mu_rec=8 mu_bwd=4) | grad=1.042 | tok/s=23,781 | tokens=4.06B
step=123930 | loss=2.6649 | lr=3.00e-04 | wd=0.0188 | mom=0.9500 | T=5.2 k=3.2 (mu_rec=8 mu_bwd=4) | grad=0.941 | tok/s=23,014 | tokens=4.06B
step=123940 | loss=3.0269 | lr=3.00e-04 | wd=0.0188 | mom=0.9500 | T=7.2 k=4.0 (mu_rec=8 mu_bwd=4) | grad=1.034 | tok/s=24,904 | tokens=4.06B
step=123950 | loss=2.7339 | lr=3.00e-04 | wd=0.0188 | mom=0.9500 | T=9.8 k=4.0 (mu_rec=8 mu_bwd=4) | grad=0.891 | tok/s=24,681 | tokens=4.06B
step=123960 | loss=3.1983 | lr=3.00e-04 | wd=0.0188 | mom=0.9500 | T=7.0 k=4.0 (mu_rec=8 mu_bwd=4) | grad=0.961 | tok/s=24,192 | tokens=4.06B
step=123970 | loss=2.9106 | lr=3.00e-04 | wd=0.0188 | mom=0.9500 | T=6.5 k=3.8 (mu_rec=8 mu_bwd=4) | grad=1.121 | tok/s=24,476 | tokens=4.06B
step=123980 | loss=3.1035 | lr=3.00e-04 | wd=0.0187 | mom=0.9500 | T=7.8 k=3.8 (mu_rec=8 mu_bwd=4) | grad=1.627 | tok/s=24,468 | tokens=4.06B
step=123990 | loss=3.1694 | lr=3.00e-04 | wd=0.0187 | mom=0.9500 | T=7.2 k=3.2 (mu_rec=8 mu_bwd=4) | grad=0.857 | tok/s=25,114 | tokens=4.06B
step=124000 | loss=3.1863 | lr=3.00e-04 | wd=0.0187 | mom=0.9500 | T=8.0 k=3.8 (mu_rec=8 mu_bwd=4) | grad=1.014 | tok/s=24,116 | tokens=4.06B
[step 124000] Saved -> runs/cortex-5b-k4/checkpoint_0124000
[step 124000] Pruned -> runs/cortex-5b-k4/checkpoint_0118000
step=124010 | loss=3.0750 | lr=3.00e-04 | wd=0.0187 | mom=0.9500 | T=7.2 k=4.0 (mu_rec=8 mu_bwd=4) | grad=1.422 | tok/s=19,946 | tokens=4.06B
step=124020 | loss=3.0288 | lr=3.00e-04 | wd=0.0187 | mom=0.9500 | T=8.5 k=4.0 (mu_rec=8 mu_bwd=4) | grad=0.950 | tok/s=24,688 | tokens=4.06B
step=124030 | loss=3.3388 | lr=3.00e-04 | wd=0.0187 | mom=0.9500 | T=8.2 k=4.0 (mu_rec=8 mu_bwd=4) | grad=1.826 | tok/s=10,952 | tokens=4.06B
step=124040 | loss=3.3327 | lr=3.00e-04 | wd=0.0187 | mom=0.9500 | T=13.8 k=4.0 (mu_rec=8 mu_bwd=4) | grad=1.618 | tok/s=24,596 | tokens=4.06B
step=124050 | loss=2.8817 | lr=3.00e-04 | wd=0.0187 | mom=0.9500 | T=10.5 k=3.5 (mu_rec=8 mu_bwd=4) | grad=1.030 | tok/s=26,246 | tokens=4.06B
step=124060 | loss=3.4458 | lr=3.00e-04 | wd=0.0187 | mom=0.9500 | T=5.0 k=3.5 (mu_rec=8 mu_bwd=4) | grad=1.795 | tok/s=25,663 | tokens=4.07B
step=124070 | loss=3.2780 | lr=3.00e-04 | wd=0.0187 | mom=0.9500 | T=5.8 k=3.2 (mu_rec=8 mu_bwd=4) | grad=1.076 | tok/s=23,582 | tokens=4.07B
step=124080 | loss=3.1155 | lr=3.00e-04 | wd=0.0187 | mom=0.9500 | T=9.2 k=4.0 (mu_rec=8 mu_bwd=4) | grad=0.780 | tok/s=24,272 | tokens=4.07B
step=124090 | loss=3.0380 | lr=3.00e-04 | wd=0.0187 | mom=0.9500 | T=12.2 k=4.0 (mu_rec=8 mu_bwd=4) | grad=1.518 | tok/s=23,716 | tokens=4.07B
step=124100 | loss=3.1761 | lr=3.00e-04 | wd=0.0187 | mom=0.9500 | T=7.8 k=4.0 (mu_rec=8 mu_bwd=4) | grad=1.198 | tok/s=24,200 | tokens=4.07B
step=124110 | loss=3.2311 | lr=3.00e-04 | wd=0.0187 | mom=0.9500 | T=7.2 k=3.8 (mu_rec=8 mu_bwd=4) | grad=0.910 | tok/s=24,508 | tokens=4.07B
step=124120 | loss=2.8284 | lr=3.00e-04 | wd=0.0187 | mom=0.9500 | T=11.5 k=4.0 (mu_rec=8 mu_bwd=4) | grad=0.901 | tok/s=23,448 | tokens=4.07B
step=124130 | loss=3.0458 | lr=3.00e-04 | wd=0.0187 | mom=0.9500 | T=15.0 k=3.8 (mu_rec=8 mu_bwd=4) | grad=1.360 | tok/s=24,560 | tokens=4.07B
step=124140 | loss=3.1054 | lr=3.00e-04 | wd=0.0186 | mom=0.9500 | T=6.8 k=3.8 (mu_rec=8 mu_bwd=4) | grad=0.946 | tok/s=22,051 | tokens=4.07B
step=124150 | loss=2.8373 | lr=3.00e-04 | wd=0.0186 | mom=0.9500 | T=8.8 k=4.0 (mu_rec=8 mu_bwd=4) | grad=0.969 | tok/s=24,460 | tokens=4.07B
step=124160 | loss=2.9583 | lr=3.00e-04 | wd=0.0186 | mom=0.9500 | T=4.8 k=3.0 (mu_rec=8 mu_bwd=4) | grad=1.365 | tok/s=24,799 | tokens=4.07B
step=124170 | loss=3.2121 | lr=3.00e-04 | wd=0.0186 | mom=0.9500 | T=4.2 k=2.8 (mu_rec=8 mu_bwd=4) | grad=1.541 | tok/s=22,351 | tokens=4.07B
step=124180 | loss=2.9064 | lr=3.00e-04 | wd=0.0186 | mom=0.9500 | T=9.5 k=4.0 (mu_rec=8 mu_bwd=4) | grad=1.300 | tok/s=24,829 | tokens=4.07B
step=124190 | loss=2.9151 | lr=3.00e-04 | wd=0.0186 | mom=0.9500 | T=11.5 k=4.0 (mu_rec=8 mu_bwd=4) | grad=0.844 | tok/s=23,725 | tokens=4.07B
step=124200 | loss=3.4910 | lr=3.00e-04 | wd=0.0186 | mom=0.9500 | T=5.0 k=3.5 (mu_rec=8 mu_bwd=4) | grad=2.738 | tok/s=24,318 | tokens=4.07B
step=124210 | loss=3.7694 | lr=3.00e-04 | wd=0.0186 | mom=0.9500 | T=10.0 k=3.2 (mu_rec=8 mu_bwd=4) | grad=1.665 | tok/s=22,146 | tokens=4.07B
step=124220 | loss=2.9720 | lr=3.00e-04 | wd=0.0186 | mom=0.9500 | T=11.0 k=3.8 (mu_rec=8 mu_bwd=4) | grad=1.022 | tok/s=21,702 | tokens=4.07B
step=124230 | loss=3.2198 | lr=3.00e-04 | wd=0.0186 | mom=0.9500 | T=10.8 k=4.0 (mu_rec=8 mu_bwd=4) | grad=0.950 | tok/s=24,838 | tokens=4.07B
step=124240 | loss=2.8089 | lr=3.00e-04 | wd=0.0186 | mom=0.9500 | T=7.0 k=4.0 (mu_rec=8 mu_bwd=4) | grad=1.340 | tok/s=23,474 | tokens=4.07B
step=124250 | loss=2.8683 | lr=3.00e-04 | wd=0.0186 | mom=0.9500 | T=8.8 k=3.2 (mu_rec=8 mu_bwd=4) | grad=0.929 | tok/s=23,439 | tokens=4.07B
step=124260 | loss=4.1441 | lr=3.00e-04 | wd=0.0186 | mom=0.9500 | T=5.0 k=3.0 (mu_rec=8 mu_bwd=4) | grad=4.628 | tok/s=23,495 | tokens=4.07B
step=124270 | loss=3.7703 | lr=3.00e-04 | wd=0.0186 | mom=0.9500 | T=5.8 k=2.8 (mu_rec=8 mu_bwd=4) | grad=1.363 | tok/s=23,279 | tokens=4.07B
step=124280 | loss=3.2415 | lr=3.00e-04 | wd=0.0186 | mom=0.9500 | T=5.5 k=3.0 (mu_rec=8 mu_bwd=4) | grad=1.024 | tok/s=23,944 | tokens=4.07B
step=124290 | loss=2.8741 | lr=3.00e-04 | wd=0.0185 | mom=0.9500 | T=7.2 k=3.8 (mu_rec=8 mu_bwd=4) | grad=0.759 | tok/s=23,786 | tokens=4.07B
step=124300 | loss=2.9951 | lr=3.00e-04 | wd=0.0185 | mom=0.9500 | T=7.5 k=3.8 (mu_rec=8 mu_bwd=4) | grad=0.723 | tok/s=22,846 | tokens=4.07B
step=124310 | loss=3.4811 | lr=3.00e-04 | wd=0.0185 | mom=0.9500 | T=8.8 k=4.0 (mu_rec=8 mu_bwd=4) | grad=1.115 | tok/s=22,408 | tokens=4.07B
step=124320 | loss=4.0212 | lr=3.00e-04 | wd=0.0185 | mom=0.9500 | T=6.5 k=3.2 (mu_rec=8 mu_bwd=4) | grad=1.288 | tok/s=22,941 | tokens=4.07B
step=124330 | loss=3.0473 | lr=3.00e-04 | wd=0.0185 | mom=0.9500 | T=6.2 k=4.0 (mu_rec=8 mu_bwd=4) | grad=1.004 | tok/s=24,168 | tokens=4.07B
step=124340 | loss=2.8182 | lr=3.00e-04 | wd=0.0185 | mom=0.9500 | T=7.5 k=3.8 (mu_rec=8 mu_bwd=4) | grad=0.809 | tok/s=25,500 | tokens=4.07B
step=124350 | loss=3.1355 | lr=3.00e-04 | wd=0.0185 | mom=0.9500 | T=4.8 k=3.0 (mu_rec=8 mu_bwd=4) | grad=1.122 | tok/s=24,076 | tokens=4.07B
step=124360 | loss=3.1634 | lr=3.00e-04 | wd=0.0185 | mom=0.9500 | T=6.8 k=3.0 (mu_rec=8 mu_bwd=4) | grad=0.909 | tok/s=21,259 | tokens=4.08B
step=124370 | loss=3.3103 | lr=3.00e-04 | wd=0.0185 | mom=0.9500 | T=8.5 k=3.8 (mu_rec=8 mu_bwd=4) | grad=1.000 | tok/s=23,693 | tokens=4.08B
step=124380 | loss=2.9636 | lr=3.00e-04 | wd=0.0185 | mom=0.9500 | T=3.2 k=3.2 (mu_rec=8 mu_bwd=4) | grad=1.070 | tok/s=22,692 | tokens=4.08B
step=124390 | loss=2.9445 | lr=3.00e-04 | wd=0.0185 | mom=0.9500 | T=10.0 k=4.0 (mu_rec=8 mu_bwd=4) | grad=1.002 | tok/s=24,363 | tokens=4.08B
step=124400 | loss=3.0721 | lr=3.00e-04 | wd=0.0185 | mom=0.9500 | T=4.5 k=3.8 (mu_rec=8 mu_bwd=4) | grad=1.550 | tok/s=24,701 | tokens=4.08B
step=124410 | loss=3.1021 | lr=3.00e-04 | wd=0.0185 | mom=0.9500 | T=8.8 k=3.8 (mu_rec=8 mu_bwd=4) | grad=1.381 | tok/s=24,489 | tokens=4.08B
step=124420 | loss=3.3239 | lr=3.00e-04 | wd=0.0185 | mom=0.9500 | T=9.8 k=4.0 (mu_rec=8 mu_bwd=4) | grad=1.031 | tok/s=23,193 | tokens=4.08B
step=124430 | loss=3.1940 | lr=3.00e-04 | wd=0.0185 | mom=0.9500 | T=14.0 k=4.0 (mu_rec=8 mu_bwd=4) | grad=1.550 | tok/s=23,442 | tokens=4.08B
step=124440 | loss=2.9278 | lr=3.00e-04 | wd=0.0184 | mom=0.9500 | T=6.5 k=3.2 (mu_rec=8 mu_bwd=4) | grad=1.292 | tok/s=23,245 | tokens=4.08B
step=124450 | loss=3.0633 | lr=3.00e-04 | wd=0.0184 | mom=0.9500 | T=7.5 k=3.5 (mu_rec=8 mu_bwd=4) | grad=0.965 | tok/s=23,583 | tokens=4.08B
step=124460 | loss=3.0535 | lr=3.00e-04 | wd=0.0184 | mom=0.9500 | T=6.8 k=4.0 (mu_rec=8 mu_bwd=4) | grad=1.152 | tok/s=24,503 | tokens=4.08B
step=124470 | loss=3.0255 | lr=3.00e-04 | wd=0.0184 | mom=0.9500 | T=8.5 k=4.0 (mu_rec=8 mu_bwd=4) | grad=0.880 | tok/s=22,658 | tokens=4.08B
step=124480 | loss=2.7324 | lr=3.00e-04 | wd=0.0184 | mom=0.9500 | T=5.8 k=3.2 (mu_rec=8 mu_bwd=4) | grad=0.928 | tok/s=23,592 | tokens=4.08B
step=124490 | loss=3.3099 | lr=3.00e-04 | wd=0.0184 | mom=0.9500 | T=9.5 k=3.5 (mu_rec=8 mu_bwd=4) | grad=0.838 | tok/s=23,282 | tokens=4.08B
step=124500 | loss=3.0307 | lr=3.00e-04 | wd=0.0184 | mom=0.9500 | T=6.2 k=3.8 (mu_rec=8 mu_bwd=4) | grad=0.811 | tok/s=24,962 | tokens=4.08B
step=124510 | loss=3.1333 | lr=3.00e-04 | wd=0.0184 | mom=0.9500 | T=5.8 k=3.2 (mu_rec=8 mu_bwd=4) | grad=2.563 | tok/s=25,084 | tokens=4.08B
step=124520 | loss=2.9662 | lr=3.00e-04 | wd=0.0184 | mom=0.9500 | T=5.8 k=3.5 (mu_rec=8 mu_bwd=4) | grad=0.834 | tok/s=23,577 | tokens=4.08B
step=124530 | loss=3.0795 | lr=3.00e-04 | wd=0.0184 | mom=0.9500 | T=7.5 k=3.8 (mu_rec=8 mu_bwd=4) | grad=1.279 | tok/s=24,357 | tokens=4.08B
step=124540 | loss=3.1790 | lr=3.00e-04 | wd=0.0184 | mom=0.9500 | T=7.5 k=3.2 (mu_rec=8 mu_bwd=4) | grad=1.028 | tok/s=24,493 | tokens=4.08B
step=124550 | loss=3.3216 | lr=3.00e-04 | wd=0.0184 | mom=0.9500 | T=6.0 k=3.5 (mu_rec=8 mu_bwd=4) | grad=0.869 | tok/s=22,625 | tokens=4.08B
step=124560 | loss=3.1189 | lr=3.00e-04 | wd=0.0184 | mom=0.9500 | T=7.0 k=4.0 (mu_rec=8 mu_bwd=4) | grad=0.927 | tok/s=21,808 | tokens=4.08B
step=124570 | loss=3.2331 | lr=3.00e-04 | wd=0.0184 | mom=0.9500 | T=8.5 k=3.5 (mu_rec=8 mu_bwd=4) | grad=1.294 | tok/s=21,851 | tokens=4.08B
step=124580 | loss=2.7192 | lr=3.00e-04 | wd=0.0184 | mom=0.9500 | T=5.5 k=3.5 (mu_rec=8 mu_bwd=4) | grad=0.916 | tok/s=23,779 | tokens=4.08B
step=124590 | loss=2.9587 | lr=3.00e-04 | wd=0.0183 | mom=0.9500 | T=8.2 k=4.0 (mu_rec=8 mu_bwd=4) | grad=1.119 | tok/s=24,212 | tokens=4.08B
step=124600 | loss=3.3870 | lr=3.00e-04 | wd=0.0183 | mom=0.9500 | T=8.0 k=4.0 (mu_rec=8 mu_bwd=4) | grad=1.445 | tok/s=23,135 | tokens=4.08B
step=124610 | loss=3.1375 | lr=3.00e-04 | wd=0.0183 | mom=0.9500 | T=6.5 k=4.0 (mu_rec=8 mu_bwd=4) | grad=2.213 | tok/s=25,327 | tokens=4.08B
step=124620 | loss=3.3698 | lr=3.00e-04 | wd=0.0183 | mom=0.9500 | T=5.8 k=3.0 (mu_rec=8 mu_bwd=4) | grad=1.034 | tok/s=22,847 | tokens=4.08B
step=124630 | loss=2.9473 | lr=3.00e-04 | wd=0.0183 | mom=0.9500 | T=6.0 k=3.5 (mu_rec=8 mu_bwd=4) | grad=0.996 | tok/s=23,549 | tokens=4.08B
step=124640 | loss=3.0617 | lr=3.00e-04 | wd=0.0183 | mom=0.9500 | T=9.8 k=3.5 (mu_rec=8 mu_bwd=4) | grad=1.590 | tok/s=22,893 | tokens=4.08B
step=124650 | loss=3.3785 | lr=3.00e-04 | wd=0.0183 | mom=0.9500 | T=7.5 k=3.8 (mu_rec=8 mu_bwd=4) | grad=1.906 | tok/s=21,719 | tokens=4.08B
step=124660 | loss=2.8516 | lr=3.00e-04 | wd=0.0183 | mom=0.9500 | T=10.5 k=4.0 (mu_rec=8 mu_bwd=4) | grad=1.202 | tok/s=24,956 | tokens=4.08B
step=124670 | loss=3.3303 | lr=3.00e-04 | wd=0.0183 | mom=0.9500 | T=12.0 k=3.2 (mu_rec=8 mu_bwd=4) | grad=1.400 | tok/s=22,914 | tokens=4.09B
step=124680 | loss=2.9263 | lr=3.00e-04 | wd=0.0183 | mom=0.9500 | T=9.2 k=3.2 (mu_rec=8 mu_bwd=4) | grad=1.212 | tok/s=21,172 | tokens=4.09B
step=124690 | loss=3.0900 | lr=3.00e-04 | wd=0.0183 | mom=0.9500 | T=7.0 k=3.5 (mu_rec=8 mu_bwd=4) | grad=1.280 | tok/s=23,386 | tokens=4.09B
step=124700 | loss=3.1730 | lr=3.00e-04 | wd=0.0183 | mom=0.9500 | T=7.8 k=3.5 (mu_rec=8 mu_bwd=4) | grad=1.338 | tok/s=23,038 | tokens=4.09B
step=124710 | loss=2.9233 | lr=3.00e-04 | wd=0.0183 | mom=0.9500 | T=5.8 k=3.5 (mu_rec=8 mu_bwd=4) | grad=1.483 | tok/s=24,141 | tokens=4.09B
step=124720 | loss=3.0261 | lr=3.00e-04 | wd=0.0183 | mom=0.9500 | T=6.0 k=3.5 (mu_rec=8 mu_bwd=4) | grad=1.016 | tok/s=23,798 | tokens=4.09B
step=124730 | loss=3.1305 | lr=3.00e-04 | wd=0.0183 | mom=0.9500 | T=10.5 k=4.0 (mu_rec=8 mu_bwd=4) | grad=0.960 | tok/s=25,964 | tokens=4.09B
step=124740 | loss=3.0684 | lr=3.00e-04 | wd=0.0183 | mom=0.9500 | T=9.2 k=3.2 (mu_rec=8 mu_bwd=4) | grad=0.926 | tok/s=21,662 | tokens=4.09B
step=124750 | loss=3.2388 | lr=3.00e-04 | wd=0.0182 | mom=0.9500 | T=3.2 k=2.5 (mu_rec=8 mu_bwd=4) | grad=1.123 | tok/s=25,032 | tokens=4.09B
step=124760 | loss=3.1257 | lr=3.00e-04 | wd=0.0182 | mom=0.9500 | T=10.0 k=4.0 (mu_rec=8 mu_bwd=4) | grad=0.808 | tok/s=23,699 | tokens=4.09B
step=124770 | loss=3.1505 | lr=3.00e-04 | wd=0.0182 | mom=0.9500 | T=16.8 k=4.0 (mu_rec=8 mu_bwd=4) | grad=1.104 | tok/s=21,763 | tokens=4.09B
step=124780 | loss=3.3462 | lr=3.00e-04 | wd=0.0182 | mom=0.9500 | T=7.2 k=4.0 (mu_rec=8 mu_bwd=4) | grad=1.086 | tok/s=9,181 | tokens=4.09B
step=124790 | loss=3.2702 | lr=3.00e-04 | wd=0.0182 | mom=0.9500 | T=10.5 k=4.0 (mu_rec=8 mu_bwd=4) | grad=1.042 | tok/s=24,051 | tokens=4.09B
step=124800 | loss=3.0237 | lr=3.00e-04 | wd=0.0182 | mom=0.9500 | T=9.2 k=3.8 (mu_rec=8 mu_bwd=4) | grad=0.888 | tok/s=22,243 | tokens=4.09B
step=124810 | loss=3.1787 | lr=3.00e-04 | wd=0.0182 | mom=0.9500 | T=8.8 k=4.0 (mu_rec=8 mu_bwd=4) | grad=1.081 | tok/s=23,756 | tokens=4.09B
step=124820 | loss=2.9956 | lr=3.00e-04 | wd=0.0182 | mom=0.9500 | T=7.8 k=4.0 (mu_rec=8 mu_bwd=4) | grad=0.938 | tok/s=23,845 | tokens=4.09B
step=124830 | loss=3.1928 | lr=3.00e-04 | wd=0.0182 | mom=0.9500 | T=8.2 k=4.0 (mu_rec=8 mu_bwd=4) | grad=0.974 | tok/s=22,608 | tokens=4.09B
step=124840 | loss=3.1020 | lr=3.00e-04 | wd=0.0182 | mom=0.9500 | T=4.8 k=4.0 (mu_rec=8 mu_bwd=4) | grad=0.839 | tok/s=24,443 | tokens=4.09B
step=124850 | loss=3.1665 | lr=3.00e-04 | wd=0.0182 | mom=0.9500 | T=6.0 k=4.0 (mu_rec=8 mu_bwd=4) | grad=1.510 | tok/s=23,078 | tokens=4.09B
step=124860 | loss=3.0584 | lr=3.00e-04 | wd=0.0182 | mom=0.9500 | T=7.8 k=4.0 (mu_rec=8 mu_bwd=4) | grad=1.331 | tok/s=24,063 | tokens=4.09B
step=124870 | loss=3.0868 | lr=3.00e-04 | wd=0.0182 | mom=0.9500 | T=7.2 k=3.8 (mu_rec=8 mu_bwd=4) | grad=0.825 | tok/s=24,011 | tokens=4.09B
step=124880 | loss=2.9834 | lr=3.00e-04 | wd=0.0182 | mom=0.9500 | T=6.2 k=4.0 (mu_rec=8 mu_bwd=4) | grad=1.012 | tok/s=22,983 | tokens=4.09B
step=124890 | loss=3.0610 | lr=3.00e-04 | wd=0.0182 | mom=0.9500 | T=6.8 k=3.2 (mu_rec=8 mu_bwd=4) | grad=0.951 | tok/s=9,903 | tokens=4.09B
step=124900 | loss=3.1343 | lr=3.00e-04 | wd=0.0181 | mom=0.9500 | T=8.0 k=4.0 (mu_rec=8 mu_bwd=4) | grad=0.919 | tok/s=22,965 | tokens=4.09B
step=124910 | loss=3.1705 | lr=3.00e-04 | wd=0.0181 | mom=0.9500 | T=6.8 k=3.8 (mu_rec=8 mu_bwd=4) | grad=0.893 | tok/s=21,882 | tokens=4.09B
step=124920 | loss=3.4220 | lr=3.00e-04 | wd=0.0181 | mom=0.9500 | T=8.2 k=4.0 (mu_rec=8 mu_bwd=4) | grad=1.309 | tok/s=24,423 | tokens=4.09B
step=124930 | loss=3.3361 | lr=3.00e-04 | wd=0.0181 | mom=0.9500 | T=16.5 k=3.8 (mu_rec=8 mu_bwd=4) | grad=0.973 | tok/s=23,093 | tokens=4.09B
step=124940 | loss=2.9977 | lr=3.00e-04 | wd=0.0181 | mom=0.9500 | T=10.5 k=4.0 (mu_rec=8 mu_bwd=4) | grad=1.000 | tok/s=22,863 | tokens=4.09B
step=124950 | loss=3.5788 | lr=3.00e-04 | wd=0.0181 | mom=0.9500 | T=6.0 k=3.2 (mu_rec=8 mu_bwd=4) | grad=1.304 | tok/s=24,325 | tokens=4.09B
step=124960 | loss=3.3735 | lr=3.00e-04 | wd=0.0181 | mom=0.9500 | T=3.8 k=3.5 (mu_rec=8 mu_bwd=4) | grad=1.316 | tok/s=24,058 | tokens=4.09B
step=124970 | loss=3.3808 | lr=3.00e-04 | wd=0.0181 | mom=0.9500 | T=9.5 k=4.0 (mu_rec=8 mu_bwd=4) | grad=0.946 | tok/s=23,382 | tokens=4.10B
step=124980 | loss=3.1020 | lr=3.00e-04 | wd=0.0181 | mom=0.9500 | T=8.2 k=4.0 (mu_rec=8 mu_bwd=4) | grad=0.911 | tok/s=23,236 | tokens=4.10B
step=124990 | loss=2.9156 | lr=3.00e-04 | wd=0.0181 | mom=0.9500 | T=8.0 k=2.8 (mu_rec=8 mu_bwd=4) | grad=1.251 | tok/s=23,662 | tokens=4.10B
step=125000 | loss=2.8964 | lr=3.00e-04 | wd=0.0181 | mom=0.9500 | T=9.0 k=4.0 (mu_rec=8 mu_bwd=4) | grad=1.149 | tok/s=24,358 | tokens=4.10B
step=125010 | loss=3.3591 | lr=3.00e-04 | wd=0.0181 | mom=0.9500 | T=8.5 k=3.2 (mu_rec=8 mu_bwd=4) | grad=1.682 | tok/s=23,993 | tokens=4.10B
step=125020 | loss=2.9576 | lr=3.00e-04 | wd=0.0181 | mom=0.9500 | T=5.2 k=3.0 (mu_rec=8 mu_bwd=4) | grad=0.874 | tok/s=22,172 | tokens=4.10B
step=125030 | loss=2.8951 | lr=3.00e-04 | wd=0.0181 | mom=0.9500 | T=6.0 k=3.2 (mu_rec=8 mu_bwd=4) | grad=0.852 | tok/s=22,842 | tokens=4.10B
step=125040 | loss=3.0100 | lr=3.00e-04 | wd=0.0181 | mom=0.9500 | T=5.0 k=3.8 (mu_rec=8 mu_bwd=4) | grad=1.405 | tok/s=25,088 | tokens=4.10B
step=125050 | loss=2.9939 | lr=3.00e-04 | wd=0.0180 | mom=0.9500 | T=7.0 k=4.0 (mu_rec=8 mu_bwd=4) | grad=0.875 | tok/s=24,749 | tokens=4.10B
step=125060 | loss=3.1765 | lr=3.00e-04 | wd=0.0180 | mom=0.9500 | T=6.0 k=3.2 (mu_rec=8 mu_bwd=4) | grad=2.146 | tok/s=23,506 | tokens=4.10B
step=125070 | loss=3.1037 | lr=3.00e-04 | wd=0.0180 | mom=0.9500 | T=7.0 k=3.5 (mu_rec=8 mu_bwd=4) | grad=1.083 | tok/s=24,858 | tokens=4.10B
step=125080 | loss=2.9224 | lr=3.00e-04 | wd=0.0180 | mom=0.9500 | T=11.2 k=4.0 (mu_rec=8 mu_bwd=4) | grad=1.527 | tok/s=22,250 | tokens=4.10B
step=125090 | loss=2.9809 | lr=3.00e-04 | wd=0.0180 | mom=0.9500 | T=11.5 k=4.0 (mu_rec=8 mu_bwd=4) | grad=0.973 | tok/s=22,649 | tokens=4.10B
step=125100 | loss=3.3931 | lr=3.00e-04 | wd=0.0180 | mom=0.9500 | T=5.0 k=3.5 (mu_rec=8 mu_bwd=4) | grad=1.306 | tok/s=25,119 | tokens=4.10B
step=125110 | loss=3.6403 | lr=3.00e-04 | wd=0.0180 | mom=0.9500 | T=8.0 k=4.0 (mu_rec=8 mu_bwd=4) | grad=1.472 | tok/s=23,901 | tokens=4.10B
step=125120 | loss=3.0934 | lr=3.00e-04 | wd=0.0180 | mom=0.9500 | T=4.8 k=3.2 (mu_rec=8 mu_bwd=4) | grad=0.866 | tok/s=24,954 | tokens=4.10B
step=125130 | loss=2.9809 | lr=3.00e-04 | wd=0.0180 | mom=0.9500 | T=13.0 k=4.0 (mu_rec=8 mu_bwd=4) | grad=0.816 | tok/s=24,988 | tokens=4.10B
step=125140 | loss=3.0386 | lr=3.00e-04 | wd=0.0180 | mom=0.9500 | T=3.8 k=3.2 (mu_rec=8 mu_bwd=4) | grad=1.001 | tok/s=26,854 | tokens=4.10B
step=125150 | loss=2.7284 | lr=3.00e-04 | wd=0.0180 | mom=0.9500 | T=8.0 k=4.0 (mu_rec=8 mu_bwd=4) | grad=0.853 | tok/s=24,035 | tokens=4.10B
step=125160 | loss=3.0992 | lr=3.00e-04 | wd=0.0180 | mom=0.9500 | T=10.8 k=3.5 (mu_rec=8 mu_bwd=4) | grad=1.013 | tok/s=22,781 | tokens=4.10B
step=125170 | loss=2.7504 | lr=3.00e-04 | wd=0.0180 | mom=0.9500 | T=5.8 k=4.0 (mu_rec=8 mu_bwd=4) | grad=1.323 | tok/s=24,377 | tokens=4.10B
step=125180 | loss=3.1005 | lr=3.00e-04 | wd=0.0180 | mom=0.9500 | T=5.0 k=3.5 (mu_rec=8 mu_bwd=4) | grad=1.040 | tok/s=23,632 | tokens=4.10B
step=125190 | loss=2.8641 | lr=3.00e-04 | wd=0.0180 | mom=0.9500 | T=8.8 k=4.0 (mu_rec=8 mu_bwd=4) | grad=0.985 | tok/s=23,435 | tokens=4.10B
step=125200 | loss=3.0040 | lr=3.00e-04 | wd=0.0179 | mom=0.9500 | T=9.2 k=4.0 (mu_rec=8 mu_bwd=4) | grad=0.874 | tok/s=25,518 | tokens=4.10B
step=125210 | loss=2.8475 | lr=3.00e-04 | wd=0.0179 | mom=0.9500 | T=5.5 k=4.0 (mu_rec=8 mu_bwd=4) | grad=1.193 | tok/s=23,395 | tokens=4.10B
step=125220 | loss=3.2030 | lr=3.00e-04 | wd=0.0179 | mom=0.9500 | T=11.5 k=4.0 (mu_rec=8 mu_bwd=4) | grad=1.112 | tok/s=23,290 | tokens=4.10B
step=125230 | loss=2.8827 | lr=3.00e-04 | wd=0.0179 | mom=0.9500 | T=11.8 k=4.0 (mu_rec=8 mu_bwd=4) | grad=0.867 | tok/s=22,650 | tokens=4.10B
step=125240 | loss=3.2418 | lr=3.00e-04 | wd=0.0179 | mom=0.9500 | T=10.8 k=4.0 (mu_rec=8 mu_bwd=4) | grad=1.123 | tok/s=22,630 | tokens=4.10B
step=125250 | loss=3.2718 | lr=3.00e-04 | wd=0.0179 | mom=0.9500 | T=8.5 k=3.8 (mu_rec=8 mu_bwd=4) | grad=0.885 | tok/s=24,978 | tokens=4.10B
step=125260 | loss=3.1089 | lr=3.00e-04 | wd=0.0179 | mom=0.9500 | T=9.2 k=4.0 (mu_rec=8 mu_bwd=4) | grad=0.940 | tok/s=21,282 | tokens=4.10B
step=125270 | loss=3.0236 | lr=3.00e-04 | wd=0.0179 | mom=0.9500 | T=8.2 k=4.0 (mu_rec=8 mu_bwd=4) | grad=1.210 | tok/s=22,267 | tokens=4.10B
step=125280 | loss=2.9537 | lr=3.00e-04 | wd=0.0179 | mom=0.9500 | T=5.0 k=3.2 (mu_rec=8 mu_bwd=4) | grad=0.878 | tok/s=25,060 | tokens=4.11B
step=125290 | loss=3.3796 | lr=3.00e-04 | wd=0.0179 | mom=0.9500 | T=5.5 k=2.8 (mu_rec=8 mu_bwd=4) | grad=1.126 | tok/s=25,184 | tokens=4.11B
step=125300 | loss=3.0902 | lr=3.00e-04 | wd=0.0179 | mom=0.9500 | T=4.8 k=3.2 (mu_rec=8 mu_bwd=4) | grad=1.389 | tok/s=21,778 | tokens=4.11B
step=125310 | loss=3.2721 | lr=3.00e-04 | wd=0.0179 | mom=0.9500 | T=10.2 k=3.8 (mu_rec=8 mu_bwd=4) | grad=1.417 | tok/s=24,300 | tokens=4.11B
step=125320 | loss=2.9951 | lr=3.00e-04 | wd=0.0179 | mom=0.9500 | T=8.2 k=3.8 (mu_rec=8 mu_bwd=4) | grad=1.407 | tok/s=23,743 | tokens=4.11B
step=125330 | loss=3.2283 | lr=3.00e-04 | wd=0.0179 | mom=0.9500 | T=7.0 k=4.0 (mu_rec=8 mu_bwd=4) | grad=1.098 | tok/s=22,995 | tokens=4.11B
step=125340 | loss=3.1763 | lr=3.00e-04 | wd=0.0179 | mom=0.9500 | T=5.2 k=3.2 (mu_rec=8 mu_bwd=4) | grad=0.994 | tok/s=23,126 | tokens=4.11B
step=125350 | loss=3.1668 | lr=3.00e-04 | wd=0.0179 | mom=0.9500 | T=12.5 k=4.0 (mu_rec=8 mu_bwd=4) | grad=0.866 | tok/s=23,407 | tokens=4.11B
step=125360 | loss=2.9495 | lr=3.00e-04 | wd=0.0178 | mom=0.9500 | T=8.0 k=3.2 (mu_rec=8 mu_bwd=4) | grad=0.935 | tok/s=23,808 | tokens=4.11B
step=125370 | loss=2.9006 | lr=3.00e-04 | wd=0.0178 | mom=0.9500 | T=7.5 k=3.5 (mu_rec=8 mu_bwd=4) | grad=0.808 | tok/s=25,253 | tokens=4.11B
step=125380 | loss=2.8234 | lr=3.00e-04 | wd=0.0178 | mom=0.9500 | T=11.2 k=4.0 (mu_rec=8 mu_bwd=4) | grad=1.067 | tok/s=21,964 | tokens=4.11B
step=125390 | loss=3.3643 | lr=3.00e-04 | wd=0.0178 | mom=0.9500 | T=6.5 k=4.0 (mu_rec=8 mu_bwd=4) | grad=1.653 | tok/s=24,391 | tokens=4.11B
step=125400 | loss=3.1171 | lr=3.00e-04 | wd=0.0178 | mom=0.9500 | T=9.0 k=4.0 (mu_rec=8 mu_bwd=4) | grad=0.896 | tok/s=23,543 | tokens=4.11B
step=125410 | loss=2.9061 | lr=3.00e-04 | wd=0.0178 | mom=0.9500 | T=4.8 k=3.2 (mu_rec=8 mu_bwd=4) | grad=1.076 | tok/s=25,629 | tokens=4.11B
step=125420 | loss=2.7552 | lr=3.00e-04 | wd=0.0178 | mom=0.9500 | T=8.2 k=4.0 (mu_rec=8 mu_bwd=4) | grad=0.905 | tok/s=22,863 | tokens=4.11B
step=125430 | loss=3.3255 | lr=3.00e-04 | wd=0.0178 | mom=0.9500 | T=7.5 k=3.5 (mu_rec=8 mu_bwd=4) | grad=1.028 | tok/s=23,410 | tokens=4.11B
step=125440 | loss=3.2787 | lr=3.00e-04 | wd=0.0178 | mom=0.9500 | T=7.5 k=4.0 (mu_rec=8 mu_bwd=4) | grad=1.018 | tok/s=22,219 | tokens=4.11B
step=125450 | loss=3.1428 | lr=3.00e-04 | wd=0.0178 | mom=0.9500 | T=7.5 k=4.0 (mu_rec=8 mu_bwd=4) | grad=0.841 | tok/s=21,940 | tokens=4.11B
step=125460 | loss=3.1947 | lr=3.00e-04 | wd=0.0178 | mom=0.9500 | T=8.5 k=3.8 (mu_rec=8 mu_bwd=4) | grad=0.998 | tok/s=24,767 | tokens=4.11B
step=125470 | loss=2.9830 | lr=3.00e-04 | wd=0.0178 | mom=0.9500 | T=15.5 k=4.0 (mu_rec=8 mu_bwd=4) | grad=1.044 | tok/s=22,854 | tokens=4.11B
step=125480 | loss=3.0264 | lr=3.00e-04 | wd=0.0178 | mom=0.9500 | T=9.0 k=4.0 (mu_rec=8 mu_bwd=4) | grad=1.174 | tok/s=22,699 | tokens=4.11B
step=125490 | loss=3.2268 | lr=3.00e-04 | wd=0.0178 | mom=0.9500 | T=14.5 k=4.0 (mu_rec=8 mu_bwd=4) | grad=1.072 | tok/s=22,735 | tokens=4.11B
step=125500 | loss=3.0623 | lr=3.00e-04 | wd=0.0178 | mom=0.9500 | T=8.2 k=4.0 (mu_rec=8 mu_bwd=4) | grad=0.879 | tok/s=23,605 | tokens=4.11B
step=125510 | loss=3.2566 | lr=3.00e-04 | wd=0.0177 | mom=0.9500 | T=12.8 k=4.0 (mu_rec=8 mu_bwd=4) | grad=1.700 | tok/s=23,241 | tokens=4.11B
step=125520 | loss=3.1020 | lr=3.00e-04 | wd=0.0177 | mom=0.9500 | T=5.8 k=3.5 (mu_rec=8 mu_bwd=4) | grad=1.707 | tok/s=24,961 | tokens=4.11B
step=125530 | loss=3.1522 | lr=3.00e-04 | wd=0.0177 | mom=0.9500 | T=7.0 k=3.5 (mu_rec=8 mu_bwd=4) | grad=1.090 | tok/s=23,795 | tokens=4.11B
step=125540 | loss=3.2191 | lr=3.00e-04 | wd=0.0177 | mom=0.9500 | T=7.8 k=4.0 (mu_rec=8 mu_bwd=4) | grad=0.846 | tok/s=24,521 | tokens=4.11B
step=125550 | loss=2.9814 | lr=3.00e-04 | wd=0.0177 | mom=0.9500 | T=12.0 k=4.0 (mu_rec=8 mu_bwd=4) | grad=1.377 | tok/s=22,508 | tokens=4.11B
step=125560 | loss=2.9648 | lr=3.00e-04 | wd=0.0177 | mom=0.9500 | T=6.2 k=3.5 (mu_rec=8 mu_bwd=4) | grad=1.461 | tok/s=24,551 | tokens=4.11B
step=125570 | loss=3.4094 | lr=3.00e-04 | wd=0.0177 | mom=0.9500 | T=4.2 k=3.5 (mu_rec=8 mu_bwd=4) | grad=1.169 | tok/s=23,620 | tokens=4.11B
step=125580 | loss=3.1008 | lr=3.00e-04 | wd=0.0177 | mom=0.9500 | T=6.5 k=3.8 (mu_rec=8 mu_bwd=4) | grad=1.777 | tok/s=23,547 | tokens=4.12B
step=125590 | loss=3.0576 | lr=3.00e-04 | wd=0.0177 | mom=0.9500 | T=8.2 k=3.8 (mu_rec=8 mu_bwd=4) | grad=0.888 | tok/s=25,114 | tokens=4.12B
step=125600 | loss=2.9785 | lr=3.00e-04 | wd=0.0177 | mom=0.9500 | T=7.5 k=4.0 (mu_rec=8 mu_bwd=4) | grad=1.941 | tok/s=22,080 | tokens=4.12B
step=125610 | loss=3.0861 | lr=3.00e-04 | wd=0.0177 | mom=0.9500 | T=11.8 k=3.8 (mu_rec=8 mu_bwd=4) | grad=1.060 | tok/s=23,154 | tokens=4.12B
step=125620 | loss=3.2184 | lr=3.00e-04 | wd=0.0177 | mom=0.9500 | T=5.8 k=3.0 (mu_rec=8 mu_bwd=4) | grad=1.182 | tok/s=24,591 | tokens=4.12B
step=125630 | loss=3.3560 | lr=3.00e-04 | wd=0.0177 | mom=0.9500 | T=7.0 k=3.5 (mu_rec=8 mu_bwd=4) | grad=1.421 | tok/s=24,572 | tokens=4.12B
step=125640 | loss=3.2313 | lr=3.00e-04 | wd=0.0177 | mom=0.9500 | T=15.5 k=4.0 (mu_rec=8 mu_bwd=4) | grad=0.875 | tok/s=23,759 | tokens=4.12B
step=125650 | loss=3.1439 | lr=3.00e-04 | wd=0.0177 | mom=0.9500 | T=14.2 k=4.0 (mu_rec=8 mu_bwd=4) | grad=1.246 | tok/s=24,383 | tokens=4.12B
step=125660 | loss=3.1346 | lr=3.00e-04 | wd=0.0176 | mom=0.9500 | T=5.8 k=3.0 (mu_rec=8 mu_bwd=4) | grad=1.357 | tok/s=23,260 | tokens=4.12B
step=125670 | loss=3.0050 | lr=3.00e-04 | wd=0.0176 | mom=0.9500 | T=9.8 k=4.0 (mu_rec=8 mu_bwd=4) | grad=1.048 | tok/s=24,121 | tokens=4.12B
step=125680 | loss=3.0579 | lr=3.00e-04 | wd=0.0176 | mom=0.9500 | T=7.8 k=3.8 (mu_rec=8 mu_bwd=4) | grad=0.913 | tok/s=23,649 | tokens=4.12B
step=125690 | loss=3.2017 | lr=3.00e-04 | wd=0.0176 | mom=0.9500 | T=8.2 k=4.0 (mu_rec=8 mu_bwd=4) | grad=0.863 | tok/s=22,549 | tokens=4.12B
step=125700 | loss=2.9118 | lr=3.00e-04 | wd=0.0176 | mom=0.9500 | T=8.5 k=4.0 (mu_rec=8 mu_bwd=4) | grad=1.116 | tok/s=10,648 | tokens=4.12B
step=125710 | loss=2.9695 | lr=3.00e-04 | wd=0.0176 | mom=0.9500 | T=7.0 k=4.0 (mu_rec=8 mu_bwd=4) | grad=0.932 | tok/s=9,760 | tokens=4.12B
step=125720 | loss=3.2306 | lr=3.00e-04 | wd=0.0176 | mom=0.9500 | T=7.8 k=4.0 (mu_rec=8 mu_bwd=4) | grad=1.076 | tok/s=24,297 | tokens=4.12B
step=125730 | loss=3.0440 | lr=3.00e-04 | wd=0.0176 | mom=0.9500 | T=9.5 k=3.2 (mu_rec=8 mu_bwd=4) | grad=0.949 | tok/s=24,910 | tokens=4.12B
step=125740 | loss=3.2338 | lr=3.00e-04 | wd=0.0176 | mom=0.9500 | T=13.0 k=3.8 (mu_rec=8 mu_bwd=4) | grad=1.034 | tok/s=24,207 | tokens=4.12B
step=125750 | loss=3.1140 | lr=3.00e-04 | wd=0.0176 | mom=0.9500 | T=5.0 k=3.2 (mu_rec=8 mu_bwd=4) | grad=0.916 | tok/s=24,583 | tokens=4.12B
step=125760 | loss=2.8301 | lr=3.00e-04 | wd=0.0176 | mom=0.9500 | T=9.2 k=4.0 (mu_rec=8 mu_bwd=4) | grad=1.472 | tok/s=24,056 | tokens=4.12B
step=125770 | loss=3.2669 | lr=3.00e-04 | wd=0.0176 | mom=0.9500 | T=10.5 k=4.0 (mu_rec=8 mu_bwd=4) | grad=0.890 | tok/s=22,855 | tokens=4.12B
step=125780 | loss=3.0515 | lr=3.00e-04 | wd=0.0176 | mom=0.9500 | T=5.8 k=4.0 (mu_rec=8 mu_bwd=4) | grad=0.931 | tok/s=24,303 | tokens=4.12B
step=125790 | loss=2.8080 | lr=3.00e-04 | wd=0.0176 | mom=0.9500 | T=5.8 k=3.5 (mu_rec=8 mu_bwd=4) | grad=1.476 | tok/s=23,932 | tokens=4.12B
step=125800 | loss=3.1035 | lr=3.00e-04 | wd=0.0176 | mom=0.9500 | T=6.5 k=3.8 (mu_rec=8 mu_bwd=4) | grad=1.176 | tok/s=22,796 | tokens=4.12B
step=125810 | loss=3.0784 | lr=3.00e-04 | wd=0.0175 | mom=0.9500 | T=5.2 k=3.2 (mu_rec=8 mu_bwd=4) | grad=3.566 | tok/s=23,893 | tokens=4.12B
step=125820 | loss=3.0987 | lr=3.00e-04 | wd=0.0175 | mom=0.9500 | T=7.0 k=3.5 (mu_rec=8 mu_bwd=4) | grad=1.564 | tok/s=24,658 | tokens=4.12B
step=125830 | loss=3.0551 | lr=3.00e-04 | wd=0.0175 | mom=0.9500 | T=11.0 k=4.0 (mu_rec=8 mu_bwd=4) | grad=3.692 | tok/s=22,804 | tokens=4.12B
step=125840 | loss=3.0419 | lr=3.00e-04 | wd=0.0175 | mom=0.9500 | T=8.2 k=4.0 (mu_rec=8 mu_bwd=4) | grad=0.842 | tok/s=22,159 | tokens=4.12B
step=125850 | loss=3.4043 | lr=3.00e-04 | wd=0.0175 | mom=0.9500 | T=5.5 k=3.8 (mu_rec=8 mu_bwd=4) | grad=1.406 | tok/s=25,853 | tokens=4.12B
step=125860 | loss=3.4350 | lr=3.00e-04 | wd=0.0175 | mom=0.9500 | T=6.5 k=3.2 (mu_rec=8 mu_bwd=4) | grad=2.182 | tok/s=23,025 | tokens=4.12B
step=125870 | loss=2.9582 | lr=3.00e-04 | wd=0.0175 | mom=0.9500 | T=7.2 k=3.8 (mu_rec=8 mu_bwd=4) | grad=1.589 | tok/s=21,556 | tokens=4.12B
step=125880 | loss=3.0682 | lr=3.00e-04 | wd=0.0175 | mom=0.9500 | T=3.5 k=3.2 (mu_rec=8 mu_bwd=4) | grad=1.081 | tok/s=24,231 | tokens=4.12B
step=125890 | loss=3.3084 | lr=3.00e-04 | wd=0.0175 | mom=0.9500 | T=5.5 k=3.8 (mu_rec=8 mu_bwd=4) | grad=0.973 | tok/s=23,965 | tokens=4.13B
step=125900 | loss=3.3324 | lr=3.00e-04 | wd=0.0175 | mom=0.9500 | T=14.0 k=4.0 (mu_rec=8 mu_bwd=4) | grad=1.389 | tok/s=22,105 | tokens=4.13B
step=125910 | loss=3.3989 | lr=3.00e-04 | wd=0.0175 | mom=0.9500 | T=8.8 k=3.8 (mu_rec=8 mu_bwd=4) | grad=1.081 | tok/s=23,158 | tokens=4.13B
step=125920 | loss=3.3207 | lr=3.00e-04 | wd=0.0175 | mom=0.9500 | T=5.8 k=3.8 (mu_rec=8 mu_bwd=4) | grad=1.176 | tok/s=22,972 | tokens=4.13B
step=125930 | loss=3.1862 | lr=3.00e-04 | wd=0.0175 | mom=0.9500 | T=7.0 k=3.8 (mu_rec=8 mu_bwd=4) | grad=1.693 | tok/s=21,926 | tokens=4.13B
step=125940 | loss=3.2084 | lr=3.00e-04 | wd=0.0175 | mom=0.9500 | T=10.0 k=4.0 (mu_rec=8 mu_bwd=4) | grad=0.945 | tok/s=25,005 | tokens=4.13B
step=125950 | loss=2.9992 | lr=3.00e-04 | wd=0.0175 | mom=0.9500 | T=8.2 k=4.0 (mu_rec=8 mu_bwd=4) | grad=1.013 | tok/s=22,057 | tokens=4.13B
step=125960 | loss=2.9561 | lr=3.00e-04 | wd=0.0175 | mom=0.9500 | T=5.0 k=3.5 (mu_rec=8 mu_bwd=4) | grad=1.043 | tok/s=23,780 | tokens=4.13B
step=125970 | loss=3.0085 | lr=3.00e-04 | wd=0.0174 | mom=0.9500 | T=11.2 k=4.0 (mu_rec=8 mu_bwd=4) | grad=1.072 | tok/s=23,031 | tokens=4.13B
step=125980 | loss=3.0039 | lr=3.00e-04 | wd=0.0174 | mom=0.9500 | T=7.2 k=4.0 (mu_rec=8 mu_bwd=4) | grad=0.984 | tok/s=23,275 | tokens=4.13B
step=125990 | loss=3.2468 | lr=3.00e-04 | wd=0.0174 | mom=0.9500 | T=7.0 k=3.8 (mu_rec=8 mu_bwd=4) | grad=1.224 | tok/s=22,622 | tokens=4.13B
step=126000 | loss=3.3935 | lr=3.00e-04 | wd=0.0174 | mom=0.9500 | T=3.8 k=3.5 (mu_rec=8 mu_bwd=4) | grad=1.012 | tok/s=23,989 | tokens=4.13B
[step 126000] Saved -> runs/cortex-5b-k4/checkpoint_0126000
[step 126000] Pruned -> runs/cortex-5b-k4/checkpoint_0120000
step=126010 | loss=2.9870 | lr=3.00e-04 | wd=0.0174 | mom=0.9500 | T=4.5 k=3.2 (mu_rec=8 mu_bwd=4) | grad=1.368 | tok/s=20,304 | tokens=4.13B
step=126020 | loss=3.3851 | lr=3.00e-04 | wd=0.0174 | mom=0.9500 | T=9.2 k=4.0 (mu_rec=8 mu_bwd=4) | grad=1.635 | tok/s=24,582 | tokens=4.13B
step=126030 | loss=3.2695 | lr=3.00e-04 | wd=0.0174 | mom=0.9500 | T=8.0 k=4.0 (mu_rec=8 mu_bwd=4) | grad=0.968 | tok/s=23,931 | tokens=4.13B
step=126040 | loss=3.1127 | lr=3.00e-04 | wd=0.0174 | mom=0.9500 | T=5.8 k=3.8 (mu_rec=8 mu_bwd=4) | grad=0.963 | tok/s=24,383 | tokens=4.13B
step=126050 | loss=3.0886 | lr=3.00e-04 | wd=0.0174 | mom=0.9500 | T=13.0 k=4.0 (mu_rec=8 mu_bwd=4) | grad=0.839 | tok/s=22,031 | tokens=4.13B
step=126060 | loss=3.2284 | lr=3.00e-04 | wd=0.0174 | mom=0.9500 | T=6.5 k=4.0 (mu_rec=8 mu_bwd=4) | grad=1.034 | tok/s=23,546 | tokens=4.13B
step=126070 | loss=3.0428 | lr=3.00e-04 | wd=0.0174 | mom=0.9500 | T=6.5 k=4.0 (mu_rec=8 mu_bwd=4) | grad=1.165 | tok/s=23,616 | tokens=4.13B
step=126080 | loss=3.0406 | lr=3.00e-04 | wd=0.0174 | mom=0.9500 | T=7.0 k=3.2 (mu_rec=8 mu_bwd=4) | grad=0.857 | tok/s=25,124 | tokens=4.13B
step=126090 | loss=3.0651 | lr=3.00e-04 | wd=0.0174 | mom=0.9500 | T=7.0 k=4.0 (mu_rec=8 mu_bwd=4) | grad=4.146 | tok/s=23,433 | tokens=4.13B
step=126100 | loss=2.8357 | lr=3.00e-04 | wd=0.0174 | mom=0.9500 | T=6.5 k=3.8 (mu_rec=8 mu_bwd=4) | grad=0.889 | tok/s=22,266 | tokens=4.13B
step=126110 | loss=3.0486 | lr=3.00e-04 | wd=0.0174 | mom=0.9500 | T=8.0 k=4.0 (mu_rec=8 mu_bwd=4) | grad=0.957 | tok/s=23,422 | tokens=4.13B
step=126120 | loss=3.3413 | lr=3.00e-04 | wd=0.0173 | mom=0.9500 | T=6.8 k=4.0 (mu_rec=8 mu_bwd=4) | grad=1.004 | tok/s=25,991 | tokens=4.13B
step=126130 | loss=3.1972 | lr=3.00e-04 | wd=0.0173 | mom=0.9500 | T=9.0 k=4.0 (mu_rec=8 mu_bwd=4) | grad=0.982 | tok/s=23,912 | tokens=4.13B
step=126140 | loss=3.1490 | lr=3.00e-04 | wd=0.0173 | mom=0.9500 | T=8.8 k=4.0 (mu_rec=8 mu_bwd=4) | grad=1.091 | tok/s=23,476 | tokens=4.13B
step=126150 | loss=3.1116 | lr=3.00e-04 | wd=0.0173 | mom=0.9500 | T=8.2 k=4.0 (mu_rec=8 mu_bwd=4) | grad=0.897 | tok/s=24,889 | tokens=4.13B
step=126160 | loss=2.9093 | lr=3.00e-04 | wd=0.0173 | mom=0.9500 | T=6.5 k=3.8 (mu_rec=8 mu_bwd=4) | grad=0.960 | tok/s=23,312 | tokens=4.13B
step=126170 | loss=3.3178 | lr=3.00e-04 | wd=0.0173 | mom=0.9500 | T=12.8 k=4.0 (mu_rec=8 mu_bwd=4) | grad=1.400 | tok/s=23,935 | tokens=4.13B
step=126180 | loss=2.9290 | lr=3.00e-04 | wd=0.0173 | mom=0.9500 | T=11.2 k=3.8 (mu_rec=8 mu_bwd=4) | grad=0.839 | tok/s=21,655 | tokens=4.13B
step=126190 | loss=3.1640 | lr=3.00e-04 | wd=0.0173 | mom=0.9500 | T=8.2 k=4.0 (mu_rec=8 mu_bwd=4) | grad=0.869 | tok/s=23,148 | tokens=4.13B
step=126200 | loss=3.1957 | lr=3.00e-04 | wd=0.0173 | mom=0.9500 | T=11.8 k=4.0 (mu_rec=8 mu_bwd=4) | grad=1.366 | tok/s=22,224 | tokens=4.14B
step=126210 | loss=3.0076 | lr=3.00e-04 | wd=0.0173 | mom=0.9500 | T=7.8 k=3.8 (mu_rec=8 mu_bwd=4) | grad=2.525 | tok/s=23,625 | tokens=4.14B
step=126220 | loss=3.1658 | lr=3.00e-04 | wd=0.0173 | mom=0.9500 | T=8.0 k=3.5 (mu_rec=8 mu_bwd=4) | grad=1.101 | tok/s=22,535 | tokens=4.14B
step=126230 | loss=3.0406 | lr=3.00e-04 | wd=0.0173 | mom=0.9500 | T=6.2 k=4.0 (mu_rec=8 mu_bwd=4) | grad=1.086 | tok/s=24,489 | tokens=4.14B
step=126240 | loss=3.1196 | lr=3.00e-04 | wd=0.0173 | mom=0.9500 | T=13.8 k=4.0 (mu_rec=8 mu_bwd=4) | grad=0.927 | tok/s=22,696 | tokens=4.14B
step=126250 | loss=3.2845 | lr=3.00e-04 | wd=0.0173 | mom=0.9500 | T=7.0 k=3.8 (mu_rec=8 mu_bwd=4) | grad=1.105 | tok/s=22,695 | tokens=4.14B
step=126260 | loss=3.0275 | lr=3.00e-04 | wd=0.0173 | mom=0.9500 | T=9.5 k=3.5 (mu_rec=8 mu_bwd=4) | grad=0.850 | tok/s=26,389 | tokens=4.14B
step=126270 | loss=2.9311 | lr=3.00e-04 | wd=0.0172 | mom=0.9500 | T=5.8 k=3.5 (mu_rec=8 mu_bwd=4) | grad=0.953 | tok/s=24,556 | tokens=4.14B
step=126280 | loss=3.0484 | lr=3.00e-04 | wd=0.0172 | mom=0.9500 | T=10.8 k=4.0 (mu_rec=8 mu_bwd=4) | grad=0.926 | tok/s=24,262 | tokens=4.14B
step=126290 | loss=3.0102 | lr=3.00e-04 | wd=0.0172 | mom=0.9500 | T=7.0 k=4.0 (mu_rec=8 mu_bwd=4) | grad=0.782 | tok/s=23,775 | tokens=4.14B
step=126300 | loss=3.1145 | lr=3.00e-04 | wd=0.0172 | mom=0.9500 | T=7.8 k=3.8 (mu_rec=8 mu_bwd=4) | grad=1.009 | tok/s=22,590 | tokens=4.14B
step=126310 | loss=3.4273 | lr=3.00e-04 | wd=0.0172 | mom=0.9500 | T=8.2 k=3.8 (mu_rec=8 mu_bwd=4) | grad=1.044 | tok/s=23,975 | tokens=4.14B
step=126320 | loss=3.0454 | lr=3.00e-04 | wd=0.0172 | mom=0.9500 | T=15.0 k=4.0 (mu_rec=8 mu_bwd=4) | grad=0.839 | tok/s=21,423 | tokens=4.14B
step=126330 | loss=3.1706 | lr=3.00e-04 | wd=0.0172 | mom=0.9500 | T=8.0 k=4.0 (mu_rec=8 mu_bwd=4) | grad=0.928 | tok/s=24,549 | tokens=4.14B
step=126340 | loss=3.0760 | lr=3.00e-04 | wd=0.0172 | mom=0.9500 | T=14.0 k=4.0 (mu_rec=8 mu_bwd=4) | grad=0.869 | tok/s=23,048 | tokens=4.14B
step=126350 | loss=3.2373 | lr=3.00e-04 | wd=0.0172 | mom=0.9500 | T=8.2 k=4.0 (mu_rec=8 mu_bwd=4) | grad=0.768 | tok/s=22,833 | tokens=4.14B
step=126360 | loss=3.1127 | lr=3.00e-04 | wd=0.0172 | mom=0.9500 | T=8.2 k=4.0 (mu_rec=8 mu_bwd=4) | grad=0.842 | tok/s=24,177 | tokens=4.14B
step=126370 | loss=3.4534 | lr=3.00e-04 | wd=0.0172 | mom=0.9500 | T=6.5 k=3.2 (mu_rec=8 mu_bwd=4) | grad=1.594 | tok/s=25,166 | tokens=4.14B
step=126380 | loss=3.1554 | lr=3.00e-04 | wd=0.0172 | mom=0.9500 | T=13.8 k=4.0 (mu_rec=8 mu_bwd=4) | grad=2.298 | tok/s=22,598 | tokens=4.14B
step=126390 | loss=3.1357 | lr=3.00e-04 | wd=0.0172 | mom=0.9500 | T=8.2 k=4.0 (mu_rec=8 mu_bwd=4) | grad=2.319 | tok/s=22,209 | tokens=4.14B
step=126400 | loss=3.2004 | lr=3.00e-04 | wd=0.0172 | mom=0.9500 | T=8.2 k=3.5 (mu_rec=8 mu_bwd=4) | grad=0.858 | tok/s=22,796 | tokens=4.14B
step=126410 | loss=3.2398 | lr=3.00e-04 | wd=0.0172 | mom=0.9500 | T=7.2 k=3.8 (mu_rec=8 mu_bwd=4) | grad=0.812 | tok/s=22,363 | tokens=4.14B
step=126420 | loss=2.8373 | lr=3.00e-04 | wd=0.0171 | mom=0.9500 | T=6.2 k=3.8 (mu_rec=8 mu_bwd=4) | grad=1.177 | tok/s=22,846 | tokens=4.14B
step=126430 | loss=2.8693 | lr=3.00e-04 | wd=0.0171 | mom=0.9500 | T=9.8 k=4.0 (mu_rec=8 mu_bwd=4) | grad=1.168 | tok/s=22,436 | tokens=4.14B
step=126440 | loss=3.1344 | lr=3.00e-04 | wd=0.0171 | mom=0.9500 | T=7.5 k=3.5 (mu_rec=8 mu_bwd=4) | grad=1.174 | tok/s=23,621 | tokens=4.14B
step=126450 | loss=3.3667 | lr=3.00e-04 | wd=0.0171 | mom=0.9500 | T=5.8 k=3.8 (mu_rec=8 mu_bwd=4) | grad=1.059 | tok/s=22,711 | tokens=4.14B
step=126460 | loss=3.2197 | lr=3.00e-04 | wd=0.0171 | mom=0.9500 | T=7.2 k=3.5 (mu_rec=8 mu_bwd=4) | grad=1.121 | tok/s=23,759 | tokens=4.14B
step=126470 | loss=2.7997 | lr=3.00e-04 | wd=0.0171 | mom=0.9500 | T=14.0 k=4.0 (mu_rec=8 mu_bwd=4) | grad=1.038 | tok/s=24,609 | tokens=4.14B
step=126480 | loss=3.0161 | lr=3.00e-04 | wd=0.0171 | mom=0.9500 | T=7.2 k=2.5 (mu_rec=8 mu_bwd=4) | grad=2.376 | tok/s=24,922 | tokens=4.14B
step=126490 | loss=3.3369 | lr=3.00e-04 | wd=0.0171 | mom=0.9500 | T=6.5 k=4.0 (mu_rec=8 mu_bwd=4) | grad=1.020 | tok/s=23,127 | tokens=4.14B
step=126500 | loss=3.2841 | lr=3.00e-04 | wd=0.0171 | mom=0.9500 | T=9.2 k=4.0 (mu_rec=8 mu_bwd=4) | grad=1.636 | tok/s=23,041 | tokens=4.15B
step=126510 | loss=3.0005 | lr=3.00e-04 | wd=0.0171 | mom=0.9500 | T=8.8 k=4.0 (mu_rec=8 mu_bwd=4) | grad=1.214 | tok/s=24,598 | tokens=4.15B
step=126520 | loss=3.1087 | lr=3.00e-04 | wd=0.0171 | mom=0.9500 | T=4.2 k=3.2 (mu_rec=8 mu_bwd=4) | grad=0.962 | tok/s=10,134 | tokens=4.15B
step=126530 | loss=3.2484 | lr=3.00e-04 | wd=0.0171 | mom=0.9500 | T=7.5 k=4.0 (mu_rec=8 mu_bwd=4) | grad=1.420 | tok/s=24,357 | tokens=4.15B
step=126540 | loss=3.1418 | lr=3.00e-04 | wd=0.0171 | mom=0.9500 | T=9.8 k=3.8 (mu_rec=8 mu_bwd=4) | grad=1.614 | tok/s=22,375 | tokens=4.15B
step=126550 | loss=2.9652 | lr=3.00e-04 | wd=0.0171 | mom=0.9500 | T=6.0 k=3.5 (mu_rec=8 mu_bwd=4) | grad=0.965 | tok/s=25,754 | tokens=4.15B
step=126560 | loss=2.9559 | lr=3.00e-04 | wd=0.0171 | mom=0.9500 | T=4.5 k=2.5 (mu_rec=8 mu_bwd=4) | grad=0.962 | tok/s=22,133 | tokens=4.15B
step=126570 | loss=3.4662 | lr=3.00e-04 | wd=0.0171 | mom=0.9500 | T=8.8 k=4.0 (mu_rec=8 mu_bwd=4) | grad=1.647 | tok/s=24,408 | tokens=4.15B
step=126580 | loss=3.4018 | lr=3.00e-04 | wd=0.0170 | mom=0.9500 | T=7.0 k=3.5 (mu_rec=8 mu_bwd=4) | grad=1.495 | tok/s=24,724 | tokens=4.15B
step=126590 | loss=3.3692 | lr=3.00e-04 | wd=0.0170 | mom=0.9500 | T=7.2 k=3.5 (mu_rec=8 mu_bwd=4) | grad=1.280 | tok/s=21,318 | tokens=4.15B
step=126600 | loss=3.2639 | lr=3.00e-04 | wd=0.0170 | mom=0.9500 | T=8.0 k=3.5 (mu_rec=8 mu_bwd=4) | grad=1.316 | tok/s=23,265 | tokens=4.15B
step=126610 | loss=2.8950 | lr=3.00e-04 | wd=0.0170 | mom=0.9500 | T=5.2 k=3.5 (mu_rec=8 mu_bwd=4) | grad=1.620 | tok/s=23,529 | tokens=4.15B
step=126620 | loss=2.9100 | lr=3.00e-04 | wd=0.0170 | mom=0.9500 | T=4.0 k=3.2 (mu_rec=8 mu_bwd=4) | grad=1.241 | tok/s=24,416 | tokens=4.15B
step=126630 | loss=3.1403 | lr=3.00e-04 | wd=0.0170 | mom=0.9500 | T=11.0 k=4.0 (mu_rec=8 mu_bwd=4) | grad=0.942 | tok/s=10,999 | tokens=4.15B
step=126640 | loss=3.0390 | lr=3.00e-04 | wd=0.0170 | mom=0.9500 | T=8.2 k=4.0 (mu_rec=8 mu_bwd=4) | grad=0.897 | tok/s=23,628 | tokens=4.15B
step=126650 | loss=3.3584 | lr=3.00e-04 | wd=0.0170 | mom=0.9500 | T=7.8 k=4.0 (mu_rec=8 mu_bwd=4) | grad=2.597 | tok/s=24,304 | tokens=4.15B
step=126660 | loss=3.7538 | lr=3.00e-04 | wd=0.0170 | mom=0.9500 | T=10.2 k=4.0 (mu_rec=8 mu_bwd=4) | grad=1.279 | tok/s=24,295 | tokens=4.15B
step=126670 | loss=3.0379 | lr=3.00e-04 | wd=0.0170 | mom=0.9500 | T=6.2 k=3.2 (mu_rec=8 mu_bwd=4) | grad=2.215 | tok/s=25,208 | tokens=4.15B
step=126680 | loss=3.2598 | lr=3.00e-04 | wd=0.0170 | mom=0.9500 | T=6.2 k=3.5 (mu_rec=8 mu_bwd=4) | grad=1.544 | tok/s=24,113 | tokens=4.15B
step=126690 | loss=3.0719 | lr=3.00e-04 | wd=0.0170 | mom=0.9500 | T=7.2 k=3.2 (mu_rec=8 mu_bwd=4) | grad=1.035 | tok/s=23,285 | tokens=4.15B
step=126700 | loss=3.2170 | lr=3.00e-04 | wd=0.0170 | mom=0.9500 | T=8.5 k=3.8 (mu_rec=8 mu_bwd=4) | grad=1.100 | tok/s=25,342 | tokens=4.15B
step=126710 | loss=3.5448 | lr=3.00e-04 | wd=0.0170 | mom=0.9500 | T=6.8 k=3.8 (mu_rec=8 mu_bwd=4) | grad=1.525 | tok/s=22,931 | tokens=4.15B
step=126720 | loss=3.3533 | lr=3.00e-04 | wd=0.0170 | mom=0.9500 | T=7.8 k=4.0 (mu_rec=8 mu_bwd=4) | grad=1.543 | tok/s=24,408 | tokens=4.15B
step=126730 | loss=3.0592 | lr=3.00e-04 | wd=0.0169 | mom=0.9500 | T=3.8 k=3.0 (mu_rec=8 mu_bwd=4) | grad=0.917 | tok/s=24,635 | tokens=4.15B
step=126740 | loss=2.9897 | lr=3.00e-04 | wd=0.0169 | mom=0.9500 | T=7.2 k=4.0 (mu_rec=8 mu_bwd=4) | grad=1.761 | tok/s=23,349 | tokens=4.15B
step=126750 | loss=3.0076 | lr=3.00e-04 | wd=0.0169 | mom=0.9500 | T=6.2 k=3.5 (mu_rec=8 mu_bwd=4) | grad=1.132 | tok/s=24,229 | tokens=4.15B
step=126760 | loss=3.1918 | lr=3.00e-04 | wd=0.0169 | mom=0.9500 | T=9.8 k=3.5 (mu_rec=8 mu_bwd=4) | grad=0.917 | tok/s=24,074 | tokens=4.15B
step=126770 | loss=3.0407 | lr=3.00e-04 | wd=0.0169 | mom=0.9500 | T=5.0 k=3.5 (mu_rec=8 mu_bwd=4) | grad=0.915 | tok/s=26,603 | tokens=4.15B
step=126780 | loss=3.1179 | lr=3.00e-04 | wd=0.0169 | mom=0.9500 | T=9.2 k=4.0 (mu_rec=8 mu_bwd=4) | grad=1.366 | tok/s=23,872 | tokens=4.15B
step=126790 | loss=2.9852 | lr=3.00e-04 | wd=0.0169 | mom=0.9500 | T=7.8 k=4.0 (mu_rec=8 mu_bwd=4) | grad=0.905 | tok/s=26,029 | tokens=4.15B
step=126800 | loss=2.9642 | lr=3.00e-04 | wd=0.0169 | mom=0.9500 | T=8.5 k=3.2 (mu_rec=8 mu_bwd=4) | grad=0.980 | tok/s=22,421 | tokens=4.15B
step=126810 | loss=3.1151 | lr=3.00e-04 | wd=0.0169 | mom=0.9500 | T=10.2 k=4.0 (mu_rec=8 mu_bwd=4) | grad=1.755 | tok/s=22,727 | tokens=4.16B
step=126820 | loss=3.1258 | lr=3.00e-04 | wd=0.0169 | mom=0.9500 | T=3.5 k=2.8 (mu_rec=8 mu_bwd=4) | grad=1.026 | tok/s=22,399 | tokens=4.16B
step=126830 | loss=2.9218 | lr=3.00e-04 | wd=0.0169 | mom=0.9500 | T=11.0 k=4.0 (mu_rec=8 mu_bwd=4) | grad=0.957 | tok/s=23,732 | tokens=4.16B
step=126840 | loss=3.0156 | lr=3.00e-04 | wd=0.0169 | mom=0.9500 | T=5.2 k=3.2 (mu_rec=8 mu_bwd=4) | grad=1.259 | tok/s=24,836 | tokens=4.16B
step=126850 | loss=2.9786 | lr=3.00e-04 | wd=0.0169 | mom=0.9500 | T=8.8 k=3.0 (mu_rec=8 mu_bwd=4) | grad=1.046 | tok/s=23,477 | tokens=4.16B
step=126860 | loss=3.1701 | lr=3.00e-04 | wd=0.0169 | mom=0.9500 | T=10.2 k=4.0 (mu_rec=8 mu_bwd=4) | grad=0.796 | tok/s=24,761 | tokens=4.16B
step=126870 | loss=3.1217 | lr=3.00e-04 | wd=0.0169 | mom=0.9500 | T=10.0 k=3.2 (mu_rec=8 mu_bwd=4) | grad=0.851 | tok/s=25,817 | tokens=4.16B
step=126880 | loss=3.4005 | lr=3.00e-04 | wd=0.0168 | mom=0.9500 | T=8.8 k=3.8 (mu_rec=8 mu_bwd=4) | grad=1.013 | tok/s=23,682 | tokens=4.16B
step=126890 | loss=3.0104 | lr=3.00e-04 | wd=0.0168 | mom=0.9500 | T=4.5 k=3.0 (mu_rec=8 mu_bwd=4) | grad=1.207 | tok/s=23,963 | tokens=4.16B
step=126900 | loss=2.9994 | lr=3.00e-04 | wd=0.0168 | mom=0.9500 | T=9.5 k=4.0 (mu_rec=8 mu_bwd=4) | grad=1.061 | tok/s=22,464 | tokens=4.16B
step=126910 | loss=3.0594 | lr=3.00e-04 | wd=0.0168 | mom=0.9500 | T=8.0 k=3.2 (mu_rec=8 mu_bwd=4) | grad=1.045 | tok/s=22,741 | tokens=4.16B
step=126920 | loss=3.2881 | lr=3.00e-04 | wd=0.0168 | mom=0.9500 | T=6.8 k=4.0 (mu_rec=8 mu_bwd=4) | grad=1.164 | tok/s=23,169 | tokens=4.16B
step=126930 | loss=3.1288 | lr=3.00e-04 | wd=0.0168 | mom=0.9500 | T=7.5 k=4.0 (mu_rec=8 mu_bwd=4) | grad=1.301 | tok/s=22,761 | tokens=4.16B
step=126940 | loss=2.9080 | lr=3.00e-04 | wd=0.0168 | mom=0.9500 | T=5.5 k=3.5 (mu_rec=8 mu_bwd=4) | grad=0.975 | tok/s=21,273 | tokens=4.16B
step=126950 | loss=3.3272 | lr=3.00e-04 | wd=0.0168 | mom=0.9500 | T=7.8 k=3.5 (mu_rec=8 mu_bwd=4) | grad=1.492 | tok/s=23,049 | tokens=4.16B
step=126960 | loss=3.0337 | lr=3.00e-04 | wd=0.0168 | mom=0.9500 | T=8.8 k=4.0 (mu_rec=8 mu_bwd=4) | grad=1.087 | tok/s=21,811 | tokens=4.16B
step=126970 | loss=2.8874 | lr=3.00e-04 | wd=0.0168 | mom=0.9500 | T=7.8 k=4.0 (mu_rec=8 mu_bwd=4) | grad=0.966 | tok/s=21,737 | tokens=4.16B
step=126980 | loss=3.0334 | lr=3.00e-04 | wd=0.0168 | mom=0.9500 | T=4.8 k=3.8 (mu_rec=8 mu_bwd=4) | grad=0.989 | tok/s=22,514 | tokens=4.16B
step=126990 | loss=3.5451 | lr=3.00e-04 | wd=0.0168 | mom=0.9500 | T=5.2 k=3.5 (mu_rec=8 mu_bwd=4) | grad=1.063 | tok/s=24,188 | tokens=4.16B
step=127000 | loss=3.3998 | lr=3.00e-04 | wd=0.0168 | mom=0.9500 | T=5.8 k=3.2 (mu_rec=8 mu_bwd=4) | grad=0.942 | tok/s=26,884 | tokens=4.16B
step=127010 | loss=3.0634 | lr=3.00e-04 | wd=0.0168 | mom=0.9500 | T=10.0 k=4.0 (mu_rec=8 mu_bwd=4) | grad=1.486 | tok/s=23,771 | tokens=4.16B
step=127020 | loss=3.1697 | lr=3.00e-04 | wd=0.0168 | mom=0.9500 | T=10.5 k=4.0 (mu_rec=8 mu_bwd=4) | grad=1.688 | tok/s=24,574 | tokens=4.16B
step=127030 | loss=2.9678 | lr=3.00e-04 | wd=0.0167 | mom=0.9500 | T=6.5 k=3.8 (mu_rec=8 mu_bwd=4) | grad=0.881 | tok/s=22,464 | tokens=4.16B
step=127040 | loss=2.8384 | lr=3.00e-04 | wd=0.0167 | mom=0.9500 | T=10.2 k=4.0 (mu_rec=8 mu_bwd=4) | grad=1.711 | tok/s=23,181 | tokens=4.16B
step=127050 | loss=3.0394 | lr=3.00e-04 | wd=0.0167 | mom=0.9500 | T=11.2 k=4.0 (mu_rec=8 mu_bwd=4) | grad=0.820 | tok/s=22,026 | tokens=4.16B
step=127060 | loss=2.9680 | lr=3.00e-04 | wd=0.0167 | mom=0.9500 | T=10.5 k=4.0 (mu_rec=8 mu_bwd=4) | grad=0.992 | tok/s=24,080 | tokens=4.16B
step=127070 | loss=3.1799 | lr=3.00e-04 | wd=0.0167 | mom=0.9500 | T=7.8 k=3.8 (mu_rec=8 mu_bwd=4) | grad=1.075 | tok/s=23,788 | tokens=4.16B
step=127080 | loss=2.7798 | lr=3.00e-04 | wd=0.0167 | mom=0.9500 | T=9.5 k=4.0 (mu_rec=8 mu_bwd=4) | grad=0.884 | tok/s=24,088 | tokens=4.16B
step=127090 | loss=3.2759 | lr=3.00e-04 | wd=0.0167 | mom=0.9500 | T=10.0 k=4.0 (mu_rec=8 mu_bwd=4) | grad=1.332 | tok/s=22,694 | tokens=4.16B
step=127100 | loss=3.2553 | lr=3.00e-04 | wd=0.0167 | mom=0.9500 | T=10.0 k=4.0 (mu_rec=8 mu_bwd=4) | grad=0.985 | tok/s=24,864 | tokens=4.16B
step=127110 | loss=2.7853 | lr=3.00e-04 | wd=0.0167 | mom=0.9500 | T=8.0 k=4.0 (mu_rec=8 mu_bwd=4) | grad=0.762 | tok/s=23,296 | tokens=4.17B
step=127120 | loss=2.9442 | lr=3.00e-04 | wd=0.0167 | mom=0.9500 | T=8.0 k=4.0 (mu_rec=8 mu_bwd=4) | grad=0.881 | tok/s=21,837 | tokens=4.17B
step=127130 | loss=2.9149 | lr=3.00e-04 | wd=0.0167 | mom=0.9500 | T=8.0 k=3.5 (mu_rec=8 mu_bwd=4) | grad=1.428 | tok/s=23,998 | tokens=4.17B
step=127140 | loss=2.8325 | lr=3.00e-04 | wd=0.0167 | mom=0.9500 | T=10.5 k=4.0 (mu_rec=8 mu_bwd=4) | grad=1.034 | tok/s=24,074 | tokens=4.17B
step=127150 | loss=3.3961 | lr=3.00e-04 | wd=0.0167 | mom=0.9500 | T=6.8 k=4.0 (mu_rec=8 mu_bwd=4) | grad=1.301 | tok/s=23,975 | tokens=4.17B
step=127160 | loss=3.1699 | lr=3.00e-04 | wd=0.0167 | mom=0.9500 | T=4.0 k=3.0 (mu_rec=8 mu_bwd=4) | grad=1.006 | tok/s=26,672 | tokens=4.17B
step=127170 | loss=2.8991 | lr=3.00e-04 | wd=0.0167 | mom=0.9500 | T=10.0 k=3.2 (mu_rec=8 mu_bwd=4) | grad=1.056 | tok/s=24,116 | tokens=4.17B
step=127180 | loss=3.2914 | lr=3.00e-04 | wd=0.0167 | mom=0.9500 | T=11.5 k=3.5 (mu_rec=8 mu_bwd=4) | grad=1.065 | tok/s=22,902 | tokens=4.17B
step=127190 | loss=3.2047 | lr=3.00e-04 | wd=0.0166 | mom=0.9500 | T=4.2 k=3.2 (mu_rec=8 mu_bwd=4) | grad=1.203 | tok/s=23,021 | tokens=4.17B
step=127200 | loss=3.1186 | lr=3.00e-04 | wd=0.0166 | mom=0.9500 | T=7.8 k=4.0 (mu_rec=8 mu_bwd=4) | grad=1.122 | tok/s=22,746 | tokens=4.17B
step=127210 | loss=2.7318 | lr=3.00e-04 | wd=0.0166 | mom=0.9500 | T=5.5 k=3.2 (mu_rec=8 mu_bwd=4) | grad=2.130 | tok/s=25,893 | tokens=4.17B
step=127220 | loss=2.9726 | lr=3.00e-04 | wd=0.0166 | mom=0.9500 | T=5.8 k=3.5 (mu_rec=8 mu_bwd=4) | grad=0.894 | tok/s=26,109 | tokens=4.17B
step=127230 | loss=3.2407 | lr=3.00e-04 | wd=0.0166 | mom=0.9500 | T=4.8 k=3.2 (mu_rec=8 mu_bwd=4) | grad=1.086 | tok/s=23,498 | tokens=4.17B
step=127240 | loss=3.0148 | lr=3.00e-04 | wd=0.0166 | mom=0.9500 | T=11.0 k=4.0 (mu_rec=8 mu_bwd=4) | grad=0.871 | tok/s=24,238 | tokens=4.17B
step=127250 | loss=3.1120 | lr=3.00e-04 | wd=0.0166 | mom=0.9500 | T=9.8 k=4.0 (mu_rec=8 mu_bwd=4) | grad=1.117 | tok/s=23,825 | tokens=4.17B
step=127260 | loss=2.9753 | lr=3.00e-04 | wd=0.0166 | mom=0.9500 | T=5.0 k=2.8 (mu_rec=8 mu_bwd=4) | grad=0.778 | tok/s=24,286 | tokens=4.17B
step=127270 | loss=3.2941 | lr=3.00e-04 | wd=0.0166 | mom=0.9500 | T=13.5 k=4.0 (mu_rec=8 mu_bwd=4) | grad=1.171 | tok/s=23,092 | tokens=4.17B
step=127280 | loss=3.2890 | lr=3.00e-04 | wd=0.0166 | mom=0.9500 | T=14.0 k=4.0 (mu_rec=8 mu_bwd=4) | grad=1.101 | tok/s=22,211 | tokens=4.17B
step=127290 | loss=3.2526 | lr=3.00e-04 | wd=0.0166 | mom=0.9500 | T=6.5 k=3.0 (mu_rec=8 mu_bwd=4) | grad=1.963 | tok/s=23,862 | tokens=4.17B
step=127300 | loss=3.2222 | lr=3.00e-04 | wd=0.0166 | mom=0.9500 | T=5.5 k=3.5 (mu_rec=8 mu_bwd=4) | grad=0.894 | tok/s=24,735 | tokens=4.17B
step=127310 | loss=3.4498 | lr=3.00e-04 | wd=0.0166 | mom=0.9500 | T=11.8 k=3.8 (mu_rec=8 mu_bwd=4) | grad=0.995 | tok/s=22,394 | tokens=4.17B
step=127320 | loss=3.6491 | lr=3.00e-04 | wd=0.0166 | mom=0.9500 | T=7.5 k=4.0 (mu_rec=8 mu_bwd=4) | grad=0.884 | tok/s=23,273 | tokens=4.17B
step=127330 | loss=3.1549 | lr=3.00e-04 | wd=0.0166 | mom=0.9500 | T=18.0 k=4.0 (mu_rec=8 mu_bwd=4) | grad=0.919 | tok/s=21,729 | tokens=4.17B
step=127340 | loss=3.2704 | lr=3.00e-04 | wd=0.0165 | mom=0.9500 | T=9.2 k=4.0 (mu_rec=8 mu_bwd=4) | grad=1.098 | tok/s=24,827 | tokens=4.17B
step=127350 | loss=3.3506 | lr=3.00e-04 | wd=0.0165 | mom=0.9500 | T=2.5 k=2.5 (mu_rec=8 mu_bwd=4) | grad=1.075 | tok/s=23,969 | tokens=4.17B
step=127360 | loss=3.1020 | lr=3.00e-04 | wd=0.0165 | mom=0.9500 | T=10.2 k=4.0 (mu_rec=8 mu_bwd=4) | grad=0.967 | tok/s=25,776 | tokens=4.17B
step=127370 | loss=2.9952 | lr=3.00e-04 | wd=0.0165 | mom=0.9500 | T=6.5 k=4.0 (mu_rec=8 mu_bwd=4) | grad=0.825 | tok/s=23,840 | tokens=4.17B
step=127380 | loss=2.7359 | lr=3.00e-04 | wd=0.0165 | mom=0.9500 | T=8.8 k=4.0 (mu_rec=8 mu_bwd=4) | grad=0.863 | tok/s=23,707 | tokens=4.17B
step=127390 | loss=3.3258 | lr=3.00e-04 | wd=0.0165 | mom=0.9500 | T=11.8 k=4.0 (mu_rec=8 mu_bwd=4) | grad=1.676 | tok/s=10,320 | tokens=4.17B
step=127400 | loss=2.9508 | lr=3.00e-04 | wd=0.0165 | mom=0.9500 | T=6.8 k=3.2 (mu_rec=8 mu_bwd=4) | grad=1.048 | tok/s=24,620 | tokens=4.17B
step=127410 | loss=2.5841 | lr=3.00e-04 | wd=0.0165 | mom=0.9500 | T=7.5 k=3.8 (mu_rec=8 mu_bwd=4) | grad=1.056 | tok/s=23,893 | tokens=4.17B
step=127420 | loss=2.9331 | lr=3.00e-04 | wd=0.0165 | mom=0.9500 | T=7.8 k=3.2 (mu_rec=8 mu_bwd=4) | grad=0.939 | tok/s=23,473 | tokens=4.18B
step=127430 | loss=3.0324 | lr=3.00e-04 | wd=0.0165 | mom=0.9500 | T=8.0 k=3.5 (mu_rec=8 mu_bwd=4) | grad=0.825 | tok/s=23,720 | tokens=4.18B
step=127440 | loss=3.2710 | lr=3.00e-04 | wd=0.0165 | mom=0.9500 | T=4.5 k=3.2 (mu_rec=8 mu_bwd=4) | grad=1.249 | tok/s=24,317 | tokens=4.18B
step=127450 | loss=3.1873 | lr=3.00e-04 | wd=0.0165 | mom=0.9500 | T=5.8 k=2.5 (mu_rec=8 mu_bwd=4) | grad=0.930 | tok/s=25,760 | tokens=4.18B
step=127460 | loss=3.0390 | lr=3.00e-04 | wd=0.0165 | mom=0.9500 | T=5.5 k=3.8 (mu_rec=8 mu_bwd=4) | grad=1.083 | tok/s=24,970 | tokens=4.18B
step=127470 | loss=2.9720 | lr=3.00e-04 | wd=0.0165 | mom=0.9500 | T=9.5 k=4.0 (mu_rec=8 mu_bwd=4) | grad=0.775 | tok/s=10,114 | tokens=4.18B
step=127480 | loss=2.7602 | lr=3.00e-04 | wd=0.0165 | mom=0.9500 | T=8.2 k=4.0 (mu_rec=8 mu_bwd=4) | grad=0.804 | tok/s=23,414 | tokens=4.18B
step=127490 | loss=3.0808 | lr=3.00e-04 | wd=0.0164 | mom=0.9500 | T=6.0 k=3.5 (mu_rec=8 mu_bwd=4) | grad=1.721 | tok/s=24,264 | tokens=4.18B
step=127500 | loss=3.1543 | lr=3.00e-04 | wd=0.0164 | mom=0.9500 | T=14.5 k=4.0 (mu_rec=8 mu_bwd=4) | grad=1.049 | tok/s=22,596 | tokens=4.18B
step=127510 | loss=2.9475 | lr=3.00e-04 | wd=0.0164 | mom=0.9500 | T=4.2 k=3.2 (mu_rec=8 mu_bwd=4) | grad=0.818 | tok/s=24,449 | tokens=4.18B
step=127520 | loss=3.3195 | lr=3.00e-04 | wd=0.0164 | mom=0.9500 | T=8.2 k=3.5 (mu_rec=8 mu_bwd=4) | grad=0.845 | tok/s=23,517 | tokens=4.18B
step=127530 | loss=2.9719 | lr=3.00e-04 | wd=0.0164 | mom=0.9500 | T=8.8 k=3.8 (mu_rec=8 mu_bwd=4) | grad=1.233 | tok/s=23,682 | tokens=4.18B
step=127540 | loss=3.1863 | lr=3.00e-04 | wd=0.0164 | mom=0.9500 | T=5.2 k=3.5 (mu_rec=8 mu_bwd=4) | grad=1.066 | tok/s=22,816 | tokens=4.18B
step=127550 | loss=3.0984 | lr=3.00e-04 | wd=0.0164 | mom=0.9500 | T=6.8 k=4.0 (mu_rec=8 mu_bwd=4) | grad=1.628 | tok/s=22,988 | tokens=4.18B
step=127560 | loss=3.4127 | lr=3.00e-04 | wd=0.0164 | mom=0.9500 | T=5.0 k=3.5 (mu_rec=8 mu_bwd=4) | grad=1.729 | tok/s=22,099 | tokens=4.18B
step=127570 | loss=3.2000 | lr=3.00e-04 | wd=0.0164 | mom=0.9500 | T=7.0 k=3.0 (mu_rec=8 mu_bwd=4) | grad=1.294 | tok/s=22,671 | tokens=4.18B
step=127580 | loss=3.2613 | lr=3.00e-04 | wd=0.0164 | mom=0.9500 | T=11.2 k=4.0 (mu_rec=8 mu_bwd=4) | grad=0.855 | tok/s=22,910 | tokens=4.18B
step=127590 | loss=2.9868 | lr=3.00e-04 | wd=0.0164 | mom=0.9500 | T=7.8 k=4.0 (mu_rec=8 mu_bwd=4) | grad=1.197 | tok/s=21,973 | tokens=4.18B
step=127600 | loss=3.3868 | lr=3.00e-04 | wd=0.0164 | mom=0.9500 | T=6.2 k=3.0 (mu_rec=8 mu_bwd=4) | grad=1.260 | tok/s=23,237 | tokens=4.18B
step=127610 | loss=3.4425 | lr=3.00e-04 | wd=0.0164 | mom=0.9500 | T=11.0 k=4.0 (mu_rec=8 mu_bwd=4) | grad=1.033 | tok/s=24,057 | tokens=4.18B
step=127620 | loss=3.1203 | lr=3.00e-04 | wd=0.0164 | mom=0.9500 | T=5.2 k=3.8 (mu_rec=8 mu_bwd=4) | grad=0.808 | tok/s=23,642 | tokens=4.18B
step=127630 | loss=3.0804 | lr=3.00e-04 | wd=0.0164 | mom=0.9500 | T=11.2 k=4.0 (mu_rec=8 mu_bwd=4) | grad=1.192 | tok/s=22,760 | tokens=4.18B
step=127640 | loss=3.2708 | lr=3.00e-04 | wd=0.0164 | mom=0.9500 | T=7.2 k=4.0 (mu_rec=8 mu_bwd=4) | grad=1.240 | tok/s=23,306 | tokens=4.18B
step=127650 | loss=3.2077 | lr=3.00e-04 | wd=0.0163 | mom=0.9500 | T=5.8 k=3.8 (mu_rec=8 mu_bwd=4) | grad=1.597 | tok/s=23,460 | tokens=4.18B
step=127660 | loss=3.2166 | lr=3.00e-04 | wd=0.0163 | mom=0.9500 | T=5.5 k=4.0 (mu_rec=8 mu_bwd=4) | grad=0.873 | tok/s=23,569 | tokens=4.18B
step=127670 | loss=3.3146 | lr=3.00e-04 | wd=0.0163 | mom=0.9500 | T=10.8 k=4.0 (mu_rec=8 mu_bwd=4) | grad=6.687 | tok/s=23,570 | tokens=4.18B
step=127680 | loss=3.0815 | lr=3.00e-04 | wd=0.0163 | mom=0.9500 | T=14.0 k=4.0 (mu_rec=8 mu_bwd=4) | grad=0.926 | tok/s=21,888 | tokens=4.18B
step=127690 | loss=3.0765 | lr=3.00e-04 | wd=0.0163 | mom=0.9500 | T=8.5 k=4.0 (mu_rec=8 mu_bwd=4) | grad=0.858 | tok/s=23,170 | tokens=4.18B
step=127700 | loss=3.1841 | lr=3.00e-04 | wd=0.0163 | mom=0.9500 | T=8.2 k=3.8 (mu_rec=8 mu_bwd=4) | grad=0.942 | tok/s=23,614 | tokens=4.18B
step=127710 | loss=3.3471 | lr=3.00e-04 | wd=0.0163 | mom=0.9500 | T=7.2 k=3.8 (mu_rec=8 mu_bwd=4) | grad=1.509 | tok/s=23,179 | tokens=4.18B
step=127720 | loss=3.2193 | lr=3.00e-04 | wd=0.0163 | mom=0.9500 | T=9.2 k=4.0 (mu_rec=8 mu_bwd=4) | grad=1.521 | tok/s=24,926 | tokens=4.19B
step=127730 | loss=3.1742 | lr=3.00e-04 | wd=0.0163 | mom=0.9500 | T=14.2 k=4.0 (mu_rec=8 mu_bwd=4) | grad=0.881 | tok/s=21,540 | tokens=4.19B
step=127740 | loss=2.8606 | lr=3.00e-04 | wd=0.0163 | mom=0.9500 | T=6.0 k=3.2 (mu_rec=8 mu_bwd=4) | grad=0.931 | tok/s=24,611 | tokens=4.19B
step=127750 | loss=3.2036 | lr=3.00e-04 | wd=0.0163 | mom=0.9500 | T=11.5 k=4.0 (mu_rec=8 mu_bwd=4) | grad=1.335 | tok/s=23,575 | tokens=4.19B
step=127760 | loss=3.3724 | lr=3.00e-04 | wd=0.0163 | mom=0.9500 | T=3.0 k=2.2 (mu_rec=8 mu_bwd=4) | grad=1.257 | tok/s=26,035 | tokens=4.19B
step=127770 | loss=3.1461 | lr=3.00e-04 | wd=0.0163 | mom=0.9500 | T=8.0 k=4.0 (mu_rec=8 mu_bwd=4) | grad=1.236 | tok/s=22,449 | tokens=4.19B
step=127780 | loss=3.1169 | lr=3.00e-04 | wd=0.0163 | mom=0.9500 | T=13.5 k=4.0 (mu_rec=8 mu_bwd=4) | grad=1.079 | tok/s=23,694 | tokens=4.19B
step=127790 | loss=3.0473 | lr=3.00e-04 | wd=0.0163 | mom=0.9500 | T=10.0 k=4.0 (mu_rec=8 mu_bwd=4) | grad=0.983 | tok/s=23,950 | tokens=4.19B
step=127800 | loss=3.1294 | lr=3.00e-04 | wd=0.0162 | mom=0.9500 | T=15.2 k=4.0 (mu_rec=8 mu_bwd=4) | grad=0.836 | tok/s=21,762 | tokens=4.19B
step=127810 | loss=2.9708 | lr=3.00e-04 | wd=0.0162 | mom=0.9500 | T=7.5 k=4.0 (mu_rec=8 mu_bwd=4) | grad=0.841 | tok/s=24,698 | tokens=4.19B
step=127820 | loss=3.1821 | lr=3.00e-04 | wd=0.0162 | mom=0.9500 | T=8.5 k=4.0 (mu_rec=8 mu_bwd=4) | grad=0.911 | tok/s=23,948 | tokens=4.19B
step=127830 | loss=3.5627 | lr=3.00e-04 | wd=0.0162 | mom=0.9500 | T=6.8 k=4.0 (mu_rec=8 mu_bwd=4) | grad=1.256 | tok/s=22,158 | tokens=4.19B
step=127840 | loss=3.1861 | lr=3.00e-04 | wd=0.0162 | mom=0.9500 | T=9.5 k=4.0 (mu_rec=8 mu_bwd=4) | grad=1.193 | tok/s=23,593 | tokens=4.19B
step=127850 | loss=3.0071 | lr=3.00e-04 | wd=0.0162 | mom=0.9500 | T=6.0 k=3.0 (mu_rec=8 mu_bwd=4) | grad=0.956 | tok/s=22,808 | tokens=4.19B
step=127860 | loss=3.1616 | lr=3.00e-04 | wd=0.0162 | mom=0.9500 | T=4.2 k=3.5 (mu_rec=8 mu_bwd=4) | grad=1.077 | tok/s=22,412 | tokens=4.19B
step=127870 | loss=3.3312 | lr=3.00e-04 | wd=0.0162 | mom=0.9500 | T=12.8 k=4.0 (mu_rec=8 mu_bwd=4) | grad=1.130 | tok/s=22,616 | tokens=4.19B
step=127880 | loss=3.0472 | lr=3.00e-04 | wd=0.0162 | mom=0.9500 | T=6.8 k=3.5 (mu_rec=8 mu_bwd=4) | grad=2.048 | tok/s=23,445 | tokens=4.19B
step=127890 | loss=3.0439 | lr=3.00e-04 | wd=0.0162 | mom=0.9500 | T=9.5 k=4.0 (mu_rec=8 mu_bwd=4) | grad=0.828 | tok/s=23,233 | tokens=4.19B
step=127900 | loss=2.9617 | lr=3.00e-04 | wd=0.0162 | mom=0.9500 | T=7.2 k=3.0 (mu_rec=8 mu_bwd=4) | grad=1.200 | tok/s=23,398 | tokens=4.19B
step=127910 | loss=3.1452 | lr=3.00e-04 | wd=0.0162 | mom=0.9500 | T=9.5 k=4.0 (mu_rec=8 mu_bwd=4) | grad=1.505 | tok/s=23,338 | tokens=4.19B
step=127920 | loss=3.3201 | lr=3.00e-04 | wd=0.0162 | mom=0.9500 | T=4.0 k=3.2 (mu_rec=8 mu_bwd=4) | grad=1.103 | tok/s=23,429 | tokens=4.19B
step=127930 | loss=2.9501 | lr=3.00e-04 | wd=0.0162 | mom=0.9500 | T=6.0 k=3.5 (mu_rec=8 mu_bwd=4) | grad=1.095 | tok/s=22,308 | tokens=4.19B
step=127940 | loss=3.0909 | lr=3.00e-04 | wd=0.0162 | mom=0.9500 | T=10.5 k=4.0 (mu_rec=8 mu_bwd=4) | grad=0.885 | tok/s=22,537 | tokens=4.19B
step=127950 | loss=3.2394 | lr=3.00e-04 | wd=0.0161 | mom=0.9500 | T=6.8 k=2.8 (mu_rec=8 mu_bwd=4) | grad=1.278 | tok/s=22,271 | tokens=4.19B
step=127960 | loss=3.1299 | lr=3.00e-04 | wd=0.0161 | mom=0.9500 | T=7.8 k=4.0 (mu_rec=8 mu_bwd=4) | grad=0.959 | tok/s=24,015 | tokens=4.19B
step=127970 | loss=3.1664 | lr=3.00e-04 | wd=0.0161 | mom=0.9500 | T=2.8 k=2.8 (mu_rec=8 mu_bwd=4) | grad=1.094 | tok/s=25,301 | tokens=4.19B
step=127980 | loss=3.0482 | lr=3.00e-04 | wd=0.0161 | mom=0.9500 | T=8.5 k=4.0 (mu_rec=8 mu_bwd=4) | grad=1.008 | tok/s=22,248 | tokens=4.19B
step=127990 | loss=3.4846 | lr=3.00e-04 | wd=0.0161 | mom=0.9500 | T=5.5 k=3.5 (mu_rec=8 mu_bwd=4) | grad=0.981 | tok/s=24,735 | tokens=4.19B
step=128000 | loss=3.1378 | lr=3.00e-04 | wd=0.0161 | mom=0.9500 | T=6.8 k=4.0 (mu_rec=8 mu_bwd=4) | grad=1.052 | tok/s=23,970 | tokens=4.19B
[step 128000] Saved -> runs/cortex-5b-k4/checkpoint_0128000
[step 128000] Pruned -> runs/cortex-5b-k4/checkpoint_0122000
step=128010 | loss=3.1194 | lr=3.00e-04 | wd=0.0161 | mom=0.9500 | T=6.8 k=4.0 (mu_rec=8 mu_bwd=4) | grad=0.896 | tok/s=20,999 | tokens=4.19B
step=128020 | loss=2.7764 | lr=3.00e-04 | wd=0.0161 | mom=0.9500 | T=9.5 k=3.5 (mu_rec=8 mu_bwd=4) | grad=0.859 | tok/s=23,081 | tokens=4.19B
step=128030 | loss=2.8934 | lr=3.00e-04 | wd=0.0161 | mom=0.9500 | T=5.8 k=4.0 (mu_rec=8 mu_bwd=4) | grad=1.233 | tok/s=25,383 | tokens=4.20B
step=128040 | loss=3.4861 | lr=3.00e-04 | wd=0.0161 | mom=0.9500 | T=7.8 k=3.8 (mu_rec=8 mu_bwd=4) | grad=2.045 | tok/s=23,100 | tokens=4.20B
step=128050 | loss=2.9846 | lr=3.00e-04 | wd=0.0161 | mom=0.9500 | T=13.8 k=4.0 (mu_rec=8 mu_bwd=4) | grad=1.481 | tok/s=22,396 | tokens=4.20B
step=128060 | loss=3.2706 | lr=3.00e-04 | wd=0.0161 | mom=0.9500 | T=5.2 k=3.5 (mu_rec=8 mu_bwd=4) | grad=0.859 | tok/s=23,462 | tokens=4.20B
step=128070 | loss=3.1120 | lr=3.00e-04 | wd=0.0161 | mom=0.9500 | T=8.5 k=3.8 (mu_rec=8 mu_bwd=4) | grad=0.904 | tok/s=23,372 | tokens=4.20B
step=128080 | loss=3.0483 | lr=3.00e-04 | wd=0.0161 | mom=0.9500 | T=10.0 k=4.0 (mu_rec=8 mu_bwd=4) | grad=1.325 | tok/s=22,744 | tokens=4.20B
step=128090 | loss=3.1158 | lr=3.00e-04 | wd=0.0161 | mom=0.9500 | T=6.8 k=4.0 (mu_rec=8 mu_bwd=4) | grad=1.472 | tok/s=24,128 | tokens=4.20B
step=128100 | loss=2.7940 | lr=3.00e-04 | wd=0.0160 | mom=0.9500 | T=10.0 k=3.8 (mu_rec=8 mu_bwd=4) | grad=1.153 | tok/s=23,966 | tokens=4.20B
step=128110 | loss=2.8416 | lr=3.00e-04 | wd=0.0160 | mom=0.9500 | T=9.8 k=4.0 (mu_rec=8 mu_bwd=4) | grad=0.772 | tok/s=21,894 | tokens=4.20B
step=128120 | loss=3.3104 | lr=3.00e-04 | wd=0.0160 | mom=0.9500 | T=8.2 k=3.8 (mu_rec=8 mu_bwd=4) | grad=1.202 | tok/s=24,252 | tokens=4.20B
step=128130 | loss=3.2522 | lr=3.00e-04 | wd=0.0160 | mom=0.9500 | T=7.2 k=4.0 (mu_rec=8 mu_bwd=4) | grad=1.362 | tok/s=23,972 | tokens=4.20B
step=128140 | loss=3.1101 | lr=3.00e-04 | wd=0.0160 | mom=0.9500 | T=7.8 k=3.5 (mu_rec=8 mu_bwd=4) | grad=1.141 | tok/s=22,257 | tokens=4.20B
step=128150 | loss=3.6646 | lr=3.00e-04 | wd=0.0160 | mom=0.9500 | T=6.0 k=3.5 (mu_rec=8 mu_bwd=4) | grad=1.168 | tok/s=25,225 | tokens=4.20B
step=128160 | loss=3.1864 | lr=3.00e-04 | wd=0.0160 | mom=0.9500 | T=7.8 k=4.0 (mu_rec=8 mu_bwd=4) | grad=2.571 | tok/s=24,274 | tokens=4.20B
step=128170 | loss=3.1785 | lr=3.00e-04 | wd=0.0160 | mom=0.9500 | T=6.0 k=3.5 (mu_rec=8 mu_bwd=4) | grad=0.932 | tok/s=25,615 | tokens=4.20B
step=128180 | loss=3.1434 | lr=3.00e-04 | wd=0.0160 | mom=0.9500 | T=7.8 k=3.8 (mu_rec=8 mu_bwd=4) | grad=0.943 | tok/s=23,824 | tokens=4.20B
step=128190 | loss=3.1602 | lr=3.00e-04 | wd=0.0160 | mom=0.9500 | T=6.0 k=3.8 (mu_rec=8 mu_bwd=4) | grad=2.089 | tok/s=24,079 | tokens=4.20B
step=128200 | loss=3.0867 | lr=3.00e-04 | wd=0.0160 | mom=0.9500 | T=8.5 k=4.0 (mu_rec=8 mu_bwd=4) | grad=0.984 | tok/s=24,251 | tokens=4.20B
step=128210 | loss=3.5958 | lr=3.00e-04 | wd=0.0160 | mom=0.9500 | T=14.2 k=4.0 (mu_rec=8 mu_bwd=4) | grad=2.769 | tok/s=23,015 | tokens=4.20B
step=128220 | loss=3.2834 | lr=3.00e-04 | wd=0.0160 | mom=0.9500 | T=6.0 k=3.8 (mu_rec=8 mu_bwd=4) | grad=0.887 | tok/s=23,697 | tokens=4.20B
step=128230 | loss=3.1041 | lr=3.00e-04 | wd=0.0160 | mom=0.9500 | T=7.2 k=4.0 (mu_rec=8 mu_bwd=4) | grad=0.920 | tok/s=25,957 | tokens=4.20B
step=128240 | loss=2.9704 | lr=3.00e-04 | wd=0.0160 | mom=0.9500 | T=11.0 k=3.2 (mu_rec=8 mu_bwd=4) | grad=1.040 | tok/s=22,754 | tokens=4.20B
step=128250 | loss=3.4025 | lr=3.00e-04 | wd=0.0160 | mom=0.9500 | T=12.8 k=4.0 (mu_rec=8 mu_bwd=4) | grad=0.964 | tok/s=23,761 | tokens=4.20B
step=128260 | loss=3.2544 | lr=3.00e-04 | wd=0.0159 | mom=0.9500 | T=10.2 k=4.0 (mu_rec=8 mu_bwd=4) | grad=0.931 | tok/s=23,697 | tokens=4.20B
step=128270 | loss=2.9842 | lr=3.00e-04 | wd=0.0159 | mom=0.9500 | T=6.0 k=3.2 (mu_rec=8 mu_bwd=4) | grad=0.991 | tok/s=9,704 | tokens=4.20B
step=128280 | loss=3.2003 | lr=3.00e-04 | wd=0.0159 | mom=0.9500 | T=9.8 k=4.0 (mu_rec=8 mu_bwd=4) | grad=0.977 | tok/s=22,674 | tokens=4.20B
step=128290 | loss=2.9506 | lr=3.00e-04 | wd=0.0159 | mom=0.9500 | T=8.8 k=3.5 (mu_rec=8 mu_bwd=4) | grad=0.789 | tok/s=22,854 | tokens=4.20B
step=128300 | loss=2.7092 | lr=3.00e-04 | wd=0.0159 | mom=0.9500 | T=11.5 k=4.0 (mu_rec=8 mu_bwd=4) | grad=1.203 | tok/s=23,455 | tokens=4.20B
step=128310 | loss=3.2287 | lr=3.00e-04 | wd=0.0159 | mom=0.9500 | T=4.8 k=3.5 (mu_rec=8 mu_bwd=4) | grad=1.053 | tok/s=24,834 | tokens=4.20B
step=128320 | loss=2.7534 | lr=3.00e-04 | wd=0.0159 | mom=0.9500 | T=5.2 k=3.8 (mu_rec=8 mu_bwd=4) | grad=1.416 | tok/s=23,467 | tokens=4.20B
step=128330 | loss=3.0843 | lr=3.00e-04 | wd=0.0159 | mom=0.9500 | T=6.8 k=3.5 (mu_rec=8 mu_bwd=4) | grad=1.133 | tok/s=22,923 | tokens=4.21B
step=128340 | loss=3.2237 | lr=3.00e-04 | wd=0.0159 | mom=0.9500 | T=4.8 k=4.0 (mu_rec=8 mu_bwd=4) | grad=0.793 | tok/s=23,954 | tokens=4.21B
step=128350 | loss=3.0430 | lr=3.00e-04 | wd=0.0159 | mom=0.9500 | T=8.8 k=4.0 (mu_rec=8 mu_bwd=4) | grad=1.072 | tok/s=22,319 | tokens=4.21B
step=128360 | loss=3.1793 | lr=3.00e-04 | wd=0.0159 | mom=0.9500 | T=14.8 k=4.0 (mu_rec=8 mu_bwd=4) | grad=0.844 | tok/s=23,626 | tokens=4.21B
step=128370 | loss=2.9860 | lr=3.00e-04 | wd=0.0159 | mom=0.9500 | T=8.2 k=4.0 (mu_rec=8 mu_bwd=4) | grad=1.555 | tok/s=22,697 | tokens=4.21B
step=128380 | loss=3.1710 | lr=3.00e-04 | wd=0.0159 | mom=0.9500 | T=4.2 k=3.0 (mu_rec=8 mu_bwd=4) | grad=0.848 | tok/s=24,159 | tokens=4.21B
step=128390 | loss=3.0970 | lr=3.00e-04 | wd=0.0159 | mom=0.9500 | T=7.2 k=3.8 (mu_rec=8 mu_bwd=4) | grad=0.910 | tok/s=23,833 | tokens=4.21B
step=128400 | loss=3.1723 | lr=3.00e-04 | wd=0.0159 | mom=0.9500 | T=7.5 k=3.0 (mu_rec=8 mu_bwd=4) | grad=0.873 | tok/s=24,299 | tokens=4.21B
step=128410 | loss=3.0794 | lr=3.00e-04 | wd=0.0158 | mom=0.9500 | T=8.0 k=3.0 (mu_rec=8 mu_bwd=4) | grad=1.485 | tok/s=9,057 | tokens=4.21B
step=128420 | loss=3.2627 | lr=3.00e-04 | wd=0.0158 | mom=0.9500 | T=7.2 k=3.8 (mu_rec=8 mu_bwd=4) | grad=1.244 | tok/s=23,353 | tokens=4.21B
step=128430 | loss=2.9617 | lr=3.00e-04 | wd=0.0158 | mom=0.9500 | T=9.2 k=3.0 (mu_rec=8 mu_bwd=4) | grad=1.641 | tok/s=23,856 | tokens=4.21B
step=128440 | loss=3.3340 | lr=3.00e-04 | wd=0.0158 | mom=0.9500 | T=5.8 k=3.5 (mu_rec=8 mu_bwd=4) | grad=0.986 | tok/s=24,468 | tokens=4.21B
step=128450 | loss=3.3353 | lr=3.00e-04 | wd=0.0158 | mom=0.9500 | T=6.2 k=3.8 (mu_rec=8 mu_bwd=4) | grad=1.249 | tok/s=25,944 | tokens=4.21B
step=128460 | loss=3.0720 | lr=3.00e-04 | wd=0.0158 | mom=0.9500 | T=5.5 k=3.5 (mu_rec=8 mu_bwd=4) | grad=0.889 | tok/s=24,318 | tokens=4.21B
step=128470 | loss=2.9184 | lr=3.00e-04 | wd=0.0158 | mom=0.9500 | T=6.5 k=3.5 (mu_rec=8 mu_bwd=4) | grad=1.233 | tok/s=24,178 | tokens=4.21B
step=128480 | loss=3.1007 | lr=3.00e-04 | wd=0.0158 | mom=0.9500 | T=6.2 k=3.8 (mu_rec=8 mu_bwd=4) | grad=0.795 | tok/s=23,196 | tokens=4.21B
step=128490 | loss=2.9933 | lr=3.00e-04 | wd=0.0158 | mom=0.9500 | T=12.5 k=4.0 (mu_rec=8 mu_bwd=4) | grad=0.764 | tok/s=23,586 | tokens=4.21B
step=128500 | loss=2.8958 | lr=3.00e-04 | wd=0.0158 | mom=0.9500 | T=6.5 k=2.8 (mu_rec=8 mu_bwd=4) | grad=1.181 | tok/s=24,024 | tokens=4.21B
step=128510 | loss=3.3777 | lr=3.00e-04 | wd=0.0158 | mom=0.9500 | T=2.8 k=2.5 (mu_rec=8 mu_bwd=4) | grad=1.158 | tok/s=23,677 | tokens=4.21B
step=128520 | loss=3.1665 | lr=3.00e-04 | wd=0.0158 | mom=0.9500 | T=7.5 k=4.0 (mu_rec=8 mu_bwd=4) | grad=0.861 | tok/s=24,411 | tokens=4.21B
step=128530 | loss=2.7148 | lr=3.00e-04 | wd=0.0158 | mom=0.9500 | T=11.8 k=3.5 (mu_rec=8 mu_bwd=4) | grad=2.205 | tok/s=21,576 | tokens=4.21B
step=128540 | loss=3.5845 | lr=3.00e-04 | wd=0.0158 | mom=0.9500 | T=7.2 k=3.5 (mu_rec=8 mu_bwd=4) | grad=1.411 | tok/s=24,624 | tokens=4.21B
step=128550 | loss=3.7564 | lr=3.00e-04 | wd=0.0158 | mom=0.9500 | T=9.2 k=3.8 (mu_rec=8 mu_bwd=4) | grad=1.062 | tok/s=23,268 | tokens=4.21B
step=128560 | loss=3.3328 | lr=3.00e-04 | wd=0.0157 | mom=0.9500 | T=8.0 k=4.0 (mu_rec=8 mu_bwd=4) | grad=1.306 | tok/s=22,574 | tokens=4.21B
step=128570 | loss=3.1528 | lr=3.00e-04 | wd=0.0157 | mom=0.9500 | T=9.5 k=4.0 (mu_rec=8 mu_bwd=4) | grad=0.782 | tok/s=22,099 | tokens=4.21B
step=128580 | loss=3.1616 | lr=3.00e-04 | wd=0.0157 | mom=0.9500 | T=5.0 k=3.0 (mu_rec=8 mu_bwd=4) | grad=1.141 | tok/s=23,835 | tokens=4.21B
step=128590 | loss=3.0717 | lr=3.00e-04 | wd=0.0157 | mom=0.9500 | T=6.5 k=3.2 (mu_rec=8 mu_bwd=4) | grad=0.892 | tok/s=24,989 | tokens=4.21B
step=128600 | loss=3.6122 | lr=3.00e-04 | wd=0.0157 | mom=0.9500 | T=7.5 k=3.8 (mu_rec=8 mu_bwd=4) | grad=3.640 | tok/s=22,802 | tokens=4.21B
step=128610 | loss=3.2481 | lr=3.00e-04 | wd=0.0157 | mom=0.9500 | T=9.5 k=4.0 (mu_rec=8 mu_bwd=4) | grad=1.049 | tok/s=23,160 | tokens=4.21B
step=128620 | loss=2.8643 | lr=3.00e-04 | wd=0.0157 | mom=0.9500 | T=7.5 k=3.5 (mu_rec=8 mu_bwd=4) | grad=1.087 | tok/s=24,570 | tokens=4.21B
step=128630 | loss=3.0616 | lr=3.00e-04 | wd=0.0157 | mom=0.9500 | T=8.5 k=3.8 (mu_rec=8 mu_bwd=4) | grad=1.080 | tok/s=21,784 | tokens=4.21B
step=128640 | loss=3.6628 | lr=3.00e-04 | wd=0.0157 | mom=0.9500 | T=7.0 k=4.0 (mu_rec=8 mu_bwd=4) | grad=3.533 | tok/s=23,542 | tokens=4.22B
step=128650 | loss=3.1667 | lr=3.00e-04 | wd=0.0157 | mom=0.9500 | T=9.8 k=4.0 (mu_rec=8 mu_bwd=4) | grad=1.155 | tok/s=24,022 | tokens=4.22B
step=128660 | loss=3.2826 | lr=3.00e-04 | wd=0.0157 | mom=0.9500 | T=5.8 k=4.0 (mu_rec=8 mu_bwd=4) | grad=1.687 | tok/s=24,135 | tokens=4.22B
step=128670 | loss=3.1953 | lr=3.00e-04 | wd=0.0157 | mom=0.9500 | T=8.8 k=4.0 (mu_rec=8 mu_bwd=4) | grad=0.824 | tok/s=23,488 | tokens=4.22B
step=128680 | loss=3.5882 | lr=3.00e-04 | wd=0.0157 | mom=0.9500 | T=12.0 k=4.0 (mu_rec=8 mu_bwd=4) | grad=0.832 | tok/s=23,380 | tokens=4.22B
step=128690 | loss=3.1199 | lr=3.00e-04 | wd=0.0157 | mom=0.9500 | T=9.5 k=4.0 (mu_rec=8 mu_bwd=4) | grad=1.183 | tok/s=21,278 | tokens=4.22B
step=128700 | loss=3.2538 | lr=3.00e-04 | wd=0.0157 | mom=0.9500 | T=4.2 k=3.2 (mu_rec=8 mu_bwd=4) | grad=1.496 | tok/s=24,288 | tokens=4.22B
step=128710 | loss=2.9112 | lr=3.00e-04 | wd=0.0156 | mom=0.9500 | T=8.5 k=3.5 (mu_rec=8 mu_bwd=4) | grad=1.052 | tok/s=24,860 | tokens=4.22B
step=128720 | loss=3.0883 | lr=3.00e-04 | wd=0.0156 | mom=0.9500 | T=9.2 k=3.8 (mu_rec=8 mu_bwd=4) | grad=1.192 | tok/s=22,440 | tokens=4.22B
step=128730 | loss=3.1783 | lr=3.00e-04 | wd=0.0156 | mom=0.9500 | T=6.2 k=3.8 (mu_rec=8 mu_bwd=4) | grad=1.460 | tok/s=23,365 | tokens=4.22B
step=128740 | loss=3.0164 | lr=3.00e-04 | wd=0.0156 | mom=0.9500 | T=13.5 k=4.0 (mu_rec=8 mu_bwd=4) | grad=0.916 | tok/s=22,362 | tokens=4.22B
step=128750 | loss=3.0576 | lr=3.00e-04 | wd=0.0156 | mom=0.9500 | T=9.8 k=4.0 (mu_rec=8 mu_bwd=4) | grad=0.834 | tok/s=23,966 | tokens=4.22B
step=128760 | loss=3.2992 | lr=3.00e-04 | wd=0.0156 | mom=0.9500 | T=4.5 k=3.0 (mu_rec=8 mu_bwd=4) | grad=1.286 | tok/s=24,264 | tokens=4.22B
step=128770 | loss=3.2286 | lr=3.00e-04 | wd=0.0156 | mom=0.9500 | T=6.8 k=3.8 (mu_rec=8 mu_bwd=4) | grad=1.547 | tok/s=23,777 | tokens=4.22B
step=128780 | loss=3.5756 | lr=3.00e-04 | wd=0.0156 | mom=0.9500 | T=14.8 k=4.0 (mu_rec=8 mu_bwd=4) | grad=1.002 | tok/s=22,348 | tokens=4.22B
step=128790 | loss=3.0747 | lr=3.00e-04 | wd=0.0156 | mom=0.9500 | T=15.0 k=4.0 (mu_rec=8 mu_bwd=4) | grad=1.390 | tok/s=23,311 | tokens=4.22B
step=128800 | loss=3.1342 | lr=3.00e-04 | wd=0.0156 | mom=0.9500 | T=9.0 k=3.2 (mu_rec=8 mu_bwd=4) | grad=1.030 | tok/s=23,391 | tokens=4.22B
step=128810 | loss=2.8676 | lr=3.00e-04 | wd=0.0156 | mom=0.9500 | T=11.2 k=4.0 (mu_rec=8 mu_bwd=4) | grad=0.842 | tok/s=26,325 | tokens=4.22B
step=128820 | loss=2.9987 | lr=3.00e-04 | wd=0.0156 | mom=0.9500 | T=5.2 k=2.8 (mu_rec=8 mu_bwd=4) | grad=0.961 | tok/s=26,364 | tokens=4.22B
step=128830 | loss=3.0178 | lr=3.00e-04 | wd=0.0156 | mom=0.9500 | T=11.0 k=4.0 (mu_rec=8 mu_bwd=4) | grad=1.236 | tok/s=23,929 | tokens=4.22B
step=128840 | loss=3.0047 | lr=3.00e-04 | wd=0.0156 | mom=0.9500 | T=6.2 k=4.0 (mu_rec=8 mu_bwd=4) | grad=0.803 | tok/s=24,105 | tokens=4.22B
step=128850 | loss=2.9335 | lr=3.00e-04 | wd=0.0156 | mom=0.9500 | T=8.2 k=3.8 (mu_rec=8 mu_bwd=4) | grad=1.258 | tok/s=21,980 | tokens=4.22B
step=128860 | loss=3.1003 | lr=3.00e-04 | wd=0.0156 | mom=0.9500 | T=4.8 k=3.5 (mu_rec=8 mu_bwd=4) | grad=1.715 | tok/s=21,540 | tokens=4.22B
step=128870 | loss=3.3193 | lr=3.00e-04 | wd=0.0155 | mom=0.9500 | T=12.5 k=4.0 (mu_rec=8 mu_bwd=4) | grad=1.337 | tok/s=22,255 | tokens=4.22B
step=128880 | loss=3.1564 | lr=3.00e-04 | wd=0.0155 | mom=0.9500 | T=9.2 k=4.0 (mu_rec=8 mu_bwd=4) | grad=0.910 | tok/s=23,636 | tokens=4.22B
step=128890 | loss=3.1195 | lr=3.00e-04 | wd=0.0155 | mom=0.9500 | T=6.0 k=4.0 (mu_rec=8 mu_bwd=4) | grad=0.880 | tok/s=26,327 | tokens=4.22B
step=128900 | loss=3.1253 | lr=3.00e-04 | wd=0.0155 | mom=0.9500 | T=7.5 k=4.0 (mu_rec=8 mu_bwd=4) | grad=1.050 | tok/s=24,218 | tokens=4.22B
step=128910 | loss=3.2159 | lr=3.00e-04 | wd=0.0155 | mom=0.9500 | T=7.0 k=4.0 (mu_rec=8 mu_bwd=4) | grad=1.030 | tok/s=22,465 | tokens=4.22B
step=128920 | loss=3.2162 | lr=3.00e-04 | wd=0.0155 | mom=0.9500 | T=7.0 k=3.2 (mu_rec=8 mu_bwd=4) | grad=0.777 | tok/s=24,790 | tokens=4.22B
step=128930 | loss=3.1335 | lr=3.00e-04 | wd=0.0155 | mom=0.9500 | T=7.8 k=3.8 (mu_rec=8 mu_bwd=4) | grad=1.040 | tok/s=23,949 | tokens=4.22B
step=128940 | loss=3.1929 | lr=3.00e-04 | wd=0.0155 | mom=0.9500 | T=13.5 k=4.0 (mu_rec=8 mu_bwd=4) | grad=1.748 | tok/s=22,554 | tokens=4.23B
step=128950 | loss=3.1791 | lr=3.00e-04 | wd=0.0155 | mom=0.9500 | T=5.5 k=3.2 (mu_rec=8 mu_bwd=4) | grad=1.002 | tok/s=22,707 | tokens=4.23B
step=128960 | loss=2.9015 | lr=3.00e-04 | wd=0.0155 | mom=0.9500 | T=11.5 k=4.0 (mu_rec=8 mu_bwd=4) | grad=1.177 | tok/s=23,494 | tokens=4.23B
step=128970 | loss=3.1072 | lr=3.00e-04 | wd=0.0155 | mom=0.9500 | T=7.5 k=4.0 (mu_rec=8 mu_bwd=4) | grad=1.208 | tok/s=24,367 | tokens=4.23B
step=128980 | loss=3.0665 | lr=3.00e-04 | wd=0.0155 | mom=0.9500 | T=7.0 k=4.0 (mu_rec=8 mu_bwd=4) | grad=1.783 | tok/s=23,357 | tokens=4.23B
step=128990 | loss=3.1259 | lr=3.00e-04 | wd=0.0155 | mom=0.9500 | T=8.2 k=3.5 (mu_rec=8 mu_bwd=4) | grad=0.979 | tok/s=25,117 | tokens=4.23B
step=129000 | loss=2.9632 | lr=3.00e-04 | wd=0.0155 | mom=0.9500 | T=8.8 k=4.0 (mu_rec=8 mu_bwd=4) | grad=1.070 | tok/s=23,465 | tokens=4.23B
step=129010 | loss=3.2485 | lr=3.00e-04 | wd=0.0155 | mom=0.9500 | T=6.2 k=3.8 (mu_rec=8 mu_bwd=4) | grad=1.703 | tok/s=21,888 | tokens=4.23B
step=129020 | loss=3.1530 | lr=3.00e-04 | wd=0.0154 | mom=0.9500 | T=5.8 k=4.0 (mu_rec=8 mu_bwd=4) | grad=1.120 | tok/s=24,224 | tokens=4.23B
step=129030 | loss=3.2472 | lr=3.00e-04 | wd=0.0154 | mom=0.9500 | T=6.2 k=4.0 (mu_rec=8 mu_bwd=4) | grad=0.916 | tok/s=23,041 | tokens=4.23B
step=129040 | loss=3.1194 | lr=3.00e-04 | wd=0.0154 | mom=0.9500 | T=9.5 k=4.0 (mu_rec=8 mu_bwd=4) | grad=1.553 | tok/s=23,803 | tokens=4.23B
step=129050 | loss=3.3432 | lr=3.00e-04 | wd=0.0154 | mom=0.9500 | T=8.2 k=4.0 (mu_rec=8 mu_bwd=4) | grad=1.771 | tok/s=24,519 | tokens=4.23B
step=129060 | loss=2.9417 | lr=3.00e-04 | wd=0.0154 | mom=0.9500 | T=8.2 k=4.0 (mu_rec=8 mu_bwd=4) | grad=1.033 | tok/s=23,959 | tokens=4.23B
step=129070 | loss=2.9824 | lr=3.00e-04 | wd=0.0154 | mom=0.9500 | T=4.2 k=3.2 (mu_rec=8 mu_bwd=4) | grad=1.076 | tok/s=23,488 | tokens=4.23B
step=129080 | loss=3.4130 | lr=3.00e-04 | wd=0.0154 | mom=0.9500 | T=8.8 k=4.0 (mu_rec=8 mu_bwd=4) | grad=0.901 | tok/s=24,258 | tokens=4.23B
step=129090 | loss=3.1010 | lr=3.00e-04 | wd=0.0154 | mom=0.9500 | T=11.5 k=4.0 (mu_rec=8 mu_bwd=4) | grad=0.816 | tok/s=25,321 | tokens=4.23B
step=129100 | loss=2.7165 | lr=3.00e-04 | wd=0.0154 | mom=0.9500 | T=13.5 k=4.0 (mu_rec=8 mu_bwd=4) | grad=0.888 | tok/s=22,401 | tokens=4.23B
step=129110 | loss=2.8806 | lr=3.00e-04 | wd=0.0154 | mom=0.9500 | T=8.5 k=3.5 (mu_rec=8 mu_bwd=4) | grad=1.179 | tok/s=22,719 | tokens=4.23B
step=129120 | loss=3.2842 | lr=3.00e-04 | wd=0.0154 | mom=0.9500 | T=7.8 k=4.0 (mu_rec=8 mu_bwd=4) | grad=3.321 | tok/s=24,297 | tokens=4.23B
step=129130 | loss=3.2749 | lr=3.00e-04 | wd=0.0154 | mom=0.9500 | T=5.2 k=3.8 (mu_rec=8 mu_bwd=4) | grad=1.428 | tok/s=23,006 | tokens=4.23B
step=129140 | loss=3.0633 | lr=3.00e-04 | wd=0.0154 | mom=0.9500 | T=3.5 k=3.0 (mu_rec=8 mu_bwd=4) | grad=0.950 | tok/s=25,148 | tokens=4.23B
step=129150 | loss=3.2681 | lr=3.00e-04 | wd=0.0154 | mom=0.9500 | T=9.2 k=3.5 (mu_rec=8 mu_bwd=4) | grad=1.177 | tok/s=10,023 | tokens=4.23B
step=129160 | loss=3.0641 | lr=3.00e-04 | wd=0.0154 | mom=0.9500 | T=4.0 k=3.2 (mu_rec=8 mu_bwd=4) | grad=1.239 | tok/s=25,531 | tokens=4.23B
step=129170 | loss=2.9294 | lr=3.00e-04 | wd=0.0153 | mom=0.9500 | T=8.0 k=3.2 (mu_rec=8 mu_bwd=4) | grad=1.022 | tok/s=23,383 | tokens=4.23B
step=129180 | loss=3.2768 | lr=3.00e-04 | wd=0.0153 | mom=0.9500 | T=6.5 k=4.0 (mu_rec=8 mu_bwd=4) | grad=0.922 | tok/s=24,404 | tokens=4.23B
step=129190 | loss=2.9920 | lr=3.00e-04 | wd=0.0153 | mom=0.9500 | T=8.0 k=4.0 (mu_rec=8 mu_bwd=4) | grad=0.964 | tok/s=23,750 | tokens=4.23B
step=129200 | loss=2.9804 | lr=3.00e-04 | wd=0.0153 | mom=0.9500 | T=10.8 k=4.0 (mu_rec=8 mu_bwd=4) | grad=1.087 | tok/s=22,615 | tokens=4.23B
step=129210 | loss=3.0725 | lr=3.00e-04 | wd=0.0153 | mom=0.9500 | T=9.8 k=3.8 (mu_rec=8 mu_bwd=4) | grad=2.286 | tok/s=24,024 | tokens=4.23B
step=129220 | loss=2.7631 | lr=3.00e-04 | wd=0.0153 | mom=0.9500 | T=6.0 k=3.8 (mu_rec=8 mu_bwd=4) | grad=1.359 | tok/s=24,664 | tokens=4.23B
step=129230 | loss=2.4763 | lr=3.00e-04 | wd=0.0153 | mom=0.9500 | T=8.8 k=3.8 (mu_rec=8 mu_bwd=4) | grad=1.009 | tok/s=23,152 | tokens=4.23B
step=129240 | loss=2.5599 | lr=3.00e-04 | wd=0.0153 | mom=0.9500 | T=6.0 k=3.2 (mu_rec=8 mu_bwd=4) | grad=1.098 | tok/s=24,233 | tokens=4.23B
step=129250 | loss=3.0054 | lr=3.00e-04 | wd=0.0153 | mom=0.9500 | T=8.0 k=4.0 (mu_rec=8 mu_bwd=4) | grad=0.919 | tok/s=24,204 | tokens=4.24B
step=129260 | loss=3.2427 | lr=3.00e-04 | wd=0.0153 | mom=0.9500 | T=7.2 k=4.0 (mu_rec=8 mu_bwd=4) | grad=1.712 | tok/s=24,856 | tokens=4.24B
step=129270 | loss=3.1860 | lr=3.00e-04 | wd=0.0153 | mom=0.9500 | T=9.0 k=4.0 (mu_rec=8 mu_bwd=4) | grad=1.489 | tok/s=22,775 | tokens=4.24B
step=129280 | loss=3.1757 | lr=3.00e-04 | wd=0.0153 | mom=0.9500 | T=8.2 k=3.2 (mu_rec=8 mu_bwd=4) | grad=2.562 | tok/s=23,821 | tokens=4.24B
step=129290 | loss=2.9745 | lr=3.00e-04 | wd=0.0153 | mom=0.9500 | T=6.0 k=3.2 (mu_rec=8 mu_bwd=4) | grad=1.906 | tok/s=24,893 | tokens=4.24B
step=129300 | loss=3.3045 | lr=3.00e-04 | wd=0.0153 | mom=0.9500 | T=9.5 k=3.0 (mu_rec=8 mu_bwd=4) | grad=0.890 | tok/s=22,519 | tokens=4.24B
step=129310 | loss=2.6992 | lr=3.00e-04 | wd=0.0153 | mom=0.9500 | T=8.0 k=3.8 (mu_rec=8 mu_bwd=4) | grad=1.257 | tok/s=22,659 | tokens=4.24B
step=129320 | loss=2.8522 | lr=3.00e-04 | wd=0.0152 | mom=0.9500 | T=5.5 k=4.0 (mu_rec=8 mu_bwd=4) | grad=1.008 | tok/s=23,917 | tokens=4.24B
step=129330 | loss=3.0969 | lr=3.00e-04 | wd=0.0152 | mom=0.9500 | T=3.5 k=2.8 (mu_rec=8 mu_bwd=4) | grad=2.520 | tok/s=25,426 | tokens=4.24B
step=129340 | loss=3.4369 | lr=3.00e-04 | wd=0.0152 | mom=0.9500 | T=10.0 k=4.0 (mu_rec=8 mu_bwd=4) | grad=0.845 | tok/s=10,409 | tokens=4.24B
step=129350 | loss=3.4469 | lr=3.00e-04 | wd=0.0152 | mom=0.9500 | T=6.2 k=3.2 (mu_rec=8 mu_bwd=4) | grad=39.827 | tok/s=24,535 | tokens=4.24B
step=129360 | loss=3.0488 | lr=3.00e-04 | wd=0.0152 | mom=0.9500 | T=6.5 k=3.2 (mu_rec=8 mu_bwd=4) | grad=36.559 | tok/s=23,441 | tokens=4.24B
step=129370 | loss=2.3102 | lr=3.00e-04 | wd=0.0152 | mom=0.9500 | T=6.5 k=3.8 (mu_rec=8 mu_bwd=4) | grad=0.820 | tok/s=24,515 | tokens=4.24B
step=129380 | loss=3.3107 | lr=3.00e-04 | wd=0.0152 | mom=0.9500 | T=13.8 k=4.0 (mu_rec=8 mu_bwd=4) | grad=1.145 | tok/s=22,308 | tokens=4.24B
step=129390 | loss=3.2928 | lr=3.00e-04 | wd=0.0152 | mom=0.9500 | T=9.8 k=3.8 (mu_rec=8 mu_bwd=4) | grad=1.960 | tok/s=22,383 | tokens=4.24B
step=129400 | loss=3.2674 | lr=3.00e-04 | wd=0.0152 | mom=0.9500 | T=9.5 k=4.0 (mu_rec=8 mu_bwd=4) | grad=1.324 | tok/s=22,315 | tokens=4.24B
step=129410 | loss=3.0893 | lr=3.00e-04 | wd=0.0152 | mom=0.9500 | T=5.8 k=3.2 (mu_rec=8 mu_bwd=4) | grad=1.234 | tok/s=23,536 | tokens=4.24B
step=129420 | loss=3.0631 | lr=3.00e-04 | wd=0.0152 | mom=0.9500 | T=7.5 k=3.8 (mu_rec=8 mu_bwd=4) | grad=1.888 | tok/s=23,158 | tokens=4.24B
step=129430 | loss=2.9324 | lr=3.00e-04 | wd=0.0152 | mom=0.9500 | T=5.8 k=4.0 (mu_rec=8 mu_bwd=4) | grad=0.860 | tok/s=23,016 | tokens=4.24B
step=129440 | loss=2.6679 | lr=3.00e-04 | wd=0.0152 | mom=0.9500 | T=9.5 k=4.0 (mu_rec=8 mu_bwd=4) | grad=1.323 | tok/s=23,769 | tokens=4.24B
step=129450 | loss=3.0871 | lr=3.00e-04 | wd=0.0152 | mom=0.9500 | T=12.0 k=3.8 (mu_rec=8 mu_bwd=4) | grad=1.044 | tok/s=25,526 | tokens=4.24B
step=129460 | loss=2.8362 | lr=3.00e-04 | wd=0.0152 | mom=0.9500 | T=12.5 k=4.0 (mu_rec=8 mu_bwd=4) | grad=0.774 | tok/s=21,770 | tokens=4.24B
step=129470 | loss=2.9296 | lr=3.00e-04 | wd=0.0152 | mom=0.9500 | T=5.8 k=3.2 (mu_rec=8 mu_bwd=4) | grad=1.091 | tok/s=23,561 | tokens=4.24B
step=129480 | loss=2.7790 | lr=3.00e-04 | wd=0.0151 | mom=0.9500 | T=8.2 k=3.8 (mu_rec=8 mu_bwd=4) | grad=1.151 | tok/s=24,119 | tokens=4.24B
step=129490 | loss=3.1775 | lr=3.00e-04 | wd=0.0151 | mom=0.9500 | T=6.0 k=3.5 (mu_rec=8 mu_bwd=4) | grad=0.852 | tok/s=22,882 | tokens=4.24B
step=129500 | loss=3.1312 | lr=3.00e-04 | wd=0.0151 | mom=0.9500 | T=8.8 k=4.0 (mu_rec=8 mu_bwd=4) | grad=1.043 | tok/s=22,213 | tokens=4.24B
step=129510 | loss=3.3101 | lr=3.00e-04 | wd=0.0151 | mom=0.9500 | T=12.5 k=4.0 (mu_rec=8 mu_bwd=4) | grad=0.936 | tok/s=23,966 | tokens=4.24B
step=129520 | loss=3.1042 | lr=3.00e-04 | wd=0.0151 | mom=0.9500 | T=7.2 k=3.8 (mu_rec=8 mu_bwd=4) | grad=1.168 | tok/s=23,713 | tokens=4.24B
step=129530 | loss=3.0537 | lr=3.00e-04 | wd=0.0151 | mom=0.9500 | T=11.5 k=4.0 (mu_rec=8 mu_bwd=4) | grad=0.811 | tok/s=24,388 | tokens=4.24B
step=129540 | loss=2.9194 | lr=3.00e-04 | wd=0.0151 | mom=0.9500 | T=9.5 k=3.8 (mu_rec=8 mu_bwd=4) | grad=1.488 | tok/s=22,613 | tokens=4.24B
step=129550 | loss=3.1639 | lr=3.00e-04 | wd=0.0151 | mom=0.9500 | T=5.8 k=3.5 (mu_rec=8 mu_bwd=4) | grad=1.145 | tok/s=22,753 | tokens=4.25B
step=129560 | loss=2.9970 | lr=3.00e-04 | wd=0.0151 | mom=0.9500 | T=5.5 k=3.2 (mu_rec=8 mu_bwd=4) | grad=1.117 | tok/s=23,900 | tokens=4.25B
step=129570 | loss=3.4598 | lr=3.00e-04 | wd=0.0151 | mom=0.9500 | T=6.8 k=3.8 (mu_rec=8 mu_bwd=4) | grad=1.295 | tok/s=25,014 | tokens=4.25B
step=129580 | loss=3.1788 | lr=3.00e-04 | wd=0.0151 | mom=0.9500 | T=5.0 k=4.0 (mu_rec=8 mu_bwd=4) | grad=1.045 | tok/s=25,895 | tokens=4.25B
step=129590 | loss=3.1958 | lr=3.00e-04 | wd=0.0151 | mom=0.9500 | T=7.5 k=3.5 (mu_rec=8 mu_bwd=4) | grad=1.070 | tok/s=24,854 | tokens=4.25B
step=129600 | loss=3.4174 | lr=3.00e-04 | wd=0.0151 | mom=0.9500 | T=9.0 k=4.0 (mu_rec=8 mu_bwd=4) | grad=1.542 | tok/s=22,933 | tokens=4.25B
step=129610 | loss=3.1568 | lr=3.00e-04 | wd=0.0151 | mom=0.9500 | T=7.0 k=3.8 (mu_rec=8 mu_bwd=4) | grad=0.846 | tok/s=24,486 | tokens=4.25B
step=129620 | loss=3.6394 | lr=3.00e-04 | wd=0.0151 | mom=0.9500 | T=6.5 k=3.5 (mu_rec=8 mu_bwd=4) | grad=1.490 | tok/s=24,229 | tokens=4.25B
step=129630 | loss=2.9725 | lr=3.00e-04 | wd=0.0150 | mom=0.9500 | T=10.0 k=4.0 (mu_rec=8 mu_bwd=4) | grad=0.936 | tok/s=23,603 | tokens=4.25B
step=129640 | loss=3.0928 | lr=3.00e-04 | wd=0.0150 | mom=0.9500 | T=8.8 k=4.0 (mu_rec=8 mu_bwd=4) | grad=0.860 | tok/s=22,782 | tokens=4.25B
step=129650 | loss=2.9832 | lr=3.00e-04 | wd=0.0150 | mom=0.9500 | T=5.2 k=3.5 (mu_rec=8 mu_bwd=4) | grad=0.850 | tok/s=23,155 | tokens=4.25B
step=129660 | loss=3.3665 | lr=3.00e-04 | wd=0.0150 | mom=0.9500 | T=5.8 k=3.8 (mu_rec=8 mu_bwd=4) | grad=1.229 | tok/s=23,773 | tokens=4.25B
step=129670 | loss=3.0409 | lr=3.00e-04 | wd=0.0150 | mom=0.9500 | T=13.8 k=4.0 (mu_rec=8 mu_bwd=4) | grad=1.208 | tok/s=24,285 | tokens=4.25B
step=129680 | loss=3.0309 | lr=3.00e-04 | wd=0.0150 | mom=0.9500 | T=7.2 k=3.2 (mu_rec=8 mu_bwd=4) | grad=1.245 | tok/s=26,070 | tokens=4.25B
step=129690 | loss=3.1028 | lr=3.00e-04 | wd=0.0150 | mom=0.9500 | T=14.0 k=4.0 (mu_rec=8 mu_bwd=4) | grad=1.815 | tok/s=23,442 | tokens=4.25B
step=129700 | loss=3.2717 | lr=3.00e-04 | wd=0.0150 | mom=0.9500 | T=12.8 k=4.0 (mu_rec=8 mu_bwd=4) | grad=1.236 | tok/s=22,577 | tokens=4.25B
step=129710 | loss=2.9978 | lr=3.00e-04 | wd=0.0150 | mom=0.9500 | T=7.0 k=4.0 (mu_rec=8 mu_bwd=4) | grad=0.913 | tok/s=26,533 | tokens=4.25B
step=129720 | loss=3.0768 | lr=3.00e-04 | wd=0.0150 | mom=0.9500 | T=8.2 k=3.2 (mu_rec=8 mu_bwd=4) | grad=1.171 | tok/s=23,111 | tokens=4.25B
step=129730 | loss=3.3615 | lr=3.00e-04 | wd=0.0150 | mom=0.9500 | T=13.0 k=4.0 (mu_rec=8 mu_bwd=4) | grad=1.171 | tok/s=23,618 | tokens=4.25B
step=129740 | loss=3.0879 | lr=3.00e-04 | wd=0.0150 | mom=0.9500 | T=12.2 k=4.0 (mu_rec=8 mu_bwd=4) | grad=1.157 | tok/s=24,134 | tokens=4.25B
step=129750 | loss=2.9404 | lr=3.00e-04 | wd=0.0150 | mom=0.9500 | T=7.0 k=4.0 (mu_rec=8 mu_bwd=4) | grad=0.967 | tok/s=25,171 | tokens=4.25B
step=129760 | loss=3.0565 | lr=3.00e-04 | wd=0.0150 | mom=0.9500 | T=10.5 k=4.0 (mu_rec=8 mu_bwd=4) | grad=2.107 | tok/s=22,919 | tokens=4.25B
step=129770 | loss=3.0770 | lr=3.00e-04 | wd=0.0150 | mom=0.9500 | T=14.0 k=3.8 (mu_rec=8 mu_bwd=4) | grad=0.831 | tok/s=22,564 | tokens=4.25B
step=129780 | loss=3.0329 | lr=3.00e-04 | wd=0.0149 | mom=0.9500 | T=9.2 k=4.0 (mu_rec=8 mu_bwd=4) | grad=1.622 | tok/s=23,426 | tokens=4.25B
step=129790 | loss=3.4424 | lr=3.00e-04 | wd=0.0149 | mom=0.9500 | T=8.5 k=4.0 (mu_rec=8 mu_bwd=4) | grad=2.239 | tok/s=25,515 | tokens=4.25B
step=129800 | loss=3.1446 | lr=3.00e-04 | wd=0.0149 | mom=0.9500 | T=5.0 k=3.8 (mu_rec=8 mu_bwd=4) | grad=1.529 | tok/s=23,060 | tokens=4.25B
step=129810 | loss=2.8250 | lr=3.00e-04 | wd=0.0149 | mom=0.9500 | T=6.8 k=4.0 (mu_rec=8 mu_bwd=4) | grad=0.908 | tok/s=24,229 | tokens=4.25B
step=129820 | loss=3.2386 | lr=3.00e-04 | wd=0.0149 | mom=0.9500 | T=10.0 k=4.0 (mu_rec=8 mu_bwd=4) | grad=5.271 | tok/s=23,383 | tokens=4.25B
step=129830 | loss=3.1085 | lr=3.00e-04 | wd=0.0149 | mom=0.9500 | T=7.5 k=3.8 (mu_rec=8 mu_bwd=4) | grad=1.254 | tok/s=24,695 | tokens=4.25B
step=129840 | loss=3.1371 | lr=3.00e-04 | wd=0.0149 | mom=0.9500 | T=11.0 k=4.0 (mu_rec=8 mu_bwd=4) | grad=1.293 | tok/s=22,559 | tokens=4.25B
step=129850 | loss=3.1679 | lr=3.00e-04 | wd=0.0149 | mom=0.9500 | T=4.5 k=3.5 (mu_rec=8 mu_bwd=4) | grad=0.969 | tok/s=23,303 | tokens=4.25B
step=129860 | loss=2.9870 | lr=3.00e-04 | wd=0.0149 | mom=0.9500 | T=8.8 k=3.0 (mu_rec=8 mu_bwd=4) | grad=0.920 | tok/s=25,088 | tokens=4.26B
step=129870 | loss=3.0806 | lr=3.00e-04 | wd=0.0149 | mom=0.9500 | T=4.8 k=3.5 (mu_rec=8 mu_bwd=4) | grad=1.136 | tok/s=23,290 | tokens=4.26B
step=129880 | loss=2.9705 | lr=3.00e-04 | wd=0.0149 | mom=0.9500 | T=6.0 k=3.8 (mu_rec=8 mu_bwd=4) | grad=1.491 | tok/s=24,071 | tokens=4.26B
step=129890 | loss=3.0703 | lr=3.00e-04 | wd=0.0149 | mom=0.9500 | T=8.0 k=3.5 (mu_rec=8 mu_bwd=4) | grad=0.853 | tok/s=23,576 | tokens=4.26B
step=129900 | loss=3.1237 | lr=3.00e-04 | wd=0.0149 | mom=0.9500 | T=7.2 k=4.0 (mu_rec=8 mu_bwd=4) | grad=0.857 | tok/s=23,627 | tokens=4.26B
step=129910 | loss=3.0010 | lr=3.00e-04 | wd=0.0149 | mom=0.9500 | T=6.5 k=4.0 (mu_rec=8 mu_bwd=4) | grad=1.324 | tok/s=24,517 | tokens=4.26B
step=129920 | loss=2.7605 | lr=3.00e-04 | wd=0.0149 | mom=0.9500 | T=5.0 k=3.8 (mu_rec=8 mu_bwd=4) | grad=2.222 | tok/s=23,351 | tokens=4.26B
step=129930 | loss=3.0376 | lr=3.00e-04 | wd=0.0148 | mom=0.9500 | T=11.2 k=4.0 (mu_rec=8 mu_bwd=4) | grad=0.920 | tok/s=22,931 | tokens=4.26B
step=129940 | loss=3.0603 | lr=3.00e-04 | wd=0.0148 | mom=0.9500 | T=9.5 k=4.0 (mu_rec=8 mu_bwd=4) | grad=0.856 | tok/s=22,885 | tokens=4.26B
step=129950 | loss=2.9175 | lr=3.00e-04 | wd=0.0148 | mom=0.9500 | T=12.2 k=4.0 (mu_rec=8 mu_bwd=4) | grad=0.966 | tok/s=25,215 | tokens=4.26B
step=129960 | loss=2.9783 | lr=3.00e-04 | wd=0.0148 | mom=0.9500 | T=5.5 k=4.0 (mu_rec=8 mu_bwd=4) | grad=0.904 | tok/s=23,535 | tokens=4.26B
step=129970 | loss=2.8618 | lr=3.00e-04 | wd=0.0148 | mom=0.9500 | T=7.8 k=4.0 (mu_rec=8 mu_bwd=4) | grad=1.377 | tok/s=23,383 | tokens=4.26B
step=129980 | loss=3.3392 | lr=3.00e-04 | wd=0.0148 | mom=0.9500 | T=6.5 k=4.0 (mu_rec=8 mu_bwd=4) | grad=1.154 | tok/s=21,513 | tokens=4.26B
step=129990 | loss=3.2383 | lr=3.00e-04 | wd=0.0148 | mom=0.9500 | T=5.5 k=3.8 (mu_rec=8 mu_bwd=4) | grad=0.843 | tok/s=24,307 | tokens=4.26B
step=130000 | loss=3.1633 | lr=3.00e-04 | wd=0.0148 | mom=0.9500 | T=5.0 k=3.2 (mu_rec=8 mu_bwd=4) | grad=0.895 | tok/s=25,151 | tokens=4.26B
[step 130000] Saved -> runs/cortex-5b-k4/checkpoint_0130000
[step 130000] Pruned -> runs/cortex-5b-k4/checkpoint_0124000
step=130010 | loss=3.0405 | lr=3.00e-04 | wd=0.0148 | mom=0.9500 | T=9.0 k=3.8 (mu_rec=8 mu_bwd=4) | grad=0.842 | tok/s=21,164 | tokens=4.26B
step=130020 | loss=3.0578 | lr=3.00e-04 | wd=0.0148 | mom=0.9500 | T=7.5 k=3.8 (mu_rec=8 mu_bwd=4) | grad=0.822 | tok/s=20,390 | tokens=4.26B
step=130030 | loss=3.0594 | lr=3.00e-04 | wd=0.0148 | mom=0.9500 | T=7.0 k=4.0 (mu_rec=8 mu_bwd=4) | grad=1.071 | tok/s=23,035 | tokens=4.26B
step=130040 | loss=3.1276 | lr=3.00e-04 | wd=0.0148 | mom=0.9500 | T=8.2 k=3.5 (mu_rec=8 mu_bwd=4) | grad=0.890 | tok/s=22,445 | tokens=4.26B
step=130050 | loss=2.9495 | lr=3.00e-04 | wd=0.0148 | mom=0.9500 | T=4.2 k=3.5 (mu_rec=8 mu_bwd=4) | grad=0.842 | tok/s=9,878 | tokens=4.26B
step=130060 | loss=3.4316 | lr=3.00e-04 | wd=0.0148 | mom=0.9500 | T=2.8 k=2.8 (mu_rec=8 mu_bwd=4) | grad=1.513 | tok/s=24,805 | tokens=4.26B
step=130070 | loss=3.0795 | lr=3.00e-04 | wd=0.0148 | mom=0.9500 | T=6.8 k=3.5 (mu_rec=8 mu_bwd=4) | grad=0.982 | tok/s=24,745 | tokens=4.26B
step=130080 | loss=3.1810 | lr=3.00e-04 | wd=0.0148 | mom=0.9500 | T=6.0 k=3.8 (mu_rec=8 mu_bwd=4) | grad=0.813 | tok/s=25,615 | tokens=4.26B
step=130090 | loss=3.1509 | lr=3.00e-04 | wd=0.0147 | mom=0.9500 | T=6.2 k=3.8 (mu_rec=8 mu_bwd=4) | grad=0.971 | tok/s=24,423 | tokens=4.26B
step=130100 | loss=2.9789 | lr=3.00e-04 | wd=0.0147 | mom=0.9500 | T=6.0 k=4.0 (mu_rec=8 mu_bwd=4) | grad=0.844 | tok/s=22,459 | tokens=4.26B
step=130110 | loss=3.1826 | lr=3.00e-04 | wd=0.0147 | mom=0.9500 | T=9.2 k=3.8 (mu_rec=8 mu_bwd=4) | grad=1.180 | tok/s=24,581 | tokens=4.26B
step=130120 | loss=3.2003 | lr=3.00e-04 | wd=0.0147 | mom=0.9500 | T=11.5 k=3.8 (mu_rec=8 mu_bwd=4) | grad=0.826 | tok/s=21,249 | tokens=4.26B
step=130130 | loss=3.0684 | lr=3.00e-04 | wd=0.0147 | mom=0.9500 | T=8.8 k=4.0 (mu_rec=8 mu_bwd=4) | grad=1.275 | tok/s=23,981 | tokens=4.26B
step=130140 | loss=3.0967 | lr=3.00e-04 | wd=0.0147 | mom=0.9500 | T=11.8 k=4.0 (mu_rec=8 mu_bwd=4) | grad=0.803 | tok/s=22,936 | tokens=4.26B
step=130150 | loss=3.2108 | lr=3.00e-04 | wd=0.0147 | mom=0.9500 | T=9.8 k=4.0 (mu_rec=8 mu_bwd=4) | grad=0.980 | tok/s=23,629 | tokens=4.26B
step=130160 | loss=2.9549 | lr=3.00e-04 | wd=0.0147 | mom=0.9500 | T=7.8 k=3.0 (mu_rec=8 mu_bwd=4) | grad=0.867 | tok/s=23,557 | tokens=4.27B
step=130170 | loss=3.1903 | lr=3.00e-04 | wd=0.0147 | mom=0.9500 | T=7.2 k=3.8 (mu_rec=8 mu_bwd=4) | grad=1.097 | tok/s=22,442 | tokens=4.27B
step=130180 | loss=3.1634 | lr=3.00e-04 | wd=0.0147 | mom=0.9500 | T=10.5 k=4.0 (mu_rec=8 mu_bwd=4) | grad=0.876 | tok/s=23,746 | tokens=4.27B
step=130190 | loss=3.1206 | lr=3.00e-04 | wd=0.0147 | mom=0.9500 | T=12.0 k=4.0 (mu_rec=8 mu_bwd=4) | grad=1.463 | tok/s=10,918 | tokens=4.27B
step=130200 | loss=2.9305 | lr=3.00e-04 | wd=0.0147 | mom=0.9500 | T=8.5 k=3.8 (mu_rec=8 mu_bwd=4) | grad=0.919 | tok/s=21,625 | tokens=4.27B
step=130210 | loss=3.0832 | lr=3.00e-04 | wd=0.0147 | mom=0.9500 | T=5.2 k=3.5 (mu_rec=8 mu_bwd=4) | grad=0.946 | tok/s=24,271 | tokens=4.27B
step=130220 | loss=3.0338 | lr=3.00e-04 | wd=0.0147 | mom=0.9500 | T=11.5 k=4.0 (mu_rec=8 mu_bwd=4) | grad=2.239 | tok/s=23,640 | tokens=4.27B
step=130230 | loss=3.1273 | lr=3.00e-04 | wd=0.0147 | mom=0.9500 | T=10.0 k=4.0 (mu_rec=8 mu_bwd=4) | grad=1.175 | tok/s=25,143 | tokens=4.27B
step=130240 | loss=3.1452 | lr=3.00e-04 | wd=0.0146 | mom=0.9500 | T=11.5 k=4.0 (mu_rec=8 mu_bwd=4) | grad=1.957 | tok/s=23,461 | tokens=4.27B
step=130250 | loss=3.1454 | lr=3.00e-04 | wd=0.0146 | mom=0.9500 | T=11.8 k=3.8 (mu_rec=8 mu_bwd=4) | grad=1.023 | tok/s=21,266 | tokens=4.27B
step=130260 | loss=2.9051 | lr=3.00e-04 | wd=0.0146 | mom=0.9500 | T=8.5 k=3.2 (mu_rec=8 mu_bwd=4) | grad=0.929 | tok/s=24,699 | tokens=4.27B
step=130270 | loss=3.1908 | lr=3.00e-04 | wd=0.0146 | mom=0.9500 | T=13.5 k=3.8 (mu_rec=8 mu_bwd=4) | grad=1.173 | tok/s=23,405 | tokens=4.27B
step=130280 | loss=3.0758 | lr=3.00e-04 | wd=0.0146 | mom=0.9500 | T=8.8 k=4.0 (mu_rec=8 mu_bwd=4) | grad=1.155 | tok/s=22,950 | tokens=4.27B
step=130290 | loss=3.3526 | lr=3.00e-04 | wd=0.0146 | mom=0.9500 | T=6.5 k=3.5 (mu_rec=8 mu_bwd=4) | grad=0.973 | tok/s=22,839 | tokens=4.27B
step=130300 | loss=3.2340 | lr=3.00e-04 | wd=0.0146 | mom=0.9500 | T=8.5 k=4.0 (mu_rec=8 mu_bwd=4) | grad=1.348 | tok/s=24,756 | tokens=4.27B
step=130310 | loss=3.3632 | lr=3.00e-04 | wd=0.0146 | mom=0.9500 | T=7.5 k=4.0 (mu_rec=8 mu_bwd=4) | grad=1.230 | tok/s=24,349 | tokens=4.27B
step=130320 | loss=3.1702 | lr=3.00e-04 | wd=0.0146 | mom=0.9500 | T=8.2 k=4.0 (mu_rec=8 mu_bwd=4) | grad=2.363 | tok/s=23,058 | tokens=4.27B
step=130330 | loss=3.0328 | lr=3.00e-04 | wd=0.0146 | mom=0.9500 | T=5.0 k=3.8 (mu_rec=8 mu_bwd=4) | grad=1.091 | tok/s=23,890 | tokens=4.27B
step=130340 | loss=2.9457 | lr=3.00e-04 | wd=0.0146 | mom=0.9500 | T=7.2 k=3.2 (mu_rec=8 mu_bwd=4) | grad=0.881 | tok/s=24,688 | tokens=4.27B
step=130350 | loss=2.8022 | lr=3.00e-04 | wd=0.0146 | mom=0.9500 | T=10.0 k=4.0 (mu_rec=8 mu_bwd=4) | grad=0.811 | tok/s=23,095 | tokens=4.27B
step=130360 | loss=3.0767 | lr=3.00e-04 | wd=0.0146 | mom=0.9500 | T=11.2 k=4.0 (mu_rec=8 mu_bwd=4) | grad=0.859 | tok/s=23,622 | tokens=4.27B
step=130370 | loss=2.9172 | lr=3.00e-04 | wd=0.0146 | mom=0.9500 | T=13.8 k=4.0 (mu_rec=8 mu_bwd=4) | grad=0.893 | tok/s=23,234 | tokens=4.27B
step=130380 | loss=3.3231 | lr=3.00e-04 | wd=0.0146 | mom=0.9500 | T=5.5 k=3.5 (mu_rec=8 mu_bwd=4) | grad=0.997 | tok/s=24,316 | tokens=4.27B
step=130390 | loss=3.1650 | lr=3.00e-04 | wd=0.0145 | mom=0.9500 | T=5.8 k=4.0 (mu_rec=8 mu_bwd=4) | grad=1.522 | tok/s=24,410 | tokens=4.27B
step=130400 | loss=2.9480 | lr=3.00e-04 | wd=0.0145 | mom=0.9500 | T=7.5 k=3.5 (mu_rec=8 mu_bwd=4) | grad=0.836 | tok/s=23,643 | tokens=4.27B
step=130410 | loss=2.8671 | lr=3.00e-04 | wd=0.0145 | mom=0.9500 | T=9.5 k=4.0 (mu_rec=8 mu_bwd=4) | grad=0.868 | tok/s=23,984 | tokens=4.27B
step=130420 | loss=3.0304 | lr=3.00e-04 | wd=0.0145 | mom=0.9500 | T=6.0 k=4.0 (mu_rec=8 mu_bwd=4) | grad=0.980 | tok/s=23,865 | tokens=4.27B
step=130430 | loss=3.2162 | lr=3.00e-04 | wd=0.0145 | mom=0.9500 | T=6.5 k=3.2 (mu_rec=8 mu_bwd=4) | grad=1.324 | tok/s=23,156 | tokens=4.27B
step=130440 | loss=3.0640 | lr=3.00e-04 | wd=0.0145 | mom=0.9500 | T=7.2 k=4.0 (mu_rec=8 mu_bwd=4) | grad=0.758 | tok/s=23,834 | tokens=4.27B
step=130450 | loss=3.1879 | lr=3.00e-04 | wd=0.0145 | mom=0.9500 | T=6.0 k=3.2 (mu_rec=8 mu_bwd=4) | grad=1.098 | tok/s=24,261 | tokens=4.27B
step=130460 | loss=3.0702 | lr=3.00e-04 | wd=0.0145 | mom=0.9500 | T=7.2 k=4.0 (mu_rec=8 mu_bwd=4) | grad=0.896 | tok/s=24,172 | tokens=4.27B
step=130470 | loss=3.2006 | lr=3.00e-04 | wd=0.0145 | mom=0.9500 | T=9.5 k=4.0 (mu_rec=8 mu_bwd=4) | grad=0.779 | tok/s=22,733 | tokens=4.28B
step=130480 | loss=3.0531 | lr=3.00e-04 | wd=0.0145 | mom=0.9500 | T=8.0 k=3.5 (mu_rec=8 mu_bwd=4) | grad=0.786 | tok/s=23,817 | tokens=4.28B
step=130490 | loss=3.0659 | lr=3.00e-04 | wd=0.0145 | mom=0.9500 | T=7.0 k=4.0 (mu_rec=8 mu_bwd=4) | grad=0.866 | tok/s=21,876 | tokens=4.28B
step=130500 | loss=3.2621 | lr=3.00e-04 | wd=0.0145 | mom=0.9500 | T=10.2 k=4.0 (mu_rec=8 mu_bwd=4) | grad=1.039 | tok/s=23,748 | tokens=4.28B
step=130510 | loss=2.7431 | lr=3.00e-04 | wd=0.0145 | mom=0.9500 | T=6.5 k=3.5 (mu_rec=8 mu_bwd=4) | grad=0.810 | tok/s=23,312 | tokens=4.28B
step=130520 | loss=3.5361 | lr=3.00e-04 | wd=0.0145 | mom=0.9500 | T=10.0 k=3.8 (mu_rec=8 mu_bwd=4) | grad=2.113 | tok/s=21,585 | tokens=4.28B
step=130530 | loss=3.2780 | lr=3.00e-04 | wd=0.0145 | mom=0.9500 | T=9.5 k=4.0 (mu_rec=8 mu_bwd=4) | grad=1.512 | tok/s=23,956 | tokens=4.28B
step=130540 | loss=3.2778 | lr=3.00e-04 | wd=0.0144 | mom=0.9500 | T=9.2 k=4.0 (mu_rec=8 mu_bwd=4) | grad=1.513 | tok/s=22,991 | tokens=4.28B
step=130550 | loss=3.1952 | lr=3.00e-04 | wd=0.0144 | mom=0.9500 | T=5.8 k=3.0 (mu_rec=8 mu_bwd=4) | grad=1.082 | tok/s=24,023 | tokens=4.28B
step=130560 | loss=3.1140 | lr=3.00e-04 | wd=0.0144 | mom=0.9500 | T=7.5 k=3.8 (mu_rec=8 mu_bwd=4) | grad=0.808 | tok/s=25,246 | tokens=4.28B
step=130570 | loss=2.9272 | lr=3.00e-04 | wd=0.0144 | mom=0.9500 | T=7.0 k=3.8 (mu_rec=8 mu_bwd=4) | grad=1.425 | tok/s=22,155 | tokens=4.28B
step=130580 | loss=2.7825 | lr=3.00e-04 | wd=0.0144 | mom=0.9500 | T=8.2 k=4.0 (mu_rec=8 mu_bwd=4) | grad=1.348 | tok/s=23,409 | tokens=4.28B
step=130590 | loss=3.1844 | lr=3.00e-04 | wd=0.0144 | mom=0.9500 | T=11.2 k=4.0 (mu_rec=8 mu_bwd=4) | grad=1.453 | tok/s=22,853 | tokens=4.28B
step=130600 | loss=2.9820 | lr=3.00e-04 | wd=0.0144 | mom=0.9500 | T=3.2 k=2.8 (mu_rec=8 mu_bwd=4) | grad=1.748 | tok/s=24,867 | tokens=4.28B
step=130610 | loss=2.8492 | lr=3.00e-04 | wd=0.0144 | mom=0.9500 | T=10.0 k=4.0 (mu_rec=8 mu_bwd=4) | grad=1.498 | tok/s=24,932 | tokens=4.28B
step=130620 | loss=2.8648 | lr=3.00e-04 | wd=0.0144 | mom=0.9500 | T=6.2 k=3.5 (mu_rec=8 mu_bwd=4) | grad=1.707 | tok/s=24,719 | tokens=4.28B
step=130630 | loss=2.9824 | lr=3.00e-04 | wd=0.0144 | mom=0.9500 | T=8.8 k=4.0 (mu_rec=8 mu_bwd=4) | grad=1.025 | tok/s=24,152 | tokens=4.28B
step=130640 | loss=2.8583 | lr=3.00e-04 | wd=0.0144 | mom=0.9500 | T=12.2 k=4.0 (mu_rec=8 mu_bwd=4) | grad=1.214 | tok/s=24,454 | tokens=4.28B
step=130650 | loss=2.8634 | lr=3.00e-04 | wd=0.0144 | mom=0.9500 | T=8.0 k=3.2 (mu_rec=8 mu_bwd=4) | grad=0.912 | tok/s=22,641 | tokens=4.28B
step=130660 | loss=2.9149 | lr=3.00e-04 | wd=0.0144 | mom=0.9500 | T=4.8 k=3.5 (mu_rec=8 mu_bwd=4) | grad=0.892 | tok/s=25,354 | tokens=4.28B
step=130670 | loss=3.0542 | lr=3.00e-04 | wd=0.0144 | mom=0.9500 | T=3.8 k=3.5 (mu_rec=8 mu_bwd=4) | grad=0.893 | tok/s=25,138 | tokens=4.28B
step=130680 | loss=3.0583 | lr=3.00e-04 | wd=0.0144 | mom=0.9500 | T=8.0 k=3.5 (mu_rec=8 mu_bwd=4) | grad=1.105 | tok/s=21,794 | tokens=4.28B
step=130690 | loss=3.1181 | lr=3.00e-04 | wd=0.0144 | mom=0.9500 | T=4.8 k=3.0 (mu_rec=8 mu_bwd=4) | grad=1.059 | tok/s=24,153 | tokens=4.28B
step=130700 | loss=2.8377 | lr=3.00e-04 | wd=0.0143 | mom=0.9500 | T=6.5 k=4.0 (mu_rec=8 mu_bwd=4) | grad=0.957 | tok/s=23,329 | tokens=4.28B
step=130710 | loss=3.1805 | lr=3.00e-04 | wd=0.0143 | mom=0.9500 | T=5.2 k=3.0 (mu_rec=8 mu_bwd=4) | grad=1.289 | tok/s=21,843 | tokens=4.28B
step=130720 | loss=3.1422 | lr=3.00e-04 | wd=0.0143 | mom=0.9500 | T=7.8 k=3.8 (mu_rec=8 mu_bwd=4) | grad=1.058 | tok/s=23,496 | tokens=4.28B
step=130730 | loss=2.7047 | lr=3.00e-04 | wd=0.0143 | mom=0.9500 | T=9.0 k=4.0 (mu_rec=8 mu_bwd=4) | grad=0.849 | tok/s=21,919 | tokens=4.28B
step=130740 | loss=3.3231 | lr=3.00e-04 | wd=0.0143 | mom=0.9500 | T=5.0 k=3.2 (mu_rec=8 mu_bwd=4) | grad=0.832 | tok/s=25,127 | tokens=4.28B
step=130750 | loss=3.0160 | lr=3.00e-04 | wd=0.0143 | mom=0.9500 | T=4.0 k=2.8 (mu_rec=8 mu_bwd=4) | grad=0.894 | tok/s=24,587 | tokens=4.28B
step=130760 | loss=3.2553 | lr=3.00e-04 | wd=0.0143 | mom=0.9500 | T=7.8 k=3.8 (mu_rec=8 mu_bwd=4) | grad=0.857 | tok/s=23,384 | tokens=4.28B
step=130770 | loss=3.2021 | lr=3.00e-04 | wd=0.0143 | mom=0.9500 | T=5.5 k=3.2 (mu_rec=8 mu_bwd=4) | grad=1.072 | tok/s=23,801 | tokens=4.29B
step=130780 | loss=2.9926 | lr=3.00e-04 | wd=0.0143 | mom=0.9500 | T=8.8 k=4.0 (mu_rec=8 mu_bwd=4) | grad=1.205 | tok/s=23,413 | tokens=4.29B
step=130790 | loss=3.3658 | lr=3.00e-04 | wd=0.0143 | mom=0.9500 | T=7.2 k=3.5 (mu_rec=8 mu_bwd=4) | grad=1.066 | tok/s=23,977 | tokens=4.29B
step=130800 | loss=3.1606 | lr=3.00e-04 | wd=0.0143 | mom=0.9500 | T=17.0 k=4.0 (mu_rec=8 mu_bwd=4) | grad=1.084 | tok/s=23,258 | tokens=4.29B
step=130810 | loss=3.3889 | lr=3.00e-04 | wd=0.0143 | mom=0.9500 | T=5.2 k=3.5 (mu_rec=8 mu_bwd=4) | grad=0.999 | tok/s=24,285 | tokens=4.29B
step=130820 | loss=3.5597 | lr=3.00e-04 | wd=0.0143 | mom=0.9500 | T=12.8 k=4.0 (mu_rec=8 mu_bwd=4) | grad=1.060 | tok/s=25,167 | tokens=4.29B
step=130830 | loss=3.5328 | lr=3.00e-04 | wd=0.0143 | mom=0.9500 | T=6.8 k=3.2 (mu_rec=8 mu_bwd=4) | grad=1.042 | tok/s=23,695 | tokens=4.29B
step=130840 | loss=2.9557 | lr=3.00e-04 | wd=0.0143 | mom=0.9500 | T=11.2 k=4.0 (mu_rec=8 mu_bwd=4) | grad=0.928 | tok/s=22,390 | tokens=4.29B
step=130850 | loss=3.0919 | lr=3.00e-04 | wd=0.0142 | mom=0.9500 | T=11.0 k=3.5 (mu_rec=8 mu_bwd=4) | grad=0.901 | tok/s=23,488 | tokens=4.29B
step=130860 | loss=3.1554 | lr=3.00e-04 | wd=0.0142 | mom=0.9500 | T=13.0 k=3.5 (mu_rec=8 mu_bwd=4) | grad=1.165 | tok/s=23,757 | tokens=4.29B
step=130870 | loss=3.0153 | lr=3.00e-04 | wd=0.0142 | mom=0.9500 | T=9.2 k=4.0 (mu_rec=8 mu_bwd=4) | grad=0.873 | tok/s=22,415 | tokens=4.29B
step=130880 | loss=2.7986 | lr=3.00e-04 | wd=0.0142 | mom=0.9500 | T=7.0 k=4.0 (mu_rec=8 mu_bwd=4) | grad=1.069 | tok/s=24,318 | tokens=4.29B
step=130890 | loss=3.0200 | lr=3.00e-04 | wd=0.0142 | mom=0.9500 | T=8.2 k=3.8 (mu_rec=8 mu_bwd=4) | grad=1.840 | tok/s=21,749 | tokens=4.29B
step=130900 | loss=2.9807 | lr=3.00e-04 | wd=0.0142 | mom=0.9500 | T=4.8 k=3.8 (mu_rec=8 mu_bwd=4) | grad=0.968 | tok/s=24,476 | tokens=4.29B
step=130910 | loss=3.2219 | lr=3.00e-04 | wd=0.0142 | mom=0.9500 | T=9.5 k=4.0 (mu_rec=8 mu_bwd=4) | grad=1.435 | tok/s=23,711 | tokens=4.29B
step=130920 | loss=3.2476 | lr=3.00e-04 | wd=0.0142 | mom=0.9500 | T=8.0 k=4.0 (mu_rec=8 mu_bwd=4) | grad=1.047 | tok/s=22,578 | tokens=4.29B
step=130930 | loss=2.8793 | lr=3.00e-04 | wd=0.0142 | mom=0.9500 | T=5.8 k=3.5 (mu_rec=8 mu_bwd=4) | grad=0.769 | tok/s=23,410 | tokens=4.29B
step=130940 | loss=3.1808 | lr=3.00e-04 | wd=0.0142 | mom=0.9500 | T=7.2 k=3.5 (mu_rec=8 mu_bwd=4) | grad=0.891 | tok/s=24,494 | tokens=4.29B
step=130950 | loss=2.8395 | lr=3.00e-04 | wd=0.0142 | mom=0.9500 | T=9.0 k=4.0 (mu_rec=8 mu_bwd=4) | grad=1.181 | tok/s=23,897 | tokens=4.29B
step=130960 | loss=3.0817 | lr=3.00e-04 | wd=0.0142 | mom=0.9500 | T=7.2 k=4.0 (mu_rec=8 mu_bwd=4) | grad=0.875 | tok/s=23,045 | tokens=4.29B
step=130970 | loss=3.0410 | lr=3.00e-04 | wd=0.0142 | mom=0.9500 | T=6.8 k=4.0 (mu_rec=8 mu_bwd=4) | grad=1.490 | tok/s=23,628 | tokens=4.29B
step=130980 | loss=3.0399 | lr=3.00e-04 | wd=0.0142 | mom=0.9500 | T=4.8 k=3.5 (mu_rec=8 mu_bwd=4) | grad=1.365 | tok/s=22,590 | tokens=4.29B
step=130990 | loss=2.8496 | lr=3.00e-04 | wd=0.0142 | mom=0.9500 | T=6.2 k=3.8 (mu_rec=8 mu_bwd=4) | grad=1.155 | tok/s=9,986 | tokens=4.29B
step=131000 | loss=3.0591 | lr=3.00e-04 | wd=0.0141 | mom=0.9500 | T=6.0 k=3.5 (mu_rec=8 mu_bwd=4) | grad=1.051 | tok/s=11,293 | tokens=4.29B
step=131010 | loss=3.2339 | lr=3.00e-04 | wd=0.0141 | mom=0.9500 | T=5.8 k=2.8 (mu_rec=8 mu_bwd=4) | grad=1.352 | tok/s=23,570 | tokens=4.29B
step=131020 | loss=3.1964 | lr=3.00e-04 | wd=0.0141 | mom=0.9500 | T=11.0 k=3.8 (mu_rec=8 mu_bwd=4) | grad=2.136 | tok/s=23,629 | tokens=4.29B
step=131030 | loss=3.2198 | lr=3.00e-04 | wd=0.0141 | mom=0.9500 | T=8.5 k=4.0 (mu_rec=8 mu_bwd=4) | grad=1.387 | tok/s=22,233 | tokens=4.29B
step=131040 | loss=3.3956 | lr=3.00e-04 | wd=0.0141 | mom=0.9500 | T=6.5 k=3.8 (mu_rec=8 mu_bwd=4) | grad=0.985 | tok/s=23,221 | tokens=4.29B
step=131050 | loss=3.2424 | lr=3.00e-04 | wd=0.0141 | mom=0.9500 | T=7.5 k=3.8 (mu_rec=8 mu_bwd=4) | grad=1.013 | tok/s=22,331 | tokens=4.29B
step=131060 | loss=2.9214 | lr=3.00e-04 | wd=0.0141 | mom=0.9500 | T=12.2 k=4.0 (mu_rec=8 mu_bwd=4) | grad=0.871 | tok/s=22,647 | tokens=4.29B
step=131070 | loss=3.0156 | lr=3.00e-04 | wd=0.0141 | mom=0.9500 | T=9.8 k=3.8 (mu_rec=8 mu_bwd=4) | grad=0.897 | tok/s=25,916 | tokens=4.29B
step=131080 | loss=3.2048 | lr=3.00e-04 | wd=0.0141 | mom=0.9500 | T=6.8 k=3.2 (mu_rec=8 mu_bwd=4) | grad=0.925 | tok/s=25,544 | tokens=4.30B
step=131090 | loss=3.1744 | lr=3.00e-04 | wd=0.0141 | mom=0.9500 | T=6.8 k=3.5 (mu_rec=8 mu_bwd=4) | grad=1.203 | tok/s=23,637 | tokens=4.30B
step=131100 | loss=3.1865 | lr=3.00e-04 | wd=0.0141 | mom=0.9500 | T=6.8 k=3.8 (mu_rec=8 mu_bwd=4) | grad=1.046 | tok/s=24,214 | tokens=4.30B
step=131110 | loss=3.1199 | lr=3.00e-04 | wd=0.0141 | mom=0.9500 | T=7.5 k=3.2 (mu_rec=8 mu_bwd=4) | grad=5.471 | tok/s=23,892 | tokens=4.30B
step=131120 | loss=3.0406 | lr=3.00e-04 | wd=0.0141 | mom=0.9500 | T=5.8 k=3.8 (mu_rec=8 mu_bwd=4) | grad=1.012 | tok/s=23,793 | tokens=4.30B
step=131130 | loss=3.3922 | lr=3.00e-04 | wd=0.0141 | mom=0.9500 | T=9.2 k=3.2 (mu_rec=8 mu_bwd=4) | grad=1.431 | tok/s=24,023 | tokens=4.30B
step=131140 | loss=3.4166 | lr=3.00e-04 | wd=0.0141 | mom=0.9500 | T=8.2 k=4.0 (mu_rec=8 mu_bwd=4) | grad=1.466 | tok/s=24,577 | tokens=4.30B
step=131150 | loss=3.3801 | lr=3.00e-04 | wd=0.0140 | mom=0.9500 | T=8.2 k=4.0 (mu_rec=8 mu_bwd=4) | grad=1.469 | tok/s=20,850 | tokens=4.30B
step=131160 | loss=2.7178 | lr=3.00e-04 | wd=0.0140 | mom=0.9500 | T=7.8 k=3.2 (mu_rec=8 mu_bwd=4) | grad=0.945 | tok/s=23,225 | tokens=4.30B
step=131170 | loss=2.8949 | lr=3.00e-04 | wd=0.0140 | mom=0.9500 | T=10.0 k=4.0 (mu_rec=8 mu_bwd=4) | grad=1.174 | tok/s=23,538 | tokens=4.30B
step=131180 | loss=3.3313 | lr=3.00e-04 | wd=0.0140 | mom=0.9500 | T=6.5 k=3.2 (mu_rec=8 mu_bwd=4) | grad=0.851 | tok/s=23,412 | tokens=4.30B
step=131190 | loss=3.1106 | lr=3.00e-04 | wd=0.0140 | mom=0.9500 | T=6.8 k=4.0 (mu_rec=8 mu_bwd=4) | grad=1.033 | tok/s=23,745 | tokens=4.30B
step=131200 | loss=3.0238 | lr=3.00e-04 | wd=0.0140 | mom=0.9500 | T=5.5 k=3.5 (mu_rec=8 mu_bwd=4) | grad=1.073 | tok/s=24,512 | tokens=4.30B
step=131210 | loss=3.3690 | lr=3.00e-04 | wd=0.0140 | mom=0.9500 | T=11.2 k=3.8 (mu_rec=8 mu_bwd=4) | grad=1.299 | tok/s=23,712 | tokens=4.30B
step=131220 | loss=2.9010 | lr=3.00e-04 | wd=0.0140 | mom=0.9500 | T=5.2 k=3.5 (mu_rec=8 mu_bwd=4) | grad=1.008 | tok/s=24,655 | tokens=4.30B
step=131230 | loss=3.1367 | lr=3.00e-04 | wd=0.0140 | mom=0.9500 | T=10.0 k=4.0 (mu_rec=8 mu_bwd=4) | grad=2.190 | tok/s=23,429 | tokens=4.30B
step=131240 | loss=3.1938 | lr=3.00e-04 | wd=0.0140 | mom=0.9500 | T=12.5 k=3.8 (mu_rec=8 mu_bwd=4) | grad=1.144 | tok/s=23,200 | tokens=4.30B
step=131250 | loss=3.2009 | lr=3.00e-04 | wd=0.0140 | mom=0.9500 | T=6.2 k=3.5 (mu_rec=8 mu_bwd=4) | grad=1.186 | tok/s=24,739 | tokens=4.30B
step=131260 | loss=3.3434 | lr=3.00e-04 | wd=0.0140 | mom=0.9500 | T=7.2 k=4.0 (mu_rec=8 mu_bwd=4) | grad=1.004 | tok/s=22,482 | tokens=4.30B
step=131270 | loss=2.8079 | lr=3.00e-04 | wd=0.0140 | mom=0.9500 | T=10.2 k=4.0 (mu_rec=8 mu_bwd=4) | grad=0.882 | tok/s=23,920 | tokens=4.30B
step=131280 | loss=3.0550 | lr=3.00e-04 | wd=0.0140 | mom=0.9500 | T=4.5 k=3.2 (mu_rec=8 mu_bwd=4) | grad=1.157 | tok/s=23,655 | tokens=4.30B
step=131290 | loss=3.3455 | lr=3.00e-04 | wd=0.0140 | mom=0.9500 | T=8.0 k=4.0 (mu_rec=8 mu_bwd=4) | grad=1.337 | tok/s=22,066 | tokens=4.30B
step=131300 | loss=2.9090 | lr=3.00e-04 | wd=0.0140 | mom=0.9500 | T=12.0 k=3.8 (mu_rec=8 mu_bwd=4) | grad=1.505 | tok/s=23,399 | tokens=4.30B
step=131310 | loss=3.0940 | lr=3.00e-04 | wd=0.0139 | mom=0.9500 | T=7.2 k=3.8 (mu_rec=8 mu_bwd=4) | grad=1.316 | tok/s=23,763 | tokens=4.30B
step=131320 | loss=2.6897 | lr=3.00e-04 | wd=0.0139 | mom=0.9500 | T=10.8 k=4.0 (mu_rec=8 mu_bwd=4) | grad=1.057 | tok/s=25,011 | tokens=4.30B
step=131330 | loss=2.9572 | lr=3.00e-04 | wd=0.0139 | mom=0.9500 | T=7.8 k=4.0 (mu_rec=8 mu_bwd=4) | grad=0.765 | tok/s=24,170 | tokens=4.30B
step=131340 | loss=3.2835 | lr=3.00e-04 | wd=0.0139 | mom=0.9500 | T=16.0 k=4.0 (mu_rec=8 mu_bwd=4) | grad=1.356 | tok/s=22,621 | tokens=4.30B
step=131350 | loss=3.1013 | lr=3.00e-04 | wd=0.0139 | mom=0.9500 | T=8.5 k=3.8 (mu_rec=8 mu_bwd=4) | grad=0.869 | tok/s=24,400 | tokens=4.30B
step=131360 | loss=3.1068 | lr=3.00e-04 | wd=0.0139 | mom=0.9500 | T=9.0 k=4.0 (mu_rec=8 mu_bwd=4) | grad=0.922 | tok/s=23,993 | tokens=4.30B
step=131370 | loss=3.1688 | lr=3.00e-04 | wd=0.0139 | mom=0.9500 | T=5.2 k=3.5 (mu_rec=8 mu_bwd=4) | grad=1.277 | tok/s=22,471 | tokens=4.30B
step=131380 | loss=3.0613 | lr=3.00e-04 | wd=0.0139 | mom=0.9500 | T=9.5 k=4.0 (mu_rec=8 mu_bwd=4) | grad=1.360 | tok/s=23,441 | tokens=4.31B
step=131390 | loss=2.8070 | lr=3.00e-04 | wd=0.0139 | mom=0.9500 | T=11.0 k=4.0 (mu_rec=8 mu_bwd=4) | grad=0.867 | tok/s=23,945 | tokens=4.31B
step=131400 | loss=3.0162 | lr=3.00e-04 | wd=0.0139 | mom=0.9500 | T=9.8 k=3.8 (mu_rec=8 mu_bwd=4) | grad=1.395 | tok/s=23,831 | tokens=4.31B
step=131410 | loss=3.1893 | lr=3.00e-04 | wd=0.0139 | mom=0.9500 | T=5.0 k=3.2 (mu_rec=8 mu_bwd=4) | grad=1.046 | tok/s=22,671 | tokens=4.31B
step=131420 | loss=3.2470 | lr=3.00e-04 | wd=0.0139 | mom=0.9500 | T=10.0 k=4.0 (mu_rec=8 mu_bwd=4) | grad=0.904 | tok/s=21,238 | tokens=4.31B
step=131430 | loss=3.0996 | lr=3.00e-04 | wd=0.0139 | mom=0.9500 | T=11.8 k=3.8 (mu_rec=8 mu_bwd=4) | grad=0.743 | tok/s=24,051 | tokens=4.31B
step=131440 | loss=3.0700 | lr=3.00e-04 | wd=0.0139 | mom=0.9500 | T=7.5 k=4.0 (mu_rec=8 mu_bwd=4) | grad=0.916 | tok/s=22,259 | tokens=4.31B
step=131450 | loss=3.0965 | lr=3.00e-04 | wd=0.0139 | mom=0.9500 | T=6.0 k=4.0 (mu_rec=8 mu_bwd=4) | grad=0.760 | tok/s=24,913 | tokens=4.31B
step=131460 | loss=2.9766 | lr=3.00e-04 | wd=0.0138 | mom=0.9500 | T=9.5 k=4.0 (mu_rec=8 mu_bwd=4) | grad=2.250 | tok/s=21,938 | tokens=4.31B
step=131470 | loss=3.5229 | lr=3.00e-04 | wd=0.0138 | mom=0.9500 | T=7.0 k=3.2 (mu_rec=8 mu_bwd=4) | grad=1.991 | tok/s=26,279 | tokens=4.31B
step=131480 | loss=2.8678 | lr=3.00e-04 | wd=0.0138 | mom=0.9500 | T=9.2 k=3.5 (mu_rec=8 mu_bwd=4) | grad=1.587 | tok/s=23,690 | tokens=4.31B
step=131490 | loss=3.2554 | lr=3.00e-04 | wd=0.0138 | mom=0.9500 | T=11.2 k=4.0 (mu_rec=8 mu_bwd=4) | grad=1.391 | tok/s=23,802 | tokens=4.31B
step=131500 | loss=2.7801 | lr=3.00e-04 | wd=0.0138 | mom=0.9500 | T=7.8 k=4.0 (mu_rec=8 mu_bwd=4) | grad=0.947 | tok/s=23,659 | tokens=4.31B
step=131510 | loss=3.0652 | lr=3.00e-04 | wd=0.0138 | mom=0.9500 | T=8.0 k=4.0 (mu_rec=8 mu_bwd=4) | grad=0.979 | tok/s=23,115 | tokens=4.31B
step=131520 | loss=3.1954 | lr=3.00e-04 | wd=0.0138 | mom=0.9500 | T=5.0 k=2.8 (mu_rec=8 mu_bwd=4) | grad=0.880 | tok/s=24,245 | tokens=4.31B
step=131530 | loss=3.1561 | lr=3.00e-04 | wd=0.0138 | mom=0.9500 | T=6.5 k=3.5 (mu_rec=8 mu_bwd=4) | grad=1.076 | tok/s=25,241 | tokens=4.31B
step=131540 | loss=3.0512 | lr=3.00e-04 | wd=0.0138 | mom=0.9500 | T=8.8 k=3.5 (mu_rec=8 mu_bwd=4) | grad=1.066 | tok/s=24,466 | tokens=4.31B
step=131550 | loss=3.0706 | lr=3.00e-04 | wd=0.0138 | mom=0.9500 | T=7.5 k=3.8 (mu_rec=8 mu_bwd=4) | grad=1.040 | tok/s=23,913 | tokens=4.31B
step=131560 | loss=3.1361 | lr=3.00e-04 | wd=0.0138 | mom=0.9500 | T=5.8 k=3.2 (mu_rec=8 mu_bwd=4) | grad=1.098 | tok/s=23,481 | tokens=4.31B
step=131570 | loss=2.9082 | lr=3.00e-04 | wd=0.0138 | mom=0.9500 | T=17.8 k=4.0 (mu_rec=8 mu_bwd=4) | grad=0.865 | tok/s=23,028 | tokens=4.31B
step=131580 | loss=3.2549 | lr=3.00e-04 | wd=0.0138 | mom=0.9500 | T=7.0 k=3.5 (mu_rec=8 mu_bwd=4) | grad=1.130 | tok/s=22,726 | tokens=4.31B
step=131590 | loss=2.9812 | lr=3.00e-04 | wd=0.0138 | mom=0.9500 | T=7.5 k=4.0 (mu_rec=8 mu_bwd=4) | grad=1.172 | tok/s=21,447 | tokens=4.31B
step=131600 | loss=3.1358 | lr=3.00e-04 | wd=0.0138 | mom=0.9500 | T=5.8 k=4.0 (mu_rec=8 mu_bwd=4) | grad=1.142 | tok/s=24,593 | tokens=4.31B
step=131610 | loss=2.9985 | lr=3.00e-04 | wd=0.0137 | mom=0.9500 | T=6.2 k=4.0 (mu_rec=8 mu_bwd=4) | grad=1.016 | tok/s=22,241 | tokens=4.31B
step=131620 | loss=3.1084 | lr=3.00e-04 | wd=0.0137 | mom=0.9500 | T=8.8 k=3.2 (mu_rec=8 mu_bwd=4) | grad=0.872 | tok/s=23,157 | tokens=4.31B
step=131630 | loss=3.0892 | lr=3.00e-04 | wd=0.0137 | mom=0.9500 | T=5.2 k=4.0 (mu_rec=8 mu_bwd=4) | grad=0.948 | tok/s=23,981 | tokens=4.31B
step=131640 | loss=2.7543 | lr=3.00e-04 | wd=0.0137 | mom=0.9500 | T=7.0 k=4.0 (mu_rec=8 mu_bwd=4) | grad=1.079 | tok/s=23,433 | tokens=4.31B
step=131650 | loss=3.1473 | lr=3.00e-04 | wd=0.0137 | mom=0.9500 | T=5.8 k=4.0 (mu_rec=8 mu_bwd=4) | grad=0.969 | tok/s=24,849 | tokens=4.31B
step=131660 | loss=3.3176 | lr=3.00e-04 | wd=0.0137 | mom=0.9500 | T=7.2 k=4.0 (mu_rec=8 mu_bwd=4) | grad=2.343 | tok/s=23,387 | tokens=4.31B
step=131670 | loss=3.0568 | lr=3.00e-04 | wd=0.0137 | mom=0.9500 | T=11.0 k=4.0 (mu_rec=8 mu_bwd=4) | grad=3.536 | tok/s=24,047 | tokens=4.31B
step=131680 | loss=2.9779 | lr=3.00e-04 | wd=0.0137 | mom=0.9500 | T=9.2 k=4.0 (mu_rec=8 mu_bwd=4) | grad=2.203 | tok/s=24,137 | tokens=4.31B
step=131690 | loss=3.1445 | lr=3.00e-04 | wd=0.0137 | mom=0.9500 | T=8.5 k=3.2 (mu_rec=8 mu_bwd=4) | grad=0.966 | tok/s=24,680 | tokens=4.32B
step=131700 | loss=3.0705 | lr=3.00e-04 | wd=0.0137 | mom=0.9500 | T=7.8 k=4.0 (mu_rec=8 mu_bwd=4) | grad=1.194 | tok/s=24,360 | tokens=4.32B
step=131710 | loss=3.0996 | lr=3.00e-04 | wd=0.0137 | mom=0.9500 | T=4.0 k=3.2 (mu_rec=8 mu_bwd=4) | grad=1.706 | tok/s=22,625 | tokens=4.32B
step=131720 | loss=3.1311 | lr=3.00e-04 | wd=0.0137 | mom=0.9500 | T=14.2 k=4.0 (mu_rec=8 mu_bwd=4) | grad=0.857 | tok/s=23,050 | tokens=4.32B
step=131730 | loss=2.5050 | lr=3.00e-04 | wd=0.0137 | mom=0.9500 | T=2.8 k=2.8 (mu_rec=8 mu_bwd=4) | grad=1.315 | tok/s=24,609 | tokens=4.32B
step=131740 | loss=2.7304 | lr=3.00e-04 | wd=0.0137 | mom=0.9500 | T=9.0 k=4.0 (mu_rec=8 mu_bwd=4) | grad=1.090 | tok/s=23,533 | tokens=4.32B
step=131750 | loss=3.3167 | lr=3.00e-04 | wd=0.0137 | mom=0.9500 | T=5.8 k=3.0 (mu_rec=8 mu_bwd=4) | grad=1.120 | tok/s=25,521 | tokens=4.32B
step=131760 | loss=2.6902 | lr=3.00e-04 | wd=0.0136 | mom=0.9500 | T=4.0 k=3.0 (mu_rec=8 mu_bwd=4) | grad=1.612 | tok/s=25,140 | tokens=4.32B
step=131770 | loss=3.2573 | lr=3.00e-04 | wd=0.0136 | mom=0.9500 | T=6.0 k=4.0 (mu_rec=8 mu_bwd=4) | grad=0.849 | tok/s=24,260 | tokens=4.32B
step=131780 | loss=3.1744 | lr=3.00e-04 | wd=0.0136 | mom=0.9500 | T=7.8 k=4.0 (mu_rec=8 mu_bwd=4) | grad=0.785 | tok/s=23,954 | tokens=4.32B
step=131790 | loss=2.6567 | lr=3.00e-04 | wd=0.0136 | mom=0.9500 | T=11.0 k=4.0 (mu_rec=8 mu_bwd=4) | grad=0.890 | tok/s=21,774 | tokens=4.32B
step=131800 | loss=2.7761 | lr=3.00e-04 | wd=0.0136 | mom=0.9500 | T=7.2 k=4.0 (mu_rec=8 mu_bwd=4) | grad=0.887 | tok/s=23,616 | tokens=4.32B
step=131810 | loss=3.1688 | lr=3.00e-04 | wd=0.0136 | mom=0.9500 | T=9.2 k=3.8 (mu_rec=8 mu_bwd=4) | grad=0.898 | tok/s=9,747 | tokens=4.32B
step=131820 | loss=3.1688 | lr=3.00e-04 | wd=0.0136 | mom=0.9500 | T=6.8 k=3.8 (mu_rec=8 mu_bwd=4) | grad=0.790 | tok/s=23,431 | tokens=4.32B
step=131830 | loss=2.9254 | lr=3.00e-04 | wd=0.0136 | mom=0.9500 | T=7.5 k=4.0 (mu_rec=8 mu_bwd=4) | grad=1.350 | tok/s=25,715 | tokens=4.32B
step=131840 | loss=3.2061 | lr=3.00e-04 | wd=0.0136 | mom=0.9500 | T=9.2 k=4.0 (mu_rec=8 mu_bwd=4) | grad=1.314 | tok/s=21,903 | tokens=4.32B
step=131850 | loss=3.4931 | lr=3.00e-04 | wd=0.0136 | mom=0.9500 | T=10.5 k=3.5 (mu_rec=8 mu_bwd=4) | grad=3.045 | tok/s=21,740 | tokens=4.32B
step=131860 | loss=3.4083 | lr=3.00e-04 | wd=0.0136 | mom=0.9500 | T=9.5 k=4.0 (mu_rec=8 mu_bwd=4) | grad=1.270 | tok/s=21,700 | tokens=4.32B
step=131870 | loss=3.1016 | lr=3.00e-04 | wd=0.0136 | mom=0.9500 | T=11.0 k=3.8 (mu_rec=8 mu_bwd=4) | grad=1.186 | tok/s=23,574 | tokens=4.32B
step=131880 | loss=3.1430 | lr=3.00e-04 | wd=0.0136 | mom=0.9500 | T=9.0 k=4.0 (mu_rec=8 mu_bwd=4) | grad=1.058 | tok/s=21,882 | tokens=4.32B
step=131890 | loss=3.2425 | lr=3.00e-04 | wd=0.0136 | mom=0.9500 | T=9.2 k=4.0 (mu_rec=8 mu_bwd=4) | grad=2.404 | tok/s=24,304 | tokens=4.32B
step=131900 | loss=3.1383 | lr=3.00e-04 | wd=0.0136 | mom=0.9500 | T=6.8 k=3.2 (mu_rec=8 mu_bwd=4) | grad=0.874 | tok/s=9,701 | tokens=4.32B
step=131910 | loss=3.4274 | lr=3.00e-04 | wd=0.0136 | mom=0.9500 | T=7.8 k=4.0 (mu_rec=8 mu_bwd=4) | grad=1.859 | tok/s=22,138 | tokens=4.32B
step=131920 | loss=3.6890 | lr=3.00e-04 | wd=0.0135 | mom=0.9500 | T=9.0 k=4.0 (mu_rec=8 mu_bwd=4) | grad=1.360 | tok/s=24,033 | tokens=4.32B
step=131930 | loss=3.2227 | lr=3.00e-04 | wd=0.0135 | mom=0.9500 | T=7.2 k=3.2 (mu_rec=8 mu_bwd=4) | grad=0.883 | tok/s=23,159 | tokens=4.32B
step=131940 | loss=3.1633 | lr=3.00e-04 | wd=0.0135 | mom=0.9500 | T=8.8 k=4.0 (mu_rec=8 mu_bwd=4) | grad=0.794 | tok/s=23,436 | tokens=4.32B
step=131950 | loss=2.9257 | lr=3.00e-04 | wd=0.0135 | mom=0.9500 | T=8.5 k=4.0 (mu_rec=8 mu_bwd=4) | grad=1.049 | tok/s=24,789 | tokens=4.32B
step=131960 | loss=3.2106 | lr=3.00e-04 | wd=0.0135 | mom=0.9500 | T=6.8 k=3.8 (mu_rec=8 mu_bwd=4) | grad=0.897 | tok/s=24,122 | tokens=4.32B
step=131970 | loss=3.0903 | lr=3.00e-04 | wd=0.0135 | mom=0.9500 | T=6.5 k=4.0 (mu_rec=8 mu_bwd=4) | grad=1.316 | tok/s=23,566 | tokens=4.32B
step=131980 | loss=2.9913 | lr=3.00e-04 | wd=0.0135 | mom=0.9500 | T=7.5 k=4.0 (mu_rec=8 mu_bwd=4) | grad=0.949 | tok/s=25,960 | tokens=4.32B
step=131990 | loss=3.1927 | lr=3.00e-04 | wd=0.0135 | mom=0.9500 | T=5.8 k=3.8 (mu_rec=8 mu_bwd=4) | grad=1.126 | tok/s=24,905 | tokens=4.33B
step=132000 | loss=3.1617 | lr=3.00e-04 | wd=0.0135 | mom=0.9500 | T=7.0 k=3.8 (mu_rec=8 mu_bwd=4) | grad=0.843 | tok/s=23,822 | tokens=4.33B
[step 132000] Saved -> runs/cortex-5b-k4/checkpoint_0132000
[step 132000] Pruned -> runs/cortex-5b-k4/checkpoint_0126000
step=132010 | loss=3.1101 | lr=3.00e-04 | wd=0.0135 | mom=0.9500 | T=7.8 k=4.0 (mu_rec=8 mu_bwd=4) | grad=0.905 | tok/s=20,293 | tokens=4.33B
step=132020 | loss=2.8738 | lr=3.00e-04 | wd=0.0135 | mom=0.9500 | T=6.8 k=3.5 (mu_rec=8 mu_bwd=4) | grad=2.822 | tok/s=24,444 | tokens=4.33B
step=132030 | loss=3.1100 | lr=3.00e-04 | wd=0.0135 | mom=0.9500 | T=4.8 k=3.2 (mu_rec=8 mu_bwd=4) | grad=1.049 | tok/s=22,637 | tokens=4.33B
step=132040 | loss=3.1797 | lr=3.00e-04 | wd=0.0135 | mom=0.9500 | T=10.0 k=3.5 (mu_rec=8 mu_bwd=4) | grad=0.838 | tok/s=25,127 | tokens=4.33B
step=132050 | loss=3.1465 | lr=3.00e-04 | wd=0.0135 | mom=0.9500 | T=7.2 k=3.2 (mu_rec=8 mu_bwd=4) | grad=0.838 | tok/s=23,958 | tokens=4.33B
step=132060 | loss=3.2930 | lr=3.00e-04 | wd=0.0135 | mom=0.9500 | T=6.5 k=4.0 (mu_rec=8 mu_bwd=4) | grad=1.557 | tok/s=23,761 | tokens=4.33B
step=132070 | loss=3.4912 | lr=3.00e-04 | wd=0.0134 | mom=0.9500 | T=10.2 k=4.0 (mu_rec=8 mu_bwd=4) | grad=0.918 | tok/s=23,427 | tokens=4.33B
step=132080 | loss=3.1512 | lr=3.00e-04 | wd=0.0134 | mom=0.9500 | T=9.2 k=4.0 (mu_rec=8 mu_bwd=4) | grad=0.861 | tok/s=22,449 | tokens=4.33B
step=132090 | loss=2.8732 | lr=3.00e-04 | wd=0.0134 | mom=0.9500 | T=6.8 k=3.5 (mu_rec=8 mu_bwd=4) | grad=1.000 | tok/s=24,328 | tokens=4.33B
step=132100 | loss=3.0373 | lr=3.00e-04 | wd=0.0134 | mom=0.9500 | T=7.0 k=3.5 (mu_rec=8 mu_bwd=4) | grad=0.948 | tok/s=23,978 | tokens=4.33B
step=132110 | loss=3.2317 | lr=3.00e-04 | wd=0.0134 | mom=0.9500 | T=10.8 k=4.0 (mu_rec=8 mu_bwd=4) | grad=1.008 | tok/s=24,127 | tokens=4.33B
step=132120 | loss=3.4930 | lr=3.00e-04 | wd=0.0134 | mom=0.9500 | T=9.0 k=4.0 (mu_rec=8 mu_bwd=4) | grad=1.276 | tok/s=22,966 | tokens=4.33B
step=132130 | loss=3.2264 | lr=3.00e-04 | wd=0.0134 | mom=0.9500 | T=6.5 k=3.5 (mu_rec=8 mu_bwd=4) | grad=0.849 | tok/s=24,641 | tokens=4.33B
step=132140 | loss=2.9441 | lr=3.00e-04 | wd=0.0134 | mom=0.9500 | T=7.0 k=4.0 (mu_rec=8 mu_bwd=4) | grad=1.005 | tok/s=23,518 | tokens=4.33B
step=132150 | loss=3.2717 | lr=3.00e-04 | wd=0.0134 | mom=0.9500 | T=5.2 k=3.8 (mu_rec=8 mu_bwd=4) | grad=0.989 | tok/s=24,025 | tokens=4.33B
step=132160 | loss=2.9913 | lr=3.00e-04 | wd=0.0134 | mom=0.9500 | T=12.0 k=4.0 (mu_rec=8 mu_bwd=4) | grad=0.864 | tok/s=22,603 | tokens=4.33B
step=132170 | loss=3.0703 | lr=3.00e-04 | wd=0.0134 | mom=0.9500 | T=11.2 k=3.2 (mu_rec=8 mu_bwd=4) | grad=1.472 | tok/s=23,769 | tokens=4.33B
step=132180 | loss=3.2326 | lr=3.00e-04 | wd=0.0134 | mom=0.9500 | T=4.8 k=3.2 (mu_rec=8 mu_bwd=4) | grad=1.232 | tok/s=24,264 | tokens=4.33B
step=132190 | loss=3.0042 | lr=3.00e-04 | wd=0.0134 | mom=0.9500 | T=8.5 k=4.0 (mu_rec=8 mu_bwd=4) | grad=1.831 | tok/s=25,092 | tokens=4.33B
step=132200 | loss=2.6091 | lr=3.00e-04 | wd=0.0134 | mom=0.9500 | T=6.0 k=3.8 (mu_rec=8 mu_bwd=4) | grad=0.967 | tok/s=26,021 | tokens=4.33B
step=132210 | loss=3.0652 | lr=3.00e-04 | wd=0.0134 | mom=0.9500 | T=10.8 k=3.5 (mu_rec=8 mu_bwd=4) | grad=1.271 | tok/s=22,267 | tokens=4.33B
step=132220 | loss=2.9393 | lr=3.00e-04 | wd=0.0133 | mom=0.9500 | T=6.8 k=3.2 (mu_rec=8 mu_bwd=4) | grad=0.910 | tok/s=22,649 | tokens=4.33B
step=132230 | loss=2.8435 | lr=3.00e-04 | wd=0.0133 | mom=0.9500 | T=8.5 k=3.2 (mu_rec=8 mu_bwd=4) | grad=0.904 | tok/s=23,967 | tokens=4.33B
step=132240 | loss=2.8777 | lr=3.00e-04 | wd=0.0133 | mom=0.9500 | T=7.5 k=4.0 (mu_rec=8 mu_bwd=4) | grad=1.025 | tok/s=24,096 | tokens=4.33B
step=132250 | loss=3.2735 | lr=3.00e-04 | wd=0.0133 | mom=0.9500 | T=8.8 k=4.0 (mu_rec=8 mu_bwd=4) | grad=1.066 | tok/s=24,861 | tokens=4.33B
step=132260 | loss=2.8814 | lr=3.00e-04 | wd=0.0133 | mom=0.9500 | T=10.0 k=4.0 (mu_rec=8 mu_bwd=4) | grad=0.782 | tok/s=23,531 | tokens=4.33B
step=132270 | loss=3.1367 | lr=3.00e-04 | wd=0.0133 | mom=0.9500 | T=14.0 k=4.0 (mu_rec=8 mu_bwd=4) | grad=0.913 | tok/s=22,678 | tokens=4.33B
step=132280 | loss=3.1653 | lr=3.00e-04 | wd=0.0133 | mom=0.9500 | T=5.5 k=3.8 (mu_rec=8 mu_bwd=4) | grad=1.123 | tok/s=21,813 | tokens=4.33B
step=132290 | loss=3.2423 | lr=3.00e-04 | wd=0.0133 | mom=0.9500 | T=6.2 k=4.0 (mu_rec=8 mu_bwd=4) | grad=1.113 | tok/s=23,768 | tokens=4.33B
step=132300 | loss=3.2446 | lr=3.00e-04 | wd=0.0133 | mom=0.9500 | T=7.0 k=3.8 (mu_rec=8 mu_bwd=4) | grad=1.056 | tok/s=24,218 | tokens=4.34B
step=132310 | loss=3.4976 | lr=3.00e-04 | wd=0.0133 | mom=0.9500 | T=5.2 k=3.2 (mu_rec=8 mu_bwd=4) | grad=1.469 | tok/s=24,639 | tokens=4.34B
step=132320 | loss=2.9966 | lr=3.00e-04 | wd=0.0133 | mom=0.9500 | T=6.8 k=3.8 (mu_rec=8 mu_bwd=4) | grad=0.871 | tok/s=24,179 | tokens=4.34B
step=132330 | loss=2.8881 | lr=3.00e-04 | wd=0.0133 | mom=0.9500 | T=8.0 k=4.0 (mu_rec=8 mu_bwd=4) | grad=0.719 | tok/s=23,141 | tokens=4.34B
step=132340 | loss=3.1129 | lr=3.00e-04 | wd=0.0133 | mom=0.9500 | T=7.5 k=3.8 (mu_rec=8 mu_bwd=4) | grad=1.002 | tok/s=22,935 | tokens=4.34B
step=132350 | loss=3.1463 | lr=3.00e-04 | wd=0.0133 | mom=0.9500 | T=9.0 k=3.5 (mu_rec=8 mu_bwd=4) | grad=1.550 | tok/s=23,927 | tokens=4.34B
step=132360 | loss=3.3475 | lr=3.00e-04 | wd=0.0133 | mom=0.9500 | T=8.2 k=4.0 (mu_rec=8 mu_bwd=4) | grad=0.818 | tok/s=23,633 | tokens=4.34B
step=132370 | loss=2.9801 | lr=3.00e-04 | wd=0.0133 | mom=0.9500 | T=8.5 k=3.8 (mu_rec=8 mu_bwd=4) | grad=0.918 | tok/s=22,338 | tokens=4.34B
step=132380 | loss=3.1324 | lr=3.00e-04 | wd=0.0132 | mom=0.9500 | T=11.8 k=4.0 (mu_rec=8 mu_bwd=4) | grad=0.959 | tok/s=23,040 | tokens=4.34B
step=132390 | loss=2.8518 | lr=3.00e-04 | wd=0.0132 | mom=0.9500 | T=11.0 k=4.0 (mu_rec=8 mu_bwd=4) | grad=0.893 | tok/s=23,198 | tokens=4.34B
step=132400 | loss=2.6875 | lr=3.00e-04 | wd=0.0132 | mom=0.9500 | T=8.0 k=3.2 (mu_rec=8 mu_bwd=4) | grad=1.295 | tok/s=23,968 | tokens=4.34B
step=132410 | loss=3.0219 | lr=3.00e-04 | wd=0.0132 | mom=0.9500 | T=9.0 k=4.0 (mu_rec=8 mu_bwd=4) | grad=1.369 | tok/s=25,556 | tokens=4.34B
step=132420 | loss=3.1541 | lr=3.00e-04 | wd=0.0132 | mom=0.9500 | T=5.8 k=4.0 (mu_rec=8 mu_bwd=4) | grad=0.886 | tok/s=24,766 | tokens=4.34B
step=132430 | loss=3.1200 | lr=3.00e-04 | wd=0.0132 | mom=0.9500 | T=9.2 k=3.5 (mu_rec=8 mu_bwd=4) | grad=0.864 | tok/s=23,787 | tokens=4.34B
step=132440 | loss=2.8093 | lr=3.00e-04 | wd=0.0132 | mom=0.9500 | T=10.5 k=4.0 (mu_rec=8 mu_bwd=4) | grad=0.840 | tok/s=23,941 | tokens=4.34B
step=132450 | loss=3.2692 | lr=3.00e-04 | wd=0.0132 | mom=0.9500 | T=5.0 k=3.5 (mu_rec=8 mu_bwd=4) | grad=2.147 | tok/s=23,201 | tokens=4.34B
step=132460 | loss=3.0060 | lr=3.00e-04 | wd=0.0132 | mom=0.9500 | T=9.8 k=4.0 (mu_rec=8 mu_bwd=4) | grad=0.840 | tok/s=22,663 | tokens=4.34B
step=132470 | loss=3.0367 | lr=3.00e-04 | wd=0.0132 | mom=0.9500 | T=9.2 k=4.0 (mu_rec=8 mu_bwd=4) | grad=1.640 | tok/s=23,290 | tokens=4.34B
step=132480 | loss=2.9738 | lr=3.00e-04 | wd=0.0132 | mom=0.9500 | T=4.5 k=3.0 (mu_rec=8 mu_bwd=4) | grad=0.916 | tok/s=24,245 | tokens=4.34B
step=132490 | loss=3.0143 | lr=3.00e-04 | wd=0.0132 | mom=0.9500 | T=9.5 k=4.0 (mu_rec=8 mu_bwd=4) | grad=0.871 | tok/s=22,333 | tokens=4.34B
step=132500 | loss=2.8817 | lr=3.00e-04 | wd=0.0132 | mom=0.9500 | T=10.8 k=4.0 (mu_rec=8 mu_bwd=4) | grad=0.876 | tok/s=23,558 | tokens=4.34B
step=132510 | loss=3.1249 | lr=3.00e-04 | wd=0.0132 | mom=0.9500 | T=5.5 k=4.0 (mu_rec=8 mu_bwd=4) | grad=1.211 | tok/s=25,879 | tokens=4.34B
step=132520 | loss=3.0320 | lr=3.00e-04 | wd=0.0132 | mom=0.9500 | T=8.5 k=4.0 (mu_rec=8 mu_bwd=4) | grad=6.322 | tok/s=23,736 | tokens=4.34B
step=132530 | loss=3.1233 | lr=3.00e-04 | wd=0.0131 | mom=0.9500 | T=9.2 k=4.0 (mu_rec=8 mu_bwd=4) | grad=0.797 | tok/s=24,180 | tokens=4.34B
step=132540 | loss=3.0580 | lr=3.00e-04 | wd=0.0131 | mom=0.9500 | T=7.2 k=4.0 (mu_rec=8 mu_bwd=4) | grad=1.001 | tok/s=23,788 | tokens=4.34B
step=132550 | loss=3.4242 | lr=3.00e-04 | wd=0.0131 | mom=0.9500 | T=10.5 k=3.5 (mu_rec=8 mu_bwd=4) | grad=1.001 | tok/s=22,754 | tokens=4.34B
step=132560 | loss=3.1699 | lr=3.00e-04 | wd=0.0131 | mom=0.9500 | T=9.2 k=4.0 (mu_rec=8 mu_bwd=4) | grad=1.375 | tok/s=23,463 | tokens=4.34B
step=132570 | loss=3.2778 | lr=3.00e-04 | wd=0.0131 | mom=0.9500 | T=5.2 k=3.5 (mu_rec=8 mu_bwd=4) | grad=1.260 | tok/s=24,641 | tokens=4.34B
step=132580 | loss=3.1383 | lr=3.00e-04 | wd=0.0131 | mom=0.9500 | T=7.0 k=3.8 (mu_rec=8 mu_bwd=4) | grad=0.967 | tok/s=24,888 | tokens=4.34B
step=132590 | loss=2.7515 | lr=3.00e-04 | wd=0.0131 | mom=0.9500 | T=7.0 k=4.0 (mu_rec=8 mu_bwd=4) | grad=1.575 | tok/s=23,244 | tokens=4.34B
step=132600 | loss=3.6338 | lr=3.00e-04 | wd=0.0131 | mom=0.9500 | T=5.5 k=2.5 (mu_rec=8 mu_bwd=4) | grad=0.957 | tok/s=23,834 | tokens=4.35B
step=132610 | loss=3.3701 | lr=3.00e-04 | wd=0.0131 | mom=0.9500 | T=7.2 k=4.0 (mu_rec=8 mu_bwd=4) | grad=1.303 | tok/s=23,010 | tokens=4.35B
step=132620 | loss=3.2773 | lr=3.00e-04 | wd=0.0131 | mom=0.9500 | T=11.2 k=4.0 (mu_rec=8 mu_bwd=4) | grad=0.841 | tok/s=24,554 | tokens=4.35B
step=132630 | loss=3.8566 | lr=3.00e-04 | wd=0.0131 | mom=0.9500 | T=7.2 k=4.0 (mu_rec=8 mu_bwd=4) | grad=0.793 | tok/s=25,559 | tokens=4.35B
step=132640 | loss=3.0070 | lr=3.00e-04 | wd=0.0131 | mom=0.9500 | T=5.5 k=3.5 (mu_rec=8 mu_bwd=4) | grad=3.562 | tok/s=22,675 | tokens=4.35B
step=132650 | loss=3.1159 | lr=3.00e-04 | wd=0.0131 | mom=0.9500 | T=6.2 k=3.5 (mu_rec=8 mu_bwd=4) | grad=0.769 | tok/s=24,540 | tokens=4.35B
step=132660 | loss=3.0550 | lr=3.00e-04 | wd=0.0131 | mom=0.9500 | T=4.2 k=3.5 (mu_rec=8 mu_bwd=4) | grad=1.057 | tok/s=10,716 | tokens=4.35B
step=132670 | loss=2.8745 | lr=3.00e-04 | wd=0.0131 | mom=0.9500 | T=2.2 k=2.2 (mu_rec=8 mu_bwd=4) | grad=0.830 | tok/s=25,038 | tokens=4.35B
step=132680 | loss=2.8639 | lr=3.00e-04 | wd=0.0130 | mom=0.9500 | T=16.5 k=4.0 (mu_rec=8 mu_bwd=4) | grad=1.132 | tok/s=21,846 | tokens=4.35B
step=132690 | loss=2.9345 | lr=3.00e-04 | wd=0.0130 | mom=0.9500 | T=9.0 k=4.0 (mu_rec=8 mu_bwd=4) | grad=0.946 | tok/s=24,801 | tokens=4.35B
step=132700 | loss=3.1793 | lr=3.00e-04 | wd=0.0130 | mom=0.9500 | T=4.0 k=3.0 (mu_rec=8 mu_bwd=4) | grad=1.034 | tok/s=22,929 | tokens=4.35B
step=132710 | loss=3.3153 | lr=3.00e-04 | wd=0.0130 | mom=0.9500 | T=9.5 k=3.8 (mu_rec=8 mu_bwd=4) | grad=1.427 | tok/s=24,743 | tokens=4.35B
step=132720 | loss=3.3555 | lr=3.00e-04 | wd=0.0130 | mom=0.9500 | T=7.2 k=4.0 (mu_rec=8 mu_bwd=4) | grad=1.137 | tok/s=22,753 | tokens=4.35B
step=132730 | loss=2.8787 | lr=3.00e-04 | wd=0.0130 | mom=0.9500 | T=8.0 k=3.2 (mu_rec=8 mu_bwd=4) | grad=0.896 | tok/s=22,250 | tokens=4.35B
step=132740 | loss=3.2172 | lr=3.00e-04 | wd=0.0130 | mom=0.9500 | T=8.5 k=4.0 (mu_rec=8 mu_bwd=4) | grad=0.813 | tok/s=24,105 | tokens=4.35B
step=132750 | loss=2.5964 | lr=3.00e-04 | wd=0.0130 | mom=0.9500 | T=4.5 k=3.2 (mu_rec=8 mu_bwd=4) | grad=0.887 | tok/s=10,267 | tokens=4.35B
step=132760 | loss=3.3358 | lr=3.00e-04 | wd=0.0130 | mom=0.9500 | T=7.0 k=4.0 (mu_rec=8 mu_bwd=4) | grad=1.099 | tok/s=22,559 | tokens=4.35B
step=132770 | loss=3.2285 | lr=3.00e-04 | wd=0.0130 | mom=0.9500 | T=7.0 k=3.8 (mu_rec=8 mu_bwd=4) | grad=2.146 | tok/s=23,138 | tokens=4.35B
step=132780 | loss=3.0040 | lr=3.00e-04 | wd=0.0130 | mom=0.9500 | T=9.2 k=3.8 (mu_rec=8 mu_bwd=4) | grad=0.898 | tok/s=24,361 | tokens=4.35B
step=132790 | loss=3.1472 | lr=3.00e-04 | wd=0.0130 | mom=0.9500 | T=6.0 k=4.0 (mu_rec=8 mu_bwd=4) | grad=1.759 | tok/s=22,526 | tokens=4.35B
step=132800 | loss=3.0855 | lr=3.00e-04 | wd=0.0130 | mom=0.9500 | T=6.8 k=4.0 (mu_rec=8 mu_bwd=4) | grad=0.898 | tok/s=23,359 | tokens=4.35B
step=132810 | loss=3.0621 | lr=3.00e-04 | wd=0.0130 | mom=0.9500 | T=7.2 k=3.5 (mu_rec=8 mu_bwd=4) | grad=0.857 | tok/s=22,741 | tokens=4.35B
step=132820 | loss=3.2815 | lr=3.00e-04 | wd=0.0130 | mom=0.9500 | T=11.5 k=4.0 (mu_rec=8 mu_bwd=4) | grad=1.008 | tok/s=22,893 | tokens=4.35B
step=132830 | loss=2.7478 | lr=3.00e-04 | wd=0.0129 | mom=0.9500 | T=7.8 k=4.0 (mu_rec=8 mu_bwd=4) | grad=0.771 | tok/s=22,880 | tokens=4.35B
step=132840 | loss=3.0543 | lr=3.00e-04 | wd=0.0129 | mom=0.9500 | T=11.0 k=4.0 (mu_rec=8 mu_bwd=4) | grad=0.925 | tok/s=21,772 | tokens=4.35B
step=132850 | loss=3.0865 | lr=3.00e-04 | wd=0.0129 | mom=0.9500 | T=9.2 k=4.0 (mu_rec=8 mu_bwd=4) | grad=1.019 | tok/s=24,251 | tokens=4.35B
step=132860 | loss=3.1628 | lr=3.00e-04 | wd=0.0129 | mom=0.9500 | T=11.5 k=4.0 (mu_rec=8 mu_bwd=4) | grad=1.603 | tok/s=23,125 | tokens=4.35B
step=132870 | loss=3.3730 | lr=3.00e-04 | wd=0.0129 | mom=0.9500 | T=10.5 k=3.5 (mu_rec=8 mu_bwd=4) | grad=1.475 | tok/s=22,076 | tokens=4.35B
step=132880 | loss=3.0223 | lr=3.00e-04 | wd=0.0129 | mom=0.9500 | T=4.2 k=3.8 (mu_rec=8 mu_bwd=4) | grad=1.057 | tok/s=24,326 | tokens=4.35B
step=132890 | loss=3.0795 | lr=3.00e-04 | wd=0.0129 | mom=0.9500 | T=7.0 k=3.2 (mu_rec=8 mu_bwd=4) | grad=1.037 | tok/s=22,781 | tokens=4.35B
step=132900 | loss=2.9581 | lr=3.00e-04 | wd=0.0129 | mom=0.9500 | T=9.5 k=4.0 (mu_rec=8 mu_bwd=4) | grad=0.937 | tok/s=23,855 | tokens=4.35B
step=132910 | loss=3.0074 | lr=3.00e-04 | wd=0.0129 | mom=0.9500 | T=6.2 k=4.0 (mu_rec=8 mu_bwd=4) | grad=1.031 | tok/s=24,020 | tokens=4.36B
step=132920 | loss=2.8813 | lr=3.00e-04 | wd=0.0129 | mom=0.9500 | T=8.5 k=3.8 (mu_rec=8 mu_bwd=4) | grad=1.334 | tok/s=22,604 | tokens=4.36B
step=132930 | loss=2.8947 | lr=3.00e-04 | wd=0.0129 | mom=0.9500 | T=8.0 k=4.0 (mu_rec=8 mu_bwd=4) | grad=1.119 | tok/s=23,689 | tokens=4.36B
step=132940 | loss=3.0430 | lr=3.00e-04 | wd=0.0129 | mom=0.9500 | T=8.0 k=3.2 (mu_rec=8 mu_bwd=4) | grad=1.328 | tok/s=24,680 | tokens=4.36B
step=132950 | loss=3.3696 | lr=3.00e-04 | wd=0.0129 | mom=0.9500 | T=8.0 k=3.5 (mu_rec=8 mu_bwd=4) | grad=1.577 | tok/s=24,172 | tokens=4.36B
step=132960 | loss=3.2482 | lr=3.00e-04 | wd=0.0129 | mom=0.9500 | T=10.2 k=4.0 (mu_rec=8 mu_bwd=4) | grad=1.061 | tok/s=24,399 | tokens=4.36B
step=132970 | loss=3.2036 | lr=3.00e-04 | wd=0.0129 | mom=0.9500 | T=9.5 k=4.0 (mu_rec=8 mu_bwd=4) | grad=1.036 | tok/s=23,788 | tokens=4.36B
step=132980 | loss=2.9536 | lr=3.00e-04 | wd=0.0129 | mom=0.9500 | T=9.2 k=4.0 (mu_rec=8 mu_bwd=4) | grad=1.051 | tok/s=23,045 | tokens=4.36B
step=132990 | loss=2.9996 | lr=3.00e-04 | wd=0.0128 | mom=0.9500 | T=6.5 k=3.5 (mu_rec=8 mu_bwd=4) | grad=1.221 | tok/s=25,328 | tokens=4.36B
step=133000 | loss=2.9805 | lr=3.00e-04 | wd=0.0128 | mom=0.9500 | T=10.5 k=4.0 (mu_rec=8 mu_bwd=4) | grad=1.053 | tok/s=22,710 | tokens=4.36B
step=133010 | loss=3.2569 | lr=3.00e-04 | wd=0.0128 | mom=0.9500 | T=7.8 k=3.5 (mu_rec=8 mu_bwd=4) | grad=0.932 | tok/s=22,421 | tokens=4.36B
step=133020 | loss=2.9619 | lr=3.00e-04 | wd=0.0128 | mom=0.9500 | T=5.5 k=3.8 (mu_rec=8 mu_bwd=4) | grad=0.861 | tok/s=23,180 | tokens=4.36B
step=133030 | loss=3.0478 | lr=3.00e-04 | wd=0.0128 | mom=0.9500 | T=5.5 k=3.8 (mu_rec=8 mu_bwd=4) | grad=1.393 | tok/s=24,525 | tokens=4.36B
step=133040 | loss=2.9517 | lr=3.00e-04 | wd=0.0128 | mom=0.9500 | T=7.8 k=4.0 (mu_rec=8 mu_bwd=4) | grad=1.491 | tok/s=23,344 | tokens=4.36B
step=133050 | loss=3.1047 | lr=3.00e-04 | wd=0.0128 | mom=0.9500 | T=7.5 k=3.8 (mu_rec=8 mu_bwd=4) | grad=1.385 | tok/s=23,366 | tokens=4.36B
step=133060 | loss=3.0809 | lr=3.00e-04 | wd=0.0128 | mom=0.9500 | T=8.8 k=3.5 (mu_rec=8 mu_bwd=4) | grad=1.532 | tok/s=23,292 | tokens=4.36B
step=133070 | loss=2.6617 | lr=3.00e-04 | wd=0.0128 | mom=0.9500 | T=7.0 k=3.0 (mu_rec=8 mu_bwd=4) | grad=1.029 | tok/s=23,938 | tokens=4.36B
step=133080 | loss=2.6833 | lr=3.00e-04 | wd=0.0128 | mom=0.9500 | T=7.0 k=3.5 (mu_rec=8 mu_bwd=4) | grad=0.916 | tok/s=22,913 | tokens=4.36B
step=133090 | loss=3.0500 | lr=3.00e-04 | wd=0.0128 | mom=0.9500 | T=9.8 k=3.5 (mu_rec=8 mu_bwd=4) | grad=0.895 | tok/s=23,069 | tokens=4.36B
step=133100 | loss=3.1135 | lr=3.00e-04 | wd=0.0128 | mom=0.9500 | T=7.8 k=4.0 (mu_rec=8 mu_bwd=4) | grad=1.575 | tok/s=24,037 | tokens=4.36B
step=133110 | loss=3.5255 | lr=3.00e-04 | wd=0.0128 | mom=0.9500 | T=8.0 k=4.0 (mu_rec=8 mu_bwd=4) | grad=1.515 | tok/s=23,822 | tokens=4.36B
step=133120 | loss=3.2161 | lr=3.00e-04 | wd=0.0128 | mom=0.9500 | T=8.2 k=4.0 (mu_rec=8 mu_bwd=4) | grad=1.058 | tok/s=22,275 | tokens=4.36B
step=133130 | loss=3.1963 | lr=3.00e-04 | wd=0.0128 | mom=0.9500 | T=9.2 k=3.5 (mu_rec=8 mu_bwd=4) | grad=0.960 | tok/s=23,447 | tokens=4.36B
step=133140 | loss=3.1494 | lr=3.00e-04 | wd=0.0127 | mom=0.9500 | T=5.0 k=4.0 (mu_rec=8 mu_bwd=4) | grad=1.181 | tok/s=24,633 | tokens=4.36B
step=133150 | loss=3.1157 | lr=3.00e-04 | wd=0.0127 | mom=0.9500 | T=2.8 k=2.8 (mu_rec=8 mu_bwd=4) | grad=0.958 | tok/s=24,409 | tokens=4.36B
step=133160 | loss=3.4151 | lr=3.00e-04 | wd=0.0127 | mom=0.9500 | T=4.8 k=2.8 (mu_rec=8 mu_bwd=4) | grad=1.002 | tok/s=23,111 | tokens=4.36B
step=133170 | loss=3.2626 | lr=3.00e-04 | wd=0.0127 | mom=0.9500 | T=8.8 k=3.8 (mu_rec=8 mu_bwd=4) | grad=0.873 | tok/s=24,333 | tokens=4.36B
step=133180 | loss=3.0584 | lr=3.00e-04 | wd=0.0127 | mom=0.9500 | T=7.0 k=4.0 (mu_rec=8 mu_bwd=4) | grad=1.066 | tok/s=23,199 | tokens=4.36B
step=133190 | loss=3.1433 | lr=3.00e-04 | wd=0.0127 | mom=0.9500 | T=5.0 k=3.2 (mu_rec=8 mu_bwd=4) | grad=1.258 | tok/s=22,673 | tokens=4.36B
step=133200 | loss=3.2216 | lr=3.00e-04 | wd=0.0127 | mom=0.9500 | T=4.5 k=3.2 (mu_rec=8 mu_bwd=4) | grad=1.138 | tok/s=26,177 | tokens=4.36B
step=133210 | loss=3.1429 | lr=3.00e-04 | wd=0.0127 | mom=0.9500 | T=6.8 k=3.2 (mu_rec=8 mu_bwd=4) | grad=1.135 | tok/s=24,079 | tokens=4.37B
step=133220 | loss=3.0002 | lr=3.00e-04 | wd=0.0127 | mom=0.9500 | T=11.0 k=3.8 (mu_rec=8 mu_bwd=4) | grad=0.965 | tok/s=23,183 | tokens=4.37B
step=133230 | loss=3.0321 | lr=3.00e-04 | wd=0.0127 | mom=0.9500 | T=10.8 k=4.0 (mu_rec=8 mu_bwd=4) | grad=2.381 | tok/s=24,092 | tokens=4.37B
step=133240 | loss=3.0260 | lr=3.00e-04 | wd=0.0127 | mom=0.9500 | T=8.2 k=4.0 (mu_rec=8 mu_bwd=4) | grad=1.980 | tok/s=23,759 | tokens=4.37B
step=133250 | loss=2.8840 | lr=3.00e-04 | wd=0.0127 | mom=0.9500 | T=10.8 k=4.0 (mu_rec=8 mu_bwd=4) | grad=1.004 | tok/s=23,698 | tokens=4.37B
step=133260 | loss=2.8730 | lr=3.00e-04 | wd=0.0127 | mom=0.9500 | T=4.5 k=3.5 (mu_rec=8 mu_bwd=4) | grad=1.355 | tok/s=24,430 | tokens=4.37B
step=133270 | loss=3.3095 | lr=3.00e-04 | wd=0.0127 | mom=0.9500 | T=4.8 k=3.5 (mu_rec=8 mu_bwd=4) | grad=2.537 | tok/s=26,552 | tokens=4.37B
step=133280 | loss=2.9918 | lr=3.00e-04 | wd=0.0127 | mom=0.9500 | T=10.8 k=3.5 (mu_rec=8 mu_bwd=4) | grad=1.133 | tok/s=22,289 | tokens=4.37B
step=133290 | loss=3.1772 | lr=3.00e-04 | wd=0.0126 | mom=0.9500 | T=6.2 k=4.0 (mu_rec=8 mu_bwd=4) | grad=1.147 | tok/s=23,457 | tokens=4.37B
step=133300 | loss=3.0434 | lr=3.00e-04 | wd=0.0126 | mom=0.9500 | T=7.5 k=4.0 (mu_rec=8 mu_bwd=4) | grad=0.858 | tok/s=22,813 | tokens=4.37B
step=133310 | loss=3.2036 | lr=3.00e-04 | wd=0.0126 | mom=0.9500 | T=8.0 k=4.0 (mu_rec=8 mu_bwd=4) | grad=1.163 | tok/s=23,177 | tokens=4.37B
step=133320 | loss=3.1164 | lr=3.00e-04 | wd=0.0126 | mom=0.9500 | T=8.5 k=3.2 (mu_rec=8 mu_bwd=4) | grad=0.817 | tok/s=22,652 | tokens=4.37B
step=133330 | loss=3.4425 | lr=3.00e-04 | wd=0.0126 | mom=0.9500 | T=7.0 k=4.0 (mu_rec=8 mu_bwd=4) | grad=0.939 | tok/s=23,999 | tokens=4.37B
step=133340 | loss=3.6011 | lr=3.00e-04 | wd=0.0126 | mom=0.9500 | T=3.0 k=2.8 (mu_rec=8 mu_bwd=4) | grad=1.225 | tok/s=24,289 | tokens=4.37B
step=133350 | loss=3.1171 | lr=3.00e-04 | wd=0.0126 | mom=0.9500 | T=6.0 k=3.0 (mu_rec=8 mu_bwd=4) | grad=1.399 | tok/s=22,766 | tokens=4.37B
step=133360 | loss=3.4676 | lr=3.00e-04 | wd=0.0126 | mom=0.9500 | T=9.8 k=4.0 (mu_rec=8 mu_bwd=4) | grad=1.145 | tok/s=25,242 | tokens=4.37B
step=133370 | loss=3.0021 | lr=3.00e-04 | wd=0.0126 | mom=0.9500 | T=6.5 k=3.0 (mu_rec=8 mu_bwd=4) | grad=0.982 | tok/s=24,699 | tokens=4.37B
step=133380 | loss=3.0021 | lr=3.00e-04 | wd=0.0126 | mom=0.9500 | T=7.8 k=3.2 (mu_rec=8 mu_bwd=4) | grad=1.322 | tok/s=23,419 | tokens=4.37B
step=133390 | loss=3.1408 | lr=3.00e-04 | wd=0.0126 | mom=0.9500 | T=2.8 k=2.8 (mu_rec=8 mu_bwd=4) | grad=0.914 | tok/s=23,373 | tokens=4.37B
step=133400 | loss=3.3643 | lr=3.00e-04 | wd=0.0126 | mom=0.9500 | T=12.2 k=4.0 (mu_rec=8 mu_bwd=4) | grad=1.431 | tok/s=23,853 | tokens=4.37B
step=133410 | loss=3.3914 | lr=3.00e-04 | wd=0.0126 | mom=0.9500 | T=5.0 k=3.5 (mu_rec=8 mu_bwd=4) | grad=5.295 | tok/s=24,640 | tokens=4.37B
step=133420 | loss=3.3185 | lr=3.00e-04 | wd=0.0126 | mom=0.9500 | T=6.5 k=3.0 (mu_rec=8 mu_bwd=4) | grad=2.165 | tok/s=23,778 | tokens=4.37B
step=133430 | loss=3.0403 | lr=3.00e-04 | wd=0.0126 | mom=0.9500 | T=7.5 k=3.8 (mu_rec=8 mu_bwd=4) | grad=0.909 | tok/s=23,127 | tokens=4.37B
step=133440 | loss=2.9844 | lr=3.00e-04 | wd=0.0125 | mom=0.9500 | T=10.5 k=4.0 (mu_rec=8 mu_bwd=4) | grad=0.879 | tok/s=23,344 | tokens=4.37B
step=133450 | loss=3.0858 | lr=3.00e-04 | wd=0.0125 | mom=0.9500 | T=9.0 k=4.0 (mu_rec=8 mu_bwd=4) | grad=2.799 | tok/s=23,684 | tokens=4.37B
step=133460 | loss=3.1719 | lr=3.00e-04 | wd=0.0125 | mom=0.9500 | T=8.8 k=4.0 (mu_rec=8 mu_bwd=4) | grad=1.105 | tok/s=24,247 | tokens=4.37B
step=133470 | loss=3.1530 | lr=3.00e-04 | wd=0.0125 | mom=0.9500 | T=7.2 k=3.8 (mu_rec=8 mu_bwd=4) | grad=1.417 | tok/s=22,744 | tokens=4.37B
step=133480 | loss=3.5715 | lr=3.00e-04 | wd=0.0125 | mom=0.9500 | T=7.5 k=3.0 (mu_rec=8 mu_bwd=4) | grad=1.167 | tok/s=24,206 | tokens=4.37B
step=133490 | loss=3.2569 | lr=3.00e-04 | wd=0.0125 | mom=0.9500 | T=12.5 k=4.0 (mu_rec=8 mu_bwd=4) | grad=0.904 | tok/s=22,546 | tokens=4.37B
step=133500 | loss=2.9965 | lr=3.00e-04 | wd=0.0125 | mom=0.9500 | T=7.2 k=4.0 (mu_rec=8 mu_bwd=4) | grad=0.821 | tok/s=24,344 | tokens=4.37B
step=133510 | loss=3.1861 | lr=3.00e-04 | wd=0.0125 | mom=0.9500 | T=8.5 k=4.0 (mu_rec=8 mu_bwd=4) | grad=0.872 | tok/s=24,533 | tokens=4.37B
step=133520 | loss=3.2317 | lr=3.00e-04 | wd=0.0125 | mom=0.9500 | T=10.8 k=4.0 (mu_rec=8 mu_bwd=4) | grad=2.762 | tok/s=21,854 | tokens=4.38B
step=133530 | loss=2.9784 | lr=3.00e-04 | wd=0.0125 | mom=0.9500 | T=9.0 k=4.0 (mu_rec=8 mu_bwd=4) | grad=0.893 | tok/s=24,766 | tokens=4.38B
step=133540 | loss=3.2062 | lr=3.00e-04 | wd=0.0125 | mom=0.9500 | T=8.0 k=3.8 (mu_rec=8 mu_bwd=4) | grad=1.558 | tok/s=10,166 | tokens=4.38B
step=133550 | loss=2.8509 | lr=3.00e-04 | wd=0.0125 | mom=0.9500 | T=9.0 k=4.0 (mu_rec=8 mu_bwd=4) | grad=1.144 | tok/s=25,159 | tokens=4.38B
step=133560 | loss=3.1223 | lr=3.00e-04 | wd=0.0125 | mom=0.9500 | T=10.0 k=4.0 (mu_rec=8 mu_bwd=4) | grad=1.290 | tok/s=23,316 | tokens=4.38B
step=133570 | loss=2.9064 | lr=3.00e-04 | wd=0.0125 | mom=0.9500 | T=7.5 k=3.2 (mu_rec=8 mu_bwd=4) | grad=0.769 | tok/s=23,821 | tokens=4.38B
step=133580 | loss=2.7521 | lr=3.00e-04 | wd=0.0125 | mom=0.9500 | T=7.5 k=4.0 (mu_rec=8 mu_bwd=4) | grad=0.788 | tok/s=22,563 | tokens=4.38B
step=133590 | loss=3.0076 | lr=3.00e-04 | wd=0.0125 | mom=0.9500 | T=5.5 k=3.2 (mu_rec=8 mu_bwd=4) | grad=0.846 | tok/s=22,656 | tokens=4.38B
step=133600 | loss=3.2873 | lr=3.00e-04 | wd=0.0124 | mom=0.9500 | T=6.0 k=3.2 (mu_rec=8 mu_bwd=4) | grad=1.113 | tok/s=23,894 | tokens=4.38B
step=133610 | loss=3.1804 | lr=3.00e-04 | wd=0.0124 | mom=0.9500 | T=7.0 k=4.0 (mu_rec=8 mu_bwd=4) | grad=1.033 | tok/s=24,376 | tokens=4.38B
step=133620 | loss=2.9442 | lr=3.00e-04 | wd=0.0124 | mom=0.9500 | T=4.5 k=3.0 (mu_rec=8 mu_bwd=4) | grad=0.857 | tok/s=23,855 | tokens=4.38B
step=133630 | loss=2.8357 | lr=3.00e-04 | wd=0.0124 | mom=0.9500 | T=8.0 k=4.0 (mu_rec=8 mu_bwd=4) | grad=0.915 | tok/s=23,167 | tokens=4.38B
step=133640 | loss=2.8294 | lr=3.00e-04 | wd=0.0124 | mom=0.9500 | T=9.5 k=4.0 (mu_rec=8 mu_bwd=4) | grad=1.063 | tok/s=22,553 | tokens=4.38B
step=133650 | loss=3.2172 | lr=3.00e-04 | wd=0.0124 | mom=0.9500 | T=11.5 k=4.0 (mu_rec=8 mu_bwd=4) | grad=1.338 | tok/s=22,685 | tokens=4.38B
step=133660 | loss=2.7507 | lr=3.00e-04 | wd=0.0124 | mom=0.9500 | T=9.0 k=4.0 (mu_rec=8 mu_bwd=4) | grad=0.779 | tok/s=21,188 | tokens=4.38B
step=133670 | loss=3.1378 | lr=3.00e-04 | wd=0.0124 | mom=0.9500 | T=5.0 k=3.2 (mu_rec=8 mu_bwd=4) | grad=0.948 | tok/s=10,986 | tokens=4.38B
step=133680 | loss=2.9487 | lr=3.00e-04 | wd=0.0124 | mom=0.9500 | T=7.5 k=3.8 (mu_rec=8 mu_bwd=4) | grad=1.191 | tok/s=23,893 | tokens=4.38B
step=133690 | loss=3.0679 | lr=3.00e-04 | wd=0.0124 | mom=0.9500 | T=5.8 k=3.5 (mu_rec=8 mu_bwd=4) | grad=0.949 | tok/s=23,598 | tokens=4.38B
step=133700 | loss=3.2904 | lr=3.00e-04 | wd=0.0124 | mom=0.9500 | T=8.8 k=4.0 (mu_rec=8 mu_bwd=4) | grad=1.925 | tok/s=24,548 | tokens=4.38B
step=133710 | loss=3.1079 | lr=3.00e-04 | wd=0.0124 | mom=0.9500 | T=9.5 k=3.8 (mu_rec=8 mu_bwd=4) | grad=0.917 | tok/s=22,554 | tokens=4.38B
step=133720 | loss=2.8785 | lr=3.00e-04 | wd=0.0124 | mom=0.9500 | T=6.8 k=3.8 (mu_rec=8 mu_bwd=4) | grad=0.843 | tok/s=23,566 | tokens=4.38B
step=133730 | loss=3.1295 | lr=3.00e-04 | wd=0.0124 | mom=0.9500 | T=5.8 k=3.0 (mu_rec=8 mu_bwd=4) | grad=0.940 | tok/s=23,100 | tokens=4.38B
step=133740 | loss=3.2361 | lr=3.00e-04 | wd=0.0124 | mom=0.9500 | T=6.2 k=3.5 (mu_rec=8 mu_bwd=4) | grad=1.571 | tok/s=23,280 | tokens=4.38B
step=133750 | loss=3.5872 | lr=3.00e-04 | wd=0.0123 | mom=0.9500 | T=10.5 k=4.0 (mu_rec=8 mu_bwd=4) | grad=0.830 | tok/s=22,461 | tokens=4.38B
step=133760 | loss=3.2353 | lr=3.00e-04 | wd=0.0123 | mom=0.9500 | T=12.0 k=3.8 (mu_rec=8 mu_bwd=4) | grad=0.993 | tok/s=22,460 | tokens=4.38B
step=133770 | loss=3.1856 | lr=3.00e-04 | wd=0.0123 | mom=0.9500 | T=15.8 k=4.0 (mu_rec=8 mu_bwd=4) | grad=1.069 | tok/s=21,530 | tokens=4.38B
step=133780 | loss=3.0573 | lr=3.00e-04 | wd=0.0123 | mom=0.9500 | T=9.5 k=3.5 (mu_rec=8 mu_bwd=4) | grad=0.839 | tok/s=25,519 | tokens=4.38B
step=133790 | loss=3.1431 | lr=3.00e-04 | wd=0.0123 | mom=0.9500 | T=7.5 k=4.0 (mu_rec=8 mu_bwd=4) | grad=0.804 | tok/s=22,531 | tokens=4.38B
step=133800 | loss=3.0544 | lr=3.00e-04 | wd=0.0123 | mom=0.9500 | T=8.2 k=4.0 (mu_rec=8 mu_bwd=4) | grad=1.186 | tok/s=25,111 | tokens=4.38B
step=133810 | loss=3.0799 | lr=3.00e-04 | wd=0.0123 | mom=0.9500 | T=7.2 k=3.8 (mu_rec=8 mu_bwd=4) | grad=0.895 | tok/s=23,113 | tokens=4.38B
step=133820 | loss=3.0349 | lr=3.00e-04 | wd=0.0123 | mom=0.9500 | T=5.8 k=3.8 (mu_rec=8 mu_bwd=4) | grad=0.950 | tok/s=25,567 | tokens=4.39B
step=133830 | loss=3.0110 | lr=3.00e-04 | wd=0.0123 | mom=0.9500 | T=5.0 k=4.0 (mu_rec=8 mu_bwd=4) | grad=19.349 | tok/s=22,991 | tokens=4.39B
step=133840 | loss=2.8716 | lr=3.00e-04 | wd=0.0123 | mom=0.9500 | T=10.8 k=3.8 (mu_rec=8 mu_bwd=4) | grad=1.134 | tok/s=25,168 | tokens=4.39B
step=133850 | loss=3.0135 | lr=3.00e-04 | wd=0.0123 | mom=0.9500 | T=11.0 k=3.8 (mu_rec=8 mu_bwd=4) | grad=1.006 | tok/s=22,813 | tokens=4.39B
step=133860 | loss=3.2169 | lr=3.00e-04 | wd=0.0123 | mom=0.9500 | T=7.5 k=3.8 (mu_rec=8 mu_bwd=4) | grad=1.188 | tok/s=23,686 | tokens=4.39B
step=133870 | loss=3.2460 | lr=3.00e-04 | wd=0.0123 | mom=0.9500 | T=8.0 k=4.0 (mu_rec=8 mu_bwd=4) | grad=1.189 | tok/s=22,291 | tokens=4.39B
step=133880 | loss=3.3414 | lr=3.00e-04 | wd=0.0123 | mom=0.9500 | T=7.0 k=3.8 (mu_rec=8 mu_bwd=4) | grad=1.191 | tok/s=23,515 | tokens=4.39B
step=133890 | loss=3.3601 | lr=3.00e-04 | wd=0.0123 | mom=0.9500 | T=11.2 k=4.0 (mu_rec=8 mu_bwd=4) | grad=1.147 | tok/s=23,569 | tokens=4.39B
step=133900 | loss=3.2751 | lr=3.00e-04 | wd=0.0122 | mom=0.9500 | T=3.8 k=2.5 (mu_rec=8 mu_bwd=4) | grad=3.145 | tok/s=24,444 | tokens=4.39B
step=133910 | loss=3.0982 | lr=3.00e-04 | wd=0.0122 | mom=0.9500 | T=6.5 k=3.2 (mu_rec=8 mu_bwd=4) | grad=1.064 | tok/s=24,649 | tokens=4.39B
step=133920 | loss=3.1280 | lr=3.00e-04 | wd=0.0122 | mom=0.9500 | T=6.8 k=3.5 (mu_rec=8 mu_bwd=4) | grad=0.812 | tok/s=23,605 | tokens=4.39B
step=133930 | loss=2.9466 | lr=3.00e-04 | wd=0.0122 | mom=0.9500 | T=14.0 k=4.0 (mu_rec=8 mu_bwd=4) | grad=0.800 | tok/s=22,316 | tokens=4.39B
step=133940 | loss=3.0020 | lr=3.00e-04 | wd=0.0122 | mom=0.9500 | T=9.5 k=3.8 (mu_rec=8 mu_bwd=4) | grad=0.996 | tok/s=24,256 | tokens=4.39B
step=133950 | loss=3.1332 | lr=3.00e-04 | wd=0.0122 | mom=0.9500 | T=4.5 k=3.5 (mu_rec=8 mu_bwd=4) | grad=0.837 | tok/s=24,865 | tokens=4.39B
step=133960 | loss=3.0584 | lr=3.00e-04 | wd=0.0122 | mom=0.9500 | T=8.2 k=4.0 (mu_rec=8 mu_bwd=4) | grad=1.171 | tok/s=24,317 | tokens=4.39B
step=133970 | loss=2.9725 | lr=3.00e-04 | wd=0.0122 | mom=0.9500 | T=6.8 k=3.5 (mu_rec=8 mu_bwd=4) | grad=1.243 | tok/s=23,998 | tokens=4.39B
step=133980 | loss=3.4532 | lr=3.00e-04 | wd=0.0122 | mom=0.9500 | T=4.5 k=3.2 (mu_rec=8 mu_bwd=4) | grad=0.997 | tok/s=23,969 | tokens=4.39B
step=133990 | loss=3.2783 | lr=3.00e-04 | wd=0.0122 | mom=0.9500 | T=9.0 k=3.5 (mu_rec=8 mu_bwd=4) | grad=1.556 | tok/s=25,433 | tokens=4.39B
step=134000 | loss=3.2150 | lr=3.00e-04 | wd=0.0122 | mom=0.9500 | T=6.5 k=3.5 (mu_rec=8 mu_bwd=4) | grad=1.350 | tok/s=24,262 | tokens=4.39B
[step 134000] Saved -> runs/cortex-5b-k4/checkpoint_0134000
[step 134000] Pruned -> runs/cortex-5b-k4/checkpoint_0128000
step=134010 | loss=2.9063 | lr=3.00e-04 | wd=0.0122 | mom=0.9500 | T=7.8 k=4.0 (mu_rec=8 mu_bwd=4) | grad=1.050 | tok/s=20,541 | tokens=4.39B
step=134020 | loss=3.0724 | lr=3.00e-04 | wd=0.0122 | mom=0.9500 | T=12.5 k=3.2 (mu_rec=8 mu_bwd=4) | grad=0.905 | tok/s=24,322 | tokens=4.39B
step=134030 | loss=2.8799 | lr=3.00e-04 | wd=0.0122 | mom=0.9500 | T=2.5 k=2.5 (mu_rec=8 mu_bwd=4) | grad=1.001 | tok/s=23,686 | tokens=4.39B
step=134040 | loss=3.1503 | lr=3.00e-04 | wd=0.0122 | mom=0.9500 | T=12.2 k=3.5 (mu_rec=8 mu_bwd=4) | grad=1.001 | tok/s=22,517 | tokens=4.39B
step=134050 | loss=2.9279 | lr=3.00e-04 | wd=0.0121 | mom=0.9500 | T=8.8 k=3.8 (mu_rec=8 mu_bwd=4) | grad=1.094 | tok/s=23,350 | tokens=4.39B
step=134060 | loss=3.1910 | lr=3.00e-04 | wd=0.0121 | mom=0.9500 | T=5.8 k=3.5 (mu_rec=8 mu_bwd=4) | grad=0.903 | tok/s=23,634 | tokens=4.39B
step=134070 | loss=3.1956 | lr=3.00e-04 | wd=0.0121 | mom=0.9500 | T=5.2 k=3.0 (mu_rec=8 mu_bwd=4) | grad=1.100 | tok/s=21,772 | tokens=4.39B
step=134080 | loss=3.1218 | lr=3.00e-04 | wd=0.0121 | mom=0.9500 | T=10.8 k=4.0 (mu_rec=8 mu_bwd=4) | grad=1.631 | tok/s=23,269 | tokens=4.39B
step=134090 | loss=3.1875 | lr=3.00e-04 | wd=0.0121 | mom=0.9500 | T=6.2 k=4.0 (mu_rec=8 mu_bwd=4) | grad=1.184 | tok/s=24,302 | tokens=4.39B
step=134100 | loss=3.1113 | lr=3.00e-04 | wd=0.0121 | mom=0.9500 | T=11.8 k=4.0 (mu_rec=8 mu_bwd=4) | grad=1.539 | tok/s=22,461 | tokens=4.39B
step=134110 | loss=2.4631 | lr=3.00e-04 | wd=0.0121 | mom=0.9500 | T=9.5 k=4.0 (mu_rec=8 mu_bwd=4) | grad=0.807 | tok/s=26,628 | tokens=4.39B
step=134120 | loss=3.5699 | lr=3.00e-04 | wd=0.0121 | mom=0.9500 | T=6.8 k=3.2 (mu_rec=8 mu_bwd=4) | grad=0.864 | tok/s=22,407 | tokens=4.39B
step=134130 | loss=3.2844 | lr=3.00e-04 | wd=0.0121 | mom=0.9500 | T=9.0 k=4.0 (mu_rec=8 mu_bwd=4) | grad=0.900 | tok/s=24,006 | tokens=4.40B
step=134140 | loss=3.1395 | lr=3.00e-04 | wd=0.0121 | mom=0.9500 | T=9.2 k=4.0 (mu_rec=8 mu_bwd=4) | grad=0.766 | tok/s=24,063 | tokens=4.40B
step=134150 | loss=3.0658 | lr=3.00e-04 | wd=0.0121 | mom=0.9500 | T=9.5 k=4.0 (mu_rec=8 mu_bwd=4) | grad=0.832 | tok/s=24,447 | tokens=4.40B
step=134160 | loss=3.1822 | lr=3.00e-04 | wd=0.0121 | mom=0.9500 | T=4.0 k=2.5 (mu_rec=8 mu_bwd=4) | grad=1.027 | tok/s=24,290 | tokens=4.40B
step=134170 | loss=3.2748 | lr=3.00e-04 | wd=0.0121 | mom=0.9500 | T=7.0 k=2.8 (mu_rec=8 mu_bwd=4) | grad=0.925 | tok/s=23,925 | tokens=4.40B
step=134180 | loss=3.1605 | lr=3.00e-04 | wd=0.0121 | mom=0.9500 | T=10.0 k=4.0 (mu_rec=8 mu_bwd=4) | grad=0.819 | tok/s=23,862 | tokens=4.40B
step=134190 | loss=2.9472 | lr=3.00e-04 | wd=0.0121 | mom=0.9500 | T=10.0 k=3.8 (mu_rec=8 mu_bwd=4) | grad=1.062 | tok/s=23,744 | tokens=4.40B
step=134200 | loss=2.9275 | lr=3.00e-04 | wd=0.0121 | mom=0.9500 | T=6.0 k=4.0 (mu_rec=8 mu_bwd=4) | grad=0.898 | tok/s=23,450 | tokens=4.40B
step=134210 | loss=2.8446 | lr=3.00e-04 | wd=0.0120 | mom=0.9500 | T=9.0 k=4.0 (mu_rec=8 mu_bwd=4) | grad=1.506 | tok/s=22,418 | tokens=4.40B
step=134220 | loss=2.9173 | lr=3.00e-04 | wd=0.0120 | mom=0.9500 | T=8.8 k=4.0 (mu_rec=8 mu_bwd=4) | grad=0.979 | tok/s=22,486 | tokens=4.40B
step=134230 | loss=3.2080 | lr=3.00e-04 | wd=0.0120 | mom=0.9500 | T=5.2 k=3.2 (mu_rec=8 mu_bwd=4) | grad=1.035 | tok/s=22,860 | tokens=4.40B
step=134240 | loss=3.0620 | lr=3.00e-04 | wd=0.0120 | mom=0.9500 | T=6.0 k=3.5 (mu_rec=8 mu_bwd=4) | grad=1.041 | tok/s=24,543 | tokens=4.40B
step=134250 | loss=3.0783 | lr=3.00e-04 | wd=0.0120 | mom=0.9500 | T=7.8 k=4.0 (mu_rec=8 mu_bwd=4) | grad=0.934 | tok/s=23,539 | tokens=4.40B
step=134260 | loss=3.0214 | lr=3.00e-04 | wd=0.0120 | mom=0.9500 | T=12.5 k=3.8 (mu_rec=8 mu_bwd=4) | grad=1.044 | tok/s=22,878 | tokens=4.40B
step=134270 | loss=3.0273 | lr=3.00e-04 | wd=0.0120 | mom=0.9500 | T=7.8 k=3.8 (mu_rec=8 mu_bwd=4) | grad=1.020 | tok/s=23,968 | tokens=4.40B
step=134280 | loss=3.0097 | lr=3.00e-04 | wd=0.0120 | mom=0.9500 | T=4.2 k=3.2 (mu_rec=8 mu_bwd=4) | grad=1.016 | tok/s=23,733 | tokens=4.40B
step=134290 | loss=3.4762 | lr=3.00e-04 | wd=0.0120 | mom=0.9500 | T=9.8 k=3.5 (mu_rec=8 mu_bwd=4) | grad=0.833 | tok/s=23,597 | tokens=4.40B
step=134300 | loss=3.2223 | lr=3.00e-04 | wd=0.0120 | mom=0.9500 | T=7.8 k=3.5 (mu_rec=8 mu_bwd=4) | grad=1.067 | tok/s=24,648 | tokens=4.40B
step=134310 | loss=3.1796 | lr=3.00e-04 | wd=0.0120 | mom=0.9500 | T=9.2 k=3.2 (mu_rec=8 mu_bwd=4) | grad=1.202 | tok/s=22,123 | tokens=4.40B
step=134320 | loss=3.0016 | lr=3.00e-04 | wd=0.0120 | mom=0.9500 | T=4.2 k=3.2 (mu_rec=8 mu_bwd=4) | grad=0.925 | tok/s=23,267 | tokens=4.40B
step=134330 | loss=3.1220 | lr=3.00e-04 | wd=0.0120 | mom=0.9500 | T=8.0 k=4.0 (mu_rec=8 mu_bwd=4) | grad=0.815 | tok/s=24,870 | tokens=4.40B
step=134340 | loss=2.9302 | lr=3.00e-04 | wd=0.0120 | mom=0.9500 | T=11.5 k=4.0 (mu_rec=8 mu_bwd=4) | grad=0.723 | tok/s=21,572 | tokens=4.40B
step=134350 | loss=2.7422 | lr=3.00e-04 | wd=0.0120 | mom=0.9500 | T=4.8 k=3.0 (mu_rec=8 mu_bwd=4) | grad=0.990 | tok/s=26,127 | tokens=4.40B
step=134360 | loss=2.7943 | lr=3.00e-04 | wd=0.0119 | mom=0.9500 | T=9.2 k=4.0 (mu_rec=8 mu_bwd=4) | grad=0.989 | tok/s=23,430 | tokens=4.40B
step=134370 | loss=3.0315 | lr=3.00e-04 | wd=0.0119 | mom=0.9500 | T=6.0 k=3.8 (mu_rec=8 mu_bwd=4) | grad=0.885 | tok/s=22,815 | tokens=4.40B
step=134380 | loss=3.0571 | lr=3.00e-04 | wd=0.0119 | mom=0.9500 | T=8.2 k=4.0 (mu_rec=8 mu_bwd=4) | grad=0.995 | tok/s=21,761 | tokens=4.40B
step=134390 | loss=3.2586 | lr=3.00e-04 | wd=0.0119 | mom=0.9500 | T=9.2 k=4.0 (mu_rec=8 mu_bwd=4) | grad=0.766 | tok/s=23,380 | tokens=4.40B
step=134400 | loss=3.2031 | lr=3.00e-04 | wd=0.0119 | mom=0.9500 | T=9.8 k=3.8 (mu_rec=8 mu_bwd=4) | grad=1.140 | tok/s=22,171 | tokens=4.40B
step=134410 | loss=3.0801 | lr=3.00e-04 | wd=0.0119 | mom=0.9500 | T=13.0 k=3.2 (mu_rec=8 mu_bwd=4) | grad=1.026 | tok/s=10,954 | tokens=4.40B
step=134420 | loss=3.3413 | lr=3.00e-04 | wd=0.0119 | mom=0.9500 | T=12.8 k=3.5 (mu_rec=8 mu_bwd=4) | grad=0.946 | tok/s=23,543 | tokens=4.40B
step=134430 | loss=3.4089 | lr=3.00e-04 | wd=0.0119 | mom=0.9500 | T=11.8 k=4.0 (mu_rec=8 mu_bwd=4) | grad=1.760 | tok/s=22,755 | tokens=4.41B
step=134440 | loss=3.6624 | lr=3.00e-04 | wd=0.0119 | mom=0.9500 | T=7.5 k=3.8 (mu_rec=8 mu_bwd=4) | grad=1.028 | tok/s=24,137 | tokens=4.41B
step=134450 | loss=3.2165 | lr=3.00e-04 | wd=0.0119 | mom=0.9500 | T=5.2 k=2.5 (mu_rec=8 mu_bwd=4) | grad=2.978 | tok/s=22,469 | tokens=4.41B
step=134460 | loss=3.0645 | lr=3.00e-04 | wd=0.0119 | mom=0.9500 | T=5.8 k=3.5 (mu_rec=8 mu_bwd=4) | grad=0.862 | tok/s=23,751 | tokens=4.41B
step=134470 | loss=2.9436 | lr=3.00e-04 | wd=0.0119 | mom=0.9500 | T=9.2 k=4.0 (mu_rec=8 mu_bwd=4) | grad=0.750 | tok/s=23,749 | tokens=4.41B
step=134480 | loss=2.9778 | lr=3.00e-04 | wd=0.0119 | mom=0.9500 | T=6.2 k=3.8 (mu_rec=8 mu_bwd=4) | grad=0.936 | tok/s=10,900 | tokens=4.41B
step=134490 | loss=3.2658 | lr=3.00e-04 | wd=0.0119 | mom=0.9500 | T=7.8 k=4.0 (mu_rec=8 mu_bwd=4) | grad=1.221 | tok/s=22,982 | tokens=4.41B
step=134500 | loss=3.0564 | lr=3.00e-04 | wd=0.0119 | mom=0.9500 | T=6.2 k=4.0 (mu_rec=8 mu_bwd=4) | grad=0.904 | tok/s=23,751 | tokens=4.41B
step=134510 | loss=2.9589 | lr=3.00e-04 | wd=0.0118 | mom=0.9500 | T=10.0 k=4.0 (mu_rec=8 mu_bwd=4) | grad=0.980 | tok/s=23,137 | tokens=4.41B
step=134520 | loss=2.7780 | lr=3.00e-04 | wd=0.0118 | mom=0.9500 | T=15.0 k=4.0 (mu_rec=8 mu_bwd=4) | grad=0.980 | tok/s=22,459 | tokens=4.41B
step=134530 | loss=2.8021 | lr=3.00e-04 | wd=0.0118 | mom=0.9500 | T=6.5 k=4.0 (mu_rec=8 mu_bwd=4) | grad=0.898 | tok/s=23,705 | tokens=4.41B
step=134540 | loss=3.1073 | lr=3.00e-04 | wd=0.0118 | mom=0.9500 | T=6.0 k=3.2 (mu_rec=8 mu_bwd=4) | grad=0.935 | tok/s=24,371 | tokens=4.41B
step=134550 | loss=3.1175 | lr=3.00e-04 | wd=0.0118 | mom=0.9500 | T=4.2 k=3.2 (mu_rec=8 mu_bwd=4) | grad=0.989 | tok/s=25,165 | tokens=4.41B
step=134560 | loss=3.3387 | lr=3.00e-04 | wd=0.0118 | mom=0.9500 | T=15.8 k=4.0 (mu_rec=8 mu_bwd=4) | grad=0.854 | tok/s=23,962 | tokens=4.41B
step=134570 | loss=2.9069 | lr=3.00e-04 | wd=0.0118 | mom=0.9500 | T=5.2 k=4.0 (mu_rec=8 mu_bwd=4) | grad=0.991 | tok/s=22,193 | tokens=4.41B
step=134580 | loss=3.0345 | lr=3.00e-04 | wd=0.0118 | mom=0.9500 | T=12.5 k=4.0 (mu_rec=8 mu_bwd=4) | grad=0.915 | tok/s=22,570 | tokens=4.41B
step=134590 | loss=3.1574 | lr=3.00e-04 | wd=0.0118 | mom=0.9500 | T=9.2 k=3.8 (mu_rec=8 mu_bwd=4) | grad=1.853 | tok/s=23,945 | tokens=4.41B
step=134600 | loss=3.0249 | lr=3.00e-04 | wd=0.0118 | mom=0.9500 | T=8.0 k=4.0 (mu_rec=8 mu_bwd=4) | grad=1.146 | tok/s=23,689 | tokens=4.41B
step=134610 | loss=3.1711 | lr=3.00e-04 | wd=0.0118 | mom=0.9500 | T=8.5 k=3.8 (mu_rec=8 mu_bwd=4) | grad=0.983 | tok/s=24,067 | tokens=4.41B
step=134620 | loss=2.9573 | lr=3.00e-04 | wd=0.0118 | mom=0.9500 | T=6.8 k=3.8 (mu_rec=8 mu_bwd=4) | grad=0.867 | tok/s=22,220 | tokens=4.41B
step=134630 | loss=3.0602 | lr=3.00e-04 | wd=0.0118 | mom=0.9500 | T=6.8 k=4.0 (mu_rec=8 mu_bwd=4) | grad=0.955 | tok/s=24,641 | tokens=4.41B
step=134640 | loss=2.7359 | lr=3.00e-04 | wd=0.0118 | mom=0.9500 | T=16.5 k=4.0 (mu_rec=8 mu_bwd=4) | grad=0.866 | tok/s=22,622 | tokens=4.41B
step=134650 | loss=3.1737 | lr=3.00e-04 | wd=0.0118 | mom=0.9500 | T=6.8 k=4.0 (mu_rec=8 mu_bwd=4) | grad=0.918 | tok/s=23,000 | tokens=4.41B
step=134660 | loss=3.3111 | lr=3.00e-04 | wd=0.0117 | mom=0.9500 | T=9.2 k=3.8 (mu_rec=8 mu_bwd=4) | grad=1.532 | tok/s=24,101 | tokens=4.41B
step=134670 | loss=3.4821 | lr=3.00e-04 | wd=0.0117 | mom=0.9500 | T=8.8 k=4.0 (mu_rec=8 mu_bwd=4) | grad=0.923 | tok/s=24,278 | tokens=4.41B
step=134680 | loss=3.1684 | lr=3.00e-04 | wd=0.0117 | mom=0.9500 | T=10.2 k=4.0 (mu_rec=8 mu_bwd=4) | grad=0.985 | tok/s=24,928 | tokens=4.41B
step=134690 | loss=2.8278 | lr=3.00e-04 | wd=0.0117 | mom=0.9500 | T=5.5 k=3.0 (mu_rec=8 mu_bwd=4) | grad=0.900 | tok/s=24,502 | tokens=4.41B
step=134700 | loss=3.5550 | lr=3.00e-04 | wd=0.0117 | mom=0.9500 | T=7.2 k=4.0 (mu_rec=8 mu_bwd=4) | grad=1.981 | tok/s=23,686 | tokens=4.41B
step=134710 | loss=3.1480 | lr=3.00e-04 | wd=0.0117 | mom=0.9500 | T=11.8 k=4.0 (mu_rec=8 mu_bwd=4) | grad=1.024 | tok/s=22,742 | tokens=4.41B
step=134720 | loss=2.9641 | lr=3.00e-04 | wd=0.0117 | mom=0.9500 | T=4.5 k=3.0 (mu_rec=8 mu_bwd=4) | grad=1.472 | tok/s=23,134 | tokens=4.41B
step=134730 | loss=3.1123 | lr=3.00e-04 | wd=0.0117 | mom=0.9500 | T=9.2 k=4.0 (mu_rec=8 mu_bwd=4) | grad=0.988 | tok/s=25,072 | tokens=4.41B
step=134740 | loss=2.7606 | lr=3.00e-04 | wd=0.0117 | mom=0.9500 | T=7.0 k=3.5 (mu_rec=8 mu_bwd=4) | grad=0.718 | tok/s=22,110 | tokens=4.42B
step=134750 | loss=3.4095 | lr=3.00e-04 | wd=0.0117 | mom=0.9500 | T=10.0 k=4.0 (mu_rec=8 mu_bwd=4) | grad=1.390 | tok/s=26,211 | tokens=4.42B
step=134760 | loss=3.0708 | lr=3.00e-04 | wd=0.0117 | mom=0.9500 | T=8.8 k=4.0 (mu_rec=8 mu_bwd=4) | grad=1.216 | tok/s=24,235 | tokens=4.42B
step=134770 | loss=3.0341 | lr=3.00e-04 | wd=0.0117 | mom=0.9500 | T=5.0 k=4.0 (mu_rec=8 mu_bwd=4) | grad=0.815 | tok/s=25,883 | tokens=4.42B
step=134780 | loss=3.1154 | lr=3.00e-04 | wd=0.0117 | mom=0.9500 | T=8.2 k=4.0 (mu_rec=8 mu_bwd=4) | grad=1.463 | tok/s=24,098 | tokens=4.42B
step=134790 | loss=3.2591 | lr=3.00e-04 | wd=0.0117 | mom=0.9500 | T=7.8 k=4.0 (mu_rec=8 mu_bwd=4) | grad=0.930 | tok/s=24,295 | tokens=4.42B
step=134800 | loss=3.1922 | lr=3.00e-04 | wd=0.0117 | mom=0.9500 | T=7.0 k=3.0 (mu_rec=8 mu_bwd=4) | grad=1.089 | tok/s=23,822 | tokens=4.42B
step=134810 | loss=3.2041 | lr=3.00e-04 | wd=0.0117 | mom=0.9500 | T=13.0 k=4.0 (mu_rec=8 mu_bwd=4) | grad=1.297 | tok/s=22,519 | tokens=4.42B
step=134820 | loss=3.2667 | lr=3.00e-04 | wd=0.0116 | mom=0.9500 | T=7.0 k=3.2 (mu_rec=8 mu_bwd=4) | grad=1.386 | tok/s=25,325 | tokens=4.42B
step=134830 | loss=3.3745 | lr=3.00e-04 | wd=0.0116 | mom=0.9500 | T=7.0 k=2.8 (mu_rec=8 mu_bwd=4) | grad=1.114 | tok/s=26,485 | tokens=4.42B
step=134840 | loss=3.3129 | lr=3.00e-04 | wd=0.0116 | mom=0.9500 | T=5.8 k=3.2 (mu_rec=8 mu_bwd=4) | grad=0.923 | tok/s=23,466 | tokens=4.42B
step=134850 | loss=2.9257 | lr=3.00e-04 | wd=0.0116 | mom=0.9500 | T=6.8 k=3.5 (mu_rec=8 mu_bwd=4) | grad=1.083 | tok/s=22,091 | tokens=4.42B
step=134860 | loss=2.8384 | lr=3.00e-04 | wd=0.0116 | mom=0.9500 | T=5.0 k=3.8 (mu_rec=8 mu_bwd=4) | grad=0.879 | tok/s=23,253 | tokens=4.42B
step=134870 | loss=3.3081 | lr=3.00e-04 | wd=0.0116 | mom=0.9500 | T=7.5 k=3.2 (mu_rec=8 mu_bwd=4) | grad=1.034 | tok/s=23,094 | tokens=4.42B
step=134880 | loss=3.3439 | lr=3.00e-04 | wd=0.0116 | mom=0.9500 | T=4.2 k=3.8 (mu_rec=8 mu_bwd=4) | grad=1.109 | tok/s=24,928 | tokens=4.42B
step=134890 | loss=3.1244 | lr=3.00e-04 | wd=0.0116 | mom=0.9500 | T=9.2 k=4.0 (mu_rec=8 mu_bwd=4) | grad=1.745 | tok/s=23,241 | tokens=4.42B
step=134900 | loss=3.0450 | lr=3.00e-04 | wd=0.0116 | mom=0.9500 | T=9.2 k=3.8 (mu_rec=8 mu_bwd=4) | grad=1.038 | tok/s=23,997 | tokens=4.42B
step=134910 | loss=3.3680 | lr=3.00e-04 | wd=0.0116 | mom=0.9500 | T=5.2 k=2.8 (mu_rec=8 mu_bwd=4) | grad=1.598 | tok/s=23,577 | tokens=4.42B
step=134920 | loss=3.1032 | lr=3.00e-04 | wd=0.0116 | mom=0.9500 | T=7.8 k=3.5 (mu_rec=8 mu_bwd=4) | grad=0.810 | tok/s=23,337 | tokens=4.42B
step=134930 | loss=3.3218 | lr=3.00e-04 | wd=0.0116 | mom=0.9500 | T=5.0 k=3.8 (mu_rec=8 mu_bwd=4) | grad=1.118 | tok/s=24,428 | tokens=4.42B
step=134940 | loss=2.9462 | lr=3.00e-04 | wd=0.0116 | mom=0.9500 | T=4.8 k=3.5 (mu_rec=8 mu_bwd=4) | grad=1.014 | tok/s=24,479 | tokens=4.42B
step=134950 | loss=3.1716 | lr=3.00e-04 | wd=0.0116 | mom=0.9500 | T=6.2 k=3.8 (mu_rec=8 mu_bwd=4) | grad=0.949 | tok/s=22,816 | tokens=4.42B
step=134960 | loss=3.1888 | lr=3.00e-04 | wd=0.0116 | mom=0.9500 | T=4.5 k=3.8 (mu_rec=8 mu_bwd=4) | grad=1.041 | tok/s=25,260 | tokens=4.42B
step=134970 | loss=3.3881 | lr=3.00e-04 | wd=0.0115 | mom=0.9500 | T=8.5 k=4.0 (mu_rec=8 mu_bwd=4) | grad=0.905 | tok/s=24,368 | tokens=4.42B
step=134980 | loss=3.4516 | lr=3.00e-04 | wd=0.0115 | mom=0.9500 | T=7.0 k=4.0 (mu_rec=8 mu_bwd=4) | grad=0.847 | tok/s=22,535 | tokens=4.42B
step=134990 | loss=2.9618 | lr=3.00e-04 | wd=0.0115 | mom=0.9500 | T=6.5 k=3.8 (mu_rec=8 mu_bwd=4) | grad=0.924 | tok/s=23,022 | tokens=4.42B
step=135000 | loss=3.2081 | lr=3.00e-04 | wd=0.0115 | mom=0.9500 | T=8.0 k=4.0 (mu_rec=8 mu_bwd=4) | grad=0.845 | tok/s=22,039 | tokens=4.42B
step=135010 | loss=3.1710 | lr=3.00e-04 | wd=0.0115 | mom=0.9500 | T=8.8 k=4.0 (mu_rec=8 mu_bwd=4) | grad=1.236 | tok/s=24,002 | tokens=4.42B
step=135020 | loss=3.4115 | lr=3.00e-04 | wd=0.0115 | mom=0.9500 | T=5.8 k=3.0 (mu_rec=8 mu_bwd=4) | grad=0.822 | tok/s=24,408 | tokens=4.42B
step=135030 | loss=3.0009 | lr=3.00e-04 | wd=0.0115 | mom=0.9500 | T=7.5 k=2.8 (mu_rec=8 mu_bwd=4) | grad=0.958 | tok/s=24,184 | tokens=4.42B
step=135040 | loss=3.1133 | lr=3.00e-04 | wd=0.0115 | mom=0.9500 | T=9.8 k=4.0 (mu_rec=8 mu_bwd=4) | grad=1.616 | tok/s=22,073 | tokens=4.42B
step=135050 | loss=3.0684 | lr=3.00e-04 | wd=0.0115 | mom=0.9500 | T=4.2 k=3.0 (mu_rec=8 mu_bwd=4) | grad=1.438 | tok/s=23,344 | tokens=4.43B
step=135060 | loss=3.5909 | lr=3.00e-04 | wd=0.0115 | mom=0.9500 | T=10.0 k=4.0 (mu_rec=8 mu_bwd=4) | grad=1.222 | tok/s=24,306 | tokens=4.43B
step=135070 | loss=3.2594 | lr=3.00e-04 | wd=0.0115 | mom=0.9500 | T=8.8 k=3.5 (mu_rec=8 mu_bwd=4) | grad=1.038 | tok/s=22,170 | tokens=4.43B
step=135080 | loss=3.1490 | lr=3.00e-04 | wd=0.0115 | mom=0.9500 | T=8.2 k=3.5 (mu_rec=8 mu_bwd=4) | grad=0.948 | tok/s=24,217 | tokens=4.43B
step=135090 | loss=3.2028 | lr=3.00e-04 | wd=0.0115 | mom=0.9500 | T=6.8 k=3.5 (mu_rec=8 mu_bwd=4) | grad=0.923 | tok/s=24,201 | tokens=4.43B
step=135100 | loss=3.3145 | lr=3.00e-04 | wd=0.0115 | mom=0.9500 | T=7.0 k=3.8 (mu_rec=8 mu_bwd=4) | grad=1.965 | tok/s=23,508 | tokens=4.43B
step=135110 | loss=3.2253 | lr=3.00e-04 | wd=0.0115 | mom=0.9500 | T=9.8 k=4.0 (mu_rec=8 mu_bwd=4) | grad=0.934 | tok/s=23,939 | tokens=4.43B
step=135120 | loss=3.0397 | lr=3.00e-04 | wd=0.0114 | mom=0.9500 | T=6.8 k=4.0 (mu_rec=8 mu_bwd=4) | grad=0.770 | tok/s=22,690 | tokens=4.43B
step=135130 | loss=3.3410 | lr=3.00e-04 | wd=0.0114 | mom=0.9500 | T=9.0 k=4.0 (mu_rec=8 mu_bwd=4) | grad=1.203 | tok/s=22,959 | tokens=4.43B
step=135140 | loss=3.1309 | lr=3.00e-04 | wd=0.0114 | mom=0.9500 | T=6.8 k=3.0 (mu_rec=8 mu_bwd=4) | grad=0.908 | tok/s=24,512 | tokens=4.43B
step=135150 | loss=3.1018 | lr=3.00e-04 | wd=0.0114 | mom=0.9500 | T=8.5 k=4.0 (mu_rec=8 mu_bwd=4) | grad=0.822 | tok/s=23,200 | tokens=4.43B
step=135160 | loss=3.1365 | lr=3.00e-04 | wd=0.0114 | mom=0.9500 | T=7.5 k=3.5 (mu_rec=8 mu_bwd=4) | grad=0.932 | tok/s=21,784 | tokens=4.43B
step=135170 | loss=3.0436 | lr=3.00e-04 | wd=0.0114 | mom=0.9500 | T=7.8 k=4.0 (mu_rec=8 mu_bwd=4) | grad=1.542 | tok/s=25,645 | tokens=4.43B
step=135180 | loss=3.1603 | lr=3.00e-04 | wd=0.0114 | mom=0.9500 | T=9.5 k=4.0 (mu_rec=8 mu_bwd=4) | grad=1.053 | tok/s=22,981 | tokens=4.43B
step=135190 | loss=3.0228 | lr=3.00e-04 | wd=0.0114 | mom=0.9500 | T=8.8 k=4.0 (mu_rec=8 mu_bwd=4) | grad=1.213 | tok/s=23,194 | tokens=4.43B
step=135200 | loss=3.0598 | lr=3.00e-04 | wd=0.0114 | mom=0.9500 | T=6.8 k=3.8 (mu_rec=8 mu_bwd=4) | grad=1.137 | tok/s=24,396 | tokens=4.43B
step=135210 | loss=3.3989 | lr=3.00e-04 | wd=0.0114 | mom=0.9500 | T=4.2 k=3.5 (mu_rec=8 mu_bwd=4) | grad=4.104 | tok/s=9,517 | tokens=4.43B
step=135220 | loss=3.3318 | lr=3.00e-04 | wd=0.0114 | mom=0.9500 | T=8.8 k=4.0 (mu_rec=8 mu_bwd=4) | grad=1.051 | tok/s=26,234 | tokens=4.43B
step=135230 | loss=3.4057 | lr=3.00e-04 | wd=0.0114 | mom=0.9500 | T=7.8 k=3.5 (mu_rec=8 mu_bwd=4) | grad=0.984 | tok/s=23,382 | tokens=4.43B
step=135240 | loss=3.0729 | lr=3.00e-04 | wd=0.0114 | mom=0.9500 | T=4.8 k=3.0 (mu_rec=8 mu_bwd=4) | grad=1.006 | tok/s=21,890 | tokens=4.43B
step=135250 | loss=3.1807 | lr=3.00e-04 | wd=0.0114 | mom=0.9500 | T=9.8 k=4.0 (mu_rec=8 mu_bwd=4) | grad=1.040 | tok/s=23,933 | tokens=4.43B
step=135260 | loss=2.7847 | lr=3.00e-04 | wd=0.0114 | mom=0.9500 | T=5.8 k=3.2 (mu_rec=8 mu_bwd=4) | grad=0.910 | tok/s=23,340 | tokens=4.43B
step=135270 | loss=3.0580 | lr=3.00e-04 | wd=0.0113 | mom=0.9500 | T=7.8 k=3.8 (mu_rec=8 mu_bwd=4) | grad=0.788 | tok/s=24,438 | tokens=4.43B
step=135280 | loss=3.1271 | lr=3.00e-04 | wd=0.0113 | mom=0.9500 | T=5.2 k=3.0 (mu_rec=8 mu_bwd=4) | grad=1.087 | tok/s=25,076 | tokens=4.43B
step=135290 | loss=2.8178 | lr=3.00e-04 | wd=0.0113 | mom=0.9500 | T=9.0 k=4.0 (mu_rec=8 mu_bwd=4) | grad=1.020 | tok/s=23,825 | tokens=4.43B
step=135300 | loss=2.9807 | lr=3.00e-04 | wd=0.0113 | mom=0.9500 | T=6.8 k=3.8 (mu_rec=8 mu_bwd=4) | grad=0.903 | tok/s=21,453 | tokens=4.43B
step=135310 | loss=3.3441 | lr=3.00e-04 | wd=0.0113 | mom=0.9500 | T=8.5 k=3.8 (mu_rec=8 mu_bwd=4) | grad=1.154 | tok/s=23,150 | tokens=4.43B
step=135320 | loss=3.5392 | lr=3.00e-04 | wd=0.0113 | mom=0.9500 | T=3.8 k=2.8 (mu_rec=8 mu_bwd=4) | grad=0.867 | tok/s=8,845 | tokens=4.43B
step=135330 | loss=3.2456 | lr=3.00e-04 | wd=0.0113 | mom=0.9500 | T=3.8 k=3.2 (mu_rec=8 mu_bwd=4) | grad=1.041 | tok/s=25,057 | tokens=4.43B
step=135340 | loss=2.9526 | lr=3.00e-04 | wd=0.0113 | mom=0.9500 | T=6.2 k=4.0 (mu_rec=8 mu_bwd=4) | grad=1.297 | tok/s=24,393 | tokens=4.43B
step=135350 | loss=3.0636 | lr=3.00e-04 | wd=0.0113 | mom=0.9500 | T=6.8 k=3.0 (mu_rec=8 mu_bwd=4) | grad=1.376 | tok/s=22,744 | tokens=4.44B
step=135360 | loss=3.1696 | lr=3.00e-04 | wd=0.0113 | mom=0.9500 | T=10.2 k=4.0 (mu_rec=8 mu_bwd=4) | grad=1.720 | tok/s=24,789 | tokens=4.44B
step=135370 | loss=3.2325 | lr=3.00e-04 | wd=0.0113 | mom=0.9500 | T=5.0 k=3.5 (mu_rec=8 mu_bwd=4) | grad=1.237 | tok/s=25,687 | tokens=4.44B
step=135380 | loss=2.9972 | lr=3.00e-04 | wd=0.0113 | mom=0.9500 | T=4.8 k=3.5 (mu_rec=8 mu_bwd=4) | grad=1.108 | tok/s=22,939 | tokens=4.44B
step=135390 | loss=2.7549 | lr=3.00e-04 | wd=0.0113 | mom=0.9500 | T=6.8 k=3.8 (mu_rec=8 mu_bwd=4) | grad=1.196 | tok/s=23,375 | tokens=4.44B
step=135400 | loss=2.9693 | lr=3.00e-04 | wd=0.0113 | mom=0.9500 | T=7.8 k=3.8 (mu_rec=8 mu_bwd=4) | grad=1.098 | tok/s=23,634 | tokens=4.44B
step=135410 | loss=2.7371 | lr=3.00e-04 | wd=0.0113 | mom=0.9500 | T=7.8 k=3.8 (mu_rec=8 mu_bwd=4) | grad=1.225 | tok/s=23,834 | tokens=4.44B
step=135420 | loss=2.9546 | lr=3.00e-04 | wd=0.0113 | mom=0.9500 | T=9.2 k=4.0 (mu_rec=8 mu_bwd=4) | grad=0.813 | tok/s=23,480 | tokens=4.44B
step=135430 | loss=2.9340 | lr=3.00e-04 | wd=0.0112 | mom=0.9500 | T=8.5 k=4.0 (mu_rec=8 mu_bwd=4) | grad=0.883 | tok/s=24,208 | tokens=4.44B
step=135440 | loss=3.0357 | lr=3.00e-04 | wd=0.0112 | mom=0.9500 | T=6.2 k=4.0 (mu_rec=8 mu_bwd=4) | grad=1.517 | tok/s=23,726 | tokens=4.44B
step=135450 | loss=2.9868 | lr=3.00e-04 | wd=0.0112 | mom=0.9500 | T=7.0 k=4.0 (mu_rec=8 mu_bwd=4) | grad=1.457 | tok/s=23,867 | tokens=4.44B
step=135460 | loss=3.2694 | lr=3.00e-04 | wd=0.0112 | mom=0.9500 | T=9.8 k=4.0 (mu_rec=8 mu_bwd=4) | grad=1.234 | tok/s=23,103 | tokens=4.44B
step=135470 | loss=3.9604 | lr=3.00e-04 | wd=0.0112 | mom=0.9500 | T=7.5 k=3.2 (mu_rec=8 mu_bwd=4) | grad=1.166 | tok/s=24,369 | tokens=4.44B
step=135480 | loss=3.3298 | lr=3.00e-04 | wd=0.0112 | mom=0.9500 | T=8.2 k=4.0 (mu_rec=8 mu_bwd=4) | grad=1.143 | tok/s=24,207 | tokens=4.44B
step=135490 | loss=3.0709 | lr=3.00e-04 | wd=0.0112 | mom=0.9500 | T=4.2 k=3.0 (mu_rec=8 mu_bwd=4) | grad=1.116 | tok/s=25,235 | tokens=4.44B
step=135500 | loss=3.2995 | lr=3.00e-04 | wd=0.0112 | mom=0.9500 | T=4.8 k=3.5 (mu_rec=8 mu_bwd=4) | grad=1.207 | tok/s=22,832 | tokens=4.44B
step=135510 | loss=3.0224 | lr=3.00e-04 | wd=0.0112 | mom=0.9500 | T=8.0 k=3.5 (mu_rec=8 mu_bwd=4) | grad=1.526 | tok/s=25,756 | tokens=4.44B
step=135520 | loss=3.2669 | lr=3.00e-04 | wd=0.0112 | mom=0.9500 | T=9.8 k=4.0 (mu_rec=8 mu_bwd=4) | grad=1.475 | tok/s=22,992 | tokens=4.44B
step=135530 | loss=3.6307 | lr=3.00e-04 | wd=0.0112 | mom=0.9500 | T=8.2 k=4.0 (mu_rec=8 mu_bwd=4) | grad=1.038 | tok/s=21,351 | tokens=4.44B
step=135540 | loss=3.2164 | lr=3.00e-04 | wd=0.0112 | mom=0.9500 | T=4.2 k=3.2 (mu_rec=8 mu_bwd=4) | grad=1.027 | tok/s=24,635 | tokens=4.44B
step=135550 | loss=3.3365 | lr=3.00e-04 | wd=0.0112 | mom=0.9500 | T=9.5 k=3.5 (mu_rec=8 mu_bwd=4) | grad=1.255 | tok/s=22,370 | tokens=4.44B
step=135560 | loss=3.6572 | lr=3.00e-04 | wd=0.0112 | mom=0.9500 | T=4.8 k=3.8 (mu_rec=8 mu_bwd=4) | grad=1.182 | tok/s=23,591 | tokens=4.44B
step=135570 | loss=2.8313 | lr=3.00e-04 | wd=0.0112 | mom=0.9500 | T=6.5 k=4.0 (mu_rec=8 mu_bwd=4) | grad=0.963 | tok/s=24,013 | tokens=4.44B
step=135580 | loss=3.2558 | lr=3.00e-04 | wd=0.0111 | mom=0.9500 | T=10.5 k=4.0 (mu_rec=8 mu_bwd=4) | grad=0.965 | tok/s=22,755 | tokens=4.44B
step=135590 | loss=3.0127 | lr=3.00e-04 | wd=0.0111 | mom=0.9500 | T=7.8 k=3.5 (mu_rec=8 mu_bwd=4) | grad=0.834 | tok/s=24,943 | tokens=4.44B
step=135600 | loss=3.3339 | lr=3.00e-04 | wd=0.0111 | mom=0.9500 | T=7.0 k=3.0 (mu_rec=8 mu_bwd=4) | grad=1.011 | tok/s=24,867 | tokens=4.44B
step=135610 | loss=3.2249 | lr=3.00e-04 | wd=0.0111 | mom=0.9500 | T=7.0 k=3.2 (mu_rec=8 mu_bwd=4) | grad=0.938 | tok/s=22,658 | tokens=4.44B
step=135620 | loss=2.8869 | lr=3.00e-04 | wd=0.0111 | mom=0.9500 | T=8.5 k=3.5 (mu_rec=8 mu_bwd=4) | grad=3.698 | tok/s=24,211 | tokens=4.44B
step=135630 | loss=3.1615 | lr=3.00e-04 | wd=0.0111 | mom=0.9500 | T=8.2 k=3.8 (mu_rec=8 mu_bwd=4) | grad=0.855 | tok/s=23,800 | tokens=4.44B
step=135640 | loss=3.0995 | lr=3.00e-04 | wd=0.0111 | mom=0.9500 | T=6.2 k=4.0 (mu_rec=8 mu_bwd=4) | grad=0.926 | tok/s=23,133 | tokens=4.44B
step=135650 | loss=2.9609 | lr=3.00e-04 | wd=0.0111 | mom=0.9500 | T=10.5 k=4.0 (mu_rec=8 mu_bwd=4) | grad=1.967 | tok/s=24,029 | tokens=4.44B
step=135660 | loss=3.1547 | lr=3.00e-04 | wd=0.0111 | mom=0.9500 | T=9.5 k=4.0 (mu_rec=8 mu_bwd=4) | grad=1.188 | tok/s=22,646 | tokens=4.45B
step=135670 | loss=3.2384 | lr=3.00e-04 | wd=0.0111 | mom=0.9500 | T=13.2 k=3.8 (mu_rec=8 mu_bwd=4) | grad=0.836 | tok/s=22,645 | tokens=4.45B
step=135680 | loss=3.3090 | lr=3.00e-04 | wd=0.0111 | mom=0.9500 | T=10.0 k=3.8 (mu_rec=8 mu_bwd=4) | grad=1.020 | tok/s=25,280 | tokens=4.45B
step=135690 | loss=3.0729 | lr=3.00e-04 | wd=0.0111 | mom=0.9500 | T=8.5 k=4.0 (mu_rec=8 mu_bwd=4) | grad=0.792 | tok/s=23,865 | tokens=4.45B
step=135700 | loss=3.2493 | lr=3.00e-04 | wd=0.0111 | mom=0.9500 | T=10.8 k=4.0 (mu_rec=8 mu_bwd=4) | grad=0.921 | tok/s=23,015 | tokens=4.45B
step=135710 | loss=3.7284 | lr=3.00e-04 | wd=0.0111 | mom=0.9500 | T=3.0 k=2.8 (mu_rec=8 mu_bwd=4) | grad=2.312 | tok/s=26,071 | tokens=4.45B
step=135720 | loss=3.2105 | lr=3.00e-04 | wd=0.0111 | mom=0.9500 | T=8.8 k=3.8 (mu_rec=8 mu_bwd=4) | grad=0.849 | tok/s=24,598 | tokens=4.45B
step=135730 | loss=2.7122 | lr=3.00e-04 | wd=0.0110 | mom=0.9500 | T=7.2 k=4.0 (mu_rec=8 mu_bwd=4) | grad=1.381 | tok/s=23,330 | tokens=4.45B
step=135740 | loss=3.0279 | lr=3.00e-04 | wd=0.0110 | mom=0.9500 | T=4.2 k=2.5 (mu_rec=8 mu_bwd=4) | grad=0.893 | tok/s=24,640 | tokens=4.45B
step=135750 | loss=3.2129 | lr=3.00e-04 | wd=0.0110 | mom=0.9500 | T=8.8 k=3.8 (mu_rec=8 mu_bwd=4) | grad=0.890 | tok/s=23,830 | tokens=4.45B
step=135760 | loss=3.3127 | lr=3.00e-04 | wd=0.0110 | mom=0.9500 | T=4.8 k=3.2 (mu_rec=8 mu_bwd=4) | grad=1.079 | tok/s=26,376 | tokens=4.45B
step=135770 | loss=3.0629 | lr=3.00e-04 | wd=0.0110 | mom=0.9500 | T=9.5 k=4.0 (mu_rec=8 mu_bwd=4) | grad=1.028 | tok/s=23,573 | tokens=4.45B
step=135780 | loss=3.1053 | lr=3.00e-04 | wd=0.0110 | mom=0.9500 | T=6.8 k=4.0 (mu_rec=8 mu_bwd=4) | grad=0.891 | tok/s=22,624 | tokens=4.45B
step=135790 | loss=3.6644 | lr=3.00e-04 | wd=0.0110 | mom=0.9500 | T=7.2 k=4.0 (mu_rec=8 mu_bwd=4) | grad=1.426 | tok/s=23,216 | tokens=4.45B
step=135800 | loss=3.2000 | lr=3.00e-04 | wd=0.0110 | mom=0.9500 | T=4.5 k=3.5 (mu_rec=8 mu_bwd=4) | grad=2.118 | tok/s=24,982 | tokens=4.45B
step=135810 | loss=3.1470 | lr=3.00e-04 | wd=0.0110 | mom=0.9500 | T=9.8 k=4.0 (mu_rec=8 mu_bwd=4) | grad=0.816 | tok/s=22,201 | tokens=4.45B
step=135820 | loss=3.3670 | lr=3.00e-04 | wd=0.0110 | mom=0.9500 | T=6.8 k=4.0 (mu_rec=8 mu_bwd=4) | grad=0.893 | tok/s=25,394 | tokens=4.45B
step=135830 | loss=2.9919 | lr=3.00e-04 | wd=0.0110 | mom=0.9500 | T=6.8 k=4.0 (mu_rec=8 mu_bwd=4) | grad=0.870 | tok/s=23,537 | tokens=4.45B
step=135840 | loss=3.3458 | lr=3.00e-04 | wd=0.0110 | mom=0.9500 | T=4.0 k=3.8 (mu_rec=8 mu_bwd=4) | grad=0.815 | tok/s=24,124 | tokens=4.45B
step=135850 | loss=3.5622 | lr=3.00e-04 | wd=0.0110 | mom=0.9500 | T=3.0 k=2.5 (mu_rec=8 mu_bwd=4) | grad=0.854 | tok/s=24,232 | tokens=4.45B
step=135860 | loss=3.3232 | lr=3.00e-04 | wd=0.0110 | mom=0.9500 | T=7.2 k=3.5 (mu_rec=8 mu_bwd=4) | grad=1.065 | tok/s=22,130 | tokens=4.45B
step=135870 | loss=3.8928 | lr=3.00e-04 | wd=0.0110 | mom=0.9500 | T=6.2 k=3.5 (mu_rec=8 mu_bwd=4) | grad=2.739 | tok/s=24,935 | tokens=4.45B
step=135880 | loss=3.4886 | lr=3.00e-04 | wd=0.0109 | mom=0.9500 | T=12.0 k=3.5 (mu_rec=8 mu_bwd=4) | grad=0.949 | tok/s=22,639 | tokens=4.45B
step=135890 | loss=2.4236 | lr=3.00e-04 | wd=0.0109 | mom=0.9500 | T=9.5 k=4.0 (mu_rec=8 mu_bwd=4) | grad=1.105 | tok/s=23,178 | tokens=4.45B
step=135900 | loss=2.9934 | lr=3.00e-04 | wd=0.0109 | mom=0.9500 | T=10.8 k=4.0 (mu_rec=8 mu_bwd=4) | grad=0.867 | tok/s=22,093 | tokens=4.45B
step=135910 | loss=3.1600 | lr=3.00e-04 | wd=0.0109 | mom=0.9500 | T=4.0 k=3.2 (mu_rec=8 mu_bwd=4) | grad=1.534 | tok/s=23,851 | tokens=4.45B
step=135920 | loss=3.0790 | lr=3.00e-04 | wd=0.0109 | mom=0.9500 | T=6.8 k=4.0 (mu_rec=8 mu_bwd=4) | grad=0.988 | tok/s=24,404 | tokens=4.45B
step=135930 | loss=3.1290 | lr=3.00e-04 | wd=0.0109 | mom=0.9500 | T=13.8 k=4.0 (mu_rec=8 mu_bwd=4) | grad=1.495 | tok/s=24,116 | tokens=4.45B
step=135940 | loss=4.1788 | lr=3.00e-04 | wd=0.0109 | mom=0.9500 | T=5.0 k=3.5 (mu_rec=8 mu_bwd=4) | grad=4.007 | tok/s=23,709 | tokens=4.45B
step=135950 | loss=3.3566 | lr=3.00e-04 | wd=0.0109 | mom=0.9500 | T=8.0 k=3.8 (mu_rec=8 mu_bwd=4) | grad=0.871 | tok/s=22,654 | tokens=4.45B
step=135960 | loss=3.3371 | lr=3.00e-04 | wd=0.0109 | mom=0.9500 | T=7.2 k=4.0 (mu_rec=8 mu_bwd=4) | grad=1.315 | tok/s=25,570 | tokens=4.46B
step=135970 | loss=2.8509 | lr=3.00e-04 | wd=0.0109 | mom=0.9500 | T=6.0 k=3.2 (mu_rec=8 mu_bwd=4) | grad=1.132 | tok/s=23,779 | tokens=4.46B
step=135980 | loss=3.3045 | lr=3.00e-04 | wd=0.0109 | mom=0.9500 | T=7.8 k=3.5 (mu_rec=8 mu_bwd=4) | grad=0.855 | tok/s=23,983 | tokens=4.46B
step=135990 | loss=3.4094 | lr=3.00e-04 | wd=0.0109 | mom=0.9500 | T=5.2 k=3.8 (mu_rec=8 mu_bwd=4) | grad=0.939 | tok/s=23,617 | tokens=4.46B
step=136000 | loss=3.1284 | lr=3.00e-04 | wd=0.0109 | mom=0.9500 | T=8.0 k=3.5 (mu_rec=8 mu_bwd=4) | grad=1.012 | tok/s=22,844 | tokens=4.46B
[step 136000] Saved -> runs/cortex-5b-k4/checkpoint_0136000
[step 136000] Pruned -> runs/cortex-5b-k4/checkpoint_0130000
step=136010 | loss=2.9376 | lr=3.00e-04 | wd=0.0109 | mom=0.9500 | T=6.2 k=4.0 (mu_rec=8 mu_bwd=4) | grad=1.277 | tok/s=19,622 | tokens=4.46B
step=136020 | loss=2.7253 | lr=3.00e-04 | wd=0.0109 | mom=0.9500 | T=10.8 k=3.8 (mu_rec=8 mu_bwd=4) | grad=1.530 | tok/s=22,245 | tokens=4.46B
step=136030 | loss=3.2522 | lr=3.00e-04 | wd=0.0109 | mom=0.9500 | T=8.8 k=4.0 (mu_rec=8 mu_bwd=4) | grad=1.192 | tok/s=23,879 | tokens=4.46B
step=136040 | loss=2.9946 | lr=3.00e-04 | wd=0.0108 | mom=0.9500 | T=9.0 k=4.0 (mu_rec=8 mu_bwd=4) | grad=0.852 | tok/s=23,743 | tokens=4.46B
step=136050 | loss=3.3090 | lr=3.00e-04 | wd=0.0108 | mom=0.9500 | T=6.8 k=2.8 (mu_rec=8 mu_bwd=4) | grad=1.709 | tok/s=25,056 | tokens=4.46B
step=136060 | loss=3.3416 | lr=3.00e-04 | wd=0.0108 | mom=0.9500 | T=8.5 k=3.8 (mu_rec=8 mu_bwd=4) | grad=1.120 | tok/s=23,826 | tokens=4.46B
step=136070 | loss=3.1168 | lr=3.00e-04 | wd=0.0108 | mom=0.9500 | T=7.8 k=4.0 (mu_rec=8 mu_bwd=4) | grad=0.844 | tok/s=23,748 | tokens=4.46B
step=136080 | loss=2.9213 | lr=3.00e-04 | wd=0.0108 | mom=0.9500 | T=6.5 k=3.5 (mu_rec=8 mu_bwd=4) | grad=0.965 | tok/s=24,372 | tokens=4.46B
step=136090 | loss=3.2950 | lr=3.00e-04 | wd=0.0108 | mom=0.9500 | T=10.8 k=4.0 (mu_rec=8 mu_bwd=4) | grad=0.853 | tok/s=10,373 | tokens=4.46B
step=136100 | loss=3.0893 | lr=3.00e-04 | wd=0.0108 | mom=0.9500 | T=8.2 k=3.5 (mu_rec=8 mu_bwd=4) | grad=0.975 | tok/s=23,812 | tokens=4.46B
step=136110 | loss=2.8584 | lr=3.00e-04 | wd=0.0108 | mom=0.9500 | T=8.0 k=3.8 (mu_rec=8 mu_bwd=4) | grad=0.827 | tok/s=23,843 | tokens=4.46B
step=136120 | loss=3.1733 | lr=3.00e-04 | wd=0.0108 | mom=0.9500 | T=10.2 k=3.5 (mu_rec=8 mu_bwd=4) | grad=0.897 | tok/s=22,654 | tokens=4.46B
step=136130 | loss=3.0872 | lr=3.00e-04 | wd=0.0108 | mom=0.9500 | T=7.2 k=4.0 (mu_rec=8 mu_bwd=4) | grad=0.953 | tok/s=22,666 | tokens=4.46B
step=136140 | loss=3.0074 | lr=3.00e-04 | wd=0.0108 | mom=0.9500 | T=20.8 k=3.8 (mu_rec=8 mu_bwd=4) | grad=0.768 | tok/s=23,095 | tokens=4.46B
step=136150 | loss=3.3614 | lr=3.00e-04 | wd=0.0108 | mom=0.9500 | T=5.5 k=3.2 (mu_rec=8 mu_bwd=4) | grad=1.123 | tok/s=24,759 | tokens=4.46B
step=136160 | loss=2.9510 | lr=3.00e-04 | wd=0.0108 | mom=0.9500 | T=12.8 k=4.0 (mu_rec=8 mu_bwd=4) | grad=0.905 | tok/s=22,165 | tokens=4.46B
step=136170 | loss=3.2799 | lr=3.00e-04 | wd=0.0108 | mom=0.9500 | T=12.8 k=4.0 (mu_rec=8 mu_bwd=4) | grad=1.340 | tok/s=22,636 | tokens=4.46B
step=136180 | loss=3.5053 | lr=3.00e-04 | wd=0.0108 | mom=0.9500 | T=6.5 k=3.2 (mu_rec=8 mu_bwd=4) | grad=1.137 | tok/s=22,934 | tokens=4.46B
step=136190 | loss=3.2543 | lr=3.00e-04 | wd=0.0107 | mom=0.9500 | T=8.0 k=4.0 (mu_rec=8 mu_bwd=4) | grad=0.821 | tok/s=23,385 | tokens=4.46B
step=136200 | loss=3.1573 | lr=3.00e-04 | wd=0.0107 | mom=0.9500 | T=4.5 k=3.5 (mu_rec=8 mu_bwd=4) | grad=0.928 | tok/s=24,086 | tokens=4.46B
step=136210 | loss=3.2150 | lr=3.00e-04 | wd=0.0107 | mom=0.9500 | T=9.2 k=3.5 (mu_rec=8 mu_bwd=4) | grad=0.817 | tok/s=23,692 | tokens=4.46B
step=136220 | loss=3.2846 | lr=3.00e-04 | wd=0.0107 | mom=0.9500 | T=3.8 k=3.0 (mu_rec=8 mu_bwd=4) | grad=1.050 | tok/s=22,651 | tokens=4.46B
step=136230 | loss=2.9837 | lr=3.00e-04 | wd=0.0107 | mom=0.9500 | T=11.8 k=4.0 (mu_rec=8 mu_bwd=4) | grad=1.074 | tok/s=22,600 | tokens=4.46B
step=136240 | loss=3.0662 | lr=3.00e-04 | wd=0.0107 | mom=0.9500 | T=9.8 k=3.5 (mu_rec=8 mu_bwd=4) | grad=1.103 | tok/s=24,626 | tokens=4.46B
step=136250 | loss=2.8787 | lr=3.00e-04 | wd=0.0107 | mom=0.9500 | T=6.5 k=4.0 (mu_rec=8 mu_bwd=4) | grad=0.866 | tok/s=24,951 | tokens=4.46B
step=136260 | loss=3.0583 | lr=3.00e-04 | wd=0.0107 | mom=0.9500 | T=8.5 k=3.8 (mu_rec=8 mu_bwd=4) | grad=1.090 | tok/s=23,103 | tokens=4.46B
step=136270 | loss=3.2313 | lr=3.00e-04 | wd=0.0107 | mom=0.9500 | T=7.0 k=4.0 (mu_rec=8 mu_bwd=4) | grad=1.754 | tok/s=25,507 | tokens=4.47B
step=136280 | loss=3.3984 | lr=3.00e-04 | wd=0.0107 | mom=0.9500 | T=6.8 k=3.5 (mu_rec=8 mu_bwd=4) | grad=5.606 | tok/s=23,589 | tokens=4.47B
step=136290 | loss=3.6059 | lr=3.00e-04 | wd=0.0107 | mom=0.9500 | T=7.5 k=3.2 (mu_rec=8 mu_bwd=4) | grad=0.799 | tok/s=23,238 | tokens=4.47B
step=136300 | loss=3.4677 | lr=3.00e-04 | wd=0.0107 | mom=0.9500 | T=12.5 k=4.0 (mu_rec=8 mu_bwd=4) | grad=1.267 | tok/s=23,147 | tokens=4.47B
step=136310 | loss=3.7792 | lr=3.00e-04 | wd=0.0107 | mom=0.9500 | T=9.0 k=4.0 (mu_rec=8 mu_bwd=4) | grad=1.051 | tok/s=22,547 | tokens=4.47B
step=136320 | loss=3.0679 | lr=3.00e-04 | wd=0.0107 | mom=0.9500 | T=8.5 k=3.2 (mu_rec=8 mu_bwd=4) | grad=0.982 | tok/s=9,847 | tokens=4.47B
step=136330 | loss=3.0269 | lr=3.00e-04 | wd=0.0107 | mom=0.9500 | T=7.8 k=4.0 (mu_rec=8 mu_bwd=4) | grad=1.292 | tok/s=23,792 | tokens=4.47B
step=136340 | loss=2.9467 | lr=3.00e-04 | wd=0.0106 | mom=0.9500 | T=11.0 k=4.0 (mu_rec=8 mu_bwd=4) | grad=1.027 | tok/s=23,691 | tokens=4.47B
step=136350 | loss=3.4194 | lr=3.00e-04 | wd=0.0106 | mom=0.9500 | T=5.0 k=4.0 (mu_rec=8 mu_bwd=4) | grad=1.321 | tok/s=25,183 | tokens=4.47B
step=136360 | loss=3.1270 | lr=3.00e-04 | wd=0.0106 | mom=0.9500 | T=7.8 k=3.5 (mu_rec=8 mu_bwd=4) | grad=1.305 | tok/s=24,348 | tokens=4.47B
step=136370 | loss=3.0020 | lr=3.00e-04 | wd=0.0106 | mom=0.9500 | T=4.2 k=3.5 (mu_rec=8 mu_bwd=4) | grad=1.121 | tok/s=26,199 | tokens=4.47B
step=136380 | loss=3.0731 | lr=3.00e-04 | wd=0.0106 | mom=0.9500 | T=10.5 k=4.0 (mu_rec=8 mu_bwd=4) | grad=0.807 | tok/s=24,206 | tokens=4.47B
step=136390 | loss=2.9978 | lr=3.00e-04 | wd=0.0106 | mom=0.9500 | T=7.2 k=4.0 (mu_rec=8 mu_bwd=4) | grad=0.908 | tok/s=22,043 | tokens=4.47B
step=136400 | loss=2.9102 | lr=3.00e-04 | wd=0.0106 | mom=0.9500 | T=6.5 k=3.8 (mu_rec=8 mu_bwd=4) | grad=1.032 | tok/s=24,539 | tokens=4.47B
step=136410 | loss=3.1569 | lr=3.00e-04 | wd=0.0106 | mom=0.9500 | T=6.2 k=3.8 (mu_rec=8 mu_bwd=4) | grad=1.318 | tok/s=23,725 | tokens=4.47B
step=136420 | loss=2.8554 | lr=3.00e-04 | wd=0.0106 | mom=0.9500 | T=7.2 k=3.8 (mu_rec=8 mu_bwd=4) | grad=0.979 | tok/s=23,746 | tokens=4.47B
step=136430 | loss=3.0928 | lr=3.00e-04 | wd=0.0106 | mom=0.9500 | T=5.2 k=2.8 (mu_rec=8 mu_bwd=4) | grad=1.960 | tok/s=23,156 | tokens=4.47B
step=136440 | loss=3.4102 | lr=3.00e-04 | wd=0.0106 | mom=0.9500 | T=4.0 k=3.0 (mu_rec=8 mu_bwd=4) | grad=0.825 | tok/s=24,605 | tokens=4.47B
step=136450 | loss=2.8454 | lr=3.00e-04 | wd=0.0106 | mom=0.9500 | T=7.2 k=4.0 (mu_rec=8 mu_bwd=4) | grad=1.219 | tok/s=22,285 | tokens=4.47B
step=136460 | loss=3.0255 | lr=3.00e-04 | wd=0.0106 | mom=0.9500 | T=5.8 k=3.5 (mu_rec=8 mu_bwd=4) | grad=0.833 | tok/s=24,161 | tokens=4.47B
step=136470 | loss=3.0221 | lr=3.00e-04 | wd=0.0106 | mom=0.9500 | T=11.8 k=3.2 (mu_rec=8 mu_bwd=4) | grad=0.960 | tok/s=24,385 | tokens=4.47B
step=136480 | loss=3.0290 | lr=3.00e-04 | wd=0.0106 | mom=0.9500 | T=12.5 k=3.8 (mu_rec=8 mu_bwd=4) | grad=0.799 | tok/s=22,841 | tokens=4.47B
step=136490 | loss=2.8806 | lr=3.00e-04 | wd=0.0106 | mom=0.9500 | T=9.0 k=4.0 (mu_rec=8 mu_bwd=4) | grad=0.794 | tok/s=24,136 | tokens=4.47B
step=136500 | loss=3.1352 | lr=3.00e-04 | wd=0.0105 | mom=0.9500 | T=7.5 k=3.5 (mu_rec=8 mu_bwd=4) | grad=2.645 | tok/s=24,426 | tokens=4.47B
step=136510 | loss=3.2560 | lr=3.00e-04 | wd=0.0105 | mom=0.9500 | T=8.2 k=4.0 (mu_rec=8 mu_bwd=4) | grad=0.933 | tok/s=23,441 | tokens=4.47B
step=136520 | loss=3.2757 | lr=3.00e-04 | wd=0.0105 | mom=0.9500 | T=8.5 k=4.0 (mu_rec=8 mu_bwd=4) | grad=4.448 | tok/s=22,430 | tokens=4.47B
step=136530 | loss=3.7945 | lr=3.00e-04 | wd=0.0105 | mom=0.9500 | T=11.5 k=4.0 (mu_rec=8 mu_bwd=4) | grad=3.219 | tok/s=24,691 | tokens=4.47B
step=136540 | loss=3.2480 | lr=3.00e-04 | wd=0.0105 | mom=0.9500 | T=6.2 k=4.0 (mu_rec=8 mu_bwd=4) | grad=1.130 | tok/s=24,250 | tokens=4.47B
step=136550 | loss=2.9753 | lr=3.00e-04 | wd=0.0105 | mom=0.9500 | T=13.2 k=4.0 (mu_rec=8 mu_bwd=4) | grad=0.781 | tok/s=24,458 | tokens=4.47B
step=136560 | loss=2.9514 | lr=3.00e-04 | wd=0.0105 | mom=0.9500 | T=10.5 k=4.0 (mu_rec=8 mu_bwd=4) | grad=0.743 | tok/s=22,680 | tokens=4.47B
step=136570 | loss=2.9564 | lr=3.00e-04 | wd=0.0105 | mom=0.9500 | T=8.0 k=3.5 (mu_rec=8 mu_bwd=4) | grad=0.828 | tok/s=22,154 | tokens=4.48B
step=136580 | loss=3.3486 | lr=3.00e-04 | wd=0.0105 | mom=0.9500 | T=17.2 k=4.0 (mu_rec=8 mu_bwd=4) | grad=0.819 | tok/s=21,146 | tokens=4.48B
step=136590 | loss=2.7874 | lr=3.00e-04 | wd=0.0105 | mom=0.9500 | T=8.5 k=4.0 (mu_rec=8 mu_bwd=4) | grad=0.768 | tok/s=22,733 | tokens=4.48B
step=136600 | loss=3.0404 | lr=3.00e-04 | wd=0.0105 | mom=0.9500 | T=6.0 k=4.0 (mu_rec=8 mu_bwd=4) | grad=1.181 | tok/s=23,336 | tokens=4.48B
step=136610 | loss=3.5359 | lr=3.00e-04 | wd=0.0105 | mom=0.9500 | T=9.2 k=4.0 (mu_rec=8 mu_bwd=4) | grad=1.500 | tok/s=23,779 | tokens=4.48B
step=136620 | loss=3.8500 | lr=3.00e-04 | wd=0.0105 | mom=0.9500 | T=10.0 k=4.0 (mu_rec=8 mu_bwd=4) | grad=1.390 | tok/s=23,537 | tokens=4.48B
step=136630 | loss=3.8043 | lr=3.00e-04 | wd=0.0105 | mom=0.9500 | T=11.8 k=4.0 (mu_rec=8 mu_bwd=4) | grad=1.987 | tok/s=24,779 | tokens=4.48B
step=136640 | loss=3.3093 | lr=3.00e-04 | wd=0.0105 | mom=0.9500 | T=6.2 k=4.0 (mu_rec=8 mu_bwd=4) | grad=1.794 | tok/s=23,446 | tokens=4.48B
step=136650 | loss=3.2360 | lr=3.00e-04 | wd=0.0104 | mom=0.9500 | T=8.0 k=4.0 (mu_rec=8 mu_bwd=4) | grad=1.322 | tok/s=22,294 | tokens=4.48B
step=136660 | loss=3.4873 | lr=3.00e-04 | wd=0.0104 | mom=0.9500 | T=9.0 k=3.8 (mu_rec=8 mu_bwd=4) | grad=1.417 | tok/s=26,598 | tokens=4.48B
step=136670 | loss=3.1763 | lr=3.00e-04 | wd=0.0104 | mom=0.9500 | T=11.2 k=4.0 (mu_rec=8 mu_bwd=4) | grad=0.860 | tok/s=22,979 | tokens=4.48B
step=136680 | loss=3.3547 | lr=3.00e-04 | wd=0.0104 | mom=0.9500 | T=6.8 k=4.0 (mu_rec=8 mu_bwd=4) | grad=1.585 | tok/s=23,750 | tokens=4.48B
step=136690 | loss=3.5313 | lr=3.00e-04 | wd=0.0104 | mom=0.9500 | T=11.8 k=4.0 (mu_rec=8 mu_bwd=4) | grad=1.625 | tok/s=23,853 | tokens=4.48B
step=136700 | loss=3.2832 | lr=3.00e-04 | wd=0.0104 | mom=0.9500 | T=7.5 k=4.0 (mu_rec=8 mu_bwd=4) | grad=0.853 | tok/s=23,019 | tokens=4.48B
step=136710 | loss=3.1739 | lr=3.00e-04 | wd=0.0104 | mom=0.9500 | T=7.5 k=4.0 (mu_rec=8 mu_bwd=4) | grad=2.077 | tok/s=23,764 | tokens=4.48B
step=136720 | loss=3.1344 | lr=3.00e-04 | wd=0.0104 | mom=0.9500 | T=13.5 k=4.0 (mu_rec=8 mu_bwd=4) | grad=0.886 | tok/s=23,292 | tokens=4.48B
step=136730 | loss=3.2889 | lr=3.00e-04 | wd=0.0104 | mom=0.9500 | T=7.2 k=3.2 (mu_rec=8 mu_bwd=4) | grad=0.800 | tok/s=22,183 | tokens=4.48B
step=136740 | loss=2.6458 | lr=3.00e-04 | wd=0.0104 | mom=0.9500 | T=4.2 k=2.5 (mu_rec=8 mu_bwd=4) | grad=1.041 | tok/s=22,238 | tokens=4.48B
step=136750 | loss=2.8826 | lr=3.00e-04 | wd=0.0104 | mom=0.9500 | T=4.5 k=3.0 (mu_rec=8 mu_bwd=4) | grad=1.075 | tok/s=23,610 | tokens=4.48B
step=136760 | loss=3.1628 | lr=3.00e-04 | wd=0.0104 | mom=0.9500 | T=5.5 k=3.5 (mu_rec=8 mu_bwd=4) | grad=0.830 | tok/s=24,019 | tokens=4.48B
step=136770 | loss=2.8486 | lr=3.00e-04 | wd=0.0104 | mom=0.9500 | T=7.2 k=3.2 (mu_rec=8 mu_bwd=4) | grad=0.956 | tok/s=23,931 | tokens=4.48B
step=136780 | loss=2.9760 | lr=3.00e-04 | wd=0.0104 | mom=0.9500 | T=9.0 k=4.0 (mu_rec=8 mu_bwd=4) | grad=0.867 | tok/s=25,044 | tokens=4.48B
step=136790 | loss=3.2305 | lr=3.00e-04 | wd=0.0104 | mom=0.9500 | T=10.8 k=4.0 (mu_rec=8 mu_bwd=4) | grad=1.034 | tok/s=23,189 | tokens=4.48B
step=136800 | loss=2.9987 | lr=3.00e-04 | wd=0.0103 | mom=0.9500 | T=11.0 k=4.0 (mu_rec=8 mu_bwd=4) | grad=1.175 | tok/s=24,200 | tokens=4.48B
step=136810 | loss=2.9652 | lr=3.00e-04 | wd=0.0103 | mom=0.9500 | T=9.0 k=4.0 (mu_rec=8 mu_bwd=4) | grad=0.823 | tok/s=25,482 | tokens=4.48B
step=136820 | loss=3.3362 | lr=3.00e-04 | wd=0.0103 | mom=0.9500 | T=7.2 k=3.5 (mu_rec=8 mu_bwd=4) | grad=0.943 | tok/s=23,138 | tokens=4.48B
step=136830 | loss=3.2070 | lr=3.00e-04 | wd=0.0103 | mom=0.9500 | T=11.5 k=4.0 (mu_rec=8 mu_bwd=4) | grad=1.010 | tok/s=24,943 | tokens=4.48B
step=136840 | loss=2.9336 | lr=3.00e-04 | wd=0.0103 | mom=0.9500 | T=5.0 k=3.0 (mu_rec=8 mu_bwd=4) | grad=1.301 | tok/s=23,816 | tokens=4.48B
step=136850 | loss=3.3004 | lr=3.00e-04 | wd=0.0103 | mom=0.9500 | T=9.0 k=4.0 (mu_rec=8 mu_bwd=4) | grad=0.976 | tok/s=23,659 | tokens=4.48B
step=136860 | loss=3.3998 | lr=3.00e-04 | wd=0.0103 | mom=0.9500 | T=11.5 k=4.0 (mu_rec=8 mu_bwd=4) | grad=1.950 | tok/s=21,421 | tokens=4.48B
step=136870 | loss=2.9465 | lr=3.00e-04 | wd=0.0103 | mom=0.9500 | T=8.0 k=4.0 (mu_rec=8 mu_bwd=4) | grad=0.775 | tok/s=24,093 | tokens=4.48B
step=136880 | loss=3.0461 | lr=3.00e-04 | wd=0.0103 | mom=0.9500 | T=11.2 k=3.8 (mu_rec=8 mu_bwd=4) | grad=1.013 | tok/s=22,321 | tokens=4.49B
step=136890 | loss=3.5316 | lr=3.00e-04 | wd=0.0103 | mom=0.9500 | T=6.5 k=3.2 (mu_rec=8 mu_bwd=4) | grad=2.570 | tok/s=25,226 | tokens=4.49B
step=136900 | loss=3.4211 | lr=3.00e-04 | wd=0.0103 | mom=0.9500 | T=14.8 k=4.0 (mu_rec=8 mu_bwd=4) | grad=2.221 | tok/s=22,962 | tokens=4.49B
step=136910 | loss=3.2303 | lr=3.00e-04 | wd=0.0103 | mom=0.9500 | T=7.5 k=4.0 (mu_rec=8 mu_bwd=4) | grad=1.241 | tok/s=22,715 | tokens=4.49B
step=136920 | loss=3.1648 | lr=3.00e-04 | wd=0.0103 | mom=0.9500 | T=8.8 k=3.8 (mu_rec=8 mu_bwd=4) | grad=0.840 | tok/s=23,133 | tokens=4.49B
step=136930 | loss=3.2002 | lr=3.00e-04 | wd=0.0103 | mom=0.9500 | T=4.8 k=3.2 (mu_rec=8 mu_bwd=4) | grad=1.524 | tok/s=24,118 | tokens=4.49B
step=136940 | loss=3.3482 | lr=3.00e-04 | wd=0.0103 | mom=0.9500 | T=4.2 k=4.0 (mu_rec=8 mu_bwd=4) | grad=1.143 | tok/s=23,278 | tokens=4.49B
step=136950 | loss=3.0490 | lr=3.00e-04 | wd=0.0102 | mom=0.9500 | T=7.5 k=4.0 (mu_rec=8 mu_bwd=4) | grad=1.064 | tok/s=11,160 | tokens=4.49B
step=136960 | loss=2.9942 | lr=3.00e-04 | wd=0.0102 | mom=0.9500 | T=8.2 k=3.5 (mu_rec=8 mu_bwd=4) | grad=0.911 | tok/s=22,737 | tokens=4.49B
step=136970 | loss=3.0385 | lr=3.00e-04 | wd=0.0102 | mom=0.9500 | T=6.2 k=4.0 (mu_rec=8 mu_bwd=4) | grad=1.132 | tok/s=23,710 | tokens=4.49B
step=136980 | loss=3.2578 | lr=3.00e-04 | wd=0.0102 | mom=0.9500 | T=11.2 k=4.0 (mu_rec=8 mu_bwd=4) | grad=1.455 | tok/s=22,931 | tokens=4.49B
step=136990 | loss=3.4163 | lr=3.00e-04 | wd=0.0102 | mom=0.9500 | T=11.8 k=3.2 (mu_rec=8 mu_bwd=4) | grad=1.237 | tok/s=23,389 | tokens=4.49B
step=137000 | loss=3.2342 | lr=3.00e-04 | wd=0.0102 | mom=0.9500 | T=8.2 k=4.0 (mu_rec=8 mu_bwd=4) | grad=1.223 | tok/s=23,408 | tokens=4.49B
step=137010 | loss=3.3082 | lr=3.00e-04 | wd=0.0102 | mom=0.9500 | T=6.2 k=3.0 (mu_rec=8 mu_bwd=4) | grad=1.073 | tok/s=23,849 | tokens=4.49B
step=137020 | loss=3.0441 | lr=3.00e-04 | wd=0.0102 | mom=0.9500 | T=9.5 k=3.5 (mu_rec=8 mu_bwd=4) | grad=1.193 | tok/s=24,626 | tokens=4.49B
step=137030 | loss=3.2861 | lr=3.00e-04 | wd=0.0102 | mom=0.9500 | T=14.2 k=4.0 (mu_rec=8 mu_bwd=4) | grad=0.951 | tok/s=23,647 | tokens=4.49B
step=137040 | loss=3.1958 | lr=3.00e-04 | wd=0.0102 | mom=0.9500 | T=5.0 k=2.8 (mu_rec=8 mu_bwd=4) | grad=0.906 | tok/s=24,041 | tokens=4.49B
step=137050 | loss=2.9881 | lr=3.00e-04 | wd=0.0102 | mom=0.9500 | T=2.8 k=2.2 (mu_rec=8 mu_bwd=4) | grad=0.870 | tok/s=26,803 | tokens=4.49B
step=137060 | loss=3.0857 | lr=3.00e-04 | wd=0.0102 | mom=0.9500 | T=9.2 k=3.5 (mu_rec=8 mu_bwd=4) | grad=0.913 | tok/s=23,917 | tokens=4.49B
step=137070 | loss=3.0181 | lr=3.00e-04 | wd=0.0102 | mom=0.9500 | T=18.0 k=4.0 (mu_rec=8 mu_bwd=4) | grad=0.709 | tok/s=22,330 | tokens=4.49B
step=137080 | loss=3.0390 | lr=3.00e-04 | wd=0.0102 | mom=0.9500 | T=6.2 k=3.2 (mu_rec=8 mu_bwd=4) | grad=0.758 | tok/s=22,557 | tokens=4.49B
step=137090 | loss=3.1266 | lr=3.00e-04 | wd=0.0102 | mom=0.9500 | T=6.8 k=4.0 (mu_rec=8 mu_bwd=4) | grad=1.390 | tok/s=24,477 | tokens=4.49B
step=137100 | loss=3.0753 | lr=3.00e-04 | wd=0.0102 | mom=0.9500 | T=9.5 k=4.0 (mu_rec=8 mu_bwd=4) | grad=0.868 | tok/s=23,166 | tokens=4.49B
step=137110 | loss=3.3693 | lr=3.00e-04 | wd=0.0101 | mom=0.9500 | T=10.0 k=4.0 (mu_rec=8 mu_bwd=4) | grad=1.484 | tok/s=22,382 | tokens=4.49B
step=137120 | loss=3.0179 | lr=3.00e-04 | wd=0.0101 | mom=0.9500 | T=10.5 k=3.8 (mu_rec=8 mu_bwd=4) | grad=0.881 | tok/s=24,938 | tokens=4.49B
step=137130 | loss=3.0986 | lr=3.00e-04 | wd=0.0101 | mom=0.9500 | T=7.8 k=4.0 (mu_rec=8 mu_bwd=4) | grad=0.952 | tok/s=23,112 | tokens=4.49B
step=137140 | loss=3.0417 | lr=3.00e-04 | wd=0.0101 | mom=0.9500 | T=6.8 k=4.0 (mu_rec=8 mu_bwd=4) | grad=0.902 | tok/s=24,619 | tokens=4.49B
step=137150 | loss=3.2399 | lr=3.00e-04 | wd=0.0101 | mom=0.9500 | T=6.5 k=4.0 (mu_rec=8 mu_bwd=4) | grad=0.845 | tok/s=24,122 | tokens=4.49B
step=137160 | loss=3.2428 | lr=3.00e-04 | wd=0.0101 | mom=0.9500 | T=9.8 k=4.0 (mu_rec=8 mu_bwd=4) | grad=0.848 | tok/s=24,463 | tokens=4.49B
step=137170 | loss=3.0805 | lr=3.00e-04 | wd=0.0101 | mom=0.9500 | T=10.8 k=4.0 (mu_rec=8 mu_bwd=4) | grad=2.831 | tok/s=22,935 | tokens=4.49B
step=137180 | loss=3.2466 | lr=3.00e-04 | wd=0.0101 | mom=0.9500 | T=5.5 k=3.2 (mu_rec=8 mu_bwd=4) | grad=1.488 | tok/s=23,978 | tokens=4.50B
step=137190 | loss=2.9877 | lr=3.00e-04 | wd=0.0101 | mom=0.9500 | T=5.0 k=3.5 (mu_rec=8 mu_bwd=4) | grad=0.937 | tok/s=23,849 | tokens=4.50B
step=137200 | loss=2.8989 | lr=3.00e-04 | wd=0.0101 | mom=0.9500 | T=8.8 k=4.0 (mu_rec=8 mu_bwd=4) | grad=0.888 | tok/s=23,079 | tokens=4.50B
step=137210 | loss=3.0552 | lr=3.00e-04 | wd=0.0101 | mom=0.9500 | T=9.2 k=3.2 (mu_rec=8 mu_bwd=4) | grad=1.551 | tok/s=24,530 | tokens=4.50B
step=137220 | loss=3.2811 | lr=3.00e-04 | wd=0.0101 | mom=0.9500 | T=5.2 k=3.2 (mu_rec=8 mu_bwd=4) | grad=1.174 | tok/s=23,374 | tokens=4.50B
step=137230 | loss=2.9407 | lr=3.00e-04 | wd=0.0101 | mom=0.9500 | T=9.8 k=3.8 (mu_rec=8 mu_bwd=4) | grad=0.810 | tok/s=24,189 | tokens=4.50B
step=137240 | loss=3.0473 | lr=3.00e-04 | wd=0.0101 | mom=0.9500 | T=8.5 k=4.0 (mu_rec=8 mu_bwd=4) | grad=0.806 | tok/s=22,920 | tokens=4.50B
step=137250 | loss=2.9581 | lr=3.00e-04 | wd=0.0101 | mom=0.9500 | T=7.8 k=3.8 (mu_rec=8 mu_bwd=4) | grad=1.011 | tok/s=23,093 | tokens=4.50B
step=137260 | loss=2.9897 | lr=3.00e-04 | wd=0.0100 | mom=0.9500 | T=9.5 k=3.8 (mu_rec=8 mu_bwd=4) | grad=2.622 | tok/s=10,894 | tokens=4.50B
step=137270 | loss=3.1740 | lr=3.00e-04 | wd=0.0100 | mom=0.9500 | T=5.2 k=3.5 (mu_rec=8 mu_bwd=4) | grad=1.014 | tok/s=24,845 | tokens=4.50B
step=137280 | loss=3.1707 | lr=3.00e-04 | wd=0.0100 | mom=0.9500 | T=11.2 k=3.5 (mu_rec=8 mu_bwd=4) | grad=0.974 | tok/s=23,735 | tokens=4.50B
step=137290 | loss=3.2097 | lr=3.00e-04 | wd=0.0100 | mom=0.9500 | T=10.0 k=3.2 (mu_rec=8 mu_bwd=4) | grad=1.842 | tok/s=22,039 | tokens=4.50B
step=137300 | loss=3.1879 | lr=3.00e-04 | wd=0.0100 | mom=0.9500 | T=12.5 k=4.0 (mu_rec=8 mu_bwd=4) | grad=1.819 | tok/s=23,795 | tokens=4.50B
step=137310 | loss=3.0668 | lr=3.00e-04 | wd=0.0100 | mom=0.9500 | T=6.8 k=3.8 (mu_rec=8 mu_bwd=4) | grad=1.175 | tok/s=24,391 | tokens=4.50B
step=137320 | loss=2.9943 | lr=3.00e-04 | wd=0.0100 | mom=0.9500 | T=7.2 k=3.8 (mu_rec=8 mu_bwd=4) | grad=1.026 | tok/s=24,053 | tokens=4.50B
step=137330 | loss=3.1275 | lr=3.00e-04 | wd=0.0100 | mom=0.9500 | T=12.8 k=4.0 (mu_rec=8 mu_bwd=4) | grad=1.148 | tok/s=23,037 | tokens=4.50B
step=137340 | loss=2.9635 | lr=3.00e-04 | wd=0.0100 | mom=0.9500 | T=7.8 k=4.0 (mu_rec=8 mu_bwd=4) | grad=0.981 | tok/s=24,457 | tokens=4.50B
step=137350 | loss=2.7730 | lr=3.00e-04 | wd=0.0100 | mom=0.9500 | T=8.8 k=4.0 (mu_rec=8 mu_bwd=4) | grad=0.912 | tok/s=24,971 | tokens=4.50B
step=137360 | loss=3.4186 | lr=3.00e-04 | wd=0.0100 | mom=0.9500 | T=5.8 k=3.8 (mu_rec=8 mu_bwd=4) | grad=1.930 | tok/s=24,077 | tokens=4.50B
step=137370 | loss=3.3281 | lr=3.00e-04 | wd=0.0100 | mom=0.9500 | T=12.5 k=4.0 (mu_rec=8 mu_bwd=4) | grad=1.243 | tok/s=22,587 | tokens=4.50B
step=137380 | loss=2.9216 | lr=3.00e-04 | wd=0.0100 | mom=0.9500 | T=6.0 k=4.0 (mu_rec=8 mu_bwd=4) | grad=1.137 | tok/s=23,958 | tokens=4.50B
step=137390 | loss=3.2310 | lr=3.00e-04 | wd=0.0100 | mom=0.9500 | T=9.2 k=3.5 (mu_rec=8 mu_bwd=4) | grad=1.517 | tok/s=25,015 | tokens=4.50B
step=137400 | loss=3.2187 | lr=3.00e-04 | wd=0.0100 | mom=0.9500 | T=6.8 k=4.0 (mu_rec=8 mu_bwd=4) | grad=0.872 | tok/s=22,482 | tokens=4.50B
step=137410 | loss=3.0914 | lr=3.00e-04 | wd=0.0099 | mom=0.9500 | T=7.8 k=3.2 (mu_rec=8 mu_bwd=4) | grad=1.112 | tok/s=23,614 | tokens=4.50B
step=137420 | loss=2.9667 | lr=3.00e-04 | wd=0.0099 | mom=0.9500 | T=9.2 k=4.0 (mu_rec=8 mu_bwd=4) | grad=1.357 | tok/s=24,133 | tokens=4.50B
step=137430 | loss=3.0834 | lr=3.00e-04 | wd=0.0099 | mom=0.9500 | T=6.2 k=3.8 (mu_rec=8 mu_bwd=4) | grad=1.009 | tok/s=23,121 | tokens=4.50B
step=137440 | loss=3.1765 | lr=3.00e-04 | wd=0.0099 | mom=0.9500 | T=6.5 k=3.2 (mu_rec=8 mu_bwd=4) | grad=0.853 | tok/s=24,063 | tokens=4.50B
step=137450 | loss=2.9923 | lr=3.00e-04 | wd=0.0099 | mom=0.9500 | T=7.0 k=4.0 (mu_rec=8 mu_bwd=4) | grad=0.883 | tok/s=25,333 | tokens=4.50B
step=137460 | loss=3.1014 | lr=3.00e-04 | wd=0.0099 | mom=0.9500 | T=7.5 k=3.8 (mu_rec=8 mu_bwd=4) | grad=0.933 | tok/s=23,708 | tokens=4.50B
step=137470 | loss=3.0421 | lr=3.00e-04 | wd=0.0099 | mom=0.9500 | T=7.8 k=4.0 (mu_rec=8 mu_bwd=4) | grad=1.044 | tok/s=22,637 | tokens=4.50B
step=137480 | loss=3.0096 | lr=3.00e-04 | wd=0.0099 | mom=0.9500 | T=7.8 k=4.0 (mu_rec=8 mu_bwd=4) | grad=1.003 | tok/s=24,958 | tokens=4.50B
step=137490 | loss=2.7987 | lr=3.00e-04 | wd=0.0099 | mom=0.9500 | T=9.2 k=4.0 (mu_rec=8 mu_bwd=4) | grad=1.005 | tok/s=24,859 | tokens=4.51B
step=137500 | loss=3.2193 | lr=3.00e-04 | wd=0.0099 | mom=0.9500 | T=8.8 k=4.0 (mu_rec=8 mu_bwd=4) | grad=1.009 | tok/s=24,074 | tokens=4.51B
step=137510 | loss=3.0871 | lr=3.00e-04 | wd=0.0099 | mom=0.9500 | T=9.2 k=4.0 (mu_rec=8 mu_bwd=4) | grad=0.877 | tok/s=23,318 | tokens=4.51B
step=137520 | loss=3.1065 | lr=3.00e-04 | wd=0.0099 | mom=0.9500 | T=7.0 k=4.0 (mu_rec=8 mu_bwd=4) | grad=0.807 | tok/s=23,431 | tokens=4.51B
step=137530 | loss=2.8783 | lr=3.00e-04 | wd=0.0099 | mom=0.9500 | T=12.5 k=4.0 (mu_rec=8 mu_bwd=4) | grad=0.889 | tok/s=22,702 | tokens=4.51B
step=137540 | loss=3.2238 | lr=3.00e-04 | wd=0.0099 | mom=0.9500 | T=5.0 k=3.2 (mu_rec=8 mu_bwd=4) | grad=1.214 | tok/s=27,028 | tokens=4.51B
step=137550 | loss=3.2378 | lr=3.00e-04 | wd=0.0099 | mom=0.9500 | T=8.2 k=3.8 (mu_rec=8 mu_bwd=4) | grad=0.941 | tok/s=23,919 | tokens=4.51B
step=137560 | loss=3.0624 | lr=3.00e-04 | wd=0.0098 | mom=0.9500 | T=6.8 k=3.8 (mu_rec=8 mu_bwd=4) | grad=1.009 | tok/s=21,950 | tokens=4.51B
step=137570 | loss=2.8794 | lr=3.00e-04 | wd=0.0098 | mom=0.9500 | T=7.8 k=3.8 (mu_rec=8 mu_bwd=4) | grad=0.788 | tok/s=23,752 | tokens=4.51B
step=137580 | loss=2.9748 | lr=3.00e-04 | wd=0.0098 | mom=0.9500 | T=3.8 k=3.5 (mu_rec=8 mu_bwd=4) | grad=1.040 | tok/s=25,032 | tokens=4.51B
step=137590 | loss=3.0711 | lr=3.00e-04 | wd=0.0098 | mom=0.9500 | T=4.0 k=3.0 (mu_rec=8 mu_bwd=4) | grad=1.080 | tok/s=24,721 | tokens=4.51B
step=137600 | loss=2.8032 | lr=3.00e-04 | wd=0.0098 | mom=0.9500 | T=5.2 k=4.0 (mu_rec=8 mu_bwd=4) | grad=1.047 | tok/s=23,387 | tokens=4.51B
step=137610 | loss=3.2010 | lr=3.00e-04 | wd=0.0098 | mom=0.9500 | T=8.0 k=4.0 (mu_rec=8 mu_bwd=4) | grad=1.674 | tok/s=23,975 | tokens=4.51B
step=137620 | loss=3.0800 | lr=3.00e-04 | wd=0.0098 | mom=0.9500 | T=6.8 k=3.5 (mu_rec=8 mu_bwd=4) | grad=0.994 | tok/s=22,716 | tokens=4.51B
step=137630 | loss=2.9610 | lr=3.00e-04 | wd=0.0098 | mom=0.9500 | T=7.0 k=4.0 (mu_rec=8 mu_bwd=4) | grad=1.391 | tok/s=25,507 | tokens=4.51B
step=137640 | loss=3.1117 | lr=3.00e-04 | wd=0.0098 | mom=0.9500 | T=8.8 k=3.5 (mu_rec=8 mu_bwd=4) | grad=1.204 | tok/s=22,031 | tokens=4.51B
step=137650 | loss=3.1776 | lr=3.00e-04 | wd=0.0098 | mom=0.9500 | T=8.5 k=2.8 (mu_rec=8 mu_bwd=4) | grad=1.235 | tok/s=24,032 | tokens=4.51B
step=137660 | loss=2.9690 | lr=3.00e-04 | wd=0.0098 | mom=0.9500 | T=5.5 k=3.8 (mu_rec=8 mu_bwd=4) | grad=0.911 | tok/s=24,239 | tokens=4.51B
step=137670 | loss=2.6335 | lr=3.00e-04 | wd=0.0098 | mom=0.9500 | T=7.5 k=4.0 (mu_rec=8 mu_bwd=4) | grad=0.885 | tok/s=23,977 | tokens=4.51B
step=137680 | loss=2.8763 | lr=3.00e-04 | wd=0.0098 | mom=0.9500 | T=5.8 k=3.0 (mu_rec=8 mu_bwd=4) | grad=1.219 | tok/s=24,004 | tokens=4.51B
step=137690 | loss=3.2249 | lr=3.00e-04 | wd=0.0098 | mom=0.9500 | T=5.5 k=3.5 (mu_rec=8 mu_bwd=4) | grad=0.940 | tok/s=23,711 | tokens=4.51B
step=137700 | loss=3.0497 | lr=3.00e-04 | wd=0.0098 | mom=0.9500 | T=6.8 k=3.5 (mu_rec=8 mu_bwd=4) | grad=1.102 | tok/s=23,952 | tokens=4.51B
step=137710 | loss=3.1667 | lr=3.00e-04 | wd=0.0098 | mom=0.9500 | T=12.5 k=4.0 (mu_rec=8 mu_bwd=4) | grad=0.820 | tok/s=22,609 | tokens=4.51B
step=137720 | loss=3.0542 | lr=3.00e-04 | wd=0.0097 | mom=0.9500 | T=12.8 k=4.0 (mu_rec=8 mu_bwd=4) | grad=0.787 | tok/s=22,807 | tokens=4.51B
step=137730 | loss=2.8585 | lr=3.00e-04 | wd=0.0097 | mom=0.9500 | T=5.5 k=3.0 (mu_rec=8 mu_bwd=4) | grad=0.888 | tok/s=24,494 | tokens=4.51B
step=137740 | loss=2.9787 | lr=3.00e-04 | wd=0.0097 | mom=0.9500 | T=7.5 k=3.2 (mu_rec=8 mu_bwd=4) | grad=1.438 | tok/s=22,949 | tokens=4.51B
step=137750 | loss=3.2465 | lr=2.99e-04 | wd=0.0097 | mom=0.9500 | T=7.2 k=3.5 (mu_rec=8 mu_bwd=4) | grad=0.834 | tok/s=25,038 | tokens=4.51B
step=137760 | loss=3.0601 | lr=2.99e-04 | wd=0.0097 | mom=0.9500 | T=8.2 k=4.0 (mu_rec=8 mu_bwd=4) | grad=0.784 | tok/s=22,207 | tokens=4.51B
step=137770 | loss=3.7095 | lr=2.99e-04 | wd=0.0097 | mom=0.9500 | T=10.5 k=4.0 (mu_rec=8 mu_bwd=4) | grad=1.026 | tok/s=10,116 | tokens=4.51B
step=137780 | loss=4.1776 | lr=2.99e-04 | wd=0.0097 | mom=0.9500 | T=4.8 k=3.8 (mu_rec=8 mu_bwd=4) | grad=1.425 | tok/s=24,722 | tokens=4.51B
step=137790 | loss=3.9208 | lr=2.99e-04 | wd=0.0097 | mom=0.9500 | T=9.0 k=3.2 (mu_rec=8 mu_bwd=4) | grad=1.097 | tok/s=24,778 | tokens=4.52B
step=137800 | loss=3.7419 | lr=2.99e-04 | wd=0.0097 | mom=0.9500 | T=5.8 k=3.8 (mu_rec=8 mu_bwd=4) | grad=0.891 | tok/s=23,287 | tokens=4.52B
step=137810 | loss=3.6346 | lr=2.99e-04 | wd=0.0097 | mom=0.9500 | T=5.8 k=4.0 (mu_rec=8 mu_bwd=4) | grad=1.161 | tok/s=25,225 | tokens=4.52B
step=137820 | loss=3.6315 | lr=2.99e-04 | wd=0.0097 | mom=0.9500 | T=7.2 k=3.2 (mu_rec=8 mu_bwd=4) | grad=1.828 | tok/s=21,650 | tokens=4.52B
step=137830 | loss=3.3339 | lr=2.99e-04 | wd=0.0097 | mom=0.9500 | T=6.8 k=3.2 (mu_rec=8 mu_bwd=4) | grad=0.896 | tok/s=23,613 | tokens=4.52B
step=137840 | loss=3.2829 | lr=2.99e-04 | wd=0.0097 | mom=0.9500 | T=8.2 k=4.0 (mu_rec=8 mu_bwd=4) | grad=2.609 | tok/s=23,635 | tokens=4.52B
step=137850 | loss=4.1118 | lr=2.99e-04 | wd=0.0097 | mom=0.9500 | T=9.5 k=4.0 (mu_rec=8 mu_bwd=4) | grad=2.111 | tok/s=22,568 | tokens=4.52B
step=137860 | loss=3.3498 | lr=2.99e-04 | wd=0.0097 | mom=0.9500 | T=10.8 k=4.0 (mu_rec=8 mu_bwd=4) | grad=1.035 | tok/s=21,978 | tokens=4.52B
step=137870 | loss=2.8126 | lr=2.99e-04 | wd=0.0096 | mom=0.9500 | T=10.0 k=4.0 (mu_rec=8 mu_bwd=4) | grad=0.814 | tok/s=24,834 | tokens=4.52B
step=137880 | loss=3.1397 | lr=2.99e-04 | wd=0.0096 | mom=0.9500 | T=7.8 k=3.8 (mu_rec=8 mu_bwd=4) | grad=0.929 | tok/s=22,945 | tokens=4.52B
step=137890 | loss=2.9535 | lr=2.99e-04 | wd=0.0096 | mom=0.9500 | T=5.2 k=4.0 (mu_rec=8 mu_bwd=4) | grad=1.177 | tok/s=23,637 | tokens=4.52B
step=137900 | loss=3.3977 | lr=2.99e-04 | wd=0.0096 | mom=0.9500 | T=8.0 k=3.2 (mu_rec=8 mu_bwd=4) | grad=1.588 | tok/s=24,020 | tokens=4.52B
step=137910 | loss=2.9495 | lr=2.99e-04 | wd=0.0096 | mom=0.9500 | T=9.0 k=4.0 (mu_rec=8 mu_bwd=4) | grad=0.872 | tok/s=23,218 | tokens=4.52B
step=137920 | loss=2.8398 | lr=2.99e-04 | wd=0.0096 | mom=0.9500 | T=7.5 k=3.8 (mu_rec=8 mu_bwd=4) | grad=0.783 | tok/s=24,739 | tokens=4.52B
step=137930 | loss=3.2499 | lr=2.99e-04 | wd=0.0096 | mom=0.9500 | T=5.5 k=3.8 (mu_rec=8 mu_bwd=4) | grad=0.933 | tok/s=23,020 | tokens=4.52B
step=137940 | loss=2.9773 | lr=2.99e-04 | wd=0.0096 | mom=0.9500 | T=11.0 k=4.0 (mu_rec=8 mu_bwd=4) | grad=1.108 | tok/s=22,965 | tokens=4.52B
step=137950 | loss=2.9736 | lr=2.99e-04 | wd=0.0096 | mom=0.9500 | T=9.8 k=3.8 (mu_rec=8 mu_bwd=4) | grad=0.890 | tok/s=22,455 | tokens=4.52B
step=137960 | loss=3.1862 | lr=2.99e-04 | wd=0.0096 | mom=0.9500 | T=4.5 k=3.8 (mu_rec=8 mu_bwd=4) | grad=1.089 | tok/s=24,334 | tokens=4.52B
step=137970 | loss=3.4109 | lr=2.99e-04 | wd=0.0096 | mom=0.9500 | T=11.0 k=4.0 (mu_rec=8 mu_bwd=4) | grad=0.948 | tok/s=23,204 | tokens=4.52B
step=137980 | loss=2.7504 | lr=2.99e-04 | wd=0.0096 | mom=0.9500 | T=6.0 k=4.0 (mu_rec=8 mu_bwd=4) | grad=0.876 | tok/s=24,204 | tokens=4.52B
step=137990 | loss=2.9627 | lr=2.99e-04 | wd=0.0096 | mom=0.9500 | T=4.0 k=2.8 (mu_rec=8 mu_bwd=4) | grad=1.302 | tok/s=24,395 | tokens=4.52B
step=138000 | loss=3.0451 | lr=2.99e-04 | wd=0.0096 | mom=0.9500 | T=8.2 k=3.8 (mu_rec=8 mu_bwd=4) | grad=1.083 | tok/s=23,294 | tokens=4.52B
[step 138000] Saved -> runs/cortex-5b-k4/checkpoint_0138000
[step 138000] Pruned -> runs/cortex-5b-k4/checkpoint_0132000
step=138010 | loss=3.1211 | lr=2.99e-04 | wd=0.0096 | mom=0.9500 | T=8.5 k=3.8 (mu_rec=8 mu_bwd=4) | grad=1.455 | tok/s=21,206 | tokens=4.52B
step=138020 | loss=3.0209 | lr=2.99e-04 | wd=0.0095 | mom=0.9500 | T=7.0 k=3.8 (mu_rec=8 mu_bwd=4) | grad=1.837 | tok/s=22,873 | tokens=4.52B
step=138030 | loss=3.0740 | lr=2.99e-04 | wd=0.0095 | mom=0.9500 | T=11.8 k=4.0 (mu_rec=8 mu_bwd=4) | grad=1.129 | tok/s=23,953 | tokens=4.52B
step=138040 | loss=2.8997 | lr=2.99e-04 | wd=0.0095 | mom=0.9500 | T=11.2 k=4.0 (mu_rec=8 mu_bwd=4) | grad=0.839 | tok/s=22,558 | tokens=4.52B
step=138050 | loss=3.0592 | lr=2.99e-04 | wd=0.0095 | mom=0.9500 | T=8.5 k=3.8 (mu_rec=8 mu_bwd=4) | grad=0.839 | tok/s=23,143 | tokens=4.52B
step=138060 | loss=3.1147 | lr=2.98e-04 | wd=0.0095 | mom=0.9500 | T=10.8 k=4.0 (mu_rec=8 mu_bwd=4) | grad=0.959 | tok/s=24,154 | tokens=4.52B
step=138070 | loss=3.1649 | lr=2.98e-04 | wd=0.0095 | mom=0.9500 | T=6.2 k=3.2 (mu_rec=8 mu_bwd=4) | grad=1.108 | tok/s=23,466 | tokens=4.52B
step=138080 | loss=2.6340 | lr=2.98e-04 | wd=0.0095 | mom=0.9500 | T=8.8 k=4.0 (mu_rec=8 mu_bwd=4) | grad=0.945 | tok/s=24,260 | tokens=4.52B
step=138090 | loss=2.8629 | lr=2.98e-04 | wd=0.0095 | mom=0.9500 | T=7.8 k=4.0 (mu_rec=8 mu_bwd=4) | grad=0.926 | tok/s=9,743 | tokens=4.52B
step=138100 | loss=3.1572 | lr=2.98e-04 | wd=0.0095 | mom=0.9500 | T=8.8 k=4.0 (mu_rec=8 mu_bwd=4) | grad=1.294 | tok/s=23,167 | tokens=4.53B
step=138110 | loss=3.5483 | lr=2.98e-04 | wd=0.0095 | mom=0.9500 | T=5.5 k=3.5 (mu_rec=8 mu_bwd=4) | grad=1.420 | tok/s=21,968 | tokens=4.53B
step=138120 | loss=2.8997 | lr=2.98e-04 | wd=0.0095 | mom=0.9500 | T=13.8 k=4.0 (mu_rec=8 mu_bwd=4) | grad=1.257 | tok/s=21,371 | tokens=4.53B
step=138130 | loss=3.3574 | lr=2.98e-04 | wd=0.0095 | mom=0.9500 | T=9.0 k=3.2 (mu_rec=8 mu_bwd=4) | grad=1.209 | tok/s=24,391 | tokens=4.53B
step=138140 | loss=3.2764 | lr=2.98e-04 | wd=0.0095 | mom=0.9500 | T=6.8 k=3.8 (mu_rec=8 mu_bwd=4) | grad=0.969 | tok/s=26,335 | tokens=4.53B
step=138150 | loss=3.1752 | lr=2.98e-04 | wd=0.0095 | mom=0.9500 | T=5.5 k=3.8 (mu_rec=8 mu_bwd=4) | grad=0.823 | tok/s=25,006 | tokens=4.53B
step=138160 | loss=3.0275 | lr=2.98e-04 | wd=0.0095 | mom=0.9500 | T=6.8 k=3.5 (mu_rec=8 mu_bwd=4) | grad=0.762 | tok/s=24,073 | tokens=4.53B
step=138170 | loss=2.9985 | lr=2.98e-04 | wd=0.0094 | mom=0.9500 | T=5.5 k=3.8 (mu_rec=8 mu_bwd=4) | grad=0.940 | tok/s=24,182 | tokens=4.53B
step=138180 | loss=3.0659 | lr=2.98e-04 | wd=0.0094 | mom=0.9500 | T=7.2 k=2.5 (mu_rec=8 mu_bwd=4) | grad=1.120 | tok/s=24,299 | tokens=4.53B
step=138190 | loss=2.8339 | lr=2.98e-04 | wd=0.0094 | mom=0.9500 | T=8.2 k=3.2 (mu_rec=8 mu_bwd=4) | grad=1.690 | tok/s=24,924 | tokens=4.53B
step=138200 | loss=2.9578 | lr=2.98e-04 | wd=0.0094 | mom=0.9500 | T=7.5 k=3.5 (mu_rec=8 mu_bwd=4) | grad=0.891 | tok/s=23,703 | tokens=4.53B
step=138210 | loss=3.1972 | lr=2.98e-04 | wd=0.0094 | mom=0.9500 | T=7.8 k=4.0 (mu_rec=8 mu_bwd=4) | grad=0.852 | tok/s=22,220 | tokens=4.53B
step=138220 | loss=2.9932 | lr=2.98e-04 | wd=0.0094 | mom=0.9500 | T=7.0 k=4.0 (mu_rec=8 mu_bwd=4) | grad=0.883 | tok/s=20,944 | tokens=4.53B
step=138230 | loss=2.9654 | lr=2.98e-04 | wd=0.0094 | mom=0.9500 | T=7.2 k=3.5 (mu_rec=8 mu_bwd=4) | grad=1.270 | tok/s=24,031 | tokens=4.53B
step=138240 | loss=2.8339 | lr=2.98e-04 | wd=0.0094 | mom=0.9500 | T=5.8 k=3.8 (mu_rec=8 mu_bwd=4) | grad=2.412 | tok/s=22,613 | tokens=4.53B
step=138250 | loss=3.4105 | lr=2.98e-04 | wd=0.0094 | mom=0.9500 | T=13.2 k=4.0 (mu_rec=8 mu_bwd=4) | grad=2.384 | tok/s=23,553 | tokens=4.53B
step=138260 | loss=3.3021 | lr=2.98e-04 | wd=0.0094 | mom=0.9500 | T=10.2 k=3.8 (mu_rec=8 mu_bwd=4) | grad=0.953 | tok/s=22,412 | tokens=4.53B
step=138270 | loss=3.2878 | lr=2.97e-04 | wd=0.0094 | mom=0.9500 | T=7.8 k=4.0 (mu_rec=8 mu_bwd=4) | grad=0.840 | tok/s=24,250 | tokens=4.53B
step=138280 | loss=3.0743 | lr=2.97e-04 | wd=0.0094 | mom=0.9500 | T=10.2 k=3.8 (mu_rec=8 mu_bwd=4) | grad=0.808 | tok/s=23,448 | tokens=4.53B
step=138290 | loss=3.0280 | lr=2.97e-04 | wd=0.0094 | mom=0.9500 | T=6.0 k=3.2 (mu_rec=8 mu_bwd=4) | grad=0.979 | tok/s=23,613 | tokens=4.53B
step=138300 | loss=3.4418 | lr=2.97e-04 | wd=0.0094 | mom=0.9500 | T=5.2 k=4.0 (mu_rec=8 mu_bwd=4) | grad=1.930 | tok/s=25,894 | tokens=4.53B
step=138310 | loss=3.0351 | lr=2.97e-04 | wd=0.0094 | mom=0.9500 | T=8.8 k=4.0 (mu_rec=8 mu_bwd=4) | grad=0.778 | tok/s=24,595 | tokens=4.53B
step=138320 | loss=3.0064 | lr=2.97e-04 | wd=0.0094 | mom=0.9500 | T=4.8 k=3.5 (mu_rec=8 mu_bwd=4) | grad=1.654 | tok/s=25,062 | tokens=4.53B
step=138330 | loss=3.3422 | lr=2.97e-04 | wd=0.0093 | mom=0.9500 | T=9.0 k=3.8 (mu_rec=8 mu_bwd=4) | grad=0.862 | tok/s=24,486 | tokens=4.53B
step=138340 | loss=3.0928 | lr=2.97e-04 | wd=0.0093 | mom=0.9500 | T=8.8 k=4.0 (mu_rec=8 mu_bwd=4) | grad=3.410 | tok/s=23,188 | tokens=4.53B
step=138350 | loss=2.9126 | lr=2.97e-04 | wd=0.0093 | mom=0.9500 | T=7.5 k=3.2 (mu_rec=8 mu_bwd=4) | grad=0.908 | tok/s=23,385 | tokens=4.53B
step=138360 | loss=2.9536 | lr=2.97e-04 | wd=0.0093 | mom=0.9500 | T=6.5 k=3.5 (mu_rec=8 mu_bwd=4) | grad=1.146 | tok/s=24,783 | tokens=4.53B
step=138370 | loss=3.1722 | lr=2.97e-04 | wd=0.0093 | mom=0.9500 | T=8.2 k=3.2 (mu_rec=8 mu_bwd=4) | grad=1.479 | tok/s=24,745 | tokens=4.53B
step=138380 | loss=3.1810 | lr=2.97e-04 | wd=0.0093 | mom=0.9500 | T=6.5 k=3.2 (mu_rec=8 mu_bwd=4) | grad=0.940 | tok/s=23,975 | tokens=4.53B
step=138390 | loss=2.8813 | lr=2.97e-04 | wd=0.0093 | mom=0.9500 | T=5.8 k=3.2 (mu_rec=8 mu_bwd=4) | grad=0.861 | tok/s=24,050 | tokens=4.53B
step=138400 | loss=2.9062 | lr=2.97e-04 | wd=0.0093 | mom=0.9500 | T=6.5 k=3.8 (mu_rec=8 mu_bwd=4) | grad=1.370 | tok/s=24,755 | tokens=4.54B
step=138410 | loss=3.1351 | lr=2.97e-04 | wd=0.0093 | mom=0.9500 | T=9.0 k=4.0 (mu_rec=8 mu_bwd=4) | grad=2.511 | tok/s=21,961 | tokens=4.54B
step=138420 | loss=2.5936 | lr=2.97e-04 | wd=0.0093 | mom=0.9500 | T=9.8 k=4.0 (mu_rec=8 mu_bwd=4) | grad=1.082 | tok/s=23,755 | tokens=4.54B
step=138430 | loss=2.6224 | lr=2.97e-04 | wd=0.0093 | mom=0.9500 | T=6.0 k=4.0 (mu_rec=8 mu_bwd=4) | grad=0.763 | tok/s=23,236 | tokens=4.54B
step=138440 | loss=3.0097 | lr=2.96e-04 | wd=0.0093 | mom=0.9500 | T=10.2 k=4.0 (mu_rec=8 mu_bwd=4) | grad=1.332 | tok/s=23,876 | tokens=4.54B
step=138450 | loss=3.1197 | lr=2.96e-04 | wd=0.0093 | mom=0.9500 | T=12.2 k=4.0 (mu_rec=8 mu_bwd=4) | grad=1.053 | tok/s=23,481 | tokens=4.54B
step=138460 | loss=3.2052 | lr=2.96e-04 | wd=0.0093 | mom=0.9500 | T=12.0 k=3.5 (mu_rec=8 mu_bwd=4) | grad=1.044 | tok/s=21,551 | tokens=4.54B
step=138470 | loss=3.3025 | lr=2.96e-04 | wd=0.0093 | mom=0.9500 | T=9.8 k=3.8 (mu_rec=8 mu_bwd=4) | grad=2.097 | tok/s=22,939 | tokens=4.54B
step=138480 | loss=2.6941 | lr=2.96e-04 | wd=0.0092 | mom=0.9500 | T=13.5 k=4.0 (mu_rec=8 mu_bwd=4) | grad=1.024 | tok/s=24,900 | tokens=4.54B
step=138490 | loss=2.9374 | lr=2.96e-04 | wd=0.0092 | mom=0.9500 | T=5.5 k=4.0 (mu_rec=8 mu_bwd=4) | grad=0.817 | tok/s=24,499 | tokens=4.54B
step=138500 | loss=3.2750 | lr=2.96e-04 | wd=0.0092 | mom=0.9500 | T=8.0 k=3.2 (mu_rec=8 mu_bwd=4) | grad=2.081 | tok/s=21,880 | tokens=4.54B
step=138510 | loss=3.1682 | lr=2.96e-04 | wd=0.0092 | mom=0.9500 | T=11.2 k=4.0 (mu_rec=8 mu_bwd=4) | grad=0.930 | tok/s=20,611 | tokens=4.54B
step=138520 | loss=3.1092 | lr=2.96e-04 | wd=0.0092 | mom=0.9500 | T=7.8 k=4.0 (mu_rec=8 mu_bwd=4) | grad=0.939 | tok/s=24,021 | tokens=4.54B
step=138530 | loss=3.2305 | lr=2.96e-04 | wd=0.0092 | mom=0.9500 | T=8.2 k=4.0 (mu_rec=8 mu_bwd=4) | grad=1.063 | tok/s=23,032 | tokens=4.54B
step=138540 | loss=3.3998 | lr=2.96e-04 | wd=0.0092 | mom=0.9500 | T=8.5 k=3.5 (mu_rec=8 mu_bwd=4) | grad=1.213 | tok/s=22,734 | tokens=4.54B
step=138550 | loss=3.2250 | lr=2.96e-04 | wd=0.0092 | mom=0.9500 | T=5.0 k=3.2 (mu_rec=8 mu_bwd=4) | grad=1.006 | tok/s=24,694 | tokens=4.54B
step=138560 | loss=2.6610 | lr=2.96e-04 | wd=0.0092 | mom=0.9500 | T=7.0 k=4.0 (mu_rec=8 mu_bwd=4) | grad=1.009 | tok/s=23,167 | tokens=4.54B
step=138570 | loss=3.1418 | lr=2.96e-04 | wd=0.0092 | mom=0.9500 | T=8.2 k=4.0 (mu_rec=8 mu_bwd=4) | grad=0.938 | tok/s=26,422 | tokens=4.54B
step=138580 | loss=3.4867 | lr=2.96e-04 | wd=0.0092 | mom=0.9500 | T=6.0 k=3.2 (mu_rec=8 mu_bwd=4) | grad=1.034 | tok/s=22,672 | tokens=4.54B
step=138590 | loss=2.8684 | lr=2.95e-04 | wd=0.0092 | mom=0.9500 | T=12.2 k=4.0 (mu_rec=8 mu_bwd=4) | grad=1.072 | tok/s=23,332 | tokens=4.54B
step=138600 | loss=3.2799 | lr=2.95e-04 | wd=0.0092 | mom=0.9500 | T=12.2 k=4.0 (mu_rec=8 mu_bwd=4) | grad=0.910 | tok/s=23,750 | tokens=4.54B
step=138610 | loss=3.4717 | lr=2.95e-04 | wd=0.0092 | mom=0.9500 | T=8.5 k=4.0 (mu_rec=8 mu_bwd=4) | grad=1.357 | tok/s=24,462 | tokens=4.54B
step=138620 | loss=3.2246 | lr=2.95e-04 | wd=0.0092 | mom=0.9500 | T=9.2 k=3.8 (mu_rec=8 mu_bwd=4) | grad=1.064 | tok/s=23,161 | tokens=4.54B
step=138630 | loss=3.0650 | lr=2.95e-04 | wd=0.0091 | mom=0.9500 | T=6.5 k=4.0 (mu_rec=8 mu_bwd=4) | grad=1.194 | tok/s=22,035 | tokens=4.54B
step=138640 | loss=3.0100 | lr=2.95e-04 | wd=0.0091 | mom=0.9500 | T=5.0 k=2.8 (mu_rec=8 mu_bwd=4) | grad=0.913 | tok/s=23,327 | tokens=4.54B
step=138650 | loss=3.2226 | lr=2.95e-04 | wd=0.0091 | mom=0.9500 | T=9.2 k=4.0 (mu_rec=8 mu_bwd=4) | grad=1.301 | tok/s=23,173 | tokens=4.54B
step=138660 | loss=3.3419 | lr=2.95e-04 | wd=0.0091 | mom=0.9500 | T=10.0 k=4.0 (mu_rec=8 mu_bwd=4) | grad=0.776 | tok/s=24,071 | tokens=4.54B
step=138670 | loss=3.1639 | lr=2.95e-04 | wd=0.0091 | mom=0.9500 | T=8.5 k=4.0 (mu_rec=8 mu_bwd=4) | grad=0.865 | tok/s=21,145 | tokens=4.54B
step=138680 | loss=3.3698 | lr=2.95e-04 | wd=0.0091 | mom=0.9500 | T=3.8 k=3.2 (mu_rec=8 mu_bwd=4) | grad=0.961 | tok/s=9,392 | tokens=4.54B
step=138690 | loss=3.2838 | lr=2.95e-04 | wd=0.0091 | mom=0.9500 | T=10.2 k=4.0 (mu_rec=8 mu_bwd=4) | grad=1.657 | tok/s=23,172 | tokens=4.54B
step=138700 | loss=2.9833 | lr=2.95e-04 | wd=0.0091 | mom=0.9500 | T=6.8 k=4.0 (mu_rec=8 mu_bwd=4) | grad=0.992 | tok/s=22,947 | tokens=4.54B
step=138710 | loss=3.0701 | lr=2.95e-04 | wd=0.0091 | mom=0.9500 | T=8.8 k=4.0 (mu_rec=8 mu_bwd=4) | grad=0.925 | tok/s=25,173 | tokens=4.55B
step=138720 | loss=3.4146 | lr=2.95e-04 | wd=0.0091 | mom=0.9500 | T=10.8 k=4.0 (mu_rec=8 mu_bwd=4) | grad=1.082 | tok/s=22,955 | tokens=4.55B
step=138730 | loss=3.0707 | lr=2.94e-04 | wd=0.0091 | mom=0.9500 | T=6.2 k=4.0 (mu_rec=8 mu_bwd=4) | grad=1.132 | tok/s=22,430 | tokens=4.55B
step=138740 | loss=2.9412 | lr=2.94e-04 | wd=0.0091 | mom=0.9500 | T=8.0 k=4.0 (mu_rec=8 mu_bwd=4) | grad=1.039 | tok/s=26,317 | tokens=4.55B
step=138750 | loss=3.0339 | lr=2.94e-04 | wd=0.0091 | mom=0.9500 | T=12.0 k=4.0 (mu_rec=8 mu_bwd=4) | grad=0.756 | tok/s=23,076 | tokens=4.55B
step=138760 | loss=3.1377 | lr=2.94e-04 | wd=0.0091 | mom=0.9500 | T=8.8 k=4.0 (mu_rec=8 mu_bwd=4) | grad=0.766 | tok/s=23,149 | tokens=4.55B
step=138770 | loss=3.2688 | lr=2.94e-04 | wd=0.0091 | mom=0.9500 | T=4.5 k=3.5 (mu_rec=8 mu_bwd=4) | grad=2.022 | tok/s=24,539 | tokens=4.55B
step=138780 | loss=2.9293 | lr=2.94e-04 | wd=0.0090 | mom=0.9500 | T=6.8 k=3.5 (mu_rec=8 mu_bwd=4) | grad=1.708 | tok/s=23,516 | tokens=4.55B
step=138790 | loss=3.0188 | lr=2.94e-04 | wd=0.0090 | mom=0.9500 | T=5.5 k=3.5 (mu_rec=8 mu_bwd=4) | grad=1.475 | tok/s=25,527 | tokens=4.55B
step=138800 | loss=3.0102 | lr=2.94e-04 | wd=0.0090 | mom=0.9500 | T=11.2 k=4.0 (mu_rec=8 mu_bwd=4) | grad=1.692 | tok/s=23,014 | tokens=4.55B
step=138810 | loss=3.2953 | lr=2.94e-04 | wd=0.0090 | mom=0.9500 | T=7.5 k=3.8 (mu_rec=8 mu_bwd=4) | grad=1.111 | tok/s=24,030 | tokens=4.55B
step=138820 | loss=3.1579 | lr=2.94e-04 | wd=0.0090 | mom=0.9500 | T=14.5 k=4.0 (mu_rec=8 mu_bwd=4) | grad=0.846 | tok/s=23,252 | tokens=4.55B
step=138830 | loss=3.0585 | lr=2.94e-04 | wd=0.0090 | mom=0.9500 | T=9.5 k=4.0 (mu_rec=8 mu_bwd=4) | grad=0.880 | tok/s=24,068 | tokens=4.55B
step=138840 | loss=3.4159 | lr=2.94e-04 | wd=0.0090 | mom=0.9500 | T=8.0 k=3.8 (mu_rec=8 mu_bwd=4) | grad=1.543 | tok/s=23,192 | tokens=4.55B
step=138850 | loss=3.1003 | lr=2.93e-04 | wd=0.0090 | mom=0.9500 | T=5.0 k=2.8 (mu_rec=8 mu_bwd=4) | grad=1.126 | tok/s=24,194 | tokens=4.55B
step=138860 | loss=3.4302 | lr=2.93e-04 | wd=0.0090 | mom=0.9500 | T=10.0 k=3.2 (mu_rec=8 mu_bwd=4) | grad=1.409 | tok/s=24,768 | tokens=4.55B
step=138870 | loss=3.6260 | lr=2.93e-04 | wd=0.0090 | mom=0.9500 | T=5.2 k=4.0 (mu_rec=8 mu_bwd=4) | grad=1.316 | tok/s=24,171 | tokens=4.55B
step=138880 | loss=3.6822 | lr=2.93e-04 | wd=0.0090 | mom=0.9500 | T=7.0 k=3.8 (mu_rec=8 mu_bwd=4) | grad=1.139 | tok/s=23,038 | tokens=4.55B
step=138890 | loss=3.3726 | lr=2.93e-04 | wd=0.0090 | mom=0.9500 | T=8.2 k=4.0 (mu_rec=8 mu_bwd=4) | grad=2.515 | tok/s=22,282 | tokens=4.55B
step=138900 | loss=3.0438 | lr=2.93e-04 | wd=0.0090 | mom=0.9500 | T=6.2 k=3.2 (mu_rec=8 mu_bwd=4) | grad=1.042 | tok/s=23,379 | tokens=4.55B
step=138910 | loss=3.1010 | lr=2.93e-04 | wd=0.0090 | mom=0.9500 | T=9.5 k=4.0 (mu_rec=8 mu_bwd=4) | grad=1.510 | tok/s=23,487 | tokens=4.55B
step=138920 | loss=3.2000 | lr=2.93e-04 | wd=0.0090 | mom=0.9500 | T=8.8 k=4.0 (mu_rec=8 mu_bwd=4) | grad=1.007 | tok/s=23,948 | tokens=4.55B
step=138930 | loss=3.2003 | lr=2.93e-04 | wd=0.0090 | mom=0.9500 | T=11.0 k=4.0 (mu_rec=8 mu_bwd=4) | grad=1.030 | tok/s=24,797 | tokens=4.55B
step=138940 | loss=3.3130 | lr=2.93e-04 | wd=0.0089 | mom=0.9500 | T=10.0 k=4.0 (mu_rec=8 mu_bwd=4) | grad=0.838 | tok/s=24,034 | tokens=4.55B
step=138950 | loss=3.2017 | lr=2.93e-04 | wd=0.0089 | mom=0.9500 | T=10.2 k=4.0 (mu_rec=8 mu_bwd=4) | grad=0.817 | tok/s=22,201 | tokens=4.55B
step=138960 | loss=3.1768 | lr=2.92e-04 | wd=0.0089 | mom=0.9500 | T=11.8 k=4.0 (mu_rec=8 mu_bwd=4) | grad=1.122 | tok/s=23,162 | tokens=4.55B
step=138970 | loss=3.0162 | lr=2.92e-04 | wd=0.0089 | mom=0.9500 | T=10.0 k=4.0 (mu_rec=8 mu_bwd=4) | grad=0.801 | tok/s=23,244 | tokens=4.55B
step=138980 | loss=3.3221 | lr=2.92e-04 | wd=0.0089 | mom=0.9500 | T=6.2 k=4.0 (mu_rec=8 mu_bwd=4) | grad=4.631 | tok/s=24,473 | tokens=4.55B
step=138990 | loss=3.2749 | lr=2.92e-04 | wd=0.0089 | mom=0.9500 | T=12.8 k=4.0 (mu_rec=8 mu_bwd=4) | grad=0.819 | tok/s=23,488 | tokens=4.55B
step=139000 | loss=3.2292 | lr=2.92e-04 | wd=0.0089 | mom=0.9500 | T=4.5 k=3.5 (mu_rec=8 mu_bwd=4) | grad=1.200 | tok/s=23,897 | tokens=4.55B
step=139010 | loss=3.2180 | lr=2.92e-04 | wd=0.0089 | mom=0.9500 | T=8.5 k=4.0 (mu_rec=8 mu_bwd=4) | grad=0.834 | tok/s=23,341 | tokens=4.56B
step=139020 | loss=3.2437 | lr=2.92e-04 | wd=0.0089 | mom=0.9500 | T=7.8 k=4.0 (mu_rec=8 mu_bwd=4) | grad=1.540 | tok/s=22,982 | tokens=4.56B
step=139030 | loss=2.9988 | lr=2.92e-04 | wd=0.0089 | mom=0.9500 | T=5.8 k=3.2 (mu_rec=8 mu_bwd=4) | grad=1.462 | tok/s=24,761 | tokens=4.56B
step=139040 | loss=2.9029 | lr=2.92e-04 | wd=0.0089 | mom=0.9500 | T=5.2 k=3.8 (mu_rec=8 mu_bwd=4) | grad=1.260 | tok/s=25,516 | tokens=4.56B
step=139050 | loss=3.1984 | lr=2.92e-04 | wd=0.0089 | mom=0.9500 | T=8.2 k=4.0 (mu_rec=8 mu_bwd=4) | grad=1.296 | tok/s=9,000 | tokens=4.56B
step=139060 | loss=3.0528 | lr=2.92e-04 | wd=0.0089 | mom=0.9500 | T=9.5 k=3.2 (mu_rec=8 mu_bwd=4) | grad=0.891 | tok/s=22,754 | tokens=4.56B
step=139070 | loss=3.0144 | lr=2.91e-04 | wd=0.0089 | mom=0.9500 | T=8.8 k=4.0 (mu_rec=8 mu_bwd=4) | grad=0.946 | tok/s=23,772 | tokens=4.56B
step=139080 | loss=3.0506 | lr=2.91e-04 | wd=0.0089 | mom=0.9500 | T=7.8 k=3.5 (mu_rec=8 mu_bwd=4) | grad=1.080 | tok/s=23,704 | tokens=4.56B
step=139090 | loss=2.7703 | lr=2.91e-04 | wd=0.0088 | mom=0.9500 | T=5.8 k=4.0 (mu_rec=8 mu_bwd=4) | grad=0.950 | tok/s=23,979 | tokens=4.56B
step=139100 | loss=3.1959 | lr=2.91e-04 | wd=0.0088 | mom=0.9500 | T=7.0 k=4.0 (mu_rec=8 mu_bwd=4) | grad=0.880 | tok/s=23,270 | tokens=4.56B
step=139110 | loss=3.1256 | lr=2.91e-04 | wd=0.0088 | mom=0.9500 | T=6.2 k=3.5 (mu_rec=8 mu_bwd=4) | grad=1.286 | tok/s=22,501 | tokens=4.56B
step=139120 | loss=3.1731 | lr=2.91e-04 | wd=0.0088 | mom=0.9500 | T=7.5 k=3.2 (mu_rec=8 mu_bwd=4) | grad=5.353 | tok/s=23,746 | tokens=4.56B
step=139130 | loss=3.0632 | lr=2.91e-04 | wd=0.0088 | mom=0.9500 | T=11.5 k=3.8 (mu_rec=8 mu_bwd=4) | grad=0.783 | tok/s=22,894 | tokens=4.56B
step=139140 | loss=3.3732 | lr=2.91e-04 | wd=0.0088 | mom=0.9500 | T=6.8 k=4.0 (mu_rec=8 mu_bwd=4) | grad=1.092 | tok/s=23,958 | tokens=4.56B
step=139150 | loss=3.3297 | lr=2.91e-04 | wd=0.0088 | mom=0.9500 | T=7.5 k=3.5 (mu_rec=8 mu_bwd=4) | grad=2.530 | tok/s=24,354 | tokens=4.56B
step=139160 | loss=3.0943 | lr=2.91e-04 | wd=0.0088 | mom=0.9500 | T=9.5 k=3.8 (mu_rec=8 mu_bwd=4) | grad=1.618 | tok/s=22,409 | tokens=4.56B
step=139170 | loss=2.9902 | lr=2.90e-04 | wd=0.0088 | mom=0.9500 | T=7.2 k=4.0 (mu_rec=8 mu_bwd=4) | grad=1.394 | tok/s=21,588 | tokens=4.56B
step=139180 | loss=2.9184 | lr=2.90e-04 | wd=0.0088 | mom=0.9500 | T=8.0 k=4.0 (mu_rec=8 mu_bwd=4) | grad=1.124 | tok/s=22,840 | tokens=4.56B
step=139190 | loss=3.0606 | lr=2.90e-04 | wd=0.0088 | mom=0.9500 | T=15.0 k=4.0 (mu_rec=8 mu_bwd=4) | grad=0.856 | tok/s=22,512 | tokens=4.56B
step=139200 | loss=3.1719 | lr=2.90e-04 | wd=0.0088 | mom=0.9500 | T=11.8 k=3.5 (mu_rec=8 mu_bwd=4) | grad=0.864 | tok/s=24,343 | tokens=4.56B
step=139210 | loss=3.0487 | lr=2.90e-04 | wd=0.0088 | mom=0.9500 | T=9.0 k=3.2 (mu_rec=8 mu_bwd=4) | grad=1.642 | tok/s=23,965 | tokens=4.56B
step=139220 | loss=3.0411 | lr=2.90e-04 | wd=0.0088 | mom=0.9500 | T=13.2 k=4.0 (mu_rec=8 mu_bwd=4) | grad=1.434 | tok/s=23,066 | tokens=4.56B
step=139230 | loss=3.2948 | lr=2.90e-04 | wd=0.0088 | mom=0.9500 | T=8.8 k=4.0 (mu_rec=8 mu_bwd=4) | grad=1.118 | tok/s=23,956 | tokens=4.56B
step=139240 | loss=3.2879 | lr=2.90e-04 | wd=0.0087 | mom=0.9500 | T=12.0 k=3.5 (mu_rec=8 mu_bwd=4) | grad=1.121 | tok/s=22,581 | tokens=4.56B
step=139250 | loss=3.2300 | lr=2.90e-04 | wd=0.0087 | mom=0.9500 | T=3.0 k=2.8 (mu_rec=8 mu_bwd=4) | grad=0.835 | tok/s=25,561 | tokens=4.56B
step=139260 | loss=3.1216 | lr=2.89e-04 | wd=0.0087 | mom=0.9500 | T=7.0 k=4.0 (mu_rec=8 mu_bwd=4) | grad=0.733 | tok/s=23,818 | tokens=4.56B
step=139270 | loss=3.1455 | lr=2.89e-04 | wd=0.0087 | mom=0.9500 | T=8.8 k=4.0 (mu_rec=8 mu_bwd=4) | grad=0.980 | tok/s=21,148 | tokens=4.56B
step=139280 | loss=3.1627 | lr=2.89e-04 | wd=0.0087 | mom=0.9500 | T=10.5 k=4.0 (mu_rec=8 mu_bwd=4) | grad=0.937 | tok/s=22,837 | tokens=4.56B
step=139290 | loss=2.8834 | lr=2.89e-04 | wd=0.0087 | mom=0.9500 | T=8.0 k=4.0 (mu_rec=8 mu_bwd=4) | grad=0.897 | tok/s=23,691 | tokens=4.56B
step=139300 | loss=3.2021 | lr=2.89e-04 | wd=0.0087 | mom=0.9500 | T=11.2 k=3.8 (mu_rec=8 mu_bwd=4) | grad=0.841 | tok/s=23,424 | tokens=4.56B
step=139310 | loss=3.1594 | lr=2.89e-04 | wd=0.0087 | mom=0.9500 | T=8.8 k=4.0 (mu_rec=8 mu_bwd=4) | grad=1.279 | tok/s=21,737 | tokens=4.56B
step=139320 | loss=2.7241 | lr=2.89e-04 | wd=0.0087 | mom=0.9500 | T=7.2 k=3.2 (mu_rec=8 mu_bwd=4) | grad=1.455 | tok/s=24,578 | tokens=4.57B
step=139330 | loss=3.1435 | lr=2.89e-04 | wd=0.0087 | mom=0.9500 | T=8.0 k=4.0 (mu_rec=8 mu_bwd=4) | grad=0.995 | tok/s=24,366 | tokens=4.57B
step=139340 | loss=2.8912 | lr=2.89e-04 | wd=0.0087 | mom=0.9500 | T=4.8 k=3.2 (mu_rec=8 mu_bwd=4) | grad=0.903 | tok/s=23,969 | tokens=4.57B
step=139350 | loss=3.1878 | lr=2.88e-04 | wd=0.0087 | mom=0.9500 | T=6.2 k=4.0 (mu_rec=8 mu_bwd=4) | grad=1.149 | tok/s=22,324 | tokens=4.57B
step=139360 | loss=3.5444 | lr=2.88e-04 | wd=0.0087 | mom=0.9500 | T=6.2 k=3.5 (mu_rec=8 mu_bwd=4) | grad=0.939 | tok/s=24,964 | tokens=4.57B
step=139370 | loss=3.3275 | lr=2.88e-04 | wd=0.0087 | mom=0.9500 | T=10.5 k=4.0 (mu_rec=8 mu_bwd=4) | grad=0.855 | tok/s=24,231 | tokens=4.57B
step=139380 | loss=3.3431 | lr=2.88e-04 | wd=0.0087 | mom=0.9500 | T=7.5 k=4.0 (mu_rec=8 mu_bwd=4) | grad=0.821 | tok/s=24,461 | tokens=4.57B
step=139390 | loss=3.1397 | lr=2.88e-04 | wd=0.0086 | mom=0.9500 | T=4.5 k=3.5 (mu_rec=8 mu_bwd=4) | grad=0.748 | tok/s=24,988 | tokens=4.57B
step=139400 | loss=2.9948 | lr=2.88e-04 | wd=0.0086 | mom=0.9500 | T=7.2 k=3.8 (mu_rec=8 mu_bwd=4) | grad=1.047 | tok/s=23,959 | tokens=4.57B
step=139410 | loss=3.1693 | lr=2.88e-04 | wd=0.0086 | mom=0.9500 | T=7.5 k=4.0 (mu_rec=8 mu_bwd=4) | grad=0.870 | tok/s=23,508 | tokens=4.57B
step=139420 | loss=2.9756 | lr=2.88e-04 | wd=0.0086 | mom=0.9500 | T=5.0 k=3.2 (mu_rec=8 mu_bwd=4) | grad=1.091 | tok/s=25,015 | tokens=4.57B
step=139430 | loss=3.1707 | lr=2.88e-04 | wd=0.0086 | mom=0.9500 | T=10.2 k=4.0 (mu_rec=8 mu_bwd=4) | grad=0.869 | tok/s=23,105 | tokens=4.57B
step=139440 | loss=3.1455 | lr=2.87e-04 | wd=0.0086 | mom=0.9500 | T=6.2 k=3.2 (mu_rec=8 mu_bwd=4) | grad=1.906 | tok/s=24,525 | tokens=4.57B
step=139450 | loss=3.3963 | lr=2.87e-04 | wd=0.0086 | mom=0.9500 | T=6.0 k=3.0 (mu_rec=8 mu_bwd=4) | grad=1.009 | tok/s=24,960 | tokens=4.57B
step=139460 | loss=3.2934 | lr=2.87e-04 | wd=0.0086 | mom=0.9500 | T=8.8 k=4.0 (mu_rec=8 mu_bwd=4) | grad=1.410 | tok/s=22,089 | tokens=4.57B
step=139470 | loss=3.0268 | lr=2.87e-04 | wd=0.0086 | mom=0.9500 | T=6.0 k=4.0 (mu_rec=8 mu_bwd=4) | grad=0.873 | tok/s=22,728 | tokens=4.57B
step=139480 | loss=3.6260 | lr=2.87e-04 | wd=0.0086 | mom=0.9500 | T=6.5 k=4.0 (mu_rec=8 mu_bwd=4) | grad=1.141 | tok/s=24,283 | tokens=4.57B
step=139490 | loss=2.9303 | lr=2.87e-04 | wd=0.0086 | mom=0.9500 | T=8.2 k=3.2 (mu_rec=8 mu_bwd=4) | grad=1.302 | tok/s=23,415 | tokens=4.57B
step=139500 | loss=3.1091 | lr=2.87e-04 | wd=0.0086 | mom=0.9500 | T=7.5 k=3.8 (mu_rec=8 mu_bwd=4) | grad=1.015 | tok/s=23,396 | tokens=4.57B
step=139510 | loss=3.4857 | lr=2.87e-04 | wd=0.0086 | mom=0.9500 | T=7.0 k=3.2 (mu_rec=8 mu_bwd=4) | grad=1.875 | tok/s=23,079 | tokens=4.57B
step=139520 | loss=2.9166 | lr=2.87e-04 | wd=0.0086 | mom=0.9500 | T=9.0 k=4.0 (mu_rec=8 mu_bwd=4) | grad=0.718 | tok/s=24,570 | tokens=4.57B
step=139530 | loss=2.9863 | lr=2.86e-04 | wd=0.0086 | mom=0.9500 | T=5.2 k=3.5 (mu_rec=8 mu_bwd=4) | grad=0.833 | tok/s=23,327 | tokens=4.57B
step=139540 | loss=3.4104 | lr=2.86e-04 | wd=0.0086 | mom=0.9500 | T=7.2 k=3.5 (mu_rec=8 mu_bwd=4) | grad=0.891 | tok/s=23,097 | tokens=4.57B
step=139550 | loss=3.1862 | lr=2.86e-04 | wd=0.0085 | mom=0.9500 | T=10.2 k=4.0 (mu_rec=8 mu_bwd=4) | grad=1.085 | tok/s=10,160 | tokens=4.57B
step=139560 | loss=2.9962 | lr=2.86e-04 | wd=0.0085 | mom=0.9500 | T=5.2 k=3.8 (mu_rec=8 mu_bwd=4) | grad=0.845 | tok/s=24,121 | tokens=4.57B
step=139570 | loss=3.2657 | lr=2.86e-04 | wd=0.0085 | mom=0.9500 | T=7.0 k=4.0 (mu_rec=8 mu_bwd=4) | grad=2.636 | tok/s=25,407 | tokens=4.57B
step=139580 | loss=3.1411 | lr=2.86e-04 | wd=0.0085 | mom=0.9500 | T=7.5 k=3.8 (mu_rec=8 mu_bwd=4) | grad=1.214 | tok/s=22,986 | tokens=4.57B
step=139590 | loss=2.9538 | lr=2.86e-04 | wd=0.0085 | mom=0.9500 | T=3.5 k=3.0 (mu_rec=8 mu_bwd=4) | grad=1.323 | tok/s=23,894 | tokens=4.57B
step=139600 | loss=3.4131 | lr=2.86e-04 | wd=0.0085 | mom=0.9500 | T=7.8 k=3.2 (mu_rec=8 mu_bwd=4) | grad=0.774 | tok/s=24,737 | tokens=4.57B
step=139610 | loss=3.3959 | lr=2.85e-04 | wd=0.0085 | mom=0.9500 | T=4.2 k=2.8 (mu_rec=8 mu_bwd=4) | grad=0.943 | tok/s=24,246 | tokens=4.57B
step=139620 | loss=3.2458 | lr=2.85e-04 | wd=0.0085 | mom=0.9500 | T=6.5 k=3.2 (mu_rec=8 mu_bwd=4) | grad=1.325 | tok/s=23,710 | tokens=4.58B
step=139630 | loss=3.2769 | lr=2.85e-04 | wd=0.0085 | mom=0.9500 | T=4.5 k=3.2 (mu_rec=8 mu_bwd=4) | grad=1.277 | tok/s=24,333 | tokens=4.58B
step=139640 | loss=3.0912 | lr=2.85e-04 | wd=0.0085 | mom=0.9500 | T=12.5 k=3.5 (mu_rec=8 mu_bwd=4) | grad=1.685 | tok/s=22,927 | tokens=4.58B
step=139650 | loss=3.3658 | lr=2.85e-04 | wd=0.0085 | mom=0.9500 | T=16.5 k=3.8 (mu_rec=8 mu_bwd=4) | grad=1.422 | tok/s=24,051 | tokens=4.58B
step=139660 | loss=3.3900 | lr=2.85e-04 | wd=0.0085 | mom=0.9500 | T=10.0 k=4.0 (mu_rec=8 mu_bwd=4) | grad=1.102 | tok/s=25,019 | tokens=4.58B
step=139670 | loss=3.0710 | lr=2.85e-04 | wd=0.0085 | mom=0.9500 | T=6.0 k=3.2 (mu_rec=8 mu_bwd=4) | grad=1.065 | tok/s=23,487 | tokens=4.58B
step=139680 | loss=3.0297 | lr=2.85e-04 | wd=0.0085 | mom=0.9500 | T=8.2 k=3.8 (mu_rec=8 mu_bwd=4) | grad=1.611 | tok/s=23,665 | tokens=4.58B
step=139690 | loss=3.2348 | lr=2.84e-04 | wd=0.0085 | mom=0.9500 | T=7.2 k=3.5 (mu_rec=8 mu_bwd=4) | grad=1.476 | tok/s=24,272 | tokens=4.58B
step=139700 | loss=3.1331 | lr=2.84e-04 | wd=0.0084 | mom=0.9500 | T=7.0 k=3.2 (mu_rec=8 mu_bwd=4) | grad=0.883 | tok/s=24,331 | tokens=4.58B
step=139710 | loss=3.4337 | lr=2.84e-04 | wd=0.0084 | mom=0.9500 | T=7.5 k=3.8 (mu_rec=8 mu_bwd=4) | grad=0.918 | tok/s=24,559 | tokens=4.58B
step=139720 | loss=2.5117 | lr=2.84e-04 | wd=0.0084 | mom=0.9500 | T=6.8 k=3.8 (mu_rec=8 mu_bwd=4) | grad=0.793 | tok/s=22,897 | tokens=4.58B
step=139730 | loss=3.1846 | lr=2.84e-04 | wd=0.0084 | mom=0.9500 | T=8.8 k=4.0 (mu_rec=8 mu_bwd=4) | grad=0.895 | tok/s=25,035 | tokens=4.58B
step=139740 | loss=3.0954 | lr=2.84e-04 | wd=0.0084 | mom=0.9500 | T=8.2 k=4.0 (mu_rec=8 mu_bwd=4) | grad=2.061 | tok/s=22,962 | tokens=4.58B
step=139750 | loss=2.8031 | lr=2.84e-04 | wd=0.0084 | mom=0.9500 | T=12.2 k=4.0 (mu_rec=8 mu_bwd=4) | grad=1.175 | tok/s=22,599 | tokens=4.58B
step=139760 | loss=2.8333 | lr=2.83e-04 | wd=0.0084 | mom=0.9500 | T=7.0 k=3.8 (mu_rec=8 mu_bwd=4) | grad=0.753 | tok/s=23,601 | tokens=4.58B
step=139770 | loss=3.0377 | lr=2.83e-04 | wd=0.0084 | mom=0.9500 | T=8.2 k=4.0 (mu_rec=8 mu_bwd=4) | grad=1.016 | tok/s=24,461 | tokens=4.58B
step=139780 | loss=3.1757 | lr=2.83e-04 | wd=0.0084 | mom=0.9500 | T=11.2 k=4.0 (mu_rec=8 mu_bwd=4) | grad=1.120 | tok/s=22,740 | tokens=4.58B
step=139790 | loss=3.0811 | lr=2.83e-04 | wd=0.0084 | mom=0.9500 | T=7.0 k=4.0 (mu_rec=8 mu_bwd=4) | grad=0.792 | tok/s=24,218 | tokens=4.58B
step=139800 | loss=3.0273 | lr=2.83e-04 | wd=0.0084 | mom=0.9500 | T=5.2 k=3.8 (mu_rec=8 mu_bwd=4) | grad=0.979 | tok/s=22,837 | tokens=4.58B
step=139810 | loss=2.8520 | lr=2.83e-04 | wd=0.0084 | mom=0.9500 | T=10.5 k=4.0 (mu_rec=8 mu_bwd=4) | grad=0.908 | tok/s=22,009 | tokens=4.58B
step=139820 | loss=2.9189 | lr=2.83e-04 | wd=0.0084 | mom=0.9500 | T=9.0 k=4.0 (mu_rec=8 mu_bwd=4) | grad=0.863 | tok/s=24,022 | tokens=4.58B
step=139830 | loss=3.0125 | lr=2.83e-04 | wd=0.0084 | mom=0.9500 | T=6.2 k=3.5 (mu_rec=8 mu_bwd=4) | grad=1.143 | tok/s=23,950 | tokens=4.58B
step=139840 | loss=2.6898 | lr=2.82e-04 | wd=0.0084 | mom=0.9500 | T=7.2 k=3.8 (mu_rec=8 mu_bwd=4) | grad=1.032 | tok/s=23,770 | tokens=4.58B
step=139850 | loss=3.0982 | lr=2.82e-04 | wd=0.0083 | mom=0.9500 | T=7.5 k=4.0 (mu_rec=8 mu_bwd=4) | grad=1.130 | tok/s=23,281 | tokens=4.58B
step=139860 | loss=3.0889 | lr=2.82e-04 | wd=0.0083 | mom=0.9500 | T=10.5 k=4.0 (mu_rec=8 mu_bwd=4) | grad=0.850 | tok/s=21,194 | tokens=4.58B
step=139870 | loss=3.1549 | lr=2.82e-04 | wd=0.0083 | mom=0.9500 | T=7.8 k=3.8 (mu_rec=8 mu_bwd=4) | grad=1.770 | tok/s=24,097 | tokens=4.58B
step=139880 | loss=3.3760 | lr=2.82e-04 | wd=0.0083 | mom=0.9500 | T=7.2 k=4.0 (mu_rec=8 mu_bwd=4) | grad=1.906 | tok/s=24,660 | tokens=4.58B
step=139890 | loss=3.0436 | lr=2.82e-04 | wd=0.0083 | mom=0.9500 | T=6.8 k=3.5 (mu_rec=8 mu_bwd=4) | grad=1.520 | tok/s=24,983 | tokens=4.58B
step=139900 | loss=3.4393 | lr=2.82e-04 | wd=0.0083 | mom=0.9500 | T=7.5 k=4.0 (mu_rec=8 mu_bwd=4) | grad=1.460 | tok/s=23,173 | tokens=4.58B
step=139910 | loss=2.9976 | lr=2.81e-04 | wd=0.0083 | mom=0.9500 | T=6.5 k=4.0 (mu_rec=8 mu_bwd=4) | grad=1.253 | tok/s=23,830 | tokens=4.58B
step=139920 | loss=3.1693 | lr=2.81e-04 | wd=0.0083 | mom=0.9500 | T=9.8 k=3.5 (mu_rec=8 mu_bwd=4) | grad=0.775 | tok/s=24,563 | tokens=4.58B
step=139930 | loss=3.0277 | lr=2.81e-04 | wd=0.0083 | mom=0.9500 | T=5.5 k=3.5 (mu_rec=8 mu_bwd=4) | grad=1.280 | tok/s=24,572 | tokens=4.59B
step=139940 | loss=3.3388 | lr=2.81e-04 | wd=0.0083 | mom=0.9500 | T=12.5 k=4.0 (mu_rec=8 mu_bwd=4) | grad=0.892 | tok/s=9,897 | tokens=4.59B
step=139950 | loss=3.3576 | lr=2.81e-04 | wd=0.0083 | mom=0.9500 | T=7.8 k=4.0 (mu_rec=8 mu_bwd=4) | grad=1.516 | tok/s=23,627 | tokens=4.59B
step=139960 | loss=3.2019 | lr=2.81e-04 | wd=0.0083 | mom=0.9500 | T=6.2 k=4.0 (mu_rec=8 mu_bwd=4) | grad=1.446 | tok/s=25,724 | tokens=4.59B
step=139970 | loss=3.1460 | lr=2.81e-04 | wd=0.0083 | mom=0.9500 | T=5.0 k=3.2 (mu_rec=8 mu_bwd=4) | grad=1.655 | tok/s=24,337 | tokens=4.59B
step=139980 | loss=3.1551 | lr=2.80e-04 | wd=0.0083 | mom=0.9500 | T=10.0 k=4.0 (mu_rec=8 mu_bwd=4) | grad=0.841 | tok/s=24,694 | tokens=4.59B
step=139990 | loss=2.7785 | lr=2.80e-04 | wd=0.0083 | mom=0.9500 | T=7.8 k=3.8 (mu_rec=8 mu_bwd=4) | grad=0.943 | tok/s=22,397 | tokens=4.59B
step=140000 | loss=3.0439 | lr=2.80e-04 | wd=0.0082 | mom=0.9500 | T=8.2 k=4.0 (mu_rec=8 mu_bwd=4) | grad=2.270 | tok/s=23,934 | tokens=4.59B
[step 140000] Saved -> runs/cortex-5b-k4/checkpoint_0140000
[step 140000] Pruned -> runs/cortex-5b-k4/checkpoint_0134000
step=140010 | loss=2.9047 | lr=2.80e-04 | wd=0.0082 | mom=0.9500 | T=8.8 k=4.0 (mu_rec=8 mu_bwd=4) | grad=0.808 | tok/s=21,537 | tokens=4.59B
step=140020 | loss=2.8855 | lr=2.80e-04 | wd=0.0082 | mom=0.9500 | T=7.8 k=3.2 (mu_rec=8 mu_bwd=4) | grad=0.820 | tok/s=23,194 | tokens=4.59B
step=140030 | loss=3.2465 | lr=2.80e-04 | wd=0.0082 | mom=0.9500 | T=8.2 k=3.8 (mu_rec=8 mu_bwd=4) | grad=1.160 | tok/s=25,070 | tokens=4.59B
step=140040 | loss=3.1050 | lr=2.80e-04 | wd=0.0082 | mom=0.9500 | T=6.5 k=3.5 (mu_rec=8 mu_bwd=4) | grad=0.839 | tok/s=22,834 | tokens=4.59B
step=140050 | loss=3.1233 | lr=2.79e-04 | wd=0.0082 | mom=0.9500 | T=10.0 k=4.0 (mu_rec=8 mu_bwd=4) | grad=0.813 | tok/s=21,009 | tokens=4.59B
step=140060 | loss=3.3197 | lr=2.79e-04 | wd=0.0082 | mom=0.9500 | T=9.5 k=3.5 (mu_rec=8 mu_bwd=4) | grad=6.184 | tok/s=23,248 | tokens=4.59B
step=140070 | loss=4.0508 | lr=2.79e-04 | wd=0.0082 | mom=0.9500 | T=7.0 k=3.8 (mu_rec=8 mu_bwd=4) | grad=2.902 | tok/s=23,319 | tokens=4.59B
step=140080 | loss=3.0320 | lr=2.79e-04 | wd=0.0082 | mom=0.9500 | T=4.8 k=3.0 (mu_rec=8 mu_bwd=4) | grad=0.840 | tok/s=23,675 | tokens=4.59B
step=140090 | loss=2.8117 | lr=2.79e-04 | wd=0.0082 | mom=0.9500 | T=10.2 k=4.0 (mu_rec=8 mu_bwd=4) | grad=1.197 | tok/s=23,665 | tokens=4.59B
step=140100 | loss=3.1104 | lr=2.79e-04 | wd=0.0082 | mom=0.9500 | T=8.0 k=3.5 (mu_rec=8 mu_bwd=4) | grad=0.836 | tok/s=23,456 | tokens=4.59B
step=140110 | loss=3.0016 | lr=2.78e-04 | wd=0.0082 | mom=0.9500 | T=5.8 k=4.0 (mu_rec=8 mu_bwd=4) | grad=1.001 | tok/s=23,988 | tokens=4.59B
step=140120 | loss=3.1021 | lr=2.78e-04 | wd=0.0082 | mom=0.9500 | T=3.5 k=3.5 (mu_rec=8 mu_bwd=4) | grad=0.927 | tok/s=24,735 | tokens=4.59B
step=140130 | loss=3.1901 | lr=2.78e-04 | wd=0.0082 | mom=0.9500 | T=9.8 k=4.0 (mu_rec=8 mu_bwd=4) | grad=1.568 | tok/s=23,256 | tokens=4.59B
step=140140 | loss=3.2305 | lr=2.78e-04 | wd=0.0082 | mom=0.9500 | T=11.0 k=4.0 (mu_rec=8 mu_bwd=4) | grad=0.858 | tok/s=22,715 | tokens=4.59B
step=140150 | loss=2.8873 | lr=2.78e-04 | wd=0.0082 | mom=0.9500 | T=7.2 k=3.2 (mu_rec=8 mu_bwd=4) | grad=0.838 | tok/s=24,471 | tokens=4.59B
step=140160 | loss=2.8374 | lr=2.78e-04 | wd=0.0081 | mom=0.9500 | T=4.8 k=3.2 (mu_rec=8 mu_bwd=4) | grad=0.794 | tok/s=25,361 | tokens=4.59B
step=140170 | loss=2.9730 | lr=2.78e-04 | wd=0.0081 | mom=0.9500 | T=7.0 k=3.5 (mu_rec=8 mu_bwd=4) | grad=3.221 | tok/s=24,324 | tokens=4.59B
step=140180 | loss=2.7472 | lr=2.77e-04 | wd=0.0081 | mom=0.9500 | T=5.2 k=3.2 (mu_rec=8 mu_bwd=4) | grad=1.231 | tok/s=22,992 | tokens=4.59B
step=140190 | loss=3.1413 | lr=2.77e-04 | wd=0.0081 | mom=0.9500 | T=8.0 k=3.0 (mu_rec=8 mu_bwd=4) | grad=0.926 | tok/s=24,473 | tokens=4.59B
step=140200 | loss=3.2967 | lr=2.77e-04 | wd=0.0081 | mom=0.9500 | T=7.0 k=4.0 (mu_rec=8 mu_bwd=4) | grad=1.113 | tok/s=24,199 | tokens=4.59B
step=140210 | loss=3.0531 | lr=2.77e-04 | wd=0.0081 | mom=0.9500 | T=6.0 k=4.0 (mu_rec=8 mu_bwd=4) | grad=0.887 | tok/s=22,777 | tokens=4.59B
step=140220 | loss=2.9913 | lr=2.77e-04 | wd=0.0081 | mom=0.9500 | T=12.0 k=3.8 (mu_rec=8 mu_bwd=4) | grad=2.423 | tok/s=23,154 | tokens=4.59B
step=140230 | loss=3.1791 | lr=2.77e-04 | wd=0.0081 | mom=0.9500 | T=7.0 k=3.8 (mu_rec=8 mu_bwd=4) | grad=0.900 | tok/s=23,928 | tokens=4.60B
step=140240 | loss=3.3435 | lr=2.76e-04 | wd=0.0081 | mom=0.9500 | T=5.5 k=4.0 (mu_rec=8 mu_bwd=4) | grad=1.147 | tok/s=23,239 | tokens=4.60B
step=140250 | loss=2.9937 | lr=2.76e-04 | wd=0.0081 | mom=0.9500 | T=6.0 k=4.0 (mu_rec=8 mu_bwd=4) | grad=1.050 | tok/s=23,827 | tokens=4.60B
step=140260 | loss=3.1651 | lr=2.76e-04 | wd=0.0081 | mom=0.9500 | T=8.2 k=4.0 (mu_rec=8 mu_bwd=4) | grad=0.798 | tok/s=24,928 | tokens=4.60B
step=140270 | loss=3.4270 | lr=2.76e-04 | wd=0.0081 | mom=0.9500 | T=10.0 k=3.8 (mu_rec=8 mu_bwd=4) | grad=2.303 | tok/s=22,096 | tokens=4.60B
step=140280 | loss=3.3297 | lr=2.76e-04 | wd=0.0081 | mom=0.9500 | T=6.8 k=4.0 (mu_rec=8 mu_bwd=4) | grad=1.365 | tok/s=23,663 | tokens=4.60B
step=140290 | loss=3.0123 | lr=2.76e-04 | wd=0.0081 | mom=0.9500 | T=6.2 k=4.0 (mu_rec=8 mu_bwd=4) | grad=0.978 | tok/s=23,096 | tokens=4.60B
step=140300 | loss=3.3221 | lr=2.76e-04 | wd=0.0081 | mom=0.9500 | T=8.5 k=4.0 (mu_rec=8 mu_bwd=4) | grad=1.356 | tok/s=23,036 | tokens=4.60B
step=140310 | loss=3.6398 | lr=2.75e-04 | wd=0.0080 | mom=0.9500 | T=9.2 k=3.5 (mu_rec=8 mu_bwd=4) | grad=1.024 | tok/s=23,812 | tokens=4.60B
step=140320 | loss=3.3018 | lr=2.75e-04 | wd=0.0080 | mom=0.9500 | T=7.5 k=4.0 (mu_rec=8 mu_bwd=4) | grad=0.916 | tok/s=23,655 | tokens=4.60B
step=140330 | loss=2.8953 | lr=2.75e-04 | wd=0.0080 | mom=0.9500 | T=5.5 k=4.0 (mu_rec=8 mu_bwd=4) | grad=0.803 | tok/s=26,206 | tokens=4.60B
step=140340 | loss=3.0603 | lr=2.75e-04 | wd=0.0080 | mom=0.9500 | T=11.0 k=4.0 (mu_rec=8 mu_bwd=4) | grad=0.813 | tok/s=23,292 | tokens=4.60B
step=140350 | loss=3.2779 | lr=2.75e-04 | wd=0.0080 | mom=0.9500 | T=9.2 k=3.8 (mu_rec=8 mu_bwd=4) | grad=1.349 | tok/s=21,955 | tokens=4.60B
step=140360 | loss=3.1408 | lr=2.75e-04 | wd=0.0080 | mom=0.9500 | T=5.0 k=3.2 (mu_rec=8 mu_bwd=4) | grad=0.925 | tok/s=25,230 | tokens=4.60B
step=140370 | loss=3.2626 | lr=2.74e-04 | wd=0.0080 | mom=0.9500 | T=10.2 k=4.0 (mu_rec=8 mu_bwd=4) | grad=1.002 | tok/s=23,881 | tokens=4.60B
step=140380 | loss=3.1727 | lr=2.74e-04 | wd=0.0080 | mom=0.9500 | T=11.5 k=4.0 (mu_rec=8 mu_bwd=4) | grad=0.859 | tok/s=22,759 | tokens=4.60B
step=140390 | loss=3.2026 | lr=2.74e-04 | wd=0.0080 | mom=0.9500 | T=7.5 k=3.8 (mu_rec=8 mu_bwd=4) | grad=0.997 | tok/s=23,063 | tokens=4.60B
step=140400 | loss=3.2058 | lr=2.74e-04 | wd=0.0080 | mom=0.9500 | T=12.8 k=4.0 (mu_rec=8 mu_bwd=4) | grad=1.989 | tok/s=22,060 | tokens=4.60B
step=140410 | loss=3.1183 | lr=2.74e-04 | wd=0.0080 | mom=0.9500 | T=7.8 k=3.2 (mu_rec=8 mu_bwd=4) | grad=1.225 | tok/s=23,950 | tokens=4.60B
step=140420 | loss=3.1737 | lr=2.74e-04 | wd=0.0080 | mom=0.9500 | T=6.2 k=3.5 (mu_rec=8 mu_bwd=4) | grad=1.281 | tok/s=23,831 | tokens=4.60B
step=140430 | loss=3.4792 | lr=2.73e-04 | wd=0.0080 | mom=0.9500 | T=5.8 k=4.0 (mu_rec=8 mu_bwd=4) | grad=1.240 | tok/s=23,898 | tokens=4.60B
step=140440 | loss=3.6510 | lr=2.73e-04 | wd=0.0080 | mom=0.9500 | T=10.0 k=4.0 (mu_rec=8 mu_bwd=4) | grad=1.528 | tok/s=22,905 | tokens=4.60B
step=140450 | loss=3.1135 | lr=2.73e-04 | wd=0.0080 | mom=0.9500 | T=6.2 k=3.5 (mu_rec=8 mu_bwd=4) | grad=1.636 | tok/s=9,742 | tokens=4.60B
step=140460 | loss=3.0873 | lr=2.73e-04 | wd=0.0079 | mom=0.9500 | T=9.5 k=4.0 (mu_rec=8 mu_bwd=4) | grad=0.966 | tok/s=23,143 | tokens=4.60B
step=140470 | loss=2.9888 | lr=2.73e-04 | wd=0.0079 | mom=0.9500 | T=7.0 k=4.0 (mu_rec=8 mu_bwd=4) | grad=1.175 | tok/s=24,514 | tokens=4.60B
step=140480 | loss=3.3443 | lr=2.73e-04 | wd=0.0079 | mom=0.9500 | T=9.5 k=4.0 (mu_rec=8 mu_bwd=4) | grad=1.278 | tok/s=22,403 | tokens=4.60B
step=140490 | loss=3.3406 | lr=2.72e-04 | wd=0.0079 | mom=0.9500 | T=8.8 k=4.0 (mu_rec=8 mu_bwd=4) | grad=1.593 | tok/s=24,685 | tokens=4.60B
step=140500 | loss=3.8250 | lr=2.72e-04 | wd=0.0079 | mom=0.9500 | T=7.2 k=4.0 (mu_rec=8 mu_bwd=4) | grad=1.185 | tok/s=23,472 | tokens=4.60B
step=140510 | loss=3.4380 | lr=2.72e-04 | wd=0.0079 | mom=0.9500 | T=3.5 k=3.0 (mu_rec=8 mu_bwd=4) | grad=1.119 | tok/s=22,903 | tokens=4.60B
step=140520 | loss=3.1182 | lr=2.72e-04 | wd=0.0079 | mom=0.9500 | T=14.2 k=4.0 (mu_rec=8 mu_bwd=4) | grad=0.848 | tok/s=21,738 | tokens=4.60B
step=140530 | loss=2.9239 | lr=2.72e-04 | wd=0.0079 | mom=0.9500 | T=7.5 k=3.2 (mu_rec=8 mu_bwd=4) | grad=0.771 | tok/s=24,372 | tokens=4.60B
step=140540 | loss=2.9611 | lr=2.72e-04 | wd=0.0079 | mom=0.9500 | T=11.5 k=4.0 (mu_rec=8 mu_bwd=4) | grad=0.836 | tok/s=22,925 | tokens=4.61B
step=140550 | loss=3.3851 | lr=2.71e-04 | wd=0.0079 | mom=0.9500 | T=9.0 k=4.0 (mu_rec=8 mu_bwd=4) | grad=1.080 | tok/s=22,443 | tokens=4.61B
step=140560 | loss=3.0314 | lr=2.71e-04 | wd=0.0079 | mom=0.9500 | T=8.2 k=4.0 (mu_rec=8 mu_bwd=4) | grad=1.169 | tok/s=23,299 | tokens=4.61B
step=140570 | loss=3.0713 | lr=2.71e-04 | wd=0.0079 | mom=0.9500 | T=8.5 k=3.8 (mu_rec=8 mu_bwd=4) | grad=0.878 | tok/s=24,528 | tokens=4.61B
step=140580 | loss=3.1286 | lr=2.71e-04 | wd=0.0079 | mom=0.9500 | T=9.2 k=3.5 (mu_rec=8 mu_bwd=4) | grad=1.319 | tok/s=23,230 | tokens=4.61B
step=140590 | loss=3.5551 | lr=2.71e-04 | wd=0.0079 | mom=0.9500 | T=4.8 k=2.2 (mu_rec=8 mu_bwd=4) | grad=0.978 | tok/s=26,071 | tokens=4.61B
step=140600 | loss=3.8579 | lr=2.71e-04 | wd=0.0079 | mom=0.9500 | T=9.8 k=3.8 (mu_rec=8 mu_bwd=4) | grad=1.556 | tok/s=21,966 | tokens=4.61B
step=140610 | loss=3.2116 | lr=2.70e-04 | wd=0.0078 | mom=0.9500 | T=7.2 k=4.0 (mu_rec=8 mu_bwd=4) | grad=0.866 | tok/s=25,341 | tokens=4.61B
step=140620 | loss=3.2795 | lr=2.70e-04 | wd=0.0078 | mom=0.9500 | T=6.5 k=4.0 (mu_rec=8 mu_bwd=4) | grad=1.277 | tok/s=22,688 | tokens=4.61B
step=140630 | loss=3.3164 | lr=2.70e-04 | wd=0.0078 | mom=0.9500 | T=7.8 k=4.0 (mu_rec=8 mu_bwd=4) | grad=1.066 | tok/s=23,803 | tokens=4.61B
step=140640 | loss=3.3023 | lr=2.70e-04 | wd=0.0078 | mom=0.9500 | T=4.5 k=4.0 (mu_rec=8 mu_bwd=4) | grad=1.337 | tok/s=24,675 | tokens=4.61B
step=140650 | loss=2.8656 | lr=2.70e-04 | wd=0.0078 | mom=0.9500 | T=4.8 k=3.2 (mu_rec=8 mu_bwd=4) | grad=1.112 | tok/s=24,042 | tokens=4.61B
step=140660 | loss=3.2741 | lr=2.69e-04 | wd=0.0078 | mom=0.9500 | T=6.2 k=4.0 (mu_rec=8 mu_bwd=4) | grad=1.038 | tok/s=25,761 | tokens=4.61B
step=140670 | loss=3.2562 | lr=2.69e-04 | wd=0.0078 | mom=0.9500 | T=4.2 k=3.0 (mu_rec=8 mu_bwd=4) | grad=1.054 | tok/s=24,141 | tokens=4.61B
step=140680 | loss=2.9460 | lr=2.69e-04 | wd=0.0078 | mom=0.9500 | T=8.0 k=4.0 (mu_rec=8 mu_bwd=4) | grad=1.132 | tok/s=22,842 | tokens=4.61B
step=140690 | loss=3.1672 | lr=2.69e-04 | wd=0.0078 | mom=0.9500 | T=9.8 k=4.0 (mu_rec=8 mu_bwd=4) | grad=0.846 | tok/s=24,738 | tokens=4.61B
step=140700 | loss=3.0836 | lr=2.69e-04 | wd=0.0078 | mom=0.9500 | T=11.8 k=4.0 (mu_rec=8 mu_bwd=4) | grad=1.085 | tok/s=23,872 | tokens=4.61B
step=140710 | loss=2.9037 | lr=2.69e-04 | wd=0.0078 | mom=0.9500 | T=6.8 k=3.2 (mu_rec=8 mu_bwd=4) | grad=0.849 | tok/s=24,327 | tokens=4.61B
step=140720 | loss=3.1418 | lr=2.68e-04 | wd=0.0078 | mom=0.9500 | T=13.2 k=3.2 (mu_rec=8 mu_bwd=4) | grad=1.329 | tok/s=22,887 | tokens=4.61B
step=140730 | loss=2.7891 | lr=2.68e-04 | wd=0.0078 | mom=0.9500 | T=6.8 k=4.0 (mu_rec=8 mu_bwd=4) | grad=1.055 | tok/s=23,615 | tokens=4.61B
step=140740 | loss=2.8998 | lr=2.68e-04 | wd=0.0078 | mom=0.9500 | T=5.2 k=4.0 (mu_rec=8 mu_bwd=4) | grad=1.589 | tok/s=23,690 | tokens=4.61B
step=140750 | loss=2.7491 | lr=2.68e-04 | wd=0.0078 | mom=0.9500 | T=9.0 k=3.8 (mu_rec=8 mu_bwd=4) | grad=1.110 | tok/s=22,687 | tokens=4.61B
step=140760 | loss=2.5803 | lr=2.68e-04 | wd=0.0078 | mom=0.9500 | T=9.8 k=4.0 (mu_rec=8 mu_bwd=4) | grad=0.899 | tok/s=24,061 | tokens=4.61B
step=140770 | loss=2.8248 | lr=2.68e-04 | wd=0.0077 | mom=0.9500 | T=5.2 k=3.2 (mu_rec=8 mu_bwd=4) | grad=1.098 | tok/s=22,856 | tokens=4.61B
step=140780 | loss=3.2321 | lr=2.67e-04 | wd=0.0077 | mom=0.9500 | T=3.8 k=3.2 (mu_rec=8 mu_bwd=4) | grad=0.913 | tok/s=25,578 | tokens=4.61B
step=140790 | loss=3.0779 | lr=2.67e-04 | wd=0.0077 | mom=0.9500 | T=5.8 k=4.0 (mu_rec=8 mu_bwd=4) | grad=0.811 | tok/s=22,705 | tokens=4.61B
step=140800 | loss=3.1091 | lr=2.67e-04 | wd=0.0077 | mom=0.9500 | T=3.8 k=3.5 (mu_rec=8 mu_bwd=4) | grad=0.906 | tok/s=23,968 | tokens=4.61B
step=140810 | loss=3.0108 | lr=2.67e-04 | wd=0.0077 | mom=0.9500 | T=4.5 k=3.8 (mu_rec=8 mu_bwd=4) | grad=0.925 | tok/s=23,455 | tokens=4.61B
step=140820 | loss=3.0631 | lr=2.67e-04 | wd=0.0077 | mom=0.9500 | T=4.5 k=4.0 (mu_rec=8 mu_bwd=4) | grad=0.727 | tok/s=24,777 | tokens=4.61B
step=140830 | loss=3.1297 | lr=2.66e-04 | wd=0.0077 | mom=0.9500 | T=7.5 k=4.0 (mu_rec=8 mu_bwd=4) | grad=0.949 | tok/s=22,726 | tokens=4.61B
step=140840 | loss=3.0590 | lr=2.66e-04 | wd=0.0077 | mom=0.9500 | T=6.2 k=3.8 (mu_rec=8 mu_bwd=4) | grad=0.844 | tok/s=10,213 | tokens=4.62B
step=140850 | loss=2.9415 | lr=2.66e-04 | wd=0.0077 | mom=0.9500 | T=14.2 k=3.8 (mu_rec=8 mu_bwd=4) | grad=1.063 | tok/s=23,817 | tokens=4.62B
step=140860 | loss=3.0396 | lr=2.66e-04 | wd=0.0077 | mom=0.9500 | T=12.5 k=3.2 (mu_rec=8 mu_bwd=4) | grad=2.164 | tok/s=23,572 | tokens=4.62B
step=140870 | loss=2.9641 | lr=2.66e-04 | wd=0.0077 | mom=0.9500 | T=7.2 k=3.5 (mu_rec=8 mu_bwd=4) | grad=1.296 | tok/s=23,659 | tokens=4.62B
step=140880 | loss=2.9461 | lr=2.66e-04 | wd=0.0077 | mom=0.9500 | T=12.8 k=4.0 (mu_rec=8 mu_bwd=4) | grad=1.169 | tok/s=21,454 | tokens=4.62B
step=140890 | loss=3.0931 | lr=2.65e-04 | wd=0.0077 | mom=0.9500 | T=8.5 k=3.2 (mu_rec=8 mu_bwd=4) | grad=1.146 | tok/s=24,105 | tokens=4.62B
step=140900 | loss=3.3722 | lr=2.65e-04 | wd=0.0077 | mom=0.9500 | T=12.5 k=3.5 (mu_rec=8 mu_bwd=4) | grad=0.942 | tok/s=24,053 | tokens=4.62B
step=140910 | loss=3.0506 | lr=2.65e-04 | wd=0.0077 | mom=0.9500 | T=11.5 k=4.0 (mu_rec=8 mu_bwd=4) | grad=2.385 | tok/s=22,845 | tokens=4.62B
step=140920 | loss=3.2453 | lr=2.65e-04 | wd=0.0076 | mom=0.9500 | T=4.8 k=2.5 (mu_rec=8 mu_bwd=4) | grad=1.100 | tok/s=23,572 | tokens=4.62B
step=140930 | loss=2.9293 | lr=2.65e-04 | wd=0.0076 | mom=0.9500 | T=4.8 k=3.0 (mu_rec=8 mu_bwd=4) | grad=1.597 | tok/s=24,425 | tokens=4.62B
step=140940 | loss=3.4402 | lr=2.64e-04 | wd=0.0076 | mom=0.9500 | T=12.8 k=3.2 (mu_rec=8 mu_bwd=4) | grad=4.163 | tok/s=23,265 | tokens=4.62B
step=140950 | loss=3.6095 | lr=2.64e-04 | wd=0.0076 | mom=0.9500 | T=10.0 k=4.0 (mu_rec=8 mu_bwd=4) | grad=2.134 | tok/s=24,013 | tokens=4.62B
step=140960 | loss=3.2213 | lr=2.64e-04 | wd=0.0076 | mom=0.9500 | T=6.5 k=4.0 (mu_rec=8 mu_bwd=4) | grad=0.844 | tok/s=24,250 | tokens=4.62B
step=140970 | loss=3.0250 | lr=2.64e-04 | wd=0.0076 | mom=0.9500 | T=11.2 k=4.0 (mu_rec=8 mu_bwd=4) | grad=0.937 | tok/s=22,047 | tokens=4.62B
step=140980 | loss=3.1271 | lr=2.64e-04 | wd=0.0076 | mom=0.9500 | T=8.2 k=3.2 (mu_rec=8 mu_bwd=4) | grad=3.899 | tok/s=24,164 | tokens=4.62B
step=140990 | loss=3.3867 | lr=2.63e-04 | wd=0.0076 | mom=0.9500 | T=14.5 k=4.0 (mu_rec=8 mu_bwd=4) | grad=0.982 | tok/s=21,802 | tokens=4.62B
step=141000 | loss=3.1232 | lr=2.63e-04 | wd=0.0076 | mom=0.9500 | T=6.5 k=4.0 (mu_rec=8 mu_bwd=4) | grad=0.927 | tok/s=25,592 | tokens=4.62B
step=141010 | loss=3.1300 | lr=2.63e-04 | wd=0.0076 | mom=0.9500 | T=3.8 k=3.0 (mu_rec=8 mu_bwd=4) | grad=0.917 | tok/s=23,300 | tokens=4.62B
step=141020 | loss=3.1129 | lr=2.63e-04 | wd=0.0076 | mom=0.9500 | T=12.8 k=4.0 (mu_rec=8 mu_bwd=4) | grad=0.914 | tok/s=24,228 | tokens=4.62B
step=141030 | loss=3.0041 | lr=2.63e-04 | wd=0.0076 | mom=0.9500 | T=5.8 k=4.0 (mu_rec=8 mu_bwd=4) | grad=1.216 | tok/s=24,881 | tokens=4.62B
step=141040 | loss=2.9037 | lr=2.62e-04 | wd=0.0076 | mom=0.9500 | T=11.0 k=4.0 (mu_rec=8 mu_bwd=4) | grad=1.110 | tok/s=23,233 | tokens=4.62B
step=141050 | loss=2.7346 | lr=2.62e-04 | wd=0.0076 | mom=0.9500 | T=7.5 k=3.5 (mu_rec=8 mu_bwd=4) | grad=1.246 | tok/s=23,447 | tokens=4.62B
step=141060 | loss=2.9102 | lr=2.62e-04 | wd=0.0076 | mom=0.9500 | T=7.2 k=3.5 (mu_rec=8 mu_bwd=4) | grad=0.971 | tok/s=22,892 | tokens=4.62B
step=141070 | loss=3.1600 | lr=2.62e-04 | wd=0.0075 | mom=0.9500 | T=8.8 k=4.0 (mu_rec=8 mu_bwd=4) | grad=0.827 | tok/s=24,289 | tokens=4.62B
step=141080 | loss=3.1356 | lr=2.62e-04 | wd=0.0075 | mom=0.9500 | T=7.0 k=3.2 (mu_rec=8 mu_bwd=4) | grad=1.104 | tok/s=24,646 | tokens=4.62B
step=141090 | loss=2.8238 | lr=2.62e-04 | wd=0.0075 | mom=0.9500 | T=9.2 k=4.0 (mu_rec=8 mu_bwd=4) | grad=0.925 | tok/s=22,617 | tokens=4.62B
step=141100 | loss=2.9641 | lr=2.61e-04 | wd=0.0075 | mom=0.9500 | T=11.2 k=4.0 (mu_rec=8 mu_bwd=4) | grad=1.020 | tok/s=21,324 | tokens=4.62B
step=141110 | loss=2.8721 | lr=2.61e-04 | wd=0.0075 | mom=0.9500 | T=8.8 k=3.5 (mu_rec=8 mu_bwd=4) | grad=0.810 | tok/s=25,231 | tokens=4.62B
step=141120 | loss=3.1656 | lr=2.61e-04 | wd=0.0075 | mom=0.9500 | T=6.2 k=3.5 (mu_rec=8 mu_bwd=4) | grad=1.336 | tok/s=24,031 | tokens=4.62B
step=141130 | loss=3.1141 | lr=2.61e-04 | wd=0.0075 | mom=0.9500 | T=10.2 k=4.0 (mu_rec=8 mu_bwd=4) | grad=1.064 | tok/s=22,155 | tokens=4.62B
step=141140 | loss=2.9661 | lr=2.61e-04 | wd=0.0075 | mom=0.9500 | T=6.8 k=3.5 (mu_rec=8 mu_bwd=4) | grad=0.912 | tok/s=24,797 | tokens=4.62B
step=141150 | loss=3.2262 | lr=2.60e-04 | wd=0.0075 | mom=0.9500 | T=5.2 k=3.5 (mu_rec=8 mu_bwd=4) | grad=0.982 | tok/s=23,790 | tokens=4.63B
step=141160 | loss=3.2141 | lr=2.60e-04 | wd=0.0075 | mom=0.9500 | T=11.5 k=4.0 (mu_rec=8 mu_bwd=4) | grad=0.814 | tok/s=23,450 | tokens=4.63B
step=141170 | loss=2.9442 | lr=2.60e-04 | wd=0.0075 | mom=0.9500 | T=9.0 k=4.0 (mu_rec=8 mu_bwd=4) | grad=0.845 | tok/s=23,168 | tokens=4.63B
step=141180 | loss=3.0166 | lr=2.60e-04 | wd=0.0075 | mom=0.9500 | T=4.5 k=3.2 (mu_rec=8 mu_bwd=4) | grad=1.574 | tok/s=23,805 | tokens=4.63B
step=141190 | loss=3.1421 | lr=2.60e-04 | wd=0.0075 | mom=0.9500 | T=10.8 k=4.0 (mu_rec=8 mu_bwd=4) | grad=0.804 | tok/s=23,541 | tokens=4.63B
step=141200 | loss=2.8465 | lr=2.59e-04 | wd=0.0075 | mom=0.9500 | T=9.0 k=4.0 (mu_rec=8 mu_bwd=4) | grad=0.832 | tok/s=24,015 | tokens=4.63B
step=141210 | loss=2.8896 | lr=2.59e-04 | wd=0.0075 | mom=0.9500 | T=5.8 k=3.2 (mu_rec=8 mu_bwd=4) | grad=1.107 | tok/s=24,419 | tokens=4.63B
step=141220 | loss=3.0287 | lr=2.59e-04 | wd=0.0075 | mom=0.9500 | T=10.8 k=4.0 (mu_rec=8 mu_bwd=4) | grad=0.889 | tok/s=25,527 | tokens=4.63B
step=141230 | loss=2.9422 | lr=2.59e-04 | wd=0.0074 | mom=0.9500 | T=8.8 k=4.0 (mu_rec=8 mu_bwd=4) | grad=1.217 | tok/s=22,539 | tokens=4.63B
step=141240 | loss=2.6962 | lr=2.59e-04 | wd=0.0074 | mom=0.9500 | T=5.0 k=3.2 (mu_rec=8 mu_bwd=4) | grad=1.572 | tok/s=24,397 | tokens=4.63B
step=141250 | loss=3.1114 | lr=2.58e-04 | wd=0.0074 | mom=0.9500 | T=10.2 k=3.8 (mu_rec=8 mu_bwd=4) | grad=1.006 | tok/s=24,759 | tokens=4.63B
step=141260 | loss=3.0903 | lr=2.58e-04 | wd=0.0074 | mom=0.9500 | T=8.0 k=4.0 (mu_rec=8 mu_bwd=4) | grad=0.824 | tok/s=24,072 | tokens=4.63B
step=141270 | loss=2.8919 | lr=2.58e-04 | wd=0.0074 | mom=0.9500 | T=7.0 k=4.0 (mu_rec=8 mu_bwd=4) | grad=0.837 | tok/s=24,535 | tokens=4.63B
step=141280 | loss=3.0238 | lr=2.58e-04 | wd=0.0074 | mom=0.9500 | T=7.5 k=4.0 (mu_rec=8 mu_bwd=4) | grad=0.810 | tok/s=22,710 | tokens=4.63B
step=141290 | loss=2.9990 | lr=2.58e-04 | wd=0.0074 | mom=0.9500 | T=6.8 k=4.0 (mu_rec=8 mu_bwd=4) | grad=1.022 | tok/s=24,012 | tokens=4.63B
step=141300 | loss=3.2309 | lr=2.57e-04 | wd=0.0074 | mom=0.9500 | T=7.8 k=4.0 (mu_rec=8 mu_bwd=4) | grad=0.782 | tok/s=23,210 | tokens=4.63B
step=141310 | loss=3.1238 | lr=2.57e-04 | wd=0.0074 | mom=0.9500 | T=7.5 k=3.8 (mu_rec=8 mu_bwd=4) | grad=0.776 | tok/s=23,763 | tokens=4.63B
step=141320 | loss=3.1026 | lr=2.57e-04 | wd=0.0074 | mom=0.9500 | T=6.2 k=3.0 (mu_rec=8 mu_bwd=4) | grad=0.891 | tok/s=26,708 | tokens=4.63B
step=141330 | loss=2.7348 | lr=2.57e-04 | wd=0.0074 | mom=0.9500 | T=6.0 k=3.5 (mu_rec=8 mu_bwd=4) | grad=1.095 | tok/s=23,731 | tokens=4.63B
step=141340 | loss=3.1256 | lr=2.57e-04 | wd=0.0074 | mom=0.9500 | T=6.2 k=3.8 (mu_rec=8 mu_bwd=4) | grad=0.797 | tok/s=23,886 | tokens=4.63B
step=141350 | loss=3.1369 | lr=2.56e-04 | wd=0.0074 | mom=0.9500 | T=3.5 k=3.2 (mu_rec=8 mu_bwd=4) | grad=1.431 | tok/s=23,839 | tokens=4.63B
step=141360 | loss=2.7557 | lr=2.56e-04 | wd=0.0074 | mom=0.9500 | T=7.5 k=3.5 (mu_rec=8 mu_bwd=4) | grad=0.846 | tok/s=24,104 | tokens=4.63B
step=141370 | loss=3.1615 | lr=2.56e-04 | wd=0.0074 | mom=0.9500 | T=6.2 k=3.5 (mu_rec=8 mu_bwd=4) | grad=1.010 | tok/s=11,036 | tokens=4.63B
step=141380 | loss=2.9611 | lr=2.56e-04 | wd=0.0073 | mom=0.9500 | T=16.8 k=3.5 (mu_rec=8 mu_bwd=4) | grad=0.728 | tok/s=22,503 | tokens=4.63B
step=141390 | loss=2.9561 | lr=2.56e-04 | wd=0.0073 | mom=0.9500 | T=7.5 k=3.8 (mu_rec=8 mu_bwd=4) | grad=0.894 | tok/s=25,006 | tokens=4.63B
step=141400 | loss=2.9007 | lr=2.55e-04 | wd=0.0073 | mom=0.9500 | T=8.0 k=3.8 (mu_rec=8 mu_bwd=4) | grad=1.138 | tok/s=24,485 | tokens=4.63B
step=141410 | loss=3.0093 | lr=2.55e-04 | wd=0.0073 | mom=0.9500 | T=8.2 k=4.0 (mu_rec=8 mu_bwd=4) | grad=1.278 | tok/s=22,914 | tokens=4.63B
step=141420 | loss=2.8649 | lr=2.55e-04 | wd=0.0073 | mom=0.9500 | T=6.5 k=3.8 (mu_rec=8 mu_bwd=4) | grad=0.870 | tok/s=23,792 | tokens=4.63B
step=141430 | loss=3.0260 | lr=2.55e-04 | wd=0.0073 | mom=0.9500 | T=4.2 k=3.0 (mu_rec=8 mu_bwd=4) | grad=0.930 | tok/s=22,458 | tokens=4.63B
step=141440 | loss=3.0810 | lr=2.54e-04 | wd=0.0073 | mom=0.9500 | T=7.8 k=3.5 (mu_rec=8 mu_bwd=4) | grad=1.063 | tok/s=22,867 | tokens=4.63B
step=141450 | loss=3.0078 | lr=2.54e-04 | wd=0.0073 | mom=0.9500 | T=9.5 k=4.0 (mu_rec=8 mu_bwd=4) | grad=1.860 | tok/s=23,663 | tokens=4.64B
step=141460 | loss=3.1333 | lr=2.54e-04 | wd=0.0073 | mom=0.9500 | T=11.5 k=4.0 (mu_rec=8 mu_bwd=4) | grad=0.841 | tok/s=23,949 | tokens=4.64B
step=141470 | loss=3.1330 | lr=2.54e-04 | wd=0.0073 | mom=0.9500 | T=2.8 k=2.5 (mu_rec=8 mu_bwd=4) | grad=1.371 | tok/s=24,288 | tokens=4.64B
step=141480 | loss=3.2344 | lr=2.54e-04 | wd=0.0073 | mom=0.9500 | T=9.0 k=3.0 (mu_rec=8 mu_bwd=4) | grad=1.591 | tok/s=23,264 | tokens=4.64B
step=141490 | loss=3.1203 | lr=2.53e-04 | wd=0.0073 | mom=0.9500 | T=11.8 k=4.0 (mu_rec=8 mu_bwd=4) | grad=1.030 | tok/s=22,835 | tokens=4.64B
step=141500 | loss=3.0733 | lr=2.53e-04 | wd=0.0073 | mom=0.9500 | T=4.8 k=3.8 (mu_rec=8 mu_bwd=4) | grad=1.386 | tok/s=24,796 | tokens=4.64B
step=141510 | loss=3.3134 | lr=2.53e-04 | wd=0.0073 | mom=0.9500 | T=6.0 k=3.2 (mu_rec=8 mu_bwd=4) | grad=1.079 | tok/s=24,347 | tokens=4.64B
step=141520 | loss=2.6449 | lr=2.53e-04 | wd=0.0073 | mom=0.9500 | T=8.2 k=4.0 (mu_rec=8 mu_bwd=4) | grad=0.976 | tok/s=24,537 | tokens=4.64B
step=141530 | loss=3.1166 | lr=2.53e-04 | wd=0.0072 | mom=0.9500 | T=6.0 k=3.2 (mu_rec=8 mu_bwd=4) | grad=0.848 | tok/s=23,844 | tokens=4.64B
step=141540 | loss=2.7072 | lr=2.52e-04 | wd=0.0072 | mom=0.9500 | T=11.2 k=4.0 (mu_rec=8 mu_bwd=4) | grad=1.775 | tok/s=21,913 | tokens=4.64B
step=141550 | loss=3.0155 | lr=2.52e-04 | wd=0.0072 | mom=0.9500 | T=10.0 k=4.0 (mu_rec=8 mu_bwd=4) | grad=0.796 | tok/s=22,358 | tokens=4.64B
step=141560 | loss=2.8207 | lr=2.52e-04 | wd=0.0072 | mom=0.9500 | T=6.8 k=3.5 (mu_rec=8 mu_bwd=4) | grad=0.920 | tok/s=23,984 | tokens=4.64B
step=141570 | loss=3.0771 | lr=2.52e-04 | wd=0.0072 | mom=0.9500 | T=8.8 k=4.0 (mu_rec=8 mu_bwd=4) | grad=1.040 | tok/s=22,430 | tokens=4.64B
step=141580 | loss=3.1817 | lr=2.52e-04 | wd=0.0072 | mom=0.9500 | T=14.5 k=4.0 (mu_rec=8 mu_bwd=4) | grad=0.832 | tok/s=23,966 | tokens=4.64B
step=141590 | loss=2.9368 | lr=2.51e-04 | wd=0.0072 | mom=0.9500 | T=9.5 k=4.0 (mu_rec=8 mu_bwd=4) | grad=0.986 | tok/s=22,675 | tokens=4.64B
step=141600 | loss=3.4023 | lr=2.51e-04 | wd=0.0072 | mom=0.9500 | T=7.0 k=3.2 (mu_rec=8 mu_bwd=4) | grad=1.164 | tok/s=23,200 | tokens=4.64B
step=141610 | loss=2.9606 | lr=2.51e-04 | wd=0.0072 | mom=0.9500 | T=4.0 k=3.0 (mu_rec=8 mu_bwd=4) | grad=1.290 | tok/s=25,588 | tokens=4.64B
step=141620 | loss=2.8399 | lr=2.51e-04 | wd=0.0072 | mom=0.9500 | T=8.0 k=4.0 (mu_rec=8 mu_bwd=4) | grad=0.795 | tok/s=23,853 | tokens=4.64B
step=141630 | loss=3.0144 | lr=2.50e-04 | wd=0.0072 | mom=0.9500 | T=6.8 k=3.8 (mu_rec=8 mu_bwd=4) | grad=5.271 | tok/s=23,575 | tokens=4.64B
step=141640 | loss=3.1791 | lr=2.50e-04 | wd=0.0072 | mom=0.9500 | T=9.8 k=4.0 (mu_rec=8 mu_bwd=4) | grad=0.866 | tok/s=22,303 | tokens=4.64B
step=141650 | loss=3.2417 | lr=2.50e-04 | wd=0.0072 | mom=0.9500 | T=9.8 k=4.0 (mu_rec=8 mu_bwd=4) | grad=1.009 | tok/s=21,199 | tokens=4.64B
step=141660 | loss=3.1813 | lr=2.50e-04 | wd=0.0072 | mom=0.9500 | T=7.2 k=3.2 (mu_rec=8 mu_bwd=4) | grad=1.226 | tok/s=24,374 | tokens=4.64B
step=141670 | loss=3.2649 | lr=2.50e-04 | wd=0.0072 | mom=0.9500 | T=7.5 k=3.8 (mu_rec=8 mu_bwd=4) | grad=0.903 | tok/s=22,476 | tokens=4.64B
step=141680 | loss=2.9833 | lr=2.49e-04 | wd=0.0071 | mom=0.9500 | T=7.0 k=4.0 (mu_rec=8 mu_bwd=4) | grad=0.831 | tok/s=23,704 | tokens=4.64B
step=141690 | loss=3.2981 | lr=2.49e-04 | wd=0.0071 | mom=0.9500 | T=6.0 k=3.8 (mu_rec=8 mu_bwd=4) | grad=0.972 | tok/s=24,887 | tokens=4.64B
step=141700 | loss=3.0787 | lr=2.49e-04 | wd=0.0071 | mom=0.9500 | T=6.8 k=3.8 (mu_rec=8 mu_bwd=4) | grad=0.874 | tok/s=25,372 | tokens=4.64B
step=141710 | loss=3.0288 | lr=2.49e-04 | wd=0.0071 | mom=0.9500 | T=8.2 k=3.2 (mu_rec=8 mu_bwd=4) | grad=1.195 | tok/s=23,699 | tokens=4.64B
step=141720 | loss=3.1016 | lr=2.49e-04 | wd=0.0071 | mom=0.9500 | T=7.2 k=4.0 (mu_rec=8 mu_bwd=4) | grad=1.067 | tok/s=9,783 | tokens=4.64B
step=141730 | loss=3.1582 | lr=2.48e-04 | wd=0.0071 | mom=0.9500 | T=13.2 k=4.0 (mu_rec=8 mu_bwd=4) | grad=2.011 | tok/s=22,461 | tokens=4.64B
step=141740 | loss=2.8467 | lr=2.48e-04 | wd=0.0071 | mom=0.9500 | T=6.5 k=3.2 (mu_rec=8 mu_bwd=4) | grad=1.312 | tok/s=23,219 | tokens=4.64B
step=141750 | loss=3.3391 | lr=2.48e-04 | wd=0.0071 | mom=0.9500 | T=7.8 k=3.5 (mu_rec=8 mu_bwd=4) | grad=0.828 | tok/s=23,015 | tokens=4.64B
step=141760 | loss=3.2727 | lr=2.48e-04 | wd=0.0071 | mom=0.9500 | T=6.2 k=4.0 (mu_rec=8 mu_bwd=4) | grad=0.956 | tok/s=22,726 | tokens=4.65B
step=141770 | loss=3.0214 | lr=2.47e-04 | wd=0.0071 | mom=0.9500 | T=9.2 k=4.0 (mu_rec=8 mu_bwd=4) | grad=0.912 | tok/s=23,450 | tokens=4.65B
step=141780 | loss=3.0371 | lr=2.47e-04 | wd=0.0071 | mom=0.9500 | T=6.5 k=3.0 (mu_rec=8 mu_bwd=4) | grad=0.809 | tok/s=24,742 | tokens=4.65B
step=141790 | loss=2.8169 | lr=2.47e-04 | wd=0.0071 | mom=0.9500 | T=8.8 k=4.0 (mu_rec=8 mu_bwd=4) | grad=0.859 | tok/s=24,031 | tokens=4.65B
step=141800 | loss=3.0058 | lr=2.47e-04 | wd=0.0071 | mom=0.9500 | T=10.8 k=4.0 (mu_rec=8 mu_bwd=4) | grad=0.905 | tok/s=24,500 | tokens=4.65B
step=141810 | loss=3.0125 | lr=2.47e-04 | wd=0.0071 | mom=0.9500 | T=8.8 k=3.8 (mu_rec=8 mu_bwd=4) | grad=1.298 | tok/s=23,612 | tokens=4.65B
step=141820 | loss=3.0368 | lr=2.46e-04 | wd=0.0071 | mom=0.9500 | T=9.0 k=3.8 (mu_rec=8 mu_bwd=4) | grad=0.938 | tok/s=25,320 | tokens=4.65B
step=141830 | loss=3.0780 | lr=2.46e-04 | wd=0.0071 | mom=0.9500 | T=9.8 k=4.0 (mu_rec=8 mu_bwd=4) | grad=1.173 | tok/s=22,344 | tokens=4.65B
step=141840 | loss=3.2536 | lr=2.46e-04 | wd=0.0070 | mom=0.9500 | T=6.5 k=3.8 (mu_rec=8 mu_bwd=4) | grad=0.898 | tok/s=23,640 | tokens=4.65B
step=141850 | loss=2.8795 | lr=2.46e-04 | wd=0.0070 | mom=0.9500 | T=12.5 k=4.0 (mu_rec=8 mu_bwd=4) | grad=0.819 | tok/s=23,741 | tokens=4.65B
step=141860 | loss=3.1287 | lr=2.45e-04 | wd=0.0070 | mom=0.9500 | T=9.8 k=4.0 (mu_rec=8 mu_bwd=4) | grad=1.146 | tok/s=23,693 | tokens=4.65B
step=141870 | loss=3.4322 | lr=2.45e-04 | wd=0.0070 | mom=0.9500 | T=10.5 k=4.0 (mu_rec=8 mu_bwd=4) | grad=1.068 | tok/s=24,726 | tokens=4.65B
step=141880 | loss=3.0518 | lr=2.45e-04 | wd=0.0070 | mom=0.9500 | T=6.8 k=3.5 (mu_rec=8 mu_bwd=4) | grad=0.846 | tok/s=23,898 | tokens=4.65B
step=141890 | loss=2.6895 | lr=2.45e-04 | wd=0.0070 | mom=0.9500 | T=7.5 k=3.2 (mu_rec=8 mu_bwd=4) | grad=0.974 | tok/s=23,434 | tokens=4.65B
step=141900 | loss=3.1007 | lr=2.45e-04 | wd=0.0070 | mom=0.9500 | T=7.2 k=3.5 (mu_rec=8 mu_bwd=4) | grad=1.268 | tok/s=24,074 | tokens=4.65B
step=141910 | loss=3.2877 | lr=2.44e-04 | wd=0.0070 | mom=0.9500 | T=8.5 k=3.8 (mu_rec=8 mu_bwd=4) | grad=1.056 | tok/s=23,648 | tokens=4.65B
step=141920 | loss=3.0641 | lr=2.44e-04 | wd=0.0070 | mom=0.9500 | T=6.0 k=4.0 (mu_rec=8 mu_bwd=4) | grad=0.783 | tok/s=23,381 | tokens=4.65B
step=141930 | loss=2.9984 | lr=2.44e-04 | wd=0.0070 | mom=0.9500 | T=5.0 k=3.8 (mu_rec=8 mu_bwd=4) | grad=1.188 | tok/s=22,530 | tokens=4.65B
step=141940 | loss=3.3066 | lr=2.44e-04 | wd=0.0070 | mom=0.9500 | T=6.2 k=3.5 (mu_rec=8 mu_bwd=4) | grad=0.762 | tok/s=24,796 | tokens=4.65B
step=141950 | loss=3.0518 | lr=2.43e-04 | wd=0.0070 | mom=0.9500 | T=10.2 k=4.0 (mu_rec=8 mu_bwd=4) | grad=0.788 | tok/s=23,253 | tokens=4.65B
step=141960 | loss=3.0217 | lr=2.43e-04 | wd=0.0070 | mom=0.9500 | T=10.5 k=4.0 (mu_rec=8 mu_bwd=4) | grad=1.139 | tok/s=23,553 | tokens=4.65B
step=141970 | loss=3.1024 | lr=2.43e-04 | wd=0.0070 | mom=0.9500 | T=9.5 k=4.0 (mu_rec=8 mu_bwd=4) | grad=0.909 | tok/s=23,836 | tokens=4.65B
step=141980 | loss=2.9952 | lr=2.43e-04 | wd=0.0070 | mom=0.9500 | T=7.8 k=3.5 (mu_rec=8 mu_bwd=4) | grad=0.838 | tok/s=22,245 | tokens=4.65B
step=141990 | loss=2.9259 | lr=2.42e-04 | wd=0.0069 | mom=0.9500 | T=5.8 k=4.0 (mu_rec=8 mu_bwd=4) | grad=0.747 | tok/s=24,437 | tokens=4.65B
step=142000 | loss=3.2288 | lr=2.42e-04 | wd=0.0069 | mom=0.9500 | T=6.5 k=4.0 (mu_rec=8 mu_bwd=4) | grad=0.801 | tok/s=23,317 | tokens=4.65B
[step 142000] Saved -> runs/cortex-5b-k4/checkpoint_0142000
[step 142000] Pruned -> runs/cortex-5b-k4/checkpoint_0136000
step=142010 | loss=3.0392 | lr=2.42e-04 | wd=0.0069 | mom=0.9500 | T=6.2 k=4.0 (mu_rec=8 mu_bwd=4) | grad=0.836 | tok/s=21,312 | tokens=4.65B
step=142020 | loss=3.0379 | lr=2.42e-04 | wd=0.0069 | mom=0.9500 | T=7.2 k=4.0 (mu_rec=8 mu_bwd=4) | grad=0.793 | tok/s=24,943 | tokens=4.65B
step=142030 | loss=2.9399 | lr=2.42e-04 | wd=0.0069 | mom=0.9500 | T=7.0 k=3.5 (mu_rec=8 mu_bwd=4) | grad=2.449 | tok/s=22,594 | tokens=4.65B
step=142040 | loss=3.3127 | lr=2.41e-04 | wd=0.0069 | mom=0.9500 | T=8.2 k=4.0 (mu_rec=8 mu_bwd=4) | grad=0.755 | tok/s=22,804 | tokens=4.65B
step=142050 | loss=3.0027 | lr=2.41e-04 | wd=0.0069 | mom=0.9500 | T=11.0 k=4.0 (mu_rec=8 mu_bwd=4) | grad=0.898 | tok/s=23,602 | tokens=4.65B
step=142060 | loss=2.8809 | lr=2.41e-04 | wd=0.0069 | mom=0.9500 | T=6.8 k=4.0 (mu_rec=8 mu_bwd=4) | grad=0.778 | tok/s=24,395 | tokens=4.66B
step=142070 | loss=3.1289 | lr=2.41e-04 | wd=0.0069 | mom=0.9500 | T=6.0 k=3.2 (mu_rec=8 mu_bwd=4) | grad=1.778 | tok/s=23,945 | tokens=4.66B
step=142080 | loss=3.0800 | lr=2.40e-04 | wd=0.0069 | mom=0.9500 | T=6.2 k=3.8 (mu_rec=8 mu_bwd=4) | grad=1.105 | tok/s=23,202 | tokens=4.66B
step=142090 | loss=3.1214 | lr=2.40e-04 | wd=0.0069 | mom=0.9500 | T=6.5 k=3.8 (mu_rec=8 mu_bwd=4) | grad=0.977 | tok/s=25,175 | tokens=4.66B
step=142100 | loss=2.9822 | lr=2.40e-04 | wd=0.0069 | mom=0.9500 | T=9.5 k=4.0 (mu_rec=8 mu_bwd=4) | grad=1.259 | tok/s=23,003 | tokens=4.66B
step=142110 | loss=3.3086 | lr=2.40e-04 | wd=0.0069 | mom=0.9500 | T=6.2 k=3.2 (mu_rec=8 mu_bwd=4) | grad=1.910 | tok/s=23,424 | tokens=4.66B
step=142120 | loss=2.8443 | lr=2.39e-04 | wd=0.0069 | mom=0.9500 | T=9.2 k=4.0 (mu_rec=8 mu_bwd=4) | grad=0.825 | tok/s=23,319 | tokens=4.66B
step=142130 | loss=3.0275 | lr=2.39e-04 | wd=0.0069 | mom=0.9500 | T=5.5 k=4.0 (mu_rec=8 mu_bwd=4) | grad=1.435 | tok/s=23,901 | tokens=4.66B
step=142140 | loss=2.8409 | lr=2.39e-04 | wd=0.0068 | mom=0.9500 | T=7.8 k=4.0 (mu_rec=8 mu_bwd=4) | grad=1.118 | tok/s=24,618 | tokens=4.66B
step=142150 | loss=3.6256 | lr=2.39e-04 | wd=0.0068 | mom=0.9500 | T=5.2 k=3.5 (mu_rec=8 mu_bwd=4) | grad=1.191 | tok/s=24,498 | tokens=4.66B
step=142160 | loss=3.3218 | lr=2.39e-04 | wd=0.0068 | mom=0.9500 | T=9.2 k=4.0 (mu_rec=8 mu_bwd=4) | grad=1.004 | tok/s=23,249 | tokens=4.66B
step=142170 | loss=3.0045 | lr=2.38e-04 | wd=0.0068 | mom=0.9500 | T=11.2 k=4.0 (mu_rec=8 mu_bwd=4) | grad=0.891 | tok/s=22,838 | tokens=4.66B
step=142180 | loss=3.1403 | lr=2.38e-04 | wd=0.0068 | mom=0.9500 | T=7.5 k=3.2 (mu_rec=8 mu_bwd=4) | grad=1.009 | tok/s=24,697 | tokens=4.66B
step=142190 | loss=3.2899 | lr=2.38e-04 | wd=0.0068 | mom=0.9500 | T=10.0 k=3.0 (mu_rec=8 mu_bwd=4) | grad=1.084 | tok/s=24,997 | tokens=4.66B
step=142200 | loss=3.3117 | lr=2.38e-04 | wd=0.0068 | mom=0.9500 | T=12.2 k=4.0 (mu_rec=8 mu_bwd=4) | grad=1.683 | tok/s=9,464 | tokens=4.66B
step=142210 | loss=3.2440 | lr=2.37e-04 | wd=0.0068 | mom=0.9500 | T=11.2 k=4.0 (mu_rec=8 mu_bwd=4) | grad=1.414 | tok/s=23,538 | tokens=4.66B
step=142220 | loss=2.9702 | lr=2.37e-04 | wd=0.0068 | mom=0.9500 | T=6.8 k=3.2 (mu_rec=8 mu_bwd=4) | grad=1.556 | tok/s=23,377 | tokens=4.66B
step=142230 | loss=3.1252 | lr=2.37e-04 | wd=0.0068 | mom=0.9500 | T=5.8 k=4.0 (mu_rec=8 mu_bwd=4) | grad=0.847 | tok/s=23,850 | tokens=4.66B
step=142240 | loss=2.8688 | lr=2.37e-04 | wd=0.0068 | mom=0.9500 | T=6.0 k=3.8 (mu_rec=8 mu_bwd=4) | grad=2.007 | tok/s=25,885 | tokens=4.66B
step=142250 | loss=2.9242 | lr=2.36e-04 | wd=0.0068 | mom=0.9500 | T=7.2 k=3.8 (mu_rec=8 mu_bwd=4) | grad=0.908 | tok/s=23,364 | tokens=4.66B
step=142260 | loss=3.2106 | lr=2.36e-04 | wd=0.0068 | mom=0.9500 | T=5.0 k=3.0 (mu_rec=8 mu_bwd=4) | grad=1.090 | tok/s=25,443 | tokens=4.66B
step=142270 | loss=3.3073 | lr=2.36e-04 | wd=0.0068 | mom=0.9500 | T=5.0 k=3.0 (mu_rec=8 mu_bwd=4) | grad=1.002 | tok/s=24,227 | tokens=4.66B
step=142280 | loss=2.9465 | lr=2.36e-04 | wd=0.0068 | mom=0.9500 | T=7.2 k=4.0 (mu_rec=8 mu_bwd=4) | grad=0.941 | tok/s=24,694 | tokens=4.66B
step=142290 | loss=2.7379 | lr=2.36e-04 | wd=0.0067 | mom=0.9500 | T=5.2 k=3.5 (mu_rec=8 mu_bwd=4) | grad=0.885 | tok/s=24,287 | tokens=4.66B
step=142300 | loss=3.1563 | lr=2.35e-04 | wd=0.0067 | mom=0.9500 | T=6.2 k=3.8 (mu_rec=8 mu_bwd=4) | grad=1.277 | tok/s=23,768 | tokens=4.66B
step=142310 | loss=3.3486 | lr=2.35e-04 | wd=0.0067 | mom=0.9500 | T=7.5 k=4.0 (mu_rec=8 mu_bwd=4) | grad=1.190 | tok/s=22,727 | tokens=4.66B
step=142320 | loss=3.2219 | lr=2.35e-04 | wd=0.0067 | mom=0.9500 | T=6.2 k=3.2 (mu_rec=8 mu_bwd=4) | grad=1.640 | tok/s=22,529 | tokens=4.66B
step=142330 | loss=3.3677 | lr=2.35e-04 | wd=0.0067 | mom=0.9500 | T=10.5 k=4.0 (mu_rec=8 mu_bwd=4) | grad=1.515 | tok/s=23,789 | tokens=4.66B
step=142340 | loss=2.9730 | lr=2.34e-04 | wd=0.0067 | mom=0.9500 | T=15.5 k=3.8 (mu_rec=8 mu_bwd=4) | grad=0.940 | tok/s=22,838 | tokens=4.66B
step=142350 | loss=2.9955 | lr=2.34e-04 | wd=0.0067 | mom=0.9500 | T=9.0 k=4.0 (mu_rec=8 mu_bwd=4) | grad=0.865 | tok/s=24,341 | tokens=4.66B
step=142360 | loss=2.8835 | lr=2.34e-04 | wd=0.0067 | mom=0.9500 | T=3.2 k=2.5 (mu_rec=8 mu_bwd=4) | grad=0.844 | tok/s=23,385 | tokens=4.66B
step=142370 | loss=3.5337 | lr=2.34e-04 | wd=0.0067 | mom=0.9500 | T=7.2 k=4.0 (mu_rec=8 mu_bwd=4) | grad=1.127 | tok/s=23,623 | tokens=4.67B
step=142380 | loss=2.9483 | lr=2.33e-04 | wd=0.0067 | mom=0.9500 | T=4.2 k=3.0 (mu_rec=8 mu_bwd=4) | grad=1.022 | tok/s=22,484 | tokens=4.67B
step=142390 | loss=2.9882 | lr=2.33e-04 | wd=0.0067 | mom=0.9500 | T=12.2 k=4.0 (mu_rec=8 mu_bwd=4) | grad=1.279 | tok/s=22,489 | tokens=4.67B
step=142400 | loss=3.4096 | lr=2.33e-04 | wd=0.0067 | mom=0.9500 | T=10.2 k=3.8 (mu_rec=8 mu_bwd=4) | grad=1.225 | tok/s=22,371 | tokens=4.67B
step=142410 | loss=3.4336 | lr=2.33e-04 | wd=0.0067 | mom=0.9500 | T=5.0 k=3.5 (mu_rec=8 mu_bwd=4) | grad=1.005 | tok/s=25,391 | tokens=4.67B
step=142420 | loss=2.9570 | lr=2.32e-04 | wd=0.0067 | mom=0.9500 | T=13.0 k=4.0 (mu_rec=8 mu_bwd=4) | grad=0.949 | tok/s=22,318 | tokens=4.67B
step=142430 | loss=3.1954 | lr=2.32e-04 | wd=0.0067 | mom=0.9500 | T=7.0 k=4.0 (mu_rec=8 mu_bwd=4) | grad=1.299 | tok/s=23,517 | tokens=4.67B
step=142440 | loss=3.3568 | lr=2.32e-04 | wd=0.0067 | mom=0.9500 | T=5.2 k=3.5 (mu_rec=8 mu_bwd=4) | grad=0.999 | tok/s=24,046 | tokens=4.67B
step=142450 | loss=3.3150 | lr=2.32e-04 | wd=0.0066 | mom=0.9500 | T=11.0 k=3.5 (mu_rec=8 mu_bwd=4) | grad=1.271 | tok/s=23,465 | tokens=4.67B
step=142460 | loss=3.2333 | lr=2.31e-04 | wd=0.0066 | mom=0.9500 | T=10.8 k=4.0 (mu_rec=8 mu_bwd=4) | grad=1.321 | tok/s=24,651 | tokens=4.67B
step=142470 | loss=3.0917 | lr=2.31e-04 | wd=0.0066 | mom=0.9500 | T=7.0 k=4.0 (mu_rec=8 mu_bwd=4) | grad=1.108 | tok/s=22,941 | tokens=4.67B
step=142480 | loss=2.8494 | lr=2.31e-04 | wd=0.0066 | mom=0.9500 | T=6.8 k=4.0 (mu_rec=8 mu_bwd=4) | grad=1.011 | tok/s=22,403 | tokens=4.67B
step=142490 | loss=2.9403 | lr=2.31e-04 | wd=0.0066 | mom=0.9500 | T=8.5 k=4.0 (mu_rec=8 mu_bwd=4) | grad=1.042 | tok/s=22,785 | tokens=4.67B
step=142500 | loss=2.9564 | lr=2.30e-04 | wd=0.0066 | mom=0.9500 | T=9.0 k=4.0 (mu_rec=8 mu_bwd=4) | grad=0.849 | tok/s=23,282 | tokens=4.67B
step=142510 | loss=2.9923 | lr=2.30e-04 | wd=0.0066 | mom=0.9500 | T=6.0 k=3.0 (mu_rec=8 mu_bwd=4) | grad=0.974 | tok/s=24,112 | tokens=4.67B
step=142520 | loss=2.9930 | lr=2.30e-04 | wd=0.0066 | mom=0.9500 | T=9.8 k=4.0 (mu_rec=8 mu_bwd=4) | grad=0.890 | tok/s=23,211 | tokens=4.67B
step=142530 | loss=3.0578 | lr=2.30e-04 | wd=0.0066 | mom=0.9500 | T=7.8 k=4.0 (mu_rec=8 mu_bwd=4) | grad=0.769 | tok/s=23,775 | tokens=4.67B
step=142540 | loss=2.4796 | lr=2.29e-04 | wd=0.0066 | mom=0.9500 | T=7.0 k=4.0 (mu_rec=8 mu_bwd=4) | grad=1.481 | tok/s=24,596 | tokens=4.67B
step=142550 | loss=3.1365 | lr=2.29e-04 | wd=0.0066 | mom=0.9500 | T=6.0 k=3.5 (mu_rec=8 mu_bwd=4) | grad=0.974 | tok/s=22,513 | tokens=4.67B
step=142560 | loss=2.8716 | lr=2.29e-04 | wd=0.0066 | mom=0.9500 | T=6.0 k=4.0 (mu_rec=8 mu_bwd=4) | grad=1.029 | tok/s=23,177 | tokens=4.67B
step=142570 | loss=3.2557 | lr=2.29e-04 | wd=0.0066 | mom=0.9500 | T=10.5 k=4.0 (mu_rec=8 mu_bwd=4) | grad=0.739 | tok/s=21,648 | tokens=4.67B
step=142580 | loss=3.2685 | lr=2.29e-04 | wd=0.0066 | mom=0.9500 | T=10.2 k=3.5 (mu_rec=8 mu_bwd=4) | grad=0.868 | tok/s=22,929 | tokens=4.67B
step=142590 | loss=3.2302 | lr=2.28e-04 | wd=0.0066 | mom=0.9500 | T=6.2 k=3.8 (mu_rec=8 mu_bwd=4) | grad=5.227 | tok/s=24,562 | tokens=4.67B
step=142600 | loss=2.9634 | lr=2.28e-04 | wd=0.0065 | mom=0.9500 | T=6.5 k=3.2 (mu_rec=8 mu_bwd=4) | grad=1.452 | tok/s=23,953 | tokens=4.67B
step=142610 | loss=3.2652 | lr=2.28e-04 | wd=0.0065 | mom=0.9500 | T=7.2 k=4.0 (mu_rec=8 mu_bwd=4) | grad=0.833 | tok/s=23,682 | tokens=4.67B
step=142620 | loss=3.0530 | lr=2.28e-04 | wd=0.0065 | mom=0.9500 | T=6.8 k=3.8 (mu_rec=8 mu_bwd=4) | grad=0.925 | tok/s=22,539 | tokens=4.67B
step=142630 | loss=3.1404 | lr=2.27e-04 | wd=0.0065 | mom=0.9500 | T=10.8 k=4.0 (mu_rec=8 mu_bwd=4) | grad=0.752 | tok/s=23,204 | tokens=4.67B
step=142640 | loss=3.1735 | lr=2.27e-04 | wd=0.0065 | mom=0.9500 | T=6.5 k=3.5 (mu_rec=8 mu_bwd=4) | grad=1.870 | tok/s=9,354 | tokens=4.67B
step=142650 | loss=3.4054 | lr=2.27e-04 | wd=0.0065 | mom=0.9500 | T=7.8 k=3.5 (mu_rec=8 mu_bwd=4) | grad=1.016 | tok/s=23,285 | tokens=4.67B
step=142660 | loss=3.1290 | lr=2.27e-04 | wd=0.0065 | mom=0.9500 | T=5.5 k=3.2 (mu_rec=8 mu_bwd=4) | grad=1.131 | tok/s=24,244 | tokens=4.67B
step=142670 | loss=2.6805 | lr=2.26e-04 | wd=0.0065 | mom=0.9500 | T=7.8 k=4.0 (mu_rec=8 mu_bwd=4) | grad=0.860 | tok/s=25,273 | tokens=4.68B
step=142680 | loss=3.2895 | lr=2.26e-04 | wd=0.0065 | mom=0.9500 | T=14.0 k=4.0 (mu_rec=8 mu_bwd=4) | grad=1.330 | tok/s=21,736 | tokens=4.68B
step=142690 | loss=2.8899 | lr=2.26e-04 | wd=0.0065 | mom=0.9500 | T=4.5 k=4.0 (mu_rec=8 mu_bwd=4) | grad=0.736 | tok/s=24,202 | tokens=4.68B
step=142700 | loss=3.3220 | lr=2.26e-04 | wd=0.0065 | mom=0.9500 | T=6.0 k=4.0 (mu_rec=8 mu_bwd=4) | grad=1.676 | tok/s=25,571 | tokens=4.68B
step=142710 | loss=3.2823 | lr=2.25e-04 | wd=0.0065 | mom=0.9500 | T=12.0 k=3.5 (mu_rec=8 mu_bwd=4) | grad=1.343 | tok/s=23,903 | tokens=4.68B
step=142720 | loss=3.0482 | lr=2.25e-04 | wd=0.0065 | mom=0.9500 | T=8.5 k=4.0 (mu_rec=8 mu_bwd=4) | grad=1.288 | tok/s=24,138 | tokens=4.68B
step=142730 | loss=3.2494 | lr=2.25e-04 | wd=0.0065 | mom=0.9500 | T=7.0 k=3.5 (mu_rec=8 mu_bwd=4) | grad=1.042 | tok/s=23,774 | tokens=4.68B
step=142740 | loss=3.0264 | lr=2.25e-04 | wd=0.0065 | mom=0.9500 | T=7.5 k=3.5 (mu_rec=8 mu_bwd=4) | grad=0.817 | tok/s=23,075 | tokens=4.68B
step=142750 | loss=3.3099 | lr=2.24e-04 | wd=0.0064 | mom=0.9500 | T=4.2 k=3.2 (mu_rec=8 mu_bwd=4) | grad=1.625 | tok/s=26,056 | tokens=4.68B
step=142760 | loss=2.9598 | lr=2.24e-04 | wd=0.0064 | mom=0.9500 | T=13.5 k=4.0 (mu_rec=8 mu_bwd=4) | grad=1.206 | tok/s=23,437 | tokens=4.68B
step=142770 | loss=2.9984 | lr=2.24e-04 | wd=0.0064 | mom=0.9500 | T=5.5 k=4.0 (mu_rec=8 mu_bwd=4) | grad=1.066 | tok/s=23,901 | tokens=4.68B
step=142780 | loss=3.1729 | lr=2.24e-04 | wd=0.0064 | mom=0.9500 | T=11.8 k=4.0 (mu_rec=8 mu_bwd=4) | grad=0.913 | tok/s=23,165 | tokens=4.68B
step=142790 | loss=3.1063 | lr=2.23e-04 | wd=0.0064 | mom=0.9500 | T=7.0 k=4.0 (mu_rec=8 mu_bwd=4) | grad=1.260 | tok/s=23,675 | tokens=4.68B
step=142800 | loss=2.7548 | lr=2.23e-04 | wd=0.0064 | mom=0.9500 | T=3.8 k=3.0 (mu_rec=8 mu_bwd=4) | grad=1.310 | tok/s=23,349 | tokens=4.68B
step=142810 | loss=3.0506 | lr=2.23e-04 | wd=0.0064 | mom=0.9500 | T=9.8 k=4.0 (mu_rec=8 mu_bwd=4) | grad=0.801 | tok/s=23,370 | tokens=4.68B
step=142820 | loss=4.1494 | lr=2.23e-04 | wd=0.0064 | mom=0.9500 | T=7.0 k=3.5 (mu_rec=8 mu_bwd=4) | grad=2.805 | tok/s=24,741 | tokens=4.68B
step=142830 | loss=3.0982 | lr=2.22e-04 | wd=0.0064 | mom=0.9500 | T=9.8 k=4.0 (mu_rec=8 mu_bwd=4) | grad=0.781 | tok/s=25,212 | tokens=4.68B
step=142840 | loss=2.9347 | lr=2.22e-04 | wd=0.0064 | mom=0.9500 | T=8.0 k=4.0 (mu_rec=8 mu_bwd=4) | grad=1.406 | tok/s=24,905 | tokens=4.68B
step=142850 | loss=2.8129 | lr=2.22e-04 | wd=0.0064 | mom=0.9500 | T=10.0 k=4.0 (mu_rec=8 mu_bwd=4) | grad=1.001 | tok/s=22,650 | tokens=4.68B
step=142860 | loss=2.9835 | lr=2.22e-04 | wd=0.0064 | mom=0.9500 | T=9.2 k=4.0 (mu_rec=8 mu_bwd=4) | grad=1.042 | tok/s=22,926 | tokens=4.68B
step=142870 | loss=3.0642 | lr=2.21e-04 | wd=0.0064 | mom=0.9500 | T=13.8 k=4.0 (mu_rec=8 mu_bwd=4) | grad=1.004 | tok/s=23,605 | tokens=4.68B
step=142880 | loss=3.1380 | lr=2.21e-04 | wd=0.0064 | mom=0.9500 | T=9.0 k=3.8 (mu_rec=8 mu_bwd=4) | grad=0.855 | tok/s=23,389 | tokens=4.68B
step=142890 | loss=2.9973 | lr=2.21e-04 | wd=0.0064 | mom=0.9500 | T=5.8 k=3.0 (mu_rec=8 mu_bwd=4) | grad=1.113 | tok/s=24,163 | tokens=4.68B
step=142900 | loss=3.2133 | lr=2.21e-04 | wd=0.0063 | mom=0.9500 | T=7.5 k=4.0 (mu_rec=8 mu_bwd=4) | grad=0.993 | tok/s=23,106 | tokens=4.68B
step=142910 | loss=3.2485 | lr=2.20e-04 | wd=0.0063 | mom=0.9500 | T=7.2 k=3.8 (mu_rec=8 mu_bwd=4) | grad=1.112 | tok/s=24,589 | tokens=4.68B
step=142920 | loss=3.1066 | lr=2.20e-04 | wd=0.0063 | mom=0.9500 | T=10.2 k=4.0 (mu_rec=8 mu_bwd=4) | grad=0.858 | tok/s=25,297 | tokens=4.68B
step=142930 | loss=3.2030 | lr=2.20e-04 | wd=0.0063 | mom=0.9500 | T=8.0 k=3.8 (mu_rec=8 mu_bwd=4) | grad=1.709 | tok/s=23,389 | tokens=4.68B
step=142940 | loss=3.4025 | lr=2.20e-04 | wd=0.0063 | mom=0.9500 | T=6.2 k=3.8 (mu_rec=8 mu_bwd=4) | grad=0.974 | tok/s=24,475 | tokens=4.68B
step=142950 | loss=2.8996 | lr=2.19e-04 | wd=0.0063 | mom=0.9500 | T=8.8 k=4.0 (mu_rec=8 mu_bwd=4) | grad=0.852 | tok/s=22,387 | tokens=4.68B
step=142960 | loss=3.2496 | lr=2.19e-04 | wd=0.0063 | mom=0.9500 | T=7.0 k=4.0 (mu_rec=8 mu_bwd=4) | grad=0.960 | tok/s=24,692 | tokens=4.68B
step=142970 | loss=3.1791 | lr=2.19e-04 | wd=0.0063 | mom=0.9500 | T=3.0 k=2.5 (mu_rec=8 mu_bwd=4) | grad=1.372 | tok/s=23,323 | tokens=4.68B
step=142980 | loss=3.1753 | lr=2.18e-04 | wd=0.0063 | mom=0.9500 | T=5.8 k=3.2 (mu_rec=8 mu_bwd=4) | grad=0.944 | tok/s=25,791 | tokens=4.69B
step=142990 | loss=3.1614 | lr=2.18e-04 | wd=0.0063 | mom=0.9500 | T=6.5 k=3.2 (mu_rec=8 mu_bwd=4) | grad=0.934 | tok/s=24,475 | tokens=4.69B
step=143000 | loss=3.0158 | lr=2.18e-04 | wd=0.0063 | mom=0.9500 | T=8.0 k=3.2 (mu_rec=8 mu_bwd=4) | grad=1.060 | tok/s=23,875 | tokens=4.69B
step=143010 | loss=2.9114 | lr=2.18e-04 | wd=0.0063 | mom=0.9500 | T=9.8 k=4.0 (mu_rec=8 mu_bwd=4) | grad=0.851 | tok/s=22,393 | tokens=4.69B
step=143020 | loss=2.8625 | lr=2.17e-04 | wd=0.0063 | mom=0.9500 | T=5.2 k=3.5 (mu_rec=8 mu_bwd=4) | grad=0.931 | tok/s=22,835 | tokens=4.69B
step=143030 | loss=3.1834 | lr=2.17e-04 | wd=0.0063 | mom=0.9500 | T=5.5 k=3.2 (mu_rec=8 mu_bwd=4) | grad=0.839 | tok/s=22,635 | tokens=4.69B
step=143040 | loss=2.9547 | lr=2.17e-04 | wd=0.0063 | mom=0.9500 | T=10.5 k=4.0 (mu_rec=8 mu_bwd=4) | grad=0.719 | tok/s=23,383 | tokens=4.69B
step=143050 | loss=3.1626 | lr=2.17e-04 | wd=0.0063 | mom=0.9500 | T=6.2 k=3.0 (mu_rec=8 mu_bwd=4) | grad=0.804 | tok/s=23,508 | tokens=4.69B
step=143060 | loss=2.8763 | lr=2.16e-04 | wd=0.0062 | mom=0.9500 | T=8.0 k=3.5 (mu_rec=8 mu_bwd=4) | grad=0.897 | tok/s=24,841 | tokens=4.69B
step=143070 | loss=2.8323 | lr=2.16e-04 | wd=0.0062 | mom=0.9500 | T=5.8 k=3.5 (mu_rec=8 mu_bwd=4) | grad=1.027 | tok/s=10,691 | tokens=4.69B
step=143080 | loss=2.6747 | lr=2.16e-04 | wd=0.0062 | mom=0.9500 | T=7.2 k=4.0 (mu_rec=8 mu_bwd=4) | grad=0.833 | tok/s=24,130 | tokens=4.69B
step=143090 | loss=3.2040 | lr=2.16e-04 | wd=0.0062 | mom=0.9500 | T=7.0 k=4.0 (mu_rec=8 mu_bwd=4) | grad=0.858 | tok/s=23,775 | tokens=4.69B
step=143100 | loss=3.1412 | lr=2.15e-04 | wd=0.0062 | mom=0.9500 | T=8.2 k=3.8 (mu_rec=8 mu_bwd=4) | grad=1.022 | tok/s=23,488 | tokens=4.69B
step=143110 | loss=3.0456 | lr=2.15e-04 | wd=0.0062 | mom=0.9500 | T=8.0 k=3.8 (mu_rec=8 mu_bwd=4) | grad=0.962 | tok/s=24,263 | tokens=4.69B
step=143120 | loss=2.9027 | lr=2.15e-04 | wd=0.0062 | mom=0.9500 | T=11.2 k=4.0 (mu_rec=8 mu_bwd=4) | grad=0.774 | tok/s=22,785 | tokens=4.69B
step=143130 | loss=3.4008 | lr=2.15e-04 | wd=0.0062 | mom=0.9500 | T=6.8 k=3.8 (mu_rec=8 mu_bwd=4) | grad=1.185 | tok/s=25,161 | tokens=4.69B
step=143140 | loss=3.3665 | lr=2.14e-04 | wd=0.0062 | mom=0.9500 | T=8.8 k=3.8 (mu_rec=8 mu_bwd=4) | grad=1.287 | tok/s=23,422 | tokens=4.69B
step=143150 | loss=3.1141 | lr=2.14e-04 | wd=0.0062 | mom=0.9500 | T=11.0 k=4.0 (mu_rec=8 mu_bwd=4) | grad=1.581 | tok/s=23,794 | tokens=4.69B
step=143160 | loss=2.9948 | lr=2.14e-04 | wd=0.0062 | mom=0.9500 | T=10.5 k=3.8 (mu_rec=8 mu_bwd=4) | grad=2.655 | tok/s=24,670 | tokens=4.69B
step=143170 | loss=3.0423 | lr=2.14e-04 | wd=0.0062 | mom=0.9500 | T=7.5 k=3.5 (mu_rec=8 mu_bwd=4) | grad=0.817 | tok/s=24,272 | tokens=4.69B
step=143180 | loss=3.1097 | lr=2.13e-04 | wd=0.0062 | mom=0.9500 | T=7.5 k=4.0 (mu_rec=8 mu_bwd=4) | grad=0.750 | tok/s=23,184 | tokens=4.69B
step=143190 | loss=3.3541 | lr=2.13e-04 | wd=0.0062 | mom=0.9500 | T=7.8 k=4.0 (mu_rec=8 mu_bwd=4) | grad=0.792 | tok/s=24,131 | tokens=4.69B
step=143200 | loss=3.6744 | lr=2.13e-04 | wd=0.0062 | mom=0.9500 | T=6.8 k=3.8 (mu_rec=8 mu_bwd=4) | grad=1.118 | tok/s=23,837 | tokens=4.69B
step=143210 | loss=3.2510 | lr=2.13e-04 | wd=0.0061 | mom=0.9500 | T=6.0 k=3.8 (mu_rec=8 mu_bwd=4) | grad=1.240 | tok/s=23,932 | tokens=4.69B
step=143220 | loss=3.2077 | lr=2.12e-04 | wd=0.0061 | mom=0.9500 | T=10.8 k=4.0 (mu_rec=8 mu_bwd=4) | grad=0.912 | tok/s=23,747 | tokens=4.69B
step=143230 | loss=3.1009 | lr=2.12e-04 | wd=0.0061 | mom=0.9500 | T=9.8 k=4.0 (mu_rec=8 mu_bwd=4) | grad=0.829 | tok/s=22,404 | tokens=4.69B
step=143240 | loss=2.6677 | lr=2.12e-04 | wd=0.0061 | mom=0.9500 | T=6.5 k=3.2 (mu_rec=8 mu_bwd=4) | grad=0.869 | tok/s=24,007 | tokens=4.69B
step=143250 | loss=2.6083 | lr=2.12e-04 | wd=0.0061 | mom=0.9500 | T=7.0 k=4.0 (mu_rec=8 mu_bwd=4) | grad=0.894 | tok/s=22,359 | tokens=4.69B
step=143260 | loss=2.8459 | lr=2.11e-04 | wd=0.0061 | mom=0.9500 | T=5.5 k=3.8 (mu_rec=8 mu_bwd=4) | grad=2.140 | tok/s=24,995 | tokens=4.69B
step=143270 | loss=3.1041 | lr=2.11e-04 | wd=0.0061 | mom=0.9500 | T=7.8 k=4.0 (mu_rec=8 mu_bwd=4) | grad=0.833 | tok/s=22,343 | tokens=4.69B
step=143280 | loss=2.9281 | lr=2.11e-04 | wd=0.0061 | mom=0.9500 | T=5.0 k=3.2 (mu_rec=8 mu_bwd=4) | grad=0.910 | tok/s=23,415 | tokens=4.69B
step=143290 | loss=3.1437 | lr=2.10e-04 | wd=0.0061 | mom=0.9500 | T=8.2 k=4.0 (mu_rec=8 mu_bwd=4) | grad=0.795 | tok/s=24,141 | tokens=4.70B
step=143300 | loss=3.2136 | lr=2.10e-04 | wd=0.0061 | mom=0.9500 | T=7.2 k=4.0 (mu_rec=8 mu_bwd=4) | grad=0.938 | tok/s=23,447 | tokens=4.70B
step=143310 | loss=3.0311 | lr=2.10e-04 | wd=0.0061 | mom=0.9500 | T=10.2 k=4.0 (mu_rec=8 mu_bwd=4) | grad=1.025 | tok/s=24,875 | tokens=4.70B
step=143320 | loss=2.7905 | lr=2.10e-04 | wd=0.0061 | mom=0.9500 | T=6.0 k=4.0 (mu_rec=8 mu_bwd=4) | grad=0.787 | tok/s=24,582 | tokens=4.70B
step=143330 | loss=2.7580 | lr=2.09e-04 | wd=0.0061 | mom=0.9500 | T=7.5 k=3.2 (mu_rec=8 mu_bwd=4) | grad=1.080 | tok/s=24,967 | tokens=4.70B
step=143340 | loss=2.9045 | lr=2.09e-04 | wd=0.0061 | mom=0.9500 | T=8.8 k=3.5 (mu_rec=8 mu_bwd=4) | grad=1.636 | tok/s=24,412 | tokens=4.70B
step=143350 | loss=3.2283 | lr=2.09e-04 | wd=0.0061 | mom=0.9500 | T=4.5 k=3.5 (mu_rec=8 mu_bwd=4) | grad=1.906 | tok/s=22,746 | tokens=4.70B
step=143360 | loss=3.0155 | lr=2.09e-04 | wd=0.0060 | mom=0.9500 | T=7.0 k=4.0 (mu_rec=8 mu_bwd=4) | grad=1.168 | tok/s=23,488 | tokens=4.70B
step=143370 | loss=2.7208 | lr=2.08e-04 | wd=0.0060 | mom=0.9500 | T=14.2 k=4.0 (mu_rec=8 mu_bwd=4) | grad=1.380 | tok/s=22,791 | tokens=4.70B
step=143380 | loss=3.3458 | lr=2.08e-04 | wd=0.0060 | mom=0.9500 | T=7.2 k=3.8 (mu_rec=8 mu_bwd=4) | grad=0.897 | tok/s=23,908 | tokens=4.70B
step=143390 | loss=3.1397 | lr=2.08e-04 | wd=0.0060 | mom=0.9500 | T=16.0 k=4.0 (mu_rec=8 mu_bwd=4) | grad=0.866 | tok/s=22,192 | tokens=4.70B
step=143400 | loss=2.9600 | lr=2.08e-04 | wd=0.0060 | mom=0.9500 | T=5.5 k=3.8 (mu_rec=8 mu_bwd=4) | grad=0.831 | tok/s=24,183 | tokens=4.70B
step=143410 | loss=3.1522 | lr=2.07e-04 | wd=0.0060 | mom=0.9500 | T=6.8 k=3.8 (mu_rec=8 mu_bwd=4) | grad=0.880 | tok/s=22,486 | tokens=4.70B
step=143420 | loss=2.9809 | lr=2.07e-04 | wd=0.0060 | mom=0.9500 | T=6.8 k=3.5 (mu_rec=8 mu_bwd=4) | grad=0.832 | tok/s=26,514 | tokens=4.70B
step=143430 | loss=2.8139 | lr=2.07e-04 | wd=0.0060 | mom=0.9500 | T=6.5 k=4.0 (mu_rec=8 mu_bwd=4) | grad=0.776 | tok/s=22,282 | tokens=4.70B
step=143440 | loss=2.8480 | lr=2.07e-04 | wd=0.0060 | mom=0.9500 | T=6.5 k=3.8 (mu_rec=8 mu_bwd=4) | grad=0.814 | tok/s=24,164 | tokens=4.70B
step=143450 | loss=2.8760 | lr=2.06e-04 | wd=0.0060 | mom=0.9500 | T=7.5 k=4.0 (mu_rec=8 mu_bwd=4) | grad=0.992 | tok/s=24,031 | tokens=4.70B
step=143460 | loss=2.9688 | lr=2.06e-04 | wd=0.0060 | mom=0.9500 | T=6.2 k=3.2 (mu_rec=8 mu_bwd=4) | grad=1.003 | tok/s=25,147 | tokens=4.70B
step=143470 | loss=3.2325 | lr=2.06e-04 | wd=0.0060 | mom=0.9500 | T=9.0 k=4.0 (mu_rec=8 mu_bwd=4) | grad=1.079 | tok/s=22,355 | tokens=4.70B
step=143480 | loss=2.8365 | lr=2.05e-04 | wd=0.0060 | mom=0.9500 | T=4.8 k=4.0 (mu_rec=8 mu_bwd=4) | grad=1.133 | tok/s=23,993 | tokens=4.70B
step=143490 | loss=2.9347 | lr=2.05e-04 | wd=0.0060 | mom=0.9500 | T=11.8 k=4.0 (mu_rec=8 mu_bwd=4) | grad=1.677 | tok/s=24,484 | tokens=4.70B
step=143500 | loss=2.9346 | lr=2.05e-04 | wd=0.0060 | mom=0.9500 | T=9.0 k=4.0 (mu_rec=8 mu_bwd=4) | grad=0.799 | tok/s=9,843 | tokens=4.70B
step=143510 | loss=3.1501 | lr=2.05e-04 | wd=0.0059 | mom=0.9500 | T=9.2 k=3.5 (mu_rec=8 mu_bwd=4) | grad=1.271 | tok/s=24,376 | tokens=4.70B
step=143520 | loss=3.0096 | lr=2.04e-04 | wd=0.0059 | mom=0.9500 | T=4.0 k=3.0 (mu_rec=8 mu_bwd=4) | grad=0.938 | tok/s=24,194 | tokens=4.70B
step=143530 | loss=2.8204 | lr=2.04e-04 | wd=0.0059 | mom=0.9500 | T=9.0 k=3.5 (mu_rec=8 mu_bwd=4) | grad=1.205 | tok/s=25,466 | tokens=4.70B
step=143540 | loss=2.6889 | lr=2.04e-04 | wd=0.0059 | mom=0.9500 | T=2.5 k=2.5 (mu_rec=8 mu_bwd=4) | grad=2.217 | tok/s=24,762 | tokens=4.70B
step=143550 | loss=3.0205 | lr=2.04e-04 | wd=0.0059 | mom=0.9500 | T=8.5 k=4.0 (mu_rec=8 mu_bwd=4) | grad=0.952 | tok/s=24,217 | tokens=4.70B
step=143560 | loss=3.3194 | lr=2.03e-04 | wd=0.0059 | mom=0.9500 | T=9.2 k=4.0 (mu_rec=8 mu_bwd=4) | grad=1.119 | tok/s=23,506 | tokens=4.70B
step=143570 | loss=2.9132 | lr=2.03e-04 | wd=0.0059 | mom=0.9500 | T=8.0 k=4.0 (mu_rec=8 mu_bwd=4) | grad=1.581 | tok/s=22,267 | tokens=4.70B
step=143580 | loss=3.0627 | lr=2.03e-04 | wd=0.0059 | mom=0.9500 | T=10.2 k=3.8 (mu_rec=8 mu_bwd=4) | grad=1.804 | tok/s=23,345 | tokens=4.70B
step=143590 | loss=3.3756 | lr=2.03e-04 | wd=0.0059 | mom=0.9500 | T=7.0 k=3.2 (mu_rec=8 mu_bwd=4) | grad=1.932 | tok/s=23,931 | tokens=4.71B
step=143600 | loss=3.0117 | lr=2.02e-04 | wd=0.0059 | mom=0.9500 | T=16.2 k=4.0 (mu_rec=8 mu_bwd=4) | grad=0.764 | tok/s=24,360 | tokens=4.71B
step=143610 | loss=2.7578 | lr=2.02e-04 | wd=0.0059 | mom=0.9500 | T=6.2 k=4.0 (mu_rec=8 mu_bwd=4) | grad=0.947 | tok/s=25,305 | tokens=4.71B
step=143620 | loss=3.1664 | lr=2.02e-04 | wd=0.0059 | mom=0.9500 | T=4.2 k=3.2 (mu_rec=8 mu_bwd=4) | grad=0.799 | tok/s=25,918 | tokens=4.71B
step=143630 | loss=3.1427 | lr=2.01e-04 | wd=0.0059 | mom=0.9500 | T=6.8 k=3.5 (mu_rec=8 mu_bwd=4) | grad=1.228 | tok/s=24,873 | tokens=4.71B
step=143640 | loss=3.1927 | lr=2.01e-04 | wd=0.0059 | mom=0.9500 | T=9.0 k=4.0 (mu_rec=8 mu_bwd=4) | grad=1.007 | tok/s=24,356 | tokens=4.71B
step=143650 | loss=2.7971 | lr=2.01e-04 | wd=0.0059 | mom=0.9500 | T=7.5 k=3.2 (mu_rec=8 mu_bwd=4) | grad=1.112 | tok/s=24,208 | tokens=4.71B
step=143660 | loss=3.0530 | lr=2.01e-04 | wd=0.0059 | mom=0.9500 | T=8.5 k=4.0 (mu_rec=8 mu_bwd=4) | grad=1.547 | tok/s=22,289 | tokens=4.71B
step=143670 | loss=3.1199 | lr=2.00e-04 | wd=0.0058 | mom=0.9500 | T=6.8 k=4.0 (mu_rec=8 mu_bwd=4) | grad=0.931 | tok/s=23,612 | tokens=4.71B
step=143680 | loss=3.0528 | lr=2.00e-04 | wd=0.0058 | mom=0.9500 | T=7.8 k=4.0 (mu_rec=8 mu_bwd=4) | grad=0.832 | tok/s=26,094 | tokens=4.71B
step=143690 | loss=3.0194 | lr=2.00e-04 | wd=0.0058 | mom=0.9500 | T=9.5 k=4.0 (mu_rec=8 mu_bwd=4) | grad=0.876 | tok/s=22,778 | tokens=4.71B
step=143700 | loss=2.8934 | lr=2.00e-04 | wd=0.0058 | mom=0.9500 | T=12.5 k=3.2 (mu_rec=8 mu_bwd=4) | grad=1.034 | tok/s=23,838 | tokens=4.71B
step=143710 | loss=2.9454 | lr=1.99e-04 | wd=0.0058 | mom=0.9500 | T=11.5 k=4.0 (mu_rec=8 mu_bwd=4) | grad=0.833 | tok/s=23,615 | tokens=4.71B
step=143720 | loss=3.1926 | lr=1.99e-04 | wd=0.0058 | mom=0.9500 | T=8.8 k=4.0 (mu_rec=8 mu_bwd=4) | grad=1.354 | tok/s=23,696 | tokens=4.71B
step=143730 | loss=3.1548 | lr=1.99e-04 | wd=0.0058 | mom=0.9500 | T=8.0 k=3.5 (mu_rec=8 mu_bwd=4) | grad=1.740 | tok/s=21,996 | tokens=4.71B
step=143740 | loss=2.8406 | lr=1.99e-04 | wd=0.0058 | mom=0.9500 | T=7.8 k=4.0 (mu_rec=8 mu_bwd=4) | grad=0.808 | tok/s=25,198 | tokens=4.71B
step=143750 | loss=3.0417 | lr=1.98e-04 | wd=0.0058 | mom=0.9500 | T=5.5 k=3.8 (mu_rec=8 mu_bwd=4) | grad=0.799 | tok/s=23,310 | tokens=4.71B
step=143760 | loss=3.1308 | lr=1.98e-04 | wd=0.0058 | mom=0.9500 | T=7.0 k=3.8 (mu_rec=8 mu_bwd=4) | grad=1.184 | tok/s=23,838 | tokens=4.71B
step=143770 | loss=2.8962 | lr=1.98e-04 | wd=0.0058 | mom=0.9500 | T=14.0 k=3.8 (mu_rec=8 mu_bwd=4) | grad=1.013 | tok/s=23,311 | tokens=4.71B
step=143780 | loss=2.7545 | lr=1.97e-04 | wd=0.0058 | mom=0.9500 | T=9.0 k=3.5 (mu_rec=8 mu_bwd=4) | grad=1.181 | tok/s=23,115 | tokens=4.71B
step=143790 | loss=3.1037 | lr=1.97e-04 | wd=0.0058 | mom=0.9500 | T=11.0 k=4.0 (mu_rec=8 mu_bwd=4) | grad=0.812 | tok/s=22,404 | tokens=4.71B
step=143800 | loss=3.0852 | lr=1.97e-04 | wd=0.0058 | mom=0.9500 | T=6.5 k=4.0 (mu_rec=8 mu_bwd=4) | grad=1.097 | tok/s=24,790 | tokens=4.71B
step=143810 | loss=3.0608 | lr=1.97e-04 | wd=0.0058 | mom=0.9500 | T=3.2 k=2.5 (mu_rec=8 mu_bwd=4) | grad=1.040 | tok/s=23,880 | tokens=4.71B
step=143820 | loss=3.0681 | lr=1.96e-04 | wd=0.0057 | mom=0.9500 | T=8.8 k=3.8 (mu_rec=8 mu_bwd=4) | grad=0.867 | tok/s=25,166 | tokens=4.71B
step=143830 | loss=2.8894 | lr=1.96e-04 | wd=0.0057 | mom=0.9500 | T=10.8 k=4.0 (mu_rec=8 mu_bwd=4) | grad=0.924 | tok/s=22,793 | tokens=4.71B
step=143840 | loss=3.2482 | lr=1.96e-04 | wd=0.0057 | mom=0.9500 | T=6.2 k=4.0 (mu_rec=8 mu_bwd=4) | grad=1.369 | tok/s=23,392 | tokens=4.71B
step=143850 | loss=2.9467 | lr=1.96e-04 | wd=0.0057 | mom=0.9500 | T=6.8 k=4.0 (mu_rec=8 mu_bwd=4) | grad=1.196 | tok/s=21,960 | tokens=4.71B
step=143860 | loss=3.1994 | lr=1.95e-04 | wd=0.0057 | mom=0.9500 | T=10.5 k=3.8 (mu_rec=8 mu_bwd=4) | grad=1.494 | tok/s=22,835 | tokens=4.71B
step=143870 | loss=3.6515 | lr=1.95e-04 | wd=0.0057 | mom=0.9500 | T=14.5 k=4.0 (mu_rec=8 mu_bwd=4) | grad=1.635 | tok/s=23,874 | tokens=4.71B
step=143880 | loss=3.9093 | lr=1.95e-04 | wd=0.0057 | mom=0.9500 | T=7.2 k=4.0 (mu_rec=8 mu_bwd=4) | grad=0.900 | tok/s=24,328 | tokens=4.71B
step=143890 | loss=2.9558 | lr=1.94e-04 | wd=0.0057 | mom=0.9500 | T=7.8 k=3.5 (mu_rec=8 mu_bwd=4) | grad=0.914 | tok/s=23,473 | tokens=4.71B
step=143900 | loss=3.0667 | lr=1.94e-04 | wd=0.0057 | mom=0.9500 | T=6.2 k=3.8 (mu_rec=8 mu_bwd=4) | grad=0.810 | tok/s=23,696 | tokens=4.72B
step=143910 | loss=3.0312 | lr=1.94e-04 | wd=0.0057 | mom=0.9500 | T=8.0 k=4.0 (mu_rec=8 mu_bwd=4) | grad=1.124 | tok/s=22,809 | tokens=4.72B
step=143920 | loss=3.2213 | lr=1.94e-04 | wd=0.0057 | mom=0.9500 | T=12.5 k=4.0 (mu_rec=8 mu_bwd=4) | grad=0.792 | tok/s=10,754 | tokens=4.72B
step=143930 | loss=3.1924 | lr=1.93e-04 | wd=0.0057 | mom=0.9500 | T=7.2 k=4.0 (mu_rec=8 mu_bwd=4) | grad=1.061 | tok/s=22,297 | tokens=4.72B
step=143940 | loss=3.1130 | lr=1.93e-04 | wd=0.0057 | mom=0.9500 | T=7.2 k=4.0 (mu_rec=8 mu_bwd=4) | grad=1.427 | tok/s=24,431 | tokens=4.72B
step=143950 | loss=2.8202 | lr=1.93e-04 | wd=0.0057 | mom=0.9500 | T=6.8 k=4.0 (mu_rec=8 mu_bwd=4) | grad=1.000 | tok/s=22,849 | tokens=4.72B
step=143960 | loss=2.9729 | lr=1.93e-04 | wd=0.0057 | mom=0.9500 | T=8.8 k=3.2 (mu_rec=8 mu_bwd=4) | grad=1.283 | tok/s=23,146 | tokens=4.72B
step=143970 | loss=2.9130 | lr=1.92e-04 | wd=0.0056 | mom=0.9500 | T=6.0 k=3.5 (mu_rec=8 mu_bwd=4) | grad=0.973 | tok/s=21,911 | tokens=4.72B
step=143980 | loss=3.0901 | lr=1.92e-04 | wd=0.0056 | mom=0.9500 | T=9.5 k=4.0 (mu_rec=8 mu_bwd=4) | grad=1.505 | tok/s=23,603 | tokens=4.72B
step=143990 | loss=2.8781 | lr=1.92e-04 | wd=0.0056 | mom=0.9500 | T=5.5 k=3.2 (mu_rec=8 mu_bwd=4) | grad=0.877 | tok/s=23,441 | tokens=4.72B
step=144000 | loss=2.6763 | lr=1.91e-04 | wd=0.0056 | mom=0.9500 | T=8.2 k=3.8 (mu_rec=8 mu_bwd=4) | grad=0.804 | tok/s=22,484 | tokens=4.72B
[step 144000] Saved -> runs/cortex-5b-k4/checkpoint_0144000
[step 144000] Pruned -> runs/cortex-5b-k4/checkpoint_0138000
step=144010 | loss=2.8332 | lr=1.91e-04 | wd=0.0056 | mom=0.9500 | T=4.0 k=3.2 (mu_rec=8 mu_bwd=4) | grad=0.978 | tok/s=21,654 | tokens=4.72B
step=144020 | loss=3.0386 | lr=1.91e-04 | wd=0.0056 | mom=0.9500 | T=7.0 k=3.5 (mu_rec=8 mu_bwd=4) | grad=1.742 | tok/s=26,159 | tokens=4.72B
step=144030 | loss=3.2883 | lr=1.91e-04 | wd=0.0056 | mom=0.9500 | T=8.2 k=4.0 (mu_rec=8 mu_bwd=4) | grad=0.978 | tok/s=23,984 | tokens=4.72B
step=144040 | loss=2.7714 | lr=1.90e-04 | wd=0.0056 | mom=0.9500 | T=12.8 k=4.0 (mu_rec=8 mu_bwd=4) | grad=0.969 | tok/s=23,733 | tokens=4.72B
step=144050 | loss=3.0345 | lr=1.90e-04 | wd=0.0056 | mom=0.9500 | T=7.8 k=4.0 (mu_rec=8 mu_bwd=4) | grad=1.308 | tok/s=23,769 | tokens=4.72B
step=144060 | loss=2.9554 | lr=1.90e-04 | wd=0.0056 | mom=0.9500 | T=4.5 k=3.5 (mu_rec=8 mu_bwd=4) | grad=0.901 | tok/s=25,615 | tokens=4.72B
step=144070 | loss=3.1339 | lr=1.90e-04 | wd=0.0056 | mom=0.9500 | T=6.5 k=3.5 (mu_rec=8 mu_bwd=4) | grad=1.974 | tok/s=23,484 | tokens=4.72B
step=144080 | loss=3.0889 | lr=1.89e-04 | wd=0.0056 | mom=0.9500 | T=10.0 k=3.8 (mu_rec=8 mu_bwd=4) | grad=0.970 | tok/s=23,332 | tokens=4.72B
step=144090 | loss=3.1662 | lr=1.89e-04 | wd=0.0056 | mom=0.9500 | T=9.2 k=4.0 (mu_rec=8 mu_bwd=4) | grad=1.010 | tok/s=24,495 | tokens=4.72B
step=144100 | loss=2.8154 | lr=1.89e-04 | wd=0.0056 | mom=0.9500 | T=5.2 k=3.0 (mu_rec=8 mu_bwd=4) | grad=0.839 | tok/s=24,184 | tokens=4.72B
step=144110 | loss=2.9665 | lr=1.88e-04 | wd=0.0056 | mom=0.9500 | T=6.2 k=3.5 (mu_rec=8 mu_bwd=4) | grad=1.008 | tok/s=22,535 | tokens=4.72B
step=144120 | loss=2.9924 | lr=1.88e-04 | wd=0.0055 | mom=0.9500 | T=11.5 k=4.0 (mu_rec=8 mu_bwd=4) | grad=1.033 | tok/s=22,769 | tokens=4.72B
step=144130 | loss=3.3799 | lr=1.88e-04 | wd=0.0055 | mom=0.9500 | T=8.5 k=4.0 (mu_rec=8 mu_bwd=4) | grad=1.501 | tok/s=24,790 | tokens=4.72B
step=144140 | loss=3.0760 | lr=1.88e-04 | wd=0.0055 | mom=0.9500 | T=3.5 k=3.2 (mu_rec=8 mu_bwd=4) | grad=0.870 | tok/s=24,429 | tokens=4.72B
step=144150 | loss=3.1927 | lr=1.87e-04 | wd=0.0055 | mom=0.9500 | T=11.5 k=4.0 (mu_rec=8 mu_bwd=4) | grad=1.073 | tok/s=23,394 | tokens=4.72B
step=144160 | loss=2.9586 | lr=1.87e-04 | wd=0.0055 | mom=0.9500 | T=6.0 k=3.8 (mu_rec=8 mu_bwd=4) | grad=1.096 | tok/s=23,957 | tokens=4.72B
step=144170 | loss=3.0717 | lr=1.87e-04 | wd=0.0055 | mom=0.9500 | T=8.0 k=3.5 (mu_rec=8 mu_bwd=4) | grad=1.016 | tok/s=24,554 | tokens=4.72B
step=144180 | loss=3.0510 | lr=1.87e-04 | wd=0.0055 | mom=0.9500 | T=7.2 k=4.0 (mu_rec=8 mu_bwd=4) | grad=5.325 | tok/s=24,572 | tokens=4.72B
step=144190 | loss=3.3373 | lr=1.86e-04 | wd=0.0055 | mom=0.9500 | T=10.5 k=3.5 (mu_rec=8 mu_bwd=4) | grad=2.534 | tok/s=22,438 | tokens=4.72B
step=144200 | loss=2.9945 | lr=1.86e-04 | wd=0.0055 | mom=0.9500 | T=7.8 k=3.8 (mu_rec=8 mu_bwd=4) | grad=1.187 | tok/s=23,775 | tokens=4.73B
step=144210 | loss=3.2345 | lr=1.86e-04 | wd=0.0055 | mom=0.9500 | T=3.8 k=3.2 (mu_rec=8 mu_bwd=4) | grad=1.301 | tok/s=25,706 | tokens=4.73B
step=144220 | loss=2.9267 | lr=1.85e-04 | wd=0.0055 | mom=0.9500 | T=9.2 k=4.0 (mu_rec=8 mu_bwd=4) | grad=0.907 | tok/s=23,712 | tokens=4.73B
step=144230 | loss=3.0537 | lr=1.85e-04 | wd=0.0055 | mom=0.9500 | T=6.5 k=4.0 (mu_rec=8 mu_bwd=4) | grad=2.448 | tok/s=25,535 | tokens=4.73B
step=144240 | loss=3.9047 | lr=1.85e-04 | wd=0.0055 | mom=0.9500 | T=3.0 k=2.2 (mu_rec=8 mu_bwd=4) | grad=3.389 | tok/s=24,705 | tokens=4.73B
step=144250 | loss=3.1283 | lr=1.85e-04 | wd=0.0055 | mom=0.9500 | T=12.0 k=4.0 (mu_rec=8 mu_bwd=4) | grad=1.096 | tok/s=22,509 | tokens=4.73B
step=144260 | loss=2.9597 | lr=1.84e-04 | wd=0.0055 | mom=0.9500 | T=7.8 k=3.2 (mu_rec=8 mu_bwd=4) | grad=1.925 | tok/s=24,451 | tokens=4.73B
step=144270 | loss=3.1242 | lr=1.84e-04 | wd=0.0055 | mom=0.9500 | T=10.2 k=3.5 (mu_rec=8 mu_bwd=4) | grad=1.519 | tok/s=22,510 | tokens=4.73B
step=144280 | loss=3.1013 | lr=1.84e-04 | wd=0.0054 | mom=0.9500 | T=6.0 k=4.0 (mu_rec=8 mu_bwd=4) | grad=1.190 | tok/s=23,944 | tokens=4.73B
step=144290 | loss=3.0513 | lr=1.84e-04 | wd=0.0054 | mom=0.9500 | T=5.5 k=3.8 (mu_rec=8 mu_bwd=4) | grad=1.147 | tok/s=25,095 | tokens=4.73B
step=144300 | loss=3.5120 | lr=1.83e-04 | wd=0.0054 | mom=0.9500 | T=7.5 k=3.5 (mu_rec=8 mu_bwd=4) | grad=1.464 | tok/s=23,364 | tokens=4.73B
step=144310 | loss=3.0130 | lr=1.83e-04 | wd=0.0054 | mom=0.9500 | T=7.5 k=3.2 (mu_rec=8 mu_bwd=4) | grad=1.706 | tok/s=22,518 | tokens=4.73B
step=144320 | loss=3.1007 | lr=1.83e-04 | wd=0.0054 | mom=0.9500 | T=9.0 k=3.8 (mu_rec=8 mu_bwd=4) | grad=2.992 | tok/s=23,114 | tokens=4.73B
step=144330 | loss=3.0472 | lr=1.82e-04 | wd=0.0054 | mom=0.9500 | T=7.0 k=4.0 (mu_rec=8 mu_bwd=4) | grad=1.216 | tok/s=22,240 | tokens=4.73B
step=144340 | loss=3.0045 | lr=1.82e-04 | wd=0.0054 | mom=0.9500 | T=8.8 k=4.0 (mu_rec=8 mu_bwd=4) | grad=0.871 | tok/s=24,951 | tokens=4.73B
step=144350 | loss=3.0108 | lr=1.82e-04 | wd=0.0054 | mom=0.9500 | T=7.8 k=3.8 (mu_rec=8 mu_bwd=4) | grad=0.832 | tok/s=23,343 | tokens=4.73B
step=144360 | loss=2.9994 | lr=1.82e-04 | wd=0.0054 | mom=0.9500 | T=9.5 k=4.0 (mu_rec=8 mu_bwd=4) | grad=0.791 | tok/s=24,501 | tokens=4.73B
step=144370 | loss=3.3835 | lr=1.81e-04 | wd=0.0054 | mom=0.9500 | T=5.2 k=3.8 (mu_rec=8 mu_bwd=4) | grad=0.873 | tok/s=23,508 | tokens=4.73B
step=144380 | loss=2.8508 | lr=1.81e-04 | wd=0.0054 | mom=0.9500 | T=10.5 k=4.0 (mu_rec=8 mu_bwd=4) | grad=1.855 | tok/s=23,776 | tokens=4.73B
step=144390 | loss=2.9424 | lr=1.81e-04 | wd=0.0054 | mom=0.9500 | T=10.0 k=4.0 (mu_rec=8 mu_bwd=4) | grad=0.822 | tok/s=22,382 | tokens=4.73B
step=144400 | loss=3.2323 | lr=1.81e-04 | wd=0.0054 | mom=0.9500 | T=8.8 k=3.5 (mu_rec=8 mu_bwd=4) | grad=1.092 | tok/s=23,331 | tokens=4.73B
step=144410 | loss=3.0478 | lr=1.80e-04 | wd=0.0054 | mom=0.9500 | T=8.5 k=4.0 (mu_rec=8 mu_bwd=4) | grad=0.769 | tok/s=23,350 | tokens=4.73B
step=144420 | loss=2.9405 | lr=1.80e-04 | wd=0.0054 | mom=0.9500 | T=5.2 k=3.8 (mu_rec=8 mu_bwd=4) | grad=1.183 | tok/s=10,554 | tokens=4.73B
step=144430 | loss=2.9273 | lr=1.80e-04 | wd=0.0053 | mom=0.9500 | T=5.5 k=3.0 (mu_rec=8 mu_bwd=4) | grad=1.394 | tok/s=24,104 | tokens=4.73B
step=144440 | loss=3.2035 | lr=1.79e-04 | wd=0.0053 | mom=0.9500 | T=6.8 k=3.8 (mu_rec=8 mu_bwd=4) | grad=0.776 | tok/s=23,726 | tokens=4.73B
step=144450 | loss=3.0439 | lr=1.79e-04 | wd=0.0053 | mom=0.9500 | T=5.5 k=3.5 (mu_rec=8 mu_bwd=4) | grad=1.000 | tok/s=23,100 | tokens=4.73B
step=144460 | loss=3.0744 | lr=1.79e-04 | wd=0.0053 | mom=0.9500 | T=7.8 k=3.2 (mu_rec=8 mu_bwd=4) | grad=1.279 | tok/s=24,263 | tokens=4.73B
step=144470 | loss=2.8760 | lr=1.79e-04 | wd=0.0053 | mom=0.9500 | T=8.0 k=4.0 (mu_rec=8 mu_bwd=4) | grad=1.358 | tok/s=24,454 | tokens=4.73B
step=144480 | loss=2.9102 | lr=1.78e-04 | wd=0.0053 | mom=0.9500 | T=7.2 k=4.0 (mu_rec=8 mu_bwd=4) | grad=1.160 | tok/s=23,837 | tokens=4.73B
step=144490 | loss=3.0931 | lr=1.78e-04 | wd=0.0053 | mom=0.9500 | T=4.5 k=3.0 (mu_rec=8 mu_bwd=4) | grad=0.850 | tok/s=23,560 | tokens=4.73B
step=144500 | loss=2.9806 | lr=1.78e-04 | wd=0.0053 | mom=0.9500 | T=6.0 k=3.5 (mu_rec=8 mu_bwd=4) | grad=0.783 | tok/s=24,435 | tokens=4.73B
step=144510 | loss=2.7743 | lr=1.77e-04 | wd=0.0053 | mom=0.9500 | T=4.8 k=3.2 (mu_rec=8 mu_bwd=4) | grad=0.863 | tok/s=25,686 | tokens=4.74B
step=144520 | loss=3.3112 | lr=1.77e-04 | wd=0.0053 | mom=0.9500 | T=5.8 k=3.5 (mu_rec=8 mu_bwd=4) | grad=0.787 | tok/s=22,881 | tokens=4.74B
step=144530 | loss=2.9781 | lr=1.77e-04 | wd=0.0053 | mom=0.9500 | T=6.5 k=3.5 (mu_rec=8 mu_bwd=4) | grad=1.128 | tok/s=23,237 | tokens=4.74B
step=144540 | loss=3.0606 | lr=1.77e-04 | wd=0.0053 | mom=0.9500 | T=13.0 k=3.5 (mu_rec=8 mu_bwd=4) | grad=1.170 | tok/s=24,311 | tokens=4.74B
step=144550 | loss=3.0365 | lr=1.76e-04 | wd=0.0053 | mom=0.9500 | T=12.8 k=4.0 (mu_rec=8 mu_bwd=4) | grad=0.851 | tok/s=24,160 | tokens=4.74B
step=144560 | loss=2.9274 | lr=1.76e-04 | wd=0.0053 | mom=0.9500 | T=5.2 k=3.8 (mu_rec=8 mu_bwd=4) | grad=1.059 | tok/s=23,710 | tokens=4.74B
step=144570 | loss=2.9424 | lr=1.76e-04 | wd=0.0053 | mom=0.9500 | T=7.0 k=3.0 (mu_rec=8 mu_bwd=4) | grad=0.907 | tok/s=23,802 | tokens=4.74B
step=144580 | loss=2.3821 | lr=1.76e-04 | wd=0.0052 | mom=0.9500 | T=10.2 k=4.0 (mu_rec=8 mu_bwd=4) | grad=0.868 | tok/s=23,767 | tokens=4.74B
step=144590 | loss=2.8435 | lr=1.75e-04 | wd=0.0052 | mom=0.9500 | T=5.5 k=4.0 (mu_rec=8 mu_bwd=4) | grad=0.994 | tok/s=24,443 | tokens=4.74B
step=144600 | loss=3.0603 | lr=1.75e-04 | wd=0.0052 | mom=0.9500 | T=6.2 k=3.5 (mu_rec=8 mu_bwd=4) | grad=1.657 | tok/s=21,968 | tokens=4.74B
step=144610 | loss=2.7951 | lr=1.75e-04 | wd=0.0052 | mom=0.9500 | T=7.0 k=4.0 (mu_rec=8 mu_bwd=4) | grad=0.819 | tok/s=24,624 | tokens=4.74B
step=144620 | loss=3.1280 | lr=1.74e-04 | wd=0.0052 | mom=0.9500 | T=7.2 k=4.0 (mu_rec=8 mu_bwd=4) | grad=1.380 | tok/s=23,612 | tokens=4.74B
step=144630 | loss=2.8218 | lr=1.74e-04 | wd=0.0052 | mom=0.9500 | T=7.5 k=3.5 (mu_rec=8 mu_bwd=4) | grad=1.278 | tok/s=23,192 | tokens=4.74B
step=144640 | loss=3.0914 | lr=1.74e-04 | wd=0.0052 | mom=0.9500 | T=8.0 k=4.0 (mu_rec=8 mu_bwd=4) | grad=0.879 | tok/s=22,989 | tokens=4.74B
step=144650 | loss=3.0525 | lr=1.74e-04 | wd=0.0052 | mom=0.9500 | T=5.0 k=3.0 (mu_rec=8 mu_bwd=4) | grad=0.884 | tok/s=24,396 | tokens=4.74B
step=144660 | loss=3.0971 | lr=1.73e-04 | wd=0.0052 | mom=0.9500 | T=5.8 k=4.0 (mu_rec=8 mu_bwd=4) | grad=1.337 | tok/s=22,641 | tokens=4.74B
step=144670 | loss=3.0940 | lr=1.73e-04 | wd=0.0052 | mom=0.9500 | T=7.0 k=3.5 (mu_rec=8 mu_bwd=4) | grad=0.899 | tok/s=21,151 | tokens=4.74B
step=144680 | loss=2.8015 | lr=1.73e-04 | wd=0.0052 | mom=0.9500 | T=5.8 k=4.0 (mu_rec=8 mu_bwd=4) | grad=1.161 | tok/s=24,721 | tokens=4.74B
step=144690 | loss=3.1693 | lr=1.72e-04 | wd=0.0052 | mom=0.9500 | T=8.8 k=4.0 (mu_rec=8 mu_bwd=4) | grad=0.822 | tok/s=22,075 | tokens=4.74B
step=144700 | loss=2.9249 | lr=1.72e-04 | wd=0.0052 | mom=0.9500 | T=11.2 k=4.0 (mu_rec=8 mu_bwd=4) | grad=0.871 | tok/s=24,182 | tokens=4.74B
step=144710 | loss=3.1823 | lr=1.72e-04 | wd=0.0052 | mom=0.9500 | T=9.5 k=3.2 (mu_rec=8 mu_bwd=4) | grad=1.204 | tok/s=23,871 | tokens=4.74B
step=144720 | loss=2.8662 | lr=1.72e-04 | wd=0.0052 | mom=0.9500 | T=8.2 k=3.5 (mu_rec=8 mu_bwd=4) | grad=0.855 | tok/s=24,502 | tokens=4.74B
step=144730 | loss=3.0374 | lr=1.71e-04 | wd=0.0051 | mom=0.9500 | T=9.0 k=4.0 (mu_rec=8 mu_bwd=4) | grad=0.880 | tok/s=25,133 | tokens=4.74B
step=144740 | loss=3.3481 | lr=1.71e-04 | wd=0.0051 | mom=0.9500 | T=7.8 k=3.8 (mu_rec=8 mu_bwd=4) | grad=0.904 | tok/s=22,294 | tokens=4.74B
step=144750 | loss=3.1955 | lr=1.71e-04 | wd=0.0051 | mom=0.9500 | T=8.0 k=4.0 (mu_rec=8 mu_bwd=4) | grad=1.049 | tok/s=10,575 | tokens=4.74B
step=144760 | loss=3.4199 | lr=1.71e-04 | wd=0.0051 | mom=0.9500 | T=10.5 k=4.0 (mu_rec=8 mu_bwd=4) | grad=1.714 | tok/s=22,472 | tokens=4.74B
step=144770 | loss=2.9393 | lr=1.70e-04 | wd=0.0051 | mom=0.9500 | T=6.8 k=4.0 (mu_rec=8 mu_bwd=4) | grad=1.132 | tok/s=23,027 | tokens=4.74B
step=144780 | loss=3.1864 | lr=1.70e-04 | wd=0.0051 | mom=0.9500 | T=10.5 k=3.5 (mu_rec=8 mu_bwd=4) | grad=1.247 | tok/s=24,518 | tokens=4.74B
step=144790 | loss=2.9752 | lr=1.70e-04 | wd=0.0051 | mom=0.9500 | T=9.0 k=3.8 (mu_rec=8 mu_bwd=4) | grad=0.925 | tok/s=22,628 | tokens=4.74B
step=144800 | loss=2.8762 | lr=1.69e-04 | wd=0.0051 | mom=0.9500 | T=7.2 k=3.2 (mu_rec=8 mu_bwd=4) | grad=0.906 | tok/s=24,499 | tokens=4.74B
step=144810 | loss=2.8696 | lr=1.69e-04 | wd=0.0051 | mom=0.9500 | T=5.5 k=3.8 (mu_rec=8 mu_bwd=4) | grad=0.918 | tok/s=22,908 | tokens=4.75B
step=144820 | loss=2.9862 | lr=1.69e-04 | wd=0.0051 | mom=0.9500 | T=12.8 k=4.0 (mu_rec=8 mu_bwd=4) | grad=1.107 | tok/s=22,816 | tokens=4.75B
step=144830 | loss=3.0215 | lr=1.69e-04 | wd=0.0051 | mom=0.9500 | T=11.5 k=4.0 (mu_rec=8 mu_bwd=4) | grad=0.759 | tok/s=22,796 | tokens=4.75B
step=144840 | loss=2.9748 | lr=1.68e-04 | wd=0.0051 | mom=0.9500 | T=11.8 k=4.0 (mu_rec=8 mu_bwd=4) | grad=8.650 | tok/s=22,981 | tokens=4.75B
step=144850 | loss=3.1806 | lr=1.68e-04 | wd=0.0051 | mom=0.9500 | T=5.2 k=4.0 (mu_rec=8 mu_bwd=4) | grad=0.934 | tok/s=22,734 | tokens=4.75B
step=144860 | loss=2.9889 | lr=1.68e-04 | wd=0.0051 | mom=0.9500 | T=8.2 k=3.5 (mu_rec=8 mu_bwd=4) | grad=1.169 | tok/s=23,338 | tokens=4.75B
step=144870 | loss=2.8276 | lr=1.67e-04 | wd=0.0051 | mom=0.9500 | T=6.8 k=4.0 (mu_rec=8 mu_bwd=4) | grad=0.849 | tok/s=24,110 | tokens=4.75B
step=144880 | loss=3.0490 | lr=1.67e-04 | wd=0.0051 | mom=0.9500 | T=4.8 k=3.5 (mu_rec=8 mu_bwd=4) | grad=0.966 | tok/s=23,659 | tokens=4.75B
step=144890 | loss=3.0091 | lr=1.67e-04 | wd=0.0050 | mom=0.9500 | T=9.0 k=4.0 (mu_rec=8 mu_bwd=4) | grad=1.400 | tok/s=25,757 | tokens=4.75B
step=144900 | loss=3.1608 | lr=1.67e-04 | wd=0.0050 | mom=0.9500 | T=10.2 k=4.0 (mu_rec=8 mu_bwd=4) | grad=0.829 | tok/s=23,255 | tokens=4.75B
step=144910 | loss=3.2363 | lr=1.66e-04 | wd=0.0050 | mom=0.9500 | T=4.0 k=3.2 (mu_rec=8 mu_bwd=4) | grad=1.247 | tok/s=22,910 | tokens=4.75B
step=144920 | loss=3.1873 | lr=1.66e-04 | wd=0.0050 | mom=0.9500 | T=6.0 k=3.5 (mu_rec=8 mu_bwd=4) | grad=1.004 | tok/s=23,563 | tokens=4.75B
step=144930 | loss=3.1078 | lr=1.66e-04 | wd=0.0050 | mom=0.9500 | T=7.5 k=3.5 (mu_rec=8 mu_bwd=4) | grad=0.977 | tok/s=23,167 | tokens=4.75B
step=144940 | loss=2.7236 | lr=1.66e-04 | wd=0.0050 | mom=0.9500 | T=4.5 k=3.8 (mu_rec=8 mu_bwd=4) | grad=0.773 | tok/s=23,083 | tokens=4.75B
step=144950 | loss=3.1764 | lr=1.65e-04 | wd=0.0050 | mom=0.9500 | T=4.5 k=3.0 (mu_rec=8 mu_bwd=4) | grad=0.895 | tok/s=23,808 | tokens=4.75B
step=144960 | loss=2.8085 | lr=1.65e-04 | wd=0.0050 | mom=0.9500 | T=6.8 k=3.0 (mu_rec=8 mu_bwd=4) | grad=0.899 | tok/s=23,413 | tokens=4.75B
step=144970 | loss=2.6292 | lr=1.65e-04 | wd=0.0050 | mom=0.9500 | T=12.2 k=4.0 (mu_rec=8 mu_bwd=4) | grad=1.002 | tok/s=22,976 | tokens=4.75B
step=144980 | loss=2.8602 | lr=1.64e-04 | wd=0.0050 | mom=0.9500 | T=9.2 k=3.0 (mu_rec=8 mu_bwd=4) | grad=0.896 | tok/s=23,705 | tokens=4.75B
step=144990 | loss=2.9795 | lr=1.64e-04 | wd=0.0050 | mom=0.9500 | T=8.0 k=4.0 (mu_rec=8 mu_bwd=4) | grad=0.773 | tok/s=24,275 | tokens=4.75B
step=145000 | loss=3.0260 | lr=1.64e-04 | wd=0.0050 | mom=0.9500 | T=6.0 k=3.5 (mu_rec=8 mu_bwd=4) | grad=1.924 | tok/s=22,232 | tokens=4.75B
step=145010 | loss=2.9149 | lr=1.64e-04 | wd=0.0050 | mom=0.9500 | T=9.0 k=4.0 (mu_rec=8 mu_bwd=4) | grad=0.833 | tok/s=23,991 | tokens=4.75B
step=145020 | loss=2.9838 | lr=1.63e-04 | wd=0.0050 | mom=0.9500 | T=5.8 k=3.5 (mu_rec=8 mu_bwd=4) | grad=0.967 | tok/s=23,230 | tokens=4.75B
step=145030 | loss=2.6424 | lr=1.63e-04 | wd=0.0050 | mom=0.9500 | T=4.8 k=3.2 (mu_rec=8 mu_bwd=4) | grad=1.073 | tok/s=24,065 | tokens=4.75B
step=145040 | loss=3.2131 | lr=1.63e-04 | wd=0.0049 | mom=0.9500 | T=6.8 k=3.5 (mu_rec=8 mu_bwd=4) | grad=0.840 | tok/s=22,259 | tokens=4.75B
step=145050 | loss=2.7469 | lr=1.62e-04 | wd=0.0049 | mom=0.9500 | T=10.5 k=4.0 (mu_rec=8 mu_bwd=4) | grad=5.350 | tok/s=23,557 | tokens=4.75B
step=145060 | loss=2.9840 | lr=1.62e-04 | wd=0.0049 | mom=0.9500 | T=10.8 k=4.0 (mu_rec=8 mu_bwd=4) | grad=1.518 | tok/s=25,189 | tokens=4.75B
step=145070 | loss=2.8497 | lr=1.62e-04 | wd=0.0049 | mom=0.9500 | T=9.2 k=4.0 (mu_rec=8 mu_bwd=4) | grad=0.786 | tok/s=24,247 | tokens=4.75B
step=145080 | loss=2.8893 | lr=1.62e-04 | wd=0.0049 | mom=0.9500 | T=5.8 k=3.5 (mu_rec=8 mu_bwd=4) | grad=0.985 | tok/s=24,493 | tokens=4.75B
step=145090 | loss=3.2350 | lr=1.61e-04 | wd=0.0049 | mom=0.9500 | T=9.8 k=4.0 (mu_rec=8 mu_bwd=4) | grad=1.110 | tok/s=22,369 | tokens=4.75B
step=145100 | loss=3.2825 | lr=1.61e-04 | wd=0.0049 | mom=0.9500 | T=7.2 k=4.0 (mu_rec=8 mu_bwd=4) | grad=0.990 | tok/s=24,378 | tokens=4.75B
step=145110 | loss=3.0562 | lr=1.61e-04 | wd=0.0049 | mom=0.9500 | T=8.2 k=4.0 (mu_rec=8 mu_bwd=4) | grad=1.139 | tok/s=23,830 | tokens=4.75B
step=145120 | loss=2.8161 | lr=1.61e-04 | wd=0.0049 | mom=0.9500 | T=7.8 k=3.8 (mu_rec=8 mu_bwd=4) | grad=1.087 | tok/s=22,550 | tokens=4.76B
step=145130 | loss=2.9238 | lr=1.60e-04 | wd=0.0049 | mom=0.9500 | T=8.0 k=4.0 (mu_rec=8 mu_bwd=4) | grad=1.093 | tok/s=22,416 | tokens=4.76B
step=145140 | loss=3.1922 | lr=1.60e-04 | wd=0.0049 | mom=0.9500 | T=5.0 k=3.2 (mu_rec=8 mu_bwd=4) | grad=0.840 | tok/s=24,148 | tokens=4.76B
step=145150 | loss=2.8189 | lr=1.60e-04 | wd=0.0049 | mom=0.9500 | T=11.5 k=4.0 (mu_rec=8 mu_bwd=4) | grad=1.299 | tok/s=22,580 | tokens=4.76B
step=145160 | loss=3.1595 | lr=1.59e-04 | wd=0.0049 | mom=0.9500 | T=4.0 k=2.8 (mu_rec=8 mu_bwd=4) | grad=1.355 | tok/s=24,931 | tokens=4.76B
step=145170 | loss=3.1334 | lr=1.59e-04 | wd=0.0049 | mom=0.9500 | T=6.0 k=3.5 (mu_rec=8 mu_bwd=4) | grad=0.903 | tok/s=23,730 | tokens=4.76B
step=145180 | loss=3.1582 | lr=1.59e-04 | wd=0.0049 | mom=0.9500 | T=7.0 k=4.0 (mu_rec=8 mu_bwd=4) | grad=0.920 | tok/s=23,190 | tokens=4.76B
step=145190 | loss=3.2474 | lr=1.59e-04 | wd=0.0048 | mom=0.9500 | T=10.5 k=4.0 (mu_rec=8 mu_bwd=4) | grad=0.830 | tok/s=23,098 | tokens=4.76B
step=145200 | loss=3.4111 | lr=1.58e-04 | wd=0.0048 | mom=0.9500 | T=6.8 k=3.8 (mu_rec=8 mu_bwd=4) | grad=0.878 | tok/s=23,855 | tokens=4.76B
step=145210 | loss=3.0387 | lr=1.58e-04 | wd=0.0048 | mom=0.9500 | T=7.2 k=3.8 (mu_rec=8 mu_bwd=4) | grad=0.869 | tok/s=22,393 | tokens=4.76B
step=145220 | loss=3.0918 | lr=1.58e-04 | wd=0.0048 | mom=0.9500 | T=7.5 k=3.8 (mu_rec=8 mu_bwd=4) | grad=1.149 | tok/s=23,778 | tokens=4.76B
step=145230 | loss=2.9248 | lr=1.57e-04 | wd=0.0048 | mom=0.9500 | T=6.2 k=3.8 (mu_rec=8 mu_bwd=4) | grad=1.183 | tok/s=24,661 | tokens=4.76B
step=145240 | loss=3.2118 | lr=1.57e-04 | wd=0.0048 | mom=0.9500 | T=6.8 k=3.2 (mu_rec=8 mu_bwd=4) | grad=1.215 | tok/s=25,686 | tokens=4.76B
step=145250 | loss=3.0919 | lr=1.57e-04 | wd=0.0048 | mom=0.9500 | T=5.5 k=3.5 (mu_rec=8 mu_bwd=4) | grad=0.880 | tok/s=24,832 | tokens=4.76B
step=145260 | loss=3.1692 | lr=1.57e-04 | wd=0.0048 | mom=0.9500 | T=6.8 k=4.0 (mu_rec=8 mu_bwd=4) | grad=1.097 | tok/s=9,599 | tokens=4.76B
step=145270 | loss=3.1328 | lr=1.56e-04 | wd=0.0048 | mom=0.9500 | T=8.2 k=4.0 (mu_rec=8 mu_bwd=4) | grad=1.450 | tok/s=24,017 | tokens=4.76B
step=145280 | loss=3.0556 | lr=1.56e-04 | wd=0.0048 | mom=0.9500 | T=6.8 k=4.0 (mu_rec=8 mu_bwd=4) | grad=0.873 | tok/s=24,817 | tokens=4.76B
step=145290 | loss=2.9602 | lr=1.56e-04 | wd=0.0048 | mom=0.9500 | T=9.2 k=4.0 (mu_rec=8 mu_bwd=4) | grad=1.024 | tok/s=23,299 | tokens=4.76B
step=145300 | loss=2.9878 | lr=1.56e-04 | wd=0.0048 | mom=0.9500 | T=5.0 k=3.5 (mu_rec=8 mu_bwd=4) | grad=1.161 | tok/s=21,209 | tokens=4.76B
step=145310 | loss=3.0290 | lr=1.55e-04 | wd=0.0048 | mom=0.9500 | T=11.8 k=4.0 (mu_rec=8 mu_bwd=4) | grad=1.043 | tok/s=23,592 | tokens=4.76B
step=145320 | loss=3.4487 | lr=1.55e-04 | wd=0.0048 | mom=0.9500 | T=7.0 k=3.8 (mu_rec=8 mu_bwd=4) | grad=1.006 | tok/s=25,205 | tokens=4.76B
step=145330 | loss=3.0352 | lr=1.55e-04 | wd=0.0048 | mom=0.9500 | T=4.8 k=3.2 (mu_rec=8 mu_bwd=4) | grad=0.957 | tok/s=23,224 | tokens=4.76B
step=145340 | loss=3.1886 | lr=1.54e-04 | wd=0.0048 | mom=0.9500 | T=13.8 k=4.0 (mu_rec=8 mu_bwd=4) | grad=0.930 | tok/s=24,702 | tokens=4.76B
step=145350 | loss=3.2451 | lr=1.54e-04 | wd=0.0047 | mom=0.9500 | T=8.0 k=3.5 (mu_rec=8 mu_bwd=4) | grad=1.309 | tok/s=22,289 | tokens=4.76B
step=145360 | loss=3.2087 | lr=1.54e-04 | wd=0.0047 | mom=0.9500 | T=6.2 k=4.0 (mu_rec=8 mu_bwd=4) | grad=0.958 | tok/s=23,048 | tokens=4.76B
step=145370 | loss=3.0408 | lr=1.54e-04 | wd=0.0047 | mom=0.9500 | T=15.0 k=4.0 (mu_rec=8 mu_bwd=4) | grad=0.803 | tok/s=24,089 | tokens=4.76B
step=145380 | loss=2.8421 | lr=1.53e-04 | wd=0.0047 | mom=0.9500 | T=5.5 k=3.5 (mu_rec=8 mu_bwd=4) | grad=1.086 | tok/s=24,188 | tokens=4.76B
step=145390 | loss=3.1318 | lr=1.53e-04 | wd=0.0047 | mom=0.9500 | T=8.8 k=4.0 (mu_rec=8 mu_bwd=4) | grad=0.785 | tok/s=23,991 | tokens=4.76B
step=145400 | loss=2.6634 | lr=1.53e-04 | wd=0.0047 | mom=0.9500 | T=8.8 k=3.8 (mu_rec=8 mu_bwd=4) | grad=0.911 | tok/s=22,536 | tokens=4.76B
step=145410 | loss=2.8619 | lr=1.52e-04 | wd=0.0047 | mom=0.9500 | T=8.2 k=3.8 (mu_rec=8 mu_bwd=4) | grad=1.640 | tok/s=23,891 | tokens=4.76B
step=145420 | loss=2.9798 | lr=1.52e-04 | wd=0.0047 | mom=0.9500 | T=9.2 k=3.8 (mu_rec=8 mu_bwd=4) | grad=1.694 | tok/s=21,446 | tokens=4.77B
step=145430 | loss=3.2121 | lr=1.52e-04 | wd=0.0047 | mom=0.9500 | T=10.8 k=4.0 (mu_rec=8 mu_bwd=4) | grad=1.243 | tok/s=23,839 | tokens=4.77B
step=145440 | loss=3.0466 | lr=1.52e-04 | wd=0.0047 | mom=0.9500 | T=10.0 k=3.8 (mu_rec=8 mu_bwd=4) | grad=1.012 | tok/s=23,651 | tokens=4.77B
step=145450 | loss=3.0145 | lr=1.51e-04 | wd=0.0047 | mom=0.9500 | T=9.2 k=3.8 (mu_rec=8 mu_bwd=4) | grad=0.886 | tok/s=24,522 | tokens=4.77B
step=145460 | loss=3.1758 | lr=1.51e-04 | wd=0.0047 | mom=0.9500 | T=5.0 k=2.8 (mu_rec=8 mu_bwd=4) | grad=1.301 | tok/s=24,333 | tokens=4.77B
step=145470 | loss=2.4844 | lr=1.51e-04 | wd=0.0047 | mom=0.9500 | T=12.0 k=4.0 (mu_rec=8 mu_bwd=4) | grad=0.853 | tok/s=22,591 | tokens=4.77B
step=145480 | loss=3.1063 | lr=1.51e-04 | wd=0.0047 | mom=0.9500 | T=7.0 k=3.8 (mu_rec=8 mu_bwd=4) | grad=1.200 | tok/s=23,807 | tokens=4.77B
step=145490 | loss=3.0945 | lr=1.50e-04 | wd=0.0047 | mom=0.9500 | T=8.8 k=3.8 (mu_rec=8 mu_bwd=4) | grad=1.375 | tok/s=23,732 | tokens=4.77B
step=145500 | loss=3.2112 | lr=1.50e-04 | wd=0.0046 | mom=0.9500 | T=5.8 k=2.8 (mu_rec=8 mu_bwd=4) | grad=1.783 | tok/s=23,138 | tokens=4.77B
step=145510 | loss=3.1799 | lr=1.50e-04 | wd=0.0046 | mom=0.9500 | T=9.0 k=4.0 (mu_rec=8 mu_bwd=4) | grad=1.461 | tok/s=21,677 | tokens=4.77B
step=145520 | loss=3.2018 | lr=1.49e-04 | wd=0.0046 | mom=0.9500 | T=5.2 k=3.2 (mu_rec=8 mu_bwd=4) | grad=1.728 | tok/s=22,458 | tokens=4.77B
step=145530 | loss=3.4545 | lr=1.49e-04 | wd=0.0046 | mom=0.9500 | T=4.5 k=3.2 (mu_rec=8 mu_bwd=4) | grad=1.266 | tok/s=24,257 | tokens=4.77B
step=145540 | loss=3.1380 | lr=1.49e-04 | wd=0.0046 | mom=0.9500 | T=5.0 k=3.5 (mu_rec=8 mu_bwd=4) | grad=1.083 | tok/s=22,911 | tokens=4.77B
step=145550 | loss=2.9326 | lr=1.49e-04 | wd=0.0046 | mom=0.9500 | T=7.0 k=4.0 (mu_rec=8 mu_bwd=4) | grad=1.194 | tok/s=22,748 | tokens=4.77B
step=145560 | loss=3.2101 | lr=1.48e-04 | wd=0.0046 | mom=0.9500 | T=5.8 k=4.0 (mu_rec=8 mu_bwd=4) | grad=1.097 | tok/s=24,142 | tokens=4.77B
step=145570 | loss=2.8775 | lr=1.48e-04 | wd=0.0046 | mom=0.9500 | T=13.2 k=4.0 (mu_rec=8 mu_bwd=4) | grad=0.832 | tok/s=22,671 | tokens=4.77B
step=145580 | loss=3.3675 | lr=1.48e-04 | wd=0.0046 | mom=0.9500 | T=5.5 k=3.8 (mu_rec=8 mu_bwd=4) | grad=0.760 | tok/s=22,759 | tokens=4.77B
step=145590 | loss=3.0094 | lr=1.48e-04 | wd=0.0046 | mom=0.9500 | T=7.2 k=3.5 (mu_rec=8 mu_bwd=4) | grad=0.865 | tok/s=24,593 | tokens=4.77B
step=145600 | loss=2.9171 | lr=1.47e-04 | wd=0.0046 | mom=0.9500 | T=9.5 k=4.0 (mu_rec=8 mu_bwd=4) | grad=1.169 | tok/s=22,884 | tokens=4.77B
step=145610 | loss=2.9559 | lr=1.47e-04 | wd=0.0046 | mom=0.9500 | T=11.8 k=4.0 (mu_rec=8 mu_bwd=4) | grad=0.785 | tok/s=9,742 | tokens=4.77B
step=145620 | loss=2.9451 | lr=1.47e-04 | wd=0.0046 | mom=0.9500 | T=8.5 k=4.0 (mu_rec=8 mu_bwd=4) | grad=1.459 | tok/s=22,788 | tokens=4.77B
step=145630 | loss=2.7902 | lr=1.46e-04 | wd=0.0046 | mom=0.9500 | T=7.2 k=3.8 (mu_rec=8 mu_bwd=4) | grad=1.081 | tok/s=25,045 | tokens=4.77B
step=145640 | loss=3.4447 | lr=1.46e-04 | wd=0.0046 | mom=0.9500 | T=6.8 k=3.2 (mu_rec=8 mu_bwd=4) | grad=1.260 | tok/s=23,237 | tokens=4.77B
step=145650 | loss=3.5008 | lr=1.46e-04 | wd=0.0045 | mom=0.9500 | T=6.8 k=4.0 (mu_rec=8 mu_bwd=4) | grad=1.091 | tok/s=25,176 | tokens=4.77B
step=145660 | loss=3.5057 | lr=1.46e-04 | wd=0.0045 | mom=0.9500 | T=7.8 k=4.0 (mu_rec=8 mu_bwd=4) | grad=1.005 | tok/s=23,101 | tokens=4.77B
step=145670 | loss=3.0152 | lr=1.45e-04 | wd=0.0045 | mom=0.9500 | T=6.0 k=4.0 (mu_rec=8 mu_bwd=4) | grad=0.905 | tok/s=24,310 | tokens=4.77B
step=145680 | loss=3.1592 | lr=1.45e-04 | wd=0.0045 | mom=0.9500 | T=8.2 k=3.0 (mu_rec=8 mu_bwd=4) | grad=0.936 | tok/s=23,316 | tokens=4.77B
step=145690 | loss=3.0037 | lr=1.45e-04 | wd=0.0045 | mom=0.9500 | T=10.2 k=4.0 (mu_rec=8 mu_bwd=4) | grad=0.892 | tok/s=22,215 | tokens=4.77B
step=145700 | loss=2.8067 | lr=1.44e-04 | wd=0.0045 | mom=0.9500 | T=9.2 k=3.8 (mu_rec=8 mu_bwd=4) | grad=1.006 | tok/s=24,034 | tokens=4.77B
step=145710 | loss=2.7920 | lr=1.44e-04 | wd=0.0045 | mom=0.9500 | T=7.8 k=4.0 (mu_rec=8 mu_bwd=4) | grad=0.862 | tok/s=23,438 | tokens=4.77B
step=145720 | loss=3.0869 | lr=1.44e-04 | wd=0.0045 | mom=0.9500 | T=16.0 k=4.0 (mu_rec=8 mu_bwd=4) | grad=0.870 | tok/s=22,172 | tokens=4.77B
step=145730 | loss=3.0195 | lr=1.44e-04 | wd=0.0045 | mom=0.9500 | T=8.0 k=3.8 (mu_rec=8 mu_bwd=4) | grad=0.969 | tok/s=23,843 | tokens=4.78B
step=145740 | loss=3.1088 | lr=1.43e-04 | wd=0.0045 | mom=0.9500 | T=10.0 k=3.8 (mu_rec=8 mu_bwd=4) | grad=0.978 | tok/s=24,396 | tokens=4.78B
step=145750 | loss=2.9762 | lr=1.43e-04 | wd=0.0045 | mom=0.9500 | T=9.0 k=4.0 (mu_rec=8 mu_bwd=4) | grad=1.035 | tok/s=22,558 | tokens=4.78B
step=145760 | loss=3.1886 | lr=1.43e-04 | wd=0.0045 | mom=0.9500 | T=6.8 k=3.8 (mu_rec=8 mu_bwd=4) | grad=1.222 | tok/s=21,444 | tokens=4.78B
step=145770 | loss=3.1464 | lr=1.43e-04 | wd=0.0045 | mom=0.9500 | T=4.5 k=3.8 (mu_rec=8 mu_bwd=4) | grad=0.949 | tok/s=25,249 | tokens=4.78B
step=145780 | loss=3.1347 | lr=1.42e-04 | wd=0.0045 | mom=0.9500 | T=4.8 k=2.8 (mu_rec=8 mu_bwd=4) | grad=1.447 | tok/s=25,553 | tokens=4.78B
step=145790 | loss=3.1740 | lr=1.42e-04 | wd=0.0045 | mom=0.9500 | T=6.8 k=3.2 (mu_rec=8 mu_bwd=4) | grad=0.970 | tok/s=24,346 | tokens=4.78B
step=145800 | loss=3.0710 | lr=1.42e-04 | wd=0.0044 | mom=0.9500 | T=7.8 k=3.5 (mu_rec=8 mu_bwd=4) | grad=1.324 | tok/s=22,730 | tokens=4.78B
step=145810 | loss=3.0470 | lr=1.41e-04 | wd=0.0044 | mom=0.9500 | T=5.8 k=3.8 (mu_rec=8 mu_bwd=4) | grad=0.958 | tok/s=22,933 | tokens=4.78B
step=145820 | loss=2.8898 | lr=1.41e-04 | wd=0.0044 | mom=0.9500 | T=7.5 k=3.8 (mu_rec=8 mu_bwd=4) | grad=1.496 | tok/s=22,414 | tokens=4.78B
step=145830 | loss=3.0081 | lr=1.41e-04 | wd=0.0044 | mom=0.9500 | T=5.5 k=3.2 (mu_rec=8 mu_bwd=4) | grad=0.982 | tok/s=23,469 | tokens=4.78B
step=145840 | loss=2.8599 | lr=1.41e-04 | wd=0.0044 | mom=0.9500 | T=4.0 k=2.8 (mu_rec=8 mu_bwd=4) | grad=0.940 | tok/s=24,643 | tokens=4.78B
step=145850 | loss=3.0375 | lr=1.40e-04 | wd=0.0044 | mom=0.9500 | T=6.2 k=3.2 (mu_rec=8 mu_bwd=4) | grad=0.863 | tok/s=22,888 | tokens=4.78B
step=145860 | loss=3.1335 | lr=1.40e-04 | wd=0.0044 | mom=0.9500 | T=9.0 k=3.8 (mu_rec=8 mu_bwd=4) | grad=1.041 | tok/s=23,924 | tokens=4.78B
step=145870 | loss=3.1239 | lr=1.40e-04 | wd=0.0044 | mom=0.9500 | T=3.5 k=3.0 (mu_rec=8 mu_bwd=4) | grad=1.106 | tok/s=24,529 | tokens=4.78B
step=145880 | loss=2.9789 | lr=1.40e-04 | wd=0.0044 | mom=0.9500 | T=14.2 k=3.2 (mu_rec=8 mu_bwd=4) | grad=1.048 | tok/s=22,751 | tokens=4.78B
step=145890 | loss=2.6617 | lr=1.39e-04 | wd=0.0044 | mom=0.9500 | T=5.8 k=3.0 (mu_rec=8 mu_bwd=4) | grad=1.037 | tok/s=24,951 | tokens=4.78B
step=145900 | loss=3.0955 | lr=1.39e-04 | wd=0.0044 | mom=0.9500 | T=5.8 k=3.5 (mu_rec=8 mu_bwd=4) | grad=1.019 | tok/s=24,145 | tokens=4.78B
step=145910 | loss=3.0934 | lr=1.39e-04 | wd=0.0044 | mom=0.9500 | T=7.5 k=3.5 (mu_rec=8 mu_bwd=4) | grad=1.186 | tok/s=25,933 | tokens=4.78B
step=145920 | loss=2.6758 | lr=1.38e-04 | wd=0.0044 | mom=0.9500 | T=6.8 k=3.2 (mu_rec=8 mu_bwd=4) | grad=0.856 | tok/s=22,989 | tokens=4.78B
step=145930 | loss=2.9158 | lr=1.38e-04 | wd=0.0044 | mom=0.9500 | T=4.2 k=3.5 (mu_rec=8 mu_bwd=4) | grad=1.519 | tok/s=23,767 | tokens=4.78B
step=145940 | loss=2.8187 | lr=1.38e-04 | wd=0.0044 | mom=0.9500 | T=11.5 k=4.0 (mu_rec=8 mu_bwd=4) | grad=0.945 | tok/s=24,251 | tokens=4.78B
step=145950 | loss=3.0460 | lr=1.38e-04 | wd=0.0044 | mom=0.9500 | T=7.2 k=4.0 (mu_rec=8 mu_bwd=4) | grad=1.253 | tok/s=25,242 | tokens=4.78B
step=145960 | loss=3.0080 | lr=1.37e-04 | wd=0.0043 | mom=0.9500 | T=5.8 k=3.8 (mu_rec=8 mu_bwd=4) | grad=2.041 | tok/s=24,563 | tokens=4.78B
step=145970 | loss=2.7043 | lr=1.37e-04 | wd=0.0043 | mom=0.9500 | T=11.0 k=3.2 (mu_rec=8 mu_bwd=4) | grad=0.829 | tok/s=23,838 | tokens=4.78B
step=145980 | loss=3.5404 | lr=1.37e-04 | wd=0.0043 | mom=0.9500 | T=5.5 k=3.5 (mu_rec=8 mu_bwd=4) | grad=2.233 | tok/s=24,425 | tokens=4.78B
step=145990 | loss=3.7304 | lr=1.37e-04 | wd=0.0043 | mom=0.9500 | T=7.2 k=3.8 (mu_rec=8 mu_bwd=4) | grad=1.740 | tok/s=23,470 | tokens=4.78B
step=146000 | loss=3.2345 | lr=1.36e-04 | wd=0.0043 | mom=0.9500 | T=12.0 k=4.0 (mu_rec=8 mu_bwd=4) | grad=0.990 | tok/s=23,808 | tokens=4.78B
[step 146000] Saved -> runs/cortex-5b-k4/checkpoint_0146000
[step 146000] Pruned -> runs/cortex-5b-k4/checkpoint_0140000
step=146010 | loss=2.9841 | lr=1.36e-04 | wd=0.0043 | mom=0.9500 | T=12.2 k=4.0 (mu_rec=8 mu_bwd=4) | grad=1.021 | tok/s=20,941 | tokens=4.78B
step=146020 | loss=3.1357 | lr=1.36e-04 | wd=0.0043 | mom=0.9500 | T=9.0 k=3.8 (mu_rec=8 mu_bwd=4) | grad=0.865 | tok/s=24,124 | tokens=4.78B
step=146030 | loss=3.0350 | lr=1.35e-04 | wd=0.0043 | mom=0.9500 | T=7.8 k=4.0 (mu_rec=8 mu_bwd=4) | grad=0.945 | tok/s=23,638 | tokens=4.79B
step=146040 | loss=3.3545 | lr=1.35e-04 | wd=0.0043 | mom=0.9500 | T=11.0 k=4.0 (mu_rec=8 mu_bwd=4) | grad=1.308 | tok/s=24,169 | tokens=4.79B
step=146050 | loss=3.1177 | lr=1.35e-04 | wd=0.0043 | mom=0.9500 | T=10.0 k=4.0 (mu_rec=8 mu_bwd=4) | grad=0.915 | tok/s=23,102 | tokens=4.79B
step=146060 | loss=3.1286 | lr=1.35e-04 | wd=0.0043 | mom=0.9500 | T=3.8 k=2.8 (mu_rec=8 mu_bwd=4) | grad=1.064 | tok/s=24,502 | tokens=4.79B
step=146070 | loss=3.0250 | lr=1.34e-04 | wd=0.0043 | mom=0.9500 | T=9.0 k=3.5 (mu_rec=8 mu_bwd=4) | grad=1.120 | tok/s=21,370 | tokens=4.79B
step=146080 | loss=2.6880 | lr=1.34e-04 | wd=0.0043 | mom=0.9500 | T=9.5 k=4.0 (mu_rec=8 mu_bwd=4) | grad=0.843 | tok/s=22,754 | tokens=4.79B
step=146090 | loss=3.1433 | lr=1.34e-04 | wd=0.0043 | mom=0.9500 | T=8.5 k=4.0 (mu_rec=8 mu_bwd=4) | grad=1.026 | tok/s=26,249 | tokens=4.79B
step=146100 | loss=3.2276 | lr=1.34e-04 | wd=0.0043 | mom=0.9500 | T=7.8 k=3.5 (mu_rec=8 mu_bwd=4) | grad=1.660 | tok/s=24,809 | tokens=4.79B
step=146110 | loss=3.0499 | lr=1.33e-04 | wd=0.0042 | mom=0.9500 | T=6.8 k=3.8 (mu_rec=8 mu_bwd=4) | grad=0.955 | tok/s=25,222 | tokens=4.79B
step=146120 | loss=3.0533 | lr=1.33e-04 | wd=0.0042 | mom=0.9500 | T=5.2 k=3.5 (mu_rec=8 mu_bwd=4) | grad=0.915 | tok/s=22,822 | tokens=4.79B
step=146130 | loss=3.0614 | lr=1.33e-04 | wd=0.0042 | mom=0.9500 | T=9.0 k=3.8 (mu_rec=8 mu_bwd=4) | grad=0.783 | tok/s=24,342 | tokens=4.79B
step=146140 | loss=2.9232 | lr=1.32e-04 | wd=0.0042 | mom=0.9500 | T=3.8 k=3.5 (mu_rec=8 mu_bwd=4) | grad=2.232 | tok/s=23,781 | tokens=4.79B
step=146150 | loss=2.8761 | lr=1.32e-04 | wd=0.0042 | mom=0.9500 | T=6.0 k=4.0 (mu_rec=8 mu_bwd=4) | grad=0.781 | tok/s=23,214 | tokens=4.79B
step=146160 | loss=2.8801 | lr=1.32e-04 | wd=0.0042 | mom=0.9500 | T=7.0 k=3.8 (mu_rec=8 mu_bwd=4) | grad=1.012 | tok/s=23,178 | tokens=4.79B
step=146170 | loss=2.8990 | lr=1.32e-04 | wd=0.0042 | mom=0.9500 | T=7.0 k=3.8 (mu_rec=8 mu_bwd=4) | grad=0.818 | tok/s=23,321 | tokens=4.79B
step=146180 | loss=3.1193 | lr=1.31e-04 | wd=0.0042 | mom=0.9500 | T=10.2 k=3.8 (mu_rec=8 mu_bwd=4) | grad=1.598 | tok/s=23,441 | tokens=4.79B
step=146190 | loss=2.8578 | lr=1.31e-04 | wd=0.0042 | mom=0.9500 | T=16.8 k=3.8 (mu_rec=8 mu_bwd=4) | grad=0.784 | tok/s=24,495 | tokens=4.79B
step=146200 | loss=3.3464 | lr=1.31e-04 | wd=0.0042 | mom=0.9500 | T=10.0 k=3.8 (mu_rec=8 mu_bwd=4) | grad=0.834 | tok/s=23,311 | tokens=4.79B
step=146210 | loss=2.9305 | lr=1.31e-04 | wd=0.0042 | mom=0.9500 | T=14.8 k=4.0 (mu_rec=8 mu_bwd=4) | grad=1.287 | tok/s=22,029 | tokens=4.79B
step=146220 | loss=2.9222 | lr=1.30e-04 | wd=0.0042 | mom=0.9500 | T=9.8 k=4.0 (mu_rec=8 mu_bwd=4) | grad=0.875 | tok/s=10,132 | tokens=4.79B
step=146230 | loss=2.8749 | lr=1.30e-04 | wd=0.0042 | mom=0.9500 | T=14.0 k=3.5 (mu_rec=8 mu_bwd=4) | grad=0.919 | tok/s=22,120 | tokens=4.79B
step=146240 | loss=3.1705 | lr=1.30e-04 | wd=0.0042 | mom=0.9500 | T=9.0 k=4.0 (mu_rec=8 mu_bwd=4) | grad=0.963 | tok/s=22,639 | tokens=4.79B
step=146250 | loss=3.1227 | lr=1.30e-04 | wd=0.0042 | mom=0.9500 | T=9.5 k=4.0 (mu_rec=8 mu_bwd=4) | grad=0.823 | tok/s=24,125 | tokens=4.79B
step=146260 | loss=2.6933 | lr=1.29e-04 | wd=0.0041 | mom=0.9500 | T=6.5 k=3.2 (mu_rec=8 mu_bwd=4) | grad=0.763 | tok/s=25,954 | tokens=4.79B
step=146270 | loss=2.7653 | lr=1.29e-04 | wd=0.0041 | mom=0.9500 | T=10.8 k=4.0 (mu_rec=8 mu_bwd=4) | grad=0.881 | tok/s=23,705 | tokens=4.79B
step=146280 | loss=2.8822 | lr=1.29e-04 | wd=0.0041 | mom=0.9500 | T=9.5 k=4.0 (mu_rec=8 mu_bwd=4) | grad=1.148 | tok/s=22,191 | tokens=4.79B
step=146290 | loss=2.7683 | lr=1.28e-04 | wd=0.0041 | mom=0.9500 | T=7.8 k=4.0 (mu_rec=8 mu_bwd=4) | grad=1.242 | tok/s=24,873 | tokens=4.79B
step=146300 | loss=2.9100 | lr=1.28e-04 | wd=0.0041 | mom=0.9500 | T=8.5 k=4.0 (mu_rec=8 mu_bwd=4) | grad=1.042 | tok/s=23,813 | tokens=4.79B
step=146310 | loss=3.1610 | lr=1.28e-04 | wd=0.0041 | mom=0.9500 | T=5.2 k=4.0 (mu_rec=8 mu_bwd=4) | grad=0.837 | tok/s=25,350 | tokens=4.79B
step=146320 | loss=3.2273 | lr=1.28e-04 | wd=0.0041 | mom=0.9500 | T=5.2 k=2.2 (mu_rec=8 mu_bwd=4) | grad=2.872 | tok/s=24,464 | tokens=4.79B
step=146330 | loss=3.6157 | lr=1.27e-04 | wd=0.0041 | mom=0.9500 | T=5.2 k=3.2 (mu_rec=8 mu_bwd=4) | grad=1.742 | tok/s=23,547 | tokens=4.79B
step=146340 | loss=3.1337 | lr=1.27e-04 | wd=0.0041 | mom=0.9500 | T=7.0 k=4.0 (mu_rec=8 mu_bwd=4) | grad=0.899 | tok/s=24,458 | tokens=4.80B
step=146350 | loss=2.8504 | lr=1.27e-04 | wd=0.0041 | mom=0.9500 | T=8.0 k=3.8 (mu_rec=8 mu_bwd=4) | grad=0.836 | tok/s=25,690 | tokens=4.80B
step=146360 | loss=3.2338 | lr=1.27e-04 | wd=0.0041 | mom=0.9500 | T=12.5 k=4.0 (mu_rec=8 mu_bwd=4) | grad=3.919 | tok/s=24,753 | tokens=4.80B
step=146370 | loss=3.5168 | lr=1.26e-04 | wd=0.0041 | mom=0.9500 | T=9.2 k=3.8 (mu_rec=8 mu_bwd=4) | grad=1.756 | tok/s=22,616 | tokens=4.80B
step=146380 | loss=2.9547 | lr=1.26e-04 | wd=0.0041 | mom=0.9500 | T=13.0 k=4.0 (mu_rec=8 mu_bwd=4) | grad=1.557 | tok/s=21,763 | tokens=4.80B
step=146390 | loss=3.0583 | lr=1.26e-04 | wd=0.0041 | mom=0.9500 | T=10.5 k=3.2 (mu_rec=8 mu_bwd=4) | grad=1.287 | tok/s=9,679 | tokens=4.80B
step=146400 | loss=3.1784 | lr=1.26e-04 | wd=0.0041 | mom=0.9500 | T=5.2 k=3.8 (mu_rec=8 mu_bwd=4) | grad=1.279 | tok/s=22,832 | tokens=4.80B
step=146410 | loss=3.2656 | lr=1.25e-04 | wd=0.0040 | mom=0.9500 | T=11.5 k=4.0 (mu_rec=8 mu_bwd=4) | grad=0.740 | tok/s=23,528 | tokens=4.80B
step=146420 | loss=3.3500 | lr=1.25e-04 | wd=0.0040 | mom=0.9500 | T=9.8 k=3.8 (mu_rec=8 mu_bwd=4) | grad=1.175 | tok/s=25,152 | tokens=4.80B
step=146430 | loss=2.9720 | lr=1.25e-04 | wd=0.0040 | mom=0.9500 | T=7.2 k=3.5 (mu_rec=8 mu_bwd=4) | grad=1.621 | tok/s=25,293 | tokens=4.80B
step=146440 | loss=3.1546 | lr=1.24e-04 | wd=0.0040 | mom=0.9500 | T=5.8 k=3.8 (mu_rec=8 mu_bwd=4) | grad=1.894 | tok/s=23,252 | tokens=4.80B
step=146450 | loss=3.1140 | lr=1.24e-04 | wd=0.0040 | mom=0.9500 | T=7.5 k=4.0 (mu_rec=8 mu_bwd=4) | grad=0.857 | tok/s=22,920 | tokens=4.80B
step=146460 | loss=3.0057 | lr=1.24e-04 | wd=0.0040 | mom=0.9500 | T=7.0 k=2.8 (mu_rec=8 mu_bwd=4) | grad=1.812 | tok/s=24,924 | tokens=4.80B
step=146470 | loss=3.1132 | lr=1.24e-04 | wd=0.0040 | mom=0.9500 | T=8.5 k=4.0 (mu_rec=8 mu_bwd=4) | grad=0.960 | tok/s=23,127 | tokens=4.80B
step=146480 | loss=3.2493 | lr=1.23e-04 | wd=0.0040 | mom=0.9500 | T=8.0 k=4.0 (mu_rec=8 mu_bwd=4) | grad=1.371 | tok/s=23,807 | tokens=4.80B
step=146490 | loss=2.9908 | lr=1.23e-04 | wd=0.0040 | mom=0.9500 | T=5.2 k=4.0 (mu_rec=8 mu_bwd=4) | grad=1.321 | tok/s=23,047 | tokens=4.80B
step=146500 | loss=2.9482 | lr=1.23e-04 | wd=0.0040 | mom=0.9500 | T=9.5 k=4.0 (mu_rec=8 mu_bwd=4) | grad=0.875 | tok/s=22,299 | tokens=4.80B
step=146510 | loss=2.8815 | lr=1.23e-04 | wd=0.0040 | mom=0.9500 | T=4.5 k=3.2 (mu_rec=8 mu_bwd=4) | grad=1.248 | tok/s=24,759 | tokens=4.80B
step=146520 | loss=3.0768 | lr=1.22e-04 | wd=0.0040 | mom=0.9500 | T=7.0 k=3.8 (mu_rec=8 mu_bwd=4) | grad=0.805 | tok/s=22,807 | tokens=4.80B
step=146530 | loss=2.9388 | lr=1.22e-04 | wd=0.0040 | mom=0.9500 | T=5.2 k=2.8 (mu_rec=8 mu_bwd=4) | grad=1.225 | tok/s=25,608 | tokens=4.80B
step=146540 | loss=2.9322 | lr=1.22e-04 | wd=0.0040 | mom=0.9500 | T=13.0 k=4.0 (mu_rec=8 mu_bwd=4) | grad=0.765 | tok/s=23,851 | tokens=4.80B
step=146550 | loss=2.9599 | lr=1.22e-04 | wd=0.0040 | mom=0.9500 | T=8.5 k=3.5 (mu_rec=8 mu_bwd=4) | grad=1.025 | tok/s=24,055 | tokens=4.80B
step=146560 | loss=2.9063 | lr=1.21e-04 | wd=0.0040 | mom=0.9500 | T=10.0 k=4.0 (mu_rec=8 mu_bwd=4) | grad=0.813 | tok/s=22,890 | tokens=4.80B
step=146570 | loss=2.8985 | lr=1.21e-04 | wd=0.0039 | mom=0.9500 | T=8.8 k=4.0 (mu_rec=8 mu_bwd=4) | grad=1.238 | tok/s=23,774 | tokens=4.80B
step=146580 | loss=3.0283 | lr=1.21e-04 | wd=0.0039 | mom=0.9500 | T=5.0 k=3.2 (mu_rec=8 mu_bwd=4) | grad=1.604 | tok/s=22,547 | tokens=4.80B
step=146590 | loss=3.4511 | lr=1.21e-04 | wd=0.0039 | mom=0.9500 | T=5.5 k=3.8 (mu_rec=8 mu_bwd=4) | grad=1.184 | tok/s=25,309 | tokens=4.80B
step=146600 | loss=2.9368 | lr=1.20e-04 | wd=0.0039 | mom=0.9500 | T=6.2 k=2.5 (mu_rec=8 mu_bwd=4) | grad=1.649 | tok/s=25,436 | tokens=4.80B
step=146610 | loss=2.9308 | lr=1.20e-04 | wd=0.0039 | mom=0.9500 | T=7.5 k=3.5 (mu_rec=8 mu_bwd=4) | grad=0.783 | tok/s=23,913 | tokens=4.80B
step=146620 | loss=2.7806 | lr=1.20e-04 | wd=0.0039 | mom=0.9500 | T=13.2 k=4.0 (mu_rec=8 mu_bwd=4) | grad=0.960 | tok/s=23,246 | tokens=4.80B
step=146630 | loss=3.0255 | lr=1.19e-04 | wd=0.0039 | mom=0.9500 | T=13.0 k=4.0 (mu_rec=8 mu_bwd=4) | grad=0.842 | tok/s=22,689 | tokens=4.80B
step=146640 | loss=2.9578 | lr=1.19e-04 | wd=0.0039 | mom=0.9500 | T=4.5 k=3.5 (mu_rec=8 mu_bwd=4) | grad=0.821 | tok/s=23,904 | tokens=4.81B
step=146650 | loss=3.1135 | lr=1.19e-04 | wd=0.0039 | mom=0.9500 | T=7.5 k=3.8 (mu_rec=8 mu_bwd=4) | grad=0.975 | tok/s=24,278 | tokens=4.81B
step=146660 | loss=3.1018 | lr=1.19e-04 | wd=0.0039 | mom=0.9500 | T=10.2 k=3.5 (mu_rec=8 mu_bwd=4) | grad=0.984 | tok/s=22,597 | tokens=4.81B
step=146670 | loss=3.1160 | lr=1.18e-04 | wd=0.0039 | mom=0.9500 | T=8.5 k=3.5 (mu_rec=8 mu_bwd=4) | grad=0.875 | tok/s=22,299 | tokens=4.81B
step=146680 | loss=2.4511 | lr=1.18e-04 | wd=0.0039 | mom=0.9500 | T=10.2 k=4.0 (mu_rec=8 mu_bwd=4) | grad=1.424 | tok/s=24,153 | tokens=4.81B
step=146690 | loss=2.8770 | lr=1.18e-04 | wd=0.0039 | mom=0.9500 | T=10.5 k=4.0 (mu_rec=8 mu_bwd=4) | grad=1.278 | tok/s=22,849 | tokens=4.81B
step=146700 | loss=2.6389 | lr=1.18e-04 | wd=0.0039 | mom=0.9500 | T=6.0 k=3.5 (mu_rec=8 mu_bwd=4) | grad=0.921 | tok/s=24,869 | tokens=4.81B
step=146710 | loss=2.9742 | lr=1.17e-04 | wd=0.0039 | mom=0.9500 | T=11.8 k=4.0 (mu_rec=8 mu_bwd=4) | grad=0.983 | tok/s=23,894 | tokens=4.81B
step=146720 | loss=2.8727 | lr=1.17e-04 | wd=0.0038 | mom=0.9500 | T=5.5 k=4.0 (mu_rec=8 mu_bwd=4) | grad=0.883 | tok/s=26,250 | tokens=4.81B
step=146730 | loss=2.8043 | lr=1.17e-04 | wd=0.0038 | mom=0.9500 | T=7.5 k=4.0 (mu_rec=8 mu_bwd=4) | grad=0.971 | tok/s=24,220 | tokens=4.81B
step=146740 | loss=2.8268 | lr=1.17e-04 | wd=0.0038 | mom=0.9500 | T=5.0 k=3.2 (mu_rec=8 mu_bwd=4) | grad=0.906 | tok/s=25,356 | tokens=4.81B
step=146750 | loss=3.1713 | lr=1.16e-04 | wd=0.0038 | mom=0.9500 | T=5.8 k=3.8 (mu_rec=8 mu_bwd=4) | grad=1.054 | tok/s=25,529 | tokens=4.81B
step=146760 | loss=2.8045 | lr=1.16e-04 | wd=0.0038 | mom=0.9500 | T=5.8 k=4.0 (mu_rec=8 mu_bwd=4) | grad=0.783 | tok/s=24,206 | tokens=4.81B
step=146770 | loss=2.8565 | lr=1.16e-04 | wd=0.0038 | mom=0.9500 | T=6.8 k=3.8 (mu_rec=8 mu_bwd=4) | grad=1.006 | tok/s=23,271 | tokens=4.81B
step=146780 | loss=2.6232 | lr=1.16e-04 | wd=0.0038 | mom=0.9500 | T=4.2 k=3.2 (mu_rec=8 mu_bwd=4) | grad=1.021 | tok/s=24,163 | tokens=4.81B
step=146790 | loss=2.8619 | lr=1.15e-04 | wd=0.0038 | mom=0.9500 | T=5.5 k=4.0 (mu_rec=8 mu_bwd=4) | grad=0.877 | tok/s=24,120 | tokens=4.81B
step=146800 | loss=2.8533 | lr=1.15e-04 | wd=0.0038 | mom=0.9500 | T=3.5 k=3.2 (mu_rec=8 mu_bwd=4) | grad=1.536 | tok/s=24,296 | tokens=4.81B
step=146810 | loss=2.9593 | lr=1.15e-04 | wd=0.0038 | mom=0.9500 | T=10.0 k=4.0 (mu_rec=8 mu_bwd=4) | grad=0.908 | tok/s=23,583 | tokens=4.81B
step=146820 | loss=3.1228 | lr=1.15e-04 | wd=0.0038 | mom=0.9500 | T=5.0 k=3.0 (mu_rec=8 mu_bwd=4) | grad=0.830 | tok/s=24,145 | tokens=4.81B
step=146830 | loss=3.0042 | lr=1.14e-04 | wd=0.0038 | mom=0.9500 | T=5.8 k=3.8 (mu_rec=8 mu_bwd=4) | grad=0.938 | tok/s=23,691 | tokens=4.81B
step=146840 | loss=3.3143 | lr=1.14e-04 | wd=0.0038 | mom=0.9500 | T=8.2 k=4.0 (mu_rec=8 mu_bwd=4) | grad=0.888 | tok/s=22,837 | tokens=4.81B
step=146850 | loss=3.4789 | lr=1.14e-04 | wd=0.0038 | mom=0.9500 | T=3.8 k=3.0 (mu_rec=8 mu_bwd=4) | grad=2.885 | tok/s=23,617 | tokens=4.81B
step=146860 | loss=3.1703 | lr=1.13e-04 | wd=0.0038 | mom=0.9500 | T=5.2 k=3.2 (mu_rec=8 mu_bwd=4) | grad=1.061 | tok/s=25,101 | tokens=4.81B
step=146870 | loss=3.2356 | lr=1.13e-04 | wd=0.0037 | mom=0.9500 | T=13.8 k=4.0 (mu_rec=8 mu_bwd=4) | grad=1.242 | tok/s=21,563 | tokens=4.81B
step=146880 | loss=3.3117 | lr=1.13e-04 | wd=0.0037 | mom=0.9500 | T=9.0 k=4.0 (mu_rec=8 mu_bwd=4) | grad=0.814 | tok/s=24,158 | tokens=4.81B
step=146890 | loss=3.0172 | lr=1.13e-04 | wd=0.0037 | mom=0.9500 | T=6.8 k=3.8 (mu_rec=8 mu_bwd=4) | grad=0.862 | tok/s=24,629 | tokens=4.81B
step=146900 | loss=2.8403 | lr=1.12e-04 | wd=0.0037 | mom=0.9500 | T=7.5 k=3.5 (mu_rec=8 mu_bwd=4) | grad=1.028 | tok/s=22,644 | tokens=4.81B
step=146910 | loss=2.9056 | lr=1.12e-04 | wd=0.0037 | mom=0.9500 | T=9.0 k=3.8 (mu_rec=8 mu_bwd=4) | grad=1.242 | tok/s=23,290 | tokens=4.81B
step=146920 | loss=2.8446 | lr=1.12e-04 | wd=0.0037 | mom=0.9500 | T=8.8 k=4.0 (mu_rec=8 mu_bwd=4) | grad=0.779 | tok/s=24,994 | tokens=4.81B
step=146930 | loss=2.8360 | lr=1.12e-04 | wd=0.0037 | mom=0.9500 | T=14.0 k=4.0 (mu_rec=8 mu_bwd=4) | grad=1.047 | tok/s=21,823 | tokens=4.81B
step=146940 | loss=2.8096 | lr=1.11e-04 | wd=0.0037 | mom=0.9500 | T=9.2 k=4.0 (mu_rec=8 mu_bwd=4) | grad=0.885 | tok/s=24,411 | tokens=4.81B
step=146950 | loss=2.8003 | lr=1.11e-04 | wd=0.0037 | mom=0.9500 | T=5.2 k=3.2 (mu_rec=8 mu_bwd=4) | grad=1.875 | tok/s=24,911 | tokens=4.82B
step=146960 | loss=3.1270 | lr=1.11e-04 | wd=0.0037 | mom=0.9500 | T=10.2 k=4.0 (mu_rec=8 mu_bwd=4) | grad=18.752 | tok/s=22,850 | tokens=4.82B
step=146970 | loss=2.6448 | lr=1.11e-04 | wd=0.0037 | mom=0.9500 | T=10.5 k=4.0 (mu_rec=8 mu_bwd=4) | grad=0.794 | tok/s=22,010 | tokens=4.82B
step=146980 | loss=2.8524 | lr=1.10e-04 | wd=0.0037 | mom=0.9500 | T=5.2 k=3.2 (mu_rec=8 mu_bwd=4) | grad=0.999 | tok/s=24,956 | tokens=4.82B
step=146990 | loss=2.7986 | lr=1.10e-04 | wd=0.0037 | mom=0.9500 | T=7.0 k=3.8 (mu_rec=8 mu_bwd=4) | grad=1.306 | tok/s=23,223 | tokens=4.82B
step=147000 | loss=2.9955 | lr=1.10e-04 | wd=0.0037 | mom=0.9500 | T=7.2 k=3.8 (mu_rec=8 mu_bwd=4) | grad=0.850 | tok/s=24,340 | tokens=4.82B
step=147010 | loss=2.9440 | lr=1.10e-04 | wd=0.0037 | mom=0.9500 | T=7.0 k=3.0 (mu_rec=8 mu_bwd=4) | grad=0.899 | tok/s=23,032 | tokens=4.82B
step=147020 | loss=2.9649 | lr=1.09e-04 | wd=0.0036 | mom=0.9500 | T=9.0 k=4.0 (mu_rec=8 mu_bwd=4) | grad=0.898 | tok/s=10,108 | tokens=4.82B
step=147030 | loss=3.0509 | lr=1.09e-04 | wd=0.0036 | mom=0.9500 | T=6.2 k=4.0 (mu_rec=8 mu_bwd=4) | grad=1.105 | tok/s=22,127 | tokens=4.82B
step=147040 | loss=2.9422 | lr=1.09e-04 | wd=0.0036 | mom=0.9500 | T=4.0 k=3.8 (mu_rec=8 mu_bwd=4) | grad=0.960 | tok/s=25,354 | tokens=4.82B
step=147050 | loss=3.1572 | lr=1.09e-04 | wd=0.0036 | mom=0.9500 | T=3.0 k=2.5 (mu_rec=8 mu_bwd=4) | grad=1.331 | tok/s=23,428 | tokens=4.82B
step=147060 | loss=3.0777 | lr=1.08e-04 | wd=0.0036 | mom=0.9500 | T=6.8 k=3.5 (mu_rec=8 mu_bwd=4) | grad=0.871 | tok/s=23,877 | tokens=4.82B
step=147070 | loss=2.9835 | lr=1.08e-04 | wd=0.0036 | mom=0.9500 | T=3.8 k=2.8 (mu_rec=8 mu_bwd=4) | grad=2.889 | tok/s=25,775 | tokens=4.82B
step=147080 | loss=2.9314 | lr=1.08e-04 | wd=0.0036 | mom=0.9500 | T=7.2 k=4.0 (mu_rec=8 mu_bwd=4) | grad=1.040 | tok/s=22,289 | tokens=4.82B
step=147090 | loss=3.0654 | lr=1.08e-04 | wd=0.0036 | mom=0.9500 | T=10.8 k=4.0 (mu_rec=8 mu_bwd=4) | grad=1.135 | tok/s=21,901 | tokens=4.82B
step=147100 | loss=3.0092 | lr=1.07e-04 | wd=0.0036 | mom=0.9500 | T=10.8 k=4.0 (mu_rec=8 mu_bwd=4) | grad=0.967 | tok/s=24,283 | tokens=4.82B
step=147110 | loss=3.2922 | lr=1.07e-04 | wd=0.0036 | mom=0.9500 | T=5.0 k=2.8 (mu_rec=8 mu_bwd=4) | grad=0.997 | tok/s=24,274 | tokens=4.82B
step=147120 | loss=3.0139 | lr=1.07e-04 | wd=0.0036 | mom=0.9500 | T=9.0 k=3.2 (mu_rec=8 mu_bwd=4) | grad=1.340 | tok/s=23,259 | tokens=4.82B
step=147130 | loss=2.6893 | lr=1.07e-04 | wd=0.0036 | mom=0.9500 | T=8.5 k=4.0 (mu_rec=8 mu_bwd=4) | grad=1.009 | tok/s=23,435 | tokens=4.82B
step=147140 | loss=3.0434 | lr=1.06e-04 | wd=0.0036 | mom=0.9500 | T=4.8 k=2.5 (mu_rec=8 mu_bwd=4) | grad=0.935 | tok/s=26,000 | tokens=4.82B
step=147150 | loss=3.1284 | lr=1.06e-04 | wd=0.0036 | mom=0.9500 | T=4.8 k=3.8 (mu_rec=8 mu_bwd=4) | grad=0.901 | tok/s=24,115 | tokens=4.82B
step=147160 | loss=3.0176 | lr=1.06e-04 | wd=0.0036 | mom=0.9500 | T=10.2 k=4.0 (mu_rec=8 mu_bwd=4) | grad=0.905 | tok/s=24,773 | tokens=4.82B
step=147170 | loss=2.7770 | lr=1.06e-04 | wd=0.0036 | mom=0.9500 | T=11.2 k=3.5 (mu_rec=8 mu_bwd=4) | grad=0.879 | tok/s=23,486 | tokens=4.82B
step=147180 | loss=2.9989 | lr=1.05e-04 | wd=0.0035 | mom=0.9500 | T=7.8 k=4.0 (mu_rec=8 mu_bwd=4) | grad=0.873 | tok/s=24,232 | tokens=4.82B
step=147190 | loss=3.3023 | lr=1.05e-04 | wd=0.0035 | mom=0.9500 | T=9.0 k=4.0 (mu_rec=8 mu_bwd=4) | grad=1.053 | tok/s=23,164 | tokens=4.82B
step=147200 | loss=3.0676 | lr=1.05e-04 | wd=0.0035 | mom=0.9500 | T=4.5 k=3.5 (mu_rec=8 mu_bwd=4) | grad=0.817 | tok/s=25,538 | tokens=4.82B
step=147210 | loss=3.0833 | lr=1.05e-04 | wd=0.0035 | mom=0.9500 | T=6.5 k=4.0 (mu_rec=8 mu_bwd=4) | grad=0.858 | tok/s=24,308 | tokens=4.82B
step=147220 | loss=3.3923 | lr=1.04e-04 | wd=0.0035 | mom=0.9500 | T=11.8 k=3.8 (mu_rec=8 mu_bwd=4) | grad=1.452 | tok/s=21,452 | tokens=4.82B
step=147230 | loss=2.9645 | lr=1.04e-04 | wd=0.0035 | mom=0.9500 | T=7.5 k=4.0 (mu_rec=8 mu_bwd=4) | grad=1.726 | tok/s=23,121 | tokens=4.82B
step=147240 | loss=2.9112 | lr=1.04e-04 | wd=0.0035 | mom=0.9500 | T=6.2 k=4.0 (mu_rec=8 mu_bwd=4) | grad=1.300 | tok/s=24,697 | tokens=4.82B
step=147250 | loss=3.0995 | lr=1.04e-04 | wd=0.0035 | mom=0.9500 | T=8.0 k=3.8 (mu_rec=8 mu_bwd=4) | grad=0.871 | tok/s=25,298 | tokens=4.83B
step=147260 | loss=2.4475 | lr=1.03e-04 | wd=0.0035 | mom=0.9500 | T=9.2 k=4.0 (mu_rec=8 mu_bwd=4) | grad=0.854 | tok/s=24,186 | tokens=4.83B
step=147270 | loss=2.8017 | lr=1.03e-04 | wd=0.0035 | mom=0.9500 | T=9.5 k=4.0 (mu_rec=8 mu_bwd=4) | grad=1.341 | tok/s=22,487 | tokens=4.83B
step=147280 | loss=3.2321 | lr=1.03e-04 | wd=0.0035 | mom=0.9500 | T=4.2 k=3.0 (mu_rec=8 mu_bwd=4) | grad=1.768 | tok/s=24,682 | tokens=4.83B
step=147290 | loss=3.1843 | lr=1.03e-04 | wd=0.0035 | mom=0.9500 | T=12.2 k=4.0 (mu_rec=8 mu_bwd=4) | grad=1.868 | tok/s=21,270 | tokens=4.83B
step=147300 | loss=2.7665 | lr=1.02e-04 | wd=0.0035 | mom=0.9500 | T=8.0 k=4.0 (mu_rec=8 mu_bwd=4) | grad=0.803 | tok/s=23,826 | tokens=4.83B
step=147310 | loss=2.9935 | lr=1.02e-04 | wd=0.0035 | mom=0.9500 | T=4.5 k=3.5 (mu_rec=8 mu_bwd=4) | grad=0.886 | tok/s=23,719 | tokens=4.83B
step=147320 | loss=3.0035 | lr=1.02e-04 | wd=0.0035 | mom=0.9500 | T=7.2 k=2.8 (mu_rec=8 mu_bwd=4) | grad=1.132 | tok/s=22,536 | tokens=4.83B
step=147330 | loss=2.9850 | lr=1.02e-04 | wd=0.0034 | mom=0.9500 | T=4.8 k=2.8 (mu_rec=8 mu_bwd=4) | grad=1.073 | tok/s=23,357 | tokens=4.83B
step=147340 | loss=2.6618 | lr=1.01e-04 | wd=0.0034 | mom=0.9500 | T=6.5 k=4.0 (mu_rec=8 mu_bwd=4) | grad=0.946 | tok/s=23,534 | tokens=4.83B
step=147350 | loss=3.0213 | lr=1.01e-04 | wd=0.0034 | mom=0.9500 | T=10.5 k=3.5 (mu_rec=8 mu_bwd=4) | grad=1.057 | tok/s=22,101 | tokens=4.83B
step=147360 | loss=3.0524 | lr=1.01e-04 | wd=0.0034 | mom=0.9500 | T=10.0 k=4.0 (mu_rec=8 mu_bwd=4) | grad=0.861 | tok/s=10,108 | tokens=4.83B
step=147370 | loss=3.2641 | lr=1.01e-04 | wd=0.0034 | mom=0.9500 | T=5.8 k=4.0 (mu_rec=8 mu_bwd=4) | grad=1.146 | tok/s=22,436 | tokens=4.83B
step=147380 | loss=3.4811 | lr=1.00e-04 | wd=0.0034 | mom=0.9500 | T=7.2 k=4.0 (mu_rec=8 mu_bwd=4) | grad=1.019 | tok/s=23,579 | tokens=4.83B
step=147390 | loss=2.8748 | lr=1.00e-04 | wd=0.0034 | mom=0.9500 | T=7.2 k=4.0 (mu_rec=8 mu_bwd=4) | grad=1.147 | tok/s=21,882 | tokens=4.83B
step=147400 | loss=2.9520 | lr=1.00e-04 | wd=0.0034 | mom=0.9500 | T=14.5 k=4.0 (mu_rec=8 mu_bwd=4) | grad=1.667 | tok/s=23,051 | tokens=4.83B
step=147410 | loss=3.0057 | lr=9.97e-05 | wd=0.0034 | mom=0.9500 | T=6.8 k=3.8 (mu_rec=8 mu_bwd=4) | grad=3.081 | tok/s=23,136 | tokens=4.83B
step=147420 | loss=3.0975 | lr=9.95e-05 | wd=0.0034 | mom=0.9500 | T=6.5 k=3.8 (mu_rec=8 mu_bwd=4) | grad=0.874 | tok/s=23,628 | tokens=4.83B
step=147430 | loss=2.9388 | lr=9.92e-05 | wd=0.0034 | mom=0.9500 | T=9.2 k=3.8 (mu_rec=8 mu_bwd=4) | grad=1.171 | tok/s=23,261 | tokens=4.83B
step=147440 | loss=2.9149 | lr=9.90e-05 | wd=0.0034 | mom=0.9500 | T=5.0 k=4.0 (mu_rec=8 mu_bwd=4) | grad=0.955 | tok/s=22,587 | tokens=4.83B
step=147450 | loss=3.0062 | lr=9.88e-05 | wd=0.0034 | mom=0.9500 | T=11.2 k=3.8 (mu_rec=8 mu_bwd=4) | grad=0.792 | tok/s=22,400 | tokens=4.83B
step=147460 | loss=2.8711 | lr=9.85e-05 | wd=0.0034 | mom=0.9500 | T=9.0 k=3.5 (mu_rec=8 mu_bwd=4) | grad=0.833 | tok/s=23,466 | tokens=4.83B
step=147470 | loss=3.1789 | lr=9.83e-05 | wd=0.0034 | mom=0.9500 | T=6.8 k=4.0 (mu_rec=8 mu_bwd=4) | grad=0.800 | tok/s=26,412 | tokens=4.83B
step=147480 | loss=3.0035 | lr=9.80e-05 | wd=0.0033 | mom=0.9500 | T=10.8 k=4.0 (mu_rec=8 mu_bwd=4) | grad=1.365 | tok/s=22,725 | tokens=4.83B
step=147490 | loss=3.4626 | lr=9.78e-05 | wd=0.0033 | mom=0.9500 | T=12.2 k=4.0 (mu_rec=8 mu_bwd=4) | grad=1.638 | tok/s=22,715 | tokens=4.83B
step=147500 | loss=3.0332 | lr=9.75e-05 | wd=0.0033 | mom=0.9500 | T=6.8 k=4.0 (mu_rec=8 mu_bwd=4) | grad=1.144 | tok/s=23,503 | tokens=4.83B
step=147510 | loss=2.9957 | lr=9.73e-05 | wd=0.0033 | mom=0.9500 | T=7.8 k=4.0 (mu_rec=8 mu_bwd=4) | grad=1.276 | tok/s=22,994 | tokens=4.83B
step=147520 | loss=2.6804 | lr=9.71e-05 | wd=0.0033 | mom=0.9500 | T=7.8 k=4.0 (mu_rec=8 mu_bwd=4) | grad=1.162 | tok/s=22,490 | tokens=4.83B
step=147530 | loss=2.9919 | lr=9.68e-05 | wd=0.0033 | mom=0.9500 | T=9.2 k=3.8 (mu_rec=8 mu_bwd=4) | grad=1.404 | tok/s=23,912 | tokens=4.83B
step=147540 | loss=2.9602 | lr=9.66e-05 | wd=0.0033 | mom=0.9500 | T=6.8 k=4.0 (mu_rec=8 mu_bwd=4) | grad=1.117 | tok/s=22,746 | tokens=4.83B
step=147550 | loss=2.9608 | lr=9.63e-05 | wd=0.0033 | mom=0.9500 | T=11.8 k=4.0 (mu_rec=8 mu_bwd=4) | grad=1.477 | tok/s=23,847 | tokens=4.83B
step=147560 | loss=3.0575 | lr=9.61e-05 | wd=0.0033 | mom=0.9500 | T=9.5 k=3.2 (mu_rec=8 mu_bwd=4) | grad=1.048 | tok/s=22,965 | tokens=4.84B
step=147570 | loss=3.0155 | lr=9.59e-05 | wd=0.0033 | mom=0.9500 | T=7.2 k=4.0 (mu_rec=8 mu_bwd=4) | grad=0.999 | tok/s=22,821 | tokens=4.84B
step=147580 | loss=2.8729 | lr=9.56e-05 | wd=0.0033 | mom=0.9500 | T=11.8 k=4.0 (mu_rec=8 mu_bwd=4) | grad=0.885 | tok/s=23,098 | tokens=4.84B
step=147590 | loss=3.0439 | lr=9.54e-05 | wd=0.0033 | mom=0.9500 | T=6.0 k=3.8 (mu_rec=8 mu_bwd=4) | grad=1.874 | tok/s=23,778 | tokens=4.84B
step=147600 | loss=3.0261 | lr=9.52e-05 | wd=0.0033 | mom=0.9500 | T=8.0 k=3.5 (mu_rec=8 mu_bwd=4) | grad=2.589 | tok/s=24,143 | tokens=4.84B
step=147610 | loss=2.9516 | lr=9.49e-05 | wd=0.0033 | mom=0.9500 | T=6.8 k=3.5 (mu_rec=8 mu_bwd=4) | grad=1.488 | tok/s=23,779 | tokens=4.84B
step=147620 | loss=2.9717 | lr=9.47e-05 | wd=0.0033 | mom=0.9500 | T=5.0 k=3.2 (mu_rec=8 mu_bwd=4) | grad=1.186 | tok/s=24,559 | tokens=4.84B
step=147630 | loss=2.9002 | lr=9.44e-05 | wd=0.0032 | mom=0.9500 | T=5.8 k=4.0 (mu_rec=8 mu_bwd=4) | grad=1.223 | tok/s=22,149 | tokens=4.84B
step=147640 | loss=2.7251 | lr=9.42e-05 | wd=0.0032 | mom=0.9500 | T=9.5 k=4.0 (mu_rec=8 mu_bwd=4) | grad=0.949 | tok/s=22,459 | tokens=4.84B
step=147650 | loss=2.9660 | lr=9.40e-05 | wd=0.0032 | mom=0.9500 | T=7.2 k=3.8 (mu_rec=8 mu_bwd=4) | grad=0.899 | tok/s=22,962 | tokens=4.84B
step=147660 | loss=2.7708 | lr=9.37e-05 | wd=0.0032 | mom=0.9500 | T=7.5 k=3.2 (mu_rec=8 mu_bwd=4) | grad=1.123 | tok/s=23,784 | tokens=4.84B
step=147670 | loss=3.2035 | lr=9.35e-05 | wd=0.0032 | mom=0.9500 | T=8.2 k=3.5 (mu_rec=8 mu_bwd=4) | grad=0.869 | tok/s=26,223 | tokens=4.84B
step=147680 | loss=2.9479 | lr=9.33e-05 | wd=0.0032 | mom=0.9500 | T=11.0 k=4.0 (mu_rec=8 mu_bwd=4) | grad=0.936 | tok/s=21,422 | tokens=4.84B
step=147690 | loss=2.9462 | lr=9.30e-05 | wd=0.0032 | mom=0.9500 | T=10.5 k=3.8 (mu_rec=8 mu_bwd=4) | grad=0.910 | tok/s=23,662 | tokens=4.84B
step=147700 | loss=3.1937 | lr=9.28e-05 | wd=0.0032 | mom=0.9500 | T=6.2 k=3.5 (mu_rec=8 mu_bwd=4) | grad=1.265 | tok/s=23,571 | tokens=4.84B
step=147710 | loss=2.7617 | lr=9.26e-05 | wd=0.0032 | mom=0.9500 | T=3.5 k=3.2 (mu_rec=8 mu_bwd=4) | grad=1.319 | tok/s=23,523 | tokens=4.84B
step=147720 | loss=2.3983 | lr=9.23e-05 | wd=0.0032 | mom=0.9500 | T=5.2 k=3.8 (mu_rec=8 mu_bwd=4) | grad=0.835 | tok/s=23,032 | tokens=4.84B
step=147730 | loss=2.7611 | lr=9.21e-05 | wd=0.0032 | mom=0.9500 | T=6.2 k=3.8 (mu_rec=8 mu_bwd=4) | grad=1.006 | tok/s=22,801 | tokens=4.84B
step=147740 | loss=2.5323 | lr=9.19e-05 | wd=0.0032 | mom=0.9500 | T=11.2 k=4.0 (mu_rec=8 mu_bwd=4) | grad=0.879 | tok/s=24,436 | tokens=4.84B
step=147750 | loss=2.9601 | lr=9.16e-05 | wd=0.0032 | mom=0.9500 | T=12.5 k=3.8 (mu_rec=8 mu_bwd=4) | grad=0.992 | tok/s=24,436 | tokens=4.84B
step=147760 | loss=2.6723 | lr=9.14e-05 | wd=0.0032 | mom=0.9500 | T=7.2 k=4.0 (mu_rec=8 mu_bwd=4) | grad=1.057 | tok/s=22,273 | tokens=4.84B
step=147770 | loss=2.9025 | lr=9.12e-05 | wd=0.0032 | mom=0.9500 | T=9.2 k=3.5 (mu_rec=8 mu_bwd=4) | grad=1.180 | tok/s=23,838 | tokens=4.84B
step=147780 | loss=2.5484 | lr=9.09e-05 | wd=0.0032 | mom=0.9500 | T=4.5 k=3.5 (mu_rec=8 mu_bwd=4) | grad=0.898 | tok/s=23,748 | tokens=4.84B
step=147790 | loss=2.8157 | lr=9.07e-05 | wd=0.0031 | mom=0.9500 | T=7.0 k=4.0 (mu_rec=8 mu_bwd=4) | grad=1.978 | tok/s=23,584 | tokens=4.84B
step=147800 | loss=3.0106 | lr=9.05e-05 | wd=0.0031 | mom=0.9500 | T=4.0 k=2.8 (mu_rec=8 mu_bwd=4) | grad=0.994 | tok/s=23,807 | tokens=4.84B
step=147810 | loss=2.8314 | lr=9.02e-05 | wd=0.0031 | mom=0.9500 | T=6.5 k=3.8 (mu_rec=8 mu_bwd=4) | grad=1.075 | tok/s=26,508 | tokens=4.84B
step=147820 | loss=3.1111 | lr=9.00e-05 | wd=0.0031 | mom=0.9500 | T=2.2 k=2.2 (mu_rec=8 mu_bwd=4) | grad=1.060 | tok/s=24,182 | tokens=4.84B
step=147830 | loss=2.9883 | lr=8.98e-05 | wd=0.0031 | mom=0.9500 | T=9.2 k=4.0 (mu_rec=8 mu_bwd=4) | grad=0.938 | tok/s=22,972 | tokens=4.84B
step=147840 | loss=3.0814 | lr=8.95e-05 | wd=0.0031 | mom=0.9500 | T=10.8 k=4.0 (mu_rec=8 mu_bwd=4) | grad=1.509 | tok/s=22,953 | tokens=4.84B
step=147850 | loss=3.0399 | lr=8.93e-05 | wd=0.0031 | mom=0.9500 | T=9.0 k=3.8 (mu_rec=8 mu_bwd=4) | grad=1.240 | tok/s=24,097 | tokens=4.84B
step=147860 | loss=2.7705 | lr=8.91e-05 | wd=0.0031 | mom=0.9500 | T=6.2 k=4.0 (mu_rec=8 mu_bwd=4) | grad=0.888 | tok/s=25,332 | tokens=4.85B
step=147870 | loss=2.9145 | lr=8.88e-05 | wd=0.0031 | mom=0.9500 | T=10.2 k=4.0 (mu_rec=8 mu_bwd=4) | grad=1.073 | tok/s=24,983 | tokens=4.85B
step=147880 | loss=2.8648 | lr=8.86e-05 | wd=0.0031 | mom=0.9500 | T=7.2 k=3.2 (mu_rec=8 mu_bwd=4) | grad=0.960 | tok/s=22,247 | tokens=4.85B
step=147890 | loss=2.7306 | lr=8.84e-05 | wd=0.0031 | mom=0.9500 | T=6.5 k=4.0 (mu_rec=8 mu_bwd=4) | grad=1.226 | tok/s=24,463 | tokens=4.85B
step=147900 | loss=3.1514 | lr=8.82e-05 | wd=0.0031 | mom=0.9500 | T=15.2 k=4.0 (mu_rec=8 mu_bwd=4) | grad=0.950 | tok/s=10,845 | tokens=4.85B
step=147910 | loss=2.6230 | lr=8.79e-05 | wd=0.0031 | mom=0.9500 | T=7.8 k=4.0 (mu_rec=8 mu_bwd=4) | grad=0.899 | tok/s=23,589 | tokens=4.85B
step=147920 | loss=2.6856 | lr=8.77e-05 | wd=0.0031 | mom=0.9500 | T=7.8 k=3.8 (mu_rec=8 mu_bwd=4) | grad=0.895 | tok/s=24,235 | tokens=4.85B
step=147930 | loss=2.7767 | lr=8.75e-05 | wd=0.0031 | mom=0.9500 | T=9.5 k=4.0 (mu_rec=8 mu_bwd=4) | grad=0.822 | tok/s=23,681 | tokens=4.85B
step=147940 | loss=2.9796 | lr=8.72e-05 | wd=0.0030 | mom=0.9500 | T=5.5 k=3.0 (mu_rec=8 mu_bwd=4) | grad=1.101 | tok/s=25,764 | tokens=4.85B
step=147950 | loss=3.0251 | lr=8.70e-05 | wd=0.0030 | mom=0.9500 | T=6.5 k=3.5 (mu_rec=8 mu_bwd=4) | grad=0.815 | tok/s=22,458 | tokens=4.85B
step=147960 | loss=2.7421 | lr=8.68e-05 | wd=0.0030 | mom=0.9500 | T=9.5 k=4.0 (mu_rec=8 mu_bwd=4) | grad=0.862 | tok/s=23,741 | tokens=4.85B
step=147970 | loss=2.5972 | lr=8.66e-05 | wd=0.0030 | mom=0.9500 | T=13.8 k=4.0 (mu_rec=8 mu_bwd=4) | grad=0.816 | tok/s=23,642 | tokens=4.85B
step=147980 | loss=2.7833 | lr=8.63e-05 | wd=0.0030 | mom=0.9500 | T=8.8 k=4.0 (mu_rec=8 mu_bwd=4) | grad=0.951 | tok/s=23,420 | tokens=4.85B
step=147990 | loss=2.7103 | lr=8.61e-05 | wd=0.0030 | mom=0.9500 | T=10.0 k=4.0 (mu_rec=8 mu_bwd=4) | grad=0.875 | tok/s=23,694 | tokens=4.85B
step=148000 | loss=3.2324 | lr=8.59e-05 | wd=0.0030 | mom=0.9500 | T=5.2 k=3.5 (mu_rec=8 mu_bwd=4) | grad=0.921 | tok/s=26,149 | tokens=4.85B
[step 148000] Saved -> runs/cortex-5b-k4/checkpoint_0148000
[step 148000] Pruned -> runs/cortex-5b-k4/checkpoint_0142000
step=148010 | loss=3.1513 | lr=8.57e-05 | wd=0.0030 | mom=0.9500 | T=9.0 k=4.0 (mu_rec=8 mu_bwd=4) | grad=0.952 | tok/s=21,884 | tokens=4.85B
step=148020 | loss=2.9635 | lr=8.54e-05 | wd=0.0030 | mom=0.9500 | T=6.8 k=3.8 (mu_rec=8 mu_bwd=4) | grad=1.093 | tok/s=24,872 | tokens=4.85B
step=148030 | loss=3.0026 | lr=8.52e-05 | wd=0.0030 | mom=0.9500 | T=9.2 k=3.2 (mu_rec=8 mu_bwd=4) | grad=0.976 | tok/s=25,454 | tokens=4.85B
step=148040 | loss=2.9712 | lr=8.50e-05 | wd=0.0030 | mom=0.9500 | T=3.8 k=3.2 (mu_rec=8 mu_bwd=4) | grad=0.880 | tok/s=22,174 | tokens=4.85B
step=148050 | loss=2.9358 | lr=8.48e-05 | wd=0.0030 | mom=0.9500 | T=4.2 k=3.2 (mu_rec=8 mu_bwd=4) | grad=0.836 | tok/s=23,823 | tokens=4.85B
step=148060 | loss=2.8055 | lr=8.45e-05 | wd=0.0030 | mom=0.9500 | T=10.2 k=4.0 (mu_rec=8 mu_bwd=4) | grad=1.454 | tok/s=23,191 | tokens=4.85B
step=148070 | loss=2.9959 | lr=8.43e-05 | wd=0.0030 | mom=0.9500 | T=8.2 k=3.8 (mu_rec=8 mu_bwd=4) | grad=1.460 | tok/s=25,453 | tokens=4.85B
step=148080 | loss=3.1231 | lr=8.41e-05 | wd=0.0030 | mom=0.9500 | T=6.8 k=3.5 (mu_rec=8 mu_bwd=4) | grad=1.294 | tok/s=23,517 | tokens=4.85B
step=148090 | loss=3.0993 | lr=8.39e-05 | wd=0.0029 | mom=0.9500 | T=8.2 k=3.8 (mu_rec=8 mu_bwd=4) | grad=1.013 | tok/s=23,768 | tokens=4.85B
step=148100 | loss=3.3598 | lr=8.37e-05 | wd=0.0029 | mom=0.9500 | T=6.8 k=3.5 (mu_rec=8 mu_bwd=4) | grad=1.039 | tok/s=26,003 | tokens=4.85B
step=148110 | loss=2.8056 | lr=8.34e-05 | wd=0.0029 | mom=0.9500 | T=8.0 k=4.0 (mu_rec=8 mu_bwd=4) | grad=0.926 | tok/s=25,854 | tokens=4.85B
step=148120 | loss=3.0322 | lr=8.32e-05 | wd=0.0029 | mom=0.9500 | T=5.8 k=3.5 (mu_rec=8 mu_bwd=4) | grad=0.968 | tok/s=23,922 | tokens=4.85B
step=148130 | loss=2.9078 | lr=8.30e-05 | wd=0.0029 | mom=0.9500 | T=6.2 k=3.8 (mu_rec=8 mu_bwd=4) | grad=0.997 | tok/s=23,335 | tokens=4.85B
step=148140 | loss=2.9964 | lr=8.28e-05 | wd=0.0029 | mom=0.9500 | T=3.8 k=3.0 (mu_rec=8 mu_bwd=4) | grad=0.984 | tok/s=25,527 | tokens=4.85B
step=148150 | loss=3.0299 | lr=8.25e-05 | wd=0.0029 | mom=0.9500 | T=5.8 k=4.0 (mu_rec=8 mu_bwd=4) | grad=0.927 | tok/s=22,908 | tokens=4.85B
step=148160 | loss=3.0379 | lr=8.23e-05 | wd=0.0029 | mom=0.9500 | T=8.8 k=3.8 (mu_rec=8 mu_bwd=4) | grad=1.149 | tok/s=23,642 | tokens=4.85B
step=148170 | loss=2.9325 | lr=8.21e-05 | wd=0.0029 | mom=0.9500 | T=5.8 k=3.2 (mu_rec=8 mu_bwd=4) | grad=0.927 | tok/s=22,077 | tokens=4.86B
step=148180 | loss=2.7410 | lr=8.19e-05 | wd=0.0029 | mom=0.9500 | T=6.5 k=3.5 (mu_rec=8 mu_bwd=4) | grad=0.862 | tok/s=25,071 | tokens=4.86B
step=148190 | loss=3.0420 | lr=8.17e-05 | wd=0.0029 | mom=0.9500 | T=10.8 k=4.0 (mu_rec=8 mu_bwd=4) | grad=0.840 | tok/s=23,834 | tokens=4.86B
step=148200 | loss=3.1793 | lr=8.15e-05 | wd=0.0029 | mom=0.9500 | T=5.5 k=3.2 (mu_rec=8 mu_bwd=4) | grad=1.502 | tok/s=24,733 | tokens=4.86B
step=148210 | loss=3.1425 | lr=8.12e-05 | wd=0.0029 | mom=0.9500 | T=6.2 k=3.5 (mu_rec=8 mu_bwd=4) | grad=0.985 | tok/s=23,884 | tokens=4.86B
step=148220 | loss=2.9656 | lr=8.10e-05 | wd=0.0029 | mom=0.9500 | T=10.2 k=3.2 (mu_rec=8 mu_bwd=4) | grad=1.342 | tok/s=21,980 | tokens=4.86B
step=148230 | loss=2.9432 | lr=8.08e-05 | wd=0.0029 | mom=0.9500 | T=6.5 k=4.0 (mu_rec=8 mu_bwd=4) | grad=0.880 | tok/s=24,136 | tokens=4.86B
step=148240 | loss=3.0788 | lr=8.06e-05 | wd=0.0028 | mom=0.9500 | T=8.5 k=3.5 (mu_rec=8 mu_bwd=4) | grad=0.831 | tok/s=23,939 | tokens=4.86B
step=148250 | loss=2.5586 | lr=8.04e-05 | wd=0.0028 | mom=0.9500 | T=7.0 k=3.5 (mu_rec=8 mu_bwd=4) | grad=0.850 | tok/s=10,177 | tokens=4.86B
step=148260 | loss=2.8991 | lr=8.01e-05 | wd=0.0028 | mom=0.9500 | T=9.8 k=4.0 (mu_rec=8 mu_bwd=4) | grad=0.824 | tok/s=22,089 | tokens=4.86B
step=148270 | loss=3.1567 | lr=7.99e-05 | wd=0.0028 | mom=0.9500 | T=15.0 k=4.0 (mu_rec=8 mu_bwd=4) | grad=1.474 | tok/s=22,124 | tokens=4.86B
step=148280 | loss=3.0333 | lr=7.97e-05 | wd=0.0028 | mom=0.9500 | T=5.2 k=3.0 (mu_rec=8 mu_bwd=4) | grad=0.957 | tok/s=23,267 | tokens=4.86B
step=148290 | loss=2.8324 | lr=7.95e-05 | wd=0.0028 | mom=0.9500 | T=5.8 k=3.5 (mu_rec=8 mu_bwd=4) | grad=0.761 | tok/s=23,779 | tokens=4.86B
step=148300 | loss=2.8923 | lr=7.93e-05 | wd=0.0028 | mom=0.9500 | T=6.8 k=3.5 (mu_rec=8 mu_bwd=4) | grad=1.228 | tok/s=25,115 | tokens=4.86B
step=148310 | loss=3.1637 | lr=7.91e-05 | wd=0.0028 | mom=0.9500 | T=14.2 k=4.0 (mu_rec=8 mu_bwd=4) | grad=0.904 | tok/s=22,166 | tokens=4.86B
step=148320 | loss=3.0554 | lr=7.89e-05 | wd=0.0028 | mom=0.9500 | T=5.8 k=2.8 (mu_rec=8 mu_bwd=4) | grad=1.237 | tok/s=23,754 | tokens=4.86B
step=148330 | loss=2.9292 | lr=7.86e-05 | wd=0.0028 | mom=0.9500 | T=14.5 k=4.0 (mu_rec=8 mu_bwd=4) | grad=0.923 | tok/s=21,922 | tokens=4.86B
step=148340 | loss=3.0763 | lr=7.84e-05 | wd=0.0028 | mom=0.9500 | T=9.2 k=4.0 (mu_rec=8 mu_bwd=4) | grad=1.125 | tok/s=22,240 | tokens=4.86B
step=148350 | loss=2.8506 | lr=7.82e-05 | wd=0.0028 | mom=0.9500 | T=9.0 k=3.2 (mu_rec=8 mu_bwd=4) | grad=2.213 | tok/s=24,141 | tokens=4.86B
step=148360 | loss=2.8252 | lr=7.80e-05 | wd=0.0028 | mom=0.9500 | T=6.0 k=3.8 (mu_rec=8 mu_bwd=4) | grad=0.846 | tok/s=24,681 | tokens=4.86B
step=148370 | loss=2.9116 | lr=7.78e-05 | wd=0.0028 | mom=0.9500 | T=11.0 k=4.0 (mu_rec=8 mu_bwd=4) | grad=0.898 | tok/s=24,007 | tokens=4.86B
step=148380 | loss=3.0383 | lr=7.76e-05 | wd=0.0028 | mom=0.9500 | T=11.2 k=4.0 (mu_rec=8 mu_bwd=4) | grad=0.926 | tok/s=23,213 | tokens=4.86B
step=148390 | loss=3.0001 | lr=7.74e-05 | wd=0.0028 | mom=0.9500 | T=7.2 k=4.0 (mu_rec=8 mu_bwd=4) | grad=0.981 | tok/s=23,659 | tokens=4.86B
step=148400 | loss=2.9650 | lr=7.72e-05 | wd=0.0027 | mom=0.9500 | T=12.5 k=4.0 (mu_rec=8 mu_bwd=4) | grad=0.804 | tok/s=23,550 | tokens=4.86B
step=148410 | loss=3.0499 | lr=7.69e-05 | wd=0.0027 | mom=0.9500 | T=8.8 k=3.2 (mu_rec=8 mu_bwd=4) | grad=1.072 | tok/s=24,124 | tokens=4.86B
step=148420 | loss=2.8783 | lr=7.67e-05 | wd=0.0027 | mom=0.9500 | T=4.8 k=4.0 (mu_rec=8 mu_bwd=4) | grad=0.880 | tok/s=25,788 | tokens=4.86B
step=148430 | loss=3.0170 | lr=7.65e-05 | wd=0.0027 | mom=0.9500 | T=5.0 k=3.8 (mu_rec=8 mu_bwd=4) | grad=0.906 | tok/s=24,194 | tokens=4.86B
step=148440 | loss=2.9325 | lr=7.63e-05 | wd=0.0027 | mom=0.9500 | T=10.8 k=4.0 (mu_rec=8 mu_bwd=4) | grad=1.481 | tok/s=24,229 | tokens=4.86B
step=148450 | loss=3.0663 | lr=7.61e-05 | wd=0.0027 | mom=0.9500 | T=6.0 k=3.8 (mu_rec=8 mu_bwd=4) | grad=1.441 | tok/s=23,844 | tokens=4.86B
step=148460 | loss=2.8673 | lr=7.59e-05 | wd=0.0027 | mom=0.9500 | T=11.0 k=4.0 (mu_rec=8 mu_bwd=4) | grad=1.065 | tok/s=23,406 | tokens=4.86B
step=148470 | loss=2.8718 | lr=7.57e-05 | wd=0.0027 | mom=0.9500 | T=11.5 k=4.0 (mu_rec=8 mu_bwd=4) | grad=0.761 | tok/s=23,934 | tokens=4.87B
step=148480 | loss=3.1340 | lr=7.55e-05 | wd=0.0027 | mom=0.9500 | T=6.5 k=4.0 (mu_rec=8 mu_bwd=4) | grad=0.851 | tok/s=23,983 | tokens=4.87B
step=148490 | loss=3.0165 | lr=7.53e-05 | wd=0.0027 | mom=0.9500 | T=7.2 k=4.0 (mu_rec=8 mu_bwd=4) | grad=1.267 | tok/s=21,839 | tokens=4.87B
step=148500 | loss=2.9647 | lr=7.51e-05 | wd=0.0027 | mom=0.9500 | T=10.5 k=4.0 (mu_rec=8 mu_bwd=4) | grad=0.906 | tok/s=23,129 | tokens=4.87B
step=148510 | loss=2.6949 | lr=7.49e-05 | wd=0.0027 | mom=0.9500 | T=5.5 k=3.8 (mu_rec=8 mu_bwd=4) | grad=0.860 | tok/s=23,293 | tokens=4.87B
step=148520 | loss=3.0761 | lr=7.47e-05 | wd=0.0027 | mom=0.9500 | T=5.2 k=3.5 (mu_rec=8 mu_bwd=4) | grad=1.130 | tok/s=24,448 | tokens=4.87B
step=148530 | loss=2.9620 | lr=7.44e-05 | wd=0.0027 | mom=0.9500 | T=7.0 k=4.0 (mu_rec=8 mu_bwd=4) | grad=1.017 | tok/s=24,050 | tokens=4.87B
step=148540 | loss=2.7217 | lr=7.42e-05 | wd=0.0027 | mom=0.9500 | T=10.5 k=4.0 (mu_rec=8 mu_bwd=4) | grad=0.921 | tok/s=21,305 | tokens=4.87B
step=148550 | loss=2.7193 | lr=7.40e-05 | wd=0.0026 | mom=0.9500 | T=10.5 k=4.0 (mu_rec=8 mu_bwd=4) | grad=0.851 | tok/s=23,092 | tokens=4.87B
step=148560 | loss=2.8047 | lr=7.38e-05 | wd=0.0026 | mom=0.9500 | T=7.2 k=4.0 (mu_rec=8 mu_bwd=4) | grad=0.877 | tok/s=23,025 | tokens=4.87B
step=148570 | loss=2.6348 | lr=7.36e-05 | wd=0.0026 | mom=0.9500 | T=10.8 k=4.0 (mu_rec=8 mu_bwd=4) | grad=0.881 | tok/s=24,108 | tokens=4.87B
step=148580 | loss=2.7909 | lr=7.34e-05 | wd=0.0026 | mom=0.9500 | T=9.0 k=4.0 (mu_rec=8 mu_bwd=4) | grad=0.890 | tok/s=22,252 | tokens=4.87B
step=148590 | loss=2.8534 | lr=7.32e-05 | wd=0.0026 | mom=0.9500 | T=10.2 k=4.0 (mu_rec=8 mu_bwd=4) | grad=0.804 | tok/s=24,409 | tokens=4.87B
step=148600 | loss=2.9955 | lr=7.30e-05 | wd=0.0026 | mom=0.9500 | T=8.8 k=3.8 (mu_rec=8 mu_bwd=4) | grad=0.901 | tok/s=23,200 | tokens=4.87B
step=148610 | loss=3.0221 | lr=7.28e-05 | wd=0.0026 | mom=0.9500 | T=13.0 k=4.0 (mu_rec=8 mu_bwd=4) | grad=0.959 | tok/s=24,581 | tokens=4.87B
step=148620 | loss=2.8148 | lr=7.26e-05 | wd=0.0026 | mom=0.9500 | T=9.2 k=4.0 (mu_rec=8 mu_bwd=4) | grad=0.956 | tok/s=26,382 | tokens=4.87B
step=148630 | loss=3.2008 | lr=7.24e-05 | wd=0.0026 | mom=0.9500 | T=6.5 k=4.0 (mu_rec=8 mu_bwd=4) | grad=1.133 | tok/s=23,002 | tokens=4.87B
step=148640 | loss=2.9965 | lr=7.22e-05 | wd=0.0026 | mom=0.9500 | T=7.5 k=3.2 (mu_rec=8 mu_bwd=4) | grad=0.986 | tok/s=23,846 | tokens=4.87B
step=148650 | loss=3.0089 | lr=7.20e-05 | wd=0.0026 | mom=0.9500 | T=5.5 k=3.2 (mu_rec=8 mu_bwd=4) | grad=1.016 | tok/s=24,550 | tokens=4.87B
step=148660 | loss=3.0618 | lr=7.18e-05 | wd=0.0026 | mom=0.9500 | T=4.8 k=3.5 (mu_rec=8 mu_bwd=4) | grad=1.009 | tok/s=24,589 | tokens=4.87B
step=148670 | loss=2.5430 | lr=7.16e-05 | wd=0.0026 | mom=0.9500 | T=6.2 k=3.2 (mu_rec=8 mu_bwd=4) | grad=1.381 | tok/s=23,464 | tokens=4.87B
step=148680 | loss=2.6840 | lr=7.14e-05 | wd=0.0026 | mom=0.9500 | T=7.0 k=3.8 (mu_rec=8 mu_bwd=4) | grad=0.815 | tok/s=10,031 | tokens=4.87B
step=148690 | loss=3.0442 | lr=7.12e-05 | wd=0.0026 | mom=0.9500 | T=8.5 k=4.0 (mu_rec=8 mu_bwd=4) | grad=0.854 | tok/s=22,900 | tokens=4.87B
step=148700 | loss=2.9146 | lr=7.10e-05 | wd=0.0025 | mom=0.9500 | T=12.5 k=4.0 (mu_rec=8 mu_bwd=4) | grad=0.833 | tok/s=22,497 | tokens=4.87B
step=148710 | loss=2.8194 | lr=7.08e-05 | wd=0.0025 | mom=0.9500 | T=8.2 k=4.0 (mu_rec=8 mu_bwd=4) | grad=0.892 | tok/s=22,995 | tokens=4.87B
step=148720 | loss=2.8534 | lr=7.06e-05 | wd=0.0025 | mom=0.9500 | T=8.5 k=3.5 (mu_rec=8 mu_bwd=4) | grad=0.839 | tok/s=23,192 | tokens=4.87B
step=148730 | loss=2.7993 | lr=7.04e-05 | wd=0.0025 | mom=0.9500 | T=5.0 k=3.0 (mu_rec=8 mu_bwd=4) | grad=0.889 | tok/s=23,152 | tokens=4.87B
step=148740 | loss=2.9417 | lr=7.02e-05 | wd=0.0025 | mom=0.9500 | T=11.5 k=4.0 (mu_rec=8 mu_bwd=4) | grad=0.853 | tok/s=23,457 | tokens=4.87B
step=148750 | loss=3.1301 | lr=7.00e-05 | wd=0.0025 | mom=0.9500 | T=13.2 k=4.0 (mu_rec=8 mu_bwd=4) | grad=2.447 | tok/s=23,600 | tokens=4.87B
step=148760 | loss=2.7233 | lr=6.98e-05 | wd=0.0025 | mom=0.9500 | T=7.8 k=3.8 (mu_rec=8 mu_bwd=4) | grad=0.875 | tok/s=22,958 | tokens=4.87B
step=148770 | loss=3.1926 | lr=6.96e-05 | wd=0.0025 | mom=0.9500 | T=20.0 k=4.0 (mu_rec=8 mu_bwd=4) | grad=0.849 | tok/s=20,888 | tokens=4.87B
step=148780 | loss=3.4754 | lr=6.94e-05 | wd=0.0025 | mom=0.9500 | T=8.8 k=3.5 (mu_rec=8 mu_bwd=4) | grad=1.664 | tok/s=24,970 | tokens=4.88B
step=148790 | loss=3.7749 | lr=6.92e-05 | wd=0.0025 | mom=0.9500 | T=7.5 k=4.0 (mu_rec=8 mu_bwd=4) | grad=1.299 | tok/s=24,841 | tokens=4.88B
step=148800 | loss=3.7129 | lr=6.90e-05 | wd=0.0025 | mom=0.9500 | T=6.8 k=3.5 (mu_rec=8 mu_bwd=4) | grad=1.230 | tok/s=23,955 | tokens=4.88B
step=148810 | loss=3.2455 | lr=6.88e-05 | wd=0.0025 | mom=0.9500 | T=8.0 k=4.0 (mu_rec=8 mu_bwd=4) | grad=1.140 | tok/s=24,385 | tokens=4.88B
step=148820 | loss=2.9358 | lr=6.86e-05 | wd=0.0025 | mom=0.9500 | T=12.0 k=4.0 (mu_rec=8 mu_bwd=4) | grad=0.905 | tok/s=23,215 | tokens=4.88B
step=148830 | loss=3.2949 | lr=6.84e-05 | wd=0.0025 | mom=0.9500 | T=5.0 k=3.5 (mu_rec=8 mu_bwd=4) | grad=1.138 | tok/s=23,319 | tokens=4.88B
step=148840 | loss=3.0712 | lr=6.82e-05 | wd=0.0025 | mom=0.9500 | T=7.0 k=3.2 (mu_rec=8 mu_bwd=4) | grad=0.938 | tok/s=23,991 | tokens=4.88B
step=148850 | loss=2.9836 | lr=6.80e-05 | wd=0.0024 | mom=0.9500 | T=8.0 k=4.0 (mu_rec=8 mu_bwd=4) | grad=0.966 | tok/s=23,436 | tokens=4.88B
step=148860 | loss=2.7893 | lr=6.79e-05 | wd=0.0024 | mom=0.9500 | T=7.5 k=3.2 (mu_rec=8 mu_bwd=4) | grad=1.000 | tok/s=22,226 | tokens=4.88B
step=148870 | loss=2.9171 | lr=6.77e-05 | wd=0.0024 | mom=0.9500 | T=7.8 k=4.0 (mu_rec=8 mu_bwd=4) | grad=0.889 | tok/s=22,814 | tokens=4.88B
step=148880 | loss=2.9957 | lr=6.75e-05 | wd=0.0024 | mom=0.9500 | T=6.2 k=3.8 (mu_rec=8 mu_bwd=4) | grad=1.324 | tok/s=22,100 | tokens=4.88B
step=148890 | loss=2.7078 | lr=6.73e-05 | wd=0.0024 | mom=0.9500 | T=6.5 k=4.0 (mu_rec=8 mu_bwd=4) | grad=0.928 | tok/s=26,472 | tokens=4.88B
step=148900 | loss=2.8132 | lr=6.71e-05 | wd=0.0024 | mom=0.9500 | T=5.2 k=3.2 (mu_rec=8 mu_bwd=4) | grad=0.808 | tok/s=25,201 | tokens=4.88B
step=148910 | loss=2.9838 | lr=6.69e-05 | wd=0.0024 | mom=0.9500 | T=14.8 k=4.0 (mu_rec=8 mu_bwd=4) | grad=1.049 | tok/s=24,130 | tokens=4.88B
step=148920 | loss=2.9934 | lr=6.67e-05 | wd=0.0024 | mom=0.9500 | T=6.8 k=3.8 (mu_rec=8 mu_bwd=4) | grad=0.941 | tok/s=24,116 | tokens=4.88B
step=148930 | loss=2.8313 | lr=6.65e-05 | wd=0.0024 | mom=0.9500 | T=7.5 k=3.8 (mu_rec=8 mu_bwd=4) | grad=1.109 | tok/s=24,288 | tokens=4.88B
step=148940 | loss=2.8457 | lr=6.63e-05 | wd=0.0024 | mom=0.9500 | T=7.2 k=3.2 (mu_rec=8 mu_bwd=4) | grad=1.197 | tok/s=25,403 | tokens=4.88B
step=148950 | loss=2.8439 | lr=6.61e-05 | wd=0.0024 | mom=0.9500 | T=5.0 k=3.0 (mu_rec=8 mu_bwd=4) | grad=1.047 | tok/s=23,130 | tokens=4.88B
step=148960 | loss=3.0687 | lr=6.59e-05 | wd=0.0024 | mom=0.9500 | T=8.0 k=4.0 (mu_rec=8 mu_bwd=4) | grad=0.951 | tok/s=23,748 | tokens=4.88B
step=148970 | loss=3.4123 | lr=6.58e-05 | wd=0.0024 | mom=0.9500 | T=6.5 k=4.0 (mu_rec=8 mu_bwd=4) | grad=1.133 | tok/s=23,435 | tokens=4.88B
step=148980 | loss=3.1926 | lr=6.56e-05 | wd=0.0024 | mom=0.9500 | T=8.8 k=4.0 (mu_rec=8 mu_bwd=4) | grad=1.711 | tok/s=23,503 | tokens=4.88B
step=148990 | loss=3.1787 | lr=6.54e-05 | wd=0.0024 | mom=0.9500 | T=8.5 k=3.5 (mu_rec=8 mu_bwd=4) | grad=1.384 | tok/s=24,819 | tokens=4.88B
step=149000 | loss=3.1057 | lr=6.52e-05 | wd=0.0024 | mom=0.9500 | T=7.5 k=4.0 (mu_rec=8 mu_bwd=4) | grad=1.576 | tok/s=23,454 | tokens=4.88B
step=149010 | loss=3.1663 | lr=6.50e-05 | wd=0.0023 | mom=0.9500 | T=7.8 k=4.0 (mu_rec=8 mu_bwd=4) | grad=1.641 | tok/s=22,326 | tokens=4.88B
step=149020 | loss=3.0420 | lr=6.48e-05 | wd=0.0023 | mom=0.9500 | T=9.0 k=4.0 (mu_rec=8 mu_bwd=4) | grad=0.916 | tok/s=24,254 | tokens=4.88B
step=149030 | loss=3.0940 | lr=6.46e-05 | wd=0.0023 | mom=0.9500 | T=7.2 k=3.2 (mu_rec=8 mu_bwd=4) | grad=0.985 | tok/s=24,479 | tokens=4.88B
step=149040 | loss=2.8078 | lr=6.44e-05 | wd=0.0023 | mom=0.9500 | T=14.8 k=4.0 (mu_rec=8 mu_bwd=4) | grad=1.058 | tok/s=23,129 | tokens=4.88B
step=149050 | loss=2.8425 | lr=6.43e-05 | wd=0.0023 | mom=0.9500 | T=9.5 k=4.0 (mu_rec=8 mu_bwd=4) | grad=1.342 | tok/s=22,769 | tokens=4.88B
step=149060 | loss=2.8849 | lr=6.41e-05 | wd=0.0023 | mom=0.9500 | T=7.8 k=4.0 (mu_rec=8 mu_bwd=4) | grad=0.947 | tok/s=23,053 | tokens=4.88B
step=149070 | loss=3.6854 | lr=6.39e-05 | wd=0.0023 | mom=0.9500 | T=6.5 k=3.2 (mu_rec=8 mu_bwd=4) | grad=1.002 | tok/s=23,094 | tokens=4.88B
step=149080 | loss=2.9735 | lr=6.37e-05 | wd=0.0023 | mom=0.9500 | T=7.2 k=4.0 (mu_rec=8 mu_bwd=4) | grad=0.864 | tok/s=23,775 | tokens=4.89B
step=149090 | loss=3.0046 | lr=6.35e-05 | wd=0.0023 | mom=0.9500 | T=13.2 k=4.0 (mu_rec=8 mu_bwd=4) | grad=0.851 | tok/s=22,560 | tokens=4.89B
step=149100 | loss=2.8362 | lr=6.33e-05 | wd=0.0023 | mom=0.9500 | T=10.0 k=4.0 (mu_rec=8 mu_bwd=4) | grad=0.793 | tok/s=23,767 | tokens=4.89B
step=149110 | loss=2.6892 | lr=6.32e-05 | wd=0.0023 | mom=0.9500 | T=7.0 k=3.5 (mu_rec=8 mu_bwd=4) | grad=0.828 | tok/s=22,713 | tokens=4.89B
step=149120 | loss=2.7283 | lr=6.30e-05 | wd=0.0023 | mom=0.9500 | T=14.8 k=4.0 (mu_rec=8 mu_bwd=4) | grad=0.748 | tok/s=23,002 | tokens=4.89B
step=149130 | loss=2.9620 | lr=6.28e-05 | wd=0.0023 | mom=0.9500 | T=7.0 k=4.0 (mu_rec=8 mu_bwd=4) | grad=1.596 | tok/s=24,702 | tokens=4.89B
step=149140 | loss=3.5294 | lr=6.26e-05 | wd=0.0023 | mom=0.9500 | T=8.0 k=4.0 (mu_rec=8 mu_bwd=4) | grad=0.908 | tok/s=9,334 | tokens=4.89B
step=149150 | loss=2.7272 | lr=6.24e-05 | wd=0.0023 | mom=0.9500 | T=6.0 k=3.5 (mu_rec=8 mu_bwd=4) | grad=0.985 | tok/s=22,242 | tokens=4.89B
step=149160 | loss=3.0923 | lr=6.23e-05 | wd=0.0022 | mom=0.9500 | T=4.5 k=4.0 (mu_rec=8 mu_bwd=4) | grad=0.899 | tok/s=24,631 | tokens=4.89B
step=149170 | loss=2.9255 | lr=6.21e-05 | wd=0.0022 | mom=0.9500 | T=7.5 k=3.8 (mu_rec=8 mu_bwd=4) | grad=0.953 | tok/s=23,270 | tokens=4.89B
step=149180 | loss=2.8846 | lr=6.19e-05 | wd=0.0022 | mom=0.9500 | T=7.0 k=3.2 (mu_rec=8 mu_bwd=4) | grad=0.915 | tok/s=23,360 | tokens=4.89B
step=149190 | loss=2.8649 | lr=6.17e-05 | wd=0.0022 | mom=0.9500 | T=6.2 k=3.8 (mu_rec=8 mu_bwd=4) | grad=0.890 | tok/s=22,978 | tokens=4.89B
step=149200 | loss=3.1674 | lr=6.15e-05 | wd=0.0022 | mom=0.9500 | T=10.5 k=4.0 (mu_rec=8 mu_bwd=4) | grad=0.907 | tok/s=24,552 | tokens=4.89B
step=149210 | loss=2.8833 | lr=6.14e-05 | wd=0.0022 | mom=0.9500 | T=8.2 k=4.0 (mu_rec=8 mu_bwd=4) | grad=0.761 | tok/s=24,565 | tokens=4.89B
step=149220 | loss=2.8713 | lr=6.12e-05 | wd=0.0022 | mom=0.9500 | T=5.8 k=4.0 (mu_rec=8 mu_bwd=4) | grad=1.303 | tok/s=21,920 | tokens=4.89B
step=149230 | loss=2.7857 | lr=6.10e-05 | wd=0.0022 | mom=0.9500 | T=7.2 k=3.8 (mu_rec=8 mu_bwd=4) | grad=0.764 | tok/s=24,080 | tokens=4.89B
step=149240 | loss=2.9990 | lr=6.08e-05 | wd=0.0022 | mom=0.9500 | T=10.5 k=3.8 (mu_rec=8 mu_bwd=4) | grad=0.840 | tok/s=23,470 | tokens=4.89B
step=149250 | loss=2.9928 | lr=6.06e-05 | wd=0.0022 | mom=0.9500 | T=6.0 k=3.2 (mu_rec=8 mu_bwd=4) | grad=1.601 | tok/s=26,103 | tokens=4.89B
step=149260 | loss=2.9343 | lr=6.05e-05 | wd=0.0022 | mom=0.9500 | T=6.8 k=3.5 (mu_rec=8 mu_bwd=4) | grad=0.935 | tok/s=22,734 | tokens=4.89B
step=149270 | loss=2.8701 | lr=6.03e-05 | wd=0.0022 | mom=0.9500 | T=10.5 k=4.0 (mu_rec=8 mu_bwd=4) | grad=0.925 | tok/s=22,356 | tokens=4.89B
step=149280 | loss=3.0566 | lr=6.01e-05 | wd=0.0022 | mom=0.9500 | T=7.2 k=4.0 (mu_rec=8 mu_bwd=4) | grad=0.860 | tok/s=22,737 | tokens=4.89B
step=149290 | loss=2.9173 | lr=5.99e-05 | wd=0.0022 | mom=0.9500 | T=4.5 k=3.2 (mu_rec=8 mu_bwd=4) | grad=1.112 | tok/s=23,421 | tokens=4.89B
step=149300 | loss=3.0214 | lr=5.98e-05 | wd=0.0022 | mom=0.9500 | T=6.8 k=3.5 (mu_rec=8 mu_bwd=4) | grad=0.942 | tok/s=23,784 | tokens=4.89B
step=149310 | loss=2.8118 | lr=5.96e-05 | wd=0.0021 | mom=0.9500 | T=7.0 k=3.8 (mu_rec=8 mu_bwd=4) | grad=0.962 | tok/s=24,143 | tokens=4.89B
step=149320 | loss=2.5276 | lr=5.94e-05 | wd=0.0021 | mom=0.9500 | T=11.8 k=4.0 (mu_rec=8 mu_bwd=4) | grad=1.512 | tok/s=25,992 | tokens=4.89B
step=149330 | loss=2.9047 | lr=5.93e-05 | wd=0.0021 | mom=0.9500 | T=8.8 k=4.0 (mu_rec=8 mu_bwd=4) | grad=0.908 | tok/s=22,939 | tokens=4.89B
step=149340 | loss=3.2627 | lr=5.91e-05 | wd=0.0021 | mom=0.9500 | T=6.0 k=4.0 (mu_rec=8 mu_bwd=4) | grad=0.951 | tok/s=24,701 | tokens=4.89B
step=149350 | loss=2.9292 | lr=5.89e-05 | wd=0.0021 | mom=0.9500 | T=11.0 k=4.0 (mu_rec=8 mu_bwd=4) | grad=0.947 | tok/s=23,632 | tokens=4.89B
step=149360 | loss=2.5596 | lr=5.87e-05 | wd=0.0021 | mom=0.9500 | T=4.8 k=3.5 (mu_rec=8 mu_bwd=4) | grad=0.998 | tok/s=23,815 | tokens=4.89B
step=149370 | loss=3.0121 | lr=5.86e-05 | wd=0.0021 | mom=0.9500 | T=9.2 k=4.0 (mu_rec=8 mu_bwd=4) | grad=1.473 | tok/s=23,721 | tokens=4.89B
step=149380 | loss=2.8578 | lr=5.84e-05 | wd=0.0021 | mom=0.9500 | T=7.8 k=4.0 (mu_rec=8 mu_bwd=4) | grad=1.144 | tok/s=24,015 | tokens=4.89B
step=149390 | loss=3.1141 | lr=5.82e-05 | wd=0.0021 | mom=0.9500 | T=5.5 k=3.2 (mu_rec=8 mu_bwd=4) | grad=0.919 | tok/s=23,920 | tokens=4.90B
step=149400 | loss=2.6784 | lr=5.81e-05 | wd=0.0021 | mom=0.9500 | T=5.2 k=4.0 (mu_rec=8 mu_bwd=4) | grad=0.987 | tok/s=24,077 | tokens=4.90B
step=149410 | loss=3.0454 | lr=5.79e-05 | wd=0.0021 | mom=0.9500 | T=7.5 k=4.0 (mu_rec=8 mu_bwd=4) | grad=0.835 | tok/s=25,003 | tokens=4.90B
step=149420 | loss=3.0800 | lr=5.77e-05 | wd=0.0021 | mom=0.9500 | T=5.0 k=3.5 (mu_rec=8 mu_bwd=4) | grad=0.890 | tok/s=24,332 | tokens=4.90B
step=149430 | loss=2.6058 | lr=5.75e-05 | wd=0.0021 | mom=0.9500 | T=6.5 k=3.8 (mu_rec=8 mu_bwd=4) | grad=1.336 | tok/s=23,102 | tokens=4.90B
step=149440 | loss=2.8850 | lr=5.74e-05 | wd=0.0021 | mom=0.9500 | T=10.2 k=4.0 (mu_rec=8 mu_bwd=4) | grad=0.921 | tok/s=22,655 | tokens=4.90B
step=149450 | loss=2.9748 | lr=5.72e-05 | wd=0.0021 | mom=0.9500 | T=7.8 k=4.0 (mu_rec=8 mu_bwd=4) | grad=1.066 | tok/s=21,576 | tokens=4.90B
step=149460 | loss=2.7468 | lr=5.70e-05 | wd=0.0020 | mom=0.9500 | T=6.5 k=4.0 (mu_rec=8 mu_bwd=4) | grad=1.289 | tok/s=22,436 | tokens=4.90B
step=149470 | loss=3.0687 | lr=5.69e-05 | wd=0.0020 | mom=0.9500 | T=5.2 k=2.8 (mu_rec=8 mu_bwd=4) | grad=0.965 | tok/s=23,222 | tokens=4.90B
step=149480 | loss=2.9688 | lr=5.67e-05 | wd=0.0020 | mom=0.9500 | T=6.2 k=4.0 (mu_rec=8 mu_bwd=4) | grad=0.891 | tok/s=22,119 | tokens=4.90B
step=149490 | loss=2.8770 | lr=5.65e-05 | wd=0.0020 | mom=0.9500 | T=8.8 k=4.0 (mu_rec=8 mu_bwd=4) | grad=0.889 | tok/s=23,623 | tokens=4.90B
step=149500 | loss=3.1602 | lr=5.64e-05 | wd=0.0020 | mom=0.9500 | T=12.8 k=4.0 (mu_rec=8 mu_bwd=4) | grad=1.268 | tok/s=22,552 | tokens=4.90B
step=149510 | loss=2.9063 | lr=5.62e-05 | wd=0.0020 | mom=0.9500 | T=9.0 k=4.0 (mu_rec=8 mu_bwd=4) | grad=0.986 | tok/s=21,716 | tokens=4.90B
step=149520 | loss=2.9603 | lr=5.61e-05 | wd=0.0020 | mom=0.9500 | T=9.8 k=4.0 (mu_rec=8 mu_bwd=4) | grad=0.946 | tok/s=24,150 | tokens=4.90B
step=149530 | loss=2.6740 | lr=5.59e-05 | wd=0.0020 | mom=0.9500 | T=14.8 k=4.0 (mu_rec=8 mu_bwd=4) | grad=0.776 | tok/s=24,157 | tokens=4.90B
step=149540 | loss=3.1463 | lr=5.57e-05 | wd=0.0020 | mom=0.9500 | T=8.2 k=4.0 (mu_rec=8 mu_bwd=4) | grad=0.790 | tok/s=23,666 | tokens=4.90B
step=149550 | loss=2.8771 | lr=5.56e-05 | wd=0.0020 | mom=0.9500 | T=6.0 k=3.0 (mu_rec=8 mu_bwd=4) | grad=0.895 | tok/s=22,597 | tokens=4.90B
step=149560 | loss=2.6754 | lr=5.54e-05 | wd=0.0020 | mom=0.9500 | T=9.2 k=4.0 (mu_rec=8 mu_bwd=4) | grad=0.874 | tok/s=24,086 | tokens=4.90B
step=149570 | loss=2.6634 | lr=5.52e-05 | wd=0.0020 | mom=0.9500 | T=8.2 k=4.0 (mu_rec=8 mu_bwd=4) | grad=1.458 | tok/s=23,441 | tokens=4.90B
step=149580 | loss=3.2315 | lr=5.51e-05 | wd=0.0020 | mom=0.9500 | T=8.2 k=3.8 (mu_rec=8 mu_bwd=4) | grad=1.473 | tok/s=23,489 | tokens=4.90B
step=149590 | loss=2.9559 | lr=5.49e-05 | wd=0.0020 | mom=0.9500 | T=9.8 k=4.0 (mu_rec=8 mu_bwd=4) | grad=1.182 | tok/s=9,563 | tokens=4.90B
step=149600 | loss=2.9467 | lr=5.48e-05 | wd=0.0020 | mom=0.9500 | T=7.0 k=3.8 (mu_rec=8 mu_bwd=4) | grad=0.925 | tok/s=23,264 | tokens=4.90B
step=149610 | loss=2.7631 | lr=5.46e-05 | wd=0.0020 | mom=0.9500 | T=11.2 k=4.0 (mu_rec=8 mu_bwd=4) | grad=0.869 | tok/s=22,098 | tokens=4.90B
step=149620 | loss=2.8094 | lr=5.44e-05 | wd=0.0019 | mom=0.9500 | T=7.8 k=4.0 (mu_rec=8 mu_bwd=4) | grad=0.789 | tok/s=24,161 | tokens=4.90B
step=149630 | loss=2.5635 | lr=5.43e-05 | wd=0.0019 | mom=0.9500 | T=5.0 k=3.2 (mu_rec=8 mu_bwd=4) | grad=0.815 | tok/s=25,038 | tokens=4.90B
step=149640 | loss=3.0415 | lr=5.41e-05 | wd=0.0019 | mom=0.9500 | T=8.8 k=4.0 (mu_rec=8 mu_bwd=4) | grad=1.026 | tok/s=22,406 | tokens=4.90B
step=149650 | loss=2.7922 | lr=5.40e-05 | wd=0.0019 | mom=0.9500 | T=8.0 k=4.0 (mu_rec=8 mu_bwd=4) | grad=0.925 | tok/s=22,878 | tokens=4.90B
step=149660 | loss=3.0559 | lr=5.38e-05 | wd=0.0019 | mom=0.9500 | T=7.0 k=3.5 (mu_rec=8 mu_bwd=4) | grad=0.885 | tok/s=24,124 | tokens=4.90B
step=149670 | loss=2.7668 | lr=5.36e-05 | wd=0.0019 | mom=0.9500 | T=9.0 k=4.0 (mu_rec=8 mu_bwd=4) | grad=0.893 | tok/s=23,258 | tokens=4.90B
step=149680 | loss=2.3948 | lr=5.35e-05 | wd=0.0019 | mom=0.9500 | T=7.2 k=3.0 (mu_rec=8 mu_bwd=4) | grad=0.872 | tok/s=24,964 | tokens=4.90B
step=149690 | loss=3.0018 | lr=5.33e-05 | wd=0.0019 | mom=0.9500 | T=11.2 k=4.0 (mu_rec=8 mu_bwd=4) | grad=1.027 | tok/s=22,917 | tokens=4.91B
step=149700 | loss=2.9873 | lr=5.32e-05 | wd=0.0019 | mom=0.9500 | T=4.5 k=3.0 (mu_rec=8 mu_bwd=4) | grad=0.881 | tok/s=24,270 | tokens=4.91B
step=149710 | loss=3.0546 | lr=5.30e-05 | wd=0.0019 | mom=0.9500 | T=13.8 k=4.0 (mu_rec=8 mu_bwd=4) | grad=0.845 | tok/s=23,378 | tokens=4.91B
step=149720 | loss=2.8440 | lr=5.29e-05 | wd=0.0019 | mom=0.9500 | T=6.2 k=4.0 (mu_rec=8 mu_bwd=4) | grad=0.975 | tok/s=23,845 | tokens=4.91B
step=149730 | loss=2.7324 | lr=5.27e-05 | wd=0.0019 | mom=0.9500 | T=14.5 k=4.0 (mu_rec=8 mu_bwd=4) | grad=0.835 | tok/s=21,577 | tokens=4.91B
step=149740 | loss=2.7309 | lr=5.26e-05 | wd=0.0019 | mom=0.9500 | T=13.2 k=4.0 (mu_rec=8 mu_bwd=4) | grad=0.860 | tok/s=23,022 | tokens=4.91B
step=149750 | loss=2.7568 | lr=5.24e-05 | wd=0.0019 | mom=0.9500 | T=5.2 k=4.0 (mu_rec=8 mu_bwd=4) | grad=0.987 | tok/s=22,914 | tokens=4.91B
step=149760 | loss=2.9139 | lr=5.22e-05 | wd=0.0019 | mom=0.9500 | T=8.5 k=3.0 (mu_rec=8 mu_bwd=4) | grad=0.918 | tok/s=24,847 | tokens=4.91B
step=149770 | loss=2.9936 | lr=5.21e-05 | wd=0.0018 | mom=0.9500 | T=10.5 k=4.0 (mu_rec=8 mu_bwd=4) | grad=0.786 | tok/s=23,023 | tokens=4.91B
step=149780 | loss=2.5921 | lr=5.19e-05 | wd=0.0018 | mom=0.9500 | T=6.5 k=3.2 (mu_rec=8 mu_bwd=4) | grad=0.960 | tok/s=25,288 | tokens=4.91B
step=149790 | loss=2.6692 | lr=5.18e-05 | wd=0.0018 | mom=0.9500 | T=5.5 k=3.2 (mu_rec=8 mu_bwd=4) | grad=0.939 | tok/s=23,704 | tokens=4.91B
step=149800 | loss=2.9337 | lr=5.16e-05 | wd=0.0018 | mom=0.9500 | T=8.2 k=4.0 (mu_rec=8 mu_bwd=4) | grad=0.832 | tok/s=24,136 | tokens=4.91B
step=149810 | loss=2.8744 | lr=5.15e-05 | wd=0.0018 | mom=0.9500 | T=4.8 k=3.2 (mu_rec=8 mu_bwd=4) | grad=0.987 | tok/s=24,303 | tokens=4.91B
step=149820 | loss=2.6326 | lr=5.13e-05 | wd=0.0018 | mom=0.9500 | T=8.0 k=4.0 (mu_rec=8 mu_bwd=4) | grad=0.846 | tok/s=23,875 | tokens=4.91B
step=149830 | loss=2.9010 | lr=5.12e-05 | wd=0.0018 | mom=0.9500 | T=11.2 k=4.0 (mu_rec=8 mu_bwd=4) | grad=0.893 | tok/s=23,360 | tokens=4.91B
step=149840 | loss=3.5776 | lr=5.10e-05 | wd=0.0018 | mom=0.9500 | T=7.2 k=3.5 (mu_rec=8 mu_bwd=4) | grad=1.215 | tok/s=25,187 | tokens=4.91B
step=149850 | loss=3.6014 | lr=5.09e-05 | wd=0.0018 | mom=0.9500 | T=8.5 k=3.8 (mu_rec=8 mu_bwd=4) | grad=2.602 | tok/s=23,957 | tokens=4.91B
step=149860 | loss=3.5311 | lr=5.07e-05 | wd=0.0018 | mom=0.9500 | T=8.5 k=4.0 (mu_rec=8 mu_bwd=4) | grad=1.006 | tok/s=24,501 | tokens=4.91B
step=149870 | loss=3.2932 | lr=5.06e-05 | wd=0.0018 | mom=0.9500 | T=8.0 k=3.5 (mu_rec=8 mu_bwd=4) | grad=0.851 | tok/s=24,272 | tokens=4.91B
step=149880 | loss=2.9252 | lr=5.04e-05 | wd=0.0018 | mom=0.9500 | T=6.8 k=4.0 (mu_rec=8 mu_bwd=4) | grad=0.851 | tok/s=24,546 | tokens=4.91B
step=149890 | loss=2.8950 | lr=5.03e-05 | wd=0.0018 | mom=0.9500 | T=6.2 k=3.5 (mu_rec=8 mu_bwd=4) | grad=0.905 | tok/s=22,746 | tokens=4.91B
step=149900 | loss=2.8663 | lr=5.02e-05 | wd=0.0018 | mom=0.9500 | T=5.5 k=3.8 (mu_rec=8 mu_bwd=4) | grad=0.868 | tok/s=25,908 | tokens=4.91B
step=149910 | loss=3.0104 | lr=5.00e-05 | wd=0.0018 | mom=0.9500 | T=7.0 k=4.0 (mu_rec=8 mu_bwd=4) | grad=1.232 | tok/s=22,257 | tokens=4.91B
step=149920 | loss=3.1544 | lr=4.99e-05 | wd=0.0017 | mom=0.9500 | T=4.5 k=2.8 (mu_rec=8 mu_bwd=4) | grad=0.952 | tok/s=22,731 | tokens=4.91B
step=149930 | loss=2.8532 | lr=4.97e-05 | wd=0.0017 | mom=0.9500 | T=11.8 k=4.0 (mu_rec=8 mu_bwd=4) | grad=0.792 | tok/s=22,792 | tokens=4.91B
step=149940 | loss=2.9270 | lr=4.96e-05 | wd=0.0017 | mom=0.9500 | T=4.8 k=3.5 (mu_rec=8 mu_bwd=4) | grad=0.962 | tok/s=24,330 | tokens=4.91B
step=149950 | loss=3.0274 | lr=4.94e-05 | wd=0.0017 | mom=0.9500 | T=6.0 k=3.0 (mu_rec=8 mu_bwd=4) | grad=0.846 | tok/s=24,909 | tokens=4.91B
step=149960 | loss=2.8326 | lr=4.93e-05 | wd=0.0017 | mom=0.9500 | T=8.5 k=3.8 (mu_rec=8 mu_bwd=4) | grad=2.117 | tok/s=24,661 | tokens=4.91B
step=149970 | loss=3.1169 | lr=4.91e-05 | wd=0.0017 | mom=0.9500 | T=9.0 k=4.0 (mu_rec=8 mu_bwd=4) | grad=0.950 | tok/s=24,118 | tokens=4.91B
step=149980 | loss=3.0550 | lr=4.90e-05 | wd=0.0017 | mom=0.9500 | T=7.8 k=4.0 (mu_rec=8 mu_bwd=4) | grad=0.921 | tok/s=10,369 | tokens=4.91B
step=149990 | loss=3.0846 | lr=4.89e-05 | wd=0.0017 | mom=0.9500 | T=6.2 k=3.8 (mu_rec=8 mu_bwd=4) | grad=1.020 | tok/s=23,627 | tokens=4.91B
step=150000 | loss=2.5907 | lr=4.87e-05 | wd=0.0017 | mom=0.9500 | T=10.5 k=4.0 (mu_rec=8 mu_bwd=4) | grad=0.878 | tok/s=24,428 | tokens=4.92B
[step 150000] Saved -> runs/cortex-5b-k4/checkpoint_0150000
[step 150000] Pruned -> runs/cortex-5b-k4/checkpoint_0144000
step=150010 | loss=2.6680 | lr=4.86e-05 | wd=0.0017 | mom=0.9500 | T=10.2 k=4.0 (mu_rec=8 mu_bwd=4) | grad=1.118 | tok/s=20,865 | tokens=4.92B
step=150020 | loss=2.8450 | lr=4.84e-05 | wd=0.0017 | mom=0.9500 | T=10.0 k=4.0 (mu_rec=8 mu_bwd=4) | grad=1.190 | tok/s=22,479 | tokens=4.92B
step=150030 | loss=2.8510 | lr=4.83e-05 | wd=0.0017 | mom=0.9500 | T=12.2 k=4.0 (mu_rec=8 mu_bwd=4) | grad=0.772 | tok/s=24,121 | tokens=4.92B
step=150040 | loss=2.9293 | lr=4.82e-05 | wd=0.0017 | mom=0.9500 | T=9.0 k=4.0 (mu_rec=8 mu_bwd=4) | grad=0.987 | tok/s=24,960 | tokens=4.92B
step=150050 | loss=2.9256 | lr=4.80e-05 | wd=0.0017 | mom=0.9500 | T=7.5 k=3.5 (mu_rec=8 mu_bwd=4) | grad=0.952 | tok/s=22,403 | tokens=4.92B
step=150060 | loss=3.1105 | lr=4.79e-05 | wd=0.0017 | mom=0.9500 | T=8.5 k=4.0 (mu_rec=8 mu_bwd=4) | grad=0.826 | tok/s=24,776 | tokens=4.92B
step=150070 | loss=2.9909 | lr=4.77e-05 | wd=0.0017 | mom=0.9500 | T=5.8 k=3.0 (mu_rec=8 mu_bwd=4) | grad=1.553 | tok/s=24,931 | tokens=4.92B
step=150080 | loss=2.9652 | lr=4.76e-05 | wd=0.0016 | mom=0.9500 | T=4.0 k=3.2 (mu_rec=8 mu_bwd=4) | grad=0.999 | tok/s=24,921 | tokens=4.92B
step=150090 | loss=3.0798 | lr=4.75e-05 | wd=0.0016 | mom=0.9500 | T=8.0 k=3.2 (mu_rec=8 mu_bwd=4) | grad=0.941 | tok/s=24,053 | tokens=4.92B
step=150100 | loss=3.0428 | lr=4.73e-05 | wd=0.0016 | mom=0.9500 | T=3.8 k=3.2 (mu_rec=8 mu_bwd=4) | grad=0.956 | tok/s=25,032 | tokens=4.92B
step=150110 | loss=3.1707 | lr=4.72e-05 | wd=0.0016 | mom=0.9500 | T=7.2 k=3.8 (mu_rec=8 mu_bwd=4) | grad=2.815 | tok/s=24,814 | tokens=4.92B
step=150120 | loss=3.1780 | lr=4.71e-05 | wd=0.0016 | mom=0.9500 | T=8.2 k=4.0 (mu_rec=8 mu_bwd=4) | grad=1.509 | tok/s=24,185 | tokens=4.92B
step=150130 | loss=2.8816 | lr=4.69e-05 | wd=0.0016 | mom=0.9500 | T=4.0 k=3.2 (mu_rec=8 mu_bwd=4) | grad=0.850 | tok/s=23,489 | tokens=4.92B
step=150140 | loss=2.7399 | lr=4.68e-05 | wd=0.0016 | mom=0.9500 | T=6.0 k=3.2 (mu_rec=8 mu_bwd=4) | grad=0.861 | tok/s=26,309 | tokens=4.92B
step=150150 | loss=3.1635 | lr=4.67e-05 | wd=0.0016 | mom=0.9500 | T=7.0 k=3.5 (mu_rec=8 mu_bwd=4) | grad=0.852 | tok/s=23,297 | tokens=4.92B
step=150160 | loss=3.0468 | lr=4.65e-05 | wd=0.0016 | mom=0.9500 | T=9.8 k=4.0 (mu_rec=8 mu_bwd=4) | grad=1.227 | tok/s=22,962 | tokens=4.92B
step=150170 | loss=2.8136 | lr=4.64e-05 | wd=0.0016 | mom=0.9500 | T=5.8 k=3.5 (mu_rec=8 mu_bwd=4) | grad=0.975 | tok/s=23,540 | tokens=4.92B
step=150180 | loss=2.9314 | lr=4.63e-05 | wd=0.0016 | mom=0.9500 | T=7.0 k=3.8 (mu_rec=8 mu_bwd=4) | grad=0.849 | tok/s=22,809 | tokens=4.92B
step=150190 | loss=3.0398 | lr=4.61e-05 | wd=0.0016 | mom=0.9500 | T=7.5 k=4.0 (mu_rec=8 mu_bwd=4) | grad=0.871 | tok/s=24,494 | tokens=4.92B
step=150200 | loss=3.1848 | lr=4.60e-05 | wd=0.0016 | mom=0.9500 | T=5.2 k=2.8 (mu_rec=8 mu_bwd=4) | grad=2.385 | tok/s=25,961 | tokens=4.92B
step=150210 | loss=2.8764 | lr=4.59e-05 | wd=0.0016 | mom=0.9500 | T=7.8 k=4.0 (mu_rec=8 mu_bwd=4) | grad=0.963 | tok/s=24,031 | tokens=4.92B
step=150220 | loss=2.9995 | lr=4.57e-05 | wd=0.0016 | mom=0.9500 | T=8.2 k=4.0 (mu_rec=8 mu_bwd=4) | grad=0.917 | tok/s=23,226 | tokens=4.92B
step=150230 | loss=2.7928 | lr=4.56e-05 | wd=0.0015 | mom=0.9500 | T=16.0 k=4.0 (mu_rec=8 mu_bwd=4) | grad=0.802 | tok/s=24,762 | tokens=4.92B
step=150240 | loss=3.0317 | lr=4.55e-05 | wd=0.0015 | mom=0.9500 | T=9.0 k=4.0 (mu_rec=8 mu_bwd=4) | grad=1.072 | tok/s=21,770 | tokens=4.92B
step=150250 | loss=2.8524 | lr=4.53e-05 | wd=0.0015 | mom=0.9500 | T=6.8 k=3.8 (mu_rec=8 mu_bwd=4) | grad=1.886 | tok/s=22,413 | tokens=4.92B
step=150260 | loss=3.0250 | lr=4.52e-05 | wd=0.0015 | mom=0.9500 | T=14.5 k=4.0 (mu_rec=8 mu_bwd=4) | grad=1.349 | tok/s=23,111 | tokens=4.92B
step=150270 | loss=3.3726 | lr=4.51e-05 | wd=0.0015 | mom=0.9500 | T=5.2 k=3.2 (mu_rec=8 mu_bwd=4) | grad=1.045 | tok/s=24,011 | tokens=4.92B
step=150280 | loss=2.8994 | lr=4.50e-05 | wd=0.0015 | mom=0.9500 | T=8.8 k=4.0 (mu_rec=8 mu_bwd=4) | grad=1.033 | tok/s=23,884 | tokens=4.92B
step=150290 | loss=3.0302 | lr=4.48e-05 | wd=0.0015 | mom=0.9500 | T=5.8 k=3.8 (mu_rec=8 mu_bwd=4) | grad=0.813 | tok/s=26,461 | tokens=4.92B
step=150300 | loss=2.7622 | lr=4.47e-05 | wd=0.0015 | mom=0.9500 | T=6.8 k=4.0 (mu_rec=8 mu_bwd=4) | grad=0.779 | tok/s=24,050 | tokens=4.93B
step=150310 | loss=2.9847 | lr=4.46e-05 | wd=0.0015 | mom=0.9500 | T=4.8 k=3.5 (mu_rec=8 mu_bwd=4) | grad=0.816 | tok/s=25,924 | tokens=4.93B
step=150320 | loss=2.9269 | lr=4.45e-05 | wd=0.0015 | mom=0.9500 | T=6.0 k=4.0 (mu_rec=8 mu_bwd=4) | grad=1.187 | tok/s=25,387 | tokens=4.93B
step=150330 | loss=3.1956 | lr=4.43e-05 | wd=0.0015 | mom=0.9500 | T=4.2 k=3.2 (mu_rec=8 mu_bwd=4) | grad=1.129 | tok/s=22,971 | tokens=4.93B
step=150340 | loss=2.8073 | lr=4.42e-05 | wd=0.0015 | mom=0.9500 | T=8.0 k=4.0 (mu_rec=8 mu_bwd=4) | grad=0.949 | tok/s=23,120 | tokens=4.93B
step=150350 | loss=2.8430 | lr=4.41e-05 | wd=0.0015 | mom=0.9500 | T=5.8 k=3.5 (mu_rec=8 mu_bwd=4) | grad=0.936 | tok/s=25,183 | tokens=4.93B
step=150360 | loss=2.8482 | lr=4.40e-05 | wd=0.0015 | mom=0.9500 | T=8.0 k=4.0 (mu_rec=8 mu_bwd=4) | grad=0.980 | tok/s=23,767 | tokens=4.93B
step=150370 | loss=3.0721 | lr=4.38e-05 | wd=0.0015 | mom=0.9500 | T=4.2 k=3.8 (mu_rec=8 mu_bwd=4) | grad=1.190 | tok/s=24,808 | tokens=4.93B
step=150380 | loss=3.1723 | lr=4.37e-05 | wd=0.0014 | mom=0.9500 | T=6.5 k=4.0 (mu_rec=8 mu_bwd=4) | grad=1.348 | tok/s=23,788 | tokens=4.93B
step=150390 | loss=3.5184 | lr=4.36e-05 | wd=0.0014 | mom=0.9500 | T=5.2 k=3.5 (mu_rec=8 mu_bwd=4) | grad=1.400 | tok/s=23,118 | tokens=4.93B
step=150400 | loss=3.1085 | lr=4.35e-05 | wd=0.0014 | mom=0.9500 | T=7.5 k=4.0 (mu_rec=8 mu_bwd=4) | grad=1.938 | tok/s=23,324 | tokens=4.93B
step=150410 | loss=2.8568 | lr=4.33e-05 | wd=0.0014 | mom=0.9500 | T=6.5 k=3.2 (mu_rec=8 mu_bwd=4) | grad=1.928 | tok/s=24,156 | tokens=4.93B
step=150420 | loss=3.0335 | lr=4.32e-05 | wd=0.0014 | mom=0.9500 | T=9.2 k=4.0 (mu_rec=8 mu_bwd=4) | grad=1.060 | tok/s=24,116 | tokens=4.93B
step=150430 | loss=3.7358 | lr=4.31e-05 | wd=0.0014 | mom=0.9500 | T=10.8 k=3.5 (mu_rec=8 mu_bwd=4) | grad=1.005 | tok/s=10,148 | tokens=4.93B
step=150440 | loss=3.1322 | lr=4.30e-05 | wd=0.0014 | mom=0.9500 | T=8.2 k=4.0 (mu_rec=8 mu_bwd=4) | grad=1.747 | tok/s=23,816 | tokens=4.93B
step=150450 | loss=2.7964 | lr=4.29e-05 | wd=0.0014 | mom=0.9500 | T=4.5 k=3.2 (mu_rec=8 mu_bwd=4) | grad=0.830 | tok/s=23,984 | tokens=4.93B
step=150460 | loss=3.1664 | lr=4.28e-05 | wd=0.0014 | mom=0.9500 | T=7.5 k=3.8 (mu_rec=8 mu_bwd=4) | grad=0.837 | tok/s=24,099 | tokens=4.93B
step=150470 | loss=3.6819 | lr=4.26e-05 | wd=0.0014 | mom=0.9500 | T=4.2 k=3.5 (mu_rec=8 mu_bwd=4) | grad=1.863 | tok/s=24,068 | tokens=4.93B
step=150480 | loss=3.5313 | lr=4.25e-05 | wd=0.0014 | mom=0.9500 | T=14.8 k=3.8 (mu_rec=8 mu_bwd=4) | grad=0.953 | tok/s=23,100 | tokens=4.93B
step=150490 | loss=3.1734 | lr=4.24e-05 | wd=0.0014 | mom=0.9500 | T=6.2 k=4.0 (mu_rec=8 mu_bwd=4) | grad=0.890 | tok/s=24,653 | tokens=4.93B
step=150500 | loss=3.0529 | lr=4.23e-05 | wd=0.0014 | mom=0.9500 | T=10.0 k=4.0 (mu_rec=8 mu_bwd=4) | grad=0.854 | tok/s=25,090 | tokens=4.93B
step=150510 | loss=3.1122 | lr=4.22e-05 | wd=0.0014 | mom=0.9500 | T=7.5 k=3.5 (mu_rec=8 mu_bwd=4) | grad=1.466 | tok/s=24,919 | tokens=4.93B
step=150520 | loss=2.8461 | lr=4.21e-05 | wd=0.0014 | mom=0.9500 | T=6.2 k=3.2 (mu_rec=8 mu_bwd=4) | grad=1.107 | tok/s=25,438 | tokens=4.93B
step=150530 | loss=3.0471 | lr=4.19e-05 | wd=0.0013 | mom=0.9500 | T=12.8 k=4.0 (mu_rec=8 mu_bwd=4) | grad=0.782 | tok/s=23,729 | tokens=4.93B
step=150540 | loss=2.8915 | lr=4.18e-05 | wd=0.0013 | mom=0.9500 | T=8.5 k=3.8 (mu_rec=8 mu_bwd=4) | grad=1.035 | tok/s=23,940 | tokens=4.93B
step=150550 | loss=2.9178 | lr=4.17e-05 | wd=0.0013 | mom=0.9500 | T=5.2 k=3.8 (mu_rec=8 mu_bwd=4) | grad=0.956 | tok/s=22,949 | tokens=4.93B
step=150560 | loss=3.0664 | lr=4.16e-05 | wd=0.0013 | mom=0.9500 | T=6.0 k=3.8 (mu_rec=8 mu_bwd=4) | grad=0.837 | tok/s=24,482 | tokens=4.93B
step=150570 | loss=2.9924 | lr=4.15e-05 | wd=0.0013 | mom=0.9500 | T=6.8 k=3.5 (mu_rec=8 mu_bwd=4) | grad=0.982 | tok/s=24,065 | tokens=4.93B
step=150580 | loss=3.2321 | lr=4.14e-05 | wd=0.0013 | mom=0.9500 | T=9.8 k=3.5 (mu_rec=8 mu_bwd=4) | grad=0.921 | tok/s=23,465 | tokens=4.93B
step=150590 | loss=2.8515 | lr=4.13e-05 | wd=0.0013 | mom=0.9500 | T=4.0 k=3.0 (mu_rec=8 mu_bwd=4) | grad=0.785 | tok/s=24,089 | tokens=4.93B
step=150600 | loss=2.8452 | lr=4.12e-05 | wd=0.0013 | mom=0.9500 | T=2.8 k=2.8 (mu_rec=8 mu_bwd=4) | grad=0.881 | tok/s=24,331 | tokens=4.93B
step=150610 | loss=2.8936 | lr=4.10e-05 | wd=0.0013 | mom=0.9500 | T=7.2 k=3.2 (mu_rec=8 mu_bwd=4) | grad=0.960 | tok/s=23,356 | tokens=4.94B
step=150620 | loss=2.9153 | lr=4.09e-05 | wd=0.0013 | mom=0.9500 | T=13.5 k=4.0 (mu_rec=8 mu_bwd=4) | grad=0.909 | tok/s=22,678 | tokens=4.94B
step=150630 | loss=2.9087 | lr=4.08e-05 | wd=0.0013 | mom=0.9500 | T=5.0 k=3.8 (mu_rec=8 mu_bwd=4) | grad=0.810 | tok/s=24,000 | tokens=4.94B
step=150640 | loss=2.7174 | lr=4.07e-05 | wd=0.0013 | mom=0.9500 | T=7.8 k=4.0 (mu_rec=8 mu_bwd=4) | grad=0.810 | tok/s=22,935 | tokens=4.94B
step=150650 | loss=3.5148 | lr=4.06e-05 | wd=0.0013 | mom=0.9500 | T=5.0 k=3.2 (mu_rec=8 mu_bwd=4) | grad=1.112 | tok/s=24,426 | tokens=4.94B
step=150660 | loss=3.1755 | lr=4.05e-05 | wd=0.0013 | mom=0.9500 | T=7.0 k=4.0 (mu_rec=8 mu_bwd=4) | grad=0.736 | tok/s=24,814 | tokens=4.94B
step=150670 | loss=3.0510 | lr=4.04e-05 | wd=0.0013 | mom=0.9500 | T=8.2 k=3.2 (mu_rec=8 mu_bwd=4) | grad=0.907 | tok/s=23,632 | tokens=4.94B
step=150680 | loss=2.7672 | lr=4.03e-05 | wd=0.0013 | mom=0.9500 | T=5.2 k=3.5 (mu_rec=8 mu_bwd=4) | grad=0.938 | tok/s=22,541 | tokens=4.94B
step=150690 | loss=3.0509 | lr=4.02e-05 | wd=0.0012 | mom=0.9500 | T=3.5 k=3.2 (mu_rec=8 mu_bwd=4) | grad=1.397 | tok/s=23,735 | tokens=4.94B
step=150700 | loss=3.1216 | lr=4.01e-05 | wd=0.0012 | mom=0.9500 | T=6.5 k=3.0 (mu_rec=8 mu_bwd=4) | grad=0.903 | tok/s=23,388 | tokens=4.94B
step=150710 | loss=2.7730 | lr=4.00e-05 | wd=0.0012 | mom=0.9500 | T=7.2 k=3.8 (mu_rec=8 mu_bwd=4) | grad=0.750 | tok/s=25,364 | tokens=4.94B
step=150720 | loss=2.7616 | lr=3.99e-05 | wd=0.0012 | mom=0.9500 | T=9.8 k=4.0 (mu_rec=8 mu_bwd=4) | grad=0.785 | tok/s=23,085 | tokens=4.94B
step=150730 | loss=3.0362 | lr=3.98e-05 | wd=0.0012 | mom=0.9500 | T=8.0 k=4.0 (mu_rec=8 mu_bwd=4) | grad=1.147 | tok/s=25,060 | tokens=4.94B
step=150740 | loss=2.9260 | lr=3.97e-05 | wd=0.0012 | mom=0.9500 | T=13.5 k=4.0 (mu_rec=8 mu_bwd=4) | grad=0.860 | tok/s=23,107 | tokens=4.94B
step=150750 | loss=2.9455 | lr=3.96e-05 | wd=0.0012 | mom=0.9500 | T=6.8 k=3.8 (mu_rec=8 mu_bwd=4) | grad=0.946 | tok/s=24,508 | tokens=4.94B
step=150760 | loss=2.7906 | lr=3.94e-05 | wd=0.0012 | mom=0.9500 | T=8.5 k=3.5 (mu_rec=8 mu_bwd=4) | grad=1.011 | tok/s=25,780 | tokens=4.94B
step=150770 | loss=3.0854 | lr=3.93e-05 | wd=0.0012 | mom=0.9500 | T=10.2 k=4.0 (mu_rec=8 mu_bwd=4) | grad=0.928 | tok/s=24,609 | tokens=4.94B
step=150780 | loss=2.9509 | lr=3.92e-05 | wd=0.0012 | mom=0.9500 | T=2.2 k=2.2 (mu_rec=8 mu_bwd=4) | grad=0.932 | tok/s=24,846 | tokens=4.94B
step=150790 | loss=2.8259 | lr=3.91e-05 | wd=0.0012 | mom=0.9500 | T=9.8 k=2.8 (mu_rec=8 mu_bwd=4) | grad=1.051 | tok/s=24,394 | tokens=4.94Bwandb: updating run metadata
wandb: uploading output.log; uploading wandb-summary.json; uploading config.yaml
wandb: 
wandb: Run history:
wandb: lti/contraction_factor ▁▁▁▁▁▂▁▁▂▂▂▂▂▂▃▃▃▅▅▅▆▆▆▇▇██████▇▇▇▇▇▇▇▆▆
wandb:      lti/spectral_norm ▃▄▅▄▅▆▆▇█▇▄▄▂▅▆█▇▅▇▆▇▄▆▇▇▄▁▃▂▃▄▅▆▇▆▆▄▄▄▄
wandb:        train/grad_norm ▂▄▂▁▃▁▁▂▂▂▂▁▁▂▂▁▃▂▁▅▂▂▃▂▂▂▁▁█▂▁▄▂▂▂▂▂▃▁▂
wandb:             train/loss ▄█▄▇▅▃▁▃▅▄█▅▄▃▅▆▅▅▅▁▄▇▆▄▃▄▅▇▄▆▅▅▅█▄▂▅▁▅▃
wandb:               train/lr ████████████████████████████▇▇▆▄▃▃▃▃▂▂▂▁
wandb:           train/mean_T ▃▄▆▂▆▆▅▄▄▃▇▄▄▄▄▄▂▄▃▄█▄▄▁▃▃▃▅▂▃▃▄▂▆▆▆▄▄▄▂
wandb:           train/mean_k ▅█▆██▁▆█████▆█▇▆▅███████▇██▅█▇▆█▇█▅▆█▇▇▇
wandb:         train/momentum ▁▁▁▁▁▁▁▁▁▁▁▁▁▁▁▁▁▁▁▁▁▁▁▁▁▁▁▁▁▁▁▁▁▁▁▁▁▁▁▁
wandb:           train/mu_bwd ▁▁▁▁▁▁▁▁▁▁▁▁▁▁▁▁▁▁▁▁▁▁▁▁▁▁▁▁▁▁▁▁▁▁▁▁▁▁▁▁
wandb:           train/mu_rec ▁▁▁▁▁▁▁▁▁▁▁▁▁▁▁▁▁▁▁▁▁▁▁▁▁▁▁▁▁▁▁▁▁▁▁▁▁▁▁▁
wandb:                     +6 ...
wandb: 
wandb: Run summary:
wandb: lti/contraction_factor 0.29495
wandb:      lti/spectral_norm 0.3594
wandb:        train/grad_norm 0.76975
wandb:             train/loss 2.99354
wandb:               train/lr 3e-05
wandb:           train/mean_T 8
wandb:           train/mean_k 4
wandb:         train/momentum 0.95
wandb:           train/mu_bwd 4
wandb:           train/mu_rec 8
wandb:                     +6 ...
wandb: 
wandb: 🚀 View run cortex-5b-k4 at: https://wandb.ai/henryyjiang42-georgia-institute-of-technology/cortex-gpt-v2/runs/6m1xqnno
wandb: ⭐️ View project at: https://wandb.ai/henryyjiang42-georgia-institute-of-technology/cortex-gpt-v2
wandb: Synced 5 W&B file(s), 0 media file(s), 0 artifact file(s) and 0 other file(s)
wandb: Find logs at: runs/cortex-5b-k4/wandb/run-20260703_011957-6m1xqnno/logs

step=150800 | loss=3.0062 | lr=3.90e-05 | wd=0.0012 | mom=0.9500 | T=7.5 k=4.0 (mu_rec=8 mu_bwd=4) | grad=1.072 | tok/s=22,504 | tokens=4.94B
step=150810 | loss=3.0158 | lr=3.89e-05 | wd=0.0012 | mom=0.9500 | T=9.2 k=3.2 (mu_rec=8 mu_bwd=4) | grad=0.915 | tok/s=24,369 | tokens=4.94B
step=150820 | loss=2.9043 | lr=3.88e-05 | wd=0.0012 | mom=0.9500 | T=6.8 k=3.8 (mu_rec=8 mu_bwd=4) | grad=0.802 | tok/s=24,425 | tokens=4.94B
step=150830 | loss=2.9727 | lr=3.87e-05 | wd=0.0012 | mom=0.9500 | T=5.8 k=3.5 (mu_rec=8 mu_bwd=4) | grad=0.784 | tok/s=24,128 | tokens=4.94B
step=150840 | loss=2.4488 | lr=3.86e-05 | wd=0.0011 | mom=0.9500 | T=7.5 k=4.0 (mu_rec=8 mu_bwd=4) | grad=1.565 | tok/s=23,988 | tokens=4.94B
step=150850 | loss=2.9798 | lr=3.86e-05 | wd=0.0011 | mom=0.9500 | T=11.5 k=3.8 (mu_rec=8 mu_bwd=4) | grad=0.799 | tok/s=10,318 | tokens=4.94B
step=150860 | loss=2.9929 | lr=3.85e-05 | wd=0.0011 | mom=0.9500 | T=6.0 k=3.2 (mu_rec=8 mu_bwd=4) | grad=0.776 | tok/s=25,970 | tokens=4.94B
step=150870 | loss=2.7424 | lr=3.84e-05 | wd=0.0011 | mom=0.9500 | T=8.2 k=3.2 (mu_rec=8 mu_bwd=4) | grad=0.820 | tok/s=23,565 | tokens=4.94B
step=150880 | loss=2.8234 | lr=3.83e-05 | wd=0.0011 | mom=0.9500 | T=7.2 k=3.8 (mu_rec=8 mu_bwd=4) | grad=1.194 | tok/s=24,010 | tokens=4.94B
step=150890 | loss=3.1345 | lr=3.82e-05 | wd=0.0011 | mom=0.9500 | T=4.5 k=3.0 (mu_rec=8 mu_bwd=4) | grad=1.007 | tok/s=24,113 | tokens=4.94B
step=150900 | loss=2.9634 | lr=3.81e-05 | wd=0.0011 | mom=0.9500 | T=8.8 k=4.0 (mu_rec=8 mu_bwd=4) | grad=0.931 | tok/s=25,069 | tokens=4.94B
step=150910 | loss=3.1217 | lr=3.80e-05 | wd=0.0011 | mom=0.9500 | T=4.8 k=3.8 (mu_rec=8 mu_bwd=4) | grad=1.765 | tok/s=24,283 | tokens=4.95B
step=150920 | loss=2.8798 | lr=3.79e-05 | wd=0.0011 | mom=0.9500 | T=4.0 k=2.5 (mu_rec=8 mu_bwd=4) | grad=0.866 | tok/s=27,181 | tokens=4.95B
step=150930 | loss=2.9880 | lr=3.78e-05 | wd=0.0011 | mom=0.9500 | T=9.2 k=4.0 (mu_rec=8 mu_bwd=4) | grad=0.776 | tok/s=22,602 | tokens=4.95B
step=150940 | loss=2.7884 | lr=3.77e-05 | wd=0.0011 | mom=0.9500 | T=9.8 k=4.0 (mu_rec=8 mu_bwd=4) | grad=1.914 | tok/s=24,319 | tokens=4.95B
step=150950 | loss=2.7431 | lr=3.76e-05 | wd=0.0011 | mom=0.9500 | T=9.5 k=3.0 (mu_rec=8 mu_bwd=4) | grad=1.082 | tok/s=23,887 | tokens=4.95B
step=150960 | loss=2.7755 | lr=3.75e-05 | wd=0.0011 | mom=0.9500 | T=11.2 k=3.2 (mu_rec=8 mu_bwd=4) | grad=0.889 | tok/s=23,818 | tokens=4.95B
step=150970 | loss=2.8366 | lr=3.74e-05 | wd=0.0011 | mom=0.9500 | T=6.2 k=3.5 (mu_rec=8 mu_bwd=4) | grad=1.057 | tok/s=24,422 | tokens=4.95B
step=150980 | loss=2.7410 | lr=3.73e-05 | wd=0.0011 | mom=0.9500 | T=7.5 k=4.0 (mu_rec=8 mu_bwd=4) | grad=1.016 | tok/s=25,305 | tokens=4.95B
step=150990 | loss=3.0031 | lr=3.72e-05 | wd=0.0010 | mom=0.9500 | T=5.2 k=3.2 (mu_rec=8 mu_bwd=4) | grad=1.081 | tok/s=25,459 | tokens=4.95B
step=151000 | loss=3.1904 | lr=3.72e-05 | wd=0.0010 | mom=0.9500 | T=6.5 k=2.8 (mu_rec=8 mu_bwd=4) | grad=1.467 | tok/s=24,636 | tokens=4.95B
step=151010 | loss=2.9443 | lr=3.71e-05 | wd=0.0010 | mom=0.9500 | T=6.8 k=4.0 (mu_rec=8 mu_bwd=4) | grad=2.455 | tok/s=24,061 | tokens=4.95B
step=151020 | loss=2.8116 | lr=3.70e-05 | wd=0.0010 | mom=0.9500 | T=6.8 k=4.0 (mu_rec=8 mu_bwd=4) | grad=0.948 | tok/s=24,478 | tokens=4.95B
step=151030 | loss=2.8973 | lr=3.69e-05 | wd=0.0010 | mom=0.9500 | T=12.5 k=4.0 (mu_rec=8 mu_bwd=4) | grad=0.821 | tok/s=24,527 | tokens=4.95B
step=151040 | loss=2.7898 | lr=3.68e-05 | wd=0.0010 | mom=0.9500 | T=7.2 k=4.0 (mu_rec=8 mu_bwd=4) | grad=0.811 | tok/s=22,434 | tokens=4.95B
step=151050 | loss=3.1353 | lr=3.67e-05 | wd=0.0010 | mom=0.9500 | T=11.2 k=4.0 (mu_rec=8 mu_bwd=4) | grad=1.374 | tok/s=22,325 | tokens=4.95B
step=151060 | loss=3.0767 | lr=3.66e-05 | wd=0.0010 | mom=0.9500 | T=10.8 k=4.0 (mu_rec=8 mu_bwd=4) | grad=1.207 | tok/s=24,720 | tokens=4.95B
step=151070 | loss=2.6130 | lr=3.65e-05 | wd=0.0010 | mom=0.9500 | T=7.0 k=3.5 (mu_rec=8 mu_bwd=4) | grad=1.114 | tok/s=24,347 | tokens=4.95B
step=151080 | loss=3.1060 | lr=3.65e-05 | wd=0.0010 | mom=0.9500 | T=6.0 k=3.0 (mu_rec=8 mu_bwd=4) | grad=0.965 | tok/s=23,516 | tokens=4.95B
step=151090 | loss=2.8205 | lr=3.64e-05 | wd=0.0010 | mom=0.9500 | T=12.0 k=4.0 (mu_rec=8 mu_bwd=4) | grad=1.420 | tok/s=22,935 | tokens=4.95B
step=151100 | loss=3.0214 | lr=3.63e-05 | wd=0.0010 | mom=0.9500 | T=4.8 k=3.5 (mu_rec=8 mu_bwd=4) | grad=1.281 | tok/s=24,916 | tokens=4.95B
step=151110 | loss=2.9036 | lr=3.62e-05 | wd=0.0010 | mom=0.9500 | T=7.2 k=4.0 (mu_rec=8 mu_bwd=4) | grad=1.190 | tok/s=26,025 | tokens=4.95B
step=151120 | loss=2.9402 | lr=3.61e-05 | wd=0.0010 | mom=0.9500 | T=7.0 k=4.0 (mu_rec=8 mu_bwd=4) | grad=1.562 | tok/s=25,119 | tokens=4.95B
step=151130 | loss=2.6887 | lr=3.60e-05 | wd=0.0010 | mom=0.9500 | T=6.5 k=3.8 (mu_rec=8 mu_bwd=4) | grad=1.166 | tok/s=25,631 | tokens=4.95B
step=151140 | loss=2.6701 | lr=3.60e-05 | wd=0.0009 | mom=0.9500 | T=6.5 k=3.5 (mu_rec=8 mu_bwd=4) | grad=1.189 | tok/s=24,105 | tokens=4.95B
step=151150 | loss=2.5421 | lr=3.59e-05 | wd=0.0009 | mom=0.9500 | T=3.2 k=3.0 (mu_rec=8 mu_bwd=4) | grad=1.105 | tok/s=24,392 | tokens=4.95B
step=151160 | loss=2.8392 | lr=3.58e-05 | wd=0.0009 | mom=0.9500 | T=8.2 k=4.0 (mu_rec=8 mu_bwd=4) | grad=0.952 | tok/s=23,705 | tokens=4.95B
step=151170 | loss=3.2402 | lr=3.57e-05 | wd=0.0009 | mom=0.9500 | T=8.0 k=3.2 (mu_rec=8 mu_bwd=4) | grad=0.912 | tok/s=23,383 | tokens=4.95B
step=151180 | loss=2.8955 | lr=3.56e-05 | wd=0.0009 | mom=0.9500 | T=9.2 k=3.8 (mu_rec=8 mu_bwd=4) | grad=0.873 | tok/s=22,392 | tokens=4.95B
step=151190 | loss=2.7459 | lr=3.56e-05 | wd=0.0009 | mom=0.9500 | T=5.8 k=4.0 (mu_rec=8 mu_bwd=4) | grad=0.854 | tok/s=23,746 | tokens=4.95B
step=151200 | loss=3.0739 | lr=3.55e-05 | wd=0.0009 | mom=0.9500 | T=8.2 k=4.0 (mu_rec=8 mu_bwd=4) | grad=1.181 | tok/s=25,240 | tokens=4.95B
step=151210 | loss=3.2119 | lr=3.54e-05 | wd=0.0009 | mom=0.9500 | T=10.5 k=3.2 (mu_rec=8 mu_bwd=4) | grad=1.103 | tok/s=23,756 | tokens=4.95B
step=151220 | loss=2.8519 | lr=3.53e-05 | wd=0.0009 | mom=0.9500 | T=8.5 k=4.0 (mu_rec=8 mu_bwd=4) | grad=1.390 | tok/s=23,913 | tokens=4.96B
step=151230 | loss=2.7087 | lr=3.52e-05 | wd=0.0009 | mom=0.9500 | T=7.2 k=4.0 (mu_rec=8 mu_bwd=4) | grad=0.787 | tok/s=23,100 | tokens=4.96B
step=151240 | loss=2.7926 | lr=3.52e-05 | wd=0.0009 | mom=0.9500 | T=9.2 k=3.2 (mu_rec=8 mu_bwd=4) | grad=1.073 | tok/s=22,335 | tokens=4.96B
step=151250 | loss=2.9972 | lr=3.51e-05 | wd=0.0009 | mom=0.9500 | T=6.5 k=4.0 (mu_rec=8 mu_bwd=4) | grad=0.800 | tok/s=23,734 | tokens=4.96B
step=151260 | loss=3.0532 | lr=3.50e-05 | wd=0.0009 | mom=0.9500 | T=4.8 k=4.0 (mu_rec=8 mu_bwd=4) | grad=0.832 | tok/s=24,774 | tokens=4.96B
step=151270 | loss=2.7062 | lr=3.49e-05 | wd=0.0009 | mom=0.9500 | T=6.2 k=3.5 (mu_rec=8 mu_bwd=4) | grad=0.842 | tok/s=27,215 | tokens=4.96B
step=151280 | loss=2.8608 | lr=3.49e-05 | wd=0.0009 | mom=0.9500 | T=9.5 k=3.5 (mu_rec=8 mu_bwd=4) | grad=1.205 | tok/s=22,388 | tokens=4.96B
step=151290 | loss=3.7688 | lr=3.48e-05 | wd=0.0009 | mom=0.9500 | T=7.5 k=3.5 (mu_rec=8 mu_bwd=4) | grad=1.474 | tok/s=23,460 | tokens=4.96B
step=151300 | loss=2.7981 | lr=3.47e-05 | wd=0.0008 | mom=0.9500 | T=5.5 k=4.0 (mu_rec=8 mu_bwd=4) | grad=0.865 | tok/s=23,639 | tokens=4.96B
step=151310 | loss=2.8656 | lr=3.46e-05 | wd=0.0008 | mom=0.9500 | T=6.8 k=4.0 (mu_rec=8 mu_bwd=4) | grad=0.969 | tok/s=23,545 | tokens=4.96B
step=151320 | loss=2.7176 | lr=3.46e-05 | wd=0.0008 | mom=0.9500 | T=7.5 k=3.8 (mu_rec=8 mu_bwd=4) | grad=0.907 | tok/s=23,531 | tokens=4.96B
step=151330 | loss=2.5628 | lr=3.45e-05 | wd=0.0008 | mom=0.9500 | T=13.5 k=4.0 (mu_rec=8 mu_bwd=4) | grad=0.781 | tok/s=22,547 | tokens=4.96B
step=151340 | loss=2.7055 | lr=3.44e-05 | wd=0.0008 | mom=0.9500 | T=9.5 k=3.5 (mu_rec=8 mu_bwd=4) | grad=0.930 | tok/s=10,881 | tokens=4.96B
step=151350 | loss=3.0949 | lr=3.44e-05 | wd=0.0008 | mom=0.9500 | T=7.2 k=4.0 (mu_rec=8 mu_bwd=4) | grad=0.829 | tok/s=23,567 | tokens=4.96B
step=151360 | loss=2.9657 | lr=3.43e-05 | wd=0.0008 | mom=0.9500 | T=3.8 k=3.5 (mu_rec=8 mu_bwd=4) | grad=1.037 | tok/s=24,378 | tokens=4.96B
step=151370 | loss=2.6455 | lr=3.42e-05 | wd=0.0008 | mom=0.9500 | T=6.5 k=3.5 (mu_rec=8 mu_bwd=4) | grad=2.664 | tok/s=24,196 | tokens=4.96B
step=151380 | loss=3.0301 | lr=3.42e-05 | wd=0.0008 | mom=0.9500 | T=6.5 k=3.5 (mu_rec=8 mu_bwd=4) | grad=0.847 | tok/s=24,714 | tokens=4.96B
step=151390 | loss=3.0352 | lr=3.41e-05 | wd=0.0008 | mom=0.9500 | T=9.2 k=4.0 (mu_rec=8 mu_bwd=4) | grad=0.832 | tok/s=23,184 | tokens=4.96B
step=151400 | loss=2.9488 | lr=3.40e-05 | wd=0.0008 | mom=0.9500 | T=8.0 k=3.8 (mu_rec=8 mu_bwd=4) | grad=1.278 | tok/s=24,708 | tokens=4.96B
step=151410 | loss=2.8037 | lr=3.40e-05 | wd=0.0008 | mom=0.9500 | T=8.8 k=4.0 (mu_rec=8 mu_bwd=4) | grad=0.805 | tok/s=23,141 | tokens=4.96B
step=151420 | loss=2.6372 | lr=3.39e-05 | wd=0.0008 | mom=0.9500 | T=10.0 k=4.0 (mu_rec=8 mu_bwd=4) | grad=1.038 | tok/s=22,177 | tokens=4.96B
step=151430 | loss=2.5561 | lr=3.38e-05 | wd=0.0008 | mom=0.9500 | T=8.2 k=4.0 (mu_rec=8 mu_bwd=4) | grad=0.846 | tok/s=24,826 | tokens=4.96B
step=151440 | loss=3.2636 | lr=3.38e-05 | wd=0.0008 | mom=0.9500 | T=7.0 k=3.8 (mu_rec=8 mu_bwd=4) | grad=0.895 | tok/s=22,818 | tokens=4.96B
step=151450 | loss=3.1162 | lr=3.37e-05 | wd=0.0007 | mom=0.9500 | T=7.2 k=4.0 (mu_rec=8 mu_bwd=4) | grad=0.851 | tok/s=22,213 | tokens=4.96B
step=151460 | loss=2.7430 | lr=3.36e-05 | wd=0.0007 | mom=0.9500 | T=4.8 k=3.5 (mu_rec=8 mu_bwd=4) | grad=0.911 | tok/s=26,258 | tokens=4.96B
step=151470 | loss=3.0636 | lr=3.36e-05 | wd=0.0007 | mom=0.9500 | T=11.8 k=3.2 (mu_rec=8 mu_bwd=4) | grad=0.908 | tok/s=24,877 | tokens=4.96B
step=151480 | loss=2.9784 | lr=3.35e-05 | wd=0.0007 | mom=0.9500 | T=11.2 k=3.2 (mu_rec=8 mu_bwd=4) | grad=1.480 | tok/s=22,914 | tokens=4.96B
step=151490 | loss=2.9403 | lr=3.34e-05 | wd=0.0007 | mom=0.9500 | T=9.0 k=3.5 (mu_rec=8 mu_bwd=4) | grad=1.033 | tok/s=22,977 | tokens=4.96B
step=151500 | loss=3.1093 | lr=3.34e-05 | wd=0.0007 | mom=0.9500 | T=9.5 k=4.0 (mu_rec=8 mu_bwd=4) | grad=1.220 | tok/s=23,555 | tokens=4.96B
step=151510 | loss=2.9873 | lr=3.33e-05 | wd=0.0007 | mom=0.9500 | T=4.5 k=3.5 (mu_rec=8 mu_bwd=4) | grad=0.839 | tok/s=24,086 | tokens=4.96B
step=151520 | loss=2.8820 | lr=3.33e-05 | wd=0.0007 | mom=0.9500 | T=8.0 k=4.0 (mu_rec=8 mu_bwd=4) | grad=0.961 | tok/s=22,163 | tokens=4.97B
step=151530 | loss=3.1600 | lr=3.32e-05 | wd=0.0007 | mom=0.9500 | T=5.2 k=3.8 (mu_rec=8 mu_bwd=4) | grad=0.985 | tok/s=26,582 | tokens=4.97B
step=151540 | loss=3.2486 | lr=3.31e-05 | wd=0.0007 | mom=0.9500 | T=7.8 k=4.0 (mu_rec=8 mu_bwd=4) | grad=1.069 | tok/s=23,225 | tokens=4.97B
step=151550 | loss=3.2084 | lr=3.31e-05 | wd=0.0007 | mom=0.9500 | T=5.5 k=3.8 (mu_rec=8 mu_bwd=4) | grad=1.549 | tok/s=23,612 | tokens=4.97B
step=151560 | loss=3.0209 | lr=3.30e-05 | wd=0.0007 | mom=0.9500 | T=11.2 k=4.0 (mu_rec=8 mu_bwd=4) | grad=0.838 | tok/s=23,512 | tokens=4.97B
step=151570 | loss=2.9057 | lr=3.30e-05 | wd=0.0007 | mom=0.9500 | T=10.0 k=4.0 (mu_rec=8 mu_bwd=4) | grad=0.891 | tok/s=23,693 | tokens=4.97B
step=151580 | loss=2.7261 | lr=3.29e-05 | wd=0.0007 | mom=0.9500 | T=8.5 k=4.0 (mu_rec=8 mu_bwd=4) | grad=0.818 | tok/s=22,106 | tokens=4.97B
step=151590 | loss=3.0478 | lr=3.28e-05 | wd=0.0007 | mom=0.9500 | T=7.2 k=4.0 (mu_rec=8 mu_bwd=4) | grad=1.549 | tok/s=20,935 | tokens=4.97B
step=151600 | loss=3.4047 | lr=3.28e-05 | wd=0.0006 | mom=0.9500 | T=9.0 k=3.2 (mu_rec=8 mu_bwd=4) | grad=0.874 | tok/s=24,204 | tokens=4.97B
step=151610 | loss=2.9262 | lr=3.27e-05 | wd=0.0006 | mom=0.9500 | T=7.8 k=3.8 (mu_rec=8 mu_bwd=4) | grad=0.909 | tok/s=22,451 | tokens=4.97B
step=151620 | loss=2.8475 | lr=3.27e-05 | wd=0.0006 | mom=0.9500 | T=7.5 k=4.0 (mu_rec=8 mu_bwd=4) | grad=1.333 | tok/s=24,405 | tokens=4.97B
step=151630 | loss=3.0037 | lr=3.26e-05 | wd=0.0006 | mom=0.9500 | T=12.0 k=4.0 (mu_rec=8 mu_bwd=4) | grad=0.781 | tok/s=23,784 | tokens=4.97B
step=151640 | loss=3.1241 | lr=3.26e-05 | wd=0.0006 | mom=0.9500 | T=10.0 k=4.0 (mu_rec=8 mu_bwd=4) | grad=0.838 | tok/s=22,038 | tokens=4.97B
step=151650 | loss=2.7496 | lr=3.25e-05 | wd=0.0006 | mom=0.9500 | T=9.5 k=3.8 (mu_rec=8 mu_bwd=4) | grad=0.878 | tok/s=23,872 | tokens=4.97B
step=151660 | loss=3.0989 | lr=3.25e-05 | wd=0.0006 | mom=0.9500 | T=4.2 k=3.8 (mu_rec=8 mu_bwd=4) | grad=0.924 | tok/s=26,269 | tokens=4.97B
step=151670 | loss=2.7823 | lr=3.24e-05 | wd=0.0006 | mom=0.9500 | T=11.5 k=4.0 (mu_rec=8 mu_bwd=4) | grad=0.851 | tok/s=24,524 | tokens=4.97B
step=151680 | loss=2.9122 | lr=3.24e-05 | wd=0.0006 | mom=0.9500 | T=7.5 k=3.2 (mu_rec=8 mu_bwd=4) | grad=0.889 | tok/s=23,535 | tokens=4.97B
step=151690 | loss=3.4018 | lr=3.23e-05 | wd=0.0006 | mom=0.9500 | T=7.0 k=4.0 (mu_rec=8 mu_bwd=4) | grad=2.211 | tok/s=24,045 | tokens=4.97B
step=151700 | loss=3.0441 | lr=3.23e-05 | wd=0.0006 | mom=0.9500 | T=10.0 k=4.0 (mu_rec=8 mu_bwd=4) | grad=0.730 | tok/s=25,921 | tokens=4.97B
step=151710 | loss=2.8924 | lr=3.22e-05 | wd=0.0006 | mom=0.9500 | T=5.0 k=3.2 (mu_rec=8 mu_bwd=4) | grad=2.114 | tok/s=24,489 | tokens=4.97B
step=151720 | loss=2.9089 | lr=3.22e-05 | wd=0.0006 | mom=0.9500 | T=5.2 k=3.5 (mu_rec=8 mu_bwd=4) | grad=0.928 | tok/s=9,888 | tokens=4.97B
step=151730 | loss=2.7329 | lr=3.21e-05 | wd=0.0006 | mom=0.9500 | T=9.5 k=4.0 (mu_rec=8 mu_bwd=4) | grad=1.091 | tok/s=24,719 | tokens=4.97B
step=151740 | loss=2.9296 | lr=3.21e-05 | wd=0.0006 | mom=0.9500 | T=4.5 k=3.2 (mu_rec=8 mu_bwd=4) | grad=0.842 | tok/s=23,977 | tokens=4.97B
step=151750 | loss=3.0982 | lr=3.20e-05 | wd=0.0005 | mom=0.9500 | T=13.0 k=4.0 (mu_rec=8 mu_bwd=4) | grad=0.972 | tok/s=22,042 | tokens=4.97B
step=151760 | loss=3.1560 | lr=3.20e-05 | wd=0.0005 | mom=0.9500 | T=7.5 k=4.0 (mu_rec=8 mu_bwd=4) | grad=1.522 | tok/s=23,927 | tokens=4.97B
step=151770 | loss=2.9381 | lr=3.19e-05 | wd=0.0005 | mom=0.9500 | T=8.8 k=3.8 (mu_rec=8 mu_bwd=4) | grad=0.891 | tok/s=23,277 | tokens=4.97B
step=151780 | loss=2.8754 | lr=3.19e-05 | wd=0.0005 | mom=0.9500 | T=6.8 k=4.0 (mu_rec=8 mu_bwd=4) | grad=0.782 | tok/s=22,905 | tokens=4.97B
step=151790 | loss=2.6137 | lr=3.18e-05 | wd=0.0005 | mom=0.9500 | T=3.5 k=3.5 (mu_rec=8 mu_bwd=4) | grad=0.969 | tok/s=24,318 | tokens=4.97B
step=151800 | loss=3.6450 | lr=3.18e-05 | wd=0.0005 | mom=0.9500 | T=6.5 k=4.0 (mu_rec=8 mu_bwd=4) | grad=1.258 | tok/s=23,569 | tokens=4.97B
step=151810 | loss=3.1089 | lr=3.17e-05 | wd=0.0005 | mom=0.9500 | T=7.5 k=3.8 (mu_rec=8 mu_bwd=4) | grad=0.822 | tok/s=22,300 | tokens=4.97B
step=151820 | loss=3.0080 | lr=3.17e-05 | wd=0.0005 | mom=0.9500 | T=11.5 k=3.2 (mu_rec=8 mu_bwd=4) | grad=0.918 | tok/s=25,151 | tokens=4.97B
step=151830 | loss=2.9111 | lr=3.16e-05 | wd=0.0005 | mom=0.9500 | T=12.0 k=4.0 (mu_rec=8 mu_bwd=4) | grad=1.130 | tok/s=24,053 | tokens=4.98B
step=151840 | loss=3.5028 | lr=3.16e-05 | wd=0.0005 | mom=0.9500 | T=5.5 k=3.0 (mu_rec=8 mu_bwd=4) | grad=1.077 | tok/s=24,559 | tokens=4.98B
step=151850 | loss=3.0233 | lr=3.16e-05 | wd=0.0005 | mom=0.9500 | T=9.0 k=4.0 (mu_rec=8 mu_bwd=4) | grad=0.817 | tok/s=24,198 | tokens=4.98B
step=151860 | loss=3.2232 | lr=3.15e-05 | wd=0.0005 | mom=0.9500 | T=9.5 k=3.5 (mu_rec=8 mu_bwd=4) | grad=1.221 | tok/s=23,484 | tokens=4.98B
step=151870 | loss=2.9797 | lr=3.15e-05 | wd=0.0005 | mom=0.9500 | T=6.0 k=3.8 (mu_rec=8 mu_bwd=4) | grad=0.872 | tok/s=23,790 | tokens=4.98B
step=151880 | loss=2.7293 | lr=3.14e-05 | wd=0.0005 | mom=0.9500 | T=6.0 k=3.2 (mu_rec=8 mu_bwd=4) | grad=1.157 | tok/s=25,372 | tokens=4.98B
step=151890 | loss=2.7052 | lr=3.14e-05 | wd=0.0005 | mom=0.9500 | T=7.2 k=4.0 (mu_rec=8 mu_bwd=4) | grad=1.499 | tok/s=21,803 | tokens=4.98B
step=151900 | loss=2.6748 | lr=3.14e-05 | wd=0.0005 | mom=0.9500 | T=9.0 k=3.5 (mu_rec=8 mu_bwd=4) | grad=1.479 | tok/s=23,896 | tokens=4.98B
step=151910 | loss=2.6884 | lr=3.13e-05 | wd=0.0004 | mom=0.9500 | T=9.8 k=4.0 (mu_rec=8 mu_bwd=4) | grad=0.828 | tok/s=24,281 | tokens=4.98B
step=151920 | loss=2.8426 | lr=3.13e-05 | wd=0.0004 | mom=0.9500 | T=8.8 k=3.2 (mu_rec=8 mu_bwd=4) | grad=0.919 | tok/s=24,392 | tokens=4.98B
step=151930 | loss=2.8826 | lr=3.12e-05 | wd=0.0004 | mom=0.9500 | T=8.2 k=4.0 (mu_rec=8 mu_bwd=4) | grad=0.835 | tok/s=25,264 | tokens=4.98B
step=151940 | loss=3.1618 | lr=3.12e-05 | wd=0.0004 | mom=0.9500 | T=11.0 k=4.0 (mu_rec=8 mu_bwd=4) | grad=0.830 | tok/s=23,206 | tokens=4.98B
step=151950 | loss=2.8340 | lr=3.12e-05 | wd=0.0004 | mom=0.9500 | T=9.2 k=3.2 (mu_rec=8 mu_bwd=4) | grad=1.082 | tok/s=24,267 | tokens=4.98B
step=151960 | loss=2.8002 | lr=3.11e-05 | wd=0.0004 | mom=0.9500 | T=8.0 k=4.0 (mu_rec=8 mu_bwd=4) | grad=0.756 | tok/s=23,691 | tokens=4.98B
step=151970 | loss=2.9427 | lr=3.11e-05 | wd=0.0004 | mom=0.9500 | T=11.0 k=4.0 (mu_rec=8 mu_bwd=4) | grad=0.870 | tok/s=23,281 | tokens=4.98B
step=151980 | loss=2.6171 | lr=3.11e-05 | wd=0.0004 | mom=0.9500 | T=6.2 k=4.0 (mu_rec=8 mu_bwd=4) | grad=0.874 | tok/s=24,262 | tokens=4.98B
step=151990 | loss=3.0198 | lr=3.10e-05 | wd=0.0004 | mom=0.9500 | T=6.5 k=3.5 (mu_rec=8 mu_bwd=4) | grad=0.899 | tok/s=24,453 | tokens=4.98B
step=152000 | loss=2.8153 | lr=3.10e-05 | wd=0.0004 | mom=0.9500 | T=11.8 k=3.5 (mu_rec=8 mu_bwd=4) | grad=0.872 | tok/s=25,111 | tokens=4.98B
[step 152000] Saved -> runs/cortex-5b-k4/checkpoint_0152000
[step 152000] Pruned -> runs/cortex-5b-k4/checkpoint_0146000
step=152010 | loss=2.8330 | lr=3.10e-05 | wd=0.0004 | mom=0.9500 | T=10.2 k=4.0 (mu_rec=8 mu_bwd=4) | grad=0.788 | tok/s=22,728 | tokens=4.98B
step=152020 | loss=2.9595 | lr=3.09e-05 | wd=0.0004 | mom=0.9500 | T=7.0 k=4.0 (mu_rec=8 mu_bwd=4) | grad=1.244 | tok/s=25,105 | tokens=4.98B
step=152030 | loss=3.1395 | lr=3.09e-05 | wd=0.0004 | mom=0.9500 | T=5.2 k=3.0 (mu_rec=8 mu_bwd=4) | grad=1.298 | tok/s=23,353 | tokens=4.98B
step=152040 | loss=2.9622 | lr=3.09e-05 | wd=0.0004 | mom=0.9500 | T=8.8 k=4.0 (mu_rec=8 mu_bwd=4) | grad=1.245 | tok/s=25,205 | tokens=4.98B
step=152050 | loss=3.1720 | lr=3.08e-05 | wd=0.0004 | mom=0.9500 | T=8.2 k=4.0 (mu_rec=8 mu_bwd=4) | grad=1.712 | tok/s=23,679 | tokens=4.98B
step=152060 | loss=3.0748 | lr=3.08e-05 | wd=0.0003 | mom=0.9500 | T=6.2 k=3.8 (mu_rec=8 mu_bwd=4) | grad=1.537 | tok/s=23,912 | tokens=4.98B
step=152070 | loss=2.8884 | lr=3.08e-05 | wd=0.0003 | mom=0.9500 | T=5.2 k=3.2 (mu_rec=8 mu_bwd=4) | grad=1.881 | tok/s=24,088 | tokens=4.98B
step=152080 | loss=3.3333 | lr=3.07e-05 | wd=0.0003 | mom=0.9500 | T=7.5 k=3.8 (mu_rec=8 mu_bwd=4) | grad=0.987 | tok/s=23,626 | tokens=4.98B
step=152090 | loss=3.6689 | lr=3.07e-05 | wd=0.0003 | mom=0.9500 | T=4.8 k=2.8 (mu_rec=8 mu_bwd=4) | grad=1.095 | tok/s=25,281 | tokens=4.98B
step=152100 | loss=3.2434 | lr=3.07e-05 | wd=0.0003 | mom=0.9500 | T=5.5 k=3.8 (mu_rec=8 mu_bwd=4) | grad=1.080 | tok/s=24,524 | tokens=4.98B
step=152110 | loss=2.9713 | lr=3.07e-05 | wd=0.0003 | mom=0.9500 | T=8.2 k=4.0 (mu_rec=8 mu_bwd=4) | grad=1.326 | tok/s=23,024 | tokens=4.98B
step=152120 | loss=2.9373 | lr=3.06e-05 | wd=0.0003 | mom=0.9500 | T=7.2 k=3.8 (mu_rec=8 mu_bwd=4) | grad=0.896 | tok/s=22,611 | tokens=4.98B
step=152130 | loss=3.1525 | lr=3.06e-05 | wd=0.0003 | mom=0.9500 | T=8.2 k=4.0 (mu_rec=8 mu_bwd=4) | grad=1.095 | tok/s=23,598 | tokens=4.98B
step=152140 | loss=3.2500 | lr=3.06e-05 | wd=0.0003 | mom=0.9500 | T=10.0 k=4.0 (mu_rec=8 mu_bwd=4) | grad=0.727 | tok/s=25,221 | tokens=4.99B
step=152150 | loss=2.8157 | lr=3.05e-05 | wd=0.0003 | mom=0.9500 | T=7.2 k=3.8 (mu_rec=8 mu_bwd=4) | grad=1.115 | tok/s=23,408 | tokens=4.99B
step=152160 | loss=3.2206 | lr=3.05e-05 | wd=0.0003 | mom=0.9500 | T=8.0 k=3.5 (mu_rec=8 mu_bwd=4) | grad=0.817 | tok/s=23,610 | tokens=4.99B
step=152170 | loss=2.8520 | lr=3.05e-05 | wd=0.0003 | mom=0.9500 | T=6.8 k=3.0 (mu_rec=8 mu_bwd=4) | grad=1.047 | tok/s=22,904 | tokens=4.99B
step=152180 | loss=2.4365 | lr=3.05e-05 | wd=0.0003 | mom=0.9500 | T=5.5 k=3.8 (mu_rec=8 mu_bwd=4) | grad=0.868 | tok/s=10,240 | tokens=4.99B
step=152190 | loss=2.6721 | lr=3.05e-05 | wd=0.0003 | mom=0.9500 | T=8.8 k=4.0 (mu_rec=8 mu_bwd=4) | grad=0.809 | tok/s=23,896 | tokens=4.99B
step=152200 | loss=3.1754 | lr=3.04e-05 | wd=0.0003 | mom=0.9500 | T=5.8 k=3.2 (mu_rec=8 mu_bwd=4) | grad=1.086 | tok/s=24,330 | tokens=4.99B
step=152210 | loss=2.5343 | lr=3.04e-05 | wd=0.0002 | mom=0.9500 | T=6.0 k=3.0 (mu_rec=8 mu_bwd=4) | grad=1.071 | tok/s=25,726 | tokens=4.99B
step=152220 | loss=2.9929 | lr=3.04e-05 | wd=0.0002 | mom=0.9500 | T=4.2 k=3.5 (mu_rec=8 mu_bwd=4) | grad=0.948 | tok/s=24,441 | tokens=4.99B
step=152230 | loss=2.9330 | lr=3.04e-05 | wd=0.0002 | mom=0.9500 | T=6.5 k=3.2 (mu_rec=8 mu_bwd=4) | grad=0.834 | tok/s=23,645 | tokens=4.99B
step=152240 | loss=2.9772 | lr=3.03e-05 | wd=0.0002 | mom=0.9500 | T=3.5 k=3.5 (mu_rec=8 mu_bwd=4) | grad=1.536 | tok/s=24,445 | tokens=4.99B
step=152250 | loss=3.3136 | lr=3.03e-05 | wd=0.0002 | mom=0.9500 | T=6.0 k=3.8 (mu_rec=8 mu_bwd=4) | grad=0.856 | tok/s=23,809 | tokens=4.99B
step=152260 | loss=2.9996 | lr=3.03e-05 | wd=0.0002 | mom=0.9500 | T=10.2 k=4.0 (mu_rec=8 mu_bwd=4) | grad=0.834 | tok/s=22,754 | tokens=4.99B
step=152270 | loss=2.8635 | lr=3.03e-05 | wd=0.0002 | mom=0.9500 | T=7.0 k=3.8 (mu_rec=8 mu_bwd=4) | grad=0.838 | tok/s=23,780 | tokens=4.99B
step=152280 | loss=2.9985 | lr=3.03e-05 | wd=0.0002 | mom=0.9500 | T=5.5 k=4.0 (mu_rec=8 mu_bwd=4) | grad=1.578 | tok/s=23,368 | tokens=4.99B
step=152290 | loss=3.1434 | lr=3.03e-05 | wd=0.0002 | mom=0.9500 | T=3.2 k=2.5 (mu_rec=8 mu_bwd=4) | grad=0.937 | tok/s=23,318 | tokens=4.99B
step=152300 | loss=3.1731 | lr=3.02e-05 | wd=0.0002 | mom=0.9500 | T=7.0 k=3.2 (mu_rec=8 mu_bwd=4) | grad=1.263 | tok/s=25,069 | tokens=4.99B
step=152310 | loss=2.8989 | lr=3.02e-05 | wd=0.0002 | mom=0.9500 | T=6.8 k=4.0 (mu_rec=8 mu_bwd=4) | grad=0.957 | tok/s=22,471 | tokens=4.99B
step=152320 | loss=2.6589 | lr=3.02e-05 | wd=0.0002 | mom=0.9500 | T=9.5 k=4.0 (mu_rec=8 mu_bwd=4) | grad=0.861 | tok/s=23,490 | tokens=4.99B
step=152330 | loss=3.0719 | lr=3.02e-05 | wd=0.0002 | mom=0.9500 | T=11.8 k=3.5 (mu_rec=8 mu_bwd=4) | grad=0.890 | tok/s=25,311 | tokens=4.99B
step=152340 | loss=3.2735 | lr=3.02e-05 | wd=0.0002 | mom=0.9500 | T=10.0 k=4.0 (mu_rec=8 mu_bwd=4) | grad=0.831 | tok/s=22,585 | tokens=4.99B
step=152350 | loss=2.8100 | lr=3.02e-05 | wd=0.0002 | mom=0.9500 | T=7.0 k=3.8 (mu_rec=8 mu_bwd=4) | grad=1.129 | tok/s=25,557 | tokens=4.99B
step=152360 | loss=2.8900 | lr=3.01e-05 | wd=0.0001 | mom=0.9500 | T=7.8 k=4.0 (mu_rec=8 mu_bwd=4) | grad=0.805 | tok/s=21,836 | tokens=4.99B
step=152370 | loss=2.9849 | lr=3.01e-05 | wd=0.0001 | mom=0.9500 | T=6.2 k=3.2 (mu_rec=8 mu_bwd=4) | grad=0.848 | tok/s=22,886 | tokens=4.99B
step=152380 | loss=2.9044 | lr=3.01e-05 | wd=0.0001 | mom=0.9500 | T=6.5 k=2.5 (mu_rec=8 mu_bwd=4) | grad=1.061 | tok/s=23,753 | tokens=4.99B
step=152390 | loss=3.0703 | lr=3.01e-05 | wd=0.0001 | mom=0.9500 | T=8.2 k=3.2 (mu_rec=8 mu_bwd=4) | grad=1.216 | tok/s=26,018 | tokens=4.99B
step=152400 | loss=3.0823 | lr=3.01e-05 | wd=0.0001 | mom=0.9500 | T=15.5 k=4.0 (mu_rec=8 mu_bwd=4) | grad=1.025 | tok/s=21,259 | tokens=4.99B
step=152410 | loss=2.9478 | lr=3.01e-05 | wd=0.0001 | mom=0.9500 | T=9.2 k=4.0 (mu_rec=8 mu_bwd=4) | grad=0.982 | tok/s=24,402 | tokens=4.99B
step=152420 | loss=3.1202 | lr=3.01e-05 | wd=0.0001 | mom=0.9500 | T=17.5 k=4.0 (mu_rec=8 mu_bwd=4) | grad=2.031 | tok/s=21,446 | tokens=4.99B
step=152430 | loss=3.6945 | lr=3.01e-05 | wd=0.0001 | mom=0.9500 | T=10.2 k=3.8 (mu_rec=8 mu_bwd=4) | grad=3.059 | tok/s=23,415 | tokens=4.99B
step=152440 | loss=3.2158 | lr=3.01e-05 | wd=0.0001 | mom=0.9500 | T=9.2 k=4.0 (mu_rec=8 mu_bwd=4) | grad=0.924 | tok/s=24,672 | tokens=5.00B
step=152450 | loss=3.0265 | lr=3.01e-05 | wd=0.0001 | mom=0.9500 | T=9.0 k=4.0 (mu_rec=8 mu_bwd=4) | grad=0.927 | tok/s=24,375 | tokens=5.00B
step=152460 | loss=2.7264 | lr=3.00e-05 | wd=0.0001 | mom=0.9500 | T=7.8 k=4.0 (mu_rec=8 mu_bwd=4) | grad=2.247 | tok/s=25,108 | tokens=5.00B
step=152470 | loss=3.7011 | lr=3.00e-05 | wd=0.0001 | mom=0.9500 | T=7.0 k=3.8 (mu_rec=8 mu_bwd=4) | grad=3.322 | tok/s=22,031 | tokens=5.00B
step=152480 | loss=3.1254 | lr=3.00e-05 | wd=0.0001 | mom=0.9500 | T=10.0 k=3.8 (mu_rec=8 mu_bwd=4) | grad=0.885 | tok/s=22,965 | tokens=5.00B
step=152490 | loss=2.8459 | lr=3.00e-05 | wd=0.0001 | mom=0.9500 | T=9.0 k=4.0 (mu_rec=8 mu_bwd=4) | grad=0.758 | tok/s=23,987 | tokens=5.00B
step=152500 | loss=2.9885 | lr=3.00e-05 | wd=0.0001 | mom=0.9500 | T=6.2 k=4.0 (mu_rec=8 mu_bwd=4) | grad=0.959 | tok/s=23,764 | tokens=5.00B
step=152510 | loss=3.0109 | lr=3.00e-05 | wd=0.0001 | mom=0.9500 | T=7.8 k=4.0 (mu_rec=8 mu_bwd=4) | grad=1.050 | tok/s=22,380 | tokens=5.00B
step=152520 | loss=2.8322 | lr=3.00e-05 | wd=0.0000 | mom=0.9500 | T=5.8 k=3.8 (mu_rec=8 mu_bwd=4) | grad=0.859 | tok/s=24,337 | tokens=5.00B
step=152530 | loss=2.5601 | lr=3.00e-05 | wd=0.0000 | mom=0.9500 | T=9.5 k=4.0 (mu_rec=8 mu_bwd=4) | grad=1.298 | tok/s=23,418 | tokens=5.00B
step=152540 | loss=2.9436 | lr=3.00e-05 | wd=0.0000 | mom=0.9500 | T=5.0 k=3.8 (mu_rec=8 mu_bwd=4) | grad=0.936 | tok/s=22,073 | tokens=5.00B
step=152550 | loss=2.5545 | lr=3.00e-05 | wd=0.0000 | mom=0.9500 | T=9.5 k=3.2 (mu_rec=8 mu_bwd=4) | grad=0.902 | tok/s=23,896 | tokens=5.00B
step=152560 | loss=2.9894 | lr=3.00e-05 | wd=0.0000 | mom=0.9500 | T=8.0 k=4.0 (mu_rec=8 mu_bwd=4) | grad=1.094 | tok/s=23,842 | tokens=5.00B
step=152570 | loss=2.9154 | lr=3.00e-05 | wd=0.0000 | mom=0.9500 | T=7.2 k=3.2 (mu_rec=8 mu_bwd=4) | grad=1.014 | tok/s=22,288 | tokens=5.00B
step=152580 | loss=2.9935 | lr=3.00e-05 | wd=0.0000 | mom=0.9500 | T=8.0 k=4.0 (mu_rec=8 mu_bwd=4) | grad=0.770 | tok/s=23,454 | tokens=5.00B
[step 152584] Saved -> runs/cortex-5b-k4/checkpoint_0152584
[step 152584] Pruned -> runs/cortex-5b-k4/checkpoint_0148000
Training complete. 5.00B tokens, 152584 steps.
---------------------------------------
Begin Slurm Epilog: Jul-03-2026 16:28:51
Job ID:        10690536
User ID:       hjiang420
Account:       gts-aivanova7-lab
Job name:      job5b2_resume.sh
Resources:     cpu=8,gres/gpu:a100=1,mem=64G,node=1
Rsrc Used:     cput=5-01:15:04,vmem=0,walltime=15:09:23,mem=8060424K,energy_used=0
Partition:     gpu-a100
QOS:           inferno
Nodes:         atl1-1-01-006-1-0
---------------------------------------
