---------------------------------------
Begin Slurm Prolog: Jun-23-2026 12:58:13
Job ID:    10318361
User ID:   hjiang420
Account:   gts-aivanova7-lab
Job name:  job5b_ccot_resume.sh
Partition: gpu-a100
QOS:       inferno
---------------------------------------
Resuming from: runs/ccot-5b/checkpoint_0114438
Tokens so far: 3749904384 | Training until: 4999904384
Warning: You are sending unauthenticated requests to the HF Hub. Please set a HF_TOKEN to enable higher rate limits and faster downloads.
Loading EleutherAI/pythia-160m ...
Params: 162,322,944 total, 162,322,944 trainable
Arch: ccot (training_mode=ccot)
Grad checkpointing: False
mu_rec=8, mu_bwd=4 (= ceil(8/2))
Effective batch: 32768 tokens = 16 seqs x 2048 tok
Grad accum: 4 | Cross-chunks: 1 | World size: 1
Max steps: 152,584 | Warmup: 1525 | Cooldown: 15258
Curriculum: mu_rec ramps 1->8 over 3800 steps
Resumed from step 114438, 3,749,904,384 tokens
`trust_remote_code` is not supported anymore.
Please check that the Hugging Face dataset 'EleutherAI/the_pile_deduplicated' isn't based on a loading script and remove `trust_remote_code`.
If the dataset is based on a loading script, please ask the dataset author to remove it and convert it to a standard format like Parquet.
`trust_remote_code` is not supported anymore.
Please check that the Hugging Face dataset 'EleutherAI/the_pile_deduplicated' isn't based on a loading script and remove `trust_remote_code`.
If the dataset is based on a loading script, please ask the dataset author to remove it and convert it to a standard format like Parquet.
wandb: [wandb.login()] Loaded credentials for https://api.wandb.ai from /storage/home/hcoda1/3/hjiang420/.netrc.
wandb: Currently logged in as: henryyjiang42 (henryyjiang42-georgia-institute-of-technology) to https://api.wandb.ai. Use `wandb login --relogin` to force relogin
wandb: setting up run a46tvnfg
wandb: Tracking run with wandb version 0.27.0
wandb: Run data is saved locally in runs/ccot-5b/wandb/run-20260623_125843-a46tvnfg
wandb: Run `wandb offline` to turn off syncing.
wandb: Resuming run ccot-5b
wandb: ⭐️ View project at https://wandb.ai/henryyjiang42-georgia-institute-of-technology/cortex-gpt
wandb: 🚀 View run at https://wandb.ai/henryyjiang42-georgia-institute-of-technology/cortex-gpt/runs/a46tvnfg
step=114440 | loss=0.9860 | lr=3.00e-04 | wd=0.0250 | mom=0.9500 | T=6.0 k=4.0 (mu_rec=8 mu_bwd=4) | grad=5.719 | tok/s=8,757 | tokens=3.75B
step=114450 | loss=4.9280 | lr=3.00e-04 | wd=0.0250 | mom=0.9500 | T=8.8 k=4.0 (mu_rec=8 mu_bwd=4) | grad=5.375 | tok/s=13,207 | tokens=3.75B
step=114460 | loss=5.0788 | lr=3.00e-04 | wd=0.0250 | mom=0.9500 | T=8.8 k=4.0 (mu_rec=8 mu_bwd=4) | grad=6.969 | tok/s=15,404 | tokens=3.75B
step=114470 | loss=5.3459 | lr=3.00e-04 | wd=0.0250 | mom=0.9500 | T=9.2 k=4.0 (mu_rec=8 mu_bwd=4) | grad=2.844 | tok/s=13,472 | tokens=3.75B
step=114480 | loss=5.0965 | lr=3.00e-04 | wd=0.0250 | mom=0.9500 | T=7.5 k=3.8 (mu_rec=8 mu_bwd=4) | grad=2.109 | tok/s=14,952 | tokens=3.75B
step=114490 | loss=5.0011 | lr=3.00e-04 | wd=0.0250 | mom=0.9500 | T=9.2 k=4.0 (mu_rec=8 mu_bwd=4) | grad=3.750 | tok/s=13,121 | tokens=3.75B
step=114500 | loss=4.9796 | lr=3.00e-04 | wd=0.0250 | mom=0.9500 | T=3.5 k=2.8 (mu_rec=8 mu_bwd=4) | grad=2.328 | tok/s=14,742 | tokens=3.75B
step=114510 | loss=5.0153 | lr=3.00e-04 | wd=0.0250 | mom=0.9500 | T=5.2 k=3.8 (mu_rec=8 mu_bwd=4) | grad=5.469 | tok/s=14,494 | tokens=3.75B
step=114520 | loss=5.0892 | lr=3.00e-04 | wd=0.0249 | mom=0.9500 | T=8.8 k=3.8 (mu_rec=8 mu_bwd=4) | grad=1.867 | tok/s=14,702 | tokens=3.75B
step=114530 | loss=5.0809 | lr=3.00e-04 | wd=0.0249 | mom=0.9500 | T=11.2 k=4.0 (mu_rec=8 mu_bwd=4) | grad=3.219 | tok/s=14,493 | tokens=3.75B
step=114540 | loss=4.9659 | lr=3.00e-04 | wd=0.0249 | mom=0.9500 | T=10.0 k=4.0 (mu_rec=8 mu_bwd=4) | grad=2.109 | tok/s=14,012 | tokens=3.75B
step=114550 | loss=4.9240 | lr=3.00e-04 | wd=0.0249 | mom=0.9500 | T=4.8 k=3.8 (mu_rec=8 mu_bwd=4) | grad=2.688 | tok/s=13,624 | tokens=3.75B
step=114560 | loss=4.9976 | lr=3.00e-04 | wd=0.0249 | mom=0.9500 | T=8.0 k=3.2 (mu_rec=8 mu_bwd=4) | grad=2.875 | tok/s=13,885 | tokens=3.75B
step=114570 | loss=5.0100 | lr=3.00e-04 | wd=0.0249 | mom=0.9500 | T=13.0 k=4.0 (mu_rec=8 mu_bwd=4) | grad=2.328 | tok/s=13,282 | tokens=3.75B
step=114580 | loss=4.9765 | lr=3.00e-04 | wd=0.0249 | mom=0.9500 | T=7.5 k=3.8 (mu_rec=8 mu_bwd=4) | grad=2.453 | tok/s=14,658 | tokens=3.75B
step=114590 | loss=5.1638 | lr=3.00e-04 | wd=0.0249 | mom=0.9500 | T=10.2 k=4.0 (mu_rec=8 mu_bwd=4) | grad=2.891 | tok/s=12,977 | tokens=3.75B
step=114600 | loss=4.9870 | lr=3.00e-04 | wd=0.0249 | mom=0.9500 | T=5.5 k=3.8 (mu_rec=8 mu_bwd=4) | grad=6.375 | tok/s=13,400 | tokens=3.76B
step=114610 | loss=5.0159 | lr=3.00e-04 | wd=0.0249 | mom=0.9500 | T=8.2 k=3.2 (mu_rec=8 mu_bwd=4) | grad=4.531 | tok/s=14,840 | tokens=3.76B
step=114620 | loss=4.9069 | lr=3.00e-04 | wd=0.0249 | mom=0.9500 | T=9.5 k=4.0 (mu_rec=8 mu_bwd=4) | grad=2.188 | tok/s=13,445 | tokens=3.76B
step=114630 | loss=4.8995 | lr=3.00e-04 | wd=0.0249 | mom=0.9500 | T=7.5 k=3.2 (mu_rec=8 mu_bwd=4) | grad=3.266 | tok/s=13,898 | tokens=3.76B
step=114640 | loss=4.9804 | lr=3.00e-04 | wd=0.0249 | mom=0.9500 | T=6.8 k=3.5 (mu_rec=8 mu_bwd=4) | grad=2.609 | tok/s=14,822 | tokens=3.76B
step=114650 | loss=5.0858 | lr=3.00e-04 | wd=0.0249 | mom=0.9500 | T=7.8 k=3.0 (mu_rec=8 mu_bwd=4) | grad=4.156 | tok/s=14,325 | tokens=3.76B
step=114660 | loss=4.9474 | lr=3.00e-04 | wd=0.0249 | mom=0.9500 | T=7.0 k=3.8 (mu_rec=8 mu_bwd=4) | grad=2.094 | tok/s=13,970 | tokens=3.76B
step=114670 | loss=5.1989 | lr=3.00e-04 | wd=0.0248 | mom=0.9500 | T=7.5 k=3.2 (mu_rec=8 mu_bwd=4) | grad=12.625 | tok/s=13,712 | tokens=3.76B
step=114680 | loss=4.8275 | lr=3.00e-04 | wd=0.0248 | mom=0.9500 | T=12.5 k=4.0 (mu_rec=8 mu_bwd=4) | grad=3.922 | tok/s=14,703 | tokens=3.76B
step=114690 | loss=5.0512 | lr=3.00e-04 | wd=0.0248 | mom=0.9500 | T=8.0 k=4.0 (mu_rec=8 mu_bwd=4) | grad=2.562 | tok/s=14,484 | tokens=3.76B
step=114700 | loss=5.0751 | lr=3.00e-04 | wd=0.0248 | mom=0.9500 | T=6.0 k=3.8 (mu_rec=8 mu_bwd=4) | grad=23.375 | tok/s=13,953 | tokens=3.76B
step=114710 | loss=5.0367 | lr=3.00e-04 | wd=0.0248 | mom=0.9500 | T=6.5 k=4.0 (mu_rec=8 mu_bwd=4) | grad=2.625 | tok/s=14,269 | tokens=3.76B
step=114720 | loss=5.0435 | lr=3.00e-04 | wd=0.0248 | mom=0.9500 | T=7.2 k=3.2 (mu_rec=8 mu_bwd=4) | grad=2.469 | tok/s=14,772 | tokens=3.76B
step=114730 | loss=4.7984 | lr=3.00e-04 | wd=0.0248 | mom=0.9500 | T=12.0 k=3.5 (mu_rec=8 mu_bwd=4) | grad=7.344 | tok/s=13,716 | tokens=3.76B
step=114740 | loss=4.9419 | lr=3.00e-04 | wd=0.0248 | mom=0.9500 | T=7.8 k=4.0 (mu_rec=8 mu_bwd=4) | grad=4.344 | tok/s=15,587 | tokens=3.76B
step=114750 | loss=5.0504 | lr=3.00e-04 | wd=0.0248 | mom=0.9500 | T=12.0 k=3.5 (mu_rec=8 mu_bwd=4) | grad=2.203 | tok/s=12,600 | tokens=3.76B
step=114760 | loss=4.9943 | lr=3.00e-04 | wd=0.0248 | mom=0.9500 | T=6.2 k=3.5 (mu_rec=8 mu_bwd=4) | grad=3.234 | tok/s=14,694 | tokens=3.76B
step=114770 | loss=5.0838 | lr=3.00e-04 | wd=0.0248 | mom=0.9500 | T=7.5 k=3.2 (mu_rec=8 mu_bwd=4) | grad=4.812 | tok/s=13,874 | tokens=3.76B
step=114780 | loss=5.2026 | lr=3.00e-04 | wd=0.0248 | mom=0.9500 | T=3.5 k=2.8 (mu_rec=8 mu_bwd=4) | grad=3.156 | tok/s=14,508 | tokens=3.76B
step=114790 | loss=5.0040 | lr=3.00e-04 | wd=0.0248 | mom=0.9500 | T=10.8 k=4.0 (mu_rec=8 mu_bwd=4) | grad=3.703 | tok/s=13,987 | tokens=3.76B
step=114800 | loss=5.0122 | lr=3.00e-04 | wd=0.0248 | mom=0.9500 | T=3.5 k=2.8 (mu_rec=8 mu_bwd=4) | grad=2.734 | tok/s=14,166 | tokens=3.76B
step=114810 | loss=4.8966 | lr=3.00e-04 | wd=0.0248 | mom=0.9500 | T=8.8 k=4.0 (mu_rec=8 mu_bwd=4) | grad=2.500 | tok/s=15,228 | tokens=3.76B
step=114820 | loss=5.0755 | lr=3.00e-04 | wd=0.0248 | mom=0.9500 | T=10.5 k=3.5 (mu_rec=8 mu_bwd=4) | grad=2.938 | tok/s=13,601 | tokens=3.76B
step=114830 | loss=5.1595 | lr=3.00e-04 | wd=0.0247 | mom=0.9500 | T=5.0 k=3.0 (mu_rec=8 mu_bwd=4) | grad=2.500 | tok/s=14,578 | tokens=3.76B
step=114840 | loss=5.1871 | lr=3.00e-04 | wd=0.0247 | mom=0.9500 | T=7.5 k=3.2 (mu_rec=8 mu_bwd=4) | grad=2.672 | tok/s=14,803 | tokens=3.76B
step=114850 | loss=5.1351 | lr=3.00e-04 | wd=0.0247 | mom=0.9500 | T=8.8 k=3.2 (mu_rec=8 mu_bwd=4) | grad=4.250 | tok/s=14,777 | tokens=3.76B
step=114860 | loss=5.0848 | lr=3.00e-04 | wd=0.0247 | mom=0.9500 | T=5.8 k=4.0 (mu_rec=8 mu_bwd=4) | grad=3.281 | tok/s=14,449 | tokens=3.76B
step=114870 | loss=5.1439 | lr=3.00e-04 | wd=0.0247 | mom=0.9500 | T=7.2 k=3.5 (mu_rec=8 mu_bwd=4) | grad=3.953 | tok/s=14,120 | tokens=3.76B
step=114880 | loss=5.3124 | lr=3.00e-04 | wd=0.0247 | mom=0.9500 | T=4.0 k=3.2 (mu_rec=8 mu_bwd=4) | grad=4.156 | tok/s=14,224 | tokens=3.76B
step=114890 | loss=5.1764 | lr=3.00e-04 | wd=0.0247 | mom=0.9500 | T=4.5 k=3.5 (mu_rec=8 mu_bwd=4) | grad=2.453 | tok/s=13,441 | tokens=3.76B
step=114900 | loss=4.9878 | lr=3.00e-04 | wd=0.0247 | mom=0.9500 | T=9.5 k=3.5 (mu_rec=8 mu_bwd=4) | grad=2.688 | tok/s=15,472 | tokens=3.77B
step=114910 | loss=5.0366 | lr=3.00e-04 | wd=0.0247 | mom=0.9500 | T=8.2 k=3.8 (mu_rec=8 mu_bwd=4) | grad=2.188 | tok/s=14,039 | tokens=3.77B
step=114920 | loss=4.9373 | lr=3.00e-04 | wd=0.0247 | mom=0.9500 | T=5.5 k=3.2 (mu_rec=8 mu_bwd=4) | grad=3.219 | tok/s=15,186 | tokens=3.77B
step=114930 | loss=5.2543 | lr=3.00e-04 | wd=0.0247 | mom=0.9500 | T=6.8 k=4.0 (mu_rec=8 mu_bwd=4) | grad=3.516 | tok/s=14,747 | tokens=3.77B
step=114940 | loss=5.0022 | lr=3.00e-04 | wd=0.0247 | mom=0.9500 | T=8.0 k=3.5 (mu_rec=8 mu_bwd=4) | grad=3.422 | tok/s=14,517 | tokens=3.77B
step=114950 | loss=4.9509 | lr=3.00e-04 | wd=0.0247 | mom=0.9500 | T=10.0 k=3.5 (mu_rec=8 mu_bwd=4) | grad=3.766 | tok/s=13,656 | tokens=3.77B
step=114960 | loss=5.1862 | lr=3.00e-04 | wd=0.0247 | mom=0.9500 | T=7.2 k=3.8 (mu_rec=8 mu_bwd=4) | grad=2.078 | tok/s=13,780 | tokens=3.77B
step=114970 | loss=4.9810 | lr=3.00e-04 | wd=0.0247 | mom=0.9500 | T=12.8 k=4.0 (mu_rec=8 mu_bwd=4) | grad=2.391 | tok/s=15,182 | tokens=3.77B
step=114980 | loss=4.7909 | lr=3.00e-04 | wd=0.0246 | mom=0.9500 | T=7.5 k=3.2 (mu_rec=8 mu_bwd=4) | grad=3.703 | tok/s=14,305 | tokens=3.77B
step=114990 | loss=5.0498 | lr=3.00e-04 | wd=0.0246 | mom=0.9500 | T=10.8 k=3.8 (mu_rec=8 mu_bwd=4) | grad=4.031 | tok/s=13,261 | tokens=3.77B
step=115000 | loss=5.4112 | lr=3.00e-04 | wd=0.0246 | mom=0.9500 | T=5.0 k=3.5 (mu_rec=8 mu_bwd=4) | grad=2.516 | tok/s=14,670 | tokens=3.77B
step=115010 | loss=5.4192 | lr=3.00e-04 | wd=0.0246 | mom=0.9500 | T=10.0 k=4.0 (mu_rec=8 mu_bwd=4) | grad=3.156 | tok/s=13,898 | tokens=3.77B
step=115020 | loss=5.1927 | lr=3.00e-04 | wd=0.0246 | mom=0.9500 | T=5.2 k=3.5 (mu_rec=8 mu_bwd=4) | grad=4.094 | tok/s=14,228 | tokens=3.77B
step=115030 | loss=4.9398 | lr=3.00e-04 | wd=0.0246 | mom=0.9500 | T=7.0 k=4.0 (mu_rec=8 mu_bwd=4) | grad=2.906 | tok/s=13,989 | tokens=3.77B
step=115040 | loss=4.9244 | lr=3.00e-04 | wd=0.0246 | mom=0.9500 | T=5.2 k=4.0 (mu_rec=8 mu_bwd=4) | grad=3.188 | tok/s=14,809 | tokens=3.77B
step=115050 | loss=4.9878 | lr=3.00e-04 | wd=0.0246 | mom=0.9500 | T=11.0 k=4.0 (mu_rec=8 mu_bwd=4) | grad=3.828 | tok/s=14,812 | tokens=3.77B
step=115060 | loss=4.9437 | lr=3.00e-04 | wd=0.0246 | mom=0.9500 | T=8.0 k=3.5 (mu_rec=8 mu_bwd=4) | grad=2.734 | tok/s=13,997 | tokens=3.77B
step=115070 | loss=4.8335 | lr=3.00e-04 | wd=0.0246 | mom=0.9500 | T=5.8 k=4.0 (mu_rec=8 mu_bwd=4) | grad=4.500 | tok/s=13,825 | tokens=3.77B
step=115080 | loss=4.9842 | lr=3.00e-04 | wd=0.0246 | mom=0.9500 | T=10.0 k=4.0 (mu_rec=8 mu_bwd=4) | grad=2.547 | tok/s=14,290 | tokens=3.77B
step=115090 | loss=5.1336 | lr=3.00e-04 | wd=0.0246 | mom=0.9500 | T=4.8 k=2.5 (mu_rec=8 mu_bwd=4) | grad=2.875 | tok/s=15,294 | tokens=3.77B
step=115100 | loss=5.0906 | lr=3.00e-04 | wd=0.0246 | mom=0.9500 | T=5.2 k=3.2 (mu_rec=8 mu_bwd=4) | grad=2.250 | tok/s=14,999 | tokens=3.77B
step=115110 | loss=5.1184 | lr=3.00e-04 | wd=0.0246 | mom=0.9500 | T=7.5 k=3.5 (mu_rec=8 mu_bwd=4) | grad=2.234 | tok/s=14,882 | tokens=3.77B
step=115120 | loss=4.8789 | lr=3.00e-04 | wd=0.0246 | mom=0.9500 | T=7.8 k=3.2 (mu_rec=8 mu_bwd=4) | grad=2.438 | tok/s=14,077 | tokens=3.77B
step=115130 | loss=5.0561 | lr=3.00e-04 | wd=0.0245 | mom=0.9500 | T=8.5 k=4.0 (mu_rec=8 mu_bwd=4) | grad=3.094 | tok/s=15,679 | tokens=3.77B
step=115140 | loss=5.0469 | lr=3.00e-04 | wd=0.0245 | mom=0.9500 | T=7.0 k=3.5 (mu_rec=8 mu_bwd=4) | grad=11.062 | tok/s=14,361 | tokens=3.77B
step=115150 | loss=4.9947 | lr=3.00e-04 | wd=0.0245 | mom=0.9500 | T=12.2 k=3.8 (mu_rec=8 mu_bwd=4) | grad=3.672 | tok/s=14,231 | tokens=3.77B
step=115160 | loss=4.9455 | lr=3.00e-04 | wd=0.0245 | mom=0.9500 | T=8.5 k=3.8 (mu_rec=8 mu_bwd=4) | grad=2.438 | tok/s=13,765 | tokens=3.77B
step=115170 | loss=4.9467 | lr=3.00e-04 | wd=0.0245 | mom=0.9500 | T=2.2 k=2.2 (mu_rec=8 mu_bwd=4) | grad=6.625 | tok/s=15,435 | tokens=3.77B
step=115180 | loss=5.2065 | lr=3.00e-04 | wd=0.0245 | mom=0.9500 | T=7.8 k=3.8 (mu_rec=8 mu_bwd=4) | grad=2.672 | tok/s=14,355 | tokens=3.77B
step=115190 | loss=5.0882 | lr=3.00e-04 | wd=0.0245 | mom=0.9500 | T=6.0 k=3.8 (mu_rec=8 mu_bwd=4) | grad=2.969 | tok/s=14,124 | tokens=3.77B
step=115200 | loss=4.7444 | lr=3.00e-04 | wd=0.0245 | mom=0.9500 | T=10.0 k=4.0 (mu_rec=8 mu_bwd=4) | grad=2.078 | tok/s=13,401 | tokens=3.77B
step=115210 | loss=5.1145 | lr=3.00e-04 | wd=0.0245 | mom=0.9500 | T=7.8 k=3.2 (mu_rec=8 mu_bwd=4) | grad=3.125 | tok/s=13,007 | tokens=3.78B
step=115220 | loss=5.0577 | lr=3.00e-04 | wd=0.0245 | mom=0.9500 | T=12.8 k=4.0 (mu_rec=8 mu_bwd=4) | grad=4.156 | tok/s=13,251 | tokens=3.78B
step=115230 | loss=4.9961 | lr=3.00e-04 | wd=0.0245 | mom=0.9500 | T=7.5 k=3.8 (mu_rec=8 mu_bwd=4) | grad=2.859 | tok/s=14,654 | tokens=3.78B
step=115240 | loss=5.0085 | lr=3.00e-04 | wd=0.0245 | mom=0.9500 | T=6.5 k=4.0 (mu_rec=8 mu_bwd=4) | grad=2.562 | tok/s=14,923 | tokens=3.78B
step=115250 | loss=4.9132 | lr=3.00e-04 | wd=0.0245 | mom=0.9500 | T=9.8 k=4.0 (mu_rec=8 mu_bwd=4) | grad=2.234 | tok/s=13,670 | tokens=3.78B
step=115260 | loss=4.9823 | lr=3.00e-04 | wd=0.0245 | mom=0.9500 | T=9.2 k=4.0 (mu_rec=8 mu_bwd=4) | grad=2.516 | tok/s=13,472 | tokens=3.78B
step=115270 | loss=4.9242 | lr=3.00e-04 | wd=0.0245 | mom=0.9500 | T=7.5 k=4.0 (mu_rec=8 mu_bwd=4) | grad=2.859 | tok/s=6,045 | tokens=3.78B
step=115280 | loss=4.8605 | lr=3.00e-04 | wd=0.0244 | mom=0.9500 | T=8.2 k=4.0 (mu_rec=8 mu_bwd=4) | grad=2.297 | tok/s=5,822 | tokens=3.78B
step=115290 | loss=5.0230 | lr=3.00e-04 | wd=0.0244 | mom=0.9500 | T=7.2 k=4.0 (mu_rec=8 mu_bwd=4) | grad=2.109 | tok/s=13,560 | tokens=3.78B
step=115300 | loss=4.8416 | lr=3.00e-04 | wd=0.0244 | mom=0.9500 | T=8.8 k=4.0 (mu_rec=8 mu_bwd=4) | grad=3.219 | tok/s=13,939 | tokens=3.78B
step=115310 | loss=5.0208 | lr=3.00e-04 | wd=0.0244 | mom=0.9500 | T=7.2 k=4.0 (mu_rec=8 mu_bwd=4) | grad=2.406 | tok/s=14,738 | tokens=3.78B
step=115320 | loss=5.0479 | lr=3.00e-04 | wd=0.0244 | mom=0.9500 | T=9.2 k=4.0 (mu_rec=8 mu_bwd=4) | grad=1.945 | tok/s=13,762 | tokens=3.78B
step=115330 | loss=4.9804 | lr=3.00e-04 | wd=0.0244 | mom=0.9500 | T=4.5 k=3.8 (mu_rec=8 mu_bwd=4) | grad=2.406 | tok/s=15,069 | tokens=3.78B
step=115340 | loss=4.8700 | lr=3.00e-04 | wd=0.0244 | mom=0.9500 | T=8.2 k=3.0 (mu_rec=8 mu_bwd=4) | grad=2.125 | tok/s=13,402 | tokens=3.78B
step=115350 | loss=5.1314 | lr=3.00e-04 | wd=0.0244 | mom=0.9500 | T=8.8 k=3.8 (mu_rec=8 mu_bwd=4) | grad=4.812 | tok/s=13,962 | tokens=3.78B
step=115360 | loss=5.2479 | lr=3.00e-04 | wd=0.0244 | mom=0.9500 | T=5.0 k=3.8 (mu_rec=8 mu_bwd=4) | grad=2.422 | tok/s=16,354 | tokens=3.78B
step=115370 | loss=5.1784 | lr=3.00e-04 | wd=0.0244 | mom=0.9500 | T=8.8 k=3.8 (mu_rec=8 mu_bwd=4) | grad=1.992 | tok/s=13,391 | tokens=3.78B
step=115380 | loss=4.9991 | lr=3.00e-04 | wd=0.0244 | mom=0.9500 | T=14.0 k=4.0 (mu_rec=8 mu_bwd=4) | grad=2.500 | tok/s=13,914 | tokens=3.78B
step=115390 | loss=4.8814 | lr=3.00e-04 | wd=0.0244 | mom=0.9500 | T=5.0 k=3.5 (mu_rec=8 mu_bwd=4) | grad=2.375 | tok/s=14,035 | tokens=3.78B
step=115400 | loss=5.1490 | lr=3.00e-04 | wd=0.0244 | mom=0.9500 | T=9.5 k=4.0 (mu_rec=8 mu_bwd=4) | grad=2.016 | tok/s=13,587 | tokens=3.78B
step=115410 | loss=5.0597 | lr=3.00e-04 | wd=0.0244 | mom=0.9500 | T=9.2 k=4.0 (mu_rec=8 mu_bwd=4) | grad=2.922 | tok/s=14,473 | tokens=3.78B
step=115420 | loss=4.6406 | lr=3.00e-04 | wd=0.0244 | mom=0.9500 | T=5.2 k=3.0 (mu_rec=8 mu_bwd=4) | grad=3.359 | tok/s=15,179 | tokens=3.78B
step=115430 | loss=5.0858 | lr=3.00e-04 | wd=0.0244 | mom=0.9500 | T=6.8 k=3.8 (mu_rec=8 mu_bwd=4) | grad=3.172 | tok/s=15,715 | tokens=3.78B
step=115440 | loss=4.8866 | lr=3.00e-04 | wd=0.0243 | mom=0.9500 | T=7.8 k=4.0 (mu_rec=8 mu_bwd=4) | grad=3.406 | tok/s=14,026 | tokens=3.78B
step=115450 | loss=4.8869 | lr=3.00e-04 | wd=0.0243 | mom=0.9500 | T=7.2 k=3.8 (mu_rec=8 mu_bwd=4) | grad=3.656 | tok/s=15,060 | tokens=3.78B
step=115460 | loss=4.8965 | lr=3.00e-04 | wd=0.0243 | mom=0.9500 | T=6.0 k=3.5 (mu_rec=8 mu_bwd=4) | grad=2.203 | tok/s=15,093 | tokens=3.78B
step=115470 | loss=5.0658 | lr=3.00e-04 | wd=0.0243 | mom=0.9500 | T=7.0 k=4.0 (mu_rec=8 mu_bwd=4) | grad=2.281 | tok/s=15,072 | tokens=3.78B
step=115480 | loss=5.0963 | lr=3.00e-04 | wd=0.0243 | mom=0.9500 | T=4.0 k=2.8 (mu_rec=8 mu_bwd=4) | grad=2.609 | tok/s=14,756 | tokens=3.78B
step=115490 | loss=5.0156 | lr=3.00e-04 | wd=0.0243 | mom=0.9500 | T=7.2 k=3.8 (mu_rec=8 mu_bwd=4) | grad=5.531 | tok/s=14,607 | tokens=3.78B
step=115500 | loss=5.1107 | lr=3.00e-04 | wd=0.0243 | mom=0.9500 | T=5.2 k=3.5 (mu_rec=8 mu_bwd=4) | grad=1.984 | tok/s=14,460 | tokens=3.78B
step=115510 | loss=5.0523 | lr=3.00e-04 | wd=0.0243 | mom=0.9500 | T=6.0 k=4.0 (mu_rec=8 mu_bwd=4) | grad=4.125 | tok/s=13,787 | tokens=3.79B
step=115520 | loss=4.8109 | lr=3.00e-04 | wd=0.0243 | mom=0.9500 | T=8.0 k=4.0 (mu_rec=8 mu_bwd=4) | grad=2.047 | tok/s=14,822 | tokens=3.79B
step=115530 | loss=5.0924 | lr=3.00e-04 | wd=0.0243 | mom=0.9500 | T=6.8 k=3.2 (mu_rec=8 mu_bwd=4) | grad=2.656 | tok/s=14,331 | tokens=3.79B
step=115540 | loss=5.0724 | lr=3.00e-04 | wd=0.0243 | mom=0.9500 | T=6.0 k=3.5 (mu_rec=8 mu_bwd=4) | grad=1.938 | tok/s=13,712 | tokens=3.79B
step=115550 | loss=5.2694 | lr=3.00e-04 | wd=0.0243 | mom=0.9500 | T=13.8 k=4.0 (mu_rec=8 mu_bwd=4) | grad=6.750 | tok/s=13,680 | tokens=3.79B
step=115560 | loss=4.8834 | lr=3.00e-04 | wd=0.0243 | mom=0.9500 | T=7.2 k=4.0 (mu_rec=8 mu_bwd=4) | grad=1.820 | tok/s=15,015 | tokens=3.79B
step=115570 | loss=4.8069 | lr=3.00e-04 | wd=0.0243 | mom=0.9500 | T=7.2 k=3.2 (mu_rec=8 mu_bwd=4) | grad=2.344 | tok/s=14,689 | tokens=3.79B
step=115580 | loss=4.8949 | lr=3.00e-04 | wd=0.0243 | mom=0.9500 | T=4.8 k=3.5 (mu_rec=8 mu_bwd=4) | grad=2.641 | tok/s=15,306 | tokens=3.79B
step=115590 | loss=5.3311 | lr=3.00e-04 | wd=0.0242 | mom=0.9500 | T=15.8 k=2.8 (mu_rec=8 mu_bwd=4) | grad=3.781 | tok/s=14,669 | tokens=3.79B
step=115600 | loss=5.0771 | lr=3.00e-04 | wd=0.0242 | mom=0.9500 | T=7.8 k=3.8 (mu_rec=8 mu_bwd=4) | grad=2.844 | tok/s=13,905 | tokens=3.79B
step=115610 | loss=4.8048 | lr=3.00e-04 | wd=0.0242 | mom=0.9500 | T=10.0 k=3.5 (mu_rec=8 mu_bwd=4) | grad=2.031 | tok/s=12,430 | tokens=3.79B
step=115620 | loss=4.9958 | lr=3.00e-04 | wd=0.0242 | mom=0.9500 | T=8.2 k=4.0 (mu_rec=8 mu_bwd=4) | grad=2.188 | tok/s=15,825 | tokens=3.79B
step=115630 | loss=4.9725 | lr=3.00e-04 | wd=0.0242 | mom=0.9500 | T=7.2 k=3.8 (mu_rec=8 mu_bwd=4) | grad=2.984 | tok/s=14,584 | tokens=3.79B
step=115640 | loss=4.9774 | lr=3.00e-04 | wd=0.0242 | mom=0.9500 | T=3.8 k=3.0 (mu_rec=8 mu_bwd=4) | grad=3.391 | tok/s=15,715 | tokens=3.79B
step=115650 | loss=5.0050 | lr=3.00e-04 | wd=0.0242 | mom=0.9500 | T=7.8 k=4.0 (mu_rec=8 mu_bwd=4) | grad=2.703 | tok/s=14,385 | tokens=3.79B
step=115660 | loss=5.0157 | lr=3.00e-04 | wd=0.0242 | mom=0.9500 | T=9.5 k=4.0 (mu_rec=8 mu_bwd=4) | grad=2.172 | tok/s=14,693 | tokens=3.79B
step=115670 | loss=5.0886 | lr=3.00e-04 | wd=0.0242 | mom=0.9500 | T=8.2 k=4.0 (mu_rec=8 mu_bwd=4) | grad=2.672 | tok/s=15,161 | tokens=3.79B
step=115680 | loss=5.0665 | lr=3.00e-04 | wd=0.0242 | mom=0.9500 | T=14.0 k=4.0 (mu_rec=8 mu_bwd=4) | grad=2.141 | tok/s=13,072 | tokens=3.79B
step=115690 | loss=4.9347 | lr=3.00e-04 | wd=0.0242 | mom=0.9500 | T=5.5 k=3.8 (mu_rec=8 mu_bwd=4) | grad=2.203 | tok/s=15,711 | tokens=3.79B
step=115700 | loss=4.8408 | lr=3.00e-04 | wd=0.0242 | mom=0.9500 | T=5.0 k=3.8 (mu_rec=8 mu_bwd=4) | grad=2.297 | tok/s=16,648 | tokens=3.79B
step=115710 | loss=5.0018 | lr=3.00e-04 | wd=0.0242 | mom=0.9500 | T=6.0 k=3.0 (mu_rec=8 mu_bwd=4) | grad=3.031 | tok/s=13,567 | tokens=3.79B
step=115720 | loss=4.9000 | lr=3.00e-04 | wd=0.0242 | mom=0.9500 | T=5.2 k=3.8 (mu_rec=8 mu_bwd=4) | grad=2.609 | tok/s=15,023 | tokens=3.79B
step=115730 | loss=4.9577 | lr=3.00e-04 | wd=0.0242 | mom=0.9500 | T=8.2 k=3.5 (mu_rec=8 mu_bwd=4) | grad=1.867 | tok/s=13,881 | tokens=3.79B
step=115740 | loss=4.9053 | lr=3.00e-04 | wd=0.0241 | mom=0.9500 | T=8.8 k=4.0 (mu_rec=8 mu_bwd=4) | grad=2.141 | tok/s=13,620 | tokens=3.79B
step=115750 | loss=5.0051 | lr=3.00e-04 | wd=0.0241 | mom=0.9500 | T=4.5 k=3.5 (mu_rec=8 mu_bwd=4) | grad=3.562 | tok/s=14,837 | tokens=3.79B
step=115760 | loss=5.0168 | lr=3.00e-04 | wd=0.0241 | mom=0.9500 | T=6.0 k=4.0 (mu_rec=8 mu_bwd=4) | grad=2.891 | tok/s=13,457 | tokens=3.79B
step=115770 | loss=4.8588 | lr=3.00e-04 | wd=0.0241 | mom=0.9500 | T=6.2 k=3.5 (mu_rec=8 mu_bwd=4) | grad=3.547 | tok/s=15,612 | tokens=3.79B
step=115780 | loss=5.0188 | lr=3.00e-04 | wd=0.0241 | mom=0.9500 | T=8.0 k=4.0 (mu_rec=8 mu_bwd=4) | grad=7.000 | tok/s=16,036 | tokens=3.79B
step=115790 | loss=4.9173 | lr=3.00e-04 | wd=0.0241 | mom=0.9500 | T=8.8 k=3.8 (mu_rec=8 mu_bwd=4) | grad=2.953 | tok/s=15,117 | tokens=3.79B
step=115800 | loss=5.1199 | lr=3.00e-04 | wd=0.0241 | mom=0.9500 | T=8.5 k=4.0 (mu_rec=8 mu_bwd=4) | grad=3.172 | tok/s=13,601 | tokens=3.79B
step=115810 | loss=5.0477 | lr=3.00e-04 | wd=0.0241 | mom=0.9500 | T=7.5 k=3.5 (mu_rec=8 mu_bwd=4) | grad=3.641 | tok/s=13,378 | tokens=3.79B
step=115820 | loss=4.6512 | lr=3.00e-04 | wd=0.0241 | mom=0.9500 | T=6.8 k=3.2 (mu_rec=8 mu_bwd=4) | grad=3.188 | tok/s=13,744 | tokens=3.80B
step=115830 | loss=4.8934 | lr=3.00e-04 | wd=0.0241 | mom=0.9500 | T=6.0 k=3.2 (mu_rec=8 mu_bwd=4) | grad=2.219 | tok/s=14,093 | tokens=3.80B
step=115840 | loss=5.0988 | lr=3.00e-04 | wd=0.0241 | mom=0.9500 | T=13.5 k=4.0 (mu_rec=8 mu_bwd=4) | grad=2.766 | tok/s=14,542 | tokens=3.80B
step=115850 | loss=5.0372 | lr=3.00e-04 | wd=0.0241 | mom=0.9500 | T=9.2 k=3.2 (mu_rec=8 mu_bwd=4) | grad=3.172 | tok/s=14,944 | tokens=3.80B
step=115860 | loss=4.9890 | lr=3.00e-04 | wd=0.0241 | mom=0.9500 | T=5.5 k=3.8 (mu_rec=8 mu_bwd=4) | grad=3.281 | tok/s=13,982 | tokens=3.80B
step=115870 | loss=4.8268 | lr=3.00e-04 | wd=0.0241 | mom=0.9500 | T=6.2 k=4.0 (mu_rec=8 mu_bwd=4) | grad=2.391 | tok/s=14,360 | tokens=3.80B
step=115880 | loss=5.0607 | lr=3.00e-04 | wd=0.0241 | mom=0.9500 | T=10.8 k=3.8 (mu_rec=8 mu_bwd=4) | grad=2.156 | tok/s=15,214 | tokens=3.80B
step=115890 | loss=5.1176 | lr=3.00e-04 | wd=0.0240 | mom=0.9500 | T=6.2 k=4.0 (mu_rec=8 mu_bwd=4) | grad=4.469 | tok/s=16,419 | tokens=3.80B
step=115900 | loss=4.9874 | lr=3.00e-04 | wd=0.0240 | mom=0.9500 | T=6.5 k=3.5 (mu_rec=8 mu_bwd=4) | grad=2.219 | tok/s=15,364 | tokens=3.80B
step=115910 | loss=4.8909 | lr=3.00e-04 | wd=0.0240 | mom=0.9500 | T=6.0 k=4.0 (mu_rec=8 mu_bwd=4) | grad=3.234 | tok/s=13,466 | tokens=3.80B
step=115920 | loss=4.9632 | lr=3.00e-04 | wd=0.0240 | mom=0.9500 | T=6.8 k=4.0 (mu_rec=8 mu_bwd=4) | grad=2.641 | tok/s=14,872 | tokens=3.80B
step=115930 | loss=5.1129 | lr=3.00e-04 | wd=0.0240 | mom=0.9500 | T=9.8 k=3.8 (mu_rec=8 mu_bwd=4) | grad=3.094 | tok/s=13,418 | tokens=3.80B
step=115940 | loss=5.1057 | lr=3.00e-04 | wd=0.0240 | mom=0.9500 | T=4.0 k=3.5 (mu_rec=8 mu_bwd=4) | grad=4.375 | tok/s=14,021 | tokens=3.80B
step=115950 | loss=5.1651 | lr=3.00e-04 | wd=0.0240 | mom=0.9500 | T=7.8 k=3.0 (mu_rec=8 mu_bwd=4) | grad=2.766 | tok/s=15,617 | tokens=3.80B
step=115960 | loss=5.0666 | lr=3.00e-04 | wd=0.0240 | mom=0.9500 | T=9.5 k=4.0 (mu_rec=8 mu_bwd=4) | grad=1.914 | tok/s=13,040 | tokens=3.80B
step=115970 | loss=4.9534 | lr=3.00e-04 | wd=0.0240 | mom=0.9500 | T=24.8 k=4.0 (mu_rec=8 mu_bwd=4) | grad=3.312 | tok/s=13,962 | tokens=3.80B
step=115980 | loss=5.2444 | lr=3.00e-04 | wd=0.0240 | mom=0.9500 | T=9.5 k=3.8 (mu_rec=8 mu_bwd=4) | grad=2.625 | tok/s=13,562 | tokens=3.80B
step=115990 | loss=5.0576 | lr=3.00e-04 | wd=0.0240 | mom=0.9500 | T=7.5 k=4.0 (mu_rec=8 mu_bwd=4) | grad=7.344 | tok/s=12,868 | tokens=3.80B
step=116000 | loss=4.9203 | lr=3.00e-04 | wd=0.0240 | mom=0.9500 | T=5.0 k=3.5 (mu_rec=8 mu_bwd=4) | grad=4.750 | tok/s=14,134 | tokens=3.80B
[step 116000] Saved -> runs/ccot-5b/checkpoint_0116000
[step 116000] Pruned -> runs/ccot-5b/checkpoint_0112000
step=116010 | loss=4.9966 | lr=3.00e-04 | wd=0.0240 | mom=0.9500 | T=9.0 k=4.0 (mu_rec=8 mu_bwd=4) | grad=2.656 | tok/s=14,126 | tokens=3.80B
step=116020 | loss=4.9822 | lr=3.00e-04 | wd=0.0240 | mom=0.9500 | T=6.2 k=3.2 (mu_rec=8 mu_bwd=4) | grad=2.062 | tok/s=14,755 | tokens=3.80B
step=116030 | loss=4.9684 | lr=3.00e-04 | wd=0.0240 | mom=0.9500 | T=4.8 k=3.2 (mu_rec=8 mu_bwd=4) | grad=2.766 | tok/s=14,565 | tokens=3.80B
step=116040 | loss=4.9418 | lr=3.00e-04 | wd=0.0240 | mom=0.9500 | T=9.8 k=3.8 (mu_rec=8 mu_bwd=4) | grad=2.344 | tok/s=14,301 | tokens=3.80B
step=116050 | loss=4.9048 | lr=3.00e-04 | wd=0.0239 | mom=0.9500 | T=9.2 k=4.0 (mu_rec=8 mu_bwd=4) | grad=4.344 | tok/s=13,933 | tokens=3.80B
step=116060 | loss=4.8573 | lr=3.00e-04 | wd=0.0239 | mom=0.9500 | T=9.0 k=3.8 (mu_rec=8 mu_bwd=4) | grad=3.906 | tok/s=12,322 | tokens=3.80B
step=116070 | loss=4.9712 | lr=3.00e-04 | wd=0.0239 | mom=0.9500 | T=7.2 k=3.2 (mu_rec=8 mu_bwd=4) | grad=3.359 | tok/s=14,992 | tokens=3.80B
step=116080 | loss=5.0129 | lr=3.00e-04 | wd=0.0239 | mom=0.9500 | T=8.5 k=4.0 (mu_rec=8 mu_bwd=4) | grad=2.156 | tok/s=15,211 | tokens=3.80B
step=116090 | loss=5.1088 | lr=3.00e-04 | wd=0.0239 | mom=0.9500 | T=7.8 k=4.0 (mu_rec=8 mu_bwd=4) | grad=2.344 | tok/s=13,939 | tokens=3.80B
step=116100 | loss=4.6754 | lr=3.00e-04 | wd=0.0239 | mom=0.9500 | T=8.8 k=4.0 (mu_rec=8 mu_bwd=4) | grad=1.672 | tok/s=13,232 | tokens=3.80B
step=116110 | loss=5.0459 | lr=3.00e-04 | wd=0.0239 | mom=0.9500 | T=7.2 k=4.0 (mu_rec=8 mu_bwd=4) | grad=2.812 | tok/s=6,670 | tokens=3.80B
step=116120 | loss=4.9146 | lr=3.00e-04 | wd=0.0239 | mom=0.9500 | T=5.2 k=3.0 (mu_rec=8 mu_bwd=4) | grad=2.328 | tok/s=6,334 | tokens=3.81B
step=116130 | loss=5.0268 | lr=3.00e-04 | wd=0.0239 | mom=0.9500 | T=5.5 k=3.2 (mu_rec=8 mu_bwd=4) | grad=2.234 | tok/s=15,598 | tokens=3.81B
step=116140 | loss=5.0166 | lr=3.00e-04 | wd=0.0239 | mom=0.9500 | T=7.5 k=3.5 (mu_rec=8 mu_bwd=4) | grad=2.125 | tok/s=13,946 | tokens=3.81B
step=116150 | loss=5.0044 | lr=3.00e-04 | wd=0.0239 | mom=0.9500 | T=7.5 k=4.0 (mu_rec=8 mu_bwd=4) | grad=2.625 | tok/s=14,004 | tokens=3.81B
step=116160 | loss=4.8943 | lr=3.00e-04 | wd=0.0239 | mom=0.9500 | T=9.8 k=4.0 (mu_rec=8 mu_bwd=4) | grad=4.812 | tok/s=14,026 | tokens=3.81B
step=116170 | loss=4.9428 | lr=3.00e-04 | wd=0.0239 | mom=0.9500 | T=5.0 k=3.5 (mu_rec=8 mu_bwd=4) | grad=2.938 | tok/s=13,441 | tokens=3.81B
step=116180 | loss=5.2475 | lr=3.00e-04 | wd=0.0239 | mom=0.9500 | T=8.8 k=3.5 (mu_rec=8 mu_bwd=4) | grad=2.359 | tok/s=15,315 | tokens=3.81B
step=116190 | loss=4.7981 | lr=3.00e-04 | wd=0.0239 | mom=0.9500 | T=9.8 k=3.8 (mu_rec=8 mu_bwd=4) | grad=2.719 | tok/s=14,215 | tokens=3.81B
step=116200 | loss=5.0374 | lr=3.00e-04 | wd=0.0238 | mom=0.9500 | T=7.5 k=4.0 (mu_rec=8 mu_bwd=4) | grad=4.875 | tok/s=14,858 | tokens=3.81B
step=116210 | loss=4.9590 | lr=3.00e-04 | wd=0.0238 | mom=0.9500 | T=8.8 k=4.0 (mu_rec=8 mu_bwd=4) | grad=2.891 | tok/s=14,687 | tokens=3.81B
step=116220 | loss=5.0518 | lr=3.00e-04 | wd=0.0238 | mom=0.9500 | T=10.2 k=4.0 (mu_rec=8 mu_bwd=4) | grad=4.250 | tok/s=13,376 | tokens=3.81B
step=116230 | loss=5.1492 | lr=3.00e-04 | wd=0.0238 | mom=0.9500 | T=4.2 k=3.0 (mu_rec=8 mu_bwd=4) | grad=4.281 | tok/s=13,332 | tokens=3.81B
step=116240 | loss=5.4777 | lr=3.00e-04 | wd=0.0238 | mom=0.9500 | T=7.2 k=3.8 (mu_rec=8 mu_bwd=4) | grad=3.781 | tok/s=13,868 | tokens=3.81B
step=116250 | loss=5.1689 | lr=3.00e-04 | wd=0.0238 | mom=0.9500 | T=8.8 k=3.8 (mu_rec=8 mu_bwd=4) | grad=2.750 | tok/s=13,476 | tokens=3.81B
step=116260 | loss=4.9870 | lr=3.00e-04 | wd=0.0238 | mom=0.9500 | T=6.2 k=3.8 (mu_rec=8 mu_bwd=4) | grad=4.875 | tok/s=14,072 | tokens=3.81B
step=116270 | loss=5.1422 | lr=3.00e-04 | wd=0.0238 | mom=0.9500 | T=10.8 k=4.0 (mu_rec=8 mu_bwd=4) | grad=2.359 | tok/s=13,284 | tokens=3.81B
step=116280 | loss=5.3436 | lr=3.00e-04 | wd=0.0238 | mom=0.9500 | T=5.2 k=3.5 (mu_rec=8 mu_bwd=4) | grad=2.500 | tok/s=14,537 | tokens=3.81B
step=116290 | loss=5.0615 | lr=3.00e-04 | wd=0.0238 | mom=0.9500 | T=5.0 k=4.0 (mu_rec=8 mu_bwd=4) | grad=2.859 | tok/s=14,013 | tokens=3.81B
step=116300 | loss=5.0052 | lr=3.00e-04 | wd=0.0238 | mom=0.9500 | T=8.2 k=3.8 (mu_rec=8 mu_bwd=4) | grad=3.953 | tok/s=14,420 | tokens=3.81B
step=116310 | loss=5.0110 | lr=3.00e-04 | wd=0.0238 | mom=0.9500 | T=7.5 k=3.8 (mu_rec=8 mu_bwd=4) | grad=3.688 | tok/s=15,022 | tokens=3.81B
step=116320 | loss=5.0056 | lr=3.00e-04 | wd=0.0238 | mom=0.9500 | T=8.2 k=4.0 (mu_rec=8 mu_bwd=4) | grad=5.562 | tok/s=14,899 | tokens=3.81B
step=116330 | loss=4.9679 | lr=3.00e-04 | wd=0.0238 | mom=0.9500 | T=4.5 k=2.8 (mu_rec=8 mu_bwd=4) | grad=2.812 | tok/s=15,263 | tokens=3.81B
step=116340 | loss=4.9855 | lr=3.00e-04 | wd=0.0238 | mom=0.9500 | T=8.2 k=4.0 (mu_rec=8 mu_bwd=4) | grad=1.836 | tok/s=14,867 | tokens=3.81B
step=116350 | loss=4.8190 | lr=3.00e-04 | wd=0.0237 | mom=0.9500 | T=5.0 k=3.5 (mu_rec=8 mu_bwd=4) | grad=2.984 | tok/s=13,247 | tokens=3.81B
step=116360 | loss=4.8977 | lr=3.00e-04 | wd=0.0237 | mom=0.9500 | T=8.2 k=3.8 (mu_rec=8 mu_bwd=4) | grad=3.125 | tok/s=12,185 | tokens=3.81B
step=116370 | loss=4.9478 | lr=3.00e-04 | wd=0.0237 | mom=0.9500 | T=7.5 k=4.0 (mu_rec=8 mu_bwd=4) | grad=3.203 | tok/s=13,692 | tokens=3.81B
step=116380 | loss=4.9653 | lr=3.00e-04 | wd=0.0237 | mom=0.9500 | T=5.2 k=3.2 (mu_rec=8 mu_bwd=4) | grad=2.469 | tok/s=15,027 | tokens=3.81B
step=116390 | loss=4.7468 | lr=3.00e-04 | wd=0.0237 | mom=0.9500 | T=3.5 k=3.2 (mu_rec=8 mu_bwd=4) | grad=3.391 | tok/s=14,671 | tokens=3.81B
step=116400 | loss=5.1586 | lr=3.00e-04 | wd=0.0237 | mom=0.9500 | T=8.0 k=3.5 (mu_rec=8 mu_bwd=4) | grad=1.805 | tok/s=13,388 | tokens=3.81B
step=116410 | loss=4.8809 | lr=3.00e-04 | wd=0.0237 | mom=0.9500 | T=5.0 k=4.0 (mu_rec=8 mu_bwd=4) | grad=4.438 | tok/s=14,735 | tokens=3.81B
step=116420 | loss=5.1575 | lr=3.00e-04 | wd=0.0237 | mom=0.9500 | T=9.8 k=4.0 (mu_rec=8 mu_bwd=4) | grad=3.359 | tok/s=13,525 | tokens=3.81B
step=116430 | loss=4.8985 | lr=3.00e-04 | wd=0.0237 | mom=0.9500 | T=8.0 k=3.5 (mu_rec=8 mu_bwd=4) | grad=10.438 | tok/s=14,788 | tokens=3.82B
step=116440 | loss=5.1197 | lr=3.00e-04 | wd=0.0237 | mom=0.9500 | T=11.0 k=4.0 (mu_rec=8 mu_bwd=4) | grad=2.781 | tok/s=13,023 | tokens=3.82B
step=116450 | loss=4.9447 | lr=3.00e-04 | wd=0.0237 | mom=0.9500 | T=5.5 k=2.5 (mu_rec=8 mu_bwd=4) | grad=2.562 | tok/s=14,819 | tokens=3.82B
step=116460 | loss=5.2631 | lr=3.00e-04 | wd=0.0237 | mom=0.9500 | T=13.2 k=4.0 (mu_rec=8 mu_bwd=4) | grad=2.828 | tok/s=12,690 | tokens=3.82B
step=116470 | loss=5.2185 | lr=3.00e-04 | wd=0.0237 | mom=0.9500 | T=11.0 k=4.0 (mu_rec=8 mu_bwd=4) | grad=3.203 | tok/s=13,500 | tokens=3.82B
step=116480 | loss=5.1195 | lr=3.00e-04 | wd=0.0237 | mom=0.9500 | T=4.2 k=2.5 (mu_rec=8 mu_bwd=4) | grad=2.703 | tok/s=14,668 | tokens=3.82B
step=116490 | loss=5.0206 | lr=3.00e-04 | wd=0.0237 | mom=0.9500 | T=6.0 k=4.0 (mu_rec=8 mu_bwd=4) | grad=5.094 | tok/s=14,815 | tokens=3.82B
step=116500 | loss=5.0301 | lr=3.00e-04 | wd=0.0236 | mom=0.9500 | T=6.8 k=3.2 (mu_rec=8 mu_bwd=4) | grad=2.875 | tok/s=14,669 | tokens=3.82B
step=116510 | loss=5.1903 | lr=3.00e-04 | wd=0.0236 | mom=0.9500 | T=7.0 k=3.8 (mu_rec=8 mu_bwd=4) | grad=6.875 | tok/s=13,701 | tokens=3.82B
step=116520 | loss=4.9169 | lr=3.00e-04 | wd=0.0236 | mom=0.9500 | T=8.5 k=4.0 (mu_rec=8 mu_bwd=4) | grad=2.422 | tok/s=13,619 | tokens=3.82B
step=116530 | loss=5.0340 | lr=3.00e-04 | wd=0.0236 | mom=0.9500 | T=3.0 k=2.8 (mu_rec=8 mu_bwd=4) | grad=3.938 | tok/s=13,838 | tokens=3.82B
step=116540 | loss=4.9869 | lr=3.00e-04 | wd=0.0236 | mom=0.9500 | T=6.0 k=3.8 (mu_rec=8 mu_bwd=4) | grad=3.266 | tok/s=14,528 | tokens=3.82B
step=116550 | loss=5.0260 | lr=3.00e-04 | wd=0.0236 | mom=0.9500 | T=6.0 k=4.0 (mu_rec=8 mu_bwd=4) | grad=3.891 | tok/s=14,285 | tokens=3.82B
step=116560 | loss=4.9879 | lr=3.00e-04 | wd=0.0236 | mom=0.9500 | T=7.0 k=3.5 (mu_rec=8 mu_bwd=4) | grad=2.609 | tok/s=14,981 | tokens=3.82B
step=116570 | loss=4.9825 | lr=3.00e-04 | wd=0.0236 | mom=0.9500 | T=9.8 k=3.8 (mu_rec=8 mu_bwd=4) | grad=2.266 | tok/s=12,292 | tokens=3.82B
step=116580 | loss=4.9625 | lr=3.00e-04 | wd=0.0236 | mom=0.9500 | T=8.0 k=4.0 (mu_rec=8 mu_bwd=4) | grad=10.562 | tok/s=14,781 | tokens=3.82B
step=116590 | loss=4.9612 | lr=3.00e-04 | wd=0.0236 | mom=0.9500 | T=8.2 k=4.0 (mu_rec=8 mu_bwd=4) | grad=2.797 | tok/s=13,977 | tokens=3.82B
step=116600 | loss=5.0428 | lr=3.00e-04 | wd=0.0236 | mom=0.9500 | T=11.5 k=4.0 (mu_rec=8 mu_bwd=4) | grad=6.344 | tok/s=14,256 | tokens=3.82B
step=116610 | loss=4.9202 | lr=3.00e-04 | wd=0.0236 | mom=0.9500 | T=4.8 k=3.2 (mu_rec=8 mu_bwd=4) | grad=3.172 | tok/s=14,652 | tokens=3.82B
step=116620 | loss=4.9515 | lr=3.00e-04 | wd=0.0236 | mom=0.9500 | T=12.0 k=3.8 (mu_rec=8 mu_bwd=4) | grad=2.531 | tok/s=13,871 | tokens=3.82B
step=116630 | loss=4.8993 | lr=3.00e-04 | wd=0.0236 | mom=0.9500 | T=9.2 k=4.0 (mu_rec=8 mu_bwd=4) | grad=2.156 | tok/s=13,798 | tokens=3.82B
step=116640 | loss=4.9668 | lr=3.00e-04 | wd=0.0236 | mom=0.9500 | T=7.2 k=4.0 (mu_rec=8 mu_bwd=4) | grad=3.047 | tok/s=16,315 | tokens=3.82B
step=116650 | loss=4.9042 | lr=3.00e-04 | wd=0.0236 | mom=0.9500 | T=7.5 k=3.8 (mu_rec=8 mu_bwd=4) | grad=2.531 | tok/s=15,273 | tokens=3.82B
step=116660 | loss=4.7213 | lr=3.00e-04 | wd=0.0235 | mom=0.9500 | T=6.0 k=4.0 (mu_rec=8 mu_bwd=4) | grad=10.562 | tok/s=14,541 | tokens=3.82B
step=116670 | loss=4.7182 | lr=3.00e-04 | wd=0.0235 | mom=0.9500 | T=6.8 k=4.0 (mu_rec=8 mu_bwd=4) | grad=2.797 | tok/s=14,582 | tokens=3.82B
step=116680 | loss=5.2143 | lr=3.00e-04 | wd=0.0235 | mom=0.9500 | T=6.2 k=3.2 (mu_rec=8 mu_bwd=4) | grad=2.812 | tok/s=12,989 | tokens=3.82B
step=116690 | loss=4.8199 | lr=3.00e-04 | wd=0.0235 | mom=0.9500 | T=8.0 k=3.8 (mu_rec=8 mu_bwd=4) | grad=4.781 | tok/s=13,689 | tokens=3.82B
step=116700 | loss=4.9736 | lr=3.00e-04 | wd=0.0235 | mom=0.9500 | T=9.8 k=4.0 (mu_rec=8 mu_bwd=4) | grad=9.375 | tok/s=14,531 | tokens=3.82B
step=116710 | loss=4.9930 | lr=3.00e-04 | wd=0.0235 | mom=0.9500 | T=7.0 k=4.0 (mu_rec=8 mu_bwd=4) | grad=4.000 | tok/s=15,610 | tokens=3.82B
step=116720 | loss=5.1260 | lr=3.00e-04 | wd=0.0235 | mom=0.9500 | T=6.5 k=3.8 (mu_rec=8 mu_bwd=4) | grad=3.328 | tok/s=13,768 | tokens=3.82B
step=116730 | loss=5.2349 | lr=3.00e-04 | wd=0.0235 | mom=0.9500 | T=4.2 k=3.2 (mu_rec=8 mu_bwd=4) | grad=3.859 | tok/s=15,103 | tokens=3.83B
step=116740 | loss=5.4268 | lr=3.00e-04 | wd=0.0235 | mom=0.9500 | T=8.2 k=4.0 (mu_rec=8 mu_bwd=4) | grad=2.688 | tok/s=14,318 | tokens=3.83B
step=116750 | loss=5.2356 | lr=3.00e-04 | wd=0.0235 | mom=0.9500 | T=5.5 k=3.8 (mu_rec=8 mu_bwd=4) | grad=3.328 | tok/s=15,723 | tokens=3.83B
step=116760 | loss=5.0192 | lr=3.00e-04 | wd=0.0235 | mom=0.9500 | T=6.5 k=3.2 (mu_rec=8 mu_bwd=4) | grad=2.875 | tok/s=14,664 | tokens=3.83B
step=116770 | loss=5.1031 | lr=3.00e-04 | wd=0.0235 | mom=0.9500 | T=5.2 k=2.8 (mu_rec=8 mu_bwd=4) | grad=2.703 | tok/s=16,036 | tokens=3.83B
step=116780 | loss=4.9101 | lr=3.00e-04 | wd=0.0235 | mom=0.9500 | T=3.8 k=2.5 (mu_rec=8 mu_bwd=4) | grad=2.375 | tok/s=15,757 | tokens=3.83B
step=116790 | loss=5.1187 | lr=3.00e-04 | wd=0.0235 | mom=0.9500 | T=8.5 k=3.8 (mu_rec=8 mu_bwd=4) | grad=2.359 | tok/s=13,257 | tokens=3.83B
step=116800 | loss=4.8969 | lr=3.00e-04 | wd=0.0235 | mom=0.9500 | T=7.8 k=4.0 (mu_rec=8 mu_bwd=4) | grad=2.438 | tok/s=13,063 | tokens=3.83B
step=116810 | loss=4.9072 | lr=3.00e-04 | wd=0.0234 | mom=0.9500 | T=6.5 k=3.0 (mu_rec=8 mu_bwd=4) | grad=3.672 | tok/s=14,582 | tokens=3.83B
step=116820 | loss=5.0907 | lr=3.00e-04 | wd=0.0234 | mom=0.9500 | T=8.8 k=3.8 (mu_rec=8 mu_bwd=4) | grad=2.453 | tok/s=14,728 | tokens=3.83B
step=116830 | loss=4.9888 | lr=3.00e-04 | wd=0.0234 | mom=0.9500 | T=7.2 k=3.5 (mu_rec=8 mu_bwd=4) | grad=3.094 | tok/s=14,839 | tokens=3.83B
step=116840 | loss=4.9182 | lr=3.00e-04 | wd=0.0234 | mom=0.9500 | T=10.8 k=4.0 (mu_rec=8 mu_bwd=4) | grad=4.594 | tok/s=13,908 | tokens=3.83B
step=116850 | loss=4.9578 | lr=3.00e-04 | wd=0.0234 | mom=0.9500 | T=5.0 k=3.5 (mu_rec=8 mu_bwd=4) | grad=4.312 | tok/s=14,803 | tokens=3.83B
step=116860 | loss=4.9070 | lr=3.00e-04 | wd=0.0234 | mom=0.9500 | T=6.8 k=3.8 (mu_rec=8 mu_bwd=4) | grad=3.359 | tok/s=13,220 | tokens=3.83B
step=116870 | loss=4.9548 | lr=3.00e-04 | wd=0.0234 | mom=0.9500 | T=6.8 k=3.8 (mu_rec=8 mu_bwd=4) | grad=2.484 | tok/s=14,770 | tokens=3.83B
step=116880 | loss=4.9569 | lr=3.00e-04 | wd=0.0234 | mom=0.9500 | T=5.5 k=3.5 (mu_rec=8 mu_bwd=4) | grad=2.484 | tok/s=14,738 | tokens=3.83B
step=116890 | loss=5.0672 | lr=3.00e-04 | wd=0.0234 | mom=0.9500 | T=10.5 k=4.0 (mu_rec=8 mu_bwd=4) | grad=1.953 | tok/s=13,792 | tokens=3.83B
step=116900 | loss=4.9056 | lr=3.00e-04 | wd=0.0234 | mom=0.9500 | T=3.5 k=2.5 (mu_rec=8 mu_bwd=4) | grad=2.719 | tok/s=16,073 | tokens=3.83B
step=116910 | loss=4.9537 | lr=3.00e-04 | wd=0.0234 | mom=0.9500 | T=6.2 k=3.5 (mu_rec=8 mu_bwd=4) | grad=3.359 | tok/s=13,687 | tokens=3.83B
step=116920 | loss=4.8522 | lr=3.00e-04 | wd=0.0234 | mom=0.9500 | T=4.8 k=3.5 (mu_rec=8 mu_bwd=4) | grad=2.438 | tok/s=13,824 | tokens=3.83B
step=116930 | loss=4.7990 | lr=3.00e-04 | wd=0.0234 | mom=0.9500 | T=8.5 k=4.0 (mu_rec=8 mu_bwd=4) | grad=4.688 | tok/s=6,148 | tokens=3.83B
step=116940 | loss=5.1027 | lr=3.00e-04 | wd=0.0234 | mom=0.9500 | T=7.8 k=4.0 (mu_rec=8 mu_bwd=4) | grad=3.531 | tok/s=14,856 | tokens=3.83B
step=116950 | loss=5.0359 | lr=3.00e-04 | wd=0.0234 | mom=0.9500 | T=7.0 k=3.5 (mu_rec=8 mu_bwd=4) | grad=2.016 | tok/s=14,974 | tokens=3.83B
step=116960 | loss=5.0201 | lr=3.00e-04 | wd=0.0233 | mom=0.9500 | T=8.2 k=3.8 (mu_rec=8 mu_bwd=4) | grad=2.703 | tok/s=13,490 | tokens=3.83B
step=116970 | loss=4.9258 | lr=3.00e-04 | wd=0.0233 | mom=0.9500 | T=7.5 k=3.5 (mu_rec=8 mu_bwd=4) | grad=1.922 | tok/s=14,453 | tokens=3.83B
step=116980 | loss=4.8650 | lr=3.00e-04 | wd=0.0233 | mom=0.9500 | T=8.5 k=3.8 (mu_rec=8 mu_bwd=4) | grad=3.094 | tok/s=15,147 | tokens=3.83B
step=116990 | loss=5.1342 | lr=3.00e-04 | wd=0.0233 | mom=0.9500 | T=6.8 k=3.5 (mu_rec=8 mu_bwd=4) | grad=2.828 | tok/s=5,665 | tokens=3.83B
step=117000 | loss=4.9281 | lr=3.00e-04 | wd=0.0233 | mom=0.9500 | T=7.8 k=3.2 (mu_rec=8 mu_bwd=4) | grad=2.062 | tok/s=14,339 | tokens=3.83B
step=117010 | loss=5.0748 | lr=3.00e-04 | wd=0.0233 | mom=0.9500 | T=8.0 k=4.0 (mu_rec=8 mu_bwd=4) | grad=1.766 | tok/s=14,375 | tokens=3.83B
step=117020 | loss=4.8520 | lr=3.00e-04 | wd=0.0233 | mom=0.9500 | T=10.0 k=4.0 (mu_rec=8 mu_bwd=4) | grad=2.297 | tok/s=15,116 | tokens=3.83B
step=117030 | loss=4.9178 | lr=3.00e-04 | wd=0.0233 | mom=0.9500 | T=8.5 k=3.8 (mu_rec=8 mu_bwd=4) | grad=2.922 | tok/s=14,004 | tokens=3.83B
step=117040 | loss=5.8118 | lr=3.00e-04 | wd=0.0233 | mom=0.9500 | T=5.2 k=2.5 (mu_rec=8 mu_bwd=4) | grad=3.000 | tok/s=15,034 | tokens=3.84B
step=117050 | loss=4.9858 | lr=3.00e-04 | wd=0.0233 | mom=0.9500 | T=7.8 k=4.0 (mu_rec=8 mu_bwd=4) | grad=2.688 | tok/s=15,153 | tokens=3.84B
step=117060 | loss=4.8883 | lr=3.00e-04 | wd=0.0233 | mom=0.9500 | T=5.5 k=3.8 (mu_rec=8 mu_bwd=4) | grad=5.375 | tok/s=14,610 | tokens=3.84B
step=117070 | loss=4.9618 | lr=3.00e-04 | wd=0.0233 | mom=0.9500 | T=11.8 k=4.0 (mu_rec=8 mu_bwd=4) | grad=2.156 | tok/s=14,909 | tokens=3.84B
step=117080 | loss=4.9032 | lr=3.00e-04 | wd=0.0233 | mom=0.9500 | T=5.8 k=4.0 (mu_rec=8 mu_bwd=4) | grad=7.750 | tok/s=14,466 | tokens=3.84B
step=117090 | loss=4.7615 | lr=3.00e-04 | wd=0.0233 | mom=0.9500 | T=9.0 k=3.5 (mu_rec=8 mu_bwd=4) | grad=6.000 | tok/s=14,507 | tokens=3.84B
step=117100 | loss=5.0200 | lr=3.00e-04 | wd=0.0233 | mom=0.9500 | T=6.5 k=3.2 (mu_rec=8 mu_bwd=4) | grad=4.156 | tok/s=13,642 | tokens=3.84B
step=117110 | loss=5.0583 | lr=3.00e-04 | wd=0.0232 | mom=0.9500 | T=8.0 k=4.0 (mu_rec=8 mu_bwd=4) | grad=3.875 | tok/s=14,056 | tokens=3.84B
step=117120 | loss=5.0027 | lr=3.00e-04 | wd=0.0232 | mom=0.9500 | T=7.5 k=3.5 (mu_rec=8 mu_bwd=4) | grad=2.781 | tok/s=14,076 | tokens=3.84B
step=117130 | loss=4.9557 | lr=3.00e-04 | wd=0.0232 | mom=0.9500 | T=8.5 k=3.8 (mu_rec=8 mu_bwd=4) | grad=3.359 | tok/s=14,674 | tokens=3.84B
step=117140 | loss=5.0334 | lr=3.00e-04 | wd=0.0232 | mom=0.9500 | T=10.0 k=3.8 (mu_rec=8 mu_bwd=4) | grad=2.719 | tok/s=13,137 | tokens=3.84B
step=117150 | loss=5.1682 | lr=3.00e-04 | wd=0.0232 | mom=0.9500 | T=7.8 k=4.0 (mu_rec=8 mu_bwd=4) | grad=2.594 | tok/s=14,545 | tokens=3.84B
step=117160 | loss=4.9988 | lr=3.00e-04 | wd=0.0232 | mom=0.9500 | T=8.5 k=4.0 (mu_rec=8 mu_bwd=4) | grad=1.914 | tok/s=14,611 | tokens=3.84B
step=117170 | loss=4.8890 | lr=3.00e-04 | wd=0.0232 | mom=0.9500 | T=6.0 k=3.5 (mu_rec=8 mu_bwd=4) | grad=2.172 | tok/s=15,447 | tokens=3.84B
step=117180 | loss=5.2198 | lr=3.00e-04 | wd=0.0232 | mom=0.9500 | T=6.5 k=3.5 (mu_rec=8 mu_bwd=4) | grad=4.438 | tok/s=16,225 | tokens=3.84B
step=117190 | loss=4.9815 | lr=3.00e-04 | wd=0.0232 | mom=0.9500 | T=11.0 k=3.8 (mu_rec=8 mu_bwd=4) | grad=2.578 | tok/s=13,055 | tokens=3.84B
step=117200 | loss=5.0131 | lr=3.00e-04 | wd=0.0232 | mom=0.9500 | T=13.8 k=4.0 (mu_rec=8 mu_bwd=4) | grad=2.250 | tok/s=14,555 | tokens=3.84B
step=117210 | loss=4.9550 | lr=3.00e-04 | wd=0.0232 | mom=0.9500 | T=4.5 k=3.5 (mu_rec=8 mu_bwd=4) | grad=12.000 | tok/s=14,998 | tokens=3.84B
step=117220 | loss=5.1288 | lr=3.00e-04 | wd=0.0232 | mom=0.9500 | T=8.0 k=4.0 (mu_rec=8 mu_bwd=4) | grad=2.016 | tok/s=14,061 | tokens=3.84B
step=117230 | loss=4.9930 | lr=3.00e-04 | wd=0.0232 | mom=0.9500 | T=10.5 k=4.0 (mu_rec=8 mu_bwd=4) | grad=3.250 | tok/s=13,754 | tokens=3.84B
step=117240 | loss=5.1397 | lr=3.00e-04 | wd=0.0232 | mom=0.9500 | T=7.2 k=4.0 (mu_rec=8 mu_bwd=4) | grad=5.656 | tok/s=14,743 | tokens=3.84B
step=117250 | loss=5.8047 | lr=3.00e-04 | wd=0.0232 | mom=0.9500 | T=6.5 k=3.2 (mu_rec=8 mu_bwd=4) | grad=3.438 | tok/s=14,900 | tokens=3.84B
step=117260 | loss=5.1389 | lr=3.00e-04 | wd=0.0232 | mom=0.9500 | T=9.5 k=4.0 (mu_rec=8 mu_bwd=4) | grad=2.609 | tok/s=14,513 | tokens=3.84B
step=117270 | loss=4.9803 | lr=3.00e-04 | wd=0.0231 | mom=0.9500 | T=5.0 k=3.0 (mu_rec=8 mu_bwd=4) | grad=2.250 | tok/s=14,583 | tokens=3.84B
step=117280 | loss=5.9540 | lr=3.00e-04 | wd=0.0231 | mom=0.9500 | T=6.2 k=4.0 (mu_rec=8 mu_bwd=4) | grad=6.281 | tok/s=13,650 | tokens=3.84B
step=117290 | loss=5.5106 | lr=3.00e-04 | wd=0.0231 | mom=0.9500 | T=8.5 k=4.0 (mu_rec=8 mu_bwd=4) | grad=4.719 | tok/s=13,620 | tokens=3.84B
step=117300 | loss=5.3280 | lr=3.00e-04 | wd=0.0231 | mom=0.9500 | T=8.8 k=3.8 (mu_rec=8 mu_bwd=4) | grad=3.734 | tok/s=13,431 | tokens=3.84B
step=117310 | loss=5.3510 | lr=3.00e-04 | wd=0.0231 | mom=0.9500 | T=14.0 k=4.0 (mu_rec=8 mu_bwd=4) | grad=3.422 | tok/s=14,849 | tokens=3.84B
step=117320 | loss=5.3032 | lr=3.00e-04 | wd=0.0231 | mom=0.9500 | T=9.0 k=4.0 (mu_rec=8 mu_bwd=4) | grad=3.141 | tok/s=14,483 | tokens=3.84B
step=117330 | loss=5.2026 | lr=3.00e-04 | wd=0.0231 | mom=0.9500 | T=10.0 k=4.0 (mu_rec=8 mu_bwd=4) | grad=9.312 | tok/s=14,129 | tokens=3.84B
step=117340 | loss=5.1672 | lr=3.00e-04 | wd=0.0231 | mom=0.9500 | T=8.5 k=4.0 (mu_rec=8 mu_bwd=4) | grad=2.938 | tok/s=13,684 | tokens=3.84B
step=117350 | loss=5.0171 | lr=3.00e-04 | wd=0.0231 | mom=0.9500 | T=3.5 k=3.0 (mu_rec=8 mu_bwd=4) | grad=7.188 | tok/s=14,777 | tokens=3.85B
step=117360 | loss=5.0128 | lr=3.00e-04 | wd=0.0231 | mom=0.9500 | T=5.0 k=3.8 (mu_rec=8 mu_bwd=4) | grad=2.438 | tok/s=13,627 | tokens=3.85B
step=117370 | loss=5.1018 | lr=3.00e-04 | wd=0.0231 | mom=0.9500 | T=8.8 k=4.0 (mu_rec=8 mu_bwd=4) | grad=3.750 | tok/s=14,204 | tokens=3.85B
step=117380 | loss=4.9335 | lr=3.00e-04 | wd=0.0231 | mom=0.9500 | T=6.5 k=3.0 (mu_rec=8 mu_bwd=4) | grad=2.797 | tok/s=14,121 | tokens=3.85B
step=117390 | loss=4.9859 | lr=3.00e-04 | wd=0.0231 | mom=0.9500 | T=8.0 k=4.0 (mu_rec=8 mu_bwd=4) | grad=2.266 | tok/s=15,934 | tokens=3.85B
step=117400 | loss=4.9929 | lr=3.00e-04 | wd=0.0231 | mom=0.9500 | T=7.0 k=3.5 (mu_rec=8 mu_bwd=4) | grad=2.281 | tok/s=15,199 | tokens=3.85B
step=117410 | loss=4.8732 | lr=3.00e-04 | wd=0.0231 | mom=0.9500 | T=15.8 k=4.0 (mu_rec=8 mu_bwd=4) | grad=2.734 | tok/s=14,038 | tokens=3.85B
step=117420 | loss=4.9287 | lr=3.00e-04 | wd=0.0230 | mom=0.9500 | T=9.2 k=3.8 (mu_rec=8 mu_bwd=4) | grad=2.094 | tok/s=14,224 | tokens=3.85B
step=117430 | loss=4.9683 | lr=3.00e-04 | wd=0.0230 | mom=0.9500 | T=4.8 k=3.2 (mu_rec=8 mu_bwd=4) | grad=2.250 | tok/s=13,776 | tokens=3.85B
step=117440 | loss=5.0487 | lr=3.00e-04 | wd=0.0230 | mom=0.9500 | T=9.8 k=4.0 (mu_rec=8 mu_bwd=4) | grad=3.141 | tok/s=13,736 | tokens=3.85B
step=117450 | loss=5.1377 | lr=3.00e-04 | wd=0.0230 | mom=0.9500 | T=12.2 k=4.0 (mu_rec=8 mu_bwd=4) | grad=2.812 | tok/s=14,877 | tokens=3.85B
step=117460 | loss=4.9698 | lr=3.00e-04 | wd=0.0230 | mom=0.9500 | T=5.0 k=4.0 (mu_rec=8 mu_bwd=4) | grad=3.438 | tok/s=15,183 | tokens=3.85B
step=117470 | loss=4.9164 | lr=3.00e-04 | wd=0.0230 | mom=0.9500 | T=7.5 k=4.0 (mu_rec=8 mu_bwd=4) | grad=2.688 | tok/s=14,442 | tokens=3.85B
step=117480 | loss=5.0416 | lr=3.00e-04 | wd=0.0230 | mom=0.9500 | T=3.5 k=2.8 (mu_rec=8 mu_bwd=4) | grad=2.812 | tok/s=13,771 | tokens=3.85B
step=117490 | loss=5.1476 | lr=3.00e-04 | wd=0.0230 | mom=0.9500 | T=10.8 k=3.8 (mu_rec=8 mu_bwd=4) | grad=3.594 | tok/s=14,508 | tokens=3.85B
step=117500 | loss=4.9920 | lr=3.00e-04 | wd=0.0230 | mom=0.9500 | T=11.0 k=3.8 (mu_rec=8 mu_bwd=4) | grad=2.703 | tok/s=13,956 | tokens=3.85B
step=117510 | loss=5.2583 | lr=3.00e-04 | wd=0.0230 | mom=0.9500 | T=10.0 k=3.5 (mu_rec=8 mu_bwd=4) | grad=3.703 | tok/s=13,403 | tokens=3.85B
step=117520 | loss=5.6567 | lr=3.00e-04 | wd=0.0230 | mom=0.9500 | T=5.5 k=3.8 (mu_rec=8 mu_bwd=4) | grad=3.422 | tok/s=13,729 | tokens=3.85B
step=117530 | loss=5.4837 | lr=3.00e-04 | wd=0.0230 | mom=0.9500 | T=3.5 k=3.2 (mu_rec=8 mu_bwd=4) | grad=3.016 | tok/s=14,396 | tokens=3.85B
step=117540 | loss=5.2610 | lr=3.00e-04 | wd=0.0230 | mom=0.9500 | T=4.5 k=3.2 (mu_rec=8 mu_bwd=4) | grad=2.375 | tok/s=13,898 | tokens=3.85B
step=117550 | loss=4.9819 | lr=3.00e-04 | wd=0.0230 | mom=0.9500 | T=6.0 k=4.0 (mu_rec=8 mu_bwd=4) | grad=2.875 | tok/s=15,139 | tokens=3.85B
step=117560 | loss=5.0726 | lr=3.00e-04 | wd=0.0230 | mom=0.9500 | T=7.2 k=4.0 (mu_rec=8 mu_bwd=4) | grad=3.078 | tok/s=14,537 | tokens=3.85B
step=117570 | loss=5.0945 | lr=3.00e-04 | wd=0.0229 | mom=0.9500 | T=5.8 k=3.5 (mu_rec=8 mu_bwd=4) | grad=2.469 | tok/s=13,980 | tokens=3.85B
step=117580 | loss=4.8526 | lr=3.00e-04 | wd=0.0229 | mom=0.9500 | T=11.5 k=4.0 (mu_rec=8 mu_bwd=4) | grad=3.438 | tok/s=13,877 | tokens=3.85B
step=117590 | loss=5.0016 | lr=3.00e-04 | wd=0.0229 | mom=0.9500 | T=5.2 k=3.8 (mu_rec=8 mu_bwd=4) | grad=6.250 | tok/s=14,687 | tokens=3.85B
step=117600 | loss=5.0566 | lr=3.00e-04 | wd=0.0229 | mom=0.9500 | T=9.8 k=3.2 (mu_rec=8 mu_bwd=4) | grad=2.844 | tok/s=14,876 | tokens=3.85B
step=117610 | loss=4.9709 | lr=3.00e-04 | wd=0.0229 | mom=0.9500 | T=8.5 k=3.8 (mu_rec=8 mu_bwd=4) | grad=2.719 | tok/s=13,824 | tokens=3.85B
step=117620 | loss=4.8766 | lr=3.00e-04 | wd=0.0229 | mom=0.9500 | T=11.8 k=4.0 (mu_rec=8 mu_bwd=4) | grad=3.406 | tok/s=17,037 | tokens=3.85B
step=117630 | loss=5.0475 | lr=3.00e-04 | wd=0.0229 | mom=0.9500 | T=10.5 k=3.2 (mu_rec=8 mu_bwd=4) | grad=3.266 | tok/s=14,173 | tokens=3.85B
step=117640 | loss=4.7213 | lr=3.00e-04 | wd=0.0229 | mom=0.9500 | T=6.8 k=4.0 (mu_rec=8 mu_bwd=4) | grad=6.312 | tok/s=14,110 | tokens=3.85B
step=117650 | loss=4.7949 | lr=3.00e-04 | wd=0.0229 | mom=0.9500 | T=6.2 k=3.8 (mu_rec=8 mu_bwd=4) | grad=2.188 | tok/s=13,267 | tokens=3.86B
step=117660 | loss=5.0782 | lr=3.00e-04 | wd=0.0229 | mom=0.9500 | T=9.5 k=3.5 (mu_rec=8 mu_bwd=4) | grad=2.562 | tok/s=14,243 | tokens=3.86B
step=117670 | loss=4.9136 | lr=3.00e-04 | wd=0.0229 | mom=0.9500 | T=5.2 k=3.8 (mu_rec=8 mu_bwd=4) | grad=4.500 | tok/s=13,846 | tokens=3.86B
step=117680 | loss=5.1199 | lr=3.00e-04 | wd=0.0229 | mom=0.9500 | T=6.2 k=3.8 (mu_rec=8 mu_bwd=4) | grad=2.531 | tok/s=12,902 | tokens=3.86B
step=117690 | loss=5.0402 | lr=3.00e-04 | wd=0.0229 | mom=0.9500 | T=7.0 k=3.5 (mu_rec=8 mu_bwd=4) | grad=3.594 | tok/s=14,458 | tokens=3.86B
step=117700 | loss=5.0473 | lr=3.00e-04 | wd=0.0229 | mom=0.9500 | T=7.8 k=3.8 (mu_rec=8 mu_bwd=4) | grad=2.156 | tok/s=13,891 | tokens=3.86B
step=117710 | loss=4.9181 | lr=3.00e-04 | wd=0.0229 | mom=0.9500 | T=5.5 k=2.5 (mu_rec=8 mu_bwd=4) | grad=2.766 | tok/s=14,544 | tokens=3.86B
step=117720 | loss=4.8039 | lr=3.00e-04 | wd=0.0228 | mom=0.9500 | T=6.0 k=2.8 (mu_rec=8 mu_bwd=4) | grad=2.422 | tok/s=13,595 | tokens=3.86B
step=117730 | loss=5.0613 | lr=3.00e-04 | wd=0.0228 | mom=0.9500 | T=7.8 k=4.0 (mu_rec=8 mu_bwd=4) | grad=2.844 | tok/s=15,891 | tokens=3.86B
step=117740 | loss=5.0637 | lr=3.00e-04 | wd=0.0228 | mom=0.9500 | T=7.2 k=4.0 (mu_rec=8 mu_bwd=4) | grad=4.812 | tok/s=15,132 | tokens=3.86B
step=117750 | loss=4.9584 | lr=3.00e-04 | wd=0.0228 | mom=0.9500 | T=12.0 k=4.0 (mu_rec=8 mu_bwd=4) | grad=4.219 | tok/s=13,259 | tokens=3.86B
step=117760 | loss=4.9201 | lr=3.00e-04 | wd=0.0228 | mom=0.9500 | T=6.0 k=3.8 (mu_rec=8 mu_bwd=4) | grad=2.375 | tok/s=13,895 | tokens=3.86B
step=117770 | loss=5.2183 | lr=3.00e-04 | wd=0.0228 | mom=0.9500 | T=4.8 k=3.2 (mu_rec=8 mu_bwd=4) | grad=2.828 | tok/s=14,776 | tokens=3.86B
step=117780 | loss=5.2208 | lr=3.00e-04 | wd=0.0228 | mom=0.9500 | T=12.0 k=4.0 (mu_rec=8 mu_bwd=4) | grad=2.234 | tok/s=13,702 | tokens=3.86B
step=117790 | loss=5.0839 | lr=3.00e-04 | wd=0.0228 | mom=0.9500 | T=7.5 k=4.0 (mu_rec=8 mu_bwd=4) | grad=6.344 | tok/s=5,488 | tokens=3.86B
step=117800 | loss=5.0679 | lr=3.00e-04 | wd=0.0228 | mom=0.9500 | T=10.2 k=4.0 (mu_rec=8 mu_bwd=4) | grad=1.969 | tok/s=14,453 | tokens=3.86B
step=117810 | loss=5.0525 | lr=3.00e-04 | wd=0.0228 | mom=0.9500 | T=9.5 k=4.0 (mu_rec=8 mu_bwd=4) | grad=2.047 | tok/s=14,380 | tokens=3.86B
step=117820 | loss=5.1248 | lr=3.00e-04 | wd=0.0228 | mom=0.9500 | T=8.0 k=3.5 (mu_rec=8 mu_bwd=4) | grad=5.719 | tok/s=15,433 | tokens=3.86B
step=117830 | loss=5.2400 | lr=3.00e-04 | wd=0.0228 | mom=0.9500 | T=7.8 k=3.5 (mu_rec=8 mu_bwd=4) | grad=3.938 | tok/s=15,105 | tokens=3.86B
step=117840 | loss=4.9533 | lr=3.00e-04 | wd=0.0228 | mom=0.9500 | T=7.2 k=4.0 (mu_rec=8 mu_bwd=4) | grad=2.266 | tok/s=13,919 | tokens=3.86B
step=117850 | loss=4.9796 | lr=3.00e-04 | wd=0.0228 | mom=0.9500 | T=5.5 k=3.2 (mu_rec=8 mu_bwd=4) | grad=7.688 | tok/s=14,524 | tokens=3.86B
step=117860 | loss=5.0127 | lr=3.00e-04 | wd=0.0228 | mom=0.9500 | T=6.0 k=4.0 (mu_rec=8 mu_bwd=4) | grad=2.859 | tok/s=14,058 | tokens=3.86B
step=117870 | loss=5.0029 | lr=3.00e-04 | wd=0.0228 | mom=0.9500 | T=6.5 k=4.0 (mu_rec=8 mu_bwd=4) | grad=2.453 | tok/s=14,062 | tokens=3.86B
step=117880 | loss=5.0778 | lr=3.00e-04 | wd=0.0227 | mom=0.9500 | T=8.2 k=3.5 (mu_rec=8 mu_bwd=4) | grad=2.188 | tok/s=13,762 | tokens=3.86B
step=117890 | loss=5.1177 | lr=3.00e-04 | wd=0.0227 | mom=0.9500 | T=16.8 k=4.0 (mu_rec=8 mu_bwd=4) | grad=3.469 | tok/s=13,465 | tokens=3.86B
step=117900 | loss=5.1282 | lr=3.00e-04 | wd=0.0227 | mom=0.9500 | T=9.8 k=3.8 (mu_rec=8 mu_bwd=4) | grad=2.781 | tok/s=14,281 | tokens=3.86B
step=117910 | loss=4.9330 | lr=3.00e-04 | wd=0.0227 | mom=0.9500 | T=4.8 k=3.8 (mu_rec=8 mu_bwd=4) | grad=2.844 | tok/s=14,264 | tokens=3.86B
step=117920 | loss=5.0066 | lr=3.00e-04 | wd=0.0227 | mom=0.9500 | T=6.2 k=3.5 (mu_rec=8 mu_bwd=4) | grad=2.281 | tok/s=15,494 | tokens=3.86B
step=117930 | loss=5.0847 | lr=3.00e-04 | wd=0.0227 | mom=0.9500 | T=7.5 k=4.0 (mu_rec=8 mu_bwd=4) | grad=2.453 | tok/s=13,583 | tokens=3.86B
step=117940 | loss=4.8413 | lr=3.00e-04 | wd=0.0227 | mom=0.9500 | T=11.8 k=3.5 (mu_rec=8 mu_bwd=4) | grad=2.219 | tok/s=13,204 | tokens=3.86B
step=117950 | loss=4.9433 | lr=3.00e-04 | wd=0.0227 | mom=0.9500 | T=8.0 k=4.0 (mu_rec=8 mu_bwd=4) | grad=5.000 | tok/s=13,985 | tokens=3.86B
step=117960 | loss=5.0491 | lr=3.00e-04 | wd=0.0227 | mom=0.9500 | T=15.8 k=4.0 (mu_rec=8 mu_bwd=4) | grad=4.375 | tok/s=13,214 | tokens=3.87B
step=117970 | loss=5.0462 | lr=3.00e-04 | wd=0.0227 | mom=0.9500 | T=11.0 k=4.0 (mu_rec=8 mu_bwd=4) | grad=2.484 | tok/s=15,291 | tokens=3.87B
step=117980 | loss=4.9516 | lr=3.00e-04 | wd=0.0227 | mom=0.9500 | T=4.8 k=3.8 (mu_rec=8 mu_bwd=4) | grad=2.312 | tok/s=14,323 | tokens=3.87B
step=117990 | loss=4.7555 | lr=3.00e-04 | wd=0.0227 | mom=0.9500 | T=10.0 k=3.2 (mu_rec=8 mu_bwd=4) | grad=2.703 | tok/s=6,137 | tokens=3.87B
step=118000 | loss=5.0721 | lr=3.00e-04 | wd=0.0227 | mom=0.9500 | T=5.0 k=3.8 (mu_rec=8 mu_bwd=4) | grad=5.500 | tok/s=14,234 | tokens=3.87B
[step 118000] Saved -> runs/ccot-5b/checkpoint_0118000
[step 118000] Pruned -> runs/ccot-5b/checkpoint_0114000
step=118010 | loss=5.1228 | lr=3.00e-04 | wd=0.0227 | mom=0.9500 | T=6.0 k=3.8 (mu_rec=8 mu_bwd=4) | grad=4.906 | tok/s=15,517 | tokens=3.87B
step=118020 | loss=4.9709 | lr=3.00e-04 | wd=0.0227 | mom=0.9500 | T=7.8 k=2.8 (mu_rec=8 mu_bwd=4) | grad=3.562 | tok/s=14,129 | tokens=3.87B
step=118030 | loss=4.9666 | lr=3.00e-04 | wd=0.0226 | mom=0.9500 | T=3.5 k=3.0 (mu_rec=8 mu_bwd=4) | grad=2.547 | tok/s=14,596 | tokens=3.87B
step=118040 | loss=4.8772 | lr=3.00e-04 | wd=0.0226 | mom=0.9500 | T=6.8 k=3.8 (mu_rec=8 mu_bwd=4) | grad=3.109 | tok/s=12,892 | tokens=3.87B
step=118050 | loss=4.9916 | lr=3.00e-04 | wd=0.0226 | mom=0.9500 | T=14.5 k=4.0 (mu_rec=8 mu_bwd=4) | grad=3.203 | tok/s=13,368 | tokens=3.87B
step=118060 | loss=4.9313 | lr=3.00e-04 | wd=0.0226 | mom=0.9500 | T=8.2 k=4.0 (mu_rec=8 mu_bwd=4) | grad=2.484 | tok/s=13,732 | tokens=3.87B
step=118070 | loss=5.0503 | lr=3.00e-04 | wd=0.0226 | mom=0.9500 | T=3.5 k=3.0 (mu_rec=8 mu_bwd=4) | grad=7.188 | tok/s=15,399 | tokens=3.87B
step=118080 | loss=4.9549 | lr=3.00e-04 | wd=0.0226 | mom=0.9500 | T=7.2 k=3.2 (mu_rec=8 mu_bwd=4) | grad=2.281 | tok/s=15,710 | tokens=3.87B
step=118090 | loss=5.0851 | lr=3.00e-04 | wd=0.0226 | mom=0.9500 | T=9.2 k=4.0 (mu_rec=8 mu_bwd=4) | grad=3.078 | tok/s=14,226 | tokens=3.87B
step=118100 | loss=5.0708 | lr=3.00e-04 | wd=0.0226 | mom=0.9500 | T=5.8 k=4.0 (mu_rec=8 mu_bwd=4) | grad=3.703 | tok/s=13,854 | tokens=3.87B
step=118110 | loss=5.0059 | lr=3.00e-04 | wd=0.0226 | mom=0.9500 | T=8.0 k=3.5 (mu_rec=8 mu_bwd=4) | grad=2.266 | tok/s=15,470 | tokens=3.87B
step=118120 | loss=4.9853 | lr=3.00e-04 | wd=0.0226 | mom=0.9500 | T=8.8 k=3.8 (mu_rec=8 mu_bwd=4) | grad=10.438 | tok/s=14,095 | tokens=3.87B
step=118130 | loss=5.3112 | lr=3.00e-04 | wd=0.0226 | mom=0.9500 | T=13.2 k=4.0 (mu_rec=8 mu_bwd=4) | grad=2.594 | tok/s=14,593 | tokens=3.87B
step=118140 | loss=5.3176 | lr=3.00e-04 | wd=0.0226 | mom=0.9500 | T=4.8 k=3.0 (mu_rec=8 mu_bwd=4) | grad=4.094 | tok/s=14,553 | tokens=3.87B
step=118150 | loss=5.1389 | lr=3.00e-04 | wd=0.0226 | mom=0.9500 | T=7.2 k=4.0 (mu_rec=8 mu_bwd=4) | grad=2.344 | tok/s=13,962 | tokens=3.87B
step=118160 | loss=5.1243 | lr=3.00e-04 | wd=0.0226 | mom=0.9500 | T=4.0 k=3.2 (mu_rec=8 mu_bwd=4) | grad=3.297 | tok/s=14,412 | tokens=3.87B
step=118170 | loss=5.2561 | lr=3.00e-04 | wd=0.0226 | mom=0.9500 | T=8.8 k=4.0 (mu_rec=8 mu_bwd=4) | grad=5.688 | tok/s=14,761 | tokens=3.87B
step=118180 | loss=5.1175 | lr=3.00e-04 | wd=0.0225 | mom=0.9500 | T=5.0 k=3.2 (mu_rec=8 mu_bwd=4) | grad=4.781 | tok/s=15,158 | tokens=3.87B
step=118190 | loss=5.1110 | lr=3.00e-04 | wd=0.0225 | mom=0.9500 | T=12.2 k=4.0 (mu_rec=8 mu_bwd=4) | grad=4.188 | tok/s=14,249 | tokens=3.87B
step=118200 | loss=5.1445 | lr=3.00e-04 | wd=0.0225 | mom=0.9500 | T=5.0 k=3.5 (mu_rec=8 mu_bwd=4) | grad=2.500 | tok/s=13,863 | tokens=3.87B
step=118210 | loss=5.2488 | lr=3.00e-04 | wd=0.0225 | mom=0.9500 | T=8.5 k=4.0 (mu_rec=8 mu_bwd=4) | grad=7.344 | tok/s=16,244 | tokens=3.87B
step=118220 | loss=5.0852 | lr=3.00e-04 | wd=0.0225 | mom=0.9500 | T=8.0 k=4.0 (mu_rec=8 mu_bwd=4) | grad=5.812 | tok/s=14,380 | tokens=3.87B
step=118230 | loss=4.7628 | lr=3.00e-04 | wd=0.0225 | mom=0.9500 | T=7.2 k=3.0 (mu_rec=8 mu_bwd=4) | grad=3.922 | tok/s=14,352 | tokens=3.87B
step=118240 | loss=5.1837 | lr=3.00e-04 | wd=0.0225 | mom=0.9500 | T=9.5 k=4.0 (mu_rec=8 mu_bwd=4) | grad=6.438 | tok/s=14,561 | tokens=3.87B
step=118250 | loss=4.8904 | lr=3.00e-04 | wd=0.0225 | mom=0.9500 | T=7.2 k=3.8 (mu_rec=8 mu_bwd=4) | grad=2.297 | tok/s=13,989 | tokens=3.87B
step=118260 | loss=5.0494 | lr=3.00e-04 | wd=0.0225 | mom=0.9500 | T=8.0 k=3.8 (mu_rec=8 mu_bwd=4) | grad=4.281 | tok/s=14,551 | tokens=3.88B
step=118270 | loss=5.1519 | lr=3.00e-04 | wd=0.0225 | mom=0.9500 | T=5.8 k=3.8 (mu_rec=8 mu_bwd=4) | grad=12.062 | tok/s=13,861 | tokens=3.88B
step=118280 | loss=5.2368 | lr=3.00e-04 | wd=0.0225 | mom=0.9500 | T=9.8 k=4.0 (mu_rec=8 mu_bwd=4) | grad=4.531 | tok/s=13,771 | tokens=3.88B
step=118290 | loss=4.9078 | lr=3.00e-04 | wd=0.0225 | mom=0.9500 | T=6.8 k=3.5 (mu_rec=8 mu_bwd=4) | grad=2.172 | tok/s=14,186 | tokens=3.88B
step=118300 | loss=4.9514 | lr=3.00e-04 | wd=0.0225 | mom=0.9500 | T=9.0 k=4.0 (mu_rec=8 mu_bwd=4) | grad=2.578 | tok/s=14,115 | tokens=3.88B
step=118310 | loss=4.8223 | lr=3.00e-04 | wd=0.0225 | mom=0.9500 | T=8.5 k=4.0 (mu_rec=8 mu_bwd=4) | grad=2.328 | tok/s=14,941 | tokens=3.88B
step=118320 | loss=4.7488 | lr=3.00e-04 | wd=0.0225 | mom=0.9500 | T=7.0 k=4.0 (mu_rec=8 mu_bwd=4) | grad=2.609 | tok/s=14,233 | tokens=3.88B
step=118330 | loss=4.9973 | lr=3.00e-04 | wd=0.0224 | mom=0.9500 | T=10.0 k=4.0 (mu_rec=8 mu_bwd=4) | grad=2.531 | tok/s=14,966 | tokens=3.88B
step=118340 | loss=4.9936 | lr=3.00e-04 | wd=0.0224 | mom=0.9500 | T=5.8 k=4.0 (mu_rec=8 mu_bwd=4) | grad=2.266 | tok/s=14,666 | tokens=3.88B
step=118350 | loss=4.9494 | lr=3.00e-04 | wd=0.0224 | mom=0.9500 | T=8.0 k=3.2 (mu_rec=8 mu_bwd=4) | grad=2.453 | tok/s=14,059 | tokens=3.88B
step=118360 | loss=5.1889 | lr=3.00e-04 | wd=0.0224 | mom=0.9500 | T=6.5 k=3.8 (mu_rec=8 mu_bwd=4) | grad=2.922 | tok/s=13,937 | tokens=3.88B
step=118370 | loss=5.1697 | lr=3.00e-04 | wd=0.0224 | mom=0.9500 | T=7.0 k=3.8 (mu_rec=8 mu_bwd=4) | grad=5.000 | tok/s=15,669 | tokens=3.88B
step=118380 | loss=4.9795 | lr=3.00e-04 | wd=0.0224 | mom=0.9500 | T=3.8 k=3.2 (mu_rec=8 mu_bwd=4) | grad=2.688 | tok/s=14,661 | tokens=3.88B
step=118390 | loss=4.9579 | lr=3.00e-04 | wd=0.0224 | mom=0.9500 | T=8.0 k=3.5 (mu_rec=8 mu_bwd=4) | grad=2.969 | tok/s=14,282 | tokens=3.88B
step=118400 | loss=5.0303 | lr=3.00e-04 | wd=0.0224 | mom=0.9500 | T=4.8 k=2.8 (mu_rec=8 mu_bwd=4) | grad=2.156 | tok/s=14,425 | tokens=3.88B
step=118410 | loss=4.9914 | lr=3.00e-04 | wd=0.0224 | mom=0.9500 | T=4.0 k=3.5 (mu_rec=8 mu_bwd=4) | grad=3.141 | tok/s=13,470 | tokens=3.88B
step=118420 | loss=5.0163 | lr=3.00e-04 | wd=0.0224 | mom=0.9500 | T=5.0 k=3.2 (mu_rec=8 mu_bwd=4) | grad=6.094 | tok/s=14,494 | tokens=3.88B
step=118430 | loss=4.9118 | lr=3.00e-04 | wd=0.0224 | mom=0.9500 | T=8.5 k=4.0 (mu_rec=8 mu_bwd=4) | grad=2.250 | tok/s=13,907 | tokens=3.88B
step=118440 | loss=5.0368 | lr=3.00e-04 | wd=0.0224 | mom=0.9500 | T=10.5 k=4.0 (mu_rec=8 mu_bwd=4) | grad=2.766 | tok/s=13,841 | tokens=3.88B
step=118450 | loss=4.8462 | lr=3.00e-04 | wd=0.0224 | mom=0.9500 | T=5.2 k=3.8 (mu_rec=8 mu_bwd=4) | grad=4.219 | tok/s=12,673 | tokens=3.88B
step=118460 | loss=4.5293 | lr=3.00e-04 | wd=0.0224 | mom=0.9500 | T=5.0 k=4.0 (mu_rec=8 mu_bwd=4) | grad=3.688 | tok/s=14,645 | tokens=3.88B
step=118470 | loss=4.9433 | lr=3.00e-04 | wd=0.0224 | mom=0.9500 | T=6.5 k=4.0 (mu_rec=8 mu_bwd=4) | grad=2.922 | tok/s=13,849 | tokens=3.88B
step=118480 | loss=4.8745 | lr=3.00e-04 | wd=0.0224 | mom=0.9500 | T=6.5 k=3.5 (mu_rec=8 mu_bwd=4) | grad=3.156 | tok/s=15,029 | tokens=3.88B
step=118490 | loss=4.9324 | lr=3.00e-04 | wd=0.0223 | mom=0.9500 | T=11.0 k=4.0 (mu_rec=8 mu_bwd=4) | grad=2.016 | tok/s=12,787 | tokens=3.88B
step=118500 | loss=4.9710 | lr=3.00e-04 | wd=0.0223 | mom=0.9500 | T=5.0 k=3.2 (mu_rec=8 mu_bwd=4) | grad=2.547 | tok/s=13,797 | tokens=3.88B
step=118510 | loss=4.9924 | lr=3.00e-04 | wd=0.0223 | mom=0.9500 | T=7.5 k=4.0 (mu_rec=8 mu_bwd=4) | grad=7.094 | tok/s=14,092 | tokens=3.88B
step=118520 | loss=4.9597 | lr=3.00e-04 | wd=0.0223 | mom=0.9500 | T=14.0 k=4.0 (mu_rec=8 mu_bwd=4) | grad=2.797 | tok/s=14,306 | tokens=3.88B
step=118530 | loss=5.0284 | lr=3.00e-04 | wd=0.0223 | mom=0.9500 | T=5.5 k=3.8 (mu_rec=8 mu_bwd=4) | grad=3.609 | tok/s=13,424 | tokens=3.88B
step=118540 | loss=5.1813 | lr=3.00e-04 | wd=0.0223 | mom=0.9500 | T=7.2 k=4.0 (mu_rec=8 mu_bwd=4) | grad=1.953 | tok/s=13,649 | tokens=3.88B
step=118550 | loss=4.9632 | lr=3.00e-04 | wd=0.0223 | mom=0.9500 | T=3.0 k=2.8 (mu_rec=8 mu_bwd=4) | grad=3.219 | tok/s=15,194 | tokens=3.88B
step=118560 | loss=5.0815 | lr=3.00e-04 | wd=0.0223 | mom=0.9500 | T=8.2 k=4.0 (mu_rec=8 mu_bwd=4) | grad=2.172 | tok/s=14,979 | tokens=3.88B
step=118570 | loss=5.0077 | lr=3.00e-04 | wd=0.0223 | mom=0.9500 | T=11.0 k=4.0 (mu_rec=8 mu_bwd=4) | grad=7.031 | tok/s=13,268 | tokens=3.89B
step=118580 | loss=5.0163 | lr=3.00e-04 | wd=0.0223 | mom=0.9500 | T=6.8 k=4.0 (mu_rec=8 mu_bwd=4) | grad=3.000 | tok/s=14,495 | tokens=3.89B
step=118590 | loss=5.0293 | lr=3.00e-04 | wd=0.0223 | mom=0.9500 | T=6.5 k=4.0 (mu_rec=8 mu_bwd=4) | grad=5.531 | tok/s=14,792 | tokens=3.89B
step=118600 | loss=5.0344 | lr=3.00e-04 | wd=0.0223 | mom=0.9500 | T=8.8 k=4.0 (mu_rec=8 mu_bwd=4) | grad=2.766 | tok/s=13,243 | tokens=3.89B
step=118610 | loss=4.9874 | lr=3.00e-04 | wd=0.0223 | mom=0.9500 | T=7.8 k=4.0 (mu_rec=8 mu_bwd=4) | grad=2.094 | tok/s=14,802 | tokens=3.89B
step=118620 | loss=5.0297 | lr=3.00e-04 | wd=0.0223 | mom=0.9500 | T=14.2 k=3.5 (mu_rec=8 mu_bwd=4) | grad=2.453 | tok/s=13,418 | tokens=3.89B
step=118630 | loss=5.0538 | lr=3.00e-04 | wd=0.0223 | mom=0.9500 | T=8.0 k=4.0 (mu_rec=8 mu_bwd=4) | grad=2.312 | tok/s=14,960 | tokens=3.89B
step=118640 | loss=4.8553 | lr=3.00e-04 | wd=0.0222 | mom=0.9500 | T=5.0 k=3.0 (mu_rec=8 mu_bwd=4) | grad=2.812 | tok/s=13,415 | tokens=3.89B
step=118650 | loss=5.1045 | lr=3.00e-04 | wd=0.0222 | mom=0.9500 | T=5.5 k=3.5 (mu_rec=8 mu_bwd=4) | grad=6.594 | tok/s=14,825 | tokens=3.89B
step=118660 | loss=5.2269 | lr=3.00e-04 | wd=0.0222 | mom=0.9500 | T=6.5 k=3.2 (mu_rec=8 mu_bwd=4) | grad=2.234 | tok/s=15,368 | tokens=3.89B
step=118670 | loss=5.0441 | lr=3.00e-04 | wd=0.0222 | mom=0.9500 | T=8.0 k=4.0 (mu_rec=8 mu_bwd=4) | grad=4.781 | tok/s=14,311 | tokens=3.89B
step=118680 | loss=4.8625 | lr=3.00e-04 | wd=0.0222 | mom=0.9500 | T=12.2 k=4.0 (mu_rec=8 mu_bwd=4) | grad=2.562 | tok/s=14,378 | tokens=3.89B
step=118690 | loss=4.8484 | lr=3.00e-04 | wd=0.0222 | mom=0.9500 | T=9.8 k=3.8 (mu_rec=8 mu_bwd=4) | grad=4.969 | tok/s=14,553 | tokens=3.89B
step=118700 | loss=5.1511 | lr=3.00e-04 | wd=0.0222 | mom=0.9500 | T=8.8 k=3.2 (mu_rec=8 mu_bwd=4) | grad=2.969 | tok/s=14,792 | tokens=3.89B
step=118710 | loss=5.0235 | lr=3.00e-04 | wd=0.0222 | mom=0.9500 | T=7.2 k=3.8 (mu_rec=8 mu_bwd=4) | grad=2.250 | tok/s=14,746 | tokens=3.89B
step=118720 | loss=4.9477 | lr=3.00e-04 | wd=0.0222 | mom=0.9500 | T=5.8 k=3.2 (mu_rec=8 mu_bwd=4) | grad=5.062 | tok/s=13,076 | tokens=3.89B
step=118730 | loss=5.1389 | lr=3.00e-04 | wd=0.0222 | mom=0.9500 | T=6.0 k=3.8 (mu_rec=8 mu_bwd=4) | grad=3.594 | tok/s=14,786 | tokens=3.89B
step=118740 | loss=5.1952 | lr=3.00e-04 | wd=0.0222 | mom=0.9500 | T=6.5 k=4.0 (mu_rec=8 mu_bwd=4) | grad=2.891 | tok/s=13,900 | tokens=3.89B
step=118750 | loss=4.9639 | lr=3.00e-04 | wd=0.0222 | mom=0.9500 | T=8.0 k=4.0 (mu_rec=8 mu_bwd=4) | grad=4.031 | tok/s=13,848 | tokens=3.89B
step=118760 | loss=4.9144 | lr=3.00e-04 | wd=0.0222 | mom=0.9500 | T=8.5 k=4.0 (mu_rec=8 mu_bwd=4) | grad=2.578 | tok/s=6,580 | tokens=3.89B
step=118770 | loss=5.2125 | lr=3.00e-04 | wd=0.0222 | mom=0.9500 | T=7.2 k=4.0 (mu_rec=8 mu_bwd=4) | grad=4.031 | tok/s=13,893 | tokens=3.89B
step=118780 | loss=5.0388 | lr=3.00e-04 | wd=0.0222 | mom=0.9500 | T=9.8 k=4.0 (mu_rec=8 mu_bwd=4) | grad=3.328 | tok/s=12,891 | tokens=3.89B
step=118790 | loss=4.8141 | lr=3.00e-04 | wd=0.0221 | mom=0.9500 | T=7.2 k=3.5 (mu_rec=8 mu_bwd=4) | grad=3.359 | tok/s=14,189 | tokens=3.89B
step=118800 | loss=4.9451 | lr=3.00e-04 | wd=0.0221 | mom=0.9500 | T=9.0 k=4.0 (mu_rec=8 mu_bwd=4) | grad=2.734 | tok/s=15,008 | tokens=3.89B
step=118810 | loss=5.0546 | lr=3.00e-04 | wd=0.0221 | mom=0.9500 | T=9.0 k=3.8 (mu_rec=8 mu_bwd=4) | grad=2.000 | tok/s=13,622 | tokens=3.89B
step=118820 | loss=4.9649 | lr=3.00e-04 | wd=0.0221 | mom=0.9500 | T=9.2 k=3.8 (mu_rec=8 mu_bwd=4) | grad=3.531 | tok/s=15,085 | tokens=3.89B
step=118830 | loss=5.1422 | lr=3.00e-04 | wd=0.0221 | mom=0.9500 | T=9.5 k=4.0 (mu_rec=8 mu_bwd=4) | grad=2.016 | tok/s=6,317 | tokens=3.89B
step=118840 | loss=5.1080 | lr=3.00e-04 | wd=0.0221 | mom=0.9500 | T=9.0 k=4.0 (mu_rec=8 mu_bwd=4) | grad=1.922 | tok/s=14,009 | tokens=3.89B
step=118850 | loss=4.8646 | lr=3.00e-04 | wd=0.0221 | mom=0.9500 | T=4.2 k=3.2 (mu_rec=8 mu_bwd=4) | grad=2.375 | tok/s=14,198 | tokens=3.89B
step=118860 | loss=4.9758 | lr=3.00e-04 | wd=0.0221 | mom=0.9500 | T=9.0 k=4.0 (mu_rec=8 mu_bwd=4) | grad=3.109 | tok/s=14,491 | tokens=3.89B
step=118870 | loss=4.7533 | lr=3.00e-04 | wd=0.0221 | mom=0.9500 | T=5.8 k=2.8 (mu_rec=8 mu_bwd=4) | grad=2.406 | tok/s=14,092 | tokens=3.90B
step=118880 | loss=4.8812 | lr=3.00e-04 | wd=0.0221 | mom=0.9500 | T=8.8 k=3.2 (mu_rec=8 mu_bwd=4) | grad=2.312 | tok/s=14,407 | tokens=3.90B
step=118890 | loss=5.0669 | lr=3.00e-04 | wd=0.0221 | mom=0.9500 | T=9.5 k=4.0 (mu_rec=8 mu_bwd=4) | grad=2.438 | tok/s=13,730 | tokens=3.90B
step=118900 | loss=4.9166 | lr=3.00e-04 | wd=0.0221 | mom=0.9500 | T=10.2 k=4.0 (mu_rec=8 mu_bwd=4) | grad=1.883 | tok/s=13,729 | tokens=3.90B
step=118910 | loss=5.0917 | lr=3.00e-04 | wd=0.0221 | mom=0.9500 | T=4.2 k=3.5 (mu_rec=8 mu_bwd=4) | grad=2.641 | tok/s=14,109 | tokens=3.90B
step=118920 | loss=5.0206 | lr=3.00e-04 | wd=0.0221 | mom=0.9500 | T=6.2 k=4.0 (mu_rec=8 mu_bwd=4) | grad=2.547 | tok/s=13,153 | tokens=3.90B
step=118930 | loss=4.9461 | lr=3.00e-04 | wd=0.0221 | mom=0.9500 | T=6.2 k=3.5 (mu_rec=8 mu_bwd=4) | grad=2.172 | tok/s=15,668 | tokens=3.90B
step=118940 | loss=4.8068 | lr=3.00e-04 | wd=0.0221 | mom=0.9500 | T=6.8 k=3.8 (mu_rec=8 mu_bwd=4) | grad=2.172 | tok/s=13,822 | tokens=3.90B
step=118950 | loss=5.0610 | lr=3.00e-04 | wd=0.0220 | mom=0.9500 | T=7.2 k=3.8 (mu_rec=8 mu_bwd=4) | grad=1.930 | tok/s=13,992 | tokens=3.90B
step=118960 | loss=4.9635 | lr=3.00e-04 | wd=0.0220 | mom=0.9500 | T=3.5 k=3.0 (mu_rec=8 mu_bwd=4) | grad=6.406 | tok/s=15,208 | tokens=3.90B
step=118970 | loss=5.0198 | lr=3.00e-04 | wd=0.0220 | mom=0.9500 | T=8.2 k=3.2 (mu_rec=8 mu_bwd=4) | grad=3.234 | tok/s=14,662 | tokens=3.90B
step=118980 | loss=5.0575 | lr=3.00e-04 | wd=0.0220 | mom=0.9500 | T=7.5 k=3.2 (mu_rec=8 mu_bwd=4) | grad=2.062 | tok/s=14,234 | tokens=3.90B
step=118990 | loss=5.0922 | lr=3.00e-04 | wd=0.0220 | mom=0.9500 | T=7.0 k=3.8 (mu_rec=8 mu_bwd=4) | grad=2.062 | tok/s=15,119 | tokens=3.90B
step=119000 | loss=4.8526 | lr=3.00e-04 | wd=0.0220 | mom=0.9500 | T=5.8 k=4.0 (mu_rec=8 mu_bwd=4) | grad=3.359 | tok/s=12,887 | tokens=3.90B
step=119010 | loss=5.0024 | lr=3.00e-04 | wd=0.0220 | mom=0.9500 | T=6.5 k=4.0 (mu_rec=8 mu_bwd=4) | grad=2.188 | tok/s=14,367 | tokens=3.90B
step=119020 | loss=4.8895 | lr=3.00e-04 | wd=0.0220 | mom=0.9500 | T=4.2 k=2.8 (mu_rec=8 mu_bwd=4) | grad=2.047 | tok/s=14,115 | tokens=3.90B
step=119030 | loss=5.0653 | lr=3.00e-04 | wd=0.0220 | mom=0.9500 | T=8.2 k=3.0 (mu_rec=8 mu_bwd=4) | grad=3.344 | tok/s=13,904 | tokens=3.90B
step=119040 | loss=4.9943 | lr=3.00e-04 | wd=0.0220 | mom=0.9500 | T=8.2 k=3.5 (mu_rec=8 mu_bwd=4) | grad=4.469 | tok/s=15,256 | tokens=3.90B
step=119050 | loss=4.8912 | lr=3.00e-04 | wd=0.0220 | mom=0.9500 | T=13.0 k=3.8 (mu_rec=8 mu_bwd=4) | grad=2.250 | tok/s=14,341 | tokens=3.90B
step=119060 | loss=5.0093 | lr=3.00e-04 | wd=0.0220 | mom=0.9500 | T=8.5 k=4.0 (mu_rec=8 mu_bwd=4) | grad=2.688 | tok/s=14,264 | tokens=3.90B
step=119070 | loss=5.0056 | lr=3.00e-04 | wd=0.0220 | mom=0.9500 | T=9.0 k=4.0 (mu_rec=8 mu_bwd=4) | grad=2.594 | tok/s=13,874 | tokens=3.90B
step=119080 | loss=5.0885 | lr=3.00e-04 | wd=0.0220 | mom=0.9500 | T=8.2 k=4.0 (mu_rec=8 mu_bwd=4) | grad=2.078 | tok/s=14,727 | tokens=3.90B
step=119090 | loss=5.0402 | lr=3.00e-04 | wd=0.0220 | mom=0.9500 | T=5.2 k=3.8 (mu_rec=8 mu_bwd=4) | grad=7.938 | tok/s=13,011 | tokens=3.90B
step=119100 | loss=5.0353 | lr=3.00e-04 | wd=0.0219 | mom=0.9500 | T=6.5 k=3.5 (mu_rec=8 mu_bwd=4) | grad=8.688 | tok/s=13,474 | tokens=3.90B
step=119110 | loss=4.8681 | lr=3.00e-04 | wd=0.0219 | mom=0.9500 | T=6.0 k=3.5 (mu_rec=8 mu_bwd=4) | grad=3.766 | tok/s=14,169 | tokens=3.90B
step=119120 | loss=5.0126 | lr=3.00e-04 | wd=0.0219 | mom=0.9500 | T=12.2 k=4.0 (mu_rec=8 mu_bwd=4) | grad=3.062 | tok/s=12,803 | tokens=3.90B
step=119130 | loss=4.7996 | lr=3.00e-04 | wd=0.0219 | mom=0.9500 | T=8.8 k=3.2 (mu_rec=8 mu_bwd=4) | grad=2.859 | tok/s=14,542 | tokens=3.90B
step=119140 | loss=5.0059 | lr=3.00e-04 | wd=0.0219 | mom=0.9500 | T=6.2 k=4.0 (mu_rec=8 mu_bwd=4) | grad=4.000 | tok/s=13,685 | tokens=3.90B
step=119150 | loss=4.9814 | lr=3.00e-04 | wd=0.0219 | mom=0.9500 | T=4.8 k=3.8 (mu_rec=8 mu_bwd=4) | grad=4.625 | tok/s=14,627 | tokens=3.90B
step=119160 | loss=5.0618 | lr=3.00e-04 | wd=0.0219 | mom=0.9500 | T=6.5 k=2.8 (mu_rec=8 mu_bwd=4) | grad=4.750 | tok/s=14,458 | tokens=3.90B
step=119170 | loss=4.8926 | lr=3.00e-04 | wd=0.0219 | mom=0.9500 | T=11.0 k=4.0 (mu_rec=8 mu_bwd=4) | grad=2.484 | tok/s=14,024 | tokens=3.90B
step=119180 | loss=5.0842 | lr=3.00e-04 | wd=0.0219 | mom=0.9500 | T=5.5 k=3.2 (mu_rec=8 mu_bwd=4) | grad=4.656 | tok/s=13,110 | tokens=3.91B
step=119190 | loss=4.9839 | lr=3.00e-04 | wd=0.0219 | mom=0.9500 | T=7.0 k=3.2 (mu_rec=8 mu_bwd=4) | grad=2.172 | tok/s=14,768 | tokens=3.91B
step=119200 | loss=5.2037 | lr=3.00e-04 | wd=0.0219 | mom=0.9500 | T=5.2 k=3.5 (mu_rec=8 mu_bwd=4) | grad=2.375 | tok/s=14,170 | tokens=3.91B
step=119210 | loss=4.9862 | lr=3.00e-04 | wd=0.0219 | mom=0.9500 | T=12.2 k=4.0 (mu_rec=8 mu_bwd=4) | grad=2.156 | tok/s=12,612 | tokens=3.91B
step=119220 | loss=4.9933 | lr=3.00e-04 | wd=0.0219 | mom=0.9500 | T=12.0 k=3.2 (mu_rec=8 mu_bwd=4) | grad=3.125 | tok/s=15,708 | tokens=3.91B
step=119230 | loss=5.0792 | lr=3.00e-04 | wd=0.0219 | mom=0.9500 | T=6.0 k=3.5 (mu_rec=8 mu_bwd=4) | grad=15.375 | tok/s=13,995 | tokens=3.91B
step=119240 | loss=4.9833 | lr=3.00e-04 | wd=0.0219 | mom=0.9500 | T=7.2 k=4.0 (mu_rec=8 mu_bwd=4) | grad=2.969 | tok/s=14,273 | tokens=3.91B
step=119250 | loss=5.0167 | lr=3.00e-04 | wd=0.0218 | mom=0.9500 | T=4.2 k=3.5 (mu_rec=8 mu_bwd=4) | grad=3.938 | tok/s=13,795 | tokens=3.91B
step=119260 | loss=5.0024 | lr=3.00e-04 | wd=0.0218 | mom=0.9500 | T=9.0 k=4.0 (mu_rec=8 mu_bwd=4) | grad=2.781 | tok/s=13,248 | tokens=3.91B
step=119270 | loss=4.9514 | lr=3.00e-04 | wd=0.0218 | mom=0.9500 | T=6.2 k=4.0 (mu_rec=8 mu_bwd=4) | grad=2.984 | tok/s=14,758 | tokens=3.91B
step=119280 | loss=5.0444 | lr=3.00e-04 | wd=0.0218 | mom=0.9500 | T=8.8 k=4.0 (mu_rec=8 mu_bwd=4) | grad=1.969 | tok/s=13,279 | tokens=3.91B
step=119290 | loss=5.0613 | lr=3.00e-04 | wd=0.0218 | mom=0.9500 | T=8.8 k=4.0 (mu_rec=8 mu_bwd=4) | grad=2.391 | tok/s=13,837 | tokens=3.91B
step=119300 | loss=4.8644 | lr=3.00e-04 | wd=0.0218 | mom=0.9500 | T=7.2 k=3.5 (mu_rec=8 mu_bwd=4) | grad=4.000 | tok/s=13,089 | tokens=3.91B
step=119310 | loss=4.9553 | lr=3.00e-04 | wd=0.0218 | mom=0.9500 | T=7.2 k=3.5 (mu_rec=8 mu_bwd=4) | grad=1.938 | tok/s=14,852 | tokens=3.91B
step=119320 | loss=4.9771 | lr=3.00e-04 | wd=0.0218 | mom=0.9500 | T=6.0 k=3.8 (mu_rec=8 mu_bwd=4) | grad=3.656 | tok/s=13,893 | tokens=3.91B
step=119330 | loss=4.9379 | lr=3.00e-04 | wd=0.0218 | mom=0.9500 | T=7.8 k=4.0 (mu_rec=8 mu_bwd=4) | grad=6.156 | tok/s=15,974 | tokens=3.91B
step=119340 | loss=4.9567 | lr=3.00e-04 | wd=0.0218 | mom=0.9500 | T=5.0 k=3.0 (mu_rec=8 mu_bwd=4) | grad=3.094 | tok/s=13,719 | tokens=3.91B
step=119350 | loss=5.0477 | lr=3.00e-04 | wd=0.0218 | mom=0.9500 | T=5.2 k=3.2 (mu_rec=8 mu_bwd=4) | grad=2.531 | tok/s=13,867 | tokens=3.91B
step=119360 | loss=4.9873 | lr=3.00e-04 | wd=0.0218 | mom=0.9500 | T=7.0 k=3.8 (mu_rec=8 mu_bwd=4) | grad=2.781 | tok/s=14,520 | tokens=3.91B
step=119370 | loss=4.9822 | lr=3.00e-04 | wd=0.0218 | mom=0.9500 | T=11.2 k=4.0 (mu_rec=8 mu_bwd=4) | grad=4.188 | tok/s=13,701 | tokens=3.91B
step=119380 | loss=4.9311 | lr=3.00e-04 | wd=0.0218 | mom=0.9500 | T=17.5 k=4.0 (mu_rec=8 mu_bwd=4) | grad=2.422 | tok/s=12,758 | tokens=3.91B
step=119390 | loss=4.9018 | lr=3.00e-04 | wd=0.0218 | mom=0.9500 | T=11.8 k=4.0 (mu_rec=8 mu_bwd=4) | grad=2.219 | tok/s=14,644 | tokens=3.91B
step=119400 | loss=4.7722 | lr=3.00e-04 | wd=0.0217 | mom=0.9500 | T=8.5 k=4.0 (mu_rec=8 mu_bwd=4) | grad=3.750 | tok/s=15,316 | tokens=3.91B
step=119410 | loss=5.0442 | lr=3.00e-04 | wd=0.0217 | mom=0.9500 | T=9.5 k=4.0 (mu_rec=8 mu_bwd=4) | grad=3.172 | tok/s=13,148 | tokens=3.91B
step=119420 | loss=4.8659 | lr=3.00e-04 | wd=0.0217 | mom=0.9500 | T=6.0 k=3.8 (mu_rec=8 mu_bwd=4) | grad=2.703 | tok/s=15,103 | tokens=3.91B
step=119430 | loss=4.8753 | lr=3.00e-04 | wd=0.0217 | mom=0.9500 | T=10.8 k=4.0 (mu_rec=8 mu_bwd=4) | grad=2.578 | tok/s=12,723 | tokens=3.91B
step=119440 | loss=5.0284 | lr=3.00e-04 | wd=0.0217 | mom=0.9500 | T=9.5 k=4.0 (mu_rec=8 mu_bwd=4) | grad=2.172 | tok/s=12,853 | tokens=3.91B
step=119450 | loss=5.0886 | lr=3.00e-04 | wd=0.0217 | mom=0.9500 | T=8.2 k=4.0 (mu_rec=8 mu_bwd=4) | grad=2.312 | tok/s=13,515 | tokens=3.91B
step=119460 | loss=5.1976 | lr=3.00e-04 | wd=0.0217 | mom=0.9500 | T=6.5 k=3.5 (mu_rec=8 mu_bwd=4) | grad=4.969 | tok/s=14,040 | tokens=3.91B
step=119470 | loss=5.3705 | lr=3.00e-04 | wd=0.0217 | mom=0.9500 | T=5.5 k=3.2 (mu_rec=8 mu_bwd=4) | grad=3.812 | tok/s=15,944 | tokens=3.91B
step=119480 | loss=4.9826 | lr=3.00e-04 | wd=0.0217 | mom=0.9500 | T=5.8 k=3.5 (mu_rec=8 mu_bwd=4) | grad=2.922 | tok/s=16,372 | tokens=3.92B
step=119490 | loss=5.0204 | lr=3.00e-04 | wd=0.0217 | mom=0.9500 | T=5.2 k=3.5 (mu_rec=8 mu_bwd=4) | grad=5.875 | tok/s=15,450 | tokens=3.92B
step=119500 | loss=4.8918 | lr=3.00e-04 | wd=0.0217 | mom=0.9500 | T=8.2 k=4.0 (mu_rec=8 mu_bwd=4) | grad=2.062 | tok/s=13,939 | tokens=3.92B
step=119510 | loss=4.9168 | lr=3.00e-04 | wd=0.0217 | mom=0.9500 | T=11.2 k=3.8 (mu_rec=8 mu_bwd=4) | grad=2.188 | tok/s=13,853 | tokens=3.92B
step=119520 | loss=5.1083 | lr=3.00e-04 | wd=0.0217 | mom=0.9500 | T=11.0 k=4.0 (mu_rec=8 mu_bwd=4) | grad=2.812 | tok/s=14,136 | tokens=3.92B
step=119530 | loss=4.9120 | lr=3.00e-04 | wd=0.0217 | mom=0.9500 | T=4.8 k=4.0 (mu_rec=8 mu_bwd=4) | grad=3.391 | tok/s=14,466 | tokens=3.92B
step=119540 | loss=5.0375 | lr=3.00e-04 | wd=0.0217 | mom=0.9500 | T=2.0 k=2.0 (mu_rec=8 mu_bwd=4) | grad=4.688 | tok/s=13,987 | tokens=3.92B
step=119550 | loss=4.9851 | lr=3.00e-04 | wd=0.0217 | mom=0.9500 | T=7.5 k=4.0 (mu_rec=8 mu_bwd=4) | grad=14.625 | tok/s=6,280 | tokens=3.92B
step=119560 | loss=5.1192 | lr=3.00e-04 | wd=0.0216 | mom=0.9500 | T=12.8 k=4.0 (mu_rec=8 mu_bwd=4) | grad=2.062 | tok/s=14,609 | tokens=3.92B
step=119570 | loss=4.8811 | lr=3.00e-04 | wd=0.0216 | mom=0.9500 | T=8.2 k=4.0 (mu_rec=8 mu_bwd=4) | grad=2.469 | tok/s=14,248 | tokens=3.92B
step=119580 | loss=4.9592 | lr=3.00e-04 | wd=0.0216 | mom=0.9500 | T=4.8 k=3.2 (mu_rec=8 mu_bwd=4) | grad=2.094 | tok/s=15,151 | tokens=3.92B
step=119590 | loss=5.1684 | lr=3.00e-04 | wd=0.0216 | mom=0.9500 | T=4.8 k=3.2 (mu_rec=8 mu_bwd=4) | grad=2.625 | tok/s=13,279 | tokens=3.92B
step=119600 | loss=5.0170 | lr=3.00e-04 | wd=0.0216 | mom=0.9500 | T=7.0 k=3.5 (mu_rec=8 mu_bwd=4) | grad=2.672 | tok/s=13,580 | tokens=3.92B
step=119610 | loss=5.1072 | lr=3.00e-04 | wd=0.0216 | mom=0.9500 | T=8.8 k=3.8 (mu_rec=8 mu_bwd=4) | grad=3.031 | tok/s=15,423 | tokens=3.92B
step=119620 | loss=5.0570 | lr=3.00e-04 | wd=0.0216 | mom=0.9500 | T=9.2 k=3.8 (mu_rec=8 mu_bwd=4) | grad=2.438 | tok/s=14,696 | tokens=3.92B
step=119630 | loss=5.0904 | lr=3.00e-04 | wd=0.0216 | mom=0.9500 | T=8.2 k=4.0 (mu_rec=8 mu_bwd=4) | grad=2.969 | tok/s=12,901 | tokens=3.92B
step=119640 | loss=4.9424 | lr=3.00e-04 | wd=0.0216 | mom=0.9500 | T=7.2 k=3.8 (mu_rec=8 mu_bwd=4) | grad=3.547 | tok/s=15,064 | tokens=3.92B
step=119650 | loss=4.9662 | lr=3.00e-04 | wd=0.0216 | mom=0.9500 | T=7.5 k=4.0 (mu_rec=8 mu_bwd=4) | grad=2.234 | tok/s=13,772 | tokens=3.92B
step=119660 | loss=5.0446 | lr=3.00e-04 | wd=0.0216 | mom=0.9500 | T=8.8 k=4.0 (mu_rec=8 mu_bwd=4) | grad=7.156 | tok/s=13,748 | tokens=3.92B
step=119670 | loss=4.9182 | lr=3.00e-04 | wd=0.0216 | mom=0.9500 | T=5.8 k=3.0 (mu_rec=8 mu_bwd=4) | grad=2.406 | tok/s=14,264 | tokens=3.92B
step=119680 | loss=4.9730 | lr=3.00e-04 | wd=0.0216 | mom=0.9500 | T=6.2 k=3.5 (mu_rec=8 mu_bwd=4) | grad=1.836 | tok/s=13,635 | tokens=3.92B
step=119690 | loss=4.9502 | lr=3.00e-04 | wd=0.0216 | mom=0.9500 | T=8.2 k=3.8 (mu_rec=8 mu_bwd=4) | grad=4.688 | tok/s=6,292 | tokens=3.92B
step=119700 | loss=5.0611 | lr=3.00e-04 | wd=0.0216 | mom=0.9500 | T=7.8 k=4.0 (mu_rec=8 mu_bwd=4) | grad=5.625 | tok/s=14,598 | tokens=3.92B
step=119710 | loss=5.2388 | lr=3.00e-04 | wd=0.0215 | mom=0.9500 | T=8.0 k=4.0 (mu_rec=8 mu_bwd=4) | grad=3.078 | tok/s=14,434 | tokens=3.92B
step=119720 | loss=5.0812 | lr=3.00e-04 | wd=0.0215 | mom=0.9500 | T=8.2 k=3.8 (mu_rec=8 mu_bwd=4) | grad=2.609 | tok/s=14,274 | tokens=3.92B
step=119730 | loss=5.0008 | lr=3.00e-04 | wd=0.0215 | mom=0.9500 | T=7.0 k=3.5 (mu_rec=8 mu_bwd=4) | grad=3.219 | tok/s=14,618 | tokens=3.92B
step=119740 | loss=4.9413 | lr=3.00e-04 | wd=0.0215 | mom=0.9500 | T=8.0 k=3.8 (mu_rec=8 mu_bwd=4) | grad=3.656 | tok/s=14,392 | tokens=3.92B
step=119750 | loss=5.1423 | lr=3.00e-04 | wd=0.0215 | mom=0.9500 | T=6.2 k=4.0 (mu_rec=8 mu_bwd=4) | grad=2.453 | tok/s=11,844 | tokens=3.92B
step=119760 | loss=4.8589 | lr=3.00e-04 | wd=0.0215 | mom=0.9500 | T=10.2 k=4.0 (mu_rec=8 mu_bwd=4) | grad=2.234 | tok/s=12,805 | tokens=3.92B
step=119770 | loss=5.2272 | lr=3.00e-04 | wd=0.0215 | mom=0.9500 | T=8.2 k=3.5 (mu_rec=8 mu_bwd=4) | grad=5.031 | tok/s=14,674 | tokens=3.92B
step=119780 | loss=5.1142 | lr=3.00e-04 | wd=0.0215 | mom=0.9500 | T=7.0 k=4.0 (mu_rec=8 mu_bwd=4) | grad=2.859 | tok/s=14,192 | tokens=3.92B
step=119790 | loss=4.9502 | lr=3.00e-04 | wd=0.0215 | mom=0.9500 | T=5.5 k=3.8 (mu_rec=8 mu_bwd=4) | grad=2.375 | tok/s=15,125 | tokens=3.93B
step=119800 | loss=4.8347 | lr=3.00e-04 | wd=0.0215 | mom=0.9500 | T=4.5 k=3.5 (mu_rec=8 mu_bwd=4) | grad=2.422 | tok/s=14,869 | tokens=3.93B
step=119810 | loss=4.8955 | lr=3.00e-04 | wd=0.0215 | mom=0.9500 | T=11.0 k=3.8 (mu_rec=8 mu_bwd=4) | grad=5.812 | tok/s=13,978 | tokens=3.93B
step=119820 | loss=5.0634 | lr=3.00e-04 | wd=0.0215 | mom=0.9500 | T=5.2 k=3.2 (mu_rec=8 mu_bwd=4) | grad=1.891 | tok/s=13,925 | tokens=3.93B
step=119830 | loss=5.0074 | lr=3.00e-04 | wd=0.0215 | mom=0.9500 | T=9.8 k=4.0 (mu_rec=8 mu_bwd=4) | grad=2.484 | tok/s=15,168 | tokens=3.93B
step=119840 | loss=4.8496 | lr=3.00e-04 | wd=0.0215 | mom=0.9500 | T=10.8 k=4.0 (mu_rec=8 mu_bwd=4) | grad=3.547 | tok/s=13,424 | tokens=3.93B
step=119850 | loss=4.7658 | lr=3.00e-04 | wd=0.0215 | mom=0.9500 | T=4.5 k=4.0 (mu_rec=8 mu_bwd=4) | grad=3.094 | tok/s=14,440 | tokens=3.93B
step=119860 | loss=4.9808 | lr=3.00e-04 | wd=0.0214 | mom=0.9500 | T=8.2 k=3.8 (mu_rec=8 mu_bwd=4) | grad=4.062 | tok/s=14,141 | tokens=3.93B
step=119870 | loss=4.9127 | lr=3.00e-04 | wd=0.0214 | mom=0.9500 | T=8.5 k=4.0 (mu_rec=8 mu_bwd=4) | grad=2.031 | tok/s=13,863 | tokens=3.93B
step=119880 | loss=4.9811 | lr=3.00e-04 | wd=0.0214 | mom=0.9500 | T=6.5 k=3.5 (mu_rec=8 mu_bwd=4) | grad=2.422 | tok/s=14,283 | tokens=3.93B
step=119890 | loss=4.9617 | lr=3.00e-04 | wd=0.0214 | mom=0.9500 | T=7.2 k=4.0 (mu_rec=8 mu_bwd=4) | grad=6.156 | tok/s=15,009 | tokens=3.93B
step=119900 | loss=4.9119 | lr=3.00e-04 | wd=0.0214 | mom=0.9500 | T=9.0 k=4.0 (mu_rec=8 mu_bwd=4) | grad=1.898 | tok/s=14,334 | tokens=3.93B
step=119910 | loss=4.8008 | lr=3.00e-04 | wd=0.0214 | mom=0.9500 | T=9.0 k=4.0 (mu_rec=8 mu_bwd=4) | grad=5.875 | tok/s=14,377 | tokens=3.93B
step=119920 | loss=5.0706 | lr=3.00e-04 | wd=0.0214 | mom=0.9500 | T=10.0 k=3.8 (mu_rec=8 mu_bwd=4) | grad=2.562 | tok/s=14,144 | tokens=3.93B
step=119930 | loss=4.8727 | lr=3.00e-04 | wd=0.0214 | mom=0.9500 | T=6.5 k=4.0 (mu_rec=8 mu_bwd=4) | grad=2.969 | tok/s=13,375 | tokens=3.93B
step=119940 | loss=5.1307 | lr=3.00e-04 | wd=0.0214 | mom=0.9500 | T=5.5 k=3.0 (mu_rec=8 mu_bwd=4) | grad=3.203 | tok/s=13,132 | tokens=3.93B
step=119950 | loss=5.1782 | lr=3.00e-04 | wd=0.0214 | mom=0.9500 | T=17.2 k=4.0 (mu_rec=8 mu_bwd=4) | grad=2.172 | tok/s=13,967 | tokens=3.93B
step=119960 | loss=4.9908 | lr=3.00e-04 | wd=0.0214 | mom=0.9500 | T=11.8 k=4.0 (mu_rec=8 mu_bwd=4) | grad=2.141 | tok/s=13,699 | tokens=3.93B
step=119970 | loss=4.8524 | lr=3.00e-04 | wd=0.0214 | mom=0.9500 | T=11.8 k=4.0 (mu_rec=8 mu_bwd=4) | grad=2.641 | tok/s=14,249 | tokens=3.93B
step=119980 | loss=4.9456 | lr=3.00e-04 | wd=0.0214 | mom=0.9500 | T=4.2 k=3.0 (mu_rec=8 mu_bwd=4) | grad=2.578 | tok/s=14,753 | tokens=3.93B
step=119990 | loss=5.1003 | lr=3.00e-04 | wd=0.0214 | mom=0.9500 | T=8.0 k=4.0 (mu_rec=8 mu_bwd=4) | grad=2.875 | tok/s=13,046 | tokens=3.93B
step=120000 | loss=5.0054 | lr=3.00e-04 | wd=0.0214 | mom=0.9500 | T=12.0 k=4.0 (mu_rec=8 mu_bwd=4) | grad=2.578 | tok/s=13,407 | tokens=3.93B
[step 120000] Saved -> runs/ccot-5b/checkpoint_0120000
[step 120000] Pruned -> runs/ccot-5b/checkpoint_0114438
step=120010 | loss=5.0647 | lr=3.00e-04 | wd=0.0213 | mom=0.9500 | T=5.2 k=3.2 (mu_rec=8 mu_bwd=4) | grad=2.219 | tok/s=13,795 | tokens=3.93B
step=120020 | loss=4.9255 | lr=3.00e-04 | wd=0.0213 | mom=0.9500 | T=9.2 k=4.0 (mu_rec=8 mu_bwd=4) | grad=3.219 | tok/s=14,035 | tokens=3.93B
step=120030 | loss=5.1107 | lr=3.00e-04 | wd=0.0213 | mom=0.9500 | T=8.0 k=3.5 (mu_rec=8 mu_bwd=4) | grad=1.797 | tok/s=13,857 | tokens=3.93B
step=120040 | loss=5.1568 | lr=3.00e-04 | wd=0.0213 | mom=0.9500 | T=8.2 k=3.8 (mu_rec=8 mu_bwd=4) | grad=5.469 | tok/s=13,054 | tokens=3.93B
step=120050 | loss=5.0569 | lr=3.00e-04 | wd=0.0213 | mom=0.9500 | T=6.2 k=4.0 (mu_rec=8 mu_bwd=4) | grad=2.734 | tok/s=14,228 | tokens=3.93B
step=120060 | loss=5.0701 | lr=3.00e-04 | wd=0.0213 | mom=0.9500 | T=7.0 k=4.0 (mu_rec=8 mu_bwd=4) | grad=2.594 | tok/s=15,389 | tokens=3.93B
step=120070 | loss=4.9650 | lr=3.00e-04 | wd=0.0213 | mom=0.9500 | T=4.0 k=3.2 (mu_rec=8 mu_bwd=4) | grad=3.312 | tok/s=15,345 | tokens=3.93B
step=120080 | loss=5.0073 | lr=3.00e-04 | wd=0.0213 | mom=0.9500 | T=4.5 k=3.2 (mu_rec=8 mu_bwd=4) | grad=2.578 | tok/s=15,323 | tokens=3.93B
step=120090 | loss=4.8903 | lr=3.00e-04 | wd=0.0213 | mom=0.9500 | T=6.8 k=4.0 (mu_rec=8 mu_bwd=4) | grad=2.016 | tok/s=13,771 | tokens=3.94B
step=120100 | loss=4.7915 | lr=3.00e-04 | wd=0.0213 | mom=0.9500 | T=2.5 k=2.5 (mu_rec=8 mu_bwd=4) | grad=3.000 | tok/s=15,465 | tokens=3.94B
step=120110 | loss=5.0581 | lr=3.00e-04 | wd=0.0213 | mom=0.9500 | T=3.8 k=2.8 (mu_rec=8 mu_bwd=4) | grad=2.656 | tok/s=15,516 | tokens=3.94B
step=120120 | loss=5.0956 | lr=3.00e-04 | wd=0.0213 | mom=0.9500 | T=8.5 k=4.0 (mu_rec=8 mu_bwd=4) | grad=2.766 | tok/s=13,671 | tokens=3.94B
step=120130 | loss=4.9994 | lr=3.00e-04 | wd=0.0213 | mom=0.9500 | T=6.5 k=3.8 (mu_rec=8 mu_bwd=4) | grad=4.969 | tok/s=13,850 | tokens=3.94B
step=120140 | loss=5.3522 | lr=3.00e-04 | wd=0.0213 | mom=0.9500 | T=6.5 k=3.5 (mu_rec=8 mu_bwd=4) | grad=3.609 | tok/s=13,739 | tokens=3.94B
step=120150 | loss=5.2501 | lr=3.00e-04 | wd=0.0213 | mom=0.9500 | T=11.2 k=4.0 (mu_rec=8 mu_bwd=4) | grad=2.719 | tok/s=14,042 | tokens=3.94B
step=120160 | loss=5.0682 | lr=3.00e-04 | wd=0.0213 | mom=0.9500 | T=7.0 k=4.0 (mu_rec=8 mu_bwd=4) | grad=2.828 | tok/s=14,170 | tokens=3.94B
step=120170 | loss=4.8746 | lr=3.00e-04 | wd=0.0212 | mom=0.9500 | T=6.5 k=3.8 (mu_rec=8 mu_bwd=4) | grad=7.500 | tok/s=14,751 | tokens=3.94B
step=120180 | loss=4.9379 | lr=3.00e-04 | wd=0.0212 | mom=0.9500 | T=9.8 k=4.0 (mu_rec=8 mu_bwd=4) | grad=1.953 | tok/s=14,208 | tokens=3.94B
step=120190 | loss=5.0055 | lr=3.00e-04 | wd=0.0212 | mom=0.9500 | T=4.8 k=3.2 (mu_rec=8 mu_bwd=4) | grad=3.156 | tok/s=13,933 | tokens=3.94B
step=120200 | loss=5.0345 | lr=3.00e-04 | wd=0.0212 | mom=0.9500 | T=6.0 k=2.8 (mu_rec=8 mu_bwd=4) | grad=2.875 | tok/s=14,926 | tokens=3.94B
step=120210 | loss=4.8699 | lr=3.00e-04 | wd=0.0212 | mom=0.9500 | T=10.8 k=4.0 (mu_rec=8 mu_bwd=4) | grad=4.500 | tok/s=13,956 | tokens=3.94B
step=120220 | loss=5.0827 | lr=3.00e-04 | wd=0.0212 | mom=0.9500 | T=10.5 k=4.0 (mu_rec=8 mu_bwd=4) | grad=1.898 | tok/s=13,371 | tokens=3.94B
step=120230 | loss=4.9800 | lr=3.00e-04 | wd=0.0212 | mom=0.9500 | T=8.0 k=4.0 (mu_rec=8 mu_bwd=4) | grad=2.297 | tok/s=13,578 | tokens=3.94B
step=120240 | loss=5.0785 | lr=3.00e-04 | wd=0.0212 | mom=0.9500 | T=5.5 k=3.0 (mu_rec=8 mu_bwd=4) | grad=2.188 | tok/s=15,380 | tokens=3.94B
step=120250 | loss=4.9440 | lr=3.00e-04 | wd=0.0212 | mom=0.9500 | T=5.5 k=4.0 (mu_rec=8 mu_bwd=4) | grad=2.781 | tok/s=13,857 | tokens=3.94B
step=120260 | loss=5.1846 | lr=3.00e-04 | wd=0.0212 | mom=0.9500 | T=7.0 k=3.2 (mu_rec=8 mu_bwd=4) | grad=4.656 | tok/s=15,758 | tokens=3.94B
step=120270 | loss=5.0001 | lr=3.00e-04 | wd=0.0212 | mom=0.9500 | T=5.8 k=3.5 (mu_rec=8 mu_bwd=4) | grad=3.078 | tok/s=14,958 | tokens=3.94B
step=120280 | loss=4.8532 | lr=3.00e-04 | wd=0.0212 | mom=0.9500 | T=4.8 k=3.2 (mu_rec=8 mu_bwd=4) | grad=2.562 | tok/s=14,817 | tokens=3.94B
step=120290 | loss=4.9311 | lr=3.00e-04 | wd=0.0212 | mom=0.9500 | T=8.8 k=4.0 (mu_rec=8 mu_bwd=4) | grad=3.188 | tok/s=14,746 | tokens=3.94B
step=120300 | loss=5.0509 | lr=3.00e-04 | wd=0.0212 | mom=0.9500 | T=6.0 k=3.2 (mu_rec=8 mu_bwd=4) | grad=3.672 | tok/s=12,907 | tokens=3.94B
step=120310 | loss=4.9769 | lr=3.00e-04 | wd=0.0212 | mom=0.9500 | T=9.8 k=4.0 (mu_rec=8 mu_bwd=4) | grad=2.188 | tok/s=14,255 | tokens=3.94B
step=120320 | loss=5.1229 | lr=3.00e-04 | wd=0.0211 | mom=0.9500 | T=12.8 k=4.0 (mu_rec=8 mu_bwd=4) | grad=3.250 | tok/s=13,347 | tokens=3.94B
step=120330 | loss=5.2999 | lr=3.00e-04 | wd=0.0211 | mom=0.9500 | T=5.2 k=4.0 (mu_rec=8 mu_bwd=4) | grad=3.156 | tok/s=14,574 | tokens=3.94B
step=120340 | loss=5.1413 | lr=3.00e-04 | wd=0.0211 | mom=0.9500 | T=10.8 k=4.0 (mu_rec=8 mu_bwd=4) | grad=5.281 | tok/s=13,377 | tokens=3.94B
step=120350 | loss=5.2885 | lr=3.00e-04 | wd=0.0211 | mom=0.9500 | T=3.5 k=3.5 (mu_rec=8 mu_bwd=4) | grad=3.047 | tok/s=16,272 | tokens=3.94B
step=120360 | loss=5.0882 | lr=3.00e-04 | wd=0.0211 | mom=0.9500 | T=9.5 k=3.2 (mu_rec=8 mu_bwd=4) | grad=2.953 | tok/s=13,877 | tokens=3.94B
step=120370 | loss=5.0392 | lr=3.00e-04 | wd=0.0211 | mom=0.9500 | T=5.0 k=3.5 (mu_rec=8 mu_bwd=4) | grad=3.203 | tok/s=14,159 | tokens=3.94B
step=120380 | loss=5.0105 | lr=3.00e-04 | wd=0.0211 | mom=0.9500 | T=8.5 k=4.0 (mu_rec=8 mu_bwd=4) | grad=2.266 | tok/s=13,792 | tokens=3.94B
step=120390 | loss=5.2053 | lr=3.00e-04 | wd=0.0211 | mom=0.9500 | T=10.0 k=3.2 (mu_rec=8 mu_bwd=4) | grad=3.391 | tok/s=5,735 | tokens=3.94B
step=120400 | loss=5.0829 | lr=3.00e-04 | wd=0.0211 | mom=0.9500 | T=11.2 k=4.0 (mu_rec=8 mu_bwd=4) | grad=3.734 | tok/s=14,079 | tokens=3.95B
step=120410 | loss=5.0324 | lr=3.00e-04 | wd=0.0211 | mom=0.9500 | T=6.5 k=3.2 (mu_rec=8 mu_bwd=4) | grad=2.844 | tok/s=16,239 | tokens=3.95B
step=120420 | loss=5.0974 | lr=3.00e-04 | wd=0.0211 | mom=0.9500 | T=10.5 k=3.5 (mu_rec=8 mu_bwd=4) | grad=3.453 | tok/s=14,754 | tokens=3.95B
step=120430 | loss=5.0192 | lr=3.00e-04 | wd=0.0211 | mom=0.9500 | T=10.0 k=4.0 (mu_rec=8 mu_bwd=4) | grad=2.578 | tok/s=13,754 | tokens=3.95B
step=120440 | loss=4.8644 | lr=3.00e-04 | wd=0.0211 | mom=0.9500 | T=7.5 k=3.5 (mu_rec=8 mu_bwd=4) | grad=3.375 | tok/s=15,084 | tokens=3.95B
step=120450 | loss=5.1847 | lr=3.00e-04 | wd=0.0211 | mom=0.9500 | T=8.5 k=4.0 (mu_rec=8 mu_bwd=4) | grad=3.016 | tok/s=14,388 | tokens=3.95B
step=120460 | loss=4.9889 | lr=3.00e-04 | wd=0.0211 | mom=0.9500 | T=8.8 k=4.0 (mu_rec=8 mu_bwd=4) | grad=1.695 | tok/s=13,153 | tokens=3.95B
step=120470 | loss=5.1800 | lr=3.00e-04 | wd=0.0210 | mom=0.9500 | T=6.5 k=3.8 (mu_rec=8 mu_bwd=4) | grad=2.594 | tok/s=14,275 | tokens=3.95B
step=120480 | loss=4.9879 | lr=3.00e-04 | wd=0.0210 | mom=0.9500 | T=5.2 k=4.0 (mu_rec=8 mu_bwd=4) | grad=3.250 | tok/s=14,878 | tokens=3.95B
step=120490 | loss=4.9439 | lr=3.00e-04 | wd=0.0210 | mom=0.9500 | T=7.8 k=4.0 (mu_rec=8 mu_bwd=4) | grad=4.969 | tok/s=14,111 | tokens=3.95B
step=120500 | loss=5.2211 | lr=3.00e-04 | wd=0.0210 | mom=0.9500 | T=10.5 k=4.0 (mu_rec=8 mu_bwd=4) | grad=2.922 | tok/s=13,736 | tokens=3.95B
step=120510 | loss=5.0323 | lr=3.00e-04 | wd=0.0210 | mom=0.9500 | T=8.5 k=4.0 (mu_rec=8 mu_bwd=4) | grad=2.312 | tok/s=13,896 | tokens=3.95B
step=120520 | loss=4.9371 | lr=3.00e-04 | wd=0.0210 | mom=0.9500 | T=8.5 k=4.0 (mu_rec=8 mu_bwd=4) | grad=3.625 | tok/s=14,828 | tokens=3.95B
step=120530 | loss=4.9540 | lr=3.00e-04 | wd=0.0210 | mom=0.9500 | T=12.8 k=3.5 (mu_rec=8 mu_bwd=4) | grad=2.391 | tok/s=15,289 | tokens=3.95B
step=120540 | loss=5.0933 | lr=3.00e-04 | wd=0.0210 | mom=0.9500 | T=8.2 k=4.0 (mu_rec=8 mu_bwd=4) | grad=3.156 | tok/s=14,192 | tokens=3.95B
step=120550 | loss=4.8009 | lr=3.00e-04 | wd=0.0210 | mom=0.9500 | T=13.2 k=4.0 (mu_rec=8 mu_bwd=4) | grad=5.188 | tok/s=13,032 | tokens=3.95B
step=120560 | loss=5.0648 | lr=3.00e-04 | wd=0.0210 | mom=0.9500 | T=7.8 k=3.8 (mu_rec=8 mu_bwd=4) | grad=2.547 | tok/s=13,726 | tokens=3.95B
step=120570 | loss=4.7964 | lr=3.00e-04 | wd=0.0210 | mom=0.9500 | T=8.5 k=3.8 (mu_rec=8 mu_bwd=4) | grad=2.078 | tok/s=14,989 | tokens=3.95B
step=120580 | loss=4.9854 | lr=3.00e-04 | wd=0.0210 | mom=0.9500 | T=10.0 k=4.0 (mu_rec=8 mu_bwd=4) | grad=2.969 | tok/s=14,799 | tokens=3.95B
step=120590 | loss=4.9108 | lr=3.00e-04 | wd=0.0210 | mom=0.9500 | T=7.2 k=3.5 (mu_rec=8 mu_bwd=4) | grad=3.016 | tok/s=16,081 | tokens=3.95B
step=120600 | loss=5.0612 | lr=3.00e-04 | wd=0.0210 | mom=0.9500 | T=8.8 k=3.5 (mu_rec=8 mu_bwd=4) | grad=2.391 | tok/s=13,182 | tokens=3.95B
step=120610 | loss=6.2151 | lr=3.00e-04 | wd=0.0210 | mom=0.9500 | T=9.5 k=3.8 (mu_rec=8 mu_bwd=4) | grad=4.875 | tok/s=6,464 | tokens=3.95B
step=120620 | loss=5.8875 | lr=3.00e-04 | wd=0.0209 | mom=0.9500 | T=7.2 k=4.0 (mu_rec=8 mu_bwd=4) | grad=3.859 | tok/s=12,992 | tokens=3.95B
step=120630 | loss=5.1001 | lr=3.00e-04 | wd=0.0209 | mom=0.9500 | T=8.0 k=3.5 (mu_rec=8 mu_bwd=4) | grad=3.469 | tok/s=13,852 | tokens=3.95B
step=120640 | loss=5.0865 | lr=3.00e-04 | wd=0.0209 | mom=0.9500 | T=9.5 k=4.0 (mu_rec=8 mu_bwd=4) | grad=2.125 | tok/s=14,200 | tokens=3.95B
step=120650 | loss=5.4324 | lr=3.00e-04 | wd=0.0209 | mom=0.9500 | T=6.0 k=4.0 (mu_rec=8 mu_bwd=4) | grad=2.812 | tok/s=14,288 | tokens=3.95B
step=120660 | loss=5.3147 | lr=3.00e-04 | wd=0.0209 | mom=0.9500 | T=6.0 k=3.8 (mu_rec=8 mu_bwd=4) | grad=3.719 | tok/s=14,277 | tokens=3.95B
step=120670 | loss=5.3586 | lr=3.00e-04 | wd=0.0209 | mom=0.9500 | T=4.2 k=3.2 (mu_rec=8 mu_bwd=4) | grad=4.281 | tok/s=15,218 | tokens=3.95B
step=120680 | loss=5.3879 | lr=3.00e-04 | wd=0.0209 | mom=0.9500 | T=4.8 k=3.0 (mu_rec=8 mu_bwd=4) | grad=3.469 | tok/s=14,055 | tokens=3.95B
step=120690 | loss=5.1719 | lr=3.00e-04 | wd=0.0209 | mom=0.9500 | T=11.8 k=4.0 (mu_rec=8 mu_bwd=4) | grad=3.266 | tok/s=13,586 | tokens=3.95B
step=120700 | loss=5.1723 | lr=3.00e-04 | wd=0.0209 | mom=0.9500 | T=5.5 k=3.8 (mu_rec=8 mu_bwd=4) | grad=3.609 | tok/s=14,476 | tokens=3.96B
step=120710 | loss=5.0048 | lr=3.00e-04 | wd=0.0209 | mom=0.9500 | T=10.5 k=3.2 (mu_rec=8 mu_bwd=4) | grad=2.688 | tok/s=13,778 | tokens=3.96B
step=120720 | loss=4.8509 | lr=3.00e-04 | wd=0.0209 | mom=0.9500 | T=5.2 k=3.8 (mu_rec=8 mu_bwd=4) | grad=3.906 | tok/s=15,469 | tokens=3.96B
step=120730 | loss=4.9928 | lr=3.00e-04 | wd=0.0209 | mom=0.9500 | T=8.0 k=4.0 (mu_rec=8 mu_bwd=4) | grad=2.656 | tok/s=13,653 | tokens=3.96B
step=120740 | loss=4.9265 | lr=3.00e-04 | wd=0.0209 | mom=0.9500 | T=4.5 k=3.5 (mu_rec=8 mu_bwd=4) | grad=2.891 | tok/s=14,772 | tokens=3.96B
step=120750 | loss=5.1227 | lr=3.00e-04 | wd=0.0209 | mom=0.9500 | T=6.0 k=4.0 (mu_rec=8 mu_bwd=4) | grad=1.922 | tok/s=14,542 | tokens=3.96B
step=120760 | loss=5.0499 | lr=3.00e-04 | wd=0.0209 | mom=0.9500 | T=10.2 k=4.0 (mu_rec=8 mu_bwd=4) | grad=3.375 | tok/s=14,343 | tokens=3.96B
step=120770 | loss=5.5805 | lr=3.00e-04 | wd=0.0209 | mom=0.9500 | T=8.0 k=3.5 (mu_rec=8 mu_bwd=4) | grad=3.281 | tok/s=14,750 | tokens=3.96B
step=120780 | loss=5.5390 | lr=3.00e-04 | wd=0.0208 | mom=0.9500 | T=7.0 k=3.5 (mu_rec=8 mu_bwd=4) | grad=3.734 | tok/s=14,469 | tokens=3.96B
step=120790 | loss=5.1162 | lr=3.00e-04 | wd=0.0208 | mom=0.9500 | T=9.5 k=3.5 (mu_rec=8 mu_bwd=4) | grad=2.422 | tok/s=14,886 | tokens=3.96B
step=120800 | loss=4.9823 | lr=3.00e-04 | wd=0.0208 | mom=0.9500 | T=7.0 k=3.5 (mu_rec=8 mu_bwd=4) | grad=5.156 | tok/s=15,419 | tokens=3.96B
step=120810 | loss=5.0547 | lr=3.00e-04 | wd=0.0208 | mom=0.9500 | T=3.5 k=3.2 (mu_rec=8 mu_bwd=4) | grad=6.344 | tok/s=15,112 | tokens=3.96B
step=120820 | loss=5.0223 | lr=3.00e-04 | wd=0.0208 | mom=0.9500 | T=6.2 k=3.2 (mu_rec=8 mu_bwd=4) | grad=2.531 | tok/s=15,768 | tokens=3.96B
step=120830 | loss=4.7246 | lr=3.00e-04 | wd=0.0208 | mom=0.9500 | T=9.2 k=4.0 (mu_rec=8 mu_bwd=4) | grad=2.625 | tok/s=14,728 | tokens=3.96B
step=120840 | loss=5.1631 | lr=3.00e-04 | wd=0.0208 | mom=0.9500 | T=7.8 k=3.8 (mu_rec=8 mu_bwd=4) | grad=2.750 | tok/s=13,765 | tokens=3.96B
step=120850 | loss=4.8944 | lr=3.00e-04 | wd=0.0208 | mom=0.9500 | T=3.0 k=3.0 (mu_rec=8 mu_bwd=4) | grad=3.406 | tok/s=15,005 | tokens=3.96B
step=120860 | loss=4.8828 | lr=3.00e-04 | wd=0.0208 | mom=0.9500 | T=6.5 k=3.2 (mu_rec=8 mu_bwd=4) | grad=2.906 | tok/s=14,151 | tokens=3.96B
step=120870 | loss=4.8663 | lr=3.00e-04 | wd=0.0208 | mom=0.9500 | T=6.8 k=4.0 (mu_rec=8 mu_bwd=4) | grad=3.312 | tok/s=13,595 | tokens=3.96B
step=120880 | loss=5.0950 | lr=3.00e-04 | wd=0.0208 | mom=0.9500 | T=6.2 k=4.0 (mu_rec=8 mu_bwd=4) | grad=1.945 | tok/s=15,167 | tokens=3.96B
step=120890 | loss=5.0344 | lr=3.00e-04 | wd=0.0208 | mom=0.9500 | T=5.8 k=3.8 (mu_rec=8 mu_bwd=4) | grad=2.250 | tok/s=13,978 | tokens=3.96B
step=120900 | loss=5.0506 | lr=3.00e-04 | wd=0.0208 | mom=0.9500 | T=6.8 k=3.8 (mu_rec=8 mu_bwd=4) | grad=2.391 | tok/s=14,226 | tokens=3.96B
step=120910 | loss=4.8398 | lr=3.00e-04 | wd=0.0208 | mom=0.9500 | T=10.8 k=3.2 (mu_rec=8 mu_bwd=4) | grad=8.062 | tok/s=15,229 | tokens=3.96B
step=120920 | loss=4.9657 | lr=3.00e-04 | wd=0.0208 | mom=0.9500 | T=3.5 k=2.2 (mu_rec=8 mu_bwd=4) | grad=3.094 | tok/s=14,492 | tokens=3.96B
step=120930 | loss=4.9146 | lr=3.00e-04 | wd=0.0207 | mom=0.9500 | T=9.8 k=4.0 (mu_rec=8 mu_bwd=4) | grad=3.969 | tok/s=14,332 | tokens=3.96B
step=120940 | loss=5.0806 | lr=3.00e-04 | wd=0.0207 | mom=0.9500 | T=8.5 k=3.2 (mu_rec=8 mu_bwd=4) | grad=2.844 | tok/s=16,219 | tokens=3.96B
step=120950 | loss=5.0955 | lr=3.00e-04 | wd=0.0207 | mom=0.9500 | T=12.0 k=4.0 (mu_rec=8 mu_bwd=4) | grad=2.109 | tok/s=13,368 | tokens=3.96B
step=120960 | loss=4.9244 | lr=3.00e-04 | wd=0.0207 | mom=0.9500 | T=7.2 k=3.8 (mu_rec=8 mu_bwd=4) | grad=2.375 | tok/s=14,534 | tokens=3.96B
step=120970 | loss=4.9867 | lr=3.00e-04 | wd=0.0207 | mom=0.9500 | T=6.5 k=3.5 (mu_rec=8 mu_bwd=4) | grad=3.391 | tok/s=14,092 | tokens=3.96B
step=120980 | loss=4.9798 | lr=3.00e-04 | wd=0.0207 | mom=0.9500 | T=11.2 k=3.5 (mu_rec=8 mu_bwd=4) | grad=2.484 | tok/s=14,394 | tokens=3.96B
step=120990 | loss=5.1015 | lr=3.00e-04 | wd=0.0207 | mom=0.9500 | T=10.0 k=4.0 (mu_rec=8 mu_bwd=4) | grad=7.188 | tok/s=13,686 | tokens=3.96B
step=121000 | loss=5.0810 | lr=3.00e-04 | wd=0.0207 | mom=0.9500 | T=5.0 k=3.2 (mu_rec=8 mu_bwd=4) | grad=3.125 | tok/s=13,894 | tokens=3.96B
step=121010 | loss=5.0127 | lr=3.00e-04 | wd=0.0207 | mom=0.9500 | T=9.0 k=4.0 (mu_rec=8 mu_bwd=4) | grad=1.977 | tok/s=13,274 | tokens=3.97B
step=121020 | loss=5.0140 | lr=3.00e-04 | wd=0.0207 | mom=0.9500 | T=9.0 k=3.5 (mu_rec=8 mu_bwd=4) | grad=2.828 | tok/s=14,974 | tokens=3.97B
step=121030 | loss=4.9236 | lr=3.00e-04 | wd=0.0207 | mom=0.9500 | T=8.5 k=4.0 (mu_rec=8 mu_bwd=4) | grad=3.219 | tok/s=14,613 | tokens=3.97B
step=121040 | loss=5.0316 | lr=3.00e-04 | wd=0.0207 | mom=0.9500 | T=3.8 k=3.2 (mu_rec=8 mu_bwd=4) | grad=2.953 | tok/s=13,987 | tokens=3.97B
step=121050 | loss=5.0868 | lr=3.00e-04 | wd=0.0207 | mom=0.9500 | T=10.2 k=4.0 (mu_rec=8 mu_bwd=4) | grad=2.594 | tok/s=13,912 | tokens=3.97B
step=121060 | loss=5.0195 | lr=3.00e-04 | wd=0.0207 | mom=0.9500 | T=19.8 k=4.0 (mu_rec=8 mu_bwd=4) | grad=3.578 | tok/s=13,050 | tokens=3.97B
step=121070 | loss=4.9493 | lr=3.00e-04 | wd=0.0207 | mom=0.9500 | T=5.2 k=3.8 (mu_rec=8 mu_bwd=4) | grad=3.078 | tok/s=14,797 | tokens=3.97B
step=121080 | loss=4.8813 | lr=3.00e-04 | wd=0.0206 | mom=0.9500 | T=7.0 k=3.8 (mu_rec=8 mu_bwd=4) | grad=2.016 | tok/s=13,824 | tokens=3.97B
step=121090 | loss=5.0107 | lr=3.00e-04 | wd=0.0206 | mom=0.9500 | T=9.5 k=3.8 (mu_rec=8 mu_bwd=4) | grad=3.125 | tok/s=14,863 | tokens=3.97B
step=121100 | loss=5.0814 | lr=3.00e-04 | wd=0.0206 | mom=0.9500 | T=8.5 k=3.5 (mu_rec=8 mu_bwd=4) | grad=2.234 | tok/s=14,794 | tokens=3.97B
step=121110 | loss=4.8385 | lr=3.00e-04 | wd=0.0206 | mom=0.9500 | T=6.8 k=3.2 (mu_rec=8 mu_bwd=4) | grad=3.641 | tok/s=15,047 | tokens=3.97B
step=121120 | loss=4.9992 | lr=3.00e-04 | wd=0.0206 | mom=0.9500 | T=8.5 k=4.0 (mu_rec=8 mu_bwd=4) | grad=2.625 | tok/s=14,482 | tokens=3.97B
step=121130 | loss=5.0242 | lr=3.00e-04 | wd=0.0206 | mom=0.9500 | T=8.0 k=4.0 (mu_rec=8 mu_bwd=4) | grad=2.906 | tok/s=14,193 | tokens=3.97B
step=121140 | loss=4.9895 | lr=3.00e-04 | wd=0.0206 | mom=0.9500 | T=10.5 k=3.5 (mu_rec=8 mu_bwd=4) | grad=3.094 | tok/s=14,076 | tokens=3.97B
step=121150 | loss=4.8598 | lr=3.00e-04 | wd=0.0206 | mom=0.9500 | T=7.0 k=4.0 (mu_rec=8 mu_bwd=4) | grad=4.312 | tok/s=15,129 | tokens=3.97B
step=121160 | loss=5.0243 | lr=3.00e-04 | wd=0.0206 | mom=0.9500 | T=7.2 k=3.2 (mu_rec=8 mu_bwd=4) | grad=3.031 | tok/s=14,503 | tokens=3.97B
step=121170 | loss=4.9091 | lr=3.00e-04 | wd=0.0206 | mom=0.9500 | T=6.0 k=4.0 (mu_rec=8 mu_bwd=4) | grad=2.297 | tok/s=14,372 | tokens=3.97B
step=121180 | loss=4.7754 | lr=3.00e-04 | wd=0.0206 | mom=0.9500 | T=7.0 k=3.8 (mu_rec=8 mu_bwd=4) | grad=3.125 | tok/s=15,741 | tokens=3.97B
step=121190 | loss=5.0218 | lr=3.00e-04 | wd=0.0206 | mom=0.9500 | T=12.0 k=4.0 (mu_rec=8 mu_bwd=4) | grad=2.609 | tok/s=14,285 | tokens=3.97B
step=121200 | loss=5.1364 | lr=3.00e-04 | wd=0.0206 | mom=0.9500 | T=13.0 k=4.0 (mu_rec=8 mu_bwd=4) | grad=2.188 | tok/s=14,697 | tokens=3.97B
step=121210 | loss=4.8939 | lr=3.00e-04 | wd=0.0206 | mom=0.9500 | T=5.2 k=3.2 (mu_rec=8 mu_bwd=4) | grad=3.125 | tok/s=13,909 | tokens=3.97B
step=121220 | loss=4.8324 | lr=3.00e-04 | wd=0.0206 | mom=0.9500 | T=9.8 k=4.0 (mu_rec=8 mu_bwd=4) | grad=3.656 | tok/s=15,499 | tokens=3.97B
step=121230 | loss=4.8596 | lr=3.00e-04 | wd=0.0205 | mom=0.9500 | T=9.2 k=4.0 (mu_rec=8 mu_bwd=4) | grad=5.094 | tok/s=14,273 | tokens=3.97B
step=121240 | loss=4.9619 | lr=3.00e-04 | wd=0.0205 | mom=0.9500 | T=9.2 k=4.0 (mu_rec=8 mu_bwd=4) | grad=3.203 | tok/s=13,769 | tokens=3.97B
step=121250 | loss=5.3288 | lr=3.00e-04 | wd=0.0205 | mom=0.9500 | T=4.0 k=3.5 (mu_rec=8 mu_bwd=4) | grad=6.125 | tok/s=12,781 | tokens=3.97B
step=121260 | loss=5.0182 | lr=3.00e-04 | wd=0.0205 | mom=0.9500 | T=7.5 k=3.8 (mu_rec=8 mu_bwd=4) | grad=3.109 | tok/s=14,565 | tokens=3.97B
step=121270 | loss=5.1617 | lr=3.00e-04 | wd=0.0205 | mom=0.9500 | T=5.8 k=2.8 (mu_rec=8 mu_bwd=4) | grad=2.047 | tok/s=14,754 | tokens=3.97B
step=121280 | loss=5.0602 | lr=3.00e-04 | wd=0.0205 | mom=0.9500 | T=6.2 k=3.2 (mu_rec=8 mu_bwd=4) | grad=4.250 | tok/s=14,130 | tokens=3.97B
step=121290 | loss=5.1050 | lr=3.00e-04 | wd=0.0205 | mom=0.9500 | T=7.8 k=4.0 (mu_rec=8 mu_bwd=4) | grad=2.578 | tok/s=14,924 | tokens=3.97B
step=121300 | loss=5.1425 | lr=3.00e-04 | wd=0.0205 | mom=0.9500 | T=7.5 k=3.5 (mu_rec=8 mu_bwd=4) | grad=7.656 | tok/s=14,974 | tokens=3.97B
step=121310 | loss=5.0889 | lr=3.00e-04 | wd=0.0205 | mom=0.9500 | T=4.8 k=3.0 (mu_rec=8 mu_bwd=4) | grad=3.906 | tok/s=15,109 | tokens=3.98B
step=121320 | loss=4.8708 | lr=3.00e-04 | wd=0.0205 | mom=0.9500 | T=4.2 k=3.2 (mu_rec=8 mu_bwd=4) | grad=2.781 | tok/s=13,563 | tokens=3.98B
step=121330 | loss=4.8797 | lr=3.00e-04 | wd=0.0205 | mom=0.9500 | T=6.8 k=3.8 (mu_rec=8 mu_bwd=4) | grad=1.742 | tok/s=13,813 | tokens=3.98B
step=121340 | loss=5.0094 | lr=3.00e-04 | wd=0.0205 | mom=0.9500 | T=10.8 k=4.0 (mu_rec=8 mu_bwd=4) | grad=3.406 | tok/s=6,173 | tokens=3.98B
step=121350 | loss=5.0141 | lr=3.00e-04 | wd=0.0205 | mom=0.9500 | T=5.5 k=3.8 (mu_rec=8 mu_bwd=4) | grad=4.219 | tok/s=13,733 | tokens=3.98B
step=121360 | loss=4.9777 | lr=3.00e-04 | wd=0.0205 | mom=0.9500 | T=10.2 k=4.0 (mu_rec=8 mu_bwd=4) | grad=2.453 | tok/s=14,838 | tokens=3.98B
step=121370 | loss=5.0095 | lr=3.00e-04 | wd=0.0205 | mom=0.9500 | T=5.8 k=2.8 (mu_rec=8 mu_bwd=4) | grad=3.031 | tok/s=15,610 | tokens=3.98B
step=121380 | loss=4.9114 | lr=3.00e-04 | wd=0.0205 | mom=0.9500 | T=11.8 k=4.0 (mu_rec=8 mu_bwd=4) | grad=2.297 | tok/s=14,730 | tokens=3.98B
step=121390 | loss=4.9540 | lr=3.00e-04 | wd=0.0204 | mom=0.9500 | T=5.5 k=3.8 (mu_rec=8 mu_bwd=4) | grad=2.312 | tok/s=16,551 | tokens=3.98B
step=121400 | loss=4.9393 | lr=3.00e-04 | wd=0.0204 | mom=0.9500 | T=7.0 k=3.8 (mu_rec=8 mu_bwd=4) | grad=3.094 | tok/s=13,718 | tokens=3.98B
step=121410 | loss=5.0061 | lr=3.00e-04 | wd=0.0204 | mom=0.9500 | T=6.8 k=3.5 (mu_rec=8 mu_bwd=4) | grad=1.945 | tok/s=14,546 | tokens=3.98B
step=121420 | loss=5.0170 | lr=3.00e-04 | wd=0.0204 | mom=0.9500 | T=9.2 k=3.5 (mu_rec=8 mu_bwd=4) | grad=5.219 | tok/s=13,464 | tokens=3.98B
step=121430 | loss=5.0571 | lr=3.00e-04 | wd=0.0204 | mom=0.9500 | T=13.2 k=4.0 (mu_rec=8 mu_bwd=4) | grad=2.406 | tok/s=6,092 | tokens=3.98B
step=121440 | loss=4.9824 | lr=3.00e-04 | wd=0.0204 | mom=0.9500 | T=14.8 k=4.0 (mu_rec=8 mu_bwd=4) | grad=2.312 | tok/s=14,578 | tokens=3.98B
step=121450 | loss=5.0962 | lr=3.00e-04 | wd=0.0204 | mom=0.9500 | T=3.5 k=3.0 (mu_rec=8 mu_bwd=4) | grad=2.500 | tok/s=13,240 | tokens=3.98B
step=121460 | loss=5.0545 | lr=3.00e-04 | wd=0.0204 | mom=0.9500 | T=5.2 k=3.5 (mu_rec=8 mu_bwd=4) | grad=2.328 | tok/s=14,141 | tokens=3.98B
step=121470 | loss=5.0030 | lr=3.00e-04 | wd=0.0204 | mom=0.9500 | T=4.5 k=3.5 (mu_rec=8 mu_bwd=4) | grad=7.125 | tok/s=16,389 | tokens=3.98B
step=121480 | loss=4.9452 | lr=3.00e-04 | wd=0.0204 | mom=0.9500 | T=9.0 k=4.0 (mu_rec=8 mu_bwd=4) | grad=2.125 | tok/s=14,944 | tokens=3.98B
step=121490 | loss=5.1019 | lr=3.00e-04 | wd=0.0204 | mom=0.9500 | T=15.2 k=4.0 (mu_rec=8 mu_bwd=4) | grad=3.109 | tok/s=13,836 | tokens=3.98B
step=121500 | loss=5.0045 | lr=3.00e-04 | wd=0.0204 | mom=0.9500 | T=13.5 k=4.0 (mu_rec=8 mu_bwd=4) | grad=3.266 | tok/s=13,101 | tokens=3.98B
step=121510 | loss=5.0902 | lr=3.00e-04 | wd=0.0204 | mom=0.9500 | T=13.5 k=4.0 (mu_rec=8 mu_bwd=4) | grad=2.234 | tok/s=14,172 | tokens=3.98B
step=121520 | loss=4.9123 | lr=3.00e-04 | wd=0.0204 | mom=0.9500 | T=4.5 k=3.0 (mu_rec=8 mu_bwd=4) | grad=3.297 | tok/s=13,596 | tokens=3.98B
step=121530 | loss=4.9203 | lr=3.00e-04 | wd=0.0204 | mom=0.9500 | T=8.8 k=3.2 (mu_rec=8 mu_bwd=4) | grad=3.781 | tok/s=13,675 | tokens=3.98B
step=121540 | loss=4.9640 | lr=3.00e-04 | wd=0.0203 | mom=0.9500 | T=8.0 k=3.8 (mu_rec=8 mu_bwd=4) | grad=1.852 | tok/s=13,195 | tokens=3.98B
step=121550 | loss=4.9314 | lr=3.00e-04 | wd=0.0203 | mom=0.9500 | T=6.8 k=3.8 (mu_rec=8 mu_bwd=4) | grad=2.062 | tok/s=14,198 | tokens=3.98B
step=121560 | loss=4.8631 | lr=3.00e-04 | wd=0.0203 | mom=0.9500 | T=16.2 k=3.0 (mu_rec=8 mu_bwd=4) | grad=6.875 | tok/s=13,496 | tokens=3.98B
step=121570 | loss=5.1589 | lr=3.00e-04 | wd=0.0203 | mom=0.9500 | T=8.2 k=4.0 (mu_rec=8 mu_bwd=4) | grad=2.141 | tok/s=14,917 | tokens=3.98B
step=121580 | loss=5.0808 | lr=3.00e-04 | wd=0.0203 | mom=0.9500 | T=7.2 k=4.0 (mu_rec=8 mu_bwd=4) | grad=2.609 | tok/s=15,592 | tokens=3.98B
step=121590 | loss=4.7721 | lr=3.00e-04 | wd=0.0203 | mom=0.9500 | T=8.2 k=4.0 (mu_rec=8 mu_bwd=4) | grad=7.375 | tok/s=15,064 | tokens=3.98B
step=121600 | loss=5.0365 | lr=3.00e-04 | wd=0.0203 | mom=0.9500 | T=7.5 k=3.8 (mu_rec=8 mu_bwd=4) | grad=2.469 | tok/s=13,716 | tokens=3.98B
step=121610 | loss=4.9202 | lr=3.00e-04 | wd=0.0203 | mom=0.9500 | T=11.8 k=4.0 (mu_rec=8 mu_bwd=4) | grad=3.141 | tok/s=13,525 | tokens=3.98B
step=121620 | loss=4.9199 | lr=3.00e-04 | wd=0.0203 | mom=0.9500 | T=5.2 k=3.2 (mu_rec=8 mu_bwd=4) | grad=2.688 | tok/s=14,807 | tokens=3.99B
step=121630 | loss=4.9613 | lr=3.00e-04 | wd=0.0203 | mom=0.9500 | T=12.2 k=4.0 (mu_rec=8 mu_bwd=4) | grad=2.703 | tok/s=14,457 | tokens=3.99B
step=121640 | loss=5.0173 | lr=3.00e-04 | wd=0.0203 | mom=0.9500 | T=7.0 k=3.5 (mu_rec=8 mu_bwd=4) | grad=2.453 | tok/s=14,099 | tokens=3.99B
step=121650 | loss=5.1705 | lr=3.00e-04 | wd=0.0203 | mom=0.9500 | T=8.0 k=3.5 (mu_rec=8 mu_bwd=4) | grad=1.992 | tok/s=14,869 | tokens=3.99B
step=121660 | loss=4.9502 | lr=3.00e-04 | wd=0.0203 | mom=0.9500 | T=8.8 k=3.5 (mu_rec=8 mu_bwd=4) | grad=2.578 | tok/s=14,362 | tokens=3.99B
step=121670 | loss=4.9603 | lr=3.00e-04 | wd=0.0203 | mom=0.9500 | T=9.5 k=4.0 (mu_rec=8 mu_bwd=4) | grad=2.344 | tok/s=14,574 | tokens=3.99B
step=121680 | loss=5.0588 | lr=3.00e-04 | wd=0.0203 | mom=0.9500 | T=10.8 k=3.5 (mu_rec=8 mu_bwd=4) | grad=2.109 | tok/s=14,144 | tokens=3.99B
step=121690 | loss=5.0636 | lr=3.00e-04 | wd=0.0202 | mom=0.9500 | T=9.8 k=4.0 (mu_rec=8 mu_bwd=4) | grad=3.484 | tok/s=13,707 | tokens=3.99B
step=121700 | loss=5.1171 | lr=3.00e-04 | wd=0.0202 | mom=0.9500 | T=9.5 k=4.0 (mu_rec=8 mu_bwd=4) | grad=3.312 | tok/s=13,675 | tokens=3.99B
step=121710 | loss=4.9464 | lr=3.00e-04 | wd=0.0202 | mom=0.9500 | T=9.2 k=4.0 (mu_rec=8 mu_bwd=4) | grad=3.156 | tok/s=14,690 | tokens=3.99B
step=121720 | loss=4.7651 | lr=3.00e-04 | wd=0.0202 | mom=0.9500 | T=10.2 k=3.5 (mu_rec=8 mu_bwd=4) | grad=4.094 | tok/s=14,367 | tokens=3.99B
step=121730 | loss=5.1466 | lr=3.00e-04 | wd=0.0202 | mom=0.9500 | T=8.2 k=3.8 (mu_rec=8 mu_bwd=4) | grad=2.812 | tok/s=15,663 | tokens=3.99B
step=121740 | loss=5.2189 | lr=3.00e-04 | wd=0.0202 | mom=0.9500 | T=8.8 k=3.8 (mu_rec=8 mu_bwd=4) | grad=2.922 | tok/s=13,576 | tokens=3.99B
step=121750 | loss=4.9483 | lr=3.00e-04 | wd=0.0202 | mom=0.9500 | T=9.2 k=4.0 (mu_rec=8 mu_bwd=4) | grad=2.641 | tok/s=13,894 | tokens=3.99B
step=121760 | loss=5.0882 | lr=3.00e-04 | wd=0.0202 | mom=0.9500 | T=7.0 k=4.0 (mu_rec=8 mu_bwd=4) | grad=4.031 | tok/s=15,430 | tokens=3.99B
step=121770 | loss=4.8982 | lr=3.00e-04 | wd=0.0202 | mom=0.9500 | T=10.8 k=4.0 (mu_rec=8 mu_bwd=4) | grad=2.453 | tok/s=13,845 | tokens=3.99B
step=121780 | loss=4.7538 | lr=3.00e-04 | wd=0.0202 | mom=0.9500 | T=4.2 k=3.2 (mu_rec=8 mu_bwd=4) | grad=2.891 | tok/s=13,580 | tokens=3.99B
step=121790 | loss=4.9614 | lr=3.00e-04 | wd=0.0202 | mom=0.9500 | T=11.2 k=4.0 (mu_rec=8 mu_bwd=4) | grad=3.094 | tok/s=13,048 | tokens=3.99B
step=121800 | loss=5.0116 | lr=3.00e-04 | wd=0.0202 | mom=0.9500 | T=6.8 k=4.0 (mu_rec=8 mu_bwd=4) | grad=6.062 | tok/s=13,882 | tokens=3.99B
step=121810 | loss=4.5969 | lr=3.00e-04 | wd=0.0202 | mom=0.9500 | T=7.5 k=3.8 (mu_rec=8 mu_bwd=4) | grad=3.953 | tok/s=14,006 | tokens=3.99B
step=121820 | loss=5.0946 | lr=3.00e-04 | wd=0.0202 | mom=0.9500 | T=10.8 k=4.0 (mu_rec=8 mu_bwd=4) | grad=2.906 | tok/s=14,531 | tokens=3.99B
step=121830 | loss=5.0301 | lr=3.00e-04 | wd=0.0202 | mom=0.9500 | T=6.8 k=4.0 (mu_rec=8 mu_bwd=4) | grad=1.977 | tok/s=13,617 | tokens=3.99B
step=121840 | loss=5.1285 | lr=3.00e-04 | wd=0.0201 | mom=0.9500 | T=8.8 k=4.0 (mu_rec=8 mu_bwd=4) | grad=6.875 | tok/s=14,634 | tokens=3.99B
step=121850 | loss=5.1853 | lr=3.00e-04 | wd=0.0201 | mom=0.9500 | T=12.2 k=4.0 (mu_rec=8 mu_bwd=4) | grad=3.484 | tok/s=14,482 | tokens=3.99B
step=121860 | loss=4.7247 | lr=3.00e-04 | wd=0.0201 | mom=0.9500 | T=5.5 k=3.5 (mu_rec=8 mu_bwd=4) | grad=2.141 | tok/s=15,098 | tokens=3.99B
step=121870 | loss=5.1498 | lr=3.00e-04 | wd=0.0201 | mom=0.9500 | T=8.0 k=4.0 (mu_rec=8 mu_bwd=4) | grad=6.156 | tok/s=13,850 | tokens=3.99B
step=121880 | loss=5.1837 | lr=3.00e-04 | wd=0.0201 | mom=0.9500 | T=7.0 k=3.2 (mu_rec=8 mu_bwd=4) | grad=2.266 | tok/s=13,153 | tokens=3.99B
step=121890 | loss=5.0376 | lr=3.00e-04 | wd=0.0201 | mom=0.9500 | T=5.2 k=4.0 (mu_rec=8 mu_bwd=4) | grad=2.312 | tok/s=12,754 | tokens=3.99B
step=121900 | loss=4.9475 | lr=3.00e-04 | wd=0.0201 | mom=0.9500 | T=10.0 k=4.0 (mu_rec=8 mu_bwd=4) | grad=4.625 | tok/s=13,869 | tokens=3.99B
step=121910 | loss=4.9509 | lr=3.00e-04 | wd=0.0201 | mom=0.9500 | T=6.5 k=3.5 (mu_rec=8 mu_bwd=4) | grad=4.062 | tok/s=14,605 | tokens=3.99B
step=121920 | loss=4.6675 | lr=3.00e-04 | wd=0.0201 | mom=0.9500 | T=10.5 k=4.0 (mu_rec=8 mu_bwd=4) | grad=2.172 | tok/s=13,682 | tokens=4.00B
step=121930 | loss=4.9686 | lr=3.00e-04 | wd=0.0201 | mom=0.9500 | T=10.5 k=4.0 (mu_rec=8 mu_bwd=4) | grad=2.031 | tok/s=14,235 | tokens=4.00B
step=121940 | loss=5.0669 | lr=3.00e-04 | wd=0.0201 | mom=0.9500 | T=9.5 k=3.5 (mu_rec=8 mu_bwd=4) | grad=2.516 | tok/s=13,447 | tokens=4.00B
step=121950 | loss=4.9031 | lr=3.00e-04 | wd=0.0201 | mom=0.9500 | T=5.2 k=3.5 (mu_rec=8 mu_bwd=4) | grad=8.375 | tok/s=13,191 | tokens=4.00B
step=121960 | loss=4.8611 | lr=3.00e-04 | wd=0.0201 | mom=0.9500 | T=8.2 k=3.5 (mu_rec=8 mu_bwd=4) | grad=4.000 | tok/s=14,525 | tokens=4.00B
step=121970 | loss=5.2126 | lr=3.00e-04 | wd=0.0201 | mom=0.9500 | T=9.5 k=4.0 (mu_rec=8 mu_bwd=4) | grad=2.406 | tok/s=14,130 | tokens=4.00B
step=121980 | loss=4.9886 | lr=3.00e-04 | wd=0.0201 | mom=0.9500 | T=8.0 k=4.0 (mu_rec=8 mu_bwd=4) | grad=2.688 | tok/s=13,293 | tokens=4.00B
step=121990 | loss=4.9815 | lr=3.00e-04 | wd=0.0201 | mom=0.9500 | T=13.2 k=4.0 (mu_rec=8 mu_bwd=4) | grad=3.797 | tok/s=14,573 | tokens=4.00B
step=122000 | loss=4.9921 | lr=3.00e-04 | wd=0.0200 | mom=0.9500 | T=5.8 k=4.0 (mu_rec=8 mu_bwd=4) | grad=2.172 | tok/s=14,857 | tokens=4.00B
[step 122000] Saved -> runs/ccot-5b/checkpoint_0122000
[step 122000] Pruned -> runs/ccot-5b/checkpoint_0116000
step=122010 | loss=5.0111 | lr=3.00e-04 | wd=0.0200 | mom=0.9500 | T=9.5 k=4.0 (mu_rec=8 mu_bwd=4) | grad=3.141 | tok/s=12,956 | tokens=4.00B
step=122020 | loss=5.2695 | lr=3.00e-04 | wd=0.0200 | mom=0.9500 | T=7.5 k=4.0 (mu_rec=8 mu_bwd=4) | grad=2.188 | tok/s=14,890 | tokens=4.00B
step=122030 | loss=5.0738 | lr=3.00e-04 | wd=0.0200 | mom=0.9500 | T=8.2 k=4.0 (mu_rec=8 mu_bwd=4) | grad=2.734 | tok/s=14,270 | tokens=4.00B
step=122040 | loss=5.0017 | lr=3.00e-04 | wd=0.0200 | mom=0.9500 | T=6.8 k=3.5 (mu_rec=8 mu_bwd=4) | grad=2.422 | tok/s=15,680 | tokens=4.00B
step=122050 | loss=5.0285 | lr=3.00e-04 | wd=0.0200 | mom=0.9500 | T=7.8 k=4.0 (mu_rec=8 mu_bwd=4) | grad=2.625 | tok/s=13,819 | tokens=4.00B
step=122060 | loss=5.0355 | lr=3.00e-04 | wd=0.0200 | mom=0.9500 | T=8.8 k=3.2 (mu_rec=8 mu_bwd=4) | grad=3.250 | tok/s=13,616 | tokens=4.00B
step=122070 | loss=4.8928 | lr=3.00e-04 | wd=0.0200 | mom=0.9500 | T=3.2 k=2.5 (mu_rec=8 mu_bwd=4) | grad=2.344 | tok/s=15,407 | tokens=4.00B
step=122080 | loss=4.9983 | lr=3.00e-04 | wd=0.0200 | mom=0.9500 | T=17.8 k=4.0 (mu_rec=8 mu_bwd=4) | grad=1.992 | tok/s=12,074 | tokens=4.00B
step=122090 | loss=5.1535 | lr=3.00e-04 | wd=0.0200 | mom=0.9500 | T=13.8 k=4.0 (mu_rec=8 mu_bwd=4) | grad=4.031 | tok/s=13,803 | tokens=4.00B
step=122100 | loss=4.9334 | lr=3.00e-04 | wd=0.0200 | mom=0.9500 | T=2.2 k=1.8 (mu_rec=8 mu_bwd=4) | grad=3.562 | tok/s=14,937 | tokens=4.00B
step=122110 | loss=4.9963 | lr=3.00e-04 | wd=0.0200 | mom=0.9500 | T=7.8 k=3.5 (mu_rec=8 mu_bwd=4) | grad=2.031 | tok/s=14,123 | tokens=4.00B
step=122120 | loss=5.1696 | lr=3.00e-04 | wd=0.0200 | mom=0.9500 | T=14.8 k=3.5 (mu_rec=8 mu_bwd=4) | grad=2.734 | tok/s=12,948 | tokens=4.00B
step=122130 | loss=5.0745 | lr=3.00e-04 | wd=0.0200 | mom=0.9500 | T=9.2 k=3.5 (mu_rec=8 mu_bwd=4) | grad=2.656 | tok/s=15,291 | tokens=4.00B
step=122140 | loss=5.0655 | lr=3.00e-04 | wd=0.0200 | mom=0.9500 | T=5.2 k=3.2 (mu_rec=8 mu_bwd=4) | grad=2.031 | tok/s=13,381 | tokens=4.00B
step=122150 | loss=5.1309 | lr=3.00e-04 | wd=0.0199 | mom=0.9500 | T=4.5 k=2.5 (mu_rec=8 mu_bwd=4) | grad=2.516 | tok/s=14,512 | tokens=4.00B
step=122160 | loss=4.9788 | lr=3.00e-04 | wd=0.0199 | mom=0.9500 | T=6.5 k=4.0 (mu_rec=8 mu_bwd=4) | grad=2.312 | tok/s=6,123 | tokens=4.00B
step=122170 | loss=5.0130 | lr=3.00e-04 | wd=0.0199 | mom=0.9500 | T=5.0 k=3.8 (mu_rec=8 mu_bwd=4) | grad=2.172 | tok/s=14,332 | tokens=4.00B
step=122180 | loss=5.3261 | lr=3.00e-04 | wd=0.0199 | mom=0.9500 | T=6.2 k=3.8 (mu_rec=8 mu_bwd=4) | grad=2.625 | tok/s=13,147 | tokens=4.00B
step=122190 | loss=4.9926 | lr=3.00e-04 | wd=0.0199 | mom=0.9500 | T=7.8 k=3.5 (mu_rec=8 mu_bwd=4) | grad=2.125 | tok/s=13,663 | tokens=4.00B
step=122200 | loss=5.0388 | lr=3.00e-04 | wd=0.0199 | mom=0.9500 | T=7.0 k=4.0 (mu_rec=8 mu_bwd=4) | grad=3.172 | tok/s=13,931 | tokens=4.00B
step=122210 | loss=5.2181 | lr=3.00e-04 | wd=0.0199 | mom=0.9500 | T=10.5 k=4.0 (mu_rec=8 mu_bwd=4) | grad=4.031 | tok/s=14,537 | tokens=4.00B
step=122220 | loss=5.2451 | lr=3.00e-04 | wd=0.0199 | mom=0.9500 | T=6.8 k=4.0 (mu_rec=8 mu_bwd=4) | grad=3.266 | tok/s=14,635 | tokens=4.00B
step=122230 | loss=5.0273 | lr=3.00e-04 | wd=0.0199 | mom=0.9500 | T=7.2 k=3.2 (mu_rec=8 mu_bwd=4) | grad=2.156 | tok/s=14,071 | tokens=4.01B
step=122240 | loss=4.9286 | lr=3.00e-04 | wd=0.0199 | mom=0.9500 | T=8.5 k=3.8 (mu_rec=8 mu_bwd=4) | grad=2.625 | tok/s=16,678 | tokens=4.01B
step=122250 | loss=5.2071 | lr=3.00e-04 | wd=0.0199 | mom=0.9500 | T=4.5 k=2.8 (mu_rec=8 mu_bwd=4) | grad=5.656 | tok/s=14,825 | tokens=4.01B
step=122260 | loss=5.0020 | lr=3.00e-04 | wd=0.0199 | mom=0.9500 | T=8.0 k=4.0 (mu_rec=8 mu_bwd=4) | grad=2.016 | tok/s=5,670 | tokens=4.01B
step=122270 | loss=4.9473 | lr=3.00e-04 | wd=0.0199 | mom=0.9500 | T=7.8 k=3.5 (mu_rec=8 mu_bwd=4) | grad=13.188 | tok/s=13,933 | tokens=4.01B
step=122280 | loss=4.9980 | lr=3.00e-04 | wd=0.0199 | mom=0.9500 | T=4.8 k=3.5 (mu_rec=8 mu_bwd=4) | grad=4.219 | tok/s=13,233 | tokens=4.01B
step=122290 | loss=5.0058 | lr=3.00e-04 | wd=0.0199 | mom=0.9500 | T=7.0 k=4.0 (mu_rec=8 mu_bwd=4) | grad=2.859 | tok/s=14,990 | tokens=4.01B
step=122300 | loss=4.9618 | lr=3.00e-04 | wd=0.0198 | mom=0.9500 | T=6.5 k=4.0 (mu_rec=8 mu_bwd=4) | grad=3.812 | tok/s=13,645 | tokens=4.01B
step=122310 | loss=5.0035 | lr=3.00e-04 | wd=0.0198 | mom=0.9500 | T=4.0 k=3.2 (mu_rec=8 mu_bwd=4) | grad=4.031 | tok/s=14,680 | tokens=4.01B
step=122320 | loss=4.9960 | lr=3.00e-04 | wd=0.0198 | mom=0.9500 | T=6.2 k=3.2 (mu_rec=8 mu_bwd=4) | grad=2.078 | tok/s=14,128 | tokens=4.01B
step=122330 | loss=5.0839 | lr=3.00e-04 | wd=0.0198 | mom=0.9500 | T=7.8 k=4.0 (mu_rec=8 mu_bwd=4) | grad=1.859 | tok/s=13,812 | tokens=4.01B
step=122340 | loss=4.8858 | lr=3.00e-04 | wd=0.0198 | mom=0.9500 | T=4.5 k=3.5 (mu_rec=8 mu_bwd=4) | grad=2.625 | tok/s=16,349 | tokens=4.01B
step=122350 | loss=4.9993 | lr=3.00e-04 | wd=0.0198 | mom=0.9500 | T=5.8 k=3.5 (mu_rec=8 mu_bwd=4) | grad=2.141 | tok/s=15,508 | tokens=4.01B
step=122360 | loss=4.9929 | lr=3.00e-04 | wd=0.0198 | mom=0.9500 | T=11.2 k=3.8 (mu_rec=8 mu_bwd=4) | grad=2.141 | tok/s=14,358 | tokens=4.01B
step=122370 | loss=5.0008 | lr=3.00e-04 | wd=0.0198 | mom=0.9500 | T=8.0 k=3.2 (mu_rec=8 mu_bwd=4) | grad=2.344 | tok/s=14,183 | tokens=4.01B
step=122380 | loss=4.9985 | lr=3.00e-04 | wd=0.0198 | mom=0.9500 | T=7.8 k=3.8 (mu_rec=8 mu_bwd=4) | grad=2.344 | tok/s=15,260 | tokens=4.01B
step=122390 | loss=4.9267 | lr=3.00e-04 | wd=0.0198 | mom=0.9500 | T=10.0 k=3.8 (mu_rec=8 mu_bwd=4) | grad=2.469 | tok/s=14,805 | tokens=4.01B
step=122400 | loss=4.9112 | lr=3.00e-04 | wd=0.0198 | mom=0.9500 | T=7.5 k=3.8 (mu_rec=8 mu_bwd=4) | grad=2.188 | tok/s=15,094 | tokens=4.01B
step=122410 | loss=4.9780 | lr=3.00e-04 | wd=0.0198 | mom=0.9500 | T=6.2 k=3.8 (mu_rec=8 mu_bwd=4) | grad=5.156 | tok/s=14,055 | tokens=4.01B
step=122420 | loss=4.8860 | lr=3.00e-04 | wd=0.0198 | mom=0.9500 | T=8.5 k=2.5 (mu_rec=8 mu_bwd=4) | grad=4.750 | tok/s=14,734 | tokens=4.01B
step=122430 | loss=5.0077 | lr=3.00e-04 | wd=0.0198 | mom=0.9500 | T=6.2 k=3.2 (mu_rec=8 mu_bwd=4) | grad=7.562 | tok/s=13,142 | tokens=4.01B
step=122440 | loss=5.0071 | lr=3.00e-04 | wd=0.0198 | mom=0.9500 | T=7.0 k=4.0 (mu_rec=8 mu_bwd=4) | grad=3.031 | tok/s=13,578 | tokens=4.01B
step=122450 | loss=4.9723 | lr=3.00e-04 | wd=0.0197 | mom=0.9500 | T=5.5 k=3.8 (mu_rec=8 mu_bwd=4) | grad=5.406 | tok/s=15,868 | tokens=4.01B
step=122460 | loss=4.9802 | lr=3.00e-04 | wd=0.0197 | mom=0.9500 | T=8.0 k=3.5 (mu_rec=8 mu_bwd=4) | grad=2.359 | tok/s=14,571 | tokens=4.01B
step=122470 | loss=5.1264 | lr=3.00e-04 | wd=0.0197 | mom=0.9500 | T=8.8 k=4.0 (mu_rec=8 mu_bwd=4) | grad=5.312 | tok/s=14,299 | tokens=4.01B
step=122480 | loss=4.9796 | lr=3.00e-04 | wd=0.0197 | mom=0.9500 | T=14.5 k=3.8 (mu_rec=8 mu_bwd=4) | grad=2.406 | tok/s=13,841 | tokens=4.01B
step=122490 | loss=5.0920 | lr=3.00e-04 | wd=0.0197 | mom=0.9500 | T=5.8 k=4.0 (mu_rec=8 mu_bwd=4) | grad=2.453 | tok/s=15,024 | tokens=4.01B
step=122500 | loss=5.1672 | lr=3.00e-04 | wd=0.0197 | mom=0.9500 | T=4.5 k=3.5 (mu_rec=8 mu_bwd=4) | grad=2.031 | tok/s=13,847 | tokens=4.01B
step=122510 | loss=4.8484 | lr=3.00e-04 | wd=0.0197 | mom=0.9500 | T=8.8 k=3.5 (mu_rec=8 mu_bwd=4) | grad=2.078 | tok/s=13,693 | tokens=4.01B
step=122520 | loss=5.0327 | lr=3.00e-04 | wd=0.0197 | mom=0.9500 | T=8.2 k=4.0 (mu_rec=8 mu_bwd=4) | grad=3.359 | tok/s=12,575 | tokens=4.01B
step=122530 | loss=5.0286 | lr=3.00e-04 | wd=0.0197 | mom=0.9500 | T=7.0 k=4.0 (mu_rec=8 mu_bwd=4) | grad=1.906 | tok/s=15,452 | tokens=4.02B
step=122540 | loss=5.3389 | lr=3.00e-04 | wd=0.0197 | mom=0.9500 | T=6.5 k=4.0 (mu_rec=8 mu_bwd=4) | grad=3.438 | tok/s=13,727 | tokens=4.02B
step=122550 | loss=4.9633 | lr=3.00e-04 | wd=0.0197 | mom=0.9500 | T=7.8 k=3.2 (mu_rec=8 mu_bwd=4) | grad=4.312 | tok/s=13,975 | tokens=4.02B
step=122560 | loss=5.0260 | lr=3.00e-04 | wd=0.0197 | mom=0.9500 | T=8.8 k=4.0 (mu_rec=8 mu_bwd=4) | grad=2.672 | tok/s=13,763 | tokens=4.02B
step=122570 | loss=4.9195 | lr=3.00e-04 | wd=0.0197 | mom=0.9500 | T=2.5 k=2.5 (mu_rec=8 mu_bwd=4) | grad=9.062 | tok/s=15,618 | tokens=4.02B
step=122580 | loss=5.0974 | lr=3.00e-04 | wd=0.0197 | mom=0.9500 | T=5.2 k=3.2 (mu_rec=8 mu_bwd=4) | grad=2.703 | tok/s=16,369 | tokens=4.02B
step=122590 | loss=4.9621 | lr=3.00e-04 | wd=0.0197 | mom=0.9500 | T=8.0 k=4.0 (mu_rec=8 mu_bwd=4) | grad=7.188 | tok/s=13,428 | tokens=4.02B
step=122600 | loss=5.0367 | lr=3.00e-04 | wd=0.0197 | mom=0.9500 | T=7.2 k=4.0 (mu_rec=8 mu_bwd=4) | grad=4.375 | tok/s=15,453 | tokens=4.02B
step=122610 | loss=5.0980 | lr=3.00e-04 | wd=0.0196 | mom=0.9500 | T=8.0 k=4.0 (mu_rec=8 mu_bwd=4) | grad=3.266 | tok/s=15,063 | tokens=4.02B
step=122620 | loss=5.0712 | lr=3.00e-04 | wd=0.0196 | mom=0.9500 | T=5.2 k=3.2 (mu_rec=8 mu_bwd=4) | grad=3.250 | tok/s=14,701 | tokens=4.02B
step=122630 | loss=4.9340 | lr=3.00e-04 | wd=0.0196 | mom=0.9500 | T=9.2 k=4.0 (mu_rec=8 mu_bwd=4) | grad=5.406 | tok/s=13,961 | tokens=4.02B
step=122640 | loss=4.9633 | lr=3.00e-04 | wd=0.0196 | mom=0.9500 | T=8.0 k=4.0 (mu_rec=8 mu_bwd=4) | grad=2.953 | tok/s=13,959 | tokens=4.02B
step=122650 | loss=5.1176 | lr=3.00e-04 | wd=0.0196 | mom=0.9500 | T=10.8 k=3.8 (mu_rec=8 mu_bwd=4) | grad=2.234 | tok/s=14,540 | tokens=4.02B
step=122660 | loss=4.7229 | lr=3.00e-04 | wd=0.0196 | mom=0.9500 | T=6.0 k=3.5 (mu_rec=8 mu_bwd=4) | grad=2.391 | tok/s=13,951 | tokens=4.02B
step=122670 | loss=4.9247 | lr=3.00e-04 | wd=0.0196 | mom=0.9500 | T=9.2 k=3.8 (mu_rec=8 mu_bwd=4) | grad=2.547 | tok/s=15,089 | tokens=4.02B
step=122680 | loss=5.1130 | lr=3.00e-04 | wd=0.0196 | mom=0.9500 | T=11.8 k=4.0 (mu_rec=8 mu_bwd=4) | grad=2.938 | tok/s=13,015 | tokens=4.02B
step=122690 | loss=4.9583 | lr=3.00e-04 | wd=0.0196 | mom=0.9500 | T=7.0 k=4.0 (mu_rec=8 mu_bwd=4) | grad=4.000 | tok/s=14,681 | tokens=4.02B
step=122700 | loss=5.0680 | lr=3.00e-04 | wd=0.0196 | mom=0.9500 | T=6.5 k=3.8 (mu_rec=8 mu_bwd=4) | grad=1.938 | tok/s=14,194 | tokens=4.02B
step=122710 | loss=4.9042 | lr=3.00e-04 | wd=0.0196 | mom=0.9500 | T=8.8 k=3.5 (mu_rec=8 mu_bwd=4) | grad=2.297 | tok/s=15,392 | tokens=4.02B
step=122720 | loss=5.0829 | lr=3.00e-04 | wd=0.0196 | mom=0.9500 | T=5.0 k=3.0 (mu_rec=8 mu_bwd=4) | grad=4.312 | tok/s=14,580 | tokens=4.02B
step=122730 | loss=4.9593 | lr=3.00e-04 | wd=0.0196 | mom=0.9500 | T=10.0 k=3.5 (mu_rec=8 mu_bwd=4) | grad=3.828 | tok/s=15,072 | tokens=4.02B
step=122740 | loss=4.9412 | lr=3.00e-04 | wd=0.0196 | mom=0.9500 | T=11.0 k=4.0 (mu_rec=8 mu_bwd=4) | grad=3.188 | tok/s=13,599 | tokens=4.02B
step=122750 | loss=5.1340 | lr=3.00e-04 | wd=0.0196 | mom=0.9500 | T=11.0 k=3.8 (mu_rec=8 mu_bwd=4) | grad=2.453 | tok/s=15,029 | tokens=4.02B
step=122760 | loss=5.3223 | lr=3.00e-04 | wd=0.0195 | mom=0.9500 | T=6.5 k=4.0 (mu_rec=8 mu_bwd=4) | grad=9.812 | tok/s=14,425 | tokens=4.02B
step=122770 | loss=5.0757 | lr=3.00e-04 | wd=0.0195 | mom=0.9500 | T=12.2 k=4.0 (mu_rec=8 mu_bwd=4) | grad=5.625 | tok/s=12,868 | tokens=4.02B
step=122780 | loss=5.0130 | lr=3.00e-04 | wd=0.0195 | mom=0.9500 | T=11.0 k=4.0 (mu_rec=8 mu_bwd=4) | grad=4.656 | tok/s=13,452 | tokens=4.02B
step=122790 | loss=4.9863 | lr=3.00e-04 | wd=0.0195 | mom=0.9500 | T=8.2 k=4.0 (mu_rec=8 mu_bwd=4) | grad=2.609 | tok/s=13,568 | tokens=4.02B
step=122800 | loss=4.9952 | lr=3.00e-04 | wd=0.0195 | mom=0.9500 | T=11.0 k=4.0 (mu_rec=8 mu_bwd=4) | grad=2.328 | tok/s=15,099 | tokens=4.02B
step=122810 | loss=5.1175 | lr=3.00e-04 | wd=0.0195 | mom=0.9500 | T=8.5 k=4.0 (mu_rec=8 mu_bwd=4) | grad=2.328 | tok/s=13,584 | tokens=4.02B
step=122820 | loss=5.0859 | lr=3.00e-04 | wd=0.0195 | mom=0.9500 | T=8.2 k=4.0 (mu_rec=8 mu_bwd=4) | grad=1.664 | tok/s=13,094 | tokens=4.02B
step=122830 | loss=5.0437 | lr=3.00e-04 | wd=0.0195 | mom=0.9500 | T=9.2 k=4.0 (mu_rec=8 mu_bwd=4) | grad=4.438 | tok/s=14,526 | tokens=4.02B
step=122840 | loss=5.2085 | lr=3.00e-04 | wd=0.0195 | mom=0.9500 | T=5.0 k=4.0 (mu_rec=8 mu_bwd=4) | grad=4.531 | tok/s=13,730 | tokens=4.03B
step=122850 | loss=5.2498 | lr=3.00e-04 | wd=0.0195 | mom=0.9500 | T=5.0 k=3.5 (mu_rec=8 mu_bwd=4) | grad=3.781 | tok/s=16,222 | tokens=4.03B
step=122860 | loss=5.0605 | lr=3.00e-04 | wd=0.0195 | mom=0.9500 | T=7.2 k=3.5 (mu_rec=8 mu_bwd=4) | grad=2.625 | tok/s=15,223 | tokens=4.03B
step=122870 | loss=5.1468 | lr=3.00e-04 | wd=0.0195 | mom=0.9500 | T=8.0 k=3.8 (mu_rec=8 mu_bwd=4) | grad=2.719 | tok/s=13,491 | tokens=4.03B
step=122880 | loss=5.0172 | lr=3.00e-04 | wd=0.0195 | mom=0.9500 | T=6.8 k=3.8 (mu_rec=8 mu_bwd=4) | grad=2.797 | tok/s=13,908 | tokens=4.03B
step=122890 | loss=5.1798 | lr=3.00e-04 | wd=0.0195 | mom=0.9500 | T=4.5 k=3.0 (mu_rec=8 mu_bwd=4) | grad=2.812 | tok/s=14,466 | tokens=4.03B
step=122900 | loss=5.2131 | lr=3.00e-04 | wd=0.0195 | mom=0.9500 | T=4.2 k=3.5 (mu_rec=8 mu_bwd=4) | grad=3.000 | tok/s=14,031 | tokens=4.03B
step=122910 | loss=5.0624 | lr=3.00e-04 | wd=0.0194 | mom=0.9500 | T=5.8 k=3.8 (mu_rec=8 mu_bwd=4) | grad=7.125 | tok/s=14,834 | tokens=4.03B
step=122920 | loss=4.9758 | lr=3.00e-04 | wd=0.0194 | mom=0.9500 | T=12.0 k=3.5 (mu_rec=8 mu_bwd=4) | grad=4.875 | tok/s=13,666 | tokens=4.03B
step=122930 | loss=5.1945 | lr=3.00e-04 | wd=0.0194 | mom=0.9500 | T=7.8 k=3.8 (mu_rec=8 mu_bwd=4) | grad=6.531 | tok/s=14,460 | tokens=4.03B
step=122940 | loss=5.1493 | lr=3.00e-04 | wd=0.0194 | mom=0.9500 | T=7.2 k=3.8 (mu_rec=8 mu_bwd=4) | grad=5.781 | tok/s=14,431 | tokens=4.03B
step=122950 | loss=4.9397 | lr=3.00e-04 | wd=0.0194 | mom=0.9500 | T=12.0 k=4.0 (mu_rec=8 mu_bwd=4) | grad=4.969 | tok/s=14,737 | tokens=4.03B
step=122960 | loss=4.8221 | lr=3.00e-04 | wd=0.0194 | mom=0.9500 | T=8.5 k=4.0 (mu_rec=8 mu_bwd=4) | grad=2.578 | tok/s=14,572 | tokens=4.03B
step=122970 | loss=5.1535 | lr=3.00e-04 | wd=0.0194 | mom=0.9500 | T=4.8 k=2.8 (mu_rec=8 mu_bwd=4) | grad=2.844 | tok/s=14,587 | tokens=4.03B
step=122980 | loss=5.0506 | lr=3.00e-04 | wd=0.0194 | mom=0.9500 | T=7.2 k=4.0 (mu_rec=8 mu_bwd=4) | grad=2.703 | tok/s=14,130 | tokens=4.03B
step=122990 | loss=5.0640 | lr=3.00e-04 | wd=0.0194 | mom=0.9500 | T=16.2 k=4.0 (mu_rec=8 mu_bwd=4) | grad=3.547 | tok/s=12,256 | tokens=4.03B
step=123000 | loss=5.0543 | lr=3.00e-04 | wd=0.0194 | mom=0.9500 | T=10.2 k=4.0 (mu_rec=8 mu_bwd=4) | grad=4.188 | tok/s=14,124 | tokens=4.03B
step=123010 | loss=5.1552 | lr=3.00e-04 | wd=0.0194 | mom=0.9500 | T=9.2 k=3.8 (mu_rec=8 mu_bwd=4) | grad=4.406 | tok/s=14,404 | tokens=4.03B
step=123020 | loss=4.9861 | lr=3.00e-04 | wd=0.0194 | mom=0.9500 | T=4.5 k=3.5 (mu_rec=8 mu_bwd=4) | grad=3.453 | tok/s=14,480 | tokens=4.03B
step=123030 | loss=4.9286 | lr=3.00e-04 | wd=0.0194 | mom=0.9500 | T=6.8 k=4.0 (mu_rec=8 mu_bwd=4) | grad=2.016 | tok/s=14,688 | tokens=4.03B
step=123040 | loss=4.9309 | lr=3.00e-04 | wd=0.0194 | mom=0.9500 | T=4.5 k=3.2 (mu_rec=8 mu_bwd=4) | grad=2.828 | tok/s=14,867 | tokens=4.03B
step=123050 | loss=4.9891 | lr=3.00e-04 | wd=0.0194 | mom=0.9500 | T=4.2 k=3.0 (mu_rec=8 mu_bwd=4) | grad=3.578 | tok/s=14,654 | tokens=4.03B
step=123060 | loss=5.0865 | lr=3.00e-04 | wd=0.0193 | mom=0.9500 | T=12.8 k=4.0 (mu_rec=8 mu_bwd=4) | grad=6.875 | tok/s=6,177 | tokens=4.03B
step=123070 | loss=5.0669 | lr=3.00e-04 | wd=0.0193 | mom=0.9500 | T=8.0 k=3.8 (mu_rec=8 mu_bwd=4) | grad=2.922 | tok/s=14,360 | tokens=4.03B
step=123080 | loss=5.1903 | lr=3.00e-04 | wd=0.0193 | mom=0.9500 | T=6.8 k=4.0 (mu_rec=8 mu_bwd=4) | grad=2.641 | tok/s=14,060 | tokens=4.03B
step=123090 | loss=4.9056 | lr=3.00e-04 | wd=0.0193 | mom=0.9500 | T=6.8 k=3.2 (mu_rec=8 mu_bwd=4) | grad=2.375 | tok/s=15,119 | tokens=4.03B
step=123100 | loss=5.0613 | lr=3.00e-04 | wd=0.0193 | mom=0.9500 | T=7.8 k=3.8 (mu_rec=8 mu_bwd=4) | grad=2.359 | tok/s=14,460 | tokens=4.03B
step=123110 | loss=5.0267 | lr=3.00e-04 | wd=0.0193 | mom=0.9500 | T=7.0 k=4.0 (mu_rec=8 mu_bwd=4) | grad=5.094 | tok/s=15,196 | tokens=4.03B
step=123120 | loss=5.2962 | lr=3.00e-04 | wd=0.0193 | mom=0.9500 | T=7.0 k=3.2 (mu_rec=8 mu_bwd=4) | grad=2.953 | tok/s=14,439 | tokens=4.03B
step=123130 | loss=4.8293 | lr=3.00e-04 | wd=0.0193 | mom=0.9500 | T=9.0 k=4.0 (mu_rec=8 mu_bwd=4) | grad=2.891 | tok/s=14,131 | tokens=4.03B
step=123140 | loss=4.8714 | lr=3.00e-04 | wd=0.0193 | mom=0.9500 | T=7.5 k=4.0 (mu_rec=8 mu_bwd=4) | grad=4.156 | tok/s=14,601 | tokens=4.04B
step=123150 | loss=4.7292 | lr=3.00e-04 | wd=0.0193 | mom=0.9500 | T=10.2 k=4.0 (mu_rec=8 mu_bwd=4) | grad=3.328 | tok/s=13,629 | tokens=4.04B
step=123160 | loss=4.9750 | lr=3.00e-04 | wd=0.0193 | mom=0.9500 | T=9.2 k=4.0 (mu_rec=8 mu_bwd=4) | grad=2.906 | tok/s=15,072 | tokens=4.04B
step=123170 | loss=4.7810 | lr=3.00e-04 | wd=0.0193 | mom=0.9500 | T=7.8 k=4.0 (mu_rec=8 mu_bwd=4) | grad=14.125 | tok/s=14,444 | tokens=4.04B
step=123180 | loss=4.7508 | lr=3.00e-04 | wd=0.0193 | mom=0.9500 | T=8.2 k=4.0 (mu_rec=8 mu_bwd=4) | grad=2.656 | tok/s=14,868 | tokens=4.04B
step=123190 | loss=5.0694 | lr=3.00e-04 | wd=0.0193 | mom=0.9500 | T=2.8 k=2.2 (mu_rec=8 mu_bwd=4) | grad=4.781 | tok/s=14,786 | tokens=4.04B
step=123200 | loss=5.0129 | lr=3.00e-04 | wd=0.0193 | mom=0.9500 | T=8.2 k=3.5 (mu_rec=8 mu_bwd=4) | grad=3.172 | tok/s=13,175 | tokens=4.04B
step=123210 | loss=4.8872 | lr=3.00e-04 | wd=0.0193 | mom=0.9500 | T=4.5 k=3.0 (mu_rec=8 mu_bwd=4) | grad=2.312 | tok/s=6,551 | tokens=4.04B
step=123220 | loss=5.0065 | lr=3.00e-04 | wd=0.0192 | mom=0.9500 | T=7.2 k=4.0 (mu_rec=8 mu_bwd=4) | grad=2.016 | tok/s=14,555 | tokens=4.04B
step=123230 | loss=4.8996 | lr=3.00e-04 | wd=0.0192 | mom=0.9500 | T=6.8 k=4.0 (mu_rec=8 mu_bwd=4) | grad=2.078 | tok/s=13,750 | tokens=4.04B
step=123240 | loss=4.9345 | lr=3.00e-04 | wd=0.0192 | mom=0.9500 | T=6.8 k=4.0 (mu_rec=8 mu_bwd=4) | grad=2.375 | tok/s=15,182 | tokens=4.04B
step=123250 | loss=4.9779 | lr=3.00e-04 | wd=0.0192 | mom=0.9500 | T=4.2 k=3.0 (mu_rec=8 mu_bwd=4) | grad=3.016 | tok/s=14,146 | tokens=4.04B
step=123260 | loss=4.9477 | lr=3.00e-04 | wd=0.0192 | mom=0.9500 | T=5.0 k=3.5 (mu_rec=8 mu_bwd=4) | grad=3.031 | tok/s=14,877 | tokens=4.04B
step=123270 | loss=4.9151 | lr=3.00e-04 | wd=0.0192 | mom=0.9500 | T=10.0 k=4.0 (mu_rec=8 mu_bwd=4) | grad=4.562 | tok/s=14,312 | tokens=4.04B
step=123280 | loss=4.8742 | lr=3.00e-04 | wd=0.0192 | mom=0.9500 | T=5.8 k=3.2 (mu_rec=8 mu_bwd=4) | grad=3.172 | tok/s=16,364 | tokens=4.04B
step=123290 | loss=4.9999 | lr=3.00e-04 | wd=0.0192 | mom=0.9500 | T=11.8 k=4.0 (mu_rec=8 mu_bwd=4) | grad=2.250 | tok/s=15,570 | tokens=4.04B
step=123300 | loss=4.7527 | lr=3.00e-04 | wd=0.0192 | mom=0.9500 | T=5.0 k=3.8 (mu_rec=8 mu_bwd=4) | grad=3.266 | tok/s=15,499 | tokens=4.04B
step=123310 | loss=4.9359 | lr=3.00e-04 | wd=0.0192 | mom=0.9500 | T=7.2 k=4.0 (mu_rec=8 mu_bwd=4) | grad=1.703 | tok/s=13,217 | tokens=4.04B
step=123320 | loss=4.9302 | lr=3.00e-04 | wd=0.0192 | mom=0.9500 | T=5.0 k=3.0 (mu_rec=8 mu_bwd=4) | grad=2.828 | tok/s=16,014 | tokens=4.04B
step=123330 | loss=5.0407 | lr=3.00e-04 | wd=0.0192 | mom=0.9500 | T=8.5 k=3.5 (mu_rec=8 mu_bwd=4) | grad=2.203 | tok/s=15,546 | tokens=4.04B
step=123340 | loss=5.0818 | lr=3.00e-04 | wd=0.0192 | mom=0.9500 | T=11.5 k=4.0 (mu_rec=8 mu_bwd=4) | grad=3.547 | tok/s=13,965 | tokens=4.04B
step=123350 | loss=5.0595 | lr=3.00e-04 | wd=0.0192 | mom=0.9500 | T=4.2 k=3.2 (mu_rec=8 mu_bwd=4) | grad=3.750 | tok/s=14,260 | tokens=4.04B
step=123360 | loss=5.0760 | lr=3.00e-04 | wd=0.0192 | mom=0.9500 | T=7.0 k=3.8 (mu_rec=8 mu_bwd=4) | grad=3.781 | tok/s=14,207 | tokens=4.04B
step=123370 | loss=5.2380 | lr=3.00e-04 | wd=0.0191 | mom=0.9500 | T=5.0 k=3.0 (mu_rec=8 mu_bwd=4) | grad=3.125 | tok/s=13,143 | tokens=4.04B
step=123380 | loss=5.0245 | lr=3.00e-04 | wd=0.0191 | mom=0.9500 | T=7.0 k=4.0 (mu_rec=8 mu_bwd=4) | grad=2.031 | tok/s=13,338 | tokens=4.04B
step=123390 | loss=4.9172 | lr=3.00e-04 | wd=0.0191 | mom=0.9500 | T=11.0 k=4.0 (mu_rec=8 mu_bwd=4) | grad=2.547 | tok/s=14,527 | tokens=4.04B
step=123400 | loss=4.8429 | lr=3.00e-04 | wd=0.0191 | mom=0.9500 | T=7.5 k=4.0 (mu_rec=8 mu_bwd=4) | grad=2.312 | tok/s=15,266 | tokens=4.04B
step=123410 | loss=4.9936 | lr=3.00e-04 | wd=0.0191 | mom=0.9500 | T=5.8 k=3.5 (mu_rec=8 mu_bwd=4) | grad=3.328 | tok/s=14,213 | tokens=4.04B
step=123420 | loss=5.0058 | lr=3.00e-04 | wd=0.0191 | mom=0.9500 | T=10.5 k=3.8 (mu_rec=8 mu_bwd=4) | grad=2.844 | tok/s=13,952 | tokens=4.04B
step=123430 | loss=4.8228 | lr=3.00e-04 | wd=0.0191 | mom=0.9500 | T=10.2 k=4.0 (mu_rec=8 mu_bwd=4) | grad=2.953 | tok/s=14,776 | tokens=4.04B
step=123440 | loss=5.1322 | lr=3.00e-04 | wd=0.0191 | mom=0.9500 | T=7.8 k=3.5 (mu_rec=8 mu_bwd=4) | grad=7.000 | tok/s=14,853 | tokens=4.04B
step=123450 | loss=5.9115 | lr=3.00e-04 | wd=0.0191 | mom=0.9500 | T=7.2 k=3.2 (mu_rec=8 mu_bwd=4) | grad=4.656 | tok/s=14,503 | tokens=4.05B
step=123460 | loss=5.3070 | lr=3.00e-04 | wd=0.0191 | mom=0.9500 | T=4.5 k=3.5 (mu_rec=8 mu_bwd=4) | grad=4.844 | tok/s=14,634 | tokens=4.05B
step=123470 | loss=5.1170 | lr=3.00e-04 | wd=0.0191 | mom=0.9500 | T=3.2 k=2.5 (mu_rec=8 mu_bwd=4) | grad=2.562 | tok/s=14,583 | tokens=4.05B
step=123480 | loss=5.0461 | lr=3.00e-04 | wd=0.0191 | mom=0.9500 | T=4.8 k=3.8 (mu_rec=8 mu_bwd=4) | grad=5.750 | tok/s=14,114 | tokens=4.05B
step=123490 | loss=5.1561 | lr=3.00e-04 | wd=0.0191 | mom=0.9500 | T=9.5 k=3.8 (mu_rec=8 mu_bwd=4) | grad=2.344 | tok/s=14,916 | tokens=4.05B
step=123500 | loss=4.9482 | lr=3.00e-04 | wd=0.0191 | mom=0.9500 | T=10.2 k=4.0 (mu_rec=8 mu_bwd=4) | grad=2.750 | tok/s=16,454 | tokens=4.05B
step=123510 | loss=5.1267 | lr=3.00e-04 | wd=0.0191 | mom=0.9500 | T=7.8 k=4.0 (mu_rec=8 mu_bwd=4) | grad=3.125 | tok/s=13,667 | tokens=4.05B
step=123520 | loss=4.9741 | lr=3.00e-04 | wd=0.0190 | mom=0.9500 | T=5.2 k=4.0 (mu_rec=8 mu_bwd=4) | grad=5.094 | tok/s=14,289 | tokens=4.05B
step=123530 | loss=5.0635 | lr=3.00e-04 | wd=0.0190 | mom=0.9500 | T=8.0 k=3.5 (mu_rec=8 mu_bwd=4) | grad=4.844 | tok/s=13,709 | tokens=4.05B
step=123540 | loss=5.1197 | lr=3.00e-04 | wd=0.0190 | mom=0.9500 | T=10.2 k=4.0 (mu_rec=8 mu_bwd=4) | grad=2.078 | tok/s=13,643 | tokens=4.05B
step=123550 | loss=4.8404 | lr=3.00e-04 | wd=0.0190 | mom=0.9500 | T=8.5 k=4.0 (mu_rec=8 mu_bwd=4) | grad=1.688 | tok/s=14,389 | tokens=4.05B
step=123560 | loss=4.8644 | lr=3.00e-04 | wd=0.0190 | mom=0.9500 | T=15.8 k=3.8 (mu_rec=8 mu_bwd=4) | grad=3.172 | tok/s=13,324 | tokens=4.05B
step=123570 | loss=4.9413 | lr=3.00e-04 | wd=0.0190 | mom=0.9500 | T=8.8 k=4.0 (mu_rec=8 mu_bwd=4) | grad=4.344 | tok/s=13,903 | tokens=4.05B
step=123580 | loss=4.9966 | lr=3.00e-04 | wd=0.0190 | mom=0.9500 | T=7.2 k=2.8 (mu_rec=8 mu_bwd=4) | grad=2.297 | tok/s=14,220 | tokens=4.05B
step=123590 | loss=4.8834 | lr=3.00e-04 | wd=0.0190 | mom=0.9500 | T=6.8 k=4.0 (mu_rec=8 mu_bwd=4) | grad=2.547 | tok/s=13,891 | tokens=4.05B
step=123600 | loss=4.9043 | lr=3.00e-04 | wd=0.0190 | mom=0.9500 | T=7.2 k=3.2 (mu_rec=8 mu_bwd=4) | grad=1.758 | tok/s=15,563 | tokens=4.05B
step=123610 | loss=4.9370 | lr=3.00e-04 | wd=0.0190 | mom=0.9500 | T=8.0 k=4.0 (mu_rec=8 mu_bwd=4) | grad=2.109 | tok/s=14,167 | tokens=4.05B
step=123620 | loss=4.7438 | lr=3.00e-04 | wd=0.0190 | mom=0.9500 | T=11.0 k=4.0 (mu_rec=8 mu_bwd=4) | grad=1.945 | tok/s=13,542 | tokens=4.05B
step=123630 | loss=4.9853 | lr=3.00e-04 | wd=0.0190 | mom=0.9500 | T=7.8 k=4.0 (mu_rec=8 mu_bwd=4) | grad=3.297 | tok/s=14,630 | tokens=4.05B
step=123640 | loss=5.2291 | lr=3.00e-04 | wd=0.0190 | mom=0.9500 | T=6.2 k=2.8 (mu_rec=8 mu_bwd=4) | grad=2.297 | tok/s=14,070 | tokens=4.05B
step=123650 | loss=4.9555 | lr=3.00e-04 | wd=0.0190 | mom=0.9500 | T=6.5 k=3.2 (mu_rec=8 mu_bwd=4) | grad=3.156 | tok/s=14,781 | tokens=4.05B
step=123660 | loss=4.8931 | lr=3.00e-04 | wd=0.0190 | mom=0.9500 | T=7.2 k=4.0 (mu_rec=8 mu_bwd=4) | grad=2.203 | tok/s=12,951 | tokens=4.05B
step=123670 | loss=4.9658 | lr=3.00e-04 | wd=0.0190 | mom=0.9500 | T=13.0 k=4.0 (mu_rec=8 mu_bwd=4) | grad=2.828 | tok/s=13,975 | tokens=4.05B
step=123680 | loss=4.8418 | lr=3.00e-04 | wd=0.0189 | mom=0.9500 | T=7.0 k=4.0 (mu_rec=8 mu_bwd=4) | grad=2.172 | tok/s=12,800 | tokens=4.05B
step=123690 | loss=4.9855 | lr=3.00e-04 | wd=0.0189 | mom=0.9500 | T=6.2 k=4.0 (mu_rec=8 mu_bwd=4) | grad=2.031 | tok/s=14,068 | tokens=4.05B
step=123700 | loss=5.3063 | lr=3.00e-04 | wd=0.0189 | mom=0.9500 | T=4.2 k=3.5 (mu_rec=8 mu_bwd=4) | grad=5.844 | tok/s=16,500 | tokens=4.05B
step=123710 | loss=5.1616 | lr=3.00e-04 | wd=0.0189 | mom=0.9500 | T=4.5 k=2.5 (mu_rec=8 mu_bwd=4) | grad=3.312 | tok/s=15,504 | tokens=4.05B
step=123720 | loss=5.0052 | lr=3.00e-04 | wd=0.0189 | mom=0.9500 | T=9.2 k=4.0 (mu_rec=8 mu_bwd=4) | grad=3.469 | tok/s=13,817 | tokens=4.05B
step=123730 | loss=4.9865 | lr=3.00e-04 | wd=0.0189 | mom=0.9500 | T=5.0 k=3.0 (mu_rec=8 mu_bwd=4) | grad=4.219 | tok/s=14,344 | tokens=4.05B
step=123740 | loss=5.0177 | lr=3.00e-04 | wd=0.0189 | mom=0.9500 | T=5.5 k=3.2 (mu_rec=8 mu_bwd=4) | grad=4.781 | tok/s=14,345 | tokens=4.05B
step=123750 | loss=5.0669 | lr=3.00e-04 | wd=0.0189 | mom=0.9500 | T=10.2 k=3.8 (mu_rec=8 mu_bwd=4) | grad=4.438 | tok/s=15,166 | tokens=4.06B
step=123760 | loss=5.0502 | lr=3.00e-04 | wd=0.0189 | mom=0.9500 | T=9.5 k=4.0 (mu_rec=8 mu_bwd=4) | grad=2.031 | tok/s=14,737 | tokens=4.06B
step=123770 | loss=4.9919 | lr=3.00e-04 | wd=0.0189 | mom=0.9500 | T=10.0 k=4.0 (mu_rec=8 mu_bwd=4) | grad=5.250 | tok/s=13,249 | tokens=4.06B
step=123780 | loss=4.9295 | lr=3.00e-04 | wd=0.0189 | mom=0.9500 | T=9.5 k=3.8 (mu_rec=8 mu_bwd=4) | grad=2.188 | tok/s=14,751 | tokens=4.06B
step=123790 | loss=4.9524 | lr=3.00e-04 | wd=0.0189 | mom=0.9500 | T=9.2 k=3.8 (mu_rec=8 mu_bwd=4) | grad=3.953 | tok/s=15,333 | tokens=4.06B
step=123800 | loss=4.7913 | lr=3.00e-04 | wd=0.0189 | mom=0.9500 | T=9.8 k=3.8 (mu_rec=8 mu_bwd=4) | grad=4.750 | tok/s=14,076 | tokens=4.06B
step=123810 | loss=4.9737 | lr=3.00e-04 | wd=0.0189 | mom=0.9500 | T=4.8 k=3.5 (mu_rec=8 mu_bwd=4) | grad=2.719 | tok/s=14,011 | tokens=4.06B
step=123820 | loss=5.1821 | lr=3.00e-04 | wd=0.0189 | mom=0.9500 | T=5.8 k=3.5 (mu_rec=8 mu_bwd=4) | grad=3.469 | tok/s=15,546 | tokens=4.06B
step=123830 | loss=5.0715 | lr=3.00e-04 | wd=0.0188 | mom=0.9500 | T=5.8 k=3.5 (mu_rec=8 mu_bwd=4) | grad=4.281 | tok/s=14,815 | tokens=4.06B
step=123840 | loss=5.1627 | lr=3.00e-04 | wd=0.0188 | mom=0.9500 | T=8.2 k=4.0 (mu_rec=8 mu_bwd=4) | grad=2.891 | tok/s=13,966 | tokens=4.06B
step=123850 | loss=4.8313 | lr=3.00e-04 | wd=0.0188 | mom=0.9500 | T=8.0 k=4.0 (mu_rec=8 mu_bwd=4) | grad=3.625 | tok/s=15,023 | tokens=4.06B
step=123860 | loss=4.9790 | lr=3.00e-04 | wd=0.0188 | mom=0.9500 | T=10.0 k=3.2 (mu_rec=8 mu_bwd=4) | grad=1.883 | tok/s=14,388 | tokens=4.06B
step=123870 | loss=4.9724 | lr=3.00e-04 | wd=0.0188 | mom=0.9500 | T=9.5 k=4.0 (mu_rec=8 mu_bwd=4) | grad=1.859 | tok/s=12,601 | tokens=4.06B
step=123880 | loss=4.9899 | lr=3.00e-04 | wd=0.0188 | mom=0.9500 | T=8.8 k=4.0 (mu_rec=8 mu_bwd=4) | grad=2.328 | tok/s=14,090 | tokens=4.06B
step=123890 | loss=5.0134 | lr=3.00e-04 | wd=0.0188 | mom=0.9500 | T=10.5 k=3.8 (mu_rec=8 mu_bwd=4) | grad=2.031 | tok/s=14,323 | tokens=4.06B
step=123900 | loss=4.9311 | lr=3.00e-04 | wd=0.0188 | mom=0.9500 | T=10.0 k=3.8 (mu_rec=8 mu_bwd=4) | grad=2.594 | tok/s=14,692 | tokens=4.06B
step=123910 | loss=4.9856 | lr=3.00e-04 | wd=0.0188 | mom=0.9500 | T=12.2 k=4.0 (mu_rec=8 mu_bwd=4) | grad=1.852 | tok/s=6,162 | tokens=4.06B
step=123920 | loss=5.0342 | lr=3.00e-04 | wd=0.0188 | mom=0.9500 | T=6.2 k=4.0 (mu_rec=8 mu_bwd=4) | grad=4.906 | tok/s=14,009 | tokens=4.06B
step=123930 | loss=4.8702 | lr=3.00e-04 | wd=0.0188 | mom=0.9500 | T=5.2 k=3.2 (mu_rec=8 mu_bwd=4) | grad=3.094 | tok/s=13,939 | tokens=4.06B
step=123940 | loss=5.0947 | lr=3.00e-04 | wd=0.0188 | mom=0.9500 | T=7.2 k=4.0 (mu_rec=8 mu_bwd=4) | grad=6.438 | tok/s=14,784 | tokens=4.06B
step=123950 | loss=4.8137 | lr=3.00e-04 | wd=0.0188 | mom=0.9500 | T=9.8 k=4.0 (mu_rec=8 mu_bwd=4) | grad=2.359 | tok/s=15,142 | tokens=4.06B
step=123960 | loss=4.9106 | lr=3.00e-04 | wd=0.0188 | mom=0.9500 | T=7.0 k=4.0 (mu_rec=8 mu_bwd=4) | grad=2.250 | tok/s=14,475 | tokens=4.06B
step=123970 | loss=5.0224 | lr=3.00e-04 | wd=0.0188 | mom=0.9500 | T=6.5 k=3.8 (mu_rec=8 mu_bwd=4) | grad=5.500 | tok/s=14,734 | tokens=4.06B
step=123980 | loss=4.9688 | lr=3.00e-04 | wd=0.0187 | mom=0.9500 | T=7.8 k=3.8 (mu_rec=8 mu_bwd=4) | grad=2.812 | tok/s=14,837 | tokens=4.06B
step=123990 | loss=4.8232 | lr=3.00e-04 | wd=0.0187 | mom=0.9500 | T=7.2 k=3.2 (mu_rec=8 mu_bwd=4) | grad=2.750 | tok/s=15,281 | tokens=4.06B
step=124000 | loss=5.2289 | lr=3.00e-04 | wd=0.0187 | mom=0.9500 | T=8.0 k=3.8 (mu_rec=8 mu_bwd=4) | grad=13.188 | tok/s=14,604 | tokens=4.06B
[step 124000] Saved -> runs/ccot-5b/checkpoint_0124000
[step 124000] Pruned -> runs/ccot-5b/checkpoint_0118000
step=124010 | loss=5.0301 | lr=3.00e-04 | wd=0.0187 | mom=0.9500 | T=7.2 k=4.0 (mu_rec=8 mu_bwd=4) | grad=3.656 | tok/s=12,539 | tokens=4.06B
step=124020 | loss=5.1161 | lr=3.00e-04 | wd=0.0187 | mom=0.9500 | T=8.5 k=4.0 (mu_rec=8 mu_bwd=4) | grad=2.859 | tok/s=15,287 | tokens=4.06B
step=124030 | loss=5.0836 | lr=3.00e-04 | wd=0.0187 | mom=0.9500 | T=8.2 k=4.0 (mu_rec=8 mu_bwd=4) | grad=1.898 | tok/s=6,633 | tokens=4.06B
step=124040 | loss=5.0059 | lr=3.00e-04 | wd=0.0187 | mom=0.9500 | T=13.8 k=4.0 (mu_rec=8 mu_bwd=4) | grad=2.594 | tok/s=15,160 | tokens=4.06B
step=124050 | loss=4.9259 | lr=3.00e-04 | wd=0.0187 | mom=0.9500 | T=10.5 k=3.5 (mu_rec=8 mu_bwd=4) | grad=2.422 | tok/s=15,910 | tokens=4.06B
step=124060 | loss=5.1092 | lr=3.00e-04 | wd=0.0187 | mom=0.9500 | T=5.0 k=3.5 (mu_rec=8 mu_bwd=4) | grad=3.516 | tok/s=15,271 | tokens=4.07B
step=124070 | loss=4.9629 | lr=3.00e-04 | wd=0.0187 | mom=0.9500 | T=5.8 k=3.2 (mu_rec=8 mu_bwd=4) | grad=3.141 | tok/s=14,322 | tokens=4.07B
step=124080 | loss=4.9272 | lr=3.00e-04 | wd=0.0187 | mom=0.9500 | T=9.2 k=4.0 (mu_rec=8 mu_bwd=4) | grad=2.031 | tok/s=14,408 | tokens=4.07B
step=124090 | loss=4.7596 | lr=3.00e-04 | wd=0.0187 | mom=0.9500 | T=12.2 k=4.0 (mu_rec=8 mu_bwd=4) | grad=2.547 | tok/s=14,417 | tokens=4.07B
step=124100 | loss=4.9686 | lr=3.00e-04 | wd=0.0187 | mom=0.9500 | T=7.8 k=4.0 (mu_rec=8 mu_bwd=4) | grad=2.312 | tok/s=14,890 | tokens=4.07B
step=124110 | loss=5.0609 | lr=3.00e-04 | wd=0.0187 | mom=0.9500 | T=7.2 k=3.8 (mu_rec=8 mu_bwd=4) | grad=2.375 | tok/s=15,063 | tokens=4.07B
step=124120 | loss=5.0279 | lr=3.00e-04 | wd=0.0187 | mom=0.9500 | T=11.5 k=4.0 (mu_rec=8 mu_bwd=4) | grad=5.156 | tok/s=14,106 | tokens=4.07B
step=124130 | loss=4.9162 | lr=3.00e-04 | wd=0.0186 | mom=0.9500 | T=15.0 k=3.8 (mu_rec=8 mu_bwd=4) | grad=3.438 | tok/s=14,569 | tokens=4.07B
step=124140 | loss=5.0783 | lr=3.00e-04 | wd=0.0186 | mom=0.9500 | T=6.8 k=3.8 (mu_rec=8 mu_bwd=4) | grad=2.250 | tok/s=12,953 | tokens=4.07B
step=124150 | loss=4.8647 | lr=3.00e-04 | wd=0.0186 | mom=0.9500 | T=8.8 k=4.0 (mu_rec=8 mu_bwd=4) | grad=2.922 | tok/s=14,515 | tokens=4.07B
step=124160 | loss=5.0657 | lr=3.00e-04 | wd=0.0186 | mom=0.9500 | T=4.8 k=3.0 (mu_rec=8 mu_bwd=4) | grad=2.891 | tok/s=15,255 | tokens=4.07B
step=124170 | loss=5.0538 | lr=3.00e-04 | wd=0.0186 | mom=0.9500 | T=4.2 k=2.8 (mu_rec=8 mu_bwd=4) | grad=3.047 | tok/s=13,373 | tokens=4.07B
step=124180 | loss=4.8315 | lr=3.00e-04 | wd=0.0186 | mom=0.9500 | T=9.5 k=4.0 (mu_rec=8 mu_bwd=4) | grad=3.344 | tok/s=15,158 | tokens=4.07B
step=124190 | loss=4.8312 | lr=3.00e-04 | wd=0.0186 | mom=0.9500 | T=11.5 k=4.0 (mu_rec=8 mu_bwd=4) | grad=3.500 | tok/s=14,525 | tokens=4.07B
step=124200 | loss=5.3686 | lr=3.00e-04 | wd=0.0186 | mom=0.9500 | T=5.0 k=3.5 (mu_rec=8 mu_bwd=4) | grad=4.719 | tok/s=14,450 | tokens=4.07B
step=124210 | loss=5.6748 | lr=3.00e-04 | wd=0.0186 | mom=0.9500 | T=10.0 k=3.2 (mu_rec=8 mu_bwd=4) | grad=3.125 | tok/s=13,182 | tokens=4.07B
step=124220 | loss=4.8745 | lr=3.00e-04 | wd=0.0186 | mom=0.9500 | T=11.0 k=3.8 (mu_rec=8 mu_bwd=4) | grad=2.953 | tok/s=13,009 | tokens=4.07B
step=124230 | loss=5.0587 | lr=3.00e-04 | wd=0.0186 | mom=0.9500 | T=10.8 k=4.0 (mu_rec=8 mu_bwd=4) | grad=2.453 | tok/s=14,540 | tokens=4.07B
step=124240 | loss=4.8532 | lr=3.00e-04 | wd=0.0186 | mom=0.9500 | T=7.0 k=4.0 (mu_rec=8 mu_bwd=4) | grad=6.656 | tok/s=13,935 | tokens=4.07B
step=124250 | loss=4.8764 | lr=3.00e-04 | wd=0.0186 | mom=0.9500 | T=8.8 k=3.2 (mu_rec=8 mu_bwd=4) | grad=2.984 | tok/s=14,431 | tokens=4.07B
step=124260 | loss=5.9162 | lr=3.00e-04 | wd=0.0186 | mom=0.9500 | T=5.0 k=3.0 (mu_rec=8 mu_bwd=4) | grad=5.375 | tok/s=14,049 | tokens=4.07B
step=124270 | loss=5.6564 | lr=3.00e-04 | wd=0.0186 | mom=0.9500 | T=5.8 k=2.8 (mu_rec=8 mu_bwd=4) | grad=4.125 | tok/s=14,026 | tokens=4.07B
step=124280 | loss=5.0322 | lr=3.00e-04 | wd=0.0186 | mom=0.9500 | T=5.5 k=3.0 (mu_rec=8 mu_bwd=4) | grad=3.062 | tok/s=14,644 | tokens=4.07B
step=124290 | loss=4.7145 | lr=3.00e-04 | wd=0.0185 | mom=0.9500 | T=7.2 k=3.8 (mu_rec=8 mu_bwd=4) | grad=3.234 | tok/s=14,197 | tokens=4.07B
step=124300 | loss=4.8786 | lr=3.00e-04 | wd=0.0185 | mom=0.9500 | T=7.5 k=3.8 (mu_rec=8 mu_bwd=4) | grad=2.875 | tok/s=13,477 | tokens=4.07B
step=124310 | loss=5.1403 | lr=3.00e-04 | wd=0.0185 | mom=0.9500 | T=8.8 k=4.0 (mu_rec=8 mu_bwd=4) | grad=7.781 | tok/s=13,427 | tokens=4.07B
step=124320 | loss=5.6476 | lr=3.00e-04 | wd=0.0185 | mom=0.9500 | T=6.5 k=3.2 (mu_rec=8 mu_bwd=4) | grad=3.188 | tok/s=13,942 | tokens=4.07B
step=124330 | loss=4.8790 | lr=3.00e-04 | wd=0.0185 | mom=0.9500 | T=6.2 k=4.0 (mu_rec=8 mu_bwd=4) | grad=5.062 | tok/s=14,743 | tokens=4.07B
step=124340 | loss=4.8080 | lr=3.00e-04 | wd=0.0185 | mom=0.9500 | T=7.5 k=3.8 (mu_rec=8 mu_bwd=4) | grad=2.844 | tok/s=15,719 | tokens=4.07B
step=124350 | loss=5.0061 | lr=3.00e-04 | wd=0.0185 | mom=0.9500 | T=4.8 k=3.0 (mu_rec=8 mu_bwd=4) | grad=3.375 | tok/s=14,616 | tokens=4.07B
step=124360 | loss=4.9126 | lr=3.00e-04 | wd=0.0185 | mom=0.9500 | T=6.8 k=3.0 (mu_rec=8 mu_bwd=4) | grad=2.422 | tok/s=12,746 | tokens=4.08B
step=124370 | loss=5.0816 | lr=3.00e-04 | wd=0.0185 | mom=0.9500 | T=8.5 k=3.8 (mu_rec=8 mu_bwd=4) | grad=2.531 | tok/s=14,174 | tokens=4.08B
step=124380 | loss=4.8212 | lr=3.00e-04 | wd=0.0185 | mom=0.9500 | T=3.2 k=3.2 (mu_rec=8 mu_bwd=4) | grad=3.641 | tok/s=13,294 | tokens=4.08B
step=124390 | loss=4.8772 | lr=3.00e-04 | wd=0.0185 | mom=0.9500 | T=10.0 k=4.0 (mu_rec=8 mu_bwd=4) | grad=2.406 | tok/s=14,618 | tokens=4.08B
step=124400 | loss=4.9857 | lr=3.00e-04 | wd=0.0185 | mom=0.9500 | T=4.5 k=3.8 (mu_rec=8 mu_bwd=4) | grad=7.031 | tok/s=14,657 | tokens=4.08B
step=124410 | loss=4.9733 | lr=3.00e-04 | wd=0.0185 | mom=0.9500 | T=8.8 k=3.8 (mu_rec=8 mu_bwd=4) | grad=2.125 | tok/s=15,103 | tokens=4.08B
step=124420 | loss=5.1504 | lr=3.00e-04 | wd=0.0185 | mom=0.9500 | T=9.8 k=4.0 (mu_rec=8 mu_bwd=4) | grad=1.977 | tok/s=14,050 | tokens=4.08B
step=124430 | loss=4.9682 | lr=3.00e-04 | wd=0.0185 | mom=0.9500 | T=14.0 k=4.0 (mu_rec=8 mu_bwd=4) | grad=2.703 | tok/s=14,209 | tokens=4.08B
step=124440 | loss=4.8271 | lr=3.00e-04 | wd=0.0184 | mom=0.9500 | T=6.5 k=3.2 (mu_rec=8 mu_bwd=4) | grad=2.797 | tok/s=13,885 | tokens=4.08B
step=124450 | loss=4.8747 | lr=3.00e-04 | wd=0.0184 | mom=0.9500 | T=7.5 k=3.5 (mu_rec=8 mu_bwd=4) | grad=2.219 | tok/s=14,317 | tokens=4.08B
step=124460 | loss=4.9043 | lr=3.00e-04 | wd=0.0184 | mom=0.9500 | T=6.8 k=4.0 (mu_rec=8 mu_bwd=4) | grad=2.734 | tok/s=15,229 | tokens=4.08B
step=124470 | loss=4.9506 | lr=3.00e-04 | wd=0.0184 | mom=0.9500 | T=8.5 k=4.0 (mu_rec=8 mu_bwd=4) | grad=2.141 | tok/s=13,537 | tokens=4.08B
step=124480 | loss=4.9579 | lr=3.00e-04 | wd=0.0184 | mom=0.9500 | T=5.8 k=3.2 (mu_rec=8 mu_bwd=4) | grad=1.875 | tok/s=14,159 | tokens=4.08B
step=124490 | loss=5.1334 | lr=3.00e-04 | wd=0.0184 | mom=0.9500 | T=9.5 k=3.5 (mu_rec=8 mu_bwd=4) | grad=2.031 | tok/s=13,940 | tokens=4.08B
step=124500 | loss=4.9948 | lr=3.00e-04 | wd=0.0184 | mom=0.9500 | T=6.2 k=3.8 (mu_rec=8 mu_bwd=4) | grad=2.188 | tok/s=14,970 | tokens=4.08B
step=124510 | loss=5.0654 | lr=3.00e-04 | wd=0.0184 | mom=0.9500 | T=5.8 k=3.2 (mu_rec=8 mu_bwd=4) | grad=4.906 | tok/s=14,892 | tokens=4.08B
step=124520 | loss=4.9904 | lr=3.00e-04 | wd=0.0184 | mom=0.9500 | T=5.8 k=3.5 (mu_rec=8 mu_bwd=4) | grad=3.000 | tok/s=14,263 | tokens=4.08B
step=124530 | loss=5.0772 | lr=3.00e-04 | wd=0.0184 | mom=0.9500 | T=7.5 k=3.8 (mu_rec=8 mu_bwd=4) | grad=2.672 | tok/s=14,817 | tokens=4.08B
step=124540 | loss=4.9415 | lr=3.00e-04 | wd=0.0184 | mom=0.9500 | T=7.5 k=3.2 (mu_rec=8 mu_bwd=4) | grad=2.672 | tok/s=14,832 | tokens=4.08B
step=124550 | loss=4.8776 | lr=3.00e-04 | wd=0.0184 | mom=0.9500 | T=6.0 k=3.5 (mu_rec=8 mu_bwd=4) | grad=1.945 | tok/s=13,506 | tokens=4.08B
step=124560 | loss=5.0028 | lr=3.00e-04 | wd=0.0184 | mom=0.9500 | T=7.0 k=4.0 (mu_rec=8 mu_bwd=4) | grad=2.406 | tok/s=12,804 | tokens=4.08B
step=124570 | loss=4.9343 | lr=3.00e-04 | wd=0.0184 | mom=0.9500 | T=8.5 k=3.5 (mu_rec=8 mu_bwd=4) | grad=4.219 | tok/s=12,921 | tokens=4.08B
step=124580 | loss=5.1044 | lr=3.00e-04 | wd=0.0184 | mom=0.9500 | T=5.5 k=3.5 (mu_rec=8 mu_bwd=4) | grad=2.422 | tok/s=14,363 | tokens=4.08B
step=124590 | loss=4.9680 | lr=3.00e-04 | wd=0.0183 | mom=0.9500 | T=8.2 k=4.0 (mu_rec=8 mu_bwd=4) | grad=2.797 | tok/s=14,566 | tokens=4.08B
step=124600 | loss=5.2694 | lr=3.00e-04 | wd=0.0183 | mom=0.9500 | T=8.0 k=4.0 (mu_rec=8 mu_bwd=4) | grad=2.953 | tok/s=14,012 | tokens=4.08B
step=124610 | loss=4.9907 | lr=3.00e-04 | wd=0.0183 | mom=0.9500 | T=6.5 k=4.0 (mu_rec=8 mu_bwd=4) | grad=6.219 | tok/s=15,355 | tokens=4.08B
step=124620 | loss=5.0342 | lr=3.00e-04 | wd=0.0183 | mom=0.9500 | T=5.8 k=3.0 (mu_rec=8 mu_bwd=4) | grad=2.797 | tok/s=13,508 | tokens=4.08B
step=124630 | loss=4.9433 | lr=3.00e-04 | wd=0.0183 | mom=0.9500 | T=6.0 k=3.5 (mu_rec=8 mu_bwd=4) | grad=2.328 | tok/s=14,271 | tokens=4.08B
step=124640 | loss=4.9725 | lr=3.00e-04 | wd=0.0183 | mom=0.9500 | T=9.8 k=3.5 (mu_rec=8 mu_bwd=4) | grad=2.719 | tok/s=13,591 | tokens=4.08B
step=124650 | loss=5.2225 | lr=3.00e-04 | wd=0.0183 | mom=0.9500 | T=7.5 k=3.8 (mu_rec=8 mu_bwd=4) | grad=4.094 | tok/s=13,060 | tokens=4.08B
step=124660 | loss=4.8151 | lr=3.00e-04 | wd=0.0183 | mom=0.9500 | T=10.5 k=4.0 (mu_rec=8 mu_bwd=4) | grad=2.734 | tok/s=15,248 | tokens=4.08B
step=124670 | loss=4.9182 | lr=3.00e-04 | wd=0.0183 | mom=0.9500 | T=12.0 k=3.2 (mu_rec=8 mu_bwd=4) | grad=2.375 | tok/s=13,866 | tokens=4.09B
step=124680 | loss=5.0734 | lr=3.00e-04 | wd=0.0183 | mom=0.9500 | T=9.2 k=3.2 (mu_rec=8 mu_bwd=4) | grad=2.578 | tok/s=12,465 | tokens=4.09B
step=124690 | loss=5.1065 | lr=3.00e-04 | wd=0.0183 | mom=0.9500 | T=7.0 k=3.5 (mu_rec=8 mu_bwd=4) | grad=12.938 | tok/s=14,024 | tokens=4.09B
step=124700 | loss=4.9963 | lr=3.00e-04 | wd=0.0183 | mom=0.9500 | T=7.8 k=3.5 (mu_rec=8 mu_bwd=4) | grad=2.578 | tok/s=13,756 | tokens=4.09B
step=124710 | loss=4.9903 | lr=3.00e-04 | wd=0.0183 | mom=0.9500 | T=5.8 k=3.5 (mu_rec=8 mu_bwd=4) | grad=3.469 | tok/s=14,888 | tokens=4.09B
step=124720 | loss=4.9395 | lr=3.00e-04 | wd=0.0183 | mom=0.9500 | T=6.0 k=3.5 (mu_rec=8 mu_bwd=4) | grad=2.453 | tok/s=14,352 | tokens=4.09B
step=124730 | loss=4.9630 | lr=3.00e-04 | wd=0.0183 | mom=0.9500 | T=10.5 k=4.0 (mu_rec=8 mu_bwd=4) | grad=2.703 | tok/s=15,794 | tokens=4.09B
step=124740 | loss=5.0915 | lr=3.00e-04 | wd=0.0182 | mom=0.9500 | T=9.2 k=3.2 (mu_rec=8 mu_bwd=4) | grad=2.438 | tok/s=12,915 | tokens=4.09B
step=124750 | loss=5.0281 | lr=3.00e-04 | wd=0.0182 | mom=0.9500 | T=3.2 k=2.5 (mu_rec=8 mu_bwd=4) | grad=3.234 | tok/s=15,332 | tokens=4.09B
step=124760 | loss=4.9341 | lr=3.00e-04 | wd=0.0182 | mom=0.9500 | T=10.0 k=4.0 (mu_rec=8 mu_bwd=4) | grad=2.078 | tok/s=14,272 | tokens=4.09B
step=124770 | loss=4.9749 | lr=3.00e-04 | wd=0.0182 | mom=0.9500 | T=16.8 k=4.0 (mu_rec=8 mu_bwd=4) | grad=3.406 | tok/s=13,072 | tokens=4.09B
step=124780 | loss=5.2125 | lr=3.00e-04 | wd=0.0182 | mom=0.9500 | T=7.2 k=4.0 (mu_rec=8 mu_bwd=4) | grad=6.250 | tok/s=5,805 | tokens=4.09B
step=124790 | loss=5.2531 | lr=3.00e-04 | wd=0.0182 | mom=0.9500 | T=10.5 k=4.0 (mu_rec=8 mu_bwd=4) | grad=10.938 | tok/s=15,039 | tokens=4.09B
step=124800 | loss=4.6708 | lr=3.00e-04 | wd=0.0182 | mom=0.9500 | T=9.2 k=3.8 (mu_rec=8 mu_bwd=4) | grad=1.930 | tok/s=13,219 | tokens=4.09B
step=124810 | loss=4.9846 | lr=3.00e-04 | wd=0.0182 | mom=0.9500 | T=8.8 k=4.0 (mu_rec=8 mu_bwd=4) | grad=3.125 | tok/s=14,253 | tokens=4.09B
step=124820 | loss=4.9600 | lr=3.00e-04 | wd=0.0182 | mom=0.9500 | T=7.8 k=4.0 (mu_rec=8 mu_bwd=4) | grad=2.938 | tok/s=14,357 | tokens=4.09B
step=124830 | loss=5.0251 | lr=3.00e-04 | wd=0.0182 | mom=0.9500 | T=8.2 k=4.0 (mu_rec=8 mu_bwd=4) | grad=8.375 | tok/s=13,619 | tokens=4.09B
step=124840 | loss=4.8576 | lr=3.00e-04 | wd=0.0182 | mom=0.9500 | T=4.8 k=4.0 (mu_rec=8 mu_bwd=4) | grad=3.016 | tok/s=14,673 | tokens=4.09B
step=124850 | loss=5.1154 | lr=3.00e-04 | wd=0.0182 | mom=0.9500 | T=6.0 k=4.0 (mu_rec=8 mu_bwd=4) | grad=6.000 | tok/s=13,599 | tokens=4.09B
step=124860 | loss=5.1569 | lr=3.00e-04 | wd=0.0182 | mom=0.9500 | T=7.8 k=4.0 (mu_rec=8 mu_bwd=4) | grad=3.344 | tok/s=14,802 | tokens=4.09B
step=124870 | loss=4.9896 | lr=3.00e-04 | wd=0.0182 | mom=0.9500 | T=7.2 k=3.8 (mu_rec=8 mu_bwd=4) | grad=3.250 | tok/s=14,742 | tokens=4.09B
step=124880 | loss=5.0149 | lr=3.00e-04 | wd=0.0182 | mom=0.9500 | T=6.2 k=4.0 (mu_rec=8 mu_bwd=4) | grad=2.688 | tok/s=14,175 | tokens=4.09B
step=124890 | loss=4.7613 | lr=3.00e-04 | wd=0.0182 | mom=0.9500 | T=6.8 k=3.2 (mu_rec=8 mu_bwd=4) | grad=1.930 | tok/s=6,234 | tokens=4.09B
step=124900 | loss=4.8982 | lr=3.00e-04 | wd=0.0181 | mom=0.9500 | T=8.0 k=4.0 (mu_rec=8 mu_bwd=4) | grad=2.375 | tok/s=13,883 | tokens=4.09B
step=124910 | loss=4.9740 | lr=3.00e-04 | wd=0.0181 | mom=0.9500 | T=6.8 k=3.8 (mu_rec=8 mu_bwd=4) | grad=2.281 | tok/s=13,253 | tokens=4.09B
step=124920 | loss=4.9598 | lr=3.00e-04 | wd=0.0181 | mom=0.9500 | T=8.2 k=4.0 (mu_rec=8 mu_bwd=4) | grad=3.203 | tok/s=15,163 | tokens=4.09B
step=124930 | loss=5.1160 | lr=3.00e-04 | wd=0.0181 | mom=0.9500 | T=16.5 k=3.8 (mu_rec=8 mu_bwd=4) | grad=3.234 | tok/s=14,047 | tokens=4.09B
step=124940 | loss=5.0147 | lr=3.00e-04 | wd=0.0181 | mom=0.9500 | T=10.5 k=4.0 (mu_rec=8 mu_bwd=4) | grad=3.547 | tok/s=13,500 | tokens=4.09B
step=124950 | loss=5.0661 | lr=3.00e-04 | wd=0.0181 | mom=0.9500 | T=6.0 k=3.2 (mu_rec=8 mu_bwd=4) | grad=6.500 | tok/s=14,669 | tokens=4.09B
step=124960 | loss=5.1425 | lr=3.00e-04 | wd=0.0181 | mom=0.9500 | T=3.8 k=3.5 (mu_rec=8 mu_bwd=4) | grad=3.281 | tok/s=14,775 | tokens=4.09B
step=124970 | loss=5.0664 | lr=3.00e-04 | wd=0.0181 | mom=0.9500 | T=9.5 k=4.0 (mu_rec=8 mu_bwd=4) | grad=2.469 | tok/s=14,146 | tokens=4.10B
step=124980 | loss=4.9376 | lr=3.00e-04 | wd=0.0181 | mom=0.9500 | T=8.2 k=4.0 (mu_rec=8 mu_bwd=4) | grad=2.734 | tok/s=14,040 | tokens=4.10B
step=124990 | loss=5.0191 | lr=3.00e-04 | wd=0.0181 | mom=0.9500 | T=8.0 k=2.8 (mu_rec=8 mu_bwd=4) | grad=2.641 | tok/s=14,190 | tokens=4.10B
step=125000 | loss=4.9507 | lr=3.00e-04 | wd=0.0181 | mom=0.9500 | T=9.0 k=4.0 (mu_rec=8 mu_bwd=4) | grad=3.781 | tok/s=14,863 | tokens=4.10B
step=125010 | loss=5.0739 | lr=3.00e-04 | wd=0.0181 | mom=0.9500 | T=8.5 k=3.2 (mu_rec=8 mu_bwd=4) | grad=2.922 | tok/s=14,500 | tokens=4.10B
step=125020 | loss=4.9936 | lr=3.00e-04 | wd=0.0181 | mom=0.9500 | T=5.2 k=3.0 (mu_rec=8 mu_bwd=4) | grad=1.953 | tok/s=13,097 | tokens=4.10B
step=125030 | loss=4.8822 | lr=3.00e-04 | wd=0.0181 | mom=0.9500 | T=6.0 k=3.2 (mu_rec=8 mu_bwd=4) | grad=6.094 | tok/s=14,020 | tokens=4.10B
step=125040 | loss=4.8850 | lr=3.00e-04 | wd=0.0181 | mom=0.9500 | T=5.0 k=3.8 (mu_rec=8 mu_bwd=4) | grad=3.203 | tok/s=15,343 | tokens=4.10B
step=125050 | loss=4.9680 | lr=3.00e-04 | wd=0.0180 | mom=0.9500 | T=7.0 k=4.0 (mu_rec=8 mu_bwd=4) | grad=3.156 | tok/s=15,025 | tokens=4.10B
step=125060 | loss=5.0452 | lr=3.00e-04 | wd=0.0180 | mom=0.9500 | T=6.0 k=3.2 (mu_rec=8 mu_bwd=4) | grad=2.406 | tok/s=14,013 | tokens=4.10B
step=125070 | loss=4.9537 | lr=3.00e-04 | wd=0.0180 | mom=0.9500 | T=7.0 k=3.5 (mu_rec=8 mu_bwd=4) | grad=5.969 | tok/s=15,342 | tokens=4.10B
step=125080 | loss=4.8765 | lr=3.00e-04 | wd=0.0180 | mom=0.9500 | T=11.2 k=4.0 (mu_rec=8 mu_bwd=4) | grad=2.547 | tok/s=12,980 | tokens=4.10B
step=125090 | loss=4.8976 | lr=3.00e-04 | wd=0.0180 | mom=0.9500 | T=11.5 k=4.0 (mu_rec=8 mu_bwd=4) | grad=3.219 | tok/s=13,613 | tokens=4.10B
step=125100 | loss=5.1202 | lr=3.00e-04 | wd=0.0180 | mom=0.9500 | T=5.0 k=3.5 (mu_rec=8 mu_bwd=4) | grad=2.609 | tok/s=15,749 | tokens=4.10B
step=125110 | loss=5.3467 | lr=3.00e-04 | wd=0.0180 | mom=0.9500 | T=8.0 k=4.0 (mu_rec=8 mu_bwd=4) | grad=3.766 | tok/s=14,379 | tokens=4.10B
step=125120 | loss=5.0780 | lr=3.00e-04 | wd=0.0180 | mom=0.9500 | T=4.8 k=3.2 (mu_rec=8 mu_bwd=4) | grad=4.688 | tok/s=15,402 | tokens=4.10B
step=125130 | loss=4.9180 | lr=3.00e-04 | wd=0.0180 | mom=0.9500 | T=13.0 k=4.0 (mu_rec=8 mu_bwd=4) | grad=2.656 | tok/s=15,459 | tokens=4.10B
step=125140 | loss=5.0024 | lr=3.00e-04 | wd=0.0180 | mom=0.9500 | T=3.8 k=3.2 (mu_rec=8 mu_bwd=4) | grad=3.125 | tok/s=16,827 | tokens=4.10B
step=125150 | loss=4.8968 | lr=3.00e-04 | wd=0.0180 | mom=0.9500 | T=8.0 k=4.0 (mu_rec=8 mu_bwd=4) | grad=4.719 | tok/s=14,327 | tokens=4.10B
step=125160 | loss=5.1281 | lr=3.00e-04 | wd=0.0180 | mom=0.9500 | T=10.8 k=3.5 (mu_rec=8 mu_bwd=4) | grad=4.500 | tok/s=13,704 | tokens=4.10B
step=125170 | loss=4.6179 | lr=3.00e-04 | wd=0.0180 | mom=0.9500 | T=5.8 k=4.0 (mu_rec=8 mu_bwd=4) | grad=3.000 | tok/s=14,972 | tokens=4.10B
step=125180 | loss=4.9129 | lr=3.00e-04 | wd=0.0180 | mom=0.9500 | T=5.0 k=3.5 (mu_rec=8 mu_bwd=4) | grad=2.453 | tok/s=14,527 | tokens=4.10B
step=125190 | loss=4.9013 | lr=3.00e-04 | wd=0.0180 | mom=0.9500 | T=8.8 k=4.0 (mu_rec=8 mu_bwd=4) | grad=1.852 | tok/s=14,040 | tokens=4.10B
step=125200 | loss=4.9969 | lr=3.00e-04 | wd=0.0179 | mom=0.9500 | T=9.2 k=4.0 (mu_rec=8 mu_bwd=4) | grad=8.125 | tok/s=15,720 | tokens=4.10B
step=125210 | loss=4.8678 | lr=3.00e-04 | wd=0.0179 | mom=0.9500 | T=5.5 k=4.0 (mu_rec=8 mu_bwd=4) | grad=4.125 | tok/s=14,164 | tokens=4.10B
step=125220 | loss=4.8586 | lr=3.00e-04 | wd=0.0179 | mom=0.9500 | T=11.5 k=4.0 (mu_rec=8 mu_bwd=4) | grad=2.453 | tok/s=14,110 | tokens=4.10B
step=125230 | loss=4.9106 | lr=3.00e-04 | wd=0.0179 | mom=0.9500 | T=11.8 k=4.0 (mu_rec=8 mu_bwd=4) | grad=2.922 | tok/s=13,226 | tokens=4.10B
step=125240 | loss=5.1040 | lr=3.00e-04 | wd=0.0179 | mom=0.9500 | T=10.8 k=4.0 (mu_rec=8 mu_bwd=4) | grad=3.391 | tok/s=13,646 | tokens=4.10B
step=125250 | loss=5.1651 | lr=3.00e-04 | wd=0.0179 | mom=0.9500 | T=8.5 k=3.8 (mu_rec=8 mu_bwd=4) | grad=4.656 | tok/s=15,305 | tokens=4.10B
step=125260 | loss=5.0186 | lr=3.00e-04 | wd=0.0179 | mom=0.9500 | T=9.2 k=4.0 (mu_rec=8 mu_bwd=4) | grad=3.156 | tok/s=12,589 | tokens=4.10B
step=125270 | loss=4.9745 | lr=3.00e-04 | wd=0.0179 | mom=0.9500 | T=8.2 k=4.0 (mu_rec=8 mu_bwd=4) | grad=3.812 | tok/s=13,424 | tokens=4.10B
step=125280 | loss=5.0421 | lr=3.00e-04 | wd=0.0179 | mom=0.9500 | T=5.0 k=3.2 (mu_rec=8 mu_bwd=4) | grad=2.266 | tok/s=15,205 | tokens=4.11B
step=125290 | loss=5.1722 | lr=3.00e-04 | wd=0.0179 | mom=0.9500 | T=5.5 k=2.8 (mu_rec=8 mu_bwd=4) | grad=2.656 | tok/s=15,707 | tokens=4.11B
step=125300 | loss=4.9639 | lr=3.00e-04 | wd=0.0179 | mom=0.9500 | T=4.8 k=3.2 (mu_rec=8 mu_bwd=4) | grad=2.359 | tok/s=12,790 | tokens=4.11B
step=125310 | loss=5.0205 | lr=3.00e-04 | wd=0.0179 | mom=0.9500 | T=10.2 k=3.8 (mu_rec=8 mu_bwd=4) | grad=2.500 | tok/s=14,695 | tokens=4.11B
step=125320 | loss=4.6964 | lr=3.00e-04 | wd=0.0179 | mom=0.9500 | T=8.2 k=3.8 (mu_rec=8 mu_bwd=4) | grad=3.812 | tok/s=14,548 | tokens=4.11B
step=125330 | loss=4.9380 | lr=3.00e-04 | wd=0.0179 | mom=0.9500 | T=7.0 k=4.0 (mu_rec=8 mu_bwd=4) | grad=2.250 | tok/s=14,027 | tokens=4.11B
step=125340 | loss=5.0568 | lr=3.00e-04 | wd=0.0179 | mom=0.9500 | T=5.2 k=3.2 (mu_rec=8 mu_bwd=4) | grad=2.844 | tok/s=13,896 | tokens=4.11B
step=125350 | loss=4.9769 | lr=3.00e-04 | wd=0.0178 | mom=0.9500 | T=12.5 k=4.0 (mu_rec=8 mu_bwd=4) | grad=5.250 | tok/s=13,932 | tokens=4.11B
step=125360 | loss=4.9480 | lr=3.00e-04 | wd=0.0178 | mom=0.9500 | T=8.0 k=3.2 (mu_rec=8 mu_bwd=4) | grad=2.562 | tok/s=14,311 | tokens=4.11B
step=125370 | loss=5.0086 | lr=3.00e-04 | wd=0.0178 | mom=0.9500 | T=7.5 k=3.5 (mu_rec=8 mu_bwd=4) | grad=4.500 | tok/s=15,319 | tokens=4.11B
step=125380 | loss=4.7788 | lr=3.00e-04 | wd=0.0178 | mom=0.9500 | T=11.2 k=4.0 (mu_rec=8 mu_bwd=4) | grad=2.531 | tok/s=12,996 | tokens=4.11B
step=125390 | loss=4.8947 | lr=3.00e-04 | wd=0.0178 | mom=0.9500 | T=6.5 k=4.0 (mu_rec=8 mu_bwd=4) | grad=4.969 | tok/s=15,010 | tokens=4.11B
step=125400 | loss=5.0415 | lr=3.00e-04 | wd=0.0178 | mom=0.9500 | T=9.0 k=4.0 (mu_rec=8 mu_bwd=4) | grad=2.953 | tok/s=13,974 | tokens=4.11B
step=125410 | loss=4.8950 | lr=3.00e-04 | wd=0.0178 | mom=0.9500 | T=4.8 k=3.2 (mu_rec=8 mu_bwd=4) | grad=3.859 | tok/s=15,943 | tokens=4.11B
step=125420 | loss=5.0266 | lr=3.00e-04 | wd=0.0178 | mom=0.9500 | T=8.2 k=4.0 (mu_rec=8 mu_bwd=4) | grad=2.984 | tok/s=13,564 | tokens=4.11B
step=125430 | loss=4.7890 | lr=3.00e-04 | wd=0.0178 | mom=0.9500 | T=7.5 k=3.5 (mu_rec=8 mu_bwd=4) | grad=2.297 | tok/s=14,364 | tokens=4.11B
step=125440 | loss=5.0360 | lr=3.00e-04 | wd=0.0178 | mom=0.9500 | T=7.5 k=4.0 (mu_rec=8 mu_bwd=4) | grad=2.297 | tok/s=13,464 | tokens=4.11B
step=125450 | loss=4.6732 | lr=3.00e-04 | wd=0.0178 | mom=0.9500 | T=7.5 k=4.0 (mu_rec=8 mu_bwd=4) | grad=2.688 | tok/s=13,235 | tokens=4.11B
step=125460 | loss=5.0033 | lr=3.00e-04 | wd=0.0178 | mom=0.9500 | T=8.5 k=3.8 (mu_rec=8 mu_bwd=4) | grad=2.438 | tok/s=15,177 | tokens=4.11B
step=125470 | loss=4.9176 | lr=3.00e-04 | wd=0.0178 | mom=0.9500 | T=15.5 k=4.0 (mu_rec=8 mu_bwd=4) | grad=3.969 | tok/s=13,659 | tokens=4.11B
step=125480 | loss=5.0433 | lr=3.00e-04 | wd=0.0178 | mom=0.9500 | T=9.0 k=4.0 (mu_rec=8 mu_bwd=4) | grad=5.312 | tok/s=13,827 | tokens=4.11B
step=125490 | loss=5.0189 | lr=3.00e-04 | wd=0.0178 | mom=0.9500 | T=14.5 k=4.0 (mu_rec=8 mu_bwd=4) | grad=2.188 | tok/s=14,137 | tokens=4.11B
step=125500 | loss=4.9290 | lr=3.00e-04 | wd=0.0178 | mom=0.9500 | T=8.2 k=4.0 (mu_rec=8 mu_bwd=4) | grad=3.578 | tok/s=14,413 | tokens=4.11B
step=125510 | loss=4.8090 | lr=3.00e-04 | wd=0.0177 | mom=0.9500 | T=12.8 k=4.0 (mu_rec=8 mu_bwd=4) | grad=3.109 | tok/s=13,838 | tokens=4.11B
step=125520 | loss=4.9267 | lr=3.00e-04 | wd=0.0177 | mom=0.9500 | T=5.8 k=3.5 (mu_rec=8 mu_bwd=4) | grad=2.828 | tok/s=15,173 | tokens=4.11B
step=125530 | loss=4.6922 | lr=3.00e-04 | wd=0.0177 | mom=0.9500 | T=7.0 k=3.5 (mu_rec=8 mu_bwd=4) | grad=2.578 | tok/s=14,145 | tokens=4.11B
step=125540 | loss=4.9215 | lr=3.00e-04 | wd=0.0177 | mom=0.9500 | T=7.8 k=4.0 (mu_rec=8 mu_bwd=4) | grad=6.938 | tok/s=14,972 | tokens=4.11B
step=125550 | loss=4.9459 | lr=3.00e-04 | wd=0.0177 | mom=0.9500 | T=12.0 k=4.0 (mu_rec=8 mu_bwd=4) | grad=2.375 | tok/s=13,435 | tokens=4.11B
step=125560 | loss=4.9894 | lr=3.00e-04 | wd=0.0177 | mom=0.9500 | T=6.2 k=3.5 (mu_rec=8 mu_bwd=4) | grad=3.453 | tok/s=15,005 | tokens=4.11B
step=125570 | loss=5.2213 | lr=3.00e-04 | wd=0.0177 | mom=0.9500 | T=4.2 k=3.5 (mu_rec=8 mu_bwd=4) | grad=2.594 | tok/s=14,511 | tokens=4.11B
step=125580 | loss=4.9407 | lr=3.00e-04 | wd=0.0177 | mom=0.9500 | T=6.5 k=3.8 (mu_rec=8 mu_bwd=4) | grad=6.750 | tok/s=14,235 | tokens=4.12B
step=125590 | loss=4.8728 | lr=3.00e-04 | wd=0.0177 | mom=0.9500 | T=8.2 k=3.8 (mu_rec=8 mu_bwd=4) | grad=3.609 | tok/s=15,200 | tokens=4.12B
step=125600 | loss=4.8986 | lr=3.00e-04 | wd=0.0177 | mom=0.9500 | T=7.5 k=4.0 (mu_rec=8 mu_bwd=4) | grad=2.906 | tok/s=12,822 | tokens=4.12B
step=125610 | loss=4.8102 | lr=3.00e-04 | wd=0.0177 | mom=0.9500 | T=11.8 k=3.8 (mu_rec=8 mu_bwd=4) | grad=2.844 | tok/s=14,269 | tokens=4.12B
step=125620 | loss=4.6504 | lr=3.00e-04 | wd=0.0177 | mom=0.9500 | T=5.8 k=3.0 (mu_rec=8 mu_bwd=4) | grad=2.891 | tok/s=14,908 | tokens=4.12B
step=125630 | loss=5.0663 | lr=3.00e-04 | wd=0.0177 | mom=0.9500 | T=7.0 k=3.5 (mu_rec=8 mu_bwd=4) | grad=2.891 | tok/s=14,943 | tokens=4.12B
step=125640 | loss=5.2149 | lr=3.00e-04 | wd=0.0177 | mom=0.9500 | T=15.5 k=4.0 (mu_rec=8 mu_bwd=4) | grad=2.531 | tok/s=14,171 | tokens=4.12B
step=125650 | loss=5.0634 | lr=3.00e-04 | wd=0.0177 | mom=0.9500 | T=14.2 k=4.0 (mu_rec=8 mu_bwd=4) | grad=2.672 | tok/s=14,446 | tokens=4.12B
step=125660 | loss=4.9860 | lr=3.00e-04 | wd=0.0176 | mom=0.9500 | T=5.8 k=3.0 (mu_rec=8 mu_bwd=4) | grad=3.984 | tok/s=14,007 | tokens=4.12B
step=125670 | loss=5.0302 | lr=3.00e-04 | wd=0.0176 | mom=0.9500 | T=9.8 k=4.0 (mu_rec=8 mu_bwd=4) | grad=9.312 | tok/s=14,686 | tokens=4.12B
step=125680 | loss=4.9620 | lr=3.00e-04 | wd=0.0176 | mom=0.9500 | T=7.8 k=3.8 (mu_rec=8 mu_bwd=4) | grad=3.562 | tok/s=14,794 | tokens=4.12B
step=125690 | loss=4.9934 | lr=3.00e-04 | wd=0.0176 | mom=0.9500 | T=8.2 k=4.0 (mu_rec=8 mu_bwd=4) | grad=2.906 | tok/s=13,093 | tokens=4.12B
step=125700 | loss=4.9562 | lr=3.00e-04 | wd=0.0176 | mom=0.9500 | T=8.5 k=4.0 (mu_rec=8 mu_bwd=4) | grad=3.391 | tok/s=6,221 | tokens=4.12B
step=125710 | loss=4.7953 | lr=3.00e-04 | wd=0.0176 | mom=0.9500 | T=7.0 k=4.0 (mu_rec=8 mu_bwd=4) | grad=1.789 | tok/s=5,865 | tokens=4.12B
step=125720 | loss=5.0571 | lr=3.00e-04 | wd=0.0176 | mom=0.9500 | T=7.8 k=4.0 (mu_rec=8 mu_bwd=4) | grad=1.789 | tok/s=14,792 | tokens=4.12B
step=125730 | loss=4.9741 | lr=3.00e-04 | wd=0.0176 | mom=0.9500 | T=9.5 k=3.2 (mu_rec=8 mu_bwd=4) | grad=2.172 | tok/s=15,198 | tokens=4.12B
step=125740 | loss=5.0822 | lr=3.00e-04 | wd=0.0176 | mom=0.9500 | T=13.0 k=3.8 (mu_rec=8 mu_bwd=4) | grad=2.594 | tok/s=14,400 | tokens=4.12B
step=125750 | loss=4.8889 | lr=3.00e-04 | wd=0.0176 | mom=0.9500 | T=5.0 k=3.2 (mu_rec=8 mu_bwd=4) | grad=2.625 | tok/s=14,896 | tokens=4.12B
step=125760 | loss=4.8436 | lr=3.00e-04 | wd=0.0176 | mom=0.9500 | T=9.2 k=4.0 (mu_rec=8 mu_bwd=4) | grad=2.688 | tok/s=14,309 | tokens=4.12B
step=125770 | loss=4.9422 | lr=3.00e-04 | wd=0.0176 | mom=0.9500 | T=10.5 k=4.0 (mu_rec=8 mu_bwd=4) | grad=2.656 | tok/s=13,490 | tokens=4.12B
step=125780 | loss=4.8884 | lr=3.00e-04 | wd=0.0176 | mom=0.9500 | T=5.8 k=4.0 (mu_rec=8 mu_bwd=4) | grad=3.656 | tok/s=14,614 | tokens=4.12B
step=125790 | loss=5.0075 | lr=3.00e-04 | wd=0.0176 | mom=0.9500 | T=5.8 k=3.5 (mu_rec=8 mu_bwd=4) | grad=6.562 | tok/s=14,480 | tokens=4.12B
step=125800 | loss=4.8175 | lr=3.00e-04 | wd=0.0176 | mom=0.9500 | T=6.5 k=3.8 (mu_rec=8 mu_bwd=4) | grad=2.016 | tok/s=13,740 | tokens=4.12B
step=125810 | loss=4.9137 | lr=3.00e-04 | wd=0.0175 | mom=0.9500 | T=5.2 k=3.2 (mu_rec=8 mu_bwd=4) | grad=8.688 | tok/s=14,662 | tokens=4.12B
step=125820 | loss=4.8772 | lr=3.00e-04 | wd=0.0175 | mom=0.9500 | T=7.0 k=3.5 (mu_rec=8 mu_bwd=4) | grad=3.281 | tok/s=15,065 | tokens=4.12B
step=125830 | loss=4.9127 | lr=3.00e-04 | wd=0.0175 | mom=0.9500 | T=11.0 k=4.0 (mu_rec=8 mu_bwd=4) | grad=15.250 | tok/s=13,560 | tokens=4.12B
step=125840 | loss=4.9897 | lr=3.00e-04 | wd=0.0175 | mom=0.9500 | T=8.2 k=4.0 (mu_rec=8 mu_bwd=4) | grad=1.617 | tok/s=13,209 | tokens=4.12B
step=125850 | loss=5.1580 | lr=3.00e-04 | wd=0.0175 | mom=0.9500 | T=5.5 k=3.8 (mu_rec=8 mu_bwd=4) | grad=2.734 | tok/s=16,237 | tokens=4.12B
step=125860 | loss=5.1798 | lr=3.00e-04 | wd=0.0175 | mom=0.9500 | T=6.5 k=3.2 (mu_rec=8 mu_bwd=4) | grad=3.609 | tok/s=13,616 | tokens=4.12B
step=125870 | loss=5.1003 | lr=3.00e-04 | wd=0.0175 | mom=0.9500 | T=7.2 k=3.8 (mu_rec=8 mu_bwd=4) | grad=4.125 | tok/s=13,050 | tokens=4.12B
step=125880 | loss=4.7416 | lr=3.00e-04 | wd=0.0175 | mom=0.9500 | T=3.5 k=3.2 (mu_rec=8 mu_bwd=4) | grad=3.500 | tok/s=14,571 | tokens=4.12B
step=125890 | loss=4.9608 | lr=3.00e-04 | wd=0.0175 | mom=0.9500 | T=5.5 k=3.8 (mu_rec=8 mu_bwd=4) | grad=2.844 | tok/s=14,936 | tokens=4.13B
step=125900 | loss=4.9529 | lr=3.00e-04 | wd=0.0175 | mom=0.9500 | T=14.0 k=4.0 (mu_rec=8 mu_bwd=4) | grad=3.188 | tok/s=13,402 | tokens=4.13B
step=125910 | loss=4.7514 | lr=3.00e-04 | wd=0.0175 | mom=0.9500 | T=8.8 k=3.8 (mu_rec=8 mu_bwd=4) | grad=3.156 | tok/s=14,599 | tokens=4.13B
step=125920 | loss=5.2515 | lr=3.00e-04 | wd=0.0175 | mom=0.9500 | T=5.8 k=3.8 (mu_rec=8 mu_bwd=4) | grad=3.422 | tok/s=14,071 | tokens=4.13B
step=125930 | loss=5.2212 | lr=3.00e-04 | wd=0.0175 | mom=0.9500 | T=7.0 k=3.8 (mu_rec=8 mu_bwd=4) | grad=3.969 | tok/s=13,448 | tokens=4.13B
step=125940 | loss=5.1320 | lr=3.00e-04 | wd=0.0175 | mom=0.9500 | T=10.0 k=4.0 (mu_rec=8 mu_bwd=4) | grad=4.219 | tok/s=15,706 | tokens=4.13B
step=125950 | loss=4.9571 | lr=3.00e-04 | wd=0.0175 | mom=0.9500 | T=8.2 k=4.0 (mu_rec=8 mu_bwd=4) | grad=1.703 | tok/s=12,976 | tokens=4.13B
step=125960 | loss=4.9279 | lr=3.00e-04 | wd=0.0174 | mom=0.9500 | T=5.0 k=3.5 (mu_rec=8 mu_bwd=4) | grad=3.406 | tok/s=14,115 | tokens=4.13B
step=125970 | loss=4.8834 | lr=3.00e-04 | wd=0.0174 | mom=0.9500 | T=11.2 k=4.0 (mu_rec=8 mu_bwd=4) | grad=2.047 | tok/s=14,456 | tokens=4.13B
step=125980 | loss=4.9442 | lr=3.00e-04 | wd=0.0174 | mom=0.9500 | T=7.2 k=4.0 (mu_rec=8 mu_bwd=4) | grad=2.750 | tok/s=13,746 | tokens=4.13B
step=125990 | loss=5.0429 | lr=3.00e-04 | wd=0.0174 | mom=0.9500 | T=7.0 k=3.8 (mu_rec=8 mu_bwd=4) | grad=2.203 | tok/s=13,767 | tokens=4.13B
step=126000 | loss=5.2152 | lr=3.00e-04 | wd=0.0174 | mom=0.9500 | T=3.8 k=3.5 (mu_rec=8 mu_bwd=4) | grad=6.094 | tok/s=14,337 | tokens=4.13B
[step 126000] Saved -> runs/ccot-5b/checkpoint_0126000
[step 126000] Pruned -> runs/ccot-5b/checkpoint_0120000
step=126010 | loss=5.1177 | lr=3.00e-04 | wd=0.0174 | mom=0.9500 | T=4.5 k=3.2 (mu_rec=8 mu_bwd=4) | grad=3.047 | tok/s=13,402 | tokens=4.13B
step=126020 | loss=5.0647 | lr=3.00e-04 | wd=0.0174 | mom=0.9500 | T=9.2 k=4.0 (mu_rec=8 mu_bwd=4) | grad=2.234 | tok/s=15,537 | tokens=4.13B
step=126030 | loss=5.1329 | lr=3.00e-04 | wd=0.0174 | mom=0.9500 | T=8.0 k=4.0 (mu_rec=8 mu_bwd=4) | grad=2.016 | tok/s=14,679 | tokens=4.13B
step=126040 | loss=5.0860 | lr=3.00e-04 | wd=0.0174 | mom=0.9500 | T=5.8 k=3.8 (mu_rec=8 mu_bwd=4) | grad=2.391 | tok/s=15,163 | tokens=4.13B
step=126050 | loss=5.0782 | lr=3.00e-04 | wd=0.0174 | mom=0.9500 | T=13.0 k=4.0 (mu_rec=8 mu_bwd=4) | grad=3.859 | tok/s=12,923 | tokens=4.13B
step=126060 | loss=5.1592 | lr=3.00e-04 | wd=0.0174 | mom=0.9500 | T=6.5 k=4.0 (mu_rec=8 mu_bwd=4) | grad=2.594 | tok/s=14,184 | tokens=4.13B
step=126070 | loss=5.1008 | lr=3.00e-04 | wd=0.0174 | mom=0.9500 | T=6.5 k=4.0 (mu_rec=8 mu_bwd=4) | grad=1.977 | tok/s=13,942 | tokens=4.13B
step=126080 | loss=4.8412 | lr=3.00e-04 | wd=0.0174 | mom=0.9500 | T=7.0 k=3.2 (mu_rec=8 mu_bwd=4) | grad=2.188 | tok/s=15,054 | tokens=4.13B
step=126090 | loss=5.0657 | lr=3.00e-04 | wd=0.0174 | mom=0.9500 | T=7.0 k=4.0 (mu_rec=8 mu_bwd=4) | grad=1.695 | tok/s=14,015 | tokens=4.13B
step=126100 | loss=4.9802 | lr=3.00e-04 | wd=0.0174 | mom=0.9500 | T=6.5 k=3.8 (mu_rec=8 mu_bwd=4) | grad=2.578 | tok/s=13,262 | tokens=4.13B
step=126110 | loss=4.9977 | lr=3.00e-04 | wd=0.0174 | mom=0.9500 | T=8.0 k=4.0 (mu_rec=8 mu_bwd=4) | grad=2.516 | tok/s=14,223 | tokens=4.13B
step=126120 | loss=4.8091 | lr=3.00e-04 | wd=0.0173 | mom=0.9500 | T=6.8 k=4.0 (mu_rec=8 mu_bwd=4) | grad=2.609 | tok/s=16,181 | tokens=4.13B
step=126130 | loss=5.0266 | lr=3.00e-04 | wd=0.0173 | mom=0.9500 | T=9.0 k=4.0 (mu_rec=8 mu_bwd=4) | grad=1.680 | tok/s=14,662 | tokens=4.13B
step=126140 | loss=5.0139 | lr=3.00e-04 | wd=0.0173 | mom=0.9500 | T=8.8 k=4.0 (mu_rec=8 mu_bwd=4) | grad=4.594 | tok/s=14,229 | tokens=4.13B
step=126150 | loss=4.9449 | lr=3.00e-04 | wd=0.0173 | mom=0.9500 | T=8.2 k=4.0 (mu_rec=8 mu_bwd=4) | grad=2.031 | tok/s=15,488 | tokens=4.13B
step=126160 | loss=5.0707 | lr=3.00e-04 | wd=0.0173 | mom=0.9500 | T=6.5 k=3.8 (mu_rec=8 mu_bwd=4) | grad=6.250 | tok/s=14,062 | tokens=4.13B
step=126170 | loss=5.0727 | lr=3.00e-04 | wd=0.0173 | mom=0.9500 | T=12.8 k=4.0 (mu_rec=8 mu_bwd=4) | grad=2.234 | tok/s=14,681 | tokens=4.13B
step=126180 | loss=4.8926 | lr=3.00e-04 | wd=0.0173 | mom=0.9500 | T=11.2 k=3.8 (mu_rec=8 mu_bwd=4) | grad=2.250 | tok/s=12,988 | tokens=4.13B
step=126190 | loss=5.0079 | lr=3.00e-04 | wd=0.0173 | mom=0.9500 | T=8.2 k=4.0 (mu_rec=8 mu_bwd=4) | grad=3.516 | tok/s=13,593 | tokens=4.13B
step=126200 | loss=5.0671 | lr=3.00e-04 | wd=0.0173 | mom=0.9500 | T=11.8 k=4.0 (mu_rec=8 mu_bwd=4) | grad=3.859 | tok/s=13,425 | tokens=4.14B
step=126210 | loss=5.0284 | lr=3.00e-04 | wd=0.0173 | mom=0.9500 | T=7.8 k=3.8 (mu_rec=8 mu_bwd=4) | grad=15.062 | tok/s=14,049 | tokens=4.14B
step=126220 | loss=5.0054 | lr=3.00e-04 | wd=0.0173 | mom=0.9500 | T=8.0 k=3.5 (mu_rec=8 mu_bwd=4) | grad=3.375 | tok/s=13,559 | tokens=4.14B
step=126230 | loss=4.9447 | lr=3.00e-04 | wd=0.0173 | mom=0.9500 | T=6.2 k=4.0 (mu_rec=8 mu_bwd=4) | grad=3.406 | tok/s=14,631 | tokens=4.14B
step=126240 | loss=5.0611 | lr=3.00e-04 | wd=0.0173 | mom=0.9500 | T=13.8 k=4.0 (mu_rec=8 mu_bwd=4) | grad=2.656 | tok/s=13,556 | tokens=4.14B
step=126250 | loss=5.0411 | lr=3.00e-04 | wd=0.0173 | mom=0.9500 | T=7.0 k=3.8 (mu_rec=8 mu_bwd=4) | grad=2.703 | tok/s=13,666 | tokens=4.14B
step=126260 | loss=4.9571 | lr=3.00e-04 | wd=0.0173 | mom=0.9500 | T=9.5 k=3.5 (mu_rec=8 mu_bwd=4) | grad=1.648 | tok/s=16,236 | tokens=4.14B
step=126270 | loss=4.8159 | lr=3.00e-04 | wd=0.0172 | mom=0.9500 | T=5.8 k=3.5 (mu_rec=8 mu_bwd=4) | grad=4.344 | tok/s=15,139 | tokens=4.14B
step=126280 | loss=4.9328 | lr=3.00e-04 | wd=0.0172 | mom=0.9500 | T=10.8 k=4.0 (mu_rec=8 mu_bwd=4) | grad=1.805 | tok/s=14,658 | tokens=4.14B
step=126290 | loss=4.9275 | lr=3.00e-04 | wd=0.0172 | mom=0.9500 | T=7.0 k=4.0 (mu_rec=8 mu_bwd=4) | grad=2.234 | tok/s=14,320 | tokens=4.14B
step=126300 | loss=5.0957 | lr=3.00e-04 | wd=0.0172 | mom=0.9500 | T=7.8 k=3.8 (mu_rec=8 mu_bwd=4) | grad=2.031 | tok/s=13,381 | tokens=4.14B
step=126310 | loss=5.0553 | lr=3.00e-04 | wd=0.0172 | mom=0.9500 | T=8.2 k=3.8 (mu_rec=8 mu_bwd=4) | grad=1.914 | tok/s=14,339 | tokens=4.14B
step=126320 | loss=4.9784 | lr=3.00e-04 | wd=0.0172 | mom=0.9500 | T=15.0 k=4.0 (mu_rec=8 mu_bwd=4) | grad=4.469 | tok/s=12,966 | tokens=4.14B
step=126330 | loss=4.9544 | lr=3.00e-04 | wd=0.0172 | mom=0.9500 | T=8.0 k=4.0 (mu_rec=8 mu_bwd=4) | grad=2.188 | tok/s=14,612 | tokens=4.14B
step=126340 | loss=4.9285 | lr=3.00e-04 | wd=0.0172 | mom=0.9500 | T=14.0 k=4.0 (mu_rec=8 mu_bwd=4) | grad=2.141 | tok/s=13,622 | tokens=4.14B
step=126350 | loss=4.9989 | lr=3.00e-04 | wd=0.0172 | mom=0.9500 | T=8.2 k=4.0 (mu_rec=8 mu_bwd=4) | grad=1.828 | tok/s=13,535 | tokens=4.14B
step=126360 | loss=4.9833 | lr=3.00e-04 | wd=0.0172 | mom=0.9500 | T=8.2 k=4.0 (mu_rec=8 mu_bwd=4) | grad=2.062 | tok/s=14,577 | tokens=4.14B
step=126370 | loss=4.9296 | lr=3.00e-04 | wd=0.0172 | mom=0.9500 | T=6.5 k=3.2 (mu_rec=8 mu_bwd=4) | grad=4.750 | tok/s=15,436 | tokens=4.14B
step=126380 | loss=5.1394 | lr=3.00e-04 | wd=0.0172 | mom=0.9500 | T=13.8 k=4.0 (mu_rec=8 mu_bwd=4) | grad=4.344 | tok/s=13,792 | tokens=4.14B
step=126390 | loss=5.0736 | lr=3.00e-04 | wd=0.0172 | mom=0.9500 | T=8.2 k=4.0 (mu_rec=8 mu_bwd=4) | grad=3.797 | tok/s=13,329 | tokens=4.14B
step=126400 | loss=5.1150 | lr=3.00e-04 | wd=0.0172 | mom=0.9500 | T=8.2 k=3.5 (mu_rec=8 mu_bwd=4) | grad=2.375 | tok/s=13,348 | tokens=4.14B
step=126410 | loss=5.0219 | lr=3.00e-04 | wd=0.0172 | mom=0.9500 | T=7.2 k=3.8 (mu_rec=8 mu_bwd=4) | grad=2.359 | tok/s=13,293 | tokens=4.14B
step=126420 | loss=4.9264 | lr=3.00e-04 | wd=0.0171 | mom=0.9500 | T=6.2 k=3.8 (mu_rec=8 mu_bwd=4) | grad=4.844 | tok/s=14,073 | tokens=4.14B
step=126430 | loss=4.7804 | lr=3.00e-04 | wd=0.0171 | mom=0.9500 | T=9.8 k=4.0 (mu_rec=8 mu_bwd=4) | grad=2.703 | tok/s=13,399 | tokens=4.14B
step=126440 | loss=4.9811 | lr=3.00e-04 | wd=0.0171 | mom=0.9500 | T=7.5 k=3.5 (mu_rec=8 mu_bwd=4) | grad=2.125 | tok/s=14,452 | tokens=4.14B
step=126450 | loss=4.9593 | lr=3.00e-04 | wd=0.0171 | mom=0.9500 | T=5.8 k=3.8 (mu_rec=8 mu_bwd=4) | grad=3.109 | tok/s=13,434 | tokens=4.14B
step=126460 | loss=5.0686 | lr=3.00e-04 | wd=0.0171 | mom=0.9500 | T=7.2 k=3.5 (mu_rec=8 mu_bwd=4) | grad=4.688 | tok/s=14,476 | tokens=4.14B
step=126470 | loss=5.0465 | lr=3.00e-04 | wd=0.0171 | mom=0.9500 | T=14.0 k=4.0 (mu_rec=8 mu_bwd=4) | grad=3.391 | tok/s=14,615 | tokens=4.14B
step=126480 | loss=4.8950 | lr=3.00e-04 | wd=0.0171 | mom=0.9500 | T=7.2 k=2.5 (mu_rec=8 mu_bwd=4) | grad=2.719 | tok/s=15,635 | tokens=4.14B
step=126490 | loss=4.7976 | lr=3.00e-04 | wd=0.0171 | mom=0.9500 | T=6.5 k=4.0 (mu_rec=8 mu_bwd=4) | grad=3.922 | tok/s=13,608 | tokens=4.14B
step=126500 | loss=4.9784 | lr=3.00e-04 | wd=0.0171 | mom=0.9500 | T=9.2 k=4.0 (mu_rec=8 mu_bwd=4) | grad=5.469 | tok/s=13,661 | tokens=4.15B
step=126510 | loss=4.8028 | lr=3.00e-04 | wd=0.0171 | mom=0.9500 | T=8.8 k=4.0 (mu_rec=8 mu_bwd=4) | grad=2.266 | tok/s=15,197 | tokens=4.15B
step=126520 | loss=4.9691 | lr=3.00e-04 | wd=0.0171 | mom=0.9500 | T=4.2 k=3.2 (mu_rec=8 mu_bwd=4) | grad=4.219 | tok/s=6,228 | tokens=4.15B
step=126530 | loss=5.0822 | lr=3.00e-04 | wd=0.0171 | mom=0.9500 | T=7.5 k=4.0 (mu_rec=8 mu_bwd=4) | grad=3.125 | tok/s=14,427 | tokens=4.15B
step=126540 | loss=5.0621 | lr=3.00e-04 | wd=0.0171 | mom=0.9500 | T=9.8 k=3.8 (mu_rec=8 mu_bwd=4) | grad=3.109 | tok/s=13,418 | tokens=4.15B
step=126550 | loss=4.9703 | lr=3.00e-04 | wd=0.0171 | mom=0.9500 | T=6.0 k=3.5 (mu_rec=8 mu_bwd=4) | grad=5.500 | tok/s=15,742 | tokens=4.15B
step=126560 | loss=4.8894 | lr=3.00e-04 | wd=0.0171 | mom=0.9500 | T=4.5 k=2.5 (mu_rec=8 mu_bwd=4) | grad=2.297 | tok/s=13,290 | tokens=4.15B
step=126570 | loss=4.9986 | lr=3.00e-04 | wd=0.0170 | mom=0.9500 | T=8.8 k=4.0 (mu_rec=8 mu_bwd=4) | grad=2.109 | tok/s=14,943 | tokens=4.15B
step=126580 | loss=4.8283 | lr=3.00e-04 | wd=0.0170 | mom=0.9500 | T=7.0 k=3.5 (mu_rec=8 mu_bwd=4) | grad=2.609 | tok/s=14,858 | tokens=4.15B
step=126590 | loss=4.6572 | lr=3.00e-04 | wd=0.0170 | mom=0.9500 | T=7.2 k=3.5 (mu_rec=8 mu_bwd=4) | grad=3.125 | tok/s=12,811 | tokens=4.15B
step=126600 | loss=4.7271 | lr=3.00e-04 | wd=0.0170 | mom=0.9500 | T=8.0 k=3.5 (mu_rec=8 mu_bwd=4) | grad=1.703 | tok/s=13,827 | tokens=4.15B
step=126610 | loss=4.7353 | lr=3.00e-04 | wd=0.0170 | mom=0.9500 | T=5.2 k=3.5 (mu_rec=8 mu_bwd=4) | grad=4.438 | tok/s=13,843 | tokens=4.15B
step=126620 | loss=4.9741 | lr=3.00e-04 | wd=0.0170 | mom=0.9500 | T=4.0 k=3.2 (mu_rec=8 mu_bwd=4) | grad=4.156 | tok/s=15,140 | tokens=4.15B
step=126630 | loss=5.0762 | lr=3.00e-04 | wd=0.0170 | mom=0.9500 | T=11.0 k=4.0 (mu_rec=8 mu_bwd=4) | grad=3.500 | tok/s=6,659 | tokens=4.15B
step=126640 | loss=5.0195 | lr=3.00e-04 | wd=0.0170 | mom=0.9500 | T=8.2 k=4.0 (mu_rec=8 mu_bwd=4) | grad=2.562 | tok/s=14,527 | tokens=4.15B
step=126650 | loss=5.1328 | lr=3.00e-04 | wd=0.0170 | mom=0.9500 | T=7.8 k=4.0 (mu_rec=8 mu_bwd=4) | grad=4.719 | tok/s=14,376 | tokens=4.15B
step=126660 | loss=5.5020 | lr=3.00e-04 | wd=0.0170 | mom=0.9500 | T=10.2 k=4.0 (mu_rec=8 mu_bwd=4) | grad=2.344 | tok/s=14,617 | tokens=4.15B
step=126670 | loss=4.9517 | lr=3.00e-04 | wd=0.0170 | mom=0.9500 | T=6.2 k=3.2 (mu_rec=8 mu_bwd=4) | grad=3.172 | tok/s=15,049 | tokens=4.15B
step=126680 | loss=4.9084 | lr=3.00e-04 | wd=0.0170 | mom=0.9500 | T=6.2 k=3.5 (mu_rec=8 mu_bwd=4) | grad=2.625 | tok/s=14,753 | tokens=4.15B
step=126690 | loss=5.0322 | lr=3.00e-04 | wd=0.0170 | mom=0.9500 | T=7.2 k=3.2 (mu_rec=8 mu_bwd=4) | grad=3.422 | tok/s=13,814 | tokens=4.15B
step=126700 | loss=5.0044 | lr=3.00e-04 | wd=0.0170 | mom=0.9500 | T=8.5 k=3.8 (mu_rec=8 mu_bwd=4) | grad=2.922 | tok/s=15,329 | tokens=4.15B
step=126710 | loss=5.1946 | lr=3.00e-04 | wd=0.0170 | mom=0.9500 | T=6.8 k=3.8 (mu_rec=8 mu_bwd=4) | grad=3.266 | tok/s=13,840 | tokens=4.15B
step=126720 | loss=5.0285 | lr=3.00e-04 | wd=0.0170 | mom=0.9500 | T=7.8 k=4.0 (mu_rec=8 mu_bwd=4) | grad=2.688 | tok/s=14,763 | tokens=4.15B
step=126730 | loss=5.1319 | lr=3.00e-04 | wd=0.0169 | mom=0.9500 | T=3.8 k=3.0 (mu_rec=8 mu_bwd=4) | grad=2.766 | tok/s=15,440 | tokens=4.15B
step=126740 | loss=4.9539 | lr=3.00e-04 | wd=0.0169 | mom=0.9500 | T=7.2 k=4.0 (mu_rec=8 mu_bwd=4) | grad=3.688 | tok/s=13,905 | tokens=4.15B
step=126750 | loss=5.1329 | lr=3.00e-04 | wd=0.0169 | mom=0.9500 | T=6.2 k=3.5 (mu_rec=8 mu_bwd=4) | grad=2.859 | tok/s=14,402 | tokens=4.15B
step=126760 | loss=5.0355 | lr=3.00e-04 | wd=0.0169 | mom=0.9500 | T=9.8 k=3.5 (mu_rec=8 mu_bwd=4) | grad=12.188 | tok/s=14,701 | tokens=4.15B
step=126770 | loss=4.8720 | lr=3.00e-04 | wd=0.0169 | mom=0.9500 | T=5.0 k=3.5 (mu_rec=8 mu_bwd=4) | grad=2.719 | tok/s=16,424 | tokens=4.15B
step=126780 | loss=4.9398 | lr=3.00e-04 | wd=0.0169 | mom=0.9500 | T=9.2 k=4.0 (mu_rec=8 mu_bwd=4) | grad=4.531 | tok/s=14,717 | tokens=4.15B
step=126790 | loss=4.9927 | lr=3.00e-04 | wd=0.0169 | mom=0.9500 | T=7.8 k=4.0 (mu_rec=8 mu_bwd=4) | grad=1.609 | tok/s=15,635 | tokens=4.15B
step=126800 | loss=4.9377 | lr=3.00e-04 | wd=0.0169 | mom=0.9500 | T=8.5 k=3.2 (mu_rec=8 mu_bwd=4) | grad=2.594 | tok/s=13,429 | tokens=4.15B
step=126810 | loss=4.9444 | lr=3.00e-04 | wd=0.0169 | mom=0.9500 | T=10.2 k=4.0 (mu_rec=8 mu_bwd=4) | grad=2.266 | tok/s=13,356 | tokens=4.16B
step=126820 | loss=5.0382 | lr=3.00e-04 | wd=0.0169 | mom=0.9500 | T=3.5 k=2.8 (mu_rec=8 mu_bwd=4) | grad=2.500 | tok/s=13,304 | tokens=4.16B
step=126830 | loss=4.8165 | lr=3.00e-04 | wd=0.0169 | mom=0.9500 | T=11.0 k=4.0 (mu_rec=8 mu_bwd=4) | grad=7.844 | tok/s=14,420 | tokens=4.16B
step=126840 | loss=4.9956 | lr=3.00e-04 | wd=0.0169 | mom=0.9500 | T=5.2 k=3.2 (mu_rec=8 mu_bwd=4) | grad=5.312 | tok/s=14,996 | tokens=4.16B
step=126850 | loss=4.9959 | lr=3.00e-04 | wd=0.0169 | mom=0.9500 | T=8.8 k=3.0 (mu_rec=8 mu_bwd=4) | grad=2.094 | tok/s=14,051 | tokens=4.16B
step=126860 | loss=4.9915 | lr=3.00e-04 | wd=0.0169 | mom=0.9500 | T=10.2 k=4.0 (mu_rec=8 mu_bwd=4) | grad=2.094 | tok/s=15,630 | tokens=4.16B
step=126870 | loss=4.8065 | lr=3.00e-04 | wd=0.0169 | mom=0.9500 | T=10.0 k=3.2 (mu_rec=8 mu_bwd=4) | grad=2.516 | tok/s=15,754 | tokens=4.16B
step=126880 | loss=5.0891 | lr=3.00e-04 | wd=0.0168 | mom=0.9500 | T=8.8 k=3.8 (mu_rec=8 mu_bwd=4) | grad=2.375 | tok/s=14,641 | tokens=4.16B
step=126890 | loss=4.9018 | lr=3.00e-04 | wd=0.0168 | mom=0.9500 | T=4.5 k=3.0 (mu_rec=8 mu_bwd=4) | grad=2.406 | tok/s=14,704 | tokens=4.16B
step=126900 | loss=4.9068 | lr=3.00e-04 | wd=0.0168 | mom=0.9500 | T=9.5 k=4.0 (mu_rec=8 mu_bwd=4) | grad=1.742 | tok/s=13,660 | tokens=4.16B
step=126910 | loss=4.9400 | lr=3.00e-04 | wd=0.0168 | mom=0.9500 | T=8.0 k=3.2 (mu_rec=8 mu_bwd=4) | grad=4.031 | tok/s=13,575 | tokens=4.16B
step=126920 | loss=5.0554 | lr=3.00e-04 | wd=0.0168 | mom=0.9500 | T=6.8 k=4.0 (mu_rec=8 mu_bwd=4) | grad=7.875 | tok/s=13,956 | tokens=4.16B
step=126930 | loss=4.9954 | lr=3.00e-04 | wd=0.0168 | mom=0.9500 | T=7.5 k=4.0 (mu_rec=8 mu_bwd=4) | grad=3.609 | tok/s=13,894 | tokens=4.16B
step=126940 | loss=4.9651 | lr=3.00e-04 | wd=0.0168 | mom=0.9500 | T=5.5 k=3.5 (mu_rec=8 mu_bwd=4) | grad=3.500 | tok/s=12,689 | tokens=4.16B
step=126950 | loss=5.2374 | lr=3.00e-04 | wd=0.0168 | mom=0.9500 | T=7.8 k=3.5 (mu_rec=8 mu_bwd=4) | grad=3.953 | tok/s=13,652 | tokens=4.16B
step=126960 | loss=5.0297 | lr=3.00e-04 | wd=0.0168 | mom=0.9500 | T=8.8 k=4.0 (mu_rec=8 mu_bwd=4) | grad=3.688 | tok/s=13,066 | tokens=4.16B
step=126970 | loss=4.9094 | lr=3.00e-04 | wd=0.0168 | mom=0.9500 | T=7.8 k=4.0 (mu_rec=8 mu_bwd=4) | grad=2.625 | tok/s=12,785 | tokens=4.16B
step=126980 | loss=5.0414 | lr=3.00e-04 | wd=0.0168 | mom=0.9500 | T=4.8 k=3.8 (mu_rec=8 mu_bwd=4) | grad=3.141 | tok/s=13,987 | tokens=4.16B
step=126990 | loss=5.3913 | lr=3.00e-04 | wd=0.0168 | mom=0.9500 | T=5.2 k=3.5 (mu_rec=8 mu_bwd=4) | grad=5.875 | tok/s=14,394 | tokens=4.16B
step=127000 | loss=4.8550 | lr=3.00e-04 | wd=0.0168 | mom=0.9500 | T=5.8 k=3.2 (mu_rec=8 mu_bwd=4) | grad=2.359 | tok/s=16,568 | tokens=4.16B
step=127010 | loss=5.0908 | lr=3.00e-04 | wd=0.0168 | mom=0.9500 | T=10.0 k=4.0 (mu_rec=8 mu_bwd=4) | grad=3.672 | tok/s=14,184 | tokens=4.16B
step=127020 | loss=5.1826 | lr=3.00e-04 | wd=0.0168 | mom=0.9500 | T=10.5 k=4.0 (mu_rec=8 mu_bwd=4) | grad=3.844 | tok/s=14,908 | tokens=4.16B
step=127030 | loss=4.8730 | lr=3.00e-04 | wd=0.0167 | mom=0.9500 | T=6.5 k=3.8 (mu_rec=8 mu_bwd=4) | grad=3.672 | tok/s=13,436 | tokens=4.16B
step=127040 | loss=5.0543 | lr=3.00e-04 | wd=0.0167 | mom=0.9500 | T=10.2 k=4.0 (mu_rec=8 mu_bwd=4) | grad=3.953 | tok/s=13,828 | tokens=4.16B
step=127050 | loss=5.0216 | lr=3.00e-04 | wd=0.0167 | mom=0.9500 | T=11.2 k=4.0 (mu_rec=8 mu_bwd=4) | grad=2.453 | tok/s=13,035 | tokens=4.16B
step=127060 | loss=5.0366 | lr=3.00e-04 | wd=0.0167 | mom=0.9500 | T=10.5 k=4.0 (mu_rec=8 mu_bwd=4) | grad=3.109 | tok/s=14,020 | tokens=4.16B
step=127070 | loss=4.8790 | lr=3.00e-04 | wd=0.0167 | mom=0.9500 | T=7.8 k=3.8 (mu_rec=8 mu_bwd=4) | grad=2.359 | tok/s=13,950 | tokens=4.16B
step=127080 | loss=4.9039 | lr=3.00e-04 | wd=0.0167 | mom=0.9500 | T=9.5 k=4.0 (mu_rec=8 mu_bwd=4) | grad=2.922 | tok/s=14,620 | tokens=4.16B
step=127090 | loss=5.0422 | lr=3.00e-04 | wd=0.0167 | mom=0.9500 | T=10.0 k=4.0 (mu_rec=8 mu_bwd=4) | grad=2.250 | tok/s=14,097 | tokens=4.16B
step=127100 | loss=5.1211 | lr=3.00e-04 | wd=0.0167 | mom=0.9500 | T=10.0 k=4.0 (mu_rec=8 mu_bwd=4) | grad=2.406 | tok/s=15,386 | tokens=4.16B
step=127110 | loss=4.8213 | lr=3.00e-04 | wd=0.0167 | mom=0.9500 | T=8.0 k=4.0 (mu_rec=8 mu_bwd=4) | grad=2.578 | tok/s=14,241 | tokens=4.17B
step=127120 | loss=5.0426 | lr=3.00e-04 | wd=0.0167 | mom=0.9500 | T=8.0 k=4.0 (mu_rec=8 mu_bwd=4) | grad=3.391 | tok/s=12,919 | tokens=4.17B
step=127130 | loss=4.9982 | lr=3.00e-04 | wd=0.0167 | mom=0.9500 | T=8.0 k=3.5 (mu_rec=8 mu_bwd=4) | grad=5.562 | tok/s=14,395 | tokens=4.17B
step=127140 | loss=4.9144 | lr=3.00e-04 | wd=0.0167 | mom=0.9500 | T=10.5 k=4.0 (mu_rec=8 mu_bwd=4) | grad=2.328 | tok/s=14,469 | tokens=4.17B
step=127150 | loss=5.0824 | lr=3.00e-04 | wd=0.0167 | mom=0.9500 | T=6.8 k=4.0 (mu_rec=8 mu_bwd=4) | grad=3.375 | tok/s=14,565 | tokens=4.17B
step=127160 | loss=5.0460 | lr=3.00e-04 | wd=0.0167 | mom=0.9500 | T=4.0 k=3.0 (mu_rec=8 mu_bwd=4) | grad=2.781 | tok/s=16,263 | tokens=4.17B
step=127170 | loss=4.9837 | lr=3.00e-04 | wd=0.0167 | mom=0.9500 | T=10.0 k=3.2 (mu_rec=8 mu_bwd=4) | grad=3.172 | tok/s=14,428 | tokens=4.17B
step=127180 | loss=4.8744 | lr=3.00e-04 | wd=0.0166 | mom=0.9500 | T=11.5 k=3.5 (mu_rec=8 mu_bwd=4) | grad=4.062 | tok/s=13,545 | tokens=4.17B
step=127190 | loss=5.0810 | lr=3.00e-04 | wd=0.0166 | mom=0.9500 | T=4.2 k=3.2 (mu_rec=8 mu_bwd=4) | grad=2.359 | tok/s=14,234 | tokens=4.17B
step=127200 | loss=5.0107 | lr=3.00e-04 | wd=0.0166 | mom=0.9500 | T=7.8 k=4.0 (mu_rec=8 mu_bwd=4) | grad=2.094 | tok/s=13,548 | tokens=4.17B
step=127210 | loss=4.7026 | lr=3.00e-04 | wd=0.0166 | mom=0.9500 | T=5.5 k=3.2 (mu_rec=8 mu_bwd=4) | grad=14.188 | tok/s=15,890 | tokens=4.17B
step=127220 | loss=4.9457 | lr=3.00e-04 | wd=0.0166 | mom=0.9500 | T=5.8 k=3.5 (mu_rec=8 mu_bwd=4) | grad=2.844 | tok/s=15,861 | tokens=4.17B
step=127230 | loss=4.9714 | lr=3.00e-04 | wd=0.0166 | mom=0.9500 | T=4.8 k=3.2 (mu_rec=8 mu_bwd=4) | grad=2.047 | tok/s=14,341 | tokens=4.17B
step=127240 | loss=5.0090 | lr=3.00e-04 | wd=0.0166 | mom=0.9500 | T=11.0 k=4.0 (mu_rec=8 mu_bwd=4) | grad=3.500 | tok/s=14,678 | tokens=4.17B
step=127250 | loss=4.9622 | lr=3.00e-04 | wd=0.0166 | mom=0.9500 | T=9.8 k=4.0 (mu_rec=8 mu_bwd=4) | grad=3.016 | tok/s=14,246 | tokens=4.17B
step=127260 | loss=4.8049 | lr=3.00e-04 | wd=0.0166 | mom=0.9500 | T=5.0 k=2.8 (mu_rec=8 mu_bwd=4) | grad=2.359 | tok/s=14,678 | tokens=4.17B
step=127270 | loss=5.0179 | lr=3.00e-04 | wd=0.0166 | mom=0.9500 | T=13.5 k=4.0 (mu_rec=8 mu_bwd=4) | grad=2.828 | tok/s=13,694 | tokens=4.17B
step=127280 | loss=5.0907 | lr=3.00e-04 | wd=0.0166 | mom=0.9500 | T=14.0 k=4.0 (mu_rec=8 mu_bwd=4) | grad=3.938 | tok/s=13,150 | tokens=4.17B
step=127290 | loss=5.0810 | lr=3.00e-04 | wd=0.0166 | mom=0.9500 | T=6.5 k=3.0 (mu_rec=8 mu_bwd=4) | grad=2.844 | tok/s=14,264 | tokens=4.17B
step=127300 | loss=5.0852 | lr=3.00e-04 | wd=0.0166 | mom=0.9500 | T=5.5 k=3.5 (mu_rec=8 mu_bwd=4) | grad=5.469 | tok/s=14,766 | tokens=4.17B
step=127310 | loss=5.2185 | lr=3.00e-04 | wd=0.0166 | mom=0.9500 | T=11.8 k=3.8 (mu_rec=8 mu_bwd=4) | grad=3.906 | tok/s=13,601 | tokens=4.17B
step=127320 | loss=5.3857 | lr=3.00e-04 | wd=0.0166 | mom=0.9500 | T=7.5 k=4.0 (mu_rec=8 mu_bwd=4) | grad=2.531 | tok/s=13,760 | tokens=4.17B
step=127330 | loss=5.0613 | lr=3.00e-04 | wd=0.0166 | mom=0.9500 | T=18.0 k=4.0 (mu_rec=8 mu_bwd=4) | grad=2.250 | tok/s=12,823 | tokens=4.17B
step=127340 | loss=4.9870 | lr=3.00e-04 | wd=0.0165 | mom=0.9500 | T=9.2 k=4.0 (mu_rec=8 mu_bwd=4) | grad=2.453 | tok/s=15,073 | tokens=4.17B
step=127350 | loss=5.0681 | lr=3.00e-04 | wd=0.0165 | mom=0.9500 | T=2.5 k=2.5 (mu_rec=8 mu_bwd=4) | grad=3.406 | tok/s=14,692 | tokens=4.17B
step=127360 | loss=5.0211 | lr=3.00e-04 | wd=0.0165 | mom=0.9500 | T=10.2 k=4.0 (mu_rec=8 mu_bwd=4) | grad=2.312 | tok/s=15,595 | tokens=4.17B
step=127370 | loss=4.9897 | lr=3.00e-04 | wd=0.0165 | mom=0.9500 | T=6.5 k=4.0 (mu_rec=8 mu_bwd=4) | grad=2.891 | tok/s=14,420 | tokens=4.17B
step=127380 | loss=4.7537 | lr=3.00e-04 | wd=0.0165 | mom=0.9500 | T=8.8 k=4.0 (mu_rec=8 mu_bwd=4) | grad=2.078 | tok/s=13,878 | tokens=4.17B
step=127390 | loss=5.0389 | lr=3.00e-04 | wd=0.0165 | mom=0.9500 | T=11.8 k=4.0 (mu_rec=8 mu_bwd=4) | grad=5.844 | tok/s=6,204 | tokens=4.17B
step=127400 | loss=4.8675 | lr=3.00e-04 | wd=0.0165 | mom=0.9500 | T=6.8 k=3.2 (mu_rec=8 mu_bwd=4) | grad=3.188 | tok/s=15,012 | tokens=4.17B
step=127410 | loss=4.8186 | lr=3.00e-04 | wd=0.0165 | mom=0.9500 | T=7.5 k=3.8 (mu_rec=8 mu_bwd=4) | grad=3.609 | tok/s=14,127 | tokens=4.17B
step=127420 | loss=4.8072 | lr=3.00e-04 | wd=0.0165 | mom=0.9500 | T=7.8 k=3.2 (mu_rec=8 mu_bwd=4) | grad=2.297 | tok/s=14,012 | tokens=4.18B
step=127430 | loss=4.8926 | lr=3.00e-04 | wd=0.0165 | mom=0.9500 | T=8.0 k=3.5 (mu_rec=8 mu_bwd=4) | grad=2.188 | tok/s=14,333 | tokens=4.18B
step=127440 | loss=5.1104 | lr=3.00e-04 | wd=0.0165 | mom=0.9500 | T=4.5 k=3.2 (mu_rec=8 mu_bwd=4) | grad=2.406 | tok/s=14,642 | tokens=4.18B
step=127450 | loss=4.9708 | lr=3.00e-04 | wd=0.0165 | mom=0.9500 | T=5.8 k=2.5 (mu_rec=8 mu_bwd=4) | grad=2.469 | tok/s=16,043 | tokens=4.18B
step=127460 | loss=5.0181 | lr=3.00e-04 | wd=0.0165 | mom=0.9500 | T=5.5 k=3.8 (mu_rec=8 mu_bwd=4) | grad=2.766 | tok/s=15,298 | tokens=4.18B
step=127470 | loss=4.9338 | lr=3.00e-04 | wd=0.0165 | mom=0.9500 | T=9.5 k=4.0 (mu_rec=8 mu_bwd=4) | grad=2.125 | tok/s=6,061 | tokens=4.18B
step=127480 | loss=4.9485 | lr=3.00e-04 | wd=0.0165 | mom=0.9500 | T=8.2 k=4.0 (mu_rec=8 mu_bwd=4) | grad=7.156 | tok/s=13,614 | tokens=4.18B
step=127490 | loss=4.9255 | lr=3.00e-04 | wd=0.0164 | mom=0.9500 | T=6.0 k=3.5 (mu_rec=8 mu_bwd=4) | grad=3.578 | tok/s=14,925 | tokens=4.18B
step=127500 | loss=5.0395 | lr=3.00e-04 | wd=0.0164 | mom=0.9500 | T=14.5 k=4.0 (mu_rec=8 mu_bwd=4) | grad=1.953 | tok/s=13,483 | tokens=4.18B
step=127510 | loss=4.8148 | lr=3.00e-04 | wd=0.0164 | mom=0.9500 | T=4.2 k=3.2 (mu_rec=8 mu_bwd=4) | grad=2.859 | tok/s=14,986 | tokens=4.18B
step=127520 | loss=5.0818 | lr=3.00e-04 | wd=0.0164 | mom=0.9500 | T=8.2 k=3.5 (mu_rec=8 mu_bwd=4) | grad=2.125 | tok/s=14,311 | tokens=4.18B
step=127530 | loss=4.9261 | lr=3.00e-04 | wd=0.0164 | mom=0.9500 | T=8.8 k=3.8 (mu_rec=8 mu_bwd=4) | grad=2.750 | tok/s=14,387 | tokens=4.18B
step=127540 | loss=5.1360 | lr=3.00e-04 | wd=0.0164 | mom=0.9500 | T=5.2 k=3.5 (mu_rec=8 mu_bwd=4) | grad=4.969 | tok/s=13,890 | tokens=4.18B
step=127550 | loss=4.9878 | lr=3.00e-04 | wd=0.0164 | mom=0.9500 | T=6.8 k=4.0 (mu_rec=8 mu_bwd=4) | grad=2.219 | tok/s=13,874 | tokens=4.18B
step=127560 | loss=5.1160 | lr=3.00e-04 | wd=0.0164 | mom=0.9500 | T=5.0 k=3.5 (mu_rec=8 mu_bwd=4) | grad=2.828 | tok/s=13,369 | tokens=4.18B
step=127570 | loss=5.0098 | lr=3.00e-04 | wd=0.0164 | mom=0.9500 | T=7.0 k=3.0 (mu_rec=8 mu_bwd=4) | grad=2.750 | tok/s=13,515 | tokens=4.18B
step=127580 | loss=5.1382 | lr=3.00e-04 | wd=0.0164 | mom=0.9500 | T=11.2 k=4.0 (mu_rec=8 mu_bwd=4) | grad=2.609 | tok/s=13,689 | tokens=4.18B
step=127590 | loss=4.9756 | lr=3.00e-04 | wd=0.0164 | mom=0.9500 | T=7.8 k=4.0 (mu_rec=8 mu_bwd=4) | grad=3.156 | tok/s=13,220 | tokens=4.18B
step=127600 | loss=5.0524 | lr=3.00e-04 | wd=0.0164 | mom=0.9500 | T=6.2 k=3.0 (mu_rec=8 mu_bwd=4) | grad=2.562 | tok/s=14,206 | tokens=4.18B
step=127610 | loss=4.9658 | lr=3.00e-04 | wd=0.0164 | mom=0.9500 | T=11.0 k=4.0 (mu_rec=8 mu_bwd=4) | grad=2.375 | tok/s=14,487 | tokens=4.18B
step=127620 | loss=5.0235 | lr=3.00e-04 | wd=0.0164 | mom=0.9500 | T=5.2 k=3.8 (mu_rec=8 mu_bwd=4) | grad=1.766 | tok/s=14,437 | tokens=4.18B
step=127630 | loss=4.7740 | lr=3.00e-04 | wd=0.0164 | mom=0.9500 | T=11.2 k=4.0 (mu_rec=8 mu_bwd=4) | grad=2.953 | tok/s=13,467 | tokens=4.18B
step=127640 | loss=5.2288 | lr=3.00e-04 | wd=0.0163 | mom=0.9500 | T=7.2 k=4.0 (mu_rec=8 mu_bwd=4) | grad=11.250 | tok/s=13,697 | tokens=4.18B
step=127650 | loss=5.1296 | lr=3.00e-04 | wd=0.0163 | mom=0.9500 | T=5.8 k=3.8 (mu_rec=8 mu_bwd=4) | grad=4.531 | tok/s=14,157 | tokens=4.18B
step=127660 | loss=5.0999 | lr=3.00e-04 | wd=0.0163 | mom=0.9500 | T=5.5 k=4.0 (mu_rec=8 mu_bwd=4) | grad=3.219 | tok/s=14,142 | tokens=4.18B
step=127670 | loss=5.0059 | lr=3.00e-04 | wd=0.0163 | mom=0.9500 | T=10.8 k=4.0 (mu_rec=8 mu_bwd=4) | grad=7.969 | tok/s=14,013 | tokens=4.18B
step=127680 | loss=4.9246 | lr=3.00e-04 | wd=0.0163 | mom=0.9500 | T=14.0 k=4.0 (mu_rec=8 mu_bwd=4) | grad=2.234 | tok/s=13,005 | tokens=4.18B
step=127690 | loss=4.9286 | lr=3.00e-04 | wd=0.0163 | mom=0.9500 | T=8.5 k=4.0 (mu_rec=8 mu_bwd=4) | grad=1.812 | tok/s=13,563 | tokens=4.18B
step=127700 | loss=5.0432 | lr=3.00e-04 | wd=0.0163 | mom=0.9500 | T=8.2 k=3.8 (mu_rec=8 mu_bwd=4) | grad=1.930 | tok/s=14,272 | tokens=4.18B
step=127710 | loss=5.0069 | lr=3.00e-04 | wd=0.0163 | mom=0.9500 | T=7.2 k=3.8 (mu_rec=8 mu_bwd=4) | grad=1.867 | tok/s=13,868 | tokens=4.18B
step=127720 | loss=5.0517 | lr=3.00e-04 | wd=0.0163 | mom=0.9500 | T=9.2 k=4.0 (mu_rec=8 mu_bwd=4) | grad=2.750 | tok/s=15,282 | tokens=4.19B
step=127730 | loss=5.1006 | lr=3.00e-04 | wd=0.0163 | mom=0.9500 | T=14.2 k=4.0 (mu_rec=8 mu_bwd=4) | grad=3.000 | tok/s=12,892 | tokens=4.19B
step=127740 | loss=4.9205 | lr=3.00e-04 | wd=0.0163 | mom=0.9500 | T=6.0 k=3.2 (mu_rec=8 mu_bwd=4) | grad=5.031 | tok/s=14,908 | tokens=4.19B
step=127750 | loss=4.9533 | lr=3.00e-04 | wd=0.0163 | mom=0.9500 | T=11.5 k=4.0 (mu_rec=8 mu_bwd=4) | grad=2.672 | tok/s=14,115 | tokens=4.19B
step=127760 | loss=4.8858 | lr=3.00e-04 | wd=0.0163 | mom=0.9500 | T=3.0 k=2.2 (mu_rec=8 mu_bwd=4) | grad=2.516 | tok/s=15,956 | tokens=4.19B
step=127770 | loss=5.0515 | lr=3.00e-04 | wd=0.0163 | mom=0.9500 | T=8.0 k=4.0 (mu_rec=8 mu_bwd=4) | grad=2.969 | tok/s=13,065 | tokens=4.19B
step=127780 | loss=5.0287 | lr=3.00e-04 | wd=0.0163 | mom=0.9500 | T=13.5 k=4.0 (mu_rec=8 mu_bwd=4) | grad=3.234 | tok/s=14,564 | tokens=4.19B
step=127790 | loss=4.9814 | lr=3.00e-04 | wd=0.0163 | mom=0.9500 | T=10.0 k=4.0 (mu_rec=8 mu_bwd=4) | grad=3.953 | tok/s=14,377 | tokens=4.19B
step=127800 | loss=5.0596 | lr=3.00e-04 | wd=0.0162 | mom=0.9500 | T=15.2 k=4.0 (mu_rec=8 mu_bwd=4) | grad=3.047 | tok/s=12,784 | tokens=4.19B
step=127810 | loss=5.0586 | lr=3.00e-04 | wd=0.0162 | mom=0.9500 | T=7.5 k=4.0 (mu_rec=8 mu_bwd=4) | grad=2.062 | tok/s=15,204 | tokens=4.19B
step=127820 | loss=4.9687 | lr=3.00e-04 | wd=0.0162 | mom=0.9500 | T=8.5 k=4.0 (mu_rec=8 mu_bwd=4) | grad=2.375 | tok/s=14,697 | tokens=4.19B
step=127830 | loss=5.5265 | lr=3.00e-04 | wd=0.0162 | mom=0.9500 | T=6.8 k=4.0 (mu_rec=8 mu_bwd=4) | grad=2.516 | tok/s=13,268 | tokens=4.19B
step=127840 | loss=4.9787 | lr=3.00e-04 | wd=0.0162 | mom=0.9500 | T=9.5 k=4.0 (mu_rec=8 mu_bwd=4) | grad=3.141 | tok/s=14,057 | tokens=4.19B
step=127850 | loss=4.8347 | lr=3.00e-04 | wd=0.0162 | mom=0.9500 | T=6.0 k=3.0 (mu_rec=8 mu_bwd=4) | grad=7.125 | tok/s=13,923 | tokens=4.19B
step=127860 | loss=5.1097 | lr=3.00e-04 | wd=0.0162 | mom=0.9500 | T=4.2 k=3.5 (mu_rec=8 mu_bwd=4) | grad=2.344 | tok/s=13,772 | tokens=4.19B
step=127870 | loss=4.9573 | lr=3.00e-04 | wd=0.0162 | mom=0.9500 | T=12.8 k=4.0 (mu_rec=8 mu_bwd=4) | grad=2.625 | tok/s=13,541 | tokens=4.19B
step=127880 | loss=5.0945 | lr=3.00e-04 | wd=0.0162 | mom=0.9500 | T=6.8 k=3.5 (mu_rec=8 mu_bwd=4) | grad=4.312 | tok/s=14,183 | tokens=4.19B
step=127890 | loss=4.9809 | lr=3.00e-04 | wd=0.0162 | mom=0.9500 | T=9.5 k=4.0 (mu_rec=8 mu_bwd=4) | grad=4.031 | tok/s=14,026 | tokens=4.19B
step=127900 | loss=4.9323 | lr=3.00e-04 | wd=0.0162 | mom=0.9500 | T=7.2 k=3.0 (mu_rec=8 mu_bwd=4) | grad=4.875 | tok/s=14,507 | tokens=4.19B
step=127910 | loss=4.8349 | lr=3.00e-04 | wd=0.0162 | mom=0.9500 | T=9.5 k=4.0 (mu_rec=8 mu_bwd=4) | grad=3.109 | tok/s=13,958 | tokens=4.19B
step=127920 | loss=5.1080 | lr=3.00e-04 | wd=0.0162 | mom=0.9500 | T=4.0 k=3.2 (mu_rec=8 mu_bwd=4) | grad=5.781 | tok/s=14,437 | tokens=4.19B
step=127930 | loss=5.2387 | lr=3.00e-04 | wd=0.0162 | mom=0.9500 | T=6.0 k=3.5 (mu_rec=8 mu_bwd=4) | grad=5.094 | tok/s=13,790 | tokens=4.19B
step=127940 | loss=5.0522 | lr=3.00e-04 | wd=0.0162 | mom=0.9500 | T=10.5 k=4.0 (mu_rec=8 mu_bwd=4) | grad=3.672 | tok/s=13,574 | tokens=4.19B
step=127950 | loss=5.2015 | lr=3.00e-04 | wd=0.0161 | mom=0.9500 | T=6.8 k=2.8 (mu_rec=8 mu_bwd=4) | grad=2.719 | tok/s=13,128 | tokens=4.19B
step=127960 | loss=5.0443 | lr=3.00e-04 | wd=0.0161 | mom=0.9500 | T=7.8 k=4.0 (mu_rec=8 mu_bwd=4) | grad=3.297 | tok/s=14,589 | tokens=4.19B
step=127970 | loss=4.9290 | lr=3.00e-04 | wd=0.0161 | mom=0.9500 | T=2.8 k=2.8 (mu_rec=8 mu_bwd=4) | grad=3.812 | tok/s=15,786 | tokens=4.19B
step=127980 | loss=4.9873 | lr=3.00e-04 | wd=0.0161 | mom=0.9500 | T=8.5 k=4.0 (mu_rec=8 mu_bwd=4) | grad=3.641 | tok/s=13,367 | tokens=4.19B
step=127990 | loss=5.1083 | lr=3.00e-04 | wd=0.0161 | mom=0.9500 | T=5.5 k=3.5 (mu_rec=8 mu_bwd=4) | grad=3.281 | tok/s=15,454 | tokens=4.19B
step=128000 | loss=5.0717 | lr=3.00e-04 | wd=0.0161 | mom=0.9500 | T=6.8 k=4.0 (mu_rec=8 mu_bwd=4) | grad=2.281 | tok/s=14,914 | tokens=4.19B
[step 128000] Saved -> runs/ccot-5b/checkpoint_0128000
[step 128000] Pruned -> runs/ccot-5b/checkpoint_0122000
step=128010 | loss=5.0187 | lr=3.00e-04 | wd=0.0161 | mom=0.9500 | T=6.8 k=4.0 (mu_rec=8 mu_bwd=4) | grad=3.391 | tok/s=13,809 | tokens=4.19B
step=128020 | loss=4.9055 | lr=3.00e-04 | wd=0.0161 | mom=0.9500 | T=9.5 k=3.5 (mu_rec=8 mu_bwd=4) | grad=3.844 | tok/s=13,651 | tokens=4.19B
step=128030 | loss=5.0872 | lr=3.00e-04 | wd=0.0161 | mom=0.9500 | T=5.8 k=4.0 (mu_rec=8 mu_bwd=4) | grad=2.156 | tok/s=15,741 | tokens=4.20B
step=128040 | loss=5.3754 | lr=3.00e-04 | wd=0.0161 | mom=0.9500 | T=7.8 k=3.8 (mu_rec=8 mu_bwd=4) | grad=4.938 | tok/s=14,105 | tokens=4.20B
step=128050 | loss=4.9992 | lr=3.00e-04 | wd=0.0161 | mom=0.9500 | T=13.8 k=4.0 (mu_rec=8 mu_bwd=4) | grad=6.312 | tok/s=13,212 | tokens=4.20B
step=128060 | loss=5.2181 | lr=3.00e-04 | wd=0.0161 | mom=0.9500 | T=5.2 k=3.5 (mu_rec=8 mu_bwd=4) | grad=2.531 | tok/s=14,193 | tokens=4.20B
step=128070 | loss=4.7976 | lr=3.00e-04 | wd=0.0161 | mom=0.9500 | T=8.5 k=3.8 (mu_rec=8 mu_bwd=4) | grad=2.250 | tok/s=14,199 | tokens=4.20B
step=128080 | loss=5.0044 | lr=3.00e-04 | wd=0.0161 | mom=0.9500 | T=10.0 k=4.0 (mu_rec=8 mu_bwd=4) | grad=4.531 | tok/s=13,412 | tokens=4.20B
step=128090 | loss=4.9760 | lr=3.00e-04 | wd=0.0161 | mom=0.9500 | T=6.8 k=4.0 (mu_rec=8 mu_bwd=4) | grad=4.406 | tok/s=14,276 | tokens=4.20B
step=128100 | loss=4.8592 | lr=3.00e-04 | wd=0.0160 | mom=0.9500 | T=10.0 k=3.8 (mu_rec=8 mu_bwd=4) | grad=3.703 | tok/s=15,031 | tokens=4.20B
step=128110 | loss=5.0579 | lr=3.00e-04 | wd=0.0160 | mom=0.9500 | T=9.8 k=4.0 (mu_rec=8 mu_bwd=4) | grad=2.281 | tok/s=12,736 | tokens=4.20B
step=128120 | loss=4.9843 | lr=3.00e-04 | wd=0.0160 | mom=0.9500 | T=8.2 k=3.8 (mu_rec=8 mu_bwd=4) | grad=2.531 | tok/s=14,546 | tokens=4.20B
step=128130 | loss=5.2623 | lr=3.00e-04 | wd=0.0160 | mom=0.9500 | T=7.2 k=4.0 (mu_rec=8 mu_bwd=4) | grad=4.281 | tok/s=14,345 | tokens=4.20B
step=128140 | loss=4.9347 | lr=3.00e-04 | wd=0.0160 | mom=0.9500 | T=7.8 k=3.5 (mu_rec=8 mu_bwd=4) | grad=3.344 | tok/s=12,955 | tokens=4.20B
step=128150 | loss=5.2237 | lr=3.00e-04 | wd=0.0160 | mom=0.9500 | T=6.0 k=3.5 (mu_rec=8 mu_bwd=4) | grad=2.250 | tok/s=15,222 | tokens=4.20B
step=128160 | loss=4.9858 | lr=3.00e-04 | wd=0.0160 | mom=0.9500 | T=7.8 k=4.0 (mu_rec=8 mu_bwd=4) | grad=4.406 | tok/s=14,474 | tokens=4.20B
step=128170 | loss=5.1738 | lr=3.00e-04 | wd=0.0160 | mom=0.9500 | T=6.0 k=3.5 (mu_rec=8 mu_bwd=4) | grad=3.234 | tok/s=15,319 | tokens=4.20B
step=128180 | loss=4.9146 | lr=3.00e-04 | wd=0.0160 | mom=0.9500 | T=7.8 k=3.8 (mu_rec=8 mu_bwd=4) | grad=2.422 | tok/s=13,930 | tokens=4.20B
step=128190 | loss=5.0013 | lr=3.00e-04 | wd=0.0160 | mom=0.9500 | T=6.0 k=3.8 (mu_rec=8 mu_bwd=4) | grad=2.781 | tok/s=14,992 | tokens=4.20B
step=128200 | loss=4.8666 | lr=3.00e-04 | wd=0.0160 | mom=0.9500 | T=8.5 k=4.0 (mu_rec=8 mu_bwd=4) | grad=1.961 | tok/s=14,833 | tokens=4.20B
step=128210 | loss=5.1282 | lr=3.00e-04 | wd=0.0160 | mom=0.9500 | T=14.2 k=4.0 (mu_rec=8 mu_bwd=4) | grad=4.281 | tok/s=13,995 | tokens=4.20B
step=128220 | loss=5.1186 | lr=3.00e-04 | wd=0.0160 | mom=0.9500 | T=6.0 k=3.8 (mu_rec=8 mu_bwd=4) | grad=3.031 | tok/s=14,399 | tokens=4.20B
step=128230 | loss=5.0125 | lr=3.00e-04 | wd=0.0160 | mom=0.9500 | T=7.2 k=4.0 (mu_rec=8 mu_bwd=4) | grad=3.547 | tok/s=15,429 | tokens=4.20B
step=128240 | loss=4.8317 | lr=3.00e-04 | wd=0.0160 | mom=0.9500 | T=11.0 k=3.2 (mu_rec=8 mu_bwd=4) | grad=3.062 | tok/s=13,691 | tokens=4.20B
step=128250 | loss=4.9702 | lr=3.00e-04 | wd=0.0159 | mom=0.9500 | T=12.8 k=4.0 (mu_rec=8 mu_bwd=4) | grad=3.516 | tok/s=14,357 | tokens=4.20B
step=128260 | loss=4.7508 | lr=3.00e-04 | wd=0.0159 | mom=0.9500 | T=10.2 k=4.0 (mu_rec=8 mu_bwd=4) | grad=2.594 | tok/s=14,430 | tokens=4.20B
step=128270 | loss=4.9752 | lr=3.00e-04 | wd=0.0159 | mom=0.9500 | T=6.0 k=3.2 (mu_rec=8 mu_bwd=4) | grad=3.578 | tok/s=5,861 | tokens=4.20B
step=128280 | loss=5.0003 | lr=3.00e-04 | wd=0.0159 | mom=0.9500 | T=9.8 k=4.0 (mu_rec=8 mu_bwd=4) | grad=2.172 | tok/s=13,357 | tokens=4.20B
step=128290 | loss=4.9543 | lr=3.00e-04 | wd=0.0159 | mom=0.9500 | T=8.8 k=3.5 (mu_rec=8 mu_bwd=4) | grad=2.281 | tok/s=13,464 | tokens=4.20B
step=128300 | loss=5.0652 | lr=3.00e-04 | wd=0.0159 | mom=0.9500 | T=11.5 k=4.0 (mu_rec=8 mu_bwd=4) | grad=3.641 | tok/s=13,782 | tokens=4.20B
step=128310 | loss=5.0707 | lr=3.00e-04 | wd=0.0159 | mom=0.9500 | T=4.8 k=3.5 (mu_rec=8 mu_bwd=4) | grad=3.969 | tok/s=15,249 | tokens=4.20B
step=128320 | loss=4.8877 | lr=3.00e-04 | wd=0.0159 | mom=0.9500 | T=5.2 k=3.8 (mu_rec=8 mu_bwd=4) | grad=8.438 | tok/s=13,743 | tokens=4.20B
step=128330 | loss=4.9880 | lr=3.00e-04 | wd=0.0159 | mom=0.9500 | T=6.8 k=3.5 (mu_rec=8 mu_bwd=4) | grad=4.500 | tok/s=13,501 | tokens=4.21B
step=128340 | loss=4.8449 | lr=3.00e-04 | wd=0.0159 | mom=0.9500 | T=4.8 k=4.0 (mu_rec=8 mu_bwd=4) | grad=3.109 | tok/s=14,528 | tokens=4.21B
step=128350 | loss=4.8581 | lr=3.00e-04 | wd=0.0159 | mom=0.9500 | T=8.8 k=4.0 (mu_rec=8 mu_bwd=4) | grad=2.453 | tok/s=13,535 | tokens=4.21B
step=128360 | loss=5.0189 | lr=3.00e-04 | wd=0.0159 | mom=0.9500 | T=14.8 k=4.0 (mu_rec=8 mu_bwd=4) | grad=1.836 | tok/s=14,186 | tokens=4.21B
step=128370 | loss=4.9343 | lr=3.00e-04 | wd=0.0159 | mom=0.9500 | T=8.2 k=4.0 (mu_rec=8 mu_bwd=4) | grad=2.547 | tok/s=13,649 | tokens=4.21B
step=128380 | loss=4.8365 | lr=3.00e-04 | wd=0.0159 | mom=0.9500 | T=4.2 k=3.0 (mu_rec=8 mu_bwd=4) | grad=3.016 | tok/s=14,835 | tokens=4.21B
step=128390 | loss=5.0015 | lr=3.00e-04 | wd=0.0159 | mom=0.9500 | T=7.2 k=3.8 (mu_rec=8 mu_bwd=4) | grad=2.266 | tok/s=14,813 | tokens=4.21B
step=128400 | loss=4.6973 | lr=3.00e-04 | wd=0.0159 | mom=0.9500 | T=7.5 k=3.0 (mu_rec=8 mu_bwd=4) | grad=2.625 | tok/s=15,124 | tokens=4.21B
step=128410 | loss=4.9440 | lr=3.00e-04 | wd=0.0158 | mom=0.9500 | T=8.0 k=3.0 (mu_rec=8 mu_bwd=4) | grad=2.688 | tok/s=5,790 | tokens=4.21B
step=128420 | loss=4.9880 | lr=3.00e-04 | wd=0.0158 | mom=0.9500 | T=7.2 k=3.8 (mu_rec=8 mu_bwd=4) | grad=2.625 | tok/s=14,250 | tokens=4.21B
step=128430 | loss=5.0050 | lr=3.00e-04 | wd=0.0158 | mom=0.9500 | T=9.2 k=3.0 (mu_rec=8 mu_bwd=4) | grad=7.906 | tok/s=14,520 | tokens=4.21B
step=128440 | loss=5.1369 | lr=3.00e-04 | wd=0.0158 | mom=0.9500 | T=5.8 k=3.5 (mu_rec=8 mu_bwd=4) | grad=2.406 | tok/s=14,886 | tokens=4.21B
step=128450 | loss=5.0760 | lr=3.00e-04 | wd=0.0158 | mom=0.9500 | T=6.2 k=3.8 (mu_rec=8 mu_bwd=4) | grad=5.125 | tok/s=15,565 | tokens=4.21B
step=128460 | loss=4.9233 | lr=3.00e-04 | wd=0.0158 | mom=0.9500 | T=5.5 k=3.5 (mu_rec=8 mu_bwd=4) | grad=2.422 | tok/s=15,280 | tokens=4.21B
step=128470 | loss=5.0432 | lr=3.00e-04 | wd=0.0158 | mom=0.9500 | T=6.5 k=3.5 (mu_rec=8 mu_bwd=4) | grad=2.641 | tok/s=14,859 | tokens=4.21B
step=128480 | loss=4.9537 | lr=3.00e-04 | wd=0.0158 | mom=0.9500 | T=6.2 k=3.8 (mu_rec=8 mu_bwd=4) | grad=2.656 | tok/s=14,001 | tokens=4.21B
step=128490 | loss=4.8936 | lr=3.00e-04 | wd=0.0158 | mom=0.9500 | T=12.5 k=4.0 (mu_rec=8 mu_bwd=4) | grad=5.094 | tok/s=14,174 | tokens=4.21B
step=128500 | loss=4.8815 | lr=3.00e-04 | wd=0.0158 | mom=0.9500 | T=6.5 k=2.8 (mu_rec=8 mu_bwd=4) | grad=3.328 | tok/s=14,617 | tokens=4.21B
step=128510 | loss=5.0424 | lr=3.00e-04 | wd=0.0158 | mom=0.9500 | T=2.8 k=2.5 (mu_rec=8 mu_bwd=4) | grad=2.703 | tok/s=14,206 | tokens=4.21B
step=128520 | loss=5.0608 | lr=3.00e-04 | wd=0.0158 | mom=0.9500 | T=7.5 k=4.0 (mu_rec=8 mu_bwd=4) | grad=2.188 | tok/s=14,889 | tokens=4.21B
step=128530 | loss=4.8030 | lr=3.00e-04 | wd=0.0158 | mom=0.9500 | T=11.8 k=3.5 (mu_rec=8 mu_bwd=4) | grad=4.938 | tok/s=12,495 | tokens=4.21B
step=128540 | loss=5.2056 | lr=3.00e-04 | wd=0.0158 | mom=0.9500 | T=7.2 k=3.5 (mu_rec=8 mu_bwd=4) | grad=3.781 | tok/s=14,841 | tokens=4.21B
step=128550 | loss=5.3092 | lr=3.00e-04 | wd=0.0158 | mom=0.9500 | T=9.2 k=3.8 (mu_rec=8 mu_bwd=4) | grad=4.219 | tok/s=14,061 | tokens=4.21B
step=128560 | loss=5.1353 | lr=3.00e-04 | wd=0.0157 | mom=0.9500 | T=8.0 k=4.0 (mu_rec=8 mu_bwd=4) | grad=2.766 | tok/s=13,668 | tokens=4.21B
step=128570 | loss=5.1751 | lr=3.00e-04 | wd=0.0157 | mom=0.9500 | T=9.5 k=4.0 (mu_rec=8 mu_bwd=4) | grad=13.250 | tok/s=13,290 | tokens=4.21B
step=128580 | loss=5.0612 | lr=3.00e-04 | wd=0.0157 | mom=0.9500 | T=5.0 k=3.0 (mu_rec=8 mu_bwd=4) | grad=3.062 | tok/s=14,325 | tokens=4.21B
step=128590 | loss=5.0933 | lr=3.00e-04 | wd=0.0157 | mom=0.9500 | T=6.5 k=3.2 (mu_rec=8 mu_bwd=4) | grad=2.266 | tok/s=14,948 | tokens=4.21B
step=128600 | loss=5.1819 | lr=3.00e-04 | wd=0.0157 | mom=0.9500 | T=7.5 k=3.8 (mu_rec=8 mu_bwd=4) | grad=3.781 | tok/s=13,595 | tokens=4.21B
step=128610 | loss=5.1452 | lr=3.00e-04 | wd=0.0157 | mom=0.9500 | T=9.5 k=4.0 (mu_rec=8 mu_bwd=4) | grad=7.500 | tok/s=13,885 | tokens=4.21B
step=128620 | loss=5.0295 | lr=3.00e-04 | wd=0.0157 | mom=0.9500 | T=7.5 k=3.5 (mu_rec=8 mu_bwd=4) | grad=2.828 | tok/s=14,974 | tokens=4.21B
step=128630 | loss=4.9675 | lr=3.00e-04 | wd=0.0157 | mom=0.9500 | T=8.5 k=3.8 (mu_rec=8 mu_bwd=4) | grad=3.984 | tok/s=13,318 | tokens=4.21B
step=128640 | loss=5.4164 | lr=3.00e-04 | wd=0.0157 | mom=0.9500 | T=7.0 k=4.0 (mu_rec=8 mu_bwd=4) | grad=7.438 | tok/s=13,958 | tokens=4.22B
step=128650 | loss=5.0120 | lr=3.00e-04 | wd=0.0157 | mom=0.9500 | T=9.8 k=4.0 (mu_rec=8 mu_bwd=4) | grad=3.719 | tok/s=14,533 | tokens=4.22B
step=128660 | loss=4.9379 | lr=3.00e-04 | wd=0.0157 | mom=0.9500 | T=5.8 k=4.0 (mu_rec=8 mu_bwd=4) | grad=4.469 | tok/s=14,506 | tokens=4.22B
step=128670 | loss=4.9525 | lr=3.00e-04 | wd=0.0157 | mom=0.9500 | T=8.8 k=4.0 (mu_rec=8 mu_bwd=4) | grad=2.547 | tok/s=14,229 | tokens=4.22B
step=128680 | loss=5.2499 | lr=3.00e-04 | wd=0.0157 | mom=0.9500 | T=12.0 k=4.0 (mu_rec=8 mu_bwd=4) | grad=2.422 | tok/s=13,671 | tokens=4.22B
step=128690 | loss=5.0249 | lr=3.00e-04 | wd=0.0157 | mom=0.9500 | T=9.5 k=4.0 (mu_rec=8 mu_bwd=4) | grad=4.750 | tok/s=12,442 | tokens=4.22B
step=128700 | loss=4.8315 | lr=3.00e-04 | wd=0.0157 | mom=0.9500 | T=4.2 k=3.2 (mu_rec=8 mu_bwd=4) | grad=2.594 | tok/s=14,629 | tokens=4.22B
step=128710 | loss=4.8567 | lr=3.00e-04 | wd=0.0156 | mom=0.9500 | T=8.5 k=3.5 (mu_rec=8 mu_bwd=4) | grad=2.875 | tok/s=15,306 | tokens=4.22B
step=128720 | loss=4.6523 | lr=3.00e-04 | wd=0.0156 | mom=0.9500 | T=9.2 k=3.8 (mu_rec=8 mu_bwd=4) | grad=2.406 | tok/s=13,811 | tokens=4.22B
step=128730 | loss=4.9040 | lr=3.00e-04 | wd=0.0156 | mom=0.9500 | T=6.2 k=3.8 (mu_rec=8 mu_bwd=4) | grad=3.109 | tok/s=14,038 | tokens=4.22B
step=128740 | loss=5.1544 | lr=3.00e-04 | wd=0.0156 | mom=0.9500 | T=13.5 k=4.0 (mu_rec=8 mu_bwd=4) | grad=4.688 | tok/s=13,601 | tokens=4.22B
step=128750 | loss=4.9480 | lr=3.00e-04 | wd=0.0156 | mom=0.9500 | T=9.8 k=4.0 (mu_rec=8 mu_bwd=4) | grad=2.188 | tok/s=14,545 | tokens=4.22B
step=128760 | loss=4.8959 | lr=3.00e-04 | wd=0.0156 | mom=0.9500 | T=4.5 k=3.0 (mu_rec=8 mu_bwd=4) | grad=2.516 | tok/s=14,653 | tokens=4.22B
step=128770 | loss=5.0294 | lr=3.00e-04 | wd=0.0156 | mom=0.9500 | T=6.8 k=3.8 (mu_rec=8 mu_bwd=4) | grad=3.438 | tok/s=14,854 | tokens=4.22B
step=128780 | loss=5.3294 | lr=3.00e-04 | wd=0.0156 | mom=0.9500 | T=14.8 k=4.0 (mu_rec=8 mu_bwd=4) | grad=2.688 | tok/s=13,347 | tokens=4.22B
step=128790 | loss=4.9667 | lr=3.00e-04 | wd=0.0156 | mom=0.9500 | T=15.0 k=4.0 (mu_rec=8 mu_bwd=4) | grad=3.172 | tok/s=13,864 | tokens=4.22B
step=128800 | loss=5.0876 | lr=3.00e-04 | wd=0.0156 | mom=0.9500 | T=9.0 k=3.2 (mu_rec=8 mu_bwd=4) | grad=2.219 | tok/s=13,930 | tokens=4.22B
step=128810 | loss=4.8555 | lr=3.00e-04 | wd=0.0156 | mom=0.9500 | T=11.2 k=4.0 (mu_rec=8 mu_bwd=4) | grad=2.297 | tok/s=16,163 | tokens=4.22B
step=128820 | loss=5.0388 | lr=3.00e-04 | wd=0.0156 | mom=0.9500 | T=5.2 k=2.8 (mu_rec=8 mu_bwd=4) | grad=3.250 | tok/s=16,118 | tokens=4.22B
step=128830 | loss=5.0093 | lr=3.00e-04 | wd=0.0156 | mom=0.9500 | T=11.0 k=4.0 (mu_rec=8 mu_bwd=4) | grad=3.641 | tok/s=14,119 | tokens=4.22B
step=128840 | loss=4.9826 | lr=3.00e-04 | wd=0.0156 | mom=0.9500 | T=6.2 k=4.0 (mu_rec=8 mu_bwd=4) | grad=2.234 | tok/s=14,019 | tokens=4.22B
step=128850 | loss=4.8443 | lr=3.00e-04 | wd=0.0156 | mom=0.9500 | T=8.2 k=3.8 (mu_rec=8 mu_bwd=4) | grad=3.406 | tok/s=13,009 | tokens=4.22B
step=128860 | loss=5.0513 | lr=3.00e-04 | wd=0.0155 | mom=0.9500 | T=4.8 k=3.5 (mu_rec=8 mu_bwd=4) | grad=3.094 | tok/s=12,752 | tokens=4.22B
step=128870 | loss=5.2938 | lr=3.00e-04 | wd=0.0155 | mom=0.9500 | T=12.5 k=4.0 (mu_rec=8 mu_bwd=4) | grad=2.609 | tok/s=13,222 | tokens=4.22B
step=128880 | loss=5.0835 | lr=3.00e-04 | wd=0.0155 | mom=0.9500 | T=9.2 k=4.0 (mu_rec=8 mu_bwd=4) | grad=5.188 | tok/s=14,769 | tokens=4.22B
step=128890 | loss=5.0686 | lr=3.00e-04 | wd=0.0155 | mom=0.9500 | T=6.0 k=4.0 (mu_rec=8 mu_bwd=4) | grad=1.906 | tok/s=15,603 | tokens=4.22B
step=128900 | loss=5.0344 | lr=3.00e-04 | wd=0.0155 | mom=0.9500 | T=7.5 k=4.0 (mu_rec=8 mu_bwd=4) | grad=2.781 | tok/s=14,521 | tokens=4.22B
step=128910 | loss=5.0888 | lr=3.00e-04 | wd=0.0155 | mom=0.9500 | T=7.0 k=4.0 (mu_rec=8 mu_bwd=4) | grad=2.250 | tok/s=13,509 | tokens=4.22B
step=128920 | loss=5.0138 | lr=3.00e-04 | wd=0.0155 | mom=0.9500 | T=7.0 k=3.2 (mu_rec=8 mu_bwd=4) | grad=2.109 | tok/s=15,018 | tokens=4.22B
step=128930 | loss=5.0656 | lr=3.00e-04 | wd=0.0155 | mom=0.9500 | T=7.8 k=3.8 (mu_rec=8 mu_bwd=4) | grad=2.250 | tok/s=14,492 | tokens=4.22B
step=128940 | loss=5.0533 | lr=3.00e-04 | wd=0.0155 | mom=0.9500 | T=13.5 k=4.0 (mu_rec=8 mu_bwd=4) | grad=2.812 | tok/s=13,786 | tokens=4.23B
step=128950 | loss=4.8650 | lr=3.00e-04 | wd=0.0155 | mom=0.9500 | T=5.5 k=3.2 (mu_rec=8 mu_bwd=4) | grad=2.391 | tok/s=13,458 | tokens=4.23B
step=128960 | loss=4.8307 | lr=3.00e-04 | wd=0.0155 | mom=0.9500 | T=11.5 k=4.0 (mu_rec=8 mu_bwd=4) | grad=6.312 | tok/s=14,094 | tokens=4.23B
step=128970 | loss=5.0550 | lr=3.00e-04 | wd=0.0155 | mom=0.9500 | T=7.5 k=4.0 (mu_rec=8 mu_bwd=4) | grad=5.031 | tok/s=14,695 | tokens=4.23B
step=128980 | loss=5.1540 | lr=3.00e-04 | wd=0.0155 | mom=0.9500 | T=7.0 k=4.0 (mu_rec=8 mu_bwd=4) | grad=3.500 | tok/s=13,985 | tokens=4.23B
step=128990 | loss=4.9546 | lr=3.00e-04 | wd=0.0155 | mom=0.9500 | T=8.2 k=3.5 (mu_rec=8 mu_bwd=4) | grad=4.188 | tok/s=15,273 | tokens=4.23B
step=129000 | loss=4.9843 | lr=3.00e-04 | wd=0.0155 | mom=0.9500 | T=8.8 k=4.0 (mu_rec=8 mu_bwd=4) | grad=4.000 | tok/s=13,868 | tokens=4.23B
step=129010 | loss=4.9940 | lr=3.00e-04 | wd=0.0155 | mom=0.9500 | T=6.2 k=3.8 (mu_rec=8 mu_bwd=4) | grad=4.031 | tok/s=12,990 | tokens=4.23B
step=129020 | loss=5.1040 | lr=3.00e-04 | wd=0.0154 | mom=0.9500 | T=5.8 k=4.0 (mu_rec=8 mu_bwd=4) | grad=2.453 | tok/s=14,276 | tokens=4.23B
step=129030 | loss=4.7994 | lr=3.00e-04 | wd=0.0154 | mom=0.9500 | T=6.2 k=4.0 (mu_rec=8 mu_bwd=4) | grad=1.883 | tok/s=13,923 | tokens=4.23B
step=129040 | loss=4.9017 | lr=3.00e-04 | wd=0.0154 | mom=0.9500 | T=9.5 k=4.0 (mu_rec=8 mu_bwd=4) | grad=2.859 | tok/s=14,158 | tokens=4.23B
step=129050 | loss=5.2620 | lr=3.00e-04 | wd=0.0154 | mom=0.9500 | T=8.2 k=4.0 (mu_rec=8 mu_bwd=4) | grad=2.875 | tok/s=14,921 | tokens=4.23B
step=129060 | loss=5.0637 | lr=3.00e-04 | wd=0.0154 | mom=0.9500 | T=8.2 k=4.0 (mu_rec=8 mu_bwd=4) | grad=14.750 | tok/s=14,528 | tokens=4.23B
step=129070 | loss=4.9024 | lr=3.00e-04 | wd=0.0154 | mom=0.9500 | T=4.2 k=3.2 (mu_rec=8 mu_bwd=4) | grad=2.797 | tok/s=14,340 | tokens=4.23B
step=129080 | loss=5.2103 | lr=3.00e-04 | wd=0.0154 | mom=0.9500 | T=8.8 k=4.0 (mu_rec=8 mu_bwd=4) | grad=3.422 | tok/s=14,807 | tokens=4.23B
step=129090 | loss=4.9400 | lr=3.00e-04 | wd=0.0154 | mom=0.9500 | T=11.5 k=4.0 (mu_rec=8 mu_bwd=4) | grad=2.031 | tok/s=15,840 | tokens=4.23B
step=129100 | loss=4.9312 | lr=3.00e-04 | wd=0.0154 | mom=0.9500 | T=13.5 k=4.0 (mu_rec=8 mu_bwd=4) | grad=2.219 | tok/s=13,471 | tokens=4.23B
step=129110 | loss=4.7350 | lr=3.00e-04 | wd=0.0154 | mom=0.9500 | T=8.5 k=3.5 (mu_rec=8 mu_bwd=4) | grad=2.859 | tok/s=13,377 | tokens=4.23B
step=129120 | loss=5.1295 | lr=3.00e-04 | wd=0.0154 | mom=0.9500 | T=7.8 k=4.0 (mu_rec=8 mu_bwd=4) | grad=4.781 | tok/s=14,446 | tokens=4.23B
step=129130 | loss=4.8017 | lr=3.00e-04 | wd=0.0154 | mom=0.9500 | T=5.2 k=3.8 (mu_rec=8 mu_bwd=4) | grad=2.672 | tok/s=13,774 | tokens=4.23B
step=129140 | loss=4.9711 | lr=3.00e-04 | wd=0.0154 | mom=0.9500 | T=3.5 k=3.0 (mu_rec=8 mu_bwd=4) | grad=3.922 | tok/s=15,199 | tokens=4.23B
step=129150 | loss=5.0314 | lr=3.00e-04 | wd=0.0154 | mom=0.9500 | T=9.2 k=3.5 (mu_rec=8 mu_bwd=4) | grad=2.422 | tok/s=6,098 | tokens=4.23B
step=129160 | loss=4.8453 | lr=3.00e-04 | wd=0.0154 | mom=0.9500 | T=4.0 k=3.2 (mu_rec=8 mu_bwd=4) | grad=3.625 | tok/s=15,779 | tokens=4.23B
step=129170 | loss=5.0030 | lr=3.00e-04 | wd=0.0153 | mom=0.9500 | T=8.0 k=3.2 (mu_rec=8 mu_bwd=4) | grad=2.688 | tok/s=14,155 | tokens=4.23B
step=129180 | loss=4.9015 | lr=3.00e-04 | wd=0.0153 | mom=0.9500 | T=6.5 k=4.0 (mu_rec=8 mu_bwd=4) | grad=2.062 | tok/s=14,805 | tokens=4.23B
step=129190 | loss=4.9169 | lr=3.00e-04 | wd=0.0153 | mom=0.9500 | T=8.0 k=4.0 (mu_rec=8 mu_bwd=4) | grad=2.188 | tok/s=14,683 | tokens=4.23B
step=129200 | loss=4.9777 | lr=3.00e-04 | wd=0.0153 | mom=0.9500 | T=10.8 k=4.0 (mu_rec=8 mu_bwd=4) | grad=7.469 | tok/s=13,176 | tokens=4.23B
step=129210 | loss=4.9654 | lr=3.00e-04 | wd=0.0153 | mom=0.9500 | T=9.8 k=3.8 (mu_rec=8 mu_bwd=4) | grad=4.188 | tok/s=14,554 | tokens=4.23B
step=129220 | loss=4.7575 | lr=3.00e-04 | wd=0.0153 | mom=0.9500 | T=6.0 k=3.8 (mu_rec=8 mu_bwd=4) | grad=5.906 | tok/s=14,568 | tokens=4.23B
step=129230 | loss=4.4425 | lr=3.00e-04 | wd=0.0153 | mom=0.9500 | T=8.8 k=3.8 (mu_rec=8 mu_bwd=4) | grad=3.734 | tok/s=13,537 | tokens=4.23B
step=129240 | loss=4.5184 | lr=3.00e-04 | wd=0.0153 | mom=0.9500 | T=6.0 k=3.2 (mu_rec=8 mu_bwd=4) | grad=3.156 | tok/s=14,384 | tokens=4.23B
step=129250 | loss=4.8407 | lr=3.00e-04 | wd=0.0153 | mom=0.9500 | T=8.0 k=4.0 (mu_rec=8 mu_bwd=4) | grad=2.609 | tok/s=14,441 | tokens=4.24B
step=129260 | loss=4.8449 | lr=3.00e-04 | wd=0.0153 | mom=0.9500 | T=7.2 k=4.0 (mu_rec=8 mu_bwd=4) | grad=2.438 | tok/s=15,463 | tokens=4.24B
step=129270 | loss=5.0842 | lr=3.00e-04 | wd=0.0153 | mom=0.9500 | T=9.0 k=4.0 (mu_rec=8 mu_bwd=4) | grad=2.266 | tok/s=13,423 | tokens=4.24B
step=129280 | loss=4.9411 | lr=3.00e-04 | wd=0.0153 | mom=0.9500 | T=8.2 k=3.2 (mu_rec=8 mu_bwd=4) | grad=5.531 | tok/s=14,270 | tokens=4.24B
step=129290 | loss=4.9264 | lr=3.00e-04 | wd=0.0153 | mom=0.9500 | T=6.0 k=3.2 (mu_rec=8 mu_bwd=4) | grad=2.375 | tok/s=15,138 | tokens=4.24B
step=129300 | loss=5.0431 | lr=3.00e-04 | wd=0.0153 | mom=0.9500 | T=9.5 k=3.0 (mu_rec=8 mu_bwd=4) | grad=3.453 | tok/s=13,351 | tokens=4.24B
step=129310 | loss=4.8977 | lr=3.00e-04 | wd=0.0153 | mom=0.9500 | T=8.0 k=3.8 (mu_rec=8 mu_bwd=4) | grad=4.906 | tok/s=13,537 | tokens=4.24B
step=129320 | loss=4.7896 | lr=3.00e-04 | wd=0.0152 | mom=0.9500 | T=5.5 k=4.0 (mu_rec=8 mu_bwd=4) | grad=6.594 | tok/s=14,301 | tokens=4.24B
step=129330 | loss=4.9034 | lr=3.00e-04 | wd=0.0152 | mom=0.9500 | T=3.5 k=2.8 (mu_rec=8 mu_bwd=4) | grad=3.062 | tok/s=15,358 | tokens=4.24B
step=129340 | loss=5.1517 | lr=3.00e-04 | wd=0.0152 | mom=0.9500 | T=10.0 k=4.0 (mu_rec=8 mu_bwd=4) | grad=2.406 | tok/s=6,203 | tokens=4.24B
step=129350 | loss=5.4453 | lr=3.00e-04 | wd=0.0152 | mom=0.9500 | T=6.2 k=3.2 (mu_rec=8 mu_bwd=4) | grad=31.000 | tok/s=14,875 | tokens=4.24B
step=129360 | loss=6.2077 | lr=3.00e-04 | wd=0.0152 | mom=0.9500 | T=6.5 k=3.2 (mu_rec=8 mu_bwd=4) | grad=28.000 | tok/s=13,955 | tokens=4.24B
step=129370 | loss=5.5069 | lr=3.00e-04 | wd=0.0152 | mom=0.9500 | T=6.5 k=3.8 (mu_rec=8 mu_bwd=4) | grad=6.562 | tok/s=14,701 | tokens=4.24B
step=129380 | loss=5.3244 | lr=3.00e-04 | wd=0.0152 | mom=0.9500 | T=13.8 k=4.0 (mu_rec=8 mu_bwd=4) | grad=4.812 | tok/s=13,443 | tokens=4.24B
step=129390 | loss=5.1643 | lr=3.00e-04 | wd=0.0152 | mom=0.9500 | T=9.8 k=3.8 (mu_rec=8 mu_bwd=4) | grad=3.312 | tok/s=13,374 | tokens=4.24B
step=129400 | loss=5.0890 | lr=3.00e-04 | wd=0.0152 | mom=0.9500 | T=9.5 k=4.0 (mu_rec=8 mu_bwd=4) | grad=2.391 | tok/s=12,959 | tokens=4.24B
step=129410 | loss=5.0403 | lr=3.00e-04 | wd=0.0152 | mom=0.9500 | T=5.8 k=3.2 (mu_rec=8 mu_bwd=4) | grad=4.344 | tok/s=14,371 | tokens=4.24B
step=129420 | loss=4.9981 | lr=3.00e-04 | wd=0.0152 | mom=0.9500 | T=7.5 k=3.8 (mu_rec=8 mu_bwd=4) | grad=2.938 | tok/s=13,811 | tokens=4.24B
step=129430 | loss=4.8144 | lr=3.00e-04 | wd=0.0152 | mom=0.9500 | T=5.8 k=4.0 (mu_rec=8 mu_bwd=4) | grad=2.344 | tok/s=14,037 | tokens=4.24B
step=129440 | loss=4.7820 | lr=3.00e-04 | wd=0.0152 | mom=0.9500 | T=9.5 k=4.0 (mu_rec=8 mu_bwd=4) | grad=3.062 | tok/s=13,902 | tokens=4.24B
step=129450 | loss=5.0080 | lr=3.00e-04 | wd=0.0152 | mom=0.9500 | T=12.0 k=3.8 (mu_rec=8 mu_bwd=4) | grad=3.641 | tok/s=15,933 | tokens=4.24B
step=129460 | loss=4.9133 | lr=3.00e-04 | wd=0.0152 | mom=0.9500 | T=12.5 k=4.0 (mu_rec=8 mu_bwd=4) | grad=1.945 | tok/s=13,264 | tokens=4.24B
step=129470 | loss=5.0488 | lr=3.00e-04 | wd=0.0151 | mom=0.9500 | T=5.8 k=3.2 (mu_rec=8 mu_bwd=4) | grad=2.547 | tok/s=14,203 | tokens=4.24B
step=129480 | loss=4.8615 | lr=3.00e-04 | wd=0.0151 | mom=0.9500 | T=8.2 k=3.8 (mu_rec=8 mu_bwd=4) | grad=2.375 | tok/s=14,406 | tokens=4.24B
step=129490 | loss=4.9840 | lr=3.00e-04 | wd=0.0151 | mom=0.9500 | T=6.0 k=3.5 (mu_rec=8 mu_bwd=4) | grad=2.219 | tok/s=13,856 | tokens=4.24B
step=129500 | loss=5.1061 | lr=3.00e-04 | wd=0.0151 | mom=0.9500 | T=8.8 k=4.0 (mu_rec=8 mu_bwd=4) | grad=2.078 | tok/s=13,159 | tokens=4.24B
step=129510 | loss=5.0571 | lr=3.00e-04 | wd=0.0151 | mom=0.9500 | T=12.5 k=4.0 (mu_rec=8 mu_bwd=4) | grad=2.828 | tok/s=14,055 | tokens=4.24B
step=129520 | loss=4.8202 | lr=3.00e-04 | wd=0.0151 | mom=0.9500 | T=7.2 k=3.8 (mu_rec=8 mu_bwd=4) | grad=1.867 | tok/s=13,990 | tokens=4.24B
step=129530 | loss=4.8692 | lr=3.00e-04 | wd=0.0151 | mom=0.9500 | T=11.5 k=4.0 (mu_rec=8 mu_bwd=4) | grad=2.125 | tok/s=14,302 | tokens=4.24B
step=129540 | loss=5.0078 | lr=3.00e-04 | wd=0.0151 | mom=0.9500 | T=9.5 k=3.8 (mu_rec=8 mu_bwd=4) | grad=6.094 | tok/s=13,392 | tokens=4.24B
step=129550 | loss=5.0379 | lr=3.00e-04 | wd=0.0151 | mom=0.9500 | T=5.8 k=3.5 (mu_rec=8 mu_bwd=4) | grad=2.594 | tok/s=13,557 | tokens=4.25B
step=129560 | loss=4.8684 | lr=3.00e-04 | wd=0.0151 | mom=0.9500 | T=5.5 k=3.2 (mu_rec=8 mu_bwd=4) | grad=3.781 | tok/s=14,167 | tokens=4.25B
step=129570 | loss=5.1352 | lr=3.00e-04 | wd=0.0151 | mom=0.9500 | T=6.8 k=3.8 (mu_rec=8 mu_bwd=4) | grad=3.016 | tok/s=15,394 | tokens=4.25B
step=129580 | loss=4.9430 | lr=3.00e-04 | wd=0.0151 | mom=0.9500 | T=5.0 k=4.0 (mu_rec=8 mu_bwd=4) | grad=2.375 | tok/s=15,651 | tokens=4.25B
step=129590 | loss=5.1138 | lr=3.00e-04 | wd=0.0151 | mom=0.9500 | T=7.5 k=3.5 (mu_rec=8 mu_bwd=4) | grad=4.219 | tok/s=14,990 | tokens=4.25B
step=129600 | loss=5.4715 | lr=3.00e-04 | wd=0.0151 | mom=0.9500 | T=9.0 k=4.0 (mu_rec=8 mu_bwd=4) | grad=3.016 | tok/s=13,680 | tokens=4.25B
step=129610 | loss=5.3284 | lr=3.00e-04 | wd=0.0151 | mom=0.9500 | T=7.0 k=3.8 (mu_rec=8 mu_bwd=4) | grad=3.297 | tok/s=15,105 | tokens=4.25B
step=129620 | loss=5.8451 | lr=3.00e-04 | wd=0.0151 | mom=0.9500 | T=6.5 k=3.5 (mu_rec=8 mu_bwd=4) | grad=2.906 | tok/s=14,986 | tokens=4.25B
step=129630 | loss=4.9788 | lr=3.00e-04 | wd=0.0150 | mom=0.9500 | T=10.0 k=4.0 (mu_rec=8 mu_bwd=4) | grad=3.625 | tok/s=14,101 | tokens=4.25B
step=129640 | loss=4.9085 | lr=3.00e-04 | wd=0.0150 | mom=0.9500 | T=8.8 k=4.0 (mu_rec=8 mu_bwd=4) | grad=3.812 | tok/s=13,402 | tokens=4.25B
step=129650 | loss=4.9379 | lr=3.00e-04 | wd=0.0150 | mom=0.9500 | T=5.2 k=3.5 (mu_rec=8 mu_bwd=4) | grad=2.797 | tok/s=14,064 | tokens=4.25B
step=129660 | loss=5.0361 | lr=3.00e-04 | wd=0.0150 | mom=0.9500 | T=5.8 k=3.8 (mu_rec=8 mu_bwd=4) | grad=2.125 | tok/s=14,176 | tokens=4.25B
step=129670 | loss=4.9999 | lr=3.00e-04 | wd=0.0150 | mom=0.9500 | T=13.8 k=4.0 (mu_rec=8 mu_bwd=4) | grad=2.500 | tok/s=14,322 | tokens=4.25B
step=129680 | loss=4.9730 | lr=3.00e-04 | wd=0.0150 | mom=0.9500 | T=7.2 k=3.2 (mu_rec=8 mu_bwd=4) | grad=2.359 | tok/s=16,066 | tokens=4.25B
step=129690 | loss=4.9657 | lr=3.00e-04 | wd=0.0150 | mom=0.9500 | T=14.0 k=4.0 (mu_rec=8 mu_bwd=4) | grad=3.578 | tok/s=14,298 | tokens=4.25B
step=129700 | loss=5.0486 | lr=3.00e-04 | wd=0.0150 | mom=0.9500 | T=12.8 k=4.0 (mu_rec=8 mu_bwd=4) | grad=2.578 | tok/s=13,145 | tokens=4.25B
step=129710 | loss=5.0886 | lr=3.00e-04 | wd=0.0150 | mom=0.9500 | T=7.0 k=4.0 (mu_rec=8 mu_bwd=4) | grad=2.688 | tok/s=16,422 | tokens=4.25B
step=129720 | loss=4.7204 | lr=3.00e-04 | wd=0.0150 | mom=0.9500 | T=8.2 k=3.2 (mu_rec=8 mu_bwd=4) | grad=3.047 | tok/s=13,598 | tokens=4.25B
step=129730 | loss=4.9086 | lr=3.00e-04 | wd=0.0150 | mom=0.9500 | T=13.0 k=4.0 (mu_rec=8 mu_bwd=4) | grad=3.031 | tok/s=13,997 | tokens=4.25B
step=129740 | loss=5.0112 | lr=3.00e-04 | wd=0.0150 | mom=0.9500 | T=12.2 k=4.0 (mu_rec=8 mu_bwd=4) | grad=4.000 | tok/s=14,786 | tokens=4.25B
step=129750 | loss=4.8344 | lr=3.00e-04 | wd=0.0150 | mom=0.9500 | T=7.0 k=4.0 (mu_rec=8 mu_bwd=4) | grad=3.688 | tok/s=14,759 | tokens=4.25B
step=129760 | loss=4.9406 | lr=3.00e-04 | wd=0.0150 | mom=0.9500 | T=10.5 k=4.0 (mu_rec=8 mu_bwd=4) | grad=8.562 | tok/s=13,736 | tokens=4.25B
step=129770 | loss=5.1461 | lr=3.00e-04 | wd=0.0150 | mom=0.9500 | T=14.0 k=3.8 (mu_rec=8 mu_bwd=4) | grad=2.844 | tok/s=13,148 | tokens=4.25B
step=129780 | loss=4.9216 | lr=3.00e-04 | wd=0.0149 | mom=0.9500 | T=9.2 k=4.0 (mu_rec=8 mu_bwd=4) | grad=3.234 | tok/s=13,921 | tokens=4.25B
step=129790 | loss=5.2607 | lr=3.00e-04 | wd=0.0149 | mom=0.9500 | T=8.5 k=4.0 (mu_rec=8 mu_bwd=4) | grad=6.125 | tok/s=15,449 | tokens=4.25B
step=129800 | loss=4.9801 | lr=3.00e-04 | wd=0.0149 | mom=0.9500 | T=5.0 k=3.8 (mu_rec=8 mu_bwd=4) | grad=4.281 | tok/s=13,964 | tokens=4.25B
step=129810 | loss=4.9277 | lr=3.00e-04 | wd=0.0149 | mom=0.9500 | T=6.8 k=4.0 (mu_rec=8 mu_bwd=4) | grad=2.156 | tok/s=14,473 | tokens=4.25B
step=129820 | loss=5.0579 | lr=3.00e-04 | wd=0.0149 | mom=0.9500 | T=10.0 k=4.0 (mu_rec=8 mu_bwd=4) | grad=13.625 | tok/s=14,079 | tokens=4.25B
step=129830 | loss=4.8492 | lr=3.00e-04 | wd=0.0149 | mom=0.9500 | T=7.5 k=3.8 (mu_rec=8 mu_bwd=4) | grad=4.531 | tok/s=14,813 | tokens=4.25B
step=129840 | loss=5.0930 | lr=3.00e-04 | wd=0.0149 | mom=0.9500 | T=11.0 k=4.0 (mu_rec=8 mu_bwd=4) | grad=2.453 | tok/s=13,384 | tokens=4.25B
step=129850 | loss=5.0863 | lr=3.00e-04 | wd=0.0149 | mom=0.9500 | T=4.5 k=3.5 (mu_rec=8 mu_bwd=4) | grad=1.914 | tok/s=14,165 | tokens=4.25B
step=129860 | loss=4.9864 | lr=3.00e-04 | wd=0.0149 | mom=0.9500 | T=8.8 k=3.0 (mu_rec=8 mu_bwd=4) | grad=2.562 | tok/s=14,978 | tokens=4.26B
step=129870 | loss=4.6736 | lr=3.00e-04 | wd=0.0149 | mom=0.9500 | T=4.8 k=3.5 (mu_rec=8 mu_bwd=4) | grad=3.688 | tok/s=14,137 | tokens=4.26B
step=129880 | loss=4.8410 | lr=3.00e-04 | wd=0.0149 | mom=0.9500 | T=6.0 k=3.8 (mu_rec=8 mu_bwd=4) | grad=3.328 | tok/s=14,459 | tokens=4.26B
step=129890 | loss=4.9265 | lr=3.00e-04 | wd=0.0149 | mom=0.9500 | T=8.0 k=3.5 (mu_rec=8 mu_bwd=4) | grad=2.719 | tok/s=13,942 | tokens=4.26B
step=129900 | loss=5.0722 | lr=3.00e-04 | wd=0.0149 | mom=0.9500 | T=7.2 k=4.0 (mu_rec=8 mu_bwd=4) | grad=3.141 | tok/s=14,506 | tokens=4.26B
step=129910 | loss=4.8846 | lr=3.00e-04 | wd=0.0149 | mom=0.9500 | T=6.5 k=4.0 (mu_rec=8 mu_bwd=4) | grad=4.438 | tok/s=14,649 | tokens=4.26B
step=129920 | loss=4.9155 | lr=3.00e-04 | wd=0.0149 | mom=0.9500 | T=5.0 k=3.8 (mu_rec=8 mu_bwd=4) | grad=2.672 | tok/s=13,894 | tokens=4.26B
step=129930 | loss=4.9525 | lr=3.00e-04 | wd=0.0148 | mom=0.9500 | T=11.2 k=4.0 (mu_rec=8 mu_bwd=4) | grad=2.438 | tok/s=13,772 | tokens=4.26B
step=129940 | loss=4.9211 | lr=3.00e-04 | wd=0.0148 | mom=0.9500 | T=9.5 k=4.0 (mu_rec=8 mu_bwd=4) | grad=2.516 | tok/s=14,013 | tokens=4.26B
step=129950 | loss=4.9924 | lr=3.00e-04 | wd=0.0148 | mom=0.9500 | T=12.2 k=4.0 (mu_rec=8 mu_bwd=4) | grad=3.703 | tok/s=15,258 | tokens=4.26B
step=129960 | loss=4.8801 | lr=3.00e-04 | wd=0.0148 | mom=0.9500 | T=5.5 k=4.0 (mu_rec=8 mu_bwd=4) | grad=2.562 | tok/s=13,987 | tokens=4.26B
step=129970 | loss=5.0425 | lr=3.00e-04 | wd=0.0148 | mom=0.9500 | T=7.8 k=4.0 (mu_rec=8 mu_bwd=4) | grad=2.641 | tok/s=14,020 | tokens=4.26B
step=129980 | loss=5.0579 | lr=3.00e-04 | wd=0.0148 | mom=0.9500 | T=6.5 k=4.0 (mu_rec=8 mu_bwd=4) | grad=5.844 | tok/s=12,676 | tokens=4.26B
step=129990 | loss=4.9717 | lr=3.00e-04 | wd=0.0148 | mom=0.9500 | T=5.5 k=3.8 (mu_rec=8 mu_bwd=4) | grad=2.156 | tok/s=14,383 | tokens=4.26B
step=130000 | loss=4.8475 | lr=3.00e-04 | wd=0.0148 | mom=0.9500 | T=5.0 k=3.2 (mu_rec=8 mu_bwd=4) | grad=2.453 | tok/s=15,146 | tokens=4.26B
[step 130000] Saved -> runs/ccot-5b/checkpoint_0130000
[step 130000] Pruned -> runs/ccot-5b/checkpoint_0124000
step=130010 | loss=4.9668 | lr=3.00e-04 | wd=0.0148 | mom=0.9500 | T=9.0 k=3.8 (mu_rec=8 mu_bwd=4) | grad=2.219 | tok/s=13,671 | tokens=4.26B
step=130020 | loss=4.9992 | lr=3.00e-04 | wd=0.0148 | mom=0.9500 | T=7.5 k=3.8 (mu_rec=8 mu_bwd=4) | grad=2.031 | tok/s=12,080 | tokens=4.26B
step=130030 | loss=4.9018 | lr=3.00e-04 | wd=0.0148 | mom=0.9500 | T=7.0 k=4.0 (mu_rec=8 mu_bwd=4) | grad=2.438 | tok/s=13,823 | tokens=4.26B
step=130040 | loss=4.9035 | lr=3.00e-04 | wd=0.0148 | mom=0.9500 | T=8.2 k=3.5 (mu_rec=8 mu_bwd=4) | grad=2.188 | tok/s=13,402 | tokens=4.26B
step=130050 | loss=5.0971 | lr=3.00e-04 | wd=0.0148 | mom=0.9500 | T=4.2 k=3.5 (mu_rec=8 mu_bwd=4) | grad=3.516 | tok/s=6,115 | tokens=4.26B
step=130060 | loss=5.3321 | lr=3.00e-04 | wd=0.0148 | mom=0.9500 | T=2.8 k=2.8 (mu_rec=8 mu_bwd=4) | grad=3.516 | tok/s=15,611 | tokens=4.26B
step=130070 | loss=5.0659 | lr=3.00e-04 | wd=0.0148 | mom=0.9500 | T=6.8 k=3.5 (mu_rec=8 mu_bwd=4) | grad=2.547 | tok/s=14,907 | tokens=4.26B
step=130080 | loss=4.9541 | lr=3.00e-04 | wd=0.0147 | mom=0.9500 | T=6.0 k=3.8 (mu_rec=8 mu_bwd=4) | grad=2.031 | tok/s=15,468 | tokens=4.26B
step=130090 | loss=4.9560 | lr=3.00e-04 | wd=0.0147 | mom=0.9500 | T=6.2 k=3.8 (mu_rec=8 mu_bwd=4) | grad=2.172 | tok/s=14,545 | tokens=4.26B
step=130100 | loss=4.8539 | lr=3.00e-04 | wd=0.0147 | mom=0.9500 | T=6.0 k=4.0 (mu_rec=8 mu_bwd=4) | grad=2.328 | tok/s=13,059 | tokens=4.26B
step=130110 | loss=5.0546 | lr=3.00e-04 | wd=0.0147 | mom=0.9500 | T=9.2 k=3.8 (mu_rec=8 mu_bwd=4) | grad=2.984 | tok/s=14,612 | tokens=4.26B
step=130120 | loss=5.1551 | lr=3.00e-04 | wd=0.0147 | mom=0.9500 | T=11.5 k=3.8 (mu_rec=8 mu_bwd=4) | grad=2.750 | tok/s=12,398 | tokens=4.26B
step=130130 | loss=5.0738 | lr=3.00e-04 | wd=0.0147 | mom=0.9500 | T=8.8 k=4.0 (mu_rec=8 mu_bwd=4) | grad=3.547 | tok/s=14,377 | tokens=4.26B
step=130140 | loss=5.0475 | lr=3.00e-04 | wd=0.0147 | mom=0.9500 | T=11.8 k=4.0 (mu_rec=8 mu_bwd=4) | grad=2.422 | tok/s=14,042 | tokens=4.26B
step=130150 | loss=5.0640 | lr=3.00e-04 | wd=0.0147 | mom=0.9500 | T=9.8 k=4.0 (mu_rec=8 mu_bwd=4) | grad=1.836 | tok/s=14,339 | tokens=4.26B
step=130160 | loss=4.9888 | lr=3.00e-04 | wd=0.0147 | mom=0.9500 | T=7.8 k=3.0 (mu_rec=8 mu_bwd=4) | grad=2.719 | tok/s=14,366 | tokens=4.27B
step=130170 | loss=5.1249 | lr=3.00e-04 | wd=0.0147 | mom=0.9500 | T=7.2 k=3.8 (mu_rec=8 mu_bwd=4) | grad=3.438 | tok/s=13,336 | tokens=4.27B
step=130180 | loss=4.8773 | lr=3.00e-04 | wd=0.0147 | mom=0.9500 | T=10.5 k=4.0 (mu_rec=8 mu_bwd=4) | grad=1.648 | tok/s=14,492 | tokens=4.27B
step=130190 | loss=4.7283 | lr=3.00e-04 | wd=0.0147 | mom=0.9500 | T=12.0 k=4.0 (mu_rec=8 mu_bwd=4) | grad=3.016 | tok/s=6,352 | tokens=4.27B
step=130200 | loss=4.8580 | lr=3.00e-04 | wd=0.0147 | mom=0.9500 | T=8.5 k=3.8 (mu_rec=8 mu_bwd=4) | grad=2.625 | tok/s=12,788 | tokens=4.27B
step=130210 | loss=5.0127 | lr=3.00e-04 | wd=0.0147 | mom=0.9500 | T=5.2 k=3.5 (mu_rec=8 mu_bwd=4) | grad=2.594 | tok/s=14,551 | tokens=4.27B
step=130220 | loss=4.9409 | lr=3.00e-04 | wd=0.0147 | mom=0.9500 | T=11.5 k=4.0 (mu_rec=8 mu_bwd=4) | grad=2.797 | tok/s=13,997 | tokens=4.27B
step=130230 | loss=4.9709 | lr=3.00e-04 | wd=0.0147 | mom=0.9500 | T=10.0 k=4.0 (mu_rec=8 mu_bwd=4) | grad=3.766 | tok/s=15,485 | tokens=4.27B
step=130240 | loss=5.0444 | lr=3.00e-04 | wd=0.0146 | mom=0.9500 | T=11.5 k=4.0 (mu_rec=8 mu_bwd=4) | grad=2.781 | tok/s=14,078 | tokens=4.27B
step=130250 | loss=5.0427 | lr=3.00e-04 | wd=0.0146 | mom=0.9500 | T=11.8 k=3.8 (mu_rec=8 mu_bwd=4) | grad=2.688 | tok/s=12,603 | tokens=4.27B
step=130260 | loss=4.9308 | lr=3.00e-04 | wd=0.0146 | mom=0.9500 | T=8.5 k=3.2 (mu_rec=8 mu_bwd=4) | grad=4.000 | tok/s=14,729 | tokens=4.27B
step=130270 | loss=5.0699 | lr=3.00e-04 | wd=0.0146 | mom=0.9500 | T=13.5 k=3.8 (mu_rec=8 mu_bwd=4) | grad=2.266 | tok/s=14,061 | tokens=4.27B
step=130280 | loss=4.9365 | lr=3.00e-04 | wd=0.0146 | mom=0.9500 | T=8.8 k=4.0 (mu_rec=8 mu_bwd=4) | grad=2.984 | tok/s=13,791 | tokens=4.27B
step=130290 | loss=5.0927 | lr=3.00e-04 | wd=0.0146 | mom=0.9500 | T=6.5 k=3.5 (mu_rec=8 mu_bwd=4) | grad=2.188 | tok/s=13,639 | tokens=4.27B
step=130300 | loss=4.8857 | lr=3.00e-04 | wd=0.0146 | mom=0.9500 | T=8.5 k=4.0 (mu_rec=8 mu_bwd=4) | grad=2.344 | tok/s=15,308 | tokens=4.27B
step=130310 | loss=4.8336 | lr=3.00e-04 | wd=0.0146 | mom=0.9500 | T=7.5 k=4.0 (mu_rec=8 mu_bwd=4) | grad=1.625 | tok/s=14,887 | tokens=4.27B
step=130320 | loss=4.8870 | lr=3.00e-04 | wd=0.0146 | mom=0.9500 | T=8.2 k=4.0 (mu_rec=8 mu_bwd=4) | grad=4.469 | tok/s=13,603 | tokens=4.27B
step=130330 | loss=4.9603 | lr=3.00e-04 | wd=0.0146 | mom=0.9500 | T=5.0 k=3.8 (mu_rec=8 mu_bwd=4) | grad=2.266 | tok/s=14,595 | tokens=4.27B
step=130340 | loss=4.9189 | lr=3.00e-04 | wd=0.0146 | mom=0.9500 | T=7.2 k=3.2 (mu_rec=8 mu_bwd=4) | grad=2.500 | tok/s=15,034 | tokens=4.27B
step=130350 | loss=4.9805 | lr=3.00e-04 | wd=0.0146 | mom=0.9500 | T=10.0 k=4.0 (mu_rec=8 mu_bwd=4) | grad=2.188 | tok/s=13,933 | tokens=4.27B
step=130360 | loss=5.0782 | lr=3.00e-04 | wd=0.0146 | mom=0.9500 | T=11.2 k=4.0 (mu_rec=8 mu_bwd=4) | grad=2.531 | tok/s=14,240 | tokens=4.27B
step=130370 | loss=4.8471 | lr=3.00e-04 | wd=0.0146 | mom=0.9500 | T=13.8 k=4.0 (mu_rec=8 mu_bwd=4) | grad=2.438 | tok/s=13,693 | tokens=4.27B
step=130380 | loss=5.0375 | lr=3.00e-04 | wd=0.0146 | mom=0.9500 | T=5.5 k=3.5 (mu_rec=8 mu_bwd=4) | grad=2.500 | tok/s=14,695 | tokens=4.27B
step=130390 | loss=5.0300 | lr=3.00e-04 | wd=0.0145 | mom=0.9500 | T=5.8 k=4.0 (mu_rec=8 mu_bwd=4) | grad=3.906 | tok/s=14,384 | tokens=4.27B
step=130400 | loss=4.8125 | lr=3.00e-04 | wd=0.0145 | mom=0.9500 | T=7.5 k=3.5 (mu_rec=8 mu_bwd=4) | grad=2.609 | tok/s=14,018 | tokens=4.27B
step=130410 | loss=4.8813 | lr=3.00e-04 | wd=0.0145 | mom=0.9500 | T=9.5 k=4.0 (mu_rec=8 mu_bwd=4) | grad=2.188 | tok/s=14,677 | tokens=4.27B
step=130420 | loss=4.9968 | lr=3.00e-04 | wd=0.0145 | mom=0.9500 | T=6.0 k=4.0 (mu_rec=8 mu_bwd=4) | grad=1.891 | tok/s=14,396 | tokens=4.27B
step=130430 | loss=5.1015 | lr=3.00e-04 | wd=0.0145 | mom=0.9500 | T=6.5 k=3.2 (mu_rec=8 mu_bwd=4) | grad=1.922 | tok/s=14,151 | tokens=4.27B
step=130440 | loss=4.8783 | lr=3.00e-04 | wd=0.0145 | mom=0.9500 | T=7.2 k=4.0 (mu_rec=8 mu_bwd=4) | grad=1.789 | tok/s=14,654 | tokens=4.27B
step=130450 | loss=4.9311 | lr=3.00e-04 | wd=0.0145 | mom=0.9500 | T=6.0 k=3.2 (mu_rec=8 mu_bwd=4) | grad=2.594 | tok/s=14,582 | tokens=4.27B
step=130460 | loss=4.9602 | lr=3.00e-04 | wd=0.0145 | mom=0.9500 | T=7.2 k=4.0 (mu_rec=8 mu_bwd=4) | grad=3.812 | tok/s=14,540 | tokens=4.27B
step=130470 | loss=5.0700 | lr=3.00e-04 | wd=0.0145 | mom=0.9500 | T=9.5 k=4.0 (mu_rec=8 mu_bwd=4) | grad=2.219 | tok/s=13,408 | tokens=4.28B
step=130480 | loss=4.9036 | lr=3.00e-04 | wd=0.0145 | mom=0.9500 | T=8.0 k=3.5 (mu_rec=8 mu_bwd=4) | grad=3.094 | tok/s=14,456 | tokens=4.28B
step=130490 | loss=5.0032 | lr=3.00e-04 | wd=0.0145 | mom=0.9500 | T=7.0 k=4.0 (mu_rec=8 mu_bwd=4) | grad=2.125 | tok/s=12,914 | tokens=4.28B
step=130500 | loss=4.9773 | lr=3.00e-04 | wd=0.0145 | mom=0.9500 | T=10.2 k=4.0 (mu_rec=8 mu_bwd=4) | grad=4.625 | tok/s=14,071 | tokens=4.28B
step=130510 | loss=4.8530 | lr=3.00e-04 | wd=0.0145 | mom=0.9500 | T=6.5 k=3.5 (mu_rec=8 mu_bwd=4) | grad=2.438 | tok/s=13,813 | tokens=4.28B
step=130520 | loss=5.4443 | lr=3.00e-04 | wd=0.0145 | mom=0.9500 | T=10.0 k=3.8 (mu_rec=8 mu_bwd=4) | grad=3.766 | tok/s=12,814 | tokens=4.28B
step=130530 | loss=5.5618 | lr=3.00e-04 | wd=0.0145 | mom=0.9500 | T=9.5 k=4.0 (mu_rec=8 mu_bwd=4) | grad=8.938 | tok/s=14,055 | tokens=4.28B
step=130540 | loss=5.4055 | lr=3.00e-04 | wd=0.0144 | mom=0.9500 | T=9.2 k=4.0 (mu_rec=8 mu_bwd=4) | grad=2.547 | tok/s=13,709 | tokens=4.28B
step=130550 | loss=5.0636 | lr=3.00e-04 | wd=0.0144 | mom=0.9500 | T=5.8 k=3.0 (mu_rec=8 mu_bwd=4) | grad=3.938 | tok/s=14,638 | tokens=4.28B
step=130560 | loss=4.9214 | lr=3.00e-04 | wd=0.0144 | mom=0.9500 | T=7.5 k=3.8 (mu_rec=8 mu_bwd=4) | grad=3.094 | tok/s=15,205 | tokens=4.28B
step=130570 | loss=4.9797 | lr=3.00e-04 | wd=0.0144 | mom=0.9500 | T=7.0 k=3.8 (mu_rec=8 mu_bwd=4) | grad=3.094 | tok/s=13,036 | tokens=4.28B
step=130580 | loss=4.8590 | lr=3.00e-04 | wd=0.0144 | mom=0.9500 | T=8.2 k=4.0 (mu_rec=8 mu_bwd=4) | grad=4.312 | tok/s=13,776 | tokens=4.28B
step=130590 | loss=4.9619 | lr=3.00e-04 | wd=0.0144 | mom=0.9500 | T=11.2 k=4.0 (mu_rec=8 mu_bwd=4) | grad=2.828 | tok/s=13,809 | tokens=4.28B
step=130600 | loss=4.6559 | lr=3.00e-04 | wd=0.0144 | mom=0.9500 | T=3.2 k=2.8 (mu_rec=8 mu_bwd=4) | grad=5.156 | tok/s=15,058 | tokens=4.28B
step=130610 | loss=4.5730 | lr=3.00e-04 | wd=0.0144 | mom=0.9500 | T=10.0 k=4.0 (mu_rec=8 mu_bwd=4) | grad=3.484 | tok/s=15,697 | tokens=4.28B
step=130620 | loss=4.5636 | lr=3.00e-04 | wd=0.0144 | mom=0.9500 | T=6.2 k=3.5 (mu_rec=8 mu_bwd=4) | grad=4.625 | tok/s=15,092 | tokens=4.28B
step=130630 | loss=4.7114 | lr=3.00e-04 | wd=0.0144 | mom=0.9500 | T=8.8 k=4.0 (mu_rec=8 mu_bwd=4) | grad=4.219 | tok/s=14,310 | tokens=4.28B
step=130640 | loss=5.1316 | lr=3.00e-04 | wd=0.0144 | mom=0.9500 | T=12.2 k=4.0 (mu_rec=8 mu_bwd=4) | grad=6.844 | tok/s=14,678 | tokens=4.28B
step=130650 | loss=5.0583 | lr=3.00e-04 | wd=0.0144 | mom=0.9500 | T=8.0 k=3.2 (mu_rec=8 mu_bwd=4) | grad=5.094 | tok/s=13,439 | tokens=4.28B
step=130660 | loss=4.8371 | lr=3.00e-04 | wd=0.0144 | mom=0.9500 | T=4.8 k=3.5 (mu_rec=8 mu_bwd=4) | grad=3.219 | tok/s=15,328 | tokens=4.28B
step=130670 | loss=4.8910 | lr=3.00e-04 | wd=0.0144 | mom=0.9500 | T=3.8 k=3.5 (mu_rec=8 mu_bwd=4) | grad=3.391 | tok/s=15,201 | tokens=4.28B
step=130680 | loss=4.8654 | lr=3.00e-04 | wd=0.0144 | mom=0.9500 | T=8.0 k=3.5 (mu_rec=8 mu_bwd=4) | grad=2.469 | tok/s=13,060 | tokens=4.28B
step=130690 | loss=5.0003 | lr=3.00e-04 | wd=0.0143 | mom=0.9500 | T=4.8 k=3.0 (mu_rec=8 mu_bwd=4) | grad=2.719 | tok/s=14,694 | tokens=4.28B
step=130700 | loss=4.8542 | lr=3.00e-04 | wd=0.0143 | mom=0.9500 | T=6.5 k=4.0 (mu_rec=8 mu_bwd=4) | grad=3.125 | tok/s=13,554 | tokens=4.28B
step=130710 | loss=4.8679 | lr=3.00e-04 | wd=0.0143 | mom=0.9500 | T=5.2 k=3.0 (mu_rec=8 mu_bwd=4) | grad=3.094 | tok/s=13,155 | tokens=4.28B
step=130720 | loss=4.8013 | lr=3.00e-04 | wd=0.0143 | mom=0.9500 | T=7.8 k=3.8 (mu_rec=8 mu_bwd=4) | grad=7.312 | tok/s=14,092 | tokens=4.28B
step=130730 | loss=4.8151 | lr=3.00e-04 | wd=0.0143 | mom=0.9500 | T=9.0 k=4.0 (mu_rec=8 mu_bwd=4) | grad=2.688 | tok/s=12,955 | tokens=4.28B
step=130740 | loss=5.1669 | lr=3.00e-04 | wd=0.0143 | mom=0.9500 | T=5.0 k=3.2 (mu_rec=8 mu_bwd=4) | grad=2.625 | tok/s=15,157 | tokens=4.28B
step=130750 | loss=4.9674 | lr=3.00e-04 | wd=0.0143 | mom=0.9500 | T=4.0 k=2.8 (mu_rec=8 mu_bwd=4) | grad=2.547 | tok/s=15,066 | tokens=4.28B
step=130760 | loss=5.2090 | lr=3.00e-04 | wd=0.0143 | mom=0.9500 | T=7.8 k=3.8 (mu_rec=8 mu_bwd=4) | grad=3.000 | tok/s=14,048 | tokens=4.28B
step=130770 | loss=5.1953 | lr=3.00e-04 | wd=0.0143 | mom=0.9500 | T=5.5 k=3.2 (mu_rec=8 mu_bwd=4) | grad=3.438 | tok/s=14,012 | tokens=4.29B
step=130780 | loss=5.0286 | lr=3.00e-04 | wd=0.0143 | mom=0.9500 | T=8.8 k=4.0 (mu_rec=8 mu_bwd=4) | grad=7.719 | tok/s=14,199 | tokens=4.29B
step=130790 | loss=5.1395 | lr=3.00e-04 | wd=0.0143 | mom=0.9500 | T=7.2 k=3.5 (mu_rec=8 mu_bwd=4) | grad=4.656 | tok/s=14,395 | tokens=4.29B
step=130800 | loss=5.0083 | lr=3.00e-04 | wd=0.0143 | mom=0.9500 | T=17.0 k=4.0 (mu_rec=8 mu_bwd=4) | grad=3.000 | tok/s=14,212 | tokens=4.29B
step=130810 | loss=5.0449 | lr=3.00e-04 | wd=0.0143 | mom=0.9500 | T=5.2 k=3.5 (mu_rec=8 mu_bwd=4) | grad=2.359 | tok/s=14,825 | tokens=4.29B
step=130820 | loss=5.0792 | lr=3.00e-04 | wd=0.0143 | mom=0.9500 | T=12.8 k=4.0 (mu_rec=8 mu_bwd=4) | grad=4.781 | tok/s=15,301 | tokens=4.29B
step=130830 | loss=5.2681 | lr=3.00e-04 | wd=0.0143 | mom=0.9500 | T=6.8 k=3.2 (mu_rec=8 mu_bwd=4) | grad=2.516 | tok/s=13,981 | tokens=4.29B
step=130840 | loss=4.9769 | lr=3.00e-04 | wd=0.0143 | mom=0.9500 | T=11.2 k=4.0 (mu_rec=8 mu_bwd=4) | grad=2.609 | tok/s=13,424 | tokens=4.29B
step=130850 | loss=4.9179 | lr=3.00e-04 | wd=0.0142 | mom=0.9500 | T=11.0 k=3.5 (mu_rec=8 mu_bwd=4) | grad=5.688 | tok/s=13,957 | tokens=4.29B
step=130860 | loss=5.0422 | lr=3.00e-04 | wd=0.0142 | mom=0.9500 | T=13.0 k=3.5 (mu_rec=8 mu_bwd=4) | grad=4.219 | tok/s=14,210 | tokens=4.29B
step=130870 | loss=4.9526 | lr=3.00e-04 | wd=0.0142 | mom=0.9500 | T=9.2 k=4.0 (mu_rec=8 mu_bwd=4) | grad=2.344 | tok/s=13,186 | tokens=4.29B
step=130880 | loss=4.7376 | lr=3.00e-04 | wd=0.0142 | mom=0.9500 | T=7.0 k=4.0 (mu_rec=8 mu_bwd=4) | grad=4.312 | tok/s=14,410 | tokens=4.29B
step=130890 | loss=4.7498 | lr=3.00e-04 | wd=0.0142 | mom=0.9500 | T=8.2 k=3.8 (mu_rec=8 mu_bwd=4) | grad=3.656 | tok/s=12,974 | tokens=4.29B
step=130900 | loss=4.8028 | lr=3.00e-04 | wd=0.0142 | mom=0.9500 | T=4.8 k=3.8 (mu_rec=8 mu_bwd=4) | grad=5.969 | tok/s=14,650 | tokens=4.29B
step=130910 | loss=5.0626 | lr=3.00e-04 | wd=0.0142 | mom=0.9500 | T=9.5 k=4.0 (mu_rec=8 mu_bwd=4) | grad=3.141 | tok/s=13,920 | tokens=4.29B
step=130920 | loss=4.8292 | lr=3.00e-04 | wd=0.0142 | mom=0.9500 | T=8.0 k=4.0 (mu_rec=8 mu_bwd=4) | grad=2.250 | tok/s=13,584 | tokens=4.29B
step=130930 | loss=5.0860 | lr=3.00e-04 | wd=0.0142 | mom=0.9500 | T=5.8 k=3.5 (mu_rec=8 mu_bwd=4) | grad=3.391 | tok/s=14,679 | tokens=4.29B
step=130940 | loss=5.0224 | lr=3.00e-04 | wd=0.0142 | mom=0.9500 | T=7.2 k=3.5 (mu_rec=8 mu_bwd=4) | grad=2.344 | tok/s=14,773 | tokens=4.29B
step=130950 | loss=4.9075 | lr=3.00e-04 | wd=0.0142 | mom=0.9500 | T=9.0 k=4.0 (mu_rec=8 mu_bwd=4) | grad=4.500 | tok/s=14,459 | tokens=4.29B
step=130960 | loss=5.0485 | lr=3.00e-04 | wd=0.0142 | mom=0.9500 | T=7.2 k=4.0 (mu_rec=8 mu_bwd=4) | grad=2.438 | tok/s=13,713 | tokens=4.29B
step=130970 | loss=5.1844 | lr=3.00e-04 | wd=0.0142 | mom=0.9500 | T=6.8 k=4.0 (mu_rec=8 mu_bwd=4) | grad=8.938 | tok/s=14,180 | tokens=4.29B
step=130980 | loss=4.9487 | lr=3.00e-04 | wd=0.0142 | mom=0.9500 | T=4.8 k=3.5 (mu_rec=8 mu_bwd=4) | grad=3.062 | tok/s=13,991 | tokens=4.29B
step=130990 | loss=4.9347 | lr=3.00e-04 | wd=0.0142 | mom=0.9500 | T=6.2 k=3.8 (mu_rec=8 mu_bwd=4) | grad=2.781 | tok/s=5,988 | tokens=4.29B
step=131000 | loss=4.7929 | lr=3.00e-04 | wd=0.0141 | mom=0.9500 | T=6.0 k=3.5 (mu_rec=8 mu_bwd=4) | grad=2.891 | tok/s=6,641 | tokens=4.29B
step=131010 | loss=4.7899 | lr=3.00e-04 | wd=0.0141 | mom=0.9500 | T=5.8 k=2.8 (mu_rec=8 mu_bwd=4) | grad=3.078 | tok/s=14,113 | tokens=4.29B
step=131020 | loss=5.0785 | lr=3.00e-04 | wd=0.0141 | mom=0.9500 | T=11.0 k=3.8 (mu_rec=8 mu_bwd=4) | grad=3.891 | tok/s=14,137 | tokens=4.29B
step=131030 | loss=4.9014 | lr=3.00e-04 | wd=0.0141 | mom=0.9500 | T=8.5 k=4.0 (mu_rec=8 mu_bwd=4) | grad=2.266 | tok/s=13,084 | tokens=4.29B
step=131040 | loss=4.9896 | lr=3.00e-04 | wd=0.0141 | mom=0.9500 | T=6.5 k=3.8 (mu_rec=8 mu_bwd=4) | grad=2.469 | tok/s=13,859 | tokens=4.29B
step=131050 | loss=5.1107 | lr=3.00e-04 | wd=0.0141 | mom=0.9500 | T=7.5 k=3.8 (mu_rec=8 mu_bwd=4) | grad=3.500 | tok/s=13,050 | tokens=4.29B
step=131060 | loss=5.1529 | lr=3.00e-04 | wd=0.0141 | mom=0.9500 | T=12.2 k=4.0 (mu_rec=8 mu_bwd=4) | grad=2.609 | tok/s=13,661 | tokens=4.29B
step=131070 | loss=4.8915 | lr=3.00e-04 | wd=0.0141 | mom=0.9500 | T=9.8 k=3.8 (mu_rec=8 mu_bwd=4) | grad=2.344 | tok/s=15,626 | tokens=4.29B
step=131080 | loss=4.9372 | lr=3.00e-04 | wd=0.0141 | mom=0.9500 | T=6.8 k=3.2 (mu_rec=8 mu_bwd=4) | grad=2.719 | tok/s=15,512 | tokens=4.30B
step=131090 | loss=4.9447 | lr=3.00e-04 | wd=0.0141 | mom=0.9500 | T=6.8 k=3.5 (mu_rec=8 mu_bwd=4) | grad=2.266 | tok/s=14,610 | tokens=4.30B
step=131100 | loss=4.9891 | lr=3.00e-04 | wd=0.0141 | mom=0.9500 | T=6.8 k=3.8 (mu_rec=8 mu_bwd=4) | grad=2.219 | tok/s=14,259 | tokens=4.30B
step=131110 | loss=4.8832 | lr=3.00e-04 | wd=0.0141 | mom=0.9500 | T=7.5 k=3.2 (mu_rec=8 mu_bwd=4) | grad=20.375 | tok/s=14,612 | tokens=4.30B
step=131120 | loss=4.8082 | lr=3.00e-04 | wd=0.0141 | mom=0.9500 | T=5.8 k=3.8 (mu_rec=8 mu_bwd=4) | grad=6.656 | tok/s=14,362 | tokens=4.30B
step=131130 | loss=5.1207 | lr=3.00e-04 | wd=0.0141 | mom=0.9500 | T=9.2 k=3.2 (mu_rec=8 mu_bwd=4) | grad=2.891 | tok/s=14,504 | tokens=4.30B
step=131140 | loss=5.2719 | lr=3.00e-04 | wd=0.0141 | mom=0.9500 | T=8.2 k=4.0 (mu_rec=8 mu_bwd=4) | grad=2.797 | tok/s=14,760 | tokens=4.30B
step=131150 | loss=5.3884 | lr=3.00e-04 | wd=0.0140 | mom=0.9500 | T=8.2 k=4.0 (mu_rec=8 mu_bwd=4) | grad=9.500 | tok/s=12,382 | tokens=4.30B
step=131160 | loss=5.3683 | lr=3.00e-04 | wd=0.0140 | mom=0.9500 | T=7.8 k=3.2 (mu_rec=8 mu_bwd=4) | grad=6.062 | tok/s=13,832 | tokens=4.30B
step=131170 | loss=5.0268 | lr=3.00e-04 | wd=0.0140 | mom=0.9500 | T=10.0 k=4.0 (mu_rec=8 mu_bwd=4) | grad=4.594 | tok/s=14,246 | tokens=4.30B
step=131180 | loss=4.9622 | lr=3.00e-04 | wd=0.0140 | mom=0.9500 | T=6.5 k=3.2 (mu_rec=8 mu_bwd=4) | grad=7.969 | tok/s=14,165 | tokens=4.30B
step=131190 | loss=4.9265 | lr=3.00e-04 | wd=0.0140 | mom=0.9500 | T=6.8 k=4.0 (mu_rec=8 mu_bwd=4) | grad=2.328 | tok/s=14,355 | tokens=4.30B
step=131200 | loss=4.9304 | lr=3.00e-04 | wd=0.0140 | mom=0.9500 | T=5.5 k=3.5 (mu_rec=8 mu_bwd=4) | grad=2.609 | tok/s=14,711 | tokens=4.30B
step=131210 | loss=5.0074 | lr=3.00e-04 | wd=0.0140 | mom=0.9500 | T=11.2 k=3.8 (mu_rec=8 mu_bwd=4) | grad=2.250 | tok/s=14,209 | tokens=4.30B
step=131220 | loss=4.9996 | lr=3.00e-04 | wd=0.0140 | mom=0.9500 | T=5.2 k=3.5 (mu_rec=8 mu_bwd=4) | grad=3.188 | tok/s=15,066 | tokens=4.30B
step=131230 | loss=5.1170 | lr=3.00e-04 | wd=0.0140 | mom=0.9500 | T=10.0 k=4.0 (mu_rec=8 mu_bwd=4) | grad=2.672 | tok/s=13,935 | tokens=4.30B
step=131240 | loss=5.0277 | lr=3.00e-04 | wd=0.0140 | mom=0.9500 | T=12.5 k=3.8 (mu_rec=8 mu_bwd=4) | grad=5.312 | tok/s=13,739 | tokens=4.30B
step=131250 | loss=4.7125 | lr=3.00e-04 | wd=0.0140 | mom=0.9500 | T=6.2 k=3.5 (mu_rec=8 mu_bwd=4) | grad=3.547 | tok/s=15,234 | tokens=4.30B
step=131260 | loss=5.1155 | lr=3.00e-04 | wd=0.0140 | mom=0.9500 | T=7.2 k=4.0 (mu_rec=8 mu_bwd=4) | grad=2.422 | tok/s=13,430 | tokens=4.30B
step=131270 | loss=4.8996 | lr=3.00e-04 | wd=0.0140 | mom=0.9500 | T=10.2 k=4.0 (mu_rec=8 mu_bwd=4) | grad=3.438 | tok/s=14,204 | tokens=4.30B
step=131280 | loss=4.9764 | lr=3.00e-04 | wd=0.0140 | mom=0.9500 | T=4.5 k=3.2 (mu_rec=8 mu_bwd=4) | grad=3.859 | tok/s=14,332 | tokens=4.30B
step=131290 | loss=5.0151 | lr=3.00e-04 | wd=0.0140 | mom=0.9500 | T=8.0 k=4.0 (mu_rec=8 mu_bwd=4) | grad=2.859 | tok/s=13,104 | tokens=4.30B
step=131300 | loss=4.9270 | lr=3.00e-04 | wd=0.0139 | mom=0.9500 | T=12.0 k=3.8 (mu_rec=8 mu_bwd=4) | grad=2.750 | tok/s=13,737 | tokens=4.30B
step=131310 | loss=4.8652 | lr=3.00e-04 | wd=0.0139 | mom=0.9500 | T=7.2 k=3.8 (mu_rec=8 mu_bwd=4) | grad=4.531 | tok/s=14,618 | tokens=4.30B
step=131320 | loss=4.8390 | lr=3.00e-04 | wd=0.0139 | mom=0.9500 | T=10.8 k=4.0 (mu_rec=8 mu_bwd=4) | grad=6.719 | tok/s=15,337 | tokens=4.30B
step=131330 | loss=4.8748 | lr=3.00e-04 | wd=0.0139 | mom=0.9500 | T=7.8 k=4.0 (mu_rec=8 mu_bwd=4) | grad=3.062 | tok/s=14,488 | tokens=4.30B
step=131340 | loss=5.1349 | lr=3.00e-04 | wd=0.0139 | mom=0.9500 | T=16.0 k=4.0 (mu_rec=8 mu_bwd=4) | grad=2.547 | tok/s=13,366 | tokens=4.30B
step=131350 | loss=4.9253 | lr=3.00e-04 | wd=0.0139 | mom=0.9500 | T=8.5 k=3.8 (mu_rec=8 mu_bwd=4) | grad=2.766 | tok/s=14,765 | tokens=4.30B
step=131360 | loss=4.9494 | lr=3.00e-04 | wd=0.0139 | mom=0.9500 | T=9.0 k=4.0 (mu_rec=8 mu_bwd=4) | grad=3.047 | tok/s=14,617 | tokens=4.30B
step=131370 | loss=4.7888 | lr=3.00e-04 | wd=0.0139 | mom=0.9500 | T=5.2 k=3.5 (mu_rec=8 mu_bwd=4) | grad=2.312 | tok/s=13,391 | tokens=4.30B
step=131380 | loss=5.0274 | lr=3.00e-04 | wd=0.0139 | mom=0.9500 | T=9.5 k=4.0 (mu_rec=8 mu_bwd=4) | grad=2.875 | tok/s=14,290 | tokens=4.31B
step=131390 | loss=4.9712 | lr=3.00e-04 | wd=0.0139 | mom=0.9500 | T=11.0 k=4.0 (mu_rec=8 mu_bwd=4) | grad=2.328 | tok/s=14,568 | tokens=4.31B
step=131400 | loss=5.1028 | lr=3.00e-04 | wd=0.0139 | mom=0.9500 | T=9.8 k=3.8 (mu_rec=8 mu_bwd=4) | grad=2.781 | tok/s=14,017 | tokens=4.31B
step=131410 | loss=5.0603 | lr=3.00e-04 | wd=0.0139 | mom=0.9500 | T=5.0 k=3.2 (mu_rec=8 mu_bwd=4) | grad=2.922 | tok/s=13,662 | tokens=4.31B
step=131420 | loss=4.9139 | lr=3.00e-04 | wd=0.0139 | mom=0.9500 | T=10.0 k=4.0 (mu_rec=8 mu_bwd=4) | grad=1.859 | tok/s=12,538 | tokens=4.31B
step=131430 | loss=4.9636 | lr=3.00e-04 | wd=0.0139 | mom=0.9500 | T=11.8 k=3.8 (mu_rec=8 mu_bwd=4) | grad=1.992 | tok/s=14,782 | tokens=4.31B
step=131440 | loss=4.9684 | lr=3.00e-04 | wd=0.0139 | mom=0.9500 | T=7.5 k=4.0 (mu_rec=8 mu_bwd=4) | grad=1.953 | tok/s=13,095 | tokens=4.31B
step=131450 | loss=5.0016 | lr=3.00e-04 | wd=0.0139 | mom=0.9500 | T=6.0 k=4.0 (mu_rec=8 mu_bwd=4) | grad=2.812 | tok/s=15,504 | tokens=4.31B
step=131460 | loss=5.0201 | lr=3.00e-04 | wd=0.0138 | mom=0.9500 | T=9.5 k=4.0 (mu_rec=8 mu_bwd=4) | grad=3.328 | tok/s=12,889 | tokens=4.31B
step=131470 | loss=5.3807 | lr=3.00e-04 | wd=0.0138 | mom=0.9500 | T=7.0 k=3.2 (mu_rec=8 mu_bwd=4) | grad=3.000 | tok/s=15,711 | tokens=4.31B
step=131480 | loss=4.8535 | lr=3.00e-04 | wd=0.0138 | mom=0.9500 | T=9.2 k=3.5 (mu_rec=8 mu_bwd=4) | grad=1.953 | tok/s=14,560 | tokens=4.31B
step=131490 | loss=4.9820 | lr=3.00e-04 | wd=0.0138 | mom=0.9500 | T=11.2 k=4.0 (mu_rec=8 mu_bwd=4) | grad=2.484 | tok/s=14,699 | tokens=4.31B
step=131500 | loss=4.8082 | lr=3.00e-04 | wd=0.0138 | mom=0.9500 | T=7.8 k=4.0 (mu_rec=8 mu_bwd=4) | grad=2.625 | tok/s=14,462 | tokens=4.31B
step=131510 | loss=5.0702 | lr=3.00e-04 | wd=0.0138 | mom=0.9500 | T=8.0 k=4.0 (mu_rec=8 mu_bwd=4) | grad=2.250 | tok/s=13,613 | tokens=4.31B
step=131520 | loss=4.9984 | lr=3.00e-04 | wd=0.0138 | mom=0.9500 | T=5.0 k=2.8 (mu_rec=8 mu_bwd=4) | grad=2.562 | tok/s=14,466 | tokens=4.31B
step=131530 | loss=5.1266 | lr=3.00e-04 | wd=0.0138 | mom=0.9500 | T=6.5 k=3.5 (mu_rec=8 mu_bwd=4) | grad=3.141 | tok/s=15,102 | tokens=4.31B
step=131540 | loss=5.1071 | lr=3.00e-04 | wd=0.0138 | mom=0.9500 | T=8.8 k=3.5 (mu_rec=8 mu_bwd=4) | grad=2.625 | tok/s=14,912 | tokens=4.31B
step=131550 | loss=4.9140 | lr=3.00e-04 | wd=0.0138 | mom=0.9500 | T=7.5 k=3.8 (mu_rec=8 mu_bwd=4) | grad=2.438 | tok/s=14,302 | tokens=4.31B
step=131560 | loss=4.9319 | lr=3.00e-04 | wd=0.0138 | mom=0.9500 | T=5.8 k=3.2 (mu_rec=8 mu_bwd=4) | grad=5.625 | tok/s=14,051 | tokens=4.31B
step=131570 | loss=4.8993 | lr=3.00e-04 | wd=0.0138 | mom=0.9500 | T=17.8 k=4.0 (mu_rec=8 mu_bwd=4) | grad=3.547 | tok/s=13,763 | tokens=4.31B
step=131580 | loss=5.2557 | lr=3.00e-04 | wd=0.0138 | mom=0.9500 | T=7.0 k=3.5 (mu_rec=8 mu_bwd=4) | grad=6.344 | tok/s=13,955 | tokens=4.31B
step=131590 | loss=4.8971 | lr=3.00e-04 | wd=0.0138 | mom=0.9500 | T=7.5 k=4.0 (mu_rec=8 mu_bwd=4) | grad=7.750 | tok/s=12,644 | tokens=4.31B
step=131600 | loss=5.1269 | lr=3.00e-04 | wd=0.0138 | mom=0.9500 | T=5.8 k=4.0 (mu_rec=8 mu_bwd=4) | grad=3.906 | tok/s=14,827 | tokens=4.31B
step=131610 | loss=5.0568 | lr=3.00e-04 | wd=0.0137 | mom=0.9500 | T=6.2 k=4.0 (mu_rec=8 mu_bwd=4) | grad=3.266 | tok/s=13,066 | tokens=4.31B
step=131620 | loss=4.9107 | lr=3.00e-04 | wd=0.0137 | mom=0.9500 | T=8.8 k=3.2 (mu_rec=8 mu_bwd=4) | grad=2.234 | tok/s=14,140 | tokens=4.31B
step=131630 | loss=4.7959 | lr=3.00e-04 | wd=0.0137 | mom=0.9500 | T=5.2 k=4.0 (mu_rec=8 mu_bwd=4) | grad=2.703 | tok/s=15,047 | tokens=4.31B
step=131640 | loss=4.8947 | lr=3.00e-04 | wd=0.0137 | mom=0.9500 | T=7.0 k=4.0 (mu_rec=8 mu_bwd=4) | grad=4.250 | tok/s=14,227 | tokens=4.31B
step=131650 | loss=4.9771 | lr=3.00e-04 | wd=0.0137 | mom=0.9500 | T=5.8 k=4.0 (mu_rec=8 mu_bwd=4) | grad=2.391 | tok/s=14,702 | tokens=4.31B
step=131660 | loss=5.0829 | lr=3.00e-04 | wd=0.0137 | mom=0.9500 | T=7.2 k=4.0 (mu_rec=8 mu_bwd=4) | grad=3.562 | tok/s=13,858 | tokens=4.31B
step=131670 | loss=4.9640 | lr=3.00e-04 | wd=0.0137 | mom=0.9500 | T=11.0 k=4.0 (mu_rec=8 mu_bwd=4) | grad=9.312 | tok/s=14,211 | tokens=4.31B
step=131680 | loss=4.9353 | lr=3.00e-04 | wd=0.0137 | mom=0.9500 | T=9.2 k=4.0 (mu_rec=8 mu_bwd=4) | grad=8.125 | tok/s=14,796 | tokens=4.31B
step=131690 | loss=4.9024 | lr=3.00e-04 | wd=0.0137 | mom=0.9500 | T=8.5 k=3.2 (mu_rec=8 mu_bwd=4) | grad=2.000 | tok/s=15,251 | tokens=4.32B
step=131700 | loss=4.9415 | lr=3.00e-04 | wd=0.0137 | mom=0.9500 | T=7.8 k=4.0 (mu_rec=8 mu_bwd=4) | grad=15.688 | tok/s=14,368 | tokens=4.32B
step=131710 | loss=5.0840 | lr=3.00e-04 | wd=0.0137 | mom=0.9500 | T=4.0 k=3.2 (mu_rec=8 mu_bwd=4) | grad=2.562 | tok/s=13,759 | tokens=4.32B
step=131720 | loss=4.8811 | lr=3.00e-04 | wd=0.0137 | mom=0.9500 | T=14.2 k=4.0 (mu_rec=8 mu_bwd=4) | grad=3.109 | tok/s=13,620 | tokens=4.32B
step=131730 | loss=5.0887 | lr=3.00e-04 | wd=0.0137 | mom=0.9500 | T=2.8 k=2.8 (mu_rec=8 mu_bwd=4) | grad=19.750 | tok/s=14,969 | tokens=4.32B
step=131740 | loss=4.9422 | lr=3.00e-04 | wd=0.0137 | mom=0.9500 | T=9.0 k=4.0 (mu_rec=8 mu_bwd=4) | grad=4.281 | tok/s=14,277 | tokens=4.32B
step=131750 | loss=5.0351 | lr=3.00e-04 | wd=0.0137 | mom=0.9500 | T=5.8 k=3.0 (mu_rec=8 mu_bwd=4) | grad=5.656 | tok/s=15,615 | tokens=4.32B
step=131760 | loss=4.7732 | lr=3.00e-04 | wd=0.0136 | mom=0.9500 | T=4.0 k=3.0 (mu_rec=8 mu_bwd=4) | grad=3.781 | tok/s=15,014 | tokens=4.32B
step=131770 | loss=4.9341 | lr=3.00e-04 | wd=0.0136 | mom=0.9500 | T=6.0 k=4.0 (mu_rec=8 mu_bwd=4) | grad=2.859 | tok/s=14,280 | tokens=4.32B
step=131780 | loss=4.9046 | lr=3.00e-04 | wd=0.0136 | mom=0.9500 | T=7.8 k=4.0 (mu_rec=8 mu_bwd=4) | grad=1.703 | tok/s=14,223 | tokens=4.32B
step=131790 | loss=4.7217 | lr=3.00e-04 | wd=0.0136 | mom=0.9500 | T=11.0 k=4.0 (mu_rec=8 mu_bwd=4) | grad=2.328 | tok/s=13,168 | tokens=4.32B
step=131800 | loss=4.6786 | lr=3.00e-04 | wd=0.0136 | mom=0.9500 | T=7.2 k=4.0 (mu_rec=8 mu_bwd=4) | grad=26.875 | tok/s=14,188 | tokens=4.32B
step=131810 | loss=5.0048 | lr=3.00e-04 | wd=0.0136 | mom=0.9500 | T=9.2 k=3.8 (mu_rec=8 mu_bwd=4) | grad=2.062 | tok/s=5,871 | tokens=4.32B
step=131820 | loss=4.9525 | lr=3.00e-04 | wd=0.0136 | mom=0.9500 | T=6.8 k=3.8 (mu_rec=8 mu_bwd=4) | grad=2.656 | tok/s=14,008 | tokens=4.32B
step=131830 | loss=4.8767 | lr=3.00e-04 | wd=0.0136 | mom=0.9500 | T=7.5 k=4.0 (mu_rec=8 mu_bwd=4) | grad=3.281 | tok/s=15,881 | tokens=4.32B
step=131840 | loss=4.8573 | lr=3.00e-04 | wd=0.0136 | mom=0.9500 | T=9.2 k=4.0 (mu_rec=8 mu_bwd=4) | grad=3.047 | tok/s=12,880 | tokens=4.32B
step=131850 | loss=5.2982 | lr=3.00e-04 | wd=0.0136 | mom=0.9500 | T=10.5 k=3.5 (mu_rec=8 mu_bwd=4) | grad=3.078 | tok/s=12,646 | tokens=4.32B
step=131860 | loss=5.0866 | lr=3.00e-04 | wd=0.0136 | mom=0.9500 | T=9.5 k=4.0 (mu_rec=8 mu_bwd=4) | grad=2.531 | tok/s=12,805 | tokens=4.32B
step=131870 | loss=4.9458 | lr=3.00e-04 | wd=0.0136 | mom=0.9500 | T=11.0 k=3.8 (mu_rec=8 mu_bwd=4) | grad=4.250 | tok/s=13,780 | tokens=4.32B
step=131880 | loss=5.0970 | lr=3.00e-04 | wd=0.0136 | mom=0.9500 | T=9.0 k=4.0 (mu_rec=8 mu_bwd=4) | grad=2.594 | tok/s=13,380 | tokens=4.32B
step=131890 | loss=5.1406 | lr=3.00e-04 | wd=0.0136 | mom=0.9500 | T=9.2 k=4.0 (mu_rec=8 mu_bwd=4) | grad=3.844 | tok/s=14,946 | tokens=4.32B
step=131900 | loss=5.0068 | lr=3.00e-04 | wd=0.0136 | mom=0.9500 | T=6.8 k=3.2 (mu_rec=8 mu_bwd=4) | grad=2.188 | tok/s=6,121 | tokens=4.32B
step=131910 | loss=5.1772 | lr=3.00e-04 | wd=0.0135 | mom=0.9500 | T=7.8 k=4.0 (mu_rec=8 mu_bwd=4) | grad=3.734 | tok/s=13,269 | tokens=4.32B
step=131920 | loss=5.4473 | lr=3.00e-04 | wd=0.0135 | mom=0.9500 | T=9.0 k=4.0 (mu_rec=8 mu_bwd=4) | grad=2.891 | tok/s=14,404 | tokens=4.32B
step=131930 | loss=5.0365 | lr=3.00e-04 | wd=0.0135 | mom=0.9500 | T=7.2 k=3.2 (mu_rec=8 mu_bwd=4) | grad=2.781 | tok/s=13,630 | tokens=4.32B
step=131940 | loss=5.0252 | lr=3.00e-04 | wd=0.0135 | mom=0.9500 | T=8.8 k=4.0 (mu_rec=8 mu_bwd=4) | grad=2.078 | tok/s=13,884 | tokens=4.32B
step=131950 | loss=4.8569 | lr=3.00e-04 | wd=0.0135 | mom=0.9500 | T=8.5 k=4.0 (mu_rec=8 mu_bwd=4) | grad=2.031 | tok/s=14,742 | tokens=4.32B
step=131960 | loss=5.0499 | lr=3.00e-04 | wd=0.0135 | mom=0.9500 | T=6.8 k=3.8 (mu_rec=8 mu_bwd=4) | grad=2.469 | tok/s=14,701 | tokens=4.32B
step=131970 | loss=5.1655 | lr=3.00e-04 | wd=0.0135 | mom=0.9500 | T=6.5 k=4.0 (mu_rec=8 mu_bwd=4) | grad=3.156 | tok/s=13,971 | tokens=4.32B
step=131980 | loss=4.9788 | lr=3.00e-04 | wd=0.0135 | mom=0.9500 | T=7.5 k=4.0 (mu_rec=8 mu_bwd=4) | grad=7.469 | tok/s=15,599 | tokens=4.32B
step=131990 | loss=5.0370 | lr=3.00e-04 | wd=0.0135 | mom=0.9500 | T=5.8 k=3.8 (mu_rec=8 mu_bwd=4) | grad=3.188 | tok/s=15,099 | tokens=4.33B
step=132000 | loss=5.1606 | lr=3.00e-04 | wd=0.0135 | mom=0.9500 | T=7.0 k=3.8 (mu_rec=8 mu_bwd=4) | grad=2.328 | tok/s=14,383 | tokens=4.33B
[step 132000] Saved -> runs/ccot-5b/checkpoint_0132000
[step 132000] Pruned -> runs/ccot-5b/checkpoint_0126000
step=132010 | loss=4.8634 | lr=3.00e-04 | wd=0.0135 | mom=0.9500 | T=7.8 k=4.0 (mu_rec=8 mu_bwd=4) | grad=2.172 | tok/s=13,112 | tokens=4.33B
step=132020 | loss=4.7530 | lr=3.00e-04 | wd=0.0135 | mom=0.9500 | T=6.8 k=3.5 (mu_rec=8 mu_bwd=4) | grad=3.594 | tok/s=14,517 | tokens=4.33B
step=132030 | loss=4.8169 | lr=3.00e-04 | wd=0.0135 | mom=0.9500 | T=4.8 k=3.2 (mu_rec=8 mu_bwd=4) | grad=1.992 | tok/s=13,731 | tokens=4.33B
step=132040 | loss=4.9487 | lr=3.00e-04 | wd=0.0135 | mom=0.9500 | T=10.0 k=3.5 (mu_rec=8 mu_bwd=4) | grad=2.656 | tok/s=15,302 | tokens=4.33B
step=132050 | loss=4.9998 | lr=3.00e-04 | wd=0.0135 | mom=0.9500 | T=7.2 k=3.2 (mu_rec=8 mu_bwd=4) | grad=2.984 | tok/s=14,317 | tokens=4.33B
step=132060 | loss=4.9329 | lr=3.00e-04 | wd=0.0135 | mom=0.9500 | T=6.5 k=4.0 (mu_rec=8 mu_bwd=4) | grad=2.703 | tok/s=14,134 | tokens=4.33B
step=132070 | loss=5.1143 | lr=3.00e-04 | wd=0.0134 | mom=0.9500 | T=10.2 k=4.0 (mu_rec=8 mu_bwd=4) | grad=2.609 | tok/s=13,938 | tokens=4.33B
step=132080 | loss=5.0041 | lr=3.00e-04 | wd=0.0134 | mom=0.9500 | T=9.2 k=4.0 (mu_rec=8 mu_bwd=4) | grad=2.094 | tok/s=13,319 | tokens=4.33B
step=132090 | loss=5.0180 | lr=3.00e-04 | wd=0.0134 | mom=0.9500 | T=6.8 k=3.5 (mu_rec=8 mu_bwd=4) | grad=4.656 | tok/s=14,722 | tokens=4.33B
step=132100 | loss=5.0186 | lr=3.00e-04 | wd=0.0134 | mom=0.9500 | T=7.0 k=3.5 (mu_rec=8 mu_bwd=4) | grad=2.281 | tok/s=14,402 | tokens=4.33B
step=132110 | loss=5.1456 | lr=3.00e-04 | wd=0.0134 | mom=0.9500 | T=10.8 k=4.0 (mu_rec=8 mu_bwd=4) | grad=4.406 | tok/s=14,917 | tokens=4.33B
step=132120 | loss=5.4703 | lr=3.00e-04 | wd=0.0134 | mom=0.9500 | T=9.0 k=4.0 (mu_rec=8 mu_bwd=4) | grad=3.734 | tok/s=13,333 | tokens=4.33B
step=132130 | loss=5.2045 | lr=3.00e-04 | wd=0.0134 | mom=0.9500 | T=6.5 k=3.5 (mu_rec=8 mu_bwd=4) | grad=2.281 | tok/s=14,857 | tokens=4.33B
step=132140 | loss=4.9262 | lr=3.00e-04 | wd=0.0134 | mom=0.9500 | T=7.0 k=4.0 (mu_rec=8 mu_bwd=4) | grad=3.688 | tok/s=14,392 | tokens=4.33B
step=132150 | loss=5.1812 | lr=3.00e-04 | wd=0.0134 | mom=0.9500 | T=5.2 k=3.8 (mu_rec=8 mu_bwd=4) | grad=2.312 | tok/s=14,512 | tokens=4.33B
step=132160 | loss=4.9449 | lr=3.00e-04 | wd=0.0134 | mom=0.9500 | T=12.0 k=4.0 (mu_rec=8 mu_bwd=4) | grad=3.984 | tok/s=13,716 | tokens=4.33B
step=132170 | loss=5.0414 | lr=3.00e-04 | wd=0.0134 | mom=0.9500 | T=11.2 k=3.2 (mu_rec=8 mu_bwd=4) | grad=2.672 | tok/s=14,749 | tokens=4.33B
step=132180 | loss=5.1607 | lr=3.00e-04 | wd=0.0134 | mom=0.9500 | T=4.8 k=3.2 (mu_rec=8 mu_bwd=4) | grad=3.047 | tok/s=14,768 | tokens=4.33B
step=132190 | loss=5.0271 | lr=3.00e-04 | wd=0.0134 | mom=0.9500 | T=8.5 k=4.0 (mu_rec=8 mu_bwd=4) | grad=4.406 | tok/s=14,868 | tokens=4.33B
step=132200 | loss=4.4116 | lr=3.00e-04 | wd=0.0134 | mom=0.9500 | T=6.0 k=3.8 (mu_rec=8 mu_bwd=4) | grad=3.000 | tok/s=16,090 | tokens=4.33B
step=132210 | loss=4.9783 | lr=3.00e-04 | wd=0.0134 | mom=0.9500 | T=10.8 k=3.5 (mu_rec=8 mu_bwd=4) | grad=9.938 | tok/s=13,300 | tokens=4.33B
step=132220 | loss=4.9897 | lr=3.00e-04 | wd=0.0133 | mom=0.9500 | T=6.8 k=3.2 (mu_rec=8 mu_bwd=4) | grad=2.109 | tok/s=13,538 | tokens=4.33B
step=132230 | loss=4.8035 | lr=3.00e-04 | wd=0.0133 | mom=0.9500 | T=8.5 k=3.2 (mu_rec=8 mu_bwd=4) | grad=2.578 | tok/s=14,721 | tokens=4.33B
step=132240 | loss=4.9404 | lr=3.00e-04 | wd=0.0133 | mom=0.9500 | T=7.5 k=4.0 (mu_rec=8 mu_bwd=4) | grad=2.891 | tok/s=14,658 | tokens=4.33B
step=132250 | loss=4.9613 | lr=3.00e-04 | wd=0.0133 | mom=0.9500 | T=8.8 k=4.0 (mu_rec=8 mu_bwd=4) | grad=2.359 | tok/s=14,814 | tokens=4.33B
step=132260 | loss=4.8601 | lr=3.00e-04 | wd=0.0133 | mom=0.9500 | T=10.0 k=4.0 (mu_rec=8 mu_bwd=4) | grad=1.852 | tok/s=14,157 | tokens=4.33B
step=132270 | loss=5.0041 | lr=3.00e-04 | wd=0.0133 | mom=0.9500 | T=14.0 k=4.0 (mu_rec=8 mu_bwd=4) | grad=2.953 | tok/s=13,381 | tokens=4.33B
step=132280 | loss=5.0713 | lr=3.00e-04 | wd=0.0133 | mom=0.9500 | T=5.5 k=3.8 (mu_rec=8 mu_bwd=4) | grad=2.750 | tok/s=13,046 | tokens=4.33B
step=132290 | loss=4.7208 | lr=3.00e-04 | wd=0.0133 | mom=0.9500 | T=6.2 k=4.0 (mu_rec=8 mu_bwd=4) | grad=1.883 | tok/s=14,272 | tokens=4.33B
step=132300 | loss=4.8234 | lr=3.00e-04 | wd=0.0133 | mom=0.9500 | T=7.0 k=3.8 (mu_rec=8 mu_bwd=4) | grad=2.531 | tok/s=14,355 | tokens=4.34B
step=132310 | loss=5.0976 | lr=3.00e-04 | wd=0.0133 | mom=0.9500 | T=5.2 k=3.2 (mu_rec=8 mu_bwd=4) | grad=3.000 | tok/s=14,810 | tokens=4.34B
step=132320 | loss=5.0410 | lr=3.00e-04 | wd=0.0133 | mom=0.9500 | T=6.8 k=3.8 (mu_rec=8 mu_bwd=4) | grad=3.469 | tok/s=14,624 | tokens=4.34B
step=132330 | loss=4.8388 | lr=3.00e-04 | wd=0.0133 | mom=0.9500 | T=8.0 k=4.0 (mu_rec=8 mu_bwd=4) | grad=3.016 | tok/s=13,451 | tokens=4.34B
step=132340 | loss=4.9566 | lr=3.00e-04 | wd=0.0133 | mom=0.9500 | T=7.5 k=3.8 (mu_rec=8 mu_bwd=4) | grad=2.297 | tok/s=13,446 | tokens=4.34B
step=132350 | loss=4.9911 | lr=3.00e-04 | wd=0.0133 | mom=0.9500 | T=9.0 k=3.5 (mu_rec=8 mu_bwd=4) | grad=2.797 | tok/s=14,354 | tokens=4.34B
step=132360 | loss=5.1616 | lr=3.00e-04 | wd=0.0133 | mom=0.9500 | T=8.2 k=4.0 (mu_rec=8 mu_bwd=4) | grad=1.648 | tok/s=14,582 | tokens=4.34B
step=132370 | loss=4.9269 | lr=3.00e-04 | wd=0.0132 | mom=0.9500 | T=8.5 k=3.8 (mu_rec=8 mu_bwd=4) | grad=3.094 | tok/s=13,181 | tokens=4.34B
step=132380 | loss=4.9009 | lr=3.00e-04 | wd=0.0132 | mom=0.9500 | T=11.8 k=4.0 (mu_rec=8 mu_bwd=4) | grad=2.328 | tok/s=13,908 | tokens=4.34B
step=132390 | loss=5.0554 | lr=3.00e-04 | wd=0.0132 | mom=0.9500 | T=11.0 k=4.0 (mu_rec=8 mu_bwd=4) | grad=2.969 | tok/s=13,693 | tokens=4.34B
step=132400 | loss=4.8886 | lr=3.00e-04 | wd=0.0132 | mom=0.9500 | T=8.0 k=3.2 (mu_rec=8 mu_bwd=4) | grad=2.422 | tok/s=14,553 | tokens=4.34B
step=132410 | loss=5.1169 | lr=3.00e-04 | wd=0.0132 | mom=0.9500 | T=9.0 k=4.0 (mu_rec=8 mu_bwd=4) | grad=2.281 | tok/s=15,653 | tokens=4.34B
step=132420 | loss=4.9930 | lr=3.00e-04 | wd=0.0132 | mom=0.9500 | T=5.8 k=4.0 (mu_rec=8 mu_bwd=4) | grad=2.094 | tok/s=15,124 | tokens=4.34B
step=132430 | loss=4.9849 | lr=3.00e-04 | wd=0.0132 | mom=0.9500 | T=9.2 k=3.5 (mu_rec=8 mu_bwd=4) | grad=7.219 | tok/s=14,558 | tokens=4.34B
step=132440 | loss=5.0912 | lr=3.00e-04 | wd=0.0132 | mom=0.9500 | T=10.5 k=4.0 (mu_rec=8 mu_bwd=4) | grad=2.109 | tok/s=14,250 | tokens=4.34B
step=132450 | loss=5.1384 | lr=3.00e-04 | wd=0.0132 | mom=0.9500 | T=5.0 k=3.5 (mu_rec=8 mu_bwd=4) | grad=5.312 | tok/s=13,716 | tokens=4.34B
step=132460 | loss=5.1505 | lr=3.00e-04 | wd=0.0132 | mom=0.9500 | T=9.8 k=4.0 (mu_rec=8 mu_bwd=4) | grad=6.750 | tok/s=13,381 | tokens=4.34B
step=132470 | loss=4.8580 | lr=3.00e-04 | wd=0.0132 | mom=0.9500 | T=9.2 k=4.0 (mu_rec=8 mu_bwd=4) | grad=5.875 | tok/s=14,040 | tokens=4.34B
step=132480 | loss=5.0008 | lr=3.00e-04 | wd=0.0132 | mom=0.9500 | T=4.5 k=3.0 (mu_rec=8 mu_bwd=4) | grad=2.031 | tok/s=14,262 | tokens=4.34B
step=132490 | loss=4.9942 | lr=3.00e-04 | wd=0.0132 | mom=0.9500 | T=9.5 k=4.0 (mu_rec=8 mu_bwd=4) | grad=3.453 | tok/s=13,274 | tokens=4.34B
step=132500 | loss=4.8314 | lr=3.00e-04 | wd=0.0132 | mom=0.9500 | T=10.8 k=4.0 (mu_rec=8 mu_bwd=4) | grad=4.406 | tok/s=14,203 | tokens=4.34B
step=132510 | loss=4.9829 | lr=3.00e-04 | wd=0.0132 | mom=0.9500 | T=5.5 k=4.0 (mu_rec=8 mu_bwd=4) | grad=2.719 | tok/s=15,463 | tokens=4.34B
step=132520 | loss=4.8880 | lr=3.00e-04 | wd=0.0132 | mom=0.9500 | T=8.5 k=4.0 (mu_rec=8 mu_bwd=4) | grad=7.406 | tok/s=14,502 | tokens=4.34B
step=132530 | loss=4.9077 | lr=3.00e-04 | wd=0.0131 | mom=0.9500 | T=9.2 k=4.0 (mu_rec=8 mu_bwd=4) | grad=1.805 | tok/s=14,452 | tokens=4.34B
step=132540 | loss=5.2178 | lr=3.00e-04 | wd=0.0131 | mom=0.9500 | T=7.2 k=4.0 (mu_rec=8 mu_bwd=4) | grad=5.406 | tok/s=14,341 | tokens=4.34B
step=132550 | loss=5.0979 | lr=3.00e-04 | wd=0.0131 | mom=0.9500 | T=10.5 k=3.5 (mu_rec=8 mu_bwd=4) | grad=3.188 | tok/s=13,483 | tokens=4.34B
step=132560 | loss=5.0010 | lr=3.00e-04 | wd=0.0131 | mom=0.9500 | T=9.2 k=4.0 (mu_rec=8 mu_bwd=4) | grad=2.328 | tok/s=14,274 | tokens=4.34B
step=132570 | loss=4.9687 | lr=3.00e-04 | wd=0.0131 | mom=0.9500 | T=5.2 k=3.5 (mu_rec=8 mu_bwd=4) | grad=2.672 | tok/s=14,944 | tokens=4.34B
step=132580 | loss=5.0413 | lr=3.00e-04 | wd=0.0131 | mom=0.9500 | T=7.0 k=3.8 (mu_rec=8 mu_bwd=4) | grad=5.219 | tok/s=15,288 | tokens=4.34B
step=132590 | loss=4.9574 | lr=3.00e-04 | wd=0.0131 | mom=0.9500 | T=7.0 k=4.0 (mu_rec=8 mu_bwd=4) | grad=9.000 | tok/s=13,811 | tokens=4.34B
step=132600 | loss=5.3940 | lr=3.00e-04 | wd=0.0131 | mom=0.9500 | T=5.5 k=2.5 (mu_rec=8 mu_bwd=4) | grad=3.500 | tok/s=14,390 | tokens=4.35B
step=132610 | loss=5.2108 | lr=3.00e-04 | wd=0.0131 | mom=0.9500 | T=7.2 k=4.0 (mu_rec=8 mu_bwd=4) | grad=5.312 | tok/s=13,956 | tokens=4.35B
step=132620 | loss=5.0319 | lr=3.00e-04 | wd=0.0131 | mom=0.9500 | T=11.2 k=4.0 (mu_rec=8 mu_bwd=4) | grad=2.500 | tok/s=15,160 | tokens=4.35B
step=132630 | loss=5.5396 | lr=3.00e-04 | wd=0.0131 | mom=0.9500 | T=7.2 k=4.0 (mu_rec=8 mu_bwd=4) | grad=2.453 | tok/s=15,223 | tokens=4.35B
step=132640 | loss=4.6986 | lr=3.00e-04 | wd=0.0131 | mom=0.9500 | T=5.5 k=3.5 (mu_rec=8 mu_bwd=4) | grad=3.281 | tok/s=13,554 | tokens=4.35B
step=132650 | loss=4.9296 | lr=3.00e-04 | wd=0.0131 | mom=0.9500 | T=6.2 k=3.5 (mu_rec=8 mu_bwd=4) | grad=2.453 | tok/s=14,830 | tokens=4.35B
step=132660 | loss=4.9251 | lr=3.00e-04 | wd=0.0131 | mom=0.9500 | T=4.2 k=3.5 (mu_rec=8 mu_bwd=4) | grad=3.203 | tok/s=6,445 | tokens=4.35B
step=132670 | loss=4.9114 | lr=3.00e-04 | wd=0.0131 | mom=0.9500 | T=2.2 k=2.2 (mu_rec=8 mu_bwd=4) | grad=3.562 | tok/s=15,368 | tokens=4.35B
step=132680 | loss=5.0798 | lr=3.00e-04 | wd=0.0130 | mom=0.9500 | T=16.5 k=4.0 (mu_rec=8 mu_bwd=4) | grad=3.281 | tok/s=12,773 | tokens=4.35B
step=132690 | loss=5.0364 | lr=3.00e-04 | wd=0.0130 | mom=0.9500 | T=9.0 k=4.0 (mu_rec=8 mu_bwd=4) | grad=2.688 | tok/s=15,207 | tokens=4.35B
step=132700 | loss=5.0303 | lr=3.00e-04 | wd=0.0130 | mom=0.9500 | T=4.0 k=3.0 (mu_rec=8 mu_bwd=4) | grad=2.406 | tok/s=13,990 | tokens=4.35B
step=132710 | loss=4.9239 | lr=3.00e-04 | wd=0.0130 | mom=0.9500 | T=9.5 k=3.8 (mu_rec=8 mu_bwd=4) | grad=2.656 | tok/s=14,738 | tokens=4.35B
step=132720 | loss=4.8662 | lr=3.00e-04 | wd=0.0130 | mom=0.9500 | T=7.2 k=4.0 (mu_rec=8 mu_bwd=4) | grad=2.594 | tok/s=13,610 | tokens=4.35B
step=132730 | loss=4.7834 | lr=3.00e-04 | wd=0.0130 | mom=0.9500 | T=8.0 k=3.2 (mu_rec=8 mu_bwd=4) | grad=2.312 | tok/s=13,158 | tokens=4.35B
step=132740 | loss=5.0623 | lr=3.00e-04 | wd=0.0130 | mom=0.9500 | T=8.5 k=4.0 (mu_rec=8 mu_bwd=4) | grad=2.453 | tok/s=14,717 | tokens=4.35B
step=132750 | loss=4.7204 | lr=3.00e-04 | wd=0.0130 | mom=0.9500 | T=4.5 k=3.2 (mu_rec=8 mu_bwd=4) | grad=2.953 | tok/s=6,209 | tokens=4.35B
step=132760 | loss=5.0331 | lr=3.00e-04 | wd=0.0130 | mom=0.9500 | T=7.0 k=4.0 (mu_rec=8 mu_bwd=4) | grad=3.047 | tok/s=13,354 | tokens=4.35B
step=132770 | loss=5.1941 | lr=3.00e-04 | wd=0.0130 | mom=0.9500 | T=7.0 k=3.8 (mu_rec=8 mu_bwd=4) | grad=3.297 | tok/s=14,260 | tokens=4.35B
step=132780 | loss=5.0073 | lr=3.00e-04 | wd=0.0130 | mom=0.9500 | T=9.2 k=3.8 (mu_rec=8 mu_bwd=4) | grad=3.234 | tok/s=14,497 | tokens=4.35B
step=132790 | loss=5.0571 | lr=3.00e-04 | wd=0.0130 | mom=0.9500 | T=6.0 k=4.0 (mu_rec=8 mu_bwd=4) | grad=3.172 | tok/s=13,282 | tokens=4.35B
step=132800 | loss=4.9950 | lr=3.00e-04 | wd=0.0130 | mom=0.9500 | T=6.8 k=4.0 (mu_rec=8 mu_bwd=4) | grad=3.047 | tok/s=14,425 | tokens=4.35B
step=132810 | loss=4.9802 | lr=3.00e-04 | wd=0.0130 | mom=0.9500 | T=7.2 k=3.5 (mu_rec=8 mu_bwd=4) | grad=2.109 | tok/s=13,987 | tokens=4.35B
step=132820 | loss=4.9396 | lr=3.00e-04 | wd=0.0130 | mom=0.9500 | T=11.5 k=4.0 (mu_rec=8 mu_bwd=4) | grad=1.594 | tok/s=13,731 | tokens=4.35B
step=132830 | loss=4.8546 | lr=3.00e-04 | wd=0.0129 | mom=0.9500 | T=7.8 k=4.0 (mu_rec=8 mu_bwd=4) | grad=4.812 | tok/s=13,389 | tokens=4.35B
step=132840 | loss=4.6772 | lr=3.00e-04 | wd=0.0129 | mom=0.9500 | T=11.0 k=4.0 (mu_rec=8 mu_bwd=4) | grad=2.344 | tok/s=12,727 | tokens=4.35B
step=132850 | loss=4.8996 | lr=3.00e-04 | wd=0.0129 | mom=0.9500 | T=9.2 k=4.0 (mu_rec=8 mu_bwd=4) | grad=6.219 | tok/s=14,542 | tokens=4.35B
step=132860 | loss=4.9926 | lr=3.00e-04 | wd=0.0129 | mom=0.9500 | T=11.5 k=4.0 (mu_rec=8 mu_bwd=4) | grad=3.016 | tok/s=13,649 | tokens=4.35B
step=132870 | loss=5.1740 | lr=3.00e-04 | wd=0.0129 | mom=0.9500 | T=10.5 k=3.5 (mu_rec=8 mu_bwd=4) | grad=5.344 | tok/s=12,883 | tokens=4.35B
step=132880 | loss=4.9398 | lr=3.00e-04 | wd=0.0129 | mom=0.9500 | T=4.2 k=3.8 (mu_rec=8 mu_bwd=4) | grad=3.391 | tok/s=14,788 | tokens=4.35B
step=132890 | loss=5.0943 | lr=3.00e-04 | wd=0.0129 | mom=0.9500 | T=7.0 k=3.2 (mu_rec=8 mu_bwd=4) | grad=2.641 | tok/s=13,819 | tokens=4.35B
step=132900 | loss=4.9589 | lr=3.00e-04 | wd=0.0129 | mom=0.9500 | T=9.5 k=4.0 (mu_rec=8 mu_bwd=4) | grad=3.516 | tok/s=14,640 | tokens=4.35B
step=132910 | loss=4.8337 | lr=3.00e-04 | wd=0.0129 | mom=0.9500 | T=6.2 k=4.0 (mu_rec=8 mu_bwd=4) | grad=2.328 | tok/s=14,141 | tokens=4.36B
step=132920 | loss=4.9993 | lr=3.00e-04 | wd=0.0129 | mom=0.9500 | T=8.5 k=3.8 (mu_rec=8 mu_bwd=4) | grad=1.945 | tok/s=13,617 | tokens=4.36B
step=132930 | loss=4.9483 | lr=3.00e-04 | wd=0.0129 | mom=0.9500 | T=8.0 k=4.0 (mu_rec=8 mu_bwd=4) | grad=5.000 | tok/s=14,055 | tokens=4.36B
step=132940 | loss=5.0566 | lr=3.00e-04 | wd=0.0129 | mom=0.9500 | T=8.0 k=3.2 (mu_rec=8 mu_bwd=4) | grad=2.531 | tok/s=15,358 | tokens=4.36B
step=132950 | loss=5.1150 | lr=3.00e-04 | wd=0.0129 | mom=0.9500 | T=8.0 k=3.5 (mu_rec=8 mu_bwd=4) | grad=4.562 | tok/s=14,378 | tokens=4.36B
step=132960 | loss=5.1451 | lr=3.00e-04 | wd=0.0129 | mom=0.9500 | T=10.2 k=4.0 (mu_rec=8 mu_bwd=4) | grad=3.219 | tok/s=14,531 | tokens=4.36B
step=132970 | loss=5.1012 | lr=3.00e-04 | wd=0.0129 | mom=0.9500 | T=9.5 k=4.0 (mu_rec=8 mu_bwd=4) | grad=4.781 | tok/s=14,181 | tokens=4.36B
step=132980 | loss=4.9530 | lr=3.00e-04 | wd=0.0128 | mom=0.9500 | T=9.2 k=4.0 (mu_rec=8 mu_bwd=4) | grad=3.078 | tok/s=13,991 | tokens=4.36B
step=132990 | loss=4.9380 | lr=3.00e-04 | wd=0.0128 | mom=0.9500 | T=6.5 k=3.5 (mu_rec=8 mu_bwd=4) | grad=3.406 | tok/s=15,491 | tokens=4.36B
step=133000 | loss=4.8767 | lr=3.00e-04 | wd=0.0128 | mom=0.9500 | T=10.5 k=4.0 (mu_rec=8 mu_bwd=4) | grad=3.125 | tok/s=13,465 | tokens=4.36B
step=133010 | loss=5.0379 | lr=3.00e-04 | wd=0.0128 | mom=0.9500 | T=7.8 k=3.5 (mu_rec=8 mu_bwd=4) | grad=2.156 | tok/s=13,098 | tokens=4.36B
step=133020 | loss=4.8279 | lr=3.00e-04 | wd=0.0128 | mom=0.9500 | T=5.5 k=3.8 (mu_rec=8 mu_bwd=4) | grad=6.062 | tok/s=14,322 | tokens=4.36B
step=133030 | loss=4.8857 | lr=3.00e-04 | wd=0.0128 | mom=0.9500 | T=5.5 k=3.8 (mu_rec=8 mu_bwd=4) | grad=2.891 | tok/s=14,934 | tokens=4.36B
step=133040 | loss=4.9924 | lr=3.00e-04 | wd=0.0128 | mom=0.9500 | T=7.8 k=4.0 (mu_rec=8 mu_bwd=4) | grad=2.812 | tok/s=13,952 | tokens=4.36B
step=133050 | loss=5.2289 | lr=3.00e-04 | wd=0.0128 | mom=0.9500 | T=7.5 k=3.8 (mu_rec=8 mu_bwd=4) | grad=3.266 | tok/s=14,268 | tokens=4.36B
step=133060 | loss=4.9641 | lr=3.00e-04 | wd=0.0128 | mom=0.9500 | T=8.8 k=3.5 (mu_rec=8 mu_bwd=4) | grad=3.266 | tok/s=14,056 | tokens=4.36B
step=133070 | loss=4.7781 | lr=3.00e-04 | wd=0.0128 | mom=0.9500 | T=7.0 k=3.0 (mu_rec=8 mu_bwd=4) | grad=6.438 | tok/s=14,324 | tokens=4.36B
step=133080 | loss=5.0477 | lr=3.00e-04 | wd=0.0128 | mom=0.9500 | T=7.0 k=3.5 (mu_rec=8 mu_bwd=4) | grad=2.688 | tok/s=13,542 | tokens=4.36B
step=133090 | loss=5.0605 | lr=3.00e-04 | wd=0.0128 | mom=0.9500 | T=9.8 k=3.5 (mu_rec=8 mu_bwd=4) | grad=2.312 | tok/s=14,050 | tokens=4.36B
step=133100 | loss=4.8586 | lr=3.00e-04 | wd=0.0128 | mom=0.9500 | T=7.8 k=4.0 (mu_rec=8 mu_bwd=4) | grad=2.938 | tok/s=14,736 | tokens=4.36B
step=133110 | loss=5.0206 | lr=3.00e-04 | wd=0.0128 | mom=0.9500 | T=8.0 k=4.0 (mu_rec=8 mu_bwd=4) | grad=4.094 | tok/s=14,253 | tokens=4.36B
step=133120 | loss=5.0904 | lr=3.00e-04 | wd=0.0128 | mom=0.9500 | T=8.2 k=4.0 (mu_rec=8 mu_bwd=4) | grad=3.547 | tok/s=13,151 | tokens=4.36B
step=133130 | loss=5.0113 | lr=3.00e-04 | wd=0.0128 | mom=0.9500 | T=9.2 k=3.5 (mu_rec=8 mu_bwd=4) | grad=2.594 | tok/s=14,295 | tokens=4.36B
step=133140 | loss=4.7771 | lr=3.00e-04 | wd=0.0127 | mom=0.9500 | T=5.0 k=4.0 (mu_rec=8 mu_bwd=4) | grad=2.828 | tok/s=14,406 | tokens=4.36B
step=133150 | loss=4.9069 | lr=3.00e-04 | wd=0.0127 | mom=0.9500 | T=2.8 k=2.8 (mu_rec=8 mu_bwd=4) | grad=14.688 | tok/s=14,692 | tokens=4.36B
step=133160 | loss=4.8813 | lr=3.00e-04 | wd=0.0127 | mom=0.9500 | T=4.8 k=2.8 (mu_rec=8 mu_bwd=4) | grad=18.625 | tok/s=13,985 | tokens=4.36B
step=133170 | loss=4.9113 | lr=3.00e-04 | wd=0.0127 | mom=0.9500 | T=8.8 k=3.8 (mu_rec=8 mu_bwd=4) | grad=2.797 | tok/s=14,882 | tokens=4.36B
step=133180 | loss=5.0720 | lr=3.00e-04 | wd=0.0127 | mom=0.9500 | T=7.0 k=4.0 (mu_rec=8 mu_bwd=4) | grad=5.281 | tok/s=14,158 | tokens=4.36B
step=133190 | loss=4.8763 | lr=3.00e-04 | wd=0.0127 | mom=0.9500 | T=5.0 k=3.2 (mu_rec=8 mu_bwd=4) | grad=2.984 | tok/s=13,477 | tokens=4.36B
step=133200 | loss=5.0886 | lr=3.00e-04 | wd=0.0127 | mom=0.9500 | T=4.5 k=3.2 (mu_rec=8 mu_bwd=4) | grad=3.219 | tok/s=16,178 | tokens=4.36B
step=133210 | loss=5.0176 | lr=3.00e-04 | wd=0.0127 | mom=0.9500 | T=6.8 k=3.2 (mu_rec=8 mu_bwd=4) | grad=2.906 | tok/s=14,754 | tokens=4.37B
step=133220 | loss=4.9400 | lr=3.00e-04 | wd=0.0127 | mom=0.9500 | T=11.0 k=3.8 (mu_rec=8 mu_bwd=4) | grad=2.234 | tok/s=13,738 | tokens=4.37B
step=133230 | loss=4.9712 | lr=3.00e-04 | wd=0.0127 | mom=0.9500 | T=10.8 k=4.0 (mu_rec=8 mu_bwd=4) | grad=5.562 | tok/s=14,693 | tokens=4.37B
step=133240 | loss=4.9132 | lr=3.00e-04 | wd=0.0127 | mom=0.9500 | T=8.2 k=4.0 (mu_rec=8 mu_bwd=4) | grad=12.188 | tok/s=14,702 | tokens=4.37B
step=133250 | loss=5.0933 | lr=3.00e-04 | wd=0.0127 | mom=0.9500 | T=10.8 k=4.0 (mu_rec=8 mu_bwd=4) | grad=4.438 | tok/s=14,210 | tokens=4.37B
step=133260 | loss=4.7092 | lr=3.00e-04 | wd=0.0127 | mom=0.9500 | T=4.5 k=3.5 (mu_rec=8 mu_bwd=4) | grad=2.969 | tok/s=14,657 | tokens=4.37B
step=133270 | loss=5.1945 | lr=3.00e-04 | wd=0.0127 | mom=0.9500 | T=4.8 k=3.5 (mu_rec=8 mu_bwd=4) | grad=3.922 | tok/s=16,384 | tokens=4.37B
step=133280 | loss=5.0133 | lr=3.00e-04 | wd=0.0127 | mom=0.9500 | T=10.8 k=3.5 (mu_rec=8 mu_bwd=4) | grad=2.656 | tok/s=13,418 | tokens=4.37B
step=133290 | loss=4.6654 | lr=3.00e-04 | wd=0.0126 | mom=0.9500 | T=6.2 k=4.0 (mu_rec=8 mu_bwd=4) | grad=2.984 | tok/s=14,249 | tokens=4.37B
step=133300 | loss=4.6358 | lr=3.00e-04 | wd=0.0126 | mom=0.9500 | T=7.5 k=4.0 (mu_rec=8 mu_bwd=4) | grad=2.359 | tok/s=13,864 | tokens=4.37B
step=133310 | loss=4.9263 | lr=3.00e-04 | wd=0.0126 | mom=0.9500 | T=8.0 k=4.0 (mu_rec=8 mu_bwd=4) | grad=2.594 | tok/s=13,810 | tokens=4.37B
step=133320 | loss=4.9711 | lr=3.00e-04 | wd=0.0126 | mom=0.9500 | T=8.5 k=3.2 (mu_rec=8 mu_bwd=4) | grad=2.422 | tok/s=13,748 | tokens=4.37B
step=133330 | loss=4.9757 | lr=3.00e-04 | wd=0.0126 | mom=0.9500 | T=7.0 k=4.0 (mu_rec=8 mu_bwd=4) | grad=2.219 | tok/s=14,896 | tokens=4.37B
step=133340 | loss=5.1171 | lr=3.00e-04 | wd=0.0126 | mom=0.9500 | T=3.0 k=2.8 (mu_rec=8 mu_bwd=4) | grad=2.469 | tok/s=14,935 | tokens=4.37B
step=133350 | loss=5.1150 | lr=3.00e-04 | wd=0.0126 | mom=0.9500 | T=6.0 k=3.0 (mu_rec=8 mu_bwd=4) | grad=2.891 | tok/s=13,458 | tokens=4.37B
step=133360 | loss=5.2435 | lr=3.00e-04 | wd=0.0126 | mom=0.9500 | T=9.8 k=4.0 (mu_rec=8 mu_bwd=4) | grad=3.797 | tok/s=15,611 | tokens=4.37B
step=133370 | loss=4.9158 | lr=3.00e-04 | wd=0.0126 | mom=0.9500 | T=6.5 k=3.0 (mu_rec=8 mu_bwd=4) | grad=2.750 | tok/s=15,086 | tokens=4.37B
step=133380 | loss=5.0406 | lr=3.00e-04 | wd=0.0126 | mom=0.9500 | T=7.8 k=3.2 (mu_rec=8 mu_bwd=4) | grad=17.625 | tok/s=14,102 | tokens=4.37B
step=133390 | loss=4.9304 | lr=3.00e-04 | wd=0.0126 | mom=0.9500 | T=2.8 k=2.8 (mu_rec=8 mu_bwd=4) | grad=2.922 | tok/s=14,115 | tokens=4.37B
step=133400 | loss=5.0965 | lr=3.00e-04 | wd=0.0126 | mom=0.9500 | T=12.2 k=4.0 (mu_rec=8 mu_bwd=4) | grad=2.875 | tok/s=14,596 | tokens=4.37B
step=133410 | loss=4.8879 | lr=3.00e-04 | wd=0.0126 | mom=0.9500 | T=5.0 k=3.5 (mu_rec=8 mu_bwd=4) | grad=2.969 | tok/s=14,715 | tokens=4.37B
step=133420 | loss=5.2728 | lr=3.00e-04 | wd=0.0126 | mom=0.9500 | T=6.5 k=3.0 (mu_rec=8 mu_bwd=4) | grad=3.828 | tok/s=14,171 | tokens=4.37B
step=133430 | loss=4.9540 | lr=3.00e-04 | wd=0.0126 | mom=0.9500 | T=7.5 k=3.8 (mu_rec=8 mu_bwd=4) | grad=4.062 | tok/s=13,954 | tokens=4.37B
step=133440 | loss=5.0001 | lr=3.00e-04 | wd=0.0125 | mom=0.9500 | T=10.5 k=4.0 (mu_rec=8 mu_bwd=4) | grad=2.625 | tok/s=13,692 | tokens=4.37B
step=133450 | loss=4.9515 | lr=3.00e-04 | wd=0.0125 | mom=0.9500 | T=9.0 k=4.0 (mu_rec=8 mu_bwd=4) | grad=4.250 | tok/s=14,268 | tokens=4.37B
step=133460 | loss=4.7798 | lr=3.00e-04 | wd=0.0125 | mom=0.9500 | T=8.8 k=4.0 (mu_rec=8 mu_bwd=4) | grad=4.500 | tok/s=14,417 | tokens=4.37B
step=133470 | loss=5.0079 | lr=3.00e-04 | wd=0.0125 | mom=0.9500 | T=7.2 k=3.8 (mu_rec=8 mu_bwd=4) | grad=5.000 | tok/s=13,456 | tokens=4.37B
step=133480 | loss=5.0673 | lr=3.00e-04 | wd=0.0125 | mom=0.9500 | T=7.5 k=3.0 (mu_rec=8 mu_bwd=4) | grad=2.406 | tok/s=14,571 | tokens=4.37B
step=133490 | loss=5.0921 | lr=3.00e-04 | wd=0.0125 | mom=0.9500 | T=12.5 k=4.0 (mu_rec=8 mu_bwd=4) | grad=2.281 | tok/s=13,367 | tokens=4.37B
step=133500 | loss=5.0484 | lr=3.00e-04 | wd=0.0125 | mom=0.9500 | T=7.2 k=4.0 (mu_rec=8 mu_bwd=4) | grad=1.688 | tok/s=14,699 | tokens=4.37B
step=133510 | loss=4.8493 | lr=3.00e-04 | wd=0.0125 | mom=0.9500 | T=8.5 k=4.0 (mu_rec=8 mu_bwd=4) | grad=2.078 | tok/s=14,858 | tokens=4.37B
step=133520 | loss=5.1161 | lr=3.00e-04 | wd=0.0125 | mom=0.9500 | T=10.8 k=4.0 (mu_rec=8 mu_bwd=4) | grad=13.000 | tok/s=12,717 | tokens=4.38B
step=133530 | loss=5.0226 | lr=3.00e-04 | wd=0.0125 | mom=0.9500 | T=9.0 k=4.0 (mu_rec=8 mu_bwd=4) | grad=2.359 | tok/s=14,736 | tokens=4.38B
step=133540 | loss=5.1401 | lr=3.00e-04 | wd=0.0125 | mom=0.9500 | T=8.0 k=3.8 (mu_rec=8 mu_bwd=4) | grad=2.766 | tok/s=5,887 | tokens=4.38B
step=133550 | loss=4.7866 | lr=3.00e-04 | wd=0.0125 | mom=0.9500 | T=9.0 k=4.0 (mu_rec=8 mu_bwd=4) | grad=3.594 | tok/s=15,282 | tokens=4.38B
step=133560 | loss=4.9747 | lr=3.00e-04 | wd=0.0125 | mom=0.9500 | T=10.0 k=4.0 (mu_rec=8 mu_bwd=4) | grad=6.531 | tok/s=14,045 | tokens=4.38B
step=133570 | loss=4.9565 | lr=3.00e-04 | wd=0.0125 | mom=0.9500 | T=7.5 k=3.2 (mu_rec=8 mu_bwd=4) | grad=2.812 | tok/s=14,102 | tokens=4.38B
step=133580 | loss=4.8837 | lr=3.00e-04 | wd=0.0125 | mom=0.9500 | T=7.5 k=4.0 (mu_rec=8 mu_bwd=4) | grad=2.422 | tok/s=13,342 | tokens=4.38B
step=133590 | loss=4.9518 | lr=3.00e-04 | wd=0.0124 | mom=0.9500 | T=5.5 k=3.2 (mu_rec=8 mu_bwd=4) | grad=2.031 | tok/s=13,120 | tokens=4.38B
step=133600 | loss=5.1307 | lr=3.00e-04 | wd=0.0124 | mom=0.9500 | T=6.0 k=3.2 (mu_rec=8 mu_bwd=4) | grad=4.531 | tok/s=14,550 | tokens=4.38B
step=133610 | loss=5.0439 | lr=3.00e-04 | wd=0.0124 | mom=0.9500 | T=7.0 k=4.0 (mu_rec=8 mu_bwd=4) | grad=2.297 | tok/s=14,719 | tokens=4.38B
step=133620 | loss=4.8641 | lr=3.00e-04 | wd=0.0124 | mom=0.9500 | T=4.5 k=3.0 (mu_rec=8 mu_bwd=4) | grad=2.234 | tok/s=14,723 | tokens=4.38B
step=133630 | loss=4.8338 | lr=3.00e-04 | wd=0.0124 | mom=0.9500 | T=8.0 k=4.0 (mu_rec=8 mu_bwd=4) | grad=3.172 | tok/s=13,916 | tokens=4.38B
step=133640 | loss=5.0042 | lr=3.00e-04 | wd=0.0124 | mom=0.9500 | T=9.5 k=4.0 (mu_rec=8 mu_bwd=4) | grad=6.406 | tok/s=13,460 | tokens=4.38B
step=133650 | loss=5.0485 | lr=3.00e-04 | wd=0.0124 | mom=0.9500 | T=11.5 k=4.0 (mu_rec=8 mu_bwd=4) | grad=3.062 | tok/s=13,581 | tokens=4.38B
step=133660 | loss=4.8372 | lr=3.00e-04 | wd=0.0124 | mom=0.9500 | T=9.0 k=4.0 (mu_rec=8 mu_bwd=4) | grad=5.281 | tok/s=12,396 | tokens=4.38B
step=133670 | loss=4.9672 | lr=3.00e-04 | wd=0.0124 | mom=0.9500 | T=5.0 k=3.2 (mu_rec=8 mu_bwd=4) | grad=2.219 | tok/s=6,491 | tokens=4.38B
step=133680 | loss=4.9020 | lr=3.00e-04 | wd=0.0124 | mom=0.9500 | T=7.5 k=3.8 (mu_rec=8 mu_bwd=4) | grad=2.094 | tok/s=14,366 | tokens=4.38B
step=133690 | loss=4.8507 | lr=3.00e-04 | wd=0.0124 | mom=0.9500 | T=5.8 k=3.5 (mu_rec=8 mu_bwd=4) | grad=2.203 | tok/s=13,913 | tokens=4.38B
step=133700 | loss=4.9615 | lr=3.00e-04 | wd=0.0124 | mom=0.9500 | T=8.8 k=4.0 (mu_rec=8 mu_bwd=4) | grad=3.500 | tok/s=15,286 | tokens=4.38B
step=133710 | loss=4.9505 | lr=3.00e-04 | wd=0.0124 | mom=0.9500 | T=9.5 k=3.8 (mu_rec=8 mu_bwd=4) | grad=2.844 | tok/s=13,431 | tokens=4.38B
step=133720 | loss=4.9559 | lr=3.00e-04 | wd=0.0124 | mom=0.9500 | T=6.8 k=3.8 (mu_rec=8 mu_bwd=4) | grad=2.328 | tok/s=14,291 | tokens=4.38B
step=133730 | loss=5.0678 | lr=3.00e-04 | wd=0.0124 | mom=0.9500 | T=5.8 k=3.0 (mu_rec=8 mu_bwd=4) | grad=3.062 | tok/s=14,122 | tokens=4.38B
step=133740 | loss=4.9606 | lr=3.00e-04 | wd=0.0124 | mom=0.9500 | T=6.2 k=3.5 (mu_rec=8 mu_bwd=4) | grad=3.641 | tok/s=14,419 | tokens=4.38B
step=133750 | loss=4.9189 | lr=3.00e-04 | wd=0.0123 | mom=0.9500 | T=10.5 k=4.0 (mu_rec=8 mu_bwd=4) | grad=3.516 | tok/s=13,361 | tokens=4.38B
step=133760 | loss=4.7996 | lr=3.00e-04 | wd=0.0123 | mom=0.9500 | T=12.0 k=3.8 (mu_rec=8 mu_bwd=4) | grad=2.391 | tok/s=13,673 | tokens=4.38B
step=133770 | loss=4.9148 | lr=3.00e-04 | wd=0.0123 | mom=0.9500 | T=15.8 k=4.0 (mu_rec=8 mu_bwd=4) | grad=3.078 | tok/s=12,752 | tokens=4.38B
step=133780 | loss=4.8996 | lr=3.00e-04 | wd=0.0123 | mom=0.9500 | T=9.5 k=3.5 (mu_rec=8 mu_bwd=4) | grad=2.375 | tok/s=15,517 | tokens=4.38B
step=133790 | loss=4.9672 | lr=3.00e-04 | wd=0.0123 | mom=0.9500 | T=7.5 k=4.0 (mu_rec=8 mu_bwd=4) | grad=2.141 | tok/s=13,455 | tokens=4.38B
step=133800 | loss=5.0119 | lr=3.00e-04 | wd=0.0123 | mom=0.9500 | T=8.2 k=4.0 (mu_rec=8 mu_bwd=4) | grad=2.438 | tok/s=15,098 | tokens=4.38B
step=133810 | loss=4.9521 | lr=3.00e-04 | wd=0.0123 | mom=0.9500 | T=7.2 k=3.8 (mu_rec=8 mu_bwd=4) | grad=2.703 | tok/s=14,169 | tokens=4.38B
step=133820 | loss=4.8506 | lr=3.00e-04 | wd=0.0123 | mom=0.9500 | T=5.8 k=3.8 (mu_rec=8 mu_bwd=4) | grad=2.781 | tok/s=15,395 | tokens=4.39B
step=133830 | loss=4.9079 | lr=3.00e-04 | wd=0.0123 | mom=0.9500 | T=5.0 k=4.0 (mu_rec=8 mu_bwd=4) | grad=21.000 | tok/s=13,743 | tokens=4.39B
step=133840 | loss=4.8691 | lr=3.00e-04 | wd=0.0123 | mom=0.9500 | T=10.8 k=3.8 (mu_rec=8 mu_bwd=4) | grad=3.000 | tok/s=15,520 | tokens=4.39B
step=133850 | loss=4.8955 | lr=3.00e-04 | wd=0.0123 | mom=0.9500 | T=11.0 k=3.8 (mu_rec=8 mu_bwd=4) | grad=3.188 | tok/s=13,748 | tokens=4.39B
step=133860 | loss=5.1303 | lr=3.00e-04 | wd=0.0123 | mom=0.9500 | T=7.5 k=3.8 (mu_rec=8 mu_bwd=4) | grad=2.453 | tok/s=14,055 | tokens=4.39B
step=133870 | loss=4.9878 | lr=3.00e-04 | wd=0.0123 | mom=0.9500 | T=8.0 k=4.0 (mu_rec=8 mu_bwd=4) | grad=2.219 | tok/s=12,974 | tokens=4.39B
step=133880 | loss=5.0492 | lr=3.00e-04 | wd=0.0123 | mom=0.9500 | T=7.0 k=3.8 (mu_rec=8 mu_bwd=4) | grad=2.172 | tok/s=13,895 | tokens=4.39B
step=133890 | loss=4.8512 | lr=3.00e-04 | wd=0.0123 | mom=0.9500 | T=11.2 k=4.0 (mu_rec=8 mu_bwd=4) | grad=3.562 | tok/s=14,200 | tokens=4.39B
step=133900 | loss=4.9603 | lr=3.00e-04 | wd=0.0122 | mom=0.9500 | T=3.8 k=2.5 (mu_rec=8 mu_bwd=4) | grad=2.953 | tok/s=15,161 | tokens=4.39B
step=133910 | loss=4.9597 | lr=3.00e-04 | wd=0.0122 | mom=0.9500 | T=6.5 k=3.2 (mu_rec=8 mu_bwd=4) | grad=2.172 | tok/s=14,936 | tokens=4.39B
step=133920 | loss=4.8750 | lr=3.00e-04 | wd=0.0122 | mom=0.9500 | T=6.8 k=3.5 (mu_rec=8 mu_bwd=4) | grad=4.500 | tok/s=14,150 | tokens=4.39B
step=133930 | loss=5.0242 | lr=3.00e-04 | wd=0.0122 | mom=0.9500 | T=14.0 k=4.0 (mu_rec=8 mu_bwd=4) | grad=5.375 | tok/s=13,382 | tokens=4.39B
step=133940 | loss=4.8526 | lr=3.00e-04 | wd=0.0122 | mom=0.9500 | T=9.5 k=3.8 (mu_rec=8 mu_bwd=4) | grad=2.578 | tok/s=14,494 | tokens=4.39B
step=133950 | loss=4.9216 | lr=3.00e-04 | wd=0.0122 | mom=0.9500 | T=4.5 k=3.5 (mu_rec=8 mu_bwd=4) | grad=1.828 | tok/s=14,938 | tokens=4.39B
step=133960 | loss=4.9848 | lr=3.00e-04 | wd=0.0122 | mom=0.9500 | T=8.2 k=4.0 (mu_rec=8 mu_bwd=4) | grad=2.047 | tok/s=14,630 | tokens=4.39B
step=133970 | loss=4.8823 | lr=3.00e-04 | wd=0.0122 | mom=0.9500 | T=6.8 k=3.5 (mu_rec=8 mu_bwd=4) | grad=9.250 | tok/s=15,123 | tokens=4.39B
step=133980 | loss=4.9759 | lr=3.00e-04 | wd=0.0122 | mom=0.9500 | T=4.5 k=3.2 (mu_rec=8 mu_bwd=4) | grad=2.453 | tok/s=14,609 | tokens=4.39B
step=133990 | loss=5.0116 | lr=3.00e-04 | wd=0.0122 | mom=0.9500 | T=9.0 k=3.5 (mu_rec=8 mu_bwd=4) | grad=2.672 | tok/s=15,726 | tokens=4.39B
step=134000 | loss=4.9538 | lr=3.00e-04 | wd=0.0122 | mom=0.9500 | T=6.5 k=3.5 (mu_rec=8 mu_bwd=4) | grad=3.594 | tok/s=15,038 | tokens=4.39B
[step 134000] Saved -> runs/ccot-5b/checkpoint_0134000
[step 134000] Pruned -> runs/ccot-5b/checkpoint_0128000
step=134010 | loss=4.9020 | lr=3.00e-04 | wd=0.0122 | mom=0.9500 | T=7.8 k=4.0 (mu_rec=8 mu_bwd=4) | grad=5.906 | tok/s=12,878 | tokens=4.39B
step=134020 | loss=5.0086 | lr=3.00e-04 | wd=0.0122 | mom=0.9500 | T=12.5 k=3.2 (mu_rec=8 mu_bwd=4) | grad=5.531 | tok/s=14,596 | tokens=4.39B
step=134030 | loss=4.9835 | lr=3.00e-04 | wd=0.0122 | mom=0.9500 | T=2.5 k=2.5 (mu_rec=8 mu_bwd=4) | grad=4.688 | tok/s=14,456 | tokens=4.39B
step=134040 | loss=5.0635 | lr=3.00e-04 | wd=0.0122 | mom=0.9500 | T=12.2 k=3.5 (mu_rec=8 mu_bwd=4) | grad=2.297 | tok/s=13,481 | tokens=4.39B
step=134050 | loss=5.0934 | lr=3.00e-04 | wd=0.0121 | mom=0.9500 | T=8.8 k=3.8 (mu_rec=8 mu_bwd=4) | grad=5.250 | tok/s=14,352 | tokens=4.39B
step=134060 | loss=5.0236 | lr=3.00e-04 | wd=0.0121 | mom=0.9500 | T=5.8 k=3.5 (mu_rec=8 mu_bwd=4) | grad=2.281 | tok/s=14,221 | tokens=4.39B
step=134070 | loss=5.0152 | lr=3.00e-04 | wd=0.0121 | mom=0.9500 | T=5.2 k=3.0 (mu_rec=8 mu_bwd=4) | grad=2.781 | tok/s=12,980 | tokens=4.39B
step=134080 | loss=5.0787 | lr=3.00e-04 | wd=0.0121 | mom=0.9500 | T=10.8 k=4.0 (mu_rec=8 mu_bwd=4) | grad=3.078 | tok/s=13,535 | tokens=4.39B
step=134090 | loss=5.2298 | lr=3.00e-04 | wd=0.0121 | mom=0.9500 | T=6.2 k=4.0 (mu_rec=8 mu_bwd=4) | grad=5.094 | tok/s=14,174 | tokens=4.39B
step=134100 | loss=5.0110 | lr=3.00e-04 | wd=0.0121 | mom=0.9500 | T=11.8 k=4.0 (mu_rec=8 mu_bwd=4) | grad=2.828 | tok/s=13,136 | tokens=4.39B
step=134110 | loss=5.1041 | lr=3.00e-04 | wd=0.0121 | mom=0.9500 | T=9.5 k=4.0 (mu_rec=8 mu_bwd=4) | grad=2.203 | tok/s=16,026 | tokens=4.39B
step=134120 | loss=5.2197 | lr=3.00e-04 | wd=0.0121 | mom=0.9500 | T=6.8 k=3.2 (mu_rec=8 mu_bwd=4) | grad=2.438 | tok/s=13,027 | tokens=4.39B
step=134130 | loss=5.2226 | lr=3.00e-04 | wd=0.0121 | mom=0.9500 | T=9.0 k=4.0 (mu_rec=8 mu_bwd=4) | grad=3.625 | tok/s=14,183 | tokens=4.40B
step=134140 | loss=4.9524 | lr=3.00e-04 | wd=0.0121 | mom=0.9500 | T=9.2 k=4.0 (mu_rec=8 mu_bwd=4) | grad=1.953 | tok/s=14,237 | tokens=4.40B
step=134150 | loss=5.0581 | lr=3.00e-04 | wd=0.0121 | mom=0.9500 | T=9.5 k=4.0 (mu_rec=8 mu_bwd=4) | grad=2.453 | tok/s=14,559 | tokens=4.40B
step=134160 | loss=4.8788 | lr=3.00e-04 | wd=0.0121 | mom=0.9500 | T=4.0 k=2.5 (mu_rec=8 mu_bwd=4) | grad=2.453 | tok/s=15,138 | tokens=4.40B
step=134170 | loss=4.7121 | lr=3.00e-04 | wd=0.0121 | mom=0.9500 | T=7.0 k=2.8 (mu_rec=8 mu_bwd=4) | grad=2.625 | tok/s=14,307 | tokens=4.40B
step=134180 | loss=4.9937 | lr=3.00e-04 | wd=0.0121 | mom=0.9500 | T=10.0 k=4.0 (mu_rec=8 mu_bwd=4) | grad=2.016 | tok/s=14,097 | tokens=4.40B
step=134190 | loss=4.9145 | lr=3.00e-04 | wd=0.0121 | mom=0.9500 | T=10.0 k=3.8 (mu_rec=8 mu_bwd=4) | grad=2.328 | tok/s=14,635 | tokens=4.40B
step=134200 | loss=4.7788 | lr=3.00e-04 | wd=0.0120 | mom=0.9500 | T=6.0 k=4.0 (mu_rec=8 mu_bwd=4) | grad=2.078 | tok/s=14,289 | tokens=4.40B
step=134210 | loss=4.6521 | lr=3.00e-04 | wd=0.0120 | mom=0.9500 | T=9.0 k=4.0 (mu_rec=8 mu_bwd=4) | grad=9.500 | tok/s=13,296 | tokens=4.40B
step=134220 | loss=5.0259 | lr=3.00e-04 | wd=0.0120 | mom=0.9500 | T=8.8 k=4.0 (mu_rec=8 mu_bwd=4) | grad=2.250 | tok/s=13,329 | tokens=4.40B
step=134230 | loss=5.1519 | lr=3.00e-04 | wd=0.0120 | mom=0.9500 | T=5.2 k=3.2 (mu_rec=8 mu_bwd=4) | grad=7.938 | tok/s=14,175 | tokens=4.40B
step=134240 | loss=5.0755 | lr=3.00e-04 | wd=0.0120 | mom=0.9500 | T=6.0 k=3.5 (mu_rec=8 mu_bwd=4) | grad=2.797 | tok/s=14,855 | tokens=4.40B
step=134250 | loss=4.9705 | lr=3.00e-04 | wd=0.0120 | mom=0.9500 | T=7.8 k=4.0 (mu_rec=8 mu_bwd=4) | grad=3.000 | tok/s=13,881 | tokens=4.40B
step=134260 | loss=4.9114 | lr=3.00e-04 | wd=0.0120 | mom=0.9500 | T=12.5 k=3.8 (mu_rec=8 mu_bwd=4) | grad=2.312 | tok/s=14,069 | tokens=4.40B
step=134270 | loss=4.8817 | lr=3.00e-04 | wd=0.0120 | mom=0.9500 | T=7.8 k=3.8 (mu_rec=8 mu_bwd=4) | grad=2.016 | tok/s=14,150 | tokens=4.40B
step=134280 | loss=4.8518 | lr=3.00e-04 | wd=0.0120 | mom=0.9500 | T=4.2 k=3.2 (mu_rec=8 mu_bwd=4) | grad=2.344 | tok/s=14,093 | tokens=4.40B
step=134290 | loss=5.1312 | lr=3.00e-04 | wd=0.0120 | mom=0.9500 | T=9.8 k=3.5 (mu_rec=8 mu_bwd=4) | grad=6.625 | tok/s=14,386 | tokens=4.40B
step=134300 | loss=5.0149 | lr=3.00e-04 | wd=0.0120 | mom=0.9500 | T=7.8 k=3.5 (mu_rec=8 mu_bwd=4) | grad=2.516 | tok/s=14,849 | tokens=4.40B
step=134310 | loss=5.0941 | lr=3.00e-04 | wd=0.0120 | mom=0.9500 | T=9.2 k=3.2 (mu_rec=8 mu_bwd=4) | grad=2.312 | tok/s=13,338 | tokens=4.40B
step=134320 | loss=4.8944 | lr=3.00e-04 | wd=0.0120 | mom=0.9500 | T=4.2 k=3.2 (mu_rec=8 mu_bwd=4) | grad=3.562 | tok/s=14,074 | tokens=4.40B
step=134330 | loss=4.9906 | lr=3.00e-04 | wd=0.0120 | mom=0.9500 | T=8.0 k=4.0 (mu_rec=8 mu_bwd=4) | grad=2.047 | tok/s=14,859 | tokens=4.40B
step=134340 | loss=4.9874 | lr=3.00e-04 | wd=0.0120 | mom=0.9500 | T=11.5 k=4.0 (mu_rec=8 mu_bwd=4) | grad=7.156 | tok/s=12,668 | tokens=4.40B
step=134350 | loss=4.7260 | lr=3.00e-04 | wd=0.0120 | mom=0.9500 | T=4.8 k=3.0 (mu_rec=8 mu_bwd=4) | grad=7.969 | tok/s=15,941 | tokens=4.40B
step=134360 | loss=4.8585 | lr=3.00e-04 | wd=0.0119 | mom=0.9500 | T=9.2 k=4.0 (mu_rec=8 mu_bwd=4) | grad=2.172 | tok/s=13,774 | tokens=4.40B
step=134370 | loss=4.9320 | lr=3.00e-04 | wd=0.0119 | mom=0.9500 | T=6.0 k=3.8 (mu_rec=8 mu_bwd=4) | grad=2.484 | tok/s=13,761 | tokens=4.40B
step=134380 | loss=5.0527 | lr=3.00e-04 | wd=0.0119 | mom=0.9500 | T=8.2 k=4.0 (mu_rec=8 mu_bwd=4) | grad=1.859 | tok/s=12,673 | tokens=4.40B
step=134390 | loss=5.0436 | lr=3.00e-04 | wd=0.0119 | mom=0.9500 | T=9.2 k=4.0 (mu_rec=8 mu_bwd=4) | grad=2.219 | tok/s=14,075 | tokens=4.40B
step=134400 | loss=4.9781 | lr=3.00e-04 | wd=0.0119 | mom=0.9500 | T=9.8 k=3.8 (mu_rec=8 mu_bwd=4) | grad=2.625 | tok/s=13,354 | tokens=4.40B
step=134410 | loss=4.9593 | lr=3.00e-04 | wd=0.0119 | mom=0.9500 | T=13.0 k=3.2 (mu_rec=8 mu_bwd=4) | grad=4.469 | tok/s=6,337 | tokens=4.40B
step=134420 | loss=5.0927 | lr=3.00e-04 | wd=0.0119 | mom=0.9500 | T=12.8 k=3.5 (mu_rec=8 mu_bwd=4) | grad=3.219 | tok/s=13,742 | tokens=4.40B
step=134430 | loss=5.3048 | lr=3.00e-04 | wd=0.0119 | mom=0.9500 | T=11.8 k=4.0 (mu_rec=8 mu_bwd=4) | grad=3.797 | tok/s=13,900 | tokens=4.41B
step=134440 | loss=5.2444 | lr=3.00e-04 | wd=0.0119 | mom=0.9500 | T=7.5 k=3.8 (mu_rec=8 mu_bwd=4) | grad=2.406 | tok/s=14,549 | tokens=4.41B
step=134450 | loss=5.3579 | lr=3.00e-04 | wd=0.0119 | mom=0.9500 | T=5.2 k=2.5 (mu_rec=8 mu_bwd=4) | grad=3.297 | tok/s=13,594 | tokens=4.41B
step=134460 | loss=4.9909 | lr=3.00e-04 | wd=0.0119 | mom=0.9500 | T=5.8 k=3.5 (mu_rec=8 mu_bwd=4) | grad=5.250 | tok/s=14,275 | tokens=4.41B
step=134470 | loss=4.9487 | lr=3.00e-04 | wd=0.0119 | mom=0.9500 | T=9.2 k=4.0 (mu_rec=8 mu_bwd=4) | grad=2.984 | tok/s=14,241 | tokens=4.41B
step=134480 | loss=4.9376 | lr=3.00e-04 | wd=0.0119 | mom=0.9500 | T=6.2 k=3.8 (mu_rec=8 mu_bwd=4) | grad=3.016 | tok/s=6,505 | tokens=4.41B
step=134490 | loss=5.1537 | lr=3.00e-04 | wd=0.0119 | mom=0.9500 | T=7.8 k=4.0 (mu_rec=8 mu_bwd=4) | grad=2.891 | tok/s=13,881 | tokens=4.41B
step=134500 | loss=4.9293 | lr=3.00e-04 | wd=0.0119 | mom=0.9500 | T=6.2 k=4.0 (mu_rec=8 mu_bwd=4) | grad=2.250 | tok/s=14,189 | tokens=4.41B
step=134510 | loss=4.9962 | lr=3.00e-04 | wd=0.0118 | mom=0.9500 | T=10.0 k=4.0 (mu_rec=8 mu_bwd=4) | grad=2.578 | tok/s=14,184 | tokens=4.41B
step=134520 | loss=4.7855 | lr=3.00e-04 | wd=0.0118 | mom=0.9500 | T=15.0 k=4.0 (mu_rec=8 mu_bwd=4) | grad=3.531 | tok/s=13,190 | tokens=4.41B
step=134530 | loss=4.9373 | lr=3.00e-04 | wd=0.0118 | mom=0.9500 | T=6.5 k=4.0 (mu_rec=8 mu_bwd=4) | grad=3.906 | tok/s=14,300 | tokens=4.41B
step=134540 | loss=5.0233 | lr=3.00e-04 | wd=0.0118 | mom=0.9500 | T=6.0 k=3.2 (mu_rec=8 mu_bwd=4) | grad=2.641 | tok/s=14,864 | tokens=4.41B
step=134550 | loss=4.9397 | lr=3.00e-04 | wd=0.0118 | mom=0.9500 | T=4.2 k=3.2 (mu_rec=8 mu_bwd=4) | grad=4.344 | tok/s=15,323 | tokens=4.41B
step=134560 | loss=5.1155 | lr=3.00e-04 | wd=0.0118 | mom=0.9500 | T=15.8 k=4.0 (mu_rec=8 mu_bwd=4) | grad=3.703 | tok/s=14,615 | tokens=4.41B
step=134570 | loss=4.8556 | lr=3.00e-04 | wd=0.0118 | mom=0.9500 | T=5.2 k=4.0 (mu_rec=8 mu_bwd=4) | grad=2.438 | tok/s=13,094 | tokens=4.41B
step=134580 | loss=4.9652 | lr=3.00e-04 | wd=0.0118 | mom=0.9500 | T=12.5 k=4.0 (mu_rec=8 mu_bwd=4) | grad=3.688 | tok/s=13,503 | tokens=4.41B
step=134590 | loss=5.0166 | lr=3.00e-04 | wd=0.0118 | mom=0.9500 | T=9.2 k=3.8 (mu_rec=8 mu_bwd=4) | grad=7.219 | tok/s=14,419 | tokens=4.41B
step=134600 | loss=4.9408 | lr=3.00e-04 | wd=0.0118 | mom=0.9500 | T=8.0 k=4.0 (mu_rec=8 mu_bwd=4) | grad=1.992 | tok/s=14,230 | tokens=4.41B
step=134610 | loss=5.0167 | lr=3.00e-04 | wd=0.0118 | mom=0.9500 | T=8.5 k=3.8 (mu_rec=8 mu_bwd=4) | grad=2.766 | tok/s=14,775 | tokens=4.41B
step=134620 | loss=4.9307 | lr=3.00e-04 | wd=0.0118 | mom=0.9500 | T=6.8 k=3.8 (mu_rec=8 mu_bwd=4) | grad=2.141 | tok/s=13,836 | tokens=4.41B
step=134630 | loss=4.9289 | lr=3.00e-04 | wd=0.0118 | mom=0.9500 | T=6.8 k=4.0 (mu_rec=8 mu_bwd=4) | grad=2.469 | tok/s=14,856 | tokens=4.41B
step=134640 | loss=4.9157 | lr=3.00e-04 | wd=0.0118 | mom=0.9500 | T=16.5 k=4.0 (mu_rec=8 mu_bwd=4) | grad=1.859 | tok/s=13,356 | tokens=4.41B
step=134650 | loss=4.8310 | lr=3.00e-04 | wd=0.0118 | mom=0.9500 | T=6.8 k=4.0 (mu_rec=8 mu_bwd=4) | grad=2.078 | tok/s=13,630 | tokens=4.41B
step=134660 | loss=5.0243 | lr=3.00e-04 | wd=0.0117 | mom=0.9500 | T=9.2 k=3.8 (mu_rec=8 mu_bwd=4) | grad=2.953 | tok/s=14,750 | tokens=4.41B
step=134670 | loss=5.0487 | lr=3.00e-04 | wd=0.0117 | mom=0.9500 | T=8.8 k=4.0 (mu_rec=8 mu_bwd=4) | grad=2.453 | tok/s=15,139 | tokens=4.41B
step=134680 | loss=5.0368 | lr=3.00e-04 | wd=0.0117 | mom=0.9500 | T=10.2 k=4.0 (mu_rec=8 mu_bwd=4) | grad=3.391 | tok/s=15,009 | tokens=4.41B
step=134690 | loss=4.8935 | lr=3.00e-04 | wd=0.0117 | mom=0.9500 | T=5.5 k=3.0 (mu_rec=8 mu_bwd=4) | grad=3.234 | tok/s=14,918 | tokens=4.41B
step=134700 | loss=5.2768 | lr=3.00e-04 | wd=0.0117 | mom=0.9500 | T=7.2 k=4.0 (mu_rec=8 mu_bwd=4) | grad=7.625 | tok/s=13,991 | tokens=4.41B
step=134710 | loss=4.9504 | lr=3.00e-04 | wd=0.0117 | mom=0.9500 | T=11.8 k=4.0 (mu_rec=8 mu_bwd=4) | grad=5.281 | tok/s=13,540 | tokens=4.41B
step=134720 | loss=4.8951 | lr=3.00e-04 | wd=0.0117 | mom=0.9500 | T=4.5 k=3.0 (mu_rec=8 mu_bwd=4) | grad=4.688 | tok/s=14,054 | tokens=4.41B
step=134730 | loss=4.9993 | lr=3.00e-04 | wd=0.0117 | mom=0.9500 | T=9.2 k=4.0 (mu_rec=8 mu_bwd=4) | grad=2.094 | tok/s=15,112 | tokens=4.41B
step=134740 | loss=4.6341 | lr=3.00e-04 | wd=0.0117 | mom=0.9500 | T=7.0 k=3.5 (mu_rec=8 mu_bwd=4) | grad=2.531 | tok/s=13,469 | tokens=4.42B
step=134750 | loss=5.0898 | lr=3.00e-04 | wd=0.0117 | mom=0.9500 | T=10.0 k=4.0 (mu_rec=8 mu_bwd=4) | grad=3.781 | tok/s=15,913 | tokens=4.42B
step=134760 | loss=4.8965 | lr=3.00e-04 | wd=0.0117 | mom=0.9500 | T=8.8 k=4.0 (mu_rec=8 mu_bwd=4) | grad=2.656 | tok/s=14,596 | tokens=4.42B
step=134770 | loss=4.9405 | lr=3.00e-04 | wd=0.0117 | mom=0.9500 | T=5.0 k=4.0 (mu_rec=8 mu_bwd=4) | grad=2.156 | tok/s=16,076 | tokens=4.42B
step=134780 | loss=4.7767 | lr=3.00e-04 | wd=0.0117 | mom=0.9500 | T=8.2 k=4.0 (mu_rec=8 mu_bwd=4) | grad=4.000 | tok/s=14,232 | tokens=4.42B
step=134790 | loss=4.8206 | lr=3.00e-04 | wd=0.0117 | mom=0.9500 | T=7.8 k=4.0 (mu_rec=8 mu_bwd=4) | grad=1.977 | tok/s=14,639 | tokens=4.42B
step=134800 | loss=5.0815 | lr=3.00e-04 | wd=0.0117 | mom=0.9500 | T=7.0 k=3.0 (mu_rec=8 mu_bwd=4) | grad=4.250 | tok/s=14,630 | tokens=4.42B
step=134810 | loss=4.9838 | lr=3.00e-04 | wd=0.0116 | mom=0.9500 | T=13.0 k=4.0 (mu_rec=8 mu_bwd=4) | grad=4.125 | tok/s=13,298 | tokens=4.42B
step=134820 | loss=5.0536 | lr=3.00e-04 | wd=0.0116 | mom=0.9500 | T=7.0 k=3.2 (mu_rec=8 mu_bwd=4) | grad=3.266 | tok/s=15,232 | tokens=4.42B
step=134830 | loss=5.1358 | lr=3.00e-04 | wd=0.0116 | mom=0.9500 | T=7.0 k=2.8 (mu_rec=8 mu_bwd=4) | grad=2.500 | tok/s=17,176 | tokens=4.42B
step=134840 | loss=5.1521 | lr=3.00e-04 | wd=0.0116 | mom=0.9500 | T=5.8 k=3.2 (mu_rec=8 mu_bwd=4) | grad=1.750 | tok/s=14,487 | tokens=4.42B
step=134850 | loss=4.9356 | lr=3.00e-04 | wd=0.0116 | mom=0.9500 | T=6.8 k=3.5 (mu_rec=8 mu_bwd=4) | grad=2.375 | tok/s=13,384 | tokens=4.42B
step=134860 | loss=4.8338 | lr=3.00e-04 | wd=0.0116 | mom=0.9500 | T=5.0 k=3.8 (mu_rec=8 mu_bwd=4) | grad=2.078 | tok/s=13,878 | tokens=4.42B
step=134870 | loss=5.1071 | lr=3.00e-04 | wd=0.0116 | mom=0.9500 | T=7.5 k=3.2 (mu_rec=8 mu_bwd=4) | grad=2.750 | tok/s=13,675 | tokens=4.42B
step=134880 | loss=5.3716 | lr=3.00e-04 | wd=0.0116 | mom=0.9500 | T=4.2 k=3.8 (mu_rec=8 mu_bwd=4) | grad=9.062 | tok/s=15,256 | tokens=4.42B
step=134890 | loss=4.8422 | lr=3.00e-04 | wd=0.0116 | mom=0.9500 | T=9.2 k=4.0 (mu_rec=8 mu_bwd=4) | grad=2.547 | tok/s=14,365 | tokens=4.42B
step=134900 | loss=4.9146 | lr=3.00e-04 | wd=0.0116 | mom=0.9500 | T=9.2 k=3.8 (mu_rec=8 mu_bwd=4) | grad=5.625 | tok/s=14,807 | tokens=4.42B
step=134910 | loss=4.9844 | lr=3.00e-04 | wd=0.0116 | mom=0.9500 | T=5.2 k=2.8 (mu_rec=8 mu_bwd=4) | grad=4.125 | tok/s=14,755 | tokens=4.42B
step=134920 | loss=4.9851 | lr=3.00e-04 | wd=0.0116 | mom=0.9500 | T=7.8 k=3.5 (mu_rec=8 mu_bwd=4) | grad=2.312 | tok/s=13,983 | tokens=4.42B
step=134930 | loss=5.1874 | lr=3.00e-04 | wd=0.0116 | mom=0.9500 | T=5.0 k=3.8 (mu_rec=8 mu_bwd=4) | grad=3.500 | tok/s=14,901 | tokens=4.42B
step=134940 | loss=5.1441 | lr=3.00e-04 | wd=0.0116 | mom=0.9500 | T=4.8 k=3.5 (mu_rec=8 mu_bwd=4) | grad=4.625 | tok/s=14,458 | tokens=4.42B
step=134950 | loss=4.9951 | lr=3.00e-04 | wd=0.0116 | mom=0.9500 | T=6.2 k=3.8 (mu_rec=8 mu_bwd=4) | grad=5.969 | tok/s=13,398 | tokens=4.42B
step=134960 | loss=4.9765 | lr=3.00e-04 | wd=0.0116 | mom=0.9500 | T=4.5 k=3.8 (mu_rec=8 mu_bwd=4) | grad=3.328 | tok/s=15,599 | tokens=4.42B
step=134970 | loss=5.0775 | lr=3.00e-04 | wd=0.0115 | mom=0.9500 | T=8.5 k=4.0 (mu_rec=8 mu_bwd=4) | grad=2.188 | tok/s=14,486 | tokens=4.42B
step=134980 | loss=5.1648 | lr=3.00e-04 | wd=0.0115 | mom=0.9500 | T=7.0 k=4.0 (mu_rec=8 mu_bwd=4) | grad=4.188 | tok/s=13,379 | tokens=4.42B
step=134990 | loss=4.8788 | lr=3.00e-04 | wd=0.0115 | mom=0.9500 | T=6.5 k=3.8 (mu_rec=8 mu_bwd=4) | grad=2.609 | tok/s=14,003 | tokens=4.42B
step=135000 | loss=4.9727 | lr=3.00e-04 | wd=0.0115 | mom=0.9500 | T=8.0 k=4.0 (mu_rec=8 mu_bwd=4) | grad=2.141 | tok/s=13,254 | tokens=4.42B
step=135010 | loss=4.9825 | lr=3.00e-04 | wd=0.0115 | mom=0.9500 | T=8.8 k=4.0 (mu_rec=8 mu_bwd=4) | grad=2.828 | tok/s=14,548 | tokens=4.42B
step=135020 | loss=5.1333 | lr=3.00e-04 | wd=0.0115 | mom=0.9500 | T=5.8 k=3.0 (mu_rec=8 mu_bwd=4) | grad=3.219 | tok/s=14,657 | tokens=4.42B
step=135030 | loss=4.9200 | lr=3.00e-04 | wd=0.0115 | mom=0.9500 | T=7.5 k=2.8 (mu_rec=8 mu_bwd=4) | grad=2.672 | tok/s=14,781 | tokens=4.42B
step=135040 | loss=5.2480 | lr=3.00e-04 | wd=0.0115 | mom=0.9500 | T=9.8 k=4.0 (mu_rec=8 mu_bwd=4) | grad=10.938 | tok/s=13,040 | tokens=4.42B
step=135050 | loss=5.0764 | lr=3.00e-04 | wd=0.0115 | mom=0.9500 | T=4.2 k=3.0 (mu_rec=8 mu_bwd=4) | grad=2.562 | tok/s=14,064 | tokens=4.43B
step=135060 | loss=5.1901 | lr=3.00e-04 | wd=0.0115 | mom=0.9500 | T=10.0 k=4.0 (mu_rec=8 mu_bwd=4) | grad=2.641 | tok/s=14,477 | tokens=4.43B
step=135070 | loss=5.1304 | lr=3.00e-04 | wd=0.0115 | mom=0.9500 | T=8.8 k=3.5 (mu_rec=8 mu_bwd=4) | grad=2.641 | tok/s=12,988 | tokens=4.43B
step=135080 | loss=5.0112 | lr=3.00e-04 | wd=0.0115 | mom=0.9500 | T=8.2 k=3.5 (mu_rec=8 mu_bwd=4) | grad=2.172 | tok/s=14,834 | tokens=4.43B
step=135090 | loss=5.0164 | lr=3.00e-04 | wd=0.0115 | mom=0.9500 | T=6.8 k=3.5 (mu_rec=8 mu_bwd=4) | grad=2.219 | tok/s=14,963 | tokens=4.43B
step=135100 | loss=5.2163 | lr=3.00e-04 | wd=0.0115 | mom=0.9500 | T=7.0 k=3.8 (mu_rec=8 mu_bwd=4) | grad=3.750 | tok/s=14,069 | tokens=4.43B
step=135110 | loss=5.1763 | lr=3.00e-04 | wd=0.0115 | mom=0.9500 | T=9.8 k=4.0 (mu_rec=8 mu_bwd=4) | grad=3.234 | tok/s=14,686 | tokens=4.43B
step=135120 | loss=4.9568 | lr=3.00e-04 | wd=0.0114 | mom=0.9500 | T=6.8 k=4.0 (mu_rec=8 mu_bwd=4) | grad=2.109 | tok/s=13,604 | tokens=4.43B
step=135130 | loss=4.9872 | lr=3.00e-04 | wd=0.0114 | mom=0.9500 | T=9.0 k=4.0 (mu_rec=8 mu_bwd=4) | grad=2.062 | tok/s=13,662 | tokens=4.43B
step=135140 | loss=5.0145 | lr=3.00e-04 | wd=0.0114 | mom=0.9500 | T=6.8 k=3.0 (mu_rec=8 mu_bwd=4) | grad=2.453 | tok/s=15,013 | tokens=4.43B
step=135150 | loss=4.9637 | lr=3.00e-04 | wd=0.0114 | mom=0.9500 | T=8.5 k=4.0 (mu_rec=8 mu_bwd=4) | grad=1.953 | tok/s=13,806 | tokens=4.43B
step=135160 | loss=5.0014 | lr=3.00e-04 | wd=0.0114 | mom=0.9500 | T=7.5 k=3.5 (mu_rec=8 mu_bwd=4) | grad=1.852 | tok/s=13,057 | tokens=4.43B
step=135170 | loss=5.0549 | lr=3.00e-04 | wd=0.0114 | mom=0.9500 | T=7.8 k=4.0 (mu_rec=8 mu_bwd=4) | grad=6.938 | tok/s=15,324 | tokens=4.43B
step=135180 | loss=4.8765 | lr=3.00e-04 | wd=0.0114 | mom=0.9500 | T=9.5 k=4.0 (mu_rec=8 mu_bwd=4) | grad=1.891 | tok/s=13,524 | tokens=4.43B
step=135190 | loss=4.7021 | lr=3.00e-04 | wd=0.0114 | mom=0.9500 | T=8.8 k=4.0 (mu_rec=8 mu_bwd=4) | grad=2.641 | tok/s=13,945 | tokens=4.43B
step=135200 | loss=4.9557 | lr=3.00e-04 | wd=0.0114 | mom=0.9500 | T=6.8 k=3.8 (mu_rec=8 mu_bwd=4) | grad=2.828 | tok/s=14,966 | tokens=4.43B
step=135210 | loss=5.3695 | lr=3.00e-04 | wd=0.0114 | mom=0.9500 | T=4.2 k=3.5 (mu_rec=8 mu_bwd=4) | grad=4.719 | tok/s=5,787 | tokens=4.43B
step=135220 | loss=5.5601 | lr=3.00e-04 | wd=0.0114 | mom=0.9500 | T=8.8 k=4.0 (mu_rec=8 mu_bwd=4) | grad=3.172 | tok/s=16,066 | tokens=4.43B
step=135230 | loss=5.3805 | lr=3.00e-04 | wd=0.0114 | mom=0.9500 | T=7.8 k=3.5 (mu_rec=8 mu_bwd=4) | grad=2.547 | tok/s=13,804 | tokens=4.43B
step=135240 | loss=5.2736 | lr=3.00e-04 | wd=0.0114 | mom=0.9500 | T=4.8 k=3.0 (mu_rec=8 mu_bwd=4) | grad=3.453 | tok/s=13,110 | tokens=4.43B
step=135250 | loss=5.1482 | lr=3.00e-04 | wd=0.0114 | mom=0.9500 | T=9.8 k=4.0 (mu_rec=8 mu_bwd=4) | grad=6.812 | tok/s=14,063 | tokens=4.43B
step=135260 | loss=5.0962 | lr=3.00e-04 | wd=0.0114 | mom=0.9500 | T=5.8 k=3.2 (mu_rec=8 mu_bwd=4) | grad=6.844 | tok/s=13,902 | tokens=4.43B
step=135270 | loss=5.0379 | lr=3.00e-04 | wd=0.0113 | mom=0.9500 | T=7.8 k=3.8 (mu_rec=8 mu_bwd=4) | grad=3.594 | tok/s=15,136 | tokens=4.43B
step=135280 | loss=5.0531 | lr=3.00e-04 | wd=0.0113 | mom=0.9500 | T=5.2 k=3.0 (mu_rec=8 mu_bwd=4) | grad=2.453 | tok/s=15,406 | tokens=4.43B
step=135290 | loss=4.9550 | lr=3.00e-04 | wd=0.0113 | mom=0.9500 | T=9.0 k=4.0 (mu_rec=8 mu_bwd=4) | grad=2.812 | tok/s=14,046 | tokens=4.43B
step=135300 | loss=5.0773 | lr=3.00e-04 | wd=0.0113 | mom=0.9500 | T=6.8 k=3.8 (mu_rec=8 mu_bwd=4) | grad=4.062 | tok/s=12,969 | tokens=4.43B
step=135310 | loss=5.0634 | lr=3.00e-04 | wd=0.0113 | mom=0.9500 | T=8.5 k=3.8 (mu_rec=8 mu_bwd=4) | grad=2.734 | tok/s=13,790 | tokens=4.43B
step=135320 | loss=5.2683 | lr=3.00e-04 | wd=0.0113 | mom=0.9500 | T=3.8 k=2.8 (mu_rec=8 mu_bwd=4) | grad=2.188 | tok/s=5,761 | tokens=4.43B
step=135330 | loss=5.1521 | lr=3.00e-04 | wd=0.0113 | mom=0.9500 | T=3.8 k=3.2 (mu_rec=8 mu_bwd=4) | grad=3.172 | tok/s=15,121 | tokens=4.43B
step=135340 | loss=4.8591 | lr=3.00e-04 | wd=0.0113 | mom=0.9500 | T=6.2 k=4.0 (mu_rec=8 mu_bwd=4) | grad=5.500 | tok/s=14,632 | tokens=4.43B
step=135350 | loss=4.9622 | lr=3.00e-04 | wd=0.0113 | mom=0.9500 | T=6.8 k=3.0 (mu_rec=8 mu_bwd=4) | grad=2.641 | tok/s=13,485 | tokens=4.44B
step=135360 | loss=5.0274 | lr=3.00e-04 | wd=0.0113 | mom=0.9500 | T=10.2 k=4.0 (mu_rec=8 mu_bwd=4) | grad=3.109 | tok/s=14,599 | tokens=4.44B
step=135370 | loss=5.0430 | lr=3.00e-04 | wd=0.0113 | mom=0.9500 | T=5.0 k=3.5 (mu_rec=8 mu_bwd=4) | grad=3.062 | tok/s=15,362 | tokens=4.44B
step=135380 | loss=4.9213 | lr=3.00e-04 | wd=0.0113 | mom=0.9500 | T=4.8 k=3.5 (mu_rec=8 mu_bwd=4) | grad=3.281 | tok/s=13,761 | tokens=4.44B
step=135390 | loss=4.8387 | lr=3.00e-04 | wd=0.0113 | mom=0.9500 | T=6.8 k=3.8 (mu_rec=8 mu_bwd=4) | grad=8.000 | tok/s=14,268 | tokens=4.44B
step=135400 | loss=4.9800 | lr=3.00e-04 | wd=0.0113 | mom=0.9500 | T=7.8 k=3.8 (mu_rec=8 mu_bwd=4) | grad=3.734 | tok/s=14,839 | tokens=4.44B
step=135410 | loss=4.7530 | lr=3.00e-04 | wd=0.0113 | mom=0.9500 | T=7.8 k=3.8 (mu_rec=8 mu_bwd=4) | grad=7.375 | tok/s=14,053 | tokens=4.44B
step=135420 | loss=4.9631 | lr=3.00e-04 | wd=0.0112 | mom=0.9500 | T=9.2 k=4.0 (mu_rec=8 mu_bwd=4) | grad=3.031 | tok/s=13,999 | tokens=4.44B
step=135430 | loss=4.8858 | lr=3.00e-04 | wd=0.0112 | mom=0.9500 | T=8.5 k=4.0 (mu_rec=8 mu_bwd=4) | grad=2.062 | tok/s=14,372 | tokens=4.44B
step=135440 | loss=4.8543 | lr=3.00e-04 | wd=0.0112 | mom=0.9500 | T=6.2 k=4.0 (mu_rec=8 mu_bwd=4) | grad=2.266 | tok/s=14,613 | tokens=4.44B
step=135450 | loss=4.8241 | lr=3.00e-04 | wd=0.0112 | mom=0.9500 | T=7.0 k=4.0 (mu_rec=8 mu_bwd=4) | grad=2.891 | tok/s=14,576 | tokens=4.44B
step=135460 | loss=4.7716 | lr=3.00e-04 | wd=0.0112 | mom=0.9500 | T=9.8 k=4.0 (mu_rec=8 mu_bwd=4) | grad=2.562 | tok/s=13,621 | tokens=4.44B
step=135470 | loss=5.1291 | lr=3.00e-04 | wd=0.0112 | mom=0.9500 | T=7.5 k=3.2 (mu_rec=8 mu_bwd=4) | grad=2.641 | tok/s=14,865 | tokens=4.44B
step=135480 | loss=4.8038 | lr=3.00e-04 | wd=0.0112 | mom=0.9500 | T=8.2 k=4.0 (mu_rec=8 mu_bwd=4) | grad=2.422 | tok/s=14,218 | tokens=4.44B
step=135490 | loss=4.5851 | lr=3.00e-04 | wd=0.0112 | mom=0.9500 | T=4.2 k=3.0 (mu_rec=8 mu_bwd=4) | grad=2.297 | tok/s=15,439 | tokens=4.44B
step=135500 | loss=4.6794 | lr=3.00e-04 | wd=0.0112 | mom=0.9500 | T=4.8 k=3.5 (mu_rec=8 mu_bwd=4) | grad=2.562 | tok/s=14,063 | tokens=4.44B
step=135510 | loss=4.6941 | lr=3.00e-04 | wd=0.0112 | mom=0.9500 | T=8.0 k=3.5 (mu_rec=8 mu_bwd=4) | grad=2.672 | tok/s=15,937 | tokens=4.44B
step=135520 | loss=4.8057 | lr=3.00e-04 | wd=0.0112 | mom=0.9500 | T=9.8 k=4.0 (mu_rec=8 mu_bwd=4) | grad=2.969 | tok/s=13,995 | tokens=4.44B
step=135530 | loss=5.0501 | lr=3.00e-04 | wd=0.0112 | mom=0.9500 | T=8.2 k=4.0 (mu_rec=8 mu_bwd=4) | grad=2.688 | tok/s=12,829 | tokens=4.44B
step=135540 | loss=4.8251 | lr=3.00e-04 | wd=0.0112 | mom=0.9500 | T=4.2 k=3.2 (mu_rec=8 mu_bwd=4) | grad=3.109 | tok/s=14,700 | tokens=4.44B
step=135550 | loss=5.1240 | lr=3.00e-04 | wd=0.0112 | mom=0.9500 | T=9.5 k=3.5 (mu_rec=8 mu_bwd=4) | grad=3.031 | tok/s=13,549 | tokens=4.44B
step=135560 | loss=5.3439 | lr=3.00e-04 | wd=0.0112 | mom=0.9500 | T=4.8 k=3.8 (mu_rec=8 mu_bwd=4) | grad=4.344 | tok/s=14,563 | tokens=4.44B
step=135570 | loss=4.9122 | lr=3.00e-04 | wd=0.0112 | mom=0.9500 | T=6.5 k=4.0 (mu_rec=8 mu_bwd=4) | grad=3.391 | tok/s=14,056 | tokens=4.44B
step=135580 | loss=5.0853 | lr=3.00e-04 | wd=0.0111 | mom=0.9500 | T=10.5 k=4.0 (mu_rec=8 mu_bwd=4) | grad=2.297 | tok/s=13,629 | tokens=4.44B
step=135590 | loss=5.1199 | lr=3.00e-04 | wd=0.0111 | mom=0.9500 | T=7.8 k=3.5 (mu_rec=8 mu_bwd=4) | grad=2.094 | tok/s=14,983 | tokens=4.44B
step=135600 | loss=4.9607 | lr=3.00e-04 | wd=0.0111 | mom=0.9500 | T=7.0 k=3.0 (mu_rec=8 mu_bwd=4) | grad=2.172 | tok/s=15,129 | tokens=4.44B
step=135610 | loss=4.9722 | lr=3.00e-04 | wd=0.0111 | mom=0.9500 | T=7.0 k=3.2 (mu_rec=8 mu_bwd=4) | grad=2.422 | tok/s=13,435 | tokens=4.44B
step=135620 | loss=4.8608 | lr=3.00e-04 | wd=0.0111 | mom=0.9500 | T=8.5 k=3.5 (mu_rec=8 mu_bwd=4) | grad=7.312 | tok/s=15,178 | tokens=4.44B
step=135630 | loss=4.9813 | lr=3.00e-04 | wd=0.0111 | mom=0.9500 | T=8.2 k=3.8 (mu_rec=8 mu_bwd=4) | grad=3.375 | tok/s=14,356 | tokens=4.44B
step=135640 | loss=5.0038 | lr=3.00e-04 | wd=0.0111 | mom=0.9500 | T=6.2 k=4.0 (mu_rec=8 mu_bwd=4) | grad=2.047 | tok/s=13,796 | tokens=4.44B
step=135650 | loss=4.9599 | lr=3.00e-04 | wd=0.0111 | mom=0.9500 | T=10.5 k=4.0 (mu_rec=8 mu_bwd=4) | grad=6.688 | tok/s=14,744 | tokens=4.44B
step=135660 | loss=5.0668 | lr=3.00e-04 | wd=0.0111 | mom=0.9500 | T=9.5 k=4.0 (mu_rec=8 mu_bwd=4) | grad=3.188 | tok/s=13,884 | tokens=4.45B
step=135670 | loss=5.0302 | lr=3.00e-04 | wd=0.0111 | mom=0.9500 | T=13.2 k=3.8 (mu_rec=8 mu_bwd=4) | grad=2.203 | tok/s=13,325 | tokens=4.45B
step=135680 | loss=4.9450 | lr=3.00e-04 | wd=0.0111 | mom=0.9500 | T=10.0 k=3.8 (mu_rec=8 mu_bwd=4) | grad=3.047 | tok/s=15,105 | tokens=4.45B
step=135690 | loss=4.9377 | lr=3.00e-04 | wd=0.0111 | mom=0.9500 | T=8.5 k=4.0 (mu_rec=8 mu_bwd=4) | grad=3.422 | tok/s=14,568 | tokens=4.45B
step=135700 | loss=5.1546 | lr=3.00e-04 | wd=0.0111 | mom=0.9500 | T=10.8 k=4.0 (mu_rec=8 mu_bwd=4) | grad=4.312 | tok/s=13,569 | tokens=4.45B
step=135710 | loss=5.1378 | lr=3.00e-04 | wd=0.0111 | mom=0.9500 | T=3.0 k=2.8 (mu_rec=8 mu_bwd=4) | grad=4.156 | tok/s=16,060 | tokens=4.45B
step=135720 | loss=4.9939 | lr=3.00e-04 | wd=0.0111 | mom=0.9500 | T=8.8 k=3.8 (mu_rec=8 mu_bwd=4) | grad=2.844 | tok/s=14,757 | tokens=4.45B
step=135730 | loss=4.7595 | lr=3.00e-04 | wd=0.0110 | mom=0.9500 | T=7.2 k=4.0 (mu_rec=8 mu_bwd=4) | grad=4.312 | tok/s=14,067 | tokens=4.45B
step=135740 | loss=5.0112 | lr=3.00e-04 | wd=0.0110 | mom=0.9500 | T=4.2 k=2.5 (mu_rec=8 mu_bwd=4) | grad=4.812 | tok/s=14,659 | tokens=4.45B
step=135750 | loss=4.9698 | lr=3.00e-04 | wd=0.0110 | mom=0.9500 | T=8.8 k=3.8 (mu_rec=8 mu_bwd=4) | grad=2.125 | tok/s=14,312 | tokens=4.45B
step=135760 | loss=5.0090 | lr=3.00e-04 | wd=0.0110 | mom=0.9500 | T=4.8 k=3.2 (mu_rec=8 mu_bwd=4) | grad=1.898 | tok/s=16,202 | tokens=4.45B
step=135770 | loss=5.0099 | lr=3.00e-04 | wd=0.0110 | mom=0.9500 | T=9.5 k=4.0 (mu_rec=8 mu_bwd=4) | grad=3.031 | tok/s=13,929 | tokens=4.45B
step=135780 | loss=5.0432 | lr=3.00e-04 | wd=0.0110 | mom=0.9500 | T=6.8 k=4.0 (mu_rec=8 mu_bwd=4) | grad=2.828 | tok/s=13,331 | tokens=4.45B
step=135790 | loss=5.1977 | lr=3.00e-04 | wd=0.0110 | mom=0.9500 | T=7.2 k=4.0 (mu_rec=8 mu_bwd=4) | grad=4.250 | tok/s=13,818 | tokens=4.45B
step=135800 | loss=5.0799 | lr=3.00e-04 | wd=0.0110 | mom=0.9500 | T=4.5 k=3.5 (mu_rec=8 mu_bwd=4) | grad=3.250 | tok/s=14,965 | tokens=4.45B
step=135810 | loss=4.9810 | lr=3.00e-04 | wd=0.0110 | mom=0.9500 | T=9.8 k=4.0 (mu_rec=8 mu_bwd=4) | grad=2.281 | tok/s=13,047 | tokens=4.45B
step=135820 | loss=5.0783 | lr=3.00e-04 | wd=0.0110 | mom=0.9500 | T=6.8 k=4.0 (mu_rec=8 mu_bwd=4) | grad=2.359 | tok/s=15,701 | tokens=4.45B
step=135830 | loss=4.9627 | lr=3.00e-04 | wd=0.0110 | mom=0.9500 | T=6.8 k=4.0 (mu_rec=8 mu_bwd=4) | grad=4.094 | tok/s=14,256 | tokens=4.45B
step=135840 | loss=4.9858 | lr=3.00e-04 | wd=0.0110 | mom=0.9500 | T=4.0 k=3.8 (mu_rec=8 mu_bwd=4) | grad=2.844 | tok/s=14,808 | tokens=4.45B
step=135850 | loss=4.9877 | lr=3.00e-04 | wd=0.0110 | mom=0.9500 | T=3.0 k=2.5 (mu_rec=8 mu_bwd=4) | grad=2.609 | tok/s=14,865 | tokens=4.45B
step=135860 | loss=5.0174 | lr=3.00e-04 | wd=0.0110 | mom=0.9500 | T=7.2 k=3.5 (mu_rec=8 mu_bwd=4) | grad=2.500 | tok/s=13,055 | tokens=4.45B
step=135870 | loss=5.6770 | lr=3.00e-04 | wd=0.0110 | mom=0.9500 | T=6.2 k=3.5 (mu_rec=8 mu_bwd=4) | grad=2.969 | tok/s=15,488 | tokens=4.45B
step=135880 | loss=5.4438 | lr=3.00e-04 | wd=0.0109 | mom=0.9500 | T=12.0 k=3.5 (mu_rec=8 mu_bwd=4) | grad=2.812 | tok/s=13,403 | tokens=4.45B
step=135890 | loss=5.4415 | lr=3.00e-04 | wd=0.0109 | mom=0.9500 | T=9.5 k=4.0 (mu_rec=8 mu_bwd=4) | grad=10.438 | tok/s=13,631 | tokens=4.45B
step=135900 | loss=5.1021 | lr=3.00e-04 | wd=0.0109 | mom=0.9500 | T=10.8 k=4.0 (mu_rec=8 mu_bwd=4) | grad=3.422 | tok/s=13,107 | tokens=4.45B
step=135910 | loss=5.1213 | lr=3.00e-04 | wd=0.0109 | mom=0.9500 | T=4.0 k=3.2 (mu_rec=8 mu_bwd=4) | grad=3.547 | tok/s=14,383 | tokens=4.45B
step=135920 | loss=4.9523 | lr=3.00e-04 | wd=0.0109 | mom=0.9500 | T=6.8 k=4.0 (mu_rec=8 mu_bwd=4) | grad=3.391 | tok/s=14,422 | tokens=4.45B
step=135930 | loss=4.8587 | lr=3.00e-04 | wd=0.0109 | mom=0.9500 | T=13.8 k=4.0 (mu_rec=8 mu_bwd=4) | grad=2.797 | tok/s=14,367 | tokens=4.45B
step=135940 | loss=5.8255 | lr=3.00e-04 | wd=0.0109 | mom=0.9500 | T=5.0 k=3.5 (mu_rec=8 mu_bwd=4) | grad=5.938 | tok/s=14,242 | tokens=4.45B
step=135950 | loss=5.3957 | lr=3.00e-04 | wd=0.0109 | mom=0.9500 | T=8.0 k=3.8 (mu_rec=8 mu_bwd=4) | grad=4.000 | tok/s=13,478 | tokens=4.45B
step=135960 | loss=5.1495 | lr=3.00e-04 | wd=0.0109 | mom=0.9500 | T=7.2 k=4.0 (mu_rec=8 mu_bwd=4) | grad=4.281 | tok/s=15,636 | tokens=4.46B
step=135970 | loss=4.9215 | lr=3.00e-04 | wd=0.0109 | mom=0.9500 | T=6.0 k=3.2 (mu_rec=8 mu_bwd=4) | grad=4.375 | tok/s=14,517 | tokens=4.46B
step=135980 | loss=5.0006 | lr=3.00e-04 | wd=0.0109 | mom=0.9500 | T=7.8 k=3.5 (mu_rec=8 mu_bwd=4) | grad=4.875 | tok/s=14,473 | tokens=4.46B
step=135990 | loss=5.0892 | lr=3.00e-04 | wd=0.0109 | mom=0.9500 | T=5.2 k=3.8 (mu_rec=8 mu_bwd=4) | grad=2.156 | tok/s=14,339 | tokens=4.46B
step=136000 | loss=4.8198 | lr=3.00e-04 | wd=0.0109 | mom=0.9500 | T=8.0 k=3.5 (mu_rec=8 mu_bwd=4) | grad=5.156 | tok/s=13,507 | tokens=4.46B
[step 136000] Saved -> runs/ccot-5b/checkpoint_0136000
[step 136000] Pruned -> runs/ccot-5b/checkpoint_0130000
step=136010 | loss=4.9858 | lr=3.00e-04 | wd=0.0109 | mom=0.9500 | T=6.2 k=4.0 (mu_rec=8 mu_bwd=4) | grad=2.750 | tok/s=12,913 | tokens=4.46B
step=136020 | loss=5.0104 | lr=3.00e-04 | wd=0.0109 | mom=0.9500 | T=10.8 k=3.8 (mu_rec=8 mu_bwd=4) | grad=3.266 | tok/s=12,922 | tokens=4.46B
step=136030 | loss=4.9924 | lr=3.00e-04 | wd=0.0108 | mom=0.9500 | T=8.8 k=4.0 (mu_rec=8 mu_bwd=4) | grad=2.906 | tok/s=14,718 | tokens=4.46B
step=136040 | loss=4.9553 | lr=3.00e-04 | wd=0.0108 | mom=0.9500 | T=9.0 k=4.0 (mu_rec=8 mu_bwd=4) | grad=4.312 | tok/s=14,043 | tokens=4.46B
step=136050 | loss=5.2534 | lr=3.00e-04 | wd=0.0108 | mom=0.9500 | T=6.8 k=2.8 (mu_rec=8 mu_bwd=4) | grad=20.125 | tok/s=15,653 | tokens=4.46B
step=136060 | loss=4.8989 | lr=3.00e-04 | wd=0.0108 | mom=0.9500 | T=8.5 k=3.8 (mu_rec=8 mu_bwd=4) | grad=2.359 | tok/s=14,427 | tokens=4.46B
step=136070 | loss=4.9494 | lr=3.00e-04 | wd=0.0108 | mom=0.9500 | T=7.8 k=4.0 (mu_rec=8 mu_bwd=4) | grad=3.141 | tok/s=14,289 | tokens=4.46B
step=136080 | loss=5.0397 | lr=3.00e-04 | wd=0.0108 | mom=0.9500 | T=6.5 k=3.5 (mu_rec=8 mu_bwd=4) | grad=2.172 | tok/s=14,544 | tokens=4.46B
step=136090 | loss=5.0838 | lr=3.00e-04 | wd=0.0108 | mom=0.9500 | T=10.8 k=4.0 (mu_rec=8 mu_bwd=4) | grad=3.703 | tok/s=6,175 | tokens=4.46B
step=136100 | loss=5.0144 | lr=3.00e-04 | wd=0.0108 | mom=0.9500 | T=8.2 k=3.5 (mu_rec=8 mu_bwd=4) | grad=3.531 | tok/s=14,216 | tokens=4.46B
step=136110 | loss=4.7429 | lr=3.00e-04 | wd=0.0108 | mom=0.9500 | T=8.0 k=3.8 (mu_rec=8 mu_bwd=4) | grad=2.594 | tok/s=14,343 | tokens=4.46B
step=136120 | loss=4.8016 | lr=3.00e-04 | wd=0.0108 | mom=0.9500 | T=10.2 k=3.5 (mu_rec=8 mu_bwd=4) | grad=2.469 | tok/s=13,504 | tokens=4.46B
step=136130 | loss=5.0017 | lr=3.00e-04 | wd=0.0108 | mom=0.9500 | T=7.2 k=4.0 (mu_rec=8 mu_bwd=4) | grad=2.562 | tok/s=13,477 | tokens=4.46B
step=136140 | loss=4.9131 | lr=3.00e-04 | wd=0.0108 | mom=0.9500 | T=20.8 k=3.8 (mu_rec=8 mu_bwd=4) | grad=2.359 | tok/s=13,903 | tokens=4.46B
step=136150 | loss=5.0157 | lr=3.00e-04 | wd=0.0108 | mom=0.9500 | T=5.5 k=3.2 (mu_rec=8 mu_bwd=4) | grad=2.328 | tok/s=14,693 | tokens=4.46B
step=136160 | loss=4.9633 | lr=3.00e-04 | wd=0.0108 | mom=0.9500 | T=12.8 k=4.0 (mu_rec=8 mu_bwd=4) | grad=2.469 | tok/s=13,105 | tokens=4.46B
step=136170 | loss=5.1632 | lr=3.00e-04 | wd=0.0108 | mom=0.9500 | T=12.8 k=4.0 (mu_rec=8 mu_bwd=4) | grad=3.594 | tok/s=13,732 | tokens=4.46B
step=136180 | loss=5.2830 | lr=3.00e-04 | wd=0.0108 | mom=0.9500 | T=6.5 k=3.2 (mu_rec=8 mu_bwd=4) | grad=2.203 | tok/s=14,148 | tokens=4.46B
step=136190 | loss=5.0735 | lr=3.00e-04 | wd=0.0107 | mom=0.9500 | T=8.0 k=4.0 (mu_rec=8 mu_bwd=4) | grad=2.562 | tok/s=14,167 | tokens=4.46B
step=136200 | loss=4.7596 | lr=3.00e-04 | wd=0.0107 | mom=0.9500 | T=4.5 k=3.5 (mu_rec=8 mu_bwd=4) | grad=2.984 | tok/s=14,672 | tokens=4.46B
step=136210 | loss=5.0243 | lr=3.00e-04 | wd=0.0107 | mom=0.9500 | T=9.2 k=3.5 (mu_rec=8 mu_bwd=4) | grad=2.266 | tok/s=14,460 | tokens=4.46B
step=136220 | loss=5.0812 | lr=3.00e-04 | wd=0.0107 | mom=0.9500 | T=3.8 k=3.0 (mu_rec=8 mu_bwd=4) | grad=2.125 | tok/s=13,474 | tokens=4.46B
step=136230 | loss=5.1053 | lr=3.00e-04 | wd=0.0107 | mom=0.9500 | T=11.8 k=4.0 (mu_rec=8 mu_bwd=4) | grad=2.734 | tok/s=13,546 | tokens=4.46B
step=136240 | loss=4.9481 | lr=3.00e-04 | wd=0.0107 | mom=0.9500 | T=9.8 k=3.5 (mu_rec=8 mu_bwd=4) | grad=3.359 | tok/s=14,652 | tokens=4.46B
step=136250 | loss=4.9713 | lr=3.00e-04 | wd=0.0107 | mom=0.9500 | T=6.5 k=4.0 (mu_rec=8 mu_bwd=4) | grad=1.953 | tok/s=14,700 | tokens=4.46B
step=136260 | loss=5.0366 | lr=3.00e-04 | wd=0.0107 | mom=0.9500 | T=8.5 k=3.8 (mu_rec=8 mu_bwd=4) | grad=2.391 | tok/s=13,538 | tokens=4.46B
step=136270 | loss=4.9915 | lr=3.00e-04 | wd=0.0107 | mom=0.9500 | T=7.0 k=4.0 (mu_rec=8 mu_bwd=4) | grad=3.109 | tok/s=15,233 | tokens=4.47B
step=136280 | loss=5.2379 | lr=3.00e-04 | wd=0.0107 | mom=0.9500 | T=6.8 k=3.5 (mu_rec=8 mu_bwd=4) | grad=7.594 | tok/s=14,076 | tokens=4.47B
step=136290 | loss=5.5193 | lr=3.00e-04 | wd=0.0107 | mom=0.9500 | T=7.5 k=3.2 (mu_rec=8 mu_bwd=4) | grad=3.203 | tok/s=13,958 | tokens=4.47B
step=136300 | loss=5.3117 | lr=3.00e-04 | wd=0.0107 | mom=0.9500 | T=12.5 k=4.0 (mu_rec=8 mu_bwd=4) | grad=4.438 | tok/s=13,644 | tokens=4.47B
step=136310 | loss=5.4519 | lr=3.00e-04 | wd=0.0107 | mom=0.9500 | T=9.0 k=4.0 (mu_rec=8 mu_bwd=4) | grad=3.391 | tok/s=13,099 | tokens=4.47B
step=136320 | loss=5.0845 | lr=3.00e-04 | wd=0.0107 | mom=0.9500 | T=8.5 k=3.2 (mu_rec=8 mu_bwd=4) | grad=2.688 | tok/s=5,970 | tokens=4.47B
step=136330 | loss=4.8588 | lr=3.00e-04 | wd=0.0107 | mom=0.9500 | T=7.8 k=4.0 (mu_rec=8 mu_bwd=4) | grad=3.375 | tok/s=14,111 | tokens=4.47B
step=136340 | loss=4.8372 | lr=3.00e-04 | wd=0.0106 | mom=0.9500 | T=11.0 k=4.0 (mu_rec=8 mu_bwd=4) | grad=1.852 | tok/s=13,998 | tokens=4.47B
step=136350 | loss=5.0263 | lr=3.00e-04 | wd=0.0106 | mom=0.9500 | T=5.0 k=4.0 (mu_rec=8 mu_bwd=4) | grad=3.891 | tok/s=15,482 | tokens=4.47B
step=136360 | loss=5.0879 | lr=3.00e-04 | wd=0.0106 | mom=0.9500 | T=7.8 k=3.5 (mu_rec=8 mu_bwd=4) | grad=3.078 | tok/s=15,066 | tokens=4.47B
step=136370 | loss=4.8374 | lr=3.00e-04 | wd=0.0106 | mom=0.9500 | T=4.2 k=3.5 (mu_rec=8 mu_bwd=4) | grad=3.547 | tok/s=15,724 | tokens=4.47B
step=136380 | loss=4.9271 | lr=3.00e-04 | wd=0.0106 | mom=0.9500 | T=10.5 k=4.0 (mu_rec=8 mu_bwd=4) | grad=1.977 | tok/s=15,151 | tokens=4.47B
step=136390 | loss=5.0411 | lr=3.00e-04 | wd=0.0106 | mom=0.9500 | T=7.2 k=4.0 (mu_rec=8 mu_bwd=4) | grad=2.953 | tok/s=12,776 | tokens=4.47B
step=136400 | loss=4.9493 | lr=3.00e-04 | wd=0.0106 | mom=0.9500 | T=6.5 k=3.8 (mu_rec=8 mu_bwd=4) | grad=3.344 | tok/s=15,389 | tokens=4.47B
step=136410 | loss=4.7189 | lr=3.00e-04 | wd=0.0106 | mom=0.9500 | T=6.2 k=3.8 (mu_rec=8 mu_bwd=4) | grad=2.266 | tok/s=14,436 | tokens=4.47B
step=136420 | loss=4.6327 | lr=3.00e-04 | wd=0.0106 | mom=0.9500 | T=7.2 k=3.8 (mu_rec=8 mu_bwd=4) | grad=3.719 | tok/s=14,202 | tokens=4.47B
step=136430 | loss=4.7360 | lr=3.00e-04 | wd=0.0106 | mom=0.9500 | T=5.2 k=2.8 (mu_rec=8 mu_bwd=4) | grad=2.562 | tok/s=13,909 | tokens=4.47B
step=136440 | loss=5.2517 | lr=3.00e-04 | wd=0.0106 | mom=0.9500 | T=4.0 k=3.0 (mu_rec=8 mu_bwd=4) | grad=2.547 | tok/s=14,602 | tokens=4.47B
step=136450 | loss=4.9000 | lr=3.00e-04 | wd=0.0106 | mom=0.9500 | T=7.2 k=4.0 (mu_rec=8 mu_bwd=4) | grad=2.484 | tok/s=13,306 | tokens=4.47B
step=136460 | loss=5.0633 | lr=3.00e-04 | wd=0.0106 | mom=0.9500 | T=5.8 k=3.5 (mu_rec=8 mu_bwd=4) | grad=2.406 | tok/s=14,505 | tokens=4.47B
step=136470 | loss=4.8997 | lr=3.00e-04 | wd=0.0106 | mom=0.9500 | T=11.8 k=3.2 (mu_rec=8 mu_bwd=4) | grad=2.859 | tok/s=15,342 | tokens=4.47B
step=136480 | loss=4.7519 | lr=3.00e-04 | wd=0.0106 | mom=0.9500 | T=12.5 k=3.8 (mu_rec=8 mu_bwd=4) | grad=3.297 | tok/s=13,552 | tokens=4.47B
step=136490 | loss=4.8812 | lr=3.00e-04 | wd=0.0105 | mom=0.9500 | T=9.0 k=4.0 (mu_rec=8 mu_bwd=4) | grad=2.484 | tok/s=14,788 | tokens=4.47B
step=136500 | loss=4.9768 | lr=3.00e-04 | wd=0.0105 | mom=0.9500 | T=7.5 k=3.5 (mu_rec=8 mu_bwd=4) | grad=5.812 | tok/s=14,744 | tokens=4.47B
step=136510 | loss=4.9304 | lr=3.00e-04 | wd=0.0105 | mom=0.9500 | T=8.2 k=4.0 (mu_rec=8 mu_bwd=4) | grad=3.266 | tok/s=14,138 | tokens=4.47B
step=136520 | loss=4.9514 | lr=3.00e-04 | wd=0.0105 | mom=0.9500 | T=8.5 k=4.0 (mu_rec=8 mu_bwd=4) | grad=4.469 | tok/s=13,280 | tokens=4.47B
step=136530 | loss=5.3057 | lr=3.00e-04 | wd=0.0105 | mom=0.9500 | T=11.5 k=4.0 (mu_rec=8 mu_bwd=4) | grad=3.625 | tok/s=14,962 | tokens=4.47B
step=136540 | loss=5.1367 | lr=3.00e-04 | wd=0.0105 | mom=0.9500 | T=6.2 k=4.0 (mu_rec=8 mu_bwd=4) | grad=3.469 | tok/s=14,652 | tokens=4.47B
step=136550 | loss=4.9870 | lr=3.00e-04 | wd=0.0105 | mom=0.9500 | T=13.2 k=4.0 (mu_rec=8 mu_bwd=4) | grad=2.500 | tok/s=15,014 | tokens=4.47B
step=136560 | loss=4.8913 | lr=3.00e-04 | wd=0.0105 | mom=0.9500 | T=10.5 k=4.0 (mu_rec=8 mu_bwd=4) | grad=4.688 | tok/s=13,774 | tokens=4.47B
step=136570 | loss=4.8638 | lr=3.00e-04 | wd=0.0105 | mom=0.9500 | T=8.0 k=3.5 (mu_rec=8 mu_bwd=4) | grad=2.156 | tok/s=13,111 | tokens=4.48B
step=136580 | loss=5.2085 | lr=3.00e-04 | wd=0.0105 | mom=0.9500 | T=17.2 k=4.0 (mu_rec=8 mu_bwd=4) | grad=2.375 | tok/s=12,272 | tokens=4.48B
step=136590 | loss=4.8535 | lr=3.00e-04 | wd=0.0105 | mom=0.9500 | T=8.5 k=4.0 (mu_rec=8 mu_bwd=4) | grad=1.984 | tok/s=13,635 | tokens=4.48B
step=136600 | loss=4.8761 | lr=3.00e-04 | wd=0.0105 | mom=0.9500 | T=6.0 k=4.0 (mu_rec=8 mu_bwd=4) | grad=3.141 | tok/s=14,071 | tokens=4.48B
step=136610 | loss=5.3200 | lr=3.00e-04 | wd=0.0105 | mom=0.9500 | T=9.2 k=4.0 (mu_rec=8 mu_bwd=4) | grad=12.125 | tok/s=14,217 | tokens=4.48B
step=136620 | loss=5.5117 | lr=3.00e-04 | wd=0.0105 | mom=0.9500 | T=10.0 k=4.0 (mu_rec=8 mu_bwd=4) | grad=6.438 | tok/s=14,331 | tokens=4.48B
step=136630 | loss=5.3376 | lr=3.00e-04 | wd=0.0105 | mom=0.9500 | T=11.8 k=4.0 (mu_rec=8 mu_bwd=4) | grad=7.219 | tok/s=15,172 | tokens=4.48B
step=136640 | loss=4.9438 | lr=3.00e-04 | wd=0.0104 | mom=0.9500 | T=6.2 k=4.0 (mu_rec=8 mu_bwd=4) | grad=3.703 | tok/s=14,010 | tokens=4.48B
step=136650 | loss=4.8598 | lr=3.00e-04 | wd=0.0104 | mom=0.9500 | T=8.0 k=4.0 (mu_rec=8 mu_bwd=4) | grad=3.141 | tok/s=13,177 | tokens=4.48B
step=136660 | loss=5.3080 | lr=3.00e-04 | wd=0.0104 | mom=0.9500 | T=9.0 k=3.8 (mu_rec=8 mu_bwd=4) | grad=4.219 | tok/s=16,367 | tokens=4.48B
step=136670 | loss=4.9382 | lr=3.00e-04 | wd=0.0104 | mom=0.9500 | T=11.2 k=4.0 (mu_rec=8 mu_bwd=4) | grad=2.906 | tok/s=13,970 | tokens=4.48B
step=136680 | loss=5.0321 | lr=3.00e-04 | wd=0.0104 | mom=0.9500 | T=6.8 k=4.0 (mu_rec=8 mu_bwd=4) | grad=2.250 | tok/s=14,295 | tokens=4.48B
step=136690 | loss=5.1579 | lr=3.00e-04 | wd=0.0104 | mom=0.9500 | T=11.8 k=4.0 (mu_rec=8 mu_bwd=4) | grad=2.984 | tok/s=13,992 | tokens=4.48B
step=136700 | loss=5.1166 | lr=3.00e-04 | wd=0.0104 | mom=0.9500 | T=7.5 k=4.0 (mu_rec=8 mu_bwd=4) | grad=3.031 | tok/s=13,452 | tokens=4.48B
step=136710 | loss=5.2218 | lr=3.00e-04 | wd=0.0104 | mom=0.9500 | T=7.5 k=4.0 (mu_rec=8 mu_bwd=4) | grad=4.438 | tok/s=14,797 | tokens=4.48B
step=136720 | loss=5.0646 | lr=3.00e-04 | wd=0.0104 | mom=0.9500 | T=13.5 k=4.0 (mu_rec=8 mu_bwd=4) | grad=2.422 | tok/s=14,111 | tokens=4.48B
step=136730 | loss=5.0265 | lr=3.00e-04 | wd=0.0104 | mom=0.9500 | T=7.2 k=3.2 (mu_rec=8 mu_bwd=4) | grad=1.875 | tok/s=13,384 | tokens=4.48B
step=136740 | loss=4.8724 | lr=3.00e-04 | wd=0.0104 | mom=0.9500 | T=4.2 k=2.5 (mu_rec=8 mu_bwd=4) | grad=6.438 | tok/s=13,230 | tokens=4.48B
step=136750 | loss=4.9738 | lr=3.00e-04 | wd=0.0104 | mom=0.9500 | T=4.5 k=3.0 (mu_rec=8 mu_bwd=4) | grad=2.609 | tok/s=14,471 | tokens=4.48B
step=136760 | loss=5.0361 | lr=3.00e-04 | wd=0.0104 | mom=0.9500 | T=5.5 k=3.5 (mu_rec=8 mu_bwd=4) | grad=3.453 | tok/s=14,234 | tokens=4.48B
step=136770 | loss=4.9737 | lr=3.00e-04 | wd=0.0104 | mom=0.9500 | T=7.2 k=3.2 (mu_rec=8 mu_bwd=4) | grad=2.484 | tok/s=14,451 | tokens=4.48B
step=136780 | loss=4.9104 | lr=3.00e-04 | wd=0.0104 | mom=0.9500 | T=9.0 k=4.0 (mu_rec=8 mu_bwd=4) | grad=2.000 | tok/s=15,032 | tokens=4.48B
step=136790 | loss=4.9844 | lr=3.00e-04 | wd=0.0104 | mom=0.9500 | T=10.8 k=4.0 (mu_rec=8 mu_bwd=4) | grad=2.234 | tok/s=13,881 | tokens=4.48B
step=136800 | loss=5.0265 | lr=3.00e-04 | wd=0.0103 | mom=0.9500 | T=11.0 k=4.0 (mu_rec=8 mu_bwd=4) | grad=2.625 | tok/s=14,394 | tokens=4.48B
step=136810 | loss=4.8155 | lr=3.00e-04 | wd=0.0103 | mom=0.9500 | T=9.0 k=4.0 (mu_rec=8 mu_bwd=4) | grad=2.172 | tok/s=15,349 | tokens=4.48B
step=136820 | loss=5.1204 | lr=3.00e-04 | wd=0.0103 | mom=0.9500 | T=7.2 k=3.5 (mu_rec=8 mu_bwd=4) | grad=2.359 | tok/s=13,741 | tokens=4.48B
step=136830 | loss=5.0245 | lr=3.00e-04 | wd=0.0103 | mom=0.9500 | T=11.5 k=4.0 (mu_rec=8 mu_bwd=4) | grad=1.820 | tok/s=14,994 | tokens=4.48B
step=136840 | loss=4.8916 | lr=3.00e-04 | wd=0.0103 | mom=0.9500 | T=5.0 k=3.0 (mu_rec=8 mu_bwd=4) | grad=2.828 | tok/s=14,861 | tokens=4.48B
step=136850 | loss=5.0365 | lr=3.00e-04 | wd=0.0103 | mom=0.9500 | T=9.0 k=4.0 (mu_rec=8 mu_bwd=4) | grad=2.422 | tok/s=14,292 | tokens=4.48B
step=136860 | loss=5.0537 | lr=3.00e-04 | wd=0.0103 | mom=0.9500 | T=11.5 k=4.0 (mu_rec=8 mu_bwd=4) | grad=3.781 | tok/s=13,002 | tokens=4.48B
step=136870 | loss=4.8881 | lr=3.00e-04 | wd=0.0103 | mom=0.9500 | T=8.0 k=4.0 (mu_rec=8 mu_bwd=4) | grad=1.953 | tok/s=14,581 | tokens=4.48B
step=136880 | loss=4.9372 | lr=3.00e-04 | wd=0.0103 | mom=0.9500 | T=11.2 k=3.8 (mu_rec=8 mu_bwd=4) | grad=2.391 | tok/s=13,463 | tokens=4.49B
step=136890 | loss=5.2245 | lr=3.00e-04 | wd=0.0103 | mom=0.9500 | T=6.5 k=3.2 (mu_rec=8 mu_bwd=4) | grad=5.562 | tok/s=15,158 | tokens=4.49B
step=136900 | loss=5.3045 | lr=3.00e-04 | wd=0.0103 | mom=0.9500 | T=14.8 k=4.0 (mu_rec=8 mu_bwd=4) | grad=17.375 | tok/s=13,945 | tokens=4.49B
step=136910 | loss=4.9928 | lr=3.00e-04 | wd=0.0103 | mom=0.9500 | T=7.5 k=4.0 (mu_rec=8 mu_bwd=4) | grad=4.688 | tok/s=13,741 | tokens=4.49B
step=136920 | loss=5.1021 | lr=3.00e-04 | wd=0.0103 | mom=0.9500 | T=8.8 k=3.8 (mu_rec=8 mu_bwd=4) | grad=2.797 | tok/s=13,789 | tokens=4.49B
step=136930 | loss=5.0950 | lr=3.00e-04 | wd=0.0103 | mom=0.9500 | T=4.8 k=3.2 (mu_rec=8 mu_bwd=4) | grad=4.750 | tok/s=14,868 | tokens=4.49B
step=136940 | loss=4.9613 | lr=3.00e-04 | wd=0.0103 | mom=0.9500 | T=4.2 k=4.0 (mu_rec=8 mu_bwd=4) | grad=3.141 | tok/s=13,921 | tokens=4.49B
step=136950 | loss=5.0943 | lr=3.00e-04 | wd=0.0102 | mom=0.9500 | T=7.5 k=4.0 (mu_rec=8 mu_bwd=4) | grad=3.797 | tok/s=6,474 | tokens=4.49B
step=136960 | loss=4.9338 | lr=3.00e-04 | wd=0.0102 | mom=0.9500 | T=8.2 k=3.5 (mu_rec=8 mu_bwd=4) | grad=2.062 | tok/s=13,823 | tokens=4.49B
step=136970 | loss=4.9871 | lr=3.00e-04 | wd=0.0102 | mom=0.9500 | T=6.2 k=4.0 (mu_rec=8 mu_bwd=4) | grad=2.453 | tok/s=14,191 | tokens=4.49B
step=136980 | loss=5.4179 | lr=3.00e-04 | wd=0.0102 | mom=0.9500 | T=11.2 k=4.0 (mu_rec=8 mu_bwd=4) | grad=2.828 | tok/s=13,925 | tokens=4.49B
step=136990 | loss=5.2885 | lr=3.00e-04 | wd=0.0102 | mom=0.9500 | T=11.8 k=3.2 (mu_rec=8 mu_bwd=4) | grad=3.062 | tok/s=14,113 | tokens=4.49B
step=137000 | loss=4.8526 | lr=3.00e-04 | wd=0.0102 | mom=0.9500 | T=8.2 k=4.0 (mu_rec=8 mu_bwd=4) | grad=3.016 | tok/s=14,067 | tokens=4.49B
step=137010 | loss=5.0206 | lr=3.00e-04 | wd=0.0102 | mom=0.9500 | T=6.2 k=3.0 (mu_rec=8 mu_bwd=4) | grad=2.562 | tok/s=14,393 | tokens=4.49B
step=137020 | loss=4.9572 | lr=3.00e-04 | wd=0.0102 | mom=0.9500 | T=9.5 k=3.5 (mu_rec=8 mu_bwd=4) | grad=2.312 | tok/s=14,665 | tokens=4.49B
step=137030 | loss=5.1707 | lr=3.00e-04 | wd=0.0102 | mom=0.9500 | T=14.2 k=4.0 (mu_rec=8 mu_bwd=4) | grad=2.375 | tok/s=14,140 | tokens=4.49B
step=137040 | loss=4.9932 | lr=3.00e-04 | wd=0.0102 | mom=0.9500 | T=5.0 k=2.8 (mu_rec=8 mu_bwd=4) | grad=2.250 | tok/s=14,916 | tokens=4.49B
step=137050 | loss=4.8419 | lr=3.00e-04 | wd=0.0102 | mom=0.9500 | T=2.8 k=2.2 (mu_rec=8 mu_bwd=4) | grad=3.094 | tok/s=16,122 | tokens=4.49B
step=137060 | loss=4.9859 | lr=3.00e-04 | wd=0.0102 | mom=0.9500 | T=9.2 k=3.5 (mu_rec=8 mu_bwd=4) | grad=2.062 | tok/s=14,325 | tokens=4.49B
step=137070 | loss=4.9589 | lr=3.00e-04 | wd=0.0102 | mom=0.9500 | T=18.0 k=4.0 (mu_rec=8 mu_bwd=4) | grad=1.859 | tok/s=13,374 | tokens=4.49B
step=137080 | loss=4.8536 | lr=3.00e-04 | wd=0.0102 | mom=0.9500 | T=6.2 k=3.2 (mu_rec=8 mu_bwd=4) | grad=3.734 | tok/s=13,322 | tokens=4.49B
step=137090 | loss=5.0025 | lr=3.00e-04 | wd=0.0102 | mom=0.9500 | T=6.8 k=4.0 (mu_rec=8 mu_bwd=4) | grad=11.312 | tok/s=14,641 | tokens=4.49B
step=137100 | loss=4.9326 | lr=3.00e-04 | wd=0.0101 | mom=0.9500 | T=9.5 k=4.0 (mu_rec=8 mu_bwd=4) | grad=3.062 | tok/s=13,472 | tokens=4.49B
step=137110 | loss=5.2330 | lr=3.00e-04 | wd=0.0101 | mom=0.9500 | T=10.0 k=4.0 (mu_rec=8 mu_bwd=4) | grad=2.516 | tok/s=13,144 | tokens=4.49B
step=137120 | loss=4.8957 | lr=3.00e-04 | wd=0.0101 | mom=0.9500 | T=10.5 k=3.8 (mu_rec=8 mu_bwd=4) | grad=2.625 | tok/s=15,141 | tokens=4.49B
step=137130 | loss=4.9980 | lr=3.00e-04 | wd=0.0101 | mom=0.9500 | T=7.8 k=4.0 (mu_rec=8 mu_bwd=4) | grad=2.156 | tok/s=14,086 | tokens=4.49B
step=137140 | loss=5.0212 | lr=3.00e-04 | wd=0.0101 | mom=0.9500 | T=6.8 k=4.0 (mu_rec=8 mu_bwd=4) | grad=3.953 | tok/s=15,137 | tokens=4.49B
step=137150 | loss=4.9902 | lr=3.00e-04 | wd=0.0101 | mom=0.9500 | T=6.5 k=4.0 (mu_rec=8 mu_bwd=4) | grad=2.844 | tok/s=14,965 | tokens=4.49B
step=137160 | loss=5.0170 | lr=3.00e-04 | wd=0.0101 | mom=0.9500 | T=9.8 k=4.0 (mu_rec=8 mu_bwd=4) | grad=2.906 | tok/s=15,038 | tokens=4.49B
step=137170 | loss=5.1050 | lr=3.00e-04 | wd=0.0101 | mom=0.9500 | T=10.8 k=4.0 (mu_rec=8 mu_bwd=4) | grad=2.656 | tok/s=13,700 | tokens=4.49B
step=137180 | loss=5.0863 | lr=3.00e-04 | wd=0.0101 | mom=0.9500 | T=5.5 k=3.2 (mu_rec=8 mu_bwd=4) | grad=2.297 | tok/s=14,380 | tokens=4.50B
step=137190 | loss=5.0044 | lr=3.00e-04 | wd=0.0101 | mom=0.9500 | T=5.0 k=3.5 (mu_rec=8 mu_bwd=4) | grad=6.375 | tok/s=14,334 | tokens=4.50B
step=137200 | loss=4.9315 | lr=3.00e-04 | wd=0.0101 | mom=0.9500 | T=8.8 k=4.0 (mu_rec=8 mu_bwd=4) | grad=2.500 | tok/s=13,925 | tokens=4.50B
step=137210 | loss=4.9134 | lr=3.00e-04 | wd=0.0101 | mom=0.9500 | T=9.2 k=3.2 (mu_rec=8 mu_bwd=4) | grad=3.500 | tok/s=14,820 | tokens=4.50B
step=137220 | loss=4.8553 | lr=3.00e-04 | wd=0.0101 | mom=0.9500 | T=5.2 k=3.2 (mu_rec=8 mu_bwd=4) | grad=3.672 | tok/s=14,152 | tokens=4.50B
step=137230 | loss=4.9120 | lr=3.00e-04 | wd=0.0101 | mom=0.9500 | T=9.8 k=3.8 (mu_rec=8 mu_bwd=4) | grad=5.344 | tok/s=15,137 | tokens=4.50B
step=137240 | loss=4.8542 | lr=3.00e-04 | wd=0.0101 | mom=0.9500 | T=8.5 k=4.0 (mu_rec=8 mu_bwd=4) | grad=1.844 | tok/s=13,686 | tokens=4.50B
step=137250 | loss=5.0358 | lr=3.00e-04 | wd=0.0101 | mom=0.9500 | T=7.8 k=3.8 (mu_rec=8 mu_bwd=4) | grad=2.781 | tok/s=13,955 | tokens=4.50B
step=137260 | loss=4.8050 | lr=3.00e-04 | wd=0.0100 | mom=0.9500 | T=9.5 k=3.8 (mu_rec=8 mu_bwd=4) | grad=2.422 | tok/s=6,594 | tokens=4.50B
step=137270 | loss=4.8656 | lr=3.00e-04 | wd=0.0100 | mom=0.9500 | T=5.2 k=3.5 (mu_rec=8 mu_bwd=4) | grad=2.250 | tok/s=15,183 | tokens=4.50B
step=137280 | loss=4.9692 | lr=3.00e-04 | wd=0.0100 | mom=0.9500 | T=11.2 k=3.5 (mu_rec=8 mu_bwd=4) | grad=3.469 | tok/s=14,447 | tokens=4.50B
step=137290 | loss=5.2000 | lr=3.00e-04 | wd=0.0100 | mom=0.9500 | T=10.0 k=3.2 (mu_rec=8 mu_bwd=4) | grad=3.484 | tok/s=13,156 | tokens=4.50B
step=137300 | loss=5.3827 | lr=3.00e-04 | wd=0.0100 | mom=0.9500 | T=12.5 k=4.0 (mu_rec=8 mu_bwd=4) | grad=2.719 | tok/s=14,393 | tokens=4.50B
step=137310 | loss=4.9555 | lr=3.00e-04 | wd=0.0100 | mom=0.9500 | T=6.8 k=3.8 (mu_rec=8 mu_bwd=4) | grad=5.969 | tok/s=14,436 | tokens=4.50B
step=137320 | loss=5.0302 | lr=3.00e-04 | wd=0.0100 | mom=0.9500 | T=7.2 k=3.8 (mu_rec=8 mu_bwd=4) | grad=2.469 | tok/s=14,711 | tokens=4.50B
step=137330 | loss=5.0901 | lr=3.00e-04 | wd=0.0100 | mom=0.9500 | T=12.8 k=4.0 (mu_rec=8 mu_bwd=4) | grad=2.312 | tok/s=13,691 | tokens=4.50B
step=137340 | loss=4.8767 | lr=3.00e-04 | wd=0.0100 | mom=0.9500 | T=7.8 k=4.0 (mu_rec=8 mu_bwd=4) | grad=2.828 | tok/s=14,651 | tokens=4.50B
step=137350 | loss=4.9001 | lr=3.00e-04 | wd=0.0100 | mom=0.9500 | T=8.8 k=4.0 (mu_rec=8 mu_bwd=4) | grad=2.391 | tok/s=14,946 | tokens=4.50B
step=137360 | loss=5.3341 | lr=3.00e-04 | wd=0.0100 | mom=0.9500 | T=5.8 k=3.8 (mu_rec=8 mu_bwd=4) | grad=2.984 | tok/s=14,425 | tokens=4.50B
step=137370 | loss=5.4058 | lr=3.00e-04 | wd=0.0100 | mom=0.9500 | T=12.5 k=4.0 (mu_rec=8 mu_bwd=4) | grad=3.250 | tok/s=13,880 | tokens=4.50B
step=137380 | loss=4.8686 | lr=3.00e-04 | wd=0.0100 | mom=0.9500 | T=6.0 k=4.0 (mu_rec=8 mu_bwd=4) | grad=6.188 | tok/s=14,337 | tokens=4.50B
step=137390 | loss=5.0652 | lr=3.00e-04 | wd=0.0100 | mom=0.9500 | T=9.2 k=3.5 (mu_rec=8 mu_bwd=4) | grad=3.141 | tok/s=14,966 | tokens=4.50B
step=137400 | loss=4.9732 | lr=3.00e-04 | wd=0.0100 | mom=0.9500 | T=6.8 k=4.0 (mu_rec=8 mu_bwd=4) | grad=2.062 | tok/s=13,226 | tokens=4.50B
step=137410 | loss=4.9583 | lr=3.00e-04 | wd=0.0099 | mom=0.9500 | T=7.8 k=3.2 (mu_rec=8 mu_bwd=4) | grad=3.625 | tok/s=14,050 | tokens=4.50B
step=137420 | loss=4.9486 | lr=3.00e-04 | wd=0.0099 | mom=0.9500 | T=9.2 k=4.0 (mu_rec=8 mu_bwd=4) | grad=2.484 | tok/s=14,730 | tokens=4.50B
step=137430 | loss=4.8796 | lr=3.00e-04 | wd=0.0099 | mom=0.9500 | T=6.2 k=3.8 (mu_rec=8 mu_bwd=4) | grad=2.453 | tok/s=13,565 | tokens=4.50B
step=137440 | loss=5.1233 | lr=3.00e-04 | wd=0.0099 | mom=0.9500 | T=6.5 k=3.2 (mu_rec=8 mu_bwd=4) | grad=2.672 | tok/s=14,335 | tokens=4.50B
step=137450 | loss=5.0749 | lr=3.00e-04 | wd=0.0099 | mom=0.9500 | T=7.0 k=4.0 (mu_rec=8 mu_bwd=4) | grad=3.188 | tok/s=15,305 | tokens=4.50B
step=137460 | loss=4.9486 | lr=3.00e-04 | wd=0.0099 | mom=0.9500 | T=7.5 k=3.8 (mu_rec=8 mu_bwd=4) | grad=1.961 | tok/s=14,366 | tokens=4.50B
step=137470 | loss=4.9795 | lr=3.00e-04 | wd=0.0099 | mom=0.9500 | T=7.8 k=4.0 (mu_rec=8 mu_bwd=4) | grad=2.109 | tok/s=13,261 | tokens=4.50B
step=137480 | loss=4.9173 | lr=3.00e-04 | wd=0.0099 | mom=0.9500 | T=7.8 k=4.0 (mu_rec=8 mu_bwd=4) | grad=2.812 | tok/s=15,403 | tokens=4.50B
step=137490 | loss=4.8180 | lr=3.00e-04 | wd=0.0099 | mom=0.9500 | T=9.2 k=4.0 (mu_rec=8 mu_bwd=4) | grad=2.594 | tok/s=15,279 | tokens=4.51B
step=137500 | loss=5.0451 | lr=3.00e-04 | wd=0.0099 | mom=0.9500 | T=8.8 k=4.0 (mu_rec=8 mu_bwd=4) | grad=2.781 | tok/s=14,108 | tokens=4.51B
step=137510 | loss=4.7331 | lr=3.00e-04 | wd=0.0099 | mom=0.9500 | T=9.2 k=4.0 (mu_rec=8 mu_bwd=4) | grad=2.953 | tok/s=14,650 | tokens=4.51B
step=137520 | loss=4.9603 | lr=3.00e-04 | wd=0.0099 | mom=0.9500 | T=7.0 k=4.0 (mu_rec=8 mu_bwd=4) | grad=2.906 | tok/s=13,844 | tokens=4.51B
step=137530 | loss=5.0074 | lr=3.00e-04 | wd=0.0099 | mom=0.9500 | T=12.5 k=4.0 (mu_rec=8 mu_bwd=4) | grad=2.359 | tok/s=13,599 | tokens=4.51B
step=137540 | loss=4.9815 | lr=3.00e-04 | wd=0.0099 | mom=0.9500 | T=5.0 k=3.2 (mu_rec=8 mu_bwd=4) | grad=2.609 | tok/s=16,399 | tokens=4.51B
step=137550 | loss=5.0733 | lr=3.00e-04 | wd=0.0099 | mom=0.9500 | T=8.2 k=3.8 (mu_rec=8 mu_bwd=4) | grad=3.250 | tok/s=14,156 | tokens=4.51B
step=137560 | loss=5.1002 | lr=3.00e-04 | wd=0.0098 | mom=0.9500 | T=6.8 k=3.8 (mu_rec=8 mu_bwd=4) | grad=7.000 | tok/s=12,861 | tokens=4.51B
step=137570 | loss=5.2257 | lr=3.00e-04 | wd=0.0098 | mom=0.9500 | T=7.8 k=3.8 (mu_rec=8 mu_bwd=4) | grad=2.312 | tok/s=14,303 | tokens=4.51B
step=137580 | loss=5.0132 | lr=3.00e-04 | wd=0.0098 | mom=0.9500 | T=3.8 k=3.5 (mu_rec=8 mu_bwd=4) | grad=2.516 | tok/s=15,203 | tokens=4.51B
step=137590 | loss=5.0588 | lr=3.00e-04 | wd=0.0098 | mom=0.9500 | T=4.0 k=3.0 (mu_rec=8 mu_bwd=4) | grad=3.703 | tok/s=15,160 | tokens=4.51B
step=137600 | loss=4.8854 | lr=3.00e-04 | wd=0.0098 | mom=0.9500 | T=5.2 k=4.0 (mu_rec=8 mu_bwd=4) | grad=7.906 | tok/s=14,054 | tokens=4.51B
step=137610 | loss=4.8570 | lr=3.00e-04 | wd=0.0098 | mom=0.9500 | T=8.0 k=4.0 (mu_rec=8 mu_bwd=4) | grad=2.516 | tok/s=14,484 | tokens=4.51B
step=137620 | loss=4.9826 | lr=3.00e-04 | wd=0.0098 | mom=0.9500 | T=6.8 k=3.5 (mu_rec=8 mu_bwd=4) | grad=2.234 | tok/s=13,376 | tokens=4.51B
step=137630 | loss=4.6782 | lr=3.00e-04 | wd=0.0098 | mom=0.9500 | T=7.0 k=4.0 (mu_rec=8 mu_bwd=4) | grad=1.664 | tok/s=15,132 | tokens=4.51B
step=137640 | loss=5.2741 | lr=3.00e-04 | wd=0.0098 | mom=0.9500 | T=8.8 k=3.5 (mu_rec=8 mu_bwd=4) | grad=2.656 | tok/s=13,161 | tokens=4.51B
step=137650 | loss=4.9451 | lr=3.00e-04 | wd=0.0098 | mom=0.9500 | T=8.5 k=2.8 (mu_rec=8 mu_bwd=4) | grad=3.766 | tok/s=14,367 | tokens=4.51B
step=137660 | loss=4.9716 | lr=3.00e-04 | wd=0.0098 | mom=0.9500 | T=5.5 k=3.8 (mu_rec=8 mu_bwd=4) | grad=3.953 | tok/s=14,472 | tokens=4.51B
step=137670 | loss=4.8402 | lr=3.00e-04 | wd=0.0098 | mom=0.9500 | T=7.5 k=4.0 (mu_rec=8 mu_bwd=4) | grad=2.547 | tok/s=14,783 | tokens=4.51B
step=137680 | loss=4.9451 | lr=3.00e-04 | wd=0.0098 | mom=0.9500 | T=5.8 k=3.0 (mu_rec=8 mu_bwd=4) | grad=3.578 | tok/s=14,836 | tokens=4.51B
step=137690 | loss=4.9287 | lr=3.00e-04 | wd=0.0098 | mom=0.9500 | T=5.5 k=3.5 (mu_rec=8 mu_bwd=4) | grad=26.000 | tok/s=14,471 | tokens=4.51B
step=137700 | loss=4.7882 | lr=3.00e-04 | wd=0.0098 | mom=0.9500 | T=6.8 k=3.5 (mu_rec=8 mu_bwd=4) | grad=2.000 | tok/s=14,233 | tokens=4.51B
step=137710 | loss=5.2114 | lr=3.00e-04 | wd=0.0097 | mom=0.9500 | T=12.5 k=4.0 (mu_rec=8 mu_bwd=4) | grad=1.938 | tok/s=13,538 | tokens=4.51B
step=137720 | loss=4.9430 | lr=3.00e-04 | wd=0.0097 | mom=0.9500 | T=12.8 k=4.0 (mu_rec=8 mu_bwd=4) | grad=2.312 | tok/s=13,522 | tokens=4.51B
step=137730 | loss=4.8461 | lr=3.00e-04 | wd=0.0097 | mom=0.9500 | T=5.5 k=3.0 (mu_rec=8 mu_bwd=4) | grad=2.969 | tok/s=15,162 | tokens=4.51B
step=137740 | loss=5.0160 | lr=3.00e-04 | wd=0.0097 | mom=0.9500 | T=7.5 k=3.2 (mu_rec=8 mu_bwd=4) | grad=2.391 | tok/s=13,741 | tokens=4.51B
step=137750 | loss=4.9856 | lr=2.99e-04 | wd=0.0097 | mom=0.9500 | T=7.2 k=3.5 (mu_rec=8 mu_bwd=4) | grad=2.094 | tok/s=15,323 | tokens=4.51B
step=137760 | loss=4.9802 | lr=2.99e-04 | wd=0.0097 | mom=0.9500 | T=8.2 k=4.0 (mu_rec=8 mu_bwd=4) | grad=2.781 | tok/s=13,018 | tokens=4.51B
step=137770 | loss=5.3604 | lr=2.99e-04 | wd=0.0097 | mom=0.9500 | T=10.5 k=4.0 (mu_rec=8 mu_bwd=4) | grad=4.594 | tok/s=6,021 | tokens=4.51B
step=137780 | loss=5.8042 | lr=2.99e-04 | wd=0.0097 | mom=0.9500 | T=4.8 k=3.8 (mu_rec=8 mu_bwd=4) | grad=4.625 | tok/s=15,824 | tokens=4.51B
step=137790 | loss=5.6424 | lr=2.99e-04 | wd=0.0097 | mom=0.9500 | T=9.0 k=3.2 (mu_rec=8 mu_bwd=4) | grad=3.234 | tok/s=15,063 | tokens=4.52B
step=137800 | loss=5.6025 | lr=2.99e-04 | wd=0.0097 | mom=0.9500 | T=5.8 k=3.8 (mu_rec=8 mu_bwd=4) | grad=2.953 | tok/s=13,870 | tokens=4.52B
step=137810 | loss=5.4529 | lr=2.99e-04 | wd=0.0097 | mom=0.9500 | T=5.8 k=4.0 (mu_rec=8 mu_bwd=4) | grad=4.062 | tok/s=15,362 | tokens=4.52B
step=137820 | loss=5.5473 | lr=2.99e-04 | wd=0.0097 | mom=0.9500 | T=7.2 k=3.2 (mu_rec=8 mu_bwd=4) | grad=3.203 | tok/s=12,935 | tokens=4.52B
step=137830 | loss=5.2152 | lr=2.99e-04 | wd=0.0097 | mom=0.9500 | T=6.8 k=3.2 (mu_rec=8 mu_bwd=4) | grad=3.688 | tok/s=14,598 | tokens=4.52B
step=137840 | loss=5.1515 | lr=2.99e-04 | wd=0.0097 | mom=0.9500 | T=8.2 k=4.0 (mu_rec=8 mu_bwd=4) | grad=6.812 | tok/s=13,899 | tokens=4.52B
step=137850 | loss=5.7366 | lr=2.99e-04 | wd=0.0097 | mom=0.9500 | T=9.5 k=4.0 (mu_rec=8 mu_bwd=4) | grad=6.250 | tok/s=13,965 | tokens=4.52B
step=137860 | loss=5.2170 | lr=2.99e-04 | wd=0.0097 | mom=0.9500 | T=10.8 k=4.0 (mu_rec=8 mu_bwd=4) | grad=5.875 | tok/s=13,136 | tokens=4.52B
step=137870 | loss=4.8846 | lr=2.99e-04 | wd=0.0096 | mom=0.9500 | T=10.0 k=4.0 (mu_rec=8 mu_bwd=4) | grad=4.250 | tok/s=14,956 | tokens=4.52B
step=137880 | loss=5.0233 | lr=2.99e-04 | wd=0.0096 | mom=0.9500 | T=7.8 k=3.8 (mu_rec=8 mu_bwd=4) | grad=3.625 | tok/s=13,620 | tokens=4.52B
step=137890 | loss=5.1526 | lr=2.99e-04 | wd=0.0096 | mom=0.9500 | T=5.2 k=4.0 (mu_rec=8 mu_bwd=4) | grad=10.125 | tok/s=14,616 | tokens=4.52B
step=137900 | loss=5.0676 | lr=2.99e-04 | wd=0.0096 | mom=0.9500 | T=8.0 k=3.2 (mu_rec=8 mu_bwd=4) | grad=3.453 | tok/s=15,033 | tokens=4.52B
step=137910 | loss=4.7797 | lr=2.99e-04 | wd=0.0096 | mom=0.9500 | T=9.0 k=4.0 (mu_rec=8 mu_bwd=4) | grad=1.953 | tok/s=13,882 | tokens=4.52B
step=137920 | loss=4.7126 | lr=2.99e-04 | wd=0.0096 | mom=0.9500 | T=7.5 k=3.8 (mu_rec=8 mu_bwd=4) | grad=2.266 | tok/s=14,985 | tokens=4.52B
step=137930 | loss=5.0738 | lr=2.99e-04 | wd=0.0096 | mom=0.9500 | T=5.5 k=3.8 (mu_rec=8 mu_bwd=4) | grad=2.453 | tok/s=13,604 | tokens=4.52B
step=137940 | loss=5.1135 | lr=2.99e-04 | wd=0.0096 | mom=0.9500 | T=11.0 k=4.0 (mu_rec=8 mu_bwd=4) | grad=3.750 | tok/s=13,747 | tokens=4.52B
step=137950 | loss=4.8807 | lr=2.99e-04 | wd=0.0096 | mom=0.9500 | T=9.8 k=3.8 (mu_rec=8 mu_bwd=4) | grad=3.188 | tok/s=13,462 | tokens=4.52B
step=137960 | loss=5.0098 | lr=2.99e-04 | wd=0.0096 | mom=0.9500 | T=4.5 k=3.8 (mu_rec=8 mu_bwd=4) | grad=3.828 | tok/s=14,431 | tokens=4.52B
step=137970 | loss=4.8069 | lr=2.99e-04 | wd=0.0096 | mom=0.9500 | T=11.0 k=4.0 (mu_rec=8 mu_bwd=4) | grad=1.648 | tok/s=13,788 | tokens=4.52B
step=137980 | loss=4.8540 | lr=2.99e-04 | wd=0.0096 | mom=0.9500 | T=6.0 k=4.0 (mu_rec=8 mu_bwd=4) | grad=2.312 | tok/s=14,499 | tokens=4.52B
step=137990 | loss=4.9330 | lr=2.99e-04 | wd=0.0096 | mom=0.9500 | T=4.0 k=2.8 (mu_rec=8 mu_bwd=4) | grad=2.125 | tok/s=14,792 | tokens=4.52B
step=138000 | loss=5.1366 | lr=2.99e-04 | wd=0.0096 | mom=0.9500 | T=8.2 k=3.8 (mu_rec=8 mu_bwd=4) | grad=2.688 | tok/s=13,952 | tokens=4.52B
[step 138000] Saved -> runs/ccot-5b/checkpoint_0138000
[step 138000] Pruned -> runs/ccot-5b/checkpoint_0132000
step=138010 | loss=4.9205 | lr=2.99e-04 | wd=0.0096 | mom=0.9500 | T=8.5 k=3.8 (mu_rec=8 mu_bwd=4) | grad=2.766 | tok/s=13,936 | tokens=4.52B
step=138020 | loss=4.9439 | lr=2.99e-04 | wd=0.0095 | mom=0.9500 | T=7.0 k=3.8 (mu_rec=8 mu_bwd=4) | grad=2.484 | tok/s=13,672 | tokens=4.52B
step=138030 | loss=5.0148 | lr=2.99e-04 | wd=0.0095 | mom=0.9500 | T=11.8 k=4.0 (mu_rec=8 mu_bwd=4) | grad=7.094 | tok/s=14,660 | tokens=4.52B
step=138040 | loss=4.9633 | lr=2.99e-04 | wd=0.0095 | mom=0.9500 | T=11.2 k=4.0 (mu_rec=8 mu_bwd=4) | grad=3.141 | tok/s=13,473 | tokens=4.52B
step=138050 | loss=4.8765 | lr=2.99e-04 | wd=0.0095 | mom=0.9500 | T=8.5 k=3.8 (mu_rec=8 mu_bwd=4) | grad=2.516 | tok/s=13,828 | tokens=4.52B
step=138060 | loss=5.0092 | lr=2.98e-04 | wd=0.0095 | mom=0.9500 | T=10.8 k=4.0 (mu_rec=8 mu_bwd=4) | grad=2.109 | tok/s=14,712 | tokens=4.52B
step=138070 | loss=4.9860 | lr=2.98e-04 | wd=0.0095 | mom=0.9500 | T=6.2 k=3.2 (mu_rec=8 mu_bwd=4) | grad=2.250 | tok/s=14,138 | tokens=4.52B
step=138080 | loss=4.6651 | lr=2.98e-04 | wd=0.0095 | mom=0.9500 | T=8.8 k=4.0 (mu_rec=8 mu_bwd=4) | grad=1.812 | tok/s=14,889 | tokens=4.52B
step=138090 | loss=4.9770 | lr=2.98e-04 | wd=0.0095 | mom=0.9500 | T=7.8 k=4.0 (mu_rec=8 mu_bwd=4) | grad=1.953 | tok/s=5,902 | tokens=4.52B
step=138100 | loss=4.9920 | lr=2.98e-04 | wd=0.0095 | mom=0.9500 | T=8.8 k=4.0 (mu_rec=8 mu_bwd=4) | grad=3.609 | tok/s=14,062 | tokens=4.53B
step=138110 | loss=5.2749 | lr=2.98e-04 | wd=0.0095 | mom=0.9500 | T=5.5 k=3.5 (mu_rec=8 mu_bwd=4) | grad=3.375 | tok/s=12,981 | tokens=4.53B
step=138120 | loss=4.6371 | lr=2.98e-04 | wd=0.0095 | mom=0.9500 | T=13.8 k=4.0 (mu_rec=8 mu_bwd=4) | grad=4.250 | tok/s=12,362 | tokens=4.53B
step=138130 | loss=5.0154 | lr=2.98e-04 | wd=0.0095 | mom=0.9500 | T=9.0 k=3.2 (mu_rec=8 mu_bwd=4) | grad=2.312 | tok/s=14,584 | tokens=4.53B
step=138140 | loss=5.0254 | lr=2.98e-04 | wd=0.0095 | mom=0.9500 | T=6.8 k=3.8 (mu_rec=8 mu_bwd=4) | grad=2.141 | tok/s=16,577 | tokens=4.53B
step=138150 | loss=5.0486 | lr=2.98e-04 | wd=0.0095 | mom=0.9500 | T=5.5 k=3.8 (mu_rec=8 mu_bwd=4) | grad=2.578 | tok/s=15,249 | tokens=4.53B
step=138160 | loss=4.8381 | lr=2.98e-04 | wd=0.0095 | mom=0.9500 | T=6.8 k=3.5 (mu_rec=8 mu_bwd=4) | grad=1.977 | tok/s=14,124 | tokens=4.53B
step=138170 | loss=4.8982 | lr=2.98e-04 | wd=0.0094 | mom=0.9500 | T=5.5 k=3.8 (mu_rec=8 mu_bwd=4) | grad=1.859 | tok/s=14,817 | tokens=4.53B
step=138180 | loss=4.9925 | lr=2.98e-04 | wd=0.0094 | mom=0.9500 | T=7.2 k=2.5 (mu_rec=8 mu_bwd=4) | grad=2.203 | tok/s=14,609 | tokens=4.53B
step=138190 | loss=4.9038 | lr=2.98e-04 | wd=0.0094 | mom=0.9500 | T=8.2 k=3.2 (mu_rec=8 mu_bwd=4) | grad=4.625 | tok/s=15,373 | tokens=4.53B
step=138200 | loss=4.9390 | lr=2.98e-04 | wd=0.0094 | mom=0.9500 | T=7.5 k=3.5 (mu_rec=8 mu_bwd=4) | grad=2.859 | tok/s=14,416 | tokens=4.53B
step=138210 | loss=4.9684 | lr=2.98e-04 | wd=0.0094 | mom=0.9500 | T=7.8 k=4.0 (mu_rec=8 mu_bwd=4) | grad=2.484 | tok/s=12,925 | tokens=4.53B
step=138220 | loss=4.9203 | lr=2.98e-04 | wd=0.0094 | mom=0.9500 | T=7.0 k=4.0 (mu_rec=8 mu_bwd=4) | grad=2.016 | tok/s=12,320 | tokens=4.53B
step=138230 | loss=5.0292 | lr=2.98e-04 | wd=0.0094 | mom=0.9500 | T=7.2 k=3.5 (mu_rec=8 mu_bwd=4) | grad=3.719 | tok/s=14,415 | tokens=4.53B
step=138240 | loss=5.1195 | lr=2.98e-04 | wd=0.0094 | mom=0.9500 | T=5.8 k=3.8 (mu_rec=8 mu_bwd=4) | grad=3.016 | tok/s=14,013 | tokens=4.53B
step=138250 | loss=5.0073 | lr=2.98e-04 | wd=0.0094 | mom=0.9500 | T=13.2 k=4.0 (mu_rec=8 mu_bwd=4) | grad=2.719 | tok/s=14,307 | tokens=4.53B
step=138260 | loss=4.5554 | lr=2.98e-04 | wd=0.0094 | mom=0.9500 | T=10.2 k=3.8 (mu_rec=8 mu_bwd=4) | grad=2.281 | tok/s=13,430 | tokens=4.53B
step=138270 | loss=4.9757 | lr=2.97e-04 | wd=0.0094 | mom=0.9500 | T=7.8 k=4.0 (mu_rec=8 mu_bwd=4) | grad=2.406 | tok/s=14,665 | tokens=4.53B
step=138280 | loss=4.9492 | lr=2.97e-04 | wd=0.0094 | mom=0.9500 | T=10.2 k=3.8 (mu_rec=8 mu_bwd=4) | grad=2.891 | tok/s=14,033 | tokens=4.53B
step=138290 | loss=5.0503 | lr=2.97e-04 | wd=0.0094 | mom=0.9500 | T=6.0 k=3.2 (mu_rec=8 mu_bwd=4) | grad=4.562 | tok/s=14,570 | tokens=4.53B
step=138300 | loss=5.0345 | lr=2.97e-04 | wd=0.0094 | mom=0.9500 | T=5.2 k=4.0 (mu_rec=8 mu_bwd=4) | grad=3.750 | tok/s=15,489 | tokens=4.53B
step=138310 | loss=5.0494 | lr=2.97e-04 | wd=0.0094 | mom=0.9500 | T=8.8 k=4.0 (mu_rec=8 mu_bwd=4) | grad=2.344 | tok/s=15,224 | tokens=4.53B
step=138320 | loss=4.9927 | lr=2.97e-04 | wd=0.0093 | mom=0.9500 | T=4.8 k=3.5 (mu_rec=8 mu_bwd=4) | grad=3.547 | tok/s=15,475 | tokens=4.53B
step=138330 | loss=4.9707 | lr=2.97e-04 | wd=0.0093 | mom=0.9500 | T=9.0 k=3.8 (mu_rec=8 mu_bwd=4) | grad=2.375 | tok/s=14,540 | tokens=4.53B
step=138340 | loss=4.9184 | lr=2.97e-04 | wd=0.0093 | mom=0.9500 | T=8.8 k=4.0 (mu_rec=8 mu_bwd=4) | grad=1.961 | tok/s=13,737 | tokens=4.53B
step=138350 | loss=4.8803 | lr=2.97e-04 | wd=0.0093 | mom=0.9500 | T=7.5 k=3.2 (mu_rec=8 mu_bwd=4) | grad=2.359 | tok/s=14,244 | tokens=4.53B
step=138360 | loss=4.8955 | lr=2.97e-04 | wd=0.0093 | mom=0.9500 | T=6.5 k=3.5 (mu_rec=8 mu_bwd=4) | grad=10.375 | tok/s=14,972 | tokens=4.53B
step=138370 | loss=4.9733 | lr=2.97e-04 | wd=0.0093 | mom=0.9500 | T=8.2 k=3.2 (mu_rec=8 mu_bwd=4) | grad=8.688 | tok/s=15,020 | tokens=4.53B
step=138380 | loss=4.8820 | lr=2.97e-04 | wd=0.0093 | mom=0.9500 | T=6.5 k=3.2 (mu_rec=8 mu_bwd=4) | grad=2.625 | tok/s=14,641 | tokens=4.53B
step=138390 | loss=4.7301 | lr=2.97e-04 | wd=0.0093 | mom=0.9500 | T=5.8 k=3.2 (mu_rec=8 mu_bwd=4) | grad=2.453 | tok/s=14,595 | tokens=4.53B
step=138400 | loss=4.8276 | lr=2.97e-04 | wd=0.0093 | mom=0.9500 | T=6.5 k=3.8 (mu_rec=8 mu_bwd=4) | grad=2.047 | tok/s=15,210 | tokens=4.54B
step=138410 | loss=4.9448 | lr=2.97e-04 | wd=0.0093 | mom=0.9500 | T=9.0 k=4.0 (mu_rec=8 mu_bwd=4) | grad=4.781 | tok/s=12,854 | tokens=4.54B
step=138420 | loss=4.6980 | lr=2.97e-04 | wd=0.0093 | mom=0.9500 | T=9.8 k=4.0 (mu_rec=8 mu_bwd=4) | grad=10.250 | tok/s=14,143 | tokens=4.54B
step=138430 | loss=4.7302 | lr=2.97e-04 | wd=0.0093 | mom=0.9500 | T=6.0 k=4.0 (mu_rec=8 mu_bwd=4) | grad=3.609 | tok/s=14,120 | tokens=4.54B
step=138440 | loss=5.0735 | lr=2.96e-04 | wd=0.0093 | mom=0.9500 | T=10.2 k=4.0 (mu_rec=8 mu_bwd=4) | grad=2.750 | tok/s=14,493 | tokens=4.54B
step=138450 | loss=4.9178 | lr=2.96e-04 | wd=0.0093 | mom=0.9500 | T=12.2 k=4.0 (mu_rec=8 mu_bwd=4) | grad=3.078 | tok/s=14,629 | tokens=4.54B
step=138460 | loss=5.0587 | lr=2.96e-04 | wd=0.0093 | mom=0.9500 | T=12.0 k=3.5 (mu_rec=8 mu_bwd=4) | grad=2.594 | tok/s=12,500 | tokens=4.54B
step=138470 | loss=5.0295 | lr=2.96e-04 | wd=0.0093 | mom=0.9500 | T=9.8 k=3.8 (mu_rec=8 mu_bwd=4) | grad=2.672 | tok/s=13,783 | tokens=4.54B
step=138480 | loss=4.6892 | lr=2.96e-04 | wd=0.0092 | mom=0.9500 | T=13.5 k=4.0 (mu_rec=8 mu_bwd=4) | grad=4.594 | tok/s=15,574 | tokens=4.54B
step=138490 | loss=4.7803 | lr=2.96e-04 | wd=0.0092 | mom=0.9500 | T=5.5 k=4.0 (mu_rec=8 mu_bwd=4) | grad=3.125 | tok/s=14,509 | tokens=4.54B
step=138500 | loss=5.2674 | lr=2.96e-04 | wd=0.0092 | mom=0.9500 | T=8.0 k=3.2 (mu_rec=8 mu_bwd=4) | grad=2.469 | tok/s=13,085 | tokens=4.54B
step=138510 | loss=5.1244 | lr=2.96e-04 | wd=0.0092 | mom=0.9500 | T=11.2 k=4.0 (mu_rec=8 mu_bwd=4) | grad=2.562 | tok/s=12,124 | tokens=4.54B
step=138520 | loss=5.0089 | lr=2.96e-04 | wd=0.0092 | mom=0.9500 | T=7.8 k=4.0 (mu_rec=8 mu_bwd=4) | grad=2.172 | tok/s=14,383 | tokens=4.54B
step=138530 | loss=4.7621 | lr=2.96e-04 | wd=0.0092 | mom=0.9500 | T=8.2 k=4.0 (mu_rec=8 mu_bwd=4) | grad=2.422 | tok/s=14,202 | tokens=4.54B
step=138540 | loss=4.7112 | lr=2.96e-04 | wd=0.0092 | mom=0.9500 | T=8.5 k=3.5 (mu_rec=8 mu_bwd=4) | grad=2.500 | tok/s=13,314 | tokens=4.54B
step=138550 | loss=4.9572 | lr=2.96e-04 | wd=0.0092 | mom=0.9500 | T=5.0 k=3.2 (mu_rec=8 mu_bwd=4) | grad=3.375 | tok/s=14,889 | tokens=4.54B
step=138560 | loss=4.8199 | lr=2.96e-04 | wd=0.0092 | mom=0.9500 | T=7.0 k=4.0 (mu_rec=8 mu_bwd=4) | grad=2.281 | tok/s=13,582 | tokens=4.54B
step=138570 | loss=4.9435 | lr=2.96e-04 | wd=0.0092 | mom=0.9500 | T=8.2 k=4.0 (mu_rec=8 mu_bwd=4) | grad=3.000 | tok/s=16,149 | tokens=4.54B
step=138580 | loss=5.0808 | lr=2.96e-04 | wd=0.0092 | mom=0.9500 | T=6.0 k=3.2 (mu_rec=8 mu_bwd=4) | grad=2.312 | tok/s=13,793 | tokens=4.54B
step=138590 | loss=4.9256 | lr=2.95e-04 | wd=0.0092 | mom=0.9500 | T=12.2 k=4.0 (mu_rec=8 mu_bwd=4) | grad=9.188 | tok/s=13,996 | tokens=4.54B
step=138600 | loss=4.9730 | lr=2.95e-04 | wd=0.0092 | mom=0.9500 | T=12.2 k=4.0 (mu_rec=8 mu_bwd=4) | grad=3.359 | tok/s=14,337 | tokens=4.54B
step=138610 | loss=5.1346 | lr=2.95e-04 | wd=0.0092 | mom=0.9500 | T=8.5 k=4.0 (mu_rec=8 mu_bwd=4) | grad=2.609 | tok/s=14,804 | tokens=4.54B
step=138620 | loss=5.0827 | lr=2.95e-04 | wd=0.0092 | mom=0.9500 | T=9.2 k=3.8 (mu_rec=8 mu_bwd=4) | grad=4.781 | tok/s=13,698 | tokens=4.54B
step=138630 | loss=5.1872 | lr=2.95e-04 | wd=0.0091 | mom=0.9500 | T=6.5 k=4.0 (mu_rec=8 mu_bwd=4) | grad=2.016 | tok/s=13,019 | tokens=4.54B
step=138640 | loss=4.8164 | lr=2.95e-04 | wd=0.0091 | mom=0.9500 | T=5.0 k=2.8 (mu_rec=8 mu_bwd=4) | grad=2.062 | tok/s=13,953 | tokens=4.54B
step=138650 | loss=5.1783 | lr=2.95e-04 | wd=0.0091 | mom=0.9500 | T=9.2 k=4.0 (mu_rec=8 mu_bwd=4) | grad=3.328 | tok/s=13,978 | tokens=4.54B
step=138660 | loss=5.1948 | lr=2.95e-04 | wd=0.0091 | mom=0.9500 | T=10.0 k=4.0 (mu_rec=8 mu_bwd=4) | grad=2.578 | tok/s=14,524 | tokens=4.54B
step=138670 | loss=4.8736 | lr=2.95e-04 | wd=0.0091 | mom=0.9500 | T=8.5 k=4.0 (mu_rec=8 mu_bwd=4) | grad=2.000 | tok/s=12,342 | tokens=4.54B
step=138680 | loss=5.1421 | lr=2.95e-04 | wd=0.0091 | mom=0.9500 | T=3.8 k=3.2 (mu_rec=8 mu_bwd=4) | grad=2.312 | tok/s=5,974 | tokens=4.54B
step=138690 | loss=5.1072 | lr=2.95e-04 | wd=0.0091 | mom=0.9500 | T=10.2 k=4.0 (mu_rec=8 mu_bwd=4) | grad=3.578 | tok/s=13,856 | tokens=4.54B
step=138700 | loss=4.8085 | lr=2.95e-04 | wd=0.0091 | mom=0.9500 | T=6.8 k=4.0 (mu_rec=8 mu_bwd=4) | grad=2.609 | tok/s=13,500 | tokens=4.54B
step=138710 | loss=4.9640 | lr=2.95e-04 | wd=0.0091 | mom=0.9500 | T=8.8 k=4.0 (mu_rec=8 mu_bwd=4) | grad=2.266 | tok/s=15,053 | tokens=4.55B
step=138720 | loss=5.1206 | lr=2.94e-04 | wd=0.0091 | mom=0.9500 | T=10.8 k=4.0 (mu_rec=8 mu_bwd=4) | grad=2.828 | tok/s=13,618 | tokens=4.55B
step=138730 | loss=4.9956 | lr=2.94e-04 | wd=0.0091 | mom=0.9500 | T=6.2 k=4.0 (mu_rec=8 mu_bwd=4) | grad=2.656 | tok/s=13,342 | tokens=4.55B
step=138740 | loss=4.8908 | lr=2.94e-04 | wd=0.0091 | mom=0.9500 | T=8.0 k=4.0 (mu_rec=8 mu_bwd=4) | grad=2.328 | tok/s=16,232 | tokens=4.55B
step=138750 | loss=4.9335 | lr=2.94e-04 | wd=0.0091 | mom=0.9500 | T=12.0 k=4.0 (mu_rec=8 mu_bwd=4) | grad=1.938 | tok/s=13,799 | tokens=4.55B
step=138760 | loss=4.9746 | lr=2.94e-04 | wd=0.0091 | mom=0.9500 | T=8.8 k=4.0 (mu_rec=8 mu_bwd=4) | grad=2.344 | tok/s=14,272 | tokens=4.55B
step=138770 | loss=4.9471 | lr=2.94e-04 | wd=0.0091 | mom=0.9500 | T=4.5 k=3.5 (mu_rec=8 mu_bwd=4) | grad=4.719 | tok/s=15,301 | tokens=4.55B
step=138780 | loss=4.8591 | lr=2.94e-04 | wd=0.0090 | mom=0.9500 | T=6.8 k=3.5 (mu_rec=8 mu_bwd=4) | grad=2.781 | tok/s=14,056 | tokens=4.55B
step=138790 | loss=4.7707 | lr=2.94e-04 | wd=0.0090 | mom=0.9500 | T=5.5 k=3.5 (mu_rec=8 mu_bwd=4) | grad=4.625 | tok/s=15,425 | tokens=4.55B
step=138800 | loss=4.9856 | lr=2.94e-04 | wd=0.0090 | mom=0.9500 | T=11.2 k=4.0 (mu_rec=8 mu_bwd=4) | grad=2.953 | tok/s=13,609 | tokens=4.55B
step=138810 | loss=4.9991 | lr=2.94e-04 | wd=0.0090 | mom=0.9500 | T=7.5 k=3.8 (mu_rec=8 mu_bwd=4) | grad=2.688 | tok/s=14,592 | tokens=4.55B
step=138820 | loss=4.9758 | lr=2.94e-04 | wd=0.0090 | mom=0.9500 | T=14.5 k=4.0 (mu_rec=8 mu_bwd=4) | grad=3.484 | tok/s=13,938 | tokens=4.55B
step=138830 | loss=4.8609 | lr=2.94e-04 | wd=0.0090 | mom=0.9500 | T=9.5 k=4.0 (mu_rec=8 mu_bwd=4) | grad=2.719 | tok/s=14,436 | tokens=4.55B
step=138840 | loss=5.3262 | lr=2.94e-04 | wd=0.0090 | mom=0.9500 | T=8.0 k=3.8 (mu_rec=8 mu_bwd=4) | grad=2.641 | tok/s=14,277 | tokens=4.55B
step=138850 | loss=5.1273 | lr=2.93e-04 | wd=0.0090 | mom=0.9500 | T=5.0 k=2.8 (mu_rec=8 mu_bwd=4) | grad=2.797 | tok/s=14,347 | tokens=4.55B
step=138860 | loss=5.3498 | lr=2.93e-04 | wd=0.0090 | mom=0.9500 | T=10.0 k=3.2 (mu_rec=8 mu_bwd=4) | grad=2.953 | tok/s=15,142 | tokens=4.55B
step=138870 | loss=5.3568 | lr=2.93e-04 | wd=0.0090 | mom=0.9500 | T=5.2 k=4.0 (mu_rec=8 mu_bwd=4) | grad=4.469 | tok/s=14,604 | tokens=4.55B
step=138880 | loss=5.2951 | lr=2.93e-04 | wd=0.0090 | mom=0.9500 | T=7.0 k=3.8 (mu_rec=8 mu_bwd=4) | grad=2.500 | tok/s=13,650 | tokens=4.55B
step=138890 | loss=5.0547 | lr=2.93e-04 | wd=0.0090 | mom=0.9500 | T=8.2 k=4.0 (mu_rec=8 mu_bwd=4) | grad=2.453 | tok/s=13,236 | tokens=4.55B
step=138900 | loss=4.9299 | lr=2.93e-04 | wd=0.0090 | mom=0.9500 | T=6.2 k=3.2 (mu_rec=8 mu_bwd=4) | grad=2.672 | tok/s=13,810 | tokens=4.55B
step=138910 | loss=4.7767 | lr=2.93e-04 | wd=0.0090 | mom=0.9500 | T=9.5 k=4.0 (mu_rec=8 mu_bwd=4) | grad=2.234 | tok/s=13,810 | tokens=4.55B
step=138920 | loss=4.6809 | lr=2.93e-04 | wd=0.0090 | mom=0.9500 | T=8.8 k=4.0 (mu_rec=8 mu_bwd=4) | grad=2.297 | tok/s=14,188 | tokens=4.55B
step=138930 | loss=4.8520 | lr=2.93e-04 | wd=0.0089 | mom=0.9500 | T=11.0 k=4.0 (mu_rec=8 mu_bwd=4) | grad=2.656 | tok/s=15,134 | tokens=4.55B
step=138940 | loss=4.9232 | lr=2.93e-04 | wd=0.0089 | mom=0.9500 | T=10.0 k=4.0 (mu_rec=8 mu_bwd=4) | grad=1.984 | tok/s=14,465 | tokens=4.55B
step=138950 | loss=4.9799 | lr=2.93e-04 | wd=0.0089 | mom=0.9500 | T=10.2 k=4.0 (mu_rec=8 mu_bwd=4) | grad=2.266 | tok/s=12,876 | tokens=4.55B
step=138960 | loss=5.0506 | lr=2.92e-04 | wd=0.0089 | mom=0.9500 | T=11.8 k=4.0 (mu_rec=8 mu_bwd=4) | grad=2.172 | tok/s=13,726 | tokens=4.55B
step=138970 | loss=4.9498 | lr=2.92e-04 | wd=0.0089 | mom=0.9500 | T=10.0 k=4.0 (mu_rec=8 mu_bwd=4) | grad=6.438 | tok/s=13,529 | tokens=4.55B
step=138980 | loss=5.0931 | lr=2.92e-04 | wd=0.0089 | mom=0.9500 | T=6.2 k=4.0 (mu_rec=8 mu_bwd=4) | grad=4.062 | tok/s=14,499 | tokens=4.55B
step=138990 | loss=5.1276 | lr=2.92e-04 | wd=0.0089 | mom=0.9500 | T=12.8 k=4.0 (mu_rec=8 mu_bwd=4) | grad=2.172 | tok/s=14,128 | tokens=4.55B
step=139000 | loss=4.9198 | lr=2.92e-04 | wd=0.0089 | mom=0.9500 | T=4.5 k=3.5 (mu_rec=8 mu_bwd=4) | grad=5.188 | tok/s=14,522 | tokens=4.55B
step=139010 | loss=4.9436 | lr=2.92e-04 | wd=0.0089 | mom=0.9500 | T=8.5 k=4.0 (mu_rec=8 mu_bwd=4) | grad=3.953 | tok/s=14,169 | tokens=4.56B
step=139020 | loss=5.0832 | lr=2.92e-04 | wd=0.0089 | mom=0.9500 | T=7.8 k=4.0 (mu_rec=8 mu_bwd=4) | grad=2.422 | tok/s=13,640 | tokens=4.56B
step=139030 | loss=5.0346 | lr=2.92e-04 | wd=0.0089 | mom=0.9500 | T=5.8 k=3.2 (mu_rec=8 mu_bwd=4) | grad=2.703 | tok/s=15,407 | tokens=4.56B
step=139040 | loss=4.7659 | lr=2.92e-04 | wd=0.0089 | mom=0.9500 | T=5.2 k=3.8 (mu_rec=8 mu_bwd=4) | grad=2.656 | tok/s=15,218 | tokens=4.56B
step=139050 | loss=4.9915 | lr=2.92e-04 | wd=0.0089 | mom=0.9500 | T=8.2 k=4.0 (mu_rec=8 mu_bwd=4) | grad=6.031 | tok/s=5,867 | tokens=4.56B
step=139060 | loss=4.6542 | lr=2.91e-04 | wd=0.0089 | mom=0.9500 | T=9.5 k=3.2 (mu_rec=8 mu_bwd=4) | grad=4.781 | tok/s=13,896 | tokens=4.56B
step=139070 | loss=5.1043 | lr=2.91e-04 | wd=0.0089 | mom=0.9500 | T=8.8 k=4.0 (mu_rec=8 mu_bwd=4) | grad=2.453 | tok/s=14,308 | tokens=4.56B
step=139080 | loss=5.0131 | lr=2.91e-04 | wd=0.0089 | mom=0.9500 | T=7.8 k=3.5 (mu_rec=8 mu_bwd=4) | grad=1.961 | tok/s=14,466 | tokens=4.56B
step=139090 | loss=4.7678 | lr=2.91e-04 | wd=0.0088 | mom=0.9500 | T=5.8 k=4.0 (mu_rec=8 mu_bwd=4) | grad=3.766 | tok/s=14,529 | tokens=4.56B
step=139100 | loss=4.9909 | lr=2.91e-04 | wd=0.0088 | mom=0.9500 | T=7.0 k=4.0 (mu_rec=8 mu_bwd=4) | grad=2.172 | tok/s=14,614 | tokens=4.56B
step=139110 | loss=5.0949 | lr=2.91e-04 | wd=0.0088 | mom=0.9500 | T=6.2 k=3.5 (mu_rec=8 mu_bwd=4) | grad=3.484 | tok/s=13,516 | tokens=4.56B
step=139120 | loss=5.1899 | lr=2.91e-04 | wd=0.0088 | mom=0.9500 | T=7.5 k=3.2 (mu_rec=8 mu_bwd=4) | grad=13.812 | tok/s=14,429 | tokens=4.56B
step=139130 | loss=4.9318 | lr=2.91e-04 | wd=0.0088 | mom=0.9500 | T=11.5 k=3.8 (mu_rec=8 mu_bwd=4) | grad=3.516 | tok/s=13,565 | tokens=4.56B
step=139140 | loss=4.9892 | lr=2.91e-04 | wd=0.0088 | mom=0.9500 | T=6.8 k=4.0 (mu_rec=8 mu_bwd=4) | grad=2.125 | tok/s=14,529 | tokens=4.56B
step=139150 | loss=5.1286 | lr=2.91e-04 | wd=0.0088 | mom=0.9500 | T=7.5 k=3.5 (mu_rec=8 mu_bwd=4) | grad=5.438 | tok/s=14,401 | tokens=4.56B
step=139160 | loss=5.1639 | lr=2.90e-04 | wd=0.0088 | mom=0.9500 | T=9.5 k=3.8 (mu_rec=8 mu_bwd=4) | grad=3.797 | tok/s=13,280 | tokens=4.56B
step=139170 | loss=4.6914 | lr=2.90e-04 | wd=0.0088 | mom=0.9500 | T=7.2 k=4.0 (mu_rec=8 mu_bwd=4) | grad=3.828 | tok/s=12,788 | tokens=4.56B
step=139180 | loss=4.8313 | lr=2.90e-04 | wd=0.0088 | mom=0.9500 | T=8.0 k=4.0 (mu_rec=8 mu_bwd=4) | grad=3.297 | tok/s=13,674 | tokens=4.56B
step=139190 | loss=4.9767 | lr=2.90e-04 | wd=0.0088 | mom=0.9500 | T=15.0 k=4.0 (mu_rec=8 mu_bwd=4) | grad=2.797 | tok/s=13,258 | tokens=4.56B
step=139200 | loss=4.9302 | lr=2.90e-04 | wd=0.0088 | mom=0.9500 | T=11.8 k=3.5 (mu_rec=8 mu_bwd=4) | grad=2.109 | tok/s=14,987 | tokens=4.56B
step=139210 | loss=5.0752 | lr=2.90e-04 | wd=0.0088 | mom=0.9500 | T=9.0 k=3.2 (mu_rec=8 mu_bwd=4) | grad=2.125 | tok/s=14,405 | tokens=4.56B
step=139220 | loss=4.8966 | lr=2.90e-04 | wd=0.0088 | mom=0.9500 | T=13.2 k=4.0 (mu_rec=8 mu_bwd=4) | grad=3.000 | tok/s=13,815 | tokens=4.56B
step=139230 | loss=4.9094 | lr=2.90e-04 | wd=0.0088 | mom=0.9500 | T=8.8 k=4.0 (mu_rec=8 mu_bwd=4) | grad=3.562 | tok/s=14,470 | tokens=4.56B
step=139240 | loss=4.9513 | lr=2.90e-04 | wd=0.0087 | mom=0.9500 | T=12.0 k=3.5 (mu_rec=8 mu_bwd=4) | grad=2.562 | tok/s=13,221 | tokens=4.56B
step=139250 | loss=5.0044 | lr=2.90e-04 | wd=0.0087 | mom=0.9500 | T=3.0 k=2.8 (mu_rec=8 mu_bwd=4) | grad=2.797 | tok/s=15,587 | tokens=4.56B
step=139260 | loss=4.9896 | lr=2.89e-04 | wd=0.0087 | mom=0.9500 | T=7.0 k=4.0 (mu_rec=8 mu_bwd=4) | grad=2.625 | tok/s=14,292 | tokens=4.56B
step=139270 | loss=5.0302 | lr=2.89e-04 | wd=0.0087 | mom=0.9500 | T=8.8 k=4.0 (mu_rec=8 mu_bwd=4) | grad=2.688 | tok/s=12,570 | tokens=4.56B
step=139280 | loss=4.9416 | lr=2.89e-04 | wd=0.0087 | mom=0.9500 | T=10.5 k=4.0 (mu_rec=8 mu_bwd=4) | grad=1.773 | tok/s=13,767 | tokens=4.56B
step=139290 | loss=4.8458 | lr=2.89e-04 | wd=0.0087 | mom=0.9500 | T=8.0 k=4.0 (mu_rec=8 mu_bwd=4) | grad=2.562 | tok/s=14,345 | tokens=4.56B
step=139300 | loss=5.0337 | lr=2.89e-04 | wd=0.0087 | mom=0.9500 | T=11.2 k=3.8 (mu_rec=8 mu_bwd=4) | grad=1.734 | tok/s=14,244 | tokens=4.56B
step=139310 | loss=5.1021 | lr=2.89e-04 | wd=0.0087 | mom=0.9500 | T=8.8 k=4.0 (mu_rec=8 mu_bwd=4) | grad=2.438 | tok/s=13,105 | tokens=4.56B
step=139320 | loss=4.9364 | lr=2.89e-04 | wd=0.0087 | mom=0.9500 | T=7.2 k=3.2 (mu_rec=8 mu_bwd=4) | grad=2.562 | tok/s=15,006 | tokens=4.57B
step=139330 | loss=5.0060 | lr=2.89e-04 | wd=0.0087 | mom=0.9500 | T=8.0 k=4.0 (mu_rec=8 mu_bwd=4) | grad=1.695 | tok/s=14,615 | tokens=4.57B
step=139340 | loss=4.8165 | lr=2.89e-04 | wd=0.0087 | mom=0.9500 | T=4.8 k=3.2 (mu_rec=8 mu_bwd=4) | grad=2.750 | tok/s=14,274 | tokens=4.57B
step=139350 | loss=5.0863 | lr=2.88e-04 | wd=0.0087 | mom=0.9500 | T=6.2 k=4.0 (mu_rec=8 mu_bwd=4) | grad=3.594 | tok/s=13,084 | tokens=4.57B
step=139360 | loss=5.0853 | lr=2.88e-04 | wd=0.0087 | mom=0.9500 | T=6.2 k=3.5 (mu_rec=8 mu_bwd=4) | grad=2.156 | tok/s=15,242 | tokens=4.57B
step=139370 | loss=4.9706 | lr=2.88e-04 | wd=0.0087 | mom=0.9500 | T=10.5 k=4.0 (mu_rec=8 mu_bwd=4) | grad=2.359 | tok/s=14,747 | tokens=4.57B
step=139380 | loss=5.0418 | lr=2.88e-04 | wd=0.0087 | mom=0.9500 | T=7.5 k=4.0 (mu_rec=8 mu_bwd=4) | grad=2.281 | tok/s=14,884 | tokens=4.57B
step=139390 | loss=4.8950 | lr=2.88e-04 | wd=0.0086 | mom=0.9500 | T=4.5 k=3.5 (mu_rec=8 mu_bwd=4) | grad=2.688 | tok/s=14,690 | tokens=4.57B
step=139400 | loss=4.9482 | lr=2.88e-04 | wd=0.0086 | mom=0.9500 | T=7.2 k=3.8 (mu_rec=8 mu_bwd=4) | grad=3.219 | tok/s=14,306 | tokens=4.57B
step=139410 | loss=4.9750 | lr=2.88e-04 | wd=0.0086 | mom=0.9500 | T=7.5 k=4.0 (mu_rec=8 mu_bwd=4) | grad=2.047 | tok/s=14,143 | tokens=4.57B
step=139420 | loss=4.9759 | lr=2.88e-04 | wd=0.0086 | mom=0.9500 | T=5.0 k=3.2 (mu_rec=8 mu_bwd=4) | grad=4.625 | tok/s=15,201 | tokens=4.57B
step=139430 | loss=5.1143 | lr=2.88e-04 | wd=0.0086 | mom=0.9500 | T=10.2 k=4.0 (mu_rec=8 mu_bwd=4) | grad=1.648 | tok/s=14,052 | tokens=4.57B
step=139440 | loss=5.0155 | lr=2.87e-04 | wd=0.0086 | mom=0.9500 | T=6.2 k=3.2 (mu_rec=8 mu_bwd=4) | grad=3.234 | tok/s=15,096 | tokens=4.57B
step=139450 | loss=4.8745 | lr=2.87e-04 | wd=0.0086 | mom=0.9500 | T=6.0 k=3.0 (mu_rec=8 mu_bwd=4) | grad=2.438 | tok/s=15,197 | tokens=4.57B
step=139460 | loss=5.1067 | lr=2.87e-04 | wd=0.0086 | mom=0.9500 | T=8.8 k=4.0 (mu_rec=8 mu_bwd=4) | grad=2.281 | tok/s=13,486 | tokens=4.57B
step=139470 | loss=4.7140 | lr=2.87e-04 | wd=0.0086 | mom=0.9500 | T=6.0 k=4.0 (mu_rec=8 mu_bwd=4) | grad=2.281 | tok/s=13,687 | tokens=4.57B
step=139480 | loss=5.3073 | lr=2.87e-04 | wd=0.0086 | mom=0.9500 | T=6.5 k=4.0 (mu_rec=8 mu_bwd=4) | grad=2.672 | tok/s=14,569 | tokens=4.57B
step=139490 | loss=4.8755 | lr=2.87e-04 | wd=0.0086 | mom=0.9500 | T=8.2 k=3.2 (mu_rec=8 mu_bwd=4) | grad=3.469 | tok/s=14,068 | tokens=4.57B
step=139500 | loss=5.0215 | lr=2.87e-04 | wd=0.0086 | mom=0.9500 | T=7.5 k=3.8 (mu_rec=8 mu_bwd=4) | grad=2.391 | tok/s=14,309 | tokens=4.57B
step=139510 | loss=5.2643 | lr=2.87e-04 | wd=0.0086 | mom=0.9500 | T=7.0 k=3.2 (mu_rec=8 mu_bwd=4) | grad=4.531 | tok/s=13,684 | tokens=4.57B
step=139520 | loss=4.8967 | lr=2.86e-04 | wd=0.0086 | mom=0.9500 | T=9.0 k=4.0 (mu_rec=8 mu_bwd=4) | grad=2.594 | tok/s=14,956 | tokens=4.57B
step=139530 | loss=4.9653 | lr=2.86e-04 | wd=0.0086 | mom=0.9500 | T=5.2 k=3.5 (mu_rec=8 mu_bwd=4) | grad=3.578 | tok/s=13,838 | tokens=4.57B
step=139540 | loss=4.9350 | lr=2.86e-04 | wd=0.0085 | mom=0.9500 | T=7.2 k=3.5 (mu_rec=8 mu_bwd=4) | grad=3.000 | tok/s=14,154 | tokens=4.57B
step=139550 | loss=4.9321 | lr=2.86e-04 | wd=0.0085 | mom=0.9500 | T=10.2 k=4.0 (mu_rec=8 mu_bwd=4) | grad=3.047 | tok/s=6,062 | tokens=4.57B
step=139560 | loss=4.8608 | lr=2.86e-04 | wd=0.0085 | mom=0.9500 | T=5.2 k=3.8 (mu_rec=8 mu_bwd=4) | grad=3.531 | tok/s=14,505 | tokens=4.57B
step=139570 | loss=5.2700 | lr=2.86e-04 | wd=0.0085 | mom=0.9500 | T=7.0 k=4.0 (mu_rec=8 mu_bwd=4) | grad=3.703 | tok/s=16,018 | tokens=4.57B
step=139580 | loss=4.9318 | lr=2.86e-04 | wd=0.0085 | mom=0.9500 | T=7.5 k=3.8 (mu_rec=8 mu_bwd=4) | grad=2.781 | tok/s=13,751 | tokens=4.57B
step=139590 | loss=4.8922 | lr=2.86e-04 | wd=0.0085 | mom=0.9500 | T=3.5 k=3.0 (mu_rec=8 mu_bwd=4) | grad=2.688 | tok/s=14,214 | tokens=4.57B
step=139600 | loss=5.1955 | lr=2.85e-04 | wd=0.0085 | mom=0.9500 | T=7.8 k=3.2 (mu_rec=8 mu_bwd=4) | grad=3.141 | tok/s=15,088 | tokens=4.57B
step=139610 | loss=5.1579 | lr=2.85e-04 | wd=0.0085 | mom=0.9500 | T=4.2 k=2.8 (mu_rec=8 mu_bwd=4) | grad=2.844 | tok/s=14,678 | tokens=4.57B
step=139620 | loss=5.0058 | lr=2.85e-04 | wd=0.0085 | mom=0.9500 | T=6.5 k=3.2 (mu_rec=8 mu_bwd=4) | grad=2.422 | tok/s=14,176 | tokens=4.58B
step=139630 | loss=4.9652 | lr=2.85e-04 | wd=0.0085 | mom=0.9500 | T=4.5 k=3.2 (mu_rec=8 mu_bwd=4) | grad=2.812 | tok/s=14,593 | tokens=4.58B
step=139640 | loss=4.9103 | lr=2.85e-04 | wd=0.0085 | mom=0.9500 | T=12.5 k=3.5 (mu_rec=8 mu_bwd=4) | grad=8.375 | tok/s=13,735 | tokens=4.58B
step=139650 | loss=4.8028 | lr=2.85e-04 | wd=0.0085 | mom=0.9500 | T=16.5 k=3.8 (mu_rec=8 mu_bwd=4) | grad=2.250 | tok/s=14,480 | tokens=4.58B
step=139660 | loss=4.8274 | lr=2.85e-04 | wd=0.0085 | mom=0.9500 | T=10.0 k=4.0 (mu_rec=8 mu_bwd=4) | grad=1.898 | tok/s=14,914 | tokens=4.58B
step=139670 | loss=4.8879 | lr=2.85e-04 | wd=0.0085 | mom=0.9500 | T=6.0 k=3.2 (mu_rec=8 mu_bwd=4) | grad=2.484 | tok/s=14,051 | tokens=4.58B
step=139680 | loss=4.8899 | lr=2.84e-04 | wd=0.0085 | mom=0.9500 | T=8.2 k=3.8 (mu_rec=8 mu_bwd=4) | grad=2.422 | tok/s=14,185 | tokens=4.58B
step=139690 | loss=5.0352 | lr=2.84e-04 | wd=0.0085 | mom=0.9500 | T=7.2 k=3.5 (mu_rec=8 mu_bwd=4) | grad=3.750 | tok/s=14,720 | tokens=4.58B
step=139700 | loss=5.0766 | lr=2.84e-04 | wd=0.0084 | mom=0.9500 | T=7.0 k=3.2 (mu_rec=8 mu_bwd=4) | grad=2.125 | tok/s=14,441 | tokens=4.58B
step=139710 | loss=4.9324 | lr=2.84e-04 | wd=0.0084 | mom=0.9500 | T=7.5 k=3.8 (mu_rec=8 mu_bwd=4) | grad=3.531 | tok/s=14,779 | tokens=4.58B
step=139720 | loss=4.7383 | lr=2.84e-04 | wd=0.0084 | mom=0.9500 | T=6.8 k=3.8 (mu_rec=8 mu_bwd=4) | grad=2.891 | tok/s=13,468 | tokens=4.58B
step=139730 | loss=5.0054 | lr=2.84e-04 | wd=0.0084 | mom=0.9500 | T=8.8 k=4.0 (mu_rec=8 mu_bwd=4) | grad=1.781 | tok/s=15,188 | tokens=4.58B
step=139740 | loss=4.9691 | lr=2.84e-04 | wd=0.0084 | mom=0.9500 | T=8.2 k=4.0 (mu_rec=8 mu_bwd=4) | grad=6.125 | tok/s=13,996 | tokens=4.58B
step=139750 | loss=4.8849 | lr=2.84e-04 | wd=0.0084 | mom=0.9500 | T=12.2 k=4.0 (mu_rec=8 mu_bwd=4) | grad=2.984 | tok/s=13,485 | tokens=4.58B
step=139760 | loss=4.8926 | lr=2.83e-04 | wd=0.0084 | mom=0.9500 | T=7.0 k=3.8 (mu_rec=8 mu_bwd=4) | grad=4.375 | tok/s=14,249 | tokens=4.58B
step=139770 | loss=4.8232 | lr=2.83e-04 | wd=0.0084 | mom=0.9500 | T=8.2 k=4.0 (mu_rec=8 mu_bwd=4) | grad=1.984 | tok/s=14,616 | tokens=4.58B
step=139780 | loss=5.0125 | lr=2.83e-04 | wd=0.0084 | mom=0.9500 | T=11.2 k=4.0 (mu_rec=8 mu_bwd=4) | grad=6.594 | tok/s=13,704 | tokens=4.58B
step=139790 | loss=4.8874 | lr=2.83e-04 | wd=0.0084 | mom=0.9500 | T=7.0 k=4.0 (mu_rec=8 mu_bwd=4) | grad=3.734 | tok/s=14,413 | tokens=4.58B
step=139800 | loss=4.9116 | lr=2.83e-04 | wd=0.0084 | mom=0.9500 | T=5.2 k=3.8 (mu_rec=8 mu_bwd=4) | grad=2.375 | tok/s=13,514 | tokens=4.58B
step=139810 | loss=4.9598 | lr=2.83e-04 | wd=0.0084 | mom=0.9500 | T=10.5 k=4.0 (mu_rec=8 mu_bwd=4) | grad=2.250 | tok/s=13,076 | tokens=4.58B
step=139820 | loss=4.9280 | lr=2.83e-04 | wd=0.0084 | mom=0.9500 | T=9.0 k=4.0 (mu_rec=8 mu_bwd=4) | grad=2.375 | tok/s=14,608 | tokens=4.58B
step=139830 | loss=4.9537 | lr=2.82e-04 | wd=0.0084 | mom=0.9500 | T=6.2 k=3.5 (mu_rec=8 mu_bwd=4) | grad=2.438 | tok/s=14,792 | tokens=4.58B
step=139840 | loss=4.7522 | lr=2.82e-04 | wd=0.0084 | mom=0.9500 | T=7.2 k=3.8 (mu_rec=8 mu_bwd=4) | grad=2.625 | tok/s=13,964 | tokens=4.58B
step=139850 | loss=4.7290 | lr=2.82e-04 | wd=0.0083 | mom=0.9500 | T=7.5 k=4.0 (mu_rec=8 mu_bwd=4) | grad=2.562 | tok/s=14,272 | tokens=4.58B
step=139860 | loss=4.8307 | lr=2.82e-04 | wd=0.0083 | mom=0.9500 | T=10.5 k=4.0 (mu_rec=8 mu_bwd=4) | grad=2.062 | tok/s=12,396 | tokens=4.58B
step=139870 | loss=5.1301 | lr=2.82e-04 | wd=0.0083 | mom=0.9500 | T=7.8 k=3.8 (mu_rec=8 mu_bwd=4) | grad=3.688 | tok/s=14,907 | tokens=4.58B
step=139880 | loss=5.1765 | lr=2.82e-04 | wd=0.0083 | mom=0.9500 | T=7.2 k=4.0 (mu_rec=8 mu_bwd=4) | grad=2.469 | tok/s=14,771 | tokens=4.58B
step=139890 | loss=5.1377 | lr=2.82e-04 | wd=0.0083 | mom=0.9500 | T=6.8 k=3.5 (mu_rec=8 mu_bwd=4) | grad=4.500 | tok/s=15,320 | tokens=4.58B
step=139900 | loss=5.4227 | lr=2.81e-04 | wd=0.0083 | mom=0.9500 | T=7.5 k=4.0 (mu_rec=8 mu_bwd=4) | grad=3.297 | tok/s=14,081 | tokens=4.58B
step=139910 | loss=5.0722 | lr=2.81e-04 | wd=0.0083 | mom=0.9500 | T=6.5 k=4.0 (mu_rec=8 mu_bwd=4) | grad=2.609 | tok/s=14,187 | tokens=4.58B
step=139920 | loss=5.1527 | lr=2.81e-04 | wd=0.0083 | mom=0.9500 | T=9.8 k=3.5 (mu_rec=8 mu_bwd=4) | grad=2.281 | tok/s=14,477 | tokens=4.58B
step=139930 | loss=5.0090 | lr=2.81e-04 | wd=0.0083 | mom=0.9500 | T=5.5 k=3.5 (mu_rec=8 mu_bwd=4) | grad=4.594 | tok/s=14,842 | tokens=4.59B
step=139940 | loss=5.0808 | lr=2.81e-04 | wd=0.0083 | mom=0.9500 | T=12.5 k=4.0 (mu_rec=8 mu_bwd=4) | grad=2.969 | tok/s=5,934 | tokens=4.59B
step=139950 | loss=4.9838 | lr=2.81e-04 | wd=0.0083 | mom=0.9500 | T=7.8 k=4.0 (mu_rec=8 mu_bwd=4) | grad=2.734 | tok/s=13,951 | tokens=4.59B
step=139960 | loss=4.9764 | lr=2.81e-04 | wd=0.0083 | mom=0.9500 | T=6.2 k=4.0 (mu_rec=8 mu_bwd=4) | grad=2.781 | tok/s=15,615 | tokens=4.59B
step=139970 | loss=4.9669 | lr=2.80e-04 | wd=0.0083 | mom=0.9500 | T=5.0 k=3.2 (mu_rec=8 mu_bwd=4) | grad=2.578 | tok/s=14,590 | tokens=4.59B
step=139980 | loss=5.0733 | lr=2.80e-04 | wd=0.0083 | mom=0.9500 | T=10.0 k=4.0 (mu_rec=8 mu_bwd=4) | grad=2.266 | tok/s=15,334 | tokens=4.59B
step=139990 | loss=4.9366 | lr=2.80e-04 | wd=0.0083 | mom=0.9500 | T=7.8 k=3.8 (mu_rec=8 mu_bwd=4) | grad=3.344 | tok/s=13,536 | tokens=4.59B
step=140000 | loss=4.9412 | lr=2.80e-04 | wd=0.0082 | mom=0.9500 | T=8.2 k=4.0 (mu_rec=8 mu_bwd=4) | grad=10.812 | tok/s=14,297 | tokens=4.59B
[step 140000] Saved -> runs/ccot-5b/checkpoint_0140000
[step 140000] Pruned -> runs/ccot-5b/checkpoint_0134000
step=140010 | loss=4.9580 | lr=2.80e-04 | wd=0.0082 | mom=0.9500 | T=8.8 k=4.0 (mu_rec=8 mu_bwd=4) | grad=6.781 | tok/s=14,090 | tokens=4.59B
step=140020 | loss=4.8834 | lr=2.80e-04 | wd=0.0082 | mom=0.9500 | T=7.8 k=3.2 (mu_rec=8 mu_bwd=4) | grad=3.703 | tok/s=14,268 | tokens=4.59B
step=140030 | loss=5.1021 | lr=2.80e-04 | wd=0.0082 | mom=0.9500 | T=8.2 k=3.8 (mu_rec=8 mu_bwd=4) | grad=3.531 | tok/s=15,433 | tokens=4.59B
step=140040 | loss=4.9397 | lr=2.79e-04 | wd=0.0082 | mom=0.9500 | T=6.5 k=3.5 (mu_rec=8 mu_bwd=4) | grad=2.562 | tok/s=14,109 | tokens=4.59B
step=140050 | loss=4.9977 | lr=2.79e-04 | wd=0.0082 | mom=0.9500 | T=10.0 k=4.0 (mu_rec=8 mu_bwd=4) | grad=2.281 | tok/s=12,175 | tokens=4.59B
step=140060 | loss=5.0785 | lr=2.79e-04 | wd=0.0082 | mom=0.9500 | T=9.5 k=3.5 (mu_rec=8 mu_bwd=4) | grad=5.250 | tok/s=14,125 | tokens=4.59B
step=140070 | loss=5.6917 | lr=2.79e-04 | wd=0.0082 | mom=0.9500 | T=7.0 k=3.8 (mu_rec=8 mu_bwd=4) | grad=3.125 | tok/s=14,131 | tokens=4.59B
step=140080 | loss=5.1222 | lr=2.79e-04 | wd=0.0082 | mom=0.9500 | T=4.8 k=3.0 (mu_rec=8 mu_bwd=4) | grad=3.922 | tok/s=14,526 | tokens=4.59B
step=140090 | loss=4.7466 | lr=2.79e-04 | wd=0.0082 | mom=0.9500 | T=10.2 k=4.0 (mu_rec=8 mu_bwd=4) | grad=2.844 | tok/s=14,414 | tokens=4.59B
step=140100 | loss=4.9400 | lr=2.79e-04 | wd=0.0082 | mom=0.9500 | T=8.0 k=3.5 (mu_rec=8 mu_bwd=4) | grad=2.391 | tok/s=13,961 | tokens=4.59B
step=140110 | loss=4.9117 | lr=2.78e-04 | wd=0.0082 | mom=0.9500 | T=5.8 k=4.0 (mu_rec=8 mu_bwd=4) | grad=2.469 | tok/s=14,263 | tokens=4.59B
step=140120 | loss=5.0144 | lr=2.78e-04 | wd=0.0082 | mom=0.9500 | T=3.5 k=3.5 (mu_rec=8 mu_bwd=4) | grad=3.250 | tok/s=14,982 | tokens=4.59B
step=140130 | loss=5.0878 | lr=2.78e-04 | wd=0.0082 | mom=0.9500 | T=9.8 k=4.0 (mu_rec=8 mu_bwd=4) | grad=1.555 | tok/s=14,110 | tokens=4.59B
step=140140 | loss=5.0653 | lr=2.78e-04 | wd=0.0082 | mom=0.9500 | T=11.0 k=4.0 (mu_rec=8 mu_bwd=4) | grad=2.531 | tok/s=14,164 | tokens=4.59B
step=140150 | loss=5.1625 | lr=2.78e-04 | wd=0.0081 | mom=0.9500 | T=7.2 k=3.2 (mu_rec=8 mu_bwd=4) | grad=5.594 | tok/s=14,768 | tokens=4.59B
step=140160 | loss=4.9840 | lr=2.78e-04 | wd=0.0081 | mom=0.9500 | T=4.8 k=3.2 (mu_rec=8 mu_bwd=4) | grad=5.469 | tok/s=15,350 | tokens=4.59B
step=140170 | loss=5.0501 | lr=2.78e-04 | wd=0.0081 | mom=0.9500 | T=7.0 k=3.5 (mu_rec=8 mu_bwd=4) | grad=6.812 | tok/s=14,858 | tokens=4.59B
step=140180 | loss=4.9077 | lr=2.77e-04 | wd=0.0081 | mom=0.9500 | T=5.2 k=3.2 (mu_rec=8 mu_bwd=4) | grad=5.656 | tok/s=13,876 | tokens=4.59B
step=140190 | loss=4.9198 | lr=2.77e-04 | wd=0.0081 | mom=0.9500 | T=8.0 k=3.0 (mu_rec=8 mu_bwd=4) | grad=3.031 | tok/s=14,556 | tokens=4.59B
step=140200 | loss=5.0829 | lr=2.77e-04 | wd=0.0081 | mom=0.9500 | T=7.0 k=4.0 (mu_rec=8 mu_bwd=4) | grad=2.969 | tok/s=14,566 | tokens=4.59B
step=140210 | loss=4.7779 | lr=2.77e-04 | wd=0.0081 | mom=0.9500 | T=6.0 k=4.0 (mu_rec=8 mu_bwd=4) | grad=2.109 | tok/s=13,670 | tokens=4.59B
step=140220 | loss=4.8731 | lr=2.77e-04 | wd=0.0081 | mom=0.9500 | T=12.0 k=3.8 (mu_rec=8 mu_bwd=4) | grad=4.281 | tok/s=13,914 | tokens=4.59B
step=140230 | loss=5.0445 | lr=2.77e-04 | wd=0.0081 | mom=0.9500 | T=7.0 k=3.8 (mu_rec=8 mu_bwd=4) | grad=2.719 | tok/s=14,604 | tokens=4.60B
step=140240 | loss=4.9550 | lr=2.76e-04 | wd=0.0081 | mom=0.9500 | T=5.5 k=4.0 (mu_rec=8 mu_bwd=4) | grad=4.594 | tok/s=13,963 | tokens=4.60B
step=140250 | loss=4.9467 | lr=2.76e-04 | wd=0.0081 | mom=0.9500 | T=6.0 k=4.0 (mu_rec=8 mu_bwd=4) | grad=2.766 | tok/s=14,825 | tokens=4.60B
step=140260 | loss=4.9481 | lr=2.76e-04 | wd=0.0081 | mom=0.9500 | T=8.2 k=4.0 (mu_rec=8 mu_bwd=4) | grad=2.422 | tok/s=15,469 | tokens=4.60B
step=140270 | loss=5.1640 | lr=2.76e-04 | wd=0.0081 | mom=0.9500 | T=10.0 k=3.8 (mu_rec=8 mu_bwd=4) | grad=2.844 | tok/s=13,193 | tokens=4.60B
step=140280 | loss=5.1056 | lr=2.76e-04 | wd=0.0081 | mom=0.9500 | T=6.8 k=4.0 (mu_rec=8 mu_bwd=4) | grad=5.188 | tok/s=14,243 | tokens=4.60B
step=140290 | loss=4.9073 | lr=2.76e-04 | wd=0.0081 | mom=0.9500 | T=6.2 k=4.0 (mu_rec=8 mu_bwd=4) | grad=3.422 | tok/s=13,676 | tokens=4.60B
step=140300 | loss=4.9521 | lr=2.75e-04 | wd=0.0081 | mom=0.9500 | T=8.5 k=4.0 (mu_rec=8 mu_bwd=4) | grad=2.609 | tok/s=13,814 | tokens=4.60B
step=140310 | loss=5.2048 | lr=2.75e-04 | wd=0.0080 | mom=0.9500 | T=9.2 k=3.5 (mu_rec=8 mu_bwd=4) | grad=3.328 | tok/s=14,405 | tokens=4.60B
step=140320 | loss=5.2676 | lr=2.75e-04 | wd=0.0080 | mom=0.9500 | T=7.5 k=4.0 (mu_rec=8 mu_bwd=4) | grad=2.797 | tok/s=14,299 | tokens=4.60B
step=140330 | loss=4.8259 | lr=2.75e-04 | wd=0.0080 | mom=0.9500 | T=5.5 k=4.0 (mu_rec=8 mu_bwd=4) | grad=3.344 | tok/s=15,960 | tokens=4.60B
step=140340 | loss=5.0414 | lr=2.75e-04 | wd=0.0080 | mom=0.9500 | T=11.0 k=4.0 (mu_rec=8 mu_bwd=4) | grad=2.109 | tok/s=14,077 | tokens=4.60B
step=140350 | loss=5.1215 | lr=2.75e-04 | wd=0.0080 | mom=0.9500 | T=9.2 k=3.8 (mu_rec=8 mu_bwd=4) | grad=3.328 | tok/s=13,161 | tokens=4.60B
step=140360 | loss=4.9835 | lr=2.75e-04 | wd=0.0080 | mom=0.9500 | T=5.0 k=3.2 (mu_rec=8 mu_bwd=4) | grad=1.836 | tok/s=15,331 | tokens=4.60B
step=140370 | loss=4.8537 | lr=2.74e-04 | wd=0.0080 | mom=0.9500 | T=10.2 k=4.0 (mu_rec=8 mu_bwd=4) | grad=2.406 | tok/s=14,521 | tokens=4.60B
step=140380 | loss=5.1338 | lr=2.74e-04 | wd=0.0080 | mom=0.9500 | T=11.5 k=4.0 (mu_rec=8 mu_bwd=4) | grad=3.531 | tok/s=13,539 | tokens=4.60B
step=140390 | loss=5.1353 | lr=2.74e-04 | wd=0.0080 | mom=0.9500 | T=7.5 k=3.8 (mu_rec=8 mu_bwd=4) | grad=2.672 | tok/s=13,592 | tokens=4.60B
step=140400 | loss=5.1738 | lr=2.74e-04 | wd=0.0080 | mom=0.9500 | T=12.8 k=4.0 (mu_rec=8 mu_bwd=4) | grad=4.938 | tok/s=13,306 | tokens=4.60B
step=140410 | loss=5.0713 | lr=2.74e-04 | wd=0.0080 | mom=0.9500 | T=7.8 k=3.2 (mu_rec=8 mu_bwd=4) | grad=2.531 | tok/s=14,176 | tokens=4.60B
step=140420 | loss=5.0548 | lr=2.74e-04 | wd=0.0080 | mom=0.9500 | T=6.2 k=3.5 (mu_rec=8 mu_bwd=4) | grad=2.516 | tok/s=14,294 | tokens=4.60B
step=140430 | loss=4.9458 | lr=2.73e-04 | wd=0.0080 | mom=0.9500 | T=5.8 k=4.0 (mu_rec=8 mu_bwd=4) | grad=2.469 | tok/s=14,452 | tokens=4.60B
step=140440 | loss=5.0768 | lr=2.73e-04 | wd=0.0080 | mom=0.9500 | T=10.0 k=4.0 (mu_rec=8 mu_bwd=4) | grad=3.469 | tok/s=13,461 | tokens=4.60B
step=140450 | loss=4.9403 | lr=2.73e-04 | wd=0.0080 | mom=0.9500 | T=6.2 k=3.5 (mu_rec=8 mu_bwd=4) | grad=5.938 | tok/s=5,923 | tokens=4.60B
step=140460 | loss=4.9897 | lr=2.73e-04 | wd=0.0079 | mom=0.9500 | T=9.5 k=4.0 (mu_rec=8 mu_bwd=4) | grad=2.969 | tok/s=13,604 | tokens=4.60B
step=140470 | loss=5.0725 | lr=2.73e-04 | wd=0.0079 | mom=0.9500 | T=7.0 k=4.0 (mu_rec=8 mu_bwd=4) | grad=2.938 | tok/s=14,845 | tokens=4.60B
step=140480 | loss=5.1678 | lr=2.73e-04 | wd=0.0079 | mom=0.9500 | T=9.5 k=4.0 (mu_rec=8 mu_bwd=4) | grad=3.031 | tok/s=13,152 | tokens=4.60B
step=140490 | loss=5.0762 | lr=2.72e-04 | wd=0.0079 | mom=0.9500 | T=8.8 k=4.0 (mu_rec=8 mu_bwd=4) | grad=4.156 | tok/s=15,312 | tokens=4.60B
step=140500 | loss=5.3517 | lr=2.72e-04 | wd=0.0079 | mom=0.9500 | T=7.2 k=4.0 (mu_rec=8 mu_bwd=4) | grad=2.031 | tok/s=13,691 | tokens=4.60B
step=140510 | loss=5.2160 | lr=2.72e-04 | wd=0.0079 | mom=0.9500 | T=3.5 k=3.0 (mu_rec=8 mu_bwd=4) | grad=3.547 | tok/s=13,723 | tokens=4.60B
step=140520 | loss=5.0948 | lr=2.72e-04 | wd=0.0079 | mom=0.9500 | T=14.2 k=4.0 (mu_rec=8 mu_bwd=4) | grad=2.484 | tok/s=12,655 | tokens=4.60B
step=140530 | loss=4.9792 | lr=2.72e-04 | wd=0.0079 | mom=0.9500 | T=7.5 k=3.2 (mu_rec=8 mu_bwd=4) | grad=2.250 | tok/s=14,592 | tokens=4.60B
step=140540 | loss=4.9895 | lr=2.72e-04 | wd=0.0079 | mom=0.9500 | T=11.5 k=4.0 (mu_rec=8 mu_bwd=4) | grad=2.156 | tok/s=13,900 | tokens=4.61B
step=140550 | loss=5.1102 | lr=2.71e-04 | wd=0.0079 | mom=0.9500 | T=9.0 k=4.0 (mu_rec=8 mu_bwd=4) | grad=2.812 | tok/s=13,282 | tokens=4.61B
step=140560 | loss=5.0187 | lr=2.71e-04 | wd=0.0079 | mom=0.9500 | T=8.2 k=4.0 (mu_rec=8 mu_bwd=4) | grad=2.266 | tok/s=14,153 | tokens=4.61B
step=140570 | loss=4.9280 | lr=2.71e-04 | wd=0.0079 | mom=0.9500 | T=8.5 k=3.8 (mu_rec=8 mu_bwd=4) | grad=2.312 | tok/s=14,682 | tokens=4.61B
step=140580 | loss=4.9473 | lr=2.71e-04 | wd=0.0079 | mom=0.9500 | T=9.2 k=3.5 (mu_rec=8 mu_bwd=4) | grad=2.672 | tok/s=13,975 | tokens=4.61B
step=140590 | loss=5.3173 | lr=2.71e-04 | wd=0.0079 | mom=0.9500 | T=4.8 k=2.2 (mu_rec=8 mu_bwd=4) | grad=5.594 | tok/s=15,762 | tokens=4.61B
step=140600 | loss=5.7155 | lr=2.70e-04 | wd=0.0079 | mom=0.9500 | T=9.8 k=3.8 (mu_rec=8 mu_bwd=4) | grad=4.156 | tok/s=13,556 | tokens=4.61B
step=140610 | loss=4.8841 | lr=2.70e-04 | wd=0.0078 | mom=0.9500 | T=7.2 k=4.0 (mu_rec=8 mu_bwd=4) | grad=2.484 | tok/s=15,173 | tokens=4.61B
step=140620 | loss=5.0549 | lr=2.70e-04 | wd=0.0078 | mom=0.9500 | T=6.5 k=4.0 (mu_rec=8 mu_bwd=4) | grad=3.000 | tok/s=13,435 | tokens=4.61B
step=140630 | loss=5.3842 | lr=2.70e-04 | wd=0.0078 | mom=0.9500 | T=7.8 k=4.0 (mu_rec=8 mu_bwd=4) | grad=3.000 | tok/s=14,340 | tokens=4.61B
step=140640 | loss=5.0572 | lr=2.70e-04 | wd=0.0078 | mom=0.9500 | T=4.5 k=4.0 (mu_rec=8 mu_bwd=4) | grad=4.719 | tok/s=15,180 | tokens=4.61B
step=140650 | loss=4.9751 | lr=2.70e-04 | wd=0.0078 | mom=0.9500 | T=4.8 k=3.2 (mu_rec=8 mu_bwd=4) | grad=4.344 | tok/s=14,482 | tokens=4.61B
step=140660 | loss=4.9272 | lr=2.69e-04 | wd=0.0078 | mom=0.9500 | T=6.2 k=4.0 (mu_rec=8 mu_bwd=4) | grad=3.672 | tok/s=15,903 | tokens=4.61B
step=140670 | loss=5.1908 | lr=2.69e-04 | wd=0.0078 | mom=0.9500 | T=4.2 k=3.0 (mu_rec=8 mu_bwd=4) | grad=5.469 | tok/s=14,367 | tokens=4.61B
step=140680 | loss=5.0174 | lr=2.69e-04 | wd=0.0078 | mom=0.9500 | T=8.0 k=4.0 (mu_rec=8 mu_bwd=4) | grad=4.562 | tok/s=13,794 | tokens=4.61B
step=140690 | loss=4.9690 | lr=2.69e-04 | wd=0.0078 | mom=0.9500 | T=9.8 k=4.0 (mu_rec=8 mu_bwd=4) | grad=3.266 | tok/s=14,841 | tokens=4.61B
step=140700 | loss=4.8575 | lr=2.69e-04 | wd=0.0078 | mom=0.9500 | T=11.8 k=4.0 (mu_rec=8 mu_bwd=4) | grad=2.109 | tok/s=14,094 | tokens=4.61B
step=140710 | loss=4.8922 | lr=2.69e-04 | wd=0.0078 | mom=0.9500 | T=6.8 k=3.2 (mu_rec=8 mu_bwd=4) | grad=3.391 | tok/s=14,965 | tokens=4.61B
step=140720 | loss=4.9496 | lr=2.68e-04 | wd=0.0078 | mom=0.9500 | T=13.2 k=3.2 (mu_rec=8 mu_bwd=4) | grad=2.750 | tok/s=13,768 | tokens=4.61B
step=140730 | loss=4.7646 | lr=2.68e-04 | wd=0.0078 | mom=0.9500 | T=6.8 k=4.0 (mu_rec=8 mu_bwd=4) | grad=2.359 | tok/s=13,904 | tokens=4.61B
step=140740 | loss=4.6988 | lr=2.68e-04 | wd=0.0078 | mom=0.9500 | T=5.2 k=4.0 (mu_rec=8 mu_bwd=4) | grad=3.375 | tok/s=14,152 | tokens=4.61B
step=140750 | loss=4.6635 | lr=2.68e-04 | wd=0.0078 | mom=0.9500 | T=9.0 k=3.8 (mu_rec=8 mu_bwd=4) | grad=2.781 | tok/s=13,633 | tokens=4.61B
step=140760 | loss=4.5517 | lr=2.68e-04 | wd=0.0077 | mom=0.9500 | T=9.8 k=4.0 (mu_rec=8 mu_bwd=4) | grad=2.516 | tok/s=14,913 | tokens=4.61B
step=140770 | loss=4.4628 | lr=2.67e-04 | wd=0.0077 | mom=0.9500 | T=5.2 k=3.2 (mu_rec=8 mu_bwd=4) | grad=2.953 | tok/s=13,665 | tokens=4.61B
step=140780 | loss=4.9278 | lr=2.67e-04 | wd=0.0077 | mom=0.9500 | T=3.8 k=3.2 (mu_rec=8 mu_bwd=4) | grad=2.922 | tok/s=15,780 | tokens=4.61B
step=140790 | loss=5.0189 | lr=2.67e-04 | wd=0.0077 | mom=0.9500 | T=5.8 k=4.0 (mu_rec=8 mu_bwd=4) | grad=2.891 | tok/s=13,436 | tokens=4.61B
step=140800 | loss=5.0410 | lr=2.67e-04 | wd=0.0077 | mom=0.9500 | T=3.8 k=3.5 (mu_rec=8 mu_bwd=4) | grad=2.906 | tok/s=14,532 | tokens=4.61B
step=140810 | loss=5.0906 | lr=2.67e-04 | wd=0.0077 | mom=0.9500 | T=4.5 k=3.8 (mu_rec=8 mu_bwd=4) | grad=3.219 | tok/s=14,288 | tokens=4.61B
step=140820 | loss=5.2878 | lr=2.67e-04 | wd=0.0077 | mom=0.9500 | T=4.5 k=4.0 (mu_rec=8 mu_bwd=4) | grad=10.062 | tok/s=14,953 | tokens=4.61B
step=140830 | loss=4.8688 | lr=2.66e-04 | wd=0.0077 | mom=0.9500 | T=7.5 k=4.0 (mu_rec=8 mu_bwd=4) | grad=2.609 | tok/s=13,584 | tokens=4.61B
step=140840 | loss=5.0107 | lr=2.66e-04 | wd=0.0077 | mom=0.9500 | T=6.2 k=3.8 (mu_rec=8 mu_bwd=4) | grad=7.312 | tok/s=6,078 | tokens=4.62B
step=140850 | loss=4.9562 | lr=2.66e-04 | wd=0.0077 | mom=0.9500 | T=14.2 k=3.8 (mu_rec=8 mu_bwd=4) | grad=4.000 | tok/s=14,170 | tokens=4.62B
step=140860 | loss=4.9762 | lr=2.66e-04 | wd=0.0077 | mom=0.9500 | T=12.5 k=3.2 (mu_rec=8 mu_bwd=4) | grad=3.531 | tok/s=14,526 | tokens=4.62B
step=140870 | loss=4.9505 | lr=2.66e-04 | wd=0.0077 | mom=0.9500 | T=7.2 k=3.5 (mu_rec=8 mu_bwd=4) | grad=2.328 | tok/s=14,275 | tokens=4.62B
step=140880 | loss=4.9704 | lr=2.65e-04 | wd=0.0077 | mom=0.9500 | T=12.8 k=4.0 (mu_rec=8 mu_bwd=4) | grad=3.141 | tok/s=12,697 | tokens=4.62B
step=140890 | loss=5.0300 | lr=2.65e-04 | wd=0.0077 | mom=0.9500 | T=8.5 k=3.2 (mu_rec=8 mu_bwd=4) | grad=3.234 | tok/s=14,285 | tokens=4.62B
step=140900 | loss=5.1111 | lr=2.65e-04 | wd=0.0077 | mom=0.9500 | T=12.5 k=3.5 (mu_rec=8 mu_bwd=4) | grad=3.562 | tok/s=14,876 | tokens=4.62B
step=140910 | loss=5.0501 | lr=2.65e-04 | wd=0.0077 | mom=0.9500 | T=11.5 k=4.0 (mu_rec=8 mu_bwd=4) | grad=3.453 | tok/s=13,468 | tokens=4.62B
step=140920 | loss=4.8590 | lr=2.65e-04 | wd=0.0076 | mom=0.9500 | T=4.8 k=2.5 (mu_rec=8 mu_bwd=4) | grad=4.562 | tok/s=14,850 | tokens=4.62B
step=140930 | loss=4.9794 | lr=2.65e-04 | wd=0.0076 | mom=0.9500 | T=4.8 k=3.0 (mu_rec=8 mu_bwd=4) | grad=2.875 | tok/s=14,531 | tokens=4.62B
step=140940 | loss=5.0946 | lr=2.64e-04 | wd=0.0076 | mom=0.9500 | T=12.8 k=3.2 (mu_rec=8 mu_bwd=4) | grad=5.188 | tok/s=13,953 | tokens=4.62B
step=140950 | loss=5.5818 | lr=2.64e-04 | wd=0.0076 | mom=0.9500 | T=10.0 k=4.0 (mu_rec=8 mu_bwd=4) | grad=3.500 | tok/s=14,374 | tokens=4.62B
step=140960 | loss=5.1355 | lr=2.64e-04 | wd=0.0076 | mom=0.9500 | T=6.5 k=4.0 (mu_rec=8 mu_bwd=4) | grad=2.656 | tok/s=14,711 | tokens=4.62B
step=140970 | loss=5.0325 | lr=2.64e-04 | wd=0.0076 | mom=0.9500 | T=11.2 k=4.0 (mu_rec=8 mu_bwd=4) | grad=2.141 | tok/s=12,967 | tokens=4.62B
step=140980 | loss=5.0923 | lr=2.64e-04 | wd=0.0076 | mom=0.9500 | T=8.2 k=3.2 (mu_rec=8 mu_bwd=4) | grad=4.781 | tok/s=14,708 | tokens=4.62B
step=140990 | loss=5.2167 | lr=2.63e-04 | wd=0.0076 | mom=0.9500 | T=14.5 k=4.0 (mu_rec=8 mu_bwd=4) | grad=7.375 | tok/s=12,805 | tokens=4.62B
step=141000 | loss=5.0934 | lr=2.63e-04 | wd=0.0076 | mom=0.9500 | T=6.5 k=4.0 (mu_rec=8 mu_bwd=4) | grad=2.688 | tok/s=15,695 | tokens=4.62B
step=141010 | loss=5.0616 | lr=2.63e-04 | wd=0.0076 | mom=0.9500 | T=3.8 k=3.0 (mu_rec=8 mu_bwd=4) | grad=2.234 | tok/s=14,110 | tokens=4.62B
step=141020 | loss=5.0477 | lr=2.63e-04 | wd=0.0076 | mom=0.9500 | T=12.8 k=4.0 (mu_rec=8 mu_bwd=4) | grad=5.000 | tok/s=14,936 | tokens=4.62B
step=141030 | loss=4.8944 | lr=2.63e-04 | wd=0.0076 | mom=0.9500 | T=5.8 k=4.0 (mu_rec=8 mu_bwd=4) | grad=1.852 | tok/s=14,954 | tokens=4.62B
step=141040 | loss=4.8561 | lr=2.62e-04 | wd=0.0076 | mom=0.9500 | T=11.0 k=4.0 (mu_rec=8 mu_bwd=4) | grad=2.922 | tok/s=14,185 | tokens=4.62B
step=141050 | loss=5.1744 | lr=2.62e-04 | wd=0.0076 | mom=0.9500 | T=7.5 k=3.5 (mu_rec=8 mu_bwd=4) | grad=4.906 | tok/s=14,256 | tokens=4.62B
step=141060 | loss=4.9340 | lr=2.62e-04 | wd=0.0076 | mom=0.9500 | T=7.2 k=3.5 (mu_rec=8 mu_bwd=4) | grad=2.953 | tok/s=13,675 | tokens=4.62B
step=141070 | loss=4.8477 | lr=2.62e-04 | wd=0.0075 | mom=0.9500 | T=8.8 k=4.0 (mu_rec=8 mu_bwd=4) | grad=2.094 | tok/s=14,611 | tokens=4.62B
step=141080 | loss=4.8051 | lr=2.62e-04 | wd=0.0075 | mom=0.9500 | T=7.0 k=3.2 (mu_rec=8 mu_bwd=4) | grad=2.391 | tok/s=15,304 | tokens=4.62B
step=141090 | loss=4.8468 | lr=2.61e-04 | wd=0.0075 | mom=0.9500 | T=9.2 k=4.0 (mu_rec=8 mu_bwd=4) | grad=6.125 | tok/s=13,736 | tokens=4.62B
step=141100 | loss=4.9956 | lr=2.61e-04 | wd=0.0075 | mom=0.9500 | T=11.2 k=4.0 (mu_rec=8 mu_bwd=4) | grad=2.609 | tok/s=12,610 | tokens=4.62B
step=141110 | loss=5.0553 | lr=2.61e-04 | wd=0.0075 | mom=0.9500 | T=8.8 k=3.5 (mu_rec=8 mu_bwd=4) | grad=2.734 | tok/s=15,242 | tokens=4.62B
step=141120 | loss=4.8030 | lr=2.61e-04 | wd=0.0075 | mom=0.9500 | T=6.2 k=3.5 (mu_rec=8 mu_bwd=4) | grad=2.016 | tok/s=14,611 | tokens=4.62B
step=141130 | loss=4.8695 | lr=2.61e-04 | wd=0.0075 | mom=0.9500 | T=10.2 k=4.0 (mu_rec=8 mu_bwd=4) | grad=4.656 | tok/s=13,022 | tokens=4.62B
step=141140 | loss=4.5492 | lr=2.60e-04 | wd=0.0075 | mom=0.9500 | T=6.8 k=3.5 (mu_rec=8 mu_bwd=4) | grad=2.594 | tok/s=15,329 | tokens=4.62B
step=141150 | loss=4.9729 | lr=2.60e-04 | wd=0.0075 | mom=0.9500 | T=5.2 k=3.5 (mu_rec=8 mu_bwd=4) | grad=2.438 | tok/s=14,464 | tokens=4.63B
step=141160 | loss=4.9772 | lr=2.60e-04 | wd=0.0075 | mom=0.9500 | T=11.5 k=4.0 (mu_rec=8 mu_bwd=4) | grad=2.109 | tok/s=14,064 | tokens=4.63B
step=141170 | loss=5.0290 | lr=2.60e-04 | wd=0.0075 | mom=0.9500 | T=9.0 k=4.0 (mu_rec=8 mu_bwd=4) | grad=2.734 | tok/s=13,854 | tokens=4.63B
step=141180 | loss=5.1462 | lr=2.60e-04 | wd=0.0075 | mom=0.9500 | T=4.5 k=3.2 (mu_rec=8 mu_bwd=4) | grad=6.344 | tok/s=14,185 | tokens=4.63B
step=141190 | loss=4.9705 | lr=2.60e-04 | wd=0.0075 | mom=0.9500 | T=10.8 k=4.0 (mu_rec=8 mu_bwd=4) | grad=2.312 | tok/s=14,271 | tokens=4.63B
step=141200 | loss=4.7626 | lr=2.59e-04 | wd=0.0075 | mom=0.9500 | T=9.0 k=4.0 (mu_rec=8 mu_bwd=4) | grad=1.852 | tok/s=14,211 | tokens=4.63B
step=141210 | loss=5.0119 | lr=2.59e-04 | wd=0.0075 | mom=0.9500 | T=5.8 k=3.2 (mu_rec=8 mu_bwd=4) | grad=2.531 | tok/s=15,052 | tokens=4.63B
step=141220 | loss=4.9083 | lr=2.59e-04 | wd=0.0074 | mom=0.9500 | T=10.8 k=4.0 (mu_rec=8 mu_bwd=4) | grad=2.406 | tok/s=15,645 | tokens=4.63B
step=141230 | loss=4.9386 | lr=2.59e-04 | wd=0.0074 | mom=0.9500 | T=8.8 k=4.0 (mu_rec=8 mu_bwd=4) | grad=2.594 | tok/s=13,523 | tokens=4.63B
step=141240 | loss=4.9342 | lr=2.59e-04 | wd=0.0074 | mom=0.9500 | T=5.0 k=3.2 (mu_rec=8 mu_bwd=4) | grad=7.688 | tok/s=15,397 | tokens=4.63B
step=141250 | loss=4.9914 | lr=2.58e-04 | wd=0.0074 | mom=0.9500 | T=10.2 k=3.8 (mu_rec=8 mu_bwd=4) | grad=2.406 | tok/s=15,312 | tokens=4.63B
step=141260 | loss=4.9282 | lr=2.58e-04 | wd=0.0074 | mom=0.9500 | T=8.0 k=4.0 (mu_rec=8 mu_bwd=4) | grad=2.328 | tok/s=15,093 | tokens=4.63B
step=141270 | loss=4.8674 | lr=2.58e-04 | wd=0.0074 | mom=0.9500 | T=7.0 k=4.0 (mu_rec=8 mu_bwd=4) | grad=3.688 | tok/s=14,729 | tokens=4.63B
step=141280 | loss=4.9531 | lr=2.58e-04 | wd=0.0074 | mom=0.9500 | T=7.5 k=4.0 (mu_rec=8 mu_bwd=4) | grad=2.375 | tok/s=13,431 | tokens=4.63B
step=141290 | loss=4.8534 | lr=2.57e-04 | wd=0.0074 | mom=0.9500 | T=6.8 k=4.0 (mu_rec=8 mu_bwd=4) | grad=3.000 | tok/s=14,393 | tokens=4.63B
step=141300 | loss=5.0326 | lr=2.57e-04 | wd=0.0074 | mom=0.9500 | T=7.8 k=4.0 (mu_rec=8 mu_bwd=4) | grad=1.938 | tok/s=13,736 | tokens=4.63B
step=141310 | loss=5.0572 | lr=2.57e-04 | wd=0.0074 | mom=0.9500 | T=7.5 k=3.8 (mu_rec=8 mu_bwd=4) | grad=4.688 | tok/s=14,184 | tokens=4.63B
step=141320 | loss=4.9157 | lr=2.57e-04 | wd=0.0074 | mom=0.9500 | T=6.2 k=3.0 (mu_rec=8 mu_bwd=4) | grad=2.594 | tok/s=16,538 | tokens=4.63B
step=141330 | loss=4.8740 | lr=2.57e-04 | wd=0.0074 | mom=0.9500 | T=6.0 k=3.5 (mu_rec=8 mu_bwd=4) | grad=2.969 | tok/s=14,376 | tokens=4.63B
step=141340 | loss=4.9279 | lr=2.56e-04 | wd=0.0074 | mom=0.9500 | T=6.2 k=3.8 (mu_rec=8 mu_bwd=4) | grad=2.328 | tok/s=14,730 | tokens=4.63B
step=141350 | loss=4.9134 | lr=2.56e-04 | wd=0.0074 | mom=0.9500 | T=3.5 k=3.2 (mu_rec=8 mu_bwd=4) | grad=2.906 | tok/s=14,679 | tokens=4.63B
step=141360 | loss=4.5503 | lr=2.56e-04 | wd=0.0074 | mom=0.9500 | T=7.5 k=3.5 (mu_rec=8 mu_bwd=4) | grad=2.625 | tok/s=14,807 | tokens=4.63B
step=141370 | loss=4.9140 | lr=2.56e-04 | wd=0.0074 | mom=0.9500 | T=6.2 k=3.5 (mu_rec=8 mu_bwd=4) | grad=2.844 | tok/s=6,542 | tokens=4.63B
step=141380 | loss=4.9042 | lr=2.56e-04 | wd=0.0073 | mom=0.9500 | T=16.8 k=3.5 (mu_rec=8 mu_bwd=4) | grad=3.500 | tok/s=13,158 | tokens=4.63B
step=141390 | loss=4.9475 | lr=2.55e-04 | wd=0.0073 | mom=0.9500 | T=7.5 k=3.8 (mu_rec=8 mu_bwd=4) | grad=2.781 | tok/s=15,251 | tokens=4.63B
step=141400 | loss=5.0195 | lr=2.55e-04 | wd=0.0073 | mom=0.9500 | T=8.0 k=3.8 (mu_rec=8 mu_bwd=4) | grad=3.391 | tok/s=14,786 | tokens=4.63B
step=141410 | loss=4.9327 | lr=2.55e-04 | wd=0.0073 | mom=0.9500 | T=8.2 k=4.0 (mu_rec=8 mu_bwd=4) | grad=3.094 | tok/s=13,656 | tokens=4.63B
step=141420 | loss=4.8027 | lr=2.55e-04 | wd=0.0073 | mom=0.9500 | T=6.5 k=3.8 (mu_rec=8 mu_bwd=4) | grad=3.031 | tok/s=14,115 | tokens=4.63B
step=141430 | loss=4.7796 | lr=2.55e-04 | wd=0.0073 | mom=0.9500 | T=4.2 k=3.0 (mu_rec=8 mu_bwd=4) | grad=2.797 | tok/s=13,618 | tokens=4.63B
step=141440 | loss=4.6132 | lr=2.54e-04 | wd=0.0073 | mom=0.9500 | T=7.8 k=3.5 (mu_rec=8 mu_bwd=4) | grad=2.047 | tok/s=13,934 | tokens=4.63B
step=141450 | loss=5.1137 | lr=2.54e-04 | wd=0.0073 | mom=0.9500 | T=9.5 k=4.0 (mu_rec=8 mu_bwd=4) | grad=5.312 | tok/s=14,495 | tokens=4.64B
step=141460 | loss=4.9320 | lr=2.54e-04 | wd=0.0073 | mom=0.9500 | T=11.5 k=4.0 (mu_rec=8 mu_bwd=4) | grad=1.992 | tok/s=14,367 | tokens=4.64B
step=141470 | loss=4.9577 | lr=2.54e-04 | wd=0.0073 | mom=0.9500 | T=2.8 k=2.5 (mu_rec=8 mu_bwd=4) | grad=3.406 | tok/s=14,759 | tokens=4.64B
step=141480 | loss=4.9874 | lr=2.54e-04 | wd=0.0073 | mom=0.9500 | T=9.0 k=3.0 (mu_rec=8 mu_bwd=4) | grad=2.188 | tok/s=14,050 | tokens=4.64B
step=141490 | loss=5.0052 | lr=2.53e-04 | wd=0.0073 | mom=0.9500 | T=11.8 k=4.0 (mu_rec=8 mu_bwd=4) | grad=2.766 | tok/s=13,797 | tokens=4.64B
step=141500 | loss=4.9337 | lr=2.53e-04 | wd=0.0073 | mom=0.9500 | T=4.8 k=3.8 (mu_rec=8 mu_bwd=4) | grad=2.484 | tok/s=14,534 | tokens=4.64B
step=141510 | loss=4.9898 | lr=2.53e-04 | wd=0.0073 | mom=0.9500 | T=6.0 k=3.2 (mu_rec=8 mu_bwd=4) | grad=1.867 | tok/s=15,314 | tokens=4.64B
step=141520 | loss=4.5476 | lr=2.53e-04 | wd=0.0073 | mom=0.9500 | T=8.2 k=4.0 (mu_rec=8 mu_bwd=4) | grad=6.875 | tok/s=14,622 | tokens=4.64B
step=141530 | loss=4.9916 | lr=2.53e-04 | wd=0.0072 | mom=0.9500 | T=6.0 k=3.2 (mu_rec=8 mu_bwd=4) | grad=3.797 | tok/s=14,618 | tokens=4.64B
step=141540 | loss=4.9201 | lr=2.52e-04 | wd=0.0072 | mom=0.9500 | T=11.2 k=4.0 (mu_rec=8 mu_bwd=4) | grad=3.438 | tok/s=13,132 | tokens=4.64B
step=141550 | loss=5.0095 | lr=2.52e-04 | wd=0.0072 | mom=0.9500 | T=10.0 k=4.0 (mu_rec=8 mu_bwd=4) | grad=2.000 | tok/s=13,441 | tokens=4.64B
step=141560 | loss=4.7120 | lr=2.52e-04 | wd=0.0072 | mom=0.9500 | T=6.8 k=3.5 (mu_rec=8 mu_bwd=4) | grad=2.453 | tok/s=14,539 | tokens=4.64B
step=141570 | loss=4.9163 | lr=2.52e-04 | wd=0.0072 | mom=0.9500 | T=8.8 k=4.0 (mu_rec=8 mu_bwd=4) | grad=2.109 | tok/s=13,706 | tokens=4.64B
step=141580 | loss=4.9912 | lr=2.51e-04 | wd=0.0072 | mom=0.9500 | T=14.5 k=4.0 (mu_rec=8 mu_bwd=4) | grad=2.094 | tok/s=14,568 | tokens=4.64B
step=141590 | loss=4.9050 | lr=2.51e-04 | wd=0.0072 | mom=0.9500 | T=9.5 k=4.0 (mu_rec=8 mu_bwd=4) | grad=2.344 | tok/s=13,904 | tokens=4.64B
step=141600 | loss=5.1627 | lr=2.51e-04 | wd=0.0072 | mom=0.9500 | T=7.0 k=3.2 (mu_rec=8 mu_bwd=4) | grad=1.977 | tok/s=13,737 | tokens=4.64B
step=141610 | loss=4.9312 | lr=2.51e-04 | wd=0.0072 | mom=0.9500 | T=4.0 k=3.0 (mu_rec=8 mu_bwd=4) | grad=3.719 | tok/s=15,635 | tokens=4.64B
step=141620 | loss=4.8135 | lr=2.51e-04 | wd=0.0072 | mom=0.9500 | T=8.0 k=4.0 (mu_rec=8 mu_bwd=4) | grad=2.766 | tok/s=14,282 | tokens=4.64B
step=141630 | loss=4.8422 | lr=2.50e-04 | wd=0.0072 | mom=0.9500 | T=6.8 k=3.8 (mu_rec=8 mu_bwd=4) | grad=12.688 | tok/s=14,243 | tokens=4.64B
step=141640 | loss=5.3472 | lr=2.50e-04 | wd=0.0072 | mom=0.9500 | T=9.8 k=4.0 (mu_rec=8 mu_bwd=4) | grad=3.656 | tok/s=13,517 | tokens=4.64B
step=141650 | loss=5.1060 | lr=2.50e-04 | wd=0.0072 | mom=0.9500 | T=9.8 k=4.0 (mu_rec=8 mu_bwd=4) | grad=3.953 | tok/s=12,540 | tokens=4.64B
step=141660 | loss=5.0339 | lr=2.50e-04 | wd=0.0072 | mom=0.9500 | T=7.2 k=3.2 (mu_rec=8 mu_bwd=4) | grad=4.344 | tok/s=14,635 | tokens=4.64B
step=141670 | loss=4.9578 | lr=2.50e-04 | wd=0.0072 | mom=0.9500 | T=7.5 k=3.8 (mu_rec=8 mu_bwd=4) | grad=3.266 | tok/s=13,401 | tokens=4.64B
step=141680 | loss=4.8789 | lr=2.49e-04 | wd=0.0071 | mom=0.9500 | T=7.0 k=4.0 (mu_rec=8 mu_bwd=4) | grad=3.484 | tok/s=13,899 | tokens=4.64B
step=141690 | loss=5.0063 | lr=2.49e-04 | wd=0.0071 | mom=0.9500 | T=6.0 k=3.8 (mu_rec=8 mu_bwd=4) | grad=4.469 | tok/s=14,969 | tokens=4.64B
step=141700 | loss=5.0235 | lr=2.49e-04 | wd=0.0071 | mom=0.9500 | T=6.8 k=3.8 (mu_rec=8 mu_bwd=4) | grad=3.000 | tok/s=15,560 | tokens=4.64B
step=141710 | loss=4.9403 | lr=2.49e-04 | wd=0.0071 | mom=0.9500 | T=8.2 k=3.2 (mu_rec=8 mu_bwd=4) | grad=2.266 | tok/s=14,428 | tokens=4.64B
step=141720 | loss=4.9399 | lr=2.48e-04 | wd=0.0071 | mom=0.9500 | T=7.2 k=4.0 (mu_rec=8 mu_bwd=4) | grad=2.406 | tok/s=5,914 | tokens=4.64B
step=141730 | loss=4.9491 | lr=2.48e-04 | wd=0.0071 | mom=0.9500 | T=13.2 k=4.0 (mu_rec=8 mu_bwd=4) | grad=2.703 | tok/s=13,428 | tokens=4.64B
step=141740 | loss=4.7830 | lr=2.48e-04 | wd=0.0071 | mom=0.9500 | T=6.5 k=3.2 (mu_rec=8 mu_bwd=4) | grad=7.594 | tok/s=13,874 | tokens=4.64B
step=141750 | loss=5.0430 | lr=2.48e-04 | wd=0.0071 | mom=0.9500 | T=7.8 k=3.5 (mu_rec=8 mu_bwd=4) | grad=1.977 | tok/s=13,631 | tokens=4.64B
step=141760 | loss=4.9634 | lr=2.48e-04 | wd=0.0071 | mom=0.9500 | T=6.2 k=4.0 (mu_rec=8 mu_bwd=4) | grad=2.750 | tok/s=13,644 | tokens=4.65B
step=141770 | loss=4.7670 | lr=2.47e-04 | wd=0.0071 | mom=0.9500 | T=9.2 k=4.0 (mu_rec=8 mu_bwd=4) | grad=2.047 | tok/s=13,886 | tokens=4.65B
step=141780 | loss=4.8196 | lr=2.47e-04 | wd=0.0071 | mom=0.9500 | T=6.5 k=3.0 (mu_rec=8 mu_bwd=4) | grad=2.875 | tok/s=15,081 | tokens=4.65B
step=141790 | loss=4.8204 | lr=2.47e-04 | wd=0.0071 | mom=0.9500 | T=8.8 k=4.0 (mu_rec=8 mu_bwd=4) | grad=2.719 | tok/s=14,551 | tokens=4.65B
step=141800 | loss=4.9140 | lr=2.47e-04 | wd=0.0071 | mom=0.9500 | T=10.8 k=4.0 (mu_rec=8 mu_bwd=4) | grad=3.516 | tok/s=14,627 | tokens=4.65B
step=141810 | loss=4.9362 | lr=2.46e-04 | wd=0.0071 | mom=0.9500 | T=8.8 k=3.8 (mu_rec=8 mu_bwd=4) | grad=2.891 | tok/s=14,123 | tokens=4.65B
step=141820 | loss=5.0003 | lr=2.46e-04 | wd=0.0071 | mom=0.9500 | T=9.0 k=3.8 (mu_rec=8 mu_bwd=4) | grad=4.188 | tok/s=15,640 | tokens=4.65B
step=141830 | loss=4.8980 | lr=2.46e-04 | wd=0.0070 | mom=0.9500 | T=9.8 k=4.0 (mu_rec=8 mu_bwd=4) | grad=1.945 | tok/s=13,158 | tokens=4.65B
step=141840 | loss=4.9982 | lr=2.46e-04 | wd=0.0070 | mom=0.9500 | T=6.5 k=3.8 (mu_rec=8 mu_bwd=4) | grad=3.047 | tok/s=14,024 | tokens=4.65B
step=141850 | loss=4.8535 | lr=2.46e-04 | wd=0.0070 | mom=0.9500 | T=12.5 k=4.0 (mu_rec=8 mu_bwd=4) | grad=1.539 | tok/s=14,100 | tokens=4.65B
step=141860 | loss=4.7022 | lr=2.45e-04 | wd=0.0070 | mom=0.9500 | T=9.8 k=4.0 (mu_rec=8 mu_bwd=4) | grad=2.141 | tok/s=14,014 | tokens=4.65B
step=141870 | loss=5.1745 | lr=2.45e-04 | wd=0.0070 | mom=0.9500 | T=10.5 k=4.0 (mu_rec=8 mu_bwd=4) | grad=2.500 | tok/s=15,416 | tokens=4.65B
step=141880 | loss=4.9630 | lr=2.45e-04 | wd=0.0070 | mom=0.9500 | T=6.8 k=3.5 (mu_rec=8 mu_bwd=4) | grad=2.859 | tok/s=14,720 | tokens=4.65B
step=141890 | loss=4.7013 | lr=2.45e-04 | wd=0.0070 | mom=0.9500 | T=7.5 k=3.2 (mu_rec=8 mu_bwd=4) | grad=5.094 | tok/s=14,200 | tokens=4.65B
step=141900 | loss=4.9712 | lr=2.44e-04 | wd=0.0070 | mom=0.9500 | T=7.2 k=3.5 (mu_rec=8 mu_bwd=4) | grad=2.109 | tok/s=14,621 | tokens=4.65B
step=141910 | loss=5.0032 | lr=2.44e-04 | wd=0.0070 | mom=0.9500 | T=8.5 k=3.8 (mu_rec=8 mu_bwd=4) | grad=2.469 | tok/s=14,200 | tokens=4.65B
step=141920 | loss=5.0078 | lr=2.44e-04 | wd=0.0070 | mom=0.9500 | T=6.0 k=4.0 (mu_rec=8 mu_bwd=4) | grad=2.672 | tok/s=14,164 | tokens=4.65B
step=141930 | loss=4.6958 | lr=2.44e-04 | wd=0.0070 | mom=0.9500 | T=5.0 k=3.8 (mu_rec=8 mu_bwd=4) | grad=2.781 | tok/s=13,672 | tokens=4.65B
step=141940 | loss=4.9759 | lr=2.44e-04 | wd=0.0070 | mom=0.9500 | T=6.2 k=3.5 (mu_rec=8 mu_bwd=4) | grad=2.094 | tok/s=15,012 | tokens=4.65B
step=141950 | loss=5.0107 | lr=2.43e-04 | wd=0.0070 | mom=0.9500 | T=10.2 k=4.0 (mu_rec=8 mu_bwd=4) | grad=2.344 | tok/s=14,268 | tokens=4.65B
step=141960 | loss=5.0426 | lr=2.43e-04 | wd=0.0070 | mom=0.9500 | T=10.5 k=4.0 (mu_rec=8 mu_bwd=4) | grad=2.328 | tok/s=14,056 | tokens=4.65B
step=141970 | loss=5.0385 | lr=2.43e-04 | wd=0.0070 | mom=0.9500 | T=9.5 k=4.0 (mu_rec=8 mu_bwd=4) | grad=1.727 | tok/s=14,163 | tokens=4.65B
step=141980 | loss=4.9521 | lr=2.43e-04 | wd=0.0070 | mom=0.9500 | T=7.8 k=3.5 (mu_rec=8 mu_bwd=4) | grad=1.953 | tok/s=13,257 | tokens=4.65B
step=141990 | loss=4.9374 | lr=2.42e-04 | wd=0.0069 | mom=0.9500 | T=5.8 k=4.0 (mu_rec=8 mu_bwd=4) | grad=2.016 | tok/s=15,053 | tokens=4.65B
step=142000 | loss=5.1201 | lr=2.42e-04 | wd=0.0069 | mom=0.9500 | T=6.5 k=4.0 (mu_rec=8 mu_bwd=4) | grad=2.750 | tok/s=13,835 | tokens=4.65B
[step 142000] Saved -> runs/ccot-5b/checkpoint_0142000
[step 142000] Pruned -> runs/ccot-5b/checkpoint_0136000
step=142010 | loss=4.9495 | lr=2.42e-04 | wd=0.0069 | mom=0.9500 | T=6.2 k=4.0 (mu_rec=8 mu_bwd=4) | grad=2.141 | tok/s=13,706 | tokens=4.65B
step=142020 | loss=4.9046 | lr=2.42e-04 | wd=0.0069 | mom=0.9500 | T=7.2 k=4.0 (mu_rec=8 mu_bwd=4) | grad=2.953 | tok/s=15,204 | tokens=4.65B
step=142030 | loss=4.9613 | lr=2.42e-04 | wd=0.0069 | mom=0.9500 | T=7.0 k=3.5 (mu_rec=8 mu_bwd=4) | grad=3.031 | tok/s=13,453 | tokens=4.65B
step=142040 | loss=4.8772 | lr=2.41e-04 | wd=0.0069 | mom=0.9500 | T=8.2 k=4.0 (mu_rec=8 mu_bwd=4) | grad=2.109 | tok/s=13,754 | tokens=4.65B
step=142050 | loss=4.8749 | lr=2.41e-04 | wd=0.0069 | mom=0.9500 | T=11.0 k=4.0 (mu_rec=8 mu_bwd=4) | grad=2.859 | tok/s=14,261 | tokens=4.65B
step=142060 | loss=5.0523 | lr=2.41e-04 | wd=0.0069 | mom=0.9500 | T=6.8 k=4.0 (mu_rec=8 mu_bwd=4) | grad=5.312 | tok/s=14,828 | tokens=4.66B
step=142070 | loss=4.8949 | lr=2.41e-04 | wd=0.0069 | mom=0.9500 | T=6.0 k=3.2 (mu_rec=8 mu_bwd=4) | grad=2.656 | tok/s=14,225 | tokens=4.66B
step=142080 | loss=4.7428 | lr=2.40e-04 | wd=0.0069 | mom=0.9500 | T=6.2 k=3.8 (mu_rec=8 mu_bwd=4) | grad=2.469 | tok/s=14,017 | tokens=4.66B
step=142090 | loss=4.7788 | lr=2.40e-04 | wd=0.0069 | mom=0.9500 | T=6.5 k=3.8 (mu_rec=8 mu_bwd=4) | grad=2.547 | tok/s=15,415 | tokens=4.66B
step=142100 | loss=4.8646 | lr=2.40e-04 | wd=0.0069 | mom=0.9500 | T=9.5 k=4.0 (mu_rec=8 mu_bwd=4) | grad=3.438 | tok/s=13,904 | tokens=4.66B
step=142110 | loss=4.8445 | lr=2.40e-04 | wd=0.0069 | mom=0.9500 | T=6.2 k=3.2 (mu_rec=8 mu_bwd=4) | grad=3.578 | tok/s=13,878 | tokens=4.66B
step=142120 | loss=4.6249 | lr=2.39e-04 | wd=0.0069 | mom=0.9500 | T=9.2 k=4.0 (mu_rec=8 mu_bwd=4) | grad=3.203 | tok/s=13,951 | tokens=4.66B
step=142130 | loss=4.9190 | lr=2.39e-04 | wd=0.0069 | mom=0.9500 | T=5.5 k=4.0 (mu_rec=8 mu_bwd=4) | grad=3.203 | tok/s=14,955 | tokens=4.66B
step=142140 | loss=4.8904 | lr=2.39e-04 | wd=0.0068 | mom=0.9500 | T=7.8 k=4.0 (mu_rec=8 mu_bwd=4) | grad=3.734 | tok/s=15,181 | tokens=4.66B
step=142150 | loss=5.2389 | lr=2.39e-04 | wd=0.0068 | mom=0.9500 | T=5.2 k=3.5 (mu_rec=8 mu_bwd=4) | grad=4.031 | tok/s=14,796 | tokens=4.66B
step=142160 | loss=5.1255 | lr=2.38e-04 | wd=0.0068 | mom=0.9500 | T=9.2 k=4.0 (mu_rec=8 mu_bwd=4) | grad=2.594 | tok/s=13,818 | tokens=4.66B
step=142170 | loss=4.8994 | lr=2.38e-04 | wd=0.0068 | mom=0.9500 | T=11.2 k=4.0 (mu_rec=8 mu_bwd=4) | grad=1.969 | tok/s=13,588 | tokens=4.66B
step=142180 | loss=4.9483 | lr=2.38e-04 | wd=0.0068 | mom=0.9500 | T=7.5 k=3.2 (mu_rec=8 mu_bwd=4) | grad=2.469 | tok/s=15,056 | tokens=4.66B
step=142190 | loss=5.1089 | lr=2.38e-04 | wd=0.0068 | mom=0.9500 | T=10.0 k=3.0 (mu_rec=8 mu_bwd=4) | grad=3.156 | tok/s=15,339 | tokens=4.66B
step=142200 | loss=5.0459 | lr=2.38e-04 | wd=0.0068 | mom=0.9500 | T=12.2 k=4.0 (mu_rec=8 mu_bwd=4) | grad=4.812 | tok/s=5,786 | tokens=4.66B
step=142210 | loss=5.0885 | lr=2.37e-04 | wd=0.0068 | mom=0.9500 | T=11.2 k=4.0 (mu_rec=8 mu_bwd=4) | grad=3.234 | tok/s=13,967 | tokens=4.66B
step=142220 | loss=4.8776 | lr=2.37e-04 | wd=0.0068 | mom=0.9500 | T=6.8 k=3.2 (mu_rec=8 mu_bwd=4) | grad=1.922 | tok/s=13,980 | tokens=4.66B
step=142230 | loss=4.9598 | lr=2.37e-04 | wd=0.0068 | mom=0.9500 | T=5.8 k=4.0 (mu_rec=8 mu_bwd=4) | grad=2.484 | tok/s=14,598 | tokens=4.66B
step=142240 | loss=4.8146 | lr=2.37e-04 | wd=0.0068 | mom=0.9500 | T=6.0 k=3.8 (mu_rec=8 mu_bwd=4) | grad=4.094 | tok/s=15,526 | tokens=4.66B
step=142250 | loss=4.9863 | lr=2.36e-04 | wd=0.0068 | mom=0.9500 | T=7.2 k=3.8 (mu_rec=8 mu_bwd=4) | grad=6.031 | tok/s=13,907 | tokens=4.66B
step=142260 | loss=4.9943 | lr=2.36e-04 | wd=0.0068 | mom=0.9500 | T=5.0 k=3.0 (mu_rec=8 mu_bwd=4) | grad=3.812 | tok/s=15,410 | tokens=4.66B
step=142270 | loss=4.8164 | lr=2.36e-04 | wd=0.0068 | mom=0.9500 | T=5.0 k=3.0 (mu_rec=8 mu_bwd=4) | grad=2.922 | tok/s=15,001 | tokens=4.66B
step=142280 | loss=5.2662 | lr=2.36e-04 | wd=0.0068 | mom=0.9500 | T=7.2 k=4.0 (mu_rec=8 mu_bwd=4) | grad=8.812 | tok/s=15,028 | tokens=4.66B
step=142290 | loss=4.8927 | lr=2.35e-04 | wd=0.0067 | mom=0.9500 | T=5.2 k=3.5 (mu_rec=8 mu_bwd=4) | grad=4.062 | tok/s=15,234 | tokens=4.66B
step=142300 | loss=4.9393 | lr=2.35e-04 | wd=0.0067 | mom=0.9500 | T=6.2 k=3.8 (mu_rec=8 mu_bwd=4) | grad=2.359 | tok/s=14,240 | tokens=4.66B
step=142310 | loss=4.9634 | lr=2.35e-04 | wd=0.0067 | mom=0.9500 | T=7.5 k=4.0 (mu_rec=8 mu_bwd=4) | grad=3.219 | tok/s=13,415 | tokens=4.66B
step=142320 | loss=4.9727 | lr=2.35e-04 | wd=0.0067 | mom=0.9500 | T=6.2 k=3.2 (mu_rec=8 mu_bwd=4) | grad=2.734 | tok/s=13,666 | tokens=4.66B
step=142330 | loss=5.1712 | lr=2.34e-04 | wd=0.0067 | mom=0.9500 | T=10.5 k=4.0 (mu_rec=8 mu_bwd=4) | grad=4.219 | tok/s=14,346 | tokens=4.66B
step=142340 | loss=5.0138 | lr=2.34e-04 | wd=0.0067 | mom=0.9500 | T=15.5 k=3.8 (mu_rec=8 mu_bwd=4) | grad=3.469 | tok/s=13,539 | tokens=4.66B
step=142350 | loss=4.8345 | lr=2.34e-04 | wd=0.0067 | mom=0.9500 | T=9.0 k=4.0 (mu_rec=8 mu_bwd=4) | grad=2.406 | tok/s=14,465 | tokens=4.66B
step=142360 | loss=4.9049 | lr=2.34e-04 | wd=0.0067 | mom=0.9500 | T=3.2 k=2.5 (mu_rec=8 mu_bwd=4) | grad=2.516 | tok/s=13,871 | tokens=4.66B
step=142370 | loss=5.1381 | lr=2.34e-04 | wd=0.0067 | mom=0.9500 | T=7.2 k=4.0 (mu_rec=8 mu_bwd=4) | grad=3.766 | tok/s=14,483 | tokens=4.67B
step=142380 | loss=4.8919 | lr=2.33e-04 | wd=0.0067 | mom=0.9500 | T=4.2 k=3.0 (mu_rec=8 mu_bwd=4) | grad=3.000 | tok/s=13,437 | tokens=4.67B
step=142390 | loss=5.1921 | lr=2.33e-04 | wd=0.0067 | mom=0.9500 | T=12.2 k=4.0 (mu_rec=8 mu_bwd=4) | grad=19.750 | tok/s=13,469 | tokens=4.67B
step=142400 | loss=5.1079 | lr=2.33e-04 | wd=0.0067 | mom=0.9500 | T=10.2 k=3.8 (mu_rec=8 mu_bwd=4) | grad=2.109 | tok/s=13,578 | tokens=4.67B
step=142410 | loss=5.0998 | lr=2.33e-04 | wd=0.0067 | mom=0.9500 | T=5.0 k=3.5 (mu_rec=8 mu_bwd=4) | grad=4.031 | tok/s=15,313 | tokens=4.67B
step=142420 | loss=5.0065 | lr=2.32e-04 | wd=0.0067 | mom=0.9500 | T=13.0 k=4.0 (mu_rec=8 mu_bwd=4) | grad=8.438 | tok/s=13,398 | tokens=4.67B
step=142430 | loss=4.9455 | lr=2.32e-04 | wd=0.0067 | mom=0.9500 | T=7.0 k=4.0 (mu_rec=8 mu_bwd=4) | grad=2.156 | tok/s=14,472 | tokens=4.67B
step=142440 | loss=4.8137 | lr=2.32e-04 | wd=0.0066 | mom=0.9500 | T=5.2 k=3.5 (mu_rec=8 mu_bwd=4) | grad=2.844 | tok/s=14,068 | tokens=4.67B
step=142450 | loss=4.7254 | lr=2.32e-04 | wd=0.0066 | mom=0.9500 | T=11.0 k=3.5 (mu_rec=8 mu_bwd=4) | grad=4.031 | tok/s=14,474 | tokens=4.67B
step=142460 | loss=4.8351 | lr=2.31e-04 | wd=0.0066 | mom=0.9500 | T=10.8 k=4.0 (mu_rec=8 mu_bwd=4) | grad=2.594 | tok/s=14,882 | tokens=4.67B
step=142470 | loss=4.9132 | lr=2.31e-04 | wd=0.0066 | mom=0.9500 | T=7.0 k=4.0 (mu_rec=8 mu_bwd=4) | grad=2.859 | tok/s=13,550 | tokens=4.67B
step=142480 | loss=4.8602 | lr=2.31e-04 | wd=0.0066 | mom=0.9500 | T=6.8 k=4.0 (mu_rec=8 mu_bwd=4) | grad=3.172 | tok/s=13,348 | tokens=4.67B
step=142490 | loss=4.9634 | lr=2.31e-04 | wd=0.0066 | mom=0.9500 | T=8.5 k=4.0 (mu_rec=8 mu_bwd=4) | grad=3.219 | tok/s=13,549 | tokens=4.67B
step=142500 | loss=4.8865 | lr=2.30e-04 | wd=0.0066 | mom=0.9500 | T=9.0 k=4.0 (mu_rec=8 mu_bwd=4) | grad=2.375 | tok/s=13,874 | tokens=4.67B
step=142510 | loss=4.9798 | lr=2.30e-04 | wd=0.0066 | mom=0.9500 | T=6.0 k=3.0 (mu_rec=8 mu_bwd=4) | grad=2.109 | tok/s=14,638 | tokens=4.67B
step=142520 | loss=4.8595 | lr=2.30e-04 | wd=0.0066 | mom=0.9500 | T=9.8 k=4.0 (mu_rec=8 mu_bwd=4) | grad=3.203 | tok/s=13,671 | tokens=4.67B
step=142530 | loss=4.8787 | lr=2.30e-04 | wd=0.0066 | mom=0.9500 | T=7.8 k=4.0 (mu_rec=8 mu_bwd=4) | grad=2.219 | tok/s=14,666 | tokens=4.67B
step=142540 | loss=4.8266 | lr=2.29e-04 | wd=0.0066 | mom=0.9500 | T=7.0 k=4.0 (mu_rec=8 mu_bwd=4) | grad=4.625 | tok/s=14,950 | tokens=4.67B
step=142550 | loss=5.0207 | lr=2.29e-04 | wd=0.0066 | mom=0.9500 | T=6.0 k=3.5 (mu_rec=8 mu_bwd=4) | grad=2.797 | tok/s=13,239 | tokens=4.67B
step=142560 | loss=5.2372 | lr=2.29e-04 | wd=0.0066 | mom=0.9500 | T=6.0 k=4.0 (mu_rec=8 mu_bwd=4) | grad=3.000 | tok/s=14,149 | tokens=4.67B
step=142570 | loss=5.1246 | lr=2.29e-04 | wd=0.0066 | mom=0.9500 | T=10.5 k=4.0 (mu_rec=8 mu_bwd=4) | grad=2.016 | tok/s=12,730 | tokens=4.67B
step=142580 | loss=5.0411 | lr=2.28e-04 | wd=0.0066 | mom=0.9500 | T=10.2 k=3.5 (mu_rec=8 mu_bwd=4) | grad=2.359 | tok/s=13,981 | tokens=4.67B
step=142590 | loss=5.0037 | lr=2.28e-04 | wd=0.0066 | mom=0.9500 | T=6.2 k=3.8 (mu_rec=8 mu_bwd=4) | grad=2.297 | tok/s=14,456 | tokens=4.67B
step=142600 | loss=5.0896 | lr=2.28e-04 | wd=0.0065 | mom=0.9500 | T=6.5 k=3.2 (mu_rec=8 mu_bwd=4) | grad=2.750 | tok/s=14,340 | tokens=4.67B
step=142610 | loss=5.0676 | lr=2.28e-04 | wd=0.0065 | mom=0.9500 | T=7.2 k=4.0 (mu_rec=8 mu_bwd=4) | grad=2.594 | tok/s=13,969 | tokens=4.67B
step=142620 | loss=4.9093 | lr=2.27e-04 | wd=0.0065 | mom=0.9500 | T=6.8 k=3.8 (mu_rec=8 mu_bwd=4) | grad=2.297 | tok/s=13,493 | tokens=4.67B
step=142630 | loss=5.0402 | lr=2.27e-04 | wd=0.0065 | mom=0.9500 | T=10.8 k=4.0 (mu_rec=8 mu_bwd=4) | grad=1.766 | tok/s=14,079 | tokens=4.67B
step=142640 | loss=4.9546 | lr=2.27e-04 | wd=0.0065 | mom=0.9500 | T=6.5 k=3.5 (mu_rec=8 mu_bwd=4) | grad=1.914 | tok/s=5,929 | tokens=4.67B
step=142650 | loss=5.2610 | lr=2.27e-04 | wd=0.0065 | mom=0.9500 | T=7.8 k=3.5 (mu_rec=8 mu_bwd=4) | grad=4.438 | tok/s=13,917 | tokens=4.67B
step=142660 | loss=5.0229 | lr=2.26e-04 | wd=0.0065 | mom=0.9500 | T=5.5 k=3.2 (mu_rec=8 mu_bwd=4) | grad=6.000 | tok/s=15,027 | tokens=4.67B
step=142670 | loss=4.9038 | lr=2.26e-04 | wd=0.0065 | mom=0.9500 | T=7.8 k=4.0 (mu_rec=8 mu_bwd=4) | grad=2.609 | tok/s=15,564 | tokens=4.68B
step=142680 | loss=4.7635 | lr=2.26e-04 | wd=0.0065 | mom=0.9500 | T=14.0 k=4.0 (mu_rec=8 mu_bwd=4) | grad=2.391 | tok/s=12,737 | tokens=4.68B
step=142690 | loss=4.9412 | lr=2.26e-04 | wd=0.0065 | mom=0.9500 | T=4.5 k=4.0 (mu_rec=8 mu_bwd=4) | grad=4.312 | tok/s=14,610 | tokens=4.68B
step=142700 | loss=5.1998 | lr=2.25e-04 | wd=0.0065 | mom=0.9500 | T=6.0 k=4.0 (mu_rec=8 mu_bwd=4) | grad=2.688 | tok/s=15,464 | tokens=4.68B
step=142710 | loss=5.1368 | lr=2.25e-04 | wd=0.0065 | mom=0.9500 | T=12.0 k=3.5 (mu_rec=8 mu_bwd=4) | grad=2.781 | tok/s=14,703 | tokens=4.68B
step=142720 | loss=4.7666 | lr=2.25e-04 | wd=0.0065 | mom=0.9500 | T=8.5 k=4.0 (mu_rec=8 mu_bwd=4) | grad=2.500 | tok/s=14,440 | tokens=4.68B
step=142730 | loss=5.0890 | lr=2.25e-04 | wd=0.0065 | mom=0.9500 | T=7.0 k=3.5 (mu_rec=8 mu_bwd=4) | grad=1.828 | tok/s=14,227 | tokens=4.68B
step=142740 | loss=4.9197 | lr=2.24e-04 | wd=0.0065 | mom=0.9500 | T=7.5 k=3.5 (mu_rec=8 mu_bwd=4) | grad=2.766 | tok/s=13,783 | tokens=4.68B
step=142750 | loss=5.0788 | lr=2.24e-04 | wd=0.0064 | mom=0.9500 | T=4.2 k=3.2 (mu_rec=8 mu_bwd=4) | grad=5.000 | tok/s=16,221 | tokens=4.68B
step=142760 | loss=5.0597 | lr=2.24e-04 | wd=0.0064 | mom=0.9500 | T=13.5 k=4.0 (mu_rec=8 mu_bwd=4) | grad=3.406 | tok/s=14,185 | tokens=4.68B
step=142770 | loss=4.9292 | lr=2.24e-04 | wd=0.0064 | mom=0.9500 | T=5.5 k=4.0 (mu_rec=8 mu_bwd=4) | grad=3.203 | tok/s=13,961 | tokens=4.68B
step=142780 | loss=4.9009 | lr=2.23e-04 | wd=0.0064 | mom=0.9500 | T=11.8 k=4.0 (mu_rec=8 mu_bwd=4) | grad=1.945 | tok/s=14,213 | tokens=4.68B
step=142790 | loss=5.1196 | lr=2.23e-04 | wd=0.0064 | mom=0.9500 | T=7.0 k=4.0 (mu_rec=8 mu_bwd=4) | grad=3.500 | tok/s=14,253 | tokens=4.68B
step=142800 | loss=4.9345 | lr=2.23e-04 | wd=0.0064 | mom=0.9500 | T=3.8 k=3.0 (mu_rec=8 mu_bwd=4) | grad=4.375 | tok/s=14,042 | tokens=4.68B
step=142810 | loss=4.9539 | lr=2.23e-04 | wd=0.0064 | mom=0.9500 | T=9.8 k=4.0 (mu_rec=8 mu_bwd=4) | grad=3.297 | tok/s=13,937 | tokens=4.68B
step=142820 | loss=5.8308 | lr=2.22e-04 | wd=0.0064 | mom=0.9500 | T=7.0 k=3.5 (mu_rec=8 mu_bwd=4) | grad=5.719 | tok/s=14,705 | tokens=4.68B
step=142830 | loss=5.1050 | lr=2.22e-04 | wd=0.0064 | mom=0.9500 | T=9.8 k=4.0 (mu_rec=8 mu_bwd=4) | grad=2.906 | tok/s=15,118 | tokens=4.68B
step=142840 | loss=4.6668 | lr=2.22e-04 | wd=0.0064 | mom=0.9500 | T=8.0 k=4.0 (mu_rec=8 mu_bwd=4) | grad=3.109 | tok/s=15,124 | tokens=4.68B
step=142850 | loss=4.9066 | lr=2.22e-04 | wd=0.0064 | mom=0.9500 | T=10.0 k=4.0 (mu_rec=8 mu_bwd=4) | grad=3.484 | tok/s=13,440 | tokens=4.68B
step=142860 | loss=4.9701 | lr=2.21e-04 | wd=0.0064 | mom=0.9500 | T=9.2 k=4.0 (mu_rec=8 mu_bwd=4) | grad=4.031 | tok/s=13,379 | tokens=4.68B
step=142870 | loss=4.8797 | lr=2.21e-04 | wd=0.0064 | mom=0.9500 | T=13.8 k=4.0 (mu_rec=8 mu_bwd=4) | grad=2.031 | tok/s=14,142 | tokens=4.68B
step=142880 | loss=4.9189 | lr=2.21e-04 | wd=0.0064 | mom=0.9500 | T=9.0 k=3.8 (mu_rec=8 mu_bwd=4) | grad=2.828 | tok/s=14,039 | tokens=4.68B
step=142890 | loss=4.8172 | lr=2.21e-04 | wd=0.0064 | mom=0.9500 | T=5.8 k=3.0 (mu_rec=8 mu_bwd=4) | grad=3.297 | tok/s=14,784 | tokens=4.68B
step=142900 | loss=5.0285 | lr=2.20e-04 | wd=0.0063 | mom=0.9500 | T=7.5 k=4.0 (mu_rec=8 mu_bwd=4) | grad=2.703 | tok/s=13,565 | tokens=4.68B
step=142910 | loss=4.9969 | lr=2.20e-04 | wd=0.0063 | mom=0.9500 | T=7.2 k=3.8 (mu_rec=8 mu_bwd=4) | grad=7.469 | tok/s=15,019 | tokens=4.68B
step=142920 | loss=4.8848 | lr=2.20e-04 | wd=0.0063 | mom=0.9500 | T=10.2 k=4.0 (mu_rec=8 mu_bwd=4) | grad=2.781 | tok/s=15,126 | tokens=4.68B
step=142930 | loss=5.1011 | lr=2.20e-04 | wd=0.0063 | mom=0.9500 | T=8.0 k=3.8 (mu_rec=8 mu_bwd=4) | grad=3.281 | tok/s=13,892 | tokens=4.68B
step=142940 | loss=5.2381 | lr=2.19e-04 | wd=0.0063 | mom=0.9500 | T=6.2 k=3.8 (mu_rec=8 mu_bwd=4) | grad=2.844 | tok/s=15,423 | tokens=4.68B
step=142950 | loss=4.8791 | lr=2.19e-04 | wd=0.0063 | mom=0.9500 | T=8.8 k=4.0 (mu_rec=8 mu_bwd=4) | grad=3.375 | tok/s=13,108 | tokens=4.68B
step=142960 | loss=5.0553 | lr=2.19e-04 | wd=0.0063 | mom=0.9500 | T=7.0 k=4.0 (mu_rec=8 mu_bwd=4) | grad=2.672 | tok/s=15,457 | tokens=4.68B
step=142970 | loss=5.1210 | lr=2.19e-04 | wd=0.0063 | mom=0.9500 | T=3.0 k=2.5 (mu_rec=8 mu_bwd=4) | grad=3.734 | tok/s=13,873 | tokens=4.68B
step=142980 | loss=4.9501 | lr=2.18e-04 | wd=0.0063 | mom=0.9500 | T=5.8 k=3.2 (mu_rec=8 mu_bwd=4) | grad=3.172 | tok/s=15,634 | tokens=4.69B
step=142990 | loss=4.9163 | lr=2.18e-04 | wd=0.0063 | mom=0.9500 | T=6.5 k=3.2 (mu_rec=8 mu_bwd=4) | grad=3.594 | tok/s=14,608 | tokens=4.69B
step=143000 | loss=4.8862 | lr=2.18e-04 | wd=0.0063 | mom=0.9500 | T=8.0 k=3.2 (mu_rec=8 mu_bwd=4) | grad=3.672 | tok/s=14,103 | tokens=4.69B
step=143010 | loss=4.9468 | lr=2.18e-04 | wd=0.0063 | mom=0.9500 | T=9.8 k=4.0 (mu_rec=8 mu_bwd=4) | grad=1.695 | tok/s=13,096 | tokens=4.69B
step=143020 | loss=4.7963 | lr=2.17e-04 | wd=0.0063 | mom=0.9500 | T=5.2 k=3.5 (mu_rec=8 mu_bwd=4) | grad=9.625 | tok/s=13,931 | tokens=4.69B
step=143030 | loss=4.9481 | lr=2.17e-04 | wd=0.0063 | mom=0.9500 | T=5.5 k=3.2 (mu_rec=8 mu_bwd=4) | grad=1.898 | tok/s=13,263 | tokens=4.69B
step=143040 | loss=4.8465 | lr=2.17e-04 | wd=0.0063 | mom=0.9500 | T=10.5 k=4.0 (mu_rec=8 mu_bwd=4) | grad=2.922 | tok/s=14,050 | tokens=4.69B
step=143050 | loss=4.9932 | lr=2.17e-04 | wd=0.0062 | mom=0.9500 | T=6.2 k=3.0 (mu_rec=8 mu_bwd=4) | grad=2.828 | tok/s=14,197 | tokens=4.69B
step=143060 | loss=4.7997 | lr=2.16e-04 | wd=0.0062 | mom=0.9500 | T=8.0 k=3.5 (mu_rec=8 mu_bwd=4) | grad=3.234 | tok/s=14,720 | tokens=4.69B
step=143070 | loss=4.8948 | lr=2.16e-04 | wd=0.0062 | mom=0.9500 | T=5.8 k=3.5 (mu_rec=8 mu_bwd=4) | grad=2.625 | tok/s=6,439 | tokens=4.69B
step=143080 | loss=4.8668 | lr=2.16e-04 | wd=0.0062 | mom=0.9500 | T=7.2 k=4.0 (mu_rec=8 mu_bwd=4) | grad=2.891 | tok/s=14,613 | tokens=4.69B
step=143090 | loss=4.9296 | lr=2.16e-04 | wd=0.0062 | mom=0.9500 | T=7.0 k=4.0 (mu_rec=8 mu_bwd=4) | grad=2.500 | tok/s=14,111 | tokens=4.69B
step=143100 | loss=5.1065 | lr=2.15e-04 | wd=0.0062 | mom=0.9500 | T=8.2 k=3.8 (mu_rec=8 mu_bwd=4) | grad=2.125 | tok/s=14,430 | tokens=4.69B
step=143110 | loss=4.8650 | lr=2.15e-04 | wd=0.0062 | mom=0.9500 | T=8.0 k=3.8 (mu_rec=8 mu_bwd=4) | grad=2.875 | tok/s=14,647 | tokens=4.69B
step=143120 | loss=4.8679 | lr=2.15e-04 | wd=0.0062 | mom=0.9500 | T=11.2 k=4.0 (mu_rec=8 mu_bwd=4) | grad=2.625 | tok/s=13,420 | tokens=4.69B
step=143130 | loss=5.1764 | lr=2.15e-04 | wd=0.0062 | mom=0.9500 | T=6.8 k=3.8 (mu_rec=8 mu_bwd=4) | grad=2.609 | tok/s=15,169 | tokens=4.69B
step=143140 | loss=5.2165 | lr=2.14e-04 | wd=0.0062 | mom=0.9500 | T=8.8 k=3.8 (mu_rec=8 mu_bwd=4) | grad=3.031 | tok/s=13,734 | tokens=4.69B
step=143150 | loss=4.9079 | lr=2.14e-04 | wd=0.0062 | mom=0.9500 | T=11.0 k=4.0 (mu_rec=8 mu_bwd=4) | grad=3.141 | tok/s=14,211 | tokens=4.69B
step=143160 | loss=4.8955 | lr=2.14e-04 | wd=0.0062 | mom=0.9500 | T=10.5 k=3.8 (mu_rec=8 mu_bwd=4) | grad=14.688 | tok/s=14,818 | tokens=4.69B
step=143170 | loss=4.8316 | lr=2.14e-04 | wd=0.0062 | mom=0.9500 | T=7.5 k=3.5 (mu_rec=8 mu_bwd=4) | grad=2.594 | tok/s=14,229 | tokens=4.69B
step=143180 | loss=4.9375 | lr=2.13e-04 | wd=0.0062 | mom=0.9500 | T=7.5 k=4.0 (mu_rec=8 mu_bwd=4) | grad=1.547 | tok/s=13,649 | tokens=4.69B
step=143190 | loss=5.2207 | lr=2.13e-04 | wd=0.0062 | mom=0.9500 | T=7.8 k=4.0 (mu_rec=8 mu_bwd=4) | grad=3.375 | tok/s=14,613 | tokens=4.69B
step=143200 | loss=5.3780 | lr=2.13e-04 | wd=0.0062 | mom=0.9500 | T=6.8 k=3.8 (mu_rec=8 mu_bwd=4) | grad=4.188 | tok/s=14,202 | tokens=4.69B
step=143210 | loss=5.0645 | lr=2.12e-04 | wd=0.0061 | mom=0.9500 | T=6.0 k=3.8 (mu_rec=8 mu_bwd=4) | grad=2.766 | tok/s=14,349 | tokens=4.69B
step=143220 | loss=4.7583 | lr=2.12e-04 | wd=0.0061 | mom=0.9500 | T=10.8 k=4.0 (mu_rec=8 mu_bwd=4) | grad=1.883 | tok/s=14,081 | tokens=4.69B
step=143230 | loss=4.8794 | lr=2.12e-04 | wd=0.0061 | mom=0.9500 | T=9.8 k=4.0 (mu_rec=8 mu_bwd=4) | grad=2.188 | tok/s=13,111 | tokens=4.69B
step=143240 | loss=5.0352 | lr=2.12e-04 | wd=0.0061 | mom=0.9500 | T=6.5 k=3.2 (mu_rec=8 mu_bwd=4) | grad=2.656 | tok/s=14,716 | tokens=4.69B
step=143250 | loss=4.8187 | lr=2.11e-04 | wd=0.0061 | mom=0.9500 | T=7.0 k=4.0 (mu_rec=8 mu_bwd=4) | grad=4.344 | tok/s=13,329 | tokens=4.69B
step=143260 | loss=5.0029 | lr=2.11e-04 | wd=0.0061 | mom=0.9500 | T=5.5 k=3.8 (mu_rec=8 mu_bwd=4) | grad=2.906 | tok/s=15,330 | tokens=4.69B
step=143270 | loss=4.9595 | lr=2.11e-04 | wd=0.0061 | mom=0.9500 | T=7.8 k=4.0 (mu_rec=8 mu_bwd=4) | grad=1.852 | tok/s=13,473 | tokens=4.69B
step=143280 | loss=4.8689 | lr=2.11e-04 | wd=0.0061 | mom=0.9500 | T=5.0 k=3.2 (mu_rec=8 mu_bwd=4) | grad=2.547 | tok/s=14,195 | tokens=4.69B
step=143290 | loss=5.0272 | lr=2.10e-04 | wd=0.0061 | mom=0.9500 | T=8.2 k=4.0 (mu_rec=8 mu_bwd=4) | grad=1.695 | tok/s=14,580 | tokens=4.70B
step=143300 | loss=5.1451 | lr=2.10e-04 | wd=0.0061 | mom=0.9500 | T=7.2 k=4.0 (mu_rec=8 mu_bwd=4) | grad=1.945 | tok/s=13,826 | tokens=4.70B
step=143310 | loss=4.9247 | lr=2.10e-04 | wd=0.0061 | mom=0.9500 | T=10.2 k=4.0 (mu_rec=8 mu_bwd=4) | grad=9.688 | tok/s=14,933 | tokens=4.70B
step=143320 | loss=4.8754 | lr=2.10e-04 | wd=0.0061 | mom=0.9500 | T=6.0 k=4.0 (mu_rec=8 mu_bwd=4) | grad=2.531 | tok/s=14,726 | tokens=4.70B
step=143330 | loss=4.7898 | lr=2.09e-04 | wd=0.0061 | mom=0.9500 | T=7.5 k=3.2 (mu_rec=8 mu_bwd=4) | grad=2.922 | tok/s=14,737 | tokens=4.70B
step=143340 | loss=5.0008 | lr=2.09e-04 | wd=0.0061 | mom=0.9500 | T=8.8 k=3.5 (mu_rec=8 mu_bwd=4) | grad=2.906 | tok/s=14,762 | tokens=4.70B
step=143350 | loss=5.1059 | lr=2.09e-04 | wd=0.0061 | mom=0.9500 | T=4.5 k=3.5 (mu_rec=8 mu_bwd=4) | grad=3.875 | tok/s=13,477 | tokens=4.70B
step=143360 | loss=4.9623 | lr=2.09e-04 | wd=0.0060 | mom=0.9500 | T=7.0 k=4.0 (mu_rec=8 mu_bwd=4) | grad=2.891 | tok/s=14,123 | tokens=4.70B
step=143370 | loss=4.9619 | lr=2.08e-04 | wd=0.0060 | mom=0.9500 | T=14.2 k=4.0 (mu_rec=8 mu_bwd=4) | grad=3.609 | tok/s=13,569 | tokens=4.70B
step=143380 | loss=4.9902 | lr=2.08e-04 | wd=0.0060 | mom=0.9500 | T=7.2 k=3.8 (mu_rec=8 mu_bwd=4) | grad=5.500 | tok/s=14,869 | tokens=4.70B
step=143390 | loss=5.0176 | lr=2.08e-04 | wd=0.0060 | mom=0.9500 | T=16.0 k=4.0 (mu_rec=8 mu_bwd=4) | grad=1.852 | tok/s=13,144 | tokens=4.70B
step=143400 | loss=4.8989 | lr=2.08e-04 | wd=0.0060 | mom=0.9500 | T=5.5 k=3.8 (mu_rec=8 mu_bwd=4) | grad=5.469 | tok/s=14,773 | tokens=4.70B
step=143410 | loss=4.9737 | lr=2.07e-04 | wd=0.0060 | mom=0.9500 | T=6.8 k=3.8 (mu_rec=8 mu_bwd=4) | grad=2.531 | tok/s=13,624 | tokens=4.70B
step=143420 | loss=4.8386 | lr=2.07e-04 | wd=0.0060 | mom=0.9500 | T=6.8 k=3.5 (mu_rec=8 mu_bwd=4) | grad=1.797 | tok/s=16,131 | tokens=4.70B
step=143430 | loss=4.9148 | lr=2.07e-04 | wd=0.0060 | mom=0.9500 | T=6.5 k=4.0 (mu_rec=8 mu_bwd=4) | grad=2.922 | tok/s=13,152 | tokens=4.70B
step=143440 | loss=4.8439 | lr=2.06e-04 | wd=0.0060 | mom=0.9500 | T=6.5 k=3.8 (mu_rec=8 mu_bwd=4) | grad=3.328 | tok/s=14,544 | tokens=4.70B
step=143450 | loss=4.8650 | lr=2.06e-04 | wd=0.0060 | mom=0.9500 | T=7.5 k=4.0 (mu_rec=8 mu_bwd=4) | grad=2.828 | tok/s=14,052 | tokens=4.70B
step=143460 | loss=4.9281 | lr=2.06e-04 | wd=0.0060 | mom=0.9500 | T=6.2 k=3.2 (mu_rec=8 mu_bwd=4) | grad=2.297 | tok/s=15,307 | tokens=4.70B
step=143470 | loss=5.0827 | lr=2.06e-04 | wd=0.0060 | mom=0.9500 | T=9.0 k=4.0 (mu_rec=8 mu_bwd=4) | grad=2.406 | tok/s=13,381 | tokens=4.70B
step=143480 | loss=4.8417 | lr=2.05e-04 | wd=0.0060 | mom=0.9500 | T=4.8 k=4.0 (mu_rec=8 mu_bwd=4) | grad=2.578 | tok/s=14,512 | tokens=4.70B
step=143490 | loss=5.0474 | lr=2.05e-04 | wd=0.0060 | mom=0.9500 | T=11.8 k=4.0 (mu_rec=8 mu_bwd=4) | grad=4.750 | tok/s=14,830 | tokens=4.70B
step=143500 | loss=4.8859 | lr=2.05e-04 | wd=0.0060 | mom=0.9500 | T=9.0 k=4.0 (mu_rec=8 mu_bwd=4) | grad=1.898 | tok/s=6,028 | tokens=4.70B
step=143510 | loss=5.0185 | lr=2.05e-04 | wd=0.0059 | mom=0.9500 | T=9.2 k=3.5 (mu_rec=8 mu_bwd=4) | grad=3.578 | tok/s=14,737 | tokens=4.70B
step=143520 | loss=4.8606 | lr=2.04e-04 | wd=0.0059 | mom=0.9500 | T=4.0 k=3.0 (mu_rec=8 mu_bwd=4) | grad=2.859 | tok/s=14,115 | tokens=4.70B
step=143530 | loss=4.8995 | lr=2.04e-04 | wd=0.0059 | mom=0.9500 | T=9.0 k=3.5 (mu_rec=8 mu_bwd=4) | grad=3.516 | tok/s=16,099 | tokens=4.70B
step=143540 | loss=4.7797 | lr=2.04e-04 | wd=0.0059 | mom=0.9500 | T=2.5 k=2.5 (mu_rec=8 mu_bwd=4) | grad=12.688 | tok/s=15,897 | tokens=4.70B
step=143550 | loss=4.9357 | lr=2.04e-04 | wd=0.0059 | mom=0.9500 | T=8.5 k=4.0 (mu_rec=8 mu_bwd=4) | grad=2.750 | tok/s=14,494 | tokens=4.70B
step=143560 | loss=4.9959 | lr=2.03e-04 | wd=0.0059 | mom=0.9500 | T=9.2 k=4.0 (mu_rec=8 mu_bwd=4) | grad=6.031 | tok/s=14,116 | tokens=4.70B
step=143570 | loss=4.7491 | lr=2.03e-04 | wd=0.0059 | mom=0.9500 | T=8.0 k=4.0 (mu_rec=8 mu_bwd=4) | grad=5.781 | tok/s=13,427 | tokens=4.70B
step=143580 | loss=4.7567 | lr=2.03e-04 | wd=0.0059 | mom=0.9500 | T=10.2 k=3.8 (mu_rec=8 mu_bwd=4) | grad=3.125 | tok/s=14,061 | tokens=4.70B
step=143590 | loss=4.9312 | lr=2.02e-04 | wd=0.0059 | mom=0.9500 | T=7.0 k=3.2 (mu_rec=8 mu_bwd=4) | grad=2.453 | tok/s=14,134 | tokens=4.71B
step=143600 | loss=4.9208 | lr=2.02e-04 | wd=0.0059 | mom=0.9500 | T=16.2 k=4.0 (mu_rec=8 mu_bwd=4) | grad=2.594 | tok/s=14,575 | tokens=4.71B
step=143610 | loss=5.0472 | lr=2.02e-04 | wd=0.0059 | mom=0.9500 | T=6.2 k=4.0 (mu_rec=8 mu_bwd=4) | grad=1.797 | tok/s=15,421 | tokens=4.71B
step=143620 | loss=5.0797 | lr=2.02e-04 | wd=0.0059 | mom=0.9500 | T=4.2 k=3.2 (mu_rec=8 mu_bwd=4) | grad=2.250 | tok/s=15,878 | tokens=4.71B
step=143630 | loss=4.9072 | lr=2.01e-04 | wd=0.0059 | mom=0.9500 | T=6.8 k=3.5 (mu_rec=8 mu_bwd=4) | grad=2.688 | tok/s=15,084 | tokens=4.71B
step=143640 | loss=5.0119 | lr=2.01e-04 | wd=0.0059 | mom=0.9500 | T=9.0 k=4.0 (mu_rec=8 mu_bwd=4) | grad=1.992 | tok/s=14,458 | tokens=4.71B
step=143650 | loss=4.9343 | lr=2.01e-04 | wd=0.0059 | mom=0.9500 | T=7.5 k=3.2 (mu_rec=8 mu_bwd=4) | grad=5.000 | tok/s=14,505 | tokens=4.71B
step=143660 | loss=5.0946 | lr=2.01e-04 | wd=0.0058 | mom=0.9500 | T=8.5 k=4.0 (mu_rec=8 mu_bwd=4) | grad=2.906 | tok/s=13,110 | tokens=4.71B
step=143670 | loss=4.9430 | lr=2.00e-04 | wd=0.0058 | mom=0.9500 | T=6.8 k=4.0 (mu_rec=8 mu_bwd=4) | grad=2.109 | tok/s=13,788 | tokens=4.71B
step=143680 | loss=4.9448 | lr=2.00e-04 | wd=0.0058 | mom=0.9500 | T=7.8 k=4.0 (mu_rec=8 mu_bwd=4) | grad=2.031 | tok/s=16,075 | tokens=4.71B
step=143690 | loss=4.7825 | lr=2.00e-04 | wd=0.0058 | mom=0.9500 | T=9.5 k=4.0 (mu_rec=8 mu_bwd=4) | grad=1.859 | tok/s=13,522 | tokens=4.71B
step=143700 | loss=4.9481 | lr=2.00e-04 | wd=0.0058 | mom=0.9500 | T=12.5 k=3.2 (mu_rec=8 mu_bwd=4) | grad=3.141 | tok/s=13,957 | tokens=4.71B
step=143710 | loss=4.9370 | lr=1.99e-04 | wd=0.0058 | mom=0.9500 | T=11.5 k=4.0 (mu_rec=8 mu_bwd=4) | grad=2.234 | tok/s=14,084 | tokens=4.71B
step=143720 | loss=5.0849 | lr=1.99e-04 | wd=0.0058 | mom=0.9500 | T=8.8 k=4.0 (mu_rec=8 mu_bwd=4) | grad=2.391 | tok/s=14,108 | tokens=4.71B
step=143730 | loss=5.3164 | lr=1.99e-04 | wd=0.0058 | mom=0.9500 | T=8.0 k=3.5 (mu_rec=8 mu_bwd=4) | grad=3.984 | tok/s=12,889 | tokens=4.71B
step=143740 | loss=4.8346 | lr=1.98e-04 | wd=0.0058 | mom=0.9500 | T=7.8 k=4.0 (mu_rec=8 mu_bwd=4) | grad=2.766 | tok/s=15,321 | tokens=4.71B
step=143750 | loss=4.9624 | lr=1.98e-04 | wd=0.0058 | mom=0.9500 | T=5.5 k=3.8 (mu_rec=8 mu_bwd=4) | grad=4.125 | tok/s=13,997 | tokens=4.71B
step=143760 | loss=5.0112 | lr=1.98e-04 | wd=0.0058 | mom=0.9500 | T=7.0 k=3.8 (mu_rec=8 mu_bwd=4) | grad=4.531 | tok/s=14,133 | tokens=4.71B
step=143770 | loss=4.8941 | lr=1.98e-04 | wd=0.0058 | mom=0.9500 | T=14.0 k=3.8 (mu_rec=8 mu_bwd=4) | grad=2.578 | tok/s=14,020 | tokens=4.71B
step=143780 | loss=4.7920 | lr=1.97e-04 | wd=0.0058 | mom=0.9500 | T=9.0 k=3.5 (mu_rec=8 mu_bwd=4) | grad=2.188 | tok/s=13,756 | tokens=4.71B
step=143790 | loss=5.0323 | lr=1.97e-04 | wd=0.0058 | mom=0.9500 | T=11.0 k=4.0 (mu_rec=8 mu_bwd=4) | grad=1.508 | tok/s=13,121 | tokens=4.71B
step=143800 | loss=4.9660 | lr=1.97e-04 | wd=0.0058 | mom=0.9500 | T=6.5 k=4.0 (mu_rec=8 mu_bwd=4) | grad=2.656 | tok/s=15,186 | tokens=4.71B
step=143810 | loss=4.9686 | lr=1.97e-04 | wd=0.0058 | mom=0.9500 | T=3.2 k=2.5 (mu_rec=8 mu_bwd=4) | grad=3.266 | tok/s=14,552 | tokens=4.71B
step=143820 | loss=5.0382 | lr=1.96e-04 | wd=0.0057 | mom=0.9500 | T=8.8 k=3.8 (mu_rec=8 mu_bwd=4) | grad=2.375 | tok/s=15,219 | tokens=4.71B
step=143830 | loss=4.9696 | lr=1.96e-04 | wd=0.0057 | mom=0.9500 | T=10.8 k=4.0 (mu_rec=8 mu_bwd=4) | grad=1.742 | tok/s=13,401 | tokens=4.71B
step=143840 | loss=5.0396 | lr=1.96e-04 | wd=0.0057 | mom=0.9500 | T=6.2 k=4.0 (mu_rec=8 mu_bwd=4) | grad=3.625 | tok/s=13,937 | tokens=4.71B
step=143850 | loss=4.9411 | lr=1.95e-04 | wd=0.0057 | mom=0.9500 | T=6.8 k=4.0 (mu_rec=8 mu_bwd=4) | grad=3.938 | tok/s=12,943 | tokens=4.71B
step=143860 | loss=5.1428 | lr=1.95e-04 | wd=0.0057 | mom=0.9500 | T=10.5 k=3.8 (mu_rec=8 mu_bwd=4) | grad=3.234 | tok/s=13,708 | tokens=4.71B
step=143870 | loss=5.4109 | lr=1.95e-04 | wd=0.0057 | mom=0.9500 | T=14.5 k=4.0 (mu_rec=8 mu_bwd=4) | grad=4.438 | tok/s=14,035 | tokens=4.71B
step=143880 | loss=5.6528 | lr=1.95e-04 | wd=0.0057 | mom=0.9500 | T=7.2 k=4.0 (mu_rec=8 mu_bwd=4) | grad=3.344 | tok/s=14,402 | tokens=4.71B
step=143890 | loss=4.9273 | lr=1.94e-04 | wd=0.0057 | mom=0.9500 | T=7.8 k=3.5 (mu_rec=8 mu_bwd=4) | grad=2.484 | tok/s=13,947 | tokens=4.71B
step=143900 | loss=4.9286 | lr=1.94e-04 | wd=0.0057 | mom=0.9500 | T=6.2 k=3.8 (mu_rec=8 mu_bwd=4) | grad=3.328 | tok/s=14,025 | tokens=4.72B
step=143910 | loss=5.0197 | lr=1.94e-04 | wd=0.0057 | mom=0.9500 | T=8.0 k=4.0 (mu_rec=8 mu_bwd=4) | grad=1.969 | tok/s=13,521 | tokens=4.72B
step=143920 | loss=5.2114 | lr=1.94e-04 | wd=0.0057 | mom=0.9500 | T=12.5 k=4.0 (mu_rec=8 mu_bwd=4) | grad=2.453 | tok/s=6,390 | tokens=4.72B
step=143930 | loss=5.0217 | lr=1.93e-04 | wd=0.0057 | mom=0.9500 | T=7.2 k=4.0 (mu_rec=8 mu_bwd=4) | grad=3.812 | tok/s=13,308 | tokens=4.72B
step=143940 | loss=5.0798 | lr=1.93e-04 | wd=0.0057 | mom=0.9500 | T=7.2 k=4.0 (mu_rec=8 mu_bwd=4) | grad=1.711 | tok/s=14,440 | tokens=4.72B
step=143950 | loss=4.7966 | lr=1.93e-04 | wd=0.0057 | mom=0.9500 | T=6.8 k=4.0 (mu_rec=8 mu_bwd=4) | grad=4.344 | tok/s=13,750 | tokens=4.72B
step=143960 | loss=4.9771 | lr=1.92e-04 | wd=0.0057 | mom=0.9500 | T=8.8 k=3.2 (mu_rec=8 mu_bwd=4) | grad=4.312 | tok/s=14,253 | tokens=4.72B
step=143970 | loss=4.8686 | lr=1.92e-04 | wd=0.0056 | mom=0.9500 | T=6.0 k=3.5 (mu_rec=8 mu_bwd=4) | grad=5.344 | tok/s=12,994 | tokens=4.72B
step=143980 | loss=4.9973 | lr=1.92e-04 | wd=0.0056 | mom=0.9500 | T=9.5 k=4.0 (mu_rec=8 mu_bwd=4) | grad=4.406 | tok/s=14,357 | tokens=4.72B
step=143990 | loss=4.8792 | lr=1.92e-04 | wd=0.0056 | mom=0.9500 | T=5.5 k=3.2 (mu_rec=8 mu_bwd=4) | grad=1.984 | tok/s=13,962 | tokens=4.72B
step=144000 | loss=4.2885 | lr=1.91e-04 | wd=0.0056 | mom=0.9500 | T=8.2 k=3.8 (mu_rec=8 mu_bwd=4) | grad=2.344 | tok/s=13,484 | tokens=4.72B
[step 144000] Saved -> runs/ccot-5b/checkpoint_0144000
[step 144000] Pruned -> runs/ccot-5b/checkpoint_0138000
step=144010 | loss=5.0339 | lr=1.91e-04 | wd=0.0056 | mom=0.9500 | T=4.0 k=3.2 (mu_rec=8 mu_bwd=4) | grad=2.281 | tok/s=14,470 | tokens=4.72B
step=144020 | loss=4.9536 | lr=1.91e-04 | wd=0.0056 | mom=0.9500 | T=7.0 k=3.5 (mu_rec=8 mu_bwd=4) | grad=4.312 | tok/s=15,812 | tokens=4.72B
step=144030 | loss=4.9519 | lr=1.91e-04 | wd=0.0056 | mom=0.9500 | T=8.2 k=4.0 (mu_rec=8 mu_bwd=4) | grad=2.234 | tok/s=14,503 | tokens=4.72B
step=144040 | loss=4.8543 | lr=1.90e-04 | wd=0.0056 | mom=0.9500 | T=12.8 k=4.0 (mu_rec=8 mu_bwd=4) | grad=3.375 | tok/s=14,159 | tokens=4.72B
step=144050 | loss=4.9872 | lr=1.90e-04 | wd=0.0056 | mom=0.9500 | T=7.8 k=4.0 (mu_rec=8 mu_bwd=4) | grad=7.500 | tok/s=14,352 | tokens=4.72B
step=144060 | loss=4.8517 | lr=1.90e-04 | wd=0.0056 | mom=0.9500 | T=4.5 k=3.5 (mu_rec=8 mu_bwd=4) | grad=2.062 | tok/s=15,686 | tokens=4.72B
step=144070 | loss=5.0153 | lr=1.89e-04 | wd=0.0056 | mom=0.9500 | T=6.5 k=3.5 (mu_rec=8 mu_bwd=4) | grad=3.500 | tok/s=14,342 | tokens=4.72B
step=144080 | loss=4.9856 | lr=1.89e-04 | wd=0.0056 | mom=0.9500 | T=10.0 k=3.8 (mu_rec=8 mu_bwd=4) | grad=2.922 | tok/s=13,932 | tokens=4.72B
step=144090 | loss=5.2523 | lr=1.89e-04 | wd=0.0056 | mom=0.9500 | T=9.2 k=4.0 (mu_rec=8 mu_bwd=4) | grad=2.797 | tok/s=14,942 | tokens=4.72B
step=144100 | loss=4.7782 | lr=1.89e-04 | wd=0.0056 | mom=0.9500 | T=5.2 k=3.0 (mu_rec=8 mu_bwd=4) | grad=2.516 | tok/s=15,025 | tokens=4.72B
step=144110 | loss=4.9699 | lr=1.88e-04 | wd=0.0056 | mom=0.9500 | T=6.2 k=3.5 (mu_rec=8 mu_bwd=4) | grad=2.734 | tok/s=14,005 | tokens=4.72B
step=144120 | loss=4.8799 | lr=1.88e-04 | wd=0.0055 | mom=0.9500 | T=11.5 k=4.0 (mu_rec=8 mu_bwd=4) | grad=3.719 | tok/s=13,761 | tokens=4.72B
step=144130 | loss=4.9928 | lr=1.88e-04 | wd=0.0055 | mom=0.9500 | T=8.5 k=4.0 (mu_rec=8 mu_bwd=4) | grad=2.375 | tok/s=15,150 | tokens=4.72B
step=144140 | loss=4.9450 | lr=1.88e-04 | wd=0.0055 | mom=0.9500 | T=3.5 k=3.2 (mu_rec=8 mu_bwd=4) | grad=2.703 | tok/s=14,903 | tokens=4.72B
step=144150 | loss=4.9515 | lr=1.87e-04 | wd=0.0055 | mom=0.9500 | T=11.5 k=4.0 (mu_rec=8 mu_bwd=4) | grad=2.266 | tok/s=14,024 | tokens=4.72B
step=144160 | loss=4.8454 | lr=1.87e-04 | wd=0.0055 | mom=0.9500 | T=6.0 k=3.8 (mu_rec=8 mu_bwd=4) | grad=2.312 | tok/s=14,255 | tokens=4.72B
step=144170 | loss=5.0024 | lr=1.87e-04 | wd=0.0055 | mom=0.9500 | T=8.0 k=3.5 (mu_rec=8 mu_bwd=4) | grad=2.406 | tok/s=15,299 | tokens=4.72B
step=144180 | loss=4.9379 | lr=1.86e-04 | wd=0.0055 | mom=0.9500 | T=7.2 k=4.0 (mu_rec=8 mu_bwd=4) | grad=12.125 | tok/s=14,935 | tokens=4.72B
step=144190 | loss=5.3700 | lr=1.86e-04 | wd=0.0055 | mom=0.9500 | T=10.5 k=3.5 (mu_rec=8 mu_bwd=4) | grad=2.953 | tok/s=13,321 | tokens=4.72B
step=144200 | loss=4.9810 | lr=1.86e-04 | wd=0.0055 | mom=0.9500 | T=7.8 k=3.8 (mu_rec=8 mu_bwd=4) | grad=2.906 | tok/s=14,200 | tokens=4.73B
step=144210 | loss=4.8053 | lr=1.86e-04 | wd=0.0055 | mom=0.9500 | T=3.8 k=3.2 (mu_rec=8 mu_bwd=4) | grad=2.266 | tok/s=15,536 | tokens=4.73B
step=144220 | loss=4.9072 | lr=1.85e-04 | wd=0.0055 | mom=0.9500 | T=9.2 k=4.0 (mu_rec=8 mu_bwd=4) | grad=2.297 | tok/s=14,064 | tokens=4.73B
step=144230 | loss=4.9489 | lr=1.85e-04 | wd=0.0055 | mom=0.9500 | T=6.5 k=4.0 (mu_rec=8 mu_bwd=4) | grad=3.312 | tok/s=15,664 | tokens=4.73B
step=144240 | loss=5.4243 | lr=1.85e-04 | wd=0.0055 | mom=0.9500 | T=3.0 k=2.2 (mu_rec=8 mu_bwd=4) | grad=3.406 | tok/s=15,124 | tokens=4.73B
step=144250 | loss=5.0881 | lr=1.85e-04 | wd=0.0055 | mom=0.9500 | T=12.0 k=4.0 (mu_rec=8 mu_bwd=4) | grad=3.516 | tok/s=13,348 | tokens=4.73B
step=144260 | loss=4.9342 | lr=1.84e-04 | wd=0.0055 | mom=0.9500 | T=7.8 k=3.2 (mu_rec=8 mu_bwd=4) | grad=3.016 | tok/s=15,137 | tokens=4.73B
step=144270 | loss=4.8092 | lr=1.84e-04 | wd=0.0054 | mom=0.9500 | T=10.2 k=3.5 (mu_rec=8 mu_bwd=4) | grad=2.359 | tok/s=13,364 | tokens=4.73B
step=144280 | loss=4.9916 | lr=1.84e-04 | wd=0.0054 | mom=0.9500 | T=6.0 k=4.0 (mu_rec=8 mu_bwd=4) | grad=6.688 | tok/s=14,484 | tokens=4.73B
step=144290 | loss=5.0020 | lr=1.83e-04 | wd=0.0054 | mom=0.9500 | T=5.5 k=3.8 (mu_rec=8 mu_bwd=4) | grad=2.734 | tok/s=15,041 | tokens=4.73B
step=144300 | loss=5.2822 | lr=1.83e-04 | wd=0.0054 | mom=0.9500 | T=7.5 k=3.5 (mu_rec=8 mu_bwd=4) | grad=5.000 | tok/s=14,150 | tokens=4.73B
step=144310 | loss=5.0426 | lr=1.83e-04 | wd=0.0054 | mom=0.9500 | T=7.5 k=3.2 (mu_rec=8 mu_bwd=4) | grad=3.484 | tok/s=13,841 | tokens=4.73B
step=144320 | loss=5.0788 | lr=1.83e-04 | wd=0.0054 | mom=0.9500 | T=9.0 k=3.8 (mu_rec=8 mu_bwd=4) | grad=2.312 | tok/s=13,952 | tokens=4.73B
step=144330 | loss=4.9031 | lr=1.82e-04 | wd=0.0054 | mom=0.9500 | T=7.0 k=4.0 (mu_rec=8 mu_bwd=4) | grad=2.609 | tok/s=13,179 | tokens=4.73B
step=144340 | loss=4.8374 | lr=1.82e-04 | wd=0.0054 | mom=0.9500 | T=8.8 k=4.0 (mu_rec=8 mu_bwd=4) | grad=2.000 | tok/s=15,513 | tokens=4.73B
step=144350 | loss=4.8586 | lr=1.82e-04 | wd=0.0054 | mom=0.9500 | T=7.8 k=3.8 (mu_rec=8 mu_bwd=4) | grad=2.031 | tok/s=13,607 | tokens=4.73B
step=144360 | loss=4.9975 | lr=1.82e-04 | wd=0.0054 | mom=0.9500 | T=9.5 k=4.0 (mu_rec=8 mu_bwd=4) | grad=2.203 | tok/s=14,306 | tokens=4.73B
step=144370 | loss=5.0200 | lr=1.81e-04 | wd=0.0054 | mom=0.9500 | T=5.2 k=3.8 (mu_rec=8 mu_bwd=4) | grad=5.250 | tok/s=14,011 | tokens=4.73B
step=144380 | loss=5.0172 | lr=1.81e-04 | wd=0.0054 | mom=0.9500 | T=10.5 k=4.0 (mu_rec=8 mu_bwd=4) | grad=8.375 | tok/s=14,184 | tokens=4.73B
step=144390 | loss=4.9167 | lr=1.81e-04 | wd=0.0054 | mom=0.9500 | T=10.0 k=4.0 (mu_rec=8 mu_bwd=4) | grad=1.844 | tok/s=13,666 | tokens=4.73B
step=144400 | loss=5.0220 | lr=1.80e-04 | wd=0.0054 | mom=0.9500 | T=8.8 k=3.5 (mu_rec=8 mu_bwd=4) | grad=4.938 | tok/s=14,187 | tokens=4.73B
step=144410 | loss=4.8878 | lr=1.80e-04 | wd=0.0054 | mom=0.9500 | T=8.5 k=4.0 (mu_rec=8 mu_bwd=4) | grad=2.219 | tok/s=13,816 | tokens=4.73B
step=144420 | loss=4.8088 | lr=1.80e-04 | wd=0.0054 | mom=0.9500 | T=5.2 k=3.8 (mu_rec=8 mu_bwd=4) | grad=3.188 | tok/s=6,297 | tokens=4.73B
step=144430 | loss=4.8557 | lr=1.80e-04 | wd=0.0053 | mom=0.9500 | T=5.5 k=3.0 (mu_rec=8 mu_bwd=4) | grad=4.250 | tok/s=14,625 | tokens=4.73B
step=144440 | loss=5.1495 | lr=1.79e-04 | wd=0.0053 | mom=0.9500 | T=6.8 k=3.8 (mu_rec=8 mu_bwd=4) | grad=2.484 | tok/s=14,027 | tokens=4.73B
step=144450 | loss=5.0566 | lr=1.79e-04 | wd=0.0053 | mom=0.9500 | T=5.5 k=3.5 (mu_rec=8 mu_bwd=4) | grad=4.406 | tok/s=13,609 | tokens=4.73B
step=144460 | loss=4.9150 | lr=1.79e-04 | wd=0.0053 | mom=0.9500 | T=7.8 k=3.2 (mu_rec=8 mu_bwd=4) | grad=1.992 | tok/s=14,707 | tokens=4.73B
step=144470 | loss=4.9382 | lr=1.78e-04 | wd=0.0053 | mom=0.9500 | T=8.0 k=4.0 (mu_rec=8 mu_bwd=4) | grad=2.609 | tok/s=14,653 | tokens=4.73B
step=144480 | loss=4.9936 | lr=1.78e-04 | wd=0.0053 | mom=0.9500 | T=7.2 k=4.0 (mu_rec=8 mu_bwd=4) | grad=2.750 | tok/s=14,401 | tokens=4.73B
step=144490 | loss=4.9824 | lr=1.78e-04 | wd=0.0053 | mom=0.9500 | T=4.5 k=3.0 (mu_rec=8 mu_bwd=4) | grad=2.656 | tok/s=14,626 | tokens=4.73B
step=144500 | loss=4.9404 | lr=1.78e-04 | wd=0.0053 | mom=0.9500 | T=6.0 k=3.5 (mu_rec=8 mu_bwd=4) | grad=2.656 | tok/s=14,874 | tokens=4.73B
step=144510 | loss=4.8295 | lr=1.77e-04 | wd=0.0053 | mom=0.9500 | T=4.8 k=3.2 (mu_rec=8 mu_bwd=4) | grad=3.375 | tok/s=15,098 | tokens=4.74B
step=144520 | loss=4.9150 | lr=1.77e-04 | wd=0.0053 | mom=0.9500 | T=5.8 k=3.5 (mu_rec=8 mu_bwd=4) | grad=1.969 | tok/s=13,926 | tokens=4.74B
step=144530 | loss=4.9286 | lr=1.77e-04 | wd=0.0053 | mom=0.9500 | T=6.5 k=3.5 (mu_rec=8 mu_bwd=4) | grad=3.500 | tok/s=13,686 | tokens=4.74B
step=144540 | loss=4.8938 | lr=1.77e-04 | wd=0.0053 | mom=0.9500 | T=13.0 k=3.5 (mu_rec=8 mu_bwd=4) | grad=2.375 | tok/s=14,940 | tokens=4.74B
step=144550 | loss=5.0383 | lr=1.76e-04 | wd=0.0053 | mom=0.9500 | T=12.8 k=4.0 (mu_rec=8 mu_bwd=4) | grad=1.977 | tok/s=14,347 | tokens=4.74B
step=144560 | loss=4.9421 | lr=1.76e-04 | wd=0.0053 | mom=0.9500 | T=5.2 k=3.8 (mu_rec=8 mu_bwd=4) | grad=4.125 | tok/s=14,036 | tokens=4.74B
step=144570 | loss=5.0022 | lr=1.76e-04 | wd=0.0053 | mom=0.9500 | T=7.0 k=3.0 (mu_rec=8 mu_bwd=4) | grad=7.219 | tok/s=14,106 | tokens=4.74B
step=144580 | loss=4.8434 | lr=1.75e-04 | wd=0.0052 | mom=0.9500 | T=10.2 k=4.0 (mu_rec=8 mu_bwd=4) | grad=2.016 | tok/s=14,510 | tokens=4.74B
step=144590 | loss=4.9383 | lr=1.75e-04 | wd=0.0052 | mom=0.9500 | T=5.5 k=4.0 (mu_rec=8 mu_bwd=4) | grad=4.188 | tok/s=14,742 | tokens=4.74B
step=144600 | loss=4.8866 | lr=1.75e-04 | wd=0.0052 | mom=0.9500 | T=6.2 k=3.5 (mu_rec=8 mu_bwd=4) | grad=2.609 | tok/s=13,019 | tokens=4.74B
step=144610 | loss=4.6856 | lr=1.75e-04 | wd=0.0052 | mom=0.9500 | T=7.0 k=4.0 (mu_rec=8 mu_bwd=4) | grad=2.297 | tok/s=14,936 | tokens=4.74B
step=144620 | loss=4.9935 | lr=1.74e-04 | wd=0.0052 | mom=0.9500 | T=7.2 k=4.0 (mu_rec=8 mu_bwd=4) | grad=3.281 | tok/s=13,908 | tokens=4.74B
step=144630 | loss=4.9113 | lr=1.74e-04 | wd=0.0052 | mom=0.9500 | T=7.5 k=3.5 (mu_rec=8 mu_bwd=4) | grad=3.281 | tok/s=13,945 | tokens=4.74B
step=144640 | loss=5.0522 | lr=1.74e-04 | wd=0.0052 | mom=0.9500 | T=8.0 k=4.0 (mu_rec=8 mu_bwd=4) | grad=2.078 | tok/s=13,920 | tokens=4.74B
step=144650 | loss=4.9493 | lr=1.74e-04 | wd=0.0052 | mom=0.9500 | T=5.0 k=3.0 (mu_rec=8 mu_bwd=4) | grad=2.141 | tok/s=14,585 | tokens=4.74B
step=144660 | loss=5.0828 | lr=1.73e-04 | wd=0.0052 | mom=0.9500 | T=5.8 k=4.0 (mu_rec=8 mu_bwd=4) | grad=6.250 | tok/s=13,207 | tokens=4.74B
step=144670 | loss=5.2273 | lr=1.73e-04 | wd=0.0052 | mom=0.9500 | T=7.0 k=3.5 (mu_rec=8 mu_bwd=4) | grad=3.453 | tok/s=12,602 | tokens=4.74B
step=144680 | loss=5.0609 | lr=1.73e-04 | wd=0.0052 | mom=0.9500 | T=5.8 k=4.0 (mu_rec=8 mu_bwd=4) | grad=5.000 | tok/s=15,026 | tokens=4.74B
step=144690 | loss=5.0284 | lr=1.72e-04 | wd=0.0052 | mom=0.9500 | T=8.8 k=4.0 (mu_rec=8 mu_bwd=4) | grad=7.438 | tok/s=12,974 | tokens=4.74B
step=144700 | loss=4.8236 | lr=1.72e-04 | wd=0.0052 | mom=0.9500 | T=11.2 k=4.0 (mu_rec=8 mu_bwd=4) | grad=2.016 | tok/s=14,382 | tokens=4.74B
step=144710 | loss=4.7119 | lr=1.72e-04 | wd=0.0052 | mom=0.9500 | T=9.5 k=3.2 (mu_rec=8 mu_bwd=4) | grad=2.203 | tok/s=13,956 | tokens=4.74B
step=144720 | loss=4.8690 | lr=1.72e-04 | wd=0.0052 | mom=0.9500 | T=8.2 k=3.5 (mu_rec=8 mu_bwd=4) | grad=2.438 | tok/s=14,902 | tokens=4.74B
step=144730 | loss=4.9144 | lr=1.71e-04 | wd=0.0051 | mom=0.9500 | T=9.0 k=4.0 (mu_rec=8 mu_bwd=4) | grad=2.578 | tok/s=14,911 | tokens=4.74B
step=144740 | loss=4.9554 | lr=1.71e-04 | wd=0.0051 | mom=0.9500 | T=7.8 k=3.8 (mu_rec=8 mu_bwd=4) | grad=3.688 | tok/s=13,064 | tokens=4.74B
step=144750 | loss=5.0146 | lr=1.71e-04 | wd=0.0051 | mom=0.9500 | T=8.0 k=4.0 (mu_rec=8 mu_bwd=4) | grad=3.703 | tok/s=6,166 | tokens=4.74B
step=144760 | loss=5.0231 | lr=1.70e-04 | wd=0.0051 | mom=0.9500 | T=10.5 k=4.0 (mu_rec=8 mu_bwd=4) | grad=2.062 | tok/s=13,701 | tokens=4.74B
step=144770 | loss=4.9779 | lr=1.70e-04 | wd=0.0051 | mom=0.9500 | T=6.8 k=4.0 (mu_rec=8 mu_bwd=4) | grad=4.844 | tok/s=13,415 | tokens=4.74B
step=144780 | loss=5.0615 | lr=1.70e-04 | wd=0.0051 | mom=0.9500 | T=10.5 k=3.5 (mu_rec=8 mu_bwd=4) | grad=2.266 | tok/s=14,392 | tokens=4.74B
step=144790 | loss=4.8549 | lr=1.70e-04 | wd=0.0051 | mom=0.9500 | T=9.0 k=3.8 (mu_rec=8 mu_bwd=4) | grad=2.703 | tok/s=13,446 | tokens=4.74B
step=144800 | loss=4.8790 | lr=1.69e-04 | wd=0.0051 | mom=0.9500 | T=7.2 k=3.2 (mu_rec=8 mu_bwd=4) | grad=7.875 | tok/s=14,524 | tokens=4.74B
step=144810 | loss=4.6202 | lr=1.69e-04 | wd=0.0051 | mom=0.9500 | T=5.5 k=3.8 (mu_rec=8 mu_bwd=4) | grad=3.219 | tok/s=13,522 | tokens=4.75B
step=144820 | loss=5.0149 | lr=1.69e-04 | wd=0.0051 | mom=0.9500 | T=12.8 k=4.0 (mu_rec=8 mu_bwd=4) | grad=3.641 | tok/s=13,864 | tokens=4.75B
step=144830 | loss=4.8895 | lr=1.69e-04 | wd=0.0051 | mom=0.9500 | T=11.5 k=4.0 (mu_rec=8 mu_bwd=4) | grad=3.031 | tok/s=13,931 | tokens=4.75B
step=144840 | loss=4.7255 | lr=1.68e-04 | wd=0.0051 | mom=0.9500 | T=11.8 k=4.0 (mu_rec=8 mu_bwd=4) | grad=6.250 | tok/s=13,955 | tokens=4.75B
step=144850 | loss=5.0545 | lr=1.68e-04 | wd=0.0051 | mom=0.9500 | T=5.2 k=4.0 (mu_rec=8 mu_bwd=4) | grad=2.500 | tok/s=13,646 | tokens=4.75B
step=144860 | loss=4.9083 | lr=1.68e-04 | wd=0.0051 | mom=0.9500 | T=8.2 k=3.5 (mu_rec=8 mu_bwd=4) | grad=1.953 | tok/s=14,010 | tokens=4.75B
step=144870 | loss=4.9285 | lr=1.67e-04 | wd=0.0051 | mom=0.9500 | T=6.8 k=4.0 (mu_rec=8 mu_bwd=4) | grad=8.125 | tok/s=14,299 | tokens=4.75B
step=144880 | loss=4.9192 | lr=1.67e-04 | wd=0.0050 | mom=0.9500 | T=4.8 k=3.5 (mu_rec=8 mu_bwd=4) | grad=2.875 | tok/s=14,502 | tokens=4.75B
step=144890 | loss=4.9367 | lr=1.67e-04 | wd=0.0050 | mom=0.9500 | T=9.0 k=4.0 (mu_rec=8 mu_bwd=4) | grad=2.891 | tok/s=15,711 | tokens=4.75B
step=144900 | loss=5.0464 | lr=1.67e-04 | wd=0.0050 | mom=0.9500 | T=10.2 k=4.0 (mu_rec=8 mu_bwd=4) | grad=2.109 | tok/s=13,720 | tokens=4.75B
step=144910 | loss=4.7739 | lr=1.66e-04 | wd=0.0050 | mom=0.9500 | T=4.0 k=3.2 (mu_rec=8 mu_bwd=4) | grad=2.719 | tok/s=13,904 | tokens=4.75B
step=144920 | loss=4.9891 | lr=1.66e-04 | wd=0.0050 | mom=0.9500 | T=6.0 k=3.5 (mu_rec=8 mu_bwd=4) | grad=3.312 | tok/s=14,204 | tokens=4.75B
step=144930 | loss=4.7175 | lr=1.66e-04 | wd=0.0050 | mom=0.9500 | T=7.5 k=3.5 (mu_rec=8 mu_bwd=4) | grad=2.594 | tok/s=14,228 | tokens=4.75B
step=144940 | loss=4.7578 | lr=1.65e-04 | wd=0.0050 | mom=0.9500 | T=4.5 k=3.8 (mu_rec=8 mu_bwd=4) | grad=4.281 | tok/s=13,737 | tokens=4.75B
step=144950 | loss=4.9928 | lr=1.65e-04 | wd=0.0050 | mom=0.9500 | T=4.5 k=3.0 (mu_rec=8 mu_bwd=4) | grad=4.875 | tok/s=14,335 | tokens=4.75B
step=144960 | loss=4.9152 | lr=1.65e-04 | wd=0.0050 | mom=0.9500 | T=6.8 k=3.0 (mu_rec=8 mu_bwd=4) | grad=4.062 | tok/s=14,571 | tokens=4.75B
step=144970 | loss=4.8447 | lr=1.65e-04 | wd=0.0050 | mom=0.9500 | T=12.2 k=4.0 (mu_rec=8 mu_bwd=4) | grad=7.938 | tok/s=13,760 | tokens=4.75B
step=144980 | loss=5.0382 | lr=1.64e-04 | wd=0.0050 | mom=0.9500 | T=9.2 k=3.0 (mu_rec=8 mu_bwd=4) | grad=2.516 | tok/s=14,627 | tokens=4.75B
step=144990 | loss=4.8870 | lr=1.64e-04 | wd=0.0050 | mom=0.9500 | T=8.0 k=4.0 (mu_rec=8 mu_bwd=4) | grad=1.953 | tok/s=14,344 | tokens=4.75B
step=145000 | loss=4.8969 | lr=1.64e-04 | wd=0.0050 | mom=0.9500 | T=6.0 k=3.5 (mu_rec=8 mu_bwd=4) | grad=2.172 | tok/s=13,497 | tokens=4.75B
step=145010 | loss=4.8013 | lr=1.63e-04 | wd=0.0050 | mom=0.9500 | T=9.0 k=4.0 (mu_rec=8 mu_bwd=4) | grad=3.578 | tok/s=14,200 | tokens=4.75B
step=145020 | loss=4.8827 | lr=1.63e-04 | wd=0.0050 | mom=0.9500 | T=5.8 k=3.5 (mu_rec=8 mu_bwd=4) | grad=2.875 | tok/s=14,136 | tokens=4.75B
step=145030 | loss=4.9852 | lr=1.63e-04 | wd=0.0050 | mom=0.9500 | T=4.8 k=3.2 (mu_rec=8 mu_bwd=4) | grad=4.062 | tok/s=14,407 | tokens=4.75B
step=145040 | loss=5.0199 | lr=1.63e-04 | wd=0.0049 | mom=0.9500 | T=6.8 k=3.5 (mu_rec=8 mu_bwd=4) | grad=2.203 | tok/s=13,319 | tokens=4.75B
step=145050 | loss=4.6901 | lr=1.62e-04 | wd=0.0049 | mom=0.9500 | T=10.5 k=4.0 (mu_rec=8 mu_bwd=4) | grad=5.906 | tok/s=14,261 | tokens=4.75B
step=145060 | loss=4.8613 | lr=1.62e-04 | wd=0.0049 | mom=0.9500 | T=10.8 k=4.0 (mu_rec=8 mu_bwd=4) | grad=3.078 | tok/s=15,182 | tokens=4.75B
step=145070 | loss=4.8892 | lr=1.62e-04 | wd=0.0049 | mom=0.9500 | T=9.2 k=4.0 (mu_rec=8 mu_bwd=4) | grad=1.797 | tok/s=14,358 | tokens=4.75B
step=145080 | loss=4.9509 | lr=1.62e-04 | wd=0.0049 | mom=0.9500 | T=5.8 k=3.5 (mu_rec=8 mu_bwd=4) | grad=2.234 | tok/s=14,837 | tokens=4.75B
step=145090 | loss=5.0184 | lr=1.61e-04 | wd=0.0049 | mom=0.9500 | T=9.8 k=4.0 (mu_rec=8 mu_bwd=4) | grad=2.234 | tok/s=13,694 | tokens=4.75B
step=145100 | loss=5.2073 | lr=1.61e-04 | wd=0.0049 | mom=0.9500 | T=7.2 k=4.0 (mu_rec=8 mu_bwd=4) | grad=2.156 | tok/s=14,407 | tokens=4.75B
step=145110 | loss=4.9517 | lr=1.61e-04 | wd=0.0049 | mom=0.9500 | T=8.2 k=4.0 (mu_rec=8 mu_bwd=4) | grad=6.250 | tok/s=14,330 | tokens=4.75B
step=145120 | loss=4.9320 | lr=1.60e-04 | wd=0.0049 | mom=0.9500 | T=7.8 k=3.8 (mu_rec=8 mu_bwd=4) | grad=2.016 | tok/s=13,854 | tokens=4.76B
step=145130 | loss=4.8632 | lr=1.60e-04 | wd=0.0049 | mom=0.9500 | T=8.0 k=4.0 (mu_rec=8 mu_bwd=4) | grad=2.781 | tok/s=13,573 | tokens=4.76B
step=145140 | loss=4.9396 | lr=1.60e-04 | wd=0.0049 | mom=0.9500 | T=5.0 k=3.2 (mu_rec=8 mu_bwd=4) | grad=1.758 | tok/s=14,540 | tokens=4.76B
step=145150 | loss=5.0143 | lr=1.60e-04 | wd=0.0049 | mom=0.9500 | T=11.5 k=4.0 (mu_rec=8 mu_bwd=4) | grad=2.844 | tok/s=13,226 | tokens=4.76B
step=145160 | loss=4.9441 | lr=1.59e-04 | wd=0.0049 | mom=0.9500 | T=4.0 k=2.8 (mu_rec=8 mu_bwd=4) | grad=2.438 | tok/s=15,792 | tokens=4.76B
step=145170 | loss=4.9483 | lr=1.59e-04 | wd=0.0049 | mom=0.9500 | T=6.0 k=3.5 (mu_rec=8 mu_bwd=4) | grad=3.344 | tok/s=14,471 | tokens=4.76B
step=145180 | loss=5.1809 | lr=1.59e-04 | wd=0.0049 | mom=0.9500 | T=7.0 k=4.0 (mu_rec=8 mu_bwd=4) | grad=3.344 | tok/s=13,999 | tokens=4.76B
step=145190 | loss=5.2067 | lr=1.58e-04 | wd=0.0048 | mom=0.9500 | T=10.5 k=4.0 (mu_rec=8 mu_bwd=4) | grad=15.312 | tok/s=13,934 | tokens=4.76B
step=145200 | loss=5.2090 | lr=1.58e-04 | wd=0.0048 | mom=0.9500 | T=6.8 k=3.8 (mu_rec=8 mu_bwd=4) | grad=2.453 | tok/s=14,672 | tokens=4.76B
step=145210 | loss=5.0889 | lr=1.58e-04 | wd=0.0048 | mom=0.9500 | T=7.2 k=3.8 (mu_rec=8 mu_bwd=4) | grad=5.250 | tok/s=13,206 | tokens=4.76B
step=145220 | loss=4.9825 | lr=1.58e-04 | wd=0.0048 | mom=0.9500 | T=7.5 k=3.8 (mu_rec=8 mu_bwd=4) | grad=2.266 | tok/s=14,090 | tokens=4.76B
step=145230 | loss=4.8798 | lr=1.57e-04 | wd=0.0048 | mom=0.9500 | T=6.2 k=3.8 (mu_rec=8 mu_bwd=4) | grad=2.344 | tok/s=14,810 | tokens=4.76B
step=145240 | loss=5.0485 | lr=1.57e-04 | wd=0.0048 | mom=0.9500 | T=6.8 k=3.2 (mu_rec=8 mu_bwd=4) | grad=2.578 | tok/s=15,373 | tokens=4.76B
step=145250 | loss=4.8492 | lr=1.57e-04 | wd=0.0048 | mom=0.9500 | T=5.5 k=3.5 (mu_rec=8 mu_bwd=4) | grad=4.969 | tok/s=15,010 | tokens=4.76B
step=145260 | loss=4.9535 | lr=1.57e-04 | wd=0.0048 | mom=0.9500 | T=6.8 k=4.0 (mu_rec=8 mu_bwd=4) | grad=2.344 | tok/s=5,861 | tokens=4.76B
step=145270 | loss=4.8077 | lr=1.56e-04 | wd=0.0048 | mom=0.9500 | T=8.2 k=4.0 (mu_rec=8 mu_bwd=4) | grad=3.406 | tok/s=14,229 | tokens=4.76B
step=145280 | loss=5.3653 | lr=1.56e-04 | wd=0.0048 | mom=0.9500 | T=6.8 k=4.0 (mu_rec=8 mu_bwd=4) | grad=5.562 | tok/s=15,027 | tokens=4.76B
step=145290 | loss=5.1473 | lr=1.56e-04 | wd=0.0048 | mom=0.9500 | T=9.2 k=4.0 (mu_rec=8 mu_bwd=4) | grad=2.766 | tok/s=13,907 | tokens=4.76B
step=145300 | loss=4.9645 | lr=1.55e-04 | wd=0.0048 | mom=0.9500 | T=5.0 k=3.5 (mu_rec=8 mu_bwd=4) | grad=3.156 | tok/s=12,400 | tokens=4.76B
step=145310 | loss=4.9993 | lr=1.55e-04 | wd=0.0048 | mom=0.9500 | T=11.8 k=4.0 (mu_rec=8 mu_bwd=4) | grad=4.312 | tok/s=14,195 | tokens=4.76B
step=145320 | loss=5.1023 | lr=1.55e-04 | wd=0.0048 | mom=0.9500 | T=7.0 k=3.8 (mu_rec=8 mu_bwd=4) | grad=2.016 | tok/s=15,131 | tokens=4.76B
step=145330 | loss=5.0119 | lr=1.55e-04 | wd=0.0048 | mom=0.9500 | T=4.8 k=3.2 (mu_rec=8 mu_bwd=4) | grad=2.156 | tok/s=13,942 | tokens=4.76B
step=145340 | loss=4.9426 | lr=1.54e-04 | wd=0.0047 | mom=0.9500 | T=13.8 k=4.0 (mu_rec=8 mu_bwd=4) | grad=3.078 | tok/s=15,108 | tokens=4.76B
step=145350 | loss=4.8748 | lr=1.54e-04 | wd=0.0047 | mom=0.9500 | T=8.0 k=3.5 (mu_rec=8 mu_bwd=4) | grad=2.719 | tok/s=13,338 | tokens=4.76B
step=145360 | loss=4.9003 | lr=1.54e-04 | wd=0.0047 | mom=0.9500 | T=6.2 k=4.0 (mu_rec=8 mu_bwd=4) | grad=5.406 | tok/s=13,795 | tokens=4.76B
step=145370 | loss=4.8886 | lr=1.54e-04 | wd=0.0047 | mom=0.9500 | T=15.0 k=4.0 (mu_rec=8 mu_bwd=4) | grad=2.328 | tok/s=14,219 | tokens=4.76B
step=145380 | loss=4.9031 | lr=1.53e-04 | wd=0.0047 | mom=0.9500 | T=5.5 k=3.5 (mu_rec=8 mu_bwd=4) | grad=4.562 | tok/s=14,610 | tokens=4.76B
step=145390 | loss=5.0671 | lr=1.53e-04 | wd=0.0047 | mom=0.9500 | T=8.8 k=4.0 (mu_rec=8 mu_bwd=4) | grad=1.906 | tok/s=14,490 | tokens=4.76B
step=145400 | loss=4.6681 | lr=1.53e-04 | wd=0.0047 | mom=0.9500 | T=8.8 k=3.8 (mu_rec=8 mu_bwd=4) | grad=2.188 | tok/s=13,620 | tokens=4.76B
step=145410 | loss=4.9058 | lr=1.52e-04 | wd=0.0047 | mom=0.9500 | T=8.2 k=3.8 (mu_rec=8 mu_bwd=4) | grad=2.203 | tok/s=14,572 | tokens=4.76B
step=145420 | loss=4.6959 | lr=1.52e-04 | wd=0.0047 | mom=0.9500 | T=9.2 k=3.8 (mu_rec=8 mu_bwd=4) | grad=6.344 | tok/s=12,490 | tokens=4.77B
step=145430 | loss=4.7381 | lr=1.52e-04 | wd=0.0047 | mom=0.9500 | T=10.8 k=4.0 (mu_rec=8 mu_bwd=4) | grad=3.031 | tok/s=14,134 | tokens=4.77B
step=145440 | loss=4.7933 | lr=1.52e-04 | wd=0.0047 | mom=0.9500 | T=10.0 k=3.8 (mu_rec=8 mu_bwd=4) | grad=2.141 | tok/s=13,963 | tokens=4.77B
step=145450 | loss=4.8725 | lr=1.51e-04 | wd=0.0047 | mom=0.9500 | T=9.2 k=3.8 (mu_rec=8 mu_bwd=4) | grad=2.422 | tok/s=14,840 | tokens=4.77B
step=145460 | loss=5.0937 | lr=1.51e-04 | wd=0.0047 | mom=0.9500 | T=5.0 k=2.8 (mu_rec=8 mu_bwd=4) | grad=3.812 | tok/s=14,677 | tokens=4.77B
step=145470 | loss=4.9971 | lr=1.51e-04 | wd=0.0047 | mom=0.9500 | T=12.0 k=4.0 (mu_rec=8 mu_bwd=4) | grad=2.703 | tok/s=13,248 | tokens=4.77B
step=145480 | loss=4.7485 | lr=1.50e-04 | wd=0.0047 | mom=0.9500 | T=7.0 k=3.8 (mu_rec=8 mu_bwd=4) | grad=3.141 | tok/s=14,494 | tokens=4.77B
step=145490 | loss=4.7798 | lr=1.50e-04 | wd=0.0046 | mom=0.9500 | T=8.8 k=3.8 (mu_rec=8 mu_bwd=4) | grad=3.078 | tok/s=14,279 | tokens=4.77B
step=145500 | loss=4.7651 | lr=1.50e-04 | wd=0.0046 | mom=0.9500 | T=5.8 k=2.8 (mu_rec=8 mu_bwd=4) | grad=4.281 | tok/s=14,118 | tokens=4.77B
step=145510 | loss=4.8942 | lr=1.50e-04 | wd=0.0046 | mom=0.9500 | T=9.0 k=4.0 (mu_rec=8 mu_bwd=4) | grad=2.797 | tok/s=12,813 | tokens=4.77B
step=145520 | loss=4.9943 | lr=1.49e-04 | wd=0.0046 | mom=0.9500 | T=5.2 k=3.2 (mu_rec=8 mu_bwd=4) | grad=3.594 | tok/s=13,428 | tokens=4.77B
step=145530 | loss=5.1342 | lr=1.49e-04 | wd=0.0046 | mom=0.9500 | T=4.5 k=3.2 (mu_rec=8 mu_bwd=4) | grad=2.703 | tok/s=14,985 | tokens=4.77B
step=145540 | loss=4.8496 | lr=1.49e-04 | wd=0.0046 | mom=0.9500 | T=5.0 k=3.5 (mu_rec=8 mu_bwd=4) | grad=4.125 | tok/s=13,582 | tokens=4.77B
step=145550 | loss=4.9823 | lr=1.49e-04 | wd=0.0046 | mom=0.9500 | T=7.0 k=4.0 (mu_rec=8 mu_bwd=4) | grad=2.344 | tok/s=13,780 | tokens=4.77B
step=145560 | loss=4.9809 | lr=1.48e-04 | wd=0.0046 | mom=0.9500 | T=5.8 k=4.0 (mu_rec=8 mu_bwd=4) | grad=2.016 | tok/s=14,242 | tokens=4.77B
step=145570 | loss=4.8458 | lr=1.48e-04 | wd=0.0046 | mom=0.9500 | T=13.2 k=4.0 (mu_rec=8 mu_bwd=4) | grad=4.719 | tok/s=13,788 | tokens=4.77B
step=145580 | loss=5.0547 | lr=1.48e-04 | wd=0.0046 | mom=0.9500 | T=5.5 k=3.8 (mu_rec=8 mu_bwd=4) | grad=2.297 | tok/s=13,708 | tokens=4.77B
step=145590 | loss=4.9705 | lr=1.47e-04 | wd=0.0046 | mom=0.9500 | T=7.2 k=3.5 (mu_rec=8 mu_bwd=4) | grad=3.406 | tok/s=15,166 | tokens=4.77B
step=145600 | loss=4.9597 | lr=1.47e-04 | wd=0.0046 | mom=0.9500 | T=9.5 k=4.0 (mu_rec=8 mu_bwd=4) | grad=3.156 | tok/s=13,632 | tokens=4.77B
step=145610 | loss=4.9791 | lr=1.47e-04 | wd=0.0046 | mom=0.9500 | T=11.8 k=4.0 (mu_rec=8 mu_bwd=4) | grad=1.875 | tok/s=6,112 | tokens=4.77B
step=145620 | loss=4.7718 | lr=1.47e-04 | wd=0.0046 | mom=0.9500 | T=8.5 k=4.0 (mu_rec=8 mu_bwd=4) | grad=2.125 | tok/s=13,574 | tokens=4.77B
step=145630 | loss=4.6681 | lr=1.46e-04 | wd=0.0046 | mom=0.9500 | T=7.2 k=3.8 (mu_rec=8 mu_bwd=4) | grad=2.031 | tok/s=15,037 | tokens=4.77B
step=145640 | loss=4.9833 | lr=1.46e-04 | wd=0.0046 | mom=0.9500 | T=6.8 k=3.2 (mu_rec=8 mu_bwd=4) | grad=2.328 | tok/s=13,834 | tokens=4.77B
step=145650 | loss=5.1203 | lr=1.46e-04 | wd=0.0045 | mom=0.9500 | T=6.8 k=4.0 (mu_rec=8 mu_bwd=4) | grad=2.703 | tok/s=15,215 | tokens=4.77B
step=145660 | loss=5.3048 | lr=1.45e-04 | wd=0.0045 | mom=0.9500 | T=7.8 k=4.0 (mu_rec=8 mu_bwd=4) | grad=2.078 | tok/s=13,801 | tokens=4.77B
step=145670 | loss=4.9507 | lr=1.45e-04 | wd=0.0045 | mom=0.9500 | T=6.0 k=4.0 (mu_rec=8 mu_bwd=4) | grad=2.359 | tok/s=14,649 | tokens=4.77B
step=145680 | loss=4.9773 | lr=1.45e-04 | wd=0.0045 | mom=0.9500 | T=8.2 k=3.0 (mu_rec=8 mu_bwd=4) | grad=2.234 | tok/s=14,016 | tokens=4.77B
step=145690 | loss=4.9097 | lr=1.45e-04 | wd=0.0045 | mom=0.9500 | T=10.2 k=4.0 (mu_rec=8 mu_bwd=4) | grad=4.562 | tok/s=13,024 | tokens=4.77B
step=145700 | loss=4.9300 | lr=1.44e-04 | wd=0.0045 | mom=0.9500 | T=9.2 k=3.8 (mu_rec=8 mu_bwd=4) | grad=3.094 | tok/s=14,526 | tokens=4.77B
step=145710 | loss=4.8675 | lr=1.44e-04 | wd=0.0045 | mom=0.9500 | T=7.8 k=4.0 (mu_rec=8 mu_bwd=4) | grad=2.125 | tok/s=13,916 | tokens=4.77B
step=145720 | loss=4.9494 | lr=1.44e-04 | wd=0.0045 | mom=0.9500 | T=16.0 k=4.0 (mu_rec=8 mu_bwd=4) | grad=1.945 | tok/s=13,105 | tokens=4.77B
step=145730 | loss=4.9726 | lr=1.44e-04 | wd=0.0045 | mom=0.9500 | T=8.0 k=3.8 (mu_rec=8 mu_bwd=4) | grad=2.578 | tok/s=14,753 | tokens=4.78B
step=145740 | loss=5.0003 | lr=1.43e-04 | wd=0.0045 | mom=0.9500 | T=10.0 k=3.8 (mu_rec=8 mu_bwd=4) | grad=2.641 | tok/s=15,054 | tokens=4.78B
step=145750 | loss=4.8718 | lr=1.43e-04 | wd=0.0045 | mom=0.9500 | T=9.0 k=4.0 (mu_rec=8 mu_bwd=4) | grad=3.781 | tok/s=13,413 | tokens=4.78B
step=145760 | loss=4.9904 | lr=1.43e-04 | wd=0.0045 | mom=0.9500 | T=6.8 k=3.8 (mu_rec=8 mu_bwd=4) | grad=2.016 | tok/s=12,625 | tokens=4.78B
step=145770 | loss=4.8660 | lr=1.42e-04 | wd=0.0045 | mom=0.9500 | T=4.5 k=3.8 (mu_rec=8 mu_bwd=4) | grad=2.625 | tok/s=15,555 | tokens=4.78B
step=145780 | loss=4.8304 | lr=1.42e-04 | wd=0.0045 | mom=0.9500 | T=4.8 k=2.8 (mu_rec=8 mu_bwd=4) | grad=3.266 | tok/s=15,180 | tokens=4.78B
step=145790 | loss=5.0735 | lr=1.42e-04 | wd=0.0045 | mom=0.9500 | T=6.8 k=3.2 (mu_rec=8 mu_bwd=4) | grad=2.094 | tok/s=14,630 | tokens=4.78B
step=145800 | loss=4.7512 | lr=1.42e-04 | wd=0.0044 | mom=0.9500 | T=7.8 k=3.5 (mu_rec=8 mu_bwd=4) | grad=2.547 | tok/s=13,310 | tokens=4.78B
step=145810 | loss=5.0155 | lr=1.41e-04 | wd=0.0044 | mom=0.9500 | T=5.8 k=3.8 (mu_rec=8 mu_bwd=4) | grad=1.836 | tok/s=13,717 | tokens=4.78B
step=145820 | loss=4.9796 | lr=1.41e-04 | wd=0.0044 | mom=0.9500 | T=7.5 k=3.8 (mu_rec=8 mu_bwd=4) | grad=2.359 | tok/s=13,053 | tokens=4.78B
step=145830 | loss=5.0715 | lr=1.41e-04 | wd=0.0044 | mom=0.9500 | T=5.5 k=3.2 (mu_rec=8 mu_bwd=4) | grad=2.422 | tok/s=14,627 | tokens=4.78B
step=145840 | loss=4.9420 | lr=1.41e-04 | wd=0.0044 | mom=0.9500 | T=4.0 k=2.8 (mu_rec=8 mu_bwd=4) | grad=3.625 | tok/s=15,181 | tokens=4.78B
step=145850 | loss=5.0400 | lr=1.40e-04 | wd=0.0044 | mom=0.9500 | T=6.2 k=3.2 (mu_rec=8 mu_bwd=4) | grad=2.125 | tok/s=13,935 | tokens=4.78B
step=145860 | loss=5.1275 | lr=1.40e-04 | wd=0.0044 | mom=0.9500 | T=9.0 k=3.8 (mu_rec=8 mu_bwd=4) | grad=3.906 | tok/s=14,729 | tokens=4.78B
step=145870 | loss=5.0249 | lr=1.40e-04 | wd=0.0044 | mom=0.9500 | T=3.5 k=3.0 (mu_rec=8 mu_bwd=4) | grad=3.281 | tok/s=14,824 | tokens=4.78B
step=145880 | loss=4.8015 | lr=1.39e-04 | wd=0.0044 | mom=0.9500 | T=14.2 k=3.2 (mu_rec=8 mu_bwd=4) | grad=2.062 | tok/s=13,604 | tokens=4.78B
step=145890 | loss=4.7676 | lr=1.39e-04 | wd=0.0044 | mom=0.9500 | T=5.8 k=3.0 (mu_rec=8 mu_bwd=4) | grad=2.547 | tok/s=14,927 | tokens=4.78B
step=145900 | loss=5.0696 | lr=1.39e-04 | wd=0.0044 | mom=0.9500 | T=5.8 k=3.5 (mu_rec=8 mu_bwd=4) | grad=3.922 | tok/s=14,979 | tokens=4.78B
step=145910 | loss=4.9411 | lr=1.39e-04 | wd=0.0044 | mom=0.9500 | T=7.5 k=3.5 (mu_rec=8 mu_bwd=4) | grad=3.312 | tok/s=15,382 | tokens=4.78B
step=145920 | loss=4.8461 | lr=1.38e-04 | wd=0.0044 | mom=0.9500 | T=6.8 k=3.2 (mu_rec=8 mu_bwd=4) | grad=2.344 | tok/s=13,871 | tokens=4.78B
step=145930 | loss=4.8830 | lr=1.38e-04 | wd=0.0044 | mom=0.9500 | T=4.2 k=3.5 (mu_rec=8 mu_bwd=4) | grad=4.938 | tok/s=14,363 | tokens=4.78B
step=145940 | loss=5.0230 | lr=1.38e-04 | wd=0.0044 | mom=0.9500 | T=11.5 k=4.0 (mu_rec=8 mu_bwd=4) | grad=2.969 | tok/s=14,778 | tokens=4.78B
step=145950 | loss=4.7496 | lr=1.38e-04 | wd=0.0043 | mom=0.9500 | T=7.2 k=4.0 (mu_rec=8 mu_bwd=4) | grad=2.531 | tok/s=15,411 | tokens=4.78B
step=145960 | loss=4.9322 | lr=1.37e-04 | wd=0.0043 | mom=0.9500 | T=5.8 k=3.8 (mu_rec=8 mu_bwd=4) | grad=10.000 | tok/s=15,092 | tokens=4.78B
step=145970 | loss=4.7964 | lr=1.37e-04 | wd=0.0043 | mom=0.9500 | T=11.0 k=3.2 (mu_rec=8 mu_bwd=4) | grad=2.109 | tok/s=14,322 | tokens=4.78B
step=145980 | loss=5.4648 | lr=1.37e-04 | wd=0.0043 | mom=0.9500 | T=5.5 k=3.5 (mu_rec=8 mu_bwd=4) | grad=6.562 | tok/s=15,012 | tokens=4.78B
step=145990 | loss=5.8438 | lr=1.36e-04 | wd=0.0043 | mom=0.9500 | T=7.2 k=3.8 (mu_rec=8 mu_bwd=4) | grad=5.188 | tok/s=14,180 | tokens=4.78B
step=146000 | loss=5.3007 | lr=1.36e-04 | wd=0.0043 | mom=0.9500 | T=12.0 k=4.0 (mu_rec=8 mu_bwd=4) | grad=2.141 | tok/s=14,102 | tokens=4.78B
[step 146000] Saved -> runs/ccot-5b/checkpoint_0146000
[step 146000] Pruned -> runs/ccot-5b/checkpoint_0140000
step=146010 | loss=5.0044 | lr=1.36e-04 | wd=0.0043 | mom=0.9500 | T=12.2 k=4.0 (mu_rec=8 mu_bwd=4) | grad=2.531 | tok/s=13,668 | tokens=4.78B
step=146020 | loss=5.0530 | lr=1.36e-04 | wd=0.0043 | mom=0.9500 | T=9.0 k=3.8 (mu_rec=8 mu_bwd=4) | grad=3.031 | tok/s=14,758 | tokens=4.78B
step=146030 | loss=5.0130 | lr=1.35e-04 | wd=0.0043 | mom=0.9500 | T=7.8 k=4.0 (mu_rec=8 mu_bwd=4) | grad=2.422 | tok/s=14,155 | tokens=4.79B
step=146040 | loss=5.2298 | lr=1.35e-04 | wd=0.0043 | mom=0.9500 | T=11.0 k=4.0 (mu_rec=8 mu_bwd=4) | grad=6.938 | tok/s=14,986 | tokens=4.79B
step=146050 | loss=4.7745 | lr=1.35e-04 | wd=0.0043 | mom=0.9500 | T=10.0 k=4.0 (mu_rec=8 mu_bwd=4) | grad=2.062 | tok/s=13,792 | tokens=4.79B
step=146060 | loss=4.8777 | lr=1.35e-04 | wd=0.0043 | mom=0.9500 | T=3.8 k=2.8 (mu_rec=8 mu_bwd=4) | grad=2.500 | tok/s=14,746 | tokens=4.79B
step=146070 | loss=4.9985 | lr=1.34e-04 | wd=0.0043 | mom=0.9500 | T=9.0 k=3.5 (mu_rec=8 mu_bwd=4) | grad=5.969 | tok/s=12,521 | tokens=4.79B
step=146080 | loss=4.7688 | lr=1.34e-04 | wd=0.0043 | mom=0.9500 | T=9.5 k=4.0 (mu_rec=8 mu_bwd=4) | grad=2.406 | tok/s=13,681 | tokens=4.79B
step=146090 | loss=4.8067 | lr=1.34e-04 | wd=0.0043 | mom=0.9500 | T=8.5 k=4.0 (mu_rec=8 mu_bwd=4) | grad=2.516 | tok/s=16,259 | tokens=4.79B
step=146100 | loss=4.9876 | lr=1.33e-04 | wd=0.0043 | mom=0.9500 | T=7.8 k=3.5 (mu_rec=8 mu_bwd=4) | grad=3.422 | tok/s=14,966 | tokens=4.79B
step=146110 | loss=4.9066 | lr=1.33e-04 | wd=0.0042 | mom=0.9500 | T=6.8 k=3.8 (mu_rec=8 mu_bwd=4) | grad=4.031 | tok/s=15,314 | tokens=4.79B
step=146120 | loss=4.8966 | lr=1.33e-04 | wd=0.0042 | mom=0.9500 | T=5.2 k=3.5 (mu_rec=8 mu_bwd=4) | grad=2.219 | tok/s=14,084 | tokens=4.79B
step=146130 | loss=4.9449 | lr=1.33e-04 | wd=0.0042 | mom=0.9500 | T=9.0 k=3.8 (mu_rec=8 mu_bwd=4) | grad=2.406 | tok/s=14,182 | tokens=4.79B
step=146140 | loss=4.8560 | lr=1.32e-04 | wd=0.0042 | mom=0.9500 | T=3.8 k=3.5 (mu_rec=8 mu_bwd=4) | grad=3.781 | tok/s=14,434 | tokens=4.79B
step=146150 | loss=4.9529 | lr=1.32e-04 | wd=0.0042 | mom=0.9500 | T=6.0 k=4.0 (mu_rec=8 mu_bwd=4) | grad=1.891 | tok/s=13,694 | tokens=4.79B
step=146160 | loss=4.9299 | lr=1.32e-04 | wd=0.0042 | mom=0.9500 | T=7.0 k=3.8 (mu_rec=8 mu_bwd=4) | grad=3.109 | tok/s=13,813 | tokens=4.79B
step=146170 | loss=4.9013 | lr=1.32e-04 | wd=0.0042 | mom=0.9500 | T=7.0 k=3.8 (mu_rec=8 mu_bwd=4) | grad=2.047 | tok/s=14,320 | tokens=4.79B
step=146180 | loss=4.8311 | lr=1.31e-04 | wd=0.0042 | mom=0.9500 | T=10.2 k=3.8 (mu_rec=8 mu_bwd=4) | grad=2.078 | tok/s=13,878 | tokens=4.79B
step=146190 | loss=4.9140 | lr=1.31e-04 | wd=0.0042 | mom=0.9500 | T=16.8 k=3.8 (mu_rec=8 mu_bwd=4) | grad=3.078 | tok/s=14,976 | tokens=4.79B
step=146200 | loss=5.1411 | lr=1.31e-04 | wd=0.0042 | mom=0.9500 | T=10.0 k=3.8 (mu_rec=8 mu_bwd=4) | grad=1.844 | tok/s=13,890 | tokens=4.79B
step=146210 | loss=4.7886 | lr=1.31e-04 | wd=0.0042 | mom=0.9500 | T=14.8 k=4.0 (mu_rec=8 mu_bwd=4) | grad=1.945 | tok/s=12,949 | tokens=4.79B
step=146220 | loss=4.8459 | lr=1.30e-04 | wd=0.0042 | mom=0.9500 | T=9.8 k=4.0 (mu_rec=8 mu_bwd=4) | grad=1.820 | tok/s=6,151 | tokens=4.79B
step=146230 | loss=4.9397 | lr=1.30e-04 | wd=0.0042 | mom=0.9500 | T=14.0 k=3.5 (mu_rec=8 mu_bwd=4) | grad=4.531 | tok/s=12,942 | tokens=4.79B
step=146240 | loss=4.8865 | lr=1.30e-04 | wd=0.0042 | mom=0.9500 | T=9.0 k=4.0 (mu_rec=8 mu_bwd=4) | grad=1.672 | tok/s=13,226 | tokens=4.79B
step=146250 | loss=4.9655 | lr=1.29e-04 | wd=0.0042 | mom=0.9500 | T=9.5 k=4.0 (mu_rec=8 mu_bwd=4) | grad=1.617 | tok/s=15,229 | tokens=4.79B
step=146260 | loss=4.7431 | lr=1.29e-04 | wd=0.0041 | mom=0.9500 | T=6.5 k=3.2 (mu_rec=8 mu_bwd=4) | grad=2.125 | tok/s=16,250 | tokens=4.79B
step=146270 | loss=4.8886 | lr=1.29e-04 | wd=0.0041 | mom=0.9500 | T=10.8 k=4.0 (mu_rec=8 mu_bwd=4) | grad=2.047 | tok/s=14,359 | tokens=4.79B
step=146280 | loss=5.0458 | lr=1.29e-04 | wd=0.0041 | mom=0.9500 | T=9.5 k=4.0 (mu_rec=8 mu_bwd=4) | grad=3.141 | tok/s=13,071 | tokens=4.79B
step=146290 | loss=4.9241 | lr=1.28e-04 | wd=0.0041 | mom=0.9500 | T=7.8 k=4.0 (mu_rec=8 mu_bwd=4) | grad=4.156 | tok/s=14,972 | tokens=4.79B
step=146300 | loss=4.8853 | lr=1.28e-04 | wd=0.0041 | mom=0.9500 | T=8.5 k=4.0 (mu_rec=8 mu_bwd=4) | grad=3.734 | tok/s=14,090 | tokens=4.79B
step=146310 | loss=4.9265 | lr=1.28e-04 | wd=0.0041 | mom=0.9500 | T=5.2 k=4.0 (mu_rec=8 mu_bwd=4) | grad=1.938 | tok/s=15,342 | tokens=4.79B
step=146320 | loss=5.0407 | lr=1.28e-04 | wd=0.0041 | mom=0.9500 | T=5.2 k=2.2 (mu_rec=8 mu_bwd=4) | grad=4.062 | tok/s=15,004 | tokens=4.79B
step=146330 | loss=5.3364 | lr=1.27e-04 | wd=0.0041 | mom=0.9500 | T=5.2 k=3.2 (mu_rec=8 mu_bwd=4) | grad=5.344 | tok/s=14,072 | tokens=4.79B
step=146340 | loss=5.0374 | lr=1.27e-04 | wd=0.0041 | mom=0.9500 | T=7.0 k=4.0 (mu_rec=8 mu_bwd=4) | grad=2.203 | tok/s=14,604 | tokens=4.80B
step=146350 | loss=4.8916 | lr=1.27e-04 | wd=0.0041 | mom=0.9500 | T=8.0 k=3.8 (mu_rec=8 mu_bwd=4) | grad=2.219 | tok/s=15,685 | tokens=4.80B
step=146360 | loss=5.1360 | lr=1.27e-04 | wd=0.0041 | mom=0.9500 | T=12.5 k=4.0 (mu_rec=8 mu_bwd=4) | grad=4.156 | tok/s=15,057 | tokens=4.80B
step=146370 | loss=5.3346 | lr=1.26e-04 | wd=0.0041 | mom=0.9500 | T=9.2 k=3.8 (mu_rec=8 mu_bwd=4) | grad=3.469 | tok/s=13,278 | tokens=4.80B
step=146380 | loss=4.9999 | lr=1.26e-04 | wd=0.0041 | mom=0.9500 | T=13.0 k=4.0 (mu_rec=8 mu_bwd=4) | grad=2.281 | tok/s=12,644 | tokens=4.80B
step=146390 | loss=4.8341 | lr=1.26e-04 | wd=0.0041 | mom=0.9500 | T=10.5 k=3.2 (mu_rec=8 mu_bwd=4) | grad=2.344 | tok/s=5,827 | tokens=4.80B
step=146400 | loss=5.0036 | lr=1.25e-04 | wd=0.0041 | mom=0.9500 | T=5.2 k=3.8 (mu_rec=8 mu_bwd=4) | grad=2.734 | tok/s=13,448 | tokens=4.80B
step=146410 | loss=5.1258 | lr=1.25e-04 | wd=0.0040 | mom=0.9500 | T=11.5 k=4.0 (mu_rec=8 mu_bwd=4) | grad=2.953 | tok/s=13,913 | tokens=4.80B
step=146420 | loss=4.8936 | lr=1.25e-04 | wd=0.0040 | mom=0.9500 | T=9.8 k=3.8 (mu_rec=8 mu_bwd=4) | grad=3.156 | tok/s=15,220 | tokens=4.80B
step=146430 | loss=4.9484 | lr=1.25e-04 | wd=0.0040 | mom=0.9500 | T=7.2 k=3.5 (mu_rec=8 mu_bwd=4) | grad=4.594 | tok/s=14,930 | tokens=4.80B
step=146440 | loss=4.8570 | lr=1.24e-04 | wd=0.0040 | mom=0.9500 | T=5.8 k=3.8 (mu_rec=8 mu_bwd=4) | grad=2.781 | tok/s=13,714 | tokens=4.80B
step=146450 | loss=4.9133 | lr=1.24e-04 | wd=0.0040 | mom=0.9500 | T=7.5 k=4.0 (mu_rec=8 mu_bwd=4) | grad=3.562 | tok/s=13,863 | tokens=4.80B
step=146460 | loss=4.7832 | lr=1.24e-04 | wd=0.0040 | mom=0.9500 | T=7.0 k=2.8 (mu_rec=8 mu_bwd=4) | grad=2.781 | tok/s=15,037 | tokens=4.80B
step=146470 | loss=4.8929 | lr=1.24e-04 | wd=0.0040 | mom=0.9500 | T=8.5 k=4.0 (mu_rec=8 mu_bwd=4) | grad=2.703 | tok/s=13,915 | tokens=4.80B
step=146480 | loss=5.2454 | lr=1.23e-04 | wd=0.0040 | mom=0.9500 | T=8.0 k=4.0 (mu_rec=8 mu_bwd=4) | grad=2.891 | tok/s=14,114 | tokens=4.80B
step=146490 | loss=4.9822 | lr=1.23e-04 | wd=0.0040 | mom=0.9500 | T=5.2 k=4.0 (mu_rec=8 mu_bwd=4) | grad=3.188 | tok/s=14,344 | tokens=4.80B
step=146500 | loss=4.8252 | lr=1.23e-04 | wd=0.0040 | mom=0.9500 | T=9.5 k=4.0 (mu_rec=8 mu_bwd=4) | grad=2.672 | tok/s=13,456 | tokens=4.80B
step=146510 | loss=4.8675 | lr=1.23e-04 | wd=0.0040 | mom=0.9500 | T=4.5 k=3.2 (mu_rec=8 mu_bwd=4) | grad=3.562 | tok/s=15,160 | tokens=4.80B
step=146520 | loss=5.0549 | lr=1.22e-04 | wd=0.0040 | mom=0.9500 | T=7.0 k=3.8 (mu_rec=8 mu_bwd=4) | grad=1.930 | tok/s=13,517 | tokens=4.80B
step=146530 | loss=4.9505 | lr=1.22e-04 | wd=0.0040 | mom=0.9500 | T=5.2 k=2.8 (mu_rec=8 mu_bwd=4) | grad=2.672 | tok/s=15,237 | tokens=4.80B
step=146540 | loss=4.8895 | lr=1.22e-04 | wd=0.0040 | mom=0.9500 | T=13.0 k=4.0 (mu_rec=8 mu_bwd=4) | grad=2.188 | tok/s=14,157 | tokens=4.80B
step=146550 | loss=4.9594 | lr=1.21e-04 | wd=0.0040 | mom=0.9500 | T=8.5 k=3.5 (mu_rec=8 mu_bwd=4) | grad=2.047 | tok/s=14,822 | tokens=4.80B
step=146560 | loss=4.9489 | lr=1.21e-04 | wd=0.0039 | mom=0.9500 | T=10.0 k=4.0 (mu_rec=8 mu_bwd=4) | grad=2.281 | tok/s=13,854 | tokens=4.80B
step=146570 | loss=4.8630 | lr=1.21e-04 | wd=0.0039 | mom=0.9500 | T=8.8 k=4.0 (mu_rec=8 mu_bwd=4) | grad=5.906 | tok/s=14,484 | tokens=4.80B
step=146580 | loss=5.0463 | lr=1.21e-04 | wd=0.0039 | mom=0.9500 | T=5.0 k=3.2 (mu_rec=8 mu_bwd=4) | grad=2.031 | tok/s=13,510 | tokens=4.80B
step=146590 | loss=5.1501 | lr=1.20e-04 | wd=0.0039 | mom=0.9500 | T=5.5 k=3.8 (mu_rec=8 mu_bwd=4) | grad=2.562 | tok/s=15,029 | tokens=4.80B
step=146600 | loss=4.9074 | lr=1.20e-04 | wd=0.0039 | mom=0.9500 | T=6.2 k=2.5 (mu_rec=8 mu_bwd=4) | grad=2.250 | tok/s=15,117 | tokens=4.80B
step=146610 | loss=5.0226 | lr=1.20e-04 | wd=0.0039 | mom=0.9500 | T=7.5 k=3.5 (mu_rec=8 mu_bwd=4) | grad=2.938 | tok/s=14,172 | tokens=4.80B
step=146620 | loss=4.8450 | lr=1.20e-04 | wd=0.0039 | mom=0.9500 | T=13.2 k=4.0 (mu_rec=8 mu_bwd=4) | grad=2.938 | tok/s=13,965 | tokens=4.80B
step=146630 | loss=4.9837 | lr=1.19e-04 | wd=0.0039 | mom=0.9500 | T=13.0 k=4.0 (mu_rec=8 mu_bwd=4) | grad=1.781 | tok/s=13,421 | tokens=4.80B
step=146640 | loss=5.0897 | lr=1.19e-04 | wd=0.0039 | mom=0.9500 | T=4.5 k=3.5 (mu_rec=8 mu_bwd=4) | grad=3.422 | tok/s=14,099 | tokens=4.81B
step=146650 | loss=4.8479 | lr=1.19e-04 | wd=0.0039 | mom=0.9500 | T=7.5 k=3.8 (mu_rec=8 mu_bwd=4) | grad=3.203 | tok/s=14,326 | tokens=4.81B
step=146660 | loss=4.9742 | lr=1.19e-04 | wd=0.0039 | mom=0.9500 | T=10.2 k=3.5 (mu_rec=8 mu_bwd=4) | grad=2.125 | tok/s=13,560 | tokens=4.81B
step=146670 | loss=5.0472 | lr=1.18e-04 | wd=0.0039 | mom=0.9500 | T=8.5 k=3.5 (mu_rec=8 mu_bwd=4) | grad=2.547 | tok/s=13,313 | tokens=4.81B
step=146680 | loss=5.1235 | lr=1.18e-04 | wd=0.0039 | mom=0.9500 | T=10.2 k=4.0 (mu_rec=8 mu_bwd=4) | grad=4.938 | tok/s=14,345 | tokens=4.81B
step=146690 | loss=4.9095 | lr=1.18e-04 | wd=0.0039 | mom=0.9500 | T=10.5 k=4.0 (mu_rec=8 mu_bwd=4) | grad=3.859 | tok/s=13,683 | tokens=4.81B
step=146700 | loss=5.1359 | lr=1.18e-04 | wd=0.0039 | mom=0.9500 | T=6.0 k=3.5 (mu_rec=8 mu_bwd=4) | grad=4.375 | tok/s=15,336 | tokens=4.81B
step=146710 | loss=4.9851 | lr=1.17e-04 | wd=0.0039 | mom=0.9500 | T=11.8 k=4.0 (mu_rec=8 mu_bwd=4) | grad=3.672 | tok/s=14,650 | tokens=4.81B
step=146720 | loss=4.8911 | lr=1.17e-04 | wd=0.0038 | mom=0.9500 | T=5.5 k=4.0 (mu_rec=8 mu_bwd=4) | grad=2.344 | tok/s=16,471 | tokens=4.81B
step=146730 | loss=4.8246 | lr=1.17e-04 | wd=0.0038 | mom=0.9500 | T=7.5 k=4.0 (mu_rec=8 mu_bwd=4) | grad=3.844 | tok/s=14,351 | tokens=4.81B
step=146740 | loss=4.9866 | lr=1.17e-04 | wd=0.0038 | mom=0.9500 | T=5.0 k=3.2 (mu_rec=8 mu_bwd=4) | grad=2.531 | tok/s=15,514 | tokens=4.81B
step=146750 | loss=4.7864 | lr=1.16e-04 | wd=0.0038 | mom=0.9500 | T=5.8 k=3.8 (mu_rec=8 mu_bwd=4) | grad=1.711 | tok/s=15,820 | tokens=4.81B
step=146760 | loss=4.7770 | lr=1.16e-04 | wd=0.0038 | mom=0.9500 | T=5.8 k=4.0 (mu_rec=8 mu_bwd=4) | grad=2.828 | tok/s=14,440 | tokens=4.81B
step=146770 | loss=4.9204 | lr=1.16e-04 | wd=0.0038 | mom=0.9500 | T=6.8 k=3.8 (mu_rec=8 mu_bwd=4) | grad=2.609 | tok/s=14,240 | tokens=4.81B
step=146780 | loss=5.0330 | lr=1.15e-04 | wd=0.0038 | mom=0.9500 | T=4.2 k=3.2 (mu_rec=8 mu_bwd=4) | grad=4.562 | tok/s=14,354 | tokens=4.81B
step=146790 | loss=5.0088 | lr=1.15e-04 | wd=0.0038 | mom=0.9500 | T=5.5 k=4.0 (mu_rec=8 mu_bwd=4) | grad=2.594 | tok/s=14,806 | tokens=4.81B
step=146800 | loss=4.9071 | lr=1.15e-04 | wd=0.0038 | mom=0.9500 | T=3.5 k=3.2 (mu_rec=8 mu_bwd=4) | grad=5.344 | tok/s=14,475 | tokens=4.81B
step=146810 | loss=4.8450 | lr=1.15e-04 | wd=0.0038 | mom=0.9500 | T=10.0 k=4.0 (mu_rec=8 mu_bwd=4) | grad=1.766 | tok/s=14,263 | tokens=4.81B
step=146820 | loss=5.1736 | lr=1.14e-04 | wd=0.0038 | mom=0.9500 | T=5.0 k=3.0 (mu_rec=8 mu_bwd=4) | grad=2.188 | tok/s=14,564 | tokens=4.81B
step=146830 | loss=4.9541 | lr=1.14e-04 | wd=0.0038 | mom=0.9500 | T=5.8 k=3.8 (mu_rec=8 mu_bwd=4) | grad=2.984 | tok/s=14,393 | tokens=4.81B
step=146840 | loss=5.2253 | lr=1.14e-04 | wd=0.0038 | mom=0.9500 | T=8.2 k=4.0 (mu_rec=8 mu_bwd=4) | grad=3.266 | tok/s=13,681 | tokens=4.81B
step=146850 | loss=5.1320 | lr=1.14e-04 | wd=0.0038 | mom=0.9500 | T=3.8 k=3.0 (mu_rec=8 mu_bwd=4) | grad=3.641 | tok/s=14,144 | tokens=4.81B
step=146860 | loss=5.0922 | lr=1.13e-04 | wd=0.0038 | mom=0.9500 | T=5.2 k=3.2 (mu_rec=8 mu_bwd=4) | grad=2.234 | tok/s=15,558 | tokens=4.81B
step=146870 | loss=5.0707 | lr=1.13e-04 | wd=0.0037 | mom=0.9500 | T=13.8 k=4.0 (mu_rec=8 mu_bwd=4) | grad=4.469 | tok/s=12,761 | tokens=4.81B
step=146880 | loss=5.0370 | lr=1.13e-04 | wd=0.0037 | mom=0.9500 | T=9.0 k=4.0 (mu_rec=8 mu_bwd=4) | grad=2.922 | tok/s=14,544 | tokens=4.81B
step=146890 | loss=4.9547 | lr=1.13e-04 | wd=0.0037 | mom=0.9500 | T=6.8 k=3.8 (mu_rec=8 mu_bwd=4) | grad=2.578 | tok/s=14,605 | tokens=4.81B
step=146900 | loss=4.9847 | lr=1.12e-04 | wd=0.0037 | mom=0.9500 | T=7.5 k=3.5 (mu_rec=8 mu_bwd=4) | grad=2.031 | tok/s=13,432 | tokens=4.81B
step=146910 | loss=4.7200 | lr=1.12e-04 | wd=0.0037 | mom=0.9500 | T=9.0 k=3.8 (mu_rec=8 mu_bwd=4) | grad=3.047 | tok/s=13,734 | tokens=4.81B
step=146920 | loss=4.9234 | lr=1.12e-04 | wd=0.0037 | mom=0.9500 | T=8.8 k=4.0 (mu_rec=8 mu_bwd=4) | grad=4.094 | tok/s=14,669 | tokens=4.81B
step=146930 | loss=4.8104 | lr=1.12e-04 | wd=0.0037 | mom=0.9500 | T=14.0 k=4.0 (mu_rec=8 mu_bwd=4) | grad=2.234 | tok/s=12,983 | tokens=4.81B
step=146940 | loss=4.8134 | lr=1.11e-04 | wd=0.0037 | mom=0.9500 | T=9.2 k=4.0 (mu_rec=8 mu_bwd=4) | grad=2.703 | tok/s=14,557 | tokens=4.81B
step=146950 | loss=4.8740 | lr=1.11e-04 | wd=0.0037 | mom=0.9500 | T=5.2 k=3.2 (mu_rec=8 mu_bwd=4) | grad=2.359 | tok/s=14,845 | tokens=4.82B
step=146960 | loss=4.9297 | lr=1.11e-04 | wd=0.0037 | mom=0.9500 | T=10.2 k=4.0 (mu_rec=8 mu_bwd=4) | grad=10.625 | tok/s=13,396 | tokens=4.82B
step=146970 | loss=4.8080 | lr=1.11e-04 | wd=0.0037 | mom=0.9500 | T=10.5 k=4.0 (mu_rec=8 mu_bwd=4) | grad=1.672 | tok/s=12,897 | tokens=4.82B
step=146980 | loss=4.9457 | lr=1.10e-04 | wd=0.0037 | mom=0.9500 | T=5.2 k=3.2 (mu_rec=8 mu_bwd=4) | grad=2.047 | tok/s=15,084 | tokens=4.82B
step=146990 | loss=5.0547 | lr=1.10e-04 | wd=0.0037 | mom=0.9500 | T=7.0 k=3.8 (mu_rec=8 mu_bwd=4) | grad=3.219 | tok/s=14,295 | tokens=4.82B
step=147000 | loss=4.9432 | lr=1.10e-04 | wd=0.0037 | mom=0.9500 | T=7.2 k=3.8 (mu_rec=8 mu_bwd=4) | grad=2.250 | tok/s=14,668 | tokens=4.82B
step=147010 | loss=4.7865 | lr=1.10e-04 | wd=0.0037 | mom=0.9500 | T=7.0 k=3.0 (mu_rec=8 mu_bwd=4) | grad=4.500 | tok/s=13,884 | tokens=4.82B
step=147020 | loss=4.8824 | lr=1.09e-04 | wd=0.0036 | mom=0.9500 | T=9.0 k=4.0 (mu_rec=8 mu_bwd=4) | grad=2.328 | tok/s=6,092 | tokens=4.82B
step=147030 | loss=4.9760 | lr=1.09e-04 | wd=0.0036 | mom=0.9500 | T=6.2 k=4.0 (mu_rec=8 mu_bwd=4) | grad=2.672 | tok/s=13,153 | tokens=4.82B
step=147040 | loss=4.9360 | lr=1.09e-04 | wd=0.0036 | mom=0.9500 | T=4.0 k=3.8 (mu_rec=8 mu_bwd=4) | grad=15.312 | tok/s=15,464 | tokens=4.82B
step=147050 | loss=4.9860 | lr=1.09e-04 | wd=0.0036 | mom=0.9500 | T=3.0 k=2.5 (mu_rec=8 mu_bwd=4) | grad=3.531 | tok/s=14,288 | tokens=4.82B
step=147060 | loss=4.9612 | lr=1.08e-04 | wd=0.0036 | mom=0.9500 | T=6.8 k=3.5 (mu_rec=8 mu_bwd=4) | grad=2.156 | tok/s=13,948 | tokens=4.82B
step=147070 | loss=4.9872 | lr=1.08e-04 | wd=0.0036 | mom=0.9500 | T=3.8 k=2.8 (mu_rec=8 mu_bwd=4) | grad=3.969 | tok/s=15,814 | tokens=4.82B
step=147080 | loss=5.0051 | lr=1.08e-04 | wd=0.0036 | mom=0.9500 | T=7.2 k=4.0 (mu_rec=8 mu_bwd=4) | grad=1.922 | tok/s=13,635 | tokens=4.82B
step=147090 | loss=4.9211 | lr=1.08e-04 | wd=0.0036 | mom=0.9500 | T=10.8 k=4.0 (mu_rec=8 mu_bwd=4) | grad=1.914 | tok/s=12,871 | tokens=4.82B
step=147100 | loss=4.8037 | lr=1.07e-04 | wd=0.0036 | mom=0.9500 | T=10.8 k=4.0 (mu_rec=8 mu_bwd=4) | grad=16.000 | tok/s=14,590 | tokens=4.82B
step=147110 | loss=5.0350 | lr=1.07e-04 | wd=0.0036 | mom=0.9500 | T=5.0 k=2.8 (mu_rec=8 mu_bwd=4) | grad=2.812 | tok/s=14,422 | tokens=4.82B
step=147120 | loss=5.0956 | lr=1.07e-04 | wd=0.0036 | mom=0.9500 | T=9.0 k=3.2 (mu_rec=8 mu_bwd=4) | grad=4.031 | tok/s=13,645 | tokens=4.82B
step=147130 | loss=4.9383 | lr=1.07e-04 | wd=0.0036 | mom=0.9500 | T=8.5 k=4.0 (mu_rec=8 mu_bwd=4) | grad=3.781 | tok/s=13,659 | tokens=4.82B
step=147140 | loss=5.0538 | lr=1.06e-04 | wd=0.0036 | mom=0.9500 | T=4.8 k=2.5 (mu_rec=8 mu_bwd=4) | grad=2.516 | tok/s=16,000 | tokens=4.82B
step=147150 | loss=5.1483 | lr=1.06e-04 | wd=0.0036 | mom=0.9500 | T=4.8 k=3.8 (mu_rec=8 mu_bwd=4) | grad=2.344 | tok/s=14,811 | tokens=4.82B
step=147160 | loss=5.0109 | lr=1.06e-04 | wd=0.0036 | mom=0.9500 | T=10.2 k=4.0 (mu_rec=8 mu_bwd=4) | grad=2.047 | tok/s=14,918 | tokens=4.82B
step=147170 | loss=4.9729 | lr=1.06e-04 | wd=0.0035 | mom=0.9500 | T=11.2 k=3.5 (mu_rec=8 mu_bwd=4) | grad=2.438 | tok/s=14,336 | tokens=4.82B
step=147180 | loss=4.9500 | lr=1.05e-04 | wd=0.0035 | mom=0.9500 | T=7.8 k=4.0 (mu_rec=8 mu_bwd=4) | grad=2.578 | tok/s=14,850 | tokens=4.82B
step=147190 | loss=5.1841 | lr=1.05e-04 | wd=0.0035 | mom=0.9500 | T=9.0 k=4.0 (mu_rec=8 mu_bwd=4) | grad=3.328 | tok/s=14,091 | tokens=4.82B
step=147200 | loss=4.8864 | lr=1.05e-04 | wd=0.0035 | mom=0.9500 | T=4.5 k=3.5 (mu_rec=8 mu_bwd=4) | grad=2.875 | tok/s=15,292 | tokens=4.82B
step=147210 | loss=5.0315 | lr=1.05e-04 | wd=0.0035 | mom=0.9500 | T=6.5 k=4.0 (mu_rec=8 mu_bwd=4) | grad=1.680 | tok/s=14,852 | tokens=4.82B
step=147220 | loss=5.0458 | lr=1.04e-04 | wd=0.0035 | mom=0.9500 | T=11.8 k=3.8 (mu_rec=8 mu_bwd=4) | grad=2.203 | tok/s=12,832 | tokens=4.82B
step=147230 | loss=5.0655 | lr=1.04e-04 | wd=0.0035 | mom=0.9500 | T=7.5 k=4.0 (mu_rec=8 mu_bwd=4) | grad=4.344 | tok/s=13,754 | tokens=4.82B
step=147240 | loss=4.9186 | lr=1.04e-04 | wd=0.0035 | mom=0.9500 | T=6.2 k=4.0 (mu_rec=8 mu_bwd=4) | grad=4.062 | tok/s=15,485 | tokens=4.82B
step=147250 | loss=5.0045 | lr=1.04e-04 | wd=0.0035 | mom=0.9500 | T=8.0 k=3.8 (mu_rec=8 mu_bwd=4) | grad=2.016 | tok/s=15,498 | tokens=4.83B
step=147260 | loss=4.8253 | lr=1.03e-04 | wd=0.0035 | mom=0.9500 | T=9.2 k=4.0 (mu_rec=8 mu_bwd=4) | grad=4.875 | tok/s=14,887 | tokens=4.83B
step=147270 | loss=4.9082 | lr=1.03e-04 | wd=0.0035 | mom=0.9500 | T=9.5 k=4.0 (mu_rec=8 mu_bwd=4) | grad=5.469 | tok/s=13,261 | tokens=4.83B
step=147280 | loss=5.1237 | lr=1.03e-04 | wd=0.0035 | mom=0.9500 | T=4.2 k=3.0 (mu_rec=8 mu_bwd=4) | grad=3.062 | tok/s=14,937 | tokens=4.83B
step=147290 | loss=5.1163 | lr=1.03e-04 | wd=0.0035 | mom=0.9500 | T=12.2 k=4.0 (mu_rec=8 mu_bwd=4) | grad=2.391 | tok/s=12,477 | tokens=4.83B
step=147300 | loss=4.8809 | lr=1.02e-04 | wd=0.0035 | mom=0.9500 | T=8.0 k=4.0 (mu_rec=8 mu_bwd=4) | grad=1.859 | tok/s=14,187 | tokens=4.83B
step=147310 | loss=4.9520 | lr=1.02e-04 | wd=0.0035 | mom=0.9500 | T=4.5 k=3.5 (mu_rec=8 mu_bwd=4) | grad=2.375 | tok/s=14,318 | tokens=4.83B
step=147320 | loss=4.7530 | lr=1.02e-04 | wd=0.0035 | mom=0.9500 | T=7.2 k=2.8 (mu_rec=8 mu_bwd=4) | grad=2.594 | tok/s=13,534 | tokens=4.83B
step=147330 | loss=4.9618 | lr=1.02e-04 | wd=0.0034 | mom=0.9500 | T=4.8 k=2.8 (mu_rec=8 mu_bwd=4) | grad=10.875 | tok/s=14,462 | tokens=4.83B
step=147340 | loss=4.8009 | lr=1.01e-04 | wd=0.0034 | mom=0.9500 | T=6.5 k=4.0 (mu_rec=8 mu_bwd=4) | grad=2.484 | tok/s=14,078 | tokens=4.83B
step=147350 | loss=5.0073 | lr=1.01e-04 | wd=0.0034 | mom=0.9500 | T=10.5 k=3.5 (mu_rec=8 mu_bwd=4) | grad=1.758 | tok/s=13,103 | tokens=4.83B
step=147360 | loss=4.8461 | lr=1.01e-04 | wd=0.0034 | mom=0.9500 | T=10.0 k=4.0 (mu_rec=8 mu_bwd=4) | grad=7.719 | tok/s=5,964 | tokens=4.83B
step=147370 | loss=5.0565 | lr=1.01e-04 | wd=0.0034 | mom=0.9500 | T=5.8 k=4.0 (mu_rec=8 mu_bwd=4) | grad=2.312 | tok/s=13,263 | tokens=4.83B
step=147380 | loss=5.0974 | lr=1.00e-04 | wd=0.0034 | mom=0.9500 | T=7.2 k=4.0 (mu_rec=8 mu_bwd=4) | grad=1.750 | tok/s=13,929 | tokens=4.83B
step=147390 | loss=4.9096 | lr=1.00e-04 | wd=0.0034 | mom=0.9500 | T=7.2 k=4.0 (mu_rec=8 mu_bwd=4) | grad=2.469 | tok/s=13,406 | tokens=4.83B
step=147400 | loss=4.9644 | lr=9.99e-05 | wd=0.0034 | mom=0.9500 | T=14.5 k=4.0 (mu_rec=8 mu_bwd=4) | grad=2.047 | tok/s=13,742 | tokens=4.83B
step=147410 | loss=4.9159 | lr=9.97e-05 | wd=0.0034 | mom=0.9500 | T=6.8 k=3.8 (mu_rec=8 mu_bwd=4) | grad=5.000 | tok/s=13,770 | tokens=4.83B
step=147420 | loss=4.8917 | lr=9.94e-05 | wd=0.0034 | mom=0.9500 | T=6.5 k=3.8 (mu_rec=8 mu_bwd=4) | grad=2.031 | tok/s=13,849 | tokens=4.83B
step=147430 | loss=4.9196 | lr=9.92e-05 | wd=0.0034 | mom=0.9500 | T=9.2 k=3.8 (mu_rec=8 mu_bwd=4) | grad=2.172 | tok/s=13,684 | tokens=4.83B
step=147440 | loss=4.8573 | lr=9.89e-05 | wd=0.0034 | mom=0.9500 | T=5.0 k=4.0 (mu_rec=8 mu_bwd=4) | grad=2.734 | tok/s=13,271 | tokens=4.83B
step=147450 | loss=4.9342 | lr=9.87e-05 | wd=0.0034 | mom=0.9500 | T=11.2 k=3.8 (mu_rec=8 mu_bwd=4) | grad=2.094 | tok/s=13,470 | tokens=4.83B
step=147460 | loss=4.9410 | lr=9.84e-05 | wd=0.0034 | mom=0.9500 | T=9.0 k=3.5 (mu_rec=8 mu_bwd=4) | grad=2.969 | tok/s=13,948 | tokens=4.83B
step=147470 | loss=4.8982 | lr=9.82e-05 | wd=0.0034 | mom=0.9500 | T=6.8 k=4.0 (mu_rec=8 mu_bwd=4) | grad=1.359 | tok/s=16,462 | tokens=4.83B
step=147480 | loss=4.8908 | lr=9.80e-05 | wd=0.0033 | mom=0.9500 | T=10.8 k=4.0 (mu_rec=8 mu_bwd=4) | grad=4.094 | tok/s=13,517 | tokens=4.83B
step=147490 | loss=5.0516 | lr=9.77e-05 | wd=0.0033 | mom=0.9500 | T=12.2 k=4.0 (mu_rec=8 mu_bwd=4) | grad=2.859 | tok/s=13,388 | tokens=4.83B
step=147500 | loss=5.0121 | lr=9.75e-05 | wd=0.0033 | mom=0.9500 | T=6.8 k=4.0 (mu_rec=8 mu_bwd=4) | grad=2.094 | tok/s=14,010 | tokens=4.83B
step=147510 | loss=4.7479 | lr=9.72e-05 | wd=0.0033 | mom=0.9500 | T=7.8 k=4.0 (mu_rec=8 mu_bwd=4) | grad=1.930 | tok/s=13,749 | tokens=4.83B
step=147520 | loss=4.6237 | lr=9.70e-05 | wd=0.0033 | mom=0.9500 | T=7.8 k=4.0 (mu_rec=8 mu_bwd=4) | grad=7.125 | tok/s=13,399 | tokens=4.83B
step=147530 | loss=4.8785 | lr=9.68e-05 | wd=0.0033 | mom=0.9500 | T=9.2 k=3.8 (mu_rec=8 mu_bwd=4) | grad=2.109 | tok/s=14,339 | tokens=4.83B
step=147540 | loss=4.6670 | lr=9.65e-05 | wd=0.0033 | mom=0.9500 | T=6.8 k=4.0 (mu_rec=8 mu_bwd=4) | grad=2.859 | tok/s=13,693 | tokens=4.83B
step=147550 | loss=4.5414 | lr=9.63e-05 | wd=0.0033 | mom=0.9500 | T=11.8 k=4.0 (mu_rec=8 mu_bwd=4) | grad=3.594 | tok/s=14,311 | tokens=4.83B
step=147560 | loss=4.8991 | lr=9.60e-05 | wd=0.0033 | mom=0.9500 | T=9.5 k=3.2 (mu_rec=8 mu_bwd=4) | grad=2.812 | tok/s=13,922 | tokens=4.84B
step=147570 | loss=4.9762 | lr=9.58e-05 | wd=0.0033 | mom=0.9500 | T=7.2 k=4.0 (mu_rec=8 mu_bwd=4) | grad=3.422 | tok/s=13,639 | tokens=4.84B
step=147580 | loss=4.7910 | lr=9.56e-05 | wd=0.0033 | mom=0.9500 | T=11.8 k=4.0 (mu_rec=8 mu_bwd=4) | grad=3.500 | tok/s=13,877 | tokens=4.84B
step=147590 | loss=4.7615 | lr=9.53e-05 | wd=0.0033 | mom=0.9500 | T=6.0 k=3.8 (mu_rec=8 mu_bwd=4) | grad=2.047 | tok/s=14,365 | tokens=4.84B
step=147600 | loss=4.9428 | lr=9.51e-05 | wd=0.0033 | mom=0.9500 | T=8.0 k=3.5 (mu_rec=8 mu_bwd=4) | grad=4.625 | tok/s=14,696 | tokens=4.84B
step=147610 | loss=4.9421 | lr=9.48e-05 | wd=0.0033 | mom=0.9500 | T=6.8 k=3.5 (mu_rec=8 mu_bwd=4) | grad=2.047 | tok/s=14,380 | tokens=4.84B
step=147620 | loss=5.0298 | lr=9.46e-05 | wd=0.0033 | mom=0.9500 | T=5.0 k=3.2 (mu_rec=8 mu_bwd=4) | grad=2.984 | tok/s=15,022 | tokens=4.84B
step=147630 | loss=5.0207 | lr=9.44e-05 | wd=0.0032 | mom=0.9500 | T=5.8 k=4.0 (mu_rec=8 mu_bwd=4) | grad=2.500 | tok/s=13,189 | tokens=4.84B
step=147640 | loss=4.8077 | lr=9.41e-05 | wd=0.0032 | mom=0.9500 | T=9.5 k=4.0 (mu_rec=8 mu_bwd=4) | grad=3.469 | tok/s=13,287 | tokens=4.84B
step=147650 | loss=4.9418 | lr=9.39e-05 | wd=0.0032 | mom=0.9500 | T=7.2 k=3.8 (mu_rec=8 mu_bwd=4) | grad=2.312 | tok/s=13,818 | tokens=4.84B
step=147660 | loss=4.8840 | lr=9.37e-05 | wd=0.0032 | mom=0.9500 | T=7.5 k=3.2 (mu_rec=8 mu_bwd=4) | grad=2.781 | tok/s=14,413 | tokens=4.84B
step=147670 | loss=4.9683 | lr=9.34e-05 | wd=0.0032 | mom=0.9500 | T=8.2 k=3.5 (mu_rec=8 mu_bwd=4) | grad=2.125 | tok/s=15,938 | tokens=4.84B
step=147680 | loss=4.9406 | lr=9.32e-05 | wd=0.0032 | mom=0.9500 | T=11.0 k=4.0 (mu_rec=8 mu_bwd=4) | grad=2.656 | tok/s=12,811 | tokens=4.84B
step=147690 | loss=4.9016 | lr=9.30e-05 | wd=0.0032 | mom=0.9500 | T=10.5 k=3.8 (mu_rec=8 mu_bwd=4) | grad=2.781 | tok/s=14,307 | tokens=4.84B
step=147700 | loss=4.9220 | lr=9.27e-05 | wd=0.0032 | mom=0.9500 | T=6.2 k=3.5 (mu_rec=8 mu_bwd=4) | grad=1.695 | tok/s=14,290 | tokens=4.84B
step=147710 | loss=4.8711 | lr=9.25e-05 | wd=0.0032 | mom=0.9500 | T=3.5 k=3.2 (mu_rec=8 mu_bwd=4) | grad=4.406 | tok/s=14,523 | tokens=4.84B
step=147720 | loss=4.4228 | lr=9.23e-05 | wd=0.0032 | mom=0.9500 | T=5.2 k=3.8 (mu_rec=8 mu_bwd=4) | grad=3.906 | tok/s=14,072 | tokens=4.84B
step=147730 | loss=4.8225 | lr=9.20e-05 | wd=0.0032 | mom=0.9500 | T=6.2 k=3.8 (mu_rec=8 mu_bwd=4) | grad=5.188 | tok/s=13,673 | tokens=4.84B
step=147740 | loss=4.7753 | lr=9.18e-05 | wd=0.0032 | mom=0.9500 | T=11.2 k=4.0 (mu_rec=8 mu_bwd=4) | grad=2.359 | tok/s=14,873 | tokens=4.84B
step=147750 | loss=4.9634 | lr=9.16e-05 | wd=0.0032 | mom=0.9500 | T=12.5 k=3.8 (mu_rec=8 mu_bwd=4) | grad=3.125 | tok/s=14,743 | tokens=4.84B
step=147760 | loss=4.9009 | lr=9.13e-05 | wd=0.0032 | mom=0.9500 | T=7.2 k=4.0 (mu_rec=8 mu_bwd=4) | grad=6.781 | tok/s=13,467 | tokens=4.84B
step=147770 | loss=4.9546 | lr=9.11e-05 | wd=0.0032 | mom=0.9500 | T=9.2 k=3.5 (mu_rec=8 mu_bwd=4) | grad=4.969 | tok/s=14,441 | tokens=4.84B
step=147780 | loss=4.4730 | lr=9.09e-05 | wd=0.0031 | mom=0.9500 | T=4.5 k=3.5 (mu_rec=8 mu_bwd=4) | grad=5.750 | tok/s=14,396 | tokens=4.84B
step=147790 | loss=4.9002 | lr=9.06e-05 | wd=0.0031 | mom=0.9500 | T=7.0 k=4.0 (mu_rec=8 mu_bwd=4) | grad=4.281 | tok/s=13,971 | tokens=4.84B
step=147800 | loss=4.9657 | lr=9.04e-05 | wd=0.0031 | mom=0.9500 | T=4.0 k=2.8 (mu_rec=8 mu_bwd=4) | grad=4.250 | tok/s=14,258 | tokens=4.84B
step=147810 | loss=4.8562 | lr=9.02e-05 | wd=0.0031 | mom=0.9500 | T=6.5 k=3.8 (mu_rec=8 mu_bwd=4) | grad=2.234 | tok/s=15,904 | tokens=4.84B
step=147820 | loss=4.9571 | lr=8.99e-05 | wd=0.0031 | mom=0.9500 | T=2.2 k=2.2 (mu_rec=8 mu_bwd=4) | grad=3.422 | tok/s=14,871 | tokens=4.84B
step=147830 | loss=5.1681 | lr=8.97e-05 | wd=0.0031 | mom=0.9500 | T=9.2 k=4.0 (mu_rec=8 mu_bwd=4) | grad=2.094 | tok/s=13,537 | tokens=4.84B
step=147840 | loss=4.9455 | lr=8.95e-05 | wd=0.0031 | mom=0.9500 | T=10.8 k=4.0 (mu_rec=8 mu_bwd=4) | grad=2.156 | tok/s=13,823 | tokens=4.84B
step=147850 | loss=4.9865 | lr=8.92e-05 | wd=0.0031 | mom=0.9500 | T=9.0 k=3.8 (mu_rec=8 mu_bwd=4) | grad=3.859 | tok/s=14,598 | tokens=4.84B
step=147860 | loss=4.8522 | lr=8.90e-05 | wd=0.0031 | mom=0.9500 | T=6.2 k=4.0 (mu_rec=8 mu_bwd=4) | grad=2.938 | tok/s=14,913 | tokens=4.85B
step=147870 | loss=4.9374 | lr=8.88e-05 | wd=0.0031 | mom=0.9500 | T=10.2 k=4.0 (mu_rec=8 mu_bwd=4) | grad=3.141 | tok/s=15,394 | tokens=4.85B
step=147880 | loss=4.9478 | lr=8.85e-05 | wd=0.0031 | mom=0.9500 | T=7.2 k=3.2 (mu_rec=8 mu_bwd=4) | grad=3.188 | tok/s=12,918 | tokens=4.85B
step=147890 | loss=4.8598 | lr=8.83e-05 | wd=0.0031 | mom=0.9500 | T=6.5 k=4.0 (mu_rec=8 mu_bwd=4) | grad=2.406 | tok/s=14,750 | tokens=4.85B
step=147900 | loss=5.1938 | lr=8.81e-05 | wd=0.0031 | mom=0.9500 | T=15.2 k=4.0 (mu_rec=8 mu_bwd=4) | grad=8.062 | tok/s=6,413 | tokens=4.85B
step=147910 | loss=4.9431 | lr=8.79e-05 | wd=0.0031 | mom=0.9500 | T=7.8 k=4.0 (mu_rec=8 mu_bwd=4) | grad=8.750 | tok/s=13,946 | tokens=4.85B
step=147920 | loss=4.8836 | lr=8.76e-05 | wd=0.0031 | mom=0.9500 | T=7.8 k=3.8 (mu_rec=8 mu_bwd=4) | grad=2.188 | tok/s=14,756 | tokens=4.85B
step=147930 | loss=4.9641 | lr=8.74e-05 | wd=0.0031 | mom=0.9500 | T=9.5 k=4.0 (mu_rec=8 mu_bwd=4) | grad=2.438 | tok/s=14,576 | tokens=4.85B
step=147940 | loss=4.9819 | lr=8.72e-05 | wd=0.0030 | mom=0.9500 | T=5.5 k=3.0 (mu_rec=8 mu_bwd=4) | grad=4.031 | tok/s=15,629 | tokens=4.85B
step=147950 | loss=5.0884 | lr=8.69e-05 | wd=0.0030 | mom=0.9500 | T=6.5 k=3.5 (mu_rec=8 mu_bwd=4) | grad=3.703 | tok/s=13,204 | tokens=4.85B
step=147960 | loss=4.8860 | lr=8.67e-05 | wd=0.0030 | mom=0.9500 | T=9.5 k=4.0 (mu_rec=8 mu_bwd=4) | grad=2.547 | tok/s=14,273 | tokens=4.85B
step=147970 | loss=5.0753 | lr=8.65e-05 | wd=0.0030 | mom=0.9500 | T=13.8 k=4.0 (mu_rec=8 mu_bwd=4) | grad=10.562 | tok/s=14,256 | tokens=4.85B
step=147980 | loss=4.9800 | lr=8.63e-05 | wd=0.0030 | mom=0.9500 | T=8.8 k=4.0 (mu_rec=8 mu_bwd=4) | grad=2.656 | tok/s=14,088 | tokens=4.85B
step=147990 | loss=4.9184 | lr=8.60e-05 | wd=0.0030 | mom=0.9500 | T=10.0 k=4.0 (mu_rec=8 mu_bwd=4) | grad=2.188 | tok/s=14,639 | tokens=4.85B
step=148000 | loss=5.1499 | lr=8.58e-05 | wd=0.0030 | mom=0.9500 | T=5.2 k=3.5 (mu_rec=8 mu_bwd=4) | grad=2.438 | tok/s=15,837 | tokens=4.85B
[step 148000] Saved -> runs/ccot-5b/checkpoint_0148000
[step 148000] Pruned -> runs/ccot-5b/checkpoint_0142000
step=148010 | loss=4.9645 | lr=8.56e-05 | wd=0.0030 | mom=0.9500 | T=9.0 k=4.0 (mu_rec=8 mu_bwd=4) | grad=2.547 | tok/s=14,286 | tokens=4.85B
step=148020 | loss=5.0210 | lr=8.54e-05 | wd=0.0030 | mom=0.9500 | T=6.8 k=3.8 (mu_rec=8 mu_bwd=4) | grad=3.891 | tok/s=15,142 | tokens=4.85B
step=148030 | loss=4.8347 | lr=8.51e-05 | wd=0.0030 | mom=0.9500 | T=9.2 k=3.2 (mu_rec=8 mu_bwd=4) | grad=1.781 | tok/s=15,362 | tokens=4.85B
step=148040 | loss=4.9100 | lr=8.49e-05 | wd=0.0030 | mom=0.9500 | T=3.8 k=3.2 (mu_rec=8 mu_bwd=4) | grad=2.438 | tok/s=13,277 | tokens=4.85B
step=148050 | loss=4.9353 | lr=8.47e-05 | wd=0.0030 | mom=0.9500 | T=4.2 k=3.2 (mu_rec=8 mu_bwd=4) | grad=2.031 | tok/s=14,415 | tokens=4.85B
step=148060 | loss=4.9909 | lr=8.45e-05 | wd=0.0030 | mom=0.9500 | T=10.2 k=4.0 (mu_rec=8 mu_bwd=4) | grad=4.469 | tok/s=14,267 | tokens=4.85B
step=148070 | loss=4.9757 | lr=8.43e-05 | wd=0.0030 | mom=0.9500 | T=8.2 k=3.8 (mu_rec=8 mu_bwd=4) | grad=2.281 | tok/s=15,187 | tokens=4.85B
step=148080 | loss=4.7931 | lr=8.40e-05 | wd=0.0030 | mom=0.9500 | T=6.8 k=3.5 (mu_rec=8 mu_bwd=4) | grad=2.312 | tok/s=13,947 | tokens=4.85B
step=148090 | loss=4.9685 | lr=8.38e-05 | wd=0.0029 | mom=0.9500 | T=8.2 k=3.8 (mu_rec=8 mu_bwd=4) | grad=2.812 | tok/s=14,457 | tokens=4.85B
step=148100 | loss=5.1506 | lr=8.36e-05 | wd=0.0029 | mom=0.9500 | T=6.8 k=3.5 (mu_rec=8 mu_bwd=4) | grad=2.859 | tok/s=15,630 | tokens=4.85B
step=148110 | loss=4.9359 | lr=8.34e-05 | wd=0.0029 | mom=0.9500 | T=8.0 k=4.0 (mu_rec=8 mu_bwd=4) | grad=2.906 | tok/s=15,445 | tokens=4.85B
step=148120 | loss=4.7898 | lr=8.31e-05 | wd=0.0029 | mom=0.9500 | T=5.8 k=3.5 (mu_rec=8 mu_bwd=4) | grad=4.500 | tok/s=14,951 | tokens=4.85B
step=148130 | loss=4.7118 | lr=8.29e-05 | wd=0.0029 | mom=0.9500 | T=6.2 k=3.8 (mu_rec=8 mu_bwd=4) | grad=1.938 | tok/s=13,779 | tokens=4.85B
step=148140 | loss=4.7569 | lr=8.27e-05 | wd=0.0029 | mom=0.9500 | T=3.8 k=3.0 (mu_rec=8 mu_bwd=4) | grad=2.266 | tok/s=15,302 | tokens=4.85B
step=148150 | loss=5.0482 | lr=8.25e-05 | wd=0.0029 | mom=0.9500 | T=5.8 k=4.0 (mu_rec=8 mu_bwd=4) | grad=3.969 | tok/s=13,790 | tokens=4.85B
step=148160 | loss=4.8758 | lr=8.23e-05 | wd=0.0029 | mom=0.9500 | T=8.8 k=3.8 (mu_rec=8 mu_bwd=4) | grad=2.469 | tok/s=14,128 | tokens=4.85B
step=148170 | loss=4.9933 | lr=8.20e-05 | wd=0.0029 | mom=0.9500 | T=5.8 k=3.2 (mu_rec=8 mu_bwd=4) | grad=3.000 | tok/s=13,235 | tokens=4.86B
step=148180 | loss=4.8667 | lr=8.18e-05 | wd=0.0029 | mom=0.9500 | T=6.5 k=3.5 (mu_rec=8 mu_bwd=4) | grad=1.867 | tok/s=15,128 | tokens=4.86B
step=148190 | loss=5.0228 | lr=8.16e-05 | wd=0.0029 | mom=0.9500 | T=10.8 k=4.0 (mu_rec=8 mu_bwd=4) | grad=1.727 | tok/s=14,142 | tokens=4.86B
step=148200 | loss=5.0401 | lr=8.14e-05 | wd=0.0029 | mom=0.9500 | T=5.5 k=3.2 (mu_rec=8 mu_bwd=4) | grad=2.406 | tok/s=14,794 | tokens=4.86B
step=148210 | loss=4.9281 | lr=8.12e-05 | wd=0.0029 | mom=0.9500 | T=6.2 k=3.5 (mu_rec=8 mu_bwd=4) | grad=2.094 | tok/s=14,461 | tokens=4.86B
step=148220 | loss=4.9595 | lr=8.10e-05 | wd=0.0029 | mom=0.9500 | T=10.2 k=3.2 (mu_rec=8 mu_bwd=4) | grad=2.469 | tok/s=12,959 | tokens=4.86B
step=148230 | loss=4.7926 | lr=8.07e-05 | wd=0.0029 | mom=0.9500 | T=6.5 k=4.0 (mu_rec=8 mu_bwd=4) | grad=2.297 | tok/s=14,791 | tokens=4.86B
step=148240 | loss=4.9530 | lr=8.05e-05 | wd=0.0028 | mom=0.9500 | T=8.5 k=3.5 (mu_rec=8 mu_bwd=4) | grad=7.344 | tok/s=14,502 | tokens=4.86B
step=148250 | loss=5.2073 | lr=8.03e-05 | wd=0.0028 | mom=0.9500 | T=7.0 k=3.5 (mu_rec=8 mu_bwd=4) | grad=2.016 | tok/s=5,958 | tokens=4.86B
step=148260 | loss=4.9801 | lr=8.01e-05 | wd=0.0028 | mom=0.9500 | T=9.8 k=4.0 (mu_rec=8 mu_bwd=4) | grad=4.875 | tok/s=13,027 | tokens=4.86B
step=148270 | loss=4.9531 | lr=7.99e-05 | wd=0.0028 | mom=0.9500 | T=15.0 k=4.0 (mu_rec=8 mu_bwd=4) | grad=1.977 | tok/s=13,283 | tokens=4.86B
step=148280 | loss=4.8548 | lr=7.97e-05 | wd=0.0028 | mom=0.9500 | T=5.2 k=3.0 (mu_rec=8 mu_bwd=4) | grad=3.328 | tok/s=14,064 | tokens=4.86B
step=148290 | loss=4.8460 | lr=7.94e-05 | wd=0.0028 | mom=0.9500 | T=5.8 k=3.5 (mu_rec=8 mu_bwd=4) | grad=2.453 | tok/s=14,018 | tokens=4.86B
step=148300 | loss=5.0509 | lr=7.92e-05 | wd=0.0028 | mom=0.9500 | T=6.8 k=3.5 (mu_rec=8 mu_bwd=4) | grad=3.016 | tok/s=14,904 | tokens=4.86B
step=148310 | loss=5.0713 | lr=7.90e-05 | wd=0.0028 | mom=0.9500 | T=14.2 k=4.0 (mu_rec=8 mu_bwd=4) | grad=2.766 | tok/s=13,528 | tokens=4.86B
step=148320 | loss=4.9933 | lr=7.88e-05 | wd=0.0028 | mom=0.9500 | T=5.8 k=2.8 (mu_rec=8 mu_bwd=4) | grad=2.922 | tok/s=14,088 | tokens=4.86B
step=148330 | loss=4.9260 | lr=7.86e-05 | wd=0.0028 | mom=0.9500 | T=14.5 k=4.0 (mu_rec=8 mu_bwd=4) | grad=3.797 | tok/s=12,858 | tokens=4.86B
step=148340 | loss=4.9228 | lr=7.84e-05 | wd=0.0028 | mom=0.9500 | T=9.2 k=4.0 (mu_rec=8 mu_bwd=4) | grad=3.938 | tok/s=13,177 | tokens=4.86B
step=148350 | loss=4.9856 | lr=7.82e-05 | wd=0.0028 | mom=0.9500 | T=9.0 k=3.2 (mu_rec=8 mu_bwd=4) | grad=2.703 | tok/s=14,576 | tokens=4.86B
step=148360 | loss=4.8543 | lr=7.79e-05 | wd=0.0028 | mom=0.9500 | T=6.0 k=3.8 (mu_rec=8 mu_bwd=4) | grad=2.266 | tok/s=14,974 | tokens=4.86B
step=148370 | loss=4.8593 | lr=7.77e-05 | wd=0.0028 | mom=0.9500 | T=11.0 k=4.0 (mu_rec=8 mu_bwd=4) | grad=1.859 | tok/s=14,312 | tokens=4.86B
step=148380 | loss=4.8437 | lr=7.75e-05 | wd=0.0028 | mom=0.9500 | T=11.2 k=4.0 (mu_rec=8 mu_bwd=4) | grad=2.328 | tok/s=13,778 | tokens=4.86B
step=148390 | loss=4.9770 | lr=7.73e-05 | wd=0.0027 | mom=0.9500 | T=7.2 k=4.0 (mu_rec=8 mu_bwd=4) | grad=2.734 | tok/s=14,185 | tokens=4.86B
step=148400 | loss=4.8623 | lr=7.71e-05 | wd=0.0027 | mom=0.9500 | T=12.5 k=4.0 (mu_rec=8 mu_bwd=4) | grad=1.688 | tok/s=14,116 | tokens=4.86B
step=148410 | loss=5.0179 | lr=7.69e-05 | wd=0.0027 | mom=0.9500 | T=8.8 k=3.2 (mu_rec=8 mu_bwd=4) | grad=3.688 | tok/s=14,271 | tokens=4.86B
step=148420 | loss=4.9725 | lr=7.67e-05 | wd=0.0027 | mom=0.9500 | T=4.8 k=4.0 (mu_rec=8 mu_bwd=4) | grad=2.375 | tok/s=15,760 | tokens=4.86B
step=148430 | loss=4.8509 | lr=7.65e-05 | wd=0.0027 | mom=0.9500 | T=5.0 k=3.8 (mu_rec=8 mu_bwd=4) | grad=3.375 | tok/s=14,425 | tokens=4.86B
step=148440 | loss=4.8987 | lr=7.63e-05 | wd=0.0027 | mom=0.9500 | T=10.8 k=4.0 (mu_rec=8 mu_bwd=4) | grad=1.820 | tok/s=14,516 | tokens=4.86B
step=148450 | loss=5.0735 | lr=7.60e-05 | wd=0.0027 | mom=0.9500 | T=6.0 k=3.8 (mu_rec=8 mu_bwd=4) | grad=5.000 | tok/s=14,373 | tokens=4.86B
step=148460 | loss=4.8733 | lr=7.58e-05 | wd=0.0027 | mom=0.9500 | T=11.0 k=4.0 (mu_rec=8 mu_bwd=4) | grad=2.109 | tok/s=13,855 | tokens=4.86B
step=148470 | loss=4.9450 | lr=7.56e-05 | wd=0.0027 | mom=0.9500 | T=11.5 k=4.0 (mu_rec=8 mu_bwd=4) | grad=1.711 | tok/s=14,335 | tokens=4.87B
step=148480 | loss=4.8857 | lr=7.54e-05 | wd=0.0027 | mom=0.9500 | T=6.5 k=4.0 (mu_rec=8 mu_bwd=4) | grad=2.156 | tok/s=14,383 | tokens=4.87B
step=148490 | loss=4.9990 | lr=7.52e-05 | wd=0.0027 | mom=0.9500 | T=7.2 k=4.0 (mu_rec=8 mu_bwd=4) | grad=2.734 | tok/s=13,015 | tokens=4.87B
step=148500 | loss=4.9970 | lr=7.50e-05 | wd=0.0027 | mom=0.9500 | T=10.5 k=4.0 (mu_rec=8 mu_bwd=4) | grad=2.031 | tok/s=13,729 | tokens=4.87B
step=148510 | loss=5.0313 | lr=7.48e-05 | wd=0.0027 | mom=0.9500 | T=5.5 k=3.8 (mu_rec=8 mu_bwd=4) | grad=2.469 | tok/s=14,118 | tokens=4.87B
step=148520 | loss=4.8295 | lr=7.46e-05 | wd=0.0027 | mom=0.9500 | T=5.2 k=3.5 (mu_rec=8 mu_bwd=4) | grad=2.547 | tok/s=14,800 | tokens=4.87B
step=148530 | loss=4.6682 | lr=7.44e-05 | wd=0.0027 | mom=0.9500 | T=7.0 k=4.0 (mu_rec=8 mu_bwd=4) | grad=4.750 | tok/s=14,515 | tokens=4.87B
step=148540 | loss=4.9391 | lr=7.42e-05 | wd=0.0027 | mom=0.9500 | T=10.5 k=4.0 (mu_rec=8 mu_bwd=4) | grad=4.281 | tok/s=12,678 | tokens=4.87B
step=148550 | loss=4.8725 | lr=7.40e-05 | wd=0.0026 | mom=0.9500 | T=10.5 k=4.0 (mu_rec=8 mu_bwd=4) | grad=1.664 | tok/s=14,163 | tokens=4.87B
step=148560 | loss=4.9140 | lr=7.38e-05 | wd=0.0026 | mom=0.9500 | T=7.2 k=4.0 (mu_rec=8 mu_bwd=4) | grad=8.750 | tok/s=13,647 | tokens=4.87B
step=148570 | loss=4.7910 | lr=7.36e-05 | wd=0.0026 | mom=0.9500 | T=10.8 k=4.0 (mu_rec=8 mu_bwd=4) | grad=2.625 | tok/s=14,620 | tokens=4.87B
step=148580 | loss=4.8288 | lr=7.34e-05 | wd=0.0026 | mom=0.9500 | T=9.0 k=4.0 (mu_rec=8 mu_bwd=4) | grad=2.297 | tok/s=12,897 | tokens=4.87B
step=148590 | loss=4.9581 | lr=7.32e-05 | wd=0.0026 | mom=0.9500 | T=10.2 k=4.0 (mu_rec=8 mu_bwd=4) | grad=2.031 | tok/s=14,800 | tokens=4.87B
step=148600 | loss=4.8002 | lr=7.29e-05 | wd=0.0026 | mom=0.9500 | T=8.8 k=3.8 (mu_rec=8 mu_bwd=4) | grad=2.375 | tok/s=13,762 | tokens=4.87B
step=148610 | loss=4.9599 | lr=7.27e-05 | wd=0.0026 | mom=0.9500 | T=13.0 k=4.0 (mu_rec=8 mu_bwd=4) | grad=4.594 | tok/s=15,179 | tokens=4.87B
step=148620 | loss=4.8813 | lr=7.25e-05 | wd=0.0026 | mom=0.9500 | T=9.2 k=4.0 (mu_rec=8 mu_bwd=4) | grad=3.203 | tok/s=15,848 | tokens=4.87B
step=148630 | loss=5.0135 | lr=7.23e-05 | wd=0.0026 | mom=0.9500 | T=6.5 k=4.0 (mu_rec=8 mu_bwd=4) | grad=2.094 | tok/s=14,094 | tokens=4.87B
step=148640 | loss=4.9886 | lr=7.21e-05 | wd=0.0026 | mom=0.9500 | T=7.5 k=3.2 (mu_rec=8 mu_bwd=4) | grad=2.922 | tok/s=14,274 | tokens=4.87B
step=148650 | loss=4.9637 | lr=7.19e-05 | wd=0.0026 | mom=0.9500 | T=5.5 k=3.2 (mu_rec=8 mu_bwd=4) | grad=2.125 | tok/s=14,412 | tokens=4.87B
step=148660 | loss=5.0024 | lr=7.17e-05 | wd=0.0026 | mom=0.9500 | T=4.8 k=3.5 (mu_rec=8 mu_bwd=4) | grad=6.469 | tok/s=14,964 | tokens=4.87B
step=148670 | loss=5.2882 | lr=7.15e-05 | wd=0.0026 | mom=0.9500 | T=6.2 k=3.2 (mu_rec=8 mu_bwd=4) | grad=2.719 | tok/s=14,018 | tokens=4.87B
step=148680 | loss=4.7916 | lr=7.13e-05 | wd=0.0026 | mom=0.9500 | T=7.0 k=3.8 (mu_rec=8 mu_bwd=4) | grad=2.219 | tok/s=6,082 | tokens=4.87B
step=148690 | loss=4.9223 | lr=7.11e-05 | wd=0.0026 | mom=0.9500 | T=8.5 k=4.0 (mu_rec=8 mu_bwd=4) | grad=2.516 | tok/s=13,539 | tokens=4.87B
step=148700 | loss=4.7968 | lr=7.09e-05 | wd=0.0025 | mom=0.9500 | T=12.5 k=4.0 (mu_rec=8 mu_bwd=4) | grad=2.406 | tok/s=13,571 | tokens=4.87B
step=148710 | loss=4.9119 | lr=7.07e-05 | wd=0.0025 | mom=0.9500 | T=8.2 k=4.0 (mu_rec=8 mu_bwd=4) | grad=7.312 | tok/s=13,820 | tokens=4.87B
step=148720 | loss=4.8145 | lr=7.05e-05 | wd=0.0025 | mom=0.9500 | T=8.5 k=3.5 (mu_rec=8 mu_bwd=4) | grad=2.688 | tok/s=13,614 | tokens=4.87B
step=148730 | loss=4.8933 | lr=7.03e-05 | wd=0.0025 | mom=0.9500 | T=5.0 k=3.0 (mu_rec=8 mu_bwd=4) | grad=2.609 | tok/s=13,796 | tokens=4.87B
step=148740 | loss=4.9800 | lr=7.01e-05 | wd=0.0025 | mom=0.9500 | T=11.5 k=4.0 (mu_rec=8 mu_bwd=4) | grad=2.359 | tok/s=13,784 | tokens=4.87B
step=148750 | loss=5.0620 | lr=6.99e-05 | wd=0.0025 | mom=0.9500 | T=13.2 k=4.0 (mu_rec=8 mu_bwd=4) | grad=5.438 | tok/s=14,489 | tokens=4.87B
step=148760 | loss=4.8748 | lr=6.97e-05 | wd=0.0025 | mom=0.9500 | T=7.8 k=3.8 (mu_rec=8 mu_bwd=4) | grad=2.859 | tok/s=13,707 | tokens=4.87B
step=148770 | loss=5.1616 | lr=6.96e-05 | wd=0.0025 | mom=0.9500 | T=20.0 k=4.0 (mu_rec=8 mu_bwd=4) | grad=3.094 | tok/s=12,335 | tokens=4.87B
step=148780 | loss=5.2764 | lr=6.94e-05 | wd=0.0025 | mom=0.9500 | T=8.8 k=3.5 (mu_rec=8 mu_bwd=4) | grad=2.422 | tok/s=15,219 | tokens=4.88B
step=148790 | loss=5.1153 | lr=6.92e-05 | wd=0.0025 | mom=0.9500 | T=7.5 k=4.0 (mu_rec=8 mu_bwd=4) | grad=2.156 | tok/s=15,196 | tokens=4.88B
step=148800 | loss=5.1531 | lr=6.90e-05 | wd=0.0025 | mom=0.9500 | T=6.8 k=3.5 (mu_rec=8 mu_bwd=4) | grad=2.297 | tok/s=14,610 | tokens=4.88B
step=148810 | loss=5.1345 | lr=6.88e-05 | wd=0.0025 | mom=0.9500 | T=8.0 k=4.0 (mu_rec=8 mu_bwd=4) | grad=3.031 | tok/s=14,466 | tokens=4.88B
step=148820 | loss=4.9638 | lr=6.86e-05 | wd=0.0025 | mom=0.9500 | T=12.0 k=4.0 (mu_rec=8 mu_bwd=4) | grad=1.922 | tok/s=13,949 | tokens=4.88B
step=148830 | loss=5.0342 | lr=6.84e-05 | wd=0.0025 | mom=0.9500 | T=5.0 k=3.5 (mu_rec=8 mu_bwd=4) | grad=2.734 | tok/s=13,793 | tokens=4.88B
step=148840 | loss=4.8832 | lr=6.82e-05 | wd=0.0025 | mom=0.9500 | T=7.0 k=3.2 (mu_rec=8 mu_bwd=4) | grad=1.984 | tok/s=14,238 | tokens=4.88B
step=148850 | loss=4.8519 | lr=6.80e-05 | wd=0.0024 | mom=0.9500 | T=8.0 k=4.0 (mu_rec=8 mu_bwd=4) | grad=1.938 | tok/s=13,952 | tokens=4.88B
step=148860 | loss=4.9043 | lr=6.78e-05 | wd=0.0024 | mom=0.9500 | T=7.5 k=3.2 (mu_rec=8 mu_bwd=4) | grad=1.734 | tok/s=12,913 | tokens=4.88B
step=148870 | loss=4.9496 | lr=6.76e-05 | wd=0.0024 | mom=0.9500 | T=7.8 k=4.0 (mu_rec=8 mu_bwd=4) | grad=3.000 | tok/s=13,431 | tokens=4.88B
step=148880 | loss=4.9392 | lr=6.74e-05 | wd=0.0024 | mom=0.9500 | T=6.2 k=3.8 (mu_rec=8 mu_bwd=4) | grad=3.516 | tok/s=12,935 | tokens=4.88B
step=148890 | loss=4.8205 | lr=6.72e-05 | wd=0.0024 | mom=0.9500 | T=6.5 k=4.0 (mu_rec=8 mu_bwd=4) | grad=13.188 | tok/s=16,070 | tokens=4.88B
step=148900 | loss=4.8215 | lr=6.70e-05 | wd=0.0024 | mom=0.9500 | T=5.2 k=3.2 (mu_rec=8 mu_bwd=4) | grad=1.977 | tok/s=15,069 | tokens=4.88B
step=148910 | loss=4.9965 | lr=6.68e-05 | wd=0.0024 | mom=0.9500 | T=14.8 k=4.0 (mu_rec=8 mu_bwd=4) | grad=3.219 | tok/s=14,222 | tokens=4.88B
step=148920 | loss=4.9554 | lr=6.66e-05 | wd=0.0024 | mom=0.9500 | T=6.8 k=3.8 (mu_rec=8 mu_bwd=4) | grad=2.312 | tok/s=14,595 | tokens=4.88B
step=148930 | loss=4.7421 | lr=6.65e-05 | wd=0.0024 | mom=0.9500 | T=7.5 k=3.8 (mu_rec=8 mu_bwd=4) | grad=3.016 | tok/s=14,272 | tokens=4.88B
step=148940 | loss=5.0367 | lr=6.63e-05 | wd=0.0024 | mom=0.9500 | T=7.2 k=3.2 (mu_rec=8 mu_bwd=4) | grad=6.719 | tok/s=15,475 | tokens=4.88B
step=148950 | loss=5.0916 | lr=6.61e-05 | wd=0.0024 | mom=0.9500 | T=5.0 k=3.0 (mu_rec=8 mu_bwd=4) | grad=2.031 | tok/s=13,643 | tokens=4.88B
step=148960 | loss=4.8113 | lr=6.59e-05 | wd=0.0024 | mom=0.9500 | T=8.0 k=4.0 (mu_rec=8 mu_bwd=4) | grad=2.484 | tok/s=14,194 | tokens=4.88B
step=148970 | loss=5.1008 | lr=6.57e-05 | wd=0.0024 | mom=0.9500 | T=6.5 k=4.0 (mu_rec=8 mu_bwd=4) | grad=1.688 | tok/s=13,941 | tokens=4.88B
step=148980 | loss=5.1509 | lr=6.55e-05 | wd=0.0024 | mom=0.9500 | T=8.8 k=4.0 (mu_rec=8 mu_bwd=4) | grad=2.625 | tok/s=13,912 | tokens=4.88B
step=148990 | loss=5.1822 | lr=6.53e-05 | wd=0.0024 | mom=0.9500 | T=8.5 k=3.5 (mu_rec=8 mu_bwd=4) | grad=4.719 | tok/s=15,260 | tokens=4.88B
step=149000 | loss=4.9686 | lr=6.51e-05 | wd=0.0023 | mom=0.9500 | T=7.5 k=4.0 (mu_rec=8 mu_bwd=4) | grad=3.609 | tok/s=14,575 | tokens=4.88B
step=149010 | loss=4.8943 | lr=6.50e-05 | wd=0.0023 | mom=0.9500 | T=7.8 k=4.0 (mu_rec=8 mu_bwd=4) | grad=2.812 | tok/s=13,390 | tokens=4.88B
step=149020 | loss=4.9608 | lr=6.48e-05 | wd=0.0023 | mom=0.9500 | T=9.0 k=4.0 (mu_rec=8 mu_bwd=4) | grad=2.234 | tok/s=14,895 | tokens=4.88B
step=149030 | loss=4.9718 | lr=6.46e-05 | wd=0.0023 | mom=0.9500 | T=7.2 k=3.2 (mu_rec=8 mu_bwd=4) | grad=2.031 | tok/s=14,708 | tokens=4.88B
step=149040 | loss=4.9944 | lr=6.44e-05 | wd=0.0023 | mom=0.9500 | T=14.8 k=4.0 (mu_rec=8 mu_bwd=4) | grad=2.875 | tok/s=13,487 | tokens=4.88B
step=149050 | loss=4.9473 | lr=6.42e-05 | wd=0.0023 | mom=0.9500 | T=9.5 k=4.0 (mu_rec=8 mu_bwd=4) | grad=3.109 | tok/s=13,342 | tokens=4.88B
step=149060 | loss=4.8170 | lr=6.40e-05 | wd=0.0023 | mom=0.9500 | T=7.8 k=4.0 (mu_rec=8 mu_bwd=4) | grad=2.281 | tok/s=14,051 | tokens=4.88B[2026-06-24T12:58:25.037] error: *** JOB 10318361 ON atl1-1-01-006-5-0 CANCELLED AT 2026-06-24T12:58:25 DUE TO TIME LIMIT ***
---------------------------------------
Begin Slurm Epilog: Jun-24-2026 12:58:27
Job ID:        10318361
User ID:       hjiang420
Account:       gts-aivanova7-lab
Job name:      job5b_ccot_resume.sh
Resources:     cpu=8,gres/gpu:a100=1,mem=64G,node=1
Rsrc Used:     cput=8-00:01:44,vmem=0,walltime=1-00:00:13,mem=7250084K,energy_used=0
Partition:     gpu-a100
QOS:           inferno
Nodes:         atl1-1-01-006-5-0
---------------------------------------
