---------------------------------------
Begin Slurm Prolog: Jun-25-2026 12:27:32
Job ID:    10414740
User ID:   hjiang420
Account:   gts-aivanova7-lab
Job name:  job5b2_resume.sh
Partition: gpu-a100
QOS:       inferno
---------------------------------------
Resuming from: runs/cortex-5b-k4/checkpoint_0152584
Tokens so far: 4999872512 | Training until: 6249872512
Warning: You are sending unauthenticated requests to the HF Hub. Please set a HF_TOKEN to enable higher rate limits and faster downloads.
Loading EleutherAI/pythia-160m ...
Params: 171,184,130 total, 171,184,130 trainable
Arch: cortex (training_mode=cortex)
Grad checkpointing: False
Layer split: Pre=3, Loop=6, Coda=3
mu_rec=8, mu_bwd=4 (= ceil(8/2))
Effective batch: 32768 tokens = 16 seqs x 2048 tok
Grad accum: 1 | Cross-chunks: 4 | World size: 1
Stop at step: 190,730 | Schedule horizon: 152,587 | Warmup: 1525 | Cooldown: 15258
Curriculum: mu_rec ramps 1->8 over 3800 steps
Resumed from step 152584, 4,999,872,512 tokens
`trust_remote_code` is not supported anymore.
Please check that the Hugging Face dataset 'EleutherAI/the_pile_deduplicated' isn't based on a loading script and remove `trust_remote_code`.
If the dataset is based on a loading script, please ask the dataset author to remove it and convert it to a standard format like Parquet.
`trust_remote_code` is not supported anymore.
Please check that the Hugging Face dataset 'EleutherAI/the_pile_deduplicated' isn't based on a loading script and remove `trust_remote_code`.
If the dataset is based on a loading script, please ask the dataset author to remove it and convert it to a standard format like Parquet.
wandb: [wandb.login()] Loaded credentials for https://api.wandb.ai from /storage/home/hcoda1/3/hjiang420/.netrc.
wandb: Currently logged in as: henryyjiang42 (henryyjiang42-georgia-institute-of-technology) to https://api.wandb.ai. Use `wandb login --relogin` to force relogin
wandb: setting up run sn0xdwrj
wandb: Tracking run with wandb version 0.27.0
wandb: Run data is saved locally in runs/cortex-5b-k4/wandb/run-20260625_122756-sn0xdwrj
wandb: Run `wandb offline` to turn off syncing.
wandb: Resuming run cortex-5b-k4
wandb: ⭐️ View project at https://wandb.ai/henryyjiang42-georgia-institute-of-technology/cortex-gpt
wandb: 🚀 View run at https://wandb.ai/henryyjiang42-georgia-institute-of-technology/cortex-gpt/runs/sn0xdwrj
step=152590 | loss=2.2708 | lr=3.00e-05 | wd=0.0000 | mom=0.9500 | T=11.0 k=3.2 (mu_rec=8 mu_bwd=4) | grad=3.219 | tok/s=9,280 | tokens=5.00B
step=152600 | loss=4.0932 | lr=3.00e-05 | wd=0.0000 | mom=0.9500 | T=7.0 k=4.0 (mu_rec=8 mu_bwd=4) | grad=3.812 | tok/s=23,374 | tokens=5.00B
step=152610 | loss=4.0965 | lr=3.00e-05 | wd=0.0000 | mom=0.9500 | T=8.2 k=4.0 (mu_rec=8 mu_bwd=4) | grad=6.656 | tok/s=24,875 | tokens=5.00B
step=152620 | loss=4.2138 | lr=3.00e-05 | wd=0.0000 | mom=0.9500 | T=6.8 k=4.0 (mu_rec=8 mu_bwd=4) | grad=2.922 | tok/s=22,696 | tokens=5.00B
step=152630 | loss=4.0577 | lr=3.00e-05 | wd=0.0000 | mom=0.9500 | T=11.0 k=4.0 (mu_rec=8 mu_bwd=4) | grad=7.875 | tok/s=23,292 | tokens=5.00B
step=152640 | loss=3.8308 | lr=3.00e-05 | wd=0.0000 | mom=0.9500 | T=3.5 k=3.0 (mu_rec=8 mu_bwd=4) | grad=3.156 | tok/s=25,580 | tokens=5.00B
step=152650 | loss=3.8444 | lr=3.00e-05 | wd=0.0000 | mom=0.9500 | T=4.8 k=3.0 (mu_rec=8 mu_bwd=4) | grad=4.000 | tok/s=23,725 | tokens=5.00B
step=152660 | loss=3.9765 | lr=3.00e-05 | wd=0.0000 | mom=0.9500 | T=9.0 k=4.0 (mu_rec=8 mu_bwd=4) | grad=6.656 | tok/s=24,318 | tokens=5.00B
step=152670 | loss=4.0464 | lr=3.00e-05 | wd=0.0000 | mom=0.9500 | T=4.5 k=3.0 (mu_rec=8 mu_bwd=4) | grad=2.922 | tok/s=25,450 | tokens=5.00B
step=152680 | loss=4.0848 | lr=3.00e-05 | wd=0.0000 | mom=0.9500 | T=9.0 k=4.0 (mu_rec=8 mu_bwd=4) | grad=3.891 | tok/s=25,701 | tokens=5.00B
step=152690 | loss=4.0313 | lr=3.00e-05 | wd=0.0000 | mom=0.9500 | T=7.8 k=3.5 (mu_rec=8 mu_bwd=4) | grad=3.188 | tok/s=23,912 | tokens=5.00B
step=152700 | loss=4.1079 | lr=3.00e-05 | wd=0.0000 | mom=0.9500 | T=11.0 k=4.0 (mu_rec=8 mu_bwd=4) | grad=3.984 | tok/s=23,320 | tokens=5.00B
step=152710 | loss=4.0152 | lr=3.00e-05 | wd=0.0000 | mom=0.9500 | T=6.2 k=4.0 (mu_rec=8 mu_bwd=4) | grad=5.125 | tok/s=23,528 | tokens=5.00B
step=152720 | loss=3.7315 | lr=3.00e-05 | wd=0.0000 | mom=0.9500 | T=8.8 k=3.8 (mu_rec=8 mu_bwd=4) | grad=7.000 | tok/s=23,854 | tokens=5.00B
step=152730 | loss=3.9284 | lr=3.01e-05 | wd=0.0000 | mom=0.9500 | T=8.8 k=4.0 (mu_rec=8 mu_bwd=4) | grad=3.562 | tok/s=24,390 | tokens=5.00B
step=152740 | loss=3.9617 | lr=3.01e-05 | wd=0.0000 | mom=0.9500 | T=9.5 k=4.0 (mu_rec=8 mu_bwd=4) | grad=5.500 | tok/s=23,130 | tokens=5.00B
step=152750 | loss=3.9683 | lr=3.01e-05 | wd=0.0000 | mom=0.9500 | T=7.5 k=4.0 (mu_rec=8 mu_bwd=4) | grad=4.125 | tok/s=24,021 | tokens=5.01B
step=152760 | loss=3.9861 | lr=3.01e-05 | wd=0.0000 | mom=0.9500 | T=7.8 k=3.8 (mu_rec=8 mu_bwd=4) | grad=7.594 | tok/s=24,602 | tokens=5.01B
step=152770 | loss=4.0936 | lr=3.01e-05 | wd=0.0000 | mom=0.9500 | T=6.5 k=3.2 (mu_rec=8 mu_bwd=4) | grad=4.219 | tok/s=25,528 | tokens=5.01B
step=152780 | loss=3.8735 | lr=3.01e-05 | wd=0.0000 | mom=0.9500 | T=8.2 k=4.0 (mu_rec=8 mu_bwd=4) | grad=5.250 | tok/s=21,999 | tokens=5.01B
step=152790 | loss=4.0380 | lr=3.01e-05 | wd=0.0000 | mom=0.9500 | T=4.8 k=2.8 (mu_rec=8 mu_bwd=4) | grad=3.391 | tok/s=23,903 | tokens=5.01B
step=152800 | loss=3.9582 | lr=3.01e-05 | wd=0.0000 | mom=0.9500 | T=11.2 k=4.0 (mu_rec=8 mu_bwd=4) | grad=4.250 | tok/s=22,720 | tokens=5.01B
step=152810 | loss=4.0039 | lr=3.01e-05 | wd=0.0000 | mom=0.9500 | T=4.8 k=3.5 (mu_rec=8 mu_bwd=4) | grad=4.031 | tok/s=24,116 | tokens=5.01B
step=152820 | loss=3.7773 | lr=3.02e-05 | wd=0.0000 | mom=0.9500 | T=11.0 k=3.8 (mu_rec=8 mu_bwd=4) | grad=4.406 | tok/s=22,957 | tokens=5.01B
step=152830 | loss=3.7414 | lr=3.02e-05 | wd=0.0000 | mom=0.9500 | T=6.8 k=3.5 (mu_rec=8 mu_bwd=4) | grad=3.172 | tok/s=23,268 | tokens=5.01B
step=152840 | loss=4.0796 | lr=3.02e-05 | wd=0.0000 | mom=0.9500 | T=10.2 k=4.0 (mu_rec=8 mu_bwd=4) | grad=3.250 | tok/s=20,865 | tokens=5.01B
step=152850 | loss=4.1758 | lr=3.02e-05 | wd=0.0000 | mom=0.9500 | T=7.5 k=4.0 (mu_rec=8 mu_bwd=4) | grad=3.219 | tok/s=24,825 | tokens=5.01B
step=152860 | loss=4.2445 | lr=3.02e-05 | wd=0.0000 | mom=0.9500 | T=5.2 k=3.2 (mu_rec=8 mu_bwd=4) | grad=5.438 | tok/s=24,133 | tokens=5.01B
step=152870 | loss=3.9705 | lr=3.02e-05 | wd=0.0000 | mom=0.9500 | T=10.0 k=4.0 (mu_rec=8 mu_bwd=4) | grad=2.922 | tok/s=23,045 | tokens=5.01B
step=152880 | loss=3.8795 | lr=3.02e-05 | wd=0.0000 | mom=0.9500 | T=7.0 k=3.2 (mu_rec=8 mu_bwd=4) | grad=4.188 | tok/s=23,369 | tokens=5.01B
step=152890 | loss=3.9139 | lr=3.03e-05 | wd=0.0000 | mom=0.9500 | T=7.8 k=4.0 (mu_rec=8 mu_bwd=4) | grad=3.594 | tok/s=25,160 | tokens=5.01B
step=152900 | loss=4.2063 | lr=3.03e-05 | wd=0.0000 | mom=0.9500 | T=8.2 k=3.5 (mu_rec=8 mu_bwd=4) | grad=4.188 | tok/s=23,619 | tokens=5.01B
step=152910 | loss=4.0964 | lr=3.03e-05 | wd=0.0000 | mom=0.9500 | T=6.0 k=3.8 (mu_rec=8 mu_bwd=4) | grad=5.438 | tok/s=22,982 | tokens=5.01B
step=152920 | loss=4.1349 | lr=3.03e-05 | wd=0.0000 | mom=0.9500 | T=5.8 k=3.2 (mu_rec=8 mu_bwd=4) | grad=8.125 | tok/s=23,218 | tokens=5.01B
step=152930 | loss=4.1452 | lr=3.03e-05 | wd=0.0000 | mom=0.9500 | T=7.2 k=4.0 (mu_rec=8 mu_bwd=4) | grad=5.406 | tok/s=23,905 | tokens=5.01B
step=152940 | loss=4.2755 | lr=3.04e-05 | wd=0.0000 | mom=0.9500 | T=8.0 k=4.0 (mu_rec=8 mu_bwd=4) | grad=2.859 | tok/s=26,259 | tokens=5.01B
step=152950 | loss=4.2269 | lr=3.04e-05 | wd=0.0000 | mom=0.9500 | T=4.8 k=3.0 (mu_rec=8 mu_bwd=4) | grad=7.562 | tok/s=22,147 | tokens=5.01B
step=152960 | loss=4.3691 | lr=3.04e-05 | wd=0.0000 | mom=0.9500 | T=9.2 k=3.2 (mu_rec=8 mu_bwd=4) | grad=6.344 | tok/s=24,346 | tokens=5.01B
step=152970 | loss=4.0818 | lr=3.04e-05 | wd=0.0000 | mom=0.9500 | T=7.5 k=3.8 (mu_rec=8 mu_bwd=4) | grad=3.875 | tok/s=24,687 | tokens=5.01B
step=152980 | loss=4.2097 | lr=3.04e-05 | wd=0.0000 | mom=0.9500 | T=7.5 k=3.5 (mu_rec=8 mu_bwd=4) | grad=3.938 | tok/s=23,948 | tokens=5.01B
step=152990 | loss=4.1320 | lr=3.05e-05 | wd=0.0000 | mom=0.9500 | T=7.8 k=3.8 (mu_rec=8 mu_bwd=4) | grad=3.141 | tok/s=24,363 | tokens=5.01B
step=153000 | loss=3.8602 | lr=3.05e-05 | wd=0.0000 | mom=0.9500 | T=4.5 k=3.0 (mu_rec=8 mu_bwd=4) | grad=3.484 | tok/s=23,139 | tokens=5.01B
step=153010 | loss=4.2761 | lr=3.05e-05 | wd=0.0000 | mom=0.9500 | T=12.0 k=4.0 (mu_rec=8 mu_bwd=4) | grad=5.312 | tok/s=21,356 | tokens=5.01B
step=153020 | loss=3.8879 | lr=3.05e-05 | wd=0.0000 | mom=0.9500 | T=8.0 k=4.0 (mu_rec=8 mu_bwd=4) | grad=4.250 | tok/s=24,122 | tokens=5.01B
step=153030 | loss=4.2290 | lr=3.06e-05 | wd=0.0000 | mom=0.9500 | T=7.8 k=3.2 (mu_rec=8 mu_bwd=4) | grad=3.688 | tok/s=23,581 | tokens=5.01B
step=153040 | loss=4.1705 | lr=3.06e-05 | wd=0.0000 | mom=0.9500 | T=16.0 k=4.0 (mu_rec=8 mu_bwd=4) | grad=3.469 | tok/s=24,019 | tokens=5.01B
step=153050 | loss=3.8338 | lr=3.06e-05 | wd=0.0000 | mom=0.9500 | T=5.2 k=3.5 (mu_rec=8 mu_bwd=4) | grad=3.984 | tok/s=23,471 | tokens=5.02B
step=153060 | loss=4.1045 | lr=3.06e-05 | wd=0.0000 | mom=0.9500 | T=5.5 k=3.2 (mu_rec=8 mu_bwd=4) | grad=5.781 | tok/s=25,584 | tokens=5.02B
step=153070 | loss=4.1674 | lr=3.07e-05 | wd=0.0000 | mom=0.9500 | T=5.5 k=3.0 (mu_rec=8 mu_bwd=4) | grad=9.438 | tok/s=25,204 | tokens=5.02B
step=153080 | loss=4.0734 | lr=3.07e-05 | wd=0.0000 | mom=0.9500 | T=5.5 k=3.5 (mu_rec=8 mu_bwd=4) | grad=3.172 | tok/s=22,108 | tokens=5.02B
step=153090 | loss=4.0131 | lr=3.07e-05 | wd=0.0000 | mom=0.9500 | T=19.5 k=4.0 (mu_rec=8 mu_bwd=4) | grad=3.359 | tok/s=22,284 | tokens=5.02B
step=153100 | loss=4.0913 | lr=3.07e-05 | wd=0.0000 | mom=0.9500 | T=11.2 k=4.0 (mu_rec=8 mu_bwd=4) | grad=3.062 | tok/s=22,466 | tokens=5.02B
step=153110 | loss=4.2634 | lr=3.08e-05 | wd=0.0000 | mom=0.9500 | T=10.2 k=4.0 (mu_rec=8 mu_bwd=4) | grad=3.438 | tok/s=23,534 | tokens=5.02B
step=153120 | loss=3.7776 | lr=3.08e-05 | wd=0.0000 | mom=0.9500 | T=4.2 k=3.2 (mu_rec=8 mu_bwd=4) | grad=4.094 | tok/s=25,579 | tokens=5.02B
step=153130 | loss=3.8961 | lr=3.08e-05 | wd=0.0000 | mom=0.9500 | T=8.0 k=3.2 (mu_rec=8 mu_bwd=4) | grad=3.938 | tok/s=21,983 | tokens=5.02B
step=153140 | loss=4.2159 | lr=3.09e-05 | wd=0.0000 | mom=0.9500 | T=17.2 k=4.0 (mu_rec=8 mu_bwd=4) | grad=3.906 | tok/s=23,254 | tokens=5.02B
step=153150 | loss=4.5984 | lr=3.09e-05 | wd=0.0000 | mom=0.9500 | T=8.5 k=4.0 (mu_rec=8 mu_bwd=4) | grad=3.781 | tok/s=23,264 | tokens=5.02B
step=153160 | loss=4.3507 | lr=3.09e-05 | wd=0.0000 | mom=0.9500 | T=4.0 k=3.0 (mu_rec=8 mu_bwd=4) | grad=5.281 | tok/s=23,277 | tokens=5.02B
step=153170 | loss=3.7818 | lr=3.10e-05 | wd=0.0000 | mom=0.9500 | T=10.2 k=4.0 (mu_rec=8 mu_bwd=4) | grad=3.531 | tok/s=23,734 | tokens=5.02B
step=153180 | loss=3.8019 | lr=3.10e-05 | wd=0.0000 | mom=0.9500 | T=6.0 k=3.2 (mu_rec=8 mu_bwd=4) | grad=8.062 | tok/s=23,074 | tokens=5.02B
step=153190 | loss=3.9097 | lr=3.10e-05 | wd=0.0000 | mom=0.9500 | T=11.5 k=3.8 (mu_rec=8 mu_bwd=4) | grad=3.922 | tok/s=24,033 | tokens=5.02B
step=153200 | loss=3.9108 | lr=3.11e-05 | wd=0.0000 | mom=0.9500 | T=11.2 k=3.5 (mu_rec=8 mu_bwd=4) | grad=3.375 | tok/s=23,982 | tokens=5.02B
step=153210 | loss=3.8688 | lr=3.11e-05 | wd=0.0000 | mom=0.9500 | T=8.0 k=3.2 (mu_rec=8 mu_bwd=4) | grad=4.625 | tok/s=24,212 | tokens=5.02B
step=153220 | loss=4.1674 | lr=3.11e-05 | wd=0.0000 | mom=0.9500 | T=10.8 k=4.0 (mu_rec=8 mu_bwd=4) | grad=4.188 | tok/s=23,295 | tokens=5.02B
step=153230 | loss=3.9942 | lr=3.12e-05 | wd=0.0000 | mom=0.9500 | T=5.2 k=3.5 (mu_rec=8 mu_bwd=4) | grad=4.188 | tok/s=25,014 | tokens=5.02B
step=153240 | loss=4.3313 | lr=3.12e-05 | wd=0.0000 | mom=0.9500 | T=5.2 k=3.2 (mu_rec=8 mu_bwd=4) | grad=5.344 | tok/s=25,212 | tokens=5.02B
step=153250 | loss=4.3214 | lr=3.13e-05 | wd=0.0000 | mom=0.9500 | T=11.5 k=4.0 (mu_rec=8 mu_bwd=4) | grad=4.562 | tok/s=22,793 | tokens=5.02B
step=153260 | loss=3.9918 | lr=3.13e-05 | wd=0.0000 | mom=0.9500 | T=4.5 k=3.2 (mu_rec=8 mu_bwd=4) | grad=5.438 | tok/s=25,390 | tokens=5.02B
step=153270 | loss=4.1076 | lr=3.13e-05 | wd=0.0000 | mom=0.9500 | T=3.2 k=2.2 (mu_rec=8 mu_bwd=4) | grad=4.594 | tok/s=25,763 | tokens=5.02B
step=153280 | loss=4.0924 | lr=3.14e-05 | wd=0.0000 | mom=0.9500 | T=5.0 k=3.2 (mu_rec=8 mu_bwd=4) | grad=3.172 | tok/s=25,654 | tokens=5.02B
step=153290 | loss=4.0042 | lr=3.14e-05 | wd=0.0000 | mom=0.9500 | T=8.2 k=4.0 (mu_rec=8 mu_bwd=4) | grad=3.406 | tok/s=24,301 | tokens=5.02B
step=153300 | loss=3.9724 | lr=3.14e-05 | wd=0.0000 | mom=0.9500 | T=5.8 k=3.0 (mu_rec=8 mu_bwd=4) | grad=3.719 | tok/s=24,251 | tokens=5.02B
step=153310 | loss=4.1047 | lr=3.15e-05 | wd=0.0000 | mom=0.9500 | T=13.8 k=4.0 (mu_rec=8 mu_bwd=4) | grad=4.188 | tok/s=24,049 | tokens=5.02B
step=153320 | loss=4.0526 | lr=3.15e-05 | wd=0.0000 | mom=0.9500 | T=7.8 k=4.0 (mu_rec=8 mu_bwd=4) | grad=3.750 | tok/s=23,656 | tokens=5.02B
step=153330 | loss=4.1197 | lr=3.16e-05 | wd=0.0000 | mom=0.9500 | T=4.0 k=3.0 (mu_rec=8 mu_bwd=4) | grad=4.469 | tok/s=24,298 | tokens=5.02B
step=153340 | loss=4.0495 | lr=3.16e-05 | wd=0.0000 | mom=0.9500 | T=9.0 k=3.2 (mu_rec=8 mu_bwd=4) | grad=4.375 | tok/s=23,960 | tokens=5.02B
step=153350 | loss=4.0710 | lr=3.17e-05 | wd=0.0000 | mom=0.9500 | T=3.2 k=3.0 (mu_rec=8 mu_bwd=4) | grad=3.750 | tok/s=25,046 | tokens=5.02B
step=153360 | loss=4.1582 | lr=3.17e-05 | wd=0.0000 | mom=0.9500 | T=6.2 k=4.0 (mu_rec=8 mu_bwd=4) | grad=3.844 | tok/s=25,113 | tokens=5.03B
step=153370 | loss=4.1306 | lr=3.17e-05 | wd=0.0000 | mom=0.9500 | T=6.5 k=3.2 (mu_rec=8 mu_bwd=4) | grad=3.328 | tok/s=26,088 | tokens=5.03B
step=153380 | loss=3.9295 | lr=3.18e-05 | wd=0.0000 | mom=0.9500 | T=8.8 k=4.0 (mu_rec=8 mu_bwd=4) | grad=3.656 | tok/s=24,832 | tokens=5.03B
step=153390 | loss=3.8063 | lr=3.18e-05 | wd=0.0000 | mom=0.9500 | T=5.2 k=3.2 (mu_rec=8 mu_bwd=4) | grad=3.609 | tok/s=24,502 | tokens=5.03B
step=153400 | loss=3.9304 | lr=3.19e-05 | wd=0.0000 | mom=0.9500 | T=7.2 k=3.8 (mu_rec=8 mu_bwd=4) | grad=3.531 | tok/s=24,567 | tokens=5.03B
step=153410 | loss=4.0594 | lr=3.19e-05 | wd=0.0000 | mom=0.9500 | T=11.2 k=4.0 (mu_rec=8 mu_bwd=4) | grad=3.594 | tok/s=22,767 | tokens=5.03B
step=153420 | loss=3.9014 | lr=3.20e-05 | wd=0.0000 | mom=0.9500 | T=10.0 k=4.0 (mu_rec=8 mu_bwd=4) | grad=4.594 | tok/s=10,281 | tokens=5.03B
step=153430 | loss=3.7977 | lr=3.20e-05 | wd=0.0000 | mom=0.9500 | T=7.8 k=3.5 (mu_rec=8 mu_bwd=4) | grad=4.625 | tok/s=10,320 | tokens=5.03B
step=153440 | loss=3.9586 | lr=3.21e-05 | wd=0.0000 | mom=0.9500 | T=6.2 k=3.2 (mu_rec=8 mu_bwd=4) | grad=4.844 | tok/s=23,791 | tokens=5.03B
step=153450 | loss=3.9144 | lr=3.21e-05 | wd=0.0000 | mom=0.9500 | T=3.0 k=2.8 (mu_rec=8 mu_bwd=4) | grad=4.656 | tok/s=24,396 | tokens=5.03B
step=153460 | loss=4.0816 | lr=3.22e-05 | wd=0.0000 | mom=0.9500 | T=5.5 k=3.5 (mu_rec=8 mu_bwd=4) | grad=3.125 | tok/s=25,050 | tokens=5.03B
step=153470 | loss=3.8770 | lr=3.22e-05 | wd=0.0000 | mom=0.9500 | T=5.2 k=3.8 (mu_rec=8 mu_bwd=4) | grad=5.156 | tok/s=24,872 | tokens=5.03B
step=153480 | loss=3.7416 | lr=3.23e-05 | wd=0.0000 | mom=0.9500 | T=12.5 k=3.5 (mu_rec=8 mu_bwd=4) | grad=9.812 | tok/s=23,528 | tokens=5.03B
step=153490 | loss=4.0437 | lr=3.23e-05 | wd=0.0000 | mom=0.9500 | T=5.8 k=3.5 (mu_rec=8 mu_bwd=4) | grad=3.719 | tok/s=22,534 | tokens=5.03B
step=153500 | loss=4.3454 | lr=3.24e-05 | wd=0.0000 | mom=0.9500 | T=6.5 k=3.8 (mu_rec=8 mu_bwd=4) | grad=3.062 | tok/s=24,190 | tokens=5.03B
step=153510 | loss=4.3434 | lr=3.24e-05 | wd=0.0000 | mom=0.9500 | T=5.0 k=3.5 (mu_rec=8 mu_bwd=4) | grad=4.250 | tok/s=24,480 | tokens=5.03B
step=153520 | loss=4.2739 | lr=3.25e-05 | wd=0.0000 | mom=0.9500 | T=8.5 k=4.0 (mu_rec=8 mu_bwd=4) | grad=3.609 | tok/s=24,521 | tokens=5.03B
step=153530 | loss=4.2261 | lr=3.25e-05 | wd=0.0000 | mom=0.9500 | T=4.5 k=3.5 (mu_rec=8 mu_bwd=4) | grad=5.250 | tok/s=24,072 | tokens=5.03B
step=153540 | loss=4.1440 | lr=3.26e-05 | wd=0.0000 | mom=0.9500 | T=12.5 k=3.5 (mu_rec=8 mu_bwd=4) | grad=10.938 | tok/s=22,911 | tokens=5.03B
step=153550 | loss=3.9269 | lr=3.26e-05 | wd=0.0000 | mom=0.9500 | T=9.0 k=4.0 (mu_rec=8 mu_bwd=4) | grad=3.562 | tok/s=23,157 | tokens=5.03B
step=153560 | loss=3.8136 | lr=3.27e-05 | wd=0.0000 | mom=0.9500 | T=7.8 k=3.2 (mu_rec=8 mu_bwd=4) | grad=4.000 | tok/s=23,999 | tokens=5.03B
step=153570 | loss=3.9625 | lr=3.28e-05 | wd=0.0000 | mom=0.9500 | T=14.8 k=4.0 (mu_rec=8 mu_bwd=4) | grad=5.719 | tok/s=24,531 | tokens=5.03B
step=153580 | loss=3.9493 | lr=3.28e-05 | wd=0.0000 | mom=0.9500 | T=7.0 k=3.8 (mu_rec=8 mu_bwd=4) | grad=6.500 | tok/s=24,821 | tokens=5.03B
step=153590 | loss=3.8499 | lr=3.29e-05 | wd=0.0000 | mom=0.9500 | T=12.8 k=4.0 (mu_rec=8 mu_bwd=4) | grad=4.000 | tok/s=23,223 | tokens=5.03B
step=153600 | loss=3.8943 | lr=3.29e-05 | wd=0.0000 | mom=0.9500 | T=6.0 k=3.2 (mu_rec=8 mu_bwd=4) | grad=3.266 | tok/s=24,293 | tokens=5.03B
step=153610 | loss=3.6415 | lr=3.30e-05 | wd=0.0000 | mom=0.9500 | T=10.0 k=4.0 (mu_rec=8 mu_bwd=4) | grad=3.453 | tok/s=24,373 | tokens=5.03B
step=153620 | loss=4.1395 | lr=3.30e-05 | wd=0.0000 | mom=0.9500 | T=10.2 k=4.0 (mu_rec=8 mu_bwd=4) | grad=3.938 | tok/s=23,675 | tokens=5.03B
step=153630 | loss=4.1596 | lr=3.31e-05 | wd=0.0000 | mom=0.9500 | T=3.8 k=2.8 (mu_rec=8 mu_bwd=4) | grad=4.094 | tok/s=25,589 | tokens=5.03B
step=153640 | loss=3.8975 | lr=3.32e-05 | wd=0.0000 | mom=0.9500 | T=5.0 k=3.8 (mu_rec=8 mu_bwd=4) | grad=3.328 | tok/s=24,110 | tokens=5.03B
step=153650 | loss=4.3150 | lr=3.32e-05 | wd=0.0000 | mom=0.9500 | T=6.2 k=3.8 (mu_rec=8 mu_bwd=4) | grad=3.078 | tok/s=23,468 | tokens=5.03B
step=153660 | loss=3.7598 | lr=3.33e-05 | wd=0.0000 | mom=0.9500 | T=9.0 k=3.8 (mu_rec=8 mu_bwd=4) | grad=4.062 | tok/s=23,445 | tokens=5.04B
step=153670 | loss=3.8092 | lr=3.33e-05 | wd=0.0000 | mom=0.9500 | T=8.0 k=4.0 (mu_rec=8 mu_bwd=4) | grad=3.594 | tok/s=23,998 | tokens=5.04B
step=153680 | loss=4.0287 | lr=3.34e-05 | wd=0.0000 | mom=0.9500 | T=4.8 k=3.5 (mu_rec=8 mu_bwd=4) | grad=4.625 | tok/s=23,497 | tokens=5.04B
step=153690 | loss=4.2421 | lr=3.35e-05 | wd=0.0000 | mom=0.9500 | T=15.0 k=4.0 (mu_rec=8 mu_bwd=4) | grad=4.844 | tok/s=23,605 | tokens=5.04B
step=153700 | loss=4.2587 | lr=3.35e-05 | wd=0.0000 | mom=0.9500 | T=9.5 k=4.0 (mu_rec=8 mu_bwd=4) | grad=3.516 | tok/s=23,913 | tokens=5.04B
step=153710 | loss=4.0806 | lr=3.36e-05 | wd=0.0000 | mom=0.9500 | T=6.5 k=3.8 (mu_rec=8 mu_bwd=4) | grad=3.188 | tok/s=23,324 | tokens=5.04B
step=153720 | loss=3.9601 | lr=3.37e-05 | wd=0.0000 | mom=0.9500 | T=5.2 k=3.5 (mu_rec=8 mu_bwd=4) | grad=3.078 | tok/s=24,094 | tokens=5.04B
step=153730 | loss=4.2374 | lr=3.37e-05 | wd=0.0000 | mom=0.9500 | T=6.5 k=3.8 (mu_rec=8 mu_bwd=4) | grad=3.922 | tok/s=24,583 | tokens=5.04B
step=153740 | loss=4.3307 | lr=3.38e-05 | wd=0.0000 | mom=0.9500 | T=6.0 k=3.5 (mu_rec=8 mu_bwd=4) | grad=3.250 | tok/s=22,904 | tokens=5.04B
step=153750 | loss=3.8645 | lr=3.38e-05 | wd=0.0000 | mom=0.9500 | T=3.8 k=3.2 (mu_rec=8 mu_bwd=4) | grad=4.344 | tok/s=25,456 | tokens=5.04B
step=153760 | loss=3.8820 | lr=3.39e-05 | wd=0.0000 | mom=0.9500 | T=15.2 k=4.0 (mu_rec=8 mu_bwd=4) | grad=3.766 | tok/s=22,314 | tokens=5.04B
step=153770 | loss=4.0925 | lr=3.40e-05 | wd=0.0000 | mom=0.9500 | T=8.2 k=4.0 (mu_rec=8 mu_bwd=4) | grad=3.922 | tok/s=24,274 | tokens=5.04B
step=153780 | loss=3.9921 | lr=3.40e-05 | wd=0.0000 | mom=0.9500 | T=7.0 k=4.0 (mu_rec=8 mu_bwd=4) | grad=3.391 | tok/s=23,700 | tokens=5.04B
step=153790 | loss=3.9479 | lr=3.41e-05 | wd=0.0000 | mom=0.9500 | T=8.8 k=3.8 (mu_rec=8 mu_bwd=4) | grad=4.281 | tok/s=23,860 | tokens=5.04B
step=153800 | loss=4.1855 | lr=3.42e-05 | wd=0.0000 | mom=0.9500 | T=7.8 k=3.8 (mu_rec=8 mu_bwd=4) | grad=3.484 | tok/s=21,357 | tokens=5.04B
step=153810 | loss=3.9236 | lr=3.43e-05 | wd=0.0000 | mom=0.9500 | T=4.0 k=2.5 (mu_rec=8 mu_bwd=4) | grad=3.656 | tok/s=24,462 | tokens=5.04B
step=153820 | loss=4.2130 | lr=3.43e-05 | wd=0.0000 | mom=0.9500 | T=5.2 k=3.8 (mu_rec=8 mu_bwd=4) | grad=3.109 | tok/s=24,086 | tokens=5.04B
step=153830 | loss=4.0594 | lr=3.44e-05 | wd=0.0000 | mom=0.9500 | T=7.8 k=3.0 (mu_rec=8 mu_bwd=4) | grad=3.078 | tok/s=24,461 | tokens=5.04B
step=153840 | loss=3.8891 | lr=3.45e-05 | wd=0.0000 | mom=0.9500 | T=8.0 k=4.0 (mu_rec=8 mu_bwd=4) | grad=3.453 | tok/s=23,901 | tokens=5.04B
step=153850 | loss=3.8453 | lr=3.45e-05 | wd=0.0000 | mom=0.9500 | T=7.8 k=3.8 (mu_rec=8 mu_bwd=4) | grad=3.547 | tok/s=23,380 | tokens=5.04B
step=153860 | loss=4.1045 | lr=3.46e-05 | wd=0.0000 | mom=0.9500 | T=5.5 k=3.8 (mu_rec=8 mu_bwd=4) | grad=3.531 | tok/s=23,315 | tokens=5.04B
step=153870 | loss=3.7671 | lr=3.47e-05 | wd=0.0000 | mom=0.9500 | T=9.0 k=3.8 (mu_rec=8 mu_bwd=4) | grad=3.203 | tok/s=22,617 | tokens=5.04B
step=153880 | loss=4.1048 | lr=3.47e-05 | wd=0.0000 | mom=0.9500 | T=7.0 k=3.8 (mu_rec=8 mu_bwd=4) | grad=3.688 | tok/s=25,983 | tokens=5.04B
step=153890 | loss=4.0050 | lr=3.48e-05 | wd=0.0000 | mom=0.9500 | T=9.8 k=4.0 (mu_rec=8 mu_bwd=4) | grad=3.844 | tok/s=24,230 | tokens=5.04B
step=153900 | loss=3.9850 | lr=3.49e-05 | wd=0.0000 | mom=0.9500 | T=10.8 k=3.8 (mu_rec=8 mu_bwd=4) | grad=3.141 | tok/s=24,886 | tokens=5.04B
step=153910 | loss=4.1329 | lr=3.50e-05 | wd=0.0000 | mom=0.9500 | T=11.5 k=4.0 (mu_rec=8 mu_bwd=4) | grad=3.188 | tok/s=23,500 | tokens=5.04B
step=153920 | loss=3.8678 | lr=3.50e-05 | wd=0.0000 | mom=0.9500 | T=3.5 k=2.8 (mu_rec=8 mu_bwd=4) | grad=9.188 | tok/s=23,918 | tokens=5.04B
step=153930 | loss=4.0921 | lr=3.51e-05 | wd=0.0000 | mom=0.9500 | T=6.5 k=3.2 (mu_rec=8 mu_bwd=4) | grad=3.172 | tok/s=24,107 | tokens=5.04B
step=153940 | loss=4.0360 | lr=3.52e-05 | wd=0.0000 | mom=0.9500 | T=5.5 k=3.2 (mu_rec=8 mu_bwd=4) | grad=8.812 | tok/s=25,809 | tokens=5.04B
step=153950 | loss=4.0494 | lr=3.53e-05 | wd=0.0000 | mom=0.9500 | T=9.2 k=4.0 (mu_rec=8 mu_bwd=4) | grad=3.281 | tok/s=22,033 | tokens=5.04B
step=153960 | loss=4.1021 | lr=3.54e-05 | wd=0.0000 | mom=0.9500 | T=9.2 k=3.5 (mu_rec=8 mu_bwd=4) | grad=3.516 | tok/s=25,445 | tokens=5.04B
step=153970 | loss=3.5629 | lr=3.54e-05 | wd=0.0000 | mom=0.9500 | T=7.8 k=3.5 (mu_rec=8 mu_bwd=4) | grad=3.906 | tok/s=23,837 | tokens=5.05B
step=153980 | loss=4.1774 | lr=3.55e-05 | wd=0.0000 | mom=0.9500 | T=10.5 k=4.0 (mu_rec=8 mu_bwd=4) | grad=4.656 | tok/s=23,830 | tokens=5.05B
step=153990 | loss=4.2893 | lr=3.56e-05 | wd=0.0000 | mom=0.9500 | T=10.5 k=3.8 (mu_rec=8 mu_bwd=4) | grad=3.578 | tok/s=23,443 | tokens=5.05B
step=154000 | loss=3.9391 | lr=3.57e-05 | wd=0.0000 | mom=0.9500 | T=4.5 k=3.2 (mu_rec=8 mu_bwd=4) | grad=3.547 | tok/s=22,546 | tokens=5.05B
[step 154000] Saved -> runs/cortex-5b-k4/checkpoint_0154000
[step 154000] Pruned -> runs/cortex-5b-k4/checkpoint_0150000
step=154010 | loss=4.0070 | lr=3.57e-05 | wd=0.0000 | mom=0.9500 | T=8.5 k=4.0 (mu_rec=8 mu_bwd=4) | grad=9.688 | tok/s=22,268 | tokens=5.05B
step=154020 | loss=3.7819 | lr=3.58e-05 | wd=0.0000 | mom=0.9500 | T=12.2 k=3.5 (mu_rec=8 mu_bwd=4) | grad=4.094 | tok/s=24,951 | tokens=5.05B
step=154030 | loss=4.3089 | lr=3.59e-05 | wd=0.0000 | mom=0.9500 | T=9.0 k=4.0 (mu_rec=8 mu_bwd=4) | grad=6.062 | tok/s=24,178 | tokens=5.05B
step=154040 | loss=4.1506 | lr=3.60e-05 | wd=0.0000 | mom=0.9500 | T=6.5 k=3.8 (mu_rec=8 mu_bwd=4) | grad=3.125 | tok/s=21,669 | tokens=5.05B
step=154050 | loss=4.0685 | lr=3.61e-05 | wd=0.0000 | mom=0.9500 | T=8.0 k=3.8 (mu_rec=8 mu_bwd=4) | grad=3.219 | tok/s=24,475 | tokens=5.05B
step=154060 | loss=3.9078 | lr=3.62e-05 | wd=0.0000 | mom=0.9500 | T=6.0 k=3.5 (mu_rec=8 mu_bwd=4) | grad=3.359 | tok/s=24,455 | tokens=5.05B
step=154070 | loss=3.8976 | lr=3.62e-05 | wd=0.0000 | mom=0.9500 | T=12.2 k=3.5 (mu_rec=8 mu_bwd=4) | grad=3.906 | tok/s=24,545 | tokens=5.05B
step=154080 | loss=4.4160 | lr=3.63e-05 | wd=0.0000 | mom=0.9500 | T=5.0 k=3.8 (mu_rec=8 mu_bwd=4) | grad=5.469 | tok/s=23,277 | tokens=5.05B
step=154090 | loss=4.1448 | lr=3.64e-05 | wd=0.0000 | mom=0.9500 | T=6.5 k=4.0 (mu_rec=8 mu_bwd=4) | grad=4.438 | tok/s=24,328 | tokens=5.05B
step=154100 | loss=4.1357 | lr=3.65e-05 | wd=0.0000 | mom=0.9500 | T=7.2 k=3.8 (mu_rec=8 mu_bwd=4) | grad=3.172 | tok/s=22,351 | tokens=5.05B
step=154110 | loss=3.9518 | lr=3.66e-05 | wd=0.0000 | mom=0.9500 | T=6.8 k=3.5 (mu_rec=8 mu_bwd=4) | grad=5.781 | tok/s=25,279 | tokens=5.05B
step=154120 | loss=4.3602 | lr=3.67e-05 | wd=0.0000 | mom=0.9500 | T=9.2 k=3.8 (mu_rec=8 mu_bwd=4) | grad=5.406 | tok/s=24,097 | tokens=5.05B
step=154130 | loss=4.4288 | lr=3.67e-05 | wd=0.0000 | mom=0.9500 | T=9.5 k=3.2 (mu_rec=8 mu_bwd=4) | grad=5.562 | tok/s=23,720 | tokens=5.05B
step=154140 | loss=3.7642 | lr=3.68e-05 | wd=0.0000 | mom=0.9500 | T=11.2 k=4.0 (mu_rec=8 mu_bwd=4) | grad=3.609 | tok/s=24,013 | tokens=5.05B
step=154150 | loss=3.8993 | lr=3.69e-05 | wd=0.0000 | mom=0.9500 | T=7.8 k=3.0 (mu_rec=8 mu_bwd=4) | grad=4.031 | tok/s=22,773 | tokens=5.05B
step=154160 | loss=4.0719 | lr=3.70e-05 | wd=0.0000 | mom=0.9500 | T=7.0 k=3.2 (mu_rec=8 mu_bwd=4) | grad=6.156 | tok/s=24,424 | tokens=5.05B
step=154170 | loss=4.0006 | lr=3.71e-05 | wd=0.0000 | mom=0.9500 | T=11.8 k=4.0 (mu_rec=8 mu_bwd=4) | grad=4.031 | tok/s=23,258 | tokens=5.05B
step=154180 | loss=3.9999 | lr=3.72e-05 | wd=0.0000 | mom=0.9500 | T=4.8 k=3.2 (mu_rec=8 mu_bwd=4) | grad=3.422 | tok/s=23,667 | tokens=5.05B
step=154190 | loss=4.0571 | lr=3.73e-05 | wd=0.0000 | mom=0.9500 | T=8.2 k=3.5 (mu_rec=8 mu_bwd=4) | grad=3.797 | tok/s=23,048 | tokens=5.05B
step=154200 | loss=3.9628 | lr=3.74e-05 | wd=0.0000 | mom=0.9500 | T=6.8 k=4.0 (mu_rec=8 mu_bwd=4) | grad=3.797 | tok/s=24,997 | tokens=5.05B
step=154210 | loss=3.7569 | lr=3.75e-05 | wd=0.0000 | mom=0.9500 | T=4.8 k=3.2 (mu_rec=8 mu_bwd=4) | grad=4.688 | tok/s=23,900 | tokens=5.05B
step=154220 | loss=4.1194 | lr=3.76e-05 | wd=0.0000 | mom=0.9500 | T=6.0 k=3.2 (mu_rec=8 mu_bwd=4) | grad=3.109 | tok/s=24,185 | tokens=5.05B
step=154230 | loss=4.0553 | lr=3.76e-05 | wd=0.0000 | mom=0.9500 | T=11.0 k=3.8 (mu_rec=8 mu_bwd=4) | grad=3.219 | tok/s=22,405 | tokens=5.05B
step=154240 | loss=4.1960 | lr=3.77e-05 | wd=0.0000 | mom=0.9500 | T=9.5 k=3.2 (mu_rec=8 mu_bwd=4) | grad=4.781 | tok/s=25,038 | tokens=5.05B
step=154250 | loss=3.9504 | lr=3.78e-05 | wd=0.0000 | mom=0.9500 | T=10.8 k=4.0 (mu_rec=8 mu_bwd=4) | grad=5.094 | tok/s=26,261 | tokens=5.05B
step=154260 | loss=4.0262 | lr=3.79e-05 | wd=0.0000 | mom=0.9500 | T=9.8 k=4.0 (mu_rec=8 mu_bwd=4) | grad=2.844 | tok/s=10,474 | tokens=5.05B
step=154270 | loss=3.9508 | lr=3.80e-05 | wd=0.0000 | mom=0.9500 | T=5.2 k=4.0 (mu_rec=8 mu_bwd=4) | grad=4.219 | tok/s=9,670 | tokens=5.06B
step=154280 | loss=4.3404 | lr=3.81e-05 | wd=0.0000 | mom=0.9500 | T=10.0 k=4.0 (mu_rec=8 mu_bwd=4) | grad=8.375 | tok/s=21,959 | tokens=5.06B
step=154290 | loss=4.3394 | lr=3.82e-05 | wd=0.0000 | mom=0.9500 | T=12.0 k=4.0 (mu_rec=8 mu_bwd=4) | grad=8.938 | tok/s=25,038 | tokens=5.06B
step=154300 | loss=4.3567 | lr=3.83e-05 | wd=0.0000 | mom=0.9500 | T=15.0 k=4.0 (mu_rec=8 mu_bwd=4) | grad=8.438 | tok/s=22,863 | tokens=5.06B
step=154310 | loss=4.2008 | lr=3.84e-05 | wd=0.0000 | mom=0.9500 | T=8.5 k=3.5 (mu_rec=8 mu_bwd=4) | grad=8.250 | tok/s=25,517 | tokens=5.06B
step=154320 | loss=4.1359 | lr=3.85e-05 | wd=0.0000 | mom=0.9500 | T=7.5 k=4.0 (mu_rec=8 mu_bwd=4) | grad=4.594 | tok/s=24,863 | tokens=5.06B
step=154330 | loss=4.1607 | lr=3.86e-05 | wd=0.0000 | mom=0.9500 | T=6.2 k=4.0 (mu_rec=8 mu_bwd=4) | grad=3.406 | tok/s=25,333 | tokens=5.06B
step=154340 | loss=3.9649 | lr=3.87e-05 | wd=0.0000 | mom=0.9500 | T=13.5 k=4.0 (mu_rec=8 mu_bwd=4) | grad=6.406 | tok/s=21,404 | tokens=5.06B
step=154350 | loss=4.1761 | lr=3.88e-05 | wd=0.0000 | mom=0.9500 | T=8.2 k=3.5 (mu_rec=8 mu_bwd=4) | grad=3.734 | tok/s=23,717 | tokens=5.06B
step=154360 | loss=3.9518 | lr=3.89e-05 | wd=0.0000 | mom=0.9500 | T=9.0 k=4.0 (mu_rec=8 mu_bwd=4) | grad=3.266 | tok/s=23,065 | tokens=5.06B
step=154370 | loss=4.0720 | lr=3.90e-05 | wd=0.0000 | mom=0.9500 | T=4.2 k=3.5 (mu_rec=8 mu_bwd=4) | grad=3.281 | tok/s=24,134 | tokens=5.06B
step=154380 | loss=4.4743 | lr=3.91e-05 | wd=0.0000 | mom=0.9500 | T=13.0 k=4.0 (mu_rec=8 mu_bwd=4) | grad=3.109 | tok/s=22,623 | tokens=5.06B
step=154390 | loss=4.3197 | lr=3.92e-05 | wd=0.0000 | mom=0.9500 | T=8.0 k=3.8 (mu_rec=8 mu_bwd=4) | grad=4.531 | tok/s=23,394 | tokens=5.06B
step=154400 | loss=4.2452 | lr=3.93e-05 | wd=0.0000 | mom=0.9500 | T=7.2 k=4.0 (mu_rec=8 mu_bwd=4) | grad=5.844 | tok/s=24,132 | tokens=5.06B
step=154410 | loss=4.0840 | lr=3.94e-05 | wd=0.0000 | mom=0.9500 | T=6.5 k=3.0 (mu_rec=8 mu_bwd=4) | grad=3.328 | tok/s=25,257 | tokens=5.06B
step=154420 | loss=4.0725 | lr=3.95e-05 | wd=0.0000 | mom=0.9500 | T=8.5 k=3.5 (mu_rec=8 mu_bwd=4) | grad=7.000 | tok/s=22,932 | tokens=5.06B
step=154430 | loss=4.3188 | lr=3.96e-05 | wd=0.0000 | mom=0.9500 | T=6.8 k=4.0 (mu_rec=8 mu_bwd=4) | grad=3.500 | tok/s=24,637 | tokens=5.06B
step=154440 | loss=4.1868 | lr=3.97e-05 | wd=0.0000 | mom=0.9500 | T=14.0 k=4.0 (mu_rec=8 mu_bwd=4) | grad=3.516 | tok/s=23,482 | tokens=5.06B
step=154450 | loss=3.8843 | lr=3.98e-05 | wd=0.0000 | mom=0.9500 | T=12.0 k=4.0 (mu_rec=8 mu_bwd=4) | grad=2.953 | tok/s=23,511 | tokens=5.06B
step=154460 | loss=4.0934 | lr=3.99e-05 | wd=0.0000 | mom=0.9500 | T=6.0 k=3.8 (mu_rec=8 mu_bwd=4) | grad=6.062 | tok/s=23,557 | tokens=5.06B
step=154470 | loss=3.9886 | lr=4.00e-05 | wd=0.0000 | mom=0.9500 | T=5.5 k=4.0 (mu_rec=8 mu_bwd=4) | grad=3.359 | tok/s=25,338 | tokens=5.06B
step=154480 | loss=3.9065 | lr=4.01e-05 | wd=0.0000 | mom=0.9500 | T=9.0 k=4.0 (mu_rec=8 mu_bwd=4) | grad=4.062 | tok/s=22,006 | tokens=5.06B
step=154490 | loss=3.8620 | lr=4.02e-05 | wd=0.0000 | mom=0.9500 | T=5.5 k=3.2 (mu_rec=8 mu_bwd=4) | grad=7.094 | tok/s=23,397 | tokens=5.06B
step=154500 | loss=3.7750 | lr=4.03e-05 | wd=0.0000 | mom=0.9500 | T=7.0 k=4.0 (mu_rec=8 mu_bwd=4) | grad=3.344 | tok/s=22,756 | tokens=5.06B
step=154510 | loss=3.8895 | lr=4.04e-05 | wd=0.0000 | mom=0.9500 | T=12.5 k=3.2 (mu_rec=8 mu_bwd=4) | grad=4.031 | tok/s=22,558 | tokens=5.06B
step=154520 | loss=3.8596 | lr=4.05e-05 | wd=0.0000 | mom=0.9500 | T=10.5 k=4.0 (mu_rec=8 mu_bwd=4) | grad=3.391 | tok/s=23,643 | tokens=5.06B
step=154530 | loss=3.7203 | lr=4.06e-05 | wd=0.0000 | mom=0.9500 | T=9.2 k=4.0 (mu_rec=8 mu_bwd=4) | grad=9.375 | tok/s=25,687 | tokens=5.06B
step=154540 | loss=3.9685 | lr=4.08e-05 | wd=0.0000 | mom=0.9500 | T=8.0 k=3.5 (mu_rec=8 mu_bwd=4) | grad=3.344 | tok/s=22,515 | tokens=5.06B
step=154550 | loss=4.0114 | lr=4.09e-05 | wd=0.0000 | mom=0.9500 | T=8.2 k=4.0 (mu_rec=8 mu_bwd=4) | grad=5.719 | tok/s=22,789 | tokens=5.06B
step=154560 | loss=3.7353 | lr=4.10e-05 | wd=0.0000 | mom=0.9500 | T=5.0 k=4.0 (mu_rec=8 mu_bwd=4) | grad=3.703 | tok/s=24,928 | tokens=5.06B
step=154570 | loss=4.2419 | lr=4.11e-05 | wd=0.0000 | mom=0.9500 | T=7.2 k=4.0 (mu_rec=8 mu_bwd=4) | grad=3.688 | tok/s=23,567 | tokens=5.06B
step=154580 | loss=3.8947 | lr=4.12e-05 | wd=0.0000 | mom=0.9500 | T=5.0 k=3.2 (mu_rec=8 mu_bwd=4) | grad=4.500 | tok/s=24,584 | tokens=5.07B
step=154590 | loss=4.0684 | lr=4.13e-05 | wd=0.0000 | mom=0.9500 | T=8.2 k=3.8 (mu_rec=8 mu_bwd=4) | grad=3.688 | tok/s=23,479 | tokens=5.07B
step=154600 | loss=4.1797 | lr=4.14e-05 | wd=0.0000 | mom=0.9500 | T=8.0 k=3.2 (mu_rec=8 mu_bwd=4) | grad=3.422 | tok/s=23,662 | tokens=5.07B
step=154610 | loss=4.3275 | lr=4.15e-05 | wd=0.0000 | mom=0.9500 | T=10.2 k=4.0 (mu_rec=8 mu_bwd=4) | grad=3.219 | tok/s=24,593 | tokens=5.07B
step=154620 | loss=4.3945 | lr=4.16e-05 | wd=0.0000 | mom=0.9500 | T=7.2 k=3.5 (mu_rec=8 mu_bwd=4) | grad=4.594 | tok/s=23,845 | tokens=5.07B
step=154630 | loss=4.2153 | lr=4.18e-05 | wd=0.0000 | mom=0.9500 | T=8.0 k=4.0 (mu_rec=8 mu_bwd=4) | grad=8.125 | tok/s=24,176 | tokens=5.07B
step=154640 | loss=4.1436 | lr=4.19e-05 | wd=0.0000 | mom=0.9500 | T=8.0 k=4.0 (mu_rec=8 mu_bwd=4) | grad=4.469 | tok/s=26,393 | tokens=5.07B
step=154650 | loss=4.2223 | lr=4.20e-05 | wd=0.0000 | mom=0.9500 | T=10.5 k=3.8 (mu_rec=8 mu_bwd=4) | grad=3.734 | tok/s=24,598 | tokens=5.07B
step=154660 | loss=4.0025 | lr=4.21e-05 | wd=0.0000 | mom=0.9500 | T=15.0 k=3.8 (mu_rec=8 mu_bwd=4) | grad=3.609 | tok/s=22,912 | tokens=5.07B
step=154670 | loss=3.7979 | lr=4.22e-05 | wd=0.0000 | mom=0.9500 | T=9.2 k=3.8 (mu_rec=8 mu_bwd=4) | grad=4.281 | tok/s=23,465 | tokens=5.07B
step=154680 | loss=4.0812 | lr=4.23e-05 | wd=0.0000 | mom=0.9500 | T=5.5 k=3.8 (mu_rec=8 mu_bwd=4) | grad=3.688 | tok/s=23,642 | tokens=5.07B
step=154690 | loss=3.9419 | lr=4.24e-05 | wd=0.0000 | mom=0.9500 | T=7.0 k=3.5 (mu_rec=8 mu_bwd=4) | grad=4.281 | tok/s=22,824 | tokens=5.07B
step=154700 | loss=3.9463 | lr=4.26e-05 | wd=0.0000 | mom=0.9500 | T=5.0 k=3.2 (mu_rec=8 mu_bwd=4) | grad=4.094 | tok/s=25,044 | tokens=5.07B
step=154710 | loss=3.9876 | lr=4.27e-05 | wd=0.0000 | mom=0.9500 | T=7.2 k=3.2 (mu_rec=8 mu_bwd=4) | grad=4.188 | tok/s=24,393 | tokens=5.07B
step=154720 | loss=4.1326 | lr=4.28e-05 | wd=0.0000 | mom=0.9500 | T=7.2 k=3.8 (mu_rec=8 mu_bwd=4) | grad=4.969 | tok/s=24,136 | tokens=5.07B
step=154730 | loss=3.7410 | lr=4.29e-05 | wd=0.0000 | mom=0.9500 | T=8.5 k=3.8 (mu_rec=8 mu_bwd=4) | grad=5.188 | tok/s=23,873 | tokens=5.07B
step=154740 | loss=3.9429 | lr=4.30e-05 | wd=0.0000 | mom=0.9500 | T=6.8 k=3.0 (mu_rec=8 mu_bwd=4) | grad=3.297 | tok/s=22,384 | tokens=5.07B
step=154750 | loss=3.8686 | lr=4.32e-05 | wd=0.0000 | mom=0.9500 | T=4.8 k=3.8 (mu_rec=8 mu_bwd=4) | grad=3.984 | tok/s=23,197 | tokens=5.07B
step=154760 | loss=3.9472 | lr=4.33e-05 | wd=0.0000 | mom=0.9500 | T=7.5 k=3.2 (mu_rec=8 mu_bwd=4) | grad=3.156 | tok/s=23,920 | tokens=5.07B
step=154770 | loss=3.6996 | lr=4.34e-05 | wd=0.0000 | mom=0.9500 | T=17.2 k=4.0 (mu_rec=8 mu_bwd=4) | grad=5.188 | tok/s=22,300 | tokens=5.07B
step=154780 | loss=3.9802 | lr=4.35e-05 | wd=0.0000 | mom=0.9500 | T=16.5 k=4.0 (mu_rec=8 mu_bwd=4) | grad=3.516 | tok/s=22,179 | tokens=5.07B
step=154790 | loss=3.8614 | lr=4.36e-05 | wd=0.0000 | mom=0.9500 | T=6.2 k=3.5 (mu_rec=8 mu_bwd=4) | grad=3.203 | tok/s=26,163 | tokens=5.07B
step=154800 | loss=4.0029 | lr=4.38e-05 | wd=0.0000 | mom=0.9500 | T=5.5 k=3.0 (mu_rec=8 mu_bwd=4) | grad=3.672 | tok/s=24,124 | tokens=5.07B
step=154810 | loss=3.8101 | lr=4.39e-05 | wd=0.0000 | mom=0.9500 | T=7.0 k=3.5 (mu_rec=8 mu_bwd=4) | grad=5.781 | tok/s=24,669 | tokens=5.07B
step=154820 | loss=4.1841 | lr=4.40e-05 | wd=0.0000 | mom=0.9500 | T=9.8 k=3.8 (mu_rec=8 mu_bwd=4) | grad=6.938 | tok/s=22,950 | tokens=5.07B
step=154830 | loss=4.0529 | lr=4.41e-05 | wd=0.0000 | mom=0.9500 | T=7.8 k=3.8 (mu_rec=8 mu_bwd=4) | grad=3.922 | tok/s=25,686 | tokens=5.07B
step=154840 | loss=3.7641 | lr=4.43e-05 | wd=0.0000 | mom=0.9500 | T=11.2 k=4.0 (mu_rec=8 mu_bwd=4) | grad=5.219 | tok/s=24,137 | tokens=5.07B
step=154850 | loss=4.3133 | lr=4.44e-05 | wd=0.0000 | mom=0.9500 | T=9.5 k=4.0 (mu_rec=8 mu_bwd=4) | grad=6.312 | tok/s=24,071 | tokens=5.07B
step=154860 | loss=3.9284 | lr=4.45e-05 | wd=0.0000 | mom=0.9500 | T=9.2 k=3.2 (mu_rec=8 mu_bwd=4) | grad=9.062 | tok/s=22,265 | tokens=5.07B
step=154870 | loss=4.1647 | lr=4.46e-05 | wd=0.0000 | mom=0.9500 | T=10.2 k=3.5 (mu_rec=8 mu_bwd=4) | grad=6.438 | tok/s=23,263 | tokens=5.07B
step=154880 | loss=4.2902 | lr=4.48e-05 | wd=0.0000 | mom=0.9500 | T=5.8 k=3.5 (mu_rec=8 mu_bwd=4) | grad=6.594 | tok/s=24,575 | tokens=5.08B
step=154890 | loss=4.3107 | lr=4.49e-05 | wd=0.0000 | mom=0.9500 | T=14.0 k=3.8 (mu_rec=8 mu_bwd=4) | grad=6.031 | tok/s=24,801 | tokens=5.08B
step=154900 | loss=4.2576 | lr=4.50e-05 | wd=0.0000 | mom=0.9500 | T=8.8 k=4.0 (mu_rec=8 mu_bwd=4) | grad=3.547 | tok/s=25,680 | tokens=5.08B
step=154910 | loss=4.0254 | lr=4.51e-05 | wd=0.0000 | mom=0.9500 | T=7.0 k=3.8 (mu_rec=8 mu_bwd=4) | grad=6.906 | tok/s=23,041 | tokens=5.08B
step=154920 | loss=3.9452 | lr=4.53e-05 | wd=0.0000 | mom=0.9500 | T=8.8 k=4.0 (mu_rec=8 mu_bwd=4) | grad=3.484 | tok/s=23,169 | tokens=5.08B
step=154930 | loss=3.9892 | lr=4.54e-05 | wd=0.0000 | mom=0.9500 | T=6.0 k=3.5 (mu_rec=8 mu_bwd=4) | grad=2.984 | tok/s=23,211 | tokens=5.08B
step=154940 | loss=4.0878 | lr=4.55e-05 | wd=0.0000 | mom=0.9500 | T=7.8 k=3.8 (mu_rec=8 mu_bwd=4) | grad=3.500 | tok/s=22,790 | tokens=5.08B
step=154950 | loss=3.8632 | lr=4.57e-05 | wd=0.0000 | mom=0.9500 | T=9.0 k=4.0 (mu_rec=8 mu_bwd=4) | grad=5.594 | tok/s=25,579 | tokens=5.08B
step=154960 | loss=3.8338 | lr=4.58e-05 | wd=0.0000 | mom=0.9500 | T=15.5 k=4.0 (mu_rec=8 mu_bwd=4) | grad=4.188 | tok/s=21,741 | tokens=5.08B
step=154970 | loss=4.1168 | lr=4.59e-05 | wd=0.0000 | mom=0.9500 | T=6.2 k=2.8 (mu_rec=8 mu_bwd=4) | grad=5.656 | tok/s=23,749 | tokens=5.08B
step=154980 | loss=3.9483 | lr=4.60e-05 | wd=0.0000 | mom=0.9500 | T=7.8 k=4.0 (mu_rec=8 mu_bwd=4) | grad=3.547 | tok/s=25,136 | tokens=5.08B
step=154990 | loss=3.8435 | lr=4.62e-05 | wd=0.0000 | mom=0.9500 | T=2.8 k=2.2 (mu_rec=8 mu_bwd=4) | grad=3.625 | tok/s=25,697 | tokens=5.08B
step=155000 | loss=4.0283 | lr=4.63e-05 | wd=0.0000 | mom=0.9500 | T=5.5 k=3.2 (mu_rec=8 mu_bwd=4) | grad=3.188 | tok/s=23,408 | tokens=5.08B
step=155010 | loss=3.7803 | lr=4.64e-05 | wd=0.0000 | mom=0.9500 | T=8.2 k=3.2 (mu_rec=8 mu_bwd=4) | grad=6.406 | tok/s=23,212 | tokens=5.08B
step=155020 | loss=4.1079 | lr=4.66e-05 | wd=0.0000 | mom=0.9500 | T=8.2 k=4.0 (mu_rec=8 mu_bwd=4) | grad=3.109 | tok/s=23,368 | tokens=5.08B
step=155030 | loss=3.8959 | lr=4.67e-05 | wd=0.0000 | mom=0.9500 | T=10.0 k=3.5 (mu_rec=8 mu_bwd=4) | grad=9.188 | tok/s=23,655 | tokens=5.08B
step=155040 | loss=3.6483 | lr=4.68e-05 | wd=0.0000 | mom=0.9500 | T=8.8 k=4.0 (mu_rec=8 mu_bwd=4) | grad=3.172 | tok/s=23,901 | tokens=5.08B
step=155050 | loss=3.8222 | lr=4.70e-05 | wd=0.0000 | mom=0.9500 | T=11.0 k=4.0 (mu_rec=8 mu_bwd=4) | grad=4.125 | tok/s=25,335 | tokens=5.08B
step=155060 | loss=3.9303 | lr=4.71e-05 | wd=0.0000 | mom=0.9500 | T=9.5 k=4.0 (mu_rec=8 mu_bwd=4) | grad=3.750 | tok/s=23,683 | tokens=5.08B
step=155070 | loss=3.7664 | lr=4.72e-05 | wd=0.0000 | mom=0.9500 | T=7.0 k=2.8 (mu_rec=8 mu_bwd=4) | grad=3.781 | tok/s=10,103 | tokens=5.08B
step=155080 | loss=4.0534 | lr=4.74e-05 | wd=0.0000 | mom=0.9500 | T=10.8 k=4.0 (mu_rec=8 mu_bwd=4) | grad=3.141 | tok/s=22,917 | tokens=5.08B
step=155090 | loss=4.1517 | lr=4.75e-05 | wd=0.0000 | mom=0.9500 | T=6.2 k=3.2 (mu_rec=8 mu_bwd=4) | grad=3.188 | tok/s=22,745 | tokens=5.08B
step=155100 | loss=4.1411 | lr=4.77e-05 | wd=0.0000 | mom=0.9500 | T=5.8 k=4.0 (mu_rec=8 mu_bwd=4) | grad=3.688 | tok/s=24,890 | tokens=5.08B
step=155110 | loss=3.9568 | lr=4.78e-05 | wd=0.0000 | mom=0.9500 | T=9.5 k=4.0 (mu_rec=8 mu_bwd=4) | grad=3.078 | tok/s=23,384 | tokens=5.08B
step=155120 | loss=4.0200 | lr=4.79e-05 | wd=0.0000 | mom=0.9500 | T=9.8 k=4.0 (mu_rec=8 mu_bwd=4) | grad=6.000 | tok/s=24,827 | tokens=5.08B
step=155130 | loss=3.9985 | lr=4.81e-05 | wd=0.0000 | mom=0.9500 | T=10.0 k=4.0 (mu_rec=8 mu_bwd=4) | grad=3.844 | tok/s=22,514 | tokens=5.08B
step=155140 | loss=3.8073 | lr=4.82e-05 | wd=0.0000 | mom=0.9500 | T=7.0 k=3.5 (mu_rec=8 mu_bwd=4) | grad=6.406 | tok/s=9,034 | tokens=5.08B
step=155150 | loss=4.0714 | lr=4.84e-05 | wd=0.0000 | mom=0.9500 | T=8.2 k=3.2 (mu_rec=8 mu_bwd=4) | grad=4.594 | tok/s=24,326 | tokens=5.08B
step=155160 | loss=3.9887 | lr=4.85e-05 | wd=0.0000 | mom=0.9500 | T=9.2 k=3.8 (mu_rec=8 mu_bwd=4) | grad=3.984 | tok/s=25,431 | tokens=5.08B
step=155170 | loss=3.8332 | lr=4.86e-05 | wd=0.0000 | mom=0.9500 | T=6.2 k=3.8 (mu_rec=8 mu_bwd=4) | grad=3.391 | tok/s=22,865 | tokens=5.08B
step=155180 | loss=4.1052 | lr=4.88e-05 | wd=0.0000 | mom=0.9500 | T=4.8 k=3.8 (mu_rec=8 mu_bwd=4) | grad=9.562 | tok/s=24,306 | tokens=5.08B
step=155190 | loss=4.5226 | lr=4.89e-05 | wd=0.0000 | mom=0.9500 | T=7.2 k=3.8 (mu_rec=8 mu_bwd=4) | grad=4.188 | tok/s=23,671 | tokens=5.09B
step=155200 | loss=4.0324 | lr=4.91e-05 | wd=0.0000 | mom=0.9500 | T=9.8 k=4.0 (mu_rec=8 mu_bwd=4) | grad=2.922 | tok/s=23,301 | tokens=5.09B
step=155210 | loss=4.0126 | lr=4.92e-05 | wd=0.0000 | mom=0.9500 | T=7.2 k=4.0 (mu_rec=8 mu_bwd=4) | grad=4.344 | tok/s=22,773 | tokens=5.09B
step=155220 | loss=3.9835 | lr=4.93e-05 | wd=0.0000 | mom=0.9500 | T=10.0 k=4.0 (mu_rec=8 mu_bwd=4) | grad=4.625 | tok/s=24,470 | tokens=5.09B
step=155230 | loss=3.6287 | lr=4.95e-05 | wd=0.0000 | mom=0.9500 | T=6.5 k=3.8 (mu_rec=8 mu_bwd=4) | grad=6.625 | tok/s=23,140 | tokens=5.09B
step=155240 | loss=3.8798 | lr=4.96e-05 | wd=0.0000 | mom=0.9500 | T=5.8 k=3.5 (mu_rec=8 mu_bwd=4) | grad=26.250 | tok/s=22,983 | tokens=5.09B
step=155250 | loss=4.3592 | lr=4.98e-05 | wd=0.0000 | mom=0.9500 | T=9.2 k=4.0 (mu_rec=8 mu_bwd=4) | grad=4.219 | tok/s=23,612 | tokens=5.09B
step=155260 | loss=4.2043 | lr=4.99e-05 | wd=0.0000 | mom=0.9500 | T=10.2 k=4.0 (mu_rec=8 mu_bwd=4) | grad=6.219 | tok/s=23,686 | tokens=5.09B
step=155270 | loss=3.9109 | lr=5.01e-05 | wd=0.0000 | mom=0.9500 | T=12.5 k=4.0 (mu_rec=8 mu_bwd=4) | grad=3.203 | tok/s=23,614 | tokens=5.09B
step=155280 | loss=4.1402 | lr=5.02e-05 | wd=0.0000 | mom=0.9500 | T=8.0 k=4.0 (mu_rec=8 mu_bwd=4) | grad=3.031 | tok/s=24,696 | tokens=5.09B
step=155290 | loss=4.2985 | lr=5.04e-05 | wd=0.0000 | mom=0.9500 | T=6.8 k=4.0 (mu_rec=8 mu_bwd=4) | grad=7.062 | tok/s=23,507 | tokens=5.09B
step=155300 | loss=4.2480 | lr=5.05e-05 | wd=0.0000 | mom=0.9500 | T=7.0 k=3.8 (mu_rec=8 mu_bwd=4) | grad=5.438 | tok/s=23,878 | tokens=5.09B
step=155310 | loss=4.1315 | lr=5.07e-05 | wd=0.0000 | mom=0.9500 | T=6.2 k=3.8 (mu_rec=8 mu_bwd=4) | grad=8.812 | tok/s=23,240 | tokens=5.09B
step=155320 | loss=4.0776 | lr=5.08e-05 | wd=0.0000 | mom=0.9500 | T=11.0 k=4.0 (mu_rec=8 mu_bwd=4) | grad=4.188 | tok/s=22,500 | tokens=5.09B
step=155330 | loss=4.3336 | lr=5.09e-05 | wd=0.0000 | mom=0.9500 | T=10.2 k=4.0 (mu_rec=8 mu_bwd=4) | grad=12.000 | tok/s=24,088 | tokens=5.09B
step=155340 | loss=3.9967 | lr=5.11e-05 | wd=0.0000 | mom=0.9500 | T=8.0 k=4.0 (mu_rec=8 mu_bwd=4) | grad=13.125 | tok/s=22,411 | tokens=5.09B
step=155350 | loss=3.8937 | lr=5.12e-05 | wd=0.0000 | mom=0.9500 | T=6.0 k=3.2 (mu_rec=8 mu_bwd=4) | grad=4.250 | tok/s=24,717 | tokens=5.09B
step=155360 | loss=3.6836 | lr=5.14e-05 | wd=0.0000 | mom=0.9500 | T=6.8 k=4.0 (mu_rec=8 mu_bwd=4) | grad=3.953 | tok/s=22,506 | tokens=5.09B
step=155370 | loss=4.0840 | lr=5.15e-05 | wd=0.0000 | mom=0.9500 | T=5.0 k=3.5 (mu_rec=8 mu_bwd=4) | grad=3.266 | tok/s=24,413 | tokens=5.09B
step=155380 | loss=3.9603 | lr=5.17e-05 | wd=0.0000 | mom=0.9500 | T=8.2 k=4.0 (mu_rec=8 mu_bwd=4) | grad=4.500 | tok/s=24,053 | tokens=5.09B
step=155390 | loss=4.7778 | lr=5.19e-05 | wd=0.0000 | mom=0.9500 | T=9.0 k=4.0 (mu_rec=8 mu_bwd=4) | grad=12.938 | tok/s=22,934 | tokens=5.09B
step=155400 | loss=4.7808 | lr=5.20e-05 | wd=0.0000 | mom=0.9500 | T=12.5 k=4.0 (mu_rec=8 mu_bwd=4) | grad=3.266 | tok/s=23,415 | tokens=5.09B
step=155410 | loss=4.2752 | lr=5.22e-05 | wd=0.0000 | mom=0.9500 | T=9.5 k=4.0 (mu_rec=8 mu_bwd=4) | grad=3.188 | tok/s=24,056 | tokens=5.09B
step=155420 | loss=4.2269 | lr=5.23e-05 | wd=0.0000 | mom=0.9500 | T=13.2 k=4.0 (mu_rec=8 mu_bwd=4) | grad=11.250 | tok/s=22,588 | tokens=5.09B
step=155430 | loss=4.6404 | lr=5.25e-05 | wd=0.0000 | mom=0.9500 | T=5.5 k=3.8 (mu_rec=8 mu_bwd=4) | grad=10.562 | tok/s=23,806 | tokens=5.09B
step=155440 | loss=4.7305 | lr=5.26e-05 | wd=0.0000 | mom=0.9500 | T=6.8 k=4.0 (mu_rec=8 mu_bwd=4) | grad=10.062 | tok/s=22,695 | tokens=5.09B
step=155450 | loss=4.8444 | lr=5.28e-05 | wd=0.0000 | mom=0.9500 | T=9.8 k=4.0 (mu_rec=8 mu_bwd=4) | grad=9.125 | tok/s=23,218 | tokens=5.09B
step=155460 | loss=4.9959 | lr=5.29e-05 | wd=0.0000 | mom=0.9500 | T=5.8 k=4.0 (mu_rec=8 mu_bwd=4) | grad=7.562 | tok/s=22,609 | tokens=5.09B
step=155470 | loss=5.0351 | lr=5.31e-05 | wd=0.0000 | mom=0.9500 | T=7.0 k=4.0 (mu_rec=8 mu_bwd=4) | grad=7.250 | tok/s=23,906 | tokens=5.09B
step=155480 | loss=4.4201 | lr=5.32e-05 | wd=0.0000 | mom=0.9500 | T=8.2 k=3.8 (mu_rec=8 mu_bwd=4) | grad=3.891 | tok/s=22,880 | tokens=5.09B
step=155490 | loss=4.2945 | lr=5.34e-05 | wd=0.0000 | mom=0.9500 | T=8.0 k=3.8 (mu_rec=8 mu_bwd=4) | grad=4.531 | tok/s=23,671 | tokens=5.10B
step=155500 | loss=3.9629 | lr=5.35e-05 | wd=0.0000 | mom=0.9500 | T=11.2 k=4.0 (mu_rec=8 mu_bwd=4) | grad=4.938 | tok/s=23,018 | tokens=5.10B
step=155510 | loss=3.9893 | lr=5.37e-05 | wd=0.0000 | mom=0.9500 | T=4.2 k=3.5 (mu_rec=8 mu_bwd=4) | grad=3.672 | tok/s=24,615 | tokens=5.10B
step=155520 | loss=3.9015 | lr=5.39e-05 | wd=0.0000 | mom=0.9500 | T=8.8 k=4.0 (mu_rec=8 mu_bwd=4) | grad=4.000 | tok/s=23,926 | tokens=5.10B
step=155530 | loss=4.0109 | lr=5.40e-05 | wd=0.0000 | mom=0.9500 | T=10.0 k=3.8 (mu_rec=8 mu_bwd=4) | grad=3.922 | tok/s=23,273 | tokens=5.10B
step=155540 | loss=4.0966 | lr=5.42e-05 | wd=0.0000 | mom=0.9500 | T=10.0 k=3.5 (mu_rec=8 mu_bwd=4) | grad=3.641 | tok/s=24,338 | tokens=5.10B
step=155550 | loss=3.9962 | lr=5.43e-05 | wd=0.0000 | mom=0.9500 | T=6.2 k=3.2 (mu_rec=8 mu_bwd=4) | grad=3.938 | tok/s=24,675 | tokens=5.10B
step=155560 | loss=3.8280 | lr=5.45e-05 | wd=0.0000 | mom=0.9500 | T=3.8 k=2.8 (mu_rec=8 mu_bwd=4) | grad=5.375 | tok/s=26,607 | tokens=5.10B
step=155570 | loss=4.1482 | lr=5.47e-05 | wd=0.0000 | mom=0.9500 | T=7.5 k=3.8 (mu_rec=8 mu_bwd=4) | grad=5.156 | tok/s=23,084 | tokens=5.10B
step=155580 | loss=4.0425 | lr=5.48e-05 | wd=0.0000 | mom=0.9500 | T=5.2 k=3.0 (mu_rec=8 mu_bwd=4) | grad=3.906 | tok/s=23,778 | tokens=5.10B
step=155590 | loss=4.0077 | lr=5.50e-05 | wd=0.0000 | mom=0.9500 | T=9.2 k=4.0 (mu_rec=8 mu_bwd=4) | grad=3.797 | tok/s=23,117 | tokens=5.10B
step=155600 | loss=3.9793 | lr=5.51e-05 | wd=0.0000 | mom=0.9500 | T=7.8 k=3.2 (mu_rec=8 mu_bwd=4) | grad=3.844 | tok/s=23,336 | tokens=5.10B
step=155610 | loss=3.9863 | lr=5.53e-05 | wd=0.0000 | mom=0.9500 | T=7.5 k=4.0 (mu_rec=8 mu_bwd=4) | grad=4.969 | tok/s=22,671 | tokens=5.10B
step=155620 | loss=3.9468 | lr=5.55e-05 | wd=0.0000 | mom=0.9500 | T=5.2 k=3.8 (mu_rec=8 mu_bwd=4) | grad=4.031 | tok/s=24,487 | tokens=5.10B
step=155630 | loss=4.0002 | lr=5.56e-05 | wd=0.0000 | mom=0.9500 | T=6.5 k=4.0 (mu_rec=8 mu_bwd=4) | grad=5.281 | tok/s=25,579 | tokens=5.10B
step=155640 | loss=4.1080 | lr=5.58e-05 | wd=0.0000 | mom=0.9500 | T=6.8 k=3.8 (mu_rec=8 mu_bwd=4) | grad=3.297 | tok/s=23,581 | tokens=5.10B
step=155650 | loss=3.9325 | lr=5.60e-05 | wd=0.0000 | mom=0.9500 | T=6.5 k=2.8 (mu_rec=8 mu_bwd=4) | grad=16.375 | tok/s=24,439 | tokens=5.10B
step=155660 | loss=4.1577 | lr=5.61e-05 | wd=0.0000 | mom=0.9500 | T=8.0 k=4.0 (mu_rec=8 mu_bwd=4) | grad=6.750 | tok/s=23,757 | tokens=5.10B
step=155670 | loss=4.7076 | lr=5.63e-05 | wd=0.0000 | mom=0.9500 | T=8.5 k=4.0 (mu_rec=8 mu_bwd=4) | grad=6.031 | tok/s=24,091 | tokens=5.10B
step=155680 | loss=4.7345 | lr=5.64e-05 | wd=0.0000 | mom=0.9500 | T=5.8 k=3.2 (mu_rec=8 mu_bwd=4) | grad=4.469 | tok/s=25,855 | tokens=5.10B
step=155690 | loss=4.2830 | lr=5.66e-05 | wd=0.0000 | mom=0.9500 | T=11.2 k=4.0 (mu_rec=8 mu_bwd=4) | grad=4.875 | tok/s=24,522 | tokens=5.10B
step=155700 | loss=4.1777 | lr=5.68e-05 | wd=0.0000 | mom=0.9500 | T=5.2 k=3.8 (mu_rec=8 mu_bwd=4) | grad=3.656 | tok/s=22,772 | tokens=5.10B
step=155710 | loss=4.1493 | lr=5.69e-05 | wd=0.0000 | mom=0.9500 | T=14.5 k=4.0 (mu_rec=8 mu_bwd=4) | grad=4.969 | tok/s=23,134 | tokens=5.10B
step=155720 | loss=3.8735 | lr=5.71e-05 | wd=0.0000 | mom=0.9500 | T=8.0 k=4.0 (mu_rec=8 mu_bwd=4) | grad=3.500 | tok/s=21,528 | tokens=5.10B
step=155730 | loss=3.9253 | lr=5.73e-05 | wd=0.0000 | mom=0.9500 | T=11.8 k=4.0 (mu_rec=8 mu_bwd=4) | grad=3.312 | tok/s=25,458 | tokens=5.10B
step=155740 | loss=4.0364 | lr=5.74e-05 | wd=0.0000 | mom=0.9500 | T=9.2 k=4.0 (mu_rec=8 mu_bwd=4) | grad=4.750 | tok/s=22,948 | tokens=5.10B
step=155750 | loss=4.0152 | lr=5.76e-05 | wd=0.0000 | mom=0.9500 | T=9.0 k=3.8 (mu_rec=8 mu_bwd=4) | grad=3.094 | tok/s=23,544 | tokens=5.10B
step=155760 | loss=3.9861 | lr=5.78e-05 | wd=0.0000 | mom=0.9500 | T=6.0 k=4.0 (mu_rec=8 mu_bwd=4) | grad=4.812 | tok/s=25,119 | tokens=5.10B
step=155770 | loss=3.8829 | lr=5.80e-05 | wd=0.0000 | mom=0.9500 | T=9.8 k=4.0 (mu_rec=8 mu_bwd=4) | grad=4.656 | tok/s=26,182 | tokens=5.10B
step=155780 | loss=4.0627 | lr=5.81e-05 | wd=0.0000 | mom=0.9500 | T=9.8 k=3.5 (mu_rec=8 mu_bwd=4) | grad=3.672 | tok/s=24,444 | tokens=5.10B
step=155790 | loss=3.6876 | lr=5.83e-05 | wd=0.0000 | mom=0.9500 | T=10.2 k=3.8 (mu_rec=8 mu_bwd=4) | grad=4.281 | tok/s=23,326 | tokens=5.10B
step=155800 | loss=4.1139 | lr=5.85e-05 | wd=0.0000 | mom=0.9500 | T=9.5 k=4.0 (mu_rec=8 mu_bwd=4) | grad=3.562 | tok/s=23,289 | tokens=5.11B
step=155810 | loss=4.2663 | lr=5.86e-05 | wd=0.0000 | mom=0.9500 | T=6.2 k=3.8 (mu_rec=8 mu_bwd=4) | grad=10.062 | tok/s=23,805 | tokens=5.11B
step=155820 | loss=3.9814 | lr=5.88e-05 | wd=0.0000 | mom=0.9500 | T=9.5 k=4.0 (mu_rec=8 mu_bwd=4) | grad=3.922 | tok/s=22,943 | tokens=5.11B
step=155830 | loss=3.9453 | lr=5.90e-05 | wd=0.0000 | mom=0.9500 | T=8.5 k=4.0 (mu_rec=8 mu_bwd=4) | grad=3.406 | tok/s=24,212 | tokens=5.11B
step=155840 | loss=3.8189 | lr=5.91e-05 | wd=0.0000 | mom=0.9500 | T=9.5 k=4.0 (mu_rec=8 mu_bwd=4) | grad=8.750 | tok/s=23,906 | tokens=5.11B
step=155850 | loss=4.0002 | lr=5.93e-05 | wd=0.0000 | mom=0.9500 | T=4.5 k=3.5 (mu_rec=8 mu_bwd=4) | grad=3.266 | tok/s=23,791 | tokens=5.11B
step=155860 | loss=3.6773 | lr=5.95e-05 | wd=0.0000 | mom=0.9500 | T=7.5 k=4.0 (mu_rec=8 mu_bwd=4) | grad=5.688 | tok/s=23,369 | tokens=5.11B
step=155870 | loss=4.2407 | lr=5.97e-05 | wd=0.0000 | mom=0.9500 | T=10.5 k=4.0 (mu_rec=8 mu_bwd=4) | grad=6.406 | tok/s=23,424 | tokens=5.11B
step=155880 | loss=4.0185 | lr=5.98e-05 | wd=0.0000 | mom=0.9500 | T=10.8 k=4.0 (mu_rec=8 mu_bwd=4) | grad=8.188 | tok/s=23,104 | tokens=5.11B
step=155890 | loss=4.0966 | lr=6.00e-05 | wd=0.0000 | mom=0.9500 | T=4.5 k=3.2 (mu_rec=8 mu_bwd=4) | grad=3.641 | tok/s=23,004 | tokens=5.11B
step=155900 | loss=3.7500 | lr=6.02e-05 | wd=0.0000 | mom=0.9500 | T=4.5 k=2.8 (mu_rec=8 mu_bwd=4) | grad=4.156 | tok/s=25,815 | tokens=5.11B
step=155910 | loss=3.8931 | lr=6.04e-05 | wd=0.0000 | mom=0.9500 | T=5.8 k=3.5 (mu_rec=8 mu_bwd=4) | grad=6.594 | tok/s=22,014 | tokens=5.11B
step=155920 | loss=4.6872 | lr=6.05e-05 | wd=0.0000 | mom=0.9500 | T=13.2 k=3.5 (mu_rec=8 mu_bwd=4) | grad=11.750 | tok/s=23,110 | tokens=5.11B
step=155930 | loss=4.0204 | lr=6.07e-05 | wd=0.0000 | mom=0.9500 | T=5.2 k=3.5 (mu_rec=8 mu_bwd=4) | grad=4.812 | tok/s=24,467 | tokens=5.11B
step=155940 | loss=4.3160 | lr=6.09e-05 | wd=0.0000 | mom=0.9500 | T=7.0 k=4.0 (mu_rec=8 mu_bwd=4) | grad=4.500 | tok/s=8,745 | tokens=5.11B
step=155950 | loss=4.1680 | lr=6.11e-05 | wd=0.0000 | mom=0.9500 | T=5.5 k=3.8 (mu_rec=8 mu_bwd=4) | grad=3.234 | tok/s=24,387 | tokens=5.11B
step=155960 | loss=4.0778 | lr=6.13e-05 | wd=0.0000 | mom=0.9500 | T=6.0 k=4.0 (mu_rec=8 mu_bwd=4) | grad=10.250 | tok/s=24,200 | tokens=5.11B
step=155970 | loss=4.2935 | lr=6.14e-05 | wd=0.0000 | mom=0.9500 | T=13.8 k=3.8 (mu_rec=8 mu_bwd=4) | grad=3.844 | tok/s=25,017 | tokens=5.11B
step=155980 | loss=4.1068 | lr=6.16e-05 | wd=0.0000 | mom=0.9500 | T=10.8 k=4.0 (mu_rec=8 mu_bwd=4) | grad=3.922 | tok/s=23,178 | tokens=5.11B
step=155990 | loss=3.8714 | lr=6.18e-05 | wd=0.0000 | mom=0.9500 | T=9.8 k=3.5 (mu_rec=8 mu_bwd=4) | grad=7.281 | tok/s=24,162 | tokens=5.11B
step=156000 | loss=3.9686 | lr=6.20e-05 | wd=0.0000 | mom=0.9500 | T=8.8 k=3.8 (mu_rec=8 mu_bwd=4) | grad=3.359 | tok/s=23,503 | tokens=5.11B
[step 156000] Saved -> runs/cortex-5b-k4/checkpoint_0156000
[step 156000] Pruned -> runs/cortex-5b-k4/checkpoint_0152000
step=156010 | loss=4.1347 | lr=6.21e-05 | wd=0.0000 | mom=0.9500 | T=7.5 k=4.0 (mu_rec=8 mu_bwd=4) | grad=3.703 | tok/s=20,510 | tokens=5.11B
step=156020 | loss=4.0514 | lr=6.23e-05 | wd=0.0000 | mom=0.9500 | T=8.5 k=4.0 (mu_rec=8 mu_bwd=4) | grad=3.203 | tok/s=25,139 | tokens=5.11B
step=156030 | loss=4.0338 | lr=6.25e-05 | wd=0.0000 | mom=0.9500 | T=11.2 k=4.0 (mu_rec=8 mu_bwd=4) | grad=4.625 | tok/s=23,318 | tokens=5.11B
step=156040 | loss=4.2955 | lr=6.27e-05 | wd=0.0000 | mom=0.9500 | T=6.2 k=3.5 (mu_rec=8 mu_bwd=4) | grad=9.312 | tok/s=22,768 | tokens=5.11B
step=156050 | loss=3.8715 | lr=6.29e-05 | wd=0.0000 | mom=0.9500 | T=6.5 k=4.0 (mu_rec=8 mu_bwd=4) | grad=8.062 | tok/s=23,932 | tokens=5.11B
step=156060 | loss=3.9291 | lr=6.31e-05 | wd=0.0000 | mom=0.9500 | T=7.5 k=4.0 (mu_rec=8 mu_bwd=4) | grad=4.656 | tok/s=25,444 | tokens=5.11B
step=156070 | loss=4.2022 | lr=6.32e-05 | wd=0.0000 | mom=0.9500 | T=7.5 k=3.2 (mu_rec=8 mu_bwd=4) | grad=3.734 | tok/s=24,305 | tokens=5.11B
step=156080 | loss=4.4467 | lr=6.34e-05 | wd=0.0000 | mom=0.9500 | T=7.8 k=3.5 (mu_rec=8 mu_bwd=4) | grad=5.156 | tok/s=23,392 | tokens=5.11B
step=156090 | loss=4.0384 | lr=6.36e-05 | wd=0.0000 | mom=0.9500 | T=8.2 k=4.0 (mu_rec=8 mu_bwd=4) | grad=4.406 | tok/s=24,131 | tokens=5.11B
step=156100 | loss=4.2228 | lr=6.38e-05 | wd=0.0000 | mom=0.9500 | T=4.8 k=3.2 (mu_rec=8 mu_bwd=4) | grad=5.406 | tok/s=25,339 | tokens=5.12B
step=156110 | loss=4.2082 | lr=6.40e-05 | wd=0.0000 | mom=0.9500 | T=5.0 k=3.5 (mu_rec=8 mu_bwd=4) | grad=3.391 | tok/s=25,095 | tokens=5.12B
step=156120 | loss=4.2344 | lr=6.42e-05 | wd=0.0000 | mom=0.9500 | T=9.5 k=3.2 (mu_rec=8 mu_bwd=4) | grad=3.656 | tok/s=23,959 | tokens=5.12B
step=156130 | loss=3.7547 | lr=6.43e-05 | wd=0.0000 | mom=0.9500 | T=8.0 k=3.2 (mu_rec=8 mu_bwd=4) | grad=4.969 | tok/s=23,418 | tokens=5.12B
step=156140 | loss=4.0999 | lr=6.45e-05 | wd=0.0000 | mom=0.9500 | T=8.2 k=3.5 (mu_rec=8 mu_bwd=4) | grad=4.125 | tok/s=9,420 | tokens=5.12B
step=156150 | loss=3.9592 | lr=6.47e-05 | wd=0.0000 | mom=0.9500 | T=6.0 k=3.5 (mu_rec=8 mu_bwd=4) | grad=6.062 | tok/s=24,985 | tokens=5.12B
step=156160 | loss=4.0433 | lr=6.49e-05 | wd=0.0000 | mom=0.9500 | T=6.8 k=3.5 (mu_rec=8 mu_bwd=4) | grad=6.875 | tok/s=23,431 | tokens=5.12B
step=156170 | loss=4.1289 | lr=6.51e-05 | wd=0.0000 | mom=0.9500 | T=6.2 k=3.8 (mu_rec=8 mu_bwd=4) | grad=3.438 | tok/s=24,651 | tokens=5.12B
step=156180 | loss=3.9908 | lr=6.53e-05 | wd=0.0000 | mom=0.9500 | T=6.5 k=4.0 (mu_rec=8 mu_bwd=4) | grad=4.031 | tok/s=23,920 | tokens=5.12B
step=156190 | loss=4.1285 | lr=6.55e-05 | wd=0.0000 | mom=0.9500 | T=6.5 k=4.0 (mu_rec=8 mu_bwd=4) | grad=3.219 | tok/s=23,457 | tokens=5.12B
step=156200 | loss=4.2562 | lr=6.56e-05 | wd=0.0000 | mom=0.9500 | T=7.2 k=4.0 (mu_rec=8 mu_bwd=4) | grad=4.562 | tok/s=24,393 | tokens=5.12B
step=156210 | loss=4.2172 | lr=6.58e-05 | wd=0.0000 | mom=0.9500 | T=8.0 k=3.5 (mu_rec=8 mu_bwd=4) | grad=5.031 | tok/s=23,308 | tokens=5.12B
step=156220 | loss=3.7097 | lr=6.60e-05 | wd=0.0000 | mom=0.9500 | T=10.5 k=4.0 (mu_rec=8 mu_bwd=4) | grad=6.438 | tok/s=24,802 | tokens=5.12B
step=156230 | loss=3.9302 | lr=6.62e-05 | wd=0.0000 | mom=0.9500 | T=9.5 k=3.8 (mu_rec=8 mu_bwd=4) | grad=5.875 | tok/s=24,518 | tokens=5.12B
step=156240 | loss=4.2630 | lr=6.64e-05 | wd=0.0000 | mom=0.9500 | T=7.8 k=3.8 (mu_rec=8 mu_bwd=4) | grad=3.203 | tok/s=24,744 | tokens=5.12B
step=156250 | loss=4.1820 | lr=6.66e-05 | wd=0.0000 | mom=0.9500 | T=5.5 k=3.8 (mu_rec=8 mu_bwd=4) | grad=5.688 | tok/s=23,430 | tokens=5.12B
step=156260 | loss=3.9134 | lr=6.68e-05 | wd=0.0000 | mom=0.9500 | T=13.0 k=4.0 (mu_rec=8 mu_bwd=4) | grad=5.281 | tok/s=23,653 | tokens=5.12B
step=156270 | loss=3.9473 | lr=6.70e-05 | wd=0.0000 | mom=0.9500 | T=11.2 k=3.2 (mu_rec=8 mu_bwd=4) | grad=4.219 | tok/s=23,343 | tokens=5.12B
step=156280 | loss=4.3537 | lr=6.72e-05 | wd=0.0000 | mom=0.9500 | T=9.0 k=4.0 (mu_rec=8 mu_bwd=4) | grad=3.250 | tok/s=24,397 | tokens=5.12B
step=156290 | loss=4.2755 | lr=6.74e-05 | wd=0.0000 | mom=0.9500 | T=8.5 k=4.0 (mu_rec=8 mu_bwd=4) | grad=3.625 | tok/s=23,960 | tokens=5.12B
step=156300 | loss=4.4957 | lr=6.75e-05 | wd=0.0000 | mom=0.9500 | T=7.0 k=3.8 (mu_rec=8 mu_bwd=4) | grad=6.344 | tok/s=22,304 | tokens=5.12B
step=156310 | loss=4.4432 | lr=6.77e-05 | wd=0.0000 | mom=0.9500 | T=6.0 k=3.8 (mu_rec=8 mu_bwd=4) | grad=5.219 | tok/s=24,652 | tokens=5.12B
step=156320 | loss=4.0488 | lr=6.79e-05 | wd=0.0000 | mom=0.9500 | T=14.8 k=4.0 (mu_rec=8 mu_bwd=4) | grad=4.062 | tok/s=21,399 | tokens=5.12B
step=156330 | loss=4.0788 | lr=6.81e-05 | wd=0.0000 | mom=0.9500 | T=9.0 k=3.5 (mu_rec=8 mu_bwd=4) | grad=4.031 | tok/s=24,372 | tokens=5.12B
step=156340 | loss=3.8140 | lr=6.83e-05 | wd=0.0000 | mom=0.9500 | T=7.2 k=4.0 (mu_rec=8 mu_bwd=4) | grad=4.500 | tok/s=23,773 | tokens=5.12B
step=156350 | loss=4.3410 | lr=6.85e-05 | wd=0.0000 | mom=0.9500 | T=9.2 k=3.2 (mu_rec=8 mu_bwd=4) | grad=7.969 | tok/s=25,341 | tokens=5.12B
step=156360 | loss=3.8371 | lr=6.87e-05 | wd=0.0000 | mom=0.9500 | T=6.8 k=4.0 (mu_rec=8 mu_bwd=4) | grad=3.828 | tok/s=22,900 | tokens=5.12B
step=156370 | loss=3.8590 | lr=6.89e-05 | wd=0.0000 | mom=0.9500 | T=10.5 k=4.0 (mu_rec=8 mu_bwd=4) | grad=6.250 | tok/s=23,242 | tokens=5.12B
step=156380 | loss=4.1077 | lr=6.91e-05 | wd=0.0000 | mom=0.9500 | T=9.5 k=4.0 (mu_rec=8 mu_bwd=4) | grad=21.750 | tok/s=24,721 | tokens=5.12B
step=156390 | loss=4.2326 | lr=6.93e-05 | wd=0.0000 | mom=0.9500 | T=6.8 k=2.8 (mu_rec=8 mu_bwd=4) | grad=4.250 | tok/s=24,303 | tokens=5.12B
step=156400 | loss=4.0595 | lr=6.95e-05 | wd=0.0000 | mom=0.9500 | T=8.2 k=4.0 (mu_rec=8 mu_bwd=4) | grad=3.281 | tok/s=24,484 | tokens=5.12B
step=156410 | loss=3.8882 | lr=6.97e-05 | wd=0.0000 | mom=0.9500 | T=10.0 k=4.0 (mu_rec=8 mu_bwd=4) | grad=9.938 | tok/s=24,293 | tokens=5.13B
step=156420 | loss=4.3116 | lr=6.99e-05 | wd=0.0000 | mom=0.9500 | T=5.0 k=3.8 (mu_rec=8 mu_bwd=4) | grad=23.625 | tok/s=23,364 | tokens=5.13B
step=156430 | loss=4.1461 | lr=7.01e-05 | wd=0.0000 | mom=0.9500 | T=4.8 k=3.5 (mu_rec=8 mu_bwd=4) | grad=11.188 | tok/s=25,641 | tokens=5.13B
step=156440 | loss=4.1432 | lr=7.03e-05 | wd=0.0000 | mom=0.9500 | T=10.8 k=3.2 (mu_rec=8 mu_bwd=4) | grad=4.000 | tok/s=23,526 | tokens=5.13B
step=156450 | loss=3.9764 | lr=7.05e-05 | wd=0.0000 | mom=0.9500 | T=12.0 k=3.2 (mu_rec=8 mu_bwd=4) | grad=4.156 | tok/s=22,665 | tokens=5.13B
step=156460 | loss=4.0066 | lr=7.07e-05 | wd=0.0000 | mom=0.9500 | T=11.5 k=3.8 (mu_rec=8 mu_bwd=4) | grad=3.656 | tok/s=22,312 | tokens=5.13B
step=156470 | loss=4.0327 | lr=7.09e-05 | wd=0.0000 | mom=0.9500 | T=11.8 k=4.0 (mu_rec=8 mu_bwd=4) | grad=3.562 | tok/s=23,688 | tokens=5.13B
step=156480 | loss=3.8798 | lr=7.11e-05 | wd=0.0000 | mom=0.9500 | T=14.5 k=4.0 (mu_rec=8 mu_bwd=4) | grad=4.000 | tok/s=22,852 | tokens=5.13B
step=156490 | loss=4.0541 | lr=7.13e-05 | wd=0.0000 | mom=0.9500 | T=6.5 k=4.0 (mu_rec=8 mu_bwd=4) | grad=5.156 | tok/s=23,657 | tokens=5.13B
step=156500 | loss=4.3009 | lr=7.15e-05 | wd=0.0000 | mom=0.9500 | T=11.5 k=4.0 (mu_rec=8 mu_bwd=4) | grad=4.438 | tok/s=21,267 | tokens=5.13B
step=156510 | loss=4.0062 | lr=7.17e-05 | wd=0.0000 | mom=0.9500 | T=7.8 k=3.5 (mu_rec=8 mu_bwd=4) | grad=4.844 | tok/s=23,121 | tokens=5.13B
step=156520 | loss=4.0194 | lr=7.19e-05 | wd=0.0000 | mom=0.9500 | T=8.5 k=4.0 (mu_rec=8 mu_bwd=4) | grad=5.906 | tok/s=24,847 | tokens=5.13B
step=156530 | loss=3.9102 | lr=7.21e-05 | wd=0.0000 | mom=0.9500 | T=10.5 k=4.0 (mu_rec=8 mu_bwd=4) | grad=7.719 | tok/s=22,957 | tokens=5.13B
step=156540 | loss=4.1328 | lr=7.23e-05 | wd=0.0000 | mom=0.9500 | T=9.8 k=4.0 (mu_rec=8 mu_bwd=4) | grad=3.391 | tok/s=23,688 | tokens=5.13B
step=156550 | loss=3.9369 | lr=7.25e-05 | wd=0.0000 | mom=0.9500 | T=11.2 k=4.0 (mu_rec=8 mu_bwd=4) | grad=3.844 | tok/s=22,709 | tokens=5.13B
step=156560 | loss=4.0135 | lr=7.27e-05 | wd=0.0000 | mom=0.9500 | T=9.2 k=3.8 (mu_rec=8 mu_bwd=4) | grad=8.562 | tok/s=24,023 | tokens=5.13B
step=156570 | loss=3.9154 | lr=7.29e-05 | wd=0.0000 | mom=0.9500 | T=10.2 k=4.0 (mu_rec=8 mu_bwd=4) | grad=3.156 | tok/s=23,324 | tokens=5.13B
step=156580 | loss=4.0211 | lr=7.31e-05 | wd=0.0000 | mom=0.9500 | T=6.2 k=4.0 (mu_rec=8 mu_bwd=4) | grad=3.531 | tok/s=23,205 | tokens=5.13B
step=156590 | loss=4.0828 | lr=7.33e-05 | wd=0.0000 | mom=0.9500 | T=13.2 k=4.0 (mu_rec=8 mu_bwd=4) | grad=3.109 | tok/s=23,008 | tokens=5.13B
step=156600 | loss=4.2865 | lr=7.35e-05 | wd=0.0000 | mom=0.9500 | T=3.5 k=2.8 (mu_rec=8 mu_bwd=4) | grad=5.094 | tok/s=24,694 | tokens=5.13B
step=156610 | loss=4.2067 | lr=7.37e-05 | wd=0.0000 | mom=0.9500 | T=11.0 k=4.0 (mu_rec=8 mu_bwd=4) | grad=4.844 | tok/s=23,469 | tokens=5.13B
step=156620 | loss=3.7923 | lr=7.39e-05 | wd=0.0000 | mom=0.9500 | T=3.5 k=3.0 (mu_rec=8 mu_bwd=4) | grad=3.672 | tok/s=24,306 | tokens=5.13B
step=156630 | loss=4.1524 | lr=7.41e-05 | wd=0.0000 | mom=0.9500 | T=5.5 k=3.5 (mu_rec=8 mu_bwd=4) | grad=4.469 | tok/s=23,711 | tokens=5.13B
step=156640 | loss=4.0507 | lr=7.43e-05 | wd=0.0000 | mom=0.9500 | T=8.5 k=4.0 (mu_rec=8 mu_bwd=4) | grad=3.906 | tok/s=22,824 | tokens=5.13B
step=156650 | loss=4.1097 | lr=7.45e-05 | wd=0.0000 | mom=0.9500 | T=8.5 k=3.8 (mu_rec=8 mu_bwd=4) | grad=3.484 | tok/s=23,036 | tokens=5.13B
step=156660 | loss=3.9117 | lr=7.47e-05 | wd=0.0000 | mom=0.9500 | T=13.2 k=3.5 (mu_rec=8 mu_bwd=4) | grad=5.688 | tok/s=22,987 | tokens=5.13B
step=156670 | loss=3.9570 | lr=7.49e-05 | wd=0.0000 | mom=0.9500 | T=8.2 k=4.0 (mu_rec=8 mu_bwd=4) | grad=3.359 | tok/s=22,589 | tokens=5.13B
step=156680 | loss=4.2657 | lr=7.51e-05 | wd=0.0000 | mom=0.9500 | T=11.0 k=4.0 (mu_rec=8 mu_bwd=4) | grad=4.219 | tok/s=24,425 | tokens=5.13B
step=156690 | loss=4.2670 | lr=7.54e-05 | wd=0.0000 | mom=0.9500 | T=4.2 k=3.2 (mu_rec=8 mu_bwd=4) | grad=3.125 | tok/s=26,291 | tokens=5.13B
step=156700 | loss=3.8540 | lr=7.56e-05 | wd=0.0000 | mom=0.9500 | T=11.5 k=4.0 (mu_rec=8 mu_bwd=4) | grad=6.031 | tok/s=24,176 | tokens=5.13B
step=156710 | loss=4.0698 | lr=7.58e-05 | wd=0.0000 | mom=0.9500 | T=4.8 k=3.2 (mu_rec=8 mu_bwd=4) | grad=4.312 | tok/s=23,839 | tokens=5.14B
step=156720 | loss=3.6982 | lr=7.60e-05 | wd=0.0000 | mom=0.9500 | T=6.8 k=3.5 (mu_rec=8 mu_bwd=4) | grad=11.562 | tok/s=24,026 | tokens=5.14B
step=156730 | loss=4.1309 | lr=7.62e-05 | wd=0.0000 | mom=0.9500 | T=11.5 k=4.0 (mu_rec=8 mu_bwd=4) | grad=4.062 | tok/s=23,414 | tokens=5.14B
step=156740 | loss=4.0998 | lr=7.64e-05 | wd=0.0000 | mom=0.9500 | T=5.5 k=3.0 (mu_rec=8 mu_bwd=4) | grad=3.438 | tok/s=24,231 | tokens=5.14B
step=156750 | loss=3.9261 | lr=7.66e-05 | wd=0.0000 | mom=0.9500 | T=8.5 k=3.2 (mu_rec=8 mu_bwd=4) | grad=3.062 | tok/s=23,965 | tokens=5.14B
step=156760 | loss=4.0315 | lr=7.68e-05 | wd=0.0000 | mom=0.9500 | T=9.2 k=4.0 (mu_rec=8 mu_bwd=4) | grad=5.500 | tok/s=23,414 | tokens=5.14B
step=156770 | loss=3.9412 | lr=7.70e-05 | wd=0.0000 | mom=0.9500 | T=8.2 k=4.0 (mu_rec=8 mu_bwd=4) | grad=3.625 | tok/s=23,507 | tokens=5.14B
step=156780 | loss=3.9144 | lr=7.72e-05 | wd=0.0000 | mom=0.9500 | T=6.0 k=4.0 (mu_rec=8 mu_bwd=4) | grad=6.281 | tok/s=23,650 | tokens=5.14B
step=156790 | loss=3.9494 | lr=7.75e-05 | wd=0.0000 | mom=0.9500 | T=3.8 k=2.5 (mu_rec=8 mu_bwd=4) | grad=9.312 | tok/s=22,830 | tokens=5.14B
step=156800 | loss=4.1837 | lr=7.77e-05 | wd=0.0000 | mom=0.9500 | T=8.8 k=4.0 (mu_rec=8 mu_bwd=4) | grad=5.094 | tok/s=25,255 | tokens=5.14B
step=156810 | loss=4.2725 | lr=7.79e-05 | wd=0.0000 | mom=0.9500 | T=7.0 k=3.8 (mu_rec=8 mu_bwd=4) | grad=4.562 | tok/s=24,550 | tokens=5.14B
step=156820 | loss=3.8588 | lr=7.81e-05 | wd=0.0000 | mom=0.9500 | T=9.2 k=3.2 (mu_rec=8 mu_bwd=4) | grad=4.500 | tok/s=24,813 | tokens=5.14B
step=156830 | loss=4.0072 | lr=7.83e-05 | wd=0.0000 | mom=0.9500 | T=6.8 k=4.0 (mu_rec=8 mu_bwd=4) | grad=3.219 | tok/s=25,460 | tokens=5.14B
step=156840 | loss=4.0853 | lr=7.85e-05 | wd=0.0000 | mom=0.9500 | T=6.8 k=3.2 (mu_rec=8 mu_bwd=4) | grad=3.484 | tok/s=22,519 | tokens=5.14B
step=156850 | loss=4.2204 | lr=7.87e-05 | wd=0.0000 | mom=0.9500 | T=13.5 k=4.0 (mu_rec=8 mu_bwd=4) | grad=3.141 | tok/s=23,114 | tokens=5.14B
step=156860 | loss=4.0733 | lr=7.89e-05 | wd=0.0000 | mom=0.9500 | T=5.0 k=4.0 (mu_rec=8 mu_bwd=4) | grad=4.062 | tok/s=21,365 | tokens=5.14B
step=156870 | loss=3.8614 | lr=7.92e-05 | wd=0.0000 | mom=0.9500 | T=3.8 k=3.5 (mu_rec=8 mu_bwd=4) | grad=7.469 | tok/s=23,119 | tokens=5.14B
step=156880 | loss=4.2207 | lr=7.94e-05 | wd=0.0000 | mom=0.9500 | T=4.5 k=3.5 (mu_rec=8 mu_bwd=4) | grad=3.312 | tok/s=24,581 | tokens=5.14B
step=156890 | loss=4.2173 | lr=7.96e-05 | wd=0.0000 | mom=0.9500 | T=13.8 k=4.0 (mu_rec=8 mu_bwd=4) | grad=4.500 | tok/s=22,992 | tokens=5.14B
step=156900 | loss=3.7741 | lr=7.98e-05 | wd=0.0000 | mom=0.9500 | T=8.2 k=3.5 (mu_rec=8 mu_bwd=4) | grad=4.656 | tok/s=23,583 | tokens=5.14B
step=156910 | loss=3.9618 | lr=8.00e-05 | wd=0.0000 | mom=0.9500 | T=6.2 k=4.0 (mu_rec=8 mu_bwd=4) | grad=4.469 | tok/s=10,886 | tokens=5.14B
step=156920 | loss=3.8726 | lr=8.02e-05 | wd=0.0000 | mom=0.9500 | T=7.2 k=3.5 (mu_rec=8 mu_bwd=4) | grad=5.125 | tok/s=24,506 | tokens=5.14B
step=156930 | loss=4.0626 | lr=8.05e-05 | wd=0.0000 | mom=0.9500 | T=14.5 k=4.0 (mu_rec=8 mu_bwd=4) | grad=5.875 | tok/s=26,113 | tokens=5.14B
step=156940 | loss=3.9686 | lr=8.07e-05 | wd=0.0000 | mom=0.9500 | T=10.0 k=4.0 (mu_rec=8 mu_bwd=4) | grad=3.141 | tok/s=21,592 | tokens=5.14B
step=156950 | loss=3.9567 | lr=8.09e-05 | wd=0.0000 | mom=0.9500 | T=10.5 k=4.0 (mu_rec=8 mu_bwd=4) | grad=4.719 | tok/s=23,812 | tokens=5.14B
step=156960 | loss=3.9430 | lr=8.11e-05 | wd=0.0000 | mom=0.9500 | T=13.2 k=4.0 (mu_rec=8 mu_bwd=4) | grad=3.000 | tok/s=24,144 | tokens=5.14B
step=156970 | loss=4.0685 | lr=8.13e-05 | wd=0.0000 | mom=0.9500 | T=9.5 k=3.8 (mu_rec=8 mu_bwd=4) | grad=4.469 | tok/s=24,684 | tokens=5.14B
step=156980 | loss=4.1501 | lr=8.15e-05 | wd=0.0000 | mom=0.9500 | T=8.2 k=4.0 (mu_rec=8 mu_bwd=4) | grad=3.516 | tok/s=10,594 | tokens=5.14B
step=156990 | loss=3.8200 | lr=8.18e-05 | wd=0.0000 | mom=0.9500 | T=5.0 k=4.0 (mu_rec=8 mu_bwd=4) | grad=4.312 | tok/s=23,307 | tokens=5.14B
step=157000 | loss=3.9746 | lr=8.20e-05 | wd=0.0000 | mom=0.9500 | T=6.2 k=3.8 (mu_rec=8 mu_bwd=4) | grad=3.719 | tok/s=23,900 | tokens=5.14B
step=157010 | loss=3.9378 | lr=8.22e-05 | wd=0.0000 | mom=0.9500 | T=6.8 k=4.0 (mu_rec=8 mu_bwd=4) | grad=3.625 | tok/s=23,802 | tokens=5.14B
step=157020 | loss=3.8204 | lr=8.24e-05 | wd=0.0000 | mom=0.9500 | T=5.2 k=3.5 (mu_rec=8 mu_bwd=4) | grad=4.188 | tok/s=23,845 | tokens=5.15B
step=157030 | loss=3.9710 | lr=8.26e-05 | wd=0.0000 | mom=0.9500 | T=9.0 k=4.0 (mu_rec=8 mu_bwd=4) | grad=3.953 | tok/s=22,877 | tokens=5.15B
step=157040 | loss=4.0587 | lr=8.29e-05 | wd=0.0000 | mom=0.9500 | T=8.5 k=4.0 (mu_rec=8 mu_bwd=4) | grad=3.172 | tok/s=23,987 | tokens=5.15B
step=157050 | loss=4.1315 | lr=8.31e-05 | wd=0.0000 | mom=0.9500 | T=9.2 k=4.0 (mu_rec=8 mu_bwd=4) | grad=3.578 | tok/s=24,841 | tokens=5.15B
step=157060 | loss=4.1958 | lr=8.33e-05 | wd=0.0000 | mom=0.9500 | T=14.5 k=4.0 (mu_rec=8 mu_bwd=4) | grad=3.359 | tok/s=24,506 | tokens=5.15B
step=157070 | loss=4.2078 | lr=8.35e-05 | wd=0.0000 | mom=0.9500 | T=8.0 k=4.0 (mu_rec=8 mu_bwd=4) | grad=3.203 | tok/s=24,841 | tokens=5.15B
step=157080 | loss=4.0228 | lr=8.37e-05 | wd=0.0000 | mom=0.9500 | T=10.5 k=4.0 (mu_rec=8 mu_bwd=4) | grad=3.922 | tok/s=24,421 | tokens=5.15B
step=157090 | loss=4.0359 | lr=8.40e-05 | wd=0.0000 | mom=0.9500 | T=6.0 k=2.5 (mu_rec=8 mu_bwd=4) | grad=6.438 | tok/s=23,484 | tokens=5.15B
step=157100 | loss=4.1626 | lr=8.42e-05 | wd=0.0000 | mom=0.9500 | T=10.0 k=4.0 (mu_rec=8 mu_bwd=4) | grad=5.156 | tok/s=23,607 | tokens=5.15B
step=157110 | loss=3.9294 | lr=8.44e-05 | wd=0.0000 | mom=0.9500 | T=9.2 k=3.5 (mu_rec=8 mu_bwd=4) | grad=7.031 | tok/s=24,871 | tokens=5.15B
step=157120 | loss=4.0386 | lr=8.46e-05 | wd=0.0000 | mom=0.9500 | T=9.0 k=4.0 (mu_rec=8 mu_bwd=4) | grad=8.062 | tok/s=22,221 | tokens=5.15B
step=157130 | loss=3.9165 | lr=8.49e-05 | wd=0.0000 | mom=0.9500 | T=11.8 k=4.0 (mu_rec=8 mu_bwd=4) | grad=3.516 | tok/s=22,879 | tokens=5.15B
step=157140 | loss=4.1606 | lr=8.51e-05 | wd=0.0000 | mom=0.9500 | T=8.2 k=3.8 (mu_rec=8 mu_bwd=4) | grad=4.188 | tok/s=23,722 | tokens=5.15B
step=157150 | loss=3.7740 | lr=8.53e-05 | wd=0.0000 | mom=0.9500 | T=10.8 k=4.0 (mu_rec=8 mu_bwd=4) | grad=4.344 | tok/s=23,025 | tokens=5.15B
step=157160 | loss=3.9772 | lr=8.55e-05 | wd=0.0000 | mom=0.9500 | T=6.5 k=3.5 (mu_rec=8 mu_bwd=4) | grad=3.812 | tok/s=23,706 | tokens=5.15B
step=157170 | loss=3.9882 | lr=8.58e-05 | wd=0.0000 | mom=0.9500 | T=8.5 k=3.2 (mu_rec=8 mu_bwd=4) | grad=4.156 | tok/s=22,689 | tokens=5.15B
step=157180 | loss=3.9979 | lr=8.60e-05 | wd=0.0000 | mom=0.9500 | T=6.2 k=4.0 (mu_rec=8 mu_bwd=4) | grad=3.375 | tok/s=25,016 | tokens=5.15B
step=157190 | loss=3.8281 | lr=8.62e-05 | wd=0.0000 | mom=0.9500 | T=6.5 k=3.5 (mu_rec=8 mu_bwd=4) | grad=5.562 | tok/s=23,304 | tokens=5.15B
step=157200 | loss=4.0830 | lr=8.64e-05 | wd=0.0000 | mom=0.9500 | T=9.0 k=3.5 (mu_rec=8 mu_bwd=4) | grad=3.953 | tok/s=24,335 | tokens=5.15B
step=157210 | loss=4.1120 | lr=8.67e-05 | wd=0.0000 | mom=0.9500 | T=8.2 k=3.8 (mu_rec=8 mu_bwd=4) | grad=4.250 | tok/s=22,923 | tokens=5.15B
step=157220 | loss=3.6282 | lr=8.69e-05 | wd=0.0000 | mom=0.9500 | T=13.0 k=3.5 (mu_rec=8 mu_bwd=4) | grad=4.562 | tok/s=23,779 | tokens=5.15B
step=157230 | loss=4.1877 | lr=8.71e-05 | wd=0.0000 | mom=0.9500 | T=14.5 k=3.5 (mu_rec=8 mu_bwd=4) | grad=3.375 | tok/s=23,343 | tokens=5.15B
step=157240 | loss=4.1651 | lr=8.73e-05 | wd=0.0000 | mom=0.9500 | T=7.5 k=4.0 (mu_rec=8 mu_bwd=4) | grad=3.672 | tok/s=24,739 | tokens=5.15B
step=157250 | loss=3.7805 | lr=8.76e-05 | wd=0.0000 | mom=0.9500 | T=12.8 k=3.5 (mu_rec=8 mu_bwd=4) | grad=3.469 | tok/s=24,229 | tokens=5.15B
step=157260 | loss=3.8548 | lr=8.78e-05 | wd=0.0000 | mom=0.9500 | T=6.0 k=4.0 (mu_rec=8 mu_bwd=4) | grad=3.406 | tok/s=23,344 | tokens=5.15B
step=157270 | loss=4.2379 | lr=8.80e-05 | wd=0.0000 | mom=0.9500 | T=9.5 k=3.8 (mu_rec=8 mu_bwd=4) | grad=5.656 | tok/s=26,043 | tokens=5.15B
step=157280 | loss=4.1216 | lr=8.82e-05 | wd=0.0000 | mom=0.9500 | T=8.8 k=3.2 (mu_rec=8 mu_bwd=4) | grad=4.344 | tok/s=23,955 | tokens=5.15B
step=157290 | loss=3.9930 | lr=8.85e-05 | wd=0.0000 | mom=0.9500 | T=10.2 k=4.0 (mu_rec=8 mu_bwd=4) | grad=3.812 | tok/s=24,151 | tokens=5.15B
step=157300 | loss=3.9787 | lr=8.87e-05 | wd=0.0000 | mom=0.9500 | T=3.5 k=3.0 (mu_rec=8 mu_bwd=4) | grad=3.844 | tok/s=24,687 | tokens=5.15B
step=157310 | loss=3.9552 | lr=8.89e-05 | wd=0.0000 | mom=0.9500 | T=4.0 k=3.8 (mu_rec=8 mu_bwd=4) | grad=3.359 | tok/s=23,719 | tokens=5.15B
step=157320 | loss=3.9477 | lr=8.92e-05 | wd=0.0000 | mom=0.9500 | T=10.0 k=4.0 (mu_rec=8 mu_bwd=4) | grad=3.234 | tok/s=22,134 | tokens=5.16B
step=157330 | loss=4.0032 | lr=8.94e-05 | wd=0.0000 | mom=0.9500 | T=10.0 k=3.2 (mu_rec=8 mu_bwd=4) | grad=3.312 | tok/s=22,874 | tokens=5.16B
step=157340 | loss=4.2629 | lr=8.96e-05 | wd=0.0000 | mom=0.9500 | T=7.8 k=4.0 (mu_rec=8 mu_bwd=4) | grad=5.312 | tok/s=24,800 | tokens=5.16B
step=157350 | loss=4.2815 | lr=8.99e-05 | wd=0.0000 | mom=0.9500 | T=6.0 k=4.0 (mu_rec=8 mu_bwd=4) | grad=6.094 | tok/s=24,496 | tokens=5.16B
step=157360 | loss=3.9988 | lr=9.01e-05 | wd=0.0000 | mom=0.9500 | T=8.0 k=4.0 (mu_rec=8 mu_bwd=4) | grad=7.125 | tok/s=22,966 | tokens=5.16B
step=157370 | loss=4.1864 | lr=9.03e-05 | wd=0.0000 | mom=0.9500 | T=9.5 k=3.5 (mu_rec=8 mu_bwd=4) | grad=4.438 | tok/s=24,599 | tokens=5.16B
step=157380 | loss=4.0478 | lr=9.06e-05 | wd=0.0000 | mom=0.9500 | T=9.0 k=4.0 (mu_rec=8 mu_bwd=4) | grad=4.625 | tok/s=22,515 | tokens=5.16B
step=157390 | loss=3.9190 | lr=9.08e-05 | wd=0.0000 | mom=0.9500 | T=7.0 k=4.0 (mu_rec=8 mu_bwd=4) | grad=4.312 | tok/s=24,088 | tokens=5.16B
step=157400 | loss=3.8400 | lr=9.10e-05 | wd=0.0000 | mom=0.9500 | T=4.8 k=3.2 (mu_rec=8 mu_bwd=4) | grad=4.156 | tok/s=24,070 | tokens=5.16B
step=157410 | loss=3.9690 | lr=9.12e-05 | wd=0.0000 | mom=0.9500 | T=8.8 k=4.0 (mu_rec=8 mu_bwd=4) | grad=3.422 | tok/s=25,173 | tokens=5.16B
step=157420 | loss=4.1465 | lr=9.15e-05 | wd=0.0000 | mom=0.9500 | T=5.0 k=3.2 (mu_rec=8 mu_bwd=4) | grad=3.594 | tok/s=23,291 | tokens=5.16B
step=157430 | loss=3.9896 | lr=9.17e-05 | wd=0.0000 | mom=0.9500 | T=10.5 k=4.0 (mu_rec=8 mu_bwd=4) | grad=8.500 | tok/s=22,584 | tokens=5.16B
step=157440 | loss=3.8112 | lr=9.19e-05 | wd=0.0000 | mom=0.9500 | T=8.0 k=3.8 (mu_rec=8 mu_bwd=4) | grad=4.281 | tok/s=22,122 | tokens=5.16B
step=157450 | loss=3.9565 | lr=9.22e-05 | wd=0.0000 | mom=0.9500 | T=9.5 k=4.0 (mu_rec=8 mu_bwd=4) | grad=3.750 | tok/s=23,497 | tokens=5.16B
step=157460 | loss=4.0194 | lr=9.24e-05 | wd=0.0000 | mom=0.9500 | T=8.8 k=4.0 (mu_rec=8 mu_bwd=4) | grad=14.188 | tok/s=23,489 | tokens=5.16B
step=157470 | loss=3.7961 | lr=9.27e-05 | wd=0.0000 | mom=0.9500 | T=12.5 k=3.8 (mu_rec=8 mu_bwd=4) | grad=17.750 | tok/s=22,824 | tokens=5.16B
step=157480 | loss=3.6535 | lr=9.29e-05 | wd=0.0000 | mom=0.9500 | T=9.2 k=4.0 (mu_rec=8 mu_bwd=4) | grad=10.812 | tok/s=24,220 | tokens=5.16B
step=157490 | loss=4.1228 | lr=9.31e-05 | wd=0.0000 | mom=0.9500 | T=8.5 k=4.0 (mu_rec=8 mu_bwd=4) | grad=4.156 | tok/s=22,653 | tokens=5.16B
step=157500 | loss=4.0703 | lr=9.34e-05 | wd=0.0000 | mom=0.9500 | T=9.0 k=3.8 (mu_rec=8 mu_bwd=4) | grad=4.719 | tok/s=25,275 | tokens=5.16B
step=157510 | loss=4.1140 | lr=9.36e-05 | wd=0.0000 | mom=0.9500 | T=5.8 k=3.2 (mu_rec=8 mu_bwd=4) | grad=5.219 | tok/s=24,413 | tokens=5.16B
step=157520 | loss=3.9984 | lr=9.38e-05 | wd=0.0000 | mom=0.9500 | T=6.8 k=3.5 (mu_rec=8 mu_bwd=4) | grad=6.062 | tok/s=26,315 | tokens=5.16B
step=157530 | loss=4.0217 | lr=9.41e-05 | wd=0.0000 | mom=0.9500 | T=9.0 k=4.0 (mu_rec=8 mu_bwd=4) | grad=5.000 | tok/s=22,498 | tokens=5.16B
step=157540 | loss=3.8314 | lr=9.43e-05 | wd=0.0000 | mom=0.9500 | T=7.5 k=3.8 (mu_rec=8 mu_bwd=4) | grad=10.188 | tok/s=23,962 | tokens=5.16B
step=157550 | loss=4.0184 | lr=9.45e-05 | wd=0.0000 | mom=0.9500 | T=5.8 k=4.0 (mu_rec=8 mu_bwd=4) | grad=3.859 | tok/s=23,570 | tokens=5.16B
step=157560 | loss=4.0712 | lr=9.48e-05 | wd=0.0000 | mom=0.9500 | T=6.8 k=3.5 (mu_rec=8 mu_bwd=4) | grad=5.938 | tok/s=23,918 | tokens=5.16B
step=157570 | loss=3.9559 | lr=9.50e-05 | wd=0.0000 | mom=0.9500 | T=9.0 k=3.8 (mu_rec=8 mu_bwd=4) | grad=3.719 | tok/s=22,547 | tokens=5.16B
step=157580 | loss=3.8816 | lr=9.52e-05 | wd=0.0000 | mom=0.9500 | T=7.8 k=4.0 (mu_rec=8 mu_bwd=4) | grad=3.547 | tok/s=24,827 | tokens=5.16B
step=157590 | loss=4.2332 | lr=9.55e-05 | wd=0.0000 | mom=0.9500 | T=10.2 k=4.0 (mu_rec=8 mu_bwd=4) | grad=3.250 | tok/s=22,193 | tokens=5.16B
step=157600 | loss=4.0316 | lr=9.57e-05 | wd=0.0000 | mom=0.9500 | T=5.5 k=4.0 (mu_rec=8 mu_bwd=4) | grad=4.062 | tok/s=22,484 | tokens=5.16B
step=157610 | loss=4.4517 | lr=9.60e-05 | wd=0.0000 | mom=0.9500 | T=6.0 k=3.5 (mu_rec=8 mu_bwd=4) | grad=3.562 | tok/s=22,405 | tokens=5.16B
step=157620 | loss=3.8155 | lr=9.62e-05 | wd=0.0000 | mom=0.9500 | T=11.5 k=4.0 (mu_rec=8 mu_bwd=4) | grad=5.625 | tok/s=23,226 | tokens=5.16B
step=157630 | loss=4.2044 | lr=9.64e-05 | wd=0.0000 | mom=0.9500 | T=7.8 k=3.2 (mu_rec=8 mu_bwd=4) | grad=6.312 | tok/s=22,882 | tokens=5.17B
step=157640 | loss=3.9498 | lr=9.67e-05 | wd=0.0000 | mom=0.9500 | T=4.0 k=3.0 (mu_rec=8 mu_bwd=4) | grad=3.359 | tok/s=24,663 | tokens=5.17B
step=157650 | loss=3.8900 | lr=9.69e-05 | wd=0.0000 | mom=0.9500 | T=10.5 k=4.0 (mu_rec=8 mu_bwd=4) | grad=6.219 | tok/s=21,436 | tokens=5.17B
step=157660 | loss=4.1689 | lr=9.72e-05 | wd=0.0000 | mom=0.9500 | T=7.5 k=4.0 (mu_rec=8 mu_bwd=4) | grad=5.812 | tok/s=24,832 | tokens=5.17B
step=157670 | loss=4.1672 | lr=9.74e-05 | wd=0.0000 | mom=0.9500 | T=7.8 k=4.0 (mu_rec=8 mu_bwd=4) | grad=4.562 | tok/s=22,947 | tokens=5.17B
step=157680 | loss=3.9485 | lr=9.76e-05 | wd=0.0000 | mom=0.9500 | T=9.2 k=3.5 (mu_rec=8 mu_bwd=4) | grad=3.438 | tok/s=24,184 | tokens=5.17B
step=157690 | loss=3.7903 | lr=9.79e-05 | wd=0.0000 | mom=0.9500 | T=9.2 k=3.5 (mu_rec=8 mu_bwd=4) | grad=5.594 | tok/s=25,288 | tokens=5.17B
step=157700 | loss=3.9386 | lr=9.81e-05 | wd=0.0000 | mom=0.9500 | T=8.0 k=4.0 (mu_rec=8 mu_bwd=4) | grad=4.531 | tok/s=10,396 | tokens=5.17B
step=157710 | loss=4.1738 | lr=9.84e-05 | wd=0.0000 | mom=0.9500 | T=6.2 k=3.5 (mu_rec=8 mu_bwd=4) | grad=3.469 | tok/s=24,699 | tokens=5.17B
step=157720 | loss=4.2147 | lr=9.86e-05 | wd=0.0000 | mom=0.9500 | T=6.8 k=3.8 (mu_rec=8 mu_bwd=4) | grad=3.516 | tok/s=23,788 | tokens=5.17B
step=157730 | loss=4.0133 | lr=9.89e-05 | wd=0.0000 | mom=0.9500 | T=8.0 k=4.0 (mu_rec=8 mu_bwd=4) | grad=4.031 | tok/s=22,981 | tokens=5.17B
step=157740 | loss=4.0367 | lr=9.91e-05 | wd=0.0000 | mom=0.9500 | T=9.0 k=3.2 (mu_rec=8 mu_bwd=4) | grad=4.969 | tok/s=22,909 | tokens=5.17B
step=157750 | loss=4.1787 | lr=9.93e-05 | wd=0.0000 | mom=0.9500 | T=7.0 k=3.5 (mu_rec=8 mu_bwd=4) | grad=4.781 | tok/s=24,473 | tokens=5.17B
step=157760 | loss=3.9517 | lr=9.96e-05 | wd=0.0000 | mom=0.9500 | T=7.2 k=3.5 (mu_rec=8 mu_bwd=4) | grad=3.984 | tok/s=22,649 | tokens=5.17B
step=157770 | loss=4.1543 | lr=9.98e-05 | wd=0.0000 | mom=0.9500 | T=10.2 k=3.5 (mu_rec=8 mu_bwd=4) | grad=4.438 | tok/s=24,628 | tokens=5.17B
step=157780 | loss=4.1136 | lr=1.00e-04 | wd=0.0000 | mom=0.9500 | T=4.2 k=3.0 (mu_rec=8 mu_bwd=4) | grad=6.781 | tok/s=23,578 | tokens=5.17B
step=157790 | loss=3.7751 | lr=1.00e-04 | wd=0.0000 | mom=0.9500 | T=7.5 k=3.2 (mu_rec=8 mu_bwd=4) | grad=3.797 | tok/s=25,854 | tokens=5.17B
step=157800 | loss=4.0670 | lr=1.01e-04 | wd=0.0000 | mom=0.9500 | T=7.0 k=3.2 (mu_rec=8 mu_bwd=4) | grad=4.094 | tok/s=23,370 | tokens=5.17B
step=157810 | loss=3.6990 | lr=1.01e-04 | wd=0.0000 | mom=0.9500 | T=11.0 k=4.0 (mu_rec=8 mu_bwd=4) | grad=9.938 | tok/s=22,615 | tokens=5.17B
step=157820 | loss=3.9152 | lr=1.01e-04 | wd=0.0000 | mom=0.9500 | T=7.0 k=4.0 (mu_rec=8 mu_bwd=4) | grad=3.922 | tok/s=23,454 | tokens=5.17B
step=157830 | loss=4.0777 | lr=1.01e-04 | wd=0.0000 | mom=0.9500 | T=3.5 k=2.5 (mu_rec=8 mu_bwd=4) | grad=4.219 | tok/s=10,113 | tokens=5.17B
step=157840 | loss=4.0114 | lr=1.02e-04 | wd=0.0000 | mom=0.9500 | T=9.8 k=4.0 (mu_rec=8 mu_bwd=4) | grad=5.938 | tok/s=24,729 | tokens=5.17B
step=157850 | loss=3.9431 | lr=1.02e-04 | wd=0.0000 | mom=0.9500 | T=5.0 k=4.0 (mu_rec=8 mu_bwd=4) | grad=4.625 | tok/s=24,094 | tokens=5.17B
step=157860 | loss=4.4021 | lr=1.02e-04 | wd=0.0000 | mom=0.9500 | T=8.2 k=4.0 (mu_rec=8 mu_bwd=4) | grad=4.281 | tok/s=22,710 | tokens=5.17B
step=157870 | loss=4.3137 | lr=1.02e-04 | wd=0.0000 | mom=0.9500 | T=6.0 k=4.0 (mu_rec=8 mu_bwd=4) | grad=5.562 | tok/s=25,005 | tokens=5.17B
step=157880 | loss=4.1107 | lr=1.03e-04 | wd=0.0000 | mom=0.9500 | T=7.8 k=3.8 (mu_rec=8 mu_bwd=4) | grad=4.156 | tok/s=24,236 | tokens=5.17B
step=157890 | loss=4.0853 | lr=1.03e-04 | wd=0.0000 | mom=0.9500 | T=5.8 k=4.0 (mu_rec=8 mu_bwd=4) | grad=4.562 | tok/s=24,013 | tokens=5.17B
step=157900 | loss=3.9129 | lr=1.03e-04 | wd=0.0000 | mom=0.9500 | T=9.0 k=4.0 (mu_rec=8 mu_bwd=4) | grad=7.406 | tok/s=22,435 | tokens=5.17B
step=157910 | loss=3.9552 | lr=1.03e-04 | wd=0.0000 | mom=0.9500 | T=7.8 k=3.8 (mu_rec=8 mu_bwd=4) | grad=3.906 | tok/s=22,308 | tokens=5.17B
step=157920 | loss=4.4559 | lr=1.04e-04 | wd=0.0000 | mom=0.9500 | T=5.8 k=4.0 (mu_rec=8 mu_bwd=4) | grad=4.312 | tok/s=22,608 | tokens=5.17B
step=157930 | loss=3.8459 | lr=1.04e-04 | wd=0.0000 | mom=0.9500 | T=11.0 k=4.0 (mu_rec=8 mu_bwd=4) | grad=3.016 | tok/s=23,804 | tokens=5.18B
step=157940 | loss=3.9816 | lr=1.04e-04 | wd=0.0000 | mom=0.9500 | T=7.2 k=4.0 (mu_rec=8 mu_bwd=4) | grad=3.656 | tok/s=24,726 | tokens=5.18B
step=157950 | loss=4.1934 | lr=1.04e-04 | wd=0.0000 | mom=0.9500 | T=6.2 k=3.2 (mu_rec=8 mu_bwd=4) | grad=3.906 | tok/s=23,786 | tokens=5.18B
step=157960 | loss=3.7963 | lr=1.04e-04 | wd=0.0000 | mom=0.9500 | T=6.8 k=4.0 (mu_rec=8 mu_bwd=4) | grad=4.094 | tok/s=24,649 | tokens=5.18B
step=157970 | loss=4.1136 | lr=1.05e-04 | wd=0.0000 | mom=0.9500 | T=9.0 k=3.8 (mu_rec=8 mu_bwd=4) | grad=3.359 | tok/s=24,818 | tokens=5.18B
step=157980 | loss=4.0473 | lr=1.05e-04 | wd=0.0000 | mom=0.9500 | T=4.8 k=3.2 (mu_rec=8 mu_bwd=4) | grad=4.625 | tok/s=25,579 | tokens=5.18B
step=157990 | loss=3.7144 | lr=1.05e-04 | wd=0.0000 | mom=0.9500 | T=9.2 k=4.0 (mu_rec=8 mu_bwd=4) | grad=7.312 | tok/s=24,884 | tokens=5.18B
step=158000 | loss=4.0250 | lr=1.05e-04 | wd=0.0000 | mom=0.9500 | T=6.8 k=3.2 (mu_rec=8 mu_bwd=4) | grad=3.844 | tok/s=24,532 | tokens=5.18B
[step 158000] Saved -> runs/cortex-5b-k4/checkpoint_0158000
[step 158000] Pruned -> runs/cortex-5b-k4/checkpoint_0152584
step=158010 | loss=4.1531 | lr=1.06e-04 | wd=0.0000 | mom=0.9500 | T=8.8 k=3.8 (mu_rec=8 mu_bwd=4) | grad=4.094 | tok/s=22,369 | tokens=5.18B
step=158020 | loss=3.9525 | lr=1.06e-04 | wd=0.0000 | mom=0.9500 | T=10.0 k=4.0 (mu_rec=8 mu_bwd=4) | grad=4.375 | tok/s=21,141 | tokens=5.18B
step=158030 | loss=3.4851 | lr=1.06e-04 | wd=0.0000 | mom=0.9500 | T=4.5 k=3.2 (mu_rec=8 mu_bwd=4) | grad=5.406 | tok/s=22,764 | tokens=5.18B
step=158040 | loss=4.0088 | lr=1.06e-04 | wd=0.0000 | mom=0.9500 | T=8.8 k=3.8 (mu_rec=8 mu_bwd=4) | grad=4.562 | tok/s=22,245 | tokens=5.18B
step=158050 | loss=3.8638 | lr=1.07e-04 | wd=0.0000 | mom=0.9500 | T=9.5 k=4.0 (mu_rec=8 mu_bwd=4) | grad=3.328 | tok/s=23,361 | tokens=5.18B
step=158060 | loss=3.6151 | lr=1.07e-04 | wd=0.0000 | mom=0.9500 | T=16.0 k=4.0 (mu_rec=8 mu_bwd=4) | grad=6.406 | tok/s=23,156 | tokens=5.18B
step=158070 | loss=3.9318 | lr=1.07e-04 | wd=0.0000 | mom=0.9500 | T=11.8 k=4.0 (mu_rec=8 mu_bwd=4) | grad=4.781 | tok/s=24,055 | tokens=5.18B
step=158080 | loss=4.0320 | lr=1.07e-04 | wd=0.0000 | mom=0.9500 | T=4.0 k=3.0 (mu_rec=8 mu_bwd=4) | grad=4.031 | tok/s=25,500 | tokens=5.18B
step=158090 | loss=4.0237 | lr=1.08e-04 | wd=0.0000 | mom=0.9500 | T=12.2 k=4.0 (mu_rec=8 mu_bwd=4) | grad=4.781 | tok/s=24,332 | tokens=5.18B
step=158100 | loss=4.1690 | lr=1.08e-04 | wd=0.0000 | mom=0.9500 | T=8.8 k=4.0 (mu_rec=8 mu_bwd=4) | grad=6.219 | tok/s=22,956 | tokens=5.18B
step=158110 | loss=3.9393 | lr=1.08e-04 | wd=0.0000 | mom=0.9500 | T=10.0 k=3.8 (mu_rec=8 mu_bwd=4) | grad=3.703 | tok/s=22,492 | tokens=5.18B
step=158120 | loss=3.9733 | lr=1.09e-04 | wd=0.0000 | mom=0.9500 | T=15.2 k=4.0 (mu_rec=8 mu_bwd=4) | grad=4.406 | tok/s=23,162 | tokens=5.18B
step=158130 | loss=4.2307 | lr=1.09e-04 | wd=0.0000 | mom=0.9500 | T=9.5 k=4.0 (mu_rec=8 mu_bwd=4) | grad=7.594 | tok/s=24,684 | tokens=5.18B
step=158140 | loss=3.9830 | lr=1.09e-04 | wd=0.0000 | mom=0.9500 | T=9.5 k=4.0 (mu_rec=8 mu_bwd=4) | grad=4.156 | tok/s=24,724 | tokens=5.18B
step=158150 | loss=4.2864 | lr=1.09e-04 | wd=0.0000 | mom=0.9500 | T=9.2 k=2.8 (mu_rec=8 mu_bwd=4) | grad=6.156 | tok/s=24,797 | tokens=5.18B
step=158160 | loss=4.4287 | lr=1.10e-04 | wd=0.0000 | mom=0.9500 | T=8.0 k=3.8 (mu_rec=8 mu_bwd=4) | grad=5.812 | tok/s=24,331 | tokens=5.18B
step=158170 | loss=4.2203 | lr=1.10e-04 | wd=0.0000 | mom=0.9500 | T=8.0 k=4.0 (mu_rec=8 mu_bwd=4) | grad=4.531 | tok/s=23,195 | tokens=5.18B
step=158180 | loss=4.4426 | lr=1.10e-04 | wd=0.0000 | mom=0.9500 | T=5.0 k=3.0 (mu_rec=8 mu_bwd=4) | grad=4.875 | tok/s=23,244 | tokens=5.18B
step=158190 | loss=4.3640 | lr=1.10e-04 | wd=0.0000 | mom=0.9500 | T=13.5 k=4.0 (mu_rec=8 mu_bwd=4) | grad=4.594 | tok/s=22,849 | tokens=5.18B
step=158200 | loss=4.3675 | lr=1.11e-04 | wd=0.0000 | mom=0.9500 | T=6.2 k=3.8 (mu_rec=8 mu_bwd=4) | grad=4.406 | tok/s=23,973 | tokens=5.18B
step=158210 | loss=4.4141 | lr=1.11e-04 | wd=0.0000 | mom=0.9500 | T=11.0 k=4.0 (mu_rec=8 mu_bwd=4) | grad=4.281 | tok/s=26,747 | tokens=5.18B
step=158220 | loss=3.9056 | lr=1.11e-04 | wd=0.0000 | mom=0.9500 | T=5.8 k=3.2 (mu_rec=8 mu_bwd=4) | grad=4.500 | tok/s=24,532 | tokens=5.18B
step=158230 | loss=3.8280 | lr=1.11e-04 | wd=0.0000 | mom=0.9500 | T=13.5 k=4.0 (mu_rec=8 mu_bwd=4) | grad=4.875 | tok/s=21,991 | tokens=5.18B
step=158240 | loss=4.1648 | lr=1.12e-04 | wd=0.0000 | mom=0.9500 | T=7.0 k=3.8 (mu_rec=8 mu_bwd=4) | grad=3.750 | tok/s=24,206 | tokens=5.19B
step=158250 | loss=3.7397 | lr=1.12e-04 | wd=0.0000 | mom=0.9500 | T=8.5 k=4.0 (mu_rec=8 mu_bwd=4) | grad=5.125 | tok/s=21,188 | tokens=5.19B
step=158260 | loss=4.0811 | lr=1.12e-04 | wd=0.0000 | mom=0.9500 | T=10.0 k=3.5 (mu_rec=8 mu_bwd=4) | grad=3.656 | tok/s=23,969 | tokens=5.19B
step=158270 | loss=3.9827 | lr=1.12e-04 | wd=0.0000 | mom=0.9500 | T=4.2 k=3.5 (mu_rec=8 mu_bwd=4) | grad=4.281 | tok/s=25,137 | tokens=5.19B
step=158280 | loss=4.0056 | lr=1.13e-04 | wd=0.0000 | mom=0.9500 | T=12.5 k=3.8 (mu_rec=8 mu_bwd=4) | grad=3.469 | tok/s=23,474 | tokens=5.19B
step=158290 | loss=4.5922 | lr=1.13e-04 | wd=0.0000 | mom=0.9500 | T=9.5 k=4.0 (mu_rec=8 mu_bwd=4) | grad=9.000 | tok/s=24,367 | tokens=5.19B
step=158300 | loss=4.1279 | lr=1.13e-04 | wd=0.0000 | mom=0.9500 | T=4.5 k=3.2 (mu_rec=8 mu_bwd=4) | grad=3.953 | tok/s=23,411 | tokens=5.19B
step=158310 | loss=4.2128 | lr=1.13e-04 | wd=0.0000 | mom=0.9500 | T=12.5 k=4.0 (mu_rec=8 mu_bwd=4) | grad=4.000 | tok/s=22,180 | tokens=5.19B
step=158320 | loss=3.6674 | lr=1.14e-04 | wd=0.0000 | mom=0.9500 | T=4.8 k=3.2 (mu_rec=8 mu_bwd=4) | grad=5.969 | tok/s=24,233 | tokens=5.19B
step=158330 | loss=3.9765 | lr=1.14e-04 | wd=0.0000 | mom=0.9500 | T=7.2 k=3.5 (mu_rec=8 mu_bwd=4) | grad=4.250 | tok/s=24,866 | tokens=5.19B
step=158340 | loss=3.9567 | lr=1.14e-04 | wd=0.0000 | mom=0.9500 | T=8.5 k=3.5 (mu_rec=8 mu_bwd=4) | grad=4.312 | tok/s=25,742 | tokens=5.19B
step=158350 | loss=3.9821 | lr=1.14e-04 | wd=0.0000 | mom=0.9500 | T=9.8 k=3.2 (mu_rec=8 mu_bwd=4) | grad=3.859 | tok/s=24,228 | tokens=5.19B
step=158360 | loss=4.0972 | lr=1.15e-04 | wd=0.0000 | mom=0.9500 | T=3.8 k=3.5 (mu_rec=8 mu_bwd=4) | grad=5.375 | tok/s=22,927 | tokens=5.19B
step=158370 | loss=4.1468 | lr=1.15e-04 | wd=0.0000 | mom=0.9500 | T=7.0 k=3.5 (mu_rec=8 mu_bwd=4) | grad=4.062 | tok/s=23,375 | tokens=5.19B
step=158380 | loss=4.0456 | lr=1.15e-04 | wd=0.0000 | mom=0.9500 | T=9.0 k=3.8 (mu_rec=8 mu_bwd=4) | grad=6.688 | tok/s=23,480 | tokens=5.19B
step=158390 | loss=3.9166 | lr=1.15e-04 | wd=0.0000 | mom=0.9500 | T=10.5 k=4.0 (mu_rec=8 mu_bwd=4) | grad=3.172 | tok/s=23,409 | tokens=5.19B
step=158400 | loss=4.2658 | lr=1.16e-04 | wd=0.0000 | mom=0.9500 | T=7.8 k=3.8 (mu_rec=8 mu_bwd=4) | grad=5.844 | tok/s=24,181 | tokens=5.19B
step=158410 | loss=4.2405 | lr=1.16e-04 | wd=0.0000 | mom=0.9500 | T=8.8 k=4.0 (mu_rec=8 mu_bwd=4) | grad=4.656 | tok/s=23,251 | tokens=5.19B
step=158420 | loss=4.0732 | lr=1.16e-04 | wd=0.0000 | mom=0.9500 | T=16.0 k=4.0 (mu_rec=8 mu_bwd=4) | grad=3.766 | tok/s=23,440 | tokens=5.19B
step=158430 | loss=4.0193 | lr=1.16e-04 | wd=0.0000 | mom=0.9500 | T=10.8 k=4.0 (mu_rec=8 mu_bwd=4) | grad=3.625 | tok/s=23,476 | tokens=5.19B
step=158440 | loss=3.8067 | lr=1.17e-04 | wd=0.0000 | mom=0.9500 | T=9.2 k=4.0 (mu_rec=8 mu_bwd=4) | grad=4.375 | tok/s=25,187 | tokens=5.19B
step=158450 | loss=4.2281 | lr=1.17e-04 | wd=0.0000 | mom=0.9500 | T=9.5 k=3.5 (mu_rec=8 mu_bwd=4) | grad=4.938 | tok/s=23,342 | tokens=5.19B
step=158460 | loss=4.1738 | lr=1.17e-04 | wd=0.0000 | mom=0.9500 | T=8.0 k=3.5 (mu_rec=8 mu_bwd=4) | grad=4.469 | tok/s=24,207 | tokens=5.19B
step=158470 | loss=3.9998 | lr=1.17e-04 | wd=0.0000 | mom=0.9500 | T=7.2 k=2.8 (mu_rec=8 mu_bwd=4) | grad=9.875 | tok/s=23,882 | tokens=5.19B
step=158480 | loss=4.5101 | lr=1.18e-04 | wd=0.0000 | mom=0.9500 | T=7.5 k=4.0 (mu_rec=8 mu_bwd=4) | grad=4.438 | tok/s=24,911 | tokens=5.19B
step=158490 | loss=4.3207 | lr=1.18e-04 | wd=0.0000 | mom=0.9500 | T=10.2 k=4.0 (mu_rec=8 mu_bwd=4) | grad=5.656 | tok/s=23,285 | tokens=5.19B
step=158500 | loss=4.6596 | lr=1.18e-04 | wd=0.0000 | mom=0.9500 | T=13.8 k=4.0 (mu_rec=8 mu_bwd=4) | grad=4.906 | tok/s=24,544 | tokens=5.19B
step=158510 | loss=4.0657 | lr=1.19e-04 | wd=0.0000 | mom=0.9500 | T=6.0 k=3.5 (mu_rec=8 mu_bwd=4) | grad=3.719 | tok/s=23,576 | tokens=5.19B
step=158520 | loss=4.0088 | lr=1.19e-04 | wd=0.0000 | mom=0.9500 | T=8.5 k=4.0 (mu_rec=8 mu_bwd=4) | grad=4.156 | tok/s=22,464 | tokens=5.19B
step=158530 | loss=4.3331 | lr=1.19e-04 | wd=0.0000 | mom=0.9500 | T=5.5 k=2.0 (mu_rec=8 mu_bwd=4) | grad=9.312 | tok/s=23,505 | tokens=5.19B
step=158540 | loss=4.0163 | lr=1.19e-04 | wd=0.0000 | mom=0.9500 | T=9.2 k=4.0 (mu_rec=8 mu_bwd=4) | grad=6.906 | tok/s=9,507 | tokens=5.20B
step=158550 | loss=4.0492 | lr=1.20e-04 | wd=0.0000 | mom=0.9500 | T=6.0 k=3.8 (mu_rec=8 mu_bwd=4) | grad=3.312 | tok/s=24,318 | tokens=5.20B
step=158560 | loss=4.1640 | lr=1.20e-04 | wd=0.0000 | mom=0.9500 | T=7.2 k=4.0 (mu_rec=8 mu_bwd=4) | grad=3.688 | tok/s=25,378 | tokens=5.20B
step=158570 | loss=4.0440 | lr=1.20e-04 | wd=0.0000 | mom=0.9500 | T=9.0 k=3.0 (mu_rec=8 mu_bwd=4) | grad=3.703 | tok/s=25,177 | tokens=5.20B
step=158580 | loss=4.0880 | lr=1.20e-04 | wd=0.0000 | mom=0.9500 | T=7.5 k=3.2 (mu_rec=8 mu_bwd=4) | grad=4.281 | tok/s=23,860 | tokens=5.20B
step=158590 | loss=3.9359 | lr=1.21e-04 | wd=0.0000 | mom=0.9500 | T=5.2 k=2.8 (mu_rec=8 mu_bwd=4) | grad=4.000 | tok/s=25,644 | tokens=5.20B
step=158600 | loss=4.1370 | lr=1.21e-04 | wd=0.0000 | mom=0.9500 | T=9.8 k=4.0 (mu_rec=8 mu_bwd=4) | grad=3.328 | tok/s=24,513 | tokens=5.20B
step=158610 | loss=4.2290 | lr=1.21e-04 | wd=0.0000 | mom=0.9500 | T=6.5 k=4.0 (mu_rec=8 mu_bwd=4) | grad=6.750 | tok/s=24,283 | tokens=5.20B
step=158620 | loss=4.3555 | lr=1.21e-04 | wd=0.0000 | mom=0.9500 | T=10.8 k=4.0 (mu_rec=8 mu_bwd=4) | grad=4.781 | tok/s=21,877 | tokens=5.20B
step=158630 | loss=4.1185 | lr=1.22e-04 | wd=0.0000 | mom=0.9500 | T=6.0 k=3.0 (mu_rec=8 mu_bwd=4) | grad=3.531 | tok/s=25,058 | tokens=5.20B
step=158640 | loss=4.0282 | lr=1.22e-04 | wd=0.0000 | mom=0.9500 | T=10.0 k=3.5 (mu_rec=8 mu_bwd=4) | grad=5.594 | tok/s=24,717 | tokens=5.20B
step=158650 | loss=4.1214 | lr=1.22e-04 | wd=0.0000 | mom=0.9500 | T=8.5 k=4.0 (mu_rec=8 mu_bwd=4) | grad=3.469 | tok/s=23,236 | tokens=5.20B
step=158660 | loss=4.2019 | lr=1.22e-04 | wd=0.0000 | mom=0.9500 | T=8.2 k=4.0 (mu_rec=8 mu_bwd=4) | grad=5.469 | tok/s=24,832 | tokens=5.20B
step=158670 | loss=3.7424 | lr=1.23e-04 | wd=0.0000 | mom=0.9500 | T=6.8 k=4.0 (mu_rec=8 mu_bwd=4) | grad=3.719 | tok/s=24,760 | tokens=5.20B
step=158680 | loss=4.2440 | lr=1.23e-04 | wd=0.0000 | mom=0.9500 | T=7.0 k=3.5 (mu_rec=8 mu_bwd=4) | grad=7.781 | tok/s=24,497 | tokens=5.20B
step=158690 | loss=3.8800 | lr=1.23e-04 | wd=0.0000 | mom=0.9500 | T=7.8 k=4.0 (mu_rec=8 mu_bwd=4) | grad=4.188 | tok/s=22,572 | tokens=5.20B
step=158700 | loss=3.9809 | lr=1.24e-04 | wd=0.0000 | mom=0.9500 | T=4.8 k=3.8 (mu_rec=8 mu_bwd=4) | grad=4.844 | tok/s=24,715 | tokens=5.20B
step=158710 | loss=4.2694 | lr=1.24e-04 | wd=0.0000 | mom=0.9500 | T=6.8 k=4.0 (mu_rec=8 mu_bwd=4) | grad=5.688 | tok/s=23,932 | tokens=5.20B
step=158720 | loss=4.0203 | lr=1.24e-04 | wd=0.0000 | mom=0.9500 | T=12.8 k=4.0 (mu_rec=8 mu_bwd=4) | grad=3.562 | tok/s=22,749 | tokens=5.20B
step=158730 | loss=4.1399 | lr=1.24e-04 | wd=0.0000 | mom=0.9500 | T=6.8 k=3.8 (mu_rec=8 mu_bwd=4) | grad=3.719 | tok/s=22,934 | tokens=5.20B
step=158740 | loss=4.1858 | lr=1.25e-04 | wd=0.0000 | mom=0.9500 | T=5.0 k=3.0 (mu_rec=8 mu_bwd=4) | grad=5.000 | tok/s=25,369 | tokens=5.20B
step=158750 | loss=4.5938 | lr=1.25e-04 | wd=0.0000 | mom=0.9500 | T=8.0 k=3.8 (mu_rec=8 mu_bwd=4) | grad=3.938 | tok/s=23,289 | tokens=5.20B
step=158760 | loss=5.1286 | lr=1.25e-04 | wd=0.0000 | mom=0.9500 | T=6.0 k=3.2 (mu_rec=8 mu_bwd=4) | grad=5.406 | tok/s=10,905 | tokens=5.20B
step=158770 | loss=4.5469 | lr=1.25e-04 | wd=0.0000 | mom=0.9500 | T=7.0 k=4.0 (mu_rec=8 mu_bwd=4) | grad=4.500 | tok/s=26,689 | tokens=5.20B
step=158780 | loss=4.1306 | lr=1.26e-04 | wd=0.0000 | mom=0.9500 | T=11.5 k=4.0 (mu_rec=8 mu_bwd=4) | grad=4.312 | tok/s=21,984 | tokens=5.20B
step=158790 | loss=4.2390 | lr=1.26e-04 | wd=0.0000 | mom=0.9500 | T=7.2 k=3.5 (mu_rec=8 mu_bwd=4) | grad=3.578 | tok/s=25,294 | tokens=5.20B
step=158800 | loss=4.4715 | lr=1.26e-04 | wd=0.0000 | mom=0.9500 | T=6.0 k=3.5 (mu_rec=8 mu_bwd=4) | grad=4.750 | tok/s=24,690 | tokens=5.20B
step=158810 | loss=4.4563 | lr=1.26e-04 | wd=0.0000 | mom=0.9500 | T=12.2 k=4.0 (mu_rec=8 mu_bwd=4) | grad=4.062 | tok/s=22,154 | tokens=5.20B
step=158820 | loss=4.4244 | lr=1.27e-04 | wd=0.0000 | mom=0.9500 | T=7.0 k=3.8 (mu_rec=8 mu_bwd=4) | grad=12.812 | tok/s=23,270 | tokens=5.20B
step=158830 | loss=4.3460 | lr=1.27e-04 | wd=0.0000 | mom=0.9500 | T=7.5 k=4.0 (mu_rec=8 mu_bwd=4) | grad=3.875 | tok/s=24,486 | tokens=5.20B
step=158840 | loss=3.8030 | lr=1.27e-04 | wd=0.0000 | mom=0.9500 | T=7.2 k=4.0 (mu_rec=8 mu_bwd=4) | grad=19.875 | tok/s=22,869 | tokens=5.20B
step=158850 | loss=4.1243 | lr=1.28e-04 | wd=0.0000 | mom=0.9500 | T=6.5 k=3.5 (mu_rec=8 mu_bwd=4) | grad=5.219 | tok/s=23,199 | tokens=5.21B
step=158860 | loss=3.9547 | lr=1.28e-04 | wd=0.0000 | mom=0.9500 | T=7.5 k=3.2 (mu_rec=8 mu_bwd=4) | grad=4.406 | tok/s=26,068 | tokens=5.21B
step=158870 | loss=3.7186 | lr=1.28e-04 | wd=0.0000 | mom=0.9500 | T=7.0 k=3.5 (mu_rec=8 mu_bwd=4) | grad=5.156 | tok/s=23,418 | tokens=5.21B
step=158880 | loss=4.0748 | lr=1.28e-04 | wd=0.0000 | mom=0.9500 | T=7.2 k=4.0 (mu_rec=8 mu_bwd=4) | grad=4.469 | tok/s=21,351 | tokens=5.21B
step=158890 | loss=4.0803 | lr=1.29e-04 | wd=0.0000 | mom=0.9500 | T=9.8 k=4.0 (mu_rec=8 mu_bwd=4) | grad=5.625 | tok/s=25,044 | tokens=5.21B
step=158900 | loss=4.1563 | lr=1.29e-04 | wd=0.0000 | mom=0.9500 | T=6.2 k=4.0 (mu_rec=8 mu_bwd=4) | grad=4.312 | tok/s=22,461 | tokens=5.21B
step=158910 | loss=4.1973 | lr=1.29e-04 | wd=0.0000 | mom=0.9500 | T=9.8 k=4.0 (mu_rec=8 mu_bwd=4) | grad=4.312 | tok/s=21,325 | tokens=5.21B
step=158920 | loss=4.5972 | lr=1.29e-04 | wd=0.0000 | mom=0.9500 | T=6.2 k=4.0 (mu_rec=8 mu_bwd=4) | grad=3.922 | tok/s=23,590 | tokens=5.21B
step=158930 | loss=4.6880 | lr=1.30e-04 | wd=0.0000 | mom=0.9500 | T=15.0 k=3.2 (mu_rec=8 mu_bwd=4) | grad=5.438 | tok/s=21,936 | tokens=5.21B
step=158940 | loss=4.3229 | lr=1.30e-04 | wd=0.0000 | mom=0.9500 | T=5.2 k=3.5 (mu_rec=8 mu_bwd=4) | grad=4.188 | tok/s=25,658 | tokens=5.21B
step=158950 | loss=3.9524 | lr=1.30e-04 | wd=0.0000 | mom=0.9500 | T=8.0 k=4.0 (mu_rec=8 mu_bwd=4) | grad=4.094 | tok/s=21,753 | tokens=5.21B
step=158960 | loss=3.8824 | lr=1.30e-04 | wd=0.0000 | mom=0.9500 | T=6.8 k=4.0 (mu_rec=8 mu_bwd=4) | grad=3.562 | tok/s=23,752 | tokens=5.21B
step=158970 | loss=4.2508 | lr=1.31e-04 | wd=0.0000 | mom=0.9500 | T=9.8 k=3.8 (mu_rec=8 mu_bwd=4) | grad=6.281 | tok/s=22,847 | tokens=5.21B
step=158980 | loss=3.9304 | lr=1.31e-04 | wd=0.0000 | mom=0.9500 | T=6.2 k=3.8 (mu_rec=8 mu_bwd=4) | grad=6.156 | tok/s=24,543 | tokens=5.21B
step=158990 | loss=4.0460 | lr=1.31e-04 | wd=0.0000 | mom=0.9500 | T=7.8 k=3.2 (mu_rec=8 mu_bwd=4) | grad=9.438 | tok/s=25,208 | tokens=5.21B
step=159000 | loss=3.7141 | lr=1.32e-04 | wd=0.0000 | mom=0.9500 | T=7.0 k=4.0 (mu_rec=8 mu_bwd=4) | grad=4.938 | tok/s=24,328 | tokens=5.21B
step=159010 | loss=3.8638 | lr=1.32e-04 | wd=0.0000 | mom=0.9500 | T=8.8 k=4.0 (mu_rec=8 mu_bwd=4) | grad=4.906 | tok/s=24,489 | tokens=5.21B
step=159020 | loss=4.0212 | lr=1.32e-04 | wd=0.0000 | mom=0.9500 | T=9.2 k=4.0 (mu_rec=8 mu_bwd=4) | grad=3.922 | tok/s=24,182 | tokens=5.21B
step=159030 | loss=4.1708 | lr=1.32e-04 | wd=0.0000 | mom=0.9500 | T=8.0 k=3.8 (mu_rec=8 mu_bwd=4) | grad=4.531 | tok/s=26,367 | tokens=5.21B
step=159040 | loss=4.0233 | lr=1.33e-04 | wd=0.0000 | mom=0.9500 | T=8.0 k=3.5 (mu_rec=8 mu_bwd=4) | grad=12.688 | tok/s=23,171 | tokens=5.21B
step=159050 | loss=3.9113 | lr=1.33e-04 | wd=0.0000 | mom=0.9500 | T=9.2 k=4.0 (mu_rec=8 mu_bwd=4) | grad=5.562 | tok/s=22,478 | tokens=5.21B
step=159060 | loss=3.8550 | lr=1.33e-04 | wd=0.0000 | mom=0.9500 | T=5.5 k=3.5 (mu_rec=8 mu_bwd=4) | grad=8.750 | tok/s=24,232 | tokens=5.21B
step=159070 | loss=4.0884 | lr=1.33e-04 | wd=0.0000 | mom=0.9500 | T=6.0 k=3.5 (mu_rec=8 mu_bwd=4) | grad=3.297 | tok/s=26,084 | tokens=5.21B
step=159080 | loss=4.1649 | lr=1.34e-04 | wd=0.0000 | mom=0.9500 | T=11.2 k=4.0 (mu_rec=8 mu_bwd=4) | grad=4.719 | tok/s=24,008 | tokens=5.21B
step=159090 | loss=3.9120 | lr=1.34e-04 | wd=0.0000 | mom=0.9500 | T=9.2 k=4.0 (mu_rec=8 mu_bwd=4) | grad=8.188 | tok/s=24,399 | tokens=5.21B
step=159100 | loss=3.9722 | lr=1.34e-04 | wd=0.0000 | mom=0.9500 | T=9.8 k=4.0 (mu_rec=8 mu_bwd=4) | grad=3.625 | tok/s=23,865 | tokens=5.21B
step=159110 | loss=4.2739 | lr=1.34e-04 | wd=0.0000 | mom=0.9500 | T=7.0 k=3.2 (mu_rec=8 mu_bwd=4) | grad=4.531 | tok/s=25,405 | tokens=5.21B
step=159120 | loss=3.9658 | lr=1.35e-04 | wd=0.0000 | mom=0.9500 | T=12.0 k=3.2 (mu_rec=8 mu_bwd=4) | grad=4.562 | tok/s=23,776 | tokens=5.21B
step=159130 | loss=4.1497 | lr=1.35e-04 | wd=0.0000 | mom=0.9500 | T=6.5 k=4.0 (mu_rec=8 mu_bwd=4) | grad=4.250 | tok/s=25,520 | tokens=5.21B
step=159140 | loss=4.1479 | lr=1.35e-04 | wd=0.0000 | mom=0.9500 | T=9.8 k=3.8 (mu_rec=8 mu_bwd=4) | grad=3.922 | tok/s=22,525 | tokens=5.21B
step=159150 | loss=4.1900 | lr=1.36e-04 | wd=0.0000 | mom=0.9500 | T=7.2 k=4.0 (mu_rec=8 mu_bwd=4) | grad=4.594 | tok/s=22,954 | tokens=5.22B
step=159160 | loss=4.2241 | lr=1.36e-04 | wd=0.0000 | mom=0.9500 | T=11.8 k=4.0 (mu_rec=8 mu_bwd=4) | grad=5.219 | tok/s=25,632 | tokens=5.22B
step=159170 | loss=3.8701 | lr=1.36e-04 | wd=0.0000 | mom=0.9500 | T=7.0 k=4.0 (mu_rec=8 mu_bwd=4) | grad=3.953 | tok/s=23,129 | tokens=5.22B
step=159180 | loss=4.0568 | lr=1.36e-04 | wd=0.0000 | mom=0.9500 | T=8.5 k=4.0 (mu_rec=8 mu_bwd=4) | grad=6.156 | tok/s=23,628 | tokens=5.22B
step=159190 | loss=4.1999 | lr=1.37e-04 | wd=0.0000 | mom=0.9500 | T=4.2 k=4.0 (mu_rec=8 mu_bwd=4) | grad=6.344 | tok/s=25,117 | tokens=5.22B
step=159200 | loss=3.9635 | lr=1.37e-04 | wd=0.0000 | mom=0.9500 | T=8.0 k=4.0 (mu_rec=8 mu_bwd=4) | grad=4.969 | tok/s=23,711 | tokens=5.22B
step=159210 | loss=4.0447 | lr=1.37e-04 | wd=0.0000 | mom=0.9500 | T=14.2 k=3.5 (mu_rec=8 mu_bwd=4) | grad=4.469 | tok/s=21,699 | tokens=5.22B
step=159220 | loss=3.8296 | lr=1.37e-04 | wd=0.0000 | mom=0.9500 | T=5.0 k=3.8 (mu_rec=8 mu_bwd=4) | grad=21.250 | tok/s=24,670 | tokens=5.22B
step=159230 | loss=3.9914 | lr=1.38e-04 | wd=0.0000 | mom=0.9500 | T=7.0 k=3.8 (mu_rec=8 mu_bwd=4) | grad=3.750 | tok/s=24,057 | tokens=5.22B
step=159240 | loss=4.0921 | lr=1.38e-04 | wd=0.0000 | mom=0.9500 | T=14.2 k=3.5 (mu_rec=8 mu_bwd=4) | grad=4.656 | tok/s=23,255 | tokens=5.22B
step=159250 | loss=4.0293 | lr=1.38e-04 | wd=0.0000 | mom=0.9500 | T=6.8 k=4.0 (mu_rec=8 mu_bwd=4) | grad=4.500 | tok/s=26,767 | tokens=5.22B
step=159260 | loss=3.7972 | lr=1.39e-04 | wd=0.0000 | mom=0.9500 | T=10.5 k=4.0 (mu_rec=8 mu_bwd=4) | grad=5.062 | tok/s=24,454 | tokens=5.22B
step=159270 | loss=4.0768 | lr=1.39e-04 | wd=0.0000 | mom=0.9500 | T=7.5 k=3.2 (mu_rec=8 mu_bwd=4) | grad=4.625 | tok/s=25,072 | tokens=5.22B
step=159280 | loss=4.1106 | lr=1.39e-04 | wd=0.0000 | mom=0.9500 | T=5.0 k=3.8 (mu_rec=8 mu_bwd=4) | grad=3.547 | tok/s=23,042 | tokens=5.22B
step=159290 | loss=3.9610 | lr=1.39e-04 | wd=0.0000 | mom=0.9500 | T=12.0 k=3.8 (mu_rec=8 mu_bwd=4) | grad=3.281 | tok/s=24,614 | tokens=5.22B
step=159300 | loss=3.8521 | lr=1.40e-04 | wd=0.0000 | mom=0.9500 | T=6.0 k=3.8 (mu_rec=8 mu_bwd=4) | grad=3.750 | tok/s=22,666 | tokens=5.22B
step=159310 | loss=3.9129 | lr=1.40e-04 | wd=0.0000 | mom=0.9500 | T=5.2 k=3.8 (mu_rec=8 mu_bwd=4) | grad=3.438 | tok/s=24,837 | tokens=5.22B
step=159320 | loss=4.1646 | lr=1.40e-04 | wd=0.0000 | mom=0.9500 | T=6.8 k=3.8 (mu_rec=8 mu_bwd=4) | grad=4.406 | tok/s=24,126 | tokens=5.22B
step=159330 | loss=4.0712 | lr=1.40e-04 | wd=0.0000 | mom=0.9500 | T=9.2 k=4.0 (mu_rec=8 mu_bwd=4) | grad=4.438 | tok/s=23,832 | tokens=5.22B
step=159340 | loss=4.0668 | lr=1.41e-04 | wd=0.0000 | mom=0.9500 | T=12.8 k=4.0 (mu_rec=8 mu_bwd=4) | grad=5.719 | tok/s=21,848 | tokens=5.22B
step=159350 | loss=4.0446 | lr=1.41e-04 | wd=0.0000 | mom=0.9500 | T=13.5 k=4.0 (mu_rec=8 mu_bwd=4) | grad=4.125 | tok/s=23,131 | tokens=5.22B
step=159360 | loss=3.8625 | lr=1.41e-04 | wd=0.0000 | mom=0.9500 | T=11.8 k=4.0 (mu_rec=8 mu_bwd=4) | grad=5.062 | tok/s=24,478 | tokens=5.22B
step=159370 | loss=3.9289 | lr=1.42e-04 | wd=0.0000 | mom=0.9500 | T=5.8 k=3.8 (mu_rec=8 mu_bwd=4) | grad=6.125 | tok/s=22,577 | tokens=5.22B
step=159380 | loss=3.8372 | lr=1.42e-04 | wd=0.0000 | mom=0.9500 | T=5.2 k=3.2 (mu_rec=8 mu_bwd=4) | grad=3.672 | tok/s=23,231 | tokens=5.22B
step=159390 | loss=4.1953 | lr=1.42e-04 | wd=0.0000 | mom=0.9500 | T=12.0 k=4.0 (mu_rec=8 mu_bwd=4) | grad=4.656 | tok/s=22,392 | tokens=5.22B
step=159400 | loss=3.8310 | lr=1.42e-04 | wd=0.0000 | mom=0.9500 | T=7.5 k=3.5 (mu_rec=8 mu_bwd=4) | grad=8.625 | tok/s=22,674 | tokens=5.22B
step=159410 | loss=3.9899 | lr=1.43e-04 | wd=0.0000 | mom=0.9500 | T=7.5 k=4.0 (mu_rec=8 mu_bwd=4) | grad=3.875 | tok/s=24,772 | tokens=5.22B
step=159420 | loss=3.9580 | lr=1.43e-04 | wd=0.0000 | mom=0.9500 | T=13.0 k=3.8 (mu_rec=8 mu_bwd=4) | grad=4.969 | tok/s=23,693 | tokens=5.22B
step=159430 | loss=4.2671 | lr=1.43e-04 | wd=0.0000 | mom=0.9500 | T=5.5 k=3.2 (mu_rec=8 mu_bwd=4) | grad=3.797 | tok/s=25,095 | tokens=5.22B
step=159440 | loss=4.4556 | lr=1.43e-04 | wd=0.0000 | mom=0.9500 | T=5.2 k=3.5 (mu_rec=8 mu_bwd=4) | grad=5.125 | tok/s=25,020 | tokens=5.22B
step=159450 | loss=4.0980 | lr=1.44e-04 | wd=0.0000 | mom=0.9500 | T=9.0 k=4.0 (mu_rec=8 mu_bwd=4) | grad=6.938 | tok/s=23,021 | tokens=5.22B
step=159460 | loss=4.0587 | lr=1.44e-04 | wd=0.0000 | mom=0.9500 | T=7.8 k=4.0 (mu_rec=8 mu_bwd=4) | grad=7.000 | tok/s=23,166 | tokens=5.23B
step=159470 | loss=3.7205 | lr=1.44e-04 | wd=0.0000 | mom=0.9500 | T=10.8 k=4.0 (mu_rec=8 mu_bwd=4) | grad=3.906 | tok/s=21,833 | tokens=5.23B
step=159480 | loss=3.9499 | lr=1.45e-04 | wd=0.0000 | mom=0.9500 | T=8.2 k=3.5 (mu_rec=8 mu_bwd=4) | grad=3.344 | tok/s=23,504 | tokens=5.23B
step=159490 | loss=4.0927 | lr=1.45e-04 | wd=0.0000 | mom=0.9500 | T=9.0 k=3.8 (mu_rec=8 mu_bwd=4) | grad=3.203 | tok/s=9,680 | tokens=5.23B
step=159500 | loss=4.1583 | lr=1.45e-04 | wd=0.0000 | mom=0.9500 | T=5.8 k=3.8 (mu_rec=8 mu_bwd=4) | grad=4.156 | tok/s=23,097 | tokens=5.23B
step=159510 | loss=4.1521 | lr=1.45e-04 | wd=0.0000 | mom=0.9500 | T=9.8 k=4.0 (mu_rec=8 mu_bwd=4) | grad=3.250 | tok/s=22,619 | tokens=5.23B
step=159520 | loss=3.9634 | lr=1.46e-04 | wd=0.0000 | mom=0.9500 | T=9.5 k=4.0 (mu_rec=8 mu_bwd=4) | grad=4.500 | tok/s=24,781 | tokens=5.23B
step=159530 | loss=4.0817 | lr=1.46e-04 | wd=0.0000 | mom=0.9500 | T=6.8 k=3.2 (mu_rec=8 mu_bwd=4) | grad=4.781 | tok/s=24,771 | tokens=5.23B
step=159540 | loss=4.3011 | lr=1.46e-04 | wd=0.0000 | mom=0.9500 | T=6.5 k=3.2 (mu_rec=8 mu_bwd=4) | grad=4.156 | tok/s=25,987 | tokens=5.23B
step=159550 | loss=4.1289 | lr=1.47e-04 | wd=0.0000 | mom=0.9500 | T=12.0 k=4.0 (mu_rec=8 mu_bwd=4) | grad=4.219 | tok/s=24,532 | tokens=5.23B
step=159560 | loss=4.2843 | lr=1.47e-04 | wd=0.0000 | mom=0.9500 | T=5.0 k=4.0 (mu_rec=8 mu_bwd=4) | grad=4.938 | tok/s=23,036 | tokens=5.23B
step=159570 | loss=4.0838 | lr=1.47e-04 | wd=0.0000 | mom=0.9500 | T=9.0 k=3.5 (mu_rec=8 mu_bwd=4) | grad=4.312 | tok/s=9,124 | tokens=5.23B
step=159580 | loss=4.0006 | lr=1.47e-04 | wd=0.0000 | mom=0.9500 | T=9.5 k=3.8 (mu_rec=8 mu_bwd=4) | grad=4.562 | tok/s=23,989 | tokens=5.23B
step=159590 | loss=3.9917 | lr=1.48e-04 | wd=0.0000 | mom=0.9500 | T=8.2 k=4.0 (mu_rec=8 mu_bwd=4) | grad=4.781 | tok/s=23,243 | tokens=5.23B
step=159600 | loss=3.9310 | lr=1.48e-04 | wd=0.0000 | mom=0.9500 | T=12.2 k=4.0 (mu_rec=8 mu_bwd=4) | grad=4.438 | tok/s=24,749 | tokens=5.23B
step=159610 | loss=4.1658 | lr=1.48e-04 | wd=0.0000 | mom=0.9500 | T=9.2 k=4.0 (mu_rec=8 mu_bwd=4) | grad=3.406 | tok/s=22,952 | tokens=5.23B
step=159620 | loss=3.9956 | lr=1.48e-04 | wd=0.0000 | mom=0.9500 | T=10.2 k=4.0 (mu_rec=8 mu_bwd=4) | grad=3.297 | tok/s=23,331 | tokens=5.23B
step=159630 | loss=4.0306 | lr=1.49e-04 | wd=0.0000 | mom=0.9500 | T=11.8 k=4.0 (mu_rec=8 mu_bwd=4) | grad=16.500 | tok/s=22,905 | tokens=5.23B
step=159640 | loss=3.9255 | lr=1.49e-04 | wd=0.0000 | mom=0.9500 | T=10.2 k=4.0 (mu_rec=8 mu_bwd=4) | grad=3.891 | tok/s=23,587 | tokens=5.23B
step=159650 | loss=4.0824 | lr=1.49e-04 | wd=0.0000 | mom=0.9500 | T=6.0 k=3.8 (mu_rec=8 mu_bwd=4) | grad=3.328 | tok/s=23,858 | tokens=5.23B
step=159660 | loss=3.7719 | lr=1.50e-04 | wd=0.0000 | mom=0.9500 | T=10.2 k=4.0 (mu_rec=8 mu_bwd=4) | grad=9.688 | tok/s=23,802 | tokens=5.23B
step=159670 | loss=4.0135 | lr=1.50e-04 | wd=0.0000 | mom=0.9500 | T=4.8 k=3.0 (mu_rec=8 mu_bwd=4) | grad=4.969 | tok/s=25,352 | tokens=5.23B
step=159680 | loss=3.8850 | lr=1.50e-04 | wd=0.0000 | mom=0.9500 | T=4.2 k=3.2 (mu_rec=8 mu_bwd=4) | grad=3.578 | tok/s=25,206 | tokens=5.23B
step=159690 | loss=4.0019 | lr=1.50e-04 | wd=0.0000 | mom=0.9500 | T=4.0 k=3.0 (mu_rec=8 mu_bwd=4) | grad=3.625 | tok/s=23,457 | tokens=5.23B
step=159700 | loss=4.1706 | lr=1.51e-04 | wd=0.0000 | mom=0.9500 | T=5.5 k=3.5 (mu_rec=8 mu_bwd=4) | grad=3.469 | tok/s=22,952 | tokens=5.23B
step=159710 | loss=3.8518 | lr=1.51e-04 | wd=0.0000 | mom=0.9500 | T=11.0 k=4.0 (mu_rec=8 mu_bwd=4) | grad=4.219 | tok/s=22,903 | tokens=5.23B
step=159720 | loss=4.4210 | lr=1.51e-04 | wd=0.0000 | mom=0.9500 | T=3.2 k=3.0 (mu_rec=8 mu_bwd=4) | grad=5.219 | tok/s=25,404 | tokens=5.23B
step=159730 | loss=4.0633 | lr=1.51e-04 | wd=0.0000 | mom=0.9500 | T=9.8 k=4.0 (mu_rec=8 mu_bwd=4) | grad=4.125 | tok/s=24,608 | tokens=5.23B
step=159740 | loss=3.7137 | lr=1.52e-04 | wd=0.0000 | mom=0.9500 | T=12.2 k=4.0 (mu_rec=8 mu_bwd=4) | grad=4.094 | tok/s=21,695 | tokens=5.23B
step=159750 | loss=4.3022 | lr=1.52e-04 | wd=0.0000 | mom=0.9500 | T=7.8 k=3.8 (mu_rec=8 mu_bwd=4) | grad=5.812 | tok/s=23,695 | tokens=5.23B
step=159760 | loss=4.0324 | lr=1.52e-04 | wd=0.0000 | mom=0.9500 | T=11.8 k=3.8 (mu_rec=8 mu_bwd=4) | grad=3.984 | tok/s=24,003 | tokens=5.24B
step=159770 | loss=4.2441 | lr=1.53e-04 | wd=0.0000 | mom=0.9500 | T=8.0 k=3.8 (mu_rec=8 mu_bwd=4) | grad=8.375 | tok/s=24,163 | tokens=5.24B
step=159780 | loss=3.9080 | lr=1.53e-04 | wd=0.0000 | mom=0.9500 | T=8.5 k=3.8 (mu_rec=8 mu_bwd=4) | grad=4.250 | tok/s=22,224 | tokens=5.24B
step=159790 | loss=3.9942 | lr=1.53e-04 | wd=0.0000 | mom=0.9500 | T=4.8 k=3.5 (mu_rec=8 mu_bwd=4) | grad=5.000 | tok/s=23,283 | tokens=5.24B
step=159800 | loss=3.9612 | lr=1.53e-04 | wd=0.0000 | mom=0.9500 | T=12.0 k=4.0 (mu_rec=8 mu_bwd=4) | grad=3.781 | tok/s=23,264 | tokens=5.24B
step=159810 | loss=3.8543 | lr=1.54e-04 | wd=0.0000 | mom=0.9500 | T=6.8 k=4.0 (mu_rec=8 mu_bwd=4) | grad=3.703 | tok/s=24,841 | tokens=5.24B
step=159820 | loss=4.1568 | lr=1.54e-04 | wd=0.0000 | mom=0.9500 | T=7.2 k=3.2 (mu_rec=8 mu_bwd=4) | grad=5.000 | tok/s=25,108 | tokens=5.24B
step=159830 | loss=4.4962 | lr=1.54e-04 | wd=0.0000 | mom=0.9500 | T=7.8 k=4.0 (mu_rec=8 mu_bwd=4) | grad=4.031 | tok/s=22,820 | tokens=5.24B
step=159840 | loss=4.2966 | lr=1.55e-04 | wd=0.0000 | mom=0.9500 | T=6.5 k=2.8 (mu_rec=8 mu_bwd=4) | grad=5.125 | tok/s=23,121 | tokens=5.24B
step=159850 | loss=3.9717 | lr=1.55e-04 | wd=0.0000 | mom=0.9500 | T=12.8 k=4.0 (mu_rec=8 mu_bwd=4) | grad=5.344 | tok/s=23,242 | tokens=5.24B
step=159860 | loss=3.8903 | lr=1.55e-04 | wd=0.0000 | mom=0.9500 | T=5.8 k=3.5 (mu_rec=8 mu_bwd=4) | grad=4.000 | tok/s=24,159 | tokens=5.24B
step=159870 | loss=3.7721 | lr=1.55e-04 | wd=0.0000 | mom=0.9500 | T=4.5 k=3.0 (mu_rec=8 mu_bwd=4) | grad=4.125 | tok/s=24,135 | tokens=5.24B
step=159880 | loss=4.4054 | lr=1.56e-04 | wd=0.0000 | mom=0.9500 | T=8.2 k=4.0 (mu_rec=8 mu_bwd=4) | grad=5.000 | tok/s=22,375 | tokens=5.24B
step=159890 | loss=4.1511 | lr=1.56e-04 | wd=0.0000 | mom=0.9500 | T=10.5 k=4.0 (mu_rec=8 mu_bwd=4) | grad=4.875 | tok/s=23,675 | tokens=5.24B
step=159900 | loss=3.8243 | lr=1.56e-04 | wd=0.0000 | mom=0.9500 | T=3.2 k=2.5 (mu_rec=8 mu_bwd=4) | grad=16.000 | tok/s=22,544 | tokens=5.24B
step=159910 | loss=4.2259 | lr=1.56e-04 | wd=0.0000 | mom=0.9500 | T=7.2 k=4.0 (mu_rec=8 mu_bwd=4) | grad=6.156 | tok/s=22,937 | tokens=5.24B
step=159920 | loss=3.9581 | lr=1.57e-04 | wd=0.0000 | mom=0.9500 | T=10.2 k=3.5 (mu_rec=8 mu_bwd=4) | grad=3.703 | tok/s=22,955 | tokens=5.24B
step=159930 | loss=3.7738 | lr=1.57e-04 | wd=0.0000 | mom=0.9500 | T=4.8 k=3.2 (mu_rec=8 mu_bwd=4) | grad=4.594 | tok/s=23,847 | tokens=5.24B
step=159940 | loss=3.9304 | lr=1.57e-04 | wd=0.0000 | mom=0.9500 | T=9.0 k=4.0 (mu_rec=8 mu_bwd=4) | grad=6.875 | tok/s=23,259 | tokens=5.24B
step=159950 | loss=4.2050 | lr=1.58e-04 | wd=0.0000 | mom=0.9500 | T=2.2 k=2.2 (mu_rec=8 mu_bwd=4) | grad=6.062 | tok/s=23,396 | tokens=5.24B
step=159960 | loss=4.1740 | lr=1.58e-04 | wd=0.0000 | mom=0.9500 | T=7.0 k=3.2 (mu_rec=8 mu_bwd=4) | grad=4.719 | tok/s=25,096 | tokens=5.24B
step=159970 | loss=4.0162 | lr=1.58e-04 | wd=0.0000 | mom=0.9500 | T=7.5 k=3.8 (mu_rec=8 mu_bwd=4) | grad=3.922 | tok/s=23,552 | tokens=5.24B
step=159980 | loss=4.1496 | lr=1.58e-04 | wd=0.0000 | mom=0.9500 | T=6.0 k=4.0 (mu_rec=8 mu_bwd=4) | grad=4.500 | tok/s=24,177 | tokens=5.24B
step=159990 | loss=3.8829 | lr=1.59e-04 | wd=0.0000 | mom=0.9500 | T=17.0 k=3.2 (mu_rec=8 mu_bwd=4) | grad=4.125 | tok/s=23,649 | tokens=5.24B
step=160000 | loss=3.9965 | lr=1.59e-04 | wd=0.0000 | mom=0.9500 | T=6.8 k=3.8 (mu_rec=8 mu_bwd=4) | grad=4.562 | tok/s=24,626 | tokens=5.24B
[step 160000] Saved -> runs/cortex-5b-k4/checkpoint_0160000
[step 160000] Pruned -> runs/cortex-5b-k4/checkpoint_0154000
step=160010 | loss=3.9918 | lr=1.59e-04 | wd=0.0000 | mom=0.9500 | T=3.8 k=3.5 (mu_rec=8 mu_bwd=4) | grad=6.906 | tok/s=23,377 | tokens=5.24B
step=160020 | loss=3.8855 | lr=1.60e-04 | wd=0.0000 | mom=0.9500 | T=6.8 k=4.0 (mu_rec=8 mu_bwd=4) | grad=3.797 | tok/s=23,980 | tokens=5.24B
step=160030 | loss=4.0459 | lr=1.60e-04 | wd=0.0000 | mom=0.9500 | T=5.0 k=3.8 (mu_rec=8 mu_bwd=4) | grad=4.688 | tok/s=23,432 | tokens=5.24B
step=160040 | loss=4.0678 | lr=1.60e-04 | wd=0.0000 | mom=0.9500 | T=5.2 k=4.0 (mu_rec=8 mu_bwd=4) | grad=3.453 | tok/s=24,982 | tokens=5.24B
step=160050 | loss=4.0618 | lr=1.60e-04 | wd=0.0000 | mom=0.9500 | T=6.0 k=4.0 (mu_rec=8 mu_bwd=4) | grad=3.812 | tok/s=23,861 | tokens=5.24B
step=160060 | loss=3.6958 | lr=1.61e-04 | wd=0.0000 | mom=0.9500 | T=6.5 k=4.0 (mu_rec=8 mu_bwd=4) | grad=4.562 | tok/s=24,080 | tokens=5.24B
step=160070 | loss=3.5424 | lr=1.61e-04 | wd=0.0000 | mom=0.9500 | T=7.8 k=4.0 (mu_rec=8 mu_bwd=4) | grad=3.656 | tok/s=24,452 | tokens=5.25B
step=160080 | loss=4.3880 | lr=1.61e-04 | wd=0.0000 | mom=0.9500 | T=7.0 k=3.8 (mu_rec=8 mu_bwd=4) | grad=5.125 | tok/s=25,290 | tokens=5.25B
step=160090 | loss=4.2155 | lr=1.61e-04 | wd=0.0000 | mom=0.9500 | T=11.2 k=4.0 (mu_rec=8 mu_bwd=4) | grad=4.812 | tok/s=24,937 | tokens=5.25B
step=160100 | loss=3.9945 | lr=1.62e-04 | wd=0.0000 | mom=0.9500 | T=14.0 k=4.0 (mu_rec=8 mu_bwd=4) | grad=3.922 | tok/s=22,892 | tokens=5.25B
step=160110 | loss=3.8190 | lr=1.62e-04 | wd=0.0000 | mom=0.9500 | T=10.2 k=3.5 (mu_rec=8 mu_bwd=4) | grad=11.625 | tok/s=23,225 | tokens=5.25B
step=160120 | loss=4.3707 | lr=1.62e-04 | wd=0.0000 | mom=0.9500 | T=9.2 k=3.8 (mu_rec=8 mu_bwd=4) | grad=5.031 | tok/s=24,632 | tokens=5.25B
step=160130 | loss=4.2502 | lr=1.63e-04 | wd=0.0000 | mom=0.9500 | T=9.2 k=4.0 (mu_rec=8 mu_bwd=4) | grad=4.781 | tok/s=24,067 | tokens=5.25B
step=160140 | loss=4.0257 | lr=1.63e-04 | wd=0.0000 | mom=0.9500 | T=5.8 k=3.2 (mu_rec=8 mu_bwd=4) | grad=5.125 | tok/s=23,720 | tokens=5.25B
step=160150 | loss=4.0089 | lr=1.63e-04 | wd=0.0000 | mom=0.9500 | T=5.8 k=3.8 (mu_rec=8 mu_bwd=4) | grad=4.375 | tok/s=24,337 | tokens=5.25B
step=160160 | loss=4.1057 | lr=1.63e-04 | wd=0.0000 | mom=0.9500 | T=5.2 k=3.2 (mu_rec=8 mu_bwd=4) | grad=3.906 | tok/s=24,757 | tokens=5.25B
step=160170 | loss=4.2431 | lr=1.64e-04 | wd=0.0000 | mom=0.9500 | T=8.0 k=3.8 (mu_rec=8 mu_bwd=4) | grad=4.875 | tok/s=24,853 | tokens=5.25B
step=160180 | loss=3.9422 | lr=1.64e-04 | wd=0.0000 | mom=0.9500 | T=7.2 k=3.8 (mu_rec=8 mu_bwd=4) | grad=4.375 | tok/s=23,687 | tokens=5.25B
step=160190 | loss=3.9583 | lr=1.64e-04 | wd=0.0000 | mom=0.9500 | T=8.2 k=4.0 (mu_rec=8 mu_bwd=4) | grad=5.344 | tok/s=25,180 | tokens=5.25B
step=160200 | loss=3.9922 | lr=1.65e-04 | wd=0.0000 | mom=0.9500 | T=7.2 k=3.8 (mu_rec=8 mu_bwd=4) | grad=4.594 | tok/s=23,939 | tokens=5.25B
step=160210 | loss=4.1534 | lr=1.65e-04 | wd=0.0000 | mom=0.9500 | T=7.2 k=3.2 (mu_rec=8 mu_bwd=4) | grad=3.641 | tok/s=25,115 | tokens=5.25B
step=160220 | loss=4.1443 | lr=1.65e-04 | wd=0.0000 | mom=0.9500 | T=6.5 k=3.5 (mu_rec=8 mu_bwd=4) | grad=3.297 | tok/s=22,927 | tokens=5.25B
step=160230 | loss=4.2001 | lr=1.65e-04 | wd=0.0000 | mom=0.9500 | T=6.2 k=3.5 (mu_rec=8 mu_bwd=4) | grad=5.000 | tok/s=24,074 | tokens=5.25B
step=160240 | loss=4.1593 | lr=1.66e-04 | wd=0.0000 | mom=0.9500 | T=6.8 k=4.0 (mu_rec=8 mu_bwd=4) | grad=4.219 | tok/s=24,058 | tokens=5.25B
step=160250 | loss=3.9029 | lr=1.66e-04 | wd=0.0000 | mom=0.9500 | T=5.8 k=3.5 (mu_rec=8 mu_bwd=4) | grad=4.031 | tok/s=24,278 | tokens=5.25B
step=160260 | loss=4.4480 | lr=1.66e-04 | wd=0.0000 | mom=0.9500 | T=6.2 k=3.2 (mu_rec=8 mu_bwd=4) | grad=5.719 | tok/s=25,361 | tokens=5.25B
step=160270 | loss=4.1819 | lr=1.66e-04 | wd=0.0000 | mom=0.9500 | T=7.5 k=3.5 (mu_rec=8 mu_bwd=4) | grad=5.750 | tok/s=23,875 | tokens=5.25B
step=160280 | loss=4.1822 | lr=1.67e-04 | wd=0.0000 | mom=0.9500 | T=10.8 k=4.0 (mu_rec=8 mu_bwd=4) | grad=3.469 | tok/s=22,374 | tokens=5.25B
step=160290 | loss=4.0327 | lr=1.67e-04 | wd=0.0000 | mom=0.9500 | T=9.5 k=3.5 (mu_rec=8 mu_bwd=4) | grad=6.812 | tok/s=22,748 | tokens=5.25B
step=160300 | loss=3.8713 | lr=1.67e-04 | wd=0.0000 | mom=0.9500 | T=7.0 k=3.5 (mu_rec=8 mu_bwd=4) | grad=3.562 | tok/s=10,379 | tokens=5.25B
step=160310 | loss=3.8974 | lr=1.68e-04 | wd=0.0000 | mom=0.9500 | T=6.2 k=3.0 (mu_rec=8 mu_bwd=4) | grad=3.906 | tok/s=25,206 | tokens=5.25B
step=160320 | loss=4.1835 | lr=1.68e-04 | wd=0.0000 | mom=0.9500 | T=7.0 k=4.0 (mu_rec=8 mu_bwd=4) | grad=3.625 | tok/s=24,791 | tokens=5.25B
step=160330 | loss=4.4476 | lr=1.68e-04 | wd=0.0000 | mom=0.9500 | T=3.0 k=3.0 (mu_rec=8 mu_bwd=4) | grad=4.000 | tok/s=23,224 | tokens=5.25B
step=160340 | loss=3.9601 | lr=1.68e-04 | wd=0.0000 | mom=0.9500 | T=8.2 k=3.8 (mu_rec=8 mu_bwd=4) | grad=3.797 | tok/s=22,529 | tokens=5.25B
step=160350 | loss=4.1095 | lr=1.69e-04 | wd=0.0000 | mom=0.9500 | T=7.8 k=4.0 (mu_rec=8 mu_bwd=4) | grad=3.891 | tok/s=24,131 | tokens=5.25B
step=160360 | loss=4.4673 | lr=1.69e-04 | wd=0.0000 | mom=0.9500 | T=10.8 k=3.5 (mu_rec=8 mu_bwd=4) | grad=3.734 | tok/s=24,039 | tokens=5.25B
step=160370 | loss=4.3016 | lr=1.69e-04 | wd=0.0000 | mom=0.9500 | T=9.0 k=4.0 (mu_rec=8 mu_bwd=4) | grad=4.000 | tok/s=22,214 | tokens=5.26B
step=160380 | loss=3.9588 | lr=1.70e-04 | wd=0.0000 | mom=0.9500 | T=7.2 k=3.2 (mu_rec=8 mu_bwd=4) | grad=4.344 | tok/s=25,092 | tokens=5.26B
step=160390 | loss=4.1123 | lr=1.70e-04 | wd=0.0000 | mom=0.9500 | T=6.2 k=3.5 (mu_rec=8 mu_bwd=4) | grad=4.031 | tok/s=23,338 | tokens=5.26B
step=160400 | loss=4.0818 | lr=1.70e-04 | wd=0.0000 | mom=0.9500 | T=9.2 k=4.0 (mu_rec=8 mu_bwd=4) | grad=4.156 | tok/s=23,888 | tokens=5.26B
step=160410 | loss=4.0962 | lr=1.70e-04 | wd=0.0000 | mom=0.9500 | T=10.2 k=3.5 (mu_rec=8 mu_bwd=4) | grad=4.188 | tok/s=9,618 | tokens=5.26B
step=160420 | loss=3.9328 | lr=1.71e-04 | wd=0.0000 | mom=0.9500 | T=7.2 k=3.5 (mu_rec=8 mu_bwd=4) | grad=3.609 | tok/s=23,879 | tokens=5.26B
step=160430 | loss=4.1784 | lr=1.71e-04 | wd=0.0000 | mom=0.9500 | T=6.8 k=4.0 (mu_rec=8 mu_bwd=4) | grad=4.469 | tok/s=23,811 | tokens=5.26B
step=160440 | loss=4.0023 | lr=1.71e-04 | wd=0.0000 | mom=0.9500 | T=3.8 k=3.0 (mu_rec=8 mu_bwd=4) | grad=4.156 | tok/s=24,160 | tokens=5.26B
step=160450 | loss=3.9258 | lr=1.71e-04 | wd=0.0000 | mom=0.9500 | T=4.0 k=3.0 (mu_rec=8 mu_bwd=4) | grad=3.422 | tok/s=24,137 | tokens=5.26B
step=160460 | loss=4.1158 | lr=1.72e-04 | wd=0.0000 | mom=0.9500 | T=8.2 k=3.5 (mu_rec=8 mu_bwd=4) | grad=4.531 | tok/s=23,088 | tokens=5.26B
step=160470 | loss=4.2046 | lr=1.72e-04 | wd=0.0000 | mom=0.9500 | T=5.8 k=3.5 (mu_rec=8 mu_bwd=4) | grad=4.125 | tok/s=23,073 | tokens=5.26B
step=160480 | loss=3.9475 | lr=1.72e-04 | wd=0.0000 | mom=0.9500 | T=10.0 k=4.0 (mu_rec=8 mu_bwd=4) | grad=3.766 | tok/s=24,460 | tokens=5.26B
step=160490 | loss=4.1207 | lr=1.73e-04 | wd=0.0000 | mom=0.9500 | T=3.0 k=2.8 (mu_rec=8 mu_bwd=4) | grad=3.609 | tok/s=26,806 | tokens=5.26B
step=160500 | loss=3.8692 | lr=1.73e-04 | wd=0.0000 | mom=0.9500 | T=11.8 k=4.0 (mu_rec=8 mu_bwd=4) | grad=6.312 | tok/s=21,851 | tokens=5.26B
step=160510 | loss=4.2214 | lr=1.73e-04 | wd=0.0000 | mom=0.9500 | T=6.2 k=2.8 (mu_rec=8 mu_bwd=4) | grad=4.125 | tok/s=24,408 | tokens=5.26B
step=160520 | loss=4.1677 | lr=1.73e-04 | wd=0.0000 | mom=0.9500 | T=10.8 k=4.0 (mu_rec=8 mu_bwd=4) | grad=4.125 | tok/s=23,305 | tokens=5.26B
step=160530 | loss=4.1434 | lr=1.74e-04 | wd=0.0000 | mom=0.9500 | T=9.2 k=3.8 (mu_rec=8 mu_bwd=4) | grad=4.500 | tok/s=22,636 | tokens=5.26B
step=160540 | loss=4.1989 | lr=1.74e-04 | wd=0.0000 | mom=0.9500 | T=6.2 k=4.0 (mu_rec=8 mu_bwd=4) | grad=4.156 | tok/s=23,073 | tokens=5.26B
step=160550 | loss=4.2545 | lr=1.74e-04 | wd=0.0000 | mom=0.9500 | T=8.8 k=3.5 (mu_rec=8 mu_bwd=4) | grad=3.984 | tok/s=23,943 | tokens=5.26B
step=160560 | loss=4.0081 | lr=1.75e-04 | wd=0.0000 | mom=0.9500 | T=9.2 k=3.8 (mu_rec=8 mu_bwd=4) | grad=3.734 | tok/s=22,492 | tokens=5.26B
step=160570 | loss=4.0753 | lr=1.75e-04 | wd=0.0000 | mom=0.9500 | T=6.2 k=2.8 (mu_rec=8 mu_bwd=4) | grad=3.922 | tok/s=23,641 | tokens=5.26B
step=160580 | loss=4.0462 | lr=1.75e-04 | wd=0.0000 | mom=0.9500 | T=7.8 k=3.5 (mu_rec=8 mu_bwd=4) | grad=3.984 | tok/s=23,800 | tokens=5.26B
step=160590 | loss=3.9732 | lr=1.75e-04 | wd=0.0000 | mom=0.9500 | T=10.0 k=4.0 (mu_rec=8 mu_bwd=4) | grad=5.156 | tok/s=23,983 | tokens=5.26B
step=160600 | loss=4.1792 | lr=1.76e-04 | wd=0.0000 | mom=0.9500 | T=10.8 k=4.0 (mu_rec=8 mu_bwd=4) | grad=5.094 | tok/s=24,568 | tokens=5.26B
step=160610 | loss=4.2708 | lr=1.76e-04 | wd=0.0000 | mom=0.9500 | T=10.5 k=4.0 (mu_rec=8 mu_bwd=4) | grad=11.250 | tok/s=23,396 | tokens=5.26B
step=160620 | loss=3.8814 | lr=1.76e-04 | wd=0.0000 | mom=0.9500 | T=7.5 k=3.8 (mu_rec=8 mu_bwd=4) | grad=5.031 | tok/s=23,286 | tokens=5.26B
step=160630 | loss=4.0858 | lr=1.76e-04 | wd=0.0000 | mom=0.9500 | T=9.2 k=3.5 (mu_rec=8 mu_bwd=4) | grad=6.750 | tok/s=24,338 | tokens=5.26B
step=160640 | loss=3.8953 | lr=1.77e-04 | wd=0.0000 | mom=0.9500 | T=5.8 k=3.8 (mu_rec=8 mu_bwd=4) | grad=6.344 | tok/s=23,869 | tokens=5.26B
step=160650 | loss=4.0488 | lr=1.77e-04 | wd=0.0000 | mom=0.9500 | T=14.2 k=4.0 (mu_rec=8 mu_bwd=4) | grad=4.438 | tok/s=22,234 | tokens=5.26B
step=160660 | loss=4.0487 | lr=1.77e-04 | wd=0.0000 | mom=0.9500 | T=9.5 k=4.0 (mu_rec=8 mu_bwd=4) | grad=4.156 | tok/s=23,616 | tokens=5.26B
step=160670 | loss=4.0351 | lr=1.78e-04 | wd=0.0000 | mom=0.9500 | T=10.2 k=4.0 (mu_rec=8 mu_bwd=4) | grad=4.062 | tok/s=23,005 | tokens=5.26B
step=160680 | loss=4.3300 | lr=1.78e-04 | wd=0.0000 | mom=0.9500 | T=5.0 k=3.5 (mu_rec=8 mu_bwd=4) | grad=5.500 | tok/s=23,578 | tokens=5.27B
step=160690 | loss=4.4999 | lr=1.78e-04 | wd=0.0000 | mom=0.9500 | T=5.0 k=4.0 (mu_rec=8 mu_bwd=4) | grad=4.625 | tok/s=25,664 | tokens=5.27B
step=160700 | loss=4.0171 | lr=1.78e-04 | wd=0.0000 | mom=0.9500 | T=8.2 k=4.0 (mu_rec=8 mu_bwd=4) | grad=5.562 | tok/s=24,129 | tokens=5.27B
step=160710 | loss=4.2212 | lr=1.79e-04 | wd=0.0000 | mom=0.9500 | T=6.5 k=3.8 (mu_rec=8 mu_bwd=4) | grad=6.125 | tok/s=25,043 | tokens=5.27B
step=160720 | loss=4.1113 | lr=1.79e-04 | wd=0.0000 | mom=0.9500 | T=5.8 k=4.0 (mu_rec=8 mu_bwd=4) | grad=4.375 | tok/s=23,374 | tokens=5.27B
step=160730 | loss=4.1340 | lr=1.79e-04 | wd=0.0000 | mom=0.9500 | T=5.8 k=4.0 (mu_rec=8 mu_bwd=4) | grad=4.875 | tok/s=25,225 | tokens=5.27B
step=160740 | loss=3.6685 | lr=1.80e-04 | wd=0.0000 | mom=0.9500 | T=14.8 k=4.0 (mu_rec=8 mu_bwd=4) | grad=4.312 | tok/s=21,461 | tokens=5.27B
step=160750 | loss=3.9878 | lr=1.80e-04 | wd=0.0000 | mom=0.9500 | T=8.2 k=4.0 (mu_rec=8 mu_bwd=4) | grad=23.875 | tok/s=26,912 | tokens=5.27B
step=160760 | loss=4.2748 | lr=1.80e-04 | wd=0.0000 | mom=0.9500 | T=8.5 k=4.0 (mu_rec=8 mu_bwd=4) | grad=4.688 | tok/s=23,292 | tokens=5.27B
step=160770 | loss=4.0332 | lr=1.80e-04 | wd=0.0000 | mom=0.9500 | T=6.2 k=3.8 (mu_rec=8 mu_bwd=4) | grad=5.938 | tok/s=23,406 | tokens=5.27B
step=160780 | loss=3.7605 | lr=1.81e-04 | wd=0.0000 | mom=0.9500 | T=4.5 k=2.8 (mu_rec=8 mu_bwd=4) | grad=6.094 | tok/s=24,369 | tokens=5.27B
step=160790 | loss=4.2669 | lr=1.81e-04 | wd=0.0000 | mom=0.9500 | T=7.0 k=3.8 (mu_rec=8 mu_bwd=4) | grad=5.031 | tok/s=21,875 | tokens=5.27B
step=160800 | loss=4.3025 | lr=1.81e-04 | wd=0.0000 | mom=0.9500 | T=11.0 k=4.0 (mu_rec=8 mu_bwd=4) | grad=4.438 | tok/s=23,018 | tokens=5.27B
step=160810 | loss=3.7926 | lr=1.81e-04 | wd=0.0000 | mom=0.9500 | T=9.0 k=4.0 (mu_rec=8 mu_bwd=4) | grad=3.641 | tok/s=23,978 | tokens=5.27B
step=160820 | loss=3.9975 | lr=1.82e-04 | wd=0.0000 | mom=0.9500 | T=7.5 k=4.0 (mu_rec=8 mu_bwd=4) | grad=7.031 | tok/s=22,798 | tokens=5.27B
step=160830 | loss=4.0738 | lr=1.82e-04 | wd=0.0000 | mom=0.9500 | T=3.8 k=3.2 (mu_rec=8 mu_bwd=4) | grad=5.125 | tok/s=23,609 | tokens=5.27B
step=160840 | loss=4.0331 | lr=1.82e-04 | wd=0.0000 | mom=0.9500 | T=13.2 k=4.0 (mu_rec=8 mu_bwd=4) | grad=4.594 | tok/s=24,351 | tokens=5.27B
step=160850 | loss=4.0272 | lr=1.83e-04 | wd=0.0000 | mom=0.9500 | T=6.5 k=3.2 (mu_rec=8 mu_bwd=4) | grad=4.031 | tok/s=22,778 | tokens=5.27B
step=160860 | loss=3.8343 | lr=1.83e-04 | wd=0.0000 | mom=0.9500 | T=11.0 k=3.2 (mu_rec=8 mu_bwd=4) | grad=5.000 | tok/s=23,656 | tokens=5.27B
step=160870 | loss=4.4334 | lr=1.83e-04 | wd=0.0000 | mom=0.9500 | T=11.0 k=4.0 (mu_rec=8 mu_bwd=4) | grad=4.812 | tok/s=24,754 | tokens=5.27B
step=160880 | loss=4.0628 | lr=1.83e-04 | wd=0.0000 | mom=0.9500 | T=7.8 k=3.5 (mu_rec=8 mu_bwd=4) | grad=9.562 | tok/s=22,565 | tokens=5.27B
step=160890 | loss=4.0419 | lr=1.84e-04 | wd=0.0000 | mom=0.9500 | T=6.2 k=3.8 (mu_rec=8 mu_bwd=4) | grad=5.875 | tok/s=24,116 | tokens=5.27B
step=160900 | loss=4.3061 | lr=1.84e-04 | wd=0.0000 | mom=0.9500 | T=7.0 k=4.0 (mu_rec=8 mu_bwd=4) | grad=12.875 | tok/s=25,468 | tokens=5.27B
step=160910 | loss=3.8725 | lr=1.84e-04 | wd=0.0000 | mom=0.9500 | T=7.5 k=4.0 (mu_rec=8 mu_bwd=4) | grad=9.000 | tok/s=21,926 | tokens=5.27B
step=160920 | loss=3.8134 | lr=1.84e-04 | wd=0.0000 | mom=0.9500 | T=8.0 k=4.0 (mu_rec=8 mu_bwd=4) | grad=7.688 | tok/s=23,418 | tokens=5.27B
step=160930 | loss=4.0646 | lr=1.85e-04 | wd=0.0000 | mom=0.9500 | T=4.8 k=3.5 (mu_rec=8 mu_bwd=4) | grad=4.938 | tok/s=24,297 | tokens=5.27B
step=160940 | loss=4.0960 | lr=1.85e-04 | wd=0.0000 | mom=0.9500 | T=12.0 k=4.0 (mu_rec=8 mu_bwd=4) | grad=4.500 | tok/s=23,243 | tokens=5.27B
step=160950 | loss=3.9624 | lr=1.85e-04 | wd=0.0000 | mom=0.9500 | T=10.2 k=4.0 (mu_rec=8 mu_bwd=4) | grad=4.594 | tok/s=23,586 | tokens=5.27B
step=160960 | loss=4.1256 | lr=1.86e-04 | wd=0.0000 | mom=0.9500 | T=9.0 k=3.8 (mu_rec=8 mu_bwd=4) | grad=4.094 | tok/s=22,436 | tokens=5.27B
step=160970 | loss=4.1255 | lr=1.86e-04 | wd=0.0000 | mom=0.9500 | T=7.8 k=3.5 (mu_rec=8 mu_bwd=4) | grad=4.281 | tok/s=25,410 | tokens=5.27B
step=160980 | loss=4.3142 | lr=1.86e-04 | wd=0.0000 | mom=0.9500 | T=5.5 k=3.8 (mu_rec=8 mu_bwd=4) | grad=5.406 | tok/s=27,335 | tokens=5.27B
step=160990 | loss=4.5111 | lr=1.86e-04 | wd=0.0000 | mom=0.9500 | T=7.8 k=4.0 (mu_rec=8 mu_bwd=4) | grad=5.500 | tok/s=24,344 | tokens=5.28B
step=161000 | loss=4.0930 | lr=1.87e-04 | wd=0.0000 | mom=0.9500 | T=11.8 k=4.0 (mu_rec=8 mu_bwd=4) | grad=5.406 | tok/s=24,797 | tokens=5.28B
step=161010 | loss=4.2543 | lr=1.87e-04 | wd=0.0000 | mom=0.9500 | T=13.5 k=4.0 (mu_rec=8 mu_bwd=4) | grad=4.031 | tok/s=23,927 | tokens=5.28B
step=161020 | loss=3.9385 | lr=1.87e-04 | wd=0.0000 | mom=0.9500 | T=6.0 k=3.5 (mu_rec=8 mu_bwd=4) | grad=14.812 | tok/s=24,570 | tokens=5.28B
step=161030 | loss=4.3733 | lr=1.87e-04 | wd=0.0000 | mom=0.9500 | T=9.5 k=4.0 (mu_rec=8 mu_bwd=4) | grad=5.375 | tok/s=25,395 | tokens=5.28B
step=161040 | loss=4.4589 | lr=1.88e-04 | wd=0.0000 | mom=0.9500 | T=9.5 k=3.2 (mu_rec=8 mu_bwd=4) | grad=4.562 | tok/s=23,877 | tokens=5.28B
step=161050 | loss=4.3659 | lr=1.88e-04 | wd=0.0000 | mom=0.9500 | T=7.8 k=3.8 (mu_rec=8 mu_bwd=4) | grad=3.516 | tok/s=23,022 | tokens=5.28B
step=161060 | loss=4.0043 | lr=1.88e-04 | wd=0.0000 | mom=0.9500 | T=8.0 k=3.5 (mu_rec=8 mu_bwd=4) | grad=6.281 | tok/s=24,735 | tokens=5.28B
step=161070 | loss=4.1740 | lr=1.89e-04 | wd=0.0000 | mom=0.9500 | T=7.2 k=3.8 (mu_rec=8 mu_bwd=4) | grad=4.344 | tok/s=23,132 | tokens=5.28B
step=161080 | loss=4.2161 | lr=1.89e-04 | wd=0.0000 | mom=0.9500 | T=4.2 k=3.2 (mu_rec=8 mu_bwd=4) | grad=7.875 | tok/s=26,283 | tokens=5.28B
step=161090 | loss=3.9900 | lr=1.89e-04 | wd=0.0000 | mom=0.9500 | T=8.5 k=3.8 (mu_rec=8 mu_bwd=4) | grad=4.375 | tok/s=24,776 | tokens=5.28B
step=161100 | loss=3.9486 | lr=1.89e-04 | wd=0.0000 | mom=0.9500 | T=10.0 k=3.8 (mu_rec=8 mu_bwd=4) | grad=8.625 | tok/s=23,653 | tokens=5.28B
step=161110 | loss=4.0647 | lr=1.90e-04 | wd=0.0000 | mom=0.9500 | T=6.0 k=3.2 (mu_rec=8 mu_bwd=4) | grad=6.188 | tok/s=24,927 | tokens=5.28B
step=161120 | loss=4.0777 | lr=1.90e-04 | wd=0.0000 | mom=0.9500 | T=6.2 k=3.8 (mu_rec=8 mu_bwd=4) | grad=5.000 | tok/s=25,669 | tokens=5.28B
step=161130 | loss=4.1409 | lr=1.90e-04 | wd=0.0000 | mom=0.9500 | T=7.2 k=4.0 (mu_rec=8 mu_bwd=4) | grad=5.750 | tok/s=23,186 | tokens=5.28B
step=161140 | loss=4.2025 | lr=1.91e-04 | wd=0.0000 | mom=0.9500 | T=5.0 k=2.8 (mu_rec=8 mu_bwd=4) | grad=4.031 | tok/s=24,831 | tokens=5.28B
step=161150 | loss=4.2973 | lr=1.91e-04 | wd=0.0000 | mom=0.9500 | T=5.8 k=2.8 (mu_rec=8 mu_bwd=4) | grad=7.000 | tok/s=23,732 | tokens=5.28B
step=161160 | loss=4.1489 | lr=1.91e-04 | wd=0.0000 | mom=0.9500 | T=7.2 k=4.0 (mu_rec=8 mu_bwd=4) | grad=5.281 | tok/s=23,270 | tokens=5.28B
step=161170 | loss=4.0042 | lr=1.91e-04 | wd=0.0000 | mom=0.9500 | T=11.5 k=4.0 (mu_rec=8 mu_bwd=4) | grad=4.375 | tok/s=23,026 | tokens=5.28B
step=161180 | loss=4.1822 | lr=1.92e-04 | wd=0.0000 | mom=0.9500 | T=7.0 k=3.2 (mu_rec=8 mu_bwd=4) | grad=5.531 | tok/s=23,859 | tokens=5.28B
step=161190 | loss=4.0845 | lr=1.92e-04 | wd=0.0000 | mom=0.9500 | T=6.5 k=3.8 (mu_rec=8 mu_bwd=4) | grad=3.484 | tok/s=24,058 | tokens=5.28B
step=161200 | loss=3.8823 | lr=1.92e-04 | wd=0.0000 | mom=0.9500 | T=7.2 k=4.0 (mu_rec=8 mu_bwd=4) | grad=4.188 | tok/s=24,948 | tokens=5.28B
step=161210 | loss=3.9998 | lr=1.92e-04 | wd=0.0000 | mom=0.9500 | T=5.2 k=3.8 (mu_rec=8 mu_bwd=4) | grad=6.594 | tok/s=10,492 | tokens=5.28B
step=161220 | loss=4.1399 | lr=1.93e-04 | wd=0.0000 | mom=0.9500 | T=7.2 k=3.0 (mu_rec=8 mu_bwd=4) | grad=5.000 | tok/s=21,903 | tokens=5.28B
step=161230 | loss=4.2648 | lr=1.93e-04 | wd=0.0000 | mom=0.9500 | T=6.8 k=4.0 (mu_rec=8 mu_bwd=4) | grad=5.156 | tok/s=23,553 | tokens=5.28B
step=161240 | loss=3.6771 | lr=1.93e-04 | wd=0.0000 | mom=0.9500 | T=6.8 k=3.8 (mu_rec=8 mu_bwd=4) | grad=8.125 | tok/s=24,614 | tokens=5.28B
step=161250 | loss=4.1993 | lr=1.93e-04 | wd=0.0000 | mom=0.9500 | T=3.5 k=2.5 (mu_rec=8 mu_bwd=4) | grad=8.688 | tok/s=24,195 | tokens=5.28B
step=161260 | loss=4.1695 | lr=1.94e-04 | wd=0.0000 | mom=0.9500 | T=11.8 k=4.0 (mu_rec=8 mu_bwd=4) | grad=12.688 | tok/s=24,624 | tokens=5.28B
step=161270 | loss=4.0341 | lr=1.94e-04 | wd=0.0000 | mom=0.9500 | T=6.5 k=3.8 (mu_rec=8 mu_bwd=4) | grad=5.281 | tok/s=23,182 | tokens=5.28B
step=161280 | loss=4.0947 | lr=1.94e-04 | wd=0.0000 | mom=0.9500 | T=7.8 k=4.0 (mu_rec=8 mu_bwd=4) | grad=4.156 | tok/s=24,630 | tokens=5.28B
step=161290 | loss=4.1584 | lr=1.95e-04 | wd=0.0000 | mom=0.9500 | T=9.0 k=4.0 (mu_rec=8 mu_bwd=4) | grad=8.062 | tok/s=23,192 | tokens=5.29B
step=161300 | loss=4.0977 | lr=1.95e-04 | wd=0.0000 | mom=0.9500 | T=7.5 k=3.5 (mu_rec=8 mu_bwd=4) | grad=6.625 | tok/s=23,894 | tokens=5.29B
step=161310 | loss=4.0923 | lr=1.95e-04 | wd=0.0000 | mom=0.9500 | T=10.8 k=4.0 (mu_rec=8 mu_bwd=4) | grad=4.375 | tok/s=23,381 | tokens=5.29B
step=161320 | loss=3.6118 | lr=1.95e-04 | wd=0.0000 | mom=0.9500 | T=9.0 k=3.8 (mu_rec=8 mu_bwd=4) | grad=6.094 | tok/s=23,019 | tokens=5.29B
step=161330 | loss=3.7529 | lr=1.96e-04 | wd=0.0000 | mom=0.9500 | T=7.2 k=4.0 (mu_rec=8 mu_bwd=4) | grad=4.969 | tok/s=25,270 | tokens=5.29B
step=161340 | loss=4.2098 | lr=1.96e-04 | wd=0.0000 | mom=0.9500 | T=9.8 k=4.0 (mu_rec=8 mu_bwd=4) | grad=6.156 | tok/s=23,099 | tokens=5.29B
step=161350 | loss=3.8568 | lr=1.96e-04 | wd=0.0000 | mom=0.9500 | T=6.0 k=2.5 (mu_rec=8 mu_bwd=4) | grad=6.688 | tok/s=23,734 | tokens=5.29B
step=161360 | loss=3.8846 | lr=1.96e-04 | wd=0.0000 | mom=0.9500 | T=7.5 k=4.0 (mu_rec=8 mu_bwd=4) | grad=4.469 | tok/s=11,050 | tokens=5.29B
step=161370 | loss=3.9885 | lr=1.97e-04 | wd=0.0000 | mom=0.9500 | T=7.5 k=3.2 (mu_rec=8 mu_bwd=4) | grad=4.844 | tok/s=24,464 | tokens=5.29B
step=161380 | loss=4.0891 | lr=1.97e-04 | wd=0.0000 | mom=0.9500 | T=9.2 k=4.0 (mu_rec=8 mu_bwd=4) | grad=4.312 | tok/s=23,146 | tokens=5.29B
step=161390 | loss=4.0805 | lr=1.97e-04 | wd=0.0000 | mom=0.9500 | T=7.2 k=4.0 (mu_rec=8 mu_bwd=4) | grad=4.469 | tok/s=23,246 | tokens=5.29B
step=161400 | loss=4.2704 | lr=1.98e-04 | wd=0.0000 | mom=0.9500 | T=8.2 k=4.0 (mu_rec=8 mu_bwd=4) | grad=5.188 | tok/s=22,195 | tokens=5.29B
step=161410 | loss=3.8196 | lr=1.98e-04 | wd=0.0000 | mom=0.9500 | T=4.2 k=3.5 (mu_rec=8 mu_bwd=4) | grad=3.766 | tok/s=25,476 | tokens=5.29B
step=161420 | loss=3.7545 | lr=1.98e-04 | wd=0.0000 | mom=0.9500 | T=8.5 k=4.0 (mu_rec=8 mu_bwd=4) | grad=4.312 | tok/s=23,807 | tokens=5.29B
step=161430 | loss=3.7682 | lr=1.98e-04 | wd=0.0000 | mom=0.9500 | T=5.8 k=3.5 (mu_rec=8 mu_bwd=4) | grad=6.094 | tok/s=23,467 | tokens=5.29B
step=161440 | loss=3.9455 | lr=1.99e-04 | wd=0.0000 | mom=0.9500 | T=6.5 k=3.2 (mu_rec=8 mu_bwd=4) | grad=5.469 | tok/s=23,191 | tokens=5.29B
step=161450 | loss=3.9035 | lr=1.99e-04 | wd=0.0000 | mom=0.9500 | T=5.5 k=3.2 (mu_rec=8 mu_bwd=4) | grad=4.688 | tok/s=25,765 | tokens=5.29B
step=161460 | loss=4.0819 | lr=1.99e-04 | wd=0.0000 | mom=0.9500 | T=7.2 k=4.0 (mu_rec=8 mu_bwd=4) | grad=4.219 | tok/s=22,572 | tokens=5.29B
step=161470 | loss=3.9351 | lr=1.99e-04 | wd=0.0000 | mom=0.9500 | T=11.8 k=4.0 (mu_rec=8 mu_bwd=4) | grad=4.844 | tok/s=23,201 | tokens=5.29B
step=161480 | loss=4.1366 | lr=2.00e-04 | wd=0.0000 | mom=0.9500 | T=8.5 k=4.0 (mu_rec=8 mu_bwd=4) | grad=3.609 | tok/s=22,812 | tokens=5.29B
step=161490 | loss=4.0797 | lr=2.00e-04 | wd=0.0000 | mom=0.9500 | T=9.2 k=3.5 (mu_rec=8 mu_bwd=4) | grad=4.156 | tok/s=23,751 | tokens=5.29B
step=161500 | loss=4.1429 | lr=2.00e-04 | wd=0.0000 | mom=0.9500 | T=9.0 k=3.8 (mu_rec=8 mu_bwd=4) | grad=4.781 | tok/s=23,276 | tokens=5.29B
step=161510 | loss=4.0252 | lr=2.01e-04 | wd=0.0000 | mom=0.9500 | T=6.5 k=3.8 (mu_rec=8 mu_bwd=4) | grad=6.438 | tok/s=23,896 | tokens=5.29B
step=161520 | loss=3.9092 | lr=2.01e-04 | wd=0.0000 | mom=0.9500 | T=10.0 k=3.8 (mu_rec=8 mu_bwd=4) | grad=5.406 | tok/s=23,425 | tokens=5.29B
step=161530 | loss=4.0040 | lr=2.01e-04 | wd=0.0000 | mom=0.9500 | T=9.0 k=4.0 (mu_rec=8 mu_bwd=4) | grad=4.438 | tok/s=24,636 | tokens=5.29B
step=161540 | loss=4.1829 | lr=2.01e-04 | wd=0.0000 | mom=0.9500 | T=8.8 k=4.0 (mu_rec=8 mu_bwd=4) | grad=6.188 | tok/s=23,423 | tokens=5.29B
step=161550 | loss=3.8810 | lr=2.02e-04 | wd=0.0000 | mom=0.9500 | T=6.5 k=4.0 (mu_rec=8 mu_bwd=4) | grad=4.000 | tok/s=23,984 | tokens=5.29B
step=161560 | loss=4.0322 | lr=2.02e-04 | wd=0.0000 | mom=0.9500 | T=7.5 k=3.5 (mu_rec=8 mu_bwd=4) | grad=4.281 | tok/s=22,828 | tokens=5.29B
step=161570 | loss=4.0791 | lr=2.02e-04 | wd=0.0000 | mom=0.9500 | T=8.0 k=4.0 (mu_rec=8 mu_bwd=4) | grad=3.516 | tok/s=24,188 | tokens=5.29B
step=161580 | loss=4.0088 | lr=2.02e-04 | wd=0.0000 | mom=0.9500 | T=10.5 k=4.0 (mu_rec=8 mu_bwd=4) | grad=3.828 | tok/s=23,637 | tokens=5.29B
step=161590 | loss=4.4060 | lr=2.03e-04 | wd=0.0000 | mom=0.9500 | T=13.5 k=4.0 (mu_rec=8 mu_bwd=4) | grad=7.812 | tok/s=23,552 | tokens=5.29B
step=161600 | loss=4.8673 | lr=2.03e-04 | wd=0.0000 | mom=0.9500 | T=6.8 k=4.0 (mu_rec=8 mu_bwd=4) | grad=6.812 | tok/s=24,705 | tokens=5.30B
step=161610 | loss=4.2652 | lr=2.03e-04 | wd=0.0000 | mom=0.9500 | T=12.2 k=4.0 (mu_rec=8 mu_bwd=4) | grad=5.156 | tok/s=23,934 | tokens=5.30B
step=161620 | loss=4.1099 | lr=2.03e-04 | wd=0.0000 | mom=0.9500 | T=6.0 k=3.8 (mu_rec=8 mu_bwd=4) | grad=4.375 | tok/s=22,518 | tokens=5.30B
step=161630 | loss=3.7531 | lr=2.04e-04 | wd=0.0000 | mom=0.9500 | T=7.8 k=3.8 (mu_rec=8 mu_bwd=4) | grad=12.875 | tok/s=23,095 | tokens=5.30B
step=161640 | loss=4.1093 | lr=2.04e-04 | wd=0.0000 | mom=0.9500 | T=7.8 k=3.8 (mu_rec=8 mu_bwd=4) | grad=6.438 | tok/s=23,774 | tokens=5.30B
step=161650 | loss=3.8487 | lr=2.04e-04 | wd=0.0000 | mom=0.9500 | T=10.0 k=4.0 (mu_rec=8 mu_bwd=4) | grad=4.094 | tok/s=25,093 | tokens=5.30B
step=161660 | loss=4.1026 | lr=2.05e-04 | wd=0.0000 | mom=0.9500 | T=10.8 k=4.0 (mu_rec=8 mu_bwd=4) | grad=4.688 | tok/s=22,242 | tokens=5.30B
step=161670 | loss=3.9099 | lr=2.05e-04 | wd=0.0000 | mom=0.9500 | T=7.5 k=3.8 (mu_rec=8 mu_bwd=4) | grad=3.984 | tok/s=24,445 | tokens=5.30B
step=161680 | loss=4.0199 | lr=2.05e-04 | wd=0.0000 | mom=0.9500 | T=5.8 k=3.2 (mu_rec=8 mu_bwd=4) | grad=3.547 | tok/s=23,690 | tokens=5.30B
step=161690 | loss=4.0627 | lr=2.05e-04 | wd=0.0000 | mom=0.9500 | T=8.2 k=4.0 (mu_rec=8 mu_bwd=4) | grad=3.812 | tok/s=23,581 | tokens=5.30B
step=161700 | loss=4.1988 | lr=2.06e-04 | wd=0.0000 | mom=0.9500 | T=7.5 k=3.0 (mu_rec=8 mu_bwd=4) | grad=5.625 | tok/s=22,776 | tokens=5.30B
step=161710 | loss=4.1680 | lr=2.06e-04 | wd=0.0000 | mom=0.9500 | T=8.2 k=3.5 (mu_rec=8 mu_bwd=4) | grad=5.688 | tok/s=25,712 | tokens=5.30B
step=161720 | loss=3.8474 | lr=2.06e-04 | wd=0.0000 | mom=0.9500 | T=8.0 k=3.5 (mu_rec=8 mu_bwd=4) | grad=4.344 | tok/s=23,628 | tokens=5.30B
step=161730 | loss=4.1033 | lr=2.06e-04 | wd=0.0000 | mom=0.9500 | T=9.2 k=4.0 (mu_rec=8 mu_bwd=4) | grad=4.562 | tok/s=25,450 | tokens=5.30B
step=161740 | loss=4.1019 | lr=2.07e-04 | wd=0.0000 | mom=0.9500 | T=6.5 k=3.8 (mu_rec=8 mu_bwd=4) | grad=4.125 | tok/s=23,314 | tokens=5.30B
step=161750 | loss=3.9883 | lr=2.07e-04 | wd=0.0000 | mom=0.9500 | T=4.8 k=3.0 (mu_rec=8 mu_bwd=4) | grad=4.625 | tok/s=24,960 | tokens=5.30B
step=161760 | loss=3.9355 | lr=2.07e-04 | wd=0.0000 | mom=0.9500 | T=9.8 k=3.8 (mu_rec=8 mu_bwd=4) | grad=5.094 | tok/s=21,914 | tokens=5.30B
step=161770 | loss=4.0712 | lr=2.07e-04 | wd=0.0000 | mom=0.9500 | T=3.8 k=2.8 (mu_rec=8 mu_bwd=4) | grad=4.844 | tok/s=24,564 | tokens=5.30B
step=161780 | loss=4.4223 | lr=2.08e-04 | wd=0.0000 | mom=0.9500 | T=8.0 k=3.2 (mu_rec=8 mu_bwd=4) | grad=6.594 | tok/s=23,150 | tokens=5.30B
step=161790 | loss=4.5705 | lr=2.08e-04 | wd=0.0000 | mom=0.9500 | T=1.8 k=1.8 (mu_rec=8 mu_bwd=4) | grad=6.969 | tok/s=25,975 | tokens=5.30B
step=161800 | loss=4.2164 | lr=2.08e-04 | wd=0.0000 | mom=0.9500 | T=7.8 k=3.8 (mu_rec=8 mu_bwd=4) | grad=5.594 | tok/s=22,831 | tokens=5.30B
step=161810 | loss=3.9862 | lr=2.08e-04 | wd=0.0000 | mom=0.9500 | T=7.2 k=3.8 (mu_rec=8 mu_bwd=4) | grad=5.812 | tok/s=23,691 | tokens=5.30B
step=161820 | loss=3.8869 | lr=2.09e-04 | wd=0.0000 | mom=0.9500 | T=11.2 k=4.0 (mu_rec=8 mu_bwd=4) | grad=6.094 | tok/s=22,835 | tokens=5.30B
step=161830 | loss=4.1516 | lr=2.09e-04 | wd=0.0000 | mom=0.9500 | T=13.5 k=4.0 (mu_rec=8 mu_bwd=4) | grad=5.969 | tok/s=22,298 | tokens=5.30B
step=161840 | loss=3.9796 | lr=2.09e-04 | wd=0.0000 | mom=0.9500 | T=7.2 k=3.8 (mu_rec=8 mu_bwd=4) | grad=5.438 | tok/s=23,799 | tokens=5.30B
step=161850 | loss=4.3635 | lr=2.10e-04 | wd=0.0000 | mom=0.9500 | T=7.0 k=3.5 (mu_rec=8 mu_bwd=4) | grad=5.375 | tok/s=25,008 | tokens=5.30B
step=161860 | loss=4.0295 | lr=2.10e-04 | wd=0.0000 | mom=0.9500 | T=12.2 k=4.0 (mu_rec=8 mu_bwd=4) | grad=4.094 | tok/s=24,745 | tokens=5.30B
step=161870 | loss=4.0871 | lr=2.10e-04 | wd=0.0000 | mom=0.9500 | T=6.8 k=3.8 (mu_rec=8 mu_bwd=4) | grad=6.781 | tok/s=24,158 | tokens=5.30B
step=161880 | loss=3.8508 | lr=2.10e-04 | wd=0.0000 | mom=0.9500 | T=10.2 k=4.0 (mu_rec=8 mu_bwd=4) | grad=4.906 | tok/s=23,801 | tokens=5.30B
step=161890 | loss=4.2667 | lr=2.11e-04 | wd=0.0000 | mom=0.9500 | T=11.5 k=3.2 (mu_rec=8 mu_bwd=4) | grad=5.281 | tok/s=24,314 | tokens=5.30B
step=161900 | loss=4.2913 | lr=2.11e-04 | wd=0.0000 | mom=0.9500 | T=10.8 k=4.0 (mu_rec=8 mu_bwd=4) | grad=4.781 | tok/s=25,253 | tokens=5.31B
step=161910 | loss=3.9418 | lr=2.11e-04 | wd=0.0000 | mom=0.9500 | T=9.0 k=3.8 (mu_rec=8 mu_bwd=4) | grad=4.844 | tok/s=23,692 | tokens=5.31B
step=161920 | loss=4.1499 | lr=2.11e-04 | wd=0.0000 | mom=0.9500 | T=11.8 k=3.2 (mu_rec=8 mu_bwd=4) | grad=4.281 | tok/s=23,384 | tokens=5.31B
step=161930 | loss=4.0392 | lr=2.12e-04 | wd=0.0000 | mom=0.9500 | T=10.0 k=3.8 (mu_rec=8 mu_bwd=4) | grad=4.344 | tok/s=22,343 | tokens=5.31B
step=161940 | loss=4.0719 | lr=2.12e-04 | wd=0.0000 | mom=0.9500 | T=6.8 k=3.8 (mu_rec=8 mu_bwd=4) | grad=4.031 | tok/s=26,444 | tokens=5.31B
step=161950 | loss=3.7730 | lr=2.12e-04 | wd=0.0000 | mom=0.9500 | T=8.0 k=4.0 (mu_rec=8 mu_bwd=4) | grad=3.734 | tok/s=22,874 | tokens=5.31B
step=161960 | loss=3.9802 | lr=2.12e-04 | wd=0.0000 | mom=0.9500 | T=8.0 k=4.0 (mu_rec=8 mu_bwd=4) | grad=4.094 | tok/s=24,391 | tokens=5.31B
step=161970 | loss=4.1080 | lr=2.13e-04 | wd=0.0000 | mom=0.9500 | T=9.2 k=4.0 (mu_rec=8 mu_bwd=4) | grad=4.312 | tok/s=25,643 | tokens=5.31B
step=161980 | loss=4.5280 | lr=2.13e-04 | wd=0.0000 | mom=0.9500 | T=11.8 k=4.0 (mu_rec=8 mu_bwd=4) | grad=6.188 | tok/s=22,925 | tokens=5.31B
step=161990 | loss=4.0209 | lr=2.13e-04 | wd=0.0000 | mom=0.9500 | T=12.0 k=4.0 (mu_rec=8 mu_bwd=4) | grad=3.938 | tok/s=23,508 | tokens=5.31B
step=162000 | loss=3.8198 | lr=2.13e-04 | wd=0.0000 | mom=0.9500 | T=10.8 k=4.0 (mu_rec=8 mu_bwd=4) | grad=4.562 | tok/s=23,431 | tokens=5.31B
[step 162000] Saved -> runs/cortex-5b-k4/checkpoint_0162000
[step 162000] Pruned -> runs/cortex-5b-k4/checkpoint_0156000
step=162010 | loss=4.0407 | lr=2.14e-04 | wd=0.0000 | mom=0.9500 | T=4.5 k=3.8 (mu_rec=8 mu_bwd=4) | grad=4.375 | tok/s=22,639 | tokens=5.31B
step=162020 | loss=4.1491 | lr=2.14e-04 | wd=0.0000 | mom=0.9500 | T=3.8 k=2.8 (mu_rec=8 mu_bwd=4) | grad=4.500 | tok/s=23,021 | tokens=5.31B
step=162030 | loss=3.9782 | lr=2.14e-04 | wd=0.0000 | mom=0.9500 | T=8.0 k=4.0 (mu_rec=8 mu_bwd=4) | grad=5.656 | tok/s=21,105 | tokens=5.31B
step=162040 | loss=4.1824 | lr=2.14e-04 | wd=0.0000 | mom=0.9500 | T=6.8 k=4.0 (mu_rec=8 mu_bwd=4) | grad=5.656 | tok/s=25,043 | tokens=5.31B
step=162050 | loss=4.0001 | lr=2.15e-04 | wd=0.0000 | mom=0.9500 | T=8.5 k=3.8 (mu_rec=8 mu_bwd=4) | grad=5.625 | tok/s=23,462 | tokens=5.31B
step=162060 | loss=4.0480 | lr=2.15e-04 | wd=0.0000 | mom=0.9500 | T=5.5 k=3.5 (mu_rec=8 mu_bwd=4) | grad=15.125 | tok/s=10,172 | tokens=5.31B
step=162070 | loss=3.7820 | lr=2.15e-04 | wd=0.0000 | mom=0.9500 | T=13.8 k=4.0 (mu_rec=8 mu_bwd=4) | grad=7.188 | tok/s=23,925 | tokens=5.31B
step=162080 | loss=3.6285 | lr=2.16e-04 | wd=0.0000 | mom=0.9500 | T=6.2 k=3.8 (mu_rec=8 mu_bwd=4) | grad=3.859 | tok/s=22,080 | tokens=5.31B
step=162090 | loss=3.8508 | lr=2.16e-04 | wd=0.0000 | mom=0.9500 | T=8.2 k=3.8 (mu_rec=8 mu_bwd=4) | grad=6.000 | tok/s=23,464 | tokens=5.31B
step=162100 | loss=3.8622 | lr=2.16e-04 | wd=0.0000 | mom=0.9500 | T=5.5 k=3.0 (mu_rec=8 mu_bwd=4) | grad=4.062 | tok/s=25,334 | tokens=5.31B
step=162110 | loss=4.1774 | lr=2.16e-04 | wd=0.0000 | mom=0.9500 | T=8.2 k=2.2 (mu_rec=8 mu_bwd=4) | grad=4.156 | tok/s=23,996 | tokens=5.31B
step=162120 | loss=3.8679 | lr=2.17e-04 | wd=0.0000 | mom=0.9500 | T=6.2 k=3.8 (mu_rec=8 mu_bwd=4) | grad=4.750 | tok/s=23,774 | tokens=5.31B
step=162130 | loss=4.0698 | lr=2.17e-04 | wd=0.0000 | mom=0.9500 | T=7.2 k=3.8 (mu_rec=8 mu_bwd=4) | grad=4.625 | tok/s=22,317 | tokens=5.31B
step=162140 | loss=4.0817 | lr=2.17e-04 | wd=0.0000 | mom=0.9500 | T=5.5 k=3.0 (mu_rec=8 mu_bwd=4) | grad=4.688 | tok/s=23,869 | tokens=5.31B
step=162150 | loss=4.0420 | lr=2.17e-04 | wd=0.0000 | mom=0.9500 | T=12.5 k=4.0 (mu_rec=8 mu_bwd=4) | grad=6.688 | tok/s=23,310 | tokens=5.31B
step=162160 | loss=4.2399 | lr=2.18e-04 | wd=0.0000 | mom=0.9500 | T=9.5 k=4.0 (mu_rec=8 mu_bwd=4) | grad=4.688 | tok/s=24,207 | tokens=5.31B
step=162170 | loss=4.0155 | lr=2.18e-04 | wd=0.0000 | mom=0.9500 | T=10.2 k=3.8 (mu_rec=8 mu_bwd=4) | grad=3.953 | tok/s=10,422 | tokens=5.31B
step=162180 | loss=4.3091 | lr=2.18e-04 | wd=0.0000 | mom=0.9500 | T=8.8 k=3.8 (mu_rec=8 mu_bwd=4) | grad=4.500 | tok/s=23,881 | tokens=5.31B
step=162190 | loss=4.2183 | lr=2.18e-04 | wd=0.0000 | mom=0.9500 | T=6.2 k=3.5 (mu_rec=8 mu_bwd=4) | grad=9.875 | tok/s=23,453 | tokens=5.31B
step=162200 | loss=4.0781 | lr=2.19e-04 | wd=0.0000 | mom=0.9500 | T=9.5 k=3.5 (mu_rec=8 mu_bwd=4) | grad=5.656 | tok/s=25,472 | tokens=5.31B
step=162210 | loss=4.2154 | lr=2.19e-04 | wd=0.0000 | mom=0.9500 | T=8.2 k=4.0 (mu_rec=8 mu_bwd=4) | grad=5.531 | tok/s=24,465 | tokens=5.32B
step=162220 | loss=4.0331 | lr=2.19e-04 | wd=0.0000 | mom=0.9500 | T=7.0 k=4.0 (mu_rec=8 mu_bwd=4) | grad=4.281 | tok/s=24,572 | tokens=5.32B
step=162230 | loss=4.0406 | lr=2.19e-04 | wd=0.0000 | mom=0.9500 | T=8.5 k=3.5 (mu_rec=8 mu_bwd=4) | grad=9.250 | tok/s=23,318 | tokens=5.32B
step=162240 | loss=4.0953 | lr=2.20e-04 | wd=0.0000 | mom=0.9500 | T=8.0 k=3.8 (mu_rec=8 mu_bwd=4) | grad=5.312 | tok/s=21,812 | tokens=5.32B
step=162250 | loss=4.0629 | lr=2.20e-04 | wd=0.0000 | mom=0.9500 | T=11.8 k=3.8 (mu_rec=8 mu_bwd=4) | grad=3.688 | tok/s=22,360 | tokens=5.32B
step=162260 | loss=4.1525 | lr=2.20e-04 | wd=0.0000 | mom=0.9500 | T=5.5 k=3.5 (mu_rec=8 mu_bwd=4) | grad=3.812 | tok/s=24,586 | tokens=5.32B
step=162270 | loss=3.7354 | lr=2.20e-04 | wd=0.0000 | mom=0.9500 | T=9.5 k=4.0 (mu_rec=8 mu_bwd=4) | grad=4.062 | tok/s=23,594 | tokens=5.32B
step=162280 | loss=4.1425 | lr=2.21e-04 | wd=0.0000 | mom=0.9500 | T=9.0 k=3.2 (mu_rec=8 mu_bwd=4) | grad=5.531 | tok/s=22,518 | tokens=5.32B
step=162290 | loss=3.9202 | lr=2.21e-04 | wd=0.0000 | mom=0.9500 | T=9.2 k=4.0 (mu_rec=8 mu_bwd=4) | grad=3.703 | tok/s=24,325 | tokens=5.32B
step=162300 | loss=3.8892 | lr=2.21e-04 | wd=0.0000 | mom=0.9500 | T=6.8 k=4.0 (mu_rec=8 mu_bwd=4) | grad=4.531 | tok/s=24,280 | tokens=5.32B
step=162310 | loss=3.9853 | lr=2.21e-04 | wd=0.0000 | mom=0.9500 | T=9.5 k=4.0 (mu_rec=8 mu_bwd=4) | grad=4.031 | tok/s=23,352 | tokens=5.32B
step=162320 | loss=4.1752 | lr=2.22e-04 | wd=0.0000 | mom=0.9500 | T=10.0 k=4.0 (mu_rec=8 mu_bwd=4) | grad=4.406 | tok/s=23,335 | tokens=5.32B
step=162330 | loss=3.7384 | lr=2.22e-04 | wd=0.0000 | mom=0.9500 | T=5.8 k=3.8 (mu_rec=8 mu_bwd=4) | grad=4.375 | tok/s=22,400 | tokens=5.32B
step=162340 | loss=3.9615 | lr=2.22e-04 | wd=0.0000 | mom=0.9500 | T=9.0 k=4.0 (mu_rec=8 mu_bwd=4) | grad=3.906 | tok/s=24,056 | tokens=5.32B
step=162350 | loss=4.9296 | lr=2.22e-04 | wd=0.0000 | mom=0.9500 | T=8.5 k=4.0 (mu_rec=8 mu_bwd=4) | grad=7.000 | tok/s=23,306 | tokens=5.32B
step=162360 | loss=4.4847 | lr=2.23e-04 | wd=0.0000 | mom=0.9500 | T=7.5 k=3.8 (mu_rec=8 mu_bwd=4) | grad=6.375 | tok/s=24,339 | tokens=5.32B
step=162370 | loss=3.9447 | lr=2.23e-04 | wd=0.0000 | mom=0.9500 | T=5.2 k=3.8 (mu_rec=8 mu_bwd=4) | grad=4.094 | tok/s=25,307 | tokens=5.32B
step=162380 | loss=4.2351 | lr=2.23e-04 | wd=0.0000 | mom=0.9500 | T=4.8 k=3.2 (mu_rec=8 mu_bwd=4) | grad=4.312 | tok/s=23,898 | tokens=5.32B
step=162390 | loss=3.5529 | lr=2.23e-04 | wd=0.0000 | mom=0.9500 | T=9.5 k=3.8 (mu_rec=8 mu_bwd=4) | grad=4.344 | tok/s=23,435 | tokens=5.32B
step=162400 | loss=3.9899 | lr=2.24e-04 | wd=0.0000 | mom=0.9500 | T=7.8 k=4.0 (mu_rec=8 mu_bwd=4) | grad=4.156 | tok/s=24,047 | tokens=5.32B
step=162410 | loss=5.4299 | lr=2.24e-04 | wd=0.0000 | mom=0.9500 | T=6.2 k=4.0 (mu_rec=8 mu_bwd=4) | grad=10.125 | tok/s=24,003 | tokens=5.32B
step=162420 | loss=4.2767 | lr=2.24e-04 | wd=0.0000 | mom=0.9500 | T=15.0 k=4.0 (mu_rec=8 mu_bwd=4) | grad=3.859 | tok/s=22,380 | tokens=5.32B
step=162430 | loss=4.0040 | lr=2.24e-04 | wd=0.0000 | mom=0.9500 | T=3.8 k=3.2 (mu_rec=8 mu_bwd=4) | grad=4.625 | tok/s=26,013 | tokens=5.32B
step=162440 | loss=3.8125 | lr=2.25e-04 | wd=0.0000 | mom=0.9500 | T=11.2 k=4.0 (mu_rec=8 mu_bwd=4) | grad=5.062 | tok/s=23,469 | tokens=5.32B
step=162450 | loss=4.0485 | lr=2.25e-04 | wd=0.0000 | mom=0.9500 | T=9.5 k=4.0 (mu_rec=8 mu_bwd=4) | grad=3.797 | tok/s=23,698 | tokens=5.32B
step=162460 | loss=4.6990 | lr=2.25e-04 | wd=0.0000 | mom=0.9500 | T=10.5 k=4.0 (mu_rec=8 mu_bwd=4) | grad=5.062 | tok/s=23,419 | tokens=5.32B
step=162470 | loss=4.2351 | lr=2.25e-04 | wd=0.0000 | mom=0.9500 | T=11.0 k=3.8 (mu_rec=8 mu_bwd=4) | grad=4.219 | tok/s=22,881 | tokens=5.32B
step=162480 | loss=3.9021 | lr=2.26e-04 | wd=0.0000 | mom=0.9500 | T=6.8 k=4.0 (mu_rec=8 mu_bwd=4) | grad=3.641 | tok/s=24,493 | tokens=5.32B
step=162490 | loss=3.9088 | lr=2.26e-04 | wd=0.0000 | mom=0.9500 | T=8.5 k=4.0 (mu_rec=8 mu_bwd=4) | grad=4.094 | tok/s=24,255 | tokens=5.32B
step=162500 | loss=4.1153 | lr=2.26e-04 | wd=0.0000 | mom=0.9500 | T=8.0 k=3.8 (mu_rec=8 mu_bwd=4) | grad=6.062 | tok/s=24,568 | tokens=5.32B
step=162510 | loss=4.1881 | lr=2.26e-04 | wd=0.0000 | mom=0.9500 | T=6.5 k=4.0 (mu_rec=8 mu_bwd=4) | grad=6.312 | tok/s=23,340 | tokens=5.33B
step=162520 | loss=4.0735 | lr=2.27e-04 | wd=0.0000 | mom=0.9500 | T=5.8 k=3.8 (mu_rec=8 mu_bwd=4) | grad=5.375 | tok/s=24,206 | tokens=5.33B
step=162530 | loss=3.6831 | lr=2.27e-04 | wd=0.0000 | mom=0.9500 | T=9.5 k=4.0 (mu_rec=8 mu_bwd=4) | grad=8.250 | tok/s=24,090 | tokens=5.33B
step=162540 | loss=3.9050 | lr=2.27e-04 | wd=0.0000 | mom=0.9500 | T=7.0 k=4.0 (mu_rec=8 mu_bwd=4) | grad=5.812 | tok/s=23,035 | tokens=5.33B
step=162550 | loss=4.1530 | lr=2.27e-04 | wd=0.0000 | mom=0.9500 | T=10.5 k=4.0 (mu_rec=8 mu_bwd=4) | grad=4.938 | tok/s=24,533 | tokens=5.33B
step=162560 | loss=4.1449 | lr=2.28e-04 | wd=0.0000 | mom=0.9500 | T=6.2 k=3.8 (mu_rec=8 mu_bwd=4) | grad=3.859 | tok/s=22,447 | tokens=5.33B
step=162570 | loss=4.1080 | lr=2.28e-04 | wd=0.0000 | mom=0.9500 | T=4.5 k=3.8 (mu_rec=8 mu_bwd=4) | grad=8.750 | tok/s=26,469 | tokens=5.33B
step=162580 | loss=4.1843 | lr=2.28e-04 | wd=0.0000 | mom=0.9500 | T=7.0 k=4.0 (mu_rec=8 mu_bwd=4) | grad=7.719 | tok/s=22,931 | tokens=5.33B
step=162590 | loss=3.9047 | lr=2.28e-04 | wd=0.0000 | mom=0.9500 | T=8.8 k=4.0 (mu_rec=8 mu_bwd=4) | grad=6.594 | tok/s=24,403 | tokens=5.33B
step=162600 | loss=3.9150 | lr=2.29e-04 | wd=0.0000 | mom=0.9500 | T=15.0 k=4.0 (mu_rec=8 mu_bwd=4) | grad=4.125 | tok/s=22,525 | tokens=5.33B
step=162610 | loss=4.1177 | lr=2.29e-04 | wd=0.0000 | mom=0.9500 | T=8.8 k=4.0 (mu_rec=8 mu_bwd=4) | grad=4.625 | tok/s=23,582 | tokens=5.33B
step=162620 | loss=3.8470 | lr=2.29e-04 | wd=0.0000 | mom=0.9500 | T=5.0 k=3.5 (mu_rec=8 mu_bwd=4) | grad=5.625 | tok/s=24,205 | tokens=5.33B
step=162630 | loss=3.9380 | lr=2.29e-04 | wd=0.0000 | mom=0.9500 | T=5.5 k=3.2 (mu_rec=8 mu_bwd=4) | grad=4.750 | tok/s=23,998 | tokens=5.33B
step=162640 | loss=4.1619 | lr=2.30e-04 | wd=0.0000 | mom=0.9500 | T=9.5 k=4.0 (mu_rec=8 mu_bwd=4) | grad=4.062 | tok/s=22,056 | tokens=5.33B
step=162650 | loss=3.9983 | lr=2.30e-04 | wd=0.0000 | mom=0.9500 | T=5.5 k=3.5 (mu_rec=8 mu_bwd=4) | grad=3.797 | tok/s=22,651 | tokens=5.33B
step=162660 | loss=4.0074 | lr=2.30e-04 | wd=0.0000 | mom=0.9500 | T=4.8 k=2.8 (mu_rec=8 mu_bwd=4) | grad=5.000 | tok/s=24,343 | tokens=5.33B
step=162670 | loss=4.1379 | lr=2.30e-04 | wd=0.0000 | mom=0.9500 | T=5.2 k=3.2 (mu_rec=8 mu_bwd=4) | grad=4.219 | tok/s=24,086 | tokens=5.33B
step=162680 | loss=3.9636 | lr=2.31e-04 | wd=0.0000 | mom=0.9500 | T=5.8 k=3.5 (mu_rec=8 mu_bwd=4) | grad=5.344 | tok/s=24,634 | tokens=5.33B
step=162690 | loss=4.0006 | lr=2.31e-04 | wd=0.0000 | mom=0.9500 | T=8.0 k=4.0 (mu_rec=8 mu_bwd=4) | grad=4.812 | tok/s=24,290 | tokens=5.33B
step=162700 | loss=4.1563 | lr=2.31e-04 | wd=0.0000 | mom=0.9500 | T=10.5 k=4.0 (mu_rec=8 mu_bwd=4) | grad=10.000 | tok/s=24,077 | tokens=5.33B
step=162710 | loss=4.1195 | lr=2.31e-04 | wd=0.0000 | mom=0.9500 | T=10.5 k=3.5 (mu_rec=8 mu_bwd=4) | grad=5.312 | tok/s=24,380 | tokens=5.33B
step=162720 | loss=4.0285 | lr=2.32e-04 | wd=0.0000 | mom=0.9500 | T=6.2 k=3.8 (mu_rec=8 mu_bwd=4) | grad=19.750 | tok/s=24,152 | tokens=5.33B
step=162730 | loss=3.7125 | lr=2.32e-04 | wd=0.0000 | mom=0.9500 | T=6.2 k=3.8 (mu_rec=8 mu_bwd=4) | grad=6.969 | tok/s=23,473 | tokens=5.33B
step=162740 | loss=4.0247 | lr=2.32e-04 | wd=0.0000 | mom=0.9500 | T=5.8 k=3.8 (mu_rec=8 mu_bwd=4) | grad=4.812 | tok/s=23,925 | tokens=5.33B
step=162750 | loss=4.4391 | lr=2.32e-04 | wd=0.0000 | mom=0.9500 | T=9.0 k=3.5 (mu_rec=8 mu_bwd=4) | grad=4.719 | tok/s=24,809 | tokens=5.33B
step=162760 | loss=4.0140 | lr=2.32e-04 | wd=0.0000 | mom=0.9500 | T=8.5 k=3.5 (mu_rec=8 mu_bwd=4) | grad=3.891 | tok/s=25,272 | tokens=5.33B
step=162770 | loss=4.1881 | lr=2.33e-04 | wd=0.0000 | mom=0.9500 | T=5.8 k=2.8 (mu_rec=8 mu_bwd=4) | grad=4.312 | tok/s=23,964 | tokens=5.33B
step=162780 | loss=3.9364 | lr=2.33e-04 | wd=0.0000 | mom=0.9500 | T=13.0 k=4.0 (mu_rec=8 mu_bwd=4) | grad=5.562 | tok/s=23,324 | tokens=5.33B
step=162790 | loss=4.1313 | lr=2.33e-04 | wd=0.0000 | mom=0.9500 | T=6.2 k=3.8 (mu_rec=8 mu_bwd=4) | grad=5.625 | tok/s=23,980 | tokens=5.33B
step=162800 | loss=4.2658 | lr=2.33e-04 | wd=0.0000 | mom=0.9500 | T=8.8 k=4.0 (mu_rec=8 mu_bwd=4) | grad=4.625 | tok/s=24,086 | tokens=5.33B
step=162810 | loss=3.8881 | lr=2.34e-04 | wd=0.0000 | mom=0.9500 | T=4.8 k=3.5 (mu_rec=8 mu_bwd=4) | grad=4.969 | tok/s=25,284 | tokens=5.33B
step=162820 | loss=3.9788 | lr=2.34e-04 | wd=0.0000 | mom=0.9500 | T=8.2 k=3.2 (mu_rec=8 mu_bwd=4) | grad=6.781 | tok/s=25,685 | tokens=5.34B
step=162830 | loss=4.0034 | lr=2.34e-04 | wd=0.0000 | mom=0.9500 | T=6.8 k=3.0 (mu_rec=8 mu_bwd=4) | grad=5.500 | tok/s=23,469 | tokens=5.34B
step=162840 | loss=3.9919 | lr=2.34e-04 | wd=0.0000 | mom=0.9500 | T=5.0 k=3.5 (mu_rec=8 mu_bwd=4) | grad=4.781 | tok/s=22,210 | tokens=5.34B
step=162850 | loss=3.9647 | lr=2.35e-04 | wd=0.0000 | mom=0.9500 | T=6.2 k=3.8 (mu_rec=8 mu_bwd=4) | grad=4.844 | tok/s=23,691 | tokens=5.34B
step=162860 | loss=3.8149 | lr=2.35e-04 | wd=0.0000 | mom=0.9500 | T=8.2 k=3.8 (mu_rec=8 mu_bwd=4) | grad=4.906 | tok/s=24,260 | tokens=5.34B
step=162870 | loss=4.1509 | lr=2.35e-04 | wd=0.0000 | mom=0.9500 | T=5.8 k=3.5 (mu_rec=8 mu_bwd=4) | grad=4.375 | tok/s=22,506 | tokens=5.34B
step=162880 | loss=4.0432 | lr=2.35e-04 | wd=0.0000 | mom=0.9500 | T=9.5 k=3.8 (mu_rec=8 mu_bwd=4) | grad=4.531 | tok/s=24,366 | tokens=5.34B
step=162890 | loss=4.1223 | lr=2.36e-04 | wd=0.0000 | mom=0.9500 | T=6.0 k=3.2 (mu_rec=8 mu_bwd=4) | grad=5.031 | tok/s=23,607 | tokens=5.34B
step=162900 | loss=4.0891 | lr=2.36e-04 | wd=0.0000 | mom=0.9500 | T=6.8 k=3.2 (mu_rec=8 mu_bwd=4) | grad=3.766 | tok/s=24,188 | tokens=5.34B
step=162910 | loss=4.0472 | lr=2.36e-04 | wd=0.0000 | mom=0.9500 | T=4.0 k=3.0 (mu_rec=8 mu_bwd=4) | grad=4.719 | tok/s=23,148 | tokens=5.34B
step=162920 | loss=4.1145 | lr=2.36e-04 | wd=0.0000 | mom=0.9500 | T=5.5 k=3.5 (mu_rec=8 mu_bwd=4) | grad=4.625 | tok/s=9,140 | tokens=5.34B
step=162930 | loss=4.3772 | lr=2.37e-04 | wd=0.0000 | mom=0.9500 | T=7.0 k=4.0 (mu_rec=8 mu_bwd=4) | grad=4.844 | tok/s=24,886 | tokens=5.34B
step=162940 | loss=3.9850 | lr=2.37e-04 | wd=0.0000 | mom=0.9500 | T=7.8 k=3.8 (mu_rec=8 mu_bwd=4) | grad=3.844 | tok/s=24,290 | tokens=5.34B
step=162950 | loss=4.0501 | lr=2.37e-04 | wd=0.0000 | mom=0.9500 | T=9.8 k=3.5 (mu_rec=8 mu_bwd=4) | grad=4.375 | tok/s=23,625 | tokens=5.34B
step=162960 | loss=4.0489 | lr=2.37e-04 | wd=0.0000 | mom=0.9500 | T=11.8 k=4.0 (mu_rec=8 mu_bwd=4) | grad=5.125 | tok/s=24,046 | tokens=5.34B
step=162970 | loss=3.9866 | lr=2.37e-04 | wd=0.0000 | mom=0.9500 | T=5.0 k=3.8 (mu_rec=8 mu_bwd=4) | grad=4.125 | tok/s=23,268 | tokens=5.34B
step=162980 | loss=4.0516 | lr=2.38e-04 | wd=0.0000 | mom=0.9500 | T=9.2 k=3.8 (mu_rec=8 mu_bwd=4) | grad=7.250 | tok/s=22,615 | tokens=5.34B
step=162990 | loss=4.0961 | lr=2.38e-04 | wd=0.0000 | mom=0.9500 | T=5.2 k=3.5 (mu_rec=8 mu_bwd=4) | grad=4.062 | tok/s=23,372 | tokens=5.34B
step=163000 | loss=4.1399 | lr=2.38e-04 | wd=0.0000 | mom=0.9500 | T=9.8 k=4.0 (mu_rec=8 mu_bwd=4) | grad=4.719 | tok/s=24,335 | tokens=5.34B
step=163010 | loss=4.0410 | lr=2.38e-04 | wd=0.0000 | mom=0.9500 | T=4.5 k=3.8 (mu_rec=8 mu_bwd=4) | grad=4.062 | tok/s=24,522 | tokens=5.34B
step=163020 | loss=3.8656 | lr=2.39e-04 | wd=0.0000 | mom=0.9500 | T=6.5 k=4.0 (mu_rec=8 mu_bwd=4) | grad=4.094 | tok/s=25,301 | tokens=5.34B
step=163030 | loss=4.1699 | lr=2.39e-04 | wd=0.0000 | mom=0.9500 | T=10.8 k=4.0 (mu_rec=8 mu_bwd=4) | grad=5.531 | tok/s=9,619 | tokens=5.34B
step=163040 | loss=3.8539 | lr=2.39e-04 | wd=0.0000 | mom=0.9500 | T=7.8 k=4.0 (mu_rec=8 mu_bwd=4) | grad=6.969 | tok/s=23,640 | tokens=5.34B
step=163050 | loss=4.0877 | lr=2.39e-04 | wd=0.0000 | mom=0.9500 | T=8.0 k=3.2 (mu_rec=8 mu_bwd=4) | grad=3.938 | tok/s=25,883 | tokens=5.34B
step=163060 | loss=4.3136 | lr=2.40e-04 | wd=0.0000 | mom=0.9500 | T=7.5 k=3.2 (mu_rec=8 mu_bwd=4) | grad=7.375 | tok/s=23,923 | tokens=5.34B
step=163070 | loss=4.1265 | lr=2.40e-04 | wd=0.0000 | mom=0.9500 | T=10.0 k=3.5 (mu_rec=8 mu_bwd=4) | grad=5.188 | tok/s=23,531 | tokens=5.34B
step=163080 | loss=4.2119 | lr=2.40e-04 | wd=0.0000 | mom=0.9500 | T=9.5 k=4.0 (mu_rec=8 mu_bwd=4) | grad=4.094 | tok/s=24,044 | tokens=5.34B
step=163090 | loss=3.8974 | lr=2.40e-04 | wd=0.0000 | mom=0.9500 | T=10.5 k=4.0 (mu_rec=8 mu_bwd=4) | grad=5.969 | tok/s=24,053 | tokens=5.34B
step=163100 | loss=4.4795 | lr=2.41e-04 | wd=0.0000 | mom=0.9500 | T=9.5 k=4.0 (mu_rec=8 mu_bwd=4) | grad=4.500 | tok/s=21,522 | tokens=5.34B
step=163110 | loss=4.2857 | lr=2.41e-04 | wd=0.0000 | mom=0.9500 | T=13.8 k=4.0 (mu_rec=8 mu_bwd=4) | grad=4.719 | tok/s=23,888 | tokens=5.34B
step=163120 | loss=4.1942 | lr=2.41e-04 | wd=0.0000 | mom=0.9500 | T=7.0 k=3.8 (mu_rec=8 mu_bwd=4) | grad=5.406 | tok/s=23,314 | tokens=5.35B
step=163130 | loss=4.0295 | lr=2.41e-04 | wd=0.0000 | mom=0.9500 | T=5.2 k=3.0 (mu_rec=8 mu_bwd=4) | grad=4.281 | tok/s=25,418 | tokens=5.35B
step=163140 | loss=3.9448 | lr=2.41e-04 | wd=0.0000 | mom=0.9500 | T=5.5 k=3.8 (mu_rec=8 mu_bwd=4) | grad=4.531 | tok/s=25,192 | tokens=5.35B
step=163150 | loss=3.8938 | lr=2.42e-04 | wd=0.0000 | mom=0.9500 | T=9.0 k=4.0 (mu_rec=8 mu_bwd=4) | grad=4.344 | tok/s=23,923 | tokens=5.35B
step=163160 | loss=4.1366 | lr=2.42e-04 | wd=0.0000 | mom=0.9500 | T=4.0 k=3.5 (mu_rec=8 mu_bwd=4) | grad=7.375 | tok/s=24,204 | tokens=5.35B
step=163170 | loss=3.9749 | lr=2.42e-04 | wd=0.0000 | mom=0.9500 | T=7.0 k=4.0 (mu_rec=8 mu_bwd=4) | grad=4.031 | tok/s=23,568 | tokens=5.35B
step=163180 | loss=3.8459 | lr=2.42e-04 | wd=0.0000 | mom=0.9500 | T=11.0 k=4.0 (mu_rec=8 mu_bwd=4) | grad=4.375 | tok/s=23,252 | tokens=5.35B
step=163190 | loss=3.8658 | lr=2.43e-04 | wd=0.0000 | mom=0.9500 | T=7.5 k=3.8 (mu_rec=8 mu_bwd=4) | grad=5.125 | tok/s=23,014 | tokens=5.35B
step=163200 | loss=4.1508 | lr=2.43e-04 | wd=0.0000 | mom=0.9500 | T=7.5 k=3.8 (mu_rec=8 mu_bwd=4) | grad=5.219 | tok/s=24,031 | tokens=5.35B
step=163210 | loss=4.1386 | lr=2.43e-04 | wd=0.0000 | mom=0.9500 | T=10.5 k=4.0 (mu_rec=8 mu_bwd=4) | grad=4.969 | tok/s=23,132 | tokens=5.35B
step=163220 | loss=3.8971 | lr=2.43e-04 | wd=0.0000 | mom=0.9500 | T=11.8 k=4.0 (mu_rec=8 mu_bwd=4) | grad=4.594 | tok/s=22,522 | tokens=5.35B
step=163230 | loss=3.8495 | lr=2.43e-04 | wd=0.0000 | mom=0.9500 | T=6.5 k=4.0 (mu_rec=8 mu_bwd=4) | grad=5.500 | tok/s=24,176 | tokens=5.35B
step=163240 | loss=3.9078 | lr=2.44e-04 | wd=0.0000 | mom=0.9500 | T=10.5 k=3.8 (mu_rec=8 mu_bwd=4) | grad=15.125 | tok/s=23,949 | tokens=5.35B
step=163250 | loss=4.7321 | lr=2.44e-04 | wd=0.0000 | mom=0.9500 | T=8.8 k=4.0 (mu_rec=8 mu_bwd=4) | grad=4.000 | tok/s=22,107 | tokens=5.35B
step=163260 | loss=4.4668 | lr=2.44e-04 | wd=0.0000 | mom=0.9500 | T=8.0 k=4.0 (mu_rec=8 mu_bwd=4) | grad=7.531 | tok/s=24,869 | tokens=5.35B
step=163270 | loss=4.0505 | lr=2.44e-04 | wd=0.0000 | mom=0.9500 | T=11.0 k=3.8 (mu_rec=8 mu_bwd=4) | grad=4.125 | tok/s=22,715 | tokens=5.35B
step=163280 | loss=3.9225 | lr=2.45e-04 | wd=0.0000 | mom=0.9500 | T=6.8 k=3.2 (mu_rec=8 mu_bwd=4) | grad=4.469 | tok/s=24,780 | tokens=5.35B
step=163290 | loss=3.8463 | lr=2.45e-04 | wd=0.0000 | mom=0.9500 | T=9.5 k=4.0 (mu_rec=8 mu_bwd=4) | grad=4.562 | tok/s=23,530 | tokens=5.35B
step=163300 | loss=3.8417 | lr=2.45e-04 | wd=0.0000 | mom=0.9500 | T=8.2 k=4.0 (mu_rec=8 mu_bwd=4) | grad=12.688 | tok/s=22,355 | tokens=5.35B
step=163310 | loss=3.7037 | lr=2.45e-04 | wd=0.0000 | mom=0.9500 | T=3.2 k=3.2 (mu_rec=8 mu_bwd=4) | grad=5.531 | tok/s=23,487 | tokens=5.35B
step=163320 | loss=3.9604 | lr=2.46e-04 | wd=0.0000 | mom=0.9500 | T=7.8 k=3.8 (mu_rec=8 mu_bwd=4) | grad=4.156 | tok/s=23,874 | tokens=5.35B
step=163330 | loss=3.8988 | lr=2.46e-04 | wd=0.0000 | mom=0.9500 | T=4.2 k=3.5 (mu_rec=8 mu_bwd=4) | grad=4.781 | tok/s=24,371 | tokens=5.35B
step=163340 | loss=3.9958 | lr=2.46e-04 | wd=0.0000 | mom=0.9500 | T=5.2 k=3.2 (mu_rec=8 mu_bwd=4) | grad=4.188 | tok/s=24,818 | tokens=5.35B
step=163350 | loss=3.6793 | lr=2.46e-04 | wd=0.0000 | mom=0.9500 | T=8.0 k=3.5 (mu_rec=8 mu_bwd=4) | grad=4.688 | tok/s=23,817 | tokens=5.35B
step=163360 | loss=3.8952 | lr=2.46e-04 | wd=0.0000 | mom=0.9500 | T=4.5 k=3.8 (mu_rec=8 mu_bwd=4) | grad=6.469 | tok/s=25,342 | tokens=5.35B
step=163370 | loss=4.0839 | lr=2.47e-04 | wd=0.0000 | mom=0.9500 | T=10.5 k=4.0 (mu_rec=8 mu_bwd=4) | grad=4.188 | tok/s=23,652 | tokens=5.35B
step=163380 | loss=3.7534 | lr=2.47e-04 | wd=0.0000 | mom=0.9500 | T=7.5 k=3.5 (mu_rec=8 mu_bwd=4) | grad=6.625 | tok/s=25,033 | tokens=5.35B
step=163390 | loss=4.3486 | lr=2.47e-04 | wd=0.0000 | mom=0.9500 | T=5.2 k=3.5 (mu_rec=8 mu_bwd=4) | grad=4.438 | tok/s=22,747 | tokens=5.35B
step=163400 | loss=4.2105 | lr=2.47e-04 | wd=0.0000 | mom=0.9500 | T=6.2 k=3.5 (mu_rec=8 mu_bwd=4) | grad=4.812 | tok/s=24,960 | tokens=5.35B
step=163410 | loss=4.0511 | lr=2.47e-04 | wd=0.0000 | mom=0.9500 | T=8.0 k=4.0 (mu_rec=8 mu_bwd=4) | grad=5.062 | tok/s=23,892 | tokens=5.35B
step=163420 | loss=3.7939 | lr=2.48e-04 | wd=0.0000 | mom=0.9500 | T=7.0 k=3.5 (mu_rec=8 mu_bwd=4) | grad=6.750 | tok/s=24,924 | tokens=5.35B
step=163430 | loss=4.0625 | lr=2.48e-04 | wd=0.0000 | mom=0.9500 | T=7.8 k=4.0 (mu_rec=8 mu_bwd=4) | grad=3.953 | tok/s=23,645 | tokens=5.36B
step=163440 | loss=4.2354 | lr=2.48e-04 | wd=0.0000 | mom=0.9500 | T=7.5 k=3.5 (mu_rec=8 mu_bwd=4) | grad=4.156 | tok/s=23,728 | tokens=5.36B
step=163450 | loss=4.1226 | lr=2.48e-04 | wd=0.0000 | mom=0.9500 | T=11.2 k=4.0 (mu_rec=8 mu_bwd=4) | grad=4.062 | tok/s=23,459 | tokens=5.36B
step=163460 | loss=4.1821 | lr=2.49e-04 | wd=0.0000 | mom=0.9500 | T=9.0 k=4.0 (mu_rec=8 mu_bwd=4) | grad=4.312 | tok/s=26,831 | tokens=5.36B
step=163470 | loss=3.8710 | lr=2.49e-04 | wd=0.0000 | mom=0.9500 | T=6.8 k=4.0 (mu_rec=8 mu_bwd=4) | grad=4.906 | tok/s=21,928 | tokens=5.36B
step=163480 | loss=4.2712 | lr=2.49e-04 | wd=0.0000 | mom=0.9500 | T=7.0 k=3.5 (mu_rec=8 mu_bwd=4) | grad=8.688 | tok/s=26,408 | tokens=5.36B
step=163490 | loss=4.0179 | lr=2.49e-04 | wd=0.0000 | mom=0.9500 | T=9.5 k=4.0 (mu_rec=8 mu_bwd=4) | grad=4.594 | tok/s=24,190 | tokens=5.36B
step=163500 | loss=4.1140 | lr=2.49e-04 | wd=0.0000 | mom=0.9500 | T=3.5 k=3.2 (mu_rec=8 mu_bwd=4) | grad=7.031 | tok/s=24,464 | tokens=5.36B
step=163510 | loss=3.8432 | lr=2.50e-04 | wd=0.0000 | mom=0.9500 | T=6.8 k=3.2 (mu_rec=8 mu_bwd=4) | grad=6.812 | tok/s=25,853 | tokens=5.36B
step=163520 | loss=3.8329 | lr=2.50e-04 | wd=0.0000 | mom=0.9500 | T=5.2 k=3.5 (mu_rec=8 mu_bwd=4) | grad=14.625 | tok/s=24,350 | tokens=5.36B
step=163530 | loss=3.8877 | lr=2.50e-04 | wd=0.0000 | mom=0.9500 | T=9.0 k=4.0 (mu_rec=8 mu_bwd=4) | grad=4.906 | tok/s=23,174 | tokens=5.36B
step=163540 | loss=4.0954 | lr=2.50e-04 | wd=0.0000 | mom=0.9500 | T=5.8 k=4.0 (mu_rec=8 mu_bwd=4) | grad=5.562 | tok/s=24,526 | tokens=5.36B
step=163550 | loss=4.0762 | lr=2.51e-04 | wd=0.0000 | mom=0.9500 | T=8.2 k=3.8 (mu_rec=8 mu_bwd=4) | grad=4.781 | tok/s=24,116 | tokens=5.36B
step=163560 | loss=3.8148 | lr=2.51e-04 | wd=0.0000 | mom=0.9500 | T=13.8 k=4.0 (mu_rec=8 mu_bwd=4) | grad=3.969 | tok/s=21,999 | tokens=5.36B
step=163570 | loss=3.8304 | lr=2.51e-04 | wd=0.0000 | mom=0.9500 | T=12.5 k=4.0 (mu_rec=8 mu_bwd=4) | grad=3.984 | tok/s=22,836 | tokens=5.36B
step=163580 | loss=4.1316 | lr=2.51e-04 | wd=0.0000 | mom=0.9500 | T=9.8 k=4.0 (mu_rec=8 mu_bwd=4) | grad=6.031 | tok/s=24,766 | tokens=5.36B
step=163590 | loss=4.1226 | lr=2.51e-04 | wd=0.0000 | mom=0.9500 | T=5.2 k=3.2 (mu_rec=8 mu_bwd=4) | grad=5.812 | tok/s=25,044 | tokens=5.36B
step=163600 | loss=4.1065 | lr=2.52e-04 | wd=0.0000 | mom=0.9500 | T=11.0 k=4.0 (mu_rec=8 mu_bwd=4) | grad=3.953 | tok/s=21,714 | tokens=5.36B
step=163610 | loss=4.0159 | lr=2.52e-04 | wd=0.0000 | mom=0.9500 | T=8.8 k=3.2 (mu_rec=8 mu_bwd=4) | grad=4.562 | tok/s=25,560 | tokens=5.36B
step=163620 | loss=3.9061 | lr=2.52e-04 | wd=0.0000 | mom=0.9500 | T=16.0 k=4.0 (mu_rec=8 mu_bwd=4) | grad=5.031 | tok/s=21,582 | tokens=5.36B
step=163630 | loss=4.0497 | lr=2.52e-04 | wd=0.0000 | mom=0.9500 | T=6.5 k=3.8 (mu_rec=8 mu_bwd=4) | grad=6.031 | tok/s=23,222 | tokens=5.36B
step=163640 | loss=4.1593 | lr=2.52e-04 | wd=0.0000 | mom=0.9500 | T=7.0 k=3.5 (mu_rec=8 mu_bwd=4) | grad=4.188 | tok/s=23,368 | tokens=5.36B
step=163650 | loss=4.0505 | lr=2.53e-04 | wd=0.0000 | mom=0.9500 | T=9.8 k=4.0 (mu_rec=8 mu_bwd=4) | grad=4.438 | tok/s=25,054 | tokens=5.36B
step=163660 | loss=4.1453 | lr=2.53e-04 | wd=0.0000 | mom=0.9500 | T=10.5 k=4.0 (mu_rec=8 mu_bwd=4) | grad=5.844 | tok/s=24,302 | tokens=5.36B
step=163670 | loss=3.9950 | lr=2.53e-04 | wd=0.0000 | mom=0.9500 | T=4.5 k=3.0 (mu_rec=8 mu_bwd=4) | grad=4.656 | tok/s=25,501 | tokens=5.36B
step=163680 | loss=3.9607 | lr=2.53e-04 | wd=0.0000 | mom=0.9500 | T=9.5 k=4.0 (mu_rec=8 mu_bwd=4) | grad=5.312 | tok/s=23,099 | tokens=5.36B
step=163690 | loss=4.0680 | lr=2.54e-04 | wd=0.0000 | mom=0.9500 | T=6.2 k=4.0 (mu_rec=8 mu_bwd=4) | grad=7.312 | tok/s=24,512 | tokens=5.36B
step=163700 | loss=3.9415 | lr=2.54e-04 | wd=0.0000 | mom=0.9500 | T=7.8 k=3.2 (mu_rec=8 mu_bwd=4) | grad=4.594 | tok/s=24,282 | tokens=5.36B
step=163710 | loss=4.1441 | lr=2.54e-04 | wd=0.0000 | mom=0.9500 | T=7.2 k=4.0 (mu_rec=8 mu_bwd=4) | grad=4.844 | tok/s=24,770 | tokens=5.36B
step=163720 | loss=4.2026 | lr=2.54e-04 | wd=0.0000 | mom=0.9500 | T=7.0 k=3.2 (mu_rec=8 mu_bwd=4) | grad=4.906 | tok/s=24,182 | tokens=5.36B
step=163730 | loss=4.0241 | lr=2.54e-04 | wd=0.0000 | mom=0.9500 | T=9.0 k=4.0 (mu_rec=8 mu_bwd=4) | grad=4.375 | tok/s=26,980 | tokens=5.37B
step=163740 | loss=3.9621 | lr=2.55e-04 | wd=0.0000 | mom=0.9500 | T=15.0 k=4.0 (mu_rec=8 mu_bwd=4) | grad=4.094 | tok/s=23,040 | tokens=5.37B
step=163750 | loss=3.9464 | lr=2.55e-04 | wd=0.0000 | mom=0.9500 | T=10.8 k=4.0 (mu_rec=8 mu_bwd=4) | grad=5.344 | tok/s=24,844 | tokens=5.37B
step=163760 | loss=3.9195 | lr=2.55e-04 | wd=0.0000 | mom=0.9500 | T=14.2 k=4.0 (mu_rec=8 mu_bwd=4) | grad=4.875 | tok/s=22,740 | tokens=5.37B
step=163770 | loss=4.0309 | lr=2.55e-04 | wd=0.0000 | mom=0.9500 | T=7.2 k=3.8 (mu_rec=8 mu_bwd=4) | grad=5.094 | tok/s=21,359 | tokens=5.37B
step=163780 | loss=4.3840 | lr=2.55e-04 | wd=0.0000 | mom=0.9500 | T=5.8 k=2.8 (mu_rec=8 mu_bwd=4) | grad=14.625 | tok/s=22,480 | tokens=5.37B
step=163790 | loss=4.0678 | lr=2.56e-04 | wd=0.0000 | mom=0.9500 | T=4.5 k=2.8 (mu_rec=8 mu_bwd=4) | grad=6.844 | tok/s=24,369 | tokens=5.37B
step=163800 | loss=4.3963 | lr=2.56e-04 | wd=0.0000 | mom=0.9500 | T=8.5 k=4.0 (mu_rec=8 mu_bwd=4) | grad=5.094 | tok/s=23,227 | tokens=5.37B
step=163810 | loss=3.8406 | lr=2.56e-04 | wd=0.0000 | mom=0.9500 | T=6.0 k=3.2 (mu_rec=8 mu_bwd=4) | grad=4.906 | tok/s=22,944 | tokens=5.37B
step=163820 | loss=4.0575 | lr=2.56e-04 | wd=0.0000 | mom=0.9500 | T=8.2 k=4.0 (mu_rec=8 mu_bwd=4) | grad=6.812 | tok/s=23,703 | tokens=5.37B
step=163830 | loss=4.0685 | lr=2.56e-04 | wd=0.0000 | mom=0.9500 | T=4.5 k=3.2 (mu_rec=8 mu_bwd=4) | grad=5.125 | tok/s=24,192 | tokens=5.37B
step=163840 | loss=3.9647 | lr=2.57e-04 | wd=0.0000 | mom=0.9500 | T=7.8 k=4.0 (mu_rec=8 mu_bwd=4) | grad=4.094 | tok/s=24,877 | tokens=5.37B
step=163850 | loss=3.8871 | lr=2.57e-04 | wd=0.0000 | mom=0.9500 | T=10.0 k=4.0 (mu_rec=8 mu_bwd=4) | grad=4.719 | tok/s=11,064 | tokens=5.37B
step=163860 | loss=3.9589 | lr=2.57e-04 | wd=0.0000 | mom=0.9500 | T=5.2 k=3.8 (mu_rec=8 mu_bwd=4) | grad=4.281 | tok/s=9,940 | tokens=5.37B
step=163870 | loss=4.2576 | lr=2.57e-04 | wd=0.0000 | mom=0.9500 | T=10.5 k=4.0 (mu_rec=8 mu_bwd=4) | grad=3.719 | tok/s=25,229 | tokens=5.37B
step=163880 | loss=3.8713 | lr=2.57e-04 | wd=0.0000 | mom=0.9500 | T=6.2 k=3.8 (mu_rec=8 mu_bwd=4) | grad=5.156 | tok/s=24,640 | tokens=5.37B
step=163890 | loss=4.2597 | lr=2.58e-04 | wd=0.0000 | mom=0.9500 | T=8.5 k=4.0 (mu_rec=8 mu_bwd=4) | grad=5.094 | tok/s=24,500 | tokens=5.37B
step=163900 | loss=3.8921 | lr=2.58e-04 | wd=0.0000 | mom=0.9500 | T=7.5 k=4.0 (mu_rec=8 mu_bwd=4) | grad=6.844 | tok/s=24,428 | tokens=5.37B
step=163910 | loss=3.9522 | lr=2.58e-04 | wd=0.0000 | mom=0.9500 | T=5.0 k=3.2 (mu_rec=8 mu_bwd=4) | grad=3.750 | tok/s=23,044 | tokens=5.37B
step=163920 | loss=4.1240 | lr=2.58e-04 | wd=0.0000 | mom=0.9500 | T=9.8 k=4.0 (mu_rec=8 mu_bwd=4) | grad=4.500 | tok/s=24,364 | tokens=5.37B
step=163930 | loss=3.8896 | lr=2.58e-04 | wd=0.0000 | mom=0.9500 | T=7.8 k=3.8 (mu_rec=8 mu_bwd=4) | grad=4.312 | tok/s=23,626 | tokens=5.37B
step=163940 | loss=3.8355 | lr=2.59e-04 | wd=0.0000 | mom=0.9500 | T=8.5 k=4.0 (mu_rec=8 mu_bwd=4) | grad=5.188 | tok/s=22,770 | tokens=5.37B
step=163950 | loss=4.0579 | lr=2.59e-04 | wd=0.0000 | mom=0.9500 | T=10.2 k=4.0 (mu_rec=8 mu_bwd=4) | grad=6.500 | tok/s=23,953 | tokens=5.37B
step=163960 | loss=3.9288 | lr=2.59e-04 | wd=0.0000 | mom=0.9500 | T=5.2 k=3.5 (mu_rec=8 mu_bwd=4) | grad=5.750 | tok/s=23,927 | tokens=5.37B
step=163970 | loss=3.9125 | lr=2.59e-04 | wd=0.0000 | mom=0.9500 | T=9.0 k=4.0 (mu_rec=8 mu_bwd=4) | grad=4.250 | tok/s=22,947 | tokens=5.37B
step=163980 | loss=3.9869 | lr=2.59e-04 | wd=0.0000 | mom=0.9500 | T=7.8 k=4.0 (mu_rec=8 mu_bwd=4) | grad=5.625 | tok/s=22,181 | tokens=5.37B
step=163990 | loss=4.1235 | lr=2.60e-04 | wd=0.0000 | mom=0.9500 | T=6.0 k=4.0 (mu_rec=8 mu_bwd=4) | grad=4.281 | tok/s=23,229 | tokens=5.37B
step=164000 | loss=4.4643 | lr=2.60e-04 | wd=0.0000 | mom=0.9500 | T=11.0 k=4.0 (mu_rec=8 mu_bwd=4) | grad=4.688 | tok/s=25,173 | tokens=5.37B
[step 164000] Saved -> runs/cortex-5b-k4/checkpoint_0164000
[step 164000] Pruned -> runs/cortex-5b-k4/checkpoint_0158000
step=164010 | loss=4.0580 | lr=2.60e-04 | wd=0.0000 | mom=0.9500 | T=10.2 k=4.0 (mu_rec=8 mu_bwd=4) | grad=14.000 | tok/s=21,287 | tokens=5.37B
step=164020 | loss=4.1935 | lr=2.60e-04 | wd=0.0000 | mom=0.9500 | T=5.8 k=3.2 (mu_rec=8 mu_bwd=4) | grad=12.312 | tok/s=27,155 | tokens=5.37B
step=164030 | loss=3.9235 | lr=2.60e-04 | wd=0.0000 | mom=0.9500 | T=4.8 k=3.2 (mu_rec=8 mu_bwd=4) | grad=12.500 | tok/s=24,018 | tokens=5.37B
step=164040 | loss=4.1426 | lr=2.61e-04 | wd=0.0000 | mom=0.9500 | T=10.0 k=4.0 (mu_rec=8 mu_bwd=4) | grad=5.156 | tok/s=23,104 | tokens=5.38B
step=164050 | loss=4.2901 | lr=2.61e-04 | wd=0.0000 | mom=0.9500 | T=5.5 k=3.8 (mu_rec=8 mu_bwd=4) | grad=6.125 | tok/s=24,425 | tokens=5.38B
step=164060 | loss=4.2367 | lr=2.61e-04 | wd=0.0000 | mom=0.9500 | T=10.0 k=4.0 (mu_rec=8 mu_bwd=4) | grad=4.938 | tok/s=22,842 | tokens=5.38B
step=164070 | loss=4.0273 | lr=2.61e-04 | wd=0.0000 | mom=0.9500 | T=13.0 k=4.0 (mu_rec=8 mu_bwd=4) | grad=4.656 | tok/s=21,393 | tokens=5.38B
step=164080 | loss=4.3696 | lr=2.61e-04 | wd=0.0000 | mom=0.9500 | T=8.0 k=4.0 (mu_rec=8 mu_bwd=4) | grad=4.969 | tok/s=24,205 | tokens=5.38B
step=164090 | loss=4.0359 | lr=2.62e-04 | wd=0.0000 | mom=0.9500 | T=4.0 k=2.2 (mu_rec=8 mu_bwd=4) | grad=5.969 | tok/s=24,578 | tokens=5.38B
step=164100 | loss=4.0234 | lr=2.62e-04 | wd=0.0000 | mom=0.9500 | T=8.2 k=3.2 (mu_rec=8 mu_bwd=4) | grad=5.375 | tok/s=24,833 | tokens=5.38B
step=164110 | loss=3.8320 | lr=2.62e-04 | wd=0.0000 | mom=0.9500 | T=6.0 k=3.8 (mu_rec=8 mu_bwd=4) | grad=4.938 | tok/s=25,138 | tokens=5.38B
step=164120 | loss=3.9822 | lr=2.62e-04 | wd=0.0000 | mom=0.9500 | T=11.5 k=4.0 (mu_rec=8 mu_bwd=4) | grad=6.031 | tok/s=23,102 | tokens=5.38B
step=164130 | loss=4.0442 | lr=2.62e-04 | wd=0.0000 | mom=0.9500 | T=12.8 k=3.8 (mu_rec=8 mu_bwd=4) | grad=4.500 | tok/s=22,321 | tokens=5.38B
step=164140 | loss=4.2957 | lr=2.63e-04 | wd=0.0000 | mom=0.9500 | T=9.5 k=4.0 (mu_rec=8 mu_bwd=4) | grad=5.938 | tok/s=23,439 | tokens=5.38B
step=164150 | loss=4.1894 | lr=2.63e-04 | wd=0.0000 | mom=0.9500 | T=11.2 k=4.0 (mu_rec=8 mu_bwd=4) | grad=9.062 | tok/s=22,074 | tokens=5.38B
step=164160 | loss=4.1671 | lr=2.63e-04 | wd=0.0000 | mom=0.9500 | T=13.2 k=3.8 (mu_rec=8 mu_bwd=4) | grad=4.250 | tok/s=22,560 | tokens=5.38B
step=164170 | loss=4.3093 | lr=2.63e-04 | wd=0.0000 | mom=0.9500 | T=11.2 k=4.0 (mu_rec=8 mu_bwd=4) | grad=4.562 | tok/s=23,573 | tokens=5.38B
step=164180 | loss=4.1066 | lr=2.63e-04 | wd=0.0000 | mom=0.9500 | T=7.0 k=3.8 (mu_rec=8 mu_bwd=4) | grad=25.375 | tok/s=23,849 | tokens=5.38B
step=164190 | loss=4.2456 | lr=2.64e-04 | wd=0.0000 | mom=0.9500 | T=6.0 k=4.0 (mu_rec=8 mu_bwd=4) | grad=14.438 | tok/s=24,776 | tokens=5.38B
step=164200 | loss=4.0472 | lr=2.64e-04 | wd=0.0000 | mom=0.9500 | T=5.8 k=3.8 (mu_rec=8 mu_bwd=4) | grad=5.312 | tok/s=24,155 | tokens=5.38B
step=164210 | loss=4.2635 | lr=2.64e-04 | wd=0.0000 | mom=0.9500 | T=6.2 k=3.8 (mu_rec=8 mu_bwd=4) | grad=7.156 | tok/s=23,534 | tokens=5.38B
step=164220 | loss=3.8969 | lr=2.64e-04 | wd=0.0000 | mom=0.9500 | T=7.8 k=4.0 (mu_rec=8 mu_bwd=4) | grad=4.656 | tok/s=24,810 | tokens=5.38B
step=164230 | loss=3.8858 | lr=2.64e-04 | wd=0.0000 | mom=0.9500 | T=8.2 k=3.8 (mu_rec=8 mu_bwd=4) | grad=5.250 | tok/s=24,314 | tokens=5.38B
step=164240 | loss=3.9694 | lr=2.64e-04 | wd=0.0000 | mom=0.9500 | T=7.0 k=4.0 (mu_rec=8 mu_bwd=4) | grad=6.844 | tok/s=24,739 | tokens=5.38B
step=164250 | loss=3.9159 | lr=2.65e-04 | wd=0.0000 | mom=0.9500 | T=6.2 k=3.5 (mu_rec=8 mu_bwd=4) | grad=5.125 | tok/s=23,393 | tokens=5.38B
step=164260 | loss=4.0505 | lr=2.65e-04 | wd=0.0000 | mom=0.9500 | T=8.0 k=4.0 (mu_rec=8 mu_bwd=4) | grad=4.750 | tok/s=22,395 | tokens=5.38B
step=164270 | loss=4.1433 | lr=2.65e-04 | wd=0.0000 | mom=0.9500 | T=7.2 k=4.0 (mu_rec=8 mu_bwd=4) | grad=5.125 | tok/s=25,140 | tokens=5.38B
step=164280 | loss=4.1710 | lr=2.65e-04 | wd=0.0000 | mom=0.9500 | T=9.8 k=4.0 (mu_rec=8 mu_bwd=4) | grad=4.281 | tok/s=22,757 | tokens=5.38B
step=164290 | loss=4.0919 | lr=2.65e-04 | wd=0.0000 | mom=0.9500 | T=7.0 k=3.8 (mu_rec=8 mu_bwd=4) | grad=6.406 | tok/s=23,312 | tokens=5.38B
step=164300 | loss=3.9754 | lr=2.66e-04 | wd=0.0000 | mom=0.9500 | T=4.8 k=4.0 (mu_rec=8 mu_bwd=4) | grad=6.656 | tok/s=22,699 | tokens=5.38B
step=164310 | loss=3.9709 | lr=2.66e-04 | wd=0.0000 | mom=0.9500 | T=7.0 k=3.5 (mu_rec=8 mu_bwd=4) | grad=3.625 | tok/s=24,511 | tokens=5.38B
step=164320 | loss=4.1952 | lr=2.66e-04 | wd=0.0000 | mom=0.9500 | T=7.5 k=3.2 (mu_rec=8 mu_bwd=4) | grad=6.531 | tok/s=24,749 | tokens=5.38B
step=164330 | loss=3.9011 | lr=2.66e-04 | wd=0.0000 | mom=0.9500 | T=11.5 k=4.0 (mu_rec=8 mu_bwd=4) | grad=4.844 | tok/s=23,079 | tokens=5.38B
step=164340 | loss=4.1516 | lr=2.66e-04 | wd=0.0000 | mom=0.9500 | T=12.0 k=4.0 (mu_rec=8 mu_bwd=4) | grad=3.703 | tok/s=21,342 | tokens=5.39B
step=164350 | loss=4.0822 | lr=2.67e-04 | wd=0.0000 | mom=0.9500 | T=7.0 k=4.0 (mu_rec=8 mu_bwd=4) | grad=4.594 | tok/s=23,987 | tokens=5.39B
step=164360 | loss=3.9747 | lr=2.67e-04 | wd=0.0000 | mom=0.9500 | T=10.0 k=4.0 (mu_rec=8 mu_bwd=4) | grad=6.625 | tok/s=22,577 | tokens=5.39B
step=164370 | loss=4.0790 | lr=2.67e-04 | wd=0.0000 | mom=0.9500 | T=6.8 k=4.0 (mu_rec=8 mu_bwd=4) | grad=4.594 | tok/s=24,809 | tokens=5.39B
step=164380 | loss=4.1137 | lr=2.67e-04 | wd=0.0000 | mom=0.9500 | T=9.8 k=3.8 (mu_rec=8 mu_bwd=4) | grad=5.062 | tok/s=24,834 | tokens=5.39B
step=164390 | loss=3.9463 | lr=2.67e-04 | wd=0.0000 | mom=0.9500 | T=10.5 k=4.0 (mu_rec=8 mu_bwd=4) | grad=7.875 | tok/s=23,378 | tokens=5.39B
step=164400 | loss=4.2419 | lr=2.67e-04 | wd=0.0000 | mom=0.9500 | T=7.5 k=3.8 (mu_rec=8 mu_bwd=4) | grad=4.469 | tok/s=23,881 | tokens=5.39B
step=164410 | loss=3.8977 | lr=2.68e-04 | wd=0.0000 | mom=0.9500 | T=7.0 k=3.5 (mu_rec=8 mu_bwd=4) | grad=3.969 | tok/s=23,363 | tokens=5.39B
step=164420 | loss=3.9709 | lr=2.68e-04 | wd=0.0000 | mom=0.9500 | T=6.8 k=4.0 (mu_rec=8 mu_bwd=4) | grad=5.594 | tok/s=23,373 | tokens=5.39B
step=164430 | loss=3.9505 | lr=2.68e-04 | wd=0.0000 | mom=0.9500 | T=4.8 k=3.8 (mu_rec=8 mu_bwd=4) | grad=3.969 | tok/s=25,181 | tokens=5.39B
step=164440 | loss=4.0088 | lr=2.68e-04 | wd=0.0000 | mom=0.9500 | T=7.2 k=3.2 (mu_rec=8 mu_bwd=4) | grad=4.125 | tok/s=24,104 | tokens=5.39B
step=164450 | loss=4.1246 | lr=2.68e-04 | wd=0.0000 | mom=0.9500 | T=5.5 k=3.5 (mu_rec=8 mu_bwd=4) | grad=3.422 | tok/s=24,905 | tokens=5.39B
step=164460 | loss=4.3434 | lr=2.68e-04 | wd=0.0000 | mom=0.9500 | T=9.2 k=4.0 (mu_rec=8 mu_bwd=4) | grad=5.031 | tok/s=26,389 | tokens=5.39B
step=164470 | loss=4.0004 | lr=2.69e-04 | wd=0.0000 | mom=0.9500 | T=8.2 k=4.0 (mu_rec=8 mu_bwd=4) | grad=7.062 | tok/s=24,506 | tokens=5.39B
step=164480 | loss=4.0609 | lr=2.69e-04 | wd=0.0000 | mom=0.9500 | T=10.5 k=4.0 (mu_rec=8 mu_bwd=4) | grad=4.438 | tok/s=22,440 | tokens=5.39B
step=164490 | loss=4.0767 | lr=2.69e-04 | wd=0.0000 | mom=0.9500 | T=5.0 k=3.5 (mu_rec=8 mu_bwd=4) | grad=4.594 | tok/s=22,884 | tokens=5.39B
step=164500 | loss=4.2051 | lr=2.69e-04 | wd=0.0000 | mom=0.9500 | T=6.8 k=4.0 (mu_rec=8 mu_bwd=4) | grad=5.062 | tok/s=26,289 | tokens=5.39B
step=164510 | loss=4.0919 | lr=2.69e-04 | wd=0.0000 | mom=0.9500 | T=10.8 k=4.0 (mu_rec=8 mu_bwd=4) | grad=4.562 | tok/s=23,015 | tokens=5.39B
step=164520 | loss=4.2460 | lr=2.70e-04 | wd=0.0000 | mom=0.9500 | T=13.2 k=4.0 (mu_rec=8 mu_bwd=4) | grad=3.984 | tok/s=22,879 | tokens=5.39B
step=164530 | loss=4.1818 | lr=2.70e-04 | wd=0.0000 | mom=0.9500 | T=12.8 k=4.0 (mu_rec=8 mu_bwd=4) | grad=5.344 | tok/s=23,026 | tokens=5.39B
step=164540 | loss=3.9519 | lr=2.70e-04 | wd=0.0000 | mom=0.9500 | T=5.0 k=3.5 (mu_rec=8 mu_bwd=4) | grad=5.344 | tok/s=23,397 | tokens=5.39B
step=164550 | loss=4.2372 | lr=2.70e-04 | wd=0.0000 | mom=0.9500 | T=8.8 k=3.8 (mu_rec=8 mu_bwd=4) | grad=4.125 | tok/s=23,500 | tokens=5.39B
step=164560 | loss=4.0946 | lr=2.70e-04 | wd=0.0000 | mom=0.9500 | T=10.8 k=4.0 (mu_rec=8 mu_bwd=4) | grad=4.469 | tok/s=23,734 | tokens=5.39B
step=164570 | loss=3.5762 | lr=2.70e-04 | wd=0.0000 | mom=0.9500 | T=8.5 k=3.5 (mu_rec=8 mu_bwd=4) | grad=8.438 | tok/s=25,383 | tokens=5.39B
step=164580 | loss=4.0072 | lr=2.71e-04 | wd=0.0000 | mom=0.9500 | T=7.0 k=3.2 (mu_rec=8 mu_bwd=4) | grad=8.250 | tok/s=23,503 | tokens=5.39B
step=164590 | loss=4.2573 | lr=2.71e-04 | wd=0.0000 | mom=0.9500 | T=10.5 k=4.0 (mu_rec=8 mu_bwd=4) | grad=4.906 | tok/s=23,689 | tokens=5.39B
step=164600 | loss=4.2727 | lr=2.71e-04 | wd=0.0000 | mom=0.9500 | T=4.2 k=3.2 (mu_rec=8 mu_bwd=4) | grad=5.062 | tok/s=23,056 | tokens=5.39B
step=164610 | loss=3.7569 | lr=2.71e-04 | wd=0.0000 | mom=0.9500 | T=7.2 k=3.2 (mu_rec=8 mu_bwd=4) | grad=4.906 | tok/s=24,827 | tokens=5.39B
step=164620 | loss=4.0512 | lr=2.71e-04 | wd=0.0000 | mom=0.9500 | T=7.5 k=4.0 (mu_rec=8 mu_bwd=4) | grad=4.125 | tok/s=23,532 | tokens=5.39B
step=164630 | loss=4.0583 | lr=2.71e-04 | wd=0.0000 | mom=0.9500 | T=4.5 k=3.8 (mu_rec=8 mu_bwd=4) | grad=4.719 | tok/s=24,043 | tokens=5.39B
step=164640 | loss=4.1269 | lr=2.72e-04 | wd=0.0000 | mom=0.9500 | T=6.0 k=3.5 (mu_rec=8 mu_bwd=4) | grad=5.875 | tok/s=23,330 | tokens=5.39B
step=164650 | loss=4.0537 | lr=2.72e-04 | wd=0.0000 | mom=0.9500 | T=8.5 k=3.8 (mu_rec=8 mu_bwd=4) | grad=4.531 | tok/s=23,745 | tokens=5.40B
step=164660 | loss=3.9946 | lr=2.72e-04 | wd=0.0000 | mom=0.9500 | T=9.5 k=3.5 (mu_rec=8 mu_bwd=4) | grad=5.031 | tok/s=23,571 | tokens=5.40B
step=164670 | loss=4.0453 | lr=2.72e-04 | wd=0.0000 | mom=0.9500 | T=7.0 k=4.0 (mu_rec=8 mu_bwd=4) | grad=4.688 | tok/s=10,399 | tokens=5.40B
step=164680 | loss=3.9813 | lr=2.72e-04 | wd=0.0000 | mom=0.9500 | T=7.8 k=3.5 (mu_rec=8 mu_bwd=4) | grad=4.812 | tok/s=23,773 | tokens=5.40B
step=164690 | loss=4.2233 | lr=2.72e-04 | wd=0.0000 | mom=0.9500 | T=5.0 k=3.0 (mu_rec=8 mu_bwd=4) | grad=6.219 | tok/s=24,145 | tokens=5.40B
step=164700 | loss=3.7500 | lr=2.73e-04 | wd=0.0000 | mom=0.9500 | T=8.8 k=3.5 (mu_rec=8 mu_bwd=4) | grad=5.594 | tok/s=23,705 | tokens=5.40B
step=164710 | loss=4.2014 | lr=2.73e-04 | wd=0.0000 | mom=0.9500 | T=9.2 k=3.2 (mu_rec=8 mu_bwd=4) | grad=5.344 | tok/s=25,030 | tokens=5.40B
step=164720 | loss=4.3041 | lr=2.73e-04 | wd=0.0000 | mom=0.9500 | T=11.8 k=3.8 (mu_rec=8 mu_bwd=4) | grad=4.562 | tok/s=25,588 | tokens=5.40B
step=164730 | loss=4.1856 | lr=2.73e-04 | wd=0.0000 | mom=0.9500 | T=8.0 k=4.0 (mu_rec=8 mu_bwd=4) | grad=4.469 | tok/s=22,286 | tokens=5.40B
step=164740 | loss=4.0663 | lr=2.73e-04 | wd=0.0000 | mom=0.9500 | T=10.8 k=3.8 (mu_rec=8 mu_bwd=4) | grad=5.031 | tok/s=22,963 | tokens=5.40B
step=164750 | loss=4.1361 | lr=2.73e-04 | wd=0.0000 | mom=0.9500 | T=5.2 k=3.5 (mu_rec=8 mu_bwd=4) | grad=7.531 | tok/s=23,048 | tokens=5.40B
step=164760 | loss=3.8610 | lr=2.74e-04 | wd=0.0000 | mom=0.9500 | T=9.5 k=3.5 (mu_rec=8 mu_bwd=4) | grad=4.438 | tok/s=22,456 | tokens=5.40B
step=164770 | loss=3.8714 | lr=2.74e-04 | wd=0.0000 | mom=0.9500 | T=8.2 k=3.8 (mu_rec=8 mu_bwd=4) | grad=7.250 | tok/s=22,805 | tokens=5.40B
step=164780 | loss=4.0875 | lr=2.74e-04 | wd=0.0000 | mom=0.9500 | T=10.5 k=4.0 (mu_rec=8 mu_bwd=4) | grad=5.188 | tok/s=10,625 | tokens=5.40B
step=164790 | loss=4.0556 | lr=2.74e-04 | wd=0.0000 | mom=0.9500 | T=6.8 k=4.0 (mu_rec=8 mu_bwd=4) | grad=4.656 | tok/s=23,821 | tokens=5.40B
step=164800 | loss=4.5005 | lr=2.74e-04 | wd=0.0000 | mom=0.9500 | T=8.2 k=4.0 (mu_rec=8 mu_bwd=4) | grad=5.562 | tok/s=22,898 | tokens=5.40B
step=164810 | loss=4.5094 | lr=2.74e-04 | wd=0.0000 | mom=0.9500 | T=7.0 k=3.2 (mu_rec=8 mu_bwd=4) | grad=4.938 | tok/s=23,935 | tokens=5.40B
step=164820 | loss=3.9259 | lr=2.75e-04 | wd=0.0000 | mom=0.9500 | T=7.2 k=3.5 (mu_rec=8 mu_bwd=4) | grad=5.125 | tok/s=24,177 | tokens=5.40B
step=164830 | loss=4.0906 | lr=2.75e-04 | wd=0.0000 | mom=0.9500 | T=9.2 k=3.5 (mu_rec=8 mu_bwd=4) | grad=4.125 | tok/s=23,890 | tokens=5.40B
step=164840 | loss=4.0895 | lr=2.75e-04 | wd=0.0000 | mom=0.9500 | T=10.2 k=4.0 (mu_rec=8 mu_bwd=4) | grad=4.500 | tok/s=23,357 | tokens=5.40B
step=164850 | loss=4.2571 | lr=2.75e-04 | wd=0.0000 | mom=0.9500 | T=12.0 k=4.0 (mu_rec=8 mu_bwd=4) | grad=6.188 | tok/s=23,999 | tokens=5.40B
step=164860 | loss=4.3800 | lr=2.75e-04 | wd=0.0000 | mom=0.9500 | T=5.8 k=3.2 (mu_rec=8 mu_bwd=4) | grad=6.719 | tok/s=22,950 | tokens=5.40B
step=164870 | loss=4.1018 | lr=2.75e-04 | wd=0.0000 | mom=0.9500 | T=9.2 k=3.8 (mu_rec=8 mu_bwd=4) | grad=7.312 | tok/s=24,121 | tokens=5.40B
step=164880 | loss=4.0426 | lr=2.76e-04 | wd=0.0000 | mom=0.9500 | T=8.0 k=4.0 (mu_rec=8 mu_bwd=4) | grad=5.094 | tok/s=24,050 | tokens=5.40B
step=164890 | loss=4.0313 | lr=2.76e-04 | wd=0.0000 | mom=0.9500 | T=6.5 k=2.8 (mu_rec=8 mu_bwd=4) | grad=12.875 | tok/s=23,822 | tokens=5.40B
step=164900 | loss=4.0328 | lr=2.76e-04 | wd=0.0000 | mom=0.9500 | T=7.5 k=3.5 (mu_rec=8 mu_bwd=4) | grad=4.656 | tok/s=23,074 | tokens=5.40B
step=164910 | loss=3.9346 | lr=2.76e-04 | wd=0.0000 | mom=0.9500 | T=9.5 k=4.0 (mu_rec=8 mu_bwd=4) | grad=4.250 | tok/s=23,737 | tokens=5.40B
step=164920 | loss=4.0797 | lr=2.76e-04 | wd=0.0000 | mom=0.9500 | T=7.2 k=4.0 (mu_rec=8 mu_bwd=4) | grad=5.156 | tok/s=23,796 | tokens=5.40B
step=164930 | loss=3.8607 | lr=2.76e-04 | wd=0.0000 | mom=0.9500 | T=6.2 k=4.0 (mu_rec=8 mu_bwd=4) | grad=5.125 | tok/s=24,793 | tokens=5.40B
step=164940 | loss=3.9898 | lr=2.77e-04 | wd=0.0000 | mom=0.9500 | T=8.0 k=3.5 (mu_rec=8 mu_bwd=4) | grad=5.469 | tok/s=24,084 | tokens=5.40B
step=164950 | loss=4.0530 | lr=2.77e-04 | wd=0.0000 | mom=0.9500 | T=7.5 k=3.5 (mu_rec=8 mu_bwd=4) | grad=5.125 | tok/s=24,885 | tokens=5.41B
step=164960 | loss=4.0415 | lr=2.77e-04 | wd=0.0000 | mom=0.9500 | T=3.8 k=2.8 (mu_rec=8 mu_bwd=4) | grad=4.906 | tok/s=23,584 | tokens=5.41B
step=164970 | loss=4.1204 | lr=2.77e-04 | wd=0.0000 | mom=0.9500 | T=8.5 k=4.0 (mu_rec=8 mu_bwd=4) | grad=4.031 | tok/s=23,226 | tokens=5.41B
step=164980 | loss=3.9134 | lr=2.77e-04 | wd=0.0000 | mom=0.9500 | T=6.5 k=3.0 (mu_rec=8 mu_bwd=4) | grad=3.891 | tok/s=25,474 | tokens=5.41B
step=164990 | loss=3.7135 | lr=2.77e-04 | wd=0.0000 | mom=0.9500 | T=10.2 k=4.0 (mu_rec=8 mu_bwd=4) | grad=4.750 | tok/s=23,304 | tokens=5.41B
step=165000 | loss=4.1622 | lr=2.77e-04 | wd=0.0000 | mom=0.9500 | T=4.5 k=3.2 (mu_rec=8 mu_bwd=4) | grad=4.594 | tok/s=23,664 | tokens=5.41B
step=165010 | loss=4.1271 | lr=2.78e-04 | wd=0.0000 | mom=0.9500 | T=8.0 k=3.8 (mu_rec=8 mu_bwd=4) | grad=5.031 | tok/s=23,458 | tokens=5.41B
step=165020 | loss=4.2373 | lr=2.78e-04 | wd=0.0000 | mom=0.9500 | T=6.0 k=3.5 (mu_rec=8 mu_bwd=4) | grad=5.188 | tok/s=24,242 | tokens=5.41B
step=165030 | loss=3.9708 | lr=2.78e-04 | wd=0.0000 | mom=0.9500 | T=7.5 k=4.0 (mu_rec=8 mu_bwd=4) | grad=5.094 | tok/s=24,355 | tokens=5.41B
step=165040 | loss=3.9317 | lr=2.78e-04 | wd=0.0000 | mom=0.9500 | T=7.2 k=3.8 (mu_rec=8 mu_bwd=4) | grad=4.375 | tok/s=21,889 | tokens=5.41B
step=165050 | loss=4.0170 | lr=2.78e-04 | wd=0.0000 | mom=0.9500 | T=6.8 k=3.2 (mu_rec=8 mu_bwd=4) | grad=4.719 | tok/s=24,041 | tokens=5.41B
step=165060 | loss=4.0421 | lr=2.78e-04 | wd=0.0000 | mom=0.9500 | T=9.8 k=4.0 (mu_rec=8 mu_bwd=4) | grad=4.406 | tok/s=23,671 | tokens=5.41B
step=165070 | loss=4.1548 | lr=2.79e-04 | wd=0.0000 | mom=0.9500 | T=5.2 k=4.0 (mu_rec=8 mu_bwd=4) | grad=5.438 | tok/s=23,392 | tokens=5.41B
step=165080 | loss=3.9136 | lr=2.79e-04 | wd=0.0000 | mom=0.9500 | T=7.5 k=4.0 (mu_rec=8 mu_bwd=4) | grad=7.406 | tok/s=22,035 | tokens=5.41B
step=165090 | loss=4.0919 | lr=2.79e-04 | wd=0.0000 | mom=0.9500 | T=4.0 k=3.8 (mu_rec=8 mu_bwd=4) | grad=4.375 | tok/s=23,431 | tokens=5.41B
step=165100 | loss=4.3205 | lr=2.79e-04 | wd=0.0000 | mom=0.9500 | T=6.0 k=3.5 (mu_rec=8 mu_bwd=4) | grad=5.531 | tok/s=22,822 | tokens=5.41B
step=165110 | loss=3.9513 | lr=2.79e-04 | wd=0.0000 | mom=0.9500 | T=5.0 k=4.0 (mu_rec=8 mu_bwd=4) | grad=4.500 | tok/s=22,997 | tokens=5.41B
step=165120 | loss=4.0042 | lr=2.79e-04 | wd=0.0000 | mom=0.9500 | T=4.5 k=3.0 (mu_rec=8 mu_bwd=4) | grad=5.281 | tok/s=25,425 | tokens=5.41B
step=165130 | loss=4.0569 | lr=2.79e-04 | wd=0.0000 | mom=0.9500 | T=9.0 k=3.5 (mu_rec=8 mu_bwd=4) | grad=10.062 | tok/s=24,700 | tokens=5.41B
step=165140 | loss=4.3484 | lr=2.80e-04 | wd=0.0000 | mom=0.9500 | T=11.5 k=4.0 (mu_rec=8 mu_bwd=4) | grad=6.219 | tok/s=23,871 | tokens=5.41B
step=165150 | loss=4.0031 | lr=2.80e-04 | wd=0.0000 | mom=0.9500 | T=8.5 k=3.8 (mu_rec=8 mu_bwd=4) | grad=4.375 | tok/s=22,639 | tokens=5.41B
step=165160 | loss=4.2226 | lr=2.80e-04 | wd=0.0000 | mom=0.9500 | T=5.8 k=3.2 (mu_rec=8 mu_bwd=4) | grad=4.250 | tok/s=23,447 | tokens=5.41B
step=165170 | loss=4.1103 | lr=2.80e-04 | wd=0.0000 | mom=0.9500 | T=10.0 k=3.2 (mu_rec=8 mu_bwd=4) | grad=4.406 | tok/s=24,476 | tokens=5.41B
step=165180 | loss=3.7910 | lr=2.80e-04 | wd=0.0000 | mom=0.9500 | T=7.0 k=4.0 (mu_rec=8 mu_bwd=4) | grad=4.688 | tok/s=25,633 | tokens=5.41B
step=165190 | loss=3.9590 | lr=2.80e-04 | wd=0.0000 | mom=0.9500 | T=10.0 k=4.0 (mu_rec=8 mu_bwd=4) | grad=5.375 | tok/s=22,803 | tokens=5.41B
step=165200 | loss=3.8515 | lr=2.80e-04 | wd=0.0000 | mom=0.9500 | T=9.8 k=4.0 (mu_rec=8 mu_bwd=4) | grad=5.250 | tok/s=23,151 | tokens=5.41B
step=165210 | loss=4.1717 | lr=2.81e-04 | wd=0.0000 | mom=0.9500 | T=9.5 k=3.8 (mu_rec=8 mu_bwd=4) | grad=4.219 | tok/s=23,722 | tokens=5.41B
step=165220 | loss=3.8687 | lr=2.81e-04 | wd=0.0000 | mom=0.9500 | T=8.0 k=3.8 (mu_rec=8 mu_bwd=4) | grad=5.625 | tok/s=23,042 | tokens=5.41B
step=165230 | loss=4.0238 | lr=2.81e-04 | wd=0.0000 | mom=0.9500 | T=9.2 k=3.8 (mu_rec=8 mu_bwd=4) | grad=4.688 | tok/s=22,867 | tokens=5.41B
step=165240 | loss=4.2152 | lr=2.81e-04 | wd=0.0000 | mom=0.9500 | T=9.2 k=3.2 (mu_rec=8 mu_bwd=4) | grad=6.281 | tok/s=23,713 | tokens=5.41B
step=165250 | loss=3.9196 | lr=2.81e-04 | wd=0.0000 | mom=0.9500 | T=6.0 k=3.8 (mu_rec=8 mu_bwd=4) | grad=4.719 | tok/s=23,823 | tokens=5.41B
step=165260 | loss=3.8825 | lr=2.81e-04 | wd=0.0000 | mom=0.9500 | T=8.5 k=3.8 (mu_rec=8 mu_bwd=4) | grad=4.688 | tok/s=23,127 | tokens=5.42B
step=165270 | loss=4.0394 | lr=2.81e-04 | wd=0.0000 | mom=0.9500 | T=10.0 k=4.0 (mu_rec=8 mu_bwd=4) | grad=5.281 | tok/s=23,645 | tokens=5.42B
step=165280 | loss=3.7306 | lr=2.82e-04 | wd=0.0000 | mom=0.9500 | T=6.8 k=3.8 (mu_rec=8 mu_bwd=4) | grad=6.375 | tok/s=23,746 | tokens=5.42B
step=165290 | loss=4.1528 | lr=2.82e-04 | wd=0.0000 | mom=0.9500 | T=19.5 k=4.0 (mu_rec=8 mu_bwd=4) | grad=7.250 | tok/s=23,036 | tokens=5.42B
step=165300 | loss=4.2345 | lr=2.82e-04 | wd=0.0000 | mom=0.9500 | T=12.0 k=3.8 (mu_rec=8 mu_bwd=4) | grad=5.062 | tok/s=22,546 | tokens=5.42B
step=165310 | loss=3.8931 | lr=2.82e-04 | wd=0.0000 | mom=0.9500 | T=8.8 k=3.8 (mu_rec=8 mu_bwd=4) | grad=4.906 | tok/s=24,221 | tokens=5.42B
step=165320 | loss=4.1862 | lr=2.82e-04 | wd=0.0000 | mom=0.9500 | T=11.0 k=4.0 (mu_rec=8 mu_bwd=4) | grad=5.719 | tok/s=24,508 | tokens=5.42B
step=165330 | loss=4.1090 | lr=2.82e-04 | wd=0.0000 | mom=0.9500 | T=10.8 k=4.0 (mu_rec=8 mu_bwd=4) | grad=4.750 | tok/s=24,784 | tokens=5.42B
step=165340 | loss=4.1735 | lr=2.82e-04 | wd=0.0000 | mom=0.9500 | T=6.2 k=4.0 (mu_rec=8 mu_bwd=4) | grad=5.000 | tok/s=23,742 | tokens=5.42B
step=165350 | loss=4.1289 | lr=2.83e-04 | wd=0.0000 | mom=0.9500 | T=7.8 k=3.8 (mu_rec=8 mu_bwd=4) | grad=5.500 | tok/s=25,689 | tokens=5.42B
step=165360 | loss=3.5139 | lr=2.83e-04 | wd=0.0000 | mom=0.9500 | T=5.8 k=3.0 (mu_rec=8 mu_bwd=4) | grad=5.719 | tok/s=23,752 | tokens=5.42B
step=165370 | loss=4.0836 | lr=2.83e-04 | wd=0.0000 | mom=0.9500 | T=11.5 k=4.0 (mu_rec=8 mu_bwd=4) | grad=5.656 | tok/s=24,152 | tokens=5.42B
step=165380 | loss=4.0476 | lr=2.83e-04 | wd=0.0000 | mom=0.9500 | T=8.8 k=4.0 (mu_rec=8 mu_bwd=4) | grad=4.188 | tok/s=23,661 | tokens=5.42B
step=165390 | loss=4.0729 | lr=2.83e-04 | wd=0.0000 | mom=0.9500 | T=10.8 k=4.0 (mu_rec=8 mu_bwd=4) | grad=4.312 | tok/s=23,140 | tokens=5.42B
step=165400 | loss=3.9849 | lr=2.83e-04 | wd=0.0000 | mom=0.9500 | T=4.2 k=3.0 (mu_rec=8 mu_bwd=4) | grad=5.656 | tok/s=23,186 | tokens=5.42B
step=165410 | loss=3.9888 | lr=2.83e-04 | wd=0.0000 | mom=0.9500 | T=7.2 k=3.2 (mu_rec=8 mu_bwd=4) | grad=4.281 | tok/s=22,349 | tokens=5.42B
step=165420 | loss=4.2353 | lr=2.84e-04 | wd=0.0000 | mom=0.9500 | T=8.0 k=4.0 (mu_rec=8 mu_bwd=4) | grad=12.375 | tok/s=23,415 | tokens=5.42B
step=165430 | loss=4.2220 | lr=2.84e-04 | wd=0.0000 | mom=0.9500 | T=6.5 k=4.0 (mu_rec=8 mu_bwd=4) | grad=7.219 | tok/s=24,406 | tokens=5.42B
step=165440 | loss=4.1727 | lr=2.84e-04 | wd=0.0000 | mom=0.9500 | T=5.2 k=3.5 (mu_rec=8 mu_bwd=4) | grad=7.281 | tok/s=24,998 | tokens=5.42B
step=165450 | loss=4.0995 | lr=2.84e-04 | wd=0.0000 | mom=0.9500 | T=7.2 k=3.5 (mu_rec=8 mu_bwd=4) | grad=4.906 | tok/s=24,119 | tokens=5.42B
step=165460 | loss=4.6341 | lr=2.84e-04 | wd=0.0000 | mom=0.9500 | T=11.0 k=4.0 (mu_rec=8 mu_bwd=4) | grad=4.781 | tok/s=23,140 | tokens=5.42B
step=165470 | loss=4.4104 | lr=2.84e-04 | wd=0.0000 | mom=0.9500 | T=7.8 k=3.2 (mu_rec=8 mu_bwd=4) | grad=3.984 | tok/s=24,540 | tokens=5.42B
step=165480 | loss=4.0919 | lr=2.84e-04 | wd=0.0000 | mom=0.9500 | T=9.5 k=4.0 (mu_rec=8 mu_bwd=4) | grad=3.812 | tok/s=23,779 | tokens=5.42B
step=165490 | loss=4.2276 | lr=2.84e-04 | wd=0.0000 | mom=0.9500 | T=6.0 k=4.0 (mu_rec=8 mu_bwd=4) | grad=4.750 | tok/s=26,508 | tokens=5.42B
step=165500 | loss=4.1456 | lr=2.85e-04 | wd=0.0000 | mom=0.9500 | T=4.5 k=3.2 (mu_rec=8 mu_bwd=4) | grad=5.688 | tok/s=24,206 | tokens=5.42B
step=165510 | loss=4.0578 | lr=2.85e-04 | wd=0.0000 | mom=0.9500 | T=14.8 k=4.0 (mu_rec=8 mu_bwd=4) | grad=5.188 | tok/s=22,607 | tokens=5.42B
step=165520 | loss=3.7993 | lr=2.85e-04 | wd=0.0000 | mom=0.9500 | T=6.0 k=3.8 (mu_rec=8 mu_bwd=4) | grad=9.562 | tok/s=24,239 | tokens=5.42B
step=165530 | loss=3.8800 | lr=2.85e-04 | wd=0.0000 | mom=0.9500 | T=8.8 k=4.0 (mu_rec=8 mu_bwd=4) | grad=5.125 | tok/s=23,611 | tokens=5.42B
step=165540 | loss=4.1176 | lr=2.85e-04 | wd=0.0000 | mom=0.9500 | T=8.0 k=3.5 (mu_rec=8 mu_bwd=4) | grad=4.844 | tok/s=10,349 | tokens=5.42B
step=165550 | loss=3.7436 | lr=2.85e-04 | wd=0.0000 | mom=0.9500 | T=9.8 k=4.0 (mu_rec=8 mu_bwd=4) | grad=6.531 | tok/s=23,190 | tokens=5.42B
step=165560 | loss=3.8750 | lr=2.85e-04 | wd=0.0000 | mom=0.9500 | T=7.0 k=3.8 (mu_rec=8 mu_bwd=4) | grad=4.562 | tok/s=24,634 | tokens=5.43B
step=165570 | loss=3.8498 | lr=2.85e-04 | wd=0.0000 | mom=0.9500 | T=6.0 k=3.5 (mu_rec=8 mu_bwd=4) | grad=5.594 | tok/s=23,729 | tokens=5.43B
step=165580 | loss=4.0423 | lr=2.86e-04 | wd=0.0000 | mom=0.9500 | T=8.8 k=4.0 (mu_rec=8 mu_bwd=4) | grad=6.469 | tok/s=22,943 | tokens=5.43B
step=165590 | loss=4.1851 | lr=2.86e-04 | wd=0.0000 | mom=0.9500 | T=8.0 k=4.0 (mu_rec=8 mu_bwd=4) | grad=4.750 | tok/s=24,396 | tokens=5.43B
step=165600 | loss=4.0628 | lr=2.86e-04 | wd=0.0000 | mom=0.9500 | T=7.0 k=4.0 (mu_rec=8 mu_bwd=4) | grad=4.719 | tok/s=22,387 | tokens=5.43B
step=165610 | loss=3.9989 | lr=2.86e-04 | wd=0.0000 | mom=0.9500 | T=4.5 k=3.2 (mu_rec=8 mu_bwd=4) | grad=5.125 | tok/s=22,996 | tokens=5.43B
step=165620 | loss=3.8897 | lr=2.86e-04 | wd=0.0000 | mom=0.9500 | T=5.5 k=3.2 (mu_rec=8 mu_bwd=4) | grad=4.656 | tok/s=9,947 | tokens=5.43B
step=165630 | loss=3.9081 | lr=2.86e-04 | wd=0.0000 | mom=0.9500 | T=6.8 k=3.8 (mu_rec=8 mu_bwd=4) | grad=5.406 | tok/s=24,070 | tokens=5.43B
step=165640 | loss=3.9164 | lr=2.86e-04 | wd=0.0000 | mom=0.9500 | T=9.5 k=4.0 (mu_rec=8 mu_bwd=4) | grad=4.188 | tok/s=24,081 | tokens=5.43B
step=165650 | loss=4.1645 | lr=2.86e-04 | wd=0.0000 | mom=0.9500 | T=4.5 k=3.2 (mu_rec=8 mu_bwd=4) | grad=7.188 | tok/s=23,597 | tokens=5.43B
step=165660 | loss=3.9457 | lr=2.87e-04 | wd=0.0000 | mom=0.9500 | T=6.2 k=3.8 (mu_rec=8 mu_bwd=4) | grad=4.219 | tok/s=25,086 | tokens=5.43B
step=165670 | loss=4.1677 | lr=2.87e-04 | wd=0.0000 | mom=0.9500 | T=12.5 k=4.0 (mu_rec=8 mu_bwd=4) | grad=3.703 | tok/s=22,301 | tokens=5.43B
step=165680 | loss=4.0171 | lr=2.87e-04 | wd=0.0000 | mom=0.9500 | T=6.8 k=4.0 (mu_rec=8 mu_bwd=4) | grad=4.719 | tok/s=23,546 | tokens=5.43B
step=165690 | loss=4.0633 | lr=2.87e-04 | wd=0.0000 | mom=0.9500 | T=5.0 k=3.8 (mu_rec=8 mu_bwd=4) | grad=6.281 | tok/s=25,815 | tokens=5.43B
step=165700 | loss=4.2602 | lr=2.87e-04 | wd=0.0000 | mom=0.9500 | T=6.5 k=3.8 (mu_rec=8 mu_bwd=4) | grad=6.688 | tok/s=23,184 | tokens=5.43B
step=165710 | loss=4.1883 | lr=2.87e-04 | wd=0.0000 | mom=0.9500 | T=9.8 k=4.0 (mu_rec=8 mu_bwd=4) | grad=4.562 | tok/s=23,832 | tokens=5.43B
step=165720 | loss=4.2652 | lr=2.87e-04 | wd=0.0000 | mom=0.9500 | T=5.2 k=4.0 (mu_rec=8 mu_bwd=4) | grad=4.656 | tok/s=25,187 | tokens=5.43B
step=165730 | loss=4.0776 | lr=2.87e-04 | wd=0.0000 | mom=0.9500 | T=8.5 k=4.0 (mu_rec=8 mu_bwd=4) | grad=4.438 | tok/s=24,862 | tokens=5.43B
step=165740 | loss=3.9372 | lr=2.88e-04 | wd=0.0000 | mom=0.9500 | T=7.5 k=4.0 (mu_rec=8 mu_bwd=4) | grad=4.375 | tok/s=23,737 | tokens=5.43B
step=165750 | loss=4.3346 | lr=2.88e-04 | wd=0.0000 | mom=0.9500 | T=8.8 k=4.0 (mu_rec=8 mu_bwd=4) | grad=3.391 | tok/s=23,883 | tokens=5.43B
step=165760 | loss=4.2557 | lr=2.88e-04 | wd=0.0000 | mom=0.9500 | T=11.5 k=4.0 (mu_rec=8 mu_bwd=4) | grad=5.969 | tok/s=24,479 | tokens=5.43B
step=165770 | loss=3.9167 | lr=2.88e-04 | wd=0.0000 | mom=0.9500 | T=7.2 k=3.5 (mu_rec=8 mu_bwd=4) | grad=3.859 | tok/s=23,844 | tokens=5.43B
step=165780 | loss=4.1383 | lr=2.88e-04 | wd=0.0000 | mom=0.9500 | T=8.0 k=4.0 (mu_rec=8 mu_bwd=4) | grad=4.688 | tok/s=22,979 | tokens=5.43B
step=165790 | loss=4.0354 | lr=2.88e-04 | wd=0.0000 | mom=0.9500 | T=9.0 k=3.8 (mu_rec=8 mu_bwd=4) | grad=5.375 | tok/s=24,246 | tokens=5.43B
step=165800 | loss=4.3722 | lr=2.88e-04 | wd=0.0000 | mom=0.9500 | T=4.8 k=3.2 (mu_rec=8 mu_bwd=4) | grad=7.156 | tok/s=24,956 | tokens=5.43B
step=165810 | loss=4.1235 | lr=2.88e-04 | wd=0.0000 | mom=0.9500 | T=7.5 k=3.5 (mu_rec=8 mu_bwd=4) | grad=4.688 | tok/s=24,343 | tokens=5.43B
step=165820 | loss=4.0329 | lr=2.88e-04 | wd=0.0000 | mom=0.9500 | T=5.0 k=3.0 (mu_rec=8 mu_bwd=4) | grad=7.031 | tok/s=24,661 | tokens=5.43B
step=165830 | loss=4.1729 | lr=2.89e-04 | wd=0.0000 | mom=0.9500 | T=6.0 k=4.0 (mu_rec=8 mu_bwd=4) | grad=5.375 | tok/s=23,526 | tokens=5.43B
step=165840 | loss=3.9854 | lr=2.89e-04 | wd=0.0000 | mom=0.9500 | T=12.5 k=4.0 (mu_rec=8 mu_bwd=4) | grad=4.438 | tok/s=23,542 | tokens=5.43B
step=165850 | loss=4.2486 | lr=2.89e-04 | wd=0.0000 | mom=0.9500 | T=13.0 k=4.0 (mu_rec=8 mu_bwd=4) | grad=8.000 | tok/s=22,068 | tokens=5.43B
step=165860 | loss=4.1454 | lr=2.89e-04 | wd=0.0000 | mom=0.9500 | T=7.8 k=4.0 (mu_rec=8 mu_bwd=4) | grad=5.406 | tok/s=22,684 | tokens=5.43B
step=165870 | loss=4.2593 | lr=2.89e-04 | wd=0.0000 | mom=0.9500 | T=8.2 k=3.8 (mu_rec=8 mu_bwd=4) | grad=5.000 | tok/s=22,506 | tokens=5.44B
step=165880 | loss=4.0322 | lr=2.89e-04 | wd=0.0000 | mom=0.9500 | T=11.0 k=4.0 (mu_rec=8 mu_bwd=4) | grad=4.500 | tok/s=22,784 | tokens=5.44B
step=165890 | loss=3.8872 | lr=2.89e-04 | wd=0.0000 | mom=0.9500 | T=11.2 k=4.0 (mu_rec=8 mu_bwd=4) | grad=4.188 | tok/s=23,580 | tokens=5.44B
step=165900 | loss=4.1265 | lr=2.89e-04 | wd=0.0000 | mom=0.9500 | T=7.0 k=3.5 (mu_rec=8 mu_bwd=4) | grad=4.906 | tok/s=23,915 | tokens=5.44B
step=165910 | loss=4.1633 | lr=2.89e-04 | wd=0.0000 | mom=0.9500 | T=8.2 k=4.0 (mu_rec=8 mu_bwd=4) | grad=5.562 | tok/s=22,233 | tokens=5.44B
step=165920 | loss=4.0957 | lr=2.90e-04 | wd=0.0000 | mom=0.9500 | T=9.0 k=3.8 (mu_rec=8 mu_bwd=4) | grad=4.844 | tok/s=23,850 | tokens=5.44B
step=165930 | loss=4.0549 | lr=2.90e-04 | wd=0.0000 | mom=0.9500 | T=7.2 k=3.5 (mu_rec=8 mu_bwd=4) | grad=4.375 | tok/s=22,994 | tokens=5.44B
step=165940 | loss=4.0983 | lr=2.90e-04 | wd=0.0000 | mom=0.9500 | T=7.8 k=4.0 (mu_rec=8 mu_bwd=4) | grad=5.656 | tok/s=24,480 | tokens=5.44B
step=165950 | loss=4.1356 | lr=2.90e-04 | wd=0.0000 | mom=0.9500 | T=8.5 k=3.8 (mu_rec=8 mu_bwd=4) | grad=5.469 | tok/s=24,338 | tokens=5.44B
step=165960 | loss=3.9267 | lr=2.90e-04 | wd=0.0000 | mom=0.9500 | T=10.5 k=3.2 (mu_rec=8 mu_bwd=4) | grad=6.281 | tok/s=22,928 | tokens=5.44B
step=165970 | loss=4.4119 | lr=2.90e-04 | wd=0.0000 | mom=0.9500 | T=9.0 k=4.0 (mu_rec=8 mu_bwd=4) | grad=4.969 | tok/s=23,498 | tokens=5.44B
step=165980 | loss=4.2498 | lr=2.90e-04 | wd=0.0000 | mom=0.9500 | T=6.5 k=4.0 (mu_rec=8 mu_bwd=4) | grad=4.844 | tok/s=25,576 | tokens=5.44B
step=165990 | loss=4.1558 | lr=2.90e-04 | wd=0.0000 | mom=0.9500 | T=6.0 k=4.0 (mu_rec=8 mu_bwd=4) | grad=4.188 | tok/s=24,211 | tokens=5.44B
step=166000 | loss=3.8829 | lr=2.90e-04 | wd=0.0000 | mom=0.9500 | T=6.5 k=3.5 (mu_rec=8 mu_bwd=4) | grad=5.000 | tok/s=24,113 | tokens=5.44B
[step 166000] Saved -> runs/cortex-5b-k4/checkpoint_0166000
[step 166000] Pruned -> runs/cortex-5b-k4/checkpoint_0160000
step=166010 | loss=4.1214 | lr=2.90e-04 | wd=0.0000 | mom=0.9500 | T=5.0 k=3.2 (mu_rec=8 mu_bwd=4) | grad=4.594 | tok/s=23,549 | tokens=5.44B
step=166020 | loss=4.2316 | lr=2.91e-04 | wd=0.0000 | mom=0.9500 | T=13.5 k=4.0 (mu_rec=8 mu_bwd=4) | grad=5.031 | tok/s=22,665 | tokens=5.44B
step=166030 | loss=3.9155 | lr=2.91e-04 | wd=0.0000 | mom=0.9500 | T=8.5 k=4.0 (mu_rec=8 mu_bwd=4) | grad=5.344 | tok/s=22,974 | tokens=5.44B
step=166040 | loss=4.0787 | lr=2.91e-04 | wd=0.0000 | mom=0.9500 | T=5.5 k=3.5 (mu_rec=8 mu_bwd=4) | grad=4.656 | tok/s=23,260 | tokens=5.44B
step=166050 | loss=3.9365 | lr=2.91e-04 | wd=0.0000 | mom=0.9500 | T=5.0 k=4.0 (mu_rec=8 mu_bwd=4) | grad=4.250 | tok/s=26,162 | tokens=5.44B
step=166060 | loss=4.1257 | lr=2.91e-04 | wd=0.0000 | mom=0.9500 | T=9.8 k=4.0 (mu_rec=8 mu_bwd=4) | grad=5.156 | tok/s=24,240 | tokens=5.44B
step=166070 | loss=4.3112 | lr=2.91e-04 | wd=0.0000 | mom=0.9500 | T=5.8 k=2.8 (mu_rec=8 mu_bwd=4) | grad=6.469 | tok/s=25,073 | tokens=5.44B
step=166080 | loss=3.9896 | lr=2.91e-04 | wd=0.0000 | mom=0.9500 | T=7.0 k=4.0 (mu_rec=8 mu_bwd=4) | grad=4.688 | tok/s=23,176 | tokens=5.44B
step=166090 | loss=3.9549 | lr=2.91e-04 | wd=0.0000 | mom=0.9500 | T=8.5 k=4.0 (mu_rec=8 mu_bwd=4) | grad=4.812 | tok/s=23,776 | tokens=5.44B
step=166100 | loss=4.3674 | lr=2.91e-04 | wd=0.0000 | mom=0.9500 | T=4.0 k=3.5 (mu_rec=8 mu_bwd=4) | grad=5.812 | tok/s=24,247 | tokens=5.44B
step=166110 | loss=4.0852 | lr=2.91e-04 | wd=0.0000 | mom=0.9500 | T=6.2 k=3.2 (mu_rec=8 mu_bwd=4) | grad=4.156 | tok/s=23,304 | tokens=5.44B
step=166120 | loss=4.0831 | lr=2.92e-04 | wd=0.0000 | mom=0.9500 | T=6.2 k=3.8 (mu_rec=8 mu_bwd=4) | grad=4.844 | tok/s=23,482 | tokens=5.44B
step=166130 | loss=4.0340 | lr=2.92e-04 | wd=0.0000 | mom=0.9500 | T=6.5 k=3.8 (mu_rec=8 mu_bwd=4) | grad=6.469 | tok/s=24,770 | tokens=5.44B
step=166140 | loss=4.2879 | lr=2.92e-04 | wd=0.0000 | mom=0.9500 | T=6.5 k=3.2 (mu_rec=8 mu_bwd=4) | grad=5.375 | tok/s=24,834 | tokens=5.44B
step=166150 | loss=4.1198 | lr=2.92e-04 | wd=0.0000 | mom=0.9500 | T=8.2 k=4.0 (mu_rec=8 mu_bwd=4) | grad=4.312 | tok/s=24,434 | tokens=5.44B
step=166160 | loss=4.1235 | lr=2.92e-04 | wd=0.0000 | mom=0.9500 | T=7.0 k=4.0 (mu_rec=8 mu_bwd=4) | grad=4.250 | tok/s=24,931 | tokens=5.44B
step=166170 | loss=3.5952 | lr=2.92e-04 | wd=0.0000 | mom=0.9500 | T=6.8 k=4.0 (mu_rec=8 mu_bwd=4) | grad=6.531 | tok/s=22,937 | tokens=5.45B
step=166180 | loss=4.1572 | lr=2.92e-04 | wd=0.0000 | mom=0.9500 | T=9.0 k=4.0 (mu_rec=8 mu_bwd=4) | grad=8.188 | tok/s=23,567 | tokens=5.45B
step=166190 | loss=4.3120 | lr=2.92e-04 | wd=0.0000 | mom=0.9500 | T=7.2 k=3.2 (mu_rec=8 mu_bwd=4) | grad=4.719 | tok/s=23,522 | tokens=5.45B
step=166200 | loss=3.9258 | lr=2.92e-04 | wd=0.0000 | mom=0.9500 | T=7.8 k=4.0 (mu_rec=8 mu_bwd=4) | grad=7.094 | tok/s=23,563 | tokens=5.45B
step=166210 | loss=4.1759 | lr=2.92e-04 | wd=0.0000 | mom=0.9500 | T=11.5 k=4.0 (mu_rec=8 mu_bwd=4) | grad=4.375 | tok/s=25,070 | tokens=5.45B
step=166220 | loss=3.9326 | lr=2.93e-04 | wd=0.0000 | mom=0.9500 | T=5.8 k=4.0 (mu_rec=8 mu_bwd=4) | grad=8.438 | tok/s=24,561 | tokens=5.45B
step=166230 | loss=4.0790 | lr=2.93e-04 | wd=0.0000 | mom=0.9500 | T=6.2 k=3.5 (mu_rec=8 mu_bwd=4) | grad=4.875 | tok/s=23,117 | tokens=5.45B
step=166240 | loss=4.0283 | lr=2.93e-04 | wd=0.0000 | mom=0.9500 | T=9.0 k=4.0 (mu_rec=8 mu_bwd=4) | grad=6.156 | tok/s=23,690 | tokens=5.45B
step=166250 | loss=3.6875 | lr=2.93e-04 | wd=0.0000 | mom=0.9500 | T=5.5 k=3.8 (mu_rec=8 mu_bwd=4) | grad=8.375 | tok/s=24,649 | tokens=5.45B
step=166260 | loss=3.9310 | lr=2.93e-04 | wd=0.0000 | mom=0.9500 | T=7.2 k=3.8 (mu_rec=8 mu_bwd=4) | grad=4.656 | tok/s=22,111 | tokens=5.45B
step=166270 | loss=4.3624 | lr=2.93e-04 | wd=0.0000 | mom=0.9500 | T=7.8 k=3.0 (mu_rec=8 mu_bwd=4) | grad=5.844 | tok/s=21,924 | tokens=5.45B
step=166280 | loss=4.0728 | lr=2.93e-04 | wd=0.0000 | mom=0.9500 | T=5.2 k=3.8 (mu_rec=8 mu_bwd=4) | grad=4.750 | tok/s=23,052 | tokens=5.45B
step=166290 | loss=4.2481 | lr=2.93e-04 | wd=0.0000 | mom=0.9500 | T=8.2 k=4.0 (mu_rec=8 mu_bwd=4) | grad=6.469 | tok/s=22,246 | tokens=5.45B
step=166300 | loss=4.3286 | lr=2.93e-04 | wd=0.0000 | mom=0.9500 | T=10.8 k=4.0 (mu_rec=8 mu_bwd=4) | grad=5.906 | tok/s=23,302 | tokens=5.45B
step=166310 | loss=4.2053 | lr=2.93e-04 | wd=0.0000 | mom=0.9500 | T=6.2 k=4.0 (mu_rec=8 mu_bwd=4) | grad=5.688 | tok/s=23,137 | tokens=5.45B
step=166320 | loss=4.1372 | lr=2.93e-04 | wd=0.0000 | mom=0.9500 | T=6.0 k=3.2 (mu_rec=8 mu_bwd=4) | grad=6.656 | tok/s=23,493 | tokens=5.45B
step=166330 | loss=4.0637 | lr=2.93e-04 | wd=0.0000 | mom=0.9500 | T=11.5 k=3.5 (mu_rec=8 mu_bwd=4) | grad=5.125 | tok/s=22,609 | tokens=5.45B
step=166340 | loss=4.1608 | lr=2.94e-04 | wd=0.0000 | mom=0.9500 | T=7.0 k=4.0 (mu_rec=8 mu_bwd=4) | grad=4.062 | tok/s=22,926 | tokens=5.45B
step=166350 | loss=4.1008 | lr=2.94e-04 | wd=0.0000 | mom=0.9500 | T=7.2 k=2.8 (mu_rec=8 mu_bwd=4) | grad=11.875 | tok/s=25,490 | tokens=5.45B
step=166360 | loss=4.3801 | lr=2.94e-04 | wd=0.0000 | mom=0.9500 | T=5.0 k=3.8 (mu_rec=8 mu_bwd=4) | grad=5.062 | tok/s=22,272 | tokens=5.45B
step=166370 | loss=4.0542 | lr=2.94e-04 | wd=0.0000 | mom=0.9500 | T=5.2 k=2.8 (mu_rec=8 mu_bwd=4) | grad=8.438 | tok/s=24,362 | tokens=5.45B
step=166380 | loss=4.0829 | lr=2.94e-04 | wd=0.0000 | mom=0.9500 | T=11.0 k=4.0 (mu_rec=8 mu_bwd=4) | grad=4.344 | tok/s=25,047 | tokens=5.45B
step=166390 | loss=4.0271 | lr=2.94e-04 | wd=0.0000 | mom=0.9500 | T=5.2 k=3.8 (mu_rec=8 mu_bwd=4) | grad=4.625 | tok/s=22,844 | tokens=5.45B
step=166400 | loss=4.0970 | lr=2.94e-04 | wd=0.0000 | mom=0.9500 | T=10.2 k=3.5 (mu_rec=8 mu_bwd=4) | grad=4.281 | tok/s=23,658 | tokens=5.45B
step=166410 | loss=3.8388 | lr=2.94e-04 | wd=0.0000 | mom=0.9500 | T=8.5 k=3.2 (mu_rec=8 mu_bwd=4) | grad=4.969 | tok/s=23,755 | tokens=5.45B
step=166420 | loss=4.2540 | lr=2.94e-04 | wd=0.0000 | mom=0.9500 | T=5.2 k=3.8 (mu_rec=8 mu_bwd=4) | grad=4.812 | tok/s=9,428 | tokens=5.45B
step=166430 | loss=3.9575 | lr=2.94e-04 | wd=0.0000 | mom=0.9500 | T=7.5 k=3.8 (mu_rec=8 mu_bwd=4) | grad=4.844 | tok/s=23,768 | tokens=5.45B
step=166440 | loss=3.7698 | lr=2.94e-04 | wd=0.0000 | mom=0.9500 | T=9.0 k=4.0 (mu_rec=8 mu_bwd=4) | grad=11.312 | tok/s=23,392 | tokens=5.45B
step=166450 | loss=4.0366 | lr=2.94e-04 | wd=0.0000 | mom=0.9500 | T=6.5 k=3.5 (mu_rec=8 mu_bwd=4) | grad=5.250 | tok/s=23,191 | tokens=5.45B
step=166460 | loss=3.9571 | lr=2.95e-04 | wd=0.0000 | mom=0.9500 | T=11.5 k=4.0 (mu_rec=8 mu_bwd=4) | grad=7.531 | tok/s=24,192 | tokens=5.45B
step=166470 | loss=3.8746 | lr=2.95e-04 | wd=0.0000 | mom=0.9500 | T=9.2 k=4.0 (mu_rec=8 mu_bwd=4) | grad=4.719 | tok/s=23,433 | tokens=5.45B
step=166480 | loss=4.0468 | lr=2.95e-04 | wd=0.0000 | mom=0.9500 | T=11.8 k=4.0 (mu_rec=8 mu_bwd=4) | grad=4.875 | tok/s=22,955 | tokens=5.46B
step=166490 | loss=4.1227 | lr=2.95e-04 | wd=0.0000 | mom=0.9500 | T=6.0 k=4.0 (mu_rec=8 mu_bwd=4) | grad=4.406 | tok/s=24,860 | tokens=5.46B
step=166500 | loss=3.9643 | lr=2.95e-04 | wd=0.0000 | mom=0.9500 | T=5.8 k=3.0 (mu_rec=8 mu_bwd=4) | grad=5.000 | tok/s=26,497 | tokens=5.46B
step=166510 | loss=4.0429 | lr=2.95e-04 | wd=0.0000 | mom=0.9500 | T=8.0 k=4.0 (mu_rec=8 mu_bwd=4) | grad=4.125 | tok/s=24,014 | tokens=5.46B
step=166520 | loss=4.0916 | lr=2.95e-04 | wd=0.0000 | mom=0.9500 | T=13.2 k=4.0 (mu_rec=8 mu_bwd=4) | grad=4.875 | tok/s=22,368 | tokens=5.46B
step=166530 | loss=4.0175 | lr=2.95e-04 | wd=0.0000 | mom=0.9500 | T=9.0 k=3.5 (mu_rec=8 mu_bwd=4) | grad=5.000 | tok/s=23,688 | tokens=5.46B
step=166540 | loss=4.0891 | lr=2.95e-04 | wd=0.0000 | mom=0.9500 | T=5.8 k=4.0 (mu_rec=8 mu_bwd=4) | grad=4.719 | tok/s=23,639 | tokens=5.46B
step=166550 | loss=3.9690 | lr=2.95e-04 | wd=0.0000 | mom=0.9500 | T=6.8 k=3.0 (mu_rec=8 mu_bwd=4) | grad=6.219 | tok/s=24,853 | tokens=5.46B
step=166560 | loss=3.9663 | lr=2.95e-04 | wd=0.0000 | mom=0.9500 | T=6.8 k=3.8 (mu_rec=8 mu_bwd=4) | grad=5.375 | tok/s=9,131 | tokens=5.46B
step=166570 | loss=4.2225 | lr=2.95e-04 | wd=0.0000 | mom=0.9500 | T=8.5 k=3.8 (mu_rec=8 mu_bwd=4) | grad=4.844 | tok/s=23,211 | tokens=5.46B
step=166580 | loss=4.0186 | lr=2.95e-04 | wd=0.0000 | mom=0.9500 | T=5.2 k=3.5 (mu_rec=8 mu_bwd=4) | grad=5.094 | tok/s=25,043 | tokens=5.46B
step=166590 | loss=4.4537 | lr=2.96e-04 | wd=0.0000 | mom=0.9500 | T=5.8 k=3.5 (mu_rec=8 mu_bwd=4) | grad=4.594 | tok/s=24,559 | tokens=5.46B
step=166600 | loss=3.9218 | lr=2.96e-04 | wd=0.0000 | mom=0.9500 | T=8.0 k=3.8 (mu_rec=8 mu_bwd=4) | grad=5.844 | tok/s=24,012 | tokens=5.46B
step=166610 | loss=4.1803 | lr=2.96e-04 | wd=0.0000 | mom=0.9500 | T=8.0 k=4.0 (mu_rec=8 mu_bwd=4) | grad=5.188 | tok/s=23,841 | tokens=5.46B
step=166620 | loss=3.8939 | lr=2.96e-04 | wd=0.0000 | mom=0.9500 | T=5.2 k=3.5 (mu_rec=8 mu_bwd=4) | grad=5.188 | tok/s=23,732 | tokens=5.46B
step=166630 | loss=4.0091 | lr=2.96e-04 | wd=0.0000 | mom=0.9500 | T=7.8 k=4.0 (mu_rec=8 mu_bwd=4) | grad=4.906 | tok/s=24,275 | tokens=5.46B
step=166640 | loss=3.9600 | lr=2.96e-04 | wd=0.0000 | mom=0.9500 | T=8.5 k=4.0 (mu_rec=8 mu_bwd=4) | grad=4.500 | tok/s=23,563 | tokens=5.46B
step=166650 | loss=3.9329 | lr=2.96e-04 | wd=0.0000 | mom=0.9500 | T=6.0 k=3.0 (mu_rec=8 mu_bwd=4) | grad=6.906 | tok/s=23,533 | tokens=5.46B
step=166660 | loss=4.3448 | lr=2.96e-04 | wd=0.0000 | mom=0.9500 | T=7.2 k=3.5 (mu_rec=8 mu_bwd=4) | grad=5.969 | tok/s=23,861 | tokens=5.46B
step=166670 | loss=3.7915 | lr=2.96e-04 | wd=0.0000 | mom=0.9500 | T=5.8 k=3.5 (mu_rec=8 mu_bwd=4) | grad=15.938 | tok/s=24,135 | tokens=5.46B
step=166680 | loss=3.8293 | lr=2.96e-04 | wd=0.0000 | mom=0.9500 | T=9.5 k=4.0 (mu_rec=8 mu_bwd=4) | grad=4.188 | tok/s=21,970 | tokens=5.46B
step=166690 | loss=4.6067 | lr=2.96e-04 | wd=0.0000 | mom=0.9500 | T=5.5 k=3.5 (mu_rec=8 mu_bwd=4) | grad=6.062 | tok/s=24,307 | tokens=5.46B
step=166700 | loss=4.3757 | lr=2.96e-04 | wd=0.0000 | mom=0.9500 | T=5.2 k=3.8 (mu_rec=8 mu_bwd=4) | grad=5.875 | tok/s=24,696 | tokens=5.46B
step=166710 | loss=4.2916 | lr=2.96e-04 | wd=0.0000 | mom=0.9500 | T=4.8 k=3.5 (mu_rec=8 mu_bwd=4) | grad=7.938 | tok/s=24,237 | tokens=5.46B
step=166720 | loss=4.0526 | lr=2.96e-04 | wd=0.0000 | mom=0.9500 | T=8.8 k=4.0 (mu_rec=8 mu_bwd=4) | grad=5.094 | tok/s=24,224 | tokens=5.46B
step=166730 | loss=4.0540 | lr=2.96e-04 | wd=0.0000 | mom=0.9500 | T=6.5 k=3.8 (mu_rec=8 mu_bwd=4) | grad=6.625 | tok/s=24,744 | tokens=5.46B
step=166740 | loss=4.2869 | lr=2.97e-04 | wd=0.0000 | mom=0.9500 | T=7.0 k=4.0 (mu_rec=8 mu_bwd=4) | grad=15.500 | tok/s=24,106 | tokens=5.46B
step=166750 | loss=4.2357 | lr=2.97e-04 | wd=0.0000 | mom=0.9500 | T=11.0 k=4.0 (mu_rec=8 mu_bwd=4) | grad=5.781 | tok/s=24,731 | tokens=5.46B
step=166760 | loss=4.0201 | lr=2.97e-04 | wd=0.0000 | mom=0.9500 | T=11.5 k=4.0 (mu_rec=8 mu_bwd=4) | grad=9.438 | tok/s=23,441 | tokens=5.46B
step=166770 | loss=3.9336 | lr=2.97e-04 | wd=0.0000 | mom=0.9500 | T=10.8 k=4.0 (mu_rec=8 mu_bwd=4) | grad=5.031 | tok/s=23,066 | tokens=5.46B
step=166780 | loss=3.9745 | lr=2.97e-04 | wd=0.0000 | mom=0.9500 | T=7.5 k=4.0 (mu_rec=8 mu_bwd=4) | grad=10.062 | tok/s=24,005 | tokens=5.47B
step=166790 | loss=4.6445 | lr=2.97e-04 | wd=0.0000 | mom=0.9500 | T=6.0 k=3.8 (mu_rec=8 mu_bwd=4) | grad=5.250 | tok/s=23,709 | tokens=5.47B
step=166800 | loss=4.1182 | lr=2.97e-04 | wd=0.0000 | mom=0.9500 | T=7.2 k=3.8 (mu_rec=8 mu_bwd=4) | grad=5.844 | tok/s=25,482 | tokens=5.47B
step=166810 | loss=4.1768 | lr=2.97e-04 | wd=0.0000 | mom=0.9500 | T=8.8 k=3.5 (mu_rec=8 mu_bwd=4) | grad=5.719 | tok/s=23,588 | tokens=5.47B
step=166820 | loss=4.2952 | lr=2.97e-04 | wd=0.0000 | mom=0.9500 | T=4.0 k=3.2 (mu_rec=8 mu_bwd=4) | grad=4.500 | tok/s=26,160 | tokens=5.47B
step=166830 | loss=4.2293 | lr=2.97e-04 | wd=0.0000 | mom=0.9500 | T=4.8 k=3.5 (mu_rec=8 mu_bwd=4) | grad=4.500 | tok/s=24,504 | tokens=5.47B
step=166840 | loss=3.9899 | lr=2.97e-04 | wd=0.0000 | mom=0.9500 | T=8.2 k=3.5 (mu_rec=8 mu_bwd=4) | grad=7.594 | tok/s=25,034 | tokens=5.47B
step=166850 | loss=3.9993 | lr=2.97e-04 | wd=0.0000 | mom=0.9500 | T=5.8 k=3.8 (mu_rec=8 mu_bwd=4) | grad=4.875 | tok/s=22,749 | tokens=5.47B
step=166860 | loss=3.9197 | lr=2.97e-04 | wd=0.0000 | mom=0.9500 | T=8.2 k=3.2 (mu_rec=8 mu_bwd=4) | grad=5.875 | tok/s=23,993 | tokens=5.47B
step=166870 | loss=3.8770 | lr=2.97e-04 | wd=0.0000 | mom=0.9500 | T=4.2 k=3.2 (mu_rec=8 mu_bwd=4) | grad=4.188 | tok/s=23,535 | tokens=5.47B
step=166880 | loss=4.1015 | lr=2.97e-04 | wd=0.0000 | mom=0.9500 | T=9.8 k=4.0 (mu_rec=8 mu_bwd=4) | grad=5.219 | tok/s=23,253 | tokens=5.47B
step=166890 | loss=3.9494 | lr=2.97e-04 | wd=0.0000 | mom=0.9500 | T=6.0 k=3.5 (mu_rec=8 mu_bwd=4) | grad=4.375 | tok/s=23,418 | tokens=5.47B
step=166900 | loss=4.0572 | lr=2.97e-04 | wd=0.0000 | mom=0.9500 | T=7.0 k=4.0 (mu_rec=8 mu_bwd=4) | grad=5.312 | tok/s=26,622 | tokens=5.47B
step=166910 | loss=4.1833 | lr=2.98e-04 | wd=0.0000 | mom=0.9500 | T=8.0 k=4.0 (mu_rec=8 mu_bwd=4) | grad=4.688 | tok/s=23,719 | tokens=5.47B
step=166920 | loss=4.2876 | lr=2.98e-04 | wd=0.0000 | mom=0.9500 | T=7.5 k=3.2 (mu_rec=8 mu_bwd=4) | grad=6.344 | tok/s=23,712 | tokens=5.47B
step=166930 | loss=4.2730 | lr=2.98e-04 | wd=0.0000 | mom=0.9500 | T=9.0 k=4.0 (mu_rec=8 mu_bwd=4) | grad=6.406 | tok/s=23,181 | tokens=5.47B
step=166940 | loss=4.0578 | lr=2.98e-04 | wd=0.0000 | mom=0.9500 | T=11.8 k=4.0 (mu_rec=8 mu_bwd=4) | grad=6.438 | tok/s=23,500 | tokens=5.47B
step=166950 | loss=3.8370 | lr=2.98e-04 | wd=0.0000 | mom=0.9500 | T=7.8 k=3.8 (mu_rec=8 mu_bwd=4) | grad=3.703 | tok/s=25,368 | tokens=5.47B
step=166960 | loss=4.0700 | lr=2.98e-04 | wd=0.0000 | mom=0.9500 | T=5.5 k=3.2 (mu_rec=8 mu_bwd=4) | grad=5.656 | tok/s=24,176 | tokens=5.47B
step=166970 | loss=4.0815 | lr=2.98e-04 | wd=0.0000 | mom=0.9500 | T=10.8 k=4.0 (mu_rec=8 mu_bwd=4) | grad=4.312 | tok/s=23,913 | tokens=5.47B
step=166980 | loss=3.8856 | lr=2.98e-04 | wd=0.0000 | mom=0.9500 | T=7.0 k=3.8 (mu_rec=8 mu_bwd=4) | grad=4.000 | tok/s=24,864 | tokens=5.47B
step=166990 | loss=4.0283 | lr=2.98e-04 | wd=0.0000 | mom=0.9500 | T=11.5 k=4.0 (mu_rec=8 mu_bwd=4) | grad=4.406 | tok/s=23,401 | tokens=5.47B
step=167000 | loss=3.8049 | lr=2.98e-04 | wd=0.0000 | mom=0.9500 | T=7.0 k=4.0 (mu_rec=8 mu_bwd=4) | grad=4.594 | tok/s=22,736 | tokens=5.47B
step=167010 | loss=4.3080 | lr=2.98e-04 | wd=0.0000 | mom=0.9500 | T=8.8 k=4.0 (mu_rec=8 mu_bwd=4) | grad=5.031 | tok/s=24,309 | tokens=5.47B
step=167020 | loss=4.3484 | lr=2.98e-04 | wd=0.0000 | mom=0.9500 | T=9.8 k=4.0 (mu_rec=8 mu_bwd=4) | grad=4.281 | tok/s=23,535 | tokens=5.47B
step=167030 | loss=4.0082 | lr=2.98e-04 | wd=0.0000 | mom=0.9500 | T=9.0 k=4.0 (mu_rec=8 mu_bwd=4) | grad=4.344 | tok/s=23,269 | tokens=5.47B
step=167040 | loss=4.1336 | lr=2.98e-04 | wd=0.0000 | mom=0.9500 | T=8.8 k=3.8 (mu_rec=8 mu_bwd=4) | grad=4.250 | tok/s=24,659 | tokens=5.47B
step=167050 | loss=4.0728 | lr=2.98e-04 | wd=0.0000 | mom=0.9500 | T=10.5 k=4.0 (mu_rec=8 mu_bwd=4) | grad=5.188 | tok/s=23,361 | tokens=5.47B
step=167060 | loss=4.1541 | lr=2.98e-04 | wd=0.0000 | mom=0.9500 | T=10.2 k=3.2 (mu_rec=8 mu_bwd=4) | grad=6.594 | tok/s=23,877 | tokens=5.47B
step=167070 | loss=4.1153 | lr=2.98e-04 | wd=0.0000 | mom=0.9500 | T=11.5 k=4.0 (mu_rec=8 mu_bwd=4) | grad=4.844 | tok/s=23,841 | tokens=5.47B
step=167080 | loss=4.2493 | lr=2.98e-04 | wd=0.0000 | mom=0.9500 | T=6.2 k=3.8 (mu_rec=8 mu_bwd=4) | grad=7.281 | tok/s=23,936 | tokens=5.47B
step=167090 | loss=4.0295 | lr=2.98e-04 | wd=0.0000 | mom=0.9500 | T=8.5 k=4.0 (mu_rec=8 mu_bwd=4) | grad=4.438 | tok/s=22,871 | tokens=5.48B
step=167100 | loss=4.0669 | lr=2.98e-04 | wd=0.0000 | mom=0.9500 | T=9.5 k=3.8 (mu_rec=8 mu_bwd=4) | grad=6.438 | tok/s=25,151 | tokens=5.48B
step=167110 | loss=3.9059 | lr=2.98e-04 | wd=0.0000 | mom=0.9500 | T=8.5 k=4.0 (mu_rec=8 mu_bwd=4) | grad=4.500 | tok/s=24,519 | tokens=5.48B
step=167120 | loss=4.0716 | lr=2.98e-04 | wd=0.0000 | mom=0.9500 | T=6.8 k=4.0 (mu_rec=8 mu_bwd=4) | grad=5.562 | tok/s=23,319 | tokens=5.48B
step=167130 | loss=3.9468 | lr=2.99e-04 | wd=0.0000 | mom=0.9500 | T=12.2 k=4.0 (mu_rec=8 mu_bwd=4) | grad=6.031 | tok/s=24,074 | tokens=5.48B
step=167140 | loss=4.1388 | lr=2.99e-04 | wd=0.0000 | mom=0.9500 | T=6.8 k=3.5 (mu_rec=8 mu_bwd=4) | grad=4.125 | tok/s=25,210 | tokens=5.48B
step=167150 | loss=3.9282 | lr=2.99e-04 | wd=0.0000 | mom=0.9500 | T=7.2 k=3.5 (mu_rec=8 mu_bwd=4) | grad=4.312 | tok/s=23,810 | tokens=5.48B
step=167160 | loss=4.1460 | lr=2.99e-04 | wd=0.0000 | mom=0.9500 | T=9.5 k=4.0 (mu_rec=8 mu_bwd=4) | grad=5.594 | tok/s=23,385 | tokens=5.48B
step=167170 | loss=4.0833 | lr=2.99e-04 | wd=0.0000 | mom=0.9500 | T=10.0 k=3.8 (mu_rec=8 mu_bwd=4) | grad=5.469 | tok/s=22,636 | tokens=5.48B
step=167180 | loss=4.0723 | lr=2.99e-04 | wd=0.0000 | mom=0.9500 | T=9.0 k=3.2 (mu_rec=8 mu_bwd=4) | grad=5.906 | tok/s=24,143 | tokens=5.48B
step=167190 | loss=3.9175 | lr=2.99e-04 | wd=0.0000 | mom=0.9500 | T=8.5 k=3.8 (mu_rec=8 mu_bwd=4) | grad=5.188 | tok/s=24,369 | tokens=5.48B
step=167200 | loss=4.6671 | lr=2.99e-04 | wd=0.0000 | mom=0.9500 | T=6.2 k=4.0 (mu_rec=8 mu_bwd=4) | grad=4.594 | tok/s=22,579 | tokens=5.48B
step=167210 | loss=3.6184 | lr=2.99e-04 | wd=0.0000 | mom=0.9500 | T=7.2 k=3.2 (mu_rec=8 mu_bwd=4) | grad=7.844 | tok/s=24,927 | tokens=5.48B
step=167220 | loss=4.0706 | lr=2.99e-04 | wd=0.0000 | mom=0.9500 | T=2.8 k=2.8 (mu_rec=8 mu_bwd=4) | grad=5.750 | tok/s=24,516 | tokens=5.48B
step=167230 | loss=4.3388 | lr=2.99e-04 | wd=0.0000 | mom=0.9500 | T=9.0 k=3.5 (mu_rec=8 mu_bwd=4) | grad=5.875 | tok/s=25,123 | tokens=5.48B
step=167240 | loss=4.0855 | lr=2.99e-04 | wd=0.0000 | mom=0.9500 | T=10.2 k=4.0 (mu_rec=8 mu_bwd=4) | grad=4.594 | tok/s=22,864 | tokens=5.48B
step=167250 | loss=3.5962 | lr=2.99e-04 | wd=0.0000 | mom=0.9500 | T=6.8 k=3.5 (mu_rec=8 mu_bwd=4) | grad=4.625 | tok/s=24,701 | tokens=5.48B
step=167260 | loss=4.0632 | lr=2.99e-04 | wd=0.0000 | mom=0.9500 | T=7.5 k=3.5 (mu_rec=8 mu_bwd=4) | grad=5.562 | tok/s=23,717 | tokens=5.48B
step=167270 | loss=4.2556 | lr=2.99e-04 | wd=0.0000 | mom=0.9500 | T=10.0 k=4.0 (mu_rec=8 mu_bwd=4) | grad=5.344 | tok/s=23,560 | tokens=5.48B
step=167280 | loss=3.9783 | lr=2.99e-04 | wd=0.0000 | mom=0.9500 | T=6.0 k=4.0 (mu_rec=8 mu_bwd=4) | grad=4.688 | tok/s=25,666 | tokens=5.48B
step=167290 | loss=4.0453 | lr=2.99e-04 | wd=0.0000 | mom=0.9500 | T=9.5 k=4.0 (mu_rec=8 mu_bwd=4) | grad=4.062 | tok/s=10,398 | tokens=5.48B
step=167300 | loss=4.1549 | lr=2.99e-04 | wd=0.0000 | mom=0.9500 | T=7.2 k=4.0 (mu_rec=8 mu_bwd=4) | grad=5.219 | tok/s=24,040 | tokens=5.48B
step=167310 | loss=3.7744 | lr=2.99e-04 | wd=0.0000 | mom=0.9500 | T=5.5 k=4.0 (mu_rec=8 mu_bwd=4) | grad=5.375 | tok/s=26,661 | tokens=5.48B
step=167320 | loss=4.0889 | lr=2.99e-04 | wd=0.0000 | mom=0.9500 | T=6.8 k=3.8 (mu_rec=8 mu_bwd=4) | grad=6.031 | tok/s=24,824 | tokens=5.48B
step=167330 | loss=4.1910 | lr=2.99e-04 | wd=0.0000 | mom=0.9500 | T=9.0 k=4.0 (mu_rec=8 mu_bwd=4) | grad=4.719 | tok/s=23,692 | tokens=5.48B
step=167340 | loss=3.8820 | lr=2.99e-04 | wd=0.0000 | mom=0.9500 | T=6.0 k=3.8 (mu_rec=8 mu_bwd=4) | grad=12.125 | tok/s=24,353 | tokens=5.48B
step=167350 | loss=3.8753 | lr=2.99e-04 | wd=0.0000 | mom=0.9500 | T=9.2 k=4.0 (mu_rec=8 mu_bwd=4) | grad=7.906 | tok/s=25,351 | tokens=5.48B
step=167360 | loss=4.0013 | lr=2.99e-04 | wd=0.0000 | mom=0.9500 | T=7.8 k=3.2 (mu_rec=8 mu_bwd=4) | grad=6.281 | tok/s=24,335 | tokens=5.48B
step=167370 | loss=3.6833 | lr=2.99e-04 | wd=0.0000 | mom=0.9500 | T=5.2 k=3.8 (mu_rec=8 mu_bwd=4) | grad=5.469 | tok/s=24,514 | tokens=5.48B
step=167380 | loss=3.3720 | lr=2.99e-04 | wd=0.0000 | mom=0.9500 | T=15.0 k=4.0 (mu_rec=8 mu_bwd=4) | grad=4.719 | tok/s=23,943 | tokens=5.48B
step=167390 | loss=3.8778 | lr=2.99e-04 | wd=0.0000 | mom=0.9500 | T=9.5 k=4.0 (mu_rec=8 mu_bwd=4) | grad=4.625 | tok/s=23,093 | tokens=5.49B
step=167400 | loss=3.9291 | lr=2.99e-04 | wd=0.0000 | mom=0.9500 | T=5.2 k=3.5 (mu_rec=8 mu_bwd=4) | grad=5.750 | tok/s=23,258 | tokens=5.49B
step=167410 | loss=4.1099 | lr=2.99e-04 | wd=0.0000 | mom=0.9500 | T=10.8 k=4.0 (mu_rec=8 mu_bwd=4) | grad=6.250 | tok/s=22,219 | tokens=5.49B
step=167420 | loss=4.0884 | lr=2.99e-04 | wd=0.0000 | mom=0.9500 | T=4.2 k=3.5 (mu_rec=8 mu_bwd=4) | grad=4.281 | tok/s=24,884 | tokens=5.49B
step=167430 | loss=3.9820 | lr=3.00e-04 | wd=0.0000 | mom=0.9500 | T=9.2 k=3.8 (mu_rec=8 mu_bwd=4) | grad=7.375 | tok/s=24,498 | tokens=5.49B
step=167440 | loss=4.1053 | lr=3.00e-04 | wd=0.0000 | mom=0.9500 | T=7.0 k=4.0 (mu_rec=8 mu_bwd=4) | grad=5.062 | tok/s=24,544 | tokens=5.49B
step=167450 | loss=3.9136 | lr=3.00e-04 | wd=0.0000 | mom=0.9500 | T=3.8 k=2.8 (mu_rec=8 mu_bwd=4) | grad=12.688 | tok/s=24,738 | tokens=5.49B
step=167460 | loss=3.9056 | lr=3.00e-04 | wd=0.0000 | mom=0.9500 | T=2.5 k=2.0 (mu_rec=8 mu_bwd=4) | grad=4.625 | tok/s=25,282 | tokens=5.49B
step=167470 | loss=3.7731 | lr=3.00e-04 | wd=0.0000 | mom=0.9500 | T=8.0 k=3.2 (mu_rec=8 mu_bwd=4) | grad=6.375 | tok/s=23,852 | tokens=5.49B
step=167480 | loss=4.1485 | lr=3.00e-04 | wd=0.0000 | mom=0.9500 | T=7.5 k=3.5 (mu_rec=8 mu_bwd=4) | grad=6.344 | tok/s=23,448 | tokens=5.49B
step=167490 | loss=4.2510 | lr=3.00e-04 | wd=0.0000 | mom=0.9500 | T=6.2 k=4.0 (mu_rec=8 mu_bwd=4) | grad=6.188 | tok/s=10,778 | tokens=5.49B
step=167500 | loss=4.7167 | lr=3.00e-04 | wd=0.0000 | mom=0.9500 | T=6.8 k=4.0 (mu_rec=8 mu_bwd=4) | grad=62.750 | tok/s=23,039 | tokens=5.49B
step=167510 | loss=4.1388 | lr=3.00e-04 | wd=0.0000 | mom=0.9500 | T=3.2 k=2.8 (mu_rec=8 mu_bwd=4) | grad=42.500 | tok/s=26,045 | tokens=5.49B
step=167520 | loss=3.9175 | lr=3.00e-04 | wd=0.0000 | mom=0.9500 | T=8.0 k=3.8 (mu_rec=8 mu_bwd=4) | grad=5.781 | tok/s=23,658 | tokens=5.49B
step=167530 | loss=4.3085 | lr=3.00e-04 | wd=0.0000 | mom=0.9500 | T=8.2 k=4.0 (mu_rec=8 mu_bwd=4) | grad=4.844 | tok/s=21,909 | tokens=5.49B
step=167540 | loss=4.2753 | lr=3.00e-04 | wd=0.0000 | mom=0.9500 | T=7.2 k=4.0 (mu_rec=8 mu_bwd=4) | grad=4.281 | tok/s=23,217 | tokens=5.49B
step=167550 | loss=4.2278 | lr=3.00e-04 | wd=0.0000 | mom=0.9500 | T=8.0 k=3.8 (mu_rec=8 mu_bwd=4) | grad=4.344 | tok/s=25,457 | tokens=5.49B
step=167560 | loss=3.8150 | lr=3.00e-04 | wd=0.0000 | mom=0.9500 | T=5.8 k=3.2 (mu_rec=8 mu_bwd=4) | grad=5.906 | tok/s=23,533 | tokens=5.49B
step=167570 | loss=4.1000 | lr=3.00e-04 | wd=0.0000 | mom=0.9500 | T=10.0 k=3.5 (mu_rec=8 mu_bwd=4) | grad=4.688 | tok/s=23,841 | tokens=5.49B
step=167580 | loss=3.8030 | lr=3.00e-04 | wd=0.0000 | mom=0.9500 | T=7.2 k=3.5 (mu_rec=8 mu_bwd=4) | grad=6.281 | tok/s=24,358 | tokens=5.49B
step=167590 | loss=3.6161 | lr=3.00e-04 | wd=0.0000 | mom=0.9500 | T=6.8 k=3.8 (mu_rec=8 mu_bwd=4) | grad=5.188 | tok/s=22,367 | tokens=5.49B
step=167600 | loss=3.9534 | lr=3.00e-04 | wd=0.0000 | mom=0.9500 | T=8.2 k=4.0 (mu_rec=8 mu_bwd=4) | grad=10.312 | tok/s=23,994 | tokens=5.49B
step=167610 | loss=3.6826 | lr=3.00e-04 | wd=0.0000 | mom=0.9500 | T=6.8 k=4.0 (mu_rec=8 mu_bwd=4) | grad=11.375 | tok/s=23,362 | tokens=5.49B
step=167620 | loss=4.0529 | lr=3.00e-04 | wd=0.0000 | mom=0.9500 | T=7.2 k=4.0 (mu_rec=8 mu_bwd=4) | grad=6.156 | tok/s=24,306 | tokens=5.49B
step=167630 | loss=3.8722 | lr=3.00e-04 | wd=0.0000 | mom=0.9500 | T=8.8 k=4.0 (mu_rec=8 mu_bwd=4) | grad=9.312 | tok/s=21,672 | tokens=5.49B
step=167640 | loss=4.1413 | lr=3.00e-04 | wd=0.0000 | mom=0.9500 | T=2.8 k=2.2 (mu_rec=8 mu_bwd=4) | grad=5.219 | tok/s=25,500 | tokens=5.49B
step=167650 | loss=4.2555 | lr=3.00e-04 | wd=0.0000 | mom=0.9500 | T=4.8 k=3.8 (mu_rec=8 mu_bwd=4) | grad=4.562 | tok/s=24,849 | tokens=5.49B
step=167660 | loss=4.0475 | lr=3.00e-04 | wd=0.0000 | mom=0.9500 | T=5.2 k=3.2 (mu_rec=8 mu_bwd=4) | grad=12.750 | tok/s=24,678 | tokens=5.49B
step=167670 | loss=4.0606 | lr=3.00e-04 | wd=0.0000 | mom=0.9500 | T=10.0 k=4.0 (mu_rec=8 mu_bwd=4) | grad=4.719 | tok/s=25,166 | tokens=5.49B
step=167680 | loss=3.9129 | lr=3.00e-04 | wd=0.0000 | mom=0.9500 | T=4.8 k=3.0 (mu_rec=8 mu_bwd=4) | grad=4.000 | tok/s=25,915 | tokens=5.49B
step=167690 | loss=3.9843 | lr=3.00e-04 | wd=0.0000 | mom=0.9500 | T=10.5 k=3.8 (mu_rec=8 mu_bwd=4) | grad=4.094 | tok/s=23,254 | tokens=5.49B
step=167700 | loss=4.1020 | lr=3.00e-04 | wd=0.0000 | mom=0.9500 | T=5.5 k=3.8 (mu_rec=8 mu_bwd=4) | grad=4.469 | tok/s=25,523 | tokens=5.50B
step=167710 | loss=4.0263 | lr=3.00e-04 | wd=0.0000 | mom=0.9500 | T=4.5 k=3.0 (mu_rec=8 mu_bwd=4) | grad=4.781 | tok/s=24,598 | tokens=5.50B
step=167720 | loss=4.3268 | lr=3.00e-04 | wd=0.0000 | mom=0.9500 | T=11.0 k=3.8 (mu_rec=8 mu_bwd=4) | grad=4.906 | tok/s=23,672 | tokens=5.50B
step=167730 | loss=4.0238 | lr=3.00e-04 | wd=0.0000 | mom=0.9500 | T=8.2 k=3.8 (mu_rec=8 mu_bwd=4) | grad=4.062 | tok/s=24,362 | tokens=5.50B
step=167740 | loss=4.4307 | lr=3.00e-04 | wd=0.0000 | mom=0.9500 | T=9.0 k=3.8 (mu_rec=8 mu_bwd=4) | grad=6.844 | tok/s=23,544 | tokens=5.50B
step=167750 | loss=4.3044 | lr=3.00e-04 | wd=0.0000 | mom=0.9500 | T=6.0 k=4.0 (mu_rec=8 mu_bwd=4) | grad=5.969 | tok/s=25,451 | tokens=5.50B
step=167760 | loss=4.4850 | lr=3.00e-04 | wd=0.0000 | mom=0.9500 | T=6.8 k=4.0 (mu_rec=8 mu_bwd=4) | grad=9.562 | tok/s=23,448 | tokens=5.50B
step=167770 | loss=4.4360 | lr=3.00e-04 | wd=0.0000 | mom=0.9500 | T=9.8 k=3.8 (mu_rec=8 mu_bwd=4) | grad=5.781 | tok/s=23,592 | tokens=5.50B
step=167780 | loss=3.9934 | lr=3.00e-04 | wd=0.0000 | mom=0.9500 | T=6.0 k=3.5 (mu_rec=8 mu_bwd=4) | grad=4.688 | tok/s=23,559 | tokens=5.50B
step=167790 | loss=3.7835 | lr=3.00e-04 | wd=0.0000 | mom=0.9500 | T=13.5 k=4.0 (mu_rec=8 mu_bwd=4) | grad=8.750 | tok/s=23,913 | tokens=5.50B
step=167800 | loss=4.1920 | lr=3.00e-04 | wd=0.0000 | mom=0.9500 | T=5.2 k=2.5 (mu_rec=8 mu_bwd=4) | grad=5.031 | tok/s=24,399 | tokens=5.50B
step=167810 | loss=4.2004 | lr=3.00e-04 | wd=0.0000 | mom=0.9500 | T=11.5 k=4.0 (mu_rec=8 mu_bwd=4) | grad=5.312 | tok/s=26,481 | tokens=5.50B
step=167820 | loss=3.9887 | lr=3.00e-04 | wd=0.0000 | mom=0.9500 | T=9.2 k=4.0 (mu_rec=8 mu_bwd=4) | grad=5.188 | tok/s=23,041 | tokens=5.50B
step=167830 | loss=3.8164 | lr=3.00e-04 | wd=0.0000 | mom=0.9500 | T=7.8 k=3.2 (mu_rec=8 mu_bwd=4) | grad=4.844 | tok/s=22,770 | tokens=5.50B
step=167840 | loss=4.2656 | lr=3.00e-04 | wd=0.0000 | mom=0.9500 | T=8.5 k=4.0 (mu_rec=8 mu_bwd=4) | grad=6.969 | tok/s=22,641 | tokens=5.50B
step=167850 | loss=4.2195 | lr=3.00e-04 | wd=0.0000 | mom=0.9500 | T=4.8 k=3.2 (mu_rec=8 mu_bwd=4) | grad=4.688 | tok/s=23,747 | tokens=5.50B
step=167860 | loss=3.8130 | lr=3.00e-04 | wd=0.0000 | mom=0.9500 | T=5.5 k=3.5 (mu_rec=8 mu_bwd=4) | grad=8.312 | tok/s=24,601 | tokens=5.50B
step=167870 | loss=4.0833 | lr=3.00e-04 | wd=0.0000 | mom=0.9500 | T=11.8 k=4.0 (mu_rec=8 mu_bwd=4) | grad=6.312 | tok/s=23,475 | tokens=5.50B
step=167880 | loss=4.0735 | lr=3.00e-04 | wd=0.0000 | mom=0.9500 | T=10.0 k=4.0 (mu_rec=8 mu_bwd=4) | grad=6.281 | tok/s=24,503 | tokens=5.50B
step=167890 | loss=4.0405 | lr=3.00e-04 | wd=0.0000 | mom=0.9500 | T=6.5 k=3.2 (mu_rec=8 mu_bwd=4) | grad=5.062 | tok/s=23,328 | tokens=5.50B
step=167900 | loss=3.9590 | lr=3.00e-04 | wd=0.0000 | mom=0.9500 | T=6.5 k=3.8 (mu_rec=8 mu_bwd=4) | grad=5.594 | tok/s=24,408 | tokens=5.50B
step=167910 | loss=4.0291 | lr=3.00e-04 | wd=0.0000 | mom=0.9500 | T=10.0 k=4.0 (mu_rec=8 mu_bwd=4) | grad=4.688 | tok/s=22,567 | tokens=5.50B
step=167920 | loss=4.0160 | lr=3.00e-04 | wd=0.0000 | mom=0.9500 | T=5.5 k=4.0 (mu_rec=8 mu_bwd=4) | grad=7.188 | tok/s=25,572 | tokens=5.50B
step=167930 | loss=4.0078 | lr=3.00e-04 | wd=0.0000 | mom=0.9500 | T=9.5 k=4.0 (mu_rec=8 mu_bwd=4) | grad=4.906 | tok/s=23,029 | tokens=5.50B
step=167940 | loss=4.3597 | lr=3.00e-04 | wd=0.0000 | mom=0.9500 | T=8.2 k=3.2 (mu_rec=8 mu_bwd=4) | grad=5.188 | tok/s=25,315 | tokens=5.50B
step=167950 | loss=3.9838 | lr=3.00e-04 | wd=0.0000 | mom=0.9500 | T=7.2 k=3.2 (mu_rec=8 mu_bwd=4) | grad=6.781 | tok/s=23,944 | tokens=5.50B
step=167960 | loss=3.9058 | lr=3.00e-04 | wd=0.0000 | mom=0.9500 | T=9.8 k=4.0 (mu_rec=8 mu_bwd=4) | grad=4.188 | tok/s=23,378 | tokens=5.50B
step=167970 | loss=4.2750 | lr=3.00e-04 | wd=0.0000 | mom=0.9500 | T=8.0 k=4.0 (mu_rec=8 mu_bwd=4) | grad=5.375 | tok/s=23,023 | tokens=5.50B
step=167980 | loss=3.9231 | lr=3.00e-04 | wd=0.0000 | mom=0.9500 | T=7.5 k=3.5 (mu_rec=8 mu_bwd=4) | grad=5.438 | tok/s=22,130 | tokens=5.50B
step=167990 | loss=4.1395 | lr=3.00e-04 | wd=0.0000 | mom=0.9500 | T=6.2 k=3.8 (mu_rec=8 mu_bwd=4) | grad=8.562 | tok/s=23,473 | tokens=5.50B
step=168000 | loss=4.0705 | lr=3.00e-04 | wd=0.0000 | mom=0.9500 | T=9.2 k=4.0 (mu_rec=8 mu_bwd=4) | grad=6.062 | tok/s=24,496 | tokens=5.51B
[step 168000] Saved -> runs/cortex-5b-k4/checkpoint_0168000
[step 168000] Pruned -> runs/cortex-5b-k4/checkpoint_0162000
step=168010 | loss=3.9252 | lr=3.00e-04 | wd=0.0000 | mom=0.9500 | T=8.2 k=3.2 (mu_rec=8 mu_bwd=4) | grad=6.156 | tok/s=21,700 | tokens=5.51B
step=168020 | loss=3.8158 | lr=3.00e-04 | wd=0.0000 | mom=0.9500 | T=6.2 k=3.8 (mu_rec=8 mu_bwd=4) | grad=6.562 | tok/s=24,253 | tokens=5.51B
step=168030 | loss=4.0191 | lr=3.00e-04 | wd=0.0000 | mom=0.9500 | T=7.5 k=4.0 (mu_rec=8 mu_bwd=4) | grad=4.219 | tok/s=23,291 | tokens=5.51B
step=168040 | loss=4.1794 | lr=3.00e-04 | wd=0.0000 | mom=0.9500 | T=12.8 k=4.0 (mu_rec=8 mu_bwd=4) | grad=5.250 | tok/s=22,841 | tokens=5.51B
step=168050 | loss=4.0252 | lr=3.00e-04 | wd=0.0000 | mom=0.9500 | T=5.0 k=3.8 (mu_rec=8 mu_bwd=4) | grad=4.219 | tok/s=26,616 | tokens=5.51B
step=168060 | loss=3.7955 | lr=3.00e-04 | wd=0.0000 | mom=0.9500 | T=9.8 k=4.0 (mu_rec=8 mu_bwd=4) | grad=14.938 | tok/s=23,950 | tokens=5.51B
step=168070 | loss=3.8203 | lr=3.00e-04 | wd=0.0000 | mom=0.9500 | T=6.0 k=3.5 (mu_rec=8 mu_bwd=4) | grad=5.344 | tok/s=22,624 | tokens=5.51B
step=168080 | loss=3.9630 | lr=3.00e-04 | wd=0.0000 | mom=0.9500 | T=10.5 k=4.0 (mu_rec=8 mu_bwd=4) | grad=7.125 | tok/s=24,032 | tokens=5.51B
step=168090 | loss=4.0993 | lr=3.00e-04 | wd=0.0000 | mom=0.9500 | T=6.8 k=3.5 (mu_rec=8 mu_bwd=4) | grad=5.219 | tok/s=23,727 | tokens=5.51B
step=168100 | loss=3.7712 | lr=3.00e-04 | wd=0.0000 | mom=0.9500 | T=11.0 k=4.0 (mu_rec=8 mu_bwd=4) | grad=7.625 | tok/s=24,278 | tokens=5.51B
step=168110 | loss=3.9407 | lr=3.00e-04 | wd=0.0000 | mom=0.9500 | T=6.8 k=3.5 (mu_rec=8 mu_bwd=4) | grad=6.625 | tok/s=24,128 | tokens=5.51B
step=168120 | loss=3.8747 | lr=3.00e-04 | wd=0.0000 | mom=0.9500 | T=12.0 k=4.0 (mu_rec=8 mu_bwd=4) | grad=6.344 | tok/s=22,848 | tokens=5.51B
step=168130 | loss=4.4712 | lr=3.00e-04 | wd=0.0000 | mom=0.9500 | T=8.0 k=4.0 (mu_rec=8 mu_bwd=4) | grad=5.125 | tok/s=26,754 | tokens=5.51B
step=168140 | loss=3.9611 | lr=3.00e-04 | wd=0.0000 | mom=0.9500 | T=5.2 k=3.5 (mu_rec=8 mu_bwd=4) | grad=8.688 | tok/s=23,668 | tokens=5.51B
step=168150 | loss=4.0425 | lr=3.00e-04 | wd=0.0000 | mom=0.9500 | T=13.2 k=4.0 (mu_rec=8 mu_bwd=4) | grad=5.531 | tok/s=22,407 | tokens=5.51B
step=168160 | loss=4.1630 | lr=3.00e-04 | wd=0.0000 | mom=0.9500 | T=8.0 k=4.0 (mu_rec=8 mu_bwd=4) | grad=4.531 | tok/s=23,720 | tokens=5.51B
step=168170 | loss=3.9857 | lr=3.00e-04 | wd=0.0000 | mom=0.9500 | T=8.2 k=4.0 (mu_rec=8 mu_bwd=4) | grad=4.188 | tok/s=24,085 | tokens=5.51B
step=168180 | loss=3.9705 | lr=3.00e-04 | wd=0.0000 | mom=0.9500 | T=7.2 k=4.0 (mu_rec=8 mu_bwd=4) | grad=3.797 | tok/s=23,678 | tokens=5.51B
step=168190 | loss=3.9937 | lr=3.00e-04 | wd=0.0000 | mom=0.9500 | T=9.5 k=4.0 (mu_rec=8 mu_bwd=4) | grad=4.219 | tok/s=20,913 | tokens=5.51B
step=168200 | loss=3.9982 | lr=3.00e-04 | wd=0.0000 | mom=0.9500 | T=8.0 k=3.2 (mu_rec=8 mu_bwd=4) | grad=4.844 | tok/s=9,580 | tokens=5.51B
step=168210 | loss=4.3901 | lr=3.00e-04 | wd=0.0000 | mom=0.9500 | T=2.5 k=2.5 (mu_rec=8 mu_bwd=4) | grad=5.219 | tok/s=25,412 | tokens=5.51B
step=168220 | loss=4.0525 | lr=3.00e-04 | wd=0.0000 | mom=0.9500 | T=6.0 k=3.8 (mu_rec=8 mu_bwd=4) | grad=6.312 | tok/s=22,498 | tokens=5.51B
step=168230 | loss=4.1348 | lr=3.00e-04 | wd=0.0000 | mom=0.9500 | T=8.5 k=3.2 (mu_rec=8 mu_bwd=4) | grad=6.906 | tok/s=23,956 | tokens=5.51B
step=168240 | loss=4.0923 | lr=3.00e-04 | wd=0.0000 | mom=0.9500 | T=10.2 k=3.8 (mu_rec=8 mu_bwd=4) | grad=4.281 | tok/s=22,543 | tokens=5.51B
step=168250 | loss=3.9583 | lr=3.00e-04 | wd=0.0000 | mom=0.9500 | T=5.2 k=3.5 (mu_rec=8 mu_bwd=4) | grad=6.688 | tok/s=23,453 | tokens=5.51B
step=168260 | loss=4.1797 | lr=3.00e-04 | wd=0.0000 | mom=0.9500 | T=12.8 k=3.8 (mu_rec=8 mu_bwd=4) | grad=6.219 | tok/s=22,881 | tokens=5.51B
step=168270 | loss=4.0023 | lr=2.99e-04 | wd=0.0000 | mom=0.9500 | T=10.2 k=4.0 (mu_rec=8 mu_bwd=4) | grad=10.125 | tok/s=23,853 | tokens=5.51B
step=168280 | loss=4.2065 | lr=2.99e-04 | wd=0.0000 | mom=0.9500 | T=12.5 k=4.0 (mu_rec=8 mu_bwd=4) | grad=9.875 | tok/s=24,022 | tokens=5.51B
step=168290 | loss=3.9551 | lr=2.99e-04 | wd=0.0000 | mom=0.9500 | T=10.2 k=4.0 (mu_rec=8 mu_bwd=4) | grad=5.438 | tok/s=23,645 | tokens=5.51B
step=168300 | loss=4.0376 | lr=2.99e-04 | wd=0.0000 | mom=0.9500 | T=11.2 k=4.0 (mu_rec=8 mu_bwd=4) | grad=4.312 | tok/s=23,755 | tokens=5.51B
step=168310 | loss=4.1591 | lr=2.99e-04 | wd=0.0000 | mom=0.9500 | T=7.0 k=4.0 (mu_rec=8 mu_bwd=4) | grad=9.875 | tok/s=25,215 | tokens=5.52B
step=168320 | loss=4.1370 | lr=2.99e-04 | wd=0.0000 | mom=0.9500 | T=7.2 k=3.2 (mu_rec=8 mu_bwd=4) | grad=5.219 | tok/s=22,572 | tokens=5.52B
step=168330 | loss=4.0105 | lr=2.99e-04 | wd=0.0000 | mom=0.9500 | T=9.2 k=3.5 (mu_rec=8 mu_bwd=4) | grad=4.938 | tok/s=25,008 | tokens=5.52B
step=168340 | loss=3.8857 | lr=2.99e-04 | wd=0.0000 | mom=0.9500 | T=8.0 k=4.0 (mu_rec=8 mu_bwd=4) | grad=5.031 | tok/s=11,256 | tokens=5.52B
step=168350 | loss=3.9426 | lr=2.99e-04 | wd=0.0000 | mom=0.9500 | T=8.8 k=3.5 (mu_rec=8 mu_bwd=4) | grad=4.406 | tok/s=22,820 | tokens=5.52B
step=168360 | loss=4.0035 | lr=2.99e-04 | wd=0.0000 | mom=0.9500 | T=12.0 k=4.0 (mu_rec=8 mu_bwd=4) | grad=4.938 | tok/s=25,298 | tokens=5.52B
step=168370 | loss=3.8947 | lr=2.99e-04 | wd=0.0000 | mom=0.9500 | T=10.5 k=3.8 (mu_rec=8 mu_bwd=4) | grad=4.844 | tok/s=23,111 | tokens=5.52B
step=168380 | loss=4.1192 | lr=2.99e-04 | wd=0.0000 | mom=0.9500 | T=8.8 k=4.0 (mu_rec=8 mu_bwd=4) | grad=9.812 | tok/s=24,267 | tokens=5.52B
step=168390 | loss=4.0956 | lr=2.99e-04 | wd=0.0000 | mom=0.9500 | T=12.5 k=4.0 (mu_rec=8 mu_bwd=4) | grad=4.625 | tok/s=23,661 | tokens=5.52B
step=168400 | loss=4.1424 | lr=2.99e-04 | wd=0.0000 | mom=0.9500 | T=12.0 k=4.0 (mu_rec=8 mu_bwd=4) | grad=4.188 | tok/s=22,534 | tokens=5.52B
step=168410 | loss=3.8231 | lr=2.99e-04 | wd=0.0000 | mom=0.9500 | T=8.0 k=3.5 (mu_rec=8 mu_bwd=4) | grad=5.500 | tok/s=26,300 | tokens=5.52B
step=168420 | loss=4.1709 | lr=2.99e-04 | wd=0.0000 | mom=0.9500 | T=9.0 k=4.0 (mu_rec=8 mu_bwd=4) | grad=4.906 | tok/s=24,025 | tokens=5.52B
step=168430 | loss=4.1785 | lr=2.99e-04 | wd=0.0000 | mom=0.9500 | T=10.8 k=4.0 (mu_rec=8 mu_bwd=4) | grad=5.219 | tok/s=24,013 | tokens=5.52B
step=168440 | loss=4.2333 | lr=2.99e-04 | wd=0.0000 | mom=0.9500 | T=10.8 k=4.0 (mu_rec=8 mu_bwd=4) | grad=5.938 | tok/s=22,188 | tokens=5.52B
step=168450 | loss=4.1684 | lr=2.99e-04 | wd=0.0000 | mom=0.9500 | T=6.2 k=4.0 (mu_rec=8 mu_bwd=4) | grad=4.656 | tok/s=25,134 | tokens=5.52B
step=168460 | loss=4.1674 | lr=2.99e-04 | wd=0.0000 | mom=0.9500 | T=5.0 k=3.5 (mu_rec=8 mu_bwd=4) | grad=3.906 | tok/s=23,508 | tokens=5.52B
step=168470 | loss=4.0138 | lr=2.99e-04 | wd=0.0000 | mom=0.9500 | T=10.0 k=4.0 (mu_rec=8 mu_bwd=4) | grad=4.688 | tok/s=23,570 | tokens=5.52B
step=168480 | loss=4.0068 | lr=2.99e-04 | wd=0.0000 | mom=0.9500 | T=9.0 k=3.2 (mu_rec=8 mu_bwd=4) | grad=4.125 | tok/s=25,399 | tokens=5.52B
step=168490 | loss=3.8190 | lr=2.99e-04 | wd=0.0000 | mom=0.9500 | T=5.0 k=3.2 (mu_rec=8 mu_bwd=4) | grad=8.062 | tok/s=23,286 | tokens=5.52B
step=168500 | loss=3.8499 | lr=2.99e-04 | wd=0.0000 | mom=0.9500 | T=10.2 k=4.0 (mu_rec=8 mu_bwd=4) | grad=5.312 | tok/s=22,753 | tokens=5.52B
step=168510 | loss=4.1244 | lr=2.99e-04 | wd=0.0000 | mom=0.9500 | T=8.8 k=4.0 (mu_rec=8 mu_bwd=4) | grad=5.656 | tok/s=23,207 | tokens=5.52B
step=168520 | loss=3.8784 | lr=2.99e-04 | wd=0.0000 | mom=0.9500 | T=7.0 k=4.0 (mu_rec=8 mu_bwd=4) | grad=4.156 | tok/s=23,610 | tokens=5.52B
step=168530 | loss=4.2925 | lr=2.99e-04 | wd=0.0000 | mom=0.9500 | T=9.0 k=4.0 (mu_rec=8 mu_bwd=4) | grad=5.875 | tok/s=24,256 | tokens=5.52B
step=168540 | loss=3.9589 | lr=2.99e-04 | wd=0.0000 | mom=0.9500 | T=13.8 k=4.0 (mu_rec=8 mu_bwd=4) | grad=6.875 | tok/s=22,078 | tokens=5.52B
step=168550 | loss=3.9586 | lr=2.99e-04 | wd=0.0000 | mom=0.9500 | T=7.8 k=3.5 (mu_rec=8 mu_bwd=4) | grad=6.250 | tok/s=24,384 | tokens=5.52B
step=168560 | loss=3.9060 | lr=2.99e-04 | wd=0.0000 | mom=0.9500 | T=7.2 k=3.2 (mu_rec=8 mu_bwd=4) | grad=3.922 | tok/s=23,933 | tokens=5.52B
step=168570 | loss=4.0449 | lr=2.99e-04 | wd=0.0000 | mom=0.9500 | T=8.8 k=3.8 (mu_rec=8 mu_bwd=4) | grad=5.688 | tok/s=23,584 | tokens=5.52B
step=168580 | loss=4.1047 | lr=2.98e-04 | wd=0.0000 | mom=0.9500 | T=8.8 k=4.0 (mu_rec=8 mu_bwd=4) | grad=3.922 | tok/s=23,197 | tokens=5.52B
step=168590 | loss=3.9184 | lr=2.98e-04 | wd=0.0000 | mom=0.9500 | T=7.8 k=3.8 (mu_rec=8 mu_bwd=4) | grad=5.031 | tok/s=23,242 | tokens=5.52B
step=168600 | loss=4.2814 | lr=2.98e-04 | wd=0.0000 | mom=0.9500 | T=11.8 k=4.0 (mu_rec=8 mu_bwd=4) | grad=6.250 | tok/s=23,595 | tokens=5.52B
step=168610 | loss=4.1881 | lr=2.98e-04 | wd=0.0000 | mom=0.9500 | T=6.8 k=3.5 (mu_rec=8 mu_bwd=4) | grad=3.891 | tok/s=23,870 | tokens=5.53B
step=168620 | loss=3.8553 | lr=2.98e-04 | wd=0.0000 | mom=0.9500 | T=12.8 k=4.0 (mu_rec=8 mu_bwd=4) | grad=4.906 | tok/s=23,370 | tokens=5.53B
step=168630 | loss=4.1530 | lr=2.98e-04 | wd=0.0000 | mom=0.9500 | T=6.2 k=3.2 (mu_rec=8 mu_bwd=4) | grad=4.188 | tok/s=25,547 | tokens=5.53B
step=168640 | loss=3.9010 | lr=2.98e-04 | wd=0.0000 | mom=0.9500 | T=9.0 k=4.0 (mu_rec=8 mu_bwd=4) | grad=3.719 | tok/s=24,558 | tokens=5.53B
step=168650 | loss=4.0274 | lr=2.98e-04 | wd=0.0000 | mom=0.9500 | T=6.5 k=4.0 (mu_rec=8 mu_bwd=4) | grad=5.094 | tok/s=24,608 | tokens=5.53B
step=168660 | loss=4.2347 | lr=2.98e-04 | wd=0.0000 | mom=0.9500 | T=6.0 k=3.8 (mu_rec=8 mu_bwd=4) | grad=8.312 | tok/s=24,256 | tokens=5.53B
step=168670 | loss=4.2769 | lr=2.98e-04 | wd=0.0000 | mom=0.9500 | T=14.5 k=4.0 (mu_rec=8 mu_bwd=4) | grad=5.125 | tok/s=23,734 | tokens=5.53B
step=168680 | loss=4.4338 | lr=2.98e-04 | wd=0.0000 | mom=0.9500 | T=5.5 k=3.5 (mu_rec=8 mu_bwd=4) | grad=5.281 | tok/s=22,053 | tokens=5.53B
step=168690 | loss=4.2232 | lr=2.98e-04 | wd=0.0000 | mom=0.9500 | T=5.2 k=3.2 (mu_rec=8 mu_bwd=4) | grad=4.562 | tok/s=25,993 | tokens=5.53B
step=168700 | loss=4.0144 | lr=2.98e-04 | wd=0.0000 | mom=0.9500 | T=7.0 k=3.8 (mu_rec=8 mu_bwd=4) | grad=4.375 | tok/s=25,560 | tokens=5.53B
step=168710 | loss=4.2352 | lr=2.98e-04 | wd=0.0000 | mom=0.9500 | T=9.0 k=4.0 (mu_rec=8 mu_bwd=4) | grad=7.125 | tok/s=23,976 | tokens=5.53B
step=168720 | loss=3.8873 | lr=2.98e-04 | wd=0.0000 | mom=0.9500 | T=9.2 k=3.8 (mu_rec=8 mu_bwd=4) | grad=6.906 | tok/s=23,198 | tokens=5.53B
step=168730 | loss=3.8979 | lr=2.98e-04 | wd=0.0000 | mom=0.9500 | T=6.8 k=3.5 (mu_rec=8 mu_bwd=4) | grad=5.531 | tok/s=24,328 | tokens=5.53B
step=168740 | loss=4.0166 | lr=2.98e-04 | wd=0.0000 | mom=0.9500 | T=8.5 k=4.0 (mu_rec=8 mu_bwd=4) | grad=8.625 | tok/s=24,759 | tokens=5.53B
step=168750 | loss=3.7604 | lr=2.98e-04 | wd=0.0000 | mom=0.9500 | T=5.0 k=4.0 (mu_rec=8 mu_bwd=4) | grad=5.500 | tok/s=23,597 | tokens=5.53B
step=168760 | loss=3.7294 | lr=2.98e-04 | wd=0.0000 | mom=0.9500 | T=12.5 k=4.0 (mu_rec=8 mu_bwd=4) | grad=5.562 | tok/s=22,663 | tokens=5.53B
step=168770 | loss=3.8157 | lr=2.98e-04 | wd=0.0000 | mom=0.9500 | T=8.5 k=4.0 (mu_rec=8 mu_bwd=4) | grad=5.719 | tok/s=23,348 | tokens=5.53B
step=168780 | loss=3.8288 | lr=2.98e-04 | wd=0.0000 | mom=0.9500 | T=9.8 k=4.0 (mu_rec=8 mu_bwd=4) | grad=17.250 | tok/s=22,993 | tokens=5.53B
step=168790 | loss=3.7976 | lr=2.97e-04 | wd=0.0000 | mom=0.9500 | T=7.5 k=4.0 (mu_rec=8 mu_bwd=4) | grad=7.500 | tok/s=24,187 | tokens=5.53B
step=168800 | loss=3.7141 | lr=2.97e-04 | wd=0.0000 | mom=0.9500 | T=7.0 k=4.0 (mu_rec=8 mu_bwd=4) | grad=4.531 | tok/s=23,956 | tokens=5.53B
step=168810 | loss=4.0873 | lr=2.97e-04 | wd=0.0000 | mom=0.9500 | T=5.5 k=4.0 (mu_rec=8 mu_bwd=4) | grad=4.375 | tok/s=26,813 | tokens=5.53B
step=168820 | loss=3.9086 | lr=2.97e-04 | wd=0.0000 | mom=0.9500 | T=8.8 k=4.0 (mu_rec=8 mu_bwd=4) | grad=4.344 | tok/s=23,179 | tokens=5.53B
step=168830 | loss=3.9803 | lr=2.97e-04 | wd=0.0000 | mom=0.9500 | T=10.5 k=3.2 (mu_rec=8 mu_bwd=4) | grad=5.594 | tok/s=23,197 | tokens=5.53B
step=168840 | loss=4.0311 | lr=2.97e-04 | wd=0.0000 | mom=0.9500 | T=11.2 k=4.0 (mu_rec=8 mu_bwd=4) | grad=6.844 | tok/s=23,776 | tokens=5.53B
step=168850 | loss=3.8318 | lr=2.97e-04 | wd=0.0000 | mom=0.9500 | T=3.8 k=3.2 (mu_rec=8 mu_bwd=4) | grad=9.125 | tok/s=24,254 | tokens=5.53B
step=168860 | loss=4.1635 | lr=2.97e-04 | wd=0.0000 | mom=0.9500 | T=3.5 k=3.0 (mu_rec=8 mu_bwd=4) | grad=5.656 | tok/s=25,092 | tokens=5.53B
step=168870 | loss=3.6865 | lr=2.97e-04 | wd=0.0000 | mom=0.9500 | T=8.8 k=4.0 (mu_rec=8 mu_bwd=4) | grad=5.344 | tok/s=22,804 | tokens=5.53B
step=168880 | loss=3.9199 | lr=2.97e-04 | wd=0.0000 | mom=0.9500 | T=6.0 k=3.8 (mu_rec=8 mu_bwd=4) | grad=5.312 | tok/s=24,550 | tokens=5.53B
step=168890 | loss=4.2184 | lr=2.97e-04 | wd=0.0000 | mom=0.9500 | T=3.2 k=3.2 (mu_rec=8 mu_bwd=4) | grad=4.312 | tok/s=25,872 | tokens=5.53B
step=168900 | loss=4.0253 | lr=2.97e-04 | wd=0.0000 | mom=0.9500 | T=7.0 k=3.0 (mu_rec=8 mu_bwd=4) | grad=4.312 | tok/s=24,093 | tokens=5.53B
step=168910 | loss=4.3638 | lr=2.97e-04 | wd=0.0000 | mom=0.9500 | T=9.2 k=3.2 (mu_rec=8 mu_bwd=4) | grad=5.125 | tok/s=23,327 | tokens=5.53B
step=168920 | loss=4.1692 | lr=2.97e-04 | wd=0.0000 | mom=0.9500 | T=7.8 k=4.0 (mu_rec=8 mu_bwd=4) | grad=5.375 | tok/s=23,234 | tokens=5.54B
step=168930 | loss=4.0652 | lr=2.97e-04 | wd=0.0000 | mom=0.9500 | T=8.2 k=4.0 (mu_rec=8 mu_bwd=4) | grad=7.188 | tok/s=23,416 | tokens=5.54B
step=168940 | loss=4.0939 | lr=2.97e-04 | wd=0.0000 | mom=0.9500 | T=8.5 k=3.0 (mu_rec=8 mu_bwd=4) | grad=6.844 | tok/s=25,185 | tokens=5.54B
step=168950 | loss=4.2610 | lr=2.97e-04 | wd=0.0000 | mom=0.9500 | T=10.2 k=4.0 (mu_rec=8 mu_bwd=4) | grad=5.312 | tok/s=22,895 | tokens=5.54B
step=168960 | loss=4.2346 | lr=2.96e-04 | wd=0.0000 | mom=0.9500 | T=7.8 k=3.5 (mu_rec=8 mu_bwd=4) | grad=5.375 | tok/s=22,290 | tokens=5.54B
step=168970 | loss=4.5752 | lr=2.96e-04 | wd=0.0000 | mom=0.9500 | T=8.8 k=4.0 (mu_rec=8 mu_bwd=4) | grad=5.750 | tok/s=23,291 | tokens=5.54B
step=168980 | loss=4.1911 | lr=2.96e-04 | wd=0.0000 | mom=0.9500 | T=7.2 k=4.0 (mu_rec=8 mu_bwd=4) | grad=6.875 | tok/s=23,090 | tokens=5.54B
step=168990 | loss=3.9484 | lr=2.96e-04 | wd=0.0000 | mom=0.9500 | T=7.0 k=4.0 (mu_rec=8 mu_bwd=4) | grad=4.531 | tok/s=25,736 | tokens=5.54B
step=169000 | loss=3.9770 | lr=2.96e-04 | wd=0.0000 | mom=0.9500 | T=6.5 k=3.2 (mu_rec=8 mu_bwd=4) | grad=4.812 | tok/s=25,247 | tokens=5.54B
step=169010 | loss=3.9670 | lr=2.96e-04 | wd=0.0000 | mom=0.9500 | T=5.2 k=3.8 (mu_rec=8 mu_bwd=4) | grad=4.375 | tok/s=24,373 | tokens=5.54B
step=169020 | loss=4.0779 | lr=2.96e-04 | wd=0.0000 | mom=0.9500 | T=7.5 k=4.0 (mu_rec=8 mu_bwd=4) | grad=3.984 | tok/s=24,562 | tokens=5.54B
step=169030 | loss=3.7022 | lr=2.96e-04 | wd=0.0000 | mom=0.9500 | T=5.2 k=3.0 (mu_rec=8 mu_bwd=4) | grad=5.656 | tok/s=25,146 | tokens=5.54B
step=169040 | loss=3.8892 | lr=2.96e-04 | wd=0.0000 | mom=0.9500 | T=6.0 k=2.8 (mu_rec=8 mu_bwd=4) | grad=6.375 | tok/s=25,362 | tokens=5.54B
step=169050 | loss=4.0083 | lr=2.96e-04 | wd=0.0000 | mom=0.9500 | T=8.2 k=4.0 (mu_rec=8 mu_bwd=4) | grad=4.375 | tok/s=22,424 | tokens=5.54B
step=169060 | loss=4.0523 | lr=2.96e-04 | wd=0.0000 | mom=0.9500 | T=10.0 k=4.0 (mu_rec=8 mu_bwd=4) | grad=5.312 | tok/s=24,732 | tokens=5.54B
step=169070 | loss=4.0851 | lr=2.96e-04 | wd=0.0000 | mom=0.9500 | T=6.5 k=4.0 (mu_rec=8 mu_bwd=4) | grad=6.188 | tok/s=24,122 | tokens=5.54B
step=169080 | loss=3.9683 | lr=2.96e-04 | wd=0.0000 | mom=0.9500 | T=11.2 k=4.0 (mu_rec=8 mu_bwd=4) | grad=4.750 | tok/s=22,028 | tokens=5.54B
step=169090 | loss=4.0793 | lr=2.96e-04 | wd=0.0000 | mom=0.9500 | T=6.8 k=3.2 (mu_rec=8 mu_bwd=4) | grad=4.062 | tok/s=25,406 | tokens=5.54B
step=169100 | loss=3.9342 | lr=2.96e-04 | wd=0.0000 | mom=0.9500 | T=10.0 k=3.2 (mu_rec=8 mu_bwd=4) | grad=5.688 | tok/s=25,338 | tokens=5.54B
step=169110 | loss=4.1292 | lr=2.95e-04 | wd=0.0000 | mom=0.9500 | T=8.0 k=3.8 (mu_rec=8 mu_bwd=4) | grad=9.625 | tok/s=27,821 | tokens=5.54B
step=169120 | loss=3.9253 | lr=2.95e-04 | wd=0.0000 | mom=0.9500 | T=6.0 k=3.8 (mu_rec=8 mu_bwd=4) | grad=4.781 | tok/s=24,415 | tokens=5.54B
step=169130 | loss=3.9755 | lr=2.95e-04 | wd=0.0000 | mom=0.9500 | T=7.2 k=4.0 (mu_rec=8 mu_bwd=4) | grad=5.000 | tok/s=23,690 | tokens=5.54B
step=169140 | loss=3.7589 | lr=2.95e-04 | wd=0.0000 | mom=0.9500 | T=8.2 k=3.8 (mu_rec=8 mu_bwd=4) | grad=4.062 | tok/s=10,213 | tokens=5.54B
step=169150 | loss=4.0910 | lr=2.95e-04 | wd=0.0000 | mom=0.9500 | T=7.2 k=4.0 (mu_rec=8 mu_bwd=4) | grad=7.250 | tok/s=10,922 | tokens=5.54B
step=169160 | loss=4.0923 | lr=2.95e-04 | wd=0.0000 | mom=0.9500 | T=8.2 k=4.0 (mu_rec=8 mu_bwd=4) | grad=8.750 | tok/s=24,773 | tokens=5.54B
step=169170 | loss=4.1233 | lr=2.95e-04 | wd=0.0000 | mom=0.9500 | T=6.8 k=4.0 (mu_rec=8 mu_bwd=4) | grad=5.906 | tok/s=23,140 | tokens=5.54B
step=169180 | loss=4.0596 | lr=2.95e-04 | wd=0.0000 | mom=0.9500 | T=7.5 k=4.0 (mu_rec=8 mu_bwd=4) | grad=5.000 | tok/s=22,645 | tokens=5.54B
step=169190 | loss=4.3618 | lr=2.95e-04 | wd=0.0000 | mom=0.9500 | T=6.8 k=4.0 (mu_rec=8 mu_bwd=4) | grad=4.844 | tok/s=23,282 | tokens=5.54B
step=169200 | loss=4.1029 | lr=2.95e-04 | wd=0.0000 | mom=0.9500 | T=7.0 k=3.5 (mu_rec=8 mu_bwd=4) | grad=5.031 | tok/s=23,002 | tokens=5.54B
step=169210 | loss=3.6783 | lr=2.95e-04 | wd=0.0000 | mom=0.9500 | T=5.2 k=3.5 (mu_rec=8 mu_bwd=4) | grad=4.625 | tok/s=24,414 | tokens=5.54B
step=169220 | loss=4.1644 | lr=2.95e-04 | wd=0.0000 | mom=0.9500 | T=6.2 k=3.5 (mu_rec=8 mu_bwd=4) | grad=4.906 | tok/s=24,288 | tokens=5.55B
step=169230 | loss=4.1199 | lr=2.95e-04 | wd=0.0000 | mom=0.9500 | T=8.2 k=3.8 (mu_rec=8 mu_bwd=4) | grad=5.531 | tok/s=23,690 | tokens=5.55B
step=169240 | loss=4.0526 | lr=2.94e-04 | wd=0.0000 | mom=0.9500 | T=11.2 k=4.0 (mu_rec=8 mu_bwd=4) | grad=4.719 | tok/s=24,091 | tokens=5.55B
step=169250 | loss=4.2385 | lr=2.94e-04 | wd=0.0000 | mom=0.9500 | T=6.2 k=4.0 (mu_rec=8 mu_bwd=4) | grad=6.000 | tok/s=23,748 | tokens=5.55B
step=169260 | loss=4.0355 | lr=2.94e-04 | wd=0.0000 | mom=0.9500 | T=8.2 k=4.0 (mu_rec=8 mu_bwd=4) | grad=4.094 | tok/s=23,422 | tokens=5.55B
step=169270 | loss=4.0928 | lr=2.94e-04 | wd=0.0000 | mom=0.9500 | T=7.8 k=3.5 (mu_rec=8 mu_bwd=4) | grad=5.656 | tok/s=23,386 | tokens=5.55B
step=169280 | loss=4.3333 | lr=2.94e-04 | wd=0.0000 | mom=0.9500 | T=10.0 k=3.8 (mu_rec=8 mu_bwd=4) | grad=5.938 | tok/s=23,470 | tokens=5.55B
step=169290 | loss=4.4042 | lr=2.94e-04 | wd=0.0000 | mom=0.9500 | T=7.5 k=4.0 (mu_rec=8 mu_bwd=4) | grad=5.250 | tok/s=23,191 | tokens=5.55B
step=169300 | loss=4.1849 | lr=2.94e-04 | wd=0.0000 | mom=0.9500 | T=6.8 k=3.5 (mu_rec=8 mu_bwd=4) | grad=11.188 | tok/s=24,487 | tokens=5.55B
step=169310 | loss=3.7927 | lr=2.94e-04 | wd=0.0000 | mom=0.9500 | T=5.8 k=3.5 (mu_rec=8 mu_bwd=4) | grad=5.344 | tok/s=24,566 | tokens=5.55B
step=169320 | loss=3.9294 | lr=2.94e-04 | wd=0.0000 | mom=0.9500 | T=7.2 k=3.8 (mu_rec=8 mu_bwd=4) | grad=5.031 | tok/s=23,352 | tokens=5.55B
step=169330 | loss=4.2385 | lr=2.94e-04 | wd=0.0000 | mom=0.9500 | T=4.0 k=3.0 (mu_rec=8 mu_bwd=4) | grad=4.688 | tok/s=24,477 | tokens=5.55B
step=169340 | loss=3.8342 | lr=2.94e-04 | wd=0.0000 | mom=0.9500 | T=7.0 k=4.0 (mu_rec=8 mu_bwd=4) | grad=3.766 | tok/s=23,078 | tokens=5.55B
step=169350 | loss=4.0544 | lr=2.94e-04 | wd=0.0000 | mom=0.9500 | T=11.0 k=3.8 (mu_rec=8 mu_bwd=4) | grad=4.688 | tok/s=23,670 | tokens=5.55B
step=169360 | loss=4.2189 | lr=2.93e-04 | wd=0.0000 | mom=0.9500 | T=9.0 k=3.5 (mu_rec=8 mu_bwd=4) | grad=8.000 | tok/s=23,206 | tokens=5.55B
step=169370 | loss=3.8955 | lr=2.93e-04 | wd=0.0000 | mom=0.9500 | T=7.0 k=4.0 (mu_rec=8 mu_bwd=4) | grad=5.031 | tok/s=22,581 | tokens=5.55B
step=169380 | loss=4.1667 | lr=2.93e-04 | wd=0.0000 | mom=0.9500 | T=13.8 k=3.8 (mu_rec=8 mu_bwd=4) | grad=4.781 | tok/s=21,984 | tokens=5.55B
step=169390 | loss=4.0046 | lr=2.93e-04 | wd=0.0000 | mom=0.9500 | T=7.2 k=3.0 (mu_rec=8 mu_bwd=4) | grad=4.656 | tok/s=24,083 | tokens=5.55B
step=169400 | loss=4.1272 | lr=2.93e-04 | wd=0.0000 | mom=0.9500 | T=8.8 k=3.2 (mu_rec=8 mu_bwd=4) | grad=4.625 | tok/s=24,403 | tokens=5.55B
step=169410 | loss=4.1013 | lr=2.93e-04 | wd=0.0000 | mom=0.9500 | T=10.0 k=4.0 (mu_rec=8 mu_bwd=4) | grad=7.375 | tok/s=24,429 | tokens=5.55B
step=169420 | loss=3.9133 | lr=2.93e-04 | wd=0.0000 | mom=0.9500 | T=11.2 k=4.0 (mu_rec=8 mu_bwd=4) | grad=5.344 | tok/s=22,500 | tokens=5.55B
step=169430 | loss=3.9534 | lr=2.93e-04 | wd=0.0000 | mom=0.9500 | T=5.8 k=3.8 (mu_rec=8 mu_bwd=4) | grad=4.656 | tok/s=22,410 | tokens=5.55B
step=169440 | loss=4.3038 | lr=2.93e-04 | wd=0.0000 | mom=0.9500 | T=7.8 k=3.2 (mu_rec=8 mu_bwd=4) | grad=6.000 | tok/s=24,137 | tokens=5.55B
step=169450 | loss=3.8476 | lr=2.93e-04 | wd=0.0000 | mom=0.9500 | T=7.0 k=4.0 (mu_rec=8 mu_bwd=4) | grad=4.969 | tok/s=24,747 | tokens=5.55B
step=169460 | loss=3.7481 | lr=2.93e-04 | wd=0.0000 | mom=0.9500 | T=9.5 k=3.8 (mu_rec=8 mu_bwd=4) | grad=3.781 | tok/s=25,430 | tokens=5.55B
step=169470 | loss=3.8324 | lr=2.93e-04 | wd=0.0000 | mom=0.9500 | T=8.5 k=3.8 (mu_rec=8 mu_bwd=4) | grad=4.906 | tok/s=24,998 | tokens=5.55B
step=169480 | loss=3.9267 | lr=2.92e-04 | wd=0.0000 | mom=0.9500 | T=11.8 k=4.0 (mu_rec=8 mu_bwd=4) | grad=4.969 | tok/s=23,992 | tokens=5.55B
step=169490 | loss=4.3336 | lr=2.92e-04 | wd=0.0000 | mom=0.9500 | T=6.8 k=3.8 (mu_rec=8 mu_bwd=4) | grad=5.656 | tok/s=23,057 | tokens=5.55B
step=169500 | loss=3.9624 | lr=2.92e-04 | wd=0.0000 | mom=0.9500 | T=13.2 k=4.0 (mu_rec=8 mu_bwd=4) | grad=5.469 | tok/s=24,576 | tokens=5.55B
step=169510 | loss=3.8368 | lr=2.92e-04 | wd=0.0000 | mom=0.9500 | T=10.0 k=4.0 (mu_rec=8 mu_bwd=4) | grad=5.719 | tok/s=22,816 | tokens=5.55B
step=169520 | loss=4.1688 | lr=2.92e-04 | wd=0.0000 | mom=0.9500 | T=7.2 k=4.0 (mu_rec=8 mu_bwd=4) | grad=7.438 | tok/s=24,034 | tokens=5.55B
step=169530 | loss=3.8097 | lr=2.92e-04 | wd=0.0000 | mom=0.9500 | T=9.8 k=4.0 (mu_rec=8 mu_bwd=4) | grad=7.156 | tok/s=23,866 | tokens=5.56B
step=169540 | loss=3.9789 | lr=2.92e-04 | wd=0.0000 | mom=0.9500 | T=6.8 k=3.8 (mu_rec=8 mu_bwd=4) | grad=4.219 | tok/s=24,436 | tokens=5.56B
step=169550 | loss=4.0688 | lr=2.92e-04 | wd=0.0000 | mom=0.9500 | T=6.8 k=3.8 (mu_rec=8 mu_bwd=4) | grad=4.312 | tok/s=23,805 | tokens=5.56B
step=169560 | loss=4.1406 | lr=2.92e-04 | wd=0.0000 | mom=0.9500 | T=5.5 k=3.5 (mu_rec=8 mu_bwd=4) | grad=4.781 | tok/s=25,968 | tokens=5.56B
step=169570 | loss=3.9943 | lr=2.92e-04 | wd=0.0000 | mom=0.9500 | T=12.2 k=4.0 (mu_rec=8 mu_bwd=4) | grad=4.906 | tok/s=22,533 | tokens=5.56B
step=169580 | loss=4.1274 | lr=2.91e-04 | wd=0.0000 | mom=0.9500 | T=6.5 k=4.0 (mu_rec=8 mu_bwd=4) | grad=6.375 | tok/s=23,778 | tokens=5.56B
step=169590 | loss=4.0432 | lr=2.91e-04 | wd=0.0000 | mom=0.9500 | T=13.2 k=4.0 (mu_rec=8 mu_bwd=4) | grad=12.188 | tok/s=22,897 | tokens=5.56B
step=169600 | loss=3.9997 | lr=2.91e-04 | wd=0.0000 | mom=0.9500 | T=5.5 k=4.0 (mu_rec=8 mu_bwd=4) | grad=6.031 | tok/s=25,429 | tokens=5.56B
step=169610 | loss=4.2141 | lr=2.91e-04 | wd=0.0000 | mom=0.9500 | T=8.2 k=4.0 (mu_rec=8 mu_bwd=4) | grad=8.750 | tok/s=24,376 | tokens=5.56B
step=169620 | loss=4.2824 | lr=2.91e-04 | wd=0.0000 | mom=0.9500 | T=7.2 k=3.8 (mu_rec=8 mu_bwd=4) | grad=8.250 | tok/s=24,972 | tokens=5.56B
step=169630 | loss=3.9822 | lr=2.91e-04 | wd=0.0000 | mom=0.9500 | T=7.0 k=3.8 (mu_rec=8 mu_bwd=4) | grad=3.938 | tok/s=26,849 | tokens=5.56B
step=169640 | loss=4.0729 | lr=2.91e-04 | wd=0.0000 | mom=0.9500 | T=12.0 k=4.0 (mu_rec=8 mu_bwd=4) | grad=4.312 | tok/s=24,100 | tokens=5.56B
step=169650 | loss=3.6175 | lr=2.91e-04 | wd=0.0000 | mom=0.9500 | T=4.5 k=3.5 (mu_rec=8 mu_bwd=4) | grad=4.250 | tok/s=24,503 | tokens=5.56B
step=169660 | loss=4.0529 | lr=2.91e-04 | wd=0.0000 | mom=0.9500 | T=12.5 k=3.2 (mu_rec=8 mu_bwd=4) | grad=5.219 | tok/s=23,276 | tokens=5.56B
step=169670 | loss=4.0432 | lr=2.91e-04 | wd=0.0000 | mom=0.9500 | T=8.5 k=3.5 (mu_rec=8 mu_bwd=4) | grad=8.438 | tok/s=26,164 | tokens=5.56B
step=169680 | loss=4.2724 | lr=2.90e-04 | wd=0.0000 | mom=0.9500 | T=13.2 k=4.0 (mu_rec=8 mu_bwd=4) | grad=5.250 | tok/s=23,973 | tokens=5.56B
step=169690 | loss=3.9863 | lr=2.90e-04 | wd=0.0000 | mom=0.9500 | T=8.2 k=3.5 (mu_rec=8 mu_bwd=4) | grad=4.875 | tok/s=23,885 | tokens=5.56B
step=169700 | loss=3.9776 | lr=2.90e-04 | wd=0.0000 | mom=0.9500 | T=7.2 k=3.5 (mu_rec=8 mu_bwd=4) | grad=3.922 | tok/s=26,209 | tokens=5.56B
step=169710 | loss=3.9130 | lr=2.90e-04 | wd=0.0000 | mom=0.9500 | T=8.8 k=3.2 (mu_rec=8 mu_bwd=4) | grad=6.031 | tok/s=24,859 | tokens=5.56B
step=169720 | loss=4.0822 | lr=2.90e-04 | wd=0.0000 | mom=0.9500 | T=6.8 k=4.0 (mu_rec=8 mu_bwd=4) | grad=5.750 | tok/s=23,799 | tokens=5.56B
step=169730 | loss=4.0028 | lr=2.90e-04 | wd=0.0000 | mom=0.9500 | T=4.0 k=3.8 (mu_rec=8 mu_bwd=4) | grad=8.500 | tok/s=25,002 | tokens=5.56B
step=169740 | loss=3.9869 | lr=2.90e-04 | wd=0.0000 | mom=0.9500 | T=9.5 k=3.8 (mu_rec=8 mu_bwd=4) | grad=4.875 | tok/s=23,909 | tokens=5.56B
step=169750 | loss=4.0892 | lr=2.90e-04 | wd=0.0000 | mom=0.9500 | T=6.2 k=3.2 (mu_rec=8 mu_bwd=4) | grad=5.438 | tok/s=24,447 | tokens=5.56B
step=169760 | loss=3.9553 | lr=2.90e-04 | wd=0.0000 | mom=0.9500 | T=6.8 k=3.2 (mu_rec=8 mu_bwd=4) | grad=4.500 | tok/s=23,309 | tokens=5.56B
step=169770 | loss=4.1054 | lr=2.90e-04 | wd=0.0000 | mom=0.9500 | T=5.0 k=3.2 (mu_rec=8 mu_bwd=4) | grad=4.031 | tok/s=23,186 | tokens=5.56B
step=169780 | loss=3.8566 | lr=2.89e-04 | wd=0.0000 | mom=0.9500 | T=5.8 k=4.0 (mu_rec=8 mu_bwd=4) | grad=4.594 | tok/s=24,853 | tokens=5.56B
step=169790 | loss=3.7000 | lr=2.89e-04 | wd=0.0000 | mom=0.9500 | T=11.0 k=4.0 (mu_rec=8 mu_bwd=4) | grad=4.406 | tok/s=22,373 | tokens=5.56B
step=169800 | loss=4.0302 | lr=2.89e-04 | wd=0.0000 | mom=0.9500 | T=12.5 k=4.0 (mu_rec=8 mu_bwd=4) | grad=6.844 | tok/s=22,804 | tokens=5.56B
step=169810 | loss=4.1883 | lr=2.89e-04 | wd=0.0000 | mom=0.9500 | T=6.8 k=4.0 (mu_rec=8 mu_bwd=4) | grad=5.406 | tok/s=23,624 | tokens=5.56B
step=169820 | loss=3.9874 | lr=2.89e-04 | wd=0.0000 | mom=0.9500 | T=6.0 k=3.2 (mu_rec=8 mu_bwd=4) | grad=5.188 | tok/s=23,435 | tokens=5.56B
step=169830 | loss=3.9799 | lr=2.89e-04 | wd=0.0000 | mom=0.9500 | T=5.2 k=3.8 (mu_rec=8 mu_bwd=4) | grad=4.781 | tok/s=23,633 | tokens=5.56B
step=169840 | loss=4.1044 | lr=2.89e-04 | wd=0.0000 | mom=0.9500 | T=11.0 k=4.0 (mu_rec=8 mu_bwd=4) | grad=4.062 | tok/s=22,903 | tokens=5.57B
step=169850 | loss=3.8381 | lr=2.89e-04 | wd=0.0000 | mom=0.9500 | T=6.8 k=4.0 (mu_rec=8 mu_bwd=4) | grad=6.875 | tok/s=24,794 | tokens=5.57B
step=169860 | loss=4.0975 | lr=2.89e-04 | wd=0.0000 | mom=0.9500 | T=4.8 k=2.5 (mu_rec=8 mu_bwd=4) | grad=7.031 | tok/s=25,288 | tokens=5.57B
step=169870 | loss=3.9367 | lr=2.88e-04 | wd=0.0000 | mom=0.9500 | T=8.5 k=3.2 (mu_rec=8 mu_bwd=4) | grad=9.000 | tok/s=23,921 | tokens=5.57B
step=169880 | loss=3.7131 | lr=2.88e-04 | wd=0.0000 | mom=0.9500 | T=4.5 k=3.0 (mu_rec=8 mu_bwd=4) | grad=4.875 | tok/s=26,768 | tokens=5.57B
step=169890 | loss=3.7839 | lr=2.88e-04 | wd=0.0000 | mom=0.9500 | T=6.2 k=3.5 (mu_rec=8 mu_bwd=4) | grad=4.875 | tok/s=23,732 | tokens=5.57B
step=169900 | loss=3.8083 | lr=2.88e-04 | wd=0.0000 | mom=0.9500 | T=6.0 k=3.5 (mu_rec=8 mu_bwd=4) | grad=10.688 | tok/s=23,438 | tokens=5.57B
step=169910 | loss=4.1233 | lr=2.88e-04 | wd=0.0000 | mom=0.9500 | T=10.0 k=3.2 (mu_rec=8 mu_bwd=4) | grad=4.938 | tok/s=23,035 | tokens=5.57B
step=169920 | loss=4.1447 | lr=2.88e-04 | wd=0.0000 | mom=0.9500 | T=7.5 k=4.0 (mu_rec=8 mu_bwd=4) | grad=3.859 | tok/s=27,092 | tokens=5.57B
step=169930 | loss=3.8761 | lr=2.88e-04 | wd=0.0000 | mom=0.9500 | T=4.8 k=4.0 (mu_rec=8 mu_bwd=4) | grad=5.312 | tok/s=27,139 | tokens=5.57B
step=169940 | loss=3.6268 | lr=2.88e-04 | wd=0.0000 | mom=0.9500 | T=6.0 k=3.2 (mu_rec=8 mu_bwd=4) | grad=4.594 | tok/s=23,814 | tokens=5.57B
step=169950 | loss=3.7892 | lr=2.88e-04 | wd=0.0000 | mom=0.9500 | T=11.2 k=3.8 (mu_rec=8 mu_bwd=4) | grad=6.719 | tok/s=23,633 | tokens=5.57B
step=169960 | loss=4.1108 | lr=2.87e-04 | wd=0.0000 | mom=0.9500 | T=8.0 k=4.0 (mu_rec=8 mu_bwd=4) | grad=6.344 | tok/s=9,392 | tokens=5.57B
step=169970 | loss=4.0221 | lr=2.87e-04 | wd=0.0000 | mom=0.9500 | T=13.0 k=4.0 (mu_rec=8 mu_bwd=4) | grad=4.438 | tok/s=23,200 | tokens=5.57B
step=169980 | loss=3.9467 | lr=2.87e-04 | wd=0.0000 | mom=0.9500 | T=9.0 k=3.2 (mu_rec=8 mu_bwd=4) | grad=3.969 | tok/s=25,364 | tokens=5.57B
step=169990 | loss=4.1282 | lr=2.87e-04 | wd=0.0000 | mom=0.9500 | T=8.5 k=4.0 (mu_rec=8 mu_bwd=4) | grad=7.469 | tok/s=25,614 | tokens=5.57B
step=170000 | loss=4.5651 | lr=2.87e-04 | wd=0.0000 | mom=0.9500 | T=7.2 k=4.0 (mu_rec=8 mu_bwd=4) | grad=4.312 | tok/s=23,803 | tokens=5.57B
[step 170000] Saved -> runs/cortex-5b-k4/checkpoint_0170000
[step 170000] Pruned -> runs/cortex-5b-k4/checkpoint_0164000
step=170010 | loss=4.2669 | lr=2.87e-04 | wd=0.0000 | mom=0.9500 | T=10.8 k=4.0 (mu_rec=8 mu_bwd=4) | grad=3.578 | tok/s=22,839 | tokens=5.57B
step=170020 | loss=3.9516 | lr=2.87e-04 | wd=0.0000 | mom=0.9500 | T=5.5 k=3.5 (mu_rec=8 mu_bwd=4) | grad=4.438 | tok/s=23,792 | tokens=5.57B
step=170030 | loss=4.1860 | lr=2.87e-04 | wd=0.0000 | mom=0.9500 | T=6.2 k=3.8 (mu_rec=8 mu_bwd=4) | grad=4.500 | tok/s=24,129 | tokens=5.57B
step=170040 | loss=4.1797 | lr=2.86e-04 | wd=0.0000 | mom=0.9500 | T=11.8 k=4.0 (mu_rec=8 mu_bwd=4) | grad=5.000 | tok/s=23,198 | tokens=5.57B
step=170050 | loss=4.1331 | lr=2.86e-04 | wd=0.0000 | mom=0.9500 | T=7.8 k=4.0 (mu_rec=8 mu_bwd=4) | grad=3.953 | tok/s=9,802 | tokens=5.57B
step=170060 | loss=4.4001 | lr=2.86e-04 | wd=0.0000 | mom=0.9500 | T=12.0 k=4.0 (mu_rec=8 mu_bwd=4) | grad=5.531 | tok/s=24,392 | tokens=5.57B
step=170070 | loss=4.5364 | lr=2.86e-04 | wd=0.0000 | mom=0.9500 | T=6.8 k=3.8 (mu_rec=8 mu_bwd=4) | grad=6.375 | tok/s=23,241 | tokens=5.57B
step=170080 | loss=4.0721 | lr=2.86e-04 | wd=0.0000 | mom=0.9500 | T=8.0 k=3.5 (mu_rec=8 mu_bwd=4) | grad=4.312 | tok/s=23,758 | tokens=5.57B
step=170090 | loss=4.0813 | lr=2.86e-04 | wd=0.0000 | mom=0.9500 | T=6.8 k=3.8 (mu_rec=8 mu_bwd=4) | grad=4.844 | tok/s=24,431 | tokens=5.57B
step=170100 | loss=3.9453 | lr=2.86e-04 | wd=0.0000 | mom=0.9500 | T=14.2 k=4.0 (mu_rec=8 mu_bwd=4) | grad=4.188 | tok/s=21,749 | tokens=5.57B
step=170110 | loss=4.1076 | lr=2.86e-04 | wd=0.0000 | mom=0.9500 | T=5.8 k=3.2 (mu_rec=8 mu_bwd=4) | grad=5.875 | tok/s=24,724 | tokens=5.57B
step=170120 | loss=4.0905 | lr=2.85e-04 | wd=0.0000 | mom=0.9500 | T=7.8 k=3.8 (mu_rec=8 mu_bwd=4) | grad=6.781 | tok/s=23,215 | tokens=5.57B
step=170130 | loss=3.9575 | lr=2.85e-04 | wd=0.0000 | mom=0.9500 | T=8.0 k=4.0 (mu_rec=8 mu_bwd=4) | grad=4.312 | tok/s=23,237 | tokens=5.57B
step=170140 | loss=4.1551 | lr=2.85e-04 | wd=0.0000 | mom=0.9500 | T=8.2 k=4.0 (mu_rec=8 mu_bwd=4) | grad=5.531 | tok/s=22,183 | tokens=5.58B
step=170150 | loss=3.9186 | lr=2.85e-04 | wd=0.0000 | mom=0.9500 | T=8.5 k=4.0 (mu_rec=8 mu_bwd=4) | grad=6.156 | tok/s=23,117 | tokens=5.58B
step=170160 | loss=4.0613 | lr=2.85e-04 | wd=0.0000 | mom=0.9500 | T=8.5 k=4.0 (mu_rec=8 mu_bwd=4) | grad=5.562 | tok/s=24,050 | tokens=5.58B
step=170170 | loss=3.7534 | lr=2.85e-04 | wd=0.0000 | mom=0.9500 | T=8.8 k=3.2 (mu_rec=8 mu_bwd=4) | grad=6.156 | tok/s=23,599 | tokens=5.58B
step=170180 | loss=4.1946 | lr=2.85e-04 | wd=0.0000 | mom=0.9500 | T=9.0 k=4.0 (mu_rec=8 mu_bwd=4) | grad=3.734 | tok/s=25,280 | tokens=5.58B
step=170190 | loss=4.0964 | lr=2.85e-04 | wd=0.0000 | mom=0.9500 | T=5.5 k=4.0 (mu_rec=8 mu_bwd=4) | grad=4.219 | tok/s=24,967 | tokens=5.58B
step=170200 | loss=4.0974 | lr=2.84e-04 | wd=0.0000 | mom=0.9500 | T=5.0 k=3.2 (mu_rec=8 mu_bwd=4) | grad=6.938 | tok/s=24,657 | tokens=5.58B
step=170210 | loss=4.2401 | lr=2.84e-04 | wd=0.0000 | mom=0.9500 | T=5.8 k=3.0 (mu_rec=8 mu_bwd=4) | grad=5.469 | tok/s=24,454 | tokens=5.58B
step=170220 | loss=4.2942 | lr=2.84e-04 | wd=0.0000 | mom=0.9500 | T=5.5 k=3.8 (mu_rec=8 mu_bwd=4) | grad=4.812 | tok/s=22,859 | tokens=5.58B
step=170230 | loss=4.0387 | lr=2.84e-04 | wd=0.0000 | mom=0.9500 | T=12.2 k=4.0 (mu_rec=8 mu_bwd=4) | grad=4.594 | tok/s=23,023 | tokens=5.58B
step=170240 | loss=4.0297 | lr=2.84e-04 | wd=0.0000 | mom=0.9500 | T=5.5 k=3.2 (mu_rec=8 mu_bwd=4) | grad=6.406 | tok/s=23,589 | tokens=5.58B
step=170250 | loss=3.9582 | lr=2.84e-04 | wd=0.0000 | mom=0.9500 | T=9.0 k=4.0 (mu_rec=8 mu_bwd=4) | grad=4.500 | tok/s=24,425 | tokens=5.58B
step=170260 | loss=4.3747 | lr=2.84e-04 | wd=0.0000 | mom=0.9500 | T=10.5 k=3.8 (mu_rec=8 mu_bwd=4) | grad=8.500 | tok/s=23,432 | tokens=5.58B
step=170270 | loss=4.4492 | lr=2.84e-04 | wd=0.0000 | mom=0.9500 | T=10.2 k=4.0 (mu_rec=8 mu_bwd=4) | grad=4.844 | tok/s=21,853 | tokens=5.58B
step=170280 | loss=4.0332 | lr=2.83e-04 | wd=0.0000 | mom=0.9500 | T=5.5 k=3.8 (mu_rec=8 mu_bwd=4) | grad=4.750 | tok/s=23,790 | tokens=5.58B
step=170290 | loss=3.9888 | lr=2.83e-04 | wd=0.0000 | mom=0.9500 | T=5.0 k=3.2 (mu_rec=8 mu_bwd=4) | grad=7.312 | tok/s=25,019 | tokens=5.58B
step=170300 | loss=4.2502 | lr=2.83e-04 | wd=0.0000 | mom=0.9500 | T=11.0 k=4.0 (mu_rec=8 mu_bwd=4) | grad=4.406 | tok/s=21,897 | tokens=5.58B
step=170310 | loss=3.9618 | lr=2.83e-04 | wd=0.0000 | mom=0.9500 | T=14.0 k=3.8 (mu_rec=8 mu_bwd=4) | grad=4.281 | tok/s=22,898 | tokens=5.58B
step=170320 | loss=4.1757 | lr=2.83e-04 | wd=0.0000 | mom=0.9500 | T=11.8 k=4.0 (mu_rec=8 mu_bwd=4) | grad=4.375 | tok/s=23,774 | tokens=5.58B
step=170330 | loss=4.0182 | lr=2.83e-04 | wd=0.0000 | mom=0.9500 | T=10.5 k=4.0 (mu_rec=8 mu_bwd=4) | grad=4.344 | tok/s=21,923 | tokens=5.58B
step=170340 | loss=3.4201 | lr=2.83e-04 | wd=0.0000 | mom=0.9500 | T=7.2 k=3.8 (mu_rec=8 mu_bwd=4) | grad=6.781 | tok/s=22,720 | tokens=5.58B
step=170350 | loss=3.8121 | lr=2.82e-04 | wd=0.0000 | mom=0.9500 | T=10.2 k=3.8 (mu_rec=8 mu_bwd=4) | grad=5.594 | tok/s=25,709 | tokens=5.58B
step=170360 | loss=4.0045 | lr=2.82e-04 | wd=0.0000 | mom=0.9500 | T=9.0 k=3.2 (mu_rec=8 mu_bwd=4) | grad=6.406 | tok/s=21,742 | tokens=5.58B
step=170370 | loss=3.8029 | lr=2.82e-04 | wd=0.0000 | mom=0.9500 | T=5.5 k=4.0 (mu_rec=8 mu_bwd=4) | grad=7.781 | tok/s=24,669 | tokens=5.58B
step=170380 | loss=3.9172 | lr=2.82e-04 | wd=0.0000 | mom=0.9500 | T=5.8 k=3.5 (mu_rec=8 mu_bwd=4) | grad=4.062 | tok/s=24,498 | tokens=5.58B
step=170390 | loss=3.9958 | lr=2.82e-04 | wd=0.0000 | mom=0.9500 | T=7.2 k=3.8 (mu_rec=8 mu_bwd=4) | grad=4.406 | tok/s=25,320 | tokens=5.58B
step=170400 | loss=4.1157 | lr=2.82e-04 | wd=0.0000 | mom=0.9500 | T=12.0 k=4.0 (mu_rec=8 mu_bwd=4) | grad=3.891 | tok/s=25,074 | tokens=5.58B
step=170410 | loss=3.7859 | lr=2.82e-04 | wd=0.0000 | mom=0.9500 | T=7.2 k=3.0 (mu_rec=8 mu_bwd=4) | grad=4.656 | tok/s=25,099 | tokens=5.58B
step=170420 | loss=4.0696 | lr=2.81e-04 | wd=0.0000 | mom=0.9500 | T=7.2 k=4.0 (mu_rec=8 mu_bwd=4) | grad=4.312 | tok/s=23,255 | tokens=5.58B
step=170430 | loss=4.1609 | lr=2.81e-04 | wd=0.0000 | mom=0.9500 | T=5.5 k=3.8 (mu_rec=8 mu_bwd=4) | grad=4.312 | tok/s=23,218 | tokens=5.58B
step=170440 | loss=4.0552 | lr=2.81e-04 | wd=0.0000 | mom=0.9500 | T=8.0 k=4.0 (mu_rec=8 mu_bwd=4) | grad=4.062 | tok/s=24,308 | tokens=5.58B
step=170450 | loss=4.2964 | lr=2.81e-04 | wd=0.0000 | mom=0.9500 | T=8.0 k=4.0 (mu_rec=8 mu_bwd=4) | grad=5.500 | tok/s=24,223 | tokens=5.59B
step=170460 | loss=4.3007 | lr=2.81e-04 | wd=0.0000 | mom=0.9500 | T=10.2 k=4.0 (mu_rec=8 mu_bwd=4) | grad=4.531 | tok/s=23,645 | tokens=5.59B
step=170470 | loss=3.7735 | lr=2.81e-04 | wd=0.0000 | mom=0.9500 | T=5.5 k=3.5 (mu_rec=8 mu_bwd=4) | grad=6.781 | tok/s=23,678 | tokens=5.59B
step=170480 | loss=3.8874 | lr=2.81e-04 | wd=0.0000 | mom=0.9500 | T=7.0 k=3.5 (mu_rec=8 mu_bwd=4) | grad=4.531 | tok/s=25,018 | tokens=5.59B
step=170490 | loss=4.0999 | lr=2.80e-04 | wd=0.0000 | mom=0.9500 | T=6.5 k=3.2 (mu_rec=8 mu_bwd=4) | grad=4.125 | tok/s=23,257 | tokens=5.59B
step=170500 | loss=4.1334 | lr=2.80e-04 | wd=0.0000 | mom=0.9500 | T=9.5 k=4.0 (mu_rec=8 mu_bwd=4) | grad=11.125 | tok/s=24,468 | tokens=5.59B
step=170510 | loss=4.1480 | lr=2.80e-04 | wd=0.0000 | mom=0.9500 | T=11.0 k=4.0 (mu_rec=8 mu_bwd=4) | grad=5.500 | tok/s=23,886 | tokens=5.59B
step=170520 | loss=3.8367 | lr=2.80e-04 | wd=0.0000 | mom=0.9500 | T=9.5 k=4.0 (mu_rec=8 mu_bwd=4) | grad=4.906 | tok/s=22,702 | tokens=5.59B
step=170530 | loss=4.0850 | lr=2.80e-04 | wd=0.0000 | mom=0.9500 | T=12.0 k=4.0 (mu_rec=8 mu_bwd=4) | grad=5.906 | tok/s=24,618 | tokens=5.59B
step=170540 | loss=3.7285 | lr=2.80e-04 | wd=0.0000 | mom=0.9500 | T=8.0 k=4.0 (mu_rec=8 mu_bwd=4) | grad=5.469 | tok/s=24,125 | tokens=5.59B
step=170550 | loss=3.8563 | lr=2.80e-04 | wd=0.0000 | mom=0.9500 | T=5.0 k=3.5 (mu_rec=8 mu_bwd=4) | grad=6.062 | tok/s=22,472 | tokens=5.59B
step=170560 | loss=3.9789 | lr=2.79e-04 | wd=0.0000 | mom=0.9500 | T=8.8 k=4.0 (mu_rec=8 mu_bwd=4) | grad=4.094 | tok/s=21,987 | tokens=5.59B
step=170570 | loss=4.0927 | lr=2.79e-04 | wd=0.0000 | mom=0.9500 | T=15.0 k=4.0 (mu_rec=8 mu_bwd=4) | grad=5.000 | tok/s=21,880 | tokens=5.59B
step=170580 | loss=3.9549 | lr=2.79e-04 | wd=0.0000 | mom=0.9500 | T=13.2 k=3.8 (mu_rec=8 mu_bwd=4) | grad=5.938 | tok/s=23,533 | tokens=5.59B
step=170590 | loss=4.0634 | lr=2.79e-04 | wd=0.0000 | mom=0.9500 | T=8.2 k=4.0 (mu_rec=8 mu_bwd=4) | grad=4.594 | tok/s=22,045 | tokens=5.59B
step=170600 | loss=3.9929 | lr=2.79e-04 | wd=0.0000 | mom=0.9500 | T=4.8 k=3.5 (mu_rec=8 mu_bwd=4) | grad=4.000 | tok/s=24,259 | tokens=5.59B
step=170610 | loss=4.0315 | lr=2.79e-04 | wd=0.0000 | mom=0.9500 | T=7.8 k=3.5 (mu_rec=8 mu_bwd=4) | grad=4.406 | tok/s=22,543 | tokens=5.59B
step=170620 | loss=3.9868 | lr=2.79e-04 | wd=0.0000 | mom=0.9500 | T=6.0 k=3.5 (mu_rec=8 mu_bwd=4) | grad=4.938 | tok/s=23,930 | tokens=5.59B
step=170630 | loss=3.8338 | lr=2.78e-04 | wd=0.0000 | mom=0.9500 | T=7.2 k=4.0 (mu_rec=8 mu_bwd=4) | grad=4.719 | tok/s=23,473 | tokens=5.59B
step=170640 | loss=4.0625 | lr=2.78e-04 | wd=0.0000 | mom=0.9500 | T=9.2 k=4.0 (mu_rec=8 mu_bwd=4) | grad=4.562 | tok/s=24,175 | tokens=5.59B
step=170650 | loss=3.7556 | lr=2.78e-04 | wd=0.0000 | mom=0.9500 | T=11.8 k=3.2 (mu_rec=8 mu_bwd=4) | grad=4.438 | tok/s=23,737 | tokens=5.59B
step=170660 | loss=4.2310 | lr=2.78e-04 | wd=0.0000 | mom=0.9500 | T=9.2 k=4.0 (mu_rec=8 mu_bwd=4) | grad=5.094 | tok/s=23,241 | tokens=5.59B
step=170670 | loss=3.8593 | lr=2.78e-04 | wd=0.0000 | mom=0.9500 | T=6.8 k=4.0 (mu_rec=8 mu_bwd=4) | grad=4.656 | tok/s=24,265 | tokens=5.59B
step=170680 | loss=4.2487 | lr=2.78e-04 | wd=0.0000 | mom=0.9500 | T=11.5 k=4.0 (mu_rec=8 mu_bwd=4) | grad=4.812 | tok/s=22,120 | tokens=5.59B
step=170690 | loss=3.8822 | lr=2.78e-04 | wd=0.0000 | mom=0.9500 | T=9.5 k=4.0 (mu_rec=8 mu_bwd=4) | grad=4.750 | tok/s=22,006 | tokens=5.59B
step=170700 | loss=4.4006 | lr=2.77e-04 | wd=0.0000 | mom=0.9500 | T=6.8 k=4.0 (mu_rec=8 mu_bwd=4) | grad=9.562 | tok/s=23,542 | tokens=5.59B
step=170710 | loss=4.1418 | lr=2.77e-04 | wd=0.0000 | mom=0.9500 | T=7.2 k=3.8 (mu_rec=8 mu_bwd=4) | grad=5.375 | tok/s=21,834 | tokens=5.59B
step=170720 | loss=4.0906 | lr=2.77e-04 | wd=0.0000 | mom=0.9500 | T=6.2 k=3.2 (mu_rec=8 mu_bwd=4) | grad=4.594 | tok/s=24,625 | tokens=5.59B
step=170730 | loss=3.9426 | lr=2.77e-04 | wd=0.0000 | mom=0.9500 | T=8.0 k=4.0 (mu_rec=8 mu_bwd=4) | grad=5.406 | tok/s=23,274 | tokens=5.59B
step=170740 | loss=4.2917 | lr=2.77e-04 | wd=0.0000 | mom=0.9500 | T=3.0 k=2.5 (mu_rec=8 mu_bwd=4) | grad=10.250 | tok/s=24,883 | tokens=5.59B
step=170750 | loss=4.0890 | lr=2.77e-04 | wd=0.0000 | mom=0.9500 | T=11.0 k=4.0 (mu_rec=8 mu_bwd=4) | grad=5.219 | tok/s=23,093 | tokens=5.60B
step=170760 | loss=4.4278 | lr=2.76e-04 | wd=0.0000 | mom=0.9500 | T=5.0 k=3.2 (mu_rec=8 mu_bwd=4) | grad=5.812 | tok/s=22,749 | tokens=5.60B
step=170770 | loss=4.2153 | lr=2.76e-04 | wd=0.0000 | mom=0.9500 | T=7.8 k=4.0 (mu_rec=8 mu_bwd=4) | grad=5.938 | tok/s=25,533 | tokens=5.60B
step=170780 | loss=4.4346 | lr=2.76e-04 | wd=0.0000 | mom=0.9500 | T=5.0 k=4.0 (mu_rec=8 mu_bwd=4) | grad=5.125 | tok/s=23,925 | tokens=5.60B
step=170790 | loss=4.0074 | lr=2.76e-04 | wd=0.0000 | mom=0.9500 | T=7.5 k=3.5 (mu_rec=8 mu_bwd=4) | grad=4.312 | tok/s=25,065 | tokens=5.60B
step=170800 | loss=3.9701 | lr=2.76e-04 | wd=0.0000 | mom=0.9500 | T=6.0 k=3.5 (mu_rec=8 mu_bwd=4) | grad=4.969 | tok/s=23,831 | tokens=5.60B
step=170810 | loss=3.9948 | lr=2.76e-04 | wd=0.0000 | mom=0.9500 | T=7.0 k=3.5 (mu_rec=8 mu_bwd=4) | grad=5.375 | tok/s=10,220 | tokens=5.60B
step=170820 | loss=3.7065 | lr=2.75e-04 | wd=0.0000 | mom=0.9500 | T=6.2 k=3.8 (mu_rec=8 mu_bwd=4) | grad=8.938 | tok/s=24,024 | tokens=5.60B
step=170830 | loss=3.9889 | lr=2.75e-04 | wd=0.0000 | mom=0.9500 | T=8.8 k=4.0 (mu_rec=8 mu_bwd=4) | grad=7.188 | tok/s=24,478 | tokens=5.60B
step=170840 | loss=3.9740 | lr=2.75e-04 | wd=0.0000 | mom=0.9500 | T=9.8 k=4.0 (mu_rec=8 mu_bwd=4) | grad=3.938 | tok/s=23,830 | tokens=5.60B
step=170850 | loss=4.1201 | lr=2.75e-04 | wd=0.0000 | mom=0.9500 | T=7.2 k=3.8 (mu_rec=8 mu_bwd=4) | grad=3.891 | tok/s=23,672 | tokens=5.60B
step=170860 | loss=4.3091 | lr=2.75e-04 | wd=0.0000 | mom=0.9500 | T=8.5 k=3.8 (mu_rec=8 mu_bwd=4) | grad=4.750 | tok/s=24,486 | tokens=5.60B
step=170870 | loss=4.0867 | lr=2.75e-04 | wd=0.0000 | mom=0.9500 | T=8.2 k=4.0 (mu_rec=8 mu_bwd=4) | grad=5.031 | tok/s=24,108 | tokens=5.60B
step=170880 | loss=3.8124 | lr=2.75e-04 | wd=0.0000 | mom=0.9500 | T=8.8 k=4.0 (mu_rec=8 mu_bwd=4) | grad=6.250 | tok/s=24,343 | tokens=5.60B
step=170890 | loss=3.9924 | lr=2.74e-04 | wd=0.0000 | mom=0.9500 | T=4.0 k=2.8 (mu_rec=8 mu_bwd=4) | grad=6.094 | tok/s=24,190 | tokens=5.60B
step=170900 | loss=3.6125 | lr=2.74e-04 | wd=0.0000 | mom=0.9500 | T=6.0 k=3.2 (mu_rec=8 mu_bwd=4) | grad=4.031 | tok/s=10,076 | tokens=5.60B
step=170910 | loss=4.3825 | lr=2.74e-04 | wd=0.0000 | mom=0.9500 | T=4.2 k=3.5 (mu_rec=8 mu_bwd=4) | grad=4.812 | tok/s=22,777 | tokens=5.60B
step=170920 | loss=3.8901 | lr=2.74e-04 | wd=0.0000 | mom=0.9500 | T=9.2 k=4.0 (mu_rec=8 mu_bwd=4) | grad=4.594 | tok/s=24,571 | tokens=5.60B
step=170930 | loss=3.9513 | lr=2.74e-04 | wd=0.0000 | mom=0.9500 | T=9.0 k=3.5 (mu_rec=8 mu_bwd=4) | grad=4.344 | tok/s=24,346 | tokens=5.60B
step=170940 | loss=4.1323 | lr=2.74e-04 | wd=0.0000 | mom=0.9500 | T=10.2 k=4.0 (mu_rec=8 mu_bwd=4) | grad=4.594 | tok/s=23,376 | tokens=5.60B
step=170950 | loss=4.1212 | lr=2.73e-04 | wd=0.0000 | mom=0.9500 | T=9.8 k=3.5 (mu_rec=8 mu_bwd=4) | grad=5.125 | tok/s=23,832 | tokens=5.60B
step=170960 | loss=3.9863 | lr=2.73e-04 | wd=0.0000 | mom=0.9500 | T=12.8 k=4.0 (mu_rec=8 mu_bwd=4) | grad=3.500 | tok/s=22,114 | tokens=5.60B
step=170970 | loss=3.9978 | lr=2.73e-04 | wd=0.0000 | mom=0.9500 | T=11.8 k=3.8 (mu_rec=8 mu_bwd=4) | grad=5.469 | tok/s=22,901 | tokens=5.60B
step=170980 | loss=3.6893 | lr=2.73e-04 | wd=0.0000 | mom=0.9500 | T=4.2 k=3.5 (mu_rec=8 mu_bwd=4) | grad=5.094 | tok/s=21,915 | tokens=5.60B
step=170990 | loss=3.9838 | lr=2.73e-04 | wd=0.0000 | mom=0.9500 | T=8.5 k=4.0 (mu_rec=8 mu_bwd=4) | grad=4.438 | tok/s=22,081 | tokens=5.60B
step=171000 | loss=4.0045 | lr=2.73e-04 | wd=0.0000 | mom=0.9500 | T=11.0 k=3.0 (mu_rec=8 mu_bwd=4) | grad=5.469 | tok/s=21,411 | tokens=5.60B
step=171010 | loss=4.3672 | lr=2.72e-04 | wd=0.0000 | mom=0.9500 | T=10.2 k=3.8 (mu_rec=8 mu_bwd=4) | grad=5.094 | tok/s=23,531 | tokens=5.60B
step=171020 | loss=4.1424 | lr=2.72e-04 | wd=0.0000 | mom=0.9500 | T=8.8 k=4.0 (mu_rec=8 mu_bwd=4) | grad=4.406 | tok/s=24,762 | tokens=5.60B
step=171030 | loss=4.0361 | lr=2.72e-04 | wd=0.0000 | mom=0.9500 | T=6.2 k=4.0 (mu_rec=8 mu_bwd=4) | grad=6.000 | tok/s=24,656 | tokens=5.60B
step=171040 | loss=4.0717 | lr=2.72e-04 | wd=0.0000 | mom=0.9500 | T=5.8 k=3.2 (mu_rec=8 mu_bwd=4) | grad=4.094 | tok/s=23,885 | tokens=5.60B
step=171050 | loss=3.8840 | lr=2.72e-04 | wd=0.0000 | mom=0.9500 | T=8.8 k=4.0 (mu_rec=8 mu_bwd=4) | grad=5.875 | tok/s=22,337 | tokens=5.60B
step=171060 | loss=3.8780 | lr=2.72e-04 | wd=0.0000 | mom=0.9500 | T=8.8 k=4.0 (mu_rec=8 mu_bwd=4) | grad=8.375 | tok/s=24,572 | tokens=5.61B
step=171070 | loss=3.8394 | lr=2.71e-04 | wd=0.0000 | mom=0.9500 | T=11.2 k=4.0 (mu_rec=8 mu_bwd=4) | grad=4.281 | tok/s=23,606 | tokens=5.61B
step=171080 | loss=3.8285 | lr=2.71e-04 | wd=0.0000 | mom=0.9500 | T=9.0 k=3.5 (mu_rec=8 mu_bwd=4) | grad=5.312 | tok/s=25,130 | tokens=5.61B
step=171090 | loss=4.0581 | lr=2.71e-04 | wd=0.0000 | mom=0.9500 | T=10.2 k=4.0 (mu_rec=8 mu_bwd=4) | grad=5.781 | tok/s=23,023 | tokens=5.61B
step=171100 | loss=4.4495 | lr=2.71e-04 | wd=0.0000 | mom=0.9500 | T=7.0 k=4.0 (mu_rec=8 mu_bwd=4) | grad=5.812 | tok/s=23,789 | tokens=5.61B
step=171110 | loss=4.2506 | lr=2.71e-04 | wd=0.0000 | mom=0.9500 | T=11.5 k=4.0 (mu_rec=8 mu_bwd=4) | grad=5.000 | tok/s=22,204 | tokens=5.61B
step=171120 | loss=3.9010 | lr=2.70e-04 | wd=0.0000 | mom=0.9500 | T=7.8 k=3.2 (mu_rec=8 mu_bwd=4) | grad=5.281 | tok/s=22,529 | tokens=5.61B
step=171130 | loss=3.9066 | lr=2.70e-04 | wd=0.0000 | mom=0.9500 | T=5.5 k=3.2 (mu_rec=8 mu_bwd=4) | grad=4.875 | tok/s=24,650 | tokens=5.61B
step=171140 | loss=4.0926 | lr=2.70e-04 | wd=0.0000 | mom=0.9500 | T=15.0 k=4.0 (mu_rec=8 mu_bwd=4) | grad=4.500 | tok/s=22,549 | tokens=5.61B
step=171150 | loss=3.8587 | lr=2.70e-04 | wd=0.0000 | mom=0.9500 | T=6.2 k=4.0 (mu_rec=8 mu_bwd=4) | grad=4.125 | tok/s=23,610 | tokens=5.61B
step=171160 | loss=4.1808 | lr=2.70e-04 | wd=0.0000 | mom=0.9500 | T=6.5 k=4.0 (mu_rec=8 mu_bwd=4) | grad=4.375 | tok/s=23,888 | tokens=5.61B
step=171170 | loss=3.8950 | lr=2.70e-04 | wd=0.0000 | mom=0.9500 | T=9.5 k=4.0 (mu_rec=8 mu_bwd=4) | grad=4.031 | tok/s=23,065 | tokens=5.61B
step=171180 | loss=3.8013 | lr=2.69e-04 | wd=0.0000 | mom=0.9500 | T=9.2 k=4.0 (mu_rec=8 mu_bwd=4) | grad=4.531 | tok/s=24,284 | tokens=5.61B
step=171190 | loss=4.0400 | lr=2.69e-04 | wd=0.0000 | mom=0.9500 | T=4.0 k=2.8 (mu_rec=8 mu_bwd=4) | grad=6.594 | tok/s=24,194 | tokens=5.61B
step=171200 | loss=4.1036 | lr=2.69e-04 | wd=0.0000 | mom=0.9500 | T=8.0 k=3.8 (mu_rec=8 mu_bwd=4) | grad=4.812 | tok/s=24,952 | tokens=5.61B
step=171210 | loss=3.9384 | lr=2.69e-04 | wd=0.0000 | mom=0.9500 | T=7.2 k=4.0 (mu_rec=8 mu_bwd=4) | grad=5.656 | tok/s=24,746 | tokens=5.61B
step=171220 | loss=3.5059 | lr=2.69e-04 | wd=0.0000 | mom=0.9500 | T=6.5 k=3.2 (mu_rec=8 mu_bwd=4) | grad=13.125 | tok/s=23,632 | tokens=5.61B
step=171230 | loss=3.8167 | lr=2.69e-04 | wd=0.0000 | mom=0.9500 | T=13.0 k=4.0 (mu_rec=8 mu_bwd=4) | grad=7.250 | tok/s=23,106 | tokens=5.61B
step=171240 | loss=3.9859 | lr=2.68e-04 | wd=0.0000 | mom=0.9500 | T=4.5 k=4.0 (mu_rec=8 mu_bwd=4) | grad=4.594 | tok/s=24,271 | tokens=5.61B
step=171250 | loss=4.2564 | lr=2.68e-04 | wd=0.0000 | mom=0.9500 | T=7.8 k=4.0 (mu_rec=8 mu_bwd=4) | grad=6.594 | tok/s=25,663 | tokens=5.61B
step=171260 | loss=4.4326 | lr=2.68e-04 | wd=0.0000 | mom=0.9500 | T=4.5 k=2.8 (mu_rec=8 mu_bwd=4) | grad=6.406 | tok/s=24,165 | tokens=5.61B
step=171270 | loss=4.0516 | lr=2.68e-04 | wd=0.0000 | mom=0.9500 | T=7.0 k=4.0 (mu_rec=8 mu_bwd=4) | grad=4.625 | tok/s=23,180 | tokens=5.61B
step=171280 | loss=3.9863 | lr=2.68e-04 | wd=0.0000 | mom=0.9500 | T=10.5 k=3.2 (mu_rec=8 mu_bwd=4) | grad=6.969 | tok/s=24,455 | tokens=5.61B
step=171290 | loss=4.1367 | lr=2.67e-04 | wd=0.0000 | mom=0.9500 | T=9.2 k=4.0 (mu_rec=8 mu_bwd=4) | grad=4.406 | tok/s=23,218 | tokens=5.61B
step=171300 | loss=3.9120 | lr=2.67e-04 | wd=0.0000 | mom=0.9500 | T=9.2 k=4.0 (mu_rec=8 mu_bwd=4) | grad=5.219 | tok/s=24,366 | tokens=5.61B
step=171310 | loss=4.3028 | lr=2.67e-04 | wd=0.0000 | mom=0.9500 | T=5.8 k=3.8 (mu_rec=8 mu_bwd=4) | grad=4.344 | tok/s=22,640 | tokens=5.61B
step=171320 | loss=4.0105 | lr=2.67e-04 | wd=0.0000 | mom=0.9500 | T=9.0 k=3.5 (mu_rec=8 mu_bwd=4) | grad=5.625 | tok/s=23,549 | tokens=5.61B
step=171330 | loss=4.0179 | lr=2.67e-04 | wd=0.0000 | mom=0.9500 | T=10.0 k=4.0 (mu_rec=8 mu_bwd=4) | grad=4.781 | tok/s=23,831 | tokens=5.61B
step=171340 | loss=4.2106 | lr=2.67e-04 | wd=0.0000 | mom=0.9500 | T=7.8 k=4.0 (mu_rec=8 mu_bwd=4) | grad=6.500 | tok/s=23,938 | tokens=5.61B
step=171350 | loss=4.0529 | lr=2.66e-04 | wd=0.0000 | mom=0.9500 | T=7.0 k=4.0 (mu_rec=8 mu_bwd=4) | grad=4.781 | tok/s=22,626 | tokens=5.61B
step=171360 | loss=3.8645 | lr=2.66e-04 | wd=0.0000 | mom=0.9500 | T=9.5 k=4.0 (mu_rec=8 mu_bwd=4) | grad=4.344 | tok/s=21,938 | tokens=5.62B
step=171370 | loss=3.9917 | lr=2.66e-04 | wd=0.0000 | mom=0.9500 | T=8.0 k=4.0 (mu_rec=8 mu_bwd=4) | grad=4.156 | tok/s=23,260 | tokens=5.62B
step=171380 | loss=4.0086 | lr=2.66e-04 | wd=0.0000 | mom=0.9500 | T=4.5 k=3.0 (mu_rec=8 mu_bwd=4) | grad=6.625 | tok/s=23,318 | tokens=5.62B
step=171390 | loss=3.7737 | lr=2.66e-04 | wd=0.0000 | mom=0.9500 | T=12.0 k=4.0 (mu_rec=8 mu_bwd=4) | grad=6.312 | tok/s=21,210 | tokens=5.62B
step=171400 | loss=3.7760 | lr=2.65e-04 | wd=0.0000 | mom=0.9500 | T=8.2 k=4.0 (mu_rec=8 mu_bwd=4) | grad=6.250 | tok/s=23,305 | tokens=5.62B
step=171410 | loss=4.1535 | lr=2.65e-04 | wd=0.0000 | mom=0.9500 | T=6.0 k=3.5 (mu_rec=8 mu_bwd=4) | grad=6.500 | tok/s=24,641 | tokens=5.62B
step=171420 | loss=4.1776 | lr=2.65e-04 | wd=0.0000 | mom=0.9500 | T=4.5 k=4.0 (mu_rec=8 mu_bwd=4) | grad=5.188 | tok/s=24,337 | tokens=5.62B
step=171430 | loss=3.9927 | lr=2.65e-04 | wd=0.0000 | mom=0.9500 | T=7.5 k=4.0 (mu_rec=8 mu_bwd=4) | grad=5.594 | tok/s=21,460 | tokens=5.62B
step=171440 | loss=3.9061 | lr=2.65e-04 | wd=0.0000 | mom=0.9500 | T=6.0 k=3.0 (mu_rec=8 mu_bwd=4) | grad=5.781 | tok/s=22,506 | tokens=5.62B
step=171450 | loss=3.8407 | lr=2.65e-04 | wd=0.0000 | mom=0.9500 | T=4.2 k=3.5 (mu_rec=8 mu_bwd=4) | grad=4.812 | tok/s=24,173 | tokens=5.62B
step=171460 | loss=4.0206 | lr=2.64e-04 | wd=0.0000 | mom=0.9500 | T=13.5 k=4.0 (mu_rec=8 mu_bwd=4) | grad=6.844 | tok/s=21,707 | tokens=5.62B
step=171470 | loss=4.2328 | lr=2.64e-04 | wd=0.0000 | mom=0.9500 | T=4.2 k=3.5 (mu_rec=8 mu_bwd=4) | grad=3.891 | tok/s=24,517 | tokens=5.62B
step=171480 | loss=4.3534 | lr=2.64e-04 | wd=0.0000 | mom=0.9500 | T=6.2 k=4.0 (mu_rec=8 mu_bwd=4) | grad=6.031 | tok/s=26,283 | tokens=5.62B
step=171490 | loss=4.2506 | lr=2.64e-04 | wd=0.0000 | mom=0.9500 | T=6.2 k=3.2 (mu_rec=8 mu_bwd=4) | grad=6.750 | tok/s=24,706 | tokens=5.62B
step=171500 | loss=4.2092 | lr=2.64e-04 | wd=0.0000 | mom=0.9500 | T=5.5 k=3.8 (mu_rec=8 mu_bwd=4) | grad=12.562 | tok/s=23,657 | tokens=5.62B
step=171510 | loss=4.1315 | lr=2.63e-04 | wd=0.0000 | mom=0.9500 | T=6.0 k=4.0 (mu_rec=8 mu_bwd=4) | grad=5.219 | tok/s=22,093 | tokens=5.62B
step=171520 | loss=3.9944 | lr=2.63e-04 | wd=0.0000 | mom=0.9500 | T=12.2 k=4.0 (mu_rec=8 mu_bwd=4) | grad=4.094 | tok/s=23,515 | tokens=5.62B
step=171530 | loss=4.0446 | lr=2.63e-04 | wd=0.0000 | mom=0.9500 | T=11.8 k=4.0 (mu_rec=8 mu_bwd=4) | grad=3.891 | tok/s=23,845 | tokens=5.62B
step=171540 | loss=4.1318 | lr=2.63e-04 | wd=0.0000 | mom=0.9500 | T=4.2 k=3.8 (mu_rec=8 mu_bwd=4) | grad=5.469 | tok/s=24,903 | tokens=5.62B
step=171550 | loss=3.9326 | lr=2.63e-04 | wd=0.0000 | mom=0.9500 | T=14.8 k=4.0 (mu_rec=8 mu_bwd=4) | grad=9.188 | tok/s=23,340 | tokens=5.62B
step=171560 | loss=4.5599 | lr=2.62e-04 | wd=0.0000 | mom=0.9500 | T=8.5 k=4.0 (mu_rec=8 mu_bwd=4) | grad=4.969 | tok/s=22,794 | tokens=5.62B
step=171570 | loss=4.1620 | lr=2.62e-04 | wd=0.0000 | mom=0.9500 | T=9.0 k=3.2 (mu_rec=8 mu_bwd=4) | grad=4.969 | tok/s=23,130 | tokens=5.62B
step=171580 | loss=3.9909 | lr=2.62e-04 | wd=0.0000 | mom=0.9500 | T=5.5 k=3.2 (mu_rec=8 mu_bwd=4) | grad=4.250 | tok/s=23,948 | tokens=5.62B
step=171590 | loss=3.8966 | lr=2.62e-04 | wd=0.0000 | mom=0.9500 | T=10.2 k=4.0 (mu_rec=8 mu_bwd=4) | grad=6.344 | tok/s=23,942 | tokens=5.62B
step=171600 | loss=3.9912 | lr=2.62e-04 | wd=0.0000 | mom=0.9500 | T=11.0 k=4.0 (mu_rec=8 mu_bwd=4) | grad=5.656 | tok/s=24,626 | tokens=5.62B
step=171610 | loss=4.1143 | lr=2.61e-04 | wd=0.0000 | mom=0.9500 | T=4.8 k=2.5 (mu_rec=8 mu_bwd=4) | grad=5.656 | tok/s=24,356 | tokens=5.62B
step=171620 | loss=4.1269 | lr=2.61e-04 | wd=0.0000 | mom=0.9500 | T=5.0 k=3.2 (mu_rec=8 mu_bwd=4) | grad=6.344 | tok/s=22,611 | tokens=5.62B
step=171630 | loss=4.4161 | lr=2.61e-04 | wd=0.0000 | mom=0.9500 | T=4.2 k=3.8 (mu_rec=8 mu_bwd=4) | grad=11.562 | tok/s=23,501 | tokens=5.62B
step=171640 | loss=3.8965 | lr=2.61e-04 | wd=0.0000 | mom=0.9500 | T=10.5 k=4.0 (mu_rec=8 mu_bwd=4) | grad=4.250 | tok/s=21,990 | tokens=5.62B
step=171650 | loss=4.0824 | lr=2.61e-04 | wd=0.0000 | mom=0.9500 | T=6.5 k=3.5 (mu_rec=8 mu_bwd=4) | grad=5.000 | tok/s=23,279 | tokens=5.62B
step=171660 | loss=3.9969 | lr=2.60e-04 | wd=0.0000 | mom=0.9500 | T=6.0 k=3.2 (mu_rec=8 mu_bwd=4) | grad=9.688 | tok/s=24,196 | tokens=5.62B
step=171670 | loss=4.2186 | lr=2.60e-04 | wd=0.0000 | mom=0.9500 | T=7.0 k=4.0 (mu_rec=8 mu_bwd=4) | grad=14.625 | tok/s=22,969 | tokens=5.63B
step=171680 | loss=4.0815 | lr=2.60e-04 | wd=0.0000 | mom=0.9500 | T=14.0 k=4.0 (mu_rec=8 mu_bwd=4) | grad=4.500 | tok/s=10,319 | tokens=5.63B
step=171690 | loss=4.0397 | lr=2.60e-04 | wd=0.0000 | mom=0.9500 | T=5.8 k=2.8 (mu_rec=8 mu_bwd=4) | grad=5.031 | tok/s=24,080 | tokens=5.63B
step=171700 | loss=3.7941 | lr=2.60e-04 | wd=0.0000 | mom=0.9500 | T=9.8 k=4.0 (mu_rec=8 mu_bwd=4) | grad=4.219 | tok/s=22,657 | tokens=5.63B
step=171710 | loss=4.0274 | lr=2.59e-04 | wd=0.0000 | mom=0.9500 | T=4.5 k=3.5 (mu_rec=8 mu_bwd=4) | grad=4.531 | tok/s=24,307 | tokens=5.63B
step=171720 | loss=3.9257 | lr=2.59e-04 | wd=0.0000 | mom=0.9500 | T=5.8 k=4.0 (mu_rec=8 mu_bwd=4) | grad=7.875 | tok/s=22,118 | tokens=5.63B
step=171730 | loss=3.7654 | lr=2.59e-04 | wd=0.0000 | mom=0.9500 | T=4.2 k=3.5 (mu_rec=8 mu_bwd=4) | grad=4.406 | tok/s=23,803 | tokens=5.63B
step=171740 | loss=4.1445 | lr=2.59e-04 | wd=0.0000 | mom=0.9500 | T=2.8 k=2.8 (mu_rec=8 mu_bwd=4) | grad=6.844 | tok/s=25,547 | tokens=5.63B
step=171750 | loss=3.9736 | lr=2.59e-04 | wd=0.0000 | mom=0.9500 | T=11.5 k=3.2 (mu_rec=8 mu_bwd=4) | grad=12.000 | tok/s=23,473 | tokens=5.63B
step=171760 | loss=4.0641 | lr=2.58e-04 | wd=0.0000 | mom=0.9500 | T=8.0 k=4.0 (mu_rec=8 mu_bwd=4) | grad=4.875 | tok/s=23,580 | tokens=5.63B
step=171770 | loss=3.9014 | lr=2.58e-04 | wd=0.0000 | mom=0.9500 | T=10.5 k=4.0 (mu_rec=8 mu_bwd=4) | grad=4.219 | tok/s=23,962 | tokens=5.63B
step=171780 | loss=3.5811 | lr=2.58e-04 | wd=0.0000 | mom=0.9500 | T=9.8 k=4.0 (mu_rec=8 mu_bwd=4) | grad=5.344 | tok/s=22,770 | tokens=5.63B
step=171790 | loss=4.0837 | lr=2.58e-04 | wd=0.0000 | mom=0.9500 | T=6.0 k=4.0 (mu_rec=8 mu_bwd=4) | grad=11.250 | tok/s=23,541 | tokens=5.63B
step=171800 | loss=3.8481 | lr=2.58e-04 | wd=0.0000 | mom=0.9500 | T=8.5 k=4.0 (mu_rec=8 mu_bwd=4) | grad=6.312 | tok/s=24,302 | tokens=5.63B
step=171810 | loss=3.8135 | lr=2.57e-04 | wd=0.0000 | mom=0.9500 | T=6.8 k=4.0 (mu_rec=8 mu_bwd=4) | grad=4.906 | tok/s=23,397 | tokens=5.63B
step=171820 | loss=3.9038 | lr=2.57e-04 | wd=0.0000 | mom=0.9500 | T=6.8 k=3.8 (mu_rec=8 mu_bwd=4) | grad=6.375 | tok/s=11,045 | tokens=5.63B
step=171830 | loss=4.0565 | lr=2.57e-04 | wd=0.0000 | mom=0.9500 | T=11.5 k=3.5 (mu_rec=8 mu_bwd=4) | grad=3.891 | tok/s=22,423 | tokens=5.63B
step=171840 | loss=4.0741 | lr=2.57e-04 | wd=0.0000 | mom=0.9500 | T=7.5 k=4.0 (mu_rec=8 mu_bwd=4) | grad=5.656 | tok/s=22,955 | tokens=5.63B
step=171850 | loss=3.9786 | lr=2.57e-04 | wd=0.0000 | mom=0.9500 | T=3.5 k=2.5 (mu_rec=8 mu_bwd=4) | grad=4.500 | tok/s=24,116 | tokens=5.63B
step=171860 | loss=4.0054 | lr=2.56e-04 | wd=0.0000 | mom=0.9500 | T=6.5 k=3.2 (mu_rec=8 mu_bwd=4) | grad=4.625 | tok/s=24,271 | tokens=5.63B
step=171870 | loss=3.9457 | lr=2.56e-04 | wd=0.0000 | mom=0.9500 | T=6.8 k=4.0 (mu_rec=8 mu_bwd=4) | grad=4.812 | tok/s=23,794 | tokens=5.63B
step=171880 | loss=4.1277 | lr=2.56e-04 | wd=0.0000 | mom=0.9500 | T=10.8 k=3.8 (mu_rec=8 mu_bwd=4) | grad=4.875 | tok/s=23,157 | tokens=5.63B
step=171890 | loss=4.3162 | lr=2.56e-04 | wd=0.0000 | mom=0.9500 | T=8.8 k=4.0 (mu_rec=8 mu_bwd=4) | grad=4.781 | tok/s=24,146 | tokens=5.63B
step=171900 | loss=4.0891 | lr=2.56e-04 | wd=0.0000 | mom=0.9500 | T=8.8 k=3.2 (mu_rec=8 mu_bwd=4) | grad=5.312 | tok/s=23,677 | tokens=5.63B
step=171910 | loss=4.0711 | lr=2.55e-04 | wd=0.0000 | mom=0.9500 | T=5.8 k=3.5 (mu_rec=8 mu_bwd=4) | grad=5.281 | tok/s=26,494 | tokens=5.63B
step=171920 | loss=4.0800 | lr=2.55e-04 | wd=0.0000 | mom=0.9500 | T=6.0 k=3.8 (mu_rec=8 mu_bwd=4) | grad=5.594 | tok/s=24,511 | tokens=5.63B
step=171930 | loss=3.9530 | lr=2.55e-04 | wd=0.0000 | mom=0.9500 | T=7.5 k=3.8 (mu_rec=8 mu_bwd=4) | grad=4.125 | tok/s=23,095 | tokens=5.63B
step=171940 | loss=4.0642 | lr=2.55e-04 | wd=0.0000 | mom=0.9500 | T=8.0 k=3.2 (mu_rec=8 mu_bwd=4) | grad=6.594 | tok/s=24,558 | tokens=5.63B
step=171950 | loss=3.8371 | lr=2.55e-04 | wd=0.0000 | mom=0.9500 | T=10.8 k=4.0 (mu_rec=8 mu_bwd=4) | grad=7.375 | tok/s=24,202 | tokens=5.63B
step=171960 | loss=4.1889 | lr=2.54e-04 | wd=0.0000 | mom=0.9500 | T=10.0 k=4.0 (mu_rec=8 mu_bwd=4) | grad=6.219 | tok/s=24,605 | tokens=5.63B
step=171970 | loss=3.8666 | lr=2.54e-04 | wd=0.0000 | mom=0.9500 | T=5.2 k=3.2 (mu_rec=8 mu_bwd=4) | grad=4.438 | tok/s=25,330 | tokens=5.64B
step=171980 | loss=3.9042 | lr=2.54e-04 | wd=0.0000 | mom=0.9500 | T=9.2 k=4.0 (mu_rec=8 mu_bwd=4) | grad=4.938 | tok/s=24,971 | tokens=5.64B
step=171990 | loss=3.8593 | lr=2.54e-04 | wd=0.0000 | mom=0.9500 | T=7.8 k=4.0 (mu_rec=8 mu_bwd=4) | grad=4.500 | tok/s=23,866 | tokens=5.64B
step=172000 | loss=4.0105 | lr=2.54e-04 | wd=0.0000 | mom=0.9500 | T=10.5 k=3.8 (mu_rec=8 mu_bwd=4) | grad=4.906 | tok/s=22,385 | tokens=5.64B
[step 172000] Saved -> runs/cortex-5b-k4/checkpoint_0172000
[step 172000] Pruned -> runs/cortex-5b-k4/checkpoint_0166000
step=172010 | loss=4.2500 | lr=2.53e-04 | wd=0.0000 | mom=0.9500 | T=7.0 k=4.0 (mu_rec=8 mu_bwd=4) | grad=5.188 | tok/s=21,375 | tokens=5.64B
step=172020 | loss=4.2179 | lr=2.53e-04 | wd=0.0000 | mom=0.9500 | T=6.5 k=4.0 (mu_rec=8 mu_bwd=4) | grad=4.688 | tok/s=24,834 | tokens=5.64B
step=172030 | loss=4.2002 | lr=2.53e-04 | wd=0.0000 | mom=0.9500 | T=6.8 k=3.8 (mu_rec=8 mu_bwd=4) | grad=5.031 | tok/s=23,629 | tokens=5.64B
step=172040 | loss=3.9116 | lr=2.53e-04 | wd=0.0000 | mom=0.9500 | T=5.2 k=4.0 (mu_rec=8 mu_bwd=4) | grad=5.062 | tok/s=24,265 | tokens=5.64B
step=172050 | loss=4.2336 | lr=2.53e-04 | wd=0.0000 | mom=0.9500 | T=11.2 k=4.0 (mu_rec=8 mu_bwd=4) | grad=5.906 | tok/s=24,171 | tokens=5.64B
step=172060 | loss=3.9655 | lr=2.52e-04 | wd=0.0000 | mom=0.9500 | T=7.5 k=4.0 (mu_rec=8 mu_bwd=4) | grad=5.656 | tok/s=23,699 | tokens=5.64B
step=172070 | loss=4.0705 | lr=2.52e-04 | wd=0.0000 | mom=0.9500 | T=8.5 k=4.0 (mu_rec=8 mu_bwd=4) | grad=5.219 | tok/s=22,258 | tokens=5.64B
step=172080 | loss=3.9680 | lr=2.52e-04 | wd=0.0000 | mom=0.9500 | T=7.0 k=4.0 (mu_rec=8 mu_bwd=4) | grad=5.250 | tok/s=24,376 | tokens=5.64B
step=172090 | loss=3.8638 | lr=2.52e-04 | wd=0.0000 | mom=0.9500 | T=10.2 k=3.2 (mu_rec=8 mu_bwd=4) | grad=4.719 | tok/s=23,426 | tokens=5.64B
step=172100 | loss=4.0493 | lr=2.51e-04 | wd=0.0000 | mom=0.9500 | T=9.5 k=4.0 (mu_rec=8 mu_bwd=4) | grad=4.375 | tok/s=24,269 | tokens=5.64B
step=172110 | loss=4.0527 | lr=2.51e-04 | wd=0.0000 | mom=0.9500 | T=7.5 k=3.8 (mu_rec=8 mu_bwd=4) | grad=3.922 | tok/s=24,686 | tokens=5.64B
step=172120 | loss=4.0207 | lr=2.51e-04 | wd=0.0000 | mom=0.9500 | T=6.5 k=3.5 (mu_rec=8 mu_bwd=4) | grad=5.125 | tok/s=22,902 | tokens=5.64B
step=172130 | loss=4.1724 | lr=2.51e-04 | wd=0.0000 | mom=0.9500 | T=8.0 k=4.0 (mu_rec=8 mu_bwd=4) | grad=4.500 | tok/s=23,189 | tokens=5.64B
step=172140 | loss=4.1844 | lr=2.51e-04 | wd=0.0000 | mom=0.9500 | T=7.5 k=4.0 (mu_rec=8 mu_bwd=4) | grad=7.250 | tok/s=22,039 | tokens=5.64B
step=172150 | loss=4.0896 | lr=2.50e-04 | wd=0.0000 | mom=0.9500 | T=7.5 k=4.0 (mu_rec=8 mu_bwd=4) | grad=7.281 | tok/s=23,015 | tokens=5.64B
step=172160 | loss=3.9902 | lr=2.50e-04 | wd=0.0000 | mom=0.9500 | T=8.8 k=4.0 (mu_rec=8 mu_bwd=4) | grad=17.125 | tok/s=23,405 | tokens=5.64B
step=172170 | loss=4.0211 | lr=2.50e-04 | wd=0.0000 | mom=0.9500 | T=10.0 k=4.0 (mu_rec=8 mu_bwd=4) | grad=4.969 | tok/s=24,797 | tokens=5.64B
step=172180 | loss=3.8812 | lr=2.50e-04 | wd=0.0000 | mom=0.9500 | T=11.0 k=3.2 (mu_rec=8 mu_bwd=4) | grad=4.250 | tok/s=24,656 | tokens=5.64B
step=172190 | loss=4.0929 | lr=2.50e-04 | wd=0.0000 | mom=0.9500 | T=6.8 k=4.0 (mu_rec=8 mu_bwd=4) | grad=5.031 | tok/s=25,846 | tokens=5.64B
step=172200 | loss=3.9658 | lr=2.49e-04 | wd=0.0000 | mom=0.9500 | T=10.8 k=4.0 (mu_rec=8 mu_bwd=4) | grad=3.688 | tok/s=24,241 | tokens=5.64B
step=172210 | loss=4.1128 | lr=2.49e-04 | wd=0.0000 | mom=0.9500 | T=11.8 k=4.0 (mu_rec=8 mu_bwd=4) | grad=4.156 | tok/s=24,263 | tokens=5.64B
step=172220 | loss=4.0710 | lr=2.49e-04 | wd=0.0000 | mom=0.9500 | T=7.2 k=3.5 (mu_rec=8 mu_bwd=4) | grad=4.500 | tok/s=24,396 | tokens=5.64B
step=172230 | loss=4.1035 | lr=2.49e-04 | wd=0.0000 | mom=0.9500 | T=5.8 k=3.8 (mu_rec=8 mu_bwd=4) | grad=5.625 | tok/s=24,158 | tokens=5.64B
step=172240 | loss=4.3136 | lr=2.48e-04 | wd=0.0000 | mom=0.9500 | T=10.2 k=4.0 (mu_rec=8 mu_bwd=4) | grad=4.750 | tok/s=22,158 | tokens=5.64B
step=172250 | loss=3.6522 | lr=2.48e-04 | wd=0.0000 | mom=0.9500 | T=6.0 k=3.5 (mu_rec=8 mu_bwd=4) | grad=5.938 | tok/s=24,232 | tokens=5.64B
step=172260 | loss=3.8769 | lr=2.48e-04 | wd=0.0000 | mom=0.9500 | T=6.2 k=3.0 (mu_rec=8 mu_bwd=4) | grad=4.344 | tok/s=23,396 | tokens=5.64B
step=172270 | loss=4.5115 | lr=2.48e-04 | wd=0.0000 | mom=0.9500 | T=9.8 k=4.0 (mu_rec=8 mu_bwd=4) | grad=4.656 | tok/s=23,660 | tokens=5.64B
step=172280 | loss=4.2283 | lr=2.48e-04 | wd=0.0000 | mom=0.9500 | T=7.0 k=3.2 (mu_rec=8 mu_bwd=4) | grad=5.844 | tok/s=23,999 | tokens=5.65B
step=172290 | loss=3.9530 | lr=2.47e-04 | wd=0.0000 | mom=0.9500 | T=8.8 k=3.2 (mu_rec=8 mu_bwd=4) | grad=4.844 | tok/s=24,812 | tokens=5.65B
step=172300 | loss=4.0501 | lr=2.47e-04 | wd=0.0000 | mom=0.9500 | T=8.2 k=4.0 (mu_rec=8 mu_bwd=4) | grad=3.703 | tok/s=24,772 | tokens=5.65B
step=172310 | loss=4.1355 | lr=2.47e-04 | wd=0.0000 | mom=0.9500 | T=6.0 k=3.5 (mu_rec=8 mu_bwd=4) | grad=6.094 | tok/s=23,318 | tokens=5.65B
step=172320 | loss=4.0652 | lr=2.47e-04 | wd=0.0000 | mom=0.9500 | T=8.5 k=4.0 (mu_rec=8 mu_bwd=4) | grad=6.344 | tok/s=23,865 | tokens=5.65B
step=172330 | loss=4.0422 | lr=2.46e-04 | wd=0.0000 | mom=0.9500 | T=6.0 k=4.0 (mu_rec=8 mu_bwd=4) | grad=5.281 | tok/s=24,726 | tokens=5.65B
step=172340 | loss=3.8778 | lr=2.46e-04 | wd=0.0000 | mom=0.9500 | T=6.5 k=3.2 (mu_rec=8 mu_bwd=4) | grad=4.125 | tok/s=25,146 | tokens=5.65B
step=172350 | loss=3.6182 | lr=2.46e-04 | wd=0.0000 | mom=0.9500 | T=10.2 k=3.2 (mu_rec=8 mu_bwd=4) | grad=4.844 | tok/s=23,388 | tokens=5.65B
step=172360 | loss=3.7033 | lr=2.46e-04 | wd=0.0000 | mom=0.9500 | T=13.5 k=4.0 (mu_rec=8 mu_bwd=4) | grad=10.062 | tok/s=22,330 | tokens=5.65B
step=172370 | loss=4.3589 | lr=2.46e-04 | wd=0.0000 | mom=0.9500 | T=5.8 k=3.2 (mu_rec=8 mu_bwd=4) | grad=5.875 | tok/s=26,326 | tokens=5.65B
step=172380 | loss=3.7339 | lr=2.45e-04 | wd=0.0000 | mom=0.9500 | T=6.5 k=3.2 (mu_rec=8 mu_bwd=4) | grad=6.125 | tok/s=23,812 | tokens=5.65B
step=172390 | loss=4.1108 | lr=2.45e-04 | wd=0.0000 | mom=0.9500 | T=5.0 k=3.8 (mu_rec=8 mu_bwd=4) | grad=4.594 | tok/s=24,062 | tokens=5.65B
step=172400 | loss=3.9953 | lr=2.45e-04 | wd=0.0000 | mom=0.9500 | T=6.5 k=3.8 (mu_rec=8 mu_bwd=4) | grad=3.641 | tok/s=25,123 | tokens=5.65B
step=172410 | loss=4.0272 | lr=2.45e-04 | wd=0.0000 | mom=0.9500 | T=5.2 k=4.0 (mu_rec=8 mu_bwd=4) | grad=4.688 | tok/s=21,473 | tokens=5.65B
step=172420 | loss=3.9460 | lr=2.44e-04 | wd=0.0000 | mom=0.9500 | T=9.0 k=4.0 (mu_rec=8 mu_bwd=4) | grad=4.469 | tok/s=23,166 | tokens=5.65B
step=172430 | loss=4.0031 | lr=2.44e-04 | wd=0.0000 | mom=0.9500 | T=4.2 k=3.8 (mu_rec=8 mu_bwd=4) | grad=5.281 | tok/s=25,719 | tokens=5.65B
step=172440 | loss=4.2733 | lr=2.44e-04 | wd=0.0000 | mom=0.9500 | T=8.8 k=3.2 (mu_rec=8 mu_bwd=4) | grad=4.594 | tok/s=23,249 | tokens=5.65B
step=172450 | loss=4.1578 | lr=2.44e-04 | wd=0.0000 | mom=0.9500 | T=10.2 k=4.0 (mu_rec=8 mu_bwd=4) | grad=4.500 | tok/s=24,730 | tokens=5.65B
step=172460 | loss=3.9993 | lr=2.44e-04 | wd=0.0000 | mom=0.9500 | T=7.0 k=3.8 (mu_rec=8 mu_bwd=4) | grad=6.438 | tok/s=24,489 | tokens=5.65B
step=172470 | loss=3.8899 | lr=2.43e-04 | wd=0.0000 | mom=0.9500 | T=6.5 k=3.8 (mu_rec=8 mu_bwd=4) | grad=4.062 | tok/s=24,451 | tokens=5.65B
step=172480 | loss=4.0864 | lr=2.43e-04 | wd=0.0000 | mom=0.9500 | T=8.5 k=4.0 (mu_rec=8 mu_bwd=4) | grad=3.953 | tok/s=23,246 | tokens=5.65B
step=172490 | loss=3.8488 | lr=2.43e-04 | wd=0.0000 | mom=0.9500 | T=7.2 k=3.5 (mu_rec=8 mu_bwd=4) | grad=5.000 | tok/s=23,902 | tokens=5.65B
step=172500 | loss=3.7335 | lr=2.43e-04 | wd=0.0000 | mom=0.9500 | T=11.5 k=3.2 (mu_rec=8 mu_bwd=4) | grad=5.750 | tok/s=23,992 | tokens=5.65B
step=172510 | loss=3.6820 | lr=2.42e-04 | wd=0.0000 | mom=0.9500 | T=9.8 k=4.0 (mu_rec=8 mu_bwd=4) | grad=3.828 | tok/s=23,432 | tokens=5.65B
step=172520 | loss=4.0459 | lr=2.42e-04 | wd=0.0000 | mom=0.9500 | T=2.5 k=2.5 (mu_rec=8 mu_bwd=4) | grad=5.438 | tok/s=25,650 | tokens=5.65B
step=172530 | loss=4.1918 | lr=2.42e-04 | wd=0.0000 | mom=0.9500 | T=9.5 k=3.5 (mu_rec=8 mu_bwd=4) | grad=3.875 | tok/s=22,907 | tokens=5.65B
step=172540 | loss=3.9672 | lr=2.42e-04 | wd=0.0000 | mom=0.9500 | T=9.5 k=3.5 (mu_rec=8 mu_bwd=4) | grad=4.281 | tok/s=23,009 | tokens=5.65B
step=172550 | loss=4.1918 | lr=2.41e-04 | wd=0.0000 | mom=0.9500 | T=6.0 k=3.8 (mu_rec=8 mu_bwd=4) | grad=4.844 | tok/s=11,198 | tokens=5.65B
step=172560 | loss=4.1522 | lr=2.41e-04 | wd=0.0000 | mom=0.9500 | T=6.0 k=4.0 (mu_rec=8 mu_bwd=4) | grad=3.734 | tok/s=24,369 | tokens=5.65B
step=172570 | loss=4.2846 | lr=2.41e-04 | wd=0.0000 | mom=0.9500 | T=7.2 k=4.0 (mu_rec=8 mu_bwd=4) | grad=6.531 | tok/s=22,820 | tokens=5.65B
step=172580 | loss=4.4722 | lr=2.41e-04 | wd=0.0000 | mom=0.9500 | T=10.8 k=4.0 (mu_rec=8 mu_bwd=4) | grad=4.531 | tok/s=26,692 | tokens=5.66B
step=172590 | loss=4.4194 | lr=2.41e-04 | wd=0.0000 | mom=0.9500 | T=3.8 k=3.2 (mu_rec=8 mu_bwd=4) | grad=4.562 | tok/s=24,659 | tokens=5.66B
step=172600 | loss=4.0989 | lr=2.40e-04 | wd=0.0000 | mom=0.9500 | T=9.0 k=4.0 (mu_rec=8 mu_bwd=4) | grad=4.406 | tok/s=22,663 | tokens=5.66B
step=172610 | loss=3.8535 | lr=2.40e-04 | wd=0.0000 | mom=0.9500 | T=7.2 k=3.8 (mu_rec=8 mu_bwd=4) | grad=6.406 | tok/s=25,163 | tokens=5.66B
step=172620 | loss=4.0670 | lr=2.40e-04 | wd=0.0000 | mom=0.9500 | T=11.0 k=4.0 (mu_rec=8 mu_bwd=4) | grad=4.188 | tok/s=10,666 | tokens=5.66B
step=172630 | loss=4.0262 | lr=2.40e-04 | wd=0.0000 | mom=0.9500 | T=7.0 k=3.8 (mu_rec=8 mu_bwd=4) | grad=3.906 | tok/s=22,195 | tokens=5.66B
step=172640 | loss=4.1087 | lr=2.39e-04 | wd=0.0000 | mom=0.9500 | T=6.0 k=3.5 (mu_rec=8 mu_bwd=4) | grad=4.156 | tok/s=24,346 | tokens=5.66B
step=172650 | loss=3.9458 | lr=2.39e-04 | wd=0.0000 | mom=0.9500 | T=6.2 k=3.8 (mu_rec=8 mu_bwd=4) | grad=3.922 | tok/s=24,424 | tokens=5.66B
step=172660 | loss=3.9582 | lr=2.39e-04 | wd=0.0000 | mom=0.9500 | T=6.2 k=3.8 (mu_rec=8 mu_bwd=4) | grad=5.969 | tok/s=25,568 | tokens=5.66B
step=172670 | loss=3.4670 | lr=2.39e-04 | wd=0.0000 | mom=0.9500 | T=8.5 k=4.0 (mu_rec=8 mu_bwd=4) | grad=3.906 | tok/s=23,803 | tokens=5.66B
step=172680 | loss=3.9821 | lr=2.38e-04 | wd=0.0000 | mom=0.9500 | T=9.8 k=4.0 (mu_rec=8 mu_bwd=4) | grad=4.188 | tok/s=23,029 | tokens=5.66B
step=172690 | loss=4.0556 | lr=2.38e-04 | wd=0.0000 | mom=0.9500 | T=3.8 k=2.5 (mu_rec=8 mu_bwd=4) | grad=4.188 | tok/s=25,302 | tokens=5.66B
step=172700 | loss=4.0451 | lr=2.38e-04 | wd=0.0000 | mom=0.9500 | T=5.2 k=3.2 (mu_rec=8 mu_bwd=4) | grad=4.438 | tok/s=24,867 | tokens=5.66B
step=172710 | loss=4.0593 | lr=2.38e-04 | wd=0.0000 | mom=0.9500 | T=5.0 k=3.2 (mu_rec=8 mu_bwd=4) | grad=5.312 | tok/s=23,624 | tokens=5.66B
step=172720 | loss=3.9762 | lr=2.38e-04 | wd=0.0000 | mom=0.9500 | T=6.8 k=4.0 (mu_rec=8 mu_bwd=4) | grad=5.312 | tok/s=24,654 | tokens=5.66B
step=172730 | loss=4.0201 | lr=2.37e-04 | wd=0.0000 | mom=0.9500 | T=7.8 k=4.0 (mu_rec=8 mu_bwd=4) | grad=4.625 | tok/s=22,621 | tokens=5.66B
step=172740 | loss=4.0853 | lr=2.37e-04 | wd=0.0000 | mom=0.9500 | T=6.2 k=3.8 (mu_rec=8 mu_bwd=4) | grad=4.281 | tok/s=23,297 | tokens=5.66B
step=172750 | loss=4.0736 | lr=2.37e-04 | wd=0.0000 | mom=0.9500 | T=11.8 k=4.0 (mu_rec=8 mu_bwd=4) | grad=3.859 | tok/s=23,721 | tokens=5.66B
step=172760 | loss=3.8879 | lr=2.37e-04 | wd=0.0000 | mom=0.9500 | T=5.8 k=3.2 (mu_rec=8 mu_bwd=4) | grad=7.156 | tok/s=23,212 | tokens=5.66B
step=172770 | loss=3.9909 | lr=2.36e-04 | wd=0.0000 | mom=0.9500 | T=8.8 k=4.0 (mu_rec=8 mu_bwd=4) | grad=3.781 | tok/s=24,244 | tokens=5.66B
step=172780 | loss=3.6985 | lr=2.36e-04 | wd=0.0000 | mom=0.9500 | T=6.8 k=3.8 (mu_rec=8 mu_bwd=4) | grad=4.500 | tok/s=23,819 | tokens=5.66B
step=172790 | loss=4.0014 | lr=2.36e-04 | wd=0.0000 | mom=0.9500 | T=8.2 k=4.0 (mu_rec=8 mu_bwd=4) | grad=4.375 | tok/s=23,657 | tokens=5.66B
step=172800 | loss=4.1117 | lr=2.36e-04 | wd=0.0000 | mom=0.9500 | T=8.5 k=4.0 (mu_rec=8 mu_bwd=4) | grad=4.781 | tok/s=22,860 | tokens=5.66B
step=172810 | loss=4.2167 | lr=2.35e-04 | wd=0.0000 | mom=0.9500 | T=8.0 k=4.0 (mu_rec=8 mu_bwd=4) | grad=4.406 | tok/s=24,502 | tokens=5.66B
step=172820 | loss=4.2483 | lr=2.35e-04 | wd=0.0000 | mom=0.9500 | T=7.2 k=4.0 (mu_rec=8 mu_bwd=4) | grad=5.062 | tok/s=24,696 | tokens=5.66B
step=172830 | loss=3.9500 | lr=2.35e-04 | wd=0.0000 | mom=0.9500 | T=5.5 k=4.0 (mu_rec=8 mu_bwd=4) | grad=4.562 | tok/s=23,787 | tokens=5.66B
step=172840 | loss=4.1722 | lr=2.35e-04 | wd=0.0000 | mom=0.9500 | T=6.8 k=3.8 (mu_rec=8 mu_bwd=4) | grad=7.500 | tok/s=23,211 | tokens=5.66B
step=172850 | loss=4.1528 | lr=2.34e-04 | wd=0.0000 | mom=0.9500 | T=12.8 k=4.0 (mu_rec=8 mu_bwd=4) | grad=4.656 | tok/s=24,663 | tokens=5.66B
step=172860 | loss=4.0792 | lr=2.34e-04 | wd=0.0000 | mom=0.9500 | T=10.0 k=3.8 (mu_rec=8 mu_bwd=4) | grad=5.125 | tok/s=23,769 | tokens=5.66B
step=172870 | loss=3.9216 | lr=2.34e-04 | wd=0.0000 | mom=0.9500 | T=9.2 k=3.8 (mu_rec=8 mu_bwd=4) | grad=3.969 | tok/s=25,605 | tokens=5.66B
step=172880 | loss=3.7338 | lr=2.34e-04 | wd=0.0000 | mom=0.9500 | T=13.2 k=4.0 (mu_rec=8 mu_bwd=4) | grad=4.750 | tok/s=24,972 | tokens=5.66B
step=172890 | loss=3.8611 | lr=2.34e-04 | wd=0.0000 | mom=0.9500 | T=5.5 k=4.0 (mu_rec=8 mu_bwd=4) | grad=4.250 | tok/s=26,620 | tokens=5.67B
step=172900 | loss=4.2967 | lr=2.33e-04 | wd=0.0000 | mom=0.9500 | T=10.5 k=4.0 (mu_rec=8 mu_bwd=4) | grad=5.094 | tok/s=23,121 | tokens=5.67B
step=172910 | loss=3.8741 | lr=2.33e-04 | wd=0.0000 | mom=0.9500 | T=7.2 k=4.0 (mu_rec=8 mu_bwd=4) | grad=4.812 | tok/s=21,759 | tokens=5.67B
step=172920 | loss=4.0450 | lr=2.33e-04 | wd=0.0000 | mom=0.9500 | T=6.5 k=3.8 (mu_rec=8 mu_bwd=4) | grad=3.469 | tok/s=23,602 | tokens=5.67B
step=172930 | loss=4.0068 | lr=2.33e-04 | wd=0.0000 | mom=0.9500 | T=7.0 k=3.5 (mu_rec=8 mu_bwd=4) | grad=4.375 | tok/s=23,590 | tokens=5.67B
step=172940 | loss=4.1425 | lr=2.32e-04 | wd=0.0000 | mom=0.9500 | T=12.5 k=4.0 (mu_rec=8 mu_bwd=4) | grad=9.438 | tok/s=24,328 | tokens=5.67B
step=172950 | loss=4.1371 | lr=2.32e-04 | wd=0.0000 | mom=0.9500 | T=9.0 k=4.0 (mu_rec=8 mu_bwd=4) | grad=5.250 | tok/s=23,766 | tokens=5.67B
step=172960 | loss=4.0852 | lr=2.32e-04 | wd=0.0000 | mom=0.9500 | T=11.2 k=4.0 (mu_rec=8 mu_bwd=4) | grad=3.750 | tok/s=23,495 | tokens=5.67B
step=172970 | loss=4.2891 | lr=2.32e-04 | wd=0.0000 | mom=0.9500 | T=6.2 k=3.2 (mu_rec=8 mu_bwd=4) | grad=7.188 | tok/s=28,114 | tokens=5.67B
step=172980 | loss=4.3048 | lr=2.31e-04 | wd=0.0000 | mom=0.9500 | T=10.0 k=3.5 (mu_rec=8 mu_bwd=4) | grad=3.938 | tok/s=24,109 | tokens=5.67B
step=172990 | loss=3.9970 | lr=2.31e-04 | wd=0.0000 | mom=0.9500 | T=7.8 k=4.0 (mu_rec=8 mu_bwd=4) | grad=3.938 | tok/s=25,700 | tokens=5.67B
step=173000 | loss=3.8746 | lr=2.31e-04 | wd=0.0000 | mom=0.9500 | T=6.8 k=3.5 (mu_rec=8 mu_bwd=4) | grad=3.766 | tok/s=24,445 | tokens=5.67B
step=173010 | loss=4.0518 | lr=2.31e-04 | wd=0.0000 | mom=0.9500 | T=8.0 k=4.0 (mu_rec=8 mu_bwd=4) | grad=5.594 | tok/s=23,002 | tokens=5.67B
step=173020 | loss=4.2442 | lr=2.30e-04 | wd=0.0000 | mom=0.9500 | T=6.8 k=4.0 (mu_rec=8 mu_bwd=4) | grad=6.875 | tok/s=23,437 | tokens=5.67B
step=173030 | loss=4.3422 | lr=2.30e-04 | wd=0.0000 | mom=0.9500 | T=6.8 k=4.0 (mu_rec=8 mu_bwd=4) | grad=4.781 | tok/s=24,082 | tokens=5.67B
step=173040 | loss=3.8514 | lr=2.30e-04 | wd=0.0000 | mom=0.9500 | T=12.0 k=4.0 (mu_rec=8 mu_bwd=4) | grad=4.656 | tok/s=23,108 | tokens=5.67B
step=173050 | loss=3.9614 | lr=2.30e-04 | wd=0.0000 | mom=0.9500 | T=7.5 k=4.0 (mu_rec=8 mu_bwd=4) | grad=8.312 | tok/s=23,841 | tokens=5.67B
step=173060 | loss=4.3031 | lr=2.29e-04 | wd=0.0000 | mom=0.9500 | T=8.2 k=3.8 (mu_rec=8 mu_bwd=4) | grad=5.594 | tok/s=22,878 | tokens=5.67B
step=173070 | loss=3.9482 | lr=2.29e-04 | wd=0.0000 | mom=0.9500 | T=7.8 k=4.0 (mu_rec=8 mu_bwd=4) | grad=4.156 | tok/s=23,199 | tokens=5.67B
step=173080 | loss=4.1052 | lr=2.29e-04 | wd=0.0000 | mom=0.9500 | T=12.2 k=4.0 (mu_rec=8 mu_bwd=4) | grad=7.094 | tok/s=22,827 | tokens=5.67B
step=173090 | loss=4.1237 | lr=2.29e-04 | wd=0.0000 | mom=0.9500 | T=9.5 k=3.5 (mu_rec=8 mu_bwd=4) | grad=6.281 | tok/s=23,765 | tokens=5.67B
step=173100 | loss=3.9845 | lr=2.28e-04 | wd=0.0000 | mom=0.9500 | T=7.5 k=3.2 (mu_rec=8 mu_bwd=4) | grad=6.625 | tok/s=26,024 | tokens=5.67B
step=173110 | loss=4.2964 | lr=2.28e-04 | wd=0.0000 | mom=0.9500 | T=8.2 k=3.5 (mu_rec=8 mu_bwd=4) | grad=6.344 | tok/s=25,798 | tokens=5.67B
step=173120 | loss=4.2880 | lr=2.28e-04 | wd=0.0000 | mom=0.9500 | T=10.8 k=4.0 (mu_rec=8 mu_bwd=4) | grad=5.969 | tok/s=23,207 | tokens=5.67B
step=173130 | loss=4.0797 | lr=2.28e-04 | wd=0.0000 | mom=0.9500 | T=11.2 k=4.0 (mu_rec=8 mu_bwd=4) | grad=4.406 | tok/s=22,014 | tokens=5.67B
step=173140 | loss=3.9458 | lr=2.27e-04 | wd=0.0000 | mom=0.9500 | T=8.0 k=4.0 (mu_rec=8 mu_bwd=4) | grad=4.750 | tok/s=23,239 | tokens=5.67B
step=173150 | loss=4.1397 | lr=2.27e-04 | wd=0.0000 | mom=0.9500 | T=16.2 k=4.0 (mu_rec=8 mu_bwd=4) | grad=3.844 | tok/s=21,379 | tokens=5.67B
step=173160 | loss=4.1304 | lr=2.27e-04 | wd=0.0000 | mom=0.9500 | T=9.8 k=3.5 (mu_rec=8 mu_bwd=4) | grad=5.219 | tok/s=24,238 | tokens=5.67B
step=173170 | loss=4.2851 | lr=2.27e-04 | wd=0.0000 | mom=0.9500 | T=8.0 k=4.0 (mu_rec=8 mu_bwd=4) | grad=4.719 | tok/s=23,305 | tokens=5.67B
step=173180 | loss=3.9089 | lr=2.26e-04 | wd=0.0000 | mom=0.9500 | T=9.8 k=4.0 (mu_rec=8 mu_bwd=4) | grad=18.500 | tok/s=22,936 | tokens=5.67B
step=173190 | loss=4.3440 | lr=2.26e-04 | wd=0.0000 | mom=0.9500 | T=7.0 k=3.5 (mu_rec=8 mu_bwd=4) | grad=7.531 | tok/s=24,221 | tokens=5.68B
step=173200 | loss=4.1939 | lr=2.26e-04 | wd=0.0000 | mom=0.9500 | T=5.0 k=3.2 (mu_rec=8 mu_bwd=4) | grad=5.438 | tok/s=23,013 | tokens=5.68B
step=173210 | loss=4.4540 | lr=2.26e-04 | wd=0.0000 | mom=0.9500 | T=2.8 k=2.5 (mu_rec=8 mu_bwd=4) | grad=5.875 | tok/s=23,155 | tokens=5.68B
step=173220 | loss=4.0752 | lr=2.25e-04 | wd=0.0000 | mom=0.9500 | T=4.5 k=3.2 (mu_rec=8 mu_bwd=4) | grad=4.812 | tok/s=23,082 | tokens=5.68B
step=173230 | loss=4.0482 | lr=2.25e-04 | wd=0.0000 | mom=0.9500 | T=10.5 k=4.0 (mu_rec=8 mu_bwd=4) | grad=9.562 | tok/s=23,920 | tokens=5.68B
step=173240 | loss=4.0707 | lr=2.25e-04 | wd=0.0000 | mom=0.9500 | T=5.5 k=3.5 (mu_rec=8 mu_bwd=4) | grad=3.641 | tok/s=24,968 | tokens=5.68B
step=173250 | loss=4.5951 | lr=2.25e-04 | wd=0.0000 | mom=0.9500 | T=9.2 k=4.0 (mu_rec=8 mu_bwd=4) | grad=4.094 | tok/s=22,692 | tokens=5.68B
step=173260 | loss=3.9606 | lr=2.24e-04 | wd=0.0000 | mom=0.9500 | T=8.0 k=4.0 (mu_rec=8 mu_bwd=4) | grad=8.938 | tok/s=21,855 | tokens=5.68B
step=173270 | loss=3.9196 | lr=2.24e-04 | wd=0.0000 | mom=0.9500 | T=7.5 k=4.0 (mu_rec=8 mu_bwd=4) | grad=5.156 | tok/s=23,536 | tokens=5.68B
step=173280 | loss=4.2622 | lr=2.24e-04 | wd=0.0000 | mom=0.9500 | T=6.8 k=4.0 (mu_rec=8 mu_bwd=4) | grad=4.156 | tok/s=23,791 | tokens=5.68B
step=173290 | loss=4.0168 | lr=2.24e-04 | wd=0.0000 | mom=0.9500 | T=6.5 k=4.0 (mu_rec=8 mu_bwd=4) | grad=6.156 | tok/s=25,118 | tokens=5.68B
step=173300 | loss=4.0188 | lr=2.23e-04 | wd=0.0000 | mom=0.9500 | T=4.8 k=3.8 (mu_rec=8 mu_bwd=4) | grad=4.125 | tok/s=24,523 | tokens=5.68B
step=173310 | loss=4.0957 | lr=2.23e-04 | wd=0.0000 | mom=0.9500 | T=5.0 k=3.0 (mu_rec=8 mu_bwd=4) | grad=10.062 | tok/s=24,313 | tokens=5.68B
step=173320 | loss=3.8439 | lr=2.23e-04 | wd=0.0000 | mom=0.9500 | T=5.8 k=4.0 (mu_rec=8 mu_bwd=4) | grad=5.625 | tok/s=23,123 | tokens=5.68B
step=173330 | loss=3.9530 | lr=2.23e-04 | wd=0.0000 | mom=0.9500 | T=7.2 k=3.8 (mu_rec=8 mu_bwd=4) | grad=4.188 | tok/s=25,106 | tokens=5.68B
step=173340 | loss=3.9333 | lr=2.22e-04 | wd=0.0000 | mom=0.9500 | T=6.5 k=3.8 (mu_rec=8 mu_bwd=4) | grad=5.906 | tok/s=22,816 | tokens=5.68B
step=173350 | loss=4.0043 | lr=2.22e-04 | wd=0.0000 | mom=0.9500 | T=5.5 k=3.2 (mu_rec=8 mu_bwd=4) | grad=6.594 | tok/s=24,101 | tokens=5.68B
step=173360 | loss=4.8216 | lr=2.22e-04 | wd=0.0000 | mom=0.9500 | T=5.5 k=3.2 (mu_rec=8 mu_bwd=4) | grad=4.344 | tok/s=9,735 | tokens=5.68B
step=173370 | loss=4.0106 | lr=2.22e-04 | wd=0.0000 | mom=0.9500 | T=6.0 k=3.2 (mu_rec=8 mu_bwd=4) | grad=5.719 | tok/s=24,595 | tokens=5.68B
step=173380 | loss=4.4421 | lr=2.21e-04 | wd=0.0000 | mom=0.9500 | T=7.5 k=4.0 (mu_rec=8 mu_bwd=4) | grad=5.750 | tok/s=22,989 | tokens=5.68B
step=173390 | loss=4.2968 | lr=2.21e-04 | wd=0.0000 | mom=0.9500 | T=8.0 k=4.0 (mu_rec=8 mu_bwd=4) | grad=5.250 | tok/s=23,340 | tokens=5.68B
step=173400 | loss=4.1362 | lr=2.21e-04 | wd=0.0000 | mom=0.9500 | T=5.5 k=2.5 (mu_rec=8 mu_bwd=4) | grad=11.125 | tok/s=24,376 | tokens=5.68B
step=173410 | loss=3.7732 | lr=2.21e-04 | wd=0.0000 | mom=0.9500 | T=6.5 k=3.8 (mu_rec=8 mu_bwd=4) | grad=4.500 | tok/s=23,857 | tokens=5.68B
step=173420 | loss=4.0095 | lr=2.20e-04 | wd=0.0000 | mom=0.9500 | T=5.5 k=3.5 (mu_rec=8 mu_bwd=4) | grad=7.375 | tok/s=24,122 | tokens=5.68B
step=173430 | loss=3.9204 | lr=2.20e-04 | wd=0.0000 | mom=0.9500 | T=6.5 k=3.8 (mu_rec=8 mu_bwd=4) | grad=4.406 | tok/s=23,740 | tokens=5.68B
step=173440 | loss=3.8807 | lr=2.20e-04 | wd=0.0000 | mom=0.9500 | T=7.5 k=3.5 (mu_rec=8 mu_bwd=4) | grad=4.656 | tok/s=25,112 | tokens=5.68B
step=173450 | loss=4.0208 | lr=2.20e-04 | wd=0.0000 | mom=0.9500 | T=6.8 k=4.0 (mu_rec=8 mu_bwd=4) | grad=6.781 | tok/s=24,081 | tokens=5.68B
step=173460 | loss=4.4137 | lr=2.19e-04 | wd=0.0000 | mom=0.9500 | T=7.8 k=4.0 (mu_rec=8 mu_bwd=4) | grad=4.594 | tok/s=23,587 | tokens=5.68B
step=173470 | loss=4.3901 | lr=2.19e-04 | wd=0.0000 | mom=0.9500 | T=8.0 k=4.0 (mu_rec=8 mu_bwd=4) | grad=6.156 | tok/s=8,566 | tokens=5.68B
step=173480 | loss=3.9556 | lr=2.19e-04 | wd=0.0000 | mom=0.9500 | T=4.5 k=3.5 (mu_rec=8 mu_bwd=4) | grad=7.812 | tok/s=23,316 | tokens=5.68B
step=173490 | loss=4.0241 | lr=2.19e-04 | wd=0.0000 | mom=0.9500 | T=6.5 k=3.5 (mu_rec=8 mu_bwd=4) | grad=8.000 | tok/s=23,462 | tokens=5.68B
step=173500 | loss=4.0707 | lr=2.18e-04 | wd=0.0000 | mom=0.9500 | T=6.0 k=3.2 (mu_rec=8 mu_bwd=4) | grad=3.984 | tok/s=24,794 | tokens=5.69B
step=173510 | loss=4.0751 | lr=2.18e-04 | wd=0.0000 | mom=0.9500 | T=7.2 k=3.5 (mu_rec=8 mu_bwd=4) | grad=6.125 | tok/s=24,515 | tokens=5.69B
step=173520 | loss=4.0212 | lr=2.18e-04 | wd=0.0000 | mom=0.9500 | T=7.2 k=4.0 (mu_rec=8 mu_bwd=4) | grad=4.438 | tok/s=24,811 | tokens=5.69B
step=173530 | loss=3.9848 | lr=2.18e-04 | wd=0.0000 | mom=0.9500 | T=4.0 k=3.2 (mu_rec=8 mu_bwd=4) | grad=6.250 | tok/s=22,939 | tokens=5.69B
step=173540 | loss=3.7626 | lr=2.17e-04 | wd=0.0000 | mom=0.9500 | T=8.0 k=3.2 (mu_rec=8 mu_bwd=4) | grad=3.812 | tok/s=24,514 | tokens=5.69B
step=173550 | loss=3.6621 | lr=2.17e-04 | wd=0.0000 | mom=0.9500 | T=5.5 k=2.8 (mu_rec=8 mu_bwd=4) | grad=5.812 | tok/s=23,693 | tokens=5.69B
step=173560 | loss=3.7726 | lr=2.17e-04 | wd=0.0000 | mom=0.9500 | T=7.2 k=3.8 (mu_rec=8 mu_bwd=4) | grad=3.953 | tok/s=21,632 | tokens=5.69B
step=173570 | loss=4.0451 | lr=2.17e-04 | wd=0.0000 | mom=0.9500 | T=8.0 k=3.5 (mu_rec=8 mu_bwd=4) | grad=7.281 | tok/s=22,018 | tokens=5.69B
step=173580 | loss=3.7505 | lr=2.16e-04 | wd=0.0000 | mom=0.9500 | T=6.2 k=2.8 (mu_rec=8 mu_bwd=4) | grad=5.875 | tok/s=24,073 | tokens=5.69B
step=173590 | loss=3.9284 | lr=2.16e-04 | wd=0.0000 | mom=0.9500 | T=11.5 k=4.0 (mu_rec=8 mu_bwd=4) | grad=4.156 | tok/s=24,727 | tokens=5.69B
step=173600 | loss=4.0851 | lr=2.16e-04 | wd=0.0000 | mom=0.9500 | T=16.2 k=4.0 (mu_rec=8 mu_bwd=4) | grad=5.625 | tok/s=22,696 | tokens=5.69B
step=173610 | loss=4.0264 | lr=2.16e-04 | wd=0.0000 | mom=0.9500 | T=9.0 k=4.0 (mu_rec=8 mu_bwd=4) | grad=3.953 | tok/s=23,317 | tokens=5.69B
step=173620 | loss=4.7228 | lr=2.15e-04 | wd=0.0000 | mom=0.9500 | T=11.8 k=4.0 (mu_rec=8 mu_bwd=4) | grad=5.469 | tok/s=24,109 | tokens=5.69B
step=173630 | loss=4.0427 | lr=2.15e-04 | wd=0.0000 | mom=0.9500 | T=4.2 k=3.2 (mu_rec=8 mu_bwd=4) | grad=4.875 | tok/s=22,364 | tokens=5.69B
step=173640 | loss=3.9328 | lr=2.15e-04 | wd=0.0000 | mom=0.9500 | T=6.5 k=3.5 (mu_rec=8 mu_bwd=4) | grad=3.906 | tok/s=23,707 | tokens=5.69B
step=173650 | loss=4.1183 | lr=2.15e-04 | wd=0.0000 | mom=0.9500 | T=8.2 k=3.5 (mu_rec=8 mu_bwd=4) | grad=4.625 | tok/s=22,532 | tokens=5.69B
step=173660 | loss=3.5923 | lr=2.14e-04 | wd=0.0000 | mom=0.9500 | T=9.5 k=4.0 (mu_rec=8 mu_bwd=4) | grad=4.781 | tok/s=24,672 | tokens=5.69B
step=173670 | loss=4.4502 | lr=2.14e-04 | wd=0.0000 | mom=0.9500 | T=11.8 k=4.0 (mu_rec=8 mu_bwd=4) | grad=6.656 | tok/s=22,829 | tokens=5.69B
step=173680 | loss=4.2682 | lr=2.14e-04 | wd=0.0000 | mom=0.9500 | T=6.5 k=4.0 (mu_rec=8 mu_bwd=4) | grad=4.438 | tok/s=26,322 | tokens=5.69B
step=173690 | loss=4.0926 | lr=2.14e-04 | wd=0.0000 | mom=0.9500 | T=9.5 k=3.8 (mu_rec=8 mu_bwd=4) | grad=5.625 | tok/s=24,302 | tokens=5.69B
step=173700 | loss=4.4192 | lr=2.13e-04 | wd=0.0000 | mom=0.9500 | T=8.0 k=3.2 (mu_rec=8 mu_bwd=4) | grad=5.469 | tok/s=21,748 | tokens=5.69B
step=173710 | loss=4.3060 | lr=2.13e-04 | wd=0.0000 | mom=0.9500 | T=4.8 k=3.2 (mu_rec=8 mu_bwd=4) | grad=10.688 | tok/s=24,862 | tokens=5.69B
step=173720 | loss=3.9564 | lr=2.13e-04 | wd=0.0000 | mom=0.9500 | T=7.5 k=3.0 (mu_rec=8 mu_bwd=4) | grad=4.406 | tok/s=23,763 | tokens=5.69B
step=173730 | loss=3.9551 | lr=2.12e-04 | wd=0.0000 | mom=0.9500 | T=6.5 k=4.0 (mu_rec=8 mu_bwd=4) | grad=4.562 | tok/s=22,582 | tokens=5.69B
step=173740 | loss=4.1338 | lr=2.12e-04 | wd=0.0000 | mom=0.9500 | T=4.2 k=3.8 (mu_rec=8 mu_bwd=4) | grad=3.594 | tok/s=25,317 | tokens=5.69B
step=173750 | loss=4.2930 | lr=2.12e-04 | wd=0.0000 | mom=0.9500 | T=5.8 k=3.2 (mu_rec=8 mu_bwd=4) | grad=4.750 | tok/s=25,106 | tokens=5.69B
step=173760 | loss=3.9615 | lr=2.12e-04 | wd=0.0000 | mom=0.9500 | T=5.2 k=3.8 (mu_rec=8 mu_bwd=4) | grad=4.031 | tok/s=24,084 | tokens=5.69B
step=173770 | loss=3.9115 | lr=2.11e-04 | wd=0.0000 | mom=0.9500 | T=8.2 k=4.0 (mu_rec=8 mu_bwd=4) | grad=4.969 | tok/s=24,364 | tokens=5.69B
step=173780 | loss=4.0723 | lr=2.11e-04 | wd=0.0000 | mom=0.9500 | T=10.2 k=2.8 (mu_rec=8 mu_bwd=4) | grad=5.031 | tok/s=24,130 | tokens=5.69B
step=173790 | loss=4.1535 | lr=2.11e-04 | wd=0.0000 | mom=0.9500 | T=4.5 k=3.5 (mu_rec=8 mu_bwd=4) | grad=4.000 | tok/s=24,277 | tokens=5.69B
step=173800 | loss=3.8976 | lr=2.11e-04 | wd=0.0000 | mom=0.9500 | T=3.8 k=2.8 (mu_rec=8 mu_bwd=4) | grad=8.688 | tok/s=26,710 | tokens=5.70B
step=173810 | loss=4.2090 | lr=2.10e-04 | wd=0.0000 | mom=0.9500 | T=4.5 k=2.8 (mu_rec=8 mu_bwd=4) | grad=4.812 | tok/s=24,859 | tokens=5.70B
step=173820 | loss=4.2072 | lr=2.10e-04 | wd=0.0000 | mom=0.9500 | T=10.0 k=4.0 (mu_rec=8 mu_bwd=4) | grad=5.312 | tok/s=24,130 | tokens=5.70B
step=173830 | loss=4.0747 | lr=2.10e-04 | wd=0.0000 | mom=0.9500 | T=20.0 k=4.0 (mu_rec=8 mu_bwd=4) | grad=5.344 | tok/s=22,815 | tokens=5.70B
step=173840 | loss=4.0583 | lr=2.10e-04 | wd=0.0000 | mom=0.9500 | T=8.0 k=3.8 (mu_rec=8 mu_bwd=4) | grad=6.000 | tok/s=23,566 | tokens=5.70B
step=173850 | loss=4.3794 | lr=2.09e-04 | wd=0.0000 | mom=0.9500 | T=8.5 k=3.5 (mu_rec=8 mu_bwd=4) | grad=6.562 | tok/s=21,845 | tokens=5.70B
step=173860 | loss=4.2039 | lr=2.09e-04 | wd=0.0000 | mom=0.9500 | T=11.2 k=4.0 (mu_rec=8 mu_bwd=4) | grad=5.750 | tok/s=24,418 | tokens=5.70B
step=173870 | loss=3.9691 | lr=2.09e-04 | wd=0.0000 | mom=0.9500 | T=5.5 k=3.8 (mu_rec=8 mu_bwd=4) | grad=4.625 | tok/s=25,239 | tokens=5.70B
step=173880 | loss=3.6882 | lr=2.09e-04 | wd=0.0000 | mom=0.9500 | T=5.5 k=3.5 (mu_rec=8 mu_bwd=4) | grad=7.094 | tok/s=24,004 | tokens=5.70B
step=173890 | loss=3.9224 | lr=2.08e-04 | wd=0.0000 | mom=0.9500 | T=11.5 k=3.8 (mu_rec=8 mu_bwd=4) | grad=4.969 | tok/s=21,704 | tokens=5.70B
step=173900 | loss=4.2902 | lr=2.08e-04 | wd=0.0000 | mom=0.9500 | T=9.2 k=3.8 (mu_rec=8 mu_bwd=4) | grad=3.766 | tok/s=23,206 | tokens=5.70B
step=173910 | loss=4.1714 | lr=2.08e-04 | wd=0.0000 | mom=0.9500 | T=7.5 k=3.5 (mu_rec=8 mu_bwd=4) | grad=5.094 | tok/s=25,554 | tokens=5.70B
step=173920 | loss=3.9361 | lr=2.07e-04 | wd=0.0000 | mom=0.9500 | T=11.8 k=4.0 (mu_rec=8 mu_bwd=4) | grad=6.500 | tok/s=21,478 | tokens=5.70B
step=173930 | loss=4.3356 | lr=2.07e-04 | wd=0.0000 | mom=0.9500 | T=5.0 k=3.2 (mu_rec=8 mu_bwd=4) | grad=5.250 | tok/s=23,768 | tokens=5.70B
step=173940 | loss=4.3599 | lr=2.07e-04 | wd=0.0000 | mom=0.9500 | T=7.8 k=3.5 (mu_rec=8 mu_bwd=4) | grad=5.031 | tok/s=23,516 | tokens=5.70B
step=173950 | loss=4.0442 | lr=2.07e-04 | wd=0.0000 | mom=0.9500 | T=6.5 k=3.5 (mu_rec=8 mu_bwd=4) | grad=4.500 | tok/s=22,961 | tokens=5.70B
step=173960 | loss=4.2232 | lr=2.06e-04 | wd=0.0000 | mom=0.9500 | T=5.0 k=4.0 (mu_rec=8 mu_bwd=4) | grad=4.156 | tok/s=24,495 | tokens=5.70B
step=173970 | loss=4.2427 | lr=2.06e-04 | wd=0.0000 | mom=0.9500 | T=8.0 k=3.8 (mu_rec=8 mu_bwd=4) | grad=4.469 | tok/s=24,587 | tokens=5.70B
step=173980 | loss=3.8437 | lr=2.06e-04 | wd=0.0000 | mom=0.9500 | T=6.8 k=4.0 (mu_rec=8 mu_bwd=4) | grad=3.859 | tok/s=24,461 | tokens=5.70B
step=173990 | loss=4.4761 | lr=2.06e-04 | wd=0.0000 | mom=0.9500 | T=9.2 k=3.5 (mu_rec=8 mu_bwd=4) | grad=5.125 | tok/s=23,761 | tokens=5.70B
step=174000 | loss=4.1647 | lr=2.05e-04 | wd=0.0000 | mom=0.9500 | T=9.0 k=3.5 (mu_rec=8 mu_bwd=4) | grad=5.781 | tok/s=25,316 | tokens=5.70B
[step 174000] Saved -> runs/cortex-5b-k4/checkpoint_0174000
[step 174000] Pruned -> runs/cortex-5b-k4/checkpoint_0168000
step=174010 | loss=4.5707 | lr=2.05e-04 | wd=0.0000 | mom=0.9500 | T=5.2 k=3.0 (mu_rec=8 mu_bwd=4) | grad=8.188 | tok/s=22,554 | tokens=5.70B
step=174020 | loss=5.0149 | lr=2.05e-04 | wd=0.0000 | mom=0.9500 | T=7.2 k=4.0 (mu_rec=8 mu_bwd=4) | grad=5.875 | tok/s=22,628 | tokens=5.70B
step=174030 | loss=4.2140 | lr=2.05e-04 | wd=0.0000 | mom=0.9500 | T=7.2 k=3.2 (mu_rec=8 mu_bwd=4) | grad=19.500 | tok/s=23,668 | tokens=5.70B
step=174040 | loss=3.4824 | lr=2.04e-04 | wd=0.0000 | mom=0.9500 | T=4.5 k=3.5 (mu_rec=8 mu_bwd=4) | grad=5.125 | tok/s=24,330 | tokens=5.70B
step=174050 | loss=3.9999 | lr=2.04e-04 | wd=0.0000 | mom=0.9500 | T=4.8 k=3.8 (mu_rec=8 mu_bwd=4) | grad=8.188 | tok/s=22,929 | tokens=5.70B
step=174060 | loss=4.1528 | lr=2.04e-04 | wd=0.0000 | mom=0.9500 | T=9.2 k=3.5 (mu_rec=8 mu_bwd=4) | grad=4.375 | tok/s=23,203 | tokens=5.70B
step=174070 | loss=3.9384 | lr=2.04e-04 | wd=0.0000 | mom=0.9500 | T=11.8 k=4.0 (mu_rec=8 mu_bwd=4) | grad=4.781 | tok/s=24,623 | tokens=5.70B
step=174080 | loss=4.4129 | lr=2.03e-04 | wd=0.0000 | mom=0.9500 | T=5.2 k=3.2 (mu_rec=8 mu_bwd=4) | grad=15.938 | tok/s=24,387 | tokens=5.70B
step=174090 | loss=4.9937 | lr=2.03e-04 | wd=0.0000 | mom=0.9500 | T=7.5 k=3.0 (mu_rec=8 mu_bwd=4) | grad=9.562 | tok/s=23,627 | tokens=5.70B
step=174100 | loss=4.1822 | lr=2.03e-04 | wd=0.0000 | mom=0.9500 | T=9.5 k=4.0 (mu_rec=8 mu_bwd=4) | grad=4.812 | tok/s=22,716 | tokens=5.70B
step=174110 | loss=4.0775 | lr=2.02e-04 | wd=0.0000 | mom=0.9500 | T=9.0 k=4.0 (mu_rec=8 mu_bwd=4) | grad=16.125 | tok/s=24,954 | tokens=5.71B
step=174120 | loss=3.8984 | lr=2.02e-04 | wd=0.0000 | mom=0.9500 | T=7.5 k=3.2 (mu_rec=8 mu_bwd=4) | grad=4.312 | tok/s=25,581 | tokens=5.71B
step=174130 | loss=4.4841 | lr=2.02e-04 | wd=0.0000 | mom=0.9500 | T=10.2 k=4.0 (mu_rec=8 mu_bwd=4) | grad=4.062 | tok/s=25,385 | tokens=5.71B
step=174140 | loss=4.0940 | lr=2.02e-04 | wd=0.0000 | mom=0.9500 | T=12.0 k=4.0 (mu_rec=8 mu_bwd=4) | grad=5.469 | tok/s=22,171 | tokens=5.71B
step=174150 | loss=3.7369 | lr=2.01e-04 | wd=0.0000 | mom=0.9500 | T=6.0 k=3.8 (mu_rec=8 mu_bwd=4) | grad=5.250 | tok/s=23,769 | tokens=5.71B
step=174160 | loss=3.9054 | lr=2.01e-04 | wd=0.0000 | mom=0.9500 | T=8.5 k=3.2 (mu_rec=8 mu_bwd=4) | grad=6.938 | tok/s=22,425 | tokens=5.71B
step=174170 | loss=3.9012 | lr=2.01e-04 | wd=0.0000 | mom=0.9500 | T=7.2 k=3.5 (mu_rec=8 mu_bwd=4) | grad=3.734 | tok/s=23,163 | tokens=5.71B
step=174180 | loss=4.0834 | lr=2.01e-04 | wd=0.0000 | mom=0.9500 | T=5.2 k=4.0 (mu_rec=8 mu_bwd=4) | grad=4.000 | tok/s=24,288 | tokens=5.71B
step=174190 | loss=4.0995 | lr=2.00e-04 | wd=0.0000 | mom=0.9500 | T=12.5 k=3.5 (mu_rec=8 mu_bwd=4) | grad=6.469 | tok/s=22,738 | tokens=5.71B
step=174200 | loss=4.0821 | lr=2.00e-04 | wd=0.0000 | mom=0.9500 | T=6.2 k=3.8 (mu_rec=8 mu_bwd=4) | grad=6.094 | tok/s=23,557 | tokens=5.71B
step=174210 | loss=4.2115 | lr=2.00e-04 | wd=0.0000 | mom=0.9500 | T=8.5 k=4.0 (mu_rec=8 mu_bwd=4) | grad=4.656 | tok/s=22,484 | tokens=5.71B
step=174220 | loss=3.9930 | lr=1.99e-04 | wd=0.0000 | mom=0.9500 | T=7.8 k=4.0 (mu_rec=8 mu_bwd=4) | grad=4.406 | tok/s=22,436 | tokens=5.71B
step=174230 | loss=4.0534 | lr=1.99e-04 | wd=0.0000 | mom=0.9500 | T=11.0 k=4.0 (mu_rec=8 mu_bwd=4) | grad=7.438 | tok/s=23,862 | tokens=5.71B
step=174240 | loss=4.0419 | lr=1.99e-04 | wd=0.0000 | mom=0.9500 | T=6.0 k=3.2 (mu_rec=8 mu_bwd=4) | grad=5.500 | tok/s=10,398 | tokens=5.71B
step=174250 | loss=3.9192 | lr=1.99e-04 | wd=0.0000 | mom=0.9500 | T=4.2 k=3.5 (mu_rec=8 mu_bwd=4) | grad=4.344 | tok/s=24,452 | tokens=5.71B
step=174260 | loss=3.9285 | lr=1.98e-04 | wd=0.0000 | mom=0.9500 | T=8.5 k=4.0 (mu_rec=8 mu_bwd=4) | grad=4.250 | tok/s=25,582 | tokens=5.71B
step=174270 | loss=4.0554 | lr=1.98e-04 | wd=0.0000 | mom=0.9500 | T=11.5 k=4.0 (mu_rec=8 mu_bwd=4) | grad=3.672 | tok/s=22,819 | tokens=5.71B
step=174280 | loss=3.8662 | lr=1.98e-04 | wd=0.0000 | mom=0.9500 | T=6.5 k=4.0 (mu_rec=8 mu_bwd=4) | grad=3.453 | tok/s=25,242 | tokens=5.71B
step=174290 | loss=4.2303 | lr=1.98e-04 | wd=0.0000 | mom=0.9500 | T=7.8 k=3.8 (mu_rec=8 mu_bwd=4) | grad=3.922 | tok/s=22,819 | tokens=5.71B
step=174300 | loss=4.1361 | lr=1.97e-04 | wd=0.0000 | mom=0.9500 | T=7.8 k=4.0 (mu_rec=8 mu_bwd=4) | grad=5.688 | tok/s=23,120 | tokens=5.71B
step=174310 | loss=3.8551 | lr=1.97e-04 | wd=0.0000 | mom=0.9500 | T=9.5 k=3.8 (mu_rec=8 mu_bwd=4) | grad=4.312 | tok/s=24,472 | tokens=5.71B
step=174320 | loss=4.4752 | lr=1.97e-04 | wd=0.0000 | mom=0.9500 | T=6.5 k=3.5 (mu_rec=8 mu_bwd=4) | grad=6.000 | tok/s=23,858 | tokens=5.71B
step=174330 | loss=4.3319 | lr=1.97e-04 | wd=0.0000 | mom=0.9500 | T=2.8 k=2.8 (mu_rec=8 mu_bwd=4) | grad=4.938 | tok/s=24,593 | tokens=5.71B
step=174340 | loss=4.1361 | lr=1.96e-04 | wd=0.0000 | mom=0.9500 | T=15.2 k=4.0 (mu_rec=8 mu_bwd=4) | grad=5.125 | tok/s=23,164 | tokens=5.71B
step=174350 | loss=3.9821 | lr=1.96e-04 | wd=0.0000 | mom=0.9500 | T=8.0 k=3.8 (mu_rec=8 mu_bwd=4) | grad=4.438 | tok/s=22,408 | tokens=5.71B
step=174360 | loss=4.1851 | lr=1.96e-04 | wd=0.0000 | mom=0.9500 | T=8.2 k=4.0 (mu_rec=8 mu_bwd=4) | grad=4.531 | tok/s=24,850 | tokens=5.71B
step=174370 | loss=4.2425 | lr=1.95e-04 | wd=0.0000 | mom=0.9500 | T=9.8 k=3.5 (mu_rec=8 mu_bwd=4) | grad=4.875 | tok/s=23,788 | tokens=5.71B
step=174380 | loss=3.9017 | lr=1.95e-04 | wd=0.0000 | mom=0.9500 | T=8.5 k=4.0 (mu_rec=8 mu_bwd=4) | grad=8.625 | tok/s=22,139 | tokens=5.71B
step=174390 | loss=3.9369 | lr=1.95e-04 | wd=0.0000 | mom=0.9500 | T=4.2 k=3.5 (mu_rec=8 mu_bwd=4) | grad=4.500 | tok/s=23,174 | tokens=5.71B
step=174400 | loss=3.9457 | lr=1.95e-04 | wd=0.0000 | mom=0.9500 | T=10.0 k=3.2 (mu_rec=8 mu_bwd=4) | grad=4.125 | tok/s=24,931 | tokens=5.71B
step=174410 | loss=3.9881 | lr=1.94e-04 | wd=0.0000 | mom=0.9500 | T=14.2 k=4.0 (mu_rec=8 mu_bwd=4) | grad=7.469 | tok/s=25,048 | tokens=5.72B
step=174420 | loss=4.2090 | lr=1.94e-04 | wd=0.0000 | mom=0.9500 | T=11.5 k=4.0 (mu_rec=8 mu_bwd=4) | grad=3.984 | tok/s=22,298 | tokens=5.72B
step=174430 | loss=4.7801 | lr=1.94e-04 | wd=0.0000 | mom=0.9500 | T=13.2 k=4.0 (mu_rec=8 mu_bwd=4) | grad=12.938 | tok/s=24,234 | tokens=5.72B
step=174440 | loss=4.0195 | lr=1.94e-04 | wd=0.0000 | mom=0.9500 | T=10.8 k=4.0 (mu_rec=8 mu_bwd=4) | grad=7.656 | tok/s=25,013 | tokens=5.72B
step=174450 | loss=4.8778 | lr=1.93e-04 | wd=0.0000 | mom=0.9500 | T=7.0 k=3.5 (mu_rec=8 mu_bwd=4) | grad=6.062 | tok/s=22,278 | tokens=5.72B
step=174460 | loss=4.2463 | lr=1.93e-04 | wd=0.0000 | mom=0.9500 | T=6.8 k=4.0 (mu_rec=8 mu_bwd=4) | grad=27.750 | tok/s=23,609 | tokens=5.72B
step=174470 | loss=3.9767 | lr=1.93e-04 | wd=0.0000 | mom=0.9500 | T=7.8 k=4.0 (mu_rec=8 mu_bwd=4) | grad=5.219 | tok/s=9,890 | tokens=5.72B
step=174480 | loss=4.0287 | lr=1.92e-04 | wd=0.0000 | mom=0.9500 | T=7.2 k=3.5 (mu_rec=8 mu_bwd=4) | grad=3.953 | tok/s=24,096 | tokens=5.72B
step=174490 | loss=3.9906 | lr=1.92e-04 | wd=0.0000 | mom=0.9500 | T=10.8 k=4.0 (mu_rec=8 mu_bwd=4) | grad=4.594 | tok/s=23,993 | tokens=5.72B
step=174500 | loss=4.0134 | lr=1.92e-04 | wd=0.0000 | mom=0.9500 | T=5.5 k=3.2 (mu_rec=8 mu_bwd=4) | grad=3.859 | tok/s=24,218 | tokens=5.72B
step=174510 | loss=4.2048 | lr=1.92e-04 | wd=0.0000 | mom=0.9500 | T=4.8 k=3.2 (mu_rec=8 mu_bwd=4) | grad=4.031 | tok/s=25,737 | tokens=5.72B
step=174520 | loss=3.8237 | lr=1.91e-04 | wd=0.0000 | mom=0.9500 | T=7.2 k=4.0 (mu_rec=8 mu_bwd=4) | grad=4.781 | tok/s=24,800 | tokens=5.72B
step=174530 | loss=4.0557 | lr=1.91e-04 | wd=0.0000 | mom=0.9500 | T=7.2 k=4.0 (mu_rec=8 mu_bwd=4) | grad=5.406 | tok/s=25,748 | tokens=5.72B
step=174540 | loss=3.9856 | lr=1.91e-04 | wd=0.0000 | mom=0.9500 | T=15.5 k=4.0 (mu_rec=8 mu_bwd=4) | grad=4.750 | tok/s=23,662 | tokens=5.72B
step=174550 | loss=3.8621 | lr=1.91e-04 | wd=0.0000 | mom=0.9500 | T=9.8 k=3.8 (mu_rec=8 mu_bwd=4) | grad=6.094 | tok/s=22,688 | tokens=5.72B
step=174560 | loss=3.9629 | lr=1.90e-04 | wd=0.0000 | mom=0.9500 | T=10.0 k=3.0 (mu_rec=8 mu_bwd=4) | grad=4.125 | tok/s=22,930 | tokens=5.72B
step=174570 | loss=3.7879 | lr=1.90e-04 | wd=0.0000 | mom=0.9500 | T=8.2 k=4.0 (mu_rec=8 mu_bwd=4) | grad=3.750 | tok/s=22,896 | tokens=5.72B
step=174580 | loss=4.1325 | lr=1.90e-04 | wd=0.0000 | mom=0.9500 | T=8.8 k=3.5 (mu_rec=8 mu_bwd=4) | grad=8.000 | tok/s=22,411 | tokens=5.72B
step=174590 | loss=3.9999 | lr=1.89e-04 | wd=0.0000 | mom=0.9500 | T=4.8 k=3.5 (mu_rec=8 mu_bwd=4) | grad=7.250 | tok/s=26,228 | tokens=5.72B
step=174600 | loss=4.0001 | lr=1.89e-04 | wd=0.0000 | mom=0.9500 | T=8.8 k=3.8 (mu_rec=8 mu_bwd=4) | grad=6.688 | tok/s=21,891 | tokens=5.72B
step=174610 | loss=3.7869 | lr=1.89e-04 | wd=0.0000 | mom=0.9500 | T=10.2 k=4.0 (mu_rec=8 mu_bwd=4) | grad=4.594 | tok/s=22,222 | tokens=5.72B
step=174620 | loss=3.8983 | lr=1.89e-04 | wd=0.0000 | mom=0.9500 | T=11.2 k=4.0 (mu_rec=8 mu_bwd=4) | grad=7.375 | tok/s=24,146 | tokens=5.72B
step=174630 | loss=3.9109 | lr=1.88e-04 | wd=0.0000 | mom=0.9500 | T=9.8 k=4.0 (mu_rec=8 mu_bwd=4) | grad=5.812 | tok/s=22,590 | tokens=5.72B
step=174640 | loss=3.9564 | lr=1.88e-04 | wd=0.0000 | mom=0.9500 | T=6.5 k=4.0 (mu_rec=8 mu_bwd=4) | grad=4.688 | tok/s=23,147 | tokens=5.72B
step=174650 | loss=4.0973 | lr=1.88e-04 | wd=0.0000 | mom=0.9500 | T=14.2 k=4.0 (mu_rec=8 mu_bwd=4) | grad=8.375 | tok/s=23,021 | tokens=5.72B
step=174660 | loss=4.0605 | lr=1.88e-04 | wd=0.0000 | mom=0.9500 | T=8.2 k=4.0 (mu_rec=8 mu_bwd=4) | grad=4.781 | tok/s=21,689 | tokens=5.72B
step=174670 | loss=4.3710 | lr=1.87e-04 | wd=0.0000 | mom=0.9500 | T=8.0 k=3.2 (mu_rec=8 mu_bwd=4) | grad=7.281 | tok/s=25,201 | tokens=5.72B
step=174680 | loss=4.5631 | lr=1.87e-04 | wd=0.0000 | mom=0.9500 | T=6.0 k=3.5 (mu_rec=8 mu_bwd=4) | grad=5.156 | tok/s=23,328 | tokens=5.72B
step=174690 | loss=3.9832 | lr=1.87e-04 | wd=0.0000 | mom=0.9500 | T=6.0 k=2.8 (mu_rec=8 mu_bwd=4) | grad=4.688 | tok/s=24,198 | tokens=5.72B
step=174700 | loss=3.9877 | lr=1.86e-04 | wd=0.0000 | mom=0.9500 | T=7.2 k=3.8 (mu_rec=8 mu_bwd=4) | grad=5.219 | tok/s=23,804 | tokens=5.72B
step=174710 | loss=3.7918 | lr=1.86e-04 | wd=0.0000 | mom=0.9500 | T=3.8 k=3.2 (mu_rec=8 mu_bwd=4) | grad=5.594 | tok/s=24,534 | tokens=5.72B
step=174720 | loss=4.0793 | lr=1.86e-04 | wd=0.0000 | mom=0.9500 | T=5.8 k=4.0 (mu_rec=8 mu_bwd=4) | grad=4.812 | tok/s=23,552 | tokens=5.73B
step=174730 | loss=3.8035 | lr=1.86e-04 | wd=0.0000 | mom=0.9500 | T=15.8 k=4.0 (mu_rec=8 mu_bwd=4) | grad=4.594 | tok/s=22,838 | tokens=5.73B
step=174740 | loss=3.9710 | lr=1.85e-04 | wd=0.0000 | mom=0.9500 | T=9.0 k=4.0 (mu_rec=8 mu_bwd=4) | grad=7.250 | tok/s=23,598 | tokens=5.73B
step=174750 | loss=3.9289 | lr=1.85e-04 | wd=0.0000 | mom=0.9500 | T=10.2 k=4.0 (mu_rec=8 mu_bwd=4) | grad=4.656 | tok/s=24,357 | tokens=5.73B
step=174760 | loss=4.8133 | lr=1.85e-04 | wd=0.0000 | mom=0.9500 | T=7.2 k=4.0 (mu_rec=8 mu_bwd=4) | grad=5.312 | tok/s=23,356 | tokens=5.73B
step=174770 | loss=5.0400 | lr=1.85e-04 | wd=0.0000 | mom=0.9500 | T=7.2 k=3.5 (mu_rec=8 mu_bwd=4) | grad=5.156 | tok/s=24,676 | tokens=5.73B
step=174780 | loss=4.8394 | lr=1.84e-04 | wd=0.0000 | mom=0.9500 | T=6.8 k=3.5 (mu_rec=8 mu_bwd=4) | grad=5.844 | tok/s=24,601 | tokens=5.73B
step=174790 | loss=4.6047 | lr=1.84e-04 | wd=0.0000 | mom=0.9500 | T=7.2 k=3.2 (mu_rec=8 mu_bwd=4) | grad=5.250 | tok/s=23,368 | tokens=5.73B
step=174800 | loss=4.4817 | lr=1.84e-04 | wd=0.0000 | mom=0.9500 | T=15.5 k=4.0 (mu_rec=8 mu_bwd=4) | grad=6.625 | tok/s=22,284 | tokens=5.73B
step=174810 | loss=3.9490 | lr=1.83e-04 | wd=0.0000 | mom=0.9500 | T=8.5 k=4.0 (mu_rec=8 mu_bwd=4) | grad=6.500 | tok/s=23,797 | tokens=5.73B
step=174820 | loss=4.1386 | lr=1.83e-04 | wd=0.0000 | mom=0.9500 | T=4.2 k=3.2 (mu_rec=8 mu_bwd=4) | grad=7.844 | tok/s=24,062 | tokens=5.73B
step=174830 | loss=4.2482 | lr=1.83e-04 | wd=0.0000 | mom=0.9500 | T=4.5 k=2.8 (mu_rec=8 mu_bwd=4) | grad=4.375 | tok/s=24,798 | tokens=5.73B
step=174840 | loss=4.4154 | lr=1.83e-04 | wd=0.0000 | mom=0.9500 | T=6.8 k=3.2 (mu_rec=8 mu_bwd=4) | grad=7.312 | tok/s=24,467 | tokens=5.73B
step=174850 | loss=3.9201 | lr=1.82e-04 | wd=0.0000 | mom=0.9500 | T=4.0 k=3.2 (mu_rec=8 mu_bwd=4) | grad=16.250 | tok/s=23,151 | tokens=5.73B
step=174860 | loss=4.3406 | lr=1.82e-04 | wd=0.0000 | mom=0.9500 | T=11.0 k=4.0 (mu_rec=8 mu_bwd=4) | grad=5.125 | tok/s=24,327 | tokens=5.73B
step=174870 | loss=4.0809 | lr=1.82e-04 | wd=0.0000 | mom=0.9500 | T=11.2 k=4.0 (mu_rec=8 mu_bwd=4) | grad=4.219 | tok/s=23,264 | tokens=5.73B
step=174880 | loss=4.0281 | lr=1.81e-04 | wd=0.0000 | mom=0.9500 | T=7.0 k=3.8 (mu_rec=8 mu_bwd=4) | grad=4.031 | tok/s=23,296 | tokens=5.73B
step=174890 | loss=3.4586 | lr=1.81e-04 | wd=0.0000 | mom=0.9500 | T=5.8 k=3.8 (mu_rec=8 mu_bwd=4) | grad=3.828 | tok/s=24,199 | tokens=5.73B
step=174900 | loss=3.9568 | lr=1.81e-04 | wd=0.0000 | mom=0.9500 | T=11.2 k=4.0 (mu_rec=8 mu_bwd=4) | grad=5.031 | tok/s=23,728 | tokens=5.73B
step=174910 | loss=4.0785 | lr=1.81e-04 | wd=0.0000 | mom=0.9500 | T=3.2 k=3.0 (mu_rec=8 mu_bwd=4) | grad=5.062 | tok/s=24,474 | tokens=5.73B
step=174920 | loss=3.7296 | lr=1.80e-04 | wd=0.0000 | mom=0.9500 | T=7.0 k=3.8 (mu_rec=8 mu_bwd=4) | grad=4.219 | tok/s=22,316 | tokens=5.73B
step=174930 | loss=4.0886 | lr=1.80e-04 | wd=0.0000 | mom=0.9500 | T=6.8 k=3.5 (mu_rec=8 mu_bwd=4) | grad=4.156 | tok/s=24,568 | tokens=5.73B
step=174940 | loss=4.1495 | lr=1.80e-04 | wd=0.0000 | mom=0.9500 | T=8.0 k=4.0 (mu_rec=8 mu_bwd=4) | grad=11.625 | tok/s=24,772 | tokens=5.73B
step=174950 | loss=3.9737 | lr=1.80e-04 | wd=0.0000 | mom=0.9500 | T=7.0 k=3.2 (mu_rec=8 mu_bwd=4) | grad=4.406 | tok/s=23,049 | tokens=5.73B
step=174960 | loss=3.9136 | lr=1.79e-04 | wd=0.0000 | mom=0.9500 | T=3.2 k=2.8 (mu_rec=8 mu_bwd=4) | grad=5.375 | tok/s=24,079 | tokens=5.73B
step=174970 | loss=4.1899 | lr=1.79e-04 | wd=0.0000 | mom=0.9500 | T=9.0 k=4.0 (mu_rec=8 mu_bwd=4) | grad=4.438 | tok/s=23,987 | tokens=5.73B
step=174980 | loss=4.0881 | lr=1.79e-04 | wd=0.0000 | mom=0.9500 | T=9.8 k=4.0 (mu_rec=8 mu_bwd=4) | grad=6.125 | tok/s=22,273 | tokens=5.73B
step=174990 | loss=3.8891 | lr=1.78e-04 | wd=0.0000 | mom=0.9500 | T=7.0 k=3.2 (mu_rec=8 mu_bwd=4) | grad=5.531 | tok/s=22,917 | tokens=5.73B
step=175000 | loss=4.3924 | lr=1.78e-04 | wd=0.0000 | mom=0.9500 | T=6.0 k=3.5 (mu_rec=8 mu_bwd=4) | grad=4.125 | tok/s=24,482 | tokens=5.73B
step=175010 | loss=4.0671 | lr=1.78e-04 | wd=0.0000 | mom=0.9500 | T=5.0 k=3.5 (mu_rec=8 mu_bwd=4) | grad=4.344 | tok/s=23,827 | tokens=5.73B
step=175020 | loss=3.9321 | lr=1.78e-04 | wd=0.0000 | mom=0.9500 | T=7.8 k=4.0 (mu_rec=8 mu_bwd=4) | grad=4.625 | tok/s=23,404 | tokens=5.74B
step=175030 | loss=4.1515 | lr=1.77e-04 | wd=0.0000 | mom=0.9500 | T=4.0 k=2.5 (mu_rec=8 mu_bwd=4) | grad=4.219 | tok/s=23,882 | tokens=5.74B
step=175040 | loss=4.5955 | lr=1.77e-04 | wd=0.0000 | mom=0.9500 | T=6.8 k=4.0 (mu_rec=8 mu_bwd=4) | grad=16.500 | tok/s=23,086 | tokens=5.74B
step=175050 | loss=3.9167 | lr=1.77e-04 | wd=0.0000 | mom=0.9500 | T=4.5 k=2.2 (mu_rec=8 mu_bwd=4) | grad=7.781 | tok/s=25,145 | tokens=5.74B
step=175060 | loss=4.0133 | lr=1.77e-04 | wd=0.0000 | mom=0.9500 | T=8.0 k=4.0 (mu_rec=8 mu_bwd=4) | grad=9.062 | tok/s=25,659 | tokens=5.74B
step=175070 | loss=4.1784 | lr=1.76e-04 | wd=0.0000 | mom=0.9500 | T=6.2 k=3.5 (mu_rec=8 mu_bwd=4) | grad=7.469 | tok/s=22,815 | tokens=5.74B
step=175080 | loss=4.0860 | lr=1.76e-04 | wd=0.0000 | mom=0.9500 | T=9.5 k=4.0 (mu_rec=8 mu_bwd=4) | grad=4.781 | tok/s=24,266 | tokens=5.74B
step=175090 | loss=4.0618 | lr=1.76e-04 | wd=0.0000 | mom=0.9500 | T=7.0 k=3.8 (mu_rec=8 mu_bwd=4) | grad=5.094 | tok/s=10,933 | tokens=5.74B
step=175100 | loss=4.0289 | lr=1.75e-04 | wd=0.0000 | mom=0.9500 | T=7.0 k=4.0 (mu_rec=8 mu_bwd=4) | grad=4.406 | tok/s=24,165 | tokens=5.74B
step=175110 | loss=3.9468 | lr=1.75e-04 | wd=0.0000 | mom=0.9500 | T=9.8 k=3.8 (mu_rec=8 mu_bwd=4) | grad=4.375 | tok/s=23,046 | tokens=5.74B
step=175120 | loss=4.0779 | lr=1.75e-04 | wd=0.0000 | mom=0.9500 | T=9.2 k=4.0 (mu_rec=8 mu_bwd=4) | grad=7.625 | tok/s=23,298 | tokens=5.74B
step=175130 | loss=4.1431 | lr=1.75e-04 | wd=0.0000 | mom=0.9500 | T=7.5 k=4.0 (mu_rec=8 mu_bwd=4) | grad=6.062 | tok/s=23,643 | tokens=5.74B
step=175140 | loss=4.2782 | lr=1.74e-04 | wd=0.0000 | mom=0.9500 | T=11.8 k=4.0 (mu_rec=8 mu_bwd=4) | grad=5.000 | tok/s=25,224 | tokens=5.74B
step=175150 | loss=4.2425 | lr=1.74e-04 | wd=0.0000 | mom=0.9500 | T=9.2 k=4.0 (mu_rec=8 mu_bwd=4) | grad=4.750 | tok/s=24,030 | tokens=5.74B
step=175160 | loss=4.0968 | lr=1.74e-04 | wd=0.0000 | mom=0.9500 | T=8.2 k=4.0 (mu_rec=8 mu_bwd=4) | grad=4.000 | tok/s=24,443 | tokens=5.74B
step=175170 | loss=4.0125 | lr=1.73e-04 | wd=0.0000 | mom=0.9500 | T=5.8 k=3.8 (mu_rec=8 mu_bwd=4) | grad=3.547 | tok/s=25,814 | tokens=5.74B
step=175180 | loss=4.1755 | lr=1.73e-04 | wd=0.0000 | mom=0.9500 | T=5.0 k=3.8 (mu_rec=8 mu_bwd=4) | grad=3.688 | tok/s=22,662 | tokens=5.74B
step=175190 | loss=4.0266 | lr=1.73e-04 | wd=0.0000 | mom=0.9500 | T=7.2 k=4.0 (mu_rec=8 mu_bwd=4) | grad=4.031 | tok/s=24,082 | tokens=5.74B
step=175200 | loss=3.9506 | lr=1.73e-04 | wd=0.0000 | mom=0.9500 | T=7.5 k=4.0 (mu_rec=8 mu_bwd=4) | grad=5.562 | tok/s=24,428 | tokens=5.74B
step=175210 | loss=3.9640 | lr=1.72e-04 | wd=0.0000 | mom=0.9500 | T=10.2 k=3.8 (mu_rec=8 mu_bwd=4) | grad=4.281 | tok/s=23,853 | tokens=5.74B
step=175220 | loss=3.9902 | lr=1.72e-04 | wd=0.0000 | mom=0.9500 | T=9.5 k=3.5 (mu_rec=8 mu_bwd=4) | grad=11.875 | tok/s=24,514 | tokens=5.74B
step=175230 | loss=4.0455 | lr=1.72e-04 | wd=0.0000 | mom=0.9500 | T=9.0 k=4.0 (mu_rec=8 mu_bwd=4) | grad=7.656 | tok/s=23,706 | tokens=5.74B
step=175240 | loss=4.0303 | lr=1.72e-04 | wd=0.0000 | mom=0.9500 | T=14.0 k=4.0 (mu_rec=8 mu_bwd=4) | grad=4.031 | tok/s=22,527 | tokens=5.74B
step=175250 | loss=4.1029 | lr=1.71e-04 | wd=0.0000 | mom=0.9500 | T=6.8 k=3.8 (mu_rec=8 mu_bwd=4) | grad=5.312 | tok/s=24,159 | tokens=5.74B
step=175260 | loss=4.0993 | lr=1.71e-04 | wd=0.0000 | mom=0.9500 | T=5.0 k=3.2 (mu_rec=8 mu_bwd=4) | grad=4.031 | tok/s=23,844 | tokens=5.74B
step=175270 | loss=4.0598 | lr=1.71e-04 | wd=0.0000 | mom=0.9500 | T=7.8 k=3.8 (mu_rec=8 mu_bwd=4) | grad=3.766 | tok/s=24,934 | tokens=5.74B
step=175280 | loss=3.9708 | lr=1.70e-04 | wd=0.0000 | mom=0.9500 | T=11.2 k=4.0 (mu_rec=8 mu_bwd=4) | grad=4.156 | tok/s=24,414 | tokens=5.74B
step=175290 | loss=4.1304 | lr=1.70e-04 | wd=0.0000 | mom=0.9500 | T=9.5 k=3.5 (mu_rec=8 mu_bwd=4) | grad=4.812 | tok/s=22,063 | tokens=5.74B
step=175300 | loss=4.1986 | lr=1.70e-04 | wd=0.0000 | mom=0.9500 | T=4.5 k=3.2 (mu_rec=8 mu_bwd=4) | grad=4.438 | tok/s=24,147 | tokens=5.74B
step=175310 | loss=4.0079 | lr=1.70e-04 | wd=0.0000 | mom=0.9500 | T=6.8 k=3.2 (mu_rec=8 mu_bwd=4) | grad=4.188 | tok/s=25,935 | tokens=5.74B
step=175320 | loss=4.0769 | lr=1.69e-04 | wd=0.0000 | mom=0.9500 | T=7.8 k=4.0 (mu_rec=8 mu_bwd=4) | grad=3.734 | tok/s=23,177 | tokens=5.74B
step=175330 | loss=4.1228 | lr=1.69e-04 | wd=0.0000 | mom=0.9500 | T=4.8 k=3.5 (mu_rec=8 mu_bwd=4) | grad=3.609 | tok/s=23,714 | tokens=5.75B
step=175340 | loss=4.1599 | lr=1.69e-04 | wd=0.0000 | mom=0.9500 | T=5.0 k=4.0 (mu_rec=8 mu_bwd=4) | grad=8.438 | tok/s=23,509 | tokens=5.75B
step=175350 | loss=3.6874 | lr=1.68e-04 | wd=0.0000 | mom=0.9500 | T=9.2 k=4.0 (mu_rec=8 mu_bwd=4) | grad=4.375 | tok/s=23,453 | tokens=5.75B
step=175360 | loss=4.1423 | lr=1.68e-04 | wd=0.0000 | mom=0.9500 | T=11.0 k=3.5 (mu_rec=8 mu_bwd=4) | grad=3.734 | tok/s=23,975 | tokens=5.75B
step=175370 | loss=3.9819 | lr=1.68e-04 | wd=0.0000 | mom=0.9500 | T=9.2 k=3.8 (mu_rec=8 mu_bwd=4) | grad=5.531 | tok/s=23,006 | tokens=5.75B
step=175380 | loss=3.8520 | lr=1.68e-04 | wd=0.0000 | mom=0.9500 | T=6.5 k=3.5 (mu_rec=8 mu_bwd=4) | grad=3.891 | tok/s=22,151 | tokens=5.75B
step=175390 | loss=4.0099 | lr=1.67e-04 | wd=0.0000 | mom=0.9500 | T=9.0 k=3.5 (mu_rec=8 mu_bwd=4) | grad=7.375 | tok/s=20,756 | tokens=5.75B
step=175400 | loss=3.7186 | lr=1.67e-04 | wd=0.0000 | mom=0.9500 | T=8.0 k=4.0 (mu_rec=8 mu_bwd=4) | grad=3.938 | tok/s=24,014 | tokens=5.75B
step=175410 | loss=4.1712 | lr=1.67e-04 | wd=0.0000 | mom=0.9500 | T=4.5 k=3.2 (mu_rec=8 mu_bwd=4) | grad=6.062 | tok/s=11,088 | tokens=5.75B
step=175420 | loss=4.0499 | lr=1.67e-04 | wd=0.0000 | mom=0.9500 | T=9.5 k=4.0 (mu_rec=8 mu_bwd=4) | grad=3.672 | tok/s=23,454 | tokens=5.75B
step=175430 | loss=4.1916 | lr=1.66e-04 | wd=0.0000 | mom=0.9500 | T=5.0 k=4.0 (mu_rec=8 mu_bwd=4) | grad=5.156 | tok/s=28,598 | tokens=5.75B
step=175440 | loss=4.1043 | lr=1.66e-04 | wd=0.0000 | mom=0.9500 | T=10.5 k=4.0 (mu_rec=8 mu_bwd=4) | grad=6.469 | tok/s=23,689 | tokens=5.75B
step=175450 | loss=4.3024 | lr=1.66e-04 | wd=0.0000 | mom=0.9500 | T=12.2 k=4.0 (mu_rec=8 mu_bwd=4) | grad=4.469 | tok/s=22,850 | tokens=5.75B
step=175460 | loss=3.9480 | lr=1.65e-04 | wd=0.0000 | mom=0.9500 | T=4.5 k=3.5 (mu_rec=8 mu_bwd=4) | grad=4.750 | tok/s=25,727 | tokens=5.75B
step=175470 | loss=4.0284 | lr=1.65e-04 | wd=0.0000 | mom=0.9500 | T=9.0 k=4.0 (mu_rec=8 mu_bwd=4) | grad=6.406 | tok/s=24,006 | tokens=5.75B
step=175480 | loss=3.8939 | lr=1.65e-04 | wd=0.0000 | mom=0.9500 | T=13.5 k=3.8 (mu_rec=8 mu_bwd=4) | grad=4.344 | tok/s=24,308 | tokens=5.75B
step=175490 | loss=3.7179 | lr=1.65e-04 | wd=0.0000 | mom=0.9500 | T=10.2 k=3.8 (mu_rec=8 mu_bwd=4) | grad=6.750 | tok/s=23,318 | tokens=5.75B
step=175500 | loss=4.2376 | lr=1.64e-04 | wd=0.0000 | mom=0.9500 | T=4.8 k=3.8 (mu_rec=8 mu_bwd=4) | grad=6.438 | tok/s=23,809 | tokens=5.75B
step=175510 | loss=4.3011 | lr=1.64e-04 | wd=0.0000 | mom=0.9500 | T=7.0 k=4.0 (mu_rec=8 mu_bwd=4) | grad=5.125 | tok/s=23,023 | tokens=5.75B
step=175520 | loss=4.0418 | lr=1.64e-04 | wd=0.0000 | mom=0.9500 | T=8.5 k=4.0 (mu_rec=8 mu_bwd=4) | grad=7.188 | tok/s=23,934 | tokens=5.75B
step=175530 | loss=4.1488 | lr=1.63e-04 | wd=0.0000 | mom=0.9500 | T=9.2 k=4.0 (mu_rec=8 mu_bwd=4) | grad=4.125 | tok/s=23,801 | tokens=5.75B
step=175540 | loss=4.0629 | lr=1.63e-04 | wd=0.0000 | mom=0.9500 | T=8.0 k=4.0 (mu_rec=8 mu_bwd=4) | grad=4.844 | tok/s=24,792 | tokens=5.75B
step=175550 | loss=4.1450 | lr=1.63e-04 | wd=0.0000 | mom=0.9500 | T=4.0 k=3.0 (mu_rec=8 mu_bwd=4) | grad=3.875 | tok/s=24,385 | tokens=5.75B
step=175560 | loss=3.9143 | lr=1.63e-04 | wd=0.0000 | mom=0.9500 | T=8.8 k=4.0 (mu_rec=8 mu_bwd=4) | grad=4.094 | tok/s=26,403 | tokens=5.75B
step=175570 | loss=3.9969 | lr=1.62e-04 | wd=0.0000 | mom=0.9500 | T=9.5 k=3.5 (mu_rec=8 mu_bwd=4) | grad=5.719 | tok/s=23,408 | tokens=5.75B
step=175580 | loss=4.0335 | lr=1.62e-04 | wd=0.0000 | mom=0.9500 | T=9.5 k=4.0 (mu_rec=8 mu_bwd=4) | grad=3.609 | tok/s=23,450 | tokens=5.75B
step=175590 | loss=4.0796 | lr=1.62e-04 | wd=0.0000 | mom=0.9500 | T=7.2 k=3.8 (mu_rec=8 mu_bwd=4) | grad=3.750 | tok/s=22,162 | tokens=5.75B
step=175600 | loss=3.9818 | lr=1.62e-04 | wd=0.0000 | mom=0.9500 | T=6.0 k=3.8 (mu_rec=8 mu_bwd=4) | grad=3.891 | tok/s=25,159 | tokens=5.75B
step=175610 | loss=3.9284 | lr=1.61e-04 | wd=0.0000 | mom=0.9500 | T=7.8 k=4.0 (mu_rec=8 mu_bwd=4) | grad=7.500 | tok/s=23,684 | tokens=5.75B
step=175620 | loss=4.0047 | lr=1.61e-04 | wd=0.0000 | mom=0.9500 | T=5.8 k=3.2 (mu_rec=8 mu_bwd=4) | grad=4.125 | tok/s=22,543 | tokens=5.75B
step=175630 | loss=3.8901 | lr=1.61e-04 | wd=0.0000 | mom=0.9500 | T=13.2 k=4.0 (mu_rec=8 mu_bwd=4) | grad=21.500 | tok/s=24,994 | tokens=5.76B
step=175640 | loss=3.9586 | lr=1.60e-04 | wd=0.0000 | mom=0.9500 | T=6.5 k=3.8 (mu_rec=8 mu_bwd=4) | grad=3.703 | tok/s=22,790 | tokens=5.76B
step=175650 | loss=4.0311 | lr=1.60e-04 | wd=0.0000 | mom=0.9500 | T=13.0 k=4.0 (mu_rec=8 mu_bwd=4) | grad=5.812 | tok/s=23,992 | tokens=5.76B
step=175660 | loss=3.9302 | lr=1.60e-04 | wd=0.0000 | mom=0.9500 | T=4.5 k=3.2 (mu_rec=8 mu_bwd=4) | grad=5.656 | tok/s=23,884 | tokens=5.76B
step=175670 | loss=4.0481 | lr=1.60e-04 | wd=0.0000 | mom=0.9500 | T=5.2 k=3.2 (mu_rec=8 mu_bwd=4) | grad=8.625 | tok/s=23,034 | tokens=5.76B
step=175680 | loss=4.1026 | lr=1.59e-04 | wd=0.0000 | mom=0.9500 | T=5.8 k=3.2 (mu_rec=8 mu_bwd=4) | grad=4.000 | tok/s=24,451 | tokens=5.76B
step=175690 | loss=4.0758 | lr=1.59e-04 | wd=0.0000 | mom=0.9500 | T=8.5 k=3.8 (mu_rec=8 mu_bwd=4) | grad=3.453 | tok/s=23,935 | tokens=5.76B
step=175700 | loss=4.1760 | lr=1.59e-04 | wd=0.0000 | mom=0.9500 | T=6.5 k=3.8 (mu_rec=8 mu_bwd=4) | grad=4.031 | tok/s=25,328 | tokens=5.76B
step=175710 | loss=3.9507 | lr=1.58e-04 | wd=0.0000 | mom=0.9500 | T=8.2 k=4.0 (mu_rec=8 mu_bwd=4) | grad=4.406 | tok/s=23,354 | tokens=5.76B
step=175720 | loss=4.0467 | lr=1.58e-04 | wd=0.0000 | mom=0.9500 | T=8.5 k=3.8 (mu_rec=8 mu_bwd=4) | grad=3.859 | tok/s=24,461 | tokens=5.76B
step=175730 | loss=3.9147 | lr=1.58e-04 | wd=0.0000 | mom=0.9500 | T=7.8 k=4.0 (mu_rec=8 mu_bwd=4) | grad=4.375 | tok/s=25,004 | tokens=5.76B
step=175740 | loss=3.8219 | lr=1.58e-04 | wd=0.0000 | mom=0.9500 | T=5.2 k=3.8 (mu_rec=8 mu_bwd=4) | grad=4.406 | tok/s=24,891 | tokens=5.76B
step=175750 | loss=3.9120 | lr=1.57e-04 | wd=0.0000 | mom=0.9500 | T=9.0 k=3.8 (mu_rec=8 mu_bwd=4) | grad=3.812 | tok/s=24,004 | tokens=5.76B
step=175760 | loss=4.1932 | lr=1.57e-04 | wd=0.0000 | mom=0.9500 | T=10.5 k=4.0 (mu_rec=8 mu_bwd=4) | grad=4.344 | tok/s=22,719 | tokens=5.76B
step=175770 | loss=3.9509 | lr=1.57e-04 | wd=0.0000 | mom=0.9500 | T=9.0 k=4.0 (mu_rec=8 mu_bwd=4) | grad=4.188 | tok/s=22,977 | tokens=5.76B
step=175780 | loss=3.8128 | lr=1.57e-04 | wd=0.0000 | mom=0.9500 | T=7.5 k=3.8 (mu_rec=8 mu_bwd=4) | grad=4.281 | tok/s=22,780 | tokens=5.76B
step=175790 | loss=4.1509 | lr=1.56e-04 | wd=0.0000 | mom=0.9500 | T=6.0 k=3.2 (mu_rec=8 mu_bwd=4) | grad=4.562 | tok/s=24,304 | tokens=5.76B
step=175800 | loss=3.8987 | lr=1.56e-04 | wd=0.0000 | mom=0.9500 | T=8.5 k=3.8 (mu_rec=8 mu_bwd=4) | grad=4.281 | tok/s=23,432 | tokens=5.76B
step=175810 | loss=3.7867 | lr=1.56e-04 | wd=0.0000 | mom=0.9500 | T=10.5 k=4.0 (mu_rec=8 mu_bwd=4) | grad=12.562 | tok/s=24,843 | tokens=5.76B
step=175820 | loss=3.8091 | lr=1.55e-04 | wd=0.0000 | mom=0.9500 | T=7.0 k=4.0 (mu_rec=8 mu_bwd=4) | grad=4.812 | tok/s=23,817 | tokens=5.76B
step=175830 | loss=3.9839 | lr=1.55e-04 | wd=0.0000 | mom=0.9500 | T=5.0 k=3.2 (mu_rec=8 mu_bwd=4) | grad=3.828 | tok/s=23,228 | tokens=5.76B
step=175840 | loss=4.0101 | lr=1.55e-04 | wd=0.0000 | mom=0.9500 | T=10.8 k=4.0 (mu_rec=8 mu_bwd=4) | grad=3.750 | tok/s=23,314 | tokens=5.76B
step=175850 | loss=4.0544 | lr=1.55e-04 | wd=0.0000 | mom=0.9500 | T=4.2 k=3.5 (mu_rec=8 mu_bwd=4) | grad=3.688 | tok/s=24,148 | tokens=5.76B
step=175860 | loss=4.1210 | lr=1.54e-04 | wd=0.0000 | mom=0.9500 | T=4.8 k=3.0 (mu_rec=8 mu_bwd=4) | grad=4.656 | tok/s=24,362 | tokens=5.76B
step=175870 | loss=3.7788 | lr=1.54e-04 | wd=0.0000 | mom=0.9500 | T=6.5 k=4.0 (mu_rec=8 mu_bwd=4) | grad=4.781 | tok/s=24,368 | tokens=5.76B
step=175880 | loss=3.9214 | lr=1.54e-04 | wd=0.0000 | mom=0.9500 | T=10.5 k=3.5 (mu_rec=8 mu_bwd=4) | grad=5.344 | tok/s=24,749 | tokens=5.76B
step=175890 | loss=4.1320 | lr=1.53e-04 | wd=0.0000 | mom=0.9500 | T=4.0 k=3.2 (mu_rec=8 mu_bwd=4) | grad=4.375 | tok/s=24,777 | tokens=5.76B
step=175900 | loss=4.0695 | lr=1.53e-04 | wd=0.0000 | mom=0.9500 | T=7.8 k=3.8 (mu_rec=8 mu_bwd=4) | grad=3.531 | tok/s=23,601 | tokens=5.76B
step=175910 | loss=4.0833 | lr=1.53e-04 | wd=0.0000 | mom=0.9500 | T=5.2 k=3.5 (mu_rec=8 mu_bwd=4) | grad=4.750 | tok/s=10,042 | tokens=5.76B
step=175920 | loss=4.8360 | lr=1.53e-04 | wd=0.0000 | mom=0.9500 | T=11.2 k=3.5 (mu_rec=8 mu_bwd=4) | grad=4.125 | tok/s=24,360 | tokens=5.76B
step=175930 | loss=5.0927 | lr=1.52e-04 | wd=0.0000 | mom=0.9500 | T=6.8 k=4.0 (mu_rec=8 mu_bwd=4) | grad=5.281 | tok/s=24,375 | tokens=5.76B
step=175940 | loss=4.9252 | lr=1.52e-04 | wd=0.0000 | mom=0.9500 | T=6.2 k=4.0 (mu_rec=8 mu_bwd=4) | grad=4.500 | tok/s=24,095 | tokens=5.77B
step=175950 | loss=4.8263 | lr=1.52e-04 | wd=0.0000 | mom=0.9500 | T=7.5 k=3.8 (mu_rec=8 mu_bwd=4) | grad=4.469 | tok/s=23,283 | tokens=5.77B
step=175960 | loss=4.9270 | lr=1.52e-04 | wd=0.0000 | mom=0.9500 | T=5.8 k=3.5 (mu_rec=8 mu_bwd=4) | grad=4.906 | tok/s=25,345 | tokens=5.77B
step=175970 | loss=4.8932 | lr=1.51e-04 | wd=0.0000 | mom=0.9500 | T=8.2 k=4.0 (mu_rec=8 mu_bwd=4) | grad=3.594 | tok/s=25,020 | tokens=5.77B
step=175980 | loss=3.9783 | lr=1.51e-04 | wd=0.0000 | mom=0.9500 | T=8.2 k=4.0 (mu_rec=8 mu_bwd=4) | grad=3.719 | tok/s=25,217 | tokens=5.77B
step=175990 | loss=4.8219 | lr=1.51e-04 | wd=0.0000 | mom=0.9500 | T=9.0 k=3.8 (mu_rec=8 mu_bwd=4) | grad=6.156 | tok/s=23,882 | tokens=5.77B
step=176000 | loss=4.7768 | lr=1.50e-04 | wd=0.0000 | mom=0.9500 | T=7.8 k=4.0 (mu_rec=8 mu_bwd=4) | grad=7.438 | tok/s=25,351 | tokens=5.77B
[step 176000] Saved -> runs/cortex-5b-k4/checkpoint_0176000
[step 176000] Pruned -> runs/cortex-5b-k4/checkpoint_0170000
step=176010 | loss=4.0885 | lr=1.50e-04 | wd=0.0000 | mom=0.9500 | T=6.2 k=4.0 (mu_rec=8 mu_bwd=4) | grad=4.656 | tok/s=21,744 | tokens=5.77B
step=176020 | loss=3.8313 | lr=1.50e-04 | wd=0.0000 | mom=0.9500 | T=5.0 k=3.5 (mu_rec=8 mu_bwd=4) | grad=7.938 | tok/s=21,645 | tokens=5.77B
step=176030 | loss=4.0749 | lr=1.50e-04 | wd=0.0000 | mom=0.9500 | T=5.0 k=2.8 (mu_rec=8 mu_bwd=4) | grad=4.938 | tok/s=24,639 | tokens=5.77B
step=176040 | loss=4.0813 | lr=1.49e-04 | wd=0.0000 | mom=0.9500 | T=7.0 k=4.0 (mu_rec=8 mu_bwd=4) | grad=4.562 | tok/s=25,061 | tokens=5.77B
step=176050 | loss=4.1797 | lr=1.49e-04 | wd=0.0000 | mom=0.9500 | T=6.2 k=4.0 (mu_rec=8 mu_bwd=4) | grad=4.781 | tok/s=23,731 | tokens=5.77B
step=176060 | loss=3.8487 | lr=1.49e-04 | wd=0.0000 | mom=0.9500 | T=4.8 k=3.0 (mu_rec=8 mu_bwd=4) | grad=4.750 | tok/s=23,664 | tokens=5.77B
step=176070 | loss=3.6759 | lr=1.49e-04 | wd=0.0000 | mom=0.9500 | T=9.2 k=4.0 (mu_rec=8 mu_bwd=4) | grad=3.500 | tok/s=23,009 | tokens=5.77B
step=176080 | loss=4.1820 | lr=1.48e-04 | wd=0.0000 | mom=0.9500 | T=8.2 k=3.8 (mu_rec=8 mu_bwd=4) | grad=17.875 | tok/s=23,393 | tokens=5.77B
step=176090 | loss=3.8071 | lr=1.48e-04 | wd=0.0000 | mom=0.9500 | T=6.0 k=3.8 (mu_rec=8 mu_bwd=4) | grad=4.438 | tok/s=23,374 | tokens=5.77B
step=176100 | loss=4.1028 | lr=1.48e-04 | wd=0.0000 | mom=0.9500 | T=7.8 k=3.8 (mu_rec=8 mu_bwd=4) | grad=3.297 | tok/s=23,069 | tokens=5.77B
step=176110 | loss=4.1632 | lr=1.47e-04 | wd=0.0000 | mom=0.9500 | T=8.0 k=4.0 (mu_rec=8 mu_bwd=4) | grad=5.125 | tok/s=24,865 | tokens=5.77B
step=176120 | loss=4.0777 | lr=1.47e-04 | wd=0.0000 | mom=0.9500 | T=7.0 k=3.2 (mu_rec=8 mu_bwd=4) | grad=5.969 | tok/s=25,944 | tokens=5.77B
step=176130 | loss=3.6282 | lr=1.47e-04 | wd=0.0000 | mom=0.9500 | T=5.2 k=3.0 (mu_rec=8 mu_bwd=4) | grad=4.719 | tok/s=23,049 | tokens=5.77B
step=176140 | loss=3.8853 | lr=1.47e-04 | wd=0.0000 | mom=0.9500 | T=6.5 k=4.0 (mu_rec=8 mu_bwd=4) | grad=4.562 | tok/s=22,529 | tokens=5.77B
step=176150 | loss=4.1089 | lr=1.46e-04 | wd=0.0000 | mom=0.9500 | T=8.0 k=4.0 (mu_rec=8 mu_bwd=4) | grad=4.094 | tok/s=24,119 | tokens=5.77B
step=176160 | loss=4.0069 | lr=1.46e-04 | wd=0.0000 | mom=0.9500 | T=8.8 k=4.0 (mu_rec=8 mu_bwd=4) | grad=3.594 | tok/s=23,817 | tokens=5.77B
step=176170 | loss=4.0123 | lr=1.46e-04 | wd=0.0000 | mom=0.9500 | T=14.5 k=4.0 (mu_rec=8 mu_bwd=4) | grad=6.062 | tok/s=22,917 | tokens=5.77B
step=176180 | loss=4.0774 | lr=1.45e-04 | wd=0.0000 | mom=0.9500 | T=8.5 k=3.8 (mu_rec=8 mu_bwd=4) | grad=4.406 | tok/s=22,676 | tokens=5.77B
step=176190 | loss=3.8735 | lr=1.45e-04 | wd=0.0000 | mom=0.9500 | T=13.5 k=4.0 (mu_rec=8 mu_bwd=4) | grad=5.844 | tok/s=22,082 | tokens=5.77B
step=176200 | loss=3.9047 | lr=1.45e-04 | wd=0.0000 | mom=0.9500 | T=7.8 k=3.8 (mu_rec=8 mu_bwd=4) | grad=5.000 | tok/s=24,107 | tokens=5.77B
step=176210 | loss=4.0627 | lr=1.45e-04 | wd=0.0000 | mom=0.9500 | T=7.0 k=4.0 (mu_rec=8 mu_bwd=4) | grad=3.500 | tok/s=24,273 | tokens=5.77B
step=176220 | loss=4.0639 | lr=1.44e-04 | wd=0.0000 | mom=0.9500 | T=6.5 k=3.0 (mu_rec=8 mu_bwd=4) | grad=4.750 | tok/s=26,107 | tokens=5.77B
step=176230 | loss=3.6135 | lr=1.44e-04 | wd=0.0000 | mom=0.9500 | T=7.5 k=4.0 (mu_rec=8 mu_bwd=4) | grad=8.812 | tok/s=23,273 | tokens=5.77B
step=176240 | loss=3.8706 | lr=1.44e-04 | wd=0.0000 | mom=0.9500 | T=6.2 k=3.8 (mu_rec=8 mu_bwd=4) | grad=4.438 | tok/s=9,636 | tokens=5.78B
step=176250 | loss=4.4687 | lr=1.44e-04 | wd=0.0000 | mom=0.9500 | T=10.8 k=4.0 (mu_rec=8 mu_bwd=4) | grad=5.469 | tok/s=23,524 | tokens=5.78B
step=176260 | loss=4.1585 | lr=1.43e-04 | wd=0.0000 | mom=0.9500 | T=6.8 k=3.5 (mu_rec=8 mu_bwd=4) | grad=4.031 | tok/s=23,630 | tokens=5.78B
step=176270 | loss=3.7114 | lr=1.43e-04 | wd=0.0000 | mom=0.9500 | T=5.0 k=3.0 (mu_rec=8 mu_bwd=4) | grad=4.219 | tok/s=25,550 | tokens=5.78B
step=176280 | loss=4.2918 | lr=1.43e-04 | wd=0.0000 | mom=0.9500 | T=7.0 k=4.0 (mu_rec=8 mu_bwd=4) | grad=3.859 | tok/s=24,195 | tokens=5.78B
step=176290 | loss=4.1309 | lr=1.42e-04 | wd=0.0000 | mom=0.9500 | T=7.0 k=3.8 (mu_rec=8 mu_bwd=4) | grad=7.969 | tok/s=23,253 | tokens=5.78B
step=176300 | loss=4.1139 | lr=1.42e-04 | wd=0.0000 | mom=0.9500 | T=6.5 k=4.0 (mu_rec=8 mu_bwd=4) | grad=30.875 | tok/s=24,999 | tokens=5.78B
step=176310 | loss=3.9505 | lr=1.42e-04 | wd=0.0000 | mom=0.9500 | T=6.8 k=4.0 (mu_rec=8 mu_bwd=4) | grad=4.188 | tok/s=24,932 | tokens=5.78B
step=176320 | loss=3.9501 | lr=1.42e-04 | wd=0.0000 | mom=0.9500 | T=3.8 k=3.2 (mu_rec=8 mu_bwd=4) | grad=4.562 | tok/s=24,157 | tokens=5.78B
step=176330 | loss=4.0253 | lr=1.41e-04 | wd=0.0000 | mom=0.9500 | T=10.5 k=4.0 (mu_rec=8 mu_bwd=4) | grad=4.312 | tok/s=23,912 | tokens=5.78B
step=176340 | loss=3.8369 | lr=1.41e-04 | wd=0.0000 | mom=0.9500 | T=11.8 k=4.0 (mu_rec=8 mu_bwd=4) | grad=3.625 | tok/s=22,777 | tokens=5.78B
step=176350 | loss=4.0298 | lr=1.41e-04 | wd=0.0000 | mom=0.9500 | T=7.8 k=4.0 (mu_rec=8 mu_bwd=4) | grad=4.469 | tok/s=22,960 | tokens=5.78B
step=176360 | loss=3.9221 | lr=1.41e-04 | wd=0.0000 | mom=0.9500 | T=7.0 k=4.0 (mu_rec=8 mu_bwd=4) | grad=4.562 | tok/s=24,353 | tokens=5.78B
step=176370 | loss=3.9693 | lr=1.40e-04 | wd=0.0000 | mom=0.9500 | T=10.8 k=4.0 (mu_rec=8 mu_bwd=4) | grad=4.156 | tok/s=24,888 | tokens=5.78B
step=176380 | loss=3.8926 | lr=1.40e-04 | wd=0.0000 | mom=0.9500 | T=7.8 k=3.8 (mu_rec=8 mu_bwd=4) | grad=7.594 | tok/s=24,643 | tokens=5.78B
step=176390 | loss=3.8598 | lr=1.40e-04 | wd=0.0000 | mom=0.9500 | T=6.0 k=4.0 (mu_rec=8 mu_bwd=4) | grad=5.062 | tok/s=24,023 | tokens=5.78B
step=176400 | loss=4.3152 | lr=1.39e-04 | wd=0.0000 | mom=0.9500 | T=6.8 k=3.2 (mu_rec=8 mu_bwd=4) | grad=5.594 | tok/s=23,709 | tokens=5.78B
step=176410 | loss=4.0873 | lr=1.39e-04 | wd=0.0000 | mom=0.9500 | T=6.5 k=3.8 (mu_rec=8 mu_bwd=4) | grad=5.969 | tok/s=24,517 | tokens=5.78B
step=176420 | loss=4.1555 | lr=1.39e-04 | wd=0.0000 | mom=0.9500 | T=8.0 k=4.0 (mu_rec=8 mu_bwd=4) | grad=5.625 | tok/s=23,866 | tokens=5.78B
step=176430 | loss=3.9322 | lr=1.39e-04 | wd=0.0000 | mom=0.9500 | T=13.5 k=3.8 (mu_rec=8 mu_bwd=4) | grad=3.891 | tok/s=24,335 | tokens=5.78B
step=176440 | loss=4.0272 | lr=1.38e-04 | wd=0.0000 | mom=0.9500 | T=10.8 k=3.8 (mu_rec=8 mu_bwd=4) | grad=5.000 | tok/s=23,337 | tokens=5.78B
step=176450 | loss=4.1899 | lr=1.38e-04 | wd=0.0000 | mom=0.9500 | T=9.2 k=4.0 (mu_rec=8 mu_bwd=4) | grad=5.062 | tok/s=23,674 | tokens=5.78B
step=176460 | loss=3.8785 | lr=1.38e-04 | wd=0.0000 | mom=0.9500 | T=6.5 k=3.8 (mu_rec=8 mu_bwd=4) | grad=4.031 | tok/s=23,864 | tokens=5.78B
step=176470 | loss=4.0436 | lr=1.38e-04 | wd=0.0000 | mom=0.9500 | T=7.5 k=4.0 (mu_rec=8 mu_bwd=4) | grad=33.250 | tok/s=23,896 | tokens=5.78B
step=176480 | loss=4.1195 | lr=1.37e-04 | wd=0.0000 | mom=0.9500 | T=8.8 k=4.0 (mu_rec=8 mu_bwd=4) | grad=5.281 | tok/s=24,137 | tokens=5.78B
step=176490 | loss=3.8893 | lr=1.37e-04 | wd=0.0000 | mom=0.9500 | T=7.8 k=3.5 (mu_rec=8 mu_bwd=4) | grad=4.344 | tok/s=23,779 | tokens=5.78B
step=176500 | loss=4.0031 | lr=1.37e-04 | wd=0.0000 | mom=0.9500 | T=8.2 k=3.8 (mu_rec=8 mu_bwd=4) | grad=3.781 | tok/s=23,843 | tokens=5.78B
step=176510 | loss=3.8795 | lr=1.36e-04 | wd=0.0000 | mom=0.9500 | T=8.2 k=4.0 (mu_rec=8 mu_bwd=4) | grad=4.062 | tok/s=22,939 | tokens=5.78B
step=176520 | loss=4.0466 | lr=1.36e-04 | wd=0.0000 | mom=0.9500 | T=10.0 k=4.0 (mu_rec=8 mu_bwd=4) | grad=4.281 | tok/s=23,659 | tokens=5.78B
step=176530 | loss=3.9233 | lr=1.36e-04 | wd=0.0000 | mom=0.9500 | T=10.5 k=4.0 (mu_rec=8 mu_bwd=4) | grad=5.125 | tok/s=25,159 | tokens=5.78B
step=176540 | loss=3.9017 | lr=1.36e-04 | wd=0.0000 | mom=0.9500 | T=10.2 k=3.5 (mu_rec=8 mu_bwd=4) | grad=4.188 | tok/s=23,427 | tokens=5.78B
step=176550 | loss=3.8006 | lr=1.35e-04 | wd=0.0000 | mom=0.9500 | T=13.5 k=4.0 (mu_rec=8 mu_bwd=4) | grad=4.344 | tok/s=22,996 | tokens=5.79B
step=176560 | loss=4.0187 | lr=1.35e-04 | wd=0.0000 | mom=0.9500 | T=4.8 k=3.2 (mu_rec=8 mu_bwd=4) | grad=3.750 | tok/s=26,085 | tokens=5.79B
step=176570 | loss=3.5973 | lr=1.35e-04 | wd=0.0000 | mom=0.9500 | T=6.5 k=3.8 (mu_rec=8 mu_bwd=4) | grad=4.031 | tok/s=24,156 | tokens=5.79B
step=176580 | loss=3.6352 | lr=1.35e-04 | wd=0.0000 | mom=0.9500 | T=6.2 k=3.8 (mu_rec=8 mu_bwd=4) | grad=9.188 | tok/s=24,128 | tokens=5.79B
step=176590 | loss=3.9192 | lr=1.34e-04 | wd=0.0000 | mom=0.9500 | T=7.5 k=4.0 (mu_rec=8 mu_bwd=4) | grad=6.906 | tok/s=23,853 | tokens=5.79B
step=176600 | loss=4.0358 | lr=1.34e-04 | wd=0.0000 | mom=0.9500 | T=7.5 k=4.0 (mu_rec=8 mu_bwd=4) | grad=4.031 | tok/s=22,953 | tokens=5.79B
step=176610 | loss=4.3553 | lr=1.34e-04 | wd=0.0000 | mom=0.9500 | T=8.5 k=4.0 (mu_rec=8 mu_bwd=4) | grad=4.875 | tok/s=22,517 | tokens=5.79B
step=176620 | loss=3.9525 | lr=1.33e-04 | wd=0.0000 | mom=0.9500 | T=5.2 k=3.8 (mu_rec=8 mu_bwd=4) | grad=4.531 | tok/s=24,180 | tokens=5.79B
step=176630 | loss=3.5843 | lr=1.33e-04 | wd=0.0000 | mom=0.9500 | T=12.5 k=3.5 (mu_rec=8 mu_bwd=4) | grad=4.375 | tok/s=24,559 | tokens=5.79B
step=176640 | loss=4.1010 | lr=1.33e-04 | wd=0.0000 | mom=0.9500 | T=6.2 k=3.8 (mu_rec=8 mu_bwd=4) | grad=4.156 | tok/s=24,849 | tokens=5.79B
step=176650 | loss=4.2527 | lr=1.33e-04 | wd=0.0000 | mom=0.9500 | T=7.2 k=3.2 (mu_rec=8 mu_bwd=4) | grad=5.531 | tok/s=23,787 | tokens=5.79B
step=176660 | loss=3.9184 | lr=1.32e-04 | wd=0.0000 | mom=0.9500 | T=5.8 k=3.8 (mu_rec=8 mu_bwd=4) | grad=5.031 | tok/s=24,249 | tokens=5.79B
step=176670 | loss=4.0326 | lr=1.32e-04 | wd=0.0000 | mom=0.9500 | T=9.2 k=3.5 (mu_rec=8 mu_bwd=4) | grad=4.031 | tok/s=22,201 | tokens=5.79B
step=176680 | loss=4.1640 | lr=1.32e-04 | wd=0.0000 | mom=0.9500 | T=9.8 k=3.5 (mu_rec=8 mu_bwd=4) | grad=4.375 | tok/s=24,220 | tokens=5.79B
step=176690 | loss=4.0470 | lr=1.32e-04 | wd=0.0000 | mom=0.9500 | T=7.2 k=4.0 (mu_rec=8 mu_bwd=4) | grad=5.812 | tok/s=23,319 | tokens=5.79B
step=176700 | loss=3.9786 | lr=1.31e-04 | wd=0.0000 | mom=0.9500 | T=8.0 k=3.8 (mu_rec=8 mu_bwd=4) | grad=4.562 | tok/s=25,681 | tokens=5.79B
step=176710 | loss=3.6680 | lr=1.31e-04 | wd=0.0000 | mom=0.9500 | T=8.5 k=4.0 (mu_rec=8 mu_bwd=4) | grad=3.844 | tok/s=22,125 | tokens=5.79B
step=176720 | loss=4.2897 | lr=1.31e-04 | wd=0.0000 | mom=0.9500 | T=7.2 k=4.0 (mu_rec=8 mu_bwd=4) | grad=5.938 | tok/s=23,576 | tokens=5.79B
step=176730 | loss=4.0706 | lr=1.31e-04 | wd=0.0000 | mom=0.9500 | T=5.2 k=4.0 (mu_rec=8 mu_bwd=4) | grad=3.906 | tok/s=24,765 | tokens=5.79B
step=176740 | loss=3.7334 | lr=1.30e-04 | wd=0.0000 | mom=0.9500 | T=15.0 k=4.0 (mu_rec=8 mu_bwd=4) | grad=9.062 | tok/s=22,066 | tokens=5.79B
step=176750 | loss=4.3837 | lr=1.30e-04 | wd=0.0000 | mom=0.9500 | T=4.0 k=3.5 (mu_rec=8 mu_bwd=4) | grad=4.438 | tok/s=25,895 | tokens=5.79B
step=176760 | loss=4.3733 | lr=1.30e-04 | wd=0.0000 | mom=0.9500 | T=12.2 k=4.0 (mu_rec=8 mu_bwd=4) | grad=6.375 | tok/s=21,689 | tokens=5.79B
step=176770 | loss=3.9167 | lr=1.29e-04 | wd=0.0000 | mom=0.9500 | T=7.8 k=3.8 (mu_rec=8 mu_bwd=4) | grad=7.562 | tok/s=25,281 | tokens=5.79B
step=176780 | loss=4.1007 | lr=1.29e-04 | wd=0.0000 | mom=0.9500 | T=5.8 k=3.8 (mu_rec=8 mu_bwd=4) | grad=4.375 | tok/s=24,693 | tokens=5.79B
step=176790 | loss=4.0352 | lr=1.29e-04 | wd=0.0000 | mom=0.9500 | T=5.8 k=3.5 (mu_rec=8 mu_bwd=4) | grad=5.594 | tok/s=25,155 | tokens=5.79B
step=176800 | loss=4.3723 | lr=1.29e-04 | wd=0.0000 | mom=0.9500 | T=8.8 k=3.8 (mu_rec=8 mu_bwd=4) | grad=4.969 | tok/s=24,144 | tokens=5.79B
step=176810 | loss=3.9559 | lr=1.28e-04 | wd=0.0000 | mom=0.9500 | T=6.5 k=3.5 (mu_rec=8 mu_bwd=4) | grad=4.344 | tok/s=26,451 | tokens=5.79B
step=176820 | loss=4.2358 | lr=1.28e-04 | wd=0.0000 | mom=0.9500 | T=7.2 k=2.8 (mu_rec=8 mu_bwd=4) | grad=3.766 | tok/s=25,670 | tokens=5.79B
step=176830 | loss=4.1689 | lr=1.28e-04 | wd=0.0000 | mom=0.9500 | T=9.5 k=4.0 (mu_rec=8 mu_bwd=4) | grad=6.562 | tok/s=9,154 | tokens=5.79B
step=176840 | loss=4.0755 | lr=1.28e-04 | wd=0.0000 | mom=0.9500 | T=10.5 k=3.8 (mu_rec=8 mu_bwd=4) | grad=4.938 | tok/s=22,151 | tokens=5.79B
step=176850 | loss=3.9183 | lr=1.27e-04 | wd=0.0000 | mom=0.9500 | T=7.5 k=4.0 (mu_rec=8 mu_bwd=4) | grad=4.156 | tok/s=25,640 | tokens=5.80B
step=176860 | loss=4.3559 | lr=1.27e-04 | wd=0.0000 | mom=0.9500 | T=8.8 k=4.0 (mu_rec=8 mu_bwd=4) | grad=3.938 | tok/s=22,757 | tokens=5.80B
step=176870 | loss=3.9969 | lr=1.27e-04 | wd=0.0000 | mom=0.9500 | T=7.5 k=3.5 (mu_rec=8 mu_bwd=4) | grad=3.969 | tok/s=25,205 | tokens=5.80B
step=176880 | loss=4.0907 | lr=1.26e-04 | wd=0.0000 | mom=0.9500 | T=6.5 k=4.0 (mu_rec=8 mu_bwd=4) | grad=3.906 | tok/s=23,794 | tokens=5.80B
step=176890 | loss=3.7444 | lr=1.26e-04 | wd=0.0000 | mom=0.9500 | T=4.0 k=3.2 (mu_rec=8 mu_bwd=4) | grad=3.453 | tok/s=23,260 | tokens=5.80B
step=176900 | loss=4.2188 | lr=1.26e-04 | wd=0.0000 | mom=0.9500 | T=7.5 k=3.0 (mu_rec=8 mu_bwd=4) | grad=4.531 | tok/s=23,359 | tokens=5.80B
step=176910 | loss=4.0300 | lr=1.26e-04 | wd=0.0000 | mom=0.9500 | T=10.8 k=3.8 (mu_rec=8 mu_bwd=4) | grad=5.219 | tok/s=23,078 | tokens=5.80B
step=176920 | loss=3.9616 | lr=1.25e-04 | wd=0.0000 | mom=0.9500 | T=6.5 k=4.0 (mu_rec=8 mu_bwd=4) | grad=3.469 | tok/s=24,851 | tokens=5.80B
step=176930 | loss=3.8447 | lr=1.25e-04 | wd=0.0000 | mom=0.9500 | T=11.5 k=4.0 (mu_rec=8 mu_bwd=4) | grad=3.969 | tok/s=23,899 | tokens=5.80B
step=176940 | loss=3.9298 | lr=1.25e-04 | wd=0.0000 | mom=0.9500 | T=14.8 k=4.0 (mu_rec=8 mu_bwd=4) | grad=3.500 | tok/s=22,250 | tokens=5.80B
step=176950 | loss=4.0813 | lr=1.25e-04 | wd=0.0000 | mom=0.9500 | T=6.0 k=3.5 (mu_rec=8 mu_bwd=4) | grad=3.969 | tok/s=24,455 | tokens=5.80B
step=176960 | loss=4.1939 | lr=1.24e-04 | wd=0.0000 | mom=0.9500 | T=9.0 k=4.0 (mu_rec=8 mu_bwd=4) | grad=3.281 | tok/s=23,781 | tokens=5.80B
step=176970 | loss=3.9726 | lr=1.24e-04 | wd=0.0000 | mom=0.9500 | T=7.2 k=3.2 (mu_rec=8 mu_bwd=4) | grad=3.797 | tok/s=25,041 | tokens=5.80B
step=176980 | loss=4.2607 | lr=1.24e-04 | wd=0.0000 | mom=0.9500 | T=3.8 k=2.8 (mu_rec=8 mu_bwd=4) | grad=5.594 | tok/s=25,525 | tokens=5.80B
step=176990 | loss=4.3392 | lr=1.24e-04 | wd=0.0000 | mom=0.9500 | T=6.2 k=3.2 (mu_rec=8 mu_bwd=4) | grad=5.719 | tok/s=26,480 | tokens=5.80B
step=177000 | loss=4.1871 | lr=1.23e-04 | wd=0.0000 | mom=0.9500 | T=8.5 k=4.0 (mu_rec=8 mu_bwd=4) | grad=5.656 | tok/s=24,940 | tokens=5.80B
step=177010 | loss=4.8115 | lr=1.23e-04 | wd=0.0000 | mom=0.9500 | T=8.8 k=4.0 (mu_rec=8 mu_bwd=4) | grad=4.406 | tok/s=24,013 | tokens=5.80B
step=177020 | loss=4.5996 | lr=1.23e-04 | wd=0.0000 | mom=0.9500 | T=10.8 k=4.0 (mu_rec=8 mu_bwd=4) | grad=4.375 | tok/s=24,355 | tokens=5.80B
step=177030 | loss=4.5886 | lr=1.23e-04 | wd=0.0000 | mom=0.9500 | T=5.8 k=4.0 (mu_rec=8 mu_bwd=4) | grad=4.781 | tok/s=24,071 | tokens=5.80B
step=177040 | loss=4.0780 | lr=1.22e-04 | wd=0.0000 | mom=0.9500 | T=8.2 k=3.8 (mu_rec=8 mu_bwd=4) | grad=4.969 | tok/s=22,618 | tokens=5.80B
step=177050 | loss=3.9724 | lr=1.22e-04 | wd=0.0000 | mom=0.9500 | T=7.5 k=3.8 (mu_rec=8 mu_bwd=4) | grad=4.812 | tok/s=22,759 | tokens=5.80B
step=177060 | loss=3.9395 | lr=1.22e-04 | wd=0.0000 | mom=0.9500 | T=4.5 k=2.0 (mu_rec=8 mu_bwd=4) | grad=6.281 | tok/s=25,448 | tokens=5.80B
step=177070 | loss=3.9824 | lr=1.21e-04 | wd=0.0000 | mom=0.9500 | T=6.2 k=3.8 (mu_rec=8 mu_bwd=4) | grad=5.656 | tok/s=25,277 | tokens=5.80B
step=177080 | loss=4.1597 | lr=1.21e-04 | wd=0.0000 | mom=0.9500 | T=9.0 k=4.0 (mu_rec=8 mu_bwd=4) | grad=4.625 | tok/s=21,373 | tokens=5.80B
step=177090 | loss=4.1821 | lr=1.21e-04 | wd=0.0000 | mom=0.9500 | T=9.2 k=3.5 (mu_rec=8 mu_bwd=4) | grad=6.656 | tok/s=24,533 | tokens=5.80B
step=177100 | loss=4.0552 | lr=1.21e-04 | wd=0.0000 | mom=0.9500 | T=8.2 k=4.0 (mu_rec=8 mu_bwd=4) | grad=5.438 | tok/s=23,746 | tokens=5.80B
step=177110 | loss=4.1472 | lr=1.20e-04 | wd=0.0000 | mom=0.9500 | T=6.2 k=3.8 (mu_rec=8 mu_bwd=4) | grad=4.250 | tok/s=25,595 | tokens=5.80B
step=177120 | loss=3.8807 | lr=1.20e-04 | wd=0.0000 | mom=0.9500 | T=2.8 k=2.5 (mu_rec=8 mu_bwd=4) | grad=4.094 | tok/s=27,980 | tokens=5.80B
step=177130 | loss=4.3359 | lr=1.20e-04 | wd=0.0000 | mom=0.9500 | T=6.8 k=4.0 (mu_rec=8 mu_bwd=4) | grad=6.156 | tok/s=25,203 | tokens=5.80B
step=177140 | loss=4.1941 | lr=1.20e-04 | wd=0.0000 | mom=0.9500 | T=10.0 k=4.0 (mu_rec=8 mu_bwd=4) | grad=5.875 | tok/s=24,160 | tokens=5.80B
step=177150 | loss=4.0138 | lr=1.19e-04 | wd=0.0000 | mom=0.9500 | T=6.0 k=3.8 (mu_rec=8 mu_bwd=4) | grad=4.531 | tok/s=23,055 | tokens=5.80B
step=177160 | loss=4.2273 | lr=1.19e-04 | wd=0.0000 | mom=0.9500 | T=7.2 k=3.8 (mu_rec=8 mu_bwd=4) | grad=3.359 | tok/s=24,812 | tokens=5.81B
step=177170 | loss=4.1597 | lr=1.19e-04 | wd=0.0000 | mom=0.9500 | T=4.5 k=3.8 (mu_rec=8 mu_bwd=4) | grad=4.438 | tok/s=24,453 | tokens=5.81B
step=177180 | loss=3.7838 | lr=1.19e-04 | wd=0.0000 | mom=0.9500 | T=7.8 k=4.0 (mu_rec=8 mu_bwd=4) | grad=4.031 | tok/s=25,614 | tokens=5.81B
step=177190 | loss=3.9653 | lr=1.18e-04 | wd=0.0000 | mom=0.9500 | T=8.5 k=4.0 (mu_rec=8 mu_bwd=4) | grad=6.062 | tok/s=21,779 | tokens=5.81B
step=177200 | loss=3.9588 | lr=1.18e-04 | wd=0.0000 | mom=0.9500 | T=7.8 k=4.0 (mu_rec=8 mu_bwd=4) | grad=3.656 | tok/s=9,113 | tokens=5.81B
step=177210 | loss=3.7646 | lr=1.18e-04 | wd=0.0000 | mom=0.9500 | T=4.5 k=3.8 (mu_rec=8 mu_bwd=4) | grad=5.094 | tok/s=22,990 | tokens=5.81B
step=177220 | loss=4.0811 | lr=1.18e-04 | wd=0.0000 | mom=0.9500 | T=11.2 k=3.8 (mu_rec=8 mu_bwd=4) | grad=3.578 | tok/s=23,984 | tokens=5.81B
step=177230 | loss=3.8990 | lr=1.17e-04 | wd=0.0000 | mom=0.9500 | T=5.0 k=2.5 (mu_rec=8 mu_bwd=4) | grad=4.594 | tok/s=24,195 | tokens=5.81B
step=177240 | loss=3.8900 | lr=1.17e-04 | wd=0.0000 | mom=0.9500 | T=5.2 k=4.0 (mu_rec=8 mu_bwd=4) | grad=5.750 | tok/s=25,551 | tokens=5.81B
step=177250 | loss=4.1722 | lr=1.17e-04 | wd=0.0000 | mom=0.9500 | T=9.2 k=4.0 (mu_rec=8 mu_bwd=4) | grad=6.125 | tok/s=24,063 | tokens=5.81B
step=177260 | loss=4.0998 | lr=1.16e-04 | wd=0.0000 | mom=0.9500 | T=11.2 k=4.0 (mu_rec=8 mu_bwd=4) | grad=3.578 | tok/s=24,605 | tokens=5.81B
step=177270 | loss=3.9168 | lr=1.16e-04 | wd=0.0000 | mom=0.9500 | T=6.5 k=3.8 (mu_rec=8 mu_bwd=4) | grad=4.312 | tok/s=24,481 | tokens=5.81B
step=177280 | loss=4.1857 | lr=1.16e-04 | wd=0.0000 | mom=0.9500 | T=14.0 k=4.0 (mu_rec=8 mu_bwd=4) | grad=5.219 | tok/s=23,235 | tokens=5.81B
step=177290 | loss=4.2684 | lr=1.16e-04 | wd=0.0000 | mom=0.9500 | T=13.0 k=4.0 (mu_rec=8 mu_bwd=4) | grad=3.750 | tok/s=22,543 | tokens=5.81B
step=177300 | loss=4.1556 | lr=1.15e-04 | wd=0.0000 | mom=0.9500 | T=8.5 k=4.0 (mu_rec=8 mu_bwd=4) | grad=9.188 | tok/s=23,655 | tokens=5.81B
step=177310 | loss=4.0062 | lr=1.15e-04 | wd=0.0000 | mom=0.9500 | T=13.2 k=4.0 (mu_rec=8 mu_bwd=4) | grad=3.422 | tok/s=23,840 | tokens=5.81B
step=177320 | loss=3.7457 | lr=1.15e-04 | wd=0.0000 | mom=0.9500 | T=9.0 k=3.8 (mu_rec=8 mu_bwd=4) | grad=3.609 | tok/s=23,512 | tokens=5.81B
step=177330 | loss=3.9166 | lr=1.15e-04 | wd=0.0000 | mom=0.9500 | T=7.5 k=4.0 (mu_rec=8 mu_bwd=4) | grad=6.281 | tok/s=22,855 | tokens=5.81B
step=177340 | loss=3.9828 | lr=1.14e-04 | wd=0.0000 | mom=0.9500 | T=9.8 k=3.5 (mu_rec=8 mu_bwd=4) | grad=4.125 | tok/s=23,539 | tokens=5.81B
step=177350 | loss=4.0311 | lr=1.14e-04 | wd=0.0000 | mom=0.9500 | T=7.5 k=3.2 (mu_rec=8 mu_bwd=4) | grad=5.312 | tok/s=22,784 | tokens=5.81B
step=177360 | loss=4.1151 | lr=1.14e-04 | wd=0.0000 | mom=0.9500 | T=10.8 k=3.5 (mu_rec=8 mu_bwd=4) | grad=6.500 | tok/s=24,329 | tokens=5.81B
step=177370 | loss=4.0239 | lr=1.14e-04 | wd=0.0000 | mom=0.9500 | T=7.5 k=4.0 (mu_rec=8 mu_bwd=4) | grad=5.844 | tok/s=24,400 | tokens=5.81B
step=177380 | loss=4.1521 | lr=1.13e-04 | wd=0.0000 | mom=0.9500 | T=10.5 k=3.2 (mu_rec=8 mu_bwd=4) | grad=4.812 | tok/s=25,847 | tokens=5.81B
step=177390 | loss=4.2143 | lr=1.13e-04 | wd=0.0000 | mom=0.9500 | T=4.2 k=3.0 (mu_rec=8 mu_bwd=4) | grad=4.719 | tok/s=23,207 | tokens=5.81B
step=177400 | loss=4.0048 | lr=1.13e-04 | wd=0.0000 | mom=0.9500 | T=8.5 k=4.0 (mu_rec=8 mu_bwd=4) | grad=4.000 | tok/s=24,506 | tokens=5.81B
step=177410 | loss=4.1751 | lr=1.13e-04 | wd=0.0000 | mom=0.9500 | T=5.8 k=3.2 (mu_rec=8 mu_bwd=4) | grad=4.844 | tok/s=25,463 | tokens=5.81B
step=177420 | loss=4.0875 | lr=1.12e-04 | wd=0.0000 | mom=0.9500 | T=12.8 k=3.8 (mu_rec=8 mu_bwd=4) | grad=4.219 | tok/s=23,221 | tokens=5.81B
step=177430 | loss=3.9119 | lr=1.12e-04 | wd=0.0000 | mom=0.9500 | T=8.2 k=4.0 (mu_rec=8 mu_bwd=4) | grad=4.062 | tok/s=24,757 | tokens=5.81B
step=177440 | loss=3.9562 | lr=1.12e-04 | wd=0.0000 | mom=0.9500 | T=8.5 k=4.0 (mu_rec=8 mu_bwd=4) | grad=4.656 | tok/s=23,942 | tokens=5.81B
step=177450 | loss=4.1681 | lr=1.12e-04 | wd=0.0000 | mom=0.9500 | T=7.8 k=3.5 (mu_rec=8 mu_bwd=4) | grad=3.797 | tok/s=24,927 | tokens=5.81B
step=177460 | loss=3.8559 | lr=1.11e-04 | wd=0.0000 | mom=0.9500 | T=6.5 k=3.5 (mu_rec=8 mu_bwd=4) | grad=22.125 | tok/s=24,852 | tokens=5.82B
step=177470 | loss=4.0035 | lr=1.11e-04 | wd=0.0000 | mom=0.9500 | T=4.2 k=3.5 (mu_rec=8 mu_bwd=4) | grad=6.562 | tok/s=27,129 | tokens=5.82B
step=177480 | loss=4.0134 | lr=1.11e-04 | wd=0.0000 | mom=0.9500 | T=7.8 k=4.0 (mu_rec=8 mu_bwd=4) | grad=5.219 | tok/s=23,101 | tokens=5.82B
step=177490 | loss=3.7277 | lr=1.11e-04 | wd=0.0000 | mom=0.9500 | T=8.0 k=4.0 (mu_rec=8 mu_bwd=4) | grad=4.156 | tok/s=22,503 | tokens=5.82B
step=177500 | loss=4.4718 | lr=1.10e-04 | wd=0.0000 | mom=0.9500 | T=10.2 k=4.0 (mu_rec=8 mu_bwd=4) | grad=3.703 | tok/s=22,417 | tokens=5.82B
step=177510 | loss=4.4767 | lr=1.10e-04 | wd=0.0000 | mom=0.9500 | T=7.8 k=4.0 (mu_rec=8 mu_bwd=4) | grad=4.438 | tok/s=22,524 | tokens=5.82B
step=177520 | loss=4.4049 | lr=1.10e-04 | wd=0.0000 | mom=0.9500 | T=4.2 k=2.8 (mu_rec=8 mu_bwd=4) | grad=3.984 | tok/s=24,549 | tokens=5.82B
step=177530 | loss=4.2418 | lr=1.10e-04 | wd=0.0000 | mom=0.9500 | T=8.0 k=4.0 (mu_rec=8 mu_bwd=4) | grad=4.375 | tok/s=23,853 | tokens=5.82B
step=177540 | loss=4.0008 | lr=1.09e-04 | wd=0.0000 | mom=0.9500 | T=14.8 k=3.8 (mu_rec=8 mu_bwd=4) | grad=3.703 | tok/s=22,899 | tokens=5.82B
step=177550 | loss=4.0690 | lr=1.09e-04 | wd=0.0000 | mom=0.9500 | T=9.0 k=3.8 (mu_rec=8 mu_bwd=4) | grad=3.609 | tok/s=23,841 | tokens=5.82B
step=177560 | loss=4.1242 | lr=1.09e-04 | wd=0.0000 | mom=0.9500 | T=9.0 k=4.0 (mu_rec=8 mu_bwd=4) | grad=3.812 | tok/s=23,052 | tokens=5.82B
step=177570 | loss=3.8291 | lr=1.09e-04 | wd=0.0000 | mom=0.9500 | T=10.5 k=3.5 (mu_rec=8 mu_bwd=4) | grad=3.719 | tok/s=24,455 | tokens=5.82B
step=177580 | loss=4.1367 | lr=1.08e-04 | wd=0.0000 | mom=0.9500 | T=12.2 k=4.0 (mu_rec=8 mu_bwd=4) | grad=4.625 | tok/s=22,988 | tokens=5.82B
step=177590 | loss=4.1322 | lr=1.08e-04 | wd=0.0000 | mom=0.9500 | T=10.0 k=3.2 (mu_rec=8 mu_bwd=4) | grad=6.750 | tok/s=24,449 | tokens=5.82B
step=177600 | loss=4.1315 | lr=1.08e-04 | wd=0.0000 | mom=0.9500 | T=9.0 k=3.8 (mu_rec=8 mu_bwd=4) | grad=6.344 | tok/s=23,271 | tokens=5.82B
step=177610 | loss=4.1563 | lr=1.08e-04 | wd=0.0000 | mom=0.9500 | T=5.0 k=4.0 (mu_rec=8 mu_bwd=4) | grad=4.562 | tok/s=24,215 | tokens=5.82B
step=177620 | loss=4.0812 | lr=1.07e-04 | wd=0.0000 | mom=0.9500 | T=7.8 k=4.0 (mu_rec=8 mu_bwd=4) | grad=4.625 | tok/s=23,740 | tokens=5.82B
step=177630 | loss=4.3542 | lr=1.07e-04 | wd=0.0000 | mom=0.9500 | T=12.2 k=4.0 (mu_rec=8 mu_bwd=4) | grad=4.625 | tok/s=23,714 | tokens=5.82B
step=177640 | loss=3.9522 | lr=1.07e-04 | wd=0.0000 | mom=0.9500 | T=8.8 k=4.0 (mu_rec=8 mu_bwd=4) | grad=3.719 | tok/s=22,608 | tokens=5.82B
step=177650 | loss=4.2103 | lr=1.07e-04 | wd=0.0000 | mom=0.9500 | T=8.0 k=4.0 (mu_rec=8 mu_bwd=4) | grad=7.250 | tok/s=23,327 | tokens=5.82B
step=177660 | loss=4.1778 | lr=1.06e-04 | wd=0.0000 | mom=0.9500 | T=15.2 k=4.0 (mu_rec=8 mu_bwd=4) | grad=4.531 | tok/s=22,191 | tokens=5.82B
step=177670 | loss=3.8653 | lr=1.06e-04 | wd=0.0000 | mom=0.9500 | T=9.5 k=3.8 (mu_rec=8 mu_bwd=4) | grad=6.250 | tok/s=22,946 | tokens=5.82B
step=177680 | loss=4.0793 | lr=1.06e-04 | wd=0.0000 | mom=0.9500 | T=6.0 k=3.5 (mu_rec=8 mu_bwd=4) | grad=5.406 | tok/s=23,211 | tokens=5.82B
step=177690 | loss=4.1561 | lr=1.06e-04 | wd=0.0000 | mom=0.9500 | T=9.2 k=4.0 (mu_rec=8 mu_bwd=4) | grad=5.188 | tok/s=9,850 | tokens=5.82B
step=177700 | loss=4.0194 | lr=1.05e-04 | wd=0.0000 | mom=0.9500 | T=7.5 k=4.0 (mu_rec=8 mu_bwd=4) | grad=4.844 | tok/s=22,991 | tokens=5.82B
step=177710 | loss=3.8683 | lr=1.05e-04 | wd=0.0000 | mom=0.9500 | T=5.8 k=3.2 (mu_rec=8 mu_bwd=4) | grad=7.781 | tok/s=24,416 | tokens=5.82B
step=177720 | loss=4.1818 | lr=1.05e-04 | wd=0.0000 | mom=0.9500 | T=8.5 k=4.0 (mu_rec=8 mu_bwd=4) | grad=3.922 | tok/s=21,629 | tokens=5.82B
step=177730 | loss=3.9277 | lr=1.05e-04 | wd=0.0000 | mom=0.9500 | T=8.0 k=4.0 (mu_rec=8 mu_bwd=4) | grad=6.219 | tok/s=24,858 | tokens=5.82B
step=177740 | loss=4.2487 | lr=1.04e-04 | wd=0.0000 | mom=0.9500 | T=9.2 k=4.0 (mu_rec=8 mu_bwd=4) | grad=3.703 | tok/s=24,827 | tokens=5.82B
step=177750 | loss=4.3790 | lr=1.04e-04 | wd=0.0000 | mom=0.9500 | T=11.2 k=3.2 (mu_rec=8 mu_bwd=4) | grad=4.000 | tok/s=22,838 | tokens=5.82B
step=177760 | loss=4.1392 | lr=1.04e-04 | wd=0.0000 | mom=0.9500 | T=6.2 k=4.0 (mu_rec=8 mu_bwd=4) | grad=4.500 | tok/s=23,943 | tokens=5.82B
step=177770 | loss=4.2418 | lr=1.04e-04 | wd=0.0000 | mom=0.9500 | T=7.0 k=3.2 (mu_rec=8 mu_bwd=4) | grad=5.438 | tok/s=23,963 | tokens=5.83B
step=177780 | loss=4.1522 | lr=1.03e-04 | wd=0.0000 | mom=0.9500 | T=8.2 k=3.5 (mu_rec=8 mu_bwd=4) | grad=4.656 | tok/s=23,607 | tokens=5.83B
step=177790 | loss=3.9757 | lr=1.03e-04 | wd=0.0000 | mom=0.9500 | T=9.2 k=4.0 (mu_rec=8 mu_bwd=4) | grad=4.750 | tok/s=23,738 | tokens=5.83B
step=177800 | loss=4.2272 | lr=1.03e-04 | wd=0.0000 | mom=0.9500 | T=8.5 k=4.0 (mu_rec=8 mu_bwd=4) | grad=3.625 | tok/s=23,366 | tokens=5.83B
step=177810 | loss=4.0839 | lr=1.03e-04 | wd=0.0000 | mom=0.9500 | T=10.8 k=4.0 (mu_rec=8 mu_bwd=4) | grad=3.734 | tok/s=23,576 | tokens=5.83B
step=177820 | loss=3.9916 | lr=1.02e-04 | wd=0.0000 | mom=0.9500 | T=6.2 k=4.0 (mu_rec=8 mu_bwd=4) | grad=4.438 | tok/s=23,587 | tokens=5.83B
step=177830 | loss=4.0516 | lr=1.02e-04 | wd=0.0000 | mom=0.9500 | T=11.2 k=4.0 (mu_rec=8 mu_bwd=4) | grad=3.641 | tok/s=23,708 | tokens=5.83B
step=177840 | loss=4.0381 | lr=1.02e-04 | wd=0.0000 | mom=0.9500 | T=7.8 k=3.8 (mu_rec=8 mu_bwd=4) | grad=4.844 | tok/s=24,637 | tokens=5.83B
step=177850 | loss=4.2859 | lr=1.02e-04 | wd=0.0000 | mom=0.9500 | T=7.0 k=3.8 (mu_rec=8 mu_bwd=4) | grad=3.453 | tok/s=23,335 | tokens=5.83B
step=177860 | loss=3.9918 | lr=1.01e-04 | wd=0.0000 | mom=0.9500 | T=15.5 k=4.0 (mu_rec=8 mu_bwd=4) | grad=4.219 | tok/s=22,997 | tokens=5.83B
step=177870 | loss=3.5918 | lr=1.01e-04 | wd=0.0000 | mom=0.9500 | T=8.5 k=4.0 (mu_rec=8 mu_bwd=4) | grad=3.875 | tok/s=24,439 | tokens=5.83B
step=177880 | loss=4.1013 | lr=1.01e-04 | wd=0.0000 | mom=0.9500 | T=13.5 k=4.0 (mu_rec=8 mu_bwd=4) | grad=4.375 | tok/s=22,963 | tokens=5.83B
step=177890 | loss=4.0191 | lr=1.01e-04 | wd=0.0000 | mom=0.9500 | T=3.2 k=3.0 (mu_rec=8 mu_bwd=4) | grad=4.875 | tok/s=24,958 | tokens=5.83B
step=177900 | loss=3.6222 | lr=1.00e-04 | wd=0.0000 | mom=0.9500 | T=3.8 k=2.8 (mu_rec=8 mu_bwd=4) | grad=6.375 | tok/s=25,630 | tokens=5.83B
step=177910 | loss=3.8744 | lr=1.00e-04 | wd=0.0000 | mom=0.9500 | T=9.0 k=4.0 (mu_rec=8 mu_bwd=4) | grad=3.484 | tok/s=23,616 | tokens=5.83B
step=177920 | loss=4.1576 | lr=9.99e-05 | wd=0.0000 | mom=0.9500 | T=3.0 k=2.8 (mu_rec=8 mu_bwd=4) | grad=4.781 | tok/s=24,880 | tokens=5.83B
step=177930 | loss=4.0132 | lr=9.96e-05 | wd=0.0000 | mom=0.9500 | T=8.5 k=4.0 (mu_rec=8 mu_bwd=4) | grad=3.719 | tok/s=26,452 | tokens=5.83B
step=177940 | loss=3.9129 | lr=9.94e-05 | wd=0.0000 | mom=0.9500 | T=8.5 k=4.0 (mu_rec=8 mu_bwd=4) | grad=4.312 | tok/s=23,530 | tokens=5.83B
step=177950 | loss=4.0129 | lr=9.91e-05 | wd=0.0000 | mom=0.9500 | T=6.2 k=3.5 (mu_rec=8 mu_bwd=4) | grad=3.906 | tok/s=24,161 | tokens=5.83B
step=177960 | loss=3.9155 | lr=9.89e-05 | wd=0.0000 | mom=0.9500 | T=6.2 k=3.8 (mu_rec=8 mu_bwd=4) | grad=4.344 | tok/s=24,702 | tokens=5.83B
step=177970 | loss=3.7993 | lr=9.87e-05 | wd=0.0000 | mom=0.9500 | T=4.2 k=3.5 (mu_rec=8 mu_bwd=4) | grad=4.344 | tok/s=22,902 | tokens=5.83B
step=177980 | loss=4.0557 | lr=9.84e-05 | wd=0.0000 | mom=0.9500 | T=7.2 k=3.5 (mu_rec=8 mu_bwd=4) | grad=3.766 | tok/s=23,203 | tokens=5.83B
step=177990 | loss=3.6007 | lr=9.82e-05 | wd=0.0000 | mom=0.9500 | T=5.2 k=2.8 (mu_rec=8 mu_bwd=4) | grad=5.250 | tok/s=24,329 | tokens=5.83B
step=178000 | loss=3.9540 | lr=9.79e-05 | wd=0.0000 | mom=0.9500 | T=6.2 k=3.5 (mu_rec=8 mu_bwd=4) | grad=7.156 | tok/s=25,410 | tokens=5.83B
[step 178000] Saved -> runs/cortex-5b-k4/checkpoint_0178000
[step 178000] Pruned -> runs/cortex-5b-k4/checkpoint_0172000
step=178010 | loss=4.0677 | lr=9.77e-05 | wd=0.0000 | mom=0.9500 | T=8.2 k=4.0 (mu_rec=8 mu_bwd=4) | grad=4.188 | tok/s=22,789 | tokens=5.83B
step=178020 | loss=4.2725 | lr=9.75e-05 | wd=0.0000 | mom=0.9500 | T=5.2 k=3.8 (mu_rec=8 mu_bwd=4) | grad=7.438 | tok/s=23,604 | tokens=5.83B
step=178030 | loss=4.2106 | lr=9.72e-05 | wd=0.0000 | mom=0.9500 | T=16.5 k=4.0 (mu_rec=8 mu_bwd=4) | grad=5.750 | tok/s=21,696 | tokens=5.83B
step=178040 | loss=4.1630 | lr=9.70e-05 | wd=0.0000 | mom=0.9500 | T=9.5 k=3.8 (mu_rec=8 mu_bwd=4) | grad=7.188 | tok/s=22,953 | tokens=5.83B
step=178050 | loss=4.4470 | lr=9.67e-05 | wd=0.0000 | mom=0.9500 | T=6.5 k=3.8 (mu_rec=8 mu_bwd=4) | grad=6.344 | tok/s=23,845 | tokens=5.83B
step=178060 | loss=4.0494 | lr=9.65e-05 | wd=0.0000 | mom=0.9500 | T=4.8 k=3.5 (mu_rec=8 mu_bwd=4) | grad=9.250 | tok/s=24,061 | tokens=5.83B
step=178070 | loss=4.0310 | lr=9.63e-05 | wd=0.0000 | mom=0.9500 | T=5.8 k=4.0 (mu_rec=8 mu_bwd=4) | grad=3.797 | tok/s=25,018 | tokens=5.83B
step=178080 | loss=4.1792 | lr=9.60e-05 | wd=0.0000 | mom=0.9500 | T=4.8 k=3.2 (mu_rec=8 mu_bwd=4) | grad=4.469 | tok/s=25,107 | tokens=5.84B
step=178090 | loss=4.1804 | lr=9.58e-05 | wd=0.0000 | mom=0.9500 | T=6.2 k=3.0 (mu_rec=8 mu_bwd=4) | grad=4.062 | tok/s=9,946 | tokens=5.84B
step=178100 | loss=4.3212 | lr=9.55e-05 | wd=0.0000 | mom=0.9500 | T=6.8 k=3.8 (mu_rec=8 mu_bwd=4) | grad=5.438 | tok/s=24,577 | tokens=5.84B
step=178110 | loss=4.1286 | lr=9.53e-05 | wd=0.0000 | mom=0.9500 | T=7.8 k=4.0 (mu_rec=8 mu_bwd=4) | grad=4.844 | tok/s=23,196 | tokens=5.84B
step=178120 | loss=3.9892 | lr=9.51e-05 | wd=0.0000 | mom=0.9500 | T=7.2 k=3.5 (mu_rec=8 mu_bwd=4) | grad=4.125 | tok/s=22,965 | tokens=5.84B
step=178130 | loss=3.9731 | lr=9.48e-05 | wd=0.0000 | mom=0.9500 | T=8.2 k=4.0 (mu_rec=8 mu_bwd=4) | grad=4.344 | tok/s=23,667 | tokens=5.84B
step=178140 | loss=3.8634 | lr=9.46e-05 | wd=0.0000 | mom=0.9500 | T=6.5 k=4.0 (mu_rec=8 mu_bwd=4) | grad=6.375 | tok/s=25,477 | tokens=5.84B
step=178150 | loss=3.9346 | lr=9.43e-05 | wd=0.0000 | mom=0.9500 | T=6.5 k=3.2 (mu_rec=8 mu_bwd=4) | grad=19.500 | tok/s=24,755 | tokens=5.84B
step=178160 | loss=3.9421 | lr=9.41e-05 | wd=0.0000 | mom=0.9500 | T=7.0 k=3.5 (mu_rec=8 mu_bwd=4) | grad=7.250 | tok/s=23,052 | tokens=5.84B
step=178170 | loss=3.9344 | lr=9.39e-05 | wd=0.0000 | mom=0.9500 | T=5.5 k=3.8 (mu_rec=8 mu_bwd=4) | grad=3.484 | tok/s=23,452 | tokens=5.84B
step=178180 | loss=4.1601 | lr=9.36e-05 | wd=0.0000 | mom=0.9500 | T=13.0 k=3.8 (mu_rec=8 mu_bwd=4) | grad=3.734 | tok/s=23,777 | tokens=5.84B
step=178190 | loss=3.9863 | lr=9.34e-05 | wd=0.0000 | mom=0.9500 | T=6.5 k=3.5 (mu_rec=8 mu_bwd=4) | grad=4.281 | tok/s=23,095 | tokens=5.84B
step=178200 | loss=4.2050 | lr=9.32e-05 | wd=0.0000 | mom=0.9500 | T=12.0 k=4.0 (mu_rec=8 mu_bwd=4) | grad=3.656 | tok/s=25,738 | tokens=5.84B
step=178210 | loss=4.4986 | lr=9.29e-05 | wd=0.0000 | mom=0.9500 | T=7.5 k=4.0 (mu_rec=8 mu_bwd=4) | grad=7.312 | tok/s=24,919 | tokens=5.84B
step=178220 | loss=4.7291 | lr=9.27e-05 | wd=0.0000 | mom=0.9500 | T=9.0 k=4.0 (mu_rec=8 mu_bwd=4) | grad=4.312 | tok/s=23,876 | tokens=5.84B
step=178230 | loss=3.5431 | lr=9.25e-05 | wd=0.0000 | mom=0.9500 | T=7.5 k=4.0 (mu_rec=8 mu_bwd=4) | grad=6.281 | tok/s=22,909 | tokens=5.84B
step=178240 | loss=4.0480 | lr=9.22e-05 | wd=0.0000 | mom=0.9500 | T=6.0 k=3.5 (mu_rec=8 mu_bwd=4) | grad=4.500 | tok/s=23,667 | tokens=5.84B
step=178250 | loss=4.1184 | lr=9.20e-05 | wd=0.0000 | mom=0.9500 | T=10.2 k=4.0 (mu_rec=8 mu_bwd=4) | grad=3.406 | tok/s=25,330 | tokens=5.84B
step=178260 | loss=4.0203 | lr=9.18e-05 | wd=0.0000 | mom=0.9500 | T=3.8 k=3.2 (mu_rec=8 mu_bwd=4) | grad=6.969 | tok/s=23,449 | tokens=5.84B
step=178270 | loss=4.0269 | lr=9.15e-05 | wd=0.0000 | mom=0.9500 | T=8.2 k=3.8 (mu_rec=8 mu_bwd=4) | grad=3.719 | tok/s=24,567 | tokens=5.84B
step=178280 | loss=4.0621 | lr=9.13e-05 | wd=0.0000 | mom=0.9500 | T=10.0 k=2.8 (mu_rec=8 mu_bwd=4) | grad=3.578 | tok/s=24,229 | tokens=5.84B
step=178290 | loss=4.1956 | lr=9.11e-05 | wd=0.0000 | mom=0.9500 | T=4.8 k=3.2 (mu_rec=8 mu_bwd=4) | grad=4.656 | tok/s=23,911 | tokens=5.84B
step=178300 | loss=3.6577 | lr=9.08e-05 | wd=0.0000 | mom=0.9500 | T=7.5 k=4.0 (mu_rec=8 mu_bwd=4) | grad=3.672 | tok/s=23,925 | tokens=5.84B
step=178310 | loss=3.9218 | lr=9.06e-05 | wd=0.0000 | mom=0.9500 | T=6.2 k=3.5 (mu_rec=8 mu_bwd=4) | grad=4.281 | tok/s=24,454 | tokens=5.84B
step=178320 | loss=3.8728 | lr=9.04e-05 | wd=0.0000 | mom=0.9500 | T=8.2 k=4.0 (mu_rec=8 mu_bwd=4) | grad=3.719 | tok/s=24,028 | tokens=5.84B
step=178330 | loss=3.9397 | lr=9.01e-05 | wd=0.0000 | mom=0.9500 | T=6.5 k=4.0 (mu_rec=8 mu_bwd=4) | grad=3.594 | tok/s=23,835 | tokens=5.84B
step=178340 | loss=4.1849 | lr=8.99e-05 | wd=0.0000 | mom=0.9500 | T=5.0 k=3.0 (mu_rec=8 mu_bwd=4) | grad=5.688 | tok/s=23,555 | tokens=5.84B
step=178350 | loss=3.9749 | lr=8.97e-05 | wd=0.0000 | mom=0.9500 | T=7.2 k=3.8 (mu_rec=8 mu_bwd=4) | grad=5.500 | tok/s=22,114 | tokens=5.84B
step=178360 | loss=3.9151 | lr=8.94e-05 | wd=0.0000 | mom=0.9500 | T=5.2 k=3.5 (mu_rec=8 mu_bwd=4) | grad=3.734 | tok/s=24,453 | tokens=5.84B
step=178370 | loss=4.0548 | lr=8.92e-05 | wd=0.0000 | mom=0.9500 | T=7.2 k=3.0 (mu_rec=8 mu_bwd=4) | grad=3.984 | tok/s=24,299 | tokens=5.84B
step=178380 | loss=4.1316 | lr=8.90e-05 | wd=0.0000 | mom=0.9500 | T=6.0 k=3.2 (mu_rec=8 mu_bwd=4) | grad=3.891 | tok/s=24,179 | tokens=5.85B
step=178390 | loss=4.1047 | lr=8.88e-05 | wd=0.0000 | mom=0.9500 | T=9.2 k=4.0 (mu_rec=8 mu_bwd=4) | grad=4.125 | tok/s=22,802 | tokens=5.85B
step=178400 | loss=3.9536 | lr=8.85e-05 | wd=0.0000 | mom=0.9500 | T=8.8 k=4.0 (mu_rec=8 mu_bwd=4) | grad=3.969 | tok/s=23,667 | tokens=5.85B
step=178410 | loss=4.2009 | lr=8.83e-05 | wd=0.0000 | mom=0.9500 | T=6.8 k=3.5 (mu_rec=8 mu_bwd=4) | grad=4.375 | tok/s=22,023 | tokens=5.85B
step=178420 | loss=4.5016 | lr=8.81e-05 | wd=0.0000 | mom=0.9500 | T=10.2 k=4.0 (mu_rec=8 mu_bwd=4) | grad=5.844 | tok/s=23,324 | tokens=5.85B
step=178430 | loss=4.1003 | lr=8.78e-05 | wd=0.0000 | mom=0.9500 | T=5.2 k=3.2 (mu_rec=8 mu_bwd=4) | grad=8.250 | tok/s=25,759 | tokens=5.85B
step=178440 | loss=4.0133 | lr=8.76e-05 | wd=0.0000 | mom=0.9500 | T=12.0 k=4.0 (mu_rec=8 mu_bwd=4) | grad=3.703 | tok/s=21,558 | tokens=5.85B
step=178450 | loss=4.3624 | lr=8.74e-05 | wd=0.0000 | mom=0.9500 | T=6.2 k=3.5 (mu_rec=8 mu_bwd=4) | grad=5.375 | tok/s=23,420 | tokens=5.85B
step=178460 | loss=4.2600 | lr=8.72e-05 | wd=0.0000 | mom=0.9500 | T=8.0 k=4.0 (mu_rec=8 mu_bwd=4) | grad=10.688 | tok/s=23,193 | tokens=5.85B
step=178470 | loss=4.2510 | lr=8.69e-05 | wd=0.0000 | mom=0.9500 | T=10.2 k=4.0 (mu_rec=8 mu_bwd=4) | grad=4.125 | tok/s=23,506 | tokens=5.85B
step=178480 | loss=3.7882 | lr=8.67e-05 | wd=0.0000 | mom=0.9500 | T=4.8 k=3.5 (mu_rec=8 mu_bwd=4) | grad=11.875 | tok/s=24,559 | tokens=5.85B
step=178490 | loss=4.0911 | lr=8.65e-05 | wd=0.0000 | mom=0.9500 | T=6.2 k=4.0 (mu_rec=8 mu_bwd=4) | grad=6.062 | tok/s=23,151 | tokens=5.85B
step=178500 | loss=4.3434 | lr=8.62e-05 | wd=0.0000 | mom=0.9500 | T=10.0 k=3.5 (mu_rec=8 mu_bwd=4) | grad=4.781 | tok/s=22,870 | tokens=5.85B
step=178510 | loss=4.0154 | lr=8.60e-05 | wd=0.0000 | mom=0.9500 | T=8.8 k=4.0 (mu_rec=8 mu_bwd=4) | grad=4.812 | tok/s=23,564 | tokens=5.85B
step=178520 | loss=4.3128 | lr=8.58e-05 | wd=0.0000 | mom=0.9500 | T=6.8 k=4.0 (mu_rec=8 mu_bwd=4) | grad=4.750 | tok/s=23,132 | tokens=5.85B
step=178530 | loss=4.1716 | lr=8.56e-05 | wd=0.0000 | mom=0.9500 | T=6.0 k=4.0 (mu_rec=8 mu_bwd=4) | grad=4.469 | tok/s=23,230 | tokens=5.85B
step=178540 | loss=4.1779 | lr=8.53e-05 | wd=0.0000 | mom=0.9500 | T=5.2 k=4.0 (mu_rec=8 mu_bwd=4) | grad=4.500 | tok/s=22,979 | tokens=5.85B
step=178550 | loss=4.2592 | lr=8.51e-05 | wd=0.0000 | mom=0.9500 | T=10.5 k=3.2 (mu_rec=8 mu_bwd=4) | grad=4.969 | tok/s=22,747 | tokens=5.85B
step=178560 | loss=4.0846 | lr=8.49e-05 | wd=0.0000 | mom=0.9500 | T=7.0 k=3.2 (mu_rec=8 mu_bwd=4) | grad=7.312 | tok/s=24,773 | tokens=5.85B
step=178570 | loss=4.4450 | lr=8.47e-05 | wd=0.0000 | mom=0.9500 | T=18.2 k=4.0 (mu_rec=8 mu_bwd=4) | grad=5.656 | tok/s=23,866 | tokens=5.85B
step=178580 | loss=4.4035 | lr=8.45e-05 | wd=0.0000 | mom=0.9500 | T=8.5 k=4.0 (mu_rec=8 mu_bwd=4) | grad=5.125 | tok/s=24,174 | tokens=5.85B
step=178590 | loss=4.3705 | lr=8.42e-05 | wd=0.0000 | mom=0.9500 | T=9.2 k=3.5 (mu_rec=8 mu_bwd=4) | grad=5.938 | tok/s=9,709 | tokens=5.85B
step=178600 | loss=4.1470 | lr=8.40e-05 | wd=0.0000 | mom=0.9500 | T=5.8 k=3.5 (mu_rec=8 mu_bwd=4) | grad=4.375 | tok/s=22,195 | tokens=5.85B
step=178610 | loss=3.9882 | lr=8.38e-05 | wd=0.0000 | mom=0.9500 | T=7.0 k=4.0 (mu_rec=8 mu_bwd=4) | grad=10.625 | tok/s=25,102 | tokens=5.85B
step=178620 | loss=4.0759 | lr=8.36e-05 | wd=0.0000 | mom=0.9500 | T=7.5 k=4.0 (mu_rec=8 mu_bwd=4) | grad=6.250 | tok/s=22,862 | tokens=5.85B
step=178630 | loss=4.0481 | lr=8.33e-05 | wd=0.0000 | mom=0.9500 | T=5.5 k=3.5 (mu_rec=8 mu_bwd=4) | grad=3.625 | tok/s=24,398 | tokens=5.85B
step=178640 | loss=4.6434 | lr=8.31e-05 | wd=0.0000 | mom=0.9500 | T=6.5 k=3.0 (mu_rec=8 mu_bwd=4) | grad=5.938 | tok/s=25,435 | tokens=5.85B
step=178650 | loss=4.5720 | lr=8.29e-05 | wd=0.0000 | mom=0.9500 | T=6.8 k=3.2 (mu_rec=8 mu_bwd=4) | grad=5.656 | tok/s=23,394 | tokens=5.85B
step=178660 | loss=4.3415 | lr=8.27e-05 | wd=0.0000 | mom=0.9500 | T=14.0 k=4.0 (mu_rec=8 mu_bwd=4) | grad=9.250 | tok/s=23,109 | tokens=5.85B
step=178670 | loss=3.9209 | lr=8.25e-05 | wd=0.0000 | mom=0.9500 | T=6.0 k=3.8 (mu_rec=8 mu_bwd=4) | grad=4.344 | tok/s=22,779 | tokens=5.85B
step=178680 | loss=3.9755 | lr=8.22e-05 | wd=0.0000 | mom=0.9500 | T=6.8 k=3.8 (mu_rec=8 mu_bwd=4) | grad=4.969 | tok/s=22,848 | tokens=5.85B
step=178690 | loss=4.0380 | lr=8.20e-05 | wd=0.0000 | mom=0.9500 | T=7.8 k=4.0 (mu_rec=8 mu_bwd=4) | grad=4.500 | tok/s=24,403 | tokens=5.86B
step=178700 | loss=4.3262 | lr=8.18e-05 | wd=0.0000 | mom=0.9500 | T=6.0 k=4.0 (mu_rec=8 mu_bwd=4) | grad=3.859 | tok/s=22,236 | tokens=5.86B
step=178710 | loss=3.9213 | lr=8.16e-05 | wd=0.0000 | mom=0.9500 | T=8.5 k=3.8 (mu_rec=8 mu_bwd=4) | grad=4.531 | tok/s=25,812 | tokens=5.86B
step=178720 | loss=4.1109 | lr=8.14e-05 | wd=0.0000 | mom=0.9500 | T=4.8 k=3.0 (mu_rec=8 mu_bwd=4) | grad=4.250 | tok/s=25,024 | tokens=5.86B
step=178730 | loss=4.1392 | lr=8.11e-05 | wd=0.0000 | mom=0.9500 | T=5.2 k=3.5 (mu_rec=8 mu_bwd=4) | grad=4.344 | tok/s=25,590 | tokens=5.86B
step=178740 | loss=4.7335 | lr=8.09e-05 | wd=0.0000 | mom=0.9500 | T=6.5 k=3.2 (mu_rec=8 mu_bwd=4) | grad=7.875 | tok/s=24,808 | tokens=5.86B
step=178750 | loss=4.7027 | lr=8.07e-05 | wd=0.0000 | mom=0.9500 | T=7.5 k=4.0 (mu_rec=8 mu_bwd=4) | grad=4.875 | tok/s=22,179 | tokens=5.86B
step=178760 | loss=4.2519 | lr=8.05e-05 | wd=0.0000 | mom=0.9500 | T=3.8 k=3.0 (mu_rec=8 mu_bwd=4) | grad=3.953 | tok/s=24,457 | tokens=5.86B
step=178770 | loss=4.1441 | lr=8.03e-05 | wd=0.0000 | mom=0.9500 | T=3.8 k=3.2 (mu_rec=8 mu_bwd=4) | grad=6.031 | tok/s=24,552 | tokens=5.86B
step=178780 | loss=4.5554 | lr=8.01e-05 | wd=0.0000 | mom=0.9500 | T=6.5 k=3.2 (mu_rec=8 mu_bwd=4) | grad=4.125 | tok/s=23,199 | tokens=5.86B
step=178790 | loss=3.9379 | lr=7.98e-05 | wd=0.0000 | mom=0.9500 | T=4.0 k=3.2 (mu_rec=8 mu_bwd=4) | grad=4.562 | tok/s=25,545 | tokens=5.86B
step=178800 | loss=3.9758 | lr=7.96e-05 | wd=0.0000 | mom=0.9500 | T=5.0 k=3.0 (mu_rec=8 mu_bwd=4) | grad=4.719 | tok/s=24,627 | tokens=5.86B
step=178810 | loss=4.2631 | lr=7.94e-05 | wd=0.0000 | mom=0.9500 | T=8.0 k=4.0 (mu_rec=8 mu_bwd=4) | grad=3.703 | tok/s=24,649 | tokens=5.86B
step=178820 | loss=3.8907 | lr=7.92e-05 | wd=0.0000 | mom=0.9500 | T=5.5 k=3.5 (mu_rec=8 mu_bwd=4) | grad=6.656 | tok/s=22,821 | tokens=5.86B
step=178830 | loss=4.0820 | lr=7.90e-05 | wd=0.0000 | mom=0.9500 | T=10.0 k=4.0 (mu_rec=8 mu_bwd=4) | grad=5.969 | tok/s=23,476 | tokens=5.86B
step=178840 | loss=4.0751 | lr=7.88e-05 | wd=0.0000 | mom=0.9500 | T=8.0 k=3.8 (mu_rec=8 mu_bwd=4) | grad=4.594 | tok/s=24,804 | tokens=5.86B
step=178850 | loss=3.9238 | lr=7.86e-05 | wd=0.0000 | mom=0.9500 | T=8.2 k=3.8 (mu_rec=8 mu_bwd=4) | grad=3.531 | tok/s=23,092 | tokens=5.86B
step=178860 | loss=3.9400 | lr=7.83e-05 | wd=0.0000 | mom=0.9500 | T=6.0 k=3.5 (mu_rec=8 mu_bwd=4) | grad=6.750 | tok/s=24,591 | tokens=5.86B
step=178870 | loss=4.0121 | lr=7.81e-05 | wd=0.0000 | mom=0.9500 | T=7.8 k=3.5 (mu_rec=8 mu_bwd=4) | grad=5.438 | tok/s=24,083 | tokens=5.86B
step=178880 | loss=3.9592 | lr=7.79e-05 | wd=0.0000 | mom=0.9500 | T=7.0 k=3.5 (mu_rec=8 mu_bwd=4) | grad=4.969 | tok/s=22,004 | tokens=5.86B
step=178890 | loss=3.9368 | lr=7.77e-05 | wd=0.0000 | mom=0.9500 | T=4.5 k=3.2 (mu_rec=8 mu_bwd=4) | grad=4.406 | tok/s=25,307 | tokens=5.86B
step=178900 | loss=3.7145 | lr=7.75e-05 | wd=0.0000 | mom=0.9500 | T=6.0 k=3.5 (mu_rec=8 mu_bwd=4) | grad=3.906 | tok/s=24,237 | tokens=5.86B
step=178910 | loss=3.8240 | lr=7.73e-05 | wd=0.0000 | mom=0.9500 | T=5.5 k=3.2 (mu_rec=8 mu_bwd=4) | grad=4.094 | tok/s=24,941 | tokens=5.86B
step=178920 | loss=3.9573 | lr=7.71e-05 | wd=0.0000 | mom=0.9500 | T=4.8 k=3.5 (mu_rec=8 mu_bwd=4) | grad=3.594 | tok/s=26,141 | tokens=5.86B
step=178930 | loss=4.0572 | lr=7.69e-05 | wd=0.0000 | mom=0.9500 | T=13.0 k=4.0 (mu_rec=8 mu_bwd=4) | grad=4.094 | tok/s=23,483 | tokens=5.86B
step=178940 | loss=4.0333 | lr=7.67e-05 | wd=0.0000 | mom=0.9500 | T=5.8 k=3.5 (mu_rec=8 mu_bwd=4) | grad=5.031 | tok/s=24,626 | tokens=5.86B
step=178950 | loss=4.0662 | lr=7.64e-05 | wd=0.0000 | mom=0.9500 | T=8.2 k=3.5 (mu_rec=8 mu_bwd=4) | grad=3.531 | tok/s=23,757 | tokens=5.86B
step=178960 | loss=4.3115 | lr=7.62e-05 | wd=0.0000 | mom=0.9500 | T=7.0 k=3.5 (mu_rec=8 mu_bwd=4) | grad=5.688 | tok/s=23,484 | tokens=5.86B
step=178970 | loss=3.5852 | lr=7.60e-05 | wd=0.0000 | mom=0.9500 | T=5.2 k=4.0 (mu_rec=8 mu_bwd=4) | grad=5.938 | tok/s=23,986 | tokens=5.86B
step=178980 | loss=4.0774 | lr=7.58e-05 | wd=0.0000 | mom=0.9500 | T=8.8 k=4.0 (mu_rec=8 mu_bwd=4) | grad=3.594 | tok/s=23,368 | tokens=5.86B
step=178990 | loss=3.9726 | lr=7.56e-05 | wd=0.0000 | mom=0.9500 | T=10.5 k=3.8 (mu_rec=8 mu_bwd=4) | grad=4.125 | tok/s=10,162 | tokens=5.87B
step=179000 | loss=3.8506 | lr=7.54e-05 | wd=0.0000 | mom=0.9500 | T=8.0 k=3.5 (mu_rec=8 mu_bwd=4) | grad=5.281 | tok/s=24,224 | tokens=5.87B
step=179010 | loss=4.1379 | lr=7.52e-05 | wd=0.0000 | mom=0.9500 | T=11.8 k=3.2 (mu_rec=8 mu_bwd=4) | grad=4.062 | tok/s=24,790 | tokens=5.87B
step=179020 | loss=3.9237 | lr=7.50e-05 | wd=0.0000 | mom=0.9500 | T=11.8 k=4.0 (mu_rec=8 mu_bwd=4) | grad=3.344 | tok/s=24,520 | tokens=5.87B
step=179030 | loss=3.8368 | lr=7.48e-05 | wd=0.0000 | mom=0.9500 | T=5.5 k=3.5 (mu_rec=8 mu_bwd=4) | grad=3.812 | tok/s=23,907 | tokens=5.87B
step=179040 | loss=4.2676 | lr=7.46e-05 | wd=0.0000 | mom=0.9500 | T=7.5 k=4.0 (mu_rec=8 mu_bwd=4) | grad=4.969 | tok/s=22,668 | tokens=5.87B
step=179050 | loss=4.0933 | lr=7.44e-05 | wd=0.0000 | mom=0.9500 | T=13.2 k=4.0 (mu_rec=8 mu_bwd=4) | grad=3.844 | tok/s=23,159 | tokens=5.87B
step=179060 | loss=4.0571 | lr=7.42e-05 | wd=0.0000 | mom=0.9500 | T=5.8 k=4.0 (mu_rec=8 mu_bwd=4) | grad=5.781 | tok/s=24,997 | tokens=5.87B
step=179070 | loss=4.0690 | lr=7.40e-05 | wd=0.0000 | mom=0.9500 | T=9.2 k=3.5 (mu_rec=8 mu_bwd=4) | grad=5.250 | tok/s=22,346 | tokens=5.87B
step=179080 | loss=3.8975 | lr=7.37e-05 | wd=0.0000 | mom=0.9500 | T=5.2 k=3.2 (mu_rec=8 mu_bwd=4) | grad=3.984 | tok/s=23,475 | tokens=5.87B
step=179090 | loss=4.5768 | lr=7.35e-05 | wd=0.0000 | mom=0.9500 | T=9.8 k=4.0 (mu_rec=8 mu_bwd=4) | grad=9.312 | tok/s=22,838 | tokens=5.87B
step=179100 | loss=4.6021 | lr=7.33e-05 | wd=0.0000 | mom=0.9500 | T=6.0 k=3.8 (mu_rec=8 mu_bwd=4) | grad=9.375 | tok/s=24,841 | tokens=5.87B
step=179110 | loss=4.0214 | lr=7.31e-05 | wd=0.0000 | mom=0.9500 | T=8.2 k=3.5 (mu_rec=8 mu_bwd=4) | grad=3.984 | tok/s=26,312 | tokens=5.87B
step=179120 | loss=3.9641 | lr=7.29e-05 | wd=0.0000 | mom=0.9500 | T=11.0 k=4.0 (mu_rec=8 mu_bwd=4) | grad=10.438 | tok/s=23,112 | tokens=5.87B
step=179130 | loss=4.3852 | lr=7.27e-05 | wd=0.0000 | mom=0.9500 | T=6.5 k=4.0 (mu_rec=8 mu_bwd=4) | grad=3.812 | tok/s=21,842 | tokens=5.87B
step=179140 | loss=4.3856 | lr=7.25e-05 | wd=0.0000 | mom=0.9500 | T=10.0 k=3.8 (mu_rec=8 mu_bwd=4) | grad=6.031 | tok/s=22,500 | tokens=5.87B
step=179150 | loss=4.0077 | lr=7.23e-05 | wd=0.0000 | mom=0.9500 | T=15.2 k=4.0 (mu_rec=8 mu_bwd=4) | grad=3.531 | tok/s=23,382 | tokens=5.87B
step=179160 | loss=4.0707 | lr=7.21e-05 | wd=0.0000 | mom=0.9500 | T=4.8 k=3.5 (mu_rec=8 mu_bwd=4) | grad=4.125 | tok/s=24,809 | tokens=5.87B
step=179170 | loss=4.0688 | lr=7.19e-05 | wd=0.0000 | mom=0.9500 | T=11.8 k=4.0 (mu_rec=8 mu_bwd=4) | grad=3.734 | tok/s=23,889 | tokens=5.87B
step=179180 | loss=3.8810 | lr=7.17e-05 | wd=0.0000 | mom=0.9500 | T=6.5 k=4.0 (mu_rec=8 mu_bwd=4) | grad=4.281 | tok/s=25,196 | tokens=5.87B
step=179190 | loss=4.0272 | lr=7.15e-05 | wd=0.0000 | mom=0.9500 | T=7.5 k=4.0 (mu_rec=8 mu_bwd=4) | grad=33.500 | tok/s=25,070 | tokens=5.87B
step=179200 | loss=3.4838 | lr=7.13e-05 | wd=0.0000 | mom=0.9500 | T=4.5 k=3.2 (mu_rec=8 mu_bwd=4) | grad=3.672 | tok/s=24,141 | tokens=5.87B
step=179210 | loss=4.0415 | lr=7.11e-05 | wd=0.0000 | mom=0.9500 | T=7.8 k=4.0 (mu_rec=8 mu_bwd=4) | grad=4.344 | tok/s=24,699 | tokens=5.87B
step=179220 | loss=4.1150 | lr=7.09e-05 | wd=0.0000 | mom=0.9500 | T=17.0 k=4.0 (mu_rec=8 mu_bwd=4) | grad=3.047 | tok/s=23,952 | tokens=5.87B
step=179230 | loss=3.9660 | lr=7.07e-05 | wd=0.0000 | mom=0.9500 | T=10.2 k=4.0 (mu_rec=8 mu_bwd=4) | grad=3.844 | tok/s=24,459 | tokens=5.87B
step=179240 | loss=3.7077 | lr=7.05e-05 | wd=0.0000 | mom=0.9500 | T=10.5 k=4.0 (mu_rec=8 mu_bwd=4) | grad=3.609 | tok/s=24,457 | tokens=5.87B
step=179250 | loss=4.0975 | lr=7.03e-05 | wd=0.0000 | mom=0.9500 | T=5.8 k=2.5 (mu_rec=8 mu_bwd=4) | grad=3.953 | tok/s=24,426 | tokens=5.87B
step=179260 | loss=3.8353 | lr=7.01e-05 | wd=0.0000 | mom=0.9500 | T=8.0 k=4.0 (mu_rec=8 mu_bwd=4) | grad=3.359 | tok/s=22,853 | tokens=5.87B
step=179270 | loss=4.0566 | lr=6.99e-05 | wd=0.0000 | mom=0.9500 | T=4.8 k=3.0 (mu_rec=8 mu_bwd=4) | grad=3.875 | tok/s=24,336 | tokens=5.87B
step=179280 | loss=3.9391 | lr=6.97e-05 | wd=0.0000 | mom=0.9500 | T=6.0 k=3.5 (mu_rec=8 mu_bwd=4) | grad=9.250 | tok/s=25,041 | tokens=5.87B
step=179290 | loss=3.8486 | lr=6.95e-05 | wd=0.0000 | mom=0.9500 | T=7.8 k=4.0 (mu_rec=8 mu_bwd=4) | grad=3.359 | tok/s=23,636 | tokens=5.87B
step=179300 | loss=4.1283 | lr=6.93e-05 | wd=0.0000 | mom=0.9500 | T=8.5 k=3.5 (mu_rec=8 mu_bwd=4) | grad=12.562 | tok/s=24,061 | tokens=5.88B
step=179310 | loss=4.0365 | lr=6.91e-05 | wd=0.0000 | mom=0.9500 | T=13.5 k=4.0 (mu_rec=8 mu_bwd=4) | grad=3.734 | tok/s=23,324 | tokens=5.88B
step=179320 | loss=4.0216 | lr=6.89e-05 | wd=0.0000 | mom=0.9500 | T=5.8 k=4.0 (mu_rec=8 mu_bwd=4) | grad=4.375 | tok/s=23,720 | tokens=5.88B
step=179330 | loss=4.0495 | lr=6.87e-05 | wd=0.0000 | mom=0.9500 | T=11.0 k=3.8 (mu_rec=8 mu_bwd=4) | grad=3.562 | tok/s=22,893 | tokens=5.88B
step=179340 | loss=4.0792 | lr=6.86e-05 | wd=0.0000 | mom=0.9500 | T=6.2 k=3.2 (mu_rec=8 mu_bwd=4) | grad=4.156 | tok/s=24,504 | tokens=5.88B
step=179350 | loss=3.7643 | lr=6.84e-05 | wd=0.0000 | mom=0.9500 | T=5.0 k=3.8 (mu_rec=8 mu_bwd=4) | grad=12.188 | tok/s=23,747 | tokens=5.88B
step=179360 | loss=3.9587 | lr=6.82e-05 | wd=0.0000 | mom=0.9500 | T=7.2 k=4.0 (mu_rec=8 mu_bwd=4) | grad=5.531 | tok/s=22,834 | tokens=5.88B
step=179370 | loss=3.7785 | lr=6.80e-05 | wd=0.0000 | mom=0.9500 | T=9.0 k=4.0 (mu_rec=8 mu_bwd=4) | grad=10.562 | tok/s=24,013 | tokens=5.88B
step=179380 | loss=3.9900 | lr=6.78e-05 | wd=0.0000 | mom=0.9500 | T=7.5 k=4.0 (mu_rec=8 mu_bwd=4) | grad=3.703 | tok/s=24,170 | tokens=5.88B
step=179390 | loss=3.7290 | lr=6.76e-05 | wd=0.0000 | mom=0.9500 | T=8.8 k=4.0 (mu_rec=8 mu_bwd=4) | grad=3.375 | tok/s=22,580 | tokens=5.88B
step=179400 | loss=4.1389 | lr=6.74e-05 | wd=0.0000 | mom=0.9500 | T=7.5 k=4.0 (mu_rec=8 mu_bwd=4) | grad=3.453 | tok/s=24,835 | tokens=5.88B
step=179410 | loss=3.8666 | lr=6.72e-05 | wd=0.0000 | mom=0.9500 | T=7.8 k=4.0 (mu_rec=8 mu_bwd=4) | grad=4.125 | tok/s=24,321 | tokens=5.88B
step=179420 | loss=3.9594 | lr=6.70e-05 | wd=0.0000 | mom=0.9500 | T=6.0 k=4.0 (mu_rec=8 mu_bwd=4) | grad=3.203 | tok/s=24,496 | tokens=5.88B
step=179430 | loss=3.9690 | lr=6.68e-05 | wd=0.0000 | mom=0.9500 | T=10.5 k=3.2 (mu_rec=8 mu_bwd=4) | grad=4.938 | tok/s=22,347 | tokens=5.88B
step=179440 | loss=4.0702 | lr=6.66e-05 | wd=0.0000 | mom=0.9500 | T=7.2 k=4.0 (mu_rec=8 mu_bwd=4) | grad=6.969 | tok/s=23,744 | tokens=5.88B
step=179450 | loss=4.2474 | lr=6.64e-05 | wd=0.0000 | mom=0.9500 | T=6.0 k=3.8 (mu_rec=8 mu_bwd=4) | grad=5.219 | tok/s=23,316 | tokens=5.88B
step=179460 | loss=4.0157 | lr=6.62e-05 | wd=0.0000 | mom=0.9500 | T=4.2 k=3.5 (mu_rec=8 mu_bwd=4) | grad=3.609 | tok/s=24,559 | tokens=5.88B
step=179470 | loss=3.8702 | lr=6.61e-05 | wd=0.0000 | mom=0.9500 | T=6.0 k=4.0 (mu_rec=8 mu_bwd=4) | grad=4.750 | tok/s=24,438 | tokens=5.88B
step=179480 | loss=3.9109 | lr=6.59e-05 | wd=0.0000 | mom=0.9500 | T=6.0 k=4.0 (mu_rec=8 mu_bwd=4) | grad=4.875 | tok/s=25,651 | tokens=5.88B
step=179490 | loss=4.0565 | lr=6.57e-05 | wd=0.0000 | mom=0.9500 | T=6.8 k=3.2 (mu_rec=8 mu_bwd=4) | grad=3.266 | tok/s=22,157 | tokens=5.88B
step=179500 | loss=3.7651 | lr=6.55e-05 | wd=0.0000 | mom=0.9500 | T=5.0 k=3.8 (mu_rec=8 mu_bwd=4) | grad=5.031 | tok/s=22,894 | tokens=5.88B
step=179510 | loss=3.8414 | lr=6.53e-05 | wd=0.0000 | mom=0.9500 | T=8.5 k=3.8 (mu_rec=8 mu_bwd=4) | grad=4.719 | tok/s=22,706 | tokens=5.88B
step=179520 | loss=4.2646 | lr=6.51e-05 | wd=0.0000 | mom=0.9500 | T=10.2 k=4.0 (mu_rec=8 mu_bwd=4) | grad=3.641 | tok/s=10,599 | tokens=5.88B
step=179530 | loss=3.7683 | lr=6.49e-05 | wd=0.0000 | mom=0.9500 | T=11.0 k=3.8 (mu_rec=8 mu_bwd=4) | grad=4.719 | tok/s=23,261 | tokens=5.88B
step=179540 | loss=3.8303 | lr=6.47e-05 | wd=0.0000 | mom=0.9500 | T=7.8 k=4.0 (mu_rec=8 mu_bwd=4) | grad=3.906 | tok/s=23,632 | tokens=5.88B
step=179550 | loss=3.9494 | lr=6.46e-05 | wd=0.0000 | mom=0.9500 | T=7.5 k=4.0 (mu_rec=8 mu_bwd=4) | grad=3.438 | tok/s=22,552 | tokens=5.88B
step=179560 | loss=3.9124 | lr=6.44e-05 | wd=0.0000 | mom=0.9500 | T=4.0 k=3.2 (mu_rec=8 mu_bwd=4) | grad=6.219 | tok/s=23,577 | tokens=5.88B
step=179570 | loss=3.9392 | lr=6.42e-05 | wd=0.0000 | mom=0.9500 | T=6.8 k=4.0 (mu_rec=8 mu_bwd=4) | grad=3.344 | tok/s=24,351 | tokens=5.88B
step=179580 | loss=3.8413 | lr=6.40e-05 | wd=0.0000 | mom=0.9500 | T=7.8 k=3.5 (mu_rec=8 mu_bwd=4) | grad=5.062 | tok/s=25,045 | tokens=5.88B
step=179590 | loss=3.9195 | lr=6.38e-05 | wd=0.0000 | mom=0.9500 | T=7.8 k=4.0 (mu_rec=8 mu_bwd=4) | grad=8.562 | tok/s=23,129 | tokens=5.88B
step=179600 | loss=4.0939 | lr=6.36e-05 | wd=0.0000 | mom=0.9500 | T=4.0 k=3.2 (mu_rec=8 mu_bwd=4) | grad=3.703 | tok/s=24,101 | tokens=5.89B
step=179610 | loss=4.0349 | lr=6.35e-05 | wd=0.0000 | mom=0.9500 | T=11.5 k=4.0 (mu_rec=8 mu_bwd=4) | grad=3.844 | tok/s=22,693 | tokens=5.89B
step=179620 | loss=3.9744 | lr=6.33e-05 | wd=0.0000 | mom=0.9500 | T=10.8 k=4.0 (mu_rec=8 mu_bwd=4) | grad=4.875 | tok/s=23,853 | tokens=5.89B
step=179630 | loss=4.2612 | lr=6.31e-05 | wd=0.0000 | mom=0.9500 | T=4.8 k=3.2 (mu_rec=8 mu_bwd=4) | grad=3.500 | tok/s=25,286 | tokens=5.89B
step=179640 | loss=4.1599 | lr=6.29e-05 | wd=0.0000 | mom=0.9500 | T=11.8 k=3.8 (mu_rec=8 mu_bwd=4) | grad=4.062 | tok/s=21,342 | tokens=5.89B
step=179650 | loss=4.0181 | lr=6.27e-05 | wd=0.0000 | mom=0.9500 | T=12.2 k=4.0 (mu_rec=8 mu_bwd=4) | grad=3.562 | tok/s=24,899 | tokens=5.89B
step=179660 | loss=4.1782 | lr=6.25e-05 | wd=0.0000 | mom=0.9500 | T=12.0 k=4.0 (mu_rec=8 mu_bwd=4) | grad=5.344 | tok/s=23,720 | tokens=5.89B
step=179670 | loss=3.6526 | lr=6.24e-05 | wd=0.0000 | mom=0.9500 | T=7.0 k=3.2 (mu_rec=8 mu_bwd=4) | grad=4.594 | tok/s=23,314 | tokens=5.89B
step=179680 | loss=3.8906 | lr=6.22e-05 | wd=0.0000 | mom=0.9500 | T=5.2 k=3.2 (mu_rec=8 mu_bwd=4) | grad=3.828 | tok/s=23,908 | tokens=5.89B
step=179690 | loss=3.8199 | lr=6.20e-05 | wd=0.0000 | mom=0.9500 | T=7.5 k=4.0 (mu_rec=8 mu_bwd=4) | grad=5.656 | tok/s=23,806 | tokens=5.89B
step=179700 | loss=3.8096 | lr=6.18e-05 | wd=0.0000 | mom=0.9500 | T=9.8 k=3.8 (mu_rec=8 mu_bwd=4) | grad=4.719 | tok/s=24,580 | tokens=5.89B
step=179710 | loss=3.9088 | lr=6.16e-05 | wd=0.0000 | mom=0.9500 | T=11.8 k=4.0 (mu_rec=8 mu_bwd=4) | grad=3.797 | tok/s=24,079 | tokens=5.89B
step=179720 | loss=4.1058 | lr=6.15e-05 | wd=0.0000 | mom=0.9500 | T=6.2 k=3.5 (mu_rec=8 mu_bwd=4) | grad=4.500 | tok/s=26,170 | tokens=5.89B
step=179730 | loss=3.9562 | lr=6.13e-05 | wd=0.0000 | mom=0.9500 | T=7.5 k=4.0 (mu_rec=8 mu_bwd=4) | grad=4.688 | tok/s=24,587 | tokens=5.89B
step=179740 | loss=4.1418 | lr=6.11e-05 | wd=0.0000 | mom=0.9500 | T=8.2 k=4.0 (mu_rec=8 mu_bwd=4) | grad=5.750 | tok/s=24,165 | tokens=5.89B
step=179750 | loss=4.3338 | lr=6.09e-05 | wd=0.0000 | mom=0.9500 | T=7.0 k=3.2 (mu_rec=8 mu_bwd=4) | grad=5.938 | tok/s=21,662 | tokens=5.89B
step=179760 | loss=3.7683 | lr=6.08e-05 | wd=0.0000 | mom=0.9500 | T=7.0 k=3.8 (mu_rec=8 mu_bwd=4) | grad=6.094 | tok/s=25,943 | tokens=5.89B
step=179770 | loss=3.9434 | lr=6.06e-05 | wd=0.0000 | mom=0.9500 | T=12.5 k=4.0 (mu_rec=8 mu_bwd=4) | grad=3.297 | tok/s=22,403 | tokens=5.89B
step=179780 | loss=4.0368 | lr=6.04e-05 | wd=0.0000 | mom=0.9500 | T=8.2 k=4.0 (mu_rec=8 mu_bwd=4) | grad=34.250 | tok/s=22,790 | tokens=5.89B
step=179790 | loss=4.3386 | lr=6.02e-05 | wd=0.0000 | mom=0.9500 | T=5.0 k=2.2 (mu_rec=8 mu_bwd=4) | grad=20.875 | tok/s=24,865 | tokens=5.89B
step=179800 | loss=4.0396 | lr=6.01e-05 | wd=0.0000 | mom=0.9500 | T=7.8 k=3.8 (mu_rec=8 mu_bwd=4) | grad=3.609 | tok/s=24,185 | tokens=5.89B
step=179810 | loss=4.2764 | lr=5.99e-05 | wd=0.0000 | mom=0.9500 | T=7.5 k=4.0 (mu_rec=8 mu_bwd=4) | grad=5.438 | tok/s=23,819 | tokens=5.89B
step=179820 | loss=4.0589 | lr=5.97e-05 | wd=0.0000 | mom=0.9500 | T=5.5 k=3.5 (mu_rec=8 mu_bwd=4) | grad=5.000 | tok/s=26,388 | tokens=5.89B
step=179830 | loss=4.0898 | lr=5.95e-05 | wd=0.0000 | mom=0.9500 | T=10.0 k=4.0 (mu_rec=8 mu_bwd=4) | grad=6.875 | tok/s=23,425 | tokens=5.89B
step=179840 | loss=4.1770 | lr=5.94e-05 | wd=0.0000 | mom=0.9500 | T=9.2 k=4.0 (mu_rec=8 mu_bwd=4) | grad=4.438 | tok/s=25,396 | tokens=5.89B
step=179850 | loss=3.9250 | lr=5.92e-05 | wd=0.0000 | mom=0.9500 | T=7.2 k=4.0 (mu_rec=8 mu_bwd=4) | grad=4.031 | tok/s=23,507 | tokens=5.89B
step=179860 | loss=4.1141 | lr=5.90e-05 | wd=0.0000 | mom=0.9500 | T=9.5 k=4.0 (mu_rec=8 mu_bwd=4) | grad=3.328 | tok/s=9,825 | tokens=5.89B
step=179870 | loss=4.0630 | lr=5.88e-05 | wd=0.0000 | mom=0.9500 | T=14.8 k=4.0 (mu_rec=8 mu_bwd=4) | grad=3.547 | tok/s=24,269 | tokens=5.89B
step=179880 | loss=4.0352 | lr=5.87e-05 | wd=0.0000 | mom=0.9500 | T=11.8 k=4.0 (mu_rec=8 mu_bwd=4) | grad=3.375 | tok/s=23,638 | tokens=5.89B
step=179890 | loss=4.0185 | lr=5.85e-05 | wd=0.0000 | mom=0.9500 | T=8.2 k=4.0 (mu_rec=8 mu_bwd=4) | grad=3.875 | tok/s=25,085 | tokens=5.89B
step=179900 | loss=4.2048 | lr=5.83e-05 | wd=0.0000 | mom=0.9500 | T=7.2 k=4.0 (mu_rec=8 mu_bwd=4) | grad=3.719 | tok/s=24,681 | tokens=5.89B
step=179910 | loss=3.9167 | lr=5.82e-05 | wd=0.0000 | mom=0.9500 | T=12.0 k=4.0 (mu_rec=8 mu_bwd=4) | grad=4.344 | tok/s=22,132 | tokens=5.90B
step=179920 | loss=4.1191 | lr=5.80e-05 | wd=0.0000 | mom=0.9500 | T=7.8 k=3.8 (mu_rec=8 mu_bwd=4) | grad=3.172 | tok/s=23,178 | tokens=5.90B
step=179930 | loss=3.9533 | lr=5.78e-05 | wd=0.0000 | mom=0.9500 | T=11.2 k=4.0 (mu_rec=8 mu_bwd=4) | grad=4.312 | tok/s=23,185 | tokens=5.90B
step=179940 | loss=3.4986 | lr=5.76e-05 | wd=0.0000 | mom=0.9500 | T=9.2 k=4.0 (mu_rec=8 mu_bwd=4) | grad=3.766 | tok/s=22,097 | tokens=5.90B
step=179950 | loss=4.1964 | lr=5.75e-05 | wd=0.0000 | mom=0.9500 | T=8.8 k=4.0 (mu_rec=8 mu_bwd=4) | grad=3.688 | tok/s=23,726 | tokens=5.90B
step=179960 | loss=4.0049 | lr=5.73e-05 | wd=0.0000 | mom=0.9500 | T=4.2 k=3.5 (mu_rec=8 mu_bwd=4) | grad=5.156 | tok/s=26,206 | tokens=5.90B
step=179970 | loss=4.0045 | lr=5.71e-05 | wd=0.0000 | mom=0.9500 | T=7.8 k=4.0 (mu_rec=8 mu_bwd=4) | grad=3.188 | tok/s=21,630 | tokens=5.90B
step=179980 | loss=4.1191 | lr=5.70e-05 | wd=0.0000 | mom=0.9500 | T=6.8 k=3.5 (mu_rec=8 mu_bwd=4) | grad=4.531 | tok/s=24,085 | tokens=5.90B
step=179990 | loss=4.1372 | lr=5.68e-05 | wd=0.0000 | mom=0.9500 | T=7.2 k=4.0 (mu_rec=8 mu_bwd=4) | grad=3.594 | tok/s=24,167 | tokens=5.90B
step=180000 | loss=3.8188 | lr=5.66e-05 | wd=0.0000 | mom=0.9500 | T=7.2 k=4.0 (mu_rec=8 mu_bwd=4) | grad=3.719 | tok/s=24,157 | tokens=5.90B
[step 180000] Saved -> runs/cortex-5b-k4/checkpoint_0180000
[step 180000] Pruned -> runs/cortex-5b-k4/checkpoint_0174000
step=180010 | loss=4.1909 | lr=5.65e-05 | wd=0.0000 | mom=0.9500 | T=14.8 k=4.0 (mu_rec=8 mu_bwd=4) | grad=4.781 | tok/s=21,506 | tokens=5.90B
step=180020 | loss=4.2295 | lr=5.63e-05 | wd=0.0000 | mom=0.9500 | T=9.8 k=4.0 (mu_rec=8 mu_bwd=4) | grad=9.250 | tok/s=22,895 | tokens=5.90B
step=180030 | loss=3.9954 | lr=5.61e-05 | wd=0.0000 | mom=0.9500 | T=5.8 k=3.2 (mu_rec=8 mu_bwd=4) | grad=3.422 | tok/s=25,244 | tokens=5.90B
step=180040 | loss=3.6362 | lr=5.60e-05 | wd=0.0000 | mom=0.9500 | T=9.2 k=4.0 (mu_rec=8 mu_bwd=4) | grad=4.812 | tok/s=23,551 | tokens=5.90B
step=180050 | loss=4.2081 | lr=5.58e-05 | wd=0.0000 | mom=0.9500 | T=4.8 k=3.8 (mu_rec=8 mu_bwd=4) | grad=3.125 | tok/s=24,470 | tokens=5.90B
step=180060 | loss=4.2807 | lr=5.57e-05 | wd=0.0000 | mom=0.9500 | T=4.5 k=3.2 (mu_rec=8 mu_bwd=4) | grad=3.406 | tok/s=25,519 | tokens=5.90B
step=180070 | loss=3.8668 | lr=5.55e-05 | wd=0.0000 | mom=0.9500 | T=9.0 k=4.0 (mu_rec=8 mu_bwd=4) | grad=4.531 | tok/s=22,964 | tokens=5.90B
step=180080 | loss=3.9439 | lr=5.53e-05 | wd=0.0000 | mom=0.9500 | T=7.5 k=4.0 (mu_rec=8 mu_bwd=4) | grad=5.938 | tok/s=23,815 | tokens=5.90B
step=180090 | loss=4.2287 | lr=5.52e-05 | wd=0.0000 | mom=0.9500 | T=7.2 k=4.0 (mu_rec=8 mu_bwd=4) | grad=4.000 | tok/s=24,221 | tokens=5.90B
step=180100 | loss=3.9953 | lr=5.50e-05 | wd=0.0000 | mom=0.9500 | T=6.5 k=4.0 (mu_rec=8 mu_bwd=4) | grad=3.781 | tok/s=25,335 | tokens=5.90B
step=180110 | loss=4.1653 | lr=5.48e-05 | wd=0.0000 | mom=0.9500 | T=7.8 k=4.0 (mu_rec=8 mu_bwd=4) | grad=3.531 | tok/s=24,053 | tokens=5.90B
step=180120 | loss=3.9757 | lr=5.47e-05 | wd=0.0000 | mom=0.9500 | T=8.0 k=4.0 (mu_rec=8 mu_bwd=4) | grad=3.703 | tok/s=24,248 | tokens=5.90B
step=180130 | loss=4.0035 | lr=5.45e-05 | wd=0.0000 | mom=0.9500 | T=8.2 k=3.5 (mu_rec=8 mu_bwd=4) | grad=3.516 | tok/s=24,978 | tokens=5.90B
step=180140 | loss=4.2156 | lr=5.44e-05 | wd=0.0000 | mom=0.9500 | T=16.8 k=4.0 (mu_rec=8 mu_bwd=4) | grad=4.000 | tok/s=22,456 | tokens=5.90B
step=180150 | loss=3.7398 | lr=5.42e-05 | wd=0.0000 | mom=0.9500 | T=4.0 k=3.2 (mu_rec=8 mu_bwd=4) | grad=7.562 | tok/s=23,765 | tokens=5.90B
step=180160 | loss=4.2749 | lr=5.41e-05 | wd=0.0000 | mom=0.9500 | T=10.0 k=4.0 (mu_rec=8 mu_bwd=4) | grad=4.375 | tok/s=23,116 | tokens=5.90B
step=180170 | loss=3.9873 | lr=5.39e-05 | wd=0.0000 | mom=0.9500 | T=5.8 k=3.8 (mu_rec=8 mu_bwd=4) | grad=3.234 | tok/s=24,582 | tokens=5.90B
step=180180 | loss=3.9639 | lr=5.37e-05 | wd=0.0000 | mom=0.9500 | T=6.5 k=4.0 (mu_rec=8 mu_bwd=4) | grad=3.281 | tok/s=24,606 | tokens=5.90B
step=180190 | loss=4.0739 | lr=5.36e-05 | wd=0.0000 | mom=0.9500 | T=7.2 k=4.0 (mu_rec=8 mu_bwd=4) | grad=3.375 | tok/s=23,567 | tokens=5.90B
step=180200 | loss=3.9288 | lr=5.34e-05 | wd=0.0000 | mom=0.9500 | T=7.8 k=3.5 (mu_rec=8 mu_bwd=4) | grad=8.062 | tok/s=23,276 | tokens=5.90B
step=180210 | loss=4.0099 | lr=5.33e-05 | wd=0.0000 | mom=0.9500 | T=14.0 k=4.0 (mu_rec=8 mu_bwd=4) | grad=3.781 | tok/s=23,418 | tokens=5.91B
step=180220 | loss=4.0134 | lr=5.31e-05 | wd=0.0000 | mom=0.9500 | T=7.2 k=3.2 (mu_rec=8 mu_bwd=4) | grad=4.844 | tok/s=24,612 | tokens=5.91B
step=180230 | loss=4.0117 | lr=5.30e-05 | wd=0.0000 | mom=0.9500 | T=6.5 k=3.8 (mu_rec=8 mu_bwd=4) | grad=6.000 | tok/s=24,719 | tokens=5.91B
step=180240 | loss=3.9339 | lr=5.28e-05 | wd=0.0000 | mom=0.9500 | T=5.5 k=3.5 (mu_rec=8 mu_bwd=4) | grad=3.328 | tok/s=23,191 | tokens=5.91B
step=180250 | loss=4.0989 | lr=5.26e-05 | wd=0.0000 | mom=0.9500 | T=11.5 k=4.0 (mu_rec=8 mu_bwd=4) | grad=5.406 | tok/s=22,565 | tokens=5.91B
step=180260 | loss=4.0036 | lr=5.25e-05 | wd=0.0000 | mom=0.9500 | T=2.8 k=2.8 (mu_rec=8 mu_bwd=4) | grad=8.250 | tok/s=24,265 | tokens=5.91B
step=180270 | loss=3.9132 | lr=5.23e-05 | wd=0.0000 | mom=0.9500 | T=6.8 k=4.0 (mu_rec=8 mu_bwd=4) | grad=3.844 | tok/s=22,450 | tokens=5.91B
step=180280 | loss=3.8129 | lr=5.22e-05 | wd=0.0000 | mom=0.9500 | T=12.8 k=4.0 (mu_rec=8 mu_bwd=4) | grad=7.125 | tok/s=24,917 | tokens=5.91B
step=180290 | loss=4.2899 | lr=5.20e-05 | wd=0.0000 | mom=0.9500 | T=5.5 k=4.0 (mu_rec=8 mu_bwd=4) | grad=6.469 | tok/s=25,230 | tokens=5.91B
step=180300 | loss=4.5033 | lr=5.19e-05 | wd=0.0000 | mom=0.9500 | T=7.0 k=3.5 (mu_rec=8 mu_bwd=4) | grad=7.688 | tok/s=22,000 | tokens=5.91B
step=180310 | loss=4.0913 | lr=5.17e-05 | wd=0.0000 | mom=0.9500 | T=12.5 k=4.0 (mu_rec=8 mu_bwd=4) | grad=6.375 | tok/s=23,486 | tokens=5.91B
step=180320 | loss=4.1335 | lr=5.16e-05 | wd=0.0000 | mom=0.9500 | T=8.2 k=4.0 (mu_rec=8 mu_bwd=4) | grad=4.812 | tok/s=22,397 | tokens=5.91B
step=180330 | loss=4.0919 | lr=5.14e-05 | wd=0.0000 | mom=0.9500 | T=12.8 k=3.8 (mu_rec=8 mu_bwd=4) | grad=3.500 | tok/s=21,337 | tokens=5.91B
step=180340 | loss=4.3437 | lr=5.13e-05 | wd=0.0000 | mom=0.9500 | T=9.8 k=4.0 (mu_rec=8 mu_bwd=4) | grad=6.750 | tok/s=23,605 | tokens=5.91B
step=180350 | loss=4.1891 | lr=5.11e-05 | wd=0.0000 | mom=0.9500 | T=9.5 k=4.0 (mu_rec=8 mu_bwd=4) | grad=9.250 | tok/s=9,607 | tokens=5.91B
step=180360 | loss=4.0426 | lr=5.10e-05 | wd=0.0000 | mom=0.9500 | T=5.2 k=3.5 (mu_rec=8 mu_bwd=4) | grad=4.281 | tok/s=25,166 | tokens=5.91B
step=180370 | loss=4.0147 | lr=5.08e-05 | wd=0.0000 | mom=0.9500 | T=5.8 k=4.0 (mu_rec=8 mu_bwd=4) | grad=3.469 | tok/s=22,616 | tokens=5.91B
step=180380 | loss=4.1014 | lr=5.07e-05 | wd=0.0000 | mom=0.9500 | T=9.2 k=3.5 (mu_rec=8 mu_bwd=4) | grad=8.812 | tok/s=25,187 | tokens=5.91B
step=180390 | loss=3.8247 | lr=5.05e-05 | wd=0.0000 | mom=0.9500 | T=6.2 k=3.8 (mu_rec=8 mu_bwd=4) | grad=3.531 | tok/s=22,462 | tokens=5.91B
step=180400 | loss=4.0371 | lr=5.04e-05 | wd=0.0000 | mom=0.9500 | T=9.2 k=4.0 (mu_rec=8 mu_bwd=4) | grad=6.062 | tok/s=23,448 | tokens=5.91B
step=180410 | loss=4.1437 | lr=5.02e-05 | wd=0.0000 | mom=0.9500 | T=8.5 k=3.8 (mu_rec=8 mu_bwd=4) | grad=4.188 | tok/s=23,900 | tokens=5.91B
step=180420 | loss=3.9824 | lr=5.01e-05 | wd=0.0000 | mom=0.9500 | T=6.8 k=3.5 (mu_rec=8 mu_bwd=4) | grad=57.250 | tok/s=23,350 | tokens=5.91B
step=180430 | loss=4.1554 | lr=4.99e-05 | wd=0.0000 | mom=0.9500 | T=7.5 k=3.8 (mu_rec=8 mu_bwd=4) | grad=8.750 | tok/s=22,124 | tokens=5.91B
step=180440 | loss=3.6333 | lr=4.98e-05 | wd=0.0000 | mom=0.9500 | T=6.0 k=2.8 (mu_rec=8 mu_bwd=4) | grad=4.781 | tok/s=24,527 | tokens=5.91B
step=180450 | loss=4.2755 | lr=4.97e-05 | wd=0.0000 | mom=0.9500 | T=6.8 k=2.5 (mu_rec=8 mu_bwd=4) | grad=7.500 | tok/s=24,259 | tokens=5.91B
step=180460 | loss=4.0645 | lr=4.95e-05 | wd=0.0000 | mom=0.9500 | T=5.5 k=3.5 (mu_rec=8 mu_bwd=4) | grad=3.328 | tok/s=25,005 | tokens=5.91B
step=180470 | loss=4.3576 | lr=4.94e-05 | wd=0.0000 | mom=0.9500 | T=5.2 k=3.2 (mu_rec=8 mu_bwd=4) | grad=6.812 | tok/s=24,504 | tokens=5.91B
step=180480 | loss=4.2124 | lr=4.92e-05 | wd=0.0000 | mom=0.9500 | T=15.2 k=4.0 (mu_rec=8 mu_bwd=4) | grad=7.844 | tok/s=23,939 | tokens=5.91B
step=180490 | loss=4.0106 | lr=4.91e-05 | wd=0.0000 | mom=0.9500 | T=8.8 k=4.0 (mu_rec=8 mu_bwd=4) | grad=3.312 | tok/s=22,934 | tokens=5.91B
step=180500 | loss=3.8345 | lr=4.89e-05 | wd=0.0000 | mom=0.9500 | T=7.8 k=4.0 (mu_rec=8 mu_bwd=4) | grad=3.656 | tok/s=24,173 | tokens=5.91B
step=180510 | loss=4.1412 | lr=4.88e-05 | wd=0.0000 | mom=0.9500 | T=6.5 k=3.5 (mu_rec=8 mu_bwd=4) | grad=3.734 | tok/s=22,297 | tokens=5.91B
step=180520 | loss=4.1358 | lr=4.87e-05 | wd=0.0000 | mom=0.9500 | T=9.2 k=4.0 (mu_rec=8 mu_bwd=4) | grad=3.828 | tok/s=22,798 | tokens=5.92B
step=180530 | loss=4.1084 | lr=4.85e-05 | wd=0.0000 | mom=0.9500 | T=7.0 k=4.0 (mu_rec=8 mu_bwd=4) | grad=3.156 | tok/s=23,624 | tokens=5.92B
step=180540 | loss=3.9097 | lr=4.84e-05 | wd=0.0000 | mom=0.9500 | T=9.0 k=4.0 (mu_rec=8 mu_bwd=4) | grad=5.188 | tok/s=22,250 | tokens=5.92B
step=180550 | loss=4.5607 | lr=4.82e-05 | wd=0.0000 | mom=0.9500 | T=5.8 k=4.0 (mu_rec=8 mu_bwd=4) | grad=5.844 | tok/s=24,138 | tokens=5.92B
step=180560 | loss=4.1745 | lr=4.81e-05 | wd=0.0000 | mom=0.9500 | T=8.5 k=3.8 (mu_rec=8 mu_bwd=4) | grad=3.328 | tok/s=22,841 | tokens=5.92B
step=180570 | loss=3.8946 | lr=4.80e-05 | wd=0.0000 | mom=0.9500 | T=7.0 k=3.8 (mu_rec=8 mu_bwd=4) | grad=3.812 | tok/s=23,739 | tokens=5.92B
step=180580 | loss=4.2222 | lr=4.78e-05 | wd=0.0000 | mom=0.9500 | T=6.2 k=2.8 (mu_rec=8 mu_bwd=4) | grad=4.406 | tok/s=24,911 | tokens=5.92B
step=180590 | loss=4.1563 | lr=4.77e-05 | wd=0.0000 | mom=0.9500 | T=8.2 k=4.0 (mu_rec=8 mu_bwd=4) | grad=4.781 | tok/s=25,184 | tokens=5.92B
step=180600 | loss=4.1014 | lr=4.75e-05 | wd=0.0000 | mom=0.9500 | T=7.0 k=3.2 (mu_rec=8 mu_bwd=4) | grad=4.500 | tok/s=24,334 | tokens=5.92B
step=180610 | loss=4.2144 | lr=4.74e-05 | wd=0.0000 | mom=0.9500 | T=6.8 k=3.5 (mu_rec=8 mu_bwd=4) | grad=4.844 | tok/s=23,887 | tokens=5.92B
step=180620 | loss=3.8285 | lr=4.73e-05 | wd=0.0000 | mom=0.9500 | T=5.8 k=3.8 (mu_rec=8 mu_bwd=4) | grad=3.516 | tok/s=24,387 | tokens=5.92B
step=180630 | loss=3.8250 | lr=4.71e-05 | wd=0.0000 | mom=0.9500 | T=9.0 k=3.5 (mu_rec=8 mu_bwd=4) | grad=4.188 | tok/s=24,429 | tokens=5.92B
step=180640 | loss=4.1116 | lr=4.70e-05 | wd=0.0000 | mom=0.9500 | T=12.8 k=3.2 (mu_rec=8 mu_bwd=4) | grad=3.531 | tok/s=22,248 | tokens=5.92B
step=180650 | loss=3.6591 | lr=4.69e-05 | wd=0.0000 | mom=0.9500 | T=8.2 k=3.5 (mu_rec=8 mu_bwd=4) | grad=4.594 | tok/s=23,686 | tokens=5.92B
step=180660 | loss=4.2455 | lr=4.67e-05 | wd=0.0000 | mom=0.9500 | T=7.0 k=2.8 (mu_rec=8 mu_bwd=4) | grad=3.859 | tok/s=22,762 | tokens=5.92B
step=180670 | loss=3.8408 | lr=4.66e-05 | wd=0.0000 | mom=0.9500 | T=5.2 k=4.0 (mu_rec=8 mu_bwd=4) | grad=7.469 | tok/s=23,464 | tokens=5.92B
step=180680 | loss=3.9660 | lr=4.65e-05 | wd=0.0000 | mom=0.9500 | T=7.2 k=4.0 (mu_rec=8 mu_bwd=4) | grad=3.391 | tok/s=25,336 | tokens=5.92B
step=180690 | loss=3.3471 | lr=4.63e-05 | wd=0.0000 | mom=0.9500 | T=10.2 k=4.0 (mu_rec=8 mu_bwd=4) | grad=4.594 | tok/s=21,940 | tokens=5.92B
step=180700 | loss=4.3751 | lr=4.62e-05 | wd=0.0000 | mom=0.9500 | T=6.5 k=3.8 (mu_rec=8 mu_bwd=4) | grad=3.141 | tok/s=24,540 | tokens=5.92B
step=180710 | loss=3.8625 | lr=4.61e-05 | wd=0.0000 | mom=0.9500 | T=5.8 k=3.5 (mu_rec=8 mu_bwd=4) | grad=4.812 | tok/s=24,085 | tokens=5.92B
step=180720 | loss=4.2940 | lr=4.59e-05 | wd=0.0000 | mom=0.9500 | T=5.5 k=4.0 (mu_rec=8 mu_bwd=4) | grad=7.000 | tok/s=23,787 | tokens=5.92B
step=180730 | loss=4.0588 | lr=4.58e-05 | wd=0.0000 | mom=0.9500 | T=11.8 k=4.0 (mu_rec=8 mu_bwd=4) | grad=3.281 | tok/s=22,193 | tokens=5.92B
step=180740 | loss=4.1527 | lr=4.57e-05 | wd=0.0000 | mom=0.9500 | T=6.0 k=3.5 (mu_rec=8 mu_bwd=4) | grad=3.328 | tok/s=24,031 | tokens=5.92B
step=180750 | loss=4.2245 | lr=4.55e-05 | wd=0.0000 | mom=0.9500 | T=11.8 k=4.0 (mu_rec=8 mu_bwd=4) | grad=4.000 | tok/s=22,101 | tokens=5.92B
step=180760 | loss=4.1356 | lr=4.54e-05 | wd=0.0000 | mom=0.9500 | T=10.5 k=4.0 (mu_rec=8 mu_bwd=4) | grad=10.750 | tok/s=23,913 | tokens=5.92B
step=180770 | loss=4.1217 | lr=4.53e-05 | wd=0.0000 | mom=0.9500 | T=9.8 k=4.0 (mu_rec=8 mu_bwd=4) | grad=6.406 | tok/s=24,114 | tokens=5.92B
step=180780 | loss=4.1794 | lr=4.52e-05 | wd=0.0000 | mom=0.9500 | T=10.0 k=4.0 (mu_rec=8 mu_bwd=4) | grad=3.484 | tok/s=21,678 | tokens=5.92B
step=180790 | loss=4.1398 | lr=4.50e-05 | wd=0.0000 | mom=0.9500 | T=5.5 k=3.8 (mu_rec=8 mu_bwd=4) | grad=3.000 | tok/s=9,458 | tokens=5.92B
step=180800 | loss=4.5115 | lr=4.49e-05 | wd=0.0000 | mom=0.9500 | T=6.0 k=3.2 (mu_rec=8 mu_bwd=4) | grad=4.688 | tok/s=23,197 | tokens=5.92B
step=180810 | loss=3.9798 | lr=4.48e-05 | wd=0.0000 | mom=0.9500 | T=6.2 k=3.2 (mu_rec=8 mu_bwd=4) | grad=11.562 | tok/s=24,920 | tokens=5.92B
step=180820 | loss=3.6900 | lr=4.47e-05 | wd=0.0000 | mom=0.9500 | T=7.8 k=3.0 (mu_rec=8 mu_bwd=4) | grad=3.422 | tok/s=25,378 | tokens=5.93B
step=180830 | loss=4.0929 | lr=4.45e-05 | wd=0.0000 | mom=0.9500 | T=8.2 k=4.0 (mu_rec=8 mu_bwd=4) | grad=3.609 | tok/s=24,529 | tokens=5.93B
step=180840 | loss=3.9936 | lr=4.44e-05 | wd=0.0000 | mom=0.9500 | T=5.2 k=3.8 (mu_rec=8 mu_bwd=4) | grad=4.688 | tok/s=23,339 | tokens=5.93B
step=180850 | loss=4.4533 | lr=4.43e-05 | wd=0.0000 | mom=0.9500 | T=9.0 k=3.2 (mu_rec=8 mu_bwd=4) | grad=7.031 | tok/s=22,759 | tokens=5.93B
step=180860 | loss=4.1690 | lr=4.42e-05 | wd=0.0000 | mom=0.9500 | T=6.8 k=3.8 (mu_rec=8 mu_bwd=4) | grad=5.406 | tok/s=24,329 | tokens=5.93B
step=180870 | loss=4.0889 | lr=4.40e-05 | wd=0.0000 | mom=0.9500 | T=7.0 k=3.2 (mu_rec=8 mu_bwd=4) | grad=4.875 | tok/s=25,070 | tokens=5.93B
step=180880 | loss=4.0820 | lr=4.39e-05 | wd=0.0000 | mom=0.9500 | T=7.0 k=3.5 (mu_rec=8 mu_bwd=4) | grad=5.719 | tok/s=23,544 | tokens=5.93B
step=180890 | loss=4.0882 | lr=4.38e-05 | wd=0.0000 | mom=0.9500 | T=7.2 k=4.0 (mu_rec=8 mu_bwd=4) | grad=3.297 | tok/s=21,719 | tokens=5.93B
step=180900 | loss=4.2330 | lr=4.37e-05 | wd=0.0000 | mom=0.9500 | T=11.0 k=4.0 (mu_rec=8 mu_bwd=4) | grad=3.594 | tok/s=24,499 | tokens=5.93B
step=180910 | loss=4.0142 | lr=4.35e-05 | wd=0.0000 | mom=0.9500 | T=5.2 k=4.0 (mu_rec=8 mu_bwd=4) | grad=5.500 | tok/s=24,325 | tokens=5.93B
step=180920 | loss=3.8851 | lr=4.34e-05 | wd=0.0000 | mom=0.9500 | T=7.0 k=4.0 (mu_rec=8 mu_bwd=4) | grad=6.031 | tok/s=22,221 | tokens=5.93B
step=180930 | loss=4.1418 | lr=4.33e-05 | wd=0.0000 | mom=0.9500 | T=7.5 k=3.8 (mu_rec=8 mu_bwd=4) | grad=3.641 | tok/s=24,185 | tokens=5.93B
step=180940 | loss=4.1826 | lr=4.32e-05 | wd=0.0000 | mom=0.9500 | T=7.0 k=2.8 (mu_rec=8 mu_bwd=4) | grad=4.062 | tok/s=23,000 | tokens=5.93B
step=180950 | loss=3.8714 | lr=4.31e-05 | wd=0.0000 | mom=0.9500 | T=5.8 k=4.0 (mu_rec=8 mu_bwd=4) | grad=3.109 | tok/s=24,294 | tokens=5.93B
step=180960 | loss=4.2937 | lr=4.29e-05 | wd=0.0000 | mom=0.9500 | T=5.0 k=3.0 (mu_rec=8 mu_bwd=4) | grad=8.375 | tok/s=23,153 | tokens=5.93B
step=180970 | loss=5.2630 | lr=4.28e-05 | wd=0.0000 | mom=0.9500 | T=4.2 k=3.0 (mu_rec=8 mu_bwd=4) | grad=5.938 | tok/s=24,469 | tokens=5.93B
step=180980 | loss=3.9647 | lr=4.27e-05 | wd=0.0000 | mom=0.9500 | T=8.8 k=4.0 (mu_rec=8 mu_bwd=4) | grad=4.281 | tok/s=24,868 | tokens=5.93B
step=180990 | loss=3.7513 | lr=4.26e-05 | wd=0.0000 | mom=0.9500 | T=8.0 k=4.0 (mu_rec=8 mu_bwd=4) | grad=3.594 | tok/s=23,648 | tokens=5.93B
step=181000 | loss=3.8295 | lr=4.25e-05 | wd=0.0000 | mom=0.9500 | T=6.8 k=3.5 (mu_rec=8 mu_bwd=4) | grad=5.031 | tok/s=22,407 | tokens=5.93B
step=181010 | loss=3.9937 | lr=4.24e-05 | wd=0.0000 | mom=0.9500 | T=10.0 k=3.8 (mu_rec=8 mu_bwd=4) | grad=3.875 | tok/s=24,279 | tokens=5.93B
step=181020 | loss=4.0752 | lr=4.22e-05 | wd=0.0000 | mom=0.9500 | T=8.0 k=4.0 (mu_rec=8 mu_bwd=4) | grad=3.672 | tok/s=24,037 | tokens=5.93B
step=181030 | loss=3.9849 | lr=4.21e-05 | wd=0.0000 | mom=0.9500 | T=5.5 k=2.8 (mu_rec=8 mu_bwd=4) | grad=9.125 | tok/s=23,355 | tokens=5.93B
step=181040 | loss=4.0339 | lr=4.20e-05 | wd=0.0000 | mom=0.9500 | T=4.0 k=3.2 (mu_rec=8 mu_bwd=4) | grad=4.188 | tok/s=26,282 | tokens=5.93B
step=181050 | loss=4.3158 | lr=4.19e-05 | wd=0.0000 | mom=0.9500 | T=7.2 k=4.0 (mu_rec=8 mu_bwd=4) | grad=4.219 | tok/s=21,785 | tokens=5.93B
step=181060 | loss=3.9796 | lr=4.18e-05 | wd=0.0000 | mom=0.9500 | T=11.5 k=4.0 (mu_rec=8 mu_bwd=4) | grad=5.781 | tok/s=23,692 | tokens=5.93B
step=181070 | loss=4.1657 | lr=4.17e-05 | wd=0.0000 | mom=0.9500 | T=13.5 k=4.0 (mu_rec=8 mu_bwd=4) | grad=3.016 | tok/s=21,922 | tokens=5.93B
step=181080 | loss=4.1563 | lr=4.16e-05 | wd=0.0000 | mom=0.9500 | T=7.2 k=3.5 (mu_rec=8 mu_bwd=4) | grad=4.188 | tok/s=23,232 | tokens=5.93B
step=181090 | loss=4.3661 | lr=4.14e-05 | wd=0.0000 | mom=0.9500 | T=10.2 k=4.0 (mu_rec=8 mu_bwd=4) | grad=3.141 | tok/s=23,958 | tokens=5.93B
step=181100 | loss=3.9054 | lr=4.13e-05 | wd=0.0000 | mom=0.9500 | T=7.5 k=4.0 (mu_rec=8 mu_bwd=4) | grad=3.547 | tok/s=24,917 | tokens=5.93B
step=181110 | loss=4.2013 | lr=4.12e-05 | wd=0.0000 | mom=0.9500 | T=7.5 k=3.8 (mu_rec=8 mu_bwd=4) | grad=4.219 | tok/s=23,511 | tokens=5.93B
step=181120 | loss=4.2881 | lr=4.11e-05 | wd=0.0000 | mom=0.9500 | T=11.0 k=4.0 (mu_rec=8 mu_bwd=4) | grad=5.688 | tok/s=23,448 | tokens=5.93B
step=181130 | loss=4.0524 | lr=4.10e-05 | wd=0.0000 | mom=0.9500 | T=9.2 k=4.0 (mu_rec=8 mu_bwd=4) | grad=3.094 | tok/s=22,993 | tokens=5.94B
step=181140 | loss=4.0220 | lr=4.09e-05 | wd=0.0000 | mom=0.9500 | T=9.2 k=4.0 (mu_rec=8 mu_bwd=4) | grad=3.250 | tok/s=24,167 | tokens=5.94B
step=181150 | loss=4.0456 | lr=4.08e-05 | wd=0.0000 | mom=0.9500 | T=8.5 k=3.5 (mu_rec=8 mu_bwd=4) | grad=3.625 | tok/s=23,391 | tokens=5.94B
step=181160 | loss=3.9262 | lr=4.07e-05 | wd=0.0000 | mom=0.9500 | T=10.5 k=3.8 (mu_rec=8 mu_bwd=4) | grad=3.906 | tok/s=22,762 | tokens=5.94B
step=181170 | loss=3.7822 | lr=4.06e-05 | wd=0.0000 | mom=0.9500 | T=14.2 k=4.0 (mu_rec=8 mu_bwd=4) | grad=3.578 | tok/s=22,952 | tokens=5.94B
step=181180 | loss=4.1612 | lr=4.05e-05 | wd=0.0000 | mom=0.9500 | T=6.2 k=4.0 (mu_rec=8 mu_bwd=4) | grad=3.297 | tok/s=23,065 | tokens=5.94B
step=181190 | loss=3.9037 | lr=4.03e-05 | wd=0.0000 | mom=0.9500 | T=5.5 k=3.8 (mu_rec=8 mu_bwd=4) | grad=3.672 | tok/s=23,535 | tokens=5.94B
step=181200 | loss=4.0335 | lr=4.02e-05 | wd=0.0000 | mom=0.9500 | T=6.2 k=4.0 (mu_rec=8 mu_bwd=4) | grad=3.094 | tok/s=23,490 | tokens=5.94B
step=181210 | loss=3.9217 | lr=4.01e-05 | wd=0.0000 | mom=0.9500 | T=7.0 k=3.8 (mu_rec=8 mu_bwd=4) | grad=5.188 | tok/s=21,788 | tokens=5.94B
step=181220 | loss=3.7206 | lr=4.00e-05 | wd=0.0000 | mom=0.9500 | T=11.0 k=4.0 (mu_rec=8 mu_bwd=4) | grad=4.031 | tok/s=10,389 | tokens=5.94B
step=181230 | loss=3.8901 | lr=3.99e-05 | wd=0.0000 | mom=0.9500 | T=5.8 k=3.5 (mu_rec=8 mu_bwd=4) | grad=4.094 | tok/s=24,026 | tokens=5.94B
step=181240 | loss=4.0783 | lr=3.98e-05 | wd=0.0000 | mom=0.9500 | T=11.2 k=3.5 (mu_rec=8 mu_bwd=4) | grad=5.500 | tok/s=22,972 | tokens=5.94B
step=181250 | loss=4.3414 | lr=3.97e-05 | wd=0.0000 | mom=0.9500 | T=2.8 k=2.2 (mu_rec=8 mu_bwd=4) | grad=4.969 | tok/s=25,240 | tokens=5.94B
step=181260 | loss=3.8549 | lr=3.96e-05 | wd=0.0000 | mom=0.9500 | T=6.5 k=3.8 (mu_rec=8 mu_bwd=4) | grad=4.062 | tok/s=25,723 | tokens=5.94B
step=181270 | loss=4.0275 | lr=3.95e-05 | wd=0.0000 | mom=0.9500 | T=4.2 k=2.8 (mu_rec=8 mu_bwd=4) | grad=3.656 | tok/s=24,829 | tokens=5.94B
step=181280 | loss=4.5042 | lr=3.94e-05 | wd=0.0000 | mom=0.9500 | T=9.2 k=4.0 (mu_rec=8 mu_bwd=4) | grad=4.719 | tok/s=23,970 | tokens=5.94B
step=181290 | loss=4.2254 | lr=3.93e-05 | wd=0.0000 | mom=0.9500 | T=6.0 k=3.8 (mu_rec=8 mu_bwd=4) | grad=4.625 | tok/s=24,421 | tokens=5.94B
step=181300 | loss=4.2004 | lr=3.92e-05 | wd=0.0000 | mom=0.9500 | T=9.2 k=4.0 (mu_rec=8 mu_bwd=4) | grad=10.938 | tok/s=24,848 | tokens=5.94B
step=181310 | loss=3.8865 | lr=3.91e-05 | wd=0.0000 | mom=0.9500 | T=7.5 k=4.0 (mu_rec=8 mu_bwd=4) | grad=5.125 | tok/s=24,731 | tokens=5.94B
step=181320 | loss=3.9648 | lr=3.90e-05 | wd=0.0000 | mom=0.9500 | T=7.5 k=3.8 (mu_rec=8 mu_bwd=4) | grad=3.453 | tok/s=25,112 | tokens=5.94B
step=181330 | loss=4.0204 | lr=3.89e-05 | wd=0.0000 | mom=0.9500 | T=7.5 k=4.0 (mu_rec=8 mu_bwd=4) | grad=5.875 | tok/s=24,991 | tokens=5.94B
step=181340 | loss=4.7651 | lr=3.88e-05 | wd=0.0000 | mom=0.9500 | T=10.5 k=3.0 (mu_rec=8 mu_bwd=4) | grad=3.281 | tok/s=22,471 | tokens=5.94B
step=181350 | loss=4.3169 | lr=3.87e-05 | wd=0.0000 | mom=0.9500 | T=8.8 k=4.0 (mu_rec=8 mu_bwd=4) | grad=5.188 | tok/s=21,427 | tokens=5.94B
step=181360 | loss=4.2896 | lr=3.86e-05 | wd=0.0000 | mom=0.9500 | T=10.2 k=3.5 (mu_rec=8 mu_bwd=4) | grad=3.484 | tok/s=21,516 | tokens=5.94B
step=181370 | loss=4.0656 | lr=3.85e-05 | wd=0.0000 | mom=0.9500 | T=11.2 k=3.5 (mu_rec=8 mu_bwd=4) | grad=3.812 | tok/s=24,255 | tokens=5.94B
step=181380 | loss=3.8752 | lr=3.84e-05 | wd=0.0000 | mom=0.9500 | T=6.2 k=4.0 (mu_rec=8 mu_bwd=4) | grad=10.000 | tok/s=23,910 | tokens=5.94B
step=181390 | loss=3.6713 | lr=3.83e-05 | wd=0.0000 | mom=0.9500 | T=10.0 k=3.8 (mu_rec=8 mu_bwd=4) | grad=3.531 | tok/s=23,070 | tokens=5.94B
step=181400 | loss=3.8737 | lr=3.82e-05 | wd=0.0000 | mom=0.9500 | T=9.5 k=4.0 (mu_rec=8 mu_bwd=4) | grad=6.906 | tok/s=22,134 | tokens=5.94B
step=181410 | loss=3.8836 | lr=3.81e-05 | wd=0.0000 | mom=0.9500 | T=5.0 k=3.2 (mu_rec=8 mu_bwd=4) | grad=3.438 | tok/s=21,503 | tokens=5.94B
step=181420 | loss=4.0862 | lr=3.80e-05 | wd=0.0000 | mom=0.9500 | T=7.0 k=4.0 (mu_rec=8 mu_bwd=4) | grad=3.406 | tok/s=23,974 | tokens=5.94B
step=181430 | loss=3.9444 | lr=3.79e-05 | wd=0.0000 | mom=0.9500 | T=7.8 k=3.2 (mu_rec=8 mu_bwd=4) | grad=4.250 | tok/s=22,250 | tokens=5.95B
step=181440 | loss=4.1401 | lr=3.78e-05 | wd=0.0000 | mom=0.9500 | T=11.0 k=4.0 (mu_rec=8 mu_bwd=4) | grad=6.469 | tok/s=24,143 | tokens=5.95B
step=181450 | loss=4.3038 | lr=3.78e-05 | wd=0.0000 | mom=0.9500 | T=7.2 k=3.8 (mu_rec=8 mu_bwd=4) | grad=4.438 | tok/s=24,151 | tokens=5.95B
step=181460 | loss=3.8766 | lr=3.77e-05 | wd=0.0000 | mom=0.9500 | T=8.5 k=4.0 (mu_rec=8 mu_bwd=4) | grad=4.562 | tok/s=23,282 | tokens=5.95B
step=181470 | loss=3.6481 | lr=3.76e-05 | wd=0.0000 | mom=0.9500 | T=9.0 k=3.2 (mu_rec=8 mu_bwd=4) | grad=6.438 | tok/s=23,842 | tokens=5.95B
step=181480 | loss=3.7996 | lr=3.75e-05 | wd=0.0000 | mom=0.9500 | T=10.5 k=4.0 (mu_rec=8 mu_bwd=4) | grad=12.750 | tok/s=23,327 | tokens=5.95B
step=181490 | loss=4.2121 | lr=3.74e-05 | wd=0.0000 | mom=0.9500 | T=8.8 k=3.5 (mu_rec=8 mu_bwd=4) | grad=6.469 | tok/s=23,400 | tokens=5.95B
step=181500 | loss=4.2123 | lr=3.73e-05 | wd=0.0000 | mom=0.9500 | T=8.2 k=4.0 (mu_rec=8 mu_bwd=4) | grad=7.281 | tok/s=23,849 | tokens=5.95B
step=181510 | loss=3.8089 | lr=3.72e-05 | wd=0.0000 | mom=0.9500 | T=5.8 k=4.0 (mu_rec=8 mu_bwd=4) | grad=5.469 | tok/s=22,812 | tokens=5.95B
step=181520 | loss=4.0206 | lr=3.71e-05 | wd=0.0000 | mom=0.9500 | T=9.8 k=4.0 (mu_rec=8 mu_bwd=4) | grad=4.406 | tok/s=22,526 | tokens=5.95B
step=181530 | loss=4.1929 | lr=3.70e-05 | wd=0.0000 | mom=0.9500 | T=6.5 k=3.8 (mu_rec=8 mu_bwd=4) | grad=4.188 | tok/s=23,732 | tokens=5.95B
step=181540 | loss=4.0607 | lr=3.69e-05 | wd=0.0000 | mom=0.9500 | T=7.2 k=4.0 (mu_rec=8 mu_bwd=4) | grad=3.688 | tok/s=24,657 | tokens=5.95B
step=181550 | loss=3.9519 | lr=3.69e-05 | wd=0.0000 | mom=0.9500 | T=6.2 k=4.0 (mu_rec=8 mu_bwd=4) | grad=3.797 | tok/s=24,883 | tokens=5.95B
step=181560 | loss=4.0604 | lr=3.68e-05 | wd=0.0000 | mom=0.9500 | T=8.8 k=4.0 (mu_rec=8 mu_bwd=4) | grad=3.000 | tok/s=23,220 | tokens=5.95B
step=181570 | loss=3.8859 | lr=3.67e-05 | wd=0.0000 | mom=0.9500 | T=13.8 k=4.0 (mu_rec=8 mu_bwd=4) | grad=3.547 | tok/s=22,909 | tokens=5.95B
step=181580 | loss=3.8909 | lr=3.66e-05 | wd=0.0000 | mom=0.9500 | T=12.5 k=4.0 (mu_rec=8 mu_bwd=4) | grad=3.969 | tok/s=22,345 | tokens=5.95B
step=181590 | loss=3.8787 | lr=3.65e-05 | wd=0.0000 | mom=0.9500 | T=7.5 k=4.0 (mu_rec=8 mu_bwd=4) | grad=6.375 | tok/s=24,374 | tokens=5.95B
step=181600 | loss=3.8918 | lr=3.64e-05 | wd=0.0000 | mom=0.9500 | T=6.8 k=4.0 (mu_rec=8 mu_bwd=4) | grad=6.688 | tok/s=24,727 | tokens=5.95B
step=181610 | loss=4.0329 | lr=3.63e-05 | wd=0.0000 | mom=0.9500 | T=14.0 k=3.5 (mu_rec=8 mu_bwd=4) | grad=3.719 | tok/s=23,736 | tokens=5.95B
step=181620 | loss=4.1058 | lr=3.63e-05 | wd=0.0000 | mom=0.9500 | T=15.0 k=3.8 (mu_rec=8 mu_bwd=4) | grad=4.812 | tok/s=22,751 | tokens=5.95B
step=181630 | loss=3.8021 | lr=3.62e-05 | wd=0.0000 | mom=0.9500 | T=7.8 k=3.8 (mu_rec=8 mu_bwd=4) | grad=3.297 | tok/s=23,995 | tokens=5.95B
step=181640 | loss=4.1607 | lr=3.61e-05 | wd=0.0000 | mom=0.9500 | T=8.8 k=4.0 (mu_rec=8 mu_bwd=4) | grad=4.812 | tok/s=23,952 | tokens=5.95B
step=181650 | loss=4.0184 | lr=3.60e-05 | wd=0.0000 | mom=0.9500 | T=10.0 k=4.0 (mu_rec=8 mu_bwd=4) | grad=9.750 | tok/s=9,815 | tokens=5.95B
step=181660 | loss=4.0883 | lr=3.59e-05 | wd=0.0000 | mom=0.9500 | T=11.8 k=4.0 (mu_rec=8 mu_bwd=4) | grad=3.297 | tok/s=23,019 | tokens=5.95B
step=181670 | loss=4.0715 | lr=3.58e-05 | wd=0.0000 | mom=0.9500 | T=10.5 k=3.2 (mu_rec=8 mu_bwd=4) | grad=4.031 | tok/s=23,469 | tokens=5.95B
step=181680 | loss=3.5479 | lr=3.58e-05 | wd=0.0000 | mom=0.9500 | T=8.2 k=4.0 (mu_rec=8 mu_bwd=4) | grad=4.656 | tok/s=23,265 | tokens=5.95B
step=181690 | loss=3.9163 | lr=3.57e-05 | wd=0.0000 | mom=0.9500 | T=9.2 k=3.5 (mu_rec=8 mu_bwd=4) | grad=3.484 | tok/s=24,412 | tokens=5.95B
step=181700 | loss=4.0470 | lr=3.56e-05 | wd=0.0000 | mom=0.9500 | T=6.8 k=3.2 (mu_rec=8 mu_bwd=4) | grad=6.375 | tok/s=24,914 | tokens=5.95B
step=181710 | loss=4.3158 | lr=3.55e-05 | wd=0.0000 | mom=0.9500 | T=9.5 k=4.0 (mu_rec=8 mu_bwd=4) | grad=3.719 | tok/s=25,185 | tokens=5.95B
step=181720 | loss=3.7363 | lr=3.54e-05 | wd=0.0000 | mom=0.9500 | T=4.8 k=3.5 (mu_rec=8 mu_bwd=4) | grad=4.031 | tok/s=24,176 | tokens=5.95B
step=181730 | loss=3.9474 | lr=3.54e-05 | wd=0.0000 | mom=0.9500 | T=8.8 k=4.0 (mu_rec=8 mu_bwd=4) | grad=7.219 | tok/s=23,037 | tokens=5.95B
step=181740 | loss=4.2944 | lr=3.53e-05 | wd=0.0000 | mom=0.9500 | T=10.5 k=4.0 (mu_rec=8 mu_bwd=4) | grad=5.312 | tok/s=22,968 | tokens=5.96B
step=181750 | loss=3.9006 | lr=3.52e-05 | wd=0.0000 | mom=0.9500 | T=10.2 k=3.8 (mu_rec=8 mu_bwd=4) | grad=3.422 | tok/s=21,348 | tokens=5.96B
step=181760 | loss=3.8328 | lr=3.51e-05 | wd=0.0000 | mom=0.9500 | T=9.0 k=4.0 (mu_rec=8 mu_bwd=4) | grad=3.359 | tok/s=22,726 | tokens=5.96B
step=181770 | loss=4.2673 | lr=3.51e-05 | wd=0.0000 | mom=0.9500 | T=7.0 k=3.0 (mu_rec=8 mu_bwd=4) | grad=4.938 | tok/s=23,600 | tokens=5.96B
step=181780 | loss=4.0011 | lr=3.50e-05 | wd=0.0000 | mom=0.9500 | T=7.2 k=3.5 (mu_rec=8 mu_bwd=4) | grad=3.531 | tok/s=24,394 | tokens=5.96B
step=181790 | loss=4.0625 | lr=3.49e-05 | wd=0.0000 | mom=0.9500 | T=8.5 k=4.0 (mu_rec=8 mu_bwd=4) | grad=6.094 | tok/s=24,610 | tokens=5.96B
step=181800 | loss=3.9143 | lr=3.48e-05 | wd=0.0000 | mom=0.9500 | T=11.8 k=3.8 (mu_rec=8 mu_bwd=4) | grad=3.984 | tok/s=24,026 | tokens=5.96B
step=181810 | loss=4.0924 | lr=3.48e-05 | wd=0.0000 | mom=0.9500 | T=9.8 k=4.0 (mu_rec=8 mu_bwd=4) | grad=4.250 | tok/s=23,271 | tokens=5.96B
step=181820 | loss=4.0685 | lr=3.47e-05 | wd=0.0000 | mom=0.9500 | T=10.8 k=4.0 (mu_rec=8 mu_bwd=4) | grad=2.922 | tok/s=25,406 | tokens=5.96B
step=181830 | loss=4.0245 | lr=3.46e-05 | wd=0.0000 | mom=0.9500 | T=10.0 k=4.0 (mu_rec=8 mu_bwd=4) | grad=3.547 | tok/s=23,911 | tokens=5.96B
step=181840 | loss=4.0296 | lr=3.45e-05 | wd=0.0000 | mom=0.9500 | T=4.8 k=2.8 (mu_rec=8 mu_bwd=4) | grad=3.438 | tok/s=24,613 | tokens=5.96B
step=181850 | loss=3.8447 | lr=3.45e-05 | wd=0.0000 | mom=0.9500 | T=6.5 k=4.0 (mu_rec=8 mu_bwd=4) | grad=5.625 | tok/s=23,601 | tokens=5.96B
step=181860 | loss=3.9734 | lr=3.44e-05 | wd=0.0000 | mom=0.9500 | T=7.0 k=3.5 (mu_rec=8 mu_bwd=4) | grad=5.250 | tok/s=22,490 | tokens=5.96B
step=181870 | loss=4.3628 | lr=3.43e-05 | wd=0.0000 | mom=0.9500 | T=10.8 k=4.0 (mu_rec=8 mu_bwd=4) | grad=9.062 | tok/s=23,899 | tokens=5.96B
step=181880 | loss=4.0889 | lr=3.43e-05 | wd=0.0000 | mom=0.9500 | T=12.5 k=4.0 (mu_rec=8 mu_bwd=4) | grad=3.656 | tok/s=24,161 | tokens=5.96B
step=181890 | loss=3.7459 | lr=3.42e-05 | wd=0.0000 | mom=0.9500 | T=10.8 k=4.0 (mu_rec=8 mu_bwd=4) | grad=4.344 | tok/s=21,989 | tokens=5.96B
step=181900 | loss=4.0242 | lr=3.41e-05 | wd=0.0000 | mom=0.9500 | T=7.0 k=4.0 (mu_rec=8 mu_bwd=4) | grad=3.031 | tok/s=24,832 | tokens=5.96B
step=181910 | loss=4.1120 | lr=3.41e-05 | wd=0.0000 | mom=0.9500 | T=12.2 k=4.0 (mu_rec=8 mu_bwd=4) | grad=5.594 | tok/s=22,873 | tokens=5.96B
step=181920 | loss=3.7831 | lr=3.40e-05 | wd=0.0000 | mom=0.9500 | T=8.5 k=4.0 (mu_rec=8 mu_bwd=4) | grad=7.469 | tok/s=22,379 | tokens=5.96B
step=181930 | loss=4.0225 | lr=3.39e-05 | wd=0.0000 | mom=0.9500 | T=6.2 k=3.5 (mu_rec=8 mu_bwd=4) | grad=5.750 | tok/s=25,465 | tokens=5.96B
step=181940 | loss=4.2292 | lr=3.39e-05 | wd=0.0000 | mom=0.9500 | T=4.8 k=3.5 (mu_rec=8 mu_bwd=4) | grad=3.453 | tok/s=24,253 | tokens=5.96B
step=181950 | loss=3.9997 | lr=3.38e-05 | wd=0.0000 | mom=0.9500 | T=6.8 k=4.0 (mu_rec=8 mu_bwd=4) | grad=5.094 | tok/s=24,435 | tokens=5.96B
step=181960 | loss=4.0042 | lr=3.37e-05 | wd=0.0000 | mom=0.9500 | T=8.2 k=4.0 (mu_rec=8 mu_bwd=4) | grad=4.656 | tok/s=24,636 | tokens=5.96B
step=181970 | loss=4.2145 | lr=3.37e-05 | wd=0.0000 | mom=0.9500 | T=5.2 k=2.8 (mu_rec=8 mu_bwd=4) | grad=3.344 | tok/s=25,273 | tokens=5.96B
step=181980 | loss=3.9881 | lr=3.36e-05 | wd=0.0000 | mom=0.9500 | T=9.8 k=4.0 (mu_rec=8 mu_bwd=4) | grad=5.531 | tok/s=23,891 | tokens=5.96B
step=181990 | loss=4.1680 | lr=3.35e-05 | wd=0.0000 | mom=0.9500 | T=4.0 k=3.5 (mu_rec=8 mu_bwd=4) | grad=4.438 | tok/s=23,907 | tokens=5.96B
step=182000 | loss=3.8067 | lr=3.35e-05 | wd=0.0000 | mom=0.9500 | T=7.8 k=3.5 (mu_rec=8 mu_bwd=4) | grad=4.438 | tok/s=23,792 | tokens=5.96B
[step 182000] Saved -> runs/cortex-5b-k4/checkpoint_0182000
[step 182000] Pruned -> runs/cortex-5b-k4/checkpoint_0176000
step=182010 | loss=4.5099 | lr=3.34e-05 | wd=0.0000 | mom=0.9500 | T=7.8 k=4.0 (mu_rec=8 mu_bwd=4) | grad=7.625 | tok/s=21,818 | tokens=5.96B
step=182020 | loss=4.8660 | lr=3.33e-05 | wd=0.0000 | mom=0.9500 | T=5.0 k=3.5 (mu_rec=8 mu_bwd=4) | grad=23.250 | tok/s=24,912 | tokens=5.96B
step=182030 | loss=4.2372 | lr=3.33e-05 | wd=0.0000 | mom=0.9500 | T=5.8 k=4.0 (mu_rec=8 mu_bwd=4) | grad=4.531 | tok/s=22,840 | tokens=5.96B
step=182040 | loss=4.1262 | lr=3.32e-05 | wd=0.0000 | mom=0.9500 | T=8.5 k=4.0 (mu_rec=8 mu_bwd=4) | grad=3.344 | tok/s=22,547 | tokens=5.97B
step=182050 | loss=4.0883 | lr=3.32e-05 | wd=0.0000 | mom=0.9500 | T=3.5 k=2.8 (mu_rec=8 mu_bwd=4) | grad=3.312 | tok/s=24,550 | tokens=5.97B
step=182060 | loss=4.3008 | lr=3.31e-05 | wd=0.0000 | mom=0.9500 | T=7.8 k=4.0 (mu_rec=8 mu_bwd=4) | grad=12.000 | tok/s=10,940 | tokens=5.97B
step=182070 | loss=3.9212 | lr=3.30e-05 | wd=0.0000 | mom=0.9500 | T=8.5 k=4.0 (mu_rec=8 mu_bwd=4) | grad=3.406 | tok/s=24,633 | tokens=5.97B
step=182080 | loss=4.1229 | lr=3.30e-05 | wd=0.0000 | mom=0.9500 | T=8.0 k=4.0 (mu_rec=8 mu_bwd=4) | grad=3.438 | tok/s=22,058 | tokens=5.97B
step=182090 | loss=4.1228 | lr=3.29e-05 | wd=0.0000 | mom=0.9500 | T=11.8 k=4.0 (mu_rec=8 mu_bwd=4) | grad=3.469 | tok/s=23,300 | tokens=5.97B
step=182100 | loss=3.8382 | lr=3.29e-05 | wd=0.0000 | mom=0.9500 | T=15.2 k=3.2 (mu_rec=8 mu_bwd=4) | grad=5.812 | tok/s=23,446 | tokens=5.97B
step=182110 | loss=4.0604 | lr=3.28e-05 | wd=0.0000 | mom=0.9500 | T=5.5 k=3.5 (mu_rec=8 mu_bwd=4) | grad=3.891 | tok/s=23,821 | tokens=5.97B
step=182120 | loss=3.9769 | lr=3.28e-05 | wd=0.0000 | mom=0.9500 | T=7.8 k=4.0 (mu_rec=8 mu_bwd=4) | grad=3.375 | tok/s=24,225 | tokens=5.97B
step=182130 | loss=3.6707 | lr=3.27e-05 | wd=0.0000 | mom=0.9500 | T=6.5 k=3.8 (mu_rec=8 mu_bwd=4) | grad=4.250 | tok/s=24,848 | tokens=5.97B
step=182140 | loss=3.9830 | lr=3.27e-05 | wd=0.0000 | mom=0.9500 | T=7.5 k=4.0 (mu_rec=8 mu_bwd=4) | grad=7.781 | tok/s=24,633 | tokens=5.97B
step=182150 | loss=3.5926 | lr=3.26e-05 | wd=0.0000 | mom=0.9500 | T=6.0 k=3.2 (mu_rec=8 mu_bwd=4) | grad=3.969 | tok/s=23,008 | tokens=5.97B
step=182160 | loss=4.0893 | lr=3.25e-05 | wd=0.0000 | mom=0.9500 | T=6.8 k=4.0 (mu_rec=8 mu_bwd=4) | grad=3.656 | tok/s=25,285 | tokens=5.97B
step=182170 | loss=4.0981 | lr=3.25e-05 | wd=0.0000 | mom=0.9500 | T=10.0 k=4.0 (mu_rec=8 mu_bwd=4) | grad=5.312 | tok/s=22,832 | tokens=5.97B
step=182180 | loss=4.0932 | lr=3.24e-05 | wd=0.0000 | mom=0.9500 | T=5.8 k=3.8 (mu_rec=8 mu_bwd=4) | grad=6.375 | tok/s=25,031 | tokens=5.97B
step=182190 | loss=3.8486 | lr=3.24e-05 | wd=0.0000 | mom=0.9500 | T=6.5 k=3.8 (mu_rec=8 mu_bwd=4) | grad=3.156 | tok/s=23,203 | tokens=5.97B
step=182200 | loss=3.9297 | lr=3.23e-05 | wd=0.0000 | mom=0.9500 | T=8.8 k=3.5 (mu_rec=8 mu_bwd=4) | grad=3.562 | tok/s=24,869 | tokens=5.97B
step=182210 | loss=4.2395 | lr=3.23e-05 | wd=0.0000 | mom=0.9500 | T=10.2 k=4.0 (mu_rec=8 mu_bwd=4) | grad=3.844 | tok/s=23,933 | tokens=5.97B
step=182220 | loss=3.9466 | lr=3.22e-05 | wd=0.0000 | mom=0.9500 | T=3.2 k=2.8 (mu_rec=8 mu_bwd=4) | grad=4.031 | tok/s=26,322 | tokens=5.97B
step=182230 | loss=4.0045 | lr=3.22e-05 | wd=0.0000 | mom=0.9500 | T=6.8 k=3.2 (mu_rec=8 mu_bwd=4) | grad=4.656 | tok/s=23,197 | tokens=5.97B
step=182240 | loss=4.1478 | lr=3.21e-05 | wd=0.0000 | mom=0.9500 | T=8.2 k=3.8 (mu_rec=8 mu_bwd=4) | grad=3.328 | tok/s=24,125 | tokens=5.97B
step=182250 | loss=3.9724 | lr=3.21e-05 | wd=0.0000 | mom=0.9500 | T=11.0 k=3.8 (mu_rec=8 mu_bwd=4) | grad=3.375 | tok/s=22,226 | tokens=5.97B
step=182260 | loss=3.8151 | lr=3.20e-05 | wd=0.0000 | mom=0.9500 | T=7.8 k=3.5 (mu_rec=8 mu_bwd=4) | grad=4.938 | tok/s=24,759 | tokens=5.97B
step=182270 | loss=4.2177 | lr=3.20e-05 | wd=0.0000 | mom=0.9500 | T=5.0 k=4.0 (mu_rec=8 mu_bwd=4) | grad=3.484 | tok/s=23,832 | tokens=5.97B
step=182280 | loss=4.2679 | lr=3.19e-05 | wd=0.0000 | mom=0.9500 | T=8.0 k=4.0 (mu_rec=8 mu_bwd=4) | grad=4.594 | tok/s=24,356 | tokens=5.97B
step=182290 | loss=4.0098 | lr=3.19e-05 | wd=0.0000 | mom=0.9500 | T=4.8 k=2.8 (mu_rec=8 mu_bwd=4) | grad=5.250 | tok/s=24,832 | tokens=5.97B
step=182300 | loss=4.1801 | lr=3.18e-05 | wd=0.0000 | mom=0.9500 | T=5.2 k=3.2 (mu_rec=8 mu_bwd=4) | grad=4.938 | tok/s=23,124 | tokens=5.97B
step=182310 | loss=3.8871 | lr=3.18e-05 | wd=0.0000 | mom=0.9500 | T=6.0 k=3.5 (mu_rec=8 mu_bwd=4) | grad=3.328 | tok/s=24,017 | tokens=5.97B
step=182320 | loss=4.1385 | lr=3.18e-05 | wd=0.0000 | mom=0.9500 | T=13.2 k=3.8 (mu_rec=8 mu_bwd=4) | grad=3.797 | tok/s=24,222 | tokens=5.97B
step=182330 | loss=4.2030 | lr=3.17e-05 | wd=0.0000 | mom=0.9500 | T=6.0 k=4.0 (mu_rec=8 mu_bwd=4) | grad=25.750 | tok/s=23,944 | tokens=5.97B
step=182340 | loss=4.3316 | lr=3.17e-05 | wd=0.0000 | mom=0.9500 | T=3.8 k=3.5 (mu_rec=8 mu_bwd=4) | grad=3.312 | tok/s=23,538 | tokens=5.97B
step=182350 | loss=4.0111 | lr=3.16e-05 | wd=0.0000 | mom=0.9500 | T=5.5 k=3.2 (mu_rec=8 mu_bwd=4) | grad=3.562 | tok/s=23,915 | tokens=5.98B
step=182360 | loss=4.0707 | lr=3.16e-05 | wd=0.0000 | mom=0.9500 | T=7.5 k=4.0 (mu_rec=8 mu_bwd=4) | grad=4.531 | tok/s=25,607 | tokens=5.98B
step=182370 | loss=4.0121 | lr=3.15e-05 | wd=0.0000 | mom=0.9500 | T=8.0 k=3.8 (mu_rec=8 mu_bwd=4) | grad=3.891 | tok/s=25,438 | tokens=5.98B
step=182380 | loss=4.3433 | lr=3.15e-05 | wd=0.0000 | mom=0.9500 | T=5.2 k=3.0 (mu_rec=8 mu_bwd=4) | grad=7.906 | tok/s=24,581 | tokens=5.98B
step=182390 | loss=4.7459 | lr=3.15e-05 | wd=0.0000 | mom=0.9500 | T=2.5 k=2.5 (mu_rec=8 mu_bwd=4) | grad=4.844 | tok/s=24,320 | tokens=5.98B
step=182400 | loss=4.0288 | lr=3.14e-05 | wd=0.0000 | mom=0.9500 | T=6.0 k=3.0 (mu_rec=8 mu_bwd=4) | grad=9.500 | tok/s=24,904 | tokens=5.98B
step=182410 | loss=4.0602 | lr=3.14e-05 | wd=0.0000 | mom=0.9500 | T=3.2 k=2.8 (mu_rec=8 mu_bwd=4) | grad=3.438 | tok/s=24,739 | tokens=5.98B
step=182420 | loss=4.1371 | lr=3.13e-05 | wd=0.0000 | mom=0.9500 | T=5.2 k=3.0 (mu_rec=8 mu_bwd=4) | grad=4.719 | tok/s=25,446 | tokens=5.98B
step=182430 | loss=3.6813 | lr=3.13e-05 | wd=0.0000 | mom=0.9500 | T=10.2 k=4.0 (mu_rec=8 mu_bwd=4) | grad=11.562 | tok/s=22,235 | tokens=5.98B
step=182440 | loss=4.5023 | lr=3.13e-05 | wd=0.0000 | mom=0.9500 | T=18.8 k=3.5 (mu_rec=8 mu_bwd=4) | grad=3.875 | tok/s=22,521 | tokens=5.98B
step=182450 | loss=4.3713 | lr=3.12e-05 | wd=0.0000 | mom=0.9500 | T=8.5 k=4.0 (mu_rec=8 mu_bwd=4) | grad=6.281 | tok/s=25,435 | tokens=5.98B
step=182460 | loss=4.0164 | lr=3.12e-05 | wd=0.0000 | mom=0.9500 | T=7.5 k=3.5 (mu_rec=8 mu_bwd=4) | grad=7.594 | tok/s=23,298 | tokens=5.98B
step=182470 | loss=4.0886 | lr=3.11e-05 | wd=0.0000 | mom=0.9500 | T=7.8 k=4.0 (mu_rec=8 mu_bwd=4) | grad=3.703 | tok/s=23,451 | tokens=5.98B
step=182480 | loss=4.0046 | lr=3.11e-05 | wd=0.0000 | mom=0.9500 | T=9.8 k=4.0 (mu_rec=8 mu_bwd=4) | grad=3.656 | tok/s=21,686 | tokens=5.98B
step=182490 | loss=4.1625 | lr=3.11e-05 | wd=0.0000 | mom=0.9500 | T=7.5 k=3.5 (mu_rec=8 mu_bwd=4) | grad=3.375 | tok/s=23,137 | tokens=5.98B
step=182500 | loss=3.8313 | lr=3.10e-05 | wd=0.0000 | mom=0.9500 | T=9.2 k=3.8 (mu_rec=8 mu_bwd=4) | grad=3.562 | tok/s=24,857 | tokens=5.98B
step=182510 | loss=4.1860 | lr=3.10e-05 | wd=0.0000 | mom=0.9500 | T=5.5 k=3.8 (mu_rec=8 mu_bwd=4) | grad=2.875 | tok/s=23,892 | tokens=5.98B
step=182520 | loss=4.1842 | lr=3.10e-05 | wd=0.0000 | mom=0.9500 | T=10.2 k=3.2 (mu_rec=8 mu_bwd=4) | grad=8.500 | tok/s=23,432 | tokens=5.98B
step=182530 | loss=3.8288 | lr=3.09e-05 | wd=0.0000 | mom=0.9500 | T=10.8 k=2.8 (mu_rec=8 mu_bwd=4) | grad=3.500 | tok/s=23,550 | tokens=5.98B
step=182540 | loss=4.0125 | lr=3.09e-05 | wd=0.0000 | mom=0.9500 | T=7.8 k=3.8 (mu_rec=8 mu_bwd=4) | grad=3.406 | tok/s=24,223 | tokens=5.98B
step=182550 | loss=4.1316 | lr=3.09e-05 | wd=0.0000 | mom=0.9500 | T=7.8 k=4.0 (mu_rec=8 mu_bwd=4) | grad=3.094 | tok/s=24,838 | tokens=5.98B
step=182560 | loss=4.0917 | lr=3.08e-05 | wd=0.0000 | mom=0.9500 | T=11.2 k=4.0 (mu_rec=8 mu_bwd=4) | grad=3.297 | tok/s=10,557 | tokens=5.98B
step=182570 | loss=3.8335 | lr=3.08e-05 | wd=0.0000 | mom=0.9500 | T=9.2 k=4.0 (mu_rec=8 mu_bwd=4) | grad=8.188 | tok/s=23,726 | tokens=5.98B
step=182580 | loss=4.2338 | lr=3.08e-05 | wd=0.0000 | mom=0.9500 | T=7.8 k=4.0 (mu_rec=8 mu_bwd=4) | grad=3.391 | tok/s=25,172 | tokens=5.98B
step=182590 | loss=4.0421 | lr=3.08e-05 | wd=0.0000 | mom=0.9500 | T=6.5 k=3.5 (mu_rec=8 mu_bwd=4) | grad=6.344 | tok/s=23,734 | tokens=5.98B
step=182600 | loss=4.2252 | lr=3.07e-05 | wd=0.0000 | mom=0.9500 | T=6.0 k=3.8 (mu_rec=8 mu_bwd=4) | grad=3.484 | tok/s=24,693 | tokens=5.98B
step=182610 | loss=4.0031 | lr=3.07e-05 | wd=0.0000 | mom=0.9500 | T=7.0 k=4.0 (mu_rec=8 mu_bwd=4) | grad=3.516 | tok/s=23,782 | tokens=5.98B
step=182620 | loss=3.8611 | lr=3.07e-05 | wd=0.0000 | mom=0.9500 | T=4.5 k=3.2 (mu_rec=8 mu_bwd=4) | grad=5.344 | tok/s=23,686 | tokens=5.98B
step=182630 | loss=3.9971 | lr=3.06e-05 | wd=0.0000 | mom=0.9500 | T=8.0 k=3.8 (mu_rec=8 mu_bwd=4) | grad=4.031 | tok/s=24,008 | tokens=5.98B
step=182640 | loss=4.1463 | lr=3.06e-05 | wd=0.0000 | mom=0.9500 | T=9.5 k=4.0 (mu_rec=8 mu_bwd=4) | grad=4.406 | tok/s=22,962 | tokens=5.98B
step=182650 | loss=3.7342 | lr=3.06e-05 | wd=0.0000 | mom=0.9500 | T=3.5 k=3.0 (mu_rec=8 mu_bwd=4) | grad=5.219 | tok/s=24,424 | tokens=5.99B
step=182660 | loss=4.0645 | lr=3.06e-05 | wd=0.0000 | mom=0.9500 | T=15.0 k=4.0 (mu_rec=8 mu_bwd=4) | grad=5.906 | tok/s=21,684 | tokens=5.99B
step=182670 | loss=4.2318 | lr=3.05e-05 | wd=0.0000 | mom=0.9500 | T=13.0 k=3.8 (mu_rec=8 mu_bwd=4) | grad=4.312 | tok/s=22,682 | tokens=5.99B
step=182680 | loss=3.9972 | lr=3.05e-05 | wd=0.0000 | mom=0.9500 | T=6.5 k=3.8 (mu_rec=8 mu_bwd=4) | grad=4.906 | tok/s=23,812 | tokens=5.99B
step=182690 | loss=4.0175 | lr=3.05e-05 | wd=0.0000 | mom=0.9500 | T=7.0 k=3.8 (mu_rec=8 mu_bwd=4) | grad=3.109 | tok/s=24,247 | tokens=5.99B
step=182700 | loss=4.0862 | lr=3.05e-05 | wd=0.0000 | mom=0.9500 | T=3.5 k=3.2 (mu_rec=8 mu_bwd=4) | grad=3.641 | tok/s=21,783 | tokens=5.99B
step=182710 | loss=3.9810 | lr=3.04e-05 | wd=0.0000 | mom=0.9500 | T=10.0 k=4.0 (mu_rec=8 mu_bwd=4) | grad=3.812 | tok/s=25,417 | tokens=5.99B
step=182720 | loss=3.6939 | lr=3.04e-05 | wd=0.0000 | mom=0.9500 | T=4.8 k=3.0 (mu_rec=8 mu_bwd=4) | grad=88.500 | tok/s=25,275 | tokens=5.99B
step=182730 | loss=3.6613 | lr=3.04e-05 | wd=0.0000 | mom=0.9500 | T=7.0 k=3.2 (mu_rec=8 mu_bwd=4) | grad=3.844 | tok/s=23,109 | tokens=5.99B
step=182740 | loss=3.9771 | lr=3.04e-05 | wd=0.0000 | mom=0.9500 | T=5.8 k=4.0 (mu_rec=8 mu_bwd=4) | grad=6.000 | tok/s=22,968 | tokens=5.99B
step=182750 | loss=3.9949 | lr=3.04e-05 | wd=0.0000 | mom=0.9500 | T=9.5 k=3.5 (mu_rec=8 mu_bwd=4) | grad=3.219 | tok/s=23,743 | tokens=5.99B
step=182760 | loss=3.8735 | lr=3.03e-05 | wd=0.0000 | mom=0.9500 | T=8.8 k=4.0 (mu_rec=8 mu_bwd=4) | grad=4.438 | tok/s=22,867 | tokens=5.99B
step=182770 | loss=4.1681 | lr=3.03e-05 | wd=0.0000 | mom=0.9500 | T=5.2 k=4.0 (mu_rec=8 mu_bwd=4) | grad=6.750 | tok/s=23,543 | tokens=5.99B
step=182780 | loss=3.7917 | lr=3.03e-05 | wd=0.0000 | mom=0.9500 | T=6.8 k=4.0 (mu_rec=8 mu_bwd=4) | grad=3.953 | tok/s=23,969 | tokens=5.99B
step=182790 | loss=4.0309 | lr=3.03e-05 | wd=0.0000 | mom=0.9500 | T=8.5 k=4.0 (mu_rec=8 mu_bwd=4) | grad=3.594 | tok/s=22,879 | tokens=5.99B
step=182800 | loss=4.1212 | lr=3.03e-05 | wd=0.0000 | mom=0.9500 | T=6.8 k=4.0 (mu_rec=8 mu_bwd=4) | grad=3.500 | tok/s=24,023 | tokens=5.99B
step=182810 | loss=4.0865 | lr=3.02e-05 | wd=0.0000 | mom=0.9500 | T=6.8 k=3.5 (mu_rec=8 mu_bwd=4) | grad=3.562 | tok/s=24,404 | tokens=5.99B
step=182820 | loss=4.1308 | lr=3.02e-05 | wd=0.0000 | mom=0.9500 | T=7.8 k=4.0 (mu_rec=8 mu_bwd=4) | grad=22.125 | tok/s=22,672 | tokens=5.99B
step=182830 | loss=4.0212 | lr=3.02e-05 | wd=0.0000 | mom=0.9500 | T=8.5 k=4.0 (mu_rec=8 mu_bwd=4) | grad=3.656 | tok/s=26,492 | tokens=5.99B
step=182840 | loss=4.0857 | lr=3.02e-05 | wd=0.0000 | mom=0.9500 | T=6.5 k=4.0 (mu_rec=8 mu_bwd=4) | grad=3.328 | tok/s=25,212 | tokens=5.99B
step=182850 | loss=3.9919 | lr=3.02e-05 | wd=0.0000 | mom=0.9500 | T=10.8 k=4.0 (mu_rec=8 mu_bwd=4) | grad=3.391 | tok/s=24,439 | tokens=5.99B
step=182860 | loss=3.9930 | lr=3.02e-05 | wd=0.0000 | mom=0.9500 | T=6.5 k=4.0 (mu_rec=8 mu_bwd=4) | grad=3.328 | tok/s=24,674 | tokens=5.99B
step=182870 | loss=3.9472 | lr=3.02e-05 | wd=0.0000 | mom=0.9500 | T=9.2 k=3.8 (mu_rec=8 mu_bwd=4) | grad=3.422 | tok/s=22,599 | tokens=5.99B
step=182880 | loss=4.0539 | lr=3.01e-05 | wd=0.0000 | mom=0.9500 | T=10.5 k=4.0 (mu_rec=8 mu_bwd=4) | grad=5.031 | tok/s=21,849 | tokens=5.99B
step=182890 | loss=4.2876 | lr=3.01e-05 | wd=0.0000 | mom=0.9500 | T=10.8 k=4.0 (mu_rec=8 mu_bwd=4) | grad=5.656 | tok/s=10,179 | tokens=5.99B
step=182900 | loss=4.2969 | lr=3.01e-05 | wd=0.0000 | mom=0.9500 | T=7.8 k=4.0 (mu_rec=8 mu_bwd=4) | grad=3.188 | tok/s=24,631 | tokens=5.99B
step=182910 | loss=4.3829 | lr=3.01e-05 | wd=0.0000 | mom=0.9500 | T=10.8 k=4.0 (mu_rec=8 mu_bwd=4) | grad=5.438 | tok/s=23,883 | tokens=5.99B
step=182920 | loss=3.8469 | lr=3.01e-05 | wd=0.0000 | mom=0.9500 | T=7.2 k=4.0 (mu_rec=8 mu_bwd=4) | grad=5.438 | tok/s=24,825 | tokens=5.99B
step=182930 | loss=4.3015 | lr=3.01e-05 | wd=0.0000 | mom=0.9500 | T=11.2 k=4.0 (mu_rec=8 mu_bwd=4) | grad=3.266 | tok/s=23,329 | tokens=5.99B
step=182940 | loss=3.8581 | lr=3.01e-05 | wd=0.0000 | mom=0.9500 | T=9.0 k=4.0 (mu_rec=8 mu_bwd=4) | grad=3.297 | tok/s=24,531 | tokens=5.99B
step=182950 | loss=3.9106 | lr=3.01e-05 | wd=0.0000 | mom=0.9500 | T=6.0 k=3.0 (mu_rec=8 mu_bwd=4) | grad=3.938 | tok/s=24,047 | tokens=5.99B
step=182960 | loss=3.7607 | lr=3.01e-05 | wd=0.0000 | mom=0.9500 | T=8.0 k=4.0 (mu_rec=8 mu_bwd=4) | grad=8.500 | tok/s=23,255 | tokens=6.00B
step=182970 | loss=4.0588 | lr=3.01e-05 | wd=0.0000 | mom=0.9500 | T=5.8 k=3.8 (mu_rec=8 mu_bwd=4) | grad=3.547 | tok/s=23,664 | tokens=6.00B
step=182980 | loss=3.6851 | lr=3.00e-05 | wd=0.0000 | mom=0.9500 | T=11.0 k=4.0 (mu_rec=8 mu_bwd=4) | grad=6.594 | tok/s=20,522 | tokens=6.00B
step=182990 | loss=4.2785 | lr=3.00e-05 | wd=0.0000 | mom=0.9500 | T=4.0 k=2.8 (mu_rec=8 mu_bwd=4) | grad=16.000 | tok/s=24,453 | tokens=6.00B
step=183000 | loss=3.9932 | lr=3.00e-05 | wd=0.0000 | mom=0.9500 | T=9.2 k=3.2 (mu_rec=8 mu_bwd=4) | grad=3.109 | tok/s=22,216 | tokens=6.00B
step=183010 | loss=3.9840 | lr=3.00e-05 | wd=0.0000 | mom=0.9500 | T=3.8 k=3.5 (mu_rec=8 mu_bwd=4) | grad=3.281 | tok/s=24,758 | tokens=6.00B
step=183020 | loss=3.9002 | lr=3.00e-05 | wd=0.0000 | mom=0.9500 | T=8.0 k=3.8 (mu_rec=8 mu_bwd=4) | grad=4.062 | tok/s=24,904 | tokens=6.00B
step=183030 | loss=3.9792 | lr=3.00e-05 | wd=0.0000 | mom=0.9500 | T=4.8 k=3.0 (mu_rec=8 mu_bwd=4) | grad=4.344 | tok/s=24,902 | tokens=6.00B
step=183040 | loss=4.1914 | lr=3.00e-05 | wd=0.0000 | mom=0.9500 | T=9.5 k=4.0 (mu_rec=8 mu_bwd=4) | grad=3.750 | tok/s=24,232 | tokens=6.00B
step=183050 | loss=4.2999 | lr=3.00e-05 | wd=0.0000 | mom=0.9500 | T=8.2 k=4.0 (mu_rec=8 mu_bwd=4) | grad=4.000 | tok/s=23,124 | tokens=6.00B
step=183060 | loss=4.1190 | lr=3.00e-05 | wd=0.0000 | mom=0.9500 | T=9.0 k=3.8 (mu_rec=8 mu_bwd=4) | grad=4.500 | tok/s=23,443 | tokens=6.00B
step=183070 | loss=4.0433 | lr=3.00e-05 | wd=0.0000 | mom=0.9500 | T=5.5 k=3.5 (mu_rec=8 mu_bwd=4) | grad=3.938 | tok/s=22,748 | tokens=6.00B
step=183080 | loss=3.9237 | lr=3.00e-05 | wd=0.0000 | mom=0.9500 | T=10.0 k=4.0 (mu_rec=8 mu_bwd=4) | grad=3.562 | tok/s=24,293 | tokens=6.00B
step=183090 | loss=3.9731 | lr=3.00e-05 | wd=0.0000 | mom=0.9500 | T=7.5 k=4.0 (mu_rec=8 mu_bwd=4) | grad=3.000 | tok/s=22,949 | tokens=6.00B
step=183100 | loss=4.0737 | lr=3.00e-05 | wd=0.0000 | mom=0.9500 | T=9.5 k=4.0 (mu_rec=8 mu_bwd=4) | grad=3.734 | tok/s=22,652 | tokens=6.00B
step=183110 | loss=3.7048 | lr=3.00e-05 | wd=0.0000 | mom=0.9500 | T=7.8 k=4.0 (mu_rec=8 mu_bwd=4) | grad=3.734 | tok/s=27,250 | tokens=6.00B
step=183120 | loss=3.6987 | lr=3.00e-05 | wd=0.0000 | mom=0.9500 | T=8.5 k=3.8 (mu_rec=8 mu_bwd=4) | grad=4.656 | tok/s=23,965 | tokens=6.00B
step=183130 | loss=4.0765 | lr=3.00e-05 | wd=0.0000 | mom=0.9500 | T=4.2 k=3.5 (mu_rec=8 mu_bwd=4) | grad=3.406 | tok/s=24,855 | tokens=6.00B
step=183140 | loss=3.9696 | lr=3.00e-05 | wd=0.0000 | mom=0.9500 | T=15.0 k=4.0 (mu_rec=8 mu_bwd=4) | grad=3.781 | tok/s=22,663 | tokens=6.00B
step=183150 | loss=4.0746 | lr=3.00e-05 | wd=0.0000 | mom=0.9500 | T=4.0 k=3.2 (mu_rec=8 mu_bwd=4) | grad=5.594 | tok/s=22,983 | tokens=6.00B
step=183160 | loss=3.8511 | lr=3.00e-05 | wd=0.0000 | mom=0.9500 | T=6.2 k=3.8 (mu_rec=8 mu_bwd=4) | grad=3.422 | tok/s=22,904 | tokens=6.00B
step=183170 | loss=3.8854 | lr=3.00e-05 | wd=0.0000 | mom=0.9500 | T=5.2 k=3.2 (mu_rec=8 mu_bwd=4) | grad=3.594 | tok/s=24,422 | tokens=6.00B
step=183180 | loss=3.9569 | lr=3.00e-05 | wd=0.0000 | mom=0.9500 | T=13.0 k=4.0 (mu_rec=8 mu_bwd=4) | grad=4.500 | tok/s=23,622 | tokens=6.00B
step=183190 | loss=3.8741 | lr=3.00e-05 | wd=0.0000 | mom=0.9500 | T=13.8 k=4.0 (mu_rec=8 mu_bwd=4) | grad=3.469 | tok/s=24,246 | tokens=6.00B
step=183200 | loss=3.9700 | lr=3.00e-05 | wd=0.0000 | mom=0.9500 | T=4.2 k=3.8 (mu_rec=8 mu_bwd=4) | grad=3.750 | tok/s=24,491 | tokens=6.00B
step=183210 | loss=3.9692 | lr=3.00e-05 | wd=0.0000 | mom=0.9500 | T=8.2 k=4.0 (mu_rec=8 mu_bwd=4) | grad=3.000 | tok/s=24,291 | tokens=6.00B
step=183220 | loss=3.7520 | lr=3.00e-05 | wd=0.0000 | mom=0.9500 | T=8.8 k=3.8 (mu_rec=8 mu_bwd=4) | grad=4.781 | tok/s=23,679 | tokens=6.00B
step=183230 | loss=4.2165 | lr=3.00e-05 | wd=0.0000 | mom=0.9500 | T=10.0 k=3.8 (mu_rec=8 mu_bwd=4) | grad=4.875 | tok/s=22,745 | tokens=6.00B
step=183240 | loss=4.3239 | lr=3.01e-05 | wd=0.0000 | mom=0.9500 | T=11.2 k=4.0 (mu_rec=8 mu_bwd=4) | grad=4.688 | tok/s=24,035 | tokens=6.00B
step=183250 | loss=4.3397 | lr=3.01e-05 | wd=0.0000 | mom=0.9500 | T=5.0 k=3.2 (mu_rec=8 mu_bwd=4) | grad=4.062 | tok/s=25,753 | tokens=6.00B
step=183260 | loss=3.8593 | lr=3.01e-05 | wd=0.0000 | mom=0.9500 | T=6.8 k=4.0 (mu_rec=8 mu_bwd=4) | grad=7.031 | tok/s=22,132 | tokens=6.01B
step=183270 | loss=3.8580 | lr=3.01e-05 | wd=0.0000 | mom=0.9500 | T=10.2 k=4.0 (mu_rec=8 mu_bwd=4) | grad=3.953 | tok/s=23,065 | tokens=6.01B
step=183280 | loss=4.0326 | lr=3.01e-05 | wd=0.0000 | mom=0.9500 | T=8.5 k=4.0 (mu_rec=8 mu_bwd=4) | grad=3.016 | tok/s=24,604 | tokens=6.01B
step=183290 | loss=4.0497 | lr=3.01e-05 | wd=0.0000 | mom=0.9500 | T=12.0 k=4.0 (mu_rec=8 mu_bwd=4) | grad=4.125 | tok/s=22,956 | tokens=6.01B
step=183300 | loss=4.0076 | lr=3.01e-05 | wd=0.0000 | mom=0.9500 | T=6.8 k=3.5 (mu_rec=8 mu_bwd=4) | grad=3.531 | tok/s=23,847 | tokens=6.01B
step=183310 | loss=4.1459 | lr=3.01e-05 | wd=0.0000 | mom=0.9500 | T=17.8 k=4.0 (mu_rec=8 mu_bwd=4) | grad=3.562 | tok/s=22,710 | tokens=6.01B
step=183320 | loss=4.1151 | lr=3.01e-05 | wd=0.0000 | mom=0.9500 | T=4.2 k=3.5 (mu_rec=8 mu_bwd=4) | grad=4.188 | tok/s=25,387 | tokens=6.01B
step=183330 | loss=4.3810 | lr=3.01e-05 | wd=0.0000 | mom=0.9500 | T=7.8 k=3.8 (mu_rec=8 mu_bwd=4) | grad=3.875 | tok/s=23,195 | tokens=6.01B
step=183340 | loss=4.3798 | lr=3.02e-05 | wd=0.0000 | mom=0.9500 | T=6.5 k=3.2 (mu_rec=8 mu_bwd=4) | grad=4.500 | tok/s=25,309 | tokens=6.01B
step=183350 | loss=4.1706 | lr=3.02e-05 | wd=0.0000 | mom=0.9500 | T=6.8 k=4.0 (mu_rec=8 mu_bwd=4) | grad=10.562 | tok/s=23,550 | tokens=6.01B
step=183360 | loss=4.0638 | lr=3.02e-05 | wd=0.0000 | mom=0.9500 | T=4.2 k=2.5 (mu_rec=8 mu_bwd=4) | grad=5.969 | tok/s=24,322 | tokens=6.01B
step=183370 | loss=4.0305 | lr=3.02e-05 | wd=0.0000 | mom=0.9500 | T=6.0 k=3.5 (mu_rec=8 mu_bwd=4) | grad=6.344 | tok/s=22,588 | tokens=6.01B
step=183380 | loss=4.1687 | lr=3.02e-05 | wd=0.0000 | mom=0.9500 | T=8.0 k=4.0 (mu_rec=8 mu_bwd=4) | grad=4.844 | tok/s=26,065 | tokens=6.01B
step=183390 | loss=4.2407 | lr=3.02e-05 | wd=0.0000 | mom=0.9500 | T=12.0 k=4.0 (mu_rec=8 mu_bwd=4) | grad=3.531 | tok/s=23,376 | tokens=6.01B
step=183400 | loss=4.0440 | lr=3.03e-05 | wd=0.0000 | mom=0.9500 | T=8.2 k=4.0 (mu_rec=8 mu_bwd=4) | grad=4.125 | tok/s=23,101 | tokens=6.01B
step=183410 | loss=4.1860 | lr=3.03e-05 | wd=0.0000 | mom=0.9500 | T=5.8 k=3.2 (mu_rec=8 mu_bwd=4) | grad=4.562 | tok/s=9,649 | tokens=6.01B
step=183420 | loss=4.0801 | lr=3.03e-05 | wd=0.0000 | mom=0.9500 | T=12.5 k=3.5 (mu_rec=8 mu_bwd=4) | grad=3.500 | tok/s=21,175 | tokens=6.01B
step=183430 | loss=4.1111 | lr=3.03e-05 | wd=0.0000 | mom=0.9500 | T=7.5 k=3.5 (mu_rec=8 mu_bwd=4) | grad=7.031 | tok/s=22,357 | tokens=6.01B
step=183440 | loss=4.0067 | lr=3.03e-05 | wd=0.0000 | mom=0.9500 | T=8.8 k=4.0 (mu_rec=8 mu_bwd=4) | grad=3.141 | tok/s=24,098 | tokens=6.01B
step=183450 | loss=4.1703 | lr=3.03e-05 | wd=0.0000 | mom=0.9500 | T=10.5 k=4.0 (mu_rec=8 mu_bwd=4) | grad=4.406 | tok/s=24,099 | tokens=6.01B
step=183460 | loss=4.1795 | lr=3.04e-05 | wd=0.0000 | mom=0.9500 | T=4.0 k=2.5 (mu_rec=8 mu_bwd=4) | grad=4.531 | tok/s=24,706 | tokens=6.01B
step=183470 | loss=4.1740 | lr=3.04e-05 | wd=0.0000 | mom=0.9500 | T=9.2 k=4.0 (mu_rec=8 mu_bwd=4) | grad=7.094 | tok/s=23,864 | tokens=6.01B
step=183480 | loss=4.1589 | lr=3.04e-05 | wd=0.0000 | mom=0.9500 | T=5.2 k=3.5 (mu_rec=8 mu_bwd=4) | grad=3.656 | tok/s=23,950 | tokens=6.01B
step=183490 | loss=4.1205 | lr=3.04e-05 | wd=0.0000 | mom=0.9500 | T=3.8 k=3.5 (mu_rec=8 mu_bwd=4) | grad=4.844 | tok/s=25,075 | tokens=6.01B
step=183500 | loss=4.2726 | lr=3.04e-05 | wd=0.0000 | mom=0.9500 | T=4.8 k=3.5 (mu_rec=8 mu_bwd=4) | grad=5.062 | tok/s=24,905 | tokens=6.01B
step=183510 | loss=4.0150 | lr=3.05e-05 | wd=0.0000 | mom=0.9500 | T=11.5 k=4.0 (mu_rec=8 mu_bwd=4) | grad=3.906 | tok/s=23,626 | tokens=6.01B
step=183520 | loss=4.0039 | lr=3.05e-05 | wd=0.0000 | mom=0.9500 | T=10.2 k=4.0 (mu_rec=8 mu_bwd=4) | grad=3.672 | tok/s=22,825 | tokens=6.01B
step=183530 | loss=4.0289 | lr=3.05e-05 | wd=0.0000 | mom=0.9500 | T=12.5 k=4.0 (mu_rec=8 mu_bwd=4) | grad=6.594 | tok/s=22,661 | tokens=6.01B
step=183540 | loss=3.9637 | lr=3.05e-05 | wd=0.0000 | mom=0.9500 | T=8.8 k=4.0 (mu_rec=8 mu_bwd=4) | grad=3.828 | tok/s=22,595 | tokens=6.01B
step=183550 | loss=3.7752 | lr=3.06e-05 | wd=0.0000 | mom=0.9500 | T=7.8 k=3.5 (mu_rec=8 mu_bwd=4) | grad=10.500 | tok/s=23,852 | tokens=6.01B
step=183560 | loss=3.7775 | lr=3.06e-05 | wd=0.0000 | mom=0.9500 | T=10.2 k=3.8 (mu_rec=8 mu_bwd=4) | grad=5.125 | tok/s=23,291 | tokens=6.01B
step=183570 | loss=3.9964 | lr=3.06e-05 | wd=0.0000 | mom=0.9500 | T=10.0 k=4.0 (mu_rec=8 mu_bwd=4) | grad=4.531 | tok/s=24,064 | tokens=6.02B
step=183580 | loss=4.1805 | lr=3.06e-05 | wd=0.0000 | mom=0.9500 | T=6.8 k=3.2 (mu_rec=8 mu_bwd=4) | grad=3.750 | tok/s=24,973 | tokens=6.02B
step=183590 | loss=3.9018 | lr=3.07e-05 | wd=0.0000 | mom=0.9500 | T=5.8 k=3.8 (mu_rec=8 mu_bwd=4) | grad=3.875 | tok/s=24,936 | tokens=6.02B
step=183600 | loss=4.0773 | lr=3.07e-05 | wd=0.0000 | mom=0.9500 | T=9.8 k=3.8 (mu_rec=8 mu_bwd=4) | grad=7.719 | tok/s=23,441 | tokens=6.02B
step=183610 | loss=3.7760 | lr=3.07e-05 | wd=0.0000 | mom=0.9500 | T=4.8 k=3.8 (mu_rec=8 mu_bwd=4) | grad=4.125 | tok/s=23,594 | tokens=6.02B
step=183620 | loss=3.9067 | lr=3.08e-05 | wd=0.0000 | mom=0.9500 | T=5.8 k=4.0 (mu_rec=8 mu_bwd=4) | grad=4.688 | tok/s=24,298 | tokens=6.02B
step=183630 | loss=3.9803 | lr=3.08e-05 | wd=0.0000 | mom=0.9500 | T=11.5 k=4.0 (mu_rec=8 mu_bwd=4) | grad=4.438 | tok/s=24,033 | tokens=6.02B
step=183640 | loss=4.0650 | lr=3.08e-05 | wd=0.0000 | mom=0.9500 | T=6.5 k=3.5 (mu_rec=8 mu_bwd=4) | grad=3.188 | tok/s=24,723 | tokens=6.02B
step=183650 | loss=4.0303 | lr=3.09e-05 | wd=0.0000 | mom=0.9500 | T=7.0 k=3.2 (mu_rec=8 mu_bwd=4) | grad=4.469 | tok/s=24,562 | tokens=6.02B
step=183660 | loss=4.3528 | lr=3.09e-05 | wd=0.0000 | mom=0.9500 | T=9.2 k=3.8 (mu_rec=8 mu_bwd=4) | grad=9.375 | tok/s=21,537 | tokens=6.02B
step=183670 | loss=4.3173 | lr=3.09e-05 | wd=0.0000 | mom=0.9500 | T=6.8 k=4.0 (mu_rec=8 mu_bwd=4) | grad=5.531 | tok/s=23,554 | tokens=6.02B
step=183680 | loss=4.4143 | lr=3.09e-05 | wd=0.0000 | mom=0.9500 | T=9.5 k=3.8 (mu_rec=8 mu_bwd=4) | grad=9.125 | tok/s=24,381 | tokens=6.02B
step=183690 | loss=3.6757 | lr=3.10e-05 | wd=0.0000 | mom=0.9500 | T=5.2 k=3.2 (mu_rec=8 mu_bwd=4) | grad=3.156 | tok/s=24,395 | tokens=6.02B
step=183700 | loss=4.2754 | lr=3.10e-05 | wd=0.0000 | mom=0.9500 | T=7.2 k=4.0 (mu_rec=8 mu_bwd=4) | grad=3.609 | tok/s=24,664 | tokens=6.02B
step=183710 | loss=3.8794 | lr=3.10e-05 | wd=0.0000 | mom=0.9500 | T=4.5 k=3.5 (mu_rec=8 mu_bwd=4) | grad=5.281 | tok/s=23,585 | tokens=6.02B
step=183720 | loss=4.5168 | lr=3.11e-05 | wd=0.0000 | mom=0.9500 | T=11.0 k=3.0 (mu_rec=8 mu_bwd=4) | grad=5.062 | tok/s=21,451 | tokens=6.02B
step=183730 | loss=4.0580 | lr=3.11e-05 | wd=0.0000 | mom=0.9500 | T=8.5 k=3.8 (mu_rec=8 mu_bwd=4) | grad=4.562 | tok/s=24,463 | tokens=6.02B
step=183740 | loss=3.9392 | lr=3.12e-05 | wd=0.0000 | mom=0.9500 | T=6.8 k=3.5 (mu_rec=8 mu_bwd=4) | grad=4.844 | tok/s=23,943 | tokens=6.02B
step=183750 | loss=4.0512 | lr=3.12e-05 | wd=0.0000 | mom=0.9500 | T=9.2 k=4.0 (mu_rec=8 mu_bwd=4) | grad=5.656 | tok/s=10,508 | tokens=6.02B
step=183760 | loss=3.9967 | lr=3.12e-05 | wd=0.0000 | mom=0.9500 | T=9.2 k=4.0 (mu_rec=8 mu_bwd=4) | grad=3.562 | tok/s=24,176 | tokens=6.02B
step=183770 | loss=3.7207 | lr=3.13e-05 | wd=0.0000 | mom=0.9500 | T=8.2 k=3.8 (mu_rec=8 mu_bwd=4) | grad=8.625 | tok/s=25,136 | tokens=6.02B
step=183780 | loss=4.2287 | lr=3.13e-05 | wd=0.0000 | mom=0.9500 | T=10.8 k=3.5 (mu_rec=8 mu_bwd=4) | grad=4.312 | tok/s=22,093 | tokens=6.02B
step=183790 | loss=4.4998 | lr=3.13e-05 | wd=0.0000 | mom=0.9500 | T=6.2 k=3.8 (mu_rec=8 mu_bwd=4) | grad=5.656 | tok/s=23,955 | tokens=6.02B
step=183800 | loss=4.6102 | lr=3.14e-05 | wd=0.0000 | mom=0.9500 | T=5.5 k=3.2 (mu_rec=8 mu_bwd=4) | grad=5.219 | tok/s=24,628 | tokens=6.02B
step=183810 | loss=4.3705 | lr=3.14e-05 | wd=0.0000 | mom=0.9500 | T=8.8 k=3.8 (mu_rec=8 mu_bwd=4) | grad=8.562 | tok/s=23,349 | tokens=6.02B
step=183820 | loss=4.1274 | lr=3.15e-05 | wd=0.0000 | mom=0.9500 | T=8.8 k=4.0 (mu_rec=8 mu_bwd=4) | grad=3.594 | tok/s=23,671 | tokens=6.02B
step=183830 | loss=4.0441 | lr=3.15e-05 | wd=0.0000 | mom=0.9500 | T=5.2 k=4.0 (mu_rec=8 mu_bwd=4) | grad=5.344 | tok/s=22,434 | tokens=6.02B
step=183840 | loss=3.8869 | lr=3.15e-05 | wd=0.0000 | mom=0.9500 | T=10.8 k=4.0 (mu_rec=8 mu_bwd=4) | grad=3.234 | tok/s=24,351 | tokens=6.02B
step=183850 | loss=3.9488 | lr=3.16e-05 | wd=0.0000 | mom=0.9500 | T=4.2 k=3.2 (mu_rec=8 mu_bwd=4) | grad=3.672 | tok/s=22,879 | tokens=6.02B
step=183860 | loss=3.9816 | lr=3.16e-05 | wd=0.0000 | mom=0.9500 | T=7.2 k=4.0 (mu_rec=8 mu_bwd=4) | grad=3.203 | tok/s=25,680 | tokens=6.02B
step=183870 | loss=4.1373 | lr=3.17e-05 | wd=0.0000 | mom=0.9500 | T=11.2 k=4.0 (mu_rec=8 mu_bwd=4) | grad=3.328 | tok/s=22,908 | tokens=6.03B
step=183880 | loss=4.1568 | lr=3.17e-05 | wd=0.0000 | mom=0.9500 | T=9.5 k=4.0 (mu_rec=8 mu_bwd=4) | grad=4.312 | tok/s=24,359 | tokens=6.03B
step=183890 | loss=4.0874 | lr=3.18e-05 | wd=0.0000 | mom=0.9500 | T=7.2 k=3.8 (mu_rec=8 mu_bwd=4) | grad=3.281 | tok/s=23,842 | tokens=6.03B
step=183900 | loss=3.8708 | lr=3.18e-05 | wd=0.0000 | mom=0.9500 | T=7.8 k=4.0 (mu_rec=8 mu_bwd=4) | grad=4.938 | tok/s=22,826 | tokens=6.03B
step=183910 | loss=4.2555 | lr=3.19e-05 | wd=0.0000 | mom=0.9500 | T=5.5 k=4.0 (mu_rec=8 mu_bwd=4) | grad=4.312 | tok/s=24,108 | tokens=6.03B
step=183920 | loss=4.0817 | lr=3.19e-05 | wd=0.0000 | mom=0.9500 | T=6.8 k=4.0 (mu_rec=8 mu_bwd=4) | grad=6.219 | tok/s=23,826 | tokens=6.03B
step=183930 | loss=4.4625 | lr=3.19e-05 | wd=0.0000 | mom=0.9500 | T=7.5 k=4.0 (mu_rec=8 mu_bwd=4) | grad=14.312 | tok/s=23,955 | tokens=6.03B
step=183940 | loss=4.0854 | lr=3.20e-05 | wd=0.0000 | mom=0.9500 | T=4.5 k=3.8 (mu_rec=8 mu_bwd=4) | grad=4.062 | tok/s=25,613 | tokens=6.03B
step=183950 | loss=3.7857 | lr=3.20e-05 | wd=0.0000 | mom=0.9500 | T=4.5 k=3.8 (mu_rec=8 mu_bwd=4) | grad=4.219 | tok/s=24,694 | tokens=6.03B
step=183960 | loss=4.1079 | lr=3.21e-05 | wd=0.0000 | mom=0.9500 | T=3.5 k=2.8 (mu_rec=8 mu_bwd=4) | grad=10.000 | tok/s=23,577 | tokens=6.03B
step=183970 | loss=4.0563 | lr=3.21e-05 | wd=0.0000 | mom=0.9500 | T=17.5 k=4.0 (mu_rec=8 mu_bwd=4) | grad=3.406 | tok/s=22,243 | tokens=6.03B
step=183980 | loss=4.0987 | lr=3.22e-05 | wd=0.0000 | mom=0.9500 | T=12.0 k=4.0 (mu_rec=8 mu_bwd=4) | grad=3.234 | tok/s=23,718 | tokens=6.03B
step=183990 | loss=3.9299 | lr=3.22e-05 | wd=0.0000 | mom=0.9500 | T=13.0 k=4.0 (mu_rec=8 mu_bwd=4) | grad=3.375 | tok/s=24,607 | tokens=6.03B
step=184000 | loss=4.1911 | lr=3.23e-05 | wd=0.0000 | mom=0.9500 | T=5.5 k=3.5 (mu_rec=8 mu_bwd=4) | grad=10.688 | tok/s=24,364 | tokens=6.03B
[step 184000] Saved -> runs/cortex-5b-k4/checkpoint_0184000
[step 184000] Pruned -> runs/cortex-5b-k4/checkpoint_0178000
step=184010 | loss=4.0415 | lr=3.23e-05 | wd=0.0000 | mom=0.9500 | T=6.8 k=4.0 (mu_rec=8 mu_bwd=4) | grad=3.984 | tok/s=21,811 | tokens=6.03B
step=184020 | loss=4.0893 | lr=3.24e-05 | wd=0.0000 | mom=0.9500 | T=11.8 k=4.0 (mu_rec=8 mu_bwd=4) | grad=4.562 | tok/s=23,709 | tokens=6.03B
step=184030 | loss=4.0624 | lr=3.24e-05 | wd=0.0000 | mom=0.9500 | T=5.8 k=3.0 (mu_rec=8 mu_bwd=4) | grad=3.500 | tok/s=22,477 | tokens=6.03B
step=184040 | loss=3.8321 | lr=3.25e-05 | wd=0.0000 | mom=0.9500 | T=6.2 k=4.0 (mu_rec=8 mu_bwd=4) | grad=3.656 | tok/s=24,374 | tokens=6.03B
step=184050 | loss=4.1266 | lr=3.26e-05 | wd=0.0000 | mom=0.9500 | T=6.2 k=3.2 (mu_rec=8 mu_bwd=4) | grad=3.578 | tok/s=22,141 | tokens=6.03B
step=184060 | loss=3.8368 | lr=3.26e-05 | wd=0.0000 | mom=0.9500 | T=6.0 k=3.5 (mu_rec=8 mu_bwd=4) | grad=3.469 | tok/s=22,254 | tokens=6.03B
step=184070 | loss=3.8978 | lr=3.27e-05 | wd=0.0000 | mom=0.9500 | T=7.5 k=3.5 (mu_rec=8 mu_bwd=4) | grad=3.438 | tok/s=24,272 | tokens=6.03B
step=184080 | loss=4.0171 | lr=3.27e-05 | wd=0.0000 | mom=0.9500 | T=7.5 k=3.8 (mu_rec=8 mu_bwd=4) | grad=3.219 | tok/s=26,383 | tokens=6.03B
step=184090 | loss=3.8190 | lr=3.28e-05 | wd=0.0000 | mom=0.9500 | T=7.2 k=3.2 (mu_rec=8 mu_bwd=4) | grad=6.656 | tok/s=23,324 | tokens=6.03B
step=184100 | loss=4.0624 | lr=3.28e-05 | wd=0.0000 | mom=0.9500 | T=16.0 k=3.5 (mu_rec=8 mu_bwd=4) | grad=3.938 | tok/s=21,948 | tokens=6.03B
step=184110 | loss=3.9573 | lr=3.29e-05 | wd=0.0000 | mom=0.9500 | T=5.8 k=3.0 (mu_rec=8 mu_bwd=4) | grad=3.922 | tok/s=24,514 | tokens=6.03B
step=184120 | loss=3.7648 | lr=3.29e-05 | wd=0.0000 | mom=0.9500 | T=5.8 k=3.8 (mu_rec=8 mu_bwd=4) | grad=3.828 | tok/s=24,176 | tokens=6.03B
step=184130 | loss=4.9360 | lr=3.30e-05 | wd=0.0000 | mom=0.9500 | T=9.0 k=4.0 (mu_rec=8 mu_bwd=4) | grad=9.312 | tok/s=23,667 | tokens=6.03B
step=184140 | loss=5.1065 | lr=3.31e-05 | wd=0.0000 | mom=0.9500 | T=6.0 k=3.8 (mu_rec=8 mu_bwd=4) | grad=8.750 | tok/s=23,614 | tokens=6.03B
step=184150 | loss=3.9225 | lr=3.31e-05 | wd=0.0000 | mom=0.9500 | T=4.8 k=3.0 (mu_rec=8 mu_bwd=4) | grad=4.281 | tok/s=24,829 | tokens=6.03B
step=184160 | loss=4.0298 | lr=3.32e-05 | wd=0.0000 | mom=0.9500 | T=9.0 k=3.8 (mu_rec=8 mu_bwd=4) | grad=4.344 | tok/s=23,922 | tokens=6.03B
step=184170 | loss=4.3138 | lr=3.32e-05 | wd=0.0000 | mom=0.9500 | T=8.2 k=4.0 (mu_rec=8 mu_bwd=4) | grad=4.906 | tok/s=24,845 | tokens=6.03B
step=184180 | loss=4.1926 | lr=3.33e-05 | wd=0.0000 | mom=0.9500 | T=6.8 k=3.5 (mu_rec=8 mu_bwd=4) | grad=4.312 | tok/s=21,944 | tokens=6.04B
step=184190 | loss=4.1903 | lr=3.34e-05 | wd=0.0000 | mom=0.9500 | T=10.2 k=4.0 (mu_rec=8 mu_bwd=4) | grad=5.844 | tok/s=23,414 | tokens=6.04B
step=184200 | loss=4.1908 | lr=3.34e-05 | wd=0.0000 | mom=0.9500 | T=5.0 k=3.0 (mu_rec=8 mu_bwd=4) | grad=5.344 | tok/s=23,454 | tokens=6.04B
step=184210 | loss=4.0117 | lr=3.35e-05 | wd=0.0000 | mom=0.9500 | T=8.2 k=3.5 (mu_rec=8 mu_bwd=4) | grad=2.906 | tok/s=22,968 | tokens=6.04B
step=184220 | loss=3.9365 | lr=3.35e-05 | wd=0.0000 | mom=0.9500 | T=9.0 k=3.2 (mu_rec=8 mu_bwd=4) | grad=3.750 | tok/s=23,187 | tokens=6.04B
step=184230 | loss=3.8951 | lr=3.36e-05 | wd=0.0000 | mom=0.9500 | T=8.5 k=4.0 (mu_rec=8 mu_bwd=4) | grad=3.359 | tok/s=23,857 | tokens=6.04B
step=184240 | loss=4.1114 | lr=3.37e-05 | wd=0.0000 | mom=0.9500 | T=11.8 k=3.8 (mu_rec=8 mu_bwd=4) | grad=2.938 | tok/s=23,042 | tokens=6.04B
step=184250 | loss=4.3023 | lr=3.37e-05 | wd=0.0000 | mom=0.9500 | T=14.5 k=4.0 (mu_rec=8 mu_bwd=4) | grad=5.062 | tok/s=22,602 | tokens=6.04B
step=184260 | loss=4.1110 | lr=3.38e-05 | wd=0.0000 | mom=0.9500 | T=7.8 k=3.2 (mu_rec=8 mu_bwd=4) | grad=3.422 | tok/s=23,763 | tokens=6.04B
step=184270 | loss=4.0120 | lr=3.39e-05 | wd=0.0000 | mom=0.9500 | T=8.2 k=4.0 (mu_rec=8 mu_bwd=4) | grad=3.656 | tok/s=22,835 | tokens=6.04B
step=184280 | loss=3.9977 | lr=3.39e-05 | wd=0.0000 | mom=0.9500 | T=8.8 k=3.5 (mu_rec=8 mu_bwd=4) | grad=4.188 | tok/s=24,967 | tokens=6.04B
step=184290 | loss=3.7795 | lr=3.40e-05 | wd=0.0000 | mom=0.9500 | T=3.5 k=3.0 (mu_rec=8 mu_bwd=4) | grad=6.594 | tok/s=24,590 | tokens=6.04B
step=184300 | loss=4.1088 | lr=3.41e-05 | wd=0.0000 | mom=0.9500 | T=9.8 k=4.0 (mu_rec=8 mu_bwd=4) | grad=3.297 | tok/s=23,873 | tokens=6.04B
step=184310 | loss=3.9686 | lr=3.41e-05 | wd=0.0000 | mom=0.9500 | T=8.0 k=4.0 (mu_rec=8 mu_bwd=4) | grad=3.094 | tok/s=23,393 | tokens=6.04B
step=184320 | loss=4.0559 | lr=3.42e-05 | wd=0.0000 | mom=0.9500 | T=7.8 k=4.0 (mu_rec=8 mu_bwd=4) | grad=4.125 | tok/s=24,367 | tokens=6.04B
step=184330 | loss=4.0208 | lr=3.43e-05 | wd=0.0000 | mom=0.9500 | T=10.5 k=4.0 (mu_rec=8 mu_bwd=4) | grad=8.188 | tok/s=23,765 | tokens=6.04B
step=184340 | loss=4.1705 | lr=3.43e-05 | wd=0.0000 | mom=0.9500 | T=9.0 k=3.0 (mu_rec=8 mu_bwd=4) | grad=3.609 | tok/s=23,448 | tokens=6.04B
step=184350 | loss=3.8323 | lr=3.44e-05 | wd=0.0000 | mom=0.9500 | T=5.2 k=3.8 (mu_rec=8 mu_bwd=4) | grad=4.344 | tok/s=22,995 | tokens=6.04B
step=184360 | loss=3.9745 | lr=3.45e-05 | wd=0.0000 | mom=0.9500 | T=6.5 k=3.0 (mu_rec=8 mu_bwd=4) | grad=3.453 | tok/s=10,107 | tokens=6.04B
step=184370 | loss=3.9859 | lr=3.46e-05 | wd=0.0000 | mom=0.9500 | T=5.0 k=4.0 (mu_rec=8 mu_bwd=4) | grad=3.375 | tok/s=24,424 | tokens=6.04B
step=184380 | loss=4.0223 | lr=3.46e-05 | wd=0.0000 | mom=0.9500 | T=9.5 k=4.0 (mu_rec=8 mu_bwd=4) | grad=3.141 | tok/s=23,961 | tokens=6.04B
step=184390 | loss=4.2491 | lr=3.47e-05 | wd=0.0000 | mom=0.9500 | T=8.5 k=4.0 (mu_rec=8 mu_bwd=4) | grad=3.734 | tok/s=23,993 | tokens=6.04B
step=184400 | loss=4.0673 | lr=3.48e-05 | wd=0.0000 | mom=0.9500 | T=10.8 k=4.0 (mu_rec=8 mu_bwd=4) | grad=3.453 | tok/s=24,985 | tokens=6.04B
step=184410 | loss=3.6824 | lr=3.49e-05 | wd=0.0000 | mom=0.9500 | T=10.0 k=4.0 (mu_rec=8 mu_bwd=4) | grad=5.938 | tok/s=23,082 | tokens=6.04B
step=184420 | loss=3.9424 | lr=3.49e-05 | wd=0.0000 | mom=0.9500 | T=8.0 k=4.0 (mu_rec=8 mu_bwd=4) | grad=4.625 | tok/s=25,542 | tokens=6.04B
step=184430 | loss=3.8630 | lr=3.50e-05 | wd=0.0000 | mom=0.9500 | T=5.2 k=2.8 (mu_rec=8 mu_bwd=4) | grad=4.125 | tok/s=24,542 | tokens=6.04B
step=184440 | loss=3.9625 | lr=3.51e-05 | wd=0.0000 | mom=0.9500 | T=10.2 k=3.8 (mu_rec=8 mu_bwd=4) | grad=4.031 | tok/s=24,776 | tokens=6.04B
step=184450 | loss=4.0817 | lr=3.52e-05 | wd=0.0000 | mom=0.9500 | T=7.5 k=3.2 (mu_rec=8 mu_bwd=4) | grad=4.906 | tok/s=24,806 | tokens=6.04B
step=184460 | loss=4.0271 | lr=3.52e-05 | wd=0.0000 | mom=0.9500 | T=8.5 k=4.0 (mu_rec=8 mu_bwd=4) | grad=3.156 | tok/s=25,385 | tokens=6.04B
step=184470 | loss=4.4666 | lr=3.53e-05 | wd=0.0000 | mom=0.9500 | T=5.2 k=3.2 (mu_rec=8 mu_bwd=4) | grad=6.750 | tok/s=24,889 | tokens=6.04B
step=184480 | loss=4.4794 | lr=3.54e-05 | wd=0.0000 | mom=0.9500 | T=12.0 k=4.0 (mu_rec=8 mu_bwd=4) | grad=4.031 | tok/s=23,631 | tokens=6.05B
step=184490 | loss=3.9885 | lr=3.55e-05 | wd=0.0000 | mom=0.9500 | T=9.5 k=3.5 (mu_rec=8 mu_bwd=4) | grad=3.281 | tok/s=24,584 | tokens=6.05B
step=184500 | loss=3.9796 | lr=3.55e-05 | wd=0.0000 | mom=0.9500 | T=10.0 k=4.0 (mu_rec=8 mu_bwd=4) | grad=3.062 | tok/s=23,785 | tokens=6.05B
step=184510 | loss=4.4484 | lr=3.56e-05 | wd=0.0000 | mom=0.9500 | T=6.0 k=3.5 (mu_rec=8 mu_bwd=4) | grad=5.344 | tok/s=24,485 | tokens=6.05B
step=184520 | loss=4.3892 | lr=3.57e-05 | wd=0.0000 | mom=0.9500 | T=15.0 k=4.0 (mu_rec=8 mu_bwd=4) | grad=8.562 | tok/s=22,897 | tokens=6.05B
step=184530 | loss=3.9832 | lr=3.58e-05 | wd=0.0000 | mom=0.9500 | T=5.5 k=3.0 (mu_rec=8 mu_bwd=4) | grad=6.062 | tok/s=24,640 | tokens=6.05B
step=184540 | loss=4.1803 | lr=3.59e-05 | wd=0.0000 | mom=0.9500 | T=6.8 k=3.5 (mu_rec=8 mu_bwd=4) | grad=4.375 | tok/s=9,433 | tokens=6.05B
step=184550 | loss=4.2170 | lr=3.59e-05 | wd=0.0000 | mom=0.9500 | T=8.2 k=3.2 (mu_rec=8 mu_bwd=4) | grad=4.625 | tok/s=23,748 | tokens=6.05B
step=184560 | loss=4.3345 | lr=3.60e-05 | wd=0.0000 | mom=0.9500 | T=10.8 k=4.0 (mu_rec=8 mu_bwd=4) | grad=3.859 | tok/s=25,440 | tokens=6.05B
step=184570 | loss=4.0880 | lr=3.61e-05 | wd=0.0000 | mom=0.9500 | T=6.5 k=4.0 (mu_rec=8 mu_bwd=4) | grad=5.781 | tok/s=24,191 | tokens=6.05B
step=184580 | loss=4.0755 | lr=3.62e-05 | wd=0.0000 | mom=0.9500 | T=10.0 k=4.0 (mu_rec=8 mu_bwd=4) | grad=3.906 | tok/s=25,465 | tokens=6.05B
step=184590 | loss=4.1471 | lr=3.63e-05 | wd=0.0000 | mom=0.9500 | T=9.2 k=4.0 (mu_rec=8 mu_bwd=4) | grad=5.156 | tok/s=22,823 | tokens=6.05B
step=184600 | loss=3.9290 | lr=3.64e-05 | wd=0.0000 | mom=0.9500 | T=9.8 k=4.0 (mu_rec=8 mu_bwd=4) | grad=3.547 | tok/s=25,125 | tokens=6.05B
step=184610 | loss=4.0833 | lr=3.64e-05 | wd=0.0000 | mom=0.9500 | T=5.2 k=3.5 (mu_rec=8 mu_bwd=4) | grad=5.000 | tok/s=25,841 | tokens=6.05B
step=184620 | loss=4.2521 | lr=3.65e-05 | wd=0.0000 | mom=0.9500 | T=9.0 k=4.0 (mu_rec=8 mu_bwd=4) | grad=3.438 | tok/s=21,985 | tokens=6.05B
step=184630 | loss=4.3000 | lr=3.66e-05 | wd=0.0000 | mom=0.9500 | T=7.8 k=3.5 (mu_rec=8 mu_bwd=4) | grad=10.125 | tok/s=24,377 | tokens=6.05B
step=184640 | loss=4.0057 | lr=3.67e-05 | wd=0.0000 | mom=0.9500 | T=11.0 k=3.5 (mu_rec=8 mu_bwd=4) | grad=3.672 | tok/s=23,431 | tokens=6.05B
step=184650 | loss=3.8246 | lr=3.68e-05 | wd=0.0000 | mom=0.9500 | T=6.8 k=3.8 (mu_rec=8 mu_bwd=4) | grad=3.188 | tok/s=23,725 | tokens=6.05B
step=184660 | loss=4.0837 | lr=3.69e-05 | wd=0.0000 | mom=0.9500 | T=5.2 k=3.2 (mu_rec=8 mu_bwd=4) | grad=5.219 | tok/s=24,959 | tokens=6.05B
step=184670 | loss=4.0956 | lr=3.70e-05 | wd=0.0000 | mom=0.9500 | T=7.5 k=4.0 (mu_rec=8 mu_bwd=4) | grad=6.875 | tok/s=21,753 | tokens=6.05B
step=184680 | loss=3.8626 | lr=3.70e-05 | wd=0.0000 | mom=0.9500 | T=9.2 k=3.8 (mu_rec=8 mu_bwd=4) | grad=5.281 | tok/s=24,080 | tokens=6.05B
step=184690 | loss=4.0363 | lr=3.71e-05 | wd=0.0000 | mom=0.9500 | T=9.5 k=4.0 (mu_rec=8 mu_bwd=4) | grad=3.359 | tok/s=25,266 | tokens=6.05B
step=184700 | loss=3.9105 | lr=3.72e-05 | wd=0.0000 | mom=0.9500 | T=5.8 k=3.8 (mu_rec=8 mu_bwd=4) | grad=5.281 | tok/s=22,073 | tokens=6.05B
step=184710 | loss=4.0589 | lr=3.73e-05 | wd=0.0000 | mom=0.9500 | T=12.5 k=4.0 (mu_rec=8 mu_bwd=4) | grad=3.438 | tok/s=23,679 | tokens=6.05B
step=184720 | loss=3.9787 | lr=3.74e-05 | wd=0.0000 | mom=0.9500 | T=6.8 k=3.8 (mu_rec=8 mu_bwd=4) | grad=3.328 | tok/s=24,765 | tokens=6.05B
step=184730 | loss=4.2740 | lr=3.75e-05 | wd=0.0000 | mom=0.9500 | T=7.8 k=4.0 (mu_rec=8 mu_bwd=4) | grad=5.812 | tok/s=25,180 | tokens=6.05B
step=184740 | loss=4.2116 | lr=3.76e-05 | wd=0.0000 | mom=0.9500 | T=9.2 k=4.0 (mu_rec=8 mu_bwd=4) | grad=6.000 | tok/s=23,059 | tokens=6.05B
step=184750 | loss=3.9734 | lr=3.77e-05 | wd=0.0000 | mom=0.9500 | T=7.5 k=4.0 (mu_rec=8 mu_bwd=4) | grad=3.375 | tok/s=22,626 | tokens=6.05B
step=184760 | loss=3.8650 | lr=3.78e-05 | wd=0.0000 | mom=0.9500 | T=6.2 k=3.2 (mu_rec=8 mu_bwd=4) | grad=3.094 | tok/s=24,534 | tokens=6.05B
step=184770 | loss=4.1156 | lr=3.79e-05 | wd=0.0000 | mom=0.9500 | T=5.2 k=3.5 (mu_rec=8 mu_bwd=4) | grad=3.781 | tok/s=24,257 | tokens=6.05B
step=184780 | loss=4.1851 | lr=3.80e-05 | wd=0.0000 | mom=0.9500 | T=6.0 k=3.8 (mu_rec=8 mu_bwd=4) | grad=4.281 | tok/s=24,787 | tokens=6.05B
step=184790 | loss=3.8223 | lr=3.81e-05 | wd=0.0000 | mom=0.9500 | T=5.8 k=3.2 (mu_rec=8 mu_bwd=4) | grad=4.500 | tok/s=23,843 | tokens=6.06B
step=184800 | loss=4.1717 | lr=3.81e-05 | wd=0.0000 | mom=0.9500 | T=10.8 k=4.0 (mu_rec=8 mu_bwd=4) | grad=4.125 | tok/s=23,126 | tokens=6.06B
step=184810 | loss=4.0850 | lr=3.82e-05 | wd=0.0000 | mom=0.9500 | T=9.5 k=3.5 (mu_rec=8 mu_bwd=4) | grad=3.188 | tok/s=23,178 | tokens=6.06B
step=184820 | loss=4.0524 | lr=3.83e-05 | wd=0.0000 | mom=0.9500 | T=7.0 k=3.8 (mu_rec=8 mu_bwd=4) | grad=14.812 | tok/s=24,139 | tokens=6.06B
step=184830 | loss=3.8691 | lr=3.84e-05 | wd=0.0000 | mom=0.9500 | T=13.0 k=4.0 (mu_rec=8 mu_bwd=4) | grad=4.375 | tok/s=21,987 | tokens=6.06B
step=184840 | loss=3.8839 | lr=3.85e-05 | wd=0.0000 | mom=0.9500 | T=4.8 k=3.2 (mu_rec=8 mu_bwd=4) | grad=4.031 | tok/s=25,195 | tokens=6.06B
step=184850 | loss=4.0176 | lr=3.86e-05 | wd=0.0000 | mom=0.9500 | T=10.5 k=4.0 (mu_rec=8 mu_bwd=4) | grad=3.641 | tok/s=21,953 | tokens=6.06B
step=184860 | loss=4.0241 | lr=3.87e-05 | wd=0.0000 | mom=0.9500 | T=8.0 k=4.0 (mu_rec=8 mu_bwd=4) | grad=3.594 | tok/s=22,748 | tokens=6.06B
step=184870 | loss=3.9096 | lr=3.88e-05 | wd=0.0000 | mom=0.9500 | T=7.2 k=4.0 (mu_rec=8 mu_bwd=4) | grad=4.625 | tok/s=24,171 | tokens=6.06B
step=184880 | loss=3.8743 | lr=3.89e-05 | wd=0.0000 | mom=0.9500 | T=4.8 k=3.2 (mu_rec=8 mu_bwd=4) | grad=14.750 | tok/s=24,788 | tokens=6.06B
step=184890 | loss=4.0614 | lr=3.90e-05 | wd=0.0000 | mom=0.9500 | T=8.8 k=4.0 (mu_rec=8 mu_bwd=4) | grad=3.609 | tok/s=23,349 | tokens=6.06B
step=184900 | loss=4.0990 | lr=3.91e-05 | wd=0.0000 | mom=0.9500 | T=4.5 k=3.2 (mu_rec=8 mu_bwd=4) | grad=5.719 | tok/s=22,288 | tokens=6.06B
step=184910 | loss=3.8207 | lr=3.92e-05 | wd=0.0000 | mom=0.9500 | T=5.0 k=2.8 (mu_rec=8 mu_bwd=4) | grad=3.781 | tok/s=24,030 | tokens=6.06B
step=184920 | loss=3.7458 | lr=3.93e-05 | wd=0.0000 | mom=0.9500 | T=8.0 k=3.2 (mu_rec=8 mu_bwd=4) | grad=7.156 | tok/s=23,168 | tokens=6.06B
step=184930 | loss=3.9435 | lr=3.94e-05 | wd=0.0000 | mom=0.9500 | T=6.8 k=4.0 (mu_rec=8 mu_bwd=4) | grad=5.312 | tok/s=24,671 | tokens=6.06B
step=184940 | loss=3.9289 | lr=3.95e-05 | wd=0.0000 | mom=0.9500 | T=7.0 k=4.0 (mu_rec=8 mu_bwd=4) | grad=3.000 | tok/s=24,463 | tokens=6.06B
step=184950 | loss=3.9115 | lr=3.96e-05 | wd=0.0000 | mom=0.9500 | T=3.5 k=3.0 (mu_rec=8 mu_bwd=4) | grad=3.609 | tok/s=24,750 | tokens=6.06B
step=184960 | loss=4.0259 | lr=3.97e-05 | wd=0.0000 | mom=0.9500 | T=8.8 k=4.0 (mu_rec=8 mu_bwd=4) | grad=4.375 | tok/s=21,844 | tokens=6.06B
step=184970 | loss=4.0775 | lr=3.98e-05 | wd=0.0000 | mom=0.9500 | T=12.8 k=4.0 (mu_rec=8 mu_bwd=4) | grad=4.469 | tok/s=23,597 | tokens=6.06B
step=184980 | loss=4.3857 | lr=3.99e-05 | wd=0.0000 | mom=0.9500 | T=6.0 k=4.0 (mu_rec=8 mu_bwd=4) | grad=3.266 | tok/s=23,871 | tokens=6.06B
step=184990 | loss=4.4158 | lr=4.01e-05 | wd=0.0000 | mom=0.9500 | T=6.5 k=3.8 (mu_rec=8 mu_bwd=4) | grad=4.062 | tok/s=22,950 | tokens=6.06B
step=185000 | loss=4.3459 | lr=4.02e-05 | wd=0.0000 | mom=0.9500 | T=4.8 k=3.0 (mu_rec=8 mu_bwd=4) | grad=4.719 | tok/s=22,926 | tokens=6.06B
step=185010 | loss=4.1053 | lr=4.03e-05 | wd=0.0000 | mom=0.9500 | T=7.0 k=3.2 (mu_rec=8 mu_bwd=4) | grad=3.828 | tok/s=23,645 | tokens=6.06B
step=185020 | loss=4.4504 | lr=4.04e-05 | wd=0.0000 | mom=0.9500 | T=6.0 k=3.2 (mu_rec=8 mu_bwd=4) | grad=4.312 | tok/s=23,792 | tokens=6.06B
step=185030 | loss=4.1310 | lr=4.05e-05 | wd=0.0000 | mom=0.9500 | T=8.2 k=3.2 (mu_rec=8 mu_bwd=4) | grad=4.875 | tok/s=23,668 | tokens=6.06B
step=185040 | loss=4.0271 | lr=4.06e-05 | wd=0.0000 | mom=0.9500 | T=7.0 k=3.2 (mu_rec=8 mu_bwd=4) | grad=4.469 | tok/s=23,365 | tokens=6.06B
step=185050 | loss=3.9402 | lr=4.07e-05 | wd=0.0000 | mom=0.9500 | T=4.2 k=3.0 (mu_rec=8 mu_bwd=4) | grad=5.062 | tok/s=25,223 | tokens=6.06B
step=185060 | loss=3.9005 | lr=4.08e-05 | wd=0.0000 | mom=0.9500 | T=13.5 k=4.0 (mu_rec=8 mu_bwd=4) | grad=4.312 | tok/s=23,787 | tokens=6.06B
step=185070 | loss=3.7902 | lr=4.09e-05 | wd=0.0000 | mom=0.9500 | T=7.8 k=3.5 (mu_rec=8 mu_bwd=4) | grad=3.234 | tok/s=25,077 | tokens=6.06B
step=185080 | loss=4.0734 | lr=4.10e-05 | wd=0.0000 | mom=0.9500 | T=10.0 k=3.5 (mu_rec=8 mu_bwd=4) | grad=3.750 | tok/s=24,144 | tokens=6.06B
step=185090 | loss=3.7013 | lr=4.11e-05 | wd=0.0000 | mom=0.9500 | T=8.0 k=3.2 (mu_rec=8 mu_bwd=4) | grad=4.219 | tok/s=23,807 | tokens=6.07B
step=185100 | loss=3.9828 | lr=4.12e-05 | wd=0.0000 | mom=0.9500 | T=6.0 k=3.5 (mu_rec=8 mu_bwd=4) | grad=4.562 | tok/s=24,876 | tokens=6.07B
step=185110 | loss=3.9273 | lr=4.14e-05 | wd=0.0000 | mom=0.9500 | T=10.2 k=3.8 (mu_rec=8 mu_bwd=4) | grad=4.969 | tok/s=23,346 | tokens=6.07B
step=185120 | loss=3.7918 | lr=4.15e-05 | wd=0.0000 | mom=0.9500 | T=14.2 k=4.0 (mu_rec=8 mu_bwd=4) | grad=3.984 | tok/s=24,108 | tokens=6.07B
step=185130 | loss=3.9020 | lr=4.16e-05 | wd=0.0000 | mom=0.9500 | T=10.5 k=4.0 (mu_rec=8 mu_bwd=4) | grad=4.250 | tok/s=24,052 | tokens=6.07B
step=185140 | loss=4.0722 | lr=4.17e-05 | wd=0.0000 | mom=0.9500 | T=5.8 k=3.8 (mu_rec=8 mu_bwd=4) | grad=2.906 | tok/s=23,788 | tokens=6.07B
step=185150 | loss=3.8215 | lr=4.18e-05 | wd=0.0000 | mom=0.9500 | T=4.2 k=3.0 (mu_rec=8 mu_bwd=4) | grad=3.234 | tok/s=24,664 | tokens=6.07B
step=185160 | loss=4.1398 | lr=4.19e-05 | wd=0.0000 | mom=0.9500 | T=11.0 k=4.0 (mu_rec=8 mu_bwd=4) | grad=5.906 | tok/s=22,137 | tokens=6.07B
step=185170 | loss=4.1010 | lr=4.20e-05 | wd=0.0000 | mom=0.9500 | T=6.8 k=3.8 (mu_rec=8 mu_bwd=4) | grad=3.969 | tok/s=10,513 | tokens=6.07B
step=185180 | loss=4.0593 | lr=4.21e-05 | wd=0.0000 | mom=0.9500 | T=9.8 k=4.0 (mu_rec=8 mu_bwd=4) | grad=5.312 | tok/s=23,806 | tokens=6.07B
step=185190 | loss=3.9738 | lr=4.23e-05 | wd=0.0000 | mom=0.9500 | T=10.8 k=4.0 (mu_rec=8 mu_bwd=4) | grad=3.516 | tok/s=23,947 | tokens=6.07B
step=185200 | loss=4.1921 | lr=4.24e-05 | wd=0.0000 | mom=0.9500 | T=6.8 k=3.8 (mu_rec=8 mu_bwd=4) | grad=3.141 | tok/s=23,696 | tokens=6.07B
step=185210 | loss=4.0961 | lr=4.25e-05 | wd=0.0000 | mom=0.9500 | T=7.8 k=3.5 (mu_rec=8 mu_bwd=4) | grad=6.375 | tok/s=24,242 | tokens=6.07B
step=185220 | loss=4.1688 | lr=4.26e-05 | wd=0.0000 | mom=0.9500 | T=7.0 k=4.0 (mu_rec=8 mu_bwd=4) | grad=4.219 | tok/s=22,520 | tokens=6.07B
step=185230 | loss=4.0959 | lr=4.27e-05 | wd=0.0000 | mom=0.9500 | T=4.2 k=3.8 (mu_rec=8 mu_bwd=4) | grad=3.344 | tok/s=24,357 | tokens=6.07B
step=185240 | loss=4.1039 | lr=4.28e-05 | wd=0.0000 | mom=0.9500 | T=5.8 k=3.8 (mu_rec=8 mu_bwd=4) | grad=7.156 | tok/s=22,693 | tokens=6.07B
step=185250 | loss=3.8769 | lr=4.30e-05 | wd=0.0000 | mom=0.9500 | T=11.5 k=4.0 (mu_rec=8 mu_bwd=4) | grad=3.188 | tok/s=24,208 | tokens=6.07B
step=185260 | loss=4.2807 | lr=4.31e-05 | wd=0.0000 | mom=0.9500 | T=6.2 k=4.0 (mu_rec=8 mu_bwd=4) | grad=3.938 | tok/s=23,639 | tokens=6.07B
step=185270 | loss=4.0368 | lr=4.32e-05 | wd=0.0000 | mom=0.9500 | T=9.5 k=3.8 (mu_rec=8 mu_bwd=4) | grad=6.438 | tok/s=24,786 | tokens=6.07B
step=185280 | loss=4.0116 | lr=4.33e-05 | wd=0.0000 | mom=0.9500 | T=8.0 k=4.0 (mu_rec=8 mu_bwd=4) | grad=3.562 | tok/s=23,775 | tokens=6.07B
step=185290 | loss=4.0201 | lr=4.34e-05 | wd=0.0000 | mom=0.9500 | T=7.8 k=3.5 (mu_rec=8 mu_bwd=4) | grad=3.422 | tok/s=24,055 | tokens=6.07B
step=185300 | loss=4.2648 | lr=4.36e-05 | wd=0.0000 | mom=0.9500 | T=5.0 k=3.2 (mu_rec=8 mu_bwd=4) | grad=6.000 | tok/s=24,950 | tokens=6.07B
step=185310 | loss=3.9076 | lr=4.37e-05 | wd=0.0000 | mom=0.9500 | T=11.0 k=4.0 (mu_rec=8 mu_bwd=4) | grad=6.062 | tok/s=22,633 | tokens=6.07B
step=185320 | loss=4.1337 | lr=4.38e-05 | wd=0.0000 | mom=0.9500 | T=11.5 k=4.0 (mu_rec=8 mu_bwd=4) | grad=5.469 | tok/s=23,123 | tokens=6.07B
step=185330 | loss=4.1967 | lr=4.39e-05 | wd=0.0000 | mom=0.9500 | T=10.8 k=4.0 (mu_rec=8 mu_bwd=4) | grad=5.781 | tok/s=23,364 | tokens=6.07B
step=185340 | loss=4.2322 | lr=4.41e-05 | wd=0.0000 | mom=0.9500 | T=7.5 k=3.8 (mu_rec=8 mu_bwd=4) | grad=3.469 | tok/s=24,312 | tokens=6.07B
step=185350 | loss=4.0425 | lr=4.42e-05 | wd=0.0000 | mom=0.9500 | T=10.0 k=3.8 (mu_rec=8 mu_bwd=4) | grad=5.469 | tok/s=23,808 | tokens=6.07B
step=185360 | loss=4.2342 | lr=4.43e-05 | wd=0.0000 | mom=0.9500 | T=6.8 k=4.0 (mu_rec=8 mu_bwd=4) | grad=3.906 | tok/s=23,486 | tokens=6.07B
step=185370 | loss=4.3799 | lr=4.44e-05 | wd=0.0000 | mom=0.9500 | T=8.2 k=4.0 (mu_rec=8 mu_bwd=4) | grad=4.344 | tok/s=22,578 | tokens=6.07B
step=185380 | loss=4.0190 | lr=4.46e-05 | wd=0.0000 | mom=0.9500 | T=9.8 k=4.0 (mu_rec=8 mu_bwd=4) | grad=3.859 | tok/s=25,949 | tokens=6.07B
step=185390 | loss=4.0059 | lr=4.47e-05 | wd=0.0000 | mom=0.9500 | T=8.2 k=3.2 (mu_rec=8 mu_bwd=4) | grad=4.469 | tok/s=23,175 | tokens=6.07B
step=185400 | loss=3.9177 | lr=4.48e-05 | wd=0.0000 | mom=0.9500 | T=6.5 k=3.5 (mu_rec=8 mu_bwd=4) | grad=4.438 | tok/s=23,032 | tokens=6.08B
step=185410 | loss=3.6020 | lr=4.49e-05 | wd=0.0000 | mom=0.9500 | T=10.2 k=3.5 (mu_rec=8 mu_bwd=4) | grad=4.906 | tok/s=23,337 | tokens=6.08B
step=185420 | loss=4.0723 | lr=4.51e-05 | wd=0.0000 | mom=0.9500 | T=5.0 k=3.2 (mu_rec=8 mu_bwd=4) | grad=3.297 | tok/s=23,576 | tokens=6.08B
step=185430 | loss=4.2554 | lr=4.52e-05 | wd=0.0000 | mom=0.9500 | T=6.0 k=2.5 (mu_rec=8 mu_bwd=4) | grad=3.641 | tok/s=22,312 | tokens=6.08B
step=185440 | loss=4.1733 | lr=4.53e-05 | wd=0.0000 | mom=0.9500 | T=4.0 k=3.0 (mu_rec=8 mu_bwd=4) | grad=3.562 | tok/s=23,388 | tokens=6.08B
step=185450 | loss=3.8165 | lr=4.54e-05 | wd=0.0000 | mom=0.9500 | T=7.8 k=4.0 (mu_rec=8 mu_bwd=4) | grad=3.109 | tok/s=24,071 | tokens=6.08B
step=185460 | loss=4.0857 | lr=4.56e-05 | wd=0.0000 | mom=0.9500 | T=7.0 k=3.0 (mu_rec=8 mu_bwd=4) | grad=4.906 | tok/s=25,176 | tokens=6.08B
step=185470 | loss=4.0610 | lr=4.57e-05 | wd=0.0000 | mom=0.9500 | T=6.5 k=4.0 (mu_rec=8 mu_bwd=4) | grad=3.469 | tok/s=26,159 | tokens=6.08B
step=185480 | loss=3.7101 | lr=4.58e-05 | wd=0.0000 | mom=0.9500 | T=6.8 k=4.0 (mu_rec=8 mu_bwd=4) | grad=3.172 | tok/s=23,921 | tokens=6.08B
step=185490 | loss=3.9336 | lr=4.60e-05 | wd=0.0000 | mom=0.9500 | T=5.8 k=3.0 (mu_rec=8 mu_bwd=4) | grad=4.094 | tok/s=24,061 | tokens=6.08B
step=185500 | loss=4.1536 | lr=4.61e-05 | wd=0.0000 | mom=0.9500 | T=9.0 k=4.0 (mu_rec=8 mu_bwd=4) | grad=3.844 | tok/s=9,919 | tokens=6.08B
step=185510 | loss=3.9202 | lr=4.62e-05 | wd=0.0000 | mom=0.9500 | T=5.2 k=4.0 (mu_rec=8 mu_bwd=4) | grad=5.125 | tok/s=25,249 | tokens=6.08B
step=185520 | loss=4.4143 | lr=4.64e-05 | wd=0.0000 | mom=0.9500 | T=8.8 k=4.0 (mu_rec=8 mu_bwd=4) | grad=4.500 | tok/s=24,573 | tokens=6.08B
step=185530 | loss=4.4219 | lr=4.65e-05 | wd=0.0000 | mom=0.9500 | T=2.8 k=2.8 (mu_rec=8 mu_bwd=4) | grad=3.453 | tok/s=24,847 | tokens=6.08B
step=185540 | loss=3.7932 | lr=4.66e-05 | wd=0.0000 | mom=0.9500 | T=8.8 k=3.8 (mu_rec=8 mu_bwd=4) | grad=3.859 | tok/s=23,537 | tokens=6.08B
step=185550 | loss=4.0125 | lr=4.68e-05 | wd=0.0000 | mom=0.9500 | T=8.2 k=4.0 (mu_rec=8 mu_bwd=4) | grad=4.156 | tok/s=24,468 | tokens=6.08B
step=185560 | loss=4.1008 | lr=4.69e-05 | wd=0.0000 | mom=0.9500 | T=6.8 k=3.8 (mu_rec=8 mu_bwd=4) | grad=5.938 | tok/s=23,029 | tokens=6.08B
step=185570 | loss=4.1097 | lr=4.70e-05 | wd=0.0000 | mom=0.9500 | T=8.5 k=3.8 (mu_rec=8 mu_bwd=4) | grad=3.625 | tok/s=25,174 | tokens=6.08B
step=185580 | loss=3.9830 | lr=4.72e-05 | wd=0.0000 | mom=0.9500 | T=6.2 k=4.0 (mu_rec=8 mu_bwd=4) | grad=3.766 | tok/s=22,385 | tokens=6.08B
step=185590 | loss=3.9682 | lr=4.73e-05 | wd=0.0000 | mom=0.9500 | T=6.2 k=3.8 (mu_rec=8 mu_bwd=4) | grad=3.656 | tok/s=23,463 | tokens=6.08B
step=185600 | loss=4.1071 | lr=4.74e-05 | wd=0.0000 | mom=0.9500 | T=10.0 k=3.8 (mu_rec=8 mu_bwd=4) | grad=5.656 | tok/s=22,897 | tokens=6.08B
step=185610 | loss=4.1046 | lr=4.76e-05 | wd=0.0000 | mom=0.9500 | T=8.2 k=4.0 (mu_rec=8 mu_bwd=4) | grad=3.969 | tok/s=24,528 | tokens=6.08B
step=185620 | loss=4.1570 | lr=4.77e-05 | wd=0.0000 | mom=0.9500 | T=11.2 k=4.0 (mu_rec=8 mu_bwd=4) | grad=3.906 | tok/s=23,914 | tokens=6.08B
step=185630 | loss=4.0597 | lr=4.79e-05 | wd=0.0000 | mom=0.9500 | T=5.5 k=3.2 (mu_rec=8 mu_bwd=4) | grad=4.594 | tok/s=24,776 | tokens=6.08B
step=185640 | loss=4.4172 | lr=4.80e-05 | wd=0.0000 | mom=0.9500 | T=7.0 k=3.5 (mu_rec=8 mu_bwd=4) | grad=5.375 | tok/s=24,375 | tokens=6.08B
step=185650 | loss=3.9569 | lr=4.81e-05 | wd=0.0000 | mom=0.9500 | T=6.8 k=3.5 (mu_rec=8 mu_bwd=4) | grad=5.750 | tok/s=23,629 | tokens=6.08B
step=185660 | loss=4.0444 | lr=4.83e-05 | wd=0.0000 | mom=0.9500 | T=10.0 k=3.8 (mu_rec=8 mu_bwd=4) | grad=4.156 | tok/s=24,505 | tokens=6.08B
step=185670 | loss=3.6788 | lr=4.84e-05 | wd=0.0000 | mom=0.9500 | T=8.0 k=4.0 (mu_rec=8 mu_bwd=4) | grad=5.938 | tok/s=24,233 | tokens=6.08B
step=185680 | loss=4.1010 | lr=4.85e-05 | wd=0.0000 | mom=0.9500 | T=7.8 k=3.8 (mu_rec=8 mu_bwd=4) | grad=5.375 | tok/s=24,956 | tokens=6.08B
step=185690 | loss=4.0530 | lr=4.87e-05 | wd=0.0000 | mom=0.9500 | T=6.2 k=4.0 (mu_rec=8 mu_bwd=4) | grad=3.453 | tok/s=21,101 | tokens=6.08B
step=185700 | loss=4.0735 | lr=4.88e-05 | wd=0.0000 | mom=0.9500 | T=16.2 k=4.0 (mu_rec=8 mu_bwd=4) | grad=7.094 | tok/s=22,635 | tokens=6.09B
step=185710 | loss=4.3774 | lr=4.90e-05 | wd=0.0000 | mom=0.9500 | T=5.2 k=3.8 (mu_rec=8 mu_bwd=4) | grad=4.688 | tok/s=23,451 | tokens=6.09B
step=185720 | loss=3.9786 | lr=4.91e-05 | wd=0.0000 | mom=0.9500 | T=5.8 k=3.5 (mu_rec=8 mu_bwd=4) | grad=3.234 | tok/s=25,269 | tokens=6.09B
step=185730 | loss=3.9396 | lr=4.93e-05 | wd=0.0000 | mom=0.9500 | T=7.5 k=3.5 (mu_rec=8 mu_bwd=4) | grad=3.688 | tok/s=21,434 | tokens=6.09B
step=185740 | loss=4.2662 | lr=4.94e-05 | wd=0.0000 | mom=0.9500 | T=6.2 k=3.2 (mu_rec=8 mu_bwd=4) | grad=3.906 | tok/s=24,322 | tokens=6.09B
step=185750 | loss=4.1170 | lr=4.95e-05 | wd=0.0000 | mom=0.9500 | T=5.2 k=3.5 (mu_rec=8 mu_bwd=4) | grad=3.000 | tok/s=23,829 | tokens=6.09B
step=185760 | loss=3.9747 | lr=4.97e-05 | wd=0.0000 | mom=0.9500 | T=8.0 k=4.0 (mu_rec=8 mu_bwd=4) | grad=3.750 | tok/s=22,063 | tokens=6.09B
step=185770 | loss=3.8418 | lr=4.98e-05 | wd=0.0000 | mom=0.9500 | T=6.8 k=4.0 (mu_rec=8 mu_bwd=4) | grad=4.344 | tok/s=23,124 | tokens=6.09B
step=185780 | loss=4.0506 | lr=5.00e-05 | wd=0.0000 | mom=0.9500 | T=7.5 k=4.0 (mu_rec=8 mu_bwd=4) | grad=4.062 | tok/s=25,259 | tokens=6.09B
step=185790 | loss=3.7764 | lr=5.01e-05 | wd=0.0000 | mom=0.9500 | T=10.5 k=4.0 (mu_rec=8 mu_bwd=4) | grad=7.219 | tok/s=23,227 | tokens=6.09B
step=185800 | loss=4.0361 | lr=5.03e-05 | wd=0.0000 | mom=0.9500 | T=4.2 k=3.5 (mu_rec=8 mu_bwd=4) | grad=4.781 | tok/s=23,941 | tokens=6.09B
step=185810 | loss=4.1059 | lr=5.04e-05 | wd=0.0000 | mom=0.9500 | T=8.5 k=3.8 (mu_rec=8 mu_bwd=4) | grad=2.984 | tok/s=24,255 | tokens=6.09B
step=185820 | loss=4.2708 | lr=5.06e-05 | wd=0.0000 | mom=0.9500 | T=12.2 k=4.0 (mu_rec=8 mu_bwd=4) | grad=3.203 | tok/s=23,343 | tokens=6.09B
step=185830 | loss=3.8113 | lr=5.07e-05 | wd=0.0000 | mom=0.9500 | T=7.2 k=3.2 (mu_rec=8 mu_bwd=4) | grad=8.188 | tok/s=23,861 | tokens=6.09B
step=185840 | loss=4.1612 | lr=5.09e-05 | wd=0.0000 | mom=0.9500 | T=8.8 k=4.0 (mu_rec=8 mu_bwd=4) | grad=3.531 | tok/s=24,180 | tokens=6.09B
step=185850 | loss=3.9410 | lr=5.10e-05 | wd=0.0000 | mom=0.9500 | T=8.0 k=4.0 (mu_rec=8 mu_bwd=4) | grad=5.750 | tok/s=24,390 | tokens=6.09B
step=185860 | loss=3.9064 | lr=5.12e-05 | wd=0.0000 | mom=0.9500 | T=18.0 k=4.0 (mu_rec=8 mu_bwd=4) | grad=6.375 | tok/s=22,461 | tokens=6.09B
step=185870 | loss=3.4347 | lr=5.13e-05 | wd=0.0000 | mom=0.9500 | T=6.5 k=3.2 (mu_rec=8 mu_bwd=4) | grad=4.188 | tok/s=23,797 | tokens=6.09B
step=185880 | loss=3.9343 | lr=5.15e-05 | wd=0.0000 | mom=0.9500 | T=4.8 k=2.5 (mu_rec=8 mu_bwd=4) | grad=3.875 | tok/s=24,414 | tokens=6.09B
step=185890 | loss=3.8199 | lr=5.16e-05 | wd=0.0000 | mom=0.9500 | T=7.5 k=4.0 (mu_rec=8 mu_bwd=4) | grad=3.453 | tok/s=24,819 | tokens=6.09B
step=185900 | loss=3.8776 | lr=5.18e-05 | wd=0.0000 | mom=0.9500 | T=10.0 k=4.0 (mu_rec=8 mu_bwd=4) | grad=3.656 | tok/s=26,866 | tokens=6.09B
step=185910 | loss=3.8623 | lr=5.19e-05 | wd=0.0000 | mom=0.9500 | T=14.0 k=4.0 (mu_rec=8 mu_bwd=4) | grad=3.797 | tok/s=24,332 | tokens=6.09B
step=185920 | loss=3.6906 | lr=5.21e-05 | wd=0.0000 | mom=0.9500 | T=8.5 k=4.0 (mu_rec=8 mu_bwd=4) | grad=4.594 | tok/s=23,944 | tokens=6.09B
step=185930 | loss=3.8496 | lr=5.22e-05 | wd=0.0000 | mom=0.9500 | T=5.5 k=4.0 (mu_rec=8 mu_bwd=4) | grad=3.203 | tok/s=25,907 | tokens=6.09B
step=185940 | loss=3.9957 | lr=5.24e-05 | wd=0.0000 | mom=0.9500 | T=6.8 k=4.0 (mu_rec=8 mu_bwd=4) | grad=3.656 | tok/s=24,896 | tokens=6.09B
step=185950 | loss=3.9993 | lr=5.25e-05 | wd=0.0000 | mom=0.9500 | T=10.5 k=4.0 (mu_rec=8 mu_bwd=4) | grad=7.531 | tok/s=23,671 | tokens=6.09B
step=185960 | loss=3.9171 | lr=5.27e-05 | wd=0.0000 | mom=0.9500 | T=6.0 k=4.0 (mu_rec=8 mu_bwd=4) | grad=5.094 | tok/s=24,277 | tokens=6.09B
step=185970 | loss=4.0559 | lr=5.28e-05 | wd=0.0000 | mom=0.9500 | T=8.2 k=4.0 (mu_rec=8 mu_bwd=4) | grad=4.594 | tok/s=21,972 | tokens=6.09B
step=185980 | loss=4.2432 | lr=5.30e-05 | wd=0.0000 | mom=0.9500 | T=6.5 k=3.5 (mu_rec=8 mu_bwd=4) | grad=6.062 | tok/s=22,754 | tokens=6.09B
step=185990 | loss=4.2016 | lr=5.31e-05 | wd=0.0000 | mom=0.9500 | T=8.8 k=4.0 (mu_rec=8 mu_bwd=4) | grad=5.750 | tok/s=23,193 | tokens=6.09B
step=186000 | loss=3.9536 | lr=5.33e-05 | wd=0.0000 | mom=0.9500 | T=9.8 k=3.5 (mu_rec=8 mu_bwd=4) | grad=5.656 | tok/s=23,915 | tokens=6.09B
[step 186000] Saved -> runs/cortex-5b-k4/checkpoint_0186000
[step 186000] Pruned -> runs/cortex-5b-k4/checkpoint_0180000
step=186010 | loss=3.8643 | lr=5.35e-05 | wd=0.0000 | mom=0.9500 | T=12.2 k=4.0 (mu_rec=8 mu_bwd=4) | grad=4.281 | tok/s=21,783 | tokens=6.10B
step=186020 | loss=3.9718 | lr=5.36e-05 | wd=0.0000 | mom=0.9500 | T=7.0 k=3.5 (mu_rec=8 mu_bwd=4) | grad=5.844 | tok/s=25,698 | tokens=6.10B
step=186030 | loss=3.9492 | lr=5.38e-05 | wd=0.0000 | mom=0.9500 | T=7.0 k=4.0 (mu_rec=8 mu_bwd=4) | grad=5.312 | tok/s=25,368 | tokens=6.10B
step=186040 | loss=4.0335 | lr=5.39e-05 | wd=0.0000 | mom=0.9500 | T=8.2 k=3.8 (mu_rec=8 mu_bwd=4) | grad=4.938 | tok/s=24,123 | tokens=6.10B
step=186050 | loss=3.9326 | lr=5.41e-05 | wd=0.0000 | mom=0.9500 | T=8.2 k=3.5 (mu_rec=8 mu_bwd=4) | grad=4.062 | tok/s=11,013 | tokens=6.10B
step=186060 | loss=3.5627 | lr=5.42e-05 | wd=0.0000 | mom=0.9500 | T=9.8 k=4.0 (mu_rec=8 mu_bwd=4) | grad=4.188 | tok/s=24,694 | tokens=6.10B
step=186070 | loss=3.8245 | lr=5.44e-05 | wd=0.0000 | mom=0.9500 | T=7.0 k=4.0 (mu_rec=8 mu_bwd=4) | grad=15.688 | tok/s=24,002 | tokens=6.10B
step=186080 | loss=4.0304 | lr=5.46e-05 | wd=0.0000 | mom=0.9500 | T=9.8 k=3.5 (mu_rec=8 mu_bwd=4) | grad=11.062 | tok/s=24,649 | tokens=6.10B
step=186090 | loss=4.2629 | lr=5.47e-05 | wd=0.0000 | mom=0.9500 | T=7.0 k=4.0 (mu_rec=8 mu_bwd=4) | grad=4.219 | tok/s=25,478 | tokens=6.10B
step=186100 | loss=3.9730 | lr=5.49e-05 | wd=0.0000 | mom=0.9500 | T=10.8 k=4.0 (mu_rec=8 mu_bwd=4) | grad=3.609 | tok/s=23,092 | tokens=6.10B
step=186110 | loss=3.7385 | lr=5.50e-05 | wd=0.0000 | mom=0.9500 | T=10.2 k=4.0 (mu_rec=8 mu_bwd=4) | grad=4.625 | tok/s=22,081 | tokens=6.10B
step=186120 | loss=3.6451 | lr=5.52e-05 | wd=0.0000 | mom=0.9500 | T=5.2 k=3.2 (mu_rec=8 mu_bwd=4) | grad=5.375 | tok/s=23,939 | tokens=6.10B
step=186130 | loss=4.0959 | lr=5.54e-05 | wd=0.0000 | mom=0.9500 | T=10.8 k=3.8 (mu_rec=8 mu_bwd=4) | grad=3.062 | tok/s=23,849 | tokens=6.10B
step=186140 | loss=3.7290 | lr=5.55e-05 | wd=0.0000 | mom=0.9500 | T=6.0 k=3.5 (mu_rec=8 mu_bwd=4) | grad=3.547 | tok/s=23,754 | tokens=6.10B
step=186150 | loss=4.4959 | lr=5.57e-05 | wd=0.0000 | mom=0.9500 | T=8.5 k=3.8 (mu_rec=8 mu_bwd=4) | grad=5.844 | tok/s=24,154 | tokens=6.10B
step=186160 | loss=4.0563 | lr=5.59e-05 | wd=0.0000 | mom=0.9500 | T=5.2 k=2.5 (mu_rec=8 mu_bwd=4) | grad=3.625 | tok/s=25,041 | tokens=6.10B
step=186170 | loss=4.0629 | lr=5.60e-05 | wd=0.0000 | mom=0.9500 | T=4.0 k=3.2 (mu_rec=8 mu_bwd=4) | grad=4.719 | tok/s=24,651 | tokens=6.10B
step=186180 | loss=3.9689 | lr=5.62e-05 | wd=0.0000 | mom=0.9500 | T=7.0 k=3.5 (mu_rec=8 mu_bwd=4) | grad=5.344 | tok/s=22,469 | tokens=6.10B
step=186190 | loss=4.0217 | lr=5.63e-05 | wd=0.0000 | mom=0.9500 | T=4.0 k=3.0 (mu_rec=8 mu_bwd=4) | grad=10.812 | tok/s=26,073 | tokens=6.10B
step=186200 | loss=4.1418 | lr=5.65e-05 | wd=0.0000 | mom=0.9500 | T=15.2 k=4.0 (mu_rec=8 mu_bwd=4) | grad=3.766 | tok/s=23,560 | tokens=6.10B
step=186210 | loss=3.8514 | lr=5.67e-05 | wd=0.0000 | mom=0.9500 | T=4.8 k=3.2 (mu_rec=8 mu_bwd=4) | grad=10.750 | tok/s=24,828 | tokens=6.10B
step=186220 | loss=4.1106 | lr=5.68e-05 | wd=0.0000 | mom=0.9500 | T=6.0 k=3.8 (mu_rec=8 mu_bwd=4) | grad=4.531 | tok/s=23,173 | tokens=6.10B
step=186230 | loss=4.0528 | lr=5.70e-05 | wd=0.0000 | mom=0.9500 | T=7.2 k=4.0 (mu_rec=8 mu_bwd=4) | grad=3.938 | tok/s=24,578 | tokens=6.10B
step=186240 | loss=4.3282 | lr=5.72e-05 | wd=0.0000 | mom=0.9500 | T=11.2 k=4.0 (mu_rec=8 mu_bwd=4) | grad=4.312 | tok/s=24,101 | tokens=6.10B
step=186250 | loss=4.1850 | lr=5.73e-05 | wd=0.0000 | mom=0.9500 | T=7.5 k=3.8 (mu_rec=8 mu_bwd=4) | grad=3.859 | tok/s=23,294 | tokens=6.10B
step=186260 | loss=4.0423 | lr=5.75e-05 | wd=0.0000 | mom=0.9500 | T=6.8 k=4.0 (mu_rec=8 mu_bwd=4) | grad=3.953 | tok/s=23,252 | tokens=6.10B
step=186270 | loss=3.8531 | lr=5.77e-05 | wd=0.0000 | mom=0.9500 | T=7.2 k=3.0 (mu_rec=8 mu_bwd=4) | grad=4.406 | tok/s=25,915 | tokens=6.10B
step=186280 | loss=3.8288 | lr=5.79e-05 | wd=0.0000 | mom=0.9500 | T=5.0 k=3.2 (mu_rec=8 mu_bwd=4) | grad=4.594 | tok/s=23,405 | tokens=6.10B
step=186290 | loss=4.2706 | lr=5.80e-05 | wd=0.0000 | mom=0.9500 | T=4.5 k=3.0 (mu_rec=8 mu_bwd=4) | grad=4.500 | tok/s=23,750 | tokens=6.10B
step=186300 | loss=4.0987 | lr=5.82e-05 | wd=0.0000 | mom=0.9500 | T=8.8 k=3.8 (mu_rec=8 mu_bwd=4) | grad=3.328 | tok/s=22,806 | tokens=6.10B
step=186310 | loss=4.1722 | lr=5.84e-05 | wd=0.0000 | mom=0.9500 | T=6.2 k=3.8 (mu_rec=8 mu_bwd=4) | grad=3.562 | tok/s=23,329 | tokens=6.11B
step=186320 | loss=3.9445 | lr=5.85e-05 | wd=0.0000 | mom=0.9500 | T=9.5 k=4.0 (mu_rec=8 mu_bwd=4) | grad=4.938 | tok/s=22,198 | tokens=6.11B
step=186330 | loss=3.9445 | lr=5.87e-05 | wd=0.0000 | mom=0.9500 | T=15.2 k=3.8 (mu_rec=8 mu_bwd=4) | grad=4.531 | tok/s=21,773 | tokens=6.11B
step=186340 | loss=4.1753 | lr=5.89e-05 | wd=0.0000 | mom=0.9500 | T=10.5 k=4.0 (mu_rec=8 mu_bwd=4) | grad=3.594 | tok/s=22,945 | tokens=6.11B
step=186350 | loss=4.2445 | lr=5.90e-05 | wd=0.0000 | mom=0.9500 | T=9.8 k=4.0 (mu_rec=8 mu_bwd=4) | grad=3.953 | tok/s=22,846 | tokens=6.11B
step=186360 | loss=3.9913 | lr=5.92e-05 | wd=0.0000 | mom=0.9500 | T=8.5 k=4.0 (mu_rec=8 mu_bwd=4) | grad=5.344 | tok/s=23,226 | tokens=6.11B
step=186370 | loss=4.0707 | lr=5.94e-05 | wd=0.0000 | mom=0.9500 | T=5.5 k=3.5 (mu_rec=8 mu_bwd=4) | grad=4.031 | tok/s=24,145 | tokens=6.11B
step=186380 | loss=4.0387 | lr=5.96e-05 | wd=0.0000 | mom=0.9500 | T=12.2 k=4.0 (mu_rec=8 mu_bwd=4) | grad=3.359 | tok/s=22,756 | tokens=6.11B
step=186390 | loss=3.9886 | lr=5.97e-05 | wd=0.0000 | mom=0.9500 | T=5.0 k=3.0 (mu_rec=8 mu_bwd=4) | grad=10.500 | tok/s=25,383 | tokens=6.11B
step=186400 | loss=3.7126 | lr=5.99e-05 | wd=0.0000 | mom=0.9500 | T=7.2 k=3.8 (mu_rec=8 mu_bwd=4) | grad=5.531 | tok/s=10,064 | tokens=6.11B
step=186410 | loss=4.1377 | lr=6.01e-05 | wd=0.0000 | mom=0.9500 | T=8.8 k=3.5 (mu_rec=8 mu_bwd=4) | grad=3.062 | tok/s=24,479 | tokens=6.11B
step=186420 | loss=4.0854 | lr=6.03e-05 | wd=0.0000 | mom=0.9500 | T=7.2 k=3.8 (mu_rec=8 mu_bwd=4) | grad=3.938 | tok/s=25,025 | tokens=6.11B
step=186430 | loss=3.9062 | lr=6.04e-05 | wd=0.0000 | mom=0.9500 | T=11.2 k=4.0 (mu_rec=8 mu_bwd=4) | grad=3.094 | tok/s=23,875 | tokens=6.11B
step=186440 | loss=4.1344 | lr=6.06e-05 | wd=0.0000 | mom=0.9500 | T=8.2 k=3.2 (mu_rec=8 mu_bwd=4) | grad=3.984 | tok/s=25,227 | tokens=6.11B
step=186450 | loss=3.9753 | lr=6.08e-05 | wd=0.0000 | mom=0.9500 | T=5.0 k=3.5 (mu_rec=8 mu_bwd=4) | grad=4.781 | tok/s=24,665 | tokens=6.11B
step=186460 | loss=4.1771 | lr=6.10e-05 | wd=0.0000 | mom=0.9500 | T=10.0 k=3.5 (mu_rec=8 mu_bwd=4) | grad=5.250 | tok/s=23,104 | tokens=6.11B
step=186470 | loss=4.0987 | lr=6.11e-05 | wd=0.0000 | mom=0.9500 | T=11.0 k=4.0 (mu_rec=8 mu_bwd=4) | grad=3.766 | tok/s=23,114 | tokens=6.11B
step=186480 | loss=4.0863 | lr=6.13e-05 | wd=0.0000 | mom=0.9500 | T=9.0 k=4.0 (mu_rec=8 mu_bwd=4) | grad=3.734 | tok/s=25,390 | tokens=6.11B
step=186490 | loss=4.0347 | lr=6.15e-05 | wd=0.0000 | mom=0.9500 | T=6.5 k=3.5 (mu_rec=8 mu_bwd=4) | grad=3.516 | tok/s=23,925 | tokens=6.11B
step=186500 | loss=3.8423 | lr=6.17e-05 | wd=0.0000 | mom=0.9500 | T=5.0 k=3.0 (mu_rec=8 mu_bwd=4) | grad=3.859 | tok/s=23,156 | tokens=6.11B
step=186510 | loss=3.9132 | lr=6.19e-05 | wd=0.0000 | mom=0.9500 | T=5.8 k=3.2 (mu_rec=8 mu_bwd=4) | grad=5.469 | tok/s=23,080 | tokens=6.11B
step=186520 | loss=4.0072 | lr=6.20e-05 | wd=0.0000 | mom=0.9500 | T=8.5 k=4.0 (mu_rec=8 mu_bwd=4) | grad=5.406 | tok/s=22,443 | tokens=6.11B
step=186530 | loss=4.1315 | lr=6.22e-05 | wd=0.0000 | mom=0.9500 | T=7.2 k=3.5 (mu_rec=8 mu_bwd=4) | grad=3.969 | tok/s=24,587 | tokens=6.11B
step=186540 | loss=4.0590 | lr=6.24e-05 | wd=0.0000 | mom=0.9500 | T=7.2 k=4.0 (mu_rec=8 mu_bwd=4) | grad=3.781 | tok/s=25,312 | tokens=6.11B
step=186550 | loss=4.0904 | lr=6.26e-05 | wd=0.0000 | mom=0.9500 | T=6.8 k=3.5 (mu_rec=8 mu_bwd=4) | grad=3.078 | tok/s=25,074 | tokens=6.11B
step=186560 | loss=4.1406 | lr=6.28e-05 | wd=0.0000 | mom=0.9500 | T=8.0 k=4.0 (mu_rec=8 mu_bwd=4) | grad=4.000 | tok/s=22,734 | tokens=6.11B
step=186570 | loss=3.8961 | lr=6.29e-05 | wd=0.0000 | mom=0.9500 | T=4.0 k=3.2 (mu_rec=8 mu_bwd=4) | grad=3.484 | tok/s=24,268 | tokens=6.11B
step=186580 | loss=3.9035 | lr=6.31e-05 | wd=0.0000 | mom=0.9500 | T=4.0 k=3.2 (mu_rec=8 mu_bwd=4) | grad=4.188 | tok/s=25,749 | tokens=6.11B
step=186590 | loss=4.3546 | lr=6.33e-05 | wd=0.0000 | mom=0.9500 | T=8.5 k=3.8 (mu_rec=8 mu_bwd=4) | grad=5.344 | tok/s=22,170 | tokens=6.11B
step=186600 | loss=3.9501 | lr=6.35e-05 | wd=0.0000 | mom=0.9500 | T=10.5 k=4.0 (mu_rec=8 mu_bwd=4) | grad=3.891 | tok/s=25,577 | tokens=6.11B
step=186610 | loss=4.0584 | lr=6.37e-05 | wd=0.0000 | mom=0.9500 | T=7.8 k=3.5 (mu_rec=8 mu_bwd=4) | grad=3.641 | tok/s=21,514 | tokens=6.11B
step=186620 | loss=3.9575 | lr=6.39e-05 | wd=0.0000 | mom=0.9500 | T=5.2 k=4.0 (mu_rec=8 mu_bwd=4) | grad=4.062 | tok/s=24,820 | tokens=6.12B
step=186630 | loss=4.1320 | lr=6.40e-05 | wd=0.0000 | mom=0.9500 | T=9.8 k=4.0 (mu_rec=8 mu_bwd=4) | grad=4.719 | tok/s=23,347 | tokens=6.12B
step=186640 | loss=4.0865 | lr=6.42e-05 | wd=0.0000 | mom=0.9500 | T=8.0 k=3.8 (mu_rec=8 mu_bwd=4) | grad=3.500 | tok/s=24,418 | tokens=6.12B
step=186650 | loss=3.8688 | lr=6.44e-05 | wd=0.0000 | mom=0.9500 | T=11.0 k=4.0 (mu_rec=8 mu_bwd=4) | grad=3.828 | tok/s=21,974 | tokens=6.12B
step=186660 | loss=3.9024 | lr=6.46e-05 | wd=0.0000 | mom=0.9500 | T=10.2 k=4.0 (mu_rec=8 mu_bwd=4) | grad=3.797 | tok/s=20,972 | tokens=6.12B
step=186670 | loss=4.1696 | lr=6.48e-05 | wd=0.0000 | mom=0.9500 | T=7.2 k=4.0 (mu_rec=8 mu_bwd=4) | grad=4.188 | tok/s=22,379 | tokens=6.12B
step=186680 | loss=3.9021 | lr=6.50e-05 | wd=0.0000 | mom=0.9500 | T=14.8 k=4.0 (mu_rec=8 mu_bwd=4) | grad=5.188 | tok/s=24,070 | tokens=6.12B
step=186690 | loss=3.8273 | lr=6.52e-05 | wd=0.0000 | mom=0.9500 | T=8.2 k=4.0 (mu_rec=8 mu_bwd=4) | grad=3.609 | tok/s=22,695 | tokens=6.12B
step=186700 | loss=3.8836 | lr=6.53e-05 | wd=0.0000 | mom=0.9500 | T=8.8 k=3.8 (mu_rec=8 mu_bwd=4) | grad=4.031 | tok/s=23,106 | tokens=6.12B
step=186710 | loss=3.7565 | lr=6.55e-05 | wd=0.0000 | mom=0.9500 | T=7.2 k=3.8 (mu_rec=8 mu_bwd=4) | grad=6.938 | tok/s=24,214 | tokens=6.12B
step=186720 | loss=3.8828 | lr=6.57e-05 | wd=0.0000 | mom=0.9500 | T=7.8 k=4.0 (mu_rec=8 mu_bwd=4) | grad=3.812 | tok/s=26,247 | tokens=6.12B
step=186730 | loss=3.9045 | lr=6.59e-05 | wd=0.0000 | mom=0.9500 | T=7.2 k=3.5 (mu_rec=8 mu_bwd=4) | grad=3.828 | tok/s=23,175 | tokens=6.12B
step=186740 | loss=3.9116 | lr=6.61e-05 | wd=0.0000 | mom=0.9500 | T=8.0 k=4.0 (mu_rec=8 mu_bwd=4) | grad=3.344 | tok/s=22,619 | tokens=6.12B
step=186750 | loss=4.0276 | lr=6.63e-05 | wd=0.0000 | mom=0.9500 | T=9.0 k=4.0 (mu_rec=8 mu_bwd=4) | grad=3.094 | tok/s=25,137 | tokens=6.12B
step=186760 | loss=4.0222 | lr=6.65e-05 | wd=0.0000 | mom=0.9500 | T=13.2 k=4.0 (mu_rec=8 mu_bwd=4) | grad=4.219 | tok/s=22,603 | tokens=6.12B
step=186770 | loss=4.0436 | lr=6.67e-05 | wd=0.0000 | mom=0.9500 | T=9.5 k=4.0 (mu_rec=8 mu_bwd=4) | grad=4.156 | tok/s=23,341 | tokens=6.12B
step=186780 | loss=4.2306 | lr=6.69e-05 | wd=0.0000 | mom=0.9500 | T=9.2 k=4.0 (mu_rec=8 mu_bwd=4) | grad=6.750 | tok/s=23,389 | tokens=6.12B
step=186790 | loss=3.9813 | lr=6.70e-05 | wd=0.0000 | mom=0.9500 | T=6.8 k=4.0 (mu_rec=8 mu_bwd=4) | grad=4.219 | tok/s=23,731 | tokens=6.12B
step=186800 | loss=4.2151 | lr=6.72e-05 | wd=0.0000 | mom=0.9500 | T=9.2 k=3.8 (mu_rec=8 mu_bwd=4) | grad=3.734 | tok/s=22,921 | tokens=6.12B
step=186810 | loss=3.7991 | lr=6.74e-05 | wd=0.0000 | mom=0.9500 | T=9.5 k=4.0 (mu_rec=8 mu_bwd=4) | grad=5.188 | tok/s=23,240 | tokens=6.12B
step=186820 | loss=3.7129 | lr=6.76e-05 | wd=0.0000 | mom=0.9500 | T=13.5 k=4.0 (mu_rec=8 mu_bwd=4) | grad=6.562 | tok/s=21,387 | tokens=6.12B
step=186830 | loss=4.0863 | lr=6.78e-05 | wd=0.0000 | mom=0.9500 | T=7.2 k=3.2 (mu_rec=8 mu_bwd=4) | grad=3.609 | tok/s=10,035 | tokens=6.12B
step=186840 | loss=4.0377 | lr=6.80e-05 | wd=0.0000 | mom=0.9500 | T=4.8 k=3.2 (mu_rec=8 mu_bwd=4) | grad=4.250 | tok/s=24,733 | tokens=6.12B
step=186850 | loss=3.9732 | lr=6.82e-05 | wd=0.0000 | mom=0.9500 | T=9.5 k=4.0 (mu_rec=8 mu_bwd=4) | grad=4.688 | tok/s=23,238 | tokens=6.12B
step=186860 | loss=3.7296 | lr=6.84e-05 | wd=0.0000 | mom=0.9500 | T=13.0 k=4.0 (mu_rec=8 mu_bwd=4) | grad=4.125 | tok/s=21,973 | tokens=6.12B
step=186870 | loss=3.9090 | lr=6.86e-05 | wd=0.0000 | mom=0.9500 | T=6.0 k=2.8 (mu_rec=8 mu_bwd=4) | grad=10.312 | tok/s=23,928 | tokens=6.12B
step=186880 | loss=4.1669 | lr=6.88e-05 | wd=0.0000 | mom=0.9500 | T=5.0 k=4.0 (mu_rec=8 mu_bwd=4) | grad=3.734 | tok/s=24,245 | tokens=6.12B
step=186890 | loss=3.9416 | lr=6.90e-05 | wd=0.0000 | mom=0.9500 | T=9.0 k=4.0 (mu_rec=8 mu_bwd=4) | grad=3.094 | tok/s=22,355 | tokens=6.12B
step=186900 | loss=4.2766 | lr=6.92e-05 | wd=0.0000 | mom=0.9500 | T=7.0 k=3.8 (mu_rec=8 mu_bwd=4) | grad=3.609 | tok/s=22,411 | tokens=6.12B
step=186910 | loss=3.8154 | lr=6.94e-05 | wd=0.0000 | mom=0.9500 | T=5.8 k=4.0 (mu_rec=8 mu_bwd=4) | grad=8.312 | tok/s=26,715 | tokens=6.12B
step=186920 | loss=4.4199 | lr=6.96e-05 | wd=0.0000 | mom=0.9500 | T=10.0 k=3.2 (mu_rec=8 mu_bwd=4) | grad=3.453 | tok/s=22,448 | tokens=6.12B
step=186930 | loss=4.6058 | lr=6.98e-05 | wd=0.0000 | mom=0.9500 | T=8.0 k=4.0 (mu_rec=8 mu_bwd=4) | grad=5.719 | tok/s=26,700 | tokens=6.13B
step=186940 | loss=4.6435 | lr=7.00e-05 | wd=0.0000 | mom=0.9500 | T=7.8 k=4.0 (mu_rec=8 mu_bwd=4) | grad=5.094 | tok/s=24,564 | tokens=6.13B
step=186950 | loss=4.5893 | lr=7.02e-05 | wd=0.0000 | mom=0.9500 | T=9.5 k=4.0 (mu_rec=8 mu_bwd=4) | grad=5.906 | tok/s=23,061 | tokens=6.13B
step=186960 | loss=4.1752 | lr=7.04e-05 | wd=0.0000 | mom=0.9500 | T=6.5 k=3.8 (mu_rec=8 mu_bwd=4) | grad=7.031 | tok/s=24,590 | tokens=6.13B
step=186970 | loss=4.2321 | lr=7.06e-05 | wd=0.0000 | mom=0.9500 | T=11.8 k=4.0 (mu_rec=8 mu_bwd=4) | grad=5.219 | tok/s=24,265 | tokens=6.13B
step=186980 | loss=4.0521 | lr=7.08e-05 | wd=0.0000 | mom=0.9500 | T=6.8 k=3.2 (mu_rec=8 mu_bwd=4) | grad=3.688 | tok/s=23,096 | tokens=6.13B
step=186990 | loss=4.1712 | lr=7.10e-05 | wd=0.0000 | mom=0.9500 | T=8.8 k=3.8 (mu_rec=8 mu_bwd=4) | grad=3.703 | tok/s=23,797 | tokens=6.13B
step=187000 | loss=3.9661 | lr=7.12e-05 | wd=0.0000 | mom=0.9500 | T=8.0 k=3.8 (mu_rec=8 mu_bwd=4) | grad=3.844 | tok/s=23,789 | tokens=6.13B
step=187010 | loss=3.9692 | lr=7.14e-05 | wd=0.0000 | mom=0.9500 | T=10.2 k=3.8 (mu_rec=8 mu_bwd=4) | grad=4.469 | tok/s=24,049 | tokens=6.13B
step=187020 | loss=3.9895 | lr=7.16e-05 | wd=0.0000 | mom=0.9500 | T=8.5 k=4.0 (mu_rec=8 mu_bwd=4) | grad=5.625 | tok/s=24,140 | tokens=6.13B
step=187030 | loss=3.9569 | lr=7.18e-05 | wd=0.0000 | mom=0.9500 | T=9.8 k=4.0 (mu_rec=8 mu_bwd=4) | grad=6.188 | tok/s=23,688 | tokens=6.13B
step=187040 | loss=3.8640 | lr=7.20e-05 | wd=0.0000 | mom=0.9500 | T=8.0 k=2.8 (mu_rec=8 mu_bwd=4) | grad=3.953 | tok/s=25,283 | tokens=6.13B
step=187050 | loss=4.0638 | lr=7.22e-05 | wd=0.0000 | mom=0.9500 | T=4.5 k=3.8 (mu_rec=8 mu_bwd=4) | grad=3.953 | tok/s=23,095 | tokens=6.13B
step=187060 | loss=3.9953 | lr=7.24e-05 | wd=0.0000 | mom=0.9500 | T=11.5 k=4.0 (mu_rec=8 mu_bwd=4) | grad=5.406 | tok/s=22,115 | tokens=6.13B
step=187070 | loss=4.0162 | lr=7.26e-05 | wd=0.0000 | mom=0.9500 | T=9.2 k=4.0 (mu_rec=8 mu_bwd=4) | grad=4.531 | tok/s=24,423 | tokens=6.13B
step=187080 | loss=3.9537 | lr=7.28e-05 | wd=0.0000 | mom=0.9500 | T=8.5 k=4.0 (mu_rec=8 mu_bwd=4) | grad=8.062 | tok/s=23,736 | tokens=6.13B
step=187090 | loss=3.8526 | lr=7.30e-05 | wd=0.0000 | mom=0.9500 | T=7.8 k=3.8 (mu_rec=8 mu_bwd=4) | grad=8.312 | tok/s=23,781 | tokens=6.13B
step=187100 | loss=4.0495 | lr=7.32e-05 | wd=0.0000 | mom=0.9500 | T=7.8 k=4.0 (mu_rec=8 mu_bwd=4) | grad=5.406 | tok/s=23,151 | tokens=6.13B
step=187110 | loss=4.0840 | lr=7.34e-05 | wd=0.0000 | mom=0.9500 | T=10.8 k=4.0 (mu_rec=8 mu_bwd=4) | grad=4.094 | tok/s=22,646 | tokens=6.13B
step=187120 | loss=4.5296 | lr=7.36e-05 | wd=0.0000 | mom=0.9500 | T=4.2 k=3.2 (mu_rec=8 mu_bwd=4) | grad=6.344 | tok/s=23,254 | tokens=6.13B
step=187130 | loss=4.2248 | lr=7.38e-05 | wd=0.0000 | mom=0.9500 | T=8.5 k=4.0 (mu_rec=8 mu_bwd=4) | grad=10.625 | tok/s=23,899 | tokens=6.13B
step=187140 | loss=4.2456 | lr=7.40e-05 | wd=0.0000 | mom=0.9500 | T=6.2 k=3.2 (mu_rec=8 mu_bwd=4) | grad=4.406 | tok/s=22,691 | tokens=6.13B
step=187150 | loss=4.2192 | lr=7.42e-05 | wd=0.0000 | mom=0.9500 | T=8.2 k=3.8 (mu_rec=8 mu_bwd=4) | grad=4.281 | tok/s=22,956 | tokens=6.13B
step=187160 | loss=4.1066 | lr=7.44e-05 | wd=0.0000 | mom=0.9500 | T=6.2 k=3.2 (mu_rec=8 mu_bwd=4) | grad=6.812 | tok/s=24,213 | tokens=6.13B
step=187170 | loss=4.1816 | lr=7.46e-05 | wd=0.0000 | mom=0.9500 | T=10.0 k=4.0 (mu_rec=8 mu_bwd=4) | grad=4.750 | tok/s=24,229 | tokens=6.13B
step=187180 | loss=4.0413 | lr=7.48e-05 | wd=0.0000 | mom=0.9500 | T=10.2 k=3.2 (mu_rec=8 mu_bwd=4) | grad=4.219 | tok/s=23,378 | tokens=6.13B
step=187190 | loss=3.9071 | lr=7.50e-05 | wd=0.0000 | mom=0.9500 | T=5.2 k=4.0 (mu_rec=8 mu_bwd=4) | grad=3.234 | tok/s=24,985 | tokens=6.13B
step=187200 | loss=3.9388 | lr=7.52e-05 | wd=0.0000 | mom=0.9500 | T=7.0 k=3.5 (mu_rec=8 mu_bwd=4) | grad=3.734 | tok/s=20,859 | tokens=6.13B
step=187210 | loss=4.2479 | lr=7.54e-05 | wd=0.0000 | mom=0.9500 | T=6.5 k=3.2 (mu_rec=8 mu_bwd=4) | grad=8.562 | tok/s=26,241 | tokens=6.13B
step=187220 | loss=4.3866 | lr=7.56e-05 | wd=0.0000 | mom=0.9500 | T=9.2 k=4.0 (mu_rec=8 mu_bwd=4) | grad=4.312 | tok/s=24,408 | tokens=6.13B
step=187230 | loss=4.0576 | lr=7.59e-05 | wd=0.0000 | mom=0.9500 | T=7.5 k=3.5 (mu_rec=8 mu_bwd=4) | grad=5.281 | tok/s=23,698 | tokens=6.14B
step=187240 | loss=4.0539 | lr=7.61e-05 | wd=0.0000 | mom=0.9500 | T=9.5 k=3.8 (mu_rec=8 mu_bwd=4) | grad=3.500 | tok/s=22,149 | tokens=6.14B
step=187250 | loss=3.5573 | lr=7.63e-05 | wd=0.0000 | mom=0.9500 | T=10.0 k=3.2 (mu_rec=8 mu_bwd=4) | grad=3.359 | tok/s=23,144 | tokens=6.14B
step=187260 | loss=3.8620 | lr=7.65e-05 | wd=0.0000 | mom=0.9500 | T=7.5 k=3.2 (mu_rec=8 mu_bwd=4) | grad=4.094 | tok/s=23,307 | tokens=6.14B
step=187270 | loss=3.9247 | lr=7.67e-05 | wd=0.0000 | mom=0.9500 | T=10.0 k=4.0 (mu_rec=8 mu_bwd=4) | grad=3.484 | tok/s=25,323 | tokens=6.14B
step=187280 | loss=4.3814 | lr=7.69e-05 | wd=0.0000 | mom=0.9500 | T=9.0 k=4.0 (mu_rec=8 mu_bwd=4) | grad=5.438 | tok/s=9,559 | tokens=6.14B
step=187290 | loss=4.1348 | lr=7.71e-05 | wd=0.0000 | mom=0.9500 | T=8.2 k=3.8 (mu_rec=8 mu_bwd=4) | grad=4.000 | tok/s=22,582 | tokens=6.14B
step=187300 | loss=4.1043 | lr=7.73e-05 | wd=0.0000 | mom=0.9500 | T=8.0 k=3.8 (mu_rec=8 mu_bwd=4) | grad=3.359 | tok/s=24,505 | tokens=6.14B
step=187310 | loss=4.0401 | lr=7.75e-05 | wd=0.0000 | mom=0.9500 | T=6.8 k=3.8 (mu_rec=8 mu_bwd=4) | grad=5.094 | tok/s=24,329 | tokens=6.14B
step=187320 | loss=4.1339 | lr=7.77e-05 | wd=0.0000 | mom=0.9500 | T=7.5 k=3.2 (mu_rec=8 mu_bwd=4) | grad=5.969 | tok/s=24,327 | tokens=6.14B
step=187330 | loss=3.8733 | lr=7.80e-05 | wd=0.0000 | mom=0.9500 | T=10.2 k=4.0 (mu_rec=8 mu_bwd=4) | grad=4.469 | tok/s=23,183 | tokens=6.14B
step=187340 | loss=4.0724 | lr=7.82e-05 | wd=0.0000 | mom=0.9500 | T=8.0 k=3.8 (mu_rec=8 mu_bwd=4) | grad=4.312 | tok/s=23,813 | tokens=6.14B
step=187350 | loss=4.2080 | lr=7.84e-05 | wd=0.0000 | mom=0.9500 | T=8.0 k=3.8 (mu_rec=8 mu_bwd=4) | grad=5.875 | tok/s=23,034 | tokens=6.14B
step=187360 | loss=3.9566 | lr=7.86e-05 | wd=0.0000 | mom=0.9500 | T=6.2 k=3.2 (mu_rec=8 mu_bwd=4) | grad=4.312 | tok/s=24,787 | tokens=6.14B
step=187370 | loss=4.0563 | lr=7.88e-05 | wd=0.0000 | mom=0.9500 | T=6.2 k=4.0 (mu_rec=8 mu_bwd=4) | grad=3.094 | tok/s=25,048 | tokens=6.14B
step=187380 | loss=3.9518 | lr=7.90e-05 | wd=0.0000 | mom=0.9500 | T=7.8 k=3.8 (mu_rec=8 mu_bwd=4) | grad=4.062 | tok/s=23,213 | tokens=6.14B
step=187390 | loss=4.0439 | lr=7.92e-05 | wd=0.0000 | mom=0.9500 | T=10.8 k=3.8 (mu_rec=8 mu_bwd=4) | grad=3.953 | tok/s=23,871 | tokens=6.14B
step=187400 | loss=4.3057 | lr=7.95e-05 | wd=0.0000 | mom=0.9500 | T=7.8 k=3.5 (mu_rec=8 mu_bwd=4) | grad=5.062 | tok/s=24,673 | tokens=6.14B
step=187410 | loss=4.0064 | lr=7.97e-05 | wd=0.0000 | mom=0.9500 | T=6.5 k=3.5 (mu_rec=8 mu_bwd=4) | grad=11.062 | tok/s=24,941 | tokens=6.14B
step=187420 | loss=4.0455 | lr=7.99e-05 | wd=0.0000 | mom=0.9500 | T=7.0 k=4.0 (mu_rec=8 mu_bwd=4) | grad=3.875 | tok/s=25,917 | tokens=6.14B
step=187430 | loss=4.0466 | lr=8.01e-05 | wd=0.0000 | mom=0.9500 | T=6.0 k=3.8 (mu_rec=8 mu_bwd=4) | grad=3.719 | tok/s=24,892 | tokens=6.14B
step=187440 | loss=4.1113 | lr=8.03e-05 | wd=0.0000 | mom=0.9500 | T=7.0 k=3.5 (mu_rec=8 mu_bwd=4) | grad=5.000 | tok/s=23,429 | tokens=6.14B
step=187450 | loss=3.8643 | lr=8.05e-05 | wd=0.0000 | mom=0.9500 | T=12.2 k=4.0 (mu_rec=8 mu_bwd=4) | grad=4.250 | tok/s=24,205 | tokens=6.14B
step=187460 | loss=4.0737 | lr=8.08e-05 | wd=0.0000 | mom=0.9500 | T=7.5 k=4.0 (mu_rec=8 mu_bwd=4) | grad=3.578 | tok/s=25,990 | tokens=6.14B
step=187470 | loss=3.7877 | lr=8.10e-05 | wd=0.0000 | mom=0.9500 | T=6.8 k=3.5 (mu_rec=8 mu_bwd=4) | grad=3.797 | tok/s=23,256 | tokens=6.14B
step=187480 | loss=4.0537 | lr=8.12e-05 | wd=0.0000 | mom=0.9500 | T=8.0 k=4.0 (mu_rec=8 mu_bwd=4) | grad=3.703 | tok/s=25,698 | tokens=6.14B
step=187490 | loss=4.0962 | lr=8.14e-05 | wd=0.0000 | mom=0.9500 | T=9.5 k=3.5 (mu_rec=8 mu_bwd=4) | grad=3.453 | tok/s=22,630 | tokens=6.14B
step=187500 | loss=3.9776 | lr=8.16e-05 | wd=0.0000 | mom=0.9500 | T=6.5 k=4.0 (mu_rec=8 mu_bwd=4) | grad=3.656 | tok/s=23,626 | tokens=6.14B
step=187510 | loss=3.6594 | lr=8.18e-05 | wd=0.0000 | mom=0.9500 | T=8.5 k=4.0 (mu_rec=8 mu_bwd=4) | grad=5.719 | tok/s=22,082 | tokens=6.14B
step=187520 | loss=4.0202 | lr=8.21e-05 | wd=0.0000 | mom=0.9500 | T=10.0 k=3.8 (mu_rec=8 mu_bwd=4) | grad=5.594 | tok/s=22,703 | tokens=6.14B
step=187530 | loss=4.1930 | lr=8.23e-05 | wd=0.0000 | mom=0.9500 | T=7.0 k=4.0 (mu_rec=8 mu_bwd=4) | grad=3.766 | tok/s=23,334 | tokens=6.14B
step=187540 | loss=3.9734 | lr=8.25e-05 | wd=0.0000 | mom=0.9500 | T=4.2 k=3.5 (mu_rec=8 mu_bwd=4) | grad=4.688 | tok/s=25,859 | tokens=6.15B
step=187550 | loss=4.0044 | lr=8.27e-05 | wd=0.0000 | mom=0.9500 | T=8.5 k=3.5 (mu_rec=8 mu_bwd=4) | grad=3.391 | tok/s=24,527 | tokens=6.15B
step=187560 | loss=4.1487 | lr=8.29e-05 | wd=0.0000 | mom=0.9500 | T=5.5 k=3.8 (mu_rec=8 mu_bwd=4) | grad=3.812 | tok/s=26,012 | tokens=6.15B
step=187570 | loss=3.8096 | lr=8.32e-05 | wd=0.0000 | mom=0.9500 | T=6.5 k=3.2 (mu_rec=8 mu_bwd=4) | grad=15.438 | tok/s=23,163 | tokens=6.15B
step=187580 | loss=3.9611 | lr=8.34e-05 | wd=0.0000 | mom=0.9500 | T=4.2 k=2.8 (mu_rec=8 mu_bwd=4) | grad=3.938 | tok/s=25,364 | tokens=6.15B
step=187590 | loss=4.1831 | lr=8.36e-05 | wd=0.0000 | mom=0.9500 | T=10.2 k=4.0 (mu_rec=8 mu_bwd=4) | grad=4.750 | tok/s=25,418 | tokens=6.15B
step=187600 | loss=3.8552 | lr=8.38e-05 | wd=0.0000 | mom=0.9500 | T=10.5 k=4.0 (mu_rec=8 mu_bwd=4) | grad=3.453 | tok/s=22,083 | tokens=6.15B
step=187610 | loss=3.9159 | lr=8.41e-05 | wd=0.0000 | mom=0.9500 | T=7.5 k=4.0 (mu_rec=8 mu_bwd=4) | grad=3.859 | tok/s=22,870 | tokens=6.15B
step=187620 | loss=4.1973 | lr=8.43e-05 | wd=0.0000 | mom=0.9500 | T=5.0 k=3.2 (mu_rec=8 mu_bwd=4) | grad=6.125 | tok/s=23,510 | tokens=6.15B
step=187630 | loss=4.0838 | lr=8.45e-05 | wd=0.0000 | mom=0.9500 | T=10.8 k=4.0 (mu_rec=8 mu_bwd=4) | grad=6.500 | tok/s=23,667 | tokens=6.15B
step=187640 | loss=3.7945 | lr=8.47e-05 | wd=0.0000 | mom=0.9500 | T=11.2 k=3.5 (mu_rec=8 mu_bwd=4) | grad=7.188 | tok/s=23,656 | tokens=6.15B
step=187650 | loss=4.1977 | lr=8.49e-05 | wd=0.0000 | mom=0.9500 | T=6.5 k=4.0 (mu_rec=8 mu_bwd=4) | grad=3.891 | tok/s=24,284 | tokens=6.15B
step=187660 | loss=4.0416 | lr=8.52e-05 | wd=0.0000 | mom=0.9500 | T=5.0 k=4.0 (mu_rec=8 mu_bwd=4) | grad=4.812 | tok/s=23,745 | tokens=6.15B
step=187670 | loss=3.9371 | lr=8.54e-05 | wd=0.0000 | mom=0.9500 | T=7.5 k=4.0 (mu_rec=8 mu_bwd=4) | grad=3.922 | tok/s=22,628 | tokens=6.15B
step=187680 | loss=4.1632 | lr=8.56e-05 | wd=0.0000 | mom=0.9500 | T=9.2 k=4.0 (mu_rec=8 mu_bwd=4) | grad=3.812 | tok/s=22,439 | tokens=6.15B
step=187690 | loss=3.8080 | lr=8.58e-05 | wd=0.0000 | mom=0.9500 | T=7.5 k=4.0 (mu_rec=8 mu_bwd=4) | grad=5.281 | tok/s=24,489 | tokens=6.15B
step=187700 | loss=4.0507 | lr=8.61e-05 | wd=0.0000 | mom=0.9500 | T=13.0 k=4.0 (mu_rec=8 mu_bwd=4) | grad=10.750 | tok/s=24,448 | tokens=6.15B
step=187710 | loss=3.8884 | lr=8.63e-05 | wd=0.0000 | mom=0.9500 | T=6.8 k=3.8 (mu_rec=8 mu_bwd=4) | grad=3.453 | tok/s=24,165 | tokens=6.15B
step=187720 | loss=3.9460 | lr=8.65e-05 | wd=0.0000 | mom=0.9500 | T=7.2 k=4.0 (mu_rec=8 mu_bwd=4) | grad=5.219 | tok/s=24,850 | tokens=6.15B
step=187730 | loss=4.2612 | lr=8.67e-05 | wd=0.0000 | mom=0.9500 | T=5.2 k=3.8 (mu_rec=8 mu_bwd=4) | grad=5.438 | tok/s=22,671 | tokens=6.15B
step=187740 | loss=4.0744 | lr=8.70e-05 | wd=0.0000 | mom=0.9500 | T=9.0 k=4.0 (mu_rec=8 mu_bwd=4) | grad=3.422 | tok/s=9,855 | tokens=6.15B
step=187750 | loss=3.9943 | lr=8.72e-05 | wd=0.0000 | mom=0.9500 | T=4.2 k=3.2 (mu_rec=8 mu_bwd=4) | grad=6.938 | tok/s=23,784 | tokens=6.15B
step=187760 | loss=3.8977 | lr=8.74e-05 | wd=0.0000 | mom=0.9500 | T=13.8 k=4.0 (mu_rec=8 mu_bwd=4) | grad=4.062 | tok/s=22,010 | tokens=6.15B
step=187770 | loss=3.8043 | lr=8.77e-05 | wd=0.0000 | mom=0.9500 | T=4.5 k=3.0 (mu_rec=8 mu_bwd=4) | grad=3.906 | tok/s=25,434 | tokens=6.15B
step=187780 | loss=3.8844 | lr=8.79e-05 | wd=0.0000 | mom=0.9500 | T=6.2 k=4.0 (mu_rec=8 mu_bwd=4) | grad=6.562 | tok/s=24,733 | tokens=6.15B
step=187790 | loss=4.0293 | lr=8.81e-05 | wd=0.0000 | mom=0.9500 | T=6.8 k=3.5 (mu_rec=8 mu_bwd=4) | grad=4.781 | tok/s=22,703 | tokens=6.15B
step=187800 | loss=4.0227 | lr=8.83e-05 | wd=0.0000 | mom=0.9500 | T=7.2 k=4.0 (mu_rec=8 mu_bwd=4) | grad=3.453 | tok/s=24,583 | tokens=6.15B
step=187810 | loss=4.0068 | lr=8.86e-05 | wd=0.0000 | mom=0.9500 | T=7.5 k=4.0 (mu_rec=8 mu_bwd=4) | grad=3.938 | tok/s=23,354 | tokens=6.15B
step=187820 | loss=3.5951 | lr=8.88e-05 | wd=0.0000 | mom=0.9500 | T=8.5 k=4.0 (mu_rec=8 mu_bwd=4) | grad=4.375 | tok/s=24,829 | tokens=6.15B
step=187830 | loss=3.7311 | lr=8.90e-05 | wd=0.0000 | mom=0.9500 | T=9.5 k=4.0 (mu_rec=8 mu_bwd=4) | grad=3.688 | tok/s=22,751 | tokens=6.15B
step=187840 | loss=4.2036 | lr=8.93e-05 | wd=0.0000 | mom=0.9500 | T=6.5 k=3.8 (mu_rec=8 mu_bwd=4) | grad=3.125 | tok/s=22,592 | tokens=6.16B
step=187850 | loss=4.0108 | lr=8.95e-05 | wd=0.0000 | mom=0.9500 | T=11.5 k=4.0 (mu_rec=8 mu_bwd=4) | grad=3.453 | tok/s=24,976 | tokens=6.16B
step=187860 | loss=3.9167 | lr=8.97e-05 | wd=0.0000 | mom=0.9500 | T=7.8 k=4.0 (mu_rec=8 mu_bwd=4) | grad=15.062 | tok/s=22,271 | tokens=6.16B
step=187870 | loss=3.8303 | lr=8.99e-05 | wd=0.0000 | mom=0.9500 | T=7.8 k=4.0 (mu_rec=8 mu_bwd=4) | grad=5.062 | tok/s=22,153 | tokens=6.16B
step=187880 | loss=4.0111 | lr=9.02e-05 | wd=0.0000 | mom=0.9500 | T=7.5 k=3.5 (mu_rec=8 mu_bwd=4) | grad=4.688 | tok/s=24,777 | tokens=6.16B
step=187890 | loss=3.8936 | lr=9.04e-05 | wd=0.0000 | mom=0.9500 | T=7.5 k=3.5 (mu_rec=8 mu_bwd=4) | grad=19.250 | tok/s=22,674 | tokens=6.16B
step=187900 | loss=3.8386 | lr=9.06e-05 | wd=0.0000 | mom=0.9500 | T=8.2 k=4.0 (mu_rec=8 mu_bwd=4) | grad=7.000 | tok/s=25,366 | tokens=6.16B
step=187910 | loss=4.0808 | lr=9.09e-05 | wd=0.0000 | mom=0.9500 | T=12.5 k=4.0 (mu_rec=8 mu_bwd=4) | grad=3.875 | tok/s=23,813 | tokens=6.16B
step=187920 | loss=3.8959 | lr=9.11e-05 | wd=0.0000 | mom=0.9500 | T=6.0 k=4.0 (mu_rec=8 mu_bwd=4) | grad=3.484 | tok/s=22,123 | tokens=6.16B
step=187930 | loss=3.8333 | lr=9.13e-05 | wd=0.0000 | mom=0.9500 | T=7.8 k=3.5 (mu_rec=8 mu_bwd=4) | grad=4.125 | tok/s=24,145 | tokens=6.16B
step=187940 | loss=3.8269 | lr=9.16e-05 | wd=0.0000 | mom=0.9500 | T=7.0 k=3.2 (mu_rec=8 mu_bwd=4) | grad=3.516 | tok/s=24,661 | tokens=6.16B
step=187950 | loss=4.0571 | lr=9.18e-05 | wd=0.0000 | mom=0.9500 | T=15.2 k=4.0 (mu_rec=8 mu_bwd=4) | grad=5.062 | tok/s=22,588 | tokens=6.16B
step=187960 | loss=3.8279 | lr=9.20e-05 | wd=0.0000 | mom=0.9500 | T=6.5 k=3.8 (mu_rec=8 mu_bwd=4) | grad=3.875 | tok/s=23,065 | tokens=6.16B
step=187970 | loss=3.8738 | lr=9.23e-05 | wd=0.0000 | mom=0.9500 | T=6.2 k=3.5 (mu_rec=8 mu_bwd=4) | grad=3.562 | tok/s=24,570 | tokens=6.16B
step=187980 | loss=4.2644 | lr=9.25e-05 | wd=0.0000 | mom=0.9500 | T=9.2 k=3.8 (mu_rec=8 mu_bwd=4) | grad=5.125 | tok/s=25,041 | tokens=6.16B
step=187990 | loss=4.6221 | lr=9.27e-05 | wd=0.0000 | mom=0.9500 | T=6.2 k=3.2 (mu_rec=8 mu_bwd=4) | grad=4.469 | tok/s=22,674 | tokens=6.16B
step=188000 | loss=4.8083 | lr=9.30e-05 | wd=0.0000 | mom=0.9500 | T=7.0 k=3.8 (mu_rec=8 mu_bwd=4) | grad=7.062 | tok/s=22,966 | tokens=6.16B
[step 188000] Saved -> runs/cortex-5b-k4/checkpoint_0188000
[step 188000] Pruned -> runs/cortex-5b-k4/checkpoint_0182000
step=188010 | loss=4.5022 | lr=9.32e-05 | wd=0.0000 | mom=0.9500 | T=4.8 k=3.5 (mu_rec=8 mu_bwd=4) | grad=5.219 | tok/s=22,282 | tokens=6.16B
step=188020 | loss=4.0107 | lr=9.34e-05 | wd=0.0000 | mom=0.9500 | T=10.0 k=4.0 (mu_rec=8 mu_bwd=4) | grad=3.938 | tok/s=23,682 | tokens=6.16B
step=188030 | loss=4.0196 | lr=9.37e-05 | wd=0.0000 | mom=0.9500 | T=12.8 k=4.0 (mu_rec=8 mu_bwd=4) | grad=6.500 | tok/s=22,958 | tokens=6.16B
step=188040 | loss=4.1974 | lr=9.39e-05 | wd=0.0000 | mom=0.9500 | T=5.5 k=3.2 (mu_rec=8 mu_bwd=4) | grad=4.500 | tok/s=25,984 | tokens=6.16B
step=188050 | loss=3.8879 | lr=9.42e-05 | wd=0.0000 | mom=0.9500 | T=10.2 k=3.2 (mu_rec=8 mu_bwd=4) | grad=3.469 | tok/s=23,216 | tokens=6.16B
step=188060 | loss=4.2898 | lr=9.44e-05 | wd=0.0000 | mom=0.9500 | T=9.5 k=4.0 (mu_rec=8 mu_bwd=4) | grad=4.125 | tok/s=24,900 | tokens=6.16B
step=188070 | loss=3.9276 | lr=9.46e-05 | wd=0.0000 | mom=0.9500 | T=14.8 k=4.0 (mu_rec=8 mu_bwd=4) | grad=15.312 | tok/s=22,502 | tokens=6.16B
step=188080 | loss=3.9292 | lr=9.49e-05 | wd=0.0000 | mom=0.9500 | T=10.5 k=4.0 (mu_rec=8 mu_bwd=4) | grad=19.000 | tok/s=22,018 | tokens=6.16B
step=188090 | loss=4.0900 | lr=9.51e-05 | wd=0.0000 | mom=0.9500 | T=10.5 k=4.0 (mu_rec=8 mu_bwd=4) | grad=3.797 | tok/s=22,634 | tokens=6.16B
step=188100 | loss=3.9317 | lr=9.53e-05 | wd=0.0000 | mom=0.9500 | T=7.0 k=4.0 (mu_rec=8 mu_bwd=4) | grad=7.500 | tok/s=23,686 | tokens=6.16B
step=188110 | loss=4.0832 | lr=9.56e-05 | wd=0.0000 | mom=0.9500 | T=8.5 k=3.5 (mu_rec=8 mu_bwd=4) | grad=5.156 | tok/s=24,250 | tokens=6.16B
step=188120 | loss=4.1869 | lr=9.58e-05 | wd=0.0000 | mom=0.9500 | T=12.8 k=4.0 (mu_rec=8 mu_bwd=4) | grad=5.156 | tok/s=23,724 | tokens=6.16B
step=188130 | loss=4.1382 | lr=9.61e-05 | wd=0.0000 | mom=0.9500 | T=6.2 k=4.0 (mu_rec=8 mu_bwd=4) | grad=4.125 | tok/s=10,217 | tokens=6.16B
step=188140 | loss=3.9413 | lr=9.63e-05 | wd=0.0000 | mom=0.9500 | T=5.8 k=4.0 (mu_rec=8 mu_bwd=4) | grad=5.688 | tok/s=23,725 | tokens=6.16B
step=188150 | loss=3.6262 | lr=9.65e-05 | wd=0.0000 | mom=0.9500 | T=9.8 k=4.0 (mu_rec=8 mu_bwd=4) | grad=5.438 | tok/s=24,165 | tokens=6.17B
step=188160 | loss=3.8738 | lr=9.68e-05 | wd=0.0000 | mom=0.9500 | T=7.0 k=4.0 (mu_rec=8 mu_bwd=4) | grad=3.578 | tok/s=23,641 | tokens=6.17B
step=188170 | loss=4.0333 | lr=9.70e-05 | wd=0.0000 | mom=0.9500 | T=10.2 k=3.8 (mu_rec=8 mu_bwd=4) | grad=4.312 | tok/s=24,248 | tokens=6.17B
step=188180 | loss=3.9589 | lr=9.73e-05 | wd=0.0000 | mom=0.9500 | T=11.2 k=4.0 (mu_rec=8 mu_bwd=4) | grad=4.906 | tok/s=22,773 | tokens=6.17B
step=188190 | loss=4.1006 | lr=9.75e-05 | wd=0.0000 | mom=0.9500 | T=13.2 k=4.0 (mu_rec=8 mu_bwd=4) | grad=7.344 | tok/s=24,753 | tokens=6.17B
step=188200 | loss=4.1365 | lr=9.77e-05 | wd=0.0000 | mom=0.9500 | T=9.2 k=4.0 (mu_rec=8 mu_bwd=4) | grad=4.969 | tok/s=22,646 | tokens=6.17B
step=188210 | loss=4.1012 | lr=9.80e-05 | wd=0.0000 | mom=0.9500 | T=8.0 k=2.8 (mu_rec=8 mu_bwd=4) | grad=7.906 | tok/s=22,739 | tokens=6.17B
step=188220 | loss=4.2703 | lr=9.82e-05 | wd=0.0000 | mom=0.9500 | T=10.5 k=3.8 (mu_rec=8 mu_bwd=4) | grad=5.094 | tok/s=24,892 | tokens=6.17B
step=188230 | loss=4.0029 | lr=9.85e-05 | wd=0.0000 | mom=0.9500 | T=8.8 k=3.8 (mu_rec=8 mu_bwd=4) | grad=3.453 | tok/s=24,378 | tokens=6.17B
step=188240 | loss=4.3981 | lr=9.87e-05 | wd=0.0000 | mom=0.9500 | T=10.8 k=4.0 (mu_rec=8 mu_bwd=4) | grad=4.281 | tok/s=23,030 | tokens=6.17B
step=188250 | loss=3.8208 | lr=9.89e-05 | wd=0.0000 | mom=0.9500 | T=9.2 k=4.0 (mu_rec=8 mu_bwd=4) | grad=3.359 | tok/s=23,607 | tokens=6.17B
step=188260 | loss=4.1951 | lr=9.92e-05 | wd=0.0000 | mom=0.9500 | T=11.5 k=3.8 (mu_rec=8 mu_bwd=4) | grad=3.938 | tok/s=24,112 | tokens=6.17B
step=188270 | loss=4.0610 | lr=9.94e-05 | wd=0.0000 | mom=0.9500 | T=4.5 k=3.2 (mu_rec=8 mu_bwd=4) | grad=4.938 | tok/s=24,778 | tokens=6.17B
step=188280 | loss=3.8653 | lr=9.97e-05 | wd=0.0000 | mom=0.9500 | T=14.8 k=3.8 (mu_rec=8 mu_bwd=4) | grad=5.500 | tok/s=21,463 | tokens=6.17B
step=188290 | loss=4.0172 | lr=9.99e-05 | wd=0.0000 | mom=0.9500 | T=7.2 k=3.8 (mu_rec=8 mu_bwd=4) | grad=3.656 | tok/s=25,266 | tokens=6.17B
step=188300 | loss=4.2101 | lr=1.00e-04 | wd=0.0000 | mom=0.9500 | T=4.0 k=2.8 (mu_rec=8 mu_bwd=4) | grad=5.625 | tok/s=25,729 | tokens=6.17B
step=188310 | loss=4.1023 | lr=1.00e-04 | wd=0.0000 | mom=0.9500 | T=9.5 k=4.0 (mu_rec=8 mu_bwd=4) | grad=3.859 | tok/s=24,289 | tokens=6.17B
step=188320 | loss=3.9163 | lr=1.01e-04 | wd=0.0000 | mom=0.9500 | T=9.0 k=4.0 (mu_rec=8 mu_bwd=4) | grad=4.844 | tok/s=24,412 | tokens=6.17B
step=188330 | loss=3.8744 | lr=1.01e-04 | wd=0.0000 | mom=0.9500 | T=9.0 k=4.0 (mu_rec=8 mu_bwd=4) | grad=3.891 | tok/s=23,295 | tokens=6.17B
step=188340 | loss=4.2148 | lr=1.01e-04 | wd=0.0000 | mom=0.9500 | T=6.5 k=3.2 (mu_rec=8 mu_bwd=4) | grad=3.547 | tok/s=23,995 | tokens=6.17B
step=188350 | loss=4.2515 | lr=1.01e-04 | wd=0.0000 | mom=0.9500 | T=9.8 k=4.0 (mu_rec=8 mu_bwd=4) | grad=5.812 | tok/s=23,942 | tokens=6.17B
step=188360 | loss=4.0317 | lr=1.02e-04 | wd=0.0000 | mom=0.9500 | T=6.8 k=4.0 (mu_rec=8 mu_bwd=4) | grad=4.219 | tok/s=22,344 | tokens=6.17B
step=188370 | loss=3.9092 | lr=1.02e-04 | wd=0.0000 | mom=0.9500 | T=14.0 k=4.0 (mu_rec=8 mu_bwd=4) | grad=3.906 | tok/s=23,719 | tokens=6.17B
step=188380 | loss=4.0806 | lr=1.02e-04 | wd=0.0000 | mom=0.9500 | T=7.8 k=3.8 (mu_rec=8 mu_bwd=4) | grad=3.750 | tok/s=24,477 | tokens=6.17B
step=188390 | loss=4.1032 | lr=1.02e-04 | wd=0.0000 | mom=0.9500 | T=7.2 k=4.0 (mu_rec=8 mu_bwd=4) | grad=3.672 | tok/s=24,482 | tokens=6.17B
step=188400 | loss=3.8817 | lr=1.03e-04 | wd=0.0000 | mom=0.9500 | T=7.2 k=3.8 (mu_rec=8 mu_bwd=4) | grad=3.953 | tok/s=23,392 | tokens=6.17B
step=188410 | loss=4.2087 | lr=1.03e-04 | wd=0.0000 | mom=0.9500 | T=6.5 k=4.0 (mu_rec=8 mu_bwd=4) | grad=4.188 | tok/s=23,217 | tokens=6.17B
step=188420 | loss=4.3794 | lr=1.03e-04 | wd=0.0000 | mom=0.9500 | T=3.5 k=3.0 (mu_rec=8 mu_bwd=4) | grad=4.844 | tok/s=24,935 | tokens=6.17B
step=188430 | loss=3.9478 | lr=1.03e-04 | wd=0.0000 | mom=0.9500 | T=7.2 k=4.0 (mu_rec=8 mu_bwd=4) | grad=4.188 | tok/s=23,844 | tokens=6.17B
step=188440 | loss=4.1436 | lr=1.04e-04 | wd=0.0000 | mom=0.9500 | T=11.5 k=4.0 (mu_rec=8 mu_bwd=4) | grad=4.750 | tok/s=25,375 | tokens=6.17B
step=188450 | loss=4.0161 | lr=1.04e-04 | wd=0.0000 | mom=0.9500 | T=9.0 k=4.0 (mu_rec=8 mu_bwd=4) | grad=8.750 | tok/s=23,576 | tokens=6.18B
step=188460 | loss=3.9830 | lr=1.04e-04 | wd=0.0000 | mom=0.9500 | T=13.2 k=4.0 (mu_rec=8 mu_bwd=4) | grad=5.062 | tok/s=23,072 | tokens=6.18B
step=188470 | loss=4.0644 | lr=1.04e-04 | wd=0.0000 | mom=0.9500 | T=6.2 k=4.0 (mu_rec=8 mu_bwd=4) | grad=5.875 | tok/s=23,240 | tokens=6.18B
step=188480 | loss=4.1445 | lr=1.05e-04 | wd=0.0000 | mom=0.9500 | T=5.8 k=4.0 (mu_rec=8 mu_bwd=4) | grad=4.781 | tok/s=23,655 | tokens=6.18B
step=188490 | loss=3.9734 | lr=1.05e-04 | wd=0.0000 | mom=0.9500 | T=6.2 k=3.5 (mu_rec=8 mu_bwd=4) | grad=7.188 | tok/s=22,953 | tokens=6.18B
step=188500 | loss=3.9601 | lr=1.05e-04 | wd=0.0000 | mom=0.9500 | T=13.0 k=4.0 (mu_rec=8 mu_bwd=4) | grad=3.297 | tok/s=22,341 | tokens=6.18B
step=188510 | loss=3.9076 | lr=1.05e-04 | wd=0.0000 | mom=0.9500 | T=6.0 k=3.2 (mu_rec=8 mu_bwd=4) | grad=5.594 | tok/s=24,556 | tokens=6.18B
step=188520 | loss=4.1036 | lr=1.06e-04 | wd=0.0000 | mom=0.9500 | T=9.2 k=4.0 (mu_rec=8 mu_bwd=4) | grad=5.000 | tok/s=22,951 | tokens=6.18B
step=188530 | loss=4.5465 | lr=1.06e-04 | wd=0.0000 | mom=0.9500 | T=9.2 k=4.0 (mu_rec=8 mu_bwd=4) | grad=4.969 | tok/s=23,824 | tokens=6.18B
step=188540 | loss=4.4605 | lr=1.06e-04 | wd=0.0000 | mom=0.9500 | T=4.0 k=3.0 (mu_rec=8 mu_bwd=4) | grad=4.656 | tok/s=23,940 | tokens=6.18B
step=188550 | loss=4.0988 | lr=1.06e-04 | wd=0.0000 | mom=0.9500 | T=14.0 k=4.0 (mu_rec=8 mu_bwd=4) | grad=6.281 | tok/s=22,848 | tokens=6.18B
step=188560 | loss=4.0475 | lr=1.07e-04 | wd=0.0000 | mom=0.9500 | T=5.0 k=3.2 (mu_rec=8 mu_bwd=4) | grad=3.969 | tok/s=24,977 | tokens=6.18B
step=188570 | loss=4.3915 | lr=1.07e-04 | wd=0.0000 | mom=0.9500 | T=5.8 k=3.0 (mu_rec=8 mu_bwd=4) | grad=8.188 | tok/s=24,388 | tokens=6.18B
step=188580 | loss=4.9456 | lr=1.07e-04 | wd=0.0000 | mom=0.9500 | T=5.2 k=4.0 (mu_rec=8 mu_bwd=4) | grad=6.188 | tok/s=9,926 | tokens=6.18B
step=188590 | loss=3.9991 | lr=1.07e-04 | wd=0.0000 | mom=0.9500 | T=5.0 k=3.8 (mu_rec=8 mu_bwd=4) | grad=8.250 | tok/s=22,932 | tokens=6.18B
step=188600 | loss=4.0243 | lr=1.08e-04 | wd=0.0000 | mom=0.9500 | T=8.0 k=3.0 (mu_rec=8 mu_bwd=4) | grad=4.312 | tok/s=23,435 | tokens=6.18B
step=188610 | loss=4.3409 | lr=1.08e-04 | wd=0.0000 | mom=0.9500 | T=8.5 k=3.8 (mu_rec=8 mu_bwd=4) | grad=3.734 | tok/s=23,602 | tokens=6.18B
step=188620 | loss=5.1689 | lr=1.08e-04 | wd=0.0000 | mom=0.9500 | T=7.2 k=4.0 (mu_rec=8 mu_bwd=4) | grad=6.219 | tok/s=22,599 | tokens=6.18B
step=188630 | loss=4.5880 | lr=1.08e-04 | wd=0.0000 | mom=0.9500 | T=8.0 k=3.2 (mu_rec=8 mu_bwd=4) | grad=8.188 | tok/s=23,546 | tokens=6.18B
step=188640 | loss=4.0292 | lr=1.09e-04 | wd=0.0000 | mom=0.9500 | T=5.0 k=3.0 (mu_rec=8 mu_bwd=4) | grad=4.188 | tok/s=23,207 | tokens=6.18B
step=188650 | loss=4.2312 | lr=1.09e-04 | wd=0.0000 | mom=0.9500 | T=6.0 k=3.0 (mu_rec=8 mu_bwd=4) | grad=4.438 | tok/s=24,381 | tokens=6.18B
step=188660 | loss=4.0182 | lr=1.09e-04 | wd=0.0000 | mom=0.9500 | T=8.8 k=4.0 (mu_rec=8 mu_bwd=4) | grad=4.375 | tok/s=23,520 | tokens=6.18B
step=188670 | loss=4.0719 | lr=1.09e-04 | wd=0.0000 | mom=0.9500 | T=6.8 k=3.0 (mu_rec=8 mu_bwd=4) | grad=4.156 | tok/s=25,248 | tokens=6.18B
step=188680 | loss=3.9598 | lr=1.10e-04 | wd=0.0000 | mom=0.9500 | T=6.8 k=4.0 (mu_rec=8 mu_bwd=4) | grad=3.625 | tok/s=23,310 | tokens=6.18B
step=188690 | loss=4.1550 | lr=1.10e-04 | wd=0.0000 | mom=0.9500 | T=12.5 k=4.0 (mu_rec=8 mu_bwd=4) | grad=3.344 | tok/s=24,392 | tokens=6.18B
step=188700 | loss=4.0354 | lr=1.10e-04 | wd=0.0000 | mom=0.9500 | T=7.0 k=4.0 (mu_rec=8 mu_bwd=4) | grad=4.469 | tok/s=23,257 | tokens=6.18B
step=188710 | loss=4.2100 | lr=1.10e-04 | wd=0.0000 | mom=0.9500 | T=4.5 k=3.8 (mu_rec=8 mu_bwd=4) | grad=13.062 | tok/s=23,468 | tokens=6.18B
step=188720 | loss=3.9564 | lr=1.11e-04 | wd=0.0000 | mom=0.9500 | T=7.0 k=4.0 (mu_rec=8 mu_bwd=4) | grad=4.094 | tok/s=24,761 | tokens=6.18B
step=188730 | loss=4.2983 | lr=1.11e-04 | wd=0.0000 | mom=0.9500 | T=8.0 k=4.0 (mu_rec=8 mu_bwd=4) | grad=6.938 | tok/s=23,387 | tokens=6.18B
step=188740 | loss=3.8110 | lr=1.11e-04 | wd=0.0000 | mom=0.9500 | T=8.0 k=4.0 (mu_rec=8 mu_bwd=4) | grad=7.094 | tok/s=25,225 | tokens=6.18B
step=188750 | loss=3.9045 | lr=1.11e-04 | wd=0.0000 | mom=0.9500 | T=6.5 k=3.5 (mu_rec=8 mu_bwd=4) | grad=17.125 | tok/s=23,448 | tokens=6.18B
step=188760 | loss=3.9605 | lr=1.12e-04 | wd=0.0000 | mom=0.9500 | T=8.0 k=3.8 (mu_rec=8 mu_bwd=4) | grad=6.000 | tok/s=24,985 | tokens=6.19B
step=188770 | loss=4.0927 | lr=1.12e-04 | wd=0.0000 | mom=0.9500 | T=6.8 k=3.2 (mu_rec=8 mu_bwd=4) | grad=4.844 | tok/s=24,313 | tokens=6.19B
step=188780 | loss=3.9529 | lr=1.12e-04 | wd=0.0000 | mom=0.9500 | T=12.2 k=4.0 (mu_rec=8 mu_bwd=4) | grad=7.438 | tok/s=25,034 | tokens=6.19B
step=188790 | loss=3.9785 | lr=1.12e-04 | wd=0.0000 | mom=0.9500 | T=5.8 k=3.2 (mu_rec=8 mu_bwd=4) | grad=5.188 | tok/s=22,610 | tokens=6.19B
step=188800 | loss=4.9694 | lr=1.13e-04 | wd=0.0000 | mom=0.9500 | T=9.5 k=3.8 (mu_rec=8 mu_bwd=4) | grad=4.344 | tok/s=22,630 | tokens=6.19B
step=188810 | loss=4.2172 | lr=1.13e-04 | wd=0.0000 | mom=0.9500 | T=8.8 k=2.8 (mu_rec=8 mu_bwd=4) | grad=4.031 | tok/s=23,238 | tokens=6.19B
step=188820 | loss=4.1313 | lr=1.13e-04 | wd=0.0000 | mom=0.9500 | T=9.0 k=3.8 (mu_rec=8 mu_bwd=4) | grad=4.094 | tok/s=22,842 | tokens=6.19B
step=188830 | loss=3.7612 | lr=1.13e-04 | wd=0.0000 | mom=0.9500 | T=6.0 k=3.8 (mu_rec=8 mu_bwd=4) | grad=6.969 | tok/s=24,482 | tokens=6.19B
step=188840 | loss=4.1451 | lr=1.14e-04 | wd=0.0000 | mom=0.9500 | T=7.0 k=4.0 (mu_rec=8 mu_bwd=4) | grad=3.828 | tok/s=23,760 | tokens=6.19B
step=188850 | loss=4.0674 | lr=1.14e-04 | wd=0.0000 | mom=0.9500 | T=7.5 k=3.2 (mu_rec=8 mu_bwd=4) | grad=3.531 | tok/s=23,914 | tokens=6.19B
step=188860 | loss=4.0309 | lr=1.14e-04 | wd=0.0000 | mom=0.9500 | T=8.2 k=3.0 (mu_rec=8 mu_bwd=4) | grad=10.688 | tok/s=22,106 | tokens=6.19B
step=188870 | loss=3.8689 | lr=1.14e-04 | wd=0.0000 | mom=0.9500 | T=8.2 k=4.0 (mu_rec=8 mu_bwd=4) | grad=3.375 | tok/s=23,412 | tokens=6.19B
step=188880 | loss=3.9245 | lr=1.15e-04 | wd=0.0000 | mom=0.9500 | T=5.0 k=3.8 (mu_rec=8 mu_bwd=4) | grad=3.859 | tok/s=24,273 | tokens=6.19B
step=188890 | loss=4.1024 | lr=1.15e-04 | wd=0.0000 | mom=0.9500 | T=5.8 k=3.5 (mu_rec=8 mu_bwd=4) | grad=3.969 | tok/s=23,456 | tokens=6.19B
step=188900 | loss=4.1129 | lr=1.15e-04 | wd=0.0000 | mom=0.9500 | T=5.5 k=3.5 (mu_rec=8 mu_bwd=4) | grad=3.625 | tok/s=23,669 | tokens=6.19B
step=188910 | loss=3.8481 | lr=1.16e-04 | wd=0.0000 | mom=0.9500 | T=6.5 k=4.0 (mu_rec=8 mu_bwd=4) | grad=4.062 | tok/s=23,666 | tokens=6.19B
step=188920 | loss=4.1435 | lr=1.16e-04 | wd=0.0000 | mom=0.9500 | T=10.0 k=4.0 (mu_rec=8 mu_bwd=4) | grad=3.750 | tok/s=23,275 | tokens=6.19B
step=188930 | loss=4.0714 | lr=1.16e-04 | wd=0.0000 | mom=0.9500 | T=7.8 k=3.5 (mu_rec=8 mu_bwd=4) | grad=4.906 | tok/s=24,057 | tokens=6.19B
step=188940 | loss=4.0001 | lr=1.16e-04 | wd=0.0000 | mom=0.9500 | T=4.8 k=3.5 (mu_rec=8 mu_bwd=4) | grad=3.234 | tok/s=24,234 | tokens=6.19Bwandb: updating run metadata
wandb: uploading output.log; uploading wandb-summary.json; uploading config.yaml
wandb: 
wandb: Run history:
wandb: lti/contraction_factor ▁▁▁▁▁▁▁▁▁▁▁▁▁▁▁█████████████████████████
wandb:      lti/spectral_norm █████████████████▁▁█████████████████████
wandb:        train/grad_norm ▃▃█▅▁▇▂▄▂▂▂▄▃▂▂▂▂▃█▂▂▃▅▂▂▂▄▂▂▄▁▁▂▄█▄▅▃▄▃
wandb:             train/loss ▄▃▄▆▄▂▃▆▄▂▅▃▃▁▅▆▃▆▄▃█▃▄▂▃▄▃▅▃▄▇▁▄▄▄▄▅▃▄▃
wandb:               train/lr ▁▁▂▂▂▃▃▃▃▄▄▅▅▇▇▇████████▇▆▆▅▂▂▂▁▁▁▁▂▃▃▃▄
wandb:           train/mean_T ▂▆▃█▃▄▅▆▁▄▁▂▄▁▅▄▄▃▅▆▄▃▅▅▄▃▅▂▄▃▃▄▁▇▅▃▂▅▄▄
wandb:           train/mean_k █▆▃█▅▅▃████▅▆▃█▃▃██████▁▁▅▆██▅███▃███▅▅▅
wandb:         train/momentum ▁▁▁▁▁▁▁▁▁▁▁▁▁▁▁▁▁▁▁▁▁▁▁▁▁▁▁▁▁▁▁▁▁▁▁▁▁▁▁▁
wandb:           train/mu_bwd ▁▁▁▁▁▁▁▁▁▁▁▁▁▁▁▁▁▁▁▁▁▁▁▁▁▁▁▁▁▁▁▁▁▁▁▁▁▁▁▁
wandb:           train/mu_rec ▁▁▁▁▁▁▁▁▁▁▁▁▁▁▁▁▁▁▁▁▁▁▁▁▁▁▁▁▁▁▁▁▁▁▁▁▁▁▁▁
wandb:                     +6 ...
wandb: 
wandb: Run summary:
wandb: lti/contraction_factor 0.42773
wandb:      lti/spectral_norm 0.4707
wandb:        train/grad_norm 6.9375
wandb:             train/loss 3.89385
wandb:               train/lr 0.00016
wandb:           train/mean_T 8.25
wandb:           train/mean_k 3.5
wandb:         train/momentum 0.95
wandb:           train/mu_bwd 4
wandb:           train/mu_rec 8
wandb:                     +6 ...
wandb: 
wandb: 🚀 View run cortex-5b-k4 at: https://wandb.ai/henryyjiang42-georgia-institute-of-technology/cortex-gpt/runs/sn0xdwrj
wandb: ⭐️ View project at: https://wandb.ai/henryyjiang42-georgia-institute-of-technology/cortex-gpt
wandb: Synced 5 W&B file(s), 0 media file(s), 0 artifact file(s) and 0 other file(s)
wandb: Find logs at: runs/cortex-5b-k4/wandb/run-20260625_122756-sn0xdwrj/logs

step=188950 | loss=4.2747 | lr=1.17e-04 | wd=0.0000 | mom=0.9500 | T=8.2 k=3.2 (mu_rec=8 mu_bwd=4) | grad=4.156 | tok/s=23,985 | tokens=6.19B
step=188960 | loss=3.9231 | lr=1.17e-04 | wd=0.0000 | mom=0.9500 | T=3.2 k=2.8 (mu_rec=8 mu_bwd=4) | grad=4.125 | tok/s=23,584 | tokens=6.19B
step=188970 | loss=4.1630 | lr=1.17e-04 | wd=0.0000 | mom=0.9500 | T=4.2 k=3.8 (mu_rec=8 mu_bwd=4) | grad=3.219 | tok/s=23,991 | tokens=6.19B
step=188980 | loss=4.0156 | lr=1.17e-04 | wd=0.0000 | mom=0.9500 | T=7.0 k=4.0 (mu_rec=8 mu_bwd=4) | grad=3.828 | tok/s=23,270 | tokens=6.19B
step=188990 | loss=3.5384 | lr=1.18e-04 | wd=0.0000 | mom=0.9500 | T=7.2 k=3.8 (mu_rec=8 mu_bwd=4) | grad=3.625 | tok/s=22,679 | tokens=6.19B
step=189000 | loss=4.1709 | lr=1.18e-04 | wd=0.0000 | mom=0.9500 | T=8.2 k=3.5 (mu_rec=8 mu_bwd=4) | grad=6.750 | tok/s=10,465 | tokens=6.19B
step=189010 | loss=3.9150 | lr=1.18e-04 | wd=0.0000 | mom=0.9500 | T=12.5 k=4.0 (mu_rec=8 mu_bwd=4) | grad=4.344 | tok/s=22,579 | tokens=6.19B
step=189020 | loss=3.9230 | lr=1.18e-04 | wd=0.0000 | mom=0.9500 | T=6.0 k=3.8 (mu_rec=8 mu_bwd=4) | grad=4.875 | tok/s=25,771 | tokens=6.19B
step=189030 | loss=4.1859 | lr=1.19e-04 | wd=0.0000 | mom=0.9500 | T=6.8 k=3.2 (mu_rec=8 mu_bwd=4) | grad=7.750 | tok/s=23,253 | tokens=6.19B
step=189040 | loss=3.9479 | lr=1.19e-04 | wd=0.0000 | mom=0.9500 | T=5.5 k=3.5 (mu_rec=8 mu_bwd=4) | grad=4.875 | tok/s=24,483 | tokens=6.19B
step=189050 | loss=4.0095 | lr=1.19e-04 | wd=0.0000 | mom=0.9500 | T=7.5 k=4.0 (mu_rec=8 mu_bwd=4) | grad=5.750 | tok/s=22,534 | tokens=6.19B
step=189060 | loss=4.1926 | lr=1.19e-04 | wd=0.0000 | mom=0.9500 | T=5.5 k=4.0 (mu_rec=8 mu_bwd=4) | grad=4.906 | tok/s=24,348 | tokens=6.20B
step=189070 | loss=3.9129 | lr=1.20e-04 | wd=0.0000 | mom=0.9500 | T=10.2 k=4.0 (mu_rec=8 mu_bwd=4) | grad=4.250 | tok/s=23,472 | tokens=6.20B
step=189080 | loss=3.9925 | lr=1.20e-04 | wd=0.0000 | mom=0.9500 | T=9.8 k=3.5 (mu_rec=8 mu_bwd=4) | grad=4.312 | tok/s=24,421 | tokens=6.20B
step=189090 | loss=3.8285 | lr=1.20e-04 | wd=0.0000 | mom=0.9500 | T=9.8 k=4.0 (mu_rec=8 mu_bwd=4) | grad=3.703 | tok/s=23,114 | tokens=6.20B
step=189100 | loss=3.8028 | lr=1.20e-04 | wd=0.0000 | mom=0.9500 | T=7.2 k=3.8 (mu_rec=8 mu_bwd=4) | grad=4.281 | tok/s=23,428 | tokens=6.20B
step=189110 | loss=3.9222 | lr=1.21e-04 | wd=0.0000 | mom=0.9500 | T=8.2 k=4.0 (mu_rec=8 mu_bwd=4) | grad=7.594 | tok/s=23,769 | tokens=6.20B
step=189120 | loss=3.7238 | lr=1.21e-04 | wd=0.0000 | mom=0.9500 | T=4.0 k=3.2 (mu_rec=8 mu_bwd=4) | grad=5.344 | tok/s=24,518 | tokens=6.20B
step=189130 | loss=3.9290 | lr=1.21e-04 | wd=0.0000 | mom=0.9500 | T=10.2 k=4.0 (mu_rec=8 mu_bwd=4) | grad=4.750 | tok/s=22,436 | tokens=6.20B
step=189140 | loss=4.2655 | lr=1.22e-04 | wd=0.0000 | mom=0.9500 | T=7.0 k=4.0 (mu_rec=8 mu_bwd=4) | grad=5.750 | tok/s=23,379 | tokens=6.20B
step=189150 | loss=4.1889 | lr=1.22e-04 | wd=0.0000 | mom=0.9500 | T=6.5 k=3.0 (mu_rec=8 mu_bwd=4) | grad=3.719 | tok/s=24,947 | tokens=6.20B
step=189160 | loss=3.9849 | lr=1.22e-04 | wd=0.0000 | mom=0.9500 | T=5.0 k=3.2 (mu_rec=8 mu_bwd=4) | grad=6.375 | tok/s=24,128 | tokens=6.20B
step=189170 | loss=3.9025 | lr=1.22e-04 | wd=0.0000 | mom=0.9500 | T=5.8 k=3.5 (mu_rec=8 mu_bwd=4) | grad=3.703 | tok/s=25,265 | tokens=6.20B
step=189180 | loss=4.0336 | lr=1.23e-04 | wd=0.0000 | mom=0.9500 | T=6.5 k=3.5 (mu_rec=8 mu_bwd=4) | grad=8.500 | tok/s=24,557 | tokens=6.20B
step=189190 | loss=3.9169 | lr=1.23e-04 | wd=0.0000 | mom=0.9500 | T=10.0 k=4.0 (mu_rec=8 mu_bwd=4) | grad=3.766 | tok/s=21,875 | tokens=6.20B
step=189200 | loss=4.3577 | lr=1.23e-04 | wd=0.0000 | mom=0.9500 | T=4.0 k=2.5 (mu_rec=8 mu_bwd=4) | grad=11.062 | tok/s=25,122 | tokens=6.20B
step=189210 | loss=4.0060 | lr=1.23e-04 | wd=0.0000 | mom=0.9500 | T=6.8 k=3.2 (mu_rec=8 mu_bwd=4) | grad=4.844 | tok/s=24,031 | tokens=6.20B
step=189220 | loss=3.7800 | lr=1.24e-04 | wd=0.0000 | mom=0.9500 | T=10.2 k=3.8 (mu_rec=8 mu_bwd=4) | grad=4.062 | tok/s=23,031 | tokens=6.20B
step=189230 | loss=4.0252 | lr=1.24e-04 | wd=0.0000 | mom=0.9500 | T=6.8 k=4.0 (mu_rec=8 mu_bwd=4) | grad=15.938 | tok/s=24,570 | tokens=6.20B
step=189240 | loss=4.1604 | lr=1.24e-04 | wd=0.0000 | mom=0.9500 | T=6.8 k=4.0 (mu_rec=8 mu_bwd=4) | grad=6.031 | tok/s=24,025 | tokens=6.20B
step=189250 | loss=4.1678 | lr=1.24e-04 | wd=0.0000 | mom=0.9500 | T=6.0 k=3.5 (mu_rec=8 mu_bwd=4) | grad=4.969 | tok/s=23,408 | tokens=6.20B
step=189260 | loss=4.0745 | lr=1.25e-04 | wd=0.0000 | mom=0.9500 | T=8.5 k=3.8 (mu_rec=8 mu_bwd=4) | grad=4.625 | tok/s=22,643 | tokens=6.20B
step=189270 | loss=4.0002 | lr=1.25e-04 | wd=0.0000 | mom=0.9500 | T=4.5 k=2.8 (mu_rec=8 mu_bwd=4) | grad=8.625 | tok/s=24,184 | tokens=6.20B
step=189280 | loss=3.9007 | lr=1.25e-04 | wd=0.0000 | mom=0.9500 | T=2.8 k=2.5 (mu_rec=8 mu_bwd=4) | grad=7.500 | tok/s=24,166 | tokens=6.20B
step=189290 | loss=3.9025 | lr=1.25e-04 | wd=0.0000 | mom=0.9500 | T=10.2 k=4.0 (mu_rec=8 mu_bwd=4) | grad=5.500 | tok/s=22,784 | tokens=6.20B
step=189300 | loss=3.7144 | lr=1.26e-04 | wd=0.0000 | mom=0.9500 | T=11.0 k=4.0 (mu_rec=8 mu_bwd=4) | grad=7.531 | tok/s=24,819 | tokens=6.20B
step=189310 | loss=4.2652 | lr=1.26e-04 | wd=0.0000 | mom=0.9500 | T=10.8 k=3.2 (mu_rec=8 mu_bwd=4) | grad=3.969 | tok/s=21,654 | tokens=6.20B
step=189320 | loss=4.0543 | lr=1.26e-04 | wd=0.0000 | mom=0.9500 | T=8.2 k=3.8 (mu_rec=8 mu_bwd=4) | grad=5.594 | tok/s=22,729 | tokens=6.20B
step=189330 | loss=4.0155 | lr=1.27e-04 | wd=0.0000 | mom=0.9500 | T=9.2 k=4.0 (mu_rec=8 mu_bwd=4) | grad=3.703 | tok/s=24,398 | tokens=6.20B
step=189340 | loss=3.8923 | lr=1.27e-04 | wd=0.0000 | mom=0.9500 | T=8.0 k=3.0 (mu_rec=8 mu_bwd=4) | grad=5.781 | tok/s=25,860 | tokens=6.20B
step=189350 | loss=4.3405 | lr=1.27e-04 | wd=0.0000 | mom=0.9500 | T=14.5 k=4.0 (mu_rec=8 mu_bwd=4) | grad=3.734 | tok/s=23,789 | tokens=6.20B
step=189360 | loss=4.3036 | lr=1.27e-04 | wd=0.0000 | mom=0.9500 | T=11.5 k=3.8 (mu_rec=8 mu_bwd=4) | grad=5.656 | tok/s=22,241 | tokens=6.20B
step=189370 | loss=3.9403 | lr=1.28e-04 | wd=0.0000 | mom=0.9500 | T=6.0 k=4.0 (mu_rec=8 mu_bwd=4) | grad=4.719 | tok/s=22,985 | tokens=6.21B
step=189380 | loss=3.8368 | lr=1.28e-04 | wd=0.0000 | mom=0.9500 | T=12.8 k=4.0 (mu_rec=8 mu_bwd=4) | grad=4.406 | tok/s=25,104 | tokens=6.21B
step=189390 | loss=4.0423 | lr=1.28e-04 | wd=0.0000 | mom=0.9500 | T=8.5 k=4.0 (mu_rec=8 mu_bwd=4) | grad=4.375 | tok/s=24,762 | tokens=6.21B
step=189400 | loss=4.0688 | lr=1.28e-04 | wd=0.0000 | mom=0.9500 | T=8.5 k=4.0 (mu_rec=8 mu_bwd=4) | grad=4.812 | tok/s=23,107 | tokens=6.21B
step=189410 | loss=4.0491 | lr=1.29e-04 | wd=0.0000 | mom=0.9500 | T=4.2 k=3.2 (mu_rec=8 mu_bwd=4) | grad=4.562 | tok/s=23,856 | tokens=6.21B
step=189420 | loss=3.8855 | lr=1.29e-04 | wd=0.0000 | mom=0.9500 | T=9.5 k=4.0 (mu_rec=8 mu_bwd=4) | grad=3.656 | tok/s=22,869 | tokens=6.21B
step=189430 | loss=4.2686 | lr=1.29e-04 | wd=0.0000 | mom=0.9500 | T=9.5 k=3.2 (mu_rec=8 mu_bwd=4) | grad=9.062 | tok/s=23,506 | tokens=6.21B
step=189440 | loss=4.3896 | lr=1.29e-04 | wd=0.0000 | mom=0.9500 | T=7.0 k=4.0 (mu_rec=8 mu_bwd=4) | grad=4.844 | tok/s=25,397 | tokens=6.21B
step=189450 | loss=3.9538 | lr=1.30e-04 | wd=0.0000 | mom=0.9500 | T=6.8 k=4.0 (mu_rec=8 mu_bwd=4) | grad=5.219 | tok/s=23,922 | tokens=6.21B
step=189460 | loss=3.7428 | lr=1.30e-04 | wd=0.0000 | mom=0.9500 | T=6.2 k=3.8 (mu_rec=8 mu_bwd=4) | grad=5.500 | tok/s=24,329 | tokens=6.21B
step=189470 | loss=4.0261 | lr=1.30e-04 | wd=0.0000 | mom=0.9500 | T=7.5 k=3.2 (mu_rec=8 mu_bwd=4) | grad=6.406 | tok/s=23,935 | tokens=6.21B
step=189480 | loss=3.6451 | lr=1.31e-04 | wd=0.0000 | mom=0.9500 | T=8.8 k=4.0 (mu_rec=8 mu_bwd=4) | grad=4.188 | tok/s=10,298 | tokens=6.21B
step=189490 | loss=3.9331 | lr=1.31e-04 | wd=0.0000 | mom=0.9500 | T=9.0 k=4.0 (mu_rec=8 mu_bwd=4) | grad=4.938 | tok/s=25,832 | tokens=6.21B
step=189500 | loss=4.0865 | lr=1.31e-04 | wd=0.0000 | mom=0.9500 | T=6.5 k=3.8 (mu_rec=8 mu_bwd=4) | grad=3.531 | tok/s=23,859 | tokens=6.21B
step=189510 | loss=4.0711 | lr=1.31e-04 | wd=0.0000 | mom=0.9500 | T=6.5 k=3.5 (mu_rec=8 mu_bwd=4) | grad=4.312 | tok/s=23,102 | tokens=6.21B
step=189520 | loss=3.9263 | lr=1.32e-04 | wd=0.0000 | mom=0.9500 | T=8.2 k=3.5 (mu_rec=8 mu_bwd=4) | grad=4.625 | tok/s=25,385 | tokens=6.21B
step=189530 | loss=4.0970 | lr=1.32e-04 | wd=0.0000 | mom=0.9500 | T=7.0 k=4.0 (mu_rec=8 mu_bwd=4) | grad=6.094 | tok/s=23,269 | tokens=6.21B
step=189540 | loss=4.0925 | lr=1.32e-04 | wd=0.0000 | mom=0.9500 | T=10.2 k=4.0 (mu_rec=8 mu_bwd=4) | grad=8.062 | tok/s=23,150 | tokens=6.21B
step=189550 | loss=3.9359 | lr=1.32e-04 | wd=0.0000 | mom=0.9500 | T=8.5 k=4.0 (mu_rec=8 mu_bwd=4) | grad=3.719 | tok/s=23,270 | tokens=6.21B
step=189560 | loss=3.9399 | lr=1.33e-04 | wd=0.0000 | mom=0.9500 | T=8.5 k=4.0 (mu_rec=8 mu_bwd=4) | grad=3.938 | tok/s=24,722 | tokens=6.21B
step=189570 | loss=3.5168 | lr=1.33e-04 | wd=0.0000 | mom=0.9500 | T=9.2 k=4.0 (mu_rec=8 mu_bwd=4) | grad=6.125 | tok/s=22,485 | tokens=6.21B
step=189580 | loss=4.0794 | lr=1.33e-04 | wd=0.0000 | mom=0.9500 | T=12.2 k=4.0 (mu_rec=8 mu_bwd=4) | grad=26.500 | tok/s=23,138 | tokens=6.21B
step=189590 | loss=4.5274 | lr=1.34e-04 | wd=0.0000 | mom=0.9500 | T=6.8 k=4.0 (mu_rec=8 mu_bwd=4) | grad=6.500 | tok/s=23,294 | tokens=6.21B
step=189600 | loss=3.9542 | lr=1.34e-04 | wd=0.0000 | mom=0.9500 | T=5.5 k=3.8 (mu_rec=8 mu_bwd=4) | grad=5.938 | tok/s=25,633 | tokens=6.21B
step=189610 | loss=4.0820 | lr=1.34e-04 | wd=0.0000 | mom=0.9500 | T=9.5 k=3.2 (mu_rec=8 mu_bwd=4) | grad=3.969 | tok/s=27,725 | tokens=6.21B
step=189620 | loss=4.1053 | lr=1.34e-04 | wd=0.0000 | mom=0.9500 | T=8.8 k=3.8 (mu_rec=8 mu_bwd=4) | grad=4.500 | tok/s=23,736 | tokens=6.21B
step=189630 | loss=4.0369 | lr=1.35e-04 | wd=0.0000 | mom=0.9500 | T=7.2 k=4.0 (mu_rec=8 mu_bwd=4) | grad=5.781 | tok/s=22,803 | tokens=6.21B
step=189640 | loss=4.1162 | lr=1.35e-04 | wd=0.0000 | mom=0.9500 | T=10.0 k=4.0 (mu_rec=8 mu_bwd=4) | grad=5.312 | tok/s=22,124 | tokens=6.21B
step=189650 | loss=4.1714 | lr=1.35e-04 | wd=0.0000 | mom=0.9500 | T=12.5 k=4.0 (mu_rec=8 mu_bwd=4) | grad=4.250 | tok/s=24,191 | tokens=6.21B
step=189660 | loss=3.9567 | lr=1.35e-04 | wd=0.0000 | mom=0.9500 | T=12.2 k=4.0 (mu_rec=8 mu_bwd=4) | grad=3.625 | tok/s=25,736 | tokens=6.21B
step=189670 | loss=4.0272 | lr=1.36e-04 | wd=0.0000 | mom=0.9500 | T=8.5 k=4.0 (mu_rec=8 mu_bwd=4) | grad=5.812 | tok/s=23,846 | tokens=6.22B
step=189680 | loss=4.6766 | lr=1.36e-04 | wd=0.0000 | mom=0.9500 | T=5.2 k=3.5 (mu_rec=8 mu_bwd=4) | grad=3.750 | tok/s=23,604 | tokens=6.22B
step=189690 | loss=3.9554 | lr=1.36e-04 | wd=0.0000 | mom=0.9500 | T=10.5 k=4.0 (mu_rec=8 mu_bwd=4) | grad=3.844 | tok/s=22,702 | tokens=6.22B
step=189700 | loss=4.4798 | lr=1.37e-04 | wd=0.0000 | mom=0.9500 | T=8.0 k=3.5 (mu_rec=8 mu_bwd=4) | grad=4.188 | tok/s=22,696 | tokens=6.22B
step=189710 | loss=3.9683 | lr=1.37e-04 | wd=0.0000 | mom=0.9500 | T=6.2 k=3.2 (mu_rec=8 mu_bwd=4) | grad=5.219 | tok/s=24,495 | tokens=6.22B
step=189720 | loss=4.0675 | lr=1.37e-04 | wd=0.0000 | mom=0.9500 | T=5.0 k=3.2 (mu_rec=8 mu_bwd=4) | grad=4.469 | tok/s=22,982 | tokens=6.22B
step=189730 | loss=3.7801 | lr=1.37e-04 | wd=0.0000 | mom=0.9500 | T=9.8 k=3.5 (mu_rec=8 mu_bwd=4) | grad=5.531 | tok/s=23,150 | tokens=6.22B
step=189740 | loss=4.2803 | lr=1.38e-04 | wd=0.0000 | mom=0.9500 | T=7.5 k=4.0 (mu_rec=8 mu_bwd=4) | grad=4.625 | tok/s=22,567 | tokens=6.22B
step=189750 | loss=4.2479 | lr=1.38e-04 | wd=0.0000 | mom=0.9500 | T=10.8 k=4.0 (mu_rec=8 mu_bwd=4) | grad=4.688 | tok/s=24,557 | tokens=6.22B
step=189760 | loss=3.9990 | lr=1.38e-04 | wd=0.0000 | mom=0.9500 | T=6.5 k=4.0 (mu_rec=8 mu_bwd=4) | grad=5.250 | tok/s=23,646 | tokens=6.22B
step=189770 | loss=3.9091 | lr=1.38e-04 | wd=0.0000 | mom=0.9500 | T=10.0 k=4.0 (mu_rec=8 mu_bwd=4) | grad=3.625 | tok/s=24,765 | tokens=6.22B
step=189780 | loss=4.0988 | lr=1.39e-04 | wd=0.0000 | mom=0.9500 | T=6.5 k=3.5 (mu_rec=8 mu_bwd=4) | grad=4.750 | tok/s=23,489 | tokens=6.22B
step=189790 | loss=4.0022 | lr=1.39e-04 | wd=0.0000 | mom=0.9500 | T=7.5 k=4.0 (mu_rec=8 mu_bwd=4) | grad=5.906 | tok/s=24,308 | tokens=6.22B
step=189800 | loss=4.0889 | lr=1.39e-04 | wd=0.0000 | mom=0.9500 | T=6.0 k=4.0 (mu_rec=8 mu_bwd=4) | grad=3.859 | tok/s=23,636 | tokens=6.22B
step=189810 | loss=4.1777 | lr=1.39e-04 | wd=0.0000 | mom=0.9500 | T=12.5 k=4.0 (mu_rec=8 mu_bwd=4) | grad=3.719 | tok/s=24,856 | tokens=6.22B
step=189820 | loss=3.8105 | lr=1.40e-04 | wd=0.0000 | mom=0.9500 | T=6.8 k=3.5 (mu_rec=8 mu_bwd=4) | grad=3.625 | tok/s=25,825 | tokens=6.22B
step=189830 | loss=4.2266 | lr=1.40e-04 | wd=0.0000 | mom=0.9500 | T=10.5 k=4.0 (mu_rec=8 mu_bwd=4) | grad=8.188 | tok/s=24,708 | tokens=6.22B
step=189840 | loss=4.9423 | lr=1.40e-04 | wd=0.0000 | mom=0.9500 | T=10.2 k=4.0 (mu_rec=8 mu_bwd=4) | grad=4.594 | tok/s=25,272 | tokens=6.22B
step=189850 | loss=3.9923 | lr=1.41e-04 | wd=0.0000 | mom=0.9500 | T=7.5 k=3.8 (mu_rec=8 mu_bwd=4) | grad=4.469 | tok/s=26,352 | tokens=6.22B
step=189860 | loss=4.0590 | lr=1.41e-04 | wd=0.0000 | mom=0.9500 | T=10.0 k=3.5 (mu_rec=8 mu_bwd=4) | grad=5.812 | tok/s=23,728 | tokens=6.22B
step=189870 | loss=3.8018 | lr=1.41e-04 | wd=0.0000 | mom=0.9500 | T=7.8 k=3.5 (mu_rec=8 mu_bwd=4) | grad=7.125 | tok/s=9,938 | tokens=6.22B
step=189880 | loss=3.9768 | lr=1.41e-04 | wd=0.0000 | mom=0.9500 | T=6.2 k=3.8 (mu_rec=8 mu_bwd=4) | grad=5.781 | tok/s=24,180 | tokens=6.22B
step=189890 | loss=4.0536 | lr=1.42e-04 | wd=0.0000 | mom=0.9500 | T=9.8 k=4.0 (mu_rec=8 mu_bwd=4) | grad=4.500 | tok/s=24,559 | tokens=6.22B
step=189900 | loss=4.2812 | lr=1.42e-04 | wd=0.0000 | mom=0.9500 | T=9.8 k=4.0 (mu_rec=8 mu_bwd=4) | grad=6.406 | tok/s=25,347 | tokens=6.22B
step=189910 | loss=4.0172 | lr=1.42e-04 | wd=0.0000 | mom=0.9500 | T=6.0 k=4.0 (mu_rec=8 mu_bwd=4) | grad=5.906 | tok/s=22,592 | tokens=6.22B
step=189920 | loss=4.2530 | lr=1.43e-04 | wd=0.0000 | mom=0.9500 | T=4.5 k=3.2 (mu_rec=8 mu_bwd=4) | grad=4.469 | tok/s=24,823 | tokens=6.22B
step=189930 | loss=3.4686 | lr=1.43e-04 | wd=0.0000 | mom=0.9500 | T=8.5 k=4.0 (mu_rec=8 mu_bwd=4) | grad=4.219 | tok/s=23,991 | tokens=6.22B
step=189940 | loss=4.3080 | lr=1.43e-04 | wd=0.0000 | mom=0.9500 | T=8.0 k=3.8 (mu_rec=8 mu_bwd=4) | grad=4.969 | tok/s=22,995 | tokens=6.22B
step=189950 | loss=4.8287 | lr=1.43e-04 | wd=0.0000 | mom=0.9500 | T=6.8 k=3.5 (mu_rec=8 mu_bwd=4) | grad=6.531 | tok/s=23,384 | tokens=6.22B
step=189960 | loss=4.0747 | lr=1.44e-04 | wd=0.0000 | mom=0.9500 | T=3.8 k=3.2 (mu_rec=8 mu_bwd=4) | grad=4.375 | tok/s=22,810 | tokens=6.22B
step=189970 | loss=3.9387 | lr=1.44e-04 | wd=0.0000 | mom=0.9500 | T=10.5 k=3.5 (mu_rec=8 mu_bwd=4) | grad=3.969 | tok/s=22,925 | tokens=6.22B
step=189980 | loss=4.2353 | lr=1.44e-04 | wd=0.0000 | mom=0.9500 | T=8.2 k=3.8 (mu_rec=8 mu_bwd=4) | grad=5.812 | tok/s=24,713 | tokens=6.23B
step=189990 | loss=4.4893 | lr=1.44e-04 | wd=0.0000 | mom=0.9500 | T=10.0 k=4.0 (mu_rec=8 mu_bwd=4) | grad=4.438 | tok/s=23,327 | tokens=6.23B
step=190000 | loss=4.0515 | lr=1.45e-04 | wd=0.0000 | mom=0.9500 | T=4.5 k=3.2 (mu_rec=8 mu_bwd=4) | grad=4.531 | tok/s=24,159 | tokens=6.23B
[step 190000] Saved -> runs/cortex-5b-k4/checkpoint_0190000
[step 190000] Pruned -> runs/cortex-5b-k4/checkpoint_0184000
step=190010 | loss=4.1402 | lr=1.45e-04 | wd=0.0000 | mom=0.9500 | T=9.5 k=4.0 (mu_rec=8 mu_bwd=4) | grad=4.156 | tok/s=23,266 | tokens=6.23B
step=190020 | loss=4.0336 | lr=1.45e-04 | wd=0.0000 | mom=0.9500 | T=7.2 k=3.5 (mu_rec=8 mu_bwd=4) | grad=5.000 | tok/s=21,999 | tokens=6.23B
step=190030 | loss=3.8840 | lr=1.46e-04 | wd=0.0000 | mom=0.9500 | T=5.2 k=3.8 (mu_rec=8 mu_bwd=4) | grad=4.406 | tok/s=23,426 | tokens=6.23B
step=190040 | loss=3.8211 | lr=1.46e-04 | wd=0.0000 | mom=0.9500 | T=7.0 k=4.0 (mu_rec=8 mu_bwd=4) | grad=4.750 | tok/s=22,945 | tokens=6.23B
step=190050 | loss=3.7888 | lr=1.46e-04 | wd=0.0000 | mom=0.9500 | T=7.0 k=4.0 (mu_rec=8 mu_bwd=4) | grad=3.484 | tok/s=24,437 | tokens=6.23B
step=190060 | loss=3.9198 | lr=1.46e-04 | wd=0.0000 | mom=0.9500 | T=15.2 k=4.0 (mu_rec=8 mu_bwd=4) | grad=4.812 | tok/s=22,492 | tokens=6.23B
step=190070 | loss=3.8554 | lr=1.47e-04 | wd=0.0000 | mom=0.9500 | T=7.0 k=3.5 (mu_rec=8 mu_bwd=4) | grad=4.094 | tok/s=22,674 | tokens=6.23B
step=190080 | loss=4.0787 | lr=1.47e-04 | wd=0.0000 | mom=0.9500 | T=6.8 k=3.2 (mu_rec=8 mu_bwd=4) | grad=5.812 | tok/s=23,068 | tokens=6.23B
step=190090 | loss=4.1419 | lr=1.47e-04 | wd=0.0000 | mom=0.9500 | T=5.0 k=3.8 (mu_rec=8 mu_bwd=4) | grad=5.094 | tok/s=23,549 | tokens=6.23B
step=190100 | loss=3.9631 | lr=1.47e-04 | wd=0.0000 | mom=0.9500 | T=10.0 k=4.0 (mu_rec=8 mu_bwd=4) | grad=3.578 | tok/s=24,099 | tokens=6.23B
step=190110 | loss=3.8606 | lr=1.48e-04 | wd=0.0000 | mom=0.9500 | T=5.8 k=3.5 (mu_rec=8 mu_bwd=4) | grad=3.406 | tok/s=23,622 | tokens=6.23B
step=190120 | loss=4.0497 | lr=1.48e-04 | wd=0.0000 | mom=0.9500 | T=7.5 k=3.5 (mu_rec=8 mu_bwd=4) | grad=5.656 | tok/s=24,297 | tokens=6.23B
step=190130 | loss=3.8553 | lr=1.48e-04 | wd=0.0000 | mom=0.9500 | T=5.2 k=3.5 (mu_rec=8 mu_bwd=4) | grad=4.031 | tok/s=25,086 | tokens=6.23B
step=190140 | loss=4.0278 | lr=1.49e-04 | wd=0.0000 | mom=0.9500 | T=8.5 k=4.0 (mu_rec=8 mu_bwd=4) | grad=5.688 | tok/s=24,180 | tokens=6.23B
step=190150 | loss=3.7998 | lr=1.49e-04 | wd=0.0000 | mom=0.9500 | T=8.2 k=4.0 (mu_rec=8 mu_bwd=4) | grad=8.375 | tok/s=24,467 | tokens=6.23B
step=190160 | loss=4.0464 | lr=1.49e-04 | wd=0.0000 | mom=0.9500 | T=7.5 k=3.8 (mu_rec=8 mu_bwd=4) | grad=6.094 | tok/s=24,269 | tokens=6.23B
step=190170 | loss=4.2147 | lr=1.49e-04 | wd=0.0000 | mom=0.9500 | T=6.5 k=3.0 (mu_rec=8 mu_bwd=4) | grad=7.031 | tok/s=25,936 | tokens=6.23B
step=190180 | loss=3.9851 | lr=1.50e-04 | wd=0.0000 | mom=0.9500 | T=10.2 k=4.0 (mu_rec=8 mu_bwd=4) | grad=5.281 | tok/s=23,705 | tokens=6.23B
step=190190 | loss=4.3508 | lr=1.50e-04 | wd=0.0000 | mom=0.9500 | T=8.5 k=4.0 (mu_rec=8 mu_bwd=4) | grad=5.844 | tok/s=23,881 | tokens=6.23B
step=190200 | loss=4.3266 | lr=1.50e-04 | wd=0.0000 | mom=0.9500 | T=5.0 k=3.2 (mu_rec=8 mu_bwd=4) | grad=4.969 | tok/s=25,059 | tokens=6.23B
step=190210 | loss=4.0324 | lr=1.50e-04 | wd=0.0000 | mom=0.9500 | T=15.5 k=4.0 (mu_rec=8 mu_bwd=4) | grad=4.531 | tok/s=21,919 | tokens=6.23B
step=190220 | loss=4.1177 | lr=1.51e-04 | wd=0.0000 | mom=0.9500 | T=9.2 k=3.5 (mu_rec=8 mu_bwd=4) | grad=4.500 | tok/s=24,384 | tokens=6.23B
step=190230 | loss=4.7583 | lr=1.51e-04 | wd=0.0000 | mom=0.9500 | T=11.0 k=4.0 (mu_rec=8 mu_bwd=4) | grad=4.844 | tok/s=24,033 | tokens=6.23B
step=190240 | loss=4.7578 | lr=1.51e-04 | wd=0.0000 | mom=0.9500 | T=10.2 k=3.8 (mu_rec=8 mu_bwd=4) | grad=4.531 | tok/s=24,543 | tokens=6.23B
step=190250 | loss=4.1233 | lr=1.52e-04 | wd=0.0000 | mom=0.9500 | T=11.5 k=4.0 (mu_rec=8 mu_bwd=4) | grad=4.625 | tok/s=22,414 | tokens=6.23B
step=190260 | loss=4.0724 | lr=1.52e-04 | wd=0.0000 | mom=0.9500 | T=7.2 k=4.0 (mu_rec=8 mu_bwd=4) | grad=16.875 | tok/s=25,610 | tokens=6.23B
step=190270 | loss=4.3612 | lr=1.52e-04 | wd=0.0000 | mom=0.9500 | T=3.5 k=3.0 (mu_rec=8 mu_bwd=4) | grad=7.531 | tok/s=23,940 | tokens=6.23B
step=190280 | loss=4.3874 | lr=1.52e-04 | wd=0.0000 | mom=0.9500 | T=5.2 k=3.5 (mu_rec=8 mu_bwd=4) | grad=4.812 | tok/s=23,430 | tokens=6.24B
step=190290 | loss=3.9861 | lr=1.53e-04 | wd=0.0000 | mom=0.9500 | T=10.0 k=4.0 (mu_rec=8 mu_bwd=4) | grad=4.719 | tok/s=23,877 | tokens=6.24B
step=190300 | loss=4.0929 | lr=1.53e-04 | wd=0.0000 | mom=0.9500 | T=7.2 k=3.5 (mu_rec=8 mu_bwd=4) | grad=3.969 | tok/s=24,648 | tokens=6.24B
step=190310 | loss=4.1775 | lr=1.53e-04 | wd=0.0000 | mom=0.9500 | T=5.8 k=3.5 (mu_rec=8 mu_bwd=4) | grad=4.406 | tok/s=25,919 | tokens=6.24B
step=190320 | loss=3.9132 | lr=1.54e-04 | wd=0.0000 | mom=0.9500 | T=12.2 k=4.0 (mu_rec=8 mu_bwd=4) | grad=3.969 | tok/s=23,733 | tokens=6.24B
step=190330 | loss=3.6661 | lr=1.54e-04 | wd=0.0000 | mom=0.9500 | T=8.2 k=4.0 (mu_rec=8 mu_bwd=4) | grad=8.000 | tok/s=10,255 | tokens=6.24B
step=190340 | loss=4.0980 | lr=1.54e-04 | wd=0.0000 | mom=0.9500 | T=12.5 k=3.0 (mu_rec=8 mu_bwd=4) | grad=6.156 | tok/s=25,859 | tokens=6.24B
step=190350 | loss=4.1255 | lr=1.54e-04 | wd=0.0000 | mom=0.9500 | T=4.2 k=3.2 (mu_rec=8 mu_bwd=4) | grad=18.500 | tok/s=25,260 | tokens=6.24B
step=190360 | loss=3.7774 | lr=1.55e-04 | wd=0.0000 | mom=0.9500 | T=12.0 k=4.0 (mu_rec=8 mu_bwd=4) | grad=4.438 | tok/s=25,496 | tokens=6.24B
step=190370 | loss=4.1741 | lr=1.55e-04 | wd=0.0000 | mom=0.9500 | T=5.8 k=4.0 (mu_rec=8 mu_bwd=4) | grad=4.250 | tok/s=23,388 | tokens=6.24B
step=190380 | loss=4.2052 | lr=1.55e-04 | wd=0.0000 | mom=0.9500 | T=8.8 k=3.2 (mu_rec=8 mu_bwd=4) | grad=4.312 | tok/s=26,145 | tokens=6.24B
step=190390 | loss=4.0866 | lr=1.55e-04 | wd=0.0000 | mom=0.9500 | T=5.8 k=4.0 (mu_rec=8 mu_bwd=4) | grad=8.188 | tok/s=23,953 | tokens=6.24B
step=190400 | loss=4.1462 | lr=1.56e-04 | wd=0.0000 | mom=0.9500 | T=9.5 k=4.0 (mu_rec=8 mu_bwd=4) | grad=5.750 | tok/s=22,670 | tokens=6.24B
step=190410 | loss=4.1581 | lr=1.56e-04 | wd=0.0000 | mom=0.9500 | T=8.8 k=3.5 (mu_rec=8 mu_bwd=4) | grad=4.000 | tok/s=24,771 | tokens=6.24B
step=190420 | loss=4.0716 | lr=1.56e-04 | wd=0.0000 | mom=0.9500 | T=15.0 k=4.0 (mu_rec=8 mu_bwd=4) | grad=4.656 | tok/s=24,027 | tokens=6.24B
step=190430 | loss=4.0161 | lr=1.57e-04 | wd=0.0000 | mom=0.9500 | T=7.2 k=4.0 (mu_rec=8 mu_bwd=4) | grad=3.984 | tok/s=24,295 | tokens=6.24B
step=190440 | loss=4.2144 | lr=1.57e-04 | wd=0.0000 | mom=0.9500 | T=5.5 k=3.5 (mu_rec=8 mu_bwd=4) | grad=5.125 | tok/s=22,539 | tokens=6.24B
step=190450 | loss=4.2845 | lr=1.57e-04 | wd=0.0000 | mom=0.9500 | T=7.5 k=3.8 (mu_rec=8 mu_bwd=4) | grad=4.094 | tok/s=22,250 | tokens=6.24B
step=190460 | loss=4.0288 | lr=1.57e-04 | wd=0.0000 | mom=0.9500 | T=6.5 k=3.2 (mu_rec=8 mu_bwd=4) | grad=6.156 | tok/s=24,484 | tokens=6.24B
step=190470 | loss=3.7820 | lr=1.58e-04 | wd=0.0000 | mom=0.9500 | T=6.5 k=3.5 (mu_rec=8 mu_bwd=4) | grad=4.156 | tok/s=22,793 | tokens=6.24B
step=190480 | loss=4.3291 | lr=1.58e-04 | wd=0.0000 | mom=0.9500 | T=8.0 k=4.0 (mu_rec=8 mu_bwd=4) | grad=4.594 | tok/s=23,615 | tokens=6.24B
step=190490 | loss=3.8869 | lr=1.58e-04 | wd=0.0000 | mom=0.9500 | T=9.2 k=4.0 (mu_rec=8 mu_bwd=4) | grad=5.969 | tok/s=25,747 | tokens=6.24B
step=190500 | loss=4.2538 | lr=1.59e-04 | wd=0.0000 | mom=0.9500 | T=11.8 k=4.0 (mu_rec=8 mu_bwd=4) | grad=5.469 | tok/s=22,675 | tokens=6.24B
step=190510 | loss=4.0503 | lr=1.59e-04 | wd=0.0000 | mom=0.9500 | T=10.8 k=4.0 (mu_rec=8 mu_bwd=4) | grad=4.188 | tok/s=23,971 | tokens=6.24B
step=190520 | loss=4.2433 | lr=1.59e-04 | wd=0.0000 | mom=0.9500 | T=5.2 k=3.5 (mu_rec=8 mu_bwd=4) | grad=3.594 | tok/s=23,132 | tokens=6.24B
step=190530 | loss=3.8687 | lr=1.59e-04 | wd=0.0000 | mom=0.9500 | T=6.5 k=3.5 (mu_rec=8 mu_bwd=4) | grad=7.594 | tok/s=26,543 | tokens=6.24B
step=190540 | loss=4.2184 | lr=1.60e-04 | wd=0.0000 | mom=0.9500 | T=6.8 k=3.8 (mu_rec=8 mu_bwd=4) | grad=6.406 | tok/s=23,614 | tokens=6.24B
step=190550 | loss=4.0796 | lr=1.60e-04 | wd=0.0000 | mom=0.9500 | T=9.0 k=4.0 (mu_rec=8 mu_bwd=4) | grad=4.625 | tok/s=23,430 | tokens=6.24B
step=190560 | loss=4.0030 | lr=1.60e-04 | wd=0.0000 | mom=0.9500 | T=5.8 k=3.8 (mu_rec=8 mu_bwd=4) | grad=9.188 | tok/s=22,538 | tokens=6.24B
step=190570 | loss=4.6805 | lr=1.60e-04 | wd=0.0000 | mom=0.9500 | T=7.5 k=4.0 (mu_rec=8 mu_bwd=4) | grad=9.062 | tok/s=24,608 | tokens=6.24B
step=190580 | loss=4.6907 | lr=1.61e-04 | wd=0.0000 | mom=0.9500 | T=9.8 k=4.0 (mu_rec=8 mu_bwd=4) | grad=8.125 | tok/s=23,849 | tokens=6.24B
step=190590 | loss=4.0977 | lr=1.61e-04 | wd=0.0000 | mom=0.9500 | T=6.2 k=2.8 (mu_rec=8 mu_bwd=4) | grad=4.688 | tok/s=24,239 | tokens=6.25B
step=190600 | loss=4.0861 | lr=1.61e-04 | wd=0.0000 | mom=0.9500 | T=9.0 k=3.0 (mu_rec=8 mu_bwd=4) | grad=9.375 | tok/s=22,824 | tokens=6.25B
step=190610 | loss=4.2940 | lr=1.62e-04 | wd=0.0000 | mom=0.9500 | T=5.8 k=3.8 (mu_rec=8 mu_bwd=4) | grad=15.312 | tok/s=24,139 | tokens=6.25B
step=190620 | loss=5.1149 | lr=1.62e-04 | wd=0.0000 | mom=0.9500 | T=9.2 k=4.0 (mu_rec=8 mu_bwd=4) | grad=6.250 | tok/s=23,639 | tokens=6.25B
step=190630 | loss=4.0023 | lr=1.62e-04 | wd=0.0000 | mom=0.9500 | T=12.0 k=3.2 (mu_rec=8 mu_bwd=4) | grad=4.562 | tok/s=23,428 | tokens=6.25B
step=190640 | loss=4.0164 | lr=1.62e-04 | wd=0.0000 | mom=0.9500 | T=2.8 k=2.8 (mu_rec=8 mu_bwd=4) | grad=4.469 | tok/s=24,267 | tokens=6.25B
step=190650 | loss=4.0818 | lr=1.63e-04 | wd=0.0000 | mom=0.9500 | T=11.0 k=4.0 (mu_rec=8 mu_bwd=4) | grad=6.906 | tok/s=22,907 | tokens=6.25B
step=190660 | loss=3.9935 | lr=1.63e-04 | wd=0.0000 | mom=0.9500 | T=7.2 k=3.8 (mu_rec=8 mu_bwd=4) | grad=4.250 | tok/s=23,558 | tokens=6.25B
step=190670 | loss=4.0058 | lr=1.63e-04 | wd=0.0000 | mom=0.9500 | T=6.8 k=3.2 (mu_rec=8 mu_bwd=4) | grad=5.188 | tok/s=22,783 | tokens=6.25B
step=190680 | loss=3.7866 | lr=1.64e-04 | wd=0.0000 | mom=0.9500 | T=11.5 k=4.0 (mu_rec=8 mu_bwd=4) | grad=4.438 | tok/s=23,599 | tokens=6.25B
step=190690 | loss=3.8661 | lr=1.64e-04 | wd=0.0000 | mom=0.9500 | T=3.8 k=2.8 (mu_rec=8 mu_bwd=4) | grad=4.781 | tok/s=25,493 | tokens=6.25B
step=190700 | loss=3.9609 | lr=1.64e-04 | wd=0.0000 | mom=0.9500 | T=9.0 k=4.0 (mu_rec=8 mu_bwd=4) | grad=8.000 | tok/s=24,060 | tokens=6.25B
step=190710 | loss=3.9953 | lr=1.64e-04 | wd=0.0000 | mom=0.9500 | T=4.5 k=3.2 (mu_rec=8 mu_bwd=4) | grad=4.188 | tok/s=25,255 | tokens=6.25B
step=190720 | loss=4.1515 | lr=1.65e-04 | wd=0.0000 | mom=0.9500 | T=10.8 k=3.5 (mu_rec=8 mu_bwd=4) | grad=4.625 | tok/s=23,900 | tokens=6.25B
step=190730 | loss=3.8938 | lr=1.65e-04 | wd=0.0000 | mom=0.9500 | T=8.2 k=3.5 (mu_rec=8 mu_bwd=4) | grad=6.938 | tok/s=25,936 | tokens=6.25B
[step 190730] Saved -> runs/cortex-5b-k4/checkpoint_0190730
[step 190730] Pruned -> runs/cortex-5b-k4/checkpoint_0186000
Training complete. 6.25B tokens, 190730 steps.
---------------------------------------
Begin Slurm Epilog: Jun-26-2026 03:31:41
Job ID:        10414740
User ID:       hjiang420
Account:       gts-aivanova7-lab
Job name:      job5b2_resume.sh
Resources:     cpu=8,gres/gpu:a100=1,mem=64G,node=1
Rsrc Used:     cput=5-00:33:20,vmem=0,walltime=15:04:10,mem=7439652K,energy_used=0
Partition:     gpu-a100
QOS:           inferno
Nodes:         atl1-1-01-006-11-0
---------------------------------------
